XS,PKDWDM,JXBMC,WID,TXKCLB_DISPLAY,XXXQDM,XGXKLBDM_DISPLAY,XKZRS,SKZC,PKZTDM,SKJS,YPSJDD,XF,PKDWDM_DISPLAY,SFXGXK_DISPLAY,KCFL1_DISPLAY,SKXQ,XNXQDM,TKJG,JXBID,SKBJ,SFTK,XXXQDM_DISPLAY,XNXQDM_DISPLAY,KXH,SKJAS,SYXS,SFTK_DISPLAY,XGXKLBDM,KCFL1,KTJSXS,TXKCLB,KCSJXS,SFXGXK,KCM,JXLDM,SKJC,JXLDM_DISPLAY,KCH
32.0,400230,自然辩证法(20122-000001-1),2012200000152612,,3,,108,1-17周,0,,1-17周 周二 第9节-第10节 逸B-207,2.0,医学院,否,,周二,2012-2013-2,,2012200000152612,"2010医学院临床医学,2010医学院口腔医学",0,仙林校区,2012-2013学年 第2学期,52612,逸B-207,,否,,,,,,0,自然辩证法,16,第9节-第10节,逸夫楼B区,000001
48.0,400080,马克思主义基本原理概论(20122-000010-1),2012200001051022,,3,,135,"1-17周,1-17周",0,周建国,"1-17周 周四 第5节-第6节 图书馆125,1-17周 自由时间 - ",3.0,政府管理学院,否,,"周四,自由时间",2012-2013-2,,2012200001051022,2012天文与空间科学学院天文学,0,仙林校区,2012-2013学年 第2学期,51022,"图书馆125,无",,否,,,,,,0,马克思主义基本原理概论,18,"第5节-第6节,自由时间",图书馆,000010
48.0,400080,马克思主义基本原理概论(20122-000010-2),2012200001051023,,3,,123,"1-17周,1-17周",0,周建国,"1-17周 周四 第7节-第8节 图书馆125,1-17周 自由时间 - ",3.0,政府管理学院,否,,"周四,自由时间",2012-2013-2,,2012200001051023,,0,仙林校区,2012-2013学年 第2学期,51023,"图书馆125,无",,否,,,,,,0,马克思主义基本原理概论,18,"第7节-第8节,自由时间",图书馆,000010
48.0,400080,马克思主义基本原理概论(20122-000010-3),2012200001051024,,3,,90,"1-17周,1-17周",0,周春梅,"1-17周 周二 第7节-第8节 仙Ⅰ-102,1-17周 自由时间 - ",3.0,政府管理学院,否,,"周二,自由时间",2012-2013-2,,2012200001051024,"2011外国语学院英语,2011外国语学院法语",0,仙林校区,2012-2013学年 第2学期,51024,"仙Ⅰ-102,无",,否,,,,,,0,马克思主义基本原理概论,11,"第7节-第8节,自由时间",仙I区,000010
48.0,400080,马克思主义基本原理概论(20122-000010-4),2012200001051025,,3,,105,"1-17周,1-17周",0,周春梅,"1-17周 周二 第5节-第6节 仙Ⅰ-213,1-17周 自由时间 - ",3.0,政府管理学院,否,,"周二,自由时间",2012-2013-2,,2012200001051025,"2011外国语学院俄语,2011外国语学院朝鲜语,2011外国语学院西班牙语,2011外国语学院德语,2011外国语学院日语",0,仙林校区,2012-2013学年 第2学期,51025,"仙Ⅰ-213,无",,否,,,,,,0,马克思主义基本原理概论,11,"第5节-第6节,自由时间",仙I区,000010
48.0,400080,马克思主义基本原理概论(20122-000010-5),2012200001051026,,3,,80,"1-17周,1-17周",0,周春梅,"1-17周 周二 第9节-第10节 仙Ⅰ-102,1-17周 自由时间 - ",3.0,政府管理学院,否,,"周二,自由时间",2012-2013-2,,2012200001051026,"2011社会学院社会学,2011社会学院应用心理学,2011社会学院社会工作",0,仙林校区,2012-2013学年 第2学期,51026,"仙Ⅰ-102,无",,否,,,,,,0,马克思主义基本原理概论,11,"第9节-第10节,自由时间",仙I区,000010
48.0,400080,马克思主义基本原理概论(20122-000010-6),2012200001051027,,3,,74,"1-17周,1-17周",0,王培暄,"1-17周 周四 第3节-第4节 仙Ⅱ-212,1-17周 自由时间 - ",3.0,政府管理学院,否,,"周四,自由时间",2012-2013-2,,2012200001051027,"2012建筑与城市规划学院建筑学,2012建筑与城市规划学院城市规划",0,仙林校区,2012-2013学年 第2学期,51027,"仙Ⅱ-212,无",,否,,,,,,0,马克思主义基本原理概论,12,"第3节-第4节,自由时间",仙II区,000010
48.0,400080,马克思主义基本原理概论(20122-000010-7),2012200001051028,,3,,110,"1-17周,1-17周",0,王培暄,"1-17周 周四 第5节-第6节 仙Ⅱ-306,1-17周 自由时间 - ",3.0,政府管理学院,否,,"周四,自由时间",2012-2013-2,,2012200001051028,"2011商学院会计学,2011商学院电子商务,2011商学院财务管理",0,仙林校区,2012-2013学年 第2学期,51028,"仙Ⅱ-306,无",,否,,,,,,0,马克思主义基本原理概论,12,"第5节-第6节,自由时间",仙II区,000010
48.0,400080,马克思主义基本原理概论(20122-000010-8),2012200001051029,,3,,106,"1-17周,1-17周",0,王培暄,"1-17周 周四 第7节-第8节 仙Ⅱ-306,1-17周 自由时间 - ",3.0,政府管理学院,否,,"周四,自由时间",2012-2013-2,,2012200001051029,"2011商学院工商管理,2011商学院工商管理（人力资源管理方向）,2011商学院市场营销",0,仙林校区,2012-2013学年 第2学期,51029,"仙Ⅱ-306,无",,否,,,,,,0,马克思主义基本原理概论,12,"第7节-第8节,自由时间",仙II区,000010
48.0,400080,马克思主义基本原理概论(20122-000010-9),2012200001051030,,3,,99,"1-17周,1-17周",0,曹永红,"1-17周 周四 第3节-第4节 逸B-507,1-17周 自由时间 - ",3.0,政府管理学院,否,,"周四,自由时间",2012-2013-2,,2012200001051030,"2011历史学院历史学,2011海外教育学院海外教育类,2011历史学院考古学（文物鉴定方向）,2011历史学院考古学",0,仙林校区,2012-2013学年 第2学期,51030,"逸B-507,无",,否,,,,,,0,马克思主义基本原理概论,16,"第3节-第4节,自由时间",逸夫楼B区,000010
48.0,400080,马克思主义基本原理概论(20122-000010-10),2012200001051031,,3,,123,"1-17周,1-17周",0,陈建,"1-17周 周五 第3节-第4节 仙Ⅰ-107,1-17周 自由时间 - ",3.0,政府管理学院,否,,"周五,自由时间",2012-2013-2,,2012200001051031,2011法学院法学类,0,仙林校区,2012-2013学年 第2学期,51031,"仙Ⅰ-107,无",,否,,,,,,0,马克思主义基本原理概论,11,"第3节-第4节,自由时间",仙I区,000010
48.0,400080,马克思主义基本原理概论(20122-000010-11),2012200001051032,,3,,125,"1-17周,1-17周",0,曹永红,"1-17周 周四 第1节-第2节 图书馆125,1-17周 自由时间 - ",3.0,政府管理学院,否,,"周四,自由时间",2012-2013-2,,2012200001051032,2012政府管理学院公共管理类,0,仙林校区,2012-2013学年 第2学期,51032,"图书馆125,无",,否,,,,,,0,马克思主义基本原理概论,18,"第1节-第2节,自由时间",图书馆,000010
48.0,400080,马克思主义基本原理概论(20122-000010-12),2012200001051033,,3,,29,"1-17周,1-17周",0,孙亚忠,"1-17周 周三 第3节-第4节 逸B-307,1-17周 自由时间 - ",3.0,政府管理学院,否,,"周三,自由时间",2012-2013-2,,2012200001051033,2011哲学学院哲学,0,仙林校区,2012-2013学年 第2学期,51033,"逸B-307,无",,否,,,,,,0,马克思主义基本原理概论,16,"第3节-第4节,自由时间",逸夫楼B区,000010
48.0,400080,马克思主义基本原理概论(20122-000010-13),2012200001051034,,3,,115,"1-17周,1-17周",0,王锁明,"1-17周 周二 第1节-第2节 逸B-313,1-17周 自由时间 - ",3.0,政府管理学院,否,,"周二,自由时间",2012-2013-2,,2012200001051034,"2011商学院金融学,2011商学院金融工程,2011商学院保险学",0,仙林校区,2012-2013学年 第2学期,51034,"逸B-313,无",,否,,,,,,0,马克思主义基本原理概论,16,"第1节-第2节,自由时间",逸夫楼B区,000010
48.0,400080,马克思主义基本原理概论(20122-000010-14),2012200001051035,,3,,152,"1-17周,1-17周",0,王锁明,"1-17周 周二 第3节-第4节 图书馆125,1-17周 自由时间 - ",3.0,政府管理学院,否,,"周二,自由时间",2012-2013-2,,2012200001051035,"2011商学院经济学,2011商学院经济学（产业经济方向）,2011商学院国际经济与贸易",0,仙林校区,2012-2013学年 第2学期,51035,"图书馆125,无",,否,,,,,,0,马克思主义基本原理概论,18,"第3节-第4节,自由时间",图书馆,000010
48.0,400080,马克思主义基本原理概论(20122-000010-15),2012200001051036,,3,,94,"1-17周,1-17周",0,王锁明,"1-17周 周二 第5节-第6节 逸B-507,1-17周 自由时间 - ",3.0,政府管理学院,否,,"周二,自由时间",2012-2013-2,,2012200001051036,2012信息管理学院文科类,0,仙林校区,2012-2013学年 第2学期,51036,"逸B-507,无",,否,,,,,,0,马克思主义基本原理概论,16,"第5节-第6节,自由时间",逸夫楼B区,000010
48.0,400080,马克思主义基本原理概论(20122-000010-16),2012200001051893,,3,,113,"1-17周,1-17周",0,陈建,"1-17周 周三 第9节-第10节 仙Ⅱ-404,1-17周 自由时间 - ",3.0,政府管理学院,否,,"周三,自由时间",2012-2013-2,,2012200001051893,"2011新闻传播学院新闻学,2011新闻传播学院广播电视新闻学,2011新闻传播学院广告学",0,仙林校区,2012-2013学年 第2学期,51893,"仙Ⅱ-404,无",,否,,,,,,0,马克思主义基本原理概论,12,"第9节-第10节,自由时间",仙II区,000010
48.0,400080,马克思主义基本原理概论(20122-000010-17),2012200001051899,,3,,145,"1-17周,1-17周",0,陈建,"1-17周 周五 第5节-第6节 图书馆125,1-17周 自由时间 - ",3.0,政府管理学院,否,,"周五,自由时间",2012-2013-2,,2012200001051899,"2011文学院戏剧影视文学,2011文学院汉语言文学（拔尖计划）",0,仙林校区,2012-2013学年 第2学期,51899,"图书馆125,无",,否,,,,,,0,马克思主义基本原理概论,18,"第5节-第6节,自由时间",图书馆,000010
48.0,400040,思想道德修养与法律基础(20122-000020-1),2012200002051246,,3,,17,1-17周,0,周围,1-17周 周三 第1节-第2节 仙Ⅰ-317,3.0,新闻传播学院,否,,周三,2012-2013-2,,2012200002051246,2012新闻传播学院新闻学（运动员班）,0,仙林校区,2012-2013学年 第2学期,51246,仙Ⅰ-317,,否,,,,,,0,思想道德修养与法律基础,11,第1节-第2节,仙I区,000020
48.0,400080,思想道德修养与法律基础(20122-000020-2),2012200002051833,,3,,116,"1-17周,1-17周",0,暴庆刚,"1-17周 周四 第5节-第6节 逸B-313,1-17周 自由时间 - ",3.0,政府管理学院,否,,"周四,自由时间",2012-2013-2,,2012200002051833,2012商学院工商管理类,0,仙林校区,2012-2013学年 第2学期,51833,"逸B-313,无",,否,,,,,,0,思想道德修养与法律基础,16,"第5节-第6节,自由时间",逸夫楼B区,000020
48.0,400080,思想道德修养与法律基础(20122-000020-3),2012200002051834,,3,,114,"1-17周,1-17周",0,暴庆刚,"1-17周 周四 第7节-第8节 逸B-313,1-17周 自由时间 - ",3.0,政府管理学院,否,,"周四,自由时间",2012-2013-2,,2012200002051834,2012商学院工商管理类,0,仙林校区,2012-2013学年 第2学期,51834,"逸B-313,无",,否,,,,,,0,思想道德修养与法律基础,16,"第7节-第8节,自由时间",逸夫楼B区,000020
48.0,400080,思想道德修养与法律基础(20122-000020-4),2012200002051855,,3,,128,"1-17周,1-17周",0,吴翠丽,"1-17周 周四 第5节-第6节 仙Ⅱ-405,1-17周 自由时间 - ",3.0,政府管理学院,否,,"周四,自由时间",2012-2013-2,,2012200002051855,2012商学院经济学类,0,仙林校区,2012-2013学年 第2学期,51855,"仙Ⅱ-405,无",,否,,,,,,0,思想道德修养与法律基础,12,"第5节-第6节,自由时间",仙II区,000020
48.0,400080,思想道德修养与法律基础(20122-000020-5),2012200002051856,,3,,129,"1-17周,1-17周",0,吴翠丽,"1-17周 周四 第7节-第8节 仙Ⅱ-405,1-17周 自由时间 - ",3.0,政府管理学院,否,,"周四,自由时间",2012-2013-2,,2012200002051856,2012商学院经济学类,0,仙林校区,2012-2013学年 第2学期,51856,"仙Ⅱ-405,无",,否,,,,,,0,思想道德修养与法律基础,12,"第7节-第8节,自由时间",仙II区,000020
48.0,400080,思想道德修养与法律基础(20122-000020-6),2012200002051857,,3,,95,"1-17周,1-17周",0,张伟,"1-17周 周四 第1节-第2节 仙Ⅰ-115,1-17周 自由时间 - ",3.0,政府管理学院,否,,"周四,自由时间",2012-2013-2,,2012200002051857,2012匡亚明学院应用文科强化班,0,仙林校区,2012-2013学年 第2学期,51857,"仙Ⅰ-115,无",,否,,,,,,0,思想道德修养与法律基础,11,"第1节-第2节,自由时间",仙I区,000020
48.0,400080,思想道德修养与法律基础(20122-000020-7),2012200002051868,,3,,96,"1-17周,1-17周",0,张伟,"1-17周 周四 第3节-第4节 仙Ⅱ-213,1-17周 自由时间 - ",3.0,政府管理学院,否,,"周四,自由时间",2012-2013-2,,2012200002051868,,0,仙林校区,2012-2013学年 第2学期,51868,"仙Ⅱ-213,无",,否,,,,,,0,思想道德修养与法律基础,12,"第3节-第4节,自由时间",仙II区,000020
48.0,400080,思想道德修养与法律基础(20122-000020-8),2012200002051870,,3,,86,"1-17周,1-17周",0,张伟,"1-17周 周五 第5节-第6节 仙Ⅰ-202,1-17周 自由时间 - ",3.0,政府管理学院,否,,"周五,自由时间",2012-2013-2,,2012200002051870,"2012历史学院历史学类,2012哲学学院哲学",0,仙林校区,2012-2013学年 第2学期,51870,"仙Ⅰ-202,无",,否,,,,,,0,思想道德修养与法律基础,11,"第5节-第6节,自由时间",仙I区,000020
48.0,400080,思想道德修养与法律基础(20122-000020-9),2012200002051873,,3,,100,"1-17周,1-17周",0,郭云峰,"1-17周 周一 第7节-第8节 仙Ⅱ-304,1-17周 自由时间 - ",3.0,政府管理学院,否,,"周一,自由时间",2012-2013-2,,2012200002051873,2012法学院法学类,0,仙林校区,2012-2013学年 第2学期,51873,"仙Ⅱ-304,无",,否,,,,,,0,思想道德修养与法律基础,12,"第7节-第8节,自由时间",仙II区,000020
48.0,400080,思想道德修养与法律基础(20122-000020-10),2012200002051874,,3,,83,"1-17周,1-17周",0,郭云峰,"1-17周 周一 第9节-第10节 仙Ⅰ-101,1-17周 自由时间 - ",3.0,政府管理学院,否,,"周一,自由时间",2012-2013-2,,2012200002051874,"2012外国语学院英语,2012外国语学院法语",0,仙林校区,2012-2013学年 第2学期,51874,"仙Ⅰ-101,无",,否,,,,,,0,思想道德修养与法律基础,11,"第9节-第10节,自由时间",仙I区,000020
48.0,400080,思想道德修养与法律基础(20122-000020-11),2012200002051878,,3,,62,"1-17周,1-17周",0,郭云峰,"1-17周 周一 第5节-第6节 仙Ⅱ-215,1-17周 自由时间 - ",3.0,政府管理学院,否,,"周一,自由时间",2012-2013-2,,2012200002051878,2012政府管理学院公共管理类,0,仙林校区,2012-2013学年 第2学期,51878,"仙Ⅱ-215,无",,否,,,,,,0,思想道德修养与法律基础,12,"第5节-第6节,自由时间",仙II区,000020
48.0,400080,思想道德修养与法律基础(20122-000020-12),2012200002051879,,3,,60,"1-17周,1-17周",0,戴雪红,"1-17周 周一 第5节-第6节 仙Ⅱ-311,1-17周 自由时间 - ",3.0,政府管理学院,否,,"周一,自由时间",2012-2013-2,,2012200002051879,2012政府管理学院公共管理类,0,仙林校区,2012-2013学年 第2学期,51879,"仙Ⅱ-311,无",,否,,,,,,0,思想道德修养与法律基础,12,"第5节-第6节,自由时间",仙II区,000020
48.0,400080,思想道德修养与法律基础(20122-000020-13),2012200002051880,,3,,88,"1-17周,1-17周",0,戴雪红,"1-17周 周一 第3节-第4节 仙Ⅰ-115,1-17周 自由时间 - ",3.0,政府管理学院,否,,"周一,自由时间",2012-2013-2,,2012200002051880,"2012外国语学院俄语,2012外国语学院朝鲜语,2012外国语学院西班牙语,2012外国语学院德语,2012外国语学院日语",0,仙林校区,2012-2013学年 第2学期,51880,"仙Ⅰ-115,无",,否,,,,,,0,思想道德修养与法律基础,11,"第3节-第4节,自由时间",仙I区,000020
48.0,400080,思想道德修养与法律基础(20122-000020-14),2012200002051881,,3,,123,"1-17周,1-17周",0,戴雪红,"1-17周 周一 第1节-第2节 逸B-205,1-17周 自由时间 - ",3.0,政府管理学院,否,,"周一,自由时间",2012-2013-2,,2012200002051881,,0,仙林校区,2012-2013学年 第2学期,51881,"逸B-205,无",,否,,,,,,0,思想道德修养与法律基础,16,"第1节-第2节,自由时间",逸夫楼B区,000020
48.0,400080,思想道德修养与法律基础(20122-000020-15),2012200002052018,,3,,30,"1-17周,1-17周",0,吴翠丽,"1-17周 周四 第9节-第10节 仙Ⅱ-216,1-17周 自由时间 - ",3.0,政府管理学院,否,,"周四,自由时间",2012-2013-2,,2012200002052018,2012海外教育学院海外教育类,0,仙林校区,2012-2013学年 第2学期,52018,"仙Ⅱ-216,无",,否,,,,,,0,思想道德修养与法律基础,12,"第9节-第10节,自由时间",仙II区,000020
48.0,400080,思想道德修养与法律基础(20122-000020-16),2012200002052800,,3,,30,"1-17周,1-17周",0,暴庆刚,"1-17周 周四 第3节-第4节 逸B-310,1-17周 自由时间 - ",3.0,政府管理学院,否,,"周四,自由时间",2012-2013-2,,2012200002052800,2012文学院戏剧影视文学,0,仙林校区,2012-2013学年 第2学期,52800,"逸B-310,无",,否,,,,,,0,思想道德修养与法律基础,16,"第3节-第4节,自由时间",逸夫楼B区,000020
48.0,400080,毛泽东思想和中国特色社会主义理论体系概论（理论部分）(20122-000030A-1),20122000030A51900,,3,,94,1-17周,0,周芳玉,1-17周 周三 第5节-第7节 仙Ⅰ-321,3.0,政府管理学院,否,,周三,2012-2013-2,,20122000030A51900,"2010环境学院环境工程,2010环境学院环境科学",0,仙林校区,2012-2013学年 第2学期,51900,仙Ⅰ-321,,否,,,,,,0,毛泽东思想和中国特色社会主义理论体系概论（理论部分）,11,第5节-第7节,仙I区,000030A
48.0,400080,毛泽东思想和中国特色社会主义理论体系概论（理论部分）(20122-000030A-2),20122000030A51901,,3,,91,1-17周,0,周芳玉,1-17周 周四 第5节-第7节 仙Ⅰ-101,3.0,政府管理学院,否,,周四,2012-2013-2,,20122000030A51901,2010计算机学院计算机科学类,0,仙林校区,2012-2013学年 第2学期,51901,仙Ⅰ-101,,否,,,,,,0,毛泽东思想和中国特色社会主义理论体系概论（理论部分）,11,第5节-第7节,仙I区,000030A
48.0,400080,毛泽东思想和中国特色社会主义理论体系概论（理论部分）(20122-000030A-3),20122000030A51902,,3,,112,1-17周,0,周芳玉,1-17周 周三 第9节-第11节 图书馆125,3.0,政府管理学院,否,,周三,2012-2013-2,,20122000030A51902,2010物理学院物理学类,0,仙林校区,2012-2013学年 第2学期,51902,图书馆125,,否,,,,,,0,毛泽东思想和中国特色社会主义理论体系概论（理论部分）,18,第9节-第11节,图书馆,000030A
48.0,400080,毛泽东思想和中国特色社会主义理论体系概论（理论部分）(20122-000030A-4),20122000030A51905,,3,,127,1-17周,0,孔令文,1-17周 周四 第5节-第7节 逸A-117,3.0,政府管理学院,否,,周四,2012-2013-2,,20122000030A51905,"2010地球科学与工程学院地质学,2010天文与空间科学学院天文学,2010地球科学与工程学院地质学（地球物理学方向）,2010地球科学与工程学院地下水科学与工程,2010地球科学与工程学院水文与水资源工程,2010地球科学与工程学院地质工程,2010地球科学与工程学院地球化学",0,仙林校区,2012-2013学年 第2学期,51905,逸A-117,,否,,,,,,0,毛泽东思想和中国特色社会主义理论体系概论（理论部分）,15,第5节-第7节,逸夫楼A区,000030A
48.0,400080,毛泽东思想和中国特色社会主义理论体系概论（理论部分）(20122-000030A-5),20122000030A51906,,3,,187,1-17周,0,孔令文,1-17周 周三 第5节-第7节 图书馆127,3.0,政府管理学院,否,,周三,2012-2013-2,,20122000030A51906,"2010化学学院化学,2010化学学院应用化学",0,仙林校区,2012-2013学年 第2学期,51906,图书馆127,,否,,,,,,0,毛泽东思想和中国特色社会主义理论体系概论（理论部分）,18,第5节-第7节,图书馆,000030A
48.0,400080,毛泽东思想和中国特色社会主义理论体系概论（理论部分）(20122-000030A-6),20122000030A51907,,3,,81,1-17周,0,甘季国,1-17周 周四 第5节-第7节 仙Ⅰ-102,3.0,政府管理学院,否,,周四,2012-2013-2,,20122000030A51907,2010计算机学院计算机科学类,0,仙林校区,2012-2013学年 第2学期,51907,仙Ⅰ-102,,否,,,,,,0,毛泽东思想和中国特色社会主义理论体系概论（理论部分）,11,第5节-第7节,仙I区,000030A
48.0,400080,毛泽东思想和中国特色社会主义理论体系概论（理论部分）(20122-000030A-7),20122000030A51908,,3,,128,1-17周,0,甘季国,1-17周 周三 第9节-第11节 图书馆126,3.0,政府管理学院,否,,周三,2012-2013-2,,20122000030A51908,2010物理学院物理学类,0,仙林校区,2012-2013学年 第2学期,51908,图书馆126,,否,,,,,,0,毛泽东思想和中国特色社会主义理论体系概论（理论部分）,18,第9节-第11节,图书馆,000030A
48.0,400080,毛泽东思想和中国特色社会主义理论体系概论（理论部分）(20122-000030A-8),20122000030A51909,,3,,110,1-17周,0,丁蕖,1-17周 周二 第5节-第7节 图书馆125,3.0,政府管理学院,否,,周二,2012-2013-2,,20122000030A51909,"2010医学院临床医学,2010医学院口腔医学",0,仙林校区,2012-2013学年 第2学期,51909,无,,否,,,,,,0,毛泽东思想和中国特色社会主义理论体系概论（理论部分）,,第5节-第7节,,000030A
48.0,400080,毛泽东思想和中国特色社会主义理论体系概论（理论部分）(20122-000030A-9),20122000030A51910,,3,,91,1-17周,0,丁蕖,1-17周 周四 第5节-第7节 逸B-507,3.0,政府管理学院,否,,周四,2012-2013-2,,20122000030A51910,"2010大气科学学院大气科学,2010大气科学学院应用气象学",0,仙林校区,2012-2013学年 第2学期,51910,逸B-507,,否,,,,,,0,毛泽东思想和中国特色社会主义理论体系概论（理论部分）,16,第5节-第7节,逸夫楼B区,000030A
48.0,400080,毛泽东思想和中国特色社会主义理论体系概论（理论部分）(20122-000030A-10),20122000030A51911,,3,,124,1-17周,0,李洪波,1-17周 周三 第5节-第7节 仙Ⅱ-305,3.0,政府管理学院,否,,周三,2012-2013-2,,20122000030A51911,2011软件学院软件学类,0,仙林校区,2012-2013学年 第2学期,51911,仙Ⅱ-305,,否,,,,,,0,毛泽东思想和中国特色社会主义理论体系概论（理论部分）,12,第5节-第7节,仙II区,000030A
48.0,400080,毛泽东思想和中国特色社会主义理论体系概论（理论部分）(20122-000030A-11),20122000030A51912,,3,,133,1-17周,0,李洪波,1-17周 周一 第1节-第3节 仙Ⅱ-305,3.0,政府管理学院,否,,周一,2012-2013-2,,20122000030A51912,2011软件学院软件学类,0,仙林校区,2012-2013学年 第2学期,51912,仙Ⅱ-305,,否,,,,,,0,毛泽东思想和中国特色社会主义理论体系概论（理论部分）,12,第1节-第3节,仙II区,000030A
48.0,400080,毛泽东思想和中国特色社会主义理论体系概论（理论部分）(20122-000030A-12),20122000030A51913,,3,,88,1-17周,0,李洪波,1-17周 周三 第1节-第3节 仙Ⅰ-202,3.0,政府管理学院,否,,周三,2012-2013-2,,20122000030A51913,2010生命科学学院生物科学类,0,仙林校区,2012-2013学年 第2学期,51913,仙Ⅰ-202,,否,,,,,,0,毛泽东思想和中国特色社会主义理论体系概论（理论部分）,11,第1节-第3节,仙I区,000030A
48.0,400080,毛泽东思想和中国特色社会主义理论体系概论（理论部分）(20122-000030A-13),20122000030A51914,,3,,115,1-17周,0,高静,1-17周 周三 第5节-第7节 逸B-207,3.0,政府管理学院,否,,周三,2012-2013-2,,20122000030A51914,"2010工程管理学院自动化,2010工程管理学院信息工程,2010工程管理学院金融工程,2010工程管理学院工业工程",0,仙林校区,2012-2013学年 第2学期,51914,逸B-207,,否,,,,,,0,毛泽东思想和中国特色社会主义理论体系概论（理论部分）,16,第5节-第7节,逸夫楼B区,000030A
48.0,400080,毛泽东思想和中国特色社会主义理论体系概论（理论部分）(20122-000030A-14),20122000030A51915,,3,,138,1-17周,0,高静,1-17周 周四 第5节-第7节 图书馆127,3.0,政府管理学院,否,,周四,2012-2013-2,,20122000030A51915,"2010现代工程与应用科学学院材料物理,2010现代工程与应用科学学院材料化学",0,仙林校区,2012-2013学年 第2学期,51915,图书馆127,,否,,,,,,0,毛泽东思想和中国特色社会主义理论体系概论（理论部分）,18,第5节-第7节,图书馆,000030A
48.0,400080,毛泽东思想和中国特色社会主义理论体系概论（理论部分）(20122-000030A-15),20122000030A51916,,3,,131,1-17周,0,陈建华,1-17周 周四 第2节-第4节 仙Ⅱ-504,3.0,政府管理学院,否,,周四,2012-2013-2,,20122000030A51916,"2010建筑与城市规划学院城市规划,2011建筑与城市规划学院城市规划,2011建筑与城市规划学院建筑学",0,仙林校区,2012-2013学年 第2学期,51916,仙Ⅱ-504,,否,,,,,,0,毛泽东思想和中国特色社会主义理论体系概论（理论部分）,12,第2节-第4节,仙II区,000030A
48.0,400080,毛泽东思想和中国特色社会主义理论体系概论（理论部分）(20122-000030A-16),20122000030A51917,,3,,69,1-17周,0,张杰华,1-17周 周五 第5节-第7节 仙Ⅰ-203,3.0,政府管理学院,否,,周五,2012-2013-2,,20122000030A51917,"2011历史学院历史学,2011历史学院考古学（文物鉴定方向）,2011历史学院考古学",0,仙林校区,2012-2013学年 第2学期,51917,仙Ⅰ-203,,否,,,,,,0,毛泽东思想和中国特色社会主义理论体系概论（理论部分）,11,第5节-第7节,仙I区,000030A
48.0,400080,毛泽东思想和中国特色社会主义理论体系概论（理论部分）(20122-000030A-17),20122000030A52007,,3,,191,1-17周,0,甘季国,1-17周 周四 第9节-第11节 图书馆127,3.0,政府管理学院,否,,周四,2012-2013-2,,20122000030A52007,"2010电子科学与工程学院电子信息科学与技术,2010电子科学与工程学院微电子学,2010电子科学与工程学院通信工程,2010电子科学与工程学院声学",0,仙林校区,2012-2013学年 第2学期,52007,图书馆127,,否,,,,,,0,毛泽东思想和中国特色社会主义理论体系概论（理论部分）,18,第9节-第11节,图书馆,000030A
48.0,400080,毛泽东思想和中国特色社会主义理论体系概论（理论部分）(20122-000030A-18),20122000030A52008,,3,,95,1-17周,0,高静,1-17周 周四 第9节-第11节 仙Ⅰ-102,3.0,政府管理学院,否,,周四,2012-2013-2,,20122000030A52008,"2010地理与海洋科学学院资源环境与城乡规划管理,2010地理与海洋科学学院海洋科学,2010地理与海洋科学学院旅游管理,2010地理与海洋科学学院地理科学,2010地理与海洋科学学院地理信息系统",0,仙林校区,2012-2013学年 第2学期,52008,仙Ⅰ-102,,否,,,,,,0,毛泽东思想和中国特色社会主义理论体系概论（理论部分）,11,第9节-第11节,仙I区,000030A
48.0,400080,毛泽东思想和中国特色社会主义理论体系概论（理论部分）(20122-000030A-19),20122000030A52282,,3,,121,1-17周,0,沈伯平,1-17周 周三 第9节-第11节 逸B-313,3.0,政府管理学院,否,,周三,2012-2013-2,,20122000030A52282,2010匡亚明学院应用文科强化班,0,仙林校区,2012-2013学年 第2学期,52282,逸B-313,,否,,,,,,0,毛泽东思想和中国特色社会主义理论体系概论（理论部分）,16,第9节-第11节,逸夫楼B区,000030A
48.0,400080,毛泽东思想和中国特色社会主义理论体系概论（理论部分）(20122-000030A-20),20122000030A52795,,3,,126,1-17周,0,沈伯平,1-17周 周二 第5节-第7节 图书馆125,3.0,政府管理学院,否,,周二,2012-2013-2,,20122000030A52795,"2010数学学院数学与应用数学,2010数学学院统计学,2010数学学院信息与计算科学",0,仙林校区,2012-2013学年 第2学期,52795,图书馆125,,否,,,,,,0,毛泽东思想和中国特色社会主义理论体系概论（理论部分）,18,第5节-第7节,图书馆,000030A
48.0,400080,毛泽东思想和中国特色社会主义理论体系概论（实践部分）(20121-000030A-8),20122000030B55883,,3,,110,1-18周,0,周芳玉,1-18周 自由时间 - ,3.0,政府管理学院,否,,自由时间,2012-2013-2,,20122000030B55883,,0,仙林校区,2012-2013学年 第2学期,55883,无,,否,,,,,,0,毛泽东思想和中国特色社会主义理论体系概论（实践部分）,,自由时间,,000030B
48.0,400080,毛泽东思想和中国特色社会主义理论体系概论（实践部分）(20121-000030A-2),20122000030B55884,,3,,109,1-18周,0,沈伯平,1-18周 自由时间 - ,3.0,政府管理学院,否,,自由时间,2012-2013-2,,20122000030B55884,,0,仙林校区,2012-2013学年 第2学期,55884,无,,否,,,,,,0,毛泽东思想和中国特色社会主义理论体系概论（实践部分）,,自由时间,,000030B
48.0,400080,毛泽东思想和中国特色社会主义理论体系概论（实践部分）(20121-000030A-3),20122000030B55885,,3,,132,1-18周,0,高静,1-18周 自由时间 - ,3.0,政府管理学院,否,,自由时间,2012-2013-2,,20122000030B55885,,0,仙林校区,2012-2013学年 第2学期,55885,无,,否,,,,,,0,毛泽东思想和中国特色社会主义理论体系概论（实践部分）,,自由时间,,000030B
48.0,400080,毛泽东思想和中国特色社会主义理论体系概论（实践部分）(20121-000030A-12),20122000030B55886,,3,,116,1-18周,0,李洪波,1-18周 自由时间 - ,3.0,政府管理学院,否,,自由时间,2012-2013-2,,20122000030B55886,,0,仙林校区,2012-2013学年 第2学期,55886,无,,否,,,,,,0,毛泽东思想和中国特色社会主义理论体系概论（实践部分）,,自由时间,,000030B
48.0,400080,毛泽东思想和中国特色社会主义理论体系概论（实践部分）(20121-000030A-13),20122000030B55887,,3,,69,1-18周,0,李洪波,1-18周 自由时间 - ,3.0,政府管理学院,否,,自由时间,2012-2013-2,,20122000030B55887,,0,仙林校区,2012-2013学年 第2学期,55887,无,,否,,,,,,0,毛泽东思想和中国特色社会主义理论体系概论（实践部分）,,自由时间,,000030B
48.0,400080,毛泽东思想和中国特色社会主义理论体系概论（实践部分）(20121-000030A-4),20122000030B55888,,3,,114,1-18周,0,丁蕖,1-18周 自由时间 - ,3.0,政府管理学院,否,,自由时间,2012-2013-2,,20122000030B55888,,0,仙林校区,2012-2013学年 第2学期,55888,无,,否,,,,,,0,毛泽东思想和中国特色社会主义理论体系概论（实践部分）,,自由时间,,000030B
48.0,400080,毛泽东思想和中国特色社会主义理论体系概论（实践部分）(20121-000030A-5),20122000030B55889,,3,,78,1-18周,0,高静,1-18周 自由时间 - ,3.0,政府管理学院,否,,自由时间,2012-2013-2,,20122000030B55889,,0,仙林校区,2012-2013学年 第2学期,55889,无,,否,,,,,,0,毛泽东思想和中国特色社会主义理论体系概论（实践部分）,,自由时间,,000030B
48.0,400080,毛泽东思想和中国特色社会主义理论体系概论（实践部分）(20121-000030A-6),20122000030B55890,,3,,108,1-18周,0,甘季国,1-18周 自由时间 - ,3.0,政府管理学院,否,,自由时间,2012-2013-2,,20122000030B55890,,0,仙林校区,2012-2013学年 第2学期,55890,无,,否,,,,,,0,毛泽东思想和中国特色社会主义理论体系概论（实践部分）,,自由时间,,000030B
48.0,400080,毛泽东思想和中国特色社会主义理论体系概论（实践部分）(20121-000030A-7),20122000030B55891,,3,,97,1-18周,0,甘季国,1-18周 自由时间 - ,3.0,政府管理学院,否,,自由时间,2012-2013-2,,20122000030B55891,,0,仙林校区,2012-2013学年 第2学期,55891,无,,否,,,,,,0,毛泽东思想和中国特色社会主义理论体系概论（实践部分）,,自由时间,,000030B
48.0,400080,毛泽东思想和中国特色社会主义理论体系概论（实践部分）(20121-000030A-14),20122000030B55892,,3,,134,1-18周,0,周芳玉,1-18周 自由时间 - ,3.0,政府管理学院,否,,自由时间,2012-2013-2,,20122000030B55892,,0,仙林校区,2012-2013学年 第2学期,55892,无,,否,,,,,,0,毛泽东思想和中国特色社会主义理论体系概论（实践部分）,,自由时间,,000030B
48.0,400080,毛泽东思想和中国特色社会主义理论体系概论（实践部分）(20121-000030A-9),20122000030B55893,,3,,128,1-18周,0,孔令文,1-18周 自由时间 - ,3.0,政府管理学院,否,,自由时间,2012-2013-2,,20122000030B55893,,0,仙林校区,2012-2013学年 第2学期,55893,无,,否,,,,,,0,毛泽东思想和中国特色社会主义理论体系概论（实践部分）,,自由时间,,000030B
48.0,400080,毛泽东思想和中国特色社会主义理论体系概论（实践部分）(20121-000030A-10),20122000030B55894,,3,,142,1-18周,0,孔令文,1-18周 自由时间 - ,3.0,政府管理学院,否,,自由时间,2012-2013-2,,20122000030B55894,,0,仙林校区,2012-2013学年 第2学期,55894,无,,否,,,,,,0,毛泽东思想和中国特色社会主义理论体系概论（实践部分）,,自由时间,,000030B
48.0,400080,毛泽东思想和中国特色社会主义理论体系概论（实践部分）(20121-000030A-11),20122000030B55895,,3,,29,1-18周,0,李洪波,1-18周 自由时间 - ,3.0,政府管理学院,否,,自由时间,2012-2013-2,,20122000030B55895,,0,仙林校区,2012-2013学年 第2学期,55895,无,,否,,,,,,0,毛泽东思想和中国特色社会主义理论体系概论（实践部分）,,自由时间,,000030B
48.0,400080,毛泽东思想和中国特色社会主义理论体系概论（实践部分）(20121-000030A-1),20122000030B55896,,3,,140,1-18周,0,陈建华,1-18周 自由时间 - ,3.0,政府管理学院,否,,自由时间,2012-2013-2,,20122000030B55896,,0,仙林校区,2012-2013学年 第2学期,55896,无,,否,,,,,,0,毛泽东思想和中国特色社会主义理论体系概论（实践部分）,,自由时间,,000030B
48.0,400080,（重修）毛泽东思想和中国特色社会主义理论体系概论（实践部分）,20122000030B77750,,3,,24,,0,,,3.0,政府管理学院,否,,,2012-2013-2,,20122000030B77750,,0,仙林校区,2012-2013学年 第2学期,77750,,,否,,,,,,0,毛泽东思想和中国特色社会主义理论体系概论（实践部分）,,,,000030B
32.0,400020,中国近现代史纲要(20122-000040-1),2012200004050878,,3,,285,1-17周,0,"孙扬,任玲玲",1-17周 周五 第5节-第6节 仙Ⅰ-106,2.0,历史学院,否,,周五,2012-2013-2,,2012200004050878,2012商学院经济学类,0,仙林校区,2012-2013学年 第2学期,50878,仙Ⅰ-106,,否,,,,,,0,中国近现代史纲要,11,第5节-第6节,仙I区,000040
32.0,400020,中国近现代史纲要(20122-000040-2),2012200004050879,,3,,215,1-17周,0,"姜良芹,翟意安",1-17周 周二 第3节-第4节 仙Ⅰ-107,2.0,历史学院,否,,周二,2012-2013-2,,2012200004050879,"2012政府管理学院公共管理类,2012信息管理学院文科类",0,仙林校区,2012-2013学年 第2学期,50879,仙Ⅰ-107,,否,,,,,,0,中国近现代史纲要,11,第3节-第4节,仙I区,000040
32.0,400020,中国近现代史纲要(20122-000040-3),2012200004050880,,3,,240,1-17周,0,"曹大臣,李恭忠",1-17周 周三 第3节-第4节 仙Ⅱ-207,2.0,历史学院,否,,周三,2012-2013-2,,2012200004050880,"2011商学院工商管理,2012海外教育学院海外教育类,2011商学院工商管理（人力资源管理方向）,2011商学院市场营销,2011商学院电子商务,2011商学院财务管理,2011商学院会计学",0,仙林校区,2012-2013学年 第2学期,50880,仙Ⅱ-207,,否,,,,,,0,中国近现代史纲要,12,第3节-第4节,仙II区,000040
32.0,400020,中国近现代史纲要(20122-000040-4),2012200004050881,,3,,250,1-17周,0,"杨骏,孙扬",1-17周 周四 第5节-第6节 仙Ⅱ-122,2.0,历史学院,否,,周四,2012-2013-2,,2012200004050881,"2011社会学院社会学,2012外国语学院朝鲜语,2012外国语学院西班牙语,2012外国语学院德语,2012外国语学院法语,2012外国语学院日语,2012外国语学院俄语,2012外国语学院英语,2011社会学院应用心理学,2011社会学院社会工作",0,仙林校区,2012-2013学年 第2学期,50881,仙Ⅱ-122,,否,,,,,,0,中国近现代史纲要,12,第5节-第6节,仙II区,000040
32.0,400020,中国近现代史纲要(20122-000040-5),2012200004050882,,3,,263,1-17周,0,"李恭忠,杨骏",1-17周 周四 第3节-第4节 仙Ⅱ-122,2.0,历史学院,否,,周四,2012-2013-2,,2012200004050882,"2011法学院法学类,2012新闻传播学院新闻学（运动员班）",0,仙林校区,2012-2013学年 第2学期,50882,仙Ⅱ-122,,否,,,,,,0,中国近现代史纲要,12,第3节-第4节,仙II区,000040
32.0,400080,中国近现代史纲要(20122-000040-6),2012200004051354,,3,,81,1-17周,0,刘握宇,1-17周 周二 第5节-第6节 仙Ⅱ-117,2.0,政府管理学院,否,,周二,2012-2013-2,,2012200004051354,2011现代工程与应用科学学院材料类,0,仙林校区,2012-2013学年 第2学期,51354,仙Ⅱ-117,,否,,,,,,0,中国近现代史纲要,12,第5节-第6节,仙II区,000040
32.0,400080,中国近现代史纲要(20122-000040-7),2012200004051358,,3,,78,1-17周,0,刘握宇,1-17周 周二 第7节-第8节 仙Ⅱ-117,2.0,政府管理学院,否,,周二,2012-2013-2,,2012200004051358,2011现代工程与应用科学学院材料类,0,仙林校区,2012-2013学年 第2学期,51358,仙Ⅱ-117,,否,,,,,,0,中国近现代史纲要,12,第7节-第8节,仙II区,000040
32.0,400080,中国近现代史纲要(20122-000040-8),2012200004051978,,3,,76,1-17周,0,黄骏,1-17周 周三 第5节-第6节 仙Ⅱ-311,2.0,政府管理学院,否,,周三,2012-2013-2,,2012200004051978,2011化学学院化学,0,仙林校区,2012-2013学年 第2学期,51978,仙Ⅱ-311,,否,,,,,,0,中国近现代史纲要,12,第5节-第6节,仙II区,000040
32.0,400080,中国近现代史纲要(20122-000040-9),2012200004051979,,3,,79,1-17周,0,黄骏,1-17周 周三 第7节-第8节 仙Ⅱ-311,2.0,政府管理学院,否,,周三,2012-2013-2,,2012200004051979,2011化学学院化学,0,仙林校区,2012-2013学年 第2学期,51979,仙Ⅱ-311,,否,,,,,,0,中国近现代史纲要,12,第7节-第8节,仙II区,000040
32.0,400080,中国近现代史纲要(20122-000040-10),2012200004051980,,3,,86,1-17周,0,熊秋良,1-17周 周三 第1节-第2节 仙Ⅰ-104,2.0,政府管理学院,否,,周三,2012-2013-2,,2012200004051980,2011工程管理学院管理科学与工程类,0,仙林校区,2012-2013学年 第2学期,51980,仙Ⅰ-104,,否,,,,,,0,中国近现代史纲要,11,第1节-第2节,仙I区,000040
32.0,400080,中国近现代史纲要(20122-000040-11),2012200004051982,,3,,62,1-17周,0,熊秋良,1-17周 周三 第3节-第4节 仙Ⅰ-104,2.0,政府管理学院,否,,周三,2012-2013-2,,2012200004051982,2011工程管理学院电气信息类,0,仙林校区,2012-2013学年 第2学期,51982,仙Ⅰ-104,,否,,,,,,0,中国近现代史纲要,11,第3节-第4节,仙I区,000040
16.0,400250,形势与政策（下）(20122-000050B-1),20122000050B50886,,3,,112,1-17周(单),0,陈浩,1-17周(单) 周三 第9节-第10节 逸B-207,1.0,匡亚明学院,否,,周三,2012-2013-2,,20122000050B50886,2012匡亚明学院应用文科强化班,0,仙林校区,2012-2013学年 第2学期,50886,逸B-207,,否,,,,,,0,形势与政策（下）,16,第9节-第10节,逸夫楼B区,000050B
16.0,400150,形势与政策（下）(20122-000050B-1),20122000050B51073,,3,,172,2-18周(双),0,李孔文,2-18周(双) 周三 第7节-第8节 图书馆126,1.0,计算机学院,否,,周三,2012-2013-2,,20122000050B51073,,0,仙林校区,2012-2013学年 第2学期,51073,图书馆126,,否,,,,,,0,形势与政策（下）,18,第7节-第8节,图书馆,000050B
16.0,400020,形势与政策（下）(20122-000050B-1),20122000050B51074,,3,,59,2-18周(双),0,吴贺,2-18周(双) 周三 第7节-第8节 仙Ⅰ-104,1.0,历史学院,否,,周三,2012-2013-2,,20122000050B51074,2012历史学院历史学类,0,仙林校区,2012-2013学年 第2学期,51074,仙Ⅰ-104,,否,,,,,,0,形势与政策（下）,11,第7节-第8节,仙I区,000050B
16.0,400220,形势与政策（下）(20122-000050B-1),20122000050B51076,,3,,93,1-17周(单),0,王霏皓,1-17周(单) 周三 第9节-第10节 逸B-507,1.0,生命科学学院,否,,周三,2012-2013-2,,20122000050B51076,2012生命科学学院生物科学类,0,仙林校区,2012-2013学年 第2学期,51076,逸B-507,,否,,,,,,0,形势与政策（下）,16,第9节-第10节,逸夫楼B区,000050B
16.0,400060,形势与政策（下）(20122-000050B-1),20122000050B51083,,3,,225,2-18周(双),0,商学院教师,2-18周(双) 周三 第9节-第10节 仙Ⅱ-207,1.0,商学院,否,,周三,2012-2013-2,,20122000050B51083,2012商学院工商管理类,0,仙林校区,2012-2013学年 第2学期,51083,仙Ⅱ-207,,否,,,,,,0,形势与政策（下）,12,第9节-第10节,仙II区,000050B
16.0,400060,形势与政策（下）(20122-000050B-1),20122000050B51088,,3,,274,1-17周(单),0,商学院教师,1-17周(单) 周三 第9节-第10节 仙Ⅱ-207,1.0,商学院,否,,周三,2012-2013-2,,20122000050B51088,2012商学院经济学类,0,仙林校区,2012-2013学年 第2学期,51088,仙Ⅱ-207,,否,,,,,,0,形势与政策（下）,12,第9节-第10节,仙II区,000050B
16.0,400040,形势与政策（下）(20122-000050B-1),20122000050B51112,,3,,124,1-17周(单),0,辅导员,1-17周(单) 周三 第7节-第8节 仙Ⅱ-406,1.0,新闻传播学院,否,,周三,2012-2013-2,,20122000050B51112,,0,仙林校区,2012-2013学年 第2学期,51112,仙Ⅱ-406,,否,,,,,,0,形势与政策（下）,12,第7节-第8节,仙II区,000050B
16.0,400050,形势与政策（下）(20122-000050B-1),20122000050B51326,,3,,99,1-17周(单),0,宫玲琳,1-17周(单) 周三 第5节-第6节 图书馆126,1.0,法学院,否,,周三,2012-2013-2,,20122000050B51326,2012法学院法学类,0,仙林校区,2012-2013学年 第2学期,51326,图书馆126,,否,,,,,,0,形势与政策（下）,18,第5节-第6节,图书馆,000050B
16.0,400090,形势与政策（下）(20122-000050B-1),20122000050B51330,,3,,92,2-18周(双),0,刘千里,2-18周(双) 周一 第7节-第8节 逸B-507,1.0,信息管理学院,否,,周一,2012-2013-2,,20122000050B51330,2012信息管理学院文科类,0,仙林校区,2012-2013学年 第2学期,51330,逸B-507,,否,,,,,,0,形势与政策（下）,16,第7节-第8节,逸夫楼B区,000050B
16.0,400280,形势与政策（下）(20122-000050B-1),20122000050B51351,,3,,68,2-18周(双),0,窦寅,2-18周(双) 周三 第3节-第4节 仙Ⅱ-214,1.0,建筑与城市规划学院,否,,周三,2012-2013-2,,20122000050B51351,"2012建筑与城市规划学院建筑学,2012建筑与城市规划学院城市规划",0,仙林校区,2012-2013学年 第2学期,51351,仙Ⅱ-214,,否,,,,,,0,形势与政策（下）,12,第3节-第4节,仙II区,000050B
16.0,400070,形势与政策（下）(20122-000050B-1),20122000050B51419,,3,,171,1-17周(单),0,陈静(学工),1-17周(单) 周三 第7节-第8节 图书馆126,1.0,外国语学院,否,,周三,2012-2013-2,,20122000050B51419,"2012外国语学院英语,2012外国语学院朝鲜语,2012外国语学院西班牙语,2012外国语学院德语,2012外国语学院法语,2012外国语学院日语,2012外国语学院俄语",0,仙林校区,2012-2013学年 第2学期,51419,图书馆126,,否,,,,,,0,形势与政策（下）,18,第7节-第8节,图书馆,000050B
16.0,400170,形势与政策（下）(20122-000050B-1),20122000050B51555,,3,,142,1-17周(单),0,邓泽燕,1-17周(单) 周四 第7节-第8节 图书馆126,1.0,现代工程与应用科学学院,否,,周四,2012-2013-2,,20122000050B51555,,0,仙林校区,2012-2013学年 第2学期,51555,图书馆126,,否,,,,,,0,形势与政策（下）,18,第7节-第8节,图书馆,000050B
16.0,400100,形势与政策（下）(20122-000050B-1),20122000050B51918,,3,,69,2-18周(双),0,"时昱,朱安新",2-18周(双) 周三 第9节-第10节 仙Ⅰ-101,1.0,社会学院,否,,周三,2012-2013-2,,20122000050B51918,,0,仙林校区,2012-2013学年 第2学期,51918,仙Ⅰ-101,,否,,,,,,0,形势与政策（下）,11,第9节-第10节,仙I区,000050B
16.0,400180,形势与政策（下）(20122-000050B-1),20122000050B51976,,3,,98,1-17周(单),0,余洋,1-17周(单) 周三 第7节-第8节 环科楼B-112,1.0,环境学院,否,,周三,2012-2013-2,,20122000050B51976,2012环境学院环境科学与工程类,0,仙林校区,2012-2013学年 第2学期,51976,环科楼B-112,,否,,,,,,0,形势与政策（下）,111,第7节-第8节,环科楼,000050B
16.0,400210,形势与政策（下）(20122-000050B-1),20122000050B52024,,3,,88,1-17周(单),0,储惠芸,1-17周(单) 周三 第7节-第8节 仙Ⅰ-104,1.0,大气科学学院,否,,周三,2012-2013-2,,20122000050B52024,2012大气科学学院大气科学类,0,仙林校区,2012-2013学年 第2学期,52024,仙Ⅰ-104,,否,,,,,,0,形势与政策（下）,11,第7节-第8节,仙I区,000050B
16.0,400200,形势与政策（下）(20122-000050B-1),20122000050B52035,,3,,91,2-16周(双),0,李岩,2-16周(双) 周五 第1节-第2节 仙Ⅰ-103,1.0,地理与海洋科学学院,否,,周五,2012-2013-2,,20122000050B52035,"2012地理与海洋科学学院地理科学类,2012地理与海洋科学学院地理科学",0,仙林校区,2012-2013学年 第2学期,52035,仙Ⅰ-103,,否,,,,,,0,形势与政策（下）,11,第1节-第2节,仙I区,000050B
16.0,400030,形势与政策（下）(20122-000050B-1),20122000050B52038,,3,,29,1-17周(单),0,孙乐强,1-17周(单) 周五 第9节-第10节 逸A-212,1.0,哲学学院,否,,周五,2012-2013-2,,20122000050B52038,2012哲学学院哲学,0,仙林校区,2012-2013学年 第2学期,52038,逸A-212,,否,,,,,,0,形势与政策（下）,15,第9节-第10节,逸夫楼A区,000050B
16.0,400260,形势与政策（下）(20122-000050B-1),20122000050B52107,,3,,28,1-17周(单),0,陈晓燕(小),1-17周(单) 周三 第7节-第8节 仙Ⅱ-216,1.0,海外教育学院,否,,周三,2012-2013-2,,20122000050B52107,2012海外教育学院海外教育类,0,仙林校区,2012-2013学年 第2学期,52107,仙Ⅱ-216,,否,,,,,,0,形势与政策（下）,12,第7节-第8节,仙II区,000050B
16.0,400120,形势与政策（下）(20122-000050B-19),20122000050B52187,,3,,215,1-17周(单),0,"施国卿,鞠艳",1-17周(单) 周三 第9节-第10节 图书馆125,1.0,物理学院,否,,周三,2012-2013-2,,20122000050B52187,,0,仙林校区,2012-2013学年 第2学期,52187,无,,否,,,,,,0,形势与政策（下）,,第9节-第10节,,000050B
16.0,400270,形势与政策（下）(20122-000050B-1),20122000050B52195,,3,,239,2-16周(双),0,陈琳,2-16周(双) 周三 第9节-第10节 仙Ⅰ-107,1.0,软件学院,否,,周三,2012-2013-2,,20122000050B52195,2012软件学院软件学类,0,仙林校区,2012-2013学年 第2学期,52195,仙Ⅰ-107,,否,,,,,,0,形势与政策（下）,11,第9节-第10节,仙I区,000050B
16.0,400240,形势与政策（下）(20122-000050B-1),20122000050B52202,,3,,114,1-17周(单),0,方非,1-17周(单) 周三 第9节-第10节 逸B-205,1.0,工程管理学院,否,,周三,2012-2013-2,,20122000050B52202,,0,仙林校区,2012-2013学年 第2学期,52202,逸B-205,,否,,,,,,0,形势与政策（下）,16,第9节-第10节,逸夫楼B区,000050B
16.0,400080,形势与政策（下）(20122-000050B-1),20122000050B52373,,3,,122,1-17周(单),0,李敏,1-17周(单) 周三 第7节-第8节 图书馆125,1.0,政府管理学院,否,,周三,2012-2013-2,,20122000050B52373,2012政府管理学院公共管理类,0,仙林校区,2012-2013学年 第2学期,52373,图书馆125,,否,,,,,,0,形势与政策（下）,18,第7节-第8节,图书馆,000050B
16.0,400140,形势与政策（下）(20122-000050B-23),20122000050B52558,,3,,175,2-18周(双),0,彭峰,2-18周(双) 周三 第9节-第10节 图书馆125,1.0,化学学院,否,,周三,2012-2013-2,,20122000050B52558,2012化学学院化学类,0,仙林校区,2012-2013学年 第2学期,52558,无,,否,,,,,,0,形势与政策（下）,,第9节-第10节,,000050B
16.0,400010,形势与政策（下）(20122-000050B-1),20122000050B52614,,3,,127,2-18周(双),0,张云召,2-18周(双) 周三 第7节-第8节 图书馆125,1.0,文学院,否,,周三,2012-2013-2,,20122000050B52614,2012文学院戏剧影视文学,0,仙林校区,2012-2013学年 第2学期,52614,图书馆125,,否,,,,,,0,形势与政策（下）,18,第7节-第8节,图书馆,000050B
16.0,400230,形势与政策（下）(20122-000050B-1),20122000050B52664,,3,,98,1-17周(单),0,陈恒静,1-17周(单) 周一 第7节-第8节 逸B-405,1.0,医学院,否,,周一,2012-2013-2,,20122000050B52664,,0,仙林校区,2012-2013学年 第2学期,52664,逸B-405,,否,,,,,,0,形势与政策（下）,16,第7节-第8节,逸夫楼B区,000050B
16.0,400160,形势与政策（下）(20122-000050B-1),20122000050B52853,,3,,185,1-17周(单),0,吴信蕾,1-17周(单) 周五 第5节-第6节 图书馆125,1.0,电子科学与工程学院,否,,周五,2012-2013-2,,20122000050B52853,,0,仙林校区,2012-2013学年 第2学期,52853,无,,否,,,,,,0,形势与政策（下）,,第5节-第6节,,000050B
16.0,400130,形势与政策（下）(20122-000050B-1),20122000050B52854,,3,,53,1-17周(单),0,彭志欣,1-17周(单) 周二 第3节-第4节 仙Ⅱ-104,1.0,天文与空间科学学院,否,,周二,2012-2013-2,,20122000050B52854,2012天文与空间科学学院天文学,0,仙林校区,2012-2013学年 第2学期,52854,仙Ⅱ-104,,否,,,,,,0,形势与政策（下）,12,第3节-第4节,仙II区,000050B
16.0,400110,形势与政策（下）(20122-000050B-1),20122000050B53007,,3,,127,1-17周(单),0,杨靖,1-17周(单) 周二 第7节-第8节 图书馆126,1.0,数学学院,否,,周二,2012-2013-2,,20122000050B53007,2012数学学院数学类,0,仙林校区,2012-2013学年 第2学期,53007,图书馆126,,否,,,,,,0,形势与政策（下）,18,第7节-第8节,图书馆,000050B
16.0,400190,形势与政策（下）(20122-000050B-1),20122000050B53038,,3,,90,2-18周(双),0,,2-18周(双) 周五 第7节-第8节 仙Ⅰ-101,1.0,地球科学与工程学院,否,,周五,2012-2013-2,,20122000050B53038,"2012地球科学与工程学院地质学类,2012地球科学与工程学院地质学",0,仙林校区,2012-2013学年 第2学期,53038,仙Ⅰ-101,,否,,,,,,0,形势与政策（下）,11,第7节-第8节,仙I区,000050B
80.0,400110,微积分II(第一层次)(20122-000121-1),2012200012151038,,3,,144,"1-17周,1-17周,1-17周",0,陈学长,"1-17周 周二 第1节-第2节 仙Ⅱ-305,1-17周 周二 第5节-第6节 仙Ⅱ-305,1-17周 周四 第1节-第2节 仙Ⅱ-305",5.0,数学学院,否,,"周二,周二,周四",2012-2013-2,,2012200012151038,2012商学院工商管理类,0,仙林校区,2012-2013学年 第2学期,51038,"仙Ⅱ-305,仙Ⅱ-305,仙Ⅱ-305",,否,,,,,,0,微积分II(第一层次),12,"第5节-第6节,第1节-第2节,第1节-第2节",仙II区,000121
80.0,400110,微积分II(第一层次)(20122-000121-2),2012200012151039,,3,,173,"1-17周,1-17周,1-17周",0,李军,"1-17周 周二 第1节-第2节 仙Ⅱ-304,1-17周 周二 第5节-第6节 仙Ⅱ-304,1-17周 周四 第1节-第2节 仙Ⅱ-304",5.0,数学学院,否,,"周二,周二,周四",2012-2013-2,,2012200012151039,2012商学院工商管理类,0,仙林校区,2012-2013学年 第2学期,51039,"仙Ⅱ-304,仙Ⅱ-304,仙Ⅱ-304",,否,,,,,,0,微积分II(第一层次),12,"第5节-第6节,第1节-第2节,第1节-第2节",仙II区,000121
80.0,400110,微积分II(第一层次)(20122-000121-3),2012200012151040,,3,,106,"1-17周,1-17周,1-17周",0,李耀文,"1-17周 周一 第3节-第4节 仙Ⅱ-303,1-17周 周三 第5节-第6节 仙Ⅱ-403,1-17周 周三 第3节-第4节 仙Ⅱ-403",5.0,数学学院,否,,"周一,周三,周三",2012-2013-2,,2012200012151040,2012商学院经济学类,0,仙林校区,2012-2013学年 第2学期,51040,"仙Ⅱ-303,仙Ⅱ-403,仙Ⅱ-403",,否,,,,,,0,微积分II(第一层次),12,"第3节-第4节,第3节-第4节,第5节-第6节",仙II区,000121
80.0,400110,微积分II(第一层次)(20122-000121-4),2012200012151041,,3,,109,"1-17周,1-17周,1-17周",0,杨俊锋,"1-17周 周一 第3节-第4节 仙Ⅱ-304,1-17周 周五 第3节-第4节 仙Ⅱ-404,1-17周 周三 第3节-第4节 仙Ⅱ-304",5.0,数学学院,否,,"周一,周三,周五",2012-2013-2,,2012200012151041,2012商学院经济学类,0,仙林校区,2012-2013学年 第2学期,51041,"仙Ⅱ-304,仙Ⅱ-304,仙Ⅱ-404",,否,,,,,,0,微积分II(第一层次),12,"第3节-第4节,第3节-第4节,第3节-第4节",仙II区,000121
80.0,400110,微积分II(第一层次)(20122-000121-5),2012200012151042,,3,,90,"1-17周,1-17周,1-17周",0,陆宏,"1-17周 周一 第3节-第4节 逸B-104,1-17周 周五 第3节-第4节 逸B-104,1-17周 周三 第3节-第4节 逸B-104",5.0,数学学院,否,,"周一,周三,周五",2012-2013-2,,2012200012151042,2012商学院经济学类,0,仙林校区,2012-2013学年 第2学期,51042,"逸B-104,逸B-104,逸B-104",,否,,,,,,0,微积分II(第一层次),16,"第3节-第4节,第3节-第4节,第3节-第4节",逸夫楼B区,000121
80.0,400110,微积分II(第一层次)(20122-000121-6),2012200012151043,,3,,175,"1-17周,1-17周,1-17周",0,邓建平,"1-17周 周一 第1节-第2节 逸B-212,1-17周 周四 第5节-第6节 逸B-101,1-17周 周一 第3节-第4节 逸B-212",5.0,数学学院,否,,"周一,周一,周四",2012-2013-2,,2012200012151043,,0,仙林校区,2012-2013学年 第2学期,51043,"逸B-212,逸B-212,逸B-101",,否,,,,,,0,微积分II(第一层次),16,"第1节-第2节,第3节-第4节,第5节-第6节",逸夫楼B区,000121
80.0,400110,微积分II(第一层次)(20122-000121-7),2012200012151044,,3,,101,"1-17周,1-17周,1-17周",0,黄卫华,"1-17周 周二 第1节-第2节 仙Ⅰ-101,1-17周 周二 第5节-第6节 仙Ⅰ-101,1-17周 周四 第1节-第2节 仙Ⅰ-101",5.0,数学学院,否,,"周二,周四,周二",2012-2013-2,,2012200012151044,,0,仙林校区,2012-2013学年 第2学期,51044,"仙Ⅰ-101,仙Ⅰ-101,仙Ⅰ-101",,否,,,,,,0,微积分II(第一层次),11,"第1节-第2节,第1节-第2节,第5节-第6节",仙I区,000121
80.0,400110,微积分II(第一层次)(20122-000121-8),2012200012151045,,3,,99,"1-17周,1-17周,1-17周",0,周国飞,"1-17周 周二 第1节-第2节 仙Ⅰ-102,1-17周 周四 第3节-第4节 仙Ⅰ-102,1-17周 周四 第1节-第2节 仙Ⅰ-102",5.0,数学学院,否,,"周二,周四,周四",2012-2013-2,,2012200012151045,,0,仙林校区,2012-2013学年 第2学期,51045,"仙Ⅰ-102,仙Ⅰ-102,仙Ⅰ-102",,否,,,,,,0,微积分II(第一层次),11,"第1节-第2节,第1节-第2节,第3节-第4节",仙I区,000121
80.0,400110,微积分II(第一层次)(20122-000121-9),2012200012151064,,3,,112,"1-17周,1-17周,1-17周",0,窦斗,"1-17周 周二 第3节-第4节 仙Ⅱ-504,1-17周 周四 第5节-第6节 仙Ⅱ-505,1-17周 周四 第3节-第4节 仙Ⅱ-505",5.0,数学学院,否,,"周二,周四,周四",2012-2013-2,,2012200012151064,2012大气科学学院大气科学类,0,仙林校区,2012-2013学年 第2学期,51064,"仙Ⅱ-504,仙Ⅱ-505,仙Ⅱ-505",,否,,,,,,0,微积分II(第一层次),12,"第3节-第4节,第3节-第4节,第5节-第6节",仙II区,000121
80.0,400110,微积分II(第一层次)(20122-000121-10),2012200012151067,,3,,99,"1-17周,1-17周,1-17周",0,李春,"1-17周 周二 第1节-第2节 仙Ⅰ-319,1-17周 周五 第5节-第6节 仙Ⅱ-405,1-17周 周二 第3节-第4节 仙Ⅰ-319",5.0,数学学院,否,,"周二,周二,周五",2012-2013-2,,2012200012151067,,0,仙林校区,2012-2013学年 第2学期,51067,"仙Ⅰ-319,仙Ⅰ-319,仙Ⅱ-405",,否,,,,,,0,微积分II(第一层次),"11,12","第1节-第2节,第3节-第4节,第5节-第6节","仙I区, 仙II区",000121
80.0,400110,微积分II(第一层次)(20122-000121-11),2012200012151068,,3,,153,"1-17周,1-17周,1-17周",0,苗栋,"1-17周 周二 第1节-第2节 仙Ⅰ-320,1-17周 周五 第5节-第6节 仙Ⅱ-503,1-17周 周二 第3节-第4节 仙Ⅰ-320",5.0,数学学院,否,,"周二,周二,周五",2012-2013-2,,2012200012151068,,0,仙林校区,2012-2013学年 第2学期,51068,"仙Ⅰ-320,仙Ⅰ-320,仙Ⅱ-503",,否,,,,,,0,微积分II(第一层次),"11,12","第1节-第2节,第3节-第4节,第5节-第6节","仙I区, 仙II区",000121
80.0,400110,微积分II(第一层次)(20122-000121-12),2012200012151591,,3,,86,"1-17周,1-17周,1-17周",0,崔小军,"1-17周 周二 第1节-第2节 仙Ⅱ-104,1-17周 周三 第7节-第8节 仙Ⅱ-212,1-17周 周二 第5节-第6节 仙Ⅱ-314",5.0,数学学院,否,,"周二,周二,周三",2012-2013-2,,2012200012151591,"2012地理与海洋科学学院地理科学,2012天文与空间科学学院天文学",0,仙林校区,2012-2013学年 第2学期,51591,"仙Ⅱ-104,仙Ⅱ-314,仙Ⅱ-212",,否,,,,,,0,微积分II(第一层次),12,"第1节-第2节,第5节-第6节,第7节-第8节",仙II区,000121
80.0,400110,微积分II(第一层次)(20122-000121-13),2012200012151876,,3,,144,"1-17周,1-17周,1-17周",0,王奕倩,"1-17周 周一 第1节-第2节 仙Ⅱ-405,1-17周 周四 第3节-第4节 仙Ⅱ-405,1-17周 周四 第1节-第2节 仙Ⅱ-405",5.0,数学学院,否,,"周一,周四,周四",2012-2013-2,,2012200012151876,2012软件学院软件学类,0,仙林校区,2012-2013学年 第2学期,51876,"仙Ⅱ-405,仙Ⅱ-405,仙Ⅱ-405",,否,,,,,,0,微积分II(第一层次),12,"第1节-第2节,第1节-第2节,第3节-第4节",仙II区,000121
80.0,400110,微积分II(第一层次)(20122-000121-14),2012200012151877,,3,,159,"1-17周,1-17周,1-17周",0,肖源明,"1-17周 周二 第1节-第2节 仙Ⅱ-403,1-17周 周五 第3节-第4节 仙Ⅱ-403,1-17周 周五 第1节-第2节 仙Ⅱ-403",5.0,数学学院,否,,"周二,周五,周五",2012-2013-2,,2012200012151877,2012软件学院软件学类,0,仙林校区,2012-2013学年 第2学期,51877,"仙Ⅱ-403,仙Ⅱ-403,仙Ⅱ-403",,否,,,,,,0,微积分II(第一层次),12,"第1节-第2节,第1节-第2节,第3节-第4节",仙II区,000121
80.0,400110,微积分II(第一层次)(20122-000121-15),2012200012152009,,3,,103,"1-17周,1-17周,1-17周",0,张运清,"1-17周 周一 第1节-第2节 图书馆125,1-17周 周一 第5节-第6节 仙Ⅱ-405,1-17周 周三 第1节-第2节 仙Ⅱ-304",5.0,数学学院,否,,"周一,周一,周三",2012-2013-2,,2012200012152009,,0,仙林校区,2012-2013学年 第2学期,52009,"图书馆125,仙Ⅱ-405,仙Ⅱ-304",,否,,,,,,0,微积分II(第一层次),"12,18","第1节-第2节,第5节-第6节,第1节-第2节","仙II区, 图书馆",000121
80.0,400110,微积分II(第一层次)(20122-000121-16),2012200012152010,,3,,88,"1-17周,1-17周,1-17周",0,钱志,"1-17周 周三 第1节-第2节 仙Ⅱ-305,1-17周 周一 第7节-第8节 仙Ⅱ-503,1-17周 周一 第5节-第6节 仙Ⅱ-503",5.0,数学学院,否,,"周一,周一,周三",2012-2013-2,,2012200012152010,,0,仙林校区,2012-2013学年 第2学期,52010,"仙Ⅱ-503,仙Ⅱ-503,仙Ⅱ-305",,否,,,,,,0,微积分II(第一层次),12,"第5节-第6节,第7节-第8节,第1节-第2节",仙II区,000121
80.0,400110,微积分II(第一层次)(20122-000121-17),2012200012152130,,3,,158,"1-17周,1-17周,1-17周",0,潘颢,"1-17周 周一 第1节-第2节 仙Ⅱ-404,1-17周 周四 第1节-第2节 仙Ⅱ-404,1-17周 周二 第1节-第2节 仙Ⅱ-404",5.0,数学学院,否,,"周一,周二,周四",2012-2013-2,,2012200012152130,,0,仙林校区,2012-2013学年 第2学期,52130,"仙Ⅱ-404,仙Ⅱ-404,仙Ⅱ-404",,否,,,,,,0,微积分II(第一层次),12,"第1节-第2节,第1节-第2节,第1节-第2节",仙II区,000121
80.0,400110,微积分II(第一层次)(20122-000121-18),2012200012152894,,3,,94,"1-17周,1-17周,1-17周",0,谭亮,"1-17周 周五 第1节-第2节 仙Ⅰ-212,1-17周 周二 第7节-第8节 仙Ⅱ-110,1-17周 周二 第5节-第6节 仙Ⅱ-110",5.0,数学学院,否,,"周二,周二,周五",2012-2013-2,,2012200012152894,"2012地球科学与工程学院地质学类,2012地球科学与工程学院地质学",0,仙林校区,2012-2013学年 第2学期,52894,"仙Ⅱ-110,仙Ⅱ-110,仙Ⅰ-212",,否,,,,,,0,微积分II(第一层次),"11,12","第5节-第6节,第7节-第8节,第1节-第2节","仙I区, 仙II区",000121
80.0,400110,微积分II与线性代数(第二层次)(20122-000132-1),2012200013251053,,3,,121,"1-17周,1-17周,1-17周",0,耿建生,"1-17周 周二 第1节-第2节 图书馆127,1-17周 周五 第3节-第4节 仙Ⅰ-319,1-17周 周五 第1节-第2节 仙Ⅰ-319",5.0,数学学院,否,,"周二,周五,周五",2012-2013-2,,2012200013251053,,0,仙林校区,2012-2013学年 第2学期,51053,"图书馆127,仙Ⅰ-319,仙Ⅰ-319",,否,,,,,,0,微积分II与线性代数(第二层次),"11,18","第1节-第2节,第1节-第2节,第3节-第4节","仙I区, 图书馆",000132
80.0,400110,微积分II与线性代数(第二层次)(20122-000132-2),2012200013251054,,3,,160,"1-17周,1-17周,1-17周",0,吴朝阳,"1-17周 周一 第5节-第6节 仙Ⅰ-206,1-17周 周一 第7节-第8节 仙Ⅰ-206,1-17周 周四 第5节-第6节 仙Ⅰ-206",5.0,数学学院,否,,"周四,周一,周一",2012-2013-2,,2012200013251054,"2012生命科学学院生物科学类,2012建筑与城市规划学院城市规划,2012建筑与城市规划学院建筑学",0,仙林校区,2012-2013学年 第2学期,51054,"仙Ⅰ-206,仙Ⅰ-206,仙Ⅰ-206",,否,,,,,,0,微积分II与线性代数(第二层次),11,"第5节-第6节,第5节-第6节,第7节-第8节",仙I区,000132
80.0,400110,微积分II与线性代数(第二层次)(20122-000132-3),2012200013251065,,3,,96,"1-17周,1-17周,1-17周",0,周敏,"1-17周 周三 第1节-第2节 仙Ⅱ-306,1-17周 周五 第3节-第4节 仙Ⅱ-306,1-17周 周五 第1节-第2节 仙Ⅱ-306",5.0,数学学院,否,,"周三,周五,周五",2012-2013-2,,2012200013251065,2012信息管理学院文科类,0,仙林校区,2012-2013学年 第2学期,51065,"仙Ⅱ-306,仙Ⅱ-306,仙Ⅱ-306",,否,,,,,,0,微积分II与线性代数(第二层次),12,"第1节-第2节,第1节-第2节,第3节-第4节",仙II区,000132
80.0,400110,微积分II与线性代数(第二层次)(20122-000132-4),2012200013251066,,3,,123,"1-17周,1-17周,1-17周",0,顾国勇,"1-17周 周二 第1节-第2节 仙Ⅱ-503,1-17周 周三 第7节-第8节 仙Ⅱ-504,1-17周 周三 第5节-第6节 仙Ⅱ-504",5.0,数学学院,否,,"周二,周三,周三",2012-2013-2,,2012200013251066,2012地理与海洋科学学院地理科学类,0,仙林校区,2012-2013学年 第2学期,51066,"仙Ⅱ-503,仙Ⅱ-504,仙Ⅱ-504",,否,,,,,,0,微积分II与线性代数(第二层次),12,"第1节-第2节,第5节-第6节,第7节-第8节",仙II区,000132
80.0,400110,微积分II与线性代数(第二层次)(20122-000132-5),2012200013251642,,3,,130,"1-17周,1-17周,1-17周",0,曹苏平,"1-17周 周五 第3节-第4节 仙Ⅱ-406,1-17周 周二 第7节-第8节 仙Ⅱ-306,1-17周 周二 第5节-第6节 仙Ⅱ-306",5.0,数学学院,否,,"周二,周二,周五",2012-2013-2,,2012200013251642,"2012地球科学与工程学院地质学类,2012环境学院环境科学与工程类",0,仙林校区,2012-2013学年 第2学期,51642,"仙Ⅱ-306,仙Ⅱ-306,仙Ⅱ-406",,否,,,,,,0,微积分II与线性代数(第二层次),12,"第5节-第6节,第7节-第8节,第3节-第4节",仙II区,000132
80.0,400110,微积分II与线性代数(第二层次)(20122-000132-6),2012200013252892,,3,,80,"1-17周,1-17周,1-17周",0,高印珠,"1-17周 周三 第1节-第2节 仙Ⅱ-117,1-17周 周五 第5节-第6节 仙Ⅱ-312,1-17周 周五 第3节-第4节 仙Ⅱ-312",5.0,数学学院,否,,"周三,周五,周五",2012-2013-2,,2012200013252892,2012化学学院化学类,0,仙林校区,2012-2013学年 第2学期,52892,"仙Ⅱ-117,仙Ⅱ-312,仙Ⅱ-312",,否,,,,,,0,微积分II与线性代数(第二层次),12,"第1节-第2节,第3节-第4节,第5节-第6节",仙II区,000132
80.0,400110,微积分II与线性代数(第二层次)(20122-000132-7),2012200013252893,,3,,79,"1-17周,1-17周,1-17周",0,师维学,"1-17周 周三 第1节-第2节 仙Ⅱ-212,1-17周 周五 第5节-第6节 仙Ⅱ-313,1-17周 周五 第3节-第4节 仙Ⅱ-313",5.0,数学学院,否,,"周三,周五,周五",2012-2013-2,,2012200013252893,2012化学学院化学类,0,仙林校区,2012-2013学年 第2学期,52893,"仙Ⅱ-212,仙Ⅱ-313,仙Ⅱ-313",,否,,,,,,0,微积分II与线性代数(第二层次),12,"第1节-第2节,第3节-第4节,第5节-第6节",仙II区,000132
64.0,400110,线性代数(第一层次)(20122-000141-1),2012200014151059,,3,,139,"1-17周,1-17周",0,吴婷,"1-17周 周四 第1节-第2节 仙Ⅱ-303,1-17周 周二 第3节-第4节 仙Ⅱ-303",4.0,数学学院,否,,"周二,周四",2012-2013-2,,2012200014151059,"2011商学院会计学,2011商学院电子商务,2011商学院财务管理",0,仙林校区,2012-2013学年 第2学期,51059,"仙Ⅱ-303,仙Ⅱ-303",,否,,,,,,0,线性代数(第一层次),12,"第3节-第4节,第1节-第2节",仙II区,000141
64.0,400110,线性代数(第一层次)(20122-000141-2),2012200014151060,,3,,124,"1-17周,1-17周",0,程健,"1-17周 周四 第1节-第2节 仙Ⅱ-403,1-17周 周二 第3节-第4节 仙Ⅱ-304",4.0,数学学院,否,,"周二,周四",2012-2013-2,,2012200014151060,"2011商学院工商管理,2011商学院工商管理（人力资源管理方向）,2011商学院市场营销",0,仙林校区,2012-2013学年 第2学期,51060,"仙Ⅱ-304,仙Ⅱ-403",,否,,,,,,0,线性代数(第一层次),12,"第3节-第4节,第1节-第2节",仙II区,000141
64.0,400110,线性代数(第一层次)(20122-000141-3),2012200014151061,,3,,116,"1-17周,1-17周",0,孔敏,"1-17周 周一 第1节-第2节 仙Ⅰ-319,1-17周 周三 第1节-第2节 仙Ⅰ-319",4.0,数学学院,否,,"周一,周三",2012-2013-2,,2012200014151061,"2011商学院经济学,2011商学院经济学（产业经济方向）",0,仙林校区,2012-2013学年 第2学期,51061,"仙Ⅰ-319,仙Ⅰ-319",,否,,,,,,0,线性代数(第一层次),11,"第1节-第2节,第1节-第2节",仙I区,000141
64.0,400110,线性代数(第一层次)(20122-000141-4),2012200014151062,,3,,61,"1-17周,1-17周",0,孔敏,"1-17周 周一 第3节-第4节 仙Ⅰ-213,1-17周 周三 第3节-第4节 仙Ⅰ-213",4.0,数学学院,否,,"周一,周三",2012-2013-2,,2012200014151062,2011商学院国际经济与贸易,0,仙林校区,2012-2013学年 第2学期,51062,"仙Ⅰ-213,仙Ⅰ-213",,否,,,,,,0,线性代数(第一层次),11,"第3节-第4节,第3节-第4节",仙I区,000141
64.0,400110,线性代数(第一层次)(20122-000141-5),2012200014151063,,3,,122,"1-17周,1-17周",0,陈耀俊,"1-17周 周一 第1节-第2节 仙Ⅱ-503,1-17周 周三 第1节-第2节 仙Ⅱ-503",4.0,数学学院,否,,"周一,周三",2012-2013-2,,2012200014151063,"2011商学院金融学,2011商学院金融工程,2011商学院保险学",0,仙林校区,2012-2013学年 第2学期,51063,"仙Ⅱ-503,仙Ⅱ-503",,否,,,,,,0,线性代数(第一层次),12,"第1节-第2节,第1节-第2节",仙II区,000141
64.0,400110,线性代数(第一层次)(20122-000141-6),2012200014152138,,3,,104,"1-17周,1-17周",0,朱晓胜,"1-17周 周一 第3节-第4节 仙Ⅰ-201,1-17周 周四 第5节-第6节 仙Ⅰ-201",4.0,数学学院,否,,"周一,周四",2012-2013-2,,2012200014152138,,0,仙林校区,2012-2013学年 第2学期,52138,"仙Ⅰ-201,仙Ⅰ-201",,否,,,,,,0,线性代数(第一层次),11,"第3节-第4节,第5节-第6节",仙I区,000141
64.0,400330,大学英语（二）(20122-000210B-1),20122000210B52025,,3,,0,"1-17周,1-17周",0,,"1-17周 周一 第1节-第2节 ,1-17周 周三 第1节-第2节 ",4.0,大学外语部,否,,"周一,周三",2012-2013-2,,20122000210B52025,"2012地理与海洋科学学院地理科学类,2012医学院口腔医学,2012医学院临床医学,2012地理与海洋科学学院海洋科学,2012地理与海洋科学学院旅游管理,2012地理与海洋科学学院地理科学,2012地理与海洋科学学院地理信息系统,2012地理与海洋科学学院资源环境与城乡规划管理",0,仙林校区,2012-2013学年 第2学期,52025,"无,无",,否,,,,,,0,大学英语（二）,,"第1节-第2节,第1节-第2节",,000210B
64.0,400330,大学英语（二）(20122-000210B-2),20122000210B52027,,3,,0,"1-17周,1-17周",0,,"1-17周 周一 第1节-第2节 ,1-17周 周五 第1节-第2节 ",4.0,大学外语部,否,,"周一,周五",2012-2013-2,,20122000210B52027,"2012文学院汉语言文学,2012社会学院应用心理学,2012社会学院社会工作,2012社会学院社会学,2012哲学学院哲学,2012历史学院考古学（文物鉴定方向）,2012历史学院考古学,2012历史学院历史学,2012历史学院历史学类,2012文学院戏剧影视文学,2012文学院汉语言文学(作家班)",0,仙林校区,2012-2013学年 第2学期,52027,"无,无",,否,,,,,,0,大学英语（二）,,"第1节-第2节,第1节-第2节",,000210B
64.0,400330,大学英语（二）(20122-000210B-3),20122000210B52036,,3,,0,"1-17周,1-17周",0,,"1-17周 周二 第1节-第2节 ,1-17周 周四 第1节-第2节 ",4.0,大学外语部,否,,"周二,周四",2012-2013-2,,20122000210B52036,"2012化学学院化学类,2012建筑与城市规划学院城市规划,2012建筑与城市规划学院建筑学,2012现代工程与应用科学学院材料化学,2012现代工程与应用科学学院材料物理,2012大气科学学院应用气象学,2012大气科学学院大气科学,2012大气科学学院大气科学类,2012地球科学与工程学院地质学（地球物理学方向）,2012地球科学与工程学院地下水科学与工程,2012地球科学与工程学院水文与水资源工程,2012地球科学与工程学院地质工程,2012地球科学与工程学院地球化学,2012地球科学与工程学院地质学,2012地球科学与工程学院地质学类,2012化学学院化学(基地),2012化学学院应用化学,2012化学学院化学",0,仙林校区,2012-2013学年 第2学期,52036,"无,无",,否,,,,,,0,大学英语（二）,,"第1节-第2节,第1节-第2节",,000210B
64.0,400330,大学英语（二）(20122-000210B-4),20122000210B52048,,3,,0,"1-17周,1-17周",0,,"1-17周 周二 第1节-第2节 ,1-17周 周四 第1节-第2节 ",4.0,大学外语部,否,,"周二,周四",2012-2013-2,,20122000210B52048,"2012生命科学学院生物科学类,2012环境学院环境科学（环规）,2012环境学院环境科学（环生）,2012环境学院环境科学（环化）,2012环境学院环境工程,2012环境学院环境科学与工程类",0,仙林校区,2012-2013学年 第2学期,52048,"无,无",,否,,,,,,0,大学英语（二）,,"第1节-第2节,第1节-第2节",,000210B
64.0,400330,大学英语（二）(20122-000210B-5),20122000210B52050,,3,,0,"1-17周,1-17周",0,,"1-17周 周一 第3节-第4节 ,1-17周 周三 第3节-第4节 ",4.0,大学外语部,否,,"周一,周三",2012-2013-2,,20122000210B52050,"2012法学院法学类,2012信息管理学院编辑出版学,2012信息管理学院档案学,2012信息管理学院信息管理与信息系统,2012信息管理学院文科类",0,仙林校区,2012-2013学年 第2学期,52050,"无,无",,否,,,,,,0,大学英语（二）,,"第3节-第4节,第3节-第4节",,000210B
64.0,400330,大学英语（二）(20122-000210B-6),20122000210B52053,,3,,0,"1-17周,1-17周",0,,"1-17周 周一 第3节-第4节 ,1-17周 周五 第3节-第4节 ",4.0,大学外语部,否,,"周一,周五",2012-2013-2,,20122000210B52053,"2011外国语学院俄语,2012政府管理学院行政管理（劳动与社会保障）,2012政府管理学院国际政治,2012政府管理学院行政管理,2012政府管理学院政治学与行政学,2012政府管理学院公共管理类,2012新闻传播学院新闻学（运动员班）,2012新闻传播学院新闻学（记者班）,2012新闻传播学院广播电视新闻学,2012新闻传播学院广告学,2012新闻传播学院新闻学,2011外国语学院朝鲜语,2011外国语学院西班牙语,2011外国语学院德语,2011外国语学院法语,2011外国语学院日语",0,仙林校区,2012-2013学年 第2学期,52053,"无,无",,否,,,,,,0,大学英语（二）,,"第3节-第4节,第3节-第4节",,000210B
64.0,400330,大学英语（二）(20122-000210B-7),20122000210B52085,,3,,0,"1-17周,1-17周",0,,"1-17周 周二 第3节-第4节 ,1-17周 周四 第3节-第4节 ",4.0,大学外语部,否,,"周二,周四",2012-2013-2,,20122000210B52085,"2012商学院经济学类,2012工程管理学院信息工程,2012工程管理学院金融工程,2012工程管理学院工业工程,2012工程管理学院自动化,2012商学院经济学（产业经济方向）,2012商学院金融工程,2012商学院保险学,2012商学院工商管理（人力资源管理方向）,2012商学院国际经济与贸易（二学位）,2012商学院工商管理类,2012商学院市场营销,2012商学院电子商务,2012商学院金融学,2012商学院财务管理,2012商学院会计学,2012商学院工商管理,2012商学院国际经济与贸易,2012商学院经济学",0,仙林校区,2012-2013学年 第2学期,52085,"无,无",,否,,,,,,0,大学英语（二）,,"第3节-第4节,第3节-第4节",,000210B
64.0,400330,大学英语（二）(20122-000210B-8),20122000210B52088,,3,,0,"1-17周,1-17周",0,,"1-17周 周三 第3节-第4节 ,1-17周 周五 第3节-第4节 ",4.0,大学外语部,否,,"周三,周五",2012-2013-2,,20122000210B52088,"2012电子科学与工程学院电子信息科学与技术,2012电子科学与工程学院微电子学,2012电子科学与工程学院生物医学工程,2012电子科学与工程学院通信工程",0,仙林校区,2012-2013学年 第2学期,52088,"无,无",,否,,,,,,0,大学英语（二）,,"第3节-第4节,第3节-第4节",,000210B
64.0,400330,大学英语（二）(20122-000210B-9),20122000210B52089,,3,,0,"1-17周,1-17周",0,,"1-17周 周一 第5节-第6节 ,1-17周 周三 第5节-第6节 ",4.0,大学外语部,否,,"周一,周三",2012-2013-2,,20122000210B52089,"2012天文与空间科学学院天文学,2012软件学院软件工程,2012软件学院软件学类,2012计算机学院计算机科学与技术,2012天文与空间科学学院空间科学与技术",0,仙林校区,2012-2013学年 第2学期,52089,"无,无",,否,,,,,,0,大学英语（二）,,"第5节-第6节,第5节-第6节",,000210B
64.0,400330,大学英语（二）(20122-000210B-10),20122000210B52093,,3,,0,"1-17周,1-17周",0,,"1-17周 周二 第5节-第6节 ,1-17周 周四 第5节-第6节 ",4.0,大学外语部,否,,"周二,周四",2012-2013-2,,20122000210B52093,"2012数学学院数学类,2012物理学院物理学,2012数学学院应用模块,2012数学学院统计学,2012数学学院信息与计算科学,2012数学学院数学与应用数学",0,仙林校区,2012-2013学年 第2学期,52093,"无,无",,否,,,,,,0,大学英语（二）,,"第5节-第6节,第5节-第6节",,000210B
64.0,400330,大学英语（第一层次B)(20122-000211B-1),20122000211B50887,,3,,33,"1-17周,1-17周",0,"张宇,王海啸","1-17周 周一 第7节-第8节 仙Ⅱ-307,1-17周 周四 第7节-第8节 仙Ⅱ-307",4.0,大学外语部,否,,"周一,周四",2012-2013-2,,20122000211B50887,,0,仙林校区,2012-2013学年 第2学期,50887,"仙Ⅱ-307,仙Ⅱ-307",,否,,,,,,0,大学英语（第一层次B),12,"第7节-第8节,第7节-第8节",仙II区,000211B
64.0,400330,大学英语（第一层次B)(20122-000211B-2),20122000211B50888,,3,,33,"1-17周,1-17周",0,"张宇,王海啸","1-17周 周一 第9节-第10节 仙Ⅱ-307,1-17周 周四 第9节-第10节 仙Ⅱ-307",4.0,大学外语部,否,,"周一,周四",2012-2013-2,,20122000211B50888,,0,仙林校区,2012-2013学年 第2学期,50888,"仙Ⅱ-307,仙Ⅱ-307",,否,,,,,,0,大学英语（第一层次B),12,"第9节-第10节,第9节-第10节",仙II区,000211B
64.0,400330,大学英语（第二层次B)(20122-000212B-1),20122000212B50889,,3,,30,"1-17周,1-17周",0,"杨奕枫,蒋玉梅","1-17周 周一 第1节-第2节 仙Ⅱ-307,1-17周 周五 第1节-第2节 仙Ⅱ-307",4.0,大学外语部,否,,"周一,周五",2012-2013-2,,20122000212B50889,,0,仙林校区,2012-2013学年 第2学期,50889,"仙Ⅱ-307,仙Ⅱ-307",,否,,,,,,0,大学英语（第二层次B),12,"第1节-第2节,第1节-第2节",仙II区,000212B
64.0,400330,大学英语（第二层次B)(20122-000212B-2),20122000212B50890,,3,,28,"1-17周,1-17周",0,"张洁,路璐","1-17周 周一 第1节-第2节 仙Ⅱ-407,1-17周 周五 第1节-第2节 仙Ⅱ-407",4.0,大学外语部,否,,"周一,周五",2012-2013-2,,20122000212B50890,2012历史学院历史学类,0,仙林校区,2012-2013学年 第2学期,50890,"仙Ⅱ-407,仙Ⅱ-407",,否,,,,,,0,大学英语（第二层次B),12,"第1节-第2节,第1节-第2节",仙II区,000212B
64.0,400330,大学英语（第二层次B)(20122-000212B-3),20122000212B50891,,3,,25,"1-17周,1-17周",0,"程欣,王晓红","1-17周 周一 第1节-第2节 仙Ⅱ-401,1-17周 周五 第1节-第2节 仙Ⅱ-401",4.0,大学外语部,否,,"周一,周五",2012-2013-2,,20122000212B50891,,0,仙林校区,2012-2013学年 第2学期,50891,"仙Ⅱ-401,仙Ⅱ-401",,否,,,,,,0,大学英语（第二层次B),12,"第1节-第2节,第1节-第2节",仙II区,000212B
64.0,400330,大学英语（第二层次B)(20122-000212B-4),20122000212B50892,,3,,29,"1-17周,1-17周",0,"张洁,沈蕾","1-17周 周一 第1节-第2节 仙Ⅱ-319,1-17周 周五 第1节-第2节 仙Ⅱ-319",4.0,大学外语部,否,,"周五,周一",2012-2013-2,,20122000212B50892,,0,仙林校区,2012-2013学年 第2学期,50892,"仙Ⅱ-319,仙Ⅱ-319",,否,,,,,,0,大学英语（第二层次B),12,"第1节-第2节,第1节-第2节",仙II区,000212B
64.0,400330,大学英语（第二层次B)(20122-000212B-5),20122000212B50893,,3,,23,"1-17周,1-17周",0,"陆美慧,程欣","1-17周 周一 第1节-第2节 仙Ⅱ-317,1-17周 周三 第1节-第2节 仙Ⅱ-317",4.0,大学外语部,否,,"周三,周一",2012-2013-2,,20122000212B50893,2012地理与海洋科学学院地理科学类,0,仙林校区,2012-2013学年 第2学期,50893,"仙Ⅱ-317,仙Ⅱ-317",,否,,,,,,0,大学英语（第二层次B),12,"第1节-第2节,第1节-第2节",仙II区,000212B
64.0,400330,大学英语（第二层次B)(20122-000212B-6),20122000212B50894,,3,,22,"1-17周,1-17周",0,"王伟,郭廉彰","1-17周 周一 第1节-第2节 仙Ⅱ-316,1-17周 周三 第1节-第2节 仙Ⅱ-316",4.0,大学外语部,否,,"周三,周一",2012-2013-2,,20122000212B50894,2012地理与海洋科学学院地理科学类,0,仙林校区,2012-2013学年 第2学期,50894,"仙Ⅱ-316,仙Ⅱ-316",,否,,,,,,0,大学英语（第二层次B),12,"第1节-第2节,第1节-第2节",仙II区,000212B
64.0,400330,大学英语（第二层次B)(20122-000212B-7),20122000212B50895,,3,,32,"1-17周,1-17周",0,"程苏婉,左瀚","1-17周 周一 第3节-第4节 仙Ⅱ-410,1-17周 周三 第3节-第4节 仙Ⅱ-410",4.0,大学外语部,否,,"周三,周一",2012-2013-2,,20122000212B50895,2012法学院法学类,0,仙林校区,2012-2013学年 第2学期,50895,"仙Ⅱ-410,仙Ⅱ-410",,否,,,,,,0,大学英语（第二层次B),12,"第3节-第4节,第3节-第4节",仙II区,000212B
64.0,400330,大学英语（第二层次B)(20122-000212B-8),20122000212B50896,,3,,34,"1-17周,1-17周",0,"王伟,奚洁","1-17周 周一 第3节-第4节 仙Ⅱ-407,1-17周 周三 第3节-第4节 仙Ⅱ-407",4.0,大学外语部,否,,"周三,周一",2012-2013-2,,20122000212B50896,2012信息管理学院文科类,0,仙林校区,2012-2013学年 第2学期,50896,"仙Ⅱ-407,仙Ⅱ-407",,否,,,,,,0,大学英语（第二层次B),12,"第3节-第4节,第3节-第4节",仙II区,000212B
64.0,400330,大学英语（第二层次B)(20122-000212B-9),20122000212B50897,,3,,30,"1-17周,1-17周",0,"顾永兴,黄燕","1-17周 周一 第3节-第4节 仙Ⅱ-316,1-17周 周五 第3节-第4节 仙Ⅱ-316",4.0,大学外语部,否,,"周一,周五",2012-2013-2,,20122000212B50897,,0,仙林校区,2012-2013学年 第2学期,50897,"仙Ⅱ-316,仙Ⅱ-316",,否,,,,,,0,大学英语（第二层次B),12,"第3节-第4节,第3节-第4节",仙II区,000212B
64.0,400330,大学英语（第二层次B)(20122-000212B-10),20122000212B50898,,3,,25,"1-17周,1-17周",0,"张洁,李长生","1-17周 周一 第3节-第4节 仙Ⅱ-307,1-17周 周五 第3节-第4节 仙Ⅱ-307",4.0,大学外语部,否,,"周一,周五",2012-2013-2,,20122000212B50898,2012政府管理学院公共管理类,0,仙林校区,2012-2013学年 第2学期,50898,"仙Ⅱ-307,仙Ⅱ-307",,否,,,,,,0,大学英语（第二层次B),12,"第3节-第4节,第3节-第4节",仙II区,000212B
64.0,400330,大学英语（第二层次B)(20122-000212B-11),20122000212B50899,,3,,30,"1-17周,1-17周",0,"邵崇忠,王晓红","1-17周 周一 第3节-第4节 仙Ⅱ-310,1-17周 周五 第3节-第4节 仙Ⅱ-310",4.0,大学外语部,否,,"周一,周五",2012-2013-2,,20122000212B50899,2012政府管理学院公共管理类,0,仙林校区,2012-2013学年 第2学期,50899,"仙Ⅱ-310,仙Ⅱ-310",,否,,,,,,0,大学英语（第二层次B),12,"第3节-第4节,第3节-第4节",仙II区,000212B
64.0,400330,大学英语（第二层次B)(20122-000212B-12),20122000212B50900,,3,,32,"1-17周,1-17周",0,"吴淑云,耿华","1-17周 周一 第3节-第4节 仙Ⅱ-411,1-17周 周五 第3节-第4节 仙Ⅱ-411",4.0,大学外语部,否,,"周五,周一",2012-2013-2,,20122000212B50900,"2011外国语学院俄语,2011外国语学院朝鲜语,2011外国语学院西班牙语,2011外国语学院德语,2011外国语学院法语,2011外国语学院日语",0,仙林校区,2012-2013学年 第2学期,50900,"仙Ⅱ-411,仙Ⅱ-411",,否,,,,,,0,大学英语（第二层次B),12,"第3节-第4节,第3节-第4节",仙II区,000212B
64.0,400330,大学英语（第二层次B)(20122-000212B-13),20122000212B50901,,3,,33,"1-17周,1-17周",0,"张洁,沈蕾","1-17周 周一 第3节-第4节 仙Ⅱ-315,1-17周 周五 第3节-第4节 仙Ⅱ-315",4.0,大学外语部,否,,"周五,周一",2012-2013-2,,20122000212B50901,"2011外国语学院俄语,2011外国语学院朝鲜语,2011外国语学院西班牙语,2011外国语学院德语,2011外国语学院法语,2011外国语学院日语",0,仙林校区,2012-2013学年 第2学期,50901,"仙Ⅱ-315,仙Ⅱ-315",,否,,,,,,0,大学英语（第二层次B),12,"第3节-第4节,第3节-第4节",仙II区,000212B
64.0,400330,大学英语（第二层次B)(20122-000212B-14),20122000212B50902,,3,,30,"1-17周,1-17周",0,"杨奕枫,TOBY BALLENTINE","1-17周 周一 第5节-第6节 仙Ⅱ-315,1-17周 周三 第5节-第6节 仙Ⅰ-114",4.0,大学外语部,否,,"周一,周三",2012-2013-2,,20122000212B50902,,0,仙林校区,2012-2013学年 第2学期,50902,"仙Ⅱ-315,仙Ⅰ-114",,否,,,,,,0,大学英语（第二层次B),"11,12","第5节-第6节,第5节-第6节","仙I区, 仙II区",000212B
64.0,400330,大学英语（第二层次B)(20122-000212B-15),20122000212B50903,,3,,31,"1-17周,1-17周",0,"陈桦,顾永兴","1-17周 周一 第5节-第6节 仙Ⅱ-316,1-17周 周三 第5节-第6节 仙Ⅱ-316",4.0,大学外语部,否,,"周一,周三",2012-2013-2,,20122000212B50903,,0,仙林校区,2012-2013学年 第2学期,50903,"仙Ⅱ-316,仙Ⅱ-316",,否,,,,,,0,大学英语（第二层次B),12,"第5节-第6节,第5节-第6节",仙II区,000212B
64.0,400330,大学英语（第二层次B)(20122-000212B-16),20122000212B50904,,3,,30,"1-17周,1-17周",0,"蒋玉梅,王晓红","1-17周 周一 第5节-第6节 仙Ⅱ-317,1-17周 周三 第5节-第6节 仙Ⅱ-317",4.0,大学外语部,否,,"周一,周三",2012-2013-2,,20122000212B50904,,0,仙林校区,2012-2013学年 第2学期,50904,"仙Ⅱ-317,仙Ⅱ-317",,否,,,,,,0,大学英语（第二层次B),12,"第5节-第6节,第5节-第6节",仙II区,000212B
64.0,400330,大学英语（第二层次B)(20122-000212B-17),20122000212B50905,,3,,29,"1-17周,1-17周",0,"程苏婉,奚洁","1-17周 周一 第5节-第6节 仙Ⅱ-319,1-17周 周三 第5节-第6节 仙Ⅱ-319",4.0,大学外语部,否,,"周三,周一",2012-2013-2,,20122000212B50905,2012软件学院软件学类,0,仙林校区,2012-2013学年 第2学期,50905,"仙Ⅱ-319,仙Ⅱ-319",,否,,,,,,0,大学英语（第二层次B),12,"第5节-第6节,第5节-第6节",仙II区,000212B
64.0,400330,大学英语（第二层次B)(20122-000212B-18),20122000212B50906,,3,,31,"1-17周,1-17周",0,"庄红,王晓红","1-17周 周一 第5节-第6节 仙Ⅱ-401,1-17周 周三 第5节-第6节 仙Ⅱ-401",4.0,大学外语部,否,,"周三,周一",2012-2013-2,,20122000212B50906,2012软件学院软件学类,0,仙林校区,2012-2013学年 第2学期,50906,"仙Ⅱ-401,仙Ⅱ-401",,否,,,,,,0,大学英语（第二层次B),12,"第5节-第6节,第5节-第6节",仙II区,000212B
64.0,400330,大学英语（第二层次B)(20122-000212B-19),20122000212B50907,,3,,34,"1-17周,1-17周",0,"左瀚,耿华","1-17周 周一 第5节-第6节 仙Ⅱ-407,1-17周 周三 第5节-第6节 仙Ⅱ-407",4.0,大学外语部,否,,"周三,周一",2012-2013-2,,20122000212B50907,2012软件学院软件学类,0,仙林校区,2012-2013学年 第2学期,50907,"仙Ⅱ-407,仙Ⅱ-407",,否,,,,,,0,大学英语（第二层次B),12,"第5节-第6节,第5节-第6节",仙II区,000212B
64.0,400330,大学英语（第二层次B)(20122-000212B-20),20122000212B50908,,3,,32,"1-17周,1-17周",0,"陆美慧,沈蕾","1-17周 周一 第5节-第6节 仙Ⅱ-410,1-17周 周三 第5节-第6节 仙Ⅱ-410",4.0,大学外语部,否,,"周三,周一",2012-2013-2,,20122000212B50908,2012软件学院软件学类,0,仙林校区,2012-2013学年 第2学期,50908,"仙Ⅱ-410,仙Ⅱ-410",,否,,,,,,0,大学英语（第二层次B),12,"第5节-第6节,第5节-第6节",仙II区,000212B
64.0,400330,大学英语（第二层次B)(20122-000212B-21),20122000212B50909,,3,,38,"1-17周,1-17周",0,"沈蕾,吴淑云","1-17周 周二 第1节-第2节 仙Ⅱ-307,1-17周 周四 第1节-第2节 仙Ⅱ-307",4.0,大学外语部,否,,"周二,周四",2012-2013-2,,20122000212B50909,2012化学学院化学类,0,仙林校区,2012-2013学年 第2学期,50909,"仙Ⅱ-307,仙Ⅱ-307",,否,,,,,,0,大学英语（第二层次B),12,"第1节-第2节,第1节-第2节",仙II区,000212B
64.0,400330,大学英语（第二层次B)(20122-000212B-22),20122000212B50910,,3,,38,"1-17周,1-17周",0,"陈海,曹宁","1-17周 周二 第1节-第2节 仙Ⅱ-310,1-17周 周四 第1节-第2节 仙Ⅱ-310",4.0,大学外语部,否,,"周二,周四",2012-2013-2,,20122000212B50910,2012化学学院化学类,0,仙林校区,2012-2013学年 第2学期,50910,"仙Ⅱ-310,仙Ⅱ-310",,否,,,,,,0,大学英语（第二层次B),12,"第1节-第2节,第1节-第2节",仙II区,000212B
64.0,400330,大学英语（第二层次B)(20122-000212B-23),20122000212B50911,,3,,30,"1-17周,1-17周",0,"耿华,孙爱娣","1-17周 周二 第1节-第2节 仙Ⅱ-315,1-17周 周四 第1节-第2节 仙Ⅱ-315",4.0,大学外语部,否,,"周二,周四",2012-2013-2,,20122000212B50911,2012地球科学与工程学院地质学类,0,仙林校区,2012-2013学年 第2学期,50911,"仙Ⅱ-315,仙Ⅱ-315",,否,,,,,,0,大学英语（第二层次B),12,"第1节-第2节,第1节-第2节",仙II区,000212B
64.0,400330,大学英语（第二层次B)(20122-000212B-24),20122000212B50912,,3,,30,"1-17周,1-17周",0,"蒋玉梅,顾永兴","1-17周 周二 第1节-第2节 仙Ⅱ-316,1-17周 周四 第1节-第2节 仙Ⅱ-316",4.0,大学外语部,否,,"周四,周二",2012-2013-2,,20122000212B50912,2012大气科学学院大气科学类,0,仙林校区,2012-2013学年 第2学期,50912,"仙Ⅱ-316,仙Ⅱ-316",,否,,,,,,0,大学英语（第二层次B),12,"第1节-第2节,第1节-第2节",仙II区,000212B
64.0,400330,大学英语（第二层次B)(20122-000212B-25),20122000212B50913,,3,,31,"1-17周,1-17周",0,"路璐,魏群","1-17周 周二 第1节-第2节 仙Ⅱ-317,1-17周 周四 第1节-第2节 仙Ⅱ-317",4.0,大学外语部,否,,"周四,周二",2012-2013-2,,20122000212B50913,2012建筑与城市规划学院建筑学,0,仙林校区,2012-2013学年 第2学期,50913,"仙Ⅱ-317,仙Ⅱ-317",,否,,,,,,0,大学英语（第二层次B),12,"第1节-第2节,第1节-第2节",仙II区,000212B
64.0,400330,大学英语（第二层次B)(20122-000212B-26),20122000212B50914,,3,,33,"1-17周,1-17周",0,"张俊焕,倪辉莉","1-17周 周二 第1节-第2节 仙Ⅱ-319,1-17周 周四 第1节-第2节 仙Ⅱ-319",4.0,大学外语部,否,,"周四,周二",2012-2013-2,,20122000212B50914,"2012大气科学学院大气科学类,2012建筑与城市规划学院建筑学",0,仙林校区,2012-2013学年 第2学期,50914,"仙Ⅱ-319,仙Ⅱ-319",,否,,,,,,0,大学英语（第二层次B),12,"第1节-第2节,第1节-第2节",仙II区,000212B
64.0,400330,大学英语（第二层次B)(20122-000212B-27),20122000212B50915,,3,,33,"1-17周,1-17周",0,"沈蕾,陆美慧","1-17周 周二 第3节-第4节 仙Ⅱ-307,1-17周 周四 第3节-第4节 仙Ⅱ-307",4.0,大学外语部,否,,"周二,周四",2012-2013-2,,20122000212B50915,2012商学院经济学类,0,仙林校区,2012-2013学年 第2学期,50915,"仙Ⅱ-307,仙Ⅱ-307",,否,,,,,,0,大学英语（第二层次B),12,"第3节-第4节,第3节-第4节",仙II区,000212B
64.0,400330,大学英语（第二层次B)(20122-000212B-28),20122000212B50916,,3,,33,"1-17周,1-17周",0,"曹宁,左瀚","1-17周 周二 第3节-第4节 仙Ⅱ-411,1-17周 周四 第3节-第4节 仙Ⅱ-411",4.0,大学外语部,否,,"周二,周四",2012-2013-2,,20122000212B50916,2012商学院经济学类,0,仙林校区,2012-2013学年 第2学期,50916,"仙Ⅱ-411,仙Ⅱ-411",,否,,,,,,0,大学英语（第二层次B),12,"第3节-第4节,第3节-第4节",仙II区,000212B
64.0,400330,大学英语（第二层次B)(20122-000212B-29),20122000212B50917,,3,,34,"1-17周,1-17周",0,"程苏婉,陈海","1-17周 周二 第3节-第4节 仙Ⅱ-412,1-17周 周四 第3节-第4节 仙Ⅱ-412",4.0,大学外语部,否,,"周二,周四",2012-2013-2,,20122000212B50917,2012商学院经济学类,0,仙林校区,2012-2013学年 第2学期,50917,"仙Ⅱ-412,仙Ⅱ-412",,否,,,,,,0,大学英语（第二层次B),12,"第3节-第4节,第3节-第4节",仙II区,000212B
64.0,400330,大学英语（第二层次B)(20122-000212B-30),20122000212B50918,,3,,34,"1-17周,1-17周",0,"陈桦,顾露雯","1-17周 周二 第3节-第4节 仙Ⅱ-315,1-17周 周四 第3节-第4节 仙Ⅱ-315",4.0,大学外语部,否,,"周二,周四",2012-2013-2,,20122000212B50918,2012商学院经济学类,0,仙林校区,2012-2013学年 第2学期,50918,"仙Ⅱ-315,仙Ⅱ-315",,否,,,,,,0,大学英语（第二层次B),12,"第3节-第4节,第3节-第4节",仙II区,000212B
64.0,400330,大学英语（第二层次B)(20122-000212B-31),20122000212B50919,,3,,31,"1-17周,1-17周",0,"吴淑云,孟蕊","1-17周 周二 第3节-第4节 仙Ⅱ-316,1-17周 周四 第3节-第4节 仙Ⅱ-316",4.0,大学外语部,否,,"周二,周四",2012-2013-2,,20122000212B50919,2012商学院经济学类,0,仙林校区,2012-2013学年 第2学期,50919,"仙Ⅱ-316,仙Ⅱ-316",,否,,,,,,0,大学英语（第二层次B),12,"第3节-第4节,第3节-第4节",仙II区,000212B
64.0,400330,大学英语（第二层次B)(20122-000212B-32),20122000212B50920,,3,,32,"1-17周,1-17周",0,"耿华,孙爱娣","1-17周 周二 第3节-第4节 仙Ⅱ-317,1-17周 周四 第3节-第4节 仙Ⅱ-317",4.0,大学外语部,否,,"周二,周四",2012-2013-2,,20122000212B50920,2012商学院工商管理类,0,仙林校区,2012-2013学年 第2学期,50920,"仙Ⅱ-317,仙Ⅱ-317",,否,,,,,,0,大学英语（第二层次B),12,"第3节-第4节,第3节-第4节",仙II区,000212B
64.0,400330,大学英语（第二层次B)(20122-000212B-33),20122000212B50921,,3,,32,"1-17周,1-17周",0,"顾永兴,倪辉莉","1-17周 周二 第3节-第4节 仙Ⅱ-310,1-17周 周四 第3节-第4节 仙Ⅱ-310",4.0,大学外语部,否,,"周四,周二",2012-2013-2,,20122000212B50921,2012商学院工商管理类,0,仙林校区,2012-2013学年 第2学期,50921,"仙Ⅱ-310,仙Ⅱ-310",,否,,,,,,0,大学英语（第二层次B),12,"第3节-第4节,第3节-第4节",仙II区,000212B
64.0,400330,大学英语（第二层次B)(20122-000212B-34),20122000212B50922,,3,,32,"1-17周,1-17周",0,"曹宁,吴淑云","1-17周 周二 第3节-第4节 仙Ⅱ-319,1-17周 周四 第3节-第4节 仙Ⅱ-319",4.0,大学外语部,否,,"周四,周二",2012-2013-2,,20122000212B50922,2012商学院工商管理类,0,仙林校区,2012-2013学年 第2学期,50922,"仙Ⅱ-319,仙Ⅱ-319",,否,,,,,,0,大学英语（第二层次B),12,"第3节-第4节,第3节-第4节",仙II区,000212B
64.0,400330,大学英语（第二层次B)(20122-000212B-35),20122000212B50923,,3,,31,"1-17周,1-17周",0,"魏群,孟蕊","1-17周 周二 第3节-第4节 仙Ⅱ-401,1-17周 周四 第3节-第4节 仙Ⅱ-401",4.0,大学外语部,否,,"周四,周二",2012-2013-2,,20122000212B50923,2012商学院工商管理类,0,仙林校区,2012-2013学年 第2学期,50923,"仙Ⅱ-401,仙Ⅱ-401",,否,,,,,,0,大学英语（第二层次B),12,"第3节-第4节,第3节-第4节",仙II区,000212B
64.0,400330,大学英语（第二层次B)(20122-000212B-36),20122000212B50924,,3,,29,"1-17周,1-17周",0,"杨奕枫,黄燕","1-17周 周二 第3节-第4节 仙Ⅱ-407,1-17周 周四 第3节-第4节 仙Ⅱ-407",4.0,大学外语部,否,,"周四,周二",2012-2013-2,,20122000212B50924,,0,仙林校区,2012-2013学年 第2学期,50924,"仙Ⅱ-407,仙Ⅱ-407",,否,,,,,,0,大学英语（第二层次B),12,"第3节-第4节,第3节-第4节",仙II区,000212B
64.0,400330,大学英语（第二层次B)(20122-000212B-37),20122000212B50925,,3,,29,"1-17周,1-17周",0,"路璐,张俊焕","1-17周 周二 第3节-第4节 仙Ⅱ-410,1-17周 周四 第3节-第4节 仙Ⅱ-410",4.0,大学外语部,否,,"周四,周二",2012-2013-2,,20122000212B50925,,0,仙林校区,2012-2013学年 第2学期,50925,"仙Ⅱ-410,仙Ⅱ-410",,否,,,,,,0,大学英语（第二层次B),12,"第3节-第4节,第3节-第4节",仙II区,000212B
64.0,400330,大学英语（第二层次B)(20122-000212B-38),20122000212B50926,,3,,26,"1-17周,1-17周",0,"顾露雯,曹宁","1-17周 周二 第5节-第6节 仙Ⅱ-315,1-17周 周四 第5节-第6节 仙Ⅱ-315",4.0,大学外语部,否,,"周四,周二",2012-2013-2,,20122000212B50926,2012数学学院数学类,0,仙林校区,2012-2013学年 第2学期,50926,"仙Ⅱ-315,仙Ⅱ-315",,否,,,,,,0,大学英语（第二层次B),12,"第5节-第6节,第5节-第6节",仙II区,000212B
64.0,400330,大学英语（第二层次B)(20122-000212B-39),20122000212B50927,,3,,35,"1-17周,1-17周",0,"陈海,黄燕","1-17周 周二 第5节-第6节 仙Ⅱ-316,1-17周 周四 第5节-第6节 仙Ⅱ-316",4.0,大学外语部,否,,"周二,周四",2012-2013-2,,20122000212B50927,,0,仙林校区,2012-2013学年 第2学期,50927,"仙Ⅱ-316,仙Ⅱ-316",,否,,,,,,0,大学英语（第二层次B),12,"第5节-第6节,第5节-第6节",仙II区,000212B
64.0,400330,大学英语（第二层次B)(20122-000212B-40),20122000212B50928,,3,,35,"1-17周,1-17周",0,"邵崇忠,孙爱娣","1-17周 周二 第5节-第6节 仙Ⅱ-317,1-17周 周四 第5节-第6节 仙Ⅱ-317",4.0,大学外语部,否,,"周二,周四",2012-2013-2,,20122000212B50928,,0,仙林校区,2012-2013学年 第2学期,50928,"仙Ⅱ-317,仙Ⅱ-317",,否,,,,,,0,大学英语（第二层次B),12,"第5节-第6节,第5节-第6节",仙II区,000212B
64.0,400330,大学英语（第二层次B)(20122-000212B-41),20122000212B50929,,3,,36,"1-17周,1-17周",0,"耿华,顾露雯","1-17周 周二 第5节-第6节 仙Ⅱ-319,1-17周 周四 第5节-第6节 仙Ⅱ-319",4.0,大学外语部,否,,"周二,周四",2012-2013-2,,20122000212B50929,,0,仙林校区,2012-2013学年 第2学期,50929,"仙Ⅱ-319,仙Ⅱ-319",,否,,,,,,0,大学英语（第二层次B),12,"第5节-第6节,第5节-第6节",仙II区,000212B
64.0,400330,大学英语（第二层次B)(20122-000212B-42),20122000212B50930,,3,,25,"1-17周,1-17周",0,"蒋玉梅,魏群","1-17周 周二 第5节-第6节 仙Ⅱ-401,1-17周 周四 第5节-第6节 仙Ⅱ-401",4.0,大学外语部,否,,"周四,周二",2012-2013-2,,20122000212B50930,2012数学学院数学类,0,仙林校区,2012-2013学年 第2学期,50930,"仙Ⅱ-401,仙Ⅱ-401",,否,,,,,,0,大学英语（第二层次B),12,"第5节-第6节,第5节-第6节",仙II区,000212B
64.0,400330,大学英语（第二层次B)(20122-000212B-43),20122000212B50931,,3,,34,"1-17周,1-17周",0,"张燕,顾露雯","1-17周 周二 第1节-第2节 仙Ⅱ-401,1-17周 周四 第1节-第2节 仙Ⅱ-401",4.0,大学外语部,否,,"周二,周四",2012-2013-2,,20122000212B50931,,0,仙林校区,2012-2013学年 第2学期,50931,"仙Ⅱ-401,仙Ⅱ-401",,否,,,,,,0,大学英语（第二层次B),12,"第1节-第2节,第1节-第2节",仙II区,000212B
64.0,400330,大学英语（第二层次B)(20122-000212B-44),20122000212B50932,,3,,34,"1-17周,1-17周",0,"杨奕枫,孟蕊","1-17周 周二 第1节-第2节 仙Ⅱ-407,1-17周 周四 第1节-第2节 仙Ⅱ-407",4.0,大学外语部,否,,"周四,周二",2012-2013-2,,20122000212B50932,,0,仙林校区,2012-2013学年 第2学期,50932,"仙Ⅱ-407,仙Ⅱ-407",,否,,,,,,0,大学英语（第二层次B),12,"第1节-第2节,第1节-第2节",仙II区,000212B
64.0,400330,大学英语（第二层次B)(20122-000212B-45),20122000212B50933,,3,,37,"1-17周,1-17周",0,"王伟,陈海","1-17周 周三 第1节-第2节 仙Ⅱ-310,1-17周 周五 第1节-第2节 仙Ⅱ-310",4.0,大学外语部,否,,"周五,周三",2012-2013-2,,20122000212B50933,"2012生命科学学院生物科学类,2012环境学院环境科学与工程类",0,仙林校区,2012-2013学年 第2学期,50933,"仙Ⅱ-310,仙Ⅱ-310",,否,,,,,,0,大学英语（第二层次B),12,"第1节-第2节,第1节-第2节",仙II区,000212B
64.0,400330,大学英语（第二层次B)(20122-000212B-46),20122000212B50934,,3,,38,"1-17周,1-17周",0,"TOBY BALLENTINE,孙爱娣","1-17周 周三 第1节-第2节 仙Ⅰ-114,1-17周 周五 第1节-第2节 仙Ⅱ-315",4.0,大学外语部,否,,"周五,周三",2012-2013-2,,20122000212B50934,2012环境学院环境科学与工程类,0,仙林校区,2012-2013学年 第2学期,50934,"仙Ⅱ-315,仙Ⅰ-114",,否,,,,,,0,大学英语（第二层次B),"11,12","第1节-第2节,第1节-第2节","仙I区, 仙II区",000212B
64.0,400330,大学英语（第二层次B)(20122-000212B-47),20122000212B50935,,3,,30,"1-17周,1-17周",0,"陆美慧,王伟","1-17周 周三 第3节-第4节 仙Ⅱ-317,1-17周 周五 第3节-第4节 仙Ⅱ-317",4.0,大学外语部,否,,"周五,周三",2012-2013-2,,20122000212B50935,,0,仙林校区,2012-2013学年 第2学期,50935,"仙Ⅱ-317,仙Ⅱ-317",,否,,,,,,0,大学英语（第二层次B),12,"第3节-第4节,第3节-第4节",仙II区,000212B
64.0,400330,大学英语（第二层次B)(20122-000212B-48),20122000212B50936,,3,,30,"1-17周,1-17周",0,"TOBY BALLENTINE,魏群","1-17周 周三 第3节-第4节 仙Ⅰ-114,1-17周 周五 第3节-第4节 仙Ⅱ-319",4.0,大学外语部,否,,"周五,周三",2012-2013-2,,20122000212B50936,,0,仙林校区,2012-2013学年 第2学期,50936,"仙Ⅱ-319,仙Ⅰ-114",,否,,,,,,0,大学英语（第二层次B),"11,12","第3节-第4节,第3节-第4节","仙I区, 仙II区",000212B
64.0,400330,大学英语（第二层次B)(20122-000212B-49),20122000212B50937,,3,,31,"1-17周,1-17周",0,"程欣,郭廉彰","1-17周 周三 第3节-第4节 仙Ⅱ-401,1-17周 周五 第3节-第4节 仙Ⅱ-401",4.0,大学外语部,否,,"周三,周五",2012-2013-2,,20122000212B50937,,0,仙林校区,2012-2013学年 第2学期,50937,"仙Ⅱ-401,仙Ⅱ-401",,否,,,,,,0,大学英语（第二层次B),12,"第3节-第4节,第3节-第4节",仙II区,000212B
64.0,400330,大学英语（第三层次B)(20122-000213B-1),20122000213B50938,,3,,35,"1-17周,1-17周",0,"陆晓,刘芳","1-17周 周一 第1节-第2节 仙Ⅱ-422,1-17周 周三 第1节-第2节 仙Ⅱ-422",4.0,大学外语部,否,,"周一,周三",2012-2013-2,,20122000213B50938,,0,仙林校区,2012-2013学年 第2学期,50938,"仙Ⅱ-422,仙Ⅱ-422",,否,,,,,,0,大学英语（第三层次B),12,"第1节-第2节,第1节-第2节",仙II区,000213B
64.0,400330,大学英语（第三层次B)(20122-000213B-2),20122000213B50939,,3,,36,"1-17周,1-17周",0,"朱静怡,裴黎萍","1-17周 周一 第1节-第2节 仙Ⅱ-421,1-17周 周三 第1节-第2节 仙Ⅱ-421",4.0,大学外语部,否,,"周一,周三",2012-2013-2,,20122000213B50939,,0,仙林校区,2012-2013学年 第2学期,50939,"仙Ⅱ-421,仙Ⅱ-421",,否,,,,,,0,大学英语（第三层次B),12,"第1节-第2节,第1节-第2节",仙II区,000213B
64.0,400330,大学英语（第三层次B)(20122-000213B-3),20122000213B50940,,3,,33,"1-17周,1-17周",0,"于江,乔丽婷","1-17周 周一 第1节-第2节 仙Ⅱ-419,1-17周 周三 第1节-第2节 仙Ⅱ-419",4.0,大学外语部,否,,"周三,周一",2012-2013-2,,20122000213B50940,,0,仙林校区,2012-2013学年 第2学期,50940,"仙Ⅱ-419,仙Ⅱ-419",,否,,,,,,0,大学英语（第三层次B),12,"第1节-第2节,第1节-第2节",仙II区,000213B
64.0,400330,大学英语（第三层次B)(20122-000213B-4),20122000213B50941,,3,,36,"1-17周,1-17周",0,"邵崇忠,傅俭","1-17周 周一 第1节-第2节 仙Ⅱ-418,1-17周 周五 第1节-第2节 仙Ⅱ-418",4.0,大学外语部,否,,"周一,周五",2012-2013-2,,20122000213B50941,,0,仙林校区,2012-2013学年 第2学期,50941,"仙Ⅱ-418,仙Ⅱ-418",,否,,,,,,0,大学英语（第三层次B),12,"第1节-第2节,第1节-第2节",仙II区,000213B
64.0,400330,大学英语（第三层次B)(20122-000213B-5),20122000213B50942,,3,,38,"1-17周,1-17周",0,"周莹,孟蕊","1-17周 周一 第1节-第2节 仙Ⅱ-417,1-17周 周五 第1节-第2节 仙Ⅱ-417",4.0,大学外语部,否,,"周一,周五",2012-2013-2,,20122000213B50942,,0,仙林校区,2012-2013学年 第2学期,50942,"仙Ⅱ-417,仙Ⅱ-417",,否,,,,,,0,大学英语（第三层次B),12,"第1节-第2节,第1节-第2节",仙II区,000213B
64.0,400330,大学英语（第三层次B)(20122-000213B-6),20122000213B50943,,3,,42,"1-17周,1-17周",0,"乔丽婷,王颖","1-17周 周一 第1节-第2节 仙Ⅱ-416,1-17周 周五 第1节-第2节 仙Ⅱ-416",4.0,大学外语部,否,,"周五,周一",2012-2013-2,,20122000213B50943,2012历史学院历史学类,0,仙林校区,2012-2013学年 第2学期,50943,"仙Ⅱ-416,仙Ⅱ-416",,否,,,,,,0,大学英语（第三层次B),12,"第1节-第2节,第1节-第2节",仙II区,000213B
64.0,400330,大学英语（第三层次B)(20122-000213B-7),20122000213B50944,,3,,35,"1-17周,1-17周",0,"朱静怡,傅俭","1-17周 周一 第1节-第2节 仙Ⅱ-415,1-17周 周五 第1节-第2节 仙Ⅱ-415",4.0,大学外语部,否,,"周五,周一",2012-2013-2,,20122000213B50944,,0,仙林校区,2012-2013学年 第2学期,50944,"仙Ⅱ-415,仙Ⅱ-415",,否,,,,,,0,大学英语（第三层次B),12,"第1节-第2节,第1节-第2节",仙II区,000213B
64.0,400330,大学英语（第三层次B)(20122-000213B-8),20122000213B50945,,3,,39,"1-17周,1-17周",0,"TOBY BALLENTINE,徐娟","1-17周 周一 第1节-第2节 仙Ⅰ-114,1-17周 周三 第1节-第2节 仙Ⅱ-414",4.0,大学外语部,否,,"周三,周一",2012-2013-2,,20122000213B50945,2012地理与海洋科学学院地理科学类,0,仙林校区,2012-2013学年 第2学期,50945,"仙Ⅱ-414,仙Ⅰ-114",,否,,,,,,0,大学英语（第三层次B),"11,12","第1节-第2节,第1节-第2节","仙I区, 仙II区",000213B
64.0,400330,大学英语（第三层次B)(20122-000213B-9),20122000213B50946,,3,,31,"1-17周,1-17周",0,"徐娟,刘芳","1-17周 周一 第3节-第4节 仙Ⅱ-412,1-17周 周三 第3节-第4节 仙Ⅱ-412",4.0,大学外语部,否,,"周三,周一",2012-2013-2,,20122000213B50946,2012法学院法学类,0,仙林校区,2012-2013学年 第2学期,50946,"仙Ⅱ-412,仙Ⅱ-412",,否,,,,,,0,大学英语（第三层次B),12,"第3节-第4节,第3节-第4节",仙II区,000213B
64.0,400330,大学英语（第三层次B)(20122-000213B-10),20122000213B50947,,3,,32,"1-17周,1-17周",0,"程欣,裴黎萍","1-17周 周一 第3节-第4节 仙Ⅱ-421,1-17周 周三 第3节-第4节 仙Ⅱ-421",4.0,大学外语部,否,,"周三,周一",2012-2013-2,,20122000213B50947,2012法学院法学类,0,仙林校区,2012-2013学年 第2学期,50947,"仙Ⅱ-421,仙Ⅱ-421",,否,,,,,,0,大学英语（第三层次B),12,"第3节-第4节,第3节-第4节",仙II区,000213B
64.0,400330,大学英语（第三层次B)(20122-000213B-11),20122000213B50948,,3,,33,"1-17周,1-17周",0,"刘芳,徐娟","1-17周 周一 第3节-第4节 仙Ⅱ-422,1-17周 周五 第3节-第4节 仙Ⅱ-422",4.0,大学外语部,否,,"周一,周五",2012-2013-2,,20122000213B50948,,0,仙林校区,2012-2013学年 第2学期,50948,"仙Ⅱ-422,仙Ⅱ-422",,否,,,,,,0,大学英语（第三层次B),12,"第3节-第4节,第3节-第4节",仙II区,000213B
64.0,400330,大学英语（第三层次B)(20122-000213B-12),20122000213B50949,,3,,34,"1-17周,1-17周",0,"乔丽婷,倪辉莉","1-17周 周一 第3节-第4节 仙Ⅱ-413,1-17周 周五 第3节-第4节 仙Ⅱ-413",4.0,大学外语部,否,,"周一,周五",2012-2013-2,,20122000213B50949,,0,仙林校区,2012-2013学年 第2学期,50949,"仙Ⅱ-413,仙Ⅱ-413",,否,,,,,,0,大学英语（第三层次B),12,"第3节-第4节,第3节-第4节",仙II区,000213B
64.0,400330,大学英语（第三层次B)(20122-000213B-13),20122000213B50950,,3,,36,"1-17周,1-17周",0,"陆晓,孟蕊","1-17周 周一 第3节-第4节 仙Ⅱ-414,1-17周 周五 第3节-第4节 仙Ⅱ-414",4.0,大学外语部,否,,"周一,周五",2012-2013-2,,20122000213B50950,2012政府管理学院公共管理类,0,仙林校区,2012-2013学年 第2学期,50950,"仙Ⅱ-414,仙Ⅱ-414",,否,,,,,,0,大学英语（第三层次B),12,"第3节-第4节,第3节-第4节",仙II区,000213B
64.0,400330,大学英语（第三层次B)(20122-000213B-14),20122000213B50951,,3,,38,"1-17周,1-17周",0,"朱雪媛,裴黎萍","1-17周 周一 第3节-第4节 仙Ⅱ-415,1-17周 周五 第3节-第4节 仙Ⅱ-415",4.0,大学外语部,否,,"周一,周五",2012-2013-2,,20122000213B50951,2012政府管理学院公共管理类,0,仙林校区,2012-2013学年 第2学期,50951,"仙Ⅱ-415,仙Ⅱ-415",,否,,,,,,0,大学英语（第三层次B),12,"第3节-第4节,第3节-第4节",仙II区,000213B
64.0,400330,大学英语（第三层次B)(20122-000213B-15),20122000213B50952,,3,,28,"1-17周,1-17周",0,"周莹,刘芳","1-17周 周一 第3节-第4节 仙Ⅱ-416,1-17周 周三 第3节-第4节 仙Ⅱ-416",4.0,大学外语部,否,,"周一,周三",2012-2013-2,,20122000213B50952,2012信息管理学院文科类,0,仙林校区,2012-2013学年 第2学期,50952,"仙Ⅱ-416,仙Ⅱ-416",,否,,,,,,0,大学英语（第三层次B),12,"第3节-第4节,第3节-第4节",仙II区,000213B
64.0,400330,大学英语（第三层次B)(20122-000213B-16),20122000213B50953,,3,,25,"1-17周,1-17周",0,"王颖,傅俭","1-17周 周一 第3节-第4节 仙Ⅱ-417,1-17周 周三 第3节-第4节 仙Ⅱ-417",4.0,大学外语部,否,,"周三,周一",2012-2013-2,,20122000213B50953,2012信息管理学院文科类,0,仙林校区,2012-2013学年 第2学期,50953,"仙Ⅱ-417,仙Ⅱ-417",,否,,,,,,0,大学英语（第三层次B),12,"第3节-第4节,第3节-第4节",仙II区,000213B
64.0,400330,大学英语（第三层次B)(20122-000213B-17),20122000213B50954,,3,,27,"1-17周,1-17周",0,"朱静怡,乔丽婷","1-17周 周一 第3节-第4节 仙Ⅱ-418,1-17周 周五 第3节-第4节 仙Ⅱ-418",4.0,大学外语部,否,,"周五,周一",2012-2013-2,,20122000213B50954,"2011外国语学院俄语,2011外国语学院朝鲜语,2011外国语学院西班牙语,2011外国语学院德语,2011外国语学院法语,2011外国语学院日语",0,仙林校区,2012-2013学年 第2学期,50954,"仙Ⅱ-418,仙Ⅱ-418",,否,,,,,,0,大学英语（第三层次B),12,"第3节-第4节,第3节-第4节",仙II区,000213B
64.0,400330,大学英语（第三层次B)(20122-000213B-18),20122000213B50955,,3,,24,"1-17周,1-17周",0,"TOBY BALLENTINE,周莹","1-17周 周一 第3节-第4节 仙Ⅰ-114,1-17周 周五 第3节-第4节 仙Ⅱ-419",4.0,大学外语部,否,,"周五,周一",2012-2013-2,,20122000213B50955,"2011外国语学院俄语,2011外国语学院朝鲜语,2011外国语学院西班牙语,2011外国语学院德语,2011外国语学院法语,2011外国语学院日语",0,仙林校区,2012-2013学年 第2学期,50955,"仙Ⅱ-419,仙Ⅰ-114",,否,,,,,,0,大学英语（第三层次B),"11,12","第3节-第4节,第3节-第4节","仙I区, 仙II区",000213B
64.0,400330,大学英语（第三层次B)(20122-000213B-19),20122000213B50956,,3,,36,"1-17周,1-17周",0,"于江,张丽萍","1-17周 周一 第5节-第6节 仙Ⅱ-411,1-17周 周三 第5节-第6节 仙Ⅱ-411",4.0,大学外语部,否,,"周一,周三",2012-2013-2,,20122000213B50956,,0,仙林校区,2012-2013学年 第2学期,50956,"仙Ⅱ-411,仙Ⅱ-411",,否,,,,,,0,大学英语（第三层次B),12,"第5节-第6节,第5节-第6节",仙II区,000213B
64.0,400330,大学英语（第三层次B)(20122-000213B-20),20122000213B50957,,3,,35,"1-17周,1-17周",0,"程苏婉,徐娟","1-17周 周一 第5节-第6节 仙Ⅱ-412,1-17周 周三 第5节-第6节 仙Ⅱ-412",4.0,大学外语部,否,,"周一,周三",2012-2013-2,,20122000213B50957,,0,仙林校区,2012-2013学年 第2学期,50957,"仙Ⅱ-412,仙Ⅱ-412",,否,,,,,,0,大学英语（第三层次B),12,"第5节-第6节,第5节-第6节",仙II区,000213B
64.0,400330,大学英语（第三层次B)(20122-000213B-21),20122000213B50958,,3,,35,"1-17周,1-17周",0,"夏慧珺,张宇","1-17周 周一 第5节-第6节 仙Ⅱ-413,1-17周 周三 第5节-第6节 仙Ⅱ-413",4.0,大学外语部,否,,"周一,周三",2012-2013-2,,20122000213B50958,2012软件学院软件学类,0,仙林校区,2012-2013学年 第2学期,50958,"仙Ⅱ-413,仙Ⅱ-413",,否,,,,,,0,大学英语（第三层次B),12,"第5节-第6节,第5节-第6节",仙II区,000213B
64.0,400330,大学英语（第三层次B)(20122-000213B-22),20122000213B50959,,3,,35,"1-17周,1-17周",0,"王颖,裴黎萍","1-17周 周一 第5节-第6节 仙Ⅱ-414,1-17周 周三 第5节-第6节 仙Ⅱ-414",4.0,大学外语部,否,,"周三,周一",2012-2013-2,,20122000213B50959,2012软件学院软件学类,0,仙林校区,2012-2013学年 第2学期,50959,"仙Ⅱ-414,仙Ⅱ-414",,否,,,,,,0,大学英语（第三层次B),12,"第5节-第6节,第5节-第6节",仙II区,000213B
64.0,400330,大学英语（第三层次B)(20122-000213B-23),20122000213B50960,,3,,36,"1-17周,1-17周",0,"朱静怡,傅俭","1-17周 周一 第5节-第6节 仙Ⅱ-415,1-17周 周三 第5节-第6节 仙Ⅱ-415",4.0,大学外语部,否,,"周三,周一",2012-2013-2,,20122000213B50960,2012软件学院软件学类,0,仙林校区,2012-2013学年 第2学期,50960,"仙Ⅱ-415,仙Ⅱ-415",,否,,,,,,0,大学英语（第三层次B),12,"第5节-第6节,第5节-第6节",仙II区,000213B
64.0,400330,大学英语（第三层次B)(20122-000213B-24),20122000213B50961,,3,,33,"1-17周,1-17周",0,"李长生,周莹","1-17周 周一 第5节-第6节 仙Ⅱ-416,1-17周 周三 第5节-第6节 仙Ⅱ-416",4.0,大学外语部,否,,"周三,周一",2012-2013-2,,20122000213B50961,2012软件学院软件学类,0,仙林校区,2012-2013学年 第2学期,50961,"仙Ⅱ-416,仙Ⅱ-416",,否,,,,,,0,大学英语（第三层次B),12,"第5节-第6节,第5节-第6节",仙II区,000213B
64.0,400330,大学英语（第三层次B)(20122-000213B-25),20122000213B50962,,3,,33,"1-17周,1-17周",0,"张晓红,张子源","1-17周 周二 第1节-第2节 仙Ⅱ-411,1-17周 周四 第1节-第2节 仙Ⅱ-411",4.0,大学外语部,否,,"周二,周四",2012-2013-2,,20122000213B50962,2012化学学院化学类,0,仙林校区,2012-2013学年 第2学期,50962,"仙Ⅱ-411,仙Ⅱ-411",,否,,,,,,0,大学英语（第三层次B),12,"第1节-第2节,第1节-第2节",仙II区,000213B
64.0,400330,大学英语（第三层次B)(20122-000213B-26),20122000213B50963,,3,,33,"1-17周,1-17周",0,"张巧玲,陈桦","1-17周 周二 第1节-第2节 仙Ⅱ-412,1-17周 周四 第1节-第2节 仙Ⅱ-412",4.0,大学外语部,否,,"周二,周四",2012-2013-2,,20122000213B50963,2012化学学院化学类,0,仙林校区,2012-2013学年 第2学期,50963,"仙Ⅱ-412,仙Ⅱ-412",,否,,,,,,0,大学英语（第三层次B),12,"第1节-第2节,第1节-第2节",仙II区,000213B
64.0,400330,大学英语（第三层次B)(20122-000213B-27),20122000213B50964,,3,,28,"1-17周,1-17周",0,"王颖,余芳","1-17周 周二 第1节-第2节 仙Ⅱ-413,1-17周 周四 第1节-第2节 仙Ⅱ-413",4.0,大学外语部,否,,"周二,周四",2012-2013-2,,20122000213B50964,2012地球科学与工程学院地质学类,0,仙林校区,2012-2013学年 第2学期,50964,"仙Ⅱ-413,仙Ⅱ-413",,否,,,,,,0,大学英语（第三层次B),12,"第1节-第2节,第1节-第2节",仙II区,000213B
64.0,400330,大学英语（第三层次B)(20122-000213B-28),20122000213B50965,,3,,29,"1-17周,1-17周",0,"王志凌,张子源","1-17周 周二 第1节-第2节 仙Ⅱ-414,1-17周 周四 第1节-第2节 仙Ⅱ-414",4.0,大学外语部,否,,"周四,周二",2012-2013-2,,20122000213B50965,2012地球科学与工程学院地质学类,0,仙林校区,2012-2013学年 第2学期,50965,"仙Ⅱ-414,仙Ⅱ-414",,否,,,,,,0,大学英语（第三层次B),12,"第1节-第2节,第1节-第2节",仙II区,000213B
64.0,400330,大学英语（第三层次B)(20122-000213B-29),20122000213B50966,,3,,31,"1-17周,1-17周",0,"张巧玲,庄红","1-17周 周二 第1节-第2节 仙Ⅱ-415,1-17周 周四 第1节-第2节 仙Ⅱ-415",4.0,大学外语部,否,,"周四,周二",2012-2013-2,,20122000213B50966,2012大气科学学院大气科学类,0,仙林校区,2012-2013学年 第2学期,50966,"仙Ⅱ-415,仙Ⅱ-415",,否,,,,,,0,大学英语（第三层次B),12,"第1节-第2节,第1节-第2节",仙II区,000213B
64.0,400330,大学英语（第三层次B)(20122-000213B-30),20122000213B50967,,3,,33,"1-17周,1-17周",0,"朱雪媛,张晓红","1-17周 周二 第1节-第2节 仙Ⅱ-419,1-17周 周四 第1节-第2节 仙Ⅱ-419",4.0,大学外语部,否,,"周四,周二",2012-2013-2,,20122000213B50967,"2012大气科学学院大气科学类,2012建筑与城市规划学院建筑学",0,仙林校区,2012-2013学年 第2学期,50967,"仙Ⅱ-419,仙Ⅱ-419",,否,,,,,,0,大学英语（第三层次B),12,"第1节-第2节,第1节-第2节",仙II区,000213B
64.0,400330,大学英语（第三层次B)(20122-000213B-31),20122000213B50968,,3,,31,"1-17周,1-17周",0,"张晓红,黄燕","1-17周 周二 第3节-第4节 仙Ⅱ-421,1-17周 周四 第3节-第4节 仙Ⅱ-421",4.0,大学外语部,否,,"周二,周四",2012-2013-2,,20122000213B50968,2012商学院经济学类,0,仙林校区,2012-2013学年 第2学期,50968,"仙Ⅱ-421,仙Ⅱ-421",,否,,,,,,0,大学英语（第三层次B),12,"第3节-第4节,第3节-第4节",仙II区,000213B
64.0,400330,大学英语（第三层次B)(20122-000213B-32),20122000213B50969,,3,,28,"1-17周,1-17周",0,"余芳,张子源","1-17周 周二 第3节-第4节 仙Ⅱ-413,1-17周 周四 第3节-第4节 仙Ⅱ-413",4.0,大学外语部,否,,"周二,周四",2012-2013-2,,20122000213B50969,2012商学院经济学类,0,仙林校区,2012-2013学年 第2学期,50969,"仙Ⅱ-413,仙Ⅱ-413",,否,,,,,,0,大学英语（第三层次B),12,"第3节-第4节,第3节-第4节",仙II区,000213B
64.0,400330,大学英语（第三层次B)(20122-000213B-33),20122000213B50970,,3,,30,"1-17周,1-17周",0,"张巧玲,李长生","1-17周 周二 第3节-第4节 仙Ⅱ-414,1-17周 周四 第3节-第4节 仙Ⅱ-414",4.0,大学外语部,否,,"周二,周四",2012-2013-2,,20122000213B50970,2012商学院经济学类,0,仙林校区,2012-2013学年 第2学期,50970,"仙Ⅱ-414,仙Ⅱ-414",,否,,,,,,0,大学英语（第三层次B),12,"第3节-第4节,第3节-第4节",仙II区,000213B
64.0,400330,大学英语（第三层次B)(20122-000213B-34),20122000213B50971,,3,,28,"1-17周,1-17周",0,"吴凌云,王颖","1-17周 周二 第3节-第4节 仙Ⅱ-415,1-17周 周四 第3节-第4节 仙Ⅱ-415",4.0,大学外语部,否,,"周二,周四",2012-2013-2,,20122000213B50971,2012商学院工商管理类,0,仙林校区,2012-2013学年 第2学期,50971,"仙Ⅱ-415,仙Ⅱ-415",,否,,,,,,0,大学英语（第三层次B),12,"第3节-第4节,第3节-第4节",仙II区,000213B
64.0,400330,大学英语（第三层次B)(20122-000213B-35),20122000213B50972,,3,,30,"1-17周,1-17周",0,"张子源,张晓红","1-17周 周二 第3节-第4节 仙Ⅱ-416,1-17周 周四 第3节-第4节 仙Ⅱ-416",4.0,大学外语部,否,,"周四,周二",2012-2013-2,,20122000213B50972,2012商学院工商管理类,0,仙林校区,2012-2013学年 第2学期,50972,"仙Ⅱ-416,仙Ⅱ-416",,否,,,,,,0,大学英语（第三层次B),12,"第3节-第4节,第3节-第4节",仙II区,000213B
64.0,400330,大学英语（第三层次B)(20122-000213B-36),20122000213B50973,,3,,28,"1-17周,1-17周",0,"庄红,王志凌","1-17周 周二 第3节-第4节 仙Ⅱ-417,1-17周 周四 第3节-第4节 仙Ⅱ-417",4.0,大学外语部,否,,"周四,周二",2012-2013-2,,20122000213B50973,2012商学院工商管理类,0,仙林校区,2012-2013学年 第2学期,50973,"仙Ⅱ-417,仙Ⅱ-417",,否,,,,,,0,大学英语（第三层次B),12,"第3节-第4节,第3节-第4节",仙II区,000213B
64.0,400330,大学英语（第三层次B)(20122-000213B-37),20122000213B50974,,3,,26,"1-17周,1-17周",0,"朱雪媛,张丽萍","1-17周 周二 第3节-第4节 仙Ⅱ-418,1-17周 周四 第3节-第4节 仙Ⅱ-418",4.0,大学外语部,否,,"周四,周二",2012-2013-2,,20122000213B50974,,0,仙林校区,2012-2013学年 第2学期,50974,"仙Ⅱ-418,仙Ⅱ-418",,否,,,,,,0,大学英语（第三层次B),12,"第3节-第4节,第3节-第4节",仙II区,000213B
64.0,400330,大学英语（第三层次B)(20122-000213B-38),20122000213B50975,,3,,27,"1-17周,1-17周",0,"张巧玲,夏珺","1-17周 周二 第3节-第4节 仙Ⅱ-419,1-17周 周四 第3节-第4节 仙Ⅱ-419",4.0,大学外语部,否,,"周四,周二",2012-2013-2,,20122000213B50975,,0,仙林校区,2012-2013学年 第2学期,50975,"仙Ⅱ-419,仙Ⅱ-419",,否,,,,,,0,大学英语（第三层次B),12,"第3节-第4节,第3节-第4节",仙II区,000213B
64.0,400330,大学英语（第三层次B)(20122-000213B-39),20122000213B50976,,3,,32,"1-17周,1-17周",0,"张宇,吴凌云","1-17周 周二 第5节-第6节 仙Ⅱ-411,1-17周 周四 第5节-第6节 仙Ⅱ-411",4.0,大学外语部,否,,"周二,周四",2012-2013-2,,20122000213B50976,2012数学学院数学类,0,仙林校区,2012-2013学年 第2学期,50976,"仙Ⅱ-411,仙Ⅱ-411",,否,,,,,,0,大学英语（第三层次B),12,"第5节-第6节,第5节-第6节",仙II区,000213B
64.0,400330,大学英语（第三层次B)(20122-000213B-40),20122000213B50977,,3,,30,"1-17周,1-17周",0,"路璐,余芳","1-17周 周二 第5节-第6节 仙Ⅱ-412,1-17周 周四 第5节-第6节 仙Ⅱ-412",4.0,大学外语部,否,,"周二,周四",2012-2013-2,,20122000213B50977,2012数学学院数学类,0,仙林校区,2012-2013学年 第2学期,50977,"仙Ⅱ-412,仙Ⅱ-412",,否,,,,,,0,大学英语（第三层次B),12,"第5节-第6节,第5节-第6节",仙II区,000213B
64.0,400330,大学英语（第三层次B)(20122-000213B-41),20122000213B50978,,3,,28,"1-17周,1-17周",0,"张子源,夏慧珺","1-17周 周二 第5节-第6节 仙Ⅱ-413,1-17周 周四 第5节-第6节 仙Ⅱ-413",4.0,大学外语部,否,,"周四,周二",2012-2013-2,,20122000213B50978,,0,仙林校区,2012-2013学年 第2学期,50978,"仙Ⅱ-413,仙Ⅱ-413",,否,,,,,,0,大学英语（第三层次B),12,"第5节-第6节,第5节-第6节",仙II区,000213B
64.0,400330,大学英语（第三层次B)(20122-000213B-42),20122000213B50979,,3,,33,"1-17周,1-17周",0,"朱雪媛,余芳","1-17周 周二 第5节-第6节 仙Ⅱ-414,1-17周 周四 第5节-第6节 仙Ⅱ-414",4.0,大学外语部,否,,"周四,周二",2012-2013-2,,20122000213B50979,,0,仙林校区,2012-2013学年 第2学期,50979,"仙Ⅱ-414,仙Ⅱ-414",,否,,,,,,0,大学英语（第三层次B),12,"第5节-第6节,第5节-第6节",仙II区,000213B
64.0,400330,大学英语（第三层次B)(20122-000213B-43),20122000213B50980,,3,,33,"1-17周,1-17周",0,"张丽萍,夏珺","1-17周 周二 第1节-第2节 仙Ⅱ-416,1-17周 周四 第1节-第2节 仙Ⅱ-416",4.0,大学外语部,否,,"周二,周四",2012-2013-2,,20122000213B50980,,0,仙林校区,2012-2013学年 第2学期,50980,"仙Ⅱ-416,仙Ⅱ-416",,否,,,,,,0,大学英语（第三层次B),12,"第1节-第2节,第1节-第2节",仙II区,000213B
64.0,400330,大学英语（第三层次B)(20122-000213B-44),20122000213B50981,,3,,32,"1-17周,1-17周",0,"张丽萍,黄燕","1-17周 周二 第1节-第2节 仙Ⅱ-417,1-17周 周四 第1节-第2节 仙Ⅱ-417",4.0,大学外语部,否,,"周四,周二",2012-2013-2,,20122000213B50981,,0,仙林校区,2012-2013学年 第2学期,50981,"仙Ⅱ-417,仙Ⅱ-417",,否,,,,,,0,大学英语（第三层次B),12,"第1节-第2节,第1节-第2节",仙II区,000213B
64.0,400330,大学英语（第三层次B)(20122-000213B-45),20122000213B50982,,3,,31,"1-17周,1-17周",0,"陆晓,朱雪媛","1-17周 周三 第1节-第2节 仙Ⅱ-411,1-17周 周五 第1节-第2节 仙Ⅱ-411",4.0,大学外语部,否,,"周三,周五",2012-2013-2,,20122000213B50982,2012生命科学学院生物科学类,0,仙林校区,2012-2013学年 第2学期,50982,"仙Ⅱ-411,仙Ⅱ-411",,否,,,,,,0,大学英语（第三层次B),12,"第1节-第2节,第1节-第2节",仙II区,000213B
64.0,400330,大学英语（第三层次B)(20122-000213B-46),20122000213B50983,,3,,31,"1-17周,1-17周",0,"王志凌,倪辉莉","1-17周 周三 第1节-第2节 仙Ⅱ-412,1-17周 周五 第1节-第2节 仙Ⅱ-412",4.0,大学外语部,否,,"周五,周三",2012-2013-2,,20122000213B50983,"2012生命科学学院生物科学类,2012环境学院环境科学与工程类",0,仙林校区,2012-2013学年 第2学期,50983,"仙Ⅱ-412,仙Ⅱ-412",,否,,,,,,0,大学英语（第三层次B),12,"第1节-第2节,第1节-第2节",仙II区,000213B
64.0,400330,大学英语（第三层次B)(20122-000213B-47),20122000213B50984,,3,,28,"1-17周,1-17周",0,"程苏婉,吴凌云","1-17周 周三 第1节-第2节 仙Ⅱ-413,1-17周 周五 第1节-第2节 仙Ⅱ-413",4.0,大学外语部,否,,"周五,周三",2012-2013-2,,20122000213B50984,2012环境学院环境科学与工程类,0,仙林校区,2012-2013学年 第2学期,50984,"仙Ⅱ-413,仙Ⅱ-413",,否,,,,,,0,大学英语（第三层次B),12,"第1节-第2节,第1节-第2节",仙II区,000213B
64.0,400330,大学英语（第三层次B)(20122-000213B-48),20122000213B50985,,3,,35,"1-17周,1-17周",0,"于江,陆晓","1-17周 周三 第3节-第4节 仙Ⅱ-501,1-17周 周五 第3节-第4节 仙Ⅱ-501",4.0,大学外语部,否,,"周三,周五",2012-2013-2,,20122000213B50985,,0,仙林校区,2012-2013学年 第2学期,50985,"仙Ⅱ-501,仙Ⅱ-501",,否,,,,,,0,大学英语（第三层次B),12,"第3节-第4节,第3节-第4节",仙II区,000213B
64.0,400330,大学英语（第三层次B)(20122-000213B-49),20122000213B50986,,3,,31,"1-17周,1-17周",0,"吴凌云,倪辉莉","1-17周 周三 第3节-第4节 仙Ⅱ-507,1-17周 周五 第3节-第4节 仙Ⅱ-507",4.0,大学外语部,否,,"周五,周三",2012-2013-2,,20122000213B50986,,0,仙林校区,2012-2013学年 第2学期,50986,"仙Ⅱ-507,仙Ⅱ-507",,否,,,,,,0,大学英语（第三层次B),12,"第3节-第4节,第3节-第4节",仙II区,000213B
64.0,400330,大学英语（第三层次B)(20122-000213B-50),20122000213B50987,,3,,30,"1-17周,1-17周",0,"朱静怡,王志凌","1-17周 周三 第3节-第4节 仙Ⅱ-508,1-17周 周五 第3节-第4节 仙Ⅱ-508",4.0,大学外语部,否,,"周五,周三",2012-2013-2,,20122000213B50987,,0,仙林校区,2012-2013学年 第2学期,50987,"仙Ⅱ-508,仙Ⅱ-508",,否,,,,,,0,大学英语（第三层次B),12,"第3节-第4节,第3节-第4节",仙II区,000213B
64.0,400151,C语言程序设计（一）(20122-000331-1),2012200033150991,,3,,169,"1-17周,1-17周,1-17周",0,张莉,"1-17周 周三 第3节-第4节 图书馆125,1-17周 周三 第5节-第8节 ,1-17周 周四 第3节-第4节 图书馆125",4.0,大学计算机基础教学部,否,,"周三,周三,周四",2012-2013-2,,2012200033150991,,0,仙林校区,2012-2013学年 第2学期,50991,"图书馆125,基础实验楼乙区109、110,图书馆125",,否,,,,,,0,C语言程序设计（一）,18,"第3节-第4节,第5节-第8节,第3节-第4节",图书馆,000331
64.0,400151,C语言程序设计（一）(20122-000331-2),2012200033150992,,3,,228,"1-17周,1-17周,1-17周",0,黄达明,"1-17周 周一 第3节-第4节 图书馆125,1-17周 周一 第5节-第8节 ,1-17周 周二 第3节-第4节 逸B-212",4.0,大学计算机基础教学部,否,,"周一,周一,周二",2012-2013-2,,2012200033150992,"2012地球科学与工程学院地质学类,2012地理与海洋科学学院地理科学,2012地理与海洋科学学院地理科学类,2012地球科学与工程学院地质学",0,仙林校区,2012-2013学年 第2学期,50992,"无,基础实验楼乙区201、202、203、204,逸B-212",,否,,,,,,0,C语言程序设计（一）,16,"第3节-第4节,第5节-第8节,第3节-第4节",逸夫楼B区,000331
64.0,400151,C语言程序设计（一）(20122-000331-3),2012200033150993,,3,,221,"1-17周,1-17周,1-17周",0,潘亦,"1-17周 周一 第3节-第4节 仙Ⅰ-206,1-17周 周一 第5节-第8节 ,1-17周 周三 第3节-第4节 仙Ⅰ-206",4.0,大学计算机基础教学部,否,,"周一,周一,周三",2012-2013-2,,2012200033150993,"2012大气科学学院大气科学类,2012环境学院环境科学与工程类",0,仙林校区,2012-2013学年 第2学期,50993,"仙Ⅰ-206,基础实验楼乙区109、110,仙Ⅰ-206",,否,,,,,,0,C语言程序设计（一）,11,"第3节-第4节,第5节-第8节,第3节-第4节",仙I区,000331
64.0,400151,C语言程序设计（一）(20122-000331-4),2012200033150994,,3,,178,"1-17周,1-17周,1-17周",0,张萍,"1-17周 周二 第3节-第4节 仙Ⅰ-524,1-17周 周二 第5节-第8节 ,1-17周 周四 第3节-第4节 图书馆126",4.0,大学计算机基础教学部,否,,"周二,周二,周四",2012-2013-2,,2012200033150994,2012化学学院化学类,0,仙林校区,2012-2013学年 第2学期,50994,"仙Ⅰ-524,基础实验楼乙区201、202、203,图书馆126",,否,,,,,,0,C语言程序设计（一）,"11,18","第3节-第4节,第5节-第8节,第3节-第4节","仙I区, 图书馆",000331
64.0,400151,C语言程序设计（一）(20122-000331-5),2012200033150995,,3,,209,"1-17周,1-17周,1-17周",0,张萍,"1-17周 周三 第3节-第4节 逸B-212,1-17周 周五 第5节-第8节 ,1-17周 周五 第3节-第4节 逸B-212",4.0,大学计算机基础教学部,否,,"周三,周五,周五",2012-2013-2,,2012200033150995,"2012天文与空间科学学院天文学,2012匡亚明学院应用文科强化班",0,仙林校区,2012-2013学年 第2学期,50995,"逸B-212,逸B-212,基础实验楼乙区107、109",,否,,,,,,0,C语言程序设计（一）,16,"第3节-第4节,第3节-第4节,第5节-第8节",逸夫楼B区,000331
64.0,400151,VisualBASIC程序设计（一）(20122-000341-1),2012200034150989,,3,,77,"1-17周,1-17周,1-17周",0,张洁,"1-17周 周二 第3节-第4节 仙Ⅰ-212,1-17周 周二 第5节-第8节 ,1-17周 周四 第3节-第4节 仙Ⅰ-213",4.0,大学计算机基础教学部,否,,"周二,周二,周四",2012-2013-2,,2012200034150989,2012生命科学学院生物科学类,0,仙林校区,2012-2013学年 第2学期,50989,"仙Ⅰ-212,基础实验楼乙区110,仙Ⅰ-213",,否,,,,,,0,VisualBASIC程序设计（一）,11,"第3节-第4节,第5节-第8节,第3节-第4节",仙I区,000341
48.0,400151,VisualBASIC程序设计（二）(20122-000342-1),2012200034250990,,3,,202,"1-17周,1-17周,1-17周(单)",0,金莹,"1-17周 周二 第3节-第4节 图书馆127,1-17周 周二 第5节-第8节 ,1-17周(单) 周三 第3节-第4节 仙Ⅰ-207",3.0,大学计算机基础教学部,否,,"周二,周二,周三",2012-2013-2,,2012200034250990,"2012建筑与城市规划学院建筑学,2012建筑与城市规划学院城市规划",0,仙林校区,2012-2013学年 第2学期,50990,"图书馆127,基础实验楼乙区107、109,仙Ⅰ-207",,否,,,,,,0,VisualBASIC程序设计（二）,"11,18","第3节-第4节,第5节-第8节,第3节-第4节","仙I区, 图书馆",000342
48.0,400151,VisualFoxPro数据库（二）(20122-000362-1),2012200036250988,,3,,92,"1-17周(单),1-17周,1-17周",0,黄强,"1-17周 周五 第3节-第4节 仙Ⅱ-214,1-17周 周五 第5节-第8节 ,1-17周(单) 周四 第3节-第4节 仙Ⅰ-202",3.0,大学计算机基础教学部,否,,"周四,周五,周五",2012-2013-2,,2012200036250988,,0,仙林校区,2012-2013学年 第2学期,50988,"仙Ⅰ-202,仙Ⅱ-214,基础实验楼乙区110",,否,,,,,,0,VisualFoxPro数据库（二）,"11,12","第3节-第4节,第3节-第4节,第5节-第8节","仙I区, 仙II区",000362
16.0,400340,体育（二）(20122-000410B-8),2012200041052109,,3,,0,1-17周,0,,1-17周 周一 第1节-第2节 ,1.0,体育部,否,,周一,2012-2013-2,,2012200041052109,"2012商学院经济学类,2012海外教育学院汉语言,2012海外教育学院海外教育类,2012大气科学学院应用气象学,2012大气科学学院大气科学,2012大气科学学院大气科学类,2012商学院经济学（产业经济方向）,2012商学院金融工程,2012商学院保险学,2012商学院工商管理（人力资源管理方向）,2012商学院国际经济与贸易（二学位）,2012商学院工商管理类,2012商学院市场营销,2012商学院电子商务,2012商学院金融学,2012商学院财务管理,2012商学院会计学,2012商学院工商管理,2012商学院国际经济与贸易,2012商学院经济学",0,仙林校区,2012-2013学年 第2学期,52109,无,,否,,,,,,0,体育,,第1节-第2节,,000410
16.0,400340,体育（二）(20122-000410B-9),2012200041052113,,3,,0,1-17周,0,,1-17周 周一 第3节-第4节 ,1.0,体育部,否,,周一,2012-2013-2,,2012200041052113,"2012历史学院历史学类,2012建筑与城市规划学院城市规划,2012建筑与城市规划学院建筑学,2012匡亚明学院理强（数学与应用数学）,2012匡亚明学院理强（生物化学）,2012匡亚明学院理科强化班,2012匡亚明学院应用文科强化班,2012天文与空间科学学院空间科学与技术,2012天文与空间科学学院天文学,2012电子科学与工程学院微电子学,2012电子科学与工程学院生物医学工程,2012电子科学与工程学院通信工程,2012电子科学与工程学院电子信息科学与技术,2012历史学院考古学（文物鉴定方向）,2012历史学院考古学,2012历史学院历史学",0,仙林校区,2012-2013学年 第2学期,52113,无,,否,,,,,,0,体育,,第3节-第4节,,000410
16.0,400340,体育（二）(20122-000410B-10),2012200041052119,,3,,0,1-17周,0,,1-17周 周一 第5节-第6节 ,1.0,体育部,否,,周一,2012-2013-2,,2012200041052119,"2012哲学学院哲学,2012工程管理学院信息工程,2012工程管理学院金融工程,2012工程管理学院工业工程,2012工程管理学院自动化,2012医学院口腔医学,2012医学院临床医学,2012现代工程与应用科学学院材料化学,2012现代工程与应用科学学院材料物理,2012信息管理学院编辑出版学,2012信息管理学院档案学,2012信息管理学院信息管理与信息系统,2012信息管理学院文科类,2012新闻传播学院新闻学（运动员班）,2012新闻传播学院新闻学（记者班）,2012新闻传播学院广播电视新闻学,2012新闻传播学院广告学,2012新闻传播学院新闻学",0,仙林校区,2012-2013学年 第2学期,52119,无,,否,,,,,,0,体育,,第5节-第6节,,000410
16.0,400340,体育（二）(20122-000410B-11),2012200041052124,,3,,0,1-17周,0,,1-17周 周三 第1节-第2节 ,1.0,体育部,否,,周三,2012-2013-2,,2012200041052124,"2012文学院汉语言文学,2012计算机学院计算机科学与技术,2012物理学院物理学,2012法学院法学类,2012文学院戏剧影视文学,2012文学院汉语言文学(作家班)",0,仙林校区,2012-2013学年 第2学期,52124,无,,否,,,,,,0,体育,,第1节-第2节,,000410
16.0,400340,体育（二）(20122-000410B-12),2012200041052126,,3,,0,1-17周,0,,1-17周 周三 第3节-第4节 ,1.0,体育部,否,,周三,2012-2013-2,,2012200041052126,"2012政府管理学院公共管理类,2012软件学院软件工程,2012软件学院软件学类,2012地理与海洋科学学院海洋科学,2012地理与海洋科学学院旅游管理,2012地理与海洋科学学院地理科学,2012地理与海洋科学学院地理信息系统,2012地理与海洋科学学院资源环境与城乡规划管理,2012地理与海洋科学学院地理科学类,2012地球科学与工程学院地质学（地球物理学方向）,2012地球科学与工程学院地下水科学与工程,2012地球科学与工程学院水文与水资源工程,2012地球科学与工程学院地质工程,2012地球科学与工程学院地球化学,2012地球科学与工程学院地质学,2012地球科学与工程学院地质学类,2012社会学院应用心理学,2012社会学院社会工作,2012社会学院社会学,2012政府管理学院行政管理（劳动与社会保障）,2012政府管理学院国际政治,2012政府管理学院行政管理,2012政府管理学院政治学与行政学",0,仙林校区,2012-2013学年 第2学期,52126,无,,否,,,,,,0,体育,,第3节-第4节,,000410
16.0,400340,体育（二）(20122-000410B-13),2012200041052128,,3,,0,1-17周,0,,1-17周 周三 第5节-第6节 ,1.0,体育部,否,,周三,2012-2013-2,,2012200041052128,"2012外国语学院英语,2012环境学院环境科学（环规）,2012环境学院环境科学（环生）,2012环境学院环境科学（环化）,2012环境学院环境工程,2012环境学院环境科学与工程类,2012生命科学学院生物科学类,2012化学学院化学(基地),2012化学学院应用化学,2012化学学院化学,2012化学学院化学类,2012数学学院应用模块,2012数学学院统计学,2012数学学院信息与计算科学,2012数学学院数学与应用数学,2012数学学院数学类,2012外国语学院朝鲜语,2012外国语学院英语(国际商务方向),2012外国语学院西班牙语,2012外国语学院德语,2012外国语学院法语,2012外国语学院日语,2012外国语学院俄语",0,仙林校区,2012-2013学年 第2学期,52128,无,,否,,,,,,0,体育,,第5节-第6节,,000410
16.0,400340,体育（四）(20122-000410D-12),2012200041052131,,3,,0,1-17周,0,,1-17周 周二 第1节-第2节 ,1.0,体育部,否,,周二,2012-2013-2,,2012200041052131,"2011生命科学学院生物科学类,2011软件学院软件工程,2011软件学院软件学类,2011计算机学院计算机科学与技术,2011计算机学院计算机科学类,2011地球科学与工程学院地质学（地球物理学方向）,2011地球科学与工程学院地下水科学与工程,2011地球科学与工程学院地质学（古生物学方向）,2011地球科学与工程学院水文与水资源工程,2011地球科学与工程学院地质工程,2011地球科学与工程学院地球化学,2011地球科学与工程学院地质学,2011生命科学学院生物科学",0,仙林校区,2012-2013学年 第2学期,52131,无,,否,,,,,,0,体育,,第1节-第2节,,000410
16.0,400340,体育（四）(20122-000410D-13),2012200041052139,,3,,0,1-17周,0,,1-17周 周二 第3节-第4节 ,1.0,体育部,否,,周二,2012-2013-2,,2012200041052139,"2011社会学院社会学类,2011工程管理学院电气信息类,2011工程管理学院信息工程,2011工程管理学院金融工程,2011工程管理学院工业工程,2011工程管理学院自动化,2011工程管理学院管理科学与工程类,2011匡亚明学院文强（广告学）,2011匡亚明学院理强（化学）,2011匡亚明学院理强（物理）,2011匡亚明学院理科强化班,2011匡亚明学院应用文科强化班,2011天文与空间科学学院空间科学与技术,2011天文与空间科学学院天文学,2011地理与海洋科学学院地理科学（拔尖计划）,2011社会学院应用心理学,2011社会学院社会工作,2011社会学院社会学",0,仙林校区,2012-2013学年 第2学期,52139,无,,否,,,,,,0,体育,,第3节-第4节,,000410
16.0,400340,体育（四）(20122-000410D-14),2012200041052140,,3,,0,1-17周,0,,1-17周 周二 第5节-第6节 ,1.0,体育部,否,,周二,2012-2013-2,,2012200041052140,"2011文学院汉语言文学,2011电子科学与工程学院微电子学,2011电子科学与工程学院生物医学工程,2011电子科学与工程学院通信工程,2011电子科学与工程学院电子信息科学与技术,2011电子科学与工程学院电子信息类,2011数学学院应用模块,2011数学学院统计学,2011数学学院信息与计算科学,2011数学学院数学与应用数学,2011数学学院数学类,2011信息管理学院编辑出版学,2011信息管理学院档案学,2011信息管理学院图书馆学,2011信息管理学院信息管理与信息系统,2011文学院汉语言文学（拔尖计划）,2011文学院戏剧影视文学,2011文学院汉语言文学(作家班)",0,仙林校区,2012-2013学年 第2学期,52140,无,,否,,,,,,0,体育,,第5节-第6节,,000410
16.0,400340,体育（四）(20122-000410D-15),2012200041052141,,3,,0,1-17周,0,,1-17周 周四 第1节-第2节 ,1.0,体育部,否,,周四,2012-2013-2,,2012200041052141,"2011政府管理学院公共管理类,2011海外教育学院汉语言,2011海外教育学院海外教育类,2011医学院基础医学,2011医学院口腔医学,2011医学院临床医学,2011医学院医学类,2011现代工程与应用科学学院材料化学,2011现代工程与应用科学学院材料物理,2011现代工程与应用科学学院材料类,2011物理学院物理学,2011物理学院物理学类,2011政府管理学院政治学类,2011政府管理学院行政管理（运动员班）,2011政府管理学院行政管理（劳动与社会保障）,2011政府管理学院国际政治,2011政府管理学院行政管理,2011政府管理学院政治学与行政学",0,仙林校区,2012-2013学年 第2学期,52141,无,,否,,,,,,0,体育,,第1节-第2节,,000410
16.0,400340,体育（四）(20122-000410D-16),2012200041052142,,3,,0,1-17周,0,,1-17周 周四 第3节-第4节 ,1.0,体育部,否,,周四,2012-2013-2,,2012200041052142,"2011新闻传播学院新闻学,2011商学院经济学（产业经济方向）,2011商学院金融工程,2011商学院保险学,2011商学院工商管理（人力资源管理方向）,2011商学院国际经济与贸易（二学位）,2011商学院工商管理（二学位),2011商学院工商管理类,2011商学院市场营销,2011商学院电子商务,2011商学院金融学,2011商学院财务管理,2011商学院会计学,2011商学院工商管理,2011商学院国际经济与贸易,2011商学院经济学,2011商学院经济学类,2011新闻传播学院新闻学（记者班）,2011新闻传播学院广播电视新闻学,2011新闻传播学院广告学",0,仙林校区,2012-2013学年 第2学期,52142,无,,否,,,,,,0,体育,,第3节-第4节,,000410
16.0,400340,体育（四）(20122-000410D-17),2012200041052143,,3,,0,1-17周,0,,1-17周 周四 第5节-第6节 ,1.0,体育部,否,,周四,2012-2013-2,,2012200041052143,"2011法学院法学类,2011环境学院环境科学（环规）,2011环境学院环境科学（环生）,2011环境学院环境科学（环化）,2011环境学院环境工程,2011环境学院环境科学与工程类,2011化学学院化学(基地),2011化学学院应用化学,2011化学学院化学,2011化学学院化学类,2011外国语学院朝鲜语,2011外国语学院西班牙语,2011外国语学院德语,2011外国语学院法语,2011外国语学院日语,2011外国语学院俄语,2011外国语学院英语,2011哲学学院哲学,2011法学院法学（运动员班）,2011法学院法学",0,仙林校区,2012-2013学年 第2学期,52143,无,,否,,,,,,0,体育,,第5节-第6节,,000410
16.0,400340,体育（四）(20122-000410D-18),2012200041052144,,3,,0,1-17周,0,,1-17周 周五 第1节-第2节 ,1.0,体育部,否,,周五,2012-2013-2,,2012200041052144,"2011地理与海洋科学学院资源环境与城乡规划管理,2011大气科学学院应用气象学,2011大气科学学院大气科学,2011地理与海洋科学学院海洋科学,2011地理与海洋科学学院旅游管理,2011地理与海洋科学学院地理科学,2011地理与海洋科学学院地理信息系统",0,仙林校区,2012-2013学年 第2学期,52144,无,,否,,,,,,0,体育,,第1节-第2节,,000410
16.0,400340,体育（四）(20122-000410D-19),2012200041052145,,3,,0,1-17周,0,,1-17周 周五 第3节-第4节 ,1.0,体育部,否,,周五,2012-2013-2,,2012200041052145,"2011历史学院历史学,2011建筑与城市规划学院城市规划,2011建筑与城市规划学院建筑学,2011历史学院考古学（文物鉴定方向）,2011历史学院考古学",0,仙林校区,2012-2013学年 第2学期,52145,无,,否,,,,,,0,体育,,第3节-第4节,,000410
16.0,400340,篮球初级1班,20122000410B51487,,3,,35,1-17周,0,翟一飞,1-17周 周一 第1节-第2节 ,1.0,体育部,否,,周一,2012-2013-2,,20122000410B51487,"2012商学院经济学类,2012海外教育学院汉语言,2012海外教育学院海外教育类,2012大气科学学院应用气象学,2012大气科学学院大气科学,2012大气科学学院大气科学类,2012商学院经济学（产业经济方向）,2012商学院金融工程,2012商学院保险学,2012商学院工商管理（人力资源管理方向）,2012商学院国际经济与贸易（二学位）,2012商学院工商管理类,2012商学院市场营销,2012商学院电子商务,2012商学院金融学,2012商学院财务管理,2012商学院会计学,2012商学院工商管理,2012商学院国际经济与贸易,2012商学院经济学",0,仙林校区,2012-2013学年 第2学期,51487,篮球场1、2,,否,,,,,,0,体育（二）,,第1节-第2节,,000410B
16.0,400340,篮球初级3班,20122000410B51490,,3,,31,1-17周,0,翟一飞,1-17周 周一 第3节-第4节 ,1.0,体育部,否,,周一,2012-2013-2,,20122000410B51490,"2012历史学院历史学类,2012建筑与城市规划学院城市规划,2012建筑与城市规划学院建筑学,2012匡亚明学院理强（数学与应用数学）,2012匡亚明学院理强（生物化学）,2012匡亚明学院理科强化班,2012匡亚明学院应用文科强化班,2012天文与空间科学学院空间科学与技术,2012天文与空间科学学院天文学,2012电子科学与工程学院微电子学,2012电子科学与工程学院生物医学工程,2012电子科学与工程学院通信工程,2012电子科学与工程学院电子信息科学与技术,2012历史学院考古学（文物鉴定方向）",0,仙林校区,2012-2013学年 第2学期,51490,篮球场1、2,,否,,,,,,0,体育（二）,,第3节-第4节,,000410B
16.0,400340,篮球初级5班,20122000410B51491,,3,,32,1-17周,0,翟一飞,1-17周 周一 第5节-第6节 ,1.0,体育部,否,,周一,2012-2013-2,,20122000410B51491,"2012哲学学院哲学,2012工程管理学院信息工程,2012工程管理学院金融工程,2012工程管理学院工业工程,2012工程管理学院自动化,2012医学院口腔医学,2012医学院临床医学,2012现代工程与应用科学学院材料化学,2012现代工程与应用科学学院材料物理,2012信息管理学院编辑出版学,2012信息管理学院档案学,2012信息管理学院信息管理与信息系统,2012信息管理学院文科类,2012新闻传播学院新闻学（记者班）,2012新闻传播学院广播电视新闻学,2012新闻传播学院广告学,2012新闻传播学院新闻学",0,仙林校区,2012-2013学年 第2学期,51491,篮球场1、2,,否,,,,,,0,体育（二）,,第5节-第6节,,000410B
16.0,400340,排球初级5班,20122000410B51492,,3,,31,1-17周,0,陈朝辉,1-17周 周三 第1节-第2节 ,1.0,体育部,否,,周三,2012-2013-2,,20122000410B51492,"2012文学院汉语言文学,2012计算机学院计算机科学与技术,2012物理学院物理学,2012法学院法学类,2012文学院戏剧影视文学",0,仙林校区,2012-2013学年 第2学期,51492,排球场3、4,,否,,,,,,0,体育（二）,,第1节-第2节,,000410B
16.0,400340,篮球初级10班,20122000410B51493,,3,,31,1-17周,0,罗卫民,1-17周 周三 第3节-第4节 ,1.0,体育部,否,,周三,2012-2013-2,,20122000410B51493,"2012政府管理学院公共管理类,2012软件学院软件工程,2012软件学院软件学类,2012地理与海洋科学学院海洋科学,2012地理与海洋科学学院旅游管理,2012地理与海洋科学学院地理科学,2012地理与海洋科学学院地理信息系统,2012地理与海洋科学学院资源环境与城乡规划管理,2012地理与海洋科学学院地理科学类,2012地球科学与工程学院地质学（地球物理学方向）,2012地球科学与工程学院地下水科学与工程,2012地球科学与工程学院水文与水资源工程,2012地球科学与工程学院地质工程,2012地球科学与工程学院地球化学,2012地球科学与工程学院地质学,2012地球科学与工程学院地质学类,2012社会学院应用心理学,2012社会学院社会工作,2012社会学院社会学,2012政府管理学院行政管理（劳动与社会保障）,2012政府管理学院国际政治,2012政府管理学院行政管理,2012政府管理学院政治学与行政学",0,仙林校区,2012-2013学年 第2学期,51493,篮球场3、4,,否,,,,,,0,体育（二）,,第3节-第4节,,000410B
16.0,400340,毽球6班,20122000410B51495,,3,,32,1-17周,0,周梅芳,1-17周 周三 第5节-第6节 ,1.0,体育部,否,,周三,2012-2013-2,,20122000410B51495,"2012外国语学院英语,2012环境学院环境科学（环规）,2012环境学院环境科学（环生）,2012环境学院环境科学（环化）,2012环境学院环境工程,2012环境学院环境科学与工程类,2012生命科学学院生物科学类,2012化学学院应用化学,2012化学学院化学,2012化学学院化学类,2012数学学院应用模块,2012数学学院统计学,2012数学学院信息与计算科学,2012数学学院数学与应用数学,2012数学学院数学类,2012外国语学院朝鲜语,2012外国语学院英语(国际商务方向),2012外国语学院西班牙语,2012外国语学院德语,2012外国语学院法语,2012外国语学院日语,2012外国语学院俄语",0,仙林校区,2012-2013学年 第2学期,51495,毽球场地,,否,,,,,,0,体育（二）,,第5节-第6节,,000410B
16.0,400340,体育保健1班（乒乓球）,20122000410B51498,,3,,28,1-17周,0,谢争,1-17周 周三 第7节-第8节 ,1.0,体育部,否,,周三,2012-2013-2,,20122000410B51498,,0,仙林校区,2012-2013学年 第2学期,51498,乒乓球馆,,否,,,,,,0,体育（二）,,第7节-第8节,,000410B
16.0,400340,足球初级1班,20122000410B52435,,3,,32,1-17周,0,夏军,1-17周 周一 第1节-第2节 ,1.0,体育部,否,,周一,2012-2013-2,,20122000410B52435,"2012商学院经济学类,2012海外教育学院汉语言,2012海外教育学院海外教育类,2012大气科学学院应用气象学,2012大气科学学院大气科学,2012大气科学学院大气科学类,2012商学院经济学（产业经济方向）,2012商学院金融工程,2012商学院保险学,2012商学院工商管理（人力资源管理方向）,2012商学院国际经济与贸易（二学位）,2012商学院工商管理类,2012商学院市场营销,2012商学院电子商务,2012商学院金融学,2012商学院财务管理,2012商学院会计学,2012商学院工商管理,2012商学院国际经济与贸易,2012商学院经济学",0,仙林校区,2012-2013学年 第2学期,52435,足球场南,,否,,,,,,0,体育（二）,,第1节-第2节,,000410B
16.0,400340,足球初级2班,20122000410B52436,,3,,31,1-17周,0,程涛,1-17周 周一 第1节-第2节 ,1.0,体育部,否,,周一,2012-2013-2,,20122000410B52436,"2012商学院经济学类,2012海外教育学院汉语言,2012海外教育学院海外教育类,2012大气科学学院应用气象学,2012大气科学学院大气科学,2012大气科学学院大气科学类,2012商学院经济学（产业经济方向）,2012商学院金融工程,2012商学院保险学,2012商学院工商管理（人力资源管理方向）,2012商学院国际经济与贸易（二学位）,2012商学院工商管理类,2012商学院市场营销,2012商学院电子商务,2012商学院金融学,2012商学院财务管理,2012商学院会计学,2012商学院工商管理,2012商学院国际经济与贸易,2012商学院经济学",0,仙林校区,2012-2013学年 第2学期,52436,足球场北,,否,,,,,,0,体育（二）,,第1节-第2节,,000410B
16.0,400340,乒乓球初级1班,20122000410B52437,,3,,19,1-17周,0,李波,1-17周 周一 第1节-第2节 ,1.0,体育部,否,,周一,2012-2013-2,,20122000410B52437,"2012商学院经济学类,2012海外教育学院汉语言,2012海外教育学院海外教育类,2012大气科学学院应用气象学,2012大气科学学院大气科学,2012大气科学学院大气科学类,2012商学院经济学（产业经济方向）,2012商学院金融工程,2012商学院保险学,2012商学院工商管理（人力资源管理方向）,2012商学院国际经济与贸易（二学位）,2012商学院工商管理类,2012商学院市场营销,2012商学院电子商务,2012商学院金融学,2012商学院财务管理,2012商学院会计学,2012商学院工商管理,2012商学院国际经济与贸易,2012商学院经济学",0,仙林校区,2012-2013学年 第2学期,52437,乒乓球馆,,否,,,,,,0,体育（二）,,第1节-第2节,,000410B
16.0,400340,乒乓球初级1班,20122000410B52438,,3,,17,1-17周,0,李波,1-17周 周一 第1节-第2节 ,1.0,体育部,否,,周一,2012-2013-2,,20122000410B52438,"2012商学院经济学类,2012海外教育学院汉语言,2012海外教育学院海外教育类,2012大气科学学院应用气象学,2012大气科学学院大气科学,2012大气科学学院大气科学类,2012商学院经济学（产业经济方向）,2012商学院金融工程,2012商学院保险学,2012商学院工商管理（人力资源管理方向）,2012商学院国际经济与贸易（二学位）,2012商学院工商管理类,2012商学院市场营销,2012商学院电子商务,2012商学院金融学,2012商学院财务管理,2012商学院会计学,2012商学院工商管理,2012商学院国际经济与贸易,2012商学院经济学",0,仙林校区,2012-2013学年 第2学期,52438,乒乓球馆,,否,,,,,,0,体育（二）,,第1节-第2节,,000410B
16.0,400340,羽毛球初级1班,20122000410B52439,,3,,16,1-17周,0,沈乐群,1-17周 周一 第1节-第2节 ,1.0,体育部,否,,周一,2012-2013-2,,20122000410B52439,"2012商学院经济学类,2012海外教育学院汉语言,2012海外教育学院海外教育类,2012大气科学学院应用气象学,2012大气科学学院大气科学,2012大气科学学院大气科学类,2012商学院经济学（产业经济方向）,2012商学院金融工程,2012商学院保险学,2012商学院工商管理（人力资源管理方向）,2012商学院国际经济与贸易（二学位）,2012商学院工商管理类,2012商学院市场营销,2012商学院电子商务,2012商学院金融学,2012商学院财务管理,2012商学院会计学,2012商学院工商管理,2012商学院国际经济与贸易,2012商学院经济学",0,仙林校区,2012-2013学年 第2学期,52439,羽毛球馆,,否,,,,,,0,体育（二）,,第1节-第2节,,000410B
16.0,400340,羽毛球初级1班,20122000410B52440,,3,,16,1-17周,0,沈乐群,1-17周 周一 第1节-第2节 ,1.0,体育部,否,,周一,2012-2013-2,,20122000410B52440,"2012商学院经济学类,2012海外教育学院汉语言,2012海外教育学院海外教育类,2012大气科学学院应用气象学,2012大气科学学院大气科学,2012大气科学学院大气科学类,2012商学院经济学（产业经济方向）,2012商学院金融工程,2012商学院保险学,2012商学院工商管理（人力资源管理方向）,2012商学院国际经济与贸易（二学位）,2012商学院工商管理类,2012商学院市场营销,2012商学院电子商务,2012商学院金融学,2012商学院财务管理,2012商学院会计学,2012商学院工商管理,2012商学院国际经济与贸易,2012商学院经济学",0,仙林校区,2012-2013学年 第2学期,52440,羽毛球馆,,否,,,,,,0,体育（二）,,第1节-第2节,,000410B
16.0,400340,跆拳道1班,20122000410B52441,,3,,31,1-17周,0,李文龙,1-17周 周一 第1节-第2节 ,1.0,体育部,否,,周一,2012-2013-2,,20122000410B52441,"2012商学院经济学类,2012海外教育学院汉语言,2012海外教育学院海外教育类,2012大气科学学院应用气象学,2012大气科学学院大气科学,2012大气科学学院大气科学类,2012商学院经济学（产业经济方向）,2012商学院金融工程,2012商学院保险学,2012商学院工商管理（人力资源管理方向）,2012商学院国际经济与贸易（二学位）,2012商学院工商管理类,2012商学院市场营销,2012商学院电子商务,2012商学院金融学,2012商学院财务管理,2012商学院会计学,2012商学院工商管理,2012商学院国际经济与贸易,2012商学院经济学",0,仙林校区,2012-2013学年 第2学期,52441,跆拳道馆,,否,,,,,,0,体育（二）,,第1节-第2节,,000410B
16.0,400340,篮球初级2班,20122000410B52442,,3,,28,1-17周,0,罗卫民,1-17周 周一 第1节-第2节 ,1.0,体育部,否,,周一,2012-2013-2,,20122000410B52442,"2012商学院经济学类,2012海外教育学院汉语言,2012海外教育学院海外教育类,2012大气科学学院应用气象学,2012大气科学学院大气科学,2012大气科学学院大气科学类,2012商学院经济学（产业经济方向）,2012商学院金融工程,2012商学院保险学,2012商学院工商管理（人力资源管理方向）,2012商学院国际经济与贸易（二学位）,2012商学院工商管理类,2012商学院市场营销,2012商学院电子商务,2012商学院金融学,2012商学院财务管理,2012商学院会计学,2012商学院工商管理,2012商学院国际经济与贸易,2012商学院经济学",0,仙林校区,2012-2013学年 第2学期,52442,篮球场3、4,,否,,,,,,0,体育（二）,,第1节-第2节,,000410B
16.0,400340,排球初级1班,20122000410B52443,,3,,32,1-17周,0,王喆,1-17周 周一 第1节-第2节 ,1.0,体育部,否,,周一,2012-2013-2,,20122000410B52443,"2012商学院经济学类,2012海外教育学院汉语言,2012海外教育学院海外教育类,2012大气科学学院应用气象学,2012大气科学学院大气科学,2012大气科学学院大气科学类,2012商学院经济学（产业经济方向）,2012商学院金融工程,2012商学院保险学,2012商学院工商管理（人力资源管理方向）,2012商学院国际经济与贸易（二学位）,2012商学院工商管理类,2012商学院市场营销,2012商学院电子商务,2012商学院金融学,2012商学院财务管理,2012商学院会计学,2012商学院工商管理,2012商学院国际经济与贸易,2012商学院经济学",0,仙林校区,2012-2013学年 第2学期,52443,排球场1、2,,否,,,,,,0,体育（二）,,第1节-第2节,,000410B
16.0,400340,羽毛球初级2班,20122000410B52444,,3,,32,1-17周,0,吴明,1-17周 周一 第1节-第2节 ,1.0,体育部,否,,周一,2012-2013-2,,20122000410B52444,"2012商学院经济学类,2012海外教育学院汉语言,2012海外教育学院海外教育类,2012大气科学学院应用气象学,2012大气科学学院大气科学,2012大气科学学院大气科学类,2012商学院经济学（产业经济方向）,2012商学院金融工程,2012商学院保险学,2012商学院工商管理（人力资源管理方向）,2012商学院国际经济与贸易（二学位）,2012商学院工商管理类,2012商学院市场营销,2012商学院电子商务,2012商学院金融学,2012商学院财务管理,2012商学院会计学,2012商学院工商管理,2012商学院国际经济与贸易,2012商学院经济学",0,仙林校区,2012-2013学年 第2学期,52444,羽毛球馆,,否,,,,,,0,体育（二）,,第1节-第2节,,000410B
16.0,400340,乒乓球初级2班,20122000410B52445,,3,,32,1-17周,0,谢争,1-17周 周一 第1节-第2节 ,1.0,体育部,否,,周一,2012-2013-2,,20122000410B52445,"2012商学院经济学类,2012海外教育学院汉语言,2012海外教育学院海外教育类,2012大气科学学院应用气象学,2012大气科学学院大气科学,2012大气科学学院大气科学类,2012商学院经济学（产业经济方向）,2012商学院金融工程,2012商学院保险学,2012商学院工商管理（人力资源管理方向）,2012商学院国际经济与贸易（二学位）,2012商学院工商管理类,2012商学院市场营销,2012商学院电子商务,2012商学院金融学,2012商学院财务管理,2012商学院会计学,2012商学院工商管理,2012商学院国际经济与贸易,2012商学院经济学",0,仙林校区,2012-2013学年 第2学期,52445,乒乓球馆,,否,,,,,,0,体育（二）,,第1节-第2节,,000410B
16.0,400340,游泳初级1班,20122000410B52446,,3,,30,1-17周,0,李海军,1-17周 周一 第1节-第2节 ,1.0,体育部,否,,周一,2012-2013-2,,20122000410B52446,"2012商学院经济学类,2012海外教育学院汉语言,2012海外教育学院海外教育类,2012大气科学学院应用气象学,2012大气科学学院大气科学,2012大气科学学院大气科学类,2012商学院经济学（产业经济方向）,2012商学院金融工程,2012商学院保险学,2012商学院工商管理（人力资源管理方向）,2012商学院国际经济与贸易（二学位）,2012商学院工商管理类,2012商学院市场营销,2012商学院电子商务,2012商学院金融学,2012商学院财务管理,2012商学院会计学,2012商学院工商管理,2012商学院国际经济与贸易,2012商学院经济学",0,仙林校区,2012-2013学年 第2学期,52446,游泳馆,,否,,,,,,0,体育（二）,,第1节-第2节,,000410B
16.0,400340,健美操初级1班,20122000410B52447,,3,,34,1-17周,0,陈樨,1-17周 周一 第1节-第2节 ,1.0,体育部,否,,周一,2012-2013-2,,20122000410B52447,"2012商学院经济学类,2012海外教育学院汉语言,2012海外教育学院海外教育类,2012大气科学学院应用气象学,2012大气科学学院大气科学,2012大气科学学院大气科学类,2012商学院经济学（产业经济方向）,2012商学院金融工程,2012商学院保险学,2012商学院工商管理（人力资源管理方向）,2012商学院国际经济与贸易（二学位）,2012商学院工商管理类,2012商学院市场营销,2012商学院电子商务,2012商学院金融学,2012商学院财务管理,2012商学院会计学,2012商学院工商管理,2012商学院国际经济与贸易,2012商学院经济学",0,仙林校区,2012-2013学年 第2学期,52447,健美操馆,,否,,,,,,0,体育（二）,,第1节-第2节,,000410B
16.0,400340,形体1班,20122000410B52448,,3,,32,1-17周,0,姜艳,1-17周 周一 第1节-第2节 ,1.0,体育部,否,,周一,2012-2013-2,,20122000410B52448,"2012商学院经济学类,2012海外教育学院汉语言,2012海外教育学院海外教育类,2012大气科学学院应用气象学,2012大气科学学院大气科学,2012大气科学学院大气科学类,2012商学院经济学（产业经济方向）,2012商学院金融工程,2012商学院保险学,2012商学院工商管理（人力资源管理方向）,2012商学院国际经济与贸易（二学位）,2012商学院工商管理类,2012商学院市场营销,2012商学院电子商务,2012商学院金融学,2012商学院财务管理,2012商学院会计学,2012商学院工商管理,2012商学院国际经济与贸易,2012商学院经济学",0,仙林校区,2012-2013学年 第2学期,52448,健美操馆外,,否,,,,,,0,体育（二）,,第1节-第2节,,000410B
16.0,400340,瑜伽1班,20122000410B52449,,3,,32,1-17周,0,孙雯,1-17周 周一 第1节-第2节 ,1.0,体育部,否,,周一,2012-2013-2,,20122000410B52449,"2012商学院经济学类,2012海外教育学院汉语言,2012海外教育学院海外教育类,2012大气科学学院应用气象学,2012大气科学学院大气科学,2012大气科学学院大气科学类,2012商学院经济学（产业经济方向）,2012商学院金融工程,2012商学院保险学,2012商学院工商管理（人力资源管理方向）,2012商学院国际经济与贸易（二学位）,2012商学院工商管理类,2012商学院市场营销,2012商学院电子商务,2012商学院金融学,2012商学院财务管理,2012商学院会计学,2012商学院工商管理,2012商学院国际经济与贸易,2012商学院经济学",0,仙林校区,2012-2013学年 第2学期,52449,体质测试室,,否,,,,,,0,体育（二）,,第1节-第2节,,000410B
16.0,400340,体育舞蹈1班,20122000410B52450,,3,,7,1-17周,0,肖鹏,1-17周 周一 第1节-第2节 ,1.0,体育部,否,,周一,2012-2013-2,,20122000410B52450,"2012商学院经济学类,2012海外教育学院汉语言,2012海外教育学院海外教育类,2012大气科学学院应用气象学,2012大气科学学院大气科学,2012大气科学学院大气科学类,2012商学院经济学（产业经济方向）,2012商学院金融工程,2012商学院保险学,2012商学院工商管理（人力资源管理方向）,2012商学院国际经济与贸易（二学位）,2012商学院工商管理类,2012商学院市场营销,2012商学院电子商务,2012商学院金融学,2012商学院财务管理,2012商学院会计学,2012商学院工商管理,2012商学院国际经济与贸易,2012商学院经济学",0,仙林校区,2012-2013学年 第2学期,52450,体育馆主馆,,否,,,,,,0,体育（二）,,第1节-第2节,,000410B
16.0,400340,体育舞蹈1班,20122000410B52451,,3,,16,1-17周,0,肖鹏,1-17周 周一 第1节-第2节 ,1.0,体育部,否,,周一,2012-2013-2,,20122000410B52451,"2012商学院经济学类,2012海外教育学院汉语言,2012海外教育学院海外教育类,2012大气科学学院应用气象学,2012大气科学学院大气科学,2012大气科学学院大气科学类,2012商学院经济学（产业经济方向）,2012商学院金融工程,2012商学院保险学,2012商学院工商管理（人力资源管理方向）,2012商学院国际经济与贸易（二学位）,2012商学院工商管理类,2012商学院市场营销,2012商学院电子商务,2012商学院金融学,2012商学院财务管理,2012商学院会计学,2012商学院工商管理,2012商学院国际经济与贸易,2012商学院经济学",0,仙林校区,2012-2013学年 第2学期,52451,体育馆主馆,,否,,,,,,0,体育（二）,,第1节-第2节,,000410B
16.0,400340,传统养生1班,20122000410B52452,,3,,17,1-17周,0,陈刚,1-17周 周一 第1节-第2节 ,1.0,体育部,否,,周一,2012-2013-2,,20122000410B52452,"2012商学院经济学类,2012海外教育学院汉语言,2012海外教育学院海外教育类,2012大气科学学院应用气象学,2012大气科学学院大气科学,2012大气科学学院大气科学类,2012商学院经济学（产业经济方向）,2012商学院金融工程,2012商学院保险学,2012商学院工商管理（人力资源管理方向）,2012商学院国际经济与贸易（二学位）,2012商学院工商管理类,2012商学院市场营销,2012商学院电子商务,2012商学院金融学,2012商学院财务管理,2012商学院会计学,2012商学院工商管理,2012商学院国际经济与贸易,2012商学院经济学",0,仙林校区,2012-2013学年 第2学期,52452,健美馆外,,否,,,,,,0,体育（二）,,第1节-第2节,,000410B
16.0,400340,传统养生1班,20122000410B52453,,3,,16,1-17周,0,陈刚,1-17周 周一 第1节-第2节 ,1.0,体育部,否,,周一,2012-2013-2,,20122000410B52453,"2012商学院经济学类,2012海外教育学院汉语言,2012海外教育学院海外教育类,2012大气科学学院应用气象学,2012大气科学学院大气科学,2012大气科学学院大气科学类,2012商学院经济学（产业经济方向）,2012商学院金融工程,2012商学院保险学,2012商学院工商管理（人力资源管理方向）,2012商学院国际经济与贸易（二学位）,2012商学院工商管理类,2012商学院市场营销,2012商学院电子商务,2012商学院金融学,2012商学院财务管理,2012商学院会计学,2012商学院工商管理,2012商学院国际经济与贸易,2012商学院经济学",0,仙林校区,2012-2013学年 第2学期,52453,健美馆外,,否,,,,,,0,体育（二）,,第1节-第2节,,000410B
16.0,400340,太极剑1班,20122000410B52454,,3,,32,1-17周,0,吕艳玲,1-17周 周一 第1节-第2节 ,1.0,体育部,否,,周一,2012-2013-2,,20122000410B52454,"2012商学院经济学类,2012海外教育学院汉语言,2012海外教育学院海外教育类,2012大气科学学院应用气象学,2012大气科学学院大气科学,2012大气科学学院大气科学类,2012商学院经济学（产业经济方向）,2012商学院金融工程,2012商学院保险学,2012商学院工商管理（人力资源管理方向）,2012商学院国际经济与贸易（二学位）,2012商学院工商管理类,2012商学院市场营销,2012商学院电子商务,2012商学院金融学,2012商学院财务管理,2012商学院会计学,2012商学院工商管理,2012商学院国际经济与贸易,2012商学院经济学",0,仙林校区,2012-2013学年 第2学期,52454,武术馆,,否,,,,,,0,体育（二）,,第1节-第2节,,000410B
16.0,400340,毽球1班,20122000410B52455,,3,,29,1-17周,0,周梅芳,1-17周 周一 第1节-第2节 ,1.0,体育部,否,,周一,2012-2013-2,,20122000410B52455,"2012商学院经济学类,2012海外教育学院汉语言,2012海外教育学院海外教育类,2012大气科学学院应用气象学,2012大气科学学院大气科学,2012大气科学学院大气科学类,2012商学院经济学（产业经济方向）,2012商学院金融工程,2012商学院保险学,2012商学院工商管理（人力资源管理方向）,2012商学院国际经济与贸易（二学位）,2012商学院工商管理类,2012商学院市场营销,2012商学院电子商务,2012商学院金融学,2012商学院财务管理,2012商学院会计学,2012商学院工商管理,2012商学院国际经济与贸易,2012商学院经济学",0,仙林校区,2012-2013学年 第2学期,52455,毽球场地,,否,,,,,,0,体育（二）,,第1节-第2节,,000410B
16.0,400340,篮球初级4班,20122000410B52456,,3,,32,1-17周,0,罗卫民,1-17周 周一 第3节-第4节 ,1.0,体育部,否,,周一,2012-2013-2,,20122000410B52456,"2012历史学院历史学类,2012建筑与城市规划学院城市规划,2012建筑与城市规划学院建筑学,2012匡亚明学院理强（数学与应用数学）,2012匡亚明学院理强（生物化学）,2012匡亚明学院理科强化班,2012匡亚明学院应用文科强化班,2012天文与空间科学学院空间科学与技术,2012天文与空间科学学院天文学,2012电子科学与工程学院微电子学,2012电子科学与工程学院生物医学工程,2012电子科学与工程学院通信工程,2012电子科学与工程学院电子信息科学与技术,2012历史学院考古学（文物鉴定方向）",0,仙林校区,2012-2013学年 第2学期,52456,篮球场3、4,,否,,,,,,0,体育（二）,,第3节-第4节,,000410B
16.0,400340,排球初级2班,20122000410B52457,,3,,32,1-17周,0,王喆,1-17周 周一 第3节-第4节 ,1.0,体育部,否,,周一,2012-2013-2,,20122000410B52457,"2012历史学院历史学类,2012建筑与城市规划学院城市规划,2012建筑与城市规划学院建筑学,2012匡亚明学院理强（数学与应用数学）,2012匡亚明学院理强（生物化学）,2012匡亚明学院理科强化班,2012匡亚明学院应用文科强化班,2012天文与空间科学学院空间科学与技术,2012天文与空间科学学院天文学,2012电子科学与工程学院微电子学,2012电子科学与工程学院生物医学工程,2012电子科学与工程学院通信工程,2012电子科学与工程学院电子信息科学与技术,2012历史学院考古学（文物鉴定方向）",0,仙林校区,2012-2013学年 第2学期,52457,排球场1、2,,否,,,,,,0,体育（二）,,第3节-第4节,,000410B
16.0,400340,足球初级3班,20122000410B52458,,3,,32,1-17周,0,夏军,1-17周 周一 第3节-第4节 ,1.0,体育部,否,,周一,2012-2013-2,,20122000410B52458,"2012历史学院历史学类,2012建筑与城市规划学院城市规划,2012建筑与城市规划学院建筑学,2012匡亚明学院理强（数学与应用数学）,2012匡亚明学院理强（生物化学）,2012匡亚明学院理科强化班,2012匡亚明学院应用文科强化班,2012天文与空间科学学院空间科学与技术,2012天文与空间科学学院天文学,2012电子科学与工程学院微电子学,2012电子科学与工程学院生物医学工程,2012电子科学与工程学院通信工程,2012电子科学与工程学院电子信息科学与技术,2012历史学院考古学（文物鉴定方向）",0,仙林校区,2012-2013学年 第2学期,52458,足球场南,,否,,,,,,0,体育（二）,,第3节-第4节,,000410B
16.0,400340,足球初级4班,20122000410B52459,,3,,28,1-17周,0,程涛,1-17周 周一 第3节-第4节 ,1.0,体育部,否,,周一,2012-2013-2,,20122000410B52459,"2012历史学院历史学类,2012建筑与城市规划学院城市规划,2012建筑与城市规划学院建筑学,2012匡亚明学院理强（数学与应用数学）,2012匡亚明学院理强（生物化学）,2012匡亚明学院理科强化班,2012匡亚明学院应用文科强化班,2012天文与空间科学学院空间科学与技术,2012天文与空间科学学院天文学,2012电子科学与工程学院微电子学,2012电子科学与工程学院生物医学工程,2012电子科学与工程学院通信工程,2012电子科学与工程学院电子信息科学与技术,2012历史学院考古学（文物鉴定方向）",0,仙林校区,2012-2013学年 第2学期,52459,足球场北,,否,,,,,,0,体育（二）,,第3节-第4节,,000410B
16.0,400340,乒乓球初级3班,20122000410B52460,,3,,32,1-17周,0,李波,1-17周 周一 第3节-第4节 ,1.0,体育部,否,,周一,2012-2013-2,,20122000410B52460,"2012历史学院历史学类,2012建筑与城市规划学院城市规划,2012建筑与城市规划学院建筑学,2012匡亚明学院理强（数学与应用数学）,2012匡亚明学院理强（生物化学）,2012匡亚明学院理科强化班,2012匡亚明学院应用文科强化班,2012天文与空间科学学院空间科学与技术,2012天文与空间科学学院天文学,2012电子科学与工程学院微电子学,2012电子科学与工程学院生物医学工程,2012电子科学与工程学院通信工程,2012电子科学与工程学院电子信息科学与技术,2012历史学院考古学（文物鉴定方向）",0,仙林校区,2012-2013学年 第2学期,52460,乒乓球馆,,否,,,,,,0,体育（二）,,第3节-第4节,,000410B
16.0,400340,羽毛球初级3班,20122000410B52461,,3,,32,1-17周,0,沈乐群,1-17周 周一 第3节-第4节 ,1.0,体育部,否,,周一,2012-2013-2,,20122000410B52461,"2012历史学院历史学类,2012建筑与城市规划学院城市规划,2012建筑与城市规划学院建筑学,2012匡亚明学院理强（数学与应用数学）,2012匡亚明学院理强（生物化学）,2012匡亚明学院理科强化班,2012匡亚明学院应用文科强化班,2012天文与空间科学学院空间科学与技术,2012天文与空间科学学院天文学,2012电子科学与工程学院微电子学,2012电子科学与工程学院生物医学工程,2012电子科学与工程学院通信工程,2012电子科学与工程学院电子信息科学与技术,2012历史学院考古学（文物鉴定方向）",0,仙林校区,2012-2013学年 第2学期,52461,羽毛球馆,,否,,,,,,0,体育（二）,,第3节-第4节,,000410B
16.0,400340,游泳初级2班,20122000410B52462,,3,,30,1-17周,0,李海军,1-17周 周一 第3节-第4节 ,1.0,体育部,否,,周一,2012-2013-2,,20122000410B52462,"2012历史学院历史学类,2012建筑与城市规划学院城市规划,2012建筑与城市规划学院建筑学,2012匡亚明学院理强（数学与应用数学）,2012匡亚明学院理强（生物化学）,2012匡亚明学院理科强化班,2012匡亚明学院应用文科强化班,2012天文与空间科学学院空间科学与技术,2012天文与空间科学学院天文学,2012电子科学与工程学院微电子学,2012电子科学与工程学院生物医学工程,2012电子科学与工程学院通信工程,2012电子科学与工程学院电子信息科学与技术,2012历史学院考古学（文物鉴定方向）",0,仙林校区,2012-2013学年 第2学期,52462,游泳馆,,否,,,,,,0,体育（二）,,第3节-第4节,,000410B
16.0,400340,传统养生2班,20122000410B52463,,3,,17,1-17周,0,陈刚,1-17周 周一 第3节-第4节 ,1.0,体育部,否,,周一,2012-2013-2,,20122000410B52463,"2012历史学院历史学类,2012建筑与城市规划学院城市规划,2012建筑与城市规划学院建筑学,2012匡亚明学院理强（数学与应用数学）,2012匡亚明学院理强（生物化学）,2012匡亚明学院理科强化班,2012匡亚明学院应用文科强化班,2012天文与空间科学学院空间科学与技术,2012天文与空间科学学院天文学,2012电子科学与工程学院微电子学,2012电子科学与工程学院生物医学工程,2012电子科学与工程学院通信工程,2012电子科学与工程学院电子信息科学与技术,2012历史学院考古学（文物鉴定方向）",0,仙林校区,2012-2013学年 第2学期,52463,健美馆外,,否,,,,,,0,体育（二）,,第3节-第4节,,000410B
16.0,400340,传统养生2班,20122000410B52464,,3,,15,1-17周,0,陈刚,1-17周 周一 第3节-第4节 ,1.0,体育部,否,,周一,2012-2013-2,,20122000410B52464,"2012历史学院历史学类,2012建筑与城市规划学院城市规划,2012建筑与城市规划学院建筑学,2012匡亚明学院理强（数学与应用数学）,2012匡亚明学院理强（生物化学）,2012匡亚明学院理科强化班,2012匡亚明学院应用文科强化班,2012天文与空间科学学院空间科学与技术,2012天文与空间科学学院天文学,2012电子科学与工程学院微电子学,2012电子科学与工程学院生物医学工程,2012电子科学与工程学院通信工程,2012电子科学与工程学院电子信息科学与技术,2012历史学院考古学（文物鉴定方向）",0,仙林校区,2012-2013学年 第2学期,52464,健美馆外,,否,,,,,,0,体育（二）,,第3节-第4节,,000410B
16.0,400340,太极剑2班,20122000410B52465,,3,,22,1-17周,0,吕艳玲,1-17周 周一 第3节-第4节 ,1.0,体育部,否,,周一,2012-2013-2,,20122000410B52465,"2012历史学院历史学类,2012建筑与城市规划学院城市规划,2012建筑与城市规划学院建筑学,2012匡亚明学院理强（数学与应用数学）,2012匡亚明学院理强（生物化学）,2012匡亚明学院理科强化班,2012匡亚明学院应用文科强化班,2012天文与空间科学学院空间科学与技术,2012天文与空间科学学院天文学,2012电子科学与工程学院微电子学,2012电子科学与工程学院生物医学工程,2012电子科学与工程学院通信工程,2012电子科学与工程学院电子信息科学与技术,2012历史学院考古学（文物鉴定方向）",0,仙林校区,2012-2013学年 第2学期,52465,武术馆,,否,,,,,,0,体育（二）,,第3节-第4节,,000410B
16.0,400340,网球初级2班,20122000410B52466,,3,,32,1-17周,0,鲍大卫,1-17周 周一 第3节-第4节 ,1.0,体育部,否,,周一,2012-2013-2,,20122000410B52466,"2012历史学院历史学类,2012建筑与城市规划学院城市规划,2012建筑与城市规划学院建筑学,2012匡亚明学院理强（数学与应用数学）,2012匡亚明学院理强（生物化学）,2012匡亚明学院理科强化班,2012匡亚明学院应用文科强化班,2012天文与空间科学学院空间科学与技术,2012天文与空间科学学院天文学,2012电子科学与工程学院微电子学,2012电子科学与工程学院生物医学工程,2012电子科学与工程学院通信工程,2012电子科学与工程学院电子信息科学与技术,2012历史学院考古学（文物鉴定方向）",0,仙林校区,2012-2013学年 第2学期,52466,网球场,,否,,,,,,0,体育（二）,,第3节-第4节,,000410B
16.0,400340,跆拳道2班,20122000410B52467,,3,,32,1-17周,0,李文龙,1-17周 周一 第3节-第4节 ,1.0,体育部,否,,周一,2012-2013-2,,20122000410B52467,"2012历史学院历史学类,2012建筑与城市规划学院城市规划,2012建筑与城市规划学院建筑学,2012匡亚明学院理强（数学与应用数学）,2012匡亚明学院理强（生物化学）,2012匡亚明学院理科强化班,2012匡亚明学院应用文科强化班,2012天文与空间科学学院空间科学与技术,2012天文与空间科学学院天文学,2012电子科学与工程学院微电子学,2012电子科学与工程学院生物医学工程,2012电子科学与工程学院通信工程,2012电子科学与工程学院电子信息科学与技术,2012历史学院考古学（文物鉴定方向）",0,仙林校区,2012-2013学年 第2学期,52467,跆拳道馆,,否,,,,,,0,体育（二）,,第3节-第4节,,000410B
16.0,400340,乒乓球初级4班,20122000410B52468,,3,,30,1-17周,0,谢争,1-17周 周一 第3节-第4节 ,1.0,体育部,否,,周一,2012-2013-2,,20122000410B52468,"2012历史学院历史学类,2012建筑与城市规划学院城市规划,2012建筑与城市规划学院建筑学,2012匡亚明学院理强（数学与应用数学）,2012匡亚明学院理强（生物化学）,2012匡亚明学院理科强化班,2012匡亚明学院应用文科强化班,2012天文与空间科学学院空间科学与技术,2012天文与空间科学学院天文学,2012电子科学与工程学院微电子学,2012电子科学与工程学院生物医学工程,2012电子科学与工程学院通信工程,2012电子科学与工程学院电子信息科学与技术,2012历史学院考古学（文物鉴定方向）",0,仙林校区,2012-2013学年 第2学期,52468,乒乓球馆,,否,,,,,,0,体育（二）,,第3节-第4节,,000410B
16.0,400340,羽毛球初级4班,20122000410B52469,,3,,30,1-17周,0,吴明,1-17周 周一 第3节-第4节 ,1.0,体育部,否,,周一,2012-2013-2,,20122000410B52469,"2012历史学院历史学类,2012建筑与城市规划学院城市规划,2012建筑与城市规划学院建筑学,2012匡亚明学院理强（数学与应用数学）,2012匡亚明学院理强（生物化学）,2012匡亚明学院理科强化班,2012匡亚明学院应用文科强化班,2012天文与空间科学学院空间科学与技术,2012天文与空间科学学院天文学,2012电子科学与工程学院微电子学,2012电子科学与工程学院生物医学工程,2012电子科学与工程学院通信工程,2012电子科学与工程学院电子信息科学与技术,2012历史学院考古学（文物鉴定方向）",0,仙林校区,2012-2013学年 第2学期,52469,羽毛球馆,,否,,,,,,0,体育（二）,,第3节-第4节,,000410B
16.0,400340,健美操初级2班,20122000410B52470,,3,,31,1-17周,0,陈樨,1-17周 周一 第3节-第4节 ,1.0,体育部,否,,周一,2012-2013-2,,20122000410B52470,"2012历史学院历史学类,2012建筑与城市规划学院城市规划,2012建筑与城市规划学院建筑学,2012匡亚明学院理强（数学与应用数学）,2012匡亚明学院理强（生物化学）,2012匡亚明学院理科强化班,2012匡亚明学院应用文科强化班,2012天文与空间科学学院空间科学与技术,2012天文与空间科学学院天文学,2012电子科学与工程学院微电子学,2012电子科学与工程学院生物医学工程,2012电子科学与工程学院通信工程,2012电子科学与工程学院电子信息科学与技术,2012历史学院考古学（文物鉴定方向）",0,仙林校区,2012-2013学年 第2学期,52470,健美操馆外,,否,,,,,,0,体育（二）,,第3节-第4节,,000410B
16.0,400340,瑜伽2班,20122000410B52471,,3,,35,1-17周,0,孙雯,1-17周 周一 第3节-第4节 ,1.0,体育部,否,,周一,2012-2013-2,,20122000410B52471,"2012历史学院历史学类,2012建筑与城市规划学院城市规划,2012建筑与城市规划学院建筑学,2012匡亚明学院理强（数学与应用数学）,2012匡亚明学院理强（生物化学）,2012匡亚明学院理科强化班,2012匡亚明学院应用文科强化班,2012天文与空间科学学院空间科学与技术,2012天文与空间科学学院天文学,2012电子科学与工程学院微电子学,2012电子科学与工程学院生物医学工程,2012电子科学与工程学院通信工程,2012电子科学与工程学院电子信息科学与技术,2012历史学院考古学（文物鉴定方向）",0,仙林校区,2012-2013学年 第2学期,52471,体质测试室,,否,,,,,,0,体育（二）,,第3节-第4节,,000410B
16.0,400340,形体2班,20122000410B52472,,3,,31,1-17周,0,姜艳,1-17周 周一 第3节-第4节 ,1.0,体育部,否,,周一,2012-2013-2,,20122000410B52472,"2012历史学院历史学类,2012建筑与城市规划学院城市规划,2012建筑与城市规划学院建筑学,2012匡亚明学院理强（数学与应用数学）,2012匡亚明学院理强（生物化学）,2012匡亚明学院理科强化班,2012匡亚明学院应用文科强化班,2012天文与空间科学学院空间科学与技术,2012天文与空间科学学院天文学,2012电子科学与工程学院微电子学,2012电子科学与工程学院生物医学工程,2012电子科学与工程学院通信工程,2012电子科学与工程学院电子信息科学与技术,2012历史学院考古学（文物鉴定方向）",0,仙林校区,2012-2013学年 第2学期,52472,健美操馆,,否,,,,,,0,体育（二）,,第3节-第4节,,000410B
16.0,400340,体育舞蹈2班,20122000410B52473,,3,,17,1-17周,0,肖鹏,1-17周 周一 第3节-第4节 ,1.0,体育部,否,,周一,2012-2013-2,,20122000410B52473,"2012历史学院历史学类,2012建筑与城市规划学院城市规划,2012建筑与城市规划学院建筑学,2012匡亚明学院理强（数学与应用数学）,2012匡亚明学院理强（生物化学）,2012匡亚明学院理科强化班,2012匡亚明学院应用文科强化班,2012天文与空间科学学院空间科学与技术,2012天文与空间科学学院天文学,2012电子科学与工程学院微电子学,2012电子科学与工程学院生物医学工程,2012电子科学与工程学院通信工程,2012电子科学与工程学院电子信息科学与技术,2012历史学院考古学（文物鉴定方向）",0,仙林校区,2012-2013学年 第2学期,52473,体育馆主馆,,否,,,,,,0,体育（二）,,第3节-第4节,,000410B
16.0,400340,体育舞蹈2班,20122000410B52474,,3,,15,1-17周,0,肖鹏,1-17周 周一 第3节-第4节 ,1.0,体育部,否,,周一,2012-2013-2,,20122000410B52474,"2012历史学院历史学类,2012建筑与城市规划学院城市规划,2012建筑与城市规划学院建筑学,2012匡亚明学院理强（数学与应用数学）,2012匡亚明学院理强（生物化学）,2012匡亚明学院理科强化班,2012匡亚明学院应用文科强化班,2012天文与空间科学学院空间科学与技术,2012天文与空间科学学院天文学,2012电子科学与工程学院微电子学,2012电子科学与工程学院生物医学工程,2012电子科学与工程学院通信工程,2012电子科学与工程学院电子信息科学与技术,2012历史学院考古学（文物鉴定方向）",0,仙林校区,2012-2013学年 第2学期,52474,体育馆主馆,,否,,,,,,0,体育（二）,,第3节-第4节,,000410B
16.0,400340,毽球2班,20122000410B52475,,3,,18,1-17周,0,周梅芳,1-17周 周一 第3节-第4节 ,1.0,体育部,否,,周一,2012-2013-2,,20122000410B52475,"2012历史学院历史学类,2012建筑与城市规划学院城市规划,2012建筑与城市规划学院建筑学,2012匡亚明学院理强（数学与应用数学）,2012匡亚明学院理强（生物化学）,2012匡亚明学院理科强化班,2012匡亚明学院应用文科强化班,2012天文与空间科学学院空间科学与技术,2012天文与空间科学学院天文学,2012电子科学与工程学院微电子学,2012电子科学与工程学院生物医学工程,2012电子科学与工程学院通信工程,2012电子科学与工程学院电子信息科学与技术,2012历史学院考古学（文物鉴定方向）",0,仙林校区,2012-2013学年 第2学期,52475,毽球场地,,否,,,,,,0,体育（二）,,第3节-第4节,,000410B
16.0,400340,毽球2班,20122000410B52476,,3,,12,1-17周,0,周梅芳,1-17周 周一 第3节-第4节 ,1.0,体育部,否,,周一,2012-2013-2,,20122000410B52476,"2012历史学院历史学类,2012建筑与城市规划学院城市规划,2012建筑与城市规划学院建筑学,2012匡亚明学院理强（数学与应用数学）,2012匡亚明学院理强（生物化学）,2012匡亚明学院理科强化班,2012匡亚明学院应用文科强化班,2012天文与空间科学学院空间科学与技术,2012天文与空间科学学院天文学,2012电子科学与工程学院微电子学,2012电子科学与工程学院生物医学工程,2012电子科学与工程学院通信工程,2012电子科学与工程学院电子信息科学与技术,2012历史学院考古学（文物鉴定方向）",0,仙林校区,2012-2013学年 第2学期,52476,毽球场地,,否,,,,,,0,体育（二）,,第3节-第4节,,000410B
16.0,400340,篮球初级6班,20122000410B52477,,3,,30,1-17周,0,罗卫民,1-17周 周一 第5节-第6节 ,1.0,体育部,否,,周一,2012-2013-2,,20122000410B52477,"2012哲学学院哲学,2012工程管理学院信息工程,2012工程管理学院金融工程,2012工程管理学院工业工程,2012工程管理学院自动化,2012医学院口腔医学,2012医学院临床医学,2012现代工程与应用科学学院材料化学,2012现代工程与应用科学学院材料物理,2012信息管理学院编辑出版学,2012信息管理学院档案学,2012信息管理学院信息管理与信息系统,2012信息管理学院文科类,2012新闻传播学院新闻学（记者班）,2012新闻传播学院广播电视新闻学,2012新闻传播学院广告学,2012新闻传播学院新闻学",0,仙林校区,2012-2013学年 第2学期,52477,篮球场3、4,,否,,,,,,0,体育（二）,,第5节-第6节,,000410B
16.0,400340,排球初级3班,20122000410B52478,,3,,33,1-17周,0,王喆,1-17周 周一 第5节-第6节 ,1.0,体育部,否,,周一,2012-2013-2,,20122000410B52478,"2012哲学学院哲学,2012工程管理学院信息工程,2012工程管理学院金融工程,2012工程管理学院工业工程,2012工程管理学院自动化,2012医学院口腔医学,2012医学院临床医学,2012现代工程与应用科学学院材料化学,2012现代工程与应用科学学院材料物理,2012信息管理学院编辑出版学,2012信息管理学院档案学,2012信息管理学院信息管理与信息系统,2012信息管理学院文科类,2012新闻传播学院新闻学（记者班）,2012新闻传播学院广播电视新闻学,2012新闻传播学院广告学,2012新闻传播学院新闻学",0,仙林校区,2012-2013学年 第2学期,52478,排球场1、2,,否,,,,,,0,体育（二）,,第5节-第6节,,000410B
16.0,400340,足球初级5班,20122000410B52479,,3,,32,1-17周,0,夏军,1-17周 周一 第5节-第6节 ,1.0,体育部,否,,周一,2012-2013-2,,20122000410B52479,"2012哲学学院哲学,2012工程管理学院信息工程,2012工程管理学院金融工程,2012工程管理学院工业工程,2012工程管理学院自动化,2012医学院口腔医学,2012医学院临床医学,2012现代工程与应用科学学院材料化学,2012现代工程与应用科学学院材料物理,2012信息管理学院编辑出版学,2012信息管理学院档案学,2012信息管理学院信息管理与信息系统,2012信息管理学院文科类,2012新闻传播学院新闻学（记者班）,2012新闻传播学院广播电视新闻学,2012新闻传播学院广告学,2012新闻传播学院新闻学",0,仙林校区,2012-2013学年 第2学期,52479,足球场南,,否,,,,,,0,体育（二）,,第5节-第6节,,000410B
16.0,400340,足球初级6班,20122000410B52480,,3,,32,1-17周,0,程涛,1-17周 周一 第5节-第6节 ,1.0,体育部,否,,周一,2012-2013-2,,20122000410B52480,"2012哲学学院哲学,2012工程管理学院信息工程,2012工程管理学院金融工程,2012工程管理学院工业工程,2012工程管理学院自动化,2012医学院口腔医学,2012医学院临床医学,2012现代工程与应用科学学院材料化学,2012现代工程与应用科学学院材料物理,2012信息管理学院编辑出版学,2012信息管理学院档案学,2012信息管理学院信息管理与信息系统,2012信息管理学院文科类,2012新闻传播学院新闻学（记者班）,2012新闻传播学院广播电视新闻学,2012新闻传播学院广告学,2012新闻传播学院新闻学",0,仙林校区,2012-2013学年 第2学期,52480,足球场北,,否,,,,,,0,体育（二）,,第5节-第6节,,000410B
16.0,400340,乒乓球初级5班,20122000410B52481,,3,,30,1-17周,0,李波,1-17周 周一 第5节-第6节 ,1.0,体育部,否,,周一,2012-2013-2,,20122000410B52481,"2012哲学学院哲学,2012工程管理学院信息工程,2012工程管理学院金融工程,2012工程管理学院工业工程,2012工程管理学院自动化,2012医学院口腔医学,2012医学院临床医学,2012现代工程与应用科学学院材料化学,2012现代工程与应用科学学院材料物理,2012信息管理学院编辑出版学,2012信息管理学院档案学,2012信息管理学院信息管理与信息系统,2012信息管理学院文科类,2012新闻传播学院新闻学（记者班）,2012新闻传播学院广播电视新闻学,2012新闻传播学院广告学,2012新闻传播学院新闻学",0,仙林校区,2012-2013学年 第2学期,52481,乒乓球馆,,否,,,,,,0,体育（二）,,第5节-第6节,,000410B
16.0,400340,羽毛球初级5班,20122000410B52482,,3,,32,1-17周,0,沈乐群,1-17周 周一 第5节-第6节 ,1.0,体育部,否,,周一,2012-2013-2,,20122000410B52482,"2012哲学学院哲学,2012工程管理学院信息工程,2012工程管理学院金融工程,2012工程管理学院工业工程,2012工程管理学院自动化,2012医学院口腔医学,2012医学院临床医学,2012现代工程与应用科学学院材料化学,2012现代工程与应用科学学院材料物理,2012信息管理学院编辑出版学,2012信息管理学院档案学,2012信息管理学院信息管理与信息系统,2012信息管理学院文科类,2012新闻传播学院新闻学（记者班）,2012新闻传播学院广播电视新闻学,2012新闻传播学院广告学,2012新闻传播学院新闻学",0,仙林校区,2012-2013学年 第2学期,52482,羽毛球馆,,否,,,,,,0,体育（二）,,第5节-第6节,,000410B
16.0,400340,健美1班,20122000410B52483,,3,,24,1-17周,0,李海军,1-17周 周一 第5节-第6节 ,1.0,体育部,否,,周一,2012-2013-2,,20122000410B52483,"2012哲学学院哲学,2012工程管理学院信息工程,2012工程管理学院金融工程,2012工程管理学院工业工程,2012工程管理学院自动化,2012医学院口腔医学,2012医学院临床医学,2012现代工程与应用科学学院材料化学,2012现代工程与应用科学学院材料物理,2012信息管理学院编辑出版学,2012信息管理学院档案学,2012信息管理学院信息管理与信息系统,2012信息管理学院文科类,2012新闻传播学院新闻学（记者班）,2012新闻传播学院广播电视新闻学,2012新闻传播学院广告学,2012新闻传播学院新闻学",0,仙林校区,2012-2013学年 第2学期,52483,健美馆,,否,,,,,,0,体育（二）,,第5节-第6节,,000410B
16.0,400340,传统养生3班,20122000410B52484,,3,,15,1-17周,0,陈刚,1-17周 周一 第5节-第6节 ,1.0,体育部,否,,周一,2012-2013-2,,20122000410B52484,"2012哲学学院哲学,2012工程管理学院信息工程,2012工程管理学院金融工程,2012工程管理学院工业工程,2012工程管理学院自动化,2012医学院口腔医学,2012医学院临床医学,2012现代工程与应用科学学院材料化学,2012现代工程与应用科学学院材料物理,2012信息管理学院编辑出版学,2012信息管理学院档案学,2012信息管理学院信息管理与信息系统,2012信息管理学院文科类,2012新闻传播学院新闻学（记者班）,2012新闻传播学院广播电视新闻学,2012新闻传播学院广告学,2012新闻传播学院新闻学",0,仙林校区,2012-2013学年 第2学期,52484,健美馆外,,否,,,,,,0,体育（二）,,第5节-第6节,,000410B
16.0,400340,传统养生3班,20122000410B52485,,3,,15,1-17周,0,陈刚,1-17周 周一 第5节-第6节 ,1.0,体育部,否,,周一,2012-2013-2,,20122000410B52485,"2012哲学学院哲学,2012工程管理学院信息工程,2012工程管理学院金融工程,2012工程管理学院工业工程,2012工程管理学院自动化,2012医学院口腔医学,2012医学院临床医学,2012现代工程与应用科学学院材料化学,2012现代工程与应用科学学院材料物理,2012信息管理学院编辑出版学,2012信息管理学院档案学,2012信息管理学院信息管理与信息系统,2012信息管理学院文科类,2012新闻传播学院新闻学（记者班）,2012新闻传播学院广播电视新闻学,2012新闻传播学院广告学,2012新闻传播学院新闻学",0,仙林校区,2012-2013学年 第2学期,52485,健美馆外,,否,,,,,,0,体育（二）,,第5节-第6节,,000410B
16.0,400340,乒乓球初级6班,20122000410B52486,,3,,30,1-17周,0,谢争,1-17周 周一 第5节-第6节 ,1.0,体育部,否,,周一,2012-2013-2,,20122000410B52486,"2012哲学学院哲学,2012工程管理学院信息工程,2012工程管理学院金融工程,2012工程管理学院工业工程,2012工程管理学院自动化,2012医学院口腔医学,2012医学院临床医学,2012现代工程与应用科学学院材料化学,2012现代工程与应用科学学院材料物理,2012信息管理学院编辑出版学,2012信息管理学院档案学,2012信息管理学院信息管理与信息系统,2012信息管理学院文科类,2012新闻传播学院新闻学（记者班）,2012新闻传播学院广播电视新闻学,2012新闻传播学院广告学,2012新闻传播学院新闻学",0,仙林校区,2012-2013学年 第2学期,52486,乒乓球馆,,否,,,,,,0,体育（二）,,第5节-第6节,,000410B
16.0,400340,羽毛球初级6班,20122000410B52487,,3,,31,1-17周,0,吴明,1-17周 周一 第5节-第6节 ,1.0,体育部,否,,周一,2012-2013-2,,20122000410B52487,"2012哲学学院哲学,2012工程管理学院信息工程,2012工程管理学院金融工程,2012工程管理学院工业工程,2012工程管理学院自动化,2012医学院口腔医学,2012医学院临床医学,2012现代工程与应用科学学院材料化学,2012现代工程与应用科学学院材料物理,2012信息管理学院编辑出版学,2012信息管理学院档案学,2012信息管理学院信息管理与信息系统,2012信息管理学院文科类,2012新闻传播学院新闻学（记者班）,2012新闻传播学院广播电视新闻学,2012新闻传播学院广告学,2012新闻传播学院新闻学",0,仙林校区,2012-2013学年 第2学期,52487,羽毛球馆,,否,,,,,,0,体育（二）,,第5节-第6节,,000410B
16.0,400340,健美操初级2班,20122000410B52488,,3,,33,1-17周,0,陈樨,1-17周 周一 第5节-第6节 ,1.0,体育部,否,,周一,2012-2013-2,,20122000410B52488,"2012哲学学院哲学,2012工程管理学院信息工程,2012工程管理学院金融工程,2012工程管理学院工业工程,2012工程管理学院自动化,2012医学院口腔医学,2012医学院临床医学,2012现代工程与应用科学学院材料化学,2012现代工程与应用科学学院材料物理,2012信息管理学院编辑出版学,2012信息管理学院档案学,2012信息管理学院信息管理与信息系统,2012信息管理学院文科类,2012新闻传播学院新闻学（记者班）,2012新闻传播学院广播电视新闻学,2012新闻传播学院广告学,2012新闻传播学院新闻学",0,仙林校区,2012-2013学年 第2学期,52488,健美操馆,,否,,,,,,0,体育（二）,,第5节-第6节,,000410B
16.0,400340,瑜伽3班,20122000410B52489,,3,,32,1-17周,0,孙雯,1-17周 周一 第5节-第6节 ,1.0,体育部,否,,周一,2012-2013-2,,20122000410B52489,"2012哲学学院哲学,2012工程管理学院信息工程,2012工程管理学院金融工程,2012工程管理学院工业工程,2012工程管理学院自动化,2012医学院口腔医学,2012医学院临床医学,2012现代工程与应用科学学院材料化学,2012现代工程与应用科学学院材料物理,2012信息管理学院编辑出版学,2012信息管理学院档案学,2012信息管理学院信息管理与信息系统,2012信息管理学院文科类,2012新闻传播学院新闻学（记者班）,2012新闻传播学院广播电视新闻学,2012新闻传播学院广告学,2012新闻传播学院新闻学",0,仙林校区,2012-2013学年 第2学期,52489,体质测试室,,否,,,,,,0,体育（二）,,第5节-第6节,,000410B
16.0,400340,形体3班,20122000410B52490,,3,,32,1-17周,0,姜艳,1-17周 周一 第5节-第6节 ,1.0,体育部,否,,周一,2012-2013-2,,20122000410B52490,"2012哲学学院哲学,2012工程管理学院信息工程,2012工程管理学院金融工程,2012工程管理学院工业工程,2012工程管理学院自动化,2012医学院口腔医学,2012医学院临床医学,2012现代工程与应用科学学院材料化学,2012现代工程与应用科学学院材料物理,2012信息管理学院编辑出版学,2012信息管理学院档案学,2012信息管理学院信息管理与信息系统,2012信息管理学院文科类,2012新闻传播学院新闻学（记者班）,2012新闻传播学院广播电视新闻学,2012新闻传播学院广告学,2012新闻传播学院新闻学",0,仙林校区,2012-2013学年 第2学期,52490,健美操馆外,,否,,,,,,0,体育（二）,,第5节-第6节,,000410B
16.0,400340,体育舞蹈3班,20122000410B52491,,3,,12,1-17周,0,肖鹏,1-17周 周一 第5节-第6节 ,1.0,体育部,否,,周一,2012-2013-2,,20122000410B52491,"2012哲学学院哲学,2012工程管理学院信息工程,2012工程管理学院金融工程,2012工程管理学院工业工程,2012工程管理学院自动化,2012医学院口腔医学,2012医学院临床医学,2012现代工程与应用科学学院材料化学,2012现代工程与应用科学学院材料物理,2012信息管理学院编辑出版学,2012信息管理学院档案学,2012信息管理学院信息管理与信息系统,2012信息管理学院文科类,2012新闻传播学院新闻学（记者班）,2012新闻传播学院广播电视新闻学,2012新闻传播学院广告学,2012新闻传播学院新闻学",0,仙林校区,2012-2013学年 第2学期,52491,体育馆主馆,,否,,,,,,0,体育（二）,,第5节-第6节,,000410B
16.0,400340,体育舞蹈3班,20122000410B52492,,3,,15,1-17周,0,肖鹏,1-17周 周一 第5节-第6节 ,1.0,体育部,否,,周一,2012-2013-2,,20122000410B52492,"2012哲学学院哲学,2012工程管理学院信息工程,2012工程管理学院金融工程,2012工程管理学院工业工程,2012工程管理学院自动化,2012医学院口腔医学,2012医学院临床医学,2012现代工程与应用科学学院材料化学,2012现代工程与应用科学学院材料物理,2012信息管理学院编辑出版学,2012信息管理学院档案学,2012信息管理学院信息管理与信息系统,2012信息管理学院文科类,2012新闻传播学院新闻学（记者班）,2012新闻传播学院广播电视新闻学,2012新闻传播学院广告学,2012新闻传播学院新闻学",0,仙林校区,2012-2013学年 第2学期,52492,体育馆主馆,,否,,,,,,0,体育（二）,,第5节-第6节,,000410B
16.0,400340,太极剑3班,20122000410B52493,,3,,30,1-17周,0,吕艳玲,1-17周 周一 第5节-第6节 ,1.0,体育部,否,,周一,2012-2013-2,,20122000410B52493,"2012哲学学院哲学,2012工程管理学院信息工程,2012工程管理学院金融工程,2012工程管理学院工业工程,2012工程管理学院自动化,2012医学院口腔医学,2012医学院临床医学,2012现代工程与应用科学学院材料化学,2012现代工程与应用科学学院材料物理,2012信息管理学院编辑出版学,2012信息管理学院档案学,2012信息管理学院信息管理与信息系统,2012信息管理学院文科类,2012新闻传播学院新闻学（记者班）,2012新闻传播学院广播电视新闻学,2012新闻传播学院广告学,2012新闻传播学院新闻学",0,仙林校区,2012-2013学年 第2学期,52493,武术馆,,否,,,,,,0,体育（二）,,第5节-第6节,,000410B
16.0,400340,网球初级3班,20122000410B52494,,3,,31,1-17周,0,鲍大卫,1-17周 周一 第5节-第6节 ,1.0,体育部,否,,周一,2012-2013-2,,20122000410B52494,"2012哲学学院哲学,2012工程管理学院信息工程,2012工程管理学院金融工程,2012工程管理学院工业工程,2012工程管理学院自动化,2012医学院口腔医学,2012医学院临床医学,2012现代工程与应用科学学院材料化学,2012现代工程与应用科学学院材料物理,2012信息管理学院编辑出版学,2012信息管理学院档案学,2012信息管理学院信息管理与信息系统,2012信息管理学院文科类,2012新闻传播学院新闻学（记者班）,2012新闻传播学院广播电视新闻学,2012新闻传播学院广告学,2012新闻传播学院新闻学",0,仙林校区,2012-2013学年 第2学期,52494,网球场,,否,,,,,,0,体育（二）,,第5节-第6节,,000410B
16.0,400340,毽球3班,20122000410B52495,,3,,19,1-17周,0,周梅芳,1-17周 周一 第5节-第6节 ,1.0,体育部,否,,周一,2012-2013-2,,20122000410B52495,"2012哲学学院哲学,2012工程管理学院信息工程,2012工程管理学院金融工程,2012工程管理学院工业工程,2012工程管理学院自动化,2012医学院口腔医学,2012医学院临床医学,2012现代工程与应用科学学院材料化学,2012现代工程与应用科学学院材料物理,2012信息管理学院编辑出版学,2012信息管理学院档案学,2012信息管理学院信息管理与信息系统,2012信息管理学院文科类,2012新闻传播学院新闻学（记者班）,2012新闻传播学院广播电视新闻学,2012新闻传播学院广告学,2012新闻传播学院新闻学",0,仙林校区,2012-2013学年 第2学期,52495,毽球场地,,否,,,,,,0,体育（二）,,第5节-第6节,,000410B
16.0,400340,跆拳道3班,20122000410B52496,,3,,33,1-17周,0,李文龙,1-17周 周一 第5节-第6节 ,1.0,体育部,否,,周一,2012-2013-2,,20122000410B52496,"2012哲学学院哲学,2012工程管理学院信息工程,2012工程管理学院金融工程,2012工程管理学院工业工程,2012工程管理学院自动化,2012医学院口腔医学,2012医学院临床医学,2012现代工程与应用科学学院材料化学,2012现代工程与应用科学学院材料物理,2012信息管理学院编辑出版学,2012信息管理学院档案学,2012信息管理学院信息管理与信息系统,2012信息管理学院文科类,2012新闻传播学院新闻学（记者班）,2012新闻传播学院广播电视新闻学,2012新闻传播学院广告学,2012新闻传播学院新闻学",0,仙林校区,2012-2013学年 第2学期,52496,跆拳道馆,,否,,,,,,0,体育（二）,,第5节-第6节,,000410B
16.0,400340,乒乓球初级8班,20122000410B52497,,3,,31,1-17周,0,李波,1-17周 周三 第1节-第2节 ,1.0,体育部,否,,周三,2012-2013-2,,20122000410B52497,"2012文学院汉语言文学,2012计算机学院计算机科学与技术,2012物理学院物理学,2012法学院法学类,2012文学院戏剧影视文学",0,仙林校区,2012-2013学年 第2学期,52497,乒乓球馆,,否,,,,,,0,体育（二）,,第1节-第2节,,000410B
16.0,400340,羽毛球初级8班,20122000410B52498,,3,,30,1-17周,0,陈樨,1-17周 周三 第1节-第2节 ,1.0,体育部,否,,周三,2012-2013-2,,20122000410B52498,"2012文学院汉语言文学,2012计算机学院计算机科学与技术,2012物理学院物理学,2012法学院法学类,2012文学院戏剧影视文学",0,仙林校区,2012-2013学年 第2学期,52498,羽毛球馆,,否,,,,,,0,体育（二）,,第1节-第2节,,000410B
16.0,400340,健美操初级4班,20122000410B52499,,3,,30,1-17周,0,姜艳,1-17周 周三 第1节-第2节 ,1.0,体育部,否,,周三,2012-2013-2,,20122000410B52499,"2012文学院汉语言文学,2012计算机学院计算机科学与技术,2012物理学院物理学,2012法学院法学类,2012文学院戏剧影视文学",0,仙林校区,2012-2013学年 第2学期,52499,健美操馆,,否,,,,,,0,体育（二）,,第1节-第2节,,000410B
16.0,400340,网球初级4班,20122000410B52500,,3,,32,1-17周,0,鲍大卫,1-17周 周三 第1节-第2节 ,1.0,体育部,否,,周三,2012-2013-2,,20122000410B52500,"2012文学院汉语言文学,2012计算机学院计算机科学与技术,2012物理学院物理学,2012法学院法学类,2012文学院戏剧影视文学",0,仙林校区,2012-2013学年 第2学期,52500,网球场,,否,,,,,,0,体育（二）,,第1节-第2节,,000410B
16.0,400340,功夫扇1班,20122000410B52501,,3,,24,1-17周,0,吕艳玲,1-17周 周三 第1节-第2节 ,1.0,体育部,否,,周三,2012-2013-2,,20122000410B52501,"2012文学院汉语言文学,2012计算机学院计算机科学与技术,2012物理学院物理学,2012法学院法学类,2012文学院戏剧影视文学",0,仙林校区,2012-2013学年 第2学期,52501,武术馆,,否,,,,,,0,体育（二）,,第1节-第2节,,000410B
16.0,400340,太极剑4班,20122000410B52502,,3,,30,1-17周,0,高凤华,1-17周 周三 第1节-第2节 ,1.0,体育部,否,,周三,2012-2013-2,,20122000410B52502,"2012文学院汉语言文学,2012计算机学院计算机科学与技术,2012物理学院物理学,2012法学院法学类,2012文学院戏剧影视文学",0,仙林校区,2012-2013学年 第2学期,52502,武术馆,,否,,,,,,0,体育（二）,,第1节-第2节,,000410B
16.0,400340,排球初级6班,20122000410B52517,,3,,30,1-17周,0,王喆,1-17周 周三 第3节-第4节 ,1.0,体育部,否,,周三,2012-2013-2,,20122000410B52517,"2012政府管理学院公共管理类,2012软件学院软件工程,2012软件学院软件学类,2012地理与海洋科学学院海洋科学,2012地理与海洋科学学院旅游管理,2012地理与海洋科学学院地理科学,2012地理与海洋科学学院地理信息系统,2012地理与海洋科学学院资源环境与城乡规划管理,2012地理与海洋科学学院地理科学类,2012地球科学与工程学院地质学（地球物理学方向）,2012地球科学与工程学院地下水科学与工程,2012地球科学与工程学院水文与水资源工程,2012地球科学与工程学院地质工程,2012地球科学与工程学院地球化学,2012地球科学与工程学院地质学,2012地球科学与工程学院地质学类,2012社会学院应用心理学,2012社会学院社会工作,2012社会学院社会学,2012政府管理学院行政管理（劳动与社会保障）,2012政府管理学院国际政治,2012政府管理学院行政管理,2012政府管理学院政治学与行政学",0,仙林校区,2012-2013学年 第2学期,52517,排球场1、2,,否,,,,,,0,体育（二）,,第3节-第4节,,000410B
16.0,400340,足球初级9班,20122000410B52518,,3,,32,1-17周,0,夏军,1-17周 周三 第3节-第4节 ,1.0,体育部,否,,周三,2012-2013-2,,20122000410B52518,"2012政府管理学院公共管理类,2012软件学院软件工程,2012软件学院软件学类,2012地理与海洋科学学院海洋科学,2012地理与海洋科学学院旅游管理,2012地理与海洋科学学院地理科学,2012地理与海洋科学学院地理信息系统,2012地理与海洋科学学院资源环境与城乡规划管理,2012地理与海洋科学学院地理科学类,2012地球科学与工程学院地质学（地球物理学方向）,2012地球科学与工程学院地下水科学与工程,2012地球科学与工程学院水文与水资源工程,2012地球科学与工程学院地质工程,2012地球科学与工程学院地球化学,2012地球科学与工程学院地质学,2012地球科学与工程学院地质学类,2012社会学院应用心理学,2012社会学院社会工作,2012社会学院社会学,2012政府管理学院行政管理（劳动与社会保障）,2012政府管理学院国际政治,2012政府管理学院行政管理,2012政府管理学院政治学与行政学",0,仙林校区,2012-2013学年 第2学期,52518,足球场南,,否,,,,,,0,体育（二）,,第3节-第4节,,000410B
16.0,400340,足球初级10班,20122000410B52519,,3,,33,1-17周,0,程涛,1-17周 周三 第3节-第4节 ,1.0,体育部,否,,周三,2012-2013-2,,20122000410B52519,"2012政府管理学院公共管理类,2012软件学院软件工程,2012软件学院软件学类,2012地理与海洋科学学院海洋科学,2012地理与海洋科学学院旅游管理,2012地理与海洋科学学院地理科学,2012地理与海洋科学学院地理信息系统,2012地理与海洋科学学院资源环境与城乡规划管理,2012地理与海洋科学学院地理科学类,2012地球科学与工程学院地质学（地球物理学方向）,2012地球科学与工程学院地下水科学与工程,2012地球科学与工程学院水文与水资源工程,2012地球科学与工程学院地质工程,2012地球科学与工程学院地球化学,2012地球科学与工程学院地质学,2012地球科学与工程学院地质学类,2012社会学院应用心理学,2012社会学院社会工作,2012社会学院社会学,2012政府管理学院行政管理（劳动与社会保障）,2012政府管理学院国际政治,2012政府管理学院行政管理,2012政府管理学院政治学与行政学",0,仙林校区,2012-2013学年 第2学期,52519,足球场北,,否,,,,,,0,体育（二）,,第3节-第4节,,000410B
16.0,400340,羽毛球初级9班,20122000410B52520,,3,,32,1-17周,0,沈乐群,1-17周 周三 第3节-第4节 ,1.0,体育部,否,,周三,2012-2013-2,,20122000410B52520,"2012政府管理学院公共管理类,2012软件学院软件工程,2012软件学院软件学类,2012地理与海洋科学学院海洋科学,2012地理与海洋科学学院旅游管理,2012地理与海洋科学学院地理科学,2012地理与海洋科学学院地理信息系统,2012地理与海洋科学学院资源环境与城乡规划管理,2012地理与海洋科学学院地理科学类,2012地球科学与工程学院地质学（地球物理学方向）,2012地球科学与工程学院地下水科学与工程,2012地球科学与工程学院水文与水资源工程,2012地球科学与工程学院地质工程,2012地球科学与工程学院地球化学,2012地球科学与工程学院地质学,2012地球科学与工程学院地质学类,2012社会学院应用心理学,2012社会学院社会工作,2012社会学院社会学,2012政府管理学院行政管理（劳动与社会保障）,2012政府管理学院国际政治,2012政府管理学院行政管理,2012政府管理学院政治学与行政学",0,仙林校区,2012-2013学年 第2学期,52520,羽毛球馆,,否,,,,,,0,体育（二）,,第3节-第4节,,000410B
16.0,400340,乒乓球初级9班,20122000410B52521,,3,,31,1-17周,0,禹雪璐,1-17周 周三 第3节-第4节 ,1.0,体育部,否,,周三,2012-2013-2,,20122000410B52521,"2012政府管理学院公共管理类,2012软件学院软件工程,2012软件学院软件学类,2012地理与海洋科学学院海洋科学,2012地理与海洋科学学院旅游管理,2012地理与海洋科学学院地理科学,2012地理与海洋科学学院地理信息系统,2012地理与海洋科学学院资源环境与城乡规划管理,2012地理与海洋科学学院地理科学类,2012地球科学与工程学院地质学（地球物理学方向）,2012地球科学与工程学院地下水科学与工程,2012地球科学与工程学院水文与水资源工程,2012地球科学与工程学院地质工程,2012地球科学与工程学院地球化学,2012地球科学与工程学院地质学,2012地球科学与工程学院地质学类,2012社会学院应用心理学,2012社会学院社会工作,2012社会学院社会学,2012政府管理学院行政管理（劳动与社会保障）,2012政府管理学院国际政治,2012政府管理学院行政管理,2012政府管理学院政治学与行政学",0,仙林校区,2012-2013学年 第2学期,52521,乒乓球馆,,否,,,,,,0,体育（二）,,第3节-第4节,,000410B
16.0,400340,篮球初级9班,20122000410B52522,,3,,32,1-17周,0,翟一飞,1-17周 周三 第3节-第4节 ,1.0,体育部,否,,周三,2012-2013-2,,20122000410B52522,"2012政府管理学院公共管理类,2012软件学院软件工程,2012软件学院软件学类,2012地理与海洋科学学院海洋科学,2012地理与海洋科学学院旅游管理,2012地理与海洋科学学院地理科学,2012地理与海洋科学学院地理信息系统,2012地理与海洋科学学院资源环境与城乡规划管理,2012地理与海洋科学学院地理科学类,2012地球科学与工程学院地质学（地球物理学方向）,2012地球科学与工程学院地下水科学与工程,2012地球科学与工程学院水文与水资源工程,2012地球科学与工程学院地质工程,2012地球科学与工程学院地球化学,2012地球科学与工程学院地质学,2012地球科学与工程学院地质学类,2012社会学院应用心理学,2012社会学院社会工作,2012社会学院社会学,2012政府管理学院行政管理（劳动与社会保障）,2012政府管理学院国际政治,2012政府管理学院行政管理,2012政府管理学院政治学与行政学",0,仙林校区,2012-2013学年 第2学期,52522,篮球场1、2,,否,,,,,,0,体育（二）,,第3节-第4节,,000410B
16.0,400340,篮球初级7班,20122000410B52523,,3,,30,1-17周,0,翟一飞,1-17周 周三 第1节-第2节 ,1.0,体育部,否,,周三,2012-2013-2,,20122000410B52523,"2012文学院汉语言文学,2012计算机学院计算机科学与技术,2012物理学院物理学,2012法学院法学类,2012文学院戏剧影视文学",0,仙林校区,2012-2013学年 第2学期,52523,篮球场1、2,,否,,,,,,0,体育（二）,,第1节-第2节,,000410B
16.0,400340,篮球初级8班,20122000410B52524,,3,,31,1-17周,0,罗卫民,1-17周 周三 第1节-第2节 ,1.0,体育部,否,,周三,2012-2013-2,,20122000410B52524,"2012文学院汉语言文学,2012计算机学院计算机科学与技术,2012物理学院物理学,2012法学院法学类,2012文学院戏剧影视文学",0,仙林校区,2012-2013学年 第2学期,52524,篮球场3、4,,否,,,,,,0,体育（二）,,第1节-第2节,,000410B
16.0,400340,排球初级4班,20122000410B52525,,3,,30,1-17周,0,王喆,1-17周 周三 第1节-第2节 ,1.0,体育部,否,,周三,2012-2013-2,,20122000410B52525,"2012文学院汉语言文学,2012计算机学院计算机科学与技术,2012物理学院物理学,2012法学院法学类,2012文学院戏剧影视文学",0,仙林校区,2012-2013学年 第2学期,52525,排球场1、2,,否,,,,,,0,体育（二）,,第1节-第2节,,000410B
16.0,400340,足球初级7班,20122000410B52526,,3,,29,1-17周,0,夏军,1-17周 周三 第1节-第2节 ,1.0,体育部,否,,周三,2012-2013-2,,20122000410B52526,"2012文学院汉语言文学,2012计算机学院计算机科学与技术,2012物理学院物理学,2012法学院法学类,2012文学院戏剧影视文学",0,仙林校区,2012-2013学年 第2学期,52526,足球场南,,否,,,,,,0,体育（二）,,第1节-第2节,,000410B
16.0,400340,足球初级8班,20122000410B52527,,3,,29,1-17周,0,程涛,1-17周 周三 第1节-第2节 ,1.0,体育部,否,,周三,2012-2013-2,,20122000410B52527,"2012文学院汉语言文学,2012计算机学院计算机科学与技术,2012物理学院物理学,2012法学院法学类,2012文学院戏剧影视文学",0,仙林校区,2012-2013学年 第2学期,52527,足球场北,,否,,,,,,0,体育（二）,,第1节-第2节,,000410B
16.0,400340,羽毛球初级7班,20122000410B52528,,3,,30,1-17周,0,沈乐群,1-17周 周三 第1节-第2节 ,1.0,体育部,否,,周三,2012-2013-2,,20122000410B52528,"2012文学院汉语言文学,2012计算机学院计算机科学与技术,2012物理学院物理学,2012法学院法学类,2012文学院戏剧影视文学",0,仙林校区,2012-2013学年 第2学期,52528,羽毛球馆,,否,,,,,,0,体育（二）,,第1节-第2节,,000410B
16.0,400340,乒乓球初级7班,20122000410B52529,,3,,30,1-17周,0,禹雪璐,1-17周 周三 第1节-第2节 ,1.0,体育部,否,,周三,2012-2013-2,,20122000410B52529,"2012文学院汉语言文学,2012计算机学院计算机科学与技术,2012物理学院物理学,2012法学院法学类,2012文学院戏剧影视文学",0,仙林校区,2012-2013学年 第2学期,52529,乒乓球馆,,否,,,,,,0,体育（二）,,第1节-第2节,,000410B
16.0,400340,跆拳道4班,20122000410B52530,,3,,31,1-17周,0,王慧,1-17周 周三 第1节-第2节 ,1.0,体育部,否,,周三,2012-2013-2,,20122000410B52530,"2012文学院汉语言文学,2012计算机学院计算机科学与技术,2012物理学院物理学,2012法学院法学类,2012文学院戏剧影视文学",0,仙林校区,2012-2013学年 第2学期,52530,跆拳道馆,,否,,,,,,0,体育（二）,,第1节-第2节,,000410B
16.0,400340,毽球4班,20122000410B52531,,3,,31,1-17周,0,周梅芳,1-17周 周三 第1节-第2节 ,1.0,体育部,否,,周三,2012-2013-2,,20122000410B52531,"2012文学院汉语言文学,2012计算机学院计算机科学与技术,2012物理学院物理学,2012法学院法学类,2012文学院戏剧影视文学",0,仙林校区,2012-2013学年 第2学期,52531,毽球场地,,否,,,,,,0,体育（二）,,第1节-第2节,,000410B
16.0,400340,游泳初级3班,20122000410B52532,,3,,24,1-17周,0,李海军,1-17周 周三 第1节-第2节 ,1.0,体育部,否,,周三,2012-2013-2,,20122000410B52532,"2012文学院汉语言文学,2012计算机学院计算机科学与技术,2012物理学院物理学,2012法学院法学类,2012文学院戏剧影视文学",0,仙林校区,2012-2013学年 第2学期,52532,游泳馆,,否,,,,,,0,体育（二）,,第1节-第2节,,000410B
16.0,400340,体育舞蹈4班,20122000410B52533,,3,,8,1-17周,0,肖鹏,1-17周 周三 第1节-第2节 ,1.0,体育部,否,,周三,2012-2013-2,,20122000410B52533,"2012文学院汉语言文学,2012计算机学院计算机科学与技术,2012物理学院物理学,2012法学院法学类,2012文学院戏剧影视文学",0,仙林校区,2012-2013学年 第2学期,52533,体育馆主馆,,否,,,,,,0,体育（二）,,第1节-第2节,,000410B
16.0,400340,体育舞蹈4班,20122000410B52534,,3,,13,1-17周,0,肖鹏,1-17周 周三 第1节-第2节 ,1.0,体育部,否,,周三,2012-2013-2,,20122000410B52534,"2012文学院汉语言文学,2012计算机学院计算机科学与技术,2012物理学院物理学,2012法学院法学类,2012文学院戏剧影视文学",0,仙林校区,2012-2013学年 第2学期,52534,体育馆主馆,,否,,,,,,0,体育（二）,,第1节-第2节,,000410B
16.0,400340,传统养生4班,20122000410B52535,,3,,14,1-17周,0,陈刚,1-17周 周三 第1节-第2节 ,1.0,体育部,否,,周三,2012-2013-2,,20122000410B52535,"2012文学院汉语言文学,2012计算机学院计算机科学与技术,2012物理学院物理学,2012法学院法学类,2012文学院戏剧影视文学",0,仙林校区,2012-2013学年 第2学期,52535,健美馆外,,否,,,,,,0,体育（二）,,第1节-第2节,,000410B
16.0,400340,传统养生4班,20122000410B52536,,3,,14,1-17周,0,陈刚,1-17周 周三 第1节-第2节 ,1.0,体育部,否,,周三,2012-2013-2,,20122000410B52536,"2012文学院汉语言文学,2012计算机学院计算机科学与技术,2012物理学院物理学,2012法学院法学类,2012文学院戏剧影视文学",0,仙林校区,2012-2013学年 第2学期,52536,健美馆外,,否,,,,,,0,体育（二）,,第1节-第2节,,000410B
16.0,400340,篮球初级11班,20122000410B52537,,3,,33,1-17周,0,翟一飞,1-17周 周三 第5节-第6节 ,1.0,体育部,否,,周三,2012-2013-2,,20122000410B52537,"2012外国语学院英语,2012环境学院环境科学（环规）,2012环境学院环境科学（环生）,2012环境学院环境科学（环化）,2012环境学院环境工程,2012环境学院环境科学与工程类,2012生命科学学院生物科学类,2012化学学院应用化学,2012化学学院化学,2012化学学院化学类,2012数学学院应用模块,2012数学学院统计学,2012数学学院信息与计算科学,2012数学学院数学与应用数学,2012数学学院数学类,2012外国语学院朝鲜语,2012外国语学院英语(国际商务方向),2012外国语学院西班牙语,2012外国语学院德语,2012外国语学院法语,2012外国语学院日语,2012外国语学院俄语",0,仙林校区,2012-2013学年 第2学期,52537,篮球场1、2,,否,,,,,,0,体育（二）,,第5节-第6节,,000410B
16.0,400340,篮球初级12班,20122000410B52538,,3,,30,1-17周,0,李波,1-17周 周三 第5节-第6节 ,1.0,体育部,否,,周三,2012-2013-2,,20122000410B52538,"2012外国语学院英语,2012环境学院环境科学（环规）,2012环境学院环境科学（环生）,2012环境学院环境科学（环化）,2012环境学院环境工程,2012环境学院环境科学与工程类,2012生命科学学院生物科学类,2012化学学院应用化学,2012化学学院化学,2012化学学院化学类,2012数学学院应用模块,2012数学学院统计学,2012数学学院信息与计算科学,2012数学学院数学与应用数学,2012数学学院数学类,2012外国语学院朝鲜语,2012外国语学院英语(国际商务方向),2012外国语学院西班牙语,2012外国语学院德语,2012外国语学院法语,2012外国语学院日语,2012外国语学院俄语",0,仙林校区,2012-2013学年 第2学期,52538,乒乓球馆,,否,,,,,,0,体育（二）,,第5节-第6节,,000410B
16.0,400340,排球初级8班,20122000410B52539,,3,,28,1-17周,0,王喆,1-17周 周三 第5节-第6节 ,1.0,体育部,否,,周三,2012-2013-2,,20122000410B52539,"2012外国语学院英语,2012环境学院环境科学（环规）,2012环境学院环境科学（环生）,2012环境学院环境科学（环化）,2012环境学院环境工程,2012环境学院环境科学与工程类,2012生命科学学院生物科学类,2012化学学院应用化学,2012化学学院化学,2012化学学院化学类,2012数学学院应用模块,2012数学学院统计学,2012数学学院信息与计算科学,2012数学学院数学与应用数学,2012数学学院数学类,2012外国语学院朝鲜语,2012外国语学院英语(国际商务方向),2012外国语学院西班牙语,2012外国语学院德语,2012外国语学院法语,2012外国语学院日语,2012外国语学院俄语",0,仙林校区,2012-2013学年 第2学期,52539,排球场1、2,,否,,,,,,0,体育（二）,,第5节-第6节,,000410B
16.0,400340,足球初级11班,20122000410B52540,,3,,31,1-17周,0,夏军,1-17周 周三 第5节-第6节 ,1.0,体育部,否,,周三,2012-2013-2,,20122000410B52540,"2012外国语学院英语,2012环境学院环境科学（环规）,2012环境学院环境科学（环生）,2012环境学院环境科学（环化）,2012环境学院环境工程,2012环境学院环境科学与工程类,2012生命科学学院生物科学类,2012化学学院应用化学,2012化学学院化学,2012化学学院化学类,2012数学学院应用模块,2012数学学院统计学,2012数学学院信息与计算科学,2012数学学院数学与应用数学,2012数学学院数学类,2012外国语学院朝鲜语,2012外国语学院英语(国际商务方向),2012外国语学院西班牙语,2012外国语学院德语,2012外国语学院法语,2012外国语学院日语,2012外国语学院俄语",0,仙林校区,2012-2013学年 第2学期,52540,足球场南,,否,,,,,,0,体育（二）,,第5节-第6节,,000410B
16.0,400340,足球初级12班,20122000410B52541,,3,,29,1-17周,0,程涛,1-17周 周三 第5节-第6节 ,1.0,体育部,否,,周三,2012-2013-2,,20122000410B52541,"2012外国语学院英语,2012环境学院环境科学（环规）,2012环境学院环境科学（环生）,2012环境学院环境科学（环化）,2012环境学院环境工程,2012环境学院环境科学与工程类,2012生命科学学院生物科学类,2012化学学院应用化学,2012化学学院化学,2012化学学院化学类,2012数学学院应用模块,2012数学学院统计学,2012数学学院信息与计算科学,2012数学学院数学与应用数学,2012数学学院数学类,2012外国语学院朝鲜语,2012外国语学院英语(国际商务方向),2012外国语学院西班牙语,2012外国语学院德语,2012外国语学院法语,2012外国语学院日语,2012外国语学院俄语",0,仙林校区,2012-2013学年 第2学期,52541,足球场北,,否,,,,,,0,体育（二）,,第5节-第6节,,000410B
16.0,400340,羽毛球初级11班,20122000410B52542,,3,,30,1-17周,0,沈乐群,1-17周 周三 第5节-第6节 ,1.0,体育部,否,,周三,2012-2013-2,,20122000410B52542,"2012外国语学院英语,2012环境学院环境科学（环规）,2012环境学院环境科学（环生）,2012环境学院环境科学（环化）,2012环境学院环境工程,2012环境学院环境科学与工程类,2012生命科学学院生物科学类,2012化学学院应用化学,2012化学学院化学,2012化学学院化学类,2012数学学院应用模块,2012数学学院统计学,2012数学学院信息与计算科学,2012数学学院数学与应用数学,2012数学学院数学类,2012外国语学院朝鲜语,2012外国语学院英语(国际商务方向),2012外国语学院西班牙语,2012外国语学院德语,2012外国语学院法语,2012外国语学院日语,2012外国语学院俄语",0,仙林校区,2012-2013学年 第2学期,52542,羽毛球馆,,否,,,,,,0,体育（二）,,第5节-第6节,,000410B
16.0,400340,乒乓球初级11班,20122000410B52543,,3,,30,1-17周,0,禹雪璐,1-17周 周三 第5节-第6节 ,1.0,体育部,否,,周三,2012-2013-2,,20122000410B52543,"2012外国语学院英语,2012环境学院环境科学（环规）,2012环境学院环境科学（环生）,2012环境学院环境科学（环化）,2012环境学院环境工程,2012环境学院环境科学与工程类,2012生命科学学院生物科学类,2012化学学院应用化学,2012化学学院化学,2012化学学院化学类,2012数学学院应用模块,2012数学学院统计学,2012数学学院信息与计算科学,2012数学学院数学与应用数学,2012数学学院数学类,2012外国语学院朝鲜语,2012外国语学院英语(国际商务方向),2012外国语学院西班牙语,2012外国语学院德语,2012外国语学院法语,2012外国语学院日语,2012外国语学院俄语",0,仙林校区,2012-2013学年 第2学期,52543,乒乓球馆,,否,,,,,,0,体育（二）,,第5节-第6节,,000410B
16.0,400340,跆拳道6班,20122000410B52544,,3,,32,1-17周,0,王慧,1-17周 周三 第5节-第6节 ,1.0,体育部,否,,周三,2012-2013-2,,20122000410B52544,"2012外国语学院英语,2012环境学院环境科学（环规）,2012环境学院环境科学（环生）,2012环境学院环境科学（环化）,2012环境学院环境工程,2012环境学院环境科学与工程类,2012生命科学学院生物科学类,2012化学学院应用化学,2012化学学院化学,2012化学学院化学类,2012数学学院应用模块,2012数学学院统计学,2012数学学院信息与计算科学,2012数学学院数学与应用数学,2012数学学院数学类,2012外国语学院朝鲜语,2012外国语学院英语(国际商务方向),2012外国语学院西班牙语,2012外国语学院德语,2012外国语学院法语,2012外国语学院日语,2012外国语学院俄语",0,仙林校区,2012-2013学年 第2学期,52544,跆拳道馆,,否,,,,,,0,体育（二）,,第5节-第6节,,000410B
16.0,400340,健美2班,20122000410B52545,,3,,31,1-17周,0,李海军,1-17周 周三 第5节-第6节 ,1.0,体育部,否,,周三,2012-2013-2,,20122000410B52545,"2012外国语学院英语,2012环境学院环境科学（环规）,2012环境学院环境科学（环生）,2012环境学院环境科学（环化）,2012环境学院环境工程,2012环境学院环境科学与工程类,2012生命科学学院生物科学类,2012化学学院应用化学,2012化学学院化学,2012化学学院化学类,2012数学学院应用模块,2012数学学院统计学,2012数学学院信息与计算科学,2012数学学院数学与应用数学,2012数学学院数学类,2012外国语学院朝鲜语,2012外国语学院英语(国际商务方向),2012外国语学院西班牙语,2012外国语学院德语,2012外国语学院法语,2012外国语学院日语,2012外国语学院俄语",0,仙林校区,2012-2013学年 第2学期,52545,游泳馆,,否,,,,,,0,体育（二）,,第5节-第6节,,000410B
16.0,400340,体育舞蹈6班,20122000410B52546,,3,,7,1-17周,0,肖鹏,1-17周 周三 第5节-第6节 ,1.0,体育部,否,,周三,2012-2013-2,,20122000410B52546,"2012外国语学院英语,2012环境学院环境科学（环规）,2012环境学院环境科学（环生）,2012环境学院环境科学（环化）,2012环境学院环境工程,2012环境学院环境科学与工程类,2012生命科学学院生物科学类,2012化学学院应用化学,2012化学学院化学,2012化学学院化学类,2012数学学院应用模块,2012数学学院统计学,2012数学学院信息与计算科学,2012数学学院数学与应用数学,2012数学学院数学类,2012外国语学院朝鲜语,2012外国语学院英语(国际商务方向),2012外国语学院西班牙语,2012外国语学院德语,2012外国语学院法语,2012外国语学院日语,2012外国语学院俄语",0,仙林校区,2012-2013学年 第2学期,52546,体育馆主馆,,否,,,,,,0,体育（二）,,第5节-第6节,,000410B
16.0,400340,体育舞蹈6班,20122000410B52547,,3,,17,1-17周,0,肖鹏,1-17周 周三 第5节-第6节 ,1.0,体育部,否,,周三,2012-2013-2,,20122000410B52547,"2012外国语学院英语,2012环境学院环境科学（环规）,2012环境学院环境科学（环生）,2012环境学院环境科学（环化）,2012环境学院环境工程,2012环境学院环境科学与工程类,2012生命科学学院生物科学类,2012化学学院应用化学,2012化学学院化学,2012化学学院化学类,2012数学学院应用模块,2012数学学院统计学,2012数学学院信息与计算科学,2012数学学院数学与应用数学,2012数学学院数学类,2012外国语学院朝鲜语,2012外国语学院英语(国际商务方向),2012外国语学院西班牙语,2012外国语学院德语,2012外国语学院法语,2012外国语学院日语,2012外国语学院俄语",0,仙林校区,2012-2013学年 第2学期,52547,体育馆主馆,,否,,,,,,0,体育（二）,,第5节-第6节,,000410B
16.0,400340,篮球初级13班,20122000410B52548,,3,,31,1-17周,0,罗卫民,1-17周 周三 第5节-第6节 ,1.0,体育部,否,,周三,2012-2013-2,,20122000410B52548,"2012外国语学院英语,2012环境学院环境科学（环规）,2012环境学院环境科学（环生）,2012环境学院环境科学（环化）,2012环境学院环境工程,2012环境学院环境科学与工程类,2012生命科学学院生物科学类,2012化学学院应用化学,2012化学学院化学,2012化学学院化学类,2012数学学院应用模块,2012数学学院统计学,2012数学学院信息与计算科学,2012数学学院数学与应用数学,2012数学学院数学类,2012外国语学院朝鲜语,2012外国语学院英语(国际商务方向),2012外国语学院西班牙语,2012外国语学院德语,2012外国语学院法语,2012外国语学院日语,2012外国语学院俄语",0,仙林校区,2012-2013学年 第2学期,52548,篮球场3、4,,否,,,,,,0,体育（二）,,第5节-第6节,,000410B
16.0,400340,排球初级9班,20122000410B52549,,3,,34,1-17周,0,陈朝辉,1-17周 周三 第5节-第6节 ,1.0,体育部,否,,周三,2012-2013-2,,20122000410B52549,"2012外国语学院英语,2012环境学院环境科学（环规）,2012环境学院环境科学（环生）,2012环境学院环境科学（环化）,2012环境学院环境工程,2012环境学院环境科学与工程类,2012生命科学学院生物科学类,2012化学学院应用化学,2012化学学院化学,2012化学学院化学类,2012数学学院应用模块,2012数学学院统计学,2012数学学院信息与计算科学,2012数学学院数学与应用数学,2012数学学院数学类,2012外国语学院朝鲜语,2012外国语学院英语(国际商务方向),2012外国语学院西班牙语,2012外国语学院德语,2012外国语学院法语,2012外国语学院日语,2012外国语学院俄语",0,仙林校区,2012-2013学年 第2学期,52549,排球场3、4,,否,,,,,,0,体育（二）,,第5节-第6节,,000410B
16.0,400340,乒乓球初级12班,20122000410B52550,,3,,34,1-17周,0,谢争,1-17周 周三 第5节-第6节 ,1.0,体育部,否,,周三,2012-2013-2,,20122000410B52550,"2012外国语学院英语,2012环境学院环境科学（环规）,2012环境学院环境科学（环生）,2012环境学院环境科学（环化）,2012环境学院环境工程,2012环境学院环境科学与工程类,2012生命科学学院生物科学类,2012化学学院应用化学,2012化学学院化学,2012化学学院化学类,2012数学学院应用模块,2012数学学院统计学,2012数学学院信息与计算科学,2012数学学院数学与应用数学,2012数学学院数学类,2012外国语学院朝鲜语,2012外国语学院英语(国际商务方向),2012外国语学院西班牙语,2012外国语学院德语,2012外国语学院法语,2012外国语学院日语,2012外国语学院俄语",0,仙林校区,2012-2013学年 第2学期,52550,乒乓球馆,,否,,,,,,0,体育（二）,,第5节-第6节,,000410B
16.0,400340,羽毛球初级12班,20122000410B52551,,3,,34,1-17周,0,陈樨,1-17周 周三 第5节-第6节 ,1.0,体育部,否,,周三,2012-2013-2,,20122000410B52551,"2012外国语学院英语,2012环境学院环境科学（环规）,2012环境学院环境科学（环生）,2012环境学院环境科学（环化）,2012环境学院环境工程,2012环境学院环境科学与工程类,2012生命科学学院生物科学类,2012化学学院应用化学,2012化学学院化学,2012化学学院化学类,2012数学学院应用模块,2012数学学院统计学,2012数学学院信息与计算科学,2012数学学院数学与应用数学,2012数学学院数学类,2012外国语学院朝鲜语,2012外国语学院英语(国际商务方向),2012外国语学院西班牙语,2012外国语学院德语,2012外国语学院法语,2012外国语学院日语,2012外国语学院俄语",0,仙林校区,2012-2013学年 第2学期,52551,羽毛球馆,,否,,,,,,0,体育（二）,,第5节-第6节,,000410B
16.0,400340,健美操初级5班,20122000410B52552,,3,,36,1-17周,0,姜艳,1-17周 周三 第5节-第6节 ,1.0,体育部,否,,周三,2012-2013-2,,20122000410B52552,"2012外国语学院英语,2012环境学院环境科学（环规）,2012环境学院环境科学（环生）,2012环境学院环境科学（环化）,2012环境学院环境工程,2012环境学院环境科学与工程类,2012生命科学学院生物科学类,2012化学学院应用化学,2012化学学院化学,2012化学学院化学类,2012数学学院应用模块,2012数学学院统计学,2012数学学院信息与计算科学,2012数学学院数学与应用数学,2012数学学院数学类,2012外国语学院朝鲜语,2012外国语学院英语(国际商务方向),2012外国语学院西班牙语,2012外国语学院德语,2012外国语学院法语,2012外国语学院日语,2012外国语学院俄语",0,仙林校区,2012-2013学年 第2学期,52552,健美操馆,,否,,,,,,0,体育（二）,,第5节-第6节,,000410B
16.0,400340,功夫扇3班,20122000410B52553,,3,,33,1-17周,0,吕艳玲,1-17周 周三 第5节-第6节 ,1.0,体育部,否,,周三,2012-2013-2,,20122000410B52553,"2012外国语学院英语,2012环境学院环境科学（环规）,2012环境学院环境科学（环生）,2012环境学院环境科学（环化）,2012环境学院环境工程,2012环境学院环境科学与工程类,2012生命科学学院生物科学类,2012化学学院应用化学,2012化学学院化学,2012化学学院化学类,2012数学学院应用模块,2012数学学院统计学,2012数学学院信息与计算科学,2012数学学院数学与应用数学,2012数学学院数学类,2012外国语学院朝鲜语,2012外国语学院英语(国际商务方向),2012外国语学院西班牙语,2012外国语学院德语,2012外国语学院法语,2012外国语学院日语,2012外国语学院俄语",0,仙林校区,2012-2013学年 第2学期,52553,武术馆,,否,,,,,,0,体育（二）,,第5节-第6节,,000410B
16.0,400340,传统养生6班,20122000410B52554,,3,,16,1-17周,0,陈刚,1-17周 周三 第5节-第6节 ,1.0,体育部,否,,周三,2012-2013-2,,20122000410B52554,"2012外国语学院英语,2012环境学院环境科学（环规）,2012环境学院环境科学（环生）,2012环境学院环境科学（环化）,2012环境学院环境工程,2012环境学院环境科学与工程类,2012生命科学学院生物科学类,2012化学学院应用化学,2012化学学院化学,2012化学学院化学类,2012数学学院应用模块,2012数学学院统计学,2012数学学院信息与计算科学,2012数学学院数学与应用数学,2012数学学院数学类,2012外国语学院朝鲜语,2012外国语学院英语(国际商务方向),2012外国语学院西班牙语,2012外国语学院德语,2012外国语学院法语,2012外国语学院日语,2012外国语学院俄语",0,仙林校区,2012-2013学年 第2学期,52554,健美馆外,,否,,,,,,0,体育（二）,,第5节-第6节,,000410B
16.0,400340,传统养生6班,20122000410B52555,,3,,17,1-17周,0,陈刚,1-17周 周三 第5节-第6节 ,1.0,体育部,否,,周三,2012-2013-2,,20122000410B52555,"2012外国语学院英语,2012环境学院环境科学（环规）,2012环境学院环境科学（环生）,2012环境学院环境科学（环化）,2012环境学院环境工程,2012环境学院环境科学与工程类,2012生命科学学院生物科学类,2012化学学院应用化学,2012化学学院化学,2012化学学院化学类,2012数学学院应用模块,2012数学学院统计学,2012数学学院信息与计算科学,2012数学学院数学与应用数学,2012数学学院数学类,2012外国语学院朝鲜语,2012外国语学院英语(国际商务方向),2012外国语学院西班牙语,2012外国语学院德语,2012外国语学院法语,2012外国语学院日语,2012外国语学院俄语",0,仙林校区,2012-2013学年 第2学期,52555,健美馆外,,否,,,,,,0,体育（二）,,第5节-第6节,,000410B
16.0,400340,太极剑6班,20122000410B52556,,3,,28,1-17周,0,高凤华,1-17周 周三 第5节-第6节 ,1.0,体育部,否,,周三,2012-2013-2,,20122000410B52556,"2012外国语学院英语,2012环境学院环境科学（环规）,2012环境学院环境科学（环生）,2012环境学院环境科学（环化）,2012环境学院环境工程,2012环境学院环境科学与工程类,2012生命科学学院生物科学类,2012化学学院应用化学,2012化学学院化学,2012化学学院化学类,2012数学学院应用模块,2012数学学院统计学,2012数学学院信息与计算科学,2012数学学院数学与应用数学,2012数学学院数学类,2012外国语学院朝鲜语,2012外国语学院英语(国际商务方向),2012外国语学院西班牙语,2012外国语学院德语,2012外国语学院法语,2012外国语学院日语,2012外国语学院俄语",0,仙林校区,2012-2013学年 第2学期,52556,武术馆,,否,,,,,,0,体育（二）,,第5节-第6节,,000410B
16.0,400340,网球初级1班,20122000410B52567,,3,,33,1-17周,0,鲍大卫,1-17周 周一 第1节-第2节 ,1.0,体育部,否,,周一,2012-2013-2,,20122000410B52567,"2012商学院经济学类,2012海外教育学院汉语言,2012海外教育学院海外教育类,2012大气科学学院应用气象学,2012大气科学学院大气科学,2012大气科学学院大气科学类,2012商学院经济学（产业经济方向）,2012商学院金融工程,2012商学院保险学,2012商学院工商管理（人力资源管理方向）,2012商学院国际经济与贸易（二学位）,2012商学院工商管理类,2012商学院市场营销,2012商学院电子商务,2012商学院金融学,2012商学院财务管理,2012商学院会计学,2012商学院工商管理,2012商学院国际经济与贸易,2012商学院经济学",0,仙林校区,2012-2013学年 第2学期,52567,网球场,,否,,,,,,0,体育（二）,,第1节-第2节,,000410B
16.0,400340,跆拳道5班,20122000410B52700,,3,,32,1-17周,0,王慧,1-17周 周三 第3节-第4节 ,1.0,体育部,否,,周三,2012-2013-2,,20122000410B52700,"2012政府管理学院公共管理类,2012软件学院软件工程,2012软件学院软件学类,2012地理与海洋科学学院海洋科学,2012地理与海洋科学学院旅游管理,2012地理与海洋科学学院地理科学,2012地理与海洋科学学院地理信息系统,2012地理与海洋科学学院资源环境与城乡规划管理,2012地理与海洋科学学院地理科学类,2012地球科学与工程学院地质学（地球物理学方向）,2012地球科学与工程学院地下水科学与工程,2012地球科学与工程学院水文与水资源工程,2012地球科学与工程学院地质工程,2012地球科学与工程学院地球化学,2012地球科学与工程学院地质学,2012地球科学与工程学院地质学类,2012社会学院应用心理学,2012社会学院社会工作,2012社会学院社会学,2012政府管理学院行政管理（劳动与社会保障）,2012政府管理学院国际政治,2012政府管理学院行政管理,2012政府管理学院政治学与行政学",0,仙林校区,2012-2013学年 第2学期,52700,跆拳道馆,,否,,,,,,0,体育（二）,,第3节-第4节,,000410B
16.0,400340,毽球5班,20122000410B52702,,3,,31,1-17周,0,周梅芳,1-17周 周三 第3节-第4节 ,1.0,体育部,否,,周三,2012-2013-2,,20122000410B52702,"2012政府管理学院公共管理类,2012软件学院软件工程,2012软件学院软件学类,2012地理与海洋科学学院海洋科学,2012地理与海洋科学学院旅游管理,2012地理与海洋科学学院地理科学,2012地理与海洋科学学院地理信息系统,2012地理与海洋科学学院资源环境与城乡规划管理,2012地理与海洋科学学院地理科学类,2012地球科学与工程学院地质学（地球物理学方向）,2012地球科学与工程学院地下水科学与工程,2012地球科学与工程学院水文与水资源工程,2012地球科学与工程学院地质工程,2012地球科学与工程学院地球化学,2012地球科学与工程学院地质学,2012地球科学与工程学院地质学类,2012社会学院应用心理学,2012社会学院社会工作,2012社会学院社会学,2012政府管理学院行政管理（劳动与社会保障）,2012政府管理学院国际政治,2012政府管理学院行政管理,2012政府管理学院政治学与行政学",0,仙林校区,2012-2013学年 第2学期,52702,毽球场地,,否,,,,,,0,体育（二）,,第3节-第4节,,000410B
16.0,400340,游泳初级4班,20122000410B52703,,3,,31,1-17周,0,李海军,1-17周 周三 第3节-第4节 ,1.0,体育部,否,,周三,2012-2013-2,,20122000410B52703,"2012政府管理学院公共管理类,2012软件学院软件工程,2012软件学院软件学类,2012地理与海洋科学学院海洋科学,2012地理与海洋科学学院旅游管理,2012地理与海洋科学学院地理科学,2012地理与海洋科学学院地理信息系统,2012地理与海洋科学学院资源环境与城乡规划管理,2012地理与海洋科学学院地理科学类,2012地球科学与工程学院地质学（地球物理学方向）,2012地球科学与工程学院地下水科学与工程,2012地球科学与工程学院水文与水资源工程,2012地球科学与工程学院地质工程,2012地球科学与工程学院地球化学,2012地球科学与工程学院地质学,2012地球科学与工程学院地质学类,2012社会学院应用心理学,2012社会学院社会工作,2012社会学院社会学,2012政府管理学院行政管理（劳动与社会保障）,2012政府管理学院国际政治,2012政府管理学院行政管理,2012政府管理学院政治学与行政学",0,仙林校区,2012-2013学年 第2学期,52703,游泳馆,,否,,,,,,0,体育（二）,,第3节-第4节,,000410B
16.0,400340,体育舞蹈5班,20122000410B52704,,3,,6,1-17周,0,肖鹏,1-17周 周三 第3节-第4节 ,1.0,体育部,否,,周三,2012-2013-2,,20122000410B52704,"2012政府管理学院公共管理类,2012软件学院软件工程,2012软件学院软件学类,2012地理与海洋科学学院海洋科学,2012地理与海洋科学学院旅游管理,2012地理与海洋科学学院地理科学,2012地理与海洋科学学院地理信息系统,2012地理与海洋科学学院资源环境与城乡规划管理,2012地理与海洋科学学院地理科学类,2012地球科学与工程学院地质学（地球物理学方向）,2012地球科学与工程学院地下水科学与工程,2012地球科学与工程学院水文与水资源工程,2012地球科学与工程学院地质工程,2012地球科学与工程学院地球化学,2012地球科学与工程学院地质学,2012地球科学与工程学院地质学类,2012社会学院应用心理学,2012社会学院社会工作,2012社会学院社会学,2012政府管理学院行政管理（劳动与社会保障）,2012政府管理学院国际政治,2012政府管理学院行政管理,2012政府管理学院政治学与行政学",0,仙林校区,2012-2013学年 第2学期,52704,体育馆主馆,,否,,,,,,0,体育（二）,,第3节-第4节,,000410B
16.0,400340,体育舞蹈5班,20122000410B52705,,3,,15,1-17周,0,肖鹏,1-17周 周三 第3节-第4节 ,1.0,体育部,否,,周三,2012-2013-2,,20122000410B52705,"2012政府管理学院公共管理类,2012软件学院软件工程,2012软件学院软件学类,2012地理与海洋科学学院海洋科学,2012地理与海洋科学学院旅游管理,2012地理与海洋科学学院地理科学,2012地理与海洋科学学院地理信息系统,2012地理与海洋科学学院资源环境与城乡规划管理,2012地理与海洋科学学院地理科学类,2012地球科学与工程学院地质学（地球物理学方向）,2012地球科学与工程学院地下水科学与工程,2012地球科学与工程学院水文与水资源工程,2012地球科学与工程学院地质工程,2012地球科学与工程学院地球化学,2012地球科学与工程学院地质学,2012地球科学与工程学院地质学类,2012社会学院应用心理学,2012社会学院社会工作,2012社会学院社会学,2012政府管理学院行政管理（劳动与社会保障）,2012政府管理学院国际政治,2012政府管理学院行政管理,2012政府管理学院政治学与行政学",0,仙林校区,2012-2013学年 第2学期,52705,体育馆主馆,,否,,,,,,0,体育（二）,,第3节-第4节,,000410B
16.0,400340,排球初级7班,20122000410B52706,,3,,26,1-17周,0,陈朝辉,1-17周 周三 第3节-第4节 ,1.0,体育部,否,,周三,2012-2013-2,,20122000410B52706,"2012政府管理学院公共管理类,2012软件学院软件工程,2012软件学院软件学类,2012地理与海洋科学学院海洋科学,2012地理与海洋科学学院旅游管理,2012地理与海洋科学学院地理科学,2012地理与海洋科学学院地理信息系统,2012地理与海洋科学学院资源环境与城乡规划管理,2012地理与海洋科学学院地理科学类,2012地球科学与工程学院地质学（地球物理学方向）,2012地球科学与工程学院地下水科学与工程,2012地球科学与工程学院水文与水资源工程,2012地球科学与工程学院地质工程,2012地球科学与工程学院地球化学,2012地球科学与工程学院地质学,2012地球科学与工程学院地质学类,2012社会学院应用心理学,2012社会学院社会工作,2012社会学院社会学,2012政府管理学院行政管理（劳动与社会保障）,2012政府管理学院国际政治,2012政府管理学院行政管理,2012政府管理学院政治学与行政学",0,仙林校区,2012-2013学年 第2学期,52706,排球场3、4,,否,,,,,,0,体育（二）,,第3节-第4节,,000410B
16.0,400340,乒乓球初级10班,20122000410B52707,,3,,36,1-17周,0,李波,1-17周 周三 第3节-第4节 ,1.0,体育部,否,,周三,2012-2013-2,,20122000410B52707,"2012政府管理学院公共管理类,2012软件学院软件工程,2012软件学院软件学类,2012地理与海洋科学学院海洋科学,2012地理与海洋科学学院旅游管理,2012地理与海洋科学学院地理科学,2012地理与海洋科学学院地理信息系统,2012地理与海洋科学学院资源环境与城乡规划管理,2012地理与海洋科学学院地理科学类,2012地球科学与工程学院地质学（地球物理学方向）,2012地球科学与工程学院地下水科学与工程,2012地球科学与工程学院水文与水资源工程,2012地球科学与工程学院地质工程,2012地球科学与工程学院地球化学,2012地球科学与工程学院地质学,2012地球科学与工程学院地质学类,2012社会学院应用心理学,2012社会学院社会工作,2012社会学院社会学,2012政府管理学院行政管理（劳动与社会保障）,2012政府管理学院国际政治,2012政府管理学院行政管理,2012政府管理学院政治学与行政学",0,仙林校区,2012-2013学年 第2学期,52707,乒乓球馆,,否,,,,,,0,体育（二）,,第3节-第4节,,000410B
16.0,400340,羽毛球初级10班,20122000410B52708,,3,,32,1-17周,0,陈樨,1-17周 周三 第3节-第4节 ,1.0,体育部,否,,周三,2012-2013-2,,20122000410B52708,"2012政府管理学院公共管理类,2012软件学院软件工程,2012软件学院软件学类,2012地理与海洋科学学院海洋科学,2012地理与海洋科学学院旅游管理,2012地理与海洋科学学院地理科学,2012地理与海洋科学学院地理信息系统,2012地理与海洋科学学院资源环境与城乡规划管理,2012地理与海洋科学学院地理科学类,2012地球科学与工程学院地质学（地球物理学方向）,2012地球科学与工程学院地下水科学与工程,2012地球科学与工程学院水文与水资源工程,2012地球科学与工程学院地质工程,2012地球科学与工程学院地球化学,2012地球科学与工程学院地质学,2012地球科学与工程学院地质学类,2012社会学院应用心理学,2012社会学院社会工作,2012社会学院社会学,2012政府管理学院行政管理（劳动与社会保障）,2012政府管理学院国际政治,2012政府管理学院行政管理,2012政府管理学院政治学与行政学",0,仙林校区,2012-2013学年 第2学期,52708,羽毛球馆,,否,,,,,,0,体育（二）,,第3节-第4节,,000410B
16.0,400340,健美操初级5班,20122000410B52709,,3,,34,1-17周,0,姜艳,1-17周 周三 第3节-第4节 ,1.0,体育部,否,,周三,2012-2013-2,,20122000410B52709,"2012政府管理学院公共管理类,2012软件学院软件工程,2012软件学院软件学类,2012地理与海洋科学学院海洋科学,2012地理与海洋科学学院旅游管理,2012地理与海洋科学学院地理科学,2012地理与海洋科学学院地理信息系统,2012地理与海洋科学学院资源环境与城乡规划管理,2012地理与海洋科学学院地理科学类,2012地球科学与工程学院地质学（地球物理学方向）,2012地球科学与工程学院地下水科学与工程,2012地球科学与工程学院水文与水资源工程,2012地球科学与工程学院地质工程,2012地球科学与工程学院地球化学,2012地球科学与工程学院地质学,2012地球科学与工程学院地质学类,2012社会学院应用心理学,2012社会学院社会工作,2012社会学院社会学,2012政府管理学院行政管理（劳动与社会保障）,2012政府管理学院国际政治,2012政府管理学院行政管理,2012政府管理学院政治学与行政学",0,仙林校区,2012-2013学年 第2学期,52709,健美操馆,,否,,,,,,0,体育（二）,,第3节-第4节,,000410B
16.0,400340,网球初级5班,20122000410B52710,,3,,32,1-17周,0,鲍大卫,1-17周 周三 第3节-第4节 ,1.0,体育部,否,,周三,2012-2013-2,,20122000410B52710,"2012政府管理学院公共管理类,2012软件学院软件工程,2012软件学院软件学类,2012地理与海洋科学学院海洋科学,2012地理与海洋科学学院旅游管理,2012地理与海洋科学学院地理科学,2012地理与海洋科学学院地理信息系统,2012地理与海洋科学学院资源环境与城乡规划管理,2012地理与海洋科学学院地理科学类,2012地球科学与工程学院地质学（地球物理学方向）,2012地球科学与工程学院地下水科学与工程,2012地球科学与工程学院水文与水资源工程,2012地球科学与工程学院地质工程,2012地球科学与工程学院地球化学,2012地球科学与工程学院地质学,2012地球科学与工程学院地质学类,2012社会学院应用心理学,2012社会学院社会工作,2012社会学院社会学,2012政府管理学院行政管理（劳动与社会保障）,2012政府管理学院国际政治,2012政府管理学院行政管理,2012政府管理学院政治学与行政学",0,仙林校区,2012-2013学年 第2学期,52710,网球场,,否,,,,,,0,体育（二）,,第3节-第4节,,000410B
16.0,400340,功夫扇2班,20122000410B52711,,3,,33,1-17周,0,吕艳玲,1-17周 周三 第3节-第4节 ,1.0,体育部,否,,周三,2012-2013-2,,20122000410B52711,"2012政府管理学院公共管理类,2012软件学院软件工程,2012软件学院软件学类,2012地理与海洋科学学院海洋科学,2012地理与海洋科学学院旅游管理,2012地理与海洋科学学院地理科学,2012地理与海洋科学学院地理信息系统,2012地理与海洋科学学院资源环境与城乡规划管理,2012地理与海洋科学学院地理科学类,2012地球科学与工程学院地质学（地球物理学方向）,2012地球科学与工程学院地下水科学与工程,2012地球科学与工程学院水文与水资源工程,2012地球科学与工程学院地质工程,2012地球科学与工程学院地球化学,2012地球科学与工程学院地质学,2012地球科学与工程学院地质学类,2012社会学院应用心理学,2012社会学院社会工作,2012社会学院社会学,2012政府管理学院行政管理（劳动与社会保障）,2012政府管理学院国际政治,2012政府管理学院行政管理,2012政府管理学院政治学与行政学",0,仙林校区,2012-2013学年 第2学期,52711,武术馆,,否,,,,,,0,体育（二）,,第3节-第4节,,000410B
16.0,400340,传统养生5班,20122000410B52712,,3,,17,1-17周,0,陈刚,1-17周 周三 第3节-第4节 ,1.0,体育部,否,,周三,2012-2013-2,,20122000410B52712,"2012政府管理学院公共管理类,2012软件学院软件工程,2012软件学院软件学类,2012地理与海洋科学学院海洋科学,2012地理与海洋科学学院旅游管理,2012地理与海洋科学学院地理科学,2012地理与海洋科学学院地理信息系统,2012地理与海洋科学学院资源环境与城乡规划管理,2012地理与海洋科学学院地理科学类,2012地球科学与工程学院地质学（地球物理学方向）,2012地球科学与工程学院地下水科学与工程,2012地球科学与工程学院水文与水资源工程,2012地球科学与工程学院地质工程,2012地球科学与工程学院地球化学,2012地球科学与工程学院地质学,2012地球科学与工程学院地质学类,2012社会学院应用心理学,2012社会学院社会工作,2012社会学院社会学,2012政府管理学院行政管理（劳动与社会保障）,2012政府管理学院国际政治,2012政府管理学院行政管理,2012政府管理学院政治学与行政学",0,仙林校区,2012-2013学年 第2学期,52712,健美馆外,,否,,,,,,0,体育（二）,,第3节-第4节,,000410B
16.0,400340,传统养生5班,20122000410B52713,,3,,16,1-17周,0,陈刚,1-17周 周三 第3节-第4节 ,1.0,体育部,否,,周三,2012-2013-2,,20122000410B52713,"2012政府管理学院公共管理类,2012软件学院软件工程,2012软件学院软件学类,2012地理与海洋科学学院海洋科学,2012地理与海洋科学学院旅游管理,2012地理与海洋科学学院地理科学,2012地理与海洋科学学院地理信息系统,2012地理与海洋科学学院资源环境与城乡规划管理,2012地理与海洋科学学院地理科学类,2012地球科学与工程学院地质学（地球物理学方向）,2012地球科学与工程学院地下水科学与工程,2012地球科学与工程学院水文与水资源工程,2012地球科学与工程学院地质工程,2012地球科学与工程学院地球化学,2012地球科学与工程学院地质学,2012地球科学与工程学院地质学类,2012社会学院应用心理学,2012社会学院社会工作,2012社会学院社会学,2012政府管理学院行政管理（劳动与社会保障）,2012政府管理学院国际政治,2012政府管理学院行政管理,2012政府管理学院政治学与行政学",0,仙林校区,2012-2013学年 第2学期,52713,健美馆外,,否,,,,,,0,体育（二）,,第3节-第4节,,000410B
16.0,400340,太极剑5班,20122000410B52714,,3,,24,1-17周,0,高凤华,1-17周 周三 第3节-第4节 ,1.0,体育部,否,,周三,2012-2013-2,,20122000410B52714,"2012政府管理学院公共管理类,2012软件学院软件工程,2012软件学院软件学类,2012地理与海洋科学学院海洋科学,2012地理与海洋科学学院旅游管理,2012地理与海洋科学学院地理科学,2012地理与海洋科学学院地理信息系统,2012地理与海洋科学学院资源环境与城乡规划管理,2012地理与海洋科学学院地理科学类,2012地球科学与工程学院地质学（地球物理学方向）,2012地球科学与工程学院地下水科学与工程,2012地球科学与工程学院水文与水资源工程,2012地球科学与工程学院地质工程,2012地球科学与工程学院地球化学,2012地球科学与工程学院地质学,2012地球科学与工程学院地质学类,2012社会学院应用心理学,2012社会学院社会工作,2012社会学院社会学,2012政府管理学院行政管理（劳动与社会保障）,2012政府管理学院国际政治,2012政府管理学院行政管理,2012政府管理学院政治学与行政学",0,仙林校区,2012-2013学年 第2学期,52714,武术馆,,否,,,,,,0,体育（二）,,第3节-第4节,,000410B
16.0,400340,篮球初级1班,20122000410D51732,,3,,34,1-17周,0,张弓,1-17周 周二 第1节-第2节 ,1.0,体育部,否,,周二,2012-2013-2,,20122000410D51732,"2011生命科学学院生物科学类,2011软件学院软件工程,2011软件学院软件学类,2011计算机学院计算机科学与技术,2011计算机学院计算机科学类,2011地球科学与工程学院地质学（地球物理学方向）,2011地球科学与工程学院地下水科学与工程,2011地球科学与工程学院地质学（古生物学方向）,2011地球科学与工程学院水文与水资源工程,2011地球科学与工程学院地质工程,2011地球科学与工程学院地球化学,2011地球科学与工程学院地质学,2011生命科学学院生物科学",0,仙林校区,2012-2013学年 第2学期,51732,篮球场1、2,,否,,,,,,0,体育（四）,,第1节-第2节,,000410D
16.0,400340,篮球初级2班,20122000410D51735,,3,,33,1-17周,0,李勇,1-17周 周二 第3节-第4节 ,1.0,体育部,否,,周二,2012-2013-2,,20122000410D51735,"2011社会学院社会学类,2011工程管理学院电气信息类,2011工程管理学院信息工程,2011工程管理学院金融工程,2011工程管理学院工业工程,2011工程管理学院自动化,2011工程管理学院管理科学与工程类,2011匡亚明学院文强（广告学）,2011匡亚明学院理科强化班,2011匡亚明学院应用文科强化班,2011天文与空间科学学院空间科学与技术,2011天文与空间科学学院天文学,2011地理与海洋科学学院地理科学（拔尖计划）,2011地理与海洋科学学院海洋科学,2011社会学院应用心理学,2011社会学院社会工作,2011社会学院社会学",0,仙林校区,2012-2013学年 第2学期,51735,篮球场1、2,,否,,,,,,0,体育（四）,,第3节-第4节,,000410D
16.0,400340,篮球提高2班,20122000410D51736,,3,,35,1-17周,0,李勇,1-17周 周二 第5节-第6节 ,1.0,体育部,否,,周二,2012-2013-2,,20122000410D51736,"2011文学院汉语言文学,2011电子科学与工程学院微电子学,2011电子科学与工程学院生物医学工程,2011电子科学与工程学院通信工程,2011电子科学与工程学院电子信息科学与技术,2011电子科学与工程学院电子信息类,2011数学学院应用模块,2011数学学院统计学,2011数学学院信息与计算科学,2011数学学院数学与应用数学,2011数学学院数学类,2011信息管理学院编辑出版学,2011信息管理学院档案学,2011信息管理学院图书馆学,2011信息管理学院信息管理与信息系统,2011文学院汉语言文学（拔尖计划）,2011文学院戏剧影视文学",0,仙林校区,2012-2013学年 第2学期,51736,篮球场5、6,,否,,,,,,0,体育（四）,,第5节-第6节,,000410D
16.0,400340,体育重修1班（羽毛球）,20122000410D51739,,3,,31,1-17周,0,臧育扬,1-17周 周二 第7节-第8节 ,1.0,体育部,否,,周二,2012-2013-2,,20122000410D51739,,0,仙林校区,2012-2013学年 第2学期,51739,羽毛球馆,,否,,,,,,0,体育（四）,,第7节-第8节,,000410D
16.0,400340,体育保健2班（乒乓球）,20122000410D51741,,3,,13,1-17周,0,臧育扬,1-17周 周二 第7节-第8节 ,1.0,体育部,否,,周二,2012-2013-2,,20122000410D51741,,0,仙林校区,2012-2013学年 第2学期,51741,乒乓球馆,,否,,,,,,0,体育（四）,,第7节-第8节,,000410D
16.0,400340,跆拳道4班,20122000410D51747,,3,,26,1-17周,0,王慧,1-17周 周四 第1节-第2节 ,1.0,体育部,否,,周四,2012-2013-2,,20122000410D51747,"2011政府管理学院公共管理类,2011海外教育学院汉语言,2011海外教育学院海外教育类,2011医学院基础医学,2011医学院口腔医学,2011医学院临床医学,2011医学院医学类,2011现代工程与应用科学学院材料化学,2011现代工程与应用科学学院材料物理,2011现代工程与应用科学学院材料类,2011物理学院物理学,2011物理学院物理学类,2011政府管理学院政治学类,2011政府管理学院行政管理（劳动与社会保障）,2011政府管理学院国际政治,2011政府管理学院行政管理,2011政府管理学院政治学与行政学",0,仙林校区,2012-2013学年 第2学期,51747,跆拳道馆,,否,,,,,,0,体育（四）,,第1节-第2节,,000410D
16.0,400340,太极拳5班,20122000410D51748,,3,,32,1-17周,0,谢坚,1-17周 周四 第3节-第4节 ,1.0,体育部,否,,周四,2012-2013-2,,20122000410D51748,"2011新闻传播学院新闻学,2011商学院经济学（产业经济方向）,2011商学院金融工程,2011商学院保险学,2011商学院工商管理（人力资源管理方向）,2011商学院国际经济与贸易（二学位）,2011商学院工商管理（二学位),2011商学院工商管理类,2011商学院市场营销,2011商学院电子商务,2011商学院金融学,2011商学院财务管理,2011商学院会计学,2011商学院工商管理,2011商学院国际经济与贸易,2011商学院经济学,2011商学院经济学类,2011新闻传播学院广播电视新闻学,2011新闻传播学院广告学",0,仙林校区,2012-2013学年 第2学期,51748,武术馆,,否,,,,,,0,体育（四）,,第3节-第4节,,000410D
16.0,400340,跆拳道6班,20122000410D51752,,3,,30,1-17周,0,王慧,1-17周 周四 第5节-第6节 ,1.0,体育部,否,,周四,2012-2013-2,,20122000410D51752,"2011法学院法学类,2011环境学院环境科学（环规）,2011环境学院环境科学（环生）,2011环境学院环境科学（环化）,2011环境学院环境工程,2011环境学院环境科学与工程类,2011化学学院应用化学,2011化学学院化学,2011化学学院化学类,2011外国语学院朝鲜语,2011外国语学院西班牙语,2011外国语学院德语,2011外国语学院法语,2011外国语学院日语,2011外国语学院俄语,2011外国语学院英语,2011哲学学院哲学,2011法学院法学",0,仙林校区,2012-2013学年 第2学期,51752,跆拳道馆,,否,,,,,,0,体育（四）,,第5节-第6节,,000410D
16.0,400340,体育重修2班（排球）,20122000410D51753,,3,,25,1-17周,0,陈朝辉,1-17周 周四 第7节-第8节 ,1.0,体育部,否,,周四,2012-2013-2,,20122000410D51753,,0,仙林校区,2012-2013学年 第2学期,51753,排球场1、2,,否,,,,,,0,体育（四）,,第7节-第8节,,000410D
16.0,400340,排球初级12班,20122000410D51757,,3,,28,1-17周,0,吕春松,1-17周 周五 第1节-第2节 ,1.0,体育部,否,,周五,2012-2013-2,,20122000410D51757,"2011地理与海洋科学学院资源环境与城乡规划管理,2011大气科学学院应用气象学,2011大气科学学院大气科学,2011地理与海洋科学学院旅游管理,2011地理与海洋科学学院地理科学,2011地理与海洋科学学院地理信息系统",0,仙林校区,2012-2013学年 第2学期,51757,排球场3、4,,否,,,,,,0,体育（四）,,第1节-第2节,,000410D
16.0,400340,排球初级13班,20122000410D51761,,3,,23,1-17周,0,吕春松,1-17周 周五 第3节-第4节 ,1.0,体育部,否,,周五,2012-2013-2,,20122000410D51761,"2011历史学院历史学,2011建筑与城市规划学院城市规划,2011建筑与城市规划学院建筑学,2011历史学院考古学（文物鉴定方向）,2011历史学院考古学",0,仙林校区,2012-2013学年 第2学期,51761,排球场3、4,,否,,,,,,0,体育（四）,,第3节-第4节,,000410D
16.0,400340,篮球提高1班,20122000410D52290,,3,,34,1-17周,0,李勇,1-17周 周二 第1节-第2节 ,1.0,体育部,否,,周二,2012-2013-2,,20122000410D52290,"2011生命科学学院生物科学类,2011软件学院软件工程,2011软件学院软件学类,2011计算机学院计算机科学与技术,2011计算机学院计算机科学类,2011地球科学与工程学院地质学（地球物理学方向）,2011地球科学与工程学院地下水科学与工程,2011地球科学与工程学院地质学（古生物学方向）,2011地球科学与工程学院水文与水资源工程,2011地球科学与工程学院地质工程,2011地球科学与工程学院地球化学,2011地球科学与工程学院地质学,2011生命科学学院生物科学",0,仙林校区,2012-2013学年 第2学期,52290,篮球场5、6,,否,,,,,,0,体育（四）,,第1节-第2节,,000410D
16.0,400340,排球初级1班,20122000410D52291,,3,,31,1-17周,0,宋杨,1-17周 周二 第1节-第2节 ,1.0,体育部,否,,周二,2012-2013-2,,20122000410D52291,"2011生命科学学院生物科学类,2011软件学院软件工程,2011软件学院软件学类,2011计算机学院计算机科学与技术,2011计算机学院计算机科学类,2011地球科学与工程学院地质学（地球物理学方向）,2011地球科学与工程学院地下水科学与工程,2011地球科学与工程学院地质学（古生物学方向）,2011地球科学与工程学院水文与水资源工程,2011地球科学与工程学院地质工程,2011地球科学与工程学院地球化学,2011地球科学与工程学院地质学,2011生命科学学院生物科学",0,仙林校区,2012-2013学年 第2学期,52291,排球场1、2,,否,,,,,,0,体育（四）,,第1节-第2节,,000410D
16.0,400340,排球提高1班,20122000410D52292,,3,,24,1-17周,0,吕春松,1-17周 周二 第1节-第2节 ,1.0,体育部,否,,周二,2012-2013-2,,20122000410D52292,"2011生命科学学院生物科学类,2011软件学院软件工程,2011软件学院软件学类,2011计算机学院计算机科学与技术,2011计算机学院计算机科学类,2011地球科学与工程学院地质学（地球物理学方向）,2011地球科学与工程学院地下水科学与工程,2011地球科学与工程学院地质学（古生物学方向）,2011地球科学与工程学院水文与水资源工程,2011地球科学与工程学院地质工程,2011地球科学与工程学院地球化学,2011地球科学与工程学院地质学,2011生命科学学院生物科学",0,仙林校区,2012-2013学年 第2学期,52292,排球场3、4,,否,,,,,,0,体育（四）,,第1节-第2节,,000410D
16.0,400340,足球初级1班,20122000410D52293,,3,,30,1-17周,0,吴海乐,1-17周 周二 第1节-第2节 ,1.0,体育部,否,,周二,2012-2013-2,,20122000410D52293,"2011生命科学学院生物科学类,2011软件学院软件工程,2011软件学院软件学类,2011计算机学院计算机科学与技术,2011计算机学院计算机科学类,2011地球科学与工程学院地质学（地球物理学方向）,2011地球科学与工程学院地下水科学与工程,2011地球科学与工程学院地质学（古生物学方向）,2011地球科学与工程学院水文与水资源工程,2011地球科学与工程学院地质工程,2011地球科学与工程学院地球化学,2011地球科学与工程学院地质学,2011生命科学学院生物科学",0,仙林校区,2012-2013学年 第2学期,52293,足球场北,,否,,,,,,0,体育（四）,,第1节-第2节,,000410D
16.0,400340,足球提高1班,20122000410D52294,,3,,34,1-17周,0,李俊,1-17周 周二 第1节-第2节 ,1.0,体育部,否,,周二,2012-2013-2,,20122000410D52294,"2011生命科学学院生物科学类,2011软件学院软件工程,2011软件学院软件学类,2011计算机学院计算机科学与技术,2011计算机学院计算机科学类,2011地球科学与工程学院地质学（地球物理学方向）,2011地球科学与工程学院地下水科学与工程,2011地球科学与工程学院地质学（古生物学方向）,2011地球科学与工程学院水文与水资源工程,2011地球科学与工程学院地质工程,2011地球科学与工程学院地球化学,2011地球科学与工程学院地质学,2011生命科学学院生物科学",0,仙林校区,2012-2013学年 第2学期,52294,足球场南,,否,,,,,,0,体育（四）,,第1节-第2节,,000410D
16.0,400340,乒乓球提高1班,20122000410D52295,,3,,18,1-17周,0,张杰,1-17周 周二 第1节-第2节 ,1.0,体育部,否,,周二,2012-2013-2,,20122000410D52295,"2011生命科学学院生物科学类,2011软件学院软件工程,2011软件学院软件学类,2011计算机学院计算机科学与技术,2011计算机学院计算机科学类,2011地球科学与工程学院地质学（地球物理学方向）,2011地球科学与工程学院地下水科学与工程,2011地球科学与工程学院地质学（古生物学方向）,2011地球科学与工程学院水文与水资源工程,2011地球科学与工程学院地质工程,2011地球科学与工程学院地球化学,2011地球科学与工程学院地质学,2011生命科学学院生物科学",0,仙林校区,2012-2013学年 第2学期,52295,乒乓球馆,,否,,,,,,0,体育（四）,,第1节-第2节,,000410D
16.0,400340,乒乓球提高1班,20122000410D52296,,3,,9,1-17周,0,张杰,1-17周 周二 第1节-第2节 ,1.0,体育部,否,,周二,2012-2013-2,,20122000410D52296,"2011生命科学学院生物科学类,2011软件学院软件工程,2011软件学院软件学类,2011计算机学院计算机科学与技术,2011计算机学院计算机科学类,2011地球科学与工程学院地质学（地球物理学方向）,2011地球科学与工程学院地下水科学与工程,2011地球科学与工程学院地质学（古生物学方向）,2011地球科学与工程学院水文与水资源工程,2011地球科学与工程学院地质工程,2011地球科学与工程学院地球化学,2011地球科学与工程学院地质学,2011生命科学学院生物科学",0,仙林校区,2012-2013学年 第2学期,52296,乒乓球馆,,否,,,,,,0,体育（四）,,第1节-第2节,,000410D
16.0,400340,羽毛球提高1班,20122000410D52297,,3,,18,1-17周,0,邵力平,1-17周 周二 第1节-第2节 ,1.0,体育部,否,,周二,2012-2013-2,,20122000410D52297,"2011生命科学学院生物科学类,2011软件学院软件工程,2011软件学院软件学类,2011计算机学院计算机科学与技术,2011计算机学院计算机科学类,2011地球科学与工程学院地质学（地球物理学方向）,2011地球科学与工程学院地下水科学与工程,2011地球科学与工程学院地质学（古生物学方向）,2011地球科学与工程学院水文与水资源工程,2011地球科学与工程学院地质工程,2011地球科学与工程学院地球化学,2011地球科学与工程学院地质学,2011生命科学学院生物科学",0,仙林校区,2012-2013学年 第2学期,52297,羽毛球馆,,否,,,,,,0,体育（四）,,第1节-第2节,,000410D
16.0,400340,羽毛球提高1班,20122000410D52298,,3,,11,1-17周,0,邵力平,1-17周 周二 第1节-第2节 ,1.0,体育部,否,,周二,2012-2013-2,,20122000410D52298,"2011生命科学学院生物科学类,2011软件学院软件工程,2011软件学院软件学类,2011计算机学院计算机科学与技术,2011计算机学院计算机科学类,2011地球科学与工程学院地质学（地球物理学方向）,2011地球科学与工程学院地下水科学与工程,2011地球科学与工程学院地质学（古生物学方向）,2011地球科学与工程学院水文与水资源工程,2011地球科学与工程学院地质工程,2011地球科学与工程学院地球化学,2011地球科学与工程学院地质学,2011生命科学学院生物科学",0,仙林校区,2012-2013学年 第2学期,52298,羽毛球馆,,否,,,,,,0,体育（四）,,第1节-第2节,,000410D
16.0,400340,游泳初级1班,20122000410D52299,,3,,31,1-17周,0,巩绪伟,1-17周 周二 第1节-第2节 ,1.0,体育部,否,,周二,2012-2013-2,,20122000410D52299,"2011生命科学学院生物科学类,2011软件学院软件工程,2011软件学院软件学类,2011计算机学院计算机科学与技术,2011计算机学院计算机科学类,2011地球科学与工程学院地质学（地球物理学方向）,2011地球科学与工程学院地下水科学与工程,2011地球科学与工程学院地质学（古生物学方向）,2011地球科学与工程学院水文与水资源工程,2011地球科学与工程学院地质工程,2011地球科学与工程学院地球化学,2011地球科学与工程学院地质学,2011生命科学学院生物科学",0,仙林校区,2012-2013学年 第2学期,52299,游泳馆,,否,,,,,,0,体育（四）,,第1节-第2节,,000410D
16.0,400340,网球1班,20122000410D52300,,3,,34,1-17周,0,问梅,1-17周 周二 第1节-第2节 ,1.0,体育部,否,,周二,2012-2013-2,,20122000410D52300,"2011生命科学学院生物科学类,2011软件学院软件工程,2011软件学院软件学类,2011计算机学院计算机科学与技术,2011计算机学院计算机科学类,2011地球科学与工程学院地质学（地球物理学方向）,2011地球科学与工程学院地下水科学与工程,2011地球科学与工程学院地质学（古生物学方向）,2011地球科学与工程学院水文与水资源工程,2011地球科学与工程学院地质工程,2011地球科学与工程学院地球化学,2011地球科学与工程学院地质学,2011生命科学学院生物科学",0,仙林校区,2012-2013学年 第2学期,52300,网球场,,否,,,,,,0,体育（四）,,第1节-第2节,,000410D
16.0,400340,健美1班,20122000410D52301,,3,,34,1-17周,0,王成,1-17周 周二 第1节-第2节 ,1.0,体育部,否,,周二,2012-2013-2,,20122000410D52301,"2011生命科学学院生物科学类,2011软件学院软件工程,2011软件学院软件学类,2011计算机学院计算机科学与技术,2011计算机学院计算机科学类,2011地球科学与工程学院地质学（地球物理学方向）,2011地球科学与工程学院地下水科学与工程,2011地球科学与工程学院地质学（古生物学方向）,2011地球科学与工程学院水文与水资源工程,2011地球科学与工程学院地质工程,2011地球科学与工程学院地球化学,2011地球科学与工程学院地质学,2011生命科学学院生物科学",0,仙林校区,2012-2013学年 第2学期,52301,健美馆,,否,,,,,,0,体育（四）,,第1节-第2节,,000410D
16.0,400340,太极拳1班,20122000410D52302,,3,,34,1-17周,0,谢坚,1-17周 周二 第1节-第2节 ,1.0,体育部,否,,周二,2012-2013-2,,20122000410D52302,"2011生命科学学院生物科学类,2011软件学院软件工程,2011软件学院软件学类,2011计算机学院计算机科学与技术,2011计算机学院计算机科学类,2011地球科学与工程学院地质学（地球物理学方向）,2011地球科学与工程学院地下水科学与工程,2011地球科学与工程学院地质学（古生物学方向）,2011地球科学与工程学院水文与水资源工程,2011地球科学与工程学院地质工程,2011地球科学与工程学院地球化学,2011地球科学与工程学院地质学,2011生命科学学院生物科学",0,仙林校区,2012-2013学年 第2学期,52302,武术馆,,否,,,,,,0,体育（四）,,第1节-第2节,,000410D
16.0,400340,跆拳道1班,20122000410D52303,,3,,32,1-17周,0,李文龙,1-17周 周二 第1节-第2节 ,1.0,体育部,否,,周二,2012-2013-2,,20122000410D52303,"2011生命科学学院生物科学类,2011软件学院软件工程,2011软件学院软件学类,2011计算机学院计算机科学与技术,2011计算机学院计算机科学类,2011地球科学与工程学院地质学（地球物理学方向）,2011地球科学与工程学院地下水科学与工程,2011地球科学与工程学院地质学（古生物学方向）,2011地球科学与工程学院水文与水资源工程,2011地球科学与工程学院地质工程,2011地球科学与工程学院地球化学,2011地球科学与工程学院地质学,2011生命科学学院生物科学",0,仙林校区,2012-2013学年 第2学期,52303,跆拳道馆,,否,,,,,,0,体育（四）,,第1节-第2节,,000410D
16.0,400340,毽球1班,20122000410D52304,,3,,21,1-17周,0,龚晖晖,1-17周 周二 第1节-第2节 ,1.0,体育部,否,,周二,2012-2013-2,,20122000410D52304,"2011生命科学学院生物科学类,2011软件学院软件工程,2011软件学院软件学类,2011计算机学院计算机科学与技术,2011计算机学院计算机科学类,2011地球科学与工程学院地质学（地球物理学方向）,2011地球科学与工程学院地下水科学与工程,2011地球科学与工程学院地质学（古生物学方向）,2011地球科学与工程学院水文与水资源工程,2011地球科学与工程学院地质工程,2011地球科学与工程学院地球化学,2011地球科学与工程学院地质学,2011生命科学学院生物科学",0,仙林校区,2012-2013学年 第2学期,52304,毽球场地,,否,,,,,,0,体育（四）,,第1节-第2节,,000410D
16.0,400340,羽毛球初级1班,20122000410D52305,,3,,16,1-17周,0,吴明,1-17周 周二 第1节-第2节 ,1.0,体育部,否,,周二,2012-2013-2,,20122000410D52305,"2011生命科学学院生物科学类,2011软件学院软件工程,2011软件学院软件学类,2011计算机学院计算机科学与技术,2011计算机学院计算机科学类,2011地球科学与工程学院地质学（地球物理学方向）,2011地球科学与工程学院地下水科学与工程,2011地球科学与工程学院地质学（古生物学方向）,2011地球科学与工程学院水文与水资源工程,2011地球科学与工程学院地质工程,2011地球科学与工程学院地球化学,2011地球科学与工程学院地质学,2011生命科学学院生物科学",0,仙林校区,2012-2013学年 第2学期,52305,羽毛球馆,,否,,,,,,0,体育（四）,,第1节-第2节,,000410D
16.0,400340,羽毛球初级1班,20122000410D52306,,3,,15,1-17周,0,吴明,1-17周 周二 第1节-第2节 ,1.0,体育部,否,,周二,2012-2013-2,,20122000410D52306,"2011生命科学学院生物科学类,2011软件学院软件工程,2011软件学院软件学类,2011计算机学院计算机科学与技术,2011计算机学院计算机科学类,2011地球科学与工程学院地质学（地球物理学方向）,2011地球科学与工程学院地下水科学与工程,2011地球科学与工程学院地质学（古生物学方向）,2011地球科学与工程学院水文与水资源工程,2011地球科学与工程学院地质工程,2011地球科学与工程学院地球化学,2011地球科学与工程学院地质学,2011生命科学学院生物科学",0,仙林校区,2012-2013学年 第2学期,52306,羽毛球馆,,否,,,,,,0,体育（四）,,第1节-第2节,,000410D
16.0,400340,乒乓球初级1班,20122000410D52307,,3,,15,1-17周,0,殷晓霞,1-17周 周二 第1节-第2节 ,1.0,体育部,否,,周二,2012-2013-2,,20122000410D52307,"2011生命科学学院生物科学类,2011软件学院软件工程,2011软件学院软件学类,2011计算机学院计算机科学与技术,2011计算机学院计算机科学类,2011地球科学与工程学院地质学（地球物理学方向）,2011地球科学与工程学院地下水科学与工程,2011地球科学与工程学院地质学（古生物学方向）,2011地球科学与工程学院水文与水资源工程,2011地球科学与工程学院地质工程,2011地球科学与工程学院地球化学,2011地球科学与工程学院地质学,2011生命科学学院生物科学",0,仙林校区,2012-2013学年 第2学期,52307,乒乓球馆,,否,,,,,,0,体育（四）,,第1节-第2节,,000410D
16.0,400340,乒乓球初级1班,20122000410D52308,,3,,15,1-17周,0,殷晓霞,1-17周 周二 第1节-第2节 ,1.0,体育部,否,,周二,2012-2013-2,,20122000410D52308,"2011生命科学学院生物科学类,2011软件学院软件工程,2011软件学院软件学类,2011计算机学院计算机科学与技术,2011计算机学院计算机科学类,2011地球科学与工程学院地质学（地球物理学方向）,2011地球科学与工程学院地下水科学与工程,2011地球科学与工程学院地质学（古生物学方向）,2011地球科学与工程学院水文与水资源工程,2011地球科学与工程学院地质工程,2011地球科学与工程学院地球化学,2011地球科学与工程学院地质学,2011生命科学学院生物科学",0,仙林校区,2012-2013学年 第2学期,52308,乒乓球馆,,否,,,,,,0,体育（四）,,第1节-第2节,,000410D
16.0,400340,健身排舞1班,20122000410D52309,,3,,34,1-17周,0,唐苏丽,1-17周 周二 第1节-第2节 ,1.0,体育部,否,,周二,2012-2013-2,,20122000410D52309,"2011生命科学学院生物科学类,2011软件学院软件工程,2011软件学院软件学类,2011计算机学院计算机科学与技术,2011计算机学院计算机科学类,2011地球科学与工程学院地质学（地球物理学方向）,2011地球科学与工程学院地下水科学与工程,2011地球科学与工程学院地质学（古生物学方向）,2011地球科学与工程学院水文与水资源工程,2011地球科学与工程学院地质工程,2011地球科学与工程学院地球化学,2011地球科学与工程学院地质学,2011生命科学学院生物科学",0,仙林校区,2012-2013学年 第2学期,52309,健美操馆,,否,,,,,,0,体育（四）,,第1节-第2节,,000410D
16.0,400340,功夫扇1班,20122000410D52311,,3,,26,1-17周,0,燕明剑,1-17周 周二 第1节-第2节 ,1.0,体育部,否,,周二,2012-2013-2,,20122000410D52311,"2011生命科学学院生物科学类,2011软件学院软件工程,2011软件学院软件学类,2011计算机学院计算机科学与技术,2011计算机学院计算机科学类,2011地球科学与工程学院地质学（地球物理学方向）,2011地球科学与工程学院地下水科学与工程,2011地球科学与工程学院地质学（古生物学方向）,2011地球科学与工程学院水文与水资源工程,2011地球科学与工程学院地质工程,2011地球科学与工程学院地球化学,2011地球科学与工程学院地质学,2011生命科学学院生物科学",0,仙林校区,2012-2013学年 第2学期,52311,武术馆,,否,,,,,,0,体育（四）,,第1节-第2节,,000410D
16.0,400340,瑜伽1班,20122000410D52312,,3,,32,1-17周,0,孙雯,1-17周 周二 第1节-第2节 ,1.0,体育部,否,,周二,2012-2013-2,,20122000410D52312,"2011生命科学学院生物科学类,2011软件学院软件工程,2011软件学院软件学类,2011计算机学院计算机科学与技术,2011计算机学院计算机科学类,2011地球科学与工程学院地质学（地球物理学方向）,2011地球科学与工程学院地下水科学与工程,2011地球科学与工程学院地质学（古生物学方向）,2011地球科学与工程学院水文与水资源工程,2011地球科学与工程学院地质工程,2011地球科学与工程学院地球化学,2011地球科学与工程学院地质学,2011生命科学学院生物科学",0,仙林校区,2012-2013学年 第2学期,52312,体质测量室,,否,,,,,,0,体育（四）,,第1节-第2节,,000410D
16.0,400340,排球初级2班,20122000410D52314,,3,,29,1-17周,0,宋杨,1-17周 周二 第3节-第4节 ,1.0,体育部,否,,周二,2012-2013-2,,20122000410D52314,"2011社会学院社会学类,2011工程管理学院电气信息类,2011工程管理学院信息工程,2011工程管理学院金融工程,2011工程管理学院工业工程,2011工程管理学院自动化,2011工程管理学院管理科学与工程类,2011匡亚明学院文强（广告学）,2011匡亚明学院理科强化班,2011匡亚明学院应用文科强化班,2011天文与空间科学学院空间科学与技术,2011天文与空间科学学院天文学,2011地理与海洋科学学院地理科学（拔尖计划）,2011地理与海洋科学学院海洋科学,2011社会学院应用心理学,2011社会学院社会工作,2011社会学院社会学",0,仙林校区,2012-2013学年 第2学期,52314,排球场1、2,,否,,,,,,0,体育（四）,,第3节-第4节,,000410D
16.0,400340,足球初级2班,20122000410D52315,,3,,28,1-17周,0,吴海乐,1-17周 周二 第3节-第4节 ,1.0,体育部,否,,周二,2012-2013-2,,20122000410D52315,"2011社会学院社会学类,2011工程管理学院电气信息类,2011工程管理学院信息工程,2011工程管理学院金融工程,2011工程管理学院工业工程,2011工程管理学院自动化,2011工程管理学院管理科学与工程类,2011匡亚明学院文强（广告学）,2011匡亚明学院理科强化班,2011匡亚明学院应用文科强化班,2011天文与空间科学学院空间科学与技术,2011天文与空间科学学院天文学,2011地理与海洋科学学院地理科学（拔尖计划）,2011地理与海洋科学学院海洋科学,2011社会学院应用心理学,2011社会学院社会工作,2011社会学院社会学",0,仙林校区,2012-2013学年 第2学期,52315,足球场北,,否,,,,,,0,体育（四）,,第3节-第4节,,000410D
16.0,400340,足球提高2班,20122000410D52316,,3,,27,1-17周,0,李俊,1-17周 周二 第3节-第4节 ,1.0,体育部,否,,周二,2012-2013-2,,20122000410D52316,"2011社会学院社会学类,2011工程管理学院电气信息类,2011工程管理学院信息工程,2011工程管理学院金融工程,2011工程管理学院工业工程,2011工程管理学院自动化,2011工程管理学院管理科学与工程类,2011匡亚明学院文强（广告学）,2011匡亚明学院理科强化班,2011匡亚明学院应用文科强化班,2011天文与空间科学学院空间科学与技术,2011天文与空间科学学院天文学,2011地理与海洋科学学院地理科学（拔尖计划）,2011地理与海洋科学学院海洋科学,2011社会学院应用心理学,2011社会学院社会工作,2011社会学院社会学",0,仙林校区,2012-2013学年 第2学期,52316,足球场南,,否,,,,,,0,体育（四）,,第3节-第4节,,000410D
16.0,400340,乒乓球提高2班,20122000410D52317,,3,,16,1-17周,0,张杰,1-17周 周二 第3节-第4节 ,1.0,体育部,否,,周二,2012-2013-2,,20122000410D52317,"2011社会学院社会学类,2011工程管理学院电气信息类,2011工程管理学院信息工程,2011工程管理学院金融工程,2011工程管理学院工业工程,2011工程管理学院自动化,2011工程管理学院管理科学与工程类,2011匡亚明学院文强（广告学）,2011匡亚明学院理科强化班,2011匡亚明学院应用文科强化班,2011天文与空间科学学院空间科学与技术,2011天文与空间科学学院天文学,2011地理与海洋科学学院地理科学（拔尖计划）,2011地理与海洋科学学院海洋科学,2011社会学院应用心理学,2011社会学院社会工作,2011社会学院社会学",0,仙林校区,2012-2013学年 第2学期,52317,乒乓球馆,,否,,,,,,0,体育（四）,,第3节-第4节,,000410D
16.0,400340,乒乓球提高2班,20122000410D52318,,3,,12,1-17周,0,张杰,1-17周 周二 第3节-第4节 ,1.0,体育部,否,,周二,2012-2013-2,,20122000410D52318,"2011社会学院社会学类,2011工程管理学院电气信息类,2011工程管理学院信息工程,2011工程管理学院金融工程,2011工程管理学院工业工程,2011工程管理学院自动化,2011工程管理学院管理科学与工程类,2011匡亚明学院文强（广告学）,2011匡亚明学院理科强化班,2011匡亚明学院应用文科强化班,2011天文与空间科学学院空间科学与技术,2011天文与空间科学学院天文学,2011地理与海洋科学学院地理科学（拔尖计划）,2011地理与海洋科学学院海洋科学,2011社会学院应用心理学,2011社会学院社会工作,2011社会学院社会学",0,仙林校区,2012-2013学年 第2学期,52318,乒乓球馆,,否,,,,,,0,体育（四）,,第3节-第4节,,000410D
16.0,400340,羽毛球提高2班,20122000410D52319,,3,,15,1-17周,0,邵力平,1-17周 周二 第3节-第4节 ,1.0,体育部,否,,周二,2012-2013-2,,20122000410D52319,"2011社会学院社会学类,2011工程管理学院电气信息类,2011工程管理学院信息工程,2011工程管理学院金融工程,2011工程管理学院工业工程,2011工程管理学院自动化,2011工程管理学院管理科学与工程类,2011匡亚明学院文强（广告学）,2011匡亚明学院理科强化班,2011匡亚明学院应用文科强化班,2011天文与空间科学学院空间科学与技术,2011天文与空间科学学院天文学,2011地理与海洋科学学院地理科学（拔尖计划）,2011地理与海洋科学学院海洋科学,2011社会学院应用心理学,2011社会学院社会工作,2011社会学院社会学",0,仙林校区,2012-2013学年 第2学期,52319,羽毛球馆,,否,,,,,,0,体育（四）,,第3节-第4节,,000410D
16.0,400340,羽毛球提高2班,20122000410D52320,,3,,13,1-17周,0,邵力平,1-17周 周二 第3节-第4节 ,1.0,体育部,否,,周二,2012-2013-2,,20122000410D52320,"2011社会学院社会学类,2011工程管理学院电气信息类,2011工程管理学院信息工程,2011工程管理学院金融工程,2011工程管理学院工业工程,2011工程管理学院自动化,2011工程管理学院管理科学与工程类,2011匡亚明学院文强（广告学）,2011匡亚明学院理科强化班,2011匡亚明学院应用文科强化班,2011天文与空间科学学院空间科学与技术,2011天文与空间科学学院天文学,2011地理与海洋科学学院地理科学（拔尖计划）,2011地理与海洋科学学院海洋科学,2011社会学院应用心理学,2011社会学院社会工作,2011社会学院社会学",0,仙林校区,2012-2013学年 第2学期,52320,羽毛球馆,,否,,,,,,0,体育（四）,,第3节-第4节,,000410D
16.0,400340,游泳初级2班,20122000410D52321,,3,,31,1-17周,0,巩绪伟,1-17周 周二 第3节-第4节 ,1.0,体育部,否,,周二,2012-2013-2,,20122000410D52321,"2011社会学院社会学类,2011工程管理学院电气信息类,2011工程管理学院信息工程,2011工程管理学院金融工程,2011工程管理学院工业工程,2011工程管理学院自动化,2011工程管理学院管理科学与工程类,2011匡亚明学院文强（广告学）,2011匡亚明学院理科强化班,2011匡亚明学院应用文科强化班,2011天文与空间科学学院空间科学与技术,2011天文与空间科学学院天文学,2011地理与海洋科学学院地理科学（拔尖计划）,2011地理与海洋科学学院海洋科学,2011社会学院应用心理学,2011社会学院社会工作,2011社会学院社会学",0,仙林校区,2012-2013学年 第2学期,52321,游泳馆,,否,,,,,,0,体育（四）,,第3节-第4节,,000410D
16.0,400340,太极拳2班,20122000410D52322,,3,,33,1-17周,0,谢坚,1-17周 周二 第3节-第4节 ,1.0,体育部,否,,周二,2012-2013-2,,20122000410D52322,"2011社会学院社会学类,2011工程管理学院电气信息类,2011工程管理学院信息工程,2011工程管理学院金融工程,2011工程管理学院工业工程,2011工程管理学院自动化,2011工程管理学院管理科学与工程类,2011匡亚明学院文强（广告学）,2011匡亚明学院理科强化班,2011匡亚明学院应用文科强化班,2011天文与空间科学学院空间科学与技术,2011天文与空间科学学院天文学,2011地理与海洋科学学院地理科学（拔尖计划）,2011地理与海洋科学学院海洋科学,2011社会学院应用心理学,2011社会学院社会工作,2011社会学院社会学",0,仙林校区,2012-2013学年 第2学期,52322,武术馆,,否,,,,,,0,体育（四）,,第3节-第4节,,000410D
16.0,400340,健美2班,20122000410D52323,,3,,32,1-17周,0,王成,1-17周 周二 第3节-第4节 ,1.0,体育部,否,,周二,2012-2013-2,,20122000410D52323,"2011社会学院社会学类,2011工程管理学院电气信息类,2011工程管理学院信息工程,2011工程管理学院金融工程,2011工程管理学院工业工程,2011工程管理学院自动化,2011工程管理学院管理科学与工程类,2011匡亚明学院文强（广告学）,2011匡亚明学院理科强化班,2011匡亚明学院应用文科强化班,2011天文与空间科学学院空间科学与技术,2011天文与空间科学学院天文学,2011地理与海洋科学学院地理科学（拔尖计划）,2011地理与海洋科学学院海洋科学,2011社会学院应用心理学,2011社会学院社会工作,2011社会学院社会学",0,仙林校区,2012-2013学年 第2学期,52323,健美馆,,否,,,,,,0,体育（四）,,第3节-第4节,,000410D
16.0,400340,跆拳道2班,20122000410D52324,,3,,29,1-17周,0,李文龙,1-17周 周二 第3节-第4节 ,1.0,体育部,否,,周二,2012-2013-2,,20122000410D52324,"2011社会学院社会学类,2011工程管理学院电气信息类,2011工程管理学院信息工程,2011工程管理学院金融工程,2011工程管理学院工业工程,2011工程管理学院自动化,2011工程管理学院管理科学与工程类,2011匡亚明学院文强（广告学）,2011匡亚明学院理科强化班,2011匡亚明学院应用文科强化班,2011天文与空间科学学院空间科学与技术,2011天文与空间科学学院天文学,2011地理与海洋科学学院地理科学（拔尖计划）,2011地理与海洋科学学院海洋科学,2011社会学院应用心理学,2011社会学院社会工作,2011社会学院社会学",0,仙林校区,2012-2013学年 第2学期,52324,跆拳道馆,,否,,,,,,0,体育（四）,,第3节-第4节,,000410D
16.0,400340,毽球2班,20122000410D52325,,3,,26,1-17周,0,龚晖晖,1-17周 周二 第3节-第4节 ,1.0,体育部,否,,周二,2012-2013-2,,20122000410D52325,"2011社会学院社会学类,2011工程管理学院电气信息类,2011工程管理学院信息工程,2011工程管理学院金融工程,2011工程管理学院工业工程,2011工程管理学院自动化,2011工程管理学院管理科学与工程类,2011匡亚明学院文强（广告学）,2011匡亚明学院理科强化班,2011匡亚明学院应用文科强化班,2011天文与空间科学学院空间科学与技术,2011天文与空间科学学院天文学,2011地理与海洋科学学院地理科学（拔尖计划）,2011地理与海洋科学学院海洋科学,2011社会学院应用心理学,2011社会学院社会工作,2011社会学院社会学",0,仙林校区,2012-2013学年 第2学期,52325,健球场地,,否,,,,,,0,体育（四）,,第3节-第4节,,000410D
16.0,400340,网球2班,20122000410D52326,,3,,30,1-17周,0,问梅,1-17周 周二 第3节-第4节 ,1.0,体育部,否,,周二,2012-2013-2,,20122000410D52326,"2011社会学院社会学类,2011工程管理学院电气信息类,2011工程管理学院信息工程,2011工程管理学院金融工程,2011工程管理学院工业工程,2011工程管理学院自动化,2011工程管理学院管理科学与工程类,2011匡亚明学院文强（广告学）,2011匡亚明学院理科强化班,2011匡亚明学院应用文科强化班,2011天文与空间科学学院空间科学与技术,2011天文与空间科学学院天文学,2011地理与海洋科学学院地理科学（拔尖计划）,2011地理与海洋科学学院海洋科学,2011社会学院应用心理学,2011社会学院社会工作,2011社会学院社会学",0,仙林校区,2012-2013学年 第2学期,52326,网球场,,否,,,,,,0,体育（四）,,第3节-第4节,,000410D
16.0,400340,篮球初级3班,20122000410D52327,,3,,19,1-17周,0,张弓,1-17周 周二 第3节-第4节 ,1.0,体育部,否,,周二,2012-2013-2,,20122000410D52327,"2011社会学院社会学类,2011工程管理学院电气信息类,2011工程管理学院信息工程,2011工程管理学院金融工程,2011工程管理学院工业工程,2011工程管理学院自动化,2011工程管理学院管理科学与工程类,2011匡亚明学院文强（广告学）,2011匡亚明学院理科强化班,2011匡亚明学院应用文科强化班,2011天文与空间科学学院空间科学与技术,2011天文与空间科学学院天文学,2011地理与海洋科学学院地理科学（拔尖计划）,2011地理与海洋科学学院海洋科学,2011社会学院应用心理学,2011社会学院社会工作,2011社会学院社会学",0,仙林校区,2012-2013学年 第2学期,52327,篮球场5、6,,否,,,,,,0,体育（四）,,第3节-第4节,,000410D
16.0,400340,排球初级3班,20122000410D52328,,3,,28,1-17周,0,吕春松,1-17周 周二 第3节-第4节 ,1.0,体育部,否,,周二,2012-2013-2,,20122000410D52328,"2011社会学院社会学类,2011工程管理学院电气信息类,2011工程管理学院信息工程,2011工程管理学院金融工程,2011工程管理学院工业工程,2011工程管理学院自动化,2011工程管理学院管理科学与工程类,2011匡亚明学院文强（广告学）,2011匡亚明学院理科强化班,2011匡亚明学院应用文科强化班,2011天文与空间科学学院空间科学与技术,2011天文与空间科学学院天文学,2011地理与海洋科学学院地理科学（拔尖计划）,2011地理与海洋科学学院海洋科学,2011社会学院应用心理学,2011社会学院社会工作,2011社会学院社会学",0,仙林校区,2012-2013学年 第2学期,52328,排球场3、4,,否,,,,,,0,体育（四）,,第3节-第4节,,000410D
16.0,400340,乒乓球初级2班,20122000410D52329,,3,,16,1-17周,0,殷晓霞,1-17周 周二 第3节-第4节 ,1.0,体育部,否,,周二,2012-2013-2,,20122000410D52329,"2011社会学院社会学类,2011工程管理学院电气信息类,2011工程管理学院信息工程,2011工程管理学院金融工程,2011工程管理学院工业工程,2011工程管理学院自动化,2011工程管理学院管理科学与工程类,2011匡亚明学院文强（广告学）,2011匡亚明学院理科强化班,2011匡亚明学院应用文科强化班,2011天文与空间科学学院空间科学与技术,2011天文与空间科学学院天文学,2011地理与海洋科学学院地理科学（拔尖计划）,2011地理与海洋科学学院海洋科学,2011社会学院应用心理学,2011社会学院社会工作,2011社会学院社会学",0,仙林校区,2012-2013学年 第2学期,52329,乒乓球馆,,否,,,,,,0,体育（四）,,第3节-第4节,,000410D
16.0,400340,乒乓球初级2班,20122000410D52330,,3,,13,1-17周,0,殷晓霞,1-17周 周二 第3节-第4节 ,1.0,体育部,否,,周二,2012-2013-2,,20122000410D52330,"2011社会学院社会学类,2011工程管理学院电气信息类,2011工程管理学院信息工程,2011工程管理学院金融工程,2011工程管理学院工业工程,2011工程管理学院自动化,2011工程管理学院管理科学与工程类,2011匡亚明学院文强（广告学）,2011匡亚明学院理科强化班,2011匡亚明学院应用文科强化班,2011天文与空间科学学院空间科学与技术,2011天文与空间科学学院天文学,2011地理与海洋科学学院地理科学（拔尖计划）,2011地理与海洋科学学院海洋科学,2011社会学院应用心理学,2011社会学院社会工作,2011社会学院社会学",0,仙林校区,2012-2013学年 第2学期,52330,乒乓球馆,,否,,,,,,0,体育（四）,,第3节-第4节,,000410D
16.0,400340,羽毛球初级2班,20122000410D52331,,3,,16,1-17周,0,吴明,1-17周 周二 第3节-第4节 ,1.0,体育部,否,,周二,2012-2013-2,,20122000410D52331,"2011社会学院社会学类,2011工程管理学院电气信息类,2011工程管理学院信息工程,2011工程管理学院金融工程,2011工程管理学院工业工程,2011工程管理学院自动化,2011工程管理学院管理科学与工程类,2011匡亚明学院文强（广告学）,2011匡亚明学院理科强化班,2011匡亚明学院应用文科强化班,2011天文与空间科学学院空间科学与技术,2011天文与空间科学学院天文学,2011地理与海洋科学学院地理科学（拔尖计划）,2011地理与海洋科学学院海洋科学,2011社会学院应用心理学,2011社会学院社会工作,2011社会学院社会学",0,仙林校区,2012-2013学年 第2学期,52331,羽毛球馆,,否,,,,,,0,体育（四）,,第3节-第4节,,000410D
16.0,400340,羽毛球初级2班,20122000410D52332,,3,,16,1-17周,0,吴明,1-17周 周二 第3节-第4节 ,1.0,体育部,否,,周二,2012-2013-2,,20122000410D52332,"2011社会学院社会学类,2011工程管理学院电气信息类,2011工程管理学院信息工程,2011工程管理学院金融工程,2011工程管理学院工业工程,2011工程管理学院自动化,2011工程管理学院管理科学与工程类,2011匡亚明学院文强（广告学）,2011匡亚明学院理科强化班,2011匡亚明学院应用文科强化班,2011天文与空间科学学院空间科学与技术,2011天文与空间科学学院天文学,2011地理与海洋科学学院地理科学（拔尖计划）,2011地理与海洋科学学院海洋科学,2011社会学院应用心理学,2011社会学院社会工作,2011社会学院社会学",0,仙林校区,2012-2013学年 第2学期,52332,羽毛球馆,,否,,,,,,0,体育（四）,,第3节-第4节,,000410D
16.0,400340,健身排舞2班,20122000410D52333,,3,,34,1-17周,0,唐苏丽,1-17周 周二 第3节-第4节 ,1.0,体育部,否,,周二,2012-2013-2,,20122000410D52333,"2011社会学院社会学类,2011工程管理学院电气信息类,2011工程管理学院信息工程,2011工程管理学院金融工程,2011工程管理学院工业工程,2011工程管理学院自动化,2011工程管理学院管理科学与工程类,2011匡亚明学院文强（广告学）,2011匡亚明学院理科强化班,2011匡亚明学院应用文科强化班,2011天文与空间科学学院空间科学与技术,2011天文与空间科学学院天文学,2011地理与海洋科学学院地理科学（拔尖计划）,2011地理与海洋科学学院海洋科学,2011社会学院应用心理学,2011社会学院社会工作,2011社会学院社会学",0,仙林校区,2012-2013学年 第2学期,52333,健美操馆,,否,,,,,,0,体育（四）,,第3节-第4节,,000410D
16.0,400340,功夫扇2班,20122000410D52334,,3,,27,1-17周,0,燕明剑,1-17周 周二 第3节-第4节 ,1.0,体育部,否,,周二,2012-2013-2,,20122000410D52334,"2011社会学院社会学类,2011工程管理学院电气信息类,2011工程管理学院信息工程,2011工程管理学院金融工程,2011工程管理学院工业工程,2011工程管理学院自动化,2011工程管理学院管理科学与工程类,2011匡亚明学院文强（广告学）,2011匡亚明学院理科强化班,2011匡亚明学院应用文科强化班,2011天文与空间科学学院空间科学与技术,2011天文与空间科学学院天文学,2011地理与海洋科学学院地理科学（拔尖计划）,2011地理与海洋科学学院海洋科学,2011社会学院应用心理学,2011社会学院社会工作,2011社会学院社会学",0,仙林校区,2012-2013学年 第2学期,52334,武术馆,,否,,,,,,0,体育（四）,,第3节-第4节,,000410D
16.0,400340,瑜伽2班,20122000410D52335,,3,,33,1-17周,0,孙雯,1-17周 周二 第3节-第4节 ,1.0,体育部,否,,周二,2012-2013-2,,20122000410D52335,"2011社会学院社会学类,2011工程管理学院电气信息类,2011工程管理学院信息工程,2011工程管理学院金融工程,2011工程管理学院工业工程,2011工程管理学院自动化,2011工程管理学院管理科学与工程类,2011匡亚明学院文强（广告学）,2011匡亚明学院理科强化班,2011匡亚明学院应用文科强化班,2011天文与空间科学学院空间科学与技术,2011天文与空间科学学院天文学,2011地理与海洋科学学院地理科学（拔尖计划）,2011地理与海洋科学学院海洋科学,2011社会学院应用心理学,2011社会学院社会工作,2011社会学院社会学",0,仙林校区,2012-2013学年 第2学期,52335,体质测量室,,否,,,,,,0,体育（四）,,第3节-第4节,,000410D
16.0,400340,篮球初级4班,20122000410D52336,,3,,34,1-17周,0,巩绪伟,1-17周 周二 第5节-第6节 ,1.0,体育部,否,,周二,2012-2013-2,,20122000410D52336,"2011文学院汉语言文学,2011电子科学与工程学院微电子学,2011电子科学与工程学院生物医学工程,2011电子科学与工程学院通信工程,2011电子科学与工程学院电子信息科学与技术,2011电子科学与工程学院电子信息类,2011数学学院应用模块,2011数学学院统计学,2011数学学院信息与计算科学,2011数学学院数学与应用数学,2011数学学院数学类,2011信息管理学院编辑出版学,2011信息管理学院档案学,2011信息管理学院图书馆学,2011信息管理学院信息管理与信息系统,2011文学院汉语言文学（拔尖计划）,2011文学院戏剧影视文学",0,仙林校区,2012-2013学年 第2学期,52336,篮球场1、2,,否,,,,,,0,体育（四）,,第5节-第6节,,000410D
16.0,400340,排球初级4班,20122000410D52337,,3,,36,1-17周,0,宋杨,1-17周 周二 第5节-第6节 ,1.0,体育部,否,,周二,2012-2013-2,,20122000410D52337,"2011文学院汉语言文学,2011电子科学与工程学院微电子学,2011电子科学与工程学院生物医学工程,2011电子科学与工程学院通信工程,2011电子科学与工程学院电子信息科学与技术,2011电子科学与工程学院电子信息类,2011数学学院应用模块,2011数学学院统计学,2011数学学院信息与计算科学,2011数学学院数学与应用数学,2011数学学院数学类,2011信息管理学院编辑出版学,2011信息管理学院档案学,2011信息管理学院图书馆学,2011信息管理学院信息管理与信息系统,2011文学院汉语言文学（拔尖计划）,2011文学院戏剧影视文学",0,仙林校区,2012-2013学年 第2学期,52337,排球场1、2,,否,,,,,,0,体育（四）,,第5节-第6节,,000410D
16.0,400340,足球初级3班,20122000410D52338,,3,,32,1-17周,0,吴海乐,1-17周 周二 第5节-第6节 ,1.0,体育部,否,,周二,2012-2013-2,,20122000410D52338,"2011文学院汉语言文学,2011电子科学与工程学院微电子学,2011电子科学与工程学院生物医学工程,2011电子科学与工程学院通信工程,2011电子科学与工程学院电子信息科学与技术,2011电子科学与工程学院电子信息类,2011数学学院应用模块,2011数学学院统计学,2011数学学院信息与计算科学,2011数学学院数学与应用数学,2011数学学院数学类,2011信息管理学院编辑出版学,2011信息管理学院档案学,2011信息管理学院图书馆学,2011信息管理学院信息管理与信息系统,2011文学院汉语言文学（拔尖计划）,2011文学院戏剧影视文学",0,仙林校区,2012-2013学年 第2学期,52338,足球场北,,否,,,,,,0,体育（四）,,第5节-第6节,,000410D
16.0,400340,足球提高3班,20122000410D52339,,3,,20,1-17周,0,李俊,1-17周 周二 第5节-第6节 ,1.0,体育部,否,,周二,2012-2013-2,,20122000410D52339,"2011文学院汉语言文学,2011电子科学与工程学院微电子学,2011电子科学与工程学院生物医学工程,2011电子科学与工程学院通信工程,2011电子科学与工程学院电子信息科学与技术,2011电子科学与工程学院电子信息类,2011数学学院应用模块,2011数学学院统计学,2011数学学院信息与计算科学,2011数学学院数学与应用数学,2011数学学院数学类,2011信息管理学院编辑出版学,2011信息管理学院档案学,2011信息管理学院图书馆学,2011信息管理学院信息管理与信息系统,2011文学院汉语言文学（拔尖计划）,2011文学院戏剧影视文学",0,仙林校区,2012-2013学年 第2学期,52339,足球场南,,否,,,,,,0,体育（四）,,第5节-第6节,,000410D
16.0,400340,乒乓球提高3班,20122000410D52340,,3,,15,1-17周,0,张杰,1-17周 周二 第5节-第6节 ,1.0,体育部,否,,周二,2012-2013-2,,20122000410D52340,"2011文学院汉语言文学,2011电子科学与工程学院微电子学,2011电子科学与工程学院生物医学工程,2011电子科学与工程学院通信工程,2011电子科学与工程学院电子信息科学与技术,2011电子科学与工程学院电子信息类,2011数学学院应用模块,2011数学学院统计学,2011数学学院信息与计算科学,2011数学学院数学与应用数学,2011数学学院数学类,2011信息管理学院编辑出版学,2011信息管理学院档案学,2011信息管理学院图书馆学,2011信息管理学院信息管理与信息系统,2011文学院汉语言文学（拔尖计划）,2011文学院戏剧影视文学",0,仙林校区,2012-2013学年 第2学期,52340,乒乓球馆,,否,,,,,,0,体育（四）,,第5节-第6节,,000410D
16.0,400340,乒乓球提高3班,20122000410D52341,,3,,16,1-17周,0,张杰,1-17周 周二 第5节-第6节 ,1.0,体育部,否,,周二,2012-2013-2,,20122000410D52341,"2011文学院汉语言文学,2011电子科学与工程学院微电子学,2011电子科学与工程学院生物医学工程,2011电子科学与工程学院通信工程,2011电子科学与工程学院电子信息科学与技术,2011电子科学与工程学院电子信息类,2011数学学院应用模块,2011数学学院统计学,2011数学学院信息与计算科学,2011数学学院数学与应用数学,2011数学学院数学类,2011信息管理学院编辑出版学,2011信息管理学院档案学,2011信息管理学院图书馆学,2011信息管理学院信息管理与信息系统,2011文学院汉语言文学（拔尖计划）,2011文学院戏剧影视文学",0,仙林校区,2012-2013学年 第2学期,52341,乒乓球馆,,否,,,,,,0,体育（四）,,第5节-第6节,,000410D
16.0,400340,羽毛球提高3班,20122000410D52342,,3,,19,1-17周,0,邵力平,1-17周 周二 第5节-第6节 ,1.0,体育部,否,,周二,2012-2013-2,,20122000410D52342,"2011文学院汉语言文学,2011电子科学与工程学院微电子学,2011电子科学与工程学院生物医学工程,2011电子科学与工程学院通信工程,2011电子科学与工程学院电子信息科学与技术,2011电子科学与工程学院电子信息类,2011数学学院应用模块,2011数学学院统计学,2011数学学院信息与计算科学,2011数学学院数学与应用数学,2011数学学院数学类,2011信息管理学院编辑出版学,2011信息管理学院档案学,2011信息管理学院图书馆学,2011信息管理学院信息管理与信息系统,2011文学院汉语言文学（拔尖计划）,2011文学院戏剧影视文学",0,仙林校区,2012-2013学年 第2学期,52342,羽毛球馆,,否,,,,,,0,体育（四）,,第5节-第6节,,000410D
16.0,400340,羽毛球提高3班,20122000410D52343,,3,,14,1-17周,0,邵力平,1-17周 周二 第5节-第6节 ,1.0,体育部,否,,周二,2012-2013-2,,20122000410D52343,"2011文学院汉语言文学,2011电子科学与工程学院微电子学,2011电子科学与工程学院生物医学工程,2011电子科学与工程学院通信工程,2011电子科学与工程学院电子信息科学与技术,2011电子科学与工程学院电子信息类,2011数学学院应用模块,2011数学学院统计学,2011数学学院信息与计算科学,2011数学学院数学与应用数学,2011数学学院数学类,2011信息管理学院编辑出版学,2011信息管理学院档案学,2011信息管理学院图书馆学,2011信息管理学院信息管理与信息系统,2011文学院汉语言文学（拔尖计划）,2011文学院戏剧影视文学",0,仙林校区,2012-2013学年 第2学期,52343,羽毛球馆,,否,,,,,,0,体育（四）,,第5节-第6节,,000410D
16.0,400340,太极拳3班,20122000410D52344,,3,,29,1-17周,0,谢坚,1-17周 周二 第5节-第6节 ,1.0,体育部,否,,周二,2012-2013-2,,20122000410D52344,"2011文学院汉语言文学,2011电子科学与工程学院微电子学,2011电子科学与工程学院生物医学工程,2011电子科学与工程学院通信工程,2011电子科学与工程学院电子信息科学与技术,2011电子科学与工程学院电子信息类,2011数学学院应用模块,2011数学学院统计学,2011数学学院信息与计算科学,2011数学学院数学与应用数学,2011数学学院数学类,2011信息管理学院编辑出版学,2011信息管理学院档案学,2011信息管理学院图书馆学,2011信息管理学院信息管理与信息系统,2011文学院汉语言文学（拔尖计划）,2011文学院戏剧影视文学",0,仙林校区,2012-2013学年 第2学期,52344,武术馆,,否,,,,,,0,体育（四）,,第5节-第6节,,000410D
16.0,400340,健美3班,20122000410D52345,,3,,35,1-17周,0,王成,1-17周 周二 第5节-第6节 ,1.0,体育部,否,,周二,2012-2013-2,,20122000410D52345,"2011文学院汉语言文学,2011电子科学与工程学院微电子学,2011电子科学与工程学院生物医学工程,2011电子科学与工程学院通信工程,2011电子科学与工程学院电子信息科学与技术,2011电子科学与工程学院电子信息类,2011数学学院应用模块,2011数学学院统计学,2011数学学院信息与计算科学,2011数学学院数学与应用数学,2011数学学院数学类,2011信息管理学院编辑出版学,2011信息管理学院档案学,2011信息管理学院图书馆学,2011信息管理学院信息管理与信息系统,2011文学院汉语言文学（拔尖计划）,2011文学院戏剧影视文学",0,仙林校区,2012-2013学年 第2学期,52345,健美馆,,否,,,,,,0,体育（四）,,第5节-第6节,,000410D
16.0,400340,网球3班,20122000410D52346,,3,,33,1-17周,0,问梅,1-17周 周二 第5节-第6节 ,1.0,体育部,否,,周二,2012-2013-2,,20122000410D52346,"2011文学院汉语言文学,2011电子科学与工程学院微电子学,2011电子科学与工程学院生物医学工程,2011电子科学与工程学院通信工程,2011电子科学与工程学院电子信息科学与技术,2011电子科学与工程学院电子信息类,2011数学学院应用模块,2011数学学院统计学,2011数学学院信息与计算科学,2011数学学院数学与应用数学,2011数学学院数学类,2011信息管理学院编辑出版学,2011信息管理学院档案学,2011信息管理学院图书馆学,2011信息管理学院信息管理与信息系统,2011文学院汉语言文学（拔尖计划）,2011文学院戏剧影视文学",0,仙林校区,2012-2013学年 第2学期,52346,网球场,,否,,,,,,0,体育（四）,,第5节-第6节,,000410D
16.0,400340,排球初级5班,20122000410D52347,,3,,29,1-17周,0,吕春松,1-17周 周二 第5节-第6节 ,1.0,体育部,否,,周二,2012-2013-2,,20122000410D52347,"2011文学院汉语言文学,2011电子科学与工程学院微电子学,2011电子科学与工程学院生物医学工程,2011电子科学与工程学院通信工程,2011电子科学与工程学院电子信息科学与技术,2011电子科学与工程学院电子信息类,2011数学学院应用模块,2011数学学院统计学,2011数学学院信息与计算科学,2011数学学院数学与应用数学,2011数学学院数学类,2011信息管理学院编辑出版学,2011信息管理学院档案学,2011信息管理学院图书馆学,2011信息管理学院信息管理与信息系统,2011文学院汉语言文学（拔尖计划）,2011文学院戏剧影视文学",0,仙林校区,2012-2013学年 第2学期,52347,排球场3、4,,否,,,,,,0,体育（四）,,第5节-第6节,,000410D
16.0,400340,乒乓球初级3班,20122000410D52348,,3,,17,1-17周,0,殷晓霞,1-17周 周二 第5节-第6节 ,1.0,体育部,否,,周二,2012-2013-2,,20122000410D52348,"2011文学院汉语言文学,2011电子科学与工程学院微电子学,2011电子科学与工程学院生物医学工程,2011电子科学与工程学院通信工程,2011电子科学与工程学院电子信息科学与技术,2011电子科学与工程学院电子信息类,2011数学学院应用模块,2011数学学院统计学,2011数学学院信息与计算科学,2011数学学院数学与应用数学,2011数学学院数学类,2011信息管理学院编辑出版学,2011信息管理学院档案学,2011信息管理学院图书馆学,2011信息管理学院信息管理与信息系统,2011文学院汉语言文学（拔尖计划）,2011文学院戏剧影视文学",0,仙林校区,2012-2013学年 第2学期,52348,乒乓球馆,,否,,,,,,0,体育（四）,,第5节-第6节,,000410D
16.0,400340,乒乓球初级3班,20122000410D52349,,3,,15,1-17周,0,殷晓霞,1-17周 周二 第5节-第6节 ,1.0,体育部,否,,周二,2012-2013-2,,20122000410D52349,"2011文学院汉语言文学,2011电子科学与工程学院微电子学,2011电子科学与工程学院生物医学工程,2011电子科学与工程学院通信工程,2011电子科学与工程学院电子信息科学与技术,2011电子科学与工程学院电子信息类,2011数学学院应用模块,2011数学学院统计学,2011数学学院信息与计算科学,2011数学学院数学与应用数学,2011数学学院数学类,2011信息管理学院编辑出版学,2011信息管理学院档案学,2011信息管理学院图书馆学,2011信息管理学院信息管理与信息系统,2011文学院汉语言文学（拔尖计划）,2011文学院戏剧影视文学",0,仙林校区,2012-2013学年 第2学期,52349,乒乓球馆,,否,,,,,,0,体育（四）,,第5节-第6节,,000410D
16.0,400340,羽毛球初级3班,20122000410D52350,,3,,21,1-17周,0,臧育扬,1-17周 周二 第5节-第6节 ,1.0,体育部,否,,周二,2012-2013-2,,20122000410D52350,"2011文学院汉语言文学,2011电子科学与工程学院微电子学,2011电子科学与工程学院生物医学工程,2011电子科学与工程学院通信工程,2011电子科学与工程学院电子信息科学与技术,2011电子科学与工程学院电子信息类,2011数学学院应用模块,2011数学学院统计学,2011数学学院信息与计算科学,2011数学学院数学与应用数学,2011数学学院数学类,2011信息管理学院编辑出版学,2011信息管理学院档案学,2011信息管理学院图书馆学,2011信息管理学院信息管理与信息系统,2011文学院汉语言文学（拔尖计划）,2011文学院戏剧影视文学",0,仙林校区,2012-2013学年 第2学期,52350,羽毛球馆,,否,,,,,,0,体育（四）,,第5节-第6节,,000410D
16.0,400340,羽毛球初级3班,20122000410D52351,,3,,16,1-17周,0,臧育扬,1-17周 周二 第5节-第6节 ,1.0,体育部,否,,周二,2012-2013-2,,20122000410D52351,"2011文学院汉语言文学,2011电子科学与工程学院微电子学,2011电子科学与工程学院生物医学工程,2011电子科学与工程学院通信工程,2011电子科学与工程学院电子信息科学与技术,2011电子科学与工程学院电子信息类,2011数学学院应用模块,2011数学学院统计学,2011数学学院信息与计算科学,2011数学学院数学与应用数学,2011数学学院数学类,2011信息管理学院编辑出版学,2011信息管理学院档案学,2011信息管理学院图书馆学,2011信息管理学院信息管理与信息系统,2011文学院汉语言文学（拔尖计划）,2011文学院戏剧影视文学",0,仙林校区,2012-2013学年 第2学期,52351,羽毛球馆,,否,,,,,,0,体育（四）,,第5节-第6节,,000410D
16.0,400340,健身排舞3班,20122000410D52352,,3,,34,1-17周,0,唐苏丽,1-17周 周二 第5节-第6节 ,1.0,体育部,否,,周二,2012-2013-2,,20122000410D52352,"2011文学院汉语言文学,2011电子科学与工程学院微电子学,2011电子科学与工程学院生物医学工程,2011电子科学与工程学院通信工程,2011电子科学与工程学院电子信息科学与技术,2011电子科学与工程学院电子信息类,2011数学学院应用模块,2011数学学院统计学,2011数学学院信息与计算科学,2011数学学院数学与应用数学,2011数学学院数学类,2011信息管理学院编辑出版学,2011信息管理学院档案学,2011信息管理学院图书馆学,2011信息管理学院信息管理与信息系统,2011文学院汉语言文学（拔尖计划）,2011文学院戏剧影视文学",0,仙林校区,2012-2013学年 第2学期,52352,健美操馆,,否,,,,,,0,体育（四）,,第5节-第6节,,000410D
16.0,400340,功夫扇3班,20122000410D52353,,3,,33,1-17周,0,燕明剑,1-17周 周二 第5节-第6节 ,1.0,体育部,否,,周二,2012-2013-2,,20122000410D52353,"2011文学院汉语言文学,2011电子科学与工程学院微电子学,2011电子科学与工程学院生物医学工程,2011电子科学与工程学院通信工程,2011电子科学与工程学院电子信息科学与技术,2011电子科学与工程学院电子信息类,2011数学学院应用模块,2011数学学院统计学,2011数学学院信息与计算科学,2011数学学院数学与应用数学,2011数学学院数学类,2011信息管理学院编辑出版学,2011信息管理学院档案学,2011信息管理学院图书馆学,2011信息管理学院信息管理与信息系统,2011文学院汉语言文学（拔尖计划）,2011文学院戏剧影视文学",0,仙林校区,2012-2013学年 第2学期,52353,武术馆,,否,,,,,,0,体育（四）,,第5节-第6节,,000410D
16.0,400340,跆拳道3班,20122000410D52354,,3,,32,1-17周,0,李文龙,1-17周 周二 第5节-第6节 ,1.0,体育部,否,,周二,2012-2013-2,,20122000410D52354,"2011文学院汉语言文学,2011电子科学与工程学院微电子学,2011电子科学与工程学院生物医学工程,2011电子科学与工程学院通信工程,2011电子科学与工程学院电子信息科学与技术,2011电子科学与工程学院电子信息类,2011数学学院应用模块,2011数学学院统计学,2011数学学院信息与计算科学,2011数学学院数学与应用数学,2011数学学院数学类,2011信息管理学院编辑出版学,2011信息管理学院档案学,2011信息管理学院图书馆学,2011信息管理学院信息管理与信息系统,2011文学院汉语言文学（拔尖计划）,2011文学院戏剧影视文学",0,仙林校区,2012-2013学年 第2学期,52354,跆拳道馆,,否,,,,,,0,体育（四）,,第5节-第6节,,000410D
16.0,400340,毽球3班,20122000410D52355,,3,,21,1-17周,0,龚晖晖,1-17周 周二 第5节-第6节 ,1.0,体育部,否,,周二,2012-2013-2,,20122000410D52355,"2011文学院汉语言文学,2011电子科学与工程学院微电子学,2011电子科学与工程学院生物医学工程,2011电子科学与工程学院通信工程,2011电子科学与工程学院电子信息科学与技术,2011电子科学与工程学院电子信息类,2011数学学院应用模块,2011数学学院统计学,2011数学学院信息与计算科学,2011数学学院数学与应用数学,2011数学学院数学类,2011信息管理学院编辑出版学,2011信息管理学院档案学,2011信息管理学院图书馆学,2011信息管理学院信息管理与信息系统,2011文学院汉语言文学（拔尖计划）,2011文学院戏剧影视文学",0,仙林校区,2012-2013学年 第2学期,52355,健球场地,,否,,,,,,0,体育（四）,,第5节-第6节,,000410D
16.0,400340,瑜伽3班,20122000410D52356,,3,,37,1-17周,0,孙雯,1-17周 周二 第5节-第6节 ,1.0,体育部,否,,周二,2012-2013-2,,20122000410D52356,"2011文学院汉语言文学,2011电子科学与工程学院微电子学,2011电子科学与工程学院生物医学工程,2011电子科学与工程学院通信工程,2011电子科学与工程学院电子信息科学与技术,2011电子科学与工程学院电子信息类,2011数学学院应用模块,2011数学学院统计学,2011数学学院信息与计算科学,2011数学学院数学与应用数学,2011数学学院数学类,2011信息管理学院编辑出版学,2011信息管理学院档案学,2011信息管理学院图书馆学,2011信息管理学院信息管理与信息系统,2011文学院汉语言文学（拔尖计划）,2011文学院戏剧影视文学",0,仙林校区,2012-2013学年 第2学期,52356,体质测量室,,否,,,,,,0,体育（四）,,第5节-第6节,,000410D
16.0,400340,游泳初级5班,20122000410D52357,,3,,25,1-17周,0,朱唯唯,1-17周 周五 第1节-第2节 ,1.0,体育部,否,,周五,2012-2013-2,,20122000410D52357,"2011地理与海洋科学学院资源环境与城乡规划管理,2011大气科学学院应用气象学,2011大气科学学院大气科学,2011地理与海洋科学学院旅游管理,2011地理与海洋科学学院地理科学,2011地理与海洋科学学院地理信息系统",0,仙林校区,2012-2013学年 第2学期,52357,游泳馆,,否,,,,,,0,体育（四）,,第1节-第2节,,000410D
16.0,400340,羽毛球初级7班,20122000410D52358,,3,,31,1-17周,0,冯晓劲,1-17周 周五 第1节-第2节 ,1.0,体育部,否,,周五,2012-2013-2,,20122000410D52358,"2011地理与海洋科学学院资源环境与城乡规划管理,2011大气科学学院应用气象学,2011大气科学学院大气科学,2011地理与海洋科学学院旅游管理,2011地理与海洋科学学院地理科学,2011地理与海洋科学学院地理信息系统",0,仙林校区,2012-2013学年 第2学期,52358,羽毛球馆,,否,,,,,,0,体育（四）,,第1节-第2节,,000410D
16.0,400340,太极剑4班,20122000410D52359,,3,,32,1-17周,0,高凤华,1-17周 周五 第1节-第2节 ,1.0,体育部,否,,周五,2012-2013-2,,20122000410D52359,"2011地理与海洋科学学院资源环境与城乡规划管理,2011大气科学学院应用气象学,2011大气科学学院大气科学,2011地理与海洋科学学院旅游管理,2011地理与海洋科学学院地理科学,2011地理与海洋科学学院地理信息系统",0,仙林校区,2012-2013学年 第2学期,52359,武术馆,,否,,,,,,0,体育（四）,,第1节-第2节,,000410D
16.0,400340,乒乓球初级7班,20122000410D52360,,3,,18,1-17周,0,殷晓霞,1-17周 周五 第1节-第2节 ,1.0,体育部,否,,周五,2012-2013-2,,20122000410D52360,"2011地理与海洋科学学院资源环境与城乡规划管理,2011大气科学学院应用气象学,2011大气科学学院大气科学,2011地理与海洋科学学院旅游管理,2011地理与海洋科学学院地理科学,2011地理与海洋科学学院地理信息系统",0,仙林校区,2012-2013学年 第2学期,52360,排球场3、4,,否,,,,,,0,体育（四）,,第1节-第2节,,000410D
16.0,400340,乒乓球初级7班,20122000410D52361,,3,,17,1-17周,0,殷晓霞,1-17周 周五 第1节-第2节 ,1.0,体育部,否,,周五,2012-2013-2,,20122000410D52361,"2011地理与海洋科学学院资源环境与城乡规划管理,2011大气科学学院应用气象学,2011大气科学学院大气科学,2011地理与海洋科学学院旅游管理,2011地理与海洋科学学院地理科学,2011地理与海洋科学学院地理信息系统",0,仙林校区,2012-2013学年 第2学期,52361,乒乓球馆,,否,,,,,,0,体育（四）,,第1节-第2节,,000410D
16.0,400340,乒乓球提高7班,20122000410D52362,,3,,14,1-17周,0,禹雪璐,1-17周 周五 第1节-第2节 ,1.0,体育部,否,,周五,2012-2013-2,,20122000410D52362,"2011地理与海洋科学学院资源环境与城乡规划管理,2011大气科学学院应用气象学,2011大气科学学院大气科学,2011地理与海洋科学学院旅游管理,2011地理与海洋科学学院地理科学,2011地理与海洋科学学院地理信息系统",0,仙林校区,2012-2013学年 第2学期,52362,乒乓球馆,,否,,,,,,0,体育（四）,,第1节-第2节,,000410D
16.0,400340,乒乓球提高7班,20122000410D52363,,3,,9,1-17周,0,禹雪璐,1-17周 周五 第1节-第2节 ,1.0,体育部,否,,周五,2012-2013-2,,20122000410D52363,"2011地理与海洋科学学院资源环境与城乡规划管理,2011大气科学学院应用气象学,2011大气科学学院大气科学,2011地理与海洋科学学院旅游管理,2011地理与海洋科学学院地理科学,2011地理与海洋科学学院地理信息系统",0,仙林校区,2012-2013学年 第2学期,52363,乒乓球馆,,否,,,,,,0,体育（四）,,第1节-第2节,,000410D
16.0,400340,游泳初级6班,20122000410D52364,,3,,23,1-17周,0,朱唯唯,1-17周 周五 第3节-第4节 ,1.0,体育部,否,,周五,2012-2013-2,,20122000410D52364,"2011历史学院历史学,2011建筑与城市规划学院城市规划,2011建筑与城市规划学院建筑学,2011历史学院考古学（文物鉴定方向）,2011历史学院考古学",0,仙林校区,2012-2013学年 第2学期,52364,游泳馆,,否,,,,,,0,体育（四）,,第3节-第4节,,000410D
16.0,400340,羽毛球初级8班,20122000410D52365,,3,,28,1-17周,0,冯晓劲,1-17周 周五 第3节-第4节 ,1.0,体育部,否,,周五,2012-2013-2,,20122000410D52365,"2011历史学院历史学,2011建筑与城市规划学院城市规划,2011建筑与城市规划学院建筑学,2011历史学院考古学（文物鉴定方向）,2011历史学院考古学",0,仙林校区,2012-2013学年 第2学期,52365,羽毛球馆,,否,,,,,,0,体育（四）,,第3节-第4节,,000410D
16.0,400340,太极剑5班,20122000410D52366,,3,,32,1-17周,0,高凤华,1-17周 周五 第3节-第4节 ,1.0,体育部,否,,周五,2012-2013-2,,20122000410D52366,"2011历史学院历史学,2011建筑与城市规划学院城市规划,2011建筑与城市规划学院建筑学,2011历史学院考古学（文物鉴定方向）,2011历史学院考古学",0,仙林校区,2012-2013学年 第2学期,52366,武术馆,,否,,,,,,0,体育（四）,,第3节-第4节,,000410D
16.0,400340,乒乓球初级8班,20122000410D52367,,3,,8,1-17周,0,殷晓霞,1-17周 周五 第3节-第4节 ,1.0,体育部,否,,周五,2012-2013-2,,20122000410D52367,"2011历史学院历史学,2011建筑与城市规划学院城市规划,2011建筑与城市规划学院建筑学,2011历史学院考古学（文物鉴定方向）,2011历史学院考古学",0,仙林校区,2012-2013学年 第2学期,52367,乒乓球馆,,否,,,,,,0,体育（四）,,第3节-第4节,,000410D
16.0,400340,乒乓球初级8班,20122000410D52368,,3,,21,1-17周,0,殷晓霞,1-17周 周五 第3节-第4节 ,1.0,体育部,否,,周五,2012-2013-2,,20122000410D52368,"2011历史学院历史学,2011建筑与城市规划学院城市规划,2011建筑与城市规划学院建筑学,2011历史学院考古学（文物鉴定方向）,2011历史学院考古学",0,仙林校区,2012-2013学年 第2学期,52368,乒乓球馆,,否,,,,,,0,体育（四）,,第3节-第4节,,000410D
16.0,400340,乒乓球提高8班,20122000410D52369,,3,,10,1-17周,0,禹雪璐,1-17周 周五 第3节-第4节 ,1.0,体育部,否,,周五,2012-2013-2,,20122000410D52369,"2011历史学院历史学,2011建筑与城市规划学院城市规划,2011建筑与城市规划学院建筑学,2011历史学院考古学（文物鉴定方向）,2011历史学院考古学",0,仙林校区,2012-2013学年 第2学期,52369,乒乓球馆,,否,,,,,,0,体育（四）,,第3节-第4节,,000410D
16.0,400340,乒乓球提高8班,20122000410D52370,,3,,21,1-17周,0,禹雪璐,1-17周 周五 第3节-第4节 ,1.0,体育部,否,,周五,2012-2013-2,,20122000410D52370,"2011历史学院历史学,2011建筑与城市规划学院城市规划,2011建筑与城市规划学院建筑学,2011历史学院考古学（文物鉴定方向）,2011历史学院考古学",0,仙林校区,2012-2013学年 第2学期,52370,乒乓球馆,,否,,,,,,0,体育（四）,,第3节-第4节,,000410D
16.0,400340,游泳4班,20122000410D52726,,3,,23,1-17周,0,朱唯唯,1-17周 周四 第1节-第2节 ,1.0,体育部,否,,周四,2012-2013-2,,20122000410D52726,"2011政府管理学院公共管理类,2011海外教育学院汉语言,2011海外教育学院海外教育类,2011医学院基础医学,2011医学院口腔医学,2011医学院临床医学,2011医学院医学类,2011现代工程与应用科学学院材料化学,2011现代工程与应用科学学院材料物理,2011现代工程与应用科学学院材料类,2011物理学院物理学,2011物理学院物理学类,2011政府管理学院政治学类,2011政府管理学院行政管理（劳动与社会保障）,2011政府管理学院国际政治,2011政府管理学院行政管理,2011政府管理学院政治学与行政学",0,仙林校区,2012-2013学年 第2学期,52726,游泳馆,,否,,,,,,0,体育（四）,,第1节-第2节,,000410D
16.0,400340,太极剑4班,20122000410D52727,,3,,33,1-17周,0,燕明剑,1-17周 周四 第1节-第2节 ,1.0,体育部,否,,周四,2012-2013-2,,20122000410D52727,"2011政府管理学院公共管理类,2011海外教育学院汉语言,2011海外教育学院海外教育类,2011医学院基础医学,2011医学院口腔医学,2011医学院临床医学,2011医学院医学类,2011现代工程与应用科学学院材料化学,2011现代工程与应用科学学院材料物理,2011现代工程与应用科学学院材料类,2011物理学院物理学,2011物理学院物理学类,2011政府管理学院政治学类,2011政府管理学院行政管理（劳动与社会保障）,2011政府管理学院国际政治,2011政府管理学院行政管理,2011政府管理学院政治学与行政学",0,仙林校区,2012-2013学年 第2学期,52727,武术馆,,否,,,,,,0,体育（四）,,第1节-第2节,,000410D
16.0,400340,篮球初级5班,20122000410D52728,,3,,36,1-17周,0,巩绪伟,1-17周 周四 第1节-第2节 ,1.0,体育部,否,,周四,2012-2013-2,,20122000410D52728,"2011政府管理学院公共管理类,2011海外教育学院汉语言,2011海外教育学院海外教育类,2011医学院基础医学,2011医学院口腔医学,2011医学院临床医学,2011医学院医学类,2011现代工程与应用科学学院材料化学,2011现代工程与应用科学学院材料物理,2011现代工程与应用科学学院材料类,2011物理学院物理学,2011物理学院物理学类,2011政府管理学院政治学类,2011政府管理学院行政管理（劳动与社会保障）,2011政府管理学院国际政治,2011政府管理学院行政管理,2011政府管理学院政治学与行政学",0,仙林校区,2012-2013学年 第2学期,52728,篮球场1、2,,否,,,,,,0,体育（四）,,第1节-第2节,,000410D
16.0,400340,篮球提高3班,20122000410D52729,,3,,33,1-17周,0,李勇,1-17周 周四 第1节-第2节 ,1.0,体育部,否,,周四,2012-2013-2,,20122000410D52729,"2011政府管理学院公共管理类,2011海外教育学院汉语言,2011海外教育学院海外教育类,2011医学院基础医学,2011医学院口腔医学,2011医学院临床医学,2011医学院医学类,2011现代工程与应用科学学院材料化学,2011现代工程与应用科学学院材料物理,2011现代工程与应用科学学院材料类,2011物理学院物理学,2011物理学院物理学类,2011政府管理学院政治学类,2011政府管理学院行政管理（劳动与社会保障）,2011政府管理学院国际政治,2011政府管理学院行政管理,2011政府管理学院政治学与行政学",0,仙林校区,2012-2013学年 第2学期,52729,篮球场5、6,,否,,,,,,0,体育（四）,,第1节-第2节,,000410D
16.0,400340,排球初级6班,20122000410D52730,,3,,34,1-17周,0,许健,1-17周 周四 第1节-第2节 ,1.0,体育部,否,,周四,2012-2013-2,,20122000410D52730,"2011政府管理学院公共管理类,2011海外教育学院汉语言,2011海外教育学院海外教育类,2011医学院基础医学,2011医学院口腔医学,2011医学院临床医学,2011医学院医学类,2011现代工程与应用科学学院材料化学,2011现代工程与应用科学学院材料物理,2011现代工程与应用科学学院材料类,2011物理学院物理学,2011物理学院物理学类,2011政府管理学院政治学类,2011政府管理学院行政管理（劳动与社会保障）,2011政府管理学院国际政治,2011政府管理学院行政管理,2011政府管理学院政治学与行政学",0,仙林校区,2012-2013学年 第2学期,52730,排球场3、4,,否,,,,,,0,体育（四）,,第1节-第2节,,000410D
16.0,400340,足球初级4班,20122000410D52731,,3,,38,1-17周,0,吴海乐,1-17周 周四 第1节-第2节 ,1.0,体育部,否,,周四,2012-2013-2,,20122000410D52731,"2011政府管理学院公共管理类,2011海外教育学院汉语言,2011海外教育学院海外教育类,2011医学院基础医学,2011医学院口腔医学,2011医学院临床医学,2011医学院医学类,2011现代工程与应用科学学院材料化学,2011现代工程与应用科学学院材料物理,2011现代工程与应用科学学院材料类,2011物理学院物理学,2011物理学院物理学类,2011政府管理学院政治学类,2011政府管理学院行政管理（劳动与社会保障）,2011政府管理学院国际政治,2011政府管理学院行政管理,2011政府管理学院政治学与行政学",0,仙林校区,2012-2013学年 第2学期,52731,足球场北,,否,,,,,,0,体育（四）,,第1节-第2节,,000410D
16.0,400340,乒乓球提高4班,20122000410D52732,,3,,23,1-17周,0,张杰,1-17周 周四 第1节-第2节 ,1.0,体育部,否,,周四,2012-2013-2,,20122000410D52732,"2011政府管理学院公共管理类,2011海外教育学院汉语言,2011海外教育学院海外教育类,2011医学院基础医学,2011医学院口腔医学,2011医学院临床医学,2011医学院医学类,2011现代工程与应用科学学院材料化学,2011现代工程与应用科学学院材料物理,2011现代工程与应用科学学院材料类,2011物理学院物理学,2011物理学院物理学类,2011政府管理学院政治学类,2011政府管理学院行政管理（劳动与社会保障）,2011政府管理学院国际政治,2011政府管理学院行政管理,2011政府管理学院政治学与行政学",0,仙林校区,2012-2013学年 第2学期,52732,乒乓球馆,,否,,,,,,0,体育（四）,,第1节-第2节,,000410D
16.0,400340,乒乓球提高4班,20122000410D52733,,3,,12,1-17周,0,张杰,1-17周 周四 第1节-第2节 ,1.0,体育部,否,,周四,2012-2013-2,,20122000410D52733,"2011政府管理学院公共管理类,2011海外教育学院汉语言,2011海外教育学院海外教育类,2011医学院基础医学,2011医学院口腔医学,2011医学院临床医学,2011医学院医学类,2011现代工程与应用科学学院材料化学,2011现代工程与应用科学学院材料物理,2011现代工程与应用科学学院材料类,2011物理学院物理学,2011物理学院物理学类,2011政府管理学院政治学类,2011政府管理学院行政管理（劳动与社会保障）,2011政府管理学院国际政治,2011政府管理学院行政管理,2011政府管理学院政治学与行政学",0,仙林校区,2012-2013学年 第2学期,52733,乒乓球馆,,否,,,,,,0,体育（四）,,第1节-第2节,,000410D
16.0,400340,羽毛球提高4班,20122000410D52734,,3,,19,1-17周,0,邵力平,1-17周 周四 第1节-第2节 ,1.0,体育部,否,,周四,2012-2013-2,,20122000410D52734,"2011政府管理学院公共管理类,2011海外教育学院汉语言,2011海外教育学院海外教育类,2011医学院基础医学,2011医学院口腔医学,2011医学院临床医学,2011医学院医学类,2011现代工程与应用科学学院材料化学,2011现代工程与应用科学学院材料物理,2011现代工程与应用科学学院材料类,2011物理学院物理学,2011物理学院物理学类,2011政府管理学院政治学类,2011政府管理学院行政管理（劳动与社会保障）,2011政府管理学院国际政治,2011政府管理学院行政管理,2011政府管理学院政治学与行政学",0,仙林校区,2012-2013学年 第2学期,52734,羽毛球馆,,否,,,,,,0,体育（四）,,第1节-第2节,,000410D
16.0,400340,羽毛球提高4班,20122000410D52735,,3,,11,1-17周,0,邵力平,1-17周 周四 第1节-第2节 ,1.0,体育部,否,,周四,2012-2013-2,,20122000410D52735,"2011政府管理学院公共管理类,2011海外教育学院汉语言,2011海外教育学院海外教育类,2011医学院基础医学,2011医学院口腔医学,2011医学院临床医学,2011医学院医学类,2011现代工程与应用科学学院材料化学,2011现代工程与应用科学学院材料物理,2011现代工程与应用科学学院材料类,2011物理学院物理学,2011物理学院物理学类,2011政府管理学院政治学类,2011政府管理学院行政管理（劳动与社会保障）,2011政府管理学院国际政治,2011政府管理学院行政管理,2011政府管理学院政治学与行政学",0,仙林校区,2012-2013学年 第2学期,52735,羽毛球馆,,否,,,,,,0,体育（四）,,第1节-第2节,,000410D
16.0,400340,游泳初级3班,20122000410D52736,,3,,27,1-17周,0,李俊,1-17周 周四 第1节-第2节 ,1.0,体育部,否,,周四,2012-2013-2,,20122000410D52736,"2011政府管理学院公共管理类,2011海外教育学院汉语言,2011海外教育学院海外教育类,2011医学院基础医学,2011医学院口腔医学,2011医学院临床医学,2011医学院医学类,2011现代工程与应用科学学院材料化学,2011现代工程与应用科学学院材料物理,2011现代工程与应用科学学院材料类,2011物理学院物理学,2011物理学院物理学类,2011政府管理学院政治学类,2011政府管理学院行政管理（劳动与社会保障）,2011政府管理学院国际政治,2011政府管理学院行政管理,2011政府管理学院政治学与行政学",0,仙林校区,2012-2013学年 第2学期,52736,足球场南,,否,,,,,,0,体育（四）,,第1节-第2节,,000410D
16.0,400340,太极拳4班,20122000410D52737,,3,,30,1-17周,0,谢坚,1-17周 周四 第1节-第2节 ,1.0,体育部,否,,周四,2012-2013-2,,20122000410D52737,"2011政府管理学院公共管理类,2011海外教育学院汉语言,2011海外教育学院海外教育类,2011医学院基础医学,2011医学院口腔医学,2011医学院临床医学,2011医学院医学类,2011现代工程与应用科学学院材料化学,2011现代工程与应用科学学院材料物理,2011现代工程与应用科学学院材料类,2011物理学院物理学,2011物理学院物理学类,2011政府管理学院政治学类,2011政府管理学院行政管理（劳动与社会保障）,2011政府管理学院国际政治,2011政府管理学院行政管理,2011政府管理学院政治学与行政学",0,仙林校区,2012-2013学年 第2学期,52737,武术馆,,否,,,,,,0,体育（四）,,第1节-第2节,,000410D
16.0,400340,毽球4班,20122000410D52738,,3,,15,1-17周,0,龚晖晖,1-17周 周四 第1节-第2节 ,1.0,体育部,否,,周四,2012-2013-2,,20122000410D52738,"2011政府管理学院公共管理类,2011海外教育学院汉语言,2011海外教育学院海外教育类,2011医学院基础医学,2011医学院口腔医学,2011医学院临床医学,2011医学院医学类,2011现代工程与应用科学学院材料化学,2011现代工程与应用科学学院材料物理,2011现代工程与应用科学学院材料类,2011物理学院物理学,2011物理学院物理学类,2011政府管理学院政治学类,2011政府管理学院行政管理（劳动与社会保障）,2011政府管理学院国际政治,2011政府管理学院行政管理,2011政府管理学院政治学与行政学",0,仙林校区,2012-2013学年 第2学期,52738,健球场地,,否,,,,,,0,体育（四）,,第1节-第2节,,000410D
16.0,400340,健美4班,20122000410D52739,,3,,40,1-17周,0,王成,1-17周 周四 第1节-第2节 ,1.0,体育部,否,,周四,2012-2013-2,,20122000410D52739,"2011政府管理学院公共管理类,2011海外教育学院汉语言,2011海外教育学院海外教育类,2011医学院基础医学,2011医学院口腔医学,2011医学院临床医学,2011医学院医学类,2011现代工程与应用科学学院材料化学,2011现代工程与应用科学学院材料物理,2011现代工程与应用科学学院材料类,2011物理学院物理学,2011物理学院物理学类,2011政府管理学院政治学类,2011政府管理学院行政管理（劳动与社会保障）,2011政府管理学院国际政治,2011政府管理学院行政管理,2011政府管理学院政治学与行政学",0,仙林校区,2012-2013学年 第2学期,52739,健美馆,,否,,,,,,0,体育（四）,,第1节-第2节,,000410D
16.0,400340,网球4班,20122000410D52740,,3,,19,1-17周,0,鲍大卫,1-17周 周四 第1节-第2节 ,1.0,体育部,否,,周四,2012-2013-2,,20122000410D52740,"2011政府管理学院公共管理类,2011海外教育学院汉语言,2011海外教育学院海外教育类,2011医学院基础医学,2011医学院口腔医学,2011医学院临床医学,2011医学院医学类,2011现代工程与应用科学学院材料化学,2011现代工程与应用科学学院材料物理,2011现代工程与应用科学学院材料类,2011物理学院物理学,2011物理学院物理学类,2011政府管理学院政治学类,2011政府管理学院行政管理（劳动与社会保障）,2011政府管理学院国际政治,2011政府管理学院行政管理,2011政府管理学院政治学与行政学",0,仙林校区,2012-2013学年 第2学期,52740,网球场,,否,,,,,,0,体育（四）,,第1节-第2节,,000410D
16.0,400340,网球4班,20122000410D52741,,3,,15,1-17周,0,鲍大卫,1-17周 周四 第1节-第2节 ,1.0,体育部,否,,周四,2012-2013-2,,20122000410D52741,"2011政府管理学院公共管理类,2011海外教育学院汉语言,2011海外教育学院海外教育类,2011医学院基础医学,2011医学院口腔医学,2011医学院临床医学,2011医学院医学类,2011现代工程与应用科学学院材料化学,2011现代工程与应用科学学院材料物理,2011现代工程与应用科学学院材料类,2011物理学院物理学,2011物理学院物理学类,2011政府管理学院政治学类,2011政府管理学院行政管理（劳动与社会保障）,2011政府管理学院国际政治,2011政府管理学院行政管理,2011政府管理学院政治学与行政学",0,仙林校区,2012-2013学年 第2学期,52741,网球场,,否,,,,,,0,体育（四）,,第1节-第2节,,000410D
16.0,400340,排球初级7班,20122000410D52742,,3,,31,1-17周,0,宋杨,1-17周 周四 第1节-第2节 ,1.0,体育部,否,,周四,2012-2013-2,,20122000410D52742,"2011政府管理学院公共管理类,2011海外教育学院汉语言,2011海外教育学院海外教育类,2011医学院基础医学,2011医学院口腔医学,2011医学院临床医学,2011医学院医学类,2011现代工程与应用科学学院材料化学,2011现代工程与应用科学学院材料物理,2011现代工程与应用科学学院材料类,2011物理学院物理学,2011物理学院物理学类,2011政府管理学院政治学类,2011政府管理学院行政管理（劳动与社会保障）,2011政府管理学院国际政治,2011政府管理学院行政管理,2011政府管理学院政治学与行政学",0,仙林校区,2012-2013学年 第2学期,52742,排球场1、2,,否,,,,,,0,体育（四）,,第1节-第2节,,000410D
16.0,400340,乒乓球初级4班,20122000410D52743,,3,,14,1-17周,0,殷飞,1-17周 周四 第1节-第2节 ,1.0,体育部,否,,周四,2012-2013-2,,20122000410D52743,"2011政府管理学院公共管理类,2011海外教育学院汉语言,2011海外教育学院海外教育类,2011医学院基础医学,2011医学院口腔医学,2011医学院临床医学,2011医学院医学类,2011现代工程与应用科学学院材料化学,2011现代工程与应用科学学院材料物理,2011现代工程与应用科学学院材料类,2011物理学院物理学,2011物理学院物理学类,2011政府管理学院政治学类,2011政府管理学院行政管理（劳动与社会保障）,2011政府管理学院国际政治,2011政府管理学院行政管理,2011政府管理学院政治学与行政学",0,仙林校区,2012-2013学年 第2学期,52743,乒乓球馆,,否,,,,,,0,体育（四）,,第1节-第2节,,000410D
16.0,400340,乒乓球初级4班,20122000410D52744,,3,,17,1-17周,0,殷飞,1-17周 周四 第1节-第2节 ,1.0,体育部,否,,周四,2012-2013-2,,20122000410D52744,"2011政府管理学院公共管理类,2011海外教育学院汉语言,2011海外教育学院海外教育类,2011医学院基础医学,2011医学院口腔医学,2011医学院临床医学,2011医学院医学类,2011现代工程与应用科学学院材料化学,2011现代工程与应用科学学院材料物理,2011现代工程与应用科学学院材料类,2011物理学院物理学,2011物理学院物理学类,2011政府管理学院政治学类,2011政府管理学院行政管理（劳动与社会保障）,2011政府管理学院国际政治,2011政府管理学院行政管理,2011政府管理学院政治学与行政学",0,仙林校区,2012-2013学年 第2学期,52744,乒乓球馆,,否,,,,,,0,体育（四）,,第1节-第2节,,000410D
16.0,400340,羽毛球初级4班,20122000410D52745,,3,,20,1-17周,0,问梅,1-17周 周四 第1节-第2节 ,1.0,体育部,否,,周四,2012-2013-2,,20122000410D52745,"2011政府管理学院公共管理类,2011海外教育学院汉语言,2011海外教育学院海外教育类,2011医学院基础医学,2011医学院口腔医学,2011医学院临床医学,2011医学院医学类,2011现代工程与应用科学学院材料化学,2011现代工程与应用科学学院材料物理,2011现代工程与应用科学学院材料类,2011物理学院物理学,2011物理学院物理学类,2011政府管理学院政治学类,2011政府管理学院行政管理（劳动与社会保障）,2011政府管理学院国际政治,2011政府管理学院行政管理,2011政府管理学院政治学与行政学",0,仙林校区,2012-2013学年 第2学期,52745,羽毛球馆,,否,,,,,,0,体育（四）,,第1节-第2节,,000410D
16.0,400340,羽毛球初级4班,20122000410D52746,,3,,13,1-17周,0,问梅,1-17周 周四 第1节-第2节 ,1.0,体育部,否,,周四,2012-2013-2,,20122000410D52746,"2011政府管理学院公共管理类,2011海外教育学院汉语言,2011海外教育学院海外教育类,2011医学院基础医学,2011医学院口腔医学,2011医学院临床医学,2011医学院医学类,2011现代工程与应用科学学院材料化学,2011现代工程与应用科学学院材料物理,2011现代工程与应用科学学院材料类,2011物理学院物理学,2011物理学院物理学类,2011政府管理学院政治学类,2011政府管理学院行政管理（劳动与社会保障）,2011政府管理学院国际政治,2011政府管理学院行政管理,2011政府管理学院政治学与行政学",0,仙林校区,2012-2013学年 第2学期,52746,羽毛球馆,,否,,,,,,0,体育（四）,,第1节-第2节,,000410D
16.0,400340,健身排舞4班,20122000410D52747,,3,,37,1-17周,0,唐苏丽,1-17周 周四 第1节-第2节 ,1.0,体育部,否,,周四,2012-2013-2,,20122000410D52747,"2011政府管理学院公共管理类,2011海外教育学院汉语言,2011海外教育学院海外教育类,2011医学院基础医学,2011医学院口腔医学,2011医学院临床医学,2011医学院医学类,2011现代工程与应用科学学院材料化学,2011现代工程与应用科学学院材料物理,2011现代工程与应用科学学院材料类,2011物理学院物理学,2011物理学院物理学类,2011政府管理学院政治学类,2011政府管理学院行政管理（劳动与社会保障）,2011政府管理学院国际政治,2011政府管理学院行政管理,2011政府管理学院政治学与行政学",0,仙林校区,2012-2013学年 第2学期,52747,健美操馆,,否,,,,,,0,体育（四）,,第1节-第2节,,000410D
16.0,400340,交谊舞1班,20122000410D52748,,3,,16,1-17周,0,沈如玲,1-17周 周四 第1节-第2节 ,1.0,体育部,否,,周四,2012-2013-2,,20122000410D52748,"2011政府管理学院公共管理类,2011海外教育学院汉语言,2011海外教育学院海外教育类,2011医学院基础医学,2011医学院口腔医学,2011医学院临床医学,2011医学院医学类,2011现代工程与应用科学学院材料化学,2011现代工程与应用科学学院材料物理,2011现代工程与应用科学学院材料类,2011物理学院物理学,2011物理学院物理学类,2011政府管理学院政治学类,2011政府管理学院行政管理（劳动与社会保障）,2011政府管理学院国际政治,2011政府管理学院行政管理,2011政府管理学院政治学与行政学",0,仙林校区,2012-2013学年 第2学期,52748,体质测试室,,否,,,,,,0,体育（四）,,第1节-第2节,,000410D
16.0,400340,交谊舞1班,20122000410D52749,,3,,18,1-17周,0,沈如玲,1-17周 周四 第1节-第2节 ,1.0,体育部,否,,周四,2012-2013-2,,20122000410D52749,"2011政府管理学院公共管理类,2011海外教育学院汉语言,2011海外教育学院海外教育类,2011医学院基础医学,2011医学院口腔医学,2011医学院临床医学,2011医学院医学类,2011现代工程与应用科学学院材料化学,2011现代工程与应用科学学院材料物理,2011现代工程与应用科学学院材料类,2011物理学院物理学,2011物理学院物理学类,2011政府管理学院政治学类,2011政府管理学院行政管理（劳动与社会保障）,2011政府管理学院国际政治,2011政府管理学院行政管理,2011政府管理学院政治学与行政学",0,仙林校区,2012-2013学年 第2学期,52749,体质测试室,,否,,,,,,0,体育（四）,,第1节-第2节,,000410D
16.0,400340,篮球初级6班,20122000410D52750,,3,,34,1-17周,0,李勇,1-17周 周四 第3节-第4节 ,1.0,体育部,否,,周四,2012-2013-2,,20122000410D52750,"2011新闻传播学院新闻学,2011商学院经济学（产业经济方向）,2011商学院金融工程,2011商学院保险学,2011商学院工商管理（人力资源管理方向）,2011商学院国际经济与贸易（二学位）,2011商学院工商管理（二学位),2011商学院工商管理类,2011商学院市场营销,2011商学院电子商务,2011商学院金融学,2011商学院财务管理,2011商学院会计学,2011商学院工商管理,2011商学院国际经济与贸易,2011商学院经济学,2011商学院经济学类,2011新闻传播学院广播电视新闻学,2011新闻传播学院广告学",0,仙林校区,2012-2013学年 第2学期,52750,篮球场1、2,,否,,,,,,0,体育（四）,,第3节-第4节,,000410D
16.0,400340,排球初级8班,20122000410D52751,,3,,28,1-17周,0,陈朝辉,1-17周 周四 第3节-第4节 ,1.0,体育部,否,,周四,2012-2013-2,,20122000410D52751,"2011新闻传播学院新闻学,2011商学院经济学（产业经济方向）,2011商学院金融工程,2011商学院保险学,2011商学院工商管理（人力资源管理方向）,2011商学院国际经济与贸易（二学位）,2011商学院工商管理（二学位),2011商学院工商管理类,2011商学院市场营销,2011商学院电子商务,2011商学院金融学,2011商学院财务管理,2011商学院会计学,2011商学院工商管理,2011商学院国际经济与贸易,2011商学院经济学,2011商学院经济学类,2011新闻传播学院广播电视新闻学,2011新闻传播学院广告学",0,仙林校区,2012-2013学年 第2学期,52751,排球场3、4,,否,,,,,,0,体育（四）,,第3节-第4节,,000410D
16.0,400340,足球初级5班,20122000410D52752,,3,,31,1-17周,0,吴海乐,1-17周 周四 第3节-第4节 ,1.0,体育部,否,,周四,2012-2013-2,,20122000410D52752,"2011新闻传播学院新闻学,2011商学院经济学（产业经济方向）,2011商学院金融工程,2011商学院保险学,2011商学院工商管理（人力资源管理方向）,2011商学院国际经济与贸易（二学位）,2011商学院工商管理（二学位),2011商学院工商管理类,2011商学院市场营销,2011商学院电子商务,2011商学院金融学,2011商学院财务管理,2011商学院会计学,2011商学院工商管理,2011商学院国际经济与贸易,2011商学院经济学,2011商学院经济学类,2011新闻传播学院广播电视新闻学,2011新闻传播学院广告学",0,仙林校区,2012-2013学年 第2学期,52752,足球场北,,否,,,,,,0,体育（四）,,第3节-第4节,,000410D
16.0,400340,乒乓球提高5班,20122000410D52753,,3,,8,1-17周,0,张杰,1-17周 周四 第3节-第4节 ,1.0,体育部,否,,周四,2012-2013-2,,20122000410D52753,"2011新闻传播学院新闻学,2011商学院经济学（产业经济方向）,2011商学院金融工程,2011商学院保险学,2011商学院工商管理（人力资源管理方向）,2011商学院国际经济与贸易（二学位）,2011商学院工商管理（二学位),2011商学院工商管理类,2011商学院市场营销,2011商学院电子商务,2011商学院金融学,2011商学院财务管理,2011商学院会计学,2011商学院工商管理,2011商学院国际经济与贸易,2011商学院经济学,2011商学院经济学类,2011新闻传播学院广播电视新闻学,2011新闻传播学院广告学",0,仙林校区,2012-2013学年 第2学期,52753,乒乓球馆,,否,,,,,,0,体育（四）,,第3节-第4节,,000410D
16.0,400340,乒乓球提高5班,20122000410D52754,,3,,21,1-17周,0,张杰,1-17周 周四 第3节-第4节 ,1.0,体育部,否,,周四,2012-2013-2,,20122000410D52754,"2011新闻传播学院新闻学,2011商学院经济学（产业经济方向）,2011商学院金融工程,2011商学院保险学,2011商学院工商管理（人力资源管理方向）,2011商学院国际经济与贸易（二学位）,2011商学院工商管理（二学位),2011商学院工商管理类,2011商学院市场营销,2011商学院电子商务,2011商学院金融学,2011商学院财务管理,2011商学院会计学,2011商学院工商管理,2011商学院国际经济与贸易,2011商学院经济学,2011商学院经济学类,2011新闻传播学院广播电视新闻学,2011新闻传播学院广告学",0,仙林校区,2012-2013学年 第2学期,52754,乒乓球馆,,否,,,,,,0,体育（四）,,第3节-第4节,,000410D
16.0,400340,羽毛球提高5班,20122000410D52755,,3,,12,1-17周,0,邵力平,1-17周 周四 第3节-第4节 ,1.0,体育部,否,,周四,2012-2013-2,,20122000410D52755,"2011新闻传播学院新闻学,2011商学院经济学（产业经济方向）,2011商学院金融工程,2011商学院保险学,2011商学院工商管理（人力资源管理方向）,2011商学院国际经济与贸易（二学位）,2011商学院工商管理（二学位),2011商学院工商管理类,2011商学院市场营销,2011商学院电子商务,2011商学院金融学,2011商学院财务管理,2011商学院会计学,2011商学院工商管理,2011商学院国际经济与贸易,2011商学院经济学,2011商学院经济学类,2011新闻传播学院广播电视新闻学,2011新闻传播学院广告学",0,仙林校区,2012-2013学年 第2学期,52755,羽毛球馆,,否,,,,,,0,体育（四）,,第3节-第4节,,000410D
16.0,400340,羽毛球提高5班,20122000410D52756,,3,,17,1-17周,0,邵力平,1-17周 周四 第3节-第4节 ,1.0,体育部,否,,周四,2012-2013-2,,20122000410D52756,"2011新闻传播学院新闻学,2011商学院经济学（产业经济方向）,2011商学院金融工程,2011商学院保险学,2011商学院工商管理（人力资源管理方向）,2011商学院国际经济与贸易（二学位）,2011商学院工商管理（二学位),2011商学院工商管理类,2011商学院市场营销,2011商学院电子商务,2011商学院金融学,2011商学院财务管理,2011商学院会计学,2011商学院工商管理,2011商学院国际经济与贸易,2011商学院经济学,2011商学院经济学类,2011新闻传播学院广播电视新闻学,2011新闻传播学院广告学",0,仙林校区,2012-2013学年 第2学期,52756,羽毛球馆,,否,,,,,,0,体育（四）,,第3节-第4节,,000410D
16.0,400340,健美5班,20122000410D52757,,3,,32,1-17周,0,王成,1-17周 周四 第3节-第4节 ,1.0,体育部,否,,周四,2012-2013-2,,20122000410D52757,"2011新闻传播学院新闻学,2011商学院经济学（产业经济方向）,2011商学院金融工程,2011商学院保险学,2011商学院工商管理（人力资源管理方向）,2011商学院国际经济与贸易（二学位）,2011商学院工商管理（二学位),2011商学院工商管理类,2011商学院市场营销,2011商学院电子商务,2011商学院金融学,2011商学院财务管理,2011商学院会计学,2011商学院工商管理,2011商学院国际经济与贸易,2011商学院经济学,2011商学院经济学类,2011新闻传播学院广播电视新闻学,2011新闻传播学院广告学",0,仙林校区,2012-2013学年 第2学期,52757,健美馆,,否,,,,,,0,体育（四）,,第3节-第4节,,000410D
16.0,400340,篮球初级7班,20122000410D52758,,3,,24,1-17周,0,巩绪伟,1-17周 周四 第3节-第4节 ,1.0,体育部,否,,周四,2012-2013-2,,20122000410D52758,"2011新闻传播学院新闻学,2011商学院经济学（产业经济方向）,2011商学院金融工程,2011商学院保险学,2011商学院工商管理（人力资源管理方向）,2011商学院国际经济与贸易（二学位）,2011商学院工商管理（二学位),2011商学院工商管理类,2011商学院市场营销,2011商学院电子商务,2011商学院金融学,2011商学院财务管理,2011商学院会计学,2011商学院工商管理,2011商学院国际经济与贸易,2011商学院经济学,2011商学院经济学类,2011新闻传播学院广播电视新闻学,2011新闻传播学院广告学",0,仙林校区,2012-2013学年 第2学期,52758,篮球场5、6,,否,,,,,,0,体育（四）,,第3节-第4节,,000410D
16.0,400340,排球初级9班,20122000410D52759,,3,,32,1-17周,0,宋杨,1-17周 周四 第3节-第4节 ,1.0,体育部,否,,周四,2012-2013-2,,20122000410D52759,"2011新闻传播学院新闻学,2011商学院经济学（产业经济方向）,2011商学院金融工程,2011商学院保险学,2011商学院工商管理（人力资源管理方向）,2011商学院国际经济与贸易（二学位）,2011商学院工商管理（二学位),2011商学院工商管理类,2011商学院市场营销,2011商学院电子商务,2011商学院金融学,2011商学院财务管理,2011商学院会计学,2011商学院工商管理,2011商学院国际经济与贸易,2011商学院经济学,2011商学院经济学类,2011新闻传播学院广播电视新闻学,2011新闻传播学院广告学",0,仙林校区,2012-2013学年 第2学期,52759,排球场1、2,,否,,,,,,0,体育（四）,,第3节-第4节,,000410D
16.0,400340,乒乓球初级5班,20122000410D52760,,3,,11,1-17周,0,臧育扬,1-17周 周四 第3节-第4节 ,1.0,体育部,否,,周四,2012-2013-2,,20122000410D52760,"2011新闻传播学院新闻学,2011商学院经济学（产业经济方向）,2011商学院金融工程,2011商学院保险学,2011商学院工商管理（人力资源管理方向）,2011商学院国际经济与贸易（二学位）,2011商学院工商管理（二学位),2011商学院工商管理类,2011商学院市场营销,2011商学院电子商务,2011商学院金融学,2011商学院财务管理,2011商学院会计学,2011商学院工商管理,2011商学院国际经济与贸易,2011商学院经济学,2011商学院经济学类,2011新闻传播学院广播电视新闻学,2011新闻传播学院广告学",0,仙林校区,2012-2013学年 第2学期,52760,乒乓球馆,,否,,,,,,0,体育（四）,,第3节-第4节,,000410D
16.0,400340,乒乓球初级5班,20122000410D52761,,3,,19,1-17周,0,臧育扬,1-17周 周四 第3节-第4节 ,1.0,体育部,否,,周四,2012-2013-2,,20122000410D52761,"2011新闻传播学院新闻学,2011商学院经济学（产业经济方向）,2011商学院金融工程,2011商学院保险学,2011商学院工商管理（人力资源管理方向）,2011商学院国际经济与贸易（二学位）,2011商学院工商管理（二学位),2011商学院工商管理类,2011商学院市场营销,2011商学院电子商务,2011商学院金融学,2011商学院财务管理,2011商学院会计学,2011商学院工商管理,2011商学院国际经济与贸易,2011商学院经济学,2011商学院经济学类,2011新闻传播学院广播电视新闻学,2011新闻传播学院广告学",0,仙林校区,2012-2013学年 第2学期,52761,乒乓球馆,,否,,,,,,0,体育（四）,,第3节-第4节,,000410D
16.0,400340,羽毛球初级5班,20122000410D52762,,3,,14,1-17周,0,问梅,1-17周 周四 第3节-第4节 ,1.0,体育部,否,,周四,2012-2013-2,,20122000410D52762,"2011新闻传播学院新闻学,2011商学院经济学（产业经济方向）,2011商学院金融工程,2011商学院保险学,2011商学院工商管理（人力资源管理方向）,2011商学院国际经济与贸易（二学位）,2011商学院工商管理（二学位),2011商学院工商管理类,2011商学院市场营销,2011商学院电子商务,2011商学院金融学,2011商学院财务管理,2011商学院会计学,2011商学院工商管理,2011商学院国际经济与贸易,2011商学院经济学,2011商学院经济学类,2011新闻传播学院广播电视新闻学,2011新闻传播学院广告学",0,仙林校区,2012-2013学年 第2学期,52762,羽毛球馆,,否,,,,,,0,体育（四）,,第3节-第4节,,000410D
16.0,400340,羽毛球初级5班,20122000410D52763,,3,,22,1-17周,0,问梅,1-17周 周四 第3节-第4节 ,1.0,体育部,否,,周四,2012-2013-2,,20122000410D52763,"2011新闻传播学院新闻学,2011商学院经济学（产业经济方向）,2011商学院金融工程,2011商学院保险学,2011商学院工商管理（人力资源管理方向）,2011商学院国际经济与贸易（二学位）,2011商学院工商管理（二学位),2011商学院工商管理类,2011商学院市场营销,2011商学院电子商务,2011商学院金融学,2011商学院财务管理,2011商学院会计学,2011商学院工商管理,2011商学院国际经济与贸易,2011商学院经济学,2011商学院经济学类,2011新闻传播学院广播电视新闻学,2011新闻传播学院广告学",0,仙林校区,2012-2013学年 第2学期,52763,羽毛球馆,,否,,,,,,0,体育（四）,,第3节-第4节,,000410D
16.0,400340,游泳初级5班,20122000410D52764,,3,,24,1-17周,0,李俊,1-17周 周四 第3节-第4节 ,1.0,体育部,否,,周四,2012-2013-2,,20122000410D52764,"2011新闻传播学院新闻学,2011商学院经济学（产业经济方向）,2011商学院金融工程,2011商学院保险学,2011商学院工商管理（人力资源管理方向）,2011商学院国际经济与贸易（二学位）,2011商学院工商管理（二学位),2011商学院工商管理类,2011商学院市场营销,2011商学院电子商务,2011商学院金融学,2011商学院财务管理,2011商学院会计学,2011商学院工商管理,2011商学院国际经济与贸易,2011商学院经济学,2011商学院经济学类,2011新闻传播学院广播电视新闻学,2011新闻传播学院广告学",0,仙林校区,2012-2013学年 第2学期,52764,足球场南,,否,,,,,,0,体育（四）,,第3节-第4节,,000410D
16.0,400340,游泳初级6班,20122000410D52765,,3,,24,1-17周,0,朱唯唯,1-17周 周四 第3节-第4节 ,1.0,体育部,否,,周四,2012-2013-2,,20122000410D52765,"2011新闻传播学院新闻学,2011商学院经济学（产业经济方向）,2011商学院金融工程,2011商学院保险学,2011商学院工商管理（人力资源管理方向）,2011商学院国际经济与贸易（二学位）,2011商学院工商管理（二学位),2011商学院工商管理类,2011商学院市场营销,2011商学院电子商务,2011商学院金融学,2011商学院财务管理,2011商学院会计学,2011商学院工商管理,2011商学院国际经济与贸易,2011商学院经济学,2011商学院经济学类,2011新闻传播学院广播电视新闻学,2011新闻传播学院广告学",0,仙林校区,2012-2013学年 第2学期,52765,游泳馆,,否,,,,,,0,体育（四）,,第3节-第4节,,000410D
16.0,400340,健身排舞5班,20122000410D52766,,3,,38,1-17周,0,唐苏丽,1-17周 周四 第3节-第4节 ,1.0,体育部,否,,周四,2012-2013-2,,20122000410D52766,"2011新闻传播学院新闻学,2011商学院经济学（产业经济方向）,2011商学院金融工程,2011商学院保险学,2011商学院工商管理（人力资源管理方向）,2011商学院国际经济与贸易（二学位）,2011商学院工商管理（二学位),2011商学院工商管理类,2011商学院市场营销,2011商学院电子商务,2011商学院金融学,2011商学院财务管理,2011商学院会计学,2011商学院工商管理,2011商学院国际经济与贸易,2011商学院经济学,2011商学院经济学类,2011新闻传播学院广播电视新闻学,2011新闻传播学院广告学",0,仙林校区,2012-2013学年 第2学期,52766,健美操馆,,否,,,,,,0,体育（四）,,第3节-第4节,,000410D
16.0,400340,交谊舞2班,20122000410D52767,,3,,8,1-17周,0,沈如玲,1-17周 周四 第3节-第4节 ,1.0,体育部,否,,周四,2012-2013-2,,20122000410D52767,"2011新闻传播学院新闻学,2011商学院经济学（产业经济方向）,2011商学院金融工程,2011商学院保险学,2011商学院工商管理（人力资源管理方向）,2011商学院国际经济与贸易（二学位）,2011商学院工商管理（二学位),2011商学院工商管理类,2011商学院市场营销,2011商学院电子商务,2011商学院金融学,2011商学院财务管理,2011商学院会计学,2011商学院工商管理,2011商学院国际经济与贸易,2011商学院经济学,2011商学院经济学类,2011新闻传播学院广播电视新闻学,2011新闻传播学院广告学",0,仙林校区,2012-2013学年 第2学期,52767,体质测试室,,否,,,,,,0,体育（四）,,第3节-第4节,,000410D
16.0,400340,交谊舞2班,20122000410D52768,,3,,19,1-17周,0,沈如玲,1-17周 周四 第3节-第4节 ,1.0,体育部,否,,周四,2012-2013-2,,20122000410D52768,"2011新闻传播学院新闻学,2011商学院经济学（产业经济方向）,2011商学院金融工程,2011商学院保险学,2011商学院工商管理（人力资源管理方向）,2011商学院国际经济与贸易（二学位）,2011商学院工商管理（二学位),2011商学院工商管理类,2011商学院市场营销,2011商学院电子商务,2011商学院金融学,2011商学院财务管理,2011商学院会计学,2011商学院工商管理,2011商学院国际经济与贸易,2011商学院经济学,2011商学院经济学类,2011新闻传播学院广播电视新闻学,2011新闻传播学院广告学",0,仙林校区,2012-2013学年 第2学期,52768,体质测试室,,否,,,,,,0,体育（四）,,第3节-第4节,,000410D
16.0,400340,网球5班,20122000410D52769,,3,,26,1-17周,0,鲍大卫,1-17周 周四 第3节-第4节 ,1.0,体育部,否,,周四,2012-2013-2,,20122000410D52769,"2011新闻传播学院新闻学,2011商学院经济学（产业经济方向）,2011商学院金融工程,2011商学院保险学,2011商学院工商管理（人力资源管理方向）,2011商学院国际经济与贸易（二学位）,2011商学院工商管理（二学位),2011商学院工商管理类,2011商学院市场营销,2011商学院电子商务,2011商学院金融学,2011商学院财务管理,2011商学院会计学,2011商学院工商管理,2011商学院国际经济与贸易,2011商学院经济学,2011商学院经济学类,2011新闻传播学院广播电视新闻学,2011新闻传播学院广告学",0,仙林校区,2012-2013学年 第2学期,52769,网球场,,否,,,,,,0,体育（四）,,第3节-第4节,,000410D
16.0,400340,毽球5班,20122000410D52770,,3,,33,1-17周,0,龚晖晖,1-17周 周四 第3节-第4节 ,1.0,体育部,否,,周四,2012-2013-2,,20122000410D52770,"2011新闻传播学院新闻学,2011商学院经济学（产业经济方向）,2011商学院金融工程,2011商学院保险学,2011商学院工商管理（人力资源管理方向）,2011商学院国际经济与贸易（二学位）,2011商学院工商管理（二学位),2011商学院工商管理类,2011商学院市场营销,2011商学院电子商务,2011商学院金融学,2011商学院财务管理,2011商学院会计学,2011商学院工商管理,2011商学院国际经济与贸易,2011商学院经济学,2011商学院经济学类,2011新闻传播学院广播电视新闻学,2011新闻传播学院广告学",0,仙林校区,2012-2013学年 第2学期,52770,健球场地,,否,,,,,,0,体育（四）,,第3节-第4节,,000410D
16.0,400340,太极剑2班,20122000410D52771,,3,,30,1-17周,0,燕明剑,1-17周 周四 第3节-第4节 ,1.0,体育部,否,,周四,2012-2013-2,,20122000410D52771,"2011新闻传播学院新闻学,2011商学院经济学（产业经济方向）,2011商学院金融工程,2011商学院保险学,2011商学院工商管理（人力资源管理方向）,2011商学院国际经济与贸易（二学位）,2011商学院工商管理（二学位),2011商学院工商管理类,2011商学院市场营销,2011商学院电子商务,2011商学院金融学,2011商学院财务管理,2011商学院会计学,2011商学院工商管理,2011商学院国际经济与贸易,2011商学院经济学,2011商学院经济学类,2011新闻传播学院广播电视新闻学,2011新闻传播学院广告学",0,仙林校区,2012-2013学年 第2学期,52771,武术馆,,否,,,,,,0,体育（四）,,第3节-第4节,,000410D
16.0,400340,跆拳道5班,20122000410D52772,,3,,32,1-17周,0,王慧,1-17周 周四 第3节-第4节 ,1.0,体育部,否,,周四,2012-2013-2,,20122000410D52772,"2011新闻传播学院新闻学,2011商学院经济学（产业经济方向）,2011商学院金融工程,2011商学院保险学,2011商学院工商管理（人力资源管理方向）,2011商学院国际经济与贸易（二学位）,2011商学院工商管理（二学位),2011商学院工商管理类,2011商学院市场营销,2011商学院电子商务,2011商学院金融学,2011商学院财务管理,2011商学院会计学,2011商学院工商管理,2011商学院国际经济与贸易,2011商学院经济学,2011商学院经济学类,2011新闻传播学院广播电视新闻学,2011新闻传播学院广告学",0,仙林校区,2012-2013学年 第2学期,52772,跆拳道馆,,否,,,,,,0,体育（四）,,第3节-第4节,,000410D
16.0,400340,篮球初级8班,20122000410D52773,,3,,38,1-17周,0,李勇,1-17周 周四 第5节-第6节 ,1.0,体育部,否,,周四,2012-2013-2,,20122000410D52773,"2011法学院法学类,2011环境学院环境科学（环规）,2011环境学院环境科学（环生）,2011环境学院环境科学（环化）,2011环境学院环境工程,2011环境学院环境科学与工程类,2011化学学院应用化学,2011化学学院化学,2011化学学院化学类,2011外国语学院朝鲜语,2011外国语学院西班牙语,2011外国语学院德语,2011外国语学院法语,2011外国语学院日语,2011外国语学院俄语,2011外国语学院英语,2011哲学学院哲学,2011法学院法学",0,仙林校区,2012-2013学年 第2学期,52773,篮球场1、2,,否,,,,,,0,体育（四）,,第5节-第6节,,000410D
16.0,400340,排球初级10班,20122000410D52774,,3,,34,1-17周,0,陈朝辉,1-17周 周四 第5节-第6节 ,1.0,体育部,否,,周四,2012-2013-2,,20122000410D52774,"2011法学院法学类,2011环境学院环境科学（环规）,2011环境学院环境科学（环生）,2011环境学院环境科学（环化）,2011环境学院环境工程,2011环境学院环境科学与工程类,2011化学学院应用化学,2011化学学院化学,2011化学学院化学类,2011外国语学院朝鲜语,2011外国语学院西班牙语,2011外国语学院德语,2011外国语学院法语,2011外国语学院日语,2011外国语学院俄语,2011外国语学院英语,2011哲学学院哲学,2011法学院法学",0,仙林校区,2012-2013学年 第2学期,52774,排球场3、4,,否,,,,,,0,体育（四）,,第5节-第6节,,000410D
16.0,400340,足球初级6班,20122000410D52775,,3,,25,1-17周,0,吴海乐,1-17周 周四 第5节-第6节 ,1.0,体育部,否,,周四,2012-2013-2,,20122000410D52775,"2011法学院法学类,2011环境学院环境科学（环规）,2011环境学院环境科学（环生）,2011环境学院环境科学（环化）,2011环境学院环境工程,2011环境学院环境科学与工程类,2011化学学院应用化学,2011化学学院化学,2011化学学院化学类,2011外国语学院朝鲜语,2011外国语学院西班牙语,2011外国语学院德语,2011外国语学院法语,2011外国语学院日语,2011外国语学院俄语,2011外国语学院英语,2011哲学学院哲学,2011法学院法学",0,仙林校区,2012-2013学年 第2学期,52775,足球场北,,否,,,,,,0,体育（四）,,第5节-第6节,,000410D
16.0,400340,足球提高4班,20122000410D52776,,3,,18,1-17周,0,李俊,1-17周 周四 第5节-第6节 ,1.0,体育部,否,,周四,2012-2013-2,,20122000410D52776,"2011法学院法学类,2011环境学院环境科学（环规）,2011环境学院环境科学（环生）,2011环境学院环境科学（环化）,2011环境学院环境工程,2011环境学院环境科学与工程类,2011化学学院应用化学,2011化学学院化学,2011化学学院化学类,2011外国语学院朝鲜语,2011外国语学院西班牙语,2011外国语学院德语,2011外国语学院法语,2011外国语学院日语,2011外国语学院俄语,2011外国语学院英语,2011哲学学院哲学,2011法学院法学",0,仙林校区,2012-2013学年 第2学期,52776,足球场南,,否,,,,,,0,体育（四）,,第5节-第6节,,000410D
16.0,400340,乒乓球提高6班,20122000410D52777,,3,,9,1-17周,0,张杰,1-17周 周四 第5节-第6节 ,1.0,体育部,否,,周四,2012-2013-2,,20122000410D52777,"2011法学院法学类,2011环境学院环境科学（环规）,2011环境学院环境科学（环生）,2011环境学院环境科学（环化）,2011环境学院环境工程,2011环境学院环境科学与工程类,2011化学学院应用化学,2011化学学院化学,2011化学学院化学类,2011外国语学院朝鲜语,2011外国语学院西班牙语,2011外国语学院德语,2011外国语学院法语,2011外国语学院日语,2011外国语学院俄语,2011外国语学院英语,2011哲学学院哲学,2011法学院法学",0,仙林校区,2012-2013学年 第2学期,52777,乒乓球馆,,否,,,,,,0,体育（四）,,第5节-第6节,,000410D
16.0,400340,乒乓球提高6班,20122000410D52778,,3,,18,1-17周,0,张杰,1-17周 周四 第5节-第6节 ,1.0,体育部,否,,周四,2012-2013-2,,20122000410D52778,"2011法学院法学类,2011环境学院环境科学（环规）,2011环境学院环境科学（环生）,2011环境学院环境科学（环化）,2011环境学院环境工程,2011环境学院环境科学与工程类,2011化学学院应用化学,2011化学学院化学,2011化学学院化学类,2011外国语学院朝鲜语,2011外国语学院西班牙语,2011外国语学院德语,2011外国语学院法语,2011外国语学院日语,2011外国语学院俄语,2011外国语学院英语,2011哲学学院哲学,2011法学院法学",0,仙林校区,2012-2013学年 第2学期,52778,乒乓球馆,,否,,,,,,0,体育（四）,,第5节-第6节,,000410D
16.0,400340,羽毛球提高6班,20122000410D52779,,3,,14,1-17周,0,邵力平,1-17周 周四 第5节-第6节 ,1.0,体育部,否,,周四,2012-2013-2,,20122000410D52779,"2011法学院法学类,2011环境学院环境科学（环规）,2011环境学院环境科学（环生）,2011环境学院环境科学（环化）,2011环境学院环境工程,2011环境学院环境科学与工程类,2011化学学院应用化学,2011化学学院化学,2011化学学院化学类,2011外国语学院朝鲜语,2011外国语学院西班牙语,2011外国语学院德语,2011外国语学院法语,2011外国语学院日语,2011外国语学院俄语,2011外国语学院英语,2011哲学学院哲学,2011法学院法学",0,仙林校区,2012-2013学年 第2学期,52779,羽毛球馆,,否,,,,,,0,体育（四）,,第5节-第6节,,000410D
16.0,400340,羽毛球提高6班,20122000410D52780,,3,,17,1-17周,0,邵力平,1-17周 周四 第5节-第6节 ,1.0,体育部,否,,周四,2012-2013-2,,20122000410D52780,"2011法学院法学类,2011环境学院环境科学（环规）,2011环境学院环境科学（环生）,2011环境学院环境科学（环化）,2011环境学院环境工程,2011环境学院环境科学与工程类,2011化学学院应用化学,2011化学学院化学,2011化学学院化学类,2011外国语学院朝鲜语,2011外国语学院西班牙语,2011外国语学院德语,2011外国语学院法语,2011外国语学院日语,2011外国语学院俄语,2011外国语学院英语,2011哲学学院哲学,2011法学院法学",0,仙林校区,2012-2013学年 第2学期,52780,羽毛球馆,,否,,,,,,0,体育（四）,,第5节-第6节,,000410D
16.0,400340,健美6班,20122000410D52781,,3,,34,1-17周,0,王成,1-17周 周四 第5节-第6节 ,1.0,体育部,否,,周四,2012-2013-2,,20122000410D52781,"2011法学院法学类,2011环境学院环境科学（环规）,2011环境学院环境科学（环生）,2011环境学院环境科学（环化）,2011环境学院环境工程,2011环境学院环境科学与工程类,2011化学学院应用化学,2011化学学院化学,2011化学学院化学类,2011外国语学院朝鲜语,2011外国语学院西班牙语,2011外国语学院德语,2011外国语学院法语,2011外国语学院日语,2011外国语学院俄语,2011外国语学院英语,2011哲学学院哲学,2011法学院法学",0,仙林校区,2012-2013学年 第2学期,52781,健美馆,,否,,,,,,0,体育（四）,,第5节-第6节,,000410D
16.0,400340,太极拳6班,20122000410D52782,,3,,13,1-17周,0,谢坚,1-17周 周四 第5节-第6节 ,1.0,体育部,否,,周四,2012-2013-2,,20122000410D52782,"2011法学院法学类,2011环境学院环境科学（环规）,2011环境学院环境科学（环生）,2011环境学院环境科学（环化）,2011环境学院环境工程,2011环境学院环境科学与工程类,2011化学学院应用化学,2011化学学院化学,2011化学学院化学类,2011外国语学院朝鲜语,2011外国语学院西班牙语,2011外国语学院德语,2011外国语学院法语,2011外国语学院日语,2011外国语学院俄语,2011外国语学院英语,2011哲学学院哲学,2011法学院法学",0,仙林校区,2012-2013学年 第2学期,52782,武术馆,,否,,,,,,0,体育（四）,,第5节-第6节,,000410D
16.0,400340,太极拳6班,20122000410D52783,,3,,25,1-17周,0,谢坚,1-17周 周四 第5节-第6节 ,1.0,体育部,否,,周四,2012-2013-2,,20122000410D52783,"2011法学院法学类,2011环境学院环境科学（环规）,2011环境学院环境科学（环生）,2011环境学院环境科学（环化）,2011环境学院环境工程,2011环境学院环境科学与工程类,2011化学学院应用化学,2011化学学院化学,2011化学学院化学类,2011外国语学院朝鲜语,2011外国语学院西班牙语,2011外国语学院德语,2011外国语学院法语,2011外国语学院日语,2011外国语学院俄语,2011外国语学院英语,2011哲学学院哲学,2011法学院法学",0,仙林校区,2012-2013学年 第2学期,52783,武术馆,,否,,,,,,0,体育（四）,,第5节-第6节,,000410D
16.0,400340,篮球初级9班,20122000410D52784,,3,,20,1-17周,0,巩绪伟,1-17周 周四 第5节-第6节 ,1.0,体育部,否,,周四,2012-2013-2,,20122000410D52784,"2011法学院法学类,2011环境学院环境科学（环规）,2011环境学院环境科学（环生）,2011环境学院环境科学（环化）,2011环境学院环境工程,2011环境学院环境科学与工程类,2011化学学院应用化学,2011化学学院化学,2011化学学院化学类,2011外国语学院朝鲜语,2011外国语学院西班牙语,2011外国语学院德语,2011外国语学院法语,2011外国语学院日语,2011外国语学院俄语,2011外国语学院英语,2011哲学学院哲学,2011法学院法学",0,仙林校区,2012-2013学年 第2学期,52784,篮球场5、6,,否,,,,,,0,体育（四）,,第5节-第6节,,000410D
16.0,400340,排球初级11班,20122000410D52785,,3,,46,1-17周,0,宋杨,1-17周 周四 第5节-第6节 ,1.0,体育部,否,,周四,2012-2013-2,,20122000410D52785,"2011法学院法学类,2011环境学院环境科学（环规）,2011环境学院环境科学（环生）,2011环境学院环境科学（环化）,2011环境学院环境工程,2011环境学院环境科学与工程类,2011化学学院应用化学,2011化学学院化学,2011化学学院化学类,2011外国语学院朝鲜语,2011外国语学院西班牙语,2011外国语学院德语,2011外国语学院法语,2011外国语学院日语,2011外国语学院俄语,2011外国语学院英语,2011哲学学院哲学,2011法学院法学",0,仙林校区,2012-2013学年 第2学期,52785,排球场1、2,,否,,,,,,0,体育（四）,,第5节-第6节,,000410D
16.0,400340,乒乓球初级6班,20122000410D52786,,3,,11,1-17周,0,臧育扬,1-17周 周四 第5节-第6节 ,1.0,体育部,否,,周四,2012-2013-2,,20122000410D52786,"2011法学院法学类,2011环境学院环境科学（环规）,2011环境学院环境科学（环生）,2011环境学院环境科学（环化）,2011环境学院环境工程,2011环境学院环境科学与工程类,2011化学学院应用化学,2011化学学院化学,2011化学学院化学类,2011外国语学院朝鲜语,2011外国语学院西班牙语,2011外国语学院德语,2011外国语学院法语,2011外国语学院日语,2011外国语学院俄语,2011外国语学院英语,2011哲学学院哲学,2011法学院法学",0,仙林校区,2012-2013学年 第2学期,52786,乒乓球馆,,否,,,,,,0,体育（四）,,第5节-第6节,,000410D
16.0,400340,乒乓球初级6班,20122000410D52787,,3,,14,1-17周,0,臧育扬,1-17周 周四 第5节-第6节 ,1.0,体育部,否,,周四,2012-2013-2,,20122000410D52787,"2011法学院法学类,2011环境学院环境科学（环规）,2011环境学院环境科学（环生）,2011环境学院环境科学（环化）,2011环境学院环境工程,2011环境学院环境科学与工程类,2011化学学院应用化学,2011化学学院化学,2011化学学院化学类,2011外国语学院朝鲜语,2011外国语学院西班牙语,2011外国语学院德语,2011外国语学院法语,2011外国语学院日语,2011外国语学院俄语,2011外国语学院英语,2011哲学学院哲学,2011法学院法学",0,仙林校区,2012-2013学年 第2学期,52787,乒乓球馆,,否,,,,,,0,体育（四）,,第5节-第6节,,000410D
16.0,400340,羽毛球初级6班,20122000410D52788,,3,,16,1-17周,0,问梅,1-17周 周四 第5节-第6节 ,1.0,体育部,否,,周四,2012-2013-2,,20122000410D52788,"2011法学院法学类,2011环境学院环境科学（环规）,2011环境学院环境科学（环生）,2011环境学院环境科学（环化）,2011环境学院环境工程,2011环境学院环境科学与工程类,2011化学学院应用化学,2011化学学院化学,2011化学学院化学类,2011外国语学院朝鲜语,2011外国语学院西班牙语,2011外国语学院德语,2011外国语学院法语,2011外国语学院日语,2011外国语学院俄语,2011外国语学院英语,2011哲学学院哲学,2011法学院法学",0,仙林校区,2012-2013学年 第2学期,52788,羽毛球馆,,否,,,,,,0,体育（四）,,第5节-第6节,,000410D
16.0,400340,羽毛球初级6班,20122000410D52789,,3,,22,1-17周,0,问梅,1-17周 周四 第5节-第6节 ,1.0,体育部,否,,周四,2012-2013-2,,20122000410D52789,"2011法学院法学类,2011环境学院环境科学（环规）,2011环境学院环境科学（环生）,2011环境学院环境科学（环化）,2011环境学院环境工程,2011环境学院环境科学与工程类,2011化学学院应用化学,2011化学学院化学,2011化学学院化学类,2011外国语学院朝鲜语,2011外国语学院西班牙语,2011外国语学院德语,2011外国语学院法语,2011外国语学院日语,2011外国语学院俄语,2011外国语学院英语,2011哲学学院哲学,2011法学院法学",0,仙林校区,2012-2013学年 第2学期,52789,羽毛球馆,,否,,,,,,0,体育（四）,,第5节-第6节,,000410D
16.0,400340,健身排舞6班,20122000410D52790,,3,,44,1-17周,0,唐苏丽,1-17周 周四 第5节-第6节 ,1.0,体育部,否,,周四,2012-2013-2,,20122000410D52790,"2011法学院法学类,2011环境学院环境科学（环规）,2011环境学院环境科学（环生）,2011环境学院环境科学（环化）,2011环境学院环境工程,2011环境学院环境科学与工程类,2011化学学院应用化学,2011化学学院化学,2011化学学院化学类,2011外国语学院朝鲜语,2011外国语学院西班牙语,2011外国语学院德语,2011外国语学院法语,2011外国语学院日语,2011外国语学院俄语,2011外国语学院英语,2011哲学学院哲学,2011法学院法学",0,仙林校区,2012-2013学年 第2学期,52790,健美操馆,,否,,,,,,0,体育（四）,,第5节-第6节,,000410D
16.0,400340,交谊舞3班,20122000410D52791,,3,,15,1-17周,0,沈如玲,1-17周 周四 第5节-第6节 ,1.0,体育部,否,,周四,2012-2013-2,,20122000410D52791,"2011法学院法学类,2011环境学院环境科学（环规）,2011环境学院环境科学（环生）,2011环境学院环境科学（环化）,2011环境学院环境工程,2011环境学院环境科学与工程类,2011化学学院应用化学,2011化学学院化学,2011化学学院化学类,2011外国语学院朝鲜语,2011外国语学院西班牙语,2011外国语学院德语,2011外国语学院法语,2011外国语学院日语,2011外国语学院俄语,2011外国语学院英语,2011哲学学院哲学,2011法学院法学",0,仙林校区,2012-2013学年 第2学期,52791,体质测试室,,否,,,,,,0,体育（四）,,第5节-第6节,,000410D
16.0,400340,交谊舞3班,20122000410D52792,,3,,20,1-17周,0,沈如玲,1-17周 周四 第5节-第6节 ,1.0,体育部,否,,周四,2012-2013-2,,20122000410D52792,"2011法学院法学类,2011环境学院环境科学（环规）,2011环境学院环境科学（环生）,2011环境学院环境科学（环化）,2011环境学院环境工程,2011环境学院环境科学与工程类,2011化学学院应用化学,2011化学学院化学,2011化学学院化学类,2011外国语学院朝鲜语,2011外国语学院西班牙语,2011外国语学院德语,2011外国语学院法语,2011外国语学院日语,2011外国语学院俄语,2011外国语学院英语,2011哲学学院哲学,2011法学院法学",0,仙林校区,2012-2013学年 第2学期,52792,体质测试室,,否,,,,,,0,体育（四）,,第5节-第6节,,000410D
16.0,400340,毽球6班,20122000410D52793,,3,,31,1-17周,0,龚晖晖,1-17周 周四 第5节-第6节 ,1.0,体育部,否,,周四,2012-2013-2,,20122000410D52793,"2011法学院法学类,2011环境学院环境科学（环规）,2011环境学院环境科学（环生）,2011环境学院环境科学（环化）,2011环境学院环境工程,2011环境学院环境科学与工程类,2011化学学院应用化学,2011化学学院化学,2011化学学院化学类,2011外国语学院朝鲜语,2011外国语学院西班牙语,2011外国语学院德语,2011外国语学院法语,2011外国语学院日语,2011外国语学院俄语,2011外国语学院英语,2011哲学学院哲学,2011法学院法学",0,仙林校区,2012-2013学年 第2学期,52793,健球场地,,否,,,,,,0,体育（四）,,第5节-第6节,,000410D
16.0,400340,太极剑3班,20122000410D52794,,3,,32,1-17周,0,燕明剑,1-17周 周四 第5节-第6节 ,1.0,体育部,否,,周四,2012-2013-2,,20122000410D52794,"2011法学院法学类,2011环境学院环境科学（环规）,2011环境学院环境科学（环生）,2011环境学院环境科学（环化）,2011环境学院环境工程,2011环境学院环境科学与工程类,2011化学学院应用化学,2011化学学院化学,2011化学学院化学类,2011外国语学院朝鲜语,2011外国语学院西班牙语,2011外国语学院德语,2011外国语学院法语,2011外国语学院日语,2011外国语学院俄语,2011外国语学院英语,2011哲学学院哲学,2011法学院法学",0,仙林校区,2012-2013学年 第2学期,52794,武术馆,,否,,,,,,0,体育（四）,,第5节-第6节,,000410D
16.0,400340,网球6班,20122000410D52804,,3,,31,1-17周,0,鲍大卫,1-17周 周四 第5节-第6节 ,1.0,体育部,否,,周四,2012-2013-2,,20122000410D52804,"2011法学院法学类,2011环境学院环境科学（环规）,2011环境学院环境科学（环生）,2011环境学院环境科学（环化）,2011环境学院环境工程,2011环境学院环境科学与工程类,2011化学学院应用化学,2011化学学院化学,2011化学学院化学类,2011外国语学院朝鲜语,2011外国语学院西班牙语,2011外国语学院德语,2011外国语学院法语,2011外国语学院日语,2011外国语学院俄语,2011外国语学院英语,2011哲学学院哲学,2011法学院法学",0,仙林校区,2012-2013学年 第2学期,52804,网球场,,否,,,,,,0,体育（四）,,第5节-第6节,,000410D
32.0,100110,军事理论与军事高科技(20122-000510-1),2012200051052277,,3,,257,1-17周,0,人武部教师,1-17周 周一 第7节-第8节 环科楼B-111,2.0,人民武装部,否,,周一,2012-2013-2,,2012200051052277,"2012文学院汉语言文学,2012工程管理学院信息工程,2012工程管理学院金融工程,2012工程管理学院工业工程,2012工程管理学院自动化,2012文学院戏剧影视文学,2012文学院汉语言文学(作家班)",0,仙林校区,2012-2013学年 第2学期,52277,环科楼B-111,,否,,,,,,0,军事理论与军事高科技,111,第7节-第8节,环科楼,000510
32.0,100110,军事理论与军事高科技(20122-000510-2),2012200051052278,,3,,290,1-17周,0,人武部教师,1-17周 周一 第9节-第10节 环科楼B-111,2.0,人民武装部,否,,周一,2012-2013-2,,2012200051052278,"2012哲学学院哲学,2012医学院口腔医学,2012医学院临床医学,2012天文与空间科学学院空间科学与技术,2012天文与空间科学学院天文学,2012环境学院环境科学（环规）,2012环境学院环境科学（环生）,2012环境学院环境科学（环化）,2012环境学院环境工程,2012环境学院环境科学与工程类",0,仙林校区,2012-2013学年 第2学期,52278,环科楼B-111,,否,,,,,,0,军事理论与军事高科技,111,第9节-第10节,环科楼,000510
32.0,100110,军事理论与军事高科技(20122-000510-3),2012200051052279,,3,,277,1-17周,0,人武部教师,1-17周 周二 第7节-第8节 环科楼B-111,2.0,人民武装部,否,,周二,2012-2013-2,,2012200051052279,"2012信息管理学院文科类,2012电子科学与工程学院微电子学,2012电子科学与工程学院生物医学工程,2012电子科学与工程学院通信工程,2012电子科学与工程学院电子信息科学与技术,2012信息管理学院编辑出版学,2012信息管理学院档案学,2012信息管理学院信息管理与信息系统",0,仙林校区,2012-2013学年 第2学期,52279,环科楼B-111,,否,,,,,,0,军事理论与军事高科技,111,第7节-第8节,环科楼,000510
32.0,100110,军事理论与军事高科技(20122-000510-4),2012200051052280,,3,,267,1-17周,0,人武部教师,1-17周 周二 第9节-第10节 环科楼B-111,2.0,人民武装部,否,,周二,2012-2013-2,,2012200051052280,"2012社会学院社会学,2012海外教育学院汉语言,2012海外教育学院海外教育类,2012外国语学院朝鲜语,2012外国语学院英语(国际商务方向),2012外国语学院西班牙语,2012外国语学院德语,2012外国语学院法语,2012外国语学院日语,2012外国语学院俄语,2012外国语学院英语,2012社会学院应用心理学,2012社会学院社会工作",0,仙林校区,2012-2013学年 第2学期,52280,环科楼B-111,,否,,,,,,0,军事理论与军事高科技,111,第9节-第10节,环科楼,000510
32.0,100110,军事理论与军事高科技(20122-000510-5),2012200051052281,,3,,247,1-17周,0,人武部教师,1-17周 周三 第1节-第2节 环科楼B-111,2.0,人民武装部,否,,周三,2012-2013-2,,2012200051052281,"2012地球科学与工程学院地质学类,2012建筑与城市规划学院城市规划,2012建筑与城市规划学院建筑学,2012大气科学学院应用气象学,2012大气科学学院大气科学,2012大气科学学院大气科学类,2012地球科学与工程学院地质学（地球物理学方向）,2012地球科学与工程学院地下水科学与工程,2012地球科学与工程学院水文与水资源工程,2012地球科学与工程学院地质工程,2012地球科学与工程学院地球化学,2012地球科学与工程学院地质学",0,仙林校区,2012-2013学年 第2学期,52281,环科楼B-111,,否,,,,,,0,军事理论与军事高科技,111,第1节-第2节,环科楼,000510
32.0,100110,军事理论与军事高科技(20122-000510-6),2012200051052283,,3,,141,1-17周,0,人武部教师,1-17周 周三 第3节-第4节 环科楼B-111,2.0,人民武装部,否,,周三,2012-2013-2,,2012200051052283,"2012新闻传播学院新闻学,2012新闻传播学院新闻学（运动员班）,2012新闻传播学院新闻学（记者班）,2012新闻传播学院广播电视新闻学,2012新闻传播学院广告学",0,仙林校区,2012-2013学年 第2学期,52283,环科楼B-111,,否,,,,,,0,军事理论与军事高科技,111,第3节-第4节,环科楼,000510
32.0,100110,军事理论与军事高科技(20122-000510-7),2012200051052284,,3,,282,1-17周,0,人武部教师,1-17周 周三 第7节-第8节 环科楼B-111,2.0,人民武装部,否,,周三,2012-2013-2,,2012200051052284,"2012软件学院软件学类,2012软件学院软件工程",0,仙林校区,2012-2013学年 第2学期,52284,环科楼B-111,,否,,,,,,0,军事理论与军事高科技,111,第7节-第8节,环科楼,000510
32.0,100110,军事理论与军事高科技(20122-000510-8),2012200051052285,,3,,269,1-17周,0,人武部教师,1-17周 周三 第9节-第10节 环科楼B-111,2.0,人民武装部,否,,周三,2012-2013-2,,2012200051052285,"2012数学学院数学类,2012现代工程与应用科学学院材料化学,2012现代工程与应用科学学院材料物理,2012数学学院应用模块,2012数学学院统计学,2012数学学院信息与计算科学,2012数学学院数学与应用数学",0,仙林校区,2012-2013学年 第2学期,52285,环科楼B-111,,否,,,,,,0,军事理论与军事高科技,111,第9节-第10节,环科楼,000510
32.0,100110,军事理论与军事高科技(20122-000510-9),2012200051052286,,3,,235,1-17周,0,人武部教师,1-17周 周四 第5节-第6节 环科楼B-111,2.0,人民武装部,否,,周四,2012-2013-2,,2012200051052286,"2012化学学院化学类,2012化学学院化学(基地),2012化学学院应用化学,2012化学学院化学",0,仙林校区,2012-2013学年 第2学期,52286,环科楼B-111,,否,,,,,,0,军事理论与军事高科技,111,第5节-第6节,环科楼,000510
32.0,100110,军事理论与军事高科技(20122-000510-10),2012200051052287,,3,,268,1-17周,0,人武部教师,1-17周 周四 第7节-第8节 环科楼B-111,2.0,人民武装部,否,,周四,2012-2013-2,,2012200051052287,"2012生命科学学院生物科学类,2012匡亚明学院应用文科强化班",0,仙林校区,2012-2013学年 第2学期,52287,环科楼B-111,,否,,,,,,0,军事理论与军事高科技,111,第7节-第8节,环科楼,000510
32.0,100110,军事理论与军事高科技(20122-000510-11),2012200051052288,,3,,277,1-17周,0,人武部教师,1-17周 周四 第9节-第10节 环科楼B-111,2.0,人民武装部,否,,周四,2012-2013-2,,2012200051052288,"2012政府管理学院公共管理类,2012地理与海洋科学学院海洋科学,2012地理与海洋科学学院旅游管理,2012地理与海洋科学学院地理科学,2012地理与海洋科学学院地理信息系统,2012地理与海洋科学学院资源环境与城乡规划管理,2012地理与海洋科学学院地理科学类,2012政府管理学院行政管理（劳动与社会保障）,2012政府管理学院国际政治,2012政府管理学院行政管理,2012政府管理学院政治学与行政学",0,仙林校区,2012-2013学年 第2学期,52288,环科楼B-111,,否,,,,,,0,军事理论与军事高科技,111,第9节-第10节,环科楼,000510
32.0,100110,军事理论与军事高科技(20122-000510-12),2012200051052289,,3,,268,1-17周,0,人武部教师,1-17周 周五 第1节-第2节 环科楼B-111,2.0,人民武装部,否,,周五,2012-2013-2,,2012200051052289,2012商学院经济学类,0,仙林校区,2012-2013学年 第2学期,52289,环科楼B-111,,否,,,,,,0,军事理论与军事高科技,111,第1节-第2节,环科楼,000510
32.0,100110,军事理论与军事高科技(20122-000510-13),2012200051052310,,3,,277,1-17周,0,人武部教师,1-17周 周五 第3节-第4节 环科楼B-111,2.0,人民武装部,否,,周五,2012-2013-2,,2012200051052310,"2012历史学院历史学类,2012商学院工商管理类,2012历史学院考古学（文物鉴定方向）,2012历史学院考古学,2012历史学院历史学",0,仙林校区,2012-2013学年 第2学期,52310,环科楼B-111,,否,,,,,,0,军事理论与军事高科技,111,第3节-第4节,环科楼,000510
32.0,100110,军事理论与军事高科技(20122-000510-14),2012200051052313,,3,,249,1-17周,0,人武部教师,1-17周 周五 第5节-第6节 环科楼B-111,2.0,人民武装部,否,,周五,2012-2013-2,,2012200051052313,2012法学院法学类,0,仙林校区,2012-2013学年 第2学期,52313,环科楼B-111,,否,,,,,,0,军事理论与军事高科技,111,第5节-第6节,环科楼,000510
32.0,400010,大学语文(20122-000610-2),2012200061052720,,3,,149,1-17周,0,李章斌,1-17周 周四 第7节-第8节 逸B-101,2.0,文学院,否,,周四,2012-2013-2,,2012200061052720,2012化学学院化学类,0,仙林校区,2012-2013学年 第2学期,52720,逸B-101,,否,,,,,,0,大学语文,16,第7节-第8节,逸夫楼B区,000610
32.0,400010,大学语文(20122-000610-3),2012200061052721,,3,,96,1-17周,0,闵丰,1-17周 周四 第7节-第8节 仙Ⅰ-103,2.0,文学院,否,,周四,2012-2013-2,,2012200061052721,"2012外国语学院英语,2012外国语学院日语,2012外国语学院俄语",0,仙林校区,2012-2013学年 第2学期,52721,仙Ⅰ-103,,否,,,,,,0,大学语文,11,第7节-第8节,仙I区,000610
32.0,400010,大学语文(20122-000610-4),2012200061052722,,3,,81,1-17周,0,张云召,1-17周 周四 第7节-第8节 仙Ⅰ-104,2.0,文学院,否,,周四,2012-2013-2,,2012200061052722,"2012外国语学院法语,2012外国语学院朝鲜语,2012外国语学院西班牙语,2012外国语学院德语",0,仙林校区,2012-2013学年 第2学期,52722,仙Ⅰ-104,,否,,,,,,0,大学语文,11,第7节-第8节,仙I区,000610
32.0,400010,大学语文(20122-000610-5),2012200061052723,,3,,144,1-17周,0,"薛慧,杨鹏鑫",1-17周 周二 第3节-第4节 仙Ⅱ-405,2.0,文学院,否,,周二,2012-2013-2,,2012200061052723,2012新闻传播学院新闻学（运动员班）,0,仙林校区,2012-2013学年 第2学期,52723,仙Ⅱ-405,,否,,,,,,0,大学语文,12,第3节-第4节,仙II区,000610
32.0,000000,21世纪的工业工程(20122-002010-1),2012200201052999,,3,,25,2-9周,0,周跃进,2-9周 周二 第9节-第11节 仙Ⅰ-209,2.0,公共课程,否,,周二,2012-2013-2,,2012200201052999,,0,仙林校区,2012-2013学年 第2学期,52999,仙Ⅰ-209,,否,,,,,,0,21世纪的工业工程,11,第9节-第11节,仙I区,002010
32.0,000000,半导体光电子材料与器件(20122-002020-1),2012200202052992,,3,,24,"3-13周,15周",0,"顾书林,徐骏,陆海,陈鹏,陈敦军","3-13周,15周 周一 第7节-第8节 仙Ⅰ-209",2.0,公共课程,否,,周一,2012-2013-2,,2012200202052992,,0,仙林校区,2012-2013学年 第2学期,52992,仙Ⅰ-209,,否,,,,,,0,半导体光电子材料与器件,11,第7节-第8节,仙I区,002020
32.0,000000,建筑漫谈(20122-002040-1),2012200204053016,,3,,30,2-13周,0,赵辰,2-13周 周三 第9节-第10节 仙Ⅰ-209,2.0,公共课程,否,,周三,2012-2013-2,,2012200204053016,,0,仙林校区,2012-2013学年 第2学期,53016,仙Ⅰ-209,,否,,,,,,0,建筑漫谈,11,第9节-第10节,仙I区,002040
32.0,000000,变化环境下水文水资源研讨(20122-002050-1),2012200205052985,,3,,20,2-9周,0,许有鹏,2-9周 周一 第9节-第11节 仙Ⅰ-210,2.0,公共课程,否,,周一,2012-2013-2,,2012200205052985,,0,仙林校区,2012-2013学年 第2学期,52985,仙Ⅰ-210,,否,,,,,,0,变化环境下水文水资源研讨,11,第9节-第11节,仙I区,002050
32.0,000000,走进动力系统(20122-002060-1),2012200206053028,,3,,29,5-12周,0,尤建功,5-12周 周五 第9节-第11节 仙Ⅰ-209,2.0,公共课程,否,,周五,2012-2013-2,,2012200206053028,,0,仙林校区,2012-2013学年 第2学期,53028,仙Ⅰ-209,,否,,,,,,0,走进动力系统,11,第9节-第11节,仙I区,002060
32.0,000000,多学科交叉的环境科学研究(20122-002070-1),2012200207053009,,3,,29,4-11周,0,"毕军,黄蕾",4-11周 周三 第9节-第11节 环科楼B-107,2.0,公共课程,否,,周三,2012-2013-2,,2012200207053009,,0,仙林校区,2012-2013学年 第2学期,53009,环科楼B-107,,否,,,,,,0,多学科交叉的环境科学研究,111,第9节-第11节,环科楼,002070
32.0,000000,古代文学名著研讨(20122-002100-1),2012200210053034,,3,,0,2-13周,0,程章灿,2-13周 周二 第5节-第6节 仙Ⅰ-209,2.0,公共课程,否,,周二,2012-2013-2,,2012200210053034,,0,仙林校区,2012-2013学年 第2学期,53034,仙Ⅰ-209,,否,,,,,,0,古代文学名著研讨,11,第5节-第6节,仙I区,002100
32.0,000000,中国对外贸易问题探讨(20122-002110-1),2012200211053020,,3,,20,2-9周,0,"李剑,于津平",2-9周 周五 第9节-第11节 仙Ⅰ-210,2.0,公共课程,否,,周五,2012-2013-2,,2012200211053020,,0,仙林校区,2012-2013学年 第2学期,53020,仙Ⅰ-210,,否,,,,,,0,中国对外贸易问题探讨,11,第9节-第11节,仙I区,002110
32.0,000000,走进经济全球化：当前国际经济热点问题研讨(20122-002160-1),2012200216053021,,3,,20,2-9周,0,黄繁华,2-9周 周二 第9节-第11节 仙Ⅰ-210,2.0,公共课程,否,,周二,2012-2013-2,,2012200216053021,,0,仙林校区,2012-2013学年 第2学期,53021,仙Ⅰ-210,,否,,,,,,0,走进经济全球化：当前国际经济热点问题研讨,11,第9节-第11节,仙I区,002160
32.0,000000,全球变化与气候(20122-002230-1),2012200223052982,,3,,30,2-9周,0,任雪娟,2-9周 周五 第9节-第11节 仙Ⅰ-211,2.0,公共课程,否,,周五,2012-2013-2,,2012200223052982,,0,仙林校区,2012-2013学年 第2学期,52982,仙Ⅰ-211,,否,,,,,,0,全球变化与气候,11,第9节-第11节,仙I区,002230
32.0,000000,区域土地利用/覆被变化与人类未来发展(20122-002240-1),2012200224052986,,3,,20,4-15周,0,黄贤金,4-15周 周一 第7节-第8节 仙Ⅰ-211,2.0,公共课程,否,,周一,2012-2013-2,,2012200224052986,,0,仙林校区,2012-2013学年 第2学期,52986,仙Ⅰ-211,,否,,,,,,0,区域土地利用/覆被变化与人类未来发展,11,第7节-第8节,仙I区,002240
32.0,000000,全球化与中国旅游业——旅游学研讨(20122-002250-1),2012200225052987,,3,,47,2-13周,0,"张捷,章锦河,刘泽华,钟士恩",2-13周 周五 第7节-第8节 逸C-405,2.0,公共课程,否,,周五,2012-2013-2,,2012200225052987,,0,仙林校区,2012-2013学年 第2学期,52987,逸C-405,,否,,,,,,0,全球化与中国旅游业——旅游学研讨,17,第7节-第8节,逸夫楼C区,002250
32.0,000000,地下探宝—资源形成与分布导引(20122-002260-1),2012200226052991,,3,,30,2-13周,0,胡文瑄,2-13周 周一 第7节-第8节 仙Ⅰ-315,2.0,公共课程,否,,周一,2012-2013-2,,2012200226052991,,0,仙林校区,2012-2013学年 第2学期,52991,仙Ⅰ-315,,否,,,,,,0,地下探宝—资源形成与分布导引,11,第7节-第8节,仙I区,002260
32.0,000000,身体.性别.身份：西方性别政治200年(20122-002290-1),2012200229053032,,3,,25,2-10周,0,朱刚,2-10周 周一 第9节-第11节 仙Ⅰ-316,2.0,公共课程,否,,周一,2012-2013-2,,2012200229053032,,0,仙林校区,2012-2013学年 第2学期,53032,仙Ⅰ-316,,否,,,,,,0,身体.性别.身份：西方性别政治200年,11,第9节-第11节,仙I区,002290
32.0,000000,神奇的免疫识别(20122-002300-1),2012200230053059,,3,,21,2-9周,0,侯亚义,2-9周 周五 第9节-第11节 仙Ⅰ-315,2.0,公共课程,否,,周五,2012-2013-2,,2012200230053059,,0,仙林校区,2012-2013学年 第2学期,53059,仙Ⅰ-315,,否,,,,,,0,神奇的免疫识别,11,第9节-第11节,仙I区,002300
32.0,000000,水与废水处理新技术(20122-002340-1),2012200234053010,,3,,28,2-13周,0,"任洪强,耿金菊",2-13周 周一 第9节-第10节 仙Ⅰ-318,2.0,公共课程,否,,周一,2012-2013-2,,2012200234053010,,0,仙林校区,2012-2013学年 第2学期,53010,仙Ⅰ-318,,否,,,,,,0,水与废水处理新技术,11,第9节-第10节,仙I区,002340
32.0,000000,土地资源、资产与地理学(20122-002360-1),2012200236052988,,3,,30,2-9周,0,周寅康,2-9周 周一 第9节-第11节 仙Ⅰ-322,2.0,公共课程,否,,周一,2012-2013-2,,2012200236052988,,0,仙林校区,2012-2013学年 第2学期,52988,仙Ⅰ-322,,否,,,,,,0,土地资源、资产与地理学,11,第9节-第11节,仙I区,002360
32.0,000000,如何筛选网络信息——信息计量学视角(20122-002380-1),2012200238053049,,3,,30,2-9周,0,孙建军,2-9周 周二 第9节-第11节 仙Ⅰ-211,2.0,公共课程,否,,周二,2012-2013-2,,2012200238053049,,0,仙林校区,2012-2013学年 第2学期,53049,仙Ⅰ-211,,否,,,,,,0,如何筛选网络信息——信息计量学视角,11,第9节-第11节,仙I区,002380
32.0,000000,五律协同与科学发展(20122-002390-1),2012200239053011,,3,,30,"2-8周,10-14周",0,"柏益尧,左玉辉,孙平,华新","2-8周,10-14周 周二 第7节-第8节 仙Ⅰ-210",2.0,公共课程,否,,周二,2012-2013-2,,2012200239053011,,0,仙林校区,2012-2013学年 第2学期,53011,仙Ⅰ-210,,否,,,,,,0,五律协同与科学发展,11,第7节-第8节,仙I区,002390
32.0,000000,现代文学与现代思想(20122-002410-1),2012200241053035,,3,,25,2-9周,0,马俊山,2-9周 周四 第9节-第11节 仙Ⅰ-209,2.0,公共课程,否,,周四,2012-2013-2,,2012200241053035,,0,仙林校区,2012-2013学年 第2学期,53035,仙Ⅰ-209,,否,,,,,,0,现代文学与现代思想,11,第9节-第11节,仙I区,002410
32.0,000000,新材料与高科技(20122-002450-1),2012200245053000,,3,,30,2-9周,0,"韩民,陈延峰",2-9周 周一 第9节-第11节 仙Ⅰ-323,2.0,公共课程,否,,周一,2012-2013-2,,2012200245053000,,0,仙林校区,2012-2013学年 第2学期,53000,仙Ⅰ-323,,否,,,,,,0,新材料与高科技,11,第9节-第11节,仙I区,002450
32.0,000000,宇宙的命运(20122-002460-1),2012200246053030,,3,,30,2-13周,0,陈鹏飞,2-13周 周二 第9节-第10节 仙Ⅰ-315,2.0,公共课程,否,,周二,2012-2013-2,,2012200246053030,,0,仙林校区,2012-2013学年 第2学期,53030,仙Ⅰ-315,,否,,,,,,0,宇宙的命运,11,第9节-第10节,仙I区,002460
32.0,000000,中国现当代文学名著研讨(20122-002490-1),2012200249053036,,3,,30,"2-10周,12-14周",0,王彬彬,"2-10周,12-14周 周三 第7节-第8节 仙Ⅰ-210",2.0,公共课程,否,,周三,2012-2013-2,,2012200249053036,,0,仙林校区,2012-2013学年 第2学期,53036,仙Ⅰ-210,,否,,,,,,0,中国现当代文学名著研讨,11,第7节-第8节,仙I区,002490
32.0,000000,生命的启示(20122-002500-1),2012200250053024,,3,,30,2-13周,0,陈建群,2-13周 周二 第7节-第8节 仙Ⅰ-316,2.0,公共课程,否,,周二,2012-2013-2,,2012200250053024,,0,仙林校区,2012-2013学年 第2学期,53024,仙Ⅰ-316,,否,,,,,,0,生命的启示,11,第7节-第8节,仙I区,002500
32.0,000000,走进风雨(20122-002520-1),2012200252052983,,3,,30,"2-9周,11-14周",0,王元,"2-9周,11-14周 周一 第7节-第8节 仙Ⅰ-324",2.0,公共课程,否,,周一,2012-2013-2,,2012200252052983,,0,仙林校区,2012-2013学年 第2学期,52983,仙Ⅰ-324,,否,,,,,,0,走进风雨,11,第7节-第8节,仙I区,002520
32.0,000000,走进考古学(20122-002550-1),2012200255053560,,3,,27,7-14周,0,黄建秋,7-14周 周五 第9节-第11节 仙Ⅰ-214,2.0,公共课程,否,,周五,2012-2013-2,,2012200255053560,,0,仙林校区,2012-2013学年 第2学期,53560,仙Ⅰ-214,,否,,,,,,0,走进考古学,11,第9节-第11节,仙I区,002550
32.0,000000,数字地球：如何将地球搬进计算机?(20122-002570-1),2012200257052989,,3,,20,2-9周,0,柯长青,2-9周 周五 第9节-第11节 仙Ⅰ-316,2.0,公共课程,否,,周五,2012-2013-2,,2012200257052989,,0,仙林校区,2012-2013学年 第2学期,52989,仙Ⅰ-316,,否,,,,,,0,数字地球：如何将地球搬进计算机?,11,第9节-第11节,仙I区,002570
32.0,000000,文学理论入门(20122-002580-1),2012200258053039,,3,,23,4-11周,0,赵宪章,4-11周 周三 第9节-第11节 仙Ⅱ-306,2.0,公共课程,否,,周三,2012-2013-2,,2012200258053039,,0,仙林校区,2012-2013学年 第2学期,53039,仙Ⅱ-306,,否,,,,,,0,文学理论入门,12,第9节-第11节,仙II区,002580
32.0,000000,可爱的20世纪：改变我们生活和观念的科学发现(20122-002590-1),2012200259053061,,3,,20,2-9周,0,李尔广,2-9周 周五 第9节-第11节 仙Ⅰ-318,2.0,公共课程,否,,周五,2012-2013-2,,2012200259053061,,0,仙林校区,2012-2013学年 第2学期,53061,仙Ⅰ-318,,否,,,,,,0,可爱的20世纪：改变我们生活和观念的科学发现,11,第9节-第11节,仙I区,002590
32.0,000000,能源与化学(20122-002650-1),2012200265053004,,3,,30,2-9周,0,胡征,2-9周 周二 第9节-第11节 仙Ⅰ-318,2.0,公共课程,否,,周二,2012-2013-2,,2012200265053004,,0,仙林校区,2012-2013学年 第2学期,53004,仙Ⅰ-318,,否,,,,,,0,能源与化学,11,第9节-第11节,仙I区,002650
32.0,000000,化学与环境(20122-002660-1),2012200266053005,,3,,24,2-13周,0,"毕树平,董林,范以宁",2-13周 周四 第9节-第10节 仙Ⅰ-211,2.0,公共课程,否,,周四,2012-2013-2,,2012200266053005,,0,仙林校区,2012-2013学年 第2学期,53005,仙Ⅰ-211,,否,,,,,,0,化学与环境,11,第9节-第10节,仙I区,002660
32.0,000000,大分子：从材料到生命(20122-002670-1),2012200267053008,,3,,17,8-15周,0,胡文兵,8-15周 周一 第9节-第11节 仙Ⅰ-209,2.0,公共课程,否,,周一,2012-2013-2,,2012200267053008,,0,仙林校区,2012-2013学年 第2学期,53008,仙Ⅰ-209,,否,,,,,,0,大分子：从材料到生命,11,第9节-第11节,仙I区,002670
32.0,000000,随机问题探究(20122-002710-1),2012200271053029,,3,,19,2-13周,0,王立洪,2-13周 周一 第7节-第8节 仙Ⅰ-210,2.0,公共课程,否,,周一,2012-2013-2,,2012200271053029,,0,仙林校区,2012-2013学年 第2学期,53029,仙Ⅰ-210,,否,,,,,,0,随机问题探究,11,第7节-第8节,仙I区,002710
32.0,000000,公共权力与政府问责(20122-002730-1),2012200273053065,,3,,30,2-13周,0,黄健荣,2-13周 周三 第7节-第8节 仙Ⅰ-315,2.0,公共课程,否,,周三,2012-2013-2,,2012200273053065,,0,仙林校区,2012-2013学年 第2学期,53065,仙Ⅰ-315,,否,,,,,,0,公共权力与政府问责,11,第7节-第8节,仙I区,002730
32.0,000000,电影艺术方法(20122-002780-1),2012200278053040,,3,,25,2-9周,0,周安华,2-9周 周三 第9节-第11节 仙Ⅰ-316,2.0,公共课程,否,,周三,2012-2013-2,,2012200278053040,,0,仙林校区,2012-2013学年 第2学期,53040,仙Ⅰ-316,,否,,,,,,0,电影艺术方法,11,第9节-第11节,仙I区,002780
48.0,000000,人与环境(20122-002810-1),2012200281052935,,3,,196,2-13周,0,"柏益尧,左玉辉,孙平,华新",2-13周 周一 第9节-第11节 仙Ⅰ-319,3.0,公共课程,否,,周一,2012-2013-2,,2012200281052935,,0,仙林校区,2012-2013学年 第2学期,52935,仙Ⅰ-319,,否,,,,,,0,人与环境,11,第9节-第11节,仙I区,002810
32.0,000000,20世纪中国重要文学现象研讨(20122-002870-1),2012200287053041,,3,,30,7-14周,0,张光芒,7-14周 周三 第9节-第11节 仙Ⅰ-318,2.0,公共课程,否,,周三,2012-2013-2,,2012200287053041,,0,仙林校区,2012-2013学年 第2学期,53041,仙Ⅰ-318,,否,,,,,,0,20世纪中国重要文学现象研讨,11,第9节-第11节,仙I区,002870
32.0,000000,我是谁：西方哲学的思想实验(20122-002900-1),2012200290053535,,3,,24,2-9周,0,方向红,2-9周 周四 第9节-第11节 仙Ⅰ-210,2.0,公共课程,否,,周四,2012-2013-2,,2012200290053535,,0,仙林校区,2012-2013学年 第2学期,53535,仙Ⅰ-210,,否,,,,,,0,我是谁：西方哲学的思想实验,11,第9节-第11节,仙I区,002900
32.0,000000,环境生态学实验与研讨(20122-002980-1),2012200298053015,,3,,18,2-9周,0,"尹颖,杨柳燕",2-9周 周一 第5节-第7节 ,2.0,公共课程,否,,周一,2012-2013-2,,2012200298053015,,0,仙林校区,2012-2013学年 第2学期,53015,环科楼A212,,否,,,,,,0,环境生态学实验与研讨,,第5节-第7节,,002980
32.0,000000,文献交流学(20122-002990-1),2012200299053050,,3,,30,2-9周,0,陈雅,2-9周 周二 第9节-第11节 仙Ⅰ-322,2.0,公共课程,否,,周二,2012-2013-2,,2012200299053050,,0,仙林校区,2012-2013学年 第2学期,53050,仙Ⅰ-322,,否,,,,,,0,文献交流学,11,第9节-第11节,仙I区,002990
32.0,000000,信息咨询(20122-003000-1),2012200300053051,,3,,30,2-9周,0,郑建明,2-9周 周二 第9节-第11节 仙Ⅰ-323,2.0,公共课程,否,,周二,2012-2013-2,,2012200300053051,,0,仙林校区,2012-2013学年 第2学期,53051,仙Ⅰ-323,,否,,,,,,0,信息咨询,11,第9节-第11节,仙I区,003000
32.0,000000,新生研究性物理实验(20122-003020-1),2012200302053045,,3,,23,4-11周,0,王思慧,4-11周 周四 第9节-第11节 ,2.0,公共课程,否,,周四,2012-2013-2,,2012200302053045,,0,仙林校区,2012-2013学年 第2学期,53045,基础实验楼丙326,,否,,,,,,0,新生研究性物理实验,,第9节-第11节,,003020
32.0,000000,走进光学世界(20122-003040-1),2012200304053001,,3,,30,2-9周,0,"陆延青,肖敏",2-9周 周三 第9节-第11节 仙Ⅰ-322,2.0,公共课程,否,,周三,2012-2013-2,,2012200304053001,,0,仙林校区,2012-2013学年 第2学期,53001,仙Ⅰ-322,,否,,,,,,0,走进光学世界,11,第9节-第11节,仙I区,003040
32.0,000000,服务学习(20122-003050-1),2012200305053023,,3,,29,7-14周,0,彭华民,7-14周 周二 第9节-第11节 仙Ⅰ-324,2.0,公共课程,否,,周二,2012-2013-2,,2012200305053023,,0,仙林校区,2012-2013学年 第2学期,53023,仙Ⅰ-324,,否,,,,,,0,服务学习,11,第9节-第11节,仙I区,003050
32.0,000000,知识产权战略：创新、知识产权保护和产业化(20122-003070-1),2012200307052994,,3,,29,2-13周,0,徐棣枫,2-13周 周五 第7节-第8节 仙Ⅰ-322,2.0,公共课程,否,,周五,2012-2013-2,,2012200307052994,,0,仙林校区,2012-2013学年 第2学期,52994,仙Ⅰ-322,,否,,,,,,0,知识产权战略：创新、知识产权保护和产业化,11,第7节-第8节,仙I区,003070
32.0,000000,法眼看世界(20122-003100-1),2012200310052995,,3,,30,4-15周,0,李友根,4-15周 周一 第7节-第8节 仙Ⅰ-318,2.0,公共课程,否,,周一,2012-2013-2,,2012200310052995,,0,仙林校区,2012-2013学年 第2学期,52995,仙Ⅰ-318,,否,,,,,,0,法眼看世界,11,第7节-第8节,仙I区,003100
32.0,000000,社会生活中的“公法”(20122-003110-1),2012200311052996,,3,,30,2-13周,0,王钧,2-13周 周二 第7节-第8节 仙Ⅰ-315,2.0,公共课程,否,,周二,2012-2013-2,,2012200311052996,,0,仙林校区,2012-2013学年 第2学期,52996,仙Ⅰ-315,,否,,,,,,0,社会生活中的“公法”,11,第7节-第8节,仙I区,003110
32.0,000000,生物多样性漫谈(20122-003160-1),2012200316053026,,3,,30,2-9周,0,孙书存,2-9周 周四 第9节-第11节 仙Ⅰ-315,2.0,公共课程,否,,周四,2012-2013-2,,2012200316053026,,0,仙林校区,2012-2013学年 第2学期,53026,仙Ⅰ-315,,否,,,,,,0,生物多样性漫谈,11,第9节-第11节,仙I区,003160
32.0,000000,中国古典文学的文化阐释(20122-003190-1),2012200319053366,,3,,32,2-9周,0,巩本栋,2-9周 周三 第9节-第11节 仙Ⅰ-324,2.0,公共课程,否,,周三,2012-2013-2,,2012200319053366,,0,仙林校区,2012-2013学年 第2学期,53366,仙Ⅰ-324,,否,,,,,,0,中国古典文学的文化阐释,11,第9节-第11节,仙I区,003190
32.0,000000,《雷雨》和《牡丹亭》：剧本与演出(20122-003220-1),2012200322053042,,3,,30,2-9周,0,陆炜,2-9周 周二 第9节-第11节 仙Ⅰ-316,2.0,公共课程,否,,周二,2012-2013-2,,2012200322053042,,0,仙林校区,2012-2013学年 第2学期,53042,仙Ⅰ-316,,否,,,,,,0,《雷雨》和《牡丹亭》：剧本与演出,11,第9节-第11节,仙I区,003220
32.0,000000,网络信息资源：小窗口，大世界（文科）(20122-003240-1),2012200324053368,,3,,20,2-13周,0,华薇娜,2-13周 周四 第7节-第8节 ,2.0,公共课程,否,,周四,2012-2013-2,,2012200324053368,,0,仙林校区,2012-2013学年 第2学期,53368,基础实验楼乙区522室,,否,,,,,,0,网络信息资源：小窗口，大世界,,第7节-第8节,,003240
32.0,000000,社会风险与公共危机管理(20122-003250-1),2012200325053067,,3,,30,2-13周,0,"林闽钢,童星",2-13周 周四 第9节-第10节 仙Ⅰ-322,2.0,公共课程,否,,周四,2012-2013-2,,2012200325053067,,0,仙林校区,2012-2013学年 第2学期,53067,仙Ⅰ-322,,否,,,,,,0,社会风险与公共危机管理,11,第9节-第10节,仙I区,003250
32.0,000000,IT与国防现代化(20122-003260-1),2012200326052993,,3,,25,2-13周,0,"叶芝慧,张兴敢",2-13周 周四 第9节-第10节 仙Ⅰ-316,2.0,公共课程,否,,周四,2012-2013-2,,2012200326052993,,0,仙林校区,2012-2013学年 第2学期,52993,仙Ⅰ-316,,否,,,,,,0,IT与国防现代化,11,第9节-第10节,仙I区,003260
32.0,000000,南大逸事(20122-003270-1),2012200327053017,,3,,30,2-13周,0,王运来,2-13周 周五 第7节-第8节 仙Ⅰ-323,2.0,公共课程,否,,周五,2012-2013-2,,2012200327053017,,0,仙林校区,2012-2013学年 第2学期,53017,仙Ⅰ-323,,否,,,,,,0,南大逸事,11,第7节-第8节,仙I区,003270
32.0,000000,竞争情报理论与实务(20122-003280-1),2012200328053053,,3,,25,2-9周,0,邵波,2-9周 周二 第9节-第11节 仙Ⅰ-214,2.0,公共课程,否,,周二,2012-2013-2,,2012200328053053,,0,仙林校区,2012-2013学年 第2学期,53053,仙Ⅰ-214,,否,,,,,,0,竞争情报理论与实务,11,第9节-第11节,仙I区,003280
32.0,000000,信息技术与知识产权(20122-003290-1),2012200329053054,,3,,30,2-13周,0,颜祥林,2-13周 周二 第7节-第8节 仙Ⅰ-209,2.0,公共课程,否,,周二,2012-2013-2,,2012200329053054,,0,仙林校区,2012-2013学年 第2学期,53054,仙Ⅰ-209,,否,,,,,,0,信息技术与知识产权,11,第7节-第8节,仙I区,003290
32.0,000000,案例视野下的中国刑事法治现状与趋势(20122-003300-1),2012200330052997,,3,,30,6-13周,0,孙国祥,6-13周 周一 第9节-第11节 仙Ⅰ-211,2.0,公共课程,否,,周一,2012-2013-2,,2012200330052997,,0,仙林校区,2012-2013学年 第2学期,52997,仙Ⅰ-211,,否,,,,,,0,案例视野下的中国刑事法治现状与趋势,11,第9节-第11节,仙I区,003300
32.0,000000,语言科学与艺术(20122-003330-1),2012200333053033,,3,,24,4-15周,0,"张翼,陈桦,陈新仁",4-15周 周一 第7节-第8节 仙Ⅰ-322,2.0,公共课程,否,,周一,2012-2013-2,,2012200333053033,,0,仙林校区,2012-2013学年 第2学期,53033,仙Ⅰ-322,,否,,,,,,0,语言科学与艺术,11,第7节-第8节,仙I区,003330
32.0,000000,心理学与个人成长(20122-003360-1),2012200336053047,,3,,30,2-13周,0,桑志芹,2-13周 周四 第7节-第8节 仙Ⅰ-318,2.0,公共课程,否,,周四,2012-2013-2,,2012200336053047,,0,仙林校区,2012-2013学年 第2学期,53047,仙Ⅰ-318,,否,,,,,,0,心理学与个人成长,11,第7节-第8节,仙I区,003360
32.0,000000,互联网商务金库的密钥——电子商务实务(20122-003380-1),2012200338053055,,3,,25,2-9周,0,袁勤俭,2-9周 周四 第9节-第11节 仙Ⅰ-323,2.0,公共课程,否,,周四,2012-2013-2,,2012200338053055,,0,仙林校区,2012-2013学年 第2学期,53055,仙Ⅰ-323,,否,,,,,,0,互联网商务金库的密钥——电子商务实务,11,第9节-第11节,仙I区,003380
32.0,000000,面向信息技术与管理变革的信息管理研究(20122-003390-1),2012200339053056,,3,,30,2-13周,0,朱庆华,2-13周 周三 第7节-第8节 仙Ⅰ-323,2.0,公共课程,否,,周三,2012-2013-2,,2012200339053056,,0,仙林校区,2012-2013学年 第2学期,53056,仙Ⅰ-323,,否,,,,,,0,面向信息技术与管理变革的信息管理研究,11,第7节-第8节,仙I区,003390
32.0,000000,遗传密码——认识自我和生命(20122-003400-1),2012200340053062,,3,,30,2-9周,0,李宽钰,2-9周 周四 第9节-第11节 仙Ⅰ-324,2.0,公共课程,否,,周四,2012-2013-2,,2012200340053062,,0,仙林校区,2012-2013学年 第2学期,53062,仙Ⅰ-324,,否,,,,,,0,遗传密码——认识自我和生命,11,第9节-第11节,仙I区,003400
32.0,000000,创作方法与创新思维(20122-003410-1),2012200341053063,,3,,30,2-13周,0,康尔,2-13周 周三 第7节-第8节 仙Ⅰ-324,2.0,公共课程,否,,周三,2012-2013-2,,2012200341053063,,0,仙林校区,2012-2013学年 第2学期,53063,仙Ⅰ-324,,否,,,,,,0,创作方法与创新思维,11,第7节-第8节,仙I区,003410
48.0,000000,科学世界观(20122-003440-1),2012200344052936,,3,,190,"2-8周,10-14周",0,"柏益尧,左玉辉,孙平,华新","2-8周,10-14周 周二 第9节-第11节 逸B-212",3.0,公共课程,否,,周二,2012-2013-2,,2012200344052936,,0,仙林校区,2012-2013学年 第2学期,52936,逸B-212,,否,,,,,,0,科学世界观,16,第9节-第11节,逸夫楼B区,003440
48.0,000000,科学世界观(20122-003440-2),2012200344052937,,3,,189,"2-8周,10-14周",0,"柏益尧,左玉辉,孙平,华新","2-8周,10-14周 周四 第9节-第11节 逸B-212",3.0,公共课程,否,,周四,2012-2013-2,,2012200344052937,,0,仙林校区,2012-2013学年 第2学期,52937,逸B-212,,否,,,,,,0,科学世界观,16,第9节-第11节,逸夫楼B区,003440
48.0,000000,当代西方人文精神概论(20122-003480-1),2012200348052952,,3,,148,2-13周,0,"但汉松,杨金才,陈兵",2-13周 周三 第9节-第11节 逸B-101,3.0,公共课程,否,,周三,2012-2013-2,,2012200348052952,,0,仙林校区,2012-2013学年 第2学期,52952,逸B-101,,否,,,,,,0,当代西方人文精神概论,16,第9节-第11节,逸夫楼B区,003480
48.0,000000,走近电影大师(20122-003500-1),2012200350052967,,3,,197,2-13周,0,周安华,2-13周 周二 第9节-第11节 仙Ⅰ-206,3.0,公共课程,否,,周二,2012-2013-2,,2012200350052967,,0,仙林校区,2012-2013学年 第2学期,52967,仙Ⅰ-206,,否,,,,,,0,走近电影大师,11,第9节-第11节,仙I区,003500
48.0,000000,国学通论(20122-003530-1),2012200353053360,,3,,176,2-13周,0,童强,2-13周 周三 第9节-第11节 逸A-117,3.0,公共课程,否,,周三,2012-2013-2,,2012200353053360,,0,仙林校区,2012-2013学年 第2学期,53360,逸A-117,,否,,,,,,0,国学通论,15,第9节-第11节,逸夫楼A区,003530
32.0,000000,计算思维导论(20122-003540-1),2012200354052938,,3,,193,1-13周,0,"钱柱中,陈道蓄,陶先平",1-13周 周三 第7节-第8节 仙Ⅰ-319,2.0,公共课程,否,,周三,2012-2013-2,,2012200354052938,,0,仙林校区,2012-2013学年 第2学期,52938,仙Ⅰ-319,,否,,,,,,0,计算思维导论,11,第7节-第8节,仙I区,003540
48.0,000000,权力与文化：全球视野下的美国和东亚(20122-003570-1),2012200357052953,,3,,47,"2-3周,5-9周,11周,13-16周,3周,13周,15周",0,"但汉松,尹晓煌,徐蕾,任裕海","2-3周,5-9周,11周,13-16周 周二 第9节-第11节 仙Ⅰ-103,15周 周六 第9节-第11节 仙Ⅰ-103,13周 周三 第9节-第11节 仙Ⅰ-103,3周 周五 第9节-第11节 仙Ⅰ-103",3.0,公共课程,否,,"周二,周五,周三,周六",2012-2013-2,,2012200357052953,,0,仙林校区,2012-2013学年 第2学期,52953,"仙Ⅰ-103,仙Ⅰ-103,仙Ⅰ-103,仙Ⅰ-103",,否,,,,,,0,权力与文化：全球视野下的美国和东亚,11,"第9节-第11节,第9节-第11节,第9节-第11节,第9节-第11节",仙I区,003570
32.0,000000,西方美术鉴赏(20122-003590-1),2012200359052955,,3,,201,2-9周,0,,2-9周 周二 第9节-第11节 仙Ⅱ-122,2.0,公共课程,否,,周二,2012-2013-2,,2012200359052955,,0,仙林校区,2012-2013学年 第2学期,52955,仙Ⅱ-122,,否,,,,,,0,西方美术鉴赏,12,第9节-第11节,仙II区,003590
48.0,000000,相看东西方——艺术的多元视角(20122-003610-1),2012200361053395,,3,,250,3-17周,0,"聂危谷,李晓愚,林银雅,季峰",3-17周 周二 第9节-第11节 仙Ⅱ-207,3.0,公共课程,否,,周二,2012-2013-2,,2012200361053395,,0,仙林校区,2012-2013学年 第2学期,53395,仙Ⅱ-207,,否,,,,,,0,相看东西方——艺术的多元视角,12,第9节-第11节,仙II区,003610
48.0,000000,音乐鉴赏(20122-003620-1),2012200362052954,,3,,299,2-9周,0,,2-9周 周二 第9节-第11节 仙Ⅰ-106,3.0,公共课程,否,,周二,2012-2013-2,,2012200362052954,,0,仙林校区,2012-2013学年 第2学期,52954,仙Ⅰ-106,,否,,,,,,0,音乐鉴赏,11,第9节-第11节,仙I区,003620
32.0,000000,空气污染:从局地到全球(20122-003630-1),2012200363052984,,3,,30,2-13周,0,丁爱军,2-13周 周三 第7节-第8节 仙Ⅰ-316,2.0,公共课程,否,,周三,2012-2013-2,,2012200363052984,,0,仙林校区,2012-2013学年 第2学期,52984,仙Ⅰ-316,,否,,,,,,0,空气污染:从局地到全球,11,第7节-第8节,仙I区,003630
32.0,000000,案例视野下的中国司法制度(20122-003640-1),2012200364052998,,3,,30,2-9周,0,"艾佳慧,吴英姿",2-9周 周一 第9节-第11节 仙Ⅰ-315,2.0,公共课程,否,,周一,2012-2013-2,,2012200364052998,,0,仙林校区,2012-2013学年 第2学期,52998,仙Ⅰ-315,,否,,,,,,0,案例视野下的中国司法制度,11,第9节-第11节,仙I区,003640
32.0,000000,二十世纪东欧批判文学(20122-003650-1),2012200365053003,,3,,28,2-13周,0,景凯旋,2-13周 周二 第7节-第8节 仙Ⅰ-111,2.0,公共课程,否,,周二,2012-2013-2,,2012200365053003,,0,仙林校区,2012-2013学年 第2学期,53003,仙Ⅰ-111,,否,,,,,,0,二十世纪东欧批判文学,11,第7节-第8节,仙I区,003650
32.0,000000,世界现代化进程(20122-003660-1),2012200366053018,,3,,30,2-13周,0,刘金源,2-13周 周三 第5节-第6节 仙Ⅰ-209,2.0,公共课程,否,,周三,2012-2013-2,,2012200366053018,,0,仙林校区,2012-2013学年 第2学期,53018,仙Ⅰ-209,,否,,,,,,0,世界现代化进程,11,第5节-第6节,仙I区,003660
32.0,000000,语言文字与人类文明(20122-003680-1),2012200368053043,,3,,29,2-9周,0,陈立中,2-9周 周三 第9节-第11节 仙Ⅰ-315,2.0,公共课程,否,,周三,2012-2013-2,,2012200368053043,,0,仙林校区,2012-2013学年 第2学期,53043,仙Ⅰ-315,,否,,,,,,0,语言文字与人类文明,11,第9节-第11节,仙I区,003680
32.0,000000,诗词曲与音乐关系研讨(20122-003700-1),2012200370053044,,3,,31,2-9周,0,解玉峰,2-9周 周三 第9节-第11节 仙Ⅰ-323,2.0,公共课程,否,,周三,2012-2013-2,,2012200370053044,,0,仙林校区,2012-2013学年 第2学期,53044,仙Ⅰ-323,,否,,,,,,0,诗词曲与音乐关系研讨,11,第9节-第11节,仙I区,003700
32.0,000000,理念与制度：中国现代人文与社会科学史研究(1911-1949)(20122-003720-1),2012200372053057,,3,,30,2-13周,0,李刚,2-13周 周二 第7节-第8节 仙Ⅰ-322,2.0,公共课程,否,,周二,2012-2013-2,,2012200372053057,,0,仙林校区,2012-2013学年 第2学期,53057,仙Ⅰ-322,,否,,,,,,0,理念与制度：中国现代人文与社会科学史研究(1911-1949),11,第7节-第8节,仙I区,003720
32.0,000000,人类文明的传承之道——档案与档案管理(20122-003730-1),2012200373053058,,3,,30,2-9周,0,吴建华,2-9周 周一 第9节-第11节 仙Ⅰ-215,2.0,公共课程,否,,周一,2012-2013-2,,2012200373053058,,0,仙林校区,2012-2013学年 第2学期,53058,仙Ⅰ-215,,否,,,,,,0,人类文明的传承之道——档案与档案管理,11,第9节-第11节,仙I区,003730
32.0,000000,从分子水平看环境污染(20122-003760-1),2012200376053027,,3,,30,2-13周,0,郑伟娟,2-13周 周四 第7节-第8节 仙Ⅰ-315,2.0,公共课程,否,,周四,2012-2013-2,,2012200376053027,,0,仙林校区,2012-2013学年 第2学期,53027,仙Ⅰ-315,,否,,,,,,0,从分子水平看环境污染,11,第7节-第8节,仙I区,003760
32.0,000000,奇妙的声音(20122-003780-1),2012200378053046,,3,,27,2-13周,0,邱小军,2-13周 周一 第7节-第8节 仙Ⅰ-323,2.0,公共课程,否,,周一,2012-2013-2,,2012200378053046,,0,仙林校区,2012-2013学年 第2学期,53046,仙Ⅰ-323,,否,,,,,,0,奇妙的声音,11,第7节-第8节,仙I区,003780
32.0,000000,中外新闻名家选讲(20122-003810-1),2012200381053048,,3,,30,2-13周,0,邓利平,2-13周 周二 第9节-第10节 仙Ⅱ-216,2.0,公共课程,否,,周二,2012-2013-2,,2012200381053048,,0,仙林校区,2012-2013学年 第2学期,53048,仙Ⅱ-216,,否,,,,,,0,中外新闻名家选讲,12,第9节-第10节,仙II区,003810
32.0,000000,好莱坞电影中的地球科学(20122-003850-1),2012200385052990,,3,,30,3-10周,0,张朝晖,3-10周 周一 第9节-第11节 仙Ⅰ-324,2.0,公共课程,否,,周一,2012-2013-2,,2012200385052990,,0,仙林校区,2012-2013学年 第2学期,52990,仙Ⅰ-324,,否,,,,,,0,好莱坞电影中的地球科学,11,第9节-第11节,仙I区,003850
32.0,000000,汉字研究的创新与实践(20122-003860-1),2012200386053002,,3,,20,2-13周,0,周同科,2-13周 周一 第9节-第10节 仙Ⅰ-214,2.0,公共课程,否,,周一,2012-2013-2,,2012200386053002,,0,仙林校区,2012-2013学年 第2学期,53002,仙Ⅰ-214,,否,,,,,,0,汉字研究的创新与实践,11,第9节-第10节,仙I区,003860
32.0,000000,青年与社会(20122-003890-1),2012200389053022,,3,,30,2-9周,0,风笑天,2-9周 周三 第9节-第11节 仙Ⅰ-210,2.0,公共课程,否,,周三,2012-2013-2,,2012200389053022,,0,仙林校区,2012-2013学年 第2学期,53022,仙Ⅰ-210,,否,,,,,,0,青年与社会,11,第9节-第11节,仙I区,003890
32.0,000000,中日关系与日本文化(20122-003920-1),2012200392053031,,3,,30,2-9周,0,何慈毅,2-9周 周四 第9节-第11节 仙Ⅰ-318,2.0,公共课程,否,,周四,2012-2013-2,,2012200392053031,,0,仙林校区,2012-2013学年 第2学期,53031,仙Ⅰ-318,,否,,,,,,0,中日关系与日本文化,11,第9节-第11节,仙I区,003920
32.0,000000,视觉文化研究(20122-003930-1),2012200393053404,,3,,30,2-13周,0,周宪,2-13周 周四 第7节-第8节 仙Ⅰ-209,2.0,公共课程,否,,周四,2012-2013-2,,2012200393053404,,0,仙林校区,2012-2013学年 第2学期,53404,仙Ⅰ-209,,否,,,,,,0,视觉文化研究,11,第7节-第8节,仙I区,003930
32.0,000000,汉语汉字与中华文明的产生、传承与发展(20122-004102-1),2012200410252964,,3,,199,2-13周,0,陈立中,2-13周 周三 第7节-第8节 仙Ⅰ-207,2.0,公共课程,否,,周三,2012-2013-2,,2012200410252964,,0,仙林校区,2012-2013学年 第2学期,52964,仙Ⅰ-207,,否,,,,,,0,汉语汉字与中华文明的产生、传承与发展,11,第7节-第8节,仙I区,004102
32.0,000000,中国近代政治与外交(20122-004103-1),2012200410352942,,3,,249,2-13周,0,申晓云,2-13周 周四 第9节-第10节 仙Ⅱ-122,2.0,公共课程,否,,周四,2012-2013-2,,2012200410352942,,0,仙林校区,2012-2013学年 第2学期,52942,仙Ⅱ-122,,否,,,,,,0,中国近代政治与外交,12,第9节-第10节,仙II区,004103
32.0,000000,二十世纪的中国民族与边疆(20122-004106-1),2012200410652943,,3,,225,2-13周,0,陈谦平,2-13周 周二 第9节-第10节 仙Ⅰ-107,2.0,公共课程,否,,周二,2012-2013-2,,2012200410652943,,0,仙林校区,2012-2013学年 第2学期,52943,仙Ⅰ-107,,否,,,,,,0,二十世纪的中国民族与边疆,11,第9节-第10节,仙I区,004106
32.0,000000,新中国外交历程(20122-004107-1),2012200410752944,,3,,223,2-13周,0,计秋枫,2-13周 周三 第7节-第8节 仙Ⅰ-107,2.0,公共课程,否,,周三,2012-2013-2,,2012200410752944,,0,仙林校区,2012-2013学年 第2学期,52944,仙Ⅰ-107,,否,,,,,,0,新中国外交历程,11,第7节-第8节,仙I区,004107
32.0,000000,二十世纪中国思想文化的历史演进(20122-004108-1),2012200410852945,,3,,249,2-13周,0,申晓云,2-13周 周四 第7节-第8节 仙Ⅱ-122,2.0,公共课程,否,,周四,2012-2013-2,,2012200410852945,,0,仙林校区,2012-2013学年 第2学期,52945,仙Ⅱ-122,,否,,,,,,0,二十世纪中国思想文化的历史演进,12,第7节-第8节,仙II区,004108
48.0,000000,中国早期文明：商周至两汉(20122-004109-1),2012200410952946,,3,,250,4-15周,0,颜世安,4-15周 周四 第9节-第11节 仙Ⅱ-207,3.0,公共课程,否,,周四,2012-2013-2,,2012200410952946,,0,仙林校区,2012-2013学年 第2学期,52946,仙Ⅱ-207,,否,,,,,,0,中国早期文明：商周至两汉,12,第9节-第11节,仙II区,004109
32.0,000000,亚洲共同体的历史、理论与实践(20122-004209-1),2012200420952969,,3,,225,2-13周,0,李刚,2-13周 周四 第9节-第10节 仙Ⅰ-107,2.0,公共课程,否,,周四,2012-2013-2,,2012200420952969,,0,仙林校区,2012-2013学年 第2学期,52969,仙Ⅰ-107,,否,,,,,,0,亚洲共同体的历史、理论与实践,11,第9节-第10节,仙I区,004209
32.0,000000,西方人文主义演进的历史及其反思(20122-004211-1),2012200421152977,,3,,298,2-13周,0,于文杰,2-13周 周三 第9节-第10节 仙Ⅰ-106,2.0,公共课程,否,,周三,2012-2013-2,,2012200421152977,,0,仙林校区,2012-2013学年 第2学期,52977,仙Ⅰ-106,,否,,,,,,0,西方人文主义演进的历史及其反思,11,第9节-第10节,仙I区,004211
32.0,000000,社会变迁与人生智慧(20122-004301-1),2012200430152975,,3,,226,2-13周,0,"夏维中,张玉林,童强,闵学勤,包兆会,颜世安",2-13周 周二 第7节-第8节 仙Ⅰ-107,2.0,公共课程,否,,周二,2012-2013-2,,2012200430152975,,0,仙林校区,2012-2013学年 第2学期,52975,仙Ⅰ-107,,否,,,,,,0,社会变迁与人生智慧,11,第7节-第8节,仙I区,004301
0.0,000000,人生在“世”：人与世界关系的哲学思考(20122-004302-1),2012200430252979,,3,,200,2-13周,0,"唐正东,胡大平,张亮,张异宾",2-13周 周二 第9节-第10节 仙Ⅰ-207,0.0,公共课程,否,,周二,2012-2013-2,,2012200430252979,,0,仙林校区,2012-2013学年 第2学期,52979,仙Ⅰ-207,,否,,,,,,0,人生在“世”：人与世界关系的哲学思考,11,第9节-第10节,仙I区,004302
32.0,000000,当代社会科学视域中的马克思主义哲学(20122-004303-2),2012200430352971,,3,,150,2-13周,0,"周嘉昕,张亮,孙乐强",2-13周 周四 第9节-第10节 逸A-117,2.0,公共课程,否,,周四,2012-2013-2,,2012200430352971,,0,仙林校区,2012-2013学年 第2学期,52971,逸A-117,,否,,,,,,0,当代社会科学视域中的马克思主义哲学,15,第9节-第10节,逸夫楼A区,004303
32.0,000000,现代视域下的中国哲学(20122-004304-1),2012200430452972,,3,,196,2-13周,0,"李承贵,尚荣",2-13周 周四 第9节-第10节 仙Ⅰ-206,2.0,公共课程,否,,周四,2012-2013-2,,2012200430452972,,0,仙林校区,2012-2013学年 第2学期,52972,仙Ⅰ-206,,否,,,,,,0,现代视域下的中国哲学,11,第9节-第10节,仙I区,004304
0.0,000000,大学精神与学习文化(20122-004306-1),2012200430652939,,3,,38,"2-15周,2-13周",0,"桑新民,李曙华,梁林梅","2-15周 周五 第7节-第8节 仙Ⅰ-109,2-13周 自由时间 - ",0.0,公共课程,否,,"周五,自由时间",2012-2013-2,,2012200430652939,,0,仙林校区,2012-2013学年 第2学期,52939,"仙Ⅰ-109,无",,否,,,,,,0,大学精神与学习文化,11,"第7节-第8节,自由时间",仙I区,004306
32.0,000000,西方文化核心价值观的形成和传播(20122-004307-1),2012200430752968,,3,,195,2-17周,0,王雄,2-17周 周二 第7节-第8节 仙Ⅰ-206,2.0,公共课程,否,,周二,2012-2013-2,,2012200430752968,,0,仙林校区,2012-2013学年 第2学期,52968,仙Ⅰ-206,,否,,,,,,0,西方文化核心价值观的形成和传播,11,第7节-第8节,仙I区,004307
48.0,000000,逻辑与科学思维方法(20122-004308-1),2012200430852973,,3,,166,2-13周,0,张建军,2-13周 周三 第9节-第11节 仙Ⅰ-206,3.0,公共课程,否,,周三,2012-2013-2,,2012200430852973,,0,仙林校区,2012-2013学年 第2学期,52973,仙Ⅰ-206,,否,,,,,,0,逻辑与科学思维方法,11,第9节-第11节,仙I区,004308
48.0,000000,中医药文化(20122-004401-1),2012200440152950,,3,,250,2-17周,0,杨洁,2-17周 周三 第9节-第11节 仙Ⅱ-122,3.0,公共课程,否,,周三,2012-2013-2,,2012200440152950,,0,仙林校区,2012-2013学年 第2学期,52950,仙Ⅱ-122,,否,,,,,,0,中医药文化,12,第9节-第11节,仙II区,004401
48.0,000000,海洋与人类社会(20122-004402-1),2012200440252976,,3,,225,5-16周,0,"高建华,高抒,杨旸,张继才",5-16周 周一 第9节-第11节 仙Ⅰ-107,3.0,公共课程,否,,周一,2012-2013-2,,2012200440252976,,0,仙林校区,2012-2013学年 第2学期,52976,仙Ⅰ-107,,否,,,,,,0,海洋与人类社会,11,第9节-第11节,仙I区,004402
32.0,000000,人类活动与自然过程(20122-004407-1),2012200440752932,,3,,198,2-9周,0,"姜洪涛,杨达源",2-9周 周一 第9节-第11节 仙Ⅰ-206,2.0,公共课程,否,,周一,2012-2013-2,,2012200440752932,,0,仙林校区,2012-2013学年 第2学期,52932,仙Ⅰ-206,,否,,,,,,0,人类活动与自然过程,11,第9节-第11节,仙I区,004407
32.0,000000,中国人与中国社会(20122-004503-1),2012200450352949,,3,,196,2-13周,0,翟学伟,2-13周 周二 第9节-第10节 仙Ⅰ-319,2.0,公共课程,否,,周二,2012-2013-2,,2012200450352949,,0,仙林校区,2012-2013学年 第2学期,52949,仙Ⅰ-319,,否,,,,,,0,中国人与中国社会,11,第9节-第10节,仙I区,004503
48.0,000000,社会心理学：理论与现实(20122-004504-1),2012200450452947,,3,,198,2-13周,0,"朱虹,周晓虹",2-13周 周一 第7节-第8节 仙Ⅰ-319,3.0,公共课程,否,,周一,2012-2013-2,,2012200450452947,,0,仙林校区,2012-2013学年 第2学期,52947,仙Ⅰ-319,,否,,,,,,0,社会心理学：理论与现实,11,第7节-第8节,仙I区,004504
32.0,000000,市场导向与消费向导(20122-004508-1),2012200450852934,,3,,298,2-17周,0,"吴江,吴宜真,韩顺平,黄韫慧",2-17周 周一 第7节-第8节 仙Ⅰ-106,2.0,公共课程,否,,周一,2012-2013-2,,2012200450852934,,0,仙林校区,2012-2013学年 第2学期,52934,仙Ⅰ-106,,否,,,,,,0,市场导向与消费向导,11,第7节-第8节,仙I区,004508
32.0,000000,全球化进程中的反全球化(20122-004510-1),2012200451052940,,3,,200,2-13周,0,刘金源,2-13周 周三 第9节-第10节 仙Ⅰ-207,2.0,公共课程,否,,周三,2012-2013-2,,2012200451052940,,0,仙林校区,2012-2013学年 第2学期,52940,仙Ⅰ-207,,否,,,,,,0,全球化进程中的反全球化,11,第9节-第10节,仙I区,004510
32.0,000000,山水地质学与中国绘画(20122-004601-1),2012200460152933,,3,,225,"2-17周,2-17周",0,"王孝磊,康育义","2-17周 周六 第2节-第4节 仙Ⅰ-115,2-17周 周四 第7节-第8节 仙Ⅰ-107",2.0,公共课程,否,,"周四,周六",2012-2013-2,,2012200460152933,,0,仙林校区,2012-2013学年 第2学期,52933,"仙Ⅰ-107,仙Ⅰ-115",,否,,,,,,0,山水地质学与中国绘画,11,"第7节-第8节,第2节-第4节",仙I区,004601
32.0,000000,人生、情感与表达(20122-004602-1),2012200460253359,,3,,250,2-13周,0,"童强,苗怀明,童岭",2-13周 周三 第7节-第8节 仙Ⅱ-207,2.0,公共课程,否,,周三,2012-2013-2,,2012200460253359,,0,仙林校区,2012-2013学年 第2学期,53359,仙Ⅱ-207,,否,,,,,,0,艺术、情感与表达,12,第7节-第8节,仙II区,004602
48.0,000000,中国现代作家与地域文化(20122-004605-1),2012200460552962,,3,,200,2-13周,0,倪婷婷,2-13周 周四 第9节-第11节 仙Ⅰ-207,3.0,公共课程,否,,周四,2012-2013-2,,2012200460552962,,0,仙林校区,2012-2013学年 第2学期,52962,仙Ⅰ-207,,否,,,,,,0,中国现代作家与地域文化,11,第9节-第11节,仙I区,004605
48.0,000000,戏剧：表现人类困境的艺术(20122-004606-1),2012200460652963,,3,,200,2-13周,0,陆炜,2-13周 周三 第9节-第11节 仙Ⅰ-320,3.0,公共课程,否,,周三,2012-2013-2,,2012200460652963,,0,仙林校区,2012-2013学年 第2学期,52963,仙Ⅰ-320,,否,,,,,,0,戏剧：表现人类困境的艺术,11,第9节-第11节,仙I区,004606
32.0,000000,中国书画鉴赏(20122-004609-1),2012200460952956,,3,,150,2-17周,0,黄正明,2-17周 周二 第9节-第10节 逸B-101,2.0,公共课程,否,,周二,2012-2013-2,,2012200460952956,,0,仙林校区,2012-2013学年 第2学期,52956,逸B-101,,否,,,,,,0,中国书画鉴赏,16,第9节-第10节,逸夫楼B区,004609
32.0,000000,艺术原理与艺术经典(20122-004610-1),2012200461052957,,3,,197,2-17周,0,康尔,2-17周 周三 第9节-第10节 仙Ⅰ-319,2.0,公共课程,否,,周三,2012-2013-2,,2012200461052957,,0,仙林校区,2012-2013学年 第2学期,52957,仙Ⅰ-319,,否,,,,,,0,艺术原理与艺术经典,11,第9节-第10节,仙I区,004610
32.0,000000,艺术导论(20122-004611-1),2012200461152958,,3,,196,2-17周,0,李健,2-17周 周四 第7节-第8节 仙Ⅰ-206,2.0,公共课程,否,,周四,2012-2013-2,,2012200461152958,,0,仙林校区,2012-2013学年 第2学期,52958,仙Ⅰ-206,,否,,,,,,0,艺术导论,11,第7节-第8节,仙I区,004611
32.0,000000,歌剧经典赏析(20122-004612-1),2012200461252959,,3,,149,2-17周,0,唐小蓬,2-17周 周一 第7节-第8节 图书馆126,2.0,公共课程,否,,周一,2012-2013-2,,2012200461252959,,0,仙林校区,2012-2013学年 第2学期,52959,图书馆126,,否,,,,,,0,歌剧经典赏析,18,第7节-第8节,图书馆,004612
32.0,000000,西方舞蹈与文化(20122-004613-1),2012200461352960,,3,,199,2-17周,0,汪以平,2-17周 周二 第9节-第10节 仙Ⅰ-320,2.0,公共课程,否,,周二,2012-2013-2,,2012200461352960,,0,仙林校区,2012-2013学年 第2学期,52960,仙Ⅰ-320,,否,,,,,,0,西方舞蹈与文化,11,第9节-第10节,仙I区,004613
32.0,000000,视觉文化与摄影艺术(20122-004615-1),2012200461552961,,3,,199,2-17周,0,谢白,2-17周 周二 第7节-第8节 仙Ⅰ-207,2.0,公共课程,否,,周二,2012-2013-2,,2012200461552961,,0,仙林校区,2012-2013学年 第2学期,52961,仙Ⅰ-207,,否,,,,,,0,视觉文化与摄影艺术,11,第7节-第8节,仙I区,004615
48.0,000000,音乐艺术与审美(20122-004618-1),2012200461852951,,3,,200,2-17周,0,张静波,2-17周 周一 第9节-第10节 仙Ⅰ-207,3.0,公共课程,否,,周一,2012-2013-2,,2012200461852951,,0,仙林校区,2012-2013学年 第2学期,52951,仙Ⅰ-207,,否,,,,,,0,音乐艺术与审美,11,第9节-第10节,仙I区,004618
32.0,000000,阅读、鉴赏与写作(20122-004620-1),2012200462052965,,3,,200,2-13周,0,高小方,2-13周 周三 第9节-第10节 图书馆127,2.0,公共课程,否,,周三,2012-2013-2,,2012200462052965,,0,仙林校区,2012-2013学年 第2学期,52965,图书馆127,,否,,,,,,0,阅读、鉴赏与写作,18,第9节-第10节,图书馆,004620
32.0,000000,艺术与哲学(20122-004621-1),2012200462152966,,3,,200,2-13周,0,"周宪,周计武",2-13周 周一 第7节-第8节 仙Ⅰ-320,2.0,公共课程,否,,周一,2012-2013-2,,2012200462152966,,0,仙林校区,2012-2013学年 第2学期,52966,仙Ⅰ-320,,否,,,,,,0,艺术与哲学,11,第7节-第8节,仙I区,004621
32.0,000000,合作行为与社会发展(20122-004704-1),2012200470452974,,3,,250,2-13周,0,"张康之,李永刚,孔繁斌",2-13周 周一 第9节-第10节 仙Ⅱ-122,2.0,公共课程,否,,周一,2012-2013-2,,2012200470452974,,0,仙林校区,2012-2013学年 第2学期,52974,仙Ⅱ-122,,否,,,,,,0,合作行为与社会发展,12,第9节-第10节,仙II区,004704
96.0,400010,毕业论文(20122-010000-1),2012201000052651,,3,,33,,0,, 自由时间 - ,6.0,文学院,否,,自由时间,2012-2013-2,,2012201000052651,2009文学院戏剧影视文学,0,仙林校区,2012-2013学年 第2学期,52651,无,,否,,,,,,0,毕业论文,,自由时间,,010000
48.0,400010,中国古代文学（二）(20122-010010B-1),20122010010B52615,,3,,82,1-17周,0,童岭,1-17周 周二 第5节-第7节 逸B-305,3.0,文学院,否,,周二,2012-2013-2,,20122010010B52615,2012文学院戏剧影视文学,0,仙林校区,2012-2013学年 第2学期,52615,逸B-305,,否,,,,,,0,中国古代文学（二）,16,第5节-第7节,逸夫楼B区,010010B
48.0,400010,中国古代文学（二）(20122-010010B-2),20122010010B52616,,3,,63,1-17周,0,于溯,1-17周 周二 第5节-第7节 逸B-306,3.0,文学院,否,,周二,2012-2013-2,,20122010010B52616,2012文学院戏剧影视文学,0,仙林校区,2012-2013学年 第2学期,52616,逸B-306,,否,,,,,,0,中国古代文学（二）,16,第5节-第7节,逸夫楼B区,010010B
48.0,400010,中国古代文学（四）(20122-010010D-1),20122010010D52619,,3,,59,1-17周,0,金程宇,1-17周 周三 第5节-第7节 仙Ⅱ-313,3.0,文学院,否,,周三,2012-2013-2,,20122010010D52619,2011文学院汉语言文学（拔尖计划）,0,仙林校区,2012-2013学年 第2学期,52619,仙Ⅱ-313,,否,,,,,,0,中国古代文学（四）,12,第5节-第7节,仙II区,010010D
48.0,400010,中国古代文学（四）(20122-010010D-2),20122010010D52620,,3,,50,1-17周,0,冯乾,1-17周 周三 第5节-第7节 仙Ⅱ-314,3.0,文学院,否,,周三,2012-2013-2,,20122010010D52620,2011文学院汉语言文学（拔尖计划）,0,仙林校区,2012-2013学年 第2学期,52620,仙Ⅱ-314,,否,,,,,,0,中国古代文学（四）,12,第5节-第7节,仙II区,010010D
64.0,400010,中国古代文学史（下）(20122-010010F-1),20122010010F52687,,3,,38,"1-17周,1-17周",0,徐涛,"1-17周 周二 第1节-第2节 仙Ⅱ-115,1-17周 周四 第3节-第4节 逸B-508",4.0,文学院,否,,"周二,周四",2012-2013-2,,20122010010F52687,2012文学院汉语言文学(作家班),0,仙林校区,2012-2013学年 第2学期,52687,"仙Ⅱ-115,逸B-508",,否,,,,,,0,中国古代文学史（下）,"12,16","第1节-第2节,第3节-第4节","仙II区, 逸夫楼B区",010010F
64.0,400010,外国文学（上）(20122-010020A-1),20122010020A52692,,3,,44,1-17周,0,唐建清,1-17周 周一 第5节-第7节 逸B-402,4.0,文学院,否,,周一,2012-2013-2,,20122010020A52692,2012文学院汉语言文学(作家班),0,仙林校区,2012-2013学年 第2学期,52692,逸B-402,,否,,,,,,0,外国文学（上）,16,第5节-第7节,逸夫楼B区,010020A
64.0,400010,外国文学（下）(20122-010020B-1),20122010020B52632,,3,,50,"1-17周,1-17周",0,"余斌,昂智慧","1-17周 周二 第3节-第4节 仙Ⅱ-314,1-17周 周四 第3节-第4节 仙Ⅱ-312",4.0,文学院,否,,"周二,周四",2012-2013-2,,20122010020B52632,2010文学院汉语言文学（拔尖计划）,0,仙林校区,2012-2013学年 第2学期,52632,"仙Ⅱ-314,仙Ⅱ-312",,否,,,,,,0,外国文学（下）,12,"第3节-第4节,第3节-第4节",仙II区,010020B
64.0,400010,外国文学（下）(20122-010020B-2),20122010020B52633,,3,,56,"1-17周,1-17周",0,董晓,"1-17周 周二 第3节-第4节 逸B-404,1-17周 周四 第3节-第4节 仙Ⅱ-313",4.0,文学院,否,,"周二,周四",2012-2013-2,,20122010020B52633,2010文学院汉语言文学（拔尖计划）,0,仙林校区,2012-2013学年 第2学期,52633,"逸B-404,仙Ⅱ-313",,否,,,,,,0,外国文学（下）,"12,16","第3节-第4节,第3节-第4节","仙II区, 逸夫楼B区",010020B
32.0,400010,文学概论（上）(20122-011010A-1),20122011010A52621,,3,,59,1-17周,0,汪正龙,1-17周 周四 第3节-第4节 仙Ⅱ-214,2.0,文学院,否,,周四,2012-2013-2,,20122011010A52621,2011文学院汉语言文学（拔尖计划）,0,仙林校区,2012-2013学年 第2学期,52621,仙Ⅱ-214,,否,,,,,,0,文学概论（上）,12,第3节-第4节,仙II区,011010A
32.0,400010,文学概论（上）(20122-011010A-2),20122011010A52622,,3,,60,1-17周,0,周计武,1-17周 周四 第3节-第4节 仙Ⅱ-215,2.0,文学院,否,,周四,2012-2013-2,,20122011010A52622,2011文学院汉语言文学（拔尖计划）,0,仙林校区,2012-2013学年 第2学期,52622,仙Ⅱ-215,,否,,,,,,0,文学概论（上）,12,第3节-第4节,仙II区,011010A
48.0,400010,古代汉语（上）(20122-011030A-1),20122011030A52617,,3,,110,"2-18周(双),1-17周",0,高小方,"1-17周 周三 第3节-第4节 逸A-416,2-18周(双) 周一 第3节-第4节 逸B-507",3.0,文学院,否,,"周一,周三",2012-2013-2,,20122011030A52617,,0,仙林校区,2012-2013学年 第2学期,52617,"逸B-507,逸A-416",,否,,,,,,0,古代汉语（上）,"15,16","第3节-第4节,第3节-第4节","逸夫楼A区, 逸夫楼B区",011030A
48.0,400010,古代汉语（上）(20122-011030A-2),20122011030A52724,,3,,94,1-17周,0,魏宜辉,1-17周 周三 第5节-第7节 仙Ⅱ-103,3.0,文学院,否,,周三,2012-2013-2,,20122011030A52724,"2012哲学学院哲学,2012建筑与城市规划学院建筑学",0,仙林校区,2012-2013学年 第2学期,52724,仙Ⅱ-103,,否,,,,,,0,古代汉语（上）,12,第5节-第7节,仙II区,011030A
48.0,400010,古代汉语（下）(20122-011030B-1),20122011030B52688,,3,,38,1-17周,0,魏宜辉,1-17周 周二 第3节-第4节 ,3.0,文学院,否,,周二,2012-2013-2,,20122011030B52688,2012文学院汉语言文学(作家班),0,仙林校区,2012-2013学年 第2学期,52688,无,,否,,,,,,0,古代汉语（下）,,第3节-第4节,,011030B
32.0,400010,现代汉语（下）(20122-011040B-1),20122011040B52623,,3,,54,1-17周,0,陈立中,1-17周 周三 第3节-第4节 仙Ⅱ-313,2.0,文学院,否,,周三,2012-2013-2,,20122011040B52623,2011文学院汉语言文学（拔尖计划）,0,仙林校区,2012-2013学年 第2学期,52623,仙Ⅱ-313,,否,,,,,,0,现代汉语（下）,12,第3节-第4节,仙II区,011040B
32.0,400010,现代汉语（下）(20122-011040B-2),20122011040B52624,,3,,52,1-17周,0,陈光,1-17周 周三 第3节-第4节 仙Ⅱ-314,2.0,文学院,否,,周三,2012-2013-2,,20122011040B52624,2011文学院汉语言文学（拔尖计划）,0,仙林校区,2012-2013学年 第2学期,52624,仙Ⅱ-314,,否,,,,,,0,现代汉语（下）,12,第3节-第4节,仙II区,011040B
64.0,400010,中国现当代文学（上）(20122-011050A-1),20122011050A52686,,3,,37,"1-17周,1-17周",0,李章斌,"1-17周 周一 第3节-第4节 逸B-509,1-17周 周四 第5节-第6节 逸B-508",4.0,文学院,否,,"周一,周四",2012-2013-2,,20122011050A52686,2012文学院汉语言文学(作家班),0,仙林校区,2012-2013学年 第2学期,52686,"逸B-509,逸B-508",,否,,,,,,0,中国现当代文学（上）,16,"第3节-第4节,第5节-第6节",逸夫楼B区,011050A
64.0,400010,中国现当代文学（下）(20122-011050B-1),20122011050B52625,,3,,53,"1-17周,1-17周",0,傅元峰,"1-17周 周二 第3节-第4节 仙Ⅱ-312,1-17周 周五 第3节-第4节 仙Ⅰ-519",4.0,文学院,否,,"周二,周五",2012-2013-2,,20122011050B52625,2011文学院汉语言文学（拔尖计划）,0,仙林校区,2012-2013学年 第2学期,52625,"仙Ⅱ-312,仙Ⅰ-519",,否,,,,,,0,中国现当代文学（下）,"11,12","第3节-第4节,第3节-第4节","仙I区, 仙II区",011050B
64.0,400010,中国现当代文学（下）(20122-011050B-2),20122011050B52626,,3,,49,"1-17周,1-17周",0,王爱松,"1-17周 周二 第3节-第4节 仙Ⅱ-313,1-17周 周五 第3节-第4节 仙Ⅱ-314",4.0,文学院,否,,"周二,周五",2012-2013-2,,20122011050B52626,2011文学院汉语言文学（拔尖计划）,0,仙林校区,2012-2013学年 第2学期,52626,"仙Ⅱ-313,仙Ⅱ-314",,否,,,,,,0,中国现当代文学（下）,12,"第3节-第4节,第3节-第4节",仙II区,011050B
32.0,400010,学年论文(20122-011070-1),2012201107052637,,3,,108,1-17周,0,,1-17周 自由时间 - ,2.0,文学院,否,,自由时间,2012-2013-2,,2012201107052637,2010文学院汉语言文学（拔尖计划）,0,仙林校区,2012-2013学年 第2学期,52637,无,,否,,,,,,0,学年论文,,自由时间,,011070
32.0,400010,学年论文(20122-011070-1),2012201107052658,,3,,31,,0,,,2.0,文学院,否,,,2012-2013-2,,2012201107052658,2010文学院戏剧影视文学,0,仙林校区,2012-2013学年 第2学期,52658,,,否,,,,,,0,学年论文,,,,011070
32.0,400010,中国现当代文学（下）(20122-012020B-1),20122012020B52679,,3,,34,1-17周,0,何同彬,1-17周 周三 第3节-第4节 逸C-302,2.0,文学院,否,,周三,2012-2013-2,,20122012020B52679,2012文学院戏剧影视文学,0,仙林校区,2012-2013学年 第2学期,52679,逸C-302,,否,,,,,,0,中国现当代文学（下）,17,第3节-第4节,逸夫楼C区,012020B
48.0,400010,中国戏剧史（下）(20122-012030B-1),20122012030B52668,,3,,36,1-17周,0,马俊山,1-17周 周三 第5节-第7节 逸B-210,3.0,文学院,否,,周三,2012-2013-2,,20122012030B52668,2011文学院戏剧影视文学,0,仙林校区,2012-2013学年 第2学期,52668,逸B-210,,否,,,,,,0,中国戏剧史（下）,16,第5节-第7节,逸夫楼B区,012030B
32.0,400010,外国戏剧(上)(20122-012040A-1),20122012040A52661,,3,,31,1-17周,0,陈恬,1-17周 周二 第3节-第4节 逸B-509,2.0,文学院,否,,周二,2012-2013-2,,20122012040A52661,2010文学院戏剧影视文学,0,仙林校区,2012-2013学年 第2学期,52661,逸B-509,,否,,,,,,0,外国戏剧(上),16,第3节-第4节,逸夫楼B区,012040A
32.0,400010,中国电影（下）(20122-012050B-1),20122012050B52680,,3,,31,1-17周,0,洪宏,1-17周 周四 第5节-第6节 逸B-310,2.0,文学院,否,,周四,2012-2013-2,,20122012050B52680,2012文学院戏剧影视文学,0,仙林校区,2012-2013学年 第2学期,52680,逸B-310,,否,,,,,,0,中国电影（下）,16,第5节-第6节,逸夫楼B区,012050B
32.0,400010,外国电影（下）(20122-012060B-1),20122012060B52669,,3,,36,1-17周,0,杨柳,1-17周 周四 第3节-第4节 逸B-311,2.0,文学院,否,,周四,2012-2013-2,,20122012060B52669,2011文学院戏剧影视文学,0,仙林校区,2012-2013学年 第2学期,52669,逸B-311,,否,,,,,,0,外国电影（下）,16,第3节-第4节,逸夫楼B区,012060B
48.0,400010,舞台剧写作（下）(20122-012070B-1),20122012070B52670,,3,,35,1-17周,0,高子文,1-17周 周四 第5节-第7节 逸B-311,3.0,文学院,否,,周四,2012-2013-2,,20122012070B52670,2011文学院戏剧影视文学,0,仙林校区,2012-2013学年 第2学期,52670,逸B-311,,否,,,,,,0,舞台剧写作（下）,16,第5节-第7节,逸夫楼B区,012070B
48.0,400010,影视剧写作（下)(20122-012080B-1),20122012080B52662,,3,,31,1-17周,0,张建勤,1-17周 周三 第5节-第7节 逸B-301,3.0,文学院,否,,周三,2012-2013-2,,20122012080B52662,2010文学院戏剧影视文学,0,仙林校区,2012-2013学年 第2学期,52662,逸B-301,,否,,,,,,0,影视剧写作（下),16,第5节-第7节,逸夫楼B区,012080B
32.0,400010,《楚辞》研究(20122-013020-1),2012201302052618,,3,,83,1-17周,0,闵丰,1-17周 周四 第5节-第6节 仙Ⅱ-211,2.0,文学院,否,,周四,2012-2013-2,,2012201302052618,,0,仙林校区,2012-2013学年 第2学期,52618,仙Ⅱ-211,,否,,,,,,0,《楚辞》研究,12,第5节-第6节,仙II区,013020
32.0,400010,《说文解字》研究(20122-013070-1),2012201307052627,,3,,68,1-17周,0,魏宜辉,1-17周 周四 第1节-第2节 仙Ⅱ-214,2.0,文学院,否,,周四,2012-2013-2,,2012201307052627,2011文学院汉语言文学（拔尖计划）,0,仙林校区,2012-2013学年 第2学期,52627,仙Ⅱ-214,,否,,,,,,0,《说文解字》研究,12,第1节-第2节,仙II区,013070
32.0,400010,鲁迅研究(20122-013090-1),2012201309052628,,3,,74,1-17周,0,吴俊,1-17周 周四 第5节-第6节 仙Ⅱ-214,2.0,文学院,否,,周四,2012-2013-2,,2012201309052628,2011文学院汉语言文学（拔尖计划）,0,仙林校区,2012-2013学年 第2学期,52628,仙Ⅱ-214,,否,,,,,,0,鲁迅研究,12,第5节-第6节,仙II区,013090
32.0,400010,张爱玲研究(20122-013100-1),2012201310052696,,3,,45,1-17周,0,余斌,1-17周 周一 第5节-第6节 逸B-509,2.0,文学院,否,,周一,2012-2013-2,,2012201310052696,2011文学院汉语言文学(作家班),0,仙林校区,2012-2013学年 第2学期,52696,逸B-509,,否,,,,,,0,张爱玲研究,16,第5节-第6节,逸夫楼B区,013100
32.0,400010,工具书使用法(20122-013170-1),2012201317052629,,3,,81,1-17周,0,高小方,1-17周 周三 第1节-第2节 仙Ⅱ-313,2.0,文学院,否,,周三,2012-2013-2,,2012201317052629,2011文学院汉语言文学（拔尖计划）,0,仙林校区,2012-2013学年 第2学期,52629,仙Ⅱ-313,,否,,,,,,0,工具书使用法,12,第1节-第2节,仙II区,013170
32.0,400010,比较文学导论(20122-013190-1),2012201319052638,,3,,28,1-17周,0,昂智慧,1-17周 周二 第5节-第6节 逸B-312,2.0,文学院,否,,周二,2012-2013-2,,2012201319052638,2010文学院汉语言文学（拔尖计划）,0,仙林校区,2012-2013学年 第2学期,52638,逸B-312,,否,,,,,,0,比较文学导论,16,第5节-第6节,逸夫楼B区,013190
32.0,400010,现代文学思潮(20122-013280-1),2012201328052640,,3,,46,1-17周,0,倪婷婷,1-17周 周三 第3节-第4节 逸B-305,2.0,文学院,否,,周三,2012-2013-2,,2012201328052640,2010文学院汉语言文学（拔尖计划）,0,仙林校区,2012-2013学年 第2学期,52640,逸B-305,,否,,,,,,0,现代文学思潮,16,第3节-第4节,逸夫楼B区,013280
32.0,400010,俄苏作家与中国(20122-013410-1),2012201341052691,,3,,36,1-17周,0,董晓,1-17周 周四 第1节-第2节 逸B-508,2.0,文学院,否,,周四,2012-2013-2,,2012201341052691,2012文学院汉语言文学(作家班),0,仙林校区,2012-2013学年 第2学期,52691,逸B-508,,否,,,,,,0,俄苏作家与中国,16,第1节-第2节,逸夫楼B区,013410
32.0,400010,文体写作(20122-013460-1),2012201346052698,,3,,43,"1-17周,1-17周",0,周欣展,"1-17周 周二 第3节-第4节 逸C-302,1-17周 周四 第5节-第6节 逸B-401",2.0,文学院,否,,"周二,周四",2012-2013-2,,2012201346052698,2011文学院汉语言文学(作家班),0,仙林校区,2012-2013学年 第2学期,52698,"逸C-302,逸B-401",,否,,,,,,0,文体写作,"16,17","第3节-第4节,第5节-第6节","逸夫楼B区, 逸夫楼C区",013460
32.0,400010,文艺心理学(20122-013520-1),2012201352052630,,3,,69,1-17周,0,包兆会,1-17周 周一 第3节-第4节 逸C-319,2.0,文学院,否,,周一,2012-2013-2,,2012201352052630,2011文学院汉语言文学（拔尖计划）,0,仙林校区,2012-2013学年 第2学期,52630,逸C-319,,否,,,,,,0,文艺心理学,17,第3节-第4节,逸夫楼C区,013520
32.0,400010,新时期小说思潮(20122-013580-1),2012201358052695,,3,,46,"1-17周,1-17周",0,何同彬,"1-17周 周三 第1节-第2节 逸C-306,1-17周 周五 第3节-第4节 逸B-303",2.0,文学院,否,,"周三,周五",2012-2013-2,,2012201358052695,2011文学院汉语言文学(作家班),0,仙林校区,2012-2013学年 第2学期,52695,"逸C-306,逸B-303",,否,,,,,,0,新时期小说思潮,"16,17","第1节-第2节,第3节-第4节","逸夫楼B区, 逸夫楼C区",013580
32.0,400010,台湾电影赏析(20122-013600-1),2012201360052694,,3,,39,1-17周,0,刘俊,1-17周 周三 第5节-第7节 逸B-401,2.0,文学院,否,,周三,2012-2013-2,,2012201360052694,2012文学院汉语言文学(作家班),0,仙林校区,2012-2013学年 第2学期,52694,逸B-401,,否,,,,,,0,台湾电影赏析,16,第5节-第7节,逸夫楼B区,013600
32.0,400010,中国文化史（下）(20122-013620B-1),20122013620B52689,,3,,38,1-17周,0,姚松,1-17周 周三 第3节-第4节 逸C-305,2.0,文学院,否,,周三,2012-2013-2,,20122013620B52689,2012文学院汉语言文学(作家班),0,仙林校区,2012-2013学年 第2学期,52689,逸C-305,,否,,,,,,0,中国文化史（下）,17,第3节-第4节,逸夫楼C区,013620B
48.0,400010,外国戏剧史(20122-013710-1),2012201371052693,,3,,81,1-17周,0,高子文,1-17周 周二 第5节-第7节 逸B-202,3.0,文学院,否,,周二,2012-2013-2,,2012201371052693,"2011文学院汉语言文学(作家班),2012文学院汉语言文学(作家班)",0,仙林校区,2012-2013学年 第2学期,52693,逸B-202,,否,,,,,,0,外国戏剧史,16,第5节-第7节,逸夫楼B区,013710
96.0,400010,文学创作(20122-013780-1),2012201378052699,,3,,44,1-17周,0,王彬彬,1-17周 自由时间 - ,6.0,文学院,否,,自由时间,2012-2013-2,,2012201378052699,2011文学院汉语言文学(作家班),0,仙林校区,2012-2013学年 第2学期,52699,无,,否,,,,,,0,文学创作,,自由时间,,013780
32.0,400010,城市语言调查(20122-013800-1),2012201380052641,,3,,20,1-17周,0,王玲,1-17周 周四 第5节-第6节 逸B-308,2.0,文学院,否,,周四,2012-2013-2,,2012201380052641,2010文学院汉语言文学（拔尖计划）,0,仙林校区,2012-2013学年 第2学期,52641,逸B-308,,否,,,,,,0,城市语言调查,16,第5节-第6节,逸夫楼B区,013800
32.0,400010,曲学通论(20122-013910-1),2012201391052663,,3,,13,1-17周,0,解玉峰,1-17周 周二 第5节-第6节 逸B-509,2.0,文学院,否,,周二,2012-2013-2,,2012201391052663,2010文学院戏剧影视文学,0,仙林校区,2012-2013学年 第2学期,52663,逸B-509,,否,,,,,,0,曲学通论,16,第5节-第6节,逸夫楼B区,013910
32.0,400010,影视制作（1）(20122-014050A-1),20122014050A52671,,3,,37,1-17周,0,杨弋枢,1-17周 周五 第3节-第4节 ,2.0,文学院,否,,周五,2012-2013-2,,20122014050A52671,2011文学院戏剧影视文学,0,仙林校区,2012-2013学年 第2学期,52671,仙林影视工作室,,否,,,,,,0,影视制作（1）,,第3节-第4节,,014050A
32.0,400010,现代汉语词汇研究(20122-014090-1),2012201409052642,,3,,26,1-17周,0,陈光,1-17周 周三 第5节-第6节 逸B-312,2.0,文学院,否,,周三,2012-2013-2,,2012201409052642,2010文学院汉语言文学（拔尖计划）,0,仙林校区,2012-2013学年 第2学期,52642,逸B-312,,否,,,,,,0,现代汉语词汇研究,16,第5节-第6节,逸夫楼B区,014090
32.0,400010,汉语文化学(20122-014160-1),2012201416052631,,3,,36,1-17周,0,杨锡彭,1-17周 周二 第7节-第8节 仙Ⅱ-212,2.0,文学院,否,,周二,2012-2013-2,,2012201416052631,2011文学院汉语言文学（拔尖计划）,0,仙林校区,2012-2013学年 第2学期,52631,仙Ⅱ-212,,否,,,,,,0,汉语文化学,12,第7节-第8节,仙II区,014160
32.0,400010,视听语言(20122-014190-1),2012201419052681,,3,,34,1-17周,0,杨弋枢,1-17周 周五 第5节-第6节 仙Ⅱ-315,2.0,文学院,否,,周五,2012-2013-2,,2012201419052681,2012文学院戏剧影视文学,0,仙林校区,2012-2013学年 第2学期,52681,仙Ⅱ-315,,否,,,,,,0,视听语言,12,第5节-第6节,仙II区,014190
32.0,400010,目录学研究(20122-014270-1),2012201427052644,,3,,33,1-17周,0,张宗友,1-17周 周五 第3节-第4节 逸B-312,2.0,文学院,否,,周五,2012-2013-2,,2012201427052644,2010文学院汉语言文学（拔尖计划）,0,仙林校区,2012-2013学年 第2学期,52644,逸B-312,,否,,,,,,0,目录学研究,16,第3节-第4节,逸夫楼B区,014270
32.0,400010,中国古典戏曲作品研读(20122-014340-1),2012201434052697,,3,,43,1-17周,0,许莉莉,1-17周 周三 第3节-第4节 逸C-306,2.0,文学院,否,,周三,2012-2013-2,,2012201434052697,2011文学院汉语言文学(作家班),0,仙林校区,2012-2013学年 第2学期,52697,逸C-306,,否,,,,,,0,中国古典戏曲作品研读,17,第3节-第4节,逸夫楼C区,014340
32.0,400010,《文选》研究(20122-014430-1),2012201443052649,,3,,10,1-17周,0,童岭,1-17周 周二 第3节-第4节 ,2.0,文学院,否,,周二,2012-2013-2,,2012201443052649,2009文学院汉语言文学（拔尖计划）,0,仙林校区,2012-2013学年 第2学期,52649,仙林文学院楼443室,,否,,,,,,0,《文选》研究,,第3节-第4节,,014430
32.0,400010,摄影与摄像（1）(20122-014460A-1),20122014460A52682,,3,,31,1-17周,0,李晓峰,1-17周 周一 第3节-第4节 逸B-402,2.0,文学院,否,,周一,2012-2013-2,,20122014460A52682,2012文学院戏剧影视文学,0,仙林校区,2012-2013学年 第2学期,52682,逸B-402,,否,,,,,,0,摄影与摄像（1）,16,第3节-第4节,逸夫楼B区,014460A
32.0,400010,外国电视剧研究(20122-014470-1),2012201447052665,,3,,14,1-17周,0,罗慧林,1-17周 周四 第3节-第4节 逸B-401,2.0,文学院,否,,周四,2012-2013-2,,2012201447052665,2010文学院戏剧影视文学,0,仙林校区,2012-2013学年 第2学期,52665,逸B-401,,否,,,,,,0,外国电视剧研究,16,第3节-第4节,逸夫楼B区,014470
32.0,400010,电视剧策划(20122-014480-1),2012201448052666,,3,,29,1-17周,0,张建勤,1-17周 周三 第3节-第4节 逸C-303,2.0,文学院,否,,周三,2012-2013-2,,2012201448052666,2010文学院戏剧影视文学,0,仙林校区,2012-2013学年 第2学期,52666,逸C-303,,否,,,,,,0,电视剧策划,17,第3节-第4节,逸夫楼C区,014480
32.0,400010,影视名片研读(20122-014500-1),2012201450052683,,3,,11,1-17周,0,胡星亮,1-17周 周三 第5节-第6节 逸B-311,2.0,文学院,否,,周三,2012-2013-2,,2012201450052683,2012文学院戏剧影视文学,0,仙林校区,2012-2013学年 第2学期,52683,逸B-311,,否,,,,,,0,影视名片研读,16,第5节-第6节,逸夫楼B区,014500
32.0,400010,中国的语言(20122-014530-1),2012201453052645,,3,,14,1-17周,0,徐世梁,1-17周 周一 第3节-第4节 ,2.0,文学院,否,,周一,2012-2013-2,,2012201453052645,2010文学院汉语言文学（拔尖计划）,0,仙林校区,2012-2013学年 第2学期,52645,文学楼451,,否,,,,,,0,中国的语言,,第3节-第4节,,014530
32.0,400010,中国电视剧研究(20122-014620-1),2012201462052676,,3,,32,1-17周,0,李兴阳,1-17周 周二 第3节-第4节 逸B-508,2.0,文学院,否,,周二,2012-2013-2,,2012201462052676,2011文学院戏剧影视文学,0,仙林校区,2012-2013学年 第2学期,52676,逸B-508,,否,,,,,,0,中国电视剧研究,16,第3节-第4节,逸夫楼B区,014620
48.0,400010,日本电影入门(20122-014650-1),2012201465052677,,3,,28,1-17周,0,约翰,1-17周 周一 第2节-第4节 逸B-508,3.0,文学院,否,,周一,2012-2013-2,,2012201465052677,2011文学院戏剧影视文学,0,仙林校区,2012-2013学年 第2学期,52677,逸B-508,,否,,,,,,0,日本电影入门,16,第2节-第4节,逸夫楼B区,014650
32.0,400010,戏剧影视评论写作(20122-014660-1),2012201466052652,,3,,48,1-17周,0,洪宏,1-17周 周四 第3节-第4节 逸B-402,2.0,文学院,否,,周四,2012-2013-2,,2012201466052652,"2009文学院戏剧影视文学,2011文学院汉语言文学(作家班)",0,仙林校区,2012-2013学年 第2学期,52652,逸B-402,,否,,,,,,0,戏剧影视评论写作,16,第3节-第4节,逸夫楼B区,014660
32.0,400010,电影与城市(20122-014710-1),2012201471052667,,3,,13,1-17周,0,约翰,1-17周 周一 第5节-第6节 逸B-401,2.0,文学院,否,,周一,2012-2013-2,,2012201471052667,2010文学院戏剧影视文学,0,仙林校区,2012-2013学年 第2学期,52667,逸B-401,,否,,,,,,0,电影与城市,16,第5节-第6节,逸夫楼B区,014710
32.0,400010,剧场与片场实践(20122-014760-1),2012201476052684,,3,,30,1-17周,0,于声瑞,1-17周 周二 第3节-第4节 ,2.0,文学院,否,,周二,2012-2013-2,,2012201476052684,2012文学院戏剧影视文学,0,仙林校区,2012-2013学年 第2学期,52684,仙林黑匣子剧场,,否,,,,,,0,剧场与片场实践,,第3节-第4节,,014760
32.0,400010,大师研究(20122-014780-1),2012201478052678,,3,,36,1-17周,0,周安华,1-17周 周一 第5节-第6节 逸B-508,2.0,文学院,否,,周一,2012-2013-2,,2012201478052678,2011文学院戏剧影视文学,0,仙林校区,2012-2013学年 第2学期,52678,逸B-508,,否,,,,,,0,大师研究,16,第5节-第6节,逸夫楼B区,014780
32.0,400010,桐城文选(20122-014830-1),2012201483052650,,3,,6,1-17周,0,许结,1-17周 周三 第3节-第4节 逸C-210,2.0,文学院,否,,周三,2012-2013-2,,2012201483052650,2009文学院汉语言文学（拔尖计划）,0,仙林校区,2012-2013学年 第2学期,52650,逸C-210,,否,,,,,,0,桐城文选,17,第3节-第4节,逸夫楼C区,014830
32.0,400010,曹禺研究(20122-014840-1),2012201484052654,,3,,1,,0,,,2.0,文学院,否,,,2012-2013-2,,2012201484052654,,0,仙林校区,2012-2013学年 第2学期,52654,,,否,,,,,,0,曹禺研究,,,,014840
48.0,400020,中国通史（二）(20122-020010B-1),20122020010B51078,,3,,75,1-17周,0,"特木勒,邹劲风,夏维中",1-17周 周四 第5节-第8节 仙Ⅰ-203,3.0,历史学院,否,,周四,2012-2013-2,,20122020010B51078,2012历史学院历史学类,0,仙林校区,2012-2013学年 第2学期,51078,仙Ⅰ-203,,否,,,,,,0,中国通史（二）,11,第5节-第8节,仙I区,020010B
64.0,400020,世界通史（一）(20122-020020-1),2012202002051085,,3,,78,"1-17周,1-17周",0,"洪霞,陈日华","1-17周 周四 第3节-第4节 仙Ⅰ-321,1-17周 周二 第5节-第6节 仙Ⅰ-321",4.0,历史学院,否,,"周二,周四",2012-2013-2,,2012202002051085,2012历史学院历史学类,0,仙林校区,2012-2013学年 第2学期,51085,"仙Ⅰ-321,仙Ⅰ-321",,否,,,,,,0,世界通史（一）,11,"第5节-第6节,第3节-第4节",仙I区,020020
128.0,400020,毕业论文(20122-020030-1),2012202003051353,,1,,37,,0,,,8.0,历史学院,否,,,2012-2013-2,,2012202003051353,2009历史学院历史学,0,鼓楼校区,2012-2013学年 第2学期,51353,,,否,,,,,,0,毕业论文,,,,020030
128.0,400020,毕业论文(20122-020030-1),2012202003052005,,1,,16,,0,,,8.0,历史学院,否,,,2012-2013-2,,2012202003052005,2009历史学院考古学（文物鉴定方向）,0,鼓楼校区,2012-2013学年 第2学期,52005,,,否,,,,,,0,毕业论文,,,,020030
128.0,400020,毕业论文(20122-020030-1),2012202003052006,,1,,11,,0,,,8.0,历史学院,否,,,2012-2013-2,,2012202003052006,2009历史学院考古学,0,鼓楼校区,2012-2013学年 第2学期,52006,,,否,,,,,,0,毕业论文,,,,020030
128.0,400010,毕业论文(20122-020030-1),2012202003052648,,3,,88,1-17周,0,,1-17周 自由时间 - ,8.0,文学院,否,,自由时间,2012-2013-2,,2012202003052648,2009文学院汉语言文学（拔尖计划）,0,仙林校区,2012-2013学年 第2学期,52648,无,,否,,,,,,0,毕业论文,,自由时间,,020030
48.0,400020,中国通史（四）(20122-021010B-1),20122021010B51115,,3,,49,1-17周,0,"姜良芹,陈谦平,李恭忠",1-17周 周三 第5节-第7节 仙Ⅰ-212,3.0,历史学院,否,,周三,2012-2013-2,,20122021010B51115,2011历史学院历史学,0,仙林校区,2012-2013学年 第2学期,51115,仙Ⅰ-212,,否,,,,,,0,中国通史（四）,11,第5节-第7节,仙I区,021010B
32.0,400020,世界通史（三）(20122-021020B-1),20122021020B51119,,3,,48,1-17周,0,"施义慧,刘金源",1-17周 周三 第3节-第4节 仙Ⅰ-103,2.0,历史学院,否,,周三,2012-2013-2,,20122021020B51119,2011历史学院历史学,0,仙林校区,2012-2013学年 第2学期,51119,仙Ⅰ-103,,否,,,,,,0,世界通史（三）,11,第3节-第4节,仙I区,021020B
32.0,400020,中国历史文选(20122-021030B-1),20122021030B51122,,3,,0,1-17周,0,,1-17周 周一 第3节-第4节 ,2.0,历史学院,否,,周一,2012-2013-2,,20122021030B51122,,0,仙林校区,2012-2013学年 第2学期,51122,无,,否,,,,,,0,中国历史文选,,第3节-第4节,,021030B
32.0,400020,中国历史文选(20122-021030B-1),20122021030B51318,,3,,51,1-17周,0,邹劲风,1-17周 周一 第3节-第4节 仙Ⅰ-203,2.0,历史学院,否,,周一,2012-2013-2,,20122021030B51318,2011历史学院历史学,0,仙林校区,2012-2013学年 第2学期,51318,仙Ⅰ-203,,否,,,,,,0,中国历史文选,11,第3节-第4节,仙I区,021030B
32.0,400020,史学概论(20122-021040-1),2012202104052016,,3,,115,1-17周,0,胡成,1-17周 周二 第7节-第8节 逸B-207,2.0,历史学院,否,,周二,2012-2013-2,,2012202104052016,"2011历史学院历史学,2012历史学院历史学类",0,仙林校区,2012-2013学年 第2学期,52016,逸B-207,,否,,,,,,0,史学概论,16,第7节-第8节,逸夫楼B区,021040
32.0,400020,专业英语（下）(20122-021050B-1),20122021050B51149,,3,,41,1-17周,0,邹劲风,1-17周 周五 第3节-第4节 仙Ⅰ-203,2.0,历史学院,否,,周五,2012-2013-2,,20122021050B51149,2010历史学院历史学,0,仙林校区,2012-2013学年 第2学期,51149,仙Ⅰ-203,,否,,,,,,0,专业英语（下）,11,第3节-第4节,仙I区,021050B
32.0,400020,外国史学史(20122-021220-1),2012202122051152,,3,,49,1-17周,0,"闵凡祥,施义慧",1-17周 周三 第5节-第6节 仙Ⅰ-213,2.0,历史学院,否,,周三,2012-2013-2,,2012202122051152,2010历史学院历史学,0,仙林校区,2012-2013学年 第2学期,51152,仙Ⅰ-213,,否,,,,,,0,外国史学史,11,第5节-第6节,仙I区,021220
32.0,400020,中国经济史(20122-021230-1),2012202123051154,,3,,49,1-17周,0,"范金民,张学锋,马俊亚",1-17周 周二 第3节-第4节 仙Ⅰ-201,2.0,历史学院,否,,周二,2012-2013-2,,2012202123051154,2010历史学院历史学,0,仙林校区,2012-2013学年 第2学期,51154,仙Ⅰ-201,,否,,,,,,0,中国经济史,11,第3节-第4节,仙I区,021230
32.0,400020,中国史学史(20122-021240-1),2012202124051091,,3,,0,,0,,,2.0,历史学院,否,,,2012-2013-2,,2012202124051091,,0,仙林校区,2012-2013学年 第2学期,51091,,,否,,,,,,0,中国史学史,,,,021240
32.0,400020,中国史学史(20122-021240-1),2012202124052019,,3,,108,1-17周,0,武黎嵩,1-17周 周三 第3节-第4节 逸B-313,2.0,历史学院,否,,周三,2012-2013-2,,2012202124052019,"2010历史学院历史学,2012历史学院历史学类",0,仙林校区,2012-2013学年 第2学期,52019,逸B-313,,否,,,,,,0,中国史学史,16,第3节-第4节,逸夫楼B区,021240
32.0,400020,中国史专题研究(20122-021260-1),2012202126051201,,1,,37,1-17周,0,"刘兴林,成祖明,申晓云,李玉,范金民",1-17周 周一 第3节-第4节 教206,2.0,历史学院,否,,周一,2012-2013-2,,2012202126051201,2009历史学院历史学,0,鼓楼校区,2012-2013学年 第2学期,51201,教206,,否,,,,,,0,中国史专题研究,1,第3节-第4节,教学楼,021260
32.0,400020,世界史专题研究(20122-021270-1),2012202127051204,,1,,42,1-17周,0,"闵凡祥,王涛,于文杰,陈祖洲,刘成,舒小昀,陈晓律,陈日华,洪霞,沈汉,张红,吴贺",1-17周 周三 第3节-第4节 教206,2.0,历史学院,否,,周三,2012-2013-2,,2012202127051204,2009历史学院历史学,0,鼓楼校区,2012-2013学年 第2学期,51204,教206,,否,,,,,,0,世界史专题研究,1,第3节-第4节,教学楼,021270
32.0,400020,国民党派系史(20122-021340-1),2012202134051156,,3,,16,1-17周,0,申晓云,1-17周 周四 第5节-第6节 仙Ⅱ-114,2.0,历史学院,否,,周四,2012-2013-2,,2012202134051156,2010历史学院历史学,0,仙林校区,2012-2013学年 第2学期,51156,仙Ⅱ-114,,否,,,,,,0,国民党派系史,12,第5节-第6节,仙II区,021340
32.0,400020,20世纪女性问题(20122-021420-1),2012202142051472,,3,,18,1-17周,0,任玲玲,1-17周 周一 第5节-第6节 仙Ⅱ-111,2.0,历史学院,否,,周一,2012-2013-2,,2012202142051472,2010历史学院历史学,0,仙林校区,2012-2013学年 第2学期,51472,仙Ⅱ-111,,否,,,,,,0,20世纪女性问题,12,第5节-第6节,仙II区,021420
32.0,400020,当代东亚国际关系(20122-021440-1),2012202144051478,,3,,25,1-17周,0,刘立涛,1-17周 周二 第5节-第6节 仙Ⅱ-116,2.0,历史学院,否,,周二,2012-2013-2,,2012202144051478,2010历史学院历史学,0,仙林校区,2012-2013学年 第2学期,51478,仙Ⅱ-116,,否,,,,,,0,当代东亚国际关系,12,第5节-第6节,仙II区,021440
32.0,400020,比较城市史研究(20122-021490-1),2012202149051475,,3,,28,1-17周,0,罗晓翔,1-17周 周一 第3节-第4节 仙Ⅰ-317,2.0,历史学院,否,,周一,2012-2013-2,,2012202149051475,2010历史学院历史学,0,仙林校区,2012-2013学年 第2学期,51475,仙Ⅰ-317,,否,,,,,,0,比较城市史研究,11,第3节-第4节,仙I区,021490
32.0,400020,东亚海域史(20122-021600-1),2012202160051484,,3,,29,1-17周,0,陈波,1-17周 周四 第3节-第4节 仙Ⅰ-317,2.0,历史学院,否,,周四,2012-2013-2,,2012202160051484,2010历史学院历史学,0,仙林校区,2012-2013学年 第2学期,51484,仙Ⅰ-317,,否,,,,,,0,东亚海域史,11,第3节-第4节,仙I区,021600
32.0,400020,1871 年到1949年中国学生在美日欧的留学生涯(20122-021610-1),2012202161051133,,3,,19,1-17周,0,艾伊娜,1-17周 周一 第5节-第6节 仙Ⅰ-317,2.0,历史学院,否,,周一,2012-2013-2,,2012202161051133,2011历史学院历史学,0,仙林校区,2012-2013学年 第2学期,51133,仙Ⅰ-317,,否,,,,,,0,1871 年到1949年中国学生在美日欧的留学生涯,11,第5节-第6节,仙I区,021610
32.0,400020,秦汉史(20122-021630-1),2012202163051098,,3,,0,,0,,,2.0,历史学院,否,,,2012-2013-2,,2012202163051098,,0,仙林校区,2012-2013学年 第2学期,51098,,,否,,,,,,0,秦汉史,,,,021630
32.0,400020,秦汉史(20122-021630-2),2012202163051182,,3,,0,,0,,,2.0,历史学院,否,,,2012-2013-2,,2012202163051182,,0,仙林校区,2012-2013学年 第2学期,51182,,,否,,,,,,0,秦汉史,,,,021630
32.0,400020,秦汉史(20122-021630-1),2012202163051452,,3,,52,1-17周,0,武黎嵩,1-17周 周四 第7节-第8节 仙Ⅰ-115,2.0,历史学院,否,,周四,2012-2013-2,,2012202163051452,"2010历史学院历史学,2011历史学院考古学,2011历史学院历史学,2010历史学院考古学（文物鉴定方向）,2010历史学院考古学",0,仙林校区,2012-2013学年 第2学期,51452,仙Ⅰ-115,,否,,,,,,0,秦汉史,11,第7节-第8节,仙I区,021630
32.0,400020,秦汉史(20122-021630-1),2012202163051480,,,,0,,0,,,2.0,历史学院,否,,,2012-2013-2,,2012202163051480,,0,,2012-2013学年 第2学期,51480,,,否,,,,,,0,秦汉史,,,,021630
32.0,400020,田野考古方法(20122-022010-1),2012202201051225,,3,,24,1-17周,0,张敬雷,1-17周 周一 第3节-第4节 逸A-322,2.0,历史学院,否,,周一,2012-2013-2,,2012202201051225,2011历史学院考古学,0,仙林校区,2012-2013学年 第2学期,51225,逸A-322,,否,,,,,,0,田野考古方法,15,第3节-第4节,逸夫楼A区,022010
32.0,400020,考古绘图(20122-022020-1),2012202202051247,,1,,16,1-17周,0,赵东升,1-17周 周二 第3节-第4节 ,2.0,历史学院,否,,周二,2012-2013-2,,2012202202051247,2011历史学院考古学,0,鼓楼校区,2012-2013学年 第2学期,51247,文2-1614,,否,,,,,,0,考古绘图,,第3节-第4节,,022020
32.0,400020,古文字学(20122-022050-1),2012202205052023,,3,,30,1-17周,0,周言,1-17周 周一 第3节-第4节 逸B-201,2.0,历史学院,否,,周一,2012-2013-2,,2012202205052023,"2010历史学院考古学,2010历史学院考古学（文物鉴定方向）",0,仙林校区,2012-2013学年 第2学期,52023,逸B-201,,否,,,,,,0,古文字学,16,第3节-第4节,逸夫楼B区,022050
32.0,400020,夏商周考古(20122-022080-1),2012202208051251,,3,,18,1-17周,0,周言,1-17周 周三 第5节-第7节 仙Ⅱ-111,2.0,历史学院,否,,周三,2012-2013-2,,2012202208051251,2011历史学院考古学,0,仙林校区,2012-2013学年 第2学期,51251,仙Ⅱ-111,,否,,,,,,0,夏商周考古,12,第5节-第7节,仙II区,022080
32.0,400020,战国秦汉考古(20122-022090-1),2012202209051269,,3,,15,1-17周,0,刘兴林,1-17周 周三 第2节-第4节 逸B-211,2.0,历史学院,否,,周三,2012-2013-2,,2012202209051269,2011历史学院考古学,0,仙林校区,2012-2013学年 第2学期,51269,逸B-211,,否,,,,,,0,战国秦汉考古,16,第2节-第4节,逸夫楼B区,022090
32.0,400020,三国两晋南北朝考古(20122-022100-1),2012202210051270,,3,,13,1-17周,0,吴桂兵,1-17周 周三 第2节-第4节 逸B-208,2.0,历史学院,否,,周三,2012-2013-2,,2012202210051270,2010历史学院考古学,0,仙林校区,2012-2013学年 第2学期,51270,逸B-208,,否,,,,,,0,三国两晋南北朝考古,16,第2节-第4节,逸夫楼B区,022100
32.0,400020,中国古代钱币(20122-022330-1),2012202233051503,,3,,32,1-17周,0,刘兴林,1-17周 周四 第3节-第4节 逸B-410,2.0,历史学院,否,,周四,2012-2013-2,,2012202233051503,"2010历史学院考古学,2010历史学院考古学（文物鉴定方向）",0,仙林校区,2012-2013学年 第2学期,51503,逸B-410,,否,,,,,,0,中国古代钱币,16,第3节-第4节,逸夫楼B区,022330
32.0,400020,科技考古与文物保护学概论(20122-022350-1),2012202235051274,,3,,13,1-17周,0,王晓琪,1-17周 周二 第5节-第6节 仙Ⅰ-317,2.0,历史学院,否,,周二,2012-2013-2,,2012202235051274,"2010历史学院考古学,2010历史学院考古学（文物鉴定方向）",0,仙林校区,2012-2013学年 第2学期,51274,仙Ⅰ-317,,否,,,,,,0,科技考古与文物保护学概论,11,第5节-第6节,仙I区,022350
32.0,400020,考古专业英语(20122-022370-1),2012202237051275,,3,,14,1-17周,0,王晓琪,1-17周 周二 第3节-第4节 逸B-211,2.0,历史学院,否,,周二,2012-2013-2,,2012202237051275,2010历史学院考古学,0,仙林校区,2012-2013学年 第2学期,51275,逸B-211,,否,,,,,,0,考古专业英语,16,第3节-第4节,逸夫楼B区,022370
32.0,400020,世界考古学史(20122-022380-1),2012202238051276,,3,,21,1-17周,0,洪霞,1-17周 周四 第1节-第2节 逸B-410,2.0,历史学院,否,,周四,2012-2013-2,,2012202238051276,2010历史学院考古学,0,仙林校区,2012-2013学年 第2学期,51276,逸B-410,,否,,,,,,0,世界考古学史,16,第1节-第2节,逸夫楼B区,022380
32.0,400020,考古方法论和文物法规(20122-022390-1),2012202239051278,,3,,19,1-17周,0,黄建秋,1-17周 周五 第5节-第6节 逸A-322,2.0,历史学院,否,,周五,2012-2013-2,,2012202239051278,2010历史学院考古学,0,仙林校区,2012-2013学年 第2学期,51278,逸A-322,,否,,,,,,0,考古方法论和文物法规,15,第5节-第6节,逸夫楼A区,022390
32.0,400020,博物馆学概论(20122-022410-1),2012202241051501,,3,,32,1-17周,0,赵东升,1-17周 周一 第5节-第6节 仙Ⅱ-112,2.0,历史学院,否,,周一,2012-2013-2,,2012202241051501,"2010历史学院考古学,2011历史学院考古学（文物鉴定方向）,2011历史学院考古学",0,仙林校区,2012-2013学年 第2学期,51501,仙Ⅱ-112,,否,,,,,,0,博物馆学概论,12,第5节-第6节,仙II区,022410
32.0,400020,静物素描(20122-022430-1),2012202243051286,,1,,11,1-17周,0,陈佳(外聘),1-17周 周四 第5节-第6节 ,2.0,历史学院,否,,周四,2012-2013-2,,2012202243051286,2009历史学院考古学,0,鼓楼校区,2012-2013学年 第2学期,51286,文2-1614,,否,,,,,,0,静物素描,,第5节-第6节,,022430
48.0,400020,中国美术史(20122-022440-1),2012202244051291,,3,,18,1-17周,0,王菡薇（外聘）,1-17周 周一 第2节-第4节 逸B-202,3.0,历史学院,否,,周一,2012-2013-2,,2012202244051291,2011历史学院考古学（文物鉴定方向）,0,仙林校区,2012-2013学年 第2学期,51291,逸B-202,,否,,,,,,0,中国美术史,16,第2节-第4节,逸夫楼B区,022440
48.0,400020,中国工艺美术史(20122-022450-1),2012202245051292,,3,,14,"2-18周(双),2-18周(双)",0,周晓陆,"2-18周(双) 周二 第5节-第7节 逸A-212,2-18周(双) 周三 第5节-第7节 逸B-201",3.0,历史学院,否,,"周二,周三",2012-2013-2,,2012202245051292,2011历史学院考古学（文物鉴定方向）,0,仙林校区,2012-2013学年 第2学期,51292,"逸A-212,逸B-201",,否,,,,,,0,中国工艺美术史,"15,16","第5节-第7节,第5节-第7节","逸夫楼A区, 逸夫楼B区",022450
32.0,400020,文物鉴定实习（二）(20122-022480B-1),20122022480B52002,,3,,12,1-17周,0,杨休,1-17周 周五 第1节-第2节 ,2.0,历史学院,否,,周五,2012-2013-2,,20122022480B52002,2010历史学院考古学（文物鉴定方向）,0,仙林校区,2012-2013学年 第2学期,52002,各地博物馆、拍卖会,,否,,,,,,0,文物鉴定实习（二）,,第1节-第2节,,022480B
32.0,400020,文物鉴定实习（三）(20122-022480C-1),20122022480C51304,,1,,16,1-17周,0,杨休,1-17周 周一 第1节-第2节 ,2.0,历史学院,否,,周一,2012-2013-2,,20122022480C51304,2009历史学院考古学（文物鉴定方向）,0,鼓楼校区,2012-2013学年 第2学期,51304,各地博物馆、拍卖会,,否,,,,,,0,文物鉴定实习（三）,,第1节-第2节,,022480C
48.0,400020,中国陶瓷鉴定(20122-022490-1),2012202249051293,,3,,22,1-17周,0,程晓中（兼职）,1-17周 周四 第5节-第7节 仙Ⅰ-212,3.0,历史学院,否,,周四,2012-2013-2,,2012202249051293,2011历史学院考古学（文物鉴定方向）,0,仙林校区,2012-2013学年 第2学期,51293,仙Ⅰ-212,,否,,,,,,0,中国陶瓷鉴定,11,第5节-第7节,仙I区,022490
32.0,400020,中国古代书画鉴定(20122-022500-1),2012202250052004,,3,,12,1-17周(单),0,杨休,1-17周(单) 周一 第5节-第8节 ,2.0,历史学院,否,,周一,2012-2013-2,,2012202250052004,2010历史学院考古学（文物鉴定方向）,0,仙林校区,2012-2013学年 第2学期,52004,中国文物与文化研究所,,否,,,,,,0,中国古代书画鉴定,,第5节-第8节,,022500
32.0,400020,博物馆学(20122-022510-1),2012202251051295,,3,,13,1-17周,0,,1-17周 周一 第5节-第6节 ,2.0,历史学院,否,,周一,2012-2013-2,,2012202251051295,2011历史学院考古学（文物鉴定方向）,0,仙林校区,2012-2013学年 第2学期,51295,仙Ⅱ-112,,否,,,,,,0,博物馆学,,第5节-第6节,,022510
32.0,400020,古代建筑鉴定（一）(20122-022560A-1),20122022560A51297,,3,,16,"1-9周,1-9周",0,周学鹰,"1-9周 周二 第1节-第2节 逸A-213,1-9周 周三 第3节-第4节 逸B-303",2.0,历史学院,否,,"周二,周三",2012-2013-2,,20122022560A51297,2011历史学院考古学（文物鉴定方向）,0,仙林校区,2012-2013学年 第2学期,51297,"逸A-213,逸B-303",,否,,,,,,0,古代建筑鉴定（一）,"15,16","第1节-第2节,第3节-第4节","逸夫楼A区, 逸夫楼B区",022560A
32.0,400020,文物保护概论(20122-022590-1),2012202259051300,,3,,21,1-17周,0,万俐（外聘）,1-17周 周二 第1节-第2节 逸A-322,2.0,历史学院,否,,周二,2012-2013-2,,2012202259051300,2010历史学院考古学（文物鉴定方向）,0,仙林校区,2012-2013学年 第2学期,51300,逸A-322,,否,,,,,,0,文物保护概论,15,第1节-第2节,逸夫楼A区,022590
32.0,400020,艺术品经营与拍卖(20122-022610-1),2012202261051302,,3,,22,1-17周,0,李力,1-17周 周三 第5节-第6节 逸A-322,2.0,历史学院,否,,周三,2012-2013-2,,2012202261051302,2010历史学院考古学（文物鉴定方向）,0,仙林校区,2012-2013学年 第2学期,51302,逸A-322,,否,,,,,,0,艺术品经营与拍卖,15,第5节-第6节,逸夫楼A区,022610
32.0,400020,素描与速写(20122-022620-1),2012202262052003,,3,,14,1-17周(单),0,陈佳(外聘),1-17周(单) 周三 第5节-第8节 逸B-201,2.0,历史学院,否,,周三,2012-2013-2,,2012202262052003,2011历史学院考古学（文物鉴定方向）,0,仙林校区,2012-2013学年 第2学期,52003,逸B-201,,否,,,,,,0,素描与速写,16,第5节-第8节,逸夫楼B区,022620
32.0,400020,科技鉴定方法(20122-022640-1),2012202264052026,,3,,14,1-17周,0,,1-17周 周二 第5节-第6节 ,2.0,历史学院,否,,周二,2012-2013-2,,2012202264052026,2010历史学院考古学（文物鉴定方向）,0,仙林校区,2012-2013学年 第2学期,52026,仙Ⅰ-317,,否,,,,,,0,科技鉴定方法,,第5节-第6节,,022640
32.0,400020,非物质文化遗产概论(20122-022700-1),2012202270051259,,3,,24,1-17周,0,徐艺乙,1-17周 周二 第5节-第7节 逸A-322,2.0,历史学院,否,,周二,2012-2013-2,,2012202270051259,2011历史学院考古学,0,仙林校区,2012-2013学年 第2学期,51259,逸A-322,,否,,,,,,0,非物质文化遗产概论,15,第5节-第7节,逸夫楼A区,022700
32.0,400020,体质人类学(20122-022720-1),2012202272051280,,3,,18,1-17周,0,张敬雷,1-17周 周三 第5节-第6节 仙Ⅱ-113,2.0,历史学院,否,,周三,2012-2013-2,,2012202272051280,2010历史学院考古学,0,仙林校区,2012-2013学年 第2学期,51280,仙Ⅱ-113,,否,,,,,,0,体质人类学,12,第5节-第6节,仙II区,022720
32.0,400050,宪法学(20122-030030-1),2012203003051316,,3,,71,1-17周,0,"田芳,张慰",1-17周 周四 第5节-第6节 仙Ⅰ-519,2.0,法学院,否,,周四,2012-2013-2,,2012203003051316,"2011匡亚明学院应用文科强化班,2012法学院法学类",0,仙林校区,2012-2013学年 第2学期,51316,仙Ⅰ-519,,否,,,,,,0,宪法学,11,第5节-第6节,仙I区,030030
32.0,400050,宪法学(20122-030030-2),2012203003051317,,3,,68,1-17周,0,"张慰,田芳",1-17周 周四 第7节-第8节 仙Ⅰ-519,2.0,法学院,否,,周四,2012-2013-2,,2012203003051317,2012法学院法学类,0,仙林校区,2012-2013学年 第2学期,51317,仙Ⅰ-519,,否,,,,,,0,宪法学,11,第7节-第8节,仙I区,030030
32.0,400050,民法学(物权法)(20122-030040B-1),20122030040B53415,,3,,152,1-17周,0,邱鹭风,1-17周 周五 第1节-第2节 逸B-101,2.0,法学院,否,,周五,2012-2013-2,,20122030040B53415,2012法学院法学类,0,仙林校区,2012-2013学年 第2学期,53415,逸B-101,,否,,,,,,0,民法学(物权法),16,第1节-第2节,逸夫楼B区,030040B
64.0,400050,刑法学(总论)(20122-030050A-1),20122030050A51072,,3,,76,"1-17周,1-17周",0,杨辉忠,"1-17周 周四 第1节-第2节 仙Ⅰ-201,1-17周 周五 第3节-第4节 仙Ⅰ-321",4.0,法学院,否,,"周四,周五",2012-2013-2,,20122030050A51072,"2011匡亚明学院应用文科强化班,2012法学院法学类",0,仙林校区,2012-2013学年 第2学期,51072,"仙Ⅰ-201,仙Ⅰ-321",,否,,,,,,0,刑法学(总论),11,"第1节-第2节,第3节-第4节",仙I区,030050A
64.0,400050,刑法学(总论)(20122-030050A-2),20122030050A51315,,3,,65,"1-17周,1-17周",0,王钧,"1-17周 周四 第1节-第2节 仙Ⅰ-203,1-17周 周五 第3节-第4节 仙Ⅰ-317",4.0,法学院,否,,"周四,周五",2012-2013-2,,20122030050A51315,2012法学院法学类,0,仙林校区,2012-2013学年 第2学期,51315,"仙Ⅰ-203,仙Ⅰ-317",,否,,,,,,0,刑法学(总论),11,"第1节-第2节,第3节-第4节",仙I区,030050A
48.0,400050,民事诉讼法学(20122-030070-1),2012203007051897,,3,,77,"1-17周(单),1-17周",0,"艾佳慧,严仁群","1-17周 周三 第1节-第2节 仙Ⅰ-321,1-17周(单) 周一 第1节-第2节 仙Ⅰ-104",3.0,法学院,否,,"周一,周三",2012-2013-2,,2012203007051897,2011法学院法学类,0,仙林校区,2012-2013学年 第2学期,51897,"仙Ⅰ-104,仙Ⅰ-321",,否,,,,,,0,民事诉讼法学,11,"第1节-第2节,第1节-第2节",仙I区,030070
48.0,400050,民事诉讼法学(20122-030070-2),2012203007051898,,3,,71,"1-17周(单),1-17周",0,"艾佳慧,严仁群","1-17周 周三 第3节-第4节 仙Ⅰ-321,1-17周(单) 周一 第3节-第4节 仙Ⅰ-101",3.0,法学院,否,,"周一,周三",2012-2013-2,,2012203007051898,"2011法学院法学类,2011匡亚明学院应用文科强化班",0,仙林校区,2012-2013学年 第2学期,51898,"仙Ⅰ-101,仙Ⅰ-321",,否,,,,,,0,民事诉讼法学,11,"第3节-第4节,第3节-第4节",仙I区,030070
32.0,400050,行政法与行政诉讼法学(一)(20122-030080A-1),20122030080A51903,,3,,86,1-17周,0,"胡敏洁,肖泽晟",1-17周 周三 第5节-第6节 逸B-305,2.0,法学院,否,,周三,2012-2013-2,,20122030080A51903,2011法学院法学类,0,仙林校区,2012-2013学年 第2学期,51903,逸B-305,,否,,,,,,0,行政法与行政诉讼法学(一),16,第5节-第6节,逸夫楼B区,030080A
32.0,400050,行政法与行政诉讼法学(一)(20122-030080A-2),20122030080A51904,,3,,82,1-17周,0,"胡敏洁,肖泽晟",1-17周 周三 第7节-第8节 仙Ⅰ-201,2.0,法学院,否,,周三,2012-2013-2,,20122030080A51904,"2011法学院法学类,2011匡亚明学院应用文科强化班",0,仙林校区,2012-2013学年 第2学期,51904,仙Ⅰ-201,,否,,,,,,0,行政法与行政诉讼法学(一),11,第7节-第8节,仙I区,030080A
32.0,400050,经济法学(20122-030100-1),2012203010051934,,3,,83,1-17周,0,"方小敏,张理",1-17周 周二 第3节-第4节 逸B-305,2.0,法学院,否,,周二,2012-2013-2,,2012203010051934,2011法学院法学类,0,仙林校区,2012-2013学年 第2学期,51934,逸B-305,,否,,,,,,0,经济法学,16,第3节-第4节,逸夫楼B区,030100
32.0,400050,经济法学(20122-030100-2),2012203010051935,,3,,80,1-17周,0,"李华,方小敏",1-17周 周二 第1节-第2节 逸B-305,2.0,法学院,否,,周二,2012-2013-2,,2012203010051935,2011法学院法学类,0,仙林校区,2012-2013学年 第2学期,51935,逸B-305,,否,,,,,,0,经济法学,16,第1节-第2节,逸夫楼B区,030100
32.0,400050,知识产权法学(20122-030110-1),2012203011051963,,3,,163,1-17周,0,"徐棣枫,解亘,吕炳斌",1-17周 周五 第3节-第4节 逸A-117,2.0,法学院,否,,周五,2012-2013-2,,2012203011051963,"2010法学院法学类,2010法学院法学（运动员班）",0,仙林校区,2012-2013学年 第2学期,51963,逸A-117,,否,,,,,,0,知识产权法学,15,第3节-第4节,逸夫楼A区,030110
32.0,400050,国际经济法导论(20122-030130-1),2012203013051939,,3,,83,1-17周,0,"肖冰,姜冲",1-17周 周三 第3节-第4节 逸C-319,2.0,法学院,否,,周三,2012-2013-2,,2012203013051939,2011法学院法学类,0,仙林校区,2012-2013学年 第2学期,51939,逸C-319,,否,,,,,,0,国际经济法导论,17,第3节-第4节,逸夫楼C区,030130
32.0,400050,国际经济法导论(20122-030130-2),2012203013051940,,3,,81,1-17周,0,"肖冰,姜冲",1-17周 周三 第1节-第2节 逸C-319,2.0,法学院,否,,周三,2012-2013-2,,2012203013051940,2011法学院法学类,0,仙林校区,2012-2013学年 第2学期,51940,逸C-319,,否,,,,,,0,国际经济法导论,17,第1节-第2节,逸夫楼C区,030130
48.0,400050,外国法制史(20122-030200-1),2012203020051323,,3,,110,1-17周,0,咸鸿昌,1-17周 周二 第1节-第3节 图书馆126,3.0,法学院,否,,周二,2012-2013-2,,2012203020051323,"2010法学院法学（运动员班）,2012法学院法学类",0,仙林校区,2012-2013学年 第2学期,51323,图书馆126,,否,,,,,,0,外国法制史,18,第1节-第3节,图书馆,030200
32.0,400050,行政法分论(20122-030240-1),2012203024051986,,3,,55,1-17周,0,"胡敏洁,肖泽晟",1-17周 周三 第1节-第2节 逸B-404,2.0,法学院,否,,周三,2012-2013-2,,2012203024051986,2010法学院法学类,0,仙林校区,2012-2013学年 第2学期,51986,逸B-404,,否,,,,,,0,行政法分论,16,第1节-第2节,逸夫楼B区,030240
32.0,400050,环境与资源保护法(20122-030260-1),2012203026051942,,3,,77,1-17周,0,"吴卫星,陈伟",1-17周 周五 第1节-第2节 仙Ⅰ-213,2.0,法学院,否,,周五,2012-2013-2,,2012203026051942,2011法学院法学类,0,仙林校区,2012-2013学年 第2学期,51942,仙Ⅰ-213,,否,,,,,,0,环境与资源保护法,11,第1节-第2节,仙I区,030260
32.0,400050,经济刑法(20122-030280-1),2012203028051944,,3,,110,1-17周,0,黄旭巍,1-17周 周一 第5节-第6节 仙Ⅰ-319,2.0,法学院,否,,周一,2012-2013-2,,2012203028051944,2011法学院法学类,0,仙林校区,2012-2013学年 第2学期,51944,仙Ⅰ-319,,否,,,,,,0,经济刑法,11,第5节-第6节,仙I区,030280
32.0,400050,合同法(20122-030300-1),2012203030051946,,3,,77,1-17周,0,刘青文,1-17周 周二 第1节-第2节 逸B-306,2.0,法学院,否,,周二,2012-2013-2,,2012203030051946,2011法学院法学类,0,仙林校区,2012-2013学年 第2学期,51946,逸B-306,,否,,,,,,0,合同法,16,第1节-第2节,逸夫楼B区,030300
32.0,400050,合同法(20122-030300-2),2012203030051947,,3,,75,1-17周,0,叶金强,1-17周 周二 第3节-第4节 逸B-306,2.0,法学院,否,,周二,2012-2013-2,,2012203030051947,2011法学院法学类,0,仙林校区,2012-2013学年 第2学期,51947,逸B-306,,否,,,,,,0,合同法,16,第3节-第4节,逸夫楼B区,030300
32.0,400050,金融法(20122-030320-1),2012203032051987,,3,,101,1-17周,0,"张理,曾洋",1-17周 周四 第3节-第4节 仙Ⅱ-404,2.0,法学院,否,,周四,2012-2013-2,,2012203032051987,"2010法学院法学类,2010法学院法学（运动员班）",0,仙林校区,2012-2013学年 第2学期,51987,仙Ⅱ-404,,否,,,,,,0,金融法,12,第3节-第4节,仙II区,030320
32.0,400050,房地产法(20122-030330-1),2012203033051988,,3,,103,1-17周,0,金俭,1-17周 周三 第3节-第4节 逸B-312,2.0,法学院,否,,周三,2012-2013-2,,2012203033051988,"2010法学院法学类,2010法学院法学（运动员班）",0,仙林校区,2012-2013学年 第2学期,51988,逸B-312,,否,,,,,,0,房地产法,16,第3节-第4节,逸夫楼B区,030330
32.0,400050,税法(20122-030340-1),2012203034051989,,3,,38,1-17周,0,张婉苏,1-17周 周四 第5节-第6节 仙Ⅱ-213,2.0,法学院,否,,周四,2012-2013-2,,2012203034051989,2010法学院法学类,0,仙林校区,2012-2013学年 第2学期,51989,仙Ⅱ-213,,否,,,,,,0,税法,12,第5节-第6节,仙II区,030340
48.0,400050,国际投资法(20122-030390-1),2012203039051990,,3,,22,1-17周,0,肖冰,1-17周 周二 第5节-第7节 逸B-311,3.0,法学院,否,,周二,2012-2013-2,,2012203039051990,2010法学院法学类,0,仙林校区,2012-2013学年 第2学期,51990,逸B-311,,否,,,,,,0,国际投资法,16,第5节-第7节,逸夫楼B区,030390
32.0,400050,国际贸易法(20122-030410-1),2012203041051991,,3,,80,1-17周,0,何鹰,1-17周 周一 第3节-第4节 逸C-302,2.0,法学院,否,,周一,2012-2013-2,,2012203041051991,"2010法学院法学类,2010法学院法学（运动员班）",0,仙林校区,2012-2013学年 第2学期,51991,逸C-302,,否,,,,,,0,国际贸易法,17,第3节-第4节,逸夫楼C区,030410
32.0,400050,诊所法律课程(20122-030450-1),2012203045051992,,1,,27,1-17周,0,"张复友,许利民,黄秀梅,徐棣枫,李华",1-17周 周日 第5节-第7节 ,2.0,法学院,否,,周日,2012-2013-2,,2012203045051992,2010法学院法学类,0,鼓楼校区,2012-2013学年 第2学期,51992,逸夫馆理科学楼1205,,否,,,,,,0,诊所法律课程,,第5节-第7节,,030450
32.0,400050,法律英语(20122-030600-1),2012203060051994,,3,,39,1-17周,0,"焦燕,孙雯",1-17周 周三 第5节-第6节 逸B-302,2.0,法学院,否,,周三,2012-2013-2,,2012203060051994,2010法学院法学类,0,仙林校区,2012-2013学年 第2学期,51994,逸B-302,,否,,,,,,0,法律英语,16,第5节-第6节,逸夫楼B区,030600
48.0,400050,德语(20122-030610B-1),20122030610B51325,,3,,63,"1-17周,1-17周",0,,"1-17周 周二 第7节-第10节 仙Ⅰ-104,1-17周 周五 第7节-第10节 仙Ⅰ-202",3.0,法学院,否,,"周二,周五",2012-2013-2,,20122030610B51325,"2011法学院法学类,2012法学院法学类",0,仙林校区,2012-2013学年 第2学期,51325,"仙Ⅰ-104,仙Ⅰ-202",,否,,,,,,0,德语,11,"第7节-第10节,第7节-第10节",仙I区,030610B
48.0,400050,日语(20122-030620D-1),20122030620D51952,,3,,20,"1-17周,1-17周",0,,"1-17周 周五 第5节-第8节 仙Ⅰ-317,1-17周 周六 第5节-第8节 仙Ⅰ-317",3.0,法学院,否,,"周五,周六",2012-2013-2,,20122030620D51952,"2010法学院法学类,2011法学院法学类",0,仙林校区,2012-2013学年 第2学期,51952,"仙Ⅰ-317,仙Ⅰ-317",,否,,,,,,0,日语,11,"第5节-第8节,第5节-第8节",仙I区,030620D
16.0,400050,民商法案例研讨课(20122-030700-1),2012203070051892,,3,,8,,0,,,1.0,法学院,否,,,2012-2013-2,,2012203070051892,2012法学院法学类,0,仙林校区,2012-2013学年 第2学期,51892,,,否,,,,,,0,民商法案例研讨课,,,,030700
16.0,400050,诉讼法学实训课(20122-030710-1),2012203071051956,,3,,3,,0,,,1.0,法学院,否,,,2012-2013-2,,2012203071051956,,0,仙林校区,2012-2013学年 第2学期,51956,,,否,,,,,,0,诉讼法学实训课,,,,030710
16.0,400050,法理学读书会(20122-030720-1),2012203072051894,,3,,9,,0,,,1.0,法学院,否,,,2012-2013-2,,2012203072051894,2012法学院法学类,0,仙林校区,2012-2013学年 第2学期,51894,,,否,,,,,,0,法理学读书会,,,,030720
16.0,400050,公法读书会(20122-030730-1),2012203073051958,,3,,4,,0,,,1.0,法学院,否,,,2012-2013-2,,2012203073051958,,0,仙林校区,2012-2013学年 第2学期,51958,,,否,,,,,,0,公法读书会,,,,030730
16.0,400050,私法读书会(20122-030740-1),2012203074051959,,3,,3,,0,,,1.0,法学院,否,,,2012-2013-2,,2012203074051959,,0,仙林校区,2012-2013学年 第2学期,51959,,,否,,,,,,0,私法读书会,,,,030740
32.0,400050,专业实习(一)(20122-030800A-1),20122030800A51882,,3,,3,,0,,,2.0,法学院,否,,,2012-2013-2,,20122030800A51882,2012法学院法学类,0,仙林校区,2012-2013学年 第2学期,51882,,,否,,,,,,0,专业实习(一),,,,030800A
32.0,400050,专业实习(一)(20122-030800A-2),20122030800A51883,,3,,0,,0,,,2.0,法学院,否,,,2012-2013-2,,20122030800A51883,2012法学院法学类,0,仙林校区,2012-2013学年 第2学期,51883,,,否,,,,,,0,专业实习(一),,,,030800A
32.0,400050,专业实习(二)(20122-030800B-1),20122030800B51895,,3,,3,,0,,,2.0,法学院,否,,,2012-2013-2,,20122030800B51895,2011法学院法学类,0,仙林校区,2012-2013学年 第2学期,51895,,,否,,,,,,0,专业实习(二),,,,030800B
32.0,400050,专业实习(二)(20122-030800B-2),20122030800B51896,,3,,0,,0,,,2.0,法学院,否,,,2012-2013-2,,20122030800B51896,2011法学院法学类,0,仙林校区,2012-2013学年 第2学期,51896,,,否,,,,,,0,专业实习(二),,,,030800B
64.0,400050,毕业论文(20122-030810-1),2012203081053369,,1,,121,1-17周,0,,1-17周 自由时间 - ,4.0,法学院,否,,自由时间,2012-2013-2,,2012203081053369,,0,鼓楼校区,2012-2013学年 第2学期,53369,无,,否,,,,,,0,毕业论文,,自由时间,,030810
0.0,400050,体育训练(20122-030900F-1),20122030900F52805,,3,,28,1-17周,0,,1-17周 周一 第1节-第2节 ,0.0,法学院,否,,周一,2012-2013-2,,20122030900F52805,2010法学院法学（运动员班）,0,仙林校区,2012-2013学年 第2学期,52805,室外训练,,否,,,,,,0,体育训练,,第1节-第2节,,030900F
0.0,400050,体育社会实践(20122-030911D-1),20122030911D52806,,3,,27,"1-17周(单),2-18周(双)",0,,"1-17周(单) 周五 第1节-第2节 仙Ⅰ-519,2-18周(双) 周五 第1节-第2节 ",0.0,法学院,否,,"周五,周五",2012-2013-2,,20122030911D52806,2010法学院法学（运动员班）,0,仙林校区,2012-2013学年 第2学期,52806,"仙Ⅰ-519,室外训练",,否,,,,,,0,体育社会实践,11,"第1节-第2节,第1节-第2节",仙I区,030911D
0.0,400050,体育舞蹈(20122-030912-1),2012203091252807,,3,,27,1-17周,0,,1-17周 周四 第1节-第2节 ,0.0,法学院,否,,周四,2012-2013-2,,2012203091252807,2010法学院法学（运动员班）,0,仙林校区,2012-2013学年 第2学期,52807,体育馆教室,,否,,,,,,0,体育社会学,,第1节-第2节,,030912
32.0,400050,比较宪法学(20122-030915-1),2012203091551995,,1,,1,"2-5周,2-5周",0,,"2-5周 周二 第1节-第4节 馆1-106,2-5周 周三 第5节-第8节 馆1-106",2.0,法学院,否,,"周二,周三",2012-2013-2,,2012203091551995,,0,鼓楼校区,2012-2013学年 第2学期,51995,"馆1-106,馆1-106",,否,,,,,,0,比较宪法学,8,"第1节-第4节,第5节-第8节",逸夫馆,030915
32.0,400050,美国行政法(20122-030917-1),2012203091752701,,3,,69,1-17周,0,,1-17周 周一 第5节-第6节 仙Ⅱ-505,2.0,法学院,否,,周一,2012-2013-2,,2012203091752701,"2010法学院法学类,2012法学院法学类,2011法学院法学类",0,仙林校区,2012-2013学年 第2学期,52701,仙Ⅱ-505,,否,,,,,,0,美国行政法,12,第5节-第6节,仙II区,030917
32.0,400050,死刑(20122-030920-1),2012203092052717,,1,,6,1-17周,0,,1-17周 周三 第3节-第4节 馆2-209,2.0,法学院,否,,周三,2012-2013-2,,2012203092052717,,0,鼓楼校区,2012-2013学年 第2学期,52717,馆2-209,,否,,,,,,0,死刑,8,第3节-第4节,逸夫馆,030920
32.0,400050,美国宪法和经济修正案(20122-030921-1),2012203092152718,,1,,9,1-17周,0,,1-17周 周三 第1节-第2节 ,2.0,法学院,否,,周三,2012-2013-2,,2012203092152718,,0,鼓楼校区,2012-2013学年 第2学期,52718,逸夫馆理科学楼1205,,否,,,,,,0,美国宪法和经济修正案,,第1节-第2节,,030921
32.0,400050,美国政治规则(20122-030922-1),2012203092252719,,1,,4,1-17周,0,,1-17周 周四 第3节-第4节 馆1-205,2.0,法学院,否,,周四,2012-2013-2,,2012203092252719,,0,鼓楼校区,2012-2013学年 第2学期,52719,馆1-205,,否,,,,,,0,美国政治规则,8,第3节-第4节,逸夫馆,030922
32.0,400030,逻辑学导论(20122-040020-1),2012204002052040,,3,,73,1-17周,0,"顿新国,张建军",1-17周 周二 第5节-第6节 仙Ⅰ-519,2.0,哲学学院,否,,周二,2012-2013-2,,2012204002052040,"2012哲学学院哲学,2012匡亚明学院应用文科强化班",0,仙林校区,2012-2013学年 第2学期,52040,仙Ⅰ-519,,否,,,,,,0,逻辑学导论,11,第5节-第6节,仙I区,040020
48.0,400030,中国哲学史(上)(20122-041010A-1),20122041010A52196,,3,,35,"1-17周,1-17周",0,"白欲晓,陈林","1-17周 周三 第3节-第4节 逸B-304,1-17周 周五 第3节-第4节 逸B-304",3.0,哲学学院,否,,"周三,周五",2012-2013-2,,20122041010A52196,2012哲学学院哲学,0,仙林校区,2012-2013学年 第2学期,52196,"逸B-304,逸B-304",,否,,,,,,0,中国哲学史（一）,16,"第3节-第4节,第3节-第4节",逸夫楼B区,041010A
64.0,400030,欧洲哲学史（下）(20122-041020B-1),20122041020B52197,,3,,69,"1-17周,1-17周",0,"张荣,顾肃","1-17周 周一 第3节-第4节 仙Ⅰ-212,1-17周 周四 第3节-第4节 仙Ⅰ-212",4.0,哲学学院,否,,"周一,周四",2012-2013-2,,20122041020B52197,"2011哲学学院哲学,2012哲学学院哲学",0,仙林校区,2012-2013学年 第2学期,52197,"仙Ⅰ-212,仙Ⅰ-212",,否,,,,,,0,欧洲哲学史（下）,11,"第3节-第4节,第3节-第4节",仙I区,041020B
64.0,400030,马克思主义哲学史（下）(20122-041030B-1),20122041030B52191,,3,,36,"1-17周,1-17周",0,"张传平,刘怀玉","1-17周 周四 第1节-第2节 仙Ⅰ-317,1-17周 周一 第5节-第6节 仙Ⅱ-113",4.0,哲学学院,否,,"周一,周四",2012-2013-2,,20122041030B52191,2011哲学学院哲学,0,仙林校区,2012-2013学年 第2学期,52191,"仙Ⅱ-113,仙Ⅰ-317",,否,,,,,,0,马克思主义哲学史（下）,"11,12","第5节-第6节,第1节-第2节","仙I区, 仙II区",041030B
32.0,400030,中国伦理思想史(20122-041050-1),2012204105052185,,3,,43,1-17周,0,郭良婧,1-17周 周四 第3节-第4节 仙Ⅱ-301,2.0,哲学学院,否,,周四,2012-2013-2,,2012204105052185,2010哲学学院哲学,0,仙林校区,2012-2013学年 第2学期,52185,仙Ⅱ-301,,否,,,,,,0,中国伦理思想史,12,第3节-第4节,仙II区,041050
32.0,400030,科学思想史(20122-041070-1),2012204107052184,,3,,42,1-17周,0,戴建平,1-17周 周一 第3节-第4节 仙Ⅱ-301,2.0,哲学学院,否,,周一,2012-2013-2,,2012204107052184,2010哲学学院哲学,0,仙林校区,2012-2013学年 第2学期,52184,仙Ⅱ-301,,否,,,,,,0,科学思想史,12,第3节-第4节,仙II区,041070
48.0,400030,宗教与社会(20122-041080-1),2012204108052186,,3,,45,1-17周,0,傅新毅,1-17周 周五 第5节-第7节 仙Ⅱ-114,3.0,哲学学院,否,,周五,2012-2013-2,,2012204108052186,2010哲学学院哲学,0,仙林校区,2012-2013学年 第2学期,52186,仙Ⅱ-114,,否,,,,,,0,宗教与社会,12,第5节-第7节,仙II区,041080
64.0,400030,现代西方哲学(20122-041090-1),2012204109052192,,3,,36,"1-17周,1-17周",0,"陈亚军,王恒","1-17周 周五 第3节-第4节 仙Ⅱ-217,1-17周 周二 第5节-第6节 仙Ⅱ-217",4.0,哲学学院,否,,"周二,周五",2012-2013-2,,2012204109052192,2011哲学学院哲学,0,仙林校区,2012-2013学年 第2学期,52192,"仙Ⅱ-217,仙Ⅱ-217",,否,,,,,,0,现代西方哲学,12,"第5节-第6节,第3节-第4节",仙II区,041090
48.0,400030,马克思主义哲学原理(20122-041120-1),2012204112052201,,3,,71,1-17周,0,"孙乐强,张亮,周嘉昕",1-17周 周二 第2节-第4节 仙Ⅰ-203,3.0,哲学学院,否,,周二,2012-2013-2,,2012204112052201,"2011哲学学院哲学,2012哲学学院哲学",0,仙林校区,2012-2013学年 第2学期,52201,仙Ⅰ-203,,否,,,,,,0,马克思主义哲学原理,11,第2节-第4节,仙I区,041120
32.0,400030,逻辑学(20122-041130-2),2012204113052855,,3,,43,1-17周,0,王义,1-17周 周四 第7节-第8节 仙Ⅱ-102,2.0,哲学学院,否,,周四,2012-2013-2,,2012204113052855,2012建筑与城市规划学院建筑学,0,仙林校区,2012-2013学年 第2学期,52855,仙Ⅱ-102,,否,,,,,,0,逻辑学,12,第7节-第8节,仙II区,041130
96.0,400030,毕业论文(20122-041500-1),2012204150053365,,3,,33,,0,, 周一 第1节-第2节 ,6.0,哲学学院,否,,周一,2012-2013-2,,2012204150053365,2009哲学学院哲学,0,仙林校区,2012-2013学年 第2学期,53365,无,,否,,,,,,0,毕业论文,,第1节-第2节,,041500
32.0,400030,犹太文化与世界文明(20122-041530-1),2012204153052200,,3,,42,1-17周,0,"孟振华,宋立宏",1-17周 周一 第7节-第8节 仙Ⅱ-101,2.0,哲学学院,否,,周一,2012-2013-2,,2012204153052200,2012哲学学院哲学,0,仙林校区,2012-2013学年 第2学期,52200,仙Ⅱ-101,,否,,,,,,0,犹太文化与世界文明,12,第7节-第8节,仙II区,041530
32.0,400030,非形式逻辑与批判性思维(20122-041620-1),2012204162052188,,3,,41,1-17周,0,王克喜,1-17周 周二 第1节-第2节 逸B-302,2.0,哲学学院,否,,周二,2012-2013-2,,2012204162052188,2010哲学学院哲学,0,仙林校区,2012-2013学年 第2学期,52188,逸B-302,,否,,,,,,0,非形式逻辑与批判性思维,16,第1节-第2节,逸夫楼B区,041620
32.0,400030,哲学动态与评论(20122-041989-1),2012204198952037,,3,,3,1-17周,0,张异宾,1-17周 周四 第5节-第6节 ,2.0,哲学学院,否,,周四,2012-2013-2,,2012204198952037,2009哲学学院哲学,0,仙林校区,2012-2013学年 第2学期,52037,哲学楼,,否,,,,,,0,哲学动态与评论,,第5节-第6节,,041989
48.0,400040,媒介伦理与法规(20122-050021-1),2012205002151069,,3,,164,1-17周,0,陈堂发,1-17周 周五 第5节-第7节 仙Ⅱ-305,3.0,新闻传播学院,否,,周五,2012-2013-2,,2012205002151069,2011匡亚明学院应用文科强化班,0,仙林校区,2012-2013学年 第2学期,51069,仙Ⅱ-305,,否,,,,,,0,媒介伦理与法规,12,第5节-第7节,仙II区,050021
32.0,400040,媒介伦理与法规(20122-050022-1),2012205002251235,,3,,54,1-17周,0,陈堂发,1-17周 周五 第3节-第4节 逸B-302,2.0,新闻传播学院,否,,周五,2012-2013-2,,2012205002251235,"2012新闻传播学院新闻学（记者班）,2012新闻传播学院新闻学（运动员班）",0,仙林校区,2012-2013学年 第2学期,51235,逸B-302,,否,,,,,,0,媒介伦理与法规,16,第3节-第4节,逸夫楼B区,050022
48.0,400040,社会研究方法(20122-050031-1),2012205003151097,,3,,136,1-17周,0,"李明,郑欣",1-17周 周二 第5节-第7节 仙Ⅱ-504,3.0,新闻传播学院,否,,周二,2012-2013-2,,2012205003151097,2011匡亚明学院应用文科强化班,0,仙林校区,2012-2013学年 第2学期,51097,仙Ⅱ-504,,否,,,,,,0,社会研究方法,12,第5节-第7节,仙II区,050031
32.0,400040,社会研究方法(20122-050032-1),2012205003251238,,3,,44,1-17周,0,李明,1-17周 周一 第3节-第4节 逸B-303,2.0,新闻传播学院,否,,周一,2012-2013-2,,2012205003251238,2012新闻传播学院新闻学（记者班）,0,仙林校区,2012-2013学年 第2学期,51238,逸B-303,,否,,,,,,0,社会研究方法,16,第3节-第4节,逸夫楼B区,050032
32.0,400040,媒介发展史(20122-050042-1),2012205004251241,,3,,40,1-17周,0,王蕾,1-17周 周四 第3节-第4节 逸B-304,2.0,新闻传播学院,否,,周四,2012-2013-2,,2012205004251241,2012新闻传播学院新闻学（记者班）,0,仙林校区,2012-2013学年 第2学期,51241,逸B-304,,否,,,,,,0,媒介发展史,16,第3节-第4节,逸夫楼B区,050042
128.0,400040,毕业论文(20122-050050-1),2012205005051245,,,,39,,0,,,8.0,新闻传播学院,否,,,2012-2013-2,,2012205005051245,2010新闻传播学院新闻学（记者班）,0,,2012-2013学年 第2学期,51245,,,否,,,,,,0,毕业论文,,,,050050
128.0,400040,毕业论文(20122-050050-1),2012205005051257,,,,37,,0,,,8.0,新闻传播学院,否,,,2012-2013-2,,2012205005051257,2009新闻传播学院新闻学（运动员班）,0,,2012-2013学年 第2学期,51257,,,否,,,,,,0,毕业论文,,,,050050
128.0,400040,毕业论文(20122-050050-1),2012205005051263,,,,36,,0,,,8.0,新闻传播学院,否,,,2012-2013-2,,2012205005051263,2009新闻传播学院新闻学,0,,2012-2013学年 第2学期,51263,,,否,,,,,,0,毕业论文,,,,050050
128.0,400040,毕业论文(20122-050050-1),2012205005051264,,,,30,,0,,,8.0,新闻传播学院,否,,,2012-2013-2,,2012205005051264,2009新闻传播学院广告学,0,,2012-2013学年 第2学期,51264,,,否,,,,,,0,毕业论文,,,,050050
128.0,400040,毕业论文(20122-050050-1),2012205005051267,,,,27,,0,,,8.0,新闻传播学院,否,,,2012-2013-2,,2012205005051267,2009新闻传播学院广播电视新闻学,0,,2012-2013学年 第2学期,51267,,,否,,,,,,0,毕业论文,,,,050050
48.0,400040,外国新闻史(20122-051030-1),2012205103051252,,3,,16,1-17周,0,林伟,1-17周 周一 第2节-第4节 逸B-304,3.0,新闻传播学院,否,,周一,2012-2013-2,,2012205103051252,2012新闻传播学院新闻学（运动员班）,0,仙林校区,2012-2013学年 第2学期,51252,逸B-304,,否,,,,,,0,外国新闻史,16,第2节-第4节,逸夫楼B区,051030
48.0,400040,新闻写作(20122-051050-1),2012205105051114,,3,,72,1-17周,0,丁柏铨,1-17周 周三 第5节-第7节 仙Ⅱ-211,3.0,新闻传播学院,否,,周三,2012-2013-2,,2012205105051114,"2011新闻传播学院新闻学,2011匡亚明学院应用文科强化班",0,仙林校区,2012-2013学年 第2学期,51114,仙Ⅱ-211,,否,,,,,,0,新闻写作,12,第5节-第7节,仙II区,051050
48.0,400040,新闻写作(20122-051050-1),2012205105051220,,3,,50,1-17周,0,周海燕,1-17周 周四 第5节-第7节 仙Ⅱ-112,3.0,新闻传播学院,否,,周四,2012-2013-2,,2012205105051220,"2010新闻传播学院广告学,2012新闻传播学院新闻学（记者班）",0,仙林校区,2012-2013学年 第2学期,51220,仙Ⅱ-112,,否,,,,,,0,新闻写作,12,第5节-第7节,仙II区,051050
64.0,400040,新闻摄影(20122-051080-1),2012205108051116,,3,,66,1-17周,0,刘源,1-17周 周五 第3节-第6节 仙Ⅱ-212,4.0,新闻传播学院,否,,周五,2012-2013-2,,2012205108051116,2011新闻传播学院新闻学,0,仙林校区,2012-2013学年 第2学期,51116,仙Ⅱ-212,,否,,,,,,0,新闻摄影,12,第3节-第6节,仙II区,051080
32.0,400040,国际传播(20122-051090-1),2012205109051192,,3,,69,1-17周,0,王雄,1-17周 周三 第3节-第4节 逸B-507,2.0,新闻传播学院,否,,周三,2012-2013-2,,2012205109051192,"2010新闻传播学院新闻学,2010新闻传播学院新闻学（记者班）,2010新闻传播学院广播电视新闻学",0,仙林校区,2012-2013学年 第2学期,51192,逸B-507,,否,,,,,,0,国际传播,16,第3节-第4节,逸夫楼B区,051090
32.0,400040,负面新闻报道(20122-051100-1),2012205110051197,,3,,57,1-17周,0,邓利平,1-17周 周二 第3节-第4节 逸B-507,2.0,新闻传播学院,否,,周二,2012-2013-2,,2012205110051197,"2010新闻传播学院新闻学,2010新闻传播学院新闻学（记者班）,2010新闻传播学院广播电视新闻学",0,仙林校区,2012-2013学年 第2学期,51197,逸B-507,,否,,,,,,0,负面新闻报道,16,第3节-第4节,逸夫楼B区,051100
32.0,400040,传播与文化(20122-051140-1),2012205114051200,,3,,56,1-17周,0,林伟,1-17周 周三 第5节-第6节 仙Ⅱ-213,2.0,新闻传播学院,否,,周三,2012-2013-2,,2012205114051200,"2010新闻传播学院新闻学,2012新闻传播学院新闻学（记者班）,2010新闻传播学院广播电视新闻学,2010新闻传播学院广告学",0,仙林校区,2012-2013学年 第2学期,51200,仙Ⅱ-213,,否,,,,,,0,传播与文化,12,第5节-第6节,仙II区,051140
32.0,400040,中外名记者研究(20122-051160-1),2012205116051202,,3,,52,1-17周,0,陈玉申,1-17周 周五 第1节-第2节 仙Ⅱ-211,2.0,新闻传播学院,否,,周五,2012-2013-2,,2012205116051202,"2010新闻传播学院新闻学,2011新闻传播学院新闻学（记者班）",0,仙林校区,2012-2013学年 第2学期,51202,仙Ⅱ-211,,否,,,,,,0,中外名记者研究,12,第1节-第2节,仙II区,051160
32.0,400040,中外经典新闻作品选读(20122-051170-1),2012205117051206,,3,,62,1-17周,0,周海燕,1-17周 周四 第3节-第4节 仙Ⅱ-104,2.0,新闻传播学院,否,,周四,2012-2013-2,,2012205117051206,"2010新闻传播学院新闻学,2011新闻传播学院新闻学（记者班）",0,仙林校区,2012-2013学年 第2学期,51206,仙Ⅱ-104,,否,,,,,,0,中外经典新闻作品选读,12,第3节-第4节,仙II区,051170
48.0,400040,中国古代文选(20122-051200-1),2012205120051120,,3,,68,1-17周,0,冯乾,1-17周 周一 第5节-第7节 逸B-305,3.0,新闻传播学院,否,,周一,2012-2013-2,,2012205120051120,"2011新闻传播学院新闻学,2012新闻传播学院新闻学（记者班）,2011新闻传播学院广播电视新闻学",0,仙林校区,2012-2013学年 第2学期,51120,逸B-305,,否,,,,,,0,中国古代文选,16,第5节-第7节,逸夫楼B区,051200
32.0,400040,现当代文学(20122-051230-1),2012205123051099,,3,,182,1-17周,0,朱丽丽,1-17周 周三 第1节-第2节 逸B-101,2.0,新闻传播学院,否,,周三,2012-2013-2,,2012205123051099,2012新闻传播学院新闻学（记者班）,0,仙林校区,2012-2013学年 第2学期,51099,逸B-101,,否,,,,,,0,现当代文学,16,第1节-第2节,逸夫楼B区,051230
32.0,400040,新闻美学(20122-051240-1),2012205124051128,,3,,70,1-17周,0,邓利平,1-17周 周二 第1节-第2节 仙Ⅱ-117,2.0,新闻传播学院,否,,周二,2012-2013-2,,2012205124051128,"2011新闻传播学院新闻学,2011新闻传播学院新闻学（记者班）",0,仙林校区,2012-2013学年 第2学期,51128,仙Ⅱ-117,,否,,,,,,0,新闻美学,12,第1节-第2节,仙II区,051240
32.0,400040,比较新闻学(20122-051260-1),2012205126051261,,1,,19,2-18周(双),0,外聘,2-18周(双) 周五 第5节-第8节 教203,2.0,新闻传播学院,否,,周五,2012-2013-2,,2012205126051261,"2009新闻传播学院新闻学,2009新闻传播学院新闻学（运动员班）",0,鼓楼校区,2012-2013学年 第2学期,51261,教203,,否,,,,,,0,比较新闻学,1,第5节-第8节,教学楼,051260
32.0,400040,广告策划与创意（下）(20122-052040B-1),20122052040B51158,,3,,35,1-17周,0,蒋旭峰,1-17周 周五 第3节-第4节 逸A-212,2.0,新闻传播学院,否,,周五,2012-2013-2,,20122052040B51158,2011新闻传播学院广告学,0,仙林校区,2012-2013学年 第2学期,51158,逸A-212,,否,,,,,,0,广告策划与创意（下）,15,第3节-第4节,逸夫楼A区,052040B
32.0,400040,广告文案写作(20122-052050-1),2012205205051217,,3,,48,1-17周,0,胡菡菡,1-17周 周二 第3节-第4节 逸B-401,2.0,新闻传播学院,否,,周二,2012-2013-2,,2012205205051217,2010新闻传播学院广告学,0,仙林校区,2012-2013学年 第2学期,51217,逸B-401,,否,,,,,,0,广告文案写作,16,第3节-第4节,逸夫楼B区,052050
32.0,400040,广告媒介策划(20122-052060-1),2012205206051265,,1,,35,1-17周,0,胡菡菡,1-17周 周二 第7节-第8节 教207,2.0,新闻传播学院,否,,周二,2012-2013-2,,2012205206051265,2009新闻传播学院广告学,0,鼓楼校区,2012-2013学年 第2学期,51265,教207,,否,,,,,,0,广告媒介策划,1,第7节-第8节,教学楼,052060
32.0,400040,广告伦理与法规(20122-052080-1),2012205208051159,,3,,31,1-17周,0,蒋恩铭,1-17周 周二 第3节-第4节 逸B-311,2.0,新闻传播学院,否,,周二,2012-2013-2,,2012205208051159,2011新闻传播学院广告学,0,仙林校区,2012-2013学年 第2学期,51159,逸B-311,,否,,,,,,0,广告伦理与法规,16,第3节-第4节,逸夫楼B区,052080
32.0,400040,公共关系学(20122-052100-1),2012205210051132,,3,,155,1-17周,0,段京肃,1-17周 周二 第5节-第6节 图书馆127,2.0,新闻传播学院,否,,周二,2012-2013-2,,2012205210051132,"2011新闻传播学院新闻学,2012新闻传播学院新闻学（记者班）,2011新闻传播学院广播电视新闻学,2011新闻传播学院广告学",0,仙林校区,2012-2013学年 第2学期,51132,图书馆127,,否,,,,,,0,公共关系学,18,第5节-第6节,图书馆,052100
32.0,400040,消费者行为学(20122-052110-1),2012205211051161,,3,,32,1-17周,0,郑欣,1-17周 周一 第5节-第6节 逸B-303,2.0,新闻传播学院,否,,周一,2012-2013-2,,2012205211051161,2011新闻传播学院广告学,0,仙林校区,2012-2013学年 第2学期,51161,逸B-303,,否,,,,,,0,消费者行为学,16,第5节-第6节,逸夫楼B区,052110
32.0,400040,市场调查与分析(20122-052120-1),2012205212051162,,3,,46,1-17周,0,郑丽勇,1-17周 周三 第1节-第2节 逸B-205,2.0,新闻传播学院,否,,周三,2012-2013-2,,2012205212051162,"2010新闻传播学院新闻学,2011新闻传播学院广告学,2010新闻传播学院广播电视新闻学",0,仙林校区,2012-2013学年 第2学期,51162,逸B-205,,否,,,,,,0,市场调查与分析,16,第1节-第2节,逸夫楼B区,052120
32.0,400040,广告决策与管理(20122-052150-1),2012205215051218,,3,,77,1-17周,0,郑丽勇,1-17周 周三 第3节-第4节 逸B-403,2.0,新闻传播学院,否,,周三,2012-2013-2,,2012205215051218,"2009新闻传播学院广告学,2010新闻传播学院广告学",0,仙林校区,2012-2013学年 第2学期,51218,逸B-403,,否,,,,,,0,广告决策与管理,16,第3节-第4节,逸夫楼B区,052150
32.0,400040,平面设计(20122-052180-1),2012205218051166,,1,,17,1-17周,0,张瑜,1-17周 周五 第9节-第11节 ,2.0,新闻传播学院,否,,周五,2012-2013-2,,2012205218051166,2011新闻传播学院广告学,0,鼓楼校区,2012-2013学年 第2学期,51166,费彝明楼532,,否,,,,,,0,平面设计,,第9节-第11节,,052180
32.0,400040,广告摄影(20122-052200-1),2012205220051223,,3,,9,1-17周,0,韩丛耀,1-17周 周五 第7节-第8节 ,2.0,新闻传播学院,否,,周五,2012-2013-2,,2012205220051223,2010新闻传播学院广告学,0,仙林校区,2012-2013学年 第2学期,51223,费彝明楼529,,否,,,,,,0,广告摄影,,第7节-第8节,,052200
32.0,400040,广告个案分析(20122-052250-1),2012205225051226,,3,,5,,0,,,2.0,新闻传播学院,否,,,2012-2013-2,,2012205225051226,,0,仙林校区,2012-2013学年 第2学期,51226,,,否,,,,,,0,广告个案分析,,,,052250
32.0,400040,新媒体广告(20122-052270-1),2012205227051228,,3,,19,1-17周,0,巢乃鹏,1-17周 周二 第5节-第6节 逸B-301,2.0,新闻传播学院,否,,周二,2012-2013-2,,2012205227051228,2010新闻传播学院广告学,0,仙林校区,2012-2013学年 第2学期,51228,逸B-301,,否,,,,,,0,新媒体广告,16,第5节-第6节,逸夫楼B区,052270
32.0,400040,公关策划与实务(20122-052320-1),2012205232051230,,3,,52,1-17周,0,祁林,1-17周 周五 第1节-第2节 仙Ⅰ-115,2.0,新闻传播学院,否,,周五,2012-2013-2,,2012205232051230,"2010新闻传播学院广播电视新闻学,2012新闻传播学院新闻学（记者班）",0,仙林校区,2012-2013学年 第2学期,51230,仙Ⅰ-115,,否,,,,,,0,公关策划与实务,11,第1节-第2节,仙I区,052320
32.0,400040,媒介文化与批评(20122-052390-1),2012205239051141,,3,,108,1-17周,0,夏文蓉,1-17周 周一 第3节-第4节 仙Ⅱ-503,2.0,新闻传播学院,否,,周一,2012-2013-2,,2012205239051141,"2010新闻传播学院广播电视新闻学,2011新闻传播学院新闻学（记者班）,2011新闻传播学院广告学,2011新闻传播学院新闻学",0,仙林校区,2012-2013学年 第2学期,51141,仙Ⅱ-503,,否,,,,,,0,媒介文化与批评,12,第3节-第4节,仙II区,052390
32.0,400040,研究方法与论文写作(20122-052450-1),2012205245051266,,1,,11,1-17周,0,郑欣,1-17周 周四 第7节-第8节 ,2.0,新闻传播学院,否,,周四,2012-2013-2,,2012205245051266,2009新闻传播学院广告学,0,鼓楼校区,2012-2013学年 第2学期,51266,费彝明楼502,,否,,,,,,0,研究方法与论文写作,,第7节-第8节,,052450
32.0,400040,微观经济学(20122-052470-1),2012205247051107,,3,,137,1-17周,0,张月友,1-17周 周四 第5节-第6节 图书馆126,2.0,新闻传播学院,否,,周四,2012-2013-2,,2012205247051107,,0,仙林校区,2012-2013学年 第2学期,51107,图书馆126,,否,,,,,,0,微观经济学,18,第5节-第6节,图书馆,052470
32.0,400040,应用统计基础(20122-052490-1),2012205249051153,,3,,29,1-17周,0,李明,1-17周 周一 第1节-第2节 仙Ⅱ-112,2.0,新闻传播学院,否,,周一,2012-2013-2,,2012205249051153,"2011新闻传播学院新闻学,2011新闻传播学院广播电视新闻学,2011新闻传播学院广告学",0,仙林校区,2012-2013学年 第2学期,51153,仙Ⅱ-112,,否,,,,,,0,应用统计基础,12,第1节-第2节,仙II区,052490
32.0,400040,电影学(20122-053030-1),2012205303051155,,3,,162,1-17周,0,朱丽丽,1-17周 周三 第3节-第4节 图书馆125,2.0,新闻传播学院,否,,周三,2012-2013-2,,2012205303051155,"2011新闻传播学院新闻学,2011新闻传播学院新闻学（记者班）,2011新闻传播学院广播电视新闻学,2011新闻传播学院广告学",0,仙林校区,2012-2013学年 第2学期,51155,无,,否,,,,,,0,电影学,,第3节-第4节,,053030
32.0,400040,电视艺术学(20122-053060-1),2012205306051176,,3,,78,1-17周,0,祁林,1-17周 周五 第3节-第4节 仙Ⅱ-213,2.0,新闻传播学院,否,,周五,2012-2013-2,,2012205306051176,"2011新闻传播学院广播电视新闻学,2011新闻传播学院新闻学（记者班）",0,仙林校区,2012-2013学年 第2学期,51176,仙Ⅱ-213,,否,,,,,,0,电视艺术学,12,第3节-第4节,仙II区,053060
32.0,400040,网络传播(20122-053070-1),2012205307051177,,3,,70,1-17周,0,"巢乃鹏,付晓燕",1-17周 周二 第3节-第4节 仙Ⅱ-211,2.0,新闻传播学院,否,,周二,2012-2013-2,,2012205307051177,"2011新闻传播学院广播电视新闻学,2011新闻传播学院新闻学（记者班）",0,仙林校区,2012-2013学年 第2学期,51177,仙Ⅱ-211,,否,,,,,,0,网络传播,12,第3节-第4节,仙II区,053070
32.0,400040,电视节目策划(20122-053090-1),2012205309051209,,3,,64,1-17周,0,潘知常,1-17周 周一 第1节-第2节 逸B-313,2.0,新闻传播学院,否,,周一,2012-2013-2,,2012205309051209,"2010新闻传播学院新闻学,2011新闻传播学院新闻学（记者班）,2010新闻传播学院广告学",0,仙林校区,2012-2013学年 第2学期,51209,逸B-313,,否,,,,,,0,电视节目策划,16,第1节-第2节,逸夫楼B区,053090
32.0,400040,制片管理(20122-053100-1),2012205310051268,,1,,32,1-17周,0,周凯,1-17周 周四 第5节-第6节 教207,2.0,新闻传播学院,否,,周四,2012-2013-2,,2012205310051268,2009新闻传播学院广播电视新闻学,0,鼓楼校区,2012-2013学年 第2学期,51268,教207,,否,,,,,,0,制片管理,1,第5节-第6节,教学楼,053100
32.0,400040,纪录片创作(20122-053110-1),2012205311051229,,3,,34,1-17周,0,李晓峰,1-17周 周一 第5节-第6节 仙Ⅱ-114,2.0,新闻传播学院,否,,周一,2012-2013-2,,2012205311051229,2010新闻传播学院广播电视新闻学,0,仙林校区,2012-2013学年 第2学期,51229,仙Ⅱ-114,,否,,,,,,0,纪录片创作,12,第5节-第6节,仙II区,053110
32.0,400040,非线性编辑(20122-053130-1),2012205313051183,,1,,27,1-17周,0,李晓峰,1-17周 周五 第6节-第7节 ,2.0,新闻传播学院,否,,周五,2012-2013-2,,2012205313051183,2011新闻传播学院广播电视新闻学,0,鼓楼校区,2012-2013学年 第2学期,51183,费彝明楼521,,否,,,,,,0,非线性编辑,,第6节-第7节,,053130
32.0,400040,网络新闻研究（双语）(20122-053150-1),2012205315052796,,3,,59,1-17周,0,秦州,1-17周 周四 第5节-第6节 仙Ⅱ-504,2.0,新闻传播学院,否,,周四,2012-2013-2,,2012205315052796,"2010新闻传播学院新闻学,2011新闻传播学院新闻学（记者班）,2010新闻传播学院广播电视新闻学",0,仙林校区,2012-2013学年 第2学期,52796,仙Ⅱ-504,,否,,,,,,0,网络新闻研究（双语）,12,第5节-第6节,仙II区,053150
32.0,400040,深度报道(20122-053200-1),2012205320051118,,3,,67,1-17周,0,胡翼青,1-17周 周二 第3节-第4节 仙Ⅱ-117,2.0,新闻传播学院,否,,周二,2012-2013-2,,2012205320051118,2011新闻传播学院新闻学,0,仙林校区,2012-2013学年 第2学期,51118,仙Ⅱ-117,,否,,,,,,0,深度报道,12,第3节-第4节,仙II区,053200
32.0,400040,深度报道(20122-053200-1),2012205320051232,,3,,11,1-17周,0,杜骏飞,1-17周 周四 第3节-第4节 仙Ⅰ-112,2.0,新闻传播学院,否,,周四,2012-2013-2,,2012205320051232,2010新闻传播学院广播电视新闻学,0,仙林校区,2012-2013学年 第2学期,51232,仙Ⅰ-112,,否,,,,,,0,深度报道,11,第3节-第4节,仙I区,053200
32.0,400040,深度报道(20122-053200-1),2012205320051243,,3,,40,1-17周,0,胡翼青,1-17周 周二 第5节-第6节 逸B-302,2.0,新闻传播学院,否,,周二,2012-2013-2,,2012205320051243,2011新闻传播学院新闻学（记者班）,0,仙林校区,2012-2013学年 第2学期,51243,逸B-302,,否,,,,,,0,深度报道,16,第5节-第6节,逸夫楼B区,053200
32.0,400040,媒介经营与管理(20122-053210-1),2012205321051189,,3,,98,1-17周,0,丁和根,1-17周 周四 第1节-第2节 仙Ⅱ-104,2.0,新闻传播学院,否,,周四,2012-2013-2,,2012205321051189,"2010新闻传播学院新闻学,2011新闻传播学院新闻学（记者班）",0,仙林校区,2012-2013学年 第2学期,51189,仙Ⅱ-104,,否,,,,,,0,媒介经营与管理,12,第1节-第2节,仙II区,053210
32.0,400040,媒介融合(20122-053220-1),2012205322051215,,3,,11,1-17周,0,付晓燕,1-17周 周五 第5节-第6节 ,2.0,新闻传播学院,否,,周五,2012-2013-2,,2012205322051215,"2010新闻传播学院新闻学,2010新闻传播学院广播电视新闻学,2010新闻传播学院广告学",0,仙林校区,2012-2013学年 第2学期,51215,费彝明楼532,,否,,,,,,0,媒介融合,,第5节-第6节,,053220
32.0,400040,电视纪实节目采制(20122-053240-1),2012205324051171,,3,,67,1-17周,0,王辉,1-17周 周二 第1节-第2节 仙Ⅱ-211,2.0,新闻传播学院,否,,周二,2012-2013-2,,2012205324051171,"2010新闻传播学院新闻学,2012新闻传播学院新闻学（记者班）,2011新闻传播学院广播电视新闻学",0,仙林校区,2012-2013学年 第2学期,51171,仙Ⅱ-211,,否,,,,,,0,电视纪实节目采制,12,第1节-第2节,仙II区,053240
32.0,400040,体育概论（下）(20122-054010B-1),20122054010B51254,,3,,16,1-17周,0,李波,1-17周 周三 第9节-第10节 逸B-201,2.0,新闻传播学院,否,,周三,2012-2013-2,,20122054010B51254,2012新闻传播学院新闻学（运动员班）,0,仙林校区,2012-2013学年 第2学期,51254,逸B-201,,否,,,,,,0,体育概论（下）,16,第9节-第10节,逸夫楼B区,054010B
16.0,400040,体育训练(2)(20122-054040B-1),20122054040B51255,,,,15,,0,,,1.0,新闻传播学院,否,,,2012-2013-2,,20122054040B51255,2012新闻传播学院新闻学（运动员班）,0,,2012-2013学年 第2学期,51255,,,否,,,,,,0,体育训练(2),,,,054040B
16.0,400040,体育训练(8)(20122-054040H-1),20122054040H51258,,,,37,,0,,,1.0,新闻传播学院,否,,,2012-2013-2,,20122054040H51258,2009新闻传播学院新闻学（运动员班）,0,,2012-2013学年 第2学期,51258,,,否,,,,,,0,体育训练(8),,,,054040H
0.0,400040,体育竞赛奖励(20122-054060-1),2012205406051260,,,,29,,0,,,0.0,新闻传播学院,否,,,2012-2013-2,,2012205406051260,2009新闻传播学院新闻学（运动员班）,0,,2012-2013学年 第2学期,51260,,,否,,,,,,0,体育竞赛奖励,,,,054060
0.0,400080,政治学原理(20122-060030-1),2012206003052374,,3,,144,1-17周,0,"张凤阳,李永刚",1-17周 周四 第5节-第7节 图书馆125,0.0,政府管理学院,否,,周四,2012-2013-2,,2012206003052374,2012政府管理学院公共管理类,0,仙林校区,2012-2013学年 第2学期,52374,无,,否,,,,,,0,政治学原理,,第5节-第7节,,060030
32.0,400080,公共政策基础(20122-060040-1),2012206004052375,,3,,151,1-17周,0,孔繁斌,1-17周 周三 第5节-第6节 图书馆125,2.0,政府管理学院,否,,周三,2012-2013-2,,2012206004052375,2012政府管理学院公共管理类,0,仙林校区,2012-2013学年 第2学期,52375,图书馆125,,否,,,,,,0,公共政策基础,18,第5节-第6节,图书馆,060040
32.0,400080,国际政治学(20122-060050-1),2012206005052376,,3,,156,1-17周,0,金学明,1-17周 周二 第5节-第6节 逸B-101,2.0,政府管理学院,否,,周二,2012-2013-2,,2012206005052376,2012政府管理学院公共管理类,0,仙林校区,2012-2013学年 第2学期,52376,逸B-101,,否,,,,,,0,国际政治学,16,第5节-第6节,逸夫楼B区,060050
128.0,400080,毕业论文(20122-060600-1),2012206060052604,,,,118,,0,,,8.0,政府管理学院,否,,,2012-2013-2,,2012206060052604,"2009政府管理学院政治学与行政学,2009政府管理学院行政管理（劳动与社会保障）,2009政府管理学院国际政治,2009政府管理学院行政管理",0,,2012-2013学年 第2学期,52604,,,否,,,,,,0,毕业论文,,,,060600
48.0,400080,中国政治思想史(20122-061000-1),2012206100052583,,3,,16,1-17周,0,王建华,1-17周 周四 第5节-第7节 逸B-211,3.0,政府管理学院,否,,周四,2012-2013-2,,2012206100052583,2011政府管理学院政治学与行政学,0,仙林校区,2012-2013学年 第2学期,52583,逸B-211,,否,,,,,,0,中国政治思想史,16,第5节-第7节,逸夫楼B区,061000
32.0,400080,政治学方法论(20122-061010-1),2012206101052584,,3,,16,1-17周,0,祁玲玲,1-17周 周五 第1节-第2节 仙Ⅱ-301,2.0,政府管理学院,否,,周五,2012-2013-2,,2012206101052584,2011政府管理学院政治学与行政学,0,仙林校区,2012-2013学年 第2学期,52584,仙Ⅱ-301,,否,,,,,,0,政治学方法论,12,第1节-第2节,仙II区,061010
48.0,400080,当代西方政治思潮(20122-061020-1),2012206102052561,,3,,32,1-17周,0,"吕磊,韩伟华",1-17周 周三 第5节-第7节 逸B-507,3.0,政府管理学院,否,,周三,2012-2013-2,,2012206102052561,"2011政府管理学院政治学与行政学,2011政府管理学院行政管理（劳动与社会保障）,2011政府管理学院行政管理",0,仙林校区,2012-2013学年 第2学期,52561,逸B-507,,否,,,,,,0,当代西方政治思潮,16,第5节-第7节,逸夫楼B区,061020
32.0,400080,政治认同导论(20122-061230-1),2012206123052605,,3,,7,1-17周,0,王海洲,1-17周 周一 第3节-第4节 逸B-302,2.0,政府管理学院,否,,周一,2012-2013-2,,2012206123052605,"2009政府管理学院政治学与行政学,2009政府管理学院国际政治",0,仙林校区,2012-2013学年 第2学期,52605,逸B-302,,否,,,,,,0,政治认同导论,16,第3节-第4节,逸夫楼B区,061230
32.0,400080,西藏问题专题(20122-061330-1),2012206133052606,,3,,9,1-17周,0,赵光锐,1-17周 周一 第5节-第6节 逸B-302,2.0,政府管理学院,否,,周一,2012-2013-2,,2012206133052606,"2009政府管理学院政治学与行政学,2009政府管理学院国际政治",0,仙林校区,2012-2013学年 第2学期,52606,逸B-302,,否,,,,,,0,西藏问题专题,16,第5节-第6节,逸夫楼B区,061330
16.0,400080,体育训练（4）(20122-061360D-1),20122061360D53396,,,,26,,0,,,1.0,政府管理学院,否,,,2012-2013-2,,20122061360D53396,2011政府管理学院行政管理（运动员班）,0,,2012-2013学年 第2学期,53396,,,否,,,,,,0,体育训练（4）,,,,061360D
32.0,400080,社会保障国际比较(20122-062000-1),2012206200052580,,3,,30,1-17周,0,林闽钢,1-17周 周二 第5节-第6节 逸B-209,2.0,政府管理学院,否,,周二,2012-2013-2,,2012206200052580,2011政府管理学院行政管理（劳动与社会保障）,0,仙林校区,2012-2013学年 第2学期,52580,逸B-209,,否,,,,,,0,社会保障国际比较,16,第5节-第6节,逸夫楼B区,062000
32.0,400080,职业生涯与薪酬管理(20122-062010-1),2012206201052581,,3,,32,1-17周,0,严新明,1-17周 周五 第3节-第4节 仙Ⅱ-301,2.0,政府管理学院,否,,周五,2012-2013-2,,2012206201052581,2011政府管理学院行政管理（劳动与社会保障）,0,仙林校区,2012-2013学年 第2学期,52581,仙Ⅱ-301,,否,,,,,,0,职业生涯与薪酬管理,12,第3节-第4节,仙II区,062010
32.0,400080,劳动与社会保障法(20122-062030-1),2012206203052582,,3,,33,1-17周,0,严新明,1-17周 周五 第5节-第6节 仙Ⅱ-301,2.0,政府管理学院,否,,周五,2012-2013-2,,2012206203052582,2011政府管理学院行政管理（劳动与社会保障）,0,仙林校区,2012-2013学年 第2学期,52582,仙Ⅱ-301,,否,,,,,,0,劳动与社会保障法,12,第5节-第6节,仙II区,062030
32.0,400080,中国社会保障制度改革(20122-062050-1),2012206205052591,,3,,81,1-17周,0,林闽钢,1-17周 周二 第3节-第4节 逸B-205,2.0,政府管理学院,否,,周二,2012-2013-2,,2012206205052591,"2010政府管理学院行政管理,2010政府管理学院行政管理（劳动与社会保障）",0,仙林校区,2012-2013学年 第2学期,52591,逸B-205,,否,,,,,,0,中国社会保障制度改革,16,第3节-第4节,逸夫楼B区,062050
32.0,400080,社会政策(20122-062060-1),2012206206052592,,3,,66,1-17周,0,高传胜,1-17周 周一 第3节-第4节 逸B-205,2.0,政府管理学院,否,,周一,2012-2013-2,,2012206206052592,"2010政府管理学院行政管理,2010政府管理学院行政管理（劳动与社会保障）",0,仙林校区,2012-2013学年 第2学期,52592,逸B-205,,否,,,,,,0,社会政策,16,第3节-第4节,逸夫楼B区,062060
32.0,400080,社会调查方法与数据分析(20122-062070-1),2012206207052562,,3,,38,1-17周,0,王培暄,1-17周 周一 第3节-第4节 仙Ⅱ-215,2.0,政府管理学院,否,,周一,2012-2013-2,,2012206207052562,"2011政府管理学院行政管理,2011政府管理学院行政管理（运动员班）",0,仙林校区,2012-2013学年 第2学期,52562,仙Ⅱ-215,,否,,,,,,0,社会调查方法与数据分析,12,第3节-第4节,仙II区,062070
32.0,400080,社会调查方法与数据分析(20122-062070-1),2012206207052575,,3,,28,,0,,,2.0,政府管理学院,否,,,2012-2013-2,,2012206207052575,,0,仙林校区,2012-2013学年 第2学期,52575,,,否,,,,,,0,社会调查方法与数据分析,,,,062070
32.0,400080,卫生经济学(20122-062200-1),2012206220052578,,3,,8,1-17周,0,"顾海,徐彪",1-17周 周一 第3节-第4节 逸B-301,2.0,政府管理学院,否,,周一,2012-2013-2,,2012206220052578,2011政府管理学院行政管理（劳动与社会保障）,0,仙林校区,2012-2013学年 第2学期,52578,逸B-301,,否,,,,,,0,卫生经济学,16,第3节-第4节,逸夫楼B区,062200
32.0,400080,社会保险学(20122-062210-1),2012206221052565,,3,,68,1-17周,0,任正臣,1-17周 周二 第1节-第2节 仙Ⅰ-104,2.0,政府管理学院,否,,周二,2012-2013-2,,2012206221052565,"2010政府管理学院行政管理（劳动与社会保障）,2011政府管理学院行政管理（运动员班）",0,仙林校区,2012-2013学年 第2学期,52565,仙Ⅰ-104,,否,,,,,,0,社会保险学,11,第1节-第2节,仙I区,062210
32.0,400080,劳动经济学(20122-062220-1),2012206222052579,,3,,14,1-17周,0,任正臣,1-17周 周二 第3节-第4节 逸B-310,2.0,政府管理学院,否,,周二,2012-2013-2,,2012206222052579,2011政府管理学院行政管理（劳动与社会保障）,0,仙林校区,2012-2013学年 第2学期,52579,逸B-310,,否,,,,,,0,劳动经济学,16,第3节-第4节,逸夫楼B区,062220
32.0,400080,公共卫生管理(20122-062280-1),2012206228052571,,3,,40,1-17周,0,徐彪,1-17周 周一 第1节-第2节 仙Ⅰ-103,2.0,政府管理学院,否,,周一,2012-2013-2,,2012206228052571,"2009政府管理学院行政管理（劳动与社会保障）,2011政府管理学院行政管理（运动员班）",0,仙林校区,2012-2013学年 第2学期,52571,仙Ⅰ-103,,否,,,,,,0,公共卫生管理,11,第1节-第2节,仙I区,062280
32.0,400080,公共组织理论(20122-062300-1),2012206230052600,,3,,12,1-17周,0,朱国云,1-17周 周五 第3节-第4节 仙Ⅱ-211,2.0,政府管理学院,否,,周五,2012-2013-2,,2012206230052600,2010政府管理学院行政管理（劳动与社会保障）,0,仙林校区,2012-2013学年 第2学期,52600,仙Ⅱ-211,,否,,,,,,0,公共组织理论,12,第3节-第4节,仙II区,062300
32.0,400080,科学管理与运筹方法(20122-062310-1),2012206231052601,,3,,13,1-17周,0,范克新,1-17周 周三 第3节-第4节 仙Ⅱ-117,2.0,政府管理学院,否,,周三,2012-2013-2,,2012206231052601,2010政府管理学院行政管理（劳动与社会保障）,0,仙林校区,2012-2013学年 第2学期,52601,仙Ⅱ-117,,否,,,,,,0,科学管理与运筹方法,12,第3节-第4节,仙II区,062310
32.0,400080,组织行为学(20122-064000-1),2012206400052557,,3,,102,1-17周,0,王翀,1-17周 周三 第3节-第4节 仙Ⅱ-503,2.0,政府管理学院,否,,周三,2012-2013-2,,2012206400052557,"2011政府管理学院政治学与行政学,2011政府管理学院行政管理（运动员班）,2011政府管理学院国际政治,2011政府管理学院行政管理",0,仙林校区,2012-2013学年 第2学期,52557,仙Ⅱ-503,,否,,,,,,0,组织行为学,12,第3节-第4节,仙II区,064000
32.0,400080,公务员制度(20122-064010-1),2012206401052559,,3,,107,1-17周,0,魏姝,1-17周 周五 第3节-第4节 逸B-405,2.0,政府管理学院,否,,周五,2012-2013-2,,2012206401052559,"2011政府管理学院政治学与行政学,2011政府管理学院行政管理（运动员班）,2011政府管理学院行政管理",0,仙林校区,2012-2013学年 第2学期,52559,逸B-405,,否,,,,,,0,公务员制度,16,第3节-第4节,逸夫楼B区,064010
32.0,400080,公共经济学(20122-064020-1),2012206402052560,,3,,97,1-17周,0,徐彪,1-17周 周四 第3节-第4节 逸B-313,2.0,政府管理学院,否,,周四,2012-2013-2,,2012206402052560,"2011政府管理学院政治学与行政学,2011政府管理学院行政管理（运动员班）,2011政府管理学院国际政治,2011政府管理学院行政管理",0,仙林校区,2012-2013学年 第2学期,52560,逸B-313,,否,,,,,,0,公共经济学,16,第3节-第4节,逸夫楼B区,064020
32.0,400080,公共经济学(20122-064021-1),2012206402152598,,3,,70,1-17周,0,徐彪,1-17周 周一 第5节-第6节 仙Ⅱ-314,2.0,政府管理学院,否,,周一,2012-2013-2,,2012206402152598,2010政府管理学院行政管理（劳动与社会保障）,0,仙林校区,2012-2013学年 第2学期,52598,仙Ⅱ-314,,否,,,,,,0,公共经济学,12,第5节-第6节,仙II区,064021
32.0,400080,行政伦理学(20122-064050-1),2012206405052588,,3,,67,1-17周,0,李永刚,1-17周 周四 第3节-第4节 仙Ⅱ-103,2.0,政府管理学院,否,,周四,2012-2013-2,,2012206405052588,"2010政府管理学院政治学与行政学,2010政府管理学院国际政治,2010政府管理学院行政管理",0,仙林校区,2012-2013学年 第2学期,52588,仙Ⅱ-103,,否,,,,,,0,行政伦理学,12,第3节-第4节,仙II区,064050
48.0,400080,人力资源管理(20122-064060-1),2012206406052589,,3,,58,1-17周,0,王强,1-17周 周一 第5节-第7节 仙Ⅱ-313,3.0,政府管理学院,否,,周一,2012-2013-2,,2012206406052589,"2010政府管理学院政治学与行政学,2010政府管理学院国际政治,2010政府管理学院行政管理",0,仙林校区,2012-2013学年 第2学期,52589,仙Ⅱ-313,,否,,,,,,0,公共部门人力资源管理,12,第5节-第7节,仙II区,064060
32.0,400080,公共政策分析(20122-064070-1),2012206407052590,,3,,57,1-17周,0,孔繁斌,1-17周 周五 第5节-第6节 仙Ⅱ-211,2.0,政府管理学院,否,,周五,2012-2013-2,,2012206407052590,"2010政府管理学院政治学与行政学,2010政府管理学院国际政治,2010政府管理学院行政管理",0,仙林校区,2012-2013学年 第2学期,52590,仙Ⅱ-211,,否,,,,,,0,公共政策分析,12,第5节-第6节,仙II区,064070
32.0,400080,社会科学研究方法(20122-064200-1),2012206420052563,,3,,39,1-17周,0,王海洲,1-17周 周一 第5节-第6节 仙Ⅱ-312,2.0,政府管理学院,否,,周一,2012-2013-2,,2012206420052563,"2011政府管理学院政治学与行政学,2011政府管理学院国际政治,2011政府管理学院行政管理",0,仙林校区,2012-2013学年 第2学期,52563,仙Ⅱ-312,,否,,,,,,0,社会科学研究方法,12,第5节-第6节,仙II区,064200
32.0,400080,公共管理的量化方法(20122-064210-1),2012206421052564,,3,,42,1-17周,0,丁蕖,1-17周 周二 第3节-第4节 逸B-313,2.0,政府管理学院,否,,周二,2012-2013-2,,2012206421052564,"2011政府管理学院政治学与行政学,2011政府管理学院行政管理（运动员班）,2011政府管理学院国际政治,2011政府管理学院行政管理",0,仙林校区,2012-2013学年 第2学期,52564,逸B-313,,否,,,,,,0,公共管理的量化方法,16,第3节-第4节,逸夫楼B区,064210
32.0,400080,统计学(20122-064210-1),2012206421052577,,3,,35,1-17周,0,范克新,1-17周 周一 第5节-第7节 逸B-301,2.0,政府管理学院,否,,周一,2012-2013-2,,2012206421052577,2011政府管理学院行政管理（劳动与社会保障）,0,仙林校区,2012-2013学年 第2学期,52577,逸B-301,,否,,,,,,0,公共管理的量化方法,16,第5节-第7节,逸夫楼B区,064210
32.0,400080,政府与企业关系导论(20122-064240-1),2012206424052593,,3,,29,1-17周,0,范春辉,1-17周 周四 第5节-第6节 逸B-207,2.0,政府管理学院,否,,周四,2012-2013-2,,2012206424052593,"2010政府管理学院行政管理,2010政府管理学院行政管理（劳动与社会保障）",0,仙林校区,2012-2013学年 第2学期,52593,逸B-207,,否,,,,,,0,政府与企业关系导论,16,第5节-第6节,逸夫楼B区,064240
32.0,400080,城市与社区治理(20122-064250-1),2012206425052574,,3,,108,1-17周,0,姚远,1-17周 周五 第1节-第2节 图书馆126,2.0,政府管理学院,否,,周五,2012-2013-2,,2012206425052574,"2010政府管理学院政治学与行政学,2011政府管理学院行政管理（运动员班）,2010政府管理学院行政管理（劳动与社会保障）,2010政府管理学院国际政治,2010政府管理学院行政管理",0,仙林校区,2012-2013学年 第2学期,52574,图书馆126,,否,,,,,,0,城市与社区治理,18,第1节-第2节,图书馆,064250
32.0,400080,公务员职业能力与职业发展(20122-064270-1),2012206427052572,,3,,65,1-17周,0,李永刚,1-17周 周四 第1节-第2节 逸B-105,2.0,政府管理学院,否,,周四,2012-2013-2,,2012206427052572,"2009政府管理学院政治学与行政学,2011政府管理学院行政管理（运动员班）,2009政府管理学院行政管理（劳动与社会保障）,2009政府管理学院国际政治,2009政府管理学院行政管理",0,仙林校区,2012-2013学年 第2学期,52572,逸B-105,,否,,,,,,0,公务员职业能力与职业发展,16,第1节-第2节,逸夫楼B区,064270
32.0,400080,数字化政务信息管理(20122-064280-1),2012206428052594,,3,,17,1-17周,0,刘千里,1-17周 周三 第1节-第2节 逸B-104,2.0,政府管理学院,否,,周三,2012-2013-2,,2012206428052594,"2010政府管理学院政治学与行政学,2010政府管理学院行政管理（劳动与社会保障）,2010政府管理学院国际政治,2010政府管理学院行政管理",0,仙林校区,2012-2013学年 第2学期,52594,逸B-104,,否,,,,,,0,数字化政务信息管理,16,第1节-第2节,逸夫楼B区,064280
32.0,400080,地方政治与治理案例分析(20122-064290-1),2012206429052568,,3,,41,1-17周,0,郑家昊,1-17周 周三 第1节-第2节 仙Ⅰ-212,2.0,政府管理学院,否,,周三,2012-2013-2,,2012206429052568,"2009政府管理学院行政管理,2011政府管理学院行政管理（运动员班）",0,仙林校区,2012-2013学年 第2学期,52568,仙Ⅰ-212,,否,,,,,,0,地方政治与治理案例分析,11,第1节-第2节,仙I区,064290
32.0,400080, 西方行政学说史(20122-064300-1),2012206430052595,,3,,19,1-17周,0,"王翀,朱伟",1-17周 周三 第5节-第6节 仙Ⅱ-212,2.0,政府管理学院,否,,周三,2012-2013-2,,2012206430052595,"2010政府管理学院政治学与行政学,2010政府管理学院国际政治,2010政府管理学院行政管理",0,仙林校区,2012-2013学年 第2学期,52595,仙Ⅱ-212,,否,,,,,,0, 西方行政学说史,12,第5节-第6节,仙II区,064300
32.0,400080,台港澳政治与行政(20122-064330-1),2012206433052596,,3,,47,1-17周,0,杨丹伟,1-17周 周三 第3节-第4节 仙Ⅱ-212,2.0,政府管理学院,否,,周三,2012-2013-2,,2012206433052596,"2010政府管理学院政治学与行政学,2010政府管理学院国际政治,2010政府管理学院行政管理",0,仙林校区,2012-2013学年 第2学期,52596,仙Ⅱ-212,,否,,,,,,0,台港澳政治与行政,12,第3节-第4节,仙II区,064330
48.0,400080,近现代国际关系史(20122-065000-1),2012206500052587,,3,,14,1-17周,0,吕磊,1-17周 周四 第5节-第7节 逸B-210,3.0,政府管理学院,否,,周四,2012-2013-2,,2012206500052587,2011政府管理学院国际政治,0,仙林校区,2012-2013学年 第2学期,52587,逸B-210,,否,,,,,,0,近现代国际关系史,16,第5节-第7节,逸夫楼B区,065000
48.0,400080,国际法(20122-065010-1),2012206501052585,,3,,21,1-17周,0,黄跃进,1-17周 周二 第5节-第7节 逸B-210,3.0,政府管理学院,否,,周二,2012-2013-2,,2012206501052585,"2011政府管理学院政治学与行政学,2011政府管理学院国际政治",0,仙林校区,2012-2013学年 第2学期,52585,逸B-210,,否,,,,,,0,国际法,16,第5节-第7节,逸夫楼B区,065010
48.0,400080, 国际政治经济学(20122-065050-1),2012206505052597,,3,,20,1-17周,0,李滨,1-17周 周二 第5节-第7节 仙Ⅱ-213,3.0,政府管理学院,否,,周二,2012-2013-2,,2012206505052597,"2010政府管理学院行政管理,2010政府管理学院国际政治",0,仙林校区,2012-2013学年 第2学期,52597,仙Ⅱ-213,,否,,,,,,0, 国际政治经济学,12,第5节-第7节,仙II区,065050
32.0,400080,国际组织(20122-065200-1),2012206520052586,,3,,12,1-17周,0,苗红娜,1-17周 周一 第3节-第4节 逸B-211,2.0,政府管理学院,否,,周一,2012-2013-2,,2012206520052586,"2011政府管理学院政治学与行政学,2011政府管理学院国际政治",0,仙林校区,2012-2013学年 第2学期,52586,逸B-211,,否,,,,,,0,国际组织,16,第3节-第4节,逸夫楼B区,065200
48.0,400090,信息组织(上)(20122-070030A-1),20122070030A51321,,3,,96,1-17周,0,谭华军,1-17周 周四 第5节-第7节 仙Ⅱ-304,3.0,信息管理学院,否,,周四,2012-2013-2,,20122070030A51321,2012信息管理学院文科类,0,仙林校区,2012-2013学年 第2学期,51321,仙Ⅱ-304,,否,,,,,,0,信息组织(上),12,第5节-第7节,仙II区,070030A
32.0,400090,信息检索（中文）(20122-070040A-1),20122070040A51322,,3,,105,1-17周,0,"王鹏涛,张志强",1-17周 周三 第5节-第6节 仙Ⅱ-304,2.0,信息管理学院,否,,周三,2012-2013-2,,20122070040A51322,2012信息管理学院文科类,0,仙林校区,2012-2013学年 第2学期,51322,仙Ⅱ-304,,否,,,,,,0,信息检索（中文）,12,第5节-第6节,仙II区,070040A
48.0,400090,信息分析(20122-070050-1),2012207005051335,,3,,105,1-17周,0,袁勤俭,1-17周 周四 第5节-第7节 仙Ⅱ-305,3.0,信息管理学院,否,,周四,2012-2013-2,,2012207005051335,"2011信息管理学院信息管理与信息系统,2011信息管理学院档案学,2011信息管理学院图书馆学",0,仙林校区,2012-2013学年 第2学期,51335,仙Ⅱ-305,,否,,,,,,0,信息分析,12,第5节-第7节,仙II区,070050
64.0,400090,数据库原理与应用(20122-070070-1),2012207007051324,,3,,101,"1-17周(单),1-17周,1-17周",0,谈晓洁,"1-17周 周四 第1节-第2节 逸B-104,1-17周 周四 第3节-第4节 ,1-17周(单) 周一 第1节-第2节 逸B-104",4.0,信息管理学院,否,,"周一,周四,周四",2012-2013-2,,2012207007051324,2012信息管理学院文科类,0,仙林校区,2012-2013学年 第2学期,51324,"逸B-104,逸B-104,实验楼乙107",,否,,,,,,0,数据库原理与应用,16,"第1节-第2节,第1节-第2节,第3节-第4节",逸夫楼B区,070070
96.0,400090,毕业论文(20122-070200-1),2012207020051724,,1,,89,,0,,,6.0,信息管理学院,否,,,2012-2013-2,,2012207020051724,"2009信息管理学院信息管理与信息系统,2009信息管理学院编辑出版学,2009信息管理学院档案学,2009信息管理学院图书馆学",0,鼓楼校区,2012-2013学年 第2学期,51724,,,否,,,,,,0,毕业论文,,,,070200
32.0,400090,信息社会学(20122-070210-1),2012207021051340,,3,,33,1-17周,0,叶继元,1-17周 周二 第7节-第8节 仙Ⅰ-101,2.0,信息管理学院,否,,周二,2012-2013-2,,2012207021051340,"2011信息管理学院信息管理与信息系统,2011信息管理学院档案学,2011信息管理学院图书馆学",0,仙林校区,2012-2013学年 第2学期,51340,仙Ⅰ-101,,否,,,,,,0,信息社会学,11,第7节-第8节,仙I区,070210
32.0,400090,信息咨询(20122-070250-1),2012207025051617,,3,,9,1-17周,0,郑建明,1-17周 周一 第3节-第4节 仙Ⅱ-115,2.0,信息管理学院,否,,周一,2012-2013-2,,2012207025051617,"2010信息管理学院图书馆学,2010信息管理学院编辑出版学,2010信息管理学院档案学",0,仙林校区,2012-2013学年 第2学期,51617,仙Ⅱ-115,,否,,,,,,0,信息咨询,12,第3节-第4节,仙II区,070250
48.0,400090,信息检索：科学技术(20122-070280-1),2012207028051341,,3,,7,1-17周,0,施云,1-17周 周五 第3节-第4节 仙Ⅱ-521,3.0,信息管理学院,否,,周五,2012-2013-2,,2012207028051341,"2011信息管理学院信息管理与信息系统,2011信息管理学院档案学,2011信息管理学院图书馆学",0,仙林校区,2012-2013学年 第2学期,51341,仙Ⅱ-521,,否,,,,,,0,信息检索：科学技术,12,第3节-第4节,仙II区,070280
32.0,400090,信息计量学(20122-070300-1),2012207030051344,,3,,51,1-17周,0,叶鹰,1-17周 周二 第3节-第4节 仙Ⅰ-102,2.0,信息管理学院,否,,周二,2012-2013-2,,2012207030051344,"2011信息管理学院信息管理与信息系统,2011信息管理学院档案学,2011信息管理学院图书馆学",0,仙林校区,2012-2013学年 第2学期,51344,仙Ⅰ-102,,否,,,,,,0,信息计量学,11,第3节-第4节,仙I区,070300
32.0,400090,计算机病毒防治(20122-070330-1),2012207033051430,,3,,37,1-17周,0,石进,1-17周 周二 第3节-第4节 仙Ⅰ-115,2.0,信息管理学院,否,,周二,2012-2013-2,,2012207033051430,2010信息管理学院信息管理与信息系统,0,仙林校区,2012-2013学年 第2学期,51430,仙Ⅰ-115,,否,,,,,,0,计算机病毒防治,11,第3节-第4节,仙I区,070330
32.0,400090,信息安全与保密法规(20122-070350-1),2012207035051373,,3,,32,1-17周,0,张玥,1-17周 周一 第3节-第4节 仙Ⅰ-102,2.0,信息管理学院,否,,周一,2012-2013-2,,2012207035051373,"2011信息管理学院信息管理与信息系统,2011信息管理学院档案学",0,仙林校区,2012-2013学年 第2学期,51373,仙Ⅰ-102,,否,,,,,,0,信息安全与保密法规,11,第3节-第4节,仙I区,070350
32.0,400090,知识创新与学术规范(20122-070440-1),2012207044051417,,3,,108,1-17周,0,"陈铭,叶继元",1-17周 周二 第5节-第6节 仙Ⅱ-303,2.0,信息管理学院,否,,周二,2012-2013-2,,2012207044051417,"2010信息管理学院信息管理与信息系统,2010信息管理学院编辑出版学,2010信息管理学院档案学,2010信息管理学院图书馆学",0,仙林校区,2012-2013学年 第2学期,51417,仙Ⅱ-303,,否,,,,,,0,知识创新与学术规范,12,第5节-第6节,仙II区,070440
32.0,400090,市场信息与调研(20122-070470-1),2012207047051376,,3,,67,1-17周,0,陈铭,1-17周 周四 第3节-第4节 仙Ⅰ-115,2.0,信息管理学院,否,,周四,2012-2013-2,,2012207047051376,"2011信息管理学院信息管理与信息系统,2011信息管理学院档案学,2011信息管理学院图书馆学",0,仙林校区,2012-2013学年 第2学期,51376,仙Ⅰ-115,,否,,,,,,0,市场信息与调研,11,第3节-第4节,仙I区,070470
48.0,400090,电子商务(20122-070510-1),2012207051051440,,3,,14,1-17周,0,袁勤俭,1-17周 周四 第3节-第4节 逸B-405,3.0,信息管理学院,否,,周四,2012-2013-2,,2012207051051440,"2010信息管理学院信息管理与信息系统,2010信息管理学院编辑出版学,2010信息管理学院档案学,2010信息管理学院图书馆学",0,仙林校区,2012-2013学年 第2学期,51440,逸B-405,,否,,,,,,0,电子商务,16,第3节-第4节,逸夫楼B区,070510
32.0,400090,互联网商务模式与战略(20122-070530-1),2012207053051442,,3,,11,1-17周,0,胡广伟,1-17周 周五 第3节-第4节 仙Ⅰ-202,2.0,信息管理学院,否,,周五,2012-2013-2,,2012207053051442,"2010信息管理学院信息管理与信息系统,2010信息管理学院编辑出版学,2010信息管理学院档案学,2010信息管理学院图书馆学",0,仙林校区,2012-2013学年 第2学期,51442,仙Ⅰ-202,,否,,,,,,0,互联网商务模式与战略,11,第3节-第4节,仙I区,070530
32.0,400090,自然语言处理(20122-070581-1),2012207058151473,,3,,3,1-17周,0,虞为,1-17周 周一 第3节-第4节 仙Ⅱ-114,2.0,信息管理学院,否,,周一,2012-2013-2,,2012207058151473,2010信息管理学院信息管理与信息系统,0,仙林校区,2012-2013学年 第2学期,51473,仙Ⅱ-114,,否,,,,,,0,自然语言处理,12,第3节-第4节,仙II区,070581
32.0,400090,IT项目管理(20122-070583-1),2012207058351476,,3,,8,1-17周,0,裴雷,1-17周 周五 第1节-第2节 仙Ⅰ-202,2.0,信息管理学院,否,,周五,2012-2013-2,,2012207058351476,"2010信息管理学院信息管理与信息系统,2010信息管理学院编辑出版学,2010信息管理学院档案学,2010信息管理学院图书馆学",0,仙林校区,2012-2013学年 第2学期,51476,仙Ⅰ-202,,否,,,,,,0,IT项目管理,11,第1节-第2节,仙I区,070583
32.0,400090,人机交互(20122-070585-1),2012207058551378,,3,,31,1-17周,0,柯青,1-17周 周五 第1节-第2节 仙Ⅰ-201,2.0,信息管理学院,否,,周五,2012-2013-2,,2012207058551378,"2011信息管理学院信息管理与信息系统,2011信息管理学院档案学,2011信息管理学院图书馆学",0,仙林校区,2012-2013学年 第2学期,51378,仙Ⅰ-201,,否,,,,,,0,人机交互,11,第1节-第2节,仙I区,070585
32.0,400090,文献学(20122-071030-1),2012207103051406,,3,,8,1-17周,0,陈雅,1-17周 周三 第1节-第3节 逸A-212,2.0,信息管理学院,否,,周三,2012-2013-2,,2012207103051406,2011信息管理学院图书馆学,0,仙林校区,2012-2013学年 第2学期,51406,逸A-212,,否,,,,,,0,文献学,15,第1节-第3节,逸夫楼A区,071030
32.0,400090,文献资源建设(20122-071040-1),2012207104051409,,3,,6,1-17周,0,郑建明,1-17周 周一 第5节-第6节 逸A-212,2.0,信息管理学院,否,,周一,2012-2013-2,,2012207104051409,2011信息管理学院图书馆学,0,仙林校区,2012-2013学年 第2学期,51409,逸A-212,,否,,,,,,0,信息资源建设,15,第5节-第6节,逸夫楼A区,071040
32.0,400090,阅读文化学(20122-071110-1),2012207111051404,,3,,8,1-17周,0,徐雁,1-17周 周一 第3节-第4节 逸A-212,2.0,信息管理学院,否,,周一,2012-2013-2,,2012207111051404,2011信息管理学院图书馆学,0,仙林校区,2012-2013学年 第2学期,51404,逸A-212,,否,,,,,,0,阅读文化学,15,第3节-第4节,逸夫楼A区,071110
32.0,400090,电子与音像出版物管理(20122-071130-1),2012207113051622,,3,,0,,0,,,2.0,信息管理学院,否,,,2012-2013-2,,2012207113051622,,0,仙林校区,2012-2013学年 第2学期,51622,,,否,,,,,,0,电子多媒体出版物管理,,,,071130
32.0,400090,世界书业概论(20122-071140-1),2012207114051624,,3,,12,1-17周,0,陈雅,1-17周 周三 第7节-第8节 逸A-212,2.0,信息管理学院,否,,周三,2012-2013-2,,2012207114051624,"2010信息管理学院图书馆学,2010信息管理学院编辑出版学,2010信息管理学院档案学",0,仙林校区,2012-2013学年 第2学期,51624,逸A-212,,否,,,,,,0,世界书业概论,15,第7节-第8节,逸夫楼A区,071140
32.0,400090,书评理论与写作(20122-071150-2),2012207115051611,,3,,7,1-17周,0,徐雁,1-17周 周一 第5节-第6节 逸B-201,2.0,信息管理学院,否,,周一,2012-2013-2,,2012207115051611,2010信息管理学院图书馆学,0,仙林校区,2012-2013学年 第2学期,51611,逸B-201,,否,,,,,,0,书评理论与写作,16,第5节-第6节,逸夫楼B区,071150
32.0,400090,专业英语（图书馆学）(20122-071170-1),2012207117051628,,3,,0,,0,,,2.0,信息管理学院,否,,,2012-2013-2,,2012207117051628,,0,仙林校区,2012-2013学年 第2学期,51628,,,否,,,,,,0,专业英语（图书馆学）,,,,071170
48.0,400090,数据结构(20122-072020-1),2012207202051337,,3,,86,1-17周,0,刘友华,1-17周 周一 第5节-第7节 仙Ⅰ-212,3.0,信息管理学院,否,,周一,2012-2013-2,,2012207202051337,2011信息管理学院信息管理与信息系统,0,仙林校区,2012-2013学年 第2学期,51337,仙Ⅰ-212,,否,,,,,,0,数据结构,11,第5节-第7节,仙I区,072020
48.0,400090,管理信息系统与系统软件(20122-072030-1),2012207203051339,,3,,83,1-17周,0,王昊,1-17周 周三 第1节-第3节 仙Ⅰ-115,3.0,信息管理学院,否,,周三,2012-2013-2,,2012207203051339,2011信息管理学院信息管理与信息系统,0,仙林校区,2012-2013学年 第2学期,51339,仙Ⅰ-115,,否,,,,,,0,管理信息系统与系统软件,11,第1节-第3节,仙I区,072030
32.0,400090,计算机系统与系统软件(20122-072110-1),2012207211051427,,3,,58,1-17周,0,李明,1-17周 周三 第3节-第4节 仙Ⅰ-102,2.0,信息管理学院,否,,周三,2012-2013-2,,2012207211051427,2010信息管理学院信息管理与信息系统,0,仙林校区,2012-2013学年 第2学期,51427,仙Ⅰ-102,,否,,,,,,0,计算机系统与系统软件,11,第3节-第4节,仙I区,072110
32.0,400090,数据仓库与数据挖掘(20122-072120-1),2012207212051477,,3,,62,1-17周,0,"王昊,苏新宁",1-17周 周一 第5节-第6节 仙Ⅰ-213,2.0,信息管理学院,否,,周一,2012-2013-2,,2012207212051477,2010信息管理学院信息管理与信息系统,0,仙林校区,2012-2013学年 第2学期,51477,仙Ⅰ-213,,否,,,,,,0,数据仓库与数据挖掘,11,第5节-第6节,仙I区,072120
32.0,400090,计算机图像处理(20122-072150-1),2012207215051598,,3,,12,1-17周,0,朱学芳,1-17周 周二 第1节-第2节 仙Ⅰ-115,2.0,信息管理学院,否,,周二,2012-2013-2,,2012207215051598,2010信息管理学院信息管理与信息系统,0,仙林校区,2012-2013学年 第2学期,51598,仙Ⅰ-115,,否,,,,,,0,计算机图像处理,11,第1节-第2节,仙I区,072150
32.0,400090,保密科技(20122-072240-1),2012207224051603,,3,,31,1-17周,0,周勇,1-17周 周四 第5节-第6节 仙Ⅰ-115,2.0,信息管理学院,否,,周四,2012-2013-2,,2012207224051603,2010信息管理学院信息管理与信息系统,0,仙林校区,2012-2013学年 第2学期,51603,仙Ⅰ-115,,否,,,,,,0,保密科技,11,第5节-第6节,仙I区,072240
32.0,400090,网络管理(20122-072250-1),2012207225051604,,3,,28,1-17周,0,虞为,1-17周 周一 第1节-第2节 仙Ⅱ-114,2.0,信息管理学院,否,,周一,2012-2013-2,,2012207225051604,2010信息管理学院信息管理与信息系统,0,仙林校区,2012-2013学年 第2学期,51604,仙Ⅱ-114,,否,,,,,,0,网络管理,12,第1节-第2节,仙II区,072250
32.0,400090,专业英语（信息管理）(20122-072260-1),2012207226051607,,3,,10,1-17周,0,赵宇翔,1-17周 周三 第5节-第6节 仙Ⅰ-201,2.0,信息管理学院,否,,周三,2012-2013-2,,2012207226051607,2010信息管理学院信息管理与信息系统,0,仙林校区,2012-2013学年 第2学期,51607,仙Ⅰ-201,,否,,,,,,0,专业英语（信息管理）,11,第5节-第6节,仙I区,072260
48.0,400090,档案管理学(20122-073030-1),2012207303051413,,3,,17,1-17周,0,罗辉,1-17周 周三 第1节-第3节 逸A-213,3.0,信息管理学院,否,,周三,2012-2013-2,,2012207303051413,2011信息管理学院档案学,0,仙林校区,2012-2013学年 第2学期,51413,逸A-213,,否,,,,,,0,档案管理学,15,第1节-第3节,逸夫楼A区,073030
48.0,400090,科技档案管理学(20122-073040-1),2012207304051415,,3,,18,1-17周,0,吴建华,1-17周 周一 第5节-第7节 逸A-213,3.0,信息管理学院,否,,周一,2012-2013-2,,2012207304051415,2011信息管理学院档案学,0,仙林校区,2012-2013学年 第2学期,51415,逸A-213,,否,,,,,,0,科技档案管理学,15,第5节-第7节,逸夫楼A区,073040
32.0,400090,专门档案管理(20122-073130-1),2012207313051668,,3,,7,1-17周,0,罗辉,1-17周 周三 第5节-第6节 逸A-213,2.0,信息管理学院,否,,周三,2012-2013-2,,2012207313051668,2010信息管理学院档案学,0,仙林校区,2012-2013学年 第2学期,51668,逸A-213,,否,,,,,,0,专门档案管理,15,第5节-第6节,逸夫楼A区,073130
32.0,400090,专业英语(20122-073170-1),2012207317051681,,3,,3,1-17周,0,景红,1-17周 周一 第5节-第6节 逸B-202,2.0,信息管理学院,否,,周一,2012-2013-2,,2012207317051681,2010信息管理学院档案学,0,仙林校区,2012-2013学年 第2学期,51681,逸B-202,,否,,,,,,0,专业英语（档案学）,16,第5节-第6节,逸夫楼B区,073170
32.0,400090,网络出版导论(20122-074060-1),2012207406051694,,3,,6,1-17周,0,王鹏涛,1-17周 周二 第1节-第2节 逸A-212,2.0,信息管理学院,否,,周二,2012-2013-2,,2012207406051694,2010信息管理学院编辑出版学,0,仙林校区,2012-2013学年 第2学期,51694,逸A-212,,否,,,,,,0,网络出版导论,15,第1节-第2节,逸夫楼A区,074060
32.0,400090,专业英语（编辑出版）(20122-074210-1),2012207421051696,,3,,9,1-17周,0,王鹏涛,1-17周 周二 第3节-第4节 逸A-212,2.0,信息管理学院,否,,周二,2012-2013-2,,2012207421051696,2010信息管理学院编辑出版学,0,仙林校区,2012-2013学年 第2学期,51696,逸A-212,,否,,,,,,0,专业英语（编辑出版）,15,第3节-第4节,逸夫楼A区,074210
48.0,400100,社会工作概论(20122-080020B-1),20122080020B51919,,3,,91,1-17周,0,郑广怀,1-17周 周一 第5节-第7节 逸B-306,3.0,社会学院,否,,周一,2012-2013-2,,20122080020B51919,,0,仙林校区,2012-2013学年 第2学期,51919,逸B-306,,否,,,,,,0,社会工作概论,16,第5节-第7节,逸夫楼B区,080020B
48.0,400100,普通心理学(20122-080030B-1),20122080030B51920,,3,,98,1-17周,0,陈昌凯,1-17周 周四 第5节-第7节 仙Ⅱ-117,3.0,社会学院,否,,周四,2012-2013-2,,20122080030B51920,,0,仙林校区,2012-2013学年 第2学期,51920,仙Ⅱ-117,,否,,,,,,0,普通心理学,12,第5节-第7节,仙II区,080030B
32.0,400100,学年论文(20122-080640-1),2012208064051938,,3,,73,,0,,,2.0,社会学院,否,,,2012-2013-2,,2012208064051938,"2010社会学院社会学,2010社会学院应用心理学,2010社会学院社会工作",0,仙林校区,2012-2013学年 第2学期,51938,,,否,,,,,,0,学年论文,,,,080640
32.0,400100,毕业实习(20122-080690-1),2012208069053556,,3,,81,,0,,,2.0,社会学院,否,,,2012-2013-2,,2012208069053556,"2009社会学院社会学,2009社会学院应用心理学,2009社会学院社会工作",0,仙林校区,2012-2013学年 第2学期,53556,,,否,,,,,,0,毕业实习,,,,080690
96.0,400100,毕业论文(20122-081000-1),2012208100051977,,3,,81,,0,,,6.0,社会学院,否,,,2012-2013-2,,2012208100051977,"2009社会学院社会学,2009社会学院应用心理学,2009社会学院社会工作",0,仙林校区,2012-2013学年 第2学期,51977,,,否,,,,,,0,毕业论文,,,,081000
48.0,400100,社会心理学(20122-081020-1),2012208102051922,,3,,48,1-17周,0,"周晓虹,陆远",1-17周 周三 第2节-第4节 逸B-508,3.0,社会学院,否,,周三,2012-2013-2,,2012208102051922,2011社会学院社会学,0,仙林校区,2012-2013学年 第2学期,51922,逸B-508,,否,,,,,,0,社会心理学,16,第2节-第4节,逸夫楼B区,081020
48.0,400100,社会心理学(20122-081020-1),2012208102051932,,3,,34,1-17周,0,张洪,1-17周 周三 第2节-第4节 逸B-509,3.0,社会学院,否,,周三,2012-2013-2,,2012208102051932,"2011社会学院社会工作,2011社会学院应用心理学",0,仙林校区,2012-2013学年 第2学期,51932,逸B-509,,否,,,,,,0,社会心理学,16,第2节-第4节,逸夫楼B区,081020
48.0,400100,社会调查方法(20122-081050-1),2012208105051923,,3,,62,1-17周,0,方长春,1-17周 周五 第2节-第4节 仙Ⅱ-215,3.0,社会学院,否,,周五,2012-2013-2,,2012208105051923,"2011社会学院社会学,2011社会学院社会工作",0,仙林校区,2012-2013学年 第2学期,51923,仙Ⅱ-215,,否,,,,,,0,社会调查方法,12,第2节-第4节,仙II区,081050
48.0,400100,西方社会学理论（下）(20122-081060-1),2012208106051924,,3,,40,1-17周,0,成伯清,1-17周 周二 第5节-第7节 仙Ⅱ-215,3.0,社会学院,否,,周二,2012-2013-2,,2012208106051924,"2011社会学院社会学,2011社会学院社会工作",0,仙林校区,2012-2013学年 第2学期,51924,仙Ⅱ-215,,否,,,,,,0,西方社会学理论（下）,12,第5节-第7节,仙II区,081060
48.0,400100,高级社会统计学(20122-081080-1),2012208108051925,,3,,94,1-17周,0,闵学勤,1-17周 周一 第5节-第7节 逸B-312,3.0,社会学院,否,,周一,2012-2013-2,,2012208108051925,"2011社会学院社会学,2011建筑与城市规划学院建筑学,2011社会学院社会工作",0,仙林校区,2012-2013学年 第2学期,51925,逸B-312,,否,,,,,,0,高级社会统计学,16,第5节-第7节,逸夫楼B区,081080
48.0,400100,农村社会学(20122-081120-1),2012208112051941,,3,,36,1-17周,0,张玉林,1-17周 周二 第5节-第7节 逸B-303,3.0,社会学院,否,,周二,2012-2013-2,,2012208112051941,2010社会学院社会学,0,仙林校区,2012-2013学年 第2学期,51941,逸B-303,,否,,,,,,0,农村社会学,16,第5节-第7节,逸夫楼B区,081120
32.0,400100,社会问题(20122-081140-1),2012208114051943,,3,,18,1-17周,0,朱力,1-17周 周三 第3节-第4节 仙Ⅱ-213,2.0,社会学院,否,,周三,2012-2013-2,,2012208114051943,"2010社会学院社会学,2010社会学院社会工作",0,仙林校区,2012-2013学年 第2学期,51943,仙Ⅱ-213,,否,,,,,,0,社会问题,12,第3节-第4节,仙II区,081140
32.0,400100,传播社会学(20122-081190-1),2012208119051926,,3,,25,1-17周,0,周培勤,1-17周 周四 第3节-第4节 逸B-307,2.0,社会学院,否,,周四,2012-2013-2,,2012208119051926,2011社会学院社会学,0,仙林校区,2012-2013学年 第2学期,51926,逸B-307,,否,,,,,,0,传播社会学,16,第3节-第4节,逸夫楼B区,081190
32.0,400100,Sociology of Knowledge(20122-081210-1),2012208121051927,,3,,15,1-17周,0,李晟台,1-17周 周四 第1节-第2节 逸B-307,2.0,社会学院,否,,周四,2012-2013-2,,2012208121051927,2011社会学院社会学,0,仙林校区,2012-2013学年 第2学期,51927,逸B-307,,否,,,,,,0,Sociology of Knowledge,16,第1节-第2节,逸夫楼B区,081210
32.0,400100,文化社会学(20122-081220-1),2012208122051954,,3,,16,1-17周,0,郑震,1-17周 周一 第3节-第4节 逸B-307,2.0,社会学院,否,,周一,2012-2013-2,,2012208122051954,2010社会学院社会学,0,仙林校区,2012-2013学年 第2学期,51954,逸B-307,,否,,,,,,0,文化社会学,16,第3节-第4节,逸夫楼B区,081220
32.0,400100,社会分层与流动(20122-081240-1),2012208124051945,,3,,8,1-17周,0,方长春,1-17周 周五 第5节-第6节 逸B-210,2.0,社会学院,否,,周五,2012-2013-2,,2012208124051945,2010社会学院社会学,0,仙林校区,2012-2013学年 第2学期,51945,逸B-210,,否,,,,,,0,社会分层与流动,16,第5节-第6节,逸夫楼B区,081240
32.0,400100,社区概论(20122-081280-1),2012208128051948,,3,,12,1-17周,0,朱安新,1-17周 周五 第3节-第4节 逸B-210,2.0,社会学院,否,,周五,2012-2013-2,,2012208128051948,2010社会学院社会学,0,仙林校区,2012-2013学年 第2学期,51948,逸B-210,,否,,,,,,0,社区概论,16,第3节-第4节,逸夫楼B区,081280
32.0,400100,女性研究导论(20122-081290-1),2012208129051949,,3,,20,1-17周,0,周培勤,1-17周 周四 第5节-第6节 逸B-301,2.0,社会学院,否,,周四,2012-2013-2,,2012208129051949,2010社会学院社会学,0,仙林校区,2012-2013学年 第2学期,51949,逸B-301,,否,,,,,,0,女性研究导论,16,第5节-第6节,逸夫楼B区,081290
32.0,400100,越轨社会学(20122-081300-1),2012208130051950,,3,,26,1-17周,0,吴作富,1-17周 周四 第3节-第4节 逸B-308,2.0,社会学院,否,,周四,2012-2013-2,,2012208130051950,"2010社会学院社会学,2010社会学院社会工作",0,仙林校区,2012-2013学年 第2学期,51950,逸B-308,,否,,,,,,0,越轨社会学,16,第3节-第4节,逸夫楼B区,081300
32.0,400100,制度分析基础(20122-081310-1),2012208131051951,,3,,16,1-17周,0,汪和建,1-17周 周一 第5节-第6节 逸B-307,2.0,社会学院,否,,周一,2012-2013-2,,2012208131051951,2010社会学院社会学,0,仙林校区,2012-2013学年 第2学期,51951,逸B-307,,否,,,,,,0,制度分析基础,16,第5节-第6节,逸夫楼B区,081310
32.0,400100,宗教社会学(20122-081320-1),2012208132051953,,3,,27,1-17周,0,谢燕清,1-17周 周二 第3节-第4节 逸B-402,2.0,社会学院,否,,周二,2012-2013-2,,2012208132051953,2010社会学院社会学,0,仙林校区,2012-2013学年 第2学期,51953,逸B-402,,否,,,,,,0,宗教社会学,16,第3节-第4节,逸夫楼B区,081320
32.0,400100,历史社会学(20122-081420-1),2012208142051928,,3,,37,1-17周,0,陆远,1-17周 周五 第5节-第6节 逸B-209,2.0,社会学院,否,,周五,2012-2013-2,,2012208142051928,2011社会学院社会学,0,仙林校区,2012-2013学年 第2学期,51928,逸B-209,,否,,,,,,0,历史社会学,16,第5节-第6节,逸夫楼B区,081420
32.0,400100,组织社会学(20122-081440-1),2012208144051929,,3,,33,1-17周,0,刘林平,1-17周 周一 第3节-第4节 逸B-305,2.0,社会学院,否,,周一,2012-2013-2,,2012208144051929,"2011社会学院社会学,2011社会学院社会工作",0,仙林校区,2012-2013学年 第2学期,51929,逸B-305,,否,,,,,,0,组织社会学,16,第3节-第4节,逸夫楼B区,081440
48.0,400100,社会政策概论(20122-082010-1),2012208201051921,,3,,80,1-17周,0,胡小武,1-17周 周二 第5节-第7节 仙Ⅱ-214,3.0,社会学院,否,,周二,2012-2013-2,,2012208201051921,,0,仙林校区,2012-2013学年 第2学期,51921,仙Ⅱ-214,,否,,,,,,0,社会政策概论,12,第5节-第7节,仙II区,082010
48.0,400100,个案工作(20122-082020-1),2012208202051930,,3,,19,1-17周,0,翟进,1-17周 周五 第5节-第7节 逸A-212,3.0,社会学院,否,,周五,2012-2013-2,,2012208202051930,2011社会学院社会工作,0,仙林校区,2012-2013学年 第2学期,51930,逸A-212,,否,,,,,,0,个案工作,15,第5节-第7节,逸夫楼A区,082020
48.0,400100,团体工作(20122-082030-1),2012208203051931,,3,,18,1-17周,0,肖萍,1-17周 周四 第2节-第4节 ,3.0,社会学院,否,,周四,2012-2013-2,,2012208203051931,2011社会学院社会工作,0,仙林校区,2012-2013学年 第2学期,51931,社会学院220室,,否,,,,,,0,团体工作,,第2节-第4节,,082030
48.0,400100,社区工作(20122-082040-1),2012208204051957,,3,,16,1-17周,0,梁莹,1-17周 周一 第5节-第7节 仙Ⅱ-115,3.0,社会学院,否,,周一,2012-2013-2,,2012208204051957,2010社会学院社会工作,0,仙林校区,2012-2013学年 第2学期,51957,仙Ⅱ-115,,否,,,,,,0,社区工作,12,第5节-第7节,仙II区,082040
48.0,400100,人类行为与社会环境(20122-082050-1),2012208205051961,,3,,18,1-17周,0,徐愫,1-17周 周二 第2节-第4节 逸B-403,3.0,社会学院,否,,周二,2012-2013-2,,2012208205051961,2010社会学院社会工作,0,仙林校区,2012-2013学年 第2学期,51961,逸B-403,,否,,,,,,0,人类行为与社会环境,16,第2节-第4节,逸夫楼B区,082050
32.0,400100,家庭社会工作(20122-082090-1),2012208209051962,,3,,7,1-17周,0,田蓉,1-17周 周二 第5节-第6节 逸B-208,2.0,社会学院,否,,周二,2012-2013-2,,2012208209051962,2010社会学院社会工作,0,仙林校区,2012-2013学年 第2学期,51962,逸B-208,,否,,,,,,0,家庭社会工作,16,第5节-第6节,逸夫楼B区,082090
32.0,400100,老年社会工作(20122-082130-1),2012208213051965,,3,,11,1-17周,0,翟进,1-17周 周五 第3节-第4节 逸A-213,2.0,社会学院,否,,周五,2012-2013-2,,2012208213051965,2010社会学院社会工作,0,仙林校区,2012-2013学年 第2学期,51965,逸A-213,,否,,,,,,0,老年社会工作,15,第3节-第4节,逸夫楼A区,082130
32.0,400100,项目评估(20122-082180F-1),20122082180F51966,,3,,12,1-17周,0,梁莹,1-17周 周一 第3节-第4节 逸B-308,2.0,社会学院,否,,周一,2012-2013-2,,20122082180F51966,2010社会学院社会工作,0,仙林校区,2012-2013学年 第2学期,51966,逸B-308,,否,,,,,,0,项目评估,16,第3节-第4节,逸夫楼B区,082180F
32.0,400100,影视文本与社会工作(20122-082210-1),2012208221051968,,3,,13,1-17周,0,刘柳,1-17周 周四 第5节-第6节 逸B-302,2.0,社会学院,否,,周四,2012-2013-2,,2012208221051968,2010社会学院社会工作,0,仙林校区,2012-2013学年 第2学期,51968,逸B-302,,否,,,,,,0,影视文本与社会工作,16,第5节-第6节,逸夫楼B区,082210
32.0,400100,企业社会工作(20122-082270-1),2012208227051970,,3,,10,1-17周,0,郑广怀,1-17周 周五 第5节-第6节 逸A-213,2.0,社会学院,否,,周五,2012-2013-2,,2012208227051970,2010社会学院社会工作,0,仙林校区,2012-2013学年 第2学期,51970,逸A-213,,否,,,,,,0,企业社会工作,15,第5节-第6节,逸夫楼A区,082270
32.0,400100,实验心理学（上）(20122-083040C-1),20122083040C51933,,3,,33,1-17周,0,耿柳娜,1-17周 周二 第5节-第6节 逸C-203,2.0,社会学院,否,,周二,2012-2013-2,,20122083040C51933,2011社会学院应用心理学,0,仙林校区,2012-2013学年 第2学期,51933,逸C-203,,否,,,,,,0,实验心理学（上）,17,第5节-第6节,逸夫楼C区,083040C
48.0,400100,心理测量(20122-083050-1),2012208305051936,,3,,31,1-17周,0,李中权,1-17周 周五 第5节-第7节 逸C-202,3.0,社会学院,否,,周五,2012-2013-2,,2012208305051936,2011社会学院应用心理学,0,仙林校区,2012-2013学年 第2学期,51936,逸C-202,,否,,,,,,0,心理测量,17,第5节-第7节,逸夫楼C区,083050
48.0,400100,生理心理学(20122-083060-1),2012208306051937,,3,,30,1-17周,0,刘阳阳,1-17周 周一 第5节-第7节 逸B-304,3.0,社会学院,否,,周一,2012-2013-2,,2012208306051937,2011社会学院应用心理学,0,仙林校区,2012-2013学年 第2学期,51937,逸B-304,,否,,,,,,0,生理心理学,16,第5节-第7节,逸夫楼B区,083060
48.0,400100,心理学史(20122-083100-1),2012208310051971,,3,,60,1-17周,0,肖承丽,1-17周 周三 第5节-第7节 仙Ⅱ-215,3.0,社会学院,否,,周三,2012-2013-2,,2012208310051971,"2010社会学院应用心理学,2011社会学院应用心理学",0,仙林校区,2012-2013学年 第2学期,51971,仙Ⅱ-215,,否,,,,,,0,心理学史,12,第5节-第7节,仙II区,083100
48.0,400100,变态心理学(20122-083110-1),2012208311051972,,3,,33,1-17周,0,AnnetteHillers,1-17周 周四 第5节-第7节 逸B-303,3.0,社会学院,否,,周四,2012-2013-2,,2012208311051972,2010社会学院应用心理学,0,仙林校区,2012-2013学年 第2学期,51972,逸B-303,,否,,,,,,0,变态心理学,16,第5节-第7节,逸夫楼B区,083110
32.0,400100,教育心理学(20122-083120-1),2012208312051973,,3,,31,1-17周,0,刘阳阳,1-17周 周一 第3节-第4节 逸B-309,2.0,社会学院,否,,周一,2012-2013-2,,2012208312051973,2010社会学院应用心理学,0,仙林校区,2012-2013学年 第2学期,51973,逸B-309,,否,,,,,,0,教育心理学,16,第3节-第4节,逸夫楼B区,083120
32.0,400100,人事测评(20122-083240-1),2012208324051974,,3,,17,1-17周,0,李中权,1-17周 周五 第3节-第4节 逸B-209,2.0,社会学院,否,,周五,2012-2013-2,,2012208324051974,2010社会学院应用心理学,0,仙林校区,2012-2013学年 第2学期,51974,逸B-209,,否,,,,,,0,人事测评,16,第3节-第4节,逸夫楼B区,083240
32.0,400100,SPSS软件应用(20122-083290-1),2012208329051975,,3,,26,1-17周,0,李中权,1-17周 周二 第3节-第4节 ,2.0,社会学院,否,,周二,2012-2013-2,,2012208329051975,2010社会学院应用心理学,0,仙林校区,2012-2013学年 第2学期,51975,河仁楼202室,,否,,,,,,0,SPSS软件应用,,第3节-第4节,,083290
48.0,400060,政治经济学（下）(20122-090010B-1),20122090010B51110,,3,,318,1-17周,0,"裴平,杨德才,范从来,葛扬,沈坤荣,洪银兴,安同良,刘志彪,张二震",1-17周 周二 第5节-第7节 仙Ⅰ-106,3.0,商学院,否,,周二,2012-2013-2,,20122090010B51110,"2011商学院经济学,2011匡亚明学院应用文科强化班,2011商学院经济学（产业经济方向）,2011商学院金融工程,2011商学院保险学,2011商学院金融学,2011商学院国际经济与贸易",0,仙林校区,2012-2013学年 第2学期,51110,仙Ⅰ-106,,否,,,,,,0,政治经济学（下）,11,第5节-第7节,仙I区,090010B
48.0,400060,宏观经济学(20122-090030-1),2012209003051086,,3,,142,1-17周,0,李剑,1-17周 周五 第5节-第7节 仙Ⅱ-303,3.0,商学院,否,,周五,2012-2013-2,,2012209003051086,2012商学院工商管理类,0,仙林校区,2012-2013学年 第2学期,51086,仙Ⅱ-303,,否,,,,,,0,宏观经济学,12,第5节-第7节,仙II区,090030
48.0,400060,宏观经济学(20122-090030-2),2012209003051089,,3,,155,1-17周,0,武志伟,1-17周 周一 第5节-第7节 仙Ⅱ-303,3.0,商学院,否,,周一,2012-2013-2,,2012209003051089,2012商学院工商管理类,0,仙林校区,2012-2013学年 第2学期,51089,仙Ⅱ-303,,否,,,,,,0,宏观经济学,12,第5节-第7节,仙II区,090030
48.0,400060,宏观经济学(20122-090030-1),2012209003051093,,3,,143,1-17周,0,梁东黎,1-17周 周一 第5节-第7节 逸B-205,3.0,商学院,否,,周一,2012-2013-2,,2012209003051093,"2012商学院经济学类,2012匡亚明学院应用文科强化班",0,仙林校区,2012-2013学年 第2学期,51093,逸B-205,,否,,,,,,0,宏观经济学,16,第5节-第7节,逸夫楼B区,090030
48.0,400060,宏观经济学(20122-090030-2),2012209003051100,,3,,127,1-17周,0,吴清,1-17周 周二 第5节-第7节 逸B-313,3.0,商学院,否,,周二,2012-2013-2,,2012209003051100,2012商学院经济学类,0,仙林校区,2012-2013学年 第2学期,51100,逸B-313,,否,,,,,,0,宏观经济学,16,第5节-第7节,逸夫楼B区,090030
48.0,400060,宏观经济学(20122-090030-3),2012209003051101,,3,,122,1-17周,0,吴清,1-17周 周一 第5节-第7节 逸B-313,3.0,商学院,否,,周一,2012-2013-2,,2012209003051101,"2012商学院经济学类,2012商学院国际经济与贸易（二学位）",0,仙林校区,2012-2013学年 第2学期,51101,逸B-313,,否,,,,,,0,宏观经济学,16,第5节-第7节,逸夫楼B区,090030
48.0,400060,国际贸易(20122-090040-1),2012209004051121,,3,,112,1-17周,0,方勇,1-17周 周四 第5节-第7节 逸B-410,3.0,商学院,否,,周四,2012-2013-2,,2012209004051121,"2011商学院经济学,2011商学院经济学（产业经济方向）",0,仙林校区,2012-2013学年 第2学期,51121,逸B-410,,否,,,,,,0,国际贸易,16,第5节-第7节,逸夫楼B区,090040
48.0,400060,国际贸易(20122-090040-1),2012209004051167,,3,,140,"1-17周,1-17周(单)",0,马野青,"1-17周 周一 第3节-第4节 仙Ⅰ-524,1-17周(单) 周三 第3节-第4节 仙Ⅰ-524",3.0,商学院,否,,"周一,周三",2012-2013-2,,2012209004051167,"2011商学院金融学,2011商学院金融工程,2011商学院保险学",0,仙林校区,2012-2013学年 第2学期,51167,"仙Ⅰ-524,仙Ⅰ-524",,否,,,,,,0,国际贸易,11,"第3节-第4节,第3节-第4节",仙I区,090040
48.0,400060,国际贸易(20122-090040-1),2012209004051328,,3,,87,"1-17周,1-17周(单)",0,张二震,"1-17周 周一 第1节-第2节 逸B-305,1-17周(单) 周三 第1节-第2节 逸B-305",3.0,商学院,否,,"周一,周三",2012-2013-2,,2012209004051328,"2011商学院国际经济与贸易,2012商学院国际经济与贸易（二学位）,2011匡亚明学院应用文科强化班",0,仙林校区,2012-2013学年 第2学期,51328,"逸B-305,逸B-305",,否,,,,,,0,国际贸易,16,"第1节-第2节,第1节-第2节",逸夫楼B区,090040
48.0,400060,国际金融(20122-090050-1),2012209005051249,,3,,72,1-17周,0,张岭松,1-17周 周四 第5节-第7节 逸B-104,3.0,商学院,否,,周四,2012-2013-2,,2012209005051249,"2010商学院工商管理,2010商学院工商管理（人力资源管理方向）,2010商学院市场营销,2010商学院电子商务,2010商学院财务管理,2010商学院会计学",0,仙林校区,2012-2013学年 第2学期,51249,逸B-104,,否,,,,,,0,国际金融,16,第5节-第7节,逸夫楼B区,090050
48.0,400060,计量经济学(20122-090060-1),2012209006051342,,3,,98,"1-17周,1-17周",0,谢建国,"1-17周 周二 第5节-第6节 逸B-404,1-17周 周二 第7节-第7节 ",3.0,商学院,否,,"周二,周二",2012-2013-2,,2012209006051342,"2010商学院国际经济与贸易,2012商学院国际经济与贸易（二学位）",0,仙林校区,2012-2013学年 第2学期,51342,"逸B-404,逸B-407",,否,,,,,,0,计量经济学,16,"第5节-第6节,第7节-第7节",逸夫楼B区,090060
48.0,400060,管理学(20122-090510-1),2012209051050883,,3,,52,1-17周,0,刘海建,1-17周 周四 第5节-第6节 仙Ⅱ-104,3.0,商学院,否,,周四,2012-2013-2,,2012209051050883,"2011新闻传播学院新闻学,2011新闻传播学院广播电视新闻学,2011新闻传播学院广告学",0,仙林校区,2012-2013学年 第2学期,50883,仙Ⅱ-104,,否,,,,,,0,管理学,12,第5节-第6节,仙II区,090510
48.0,400060,管理学(20122-090510-2),2012209051050885,,3,,110,1-17周,0,李嘉,1-17周 周三 第5节-第7节 逸B-313,3.0,商学院,否,,周三,2012-2013-2,,2012209051050885,"2011信息管理学院信息管理与信息系统,2011信息管理学院档案学,2011信息管理学院图书馆学",0,仙林校区,2012-2013学年 第2学期,50885,逸B-313,,否,,,,,,0,管理学,16,第5节-第7节,逸夫楼B区,090510
48.0,400060,管理学(20122-090510-1),2012209051051331,,3,,29,1-17周,0,龙静,1-17周 周四 第5节-第7节 逸C-402,3.0,商学院,否,,周四,2012-2013-2,,2012209051051331,2011商学院国际经济与贸易,0,仙林校区,2012-2013学年 第2学期,51331,逸C-402,,否,,,,,,0,管理学,17,第5节-第7节,逸夫楼C区,090510
48.0,400060,统计学(20122-090520-1),2012209052051092,,3,,151,"1-17周(单),1-17周",0,"宋哲,耿修林,李虎,徐小林","1-17周 周三 第1节-第2节 逸B-105,1-17周(单) 周一 第3节-第4节 逸B-105",3.0,商学院,否,,"周一,周三",2012-2013-2,,2012209052051092,2012商学院工商管理类,0,仙林校区,2012-2013学年 第2学期,51092,"逸B-105,逸B-105",,否,,,,,,0,统计学,16,"第3节-第4节,第1节-第2节",逸夫楼B区,090520
48.0,400060,统计学(20122-090520-2),2012209052051094,,3,,174,"2-18周(双),1-17周",0,"李虎,徐小林,耿修林,宋哲","1-17周 周三 第3节-第4节 逸B-105,2-18周(双) 周一 第3节-第4节 逸B-105",3.0,商学院,否,,"周一,周三",2012-2013-2,,2012209052051094,"2011匡亚明学院应用文科强化班,2012商学院工商管理类",0,仙林校区,2012-2013学年 第2学期,51094,"逸B-105,逸B-105",,否,,,,,,0,统计学,16,"第3节-第4节,第3节-第4节",逸夫楼B区,090520
48.0,400060,统计学(20122-090520-1),2012209052051124,,3,,184,1-17周,0,吴福象,1-17周 周五 第5节-第7节 逸B-212,3.0,商学院,否,,周五,2012-2013-2,,2012209052051124,"2011商学院经济学,2011商学院经济学（产业经济方向）,2011商学院国际经济与贸易",0,仙林校区,2012-2013学年 第2学期,51124,逸B-212,,否,,,,,,0,统计学,16,第5节-第7节,逸夫楼B区,090520
48.0,400060,统计学(20122-090520-1),2012209052051168,,3,,157,1-17周,0,蒋彧,1-17周 周三 第5节-第7节 逸B-101,3.0,商学院,否,,周三,2012-2013-2,,2012209052051168,"2011商学院金融学,2012商学院国际经济与贸易（二学位）,2011商学院金融工程,2011商学院保险学",0,仙林校区,2012-2013学年 第2学期,51168,逸B-101,,否,,,,,,0,统计学,16,第5节-第7节,逸夫楼B区,090520
48.0,400060,会计学(20122-090530-1),2012209053051095,,3,,74,1-17周,0,李心合,1-17周 周一 第5节-第7节 仙Ⅰ-102,3.0,商学院,否,,周一,2012-2013-2,,2012209053051095,2012商学院工商管理类,0,仙林校区,2012-2013学年 第2学期,51095,仙Ⅰ-102,,否,,,,,,0,会计学,11,第5节-第7节,仙I区,090530
48.0,400060,会计学(20122-090530-1),2012209053051102,,3,,107,1-17周,0,"黄志忠,王兵",1-17周 周二 第5节-第7节 仙Ⅱ-406,3.0,商学院,否,,周二,2012-2013-2,,2012209053051102,2012商学院经济学类,0,仙林校区,2012-2013学年 第2学期,51102,仙Ⅱ-406,,否,,,,,,0,会计学,12,第5节-第7节,仙II区,090530
48.0,400060,会计学(20122-090530-2),2012209053051105,,3,,122,1-17周,0,郭荃,1-17周 周一 第5节-第7节 仙Ⅱ-406,3.0,商学院,否,,周一,2012-2013-2,,2012209053051105,2012商学院经济学类,0,仙林校区,2012-2013学年 第2学期,51105,仙Ⅱ-406,,否,,,,,,0,会计学,12,第5节-第7节,仙II区,090530
48.0,400060,会计学(20122-090530-2),2012209053051106,,3,,65,1-17周,0,李明辉,1-17周 周一 第5节-第7节 仙Ⅰ-103,3.0,商学院,否,,周一,2012-2013-2,,2012209053051106,2012商学院工商管理类,0,仙林校区,2012-2013学年 第2学期,51106,仙Ⅰ-103,,否,,,,,,0,会计学,11,第5节-第7节,仙I区,090530
48.0,400060,会计学(20122-090530-3),2012209053051108,,3,,108,1-17周,0,郭荃,1-17周 周二 第5节-第7节 逸B-410,3.0,商学院,否,,周二,2012-2013-2,,2012209053051108,2012商学院经济学类,0,仙林校区,2012-2013学年 第2学期,51108,逸B-410,,否,,,,,,0,会计学,16,第5节-第7节,逸夫楼B区,090530
48.0,400060,会计学(20122-090530-3),2012209053051109,,3,,80,1-17周,0,陈冬华,1-17周 周三 第5节-第7节 仙Ⅰ-101,3.0,商学院,否,,周三,2012-2013-2,,2012209053051109,2012商学院工商管理类,0,仙林校区,2012-2013学年 第2学期,51109,仙Ⅰ-101,,否,,,,,,0,会计学,11,第5节-第7节,仙I区,090530
48.0,400060,会计学(20122-090530-4),2012209053051111,,3,,102,1-17周,0,李翔,1-17周 周五 第5节-第7节 仙Ⅰ-102,3.0,商学院,否,,周五,2012-2013-2,,2012209053051111,"2011匡亚明学院应用文科强化班,2012商学院工商管理类",0,仙林校区,2012-2013学年 第2学期,51111,仙Ⅰ-102,,否,,,,,,0,会计学,11,第5节-第7节,仙I区,090530
128.0,400060,毕业论文(20122-090580-1),2012209058051233,,1,,38,,0,,,8.0,商学院,否,,,2012-2013-2,,2012209058051233,2009商学院财务管理,0,鼓楼校区,2012-2013学年 第2学期,51233,,,否,,,,,,0,毕业论文,,,,090580
128.0,400060,毕业论文(20122-090580-1),2012209058051234,,1,,41,,0,,,8.0,商学院,否,,,2012-2013-2,,2012209058051234,2009商学院会计学,0,鼓楼校区,2012-2013学年 第2学期,51234,,,否,,,,,,0,毕业论文,,,,090580
128.0,400060,毕业论文(20122-090580-1),2012209058051236,,1,,14,,0,,,8.0,商学院,否,,,2012-2013-2,,2012209058051236,2009商学院电子商务,0,鼓楼校区,2012-2013学年 第2学期,51236,,,否,,,,,,0,毕业论文,,,,090580
128.0,400060,毕业论文(20122-090580-1),2012209058051237,,1,,29,,0,,,8.0,商学院,否,,,2012-2013-2,,2012209058051237,2009商学院市场营销,0,鼓楼校区,2012-2013学年 第2学期,51237,,,否,,,,,,0,毕业论文,,,,090580
128.0,400060,毕业论文(20122-090580-1),2012209058051239,,1,,47,,0,,,8.0,商学院,否,,,2012-2013-2,,2012209058051239,2009商学院工商管理,0,鼓楼校区,2012-2013学年 第2学期,51239,,,否,,,,,,0,毕业论文,,,,090580
128.0,400060,毕业论文(20122-090580-1),2012209058051240,,1,,24,,0,,,8.0,商学院,否,,,2012-2013-2,,2012209058051240,2009商学院工商管理（人力资源管理方向）,0,鼓楼校区,2012-2013学年 第2学期,51240,,,否,,,,,,0,毕业论文,,,,090580
32.0,400060,经理人发展规划(20122-090680-1),2012209068051253,,3,,25,,0,,,2.0,商学院,否,,,2012-2013-2,,2012209068051253,,0,仙林校区,2012-2013学年 第2学期,51253,,,否,,,,,,0,经理人发展规划,,,,090680
32.0,400060,服务业人力资源管理(20122-090690-1),2012209069051271,,3,,12,,0,,,2.0,商学院,否,,,2012-2013-2,,2012209069051271,,0,仙林校区,2012-2013学年 第2学期,51271,,,否,,,,,,0,服务业人力资源管理,,,,090690
48.0,400060,财政学(20122-091010-1),2012209101051296,,3,,24,1-17周,0,尚长风,1-17周 周一 第5节-第7节 仙Ⅰ-115,3.0,商学院,否,,周一,2012-2013-2,,2012209101051296,"2010商学院会计学,2010商学院财务管理",0,仙林校区,2012-2013学年 第2学期,51296,仙Ⅰ-115,,否,,,,,,0,财政学,11,第5节-第7节,仙I区,091010
48.0,400060,货币银行学(20122-091020-1),2012209102051125,,3,,109,1-17周,0,姜宁,1-17周 周三 第5节-第7节 逸B-410,3.0,商学院,否,,周三,2012-2013-2,,2012209102051125,"2011商学院经济学,2011商学院经济学（产业经济方向）",0,仙林校区,2012-2013学年 第2学期,51125,逸B-410,,否,,,,,,0,货币银行学,16,第5节-第7节,逸夫楼B区,091020
48.0,400060,货币银行学(20122-091020-1),2012209102051174,,3,,74,1-17周,0,江静,1-17周 周二 第5节-第7节 仙Ⅰ-212,3.0,商学院,否,,周二,2012-2013-2,,2012209102051174,"2011商学院工商管理,2011商学院工商管理（人力资源管理方向）",0,仙林校区,2012-2013学年 第2学期,51174,仙Ⅰ-212,,否,,,,,,0,货币银行学,11,第5节-第7节,仙I区,091020
48.0,400060,货币银行学(20122-091020-1),2012209102051222,,3,,80,1-17周,0,王宇伟,1-17周 周五 第5节-第7节 仙Ⅰ-103,3.0,商学院,否,,周五,2012-2013-2,,2012209102051222,"2011商学院会计学,2011商学院财务管理",0,仙林校区,2012-2013学年 第2学期,51222,仙Ⅰ-103,,否,,,,,,0,货币银行学,11,第5节-第7节,仙I区,091020
48.0,400060,资本论导读(20122-091030-1),2012209103051126,,3,,87,1-17周,0,夏江,1-17周 周一 第5节-第7节 仙Ⅱ-117,3.0,商学院,否,,周一,2012-2013-2,,2012209103051126,2011商学院经济学,0,仙林校区,2012-2013学年 第2学期,51126,仙Ⅱ-117,,否,,,,,,0,Introduction to Das Capital,12,第5节-第7节,仙II区,091030
64.0,400060,投资经济学(20122-091090-1),2012209109051157,,3,,26,"1-17周,1-17周",0,"魏守华,王宇","1-17周 周一 第3节-第4节 仙Ⅰ-519,1-17周 周一 第5节-第6节 仙Ⅰ-519",4.0,商学院,否,,"周一,周一",2012-2013-2,,2012209109051157,2010商学院经济学（产业经济方向）,0,仙林校区,2012-2013学年 第2学期,51157,"仙Ⅰ-519,仙Ⅰ-519",,否,,,,,,0,投资经济学,11,"第3节-第4节,第5节-第6节",仙I区,091090
128.0,400060,毕业论文(20122-091110-1),2012209111051381,,1,,53,,0,,,8.0,商学院,否,,,2012-2013-2,,2012209111051381,2009商学院经济学,0,鼓楼校区,2012-2013学年 第2学期,51381,,,否,,,,,,0,毕业论文,,,,091110
128.0,400060,毕业论文(20122-091110-1),2012209111051391,,1,,20,,0,,,8.0,商学院,否,,,2012-2013-2,,2012209111051391,2009商学院经济学（产业经济方向）,0,鼓楼校区,2012-2013学年 第2学期,51391,,,否,,,,,,0,毕业论文,,,,091110
32.0,400060,博弈论(20122-091210-1),2012209121051127,,3,,109,1-17周,0,皮建才,1-17周 周三 第3节-第4节 逸B-410,2.0,商学院,否,,周三,2012-2013-2,,2012209121051127,"2011商学院经济学,2011商学院经济学（产业经济方向）",0,仙林校区,2012-2013学年 第2学期,51127,逸B-410,,否,,,,,,0,博弈论,16,第3节-第4节,逸夫楼B区,091210
48.0,400060,中级微观经济学(20122-091240-1),2012209124051130,,3,,87,1-17周,0,"王宇,吴福象",1-17周 周三 第5节-第7节 逸B-105,3.0,商学院,否,,周三,2012-2013-2,,2012209124051130,"2010商学院经济学,2010商学院国际经济与贸易",0,仙林校区,2012-2013学年 第2学期,51130,逸B-105,,否,,,,,,0,中级微观经济学,16,第5节-第7节,逸夫楼B区,091240
48.0,400060,中级微观经济学(20122-091240-1),2012209124051160,,3,,69,1-17周,0,"巫强,皮建才",1-17周 周五 第5节-第7节 逸B-104,3.0,商学院,否,,周五,2012-2013-2,,2012209124051160,"2010商学院金融学,2010商学院经济学（产业经济方向）,2010商学院金融工程,2010商学院保险学",0,仙林校区,2012-2013学年 第2学期,51160,逸B-104,,否,,,,,,0,中级微观经济学,16,第5节-第7节,逸夫楼B区,091240
32.0,400060,经济学前沿(20122-091250-1),2012209125051134,,3,,74,1-17周,0,"吴清,赵华,王宇,安同良,史先诚,魏守华,江静,刘志彪,李晓蓉,吴福象,路瑶,武志伟,皮建才,巫强,葛扬,王宇伟,耿强,郑东雅",1-17周 周一 第3节-第4节 仙Ⅰ-321,2.0,商学院,否,,周一,2012-2013-2,,2012209125051134,2010商学院经济学,0,仙林校区,2012-2013学年 第2学期,51134,仙Ⅰ-321,,否,,,,,,0,经济学前沿,11,第3节-第4节,仙I区,091250
32.0,400060,房地产经济学(20122-091260-1),2012209126051136,,3,,29,1-17周,0,"高波,吴福象",1-17周 周五 第3节-第4节 逸B-507,2.0,商学院,否,,周五,2012-2013-2,,2012209126051136,"2010商学院经济学,2010商学院经济学（产业经济方向）",0,仙林校区,2012-2013学年 第2学期,51136,逸B-507,,否,,,,,,0,房地产经济学,16,第3节-第4节,逸夫楼B区,091260
32.0,400060,投资项目评估(20122-091270-1),2012209127051137,,3,,43,1-17周,0,李晓蓉,1-17周 周四 第3节-第4节 逸B-101,2.0,商学院,否,,周四,2012-2013-2,,2012209127051137,"2010商学院经济学,2012商学院国际经济与贸易（二学位）,2010商学院经济学（产业经济方向）,2010商学院国际经济与贸易",0,仙林校区,2012-2013学年 第2学期,51137,逸B-101,,否,,,,,,0,投资项目评估,16,第3节-第4节,逸夫楼B区,091270
48.0,400060,中级宏观经济学(20122-091280-1),2012209128051144,,3,,276,1-17周,0,"耿强,李剑",1-17周 周五 第2节-第4节 仙Ⅱ-122,3.0,商学院,否,,周五,2012-2013-2,,2012209128051144,"2011商学院经济学,2011商学院经济学（产业经济方向）,2011商学院金融工程,2011商学院保险学,2011商学院国际经济与贸易（二学位）,2011商学院金融学,2011商学院国际经济与贸易",0,仙林校区,2012-2013学年 第2学期,51144,仙Ⅱ-122,,否,,,,,,0,中级宏观经济学,12,第2节-第4节,仙II区,091280
32.0,400060,信息经济学(20122-091290-1),2012209129051138,,3,,27,1-17周,0,史先诚,1-17周 周四 第9节-第10节 逸B-507,2.0,商学院,否,,周四,2012-2013-2,,2012209129051138,"2010商学院经济学,2011商学院经济学（产业经济方向）",0,仙林校区,2012-2013学年 第2学期,51138,逸B-507,,否,,,,,,0,信息经济学,16,第9节-第10节,逸夫楼B区,091290
32.0,400060,农业经济学(20122-091310-1),2012209131051139,,3,,7,1-17周,0,赵华,1-17周 周二 第3节-第4节 仙Ⅰ-321,2.0,商学院,否,,周二,2012-2013-2,,2012209131051139,"2010商学院经济学,2010商学院经济学（产业经济方向）",0,仙林校区,2012-2013学年 第2学期,51139,仙Ⅰ-321,,否,,,,,,0,农业经济学,11,第3节-第4节,仙I区,091310
32.0,400060,资本市场与金融机构的风险管理(20122-091350-1),2012209135051140,,3,,28,1-17周,0,曹勇,1-17周 周二 第5节-第6节 仙Ⅱ-112,2.0,商学院,否,,周二,2012-2013-2,,2012209135051140,"2010商学院经济学,2010商学院经济学（产业经济方向）",0,仙林校区,2012-2013学年 第2学期,51140,仙Ⅱ-112,,否,,,,,,0,资本市场与金融机构的风险管理,12,第5节-第6节,仙II区,091350
32.0,400060,服务经济学(20122-091380-1),2012209138051142,,3,,39,1-17周,0,江静,1-17周 周二 第9节-第10节 逸B-507,2.0,商学院,否,,周二,2012-2013-2,,2012209138051142,"2010商学院经济学,2011商学院经济学（产业经济方向）",0,仙林校区,2012-2013学年 第2学期,51142,逸B-507,,否,,,,,,0,服务经济学,16,第9节-第10节,逸夫楼B区,091380
32.0,400060,产业经济学前沿(20122-091410-1),2012209141051163,,3,,20,1-17周,0,"郑东雅,王宇,郑江淮,刘志彪,魏守华,卜茂亮,高波,顾江,吴福象,巫强,李晓蓉",1-17周 周三 第5节-第7节 仙Ⅰ-519,2.0,商学院,否,,周三,2012-2013-2,,2012209141051163,2010商学院经济学（产业经济方向）,0,仙林校区,2012-2013学年 第2学期,51163,仙Ⅰ-519,,否,,,,,,0,产业经济学前沿,11,第5节-第7节,仙I区,091410
32.0,400060,计量经济学应用(20122-091440-1),2012209144051164,,3,,11,1-17周,0,曲兆鹏,1-17周 周三 第3节-第4节 逸B-309,2.0,商学院,否,,周三,2012-2013-2,,2012209144051164,2010商学院经济学（产业经济方向）,0,仙林校区,2012-2013学年 第2学期,51164,逸B-309,,否,,,,,,0,计量经济学应用,16,第3节-第4节,逸夫楼B区,091440
32.0,400060,全球化与环境经济学(20122-091460-1),2012209146051165,,3,,8,,0,,,2.0,商学院,否,,,2012-2013-2,,2012209146051165,,0,仙林校区,2012-2013学年 第2学期,51165,,,否,,,,,,0,全球化与环境经济学,,,,091460
48.0,400060,国际经济学(20122-092010-1),2012209201051277,,3,,29,1-17周,0,安礼伟,1-17周 周二 第5节-第7节 逸B-405,3.0,商学院,否,,周二,2012-2013-2,,2012209201051277,"2010商学院工商管理,2010商学院市场营销,2010商学院财务管理,2010商学院会计学",0,仙林校区,2012-2013学年 第2学期,51277,逸B-405,,否,,,,,,0,国际经济学,16,第5节-第7节,逸夫楼B区,092010
32.0,400060,国际结算(20122-092030-1),2012209203051350,,3,,75,1-17周,0,刘薇,1-17周 周五 第3节-第4节 仙Ⅰ-212,2.0,商学院,否,,周五,2012-2013-2,,2012209203051350,"2010商学院国际经济与贸易,2012商学院国际经济与贸易（二学位）",0,仙林校区,2012-2013学年 第2学期,51350,仙Ⅰ-212,,否,,,,,,0,国际结算,11,第3节-第4节,仙I区,092030
32.0,400060,商务沟通（三）(20122-092070-1),2012209207051345,,3,,59,1-17周,0,沈艳枝,1-17周 周三 第3节-第4节 仙Ⅰ-109,2.0,商学院,否,,周三,2012-2013-2,,2012209207051345,"2010商学院国际经济与贸易,2012商学院国际经济与贸易（二学位）",0,仙林校区,2012-2013学年 第2学期,51345,仙Ⅰ-109,,否,,,,,,0,商务沟通（三）,11,第3节-第4节,仙I区,092070
128.0,400060,毕业论文(20122-092110-1),2012209211051389,,1,,49,,0,,,8.0,商学院,否,,,2012-2013-2,,2012209211051389,"2009商学院国际经济与贸易,2011商学院国际经济与贸易（二学位）",0,鼓楼校区,2012-2013学年 第2学期,51389,,,否,,,,,,0,毕业论文,,,,092110
32.0,400060,世贸组织概论(20122-092170-1),2012209217051347,,3,,67,1-17周,0,张雨,1-17周 周一 第3节-第4节 仙Ⅱ-117,2.0,商学院,否,,周一,2012-2013-2,,2012209217051347,"2010商学院国际经济与贸易,2012商学院国际经济与贸易（二学位）",0,仙林校区,2012-2013学年 第2学期,51347,仙Ⅱ-117,,否,,,,,,0,世贸组织概论,12,第3节-第4节,仙II区,092170
32.0,400060,中国对外贸易(20122-092210-1),2012209221051210,,3,,65,1-17周,0,安礼伟,1-17周 周一 第5节-第6节 仙Ⅱ-211,2.0,商学院,否,,周一,2012-2013-2,,2012209221051210,"2011商学院国际经济与贸易,2011商学院国际经济与贸易（二学位）",0,仙林校区,2012-2013学年 第2学期,51210,仙Ⅱ-211,,否,,,,,,0,中国对外贸易,12,第5节-第6节,仙II区,092210
32.0,400060,外贸运输与保险(20122-092220-1),2012209222051348,,3,,70,1-17周,0,冯帆,1-17周 周二 第3节-第4节 仙Ⅱ-103,2.0,商学院,否,,周二,2012-2013-2,,2012209222051348,"2010商学院国际经济与贸易,2012商学院国际经济与贸易（二学位）",0,仙林校区,2012-2013学年 第2学期,51348,仙Ⅱ-103,,否,,,,,,0,外贸运输与保险,12,第3节-第4节,仙II区,092220
32.0,400060,跨国公司经营管理(20122-092230-1),2012209223051333,,3,,46,1-17周,0,柴忠东,1-17周 周四 第1节-第2节 仙Ⅰ-104,2.0,商学院,否,,周四,2012-2013-2,,2012209223051333,"2011商学院国际经济与贸易,2012商学院国际经济与贸易（二学位）",0,仙林校区,2012-2013学年 第2学期,51333,仙Ⅰ-104,,否,,,,,,0,跨国公司经营管理,11,第1节-第2节,仙I区,092230
32.0,400060,产业经济学(20122-092270-1),2012209227051349,,3,,27,1-17周,0,张晔,1-17周 周四 第5节-第7节 仙Ⅰ-321,2.0,商学院,否,,周四,2012-2013-2,,2012209227051349,"2010商学院国际经济与贸易,2012商学院国际经济与贸易（二学位）",0,仙林校区,2012-2013学年 第2学期,51349,仙Ⅰ-321,,否,,,,,,0,产业经济学,11,第5节-第7节,仙I区,092270
48.0,400060,商事法(20122-092300-1),2012209230051346,,3,,71,1-17周,0,吴建斌,1-17周 周五 第5节-第7节 仙Ⅰ-213,3.0,商学院,否,,周五,2012-2013-2,,2012209230051346,"2010商学院国际经济与贸易,2012商学院国际经济与贸易（二学位）",0,仙林校区,2012-2013学年 第2学期,51346,仙Ⅰ-213,,否,,,,,,0,商事法,11,第5节-第7节,仙I区,092300
16.0,400060,商务沟通（二）(20122-092311B-1),20122092311B51213,,3,,33,1-17周,0,张翼,1-17周 周三 第5节-第6节 仙Ⅱ-114,1.0,商学院,否,,周三,2012-2013-2,,20122092311B51213,2011商学院国际经济与贸易,0,仙林校区,2012-2013学年 第2学期,51213,仙Ⅱ-114,,否,,,,,,0,商务沟通（二）,12,第5节-第6节,仙II区,092311B
16.0,400060,商务沟通（二）(20122-092311B-2),20122092311B51214,,3,,35,1-17周,0,张翼,1-17周 周三 第7节-第8节 仙Ⅱ-114,1.0,商学院,否,,周三,2012-2013-2,,20122092311B51214,2011商学院国际经济与贸易,0,仙林校区,2012-2013学年 第2学期,51214,仙Ⅱ-114,,否,,,,,,0,商务沟通（二）,12,第7节-第8节,仙II区,092311B
48.0,400060,生产与运作管理(20122-093030-1),2012209303051143,,3,,83,1-17周,0,"刘春林,徐小林",1-17周 周五 第5节-第7节 仙Ⅰ-115,3.0,商学院,否,,周五,2012-2013-2,,2012209303051143,"2011商学院工商管理,2011商学院工商管理（人力资源管理方向）",0,仙林校区,2012-2013学年 第2学期,51143,仙Ⅰ-115,,否,,,,,,0,生产与运作管理,11,第5节-第7节,仙I区,093030
48.0,400060,国际企业管理(20122-093060-1),2012209306053397,,3,,25,"1-12周,1-12周",0,张骁,"1-12周 周一 第3节-第4节 逸A-323,1-12周 周二 第3节-第4节 逸A-323",3.0,商学院,否,,"周一,周二",2012-2013-2,,2012209306053397,"2010商学院会计学,2010商学院财务管理",0,仙林校区,2012-2013学年 第2学期,53397,"逸A-323,逸A-323",,否,,,,,,0,国际企业管理,15,"第3节-第4节,第3节-第4节",逸夫楼A区,093060
32.0,400060,管理科学(20122-093080-1),2012209308051170,,3,,81,1-17周,0,张文红,1-17周 周一 第5节-第6节 仙Ⅰ-201,2.0,商学院,否,,周一,2012-2013-2,,2012209308051170,"2011商学院工商管理,2011商学院工商管理（人力资源管理方向）",0,仙林校区,2012-2013学年 第2学期,51170,仙Ⅰ-201,,否,,,,,,0,管理科学,11,第5节-第6节,仙I区,093080
32.0,400060,组织行为学(20122-093150-1),2012209315051207,,3,,34,1-17周,0,陶向南,1-17周 周四 第5节-第6节 仙Ⅱ-307,2.0,商学院,否,,周四,2012-2013-2,,2012209315051207,2011商学院市场营销,0,仙林校区,2012-2013学年 第2学期,51207,仙Ⅱ-307,,否,,,,,,0,组织行为学,12,第5节-第6节,仙II区,093150
48.0,400060,企业战略管理(20122-093270-1),2012209327051211,,3,,30,1-17周,0,吴江,1-17周 周二 第5节-第7节 仙Ⅱ-111,3.0,商学院,否,,周二,2012-2013-2,,2012209327051211,2011商学院市场营销,0,仙林校区,2012-2013学年 第2学期,51211,仙Ⅱ-111,,否,,,,,,0,企业战略管理,12,第5节-第7节,仙II区,093270
48.0,400060,企业战略管理(20122-093270-1),2012209327051242,,3,,56,1-17周,0,刘海建,1-17周 周三 第5节-第7节 仙Ⅰ-115,3.0,商学院,否,,周三,2012-2013-2,,2012209327051242,2010商学院工商管理,0,仙林校区,2012-2013学年 第2学期,51242,仙Ⅰ-115,,否,,,,,,0,企业战略管理,11,第5节-第7节,仙I区,093270
32.0,400060,管理咨询(20122-093280-1),2012209328051281,,3,,19,"1-10周,1-10周",0,成志明,"1-10周 周五 第1节-第2节 仙Ⅰ-104,1-10周 周五 第3节-第4节 仙Ⅰ-104",2.0,商学院,否,,"周五,周五",2012-2013-2,,2012209328051281,"2010商学院工商管理,2010商学院工商管理（人力资源管理方向）",0,仙林校区,2012-2013学年 第2学期,51281,"仙Ⅰ-104,仙Ⅰ-104",,否,,,,,,0,管理咨询,11,"第1节-第2节,第3节-第4节",仙I区,093280
32.0,400060,创业学与创新管理(20122-093370-1),2012209337051283,,3,,11,1-17周,0,宋哲,1-17周 周一 第5节-第6节 仙Ⅰ-202,2.0,商学院,否,,周一,2012-2013-2,,2012209337051283,2010商学院工商管理,0,仙林校区,2012-2013学年 第2学期,51283,仙Ⅰ-202,,否,,,,,,0,创业学与创新管理,11,第5节-第6节,仙I区,093370
32.0,400060,管理沟通(20122-093420-1),2012209342051216,,3,,74,1-17周,0,施丽芳,1-17周 周三 第5节-第6节 仙Ⅰ-104,2.0,商学院,否,,周三,2012-2013-2,,2012209342051216,"2011商学院工商管理,2011商学院工商管理（人力资源管理方向）",0,仙林校区,2012-2013学年 第2学期,51216,仙Ⅰ-104,,否,,,,,,0,管理沟通,11,第5节-第6节,仙I区,093420
48.0,400060,经济学与管理学前言(20122-093430-1),2012209343051244,,3,,75,1-17周,0,"张正堂,张骁,杨东涛,赵曙明,陈传明,茅宁,徐志坚,贾良定,杨忠,刘洪,蒋春燕",1-17周 周五 第5节-第7节 仙Ⅰ-201,3.0,商学院,否,,周五,2012-2013-2,,2012209343051244,"2010商学院工商管理,2010商学院工商管理（人力资源管理方向）",0,仙林校区,2012-2013学年 第2学期,51244,仙Ⅰ-201,,否,,,,,,0,经济学与管理学前言,11,第5节-第7节,仙I区,093430
48.0,400060,财务管理(20122-095041-1),2012209504151308,,3,,27,1-17周,0,黄志忠,1-17周 周一 第5节-第7节 仙Ⅰ-203,3.0,商学院,否,,周一,2012-2013-2,,2012209504151308,"2010商学院电子商务,2010商学院市场营销",0,仙林校区,2012-2013学年 第2学期,51308,仙Ⅰ-203,,否,,,,,,0,财务管理,11,第5节-第7节,仙I区,095041
48.0,400060,中级财务管理(20122-095042-1),2012209504251224,,3,,82,"1-18周,2-18周(双)",0,熊焰韧,"1-18周 周五 第3节-第4节 仙Ⅰ-103,2-18周(双) 周一 第3节-第4节 仙Ⅰ-103",3.0,商学院,否,,"周五,周一",2012-2013-2,,2012209504251224,"2011商学院会计学,2011商学院财务管理",0,仙林校区,2012-2013学年 第2学期,51224,"仙Ⅰ-103,仙Ⅰ-103",,否,,,,,,0,中级财务管理,11,"第3节-第4节,第3节-第4节",仙I区,095042
48.0,400060,成本会计(20122-095050-1),2012209505051219,,3,,55,1-17周,0,苏文兵,1-17周 周一 第5节-第7节 仙Ⅰ-104,3.0,商学院,否,,周一,2012-2013-2,,2012209505051219,"2011商学院会计学,2011匡亚明学院应用文科强化班",0,仙林校区,2012-2013学年 第2学期,51219,仙Ⅰ-104,,否,,,,,,0,成本会计,11,第5节-第7节,仙I区,095050
64.0,400060,审计学(20122-095070-1),2012209507051294,,3,,68,1-17周,0,"李明辉,张艳",1-17周 周五 第5节-第7节 仙Ⅰ-104,4.0,商学院,否,,周五,2012-2013-2,,2012209507051294,"2010商学院会计学,2010商学院财务管理",0,仙林校区,2012-2013学年 第2学期,51294,仙Ⅰ-104,,否,,,,,,0,审计学,11,第5节-第7节,仙I区,095070
48.0,400060,高级财务管理(20122-095130-1),2012209513051301,,3,,23,1-17周,0,"林树,熊焰韧,杨雄胜,李翔",1-17周 周三 第1节-第2节 仙Ⅰ-103,3.0,商学院,否,,周三,2012-2013-2,,2012209513051301,2010商学院会计学,0,仙林校区,2012-2013学年 第2学期,51301,仙Ⅰ-103,,否,,,,,,0,高级财务管理,11,第1节-第2节,仙I区,095130
48.0,400060,高级财务管理(20122-095130-1),2012209513051305,,3,,40,"1-17周(单),1-17周",0,"李翔,杨雄胜,林树,熊焰韧","1-17周(单) 周五 第1节-第2节 仙Ⅱ-113,1-17周 周三 第3节-第4节 仙Ⅱ-113",3.0,商学院,否,,"周五,周三",2012-2013-2,,2012209513051305,2010商学院财务管理,0,仙林校区,2012-2013学年 第2学期,51305,"仙Ⅱ-113,仙Ⅱ-113",,否,,,,,,0,高级财务管理,12,"第1节-第2节,第3节-第4节",仙II区,095130
48.0,400060,税务筹划(20122-095170-1),2012209517051227,,3,,87,"1-17周(单),1-17周",0,陈丽花,"1-17周 周三 第1节-第2节 仙Ⅱ-211,1-17周(单) 周一 第3节-第4节 仙Ⅰ-103",3.0,商学院,否,,"周一,周三",2012-2013-2,,2012209517051227,"2011商学院会计学,2011商学院财务管理",0,仙林校区,2012-2013学年 第2学期,51227,"仙Ⅰ-103,仙Ⅱ-211",,否,,,,,,0,税务筹划,"11,12","第3节-第4节,第1节-第2节","仙I区, 仙II区",095170
48.0,400060,会计信息化与会计控制(20122-095230-1),2012209523051221,,3,,68,1-17周,0,曹洋,1-17周 周二 第5节-第7节 仙Ⅰ-203,3.0,商学院,否,,周二,2012-2013-2,,2012209523051221,"2011商学院会计学,2011商学院财务管理",0,仙林校区,2012-2013学年 第2学期,51221,仙Ⅰ-203,,否,,,,,,0,会计信息化与会计控制,11,第5节-第7节,仙I区,095230
48.0,400060,成本管理会计(20122-095250-1),2012209525051231,,3,,42,1-17周,0,"冯巧根,苏文兵",1-17周 周三 第5节-第7节 仙Ⅰ-102,3.0,商学院,否,,周三,2012-2013-2,,2012209525051231,2011商学院财务管理,0,仙林校区,2012-2013学年 第2学期,51231,仙Ⅰ-102,,否,,,,,,0,成本管理会计,11,第5节-第7节,仙I区,095250
32.0,400060,保险精算（生存模型）(20122-096050-1),2012209605051169,,3,,169,1-17周,0,张涤新,1-17周 周一 第5节-第7节 仙Ⅱ-122,2.0,商学院,否,,周一,2012-2013-2,,2012209605051169,"2011商学院金融学,2011商学院金融工程,2011商学院保险学",0,仙林校区,2012-2013学年 第2学期,51169,仙Ⅱ-122,,否,,,,,,0,保险精算（生存模型）,12,第5节-第7节,仙II区,096050
48.0,400060,金融工程学(20122-096060-1),2012209606051184,,3,,110,1-17周,0,林辉,1-17周 周二 第5节-第7节 逸B-104,3.0,商学院,否,,周二,2012-2013-2,,2012209606051184,"2010商学院金融学,2010商学院金融工程,2010商学院保险学",0,仙林校区,2012-2013学年 第2学期,51184,逸B-104,,否,,,,,,0,金融工程学,16,第5节-第7节,逸夫楼B区,096060
32.0,400060,金融数学(20122-096070-1),2012209607051186,,3,,92,1-17周,0,方先明,1-17周 周四 第5节-第7节 仙Ⅱ-404,2.0,商学院,否,,周四,2012-2013-2,,2012209607051186,"2010商学院金融学,2010商学院金融工程,2010商学院保险学",0,仙林校区,2012-2013学年 第2学期,51186,仙Ⅱ-404,,否,,,,,,0,金融数学,12,第5节-第7节,仙II区,096070
48.0,400060,公司金融学(20122-096080-1),2012209608051175,,3,,160,"1-17周,2-18周(双)",0,王长江,"1-17周 周二 第3节-第4节 逸B-105,2-18周(双) 周三 第3节-第4节 仙Ⅰ-524",3.0,商学院,否,,"周二,周三",2012-2013-2,,2012209608051175,"2011商学院金融学,2011商学院金融工程,2011商学院保险学",0,仙林校区,2012-2013学年 第2学期,51175,"逸B-105,仙Ⅰ-524",,否,,,,,,0,公司金融学,"11,16","第3节-第4节,第3节-第4节","仙I区, 逸夫楼B区",096080
48.0,400060,金融时间序列(20122-096100-1),2012209610051188,,3,,59,1-17周,0,张涤新,1-17周 周一 第1节-第3节 仙Ⅱ-504,3.0,商学院,否,,周一,2012-2013-2,,2012209610051188,"2010商学院金融学,2010商学院金融工程,2010商学院保险学",0,仙林校区,2012-2013学年 第2学期,51188,仙Ⅱ-504,,否,,,,,,0,金融时间序列,12,第1节-第3节,仙II区,096100
128.0,400060,毕业论文(20122-096110-1),2012209611051393,,1,,87,,0,,,8.0,商学院,否,,,2012-2013-2,,2012209611051393,"2009商学院金融学,2009商学院金融工程,2009商学院保险学",0,鼓楼校区,2012-2013学年 第2学期,51393,,,否,,,,,,0,毕业论文,,,,096110
32.0,400060,金融英语(20122-096210-1),2012209621051190,,3,,118,1-17周,0,赵薇,1-17周 周三 第5节-第7节 仙Ⅱ-404,2.0,商学院,否,,周三,2012-2013-2,,2012209621051190,"2010商学院金融学,2010商学院金融工程,2010商学院保险学",0,仙林校区,2012-2013学年 第2学期,51190,仙Ⅱ-404,,否,,,,,,0,金融英语,12,第5节-第7节,仙II区,096210
32.0,400060,金融研究专题(20122-096250-1),2012209625051359,,1,,27,1-9周,0,"袁成,孙武军,陈宝敏,刘德溯,方先明,杨波,蒋彧",1-9周 周三 第1节-第4节 馆1-105,2.0,商学院,否,,周三,2012-2013-2,,2012209625051359,"2009商学院金融学,2009商学院金融工程,2009商学院保险学",0,鼓楼校区,2012-2013学年 第2学期,51359,馆1-105,,否,,,,,,0,金融研究专题,8,第1节-第4节,逸夫馆,096250
32.0,400060,投资银行学(20122-096270-1),2012209627051191,,3,,124,"1-17周,2-18周(双)",0,王长江,"1-17周 周二 第1节-第2节 仙Ⅱ-405,2-18周(双) 周三 第1节-第2节 仙Ⅱ-303",2.0,商学院,否,,"周二,周三",2012-2013-2,,2012209627051191,"2010商学院金融学,2010商学院金融工程,2010商学院保险学",0,仙林校区,2012-2013学年 第2学期,51191,"仙Ⅱ-405,仙Ⅱ-303",,否,,,,,,0,投资银行学,12,"第1节-第2节,第1节-第2节",仙II区,096270
32.0,400060,投资银行学(20122-096270-1),2012209627051284,,3,,28,1-17周,0,王长江,1-17周 周四 第1节-第2节 逸B-405,2.0,商学院,否,,周四,2012-2013-2,,2012209627051284,"2010商学院国际经济与贸易,2010商学院工商管理",0,仙林校区,2012-2013学年 第2学期,51284,逸B-405,,否,,,,,,0,投资银行学,16,第1节-第2节,逸夫楼B区,096270
32.0,400060,投资项目评估(20122-096280-1),2012209628051193,,3,,60,1-17周,0,陈宝敏,1-17周 周五 第2节-第4节 仙Ⅱ-405,2.0,商学院,否,,周五,2012-2013-2,,2012209628051193,"2010商学院金融学,2010商学院金融工程,2010商学院保险学",0,仙林校区,2012-2013学年 第2学期,51193,仙Ⅱ-405,,否,,,,,,0,投资项目评估,12,第2节-第4节,仙II区,096280
48.0,400060,风险管理与保险(20122-096310-1),2012209631051298,,3,,33,1-17周,0,袁成,1-17周 周三 第5节-第7节 仙Ⅰ-103,3.0,商学院,否,,周三,2012-2013-2,,2012209631051298,"2010商学院会计学,2010商学院财务管理",0,仙林校区,2012-2013学年 第2学期,51298,仙Ⅰ-103,,否,,,,,,0,风险管理与保险,11,第5节-第7节,仙I区,096310
32.0,400060,寿险理论与实务(20122-096330-1),2012209633051178,,3,,70,1-17周,0,孙武军,1-17周 周五 第5节-第7节 逸B-105,2.0,商学院,否,,周五,2012-2013-2,,2012209633051178,"2011商学院金融学,2011商学院金融工程,2011商学院保险学",0,仙林校区,2012-2013学年 第2学期,51178,逸B-105,,否,,,,,,0,寿险理论与实务,16,第5节-第7节,逸夫楼B区,096330
32.0,400060,产险理论与实务(20122-096340-1),2012209634051181,,3,,120,1-17周,0,杨波,1-17周 周四 第5节-第7节 逸B-105,2.0,商学院,否,,周四,2012-2013-2,,2012209634051181,"2011商学院金融学,2011商学院金融工程,2011商学院保险学",0,仙林校区,2012-2013学年 第2学期,51181,逸B-105,,否,,,,,,0,产险理论与实务,16,第5节-第7节,逸夫楼B区,096340
32.0,400060,金融与保险法(20122-096360-1),2012209636051196,,3,,35,1-17周,0,袁成,1-17周 周三 第3节-第4节 仙Ⅱ-524,2.0,商学院,否,,周三,2012-2013-2,,2012209636051196,"2010商学院金融学,2010商学院金融工程,2010商学院保险学",0,仙林校区,2012-2013学年 第2学期,51196,仙Ⅱ-524,,否,,,,,,0,金融与保险法,12,第3节-第4节,仙II区,096360
32.0,400060,保险经济学(20122-096450-1),2012209645051198,,3,,39,1-17周,0,蒋彧,1-17周 周一 第5节-第7节 逸B-104,2.0,商学院,否,,周一,2012-2013-2,,2012209645051198,"2010商学院金融学,2010商学院金融工程,2010商学院保险学",0,仙林校区,2012-2013学年 第2学期,51198,逸B-104,,否,,,,,,0,保险经济学,16,第5节-第7节,逸夫楼B区,096450
48.0,400060,电子商务原理(20122-097010-1),2012209701051299,,3,,28,1-17周,0,宋培建,1-17周 周一 第1节-第2节 仙Ⅰ-101,3.0,商学院,否,,周一,2012-2013-2,,2012209701051299,"2010商学院国际经济与贸易,2010商学院财务管理,2010商学院会计学",0,仙林校区,2012-2013学年 第2学期,51299,仙Ⅰ-101,,否,,,,,,0,电子商务原理,11,第1节-第2节,仙I区,097010
48.0,400060,网站设计与运营(20122-097070-1),2012209707051179,,3,,30,1-17周,0,周耿,1-17周 周五 第5节-第7节 ,3.0,商学院,否,,周五,2012-2013-2,,2012209707051179,2011商学院电子商务,0,仙林校区,2012-2013学年 第2学期,51179,逸B408,,否,,,,,,0,网站设计与运营,,第5节-第7节,,097070
64.0,400060,面向对象程序设计(20122-097090-1),2012209709051187,,3,,28,"1-17周,1-17周",0,陈曦,"1-17周 周一 第5节-第7节 ,1-17周 周一 第9节-第10节 ",4.0,商学院,否,,"周一,周一",2012-2013-2,,2012209709051187,2011商学院电子商务,0,仙林校区,2012-2013学年 第2学期,51187,"逸B408,逸B408",,否,,,,,,0,面向对象程序设计,,"第5节-第7节,第9节-第10节",,097090
48.0,400060,网络营销与CRM(20122-097100-1),2012209710051180,,3,,30,"1-17周,1-17周",0,许开全,"1-17周 周五 第1节-第2节 ,1-17周 周五 第3节-第4节 ",3.0,商学院,否,,"周五,周五",2012-2013-2,,2012209710051180,2011商学院电子商务,0,仙林校区,2012-2013学年 第2学期,51180,"逸B408,逸B408",,否,,,,,,0,网络营销与CRM,,"第3节-第4节,第1节-第2节",,097100
64.0,400060,数据库原理(20122-097110-1),2012209711051194,,3,,29,"1-17周,1-17周",0,李小琳,"1-17周 周三 第5节-第7节 仙Ⅱ-101,1-17周 周三 第9节-第10节 ",4.0,商学院,否,,"周三,周三",2012-2013-2,,2012209711051194,2011商学院电子商务,0,仙林校区,2012-2013学年 第2学期,51194,"仙Ⅱ-101,逸B408",,否,,,,,,0,数据库原理与应用,12,"第5节-第7节,第9节-第10节",仙II区,097110
32.0,400060,电子商务物流管理(20122-097180-1),2012209718051306,,3,,30,1-17周,0,郑称德,1-17周 周二 第3节-第4节 仙Ⅱ-102,2.0,商学院,否,,周二,2012-2013-2,,2012209718051306,2010商学院电子商务,0,仙林校区,2012-2013学年 第2学期,51306,仙Ⅱ-102,,否,,,,,,0,电子商务物流管理,12,第3节-第4节,仙II区,097180
64.0,400060,课程设计(20122-097230-1),2012209723051307,,3,,24,"1-17周,1-17周",0,"王全胜,宋培建,郑称德,于笑丰,周耿,许开全","1-17周 周二 第5节-第7节 仙Ⅱ-102,1-17周 周二 第9节-第10节 ",4.0,商学院,否,,"周二,周二",2012-2013-2,,2012209723051307,2010商学院电子商务,0,仙林校区,2012-2013学年 第2学期,51307,"逸B408,仙Ⅱ-102",,否,,,,,,0,课程设计,12,"第9节-第10节,第5节-第7节",仙II区,097230
32.0,400060,SAP应用与实施(20122-097240-1),2012209724051309,,3,,7,1-17周,0,许开全,1-17周 周五 第5节-第6节 ,2.0,商学院,否,,周五,2012-2013-2,,2012209724051309,2010商学院电子商务,0,仙林校区,2012-2013学年 第2学期,51309,逸B407,,否,,,,,,0,SAP应用与实施,,第5节-第6节,,097240
32.0,400060,商务智能(20122-097260-1),2012209726051310,,3,,15,1-17周,0,李小琳,1-17周 周三 第3节-第4节 仙Ⅱ-101,2.0,商学院,否,,周三,2012-2013-2,,2012209726051310,2010商学院电子商务,0,仙林校区,2012-2013学年 第2学期,51310,仙Ⅱ-101,,否,,,,,,0,商务智能,12,第3节-第4节,仙II区,097260
48.0,400060,管理信息系统(20122-097270-1),2012209727051199,,3,,24,1-17周,0,杨雪,1-17周 周二 第5节-第7节 仙Ⅱ-101,3.0,商学院,否,,周二,2012-2013-2,,2012209727051199,2011商学院电子商务,0,仙林校区,2012-2013学年 第2学期,51199,仙Ⅱ-101,,否,,,,,,0,管理信息系统,12,第5节-第7节,仙II区,097270
48.0,400060,管理信息系统(20122-097270-1),2012209727051248,,3,,58,"1-17周,2-18周(双)",0,于笑丰,"1-17周 周一 第1节-第2节 逸B-405,2-18周(双) 周三 第3节-第4节 逸B-405",3.0,商学院,否,,"周一,周三",2012-2013-2,,2012209727051248,"2010商学院工商管理,2010商学院工商管理（人力资源管理方向）,2010商学院市场营销",0,仙林校区,2012-2013学年 第2学期,51248,"逸B-405,逸B-405",,否,,,,,,0,管理信息系统,16,"第1节-第2节,第3节-第4节",逸夫楼B区,097270
32.0,400060,电子零售与消费者行为(20122-097290-1),2012209729051185,,3,,31,1-17周,0,宋培建,1-17周 周一 第3节-第4节 仙Ⅱ-113,2.0,商学院,否,,周一,2012-2013-2,,2012209729051185,2011商学院电子商务,0,仙林校区,2012-2013学年 第2学期,51185,仙Ⅱ-113,,否,,,,,,0,电子零售与消费者行为,12,第3节-第4节,仙II区,097290
32.0,400060,零售业营销(20122-098040-1),2012209804051313,,3,,37,1-17周,0,吴宜真,1-17周 周一 第3节-第4节 逸B-404,2.0,商学院,否,,周一,2012-2013-2,,2012209804051313,2010商学院市场营销,0,仙林校区,2012-2013学年 第2学期,51313,逸B-404,,否,,,,,,0,零售业营销,16,第3节-第4节,逸夫楼B区,098040
32.0,400060,客户关系管理(20122-098050-1),2012209805051203,,3,,35,1-17周,0,吴宜真,1-17周 周一 第5节-第6节 仙Ⅱ-101,2.0,商学院,否,,周一,2012-2013-2,,2012209805051203,2011商学院市场营销,0,仙林校区,2012-2013学年 第2学期,51203,仙Ⅱ-101,,否,,,,,,0,客户关系管理,12,第5节-第6节,仙II区,098050
32.0,400060,销售管理(20122-098090-1),2012209809051311,,3,,4,,0,,,2.0,商学院,否,,,2012-2013-2,,2012209809051311,,0,仙林校区,2012-2013学年 第2学期,51311,,,否,,,,,,0,销售管理,,,,098090
32.0,400060,品牌管理(20122-098100-1),2012209810051312,,3,,46,1-17周,0,王国才,1-17周 周二 第3节-第4节 仙Ⅱ-111,2.0,商学院,否,,周二,2012-2013-2,,2012209810051312,2010商学院市场营销,0,仙林校区,2012-2013学年 第2学期,51312,仙Ⅱ-111,,否,,,,,,0,品牌管理,12,第3节-第4节,仙II区,098100
48.0,400060,市场营销调研(20122-098130-1),2012209813051205,,3,,39,1-17周,0,董伊人,1-17周 周三 第5节-第7节 仙Ⅱ-102,3.0,商学院,否,,周三,2012-2013-2,,2012209813051205,2011商学院市场营销,0,仙林校区,2012-2013学年 第2学期,51205,仙Ⅱ-102,,否,,,,,,0,市场营销调研,12,第5节-第7节,仙II区,098130
32.0,400060,社会心理与消费研究(20122-098200-1),2012209820051314,,3,,35,1-17周,0,黄韫慧,1-17周 周四 第3节-第4节 仙Ⅱ-101,2.0,商学院,否,,周四,2012-2013-2,,2012209820051314,2010商学院市场营销,0,仙林校区,2012-2013学年 第2学期,51314,仙Ⅱ-101,,否,,,,,,0,社会心理与消费研究,12,第3节-第4节,仙II区,098200
32.0,400060,人力资源管理(20122-099010-1),2012209901051173,,3,,85,1-17周,0,彭纪生,1-17周 周五 第3节-第4节 仙Ⅰ-115,2.0,商学院,否,,周五,2012-2013-2,,2012209901051173,"2011商学院工商管理,2011商学院工商管理（人力资源管理方向）",0,仙林校区,2012-2013学年 第2学期,51173,仙Ⅰ-115,,否,,,,,,0,人力资源管理,11,第3节-第4节,仙I区,099010
32.0,400060,绩效与薪酬管理(20122-099020-1),2012209902051288,,3,,27,1-17周,0,张正堂,1-17周 周四 第3节-第4节 仙Ⅱ-102,2.0,商学院,否,,周四,2012-2013-2,,2012209902051288,2010商学院工商管理（人力资源管理方向）,0,仙林校区,2012-2013学年 第2学期,51288,仙Ⅱ-102,,否,,,,,,0,绩效与薪酬管理,12,第3节-第4节,仙II区,099020
32.0,400060,组织设计与工作分析(20122-099050-1),2012209905051289,,3,,27,1-17周,0,蒋春燕,1-17周 周二 第3节-第4节 仙Ⅱ-113,2.0,商学院,否,,周二,2012-2013-2,,2012209905051289,2010商学院工商管理（人力资源管理方向）,0,仙林校区,2012-2013学年 第2学期,51289,仙Ⅱ-113,,否,,,,,,0,组织设计与工作分析,12,第3节-第4节,仙II区,099050
32.0,400060,行业分析与HR前言(20122-099100-1),2012209910051290,,3,,16,1-17周,0,毛伊娜,1-17周 周一 第3节-第4节 逸B-403,2.0,商学院,否,,周一,2012-2013-2,,2012209910051290,2010商学院工商管理（人力资源管理方向）,0,仙林校区,2012-2013学年 第2学期,51290,逸B-403,,否,,,,,,0,行业分析与HR前言,16,第3节-第4节,逸夫楼B区,099100
96.0,400070,毕业论文(20122-100000-1),2012210000051582,,,,16,,0,,,6.0,外国语学院,否,,,2012-2013-2,,2012210000051582,2009外国语学院俄语,0,,2012-2013学年 第2学期,51582,,,否,,,,,,0,毕业论文,,,,100000
96.0,400070,毕业论文(20122-100000-1),2012210000051597,,,,59,,0,,,6.0,外国语学院,否,,,2012-2013-2,,2012210000051597,2009外国语学院英语,0,,2012-2013学年 第2学期,51597,,,否,,,,,,0,毕业论文,,,,100000
96.0,400070,毕业论文(20122-100000-1),2012210000051639,,,,18,,0,,,6.0,外国语学院,否,,,2012-2013-2,,2012210000051639,2009外国语学院日语,0,,2012-2013学年 第2学期,51639,,,否,,,,,,0,毕业论文,,,,100000
96.0,400070,毕业论文(20122-100000-1),2012210000051678,,,,27,,0,,,6.0,外国语学院,否,,,2012-2013-2,,2012210000051678,2009外国语学院法语,0,,2012-2013学年 第2学期,51678,,,否,,,,,,0,毕业论文,,,,100000
96.0,400070,毕业论文(20122-100000-1),2012210000051733,,,,23,,0,,,6.0,外国语学院,否,,,2012-2013-2,,2012210000051733,2009外国语学院德语,0,,2012-2013学年 第2学期,51733,,,否,,,,,,0,毕业论文,,,,100000
96.0,400070,毕业论文(20122-100000-1),2012210000051796,,,,25,,0,,,6.0,外国语学院,否,,,2012-2013-2,,2012210000051796,2009外国语学院西班牙语,0,,2012-2013学年 第2学期,51796,,,否,,,,,,0,毕业论文,,,,100000
96.0,400070,毕业论文(20122-100000-1),2012210000051828,,,,17,,0,,,6.0,外国语学院,否,,,2012-2013-2,,2012210000051828,2009外国语学院朝鲜语,0,,2012-2013学年 第2学期,51828,,,否,,,,,,0,毕业论文,,,,100000
96.0,400070,英美散文选读(20122-101010B-1),20122101010B51450,,3,,24,"1-17周,1-17周",0,张瑛,"1-17周 周四 第1节-第2节 仙Ⅰ-502,1-17周 周二 第3节-第4节 仙Ⅰ-502",6.0,外国语学院,否,,"周二,周四",2012-2013-2,,20122101010B51450,2012外国语学院英语,0,仙林校区,2012-2013学年 第2学期,51450,"仙Ⅰ-502,仙Ⅰ-502",,否,,,,,,0,英美散文选读,11,"第3节-第4节,第1节-第2节",仙I区,101010B
96.0,400070,英美散文选读(20122-101010B-2),20122101010B51451,,3,,24,"1-17周,1-17周",0,王凌,"1-17周 周四 第1节-第2节 仙Ⅰ-503,1-17周 周二 第3节-第4节 仙Ⅰ-503",6.0,外国语学院,否,,"周二,周四",2012-2013-2,,20122101010B51451,2012外国语学院英语,0,仙林校区,2012-2013学年 第2学期,51451,"仙Ⅰ-503,仙Ⅰ-503",,否,,,,,,0,英美散文选读,11,"第3节-第4节,第1节-第2节",仙I区,101010B
96.0,400070,英美散文选读(20122-101010B-3),20122101010B51453,,3,,23,"1-17周,1-17周",0,张翼,"1-17周 周四 第1节-第2节 仙Ⅰ-504,1-17周 周二 第3节-第4节 仙Ⅰ-504",6.0,外国语学院,否,,"周二,周四",2012-2013-2,,20122101010B51453,2012外国语学院英语,0,仙林校区,2012-2013学年 第2学期,51453,"仙Ⅰ-504,仙Ⅰ-504",,否,,,,,,0,英美散文选读,11,"第3节-第4节,第1节-第2节",仙I区,101010B
64.0,400070,英美散文评析(20122-101020B-1),20122101020B51496,,3,,19,"1-17周,1-17周",0,朱叶秋,"1-17周 周三 第3节-第4节 仙Ⅰ-502,1-17周 周五 第3节-第4节 仙Ⅰ-502",4.0,外国语学院,否,,"周五,周三",2012-2013-2,,20122101020B51496,2011外国语学院英语,0,仙林校区,2012-2013学年 第2学期,51496,"仙Ⅰ-502,仙Ⅰ-502",,否,,,,,,0,英美散文评析,11,"第3节-第4节,第3节-第4节",仙I区,101020B
64.0,400070,英美散文评析(20122-101020B-2),20122101020B51499,,3,,21,"1-17周,1-17周",0,高前,"1-17周 周三 第3节-第4节 仙Ⅰ-503,1-17周 周五 第3节-第4节 仙Ⅰ-503",4.0,外国语学院,否,,"周五,周三",2012-2013-2,,20122101020B51499,2011外国语学院英语,0,仙林校区,2012-2013学年 第2学期,51499,"仙Ⅰ-503,仙Ⅰ-503",,否,,,,,,0,英美散文评析,11,"第3节-第4节,第3节-第4节",仙I区,101020B
64.0,400070,英美散文评析(20122-101020B-3),20122101020B51500,,3,,19,"1-17周,1-17周",0,杨晋,"1-17周 周四 第3节-第4节 仙Ⅰ-504,1-17周 周五 第3节-第4节 仙Ⅰ-504",4.0,外国语学院,否,,"周五,周四",2012-2013-2,,20122101020B51500,2011外国语学院英语,0,仙林校区,2012-2013学年 第2学期,51500,"仙Ⅰ-504,仙Ⅰ-504",,否,,,,,,0,英美散文评析,11,"第3节-第4节,第3节-第4节",仙I区,101020B
32.0,400070,基础英语写作(20122-101040B-1),20122101040B51454,,3,,26,1-17周,0,英语外教C,1-17周 周一 第1节-第2节 仙Ⅰ-502,2.0,外国语学院,否,,周一,2012-2013-2,,20122101040B51454,2012外国语学院英语,0,仙林校区,2012-2013学年 第2学期,51454,仙Ⅰ-502,,否,,,,,,0,基础英语写作,11,第1节-第2节,仙I区,101040B
32.0,400070,基础英语写作(20122-101040B-2),20122101040B51455,,3,,24,1-17周,0,英语外教C,1-17周 周一 第3节-第4节 仙Ⅰ-502,2.0,外国语学院,否,,周一,2012-2013-2,,20122101040B51455,2012外国语学院英语,0,仙林校区,2012-2013学年 第2学期,51455,仙Ⅰ-502,,否,,,,,,0,基础英语写作,11,第3节-第4节,仙I区,101040B
32.0,400070,基础英语写作(20122-101040B-3),20122101040B51466,,3,,27,1-17周,0,俞希,1-17周 周一 第3节-第4节 仙Ⅰ-503,2.0,外国语学院,否,,周一,2012-2013-2,,20122101040B51466,2012外国语学院英语,0,仙林校区,2012-2013学年 第2学期,51466,仙Ⅰ-503,,否,,,,,,0,基础英语写作,11,第3节-第4节,仙I区,101040B
32.0,400070,英语修辞与写作(20122-101050B-1),20122101050B51504,,3,,23,1-17周,0,范浩,1-17周 周四 第1节-第2节 仙Ⅱ-501,2.0,外国语学院,否,,周四,2012-2013-2,,20122101050B51504,2011外国语学院英语,0,仙林校区,2012-2013学年 第2学期,51504,仙Ⅱ-501,,否,,,,,,0,英语修辞与写作,12,第1节-第2节,仙II区,101050B
32.0,400070,英语修辞与写作(20122-101050B-2),20122101050B51505,,3,,25,1-17周,0,英语外教A,1-17周 周四 第3节-第4节 仙Ⅱ-113,2.0,外国语学院,否,,周四,2012-2013-2,,20122101050B51505,2011外国语学院英语,0,仙林校区,2012-2013学年 第2学期,51505,仙Ⅱ-113,,否,,,,,,0,英语修辞与写作,12,第3节-第4节,仙II区,101050B
32.0,400070,英语修辞与写作(20122-101050B-3),20122101050B51506,,3,,22,1-17周,0,英语外教A,1-17周 周四 第1节-第2节 仙Ⅱ-113,2.0,外国语学院,否,,周四,2012-2013-2,,20122101050B51506,2011外国语学院英语,0,仙林校区,2012-2013学年 第2学期,51506,仙Ⅱ-113,,否,,,,,,0,英语修辞与写作,12,第1节-第2节,仙II区,101050B
32.0,400070,英语学术写作(20122-101060B-1),20122101060B51525,,3,,19,1-17周,0,朱雪峰,1-17周 周一 第3节-第4节 仙Ⅰ-508,2.0,外国语学院,否,,周一,2012-2013-2,,20122101060B51525,2010外国语学院英语,0,仙林校区,2012-2013学年 第2学期,51525,仙Ⅰ-508,,否,,,,,,0,英语学术写作,11,第3节-第4节,仙I区,101060B
32.0,400070,英语学术写作(20122-101060B-2),20122101060B51526,,3,,19,1-17周,0,英语外教D,1-17周 周一 第3节-第4节 仙Ⅰ-511,2.0,外国语学院,否,,周一,2012-2013-2,,20122101060B51526,2010外国语学院英语,0,仙林校区,2012-2013学年 第2学期,51526,仙Ⅰ-511,,否,,,,,,0,英语学术写作,11,第3节-第4节,仙I区,101060B
32.0,400070,英语学术写作(20122-101060B-3),20122101060B51527,,3,,24,1-17周,0,丁言仁,1-17周 周一 第3节-第4节 仙Ⅰ-512,2.0,外国语学院,否,,周一,2012-2013-2,,20122101060B51527,2010外国语学院英语,0,仙林校区,2012-2013学年 第2学期,51527,仙Ⅰ-512,,否,,,,,,0,英语学术写作,11,第3节-第4节,仙I区,101060B
32.0,400070,英汉翻译(20122-101070-1),2012210107051507,,3,,23,1-17周,0,高前,1-17周 周五 第1节-第2节 仙Ⅰ-507,2.0,外国语学院,否,,周五,2012-2013-2,,2012210107051507,2011外国语学院英语,0,仙林校区,2012-2013学年 第2学期,51507,仙Ⅰ-507,,否,,,,,,0,英汉翻译,11,第1节-第2节,仙I区,101070
32.0,400070,英汉翻译(20122-101070-2),2012210107051508,,3,,26,1-17周,0,高虹,1-17周 周五 第1节-第2节 仙Ⅰ-508,2.0,外国语学院,否,,周五,2012-2013-2,,2012210107051508,2011外国语学院英语,0,仙林校区,2012-2013学年 第2学期,51508,仙Ⅰ-508,,否,,,,,,0,英汉翻译,11,第1节-第2节,仙I区,101070
32.0,400070,英汉翻译(20122-101070-3),2012210107051509,,3,,24,1-17周,0,仇蓓玲,1-17周 周三 第3节-第4节 仙Ⅱ-111,2.0,外国语学院,否,,周三,2012-2013-2,,2012210107051509,2011外国语学院英语,0,仙林校区,2012-2013学年 第2学期,51509,仙Ⅱ-111,,否,,,,,,0,英汉翻译,12,第3节-第4节,仙II区,101070
64.0,400070,西方思想经典(20122-101100-1),2012210110051528,,3,,54,1-17周,0,"朱刚,陈兵,任裕海",1-17周 周一 第5节-第6节 仙Ⅰ-321,4.0,外国语学院,否,,周一,2012-2013-2,,2012210110051528,2010外国语学院英语,0,仙林校区,2012-2013学年 第2学期,51528,仙Ⅰ-321,,否,,,,,,0,西方思想经典,11,第5节-第6节,仙I区,101100
32.0,400070,英国文学(20122-101110-1),2012210111051529,,3,,62,1-17周,0,"王守仁,张瑛,何宁",1-17周 周四 第3节-第4节 仙Ⅰ-201,2.0,外国语学院,否,,周四,2012-2013-2,,2012210111051529,2010外国语学院英语,0,仙林校区,2012-2013学年 第2学期,51529,仙Ⅰ-201,,否,,,,,,0,英国文学,11,第3节-第4节,仙I区,101110
32.0,400070,文学通论(20122-101130-1),2012210113051469,,3,,39,1-17周,0,但汉松,1-17周 周三 第1节-第2节 仙Ⅱ-115,2.0,外国语学院,否,,周三,2012-2013-2,,2012210113051469,2012外国语学院英语,0,仙林校区,2012-2013学年 第2学期,51469,仙Ⅱ-115,,否,,,,,,0,文学通论,12,第1节-第2节,仙II区,101130
32.0,400070,文学通论(20122-101130-2),2012210113051471,,3,,35,1-17周,0,朱雪峰,1-17周 周三 第3节-第4节 仙Ⅱ-114,2.0,外国语学院,否,,周三,2012-2013-2,,2012210113051471,2012外国语学院英语,0,仙林校区,2012-2013学年 第2学期,51471,仙Ⅱ-114,,否,,,,,,0,文学通论,12,第3节-第4节,仙II区,101130
32.0,400070,语言学概论(20122-101140-1),2012210114051510,,3,,34,1-17周,0,徐昉,1-17周 周二 第1节-第2节 仙Ⅰ-511,2.0,外国语学院,否,,周二,2012-2013-2,,2012210114051510,2011外国语学院英语,0,仙林校区,2012-2013学年 第2学期,51510,仙Ⅰ-511,,否,,,,,,0,语言学概论,11,第1节-第2节,仙I区,101140
32.0,400070,语言学概论(20122-101140-2),2012210114051511,,3,,35,1-17周,0,张翼,1-17周 周二 第1节-第2节 仙Ⅰ-514,2.0,外国语学院,否,,周二,2012-2013-2,,2012210114051511,2011外国语学院英语,0,仙林校区,2012-2013学年 第2学期,51511,仙Ⅰ-514,,否,,,,,,0,语言学概论,11,第1节-第2节,仙I区,101140
32.0,400070,翻译导论(20122-101150-1),2012210115051512,,3,,71,1-17周,0,仇蓓玲,1-17周 周三 第5节-第6节 仙Ⅰ-202,2.0,外国语学院,否,,周三,2012-2013-2,,2012210115051512,2011外国语学院英语,0,仙林校区,2012-2013学年 第2学期,51512,仙Ⅰ-202,,否,,,,,,0,翻译导论,11,第5节-第6节,仙I区,101150
32.0,400070,美国社会与文化(20122-101170-1),2012210117051513,,3,,68,1-17周,0,江宁康,1-17周 周一 第3节-第4节 仙Ⅰ-104,2.0,外国语学院,否,,周一,2012-2013-2,,2012210117051513,2011外国语学院英语,0,仙林校区,2012-2013学年 第2学期,51513,仙Ⅰ-104,,否,,,,,,0,美国社会与文化,11,第3节-第4节,仙I区,101170
32.0,400070,西方文化(一)(20122-101180A-1),20122101180A51429,,3,,211,1-17周,0,"徐黎明,赵杨,张伟劼,但汉松,彭曦,曹丹红,徐蕾",1-17周 周一 第7节-第8节 仙Ⅰ-207,2.0,外国语学院,否,,周一,2012-2013-2,,20122101180A51429,"2012外国语学院英语,2012外国语学院朝鲜语,2012外国语学院西班牙语,2012外国语学院德语,2012外国语学院法语,2012外国语学院日语,2012外国语学院俄语",0,仙林校区,2012-2013学年 第2学期,51429,仙Ⅰ-207,,否,,,,,,0,西方文化(一),11,第7节-第8节,仙I区,101180A
48.0,400070,二外日语(一)(20122-101190A-1),20122101190A51514,,3,,24,"1-17周,1-17周",0,李斌,"1-17周 周一 第5节-第6节 仙Ⅰ-502,1-17周 周三 第7节-第8节 仙Ⅰ-502",3.0,外国语学院,否,,"周一,周三",2012-2013-2,,20122101190A51514,2011外国语学院英语,0,仙林校区,2012-2013学年 第2学期,51514,"仙Ⅰ-502,仙Ⅰ-502",,否,,,,,,0,二外日语(一),11,"第5节-第6节,第7节-第8节",仙I区,101190A
32.0,400070,二外日语(三)(20122-101190C-1),20122101190C51530,,3,,16,"1-17周,1-17周",0,"李斌,日语研究生","1-17周 周二 第5节-第6节 仙Ⅰ-505,1-17周 周三 第5节-第6节 仙Ⅰ-505",2.0,外国语学院,否,,"周二,周三",2012-2013-2,,20122101190C51530,2010外国语学院英语,0,仙林校区,2012-2013学年 第2学期,51530,"仙Ⅰ-505,仙Ⅰ-505",,否,,,,,,0,二外日语(三),11,"第5节-第6节,第5节-第6节",仙I区,101190C
48.0,400070,二外法语(一)(20122-101200A-1),20122101200A51515,,3,,32,"1-17周,1-17周",0,法语研究生,"1-17周 周一 第5节-第6节 仙Ⅰ-503,1-17周 周三 第7节-第8节 仙Ⅰ-503",3.0,外国语学院,否,,"周一,周三",2012-2013-2,,20122101200A51515,2011外国语学院英语,0,仙林校区,2012-2013学年 第2学期,51515,"仙Ⅰ-503,仙Ⅰ-503",,否,,,,,,0,二外法语(一),11,"第5节-第6节,第7节-第8节",仙I区,101200A
32.0,400070,二外法语(三)(20122-101200C-1),20122101200C51531,,3,,36,"1-17周,1-17周",0,法语研究生,"1-17周 周二 第5节-第6节 仙Ⅰ-506,1-17周 周三 第5节-第6节 仙Ⅰ-506",2.0,外国语学院,否,,"周二,周三",2012-2013-2,,20122101200C51531,2010外国语学院英语,0,仙林校区,2012-2013学年 第2学期,51531,"仙Ⅰ-506,仙Ⅰ-506",,否,,,,,,0,二外法语(三),11,"第5节-第6节,第5节-第6节",仙I区,101200C
48.0,400070,二外德语(一)(20122-101210A-1),20122101210A51516,,3,,17,"1-17周,1-17周",0,德语研究生,"1-17周 周一 第5节-第6节 仙Ⅰ-504,1-17周 周三 第7节-第8节 仙Ⅰ-504",3.0,外国语学院,否,,"周一,周三",2012-2013-2,,20122101210A51516,2011外国语学院英语,0,仙林校区,2012-2013学年 第2学期,51516,"仙Ⅰ-504,仙Ⅰ-504",,否,,,,,,0,二外德语(一),11,"第5节-第6节,第7节-第8节",仙I区,101210A
32.0,400070,二外德语(三)(20122-101210C-1),20122101210C51532,,3,,6,"1-17周,1-17周",0,德语研究生,"1-17周 周二 第5节-第6节 仙Ⅰ-507,1-17周 周三 第5节-第6节 仙Ⅰ-507",2.0,外国语学院,否,,"周二,周三",2012-2013-2,,20122101210C51532,2010外国语学院英语,0,仙林校区,2012-2013学年 第2学期,51532,"仙Ⅰ-507,仙Ⅰ-507",,否,,,,,,0,二外德语(三),11,"第5节-第6节,第5节-第6节",仙I区,101210C
96.0,400070,基础俄语(二)(20122-102010B-1),20122102010B51547,,3,,16,"1-17周,1-17周",0,"赵杨,段丽君","1-17周 周二 第1节-第4节 仙Ⅰ-505,1-17周 周四 第1节-第4节 逸A-213",6.0,外国语学院,否,,"周二,周四",2012-2013-2,,20122102010B51547,2012外国语学院俄语,0,仙林校区,2012-2013学年 第2学期,51547,"仙Ⅰ-505,逸A-213",,否,,,,,,0,基础俄语(二),"11,15","第1节-第4节,第1节-第4节","仙I区, 逸夫楼A区",102010B
96.0,400070,基础俄语(四)(20122-102010D-1),20122102010D51556,,3,,18,"1-17周,1-17周",0,"孙飞燕,徐来娣","1-17周 周二 第1节-第4节 仙Ⅱ-114,1-17周 周四 第1节-第4节 ",6.0,外国语学院,否,,"周二,周四",2012-2013-2,,20122102010D51556,2011外国语学院俄语,0,仙林校区,2012-2013学年 第2学期,51556,"仙Ⅱ-114,仙1527",,否,,,,,,0,基础俄语(四),12,"第1节-第4节,第1节-第4节",仙II区,102010D
16.0,400070,基础语法(一)(20122-102020A-1),20122102020A51548,,3,,14,1-17周,0,赵杨,1-17周 周三 第1节-第2节 仙Ⅰ-505,1.0,外国语学院,否,,周三,2012-2013-2,,20122102020A51548,2012外国语学院俄语,0,仙林校区,2012-2013学年 第2学期,51548,仙Ⅰ-505,,否,,,,,,0,基础语法(一),11,第1节-第2节,仙I区,102020A
16.0,400070,基础语法(三)(20122-102020C-1),20122102020C51558,,3,,18,1-17周,0,孙飞燕,1-17周 周三 第1节-第2节 仙Ⅰ-510,1.0,外国语学院,否,,周三,2012-2013-2,,20122102020C51558,2011外国语学院俄语,0,仙林校区,2012-2013学年 第2学期,51558,仙Ⅰ-510,,否,,,,,,0,基础语法(三),11,第1节-第2节,仙I区,102020C
16.0,400070,基础阅读(一)(20122-102030A-1),20122102030A51549,,3,,14,1-17周,0,赵杨,1-17周 周三 第3节-第4节 仙Ⅰ-505,1.0,外国语学院,否,,周三,2012-2013-2,,20122102030A51549,2012外国语学院俄语,0,仙林校区,2012-2013学年 第2学期,51549,仙Ⅰ-505,,否,,,,,,0,基础阅读(一),11,第3节-第4节,仙I区,102030A
16.0,400070,基础阅读(三)(20122-102030C-1),20122102030C51559,,3,,18,1-17周,0,杨正,1-17周 周一 第1节-第2节 仙Ⅰ-505,1.0,外国语学院,否,,周一,2012-2013-2,,20122102030C51559,2011外国语学院俄语,0,仙林校区,2012-2013学年 第2学期,51559,仙Ⅰ-505,,否,,,,,,0,基础阅读(三),11,第1节-第2节,仙I区,102030C
80.0,400070,中级俄语(二)(20122-102040B-1),20122102040B51563,,3,,18,"1-17周,1-17周",0,范洁清,"1-17周 周四 第1节-第2节 仙Ⅰ-506,1-17周 周二 第1节-第4节 仙Ⅰ-506",5.0,外国语学院,否,,"周二,周四",2012-2013-2,,20122102040B51563,2010外国语学院俄语,0,仙林校区,2012-2013学年 第2学期,51563,"仙Ⅰ-506,仙Ⅰ-506",,否,,,,,,0,中级俄语(二),11,"第1节-第4节,第1节-第2节",仙I区,102040B
16.0,400070,中级阅读(二)(20122-102050B-1),20122102050B51564,,3,,20,1-17周,0,伊琳娜·普里奥罗娃,1-17周 周三 第3节-第4节 仙Ⅱ-116,1.0,外国语学院,否,,周三,2012-2013-2,,20122102050B51564,2010外国语学院俄语,0,仙林校区,2012-2013学年 第2学期,51564,仙Ⅱ-116,,否,,,,,,0,中级阅读(二),12,第3节-第4节,仙II区,102050B
48.0,400070,高级俄语(二)(20122-102060B-1),20122102060B51587,,3,,16,"1-17周,1-17周",0,张俊翔,"1-17周 周二 第3节-第4节 仙Ⅱ-115,1-17周 周四 第3节-第4节 仙Ⅱ-115",3.0,外国语学院,否,,"周二,周四",2012-2013-2,,20122102060B51587,2009外国语学院俄语,0,仙林校区,2012-2013学年 第2学期,51587,"仙Ⅱ-115,仙Ⅱ-115",,否,,,,,,0,高级俄语(二),12,"第3节-第4节,第3节-第4节",仙II区,102060B
32.0,400070,俄译汉(20122-102070-1),2012210207051566,,3,,18,1-17周,0,杨正,1-17周 周一 第3节-第4节 仙Ⅰ-505,2.0,外国语学院,否,,周一,2012-2013-2,,2012210207051566,2010外国语学院俄语,0,仙林校区,2012-2013学年 第2学期,51566,仙Ⅰ-505,,否,,,,,,0,俄译汉,11,第3节-第4节,仙I区,102070
16.0,400070,俄罗斯文学史(一)(20122-102100A-1),20122102100A51568,,3,,19,1-17周,0,杨正,1-17周 周三 第1节-第2节 仙Ⅱ-116,1.0,外国语学院,否,,周三,2012-2013-2,,20122102100A51568,2010外国语学院俄语,0,仙林校区,2012-2013学年 第2学期,51568,仙Ⅱ-116,,否,,,,,,0,俄罗斯文学史(一),12,第1节-第2节,仙II区,102100A
16.0,400070,俄罗斯社会与文化(20122-102110-1),2012210211051551,,3,,17,1-17周,0,"杨正,徐来娣,赵杨,王加兴,段丽君,张俊翔,范洁清,孙飞燕",1-17周 周二 第5节-第6节 仙Ⅰ-509,1.0,外国语学院,否,,周二,2012-2013-2,,2012210211051551,2012外国语学院俄语,0,仙林校区,2012-2013学年 第2学期,51551,仙Ⅰ-509,,否,,,,,,0,俄罗斯社会与文化,11,第5节-第6节,仙I区,102110
144.0,400070,日语精读(二)(20122-103010B-1),20122103010B51600,,3,,20,"1-17周,1-17周,1-17周",0,"彭曦,吕斌","1-17周 周一 第1节-第2节 仙Ⅰ-509,1-17周 周四 第1节-第4节 仙Ⅰ-505,1-17周 周二 第1节-第4节 仙Ⅱ-116",9.0,外国语学院,否,,"周一,周二,周四",2012-2013-2,,20122103010B51600,2012外国语学院日语,0,仙林校区,2012-2013学年 第2学期,51600,"仙Ⅰ-509,仙Ⅱ-116,仙Ⅰ-505",,否,,,,,,0,日语精读（二）,"11,12","第1节-第2节,第1节-第4节,第1节-第4节","仙I区, 仙II区",103010B
112.0,400070,日语精读(四)(20122-103010D-1),20122103010D51605,,3,,21,"1-17周,1-17周,1-17周",0,"沈琳,雷国山","1-17周 周四 第1节-第2节 仙Ⅱ-116,1-17周 周二 第1节-第4节 仙Ⅰ-509,1-17周 周五 第1节-第2节 仙Ⅰ-506",7.0,外国语学院,否,,"周二,周四,周五",2012-2013-2,,20122103010D51605,2011外国语学院日语,0,仙林校区,2012-2013学年 第2学期,51605,"仙Ⅰ-509,仙Ⅱ-116,仙Ⅰ-506",,否,,,,,,0,日语精读(四),"11,12","第1节-第4节,第1节-第2节,第1节-第2节","仙I区, 仙II区",103010D
112.0,400070,日语精读(六)(20122-103010F-1),20122103010F51620,,3,,19,"1-17周,1-17周,1-17周,1-17周",0,"森福卓美,汪丽影","1-17周 周三 第1节-第2节 仙Ⅰ-509,1-17周 周二 第3节-第4节 仙Ⅱ-216,1-17周 周一 第3节-第4节 仙Ⅰ-509,1-17周 周四 第1节-第2节 仙Ⅱ-114",7.0,外国语学院,否,,"周一,周二,周三,周四",2012-2013-2,,20122103010F51620,2010外国语学院日语,0,仙林校区,2012-2013学年 第2学期,51620,"仙Ⅰ-509,仙Ⅱ-216,仙Ⅰ-509,仙Ⅱ-114",,否,,,,,,0,日语精读(六),"11,12","第3节-第4节,第3节-第4节,第1节-第2节,第1节-第2节","仙I区, 仙II区",103010F
48.0,400070,日语精读(八)(20122-103010H-1),20122103010H51640,,3,,18,1-17周,0,叶琳,1-17周 周四 第1节-第4节 仙Ⅰ-515,3.0,外国语学院,否,,周四,2012-2013-2,,20122103010H51640,2009外国语学院日语,0,仙林校区,2012-2013学年 第2学期,51640,仙Ⅰ-515,,否,,,,,,0,日语精读(八),11,第1节-第4节,仙I区,103010H
16.0,400070,日语写作(二)(20122-103020B-1),20122103020B51612,,3,,23,1-17周,0,森福卓美,1-17周 周三 第1节-第2节 仙Ⅰ-506,1.0,外国语学院,否,,周三,2012-2013-2,,20122103020B51612,2011外国语学院日语,0,仙林校区,2012-2013学年 第2学期,51612,仙Ⅰ-506,,否,,,,,,0,日语写作(二),11,第1节-第2节,仙I区,103020B
16.0,400070,日语写作(四)(20122-103020D-1),20122103020D51627,,3,,19,1-17周,0,日语外教B,1-17周 周四 第3节-第4节 仙Ⅱ-114,1.0,外国语学院,否,,周四,2012-2013-2,,20122103020D51627,2010外国语学院日语,0,仙林校区,2012-2013学年 第2学期,51627,仙Ⅱ-114,,否,,,,,,0,日语写作(四),12,第3节-第4节,仙II区,103020D
16.0,400070,日本文化概论(二)(20122-103030B-1),20122103030B51641,,3,,18,1-17周,0,王奕红,1-17周 周三 第1节-第2节 仙Ⅱ-217,1.0,外国语学院,否,,周三,2012-2013-2,,20122103030B51641,2009外国语学院日语,0,仙林校区,2012-2013学年 第2学期,51641,仙Ⅱ-217,,否,,,,,,0,日本文化概论(二),12,第1节-第2节,仙II区,103030B
16.0,400070,日本文学史(二)(20122-103040B-1),20122103040B51629,,3,,24,1-17周,0,森福卓美,1-17周 周二 第1节-第2节 仙Ⅱ-216,1.0,外国语学院,否,,周二,2012-2013-2,,20122103040B51629,2010外国语学院日语,0,仙林校区,2012-2013学年 第2学期,51629,仙Ⅱ-216,,否,,,,,,0,日本文学史(二),12,第1节-第2节,仙II区,103040B
144.0,400070,初级法语(二)(20122-104010B-1),20122104010B51650,,3,,24,"1-17周,1-17周,1-17周",0,"周越,王晶","1-17周 周一 第1节-第4节 仙Ⅰ-507,1-17周 周五 第1节-第4节 ,1-17周 周二 第1节-第4节 仙Ⅱ-217",9.0,外国语学院,否,,"周一,周二,周五",2012-2013-2,,20122104010B51650,2012外国语学院法语,0,仙林校区,2012-2013学年 第2学期,51650,"仙Ⅰ-507,仙Ⅱ-217,仙1527",,否,,,,,,0,初级法语(二),"11,12","第1节-第4节,第1节-第4节,第1节-第4节","仙I区, 仙II区",104010B
16.0,400070,初级视听(二)(20122-104020B-1),20122104020B51652,,3,,23,1-17周,0,Aleksi Lectez,1-17周 周三 第3节-第4节 ,1.0,外国语学院,否,,周三,2012-2013-2,,20122104020B51652,2012外国语学院法语,0,仙林校区,2012-2013学年 第2学期,51652,仙1527,,否,,,,,,0,初级视听(二),,第3节-第4节,,104020B
128.0,400070,中级法语(二)(20122-104030B-1),20122104030B51656,,3,,31,"1-17周,1-17周,1-17周",0,"黄荭,高方","1-17周 周一 第1节-第2节 仙Ⅰ-514,1-17周 周四 第1节-第4节 ,1-17周 周二 第1节-第4节 仙Ⅱ-301",8.0,外国语学院,否,,"周一,周二,周四",2012-2013-2,,20122104030B51656,2011外国语学院法语,0,仙林校区,2012-2013学年 第2学期,51656,"仙Ⅰ-514,仙Ⅱ-301,仙1528",,否,,,,,,0,中级法语(二),"11,12","第1节-第2节,第1节-第4节,第1节-第4节","仙I区, 仙II区",104030B
16.0,400070,中级视听(二)(20122-104040B-1),20122104040B51658,,3,,32,1-17周,0,Aleksi Lectez,1-17周 周三 第1节-第2节 ,1.0,外国语学院,否,,周三,2012-2013-2,,20122104040B51658,2011外国语学院法语,0,仙林校区,2012-2013学年 第2学期,51658,仙1527,,否,,,,,,0,中级视听(二),,第1节-第2节,,104040B
16.0,400070,基础阅读(二)(20122-104050B-1),20122104050B51660,,3,,30,1-17周,0,谭成春,1-17周 周五 第1节-第2节 仙Ⅱ-114,1.0,外国语学院,否,,周五,2012-2013-2,,20122104050B51660,2011外国语学院法语,0,仙林校区,2012-2013学年 第2学期,51660,仙Ⅱ-114,,否,,,,,,0,基础阅读(二),12,第1节-第2节,仙II区,104050B
96.0,400070,高级法语(二)(20122-104060B-1),20122104060B51663,,3,,27,"1-17周,1-17周",0,"曹丹红,刘云虹","1-17周 周二 第1节-第4节 仙Ⅰ-508,1-17周 周四 第3节-第4节 仙Ⅰ-508",6.0,外国语学院,否,,"周二,周四",2012-2013-2,,20122104060B51663,2010外国语学院法语,0,仙林校区,2012-2013学年 第2学期,51663,"仙Ⅰ-508,仙Ⅰ-508",,否,,,,,,0,高级法语(二),11,"第1节-第4节,第3节-第4节",仙I区,104060B
16.0,400070,基础写作(二)(20122-104070B-1),20122104070B51665,,3,,27,1-17周,0,Nicolas Monbertrand,1-17周 周三 第1节-第2节 仙Ⅱ-111,1.0,外国语学院,否,,周三,2012-2013-2,,20122104070B51665,2010外国语学院法语,0,仙林校区,2012-2013学年 第2学期,51665,仙Ⅱ-111,,否,,,,,,0,基础写作(二),12,第1节-第2节,仙II区,104070B
16.0,400070,翻译理论与实践(汉译法)(二)(20122-104080B-1),20122104080B51679,,3,,27,1-17周,0,许钧,1-17周 周二 第3节-第4节 仙Ⅰ-507,1.0,外国语学院,否,,周二,2012-2013-2,,20122104080B51679,2009外国语学院法语,0,仙林校区,2012-2013学年 第2学期,51679,仙Ⅰ-507,,否,,,,,,0,翻译理论与实践[汉译法](二),11,第3节-第4节,仙I区,104080B
128.0,400070,基础德语(二)(20122-105010B-1),20122105010B51693,,3,,27,"1-17周,1-17周,1-17周",0,"王露杨,张辛仪","1-17周 周二 第1节-第4节 仙Ⅰ-317,1-17周 周三 第3节-第4节 仙Ⅰ-317,1-17周 周五 第1节-第4节 仙Ⅰ-514",8.0,外国语学院,否,,"周二,周三,周五",2012-2013-2,,20122105010B51693,2012外国语学院德语,0,仙林校区,2012-2013学年 第2学期,51693,"仙Ⅰ-317,仙Ⅰ-317,仙Ⅰ-514",,否,,,,,,0,基础德语(二),11,"第1节-第4节,第3节-第4节,第1节-第4节",仙I区,105010B
96.0,400070,中级德语(二)(20122-105020B-1),20122105020B51702,,3,,27,"1-17周,1-17周",0,"Dudzik,常晅","1-17周 周二 第1节-第4节 仙Ⅰ-519,1-17周 周四 第1节-第4节 仙Ⅱ-217",6.0,外国语学院,否,,"周二,周四",2012-2013-2,,20122105020B51702,2011外国语学院德语,0,仙林校区,2012-2013学年 第2学期,51702,"仙Ⅰ-519,仙Ⅱ-217",,否,,,,,,0,中级德语(二),"11,12","第1节-第4节,第1节-第4节","仙I区, 仙II区",105020B
16.0,400070,德语语法(20122-105030-1),2012210503051704,,3,,26,1-17周,0,王露杨,1-17周 周三 第1节-第2节 仙Ⅰ-519,1.0,外国语学院,否,,周三,2012-2013-2,,2012210503051704,2011外国语学院德语,0,仙林校区,2012-2013学年 第2学期,51704,仙Ⅰ-519,,否,,,,,,0,德语语法,11,第1节-第2节,仙I区,105030
32.0,400070,德语写作(二)(20122-105040B-1),20122105040B51705,,3,,26,1-17周,0,常晅,1-17周 周一 第1节-第2节 仙Ⅰ-508,2.0,外国语学院,否,,周一,2012-2013-2,,20122105040B51705,2011外国语学院德语,0,仙林校区,2012-2013学年 第2学期,51705,仙Ⅰ-508,,否,,,,,,0,德语写作(二),11,第1节-第2节,仙I区,105040B
16.0,400070,德语阅读(二)(20122-105050B-1),20122105050B51708,,3,,24,1-17周,0,孔德明,1-17周 周三 第3节-第4节 仙Ⅰ-519,1.0,外国语学院,否,,周三,2012-2013-2,,20122105050B51708,2011外国语学院德语,0,仙林校区,2012-2013学年 第2学期,51708,仙Ⅰ-519,,否,,,,,,0,德语阅读(二),11,第3节-第4节,仙I区,105050B
64.0,400070,高级德语(二)(20122-105060B-1),20122105060B51712,,3,,27,"1-17周,1-17周",0,钦文,"1-17周 周二 第3节-第4节 仙Ⅰ-513,1-17周 周五 第3节-第4节 仙Ⅰ-513",4.0,外国语学院,否,,"周二,周五",2012-2013-2,,20122105060B51712,2010外国语学院德语,0,仙林校区,2012-2013学年 第2学期,51712,"仙Ⅰ-513,仙Ⅰ-513",,否,,,,,,0,高级德语(二),11,"第3节-第4节,第3节-第4节",仙I区,105060B
32.0,400070,高级视听说(二)(20122-105070B-1),20122105070B51714,,3,,32,1-17周,0,常玲玲,1-17周 周三 第1节-第2节 ,2.0,外国语学院,否,,周三,2012-2013-2,,20122105070B51714,2010外国语学院德语,0,仙林校区,2012-2013学年 第2学期,51714,仙1528,,否,,,,,,0,高级视听说(二),,第1节-第2节,,105070B
32.0,400070,论文写作(二)(20122-105080B-1),20122105080B51716,,3,,28,1-17周,0,Dudzik,1-17周 周一 第3节-第4节 仙Ⅱ-116,2.0,外国语学院,否,,周一,2012-2013-2,,20122105080B51716,2010外国语学院德语,0,仙林校区,2012-2013学年 第2学期,51716,仙Ⅱ-116,,否,,,,,,0,论文写作(二),12,第3节-第4节,仙II区,105080B
32.0,400070,毕业论文写作(二)(20122-105090B-1),20122105090B51734,,3,,23,1-17周,0,Dudzik,1-17周 周三 第1节-第2节 仙Ⅱ-523,2.0,外国语学院,否,,周三,2012-2013-2,,20122105090B51734,2009外国语学院德语,0,仙林校区,2012-2013学年 第2学期,51734,仙Ⅱ-523,,否,,,,,,0,毕业论文写作(二),12,第1节-第2节,仙II区,105090B
32.0,400070,德语语言文学通论(20122-105110-1),2012210511051738,,3,,23,"1-17周,1-17周",0,印芝虹,"1-17周 周二 第3节-第4节 逸B-209,1-17周 周三 第3节-第4节 逸B-209",2.0,外国语学院,否,,"周二,周三",2012-2013-2,,2012210511051738,2009外国语学院德语,0,仙林校区,2012-2013学年 第2学期,51738,"逸B-209,逸B-209",,否,,,,,,0,德语语言文学文化通论,16,"第3节-第4节,第3节-第4节",逸夫楼B区,105110
144.0,400070,初级西班牙语(二)(20122-106010B-1),20122106010B51749,,3,,24,"1-17周,1-17周,1-17周,1-17周",0,"李易非,谭薇","1-17周 周一 第1节-第2节 仙Ⅰ-503,1-17周 周五 第3节-第4节 仙Ⅰ-512,1-17周 周二 第1节-第4节 逸B-201,1-17周 周四 第1节-第2节 仙Ⅱ-111",9.0,外国语学院,否,,"周一,周二,周四,周五",2012-2013-2,,20122106010B51749,2012外国语学院西班牙语,0,仙林校区,2012-2013学年 第2学期,51749,"仙Ⅰ-503,逸B-201,仙Ⅱ-111,仙Ⅰ-512",,否,,,,,,0,初级西班牙语(二),"11,12,16","第1节-第2节,第1节-第4节,第1节-第2节,第3节-第4节","仙I区, 仙II区, 逸夫楼B区",106010B
16.0,400070,初级视听说(二)(20122-106020B-1),20122106020B51754,,3,,23,1-17周,0,Tania Parrilla,1-17周 周五 第1节-第2节 仙Ⅰ-503,1.0,外国语学院,否,,周五,2012-2013-2,,20122106020B51754,2012外国语学院西班牙语,0,仙林校区,2012-2013学年 第2学期,51754,仙Ⅰ-503,,否,,,,,,0,初级视听说(二),11,第1节-第2节,仙I区,106020B
16.0,400070,初级阅读(20122-106030-1),2012210603051758,,3,,21,1-17周,0,张伟劼,1-17周 周三 第3节-第4节 仙Ⅰ-504,1.0,外国语学院,否,,周三,2012-2013-2,,2012210603051758,2012外国语学院西班牙语,0,仙林校区,2012-2013学年 第2学期,51758,仙Ⅰ-504,,否,,,,,,0,初级阅读,11,第3节-第4节,仙I区,106030
128.0,400070,中级西班牙语(二)(20122-106040B-1),20122106040B51763,,3,,24,"1-17周,1-17周,1-17周,1-17周",0,"裴枫,莫娅妮","1-17周 周二 第1节-第2节 ,1-17周 周二 第3节-第4节 逸B-202,1-17周 周四 第1节-第4节 仙Ⅰ-512,1-17周 周五 第1节-第2节 仙Ⅰ-512",8.0,外国语学院,否,,"周二,周二,周四,周五",2012-2013-2,,20122106040B51763,2011外国语学院西班牙语,0,仙林校区,2012-2013学年 第2学期,51763,"仙1526,逸B-202,仙Ⅰ-512,仙Ⅰ-512",,否,,,,,,0,中级西班牙语(二),"11,16","第1节-第2节,第3节-第4节,第1节-第4节,第1节-第2节","仙I区, 逸夫楼B区",106040B
16.0,400070,中级视听说(二)(20122-106050B-1),20122106050B51766,,3,,22,1-17周,0,Tania Parrilla,1-17周 周三 第3节-第4节 逸B-202,1.0,外国语学院,否,,周三,2012-2013-2,,20122106050B51766,2011外国语学院西班牙语,0,仙林校区,2012-2013学年 第2学期,51766,逸B-202,,否,,,,,,0,中级视听说(二),16,第3节-第4节,逸夫楼B区,106050B
16.0,400070,中级阅读(二)(20122-106060B-1),20122106060B51772,,3,,23,1-17周,0,张伟劼,1-17周 周三 第1节-第2节 仙Ⅰ-504,1.0,外国语学院,否,,周三,2012-2013-2,,20122106060B51772,2011外国语学院西班牙语,0,仙林校区,2012-2013学年 第2学期,51772,仙Ⅰ-504,,否,,,,,,0,中级阅读(二),11,第1节-第2节,仙I区,106060B
32.0,400070,高级视听说(二)(20122-106080B-1),20122106080B51777,,3,,23,1-17周,0,李静,1-17周 周四 第1节-第2节 仙Ⅰ-511,2.0,外国语学院,否,,周四,2012-2013-2,,20122106080B51777,2010外国语学院西班牙语,0,仙林校区,2012-2013学年 第2学期,51777,仙Ⅰ-511,,否,,,,,,0,高级视听说（二）,11,第1节-第2节,仙I区,106080B
32.0,400070,高级写作(20122-106100-1),2012210610051780,,3,,23,1-17周,0,Tania Parrilla,1-17周 周五 第3节-第4节 仙Ⅰ-509,2.0,外国语学院,否,,周五,2012-2013-2,,2012210610051780,2010外国语学院西班牙语,0,仙林校区,2012-2013学年 第2学期,51780,仙Ⅰ-509,,否,,,,,,0,高级写作,11,第3节-第4节,仙I区,106100
32.0,400070,报刊选读(二)(20122-106110B-1),20122106110B51783,,3,,24,"1-17周,1-17周",0,Juan Carlos Moreno-Arrones,"1-17周 周二 第1节-第2节 仙Ⅱ-102,1-17周 周一 第3节-第4节 仙Ⅰ-504",2.0,外国语学院,否,,"周二,周一",2012-2013-2,,20122106110B51783,2010外国语学院西班牙语,0,仙林校区,2012-2013学年 第2学期,51783,"仙Ⅱ-102,仙Ⅰ-504",,否,,,,,,0,报刊选读(二),"11,12","第1节-第2节,第3节-第4节","仙I区, 仙II区",106110B
16.0,400070,西班牙语美洲历史与文化(20122-106140-1),2012210614051773,,3,,23,1-17周,0,Juan Carlos Moreno-Arrones,1-17周 周一 第1节-第2节 仙Ⅰ-504,1.0,外国语学院,否,,周一,2012-2013-2,,2012210614051773,2011外国语学院西班牙语,0,仙林校区,2012-2013学年 第2学期,51773,仙Ⅰ-504,,否,,,,,,0,西班牙语美洲历史与文化,11,第1节-第2节,仙I区,106140
128.0,400070,基础朝[韩]语精读(二)(20122-107010B-1),20122107010B51817,,3,,17,"1-17周,1-17周",0,"尹海燕,李锦花","1-17周 周二 第1节-第4节 仙Ⅰ-510,1-17周 周四 第1节-第4节 逸B-201",8.0,外国语学院,否,,"周二,周四",2012-2013-2,,20122107010B51817,2012外国语学院朝鲜语,0,仙林校区,2012-2013学年 第2学期,51817,"仙Ⅰ-510,逸B-201",,否,,,,,,0,初级朝[韩]语精读(二),"11,16","第1节-第4节,第1节-第4节","仙I区, 逸夫楼B区",107010B
32.0,400070,基础朝[韩]语视听说(二)(20122-107020B-1),20122107020B51814,,3,,17,1-17周,0,郑贤珍,1-17周 周五 第1节-第4节 仙Ⅰ-510,2.0,外国语学院,否,,周五,2012-2013-2,,20122107020B51814,2012外国语学院朝鲜语,0,仙林校区,2012-2013学年 第2学期,51814,仙Ⅰ-510,,否,,,,,,0,初级朝[韩]语视听说(二),11,第1节-第4节,仙I区,107020B
96.0,400070,中级朝[韩]语精读(二)(20122-107030B-1),20122107030B51819,,3,,15,"1-17周,1-17周",0,"吴玉梅,徐黎明","1-17周 周二 第1节-第4节 逸B-208,1-17周 周四 第1节-第4节 仙Ⅰ-510",6.0,外国语学院,否,,"周二,周四",2012-2013-2,,20122107030B51819,2011外国语学院朝鲜语,0,仙林校区,2012-2013学年 第2学期,51819,"逸B-208,仙Ⅰ-510",,否,,,,,,0,中级朝[韩]语精读(二),"11,16","第1节-第4节,第1节-第4节","仙I区, 逸夫楼B区",107030B
32.0,400070,中级朝[韩]语视听说(二)(20122-107040B-1),20122107040B51820,,3,,15,1-17周,0,郑贤珍,1-17周 周三 第1节-第4节 仙Ⅰ-512,2.0,外国语学院,否,,周三,2012-2013-2,,20122107040B51820,2011外国语学院朝鲜语,0,仙林校区,2012-2013学年 第2学期,51820,仙Ⅰ-512,,否,,,,,,0,中级朝[韩]语视听说(二),11,第1节-第4节,仙I区,107040B
32.0,400070,朝[韩]语阅读写作(二)(20122-107050B-1),20122107050B51821,,3,,16,1-17周,0,崔昌竻,1-17周 周三 第5节-第6节 仙Ⅰ-510,2.0,外国语学院,否,,周三,2012-2013-2,,20122107050B51821,2011外国语学院朝鲜语,0,仙林校区,2012-2013学年 第2学期,51821,仙Ⅰ-510,,否,,,,,,0,朝[韩]语阅读写作(二),11,第5节-第6节,仙I区,107050B
64.0,400070,高级朝[韩]语精读(二)(20122-107060B-1),20122107060B51825,,3,,16,1-17周,0,郑贤珍,1-17周 周四 第1节-第4节 仙Ⅰ-509,4.0,外国语学院,否,,周四,2012-2013-2,,20122107060B51825,2010外国语学院朝鲜语,0,仙林校区,2012-2013学年 第2学期,51825,仙Ⅰ-509,,否,,,,,,0,高级朝[韩]语精读(二),11,第1节-第4节,仙I区,107060B
16.0,400070,高级朝[韩]语视听说(二)(20122-107070B-1),20122107070B51823,,3,,16,1-17周,0,尹恩子,1-17周 周二 第1节-第4节 仙Ⅰ-512,1.0,外国语学院,否,,周二,2012-2013-2,,20122107070B51823,2010外国语学院朝鲜语,0,仙林校区,2012-2013学年 第2学期,51823,仙Ⅰ-512,,否,,,,,,0,高级朝[韩]语视听说(二),11,第1节-第4节,仙I区,107070B
32.0,400070,朝鲜[韩国]文学简史(一)(20122-107080A-1),20122107080A51824,,3,,16,1-17周,0,徐黎明,1-17周 周三 第5节-第6节 仙Ⅰ-509,2.0,外国语学院,否,,周三,2012-2013-2,,20122107080A51824,2010外国语学院朝鲜语,0,仙林校区,2012-2013学年 第2学期,51824,仙Ⅰ-509,,否,,,,,,0,朝鲜[韩国]文学简史(一),11,第5节-第6节,仙I区,107080A
16.0,400070,朝[韩]语综合语法(20122-107090-1),2012210709051826,,3,,16,1-17周,0,张俊翼,1-17周 周一 第3节-第4节 仙Ⅰ-510,1.0,外国语学院,否,,周一,2012-2013-2,,2012210709051826,2010外国语学院朝鲜语,0,仙林校区,2012-2013学年 第2学期,51826,仙Ⅰ-510,,否,,,,,,0,朝[韩]语综合语法,11,第3节-第4节,仙I区,107090
32.0,400070,朝鲜[韩国]国情概况(20122-107110-1),2012210711051818,,3,,17,1-17周,0,徐黎明,1-17周 周三 第3节-第4节 仙Ⅰ-510,2.0,外国语学院,否,,周三,2012-2013-2,,2012210711051818,2012外国语学院朝鲜语,0,仙林校区,2012-2013学年 第2学期,51818,仙Ⅰ-510,,否,,,,,,0,朝鲜[韩国]综合概况,11,第3节-第4节,仙I区,107110
32.0,400070,朝鲜[韩国]通史(20122-107120-1),2012210712051822,,3,,18,1-17周,0,尹恩子,1-17周 周一 第5节-第6节 仙Ⅰ-510,2.0,外国语学院,否,,周一,2012-2013-2,,2012210712051822,2011外国语学院朝鲜语,0,仙林校区,2012-2013学年 第2学期,51822,仙Ⅰ-510,,否,,,,,,0,朝鲜[韩国]通史,11,第5节-第6节,仙I区,107120
16.0,400070,英美戏剧欣赏与实践(20122-108020-1),2012210802051400,,3,,33,1-17周,0,英语外教B,1-17周 周二 第7节-第8节 仙Ⅰ-502,1.0,外国语学院,否,,周二,2012-2013-2,,2012210802051400,2012外国语学院英语,0,仙林校区,2012-2013学年 第2学期,51400,仙Ⅰ-502,,否,,,,,,0,英美戏剧欣赏与实践,11,第7节-第8节,仙I区,108020
16.0,400070,演讲与辩论(20122-108030-1),2012210803051405,,3,,38,1-17周,0,英语外教A,1-17周 周二 第5节-第6节 仙Ⅰ-502,1.0,外国语学院,否,,周二,2012-2013-2,,2012210803051405,2012外国语学院英语,0,仙林校区,2012-2013学年 第2学期,51405,仙Ⅰ-502,,否,,,,,,0,演讲与辩论,11,第5节-第6节,仙I区,108030
32.0,400070,英语文化选读(二)(20122-108050B-1),20122108050B51482,,3,,38,1-17周,0,任裕海,1-17周 周二 第1节-第2节 仙Ⅰ-502,2.0,外国语学院,否,,周二,2012-2013-2,,20122108050B51482,2012外国语学院英语,0,仙林校区,2012-2013学年 第2学期,51482,仙Ⅰ-502,,否,,,,,,0,英语文化选读(二),11,第1节-第2节,仙I区,108050B
16.0,400070,英语文化选读(四)(20122-108050D-1),20122108050D51517,,3,,21,1-17周,0,徐昉,1-17周 周二 第3节-第4节 仙Ⅰ-511,1.0,外国语学院,否,,周二,2012-2013-2,,20122108050D51517,2011外国语学院英语,0,仙林校区,2012-2013学年 第2学期,51517,仙Ⅰ-511,,否,,,,,,0,英语文化选读(四),11,第3节-第4节,仙I区,108050D
16.0,400070,英语文化听力(二)(20122-108060B-1),20122108060B51483,,3,,33,1-17周,0,高虹,1-17周 周五 第3节-第4节 ,1.0,外国语学院,否,,周五,2012-2013-2,,20122108060B51483,2012外国语学院英语,0,仙林校区,2012-2013学年 第2学期,51483,仙1526,,否,,,,,,0,英语文化听力(二),,第3节-第4节,,108060B
16.0,400070,英语文化听力(四)(20122-108060D-1),20122108060D51518,,3,,35,1-17周,0,俞希,1-17周 周一 第1节-第2节 ,1.0,外国语学院,否,,周一,2012-2013-2,,20122108060D51518,2011外国语学院英语,0,仙林校区,2012-2013学年 第2学期,51518,仙1526,,否,,,,,,0,英语文化视听(四),,第1节-第2节,,108060D
16.0,400070,英语口语交际(二)(20122-108070B-1),20122108070B51485,,3,,26,1-17周,0,英语外教B,1-17周 周三 第3节-第4节 仙Ⅱ-115,1.0,外国语学院,否,,周三,2012-2013-2,,20122108070B51485,2012外国语学院英语,0,仙林校区,2012-2013学年 第2学期,51485,仙Ⅱ-115,,否,,,,,,0,英语口语交际(二),12,第3节-第4节,仙II区,108070B
16.0,400070,英语口语交际(二)(20122-108070B-2),20122108070B51486,,3,,29,1-17周,0,英语外教B,1-17周 周三 第1节-第2节 仙Ⅱ-114,1.0,外国语学院,否,,周三,2012-2013-2,,20122108070B51486,2012外国语学院英语,0,仙林校区,2012-2013学年 第2学期,51486,仙Ⅱ-114,,否,,,,,,0,英语口语交际(二),12,第1节-第2节,仙II区,108070B
16.0,400070,英语口语交际(四)(20122-108070D-1),20122108070D51519,,3,,27,1-17周,0,英语外教B,1-17周 周二 第5节-第6节 仙Ⅰ-503,1.0,外国语学院,否,,周二,2012-2013-2,,20122108070D51519,2011外国语学院英语,0,仙林校区,2012-2013学年 第2学期,51519,仙Ⅰ-503,,否,,,,,,0,英语口语交际(四),11,第5节-第6节,仙I区,108070D
16.0,400070,英语口语交际(四)(20122-108070D-2),20122108070D51520,,3,,16,1-17周,0,英语外教C,1-17周 周二 第5节-第6节 仙Ⅰ-504,1.0,外国语学院,否,,周二,2012-2013-2,,20122108070D51520,2011外国语学院英语,0,仙林校区,2012-2013学年 第2学期,51520,仙Ⅰ-504,,否,,,,,,0,英语口语交际(四),11,第5节-第6节,仙I区,108070D
32.0,400070,翻译理论与实践(指选)(二)(20122-108090B-1),20122108090B51533,,3,,19,1-17周,0,柯平,1-17周 周五 第1节-第2节 仙Ⅰ-515,2.0,外国语学院,否,,周五,2012-2013-2,,20122108090B51533,2010外国语学院英语,0,仙林校区,2012-2013学年 第2学期,51533,仙Ⅰ-515,,否,,,,,,0,翻译理论与实践(指选)(二),11,第1节-第2节,仙I区,108090B
32.0,400070,翻译理论与实践(指选)(二)(20122-108090B-2),20122108090B51534,,3,,35,1-17周,0,蔡新乐,1-17周 周五 第3节-第4节 仙Ⅰ-515,2.0,外国语学院,否,,周五,2012-2013-2,,20122108090B51534,2010外国语学院英语,0,仙林校区,2012-2013学年 第2学期,51534,仙Ⅰ-515,,否,,,,,,0,翻译理论与实践(指选)(二),11,第3节-第4节,仙I区,108090B
32.0,400070,英汉口译(指选)(20122-108100-1),2012210810051535,,3,,33,1-17周,0,王文宇,1-17周 周二 第3节-第4节 仙Ⅰ-514,2.0,外国语学院,否,,周二,2012-2013-2,,2012210810051535,2010外国语学院英语,0,仙林校区,2012-2013学年 第2学期,51535,仙Ⅰ-514,,否,,,,,,0,英汉口译(指选),11,第3节-第4节,仙I区,108100
32.0,400070,英汉口译(指选)(20122-108100-2),2012210810051536,,3,,31,1-17周,0,任裕海,1-17周 周二 第3节-第4节 仙Ⅰ-515,2.0,外国语学院,否,,周二,2012-2013-2,,2012210810051536,2010外国语学院英语,0,仙林校区,2012-2013学年 第2学期,51536,仙Ⅰ-515,,否,,,,,,0,英汉口译(指选),11,第3节-第4节,仙I区,108100
16.0,400070,英语学术论文写作(指选)(二)(20122-108120B-1),20122108120B51543,,3,,22,1-17周,0,但汉松,1-17周 周三 第3节-第4节 仙Ⅰ-514,1.0,外国语学院,否,,周三,2012-2013-2,,20122108120B51543,2009外国语学院英语,0,仙林校区,2012-2013学年 第2学期,51543,仙Ⅰ-514,,否,,,,,,0,英语学术论文写作(指选)(二),11,第3节-第4节,仙I区,108120B
16.0,400070,英语学术论文写作(指选)(二)(20122-108120B-2),20122108120B51544,,3,,27,1-17周,0,周丹丹,1-17周 周三 第3节-第4节 仙Ⅰ-515,1.0,外国语学院,否,,周三,2012-2013-2,,20122108120B51544,2009外国语学院英语,0,仙林校区,2012-2013学年 第2学期,51544,仙Ⅰ-515,,否,,,,,,0,英语学术论文写作(指选)(二),11,第3节-第4节,仙I区,108120B
32.0,400070,英语测试(20122-108140-1),2012210814051521,,3,,56,1-17周,0,高前,1-17周 周三 第1节-第2节 ,2.0,外国语学院,否,,周三,2012-2013-2,,2012210814051521,2011外国语学院英语,0,仙林校区,2012-2013学年 第2学期,51521,仙1526,,否,,,,,,0,英语测试,,第1节-第2节,,108140
32.0,400070,英美戏剧研究(20122-108180-1),2012210818051537,,3,,11,1-17周,0,"朱雪峰,刘海平",1-17周 周三 第1节-第2节 仙Ⅰ-503,2.0,外国语学院,否,,周三,2012-2013-2,,2012210818051537,2010外国语学院英语,0,仙林校区,2012-2013学年 第2学期,51537,仙Ⅰ-503,,否,,,,,,0,英美戏剧研究,11,第1节-第2节,仙I区,108180
32.0,400070,语用学(20122-108250-1),2012210825051545,,3,,7,1-17周,0,陈新仁,1-17周 周四 第3节-第4节 逸A-212,2.0,外国语学院,否,,周四,2012-2013-2,,2012210825051545,2009外国语学院英语,0,仙林校区,2012-2013学年 第2学期,51545,逸A-212,,否,,,,,,0,语用学,15,第3节-第4节,逸夫楼A区,108250
32.0,400070,文学专题研究(一)(20122-108280A-1),20122108280A51408,,3,,17,1-17周,0,方红,1-17周 周四 第3节-第4节 仙Ⅰ-503,2.0,外国语学院,否,,周四,2012-2013-2,,20122108280A51408,2012外国语学院英语,0,仙林校区,2012-2013学年 第2学期,51408,仙Ⅰ-503,,否,,,,,,0,文学专题研究(一),11,第3节-第4节,仙I区,108280A
32.0,400070,文学专题研究(二)(20122-108280B-1),20122108280B51488,,3,,17,1-17周,0,范浩,1-17周 周四 第3节-第4节 仙Ⅰ-502,2.0,外国语学院,否,,周四,2012-2013-2,,20122108280B51488,2012外国语学院英语,0,仙林校区,2012-2013学年 第2学期,51488,仙Ⅰ-502,,否,,,,,,0,文学专题研究（二）——当代英语女性文学,11,第3节-第4节,仙I区,108280B
32.0,400070,文学专题研究(三)(20122-108280C-1),20122108280C51522,,3,,3,,0,,,2.0,外国语学院,否,,,2012-2013-2,,20122108280C51522,,0,仙林校区,2012-2013学年 第2学期,51522,,,否,,,,,,0,文学专题研究(三),,,,108280C
32.0,400070,文学专题研究(三)(20122-108280C-1),20122108280C51538,,3,,9,1-17周,0,方红,1-17周 周四 第1节-第2节 仙Ⅰ-507,2.0,外国语学院,否,,周四,2012-2013-2,,20122108280C51538,2010外国语学院英语,0,仙林校区,2012-2013学年 第2学期,51538,仙Ⅰ-507,,否,,,,,,0,文学专题研究(三),11,第1节-第2节,仙I区,108280C
32.0,400070,文化专题研究(一)(20122-108290A-1),20122108290A51539,,3,,8,1-17周,0,"英语外教D,俞希",1-17周 周五 第5节-第6节 仙Ⅰ-502,2.0,外国语学院,否,,周五,2012-2013-2,,20122108290A51539,2010外国语学院英语,0,仙林校区,2012-2013学年 第2学期,51539,仙Ⅰ-502,,否,,,,,,0,文化专题研究(一),11,第5节-第6节,仙I区,108290A
16.0,400070,语言学专题研究(一)(20122-108300A-1),20122108300A51489,,3,,19,1-17周,0,朱叶秋,1-17周 周五 第1节-第2节 仙Ⅰ-502,1.0,外国语学院,否,,周五,2012-2013-2,,20122108300A51489,2012外国语学院英语,0,仙林校区,2012-2013学年 第2学期,51489,仙Ⅰ-502,,否,,,,,,0,语言学专题研究(一),11,第1节-第2节,仙I区,108300A
32.0,400070,语言学专题研究(二)(20122-108300B-1),20122108300B51542,,3,,5,1-17周,0,王凌,1-17周 周二 第1节-第2节 仙Ⅰ-504,2.0,外国语学院,否,,周二,2012-2013-2,,20122108300B51542,2010外国语学院英语,0,仙林校区,2012-2013学年 第2学期,51542,仙Ⅰ-504,,否,,,,,,0,语言学专题研究(二),11,第1节-第2节,仙I区,108300B
32.0,400070,组织行为学(20122-108330-1),2012210833051523,,3,,36,1-17周,0,张宁军,1-17周 周四 第7节-第8节 仙Ⅰ-502,2.0,外国语学院,否,,周四,2012-2013-2,,2012210833051523,2011外国语学院英语,0,仙林校区,2012-2013学年 第2学期,51523,仙Ⅰ-502,,否,,,,,,0,组织行为学,11,第7节-第8节,仙I区,108330
32.0,400070,微观经济学(20122-108340-1),2012210834051524,,3,,43,1-17周,0,张捷,1-17周 周五 第7节-第8节 仙Ⅰ-507,2.0,外国语学院,否,,周五,2012-2013-2,,2012210834051524,2011外国语学院英语,0,仙林校区,2012-2013学年 第2学期,51524,仙Ⅰ-507,,否,,,,,,0,微观经济学,11,第7节-第8节,仙I区,108340
32.0,400070,国际贸易理论与政策(20122-108360-1),2012210836051540,,3,,39,1-17周,0,常晨,1-17周 周三 第3节-第4节 仙Ⅰ-513,2.0,外国语学院,否,,周三,2012-2013-2,,2012210836051540,2010外国语学院英语,0,仙林校区,2012-2013学年 第2学期,51540,仙Ⅰ-513,,否,,,,,,0,国际贸易理论与政策,11,第3节-第4节,仙I区,108360
32.0,400070,市场调查与分析(20122-108390-1),2012210839051541,,3,,38,1-17周,0,张宁军,1-17周 周四 第5节-第6节 仙Ⅰ-502,2.0,外国语学院,否,,周四,2012-2013-2,,2012210839051541,2010外国语学院英语,0,仙林校区,2012-2013学年 第2学期,51541,仙Ⅰ-502,,否,,,,,,0,市场调查与分析,11,第5节-第6节,仙I区,108390
16.0,400070,基础口语(二)(20122-108450B-1),20122108450B51552,,3,,14,1-17周,0,阿列克谢·扎采平,1-17周 周五 第3节-第4节 仙Ⅰ-505,1.0,外国语学院,否,,周五,2012-2013-2,,20122108450B51552,2012外国语学院俄语,0,仙林校区,2012-2013学年 第2学期,51552,仙Ⅰ-505,,否,,,,,,0,基础口语(二),11,第3节-第4节,仙I区,108450B
16.0,400070,基础口语(四)(20122-108450D-1),20122108450D51560,,3,,16,1-17周,0,阿列克谢·扎采平,1-17周 周五 第1节-第2节 仙Ⅰ-505,1.0,外国语学院,否,,周五,2012-2013-2,,20122108450D51560,2011外国语学院俄语,0,仙林校区,2012-2013学年 第2学期,51560,仙Ⅰ-505,,否,,,,,,0,基础口语(四),11,第1节-第2节,仙I区,108450D
16.0,400070,基础视听说(三)(20122-108460C-1),20122108460C51562,,3,,17,1-17周,0,孙飞燕,1-17周 周三 第3节-第4节 ,1.0,外国语学院,否,,周三,2012-2013-2,,20122108460C51562,2011外国语学院俄语,0,仙林校区,2012-2013学年 第2学期,51562,仙1528,,否,,,,,,0,基础视听说(三),,第3节-第4节,,108460C
16.0,400070,中级口语(二)(20122-108470B-1),20122108470B51579,,3,,12,1-17周,0,阿列克谢·扎采平,1-17周 周一 第1节-第2节 仙Ⅰ-506,1.0,外国语学院,否,,周一,2012-2013-2,,20122108470B51579,2010外国语学院俄语,0,仙林校区,2012-2013学年 第2学期,51579,仙Ⅰ-506,,否,,,,,,0,中级口语(二),11,第1节-第2节,仙I区,108470B
16.0,400070,中级视听说(二)(20122-108480B-1),20122108480B51581,,3,,11,1-17周,0,阿列克谢·扎采平,1-17周 周一 第5节-第6节 仙Ⅰ-506,1.0,外国语学院,否,,周一,2012-2013-2,,20122108480B51581,2010外国语学院俄语,0,仙林校区,2012-2013学年 第2学期,51581,仙Ⅰ-506,,否,,,,,,0,中级视听说(二),11,第5节-第6节,仙I区,108480B
16.0,400070,高级口语(二)(20122-108510B-1),20122108510B51590,,3,,16,1-17周,0,阿列克谢·扎采平,1-17周 周一 第3节-第4节 仙Ⅰ-506,1.0,外国语学院,否,,周一,2012-2013-2,,20122108510B51590,2009外国语学院俄语,0,仙林校区,2012-2013学年 第2学期,51590,仙Ⅰ-506,,否,,,,,,0,高级口语(二),11,第3节-第4节,仙I区,108510B
16.0,400070,高级阅读(二)(20122-108520B-1),20122108520B51593,,3,,16,1-17周,0,伊琳娜·普里奥罗娃,1-17周 周三 第1节-第2节 仙Ⅱ-101,1.0,外国语学院,否,,周三,2012-2013-2,,20122108520B51593,2009外国语学院俄语,0,仙林校区,2012-2013学年 第2学期,51593,仙Ⅱ-101,,否,,,,,,0,高级阅读(二),12,第1节-第2节,仙II区,108520B
16.0,400070,十九世纪俄罗斯文学选读(20122-108550-1),2012210855051594,,3,,16,1-17周,0,王加兴,1-17周 周五 第3节-第4节 仙Ⅱ-111,1.0,外国语学院,否,,周五,2012-2013-2,,2012210855051594,2009外国语学院俄语,0,仙林校区,2012-2013学年 第2学期,51594,仙Ⅱ-111,,否,,,,,,0,十九世纪俄罗斯文学选读,12,第3节-第4节,仙II区,108550
16.0,400070,毕业论文写作(20122-108590-1),2012210859051596,,3,,16,1-17周,0,张俊翔,1-17周 周四 第1节-第2节 仙Ⅱ-115,1.0,外国语学院,否,,周四,2012-2013-2,,2012210859051596,2009外国语学院俄语,0,仙林校区,2012-2013学年 第2学期,51596,仙Ⅱ-115,,否,,,,,,0,毕业论文写作,12,第1节-第2节,仙II区,108590
32.0,400070,日语听说(二)(20122-108600B-1),20122108600B51602,,3,,20,"1-17周,1-17周",0,何慈毅,"1-17周 周三 第3节-第4节 仙Ⅰ-506,1-17周 周五 第3节-第4节 仙Ⅰ-506",2.0,外国语学院,否,,"周三,周五",2012-2013-2,,20122108600B51602,2012外国语学院日语,0,仙林校区,2012-2013学年 第2学期,51602,"仙Ⅰ-506,仙Ⅰ-506",,否,,,,,,0,日语听说(二),11,"第3节-第4节,第3节-第4节",仙I区,108600B
32.0,400070,日语听说(四)(20122-108600D-1),20122108600D51616,,3,,21,"1-17周,1-17周",0,王奕红,"1-17周 周一 第1节-第2节 仙Ⅰ-510,1-17周 周三 第3节-第4节 仙Ⅱ-216",2.0,外国语学院,否,,"周一,周三",2012-2013-2,,20122108600D51616,2011外国语学院日语,0,仙林校区,2012-2013学年 第2学期,51616,"仙Ⅰ-510,仙Ⅱ-216",,否,,,,,,0,日语听说(四),"11,12","第1节-第2节,第3节-第4节","仙I区, 仙II区",108600D
16.0,400070,日语听说(六)(20122-108600F-1),20122108600F51631,,3,,21,1-17周,0,李斌,1-17周 周一 第1节-第2节 ,1.0,外国语学院,否,,周一,2012-2013-2,,20122108600F51631,2010外国语学院日语,0,仙林校区,2012-2013学年 第2学期,51631,仙1528,,否,,,,,,0,日语听说(六),,第1节-第2节,,108600F
16.0,400070,日语会话(二)(20122-108610B-1),20122108610B51618,,3,,21,1-17周,0,沈琳,1-17周 周四 第3节-第4节 仙Ⅱ-116,1.0,外国语学院,否,,周四,2012-2013-2,,20122108610B51618,2011外国语学院日语,0,仙林校区,2012-2013学年 第2学期,51618,仙Ⅱ-116,,否,,,,,,0,日语会话(二),12,第3节-第4节,仙II区,108610B
16.0,400070,日语语法(二)(20122-108620B-1),20122108620B51633,,3,,18,1-17周,0,汪丽影,1-17周 周三 第3节-第4节 仙Ⅰ-509,1.0,外国语学院,否,,周三,2012-2013-2,,20122108620B51633,2010外国语学院日语,0,仙林校区,2012-2013学年 第2学期,51633,仙Ⅰ-509,,否,,,,,,0,日语语法(二),11,第3节-第4节,仙I区,108620B
16.0,400070,日语口译(二)(20122-108630B-1),20122108630B51634,,3,,19,1-17周,0,赵仲明,1-17周 周二 第5节-第6节 ,1.0,外国语学院,否,,周二,2012-2013-2,,20122108630B51634,2010外国语学院日语,0,仙林校区,2012-2013学年 第2学期,51634,侨裕楼303,,否,,,,,,0,日语口译(二),,第5节-第6节,,108630B
16.0,400070,经贸日语(20122-108650-1),2012210865051635,,3,,19,1-17周,0,雷国山,1-17周 周五 第1节-第2节 仙Ⅰ-504,1.0,外国语学院,否,,周五,2012-2013-2,,2012210865051635,2010外国语学院日语,0,仙林校区,2012-2013学年 第2学期,51635,仙Ⅰ-504,,否,,,,,,0,经贸日语,11,第1节-第2节,仙I区,108650
16.0,400070,同声传译(二)(20122-108660B-1),20122108660B51643,,3,,18,1-17周,0,赵仲明,1-17周 周二 第7节-第8节 ,1.0,外国语学院,否,,周二,2012-2013-2,,20122108660B51643,2009外国语学院日语,0,仙林校区,2012-2013学年 第2学期,51643,侨裕楼303,,否,,,,,,0,同声传译(二),,第7节-第8节,,108660B
16.0,400070,文学翻译(二)(20122-108670B-1),20122108670B51646,,3,,18,1-17周,0,汪平,1-17周 周三 第3节-第4节 仙Ⅱ-217,1.0,外国语学院,否,,周三,2012-2013-2,,20122108670B51646,2009外国语学院日语,0,仙林校区,2012-2013学年 第2学期,51646,仙Ⅱ-217,,否,,,,,,0,文学翻译(二),12,第3节-第4节,仙II区,108670B
16.0,400070,初级口语(二)(20122-108710B-1),20122108710B51655,,3,,24,1-17周,0,Nicolas Monbertrand,1-17周 周四 第3节-第4节 仙Ⅱ-216,1.0,外国语学院,否,,周四,2012-2013-2,,20122108710B51655,2012外国语学院法语,0,仙林校区,2012-2013学年 第2学期,51655,仙Ⅱ-216,,否,,,,,,0,初级口语(二),12,第3节-第4节,仙II区,108710B
16.0,400070,中级口语(二)(20122-108720B-1),20122108720B51661,,3,,30,1-17周,0,Nicolas Monbertrand,1-17周 周三 第3节-第4节 仙Ⅱ-301,1.0,外国语学院,否,,周三,2012-2013-2,,20122108720B51661,2011外国语学院法语,0,仙林校区,2012-2013学年 第2学期,51661,仙Ⅱ-301,,否,,,,,,0,中级口语(二),12,第3节-第4节,仙II区,108720B
16.0,400070,法国概况(二)(20122-108730B-1),20122108730B51662,,3,,31,1-17周,0,张晓明,1-17周 周一 第7节-第8节 仙Ⅰ-508,1.0,外国语学院,否,,周一,2012-2013-2,,20122108730B51662,2011外国语学院法语,0,仙林校区,2012-2013学年 第2学期,51662,仙Ⅰ-508,,否,,,,,,0,法国概况(二),11,第7节-第8节,仙I区,108730B
16.0,400070,高级视听(二)(20122-108740B-1),20122108740B51667,,3,,26,1-17周,0,Aleksi Lectez,1-17周 周一 第3节-第4节 ,1.0,外国语学院,否,,周一,2012-2013-2,,20122108740B51667,2010外国语学院法语,0,仙林校区,2012-2013学年 第2学期,51667,仙1527,,否,,,,,,0,高级视听(二),,第3节-第4节,,108740B
16.0,400070,初级口译(二)(20122-108750B-1),20122108750B51670,,3,,28,1-17周,0,张晓明,1-17周 周一 第5节-第6节 仙Ⅰ-508,1.0,外国语学院,否,,周一,2012-2013-2,,20122108750B51670,2010外国语学院法语,0,仙林校区,2012-2013学年 第2学期,51670,仙Ⅰ-508,,否,,,,,,0,初级口译(二),11,第5节-第6节,仙I区,108750B
16.0,400070,翻译理论与实践(法译汉)(二)(20122-108770B-1),20122108770B51673,,3,,26,1-17周,0,曹丹红,1-17周 周四 第1节-第2节 仙Ⅰ-508,1.0,外国语学院,否,,周四,2012-2013-2,,20122108770B51673,2010外国语学院法语,0,仙林校区,2012-2013学年 第2学期,51673,仙Ⅰ-508,,否,,,,,,0,翻译理论与实践(法译汉)(二),11,第1节-第2节,仙I区,108770B
16.0,400070,高级口译(二)(20122-108790B-1),20122108790B51680,,3,,27,1-17周,0,张晓明,1-17周 周三 第3节-第4节 仙Ⅱ-102,1.0,外国语学院,否,,周三,2012-2013-2,,20122108790B51680,2009外国语学院法语,0,仙林校区,2012-2013学年 第2学期,51680,仙Ⅱ-102,,否,,,,,,0,高级口译(二),12,第3节-第4节,仙II区,108790B
16.0,400070,高级写作(二)(20122-108800B-1),20122108800B51682,,3,,27,1-17周,0,Nicolas Monbertrand,1-17周 周四 第1节-第2节 仙Ⅱ-102,1.0,外国语学院,否,,周四,2012-2013-2,,20122108800B51682,2009外国语学院法语,0,仙林校区,2012-2013学年 第2学期,51682,仙Ⅱ-102,,否,,,,,,0,高级写作(二),12,第1节-第2节,仙II区,108800B
16.0,400070,法国经济(二)(20122-108810B-1),20122108810B51685,,3,,27,1-17周,0,王晶,1-17周 周三 第5节-第6节 仙Ⅰ-508,1.0,外国语学院,否,,周三,2012-2013-2,,20122108810B51685,2009外国语学院法语,0,仙林校区,2012-2013学年 第2学期,51685,仙Ⅰ-508,,否,,,,,,0,法国经济(二),11,第5节-第6节,仙I区,108810B
48.0,400070,论文写作(20122-108820-1),2012210882051687,,3,,27,"1-17周,1-17周",0,张新木,"1-17周 周二 第1节-第2节 仙Ⅰ-507,1-17周 周四 第3节-第4节 仙Ⅰ-507",3.0,外国语学院,否,,"周四,周二",2012-2013-2,,2012210882051687,2009外国语学院法语,0,仙林校区,2012-2013学年 第2学期,51687,"仙Ⅰ-507,仙Ⅰ-507",,否,,,,,,0,论文写作,11,"第3节-第4节,第1节-第2节",仙I区,108820
16.0,400070,报刊选读(二)(20122-108830B-1),20122108830B51674,,3,,25,1-17周,0,曹丹红,1-17周 周五 第3节-第4节 仙Ⅰ-508,1.0,外国语学院,否,,周五,2012-2013-2,,20122108830B51674,2010外国语学院法语,0,仙林校区,2012-2013学年 第2学期,51674,仙Ⅰ-508,,否,,,,,,0,报刊选读(二),11,第3节-第4节,仙I区,108830B
16.0,400070,法国文学史(二)(20122-108860B-1),20122108860B51675,,3,,26,1-17周,0,刘成富,1-17周 周三 第3节-第4节 仙Ⅰ-508,1.0,外国语学院,否,,周三,2012-2013-2,,20122108860B51675,2010外国语学院法语,0,仙林校区,2012-2013学年 第2学期,51675,仙Ⅰ-508,,否,,,,,,0,法国文学史(二),11,第3节-第4节,仙I区,108860B
16.0,400070,法语专题讲座与专业活动(二)(20122-108890B-1),20122108890B51691,,3,,23,1-17周,0,"Aleksi Lectez,Nicolas Monbertrand",1-17周 周二 第5节-第6节 仙Ⅰ-508,1.0,外国语学院,否,,周二,2012-2013-2,,20122108890B51691,2009外国语学院法语,0,仙林校区,2012-2013学年 第2学期,51691,仙Ⅰ-508,,否,,,,,,0,法语专题讲座与专业活动(二),11,第5节-第6节,仙I区,108890B
16.0,400070,外教口语(一)(20122-108900A-1),20122108900A51700,,3,,28,1-17周,0,Leonie Roesgen,1-17周 周一 第5节-第6节 仙Ⅰ-514,1.0,外国语学院,否,,周一,2012-2013-2,,20122108900A51700,2012外国语学院德语,0,仙林校区,2012-2013学年 第2学期,51700,仙Ⅰ-514,,否,,,,,,0,外教口语(一),11,第5节-第6节,仙I区,108900A
32.0,400070,初级视听说(二)(20122-108910B-1),20122108910B51701,,3,,27,"1-17周,1-17周",0,李双志,"1-17周 周三 第1节-第2节 仙Ⅰ-514,1-17周 周四 第3节-第4节 仙Ⅰ-514",2.0,外国语学院,否,,"周三,周四",2012-2013-2,,20122108910B51701,2012外国语学院德语,0,仙林校区,2012-2013学年 第2学期,51701,"仙Ⅰ-514,仙Ⅰ-514",,否,,,,,,0,初级视听说(二),11,"第1节-第2节,第3节-第4节",仙I区,108910B
16.0,400070,中级视听说(二)(20122-108920B-1),20122108920B51709,,3,,23,1-17周,0,常玲玲,1-17周 周一 第5节-第6节 ,1.0,外国语学院,否,,周一,2012-2013-2,,20122108920B51709,2011外国语学院德语,0,仙林校区,2012-2013学年 第2学期,51709,仙1528,,否,,,,,,0,中级视听说(二),,第5节-第6节,,108920B
32.0,400070,报刊选读(20122-108940-1),2012210894051719,,3,,23,1-17周,0,Dudzik,1-17周 周二 第1节-第2节 仙Ⅰ-515,2.0,外国语学院,否,,周二,2012-2013-2,,2012210894051719,2010外国语学院德语,0,仙林校区,2012-2013学年 第2学期,51719,仙Ⅰ-515,,否,,,,,,0,报刊选读,11,第1节-第2节,仙I区,108940
16.0,400070,德语文学史(一)(20122-109010A-1),20122109010A51728,,3,,31,1-17周,0,李双志,1-17周 周三 第3节-第4节 逸B-201,1.0,外国语学院,否,,周三,2012-2013-2,,20122109010A51728,2010外国语学院德语,0,仙林校区,2012-2013学年 第2学期,51728,逸B-201,,否,,,,,,0,德语文学史(一),16,第3节-第4节,逸夫楼B区,109010A
32.0,400070,德语文学经典选读(一)(20122-109020A-1),20122109020A51729,,3,,26,1-17周,0,李双志,1-17周 周四 第1节-第2节 仙Ⅰ-514,2.0,外国语学院,否,,周四,2012-2013-2,,20122109020A51729,2010外国语学院德语,0,仙林校区,2012-2013学年 第2学期,51729,仙Ⅰ-514,,否,,,,,,0,德语文学经典选读(一),11,第1节-第2节,仙I区,109020A
32.0,400070,德语口译(二)(20122-109040B-1),20122109040B51740,,3,,22,1-17周,0,钦文,1-17周 周二 第1节-第2节 逸B-209,2.0,外国语学院,否,,周二,2012-2013-2,,20122109040B51740,2009外国语学院德语,0,仙林校区,2012-2013学年 第2学期,51740,逸B-209,,否,,,,,,0,德语口译(二),16,第1节-第2节,逸夫楼B区,109040B
32.0,400070,翻译理论与实践(德译中)(二)(20122-109050B-1),20122109050B51730,,3,,31,1-17周,0,印芝虹,1-17周 周三 第5节-第6节 仙Ⅰ-515,2.0,外国语学院,否,,周三,2012-2013-2,,20122109050B51730,2010外国语学院德语,0,仙林校区,2012-2013学年 第2学期,51730,仙Ⅰ-515,,否,,,,,,0,翻译理论与实践(德译中)(二),11,第5节-第6节,仙I区,109050B
32.0,400070,翻译理论与实践(中译德)(二)(20122-109060B-1),20122109060B51743,,3,,22,1-17周,0,印芝虹,1-17周 周三 第7节-第8节 仙Ⅰ-515,2.0,外国语学院,否,,周三,2012-2013-2,,20122109060B51743,2009外国语学院德语,0,仙林校区,2012-2013学年 第2学期,51743,仙Ⅰ-515,,否,,,,,,0,翻译理论与实践(中译德)(二),11,第7节-第8节,仙I区,109060B
32.0,400070,口语(20122-109080-1),2012210908051760,,3,,22,1-17周,0,谭薇,1-17周 周四 第3节-第4节 ,2.0,外国语学院,否,,周四,2012-2013-2,,2012210908051760,2012外国语学院西班牙语,0,仙林校区,2012-2013学年 第2学期,51760,仙1526,,否,,,,,,0,口语,,第3节-第4节,,109080
32.0,400070,西班牙电影赏析(20122-109090-1),2012210909051805,,3,,25,1-17周,0,Tania Parrilla,1-17周 周三 第1节-第2节 逸B-210,2.0,外国语学院,否,,周三,2012-2013-2,,2012210909051805,2009外国语学院西班牙语,0,仙林校区,2012-2013学年 第2学期,51805,逸B-210,,否,,,,,,0,西班牙电影赏析,16,第1节-第2节,逸夫楼B区,109090
32.0,400070,拉丁美洲电影赏析(20122-109100-1),2012210910051807,,3,,24,1-17周,0,Juan Carlos Moreno-Arrones,1-17周 周三 第3节-第4节 逸B-210,2.0,外国语学院,否,,周三,2012-2013-2,,2012210910051807,2009外国语学院西班牙语,0,仙林校区,2012-2013学年 第2学期,51807,逸B-210,,否,,,,,,0,拉丁美洲电影赏析,16,第3节-第4节,逸夫楼B区,109100
32.0,400070,商务西班牙语(20122-109110-1),2012210911051785,,3,,22,1-17周,0,顾红娟,1-17周 周三 第3节-第4节 仙Ⅰ-507,2.0,外国语学院,否,,周三,2012-2013-2,,2012210911051785,2010外国语学院西班牙语,0,仙林校区,2012-2013学年 第2学期,51785,仙Ⅰ-507,,否,,,,,,0,商务西班牙语,11,第3节-第4节,仙I区,109110
32.0,400070,拉丁美洲文学史(20122-109130-1),2012210913051787,,3,,22,1-17周,0,Juan Carlos Moreno-Arrones,1-17周 周三 第1节-第2节 仙Ⅱ-102,2.0,外国语学院,否,,周三,2012-2013-2,,2012210913051787,2010外国语学院西班牙语,0,仙林校区,2012-2013学年 第2学期,51787,仙Ⅱ-102,,否,,,,,,0,拉丁美洲文学史,12,第1节-第2节,仙II区,109130
32.0,400070,笔译(二)(20122-109140B-1),20122109140B51791,,3,,24,1-17周,0,张伟劼,1-17周 周一 第1节-第2节 仙Ⅰ-512,2.0,外国语学院,否,,周一,2012-2013-2,,20122109140B51791,2010外国语学院西班牙语,0,仙林校区,2012-2013学年 第2学期,51791,仙Ⅰ-512,,否,,,,,,0,笔译(二),11,第1节-第2节,仙I区,109140B
32.0,400070,口译(一)(20122-109170A-1),20122109170A51792,,3,,22,1-17周,0,李静,1-17周 周四 第3节-第4节 仙Ⅰ-511,2.0,外国语学院,否,,周四,2012-2013-2,,20122109170A51792,2010外国语学院西班牙语,0,仙林校区,2012-2013学年 第2学期,51792,仙Ⅰ-511,,否,,,,,,0,口译(一),11,第3节-第4节,仙I区,109170A
32.0,400070,口译(三)(20122-109170C-1),20122109170C51809,,3,,25,1-17周,0,顾红娟,1-17周 周二 第1节-第2节 ,2.0,外国语学院,否,,周二,2012-2013-2,,20122109170C51809,2009外国语学院西班牙语,0,仙林校区,2012-2013学年 第2学期,51809,仙1527,,否,,,,,,0,口译(三),,第1节-第2节,,109170C
32.0,400070,论文写作研讨(20122-109190-1),2012210919051812,,3,,25,1-17周,0,顾红娟,1-17周 周二 第3节-第4节 ,2.0,外国语学院,否,,周二,2012-2013-2,,2012210919051812,2009外国语学院西班牙语,0,仙林校区,2012-2013学年 第2学期,51812,仙1527,,否,,,,,,0,论文写作研讨,,第3节-第4节,,109190
16.0,400070,西班牙语专题讲座与专业活动(二)(20122-109200B-1),20122109200B51813,,3,,25,1-17周,0,宋尽冬,1-17周 周一 第3节-第4节 仙Ⅰ-515,1.0,外国语学院,否,,周一,2012-2013-2,,20122109200B51813,2009外国语学院西班牙语,0,仙林校区,2012-2013学年 第2学期,51813,仙Ⅰ-515,,否,,,,,,0,西班牙语专题讲座与专业活动(二),11,第3节-第4节,仙I区,109200B
32.0,400070,西班牙语语法(20122-109210-1),2012210921051775,,3,,24,1-17周,0,宋尽冬,1-17周 周一 第5节-第6节 仙Ⅰ-515,2.0,外国语学院,否,,周一,2012-2013-2,,2012210921051775,2011外国语学院西班牙语,0,仙林校区,2012-2013学年 第2学期,51775,仙Ⅰ-515,,否,,,,,,0,西班牙语语法,11,第5节-第6节,仙I区,109210
32.0,400070,中朝[韩]双语翻译实践(二)(20122-109220B-1),20122109220B51827,,3,,16,1-17周,0,吴玉梅,1-17周 周三 第3节-第4节 仙Ⅰ-511,2.0,外国语学院,否,,周三,2012-2013-2,,20122109220B51827,2010外国语学院朝鲜语,0,仙林校区,2012-2013学年 第2学期,51827,仙Ⅰ-511,,否,,,,,,0,中朝[韩]双语翻译实践(二),11,第3节-第4节,仙I区,109220B
32.0,400070,交接/同声口译实践(二)(20122-109250B-1),20122109250B51829,,3,,17,1-17周,0,吴玉梅,1-17周 周三 第1节-第2节 仙Ⅰ-511,2.0,外国语学院,否,,周三,2012-2013-2,,20122109250B51829,2009外国语学院朝鲜语,0,仙林校区,2012-2013学年 第2学期,51829,仙Ⅰ-511,,否,,,,,,0,交接/同声口译实践(二),11,第1节-第2节,仙I区,109250B
32.0,400070,朝鲜[韩]最新报刊选读(20122-109260-1),2012210926051830,,3,,18,1-17周,0,崔昌竻,1-17周 周一 第5节-第6节 仙Ⅰ-509,2.0,外国语学院,否,,周一,2012-2013-2,,2012210926051830,2009外国语学院朝鲜语,0,仙林校区,2012-2013学年 第2学期,51830,仙Ⅰ-509,,否,,,,,,0,朝鲜[韩]最新报刊选读,11,第5节-第6节,仙I区,109260
32.0,400070,当代朝鲜[韩]社会文化(20122-109270-1),2012210927051831,,3,,18,1-17周,0,尹海燕,1-17周 周二 第5节-第6节 仙Ⅰ-510,2.0,外国语学院,否,,周二,2012-2013-2,,2012210927051831,2009外国语学院朝鲜语,0,仙林校区,2012-2013学年 第2学期,51831,仙Ⅰ-510,,否,,,,,,0,当代朝鲜[韩]社会文化,11,第5节-第6节,仙I区,109270
32.0,400070,论文写作指导(20122-109340-1),2012210934051832,,3,,17,1-17周,0,李锦花,1-17周 周四 第5节-第6节 仙Ⅰ-511,2.0,外国语学院,否,,周四,2012-2013-2,,2012210934051832,2009外国语学院朝鲜语,0,仙林校区,2012-2013学年 第2学期,51832,仙Ⅰ-511,,否,,,,,,0,论文写作指导,11,第5节-第6节,仙I区,109340
32.0,400070,现当代英美小说(20122-109410-1),2012210941051546,,3,,4,1-17周,0,何宁,1-17周 周二 第3节-第4节 ,2.0,外国语学院,否,,周二,2012-2013-2,,2012210941051546,2009外国语学院英语,0,仙林校区,2012-2013学年 第2学期,51546,侨裕楼427,,否,,,,,,0,现当代英美小说,,第3节-第4节,,109410
64.0,400110,Visual C++ 程序设计II (20122-110000B-1),20122110000B52812,,3,,167,"1-17周,1-17周,1-17周",0,邵荣,"1-17周 周一 第3节-第4节 逸B-101,1-17周 周一 第5节-第8节 ,1-17周 周四 第3节-第4节 逸A-117",4.0,数学学院,否,,"周一,周一,周四",2012-2013-2,,20122110000B52812,2012数学学院数学类,0,仙林校区,2012-2013学年 第2学期,52812,"逸B-101,机房,逸A-117",,否,,,,,,0,Visual C++ 程序设计II ,"15,16","第3节-第4节,第5节-第8节,第3节-第4节","逸夫楼A区, 逸夫楼B区",110000B
80.0,400110,数学分析(20122-110010B-1),20122110010B52813,,3,,110,"1-17周,1-17周",0,张高飞,"1-17周 周五 第1节-第4节 仙Ⅱ-503,1-17周 周二 第3节-第4节 仙Ⅱ-406",5.0,数学学院,否,,"周二,周五",2012-2013-2,,20122110010B52813,2012数学学院数学类,0,仙林校区,2012-2013学年 第2学期,52813,"仙Ⅱ-406,仙Ⅱ-503",,否,,,,,,0,数学分析,12,"第3节-第4节,第1节-第4节",仙II区,110010B
80.0,400110,数学分析(20122-110010B-2),20122110010B52814,,3,,86,"1-17周,1-17周",0,梅加强,"1-17周 周五 第1节-第4节 仙Ⅱ-504,1-17周 周二 第3节-第4节 逸B-104",5.0,数学学院,否,,"周二,周五",2012-2013-2,,20122110010B52814,2012数学学院数学类,0,仙林校区,2012-2013学年 第2学期,52814,"逸B-104,仙Ⅱ-504",,否,,,,,,0,数学分析,"12,16","第3节-第4节,第1节-第4节","仙II区, 逸夫楼B区",110010B
64.0,400110,高等代数(20122-110020B-1),20122110020B52815,,3,,107,"1-17周(单),1-17周,1-17周",0,纪庆忠,"1-17周 周三 第1节-第2节 仙Ⅱ-406,1-17周 周三 第3节-第4节 仙Ⅱ-406,1-17周(单) 周一 第1节-第2节 仙Ⅱ-406",4.0,数学学院,否,,"周一,周三,周三",2012-2013-2,,20122110020B52815,2012数学学院数学类,0,仙林校区,2012-2013学年 第2学期,52815,"仙Ⅱ-406,仙Ⅱ-406,仙Ⅱ-406",,否,,,,,,0,高等代数,12,"第1节-第2节,第1节-第2节,第3节-第4节",仙II区,110020B
64.0,400110,高等代数(20122-110020B-2),20122110020B52816,,3,,79,"1-17周(单),1-17周,1-17周",0,刘公祥,"1-17周 周三 第1节-第2节 仙Ⅱ-505,1-17周 周三 第3节-第4节 仙Ⅱ-505,1-17周(单) 周一 第1节-第2节 仙Ⅱ-505",4.0,数学学院,否,,"周一,周三,周三",2012-2013-2,,20122110020B52816,2012数学学院数学类,0,仙林校区,2012-2013学年 第2学期,52816,"仙Ⅱ-505,仙Ⅱ-505,仙Ⅱ-505",,否,,,,,,0,高等代数,12,"第1节-第2节,第1节-第2节,第3节-第4节",仙II区,110020B
48.0,400110,近世代数(20122-110050-1),2012211005052817,,3,,183,"1-17周(单),1-17周",0,孙智伟,"1-17周(单) 周二 第1节-第2节 仙Ⅰ-206,1-17周 周四 第3节-第4节 仙Ⅰ-207",3.0,数学学院,否,,"周二,周四",2012-2013-2,,2012211005052817,2011数学学院数学类,0,仙林校区,2012-2013学年 第2学期,52817,"仙Ⅰ-206,仙Ⅰ-207",,否,,,,,,0,近世代数,11,"第1节-第2节,第3节-第4节",仙I区,110050
48.0,400110,复变函数(20122-110060-1),2012211006052818,,3,,204,"2-18周(双),1-17周",0,廖良文,"2-18周(双) 周一 第1节-第2节 仙Ⅰ-207,1-17周 周三 第3节-第4节 仙Ⅰ-319",3.0,数学学院,否,,"周一,周三",2012-2013-2,,2012211006052818,2011数学学院数学类,0,仙林校区,2012-2013学年 第2学期,52818,"仙Ⅰ-207,仙Ⅰ-319",,否,,,,,,0,复变函数,11,"第1节-第2节,第3节-第4节",仙I区,110060
64.0,400110,数值计算与试验I(20122-110080-1),2012211008052821,,3,,66,"1-17周,1-17周,1-17周",0,吴新元,"1-17周 周一 第3节-第4节 仙Ⅱ-523,1-17周 周三 第5节-第6节 仙Ⅱ-523,1-17周 周一 第5节-第6节 ",4.0,数学学院,否,,"周一,周一,周三",2012-2013-2,,2012211008052821,"2010地球科学与工程学院地质学（地球物理学方向）,2011数学学院数学类",0,仙林校区,2012-2013学年 第2学期,52821,"仙Ⅱ-523,综合实验楼丙区504,仙Ⅱ-523",,否,,,,,,0,数值计算与试验I,12,"第3节-第4节,第5节-第6节,第5节-第6节",仙II区,110080
64.0,400110,数值计算与试验I(20122-110080-2),2012211008052822,,3,,98,"1-17周,1-17周,1-17周",0,邓卫兵,"1-17周 周五 第3节-第4节 仙Ⅱ-505,1-17周 周五 第5节-第6节 ,1-17周 周三 第5节-第6节 仙Ⅱ-405",4.0,数学学院,否,,"周三,周五,周五",2012-2013-2,,2012211008052822,"2010地球科学与工程学院地质学（地球物理学方向）,2011数学学院数学类",0,仙林校区,2012-2013学年 第2学期,52822,"仙Ⅱ-405,仙Ⅱ-505,综合实验楼丙区504",,否,,,,,,0,数值计算与试验I,12,"第5节-第6节,第3节-第4节,第5节-第6节",仙II区,110080
64.0,400110,概率论基础(20122-110090-1),2012211009052819,,3,,98,"1-17周,1-17周",0,赵进,"1-17周 周二 第3节-第4节 仙Ⅱ-305,1-17周 周四 第5节-第6节 仙Ⅱ-503",4.0,数学学院,否,,"周二,周四",2012-2013-2,,2012211009052819,2011数学学院数学类,0,仙林校区,2012-2013学年 第2学期,52819,"仙Ⅱ-305,仙Ⅱ-503",,否,,,,,,0,概率论基础,12,"第3节-第4节,第5节-第6节",仙II区,110090
64.0,400110,概率论基础(20122-110090-2),2012211009052820,,3,,78,"1-17周,1-17周",0,代雄平,"1-17周 周二 第3节-第4节 仙Ⅱ-404,1-17周 周四 第5节-第6节 仙Ⅱ-406",4.0,数学学院,否,,"周二,周四",2012-2013-2,,2012211009052820,2011数学学院数学类,0,仙林校区,2012-2013学年 第2学期,52820,"仙Ⅱ-404,仙Ⅱ-406",,否,,,,,,0,概率论基础,12,"第3节-第4节,第5节-第6节",仙II区,110090
80.0,400110,毕业论文(20122-110110-1),2012211011052834,,1,,118,,0,,,5.0,数学学院,否,,,2012-2013-2,,2012211011052834,"2009数学学院数学与应用数学,2009数学学院应用模块,2009数学学院统计学,2009数学学院信息与计算科学",0,鼓楼校区,2012-2013学年 第2学期,52834,,,否,,,,,,0,毕业论文,,,,110110
80.0,400110,高等数学(20122-110120B-1),20122110120B51055,,3,,84,"1-17周,1-17周,1-17周",0,邱华,"1-17周 周三 第1节-第2节 仙Ⅱ-405,1-17周 周一 第5节-第6节 仙Ⅱ-304,1-17周 周三 第3节-第4节 仙Ⅱ-405",5.0,数学学院,否,,"周三,周三,周一",2012-2013-2,,20122110120B51055,,0,仙林校区,2012-2013学年 第2学期,51055,"仙Ⅱ-405,仙Ⅱ-405,仙Ⅱ-304",,否,,,,,,0,高等数学,12,"第1节-第2节,第3节-第4节,第5节-第6节",仙II区,110120B
80.0,400110,高等数学(20122-110120B-2),20122110120B51056,,3,,102,"1-17周,1-17周,1-17周",0,范红军,"1-17周 周三 第1节-第2节 仙Ⅱ-504,1-17周 周一 第5节-第6节 仙Ⅱ-504,1-17周 周三 第3节-第4节 仙Ⅱ-504",5.0,数学学院,否,,"周三,周三,周一",2012-2013-2,,20122110120B51056,,0,仙林校区,2012-2013学年 第2学期,51056,"仙Ⅱ-504,仙Ⅱ-504,仙Ⅱ-504",,否,,,,,,0,高等数学,12,"第1节-第2节,第3节-第4节,第5节-第6节",仙II区,110120B
80.0,400110,高等数学(20122-110120B-3),20122110120B51057,,3,,99,"1-17周,1-17周,1-17周",0,江惠坤,"1-17周 周五 第1节-第2节 逸B-104,1-17周 周三 第7节-第8节 仙Ⅱ-306,1-17周 周三 第5节-第6节 仙Ⅱ-306",5.0,数学学院,否,,"周三,周三,周五",2012-2013-2,,20122110120B51057,2012匡亚明学院应用文科强化班,0,仙林校区,2012-2013学年 第2学期,51057,"仙Ⅱ-306,仙Ⅱ-306,逸B-104",,否,,,,,,0,高等数学,"12,16","第5节-第6节,第7节-第8节,第1节-第2节","仙II区, 逸夫楼B区",110120B
48.0,400110,近代应用数学(20122-110140-1),2012211014051058,,3,,150,"1-17周,1-17周,2-18周(双)",0,"孙永忠,苏维宜","1-17周 周五 第1节-第2节 仙Ⅰ-206,1-17周 周二 第5节-第6节 逸B-212,2-18周(双) 周二 第1节-第2节 仙Ⅰ-206",3.0,数学学院,否,,"周二,周五,周二",2012-2013-2,,2012211014051058,2011天文与空间科学学院天文学,0,仙林校区,2012-2013学年 第2学期,51058,"逸B-212,仙Ⅰ-206,仙Ⅰ-206",,否,,,,,,0,近代应用数学,"11,16","第5节-第6节,第1节-第2节,第1节-第2节","仙I区, 逸夫楼B区",110140
48.0,400110,分析学II(20122-111002-1),2012211100252835,,1,,1,"1-17周,1-17周",0,尹会成,"1-17周 周一 第1节-第2节 教203,1-17周 周五 第1节-第2节 教203",3.0,数学学院,否,,"周一,周五",2012-2013-2,,2012211100252835,"2009数学学院数学与应用数学,2009数学学院应用模块,2009数学学院统计学,2009数学学院信息与计算科学",0,鼓楼校区,2012-2013学年 第2学期,52835,"教203,教203",,否,,,,,,0,分析学II,1,"第1节-第2节,第1节-第2节",教学楼,111002
48.0,400110,动力系统引论(20122-111011-1),2012211101152836,,1,,10,1-17周,0,尤建功,1-17周 周三 第5节-第7节 ,3.0,数学学院,否,,周三,2012-2013-2,,2012211101152836,"2009数学学院数学与应用数学,2009数学学院应用模块,2009数学学院统计学,2009数学学院信息与计算科学",0,鼓楼校区,2012-2013学年 第2学期,52836,蒙民伟楼1105,,否,,,,,,0,动力系统引论,,第5节-第7节,,111011
64.0,400110,泛函分析(20122-111020-1),2012211102052826,,3,,132,"1-17周,1-17周",0,钟承奎,"1-17周 周四 第1节-第2节 仙Ⅰ-524,1-17周 周一 第3节-第4节 仙Ⅱ-405",4.0,数学学院,否,,"周一,周四",2012-2013-2,,2012211102052826,"2010数学学院数学与应用数学,2010数学学院统计学,2010数学学院信息与计算科学",0,仙林校区,2012-2013学年 第2学期,52826,"仙Ⅱ-405,仙Ⅰ-524",,否,,,,,,0,泛函分析,"11,12","第3节-第4节,第1节-第2节","仙I区, 仙II区",111020
48.0,400110,微分几何(20122-111050-1),2012211105052827,,3,,37,"1-17周,2-18周(双)",0,石亚龙,"1-17周 周二 第1节-第2节 仙Ⅱ-112,2-18周(双) 周四 第3节-第4节 仙Ⅰ-203",3.0,数学学院,否,,"周二,周四",2012-2013-2,,2012211105052827,"2010数学学院数学与应用数学,2010数学学院统计学,2010数学学院信息与计算科学",0,仙林校区,2012-2013学年 第2学期,52827,"仙Ⅱ-112,仙Ⅰ-203",,否,,,,,,0,微分几何,"11,12","第1节-第2节,第3节-第4节","仙I区, 仙II区",111050
64.0,400110,实变函数与泛函分析(20122-111140-1),2012211114052850,,3,,65,"1-17周,1-17周",0,栗付才,"1-17周 周四 第1节-第2节 仙Ⅰ-321,1-17周 周一 第3节-第4节 仙Ⅱ-212",4.0,数学学院,否,,"周一,周四",2012-2013-2,,2012211114052850,"2009商学院经济学,2009商学院经济学（产业经济方向）,2009商学院金融工程,2009商学院保险学,2009商学院金融学,2009商学院国际经济与贸易",0,仙林校区,2012-2013学年 第2学期,52850,"仙Ⅱ-212,仙Ⅰ-321",,否,,,,,,0,实变函数与泛函分析,"11,12","第3节-第4节,第1节-第2节","仙I区, 仙II区",111140
48.0,400110,代数学II(20122-111202-1),2012211120252837,,1,,1,1-17周,0,黄兆泳,1-17周 周一 第5节-第7节 教206,3.0,数学学院,否,,周一,2012-2013-2,,2012211120252837,"2009数学学院数学与应用数学,2009数学学院应用模块,2009数学学院统计学,2009数学学院信息与计算科学",0,鼓楼校区,2012-2013学年 第2学期,52837,教206,,否,,,,,,0,代数学II,1,第5节-第7节,教学楼,111202
48.0,400110,同调代数(20122-111270-1),2012211127052838,,1,,5,"1-17周,1-17周",0,丁南庆,"1-17周 周二 第3节-第4节 教306,1-17周 周四 第3节-第4节 教306",3.0,数学学院,否,,"周二,周四",2012-2013-2,,2012211127052838,"2009数学学院数学与应用数学,2009数学学院应用模块,2009数学学院统计学,2009数学学院信息与计算科学",0,鼓楼校区,2012-2013学年 第2学期,52838,"教306,教306",,否,,,,,,0,同调代数,1,"第3节-第4节,第3节-第4节",教学楼,111270
64.0,400110,李群李代数(20122-111280-1),2012211128052839,,1,,8,1-17周,0,郭学军,1-17周 周五 第5节-第7节 教204,4.0,数学学院,否,,周五,2012-2013-2,,2012211128052839,"2009数学学院数学与应用数学,2009数学学院应用模块,2009数学学院统计学,2009数学学院信息与计算科学",0,鼓楼校区,2012-2013学年 第2学期,52839,教204,,否,,,,,,0,李群李代数,1,第5节-第7节,教学楼,111280
48.0,400110,代数拓扑(20122-111441-1),2012211144152870,,1,,6,"1-17周,1-17周",0,于立,"1-17周 周一 第3节-第4节 教207,1-17周 周三 第3节-第4节 教207",3.0,数学学院,否,,"周一,周三",2012-2013-2,,2012211144152870,"2009数学学院数学与应用数学,2009数学学院应用模块,2009数学学院统计学,2009数学学院信息与计算科学",0,鼓楼校区,2012-2013学年 第2学期,52870,"教207,教207",,否,,,,,,0,代数拓扑,1,"第3节-第4节,第3节-第4节",教学楼,111441
48.0,400110,模论与表示论初步(20122-111620-1),2012211162052823,,3,,23,1-17周,0,刘公祥,1-17周 周一 第5节-第7节 仙Ⅱ-212,3.0,数学学院,否,,周一,2012-2013-2,,2012211162052823,"2010数学学院数学与应用数学,2010数学学院统计学,2010数学学院信息与计算科学",0,仙林校区,2012-2013学年 第2学期,52823,仙Ⅱ-212,,否,,,,,,0,模论与表示论初步,12,第5节-第7节,仙II区,111620
48.0,400110,微分流形与李群(20122-111630-1),2012211163052831,,3,,23,"1-17周(单),1-17周",0,石亚龙,"1-17周(单) 周一 第1节-第2节 仙Ⅰ-102,1-17周 周四 第9节-第10节 仙Ⅰ-101",3.0,数学学院,否,,"周一,周四",2012-2013-2,,2012211163052831,"2010数学学院数学与应用数学,2010数学学院统计学,2010数学学院信息与计算科学",0,仙林校区,2012-2013学年 第2学期,52831,"仙Ⅰ-102,仙Ⅰ-101",,否,,,,,,0,微分流形与李群,11,"第1节-第2节,第9节-第10节",仙I区,111630
64.0,400110,偏微分方程数值解(20122-112000-1),2012211200052828,,3,,33,"1-17周,1-17周",0,张强,"1-17周 周二 第3节-第4节 仙Ⅱ-112,1-17周 周五 第3节-第4节 仙Ⅱ-112",4.0,数学学院,否,,"周二,周五",2012-2013-2,,2012211200052828,"2010数学学院数学与应用数学,2010数学学院统计学,2010数学学院信息与计算科学",0,仙林校区,2012-2013学年 第2学期,52828,"仙Ⅱ-112,仙Ⅱ-112",,否,,,,,,0,偏微分方程数值解,12,"第3节-第4节,第3节-第4节",仙II区,112000
48.0,400110,计算机图形学(20122-112010-1),2012211201052829,,3,,18,1-17周,0,邵荣,1-17周 周四 第5节-第7节 仙Ⅱ-103,3.0,数学学院,否,,周四,2012-2013-2,,2012211201052829,"2010数学学院数学与应用数学,2010数学学院统计学,2010数学学院信息与计算科学",0,仙林校区,2012-2013学年 第2学期,52829,仙Ⅱ-103,,否,,,,,,0,计算机图形学,12,第5节-第7节,仙II区,112010
48.0,400110,精算数学(20122-112020-1),2012211202052830,,1,,55,1-17周,0,刘荣丽,1-17周 周三 第5节-第7节 教201,3.0,数学学院,否,,周三,2012-2013-2,,2012211202052830,"2009数学学院数学与应用数学,2010数学学院统计学,2010数学学院信息与计算科学,2010数学学院数学与应用数学,2009数学学院应用模块,2009数学学院统计学,2009数学学院信息与计算科学",0,鼓楼校区,2012-2013学年 第2学期,52830,教201,,否,,,,,,0,精算数学,1,第5节-第7节,教学楼,112020
48.0,400110,多元迭代分析(20122-112071-1),2012211207152841,,1,,2,"1-17周,1-17周",0,黄震宇,"1-17周 周三 第3节-第4节 教204,1-17周 周五 第3节-第4节 教204",3.0,数学学院,否,,"周三,周五",2012-2013-2,,2012211207152841,"2009数学学院数学与应用数学,2009数学学院应用模块,2009数学学院统计学,2009数学学院信息与计算科学",0,鼓楼校区,2012-2013学年 第2学期,52841,"教204,教204",,否,,,,,,0,多元迭代分析,1,"第3节-第4节,第3节-第4节",教学楼,112071
48.0,400110,有限元方法(20122-112101-1),2012211210152842,,1,,3,1-17周,0,武海军,1-17周 周一 第5节-第7节 教207,3.0,数学学院,否,,周一,2012-2013-2,,2012211210152842,"2009数学学院数学与应用数学,2009数学学院应用模块,2009数学学院统计学,2009数学学院信息与计算科学",0,鼓楼校区,2012-2013学年 第2学期,52842,教207,,否,,,,,,0,有限元方法,1,第5节-第7节,教学楼,112101
48.0,400110,线性与非线性规划(20122-112211-1),2012211221152843,,1,,8,"1-17周,1-17周",0,何炳生,"1-17周 周四 第1节-第2节 教207,1-17周 周二 第3节-第4节 教207",3.0,数学学院,否,,"周二,周四",2012-2013-2,,2012211221152843,"2009数学学院数学与应用数学,2009数学学院应用模块,2009数学学院统计学,2009数学学院信息与计算科学",0,鼓楼校区,2012-2013学年 第2学期,52843,"教207,教207",,否,,,,,,0,线性与非线性规划,1,"第3节-第4节,第1节-第2节",教学楼,112211
48.0,400110,信息论基础(20122-112400-1),2012211240052824,,3,,33,"2-18周(双),1-17周",0,陆宏,"1-17周 周五 第1节-第2节 仙Ⅰ-102,2-18周(双) 周一 第1节-第2节 仙Ⅰ-102",3.0,数学学院,否,,"周一,周五",2012-2013-2,,2012211240052824,"2010数学学院数学与应用数学,2010数学学院统计学,2010数学学院信息与计算科学",0,仙林校区,2012-2013学年 第2学期,52824,"仙Ⅰ-102,仙Ⅰ-102",,否,,,,,,0,信息论基础,11,"第1节-第2节,第1节-第2节",仙I区,112400
48.0,400110,概率论(20122-113031-1),2012211303152844,,1,,6,"1-17周,1-17周",0,胡泽春,"1-17周 周一 第1节-第2节 教205,1-17周 周四 第3节-第4节 教205",3.0,数学学院,否,,"周一,周四",2012-2013-2,,2012211303152844,"2009数学学院数学与应用数学,2009数学学院应用模块,2009数学学院统计学,2009数学学院信息与计算科学",0,鼓楼校区,2012-2013学年 第2学期,52844,"教205,教205",,否,,,,,,0,概率论（续）,1,"第1节-第2节,第3节-第4节",教学楼,113031
48.0,400110,数理逻辑II(20122-113042-1),2012211304252845,,1,,1,1-17周,0,喻良,1-17周 周四 第5节-第7节 ,3.0,数学学院,否,,周四,2012-2013-2,,2012211304252845,"2009数学学院数学与应用数学,2009数学学院应用模块,2009数学学院统计学,2009数学学院信息与计算科学",0,鼓楼校区,2012-2013学年 第2学期,52845,蒙民伟楼1105,,否,,,,,,0,数理逻辑,,第5节-第7节,,113042
48.0,400110,数理统计基础(20122-113051-1),2012211305152846,,1,,9,"1-17周,1-17周",0,王立洪,"1-17周 周三 第1节-第2节 教203,1-17周 周一 第3节-第4节 教203",3.0,数学学院,否,,"周一,周三",2012-2013-2,,2012211305152846,"2009数学学院数学与应用数学,2009数学学院应用模块,2009数学学院统计学,2009数学学院信息与计算科学",0,鼓楼校区,2012-2013学年 第2学期,52846,"教203,教203",,否,,,,,,0,数理统计基础（续）,1,"第3节-第4节,第1节-第2节",教学楼,113051
48.0,400110,随机微分方程(20122-113061-1),2012211306152871,,1,,8,"1-17周,1-17周",0,戴万阳,"1-17周 周二 第1节-第2节 教206,1-17周 周五 第1节-第2节 教206",3.0,数学学院,否,,"周二,周五",2012-2013-2,,2012211306152871,"2009数学学院数学与应用数学,2009数学学院应用模块,2009数学学院统计学,2009数学学院信息与计算科学",0,鼓楼校区,2012-2013学年 第2学期,52871,"教206,教206",,否,,,,,,0,随机微分方程,1,"第1节-第2节,第1节-第2节",教学楼,113061
64.0,400110,时间序列分析(20122-113070-1),2012211307052832,,1,,64,1-17周,0,刘荣丽,1-17周 周五 第7节-第8节 教201,4.0,数学学院,否,,周五,2012-2013-2,,2012211307052832,"2009数学学院数学与应用数学,2010数学学院统计学,2010数学学院信息与计算科学,2010数学学院数学与应用数学,2009数学学院应用模块,2009数学学院统计学,2009数学学院信息与计算科学",0,鼓楼校区,2012-2013学年 第2学期,52832,教201,,否,,,,,,0,时间序列分析,1,第7节-第8节,教学楼,113070
48.0,400110,近代回归分析(20122-113110-1),2012211311052848,,1,,8,1-17周,0,谢兆茹,1-17周 周四 第5节-第7节 教206,3.0,数学学院,否,,周四,2012-2013-2,,2012211311052848,"2009数学学院数学与应用数学,2009数学学院应用模块,2009数学学院统计学,2009数学学院信息与计算科学",0,鼓楼校区,2012-2013学年 第2学期,52848,教206,,否,,,,,,0,近代回归分析,1,第5节-第7节,教学楼,113110
64.0,400110,多元统计分析(20122-113120-1),2012211312052825,,1,,64,"1-17周,1-17周",0,谢兆茹,"1-17周 周三 第3节-第4节 教201,1-17周 周五 第5节-第6节 教201",4.0,数学学院,否,,"周三,周五",2012-2013-2,,2012211312052825,"2009数学学院数学与应用数学,2010数学学院统计学,2010数学学院信息与计算科学,2010数学学院数学与应用数学,2009数学学院应用模块,2009数学学院统计学,2009数学学院信息与计算科学",0,鼓楼校区,2012-2013学年 第2学期,52825,"教201,教201",,否,,,,,,0,多元统计分析,1,"第3节-第4节,第5节-第6节",教学楼,113120
32.0,400110,统计与数据挖掘简介(20122-115030-1),2012211503053575,,,,3,,0,,,2.0,数学学院,否,,,2012-2013-2,,2012211503053575,"2009数学学院数学与应用数学,2012数学学院数学类,2011数学学院数学类,2010数学学院统计学,2010数学学院信息与计算科学,2010数学学院数学与应用数学,2009数学学院应用模块,2009数学学院统计学,2009数学学院信息与计算科学",0,,2012-2013学年 第2学期,53575,,,否,,,,,,0,统计与数据挖掘简介,,,,115030
16.0,400110,实线和雅可比矩阵的正交多项式(20122-117020-1),2012211702053574,,,,0,,0,,,1.0,数学学院,否,,,2012-2013-2,,2012211702053574,"2009数学学院数学与应用数学,2012数学学院数学类,2011数学学院数学类,2010数学学院统计学,2010数学学院信息与计算科学,2010数学学院数学与应用数学,2009数学学院应用模块,2009数学学院统计学,2009数学学院信息与计算科学",0,,2012-2013学年 第2学期,53574,,,否,,,,,,0,实线和雅可比矩阵的正交多项式,,,,117020
48.0,400110,概率论与数理统计(20122-119030-1),2012211903052896,,3,,124,1-17周,0,王伟,1-17周 周二 第5节-第7节 逸C-319,3.0,数学学院,否,,周二,2012-2013-2,,2012211903052896,"2011地球科学与工程学院地球化学,2011地球科学与工程学院地下水科学与工程,2011地球科学与工程学院水文与水资源工程,2011地球科学与工程学院地质工程",0,仙林校区,2012-2013学年 第2学期,52896,逸C-319,,否,,,,,,0,概率论与数理统计,17,第5节-第7节,逸夫楼C区,119030
32.0,400120,大学物理实验（二）(20122-120010B-1),20122120010B51648,,3,,195,1-17周,0,苏为宁,1-17周 周二 第9节-第11节 ,2.0,物理学院,否,,周二,2012-2013-2,,20122120010B51648,,0,仙林校区,2012-2013学年 第2学期,51648,实验楼乙307;309;314;316;丙301;302;305;317;321;323;324,,否,,,,,,0,大学物理实验（二）,,第9节-第11节,,120010B
32.0,400120,大学物理实验（二）(20122-120010B-2),20122120010B52096,,3,,147,1-17周,0,苏为宁,1-17周 周一 第5节-第7节 ,2.0,物理学院,否,,周一,2012-2013-2,,20122120010B52096,2011化学学院化学,0,仙林校区,2012-2013学年 第2学期,52096,实验楼乙307;309;314;316;丙301;302;305;317;321;323;324,,否,,,,,,0,大学物理实验（二）,,第5节-第7节,,120010B
32.0,400120,大学物理实验（二）(20122-120010B-3),20122120010B52175,,3,,200,1-17周,0,苏为宁,1-17周 周一 第9节-第11节 ,2.0,物理学院,否,,周一,2012-2013-2,,20122120010B52175,"2012地球科学与工程学院地质学类,2012地球科学与工程学院地质学",0,仙林校区,2012-2013学年 第2学期,52175,实验楼乙307;309;314;316;丙301;302;305;317;321;323;324,,否,,,,,,0,大学物理实验（二）,,第9节-第11节,,120010B
32.0,400120,大学物理实验（二）(20122-120010B-4),20122120010B52176,,3,,43,1-17周,0,苏为宁,1-17周 周三 第5节-第7节 ,2.0,物理学院,否,,周三,2012-2013-2,,20122120010B52176,,0,仙林校区,2012-2013学年 第2学期,52176,实验楼乙307;309;314;316丙301;302;305;307;321;323;324,,否,,,,,,0,大学物理实验（二）,,第5节-第7节,,120010B
32.0,400120,大学物理实验（二）(20122-120010B-5),20122120010B52180,,3,,54,1-17周,0,苏为宁,1-17周 周三 第9节-第11节 ,2.0,物理学院,否,,周三,2012-2013-2,,20122120010B52180,"2012地理与海洋科学学院地理科学,2012天文与空间科学学院天文学",0,仙林校区,2012-2013学年 第2学期,52180,实验楼乙307;309;314;316;丙301;302;305;317;321;323;324,,否,,,,,,0,大学物理实验（二）,,第9节-第11节,,120010B
32.0,400120,大学物理实验（二）(20122-120010B-6),20122120010B52219,,3,,142,1-17周,0,苏为宁,1-17周 周二 第5节-第7节 ,2.0,物理学院,否,,周二,2012-2013-2,,20122120010B52219,,0,仙林校区,2012-2013学年 第2学期,52219,实验楼乙307;309;314;316;丙301;302;305;317;323;324;321,,否,,,,,,0,大学物理实验（二）,,第5节-第7节,,120010B
32.0,400120,大学物理实验（三）(20122-120010C-1),20122120010C51653,,3,,83,1-17周,0,"高文莉,胡小鹏",1-17周 周二 第5节-第7节 ,2.0,物理学院,否,,周二,2012-2013-2,,20122120010C51653,2011物理学院物理学类,0,仙林校区,2012-2013学年 第2学期,51653,实验楼乙302;303;304;305;丙311;312;313;314;315,,否,,,,,,0,大学物理实验（三）,,第5节-第7节,,120010C
32.0,400120,大学物理实验（三）(20122-120010C-2),20122120010C51659,,3,,89,1-17周,0,"高文莉,胡小鹏",1-17周 周二 第9节-第11节 ,2.0,物理学院,否,,周二,2012-2013-2,,20122120010C51659,2011物理学院物理学类,0,仙林校区,2012-2013学年 第2学期,51659,实验楼乙302;303;304;305;丙311;312;313;314;315,,否,,,,,,0,大学物理实验（三）,,第9节-第11节,,120010C
32.0,400120,大学物理实验（三）(20122-120010C-3),20122120010C52173,,3,,56,1-17周,0,"胡小鹏,高文莉",1-17周 周四 第5节-第7节 ,2.0,物理学院,否,,周四,2012-2013-2,,20122120010C52173,,0,仙林校区,2012-2013学年 第2学期,52173,实验楼乙302;303;304;305;丙311;312;314;315,,否,,,,,,0,大学物理实验（三）,,第5节-第7节,,120010C
32.0,400120,大学物理实验（三）(20122-120010C-4),20122120010C52174,,3,,22,1-17周,0,"高文莉,胡小鹏",1-17周 周四 第9节-第11节 ,2.0,物理学院,否,,周四,2012-2013-2,,20122120010C52174,,0,仙林校区,2012-2013学年 第2学期,52174,实验楼乙302;303;304;305;307;丙325;312;313;314;315,,否,,,,,,0,大学物理实验（三）,,第9节-第11节,,120010C
48.0,400120,普通物理(20122-120011-1),2012212001152099,,3,,0,,0,,,3.0,物理学院,否,,,2012-2013-2,,2012212001152099,,0,仙林校区,2012-2013学年 第2学期,52099,,,否,,,,,,0,普通物理,,,,120011
48.0,400120,普通物理(20122-120011-2),2012212001152101,,3,,153,1-17周,0,张建,1-17周 周四 第5节-第7节 逸B-212,3.0,物理学院,否,,周四,2012-2013-2,,2012212001152101,,0,仙林校区,2012-2013学年 第2学期,52101,逸B-212,,否,,,,,,0,普通物理,16,第5节-第7节,逸夫楼B区,120011
64.0,400120,普通物理(20122-120012-1),2012212001252150,,3,,102,"1-17周,1-17周",0,杨欢,"1-17周 周一 第3节-第4节 仙Ⅱ-505,1-17周 周三 第7节-第8节 仙Ⅱ-304",4.0,物理学院,否,,"周一,周三",2012-2013-2,,2012212001252150,,0,仙林校区,2012-2013学年 第2学期,52150,"仙Ⅱ-505,仙Ⅱ-304",,否,,,,,,0,普通物理,12,"第3节-第4节,第7节-第8节",仙II区,120012
48.0,400120,普通物理（上）(20122-120014A-1),20122120014A52177,,3,,148,1-17周,0,张志勇,1-17周 周二 第5节-第7节 逸B-205,3.0,物理学院,否,,周二,2012-2013-2,,20122120014A52177,,0,仙林校区,2012-2013学年 第2学期,52177,逸B-205,,否,,,,,,0,普通物理（上）,16,第5节-第7节,逸夫楼B区,120014A
48.0,400120,普通物理（上）(20122-120014A-2),20122120014A53367,,3,,94,"2-18周(双),1-17周",0,熊翔,"2-18周(双) 周一 第1节-第2节 仙Ⅱ-522,1-17周 周四 第9节-第10节 仙Ⅰ-103",3.0,物理学院,否,,"周一,周四",2012-2013-2,,20122120014A53367,"2012地球科学与工程学院地质学类,2012地球科学与工程学院地质学",0,仙林校区,2012-2013学年 第2学期,53367,"仙Ⅱ-522,仙Ⅰ-103",,否,,,,,,0,普通物理（上）,"11,12","第1节-第2节,第9节-第10节","仙I区, 仙II区",120014A
48.0,400120,普通物理（下）(20122-120014B-1),20122120014B52179,,3,,108,"1-17周,2-18周(双)",0,杜军,"1-17周 周二 第3节-第4节 仙Ⅱ-306,2-18周(双) 周五 第3节-第4节 逸B-410",3.0,物理学院,否,,"周二,周五",2012-2013-2,,20122120014B52179,2011环境学院环境工程,0,仙林校区,2012-2013学年 第2学期,52179,"仙Ⅱ-306,逸B-410",,否,,,,,,0,普通物理（下）,"12,16","第3节-第4节,第3节-第4节","仙II区, 逸夫楼B区",120014B
48.0,400120,普通物理（下）(20122-120015B-1),20122120015B52095,,3,,167,"1-17周(单),1-17周",0,法伟,"1-17周 周四 第1节-第2节 逸B-101,1-17周(单) 周二 第1节-第2节 逸B-101",3.0,物理学院,否,,"周二,周四",2012-2013-2,,20122120015B52095,2011化学学院化学,0,仙林校区,2012-2013学年 第2学期,52095,"逸B-101,逸B-101",,否,,,,,,0,普通物理（下）,16,"第1节-第2节,第1节-第2节",逸夫楼B区,120015B
64.0,400120,普通物理(20122-120016A-1),20122120016A52102,,3,,131,"1-17周,1-17周",0,毛一葳,"1-17周 周三 第5节-第6节 仙Ⅰ-524,1-17周 周五 第5节-第6节 仙Ⅱ-403",4.0,物理学院,否,,"周三,周五",2012-2013-2,,20122120016A52102,"2012地理与海洋科学学院地理科学,2012大气科学学院大气科学类",0,仙林校区,2012-2013学年 第2学期,52102,"仙Ⅰ-524,仙Ⅱ-403",,否,,,,,,0,普通物理（上）,"11,12","第5节-第6节,第5节-第6节","仙I区, 仙II区",120016A
48.0,400120,热学(20122-120030-1),2012212003051609,,3,,113,"2-18周(双),1-17周",0,桑海,"1-17周 周五 第3节-第4节 图书馆125,2-18周(双) 周三 第3节-第4节 仙Ⅱ-305",3.0,物理学院,否,,"周三,周五",2012-2013-2,,2012212003051609,,0,仙林校区,2012-2013学年 第2学期,51609,"仙Ⅱ-305,图书馆125",,否,,,,,,0,热学,"12,18","第3节-第4节,第3节-第4节","仙II区, 图书馆",120030
48.0,400120,热学(20122-120030-2),2012212003051613,,3,,111,"2-18周(双),1-17周",0,章建辉,"1-17周 周五 第3节-第4节 图书馆125,2-18周(双) 周三 第3节-第4节 逸B-514",3.0,物理学院,否,,"周三,周五",2012-2013-2,,2012212003051613,,0,仙林校区,2012-2013学年 第2学期,51613,"逸B-514,无",,否,,,,,,0,热学,16,"第3节-第4节,第3节-第4节",逸夫楼B区,120030
48.0,400120,电磁学(20122-120040-1),2012212004051615,,3,,126,"1-17周,1-17周(单)",0,孙亮,"1-17周 周一 第3节-第4节 逸B-207,1-17周(单) 周三 第3节-第4节 逸B-405",3.0,物理学院,否,,"周一,周三",2012-2013-2,,2012212004051615,,0,仙林校区,2012-2013学年 第2学期,51615,"逸B-207,逸B-405",,否,,,,,,0,电磁学,16,"第3节-第4节,第3节-第4节",逸夫楼B区,120040
48.0,400120,电磁学(20122-120040-2),2012212004051626,,3,,112,"1-17周,1-17周(单)",0,刘俊明,"1-17周 周一 第3节-第4节 逸B-405,1-17周(单) 周三 第3节-第4节 逸B-514",3.0,物理学院,否,,"周一,周三",2012-2013-2,,2012212004051626,,0,仙林校区,2012-2013学年 第2学期,51626,"逸B-405,逸B-514",,否,,,,,,0,电磁学,16,"第3节-第4节,第3节-第4节",逸夫楼B区,120040
48.0,400120,光学(20122-120050-1),2012212005052154,,3,,138,1-17周,0,于涛,1-17周 周五 第5节-第7节 仙Ⅰ-524,3.0,物理学院,否,,周五,2012-2013-2,,2012212005052154,2011天文与空间科学学院天文学,0,仙林校区,2012-2013学年 第2学期,52154,仙Ⅰ-524,,否,,,,,,0,光学,11,第5节-第7节,仙I区,120050
64.0,400120,数学物理方法(20122-120070-1),2012212007051664,,3,,246,"1-17周,1-17周",0,万贤纲,"1-17周 周三 第3节-第4节 仙Ⅰ-106,1-17周 周五 第3节-第4节 仙Ⅱ-207",4.0,物理学院,否,,"周三,周五",2012-2013-2,,2012212007051664,2011物理学院物理学类,0,仙林校区,2012-2013学年 第2学期,51664,"仙Ⅰ-106,仙Ⅱ-207",,否,,,,,,0,数学物理方法,"11,12","第3节-第4节,第3节-第4节","仙I区, 仙II区",120070
64.0,400120,数学物理方法(20122-120070-2),2012212007052106,,3,,110,"1-17周,1-17周",0,盛利,"1-17周 周二 第3节-第4节 仙Ⅱ-505,1-17周 周四 第3节-第4节 仙Ⅱ-303",4.0,物理学院,否,,"周二,周四",2012-2013-2,,2012212007052106,2011地球科学与工程学院地质学（地球物理学方向）,0,仙林校区,2012-2013学年 第2学期,52106,"仙Ⅱ-505,仙Ⅱ-303",,否,,,,,,0,数学物理方法,12,"第3节-第4节,第3节-第4节",仙II区,120070
64.0,400120,数学物理方法(20122-120070-3),2012212007052160,,3,,223,"1-17周,1-17周",0,徐小农,"1-17周 周三 第1节-第2节 仙Ⅱ-207,1-17周 周一 第5节-第6节 仙Ⅱ-207",4.0,物理学院,否,,"周一,周三",2012-2013-2,,2012212007052160,2011天文与空间科学学院天文学,0,仙林校区,2012-2013学年 第2学期,52160,"仙Ⅱ-207,仙Ⅱ-207",,否,,,,,,0,数学物理方法,12,"第5节-第6节,第1节-第2节",仙II区,120070
48.0,400120,理论力学(20122-120080-1),2012212008051666,,3,,189,"1-17周,2-18周(双)",0,程营,"1-17周 周二 第3节-第4节 仙Ⅱ-122,2-18周(双) 周四 第3节-第4节 仙Ⅱ-207",3.0,物理学院,否,,"周二,周四",2012-2013-2,,2012212008051666,2011物理学院物理学类,0,仙林校区,2012-2013学年 第2学期,51666,"仙Ⅱ-122,仙Ⅱ-207",,否,,,,,,0,理论力学,12,"第3节-第4节,第3节-第4节",仙II区,120080
48.0,400120,理论力学(20122-120080-2),2012212008052111,,3,,28,1-17周,0,任春来,1-17周 周二 第5节-第7节 仙Ⅰ-319,3.0,物理学院,否,,周二,2012-2013-2,,2012212008052111,2011地球科学与工程学院地质学（地球物理学方向）,0,仙林校区,2012-2013学年 第2学期,52111,仙Ⅰ-319,,否,,,,,,0,理论力学,11,第5节-第7节,仙I区,120080
64.0,400120,理论力学(20122-120081-1),2012212008152094,,3,,45,"1-17周,1-17周",0,汤怒江,"1-17周 周一 第1节-第2节 仙Ⅱ-115,1-17周 周四 第9节-第10节 仙Ⅱ-217",4.0,物理学院,否,,"周一,周四",2012-2013-2,,2012212008152094,2012建筑与城市规划学院建筑学,0,仙林校区,2012-2013学年 第2学期,52094,"仙Ⅱ-115,仙Ⅱ-217",,否,,,,,,0,理论力学,12,"第1节-第2节,第9节-第10节",仙II区,120081
32.0,400120,计算物理(20122-120090-1),2012212009051672,,3,,227,1-17周,0,李文飞,1-17周 周三 第5节-第6节 仙Ⅱ-207,2.0,物理学院,否,,周三,2012-2013-2,,2012212009051672,2011物理学院物理学类,0,仙林校区,2012-2013学年 第2学期,51672,仙Ⅱ-207,,否,,,,,,0,计算物理,12,第5节-第6节,仙II区,120090
32.0,400120,近代物理实验（一）(20122-120100A-1),20122120100A51699,,3,,83,1-17周,0,黄润生,1-17周 周四 第5节-第7节 ,2.0,物理学院,否,,周四,2012-2013-2,,20122120100A51699,2010物理学院物理学类,0,仙林校区,2012-2013学年 第2学期,51699,实验楼乙321;323;325;334,,否,,,,,,0,近代物理实验（一）,,第5节-第7节,,120100A
32.0,400120,近代物理实验（一）(20122-120100A-2),20122120100A51703,,3,,67,1-17周,0,黄润生,1-17周 周四 第9节-第11节 ,2.0,物理学院,否,,周四,2012-2013-2,,20122120100A51703,2010物理学院物理学类,0,仙林校区,2012-2013学年 第2学期,51703,实验楼乙321;323;325;334,,否,,,,,,0,近代物理实验（一）,,第9节-第11节,,120100A
32.0,400120,近代物理实验（一）(20122-120100A-3),20122120100A51707,,3,,49,1-17周,0,黄润生,1-17周 周五 第9节-第11节 ,2.0,物理学院,否,,周五,2012-2013-2,,20122120100A51707,"2010物理学院物理学类,2010天文与空间科学学院天文学",0,仙林校区,2012-2013学年 第2学期,51707,实验楼乙321;323;325;334,,否,,,,,,0,近代物理实验（一）,,第9节-第11节,,120100A
32.0,400120,近代物理实验（一）(20122-120100A-4),20122120100A52181,,3,,46,1-17周,0,黄润生,1-17周 周五 第5节-第7节 ,2.0,物理学院,否,,周五,2012-2013-2,,20122120100A52181,,0,仙林校区,2012-2013学年 第2学期,52181,实验楼乙321;323;325;334,,否,,,,,,0,近代物理实验（一）,,第5节-第7节,,120100A
64.0,400120,固体物理(20122-120130-1),2012212013051815,,3,,94,"1-17周,1-17周,2-18周(双)",0,"游彪,章维益","1-17周 周二 第3节-第4节 仙Ⅰ-207,2-18周(双) 周二 第5节-第6节 仙Ⅰ-207,1-17周 周五 第3节-第4节 仙Ⅰ-207",4.0,物理学院,否,,"周二,周五,周二",2012-2013-2,,2012212013051815,2010物理学院物理学类,0,仙林校区,2012-2013学年 第2学期,51815,"仙Ⅰ-207,仙Ⅰ-207,仙Ⅰ-207",,否,,,,,,0,固体物理,11,"第3节-第4节,第3节-第4节,第5节-第6节",仙I区,120130
64.0,400120,固体物理(20122-120130-2),2012212013051816,,3,,81,"1-17周,1-17周,2-18周(双)",0,"丁海峰,吴镝","1-17周 周二 第3节-第4节 仙Ⅰ-206,2-18周(双) 周二 第5节-第6节 仙Ⅰ-206,1-17周 周五 第3节-第4节 仙Ⅰ-320",4.0,物理学院,否,,"周二,周五,周二",2012-2013-2,,2012212013051816,2010物理学院物理学类,0,仙林校区,2012-2013学年 第2学期,51816,"仙Ⅰ-206,仙Ⅰ-320,仙Ⅰ-206",,否,,,,,,0,固体物理,11,"第3节-第4节,第3节-第4节,第5节-第6节",仙I区,120130
48.0,400120,统计物理(20122-120140-1),2012212014051810,,3,,94,"1-17周(单),1-17周",0,刘锋,"1-17周 周四 第3节-第4节 仙Ⅱ-304,1-17周(单) 周二 第5节-第6节 仙Ⅰ-207",3.0,物理学院,否,,"周二,周四",2012-2013-2,,2012212014051810,2010物理学院物理学类,0,仙林校区,2012-2013学年 第2学期,51810,"仙Ⅰ-207,仙Ⅱ-304",,否,,,,,,0,统计物理,"11,12","第5节-第6节,第3节-第4节","仙I区, 仙II区",120140
48.0,400120,统计物理(20122-120140-2),2012212014051811,,3,,82,"1-17周(单),1-17周",0,王伯根,"1-17周 周四 第3节-第4节 仙Ⅱ-305,1-17周(单) 周二 第5节-第6节 仙Ⅰ-206",3.0,物理学院,否,,"周二,周四",2012-2013-2,,2012212014051811,2010物理学院物理学类,0,仙林校区,2012-2013学年 第2学期,51811,"仙Ⅰ-206,仙Ⅱ-305",,否,,,,,,0,统计物理,"11,12","第5节-第6节,第3节-第4节","仙I区, 仙II区",120140
48.0,400120,统计物理(20122-120140-3),2012212014052121,,3,,106,1-17周,0,颜志波,1-17周 周一 第5节-第7节 仙Ⅰ-524,3.0,物理学院,否,,周一,2012-2013-2,,2012212014052121,2010地球科学与工程学院地质学（地球物理学方向）,0,仙林校区,2012-2013学年 第2学期,52121,仙Ⅰ-524,,否,,,,,,0,统计物理,11,第5节-第7节,仙I区,120140
48.0,400120,统计物理(20122-120140-4),2012212014052155,,3,,175,"1-17周,1-17周",0,鞠国兴,"1-17周 周四 第3节-第4节 仙Ⅰ-319,1-17周 周一 第7节-第8节 逸B-212",3.0,物理学院,否,,"周一,周四",2012-2013-2,,2012212014052155,2011天文与空间科学学院天文学,0,仙林校区,2012-2013学年 第2学期,52155,"逸B-212,仙Ⅰ-319",,否,,,,,,0,统计物理,"11,16","第7节-第8节,第3节-第4节","仙I区, 逸夫楼B区",120140
64.0,400120,原子核物理(20122-120150-1),2012212015051806,,3,,80,"1-17周,1-17周",0,宋凤麒,"1-17周 周四 第1节-第2节 逸B-313,1-17周 周一 第3节-第4节 逸B-313",4.0,物理学院,否,,"周一,周四",2012-2013-2,,2012212015051806,2010物理学院物理学类,0,仙林校区,2012-2013学年 第2学期,51806,"逸B-313,逸B-313",,否,,,,,,0,原子核物理,16,"第3节-第4节,第1节-第2节",逸夫楼B区,120150
48.0,400120,数字电路(20122-120350-1),2012212035051692,,3,,177,"1-17周,1-17周(单)",0,刘杰惠,"1-17周 周一 第3节-第4节 仙Ⅰ-319,1-17周(单) 周四 第3节-第4节 仙Ⅱ-207",3.0,物理学院,否,,"周一,周四",2012-2013-2,,2012212035051692,2011物理学院物理学类,0,仙林校区,2012-2013学年 第2学期,51692,"仙Ⅰ-319,仙Ⅱ-207",,否,,,,,,0,数字电路,"11,12","第3节-第4节,第3节-第4节","仙I区, 仙II区",120350
64.0,400120,大学化学(20122-120510-1),2012212051051795,,3,,34,"1-17周,1-17周",0,钟伟,"1-17周 周三 第1节-第2节 仙Ⅱ-312,1-17周 周五 第1节-第2节 仙Ⅰ-203",4.0,物理学院,否,,"周三,周五",2012-2013-2,,2012212051051795,2010物理学院物理学类,0,仙林校区,2012-2013学年 第2学期,51795,"仙Ⅱ-312,仙Ⅰ-203",,否,,,,,,0,大学化学,"11,12","第1节-第2节,第1节-第2节","仙I区, 仙II区",120510
48.0,400120,C语言程序设计(20122-120520-1),2012212052051630,,3,,200,"1-17周,1-17周",0,马国斌,"1-17周 周四 第1节-第2节 仙Ⅰ-207,1-17周 周四 第3节-第4节 ",3.0,物理学院,否,,"周四,周四",2012-2013-2,,2012212052051630,,0,仙林校区,2012-2013学年 第2学期,51630,"仙Ⅰ-207,实验楼乙109;110",,否,,,,,,0,C语言程序设计,11,"第1节-第2节,第3节-第4节",仙I区,120520
32.0,400120,物理英语文选(20122-120650-1),2012212065051793,,3,,46,1-17周,0,曹毅,1-17周 周三 第3节-第4节 仙Ⅱ-312,2.0,物理学院,否,,周三,2012-2013-2,,2012212065051793,2010物理学院物理学类,0,仙林校区,2012-2013学年 第2学期,51793,仙Ⅱ-312,,否,,,,,,0,物理英语文选,12,第3节-第4节,仙II区,120650
48.0,400120,计算机网络(20122-120660-1),2012212066051784,,3,,6,,0,,,3.0,物理学院,否,,,2012-2013-2,,2012212066051784,,0,仙林校区,2012-2013学年 第2学期,51784,,,否,,,,,,0,计算机网络,,,,120660
32.0,400120,数字图像处理(20122-120670-1),2012212067051731,,3,,4,,0,,,2.0,物理学院,否,,,2012-2013-2,,2012212067051731,,0,仙林校区,2012-2013学年 第2学期,51731,,,否,,,,,,0,数字图像处理,,,,120670
32.0,400120,管理学概论(20122-120740-1),2012212074052065,,1,,60,2-12周,0,高惠滨,2-12周 周四 第5节-第7节 馆1-205,2.0,物理学院,否,,周四,2012-2013-2,,2012212074052065,2009物理学院物理学类,0,鼓楼校区,2012-2013学年 第2学期,52065,馆1-205,,否,,,,,,0,管理学概论,8,第5节-第7节,逸夫馆,120740
32.0,400120,量子计算(20122-120750-1),2012212075052062,,1,,34,"2-10周,2-10周",0,于扬,"2-10周 周二 第3节-第4节 馆1-205,2-10周 周五 第5节-第6节 馆1-205",2.0,物理学院,否,,"周二,周五",2012-2013-2,,2012212075052062,2009物理学院物理学类,0,鼓楼校区,2012-2013学年 第2学期,52062,"馆1-205,馆1-205",,否,,,,,,0,量子计算,8,"第3节-第4节,第5节-第6节",逸夫馆,120750
48.0,400120,机械制图(20122-120780-1),2012212078051637,,3,,53,1-17周,0,范理,1-17周 周三 第5节-第7节 图书馆125,3.0,物理学院,否,,周三,2012-2013-2,,2012212078051637,,0,仙林校区,2012-2013学年 第2学期,51637,无,,否,,,,,,0,机械制图,,第5节-第7节,,120780
32.0,400120,电工学(20122-120790-1),2012212079051645,,3,,179,1-17周,0,石荣章,1-17周 周一 第5节-第6节 仙Ⅰ-107,2.0,物理学院,否,,周一,2012-2013-2,,2012212079051645,2011环境学院环境工程,0,仙林校区,2012-2013学年 第2学期,51645,仙Ⅰ-107,,否,,,,,,0,电工学,11,第5节-第6节,仙I区,120790
128.0,400120,毕业论文(20122-120990-1),2012212099052068,,1,,223,,0,,,8.0,物理学院,否,,,2012-2013-2,,2012212099052068,2009物理学院物理学类,0,鼓楼校区,2012-2013学年 第2学期,52068,,,否,,,,,,0,毕业论文,,,,120990
48.0,400120,计算物理方法(20122-121220-1),2012212122052060,,1,,52,"2-13周,2-13周",0,熊诗杰,"2-13周 周五 第1节-第2节 馆1-205,2-13周 周三 第5节-第6节 馆1-205",3.0,物理学院,否,,"周五,周三",2012-2013-2,,2012212122052060,2009物理学院物理学类,0,鼓楼校区,2012-2013学年 第2学期,52060,"馆1-205,馆1-205",,否,,,,,,0,计算物理方法,8,"第1节-第2节,第5节-第6节",逸夫馆,121220
48.0,400120,铁磁学(20122-121230-1),2012212123051737,,3,,47,1-17周,0,"曹庆琪,王敦辉",1-17周 周一 第5节-第7节 仙Ⅱ-301,3.0,物理学院,否,,周一,2012-2013-2,,2012212123051737,2010物理学院物理学类,0,仙林校区,2012-2013学年 第2学期,51737,仙Ⅱ-301,,否,,,,,,0,铁磁学,12,第5节-第7节,仙II区,121230
48.0,400120,相变物理(20122-121260-1),2012212126051744,,3,,42,1-17周,0,应学农,1-17周 周五 第5节-第7节 仙Ⅱ-215,3.0,物理学院,否,,周五,2012-2013-2,,2012212126051744,2010物理学院物理学类,0,仙林校区,2012-2013学年 第2学期,51744,仙Ⅱ-215,,否,,,,,,0,相变物理,12,第5节-第7节,仙II区,121260
48.0,400120,晶体衍射学(20122-122220-1),2012212222051755,,3,,50,1-17周,0,朱健民,1-17周 周一 第9节-第11节 仙Ⅰ-103,3.0,物理学院,否,,周一,2012-2013-2,,2012212222051755,2010物理学院物理学类,0,仙林校区,2012-2013学年 第2学期,51755,仙Ⅰ-103,,否,,,,,,0,晶体衍射学,11,第9节-第11节,仙I区,122220
48.0,400120,晶体生长(20122-122230-1),2012212223051759,,3,,59,1-17周,0,"朱信华,王牧",1-17周 周五 第5节-第7节 仙Ⅱ-311,3.0,物理学院,否,,周五,2012-2013-2,,2012212223051759,2010物理学院物理学类,0,仙林校区,2012-2013学年 第2学期,51759,仙Ⅱ-311,,否,,,,,,0,晶体生长,12,第5节-第7节,仙II区,122230
48.0,400120,现代光学(20122-122250-1),2012212225051768,,3,,49,1-17周,0,徐平,1-17周 周三 第5节-第7节 仙Ⅱ-312,3.0,物理学院,否,,周三,2012-2013-2,,2012212225051768,2010物理学院物理学类,0,仙林校区,2012-2013学年 第2学期,51768,仙Ⅱ-312,,否,,,,,,0,现代光学,12,第5节-第7节,仙II区,122250
48.0,400120,粒子物理(20122-123210-1),2012212321051770,,3,,116,1-17周,0,陈申见,1-17周 周一 第5节-第7节 逸B-207,3.0,物理学院,否,,周一,2012-2013-2,,2012212321051770,2010物理学院物理学类,0,仙林校区,2012-2013学年 第2学期,51770,逸B-207,,否,,,,,,0,粒子物理,16,第5节-第7节,逸夫楼B区,123210
48.0,400120,广义相对论与宇宙学(20122-123230-1),2012212323051771,,3,,40,1-17周,0,罗新炼,1-17周 周三 第5节-第7节 逸A-416,3.0,物理学院,否,,周三,2012-2013-2,,2012212323051771,2010物理学院物理学类,0,仙林校区,2012-2013学年 第2学期,51771,逸A-416,,否,,,,,,0,广义相对论与宇宙学,15,第5节-第7节,逸夫楼A区,123230
32.0,400120,理论物理I(20122-124010-1),2012212401051677,,3,,45,1-17周,0,邹欣晔,1-17周 周二 第3节-第4节 仙Ⅱ-214,2.0,物理学院,否,,周二,2012-2013-2,,2012212401051677,2011物理学院物理学类,0,仙林校区,2012-2013学年 第2学期,51677,仙Ⅱ-214,,否,,,,,,0,理论物理I,12,第3节-第4节,仙II区,124010
48.0,400120,概率论与随机过程(20122-124020-1),2012212402051683,,3,,43,1-17周,0,屠娟,1-17周 周一 第5节-第7节 仙Ⅱ-217,3.0,物理学院,否,,周一,2012-2013-2,,2012212402051683,2011物理学院物理学类,0,仙林校区,2012-2013学年 第2学期,51683,仙Ⅱ-217,,否,,,,,,0,概率论与随机过程,12,第5节-第7节,仙II区,124020
48.0,400120,信号与系统(20122-124030-1),2012212403051688,,3,,44,1-17周,0,章东,1-17周 周三 第5节-第7节 仙Ⅱ-217,3.0,物理学院,否,,周三,2012-2013-2,,2012212403051688,2011物理学院物理学类,0,仙林校区,2012-2013学年 第2学期,51688,仙Ⅱ-217,,否,,,,,,0,信号与系统,12,第5节-第7节,仙II区,124030
48.0,400120,声学测量(20122-124060-1),2012212406051713,,3,,29,1-17周,0,刘晓峻,1-17周 周三 第5节-第6节 仙Ⅱ-116,3.0,物理学院,否,,周三,2012-2013-2,,2012212406051713,2010物理学院物理学类,0,仙林校区,2012-2013学年 第2学期,51713,仙Ⅱ-116,,否,,,,,,0,声学测量,12,第5节-第6节,仙II区,124060
64.0,400120,声学换能器(20122-124070-1),2012212407051718,,3,,29,"1-17周,1-17周",0,"沈勇,吴浩东","1-17周 周四 第3节-第4节 逸B-309,1-17周 周二 第5节-第6节 逸B-310",4.0,物理学院,否,,"周二,周四",2012-2013-2,,2012212407051718,2010物理学院物理学类,0,仙林校区,2012-2013学年 第2学期,51718,"逸B-310,逸B-309",,否,,,,,,0,声学换能器,16,"第5节-第6节,第3节-第4节",逸夫楼B区,124070
32.0,400120,声学专题1（电声、超声）（一）(20122-124080A-1),20122124080A51721,,3,,31,1-17周,0,公勋,1-17周 周一 第1节-第2节 仙Ⅱ-314,2.0,物理学院,否,,周一,2012-2013-2,,20122124080A51721,2010物理学院物理学类,0,仙林校区,2012-2013学年 第2学期,51721,仙Ⅱ-314,,否,,,,,,0,声学专题1（电声、超声）（一）,12,第1节-第2节,仙II区,124080A
32.0,400120,流体力学(20122-124220-1),2012212422051722,,3,,17,1-17周,0,程利平,1-17周 周一 第3节-第4节 仙Ⅱ-314,2.0,物理学院,否,,周一,2012-2013-2,,2012212422051722,2010物理学院物理学类,0,仙林校区,2012-2013学年 第2学期,51722,仙Ⅱ-314,,否,,,,,,0,流体力学,12,第3节-第4节,仙II区,124220
32.0,400120,噪声控制原理(20122-124250-1),2012212425051723,,3,,16,1-17周,0,邱小军,1-17周 周一 第5节-第6节 仙Ⅱ-216,2.0,物理学院,否,,周一,2012-2013-2,,2012212425051723,2010物理学院物理学类,0,仙林校区,2012-2013学年 第2学期,51723,仙Ⅱ-216,,否,,,,,,0,噪声控制原理,12,第5节-第6节,仙II区,124250
32.0,400120,音频信号处理(20122-124280-1),2012212428051725,,3,,26,1-17周,0,林志斌,1-17周 周五 第5节-第6节 仙Ⅱ-104,2.0,物理学院,否,,周五,2012-2013-2,,2012212428051725,"2010物理学院物理学类,2010电子科学与工程学院微电子学,2010电子科学与工程学院通信工程,2010电子科学与工程学院电子信息科学与技术",0,仙林校区,2012-2013学年 第2学期,51725,仙Ⅱ-104,,否,,,,,,0,音频信号处理,12,第5节-第6节,仙II区,124280
32.0,400120,热物理基础(20122-125220-1),2012212522051778,,3,,14,1-17周,0,方贵银,1-17周 周五 第5节-第6节 仙Ⅱ-314,2.0,物理学院,否,,周五,2012-2013-2,,2012212522051778,2010物理学院物理学类,0,仙林校区,2012-2013学年 第2学期,51778,仙Ⅱ-314,,否,,,,,,0,热物理基础,12,第5节-第6节,仙II区,125220
64.0,400140,大学化学(20122-130109B-1),20122130109B51009,,3,,171,"1-17周,1-17周",0,杨贞,"1-17周 周一 第1节-第2节 逸A-117,1-17周 周三 第3节-第4节 仙Ⅱ-122",4.0,化学学院,否,,"周一,周三",2012-2013-2,,20122130109B51009,2012化学学院化学类,0,仙林校区,2012-2013学年 第2学期,51009,"逸A-117,仙Ⅱ-122",,否,,,,,,0,大学化学,"12,15","第1节-第2节,第3节-第4节","仙II区, 逸夫楼A区",130109B
64.0,400140,大学化学实验(20122-130119B-2),20122130119B51449,,3,,144,1-18周,0,赵静,1-18周 周一 第3节-第8节 ,4.0,化学学院,否,,周一,2012-2013-2,,20122130119B51449,2012化学学院化学类,0,仙林校区,2012-2013学年 第2学期,51449,基础实验楼甲区三楼,,否,,,,,,0,大学化学实验,,第3节-第8节,,130119B
64.0,400140,大学化学实验(20122-130119B-3),20122130119B51839,,3,,92,1-18周,0,赵静,1-18周 周二 第3节-第8节 ,4.0,化学学院,否,,周二,2012-2013-2,,20122130119B51839,,0,仙林校区,2012-2013学年 第2学期,51839,基础实验楼甲区三楼,,否,,,,,,0,大学化学实验,,第3节-第8节,,130119B
32.0,400140,配位化学(20122-130129-1),2012213012953070,,3,,31,1-18周,0,章文伟,1-18周 周一 第9节-第10节 仙Ⅰ-104,2.0,化学学院,否,,周一,2012-2013-2,,2012213012953070,2010化学学院化学,0,仙林校区,2012-2013学年 第2学期,53070,仙Ⅰ-104,,否,,,,,,0,配位化学,11,第9节-第10节,仙I区,130129
32.0,400140,化学文献(20122-130149-1),2012213014951014,,3,,72,1-17周,0,白志平,1-17周 周四 第3节-第4节 仙Ⅱ-311,2.0,化学学院,否,,周四,2012-2013-2,,2012213014951014,2011化学学院化学,0,仙林校区,2012-2013学年 第2学期,51014,仙Ⅱ-311,,否,,,,,,0,化学文献,12,第3节-第4节,仙II区,130149
64.0,400140,仪器分析(20122-130209-1),2012213020951017,,3,,88,"1-18周,1-18周",0,于俊生,"1-18周 周五 第1节-第2节 仙Ⅰ-101,1-18周 周三 第3节-第4节 仙Ⅱ-103",4.0,化学学院,否,,"周三,周五",2012-2013-2,,2012213020951017,2011化学学院化学,0,仙林校区,2012-2013学年 第2学期,51017,"仙Ⅱ-103,仙Ⅰ-101",,否,,,,,,0,仪器分析,"11,12","第3节-第4节,第1节-第2节","仙I区, 仙II区",130209
64.0,400140,仪器分析(20122-130209-2),2012213020951018,,3,,84,"1-18周,1-18周",0,秦玉,"1-18周 周五 第1节-第2节 仙Ⅱ-212,1-18周 周三 第3节-第4节 仙Ⅱ-211",4.0,化学学院,否,,"周三,周五",2012-2013-2,,2012213020951018,2011化学学院化学,0,仙林校区,2012-2013学年 第2学期,51018,"仙Ⅱ-211,仙Ⅱ-212",,否,,,,,,0,仪器分析,12,"第3节-第4节,第1节-第2节",仙II区,130209
48.0,400140,有机化学(20122-130309B-1),20122130309B51019,,3,,194,"1-18周,1-18周",0,吴琳,"1-18周 周三 第1节-第2节 仙Ⅰ-206,1-18周 周一 第3节-第4节 仙Ⅱ-122",3.0,化学学院,否,,"周一,周三",2012-2013-2,,20122130309B51019,2011化学学院化学,0,仙林校区,2012-2013学年 第2学期,51019,"仙Ⅱ-122,仙Ⅰ-206",,否,,,,,,0,有机化学,"11,12","第3节-第4节,第1节-第2节","仙I区, 仙II区",130309B
32.0,400140,有机化学实验(20122-130320B-1),20122130320B51847,,3,,65,1-17周(单),0,李琳,1-17周(单) 周三 第3节-第8节 ,2.0,化学学院,否,,周三,2012-2013-2,,20122130320B51847,,0,仙林校区,2012-2013学年 第2学期,51847,基础实验楼甲513、517、518、519、524,,否,,,,,,0,有机化学实验,,第3节-第8节,,130320B
32.0,400140,有机化学实验(20122-130320B-2),20122130320B51860,,3,,91,1-17周(单),0,"林晨,尹桂,何卫江,丁孟辛,黄伟,王杰,李琳",1-17周(单) 周二 第3节-第8节 ,2.0,化学学院,否,,周二,2012-2013-2,,20122130320B51860,2011化学学院化学,0,仙林校区,2012-2013学年 第2学期,51860,基础实验楼甲501、502、503、504、517、518,,否,,,,,,0,有机化学实验,,第3节-第8节,,130320B
32.0,400140,有机化学实验(20122-130320B-3),20122130320B51862,,3,,63,1-17周(单),0,李琳,1-17周(单) 周五 第3节-第8节 ,2.0,化学学院,否,,周五,2012-2013-2,,20122130320B51862,2011化学学院化学,0,仙林校区,2012-2013学年 第2学期,51862,基础实验楼甲501、502、503、504,,否,,,,,,0,有机化学实验,,第3节-第8节,,130320B
48.0,400140,有机合成(20122-130329-1),2012213032951020,,3,,98,"2-18周(双),1-18周",0,朱成建,"1-18周 周五 第3节-第4节 仙Ⅰ-206,2-18周(双) 周三 第9节-第10节 逸B-212",3.0,化学学院,否,,"周三,周五",2012-2013-2,,2012213032951020,"2010化学学院化学,2010化学学院应用化学",0,仙林校区,2012-2013学年 第2学期,51020,"逸B-212,仙Ⅰ-206",,否,,,,,,0,有机合成,"11,16","第9节-第10节,第3节-第4节","仙I区, 逸夫楼B区",130329
48.0,400140,物理化学(20122-130409B-1),20122130409B51015,,3,,90,"1-17周(单),1-18周",0,彭路明,"1-18周 周五 第1节-第2节 仙Ⅱ-312,1-17周(单) 周三 第3节-第4节 仙Ⅱ-311",3.0,化学学院,否,,"周三,周五",2012-2013-2,,20122130409B51015,2010化学学院化学,0,仙林校区,2012-2013学年 第2学期,51015,"仙Ⅱ-311,仙Ⅱ-312",,否,,,,,,0,物理化学,12,"第3节-第4节,第1节-第2节",仙II区,130409B
48.0,400140,物理化学(20122-130409B-2),20122130409B51016,,3,,89,"1-18周,1-17周(单)",0,郭琳,"1-18周 周五 第1节-第2节 仙Ⅱ-213,1-17周(单) 周三 第3节-第4节 仙Ⅰ-201",3.0,化学学院,否,,"周五,周三",2012-2013-2,,20122130409B51016,"2010化学学院化学,2010环境学院环境科学,2010化学学院应用化学",0,仙林校区,2012-2013学年 第2学期,51016,"仙Ⅱ-213,仙Ⅰ-201",,否,,,,,,0,物理化学,"11,12","第1节-第2节,第3节-第4节","仙I区, 仙II区",130409B
48.0,400140,物理化学(20122-130409B-3),20122130409B51762,,3,,0,,0,,,3.0,化学学院,否,,,2012-2013-2,,20122130409B51762,,0,仙林校区,2012-2013学年 第2学期,51762,,,否,,,,,,0,物理化学,,,,130409B
48.0,400140,物理化学实验(20122-130419A-1),20122130419A53014,,3,,43,1-18周,0,"杜学忠,淳远,胡柏星,朱建华",1-18周 周一 第3节-第8节 ,3.0,化学学院,否,,周一,2012-2013-2,,20122130419A53014,2010现代工程与应用科学学院材料化学,0,仙林校区,2012-2013学年 第2学期,53014,基础实验楼甲一,,否,,,,,,0,物理化学实验,,第3节-第8节,,130419A
32.0,400140,物理化学实验(下)(20122-130419B-1),20122130419B51470,,3,,68,1-17周(单),0,"薛念华,傅玉川,朱静,淳远,王喜章",1-17周(单) 周二 第3节-第8节 ,2.0,化学学院,否,,周二,2012-2013-2,,20122130419B51470,2010化学学院化学,0,仙林校区,2012-2013学年 第2学期,51470,基础实验楼甲区一楼,,否,,,,,,0,物理化学实验(下),,第3节-第8节,,130419B
32.0,400140,物理化学实验(下)(20122-130419B-2),20122130419B51474,,3,,59,2-18周(双),0,"王喜章,淳远,薛念华,朱静,傅玉川",2-18周(双) 周二 第3节-第8节 ,2.0,化学学院,否,,周二,2012-2013-2,,20122130419B51474,2010化学学院化学,0,仙林校区,2012-2013学年 第2学期,51474,基础实验楼甲区一楼,,否,,,,,,0,物理化学实验(下),,第3节-第8节,,130419B
32.0,400140,物理化学实验(下)(20122-130419B-3),20122130419B51479,,3,,47,2-18周(双),0,"傅玉川,薛念华,王喜章,淳远,朱静",2-18周(双) 周四 第3节-第8节 ,2.0,化学学院,否,,周四,2012-2013-2,,20122130419B51479,"2010化学学院应用化学,2010环境学院环境科学",0,仙林校区,2012-2013学年 第2学期,51479,基础实验楼甲区一楼,,否,,,,,,0,物理化学实验(下),,第3节-第8节,,130419B
32.0,400140,物理化学实验(下)(20122-130419B-4),20122130419B51481,,3,,57,1-17周(单),0,"傅玉川,朱静,淳远,薛念华,王喜章",1-17周(单) 周四 第3节-第8节 ,2.0,化学学院,否,,周四,2012-2013-2,,20122130419B51481,,0,仙林校区,2012-2013学年 第2学期,51481,基础实验楼甲区一楼,,否,,,,,,0,物理化学实验(下),,第3节-第8节,,130419B
32.0,400140,结晶化学(20122-130439-1),2012213043951444,,3,,79,1-18周,0,刘军,1-18周 周三 第1节-第2节 仙Ⅱ-103,2.0,化学学院,否,,周三,2012-2013-2,,2012213043951444,"2010化学学院化学,2010化学学院应用化学",0,仙林校区,2012-2013学年 第2学期,51444,仙Ⅱ-103,,否,,,,,,0,结晶化学,12,第1节-第2节,仙II区,130439
32.0,400140,绿色化学(20122-130459-1),2012213045951047,,3,,35,1-18周,0,范以宁,1-18周 周五 第7节-第8节 仙Ⅱ-403,2.0,化学学院,否,,周五,2012-2013-2,,2012213045951047,"2010化学学院化学,2010化学学院应用化学",0,仙林校区,2012-2013学年 第2学期,51047,仙Ⅱ-403,,否,,,,,,0,绿色化学,12,第7节-第8节,仙II区,130459
32.0,400140,高分子导论(20122-130509-1),2012213050951383,,3,,12,1-18周,0,陆云,1-18周 周四 第1节-第2节 仙Ⅱ-103,2.0,化学学院,否,,周四,2012-2013-2,,2012213050951383,2010化学学院化学,0,仙林校区,2012-2013学年 第2学期,51383,仙Ⅱ-103,,否,,,,,,0,高分子导论,12,第1节-第2节,仙II区,130509
32.0,400140,高分子导论(20122-130509-2),2012213050951386,,3,,42,1-18周,0,王昭群,1-18周 周四 第1节-第2节 仙Ⅰ-202,2.0,化学学院,否,,周四,2012-2013-2,,2012213050951386,2010化学学院化学,0,仙林校区,2012-2013学年 第2学期,51386,仙Ⅰ-202,,否,,,,,,0,高分子导论,11,第1节-第2节,仙I区,130509
32.0,400140,高分子化学(20122-130539-2),2012213053951377,,3,,51,1-18周,0,"王昭群,谌东中",1-18周 周二 第9节-第10节 仙Ⅰ-101,2.0,化学学院,否,,周二,2012-2013-2,,2012213053951377,2010化学学院化学,0,仙林校区,2012-2013学年 第2学期,51377,仙Ⅰ-101,,否,,,,,,0,高分子化学,11,第9节-第10节,仙I区,130539
32.0,400140,计算机与化学（Ⅱ）(20122-130829-1),2012213082951425,,3,,14,1-18周,0,"汪蓉,马海波",1-18周 周五 第5节-第6节 仙Ⅱ-112,2.0,化学学院,否,,周五,2012-2013-2,,2012213082951425,"2010化学学院化学,2010化学学院应用化学",0,仙林校区,2012-2013学年 第2学期,51425,仙Ⅱ-112,,否,,,,,,0,计算机与化学（Ⅱ）,12,第5节-第6节,仙II区,130829
128.0,400140,毕业论文(20122-130999B-1),20122130999B53558,,1,,180,1-17周,0,"谌东中,燕红,王喜章,张艳,徐静娟",1-17周 自由时间 - ,8.0,化学学院,否,,自由时间,2012-2013-2,,20122130999B53558,"2009化学学院化学,2009化学学院化学(基地)",0,鼓楼校区,2012-2013学年 第2学期,53558,无,,否,,,,,,0,毕业论文,,自由时间,,130999B
128.0,400140,毕业论文(20122-130999B-1),20122130999B53559,,1,,9,1-17周,0,耿皎,1-17周 自由时间 - ,8.0,化学学院,否,,自由时间,2012-2013-2,,20122130999B53559,2009化学学院应用化学,0,鼓楼校区,2012-2013学年 第2学期,53559,无,,否,,,,,,0,毕业论文,,自由时间,,130999B
32.0,400140,无机化学（Ⅱ）(20122-131109-1),2012213110951012,,3,,59,1-17周,0,宋友,1-17周 周二 第1节-第2节 仙Ⅱ-214,2.0,化学学院,否,,周二,2012-2013-2,,2012213110951012,2010化学学院化学,0,仙林校区,2012-2013学年 第2学期,51012,仙Ⅱ-214,,否,,,,,,0,无机化学（Ⅱ）,12,第1节-第2节,仙II区,131109
32.0,400140,无机化学（Ⅱ）(20122-131109-2),2012213110951013,,3,,1,,0,,,2.0,化学学院,否,,,2012-2013-2,,2012213110951013,,0,仙林校区,2012-2013学年 第2学期,51013,,,否,,,,,,0,无机化学（Ⅱ）,,,,131109
64.0,400140,综合化学实验(20122-131119-1),2012213111952808,,3,,20,1-18周,0,"王少仲,章文伟,郑佑轩,谌东中,李百秦,赵健伟",1-18周 周一 第3节-第8节 ,4.0,化学学院,否,,周一,2012-2013-2,,2012213111952808,2010化学学院化学,0,仙林校区,2012-2013学年 第2学期,52808,基础实验楼甲,,否,,,,,,0,综合化学实验,,第3节-第8节,,131119
64.0,400140,综合化学实验(20122-131119-2),2012213111952809,,3,,29,1-18周,0,"沈群东,杨贞,李百秦,白俊峰,陈浩,雷建平,章文伟",1-18周 周四 第3节-第8节 ,4.0,化学学院,否,,周四,2012-2013-2,,2012213111952809,2010化学学院化学,0,仙林校区,2012-2013学年 第2学期,52809,基础实验楼甲,,否,,,,,,0,综合化学实验,,第3节-第8节,,131119
64.0,400140,综合化学实验(20122-131119-3),2012213111952810,,3,,8,1-18周,0,"刘震,陆轻铱,吴兴才,周东山,谢鸿峰",1-18周 周二 第3节-第8节 ,4.0,化学学院,否,,周二,2012-2013-2,,2012213111952810,,0,仙林校区,2012-2013学年 第2学期,52810,基础实验楼甲,,否,,,,,,0,综合化学实验,,第3节-第8节,,131119
48.0,400140,化工原理(20122-131619-1),2012213161951052,,3,,162,"1-18周,2-18周(双)",0,周爱东,"1-18周 周一 第1节-第2节 仙Ⅰ-320,2-18周(双) 周三 第3节-第4节 仙Ⅰ-207",3.0,化学学院,否,,"周一,周三",2012-2013-2,,2012213161951052,2010化学学院化学,0,仙林校区,2012-2013学年 第2学期,51052,"仙Ⅰ-320,仙Ⅰ-207",,否,,,,,,0,化工原理,11,"第1节-第2节,第3节-第4节",仙I区,131619
48.0,400140,化工原理(20122-132609B-1),20122132609B51051,,3,,33,"1-18周,2-16周(双)",0,耿皎,"1-18周 周一 第3节-第4节 逸B-401,2-16周(双) 周三 第3节-第4节 仙Ⅱ-311",3.0,化学学院,否,,"周一,周三",2012-2013-2,,20122132609B51051,2010化学学院应用化学,0,仙林校区,2012-2013学年 第2学期,51051,"逸B-401,仙Ⅱ-311",,否,,,,,,0,化工原理,"12,16","第3节-第4节,第3节-第4节","仙II区, 逸夫楼B区",132609B
64.0,400140,中级应用化学实验(20122-132629-1),2012213262951049,,3,,31,1-18周,0,张锋,1-18周 周二 第3节-第8节 ,4.0,化学学院,否,,周二,2012-2013-2,,2012213262951049,2010化学学院应用化学,0,仙林校区,2012-2013学年 第2学期,51049,基础实验楼甲区,,否,,,,,,0,中级应用化学实验,,第3节-第8节,,132629
48.0,400140,化学反应工程(20122-132639-1),2012213263951050,,3,,33,"1-17周(单),1-18周",0,李磊,"1-18周 周四 第1节-第2节 仙Ⅱ-301,1-17周(单) 周一 第5节-第6节 逸B-311",3.0,化学学院,否,,"周一,周四",2012-2013-2,,2012213263951050,2010化学学院应用化学,0,仙林校区,2012-2013学年 第2学期,51050,"逸B-311,仙Ⅱ-301",,否,,,,,,0,化学反应工程,"12,16","第5节-第6节,第1节-第2节","仙II区, 逸夫楼B区",132639
64.0,400140,大学化学(20122-133101-1),2012213310151750,,3,,101,"1-18周,1-18周",0,陈浩,"1-18周 周四 第1节-第2节 逸C-319,1-18周 周二 第3节-第4节 仙Ⅰ-202",4.0,化学学院,否,,"周二,周四",2012-2013-2,,2012213310151750,2012环境学院环境科学与工程类,0,仙林校区,2012-2013学年 第2学期,51750,"仙Ⅰ-202,逸C-319",,否,,,,,,0,大学化学,"11,17","第3节-第4节,第1节-第2节","仙I区, 逸夫楼C区",133101
64.0,400140,大学化学(20122-133101-2),2012213310151837,,3,,116,"1-18周,1-17周",0,葛欣,"1-17周 周五 第1节-第2节 仙Ⅱ-303,1-18周 周二 第7节-第8节 仙Ⅱ-303",4.0,化学学院,否,,"周二,周五",2012-2013-2,,2012213310151837,,0,仙林校区,2012-2013学年 第2学期,51837,"仙Ⅱ-303,仙Ⅱ-303",,否,,,,,,0,大学化学,12,"第7节-第8节,第1节-第2节",仙II区,133101
32.0,400140,大学化学实验(20122-133111-1),2012213311151871,,3,,99,2-18周(双),0,,2-18周(双) 周四 第3节-第8节 ,2.0,化学学院,否,,周四,2012-2013-2,,2012213311151871,2012环境学院环境科学与工程类,0,仙林校区,2012-2013学年 第2学期,51871,实验楼甲区三楼,,否,,,,,,0,大学化学实验,,第3节-第8节,,133111
32.0,400140,大学化学实验(20122-133111-2),2012213311153012,,3,,76,1-17周(单),0,赵静,1-17周(单) 周五 第3节-第8节 ,2.0,化学学院,否,,周五,2012-2013-2,,2012213311153012,,0,仙林校区,2012-2013学年 第2学期,53012,基础实验楼甲三,,否,,,,,,0,大学化学实验,,第3节-第8节,,133111
32.0,400140,大学化学实验(20122-133111-3),2012213311153013,,3,,67,2-18周(双),0,赵静,2-18周(双) 周五 第3节-第8节 ,2.0,化学学院,否,,周五,2012-2013-2,,2012213311153013,,0,仙林校区,2012-2013学年 第2学期,53013,基础实验楼甲三,,否,,,,,,0,大学化学实验,,第3节-第8节,,133111
32.0,400140,大学化学实验(20122-133111-4),2012213311153372,,3,,91,1-17周(单),0,赵静,1-17周(单) 周四 第3节-第8节 ,2.0,化学学院,否,,周四,2012-2013-2,,2012213311153372,"2012地球科学与工程学院地质学类,2012地球科学与工程学院地质学",0,仙林校区,2012-2013学年 第2学期,53372,基础实验楼甲三,,否,,,,,,0,大学化学实验,,第3节-第8节,,133111
80.0,400140,有机化学(20122-133301-1),2012213330151869,,3,,129,"1-18周,1-18周",0,强琚莉,"1-18周 周三 第5节-第6节 仙Ⅰ-206,1-18周 周五 第5节-第7节 仙Ⅱ-306",5.0,化学学院,否,,"周三,周五",2012-2013-2,,2012213330151869,,0,仙林校区,2012-2013学年 第2学期,51869,"仙Ⅰ-206,仙Ⅱ-306",,否,,,,,,0,有机化学,"11,12","第5节-第6节,第5节-第7节","仙I区, 仙II区",133301
32.0,400140,有机化学实验(20122-133311-1),2012213331151866,,3,,52,1-17周(单),0,"武伟,全一武,吴石山,李琳,王庆军",1-17周(单) 周四 第3节-第8节 ,2.0,化学学院,否,,周四,2012-2013-2,,2012213331151866,,0,仙林校区,2012-2013学年 第2学期,51866,实验楼甲501、502、503、504,,否,,,,,,0,有机化学实验,,第3节-第8节,,133311
32.0,400140,有机化学实验(20122-133311-2),2012213331151867,,3,,52,2-18周(双),0,"全一武,李琳,王庆军,武伟,吴石山",2-18周(双) 周四 第3节-第8节 ,2.0,化学学院,否,,周四,2012-2013-2,,2012213331151867,,0,仙林校区,2012-2013学年 第2学期,51867,实验楼甲501、502、503、504,,否,,,,,,0,有机化学实验,,第3节-第8节,,133311
48.0,400140,基础化学(20122-133421B-1),20122133421B53371,,3,,75,1-18周,0,郭琳,1-18周 周三 第5节-第7节 逸B-306,3.0,化学学院,否,,周三,2012-2013-2,,20122133421B53371,"2011地球科学与工程学院地球化学,2011地球科学与工程学院地质学（地球物理学方向）,2011地球科学与工程学院地下水科学与工程,2011地球科学与工程学院水文与水资源工程,2011地球科学与工程学院地质工程",0,仙林校区,2012-2013学年 第2学期,53371,逸B-306,,否,,,,,,0,基础化学,16,第5节-第7节,逸夫楼B区,133421B
64.0,400140,化学原理(20122-133431A-1),20122133431A51841,,3,,53,"1-18周,1-18周",0,葛欣,"1-18周 周五 第3节-第4节 仙Ⅰ-213,1-18周 周二 第9节-第10节 仙Ⅰ-213",4.0,化学学院,否,,"周二,周五",2012-2013-2,,20122133431A51841,,0,仙林校区,2012-2013学年 第2学期,51841,"仙Ⅰ-213,仙Ⅰ-213",,否,,,,,,0,化学原理,11,"第9节-第10节,第3节-第4节",仙I区,133431A
64.0,400140,化学原理(20122-133431A-2),20122133431A51842,,3,,74,"1-18周,1-18周",0,赵斌,"1-18周 周五 第3节-第4节 逸B-207,1-18周 周二 第9节-第10节 逸B-205",4.0,化学学院,否,,"周二,周五",2012-2013-2,,20122133431A51842,"2012地球科学与工程学院地质学,2012地理与海洋科学学院地理科学",0,仙林校区,2012-2013学年 第2学期,51842,"逸B-205,逸B-207",,否,,,,,,0,化学原理,16,"第9节-第10节,第3节-第4节",逸夫楼B区,133431A
48.0,400140,高等物理化学I(20122-133432A-1),20122133432A51845,,3,,68,"1-18周,2-18周(双)",0,"周燕子,黎书华","1-18周 周一 第3节-第4节 仙Ⅱ-211,2-18周(双) 周四 第3节-第4节 仙Ⅰ-202",3.0,化学学院,否,,"周一,周四",2012-2013-2,,20122133432A51845,,0,仙林校区,2012-2013学年 第2学期,51845,"仙Ⅱ-211,仙Ⅰ-202",,否,,,,,,0,高等物理化学I,"11,12","第3节-第4节,第3节-第4节","仙I区, 仙II区",133432A
64.0,400140,谱学原理(20122-133441-1),2012213344151843,,3,,126,"1-18周,1-18周",0,刘军,"1-18周 周五 第5节-第6节 逸A-117,1-18周 周二 第7节-第8节 逸B-105",4.0,化学学院,否,,"周二,周五",2012-2013-2,,2012213344151843,,0,仙林校区,2012-2013学年 第2学期,51843,"逸B-105,逸A-117",,否,,,,,,0,谱学原理,"15,16","第7节-第8节,第5节-第6节","逸夫楼A区, 逸夫楼B区",133441
0.0,400220,普通生物学（下）(20122-140011B-1),20122140011B51081,,3,,74,"1-17周(单),1-17周",0,"喻富根,王强,陈建秀","1-17周 周四 第1节-第2节 仙Ⅰ-213,1-17周(单) 周二 第1节-第2节 仙Ⅰ-212",0.0,生命科学学院,否,,"周二,周四",2012-2013-2,,20122140011B51081,2012生命科学学院生物科学类,0,仙林校区,2012-2013学年 第2学期,51081,"仙Ⅰ-212,仙Ⅰ-213",,否,,,,,,0,普通生物学（下）,11,"第1节-第2节,第1节-第2节",仙I区,140011B
0.0,400220,普通生物学（下）(20122-140011B-2),20122140011B51849,,3,,33,"2-18周(双),1-17周",0,"黄亚红,陈建秀","1-17周 周四 第3节-第4节 逸B-209,2-18周(双) 周一 第7节-第8节 逸B-209",0.0,生命科学学院,否,,"周一,周四",2012-2013-2,,20122140011B51849,,0,仙林校区,2012-2013学年 第2学期,51849,"逸B-209,逸B-209",,否,,,,,,0,普通生物学（下）,16,"第7节-第8节,第3节-第4节",逸夫楼B区,140011B
16.0,400220,基础生物学技术（下）(20122-140021B-1),20122140021B51096,,3,,103,2-18周(双),0,"喻富根,黄成",2-18周(双) 周三 第3节-第4节 仙Ⅱ-303,1.0,生命科学学院,否,,周三,2012-2013-2,,20122140021B51096,2012生命科学学院生物科学类,0,仙林校区,2012-2013学年 第2学期,51096,仙Ⅱ-303,,否,,,,,,0,基础生物学技术（下）,12,第3节-第4节,仙II区,140021B
16.0,400220,基础生物学技术实验（下）(20122-140021F-1),20122140021F51104,,3,,32,1-17周,0,"喻富根,陈建秀,黄成",1-17周 周一 第1节-第2节 ,1.0,生命科学学院,否,,周一,2012-2013-2,,20122140021F51104,2012生命科学学院生物科学类,0,仙林校区,2012-2013学年 第2学期,51104,实验楼甲423,,否,,,,,,0,基础生物学技术实验（下）,,第1节-第2节,,140021F
16.0,400220,基础生物学技术实验（下）(20122-140021F-2),20122140021F51113,,3,,33,1-17周,0,"陈建秀,黄成,喻富根",1-17周 周一 第3节-第4节 ,1.0,生命科学学院,否,,周一,2012-2013-2,,20122140021F51113,2012生命科学学院生物科学类,0,仙林校区,2012-2013学年 第2学期,51113,实验楼甲423,,否,,,,,,0,基础生物学技术实验（下）,,第3节-第4节,,140021F
16.0,400220,基础生物学技术实验（下）(20122-140021F-3),20122140021F51844,,3,,32,1-17周,0,"喻富根,黄成",1-17周 周一 第5节-第6节 ,1.0,生命科学学院,否,,周一,2012-2013-2,,20122140021F51844,,0,仙林校区,2012-2013学年 第2学期,51844,实验楼甲423,,否,,,,,,0,基础生物学技术实验（下）,,第5节-第6节,,140021F
48.0,400220,遗传学(20122-140031-1),2012214003151117,,3,,44,1-17周,0,"黄亚红,庞延军",1-17周 周五 第5节-第7节 仙Ⅰ-212,3.0,生命科学学院,否,,周五,2012-2013-2,,2012214003151117,2012生命科学学院生物科学类,0,仙林校区,2012-2013学年 第2学期,51117,仙Ⅰ-212,,否,,,,,,0,遗传学,11,第5节-第7节,仙I区,140031
48.0,400220,遗传学(20122-140031-2),2012214003151846,,3,,35,1-17周,0,"赵庆顺,洪治",1-17周 周五 第5节-第7节 仙Ⅱ-115,3.0,生命科学学院,否,,周五,2012-2013-2,,2012214003151846,,0,仙林校区,2012-2013学年 第2学期,51846,仙Ⅱ-115,,否,,,,,,0,遗传学,12,第5节-第7节,仙II区,140031
48.0,400220,遗传学(20122-140031-3),2012214003153439,,3,,36,1-17周,0,李建梅,1-17周 周五 第5节-第7节 仙Ⅱ-102,3.0,生命科学学院,否,,周五,2012-2013-2,,2012214003153439,2012生命科学学院生物科学类,0,仙林校区,2012-2013学年 第2学期,53439,仙Ⅱ-102,,否,,,,,,0,遗传学,12,第5节-第7节,仙II区,140031
16.0,400220,遗传学实验(20122-140031T-1),20122140031T51150,,3,,32,1-17周,0,黄亚红,1-17周 周三 第7节-第8节 ,1.0,生命科学学院,否,,周三,2012-2013-2,,20122140031T51150,2012生命科学学院生物科学类,0,仙林校区,2012-2013学年 第2学期,51150,实验楼甲423,,否,,,,,,0,遗传学实验,,第7节-第8节,,140031T
16.0,400220,遗传学实验(20122-140031T-2),20122140031T51151,,3,,32,1-17周,0,庞延军,1-17周 周五 第3节-第4节 ,1.0,生命科学学院,否,,周五,2012-2013-2,,20122140031T51151,2012生命科学学院生物科学类,0,仙林校区,2012-2013学年 第2学期,51151,实验楼甲423,,否,,,,,,0,遗传学实验,,第3节-第4节,,140031T
16.0,400220,遗传学实验(20122-140031T-3),20122140031T51848,,3,,32,1-17周,0,庞延军,1-17周 周四 第5节-第6节 ,1.0,生命科学学院,否,,周四,2012-2013-2,,20122140031T51848,,0,仙林校区,2012-2013学年 第2学期,51848,实验楼甲423,,否,,,,,,0,遗传学实验,,第5节-第6节,,140031T
64.0,400220,生物化学实验1(20122-140061E-1),20122140061E51850,,3,,15,2-18周(双),0,李俊,2-18周(双) 周三 第3节-第8节 ,4.0,生命科学学院,否,,周三,2012-2013-2,,20122140061E51850,,0,仙林校区,2012-2013学年 第2学期,51850,实验楼甲421,,否,,,,,,0,生物化学实验1,,第3节-第8节,,140061E
64.0,400220,生物化学2(20122-140062-1),2012214006251401,,3,,83,"1-17周,1-17周",0,"杨荣武,张冬梅","1-17周 周二 第3节-第4节 仙Ⅰ-213,1-17周 周三 第5节-第6节 仙Ⅰ-317",4.0,生命科学学院,否,,"周二,周三",2012-2013-2,,2012214006251401,2011生命科学学院生物科学类,0,仙林校区,2012-2013学年 第2学期,51401,"仙Ⅰ-213,仙Ⅰ-317",,否,,,,,,0,生物化学2,11,"第3节-第4节,第5节-第6节",仙I区,140062
64.0,400220,生物化学2(20122-140062-2),2012214006251858,,3,,31,"1-17周,1-17周",0,"张冬梅,杨荣武","1-17周 周二 第5节-第6节 逸B-307,1-17周 周五 第7节-第8节 仙Ⅱ-216",4.0,生命科学学院,否,,"周二,周五",2012-2013-2,,2012214006251858,,0,仙林校区,2012-2013学年 第2学期,51858,"逸B-307,仙Ⅱ-216",,否,,,,,,0,生物化学2,"12,16","第5节-第6节,第7节-第8节","仙II区, 逸夫楼B区",140062
32.0,400220,生物化学实验2(20122-140062E-1),20122140062E51410,,3,,30,1-17周(单),0,李俊,1-17周(单) 周一 第3节-第8节 ,2.0,生命科学学院,否,,周一,2012-2013-2,,20122140062E51410,2011生命科学学院生物科学类,0,仙林校区,2012-2013学年 第2学期,51410,实验楼甲421,,否,,,,,,0,生物化学实验2,,第3节-第8节,,140062E
32.0,400220,生物化学实验2(20122-140062E-2),20122140062E51411,,3,,28,2-18周(双),0,李俊,2-18周(双) 周一 第3节-第8节 ,2.0,生命科学学院,否,,周一,2012-2013-2,,20122140062E51411,2011生命科学学院生物科学类,0,仙林校区,2012-2013学年 第2学期,51411,实验楼甲421,,否,,,,,,0,生物化学实验2,,第3节-第8节,,140062E
32.0,400220,生物化学实验2(20122-140062E-3),20122140062E51851,,3,,27,1-17周(单),0,李俊,1-17周(单) 周三 第3节-第8节 ,2.0,生命科学学院,否,,周三,2012-2013-2,,20122140062E51851,,0,仙林校区,2012-2013学年 第2学期,51851,实验楼甲421,,否,,,,,,0,生物化学实验2,,第3节-第8节,,140062E
96.0,400220,生物化学(20122-140063-1),2012214006351852,,3,,42,"1-17周,1-17周",0,杨荣武,"1-17周 周四 第5节-第8节 仙Ⅱ-513,1-17周 周一 第7节-第8节 仙Ⅱ-513",6.0,生命科学学院,否,,"周一,周四",2012-2013-2,,2012214006351852,,0,仙林校区,2012-2013学年 第2学期,51852,"仙Ⅱ-513,仙Ⅱ-513",,否,,,,,,0,生物化学,12,"第7节-第8节,第5节-第8节",仙II区,140063
48.0,400220,细胞生物学(20122-140071-1),2012214007151352,,3,,105,1-17周,0,张晶,1-17周 周三 第7节-第8节 逸B-405,3.0,生命科学学院,否,,周三,2012-2013-2,,2012214007151352,2011生命科学学院生物科学类,0,仙林校区,2012-2013学年 第2学期,51352,逸B-405,,否,,,,,,0,细胞生物学,16,第7节-第8节,逸夫楼B区,140071
48.0,400220,细胞生物学(20122-140071-2),2012214007151863,,3,,29,1-17周,0,陈江宁,1-17周 周四 第7节-第8节 仙Ⅱ-114,3.0,生命科学学院,否,,周四,2012-2013-2,,2012214007151863,,0,仙林校区,2012-2013学年 第2学期,51863,仙Ⅱ-114,,否,,,,,,0,细胞生物学,12,第7节-第8节,仙II区,140071
16.0,400220,细胞生物学实验(20122-140071E-1),20122140071E51360,,1,,42,1-17周,0,张晶,1-17周 周四 第5节-第7节 ,1.0,生命科学学院,否,,周四,2012-2013-2,,20122140071E51360,2011生命科学学院生物科学类,0,鼓楼校区,2012-2013学年 第2学期,51360,西南楼306,,否,,,,,,0,细胞生物学实验,,第5节-第7节,,140071E
16.0,400220,细胞生物学实验(20122-140071E-2),20122140071E51361,,1,,43,1-17周,0,张晶,1-17周 周四 第2节-第4节 ,1.0,生命科学学院,否,,周四,2012-2013-2,,20122140071E51361,2011生命科学学院生物科学类,0,鼓楼校区,2012-2013学年 第2学期,51361,西南楼306,,否,,,,,,0,细胞生物学实验,,第2节-第4节,,140071E
16.0,400220,细胞生物学实验(20122-140071E-3),20122140071E51865,,1,,27,1-17周,0,薛雅蓉,1-17周 周五 第2节-第4节 ,1.0,生命科学学院,否,,周五,2012-2013-2,,20122140071E51865,,0,鼓楼校区,2012-2013学年 第2学期,51865,西南楼306,,否,,,,,,0,细胞生物学实验,,第2节-第4节,,140071E
32.0,400220,生态学(20122-140131-1),2012214013151584,,3,,65,1-17周,0,何祯祥,1-17周 周二 第1节-第2节 仙Ⅰ-103,2.0,生命科学学院,否,,周二,2012-2013-2,,2012214013151584,2010生命科学学院生物科学类,0,仙林校区,2012-2013学年 第2学期,51584,仙Ⅰ-103,,否,,,,,,0,生态学,11,第1节-第2节,仙I区,140131
32.0,400220,生态学(20122-140131-2),2012214013152017,,3,,89,1-17周,0,"刘茂松,徐驰",1-17周 周二 第7节-第8节 仙Ⅱ-103,2.0,生命科学学院,否,,周二,2012-2013-2,,2012214013152017,2011生命科学学院生物科学类,0,仙林校区,2012-2013学年 第2学期,52017,仙Ⅱ-103,,否,,,,,,0,生态学,12,第7节-第8节,仙II区,140131
48.0,400220,生理学1(20122-140141-1),2012214014152608,,3,,14,1-17周,0,罗兰,1-17周 周五 第5节-第7节 逸B-301,3.0,生命科学学院,否,,周五,2012-2013-2,,2012214014152608,2010物理学院物理学类,0,仙林校区,2012-2013学年 第2学期,52608,逸B-301,,否,,,,,,0,生理学1,16,第5节-第7节,逸夫楼B区,140141
128.0,400220,毕业论文(20122-140171-1),2012214017151037,,1,,108,,0,,,8.0,生命科学学院,否,,,2012-2013-2,,2012214017151037,2009生命科学学院生物科学类,0,鼓楼校区,2012-2013学年 第2学期,51037,,,否,,,,,,0,毕业论文,,,,140171
64.0,400220,分子生物学(20122-141121-1),2012214112151384,,3,,96,"1-17周,1-17周",0,沈燕,"1-17周 周三 第1节-第2节 逸B-405,1-17周 周二 第5节-第6节 仙Ⅱ-103",4.0,生命科学学院,否,,"周二,周三",2012-2013-2,,2012214112151384,2011生命科学学院生物科学类,0,仙林校区,2012-2013学年 第2学期,51384,"仙Ⅱ-103,逸B-405",,否,,,,,,0,分子生物学,"12,16","第5节-第6节,第1节-第2节","仙II区, 逸夫楼B区",141121
64.0,400220,分子生物学(20122-141121-2),2012214112151859,,3,,35,"1-17周,1-17周",0,郑伟娟,"1-17周 周一 第3节-第4节 逸B-310,1-17周 周四 第5节-第6节 逸B-304",4.0,生命科学学院,否,,"周一,周四",2012-2013-2,,2012214112151859,,0,仙林校区,2012-2013学年 第2学期,51859,"逸B-310,逸B-304",,否,,,,,,0,分子生物学,16,"第3节-第4节,第5节-第6节",逸夫楼B区,141121
16.0,400220,分子生物学实验(20122-141121E-1),20122141121E51395,,1,,42,1-17周,0,臧宇辉,1-17周 周四 第2节-第4节 ,1.0,生命科学学院,否,,周四,2012-2013-2,,20122141121E51395,2011生命科学学院生物科学类,0,鼓楼校区,2012-2013学年 第2学期,51395,西南楼106,,否,,,,,,0,分子生物学实验,,第2节-第4节,,141121E
16.0,400220,分子生物学实验(20122-141121E-2),20122141121E51396,,1,,43,1-17周,0,臧宇辉,1-17周 周四 第5节-第7节 ,1.0,生命科学学院,否,,周四,2012-2013-2,,20122141121E51396,2011生命科学学院生物科学类,0,鼓楼校区,2012-2013学年 第2学期,51396,西南楼106,,否,,,,,,0,分子生物学实验,,第5节-第7节,,141121E
16.0,400220,分子生物学实验(20122-141121E-3),20122141121E51861,,1,,28,1-17周,0,张敏跃,1-17周 周一 第5节-第7节 ,1.0,生命科学学院,否,,周一,2012-2013-2,,20122141121E51861,,0,鼓楼校区,2012-2013学年 第2学期,51861,西南楼106,,否,,,,,,0,分子生物学实验,,第5节-第7节,,141121E
64.0,400220,生化分析(20122-142011-1),2012214201151424,,3,,14,"1-17周,1-17周",0,丁益,"1-17周 周一 第1节-第2节 逸B-404,1-17周 周三 第3节-第4节 逸B-404",4.0,生命科学学院,否,,"周一,周三",2012-2013-2,,2012214201151424,2011生命科学学院生物科学类,0,仙林校区,2012-2013学年 第2学期,51424,"逸B-404,逸B-404",,否,,,,,,0,生化分析,16,"第1节-第2节,第3节-第4节",逸夫楼B区,142011
48.0,400220,生化分析实验(20122-142011E-1),20122142011E51431,,1,,2,1-17周,0,唐惠炜,1-17周 周五 第2节-第8节 ,3.0,生命科学学院,否,,周五,2012-2013-2,,20122142011E51431,2011生命科学学院生物科学类,0,鼓楼校区,2012-2013学年 第2学期,51431,西南楼108,,否,,,,,,0,生化分析实验,,第2节-第8节,,142011E
48.0,400220,生态工程学(20122-143031-1),2012214303151606,,3,,16,1-17周,0,王中生,1-17周 周四 第2节-第4节 仙Ⅰ-519,3.0,生命科学学院,否,,周四,2012-2013-2,,2012214303151606,2010生命科学学院生物科学类,0,仙林校区,2012-2013学年 第2学期,51606,仙Ⅰ-519,,否,,,,,,0,生态工程学,11,第2节-第4节,仙I区,143031
48.0,400220,群体生态学(20122-143041-1),2012214304151614,,1,,4,,0,,,3.0,生命科学学院,否,,,2012-2013-2,,2012214304151614,2010生命科学学院生物科学类,0,鼓楼校区,2012-2013学年 第2学期,51614,,,否,,,,,,0,群体生态学,,,,143041
32.0,400220,生物地理学(20122-143051-1),2012214305151619,,3,,20,1-17周,0,牛克昌,1-17周 周四 第7节-第8节 仙Ⅱ-115,2.0,生命科学学院,否,,周四,2012-2013-2,,2012214305151619,2010生命科学学院生物科学类,0,仙林校区,2012-2013学年 第2学期,51619,仙Ⅱ-115,,否,,,,,,0,生物地理学,12,第7节-第8节,仙II区,143051
48.0,400220,生理与个体生态学(20122-143091-1),2012214309153025,,3,,7,1-17周,0,赵德华,1-17周 周一 第5节-第7节 仙Ⅱ-523,3.0,生命科学学院,否,,周一,2012-2013-2,,2012214309153025,2010生命科学学院生物科学类,0,仙林校区,2012-2013学年 第2学期,53025,仙Ⅱ-523,,否,,,,,,0,生理与个体生态学,12,第5节-第7节,仙II区,143091
32.0,400220,药物分析(20122-144031-1),2012214403151623,,3,,1,,0,,,2.0,生命科学学院,否,,,2012-2013-2,,2012214403151623,,0,仙林校区,2012-2013学年 第2学期,51623,,,否,,,,,,0,药物分析,,,,144031
32.0,400220,药剂学(20122-144041-1),2012214404151625,,3,,13,1-17周,0,"吴锦慧,胡一桥",1-17周 周五 第2节-第4节 仙Ⅱ-116,2.0,生命科学学院,否,,周五,2012-2013-2,,2012214404151625,2010生命科学学院生物科学类,0,仙林校区,2012-2013学年 第2学期,51625,仙Ⅱ-116,,否,,,,,,0,药剂学,12,第2节-第4节,仙II区,144041
32.0,400220,药事法规(20122-144061-1),2012214406151632,,3,,2,1-17周,0,"孔令东,潘颖",1-17周 周五 第7节-第8节 仙Ⅱ-116,2.0,生命科学学院,否,,周五,2012-2013-2,,2012214406151632,2010生命科学学院生物科学类,0,仙林校区,2012-2013学年 第2学期,51632,仙Ⅱ-116,,否,,,,,,0,药事法规,12,第7节-第8节,仙II区,144061
48.0,400220,药理学(20122-144071-1),2012214407151636,,3,,19,1-17周,0,"孙洋,吴雪丰,徐强",1-17周 周二 第5节-第7节 仙Ⅱ-216,3.0,生命科学学院,否,,周二,2012-2013-2,,2012214407151636,2010生命科学学院生物科学类,0,仙林校区,2012-2013学年 第2学期,51636,仙Ⅱ-216,,否,,,,,,0,药理学,12,第5节-第7节,仙II区,144071
32.0,400220,药理学实验(20122-144071E-1),20122144071E51644,,1,,6,1-17周,0,"吴雪丰,吴旭东",1-17周 周一 第1节-第4节 ,2.0,生命科学学院,否,,周一,2012-2013-2,,20122144071E51644,2010生命科学学院生物科学类,0,鼓楼校区,2012-2013学年 第2学期,51644,西南楼310,,否,,,,,,0,药理学实验,,第1节-第4节,,144071E
64.0,400220,神经生物学(20122-145021-1),2012214502151647,,3,,8,"1-17周,1-17周",0,"朱景宁,王建军","1-17周 周二 第3节-第4节 逸B-303,1-17周 周四 第5节-第6节 仙Ⅱ-115",4.0,生命科学学院,否,,"周二,周四",2012-2013-2,,2012214502151647,2010生命科学学院生物科学类,0,仙林校区,2012-2013学年 第2学期,51647,"逸B-303,仙Ⅱ-115",,否,,,,,,0,神经生物学,"12,16","第3节-第4节,第5节-第6节","仙II区, 逸夫楼B区",145021
48.0,400220,免疫学(20122-145031-1),2012214503151649,,3,,9,1-17周,0,薛雅蓉,1-17周 周二 第5节-第7节 仙Ⅱ-104,3.0,生命科学学院,否,,周二,2012-2013-2,,2012214503151649,2010生命科学学院生物科学类,0,仙林校区,2012-2013学年 第2学期,51649,仙Ⅱ-104,,否,,,,,,0,免疫学,12,第5节-第7节,仙II区,145031
16.0,400220,免疫学实验(20122-145031E-1),20122145031E51651,,1,,3,1-17周,0,薛雅蓉,1-17周 周一 第5节-第7节 ,1.0,生命科学学院,否,,周一,2012-2013-2,,20122145031E51651,2010生命科学学院生物科学类,0,鼓楼校区,2012-2013学年 第2学期,51651,西南楼306,,否,,,,,,0,免疫学实验,,第5节-第7节,,145031E
32.0,400220,藻类生物学(20122-146041-1),2012214604152906,,3,,7,1-17周,0,李朋富,1-17周 周五 第1节-第2节 仙Ⅱ-217,2.0,生命科学学院,否,,周五,2012-2013-2,,2012214604152906,2010生命科学学院生物科学类,0,仙林校区,2012-2013学年 第2学期,52906,仙Ⅱ-217,,否,,,,,,0,藻类生物学,12,第1节-第2节,仙II区,146041
48.0,400220,组织学(20122-147011-1),2012214701151669,,3,,0,,0,,,3.0,生命科学学院,否,,,2012-2013-2,,2012214701151669,,0,仙林校区,2012-2013学年 第2学期,51669,,,否,,,,,,0,组织学,,,,147011
16.0,400220,组织学实验(20122-147011E-1),20122147011E51697,,3,,0,,0,,,1.0,生命科学学院,否,,,2012-2013-2,,20122147011E51697,,0,仙林校区,2012-2013学年 第2学期,51697,,,否,,,,,,0,组织学实验,,,,147011E
32.0,400220,鸟类学(20122-147031-1),2012214703151706,,3,,3,,0,,,2.0,生命科学学院,否,,,2012-2013-2,,2012214703151706,,0,仙林校区,2012-2013学年 第2学期,51706,,,否,,,,,,0,鸟类学,,,,147031
64.0,400220,昆虫学(20122-147041-1),2012214704151711,,3,,13,1-17周,0,吴岷,1-17周 周五 第9节-第10节 逸A-213,4.0,生命科学学院,否,,周五,2012-2013-2,,2012214704151711,2010生命科学学院生物科学类,0,仙林校区,2012-2013学年 第2学期,51711,逸A-213,,否,,,,,,0,昆虫学,15,第9节-第10节,逸夫楼A区,147041
32.0,400220,小鼠行为学(20122-147071-1),2012214707151715,,3,,5,1-17周,0,张骑鹏,1-17周 周一 第9节-第10节 逸A-213,2.0,生命科学学院,否,,周一,2012-2013-2,,2012214707151715,2010生命科学学院生物科学类,0,仙林校区,2012-2013学年 第2学期,51715,逸A-213,,否,,,,,,0,小鼠行为学,15,第9节-第10节,逸夫楼A区,147071
32.0,400220,生物哲学(20122-148011-1),2012214801151717,,3,,11,1-17周,0,王良斌,1-17周 周五 第3节-第4节 仙Ⅱ-216,2.0,生命科学学院,否,,周五,2012-2013-2,,2012214801151717,2010生命科学学院生物科学类,0,仙林校区,2012-2013学年 第2学期,51717,仙Ⅱ-216,,否,,,,,,0,生物哲学,12,第3节-第4节,仙II区,148011
32.0,400220,结构生物学(20122-148021-1),2012214802151720,,3,,9,1-17周,0,李家璜,1-17周 周五 第1节-第2节 仙Ⅱ-216,2.0,生命科学学院,否,,周五,2012-2013-2,,2012214802151720,2010生命科学学院生物科学类,0,仙林校区,2012-2013学年 第2学期,51720,仙Ⅱ-216,,否,,,,,,0,结构生物学,12,第1节-第2节,仙II区,148021
48.0,400220,大学生物学(20122-149011-1),2012214901151981,,3,,16,1-17周,0,"黄成,焦瑞华",1-17周 周三 第5节-第7节 环科楼B-107,3.0,生命科学学院,否,,周三,2012-2013-2,,2012214901151981,,0,仙林校区,2012-2013学年 第2学期,51981,环科楼B-107,,否,,,,,,0,大学生物学,111,第5节-第7节,环科楼,149011
16.0,400220,大学生物学实验(20122-149011T-1),20122149011T51983,,3,,18,1-17周,0,"焦瑞华,黄成",1-17周 周三 第9节-第10节 ,1.0,生命科学学院,否,,周三,2012-2013-2,,20122149011T51983,,0,仙林校区,2012-2013学年 第2学期,51983,实验楼甲420,,否,,,,,,0,大学生物学实验,,第9节-第10节,,149011T
64.0,400220,大学生物学(20122-149012-1),2012214901251808,,3,,59,"1-17周,1-17周",0,"朱景宁,朱昱苹","1-17周 周三 第1节-第2节 逸B-212,1-17周 周五 第5节-第6节 仙Ⅰ-319",4.0,生命科学学院,否,,"周三,周五",2012-2013-2,,2012214901251808,2011物理学院物理学类,0,仙林校区,2012-2013学年 第2学期,51808,"逸B-212,仙Ⅰ-319",,否,,,,,,0,大学生物学,"11,16","第1节-第2节,第5节-第6节","仙I区, 逸夫楼B区",149012
64.0,400220,大学生物学(20122-149012-2),2012214901251853,,3,,127,"1-17周,1-17周",0,"喻富根,陈建秀,黄亚红","1-17周 周五 第3节-第4节 仙Ⅰ-524,1-17周 周二 第7节-第8节 逸B-101",4.0,生命科学学院,否,,"周二,周五",2012-2013-2,,2012214901251853,,0,仙林校区,2012-2013学年 第2学期,51853,"逸B-101,仙Ⅰ-524",,否,,,,,,0,大学生物学,"11,16","第7节-第8节,第3节-第4节","仙I区, 逸夫楼B区",149012
64.0,400220,大学生物学(20122-149012-3),2012214901251854,,3,,118,"1-17周,1-17周",0,"喻富根,黄亚红,陈建秀","1-17周 周五 第1节-第2节 仙Ⅰ-524,1-17周 周二 第5节-第6节 逸B-105",4.0,生命科学学院,否,,"周二,周五",2012-2013-2,,2012214901251854,2011地理与海洋科学学院海洋科学,0,仙林校区,2012-2013学年 第2学期,51854,"逸B-105,仙Ⅰ-524",,否,,,,,,0,大学生物学,"11,16","第5节-第6节,第1节-第2节","仙I区, 逸夫楼B区",149012
48.0,400220,生物化学(20122-149021-1),2012214902151774,,3,,134,"1-17周,1-17周(单)",0,焦瑞清,"1-17周 周一 第1节-第2节 仙Ⅰ-524,1-17周(单) 周四 第7节-第8节 仙Ⅰ-524",3.0,生命科学学院,否,,"周一,周四",2012-2013-2,,2012214902151774,2011化学学院化学,0,仙林校区,2012-2013学年 第2学期,51774,"仙Ⅰ-524,仙Ⅰ-524",,否,,,,,,0,生物化学,11,"第1节-第2节,第7节-第8节",仙I区,149021
64.0,400220,生物化学(20122-149022-1),2012214902251984,,3,,43,"1-17周,1-17周",0,刘新建,"1-17周 周一 第3节-第4节 环科楼B-103,1-17周 周四 第3节-第4节 环科楼B-101",4.0,生命科学学院,否,,"周一,周四",2012-2013-2,,2012214902251984,,0,仙林校区,2012-2013学年 第2学期,51984,"环科楼B-103,环科楼B-101",,否,,,,,,0,生物化学,111,"第3节-第4节,第3节-第4节",环科楼,149022
16.0,400220,生物化学实验(20122-149022T-1),20122149022T51985,,3,,46,1-17周(单),0,刘新建,1-17周(单) 周二 第5节-第8节 ,1.0,生命科学学院,否,,周二,2012-2013-2,,20122149022T51985,,0,仙林校区,2012-2013学年 第2学期,51985,实验楼甲421,,否,,,,,,0,生物化学实验,,第5节-第8节,,149022T
32.0,400220,生物化学实验(20122-149023T-1),20122149023T52672,,3,,26,1-17周(单),0,王晓勇,1-17周(单) 周四 第3节-第10节 ,2.0,生命科学学院,否,,周四,2012-2013-2,,20122149023T52672,2011医学院医学类,0,仙林校区,2012-2013学年 第2学期,52672,实验楼甲421,,否,,,,,,0,生物化学实验,,第3节-第10节,,149023T
32.0,400220,生物化学实验(20122-149023T-2),20122149023T52673,,3,,32,2-18周(双),0,王晓勇,2-18周(双) 周四 第3节-第10节 ,2.0,生命科学学院,否,,周四,2012-2013-2,,20122149023T52673,2011医学院医学类,0,仙林校区,2012-2013学年 第2学期,52673,实验楼甲421,,否,,,,,,0,生物化学实验,,第3节-第10节,,149023T
32.0,400220,生物化学实验(20122-149023T-3),20122149023T52674,,3,,30,1-17周(单),0,卢彦,1-17周(单) 周五 第3节-第10节 ,2.0,生命科学学院,否,,周五,2012-2013-2,,20122149023T52674,2011医学院医学类,0,仙林校区,2012-2013学年 第2学期,52674,实验楼甲421,,否,,,,,,0,生物化学实验,,第3节-第10节,,149023T
32.0,400220,生物化学实验(20122-149023T-4),20122149023T52675,,3,,27,2-18周(双),0,卢彦,2-18周(双) 周五 第3节-第10节 ,2.0,生命科学学院,否,,周五,2012-2013-2,,20122149023T52675,2011医学院医学类,0,仙林校区,2012-2013学年 第2学期,52675,实验楼甲421,,否,,,,,,0,生物化学实验,,第3节-第10节,,149023T
32.0,400220,病理学概论(20122-149111-1),2012214911151726,,3,,15,1-17周,0,"项阳,张骑鹏",1-17周 周五 第5节-第6节 仙Ⅱ-116,2.0,生命科学学院,否,,周五,2012-2013-2,,2012214911151726,2010生命科学学院生物科学类,0,仙林校区,2012-2013学年 第2学期,51726,仙Ⅱ-116,,否,,,,,,0,病理学概论,12,第5节-第6节,仙II区,149111
32.0,400220,药剂学实验(20122-149115-1),2012214911551727,,1,,3,2-18周(双),0,吴锦慧,2-18周(双) 周一 第5节-第8节 ,2.0,生命科学学院,否,,周一,2012-2013-2,,2012214911551727,2010生命科学学院生物科学类,0,鼓楼校区,2012-2013学年 第2学期,51727,鼓楼科技馆616,,否,,,,,,0,药剂学实验,,第5节-第8节,,149115
32.0,400220,生物数据建模(20122-149117-1),2012214911751742,,3,,1,,0,,,2.0,生命科学学院,否,,,2012-2013-2,,2012214911751742,,0,仙林校区,2012-2013学年 第2学期,51742,,,否,,,,,,0,生物数据建模,,,,149117
32.0,400220,病毒学(20122-149120-1),2012214912051745,,3,,11,1-17周,0,顾宏伟,1-17周 周四 第9节-第10节 逸A-212,2.0,生命科学学院,否,,周四,2012-2013-2,,2012214912051745,2010生命科学学院生物科学类,0,仙林校区,2012-2013学年 第2学期,51745,逸A-212,,否,,,,,,0,病毒学,15,第9节-第10节,逸夫楼A区,149120
32.0,400220,消化系统疾病病理学(20122-149127-1),2012214912751751,,3,,16,1-17周,0,吴旭东,1-17周 周四 第3节-第4节 逸B-202,2.0,生命科学学院,否,,周四,2012-2013-2,,2012214912751751,2010生命科学学院生物科学类,0,仙林校区,2012-2013学年 第2学期,51751,逸B-202,,否,,,,,,0,病理生理学,16,第3节-第4节,逸夫楼B区,149127
64.0,400190,普通地质学(20122-150010-1),2012215001052931,,3,,101,"1-17周,1-17周,1-17周",0,"舒良树,王博,解国爱","1-17周 周三 第5节-第6节 仙Ⅰ-319,1-17周 周三 第7节-第10节 ,1-17周 周五 第5节-第6节 仙Ⅱ-504",4.0,地球科学与工程学院,否,,"周三,周五,周三",2012-2013-2,,2012215001052931,"2012地球科学与工程学院地质学类,2012地球科学与工程学院地质学",0,仙林校区,2012-2013学年 第2学期,52931,"仙Ⅰ-319,仙Ⅱ-504,实验楼丙102",,否,,,,,,0,普通地质学,"11,12","第5节-第6节,第5节-第6节,第7节-第10节","仙I区, 仙II区",150010
48.0,400190,地球物理基础(20122-151020-1),2012215102053066,,3,,0,1-17周,0,,1-17周 周一 第1节-第2节 ,3.0,地球科学与工程学院,否,,周一,2012-2013-2,,2012215102053066,,0,仙林校区,2012-2013学年 第2学期,53066,无,,否,,,,,,0,地球物理基础,,第1节-第2节,,151020
48.0,400190,地球物理基础(20122-151020-1),2012215102053073,,3,,42,"1-17周,1-17周(单),2-18周(双)",0,米宁,"1-17周 周三 第1节-第2节 仙Ⅰ-201,2-18周(双) 周五 第3节-第4节 ,1-17周(单) 周五 第3节-第4节 逸B-306",3.0,地球科学与工程学院,否,,"周三,周五,周五",2012-2013-2,,2012215102053073,"2010地球科学与工程学院地质工程,2011地球科学与工程学院地质学（地球物理学方向）,2011地球科学与工程学院地球化学",0,仙林校区,2012-2013学年 第2学期,53073,"仙Ⅰ-201,逸B-306,实验楼丙103",,否,,,,,,0,地球物理基础,"11,16","第1节-第2节,第3节-第4节,第3节-第4节","仙I区, 逸夫楼B区",151020
32.0,400190,矿物信息学(20122-151060-1),2012215106053089,,3,,12,1-17周,0,胡欢,1-17周 周二 第5节-第6节 逸B-401,2.0,地球科学与工程学院,否,,周二,2012-2013-2,,2012215106053089,"2010地球科学与工程学院地质学,2010地球科学与工程学院地球化学",0,仙林校区,2012-2013学年 第2学期,53089,逸B-401,,否,,,,,,0,矿物信息学,16,第5节-第6节,逸夫楼B区,151060
32.0,400190,现代矿物学理论与应用(20122-151070-1),2012215107053088,,3,,21,1-17周,0,"王汝成,陆现彩",1-17周 周三 第3节-第4节 逸C-520,2.0,地球科学与工程学院,否,,周三,2012-2013-2,,2012215107053088,"2010地球科学与工程学院地质学,2010地球科学与工程学院地球化学",0,仙林校区,2012-2013学年 第2学期,53088,逸C-520,,否,,,,,,0,现代矿物学理论与应用,17,第3节-第4节,逸夫楼C区,151070
32.0,400190,遥感地质学(20122-151090-1),2012215109053091,,3,,8,1-17周,0,"董少春,尹宏伟",1-17周 周一 第5节-第6节 图书馆125,2.0,地球科学与工程学院,否,,周一,2012-2013-2,,2012215109053091,"2010地球科学与工程学院地质学,2010地球科学与工程学院地质工程,2010地球科学与工程学院地球化学",0,仙林校区,2012-2013学年 第2学期,53091,图书馆125,,否,,,,,,0,遥感地质学,18,第5节-第6节,图书馆,151090
48.0,400190,水文地质工程地质概论(20122-151120-1),2012215112053078,,3,,58,"2-18周(双),1-17周",0,"吴剑锋,唐朝生","1-17周 周三 第3节-第4节 逸C-420,2-18周(双) 周一 第5节-第6节 逸C-420",3.0,地球科学与工程学院,否,,"周一,周三",2012-2013-2,,2012215112053078,2011地球科学与工程学院地球化学,0,仙林校区,2012-2013学年 第2学期,53078,"逸C-420,逸C-420",,否,,,,,,0,水文地质工程地质概论,17,"第5节-第6节,第3节-第4节",逸夫楼C区,151120
48.0,400190,多媒体技术与应用(20122-151131-1),2012215113153086,,3,,30,"1-17周,1-17周",0,徐巧慧,"1-17周 周三 第5节-第6节 逸B-405,1-17周 周三 第7节-第8节 ",3.0,地球科学与工程学院,否,,"周三,周三",2012-2013-2,,2012215113153086,"2010地球科学与工程学院地质学,2010地球科学与工程学院地下水科学与工程,2010地球科学与工程学院水文与水资源工程,2010地球科学与工程学院地质工程,2010地球科学与工程学院地球化学",0,仙林校区,2012-2013学年 第2学期,53086,"逸B-405,实验楼丙106",,否,,,,,,0,多媒体技术与应用,16,"第5节-第6节,第7节-第8节",逸夫楼B区,151131
48.0,400190,地球化学(20122-152010-1),2012215201053079,,3,,67,"1-17周,1-17周(单)",0,"刘连文,张朝晖","1-17周(单) 周四 第1节-第2节 仙Ⅰ-212,1-17周 周一 第3节-第4节 逸C-420",3.0,地球科学与工程学院,否,,"周一,周四",2012-2013-2,,2012215201053079,"2011地球科学与工程学院地球化学,2011地球科学与工程学院地质学（地球物理学方向）",0,仙林校区,2012-2013学年 第2学期,53079,"逸C-420,仙Ⅰ-212",,否,,,,,,0,地球化学,"11,17","第3节-第4节,第1节-第2节","仙I区, 逸夫楼C区",152010
32.0,400190,晶体光学(20122-152030-1),2012215203053074,,3,,52,"1-7周,1-7周(单),1-7周",0,汪相,"1-7周 周四 第3节-第4节 逸B-305,1-7周 周四 第5节-第8节 ,1-7周(单) 周一 第5节-第6节 逸C-420",2.0,地球科学与工程学院,否,,"周四,周一,周四",2012-2013-2,,2012215203053074,2011地球科学与工程学院地球化学,0,仙林校区,2012-2013学年 第2学期,53074,"逸B-305,逸C-420,实验楼丙204",,否,,,,,,0,晶体光学,"16,17","第3节-第4节,第5节-第6节,第5节-第8节","逸夫楼B区, 逸夫楼C区",152030
32.0,400190,火成岩石学(20122-152040-1),2012215204053077,,3,,51,"9-17周(单),8-17周,8-17周",0,邱检生,"8-17周 周四 第3节-第4节 逸B-305,8-17周 周四 第5节-第8节 ,9-17周(单) 周一 第5节-第6节 逸C-420",2.0,地球科学与工程学院,否,,"周一,周四,周四",2012-2013-2,,2012215204053077,2011地球科学与工程学院地球化学,0,仙林校区,2012-2013学年 第2学期,53077,"逸C-420,逸B-305,实验楼丙204",,否,,,,,,0,火成岩石学,"16,17","第5节-第6节,第3节-第4节,第5节-第8节","逸夫楼B区, 逸夫楼C区",152040
32.0,400190,生物地球化学(20122-152090-1),2012215209053095,,3,,10,1-17周,0,"陈暘,周斌",1-17周 周四 第3节-第4节 逸B-509,2.0,地球科学与工程学院,否,,周四,2012-2013-2,,2012215209053095,2010地球科学与工程学院地球化学,0,仙林校区,2012-2013学年 第2学期,53095,逸B-509,,否,,,,,,0,生物地球化学,16,第3节-第4节,逸夫楼B区,152090
32.0,400190,全球变化(20122-152120-1),2012215212053093,,3,,23,1-17周,0,李高军,1-17周 周一 第7节-第8节 逸B-509,2.0,地球科学与工程学院,否,,周一,2012-2013-2,,2012215212053093,"2010地球科学与工程学院地球化学,2010地球科学与工程学院地质工程",0,仙林校区,2012-2013学年 第2学期,53093,逸B-509,,否,,,,,,0,全球变化,16,第7节-第8节,逸夫楼B区,152120
32.0,400190,环境地质学(20122-152130-1),2012215213053094,,3,,30,1-17周,0,"吴卫华,赵良",1-17周 周一 第3节-第4节 图书馆127,2.0,地球科学与工程学院,否,,周一,2012-2013-2,,2012215213053094,"2010地球科学与工程学院地球化学,2010地球科学与工程学院地下水科学与工程,2010地球科学与工程学院水文与水资源工程,2010地球科学与工程学院地质工程",0,仙林校区,2012-2013学年 第2学期,53094,图书馆127,,否,,,,,,0,环境地质学,18,第3节-第4节,图书馆,152130
48.0,400190,油气资源概论(20122-152150-1),2012215215053087,,3,,38,"1-17周,2-18周(双)",0,胡文瑄,"1-17周 周二 第3节-第4节 逸B-312,2-18周(双) 周五 第3节-第4节 逸B-306",3.0,地球科学与工程学院,否,,"周二,周五",2012-2013-2,,2012215215053087,"2010地球科学与工程学院地质学,2010地球科学与工程学院地质学（地球物理学方向）,2010地球科学与工程学院地球化学",0,仙林校区,2012-2013学年 第2学期,53087,"逸B-312,逸B-306",,否,,,,,,0,油气资源概论,16,"第3节-第4节,第3节-第4节",逸夫楼B区,152150
32.0,400190,矿相学(20122-152160-1),2012215216053090,,3,,25,"1-17周(单),2-18周(双)",0,"倪培,戴宝章","1-17周(单) 周五 第5节-第6节 ,2-18周(双) 周五 第5节-第6节 ",2.0,地球科学与工程学院,否,,"周五,周五",2012-2013-2,,2012215216053090,"2010地球科学与工程学院地质学,2010地球科学与工程学院地球化学",0,仙林校区,2012-2013学年 第2学期,53090,"实验楼丙202,实验楼丙206",,否,,,,,,0,矿相学,,"第5节-第6节,第5节-第6节",,152160
32.0,400190,流体包裹体(20122-152180-1),2012215218053105,,3,,10,"1-9周,1-9周",0,倪培,"1-9周 周二 第3节-第4节 逸B-405,1-9周 周四 第3节-第4节 逸B-306",2.0,地球科学与工程学院,否,,"周二,周四",2012-2013-2,,2012215218053105,"2009地球科学与工程学院地质学,2009地球科学与工程学院地质学（古生物学方向）,2009地球科学与工程学院地质工程,2009地球科学与工程学院地球化学",0,仙林校区,2012-2013学年 第2学期,53105,"逸B-405,逸B-306",,否,,,,,,0,流体包裹体,16,"第3节-第4节,第3节-第4节",逸夫楼B区,152180
48.0,400190,工程岩土学(20122-153020-1),2012215302053084,,3,,35,"1-17周(单),1-17周,1-17周",0,王宝军,"1-17周 周四 第3节-第4节 逸B-404,1-17周 周四 第5节-第6节 ,1-17周(单) 周二 第3节-第4节 逸C-303",3.0,地球科学与工程学院,否,,"周二,周四,周四",2012-2013-2,,2012215302053084,"2011地球科学与工程学院地质工程,2011地球科学与工程学院地下水科学与工程",0,仙林校区,2012-2013学年 第2学期,53084,"逸C-303,逸B-404,实验楼丙114",,否,,,,,,0,工程岩土学,"16,17","第3节-第4节,第3节-第4节,第5节-第6节","逸夫楼B区, 逸夫楼C区",153020
32.0,400190,地基处理与基础设计(20122-153050-1),2012215305053103,,3,,21,"1-17周,2-18周(双)",0,"李晓昭,赵晓豹","1-17周 周三 第3节-第4节 逸A-417,2-18周(双) 周五 第5节-第6节 逸B-201",2.0,地球科学与工程学院,否,,"周三,周五",2012-2013-2,,2012215305053103,2010地球科学与工程学院地质工程,0,仙林校区,2012-2013学年 第2学期,53103,"逸A-417,逸B-201",,否,,,,,,0,地基处理,"15,16","第3节-第4节,第5节-第6节","逸夫楼A区, 逸夫楼B区",153050
48.0,400190,弹性力学(20122-153070-1),2012215307053085,,3,,25,"2-18周(双),1-17周",0,朱鸿鹄,"1-17周 周五 第3节-第4节 逸B-307,2-18周(双) 周二 第3节-第4节 逸C-303",3.0,地球科学与工程学院,否,,"周二,周五",2012-2013-2,,2012215307053085,2011地球科学与工程学院地质工程,0,仙林校区,2012-2013学年 第2学期,53085,"逸C-303,逸B-307",,否,,,,,,0,弹性力学,"16,17","第3节-第4节,第3节-第4节","逸夫楼B区, 逸夫楼C区",153070
48.0,400190,岩石力学(20122-153090-1),2012215309053104,,3,,8,"1-17周,1-17周(单),2-18周(双)",0,"赵晓豹,许宝田","1-17周 周二 第3节-第4节 逸C-205,2-18周(双) 周四 第3节-第4节 ,1-17周(单) 周四 第3节-第4节 逸C-205",3.0,地球科学与工程学院,否,,"周二,周四,周四",2012-2013-2,,2012215309053104,2010地球科学与工程学院地质工程,0,仙林校区,2012-2013学年 第2学期,53104,"逸C-205,逸C-205,实验楼丙116",,否,,,,,,0,岩石力学,17,"第3节-第4节,第3节-第4节,第3节-第4节",逸夫楼C区,153090
64.0,400190,水文地质学基础(20122-154020-1),2012215402053082,,3,,43,"1-17周,1-17周",0,"吴剑锋,施小清","1-17周 周三 第1节-第2节 逸A-323,1-17周 周一 第3节-第4节 ",4.0,地球科学与工程学院,否,,"周一,周三",2012-2013-2,,2012215402053082,"2011地球科学与工程学院地质工程,2011地球科学与工程学院地下水科学与工程,2011地球科学与工程学院水文与水资源工程",0,仙林校区,2012-2013学年 第2学期,53082,"无,逸A-323",,否,,,,,,0,水文地质学基础,15,"第3节-第4节,第1节-第2节",逸夫楼A区,154020
48.0,400190,水文学原理(20122-154030-1),2012215403053083,,3,,16,1-17周,0,"王栋,徐静",1-17周 周五 第3节-第4节 仙Ⅱ-417,3.0,地球科学与工程学院,否,,周五,2012-2013-2,,2012215403053083,"2011地球科学与工程学院水文与水资源工程,2011地球科学与工程学院地下水科学与工程",0,仙林校区,2012-2013学年 第2学期,53083,仙Ⅱ-417,,否,,,,,,0,水文学原理,12,第3节-第4节,仙II区,154030
32.0,400190,水文统计(20122-154060-1),2012215406053099,,3,,7,1-17周,0,"王远坤,王栋",1-17周 周四 第3节-第4节 ,2.0,地球科学与工程学院,否,,周四,2012-2013-2,,2012215406053099,2010地球科学与工程学院水文与水资源工程,0,仙林校区,2012-2013学年 第2学期,53099,无,,否,,,,,,0,水文统计,,第3节-第4节,,154060
32.0,400190,气象学概论(20122-154080-1),2012215408053081,,3,,7,1-17周,0,周启友,1-17周 周四 第3节-第4节 逸B-403,2.0,地球科学与工程学院,否,,周四,2012-2013-2,,2012215408053081,2011地球科学与工程学院水文与水资源工程,0,仙林校区,2012-2013学年 第2学期,53081,逸B-403,,否,,,,,,0,气象学概论,16,第3节-第4节,逸夫楼B区,154080
48.0,400190,水文测验与水文水利计算(20122-154100-1),2012215410053100,,3,,7,"2-18周(双),1-17周",0,"王远坤,陈扣平,徐静","2-18周(双) 周三 第3节-第4节 逸A-323,1-17周 周五 第5节-第6节 逸A-323",3.0,地球科学与工程学院,否,,"周三,周五",2012-2013-2,,2012215410053100,"2010地球科学与工程学院水文与水资源工程,2010地球科学与工程学院地下水科学与工程",0,仙林校区,2012-2013学年 第2学期,53100,"逸A-323,逸A-323",,否,,,,,,0,水文测验与水文水利计算,15,"第3节-第4节,第5节-第6节",逸夫楼A区,154100
32.0,400190,水环境化学(20122-154110-1),2012215411053101,,3,,18,1-17周,0,"孙媛媛,徐红霞",1-17周 周五 第7节-第8节 逸C-204,2.0,地球科学与工程学院,否,,周五,2012-2013-2,,2012215411053101,"2010地球科学与工程学院水文与水资源工程,2010地球科学与工程学院地下水科学与工程",0,仙林校区,2012-2013学年 第2学期,53101,逸C-204,,否,,,,,,0,水环境化学,17,第7节-第8节,逸夫楼C区,154110
64.0,400190,地下水资源勘察与评价(20122-154120-1),2012215412053097,,3,,15,"1-17周,1-17周",0,祝晓彬,"1-17周 周三 第1节-第2节 仙Ⅱ-524,1-17周 周五 第3节-第4节 逸B-308",4.0,地球科学与工程学院,否,,"周三,周五",2012-2013-2,,2012215412053097,"2010地球科学与工程学院水文与水资源工程,2010地球科学与工程学院地下水科学与工程",0,仙林校区,2012-2013学年 第2学期,53097,"仙Ⅱ-524,逸B-308",,否,,,,,,0,地下水资源勘察与评价,"12,16","第1节-第2节,第3节-第4节","仙II区, 逸夫楼B区",154120
32.0,400190,随机水文学(20122-154190-1),2012215419053106,,3,,0,1-17周,0,施小清,1-17周 周二 第3节-第4节 仙Ⅱ-520,2.0,地球科学与工程学院,否,,周二,2012-2013-2,,2012215419053106,"2009地球科学与工程学院水文与水资源工程,2009地球科学与工程学院地下水科学与工程",0,仙林校区,2012-2013学年 第2学期,53106,仙Ⅱ-520,,否,,,,,,0,随机水文学,12,第3节-第4节,仙II区,154190
32.0,400190,Fortran语言程序设计(20122-154240-1),2012215424053096,,3,,8,"1-17周,1-17周",0,朱国荣,"1-17周 周二 第5节-第6节 逸B-508,1-17周 周二 第7节-第8节 ",2.0,地球科学与工程学院,否,,"周二,周二",2012-2013-2,,2012215424053096,"2010地球科学与工程学院水文与水资源工程,2010地球科学与工程学院地下水科学与工程",0,仙林校区,2012-2013学年 第2学期,53096,"逸B-508,实验楼丙106",,否,,,,,,0,Fortran语言程序设计,16,"第5节-第6节,第7节-第8节",逸夫楼B区,154240
32.0,400190,水文地球物理方法(20122-154260-1),2012215426053102,,3,,6,1-17周,0,吴俊奇,1-17周 周一 第1节-第2节 仙Ⅱ-116,2.0,地球科学与工程学院,否,,周一,2012-2013-2,,2012215426053102,"2010地球科学与工程学院水文与水资源工程,2010地球科学与工程学院地下水科学与工程",0,仙林校区,2012-2013学年 第2学期,53102,仙Ⅱ-116,,否,,,,,,0,水文地球物理方法,12,第1节-第2节,仙II区,154260
32.0,400190,地下水污染与防治(20122-154270-1),2012215427053107,,3,,1,1-17周,0,阮晓红,1-17周 周三 第3节-第4节 逸C-201,2.0,地球科学与工程学院,否,,周三,2012-2013-2,,2012215427053107,"2009地球科学与工程学院水文与水资源工程,2009地球科学与工程学院地下水科学与工程",0,仙林校区,2012-2013学年 第2学期,53107,逸C-201,,否,,,,,,0,地下水污染与防治,17,第3节-第4节,逸夫楼C区,154270
48.0,400190,水文地球化学(20122-155020-1),2012215502053098,,3,,10,"1-17周,1-17周(单)",0,"徐建平,叶淑君","1-17周(单) 周四 第1节-第2节 ,1-17周 周一 第5节-第6节 ",3.0,地球科学与工程学院,否,,"周一,周四",2012-2013-2,,2012215502053098,"2010地球科学与工程学院水文与水资源工程,2010地球科学与工程学院地下水科学与工程",0,仙林校区,2012-2013学年 第2学期,53098,"无,无",,否,,,,,,0,水文地球化学,,"第5节-第6节,第1节-第2节",,155020
32.0,400190,古脊椎动物学(20122-157030-1),2012215703053241,,3,,6,"11-17周(单),11-17周,11-17周",0,姜宝玉,"11-17周 周四 第3节-第4节 逸C-204,11-17周 周四 第5节-第7节 ,11-17周(单) 周一 第5节-第6节 逸B-211",2.0,地球科学与工程学院,否,,"周一,周四,周四",2012-2013-2,,2012215703053241,,0,仙林校区,2012-2013学年 第2学期,53241,"逸B-211,逸C-204,实验楼丙203",,否,,,,,,0,古脊椎动物学,"16,17","第5节-第6节,第3节-第4节,第5节-第7节","逸夫楼B区, 逸夫楼C区",157030
48.0,400190,古植物学(20122-157040-1),2012215704053123,,3,,6,"1-9周(单),1-10周,1-10周",0,杨爱华,"1-10周 周四 第3节-第4节 逸C-204,1-10周 周四 第5节-第7节 ,1-9周(单) 周一 第5节-第6节 逸B-211",3.0,地球科学与工程学院,否,,"周一,周四,周四",2012-2013-2,,2012215704053123,,0,仙林校区,2012-2013学年 第2学期,53123,"逸B-211,逸C-204,实验楼丙112",,否,,,,,,0,古植物学,"16,17","第5节-第6节,第3节-第4节,第5节-第7节","逸夫楼B区, 逸夫楼C区",157040
64.0,400190,毕业论文/设计(20122-158040-1),2012215804053361,,3,,105,,0,,,4.0,地球科学与工程学院,否,,,2012-2013-2,,2012215804053361,"2009地球科学与工程学院地质学,2009地球科学与工程学院地下水科学与工程,2009地球科学与工程学院地质学（古生物学方向）,2009地球科学与工程学院水文与水资源工程,2009地球科学与工程学院地质工程,2009地球科学与工程学院地球化学",0,仙林校区,2012-2013学年 第2学期,53361,,,否,,,,,,0,毕业论文/设计,,,,158040
48.0,400190,连续介质力学(20122-159020-1),2012215902053080,,3,,10,1-17周,0,"吴本君,徐鸣洁",1-17周 周四 第5节-第6节 逸B-309,3.0,地球科学与工程学院,否,,周四,2012-2013-2,,2012215902053080,2011地球科学与工程学院地质学（地球物理学方向）,0,仙林校区,2012-2013学年 第2学期,53080,逸B-309,,否,,,,,,0,连续介质力学,16,第5节-第6节,逸夫楼B区,159020
48.0,400190,重力学与地磁学(20122-159040-1),2012215904053092,,3,,13,"1-17周(单),1-17周",0,徐鸣洁,"1-17周 周四 第1节-第2节 逸A-212,1-17周(单) 周二 第1节-第2节 ",3.0,地球科学与工程学院,否,,"周二,周四",2012-2013-2,,2012215904053092,2010地球科学与工程学院地质学（地球物理学方向）,0,仙林校区,2012-2013学年 第2学期,53092,"实验楼丙103,逸A-212",,否,,,,,,0,重力学与地磁学,15,"第1节-第2节,第1节-第2节",逸夫楼A区,159040
0.0,400200,地图与测量(20122-160010-1),2012216001052041,,3,,96,"1-17周,1-17周,1-17周",0,"谈俊忠,王慧麟","1-17周 周四 第1节-第2节 ,1-17周 周四 第5节-第7节 逸B-205,1-17周 周四 第3节-第4节 ",0.0,地理与海洋科学学院,否,,"周四,周四,周四",2012-2013-2,,2012216001052041,"2012地理与海洋科学学院地理科学类,2012地理与海洋科学学院地理科学",0,仙林校区,2012-2013学年 第2学期,52041,"逸B-205,实验楼丙212,实验楼丙212",,否,,,,,,0,地图与测量,16,"第5节-第7节,第1节-第2节,第3节-第4节",逸夫楼B区,160010
48.0,400200,GIS概论(20122-160020-1),2012216002052034,,3,,115,"1-17周,1-17周",0,马劲松,"1-17周 周二 第5节-第6节 图书馆126,1-17周 周二 第7节-第8节 ",3.0,地理与海洋科学学院,否,,"周二,周二",2012-2013-2,,2012216002052034,"2011建筑与城市规划学院城市规划,2012地理与海洋科学学院地理科学类",0,仙林校区,2012-2013学年 第2学期,52034,"图书馆126,实验楼丙212",,否,,,,,,0,GIS概论,18,"第5节-第6节,第7节-第8节",图书馆,160020
48.0,400200,GIS概论(20122-160020-1),2012216002052044,,3,,44,"1-17周,1-17周",0,"程亮,王结臣","1-17周 周五 第7节-第8节 仙Ⅱ-117,1-17周 周五 第9节-第10节 ",3.0,地理与海洋科学学院,否,,"周五,周五",2012-2013-2,,2012216002052044,"2010地球科学与工程学院地质学,2012地理与海洋科学学院地理科学",0,仙林校区,2012-2013学年 第2学期,52044,"仙Ⅱ-117,实验楼丙212",,否,,,,,,0,GIS概论,12,"第7节-第8节,第9节-第10节",仙II区,160020
48.0,400200,遥感概论(20122-160030-2),2012216003052159,,3,,33,"1-17周,1-17周",0,杜培军,"1-17周 周三 第5节-第6节 仙Ⅱ-112,1-17周 周三 第7节-第8节 ",3.0,地理与海洋科学学院,否,,"周三,周三",2012-2013-2,,2012216003052159,,0,仙林校区,2012-2013学年 第2学期,52159,"仙Ⅱ-112,实验楼丙212",,否,,,,,,0,遥感概论,12,"第5节-第6节,第7节-第8节",仙II区,160030
32.0,400200,资源学导论(20122-161020-1),2012216102052064,,3,,79,1-17周,0,周峰,1-17周 周二 第5节-第6节 仙Ⅱ-505,2.0,地理与海洋科学学院,否,,周二,2012-2013-2,,2012216102052064,"2010地理与海洋科学学院海洋科学,2011地理与海洋科学学院旅游管理,2011地理与海洋科学学院地理科学,2011地理与海洋科学学院地理信息系统,2011地理与海洋科学学院资源环境与城乡规划管理",0,仙林校区,2012-2013学年 第2学期,52064,仙Ⅱ-505,,否,,,,,,0,资源学导论,12,第5节-第6节,仙II区,161020
32.0,400200,土地利用规划(20122-161040-1),2012216104052049,,3,,38,1-17周,0,陈逸,1-17周 周三 第5节-第6节 仙Ⅱ-117,2.0,地理与海洋科学学院,否,,周三,2012-2013-2,,2012216104052049,"2010地理与海洋科学学院资源环境与城乡规划管理,2010地理与海洋科学学院地理信息系统",0,仙林校区,2012-2013学年 第2学期,52049,仙Ⅱ-117,,否,,,,,,0,土地利用规划,12,第5节-第6节,仙II区,161040
32.0,400200,土地利用规划(20122-161040-2),2012216104052164,,1,,43,1-17周,0,金晓斌,1-17周 周五 第3节-第4节 馆1-104,2.0,地理与海洋科学学院,否,,周五,2012-2013-2,,2012216104052164,2010建筑与城市规划学院城市规划,0,鼓楼校区,2012-2013学年 第2学期,52164,馆1-104,,否,,,,,,0,土地利用规划,8,第3节-第4节,逸夫馆,161040
32.0,400200,房地产开发与经营(20122-161060-1),2012216106052073,,3,,39,1-17周,0,周峰,1-17周 周五 第5节-第6节 仙Ⅰ-321,2.0,地理与海洋科学学院,否,,周五,2012-2013-2,,2012216106052073,2010地理与海洋科学学院资源环境与城乡规划管理,0,仙林校区,2012-2013学年 第2学期,52073,仙Ⅰ-321,,否,,,,,,0,房地产开发与经营,11,第5节-第6节,仙I区,161060
32.0,400200,房地产金融(20122-161080-1),2012216108052074,,3,,35,1-17周,0,陈志刚,1-17周 周二 第5节-第6节 仙Ⅱ-212,2.0,地理与海洋科学学院,否,,周二,2012-2013-2,,2012216108052074,2010地理与海洋科学学院资源环境与城乡规划管理,0,仙林校区,2012-2013学年 第2学期,52074,仙Ⅱ-212,,否,,,,,,0,房地产金融,12,第5节-第6节,仙II区,161080
32.0,400200,资源环境实验分析(20122-161090-1),2012216109052077,,3,,55,1-17周,0,高超,1-17周 周一 第5节-第8节 逸C-520,2.0,地理与海洋科学学院,否,,周一,2012-2013-2,,2012216109052077,"2011地理与海洋科学学院资源环境与城乡规划管理,2011地理与海洋科学学院地理科学",0,仙林校区,2012-2013学年 第2学期,52077,逸C-520,,否,,,,,,0,资源环境实验分析,17,第5节-第8节,逸夫楼C区,161090
32.0,400200,土地生态学(20122-161120-1),2012216112052070,,3,,2,,0,,,2.0,地理与海洋科学学院,否,,,2012-2013-2,,2012216112052070,,0,仙林校区,2012-2013学年 第2学期,52070,,,否,,,,,,0,土地生态学,,,,161120
48.0,400200,房地产估价(20122-161170-1),2012216117052072,,3,,8,1-17周,0,周寅康,1-17周 周一 第5节-第7节 仙Ⅱ-214,3.0,地理与海洋科学学院,否,,周一,2012-2013-2,,2012216117052072,2010地理与海洋科学学院资源环境与城乡规划管理,0,仙林校区,2012-2013学年 第2学期,52072,仙Ⅱ-214,,否,,,,,,0,房地产估价,12,第5节-第7节,仙II区,161170
32.0,400200,水土保持学概论(20122-161180-1),2012216118052075,,3,,2,,0,,,2.0,地理与海洋科学学院,否,,,2012-2013-2,,2012216118052075,,0,仙林校区,2012-2013学年 第2学期,52075,,,否,,,,,,0,水土保持学概论,,,,161180
32.0,400200,土壤与植物生态学(20122-161200-1),2012216120052057,,3,,114,1-17周,0,"高超,李升峰",1-17周 周一 第3节-第4节 仙Ⅱ-404,2.0,地理与海洋科学学院,否,,周一,2012-2013-2,,2012216120052057,"2011地理与海洋科学学院资源环境与城乡规划管理,2011地理与海洋科学学院海洋科学,2011地理与海洋科学学院旅游管理,2011地理与海洋科学学院地理科学,2011地理与海洋科学学院地理信息系统",0,仙林校区,2012-2013学年 第2学期,52057,仙Ⅱ-404,,否,,,,,,0,土壤与植物生态学,12,第3节-第4节,仙II区,161200
48.0,400200,地图设计与编制(20122-162040-1),2012216204052059,,3,,23,1-17周,0,王结臣,1-17周 周一 第5节-第7节 逸B-210,3.0,地理与海洋科学学院,否,,周一,2012-2013-2,,2012216204052059,2011地理与海洋科学学院地理信息系统,0,仙林校区,2012-2013学年 第2学期,52059,逸B-210,,否,,,,,,0,地图设计与编制,16,第5节-第7节,逸夫楼B区,162040
32.0,400200,GIS原理(20122-162070-1),2012216207052061,,3,,23,"1-17周,1-17周",0,马劲松,"1-17周 周四 第7节-第8节 逸B-202,1-17周 周四 第9节-第10节 ",2.0,地理与海洋科学学院,否,,"周四,周四",2012-2013-2,,2012216207052061,2011地理与海洋科学学院地理信息系统,0,仙林校区,2012-2013学年 第2学期,52061,"逸B-202,实验楼丙212",,否,,,,,,0,GIS原理,16,"第7节-第8节,第9节-第10节",逸夫楼B区,162070
32.0,400200,数字地面模型(20122-162080-1),2012216208052063,,3,,23,"1-17周,1-17周",0,陈刚,"1-17周 周二 第1节-第2节 仙Ⅱ-111,1-17周 周二 第3节-第4节 ",2.0,地理与海洋科学学院,否,,"周二,周二",2012-2013-2,,2012216208052063,2011地理与海洋科学学院地理信息系统,0,仙林校区,2012-2013学年 第2学期,52063,"仙Ⅱ-111,实验楼丙212",,否,,,,,,0,数字地面模型,12,"第1节-第2节,第3节-第4节",仙II区,162080
32.0,400200,GIS专题讲座(20122-162210-1),2012216221052045,,3,,5,,0,,,2.0,地理与海洋科学学院,否,,,2012-2013-2,,2012216221052045,,0,仙林校区,2012-2013学年 第2学期,52045,,,否,,,,,,0,GIS专题讲座,,,,162210
32.0,400200,GIS开发技术(20122-162230-1),2012216223052051,,3,,16,"1-17周,1-17周",0,程亮,"1-17周 周四 第5节-第6节 逸B-201,1-17周 周四 第7节-第8节 ",2.0,地理与海洋科学学院,否,,"周四,周四",2012-2013-2,,2012216223052051,2010地理与海洋科学学院地理信息系统,0,仙林校区,2012-2013学年 第2学期,52051,"逸B-201,实验楼丙212",,否,,,,,,0,GIS开发技术,16,"第5节-第6节,第7节-第8节",逸夫楼B区,162230
32.0,400200,数据库原理(20122-162240-1),2012216224052066,,3,,16,"1-17周,1-17周",0,佘江峰,"1-17周 周二 第7节-第8节 仙Ⅱ-114,1-17周 周二 第9节-第10节 ",2.0,地理与海洋科学学院,否,,"周二,周二",2012-2013-2,,2012216224052066,2011地理与海洋科学学院地理信息系统,0,仙林校区,2012-2013学年 第2学期,52066,"仙Ⅱ-114,实验楼丙212",,否,,,,,,0,地理数据库,12,"第7节-第8节,第9节-第10节",仙II区,162240
32.0,400200,地理决策方法(20122-162260-1),2012216226052052,,3,,11,1-17周,0,都金康,1-17周 周五 第3节-第4节 逸B-514,2.0,地理与海洋科学学院,否,,周五,2012-2013-2,,2012216226052052,"2009地理与海洋科学学院资源环境与城乡规划管理,2010地理与海洋科学学院旅游管理,2010地理与海洋科学学院地理科学,2010地理与海洋科学学院地理信息系统",0,仙林校区,2012-2013学年 第2学期,52052,逸B-514,,否,,,,,,0,地理决策方法,16,第3节-第4节,逸夫楼B区,162260
32.0,400200,数字摄影测量(20122-162270-1),2012216227052067,,3,,22,"1-17周,1-17周",0,王慧麟,"1-17周 周三 第1节-第2节 仙Ⅱ-113,1-17周 周三 第3节-第4节 ",2.0,地理与海洋科学学院,否,,"周三,周三",2012-2013-2,,2012216227052067,2011地理与海洋科学学院地理信息系统,0,仙林校区,2012-2013学年 第2学期,52067,"仙Ⅱ-113,实验楼丙212",,否,,,,,,0,数字摄影测量,12,"第1节-第2节,第3节-第4节",仙II区,162270
32.0,400200,土地利用/土地覆被变化(20122-162300-1),2012216230052055,,3,,6,1-17周,0,黄秋昊,1-17周 周一 第1节-第2节 仙Ⅱ-113,2.0,地理与海洋科学学院,否,,周一,2012-2013-2,,2012216230052055,2010地理与海洋科学学院地理信息系统,0,仙林校区,2012-2013学年 第2学期,52055,仙Ⅱ-113,,否,,,,,,0,土地利用/土地覆被变化,12,第1节-第2节,仙II区,162300
32.0,400200,地理计算(20122-162330-1),2012216233052056,,3,,5,,0,,,2.0,地理与海洋科学学院,否,,,2012-2013-2,,2012216233052056,2010地理与海洋科学学院地理信息系统,0,仙林校区,2012-2013学年 第2学期,52056,,,否,,,,,,0,地理计算,,,,162330
32.0,400200,数字地球导论(20122-162360-1),2012216236052046,,3,,7,,0,,,2.0,地理与海洋科学学院,否,,,2012-2013-2,,2012216236052046,,0,仙林校区,2012-2013学年 第2学期,52046,,,否,,,,,,0,数字地球导论,,,,162360
32.0,400200,卫星定位技术(20122-162390-1),2012216239052069,,3,,10,"1-17周,2-16周(双)",0,陈振杰,"1-17周 周五 第5节-第6节 仙Ⅱ-217,2-16周(双) 周五 第7节-第8节 ",2.0,地理与海洋科学学院,否,,"周五,周五",2012-2013-2,,2012216239052069,2011地理与海洋科学学院地理信息系统,0,仙林校区,2012-2013学年 第2学期,52069,"仙Ⅱ-217,实验楼丙212",,否,,,,,,0,卫星定位技术,12,"第5节-第6节,第7节-第8节",仙II区,162390
32.0,400200,国土资源信息系统(20122-162420-1),2012216242052047,,3,,3,,0,,,2.0,地理与海洋科学学院,否,,,2012-2013-2,,2012216242052047,,0,仙林校区,2012-2013学年 第2学期,52047,,,否,,,,,,0,国土资源信息系统,,,,162420
48.0,400280,建筑设计与建模（2）(20122-163020B-1),20122163020B51363,,3,,56,1-17周,0,"顾媛媛,焦泽阳",1-17周 周一 第3节-第7节 ,3.0,建筑与城市规划学院,否,,周一,2012-2013-2,,20122163020B51363,2011建筑与城市规划学院城市规划,0,仙林校区,2012-2013学年 第2学期,51363,实验楼甲207,,否,,,,,,0,建筑设计与建模（2）,,第3节-第7节,,163020B
32.0,400280,城乡规划原理（3）控规设计(20122-163030B-1),20122163030B51367,,1,,48,1-17周,0,"刘贤腾,于涛,罗震东",1-17周 周三 第5节-第7节 ,2.0,建筑与城市规划学院,否,,周三,2012-2013-2,,20122163030B51367,2010建筑与城市规划学院城市规划,0,鼓楼校区,2012-2013学年 第2学期,51367,馆2-736,,否,,,,,,0,城市规划原理[3]控规设计,,第5节-第7节,,163030B
32.0,400280,风景园林规划设计(20122-163050-1),2012216305051364,,3,,63,"1-8周,9-17周",0,许浩,"1-8周 周三 第2节-第4节 仙Ⅱ-215,9-17周 周三 第2节-第4节 ",2.0,建筑与城市规划学院,否,,"周三,周三",2012-2013-2,,2012216305051364,2011建筑与城市规划学院城市规划,0,仙林校区,2012-2013学年 第2学期,51364,"仙Ⅱ-215,基础实验楼甲207",,否,,,,,,0,风景园林规划与设计,12,"第2节-第4节,第2节-第4节",仙II区,163050
48.0,400280,道路交通规划设计(20122-163060-1),2012216306051439,,3,,97,1-17周,0,刘贤腾,1-17周 周四 第5节-第7节 逸A-416,3.0,建筑与城市规划学院,否,,周四,2012-2013-2,,2012216306051439,"2011建筑与城市规划学院建筑学,2011建筑与城市规划学院城市规划",0,仙林校区,2012-2013学年 第2学期,51439,逸A-416,,否,,,,,,0,城市道路与交通规划,15,第5节-第7节,逸夫楼A区,163060
32.0,400280,城市与区域经济学(20122-163080-1),2012216308051368,,1,,46,"1-8周,1-8周",0,甄峰,"1-8周 周一 第2节-第4节 馆1-104,1-8周 周五 第5节-第7节 馆1-104",2.0,建筑与城市规划学院,否,,"周一,周五",2012-2013-2,,2012216308051368,"2010地理与海洋科学学院旅游管理,2010建筑与城市规划学院城市规划",0,鼓楼校区,2012-2013学年 第2学期,51368,"馆1-104,馆1-104",,否,,,,,,0,城市与区域经济学,8,"第2节-第4节,第5节-第7节",逸夫馆,163080
32.0,400280,城市环境生态学(20122-163100-1),2012216310051371,,1,,47,1-17周,0,尹海伟,1-17周 周四 第3节-第4节 馆1-105,2.0,建筑与城市规划学院,否,,周四,2012-2013-2,,2012216310051371,"2009地理与海洋科学学院旅游管理,2010地理与海洋科学学院资源环境与城乡规划管理,2009建筑与城市规划学院城市规划",0,鼓楼校区,2012-2013学年 第2学期,51371,馆1-105,,否,,,,,,0,城市环境生态学,8,第3节-第4节,逸夫馆,163100
32.0,400280,城市社会学与社会调查(20122-163160-1),2012216316051366,,1,,47,1-17周,0,"张敏,于涛,石飞,钱慧",1-17周 周二 第3节-第4节 馆1-105,2.0,建筑与城市规划学院,否,,周二,2012-2013-2,,2012216316051366,"2010地理与海洋科学学院资源环境与城乡规划管理,2010建筑与城市规划学院城市规划,2010地理与海洋科学学院旅游管理",0,鼓楼校区,2012-2013学年 第2学期,51366,馆1-105,,否,,,,,,0,城市社会学与社会调查,8,第3节-第4节,逸夫馆,163160
32.0,400280,城市与区域系统分析(20122-163170-1),2012216317051369,,1,,47,"1-17周,1-17周",0,尹海伟,"1-17周 周三 第2节-第2节 ,1-17周 周三 第3节-第4节 ",2.0,建筑与城市规划学院,否,,"周三,周三",2012-2013-2,,2012216317051369,2010建筑与城市规划学院城市规划,0,鼓楼校区,2012-2013学年 第2学期,51369,"计算中心300,计算中心300",,否,,,,,,0,城市与区域系统分析,,"第2节-第2节,第3节-第4节",,163170
48.0,400280,城乡规划原理（1）(20122-163240-1),2012216324051889,,3,,97,1-17周,0,张京祥,1-17周 周五 第5节-第7节 逸A-416,3.0,建筑与城市规划学院,否,,周五,2012-2013-2,,2012216324051889,"2010建筑与城市规划学院建筑学,2011建筑与城市规划学院城市规划",0,仙林校区,2012-2013学年 第2学期,51889,逸A-416,,否,,,,,,0,城市规划原理（1）,15,第5节-第7节,逸夫楼A区,163240
32.0,400200,自然地理学导论(20122-164030-1),2012216403052042,,3,,112,1-17周(单),0,鹿化煜,1-17周(单) 周五 第1节-第2节 仙Ⅰ-103,2.0,地理与海洋科学学院,否,,周五,2012-2013-2,,2012216403052042,"2012地理与海洋科学学院地理科学类,2012地理与海洋科学学院地理科学",0,仙林校区,2012-2013学年 第2学期,52042,仙Ⅰ-103,,否,,,,,,0,自然地理学导论,11,第1节-第2节,仙I区,164030
32.0,400200,地貌学(20122-164040-1),2012216404052043,,3,,69,1-17周(单),0,王先彦,1-17周(单) 周五 第5节-第6节 仙Ⅱ-117,2.0,地理与海洋科学学院,否,,周五,2012-2013-2,,2012216404052043,2012地理与海洋科学学院地理科学类,0,仙林校区,2012-2013学年 第2学期,52043,仙Ⅱ-117,,否,,,,,,0,地貌学,12,第5节-第6节,仙II区,164040
32.0,400200,水文学原理(20122-164050-1),2012216405052076,,3,,73,1-17周,0,张兴奇,1-17周 周三 第3节-第4节 仙Ⅰ-212,2.0,地理与海洋科学学院,否,,周三,2012-2013-2,,2012216405052076,"2010地理与海洋科学学院资源环境与城乡规划管理,2011地理与海洋科学学院海洋科学,2011地理与海洋科学学院地理科学,2010地理与海洋科学学院海洋科学",0,仙林校区,2012-2013学年 第2学期,52076,仙Ⅰ-212,,否,,,,,,0,水文学原理,11,第3节-第4节,仙I区,164050
32.0,400200,地理研究论文写作(20122-164090-1),2012216409052078,,3,,0,,0,,,2.0,地理与海洋科学学院,否,,,2012-2013-2,,2012216409052078,,0,仙林校区,2012-2013学年 第2学期,52078,,,否,,,,,,0,地理研究论文写作,,,,164090
16.0,400200,自然地理学实验(20122-164100-1),2012216410052087,,3,,31,1-17周,0,王腊春,1-17周 周三 第5节-第8节 ,1.0,地理与海洋科学学院,否,,周三,2012-2013-2,,2012216410052087,"2011地理与海洋科学学院地理科学,2011地理与海洋科学学院海洋科学",0,仙林校区,2012-2013学年 第2学期,52087,实验楼丙215,,否,,,,,,0,自然地理学实验,,第5节-第8节,,164100
96.0,400280,毕业论文(20122-164550-1),2012216455051374,,1,,38,1-17周,0,翟国方,1-17周 自由时间 - ,6.0,建筑与城市规划学院,否,,自由时间,2012-2013-2,,2012216455051374,2008建筑与城市规划学院城市规划,0,鼓楼校区,2012-2013学年 第2学期,51374,无,,否,,,,,,0,毕业论文,,自由时间,,164550
96.0,400200,毕业论文(20122-164550-1),2012216455052090,,,,0,,0,,,6.0,地理与海洋科学学院,否,,,2012-2013-2,,2012216455052090,2009地理与海洋科学学院旅游管理,0,,2012-2013学年 第2学期,52090,,,否,,,,,,0,毕业论文,,,,164550
96.0,400200,毕业论文(20122-164550-1),2012216455052172,,3,,104,,0,,,6.0,地理与海洋科学学院,否,,,2012-2013-2,,2012216455052172,"2009地理与海洋科学学院资源环境与城乡规划管理,2009地理与海洋科学学院海洋科学,2009地理与海洋科学学院旅游管理,2009地理与海洋科学学院地理科学,2009地理与海洋科学学院地理信息系统",0,仙林校区,2012-2013学年 第2学期,52172,,,否,,,,,,0,毕业论文,,,,164550
32.0,400200,国际金融与贸易(20122-165030-1),2012216503052132,,3,,13,1-17周,0,钟士恩,1-17周 周一 第5节-第6节 逸B-209,2.0,地理与海洋科学学院,否,,周一,2012-2013-2,,2012216503052132,2011地理与海洋科学学院旅游管理,0,仙林校区,2012-2013学年 第2学期,52132,逸B-209,,否,,,,,,0,国际金融与贸易,16,第5节-第6节,逸夫楼B区,165030
32.0,400200,旅游经济学(20122-165040-1),2012216504052133,,3,,16,1-11周,0,章锦河,1-11周 周四 第5节-第7节 逸B-208,2.0,地理与海洋科学学院,否,,周四,2012-2013-2,,2012216504052133,2011地理与海洋科学学院旅游管理,0,仙林校区,2012-2013学年 第2学期,52133,逸B-208,,否,,,,,,0,旅游经济学,16,第5节-第7节,逸夫楼B区,165040
32.0,400200,旅游规划(20122-165070-1),2012216507052127,,3,,13,1-17周,0,钟士恩,1-17周 周一 第7节-第8节 仙Ⅱ-216,2.0,地理与海洋科学学院,否,,周一,2012-2013-2,,2012216507052127,2010地理与海洋科学学院旅游管理,0,仙林校区,2012-2013学年 第2学期,52127,仙Ⅱ-216,,否,,,,,,0,旅游规划,12,第7节-第8节,仙II区,165070
32.0,400200,风景园林规划与设计(20122-165080-1),2012216508052091,,3,,13,1-17周,0,张洪,1-17周 周四 第3节-第4节 逸B-211,2.0,地理与海洋科学学院,否,,周四,2012-2013-2,,2012216508052091,2010地理与海洋科学学院旅游管理,0,仙林校区,2012-2013学年 第2学期,52091,逸B-211,,否,,,,,,0,风景园林规划与设计,16,第3节-第4节,逸夫楼B区,165080
32.0,400200,旅游心理与导游(20122-165100-1),2012216510052084,,3,,14,1-17周,0,赵宁曦,1-17周 周三 第3节-第4节 逸B-402,2.0,地理与海洋科学学院,否,,周三,2012-2013-2,,2012216510052084,2009地理与海洋科学学院旅游管理,0,仙林校区,2012-2013学年 第2学期,52084,逸B-402,,否,,,,,,0,旅游心理与导游,16,第3节-第4节,逸夫楼B区,165100
32.0,400200,中国旅游地理(20122-165120-1),2012216512052134,,3,,13,1-17周,0,赵宁曦,1-17周 周三 第1节-第2节 逸B-201,2.0,地理与海洋科学学院,否,,周三,2012-2013-2,,2012216512052134,2011地理与海洋科学学院旅游管理,0,仙林校区,2012-2013学年 第2学期,52134,逸B-201,,否,,,,,,0,中国旅游地理,16,第1节-第2节,逸夫楼B区,165120
32.0,400200,旅游制图CAD(20122-165140-1),2012216514052129,,3,,10,1-17周,0,张洪,1-17周 周四 第5节-第7节 ,2.0,地理与海洋科学学院,否,,周四,2012-2013-2,,2012216514052129,2010地理与海洋科学学院旅游管理,0,仙林校区,2012-2013学年 第2学期,52129,实验楼丙212,,否,,,,,,0,旅游制图CAD,,第5节-第7节,,165140
32.0,400200,旅游营销(20122-165160-1),2012216516052135,,3,,12,1-17周,0,姜洪涛,1-17周 周四 第3节-第4节 逸B-302,2.0,地理与海洋科学学院,否,,周四,2012-2013-2,,2012216516052135,2011地理与海洋科学学院旅游管理,0,仙林校区,2012-2013学年 第2学期,52135,逸B-302,,否,,,,,,0,旅游营销,16,第3节-第4节,逸夫楼B区,165160
32.0,400200,旅游资源评价与开发(20122-165200-1),2012216520052136,,3,,13,1-17周,0,赵宁曦,1-17周 周三 第5节-第6节 逸B-202,2.0,地理与海洋科学学院,否,,周三,2012-2013-2,,2012216520052136,2011地理与海洋科学学院旅游管理,0,仙林校区,2012-2013学年 第2学期,52136,逸B-202,,否,,,,,,0,旅游资源评价与开发,16,第5节-第6节,逸夫楼B区,165200
16.0,400200,礼仪与沟通(20122-165210-1),2012216521052125,,3,,0,1-17周,0,,1-17周 周二 第5节-第6节 ,1.0,地理与海洋科学学院,否,,周二,2012-2013-2,,2012216521052125,,0,仙林校区,2012-2013学年 第2学期,52125,无,,否,,,,,,0,礼仪与管理沟通,,第5节-第6节,,165210
16.0,400200,礼仪与管理沟通(20122-165210-1),2012216521052634,,3,,12,1-17周(单),0,邹亚军,1-17周(单) 周二 第5节-第6节 逸B-201,1.0,地理与海洋科学学院,否,,周二,2012-2013-2,,2012216521052634,2010地理与海洋科学学院旅游管理,0,仙林校区,2012-2013学年 第2学期,52634,逸B-201,,否,,,,,,0,礼仪与管理沟通,16,第5节-第6节,逸夫楼B区,165210
32.0,400200,海洋科学导论(20122-166010-1),2012216601052058,,3,,119,1-17周,0,高抒,1-17周 周五 第3节-第4节 逸B-313,2.0,地理与海洋科学学院,否,,周五,2012-2013-2,,2012216601052058,"2011地理与海洋科学学院资源环境与城乡规划管理,2011地理与海洋科学学院海洋科学,2011地理与海洋科学学院旅游管理,2011地理与海洋科学学院地理科学,2011地理与海洋科学学院地理信息系统",0,仙林校区,2012-2013学年 第2学期,52058,逸B-313,,否,,,,,,0,海洋科学导论,16,第3节-第4节,逸夫楼B区,166010
32.0,400200,海洋地质学(20122-166020-1),2012216602052086,,3,,17,1-17周,0,殷勇,1-17周 周四 第3节-第4节 逸B-208,2.0,地理与海洋科学学院,否,,周四,2012-2013-2,,2012216602052086,2011地理与海洋科学学院海洋科学,0,仙林校区,2012-2013学年 第2学期,52086,逸B-208,,否,,,,,,0,海洋地质学,16,第3节-第4节,逸夫楼B区,166020
32.0,400200,海洋生物学(20122-166040-1),2012216604052081,,3,,10,1-17周,0,左平,1-17周 周四 第3节-第4节 逸C-209,2.0,地理与海洋科学学院,否,,周四,2012-2013-2,,2012216604052081,2010地理与海洋科学学院海洋科学,0,仙林校区,2012-2013学年 第2学期,52081,逸C-209,,否,,,,,,0,海洋生物学,17,第3节-第4节,逸夫楼C区,166040
32.0,400200,海洋化学(20122-166050-1),2012216605052082,,3,,10,1-17周,0,周丽娅,1-17周 周一 第3节-第4节 逸B-210,2.0,地理与海洋科学学院,否,,周一,2012-2013-2,,2012216605052082,2010地理与海洋科学学院海洋科学,0,仙林校区,2012-2013学年 第2学期,52082,逸B-210,,否,,,,,,0,海洋化学,16,第3节-第4节,逸夫楼B区,166050
32.0,400200,海岸带一体化管理与海洋法(20122-166230-1),2012216623052079,,3,,8,1-17周,0,傅光翮,1-17周 周二 第3节-第4节 逸B-308,2.0,地理与海洋科学学院,否,,周二,2012-2013-2,,2012216623052079,2009地理与海洋科学学院海洋科学,0,仙林校区,2012-2013学年 第2学期,52079,逸B-308,,否,,,,,,0,海岸带一体化管理与海洋法,16,第3节-第4节,逸夫楼B区,166230
32.0,400200,卫星海洋学与GIS(20122-166240-1),2012216624052083,,3,,8,1-17周,0,"何华春,贾培宏",1-17周 周二 第3节-第4节 逸B-309,2.0,地理与海洋科学学院,否,,周二,2012-2013-2,,2012216624052083,2010地理与海洋科学学院海洋科学,0,仙林校区,2012-2013学年 第2学期,52083,逸B-309,,否,,,,,,0,卫星海洋学与GIS,16,第3节-第4节,逸夫楼B区,166240
32.0,400200,中国海洋地理(20122-166260-1),2012216626052080,,3,,8,1-17周,0,贾培宏,1-17周 周一 第3节-第4节 逸B-208,2.0,地理与海洋科学学院,否,,周一,2012-2013-2,,2012216626052080,2009地理与海洋科学学院海洋科学,0,仙林校区,2012-2013学年 第2学期,52080,逸B-208,,否,,,,,,0,中国海洋地理,16,第3节-第4节,逸夫楼B区,166260
48.0,400010,微机应用(20122-17001-1),201221700152690,,3,,38,"1-17周,1-17周",0,姚松,"1-17周 周五 第3节-第4节 逸B-202,1-17周 周五 第5节-第6节 ",3.0,文学院,否,,"周五,周五",2012-2013-2,,201221700152690,2012文学院汉语言文学(作家班),0,仙林校区,2012-2013学年 第2学期,52690,"逸B-202,文学院图书馆",,否,,,,,,0,微机应用,16,"第3节-第4节,第5节-第6节",逸夫楼B区,17001
64.0,400210,流体力学(20122-171020-1),2012217102051835,,3,,117,"2-18周(双),1-17周,1-17周",0,"任雪娟,黄丹青","2-18周(双) 周一 第1节-第2节 仙Ⅱ-207,1-17周 周三 第3节-第4节 逸B-205,1-17周 周一 第3节-第4节 仙Ⅱ-207",4.0,大气科学学院,否,,"周一,周一,周三",2012-2013-2,,2012217102051835,2010地球科学与工程学院地质学（地球物理学方向）,0,仙林校区,2012-2013学年 第2学期,51835,"仙Ⅱ-207,仙Ⅱ-207,逸B-205",,否,,,,,,0,流体力学,"12,16","第1节-第2节,第3节-第4节,第3节-第4节","仙II区, 逸夫楼B区",171020
48.0,400210,现代气候学基础(20122-171040-1),2012217104051996,,3,,67,"1-15周,1-15周",0,陈星,"1-15周 周三 第3节-第4节 逸B-306,1-15周 周一 第5节-第6节 逸B-308",3.0,大气科学学院,否,,"周一,周三",2012-2013-2,,2012217104051996,2010大气科学学院大气科学,0,仙林校区,2012-2013学年 第2学期,51996,"逸B-308,逸B-306",,否,,,,,,0,现代气候学基础,16,"第5节-第6节,第3节-第4节",逸夫楼B区,171040
48.0,400210,现代气候学基础(20122-171040-1),2012217104052020,,3,,25,"1-15周,1-15周",0,"张录军,鲍名","1-15周 周三 第1节-第2节 ,1-15周 周一 第5节-第6节 逸B-309",3.0,大气科学学院,否,,"周一,周三",2012-2013-2,,2012217104052020,2010大气科学学院应用气象学,0,仙林校区,2012-2013学年 第2学期,52020,"逸B-309,无",,否,,,,,,0,现代气候学基础,16,"第5节-第6节,第1节-第2节",逸夫楼B区,171040
64.0,400210,动力气象(20122-171050-1),2012217105051997,,3,,68,"2-18周(双),1-17周,1-17周",0,张熠,"1-17周 周三 第1节-第2节 逸B-306,1-17周 周一 第3节-第4节 逸B-306,2-18周(双) 周一 第1节-第2节 逸B-306",4.0,大气科学学院,否,,"周一,周一,周三",2012-2013-2,,2012217105051997,2010大气科学学院大气科学,0,仙林校区,2012-2013学年 第2学期,51997,"逸B-306,逸B-306,逸B-306",,否,,,,,,0,动力气象,16,"第1节-第2节,第3节-第4节,第1节-第2节",逸夫楼B区,171050
64.0,400210,动力气象(20122-171050-1),2012217105052015,,3,,25,"2-18周(双),1-17周,1-17周",0,王其伟,"2-18周(双) 周一 第1节-第2节 逸B-311,1-17周 周三 第3节-第4节 ,1-17周 周一 第3节-第4节 逸B-311",4.0,大气科学学院,否,,"周一,周一,周三",2012-2013-2,,2012217105052015,2010大气科学学院应用气象学,0,仙林校区,2012-2013学年 第2学期,52015,"逸B-311,逸B-311,无",,否,,,,,,0,动力气象,16,"第1节-第2节,第3节-第4节,第3节-第4节",逸夫楼B区,171050
48.0,400210,地球大气综合探测(20122-171080-1),2012217108051836,,3,,115,1-17周,0,"刘红年,彭珍,谢旻",1-17周 周五 第5节-第7节 逸B-410,3.0,大气科学学院,否,,周五,2012-2013-2,,2012217108051836,,0,仙林校区,2012-2013学年 第2学期,51836,逸B-410,,否,,,,,,0,地球大气综合探测,16,第5节-第7节,逸夫楼B区,171080
32.0,400210,边界层气象(20122-171100-1),2012217110051998,,3,,69,"1-9周,1-9周",0,孙鉴泞,"1-9周 周四 第1节-第2节 仙Ⅱ-211,1-9周 周二 第5节-第6节 仙Ⅱ-313",2.0,大气科学学院,否,,"周二,周四",2012-2013-2,,2012217110051998,"2010大气科学学院大气科学,2010大气科学学院应用气象学",0,仙林校区,2012-2013学年 第2学期,51998,"仙Ⅱ-313,仙Ⅱ-211",,否,,,,,,0,边界层气象,12,"第5节-第6节,第1节-第2节",仙II区,171100
32.0,400210,雷达气象(20122-171110-1),2012217111051999,,3,,94,"10-18周,11-18周",0,赵坤,"11-18周 周四 第1节-第2节 仙Ⅱ-211,10-18周 周二 第5节-第6节 仙Ⅱ-313",2.0,大气科学学院,否,,"周二,周四",2012-2013-2,,2012217111051999,"2010大气科学学院大气科学,2010大气科学学院应用气象学",0,仙林校区,2012-2013学年 第2学期,51999,"仙Ⅱ-313,仙Ⅱ-211",,否,,,,,,0,雷达气象,12,"第5节-第6节,第1节-第2节",仙II区,171110
16.0,400210,大气探测实验(20122-171130-1),2012217113051838,,3,,57,3-16周,0,金龙山,3-16周 周四 第5节-第7节 ,1.0,大气科学学院,否,,周四,2012-2013-2,,2012217113051838,,0,仙林校区,2012-2013学年 第2学期,51838,大气观测场,,否,,,,,,0,大气探测实验,,第5节-第7节,,171130
16.0,400210,大气探测实验(20122-171130-2),2012217113051840,,3,,55,3-16周,0,金龙山,3-16周 周三 第5节-第7节 ,1.0,大气科学学院,否,,周三,2012-2013-2,,2012217113051840,,0,仙林校区,2012-2013学年 第2学期,51840,大气观测场,,否,,,,,,0,大气探测实验,,第5节-第7节,,171130
48.0,400210,天气分析与预报技术(20122-171150-1),2012217115052000,,3,,90,"1-17周,1-17周",0,"王亦平,储可宽","1-17周 周五 第1节-第4节 ,1-17周 周三 第5节-第8节 ",3.0,大气科学学院,否,,"周三,周五",2012-2013-2,,2012217115052000,"2010大气科学学院大气科学,2010大气科学学院应用气象学",0,仙林校区,2012-2013学年 第2学期,52000,"基础实验楼丙502,基础实验楼丙502",,否,,,,,,0,天气分析与预报技术,,"第5节-第8节,第1节-第4节",,171150
32.0,400210,空气污染气象学(20122-171200-1),2012217120052001,,3,,60,"1-10周,1-10周",0,"刘罡,丁爱军","1-10周 周二 第1节-第2节 仙Ⅱ-213,1-10周 周四 第3节-第4节 仙Ⅱ-211",2.0,大气科学学院,否,,"周二,周四",2012-2013-2,,2012217120052001,"2010大气科学学院大气科学,2010大气科学学院应用气象学",0,仙林校区,2012-2013学年 第2学期,52001,"仙Ⅱ-213,仙Ⅱ-211",,否,,,,,,0,空气污染气象学,12,"第1节-第2节,第3节-第4节",仙II区,171200
32.0,400210,海洋气象(20122-171220-1),2012217122052011,,3,,41,"1-9周,1-9周",0,胡海波,"1-9周 周二 第3节-第4节 仙Ⅱ-213,1-9周 周五 第5节-第6节 仙Ⅱ-214",2.0,大气科学学院,否,,"周二,周五",2012-2013-2,,2012217122052011,"2010大气科学学院大气科学,2010大气科学学院应用气象学",0,仙林校区,2012-2013学年 第2学期,52011,"仙Ⅱ-213,仙Ⅱ-214",,否,,,,,,0,海洋气象,12,"第3节-第4节,第5节-第6节",仙II区,171220
32.0,400210,气候资源与利用(20122-171250-1),2012217125052012,,3,,12,"10-18周,10-18周",0,况雪源,"10-18周 周二 第3节-第4节 仙Ⅱ-213,10-18周 周五 第5节-第6节 仙Ⅱ-214",2.0,大气科学学院,否,,"周二,周五",2012-2013-2,,2012217125052012,"2010大气科学学院大气科学,2010大气科学学院应用气象学",0,仙林校区,2012-2013学年 第2学期,52012,"仙Ⅱ-213,仙Ⅱ-214",,否,,,,,,0,气候资源与利用,12,"第3节-第4节,第5节-第6节",仙II区,171250
128.0,400210,毕业论文(20122-171370-1),2012217137053362,,1,,94,,0,,,8.0,大气科学学院,否,,,2012-2013-2,,2012217137053362,"2009大气科学学院大气科学,2009大气科学学院应用气象学",0,鼓楼校区,2012-2013学年 第2学期,53362,,,否,,,,,,0,毕业论文,,,,171370
0.0,400210,城市气象(20122-171390-1),2012217139052022,,1,,5,"1-10周,1-10周",0,张宁,"1-10周 周二 第3节-第4节 教209,1-10周 周四 第3节-第4节 教209",0.0,大气科学学院,否,,"周二,周四",2012-2013-2,,2012217139052022,"2009大气科学学院大气科学,2009大气科学学院应用气象学",0,鼓楼校区,2012-2013学年 第2学期,52022,"教209,教209",,否,,,,,,0,城市气象,1,"第3节-第4节,第3节-第4节",教学楼,171390
32.0,400210,水文气象(20122-171410-1),2012217141052910,,1,,3,1-10周,0,袁慧玲,1-10周 周二 第5节-第8节 教203,2.0,大气科学学院,否,,周二,2012-2013-2,,2012217141052910,"2009大气科学学院大气科学,2009大气科学学院应用气象学",0,鼓楼校区,2012-2013学年 第2学期,52910,教203,,否,,,,,,0,水文气象,1,第5节-第8节,教学楼,171410
64.0,400160,大学物理II(20122-180011B-1),20122180011B52400,,3,,101,"1-17周,1-17周",0,"任芳芳,修向前","1-17周 周二 第5节-第6节 逸B-514,1-17周 周四 第5节-第6节 逸B-514",4.0,电子科学与工程学院,否,,"周二,周四",2012-2013-2,,20122180011B52400,,0,仙林校区,2012-2013学年 第2学期,52400,"逸B-514,逸B-514",,否,,,,,,0,大学物理II,16,"第5节-第6节,第5节-第6节",逸夫楼B区,180011B
64.0,400160,大学物理II(20122-180011B-2),20122180011B52401,,3,,98,"1-17周,1-17周",0,"杨燚,徐岭","1-17周 周二 第5节-第6节 仙Ⅰ-524,1-17周 周四 第5节-第6节 逸B-405",4.0,电子科学与工程学院,否,,"周二,周四",2012-2013-2,,20122180011B52401,,0,仙林校区,2012-2013学年 第2学期,52401,"仙Ⅰ-524,逸B-405",,否,,,,,,0,大学物理II,"11,16","第5节-第6节,第5节-第6节","仙I区, 逸夫楼B区",180011B
32.0,400160,理论物理(20122-180018-1),2012218001852409,,3,,221,"1-9周,1-9周",0,"叶建东,唐东明","1-9周 周二 第1节-第2节 仙Ⅰ-107,1-9周 周四 第3节-第4节 仙Ⅰ-106",2.0,电子科学与工程学院,否,,"周二,周四",2012-2013-2,,2012218001852409,"2011电子科学与工程学院电子信息类,2011电子科学与工程学院微电子学,2011电子科学与工程学院生物医学工程,2011电子科学与工程学院通信工程,2011电子科学与工程学院电子信息科学与技术",0,仙林校区,2012-2013学年 第2学期,52409,"仙Ⅰ-107,仙Ⅰ-106",,否,,,,,,0,理论物理,11,"第1节-第2节,第3节-第4节",仙I区,180018
32.0,400160,量子物理(20122-180019-1),2012218001952410,,3,,224,"10-17周,10-17周",0,"王学锋,陈植芸,施毅","10-17周 周二 第1节-第2节 仙Ⅱ-207,10-17周 周四 第1节-第2节 仙Ⅱ-207",2.0,电子科学与工程学院,否,,"周二,周四",2012-2013-2,,2012218001952410,"2011电子科学与工程学院电子信息类,2011电子科学与工程学院微电子学,2011电子科学与工程学院生物医学工程,2011电子科学与工程学院通信工程,2011电子科学与工程学院电子信息科学与技术",0,仙林校区,2012-2013学年 第2学期,52410,"仙Ⅱ-207,仙Ⅱ-207",,否,,,,,,0,量子物理,12,"第1节-第2节,第1节-第2节",仙II区,180019
64.0,400160,计算方法(20122-180022-1),2012218002252420,,3,,71,1-17周,0,黄晓林,1-17周 周二 第5节-第7节 仙Ⅱ-311,4.0,电子科学与工程学院,否,,周二,2012-2013-2,,2012218002252420,"2010电子科学与工程学院电子信息科学与技术,2010电子科学与工程学院微电子学,2010电子科学与工程学院通信工程",0,仙林校区,2012-2013学年 第2学期,52420,仙Ⅱ-311,,否,,,,,,0,计算方法,12,第5节-第7节,仙II区,180022
48.0,400160,电路分析(20122-180031-1),2012218003152377,,3,,83,1-17周,0,沈一骑,1-17周 周四 第5节-第7节 仙Ⅰ-202,3.0,电子科学与工程学院,否,,周四,2012-2013-2,,2012218003152377,2011天文与空间科学学院天文学,0,仙林校区,2012-2013学年 第2学期,52377,仙Ⅰ-202,,否,,,,,,0,电路分析,11,第5节-第7节,仙I区,180031
64.0,400160,数学物理方法(20122-180041-1),2012218004152411,,3,,231,"1-17周,1-11周,12-17周",0,"张蜡宝,朱广浩","1-11周 周四 第1节-第2节 仙Ⅱ-122,12-17周 周四 第3节-第4节 仙Ⅰ-106,1-17周 周二 第3节-第4节 仙Ⅱ-207",4.0,电子科学与工程学院,否,,"周二,周四,周四",2012-2013-2,,2012218004152411,"2011电子科学与工程学院电子信息类,2011电子科学与工程学院微电子学,2011电子科学与工程学院生物医学工程,2011电子科学与工程学院通信工程,2011电子科学与工程学院电子信息科学与技术",0,仙林校区,2012-2013学年 第2学期,52411,"仙Ⅱ-207,仙Ⅱ-122,仙Ⅰ-106",,否,,,,,,0,数学物理方法,"11,12","第3节-第4节,第1节-第2节,第3节-第4节","仙I区, 仙II区",180041
64.0,400160,模拟电路(20122-180061-1),2012218006152402,,3,,113,1-17周,0,"柏业超,张兴敢",1-17周 周三 第5节-第7节 仙Ⅱ-503,4.0,电子科学与工程学院,否,,周三,2012-2013-2,,2012218006152402,,0,仙林校区,2012-2013学年 第2学期,52402,仙Ⅱ-503,,否,,,,,,0,模拟电路,12,第5节-第7节,仙II区,180061
64.0,400160,模拟电路(20122-180061-2),2012218006152403,,3,,119,1-17周,0,方晖,1-17周 周三 第5节-第7节 仙Ⅱ-505,4.0,电子科学与工程学院,否,,周三,2012-2013-2,,2012218006152403,,0,仙林校区,2012-2013学年 第2学期,52403,仙Ⅱ-505,,否,,,,,,0,模拟电路,12,第5节-第7节,仙II区,180061
48.0,400160,概率论与随机过程(20122-180062-1),2012218006252405,,3,,227,1-17周,0,"于耀,都思丹",1-17周 周四 第5节-第7节 仙Ⅱ-207,3.0,电子科学与工程学院,否,,周四,2012-2013-2,,2012218006252405,"2011电子科学与工程学院电子信息类,2011电子科学与工程学院微电子学,2011电子科学与工程学院生物医学工程,2011电子科学与工程学院通信工程,2011电子科学与工程学院电子信息科学与技术",0,仙林校区,2012-2013学年 第2学期,52405,仙Ⅱ-207,,否,,,,,,0,概率论与随机过程,12,第5节-第7节,仙II区,180062
32.0,400160,模拟电路实验(20122-180071T-1),20122180071T52635,,3,,51,1-17周,0,"高健,庄建军",1-17周 周四 第9节-第11节 ,2.0,电子科学与工程学院,否,,周四,2012-2013-2,,20122180071T52635,2011物理学院物理学类,0,仙林校区,2012-2013学年 第2学期,52635,基础实验楼丙405；414；415,,否,,,,,,0,模拟电路实验,,第9节-第11节,,180071T
64.0,400160,数字电路(20122-180081-1),2012218008152380,,3,,13,1-17周,0,郑江,1-17周 周三 第3节-第4节 仙Ⅱ-104,4.0,电子科学与工程学院,否,,周三,2012-2013-2,,2012218008152380,,0,仙林校区,2012-2013学年 第2学期,52380,仙Ⅱ-104,,否,,,,,,0,数字电路,12,第3节-第4节,仙II区,180081
32.0,400160,数字电路实验(20122-180091T-1),20122180091T52381,,3,,7,,0,,,2.0,电子科学与工程学院,否,,,2012-2013-2,,20122180091T52381,,0,仙林校区,2012-2013学年 第2学期,52381,,,否,,,,,,0,数字电路实验,,,,180091T
32.0,400160,数字电路实验(20122-180091T-1),20122180091T52406,,3,,220,"1-9周,1-9周,1-9周",0,"陈瞻,戚海峰,高健,郑江","1-9周 周三 第5节-第8节 ,1-9周 周三 第9节-第12节 ,1-9周 周二 第9节-第12节 ",2.0,电子科学与工程学院,否,,"周二,周三,周三",2012-2013-2,,20122180091T52406,"2011电子科学与工程学院电子信息类,2011电子科学与工程学院微电子学,2011电子科学与工程学院生物医学工程,2011电子科学与工程学院通信工程,2011电子科学与工程学院电子信息科学与技术",0,仙林校区,2012-2013学年 第2学期,52406,"基础实验楼丙405,基础实验楼丙405，402，420，415,基础实验楼丙405，402，420，415",,否,,,,,,0,数字电路实验,,"第9节-第12节,第5节-第8节,第9节-第12节",,180091T
48.0,400160,自动控制理论(20122-180092-1),2012218009252421,,3,,30,1-17周,0,杨京,1-17周 周三 第3节-第4节 逸C-205,3.0,电子科学与工程学院,否,,周三,2012-2013-2,,2012218009252421,"2010电子科学与工程学院电子信息科学与技术,2010电子科学与工程学院微电子学,2010电子科学与工程学院通信工程",0,仙林校区,2012-2013学年 第2学期,52421,逸C-205,,否,,,,,,0,自动控制理论,17,第3节-第4节,逸夫楼C区,180092
48.0,400160,高频电路(20122-180101-1),2012218010152412,,3,,127,1-17周,0,方晖,1-17周 周一 第1节-第3节 仙Ⅰ-107,3.0,电子科学与工程学院,否,,周一,2012-2013-2,,2012218010152412,"2011电子科学与工程学院电子信息类,2011电子科学与工程学院微电子学,2011电子科学与工程学院生物医学工程,2011电子科学与工程学院通信工程,2011电子科学与工程学院电子信息科学与技术",0,仙林校区,2012-2013学年 第2学期,52412,仙Ⅰ-107,,否,,,,,,0,高频电路,11,第1节-第3节,仙I区,180101
48.0,400160,高频电路(20122-180101-2),2012218010152413,,3,,112,1-17周,0,"陈健,姜乃卓",1-17周 周一 第2节-第4节 图书馆126,3.0,电子科学与工程学院,否,,周一,2012-2013-2,,2012218010152413,"2011电子科学与工程学院电子信息类,2011电子科学与工程学院微电子学,2011电子科学与工程学院生物医学工程,2011电子科学与工程学院通信工程,2011电子科学与工程学院电子信息科学与技术",0,仙林校区,2012-2013学年 第2学期,52413,图书馆126,,否,,,,,,0,高频电路,18,第2节-第4节,图书馆,180101
48.0,400160,传感器原理(20122-180102-1),2012218010252418,,3,,76,1-17周,0,"王元庆,曹汛",1-17周 周五 第2节-第4节 仙Ⅱ-311,3.0,电子科学与工程学院,否,,周五,2012-2013-2,,2012218010252418,"2011电子科学与工程学院电子信息类,2011电子科学与工程学院微电子学,2011电子科学与工程学院生物医学工程,2011电子科学与工程学院通信工程,2011电子科学与工程学院电子信息科学与技术",0,仙林校区,2012-2013学年 第2学期,52418,仙Ⅱ-311,,否,,,,,,0,传感器原理,12,第2节-第4节,仙II区,180102
128.0,400160,毕业论文(20122-180990-1),2012218099052849,,3,,93,,0,,,8.0,电子科学与工程学院,否,,,2012-2013-2,,2012218099052849,2009电子科学与工程学院电子信息科学与技术,0,仙林校区,2012-2013学年 第2学期,52849,,,否,,,,,,0,毕业论文,,,,180990
128.0,400160,毕业论文(20122-180990-1),2012218099052851,,3,,46,,0,,,8.0,电子科学与工程学院,否,,,2012-2013-2,,2012218099052851,2009电子科学与工程学院声学,0,仙林校区,2012-2013学年 第2学期,52851,,,否,,,,,,0,毕业论文,,,,180990
128.0,400160,毕业论文(20122-180990-1),2012218099052852,,3,,51,,0,,,8.0,电子科学与工程学院,否,,,2012-2013-2,,2012218099052852,2009电子科学与工程学院通信工程,0,仙林校区,2012-2013学年 第2学期,52852,,,否,,,,,,0,毕业论文,,,,180990
32.0,400160,数字信号处理(20122-181011-1),2012218101152414,,3,,128,1-17周,0,李晨,1-17周 周三 第3节-第4节 仙Ⅰ-320,2.0,电子科学与工程学院,否,,周三,2012-2013-2,,2012218101152414,"2011电子科学与工程学院电子信息类,2011电子科学与工程学院微电子学,2011电子科学与工程学院生物医学工程,2011电子科学与工程学院通信工程,2011电子科学与工程学院电子信息科学与技术",0,仙林校区,2012-2013学年 第2学期,52414,仙Ⅰ-320,,否,,,,,,0,数字信号处理,11,第3节-第4节,仙I区,181011
32.0,400160,数字信号处理(20122-181011-2),2012218101152415,,3,,114,1-17周,0,庄建军,1-17周 周三 第3节-第4节 仙Ⅰ-107,2.0,电子科学与工程学院,否,,周三,2012-2013-2,,2012218101152415,"2011电子科学与工程学院电子信息类,2011电子科学与工程学院微电子学,2011电子科学与工程学院生物医学工程,2011电子科学与工程学院通信工程,2011电子科学与工程学院电子信息科学与技术",0,仙林校区,2012-2013学年 第2学期,52415,仙Ⅰ-107,,否,,,,,,0,数字信号处理,11,第3节-第4节,仙I区,181011
48.0,400160,数字图像处理(20122-181021-1),2012218102152419,,3,,80,"9-17周,9-17周",0,曹汛,"9-17周 周一 第5节-第7节 逸B-514,9-17周 周三 第5节-第7节 逸B-514",3.0,电子科学与工程学院,否,,"周一,周三",2012-2013-2,,2012218102152419,"2010电子科学与工程学院电子信息科学与技术,2010电子科学与工程学院微电子学,2010电子科学与工程学院通信工程",0,仙林校区,2012-2013学年 第2学期,52419,"逸B-514,逸B-514",,否,,,,,,0,数字图像处理,16,"第5节-第7节,第5节-第7节",逸夫楼B区,181021
48.0,400160,微机原理及接口技术(20122-181024-1),2012218102452416,,3,,112,"1-6周,10-17周,7-9周",0,方元,"1-6周,10-17周 周一 第5节-第7节 图书馆127,7-9周 周一 第5节-第8节 ",3.0,电子科学与工程学院,否,,"周一,周一",2012-2013-2,,2012218102452416,"2011电子科学与工程学院电子信息类,2011电子科学与工程学院微电子学,2011电子科学与工程学院生物医学工程,2011电子科学与工程学院通信工程,2011电子科学与工程学院电子信息科学与技术",0,仙林校区,2012-2013学年 第2学期,52416,"图书馆127,基础实验楼丙409",,否,,,,,,0,微机原理及接口技术,18,"第5节-第7节,第5节-第8节",图书馆,181024
48.0,400160,微机原理及接口技术(20122-181024-2),2012218102452417,,3,,117,"1-6周,10-17周,7-9周",0,彭成磊,"1-6周,10-17周 周一 第5节-第7节 逸B-410,7-9周 周一 第5节-第8节 ",3.0,电子科学与工程学院,否,,"周一,周一",2012-2013-2,,2012218102452417,"2011电子科学与工程学院电子信息类,2011电子科学与工程学院微电子学,2011电子科学与工程学院生物医学工程,2011电子科学与工程学院通信工程,2011电子科学与工程学院电子信息科学与技术",0,仙林校区,2012-2013学年 第2学期,52417,"逸B-410,基础实验楼丙409",,否,,,,,,0,微机原理及接口技术,16,"第5节-第7节,第5节-第8节",逸夫楼B区,181024
48.0,400150,C++与面向对象程序设计(20122-181044-1),2012218104452190,,3,,52,"1-17周,1-17周",0,"胡昊,于耀","1-17周 周二 第1节-第2节 逸B-514,1-17周 周二 第3节-第4节 ",3.0,计算机学院,否,,"周二,周二",2012-2013-2,,2012218104452190,"2010电子科学与工程学院电子信息科学与技术,2010电子科学与工程学院微电子学,2010电子科学与工程学院通信工程",0,仙林校区,2012-2013学年 第2学期,52190,"逸B-514,基础实验楼乙125",,否,,,,,,0,C++与面向对象程序设计,16,"第1节-第2节,第3节-第4节",逸夫楼B区,181044
32.0,400160,无线传感器网络(20122-181073-1),2012218107352422,,3,,4,,0,,,2.0,电子科学与工程学院,否,,,2012-2013-2,,2012218107352422,,0,仙林校区,2012-2013学年 第2学期,52422,,,否,,,,,,0,无线传感器网络,,,,181073
16.0,400160,IT企业创业与发展战略(20122-181083-1),2012218108352423,,3,,82,2-17周,0,王自强,2-17周 周一 第9节-第10节 仙Ⅰ-102,1.0,电子科学与工程学院,否,,周一,2012-2013-2,,2012218108352423,"2010电子科学与工程学院电子信息科学与技术,2010电子科学与工程学院微电子学,2010电子科学与工程学院通信工程",0,仙林校区,2012-2013学年 第2学期,52423,仙Ⅰ-102,,否,,,,,,0,IT企业创业与发展战略,11,第9节-第10节,仙I区,181083
32.0,400160,音频信号处理(20122-182103-1),2012218210352424,,3,,0,,0,,,2.0,电子科学与工程学院,否,,,2012-2013-2,,2012218210352424,,0,仙林校区,2012-2013学年 第2学期,52424,,,否,,,,,,0,音频信号处理,,,,182103
64.0,400160,通信原理(20122-184011-1),2012218401152425,,3,,97,"1-17周,1-17周",0,"沈庆宏,阮雅端","1-17周 周一 第3节-第4节 仙Ⅱ-313,1-17周 周四 第3节-第4节 仙Ⅱ-112",4.0,电子科学与工程学院,否,,"周四,周一",2012-2013-2,,2012218401152425,"2010电子科学与工程学院电子信息科学与技术,2010电子科学与工程学院微电子学,2010电子科学与工程学院通信工程",0,仙林校区,2012-2013学年 第2学期,52425,"仙Ⅱ-112,仙Ⅱ-313",,否,,,,,,0,通信原理,12,"第3节-第4节,第3节-第4节",仙II区,184011
32.0,400160,通信原理实验(20122-184021T-1),20122184021T52426,,3,,54,"4-17周,4-17周",0,"孔令红,王健","4-17周 周三 第1节-第4节 ,4-17周 周三 第5节-第8节 ",2.0,电子科学与工程学院,否,,"周三,周三",2012-2013-2,,20122184021T52426,"2010电子科学与工程学院电子信息科学与技术,2010电子科学与工程学院微电子学,2010电子科学与工程学院通信工程",0,仙林校区,2012-2013学年 第2学期,52426,"基础实验楼丙414,基础实验楼丙414",,否,,,,,,0,通信原理实验,,"第1节-第4节,第5节-第8节",,184021T
64.0,400160,计算机通信(20122-184023-1),2012218402352427,,3,,19,1-17周,0,陈相宁,1-17周 周二 第5节-第7节 仙Ⅱ-312,4.0,电子科学与工程学院,否,,周二,2012-2013-2,,2012218402352427,"2010电子科学与工程学院电子信息科学与技术,2010电子科学与工程学院微电子学,2010电子科学与工程学院通信工程",0,仙林校区,2012-2013学年 第2学期,52427,仙Ⅱ-312,,否,,,,,,0,计算机通信,12,第5节-第7节,仙II区,184023
32.0,400160,太阳能电池-原理与应用(20122-186001-1),2012218600152430,,3,,25,1-17周,0,马忠元,1-17周 周一 第1节-第2节 仙Ⅱ-313,2.0,电子科学与工程学院,否,,周一,2012-2013-2,,2012218600152430,2010电子科学与工程学院微电子学,0,仙林校区,2012-2013学年 第2学期,52430,仙Ⅱ-313,,否,,,,,,0,太阳能电池-原理与应用,12,第1节-第2节,仙II区,186001
48.0,400160,半导体材料与器件表征(20122-186002-1),2012218600252431,,3,,26,"1-17周,1-17周,1-17周",0,"濮琳,王军转","1-17周 周二 第5节-第6节 逸B-308,1-17周 周四 第7节-第8节 ,1-17周 周四 第5节-第6节 ",3.0,电子科学与工程学院,否,,"周二,周四,周四",2012-2013-2,,2012218600252431,2010电子科学与工程学院微电子学,0,仙林校区,2012-2013学年 第2学期,52431,"逸B-308,鼓楼校区科技馆111,鼓楼校区科技馆111",,否,,,,,,0,半导体材料与器件表征,16,"第5节-第6节,第5节-第6节,第7节-第8节",逸夫楼B区,186002
64.0,400160,半导体器件基础(20122-186006-1),2012218600652432,,3,,56,"1-17周,1-17周",0,顾书林,"1-17周 周二 第3节-第4节 仙Ⅱ-212,1-17周 周四 第3节-第4节 仙Ⅱ-117",4.0,电子科学与工程学院,否,,"周二,周四",2012-2013-2,,2012218600652432,2010电子科学与工程学院微电子学,0,仙林校区,2012-2013学年 第2学期,52432,"仙Ⅱ-212,仙Ⅱ-117",,否,,,,,,0,半导体器件基础,12,"第3节-第4节,第3节-第4节",仙II区,186006
16.0,400160,电路分析实验(20122-186009-1),2012218600952404,,3,,187,"1-17周,1-17周,1-17周,1-17周",0,"蒲殷,沈一骑","1-17周 周二 第1节-第2节 ,1-17周 周四 第3节-第4节 ,1-17周 周二 第3节-第4节 ,1-17周 周四 第1节-第2节 ",1.0,电子科学与工程学院,否,,"周二,周二,周四,周四",2012-2013-2,,2012218600952404,,0,仙林校区,2012-2013学年 第2学期,52404,"基础实验楼丙410,基础实验楼丙410,基础实验楼丙410,基础实验楼丙410",,否,,,,,,0,电路分析实验,,"第1节-第2节,第3节-第4节,第1节-第2节,第3节-第4节",,186009
32.0,400160,微电子工艺(20122-186011-1),2012218601152433,,3,,39,1-17周,0,陆海,1-17周 周一 第3节-第4节 仙Ⅱ-217,2.0,电子科学与工程学院,否,,周一,2012-2013-2,,2012218601152433,2010电子科学与工程学院微电子学,0,仙林校区,2012-2013学年 第2学期,52433,仙Ⅱ-217,,否,,,,,,0,微电子工艺,12,第3节-第4节,仙II区,186011
48.0,400160,集成电路设计基础(20122-186012-1),2012218601252434,,3,,53,"1-12周,13-17周",0,李丽,"1-12周 周一 第5节-第7节 仙Ⅱ-522,13-17周 周一 第5节-第7节 ",3.0,电子科学与工程学院,否,,"周一,周一",2012-2013-2,,2012218601252434,2010电子科学与工程学院微电子学,0,仙林校区,2012-2013学年 第2学期,52434,"仙Ⅱ-522,实验楼丙409",,否,,,,,,0,集成电路设计基础,12,"第5节-第7节,第5节-第7节",仙II区,186012
32.0,400160,电子系统实践(20122-186013-1),2012218601352429,,3,,179,"10-17周,10-17周",0,"司峻峰,陈瞻,高健,郑江,戚海峰,姜乃卓","10-17周 周二 第9节-第12节 ,10-17周 周三 第9节-第12节 ",2.0,电子科学与工程学院,否,,"周二,周三",2012-2013-2,,2012218601352429,"2010电子科学与工程学院电子信息科学与技术,2010电子科学与工程学院微电子学,2010电子科学与工程学院通信工程",0,仙林校区,2012-2013学年 第2学期,52429,"基础实验楼丙402，405，420，415,基础实验楼丙402，405，420，415",,否,,,,,,0,电子系统实践,,"第9节-第12节,第9节-第12节",,186013
48.0,400160,模拟电路实验(20122-189001T-1),20122189001T52379,,3,,45,1-17周,0,"陈瞻,戚海峰",1-17周 周二 第5节-第8节 ,3.0,电子科学与工程学院,否,,周二,2012-2013-2,,20122189001T52379,,0,仙林校区,2012-2013学年 第2学期,52379,基础实验楼丙402，405,,否,,,,,,0,模拟电路实验,,第5节-第8节,,189001T
48.0,400160,模拟电路实验(20122-189001T-2),20122189001T53068,,3,,158,"1-17周,1-17周",0,"姜乃卓,司峻峰,郑江,戚海峰,高健,陈瞻","1-17周 周二 第2节-第4节 ,1-17周 周四 第5节-第7节 ",3.0,电子科学与工程学院,否,,"周二,周四",2012-2013-2,,20122189001T53068,2011现代工程与应用科学学院材料类,0,仙林校区,2012-2013学年 第2学期,53068,"基础实验楼丙405；,基础实验楼丙405；414；415",,否,,,,,,0,模拟电路实验,,"第2节-第4节,第5节-第7节",,189001T
32.0,400160,微电子与电路基础实验(20122-189003T-1),20122189003T52378,,3,,28,1-17周,0,姜田,1-17周 周二 第3节-第4节 ,2.0,电子科学与工程学院,否,,周二,2012-2013-2,,20122189003T52378,,0,仙林校区,2012-2013学年 第2学期,52378,基础实验楼丙402,,否,,,,,,0,微电子与电路基础实验,,第3节-第4节,,189003T
16.0,400160,信息电子学前沿实验I(20122-189004T-1),20122189004T52811,,3,,60,1-17周,0,"冯一军,谢自力,于耀,赵俊明,陈健,刘红星,都思丹,陆海,许伟伟,闫锋,杨燚,曹汛,黄晓林,潘红兵,纪小丽,陈敦军,韩平,陈鹏,唐东明,王元庆,李丽",1-17周 周五 第5节-第7节 ,1.0,电子科学与工程学院,否,,周五,2012-2013-2,,20122189004T52811,"2011电子科学与工程学院电子信息类,2011电子科学与工程学院微电子学,2011电子科学与工程学院生物医学工程,2011电子科学与工程学院通信工程,2011电子科学与工程学院电子信息科学与技术",0,仙林校区,2012-2013学年 第2学期,52811,详见备注,,否,,,,,,0,信息电子学前沿实验I,,第5节-第7节,,189004T
32.0,400170,热学(20122-190100B-1),20122190100B51550,,3,,170,1-17周,0,唐少春,1-17周 周一 第10节-第11节 逸B-101,2.0,现代工程与应用科学学院,否,,周一,2012-2013-2,,20122190100B51550,,0,仙林校区,2012-2013学年 第2学期,51550,逸B-101,,否,,,,,,0,热学,16,第10节-第11节,逸夫楼B区,190100B
64.0,400170,理论物理（Ⅰ）理论力学热统(20122-190150-1),2012219015051557,,3,,160,"1-17周,1-17周(单)",0,"陈延彬,秦亦强","1-17周 周三 第3节-第4节 图书馆126,1-17周(单) 周五 第3节-第4节 图书馆126",4.0,现代工程与应用科学学院,否,,"周三,周五",2012-2013-2,,2012219015051557,2011现代工程与应用科学学院材料类,0,仙林校区,2012-2013学年 第2学期,51557,"图书馆126,图书馆126",,否,,,,,,0,理论物理[Ⅰ]理论力学热统,18,"第3节-第4节,第3节-第4节",图书馆,190150
48.0,400170,数学物理方法(20122-190180-1),2012219018051561,,3,,156,1-17周,0,张超,1-17周 周五 第5节-第7节 图书馆127,3.0,现代工程与应用科学学院,否,,周五,2012-2013-2,,2012219018051561,2011现代工程与应用科学学院材料类,0,仙林校区,2012-2013学年 第2学期,51561,图书馆127,,否,,,,,,0,数学物理方法,18,第5节-第7节,图书馆,190180
64.0,400170,固体物理(20122-190190-1),2012219019051570,,3,,136,"1-17周,1-17周",0,周健,"1-17周 周五 第5节-第6节 图书馆126,1-17周 周二 第7节-第8节 逸A-117",4.0,现代工程与应用科学学院,否,,"周二,周五",2012-2013-2,,2012219019051570,"2010现代工程与应用科学学院材料物理,2010现代工程与应用科学学院材料化学",0,仙林校区,2012-2013学年 第2学期,51570,"逸A-117,图书馆126",,否,,,,,,0,固体物理,"15,18","第7节-第8节,第5节-第6节","逸夫楼A区, 图书馆",190190
48.0,400170,大学化学(20122-190200-1),2012219020051553,,3,,150,"1-17周,2-18周(双)",0,葛海雄,"1-17周 周二 第3节-第4节 逸B-101,2-18周(双) 周四 第9节-第10节 逸B-101",3.0,现代工程与应用科学学院,否,,"周二,周四",2012-2013-2,,2012219020051553,,0,仙林校区,2012-2013学年 第2学期,51553,"逸B-101,逸B-101",,否,,,,,,0,大学化学,16,"第3节-第4节,第9节-第10节",逸夫楼B区,190200
128.0,400170,毕业论文(20122-190240-1),2012219024051586,,1,,115,,0,,,8.0,现代工程与应用科学学院,否,,,2012-2013-2,,2012219024051586,"2009现代工程与应用科学学院材料物理,2009现代工程与应用科学学院材料化学",0,鼓楼校区,2012-2013学年 第2学期,51586,,,否,,,,,,0,毕业论文,,,,190240
64.0,400170,物理化学(20122-190250-1),2012219025051565,,3,,160,"1-17周,1-17周",0,"刘建国,于振涛","1-17周 周一 第3节-第4节 图书馆125,1-17周 周三 第5节-第6节 逸A-117",4.0,现代工程与应用科学学院,否,,"周一,周三",2012-2013-2,,2012219025051565,2011现代工程与应用科学学院材料类,0,仙林校区,2012-2013学年 第2学期,51565,"图书馆125,逸A-117",,否,,,,,,0,物理化学,"15,18","第3节-第4节,第5节-第6节","逸夫楼A区, 图书馆",190250
16.0,400170,机械设计(20122-190310-1),2012219031051575,,3,,134,1-17周,0,顾正彬,1-17周 周二 第5节-第6节 逸A-117,1.0,现代工程与应用科学学院,否,,周二,2012-2013-2,,2012219031051575,"2010现代工程与应用科学学院材料物理,2010现代工程与应用科学学院材料化学",0,仙林校区,2012-2013学年 第2学期,51575,逸A-117,,否,,,,,,0,机械设计,15,第5节-第6节,逸夫楼A区,190310
64.0,400170,光电子器件与工艺(20122-191330-1),2012219133051571,,3,,134,"1-17周,1-17周",0,袁长胜,"1-17周 周三 第3节-第4节 图书馆127,1-17周 周五 第3节-第4节 图书馆127",4.0,现代工程与应用科学学院,否,,"周三,周五",2012-2013-2,,2012219133051571,"2010现代工程与应用科学学院材料物理,2010现代工程与应用科学学院材料化学",0,仙林校区,2012-2013学年 第2学期,51571,"图书馆127,图书馆127",,否,,,,,,0,光电子器件与工艺,18,"第3节-第4节,第3节-第4节",图书馆,191330
48.0,400170,晶体生长(20122-191350-1),2012219135051577,,3,,136,1-17周,0,姚淑华,1-17周 周三 第5节-第7节 逸B-212,3.0,现代工程与应用科学学院,否,,周三,2012-2013-2,,2012219135051577,"2010现代工程与应用科学学院材料物理,2010现代工程与应用科学学院材料化学",0,仙林校区,2012-2013学年 第2学期,51577,逸B-212,,否,,,,,,0,晶体生长,16,第5节-第7节,逸夫楼B区,191350
32.0,400170,材料科学基础实验(20122-191400-1),2012219140051572,,3,,91,1-17周,0,"韩民,丁怀平",1-17周 周一 第3节-第8节 ,2.0,现代工程与应用科学学院,否,,周一,2012-2013-2,,2012219140051572,2010现代工程与应用科学学院材料物理,0,仙林校区,2012-2013学年 第2学期,51572,实验楼丙-109;111,,否,,,,,,0,材料科学基础实验,,第3节-第8节,,191400
32.0,400170,微纳光子学(20122-191440-1),2012219144051588,,1,,1,1-17周,0,"徐飞,姜校顺",1-17周 周四 第5节-第6节 ,2.0,现代工程与应用科学学院,否,,周四,2012-2013-2,,2012219144051588,"2009现代工程与应用科学学院材料物理,2009现代工程与应用科学学院材料化学",0,鼓楼校区,2012-2013学年 第2学期,51588,科学楼902,,否,,,,,,0,微纳光子学,,第5节-第6节,,191440
64.0,400170,无机非金属材料工艺学(20122-192270-1),2012219227051573,,3,,134,"1-17周,1-17周",0,李爱东,"1-17周 周二 第3节-第4节 逸A-117,1-17周 周四 第3节-第4节 仙Ⅰ-524",4.0,现代工程与应用科学学院,否,,"周二,周四",2012-2013-2,,2012219227051573,"2010现代工程与应用科学学院材料物理,2010现代工程与应用科学学院材料化学",0,仙林校区,2012-2013学年 第2学期,51573,"逸A-117,仙Ⅰ-524",,否,,,,,,0,无机非金属材料工艺学,"11,15","第3节-第4节,第3节-第4节","仙I区, 逸夫楼A区",192270
0.0,400180,毕业论文/设计(20122-200000-1),2012220000053363,,3,,58,,0,,,0.0,环境学院,否,,,2012-2013-2,,2012220000053363,,0,仙林校区,2012-2013学年 第2学期,53363,,,否,,,,,,0,毕业论文/设计,,,,200000
0.0,400180,毕业论文/设计(20122-200000-1),2012220000053364,,3,,30,,0,,,0.0,环境学院,否,,,2012-2013-2,,2012220000053364,2009环境学院环境工程,0,仙林校区,2012-2013学年 第2学期,53364,,,否,,,,,,0,毕业论文/设计,,,,200000
32.0,400180,环境生物学（二）(20122-201050B-1),20122201050B51599,,3,,67,1-17周,0,陈良燕,1-17周 周一 第3节-第4节 环科楼B-112,2.0,环境学院,否,,周一,2012-2013-2,,20122201050B51599,2010环境学院环境科学,0,仙林校区,2012-2013学年 第2学期,51599,环科楼B-112,,否,,,,,,0,环境生物学（二）,111,第3节-第4节,环科楼,201050B
16.0,400180,环境生物学实验（二）(20122-201060B-1),20122201060B51601,,3,,11,1-17周,0,陈良燕,1-17周 周一 第5节-第6节 ,1.0,环境学院,否,,周一,2012-2013-2,,20122201060B51601,2010环境学院环境科学,0,仙林校区,2012-2013学年 第2学期,51601,环A-203,,否,,,,,,0,环境生物学实验（二）,,第5节-第6节,,201060B
32.0,400180,环境管理学(20122-201070-1),2012220107051569,,3,,70,1-17周,0,万玉秋,1-17周 周一 第5节-第6节 环科楼B-112,2.0,环境学院,否,,周一,2012-2013-2,,2012220107051569,,0,仙林校区,2012-2013学年 第2学期,51569,环科楼B-112,,否,,,,,,0,环境管理学,111,第5节-第6节,环科楼,201070
32.0,400180,环境影响评价(20122-201080-1),2012220108051574,,3,,25,1-17周,0,钱瑜,1-17周 周一 第3节-第4节 环科楼B-107,2.0,环境学院,否,,周一,2012-2013-2,,2012220108051574,,0,仙林校区,2012-2013学年 第2学期,51574,环科楼B-107,,否,,,,,,0,环境影响评价,111,第3节-第4节,环科楼,201080
32.0,400180,环境影响评价(20122-201080-1),2012220108051585,,3,,38,1-17周,0,刘宁,1-17周 周五 第5节-第6节 环科楼B-101,2.0,环境学院,否,,周五,2012-2013-2,,2012220108051585,2011环境学院环境工程,0,仙林校区,2012-2013学年 第2学期,51585,环科楼B-101,,否,,,,,,0,环境影响评价,111,第5节-第6节,环科楼,201080
48.0,400180,环境监测(20122-201090-1),2012220109051654,,3,,94,"1-17周(单),1-17周",0,鲜啟鸣,"1-17周(单) 周二 第1节-第2节 环科楼B-112,1-17周 周五 第3节-第4节 环科楼B-112",3.0,环境学院,否,,"周二,周五",2012-2013-2,,2012220109051654,"2010环境学院环境工程,2010环境学院环境科学",0,仙林校区,2012-2013学年 第2学期,51654,"环科楼B-112,环科楼B-112",,否,,,,,,0,环境监测,111,"第1节-第2节,第3节-第4节",环科楼,201090
48.0,400180,环境监测实验(20122-201100-1),2012220110051657,,3,,66,1-17周,0,刘红玲,1-17周 周二 第5节-第10节 ,3.0,环境学院,否,,周二,2012-2013-2,,2012220110051657,2010环境学院环境科学,0,仙林校区,2012-2013学年 第2学期,51657,环科楼A区227,,否,,,,,,0,环境监测实验,,第5节-第10节,,201100
48.0,400180,环境监测实验(20122-201100-1),2012220110051969,,3,,29,1-17周,0,韦斯,1-17周 周五 第5节-第10节 ,3.0,环境学院,否,,周五,2012-2013-2,,2012220110051969,2010环境学院环境工程,0,仙林校区,2012-2013学年 第2学期,51969,环科楼A区227,,否,,,,,,0,环境监测实验,,第5节-第10节,,201100
32.0,400180,环境地学概论(20122-201170-1),2012220117051578,,3,,23,1-17周,0,朱晓东,1-17周 周四 第3节-第4节 环科楼B-107,2.0,环境学院,否,,周四,2012-2013-2,,2012220117051578,,0,仙林校区,2012-2013学年 第2学期,51578,环科楼B-107,,否,,,,,,0,环境地学概论,111,第3节-第4节,环科楼,201170
32.0,400180,公共政策与行政管理(20122-201180-1),2012220118051580,,3,,27,1-17周,0,"黄蕾,张炳",1-17周 周五 第1节-第2节 环科楼B-107,2.0,环境学院,否,,周五,2012-2013-2,,2012220118051580,,0,仙林校区,2012-2013学年 第2学期,51580,环科楼B-107,,否,,,,,,0,公共政策与行政管理,111,第1节-第2节,环科楼,201180
32.0,400180,环境经济学(20122-201190-1),2012220119051576,,3,,69,1-17周,0,"华新,左玉辉",1-17周 周三 第3节-第4节 环科楼B-112,2.0,环境学院,否,,周三,2012-2013-2,,2012220119051576,,0,仙林校区,2012-2013学年 第2学期,51576,环科楼B-112,,否,,,,,,0,环境经济学,111,第3节-第4节,环科楼,201190
32.0,400180,物理环境学(20122-201200-1),2012220120051684,,3,,43,1-17周,0,刘宁,1-17周 周五 第7节-第8节 环科楼B-101,2.0,环境学院,否,,周五,2012-2013-2,,2012220120051684,2010环境学院环境科学,0,仙林校区,2012-2013学年 第2学期,51684,环科楼B-101,,否,,,,,,0,物理环境学,111,第7节-第8节,环科楼,201200
32.0,400180,环境系统分析(20122-201210-1),2012220121051583,,3,,24,1-17周,0,"黄蕾,袁增伟",1-17周 周三 第5节-第6节 环科楼B-101,2.0,环境学院,否,,周三,2012-2013-2,,2012220121051583,,0,仙林校区,2012-2013学年 第2学期,51583,环科楼B-101,,否,,,,,,0,环境系统分析,111,第5节-第6节,环科楼,201210
32.0,400180,环境规划(20122-201240-1),2012220124051671,,3,,40,1-17周,0,"黄蕾,袁增伟",1-17周 周四 第3节-第4节 环科楼B-103,2.0,环境学院,否,,周四,2012-2013-2,,2012220124051671,2010环境学院环境科学,0,仙林校区,2012-2013学年 第2学期,51671,环科楼B-103,,否,,,,,,0,环境规划,111,第3节-第4节,环科楼,201240
32.0,400180,城市生态学(20122-201260-1),2012220126051676,,3,,40,"1-17周,9-17周",0,李杨帆,"1-17周 周三 第3节-第4节 环科楼B-102,9-17周 周一 第5节-第6节 环科楼B-101",2.0,环境学院,否,,"周三,周一",2012-2013-2,,2012220126051676,2010环境学院环境科学,0,仙林校区,2012-2013学年 第2学期,51676,"环科楼B-102,环科楼B-101",,否,,,,,,0,城市生态学,111,"第3节-第4节,第5节-第6节",环科楼,201260
32.0,400180,环境工程基础(20122-203010-1),2012220301051689,,3,,66,1-17周,0,许昭怡,1-17周 周二 第3节-第4节 环科楼B-112,2.0,环境学院,否,,周二,2012-2013-2,,2012220301051689,2010环境学院环境科学,0,仙林校区,2012-2013学年 第2学期,51689,环科楼B-112,,否,,,,,,0,环境工程基础,111,第3节-第4节,环科楼,203010
16.0,400180,环境工程实验(20122-203020-1),2012220302051695,,3,,28,1-17周,0,"丁原红,王津南",1-17周 周五 第5节-第8节 ,1.0,环境学院,否,,周五,2012-2013-2,,2012220302051695,2010环境学院环境科学,0,仙林校区,2012-2013学年 第2学期,51695,环科楼A区一楼,,否,,,,,,0,环境工程实验,,第5节-第8节,,203020
32.0,400180,环境工程实验（二）(20122-203020B-1),20122203020B51955,,3,,29,1-17周,0,"王津南,丁原红",1-17周 周四 第5节-第8节 ,2.0,环境学院,否,,周四,2012-2013-2,,20122203020B51955,2010环境学院环境工程,0,仙林校区,2012-2013学年 第2学期,51955,环科楼A区一楼,,否,,,,,,0,环境工程实验（二）,,第5节-第8节,,203020B
32.0,400180,水污染控制工程B-物化处理(20122-203040-1),2012220304051960,,3,,28,1-17周,0,"任洪强,许柯",1-17周 周一 第3节-第4节 环科楼B-102,2.0,环境学院,否,,周一,2012-2013-2,,2012220304051960,2010环境学院环境工程,0,仙林校区,2012-2013学年 第2学期,51960,环科楼B-102,,否,,,,,,0,水污染控制工程B-物化处理,111,第3节-第4节,环科楼,203040
32.0,400180,大气污染控制工程(20122-203060-1),2012220306051964,,3,,28,1-17周,0,陈泽智,1-17周 周一 第5节-第6节 环科楼B-102,2.0,环境学院,否,,周一,2012-2013-2,,2012220306051964,2010环境学院环境工程,0,仙林校区,2012-2013学年 第2学期,51964,环科楼B-102,,否,,,,,,0,大气污染控制工程,111,第5节-第6节,环科楼,203060
32.0,400180,工程制图(20122-203090-1),2012220309051967,,3,,33,1-17周,0,刘波,1-17周 周四 第3节-第4节 环科楼B-104,2.0,环境学院,否,,周四,2012-2013-2,,2012220309051967,2010环境学院环境工程,0,仙林校区,2012-2013学年 第2学期,51967,环科楼B-104,,否,,,,,,0,工程制图,111,第3节-第4节,环科楼,203090
32.0,400180,工程力学(20122-203130-1),2012220313051589,,3,,43,1-17周,0,张晓春,1-17周 周二 第5节-第6节 环科楼B-101,2.0,环境学院,否,,周二,2012-2013-2,,2012220313051589,2011环境学院环境工程,0,仙林校区,2012-2013学年 第2学期,51589,环科楼B-101,,否,,,,,,0,工程力学,111,第5节-第6节,环科楼,203130
32.0,400180,环境工程原理(20122-203160-1),2012220316051592,,3,,37,"1-9周,1-9周",0,王津南,"1-9周 周五 第1节-第2节 环科楼B-101,1-9周 周四 第3节-第4节 环科楼B-102",2.0,环境学院,否,,"周四,周五",2012-2013-2,,2012220316051592,2011环境学院环境工程,0,仙林校区,2012-2013学年 第2学期,51592,"环科楼B-102,环科楼B-101",,否,,,,,,0,环境工程原理,111,"第3节-第4节,第1节-第2节",环科楼,203160
64.0,400180,给水排水(20122-203180-1),2012220318051595,,3,,37,"1-17周,1-17周",0,吴军,"1-17周 周一 第3节-第4节 环科楼B-101,1-17周 周三 第3节-第4节 环科楼B-101",4.0,环境学院,否,,"周一,周三",2012-2013-2,,2012220318051595,2011环境学院环境工程,0,仙林校区,2012-2013学年 第2学期,51595,"环科楼B-101,环科楼B-101",,否,,,,,,0,给水排水,111,"第3节-第4节,第3节-第4节",环科楼,203180
32.0,400180,环境科学概论(20122-209010-1),2012220901052104,,3,,68,1-17周,0,周庆,1-17周 周五 第3节-第4节 逸B-101,2.0,环境学院,否,,周五,2012-2013-2,,2012220901052104,,0,仙林校区,2012-2013学年 第2学期,52104,逸B-101,,否,,,,,,0,环境科学概论,16,第3节-第4节,逸夫楼B区,209010
96.0,400130,毕业论文(20122-210000-1),2012221000051004,,1,,32,,0,,,6.0,天文与空间科学学院,否,,,2012-2013-2,,2012221000051004,2009天文与空间科学学院天文学,0,鼓楼校区,2012-2013学年 第2学期,51004,,,否,,,,,,0,毕业论文,,,,210000
48.0,400130,普通天文学(20122-210010B-1),20122210010B50998,,3,,52,1-17周,0,李向东,1-17周 周三 第5节-第7节 仙Ⅱ-104,3.0,天文与空间科学学院,否,,周三,2012-2013-2,,20122210010B50998,2011天文与空间科学学院天文学,0,仙林校区,2012-2013学年 第2学期,50998,仙Ⅱ-104,,否,,,,,,0,普通天文学,12,第5节-第7节,仙II区,210010B
48.0,400130,天体力学基础(20122-210030-1),2012221003051000,,3,,30,1-17周,0,周礼勇,1-17周 周二 第2节-第4节 逸C-209,3.0,天文与空间科学学院,否,,周二,2012-2013-2,,2012221003051000,2010天文与空间科学学院天文学,0,仙林校区,2012-2013学年 第2学期,51000,逸C-209,,否,,,,,,0,天体力学基础,17,第2节-第4节,逸夫楼C区,210030
48.0,400130,球面天文(20122-210040-1),2012221004051001,,3,,31,1-17周,0,朱紫,1-17周 周一 第5节-第7节 逸B-310,3.0,天文与空间科学学院,否,,周一,2012-2013-2,,2012221004051001,2010天文与空间科学学院天文学,0,仙林校区,2012-2013学年 第2学期,51001,逸B-310,,否,,,,,,0,球面天文,16,第5节-第7节,逸夫楼B区,210040
48.0,400130,流体力学(20122-211030-1),2012221103051002,,3,,0,,0,,,3.0,天文与空间科学学院,否,,,2012-2013-2,,2012221103051002,,0,仙林校区,2012-2013学年 第2学期,51002,,,否,,,,,,0,流体力学,,,,211030
48.0,400130,流体力学(20122-211030-2),2012221103051003,,3,,18,1-17周,0,张辉,1-17周 周三 第5节-第7节 逸C-209,3.0,天文与空间科学学院,否,,周三,2012-2013-2,,2012221103051003,2010天文与空间科学学院天文学,0,仙林校区,2012-2013学年 第2学期,51003,逸C-209,,否,,,,,,0,流体力学,17,第5节-第7节,逸夫楼C区,211030
48.0,400130,广义相对论(20122-211050-1),2012221105051008,,1,,11,1-17周,0,王祥玉,1-17周 周三 第2节-第4节 教211,3.0,天文与空间科学学院,否,,周三,2012-2013-2,,2012221105051008,2009天文与空间科学学院天文学,0,鼓楼校区,2012-2013学年 第2学期,51008,教211,,否,,,,,,0,广义相对论,1,第2节-第4节,教学楼,211050
48.0,400130,射电天体物理(20122-211110-1),2012221111052801,,1,,3,1-17周,0,王均智,1-17周 周四 第2节-第4节 教211,3.0,天文与空间科学学院,否,,周四,2012-2013-2,,2012221111052801,2009天文与空间科学学院天文学,0,鼓楼校区,2012-2013学年 第2学期,52801,教211,,否,,,,,,0,射电天体物理,1,第2节-第4节,教学楼,211110
32.0,400130,轨道设计基础(20122-211140-1),2012221114051005,,,,0,,0,,,2.0,天文与空间科学学院,否,,,2012-2013-2,,2012221114051005,,0,,2012-2013学年 第2学期,51005,,,否,,,,,,0,轨道设计基础,,,,211140
32.0,400130,现代天文科研入门(20122-211170-1),2012221117050999,,3,,58,1-17周,0,黄永锋,1-17周 周四 第8节-第10节 仙Ⅰ-201,2.0,天文与空间科学学院,否,,周四,2012-2013-2,,2012221117050999,2012天文与空间科学学院天文学,0,仙林校区,2012-2013学年 第2学期,50999,仙Ⅰ-201,,否,,,,,,0,现代天文科研入门,11,第8节-第10节,仙I区,211170
32.0,400130,宇宙学导论(20122-211230-1),2012221123052802,,1,,4,1-17周,0,王发印,1-17周 周一 第3节-第4节 教303,2.0,天文与空间科学学院,否,,周一,2012-2013-2,,2012221123052802,2009天文与空间科学学院天文学,0,鼓楼校区,2012-2013学年 第2学期,52802,教303,,否,,,,,,0,宇宙学导论,1,第3节-第4节,教学楼,211230
64.0,400150,计算机系统概论(20122-220000-1),2012222000051071,,3,,11,"1-17周,1-17周",0,窦万春,"1-17周 周一 第1节-第2节 仙Ⅱ-101,1-17周 周五 第3节-第4节 仙Ⅱ-101",4.0,计算机学院,否,,"周一,周五",2012-2013-2,,2012222000051071,,0,仙林校区,2012-2013学年 第2学期,51071,"仙Ⅱ-101,仙Ⅱ-101",,否,,,,,,0,计算机系统概论,12,"第1节-第2节,第3节-第4节",仙II区,220000
64.0,400150,程序设计基础(20122-220010-1),2012222001051075,,3,,14,"1-17周,1-17周",0,"黄书剑,陈家骏","1-17周 周五 第1节-第2节 仙Ⅱ-101,1-17周 周一 第3节-第4节 仙Ⅱ-101",4.0,计算机学院,否,,"周一,周五",2012-2013-2,,2012222001051075,,0,仙林校区,2012-2013学年 第2学期,51075,"仙Ⅱ-101,仙Ⅱ-101",,否,,,,,,0,程序设计基础,12,"第3节-第4节,第1节-第2节",仙II区,220010
64.0,400150,离散数学(20122-220020-1),2012222002051077,,3,,54,"1-17周,1-17周",0,瞿裕忠,"1-17周 周五 第1节-第2节 仙Ⅱ-104,1-17周 周一 第3节-第4节 仙Ⅱ-104",4.0,计算机学院,否,,"周一,周五",2012-2013-2,,2012222002051077,,0,仙林校区,2012-2013学年 第2学期,51077,"仙Ⅱ-104,仙Ⅱ-104",,否,,,,,,0,离散数学,12,"第3节-第4节,第1节-第2节",仙II区,220020
64.0,400150,离散数学(20122-220020-2),2012222002051079,,3,,55,"1-17周,1-17周",0,陶先平,"1-17周 周五 第1节-第2节 仙Ⅱ-103,1-17周 周一 第3节-第4节 仙Ⅱ-103",4.0,计算机学院,否,,"周一,周五",2012-2013-2,,2012222002051079,,0,仙林校区,2012-2013学年 第2学期,51079,"仙Ⅱ-103,仙Ⅱ-103",,否,,,,,,0,离散数学,12,"第3节-第4节,第1节-第2节",仙II区,220020
64.0,400150,离散数学(20122-220020-3),2012222002051080,,3,,58,"1-17周,1-17周",0,吴楠,"1-17周 周五 第1节-第2节 仙Ⅱ-112,1-17周 周一 第3节-第4节 仙Ⅱ-112",4.0,计算机学院,否,,"周一,周五",2012-2013-2,,2012222002051080,,0,仙林校区,2012-2013学年 第2学期,51080,"仙Ⅱ-112,仙Ⅱ-112",,否,,,,,,0,离散数学,12,"第3节-第4节,第1节-第2节",仙II区,220020
64.0,400150,数字逻辑电路(20122-220030-1),2012222003051082,,3,,84,"1-17周,1-5周,6-17周",0,吴海军,"1-17周 周一 第1节-第2节 仙Ⅱ-104,6-17周 周五 第3节-第4节 ,1-5周 周五 第3节-第4节 仙Ⅱ-104",4.0,计算机学院,否,,"周一,周五,周五",2012-2013-2,,2012222003051082,,0,仙林校区,2012-2013学年 第2学期,51082,"仙Ⅱ-104,仙Ⅱ-104,基础实验楼乙125",,否,,,,,,0,数字逻辑电路,12,"第1节-第2节,第3节-第4节,第3节-第4节",仙II区,220030
64.0,400150,数字逻辑电路(20122-220030-2),2012222003051084,,3,,76,"1-5周,1-17周,6-17周",0,张泽生,"1-5周 周一 第1节-第2节 仙Ⅱ-103,1-17周 周五 第3节-第4节 仙Ⅱ-103,6-17周 周一 第1节-第2节 ",4.0,计算机学院,否,,"周一,周五,周一",2012-2013-2,,2012222003051084,,0,仙林校区,2012-2013学年 第2学期,51084,"仙Ⅱ-103,仙Ⅱ-103,基础实验楼乙125",,否,,,,,,0,数字逻辑电路,12,"第1节-第2节,第3节-第4节,第1节-第2节",仙II区,220030
64.0,400150,数字逻辑电路(20122-220030-3),2012222003052032,,3,,26,"1-17周,1-17周",0,武港山,"1-17周 周五 第1节-第2节 ,1-17周 周三 第5节-第6节 ",4.0,计算机学院,否,,"周三,周五",2012-2013-2,,2012222003052032,,0,仙林校区,2012-2013学年 第2学期,52032,"计算机楼228,计算机楼228",,否,,,,,,0,数字逻辑电路,,"第5节-第6节,第1节-第2节",,220030
32.0,400150,数字逻辑电路实验(20122-220040-1),2012222004053516,,3,,17,1-17周,0,蔡晓燕,1-17周 周三 第5节-第6节 ,2.0,计算机学院,否,,周三,2012-2013-2,,2012222004053516,,0,仙林校区,2012-2013学年 第2学期,53516,基础实验楼乙125,,否,,,,,,0,数字逻辑电路实验,,第5节-第6节,,220040
64.0,400150,计算机组织与系统结构(20122-221000-1),2012222100051327,,3,,32,"1-17周,1-17周",0,"王炜,杨若瑜","1-17周 周一 第1节-第2节 仙Ⅱ-102,1-17周 周五 第3节-第4节 仙Ⅱ-102",4.0,计算机学院,否,,"周一,周五",2012-2013-2,,2012222100051327,2011计算机学院计算机科学类,0,仙林校区,2012-2013学年 第2学期,51327,"仙Ⅱ-102,仙Ⅱ-102",,否,,,,,,0,计算机组织与系统结构,12,"第1节-第2节,第3节-第4节",仙II区,221000
32.0,400150,计算机组织与系统结构实验(20122-221010-1),2012222101051135,,3,,43,1-17周,0,"蔡晓燕,张泽生",1-17周 周一 第5节-第6节 ,2.0,计算机学院,否,,周一,2012-2013-2,,2012222101051135,2011计算机学院计算机科学类,0,仙林校区,2012-2013学年 第2学期,51135,基础实验楼乙125,,否,,,,,,0,计算机组织与系统结构实验,,第5节-第6节,,221010
64.0,400150,数据结构(20122-221020-1),2012222102051329,,3,,41,"1-17周,1-17周",0,"商琳,王魏","1-17周 周五 第1节-第2节 仙Ⅱ-102,1-17周 周一 第3节-第4节 仙Ⅱ-102",4.0,计算机学院,否,,"周一,周五",2012-2013-2,,2012222102051329,2011计算机学院计算机科学类,0,仙林校区,2012-2013学年 第2学期,51329,"仙Ⅱ-102,仙Ⅱ-102",,否,,,,,,0,数据结构,12,"第3节-第4节,第1节-第2节",仙II区,221020
64.0,400150,算法设计与分析(20122-221030-1),2012222103051375,,3,,27,"1-17周,1-17周",0,"李言辉,黄宇,钱柱中","1-17周 周五 第1节-第2节 仙Ⅱ-111,1-17周 周一 第3节-第4节 仙Ⅱ-111",4.0,计算机学院,否,,"周一,周五",2012-2013-2,,2012222103051375,2010计算机学院计算机科学类,0,仙林校区,2012-2013学年 第2学期,51375,"仙Ⅱ-111,仙Ⅱ-111",,否,,,,,,0,算法设计与分析,12,"第3节-第4节,第1节-第2节",仙II区,221030
64.0,400150,操作系统(20122-221040-1),2012222104051146,,3,,81,"1-17周(单),1-17周,2-18周(双)",0,曾庆凯,"1-17周(单) 周一 第1节-第2节 仙Ⅱ-304,1-17周 周五 第3节-第4节 仙Ⅱ-304,2-18周(双) 周一 第1节-第2节 ",4.0,计算机学院,否,,"周一,周五,周一",2012-2013-2,,2012222104051146,2011计算机学院计算机科学类,0,仙林校区,2012-2013学年 第2学期,51146,"仙Ⅱ-304,仙Ⅱ-304,基础实验楼乙124",,否,,,,,,0,操作系统,12,"第1节-第2节,第3节-第4节,第1节-第2节",仙II区,221040
64.0,400150,操作系统(20122-221040-2),2012222104051147,,3,,85,"1-17周(单),1-17周,2-18周(双)",0,徐锋,"1-17周(单) 周一 第1节-第2节 仙Ⅱ-303,1-17周 周五 第3节-第4节 仙Ⅱ-303,2-18周(双) 周一 第1节-第2节 ",4.0,计算机学院,否,,"周一,周五,周一",2012-2013-2,,2012222104051147,2011计算机学院计算机科学类,0,仙林校区,2012-2013学年 第2学期,51147,"仙Ⅱ-303,仙Ⅱ-303,基础实验楼乙124",,否,,,,,,0,操作系统,12,"第1节-第2节,第3节-第4节,第1节-第2节",仙II区,221040
64.0,400150,操作系统(20122-221040-3),2012222104052029,,3,,20,"1-17周,1-17周,1-17周",0,黄皓,"1-17周 周五 第1节-第2节 ,1-17周 周二 第5节-第6节 ,1-17周 周三 第3节-第4节 ",4.0,计算机学院,否,,"周二,周三,周五",2012-2013-2,,2012222104052029,,0,仙林校区,2012-2013学年 第2学期,52029,"计算机楼227,计算机楼227,计算机楼227",,否,,,,,,0,操作系统,,"第5节-第6节,第3节-第4节,第1节-第2节",,221040
64.0,400150,操作系统(20122-221040-4),2012222104052193,,3,,88,1-17周,0,张岩,1-17周 周五 第5节-第6节 逸B-313,4.0,计算机学院,否,,周五,2012-2013-2,,2012222104052193,"2010电子科学与工程学院电子信息科学与技术,2010电子科学与工程学院微电子学,2010电子科学与工程学院通信工程",0,仙林校区,2012-2013学年 第2学期,52193,逸B-313,,否,,,,,,0,操作系统,16,第5节-第6节,逸夫楼B区,221040
64.0,400150,计算机网络(20122-221050-1),2012222105051379,,3,,3,"1-17周,1-17周",0,顾庆,"1-17周 周二 第3节-第4节 仙Ⅱ-101,1-17周 周五 第5节-第6节 ",4.0,计算机学院,否,,"周二,周五",2012-2013-2,,2012222105051379,2010计算机学院计算机科学类,0,仙林校区,2012-2013学年 第2学期,51379,"仙Ⅱ-101,基础实验楼乙126",,否,,,,,,0,计算机网络,12,"第3节-第4节,第5节-第6节",仙II区,221050
32.0,400150,计算机网络实验(20122-221060-1),2012222106051382,,3,,68,1-17周,0,陈健,1-17周 周五 第3节-第4节 ,2.0,计算机学院,否,,周五,2012-2013-2,,2012222106051382,2010计算机学院计算机科学类,0,仙林校区,2012-2013学年 第2学期,51382,基础实验楼乙125,,否,,,,,,0,计算机网络实验,,第3节-第4节,,221060
32.0,400150,计算机网络实验(20122-221060-2),2012222106051385,,3,,86,1-17周,0,陈健,1-17周 周五 第5节-第6节 ,2.0,计算机学院,否,,周五,2012-2013-2,,2012222106051385,2010计算机学院计算机科学类,0,仙林校区,2012-2013学年 第2学期,51385,基础实验楼乙125,,否,,,,,,0,计算机网络实验,,第5节-第6节,,221060
64.0,400150,高级程序设计(20122-221100-1),2012222110053475,,3,,41,"1-17周,1-17周",0,尹存燕,"1-17周 周三 第3节-第4节 仙Ⅱ-515,1-17周 周四 第5节-第6节 仙Ⅱ-515",4.0,计算机学院,否,,"周三,周四",2012-2013-2,,2012222110053475,2011计算机学院计算机科学类,0,仙林校区,2012-2013学年 第2学期,53475,"仙Ⅱ-515,仙Ⅱ-515",,否,,,,,,0,高级程序设计,12,"第3节-第4节,第5节-第6节",仙II区,221100
64.0,400150,数据库概论(20122-221110-1),2012222111051387,,3,,19,"1-17周,1-17周",0,柏文阳,"1-17周 周二 第1节-第2节 仙Ⅱ-101,1-17周 周四 第1节-第2节 仙Ⅱ-101",4.0,计算机学院,否,,"周二,周四",2012-2013-2,,2012222111051387,2010计算机学院计算机科学类,0,仙林校区,2012-2013学年 第2学期,51387,"仙Ⅱ-101,仙Ⅱ-101",,否,,,,,,0,数据库概论,12,"第1节-第2节,第1节-第2节",仙II区,221110
64.0,400150,编译原理(20122-221120-1),2012222112051388,,3,,65,"1-17周,1-17周",0,陈林,"1-17周 周四 第3节-第4节 仙Ⅰ-101,1-17周 周二 第5节-第6节 仙Ⅰ-102",4.0,计算机学院,否,,"周二,周四",2012-2013-2,,2012222112051388,2010计算机学院计算机科学类,0,仙林校区,2012-2013学年 第2学期,51388,"仙Ⅰ-102,仙Ⅰ-101",,否,,,,,,0,编译原理,11,"第5节-第6节,第3节-第4节",仙I区,221120
64.0,400150,编译原理(20122-221120-2),2012222112051390,,3,,55,"1-17周,1-17周",0,戴新宇,"1-17周 周四 第3节-第4节 仙Ⅰ-104,1-17周 周二 第5节-第6节 仙Ⅰ-104",4.0,计算机学院,否,,"周二,周四",2012-2013-2,,2012222112051390,2010计算机学院计算机科学类,0,仙林校区,2012-2013学年 第2学期,51390,"仙Ⅰ-104,仙Ⅰ-104",,否,,,,,,0,编译原理,11,"第5节-第6节,第3节-第4节",仙I区,221120
64.0,400150,编译原理(20122-221120-3),2012222112051392,,3,,68,"1-17周,1-17周",0,许畅,"1-17周 周四 第3节-第4节 仙Ⅰ-103,1-17周 周二 第5节-第6节 仙Ⅰ-103",4.0,计算机学院,否,,"周二,周四",2012-2013-2,,2012222112051392,2010计算机学院计算机科学类,0,仙林校区,2012-2013学年 第2学期,51392,"仙Ⅰ-103,仙Ⅰ-103",,否,,,,,,0,编译原理,11,"第5节-第6节,第3节-第4节",仙I区,221120
48.0,400150,数理逻辑(20122-221200-1),2012222120052030,,3,,22,1-17周,0,宋方敏,1-17周 周四 第2节-第4节 ,3.0,计算机学院,否,,周四,2012-2013-2,,2012222120052030,,0,仙林校区,2012-2013学年 第2学期,52030,计算机楼227,,否,,,,,,0,数理逻辑,,第2节-第4节,,221200
48.0,400150,概率与数理统计(20122-221210-1),2012222121052031,,3,,31,1-17周,0,傅冬生,1-17周 周四 第5节-第7节 ,3.0,计算机学院,否,,周四,2012-2013-2,,2012222121052031,,0,仙林校区,2012-2013学年 第2学期,52031,计算机楼227,,否,,,,,,0,概率与数理统计,,第5节-第7节,,221210
48.0,400150,多媒体技术(20122-221220-1),2012222122051394,,3,,43,"2-18周(双),1-17周",0,唐杰,"1-17周 周三 第3节-第4节 仙Ⅰ-101,2-18周(双) 周一 第3节-第4节 仙Ⅰ-101",3.0,计算机学院,否,,"周一,周三",2012-2013-2,,2012222122051394,"2009计算机学院计算机科学类,2011计算机学院计算机科学类,2010计算机学院计算机科学类",0,仙林校区,2012-2013学年 第2学期,51394,"仙Ⅰ-101,仙Ⅰ-101",,否,,,,,,0,多媒体技术,11,"第3节-第4节,第3节-第4节",仙I区,221220
32.0,400150,数据挖掘导论(20122-221230-1),2012222123051397,,3,,153,1-17周,0,"周志华,俞扬",1-17周 周三 第3节-第4节 逸B-101,2.0,计算机学院,否,,周三,2012-2013-2,,2012222123051397,"2009计算机学院计算机科学类,2011计算机学院计算机科学类,2010计算机学院计算机科学类",0,仙林校区,2012-2013学年 第2学期,51397,逸B-101,,否,,,,,,0,数据挖掘导论,16,第3节-第4节,逸夫楼B区,221230
32.0,400150,组合数学(20122-221240-1),2012222124051398,,3,,51,1-17周,0,尹一通,1-17周 周四 第1节-第2节 仙Ⅰ-103,2.0,计算机学院,否,,周四,2012-2013-2,,2012222124051398,"2009计算机学院计算机科学类,2011计算机学院计算机科学类,2010计算机学院计算机科学类",0,仙林校区,2012-2013学年 第2学期,51398,仙Ⅰ-103,,否,,,,,,0,组合数学,11,第1节-第2节,仙I区,221240
48.0,400150,软件工程(20122-221310-1),2012222131051399,,3,,114,"1-17周,1-17周(单)",0,"王林章,李宣东","1-17周(单) 周三 第1节-第2节 逸A-117,1-17周 周一 第3节-第4节 逸A-117",3.0,计算机学院,否,,"周一,周三",2012-2013-2,,2012222131051399,"2009计算机学院计算机科学类,2011计算机学院计算机科学类,2010计算机学院计算机科学类",0,仙林校区,2012-2013学年 第2学期,51399,"逸A-117,逸A-117",,否,,,,,,0,软件工程,15,"第3节-第4节,第1节-第2节",逸夫楼A区,221310
48.0,400150,软件体系结构(20122-221330-1),2012222133051402,,3,,6,1-17周,0,曹春,1-17周 周四 第5节-第7节 仙Ⅱ-303,3.0,计算机学院,否,,周四,2012-2013-2,,2012222133051402,"2009计算机学院计算机科学类,2010计算机学院计算机科学类",0,仙林校区,2012-2013学年 第2学期,51402,仙Ⅱ-303,,否,,,,,,0,软件体系结构,12,第5节-第7节,仙II区,221330
48.0,400110,计算方法(20122-221500-1),2012222150051046,,3,,117,1-17周,0,傅冬生,1-17周 周二 第5节-第7节 仙Ⅰ-201,3.0,数学学院,否,,周二,2012-2013-2,,2012222150051046,"2009计算机学院计算机科学类,2011计算机学院计算机科学类,2010计算机学院计算机科学类",0,仙林校区,2012-2013学年 第2学期,51046,仙Ⅰ-201,,否,,,,,,0,计算方法,11,第5节-第7节,仙I区,221500
48.0,400150,计算方法(20122-221500-2),2012222150051332,,3,,31,1-17周,0,"申富饶,赵金熙",1-17周 周二 第5节-第7节 仙Ⅰ-115,3.0,计算机学院,否,,周二,2012-2013-2,,2012222150051332,"2009计算机学院计算机科学类,2011计算机学院计算机科学类,2010计算机学院计算机科学类",0,仙林校区,2012-2013学年 第2学期,51332,仙Ⅰ-115,,否,,,,,,0,计算方法,11,第5节-第7节,仙I区,221500
32.0,400150,计算机程序设计语言(20122-221510-1),2012222151051403,,3,,12,1-17周,0,马晓星,1-17周 周二 第1节-第2节 仙Ⅱ-303,2.0,计算机学院,否,,周二,2012-2013-2,,2012222151051403,"2009计算机学院计算机科学类,2011计算机学院计算机科学类,2010计算机学院计算机科学类",0,仙林校区,2012-2013学年 第2学期,51403,仙Ⅱ-303,,否,,,,,,0,计算机程序设计语言,12,第1节-第2节,仙II区,221510
48.0,400150,人工智能(20122-221520-1),2012222152051407,,3,,55,"2-18周(双),1-17周",0,杨育彬,"2-18周(双) 周三 第1节-第2节 仙Ⅰ-101,1-17周 周五 第5节-第6节 仙Ⅰ-101",3.0,计算机学院,否,,"周三,周五",2012-2013-2,,2012222152051407,"2009计算机学院计算机科学类,2010计算机学院计算机科学类",0,仙林校区,2012-2013学年 第2学期,51407,"仙Ⅰ-101,仙Ⅰ-101",,否,,,,,,0,人工智能,11,"第1节-第2节,第5节-第6节",仙I区,221520
48.0,400150,人工智能(20122-221520-2),2012222152051412,,3,,52,"2-18周(双),1-17周",0,黎铭,"2-18周(双) 周三 第1节-第2节 仙Ⅰ-102,1-17周 周五 第3节-第4节 仙Ⅰ-102",3.0,计算机学院,否,,"周三,周五",2012-2013-2,,2012222152051412,"2009计算机学院计算机科学类,2010计算机学院计算机科学类",0,仙林校区,2012-2013学年 第2学期,51412,"仙Ⅰ-102,仙Ⅰ-102",,否,,,,,,0,人工智能,11,"第1节-第2节,第3节-第4节",仙I区,221520
32.0,400150,随机算法(20122-221550-1),2012222155051414,,3,,30,1-17周,0,尹一通,1-17周 周二 第3节-第4节 逸B-207,2.0,计算机学院,否,,周二,2012-2013-2,,2012222155051414,"2009计算机学院计算机科学类,2010计算机学院计算机科学类",0,仙林校区,2012-2013学年 第2学期,51414,逸B-207,,否,,,,,,0,随机算法,16,第3节-第4节,逸夫楼B区,221550
32.0,400150,形式语言与自动机(20122-221560-1),2012222156051416,,3,,7,1-17周,0,"卜磊,李宣东",1-17周 周二 第3节-第4节 仙Ⅰ-101,2.0,计算机学院,否,,周二,2012-2013-2,,2012222156051416,"2009计算机学院计算机科学类,2010计算机学院计算机科学类",0,仙林校区,2012-2013学年 第2学期,51416,仙Ⅰ-101,,否,,,,,,0,形式语言与自动机,11,第3节-第4节,仙I区,221560
32.0,400150,计算机图形学(20122-221570-1),2012222157053436,,3,,25,1-17周,0,"张岩,孙正兴",1-17周 周一 第5节-第7节 ,2.0,计算机学院,否,,周一,2012-2013-2,,2012222157053436,,0,仙林校区,2012-2013学年 第2学期,53436,计算机楼227,,否,,,,,,0,计算机图形学,,第5节-第7节,,221570
48.0,400150,数据通信(20122-221580-1),2012222158051334,,3,,109,"1-17周,2-18周(双)",0,陈力军,"1-17周 周二 第3节-第4节 仙Ⅰ-104,2-18周(双) 周四 第5节-第6节 仙Ⅰ-104",3.0,计算机学院,否,,"周二,周四",2012-2013-2,,2012222158051334,2011计算机学院计算机科学类,0,仙林校区,2012-2013学年 第2学期,51334,"仙Ⅰ-104,仙Ⅰ-104",,否,,,,,,0,数据通信,11,"第3节-第4节,第5节-第6节",仙I区,221580
48.0,400150,数据通信(20122-221580-2),2012222158051336,,3,,49,"1-17周,2-18周(双)",0,王晓亮,"1-17周 周二 第3节-第4节 仙Ⅰ-103,2-18周(双) 周四 第5节-第6节 仙Ⅰ-103",3.0,计算机学院,否,,"周二,周四",2012-2013-2,,2012222158051336,2011计算机学院计算机科学类,0,仙林校区,2012-2013学年 第2学期,51336,"仙Ⅰ-103,仙Ⅰ-103",,否,,,,,,0,数据通信,11,"第3节-第4节,第5节-第6节",仙I区,221580
32.0,400150,数字信号处理(20122-221700-1),2012222170051338,,3,,73,1-17周,0,王崇骏,1-17周 周三 第3节-第4节 逸A-117,2.0,计算机学院,否,,周三,2012-2013-2,,2012222170051338,"2009计算机学院计算机科学类,2011计算机学院计算机科学类,2010计算机学院计算机科学类",0,仙林校区,2012-2013学年 第2学期,51338,逸A-117,,否,,,,,,0,数字信号处理,15,第3节-第4节,逸夫楼A区,221700
48.0,400150,数字图像处理(20122-221710-1),2012222171051420,,3,,72,1-17周,0,詹德川,1-17周 周三 第5节-第7节 仙Ⅱ-303,3.0,计算机学院,否,,周三,2012-2013-2,,2012222171051420,"2009计算机学院计算机科学类,2011计算机学院计算机科学类,2010计算机学院计算机科学类",0,仙林校区,2012-2013学年 第2学期,51420,仙Ⅱ-303,,否,,,,,,0,数字图像处理,12,第5节-第7节,仙II区,221710
48.0,400150,数字图像处理(20122-221710-2),2012222171052599,,3,,18,1-17周,0,俞扬,1-17周 周一 第9节-第11节 逸B-205,3.0,计算机学院,否,,周一,2012-2013-2,,2012222171052599,"2010数学学院数学类,2010数学学院统计学,2010数学学院信息与计算科学,2010数学学院数学与应用数学",0,仙林校区,2012-2013学年 第2学期,52599,逸B-205,,否,,,,,,0,数字图像处理,16,第9节-第11节,逸夫楼B区,221710
32.0,400150,微机原理与接口技术(20122-221720-1),2012222172051343,,3,,39,1-17周,0,俞建新,1-17周 周五 第5节-第6节 逸B-101,2.0,计算机学院,否,,周五,2012-2013-2,,2012222172051343,"2009计算机学院计算机科学类,2011计算机学院计算机科学类,2010计算机学院计算机科学类",0,仙林校区,2012-2013学年 第2学期,51343,逸B-101,,否,,,,,,0,微机原理与接口技术,16,第5节-第6节,逸夫楼B区,221720
32.0,400150,Linux系统分析(20122-221730-1),2012222173051421,,3,,1,1-17周,0,叶保留,1-17周 周四 第5节-第6节 ,2.0,计算机学院,否,,周四,2012-2013-2,,2012222173051421,,0,仙林校区,2012-2013学年 第2学期,51421,计算机楼228,,否,,,,,,0,Linux系统分析,,第5节-第6节,,221730
32.0,400150,电子商务(20122-221770-1),2012222177051422,,3,,34,1-17周,0,许蕾,1-17周 周三 第5节-第6节 逸B-104,2.0,计算机学院,否,,周三,2012-2013-2,,2012222177051422,"2009计算机学院计算机科学类,2010计算机学院计算机科学类",0,仙林校区,2012-2013学年 第2学期,51422,逸B-104,,否,,,,,,0,电子商务,16,第5节-第6节,逸夫楼B区,221770
32.0,400150,计算机网络编程(20122-221780-1),2012222178051426,,3,,10,1-17周,0,聂长海,1-17周 周一 第5节-第6节 仙Ⅰ-101,2.0,计算机学院,否,,周一,2012-2013-2,,2012222178051426,"2009计算机学院计算机科学类,2010计算机学院计算机科学类",0,仙林校区,2012-2013学年 第2学期,51426,仙Ⅰ-101,,否,,,,,,0,计算机网络编程,11,第5节-第6节,仙I区,221780
32.0,400150,图论(20122-221810-1),2012222181051433,,3,,11,1-17周,0,"瞿裕忠,程龚",1-17周 周一 第5节-第6节 逸B-101,2.0,计算机学院,否,,周一,2012-2013-2,,2012222181051433,"2009计算机学院计算机科学类,2010计算机学院计算机科学类",0,仙林校区,2012-2013学年 第2学期,51433,逸B-101,,否,,,,,,0,图论,16,第5节-第6节,逸夫楼B区,221810
32.0,400150,博弈论及其应用(20122-221820-1),2012222182051428,,3,,47,1-17周,0,仲盛,1-17周 周一 第7节-第8节 仙Ⅱ-405,2.0,计算机学院,否,,周一,2012-2013-2,,2012222182051428,"2009计算机学院计算机科学类,2011计算机学院计算机科学类,2010计算机学院计算机科学类",0,仙林校区,2012-2013学年 第2学期,51428,仙Ⅱ-405,,否,,,,,,0,博弈论及其应用,12,第7节-第8节,仙II区,221820
32.0,400150,网络应用开发技术(20122-221830-1),2012222183051441,,3,,16,1-17周,0,卢红敏,1-17周 周五 第3节-第4节 仙Ⅰ-101,2.0,计算机学院,否,,周五,2012-2013-2,,2012222183051441,"2009计算机学院计算机科学类,2010计算机学院计算机科学类",0,仙林校区,2012-2013学年 第2学期,51441,仙Ⅰ-101,,否,,,,,,0,网络应用开发技术,11,第3节-第4节,仙I区,221830
32.0,400150,MapReduce 海量数据并行处理(20122-221840-1),2012222184051443,,3,,9,1-17周,0,黄宜华,1-17周 周四 第3节-第4节 逸B-105,2.0,计算机学院,否,,周四,2012-2013-2,,2012222184051443,2009计算机学院计算机科学类,0,仙林校区,2012-2013学年 第2学期,51443,逸B-105,,否,,,,,,0,MapReduce 海量数据并行处理,16,第3节-第4节,逸夫楼B区,221840
32.0,400150,软件产业概论(20122-221980-1),2012222198053437,,3,,3,1-17周,0,"谢俊元,张建兵",1-17周 周二 第3节-第4节 ,2.0,计算机学院,否,,周二,2012-2013-2,,2012222198053437,2009计算机学院计算机科学类,0,仙林校区,2012-2013学年 第2学期,53437,计算机楼111,,否,,,,,,0,软件产业概论,,第3节-第4节,,221980
96.0,400150,毕业论文(20122-221990-1),2012222199053515,,,,170,,0,,,6.0,计算机学院,否,,,2012-2013-2,,2012222199053515,2009计算机学院计算机科学类,0,,2012-2013学年 第2学期,53515,,,否,,,,,,0,毕业论文,,,,221990
64.0,400150,问题求解（二）(20122-227000B-1),20122227000B52033,,3,,26,"1-17周,1-17周",0,"陈道蓄,钱柱中,程龚","1-17周 周二 第1节-第2节 ,1-17周 周五 第3节-第4节 ",4.0,计算机学院,否,,"周二,周五",2012-2013-2,,20122227000B52033,,0,仙林校区,2012-2013学年 第2学期,52033,"计算机楼228,计算机楼228",,否,,,,,,0,问题求解（二）,,"第1节-第2节,第3节-第4节",,227000B
64.0,400150,问题求解（四）(20122-227000D-1),20122227000D52028,,3,,20,"1-17周,1-17周,1-17周",0,"赵建华,陶先平,吴小兵","1-17周 周三 第1节-第2节 ,1-17周 周五 第3节-第4节 ,1-17周 周一 第3节-第4节 ",4.0,计算机学院,否,,"周一,周三,周五",2012-2013-2,,20122227000D52028,,0,仙林校区,2012-2013学年 第2学期,52028,"计算机楼227,计算机楼227,计算机楼227",,否,,,,,,0,问题求解（四）,,"第3节-第4节,第1节-第2节,第3节-第4节",,227000D
80.0,400230,病理解剖学(20122-230091-1),2012223009152613,,3,,111,"1-17周,1-17周,1-17周",0,"温艳婷,丁卫东,易龙","1-17周 周三 第1节-第2节 仙Ⅱ-403,1-17周 周四 第5节-第10节 ,1-17周 周二 第3节-第4节 仙Ⅰ-106",5.0,医学院,否,,"周二,周三,周四",2012-2013-2,,2012223009152613,"2010医学院临床医学,2010医学院口腔医学",0,仙林校区,2012-2013学年 第2学期,52613,"仙Ⅰ-106,仙Ⅱ-403,蒙民伟1902",,否,,,,,,0,病理解剖学,"11,12","第3节-第4节,第1节-第2节,第5节-第10节","仙I区, 仙II区",230091
48.0,400230,病理生理学(20122-230100-1),2012223010052639,,3,,112,"1-17周(单),1-17周",0,"高千,王晨","1-17周(单) 周二 第1节-第2节 逸B-205,1-17周 周四 第3节-第4节 逸B-205",3.0,医学院,否,,"周二,周四",2012-2013-2,,2012223010052639,"2010医学院临床医学,2010医学院口腔医学",0,仙林校区,2012-2013学年 第2学期,52639,"逸B-205,逸B-205",,否,,,,,,0,病理生理学,16,"第1节-第2节,第3节-第4节",逸夫楼B区,230100
64.0,400230,药理学(20122-230110-1),2012223011052643,,3,,109,"1-17周,1-17周",0,"杜荣辉,吴俊华,魏继武","1-17周 周一 第1节-第2节 逸B-207,1-17周 周三 第3节-第4节 逸B-207",4.0,医学院,否,,"周一,周三",2012-2013-2,,2012223011052643,"2010医学院临床医学,2010医学院口腔医学",0,仙林校区,2012-2013学年 第2学期,52643,"逸B-207,逸B-207",,否,,,,,,0,药理学,16,"第1节-第2节,第3节-第4节",逸夫楼B区,230110
48.0,400230,医学机能学实验(20122-230120-1),2012223012052647,,1,,109,"1-17周,1-17周",0,"吴俊华,丁洁,杜荣辉,王晨,徐力致","1-17周 周三 第5节-第8节 ,1-17周 周五 第5节-第8节 ",3.0,医学院,否,,"周三,周五",2012-2013-2,,2012223012052647,"2010医学院临床医学,2010医学院口腔医学",0,鼓楼校区,2012-2013学年 第2学期,52647,"蒙民伟2108,蒙民伟2108",,否,,,,,,0,医学机能学实验,,"第5节-第8节,第5节-第8节",,230120
32.0,400230,细胞生物学(20122-230130-1),2012223013052609,,3,,120,1-17周,0,"蒋爱芹,陈慧梅,李朝军",1-17周 周一 第5节-第6节 仙Ⅱ-404,2.0,医学院,否,,周一,2012-2013-2,,2012223013052609,2011医学院医学类,0,仙林校区,2012-2013学年 第2学期,52609,仙Ⅱ-404,,否,,,,,,0,细胞生物学,12,第5节-第6节,仙II区,230130
32.0,400230,医学文献检索(20122-230160-1),2012223016052611,,3,,119,1-17周,0,应锋,1-17周 周一 第7节-第8节 仙Ⅱ-404,2.0,医学院,否,,周一,2012-2013-2,,2012223016052611,2011医学院医学类,0,仙林校区,2012-2013学年 第2学期,52611,仙Ⅱ-404,,否,,,,,,0,医学文献检索,12,第7节-第8节,仙II区,230160
64.0,400230,正常人体结构与功能(20122-230210B-1),20122230210B52610,,3,,122,"1-17周,1-17周,1-17周,1-17周",0,"詹朝双,王勇,董平,朱亚文,丁卫东,李冬梅,韩晓冬","1-17周 周五 第1节-第2节 逸B-410,1-17周 周三 第5节-第8节 ,1-17周 周二 第5节-第8节 ,1-17周 周二 第3节-第4节 逸B-410",4.0,医学院,否,,"周二,周五,周二,周三",2012-2013-2,,20122230210B52610,2011医学院医学类,0,仙林校区,2012-2013学年 第2学期,52610,"逸B-410,逸B-410,蒙民伟1902、西南楼141,蒙民伟1902、西南楼141",,否,,,,,,0,正常人体结构与功能,16,"第3节-第4节,第1节-第2节,第5节-第8节,第5节-第8节",逸夫楼B区,230210B
40.0,400230,眼科学(20122-23022-1),201222302252884,,1,,33,,0,,,2.5,医学院,否,,,2012-2013-2,,201222302252884,2008医学院临床医学（军总）,0,鼓楼校区,2012-2013学年 第2学期,52884,,,否,,,,,,0,眼科学,,,,23022
48.0,400230,耳鼻喉科学(20122-23024-1),201222302452885,,1,,33,,0,,,3.0,医学院,否,,,2012-2013-2,,201222302452885,2008医学院临床医学（军总）,0,鼓楼校区,2012-2013学年 第2学期,52885,,,否,,,,,,0,耳鼻喉科学,,,,23024
48.0,400230,预防医学(20122-23025-1),201222302552890,,1,,33,,0,,,3.0,医学院,否,,,2012-2013-2,,201222302552890,2008医学院临床医学（军总）,0,鼓楼校区,2012-2013学年 第2学期,52890,,,否,,,,,,0,预防医学,,,,23025
40.0,400230,皮肤病学及性病学(20122-23028-1),201222302852875,,1,,31,"1-8周,1-8周",0,鼓楼医院5,"1-8周 周三 第1节-第2节 教218,1-8周 周二 第3节-第4节 教218",2.5,医学院,否,,"周二,周三",2012-2013-2,,201222302852875,2008医学院临床医学,0,鼓楼校区,2012-2013学年 第2学期,52875,"教218,教218",,否,,,,,,0,皮肤病学及性病学,1,"第3节-第4节,第1节-第2节",教学楼,23028
40.0,400230,皮肤病学及性病学(20122-23028-1),201222302852888,,1,,32,,0,,,2.5,医学院,否,,,2012-2013-2,,201222302852888,2008医学院临床医学（军总）,0,鼓楼校区,2012-2013学年 第2学期,52888,,,否,,,,,,0,皮肤病学及性病学,,,,23028
32.0,400230,传染病学(20122-23029-1),201222302952874,,1,,31,"1-8周,1-8周",0,鼓楼医院5,"1-8周 周二 第1节-第2节 教218,1-8周 周一 第3节-第4节 教218",2.0,医学院,否,,"周一,周二",2012-2013-2,,201222302952874,2008医学院临床医学,0,鼓楼校区,2012-2013学年 第2学期,52874,"教218,教218",,否,,,,,,0,传染病学,1,"第3节-第4节,第1节-第2节",教学楼,23029
32.0,400230,传染病学(20122-23029-1),201222302952883,,1,,32,,0,,,2.0,医学院,否,,,2012-2013-2,,201222302952883,2008医学院临床医学（军总）,0,鼓楼校区,2012-2013学年 第2学期,52883,,,否,,,,,,0,传染病学,,,,23029
24.0,400230,核医学(20122-23030-1),201222303052877,,1,,31,"1-5周,1-6周,1-5周",0,鼓楼医院5,"1-6周 周五 第1节-第2节 教218,1-5周 周五 第5节-第6节 教218,1-5周 周四 第3节-第4节 教218",1.5,医学院,否,,"周四,周五,周五",2012-2013-2,,201222303052877,2008医学院临床医学,0,鼓楼校区,2012-2013学年 第2学期,52877,"教218,教218,教218",,否,,,,,,0,核医学,1,"第3节-第4节,第1节-第2节,第5节-第6节",教学楼,23030
24.0,400230,核医学(20122-23030-1),201222303052889,,1,,32,,0,,,1.5,医学院,否,,,2012-2013-2,,201222303052889,2008医学院临床医学（军总）,0,鼓楼校区,2012-2013学年 第2学期,52889,,,否,,,,,,0,核医学,,,,23030
24.0,400230,口腔学(20122-23031-1),201222303152878,,1,,31,"9-14周,9-14周,9-13周",0,"雷浪,口腔医院1","9-14周 周一 第1节-第2节 教218,9-13周 周五 第5节-第6节 教218,9-14周 周四 第3节-第4节 教218",1.5,医学院,否,,"周一,周四,周五",2012-2013-2,,201222303152878,2008医学院临床医学,0,鼓楼校区,2012-2013学年 第2学期,52878,"教218,教218,教218",,否,,,,,,0,口腔学,1,"第1节-第2节,第3节-第4节,第5节-第6节",教学楼,23031
24.0,400230,口腔学(20122-23031-1),201222303152887,,1,,32,,0,,,1.5,医学院,否,,,2012-2013-2,,201222303152887,2008医学院临床医学（军总）,0,鼓楼校区,2012-2013学年 第2学期,52887,,,否,,,,,,0,口腔学,,,,23031
48.0,400230,肿瘤学(20122-23057-1),201222305752879,,1,,31,"9-14周,9-14周,9-14周",0,鼓楼医院5,"9-14周 周二 第1节-第2节 教218,9-14周 周一 第3节-第4节 教218,9-14周 周五 第1节-第2节 教218",3.0,医学院,否,,"周一,周二,周五",2012-2013-2,,201222305752879,2008医学院临床医学,0,鼓楼校区,2012-2013学年 第2学期,52879,"教218,教218,教218",,否,,,,,,0,肿瘤学,1,"第3节-第4节,第1节-第2节,第1节-第2节",教学楼,23057
48.0,400230,肿瘤学(20122-23057-1),201222305752882,,1,,32,,0,,,3.0,医学院,否,,,2012-2013-2,,201222305752882,2008医学院临床医学（军总）,0,鼓楼校区,2012-2013学年 第2学期,52882,,,否,,,,,,0,肿瘤学,,,,23057
32.0,400230,临床病理学(20122-23058-1),201222305852881,,1,,31,"9-14周,9-14周,9-14周",0,鼓楼医院5,"9-14周 周四 第1节-第2节 教218,9-14周 周一 第5节-第6节 教218,9-14周 周三 第3节-第4节 教218",2.0,医学院,否,,"周一,周三,周四",2012-2013-2,,201222305852881,2008医学院临床医学,0,鼓楼校区,2012-2013学年 第2学期,52881,"教218,教218,教218",,否,,,,,,0,临床病理学,1,"第5节-第6节,第3节-第4节,第1节-第2节",教学楼,23058
32.0,400230,急救医学(20122-23061-1),201222306152876,,1,,31,"1-6周,1-5周,1-5周",0,鼓楼医院5,"1-5周 周四 第1节-第2节 教218,1-5周 周四 第5节-第6节 教218,1-6周 周三 第3节-第4节 教218",2.0,医学院,否,,"周三,周四,周四",2012-2013-2,,201222306152876,2008医学院临床医学,0,鼓楼校区,2012-2013学年 第2学期,52876,"教218,教218,教218",,否,,,,,,0,急救医学,1,"第3节-第4节,第1节-第2节,第5节-第6节",教学楼,23061
32.0,400230,临床药理学(20122-23062-1),201222306252873,,1,,31,"1-8周,1-4周,1-4周",0,"鼓楼医院4,鼓楼医院5","1-8周 周一 第1节-第2节 教218,1-4周 周二 第5节-第6节 教218,1-4周 周五 第3节-第4节 教218",2.0,医学院,否,,"周一,周二,周五",2012-2013-2,,201222306252873,2008医学院临床医学,0,鼓楼校区,2012-2013学年 第2学期,52873,"教218,教218,教218",,否,,,,,,0,临床药理学,1,"第1节-第2节,第5节-第6节,第3节-第4节",教学楼,23062
48.0,400230,医患沟通学(20122-23080-1),201222308052880,,1,,31,"9-14周,9-14周,9-14周",0,鼓楼医院5,"9-14周 周三 第1节-第2节 教218,9-14周 周五 第3节-第4节 教218,9-14周 周二 第3节-第4节 教218",3.0,医学院,否,,"周二,周三,周五",2012-2013-2,,201222308052880,2008医学院临床医学,0,鼓楼校区,2012-2013学年 第2学期,52880,"教218,教218,教218",,否,,,,,,0,医患沟通学,1,"第3节-第4节,第1节-第2节,第3节-第4节",教学楼,23080
48.0,400230,医患沟通学(20122-23080-1),201222308052886,,1,,32,,0,,,3.0,医学院,否,,,2012-2013-2,,201222308052886,2008医学院临床医学（军总）,0,鼓楼校区,2012-2013学年 第2学期,52886,,,否,,,,,,0,医患沟通学,,,,23080
64.0,400230,外科学(20122-231050A-1),20122231050A52856,,1,,60,"1-9周,1-9周,1-8周",0,鼓楼医院,"1-9周 周二 第1节-第2节 教208,1-9周 周一 第3节-第4节 教208,1-8周 周五 第1节-第4节 教208",4.0,医学院,否,,"周一,周二,周五",2012-2013-2,,20122231050A52856,2009医学院临床医学,0,鼓楼校区,2012-2013学年 第2学期,52856,"教208,教208,教208",,否,,,,,,0,外科学,1,"第3节-第4节,第1节-第2节,第1节-第4节",教学楼,231050A
64.0,400230,外科学(20122-231050B-1),20122231050B52861,,1,,53,,0,,,4.0,医学院,否,,,2012-2013-2,,20122231050B52861,2009医学院临床医学（军总）,0,鼓楼校区,2012-2013学年 第2学期,52861,,,否,,,,,,0,外科学,,,,231050B
64.0,400230,内科学(20122-231061A-1),20122231061A52857,,1,,60,"1-9周,1-9周",0,鼓楼医院,"1-9周 周一 第1节-第2节 教208,1-9周 周二 第3节-第4节 教208",4.0,医学院,否,,"周一,周二",2012-2013-2,,20122231061A52857,2009医学院临床医学,0,鼓楼校区,2012-2013学年 第2学期,52857,"教208,教208",,否,,,,,,0,内科学,1,"第1节-第2节,第3节-第4节",教学楼,231061A
64.0,400230,内科学(20122-231061B-1),20122231061B52862,,1,,53,,0,,,4.0,医学院,否,,,2012-2013-2,,20122231061B52862,2009医学院临床医学（军总）,0,鼓楼校区,2012-2013学年 第2学期,52862,,,否,,,,,,0,内科学,,,,231061B
64.0,400230,妇产科学(20122-231070-1),2012223107052858,,1,,59,1-15周,0,鼓楼医院2,1-15周 周三 第1节-第3节 教208,4.0,医学院,否,,周三,2012-2013-2,,2012223107052858,2009医学院临床医学,0,鼓楼校区,2012-2013学年 第2学期,52858,教208,,否,,,,,,0,妇产科学,1,第1节-第3节,教学楼,231070
64.0,400230,妇产科学(20122-231070-1),2012223107052863,,1,,54,,0,,,4.0,医学院,否,,,2012-2013-2,,2012223107052863,2009医学院临床医学（军总）,0,鼓楼校区,2012-2013学年 第2学期,52863,,,否,,,,,,0,妇产科学,,,,231070
64.0,400230,儿科学(20122-231080-1),2012223108052859,,1,,59,1-13周,0,鼓楼医院2,1-13周 周四 第1节-第3节 教208,4.0,医学院,否,,周四,2012-2013-2,,2012223108052859,2009医学院临床医学,0,鼓楼校区,2012-2013学年 第2学期,52859,教208,,否,,,,,,0,儿科学,1,第1节-第3节,教学楼,231080
64.0,400230,儿科学(20122-231080-1),2012223108052864,,1,,54,,0,,,4.0,医学院,否,,,2012-2013-2,,2012223108052864,2009医学院临床医学（军总）,0,鼓楼校区,2012-2013学年 第2学期,52864,,,否,,,,,,0,儿科学,,,,231080
48.0,400230,急救医学(20122-231130-1),2012223113052865,,1,,53,,0,,,3.0,医学院,否,,,2012-2013-2,,2012223113052865,2009医学院临床医学（军总）,0,鼓楼校区,2012-2013学年 第2学期,52865,,,否,,,,,,0,急救医学,,,,231130
32.0,400230,头颈局部解剖学(20122-232010-1),2012223201052657,,3,,17,9-17周,0,雷浪,9-17周 周四 第1节-第2节 逸B-208,2.0,医学院,否,,周四,2012-2013-2,,2012223201052657,2010医学院口腔医学,0,仙林校区,2012-2013学年 第2学期,52657,逸B-208,,否,,,,,,0,头颈局部解剖学,16,第1节-第2节,逸夫楼B区,232010
48.0,400230,牙体解剖及口腔生理学(20122-232020-1),2012223202052659,,3,,17,"1-3周(单),1-8周",0,雷浪,"1-8周 周四 第1节-第2节 逸B-208,1-3周(单) 周一 第5节-第8节 逸B-208",3.0,医学院,否,,"周一,周四",2012-2013-2,,2012223202052659,2010医学院口腔医学,0,仙林校区,2012-2013学年 第2学期,52659,"逸B-208,逸B-208",,否,,,,,,0,牙体解剖及口腔生理学,16,"第5节-第8节,第1节-第2节",逸夫楼B区,232020
48.0,400230,口腔组织病理学(20122-232030-1),2012223203052660,,1,,17,1-17周,0,雷浪,1-17周 周五 第1节-第4节 ,3.0,医学院,否,,周五,2012-2013-2,,2012223203052660,2010医学院口腔医学,0,鼓楼校区,2012-2013学年 第2学期,52660,蒙民伟1902,,否,,,,,,0,口腔组织病理学,,第1节-第4节,,232030
48.0,400230,口腔颌面外科学(20122-232090A-1),20122232090A52872,,1,,19,,0,,,3.0,医学院,否,,,2012-2013-2,,20122232090A52872,2009医学院口腔医学,0,鼓楼校区,2012-2013学年 第2学期,52872,,,否,,,,,,0,口腔颌面外科学,,,,232090A
96.0,400230,口腔修复学(20122-232110-1),2012223211052576,,1,,19,,0,,,6.0,医学院,否,,,2012-2013-2,,2012223211052576,2009医学院口腔医学,0,鼓楼校区,2012-2013学年 第2学期,52576,,,否,,,,,,0,口腔修复学,,,,232110
48.0,400230,牙体牙髓病(20122-232320-1),2012223232052869,,1,,19,,0,,,3.0,医学院,否,,,2012-2013-2,,2012223232052869,2009医学院口腔医学,0,鼓楼校区,2012-2013学年 第2学期,52869,,,否,,,,,,0,牙体牙髓病,,,,232320
48.0,400230,局部解剖学(20122-232340-1),2012223234052653,,3,,109,"1-17周,1-17周",0,"董平,朱亚文,詹朝双","1-17周 周一 第3节-第4节 仙Ⅰ-320,1-17周 周一 第5节-第8节 ",3.0,医学院,否,,"周一,周一",2012-2013-2,,2012223234052653,"2010医学院临床医学,2010医学院口腔医学",0,仙林校区,2012-2013学年 第2学期,52653,"仙Ⅰ-320,西南楼141",,否,,,,,,0,局部解剖学,11,"第3节-第4节,第5节-第8节",仙I区,232340
64.0,400230,学年论文(20122-232350-1),2012223235052860,,1,,59,,0,,,4.0,医学院,否,,,2012-2013-2,,2012223235052860,2009医学院临床医学,0,鼓楼校区,2012-2013学年 第2学期,52860,,,否,,,,,,0,学年论文,,,,232350
64.0,400230,学年论文(20122-232350-1),2012223235052868,,1,,19,,0,,,4.0,医学院,否,,,2012-2013-2,,2012223235052868,2009医学院口腔医学,0,鼓楼校区,2012-2013学年 第2学期,52868,,,否,,,,,,0,学年论文,,,,232350
80.0,400230,内科学(20122-232360-1),2012223236052867,,1,,19,"1-7周,1-7周,1-7周,1-7周",0,"鼓楼医院2,鼓楼医院3","1-7周 周一 第1节-第2节 教318,1-7周 周四 第3节-第4节 教318,1-7周 周二 第3节-第4节 教318,1-7周 周三 第1节-第2节 教318",5.0,医学院,否,,"周一,周二,周三,周四",2012-2013-2,,2012223236052867,2009医学院口腔医学,0,鼓楼校区,2012-2013学年 第2学期,52867,"教318,教318,教318,教318",,否,,,,,,0,内科学,1,"第1节-第2节,第3节-第4节,第1节-第2节,第3节-第4节",教学楼,232360
80.0,400230,外科学(20122-232370-1),2012223237052866,,1,,19,"1-7周,1-7周,1-7周,1-7周",0,鼓楼医院2,"1-7周 周二 第1节-第2节 教318,1-7周 周三 第3节-第4节 教318,1-7周 周一 第3节-第4节 教318,1-7周 周四 第1节-第2节 教318",5.0,医学院,否,,"周一,周二,周三,周四",2012-2013-2,,2012223237052866,2009医学院口腔医学,0,鼓楼校区,2012-2013学年 第2学期,52866,"教318,教318,教318,教318",,否,,,,,,0,外科学,1,"第3节-第4节,第1节-第2节,第3节-第4节,第1节-第2节",教学楼,232370
0.0,400250,毕业论文(20122-240040-1),2012224004052092,,1,,107,1-18周,0,,1-18周 自由时间 - ,0.0,匡亚明学院,否,,自由时间,2012-2013-2,,2012224004052092,"2009匡亚明学院应用文科强化班,2009匡亚明学院理强（生物化学）,2009匡亚明学院理强（数理方向）,2009匡亚明学院理科强化班",0,鼓楼校区,2012-2013学年 第2学期,52092,无,,否,,,,,,0,毕业论文,,自由时间,,240040
64.0,400250,大学物理 1班,20122242010A50996,,3,,149,"1-17周,1-17周",0,肖明文,"1-17周 周二 第1节-第2节 逸B-212,1-17周 周五 第5节-第7节 仙Ⅰ-206",4.0,匡亚明学院,否,,"周二,周五",2012-2013-2,,20122242010A50996,2012数学学院数学类,0,仙林校区,2012-2013学年 第2学期,50996,"逸B-212,仙Ⅰ-206",,否,,,,,,0,大学物理（上）,"11,16","第1节-第2节,第5节-第7节","仙I区, 逸夫楼B区",242010A
64.0,400250,大学物理 2班,20122242010A50997,,3,,150,"1-17周,1-17周",0,许望,"1-17周 周一 第1节-第2节 仙Ⅰ-206,1-17周 周四 第1节-第3节 逸B-212",4.0,匡亚明学院,否,,"周一,周四",2012-2013-2,,20122242010A50997,2012天文与空间科学学院天文学,0,仙林校区,2012-2013学年 第2学期,50997,"仙Ⅰ-206,逸B-212",,否,,,,,,0,大学物理（上）,"11,16","第1节-第2节,第1节-第3节","仙I区, 逸夫楼B区",242010A
48.0,400270,计算与软件工程I(20122-250020-1),2012225002052198,,3,,140,"2-16周(双),1-17周",0,"刘钦,骆斌,邵栋","2-16周(双) 周二 第3节-第4节 仙Ⅱ-403,1-17周 周四 第5节-第6节 仙Ⅱ-403",3.0,软件学院,否,,"周二,周四",2012-2013-2,,2012225002052198,2012软件学院软件学类,0,仙林校区,2012-2013学年 第2学期,52198,"仙Ⅱ-403,仙Ⅱ-403",,否,,,,,,0,软件工程与计算I,12,"第3节-第4节,第5节-第6节",仙II区,250020
48.0,400270,计算与软件工程I(20122-250020-2),2012225002052199,,3,,142,"2-16周(双),1-17周",0,"邵栋,骆斌,刘钦","1-17周 周四 第3节-第4节 仙Ⅱ-403,2-16周(双) 周二 第5节-第6节 仙Ⅱ-403",3.0,软件学院,否,,"周二,周四",2012-2013-2,,2012225002052199,2012软件学院软件学类,0,仙林校区,2012-2013学年 第2学期,52199,"仙Ⅱ-403,仙Ⅱ-403",,否,,,,,,0,软件工程与计算I,12,"第5节-第6节,第3节-第4节",仙II区,250020
32.0,400270,计算与软件工程Ⅲ(20122-250040-1),2012225004052213,,3,,267,"1-2周,4周,7周,11周,17周,3周,5-6周,8-9周,13-15周",0,"刘嘉,张瑾玉,黄蕾,骆斌","1-2周,4周,7周,11周,17周 周四 第5节-第6节 仙Ⅰ-107,3周,5-6周,8-9周,13-15周 周四 第5节-第6节 ",2.0,软件学院,否,,"周四,周四",2012-2013-2,,2012225004052213,2011软件学院软件学类,0,仙林校区,2012-2013学年 第2学期,52213,"仙Ⅰ-107,基础实验楼五楼",,否,,,,,,0,计算与软件工程III——课程实践,11,"第5节-第6节,第5节-第6节",仙I区,250040
48.0,400270,软件工程统计方法(20122-250070-1),2012225007052258,,3,,133,"1-17周,2-16周(双)",0,陈振宇,"2-16周(双) 周四 第1节-第2节 仙Ⅱ-503,1-17周 周二 第5节-第6节 仙Ⅱ-503",3.0,软件学院,否,,"周二,周四",2012-2013-2,,2012225007052258,2011软件学院软件学类,0,仙林校区,2012-2013学年 第2学期,52258,"仙Ⅱ-503,仙Ⅱ-503",,否,,,,,,0,软件工程统计方法,12,"第5节-第6节,第1节-第2节",仙II区,250070
48.0,400270,软件工程统计方法(20122-250070-2),2012225007052259,,3,,137,"1-17周,2-16周(双)",0,陈振宇,"1-17周 周二 第3节-第4节 仙Ⅱ-503,2-16周(双) 周四 第3节-第4节 仙Ⅱ-503",3.0,软件学院,否,,"周二,周四",2012-2013-2,,2012225007052259,2011软件学院软件学类,0,仙林校区,2012-2013学年 第2学期,52259,"仙Ⅱ-503,仙Ⅱ-503",,否,,,,,,0,软件工程统计方法,12,"第3节-第4节,第3节-第4节",仙II区,250070
48.0,400270,软件测试与质量(20122-250100-1),2012225010053561,,1,,95,"6-17周,6-16周(双)",0,张瑾玉,"6-17周 周一 第1节-第2节 ,6-16周(双) 周三 第3节-第4节 ",3.0,软件学院,否,,"周一,周三",2012-2013-2,,2012225010053561,2010软件学院软件学类,0,鼓楼校区,2012-2013学年 第2学期,53561,"无,无",,否,,,,,,0,软件测试与质量,,"第1节-第2节,第3节-第4节",,250100
48.0,400270,软件测试与质量(20122-250100-2),2012225010053562,,1,,116,"1-17周,6-16周(双)",0,陈振宇,"1-17周 周一 第1节-第2节 ,6-16周(双) 周三 第1节-第2节 ",3.0,软件学院,否,,"周一,周三",2012-2013-2,,2012225010053562,2010软件学院软件学类,0,鼓楼校区,2012-2013学年 第2学期,53562,"无,无",,否,,,,,,0,软件测试与质量,,"第1节-第2节,第1节-第2节",,250100
48.0,400270,软件系统设计与体系结构(20122-250110-1),2012225011052260,,1,,104,"1-17周,2-16周(双)",0,"丁二玉,李翔","1-17周 周二 第1节-第2节 ,2-16周(双) 周五 第3节-第4节 ",3.0,软件学院,否,,"周二,周五",2012-2013-2,,2012225011052260,2010软件学院软件学类,0,鼓楼校区,2012-2013学年 第2学期,52260,"教学楼120,教学楼120",,否,,,,,,0,软件系统设计与体系结构,,"第1节-第2节,第3节-第4节",,250110
48.0,400270,软件系统设计与体系结构(20122-250110-2),2012225011052261,,1,,105,"1-17周,2-16周(双)",0,"丁二玉,李翔","2-16周(双) 周五 第1节-第2节 ,1-17周 周二 第3节-第4节 ",3.0,软件学院,否,,"周二,周五",2012-2013-2,,2012225011052261,2010软件学院软件学类,0,鼓楼校区,2012-2013学年 第2学期,52261,"教学楼120,教学楼120",,否,,,,,,0,软件系统设计与体系结构,,"第3节-第4节,第1节-第2节",,250110
48.0,400270,人机交互设计(20122-250120-1),2012225012053563,,1,,115,"6-17周,2周,7-17周(单)",0,冯桂焕,"2周,7-17周(单) 周三 第1节-第2节 ,6-17周 周一 第3节-第4节 ",3.0,软件学院,否,,"周一,周三",2012-2013-2,,2012225012053563,2010软件学院软件学类,0,鼓楼校区,2012-2013学年 第2学期,53563,"无,无",,否,,,,,,0,人机交互设计,,"第3节-第4节,第1节-第2节",,250120
48.0,400270,人机交互设计(20122-250120-2),2012225012053564,,1,,98,"6-17周,7-17周(单)",0,冯桂焕,"6-17周 周一 第1节-第2节 ,7-17周(单) 周三 第3节-第4节 ",3.0,软件学院,否,,"周一,周三",2012-2013-2,,2012225012053564,2010软件学院软件学类,0,鼓楼校区,2012-2013学年 第2学期,53564,"无,无",,否,,,,,,0,人机交互设计,,"第1节-第2节,第3节-第4节",,250120
48.0,400270,计算机组织结构(20122-250210-1),2012225021052182,,3,,131,1-17周,0,任桐炜,1-17周 周二 第5节-第7节 仙Ⅱ-404,3.0,软件学院,否,,周二,2012-2013-2,,2012225021052182,2012软件学院软件学类,0,仙林校区,2012-2013学年 第2学期,52182,仙Ⅱ-404,,否,,,,,,0,计算机组织结构,12,第5节-第7节,仙II区,250210
48.0,400270,计算机组织结构(20122-250210-2),2012225021052183,,3,,145,1-17周,0,任桐炜,1-17周 周五 第5节-第7节 仙Ⅱ-304,3.0,软件学院,否,,周五,2012-2013-2,,2012225021052183,2012软件学院软件学类,0,仙林校区,2012-2013学年 第2学期,52183,仙Ⅱ-304,,否,,,,,,0,计算机组织结构,12,第5节-第7节,仙II区,250210
48.0,400270,数据库设计(20122-250220-1),2012225022052252,,3,,129,1-17周,0,柏文阳,1-17周 周一 第1节-第3节 仙Ⅱ-403,3.0,软件学院,否,,周一,2012-2013-2,,2012225022052252,2011软件学院软件学类,0,仙林校区,2012-2013学年 第2学期,52252,仙Ⅱ-403,,否,,,,,,0,数据库设计,12,第1节-第3节,仙II区,250220
48.0,400270,数据库设计(20122-250220-2),2012225022052253,,3,,141,1-17周,0,,1-17周 周一 第5节-第7节 仙Ⅱ-403,3.0,软件学院,否,,周一,2012-2013-2,,2012225022052253,2011软件学院软件学类,0,仙林校区,2012-2013学年 第2学期,52253,仙Ⅱ-403,,否,,,,,,0,数据库设计,12,第5节-第7节,仙II区,250220
48.0,400270,计算机网络(20122-250230-1),2012225023052254,,3,,129,1-17周,0,刘峰,1-17周 周一 第5节-第7节 仙Ⅱ-305,3.0,软件学院,否,,周一,2012-2013-2,,2012225023052254,2011软件学院软件学类,0,仙林校区,2012-2013学年 第2学期,52254,仙Ⅱ-305,,否,,,,,,0,计算机网络,12,第5节-第7节,仙II区,250230
48.0,400270,计算机网络(20122-250230-2),2012225023052255,,3,,139,1-17周,0,赵志宏,1-17周 周二 第5节-第7节 仙Ⅱ-405,3.0,软件学院,否,,周二,2012-2013-2,,2012225023052255,2011软件学院软件学类,0,仙林校区,2012-2013学年 第2学期,52255,仙Ⅱ-405,,否,,,,,,0,计算机网络,12,第5节-第7节,仙II区,250230
48.0,400270,操作系统(20122-250240-1),2012225024052256,,3,,123,"1-17周(单),1-17周",0,"骆斌,葛季栋","1-17周 周五 第1节-第2节 仙Ⅱ-305,1-17周(单) 周三 第1节-第2节 仙Ⅱ-303",3.0,软件学院,否,,"周三,周五",2012-2013-2,,2012225024052256,2011软件学院软件学类,0,仙林校区,2012-2013学年 第2学期,52256,"仙Ⅱ-303,仙Ⅱ-305",,否,,,,,,0,操作系统,12,"第1节-第2节,第1节-第2节",仙II区,250240
48.0,400270,操作系统(20122-250240-2),2012225024052257,,3,,133,"1-17周(单),1-17周",0,"骆斌,葛季栋","1-17周 周五 第3节-第4节 仙Ⅱ-305,1-17周(单) 周三 第3节-第4节 仙Ⅱ-305",3.0,软件学院,否,,"周三,周五",2012-2013-2,,2012225024052257,2011软件学院软件学类,0,仙林校区,2012-2013学年 第2学期,52257,"仙Ⅱ-305,仙Ⅱ-305",,否,,,,,,0,操作系统,12,"第3节-第4节,第3节-第4节",仙II区,250240
32.0,400270,信息技术实践(20122-250330-1),2012225033052897,,1,,31,1-17周,0,刘嘉,1-17周 周一 第1节-第2节 ,2.0,软件学院,否,,周一,2012-2013-2,,2012225033052897,2009软件学院软件学类,0,鼓楼校区,2012-2013学年 第2学期,52897,费彝民楼4-6楼机房,,否,,,,,,0,信息技术实践,,第1节-第2节,,250330
32.0,400270,Web技术实践(20122-250340-1),2012225034052898,,1,,30,1-17周,0,刘峰,1-17周 周二 第1节-第2节 ,2.0,软件学院,否,,周二,2012-2013-2,,2012225034052898,2009软件学院软件学类,0,鼓楼校区,2012-2013学年 第2学期,52898,费彝民楼4-6楼机房,,否,,,,,,0,Web技术实践,,第1节-第2节,,250340
48.0,400270,J2EE与中间件(20122-250350-1),2012225035052262,,1,,124,"1-17周,2-16周(双)",0,王浩然,"1-17周 周一 第3节-第4节 ,2-16周(双) 周三 第3节-第4节 ",3.0,软件学院,否,,"周一,周三",2012-2013-2,,2012225035052262,2010软件学院软件学类,0,鼓楼校区,2012-2013学年 第2学期,52262,"教学楼120,教学楼120",,否,,,,,,0,J2EE与中间件,,"第3节-第4节,第3节-第4节",,250350
48.0,400270,Linux系统基础(20122-250370-1),2012225037052263,,1,,151,"1-17周,1-17周(单)",0,曾生,"1-17周 周三 第1节-第2节 ,1-17周(单) 周五 第5节-第6节 ",3.0,软件学院,否,,"周三,周五",2012-2013-2,,2012225037052263,2010软件学院软件学类,0,鼓楼校区,2012-2013学年 第2学期,52263,"教学楼120,教学楼120",,否,,,,,,0,Linux系统基础,,"第1节-第2节,第5节-第6节",,250370
48.0,400270,Linux程序设计(20122-250390-1),2012225039052264,,1,,155,1-17周,0,王丽芳,1-17周 周五 第9节-第11节 ,3.0,软件学院,否,,周五,2012-2013-2,,2012225039052264,2010软件学院软件学类,0,鼓楼校区,2012-2013学年 第2学期,52264,教学楼120,,否,,,,,,0,Linux程序设计,,第9节-第11节,,250390
32.0,400270,Linux实践(20122-250400-1),2012225040052899,,1,,28,1-17周,0,黄蕾,1-17周 周三 第1节-第2节 ,2.0,软件学院,否,,周三,2012-2013-2,,2012225040052899,2009软件学院软件学类,0,鼓楼校区,2012-2013学年 第2学期,52899,费彝民楼4-6楼机房,,否,,,,,,0,Linux实践,,第1节-第2节,,250400
32.0,400270,嵌入式软件实践(20122-250430-1),2012225043052900,,1,,26,1-17周,0,刘海涛,1-17周 周四 第1节-第2节 ,2.0,软件学院,否,,周四,2012-2013-2,,2012225043052900,2009软件学院软件学类,0,鼓楼校区,2012-2013学年 第2学期,52900,费彝民楼4-6楼机房,,否,,,,,,0,嵌入式软件实践,,第1节-第2节,,250430
48.0,400270,数字图像处理(20122-250460-1),2012225046053569,,1,,76,6-17周,0,高阳,6-17周 周四 第5节-第7节 ,3.0,软件学院,否,,周四,2012-2013-2,,2012225046053569,2010软件学院软件学类,0,鼓楼校区,2012-2013学年 第2学期,53569,无,,否,,,,,,0,数字图像处理,,第5节-第7节,,250460
32.0,400270,多媒体技术实践(20122-250470-1),2012225047052901,,1,,32,1-17周,0,,1-17周 周五 第1节-第2节 ,2.0,软件学院,否,,周五,2012-2013-2,,2012225047052901,2009软件学院软件学类,0,鼓楼校区,2012-2013学年 第2学期,52901,费彝民楼4-6楼机房,,否,,,,,,0,多媒体技术实践,,第1节-第2节,,250470
48.0,400270,应用集成原理与工具(20122-250480-1),2012225048053567,,1,,46,"6-17周,6-16周(双)",0,刘峰,"6-16周(双) 周四 第3节-第4节 ,6-17周 周二 第7节-第8节 ",3.0,软件学院,否,,"周二,周四",2012-2013-2,,2012225048053567,2010软件学院软件学类,0,鼓楼校区,2012-2013学年 第2学期,53567,"无,无",,否,,,,,,0,应用集成原理与工具,,"第7节-第8节,第3节-第4节",,250480
32.0,400270,服务计算实践(20122-250510-1),2012225051052902,,1,,60,1-17周,0,贝佳,1-17周 周一 第3节-第4节 ,2.0,软件学院,否,,周一,2012-2013-2,,2012225051052902,2009软件学院软件学类,0,鼓楼校区,2012-2013学年 第2学期,52902,费彝民楼4-6楼机房,,否,,,,,,0,服务计算实践,,第3节-第4节,,250510
48.0,400270,管理信息系统(20122-250520-1),2012225052053571,,1,,84,"6-17周,7-17周(单)",0,王浩然,"6-17周 周二 第3节-第4节 ,7-17周(单) 周四 第3节-第4节 ",3.0,软件学院,否,,"周二,周四",2012-2013-2,,2012225052053571,2010软件学院软件学类,0,鼓楼校区,2012-2013学年 第2学期,53571,"无,无",,否,,,,,,0,管理信息系统,,"第3节-第4节,第3节-第4节",,250520
48.0,400270,电子商务(20122-250530-1),2012225053052266,,1,,93,"1-17周(单),1-17周",0,王金庆,"1-17周 周四 第1节-第2节 ,1-17周(单) 周一 第1节-第2节 ",3.0,软件学院,否,,"周一,周四",2012-2013-2,,2012225053052266,2010软件学院软件学类,0,鼓楼校区,2012-2013学年 第2学期,52266,"教学楼120,教学楼120",,否,,,,,,0,电子商务,,"第1节-第2节,第1节-第2节",,250530
48.0,400270,商务智能(20122-250540-1),2012225054052267,,1,,108,"1-17周,2-16周(双)",0,贝佳,"2-16周(双) 周四 第3节-第4节 ,1-17周 周一 第5节-第6节 ",3.0,软件学院,否,,"周一,周四",2012-2013-2,,2012225054052267,2010软件学院软件学类,0,鼓楼校区,2012-2013学年 第2学期,52267,"教学楼120,教学楼120",,否,,,,,,0,商务智能,,"第5节-第6节,第3节-第4节",,250540
32.0,400270,信息系统实践(20122-250550-1),2012225055052903,,1,,32,1-17周,0,刘嘉,1-17周 周二 第3节-第4节 ,2.0,软件学院,否,,周二,2012-2013-2,,2012225055052903,2009软件学院软件学类,0,鼓楼校区,2012-2013学年 第2学期,52903,费彝民楼4-6楼机房,,否,,,,,,0,信息系统实践,,第3节-第4节,,250550
48.0,400270,服务计算与SOA开发(20122-250570-1),2012225057053565,,1,,85,"6-17周,6-16周(双)",0,贝佳,"6-17周 周二 第5节-第6节 ,6-16周(双) 周五 第5节-第6节 ",3.0,软件学院,否,,"周二,周五",2012-2013-2,,2012225057053565,2010软件学院软件学类,0,鼓楼校区,2012-2013学年 第2学期,53565,"无,无",,否,,,,,,0,服务计算与SOA开发,,"第5节-第6节,第5节-第6节",,250570
32.0,400270,移动互联网实践(20122-250590-1),2012225059052904,,1,,31,1-17周,0,刘钦,1-17周 周三 第3节-第4节 ,2.0,软件学院,否,,周三,2012-2013-2,,2012225059052904,2009软件学院软件学类,0,鼓楼校区,2012-2013学年 第2学期,52904,费彝民楼4-6楼机房,,否,,,,,,0,移动互联网实践,,第3节-第4节,,250590
48.0,400270,实证软件工程(20122-250640-1),2012225064052268,,1,,17,"1-17周,1-3周(单)",0,陈振宇,"1-3周(单) 周四 第1节-第2节 ,1-17周 周二 第9节-第10节 ",3.0,软件学院,否,,"周二,周四",2012-2013-2,,2012225064052268,2010软件学院软件学类,0,鼓楼校区,2012-2013学年 第2学期,52268,"费彝民楼B711,费彝民楼B711",,否,,,,,,0,实证软件工程,,"第9节-第10节,第1节-第2节",,250640
48.0,400270,基于多核的并行编程(20122-250770-1),2012225077053566,,1,,116,"7-17周(单),6-17周",0,,"6-17周 周五 第1节-第2节 ,7-17周(单) 周二 第1节-第2节 ",3.0,软件学院,否,,"周二,周五",2012-2013-2,,2012225077053566,2010软件学院软件学类,0,鼓楼校区,2012-2013学年 第2学期,53566,"无,无",,否,,,,,,0,基于多核的并行编程,,"第1节-第2节,第1节-第2节",,250770
128.0,400270,毕业设计(20122-250800-1),2012225080053370,,3,,245,,0,,,8.0,软件学院,否,,,2012-2013-2,,2012225080053370,2009软件学院软件学类,0,仙林校区,2012-2013学年 第2学期,53370,,,否,,,,,,0,毕业设计,,,,250800
48.0,400270,移动互联网应用开发(20122-251130-1),2012225113053573,,1,,134,"6-17周,6-16周(双)",0,刘钦,"6-16周(双) 周五 第3节-第4节 ,6-17周 周一 第5节-第6节 ",3.0,软件学院,否,,"周一,周五",2012-2013-2,,2012225113053573,2010软件学院软件学类,0,鼓楼校区,2012-2013学年 第2学期,53573,"无,无",,否,,,,,,0,移动互联网应用开发,,"第5节-第6节,第3节-第4节",,251130
48.0,400270,嵌入式系统设计(20122-251140-1),2012225114053572,,1,,43,"1-17周,7-17周(单)",0,刘海涛,"1-17周 周一 第1节-第2节 ,7-17周(单) 周五 第3节-第4节 ",3.0,软件学院,否,,"周一,周五",2012-2013-2,,2012225114053572,2010软件学院软件学类,0,鼓楼校区,2012-2013学年 第2学期,53572,"无,无",,否,,,,,,0,嵌入式系统设计,,"第1节-第2节,第3节-第4节",,251140
48.0,400240,运筹学 (20122-270020-1),2012227002052222,,3,,31,1-17周,0,徐薇,1-17周 周五 第5节-第7节 仙Ⅱ-111,3.0,工程管理学院,否,,周五,2012-2013-2,,2012227002052222,2010工程管理学院自动化,0,仙林校区,2012-2013学年 第2学期,52222,仙Ⅱ-111,,否,,,,,,0,运筹学 ,12,第5节-第7节,仙II区,270020
48.0,400240,数据结构(20122-270050-1),2012227005052218,,3,,65,"1-17周,1-17周",0,朱美琳,"1-17周 周四 第5节-第6节 ,1-17周 周四 第7节-第8节 ",3.0,工程管理学院,否,,"周四,周四",2012-2013-2,,2012227005052218,2011工程管理学院电气信息类,0,仙林校区,2012-2013学年 第2学期,52218,"基础实验楼乙418,基础实验楼乙418",,否,,,,,,0,数据结构,,"第5节-第6节,第7节-第8节",,270050
32.0,400240,数值分析(20122-270060-1),2012227006052207,,3,,155,1-17周,0,陈星光,1-17周 周四 第3节-第4节 仙Ⅰ-206,2.0,工程管理学院,否,,周四,2012-2013-2,,2012227006052207,"2011工程管理学院管理科学与工程类,2011工程管理学院电气信息类",0,仙林校区,2012-2013学年 第2学期,52207,仙Ⅰ-206,,否,,,,,,0,数值分析,11,第3节-第4节,仙I区,270060
32.0,400240,数据库原理和应用(20122-270070-1),2012227007052212,,3,,60,"1-17周,1-17周",0,杨佩,"1-17周 周三 第5节-第6节 仙Ⅰ-203,1-17周 周三 第7节-第8节 ",2.0,工程管理学院,否,,"周三,周三",2012-2013-2,,2012227007052212,2011工程管理学院电气信息类,0,仙林校区,2012-2013学年 第2学期,52212,"仙Ⅰ-203,基础实验楼乙418",,否,,,,,,0,数据库原理和应用,11,"第5节-第6节,第7节-第8节",仙I区,270070
128.0,400240,毕业论文(20122-270090-1),2012227009052248,,1,,30,,0,,,8.0,工程管理学院,否,,,2012-2013-2,,2012227009052248,2009工程管理学院工业工程,0,鼓楼校区,2012-2013学年 第2学期,52248,,,否,,,,,,0,毕业论文,,,,270090
128.0,400240,毕业论文(20122-270090-1),2012227009052249,,1,,40,,0,,,8.0,工程管理学院,否,,,2012-2013-2,,2012227009052249,2009工程管理学院金融工程,0,鼓楼校区,2012-2013学年 第2学期,52249,,,否,,,,,,0,毕业论文,,,,270090
128.0,400240,毕业设计(20122-270100-1),2012227010052246,,1,,34,,0,,,8.0,工程管理学院,否,,,2012-2013-2,,2012227010052246,2009工程管理学院自动化,0,鼓楼校区,2012-2013学年 第2学期,52246,,,否,,,,,,0,毕业设计,,,,270100
128.0,400240,毕业设计(20122-270100-1),2012227010052250,,1,,28,,0,,,8.0,工程管理学院,否,,,2012-2013-2,,2012227010052250,2009工程管理学院信息工程,0,鼓楼校区,2012-2013学年 第2学期,52250,,,否,,,,,,0,毕业设计,,,,270100
64.0,400240,财务会计学(20122-271040-1),2012227104052205,,3,,92,1-17周,0,陈莹,1-17周 周五 第2节-第4节 逸B-205,4.0,工程管理学院,否,,周五,2012-2013-2,,2012227104052205,2011工程管理学院管理科学与工程类,0,仙林校区,2012-2013学年 第2学期,52205,逸B-205,,否,,,,,,0,财务会计学,16,第2节-第4节,逸夫楼B区,271040
32.0,400240,物流工程与管理(20122-271050-1),2012227105052208,,3,,88,1-17周,0,陈国华,1-17周 周三 第5节-第7节 逸B-205,2.0,工程管理学院,否,,周三,2012-2013-2,,2012227105052208,2011工程管理学院管理科学与工程类,0,仙林校区,2012-2013学年 第2学期,52208,逸B-205,,否,,,,,,0,物流工程与管理,16,第5节-第7节,逸夫楼B区,271050
48.0,400240,金融工程(20122-271060-1),2012227106052235,,3,,76,1-17周,0,朱洪亮,1-17周 周一 第5节-第7节 仙Ⅱ-104,3.0,工程管理学院,否,,周一,2012-2013-2,,2012227106052235,"2010工程管理学院工业工程,2010工程管理学院金融工程",0,仙林校区,2012-2013学年 第2学期,52235,仙Ⅱ-104,,否,,,,,,0,金融工程,12,第5节-第7节,仙II区,271060
32.0,400240,国际金融理论与实务(20122-271080-1),2012227108052209,,3,,86,1-17周,0,程书萍,1-17周 周一 第2节-第4节 仙Ⅱ-306,2.0,工程管理学院,否,,周一,2012-2013-2,,2012227108052209,2011工程管理学院管理科学与工程类,0,仙林校区,2012-2013学年 第2学期,52209,仙Ⅱ-306,,否,,,,,,0,国际金融理论与实务,12,第2节-第4节,仙II区,271080
32.0,400240,高级运筹学(20122-271100-1),2012227110052203,,3,,94,1-17周,0,周晶,1-17周 周三 第3节-第4节 仙Ⅱ-306,2.0,工程管理学院,否,,周三,2012-2013-2,,2012227110052203,2011工程管理学院管理科学与工程类,0,仙林校区,2012-2013学年 第2学期,52203,仙Ⅱ-306,,否,,,,,,0,高级运筹学,12,第3节-第4节,仙II区,271100
48.0,400240,数字电路与逻辑设计(20122-272050-1),2012227205052210,,3,,63,1-17周,0,陈强,1-17周 周一 第5节-第7节 仙Ⅱ-103,3.0,工程管理学院,否,,周一,2012-2013-2,,2012227205052210,2011工程管理学院电气信息类,0,仙林校区,2012-2013学年 第2学期,52210,仙Ⅱ-103,,否,,,,,,0,数字电路与逻辑设计,12,第5节-第7节,仙II区,272050
16.0,400240,数字电路实验(20122-272050T-1),20122272050T52211,,3,,62,1-17周,0,辛博,1-17周 周二 第5节-第8节 ,1.0,工程管理学院,否,,周二,2012-2013-2,,20122272050T52211,2011工程管理学院电气信息类,0,仙林校区,2012-2013学年 第2学期,52211,基础实验楼乙435,,否,,,,,,0,数字电路实验,,第5节-第8节,,272050T
48.0,400240,信号与系统(20122-272070-1),2012227207052215,,3,,66,1-17周,0,赵佳宝,1-17周 周五 第5节-第7节 仙Ⅱ-103,3.0,工程管理学院,否,,周五,2012-2013-2,,2012227207052215,2011工程管理学院电气信息类,0,仙林校区,2012-2013学年 第2学期,52215,仙Ⅱ-103,,否,,,,,,0,信号与系统,12,第5节-第7节,仙II区,272070
48.0,400240,传感器原理与技术(20122-272090-1),2012227209052216,,3,,65,1-17周,0,王顺,1-17周 周一 第2节-第4节 仙Ⅰ-202,3.0,工程管理学院,否,,周一,2012-2013-2,,2012227209052216,2011工程管理学院电气信息类,0,仙林校区,2012-2013学年 第2学期,52216,仙Ⅰ-202,,否,,,,,,0,传感器原理与技术,11,第2节-第4节,仙I区,272090
16.0,400240,传感技术实验(20122-272090T-1),20122272090T52217,,3,,62,1-17周,0,郭亚敏,1-17周 周五 第1节-第4节 ,1.0,工程管理学院,否,,周五,2012-2013-2,,20122272090T52217,2011工程管理学院电气信息类,0,仙林校区,2012-2013学年 第2学期,52217,基础实验楼乙433,,否,,,,,,0,传感技术实验,,第1节-第4节,,272090T
48.0,400240,虚拟仪器技术(20122-272140-1),2012227214052232,,3,,22,1-17周,0,徐伟弘,1-17周 周四 第5节-第6节 仙Ⅱ-111,3.0,工程管理学院,否,,周四,2012-2013-2,,2012227214052232,2010工程管理学院信息工程,0,仙林校区,2012-2013学年 第2学期,52232,仙Ⅱ-111,,否,,,,,,0,虚拟仪器技术,12,第5节-第6节,仙II区,272140
48.0,400240,质量与可靠性工程(20122-273040-1),2012227304052240,,3,,34,1-17周,0,刘慧敏,1-17周 周四 第5节-第7节 仙Ⅱ-113,3.0,工程管理学院,否,,周四,2012-2013-2,,2012227304052240,2010工程管理学院工业工程,0,仙林校区,2012-2013学年 第2学期,52240,仙Ⅱ-113,,否,,,,,,0,质量管理,12,第5节-第7节,仙II区,273040
32.0,400240,库存管理(20122-273070-1),2012227307052243,,3,,3,1-17周,0,李娟,1-17周 周一 第3节-第4节 仙Ⅱ-216,2.0,工程管理学院,否,,周一,2012-2013-2,,2012227307052243,2010工程管理学院工业工程,0,仙林校区,2012-2013学年 第2学期,52243,仙Ⅱ-216,,否,,,,,,0,库存管理,12,第3节-第4节,仙II区,273070
32.0,400240,供应链管理(20122-273080-1),2012227308052241,,3,,35,1-17周,0,徐峰,1-17周 周五 第5节-第6节 仙Ⅱ-113,2.0,工程管理学院,否,,周五,2012-2013-2,,2012227308052241,2010工程管理学院工业工程,0,仙林校区,2012-2013学年 第2学期,52241,仙Ⅱ-113,,否,,,,,,0,供应链管理,12,第5节-第6节,仙II区,273080
32.0,400240,信息系统综合实验(20122-273130-1),2012227313052247,,3,,30,"1-4周,1-4周",0,"赵佳宝,李民","1-4周 周一 第1节-第8节 ,1-4周 周二 第1节-第8节 ",2.0,工程管理学院,否,,"周一,周二",2012-2013-2,,2012227313052247,2009工程管理学院工业工程,0,仙林校区,2012-2013学年 第2学期,52247,"基础实验楼乙406,基础实验楼乙406",,否,,,,,,0,信息系统综合实验,,"第1节-第8节,第1节-第8节",,273130
32.0,400240,国际物流与商务(20122-273140-1),2012227314052242,,3,,33,1-17周,0,李敬泉,1-17周 周三 第3节-第4节 逸B-302,2.0,工程管理学院,否,,周三,2012-2013-2,,2012227314052242,2010工程管理学院工业工程,0,仙林校区,2012-2013学年 第2学期,52242,逸B-302,,否,,,,,,0,国际物流与商务,16,第3节-第4节,逸夫楼B区,273140
48.0,400240,固定收益证券(20122-274010-1),2012227401052236,,3,,42,1-17周,0,刘海飞,1-17周 周二 第2节-第4节 逸B-301,3.0,工程管理学院,否,,周二,2012-2013-2,,2012227401052236,2010工程管理学院金融工程,0,仙林校区,2012-2013学年 第2学期,52236,逸B-301,,否,,,,,,0,固定收益证券,16,第2节-第4节,逸夫楼B区,274010
48.0,400240,金融计量学(20122-274020-1),2012227402052237,,3,,46,1-17周,0,方立兵,1-17周 周四 第1节-第3节 逸B-301,3.0,工程管理学院,否,,周四,2012-2013-2,,2012227402052237,2010工程管理学院金融工程,0,仙林校区,2012-2013学年 第2学期,52237,逸B-301,,否,,,,,,0,金融计量学,16,第1节-第3节,逸夫楼B区,274020
32.0,400240,金融经济学(20122-274040-1),2012227404052206,,3,,92,1-17周,0,朱洪亮,1-17周 周二 第5节-第6节 逸B-207,2.0,工程管理学院,否,,周二,2012-2013-2,,2012227404052206,2011工程管理学院管理科学与工程类,0,仙林校区,2012-2013学年 第2学期,52206,逸B-207,,否,,,,,,0,金融经济学,16,第5节-第6节,逸夫楼B区,274040
32.0,400240,金融微观结构(20122-274090-1),2012227409052238,,3,,45,1-17周,0,俞红海,1-17周 周五 第3节-第4节 逸B-301,2.0,工程管理学院,否,,周五,2012-2013-2,,2012227409052238,2010工程管理学院金融工程,0,仙林校区,2012-2013学年 第2学期,52238,逸B-301,,否,,,,,,0,金融微观结构,16,第3节-第4节,逸夫楼B区,274090
48.0,400240,现代控制理论(20122-275020-1),2012227502052220,,3,,25,1-17周,0,李华雄,1-17周 周三 第1节-第3节 逸B-301,3.0,工程管理学院,否,,周三,2012-2013-2,,2012227502052220,2010工程管理学院自动化,0,仙林校区,2012-2013学年 第2学期,52220,逸B-301,,否,,,,,,0,现代控制理论,16,第1节-第3节,逸夫楼B区,275020
32.0,400240,控制系统仿真(20122-275030-1),2012227503052223,,3,,24,1-17周,0,赵佳宝,1-17周 周四 第5节-第6节 仙Ⅱ-102,2.0,工程管理学院,否,,周四,2012-2013-2,,2012227503052223,2010工程管理学院自动化,0,仙林校区,2012-2013学年 第2学期,52223,仙Ⅱ-102,,否,,,,,,0,控制系统仿真,12,第5节-第6节,仙II区,275030
64.0,400240,运动控制系统(20122-275050-1),2012227505052224,,3,,20,"1-17周,6-17周",0,朱张青,"1-17周 周二 第1节-第3节 逸B-210,6-17周 周二 第5节-第8节 ",4.0,工程管理学院,否,,"周二,周二",2012-2013-2,,2012227505052224,2010工程管理学院自动化,0,仙林校区,2012-2013学年 第2学期,52224,"逸B-210,基础实验楼乙437",,否,,,,,,0,运动控制系统,16,"第1节-第3节,第5节-第8节",逸夫楼B区,275050
64.0,400240,工业过程控制(20122-275060-1),2012227506052225,,3,,19,"1-17周,1-17周",0,"周运森,辛博","1-17周 周一 第2节-第4节 逸A-213,1-17周 周一 第5节-第6节 ",4.0,工程管理学院,否,,"周一,周一",2012-2013-2,,2012227506052225,2010工程管理学院自动化,0,仙林校区,2012-2013学年 第2学期,52225,"逸A-213,基础实验楼乙524",,否,,,,,,0,工业过程控制,15,"第2节-第4节,第5节-第6节",逸夫楼A区,275060
48.0,400240,计算机控制(20122-275070-1),2012227507052226,,3,,9,1-17周,0,李维,1-17周 周五 第2节-第4节 仙Ⅱ-115,3.0,工程管理学院,否,,周五,2012-2013-2,,2012227507052226,2010工程管理学院自动化,0,仙林校区,2012-2013学年 第2学期,52226,仙Ⅱ-115,,否,,,,,,0,计算机控制,12,第2节-第4节,仙II区,275070
48.0,400240,高级编程语言(20122-275080-1),2012227508052221,,3,,26,"1-17周,1-17周",0,杨佩,"1-17周 周四 第1节-第2节 ,1-17周 周四 第3节-第4节 ",3.0,工程管理学院,否,,"周四,周四",2012-2013-2,,2012227508052221,2010工程管理学院自动化,0,仙林校区,2012-2013学年 第2学期,52221,"基础实验楼乙418,基础实验楼乙418",,否,,,,,,0,高级编程语言,,"第1节-第2节,第3节-第4节",,275080
48.0,400240,系统辨识与自适应控制(20122-275130-1),2012227513052245,,1,,6,1-17周,0,朱张青,1-17周 周一 第5节-第7节 教204,3.0,工程管理学院,否,,周一,2012-2013-2,,2012227513052245,2009工程管理学院自动化,0,鼓楼校区,2012-2013学年 第2学期,52245,教204,,否,,,,,,0,系统辨识与自适应控制,1,第5节-第7节,教学楼,275130
16.0,400240,光电技术实验(20122-276020T-1),20122276020T52227,,3,,24,1-17周,0,郭亚敏,1-17周 周五 第5节-第6节 ,1.0,工程管理学院,否,,周五,2012-2013-2,,20122276020T52227,2010工程管理学院信息工程,0,仙林校区,2012-2013学年 第2学期,52227,基础实验楼乙331,,否,,,,,,0,光电技术实验,,第5节-第6节,,276020T
32.0,400240,光通信原理与技术(20122-276030-1),2012227603052228,,3,,24,1-17周,0,许国良,1-17周 周二 第5节-第6节 仙Ⅱ-113,2.0,工程管理学院,否,,周二,2012-2013-2,,2012227603052228,2010工程管理学院信息工程,0,仙林校区,2012-2013学年 第2学期,52228,仙Ⅱ-113,,否,,,,,,0,光通信原理与技术,12,第5节-第6节,仙II区,276030
16.0,400240,光通信原理与技术实验(20122-276030T-1),20122276030T52229,,3,,22,1-17周,0,郭亚敏,1-17周 周二 第7节-第8节 ,1.0,工程管理学院,否,,周二,2012-2013-2,,20122276030T52229,2010工程管理学院信息工程,0,仙林校区,2012-2013学年 第2学期,52229,基础实验楼乙409、418,,否,,,,,,0,光通信原理与技术实验,,第7节-第8节,,276030T
32.0,400240,通信原理(20122-276050-1),2012227605052230,,3,,22,1-17周,0,李密,1-17周 周一 第1节-第2节 仙Ⅱ-111,2.0,工程管理学院,否,,周一,2012-2013-2,,2012227605052230,2010工程管理学院信息工程,0,仙林校区,2012-2013学年 第2学期,52230,仙Ⅱ-111,,否,,,,,,0,通信原理,12,第1节-第2节,仙II区,276050
16.0,400240,通信原理实验(20122-276050A-1),20122276050A52231,,3,,22,1-17周,0,李密,1-17周 周一 第3节-第4节 ,1.0,工程管理学院,否,,周一,2012-2013-2,,20122276050A52231,2010工程管理学院信息工程,0,仙林校区,2012-2013学年 第2学期,52231,基础实验楼乙409、418,,否,,,,,,0,通信原理实验,,第3节-第4节,,276050A
48.0,400240,数字图像处理(20122-276100-1),2012227610052233,,3,,22,1-17周,0,路元刚,1-17周 周一 第5节-第7节 仙Ⅱ-102,3.0,工程管理学院,否,,周一,2012-2013-2,,2012227610052233,2010工程管理学院信息工程,0,仙林校区,2012-2013学年 第2学期,52233,仙Ⅱ-102,,否,,,,,,0,数字图像处理,12,第5节-第7节,仙II区,276100
32.0,400240,光网络(20122-276140-1),2012227614052251,,1,,3,1-17周,0,许国良,1-17周 周四 第3节-第4节 教204,2.0,工程管理学院,否,,周四,2012-2013-2,,2012227614052251,2009工程管理学院信息工程,0,鼓楼校区,2012-2013学年 第2学期,52251,教204,,否,,,,,,0,光网络,1,第3节-第4节,教学楼,276140
32.0,400240,光学测量技术与应用(20122-276160-1),2012227616052234,,3,,22,1-17周,0,王峰,1-17周 周五 第3节-第4节 仙Ⅱ-114,2.0,工程管理学院,否,,周五,2012-2013-2,,2012227616052234,2010工程管理学院信息工程,0,仙林校区,2012-2013学年 第2学期,52234,仙Ⅱ-114,,否,,,,,,0,光学测量技术与应用,12,第3节-第4节,仙II区,276160
48.0,400260,现代汉语(下)(20122-280010B-1),20122280010B52116,,3,,28,1-17周,0,徐昌火,1-17周 周四 第5节-第6节 仙Ⅱ-216,3.0,海外教育学院,否,,周四,2012-2013-2,,20122280010B52116,2012海外教育学院海外教育类,0,仙林校区,2012-2013学年 第2学期,52116,仙Ⅱ-216,,否,,,,,,0,现代汉语(下),12,第5节-第6节,仙II区,280010B
32.0,400260,中国现当代文学(下)(20122-280020B-1),20122280020B52137,,3,,0,,0,,,2.0,海外教育学院,否,,,2012-2013-2,,20122280020B52137,2010海外教育学院海外教育类,0,仙林校区,2012-2013学年 第2学期,52137,,,否,,,,,,0,中国现当代文学(下),,,,280020B
32.0,400260,中国现当代文学(下)(20122-280020B-1),20122280020B52147,,3,,32,1-17周,0,丁芳芳,1-17周 周四 第5节-第6节 仙Ⅱ-217,2.0,海外教育学院,否,,周四,2012-2013-2,,20122280020B52147,2011海外教育学院海外教育类,0,仙林校区,2012-2013学年 第2学期,52147,仙Ⅱ-217,,否,,,,,,0,中国现当代文学(下),12,第5节-第6节,仙II区,280020B
128.0,400260,综合汉语(二)(20122-280110B-1),20122280110B52169,,1,,6,"1-17周,1-17周,1-17周,1-17周",0,宫辰,"1-17周 周二 第3节-第4节 ,1-17周 周五 第3节-第4节 ,1-17周 周四 第3节-第4节 ,1-17周 周三 第3节-第4节 ",8.0,海外教育学院,否,,"周二,周三,周四,周五",2012-2013-2,,20122280110B52169,2012海外教育学院汉语言,0,鼓楼校区,2012-2013学年 第2学期,52169,"曾宪梓楼310,曾宪梓楼310,曾宪梓楼310,曾宪梓楼310",,否,,,,,,0,综合汉语(二),,"第3节-第4节,第3节-第4节,第3节-第4节,第3节-第4节",,280110B
128.0,400260,综合汉语(二)(20122-280110B-2),20122280110B52170,,1,,1,"1-17周,1-17周,1-17周,1-17周",0,张斌,"1-17周 周二 第1节-第2节 ,1-17周 周四 第5节-第6节 ,1-17周 周一 第3节-第4节 ,1-17周 周三 第1节-第2节 ",8.0,海外教育学院,否,,"周一,周二,周三,周四",2012-2013-2,,20122280110B52170,2012海外教育学院汉语言,0,鼓楼校区,2012-2013学年 第2学期,52170,"曾宪梓楼312,曾宪梓楼312,曾宪梓楼312,曾宪梓楼312",,否,,,,,,0,综合汉语(二),,"第3节-第4节,第1节-第2节,第1节-第2节,第5节-第6节",,280110B
128.0,400260,综合汉语(四)(20122-280110D-1),20122280110D52383,,1,,19,"1-17周,1-17周,1-17周,1-17周",0,杨雪丽,"1-17周 周二 第1节-第2节 ,1-17周 周四 第3节-第4节 ,1-17周 周一 第3节-第4节 ,1-17周 周三 第1节-第2节 ",8.0,海外教育学院,否,,"周一,周二,周三,周四",2012-2013-2,,20122280110D52383,2011海外教育学院汉语言,0,鼓楼校区,2012-2013学年 第2学期,52383,"曾宪梓楼326,曾宪梓楼326,曾宪梓楼326,曾宪梓楼326",,否,,,,,,0,综合汉语(四),,"第3节-第4节,第1节-第2节,第1节-第2节,第3节-第4节",,280110D
96.0,400260,汉语口语(二)(20122-280120B-1),20122280120B52269,,1,,7,"1-17周,1-17周,1-17周",0,李春享,"1-17周 周三 第1节-第2节 ,1-17周 周一 第3节-第4节 ,1-17周 周五 第1节-第2节 ",6.0,海外教育学院,否,,"周一,周三,周五",2012-2013-2,,20122280120B52269,2012海外教育学院汉语言,0,鼓楼校区,2012-2013学年 第2学期,52269,"曾宪梓楼310,曾宪梓楼310,曾宪梓楼310",,否,,,,,,0,汉语口语(二),,"第3节-第4节,第1节-第2节,第1节-第2节",,280120B
96.0,400260,汉语口语(二)(20122-280120B-2),20122280120B52276,,1,,2,"1-17周,1-17周,1-17周",0,李春享,"1-17周 周四 第1节-第2节 ,1-17周 周五 第3节-第4节 ,1-17周 周二 第3节-第4节 ",6.0,海外教育学院,否,,"周二,周四,周五",2012-2013-2,,20122280120B52276,2012海外教育学院汉语言,0,鼓楼校区,2012-2013学年 第2学期,52276,"曾宪梓楼312,曾宪梓楼312,曾宪梓楼312",,否,,,,,,0,汉语口语(二),,"第3节-第4节,第1节-第2节,第3节-第4节",,280120B
96.0,400260,汉语口语(四)(20122-280120D-1),20122280120D52384,,1,,20,"1-17周,1-17周,1-17周",0,朱文,"1-17周 周一 第1节-第2节 ,1-17周 周五 第3节-第4节 ,1-17周 周四 第1节-第2节 ",6.0,海外教育学院,否,,"周一,周四,周五",2012-2013-2,,20122280120D52384,2011海外教育学院汉语言,0,鼓楼校区,2012-2013学年 第2学期,52384,"曾宪梓楼326,曾宪梓楼326,曾宪梓楼326",,否,,,,,,0,汉语口语(四),,"第1节-第2节,第1节-第2节,第3节-第4节",,280120D
64.0,400260,汉语听力(二)(20122-280130B-1),20122280130B52270,,1,,6,"1-17周,1-17周",0,丁芳芳,"1-17周 周二 第1节-第2节 ,1-17周 周四 第1节-第2节 ",4.0,海外教育学院,否,,"周二,周四",2012-2013-2,,20122280130B52270,2012海外教育学院汉语言,0,鼓楼校区,2012-2013学年 第2学期,52270,"曾宪梓楼203,曾宪梓楼203",,否,,,,,,0,汉语听力(二),,"第1节-第2节,第1节-第2节",,280130B
64.0,400260,汉语听力(二)(20122-280130B-2),20122280130B52275,,1,,2,"1-17周,1-17周",0,陈云云,"1-17周 周一 第1节-第2节 ,1-17周 周五 第1节-第2节 ",4.0,海外教育学院,否,,"周一,周五",2012-2013-2,,20122280130B52275,2012海外教育学院汉语言,0,鼓楼校区,2012-2013学年 第2学期,52275,"曾宪梓楼203,曾宪梓楼203",,否,,,,,,0,汉语听力(二),,"第1节-第2节,第1节-第2节",,280130B
64.0,400260,汉语听力(四)(20122-280130D-1),20122280130D52385,,1,,18,"1-17周,1-17周",0,李茉莉,"1-17周 周二 第3节-第4节 ,1-17周 周三 第3节-第4节 ",4.0,海外教育学院,否,,"周二,周三",2012-2013-2,,20122280130D52385,2011海外教育学院汉语言,0,鼓楼校区,2012-2013学年 第2学期,52385,"曾宪梓楼203,曾宪梓楼203",,否,,,,,,0,汉语听力(四),,"第3节-第4节,第3节-第4节",,280130D
32.0,400260,汉语写作(二)(20122-280140B-1),20122280140B52271,,1,,8,1-17周,0,赵莉,1-17周 周四 第5节-第6节 ,2.0,海外教育学院,否,,周四,2012-2013-2,,20122280140B52271,2012海外教育学院汉语言,0,鼓楼校区,2012-2013学年 第2学期,52271,曾宪梓楼310,,否,,,,,,0,汉语写作(二),,第5节-第6节,,280140B
32.0,400260,汉语写作(二)(20122-280140B-2),20122280140B52274,,1,,1,1-17周,0,孙敏,1-17周 周四 第3节-第4节 ,2.0,海外教育学院,否,,周四,2012-2013-2,,20122280140B52274,2012海外教育学院汉语言,0,鼓楼校区,2012-2013学年 第2学期,52274,曾宪梓楼312,,否,,,,,,0,汉语写作(二),,第3节-第4节,,280140B
32.0,400260,汉语写作(四)(20122-280140D-1),20122280140D52386,,1,,20,1-17周,0,徐昌火,1-17周 周五 第1节-第2节 ,2.0,海外教育学院,否,,周五,2012-2013-2,,20122280140D52386,2011海外教育学院汉语言,0,鼓楼校区,2012-2013学年 第2学期,52386,曾宪梓楼326,,否,,,,,,0,汉语写作(四),,第1节-第2节,,280140D
32.0,400260,报刊阅读(二)(20122-280150B-1),20122280150B52272,,1,,6,1-17周,0,张海林,1-17周 周一 第1节-第2节 ,2.0,海外教育学院,否,,周一,2012-2013-2,,20122280150B52272,2012海外教育学院汉语言,0,鼓楼校区,2012-2013学年 第2学期,52272,曾宪梓楼310,,否,,,,,,0,报刊阅读(二),,第1节-第2节,,280150B
32.0,400260,报刊阅读(二)(20122-280150B-2),20122280150B52273,,1,,2,1-17周,0,张海林,1-17周 周三 第3节-第4节 ,2.0,海外教育学院,否,,周三,2012-2013-2,,20122280150B52273,2012海外教育学院汉语言,0,鼓楼校区,2012-2013学年 第2学期,52273,曾宪梓楼312,,否,,,,,,0,报刊阅读(二),,第3节-第4节,,280150B
48.0,400260,中国概况(20122-280170-1),2012228017052387,,1,,64,"1-17周,1-17周",0,吴琼,"1-17周 周四 第5节-第6节 馆2-207,1-17周 周五 第5节-第6节 馆2-207",3.0,海外教育学院,否,,"周四,周五",2012-2013-2,,2012228017052387,2011海外教育学院汉语言,0,鼓楼校区,2012-2013学年 第2学期,52387,"馆2-207,馆2-207",,否,,,,,,0,中国概况,8,"第5节-第6节,第5节-第6节",逸夫馆,280170
48.0,400260,韩汉翻译（下）(20122-28018B-1),2012228018B52388,,1,,18,1-17周,0,赵莉,1-17周 周一 第5节-第7节 馆2-207,3.0,海外教育学院,否,,周一,2012-2013-2,,2012228018B52388,2010海外教育学院汉语言,0,鼓楼校区,2012-2013学年 第2学期,52388,馆2-207,,否,,,,,,0,韩汉翻译（下）,8,第5节-第7节,逸夫馆,28018B
32.0,400260,中文电脑编辑（下）(20122-28019B-1),2012228019B52391,,1,,20,1-17周,0,宫辰,1-17周 周四 第5节-第6节 ,2.0,海外教育学院,否,,周四,2012-2013-2,,2012228019B52391,2010海外教育学院汉语言,0,鼓楼校区,2012-2013学年 第2学期,52391,曾宪梓楼305,,否,,,,,,0,中文电脑编辑（下）,,第5节-第6节,,28019B
32.0,400260,当代中国经济(20122-28021-1),201222802152390,,1,,19,1-17周,0,吕雪晶,1-17周 周二 第3节-第4节 馆2-207,2.0,海外教育学院,否,,周二,2012-2013-2,,201222802152390,2010海外教育学院汉语言,0,鼓楼校区,2012-2013学年 第2学期,52390,馆2-207,,否,,,,,,0,当代中国经济,8,第3节-第4节,逸夫馆,28021
96.0,400260,综合高级汉语（上）(20122-28022A-1),2012228022A52392,,1,,19,"1-17周,1-17周,1-17周,1-17周",0,,"1-17周 周一 第3节-第4节 馆2-207,1-17周 周二 第5节-第6节 馆2-207,1-17周 周四 第3节-第4节 馆2-207,1-17周 周三 第3节-第4节 馆2-207",6.0,海外教育学院,否,,"周一,周三,周四,周二",2012-2013-2,,2012228022A52392,2010海外教育学院汉语言,0,鼓楼校区,2012-2013学年 第2学期,52392,"馆2-207,馆2-207,馆2-207,馆2-207",,否,,,,,,0,综合高级汉语（上）,8,"第3节-第4节,第3节-第4节,第3节-第4节,第5节-第6节",逸夫馆,28022A
32.0,400260,语言学概论(20122-28023-1),201222802352393,,1,,20,1-17周,0,朱文,1-17周 周三 第1节-第2节 馆2-207,2.0,海外教育学院,否,,周三,2012-2013-2,,201222802352393,2010海外教育学院汉语言,0,鼓楼校区,2012-2013学年 第2学期,52393,馆2-207,,否,,,,,,0,语言学概论,8,第1节-第2节,逸夫馆,28023
48.0,400260,中国旅游地理(20122-28025-1),201222802552394,,1,,19,1-17周,0,伍贻业,1-17周 周五 第1节-第3节 馆2-207,3.0,海外教育学院,否,,周五,2012-2013-2,,201222802552394,2010海外教育学院汉语言,0,鼓楼校区,2012-2013学年 第2学期,52394,馆2-207,,否,,,,,,0,中国旅游地理,8,第1节-第3节,逸夫馆,28025
16.0,400260,毕业论文写作讲座(20122-28027-1),201222802752395,,1,,8,2-18周(双),0,汪天源,2-18周(双) 周二 第5节-第6节 ,1.0,海外教育学院,否,,周二,2012-2013-2,,201222802752395,2009海外教育学院汉语言,0,鼓楼校区,2012-2013学年 第2学期,52395,曾宪梓楼326,,否,,,,,,0,毕业论文写作讲座,,第5节-第6节,,28027
64.0,400260,本院或外系课程(20122-28029-1),201222802952396,,1,,0,,0,,,4.0,海外教育学院,否,,,2012-2013-2,,201222802952396,2009海外教育学院汉语言,0,鼓楼校区,2012-2013学年 第2学期,52396,,,否,,,,,,0,本院或外系课程,,,,28029
96.0,400260,学士学位论文(20122-28030-1),201222803052398,,1,,9,,0,,,6.0,海外教育学院,否,,,2012-2013-2,,201222803052398,2009海外教育学院汉语言,0,鼓楼校区,2012-2013学年 第2学期,52398,,,否,,,,,,0,学士学位论文,,,,28030
48.0,400260,日汉翻译（下）(20122-28033B-1),2012228033B52389,,1,,18,1-17周,0,李茉莉,1-17周 周一 第5节-第7节 ,3.0,海外教育学院,否,,周一,2012-2013-2,,2012228033B52389,2010海外教育学院汉语言,0,鼓楼校区,2012-2013学年 第2学期,52389,曾宪梓楼326,,否,,,,,,0,日汉翻译（下）,,第5节-第7节,,28033B
32.0,400260,当代中国对外政策(20122-28054-1),201222805452399,,1,,0,1-17周,0,杨冬燕,1-17周 周四 第3节-第4节 ,2.0,海外教育学院,否,,周四,2012-2013-2,,201222805452399,2009海外教育学院汉语言,0,鼓楼校区,2012-2013学年 第2学期,52399,曾宪梓楼307,,否,,,,,,0,当代中国对外政策,,第3节-第4节,,28054
32.0,400260,古代汉语(下)(20122-282020B-1),20122282020B52148,,3,,62,1-17周,0,殷晓明,1-17周 周一 第3节-第4节 仙Ⅱ-213,2.0,海外教育学院,否,,周一,2012-2013-2,,20122282020B52148,"2010海外教育学院海外教育类,2011海外教育学院海外教育类",0,仙林校区,2012-2013学年 第2学期,52148,仙Ⅱ-213,,否,,,,,,0,古代汉语(下),12,第3节-第4节,仙II区,282020B
48.0,400260,中国古代文学(下)(20122-282030B-1),20122282030B52149,,3,,63,1-17周,0,张斌,1-17周 周五 第1节-第3节 仙Ⅱ-117,3.0,海外教育学院,否,,周五,2012-2013-2,,20122282030B52149,"2010海外教育学院海外教育类,2011海外教育学院海外教育类",0,仙林校区,2012-2013学年 第2学期,52149,仙Ⅱ-117,,否,,,,,,0,中国古代文学(下),12,第1节-第3节,仙II区,282030B
32.0,400260,语言学概论(20122-282040-1),2012228204052152,,3,,30,1-17周,0,陈佩秋,1-17周 周二 第5节-第6节 仙Ⅱ-301,2.0,海外教育学院,否,,周二,2012-2013-2,,2012228204052152,2011海外教育学院海外教育类,0,仙林校区,2012-2013学年 第2学期,52152,仙Ⅱ-301,,否,,,,,,0,语言学概论,12,第5节-第6节,仙II区,282040
32.0,400260,外国文学(下)(20122-282050B-1),20122282050B52156,,3,,42,1-17周,0,孙敏,1-17周 周五 第5节-第6节 仙Ⅱ-216,2.0,海外教育学院,否,,周五,2012-2013-2,,20122282050B52156,2010海外教育学院海外教育类,0,仙林校区,2012-2013学年 第2学期,52156,仙Ⅱ-216,,否,,,,,,0,外国文学(下),12,第5节-第6节,仙II区,282050B
32.0,400260,对外汉语教学概论(20122-282060-1),2012228206052157,,3,,37,1-17周,0,"朱文,曹贤文",1-17周 周四 第5节-第6节 仙Ⅱ-301,2.0,海外教育学院,否,,周四,2012-2013-2,,2012228206052157,2010海外教育学院海外教育类,0,仙林校区,2012-2013学年 第2学期,52157,仙Ⅱ-301,,否,,,,,,0,对外汉语教学概论,12,第5节-第6节,仙II区,282060
32.0,400260,跨文化交际(20122-282230-1),2012228223052151,,3,,65,1-17周,0,卢微一,1-17周 周一 第5节-第6节 仙Ⅱ-213,2.0,海外教育学院,否,,周一,2012-2013-2,,2012228223052151,"2010海外教育学院海外教育类,2011海外教育学院海外教育类",0,仙林校区,2012-2013学年 第2学期,52151,仙Ⅱ-213,,否,,,,,,0,跨文化交际,12,第5节-第6节,仙II区,282230
32.0,400260,高级英文写作(20122-282360-1),2012228236052153,,3,,31,1-17周,0,杨柳,1-17周 周二 第3节-第4节 逸C-404,2.0,海外教育学院,否,,周二,2012-2013-2,,2012228236052153,2011海外教育学院海外教育类,0,仙林校区,2012-2013学年 第2学期,52153,逸C-404,,否,,,,,,0,英文写作,17,第3节-第4节,逸夫楼C区,282360
32.0,400260,英汉翻译(20122-282380-1),2012228238052158,,3,,34,1-17周,0,杨柳,1-17周 周四 第3节-第4节 逸C-404,2.0,海外教育学院,否,,周四,2012-2013-2,,2012228238052158,2010海外教育学院海外教育类,0,仙林校区,2012-2013学年 第2学期,52158,逸C-404,,否,,,,,,0,英汉翻译,17,第3节-第4节,逸夫楼C区,282380
32.0,400260,中国文化概论(20122-282460-1),2012228246052161,,3,,12,1-17周,0,吴琼,1-17周 周二 第3节-第4节 逸B-304,2.0,海外教育学院,否,,周二,2012-2013-2,,2012228246052161,2010海外教育学院海外教育类,0,仙林校区,2012-2013学年 第2学期,52161,逸B-304,,否,,,,,,0,中国文化概论,16,第3节-第4节,逸夫楼B区,282460
32.0,400260,词汇学(20122-282510-1),2012228251052167,,1,,4,1-17周,0,杨雪丽,1-17周 周一 第1节-第2节 ,2.0,海外教育学院,否,,周一,2012-2013-2,,2012228251052167,,0,鼓楼校区,2012-2013学年 第2学期,52167,曾宪梓楼312,,否,,,,,,0,词汇学,,第1节-第2节,,282510
32.0,400260,第二语言习得(20122-282520-1),2012228252052168,,1,,1,,0,,,2.0,海外教育学院,否,,,2012-2013-2,,2012228252052168,,0,鼓楼校区,2012-2013学年 第2学期,52168,,,否,,,,,,0,第二语言习得,,,,282520
32.0,400260,二外日语(20122-282540B-1),20122282540B52162,,3,,12,1-17周,0,李茉莉,1-17周 周二 第5节-第6节 逸B-304,2.0,海外教育学院,否,,周二,2012-2013-2,,20122282540B52162,2010海外教育学院海外教育类,0,仙林校区,2012-2013学年 第2学期,52162,逸B-304,,否,,,,,,0,二外日语,16,第5节-第6节,逸夫楼B区,282540B
32.0,400260,毕业实习(20122-282610-1),2012228261052165,,1,,28,,0,,,2.0,海外教育学院,否,,,2012-2013-2,,2012228261052165,,0,鼓楼校区,2012-2013学年 第2学期,52165,,,否,,,,,,0,毕业实习,,,,282610
96.0,400260,毕业论文(20122-282620-1),2012228262052166,,1,,28,,0,,,6.0,海外教育学院,否,,,2012-2013-2,,2012228262052166,,0,鼓楼校区,2012-2013学年 第2学期,52166,,,否,,,,,,0,毕业论文,,,,282620
96.0,400260,简明微积分(下)(20122-283002B-1),20122283002B52171,,3,,27,"1-17周,1-17周",0,吴婷,"1-17周 周三 第2节-第4节 仙Ⅱ-112,1-17周 周二 第5节-第7节 仙Ⅱ-211",6.0,海外教育学院,否,,"周二,周三",2012-2013-2,,20122283002B52171,2010海外教育学院汉语言,0,仙林校区,2012-2013学年 第2学期,52171,"仙Ⅱ-211,仙Ⅱ-112",,否,,,,,,0,简明微积分(下),12,"第5节-第7节,第2节-第4节",仙II区,283002B
32.0,400280,设计基础（二）(20122-291010B-1),20122291010B51070,,1,,37,1-17周,0,邬烈炎,1-17周 周五 第5节-第8节 ,2.0,建筑与城市规划学院,否,,周五,2012-2013-2,,20122291010B51070,2012建筑与城市规划学院建筑学,0,鼓楼校区,2012-2013学年 第2学期,51070,南艺设计学院设计教室,,否,,,,,,0,设计基础（二）,,第5节-第8节,,291010B
64.0,400280,建筑设计（一）(20122-291021-1),2012229102151437,,1,,35,"1-17周,1-17周",0,"刘铨,冷天","1-17周 周二 第5节-第6节 ,1-17周 周五 第5节-第8节 ",4.0,建筑与城市规划学院,否,,"周二,周五",2012-2013-2,,2012229102151437,2011建筑与城市规划学院建筑学,0,鼓楼校区,2012-2013学年 第2学期,51437,"费A102,费A102",,否,,,,,,0,建筑设计（一）,,"第5节-第6节,第5节-第8节",,291021
32.0,400280,中国建筑史（古代）(20122-291040-1),2012229104051438,,1,,36,1-17周,0,肖红颜,1-17周 周二 第3节-第4节 教212,2.0,建筑与城市规划学院,否,,周二,2012-2013-2,,2012229104051438,2011建筑与城市规划学院建筑学,0,鼓楼校区,2012-2013学年 第2学期,51438,教212,,否,,,,,,0,中国建筑史（古代）,1,第3节-第4节,教学楼,291040
64.0,400280,建筑设计（三）(20122-291140-1),2012229114051885,,1,,29,"1-9周,1-9周",0,"王丹丹,华晓宁,窦平平","1-9周 周二 第3节-第6节 ,1-9周 周三 第3节-第6节 ",4.0,建筑与城市规划学院,否,,"周二,周三",2012-2013-2,,2012229114051885,2010建筑与城市规划学院建筑学,0,鼓楼校区,2012-2013学年 第2学期,51885,"费A102,费A102",,否,,,,,,0,建筑设计（三）,,"第3节-第6节,第3节-第6节",,291140
64.0,400280,建筑设计（四）(20122-291150-1),2012229115051886,,1,,29,"10-17周,10-17周",0,"窦平平,王丹丹,华晓宁","10-17周 周二 第3节-第6节 ,10-17周 周三 第3节-第6节 ",4.0,建筑与城市规划学院,否,,"周二,周三",2012-2013-2,,2012229115051886,2010建筑与城市规划学院建筑学,0,鼓楼校区,2012-2013学年 第2学期,51886,"费A102,费A102",,否,,,,,,0,建筑设计（四）,,"第3节-第6节,第3节-第6节",,291150
32.0,400280,居住区规划和居住建筑设计原理(20122-291160-1),2012229116051884,,1,,28,1-17周,0,"刘铨,冷天",1-17周 周二 第1节-第2节 费A-304,2.0,建筑与城市规划学院,否,,周二,2012-2013-2,,2012229116051884,2010建筑与城市规划学院建筑学,0,鼓楼校区,2012-2013学年 第2学期,51884,费A-304,,否,,,,,,0,居住区规划和居住建筑设计原理,31,第1节-第2节,费彝民楼,291160
32.0,400280,建筑技术（二）---声光热(20122-291170-1),2012229117051887,,1,,27,1-17周,0,吴蔚,1-17周 周四 第3节-第4节 费A-304,2.0,建筑与城市规划学院,否,,周四,2012-2013-2,,2012229117051887,2010建筑与城市规划学院建筑学,0,鼓楼校区,2012-2013学年 第2学期,51887,费A-304,,否,,,,,,0,建筑技术[二]---声光热,31,第3节-第4节,费彝民楼,291170
32.0,400280,建筑技术（三）---水电暖(20122-291180-1),2012229118051888,,1,,27,1-17周,0,吴蔚,1-17周 周三 第7节-第8节 费A-304,2.0,建筑与城市规划学院,否,,周三,2012-2013-2,,2012229118051888,2010建筑与城市规划学院建筑学,0,鼓楼校区,2012-2013学年 第2学期,51888,费A-304,,否,,,,,,0,建筑技术[三]---水电暖,31,第7节-第8节,费彝民楼,291180
160.0,400280,毕业设计(20122-291220-1),2012229122051890,,1,,33,1-17周,0,赵辰,1-17周 自由时间 - ,10.0,建筑与城市规划学院,否,,自由时间,2012-2013-2,,2012229122051890,2009建筑与城市规划学院建筑学,0,鼓楼校区,2012-2013学年 第2学期,51890,无,,否,,,,,,0,毕业设计,,自由时间,,291220
32.0,400280,建筑师业务基础知识(20122-291602-1),2012229160251891,,1,,33,1-17周,0,赵辰,1-17周 周四 第3节-第4节 ,2.0,建筑与城市规划学院,否,,周四,2012-2013-2,,2012229160251891,2009建筑与城市规划学院建筑学,0,鼓楼校区,2012-2013学年 第2学期,51891,蒙民伟楼 1003,,否,,,,,,0,建筑师业务基础知识,,第3节-第4节,,291602
48.0,400280,城乡规划原理（4）总体规划课程设计(20122-292040-1),2012229204051372,,1,,44,"1-17周,1-17周",0,"罗震东,王红扬,葛幼松","1-17周 周二 第3节-第4节 ,1-17周 周四 第5节-第7节 ",3.0,建筑与城市规划学院,否,,"周二,周四",2012-2013-2,,2012229204051372,2009建筑与城市规划学院城市规划,0,鼓楼校区,2012-2013学年 第2学期,51372,"教402/404/406,教402/404/406",,否,,,,,,0,城乡规划原理（4）总体规划,,"第3节-第4节,第5节-第7节",,292040
32.0,400280,美术（2）(20122-292120B-1),20122292120B51357,,3,,42,10-17周,0,许浩,10-17周 周三 第5节-第8节 ,2.0,建筑与城市规划学院,否,,周三,2012-2013-2,,20122292120B51357,2012建筑与城市规划学院城市规划,0,仙林校区,2012-2013学年 第2学期,51357,户外,,否,,,,,,0,美术（2）,,第5节-第8节,,292120B
32.0,400280,外国城市发展建设史(20122-292178-1),2012229217851370,,1,,46,1-17周,0,刘贤腾,1-17周 周二 第5节-第6节 馆1-104,2.0,建筑与城市规划学院,否,,周二,2012-2013-2,,2012229217851370,2010建筑与城市规划学院城市规划,0,鼓楼校区,2012-2013学年 第2学期,51370,馆1-104,,否,,,,,,0,外国城市发展建设史,8,第5节-第6节,逸夫馆,292178
32.0,400280,人文地理学(20122-292220-1),2012229222051356,,3,,169,1-17周,0,"尹海伟,张敏",1-17周 周一 第9节-第10节 图书馆125,2.0,建筑与城市规划学院,否,,周一,2012-2013-2,,2012229222051356,"2012地理与海洋科学学院地理科学类,2012建筑与城市规划学院城市规划,2012地理与海洋科学学院地理科学",0,仙林校区,2012-2013学年 第2学期,51356,图书馆125,,否,,,,,,0,人文地理学,18,第9节-第10节,图书馆,292220
48.0,000000,政治经济学（下）(20122-340005B-1),20122340005B53442,,3,,349,3-17周,0,第二专业—政治经济学教师,3-17周 周六 第5节-第7节 ,3.0,公共课程,否,,周六,2012-2013-2,,20122340005B53442,,0,仙林校区,2012-2013学年 第2学期,53442,无,,否,,,,,,0,政治经济学（下）,,第5节-第7节,,340005B
48.0,000000,国际贸易(20122-340008-1),2012234000853441,,3,,211,1-17周,0,第二专业—国际贸易老师,1-17周 周六 第5节-第7节 ,3.0,公共课程,否,,周六,2012-2013-2,,2012234000853441,,0,仙林校区,2012-2013学年 第2学期,53441,无,,否,,,,,,0,国际贸易,,第5节-第7节,,340008
48.0,000000,统计学(20122-340009-1),2012234000953440,,3,,288,1-17周,0,第二专业—统计学老师,1-17周 周六 第2节-第4节 ,3.0,公共课程,否,,周六,2012-2013-2,,2012234000953440,,0,仙林校区,2012-2013学年 第2学期,53440,无,,否,,,,,,0,统计学,,第2节-第4节,,340009
48.0,000000,财务管理(20122-340011-1),2012234001153445,,3,,118,1-17周,0,第二专业—财务管理老师,1-17周 周日 第2节-第4节 ,3.0,公共课程,否,,周日,2012-2013-2,,2012234001153445,,0,仙林校区,2012-2013学年 第2学期,53445,无,,否,,,,,,0,财务管理,,第2节-第4节,,340011
64.0,000000,财务会计(20122-340016-1),2012234001653444,,3,,123,1-17周,0,第二专业—财务会计,1-17周 周六 第5节-第8节 ,4.0,公共课程,否,,周六,2012-2013-2,,2012234001653444,,0,仙林校区,2012-2013学年 第2学期,53444,无,,否,,,,,,0,财务会计,,第5节-第8节,,340016
48.0,000000,概率论与数理统计(20122-340021-1),2012234002153443,,3,,200,1-17周,0,第二专业—概率论老师,1-17周 周日 第5节-第7节 ,3.0,公共课程,否,,周日,2012-2013-2,,2012234002153443,,0,仙林校区,2012-2013学年 第2学期,53443,无,,否,,,,,,0,概率论与数理统计,,第5节-第7节,,340021
48.0,000000,会计信息化与会计控制(20122-340022-1),2012234002253446,,3,,147,1-17周,0,第二专业—会计信息化,1-17周 周日 第5节-第7节 ,3.0,公共课程,否,,周日,2012-2013-2,,2012234002253446,,0,仙林校区,2012-2013学年 第2学期,53446,无,,否,,,,,,0,会计信息化与会计控制,,第5节-第7节,,340022
32.0,000000,经济法学(20122-342006-1),2012234200653448,,3,,72,1-17周,0,第二专业—经济法学老师,1-17周 周六 第5节-第6节 ,2.0,公共课程,否,,周六,2012-2013-2,,2012234200653448,,0,仙林校区,2012-2013学年 第2学期,53448,无,,否,,,,,,0,经济法学,,第5节-第6节,,342006
64.0,000000,民事诉讼法学(20122-342008-1),2012234200853450,,3,,76,1-17周,0,第二专业—民事诉讼法学老师,1-17周 周日 第5节-第8节 ,4.0,公共课程,否,,周日,2012-2013-2,,2012234200853450,,0,仙林校区,2012-2013学年 第2学期,53450,无,,否,,,,,,0,民事诉讼法学,,第5节-第8节,,342008
32.0,000000,法学基础理论（下）(20122-342014B-1),20122342014B53447,,3,,93,1-17周,0,第二专业—法理学教师,1-17周 周六 第2节-第3节 ,2.0,公共课程,否,,周六,2012-2013-2,,20122342014B53447,,0,仙林校区,2012-2013学年 第2学期,53447,无,,否,,,,,,0,法学基础理论（下）,,第2节-第3节,,342014B
32.0,000000,行政法与行政诉讼法（上）(20122-342015A-1),20122342015A53449,,3,,75,1-17周,0,第二专业—行政法老师,1-17周 周日 第2节-第3节 ,2.0,公共课程,否,,周日,2012-2013-2,,20122342015A53449,,0,仙林校区,2012-2013学年 第2学期,53449,无,,否,,,,,,0,行政法与行政诉讼法（上）,,第2节-第3节,,342015A
32.0,000000,西方音乐通论,2012237018053320,,3,,227,2-18周,0,吕晓一,2-18周 周一 第9节-第10节 仙Ⅱ-207,2.0,公共课程,否,,周一,2012-2013-2,,2012237018053320,,0,仙林校区,2012-2013学年 第2学期,53320,仙Ⅱ-207,,否,,,,,,0,西方音乐通论,12,第9节-第10节,仙II区,370180
32.0,000000,影视中的人物心理,2012237030053315,,3,,224,2-18周,0,谈文娟,2-18周 周一 第7节-第8节 仙Ⅱ-207,2.0,公共课程,否,,周一,2012-2013-2,,2012237030053315,,0,仙林校区,2012-2013学年 第2学期,53315,仙Ⅱ-207,,否,,,,,,0,影视中的人物心理,12,第7节-第8节,仙II区,370300
32.0,000000,“周易”与中国文化,2012237033053242,,3,,200,2-18周,0,吴正岚,2-18周 周四 第7节-第8节 仙Ⅰ-319,2.0,公共课程,否,,周四,2012-2013-2,,2012237033053242,,0,仙林校区,2012-2013学年 第2学期,53242,仙Ⅰ-319,,否,,,,,,0,“周易”与中国文化,11,第7节-第8节,仙I区,370330
32.0,000000,中外声乐精品赏析,2012237034053307,,3,,100,2-18周,0,陈晓艳,2-18周 周一 第7节-第8节 逸A-117,2.0,公共课程,否,,周一,2012-2013-2,,2012237034053307,,0,仙林校区,2012-2013学年 第2学期,53307,逸A-117,,否,,,,,,0,中外声乐精品赏析,15,第7节-第8节,逸夫楼A区,370340
32.0,000000,文化人类学导论,2012237039053249,,3,,199,2-18周,0,杨德睿,2-18周 周二 第9节-第10节 图书馆125,2.0,公共课程,否,,周二,2012-2013-2,,2012237039053249,,0,仙林校区,2012-2013学年 第2学期,53249,无,,否,,,,,,0,文化人类学导论,,第9节-第10节,,370390
48.0,000000,社会调研方法,2012237040053243,,1,,192,2-18周,0,范克新,2-18周 周四 第9节-第10节 馆3-201,3.0,公共课程,否,,周四,2012-2013-2,,2012237040053243,,0,鼓楼校区,2012-2013学年 第2学期,53243,馆3-201,,否,,,,,,0,社会调研方法,8,第9节-第10节,逸夫馆,370400
32.0,000000,西方传播思潮,2012237044053300,,3,,200,2-18周,0,胡翼青,2-18周 周二 第7节-第8节 仙Ⅰ-320,2.0,公共课程,否,,周二,2012-2013-2,,2012237044053300,,0,仙林校区,2012-2013学年 第2学期,53300,仙Ⅰ-320,,否,,,,,,0,西方传播思潮,11,第7节-第8节,仙I区,370440
32.0,000000,中国古代社会与古代思想文化,2012237046053286,,1,,179,2-18周,0,申屠炉明,2-18周 周二 第7节-第8节 馆3-101,2.0,公共课程,否,,周二,2012-2013-2,,2012237046053286,,0,鼓楼校区,2012-2013学年 第2学期,53286,馆3-101,,否,,,,,,0,中国古代社会与古代思想文化,8,第7节-第8节,逸夫馆,370460
32.0,000000,中外美术鉴赏,2012237050053273,,3,,247,2-18周,0,杨秀娟,2-18周 周一 第9节-第10节 仙Ⅰ-106,2.0,公共课程,否,,周一,2012-2013-2,,2012237050053273,,0,仙林校区,2012-2013学年 第2学期,53273,仙Ⅰ-106,,否,,,,,,0,中外美术鉴赏,11,第9节-第10节,仙I区,370500
32.0,000000,现代音乐的历史与流派,2012237051053275,,3,,176,2-18周,0,钱君,2-18周 周二 第9节-第10节 逸A-117,2.0,公共课程,否,,周二,2012-2013-2,,2012237051053275,,0,仙林校区,2012-2013学年 第2学期,53275,逸A-117,,否,,,,,,0,现代音乐的历史与流派,15,第9节-第10节,逸夫楼A区,370510
32.0,000000,交响音乐欣赏,2012237052053251,,3,,172,2-18周,0,钱君,2-18周 周一 第9节-第10节 逸A-117,2.0,公共课程,否,,周一,2012-2013-2,,2012237052053251,,0,仙林校区,2012-2013学年 第2学期,53251,逸A-117,,否,,,,,,0,交响音乐欣赏,15,第9节-第10节,逸夫楼A区,370520
32.0,000000,中国经典电影赏析,2012237053053353,,3,,200,2-18周,0,丁珊珊,2-18周 周四 第7节-第8节 仙Ⅰ-207,2.0,公共课程,否,,周四,2012-2013-2,,2012237053053353,,0,仙林校区,2012-2013学年 第2学期,53353,仙Ⅰ-207,,否,,,,,,0,中国经典电影赏析,11,第7节-第8节,仙I区,370530
48.0,000000,市场调研,2012237054053252,,3,,144,2-18周,0,范克新,2-18周 周三 第9节-第10节 仙Ⅰ-524,3.0,公共课程,否,,周三,2012-2013-2,,2012237054053252,,0,仙林校区,2012-2013学年 第2学期,53252,仙Ⅰ-524,,否,,,,,,0,市场调研,11,第9节-第10节,仙I区,370540
32.0,000000,知识产权浅论,2012237056053244,,1,,181,2-18周,0,吴俊华,2-18周 周三 第7节-第8节 馆3-201,2.0,公共课程,否,,周三,2012-2013-2,,2012237056053244,,0,鼓楼校区,2012-2013学年 第2学期,53244,馆3-201,,否,,,,,,0,知识产权浅论,8,第7节-第8节,逸夫馆,370560
32.0,000000,钢琴名曲赏析课,2012237060053334,,1,,193,2-18周,0,范丽甍,2-18周 周二 第9节-第10节 馆3-201,2.0,公共课程,否,,周二,2012-2013-2,,2012237060053334,,0,鼓楼校区,2012-2013学年 第2学期,53334,馆3-201,,否,,,,,,0,钢琴名曲赏析,8,第9节-第10节,逸夫馆,370600
32.0,000000,全球化与区域合作概述,2012237063053357,,3,,136,2-18周,0,郑先武,2-18周 周三 第9节-第10节 仙Ⅱ-403,2.0,公共课程,否,,周三,2012-2013-2,,2012237063053357,,0,仙林校区,2012-2013学年 第2学期,53357,仙Ⅱ-403,,否,,,,,,0,全球化与区域合作概述,12,第9节-第10节,仙II区,370630
32.0,000000,汉传佛教与艺术,2012237064053345,,3,,136,2-18周,0,尚荣,2-18周 周三 第9节-第10节 仙Ⅱ-304,2.0,公共课程,否,,周三,2012-2013-2,,2012237064053345,,0,仙林校区,2012-2013学年 第2学期,53345,仙Ⅱ-304,,否,,,,,,0,汉传佛教与艺术,12,第9节-第10节,仙II区,370640
32.0,000000,免疫与健康,2012237065053358,,1,,193,2-18周,0,沈苏南,2-18周 周四 第7节-第8节 馆3-101,2.0,公共课程,否,,周四,2012-2013-2,,2012237065053358,,0,鼓楼校区,2012-2013学年 第2学期,53358,馆3-101,,否,,,,,,0,免疫与健康,8,第7节-第8节,逸夫馆,370650
64.0,400330,综合英语（二）(20122-410010B-1),20122410010B51445,,3,,28,"1-17周,1-17周",0,刘骎,"1-17周 周一 第1节-第2节 逸B-201,1-17周 周四 第3节-第4节 逸C-201",4.0,大学外语部,否,,"周一,周四",2012-2013-2,,20122410010B51445,2012匡亚明学院应用文科强化班,0,仙林校区,2012-2013学年 第2学期,51445,"逸B-201,逸C-201",,否,,,,,,0,综合英语（二）,"16,17","第1节-第2节,第3节-第4节","逸夫楼B区, 逸夫楼C区",410010B
64.0,400330,综合英语（二）(20122-410010B-2),20122410010B51446,,3,,31,"1-17周,1-17周",0,刘骎,"1-17周 周四 第1节-第2节 逸C-203,1-17周 周一 第3节-第4节 逸C-203",4.0,大学外语部,否,,"周一,周四",2012-2013-2,,20122410010B51446,2012海外教育学院海外教育类,0,仙林校区,2012-2013学年 第2学期,51446,"逸C-203,逸C-203",,否,,,,,,0,综合英语（二）,17,"第3节-第4节,第1节-第2节",逸夫楼C区,410010B
64.0,400330,综合英语（四）(20122-410010D-1),20122410010D51746,,3,,25,"1-17周,1-17周",0,夏珺,"1-17周 周二 第1节-第2节 逸C-202,1-17周 周四 第3节-第4节 逸C-202",4.0,大学外语部,否,,"周二,周四",2012-2013-2,,20122410010D51746,2011匡亚明学院应用文科强化班,0,仙林校区,2012-2013学年 第2学期,51746,"逸C-202,逸C-202",,否,,,,,,0,综合英语（四）,17,"第1节-第2节,第3节-第4节",逸夫楼C区,410010D
0.0,400330,英语视听（二）(20122-410020B-1),20122410020B51447,,3,,26,1-17周,0,戚焱,1-17周 周二 第1节-第2节 逸C-201,0.0,大学外语部,否,,周二,2012-2013-2,,20122410020B51447,2012匡亚明学院应用文科强化班,0,仙林校区,2012-2013学年 第2学期,51447,逸C-201,,否,,,,,,0,英语视听（二）,17,第1节-第2节,逸夫楼C区,410020B
0.0,400330,英语视听（二）(20122-410020B-2),20122410020B51448,,3,,30,1-17周,0,戚焱,1-17周 周二 第3节-第4节 逸C-203,0.0,大学外语部,否,,周二,2012-2013-2,,20122410020B51448,2012海外教育学院海外教育类,0,仙林校区,2012-2013学年 第2学期,51448,逸C-203,,否,,,,,,0,英语视听（二）,17,第3节-第4节,逸夫楼C区,410020B
0.0,400330,英语视听（四）(20122-410020D-1),20122410020D51776,,3,,25,1-17周,0,张燕,1-17周 周五 第1节-第2节 逸C-201,0.0,大学外语部,否,,周五,2012-2013-2,,20122410020D51776,2011匡亚明学院应用文科强化班,0,仙林校区,2012-2013学年 第2学期,51776,逸C-201,,否,,,,,,0,英语视听（四）,17,第1节-第2节,逸夫楼C区,410020D
32.0,400330,英语视听（二）(20122-410021B-1),20122410021B51797,,3,,32,1-17周,0,于江,1-17周 周三 第1节-第2节 逸C-402,2.0,大学外语部,否,,周三,2012-2013-2,,20122410021B51797,,0,仙林校区,2012-2013学年 第2学期,51797,逸C-402,,否,,,,,,0,英语视听（二）,17,第1节-第2节,逸夫楼C区,410021B
32.0,400330,英语视听（二）(20122-410021B-2),20122410021B51798,,3,,32,1-17周,0,于江,1-17周 周三 第3节-第4节 逸C-402,2.0,大学外语部,否,,周三,2012-2013-2,,20122410021B51798,,0,仙林校区,2012-2013学年 第2学期,51798,逸C-402,,否,,,,,,0,英语视听（二）,17,第3节-第4节,逸夫楼C区,410021B
32.0,400330,英语视听（二）(20122-410021B-3),20122410021B51799,,3,,31,1-17周,0,戚焱,1-17周 周四 第1节-第2节 逸C-402,2.0,大学外语部,否,,周四,2012-2013-2,,20122410021B51799,,0,仙林校区,2012-2013学年 第2学期,51799,逸C-402,,否,,,,,,0,英语视听（二）,17,第1节-第2节,逸夫楼C区,410021B
32.0,400330,英语视听（二）(20122-410021B-4),20122410021B51800,,3,,30,1-17周,0,张燕,1-17周 周四 第3节-第4节 逸C-402,2.0,大学外语部,否,,周四,2012-2013-2,,20122410021B51800,,0,仙林校区,2012-2013学年 第2学期,51800,逸C-402,,否,,,,,,0,英语视听（二）,17,第3节-第4节,逸夫楼C区,410021B
32.0,400330,英语视听（二）(20122-410021B-5),20122410021B51801,,3,,30,1-17周,0,戚焱,1-17周 周四 第5节-第6节 逸C-202,2.0,大学外语部,否,,周四,2012-2013-2,,20122410021B51801,2012数学学院数学类,0,仙林校区,2012-2013学年 第2学期,51801,逸C-202,,否,,,,,,0,英语视听（二）,17,第5节-第6节,逸夫楼C区,410021B
32.0,400330,英语视听（二）(20122-410021B-6),20122410021B51802,,3,,20,1-17周,0,李长生,1-17周 周五 第1节-第2节 逸C-402,2.0,大学外语部,否,,周五,2012-2013-2,,20122410021B51802,,0,仙林校区,2012-2013学年 第2学期,51802,逸C-402,,否,,,,,,0,英语视听（二）,17,第1节-第2节,逸夫楼C区,410021B
32.0,400330,英语视听（二）(20122-410021B-7),20122410021B51803,,3,,30,1-17周,0,张燕,1-17周 周五 第3节-第4节 逸C-402,2.0,大学外语部,否,,周五,2012-2013-2,,20122410021B51803,,0,仙林校区,2012-2013学年 第2学期,51803,逸C-402,,否,,,,,,0,英语视听（二）,17,第3节-第4节,逸夫楼C区,410021B
32.0,400330,英语视听（二）(20122-410021B-8),20122410021B51804,,3,,41,1-17周,0,李长生,1-17周 周五 第5节-第6节 逸C-402,2.0,大学外语部,否,,周五,2012-2013-2,,20122410021B51804,,0,仙林校区,2012-2013学年 第2学期,51804,逸C-402,,否,,,,,,0,英语视听（二）,17,第5节-第6节,逸夫楼C区,410021B
32.0,400330,高级英语听说(20122-410022-1),2012241002251786,,3,,34,1-17周,0,外教1-Barbara,1-17周 周三 第3节-第4节 逸C-202,2.0,大学外语部,否,,周三,2012-2013-2,,2012241002251786,2011海外教育学院海外教育类,0,仙林校区,2012-2013学年 第2学期,51786,逸C-202,,否,,,,,,0,高级英语听说,17,第3节-第4节,逸夫楼C区,410022
32.0,400330,英语口语（二）(20122-410030B-1),20122410030B51456,,3,,33,1-17周,0,外教2-Ruth,1-17周 周一 第7节-第8节 逸C-402,2.0,大学外语部,否,,周一,2012-2013-2,,20122410030B51456,,0,仙林校区,2012-2013学年 第2学期,51456,逸C-402,,否,,,,,,0,英语口语（二）,17,第7节-第8节,逸夫楼C区,410030B
32.0,400330,英语口语（二）(20122-410030B-2),20122410030B51457,,3,,30,1-17周,0,外教1-Barbara,1-17周 周三 第5节-第6节 逸C-402,2.0,大学外语部,否,,周三,2012-2013-2,,20122410030B51457,,0,仙林校区,2012-2013学年 第2学期,51457,逸C-402,,否,,,,,,0,英语口语（二）,17,第5节-第6节,逸夫楼C区,410030B
32.0,400330,英语口语（二）(20122-410030B-3),20122410030B51458,,3,,30,1-17周,0,外教2-Ruth,1-17周 周二 第3节-第4节 逸C-402,2.0,大学外语部,否,,周二,2012-2013-2,,20122410030B51458,,0,仙林校区,2012-2013学年 第2学期,51458,逸C-402,,否,,,,,,0,英语口语（二）,17,第3节-第4节,逸夫楼C区,410030B
32.0,400330,英语口语（二）(20122-410030B-4),20122410030B51459,,3,,30,1-17周,0,外教1-Barbara,1-17周 周二 第3节-第4节 逸C-403,2.0,大学外语部,否,,周二,2012-2013-2,,20122410030B51459,,0,仙林校区,2012-2013学年 第2学期,51459,逸C-403,,否,,,,,,0,英语口语（二）,17,第3节-第4节,逸夫楼C区,410030B
32.0,400330,英语口语（二）(20122-410030B-5),20122410030B51460,,3,,30,1-17周,0,外教2-Ruth,1-17周 周二 第5节-第6节 逸C-202,2.0,大学外语部,否,,周二,2012-2013-2,,20122410030B51460,2012数学学院数学类,0,仙林校区,2012-2013学年 第2学期,51460,逸C-202,,否,,,,,,0,英语口语（二）,17,第5节-第6节,逸夫楼C区,410030B
32.0,400330,英语口语（二）(20122-410030B-6),20122410030B51461,,3,,41,1-17周,0,外教1-Barbara,1-17周 周二 第5节-第6节 逸C-402,2.0,大学外语部,否,,周二,2012-2013-2,,20122410030B51461,,0,仙林校区,2012-2013学年 第2学期,51461,逸C-402,,否,,,,,,0,英语口语（二）,17,第5节-第6节,逸夫楼C区,410030B
32.0,400330,英语口语（二）(20122-410030B-7),20122410030B51462,,3,,33,1-17周,0,外教1-Barbara,1-17周 周四 第1节-第2节 逸C-403,2.0,大学外语部,否,,周四,2012-2013-2,,20122410030B51462,,0,仙林校区,2012-2013学年 第2学期,51462,逸C-403,,否,,,,,,0,英语口语（二）,17,第1节-第2节,逸夫楼C区,410030B
32.0,400330,英语口语（二）(20122-410030B-8),20122410030B51463,,3,,20,1-17周,0,外教2-Ruth,1-17周 周四 第3节-第4节 逸C-403,2.0,大学外语部,否,,周四,2012-2013-2,,20122410030B51463,,0,仙林校区,2012-2013学年 第2学期,51463,逸C-403,,否,,,,,,0,英语口语（二）,17,第3节-第4节,逸夫楼C区,410030B
32.0,400330,英语口语（二）(20122-410030B-9),20122410030B51464,,3,,26,1-17周,0,外教2-Ruth,1-17周 周四 第5节-第6节 逸C-201,2.0,大学外语部,否,,周四,2012-2013-2,,20122410030B51464,2012匡亚明学院应用文科强化班,0,仙林校区,2012-2013学年 第2学期,51464,逸C-201,,否,,,,,,0,英语口语（二）,17,第5节-第6节,逸夫楼C区,410030B
32.0,400330,英语口语（二）(20122-410030B-10),20122410030B51465,,3,,30,1-17周,0,外教1-Barbara,1-17周 周四 第3节-第4节 逸C-203,2.0,大学外语部,否,,周四,2012-2013-2,,20122410030B51465,2012海外教育学院海外教育类,0,仙林校区,2012-2013学年 第2学期,51465,逸C-203,,否,,,,,,0,英语口语（二）,17,第3节-第4节,逸夫楼C区,410030B
0.0,400330,英语口语（四）(20122-410030D-1),20122410030D51779,,3,,23,1-17周,0,外教2-Ruth,1-17周 周一 第9节-第10节 逸C-201,0.0,大学外语部,否,,周一,2012-2013-2,,20122410030D51779,2011匡亚明学院应用文科强化班,0,仙林校区,2012-2013学年 第2学期,51779,逸C-201,,否,,,,,,0,英语口语（四）,17,第9节-第10节,逸夫楼C区,410030D
0.0,400330,英语基础写作（二）(20122-410040B-1),20122410040B51467,,3,,26,1-17周,0,奚洁,1-17周 周二 第3节-第4节 逸C-201,0.0,大学外语部,否,,周二,2012-2013-2,,20122410040B51467,2012匡亚明学院应用文科强化班,0,仙林校区,2012-2013学年 第2学期,51467,逸C-201,,否,,,,,,0,英语基础写作（二）,17,第3节-第4节,逸夫楼C区,410040B
0.0,400330,英语基础写作（二）(20122-410040B-2),20122410040B51468,,3,,30,1-17周,0,奚洁,1-17周 周二 第1节-第2节 逸C-203,0.0,大学外语部,否,,周二,2012-2013-2,,20122410040B51468,2012海外教育学院海外教育类,0,仙林校区,2012-2013学年 第2学期,51468,逸C-203,,否,,,,,,0,英语基础写作（二）,17,第1节-第2节,逸夫楼C区,410040B
32.0,400330,英美历史与文化(20122-410052-1),2012241005251782,,3,,23,1-17周,0,张宇,1-17周 周三 第9节-第10节 逸A-213,2.0,大学外语部,否,,周三,2012-2013-2,,2012241005251782,2011匡亚明学院应用文科强化班,0,仙林校区,2012-2013学年 第2学期,51782,逸A-213,,否,,,,,,0,英美历史与文化,15,第9节-第10节,逸夫楼A区,410052
64.0,400330,英语中级写作（二）(20122-410060B-1),20122410060B51781,,3,,23,1-17周,0,张沂昀,1-17周 周二 第9节-第10节 逸A-213,4.0,大学外语部,否,,周二,2012-2013-2,,20122410060B51781,2011匡亚明学院应用文科强化班,0,仙林校区,2012-2013学年 第2学期,51781,逸A-213,,否,,,,,,0,英语中级写作（二）,15,第9节-第10节,逸夫楼A区,410060B
0.0,400330,学术英语写作（二）(20122-410070B-1),20122410070B51794,,3,,34,1-17周,0,陈桦,1-17周 周四 第7节-第8节 仙Ⅱ-101,0.0,大学外语部,否,,周四,2012-2013-2,,20122410070B51794,2010匡亚明学院应用文科强化班,0,仙林校区,2012-2013学年 第2学期,51794,仙Ⅱ-101,,否,,,,,,0,学术英语写作（二）,12,第7节-第8节,仙II区,410070B
32.0,400330,英语口译(20122-410100-1),2012241010051789,,3,,34,1-17周,0,张沂昀,1-17周 周三 第7节-第8节 仙Ⅱ-113,2.0,大学外语部,否,,周三,2012-2013-2,,2012241010051789,2010匡亚明学院应用文科强化班,0,仙林校区,2012-2013学年 第2学期,51789,仙Ⅱ-113,,否,,,,,,0,英语口译,12,第7节-第8节,仙II区,410100
32.0,400330,英语口译(20122-410100-2),2012241010051790,,3,,29,1-17周,0,张沂昀,1-17周 周三 第5节-第6节 逸C-202,2.0,大学外语部,否,,周三,2012-2013-2,,2012241010051790,2011海外教育学院海外教育类,0,仙林校区,2012-2013学年 第2学期,51790,逸C-202,,否,,,,,,0,英语口译,17,第5节-第6节,逸夫楼C区,410100
64.0,400040,体验英语(20122-410110B-1),20122410110B51250,,3,,0,,0,,,4.0,新闻传播学院,否,,,2012-2013-2,,20122410110B51250,,0,仙林校区,2012-2013学年 第2学期,51250,,,否,,,,,,0,体验英语,,,,410110B
64.0,400330,体验英语(20122-410110B-2),20122410110B52117,,3,,49,"1-17周,1-17周",0,张晓红,"1-17周 周一 第9节-第10节 仙Ⅱ-310,1-17周 周四 第9节-第10节 仙Ⅱ-310",4.0,大学外语部,否,,"周一,周四",2012-2013-2,,20122410110B52117,,0,仙林校区,2012-2013学年 第2学期,52117,"仙Ⅱ-310,仙Ⅱ-310",,否,,,,,,0,体验英语,12,"第9节-第10节,第9节-第10节",仙II区,410110B
64.0,400330,体验英语(20122-410110B-3),20122410110B52118,,3,,20,"1-17周,1-17周",0,左瀚,"1-17周 周二 第1节-第2节 仙Ⅱ-421,1-17周 周四 第1节-第2节 仙Ⅱ-421",4.0,大学外语部,否,,"周二,周四",2012-2013-2,,20122410110B52118,,0,仙林校区,2012-2013学年 第2学期,52118,"仙Ⅱ-421,仙Ⅱ-421",,否,,,,,,0,体验英语,12,"第1节-第2节,第1节-第2节",仙II区,410110B
64.0,400330,体验英语(20122-410110D-1),20122410110D52122,,3,,58,"1-17周,1-17周",0,夏慧珺,"1-17周 周一 第9节-第10节 仙Ⅱ-315,1-17周 周四 第9节-第10节 仙Ⅱ-315",4.0,大学外语部,否,,"周一,周四",2012-2013-2,,20122410110D52122,,0,仙林校区,2012-2013学年 第2学期,52122,"仙Ⅱ-315,仙Ⅱ-315",,否,,,,,,0,体验英语,12,"第9节-第10节,第9节-第10节",仙II区,410110D
0.0,400330,高级英语（下）(20122-410121B-1),20122410121B51432,,3,,28,"1-17周,1-17周",0,徐翠芹,"1-17周 周一 第1节-第2节 逸C-202,1-17周 周三 第3节-第4节 逸C-203",0.0,大学外语部,否,,"周一,周三",2012-2013-2,,20122410121B51432,2011医学院医学类,0,仙林校区,2012-2013学年 第2学期,51432,"逸C-202,逸C-203",,否,,,,,,0,高级英语（下）,17,"第1节-第2节,第3节-第4节",逸夫楼C区,410121B
0.0,400330,高级英语（下）(20122-410121B-2),20122410121B51434,,3,,30,"1-17周,1-17周",0,丁楠,"1-17周 周一 第1节-第2节 逸C-203,1-17周 周三 第3节-第4节 逸C-403",0.0,大学外语部,否,,"周一,周三",2012-2013-2,,20122410121B51434,2011医学院医学类,0,仙林校区,2012-2013学年 第2学期,51434,"逸C-203,逸C-403",,否,,,,,,0,高级英语（下）,17,"第1节-第2节,第3节-第4节",逸夫楼C区,410121B
0.0,400330,高级英语（下）(20122-410121B-3),20122410121B51435,,3,,30,"1-17周,1-17周",0,徐翠芹,"1-17周 周三 第1节-第2节 逸C-202,1-17周 周一 第3节-第4节 逸C-202",0.0,大学外语部,否,,"周一,周三",2012-2013-2,,20122410121B51435,2011医学院医学类,0,仙林校区,2012-2013学年 第2学期,51435,"逸C-202,逸C-202",,否,,,,,,0,高级英语（下）,17,"第3节-第4节,第1节-第2节",逸夫楼C区,410121B
0.0,400330,高级英语（下）(20122-410121B-4),20122410121B51436,,3,,29,"1-17周,1-17周",0,丁楠,"1-17周 周三 第1节-第2节 逸C-203,1-17周 周一 第3节-第4节 逸C-402",0.0,大学外语部,否,,"周一,周三",2012-2013-2,,20122410121B51436,2011医学院医学类,0,仙林校区,2012-2013学年 第2学期,51436,"逸C-402,逸C-203",,否,,,,,,0,高级英语（下）,17,"第3节-第4节,第1节-第2节",逸夫楼C区,410121B
32.0,400450,外国人眼中的中国历史：毛及后时代,2012250022053311,,3,,31,2-18周,0,Daniel A Calvin,2-18周 周三 第5节-第6节 仙Ⅰ-112,2.0,国际学院,否,,周三,2012-2013-2,,2012250022053311,,0,仙林校区,2012-2013学年 第2学期,53311,仙Ⅰ-112,,否,,,,,,0,外国人眼中的中国历史：毛及后时代,11,第5节-第6节,仙I区,500220
32.0,400450,空气污染导论,2012250034053245,,3,,22,2-18周,0,,2-18周 周二 第3节-第4节 逸C-502,2.0,国际学院,否,,周二,2012-2013-2,,2012250034053245,,0,仙林校区,2012-2013学年 第2学期,53245,逸C-502,,否,,,,,,0,空气污染导论,17,第3节-第4节,逸夫楼C区,500340
32.0,400450,积极心理学：快乐与成功(1班),2012250035053246,,3,,48,2-18周,0,,2-18周 周三 第5节-第6节 逸C-403,2.0,国际学院,否,,周三,2012-2013-2,,2012250035053246,,0,仙林校区,2012-2013学年 第2学期,53246,逸C-403,,否,,,,,,0,积极心理学：快乐与成功,17,第5节-第6节,逸夫楼C区,500350
32.0,400450,积极心理学：快乐与成功(2班),2012250035053247,,3,,47,2-18周,0,,2-18周 周四 第5节-第6节 逸C-403,2.0,国际学院,否,,周四,2012-2013-2,,2012250035053247,,0,仙林校区,2012-2013学年 第2学期,53247,逸C-403,,否,,,,,,0,积极心理学：快乐与成功,17,第5节-第6节,逸夫楼C区,500350
32.0,400450,美国共和制的诞生,2012250037053248,,1,,31,2-18周,0,Alan Malan,2-18周 周四 第7节-第8节 教220,2.0,国际学院,否,,周四,2012-2013-2,,2012250037053248,,0,鼓楼校区,2012-2013学年 第2学期,53248,教220,,否,,,,,,0,美国共和制的诞生,1,第7节-第8节,教学楼,500370
32.0,400450,空气污染II,2012250043053348,,3,,29,2-18周,0,,2-18周 周三 第3节-第4节 逸C-502,2.0,国际学院,否,,周三,2012-2013-2,,2012250043053348,,0,仙林校区,2012-2013学年 第2学期,53348,逸C-502,,否,,,,,,0,空气污染II,17,第3节-第4节,逸夫楼C区,500430
32.0,400450,水及废水处理,2012250044053349,,3,,22,2-18周,0,,2-18周 周二 第5节-第6节 逸C-502,2.0,国际学院,否,,周二,2012-2013-2,,2012250044053349,,0,仙林校区,2012-2013学年 第2学期,53349,逸C-502,,否,,,,,,0,水及废水处理,17,第5节-第6节,逸夫楼C区,500440
32.0,400450,领导心理学,2012250045053335,,3,,48,2-18周,0,,2-18周 周三 第1节-第2节 逸C-403,2.0,国际学院,否,,周三,2012-2013-2,,2012250045053335,,0,仙林校区,2012-2013学年 第2学期,53335,逸C-403,,否,,,,,,0,领导心理学,17,第1节-第2节,逸夫楼C区,500450
32.0,400450,大历史II：新石期-今,2012250046053336,,3,,28,2-18周,0,Daniel A Calvin,2-18周 周三 第7节-第8节 仙Ⅰ-112,2.0,国际学院,否,,周三,2012-2013-2,,2012250046053336,,0,仙林校区,2012-2013学年 第2学期,53336,仙Ⅰ-112,,否,,,,,,0,大历史II：新石期-今,11,第7节-第8节,仙I区,500460
32.0,400450,达尔文进化论：革命性范例的历史,2012250047053337,,3,,23,2-18周,0,Daniel A Calvin,2-18周 周四 第5节-第6节 仙Ⅰ-112,2.0,国际学院,否,,周四,2012-2013-2,,2012250047053337,,0,仙林校区,2012-2013学年 第2学期,53337,仙Ⅰ-112,,否,,,,,,0,达尔文进化论：革命性范例的历史,11,第5节-第6节,仙I区,500470
32.0,400450,人类史前史、农业及最早的文明,2012250048053350,,3,,23,2-18周,0,Daniel A Calvin,2-18周 周四 第7节-第8节 仙Ⅰ-112,2.0,国际学院,否,,周四,2012-2013-2,,2012250048053350,,0,仙林校区,2012-2013学年 第2学期,53350,仙Ⅰ-112,,否,,,,,,0,人类史前史、农业及最早的文明,11,第7节-第8节,仙I区,500480
32.0,400450,美国政府的发展,2012250049053356,,1,,38,2-18周,0,Alan Malan,2-18周 周四 第5节-第6节 教220,2.0,国际学院,否,,周四,2012-2013-2,,2012250049053356,,0,鼓楼校区,2012-2013学年 第2学期,53356,教220,,否,,,,,,0,美国政府的发展,1,第5节-第6节,教学楼,500490
32.0,000000,领导力与团队(20122-610003-1),2012261000353076,,3,,30,2-17周,0,陈昌凯,2-17周 周四 第3节-第4节 仙Ⅰ-111,2.0,公共课程,否,,周四,2012-2013-2,,2012261000353076,,0,仙林校区,2012-2013学年 第2学期,53076,仙Ⅰ-111,,否,,,,,,0,领导力与团队,11,第3节-第4节,仙I区,610003
32.0,000000,IT企业创业与发展战略(20122-610005-1),2012261000553075,,3,,47,2-17周,0,王自强,2-17周 周一 第9节-第10节 仙Ⅰ-102,2.0,公共课程,否,,周一,2012-2013-2,,2012261000553075,,0,仙林校区,2012-2013学年 第2学期,53075,仙Ⅰ-102,,否,,,,,,0,IT企业创业与发展战略,11,第9节-第10节,仙I区,610005
32.0,000000,文化产业概况及创新创业规划(20122-610006-1),2012261000653112,,3,,24,2-17周,0,杨海平,2-17周 周四 第3节-第4节 仙Ⅰ-204,2.0,公共课程,否,,周四,2012-2013-2,,2012261000653112,,0,仙林校区,2012-2013学年 第2学期,53112,仙Ⅰ-204,,否,,,,,,0,文化产业概况及创新创业规划,11,第3节-第4节,仙I区,610006
16.0,000000,小型知识公司的创设与运营(20122-610007-1),2012261000753109,,3,,23,2-9周,0,李刚,2-9周 周三 第5节-第6节 仙Ⅰ-204,1.0,公共课程,否,,周三,2012-2013-2,,2012261000753109,,0,仙林校区,2012-2013学年 第2学期,53109,仙Ⅰ-204,,否,,,,,,0,小型知识公司的创设与运营,11,第5节-第6节,仙I区,610007
32.0,000000,创业者的历程(20122-610010-1),2012261001053403,,3,,25,3-13周,0,颜嘉之,3-13周 周三 第5节-第7节 仙Ⅱ-506,2.0,公共课程,否,,周三,2012-2013-2,,2012261001053403,,0,仙林校区,2012-2013学年 第2学期,53403,仙Ⅱ-506,,否,,,,,,0,创业者的历程,12,第5节-第7节,仙II区,610010
32.0,000000,创业模拟(20122-610014-1),2012261001453118,,3,,53,2-17周,0,于笑丰,2-17周 周一 第3节-第4节 ,2.0,公共课程,否,,周一,2012-2013-2,,2012261001453118,,0,仙林校区,2012-2013学年 第2学期,53118, 仙林基础实验楼乙区110,,否,,,,,,0,创业模拟,,第3节-第4节,,610014
32.0,000000,为创业而融资(20122-610018-1),2012261001853121,,3,,20,2-17周,0,陈宝敏,2-17周 周四 第3节-第4节 仙Ⅱ-111,2.0,公共课程,否,,周四,2012-2013-2,,2012261001853121,,0,仙林校区,2012-2013学年 第2学期,53121,仙Ⅱ-111,,否,,,,,,0,为创业而融资,12,第3节-第4节,仙II区,610018
16.0,000000,创新创业与知识产权(20122-610020-1),2012261002053119,,3,,15,2-9周,0,徐棣枫,2-9周 周五 第5节-第6节 仙Ⅰ-204,1.0,公共课程,否,,周五,2012-2013-2,,2012261002053119,,0,仙林校区,2012-2013学年 第2学期,53119,仙Ⅰ-204,,否,,,,,,0,创新创业与知识产权,11,第5节-第6节,仙I区,610020
32.0,000000,文化创意实践论(20122-610021-1),2012261002153108,,3,,22,2-17周,0,韩丛耀,2-17周 周五 第1节-第2节 仙Ⅰ-204,2.0,公共课程,否,,周五,2012-2013-2,,2012261002153108,,0,仙林校区,2012-2013学年 第2学期,53108,仙Ⅰ-204,,否,,,,,,0,文化创意实践论,11,第1节-第2节,仙I区,610021
32.0,000000,艺术品鉴赏与艺术品投资管理(20122-610022-1),2012261002253114,,3,,49,2-16周,0,黄正明,2-16周 周二 第7节-第8节 仙Ⅰ-204,2.0,公共课程,否,,周二,2012-2013-2,,2012261002253114,,0,仙林校区,2012-2013学年 第2学期,53114,仙Ⅰ-204,,否,,,,,,0,艺术品鉴赏与艺术品投资管理,11,第7节-第8节,仙I区,610022
16.0,000000,基于社会化媒体的创业之道(20122-610023-1),2012261002353117,,3,,16,2-9周,0,巢乃鹏,2-9周 周三 第5节-第6节 仙Ⅰ-111,1.0,公共课程,否,,周三,2012-2013-2,,2012261002353117,,0,仙林校区,2012-2013学年 第2学期,53117,仙Ⅰ-111,,否,,,,,,0,基于社会化媒体的创业之道,11,第5节-第6节,仙I区,610023
16.0,000000,创办你的企业(1班),2012261002453115,,3,,27,2-9周,0,孙俊华,2-9周 周四 第5节-第6节 仙Ⅰ-111,1.0,公共课程,否,,周四,2012-2013-2,,2012261002453115,,0,仙林校区,2012-2013学年 第2学期,53115,仙Ⅰ-111,,否,,,,,,0,创办你的企业,11,第5节-第6节,仙I区,610024
16.0,000000,创办你的企业(2班),2012261002453116,,3,,12,2-9周,0,孙俊华,2-9周 周四 第7节-第8节 仙Ⅰ-111,1.0,公共课程,否,,周四,2012-2013-2,,2012261002453116,,0,仙林校区,2012-2013学年 第2学期,53116,仙Ⅰ-111,,否,,,,,,0,创办你的企业,11,第7节-第8节,仙I区,610024
32.0,000000,未来商机：后工业时代的社会需求与创业策划(20122-610029-1),2012261002953110,,3,,55,1-17周,0,胡小武,1-17周 周二 第9节-第10节 仙Ⅰ-204,2.0,公共课程,否,,周二,2012-2013-2,,2012261002953110,,0,仙林校区,2012-2013学年 第2学期,53110,仙Ⅰ-204,,否,,,,,,0,未来商机：后工业时代的社会需求与创业策划,11,第9节-第10节,仙I区,610029
32.0,000000,职场英语口语与口译技能(20122-610032-1),2012261003253111,,3,,29,2-17周,0,任裕海,2-17周 周一 第7节-第8节 仙Ⅰ-204,2.0,公共课程,否,,周一,2012-2013-2,,2012261003253111,,0,仙林校区,2012-2013学年 第2学期,53111,仙Ⅰ-204,,否,,,,,,0,职场英语口语与口译技能,11,第7节-第8节,仙I区,610032
32.0,000000,商务网站运营(20122-610033-1),2012261003353113,,3,,20,2-9周,0,周耿,2-9周 周五 第3节-第4节 ,2.0,公共课程,否,,周五,2012-2013-2,,2012261003353113,,0,仙林校区,2012-2013学年 第2学期,53113,邵逸夫楼B408,,否,,,,,,0,商务网站运营,,第3节-第4节,,610033
32.0,000000,四步创业法(20122-610034-1),2012261003453120,,3,,26,3-13周,0,黎怡杭,3-13周 周二 第5节-第7节 仙Ⅱ-410,2.0,公共课程,否,,周二,2012-2013-2,,2012261003453120,,0,仙林校区,2012-2013学年 第2学期,53120,仙Ⅱ-410,,否,,,,,,0,四步创业法,12,第5节-第7节,仙II区,610034
16.0,000000,知识产权保护与产业化(20122-610035-1),2012261003553402,,3,,46,5-8周,0,李兆阳,5-8周 周一 第7节-第10节 仙Ⅰ-201,1.0,公共课程,否,,周一,2012-2013-2,,2012261003553402,,0,仙林校区,2012-2013学年 第2学期,53402,仙Ⅰ-201,,否,,,,,,0,知识产权保护与产业化,11,第7节-第10节,仙I区,610035
32.0,000000,谈判与冲突管理(20122-610036-1),2012261003653400,,3,,34,2-9周,0,"程德俊,李虎",2-9周 周三 第7节-第8节 仙Ⅰ-113,2.0,公共课程,否,,周三,2012-2013-2,,2012261003653400,,0,仙林校区,2012-2013学年 第2学期,53400,仙Ⅰ-113,,否,,,,,,0,谈判与冲突管理,11,第7节-第8节,仙I区,610036
16.0,000000,创业管理与行为博弈(20122-610037-1),2012261003753401,,3,,25,2-9周,0,李虎,2-9周 周三 第5节-第6节 仙Ⅰ-113,1.0,公共课程,否,,周三,2012-2013-2,,2012261003753401,,0,仙林校区,2012-2013学年 第2学期,53401,仙Ⅰ-113,,否,,,,,,0,创业管理与行为博弈,11,第5节-第6节,仙I区,610037
16.0,000000,互联网商务模式及其构建(20122-611001-1),2012261100153399,,3,,26,10-17周,0,胡广伟,10-17周 周五 第5节-第6节 仙Ⅰ-519,1.0,公共课程,否,,周五,2012-2013-2,,2012261100153399,,0,仙林校区,2012-2013学年 第2学期,53399,仙Ⅰ-519,,否,,,,,,0,互联网商务模式及其构建,11,第5节-第6节,仙I区,611001
16.0,000000,信息经纪人智慧与实务(20122-611002-1),2012261100253398,,3,,18,2-17周,0,陈雅,2-17周 周二 第5节-第6节 仙Ⅰ-204,1.0,公共课程,否,,周二,2012-2013-2,,2012261100253398,,0,仙林校区,2012-2013学年 第2学期,53398,仙Ⅰ-204,,否,,,,,,0,信息经纪人智慧与实务,11,第5节-第6节,仙I区,611002
32.0,000000,普通天文学,2012277001253269,,3,,99,2-17周,0,"姜冰,谢懿",2-17周 周一 第9节-第10节 仙Ⅰ-320,2.0,公共课程,否,,周一,2012-2013-2,,2012277001253269,,0,仙林校区,2012-2013学年 第2学期,53269,仙Ⅰ-320,,否,,,,,,0,普通天文学,11,第9节-第10节,仙I区,770012
32.0,000000,世界语,2012277002653272,,3,,11,"2-17周,2-17周",0,外教,"2-17周 周一 第7节-第8节 仙Ⅱ-113,2-17周 周四 第7节-第8节 仙Ⅱ-216",2.0,公共课程,否,,"周一,周四",2012-2013-2,,2012277002653272,,0,仙林校区,2012-2013学年 第2学期,53272,"仙Ⅱ-113,仙Ⅱ-216",,否,,,,,,0,世界语,12,"第7节-第8节,第7节-第8节",仙II区,770026
32.0,400010,文学课题研究,201227700284056067,,1,文化素质选修,17,,0,,,2.0,文学院,否,,,2012-2013-2,,201227700284056067,,0,鼓楼校区,2012-2013学年 第2学期,56067,,,否,07,,,,,0,文学课题研究,,,,77002840
32.0,000000,大学生健康教育,2012277003053250,,1,,51,2-17周,0,朱梅,2-17周 周二 第7节-第8节 馆3-103,2.0,公共课程,否,,周二,2012-2013-2,,2012277003053250,,0,鼓楼校区,2012-2013学年 第2学期,53250,馆3-103,,否,,,,,,0,大学生健康教育,8,第7节-第8节,逸夫馆,770030
32.0,000000,小提琴演奏提高班,2012277004053282,,3,,16,2-17周,0,钱君,2-17周 周一 第7节-第8节 ,2.0,公共课程,否,,周一,2012-2013-2,,2012277004053282,,0,仙林校区,2012-2013学年 第2学期,53282,大活320,,否,,,,,,0,小提琴演奏提高班,,第7节-第8节,,770040
32.0,000000,舞蹈作品实践,2012277004153265,,3,,0,2-17周,0,汪以平,2-17周 周日 第5节-第7节 ,2.0,公共课程,否,,周日,2012-2013-2,,2012277004153265,,0,仙林校区,2012-2013学年 第2学期,53265,大活练功房,,否,,,,,,0,舞蹈作品实践,,第5节-第7节,,770041
32.0,000000,纪实摄影,2012277004353267,,3,,59,2-17周,0,谢白,2-17周 周三 第7节-第8节 仙Ⅰ-203,2.0,公共课程,否,,周三,2012-2013-2,,2012277004353267,,0,仙林校区,2012-2013学年 第2学期,53267,仙Ⅰ-203,,否,,,,,,0,纪实摄影,11,第7节-第8节,仙I区,770043
32.0,000000,生命起源与演化,2012277010153290,,3,,97,2-17周,0,姚素平,2-17周 周二 第7节-第8节 仙Ⅱ-304,2.0,公共课程,否,,周二,2012-2013-2,,2012277010153290,,0,仙林校区,2012-2013学年 第2学期,53290,仙Ⅱ-304,,否,,,,,,0,生命起源与演化,12,第7节-第8节,仙II区,770101
48.0,000000,人类生物学导论,2012277010453289,,3,,99,2-17周,0,王良斌,2-17周 周一 第9节-第10节 仙Ⅱ-305,3.0,公共课程,否,,周一,2012-2013-2,,2012277010453289,,0,仙林校区,2012-2013学年 第2学期,53289,仙Ⅱ-305,,否,,,,,,0,人类生物学导论,12,第9节-第10节,仙II区,770104
32.0,000000,英语文化选读,2012277010553270,,1,,100,2-17周,0,常晨,2-17周 自由时间 - ,2.0,公共课程,否,,自由时间,2012-2013-2,,2012277010553270,,0,鼓楼校区,2012-2013学年 第2学期,53270,网络课程,,否,,,,,,0,英语文化选读,,自由时间,,770105
32.0,000000,英语文化选读,2012277010553271,,3,,99,2-17周,0,常晨,2-17周 自由时间 - ,2.0,公共课程,否,,自由时间,2012-2013-2,,2012277010553271,,0,仙林校区,2012-2013学年 第2学期,53271,网络课程,,否,,,,,,0,英语文化选读,,自由时间,,770105
32.0,000000,声乐提高,2012277012053274,,3,,0,2-17周,0,陈晓艳,2-17周 周日 第5节-第6节 ,2.0,公共课程,否,,周日,2012-2013-2,,2012277012053274,,0,仙林校区,2012-2013学年 第2学期,53274,无,,否,,,,,,0,声乐提高,,第5节-第6节,,770120
32.0,000000,环境科学概论,2012277012753338,,1,,66,2-17周,0,许超,2-17周 自由时间 - ,2.0,公共课程,否,,自由时间,2012-2013-2,,2012277012753338,,0,鼓楼校区,2012-2013学年 第2学期,53338,jw.nju.edu.cn/hjgl,,否,,,,,,0,环境科学概论,,自由时间,,770127
32.0,000000,环境科学概论,2012277012753339,,3,,86,2-17周,0,许超,2-17周 自由时间 - ,2.0,公共课程,否,,自由时间,2012-2013-2,,2012277012753339,,0,仙林校区,2012-2013学年 第2学期,53339,网络课程,,否,,,,,,0,环境科学概论,,自由时间,,770127
32.0,000000,化学与社会,2012277015653310,,3,,87,2-17周,0,郑和根,2-17周 周二 第9节-第10节 仙Ⅱ-304,2.0,公共课程,否,,周二,2012-2013-2,,2012277015653310,,0,仙林校区,2012-2013学年 第2学期,53310,仙Ⅱ-304,,否,,,,,,0,化学与社会,12,第9节-第10节,仙II区,770156
32.0,000000,电影中的人生哲学,2012277024853303,,3,,101,2-17周,0,孙乐强,2-17周 周三 第9节-第10节 仙Ⅱ-303,2.0,公共课程,否,,周三,2012-2013-2,,2012277024853303,,0,仙林校区,2012-2013学年 第2学期,53303,仙Ⅱ-303,,否,,,,,,0,电影中的人生哲学,12,第9节-第10节,仙II区,770248
32.0,000000,马恩经典著作中的人和社会,2012277025253304,,3,,72,2-17周,0,周嘉昕,2-17周 周二 第7节-第8节 仙Ⅰ-213,2.0,公共课程,否,,周二,2012-2013-2,,2012277025253304,,0,仙林校区,2012-2013学年 第2学期,53304,仙Ⅰ-213,,否,,,,,,0,马恩经典著作中的人和社会,11,第7节-第8节,仙I区,770252
32.0,000000,类型电影分析,2012277025453291,,3,,100,2-17周,0,丁珊珊,2-17周 周四 第9节-第10节 仙Ⅰ-319,2.0,公共课程,否,,周四,2012-2013-2,,2012277025453291,,0,仙林校区,2012-2013学年 第2学期,53291,仙Ⅰ-319,,否,,,,,,0,类型电影分析,11,第9节-第10节,仙I区,770254
32.0,000000,欧洲中世纪文化与艺术,2012277025853292,,3,,199,2-17周,0,李晓愚,2-17周 周四 第7节-第8节 仙Ⅰ-320,2.0,公共课程,否,,周四,2012-2013-2,,2012277025853292,,0,仙林校区,2012-2013学年 第2学期,53292,仙Ⅰ-320,,否,,,,,,0,欧洲中世纪文化与艺术,11,第7节-第8节,仙I区,770258
32.0,000000,英语演讲与辩论(20122-770260-1),2012277026053451,,3,,22,2-17周,0,邵崇忠,2-17周 周四 第7节-第8节 仙Ⅰ-317,2.0,公共课程,否,,周四,2012-2013-2,,2012277026053451,,0,仙林校区,2012-2013学年 第2学期,53451,仙Ⅰ-317,,否,,,,,,0,英语演讲与辩论,11,第7节-第8节,仙I区,770260
32.0,000000,时代的潮声：TED演讲赏析,2012277026153308,,1,,197,2-17周,0,杨海,2-17周 自由时间 - ,2.0,公共课程,否,,自由时间,2012-2013-2,,2012277026153308,,0,鼓楼校区,2012-2013学年 第2学期,53308,JS.NCLASS.ORG,,否,,,,,,0,时代的潮声：TED演讲赏析,,自由时间,,770261
32.0,000000,时代的潮声：TED演讲赏析,2012277026153309,,3,,196,2-17周,0,杨海,2-17周 自由时间 - ,2.0,公共课程,否,,自由时间,2012-2013-2,,2012277026153309,,0,仙林校区,2012-2013学年 第2学期,53309,网络课程,,否,,,,,,0,时代的潮声：TED演讲赏析,,自由时间,,770261
32.0,000000,现代网页编程入门实训,2012277026353298,,1,,94,2-17周,0,杨海,2-17周 自由时间 - ,2.0,公共课程,否,,自由时间,2012-2013-2,,2012277026353298,,0,鼓楼校区,2012-2013学年 第2学期,53298,JS.NCLASS.ORG,,否,,,,,,0,现代网页编程入门实训,,自由时间,,770263
32.0,000000,现代网页编程入门实训,2012277026353299,,3,,97,2-17周,0,杨海,2-17周 自由时间 - ,2.0,公共课程,否,,自由时间,2012-2013-2,,2012277026353299,,0,仙林校区,2012-2013学年 第2学期,53299,网络课程,,否,,,,,,0,现代网页编程入门实训,,自由时间,,770263
32.0,000000,Historical Sociology & Empires(20122-770267-1),2012277026753373,,3,,7,2-17周,0,,2-17周 周一 第7节-第8节 ,2.0,公共课程,否,,周一,2012-2013-2,,2012277026753373,,0,仙林校区,2012-2013学年 第2学期,53373,仙I-525,,否,,,,,,0,Historical Sociology & Empires,,第7节-第8节,,770267
32.0,000000,East Asian Politics(20122-770269-1),2012277026953375,,3,,18,2-17周,0,,2-17周 周四 第7节-第8节 ,2.0,公共课程,否,,周四,2012-2013-2,,2012277026953375,,0,仙林校区,2012-2013学年 第2学期,53375,仙I-525,,否,,,,,,0,East Asian Politics,,第7节-第8节,,770269
32.0,000000,音乐剧作品与实践,2012277027653318,,3,,42,2-17周,0,唐小蓬,2-17周 周二 第9节-第10节 ,2.0,公共课程,否,,周二,2012-2013-2,,2012277027653318,,0,仙林校区,2012-2013学年 第2学期,53318,大活210,,否,,,,,,0,音乐剧作品与实践,,第9节-第10节,,770276
32.0,000000,Mass Media and Popular Culture in Korea(20122-770288-1),2012277028853374,,3,,14,2-17周,0,,2-17周 周二 第7节-第8节 ,2.0,公共课程,否,,周二,2012-2013-2,,2012277028853374,,0,仙林校区,2012-2013学年 第2学期,53374,仙I-525,,否,,,,,,0,Mass Media and Popular Culture in Korea,,第7节-第8节,,770288
32.0,000000,社会学小史,2012277028953346,,3,,64,2-17周,0,朱安新,2-17周 周四 第9节-第10节 仙Ⅰ-524,2.0,公共课程,否,,周四,2012-2013-2,,2012277028953346,,0,仙林校区,2012-2013学年 第2学期,53346,仙Ⅰ-524,,否,,,,,,0,社会学小史,11,第9节-第10节,仙I区,770289
32.0,000000,日常生活人类学,2012277029053347,,3,,96,2-17周,0,褚建芳,2-17周 周一 第9节-第10节 仙Ⅱ-304,2.0,公共课程,否,,周一,2012-2013-2,,2012277029053347,,0,仙林校区,2012-2013学年 第2学期,53347,仙Ⅱ-304,,否,,,,,,0,日常生活人类学,12,第9节-第10节,仙II区,770290
32.0,000000,摩登舞,2012277029153352,,3,,29,2-17周,0,肖鹏,2-17周 周一 第7节-第8节 ,2.0,公共课程,否,,周一,2012-2013-2,,2012277029153352,,0,仙林校区,2012-2013学年 第2学期,53352,健美操馆,,否,,,,,,0,摩登舞,,第7节-第8节,,770291
32.0,000000,GRE写作,2012277029253341,,3,,20,2-17周,0,张沂昀,2-17周 周二 第7节-第8节 仙Ⅱ-115,2.0,公共课程,否,,周二,2012-2013-2,,2012277029253341,,0,仙林校区,2012-2013学年 第2学期,53341,仙Ⅱ-115,,否,,,,,,0,GRE写作,12,第7节-第8节,仙II区,770292
32.0,000000,网站编程：Javascript入门实训,2012277029353354,,1,,103,2-17周,0,杨海,2-17周 自由时间 - ,2.0,公共课程,否,,自由时间,2012-2013-2,,2012277029353354,,0,鼓楼校区,2012-2013学年 第2学期,53354,JS.NCLASS.ORG,,否,,,,,,0,网站编程：Javascript入门实训,,自由时间,,770293
32.0,000000,网站编程：Javascript入门实训,2012277029353355,,3,,98,2-17周,0,杨海,2-17周 自由时间 - ,2.0,公共课程,否,,自由时间,2012-2013-2,,2012277029353355,,0,仙林校区,2012-2013学年 第2学期,53355,网络课程,,否,,,,,,0,网站编程：Javascript入门实训,,自由时间,,770293
32.0,000000,能源与环境概论,2012277029553344,,1,,67,2-17周,0,谢显传,2-17周 周一 第9节-第10节 馆3-101,2.0,公共课程,否,,周一,2012-2013-2,,2012277029553344,,0,鼓楼校区,2012-2013学年 第2学期,53344,馆3-101,,否,,,,,,0,能源与环境概论,8,第9节-第10节,逸夫馆,770295
32.0,000000,中国人口问题研究,2012278001853276,,3,,85,2-17周,0,夏海勇,2-17周 周五 第7节-第8节 仙Ⅱ-405,2.0,公共课程,否,,周五,2012-2013-2,,2012278001853276,,0,仙林校区,2012-2013学年 第2学期,53276,仙Ⅱ-405,,否,,,,,,0,中国人口问题研究,12,第7节-第8节,仙II区,780018
48.0,000000,初级俄语（上）,2012278003153277,,1,,15,"2-17周,2-17周",0,柳燕,"2-17周 周一 第7节-第8节 教209,2-17周 周三 第7节-第8节 教209",3.0,公共课程,否,,"周一,周三",2012-2013-2,,2012278003153277,,0,鼓楼校区,2012-2013学年 第2学期,53277,"教209,教209",,否,,,,,,0,初级俄语（上）,1,"第7节-第8节,第7节-第8节",教学楼,780031
48.0,000000,初级俄语（上）,2012278003153278,,3,,21,"2-17周,2-17周",0,郑振东,"2-17周 周一 第7节-第8节 仙Ⅱ-114,2-17周 周四 第7节-第8节 仙Ⅱ-217",3.0,公共课程,否,,"周一,周四",2012-2013-2,,2012278003153278,,0,仙林校区,2012-2013学年 第2学期,53278,"仙Ⅱ-114,仙Ⅱ-217",,否,,,,,,0,初级俄语（上）,12,"第7节-第8节,第7节-第8节",仙II区,780031
32.0,000000,乒乓球,2012278003653351,,3,,30,2-17周,0,禹雪璐,2-17周 周三 第7节-第8节 ,2.0,公共课程,否,,周三,2012-2013-2,,2012278003653351,,0,仙林校区,2012-2013学年 第2学期,53351,乒乓球馆,,否,,,,,,0,乒乓球,,第7节-第8节,,780036
32.0,000000,钢琴基础,2012278003953266,,3,,30,2-17周,0,范丽甍,2-17周 周五 第7节-第8节 ,2.0,公共课程,否,,周五,2012-2013-2,,2012278003953266,,0,仙林校区,2012-2013学年 第2学期,53266,大活210,,否,,,,,,0,钢琴基础,,第7节-第8节,,780039
32.0,000000,声乐基础,2012278004053279,,3,,88,2-17周,0,陈晓艳,2-17周 周一 第9节-第10节 仙Ⅰ-108,2.0,公共课程,否,,周一,2012-2013-2,,2012278004053279,,0,仙林校区,2012-2013学年 第2学期,53279,仙Ⅰ-108,,否,,,,,,0,声乐基础,11,第9节-第10节,仙I区,780040
32.0,000000,合奏与指挥,2012278004253268,,3,,1,2-17周,0,张静波,2-17周 周日 第5节-第8节 ,2.0,公共课程,否,,周日,2012-2013-2,,2012278004253268,,0,仙林校区,2012-2013学年 第2学期,53268,大活民乐厅,,否,,,,,,0,合奏与指挥,,第5节-第8节,,780042
32.0,000000,舞蹈基础(女生班),2012278004653280,,3,,41,2-17周,0,汪以平,2-17周 周一 第9节-第10节 ,2.0,公共课程,否,,周一,2012-2013-2,,2012278004653280,,0,仙林校区,2012-2013学年 第2学期,53280,大活练功房,,否,,,,,,0,舞蹈基础,,第9节-第10节,,780046
32.0,000000,舞蹈基础(男生班),2012278004653281,,3,,27,2-17周,0,汪以平,2-17周 周一 第7节-第8节 ,2.0,公共课程,否,,周一,2012-2013-2,,2012278004653281,,0,仙林校区,2012-2013学年 第2学期,53281,大活练功房,,否,,,,,,0,舞蹈基础,,第7节-第8节,,780046
32.0,000000,合唱与指挥,2012278005253257,,3,,93,2-17周,0,吕晓一,2-17周 周一 第7节-第8节 仙Ⅰ-108,2.0,公共课程,否,,周一,2012-2013-2,,2012278005253257,,0,仙林校区,2012-2013学年 第2学期,53257,仙Ⅰ-108,,否,,,,,,0,合唱与指挥,11,第7节-第8节,仙I区,780052
32.0,000000,结构素描,2012278005653258,,3,,27,2-17周,0,杨秀娟,2-17周 周三 第7节-第8节 ,2.0,公共课程,否,,周三,2012-2013-2,,2012278005653258,,0,仙林校区,2012-2013学年 第2学期,53258,仙Ⅱ-124,,否,,,,,,0,结构素描,,第7节-第8节,,780056
32.0,000000,健康学概论,2012278006753259,,1,,82,2-17周,0,许超,2-17周 自由时间 - ,2.0,公共课程,否,,自由时间,2012-2013-2,,2012278006753259,,0,鼓楼校区,2012-2013学年 第2学期,53259,jw.nju.edu.cn/jk,,否,,,,,,0,健康学概论,,自由时间,,780067
32.0,000000,健康学概论,2012278006753260,,3,,93,2-17周,0,许超,2-17周 自由时间 - ,2.0,公共课程,否,,自由时间,2012-2013-2,,2012278006753260,,0,仙林校区,2012-2013学年 第2学期,53260,网络课程,,否,,,,,,0,健康学概论,,自由时间,,780067
32.0,000000,演示物理,2012278010453261,,3,,33,2-17周,0,高惠滨,2-17周 周三 第7节-第8节 ,2.0,公共课程,否,,周三,2012-2013-2,,2012278010453261,,0,仙林校区,2012-2013学年 第2学期,53261,实验楼丙310,,否,,,,,,0,演示物理,,第7节-第8节,,780104
32.0,000000,大学生心理健康学(1班),2012278010753262,,3,,177,2-17周,0,费俊峰,2-17周 周三 第7节-第8节 仙Ⅰ-320,2.0,公共课程,否,,周三,2012-2013-2,,2012278010753262,,0,仙林校区,2012-2013学年 第2学期,53262,仙Ⅰ-320,,否,,,,,,0,大学生心理健康学,11,第7节-第8节,仙I区,780107
32.0,000000,大学生心理健康学(2班),2012278010753263,,3,,98,2-17周,0,谈文娟,2-17周 周二 第7节-第8节 仙Ⅱ-305,2.0,公共课程,否,,周二,2012-2013-2,,2012278010753263,,0,仙林校区,2012-2013学年 第2学期,53263,仙Ⅱ-305,,否,,,,,,0,大学生心理健康学,12,第7节-第8节,仙II区,780107
32.0,000000,大学生心理健康学(3班),2012278010753264,,3,,99,2-17周,0,陈昌凯,2-17周 周一 第7节-第8节 逸B-101,2.0,公共课程,否,,周一,2012-2013-2,,2012278010753264,,0,仙林校区,2012-2013学年 第2学期,53264,逸B-101,,否,,,,,,0,大学生心理健康学,16,第7节-第8节,逸夫楼B区,780107
32.0,000000,高级口语(1班),2012278011153294,,3,,25,2-17周,0,汪学立,2-17周 周一 第5节-第6节 逸C-202,2.0,公共课程,否,,周一,2012-2013-2,,2012278011153294,,0,仙林校区,2012-2013学年 第2学期,53294,逸C-202,,否,,,,,,0,高级口语,17,第5节-第6节,逸夫楼C区,780111
32.0,000000,高级口语(2班),2012278011153295,,3,,26,2-17周,0,汪学立,2-17周 周一 第7节-第8节 逸C-202,2.0,公共课程,否,,周一,2012-2013-2,,2012278011153295,,0,仙林校区,2012-2013学年 第2学期,53295,逸C-202,,否,,,,,,0,高级口语,17,第7节-第8节,逸夫楼C区,780111
32.0,000000,高级口语(3班),2012278011153296,,3,,25,2-17周,0,汪学立,2-17周 周三 第5节-第6节 逸C-203,2.0,公共课程,否,,周三,2012-2013-2,,2012278011153296,,0,仙林校区,2012-2013学年 第2学期,53296,逸C-203,,否,,,,,,0,高级口语,17,第5节-第6节,逸夫楼C区,780111
32.0,000000,高级口语(4班),2012278011153297,,3,,26,2-17周,0,汪学立,2-17周 周三 第7节-第8节 逸C-203,2.0,公共课程,否,,周三,2012-2013-2,,2012278011153297,,0,仙林校区,2012-2013学年 第2学期,53297,逸C-203,,否,,,,,,0,高级口语,17,第7节-第8节,逸夫楼C区,780111
32.0,000000,钢琴提高,2012278011653312,,1,,28,2-17周,0,范丽甍,2-17周 周二 第7节-第8节 ,2.0,公共课程,否,,周二,2012-2013-2,,2012278011653312,,0,鼓楼校区,2012-2013学年 第2学期,53312,田家炳二楼,,否,,,,,,0,钢琴提高,,第7节-第8节,,780116
32.0,000000,钢琴提高,2012278011653313,,3,,28,2-17周,0,范丽甍,2-17周 周五 第9节-第10节 ,2.0,公共课程,否,,周五,2012-2013-2,,2012278011653313,,0,仙林校区,2012-2013学年 第2学期,53313,大活210,,否,,,,,,0,钢琴提高,,第9节-第10节,,780116
32.0,000000,油画技法基础,2012278011753314,,3,,30,2-17周,0,杨秀娟,2-17周 周一 第7节-第8节 ,2.0,公共课程,否,,周一,2012-2013-2,,2012278011753314,,0,仙林校区,2012-2013学年 第2学期,53314,仙Ⅱ-124,,否,,,,,,0,油画技法基础,,第7节-第8节,,780117
32.0,000000,管弦乐欣赏与练习,2012278012053284,,3,,0,2-17周,0,吕晓一,2-17周 周日 第1节-第4节 ,2.0,公共课程,否,,周日,2012-2013-2,,2012278012053284,,0,仙林校区,2012-2013学年 第2学期,53284,大活排练厅,,否,,,,,,0,管弦乐欣赏与练习,,第1节-第4节,,780120
48.0,000000,初级俄语（下）,2012278012353255,,1,,8,"2-17周,2-17周",0,柳燕,"2-17周 周二 第7节-第8节 教211,2-17周 周四 第7节-第8节 教211",3.0,公共课程,否,,"周二,周四",2012-2013-2,,2012278012353255,,0,鼓楼校区,2012-2013学年 第2学期,53255,"教211,教211",,否,,,,,,0,初级俄语（下）,1,"第7节-第8节,第7节-第8节",教学楼,780123
48.0,000000,初级俄语（下）,2012278012353256,,3,,13,"2-17周,2-17周",0,郑振东,"2-17周 周一 第9节-第10节 仙Ⅱ-301,2-17周 周四 第9节-第10节 仙Ⅱ-301",3.0,公共课程,否,,"周一,周四",2012-2013-2,,2012278012353256,,0,仙林校区,2012-2013学年 第2学期,53256,"仙Ⅱ-301,仙Ⅱ-301",,否,,,,,,0,初级俄语（下）,12,"第9节-第10节,第9节-第10节",仙II区,780123
32.0,000000,英语听力,2012278013953340,,3,,28,2-17周,0,朱静怡,2-17周 周三 第5节-第6节 仙Ⅱ-514,2.0,公共课程,否,,周三,2012-2013-2,,2012278013953340,,0,仙林校区,2012-2013学年 第2学期,53340,仙Ⅱ-514,,否,,,,,,0,英语听力,12,第5节-第6节,仙II区,780139
32.0,000000,中国女性文化,2012278014653287,,3,,190,2-17周,0,任玲玲,2-17周 周一 第9节-第10节 逸B-212,2.0,公共课程,否,,周一,2012-2013-2,,2012278014653287,,0,仙林校区,2012-2013学年 第2学期,53287,逸B-212,,否,,,,,,0,中国女性文化,16,第9节-第10节,逸夫楼B区,780146
32.0,000000,小提琴演奏初级班,2012278014953285,,3,,27,2-17周,0,钱君,2-17周 周二 第7节-第8节 ,2.0,公共课程,否,,周二,2012-2013-2,,2012278014953285,,0,仙林校区,2012-2013学年 第2学期,53285,大活320,,否,,,,,,0,小提琴演奏初级班,,第7节-第8节,,780149
32.0,000000,民乐提高,2012278016553316,,3,,0,2-17周,0,,2-17周 周一 第9节-第10节 ,2.0,公共课程,否,,周一,2012-2013-2,,2012278016553316,,0,仙林校区,2012-2013学年 第2学期,53316,大活民乐厅,,否,,,,,,0,民乐提高,,第9节-第10节,,780165
32.0,000000,声乐作品演唱与实践,2012278017153317,,3,,0,2-17周,0,陈晓艳,2-17周 周日 第7节-第8节 ,2.0,公共课程,否,,周日,2012-2013-2,,2012278017153317,,0,仙林校区,2012-2013学年 第2学期,53317,无,,否,,,,,,0,声乐作品演唱与实践,,第7节-第8节,,780171
32.0,000000,医学与健康,2012278017453253,,1,,80,2-17周,0,方刚,2-17周 周四 第9节-第10节 教201,2.0,公共课程,否,,周四,2012-2013-2,,2012278017453253,,0,鼓楼校区,2012-2013学年 第2学期,53253,教201,,否,,,,,,0,医学与健康,1,第9节-第10节,教学楼,780174
32.0,000000,西方美术史,2012278017853319,,3,,100,2-17周,0,杨秀娟,2-17周 周三 第9节-第10节 仙Ⅱ-305,2.0,公共课程,否,,周三,2012-2013-2,,2012278017853319,,0,仙林校区,2012-2013学年 第2学期,53319,仙Ⅱ-305,,否,,,,,,0,西方美术史,12,第9节-第10节,仙II区,780178
32.0,000000,话剧作品实践,2012278019053321,,3,,48,2-17周,0,唐小蓬,2-17周 周二 第7节-第8节 ,2.0,公共课程,否,,周二,2012-2013-2,,2012278019053321,,0,仙林校区,2012-2013学年 第2学期,53321,大活210,,否,,,,,,0,话剧作品实践,,第7节-第8节,,780190
32.0,000000,杨式太极拳(1班),2012278020053322,,3,,40,2-17周,0,王唯,2-17周 周一 第7节-第8节 仙Ⅰ-317,2.0,公共课程,否,,周一,2012-2013-2,,2012278020053322,,0,仙林校区,2012-2013学年 第2学期,53322,仙Ⅰ-317,,否,,,,,,0,杨式太极拳,11,第7节-第8节,仙I区,780200
32.0,000000,杨式太极拳(2班),2012278020053323,,3,,31,2-17周,0,王唯,2-17周 周一 第9节-第10节 仙Ⅰ-317,2.0,公共课程,否,,周一,2012-2013-2,,2012278020053323,,0,仙林校区,2012-2013学年 第2学期,53323,仙Ⅰ-317,,否,,,,,,0,杨式太极拳,11,第9节-第10节,仙I区,780200
32.0,000000,戏剧表演与实践,2012278021653324,,3,,17,2-17周,0,唐小蓬,2-17周 周六 第2节-第4节 ,2.0,公共课程,否,,周六,2012-2013-2,,2012278021653324,,0,仙林校区,2012-2013学年 第2学期,53324,大活210,,否,,,,,,0,戏剧表演与实践,,第2节-第4节,,780216
32.0,000000,西方名著导读,2012278023553325,,3,,128,2-17周,0,王咏,2-17周 周三 第7节-第8节 逸B-104,2.0,公共课程,否,,周三,2012-2013-2,,2012278023553325,,0,仙林校区,2012-2013学年 第2学期,53325,逸B-104,,否,,,,,,0,西方名著导读,16,第7节-第8节,逸夫楼B区,780235
32.0,000000,预防医学,2012278026153326,,1,,71,2-17周,0,许超,2-17周 自由时间 - ,2.0,公共课程,否,,自由时间,2012-2013-2,,2012278026153326,,0,鼓楼校区,2012-2013学年 第2学期,53326,jw.nju.edu.cn/yfyx,,否,,,,,,0,预防医学,,自由时间,,780261
32.0,000000,预防医学,2012278026153327,,3,,88,2-17周,0,许超,2-17周 自由时间 - ,2.0,公共课程,否,,自由时间,2012-2013-2,,2012278026153327,,0,仙林校区,2012-2013学年 第2学期,53327,网络课程,,否,,,,,,0,预防医学,,自由时间,,780261
32.0,000000,普通生态学,2012278027353342,,1,,56,2-17周,0,许超,2-17周 自由时间 - ,2.0,公共课程,否,,自由时间,2012-2013-2,,2012278027353342,,0,鼓楼校区,2012-2013学年 第2学期,53342,jw.nju.edu.cn/stx,,否,,,,,,0,普通生态学,,自由时间,,780273
32.0,000000,普通生态学,2012278027353343,,3,,82,2-17周,0,许超,2-17周 自由时间 - ,2.0,公共课程,否,,自由时间,2012-2013-2,,2012278027353343,,0,仙林校区,2012-2013学年 第2学期,53343,网络课程,,否,,,,,,0,普通生态学,,自由时间,,780273
32.0,000000,20世纪中国美术教育,2012278027753293,,3,,96,2-17周,0,尚莲霞,2-17周 周四 第7节-第8节 仙Ⅱ-212,2.0,公共课程,否,,周四,2012-2013-2,,2012278027753293,,0,仙林校区,2012-2013学年 第2学期,53293,仙Ⅱ-212,,否,,,,,,0,20世纪中国美术教育,12,第7节-第8节,仙II区,780277
32.0,000000,传统太极拳学与推手,2012278028853254,,1,,27,2-17周,0,孙根龙,2-17周 周三 第7节-第8节 ,2.0,公共课程,否,,周三,2012-2013-2,,2012278028853254,,0,鼓楼校区,2012-2013学年 第2学期,53254,游泳馆门前,,否,,,,,,0,传统太极拳学与推手,,第7节-第8节,,780288
32.0,000000,合唱训练与实践,2012278031953328,,3,,119,2-17周,0,陈晓艳,2-17周 周四 第9节-第10节 ,2.0,公共课程,否,,周四,2012-2013-2,,2012278031953328,,0,仙林校区,2012-2013学年 第2学期,53328,无,,否,,,,,,0,合唱训练与实践,,第9节-第10节,,780319
32.0,000000,中国政府与政治,2012278032253305,,3,,95,2-17周,0,笪素林,2-17周 周三 第7节-第8节 逸A-117,2.0,公共课程,否,,周三,2012-2013-2,,2012278032253305,,0,仙林校区,2012-2013学年 第2学期,53305,逸A-117,,否,,,,,,0,中国政府与政治,15,第7节-第8节,逸夫楼A区,780322
32.0,000000,管弦乐排练,2012278034053306,,3,,0,2-17周,0,吕晓一,2-17周 周日 第5节-第8节 ,2.0,公共课程,否,,周日,2012-2013-2,,2012278034053306,,0,仙林校区,2012-2013学年 第2学期,53306,无,,否,,,,,,0,管弦乐排练,,第5节-第8节,,780340
32.0,000000,初级日语(1班),2012278034553329,,3,,28,2-17周,0,刘军,2-17周 周一 第5节-第6节 仙Ⅱ-422,2.0,公共课程,否,,周一,2012-2013-2,,2012278034553329,,0,仙林校区,2012-2013学年 第2学期,53329,仙Ⅱ-422,,否,,,,,,0,初级日语,12,第5节-第6节,仙II区,780345
32.0,000000,初级日语(2班),2012278034553330,,3,,27,2-17周,0,刘军,2-17周 周一 第7节-第8节 仙Ⅱ-422,2.0,公共课程,否,,周一,2012-2013-2,,2012278034553330,,0,仙林校区,2012-2013学年 第2学期,53330,仙Ⅱ-422,,否,,,,,,0,初级日语,12,第7节-第8节,仙II区,780345
32.0,000000,近代中日关系史,2012278034753288,,3,,135,2-17周,0,翟意安,2-17周 周一 第9节-第10节 仙Ⅰ-524,2.0,公共课程,否,,周一,2012-2013-2,,2012278034753288,,0,仙林校区,2012-2013学年 第2学期,53288,仙Ⅰ-524,,否,,,,,,0,近代中日关系史,11,第9节-第10节,仙I区,780347
32.0,000000,手语入门,2012278035553331,,3,,49,2-17周,0,"戴曼莉,贺晓星",2-17周 周二 第7节-第8节 仙Ⅰ-103,2.0,公共课程,否,,周二,2012-2013-2,,2012278035553331,,0,仙林校区,2012-2013学年 第2学期,53331,仙Ⅰ-103,,否,,,,,,0,手语入门,11,第7节-第8节,仙I区,780355
32.0,000000,见习会计实训,2012278035853332,,1,,97,2-17周,0,杨海,2-17周 自由时间 - ,2.0,公共课程,否,,自由时间,2012-2013-2,,2012278035853332,,0,鼓楼校区,2012-2013学年 第2学期,53332,JS.NCLASS.ORG,,否,,,,,,0,见习会计实训,,自由时间,,780358
32.0,000000,见习会计实训,2012278035853333,,3,,98,2-17周,0,杨海,2-17周 自由时间 - ,2.0,公共课程,否,,自由时间,2012-2013-2,,2012278035853333,,0,仙林校区,2012-2013学年 第2学期,53333,网络课程,,否,,,,,,0,见习会计实训,,自由时间,,780358
32.0,400010,红楼梦研究(20122-910107-1),2012291010752797,,3,,24,1-17周,0,苗怀明,1-17周 周二 第7节-第8节 逸C-503,2.0,文学院,否,,周二,2012-2013-2,,2012291010752797,,0,仙林校区,2012-2013学年 第2学期,52797,逸C-503,,否,,,,,,0,红楼梦研究,17,第7节-第8节,逸夫楼C区,910107
32.0,400010,《诗经》研究(20122-910108-1),2012291010852798,,3,,13,1-17周,0,孙立尧,1-17周 周三 第7节-第8节 ,2.0,文学院,否,,周三,2012-2013-2,,2012291010852798,,0,仙林校区,2012-2013学年 第2学期,52798,仙林文学院楼443室,,否,,,,,,0,《诗经》研究,,第7节-第8节,,910108
32.0,400020,明清中国社会(20122-910201-1),2012291020151103,,3,,28,1-17周,0,"罗晓翔,范金民",1-17周 周二 第5节-第6节 仙Ⅱ-115,2.0,历史学院,否,,周二,2012-2013-2,,2012291020151103,,0,仙林校区,2012-2013学年 第2学期,51103,仙Ⅱ-115,,否,,,,,,0,明清中国社会,12,第5节-第6节,仙II区,910201
32.0,400050,当代保险法理论与司法实践研究(20122-910301-1),2012291030152120,,3,,26,1-17周,0,岳卫,1-17周 周二 第5节-第6节 逸C-403,2.0,法学院,否,,周二,2012-2013-2,,2012291030152120,,0,仙林校区,2012-2013学年 第2学期,52120,逸C-403,,否,,,,,,0,当代保险法理论与司法实践研究,17,第5节-第6节,逸夫楼C区,910301
32.0,400050,国际商事交易及管制法(20122-910304-1),2012291030452715,,3,,31,1-17周,0,"彭岳,孙雯",1-17周 周一 第7节-第8节 逸C-203,2.0,法学院,否,,周一,2012-2013-2,,2012291030452715,,0,仙林校区,2012-2013学年 第2学期,52715,逸C-203,,否,,,,,,0,国际商事交易及管制法,17,第7节-第8节,逸夫楼C区,910304
32.0,400050,国际货币金融法(20122-910305-1),2012291030552114,,3,,30,1-17周,0,彭岳,1-17周 周四 第1节-第2节 逸C-202,2.0,法学院,否,,周四,2012-2013-2,,2012291030552114,,0,仙林校区,2012-2013学年 第2学期,52114,逸C-202,,否,,,,,,0,国际货币金融法,17,第1节-第2节,逸夫楼C区,910305
32.0,400030,科学、技术与全球化(20122-910404-1),2012291040452371,,3,,31,1-17周,0,"刘鹏,蔡仲",1-17周 周三 第3节-第4节 逸B-308,2.0,哲学学院,否,,周三,2012-2013-2,,2012291040452371,,0,仙林校区,2012-2013学年 第2学期,52371,逸B-308,,否,,,,,,0,科学、技术与全球化,16,第3节-第4节,逸夫楼B区,910404
32.0,400030,当代伦理问题研究(20122-910408-1),2012291040852372,,3,,33,1-17周,0,赵华,1-17周 周二 第3节-第4节 逸B-302,2.0,哲学学院,否,,周二,2012-2013-2,,2012291040852372,,0,仙林校区,2012-2013学年 第2学期,52372,逸B-302,,否,,,,,,0,当代伦理问题研究,16,第3节-第4节,逸夫楼B区,910408
32.0,400040,传媒文化研究理论与实践(20122-910503-1),2012291050351993,,3,,21,1-17周,0,王蕾,1-17周 周四 第7节-第8节 逸C-203,2.0,新闻传播学院,否,,周四,2012-2013-2,,2012291050351993,,0,仙林校区,2012-2013学年 第2学期,51993,逸C-203,,否,,,,,,0,传媒文化研究理论与实践,17,第7节-第8节,逸夫楼C区,910503
32.0,400080,民主与民主化(20122-910601-1),2012291060152603,,3,,16,1-17周,0,"祁玲玲,张凤阳",1-17周 周五 第3节-第4节 逸C-201,2.0,政府管理学院,否,,周五,2012-2013-2,,2012291060152603,,0,仙林校区,2012-2013学年 第2学期,52603,逸C-201,,否,,,,,,0,民主与民主化,17,第3节-第4节,逸夫楼C区,910601
32.0,400080,当代全球热点问题(20122-910602-1),2012291060252602,,3,,16,1-17周,0,黄跃进,1-17周 周二 第3节-第4节 逸C-202,2.0,政府管理学院,否,,周二,2012-2013-2,,2012291060252602,,0,仙林校区,2012-2013学年 第2学期,52602,逸C-202,,否,,,,,,0,当代全球热点问题,17,第3节-第4节,逸夫楼C区,910602
32.0,400090,出版产业研究(20122-910702-1),2012291070251690,,3,,5,1-17周,0,杨海平,1-17周 周四 第5节-第6节 逸A-213,2.0,信息管理学院,否,,周四,2012-2013-2,,2012291070251690,,0,仙林校区,2012-2013学年 第2学期,51690,逸A-213,,否,,,,,,0,出版产业研究,15,第5节-第6节,逸夫楼A区,910702
32.0,400090,出版史上的人与事(20122-910705-1),2012291070551698,,3,,8,1-17周,0,张志强,1-17周 周三 第3节-第4节 仙Ⅰ-214,2.0,信息管理学院,否,,周三,2012-2013-2,,2012291070551698,,0,仙林校区,2012-2013学年 第2学期,51698,仙Ⅰ-214,,否,,,,,,0,出版史上的人与事,11,第3节-第4节,仙I区,910705
32.0,400090,政府信息：政策、资源与实务(20122-910706-1),2012291070651686,,3,,7,1-17周,0,李刚,1-17周 周四 第5节-第6节 仙Ⅱ-101,2.0,信息管理学院,否,,周四,2012-2013-2,,2012291070651686,,0,仙林校区,2012-2013学年 第2学期,51686,仙Ⅱ-101,,否,,,,,,0,政府信息：政策、资源与实务,12,第5节-第6节,仙II区,910706
32.0,400090,Web智能技术(20122-910707-1),2012291070751608,,3,,7,1-17周,0,欧石燕,1-17周 周一 第7节-第8节 仙Ⅰ-213,2.0,信息管理学院,否,,周一,2012-2013-2,,2012291070751608,,0,仙林校区,2012-2013学年 第2学期,51608,仙Ⅰ-213,,否,,,,,,0,Web智能技术,11,第7节-第8节,仙I区,910707
32.0,400090,文献计量与科学评价(20122-910708-1),2012291070853417,,3,,10,1-17周,0,苏新宁,1-17周 周二 第7节-第8节 逸C-203,2.0,信息管理学院,否,,周二,2012-2013-2,,2012291070853417,,0,仙林校区,2012-2013学年 第2学期,53417,逸C-203,,否,,,,,,0,文献计量与科学评价,17,第7节-第8节,逸夫楼C区,910708
32.0,400060,行为金融：中国背景下的投资者行为研究(20122-910901-1),2012291090151285,,3,,14,1-17周,0,林树,1-17周 周五 第3节-第4节 仙Ⅱ-113,2.0,商学院,否,,周五,2012-2013-2,,2012291090151285,,0,仙林校区,2012-2013学年 第2学期,51285,仙Ⅱ-113,,否,,,,,,0,行为金融：中国背景下的投资者行为研究,12,第3节-第4节,仙II区,910901
32.0,400110,数值计算中的并行计算方法(20122-911101-1),2012291110152833,,3,,19,1-17周,0,"肖源明,邓卫兵",1-17周 周三 第9节-第10节 仙Ⅱ-216,2.0,数学学院,否,,周三,2012-2013-2,,2012291110152833,,0,仙林校区,2012-2013学年 第2学期,52833,仙Ⅱ-216,,否,,,,,,0,数值计算中的并行计算方法,12,第9节-第10节,仙II区,911101
32.0,400120,微纳光子学(20122-911201-1),2012291120152265,,3,,15,1-17周,0,刘辉,1-17周 周四 第5节-第6节 逸B-307,2.0,物理学院,否,,周四,2012-2013-2,,2012291120152265,,0,仙林校区,2012-2013学年 第2学期,52265,逸B-307,,否,,,,,,0,微纳光子学,16,第5节-第6节,逸夫楼B区,911201
32.0,400220,生物材料与生物治疗(20122-911401-1),2012291140151756,,3,,12,1-17周,0,董磊,1-17周 周三 第5节-第6节 逸C-201,2.0,生命科学学院,否,,周三,2012-2013-2,,2012291140151756,,0,仙林校区,2012-2013学年 第2学期,51756,逸C-201,,否,,,,,,0,生物材料与生物治疗,17,第5节-第6节,逸夫楼C区,911401
32.0,400220,植物感知外界刺激的几个重大研究进展(20122-911402-1),2012291140251764,,3,,1,,0,,,2.0,生命科学学院,否,,,2012-2013-2,,2012291140251764,,0,仙林校区,2012-2013学年 第2学期,51764,,,否,,,,,,0,植物感知外界刺激的几个重大研究进展,,,,911402
32.0,400220,生物地理学(20122-911403-1),2012291140351765,,3,,0,,0,,,2.0,生命科学学院,否,,,2012-2013-2,,2012291140351765,,0,仙林校区,2012-2013学年 第2学期,51765,,,否,,,,,,0,生物地理学,,,,911403
32.0,400220,天然药物与人类文明(20122-911406-1),2012291140651769,,3,,3,,0,,,2.0,生命科学学院,否,,,2012-2013-2,,2012291140651769,,0,仙林校区,2012-2013学年 第2学期,51769,,,否,,,,,,0,天然药物与人类文明,,,,911406
32.0,400190,现代地质工程技术与实践(20122-911502-1),2012291150252980,,3,,12,1-17周,0,"许宝田,王宝军",1-17周 周二 第5节-第6节 逸C-201,2.0,地球科学与工程学院,否,,周二,2012-2013-2,,2012291150252980,,0,仙林校区,2012-2013学年 第2学期,52980,逸C-201,,否,,,,,,0,现代地质工程技术与实践,17,第5节-第6节,逸夫楼C区,911502
32.0,400190,芯片上的地球科学(20122-911504-1),2012291150452981,,3,,20,1-17周,0,"周会群,陆现彩,尹宏伟",1-17周 周二 第7节-第8节 逸C-202,2.0,地球科学与工程学院,否,,周二,2012-2013-2,,2012291150452981,,0,仙林校区,2012-2013学年 第2学期,52981,逸C-202,,否,,,,,,0,芯片上的地球科学,17,第7节-第8节,逸夫楼C区,911504
32.0,400200,土地产权、市场及政策(20122-911601-1),2012291160152685,,3,,13,1-17周,0,"黄贤金,陈志刚",1-17周 周二 第7节-第8节 仙Ⅱ-113,2.0,地理与海洋科学学院,否,,周二,2012-2013-2,,2012291160152685,,0,仙林校区,2012-2013学年 第2学期,52685,仙Ⅱ-113,,否,,,,,,0,土地产权、市场及政策,12,第7节-第8节,仙II区,911601
32.0,400200,地球观测前沿(20122-911602-1),2012291160252569,,3,,8,1-17周,0,赵书河,1-17周 周四 第3节-第4节 逸B-210,2.0,地理与海洋科学学院,否,,周四,2012-2013-2,,2012291160252569,,0,仙林校区,2012-2013学年 第2学期,52569,逸B-210,,否,,,,,,0,地球观测前沿,16,第3节-第4节,逸夫楼B区,911602
32.0,400210,大气湍流(20122-911701-1),2012291170152014,,3,,9,1-15周,0,彭珍,1-15周 周二 第7节-第8节 ,2.0,大气科学学院,否,,周二,2012-2013-2,,2012291170152014,,0,仙林校区,2012-2013学年 第2学期,52014,基础实验楼丙502,,否,,,,,,0,大气湍流,,第7节-第8节,,911701
32.0,400160,信号处理的智能化方法及应用(20122-911801-1),2012291180153455,,3,,8,1-17周,0,刘红星,1-17周 周五 第3节-第4节 逸C-202,2.0,电子科学与工程学院,否,,周五,2012-2013-2,,2012291180153455,,0,仙林校区,2012-2013学年 第2学期,53455,逸C-202,,否,,,,,,0,信号处理的智能化方法及应用,17,第3节-第4节,逸夫楼C区,911801
32.0,400180,面向生物质能源利用的有机废弃物处理方法(20122-912001-1),2012291200153071,,3,,9,1-17周,0,陈泽智,1-17周 周一 第7节-第8节 环科楼B-101,2.0,环境学院,否,,周一,2012-2013-2,,2012291200153071,,0,仙林校区,2012-2013学年 第2学期,53071,环科楼B-101,,否,,,,,,0,面向生物质能源利用的有机废弃物处理方法,111,第7节-第8节,环科楼,912001
32.0,400180,人类健康与全球环境变化(20122-912002-1),2012291200253072,,3,,14,1-17周,0,许超,1-17周 周三 第9节-第10节 环科楼B-101,2.0,环境学院,否,,周三,2012-2013-2,,2012291200253072,,0,仙林校区,2012-2013学年 第2学期,53072,环科楼B-101,,否,,,,,,0,人类健康与全球环境变化,111,第9节-第10节,环科楼,912002
32.0,400180,基因组学在环境与健康科学研究中的应用(20122-912003-1),2012291200353069,,3,,8,1-17周,0,"张徐祥,张效伟",1-17周 周四 第7节-第8节 环科楼B-101,2.0,环境学院,否,,周四,2012-2013-2,,2012291200353069,,0,仙林校区,2012-2013学年 第2学期,53069,环科楼B-101,,否,,,,,,0,基因组学,111,第7节-第8节,环科楼,912003
32.0,400230,营养、免疫与健康(20122-912301-1),2012291230152803,,3,,23,1-17周,0,张伟云,1-17周 周一 第9节-第10节 逸C-202,2.0,医学院,否,,周一,2012-2013-2,,2012291230152803,,0,仙林校区,2012-2013学年 第2学期,52803,逸C-202,,否,,,,,,0,营养、免疫与健康,17,第9节-第10节,逸夫楼C区,912301
32.0,000000,网络课程与学习评价研究(20122-912601-1),2012291260153576,,3,,9,,0,,,2.0,公共课程,否,,,2012-2013-2,,2012291260153576,,0,仙林校区,2012-2013学年 第2学期,53576,,,否,,,,,,0,网络课程与学习评价研究,,,,912601
32.0,400240,运营风险管理(20122-912704-1),2012291270452244,,3,,12,1-17周,0,沈厚才,1-17周 周二 第5节-第6节 仙Ⅱ-114,2.0,工程管理学院,否,,周二,2012-2013-2,,2012291270452244,,0,仙林校区,2012-2013学年 第2学期,52244,仙Ⅱ-114,,否,,,,,,0,运营风险管理,12,第5节-第6节,仙II区,912704
32.0,400260,汉语语言学热点问题研究(20122-912802-1),2012291280252163,,3,,22,1-17周,0,徐昌火,1-17周 周四 第7节-第8节 仙Ⅱ-301,2.0,海外教育学院,否,,周四,2012-2013-2,,2012291280252163,,0,仙林校区,2012-2013学年 第2学期,52163,仙Ⅱ-301,,否,,,,,,0,汉语语言学热点问题研究,12,第7节-第8节,仙II区,912802
32.0,000000,艺术世界中的社会学(20122-914402-1),2012291440252895,,3,,30,1-17周,0,,1-17周 周三 第5节-第6节 逸C-405,2.0,公共课程,否,,周三,2012-2013-2,,2012291440252895,,0,仙林校区,2012-2013学年 第2学期,52895,逸C-405,,否,,,,,,0,艺术世界中的社会学,17,第5节-第6节,逸夫楼C区,914402
