XS,PKDWDM,JXBMC,WID,TXKCLB_DISPLAY,XXXQDM,XGXKLBDM_DISPLAY,XKZRS,SKZC,PKZTDM,SKJS,YPSJDD,XF,PKDWDM_DISPLAY,SFXGXK_DISPLAY,KCFL1_DISPLAY,SKXQ,XNXQDM,TKJG,JXBID,SKBJ,SFTK,XXXQDM_DISPLAY,XNXQDM_DISPLAY,KXH,SKJAS,SYXS,SFTK_DISPLAY,XGXKLBDM,KCFL1,KTJSXS,TXKCLB,KCSJXS,SFXGXK,KCM,JXLDM,SKJC,JXLDM_DISPLAY,KCH
48.0,400290,马克思主义基本原理概论(20171-00000010-1),201710000001076184,思政课,3,,96,"4-18周,4-18周(双)",0,温权,"4-18周 周四 第5节-第6节 仙Ⅱ-420,4-18周(双) 周三 第7节-第8节 ",3.0,马克思主义学院,否,,"周四,周三",2017-2018-1,,201710000001076184,2017*社会科学试验班*社会科学试验班,0,仙林校区,2017-2018学年 第1学期,76184,"仙Ⅱ-420,自由地点",,否,,,32,00,16,0,马克思主义基本原理概论,12,"第5节-第6节,第7节-第8节",仙II区,00000010
48.0,400290,马克思主义基本原理概论(20171-00000010-2),201710000001076185,思政课,3,,112,"4-18周,4-18周(双)",0,温权,"4-18周 周四 第7节-第8节 仙Ⅱ-403,4-18周(双) 周三 第7节-第8节 ",3.0,马克思主义学院,否,,"周四,周三",2017-2018-1,,201710000001076185,"2017医学院临床医学（八年制）,2017*人文科学试验班*人文艺术传播类,2017医学院口腔医学,2017医学院临床医学（5+3）",0,仙林校区,2017-2018学年 第1学期,76185,"仙Ⅱ-403,自由地点",,否,,,32,00,16,0,马克思主义基本原理概论,12,"第7节-第8节,第7节-第8节",仙II区,00000010
48.0,400290,马克思主义基本原理概论(20171-00000010-3),201710000001076186,思政课,3,,95,"4-18周,4-18周(双)",0,李乾坤,"4-18周 周四 第7节-第8节 仙Ⅰ-203,4-18周(双) 周三 第7节-第8节 ",3.0,马克思主义学院,否,,"周四,周三",2017-2018-1,,201710000001076186,"2017医学院临床医学（八年制）,2017医学院口腔医学,2017医学院临床医学（5+3）",0,仙林校区,2017-2018学年 第1学期,76186,"仙Ⅰ-203,自由地点",,否,,,32,00,16,0,马克思主义基本原理概论,11,"第7节-第8节,第7节-第8节",仙I区,00000010
48.0,400290,马克思主义基本原理概论(20171-00000010-4),201710000001076187,思政课,3,,93,"4-18周,4-18周(双)",0,王锁明,"4-18周 周一 第3节-第4节 仙Ⅰ-103,4-18周(双) 周三 第7节-第8节 ",3.0,马克思主义学院,否,,"周一,周三",2017-2018-1,,201710000001076187,2017*经济管理试验班*经济管理试验班,0,仙林校区,2017-2018学年 第1学期,76187,"仙Ⅰ-103,自由地点",,否,,,32,00,16,0,马克思主义基本原理概论,11,"第3节-第4节,第7节-第8节",仙I区,00000010
48.0,400290,马克思主义基本原理概论(20171-00000010-5),201710000001076192,思政课,3,,95,"4-18周,4-18周(双)",0,王锁明,"4-18周 周一 第5节-第6节 仙Ⅰ-103,4-18周(双) 周三 第7节-第8节 ",3.0,马克思主义学院,否,,"周一,周三",2017-2018-1,,201710000001076192,"2017文学院戏剧影视文学,2017*人文科学试验班*人文艺术传播类",0,仙林校区,2017-2018学年 第1学期,76192,"仙Ⅰ-103,自由地点",,否,,,32,00,16,0,马克思主义基本原理概论,11,"第5节-第6节,第7节-第8节",仙I区,00000010
48.0,400290,马克思主义基本原理概论(20171-00000010-6),201710000001076195,思政课,3,,105,"4-18周,4-18周(双)",0,王锁明,"4-18周(双) 周三 第7节-第8节 ,4-18周 周一 第9节-第10节 逸B-205",3.0,马克思主义学院,否,,"周一,周三",2017-2018-1,,201710000001076195,2017*经济管理试验班*经济管理试验班,0,仙林校区,2017-2018学年 第1学期,76195,"逸B-205,自由地点",,否,,,32,00,16,0,马克思主义基本原理概论,16,"第9节-第10节,第7节-第8节",逸夫楼B区,00000010
48.0,400290,马克思主义基本原理概论(20171-00000010-7),201710000001076196,思政课,3,,115,"4-18周,4-18周(双)",0,曹永红,"4-18周 周三 第5节-第6节 逸B-313,4-18周(双) 周三 第7节-第8节 ",3.0,马克思主义学院,否,,"周三,周三",2017-2018-1,,201710000001076196,2017软件学院软件工程,0,仙林校区,2017-2018学年 第1学期,76196,"逸B-313,自由地点",,否,,,32,00,16,0,马克思主义基本原理概论,16,"第5节-第6节,第7节-第8节",逸夫楼B区,00000010
48.0,400290,马克思主义基本原理概论(20171-00000010-8),201710000001076197,思政课,3,,115,"4-18周,4-18周(双)",0,曹永红,"4-18周 周三 第7节-第8节 逸B-313,4-18周(双) 周三 第9节-第10节 ",3.0,马克思主义学院,否,,"周三,周三",2017-2018-1,,201710000001076197,2017软件学院软件工程,0,仙林校区,2017-2018学年 第1学期,76197,"逸B-313,自由地点",,否,,,32,00,16,0,马克思主义基本原理概论,16,"第7节-第8节,第9节-第10节",逸夫楼B区,00000010
48.0,400290,马克思主义基本原理概论(20171-00000010-9),201710000001076198,思政课,3,,108,"4-18周,4-18周(双)",0,曹永红,"4-18周 周四 第5节-第6节 逸B-104,4-18周(双) 周三 第7节-第8节 ",3.0,马克思主义学院,否,,"周四,周三",2017-2018-1,,201710000001076198,2017*社会科学试验班*社会科学试验班,0,仙林校区,2017-2018学年 第1学期,76198,"逸B-104,自由地点",,否,,,32,00,16,0,马克思主义基本原理概论,16,"第5节-第6节,第7节-第8节",逸夫楼B区,00000010
48.0,400290,马克思主义基本原理概论(20171-00000010-10),201710000001076199,思政课,3,,109,"4-18周,4-18周(双)",0,曹永红,"4-18周 周四 第7节-第8节 逸B-104,4-18周(双) 周三 第7节-第8节 ",3.0,马克思主义学院,否,,"周四,周三",2017-2018-1,,201710000001076199,"2017外国语学院英语,2017*人文科学试验班*人文艺术传播类,2017外国语学院朝鲜语,2017外国语学院西班牙语,2017外国语学院德语,2017外国语学院法语,2017外国语学院日语,2017外国语学院俄语",0,仙林校区,2017-2018学年 第1学期,76199,"逸B-104,自由地点",,否,,,32,00,16,0,马克思主义基本原理概论,16,"第7节-第8节,第7节-第8节",逸夫楼B区,00000010
48.0,400290,马克思主义基本原理概论(20171-00000010-11),201710000001076200,思政课,3,,93,"4-18周,4-18周(双)",0,周春梅,"4-18周 周二 第5节-第6节 图书馆125,4-18周(双) 周三 第7节-第8节 ",3.0,马克思主义学院,否,,"周二,周三",2017-2018-1,,201710000001076200,"2017外国语学院英语,2017*人文科学试验班*人文艺术传播类,2017外国语学院西班牙语,2017外国语学院德语,2017外国语学院法语,2017外国语学院日语,2017外国语学院俄语",0,仙林校区,2017-2018学年 第1学期,76200,"无,自由地点",,否,,,32,00,16,0,马克思主义基本原理概论,,"第5节-第6节,第7节-第8节",,00000010
48.0,400290,马克思主义基本原理概论(20171-00000010-12),201710000001076201,思政课,3,,103,"4-18周,4-18周(双)",0,周春梅,"4-18周 周二 第7节-第8节 图书馆125,4-18周(双) 周三 第7节-第8节 ",3.0,马克思主义学院,否,,"周二,周三",2017-2018-1,,201710000001076201,2017*经济管理试验班*经济管理试验班,0,仙林校区,2017-2018学年 第1学期,76201,"无,自由地点",,否,,,32,00,16,0,马克思主义基本原理概论,,"第7节-第8节,第7节-第8节",,00000010
48.0,400290,马克思主义基本原理概论(20171-00000010-13),201710000001076202,思政课,3,,93,"4-18周,4-18周(双)",0,陈建,"4-18周 周一 第3节-第4节 仙Ⅰ-202,4-18周(双) 周三 第7节-第8节 ",3.0,马克思主义学院,否,,"周一,周三",2017-2018-1,,201710000001076202,2017*经济管理试验班*经济管理试验班,0,仙林校区,2017-2018学年 第1学期,76202,"仙Ⅰ-202,自由地点",,否,,,32,00,16,0,马克思主义基本原理概论,11,"第3节-第4节,第7节-第8节",仙I区,00000010
48.0,400290,马克思主义基本原理概论(20171-00000010-14),201710000001076203,思政课,3,,110,"4-18周,4-18周(双)",0,陈建,"4-18周 周一 第5节-第6节 仙Ⅱ-304,4-18周(双) 周三 第7节-第8节 ",3.0,马克思主义学院,否,,"周一,周三",2017-2018-1,,201710000001076203,2017*人文科学试验班*人文艺术传播类,0,仙林校区,2017-2018学年 第1学期,76203,"仙Ⅱ-304,自由地点",,否,,,32,00,16,0,马克思主义基本原理概论,12,"第5节-第6节,第7节-第8节",仙II区,00000010
48.0,400290,马克思主义基本原理概论(20171-00000010-15),201710000001076204,思政课,3,,102,"4-18周,4-18周(双)",0,李海超,"4-18周 周五 第3节-第4节 逸B-410,4-18周(双) 周三 第7节-第8节 ",3.0,马克思主义学院,否,,"周五,周三",2017-2018-1,,201710000001076204,"2017政府管理学院行政管理（运动员班）,2017*社会科学试验班*社会科学试验班",0,仙林校区,2017-2018学年 第1学期,76204,"逸B-410,自由地点",,否,,,32,00,16,0,马克思主义基本原理概论,16,"第3节-第4节,第7节-第8节",逸夫楼B区,00000010
48.0,400290,马克思主义基本原理概论(20171-00000010-16),201710000001076205,思政课,3,,109,"4-18周,4-18周(双)",0,郭云峰,"4-18周 周二 第3节-第4节 逸B-207,4-18周(双) 周三 第7节-第8节 ",3.0,马克思主义学院,否,,"周二,周三",2017-2018-1,,201710000001076205,2017电子科学与工程学院电子信息类,0,仙林校区,2017-2018学年 第1学期,76205,"逸B-207,自由地点",,否,,,32,00,16,0,马克思主义基本原理概论,16,"第3节-第4节,第7节-第8节",逸夫楼B区,00000010
48.0,400290,马克思主义基本原理概论(20171-00000010-17),201710000001076206,思政课,3,,83,"4-18周,4-18周(双)",0,郭云峰,"4-18周 周四 第3节-第4节 图书馆127,4-18周(双) 周三 第7节-第8节 ",3.0,马克思主义学院,否,,"周四,周三",2017-2018-1,,201710000001076206,2017电子科学与工程学院电子信息类,0,仙林校区,2017-2018学年 第1学期,76206,"图书馆127,自由地点",,否,,,32,00,16,0,马克思主义基本原理概论,18,"第3节-第4节,第7节-第8节",图书馆,00000010
48.0,400290,马克思主义基本原理概论(20171-00000010-18),201710000001076455,思政课,3,,141,"1-18周,2-18周(双)",0,李海超,"1-18周 周三 第3节-第4节 图书馆126,2-18周(双) 周三 第7节-第8节 ",3.0,马克思主义学院,否,,"周三,周三",2017-2018-1,,201710000001076455,"2015地球科学与工程学院地质学,2015地理与海洋科学学院自然地理与资源环境,2015地理与海洋科学学院地理信息科学,2015地理与海洋科学学院海洋科学,2015地理与海洋科学学院地理科学,2015地球科学与工程学院地质学（地球物理学方向）,2015地球科学与工程学院地下水科学与工程,2015地球科学与工程学院地质学（古生物学方向）,2015地球科学与工程学院水文与水资源工程,2015地球科学与工程学院地质工程,2015地球科学与工程学院地球化学",0,仙林校区,2017-2018学年 第1学期,76455,"图书馆126,自由地点",,否,,,32,00,16,0,马克思主义基本原理概论,18,"第3节-第4节,第7节-第8节",图书馆,00000010
48.0,400290,马克思主义基本原理概论(20171-00000010-19),201710000001076456,思政课,3,,82,"1-18周,2-18周(双)",0,李海超,"1-18周 周三 第5节-第6节 仙Ⅱ-112,2-18周(双) 周三 第7节-第8节 ",3.0,马克思主义学院,否,,"周三,周三",2017-2018-1,,201710000001076456,"2015工程管理学院自动化,2015工程管理学院金融工程（计算机与金融工程方向）,2015工程管理学院金融工程,2015工程管理学院工业工程",0,仙林校区,2017-2018学年 第1学期,76456,"仙Ⅱ-112,自由地点",,否,,,32,00,16,0,马克思主义基本原理概论,12,"第5节-第6节,第7节-第8节",仙II区,00000010
48.0,400290,马克思主义基本原理概论(20171-00000010-20),201710000001076457,思政课,3,,120,"1-18周,2-18周(双)",0,陈建,"1-18周 周四 第5节-第6节 逸B-313,2-18周(双) 周三 第7节-第8节 ",3.0,马克思主义学院,否,,"周四,周三",2017-2018-1,,201710000001076457,"2015电子科学与工程学院电子信息科学与技术,2015电子科学与工程学院微电子科学与工程,2015电子科学与工程学院生物医学工程,2015电子科学与工程学院通信工程",0,仙林校区,2017-2018学年 第1学期,76457,"逸B-313,自由地点",,否,,,32,00,16,0,马克思主义基本原理概论,16,"第5节-第6节,第7节-第8节",逸夫楼B区,00000010
48.0,400290,马克思主义基本原理概论(20171-00000010-21),201710000001076458,思政课,3,,119,"1-18周,2-18周(双)",0,陈建,"2-18周(双) 周三 第7节-第8节 ,1-18周 周四 第9节-第10节 逸B-313",3.0,马克思主义学院,否,,"周四,周三",2017-2018-1,,201710000001076458,"2015电子科学与工程学院电子信息科学与技术,2015电子科学与工程学院微电子科学与工程,2015电子科学与工程学院生物医学工程,2015电子科学与工程学院通信工程",0,仙林校区,2017-2018学年 第1学期,76458,"逸B-313,自由地点",,否,,,32,00,16,0,马克思主义基本原理概论,16,"第9节-第10节,第7节-第8节",逸夫楼B区,00000010
48.0,400290,马克思主义基本原理概论(20171-00000010-22),201710000001076459,思政课,3,,98,"1-18周,2-18周(双)",0,周春梅,"1-18周 周三 第5节-第6节 逸B-405,2-18周(双) 周三 第7节-第8节 自由地点",3.0,马克思主义学院,否,,"周三,周三",2017-2018-1,,201710000001076459,"2015环境学院环境工程,2015环境学院环境科学（环规）,2015环境学院环境科学（环生）,2015环境学院环境科学（环化）",0,仙林校区,2017-2018学年 第1学期,76459,"逸B-405,自由地点",,否,,,32,00,16,0,马克思主义基本原理概论,"16,388","第5节-第6节,第7节-第8节","逸夫楼B区, 虚拟区域（仙林）",00000010
48.0,400290,马克思主义基本原理概论(20171-00000010-24),201710000001076596,思政课,3,,75,"2-18周(双),1-18周",0,郭云峰,"1-18周 周二 第5节-第6节 图书馆125,2-18周(双) 周三 第7节-第8节 ",3.0,马克思主义学院,否,,"周三,周二",2017-2018-1,,201710000001076596,2016软件学院软件工程,0,仙林校区,2017-2018学年 第1学期,76596,"自由地点,图书馆125",,否,,,32,00,16,0,马克思主义基本原理概论,18,"第7节-第8节,第5节-第6节",图书馆,00000010
48.0,400290,马克思主义基本原理概论(20171-00000010-25),201710000001076632,思政课,3,,77,"1-18周,2-18周(双)",0,郭云峰,"1-18周 周四 第5节-第6节 仙Ⅱ-304,2-18周(双) 周三 第7节-第8节 ",3.0,马克思主义学院,否,,"周四,周三",2017-2018-1,,201710000001076632,2016软件学院软件工程,0,仙林校区,2017-2018学年 第1学期,76632,"仙Ⅱ-304,自由地点",,否,,,32,00,16,0,马克思主义基本原理概论,12,"第5节-第6节,第7节-第8节",仙II区,00000010
48.0,400290,马克思主义基本原理概论(20171-00000010-26),201710000001076635,思政课,3,,182,"1-18周,2-18周(双)",0,温权,"2-18周(双) 周三 第7节-第8节 ,1-18周 周三 第9节-第10节 逸B-105",3.0,马克思主义学院,否,,"周三,周三",2017-2018-1,,201710000001076635,"2015数学学院数学与应用数学,2015数学学院应用模块（统计方向）,2015数学学院应用模块（计算方向）,2015数学学院统计学,2015数学学院信息与计算科学",0,仙林校区,2017-2018学年 第1学期,76635,"逸B-105,自由地点",,否,,,32,00,16,0,马克思主义基本原理概论,16,"第9节-第10节,第7节-第8节",逸夫楼B区,00000010
48.0,400290,马克思主义基本原理概论(20171-00000010-27),201710000001076636,思政课,3,,97,"1-18周,2-18周(双)",0,温权,"1-18周 周三 第5节-第6节 逸B-507,2-18周(双) 周三 第7节-第8节 ",3.0,马克思主义学院,否,,"周三,周三",2017-2018-1,,201710000001076636,"2015化学学院化学,2015化学学院应用化学",0,仙林校区,2017-2018学年 第1学期,76636,"逸B-507,自由地点",,否,,,32,00,16,0,马克思主义基本原理概论,16,"第5节-第6节,第7节-第8节",逸夫楼B区,00000010
48.0,400290,马克思主义基本原理概论(20171-00000010-27),201710000001077080,思政课,3,,167,"1-18周,2-18周(双)",0,王锁明,"1-18周 周三 第7节-第8节 逸A-117,2-18周(双) 周三 第9节-第10节 ",3.0,马克思主义学院,否,,"周三,周三",2017-2018-1,,201710000001077080,"2015计算机学院计算机科学与技术,2015计算机学院计算机（计算机与金融工程方向）",0,仙林校区,2017-2018学年 第1学期,77080,"逸A-117,自由地点",,否,,,32,00,16,0,马克思主义基本原理概论,15,"第7节-第8节,第9节-第10节",逸夫楼A区,00000010
48.0,400290,马克思主义基本原理概论(20171-00000010-28),201710000001077082,思政课,1,,109,"1-18周,2-18周(双)",0,徐兴华,"1-18周 周五 第1节-第2节 教213,2-18周(双) 周三 第7节-第8节 ",3.0,马克思主义学院,否,,"周五,周三",2017-2018-1,,201710000001077082,"2015数学学院数学与应用数学,2015物理学院声学,2015物理学院物理学,2015数学学院统计学,2015数学学院信息与计算科学",0,鼓楼校区,2017-2018学年 第1学期,77082,"教213,自由地点",,否,,,32,00,16,0,马克思主义基本原理概论,1,"第1节-第2节,第7节-第8节",教学楼,00000010
48.0,400290,马克思主义基本原理概论(20171-00000010-29),201710000001077084,思政课,1,,88,"1-18周,2-18周(双)",0,徐兴华,"1-18周 周五 第3节-第4节 教213,2-18周(双) 周三 第7节-第8节 ",3.0,马克思主义学院,否,,"周五,周三",2017-2018-1,,201710000001077084,"2015物理学院物理学,2015物理学院物理学（拔尖计划）",0,鼓楼校区,2017-2018学年 第1学期,77084,"教213,自由地点",,否,,,32,00,16,0,马克思主义基本原理概论,1,"第3节-第4节,第7节-第8节",教学楼,00000010
48.0,400290,马克思主义基本原理概论(20171-00000010-30),201710000001077156,思政课,3,,157,"1-18周,2-18周(双)",0,李乾坤,"1-18周 周三 第1节-第2节 逸B-101,2-18周(双) 周三 第7节-第8节 ",3.0,马克思主义学院,否,,"周三,周三",2017-2018-1,,201710000001077156,"2015生命科学学院生物科学类,2015大气科学学院应用气象学,2015大气科学学院大气科学",0,仙林校区,2017-2018学年 第1学期,77156,"逸B-101,自由地点",,否,,,32,00,16,0,马克思主义基本原理概论,16,"第1节-第2节,第7节-第8节",逸夫楼B区,00000010
48.0,400290,马克思主义基本原理概论(20171-00000010-31),201710000001077158,思政课,3,,122,"1-18周,2-18周(双)",0,李乾坤,"1-18周 周四 第5节-第6节 图书馆125,2-18周(双) 周三 第7节-第8节 ",3.0,马克思主义学院,否,,"周四,周三",2017-2018-1,,201710000001077158,"2015现代工程与应用科学学院材料物理,2015现代工程与应用科学学院生物医学工程,2015现代工程与应用科学学院新能源科学与工程,2015现代工程与应用科学学院光电信息科学与工程,2015现代工程与应用科学学院材料化学",0,仙林校区,2017-2018学年 第1学期,77158,"图书馆125,自由地点",,否,,,32,00,16,0,马克思主义基本原理概论,18,"第5节-第6节,第7节-第8节",图书馆,00000010
48.0,400290,思想道德修养与法律基础(20171-00000020-1),201710000002076135,思政课,3,,105,"4-18周,5-17周(单)",0,暴庆刚,"4-18周 周三 第1节-第2节 仙Ⅱ-504,5-17周(单) 周三 第7节-第8节 ",3.0,马克思主义学院,否,理论类课程,"周三,周三",2017-2018-1,,201710000002076135,2017*理科试验班（数理科学类）*数理科学类,0,仙林校区,2017-2018学年 第1学期,76135,"仙Ⅱ-504,自由地点",0.0,否,,1,48,00,0,0,思想道德修养与法律基础,12,"第1节-第2节,第7节-第8节",仙II区,00000020
48.0,400290,思想道德修养与法律基础(20171-00000020-2),201710000002076136,思政课,3,,90,"4-18周,5-17周(单)",0,暴庆刚,"4-18周 周三 第3节-第4节 仙Ⅱ-218,5-17周(单) 周三 第7节-第8节 ",3.0,马克思主义学院,否,理论类课程,"周三,周三",2017-2018-1,,201710000002076136,2017*理科试验班（数理科学类）*数理科学类,0,仙林校区,2017-2018学年 第1学期,76136,"仙Ⅱ-218,自由地点",0.0,否,,1,48,00,0,0,思想道德修养与法律基础,12,"第3节-第4节,第7节-第8节",仙II区,00000020
48.0,400290,思想道德修养与法律基础(20171-00000020-3),201710000002076145,思政课,3,,73,"4-18周,5-17周(单)",0,暴庆刚,"4-18周 周四 第3节-第4节 仙Ⅱ-213,5-17周(单) 周三 第7节-第8节 ",3.0,马克思主义学院,否,理论类课程,"周四,周三",2017-2018-1,,201710000002076145,2017*理科试验班（化学与生命科学类）*化学与生命科学类,0,仙林校区,2017-2018学年 第1学期,76145,"仙Ⅱ-213,自由地点",0.0,否,,1,48,00,0,0,思想道德修养与法律基础,12,"第3节-第4节,第7节-第8节",仙II区,00000020
48.0,400290,思想道德修养与法律基础(20171-00000020-4),201710000002076146,思政课,3,,113,"4-18周,5-17周(单)",0,戴雪红,"4-18周 周一 第1节-第2节 仙Ⅱ-405,5-17周(单) 周三 第7节-第8节 ",3.0,马克思主义学院,否,理论类课程,"周一,周三",2017-2018-1,,201710000002076146,2017*工科试验班*工科试验班,0,仙林校区,2017-2018学年 第1学期,76146,"仙Ⅱ-405,自由地点",0.0,否,,1,48,00,0,0,思想道德修养与法律基础,12,"第1节-第2节,第7节-第8节",仙II区,00000020
48.0,400290,思想道德修养与法律基础(20171-00000020-5),201710000002076147,思政课,3,,55,"4-18周,5-17周(单)",0,戴雪红,"4-18周 周一 第3节-第4节 仙Ⅱ-218,5-17周(单) 周三 第7节-第8节 ",3.0,马克思主义学院,否,理论类课程,"周一,周三",2017-2018-1,,201710000002076147,2017*理科试验班（地球科学与资源环境类）*地球科学与资源环境类,0,仙林校区,2017-2018学年 第1学期,76147,"仙Ⅱ-218,自由地点",0.0,否,,1,48,00,0,0,思想道德修养与法律基础,12,"第3节-第4节,第7节-第8节",仙II区,00000020
48.0,400290,思想道德修养与法律基础(20171-00000020-6),201710000002076148,思政课,3,,97,"4-18周,5-17周(单)",0,张伟,"4-18周 周五 第1节-第2节 仙Ⅱ-218,5-17周(单) 周三 第7节-第8节 ",3.0,马克思主义学院,否,理论类课程,"周五,周三",2017-2018-1,,201710000002076148,2017*计算机科学与技术类*计算机科学与技术类,0,仙林校区,2017-2018学年 第1学期,76148,"仙Ⅱ-218,自由地点",0.0,否,,1,48,00,0,0,思想道德修养与法律基础,12,"第1节-第2节,第7节-第8节",仙II区,00000020
48.0,400290,思想道德修养与法律基础(20171-00000020-7),201710000002076149,思政课,3,,91,"4-18周,5-17周(单)",0,张伟,"4-18周 周五 第3节-第4节 仙Ⅱ-218,5-17周(单) 周三 第7节-第8节 ",3.0,马克思主义学院,否,理论类课程,"周五,周三",2017-2018-1,,201710000002076149,2017*计算机科学与技术类*计算机科学与技术类,0,仙林校区,2017-2018学年 第1学期,76149,"仙Ⅱ-218,自由地点",0.0,否,,1,48,00,0,0,思想道德修养与法律基础,12,"第3节-第4节,第7节-第8节",仙II区,00000020
48.0,400290,思想道德修养与法律基础(20171-00000020-8),201710000002076150,思政课,3,,41,"4-18周,5-17周(单)",0,戴雪红,"4-18周 周二 第3节-第4节 仙Ⅰ-321,5-17周(单) 周三 第7节-第8节 ",3.0,马克思主义学院,否,理论类课程,"周二,周三",2017-2018-1,,201710000002076150,2017工程管理学院金融工程（计算机与金融工程方向）,0,仙林校区,2017-2018学年 第1学期,76150,"仙Ⅰ-321,自由地点",0.0,否,,1,48,00,0,0,思想道德修养与法律基础,11,"第3节-第4节,第7节-第8节",仙I区,00000020
48.0,400290,思想道德修养与法律基础(20171-00000020-9),201710000002076151,思政课,3,,74,"4-18周,5-17周(单)",0,张伟,"4-18周 周四 第3节-第4节 仙Ⅱ-218,5-17周(单) 周三 第7节-第8节 ",3.0,马克思主义学院,否,理论类课程,"周四,周三",2017-2018-1,,201710000002076151,2017*理科试验班（化学与生命科学类）*化学与生命科学类,0,仙林校区,2017-2018学年 第1学期,76151,"仙Ⅱ-218,自由地点",0.0,否,,1,48,00,0,0,思想道德修养与法律基础,12,"第3节-第4节,第7节-第8节",仙II区,00000020
48.0,400290,思想道德修养与法律基础(20171-00000020-10),201710000002076152,思政课,3,,111,"4-18周,5-17周(单)",0,吴翠丽,"5-17周(单) 周三 第7节-第8节 ,4-18周 周二 第9节-第10节 仙Ⅱ-304",3.0,马克思主义学院,否,理论类课程,"周二,周三",2017-2018-1,,201710000002076152,2017*工科试验班*工科试验班,0,仙林校区,2017-2018学年 第1学期,76152,"仙Ⅱ-304,自由地点",0.0,否,,1,48,00,0,0,思想道德修养与法律基础,12,"第9节-第10节,第7节-第8节",仙II区,00000020
48.0,400290,思想道德修养与法律基础(20171-00000020-11),201710000002076153,思政课,3,,132,"4-18周,5-17周(单)",0,吴翠丽,"5-17周(单) 周三 第7节-第8节 ,4-18周 周三 第9节-第10节 仙Ⅱ-403",3.0,马克思主义学院,否,理论类课程,"周三,周三",2017-2018-1,,201710000002076153,2017匡亚明学院理科强化班,0,仙林校区,2017-2018学年 第1学期,76153,"仙Ⅱ-403,自由地点",0.0,否,,1,48,00,0,0,思想道德修养与法律基础,12,"第9节-第10节,第7节-第8节",仙II区,00000020
48.0,400290,思想道德修养与法律基础(20171-00000020-12),201710000002076154,思政课,3,,95,"4-18周,5-17周(单)",0,吴翠丽,"5-17周(单) 周三 第7节-第8节 ,4-18周 周四 第9节-第10节 仙Ⅱ-218",3.0,马克思主义学院,否,理论类课程,"周四,周三",2017-2018-1,,201710000002076154,2017*计算机科学与技术类*计算机科学与技术类,0,仙林校区,2017-2018学年 第1学期,76154,"仙Ⅱ-218,自由地点",0.0,否,,1,48,00,0,0,思想道德修养与法律基础,12,"第9节-第10节,第7节-第8节",仙II区,00000020
48.0,400290,思想道德修养与法律基础(20171-00000020-13),201710000002076155,思政课,3,,113,"4-18周,5-17周(单)",0,李喜英,"4-18周 周一 第1节-第2节 仙Ⅱ-304,5-17周(单) 周三 第7节-第8节 ",3.0,马克思主义学院,否,理论类课程,"周一,周三",2017-2018-1,,201710000002076155,2017*工科试验班*工科试验班,0,仙林校区,2017-2018学年 第1学期,76155,"仙Ⅱ-304,自由地点",0.0,否,,1,48,00,0,0,思想道德修养与法律基础,12,"第1节-第2节,第7节-第8节",仙II区,00000020
48.0,400290,思想道德修养与法律基础(20171-00000020-14),201710000002076156,思政课,3,,96,"4-18周,5-17周(单)",0,李喜英,"4-18周 周二 第1节-第2节 仙Ⅰ-103,5-17周(单) 周三 第7节-第8节 ",3.0,马克思主义学院,否,理论类课程,"周二,周三",2017-2018-1,,201710000002076156,2017*理科试验班（地球科学与资源环境类）*地球科学与资源环境类,0,仙林校区,2017-2018学年 第1学期,76156,"仙Ⅰ-103,自由地点",0.0,否,,1,48,00,0,0,思想道德修养与法律基础,11,"第1节-第2节,第7节-第8节",仙I区,00000020
48.0,400290,思想道德修养与法律基础(20171-00000020-15),201710000002076157,思政课,3,,105,"4-18周,5-17周(单)",0,李喜英,"4-18周 周三 第1节-第2节 仙Ⅱ-304,5-17周(单) 周三 第7节-第8节 ",3.0,马克思主义学院,否,理论类课程,"周三,周三",2017-2018-1,,201710000002076157,2017*理科试验班（数理科学类）*数理科学类,0,仙林校区,2017-2018学年 第1学期,76157,"仙Ⅱ-304,自由地点",0.0,否,,1,48,00,0,0,思想道德修养与法律基础,12,"第1节-第2节,第7节-第8节",仙II区,00000020
48.0,400290,思想道德修养与法律基础(20171-00000020-16),201710000002076434,思政课,3,,43,"4-18周,5-17周(单)",0,陈继红,"4-18周 周三 第3节-第4节 仙Ⅱ-214,5-17周(单) 周三 第7节-第8节 ",3.0,马克思主义学院,否,理论类课程,"周三,周三",2017-2018-1,,201710000002076434,2017*理科试验班（数理科学类）*数理科学类,0,仙林校区,2017-2018学年 第1学期,76434,"仙Ⅱ-214,自由地点",0.0,否,,1,48,00,0,0,思想道德修养与法律基础,12,"第3节-第4节,第7节-第8节",仙II区,00000020
48.0,400290,思想道德修养与法律基础(20171-00000020-17),201710000002076435,思政课,3,,77,"4-18周,5-17周(单)",0,陈继红,"4-18周 周四 第3节-第4节 仙Ⅱ-214,5-17周(单) 周三 第7节-第8节 ",3.0,马克思主义学院,否,理论类课程,"周四,周三",2017-2018-1,,201710000002076435,2017*理科试验班（化学与生命科学类）*化学与生命科学类,0,仙林校区,2017-2018学年 第1学期,76435,"仙Ⅱ-214,自由地点",0.0,否,,1,48,00,0,0,思想道德修养与法律基础,12,"第3节-第4节,第7节-第8节",仙II区,00000020
48.0,400290,思想道德修养与法律基础(20171-00000020-18),201710000002076436,思政课,3,,96,"4-18周,5-17周(单)",0,陈继红,"4-18周 周四 第5节-第6节 仙Ⅱ-117,5-17周(单) 周三 第7节-第8节 ",3.0,马克思主义学院,否,理论类课程,"周四,周三",2017-2018-1,,201710000002076436,2017*理科试验班（地球科学与资源环境类）*地球科学与资源环境类,0,仙林校区,2017-2018学年 第1学期,76436,"仙Ⅱ-117,自由地点",0.0,否,,1,48,00,0,0,思想道德修养与法律基础,12,"第5节-第6节,第7节-第8节",仙II区,00000020
48.0,400290,毛泽东思想和中国特色社会主义理论体系概论（理论部分）(20171-00000030A-1),2017100000030A77135,思政课,3,,80,1-18周,0,李洪波,1-18周 周四 第5节-第7节 逸A-416,3.0,马克思主义学院,否,理论类课程,周四,2017-2018-1,,2017100000030A77135,"2015政府管理学院政治学与行政学,2015政府管理学院劳动与社会保障,2015政府管理学院国际政治,2015政府管理学院行政管理",0,仙林校区,2017-2018学年 第1学期,77135,逸A-416,0.0,否,,1,48,00,0,0,毛泽东思想和中国特色社会主义理论体系概论（理论部分）,15,第5节-第7节,逸夫楼A区,00000030A
48.0,400290,毛泽东思想和中国特色社会主义理论体系概论（理论部分）(20171-00000030A-2),2017100000030A77136,思政课,3,,100,1-18周,0,李洪波,1-18周 周二 第2节-第4节 逸B-104,3.0,马克思主义学院,否,理论类课程,周二,2017-2018-1,,2017100000030A77136,"2015新闻传播学院新闻学,2015新闻传播学院广播电视学,2015新闻传播学院新闻学（运动员班）,2015新闻传播学院广告学",0,仙林校区,2017-2018学年 第1学期,77136,逸B-104,0.0,否,,1,48,00,0,0,毛泽东思想和中国特色社会主义理论体系概论（理论部分）,16,第2节-第4节,逸夫楼B区,00000030A
48.0,400290,毛泽东思想和中国特色社会主义理论体系概论（理论部分）(20171-00000030A-3),2017100000030A77137,思政课,3,,45,1-18周,0,丁蕖,1-18周 周四 第5节-第7节 仙Ⅰ-321,3.0,马克思主义学院,否,理论类课程,周四,2017-2018-1,,2017100000030A77137,"2015外国语学院英语,2015外国语学院朝鲜语",0,仙林校区,2017-2018学年 第1学期,77137,仙Ⅰ-321,0.0,否,,1,48,00,0,0,毛泽东思想和中国特色社会主义理论体系概论（理论部分）,11,第5节-第7节,仙I区,00000030A
48.0,400290,毛泽东思想和中国特色社会主义理论体系概论（理论部分）(20171-00000030A-4),2017100000030A77138,思政课,3,,38,1-18周,0,丁蕖,1-18周 周四 第9节-第11节 逸B-104,3.0,马克思主义学院,否,理论类课程,周四,2017-2018-1,,2017100000030A77138,"2015外国语学院俄语,2015外国语学院西班牙语,2015外国语学院德语,2015外国语学院法语,2015外国语学院日语",0,仙林校区,2017-2018学年 第1学期,77138,逸B-104,0.0,否,,1,48,00,0,0,毛泽东思想和中国特色社会主义理论体系概论（理论部分）,16,第9节-第11节,逸夫楼B区,00000030A
48.0,400290,毛泽东思想和中国特色社会主义理论体系概论（理论部分）(20171-00000030A-5),2017100000030A77140,思政课,3,,100,1-18周,0,周芳玉,1-18周 周四 第2节-第4节 逸B-104,3.0,马克思主义学院,否,理论类课程,周四,2017-2018-1,,2017100000030A77140,"2015文学院汉语言文学,2015文学院戏剧影视文学",0,仙林校区,2017-2018学年 第1学期,77140,逸B-104,0.0,否,,1,48,00,0,0,毛泽东思想和中国特色社会主义理论体系概论（理论部分）,16,第2节-第4节,逸夫楼B区,00000030A
48.0,400290,毛泽东思想和中国特色社会主义理论体系概论（理论部分）(20171-00000030A-6),2017100000030A77142,思政课,3,,91,1-18周,0,周芳玉,1-18周 周四 第5节-第7节 逸B-305,3.0,马克思主义学院,否,理论类课程,周四,2017-2018-1,,2017100000030A77142,"2015信息管理学院信息管理与信息系统,2015信息管理学院编辑出版学,2015信息管理学院档案学,2015信息管理学院图书馆学",0,仙林校区,2017-2018学年 第1学期,77142,逸B-305,0.0,否,,1,48,00,0,0,毛泽东思想和中国特色社会主义理论体系概论（理论部分）,16,第5节-第7节,逸夫楼B区,00000030A
48.0,400290,毛泽东思想和中国特色社会主义理论体系概论（理论部分）(20171-00000030A-7),2017100000030A77143,思政课,3,,55,1-18周,0,高静,1-18周 周一 第2节-第4节 仙Ⅱ-112,3.0,马克思主义学院,否,理论类课程,周一,2017-2018-1,,2017100000030A77143,"2015哲学学院哲学,2015海外教育学院汉语国际教育",0,仙林校区,2017-2018学年 第1学期,77143,仙Ⅱ-112,0.0,否,,1,48,00,0,0,毛泽东思想和中国特色社会主义理论体系概论（理论部分）,12,第2节-第4节,仙II区,00000030A
48.0,400290,毛泽东思想和中国特色社会主义理论体系概论（理论部分）(20171-00000030A-8),2017100000030A77144,思政课,3,,54,1-18周,0,高静,1-18周 周一 第5节-第7节 仙Ⅱ-112,3.0,马克思主义学院,否,理论类课程,周一,2017-2018-1,,2017100000030A77144,"2015社会学院社会学,2015社会学院应用心理学,2015社会学院社会工作",0,仙林校区,2017-2018学年 第1学期,77144,仙Ⅱ-112,0.0,否,,1,48,00,0,0,毛泽东思想和中国特色社会主义理论体系概论（理论部分）,12,第5节-第7节,仙II区,00000030A
48.0,400290,毛泽东思想和中国特色社会主义理论体系概论（理论部分）(20171-00000030A-9),2017100000030A77146,思政课,3,,128,1-18周,0,沈伯平,1-18周 周三 第2节-第4节 逸B-212,3.0,马克思主义学院,否,理论类课程,周三,2017-2018-1,,2017100000030A77146,"2015商学院经济学,2015商学院经济学（产业经济方向）,2015商学院国际经济与贸易",0,仙林校区,2017-2018学年 第1学期,77146,逸B-212,0.0,否,,1,48,00,0,0,毛泽东思想和中国特色社会主义理论体系概论（理论部分）,16,第2节-第4节,逸夫楼B区,00000030A
48.0,400290,毛泽东思想和中国特色社会主义理论体系概论（理论部分）(20171-00000030A-10),2017100000030A77148,思政课,3,,96,1-18周,0,沈伯平,1-18周 周三 第5节-第7节 逸B-104,3.0,马克思主义学院,否,理论类课程,周三,2017-2018-1,,2017100000030A77148,"2015商学院金融学,2015商学院金融工程,2015商学院保险学",0,仙林校区,2017-2018学年 第1学期,77148,逸B-104,0.0,否,,1,48,00,0,0,毛泽东思想和中国特色社会主义理论体系概论（理论部分）,16,第5节-第7节,逸夫楼B区,00000030A
48.0,400290,毛泽东思想和中国特色社会主义理论体系概论（理论部分）(20171-00000030A-11),2017100000030A77149,思政课,3,,101,1-18周,0,甘季国,1-18周 周二 第5节-第7节 仙Ⅱ-406,3.0,马克思主义学院,否,理论类课程,周二,2017-2018-1,,2017100000030A77149,"2015商学院工商管理,2015商学院工商管理（人力资源管理方向）,2015商学院电子商务",0,仙林校区,2017-2018学年 第1学期,77149,仙Ⅱ-406,0.0,否,,1,48,00,0,0,毛泽东思想和中国特色社会主义理论体系概论（理论部分）,12,第5节-第7节,仙II区,00000030A
48.0,400290,毛泽东思想和中国特色社会主义理论体系概论（理论部分）(20171-00000030A-12),2017100000030A77152,思政课,3,,107,1-18周,0,甘季国,1-18周 周一 第5节-第7节 逸B-207,3.0,马克思主义学院,否,理论类课程,周一,2017-2018-1,,2017100000030A77152,"2015商学院会计学,2015商学院市场营销,2015商学院财务管理",0,仙林校区,2017-2018学年 第1学期,77152,逸B-207,0.0,否,,1,48,00,0,0,毛泽东思想和中国特色社会主义理论体系概论（理论部分）,16,第5节-第7节,逸夫楼B区,00000030A
48.0,400290,毛泽东思想和中国特色社会主义理论体系概论（理论部分）(20171-00000030A-13),2017100000030A77153,思政课,3,,87,1-18周,0,王学荣,1-18周 周一 第5节-第7节 仙Ⅱ-420,3.0,马克思主义学院,否,理论类课程,周一,2017-2018-1,,2017100000030A77153,2015法学院法学,0,仙林校区,2017-2018学年 第1学期,77153,仙Ⅱ-420,0.0,否,,1,48,00,0,0,毛泽东思想和中国特色社会主义理论体系概论（理论部分）,12,第5节-第7节,仙II区,00000030A
48.0,400290,毛泽东思想和中国特色社会主义理论体系概论（理论部分）(20171-00000030A-14),2017100000030A78123,思政课,3,,98,4-18周,0,王学荣,4-18周 周五 第2节-第4节 逸B-507,3.0,马克思主义学院,否,理论类课程,周五,2017-2018-1,,2017100000030A78123,,0,仙林校区,2017-2018学年 第1学期,78123,逸B-507,0.0,否,,1,48,00,0,0,毛泽东思想和中国特色社会主义理论体系概论（理论部分）,16,第2节-第4节,逸夫楼B区,00000030A
48.0,400290,毛泽东思想和中国特色社会主义理论体系概论（理论部分）(20171-00000030A-15),2017100000030A78126,思政课,3,,18,4-18周,0,赵浩,4-18周 周一 第5节-第7节 仙Ⅰ-324,3.0,马克思主义学院,否,理论类课程,周一,2017-2018-1,,2017100000030A78126,,0,仙林校区,2017-2018学年 第1学期,78126,仙Ⅰ-324,0.0,否,,1,48,00,0,0,毛泽东思想和中国特色社会主义理论体系概论（理论部分）,11,第5节-第7节,仙I区,00000030A
48.0,400290,毛泽东思想和中国特色社会主义理论体系概论（理论部分）(20171-00000030A-16),2017100000030A78129,思政课,3,,103,4-18周,0,赵浩,4-18周 周一 第9节-第11节 逸B-405,3.0,马克思主义学院,否,理论类课程,周一,2017-2018-1,,2017100000030A78129,,0,仙林校区,2017-2018学年 第1学期,78129,逸B-405,0.0,否,,1,48,00,0,0,毛泽东思想和中国特色社会主义理论体系概论（理论部分）,16,第9节-第11节,逸夫楼B区,00000030A
48.0,400290,毛泽东思想和中国特色社会主义理论体系概论（实践部分）（重修班）,2017100000030B81422,思政课,3,,2,,0,,,2.0,马克思主义学院,否,实践类课程,,2017-2018-1,,2017100000030B81422,,0,仙林校区,2017-2018学年 第1学期,81422,,0.0,否,,3,0,00,32,0,毛泽东思想和中国特色社会主义理论体系概论（实践部分）,,,,00000030B
48.0,400290,毛泽东思想和中国特色社会主义理论体系概论（实践部分）(20162-00000030B-22),2017100000030B81423,思政课,3,,79,,0,丁蕖, 自由时间 - ,2.0,马克思主义学院,否,实践类课程,自由时间,2017-2018-1,,2017100000030B81423,,0,仙林校区,2017-2018学年 第1学期,81423,无,0.0,否,,3,0,00,32,0,毛泽东思想和中国特色社会主义理论体系概论（实践部分）,,自由时间,,00000030B
48.0,400290,毛泽东思想和中国特色社会主义理论体系概论（实践部分）(20162-00000030B-11),2017100000030B81424,思政课,3,,98,,0,高静, 自由时间 - ,2.0,马克思主义学院,否,实践类课程,自由时间,2017-2018-1,,2017100000030B81424,,0,仙林校区,2017-2018学年 第1学期,81424,无,0.0,否,,3,0,00,32,0,毛泽东思想和中国特色社会主义理论体系概论（实践部分）,,自由时间,,00000030B
48.0,400290,毛泽东思想和中国特色社会主义理论体系概论（实践部分）(20162-00000030B-15),2017100000030B81425,思政课,3,,95,,0,甘季国, 自由时间 - ,2.0,马克思主义学院,否,实践类课程,自由时间,2017-2018-1,,2017100000030B81425,,0,仙林校区,2017-2018学年 第1学期,81425,无,0.0,否,,3,0,00,32,0,毛泽东思想和中国特色社会主义理论体系概论（实践部分）,,自由时间,,00000030B
48.0,400290,毛泽东思想和中国特色社会主义理论体系概论（实践部分）(20162-00000030B-16),2017100000030B81426,思政课,3,,122,,0,甘季国, 自由时间 - ,2.0,马克思主义学院,否,实践类课程,自由时间,2017-2018-1,,2017100000030B81426,,0,仙林校区,2017-2018学年 第1学期,81426,无,0.0,否,,3,0,00,32,0,毛泽东思想和中国特色社会主义理论体系概论（实践部分）,,自由时间,,00000030B
48.0,400290,毛泽东思想和中国特色社会主义理论体系概论（实践部分）(20162-00000030B-17),2017100000030B81427,思政课,3,,63,,0,王学荣, 自由时间 - ,2.0,马克思主义学院,否,实践类课程,自由时间,2017-2018-1,,2017100000030B81427,,0,仙林校区,2017-2018学年 第1学期,81427,无,0.0,否,,3,0,00,32,0,毛泽东思想和中国特色社会主义理论体系概论（实践部分）,,自由时间,,00000030B
48.0,400290,毛泽东思想和中国特色社会主义理论体系概论（实践部分）(20162-00000030B-2),2017100000030B81428,思政课,3,,86,,0,李洪波, 自由时间 - ,2.0,马克思主义学院,否,实践类课程,自由时间,2017-2018-1,,2017100000030B81428,,0,仙林校区,2017-2018学年 第1学期,81428,无,0.0,否,,3,0,00,32,0,毛泽东思想和中国特色社会主义理论体系概论（实践部分）,,自由时间,,00000030B
48.0,400290,毛泽东思想和中国特色社会主义理论体系概论（实践部分）(20162-00000030B-3),2017100000030B81429,思政课,3,,137,,0,李洪波, 自由时间 - ,2.0,马克思主义学院,否,实践类课程,自由时间,2017-2018-1,,2017100000030B81429,,0,仙林校区,2017-2018学年 第1学期,81429,无,0.0,否,,3,0,00,32,0,毛泽东思想和中国特色社会主义理论体系概论（实践部分）,,自由时间,,00000030B
48.0,400290,毛泽东思想和中国特色社会主义理论体系概论（实践部分）(20162-00000030B-4),2017100000030B81430,思政课,3,,110,,0,丁蕖, 自由时间 - ,2.0,马克思主义学院,否,实践类课程,自由时间,2017-2018-1,,2017100000030B81430,,0,仙林校区,2017-2018学年 第1学期,81430,无,0.0,否,,3,0,00,32,0,毛泽东思想和中国特色社会主义理论体系概论（实践部分）,,自由时间,,00000030B
48.0,400290,毛泽东思想和中国特色社会主义理论体系概论（实践部分）(20162-00000030B-5),2017100000030B81431,思政课,1,,116,,0,周芳玉, 自由时间 - ,2.0,马克思主义学院,否,实践类课程,自由时间,2017-2018-1,,2017100000030B81431,,0,鼓楼校区,2017-2018学年 第1学期,81431,无,0.0,否,,3,0,00,32,0,毛泽东思想和中国特色社会主义理论体系概论（实践部分）,,自由时间,,00000030B
48.0,400290,毛泽东思想和中国特色社会主义理论体系概论（实践部分）(20162-00000030B-18),2017100000030B81432,思政课,3,,91,,0,王学荣, 自由时间 - ,2.0,马克思主义学院,否,实践类课程,自由时间,2017-2018-1,,2017100000030B81432,,0,仙林校区,2017-2018学年 第1学期,81432,无,0.0,否,,3,0,00,32,0,毛泽东思想和中国特色社会主义理论体系概论（实践部分）,,自由时间,,00000030B
48.0,400290,毛泽东思想和中国特色社会主义理论体系概论（实践部分）(20162-00000030B-21),2017100000030B81433,思政课,3,,69,,0,沈伯平, 自由时间 - ,2.0,马克思主义学院,否,实践类课程,自由时间,2017-2018-1,,2017100000030B81433,,0,仙林校区,2017-2018学年 第1学期,81433,无,0.0,否,,3,0,00,32,0,毛泽东思想和中国特色社会主义理论体系概论（实践部分）,,自由时间,,00000030B
48.0,400290,毛泽东思想和中国特色社会主义理论体系概论（实践部分）(20162-00000030B-20),2017100000030B81434,思政课,3,,91,,0,丁蕖, 自由时间 - ,2.0,马克思主义学院,否,实践类课程,自由时间,2017-2018-1,,2017100000030B81434,,0,仙林校区,2017-2018学年 第1学期,81434,无,0.0,否,,3,0,00,32,0,毛泽东思想和中国特色社会主义理论体系概论（实践部分）,,自由时间,,00000030B
48.0,400290,毛泽东思想和中国特色社会主义理论体系概论（实践部分）(20162-00000030B-1),2017100000030B81435,思政课,3,,102,,0,李洪波, 自由时间 - ,2.0,马克思主义学院,否,实践类课程,自由时间,2017-2018-1,,2017100000030B81435,,0,仙林校区,2017-2018学年 第1学期,81435,无,0.0,否,,3,0,00,32,0,毛泽东思想和中国特色社会主义理论体系概论（实践部分）,,自由时间,,00000030B
48.0,400290,毛泽东思想和中国特色社会主义理论体系概论（实践部分）(20162-00000030B-6),2017100000030B81436,思政课,3,,119,,0,周芳玉, 自由时间 - ,2.0,马克思主义学院,否,实践类课程,自由时间,2017-2018-1,,2017100000030B81436,,0,仙林校区,2017-2018学年 第1学期,81436,无,0.0,否,,3,0,00,32,0,毛泽东思想和中国特色社会主义理论体系概论（实践部分）,,自由时间,,00000030B
48.0,400290,毛泽东思想和中国特色社会主义理论体系概论（实践部分）(20162-00000030B-7),2017100000030B81437,思政课,3,,118,,0,周芳玉, 自由时间 - ,2.0,马克思主义学院,否,实践类课程,自由时间,2017-2018-1,,2017100000030B81437,,0,仙林校区,2017-2018学年 第1学期,81437,无,0.0,否,,3,0,00,32,0,毛泽东思想和中国特色社会主义理论体系概论（实践部分）,,自由时间,,00000030B
48.0,400290,毛泽东思想和中国特色社会主义理论体系概论（实践部分）(20162-00000030B-8),2017100000030B81438,思政课,3,,135,,0,张杰华, 自由时间 - ,2.0,马克思主义学院,否,实践类课程,自由时间,2017-2018-1,,2017100000030B81438,,0,仙林校区,2017-2018学年 第1学期,81438,无,0.0,否,,3,0,00,32,0,毛泽东思想和中国特色社会主义理论体系概论（实践部分）,,自由时间,,00000030B
48.0,400290,毛泽东思想和中国特色社会主义理论体系概论（实践部分）(20162-00000030B-9),2017100000030B81439,思政课,3,,67,,0,张杰华, 自由时间 - ,2.0,马克思主义学院,否,实践类课程,自由时间,2017-2018-1,,2017100000030B81439,,0,仙林校区,2017-2018学年 第1学期,81439,无,0.0,否,,3,0,00,32,0,毛泽东思想和中国特色社会主义理论体系概论（实践部分）,,自由时间,,00000030B
48.0,400290,毛泽东思想和中国特色社会主义理论体系概论（实践部分）(20162-00000030B-10),2017100000030B81440,思政课,3,,78,,0,高静, 自由时间 - ,2.0,马克思主义学院,否,实践类课程,自由时间,2017-2018-1,,2017100000030B81440,,0,仙林校区,2017-2018学年 第1学期,81440,无,0.0,否,,3,0,00,32,0,毛泽东思想和中国特色社会主义理论体系概论（实践部分）,,自由时间,,00000030B
48.0,400290,毛泽东思想和中国特色社会主义理论体系概论（实践部分）(20162-00000030B-12),2017100000030B81441,思政课,3,,65,,0,高静, 自由时间 - ,2.0,马克思主义学院,否,实践类课程,自由时间,2017-2018-1,,2017100000030B81441,,0,仙林校区,2017-2018学年 第1学期,81441,无,0.0,否,,3,0,00,32,0,毛泽东思想和中国特色社会主义理论体系概论（实践部分）,,自由时间,,00000030B
48.0,400290,毛泽东思想和中国特色社会主义理论体系概论（实践部分）(20162-00000030B-13),2017100000030B81442,思政课,3,,86,,0,沈伯平, 自由时间 - ,2.0,马克思主义学院,否,实践类课程,自由时间,2017-2018-1,,2017100000030B81442,,0,仙林校区,2017-2018学年 第1学期,81442,无,0.0,否,,3,0,00,32,0,毛泽东思想和中国特色社会主义理论体系概论（实践部分）,,自由时间,,00000030B
48.0,400290,毛泽东思想和中国特色社会主义理论体系概论（实践部分）(20162-00000030B-14),2017100000030B81443,思政课,1,,90,,0,甘季国, 自由时间 - ,2.0,马克思主义学院,否,实践类课程,自由时间,2017-2018-1,,2017100000030B81443,,0,鼓楼校区,2017-2018学年 第1学期,81443,无,0.0,否,,3,0,00,32,0,毛泽东思想和中国特色社会主义理论体系概论（实践部分）,,自由时间,,00000030B
48.0,400290,毛泽东思想和中国特色社会主义理论体系概论（实践部分）(20162-00000030B-19),2017100000030B81444,思政课,3,,98,,0,沈伯平, 自由时间 - ,2.0,马克思主义学院,否,实践类课程,自由时间,2017-2018-1,,2017100000030B81444,,0,仙林校区,2017-2018学年 第1学期,81444,无,0.0,否,,3,0,00,32,0,毛泽东思想和中国特色社会主义理论体系概论（实践部分）,,自由时间,,00000030B
32.0,400290,中国近现代史纲要(20171-00000040-1),201710000004077029,思政课,3,,137,1-18周,0,黄骏,1-18周 周四 第1节-第2节 仙Ⅰ-524,2.0,马克思主义学院,否,理论类课程,周四,2017-2018-1,,201710000004077029,"2016电子科学与工程学院电子信息类,2016电子科学与工程学院微电子科学与工程,2016电子科学与工程学院通信工程,2016电子科学与工程学院电子信息科学与技术",0,仙林校区,2017-2018学年 第1学期,77029,仙Ⅰ-524,0.0,否,,1,32,00,0,0,中国近现代史纲要,11,第1节-第2节,仙I区,00000040
32.0,400290,中国近现代史纲要(20171-00000040-2),201710000004077030,思政课,3,,128,1-18周,0,黄骏,1-18周 周四 第5节-第6节 仙Ⅱ-405,2.0,马克思主义学院,否,理论类课程,周四,2017-2018-1,,201710000004077030,"2016电子科学与工程学院电子信息类,2016电子科学与工程学院微电子科学与工程,2016电子科学与工程学院通信工程,2016电子科学与工程学院电子信息科学与技术",0,仙林校区,2017-2018学年 第1学期,77030,仙Ⅱ-405,0.0,否,,1,32,00,0,0,中国近现代史纲要,12,第5节-第6节,仙II区,00000040
32.0,400290,中国近现代史纲要(20171-00000040-3),201710000004077231,思政课,3,,127,1-18周,0,刘握宇,1-18周 周四 第7节-第8节 仙Ⅱ-303,2.0,马克思主义学院,否,理论类课程,周四,2017-2018-1,,201710000004077231,"2016环境学院环境工程,2016建筑与城市规划学院城乡规划,2016建筑与城市规划学院建筑学,2016环境学院环境科学（环规）,2016环境学院环境科学（环生）,2016环境学院环境科学（环化）",0,仙林校区,2017-2018学年 第1学期,77231,仙Ⅱ-303,0.0,否,,1,32,00,0,0,中国近现代史纲要,12,第7节-第8节,仙II区,00000040
32.0,400290,中国近现代史纲要(20171-00000040-4),201710000004077236,思政课,3,,102,1-18周,0,刘握宇,1-18周 周四 第9节-第10节 逸B-405,2.0,马克思主义学院,否,理论类课程,周四,2017-2018-1,,201710000004077236,"2016化学学院化学,2016化学学院应用化学",0,仙林校区,2017-2018学年 第1学期,77236,逸B-405,0.0,否,,1,32,00,0,0,中国近现代史纲要,16,第9节-第10节,逸夫楼B区,00000040
32.0,400290,中国近现代史纲要(20171-00000040-5),201710000004077239,思政课,3,,85,1-18周,0,刘握宇,1-18周 周五 第3节-第4节 逸B-305,2.0,马克思主义学院,否,理论类课程,周五,2017-2018-1,,201710000004077239,2016生命科学学院生物科学类,0,仙林校区,2017-2018学年 第1学期,77239,逸B-305,0.0,否,,1,32,00,0,0,中国近现代史纲要,16,第3节-第4节,逸夫楼B区,00000040
32.0,400290,中国近现代史纲要(20171-00000040-6),201710000004077242,思政课,3,,149,1-18周,0,刘握宇,1-18周 周五 第1节-第2节 逸B-101,2.0,马克思主义学院,否,理论类课程,周五,2017-2018-1,,201710000004077242,2016数学学院数学类,0,仙林校区,2017-2018学年 第1学期,77242,逸B-101,0.0,否,,1,32,00,0,0,中国近现代史纲要,16,第1节-第2节,逸夫楼B区,00000040
32.0,400290,中国近现代史纲要(20171-00000040-7),201710000004077243,思政课,3,,90,1-18周,0,黄骏,1-18周 周四 第3节-第4节 仙Ⅰ-321,2.0,马克思主义学院,否,理论类课程,周四,2017-2018-1,,201710000004077243,"2016地理与海洋科学学院地理科学,2016地理与海洋科学学院自然地理与资源环境,2016地理与海洋科学学院地理信息科学,2016地理与海洋科学学院海洋科学",0,仙林校区,2017-2018学年 第1学期,77243,仙Ⅰ-321,0.0,否,,1,32,00,0,0,中国近现代史纲要,11,第3节-第4节,仙I区,00000040
32.0,400290,中国近现代史纲要(20171-00000040-8),201710000004077245,思政课,3,,102,1-18周,0,王楠,1-18周 周二 第9节-第10节 逸B-207,2.0,马克思主义学院,否,理论类课程,周二,2017-2018-1,,201710000004077245,"2016医学院临床医学（八年制）,2016医学院口腔医学（5+3）,2016医学院临床医学（5+3）",0,仙林校区,2017-2018学年 第1学期,77245,逸B-207,0.0,否,,1,32,00,0,0,中国近现代史纲要,16,第9节-第10节,逸夫楼B区,00000040
32.0,400290,中国近现代史纲要(20171-00000040-9),201710000004077246,思政课,3,,120,1-18周,0,王楠,1-18周 周三 第1节-第2节 逸B-313,2.0,马克思主义学院,否,理论类课程,周三,2017-2018-1,,201710000004077246,2016计算机学院计算机科学与技术,0,仙林校区,2017-2018学年 第1学期,77246,逸B-313,0.0,否,,1,32,00,0,0,中国近现代史纲要,16,第1节-第2节,逸夫楼B区,00000040
32.0,400290,中国近现代史纲要(20171-00000040-10),201710000004077248,思政课,3,,88,1-18周,0,王楠,1-18周 周三 第7节-第8节 逸B-305,2.0,马克思主义学院,否,理论类课程,周三,2017-2018-1,,201710000004077248,2016计算机学院计算机科学与技术,0,仙林校区,2017-2018学年 第1学期,77248,逸B-305,0.0,否,,1,32,00,0,0,中国近现代史纲要,16,第7节-第8节,逸夫楼B区,00000040
32.0,400290,中国近现代史纲要(20171-00000040-11),201710000004077250,思政课,3,,95,1-18周,0,杨丹伟,1-18周 周三 第3节-第4节 逸B-205,2.0,马克思主义学院,否,理论类课程,周三,2017-2018-1,,201710000004077250,2016软件学院软件工程,0,仙林校区,2017-2018学年 第1学期,77250,逸B-205,0.0,否,,1,32,00,0,0,中国近现代史纲要,16,第3节-第4节,逸夫楼B区,00000040
32.0,400290,中国近现代史纲要(20171-00000040-12),201710000004077259,思政课,3,,106,1-18周,0,杨丹伟,1-18周 周三 第5节-第6节 逸B-205,2.0,马克思主义学院,否,理论类课程,周三,2017-2018-1,,201710000004077259,2016软件学院软件工程,0,仙林校区,2017-2018学年 第1学期,77259,逸B-205,0.0,否,,1,32,00,0,0,中国近现代史纲要,16,第5节-第6节,逸夫楼B区,00000040
32.0,400290,中国近现代史纲要(20171-00000040-13),201710000004077262,思政课,3,,87,1-18周,0,王建华(小),1-18周 周三 第5节-第6节 仙Ⅱ-311,2.0,马克思主义学院,否,理论类课程,周三,2017-2018-1,,201710000004077262,"2014哲学学院哲学,2016哲学学院哲学,2015哲学学院哲学",0,仙林校区,2017-2018学年 第1学期,77262,仙Ⅱ-311,0.0,否,,1,32,00,0,0,中国近现代史纲要,12,第5节-第6节,仙II区,00000040
32.0,400290,中国近现代史纲要(20171-00000040-14),201710000004077361,思政课,3,,121,1-18周,0,熊秋良,1-18周 周三 第1节-第2节 逸B-104,2.0,马克思主义学院,否,理论类课程,周三,2017-2018-1,,201710000004077361,2016物理学院物理学（拔尖计划）,0,仙林校区,2017-2018学年 第1学期,77361,逸B-104,0.0,否,,1,32,00,0,0,中国近现代史纲要,16,第1节-第2节,逸夫楼B区,00000040
32.0,400290,中国近现代史纲要(20171-00000040-15),201710000004077362,思政课,3,,87,1-18周,0,熊秋良,1-18周 周三 第3节-第4节 逸B-305,2.0,马克思主义学院,否,理论类课程,周三,2017-2018-1,,201710000004077362,,0,仙林校区,2017-2018学年 第1学期,77362,逸B-305,0.0,否,,1,32,00,0,0,中国近现代史纲要,16,第3节-第4节,逸夫楼B区,00000040
32.0,400290,中国近现代史纲要(20171-00000040-17),201710000004077636,思政课,3,,100,1-18周,0,倪春纳,1-18周 周一 第3节-第4节 仙Ⅱ-306,2.0,马克思主义学院,否,理论类课程,周一,2017-2018-1,,201710000004077636,2016匡亚明学院理科强化班,0,仙林校区,2017-2018学年 第1学期,77636,仙Ⅱ-306,0.0,否,,1,32,00,0,0,中国近现代史纲要,12,第3节-第4节,仙II区,00000040
32.0,400290,中国近现代史纲要(20171-00000040-17),201710000004077637,思政课,3,,94,1-18周,0,倪春纳,1-18周 周一 第7节-第8节 仙Ⅱ-306,2.0,马克思主义学院,否,理论类课程,周一,2017-2018-1,,201710000004077637,2016匡亚明学院理科强化班,0,仙林校区,2017-2018学年 第1学期,77637,仙Ⅱ-306,0.0,否,,1,32,00,0,0,中国近现代史纲要,12,第7节-第8节,仙II区,00000040
32.0,400290,中国近现代史纲要(20171-00000040-18),201710000004077639,思政课,3,,55,1-18周,0,倪春纳,1-18周 周一 第1节-第2节 仙Ⅱ-301,2.0,马克思主义学院,否,理论类课程,周一,2017-2018-1,,201710000004077639,2016大气科学学院大气科学类,0,仙林校区,2017-2018学年 第1学期,77639,仙Ⅱ-301,0.0,否,,1,32,00,0,0,中国近现代史纲要,12,第1节-第2节,仙II区,00000040
32.0,400290,中国近现代史纲要(20171-00000040-19),201710000004077805,思政课,3,,143,1-18周,0,黄骏,1-18周 周三 第5节-第6节 仙Ⅰ-524,2.0,马克思主义学院,否,理论类课程,周三,2017-2018-1,,201710000004077805,"2016地球科学与工程学院地质学,2016地球科学与工程学院理科试验班（地球系统科学与环境）,2016地球科学与工程学院地质学（地球物理学方向）,2016地球科学与工程学院地下水科学与工程,2016地球科学与工程学院水文与水资源工程,2016地球科学与工程学院地质工程,2016地球科学与工程学院地球化学",0,仙林校区,2017-2018学年 第1学期,77805,仙Ⅰ-524,0.0,否,,1,32,00,0,0,中国近现代史纲要,11,第5节-第6节,仙I区,00000040
32.0,400290,中国近现代史纲要(20171-00000040-20),201710000004078120,思政课,3,,40,4-18周,0,黄骏,4-18周 周三 第1节-第2节 逸B-507,2.0,马克思主义学院,否,理论类课程,周三,2017-2018-1,,201710000004078120,,0,仙林校区,2017-2018学年 第1学期,78120,逸B-507,0.0,否,,1,32,00,0,0,中国近现代史纲要,16,第1节-第2节,逸夫楼B区,00000040
16.0,400070,形势与政策（上）(20171-00000050A-1),2017100000050A79084,思政课,3,,168,2-18周(双),0,陈静(学工),2-18周(双) 周三 第9节-第10节 图书馆127,1.0,外国语学院,否,理论类课程,周三,2017-2018-1,,2017100000050A79084,"2017外国语学院英语,2017外国语学院朝鲜语,2017外国语学院西班牙语,2017外国语学院德语,2017外国语学院法语,2017外国语学院日语,2017外国语学院俄语",0,仙林校区,2017-2018学年 第1学期,79084,图书馆127,0.0,否,,1,16,00,0,0,形势与政策（上）,18,第9节-第10节,图书馆,00000050A
80.0,400110,微积分I(第一层次)(20171-00010011A-1),2017100010011A76565,数学课,3,,168,"4-18周,4-18周,4-18周",0,黄卫华,"4-18周 周二 第1节-第2节 仙Ⅰ-108,4-18周 周二 第5节-第6节 逸B-212,4-18周 周四 第1节-第2节 仙Ⅰ-108",5.0,数学学院,否,理论+实践课程,"周二,周二,周四",2017-2018-1,,2017100010011A76565,"2017计算机学院计算机科学与技术,2017*计算机科学与技术类*计算机科学与技术类,2017工程管理学院金融工程（计算机与金融工程方向）",0,仙林校区,2017-2018学年 第1学期,76565,"仙Ⅰ-108,逸B-212,仙Ⅰ-108",0.0,否,,5,64,01,32,0,微积分I(第一层次),"11,16","第1节-第2节,第5节-第6节,第1节-第2节","仙I区, 逸夫楼B区",00010011A
80.0,400110,微积分I(第一层次)(20171-00010011A-2),2017100010011A76566,数学课,3,,125,"4-18周,4-18周,4-18周",0,周国飞,"4-18周 周二 第1节-第2节 仙Ⅱ-403,4-18周 周二 第3节-第4节 仙Ⅱ-403,4-18周 周四 第1节-第2节 仙Ⅱ-403",5.0,数学学院,否,理论+实践课程,"周二,周二,周四",2017-2018-1,,2017100010011A76566,"2017计算机学院计算机科学与技术,2017*计算机科学与技术类*计算机科学与技术类",0,仙林校区,2017-2018学年 第1学期,76566,"仙Ⅱ-403,仙Ⅱ-403,仙Ⅱ-403",0.0,否,,5,64,01,32,0,微积分I(第一层次),12,"第1节-第2节,第3节-第4节,第1节-第2节",仙II区,00010011A
80.0,400110,微积分I(第一层次)(20171-00010011A-3),2017100010011A76567,数学课,3,,171,"4-18周,4-18周,4-18周",0,孔敏,"4-18周 周一 第1节-第2节 仙Ⅰ-207,4-18周 周四 第1节-第2节 仙Ⅰ-320,4-18周 周三 第1节-第2节 仙Ⅰ-207",5.0,数学学院,否,理论+实践课程,"周一,周三,周四",2017-2018-1,,2017100010011A76567,2017*经济管理试验班*经济管理试验班,0,仙林校区,2017-2018学年 第1学期,76567,"仙Ⅰ-207,仙Ⅰ-207,仙Ⅰ-320",0.0,否,,5,64,01,32,0,微积分I(第一层次),11,"第1节-第2节,第1节-第2节,第1节-第2节",仙I区,00010011A
80.0,400110,微积分I(第一层次)(20171-00010011A-4),2017100010011A76568,数学课,3,,125,"4-18周,4-18周,4-18周",0,孔敏,"4-18周 周一 第3节-第4节 仙Ⅱ-303,4-18周 周四 第3节-第4节 仙Ⅱ-303,4-18周 周三 第3节-第4节 仙Ⅱ-303",5.0,数学学院,否,理论+实践课程,"周一,周四,周三",2017-2018-1,,2017100010011A76568,2017*工科试验班*工科试验班,0,仙林校区,2017-2018学年 第1学期,76568,"仙Ⅱ-303,仙Ⅱ-303,仙Ⅱ-303",0.0,否,,5,64,01,32,0,微积分I(第一层次),12,"第3节-第4节,第3节-第4节,第3节-第4节",仙II区,00010011A
80.0,400110,微积分I(第一层次)(20171-00010011A-5),2017100010011A76569,数学课,3,,113,"4-18周,4-18周,4-18周",0,耿建生,"4-18周 周一 第3节-第4节 仙Ⅱ-305,4-18周 周一 第5节-第6节 仙Ⅱ-305,4-18周 周四 第3节-第4节 仙Ⅱ-305",5.0,数学学院,否,理论+实践课程,"周一,周一,周四",2017-2018-1,,2017100010011A76569,2017软件学院软件工程,0,仙林校区,2017-2018学年 第1学期,76569,"仙Ⅱ-305,仙Ⅱ-305,仙Ⅱ-305",0.0,否,,5,64,01,32,0,微积分I(第一层次),12,"第3节-第4节,第5节-第6节,第3节-第4节",仙II区,00010011A
80.0,400110,微积分I(第一层次)(20171-00010011A-6),2017100010011A76570,数学课,3,,128,"4-18周,4-18周,4-18周",0,张运清,"4-18周 周一 第1节-第2节 仙Ⅱ-403,4-18周 周四 第5节-第6节 仙Ⅱ-404,4-18周 周一 第3节-第4节 仙Ⅱ-403",5.0,数学学院,否,理论+实践课程,"周一,周一,周四",2017-2018-1,,2017100010011A76570,2017*理科试验班（数理科学类）*数理科学类,0,仙林校区,2017-2018学年 第1学期,76570,"仙Ⅱ-403,仙Ⅱ-403,仙Ⅱ-404",0.0,否,,5,64,01,32,0,微积分I(第一层次),12,"第1节-第2节,第3节-第4节,第5节-第6节",仙II区,00010011A
80.0,400110,微积分I(第一层次)(20171-00010011A-7),2017100010011A76571,数学课,3,,91,"4-18周,4-18周,4-18周",0,王伟,"4-18周 周二 第3节-第4节 仙Ⅰ-102,4-18周 周二 第5节-第6节 仙Ⅰ-102,4-18周 周四 第3节-第4节 仙Ⅰ-102",5.0,数学学院,否,理论+实践课程,"周二,周二,周四",2017-2018-1,,2017100010011A76571,2017*工科试验班*工科试验班,0,仙林校区,2017-2018学年 第1学期,76571,"仙Ⅰ-102,仙Ⅰ-102,仙Ⅰ-102",0.0,否,,5,64,01,32,0,微积分I(第一层次),11,"第3节-第4节,第5节-第6节,第3节-第4节",仙I区,00010011A
80.0,400110,微积分I(第一层次)(20171-00010011A-8),2017100010011A76572,数学课,3,,103,"4-18周,4-18周,4-18周",0,栗付才,"4-18周 周二 第3节-第4节 仙Ⅱ-404,4-18周 周二 第5节-第6节 仙Ⅱ-404,4-18周 周四 第3节-第4节 仙Ⅱ-404",5.0,数学学院,否,理论+实践课程,"周二,周二,周四",2017-2018-1,,2017100010011A76572,2017*工科试验班*工科试验班,0,仙林校区,2017-2018学年 第1学期,76572,"仙Ⅱ-404,仙Ⅱ-404,仙Ⅱ-404",0.0,否,,5,64,01,32,0,微积分I(第一层次),12,"第3节-第4节,第5节-第6节,第3节-第4节",仙II区,00010011A
80.0,400110,微积分I(第一层次)(20171-00010011A-9),2017100010011A76573,数学课,3,,100,"4-18周,4-18周,4-18周",0,徐勤武,"4-18周 周三 第3节-第4节 仙Ⅱ-403,4-18周 周三 第5节-第6节 仙Ⅱ-403,4-18周 周五 第3节-第4节 仙Ⅱ-403",5.0,数学学院,否,理论+实践课程,"周三,周三,周五",2017-2018-1,,2017100010011A76573,2017电子科学与工程学院电子信息类,0,仙林校区,2017-2018学年 第1学期,76573,"仙Ⅱ-403,仙Ⅱ-403,仙Ⅱ-403",0.0,否,,5,64,01,32,0,微积分I(第一层次),12,"第3节-第4节,第5节-第6节,第3节-第4节",仙II区,00010011A
80.0,400110,微积分I(第一层次)(20171-00010011A-10),2017100010011A76574,数学课,3,,136,"4-18周,4-18周,4-18周",0,钱志,"4-18周 周三 第3节-第4节 仙Ⅱ-405,4-18周 周三 第5节-第6节 仙Ⅱ-405,4-18周 周五 第3节-第4节 仙Ⅱ-405",5.0,数学学院,否,理论+实践课程,"周三,周三,周五",2017-2018-1,,2017100010011A76574,2017*理科试验班（地球科学与资源环境类）*地球科学与资源环境类,0,仙林校区,2017-2018学年 第1学期,76574,"仙Ⅱ-405,仙Ⅱ-405,仙Ⅱ-405",0.0,否,,5,64,01,32,0,微积分I(第一层次),12,"第3节-第4节,第5节-第6节,第3节-第4节",仙II区,00010011A
80.0,400110,微积分I(第一层次)(20171-00010011A-11),2017100010011A76575,数学课,3,,129,"4-18周,4-18周,4-18周",0,陆宏,"4-18周 周五 第1节-第2节 仙Ⅱ-404,4-18周 周三 第5节-第6节 仙Ⅱ-404,4-18周 周五 第3节-第4节 仙Ⅱ-404",5.0,数学学院,否,理论+实践课程,"周三,周五,周五",2017-2018-1,,2017100010011A76575,2017*经济管理试验班*经济管理试验班,0,仙林校区,2017-2018学年 第1学期,76575,"仙Ⅱ-404,仙Ⅱ-404,仙Ⅱ-404",0.0,否,,5,64,01,32,0,微积分I(第一层次),12,"第5节-第6节,第1节-第2节,第3节-第4节",仙II区,00010011A
80.0,400110,微积分I(第一层次)(20171-00010011A-12),2017100010011A76576,数学课,3,,128,"4-18周,4-18周,4-18周",0,肖源明,"4-18周 周五 第1节-第2节 仙Ⅱ-303,4-18周 周三 第5节-第6节 仙Ⅱ-303,4-18周 周五 第3节-第4节 仙Ⅱ-303",5.0,数学学院,否,理论+实践课程,"周三,周五,周五",2017-2018-1,,2017100010011A76576,2017*经济管理试验班*经济管理试验班,0,仙林校区,2017-2018学年 第1学期,76576,"仙Ⅱ-303,仙Ⅱ-303,仙Ⅱ-303",0.0,否,,5,64,01,32,0,微积分I(第一层次),12,"第5节-第6节,第1节-第2节,第3节-第4节",仙II区,00010011A
80.0,400110,微积分I(第一层次)(20171-00010011A-13),2017100010011A76580,数学课,3,,94,"4-18周,4-18周,4-18周",0,许奕彦,"4-18周 周一 第1节-第2节 仙Ⅱ-305,4-18周 周三 第3节-第4节 仙Ⅱ-404,4-18周 周三 第1节-第2节 仙Ⅱ-404",5.0,数学学院,否,理论+实践课程,"周一,周三,周三",2017-2018-1,,2017100010011A76580,2017*经济管理试验班*经济管理试验班,0,仙林校区,2017-2018学年 第1学期,76580,"仙Ⅱ-305,仙Ⅱ-404,仙Ⅱ-404",0.0,否,,5,64,01,32,0,微积分I(第一层次),12,"第1节-第2节,第1节-第2节,第3节-第4节",仙II区,00010011A
80.0,400110,微积分I(第一层次)(20171-00010011A-14),2017100010011A76581,数学课,3,,54,"4-18周,4-18周,4-18周",0,陈柯,"4-18周 周一 第1节-第2节 仙Ⅱ-503,4-18周 周四 第5节-第6节 仙Ⅱ-503,4-18周 周一 第3节-第4节 仙Ⅱ-503",5.0,数学学院,否,理论+实践课程,"周一,周一,周四",2017-2018-1,,2017100010011A76581,2017*理科试验班（数理科学类）*数理科学类,0,仙林校区,2017-2018学年 第1学期,76581,"仙Ⅱ-503,仙Ⅱ-503,仙Ⅱ-503",0.0,否,,5,64,01,32,0,微积分I(第一层次),12,"第3节-第4节,第1节-第2节,第5节-第6节",仙II区,00010011A
80.0,400110,微积分I(第一层次)(20171-00010011A-15),2017100010011A76582,数学课,3,,97,"4-18周,4-18周,4-18周",0,谭亮,"4-18周 周一 第1节-第2节 仙Ⅱ-404,4-18周 周四 第3节-第4节 逸B-101,4-18周 周一 第3节-第4节 仙Ⅱ-404",5.0,数学学院,否,理论+实践课程,"周一,周一,周四",2017-2018-1,,2017100010011A76582,2017电子科学与工程学院电子信息类,0,仙林校区,2017-2018学年 第1学期,76582,"仙Ⅱ-404,仙Ⅱ-404,逸B-101",0.0,否,,5,64,01,32,0,微积分I(第一层次),"12,16","第1节-第2节,第3节-第4节,第3节-第4节","仙II区, 逸夫楼B区",00010011A
80.0,400110,微积分I(第一层次)(20171-00010011A-16),2017100010011A76583,数学课,3,,124,"4-18周,4-18周,4-18周",0,窦斗,"4-18周 周三 第3节-第4节 仙Ⅱ-305,4-18周 周五 第5节-第6节 仙Ⅱ-305,4-18周 周五 第3节-第4节 仙Ⅱ-305",5.0,数学学院,否,理论+实践课程,"周三,周五,周五",2017-2018-1,,2017100010011A76583,2017软件学院软件工程,0,仙林校区,2017-2018学年 第1学期,76583,"仙Ⅱ-305,仙Ⅱ-305,仙Ⅱ-305",0.0,否,,5,64,01,32,0,微积分I(第一层次),12,"第3节-第4节,第3节-第4节,第5节-第6节",仙II区,00010011A
64.0,400110,线性代数(第一层次)(20171-00010011C-1),2017100010011C76898,数学课,3,,178,"1-18周,1-18周",0,王征宇,"1-18周 周一 第1节-第2节 逸B-101,1-18周 周三 第3节-第4节 逸B-101",4.0,数学学院,否,理论类课程,"周一,周三",2017-2018-1,,2017100010011C76898,"2016现代工程与应用科学学院材料物理,2016现代工程与应用科学学院生物医学工程,2016现代工程与应用科学学院新能源科学与工程,2016现代工程与应用科学学院材料化学",0,仙林校区,2017-2018学年 第1学期,76898,"逸B-101,逸B-101",0.0,否,,1,64,01,0,0,线性代数(第一层次),16,"第1节-第2节,第3节-第4节",逸夫楼B区,00010011C
64.0,400110,线性代数(第一层次)(20171-00010011C-2),2017100010011C76899,数学课,3,,177,"1-18周,1-18周",0,程创勋,"1-18周 周二 第1节-第2节 仙Ⅱ-404,1-18周 周四 第1节-第2节 仙Ⅱ-404",4.0,数学学院,否,理论类课程,"周二,周四",2017-2018-1,,2017100010011C76899,,0,仙林校区,2017-2018学年 第1学期,76899,"仙Ⅱ-404,仙Ⅱ-404",0.0,否,,1,64,01,0,0,线性代数(第一层次),12,"第1节-第2节,第1节-第2节",仙II区,00010011C
64.0,400110,线性代数(第一层次)(20171-00010011C-3),2017100010011C76900,数学课,3,,143,"1-18周,1-18周",0,陈耀俊,"1-18周 周二 第1节-第2节 仙Ⅱ-405,1-18周 周四 第1节-第2节 仙Ⅱ-405",4.0,数学学院,否,理论类课程,"周二,周四",2017-2018-1,,2017100010011C76900,2016物理学院物理学（拔尖计划）,0,仙林校区,2017-2018学年 第1学期,76900,"仙Ⅱ-405,仙Ⅱ-405",0.0,否,,1,64,01,0,0,线性代数(第一层次),12,"第1节-第2节,第1节-第2节",仙II区,00010011C
64.0,400110,线性代数(第一层次)(20171-00010011C-4),2017100010011C76901,数学课,3,,148,"1-18周,1-18周",0,李春,"1-18周 周三 第3节-第4节 仙Ⅱ-503,1-18周 周一 第5节-第6节 仙Ⅱ-503",4.0,数学学院,否,理论类课程,"周一,周三",2017-2018-1,,2017100010011C76901,"2016地球科学与工程学院地质学,2016计算机学院计算机科学与技术,2016地球科学与工程学院地质学（地球物理学方向）,2016地球科学与工程学院地下水科学与工程,2016地球科学与工程学院水文与水资源工程,2016地球科学与工程学院地质工程,2016地球科学与工程学院地球化学",0,仙林校区,2017-2018学年 第1学期,76901,"仙Ⅱ-503,仙Ⅱ-503",0.0,否,,1,64,01,0,0,线性代数(第一层次),12,"第5节-第6节,第3节-第4节",仙II区,00010011C
64.0,400110,线性代数(第一层次)(20171-00010011C-5),2017100010011C76902,数学课,3,,73,"1-18周,1-18周",0,崔小军,"1-18周 周一 第3节-第4节 仙Ⅱ-304,1-18周 周三 第3节-第4节 仙Ⅱ-304",4.0,数学学院,否,理论类课程,"周一,周三",2017-2018-1,,2017100010011C76902,2016计算机学院计算机科学与技术,0,仙林校区,2017-2018学年 第1学期,76902,"仙Ⅱ-304,仙Ⅱ-304",0.0,否,,1,64,01,0,0,线性代数(第一层次),12,"第3节-第4节,第3节-第4节",仙II区,00010011C
64.0,400110,线性代数(第一层次)(20171-00010011C-6),2017100010011C76903,数学课,3,,171,"1-18周,1-18周",0,邵荣,"1-18周 周五 第3节-第4节 仙Ⅰ-108,1-18周 周三 第5节-第6节 仙Ⅰ-108",4.0,数学学院,否,理论类课程,"周三,周五",2017-2018-1,,2017100010011C76903,"2016软件学院软件工程,2016工程管理学院自动化",0,仙林校区,2017-2018学年 第1学期,76903,"仙Ⅰ-108,仙Ⅰ-108",0.0,否,,1,64,01,0,0,线性代数(第一层次),11,"第5节-第6节,第3节-第4节",仙I区,00010011C
64.0,400110,线性代数(第一层次)(20171-00010011C-7),2017100010011C76904,数学课,3,,139,"1-18周,1-18周",0,邵荣,"1-18周 周一 第3节-第4节 仙Ⅱ-505,1-18周 周三 第3节-第4节 仙Ⅱ-505",4.0,数学学院,否,理论类课程,"周一,周三",2017-2018-1,,2017100010011C76904,2016软件学院软件工程,0,仙林校区,2017-2018学年 第1学期,76904,"仙Ⅱ-505,仙Ⅱ-505",0.0,否,,1,64,01,0,0,线性代数(第一层次),12,"第3节-第4节,第3节-第4节",仙II区,00010011C
64.0,400110,线性代数(第一层次)(20171-00010011C-8),2017100010011C76905,数学课,3,,89,"1-18周,1-18周",0,潘颢,"1-18周 周四 第1节-第2节 仙Ⅰ-103,1-18周 周二 第5节-第6节 仙Ⅰ-103",4.0,数学学院,否,理论类课程,"周二,周四",2017-2018-1,,2017100010011C76905,2016地球科学与工程学院理科试验班（地球系统科学与环境）,0,仙林校区,2017-2018学年 第1学期,76905,"仙Ⅰ-103,仙Ⅰ-103",0.0,否,,1,64,01,0,0,线性代数(第一层次),11,"第5节-第6节,第1节-第2节",仙I区,00010011C
64.0,400110,线性代数(第一层次)(20171-00010011C-9),2017100010011C76906,数学课,3,,127,"1-18周,1-18周",0,朱晓胜,"1-18周 周二 第3节-第4节 仙Ⅱ-405,1-18周 周四 第3节-第4节 仙Ⅱ-405",4.0,数学学院,否,理论类课程,"周二,周四",2017-2018-1,,2017100010011C76906,"2016电子科学与工程学院电子信息类,2016电子科学与工程学院微电子科学与工程,2016电子科学与工程学院通信工程,2016电子科学与工程学院电子信息科学与技术",0,仙林校区,2017-2018学年 第1学期,76906,"仙Ⅱ-405,仙Ⅱ-405",0.0,否,,1,64,01,0,0,线性代数(第一层次),12,"第3节-第4节,第3节-第4节",仙II区,00010011C
64.0,400110,线性代数(第一层次)(20171-00010011C-10),2017100010011C76907,数学课,3,,116,"1-18周,1-18周",0,于立,"1-18周 周四 第3节-第4节 仙Ⅰ-524,1-18周 周二 第5节-第6节 仙Ⅰ-524",4.0,数学学院,否,理论类课程,"周二,周四",2017-2018-1,,2017100010011C76907,"2016电子科学与工程学院电子信息类,2016电子科学与工程学院微电子科学与工程,2016电子科学与工程学院通信工程,2016电子科学与工程学院电子信息科学与技术",0,仙林校区,2017-2018学年 第1学期,76907,"仙Ⅰ-524,仙Ⅰ-524",0.0,否,,1,64,01,0,0,线性代数(第一层次),11,"第5节-第6节,第3节-第4节",仙I区,00010011C
64.0,400110,线性代数(第一层次)(20171-00010011C-13),2017100010011C78586,数学课,3,,85,"4-18周,4-18周,4-9周",0,杨东,"4-18周 周三 第1节-第2节 仙Ⅰ-319,4-9周 周一 第7节-第8节 仙Ⅱ-405,4-18周 周五 第5节-第6节 仙Ⅰ-319",4.0,数学学院,否,理论类课程,"周五,周三,周一",2017-2018-1,,2017100010011C78586,2017*理科试验班（数理科学类）*数理科学类,0,仙林校区,2017-2018学年 第1学期,78586,"仙Ⅰ-319,仙Ⅰ-319,仙Ⅱ-405",0.0,否,,1,64,01,0,0,线性代数(第一层次),"11,12","第5节-第6节,第1节-第2节,第7节-第8节","仙I区, 仙II区",00010011C
64.0,400110,线性代数(第一层次)(20171-00010011C-14),2017100010011C78587,数学课,3,,38,"4-18周,4-18周,4-9周",0,陶敏,"4-18周 周三 第5节-第6节 仙Ⅱ-304,4-9周 周五 第7节-第8节 仙Ⅰ-524,4-18周 周五 第5节-第6节 仙Ⅰ-524",4.0,数学学院,否,理论类课程,"周三,周五,周五",2017-2018-1,,2017100010011C78587,2017*理科试验班（数理科学类）*数理科学类,0,仙林校区,2017-2018学年 第1学期,78587,"仙Ⅱ-304,仙Ⅰ-524,仙Ⅰ-524",0.0,否,,1,64,01,0,0,线性代数(第一层次),"11,12","第5节-第6节,第5节-第6节,第7节-第8节","仙I区, 仙II区",00010011C
80.0,400110,微积分I(第二层次)(20171-00010012A-1),2017100010012A76588,数学课,3,,138,"4-18周,4-18周,4-18周",0,顾国勇,"4-18周 周二 第1节-第2节 仙Ⅰ-206,4-18周 周二 第3节-第4节 仙Ⅰ-206,4-18周 周四 第1节-第2节 仙Ⅰ-206",5.0,数学学院,否,理论+实践课程,"周二,周二,周四",2017-2018-1,,2017100010012A76588,2017*理科试验班（化学与生命科学类）*化学与生命科学类,0,仙林校区,2017-2018学年 第1学期,76588,"仙Ⅰ-206,仙Ⅰ-206,仙Ⅰ-206",0.0,否,,5,64,01,32,0,微积分I(第二层次),11,"第1节-第2节,第3节-第4节,第1节-第2节",仙I区,00010012A
80.0,400110,微积分I(第二层次)(20171-00010012A-2),2017100010012A76590,数学课,3,,48,"4-18周,4-18周,4-18周",0,周敏,"4-18周 周一 第3节-第4节 仙Ⅰ-206,4-18周 周四 第5节-第6节 仙Ⅰ-206,4-18周 周四 第3节-第4节 仙Ⅰ-206",5.0,数学学院,否,理论+实践课程,"周一,周四,周四",2017-2018-1,,2017100010012A76590,2017*理科试验班（地球科学与资源环境类）*地球科学与资源环境类,0,仙林校区,2017-2018学年 第1学期,76590,"仙Ⅰ-206,仙Ⅰ-206,仙Ⅰ-206",0.0,否,,5,64,01,32,0,微积分I(第二层次),11,"第3节-第4节,第3节-第4节,第5节-第6节",仙I区,00010012A
80.0,400110,微积分I(第二层次)(20171-00010012A-3),2017100010012A76591,数学课,3,,109,"4-18周,4-18周,4-18周",0,吴新元,"4-18周 周一 第3节-第4节 仙Ⅰ-207,4-18周 周一 第5节-第6节 仙Ⅰ-207,4-18周 周三 第3节-第4节 仙Ⅰ-207",5.0,数学学院,否,理论+实践课程,"周一,周一,周三",2017-2018-1,,2017100010012A76591,"2017医学院临床医学（八年制）,2017医学院口腔医学,2017医学院临床医学（5+3）",0,仙林校区,2017-2018学年 第1学期,76591,"仙Ⅰ-207,仙Ⅰ-207,仙Ⅰ-207",0.0,否,,5,64,01,32,0,微积分I(第二层次),11,"第3节-第4节,第5节-第6节,第3节-第4节",仙I区,00010012A
80.0,400110,微积分I(第二层次)(20171-00010012A-4),2017100010012A76593,数学课,3,,109,"4-18周,4-18周,4-18周",0,黄震宇,"4-18周 周三 第3节-第4节 仙Ⅰ-206,4-18周 周五 第5节-第6节 仙Ⅰ-207,4-18周 周五 第3节-第4节 仙Ⅰ-207",5.0,数学学院,否,理论+实践课程,"周三,周五,周五",2017-2018-1,,2017100010012A76593,2017*理科试验班（化学与生命科学类）*化学与生命科学类,0,仙林校区,2017-2018学年 第1学期,76593,"仙Ⅰ-206,仙Ⅰ-207,仙Ⅰ-207",0.0,否,,5,64,01,32,0,微积分I(第二层次),11,"第3节-第4节,第5节-第6节,第3节-第4节",仙I区,00010012A
64.0,400110,简明微积分(20171-00010013-1),201710001001376594,数学课,3,,178,"4-18周,4-18周",0,吴婷,"4-18周 周一 第5节-第6节 仙Ⅰ-319,4-18周 周三 第5节-第6节 仙Ⅰ-319",4.0,数学学院,否,理论类课程,"周一,周三",2017-2018-1,,201710001001376594,2017*社会科学试验班*社会科学试验班,0,仙林校区,2017-2018学年 第1学期,76594,"仙Ⅰ-319,仙Ⅰ-319",0.0,否,,1,64,01,0,0,简明微积分,11,"第5节-第6节,第5节-第6节",仙I区,00010013
64.0,400110,简明微积分(20171-00010013-2),201710001001376595,数学课,3,,169,"4-18周,4-18周",0,高印珠,"4-18周 周二 第1节-第2节 仙Ⅰ-207,4-18周 周四 第3节-第4节 仙Ⅰ-207",4.0,数学学院,否,理论类课程,"周二,周四",2017-2018-1,,201710001001376595,2017*社会科学试验班*社会科学试验班,0,仙林校区,2017-2018学年 第1学期,76595,"仙Ⅰ-207,仙Ⅰ-207",0.0,否,,1,64,01,0,0,简明微积分,11,"第1节-第2节,第3节-第4节",仙I区,00010013
64.0,400110,简明微积分(20171-00010013-3),201710001001376597,数学课,3,,144,"4-18周,4-18周",0,高印珠,"4-18周 周四 第1节-第2节 仙Ⅰ-207,4-18周 周二 第3节-第4节 仙Ⅰ-207",4.0,数学学院,否,理论类课程,"周二,周四",2017-2018-1,,201710001001376597,2017*人文科学试验班*人文艺术传播类,0,仙林校区,2017-2018学年 第1学期,76597,"仙Ⅰ-207,仙Ⅰ-207",0.0,否,,1,64,01,0,0,简明微积分,11,"第3节-第4节,第1节-第2节",仙I区,00010013
64.0,400110,简明微积分(20171-00010013-4),201710001001376598,数学课,3,,174,"4-18周,4-18周",0,陆宏,"4-18周 周一 第1节-第2节 仙Ⅰ-319,4-18周 周三 第3节-第4节 仙Ⅰ-319",4.0,数学学院,否,理论类课程,"周一,周三",2017-2018-1,,201710001001376598,"2017外国语学院英语,2017外国语学院朝鲜语,2017外国语学院西班牙语,2017外国语学院德语,2017外国语学院法语,2017外国语学院日语,2017外国语学院俄语",0,仙林校区,2017-2018学年 第1学期,76598,"仙Ⅰ-319,仙Ⅰ-319",0.0,否,,1,64,01,0,0,简明微积分,11,"第1节-第2节,第3节-第4节",仙I区,00010013
64.0,400110,简明微积分(20171-00010013-5),201710001001376600,数学课,3,,167,"4-18周,4-18周",0,邓卫兵,"4-18周 周五 第3节-第4节 仙Ⅰ-206,4-18周 周三 第5节-第6节 仙Ⅰ-206",4.0,数学学院,否,理论类课程,"周三,周五",2017-2018-1,,201710001001376600,2017*人文科学试验班*人文艺术传播类,0,仙林校区,2017-2018学年 第1学期,76600,"仙Ⅰ-206,仙Ⅰ-206",0.0,否,,1,64,01,0,0,简明微积分,11,"第5节-第6节,第3节-第4节",仙I区,00010013
96.0,400110,体验数学（上）(20171-00010014A-1),2017100010014A79085,数学课,3,,20,"4-18周,4-18周",0,邓建平,"4-18周 周五 第1节-第2节 仙Ⅱ-312,4-18周 周五 第3节-第4节 仙Ⅱ-312",4.0,数学学院,否,理论类课程,"周五,周五",2017-2018-1,,2017100010014A79085,,0,仙林校区,2017-2018学年 第1学期,79085,"仙Ⅱ-312,仙Ⅱ-312",0.0,否,,1,64,01,0,0,体验数学（上）,12,"第1节-第2节,第3节-第4节",仙II区,00010014A
64.0,000000,大学英语（一）(20171-00020010A-1),2017100020010A76533,英语课,3,,0,4-18周,0,,4-18周 周一 第1节-第2节 ,4.0,公共课程,否,理论类课程,周一,2017-2018-1,,2017100020010A76533,"2017医学院临床医学（八年制）,2017*社会科学试验班*社会科学试验班,2017医学院口腔医学,2017医学院临床医学（5+3）",1,仙林校区,2017-2018学年 第1学期,76533,无,0.0,是,,1,64,02,0,0,大学英语（一）,,第1节-第2节,,00020010A
64.0,000000,大学英语（一）(20171-00020010A-2),2017100020010A76534,英语课,3,,0,4-18周,0,,4-18周 周一 第1节-第2节 ,4.0,公共课程,否,理论类课程,周一,2017-2018-1,,2017100020010A76534,2017*理科试验班（化学与生命科学类）*化学与生命科学类,1,仙林校区,2017-2018学年 第1学期,76534,无,0.0,是,,1,64,02,0,0,大学英语（一）,,第1节-第2节,,00020010A
64.0,000000,大学英语（一）(20171-00020010A-3),2017100020010A76535,英语课,3,,0,4-18周,0,,4-18周 周一 第3节-第4节 ,4.0,公共课程,否,理论类课程,周一,2017-2018-1,,2017100020010A76535,2017*人文科学试验班*人文艺术传播类,1,仙林校区,2017-2018学年 第1学期,76535,无,0.0,是,,1,64,02,0,0,大学英语（一）,,第3节-第4节,,00020010A
64.0,000000,大学英语（一）(20171-00020010A-4),2017100020010A76536,英语课,3,,0,4-18周,0,,4-18周 周一 第3节-第4节 ,4.0,公共课程,否,理论类课程,周一,2017-2018-1,,2017100020010A76536,"2017文学院戏剧影视文学,2017*人文科学试验班*人文艺术传播类,2017软件学院软件工程",1,仙林校区,2017-2018学年 第1学期,76536,无,0.0,是,,1,64,02,0,0,大学英语（一）,,第3节-第4节,,00020010A
64.0,000000,大学英语（一）(20171-00020010A-5),2017100020010A76537,英语课,3,,0,4-18周,0,,4-18周 周一 第5节-第6节 ,4.0,公共课程,否,理论类课程,周一,2017-2018-1,,2017100020010A76537,2017*计算机科学与技术类*计算机科学与技术类,1,仙林校区,2017-2018学年 第1学期,76537,无,0.0,是,,1,64,02,0,0,大学英语（一）,,第5节-第6节,,00020010A
64.0,000000,大学英语（一）(20171-00020010A-6),2017100020010A76538,英语课,3,,0,4-18周,0,,4-18周 周一 第5节-第6节 ,4.0,公共课程,否,理论类课程,周一,2017-2018-1,,2017100020010A76538,2017*理科试验班（化学与生命科学类）*化学与生命科学类,1,仙林校区,2017-2018学年 第1学期,76538,无,0.0,是,,1,64,02,0,0,大学英语（一）,,第5节-第6节,,00020010A
64.0,000000,大学英语（一）(20171-00020010A-7),2017100020010A76539,英语课,3,,0,4-18周,0,,4-18周 周二 第1节-第2节 ,4.0,公共课程,否,理论类课程,周二,2017-2018-1,,2017100020010A76539,2017*工科试验班*工科试验班,1,仙林校区,2017-2018学年 第1学期,76539,无,0.0,是,,1,64,02,0,0,大学英语（一）,,第1节-第2节,,00020010A
64.0,000000,大学英语（一）(20171-00020010A-8),2017100020010A76540,英语课,3,,0,4-18周,0,,4-18周 周二 第1节-第2节 ,4.0,公共课程,否,理论类课程,周二,2017-2018-1,,2017100020010A76540,"2017*社会科学试验班*社会科学试验班,2017*工科试验班*工科试验班",1,仙林校区,2017-2018学年 第1学期,76540,无,0.0,是,,1,64,02,0,0,大学英语（一）,,第1节-第2节,,00020010A
64.0,000000,大学英语（一）(20171-00020010A-9),2017100020010A76541,英语课,3,,0,4-18周,0,,4-18周 周二 第3节-第4节 ,4.0,公共课程,否,理论类课程,周二,2017-2018-1,,2017100020010A76541,"2017*理科试验班（地球科学与资源环境类）*地球科学与资源环境类,2017*经济管理试验班*经济管理试验班",1,仙林校区,2017-2018学年 第1学期,76541,无,0.0,是,,1,64,02,0,0,大学英语（一）,,第3节-第4节,,00020010A
64.0,000000,大学英语（一）(20171-00020010A-10),2017100020010A76542,英语课,3,,0,4-18周,0,,4-18周 周二 第3节-第4节 ,4.0,公共课程,否,理论类课程,周二,2017-2018-1,,2017100020010A76542,2017*经济管理试验班*经济管理试验班,1,仙林校区,2017-2018学年 第1学期,76542,无,0.0,是,,1,64,02,0,0,大学英语（一）,,第3节-第4节,,00020010A
64.0,000000,大学英语（一）(20171-00020010A-11),2017100020010A76543,英语课,3,,2,4-18周,0,,4-18周 周二 第5节-第6节 ,4.0,公共课程,否,理论类课程,周二,2017-2018-1,,2017100020010A76543,"2017*理科试验班（地球科学与资源环境类）*地球科学与资源环境类,2017*理科试验班（数理科学类）*数理科学类",1,仙林校区,2017-2018学年 第1学期,76543,无,0.0,是,,1,64,02,0,0,大学英语（一）,,第5节-第6节,,00020010A
64.0,000000,大学英语（一）(20171-00020010A-12),2017100020010A76544,英语课,3,,0,4-18周,0,,4-18周 周二 第5节-第6节 ,4.0,公共课程,否,理论类课程,周二,2017-2018-1,,2017100020010A76544,2017*理科试验班（数理科学类）*数理科学类,1,仙林校区,2017-2018学年 第1学期,76544,无,0.0,是,,1,64,02,0,0,大学英语（一）,,第5节-第6节,,00020010A
64.0,000000,大学英语（一）(20171-00020010A-13),2017100020010A76545,英语课,3,,0,4-18周,0,,4-18周 周三 第1节-第2节 ,4.0,公共课程,否,理论类课程,周三,2017-2018-1,,2017100020010A76545,"2017电子科学与工程学院电子信息类,2017*理科试验班（地球科学与资源环境类）*地球科学与资源环境类,2017软件学院软件工程",1,仙林校区,2017-2018学年 第1学期,76545,无,0.0,是,,1,64,02,0,0,大学英语（一）,,第1节-第2节,,00020010A
64.0,000000,大学英语（一）(20171-00020010A-14),2017100020010A76546,英语课,3,,0,4-18周,0,,4-18周 周三 第1节-第2节 ,4.0,公共课程,否,理论类课程,周三,2017-2018-1,,2017100020010A76546,"2017医学院临床医学（八年制）,2017*社会科学试验班*社会科学试验班,2017医学院口腔医学,2017医学院临床医学（5+3）",1,仙林校区,2017-2018学年 第1学期,76546,无,0.0,是,,1,64,02,0,0,大学英语（一）,,第1节-第2节,,00020010A
64.0,000000,大学英语（一）(20171-00020010A-15),2017100020010A76547,英语课,3,,0,4-18周,0,,4-18周 周三 第3节-第4节 ,4.0,公共课程,否,理论类课程,周三,2017-2018-1,,2017100020010A76547,"2017电子科学与工程学院电子信息类,2017*社会科学试验班*社会科学试验班",1,仙林校区,2017-2018学年 第1学期,76547,无,0.0,是,,1,64,02,0,0,大学英语（一）,,第3节-第4节,,00020010A
64.0,000000,大学英语（一）(20171-00020010A-16),2017100020010A76548,英语课,3,,1,4-18周,0,,4-18周 周三 第3节-第4节 ,4.0,公共课程,否,理论类课程,周三,2017-2018-1,,2017100020010A76548,2017*人文科学试验班*人文艺术传播类,1,仙林校区,2017-2018学年 第1学期,76548,无,0.0,是,,1,64,02,0,0,大学英语（一）,,第3节-第4节,,00020010A
64.0,000000,大学英语（一）(20171-00020010A-17),2017100020010A76549,英语课,3,,0,4-18周,0,,4-18周 周三 第5节-第6节 ,4.0,公共课程,否,理论类课程,周三,2017-2018-1,,2017100020010A76549,2017*理科试验班（化学与生命科学类）*化学与生命科学类,1,仙林校区,2017-2018学年 第1学期,76549,无,0.0,是,,1,64,02,0,0,大学英语（一）,,第5节-第6节,,00020010A
64.0,000000,大学英语（一）(20171-00020010A-18),2017100020010A76550,英语课,3,,0,4-18周,0,,4-18周 周三 第5节-第6节 ,4.0,公共课程,否,理论类课程,周三,2017-2018-1,,2017100020010A76550,2017*计算机科学与技术类*计算机科学与技术类,1,仙林校区,2017-2018学年 第1学期,76550,无,0.0,是,,1,64,02,0,0,大学英语（一）,,第5节-第6节,,00020010A
64.0,000000,大学英语（一）(20171-00020010A-19),2017100020010A76551,英语课,3,,0,4-18周,0,,4-18周 周四 第1节-第2节 ,4.0,公共课程,否,理论类课程,周四,2017-2018-1,,2017100020010A76551,"2017文学院戏剧影视文学,2017*人文科学试验班*人文艺术传播类,2017软件学院软件工程",1,仙林校区,2017-2018学年 第1学期,76551,无,0.0,是,,1,64,02,0,0,大学英语（一）,,第1节-第2节,,00020010A
64.0,000000,大学英语（一）(20171-00020010A-20),2017100020010A76552,英语课,3,,6,4-18周,0,,4-18周 周四 第1节-第2节 ,4.0,公共课程,否,理论类课程,周四,2017-2018-1,,2017100020010A76552,"2017*理科试验班（地球科学与资源环境类）*地球科学与资源环境类,2017*理科试验班（数理科学类）*数理科学类",1,仙林校区,2017-2018学年 第1学期,76552,无,0.0,是,,1,64,02,0,0,大学英语（一）,,第1节-第2节,,00020010A
64.0,000000,大学英语（一）(20171-00020010A-21),2017100020010A76553,英语课,3,,0,4-18周,0,,4-18周 周四 第3节-第4节 ,4.0,公共课程,否,理论类课程,周四,2017-2018-1,,2017100020010A76553,2017*经济管理试验班*经济管理试验班,1,仙林校区,2017-2018学年 第1学期,76553,无,0.0,是,,1,64,02,0,0,大学英语（一）,,第3节-第4节,,00020010A
64.0,000000,大学英语（一）(20171-00020010A-22),2017100020010A76554,英语课,3,,0,4-18周,0,,4-18周 周四 第3节-第4节 ,4.0,公共课程,否,理论类课程,周四,2017-2018-1,,2017100020010A76554,"2017*理科试验班（地球科学与资源环境类）*地球科学与资源环境类,2017*经济管理试验班*经济管理试验班",1,仙林校区,2017-2018学年 第1学期,76554,无,0.0,是,,1,64,02,0,0,大学英语（一）,,第3节-第4节,,00020010A
64.0,000000,大学英语（一）(20171-00020010A-23),2017100020010A76555,英语课,3,,0,4-18周,0,,4-18周 周四 第5节-第6节 ,4.0,公共课程,否,理论类课程,周四,2017-2018-1,,2017100020010A76555,2017*理科试验班（化学与生命科学类）*化学与生命科学类,1,仙林校区,2017-2018学年 第1学期,76555,无,0.0,是,,1,64,02,0,0,大学英语（一）,,第5节-第6节,,00020010A
64.0,000000,大学英语（一）(20171-00020010A-24),2017100020010A76556,英语课,3,,0,4-18周,0,,4-18周 周四 第5节-第6节 ,4.0,公共课程,否,理论类课程,周四,2017-2018-1,,2017100020010A76556,2017*工科试验班*工科试验班,1,仙林校区,2017-2018学年 第1学期,76556,无,0.0,是,,1,64,02,0,0,大学英语（一）,,第5节-第6节,,00020010A
64.0,000000,大学英语（一）(20171-00020010A-25),2017100020010A76557,英语课,3,,0,4-18周,0,,4-18周 周五 第1节-第2节 ,4.0,公共课程,否,理论类课程,周五,2017-2018-1,,2017100020010A76557,"2017*社会科学试验班*社会科学试验班,2017*工科试验班*工科试验班",1,仙林校区,2017-2018学年 第1学期,76557,无,0.0,是,,1,64,02,0,0,大学英语（一）,,第1节-第2节,,00020010A
64.0,000000,大学英语（一）(20171-00020010A-26),2017100020010A76558,英语课,3,,0,4-18周,0,,4-18周 周五 第1节-第2节 ,4.0,公共课程,否,理论类课程,周五,2017-2018-1,,2017100020010A76558,"2017电子科学与工程学院电子信息类,2017*理科试验班（地球科学与资源环境类）*地球科学与资源环境类,2017软件学院软件工程",1,仙林校区,2017-2018学年 第1学期,76558,无,0.0,是,,1,64,02,0,0,大学英语（一）,,第1节-第2节,,00020010A
64.0,000000,大学英语（一）(20171-00020010A-27),2017100020010A76559,英语课,3,,0,4-18周,0,,4-18周 周五 第3节-第4节 ,4.0,公共课程,否,理论类课程,周五,2017-2018-1,,2017100020010A76559,2017*理科试验班（数理科学类）*数理科学类,1,仙林校区,2017-2018学年 第1学期,76559,无,0.0,是,,1,64,02,0,0,大学英语（一）,,第3节-第4节,,00020010A
64.0,000000,大学英语（一）(20171-00020010A-28),2017100020010A76560,英语课,3,,0,4-18周,0,,4-18周 周五 第3节-第4节 ,4.0,公共课程,否,理论类课程,周五,2017-2018-1,,2017100020010A76560,"2017电子科学与工程学院电子信息类,2017*社会科学试验班*社会科学试验班",1,仙林校区,2017-2018学年 第1学期,76560,无,0.0,是,,1,64,02,0,0,大学英语（一）,,第3节-第4节,,00020010A
32.0,400330,大学英语读写（第一层次）（一）(20171-00020021A-1),2017100020021A76158,英语课,3,,34,4-18周,0,王海啸,4-18周 周一 第7节-第8节 ,2.0,大学外语部,否,理论类课程,周一,2017-2018-1,,2017100020021A76158,,0,仙林校区,2017-2018学年 第1学期,76158,仙1-414,0.0,否,,1,32,02,0,0,大学英语读写（第一层次）（一）,,第7节-第8节,,00020021A
32.0,400330,大学英语读写（第一层次）（一）(20171-00020021A-2),2017100020021A76159,英语课,3,,31,4-18周,0,王海啸,4-18周 周一 第9节-第10节 ,2.0,大学外语部,否,理论类课程,周一,2017-2018-1,,2017100020021A76159,,0,仙林校区,2017-2018学年 第1学期,76159,仙1-414,0.0,否,,1,32,02,0,0,大学英语读写（第一层次）（一）,,第9节-第10节,,00020021A
32.0,400330,大学英语读写（第一层次）（一）(20171-00020021A-3),2017100020021A76160,英语课,3,,16,4-18周,0,于江,4-18周 周二 第7节-第8节 ,2.0,大学外语部,否,理论类课程,周二,2017-2018-1,,2017100020021A76160,,0,仙林校区,2017-2018学年 第1学期,76160,仙1-414,0.0,否,,1,32,02,0,0,大学英语读写（第一层次）（一）,,第7节-第8节,,00020021A
32.0,400330,大学英语读写（第一层次）（一）(20171-00020021A-4),2017100020021A76161,英语课,3,,30,4-18周,0,于江,4-18周 周二 第9节-第10节 ,2.0,大学外语部,否,理论类课程,周二,2017-2018-1,,2017100020021A76161,,0,仙林校区,2017-2018学年 第1学期,76161,仙1-418,0.0,否,,1,32,02,0,0,大学英语读写（第一层次）（一）,,第9节-第10节,,00020021A
32.0,400330,大学英语读写（第一层次）（一）(20171-00020021A-5),2017100020021A76162,英语课,3,,23,4-18周,0,于江,4-18周 周四 第7节-第8节 ,2.0,大学外语部,否,理论类课程,周四,2017-2018-1,,2017100020021A76162,,0,仙林校区,2017-2018学年 第1学期,76162,仙1-414,0.0,否,,1,32,02,0,0,大学英语读写（第一层次）（一）,,第7节-第8节,,00020021A
32.0,400330,大学英语读写（第一层次）（一）(20171-00020021A-6),2017100020021A76163,英语课,3,,27,4-18周,0,于江,4-18周 周四 第9节-第10节 ,2.0,大学外语部,否,理论类课程,周四,2017-2018-1,,2017100020021A76163,,0,仙林校区,2017-2018学年 第1学期,76163,仙1-414,0.0,否,,1,32,02,0,0,大学英语读写（第一层次）（一）,,第9节-第10节,,00020021A
32.0,400330,大学英语读写（第二层次）（一）(20171-00020022A-1),2017100020022A76221,英语课,3,,34,4-18周,0,顾永兴,4-18周 周一 第1节-第2节 仙Ⅱ-416,2.0,大学外语部,否,理论类课程,周一,2017-2018-1,,2017100020022A76221,2017*社会科学试验班*社会科学试验班,0,仙林校区,2017-2018学年 第1学期,76221,仙Ⅱ-416,0.0,否,,1,32,02,0,0,基础学术英语-读写,12,第1节-第2节,仙II区,00020022A
32.0,400330,大学英语读写（第二层次）（一）(20171-00020022A-2),2017100020022A76222,英语课,3,,34,4-18周,0,陈海,4-18周 周一 第1节-第2节 仙Ⅱ-413,2.0,大学外语部,否,理论类课程,周一,2017-2018-1,,2017100020022A76222,2017*社会科学试验班*社会科学试验班,0,仙林校区,2017-2018学年 第1学期,76222,仙Ⅱ-413,0.0,否,,1,32,02,0,0,基础学术英语-读写,12,第1节-第2节,仙II区,00020022A
32.0,400330,大学英语读写（第二层次）（一）(20171-00020022A-3),2017100020022A76223,英语课,3,,30,4-18周,0,张洁,4-18周 周三 第3节-第4节 仙Ⅱ-419,2.0,大学外语部,否,理论类课程,周三,2017-2018-1,,2017100020022A76223,2017*社会科学试验班*社会科学试验班,0,仙林校区,2017-2018学年 第1学期,76223,仙Ⅱ-419,0.0,否,,1,32,02,0,0,基础学术英语-读写,12,第3节-第4节,仙II区,00020022A
32.0,400330,大学英语读写（第二层次）（一）(20171-00020022A-4),2017100020022A76224,英语课,3,,27,4-18周,0,顾露雯,4-18周 周三 第3节-第4节 仙Ⅱ-413,2.0,大学外语部,否,理论类课程,周三,2017-2018-1,,2017100020022A76224,2017*社会科学试验班*社会科学试验班,0,仙林校区,2017-2018学年 第1学期,76224,仙Ⅱ-413,0.0,否,,1,32,02,0,0,基础学术英语-读写,12,第3节-第4节,仙II区,00020022A
32.0,400330,大学英语读写（第二层次）（一）(20171-00020022A-5),2017100020022A76225,英语课,3,,28,4-18周,0,王健,4-18周 周三 第3节-第4节 仙Ⅱ-418,2.0,大学外语部,否,理论类课程,周三,2017-2018-1,,2017100020022A76225,2017*社会科学试验班*社会科学试验班,0,仙林校区,2017-2018学年 第1学期,76225,仙Ⅱ-418,0.0,否,,1,32,02,0,0,基础学术英语-读写,12,第3节-第4节,仙II区,00020022A
32.0,400330,大学英语读写（第二层次）（一）(20171-00020022A-6),2017100020022A76226,英语课,3,,29,4-18周,0,陆美慧,4-18周 周一 第3节-第4节 仙Ⅱ-412,2.0,大学外语部,否,理论类课程,周一,2017-2018-1,,2017100020022A76226,2017*人文科学试验班*人文艺术传播类,0,仙林校区,2017-2018学年 第1学期,76226,仙Ⅱ-412,0.0,否,,1,32,02,0,0,基础学术英语-读写,12,第3节-第4节,仙II区,00020022A
32.0,400330,大学英语读写（第二层次）（一）(20171-00020022A-7),2017100020022A76227,英语课,3,,31,4-18周,0,顾永兴,4-18周 周一 第3节-第4节 仙Ⅱ-416,2.0,大学外语部,否,理论类课程,周一,2017-2018-1,,2017100020022A76227,2017*人文科学试验班*人文艺术传播类,0,仙林校区,2017-2018学年 第1学期,76227,仙Ⅱ-416,0.0,否,,1,32,02,0,0,基础学术英语-读写,12,第3节-第4节,仙II区,00020022A
32.0,400330,大学英语读写（第二层次）（一）(20171-00020022A-8),2017100020022A76228,英语课,3,,29,4-18周,0,陈海,4-18周 周一 第3节-第4节 仙Ⅱ-413,2.0,大学外语部,否,理论类课程,周一,2017-2018-1,,2017100020022A76228,2017*人文科学试验班*人文艺术传播类,0,仙林校区,2017-2018学年 第1学期,76228,仙Ⅱ-413,0.0,否,,1,32,02,0,0,基础学术英语-读写,12,第3节-第4节,仙II区,00020022A
32.0,400330,大学英语读写（第二层次）（一）(20171-00020022A-9),2017100020022A76229,英语课,3,,31,4-18周,0,顾露雯,4-18周 周一 第3节-第4节 仙Ⅱ-415,2.0,大学外语部,否,理论类课程,周一,2017-2018-1,,2017100020022A76229,2017*人文科学试验班*人文艺术传播类,0,仙林校区,2017-2018学年 第1学期,76229,仙Ⅱ-415,0.0,否,,1,32,02,0,0,基础学术英语-读写,12,第3节-第4节,仙II区,00020022A
32.0,400330,大学英语读写（第二层次）（一）(20171-00020022A-10),2017100020022A76230,英语课,3,,31,4-18周,0,陈海,4-18周 周四 第1节-第2节 仙Ⅱ-413,2.0,大学外语部,否,理论类课程,周四,2017-2018-1,,2017100020022A76230,2017*人文科学试验班*人文艺术传播类,0,仙林校区,2017-2018学年 第1学期,76230,仙Ⅱ-413,0.0,否,,1,32,02,0,0,基础学术英语-读写,12,第1节-第2节,仙II区,00020022A
32.0,400330,大学英语读写（第二层次）（一）(20171-00020022A-11),2017100020022A76231,英语课,3,,32,4-18周,0,王晓红,4-18周 周四 第1节-第2节 ,2.0,大学外语部,否,理论类课程,周四,2017-2018-1,,2017100020022A76231,2017*人文科学试验班*人文艺术传播类,0,仙林校区,2017-2018学年 第1学期,76231,仙I-305,0.0,否,,1,32,02,0,0,基础学术英语-读写,,第1节-第2节,,00020022A
32.0,400330,大学英语读写（第二层次）（一）(20171-00020022A-12),2017100020022A76232,英语课,3,,33,4-18周,0,顾永兴,4-18周 周一 第5节-第6节 仙Ⅱ-416,2.0,大学外语部,否,理论类课程,周一,2017-2018-1,,2017100020022A76232,2017*计算机科学与技术类*计算机科学与技术类,0,仙林校区,2017-2018学年 第1学期,76232,仙Ⅱ-416,0.0,否,,1,32,02,0,0,基础学术英语-读写,12,第5节-第6节,仙II区,00020022A
32.0,400330,大学英语读写（第二层次）（一）(20171-00020022A-13),2017100020022A76233,英语课,3,,32,4-18周,0,顾露雯,4-18周 周一 第5节-第6节 仙Ⅱ-415,2.0,大学外语部,否,理论类课程,周一,2017-2018-1,,2017100020022A76233,2017*计算机科学与技术类*计算机科学与技术类,0,仙林校区,2017-2018学年 第1学期,76233,仙Ⅱ-415,0.0,否,,1,32,02,0,0,基础学术英语-读写,12,第5节-第6节,仙II区,00020022A
32.0,400330,大学英语读写（第二层次）（一）(20171-00020022A-14),2017100020022A76234,英语课,3,,32,4-18周,0,王晓红,4-18周 周一 第5节-第6节 ,2.0,大学外语部,否,理论类课程,周一,2017-2018-1,,2017100020022A76234,2017*计算机科学与技术类*计算机科学与技术类,0,仙林校区,2017-2018学年 第1学期,76234,仙I-305,0.0,否,,1,32,02,0,0,基础学术英语-读写,,第5节-第6节,,00020022A
32.0,400330,大学英语读写（第二层次）（一）(20171-00020022A-15),2017100020022A76235,英语课,3,,32,4-18周,0,王健,4-18周 周一 第5节-第6节 仙Ⅱ-418,2.0,大学外语部,否,理论类课程,周一,2017-2018-1,,2017100020022A76235,2017*计算机科学与技术类*计算机科学与技术类,0,仙林校区,2017-2018学年 第1学期,76235,仙Ⅱ-418,0.0,否,,1,32,02,0,0,基础学术英语-读写,12,第5节-第6节,仙II区,00020022A
32.0,400330,大学英语读写（第二层次）（一）(20171-00020022A-16),2017100020022A76236,英语课,3,,34,4-18周,0,吴淑云,4-18周 周二 第1节-第2节 仙Ⅱ-414,2.0,大学外语部,否,理论类课程,周二,2017-2018-1,,2017100020022A76236,2017*工科试验班*工科试验班,0,仙林校区,2017-2018学年 第1学期,76236,仙Ⅱ-414,0.0,否,,1,32,02,0,0,基础学术英语-读写,12,第1节-第2节,仙II区,00020022A
32.0,400330,大学英语读写（第二层次）（一）(20171-00020022A-17),2017100020022A76237,英语课,3,,31,4-18周,0,孙爱娣,4-18周 周二 第1节-第2节 仙Ⅱ-512,2.0,大学外语部,否,理论类课程,周二,2017-2018-1,,2017100020022A76237,2017*工科试验班*工科试验班,0,仙林校区,2017-2018学年 第1学期,76237,仙Ⅱ-512,0.0,否,,1,32,02,0,0,基础学术英语-读写,12,第1节-第2节,仙II区,00020022A
32.0,400330,大学英语读写（第二层次）（一）(20171-00020022A-18),2017100020022A76238,英语课,3,,34,4-18周,0,乔丽婷,4-18周 周二 第1节-第2节 仙Ⅱ-419,2.0,大学外语部,否,理论类课程,周二,2017-2018-1,,2017100020022A76238,2017*工科试验班*工科试验班,0,仙林校区,2017-2018学年 第1学期,76238,仙Ⅱ-419,0.0,否,,1,32,02,0,0,基础学术英语-读写,12,第1节-第2节,仙II区,00020022A
32.0,400330,大学英语读写（第二层次）（一）(20171-00020022A-19),2017100020022A76239,英语课,3,,32,4-18周,0,吴淑云,4-18周 周五 第1节-第2节 仙Ⅱ-414,2.0,大学外语部,否,理论类课程,周五,2017-2018-1,,2017100020022A76239,2017*工科试验班*工科试验班,0,仙林校区,2017-2018学年 第1学期,76239,仙Ⅱ-414,0.0,否,,1,32,02,0,0,基础学术英语-读写,12,第1节-第2节,仙II区,00020022A
32.0,400330,大学英语读写（第二层次）（一）(20171-00020022A-20),2017100020022A76240,英语课,3,,32,4-18周,0,孙爱娣,4-18周 周五 第1节-第2节 仙Ⅱ-512,2.0,大学外语部,否,理论类课程,周五,2017-2018-1,,2017100020022A76240,2017*工科试验班*工科试验班,0,仙林校区,2017-2018学年 第1学期,76240,仙Ⅱ-512,0.0,否,,1,32,02,0,0,基础学术英语-读写,12,第1节-第2节,仙II区,00020022A
32.0,400330,大学英语读写（第二层次）（一）(20171-00020022A-21),2017100020022A76241,英语课,3,,29,4-18周,0,裴黎萍,4-18周 周五 第1节-第2节 ,2.0,大学外语部,否,理论类课程,周五,2017-2018-1,,2017100020022A76241,2017*工科试验班*工科试验班,0,仙林校区,2017-2018学年 第1学期,76241,仙I-303,0.0,否,,1,32,02,0,0,基础学术英语-读写,,第1节-第2节,,00020022A
32.0,400330,大学英语读写（第二层次）（一）(20171-00020022A-22),2017100020022A76242,英语课,3,,19,4-18周,0,吴淑云,4-18周 周二 第3节-第4节 仙Ⅱ-414,2.0,大学外语部,否,理论类课程,周二,2017-2018-1,,2017100020022A76242,2017*理科试验班（地球科学与资源环境类）*地球科学与资源环境类,0,仙林校区,2017-2018学年 第1学期,76242,仙Ⅱ-414,0.0,否,,1,32,02,0,0,基础学术英语-读写,12,第3节-第4节,仙II区,00020022A
32.0,400330,大学英语读写（第二层次）（一）(20171-00020022A-23),2017100020022A76243,英语课,3,,24,4-18周,0,孙爱娣,4-18周 周二 第3节-第4节 仙Ⅱ-512,2.0,大学外语部,否,理论类课程,周二,2017-2018-1,,2017100020022A76243,2017*理科试验班（地球科学与资源环境类）*地球科学与资源环境类,0,仙林校区,2017-2018学年 第1学期,76243,仙Ⅱ-512,0.0,否,,1,32,02,0,0,基础学术英语-读写,12,第3节-第4节,仙II区,00020022A
32.0,400330,大学英语读写（第二层次）（一）(20171-00020022A-24),2017100020022A76244,英语课,3,,24,4-18周,0,杨奕枫,4-18周 周二 第3节-第4节 ,2.0,大学外语部,否,理论类课程,周二,2017-2018-1,,2017100020022A76244,2017*理科试验班（地球科学与资源环境类）*地球科学与资源环境类,0,仙林校区,2017-2018学年 第1学期,76244,仙I-304,0.0,否,,1,32,02,0,0,基础学术英语-读写,,第3节-第4节,,00020022A
32.0,400330,大学英语读写（第二层次）（一）(20171-00020022A-25),2017100020022A76245,英语课,3,,32,4-18周,0,张洁,4-18周 周二 第3节-第4节 仙Ⅱ-407,2.0,大学外语部,否,理论类课程,周二,2017-2018-1,,2017100020022A76245,2017*经济管理试验班*经济管理试验班,0,仙林校区,2017-2018学年 第1学期,76245,仙Ⅱ-407,0.0,否,,1,32,02,0,0,基础学术英语-读写,12,第3节-第4节,仙II区,00020022A
32.0,400330,大学英语读写（第二层次）（一）(20171-00020022A-26),2017100020022A76246,英语课,3,,29,4-18周,0,乔丽婷,4-18周 周二 第3节-第4节 仙Ⅱ-419,2.0,大学外语部,否,理论类课程,周二,2017-2018-1,,2017100020022A76246,2017*经济管理试验班*经济管理试验班,0,仙林校区,2017-2018学年 第1学期,76246,仙Ⅱ-419,0.0,否,,1,32,02,0,0,基础学术英语-读写,12,第3节-第4节,仙II区,00020022A
32.0,400330,大学英语读写（第二层次）（一）(20171-00020022A-27),2017100020022A76247,英语课,3,,29,4-18周,0,陈海,4-18周 周四 第3节-第4节 仙Ⅱ-413,2.0,大学外语部,否,理论类课程,周四,2017-2018-1,,2017100020022A76247,2017*经济管理试验班*经济管理试验班,0,仙林校区,2017-2018学年 第1学期,76247,仙Ⅱ-413,0.0,否,,1,32,02,0,0,基础学术英语-读写,12,第3节-第4节,仙II区,00020022A
32.0,400330,大学英语读写（第二层次）（一）(20171-00020022A-28),2017100020022A76248,英语课,3,,31,4-18周,0,王晓红,4-18周 周四 第3节-第4节 ,2.0,大学外语部,否,理论类课程,周四,2017-2018-1,,2017100020022A76248,2017*经济管理试验班*经济管理试验班,0,仙林校区,2017-2018学年 第1学期,76248,仙I-305,0.0,否,,1,32,02,0,0,基础学术英语-读写,,第3节-第4节,,00020022A
32.0,400330,大学英语读写（第二层次）（一）(20171-00020022A-29),2017100020022A76249,英语课,3,,31,4-18周,0,吴凌云,4-18周 周四 第3节-第4节 仙Ⅱ-414,2.0,大学外语部,否,理论类课程,周四,2017-2018-1,,2017100020022A76249,2017*经济管理试验班*经济管理试验班,0,仙林校区,2017-2018学年 第1学期,76249,仙Ⅱ-414,0.0,否,,1,32,02,0,0,基础学术英语-读写,12,第3节-第4节,仙II区,00020022A
32.0,400330,大学英语读写（第二层次）（一）(20171-00020022A-30),2017100020022A76250,英语课,3,,34,4-18周,0,裴黎萍,4-18周 周四 第3节-第4节 ,2.0,大学外语部,否,理论类课程,周四,2017-2018-1,,2017100020022A76250,2017*经济管理试验班*经济管理试验班,0,仙林校区,2017-2018学年 第1学期,76250,仙I-303,0.0,否,,1,32,02,0,0,基础学术英语-读写,,第3节-第4节,,00020022A
32.0,400330,大学英语读写（第二层次）（一）(20171-00020022A-31),2017100020022A76251,英语课,3,,31,4-18周,0,乔丽婷,4-18周 周四 第3节-第4节 仙Ⅱ-417,2.0,大学外语部,否,理论类课程,周四,2017-2018-1,,2017100020022A76251,2017*经济管理试验班*经济管理试验班,0,仙林校区,2017-2018学年 第1学期,76251,仙Ⅱ-417,0.0,否,,1,32,02,0,0,基础学术英语-读写,12,第3节-第4节,仙II区,00020022A
32.0,400330,大学英语读写（第二层次）（一）(20171-00020022A-32),2017100020022A76252,英语课,3,,29,4-18周,0,杨奕枫,4-18周 周四 第3节-第4节 ,2.0,大学外语部,否,理论类课程,周四,2017-2018-1,,2017100020022A76252,2017*经济管理试验班*经济管理试验班,0,仙林校区,2017-2018学年 第1学期,76252,仙I-304,0.0,否,,1,32,02,0,0,基础学术英语-读写,,第3节-第4节,,00020022A
32.0,400330,大学英语读写（第二层次）（一）(20171-00020022A-33),2017100020022A76253,英语课,3,,32,4-18周,0,裴黎萍,4-18周 周二 第5节-第6节 ,2.0,大学外语部,否,理论类课程,周二,2017-2018-1,,2017100020022A76253,2017*理科试验班（数理科学类）*数理科学类,0,仙林校区,2017-2018学年 第1学期,76253,仙I-303,0.0,否,,1,32,02,0,0,基础学术英语-读写,,第5节-第6节,,00020022A
32.0,400330,大学英语读写（第二层次）（一）(20171-00020022A-34),2017100020022A76254,英语课,3,,29,4-18周,0,乔丽婷,4-18周 周二 第5节-第6节 仙Ⅱ-419,2.0,大学外语部,否,理论类课程,周二,2017-2018-1,,2017100020022A76254,2017*理科试验班（数理科学类）*数理科学类,0,仙林校区,2017-2018学年 第1学期,76254,仙Ⅱ-419,0.0,否,,1,32,02,0,0,基础学术英语-读写,12,第5节-第6节,仙II区,00020022A
32.0,400330,大学英语读写（第二层次）（一）(20171-00020022A-35),2017100020022A76255,英语课,3,,32,4-18周,0,王健,4-18周 周二 第5节-第6节 仙Ⅱ-418,2.0,大学外语部,否,理论类课程,周二,2017-2018-1,,2017100020022A76255,2017*理科试验班（数理科学类）*数理科学类,0,仙林校区,2017-2018学年 第1学期,76255,仙Ⅱ-418,0.0,否,,1,32,02,0,0,基础学术英语-读写,12,第5节-第6节,仙II区,00020022A
32.0,400330,大学英语读写（第二层次）（一）(20171-00020022A-36),2017100020022A76256,英语课,3,,27,4-18周,0,王晓红,4-18周 周二 第5节-第6节 ,2.0,大学外语部,否,理论类课程,周二,2017-2018-1,,2017100020022A76256,2017*理科试验班（数理科学类）*数理科学类,0,仙林校区,2017-2018学年 第1学期,76256,仙I-305,0.0,否,,1,32,02,0,0,基础学术英语-读写,,第5节-第6节,,00020022A
32.0,400330,大学英语读写（第二层次）（一）(20171-00020022A-37),2017100020022A76257,英语课,3,,25,4-18周,0,杨奕枫,4-18周 周二 第5节-第6节 ,2.0,大学外语部,否,理论类课程,周二,2017-2018-1,,2017100020022A76257,2017*理科试验班（数理科学类）*数理科学类,0,仙林校区,2017-2018学年 第1学期,76257,仙I-304,0.0,否,,1,32,02,0,0,基础学术英语-读写,,第5节-第6节,,00020022A
32.0,400330,大学英语读写（第二层次）（一）(20171-00020022A-38),2017100020022A76258,英语课,3,,28,4-18周,0,吴淑云,4-18周 周五 第3节-第4节 仙Ⅱ-414,2.0,大学外语部,否,理论类课程,周五,2017-2018-1,,2017100020022A76258,2017*理科试验班（数理科学类）*数理科学类,0,仙林校区,2017-2018学年 第1学期,76258,仙Ⅱ-414,0.0,否,,1,32,02,0,0,基础学术英语-读写,12,第3节-第4节,仙II区,00020022A
32.0,400330,大学英语读写（第二层次）（一）(20171-00020022A-39),2017100020022A76259,英语课,3,,23,4-18周,0,孙爱娣,4-18周 周五 第3节-第4节 仙Ⅱ-512,2.0,大学外语部,否,理论类课程,周五,2017-2018-1,,2017100020022A76259,2017*理科试验班（数理科学类）*数理科学类,0,仙林校区,2017-2018学年 第1学期,76259,仙Ⅱ-512,0.0,否,,1,32,02,0,0,基础学术英语-读写,12,第3节-第4节,仙II区,00020022A
32.0,400330,大学英语读写（第二层次）（一）(20171-00020022A-40),2017100020022A76260,英语课,3,,23,4-18周,0,裴黎萍,4-18周 周五 第3节-第4节 ,2.0,大学外语部,否,理论类课程,周五,2017-2018-1,,2017100020022A76260,2017*理科试验班（数理科学类）*数理科学类,0,仙林校区,2017-2018学年 第1学期,76260,仙I-303,0.0,否,,1,32,02,0,0,基础学术英语-读写,,第3节-第4节,,00020022A
32.0,400330,大学英语读写（第二层次）（一）(20171-00020022A-41),2017100020022A76261,英语课,3,,32,4-18周,0,陆美慧,4-18周 周三 第3节-第4节 仙Ⅱ-416,2.0,大学外语部,否,理论类课程,周三,2017-2018-1,,2017100020022A76261,,0,仙林校区,2017-2018学年 第1学期,76261,仙Ⅱ-416,0.0,否,,1,32,02,0,0,基础学术英语-读写,12,第3节-第4节,仙II区,00020022A
32.0,400330,大学英语读写（第二层次）（一）(20171-00020022A-42),2017100020022A76262,英语课,3,,27,4-18周,0,顾永兴,4-18周 周三 第3节-第4节 仙Ⅱ-412,2.0,大学外语部,否,理论类课程,周三,2017-2018-1,,2017100020022A76262,,0,仙林校区,2017-2018学年 第1学期,76262,仙Ⅱ-412,0.0,否,,1,32,02,0,0,基础学术英语-读写,12,第3节-第4节,仙II区,00020022A
32.0,400330,大学英语读写（第二层次）（一）(20171-00020022A-43),2017100020022A76263,英语课,3,,30,4-18周,0,顾露雯,4-18周 周三 第1节-第2节 仙Ⅱ-413,2.0,大学外语部,否,理论类课程,周三,2017-2018-1,,2017100020022A76263,,0,仙林校区,2017-2018学年 第1学期,76263,仙Ⅱ-413,0.0,否,,1,32,02,0,0,基础学术英语-读写,12,第1节-第2节,仙II区,00020022A
32.0,400330,大学英语读写（第二层次）（一）(20171-00020022A-44),2017100020022A76264,英语课,3,,35,4-18周,0,吴凌云,4-18周 周三 第1节-第2节 仙Ⅱ-414,2.0,大学外语部,否,理论类课程,周三,2017-2018-1,,2017100020022A76264,,0,仙林校区,2017-2018学年 第1学期,76264,仙Ⅱ-414,0.0,否,,1,32,02,0,0,基础学术英语-读写,12,第1节-第2节,仙II区,00020022A
32.0,400330,大学英语读写（第二层次）（一）(20171-00020022A-45),2017100020022A76265,英语课,3,,33,4-18周,0,杨奕枫,4-18周 周三 第5节-第6节 ,2.0,大学外语部,否,理论类课程,周三,2017-2018-1,,2017100020022A76265,2017*理科试验班（化学与生命科学类）*化学与生命科学类,0,仙林校区,2017-2018学年 第1学期,76265,仙I-304,0.0,否,,1,32,02,0,0,基础学术英语-读写,,第5节-第6节,,00020022A
32.0,400330,大学英语读写（第二层次）（一）(20171-00020022A-46),2017100020022A76266,英语课,3,,30,4-18周,0,张洁,4-18周 周三 第5节-第6节 仙Ⅱ-419,2.0,大学外语部,否,理论类课程,周三,2017-2018-1,,2017100020022A76266,2017*理科试验班（化学与生命科学类）*化学与生命科学类,0,仙林校区,2017-2018学年 第1学期,76266,仙Ⅱ-419,0.0,否,,1,32,02,0,0,基础学术英语-读写,12,第5节-第6节,仙II区,00020022A
32.0,400330,大学英语读写（第二层次）（一）(20171-00020022A-47),2017100020022A76267,英语课,3,,21,4-18周,0,吴凌云,4-18周 周三 第5节-第6节 仙Ⅱ-414,2.0,大学外语部,否,理论类课程,周三,2017-2018-1,,2017100020022A76267,2017*理科试验班（化学与生命科学类）*化学与生命科学类,0,仙林校区,2017-2018学年 第1学期,76267,仙Ⅱ-414,0.0,否,,1,32,02,0,0,基础学术英语-读写,12,第5节-第6节,仙II区,00020022A
32.0,400330,大学英语读写（第二层次）（一）(20171-00020022A-48),2017100020022A76268,英语课,3,,25,4-18周,0,顾永兴,4-18周 周三 第5节-第6节 仙Ⅱ-412,2.0,大学外语部,否,理论类课程,周三,2017-2018-1,,2017100020022A76268,2017*理科试验班（化学与生命科学类）*化学与生命科学类,0,仙林校区,2017-2018学年 第1学期,76268,仙Ⅱ-412,0.0,否,,1,32,02,0,0,基础学术英语-读写,12,第5节-第6节,仙II区,00020022A
32.0,400330,大学英语读写（第二层次）（一）(20171-00020022A-49),2017100020022A76269,英语课,3,,25,4-18周,0,顾露雯,4-18周 周三 第5节-第6节 仙Ⅱ-413,2.0,大学外语部,否,理论类课程,周三,2017-2018-1,,2017100020022A76269,2017*理科试验班（化学与生命科学类）*化学与生命科学类,0,仙林校区,2017-2018学年 第1学期,76269,仙Ⅱ-413,0.0,否,,1,32,02,0,0,基础学术英语-读写,12,第5节-第6节,仙II区,00020022A
32.0,400330,大学英语读写（第二层次）（一）(20171-00020022A-50),2017100020022A76270,英语课,3,,29,4-18周,0,王健,4-18周 周三 第5节-第6节 仙Ⅱ-418,2.0,大学外语部,否,理论类课程,周三,2017-2018-1,,2017100020022A76270,2017*理科试验班（化学与生命科学类）*化学与生命科学类,0,仙林校区,2017-2018学年 第1学期,76270,仙Ⅱ-418,0.0,否,,1,32,02,0,0,基础学术英语-读写,12,第5节-第6节,仙II区,00020022A
32.0,400330,大学英语读写（第二层次）（一）(20171-00020022A-51),2017100020022A76271,英语课,3,,37,4-18周,0,陆美慧,4-18周 周三 第1节-第2节 仙Ⅱ-416,2.0,大学外语部,否,理论类课程,周三,2017-2018-1,,2017100020022A76271,,0,仙林校区,2017-2018学年 第1学期,76271,仙Ⅱ-416,0.0,否,,1,32,02,0,0,基础学术英语-读写,12,第1节-第2节,仙II区,00020022A
32.0,400330,大学英语读写（第二层次）（一）(20171-00020022A-52),2017100020022A76272,英语课,3,,35,4-18周,0,吴凌云,4-18周 周四 第1节-第2节 仙Ⅱ-414,2.0,大学外语部,否,理论类课程,周四,2017-2018-1,,2017100020022A76272,,0,仙林校区,2017-2018学年 第1学期,76272,仙Ⅱ-414,0.0,否,,1,32,02,0,0,基础学术英语-读写,12,第1节-第2节,仙II区,00020022A
32.0,400330,大学英语读写（第二层次）（一）(20171-00020022A-53),2017100020022A76273,英语课,3,,34,4-18周,0,张洁,4-18周 周四 第1节-第2节 仙Ⅱ-419,2.0,大学外语部,否,理论类课程,周四,2017-2018-1,,2017100020022A76273,,0,仙林校区,2017-2018学年 第1学期,76273,仙Ⅱ-419,0.0,否,,1,32,02,0,0,基础学术英语-读写,12,第1节-第2节,仙II区,00020022A
32.0,400330,大学英语读写（第二层次）（一）(20171-00020022A-54),2017100020022A76274,英语课,3,,35,4-18周,0,乔丽婷,4-18周 周四 第1节-第2节 仙Ⅱ-417,2.0,大学外语部,否,理论类课程,周四,2017-2018-1,,2017100020022A76274,,0,仙林校区,2017-2018学年 第1学期,76274,仙Ⅱ-417,0.0,否,,1,32,02,0,0,基础学术英语-读写,12,第1节-第2节,仙II区,00020022A
32.0,400330,大学英语读写（第二层次）（一）(20171-00020022A-55),2017100020022A76275,英语课,3,,34,4-18周,0,杨奕枫,4-18周 周四 第5节-第6节 ,2.0,大学外语部,否,理论类课程,周四,2017-2018-1,,2017100020022A76275,"2016外国语学院俄语,2016外国语学院朝鲜语,2016外国语学院西班牙语,2016外国语学院德语,2016外国语学院法语,2016外国语学院日语",0,仙林校区,2017-2018学年 第1学期,76275,仙I-304,0.0,否,,1,32,02,0,0,基础学术英语-读写,,第5节-第6节,,00020022A
32.0,400330,大学英语读写（第二层次）（一）(20171-00020022A-56),2017100020022A76276,英语课,3,,32,4-18周,0,王晓红,4-18周 周四 第5节-第6节 ,2.0,大学外语部,否,理论类课程,周四,2017-2018-1,,2017100020022A76276,"2016外国语学院俄语,2016外国语学院朝鲜语,2016外国语学院西班牙语,2016外国语学院德语,2016外国语学院法语,2016外国语学院日语",0,仙林校区,2017-2018学年 第1学期,76276,仙I-305,0.0,否,,1,32,02,0,0,基础学术英语-读写,,第5节-第6节,,00020022A
32.0,400330,大学英语读写（第三层次）（一）(20171-00020023A-1),2017100020023A76349,英语课,3,,35,4-18周,0,张晓红,4-18周 周一 第1节-第2节 仙Ⅱ-512,2.0,大学外语部,否,理论类课程,周一,2017-2018-1,,2017100020023A76349,,0,仙林校区,2017-2018学年 第1学期,76349,仙Ⅱ-512,0.0,否,,1,32,02,0,0,大学英语读写（第三层次）（一）,12,第1节-第2节,仙II区,00020023A
32.0,400330,大学英语读写（第三层次）（一）(20171-00020023A-2),2017100020023A76350,英语课,3,,37,4-18周,0,周莹,4-18周 周一 第1节-第2节 仙Ⅱ-418,2.0,大学外语部,否,理论类课程,周一,2017-2018-1,,2017100020023A76350,,0,仙林校区,2017-2018学年 第1学期,76350,仙Ⅱ-418,0.0,否,,1,32,02,0,0,大学英语读写（第三层次）（一）,12,第1节-第2节,仙II区,00020023A
32.0,400330,大学英语读写（第三层次）（一）(20171-00020023A-3),2017100020023A76351,英语课,3,,34,4-18周,0,张丽萍,4-18周 周一 第1节-第2节 仙Ⅱ-419,2.0,大学外语部,否,理论类课程,周一,2017-2018-1,,2017100020023A76351,,0,仙林校区,2017-2018学年 第1学期,76351,仙Ⅱ-419,0.0,否,,1,32,02,0,0,大学英语读写（第三层次）（一）,12,第1节-第2节,仙II区,00020023A
32.0,400330,大学英语读写（第三层次）（一）(20171-00020023A-4),2017100020023A76352,英语课,3,,35,4-18周,0,张晓红,4-18周 周一 第3节-第4节 仙Ⅱ-512,2.0,大学外语部,否,理论类课程,周一,2017-2018-1,,2017100020023A76352,2017*人文科学试验班*人文艺术传播类,0,仙林校区,2017-2018学年 第1学期,76352,仙Ⅱ-512,0.0,否,,1,32,02,0,0,大学英语读写（第三层次）（一）,12,第3节-第4节,仙II区,00020023A
32.0,400330,大学英语读写（第三层次）（一）(20171-00020023A-5),2017100020023A76353,英语课,3,,35,4-18周,0,周莹,4-18周 周一 第3节-第4节 仙Ⅱ-418,2.0,大学外语部,否,理论类课程,周一,2017-2018-1,,2017100020023A76353,2017*人文科学试验班*人文艺术传播类,0,仙林校区,2017-2018学年 第1学期,76353,仙Ⅱ-418,0.0,否,,1,32,02,0,0,大学英语读写（第三层次）（一）,12,第3节-第4节,仙II区,00020023A
32.0,400330,大学英语读写（第三层次）（一）(20171-00020023A-6),2017100020023A76354,英语课,3,,35,4-18周,0,张丽萍,4-18周 周一 第3节-第4节 仙Ⅱ-419,2.0,大学外语部,否,理论类课程,周一,2017-2018-1,,2017100020023A76354,2017*人文科学试验班*人文艺术传播类,0,仙林校区,2017-2018学年 第1学期,76354,仙Ⅱ-419,0.0,否,,1,32,02,0,0,大学英语读写（第三层次）（一）,12,第3节-第4节,仙II区,00020023A
32.0,400330,大学英语读写（第三层次）（一）(20171-00020023A-7),2017100020023A76355,英语课,3,,34,4-18周,0,张晓红,4-18周 周一 第5节-第6节 仙Ⅱ-512,2.0,大学外语部,否,理论类课程,周一,2017-2018-1,,2017100020023A76355,2017*计算机科学与技术类*计算机科学与技术类,0,仙林校区,2017-2018学年 第1学期,76355,仙Ⅱ-512,0.0,否,,1,32,02,0,0,大学英语读写（第三层次）（一）,12,第5节-第6节,仙II区,00020023A
32.0,400330,大学英语读写（第三层次）（一）(20171-00020023A-8),2017100020023A76356,英语课,3,,36,4-18周,0,傅俭,4-18周 周一 第5节-第6节 仙Ⅱ-411,2.0,大学外语部,否,理论类课程,周一,2017-2018-1,,2017100020023A76356,2017*计算机科学与技术类*计算机科学与技术类,0,仙林校区,2017-2018学年 第1学期,76356,仙Ⅱ-411,0.0,否,,1,32,02,0,0,大学英语读写（第三层次）（一）,12,第5节-第6节,仙II区,00020023A
32.0,400330,大学英语读写（第三层次）（一）(20171-00020023A-9),2017100020023A76357,英语课,3,,35,4-18周,0,郑从容,4-18周 周二 第1节-第2节 仙Ⅱ-513,2.0,大学外语部,否,理论类课程,周二,2017-2018-1,,2017100020023A76357,2017*工科试验班*工科试验班,0,仙林校区,2017-2018学年 第1学期,76357,仙Ⅱ-513,0.0,否,,1,32,02,0,0,大学英语读写（第三层次）（一）,12,第1节-第2节,仙II区,00020023A
32.0,400330,大学英语读写（第三层次）（一）(20171-00020023A-10),2017100020023A76358,英语课,3,,35,4-18周,0,傅俭,4-18周 周二 第1节-第2节 仙Ⅱ-411,2.0,大学外语部,否,理论类课程,周二,2017-2018-1,,2017100020023A76358,2017*工科试验班*工科试验班,0,仙林校区,2017-2018学年 第1学期,76358,仙Ⅱ-411,0.0,否,,1,32,02,0,0,大学英语读写（第三层次）（一）,12,第1节-第2节,仙II区,00020023A
32.0,400330,大学英语读写（第三层次）（一）(20171-00020023A-11),2017100020023A76359,英语课,3,,35,4-18周,0,陆晓,4-18周 周二 第1节-第2节 仙Ⅱ-418,2.0,大学外语部,否,理论类课程,周二,2017-2018-1,,2017100020023A76359,2017*工科试验班*工科试验班,0,仙林校区,2017-2018学年 第1学期,76359,仙Ⅱ-418,0.0,否,,1,32,02,0,0,大学英语读写（第三层次）（一）,12,第1节-第2节,仙II区,00020023A
32.0,400330,大学英语读写（第三层次）（一）(20171-00020023A-12),2017100020023A76360,英语课,3,,35,4-18周,0,郑从容,4-18周 周二 第3节-第4节 仙Ⅱ-513,2.0,大学外语部,否,理论类课程,周二,2017-2018-1,,2017100020023A76360,2017*经济管理试验班*经济管理试验班,0,仙林校区,2017-2018学年 第1学期,76360,仙Ⅱ-513,0.0,否,,1,32,02,0,0,大学英语读写（第三层次）（一）,12,第3节-第4节,仙II区,00020023A
32.0,400330,大学英语读写（第三层次）（一）(20171-00020023A-13),2017100020023A76361,英语课,3,,34,4-18周,0,傅俭,4-18周 周二 第3节-第4节 仙Ⅱ-411,2.0,大学外语部,否,理论类课程,周二,2017-2018-1,,2017100020023A76361,2017*经济管理试验班*经济管理试验班,0,仙林校区,2017-2018学年 第1学期,76361,仙Ⅱ-411,0.0,否,,1,32,02,0,0,大学英语读写（第三层次）（一）,12,第3节-第4节,仙II区,00020023A
32.0,400330,大学英语读写（第三层次）（一）(20171-00020023A-14),2017100020023A76362,英语课,3,,33,4-18周,0,陆晓,4-18周 周二 第3节-第4节 仙Ⅱ-418,2.0,大学外语部,否,理论类课程,周二,2017-2018-1,,2017100020023A76362,2017*经济管理试验班*经济管理试验班,0,仙林校区,2017-2018学年 第1学期,76362,仙Ⅱ-418,0.0,否,,1,32,02,0,0,大学英语读写（第三层次）（一）,12,第3节-第4节,仙II区,00020023A
32.0,400330,大学英语读写（第三层次）（一）(20171-00020023A-15),2017100020023A76363,英语课,3,,23,4-18周,0,傅俭,4-18周 周三 第1节-第2节 仙Ⅱ-417,2.0,大学外语部,否,理论类课程,周三,2017-2018-1,,2017100020023A76363,2017*理科试验班（地球科学与资源环境类）*地球科学与资源环境类,0,仙林校区,2017-2018学年 第1学期,76363,仙Ⅱ-417,0.0,否,,1,32,02,0,0,大学英语读写（第三层次）（一）,12,第1节-第2节,仙II区,00020023A
32.0,400330,大学英语读写（第三层次）（一）(20171-00020023A-16),2017100020023A76364,英语课,3,,19,4-18周,0,张丽萍,4-18周 周三 第1节-第2节 仙Ⅱ-419,2.0,大学外语部,否,理论类课程,周三,2017-2018-1,,2017100020023A76364,2017*理科试验班（地球科学与资源环境类）*地球科学与资源环境类,0,仙林校区,2017-2018学年 第1学期,76364,仙Ⅱ-419,0.0,否,,1,32,02,0,0,大学英语读写（第三层次）（一）,12,第1节-第2节,仙II区,00020023A
32.0,400330,大学英语读写（第三层次）（一）(20171-00020023A-17),2017100020023A76365,英语课,3,,35,4-18周,0,王志凌,4-18周 周三 第1节-第2节 仙Ⅱ-512,2.0,大学外语部,否,理论类课程,周三,2017-2018-1,,2017100020023A76365,,0,仙林校区,2017-2018学年 第1学期,76365,仙Ⅱ-512,0.0,否,,1,32,02,0,0,大学英语读写（第三层次）（一）,12,第1节-第2节,仙II区,00020023A
32.0,400330,大学英语读写（第三层次）（一）(20171-00020023A-18),2017100020023A76366,英语课,3,,37,4-18周,0,陆晓,4-18周 周四 第1节-第2节 仙Ⅱ-416,2.0,大学外语部,否,理论类课程,周四,2017-2018-1,,2017100020023A76366,,0,仙林校区,2017-2018学年 第1学期,76366,仙Ⅱ-416,0.0,否,,1,32,02,0,0,大学英语读写（第三层次）（一）,12,第1节-第2节,仙II区,00020023A
32.0,400330,大学英语读写（第三层次）（一）(20171-00020023A-19),2017100020023A76367,英语课,3,,28,4-18周,0,王志凌,4-18周 周三 第3节-第4节 仙Ⅱ-512,2.0,大学外语部,否,理论类课程,周三,2017-2018-1,,2017100020023A76367,,0,仙林校区,2017-2018学年 第1学期,76367,仙Ⅱ-512,0.0,否,,1,32,02,0,0,大学英语读写（第三层次）（一）,12,第3节-第4节,仙II区,00020023A
32.0,400330,大学英语读写（第三层次）（一）(20171-00020023A-20),2017100020023A76368,英语课,3,,33,4-18周,0,郑从容,4-18周 周三 第1节-第2节 仙Ⅱ-513,2.0,大学外语部,否,理论类课程,周三,2017-2018-1,,2017100020023A76368,,0,仙林校区,2017-2018学年 第1学期,76368,仙Ⅱ-513,0.0,否,,1,32,02,0,0,大学英语读写（第三层次）（一）,12,第1节-第2节,仙II区,00020023A
32.0,400330,大学英语读写（第三层次）（一）(20171-00020023A-21),2017100020023A76369,英语课,3,,35,4-18周,0,王志凌,4-18周 周三 第5节-第6节 仙Ⅱ-512,2.0,大学外语部,否,理论类课程,周三,2017-2018-1,,2017100020023A76369,2017*理科试验班（化学与生命科学类）*化学与生命科学类,0,仙林校区,2017-2018学年 第1学期,76369,仙Ⅱ-512,0.0,否,,1,32,02,0,0,大学英语读写（第三层次）（一）,12,第5节-第6节,仙II区,00020023A
32.0,400330,大学英语读写（第三层次）（一）(20171-00020023A-22),2017100020023A76370,英语课,3,,35,4-18周,0,郑从容,4-18周 周四 第5节-第6节 仙Ⅱ-513,2.0,大学外语部,否,理论类课程,周四,2017-2018-1,,2017100020023A76370,2017*理科试验班（化学与生命科学类）*化学与生命科学类,0,仙林校区,2017-2018学年 第1学期,76370,仙Ⅱ-513,0.0,否,,1,32,02,0,0,大学英语读写（第三层次）（一）,12,第5节-第6节,仙II区,00020023A
32.0,400330,大学英语读写（第三层次）（一）(20171-00020023A-23),2017100020023A76371,英语课,3,,29,4-18周,0,郑从容,4-18周 周四 第1节-第2节 仙Ⅱ-513,2.0,大学外语部,否,理论类课程,周四,2017-2018-1,,2017100020023A76371,2017文学院戏剧影视文学,0,仙林校区,2017-2018学年 第1学期,76371,仙Ⅱ-513,0.0,否,,1,32,02,0,0,大学英语读写（第三层次）（一）,12,第1节-第2节,仙II区,00020023A
32.0,400330,大学英语读写（第三层次）（一）(20171-00020023A-24),2017100020023A76372,英语课,3,,25,4-18周,0,陆晓,4-18周 周四 第5节-第6节 仙Ⅱ-416,2.0,大学外语部,否,理论类课程,周四,2017-2018-1,,2017100020023A76372,"2016外国语学院俄语,2016外国语学院朝鲜语,2016外国语学院西班牙语,2016外国语学院德语,2016外国语学院法语,2016外国语学院日语",0,仙林校区,2017-2018学年 第1学期,76372,仙Ⅱ-416,0.0,否,,1,32,02,0,0,大学英语读写（第三层次）（一）,12,第5节-第6节,仙II区,00020023A
32.0,400330,大学英语读写（第三层次）（一）(20171-00020023A-25),2017100020023A76373,英语课,3,,34,4-18周,0,周莹,4-18周 周五 第1节-第2节 仙Ⅱ-418,2.0,大学外语部,否,理论类课程,周五,2017-2018-1,,2017100020023A76373,2017*社会科学试验班*社会科学试验班,0,仙林校区,2017-2018学年 第1学期,76373,仙Ⅱ-418,0.0,否,,1,32,02,0,0,大学英语读写（第三层次）（一）,12,第1节-第2节,仙II区,00020023A
32.0,400330,大学英语读写（第三层次）（一）(20171-00020023A-26),2017100020023A76374,英语课,3,,27,4-18周,0,张晓红,4-18周 周五 第1节-第2节 仙Ⅱ-416,2.0,大学外语部,否,理论类课程,周五,2017-2018-1,,2017100020023A76374,2017*社会科学试验班*社会科学试验班,0,仙林校区,2017-2018学年 第1学期,76374,仙Ⅱ-416,0.0,否,,1,32,02,0,0,大学英语读写（第三层次）（一）,12,第1节-第2节,仙II区,00020023A
32.0,400330,大学英语读写（第三层次）（一）(20171-00020023A-27),2017100020023A76375,英语课,3,,32,4-18周,0,王志凌,4-18周 周五 第1节-第2节 仙Ⅱ-417,2.0,大学外语部,否,理论类课程,周五,2017-2018-1,,2017100020023A76375,2017*社会科学试验班*社会科学试验班,0,仙林校区,2017-2018学年 第1学期,76375,仙Ⅱ-417,0.0,否,,1,32,02,0,0,大学英语读写（第三层次）（一）,12,第1节-第2节,仙II区,00020023A
32.0,400330,大学英语读写（第三层次）（一）(20171-00020023A-28),2017100020023A76376,英语课,3,,29,4-18周,0,张丽萍,4-18周 周五 第1节-第2节 仙Ⅱ-419,2.0,大学外语部,否,理论类课程,周五,2017-2018-1,,2017100020023A76376,2017*社会科学试验班*社会科学试验班,0,仙林校区,2017-2018学年 第1学期,76376,仙Ⅱ-419,0.0,否,,1,32,02,0,0,大学英语读写（第三层次）（一）,12,第1节-第2节,仙II区,00020023A
32.0,400330,大学英语读写（第三层次）（一）(20171-00020023A-29),2017100020023A76377,英语课,3,,26,4-18周,0,周莹,4-18周 周五 第3节-第4节 仙Ⅱ-418,2.0,大学外语部,否,理论类课程,周五,2017-2018-1,,2017100020023A76377,,0,仙林校区,2017-2018学年 第1学期,76377,仙Ⅱ-418,0.0,否,,1,32,02,0,0,大学英语读写（第三层次）（一）,12,第3节-第4节,仙II区,00020023A
32.0,400330,大学英语读写（第三层次）（一）(20171-00020023A-30),2017100020023A76378,英语课,3,,30,4-18周,0,张晓红,4-18周 周五 第3节-第4节 仙Ⅱ-416,2.0,大学外语部,否,理论类课程,周五,2017-2018-1,,2017100020023A76378,2017*理科试验班（数理科学类）*数理科学类,0,仙林校区,2017-2018学年 第1学期,76378,仙Ⅱ-416,0.0,否,,1,32,02,0,0,大学英语读写（第三层次）（一）,12,第3节-第4节,仙II区,00020023A
32.0,400330,大学英语读写（第三层次）（一）(20171-00020023A-31),2017100020023A76379,英语课,3,,25,4-18周,0,王志凌,4-18周 周五 第3节-第4节 仙Ⅱ-417,2.0,大学外语部,否,理论类课程,周五,2017-2018-1,,2017100020023A76379,2017*理科试验班（数理科学类）*数理科学类,0,仙林校区,2017-2018学年 第1学期,76379,仙Ⅱ-417,0.0,否,,1,32,02,0,0,大学英语读写（第三层次）（一）,12,第3节-第4节,仙II区,00020023A
32.0,400330,大学英语读写（第三层次）（一）(20171-00020023A-32),2017100020023A76380,英语课,3,,32,4-18周,0,张丽萍,4-18周 周五 第3节-第4节 仙Ⅱ-419,2.0,大学外语部,否,理论类课程,周五,2017-2018-1,,2017100020023A76380,2017*理科试验班（数理科学类）*数理科学类,0,仙林校区,2017-2018学年 第1学期,76380,仙Ⅱ-419,0.0,否,,1,32,02,0,0,大学英语读写（第三层次）（一）,12,第3节-第4节,仙II区,00020023A
32.0,400330,大学英语听说（第一层次）（一）(20171-00020031A-1),2017100020031A76164,英语课,3,,28,4-18周,0,TOBY BALLENTINE,4-18周 周一 第7节-第8节 ,2.0,大学外语部,否,理论类课程,周一,2017-2018-1,,2017100020031A76164,,0,仙林校区,2017-2018学年 第1学期,76164,仙I-303,0.0,否,,1,34,02,0,0,大学英语听说（第一层次）（一）,,第7节-第8节,,00020031A
32.0,400330,大学英语听说（第一层次）（一）(20171-00020031A-2),2017100020031A76165,英语课,3,,31,4-18周,0,TOBY BALLENTINE,4-18周 周一 第9节-第10节 ,2.0,大学外语部,否,理论类课程,周一,2017-2018-1,,2017100020031A76165,,0,仙林校区,2017-2018学年 第1学期,76165,仙I-303,0.0,否,,1,34,02,0,0,大学英语听说（第一层次）（一）,,第9节-第10节,,00020031A
32.0,400330,大学英语听说（第一层次）（一）(20171-00020031A-3),2017100020031A76166,英语课,3,,23,4-18周,0,外教1-Barbara,4-18周 周二 第7节-第8节 ,2.0,大学外语部,否,理论类课程,周二,2017-2018-1,,2017100020031A76166,,0,仙林校区,2017-2018学年 第1学期,76166,仙I-305,0.0,否,,1,34,02,0,0,大学英语听说（第一层次）（一）,,第7节-第8节,,00020031A
32.0,400330,大学英语听说（第一层次）（一）(20171-00020031A-4),2017100020031A76167,英语课,3,,34,4-18周,0,外教1-Barbara,4-18周 周二 第9节-第10节 ,2.0,大学外语部,否,理论类课程,周二,2017-2018-1,,2017100020031A76167,,0,仙林校区,2017-2018学年 第1学期,76167,仙I-305,0.0,否,,1,34,02,0,0,大学英语听说（第一层次）（一）,,第9节-第10节,,00020031A
32.0,400330,大学英语听说（第一层次）（一）(20171-00020031A-5),2017100020031A76168,英语课,3,,21,4-18周,0,外教1-Barbara,4-18周 周四 第7节-第8节 ,2.0,大学外语部,否,理论类课程,周四,2017-2018-1,,2017100020031A76168,,0,仙林校区,2017-2018学年 第1学期,76168,仙I-305,0.0,否,,1,34,02,0,0,大学英语听说（第一层次）（一）,,第7节-第8节,,00020031A
32.0,400330,大学英语听说（第一层次）（一）(20171-00020031A-6),2017100020031A76169,英语课,3,,32,4-18周,0,外教1-Barbara,4-18周 周四 第9节-第10节 ,2.0,大学外语部,否,理论类课程,周四,2017-2018-1,,2017100020031A76169,,0,仙林校区,2017-2018学年 第1学期,76169,仙I-305,0.0,否,,1,34,02,0,0,大学英语听说（第一层次）（一）,,第9节-第10节,,00020031A
32.0,400330,大学英语听说（第二层次）（一）(20171-00020032A-1),2017100020032A76285,英语课,3,,29,4-18周,0,刘芳,4-18周 周一 第1节-第2节 仙Ⅱ-417,2.0,大学外语部,否,理论类课程,周一,2017-2018-1,,2017100020032A76285,2017*理科试验班（化学与生命科学类）*化学与生命科学类,0,仙林校区,2017-2018学年 第1学期,76285,仙Ⅱ-417,0.0,否,,1,32,02,0,0,基础学术英语-听说,12,第1节-第2节,仙II区,00020032A
32.0,400330,大学英语听说（第二层次）（一）(20171-00020032A-2),2017100020032A76286,英语课,3,,24,4-18周,0,程苏婉,4-18周 周一 第1节-第2节 仙Ⅱ-412,2.0,大学外语部,否,理论类课程,周一,2017-2018-1,,2017100020032A76286,2017*理科试验班（化学与生命科学类）*化学与生命科学类,0,仙林校区,2017-2018学年 第1学期,76286,仙Ⅱ-412,0.0,否,,1,32,02,0,0,基础学术英语-听说,12,第1节-第2节,仙II区,00020032A
32.0,400330,大学英语听说（第二层次）（一）(20171-00020032A-3),2017100020032A76287,英语课,3,,25,4-18周,0,王颖,4-18周 周一 第1节-第2节 仙Ⅱ-513,2.0,大学外语部,否,理论类课程,周一,2017-2018-1,,2017100020032A76287,2017*理科试验班（化学与生命科学类）*化学与生命科学类,0,仙林校区,2017-2018学年 第1学期,76287,仙Ⅱ-513,0.0,否,,1,32,02,0,0,基础学术英语-听说,12,第1节-第2节,仙II区,00020032A
32.0,400330,大学英语听说（第二层次）（一）(20171-00020032A-4),2017100020032A76288,英语课,3,,26,4-18周,0,蒋玉梅,4-18周 周一 第1节-第2节 ,2.0,大学外语部,否,理论类课程,周一,2017-2018-1,,2017100020032A76288,2017*理科试验班（化学与生命科学类）*化学与生命科学类,0,仙林校区,2017-2018学年 第1学期,76288,仙I-304,0.0,否,,1,32,02,0,0,基础学术英语-听说,,第1节-第2节,,00020032A
32.0,400330,大学英语听说（第二层次）（一）(20171-00020032A-5),2017100020032A76289,英语课,3,,28,4-18周,0,吴耘,4-18周 周一 第1节-第2节 仙Ⅱ-514,2.0,大学外语部,否,理论类课程,周一,2017-2018-1,,2017100020032A76289,2017*理科试验班（化学与生命科学类）*化学与生命科学类,0,仙林校区,2017-2018学年 第1学期,76289,仙Ⅱ-514,0.0,否,,1,32,02,0,0,基础学术英语-听说,12,第1节-第2节,仙II区,00020032A
32.0,400330,大学英语听说（第二层次）（一）(20171-00020032A-6),2017100020032A76290,英语课,3,,23,4-18周,0,刘芳,4-18周 周一 第5节-第6节 仙Ⅱ-417,2.0,大学外语部,否,理论类课程,周一,2017-2018-1,,2017100020032A76290,2017*理科试验班（化学与生命科学类）*化学与生命科学类,0,仙林校区,2017-2018学年 第1学期,76290,仙Ⅱ-417,0.0,否,,1,32,02,0,0,基础学术英语-听说,12,第5节-第6节,仙II区,00020032A
32.0,400330,大学英语听说（第二层次）（一）(20171-00020032A-8),2017100020032A76292,英语课,3,,35,4-18周,0,刘芳,4-18周 周一 第3节-第4节 仙Ⅱ-417,2.0,大学外语部,否,理论类课程,周一,2017-2018-1,,2017100020032A76292,,0,仙林校区,2017-2018学年 第1学期,76292,仙Ⅱ-417,0.0,否,,1,32,02,0,0,基础学术英语-听说,12,第3节-第4节,仙II区,00020032A
32.0,400330,大学英语听说（第二层次）（一）(20171-00020032A-9),2017100020032A76293,英语课,3,,36,4-18周,0,蒋玉梅,4-18周 周一 第3节-第4节 ,2.0,大学外语部,否,理论类课程,周一,2017-2018-1,,2017100020032A76293,,0,仙林校区,2017-2018学年 第1学期,76293,仙I-304,0.0,否,,1,32,02,0,0,基础学术英语-听说,,第3节-第4节,,00020032A
32.0,400330,大学英语听说（第二层次）（一）(20171-00020032A-10),2017100020032A76294,英语课,3,,35,4-18周,0,蒋玉梅,4-18周 周五 第1节-第2节 ,2.0,大学外语部,否,理论类课程,周五,2017-2018-1,,2017100020032A76294,,0,仙林校区,2017-2018学年 第1学期,76294,仙I-304,0.0,否,,1,32,02,0,0,基础学术英语-听说,,第1节-第2节,,00020032A
32.0,400330,大学英语听说（第二层次）（一）(20171-00020032A-11),2017100020032A76295,英语课,3,,35,4-18周,0,李长生,4-18周 周五 第1节-第2节 ,2.0,大学外语部,否,理论类课程,周五,2017-2018-1,,2017100020032A76295,,0,仙林校区,2017-2018学年 第1学期,76295,仙I-306,0.0,否,,1,32,02,0,0,基础学术英语-听说,,第1节-第2节,,00020032A
32.0,400330,大学英语听说（第二层次）（一）(20171-00020032A-12),2017100020032A76296,英语课,3,,24,4-18周,0,程苏婉,4-18周 周一 第5节-第6节 仙Ⅱ-412,2.0,大学外语部,否,理论类课程,周一,2017-2018-1,,2017100020032A76296,"2016外国语学院俄语,2016外国语学院朝鲜语,2016外国语学院西班牙语,2016外国语学院德语,2016外国语学院法语,2016外国语学院日语",0,仙林校区,2017-2018学年 第1学期,76296,仙Ⅱ-412,0.0,否,,1,32,02,0,0,基础学术英语-听说,12,第5节-第6节,仙II区,00020032A
32.0,400330,大学英语听说（第二层次）（一）(20171-00020032A-13),2017100020032A76297,英语课,3,,27,4-18周,0,王颖,4-18周 周一 第5节-第6节 仙Ⅱ-513,2.0,大学外语部,否,理论类课程,周一,2017-2018-1,,2017100020032A76297,"2016外国语学院俄语,2016外国语学院朝鲜语,2016外国语学院西班牙语,2016外国语学院德语,2016外国语学院法语,2016外国语学院日语",0,仙林校区,2017-2018学年 第1学期,76297,仙Ⅱ-513,0.0,否,,1,32,02,0,0,基础学术英语-听说,12,第5节-第6节,仙II区,00020032A
32.0,400330,大学英语听说（第二层次）（一）(20171-00020032A-14),2017100020032A76298,英语课,3,,21,4-18周,0,蒋玉梅,4-18周 周一 第5节-第6节 ,2.0,大学外语部,否,理论类课程,周一,2017-2018-1,,2017100020032A76298,"2016外国语学院俄语,2016外国语学院朝鲜语,2016外国语学院西班牙语,2016外国语学院德语,2016外国语学院法语,2016外国语学院日语",0,仙林校区,2017-2018学年 第1学期,76298,仙I-304,0.0,否,,1,32,02,0,0,基础学术英语-听说,,第5节-第6节,,00020032A
32.0,400330,大学英语听说（第二层次）（一）(20171-00020032A-15),2017100020032A76299,英语课,3,,33,4-18周,0,陈萱,4-18周 周二 第1节-第2节 仙Ⅱ-415,2.0,大学外语部,否,理论类课程,周二,2017-2018-1,,2017100020032A76299,2017*社会科学试验班*社会科学试验班,0,仙林校区,2017-2018学年 第1学期,76299,仙Ⅱ-415,0.0,否,,1,32,02,0,0,基础学术英语-听说,12,第1节-第2节,仙II区,00020032A
32.0,400330,大学英语听说（第二层次）（一）(20171-00020032A-16),2017100020032A76300,英语课,3,,31,4-18周,0,吴耘,4-18周 周二 第1节-第2节 仙Ⅱ-514,2.0,大学外语部,否,理论类课程,周二,2017-2018-1,,2017100020032A76300,2017*社会科学试验班*社会科学试验班,0,仙林校区,2017-2018学年 第1学期,76300,仙Ⅱ-514,0.0,否,,1,32,02,0,0,基础学术英语-听说,12,第1节-第2节,仙II区,00020032A
32.0,400330,大学英语听说（第二层次）（一）(20171-00020032A-17),2017100020032A76301,英语课,3,,23,4-18周,0,程苏婉,4-18周 周二 第1节-第2节 仙Ⅱ-412,2.0,大学外语部,否,理论类课程,周二,2017-2018-1,,2017100020032A76301,2017*社会科学试验班*社会科学试验班,0,仙林校区,2017-2018学年 第1学期,76301,仙Ⅱ-412,0.0,否,,1,32,02,0,0,基础学术英语-听说,12,第1节-第2节,仙II区,00020032A
32.0,400330,大学英语听说（第二层次）（一）(20171-00020032A-18),2017100020032A76302,英语课,3,,31,4-18周,0,刘骎,4-18周 周五 第3节-第4节 ,2.0,大学外语部,否,理论类课程,周五,2017-2018-1,,2017100020032A76302,2017*社会科学试验班*社会科学试验班,0,仙林校区,2017-2018学年 第1学期,76302,仙1-419,0.0,否,,1,32,02,0,0,基础学术英语-听说,,第3节-第4节,,00020032A
32.0,400330,大学英语听说（第二层次）（一）(20171-00020032A-19),2017100020032A76303,英语课,3,,26,4-18周,0,肖莉,4-18周 周三 第1节-第2节 仙Ⅱ-508,2.0,大学外语部,否,理论类课程,周三,2017-2018-1,,2017100020032A76303,2017*社会科学试验班*社会科学试验班,0,仙林校区,2017-2018学年 第1学期,76303,仙Ⅱ-508,0.0,否,,1,32,02,0,0,基础学术英语-听说,12,第1节-第2节,仙II区,00020032A
32.0,400330,大学英语听说（第二层次）（一）(20171-00020032A-20),2017100020032A76304,英语课,3,,21,4-18周,0,朱静怡,4-18周 周三 第1节-第2节 仙Ⅱ-514,2.0,大学外语部,否,理论类课程,周三,2017-2018-1,,2017100020032A76304,2017*社会科学试验班*社会科学试验班,0,仙林校区,2017-2018学年 第1学期,76304,仙Ⅱ-514,0.0,否,,1,32,02,0,0,基础学术英语-听说,12,第1节-第2节,仙II区,00020032A
32.0,400330,大学英语听说（第二层次）（一）(20171-00020032A-21),2017100020032A76305,英语课,3,,19,4-18周,0,陆小兵,4-18周 周二 第1节-第2节 仙Ⅱ-417,2.0,大学外语部,否,理论类课程,周二,2017-2018-1,,2017100020032A76305,2017*工科试验班*工科试验班,0,仙林校区,2017-2018学年 第1学期,76305,仙Ⅱ-417,0.0,否,,1,32,02,0,0,基础学术英语-听说,12,第1节-第2节,仙II区,00020032A
32.0,400330,大学英语听说（第二层次）（一）(20171-00020032A-22),2017100020032A76306,英语课,3,,30,4-18周,0,王伟,4-18周 周二 第1节-第2节 仙Ⅱ-508,2.0,大学外语部,否,理论类课程,周二,2017-2018-1,,2017100020032A76306,2017*工科试验班*工科试验班,0,仙林校区,2017-2018学年 第1学期,76306,仙Ⅱ-508,0.0,否,,1,32,02,0,0,基础学术英语-听说,12,第1节-第2节,仙II区,00020032A
32.0,400330,大学英语听说（第二层次）（一）(20171-00020032A-23),2017100020032A76307,英语课,3,,34,4-18周,0,沈蕾,4-18周 周四 第5节-第6节 仙Ⅱ-418,2.0,大学外语部,否,理论类课程,周四,2017-2018-1,,2017100020032A76307,2017*工科试验班*工科试验班,0,仙林校区,2017-2018学年 第1学期,76307,仙Ⅱ-418,0.0,否,,1,32,02,0,0,基础学术英语-听说,12,第5节-第6节,仙II区,00020032A
32.0,400330,大学英语听说（第二层次）（一）(20171-00020032A-24),2017100020032A76308,英语课,3,,34,4-18周,0,王伟,4-18周 周四 第5节-第6节 仙Ⅱ-508,2.0,大学外语部,否,理论类课程,周四,2017-2018-1,,2017100020032A76308,2017*工科试验班*工科试验班,0,仙林校区,2017-2018学年 第1学期,76308,仙Ⅱ-508,0.0,否,,1,32,02,0,0,基础学术英语-听说,12,第5节-第6节,仙II区,00020032A
32.0,400330,大学英语听说（第二层次）（一）(20171-00020032A-25),2017100020032A76309,英语课,3,,32,4-18周,0,李长生,4-18周 周四 第5节-第6节 ,2.0,大学外语部,否,理论类课程,周四,2017-2018-1,,2017100020032A76309,2017*工科试验班*工科试验班,0,仙林校区,2017-2018学年 第1学期,76309,仙I-306,0.0,否,,1,32,02,0,0,基础学术英语-听说,,第5节-第6节,,00020032A
32.0,400330,大学英语听说（第二层次）（一）(20171-00020032A-26),2017100020032A76310,英语课,3,,30,4-18周,0,陈萱,4-18周 周二 第3节-第4节 仙Ⅱ-415,2.0,大学外语部,否,理论类课程,周二,2017-2018-1,,2017100020032A76310,2017*经济管理试验班*经济管理试验班,0,仙林校区,2017-2018学年 第1学期,76310,仙Ⅱ-415,0.0,否,,1,32,02,0,0,基础学术英语-听说,12,第3节-第4节,仙II区,00020032A
32.0,400330,大学英语听说（第二层次）（一）(20171-00020032A-27),2017100020032A76311,英语课,3,,27,4-18周,0,王文宇,4-18周 周二 第3节-第4节 仙Ⅱ-515,2.0,大学外语部,否,理论类课程,周二,2017-2018-1,,2017100020032A76311,2017*经济管理试验班*经济管理试验班,0,仙林校区,2017-2018学年 第1学期,76311,仙Ⅱ-515,0.0,否,,1,32,02,0,0,基础学术英语-听说,12,第3节-第4节,仙II区,00020032A
32.0,400330,大学英语听说（第二层次）（一）(20171-00020032A-28),2017100020032A76312,英语课,3,,26,4-18周,0,程苏婉,4-18周 周二 第3节-第4节 仙Ⅱ-412,2.0,大学外语部,否,理论类课程,周二,2017-2018-1,,2017100020032A76312,2017*经济管理试验班*经济管理试验班,0,仙林校区,2017-2018学年 第1学期,76312,仙Ⅱ-412,0.0,否,,1,32,02,0,0,基础学术英语-听说,12,第3节-第4节,仙II区,00020032A
32.0,400330,大学英语听说（第二层次）（一）(20171-00020032A-29),2017100020032A76313,英语课,3,,28,4-18周,0,陆小兵,4-18周 周二 第3节-第4节 仙Ⅱ-417,2.0,大学外语部,否,理论类课程,周二,2017-2018-1,,2017100020032A76313,2017*经济管理试验班*经济管理试验班,0,仙林校区,2017-2018学年 第1学期,76313,仙Ⅱ-417,0.0,否,,1,32,02,0,0,基础学术英语-听说,12,第3节-第4节,仙II区,00020032A
32.0,400330,大学英语听说（第二层次）（一）(20171-00020032A-30),2017100020032A76314,英语课,3,,32,4-18周,0,陈萱,4-18周 周四 第3节-第4节 仙Ⅱ-415,2.0,大学外语部,否,理论类课程,周四,2017-2018-1,,2017100020032A76314,2017*经济管理试验班*经济管理试验班,0,仙林校区,2017-2018学年 第1学期,76314,仙Ⅱ-415,0.0,否,,1,32,02,0,0,基础学术英语-听说,12,第3节-第4节,仙II区,00020032A
32.0,400330,大学英语听说（第二层次）（一）(20171-00020032A-31),2017100020032A76315,英语课,3,,22,4-18周,0,李长生,4-18周 周四 第3节-第4节 ,2.0,大学外语部,否,理论类课程,周四,2017-2018-1,,2017100020032A76315,2017*经济管理试验班*经济管理试验班,0,仙林校区,2017-2018学年 第1学期,76315,仙I-306,0.0,否,,1,32,02,0,0,基础学术英语-听说,,第3节-第4节,,00020032A
32.0,400330,大学英语听说（第二层次）（一）(20171-00020032A-32),2017100020032A76316,英语课,3,,37,4-18周,0,沈蕾,4-18周 周四 第3节-第4节 仙Ⅱ-418,2.0,大学外语部,否,理论类课程,周四,2017-2018-1,,2017100020032A76316,2017*经济管理试验班*经济管理试验班,0,仙林校区,2017-2018学年 第1学期,76316,仙Ⅱ-418,0.0,否,,1,32,02,0,0,基础学术英语-听说,12,第3节-第4节,仙II区,00020032A
32.0,400330,大学英语听说（第二层次）（一）(20171-00020032A-33),2017100020032A76317,英语课,3,,28,4-18周,0,王文宇,4-18周 周二 第5节-第6节 仙Ⅱ-515,2.0,大学外语部,否,理论类课程,周二,2017-2018-1,,2017100020032A76317,2017*理科试验班（数理科学类）*数理科学类,0,仙林校区,2017-2018学年 第1学期,76317,仙Ⅱ-515,0.0,否,,1,32,02,0,0,基础学术英语-听说,12,第5节-第6节,仙II区,00020032A
32.0,400330,大学英语听说（第二层次）（一）(20171-00020032A-34),2017100020032A76318,英语课,3,,29,4-18周,0,吴耘,4-18周 周二 第5节-第6节 仙Ⅱ-514,2.0,大学外语部,否,理论类课程,周二,2017-2018-1,,2017100020032A76318,2017*理科试验班（数理科学类）*数理科学类,0,仙林校区,2017-2018学年 第1学期,76318,仙Ⅱ-514,0.0,否,,1,32,02,0,0,基础学术英语-听说,12,第5节-第6节,仙II区,00020032A
32.0,400330,大学英语听说（第二层次）（一）(20171-00020032A-35),2017100020032A76319,英语课,3,,34,4-18周,0,陆小兵,4-18周 周二 第5节-第6节 仙Ⅱ-417,2.0,大学外语部,否,理论类课程,周二,2017-2018-1,,2017100020032A76319,2017*理科试验班（数理科学类）*数理科学类,0,仙林校区,2017-2018学年 第1学期,76319,仙Ⅱ-417,0.0,否,,1,32,02,0,0,基础学术英语-听说,12,第5节-第6节,仙II区,00020032A
32.0,400330,大学英语听说（第二层次）（一）(20171-00020032A-36),2017100020032A76320,英语课,3,,29,4-18周,0,沈蕾,4-18周 周二 第5节-第6节 仙Ⅱ-416,2.0,大学外语部,否,理论类课程,周二,2017-2018-1,,2017100020032A76320,2017*理科试验班（数理科学类）*数理科学类,0,仙林校区,2017-2018学年 第1学期,76320,仙Ⅱ-416,0.0,否,,1,32,02,0,0,基础学术英语-听说,12,第5节-第6节,仙II区,00020032A
32.0,400330,大学英语听说（第二层次）（一）(20171-00020032A-37),2017100020032A76321,英语课,3,,34,4-18周,0,王伟,4-18周 周四 第1节-第2节 仙Ⅱ-508,2.0,大学外语部,否,理论类课程,周四,2017-2018-1,,2017100020032A76321,2017*理科试验班（数理科学类）*数理科学类,0,仙林校区,2017-2018学年 第1学期,76321,仙Ⅱ-508,0.0,否,,1,32,02,0,0,基础学术英语-听说,12,第1节-第2节,仙II区,00020032A
32.0,400330,大学英语听说（第二层次）（一）(20171-00020032A-38),2017100020032A76322,英语课,3,,31,4-18周,0,朱静怡,4-18周 周四 第1节-第2节 仙Ⅱ-514,2.0,大学外语部,否,理论类课程,周四,2017-2018-1,,2017100020032A76322,2017*理科试验班（数理科学类）*数理科学类,0,仙林校区,2017-2018学年 第1学期,76322,仙Ⅱ-514,0.0,否,,1,32,02,0,0,基础学术英语-听说,12,第1节-第2节,仙II区,00020032A
32.0,400330,大学英语听说（第二层次）（一）(20171-00020032A-39),2017100020032A76323,英语课,3,,33,4-18周,0,沈蕾,4-18周 周四 第1节-第2节 仙Ⅱ-418,2.0,大学外语部,否,理论类课程,周四,2017-2018-1,,2017100020032A76323,"2017*理科试验班（地球科学与资源环境类）*地球科学与资源环境类,2017*理科试验班（数理科学类）*数理科学类",0,仙林校区,2017-2018学年 第1学期,76323,仙Ⅱ-418,0.0,否,,1,32,02,0,0,基础学术英语-听说,12,第1节-第2节,仙II区,00020032A
32.0,400330,大学英语听说（第二层次）（一）(20171-00020032A-40),2017100020032A76324,英语课,3,,34,4-18周,0,李长生,4-18周 周四 第1节-第2节 ,2.0,大学外语部,否,理论类课程,周四,2017-2018-1,,2017100020032A76324,2017*理科试验班（数理科学类）*数理科学类,0,仙林校区,2017-2018学年 第1学期,76324,仙I-306,0.0,否,,1,32,02,0,0,基础学术英语-听说,,第1节-第2节,,00020032A
32.0,400330,大学英语听说（第二层次）（一）(20171-00020032A-41),2017100020032A76325,英语课,3,,29,4-18周,0,陆小兵,4-18周 周三 第3节-第4节 仙Ⅱ-417,2.0,大学外语部,否,理论类课程,周三,2017-2018-1,,2017100020032A76325,2017*人文科学试验班*人文艺术传播类,0,仙林校区,2017-2018学年 第1学期,76325,仙Ⅱ-417,0.0,否,,1,32,02,0,0,基础学术英语-听说,12,第3节-第4节,仙II区,00020032A
32.0,400330,大学英语听说（第二层次）（一）(20171-00020032A-42),2017100020032A76326,英语课,3,,28,4-18周,0,王文宇,4-18周 周三 第3节-第4节 仙Ⅱ-515,2.0,大学外语部,否,理论类课程,周三,2017-2018-1,,2017100020032A76326,2017*人文科学试验班*人文艺术传播类,0,仙林校区,2017-2018学年 第1学期,76326,仙Ⅱ-515,0.0,否,,1,32,02,0,0,基础学术英语-听说,12,第3节-第4节,仙II区,00020032A
32.0,400330,大学英语听说（第二层次）（一）(20171-00020032A-43),2017100020032A76327,英语课,3,,28,4-18周,0,王颖,4-18周 周三 第3节-第4节 仙Ⅱ-513,2.0,大学外语部,否,理论类课程,周三,2017-2018-1,,2017100020032A76327,2017*人文科学试验班*人文艺术传播类,0,仙林校区,2017-2018学年 第1学期,76327,仙Ⅱ-513,0.0,否,,1,32,02,0,0,基础学术英语-听说,12,第3节-第4节,仙II区,00020032A
32.0,400330,大学英语听说（第二层次）（一）(20171-00020032A-44),2017100020032A76328,英语课,3,,29,4-18周,0,肖莉,4-18周 周三 第3节-第4节 仙Ⅱ-508,2.0,大学外语部,否,理论类课程,周三,2017-2018-1,,2017100020032A76328,2017*人文科学试验班*人文艺术传播类,0,仙林校区,2017-2018学年 第1学期,76328,仙Ⅱ-508,0.0,否,,1,32,02,0,0,基础学术英语-听说,12,第3节-第4节,仙II区,00020032A
32.0,400330,大学英语听说（第二层次）（一）(20171-00020032A-45),2017100020032A76329,英语课,3,,26,4-18周,0,朱静怡,4-18周 周三 第3节-第4节 仙Ⅱ-514,2.0,大学外语部,否,理论类课程,周三,2017-2018-1,,2017100020032A76329,2017*人文科学试验班*人文艺术传播类,0,仙林校区,2017-2018学年 第1学期,76329,仙Ⅱ-514,0.0,否,,1,32,02,0,0,基础学术英语-听说,12,第3节-第4节,仙II区,00020032A
32.0,400330,大学英语听说（第二层次）（一）(20171-00020032A-46),2017100020032A76330,英语课,3,,28,4-18周,0,陆小兵,4-18周 周三 第5节-第6节 仙Ⅱ-417,2.0,大学外语部,否,理论类课程,周三,2017-2018-1,,2017100020032A76330,2017*计算机科学与技术类*计算机科学与技术类,0,仙林校区,2017-2018学年 第1学期,76330,仙Ⅱ-417,0.0,否,,1,32,02,0,0,基础学术英语-听说,12,第5节-第6节,仙II区,00020032A
32.0,400330,大学英语听说（第二层次）（一）(20171-00020032A-47),2017100020032A76331,英语课,3,,27,4-18周,0,王颖,4-18周 周三 第5节-第6节 仙Ⅱ-513,2.0,大学外语部,否,理论类课程,周三,2017-2018-1,,2017100020032A76331,2017*计算机科学与技术类*计算机科学与技术类,0,仙林校区,2017-2018学年 第1学期,76331,仙Ⅱ-513,0.0,否,,1,32,02,0,0,基础学术英语-听说,12,第5节-第6节,仙II区,00020032A
32.0,400330,大学英语听说（第二层次）（一）(20171-00020032A-48),2017100020032A76332,英语课,3,,24,4-18周,0,肖莉,4-18周 周三 第5节-第6节 仙Ⅱ-508,2.0,大学外语部,否,理论类课程,周三,2017-2018-1,,2017100020032A76332,2017*计算机科学与技术类*计算机科学与技术类,0,仙林校区,2017-2018学年 第1学期,76332,仙Ⅱ-508,0.0,否,,1,32,02,0,0,基础学术英语-听说,12,第5节-第6节,仙II区,00020032A
32.0,400330,大学英语听说（第二层次）（一）(20171-00020032A-49),2017100020032A76333,英语课,3,,24,4-18周,0,朱静怡,4-18周 周三 第5节-第6节 仙Ⅱ-514,2.0,大学外语部,否,理论类课程,周三,2017-2018-1,,2017100020032A76333,2017*计算机科学与技术类*计算机科学与技术类,0,仙林校区,2017-2018学年 第1学期,76333,仙Ⅱ-514,0.0,否,,1,32,02,0,0,基础学术英语-听说,12,第5节-第6节,仙II区,00020032A
32.0,400330,大学英语听说（第二层次）（一）(20171-00020032A-50),2017100020032A76334,英语课,3,,27,4-18周,0,陈萱,4-18周 周四 第1节-第2节 仙Ⅱ-415,2.0,大学外语部,否,理论类课程,周四,2017-2018-1,,2017100020032A76334,2017*理科试验班（地球科学与资源环境类）*地球科学与资源环境类,0,仙林校区,2017-2018学年 第1学期,76334,仙Ⅱ-415,0.0,否,,1,32,02,0,0,基础学术英语-听说,12,第1节-第2节,仙II区,00020032A
32.0,400330,大学英语听说（第二层次）（一）(20171-00020032A-51),2017100020032A76335,英语课,3,,27,4-18周,0,吴耘,4-18周 周五 第1节-第2节 仙Ⅱ-514,2.0,大学外语部,否,理论类课程,周五,2017-2018-1,,2017100020032A76335,2017*理科试验班（地球科学与资源环境类）*地球科学与资源环境类,0,仙林校区,2017-2018学年 第1学期,76335,仙Ⅱ-514,0.0,否,,1,32,02,0,0,基础学术英语-听说,12,第1节-第2节,仙II区,00020032A
32.0,400330,大学英语听说（第二层次）（一）(20171-00020032A-52),2017100020032A76336,英语课,3,,33,4-18周,0,刘芳,4-18周 周五 第1节-第2节 仙Ⅱ-411,2.0,大学外语部,否,理论类课程,周五,2017-2018-1,,2017100020032A76336,,0,仙林校区,2017-2018学年 第1学期,76336,仙Ⅱ-411,0.0,否,,1,32,02,0,0,基础学术英语-听说,12,第1节-第2节,仙II区,00020032A
32.0,400330,大学英语听说（第二层次）（一）(20171-00020032A-53),2017100020032A76337,英语课,3,,28,4-18周,0,蒋玉梅,4-18周 周五 第3节-第4节 ,2.0,大学外语部,否,理论类课程,周五,2017-2018-1,,2017100020032A76337,,0,仙林校区,2017-2018学年 第1学期,76337,仙I-304,0.0,否,,1,32,02,0,0,基础学术英语-听说,,第3节-第4节,,00020032A
32.0,400330,大学英语听说（第二层次）（一）(20171-00020032A-54),2017100020032A76338,英语课,3,,24,4-18周,0,刘骎,4-18周 周五 第1节-第2节 ,2.0,大学外语部,否,理论类课程,周五,2017-2018-1,,2017100020032A76338,,0,仙林校区,2017-2018学年 第1学期,76338,仙1-419,0.0,否,,1,32,02,0,0,基础学术英语-听说,,第1节-第2节,,00020032A
32.0,400330,大学英语听说（第二层次）（一）(20171-00020032A-55),2017100020032A76339,英语课,3,,30,4-18周,0,肖莉,4-18周 周五 第1节-第2节 仙Ⅱ-508,2.0,大学外语部,否,理论类课程,周五,2017-2018-1,,2017100020032A76339,,0,仙林校区,2017-2018学年 第1学期,76339,仙Ⅱ-508,0.0,否,,1,32,02,0,0,基础学术英语-听说,12,第1节-第2节,仙II区,00020032A
32.0,400330,大学英语听说（第二层次）（一）(20171-00020032A-55),2017100020032A79090,英语课,3,,25,4-18周,0,程欣,4-18周 周二 第3节-第4节 仙Ⅱ-521,2.0,大学外语部,否,理论类课程,周二,2017-2018-1,,2017100020032A79090,2017*经济管理试验班*经济管理试验班,0,仙林校区,2017-2018学年 第1学期,79090,仙Ⅱ-521,0.0,否,,1,32,02,0,0,基础学术英语-听说,12,第3节-第4节,仙II区,00020032A
32.0,400330,大学英语听说（第二层次）（一）(20171-00020032A-56),2017100020032A79091,英语课,3,,21,4-18周,0,程欣,4-18周 周三 第1节-第2节 仙Ⅱ-521,2.0,大学外语部,否,理论类课程,周三,2017-2018-1,,2017100020032A79091,2017*社会科学试验班*社会科学试验班,0,仙林校区,2017-2018学年 第1学期,79091,仙Ⅱ-521,0.0,否,,1,32,02,0,0,基础学术英语-听说,12,第1节-第2节,仙II区,00020032A
32.0,400330,大学英语听说（第二层次）（一）(20171-00020032A-57),2017100020032A79092,英语课,3,,24,4-18周,0,程欣,4-18周 周三 第3节-第4节 仙Ⅱ-521,2.0,大学外语部,否,理论类课程,周三,2017-2018-1,,2017100020032A79092,2017*人文科学试验班*人文艺术传播类,0,仙林校区,2017-2018学年 第1学期,79092,仙Ⅱ-521,0.0,否,,1,32,02,0,0,基础学术英语-听说,12,第3节-第4节,仙II区,00020032A
32.0,400330,大学英语听说（第二层次）（一）(20171-00020032A-58),2017100020032A79093,英语课,3,,26,4-18周,0,程欣,4-18周 周三 第5节-第6节 仙Ⅱ-521,2.0,大学外语部,否,理论类课程,周三,2017-2018-1,,2017100020032A79093,2017*计算机科学与技术类*计算机科学与技术类,0,仙林校区,2017-2018学年 第1学期,79093,仙Ⅱ-521,0.0,否,,1,32,02,0,0,基础学术英语-听说,12,第5节-第6节,仙II区,00020032A
32.0,400330,大学英语听说（第三层次）（一）(20171-00020033A-1),2017100020033A76383,英语课,3,,35,4-18周,0,张子源,4-18周 周一 第1节-第2节 仙Ⅱ-515,2.0,大学外语部,否,理论类课程,周一,2017-2018-1,,2017100020033A76383,2017*理科试验班（化学与生命科学类）*化学与生命科学类,0,仙林校区,2017-2018学年 第1学期,76383,仙Ⅱ-515,0.0,否,,1,32,02,0,0,大学英语听说（第三层次）（一）,12,第1节-第2节,仙II区,00020033A
32.0,400330,大学英语听说（第三层次）（一）(20171-00020033A-2),2017100020033A76384,英语课,3,,34,4-18周,0,曹宁,4-18周 周一 第1节-第2节 仙Ⅱ-414,2.0,大学外语部,否,理论类课程,周一,2017-2018-1,,2017100020033A76384,2017*理科试验班（化学与生命科学类）*化学与生命科学类,0,仙林校区,2017-2018学年 第1学期,76384,仙Ⅱ-414,0.0,否,,1,32,02,0,0,大学英语听说（第三层次）（一）,12,第1节-第2节,仙II区,00020033A
32.0,400330,大学英语听说（第三层次）（一）(20171-00020033A-3),2017100020033A76385,英语课,3,,25,4-18周,0,张子源,4-18周 周一 第3节-第4节 仙Ⅱ-515,2.0,大学外语部,否,理论类课程,周一,2017-2018-1,,2017100020033A76385,2017*人文科学试验班*人文艺术传播类,0,仙林校区,2017-2018学年 第1学期,76385,仙Ⅱ-515,0.0,否,,1,32,02,0,0,大学英语听说（第三层次）（一）,12,第3节-第4节,仙II区,00020033A
32.0,400330,大学英语听说（第三层次）（一）(20171-00020033A-4),2017100020033A76386,英语课,3,,41,4-18周,0,孟蕊,4-18周 周三 第3节-第4节 仙Ⅱ-415,2.0,大学外语部,否,理论类课程,周三,2017-2018-1,,2017100020033A76386,2017*人文科学试验班*人文艺术传播类,0,仙林校区,2017-2018学年 第1学期,76386,仙Ⅱ-415,0.0,否,,1,32,02,0,0,大学英语听说（第三层次）（一）,12,第3节-第4节,仙II区,00020033A
32.0,400330,大学英语听说（第三层次）（一）(20171-00020033A-5),2017100020033A76387,英语课,3,,41,4-18周,0,张燕,4-18周 周三 第3节-第4节 仙Ⅱ-516,2.0,大学外语部,否,理论类课程,周三,2017-2018-1,,2017100020033A76387,2017*人文科学试验班*人文艺术传播类,0,仙林校区,2017-2018学年 第1学期,76387,仙Ⅱ-516,0.0,否,,1,32,02,0,0,大学英语听说（第三层次）（一）,12,第3节-第4节,仙II区,00020033A
32.0,400330,大学英语听说（第三层次）（一）(20171-00020033A-6),2017100020033A76388,英语课,3,,26,4-18周,0,曹宁,4-18周 周一 第3节-第4节 仙Ⅱ-414,2.0,大学外语部,否,理论类课程,周一,2017-2018-1,,2017100020033A76388,2017文学院戏剧影视文学,0,仙林校区,2017-2018学年 第1学期,76388,仙Ⅱ-414,0.0,否,,1,32,02,0,0,大学英语听说（第三层次）（一）,12,第3节-第4节,仙II区,00020033A
32.0,400330,大学英语听说（第三层次）（一）(20171-00020033A-7),2017100020033A76389,英语课,3,,28,4-18周,0,张子源,4-18周 周一 第5节-第6节 仙Ⅱ-515,2.0,大学外语部,否,理论类课程,周一,2017-2018-1,,2017100020033A76389,"2016外国语学院俄语,2016外国语学院朝鲜语,2016外国语学院西班牙语,2016外国语学院德语,2016外国语学院法语,2016外国语学院日语",0,仙林校区,2017-2018学年 第1学期,76389,仙Ⅱ-515,0.0,否,,1,32,02,0,0,大学英语听说（第三层次）（一）,12,第5节-第6节,仙II区,00020033A
32.0,400330,大学英语听说（第三层次）（一）(20171-00020033A-8),2017100020033A76390,英语课,3,,36,4-18周,0,孟蕊,4-18周 周三 第1节-第2节 仙Ⅱ-415,2.0,大学外语部,否,理论类课程,周三,2017-2018-1,,2017100020033A76390,,0,仙林校区,2017-2018学年 第1学期,76390,仙Ⅱ-415,0.0,否,,1,32,02,0,0,大学英语听说（第三层次）（一）,12,第1节-第2节,仙II区,00020033A
32.0,400330,大学英语听说（第三层次）（一）(20171-00020033A-9),2017100020033A76391,英语课,3,,35,4-18周,0,丁楠,4-18周 周三 第1节-第2节 仙Ⅱ-412,2.0,大学外语部,否,理论类课程,周三,2017-2018-1,,2017100020033A76391,,0,仙林校区,2017-2018学年 第1学期,76391,仙Ⅱ-412,0.0,否,,1,32,02,0,0,大学英语听说（第三层次）（一）,12,第1节-第2节,仙II区,00020033A
32.0,400330,大学英语听说（第三层次）（一）(20171-00020033A-10),2017100020033A76392,英语课,3,,35,4-18周,0,张燕,4-18周 周三 第1节-第2节 仙Ⅱ-516,2.0,大学外语部,否,理论类课程,周三,2017-2018-1,,2017100020033A76392,,0,仙林校区,2017-2018学年 第1学期,76392,仙Ⅱ-516,0.0,否,,1,32,02,0,0,大学英语听说（第三层次）（一）,12,第1节-第2节,仙II区,00020033A
32.0,400330,大学英语听说（第三层次）（一）(20171-00020033A-11),2017100020033A76393,英语课,3,,40,4-18周,0,路璐,4-18周 周三 第5节-第6节 仙Ⅱ-411,2.0,大学外语部,否,理论类课程,周三,2017-2018-1,,2017100020033A76393,2017*计算机科学与技术类*计算机科学与技术类,0,仙林校区,2017-2018学年 第1学期,76393,仙Ⅱ-411,0.0,否,,1,32,02,0,0,大学英语听说（第三层次）（一）,12,第5节-第6节,仙II区,00020033A
32.0,400330,大学英语听说（第三层次）（一）(20171-00020033A-12),2017100020033A76394,英语课,3,,35,4-18周,0,邵继荣,4-18周 周三 第5节-第6节 仙Ⅱ-415,2.0,大学外语部,否,理论类课程,周三,2017-2018-1,,2017100020033A76394,2017*计算机科学与技术类*计算机科学与技术类,0,仙林校区,2017-2018学年 第1学期,76394,仙Ⅱ-415,0.0,否,,1,32,02,0,0,大学英语听说（第三层次）（一）,12,第5节-第6节,仙II区,00020033A
32.0,400330,大学英语听说（第三层次）（一）(20171-00020033A-13),2017100020033A76395,英语课,3,,35,4-18周,0,奚洁,4-18周 周四 第1节-第2节 仙Ⅱ-512,2.0,大学外语部,否,理论类课程,周四,2017-2018-1,,2017100020033A76395,2017*理科试验班（数理科学类）*数理科学类,0,仙林校区,2017-2018学年 第1学期,76395,仙Ⅱ-512,0.0,否,,1,32,02,0,0,大学英语听说（第三层次）（一）,12,第1节-第2节,仙II区,00020033A
32.0,400330,大学英语听说（第三层次）（一）(20171-00020033A-14),2017100020033A76396,英语课,3,,34,4-18周,0,朱雪媛,4-18周 周四 第1节-第2节 仙Ⅱ-517,2.0,大学外语部,否,理论类课程,周四,2017-2018-1,,2017100020033A76396,2017*理科试验班（数理科学类）*数理科学类,0,仙林校区,2017-2018学年 第1学期,76396,仙Ⅱ-517,0.0,否,,1,32,02,0,0,大学英语听说（第三层次）（一）,12,第1节-第2节,仙II区,00020033A
32.0,400330,大学英语听说（第三层次）（一）(20171-00020033A-15),2017100020033A76397,英语课,3,,35,4-18周,0,丁楠,4-18周 周四 第1节-第2节 仙Ⅱ-412,2.0,大学外语部,否,理论类课程,周四,2017-2018-1,,2017100020033A76397,2017*理科试验班（数理科学类）*数理科学类,0,仙林校区,2017-2018学年 第1学期,76397,仙Ⅱ-412,0.0,否,,1,32,02,0,0,大学英语听说（第三层次）（一）,12,第1节-第2节,仙II区,00020033A
32.0,400330,大学英语听说（第三层次）（一）(20171-00020033A-16),2017100020033A76398,英语课,3,,35,4-18周,0,奚洁,4-18周 周四 第3节-第4节 仙Ⅱ-512,2.0,大学外语部,否,理论类课程,周四,2017-2018-1,,2017100020033A76398,2017*经济管理试验班*经济管理试验班,0,仙林校区,2017-2018学年 第1学期,76398,仙Ⅱ-512,0.0,否,,1,32,02,0,0,大学英语听说（第三层次）（一）,12,第3节-第4节,仙II区,00020033A
32.0,400330,大学英语听说（第三层次）（一）(20171-00020033A-17),2017100020033A76399,英语课,3,,34,4-18周,0,朱雪媛,4-18周 周四 第3节-第4节 仙Ⅱ-517,2.0,大学外语部,否,理论类课程,周四,2017-2018-1,,2017100020033A76399,2017*经济管理试验班*经济管理试验班,0,仙林校区,2017-2018学年 第1学期,76399,仙Ⅱ-517,0.0,否,,1,32,02,0,0,大学英语听说（第三层次）（一）,12,第3节-第4节,仙II区,00020033A
32.0,400330,大学英语听说（第三层次）（一）(20171-00020033A-18),2017100020033A76400,英语课,3,,33,4-18周,0,丁楠,4-18周 周四 第3节-第4节 仙Ⅱ-412,2.0,大学外语部,否,理论类课程,周四,2017-2018-1,,2017100020033A76400,"2017*理科试验班（地球科学与资源环境类）*地球科学与资源环境类,2017*经济管理试验班*经济管理试验班",0,仙林校区,2017-2018学年 第1学期,76400,仙Ⅱ-412,0.0,否,,1,32,02,0,0,大学英语听说（第三层次）（一）,12,第3节-第4节,仙II区,00020033A
32.0,400330,大学英语听说（第三层次）（一）(20171-00020033A-19),2017100020033A76401,英语课,3,,41,4-18周,0,路璐,4-18周 周二 第3节-第4节 仙Ⅱ-422,2.0,大学外语部,否,理论类课程,周二,2017-2018-1,,2017100020033A76401,2017*经济管理试验班*经济管理试验班,0,仙林校区,2017-2018学年 第1学期,76401,仙Ⅱ-422,0.0,否,,1,32,02,0,0,大学英语听说（第三层次）（一）,12,第3节-第4节,仙II区,00020033A
32.0,400330,大学英语听说（第三层次）（一）(20171-00020033A-20),2017100020033A76402,英语课,3,,33,4-18周,0,邵继荣,4-18周 周四 第5节-第6节 仙Ⅱ-415,2.0,大学外语部,否,理论类课程,周四,2017-2018-1,,2017100020033A76402,2017*工科试验班*工科试验班,0,仙林校区,2017-2018学年 第1学期,76402,仙Ⅱ-415,0.0,否,,1,32,02,0,0,大学英语听说（第三层次）（一）,12,第5节-第6节,仙II区,00020033A
32.0,400330,大学英语听说（第三层次）（一）(20171-00020033A-21),2017100020033A76403,英语课,3,,31,4-18周,0,倪辉莉,4-18周 周四 第5节-第6节 仙Ⅱ-413,2.0,大学外语部,否,理论类课程,周四,2017-2018-1,,2017100020033A76403,2017*工科试验班*工科试验班,0,仙林校区,2017-2018学年 第1学期,76403,仙Ⅱ-413,0.0,否,,1,32,02,0,0,大学英语听说（第三层次）（一）,12,第5节-第6节,仙II区,00020033A
32.0,400330,大学英语听说（第三层次）（一）(20171-00020033A-22),2017100020033A76404,英语课,3,,30,4-18周,0,路璐,4-18周 周四 第5节-第6节 仙Ⅱ-411,2.0,大学外语部,否,理论类课程,周四,2017-2018-1,,2017100020033A76404,2017*工科试验班*工科试验班,0,仙林校区,2017-2018学年 第1学期,76404,仙Ⅱ-411,0.0,否,,1,32,02,0,0,大学英语听说（第三层次）（一）,12,第5节-第6节,仙II区,00020033A
32.0,400330,大学英语听说（第三层次）（一）(20171-00020033A-23),2017100020033A76405,英语课,3,,30,4-18周,0,丁楠,4-18周 周四 第5节-第6节 仙Ⅱ-412,2.0,大学外语部,否,理论类课程,周四,2017-2018-1,,2017100020033A76405,2017*工科试验班*工科试验班,0,仙林校区,2017-2018学年 第1学期,76405,仙Ⅱ-412,0.0,否,,1,32,02,0,0,大学英语听说（第三层次）（一）,12,第5节-第6节,仙II区,00020033A
32.0,400330,大学英语听说（第三层次）（一）(20171-00020033A-24),2017100020033A76406,英语课,3,,21,4-18周,0,孟蕊,4-18周 周五 第1节-第2节 仙Ⅱ-415,2.0,大学外语部,否,理论类课程,周五,2017-2018-1,,2017100020033A76406,2017*理科试验班（地球科学与资源环境类）*地球科学与资源环境类,0,仙林校区,2017-2018学年 第1学期,76406,仙Ⅱ-415,0.0,否,,1,32,02,0,0,大学英语听说（第三层次）（一）,12,第1节-第2节,仙II区,00020033A
32.0,400330,大学英语听说（第三层次）（一）(20171-00020033A-25),2017100020033A76407,英语课,3,,33,4-18周,0,张子源,4-18周 周五 第1节-第2节 仙Ⅱ-515,2.0,大学外语部,否,理论类课程,周五,2017-2018-1,,2017100020033A76407,,0,仙林校区,2017-2018学年 第1学期,76407,仙Ⅱ-515,0.0,否,,1,32,02,0,0,大学英语听说（第三层次）（一）,12,第1节-第2节,仙II区,00020033A
32.0,400330,大学英语听说（第三层次）（一）(20171-00020033A-26),2017100020033A76408,英语课,3,,35,4-18周,0,孟蕊,4-18周 周五 第3节-第4节 仙Ⅱ-415,2.0,大学外语部,否,理论类课程,周五,2017-2018-1,,2017100020033A76408,2017*社会科学试验班*社会科学试验班,0,仙林校区,2017-2018学年 第1学期,76408,仙Ⅱ-415,0.0,否,,1,32,02,0,0,大学英语听说（第三层次）（一）,12,第3节-第4节,仙II区,00020033A
32.0,400330,大学英语听说（第三层次）（一）(20171-00020033A-27),2017100020033A76409,英语课,3,,31,4-18周,0,倪辉莉,4-18周 周五 第1节-第2节 仙Ⅱ-413,2.0,大学外语部,否,理论类课程,周五,2017-2018-1,,2017100020033A76409,,0,仙林校区,2017-2018学年 第1学期,76409,仙Ⅱ-413,0.0,否,,1,32,02,0,0,大学英语听说（第三层次）（一）,12,第1节-第2节,仙II区,00020033A
32.0,400330,大学英语听说（第三层次）（一）(20171-00020033A-28),2017100020033A76410,英语课,3,,35,"2周,4-18周",0,张燕,"2周,4-18周 周五 第1节-第2节 仙Ⅱ-516",2.0,大学外语部,否,理论类课程,周五,2017-2018-1,,2017100020033A76410,,0,仙林校区,2017-2018学年 第1学期,76410,仙Ⅱ-516,0.0,否,,1,32,02,0,0,大学英语听说（第三层次）（一）,12,第1节-第2节,仙II区,00020033A
32.0,400330,大学英语听说（第三层次）（一）(20171-00020033A-29),2017100020033A76411,英语课,3,,34,4-18周,0,朱雪媛,4-18周 周五 第1节-第2节 仙Ⅱ-517,2.0,大学外语部,否,理论类课程,周五,2017-2018-1,,2017100020033A76411,,0,仙林校区,2017-2018学年 第1学期,76411,仙Ⅱ-517,0.0,否,,1,32,02,0,0,大学英语听说（第三层次）（一）,12,第1节-第2节,仙II区,00020033A
32.0,400330,大学英语听说（第三层次）（一）(20171-00020033A-30),2017100020033A76412,英语课,3,,37,4-18周,0,张燕,4-18周 周五 第3节-第4节 仙Ⅱ-516,2.0,大学外语部,否,理论类课程,周五,2017-2018-1,,2017100020033A76412,2017*社会科学试验班*社会科学试验班,0,仙林校区,2017-2018学年 第1学期,76412,仙Ⅱ-516,0.0,否,,1,32,02,0,0,大学英语听说（第三层次）（一）,12,第3节-第4节,仙II区,00020033A
32.0,400330,大学英语听说（第三层次）（一）(20171-00020033A-31),2017100020033A76413,英语课,3,,37,4-18周,0,朱雪媛,4-18周 周三 第1节-第2节 仙Ⅱ-517,2.0,大学外语部,否,理论类课程,周三,2017-2018-1,,2017100020033A76413,2017*社会科学试验班*社会科学试验班,0,仙林校区,2017-2018学年 第1学期,76413,仙Ⅱ-517,0.0,否,,1,32,02,0,0,大学英语听说（第三层次）（一）,12,第1节-第2节,仙II区,00020033A
32.0,400330,大学英语读写（匡院）（第一层次）（一）(20171-00020041A-1),2017100020041A76172,英语课,3,,15,4-18周,0,外教2-Ruth,4-18周 周二 第5节-第6节 ,2.0,大学外语部,否,理论类课程,周二,2017-2018-1,,2017100020041A76172,2017匡亚明学院理科强化班,0,仙林校区,2017-2018学年 第1学期,76172,仙I-302,0.0,否,,1,32,02,0,0,大学英语读写（匡院）（第一层次）（一）,,第5节-第6节,,00020041A
32.0,400330,大学英语读写（匡院）（第一层次）（一）(20171-00020041A-2),2017100020041A76173,英语课,3,,38,4-18周,0,外教2-Ruth,4-18周 周二 第7节-第8节 ,2.0,大学外语部,否,理论类课程,周二,2017-2018-1,,2017100020041A76173,2017匡亚明学院理科强化班,0,仙林校区,2017-2018学年 第1学期,76173,仙I-302,0.0,否,,1,32,02,0,0,大学英语读写（匡院）（第一层次）（一）,,第7节-第8节,,00020041A
32.0,400330,大学英语读写（匡院）（第一层次）（一）(20171-00020041A-3),2017100020041A76174,英语课,3,,34,4-18周,0,外教2-Ruth,4-18周 周五 第3节-第4节 ,2.0,大学外语部,否,理论类课程,周五,2017-2018-1,,2017100020041A76174,2017匡亚明学院理科强化班,0,仙林校区,2017-2018学年 第1学期,76174,仙I-302,0.0,否,,1,32,02,0,0,大学英语读写（匡院）（第一层次）（一）,,第3节-第4节,,00020041A
32.0,400330,大学英语读写（匡院）（第一层次）（一）(20171-00020041A-4),2017100020041A76175,英语课,3,,36,4-18周,0,外教1-Barbara,4-18周 周五 第3节-第4节 ,2.0,大学外语部,否,理论类课程,周五,2017-2018-1,,2017100020041A76175,2017匡亚明学院理科强化班,0,仙林校区,2017-2018学年 第1学期,76175,仙I-305,0.0,否,,1,32,02,0,0,大学英语读写（匡院）（第一层次）（一）,,第3节-第4节,,00020041A
32.0,400330,大学英语读写（匡院）（第一层次）（一）(20171-00020041A-5),2017100020041A76176,英语课,3,,26,4-18周,0,外教2-Ruth,4-18周 周五 第5节-第6节 ,2.0,大学外语部,否,理论类课程,周五,2017-2018-1,,2017100020041A76176,,0,仙林校区,2017-2018学年 第1学期,76176,仙I-302,0.0,否,,1,32,02,0,0,大学英语读写（匡院）（第一层次）（一）,,第5节-第6节,,00020041A
32.0,400330,大学英语读写（匡院）（第一层次）（一）(20171-00020041A-6),2017100020041A76177,英语课,3,,25,4-18周,0,外教1-Barbara,4-18周 周五 第5节-第6节 ,2.0,大学外语部,否,理论类课程,周五,2017-2018-1,,2017100020041A76177,,0,仙林校区,2017-2018学年 第1学期,76177,仙I-305,0.0,否,,1,32,02,0,0,大学英语读写（匡院）（第一层次）（一）,,第5节-第6节,,00020041A
32.0,400330,大学英语读写（匡院）（第一层次）（一）(20171-00020041A-7),2017100020041A76178,英语课,3,,32,4-18周,0,外教2-Ruth,4-18周 周二 第1节-第2节 ,2.0,大学外语部,否,理论类课程,周二,2017-2018-1,,2017100020041A76178,,0,仙林校区,2017-2018学年 第1学期,76178,仙I-302,0.0,否,,1,32,02,0,0,大学英语读写（匡院）（第一层次）（一）,,第1节-第2节,,00020041A
32.0,400330,大学英语读写（匡院）（第一层次）（一）(20171-00020041A-8),2017100020041A76179,英语课,3,,37,4-18周,0,外教2-Ruth,4-18周 周四 第5节-第6节 ,2.0,大学外语部,否,理论类课程,周四,2017-2018-1,,2017100020041A76179,"2017数学学院数学类,2017*理科试验班（数理科学类）*数理科学类",0,仙林校区,2017-2018学年 第1学期,76179,仙I-302,0.0,否,,1,32,02,0,0,大学英语读写（匡院）（第一层次）（一）,,第5节-第6节,,00020041A
32.0,400330,大学英语读写（匡院）（第一层次）（一）(20171-00020041A-9),2017100020041A76180,英语课,3,,32,4-18周,0,外教2-Ruth,4-18周 周五 第1节-第2节 ,2.0,大学外语部,否,理论类课程,周五,2017-2018-1,,2017100020041A76180,,0,仙林校区,2017-2018学年 第1学期,76180,仙I-302,0.0,否,,1,32,02,0,0,大学英语读写（匡院）（第一层次）（一）,,第1节-第2节,,00020041A
32.0,400330,大学英语读写（匡院）（第一层次）（一）(20171-00020041A-10),2017100020041A76181,英语课,3,,30,4-18周,0,外教1-Barbara,4-18周 周五 第1节-第2节 ,2.0,大学外语部,否,理论类课程,周五,2017-2018-1,,2017100020041A76181,,0,仙林校区,2017-2018学年 第1学期,76181,仙I-305,0.0,否,,1,32,02,0,0,大学英语读写（匡院）（第一层次）（一）,,第1节-第2节,,00020041A
32.0,400330,大学英语读写（匡院）（第一层次）（一）(20171-00020041A-11),2017100020041A76182,英语课,3,,36,4-18周,0,外教2-Ruth,4-18周 周四 第7节-第8节 ,2.0,大学外语部,否,理论类课程,周四,2017-2018-1,,2017100020041A76182,,0,仙林校区,2017-2018学年 第1学期,76182,仙I-302,0.0,否,,1,32,02,0,0,大学英语读写（匡院）（第一层次）（一）,,第7节-第8节,,00020041A
32.0,400330,大学英语视听说（匡院）（第一层次）（一）(20171-00020051A-1),2017100020051A76183,英语课,3,,35,4-18周,0,王伟,4-18周 周四 第3节-第4节 仙Ⅱ-508,2.0,大学外语部,否,理论类课程,周四,2017-2018-1,,2017100020051A76183,,0,仙林校区,2017-2018学年 第1学期,76183,仙Ⅱ-508,0.0,否,,1,32,02,0,0,大学英语视听说（匡院）（第一层次）（一）,12,第3节-第4节,仙II区,00020051A
32.0,400330,大学英语视听说（匡院）（第一层次）（一）(20171-00020051A-2),2017100020051A76188,英语课,3,,34,4-18周,0,刘骎,4-18周 周四 第3节-第4节 ,2.0,大学外语部,否,理论类课程,周四,2017-2018-1,,2017100020051A76188,,0,仙林校区,2017-2018学年 第1学期,76188,仙1-419,0.0,否,,1,32,02,0,0,大学英语视听说（匡院）（第一层次）（一）,,第3节-第4节,,00020051A
32.0,400330,大学英语视听说（匡院）（第一层次）（一）(20171-00020051A-3),2017100020051A76189,英语课,3,,38,4-18周,0,夏珺,4-18周 周二 第1节-第2节 仙Ⅱ-516,2.0,大学外语部,否,理论类课程,周二,2017-2018-1,,2017100020051A76189,2017匡亚明学院理科强化班,0,仙林校区,2017-2018学年 第1学期,76189,仙Ⅱ-516,0.0,否,,1,32,02,0,0,大学英语视听说（匡院）（第一层次）（一）,12,第1节-第2节,仙II区,00020051A
32.0,400330,大学英语视听说（匡院）（第一层次）（一）(20171-00020051A-4),2017100020051A76190,英语课,3,,39,4-18周,0,刘骎,4-18周 周二 第1节-第2节 ,2.0,大学外语部,否,理论类课程,周二,2017-2018-1,,2017100020051A76190,2017匡亚明学院理科强化班,0,仙林校区,2017-2018学年 第1学期,76190,仙1-419,0.0,否,,1,32,02,0,0,大学英语视听说（匡院）（第一层次）（一）,,第1节-第2节,,00020051A
32.0,400330,大学英语视听说（匡院）（第一层次）（一）(20171-00020051A-5),2017100020051A76191,英语课,3,,41,4-18周,0,夏珺,4-18周 周二 第3节-第4节 仙Ⅱ-516,2.0,大学外语部,否,理论类课程,周二,2017-2018-1,,2017100020051A76191,,0,仙林校区,2017-2018学年 第1学期,76191,仙Ⅱ-516,0.0,否,,1,32,02,0,0,大学英语视听说（匡院）（第一层次）（一）,12,第3节-第4节,仙II区,00020051A
32.0,400330,大学英语视听说（匡院）（第一层次）（一）(20171-00020051A-6),2017100020051A76193,英语课,3,,41,4-18周,0,刘骎,4-18周 周二 第3节-第4节 ,2.0,大学外语部,否,理论类课程,周二,2017-2018-1,,2017100020051A76193,,0,仙林校区,2017-2018学年 第1学期,76193,仙1-419,0.0,否,,1,32,02,0,0,大学英语视听说（匡院）（第一层次）（一）,,第3节-第4节,,00020051A
32.0,400330,大学英语视听说（匡院）（第一层次）（一）(20171-00020051A-7),2017100020051A76194,英语课,3,,0,4-18周,0,,4-18周 周二 第5节-第6节 ,2.0,大学外语部,否,理论类课程,周二,2017-2018-1,,2017100020051A76194,,0,仙林校区,2017-2018学年 第1学期,76194,无,0.0,否,,1,32,02,0,0,大学英语视听说（匡院）（第一层次）（一）,,第5节-第6节,,00020051A
32.0,400330,大学英语视听说（匡院）（第二层次）（一）(20171-00020052A-1),2017100020052A76207,英语课,3,,25,4-18周,0,路璐,4-18周 周四 第1节-第2节 仙Ⅱ-411,2.0,大学外语部,否,理论类课程,周四,2017-2018-1,,2017100020052A76207,,0,仙林校区,2017-2018学年 第1学期,76207,仙Ⅱ-411,0.0,否,,1,32,02,0,0,大学英语视听说（匡院）（第二层次）（一）,12,第1节-第2节,仙II区,00020052A
32.0,400330,大学英语视听说（匡院）（第二层次）（一）(20171-00020052A-2),2017100020052A76208,英语课,3,,42,4-18周,0,陈桦,4-18周 周二 第1节-第2节 ,2.0,大学外语部,否,理论类课程,周二,2017-2018-1,,2017100020052A76208,2017匡亚明学院理科强化班,0,仙林校区,2017-2018学年 第1学期,76208,仙1-414,0.0,否,,1,32,02,0,0,大学英语视听说（匡院）（第二层次）（一）,,第1节-第2节,,00020052A
32.0,400330,大学英语视听说（匡院）（第二层次）（一）(20171-00020052A-3),2017100020052A76209,英语课,3,,14,4-18周,0,倪辉莉,4-18周 周二 第3节-第4节 仙Ⅱ-413,2.0,大学外语部,否,理论类课程,周二,2017-2018-1,,2017100020052A76209,,0,仙林校区,2017-2018学年 第1学期,76209,仙Ⅱ-413,0.0,否,,1,32,02,0,0,大学英语视听说（匡院）（第二层次）（一）,12,第3节-第4节,仙II区,00020052A
32.0,400330,大学英语视听说（匡院）（第二层次）（一）(20171-00020052A-4),2017100020052A76210,英语课,3,,37,4-18周,0,倪辉莉,4-18周 周二 第5节-第6节 仙Ⅱ-413,2.0,大学外语部,否,理论类课程,周二,2017-2018-1,,2017100020052A76210,,0,仙林校区,2017-2018学年 第1学期,76210,仙Ⅱ-413,0.0,否,,1,32,02,0,0,大学英语视听说（匡院）（第二层次）（一）,12,第5节-第6节,仙II区,00020052A
48.0,400151,信息世界从0到1(20171-00030070-1),201710003007076674,计算机,3,,109,"5-17周(单),4-18周",0,张萍,"5-17周(单) 周三 第1节-第2节 仙Ⅱ-405,4-18周 周二 第5节-第6节 仙Ⅱ-305",3.0,大学计算机基础教学部,否,理论类课程,"周三,周二",2017-2018-1,,201710003007076674,2017*经济管理试验班*经济管理试验班,0,仙林校区,2017-2018学年 第1学期,76674,"仙Ⅱ-405,仙Ⅱ-305",0.0,否,,1,48,03,0,0,信息世界从0到1,12,"第1节-第2节,第5节-第6节",仙II区,00030070
48.0,400151,信息世界从0到1(20171-00030070-2),201710003007079087,计算机,3,,92,"4-18周,5-17周(单)",0,金莹,"5-17周(单) 周三 第1节-第2节 仙Ⅱ-312,4-18周 周二 第5节-第6节 仙Ⅱ-312",3.0,大学计算机基础教学部,否,理论类课程,"周二,周三",2017-2018-1,,201710003007079087,2017*经济管理试验班*经济管理试验班,0,仙林校区,2017-2018学年 第1学期,79087,"仙Ⅱ-312,仙Ⅱ-312",0.0,否,,1,48,03,0,0,信息世界从0到1,12,"第5节-第6节,第1节-第2节",仙II区,00030070
32.0,400151,信息技术应用(20171-00030080-1),201710003008076684,计算机,3,,45,4-18周,0,金莹,4-18周 周三 第7节-第8节 ,2.0,大学计算机基础教学部,否,理论类课程,周三,2017-2018-1,,201710003008076684,,0,仙林校区,2017-2018学年 第1学期,76684,基础实验楼乙109,0.0,否,,1,32,03,0,0,信息技术应用,,第7节-第8节,,00030080
32.0,400151,C程序设计（第四层次）(20171-00030094-1),201710003009476703,计算机,3,,122,"4-18周,5-17周(单)",0,潘亦,"4-18周 周二 第5节-第6节 仙Ⅱ-503,5-17周(单) 周二 第7节-第8节 ",2.0,大学计算机基础教学部,否,,"周二,周二",2017-2018-1,,201710003009476703,2017电子科学与工程学院电子信息类,0,仙林校区,2017-2018学年 第1学期,76703,"仙Ⅱ-503,基础实验楼乙110、113",,否,,,,03,,0,C程序设计（第四层次）,12,"第5节-第6节,第7节-第8节",仙II区,00030094
32.0,400151,C程序设计（第四层次）(20171-00030094-2),201710003009476705,计算机,3,,119,"4-18周,5-17周(单)",0,金莹,"4-18周 周一 第5节-第6节 仙Ⅱ-303,5-17周(单) 周一 第7节-第8节 ",2.0,大学计算机基础教学部,否,,"周一,周一",2017-2018-1,,201710003009476705,2017电子科学与工程学院电子信息类,0,仙林校区,2017-2018学年 第1学期,76705,"仙Ⅱ-303,基础实验楼乙110、113",,否,,,,03,,0,C程序设计（第四层次）,12,"第5节-第6节,第7节-第8节",仙II区,00030094
48.0,400151,Python程序设计（第三层次）(20171-00030103-1),201710003010376713,计算机,3,,88,"4-18周,4-18周,5-17周(单)",0,张莉,"4-18周 周二 第3节-第4节 逸B-306,5-17周(单) 周三 第5节-第6节 逸B-306,4-18周 周二 第5节-第6节 ",3.0,大学计算机基础教学部,否,理论+实践课程,"周二,周二,周三",2017-2018-1,,201710003010376713,"2017医学院临床医学（八年制）,2017医学院口腔医学,2017医学院临床医学（5+3）",0,仙林校区,2017-2018学年 第1学期,76713,"逸B-306,基础实验楼乙107,逸B-306",32.0,否,,5,48,03,,0,Python程序设计（第三层次）,16,"第3节-第4节,第5节-第6节,第5节-第6节",逸夫楼B区,00030103
48.0,400151,Python程序设计（第三层次）(20171-00030103-2),201710003010376714,计算机,3,,60,"4-18周,4-18周,5-17周(单)",0,张洁,"4-18周 周二 第3节-第4节 逸B-312,5-17周(单) 周三 第5节-第6节 逸B-312,4-18周 周二 第5节-第6节 ",3.0,大学计算机基础教学部,否,理论+实践课程,"周二,周二,周三",2017-2018-1,,201710003010376714,"2017医学院临床医学（八年制）,2017医学院口腔医学,2017医学院临床医学（5+3）",0,仙林校区,2017-2018学年 第1学期,76714,"逸B-312,基础实验楼乙109,逸B-312",32.0,否,,5,48,03,,0,Python程序设计（第三层次）,16,"第3节-第4节,第5节-第6节,第5节-第6节",逸夫楼B区,00030103
32.0,400151,现代信息技术应用(20171-00030110-1),201710003011077394,计算机,3,,93,4-18周,0,陶烨,4-18周 周二 第7节-第8节 ,2.0,大学计算机基础教学部,否,理论类课程,周二,2017-2018-1,,201710003011077394,2017*理科试验班（数理科学类）*数理科学类,0,仙林校区,2017-2018学年 第1学期,77394,基础实验楼乙109,0.0,否,,1,32,03,0,0,现代信息技术应用,,第7节-第8节,,00030110
32.0,400151,现代信息技术应用(20171-00030110-2),201710003011077395,计算机,3,,90,4-18周,0,金莹,4-18周 周二 第7节-第8节 ,2.0,大学计算机基础教学部,否,理论类课程,周二,2017-2018-1,,201710003011077395,2017*理科试验班（数理科学类）*数理科学类,0,仙林校区,2017-2018学年 第1学期,77395,基础实验楼乙107,0.0,否,,1,32,03,0,0,现代信息技术应用,,第7节-第8节,,00030110
32.0,400151,现代信息技术应用(20171-00030110-3),201710003011077396,计算机,3,,117,4-18周,0,陶烨,4-18周 周一 第5节-第6节 ,2.0,大学计算机基础教学部,否,理论类课程,周一,2017-2018-1,,201710003011077396,2017*理科试验班（数理科学类）*数理科学类,0,仙林校区,2017-2018学年 第1学期,77396,基础实验楼乙107,0.0,否,,1,32,03,0,0,现代信息技术应用,,第5节-第6节,,00030110
32.0,400151,现代信息技术应用(20171-00030110-4),201710003011077397,计算机,3,,114,4-18周,0,张洁,4-18周 周一 第5节-第6节 ,2.0,大学计算机基础教学部,否,理论类课程,周一,2017-2018-1,,201710003011077397,2017*理科试验班（数理科学类）*数理科学类,0,仙林校区,2017-2018学年 第1学期,77397,基础实验楼乙109、乙113,0.0,否,,1,32,03,0,0,现代信息技术应用,,第5节-第6节,,00030110
16.0,000000,体育(20171-00040010-1),201710004001076637,体育课,3,,0,4-18周,0,,4-18周 周一 第1节-第2节 ,1.0,公共课程,否,理论类课程,周一,2017-2018-1,,201710004001076637,"2017匡亚明学院理科强化班,2017*理科试验班（化学与生命科学类）*化学与生命科学类",0,仙林校区,2017-2018学年 第1学期,76637,无,0.0,否,,1,16,04,0,0,体育,,第1节-第2节,,00040010
16.0,000000,体育(20171-00040010-2),201710004001076638,体育课,3,,0,4-18周,0,,4-18周 周一 第3节-第4节 ,1.0,公共课程,否,理论类课程,周一,2017-2018-1,,201710004001076638,"2017*理科试验班（化学与生命科学类）*化学与生命科学类,2017*经济管理试验班*经济管理试验班",0,仙林校区,2017-2018学年 第1学期,76638,无,0.0,否,,1,16,04,0,0,体育,,第3节-第4节,,00040010
16.0,000000,体育(20171-00040010-3),201710004001076639,体育课,3,,0,4-18周,0,,4-18周 周一 第5节-第6节 ,1.0,公共课程,否,理论类课程,周一,2017-2018-1,,201710004001076639,"2017软件学院软件工程,2017*理科试验班（化学与生命科学类）*化学与生命科学类,2017*社会科学试验班*社会科学试验班,2017*人文科学试验班*人文艺术传播类",0,仙林校区,2017-2018学年 第1学期,76639,无,0.0,否,,1,16,04,0,0,体育,,第5节-第6节,,00040010
16.0,000000,体育(20171-00040010-4),201710004001076640,体育课,3,,0,4-18周,0,,4-18周 周二 第1节-第2节 ,1.0,公共课程,否,理论类课程,周二,2017-2018-1,,201710004001076640,"2017电子科学与工程学院电子信息类,2017医学院口腔医学,2017医学院临床医学（5+3）,2017医学院临床医学（八年制）",0,仙林校区,2017-2018学年 第1学期,76640,无,0.0,否,,1,16,04,0,0,体育,,第1节-第2节,,00040010
16.0,000000,体育(20171-00040010-5),201710004001076641,体育课,3,,0,4-18周,0,,4-18周 周二 第3节-第4节 ,1.0,公共课程,否,理论类课程,周二,2017-2018-1,,201710004001076641,"2017*理科试验班（地球科学与资源环境类）*地球科学与资源环境类,2017*理科试验班（化学与生命科学类）*化学与生命科学类",0,仙林校区,2017-2018学年 第1学期,76641,无,0.0,否,,1,16,04,0,0,体育,,第3节-第4节,,00040010
16.0,000000,体育(20171-00040010-6),201710004001076642,体育课,3,,0,4-18周,0,,4-18周 周二 第5节-第6节 ,1.0,公共课程,否,理论类课程,周二,2017-2018-1,,201710004001076642,2017*社会科学试验班*社会科学试验班,0,仙林校区,2017-2018学年 第1学期,76642,无,0.0,否,,1,16,04,0,0,体育,,第5节-第6节,,00040010
16.0,000000,体育(20171-00040010-7),201710004001076643,体育课,3,,0,4-18周,0,,4-18周 周三 第1节-第2节 ,1.0,公共课程,否,理论类课程,周三,2017-2018-1,,201710004001076643,2017*计算机科学与技术类*计算机科学与技术类,0,仙林校区,2017-2018学年 第1学期,76643,无,0.0,否,,1,16,04,0,0,体育,,第1节-第2节,,00040010
16.0,000000,体育(20171-00040010-8),201710004001076644,体育课,3,,0,4-18周,0,,4-18周 周三 第3节-第4节 ,1.0,公共课程,否,理论类课程,周三,2017-2018-1,,201710004001076644,2017*工科试验班*工科试验班,0,仙林校区,2017-2018学年 第1学期,76644,无,0.0,否,,1,16,04,0,0,体育,,第3节-第4节,,00040010
16.0,000000,体育(20171-00040010-9),201710004001076645,体育课,3,,0,4-18周,0,,4-18周 周三 第5节-第6节 ,1.0,公共课程,否,理论类课程,周三,2017-2018-1,,201710004001076645,"2017*工科试验班*工科试验班,2017*经济管理试验班*经济管理试验班",0,仙林校区,2017-2018学年 第1学期,76645,无,0.0,否,,1,16,04,0,0,体育,,第5节-第6节,,00040010
16.0,000000,体育(20171-00040010-10),201710004001076646,体育课,3,,0,4-18周,0,,4-18周 周四 第1节-第2节 ,1.0,公共课程,否,理论类课程,周四,2017-2018-1,,201710004001076646,"2017软件学院软件工程,2017*人文科学试验班*人文艺术传播类",0,仙林校区,2017-2018学年 第1学期,76646,无,0.0,否,,1,16,04,0,0,体育,,第1节-第2节,,00040010
16.0,000000,体育(20171-00040010-11),201710004001076647,体育课,3,,0,4-18周,0,,4-18周 周四 第3节-第4节 ,1.0,公共课程,否,理论类课程,周四,2017-2018-1,,201710004001076647,"2017*人文科学试验班*人文艺术传播类,2017*理科试验班（地球科学与资源环境类）*地球科学与资源环境类",0,仙林校区,2017-2018学年 第1学期,76647,无,0.0,否,,1,16,04,0,0,体育,,第3节-第4节,,00040010
16.0,000000,体育(20171-00040010-12),201710004001076648,体育课,3,,0,4-18周,0,,4-18周 周四 第5节-第6节 ,1.0,公共课程,否,理论类课程,周四,2017-2018-1,,201710004001076648,2017*人文科学试验班*人文艺术传播类,0,仙林校区,2017-2018学年 第1学期,76648,无,0.0,否,,1,16,04,0,0,体育,,第5节-第6节,,00040010
16.0,000000,体育(20171-00040010-13),201710004001076649,体育课,3,,0,4-18周,0,,4-18周 周五 第1节-第2节 ,1.0,公共课程,否,理论类课程,周五,2017-2018-1,,201710004001076649,2017电子科学与工程学院电子信息类,0,仙林校区,2017-2018学年 第1学期,76649,无,0.0,否,,1,16,04,0,0,体育,,第1节-第2节,,00040010
16.0,000000,体育(20171-00040010-14),201710004001076650,体育课,3,,0,4-18周,0,,4-18周 周五 第3节-第4节 ,1.0,公共课程,否,理论类课程,周五,2017-2018-1,,201710004001076650,"2017*人文科学试验班*人文艺术传播类,2017*理科试验班（化学与生命科学类）*化学与生命科学类,2017*理科试验班（地球科学与资源环境类）*地球科学与资源环境类",0,仙林校区,2017-2018学年 第1学期,76650,无,0.0,否,,1,16,04,0,0,体育,,第3节-第4节,,00040010
16.0,000000,体育(20171-00040010-15),201710004001076733,体育课,3,,0,4-18周,0,,4-18周 周一 第7节-第8节 ,1.0,公共课程,否,理论类课程,周一,2017-2018-1,,201710004001076733,2017*理科试验班（化学与生命科学类）*化学与生命科学类,0,仙林校区,2017-2018学年 第1学期,76733,无,0.0,否,,1,16,04,0,0,体育,,第7节-第8节,,00040010
16.0,000000,体育(20171-00040010-16),201710004001076734,体育课,3,,0,4-18周,0,,4-18周 周二 第7节-第8节 ,1.0,公共课程,否,理论类课程,周二,2017-2018-1,,201710004001076734,2017*理科试验班（化学与生命科学类）*化学与生命科学类,0,仙林校区,2017-2018学年 第1学期,76734,无,0.0,否,,1,16,04,0,0,体育,,第7节-第8节,,00040010
16.0,000000,体育(20171-00040010-17),201710004001076735,体育课,3,,0,4-18周,0,,4-18周 周三 第7节-第8节 ,1.0,公共课程,否,理论类课程,周三,2017-2018-1,,201710004001076735,2017*理科试验班（化学与生命科学类）*化学与生命科学类,0,仙林校区,2017-2018学年 第1学期,76735,无,0.0,否,,1,16,04,0,0,体育,,第7节-第8节,,00040010
16.0,000000,体育(20171-00040010-18),201710004001076736,体育课,3,,0,4-18周,0,,4-18周 周四 第7节-第8节 ,1.0,公共课程,否,理论类课程,周四,2017-2018-1,,201710004001076736,2017*理科试验班（化学与生命科学类）*化学与生命科学类,0,仙林校区,2017-2018学年 第1学期,76736,无,0.0,否,,1,16,04,0,0,体育,,第7节-第8节,,00040010
16.0,400340,篮球初级1,2017100040030A78679,体育课,3,,30,4-18周,0,巩绪伟,4-18周 周一 第1节-第2节 ,0.75,体育部,否,实践类课程,周一,2017-2018-1,,2017100040030A78679,,0,仙林校区,2017-2018学年 第1学期,78679,气膜馆,0.0,否,,3,2,04,30,0,篮球初级,,第1节-第2节,,00040030A
16.0,400340,篮球初级3,2017100040030A78797,体育课,3,,29,4-18周,0,巩绪伟,4-18周 周一 第3节-第4节 ,0.75,体育部,否,实践类课程,周一,2017-2018-1,,2017100040030A78797,,0,仙林校区,2017-2018学年 第1学期,78797,气膜馆,0.0,否,,3,2,04,30,0,篮球初级,,第3节-第4节,,00040030A
16.0,400340,篮球初级20,2017100040030A78798,体育课,3,,31,4-18周,0,巩绪伟,4-18周 周一 第5节-第6节 ,0.75,体育部,否,实践类课程,周一,2017-2018-1,,2017100040030A78798,,0,仙林校区,2017-2018学年 第1学期,78798,气膜馆,0.0,否,,3,2,04,30,0,篮球初级,,第5节-第6节,,00040030A
16.0,400340,篮球初级12,2017100040030A78800,体育课,3,,30,4-18周,0,周梅芳,4-18周 周三 第3节-第4节 ,0.75,体育部,否,实践类课程,周三,2017-2018-1,,2017100040030A78800,,0,仙林校区,2017-2018学年 第1学期,78800,新体育馆,0.0,否,,3,2,04,30,0,篮球初级,,第3节-第4节,,00040030A
16.0,400340,篮球初级24,2017100040030A78801,体育课,3,,30,4-18周,0,周梅芳,4-18周 周三 第5节-第6节 ,0.75,体育部,否,实践类课程,周三,2017-2018-1,,2017100040030A78801,,0,仙林校区,2017-2018学年 第1学期,78801,新体育馆,0.0,否,,3,2,04,30,0,篮球初级,,第5节-第6节,,00040030A
16.0,400340,篮球初级13,2017100040030A78806,体育课,3,,33,4-18周,0,李勇,4-18周 周四 第1节-第2节 ,0.75,体育部,否,实践类课程,周四,2017-2018-1,,2017100040030A78806,,0,仙林校区,2017-2018学年 第1学期,78806,气膜馆,0.0,否,,3,2,04,30,0,篮球初级,,第1节-第2节,,00040030A
16.0,400340,篮球初级15,2017100040030A78807,体育课,3,,33,4-18周,0,李勇,4-18周 周四 第3节-第4节 ,0.75,体育部,否,实践类课程,周四,2017-2018-1,,2017100040030A78807,,0,仙林校区,2017-2018学年 第1学期,78807,气膜馆,0.0,否,,3,2,04,30,0,篮球初级,,第3节-第4节,,00040030A
16.0,400340,篮球初级19,2017100040030A78811,体育课,3,,32,4-18周,0,张弓,4-18周 周五 第3节-第4节 ,0.75,体育部,否,实践类课程,周五,2017-2018-1,,2017100040030A78811,,0,仙林校区,2017-2018学年 第1学期,78811,气膜馆,0.0,否,,3,2,04,30,0,篮球初级,,第3节-第4节,,00040030A
16.0,400340,篮球初级2,2017100040030A78816,体育课,3,,30,4-18周,0,肖鹏,4-18周 周一 第1节-第2节 ,0.75,体育部,否,实践类课程,周一,2017-2018-1,,2017100040030A78816,,0,仙林校区,2017-2018学年 第1学期,78816,新体育馆,0.0,否,,3,2,04,30,0,篮球初级,,第1节-第2节,,00040030A
16.0,400340,篮球初级4,2017100040030A78827,体育课,3,,28,4-18周,0,肖鹏,4-18周 周一 第3节-第4节 ,0.75,体育部,否,实践类课程,周一,2017-2018-1,,2017100040030A78827,,0,仙林校区,2017-2018学年 第1学期,78827,新体育馆,0.0,否,,3,2,04,30,0,篮球初级,,第3节-第4节,,00040030A
16.0,400340,篮球初级5,2017100040030A78842,体育课,3,,30,4-18周,0,肖鹏,4-18周 周一 第5节-第6节 ,0.75,体育部,否,实践类课程,周一,2017-2018-1,,2017100040030A78842,,0,仙林校区,2017-2018学年 第1学期,78842,新体育馆,0.0,否,,3,2,04,30,0,篮球初级,,第5节-第6节,,00040030A
16.0,400340,篮球初级6,2017100040030A78857,体育课,3,,29,4-18周,0,巩绪伟,4-18周 周二 第1节-第2节 ,0.75,体育部,否,实践类课程,周二,2017-2018-1,,2017100040030A78857,,0,仙林校区,2017-2018学年 第1学期,78857,气膜馆,0.0,否,,3,2,04,30,0,篮球初级,,第1节-第2节,,00040030A
16.0,400340,篮球初级21,2017100040030A78858,体育课,3,,30,4-18周,0,周梅芳,4-18周 周二 第1节-第2节 ,0.75,体育部,否,实践类课程,周二,2017-2018-1,,2017100040030A78858,,0,仙林校区,2017-2018学年 第1学期,78858,新体育馆,0.0,否,,3,2,04,30,0,篮球初级,,第1节-第2节,,00040030A
16.0,400340,篮球初级7,2017100040030A78872,体育课,3,,20,4-18周,0,巩绪伟,4-18周 周二 第3节-第4节 ,0.75,体育部,否,实践类课程,周二,2017-2018-1,,2017100040030A78872,,0,仙林校区,2017-2018学年 第1学期,78872,气膜馆,0.0,否,,3,2,04,30,0,篮球初级,,第3节-第4节,,00040030A
16.0,400340,篮球初级8,2017100040030A78873,体育课,3,,30,4-18周,0,周梅芳,4-18周 周二 第3节-第4节 ,0.75,体育部,否,实践类课程,周二,2017-2018-1,,2017100040030A78873,,0,仙林校区,2017-2018学年 第1学期,78873,新体育馆,0.0,否,,3,2,04,30,0,篮球初级,,第3节-第4节,,00040030A
16.0,400340,篮球初级9,2017100040030A78887,体育课,3,,29,4-18周,0,巩绪伟,4-18周 周二 第5节-第6节 ,0.75,体育部,否,实践类课程,周二,2017-2018-1,,2017100040030A78887,,0,仙林校区,2017-2018学年 第1学期,78887,气膜馆,0.0,否,,3,2,04,30,0,篮球初级,,第5节-第6节,,00040030A
16.0,400340,篮球初级10,2017100040030A78888,体育课,3,,30,4-18周,0,周梅芳,4-18周 周二 第5节-第6节 ,0.75,体育部,否,实践类课程,周二,2017-2018-1,,2017100040030A78888,,0,仙林校区,2017-2018学年 第1学期,78888,新体育馆,0.0,否,,3,2,04,30,0,篮球初级,,第5节-第6节,,00040030A
16.0,400340,篮球初级11,2017100040030A78902,体育课,3,,29,4-18周,0,周梅芳,4-18周 周三 第1节-第2节 ,0.75,体育部,否,实践类课程,周三,2017-2018-1,,2017100040030A78902,,0,仙林校区,2017-2018学年 第1学期,78902,新体育馆,0.0,否,,3,2,04,30,0,篮球初级,,第1节-第2节,,00040030A
16.0,400340,篮球初级22,2017100040030A78947,体育课,3,,32,4-18周,0,李勇,4-18周 周五 第3节-第4节 ,0.75,体育部,否,实践类课程,周五,2017-2018-1,,2017100040030A78947,,0,仙林校区,2017-2018学年 第1学期,78947,新体育馆,0.0,否,,3,2,04,30,0,篮球初级,,第3节-第4节,,00040030A
16.0,400340,篮球初级18,2017100040030A78954,体育课,3,,34,4-18周,0,李勇,4-18周 周五 第1节-第2节 ,0.75,体育部,否,实践类课程,周五,2017-2018-1,,2017100040030A78954,,0,仙林校区,2017-2018学年 第1学期,78954,新体育馆,0.0,否,,3,2,04,30,0,篮球初级,,第1节-第2节,,00040030A
16.0,400340,篮球初级14,2017100040030A78961,体育课,3,,33,4-18周,0,王慧,4-18周 周四 第1节-第2节 ,0.75,体育部,否,实践类课程,周四,2017-2018-1,,2017100040030A78961,,0,仙林校区,2017-2018学年 第1学期,78961,新体育馆,0.0,否,,3,2,04,30,0,篮球初级,,第1节-第2节,,00040030A
16.0,400340,篮球初级25,2017100040030A78976,体育课,3,,15,4-18周,0,王慧,4-18周 周四 第3节-第4节 ,0.75,体育部,否,实践类课程,周四,2017-2018-1,,2017100040030A78976,,0,仙林校区,2017-2018学年 第1学期,78976,新体育馆,0.0,否,,3,2,04,30,0,篮球初级,,第3节-第4节,,00040030A
16.0,400340,篮球初级16,2017100040030A78992,体育课,3,,30,4-18周,0,李勇,4-18周 周四 第5节-第6节 ,0.75,体育部,否,实践类课程,周四,2017-2018-1,,2017100040030A78992,,0,仙林校区,2017-2018学年 第1学期,78992,气膜馆,0.0,否,,3,2,04,30,0,篮球初级,,第5节-第6节,,00040030A
16.0,400340,篮球初级17,2017100040030A78993,体育课,3,,31,4-18周,0,王慧,4-18周 周四 第5节-第6节 ,0.75,体育部,否,实践类课程,周四,2017-2018-1,,2017100040030A78993,,0,仙林校区,2017-2018学年 第1学期,78993,新体育馆,0.0,否,,3,2,04,30,0,篮球初级,,第5节-第6节,,00040030A
16.0,400340,篮球初级23,2017100040030A79037,体育课,3,,32,4-18周,0,李勇,4-18周 周四 第7节-第8节 ,0.75,体育部,否,实践类课程,周四,2017-2018-1,,2017100040030A79037,,0,仙林校区,2017-2018学年 第1学期,79037,气膜馆,0.0,否,,3,2,04,30,0,篮球初级,,第7节-第8节,,00040030A
16.0,400340,排球初级1,2017100040050A78817,体育课,3,,32,4-18周,0,王喆,4-18周 周一 第1节-第2节 ,0.75,体育部,否,实践类课程,周一,2017-2018-1,,2017100040050A78817,,0,仙林校区,2017-2018学年 第1学期,78817,新体育馆,0.0,否,,3,2,04,30,0,排球初级,,第1节-第2节,,00040050A
16.0,400340,排球初级2,2017100040050A78818,体育课,3,,30,4-18周,0,罗卫民,4-18周 周一 第1节-第2节 ,0.75,体育部,否,实践类课程,周一,2017-2018-1,,2017100040050A78818,,0,仙林校区,2017-2018学年 第1学期,78818,方肇周主馆,0.0,否,,3,2,04,30,0,排球初级,,第1节-第2节,,00040050A
16.0,400340,排球初级3,2017100040050A78828,体育课,3,,27,4-18周,0,王喆,4-18周 周一 第3节-第4节 ,0.75,体育部,否,实践类课程,周一,2017-2018-1,,2017100040050A78828,,0,仙林校区,2017-2018学年 第1学期,78828,新体育馆,0.0,否,,3,2,04,30,0,排球初级,,第3节-第4节,,00040050A
16.0,400340,排球初级4,2017100040050A78829,体育课,3,,30,4-18周,0,罗卫民,4-18周 周一 第3节-第4节 ,0.75,体育部,否,实践类课程,周一,2017-2018-1,,2017100040050A78829,,0,仙林校区,2017-2018学年 第1学期,78829,方肇周主馆,0.0,否,,3,2,04,30,0,排球初级,,第3节-第4节,,00040050A
16.0,400340,排球初级5,2017100040050A78843,体育课,3,,32,4-18周,0,王喆,4-18周 周一 第5节-第6节 ,0.75,体育部,否,实践类课程,周一,2017-2018-1,,2017100040050A78843,,0,仙林校区,2017-2018学年 第1学期,78843,新馆室外排球场,0.0,否,,3,2,04,30,0,排球初级,,第5节-第6节,,00040050A
16.0,400340,排球初级6,2017100040050A78844,体育课,3,,30,4-18周,0,罗卫民,4-18周 周一 第5节-第6节 ,0.75,体育部,否,实践类课程,周一,2017-2018-1,,2017100040050A78844,,0,仙林校区,2017-2018学年 第1学期,78844,室外排球场12,0.0,否,,3,2,04,30,0,排球初级,,第5节-第6节,,00040050A
16.0,400340,排球初级7,2017100040050A78859,体育课,3,,29,4-18周,0,宋杨,4-18周 周二 第1节-第2节 ,0.75,体育部,否,实践类课程,周二,2017-2018-1,,2017100040050A78859,,0,仙林校区,2017-2018学年 第1学期,78859,新体育馆,0.0,否,,3,2,04,30,0,排球初级,,第1节-第2节,,00040050A
16.0,400340,排球初级25,2017100040050A78860,体育课,3,,32,4-18周,0,吕春松,4-18周 周二 第1节-第2节 ,0.75,体育部,否,实践类课程,周二,2017-2018-1,,2017100040050A78860,,0,仙林校区,2017-2018学年 第1学期,78860,方肇周主馆,0.0,否,,3,2,04,30,0,排球初级,,第1节-第2节,,00040050A
16.0,400340,排球初级26,2017100040050A78874,体育课,3,,31,4-18周,0,宋杨,4-18周 周二 第3节-第4节 ,0.75,体育部,否,实践类课程,周二,2017-2018-1,,2017100040050A78874,,0,仙林校区,2017-2018学年 第1学期,78874,新体育馆,0.0,否,,3,2,04,30,0,排球初级,,第3节-第4节,,00040050A
16.0,400340,排球初级9,2017100040050A78875,体育课,3,,30,4-18周,0,吕春松,4-18周 周二 第3节-第4节 ,0.75,体育部,否,实践类课程,周二,2017-2018-1,,2017100040050A78875,,0,仙林校区,2017-2018学年 第1学期,78875,方肇周主馆,0.0,否,,3,2,04,30,0,排球初级,,第3节-第4节,,00040050A
16.0,400340,排球初级10,2017100040050A78889,体育课,3,,30,4-18周,0,宋杨,4-18周 周二 第5节-第6节 ,0.75,体育部,否,实践类课程,周二,2017-2018-1,,2017100040050A78889,,0,仙林校区,2017-2018学年 第1学期,78889,新馆室外排球场,0.0,否,,3,2,04,30,0,排球初级,,第5节-第6节,,00040050A
16.0,400340,排球初级11,2017100040050A78890,体育课,3,,29,4-18周,0,吕春松,4-18周 周二 第5节-第6节 ,0.75,体育部,否,实践类课程,周二,2017-2018-1,,2017100040050A78890,,0,仙林校区,2017-2018学年 第1学期,78890,室外排球场12,0.0,否,,3,2,04,30,0,排球初级,,第5节-第6节,,00040050A
16.0,400340,排球初级12,2017100040050A78903,体育课,3,,30,4-18周,0,王喆,4-18周 周三 第1节-第2节 ,0.75,体育部,否,实践类课程,周三,2017-2018-1,,2017100040050A78903,,0,仙林校区,2017-2018学年 第1学期,78903,新体育馆,0.0,否,,3,2,04,30,0,排球初级,,第1节-第2节,,00040050A
16.0,400340,排球初级13,2017100040050A78904,体育课,3,,32,4-18周,0,罗卫民,4-18周 周三 第1节-第2节 ,0.75,体育部,否,实践类课程,周三,2017-2018-1,,2017100040050A78904,,0,仙林校区,2017-2018学年 第1学期,78904,方肇周主馆,0.0,否,,3,2,04,30,0,排球初级,,第1节-第2节,,00040050A
16.0,400340,排球初级14,2017100040050A78917,体育课,3,,27,4-18周,0,王喆,4-18周 周三 第3节-第4节 ,0.75,体育部,否,实践类课程,周三,2017-2018-1,,2017100040050A78917,,0,仙林校区,2017-2018学年 第1学期,78917,新体育馆,0.0,否,,3,2,04,30,0,排球初级,,第3节-第4节,,00040050A
16.0,400340,排球初级15,2017100040050A78918,体育课,3,,32,4-18周,0,罗卫民,4-18周 周三 第3节-第4节 ,0.75,体育部,否,实践类课程,周三,2017-2018-1,,2017100040050A78918,,0,仙林校区,2017-2018学年 第1学期,78918,方肇周主馆,0.0,否,,3,2,04,30,0,排球初级,,第3节-第4节,,00040050A
16.0,400340,排球初级16,2017100040050A78932,体育课,3,,32,4-18周,0,王喆,4-18周 周三 第5节-第6节 ,0.75,体育部,否,实践类课程,周三,2017-2018-1,,2017100040050A78932,,0,仙林校区,2017-2018学年 第1学期,78932,新馆室外排球场,0.0,否,,3,2,04,30,0,排球初级,,第5节-第6节,,00040050A
16.0,400340,排球初级17,2017100040050A78933,体育课,3,,30,4-18周,0,罗卫民,4-18周 周三 第5节-第6节 ,0.75,体育部,否,实践类课程,周三,2017-2018-1,,2017100040050A78933,,0,仙林校区,2017-2018学年 第1学期,78933,室外排球场12,0.0,否,,3,2,04,30,0,排球初级,,第5节-第6节,,00040050A
16.0,400340,排球初级24,2017100040050A78948,体育课,3,,31,4-18周,0,陈朝辉,4-18周 周五 第3节-第4节 ,0.75,体育部,否,实践类课程,周五,2017-2018-1,,2017100040050A78948,,0,仙林校区,2017-2018学年 第1学期,78948,方肇周主馆,0.0,否,,3,2,04,30,0,排球初级,,第3节-第4节,,00040050A
16.0,400340,排球初级23,2017100040050A78955,体育课,3,,34,4-18周,0,许健,4-18周 周五 第1节-第2节 ,0.75,体育部,否,实践类课程,周五,2017-2018-1,,2017100040050A78955,,0,仙林校区,2017-2018学年 第1学期,78955,方肇周主馆,0.0,否,,3,2,04,30,0,排球初级,,第1节-第2节,,00040050A
16.0,400340,排球初级18,2017100040050A78963,体育课,3,,33,4-18周,0,吕春松,4-18周 周四 第1节-第2节 ,0.75,体育部,否,实践类课程,周四,2017-2018-1,,2017100040050A78963,,0,仙林校区,2017-2018学年 第1学期,78963,方肇周主馆,0.0,否,,3,2,04,30,0,排球初级,,第1节-第2节,,00040050A
16.0,400340,排球初级19,2017100040050A78977,体育课,3,,32,4-18周,0,宋杨,4-18周 周四 第3节-第4节 ,0.75,体育部,否,实践类课程,周四,2017-2018-1,,2017100040050A78977,,0,仙林校区,2017-2018学年 第1学期,78977,新体育馆,0.0,否,,3,2,04,30,0,排球初级,,第3节-第4节,,00040050A
16.0,400340,排球初级20,2017100040050A78978,体育课,3,,34,4-18周,0,吕春松,4-18周 周四 第3节-第4节 ,0.75,体育部,否,实践类课程,周四,2017-2018-1,,2017100040050A78978,,0,仙林校区,2017-2018学年 第1学期,78978,方肇周主馆,0.0,否,,3,2,04,30,0,排球初级,,第3节-第4节,,00040050A
16.0,400340,排球初级21,2017100040050A78994,体育课,3,,30,4-18周,0,宋杨,4-18周 周四 第5节-第6节 ,0.75,体育部,否,实践类课程,周四,2017-2018-1,,2017100040050A78994,,0,仙林校区,2017-2018学年 第1学期,78994,新馆室外排球场,0.0,否,,3,2,04,30,0,排球初级,,第5节-第6节,,00040050A
16.0,400340,排球初级22,2017100040050A78995,体育课,3,,30,4-18周,0,吕春松,4-18周 周四 第5节-第6节 ,0.75,体育部,否,实践类课程,周四,2017-2018-1,,2017100040050A78995,,0,仙林校区,2017-2018学年 第1学期,78995,室外排球场12,0.0,否,,3,2,04,30,0,排球初级,,第5节-第6节,,00040050A
16.0,400340,排球提高2,2017100040050B78962,体育课,3,,30,4-18周,0,宋杨,4-18周 周四 第1节-第2节 ,1.0,体育部,否,实践类课程,周四,2017-2018-1,,2017100040050B78962,,0,仙林校区,2017-2018学年 第1学期,78962,新体育馆,0.0,否,,3,2,04,30,0,排球提高,,第1节-第2节,,00040050B
16.0,400340,足球初级1,2017100040070A78819,体育课,3,,29,4-18周,0,李俊,4-18周 周一 第1节-第2节 ,0.75,体育部,否,实践类课程,周一,2017-2018-1,,2017100040070A78819,,0,仙林校区,2017-2018学年 第1学期,78819,足球场南,0.0,否,,3,2,04,30,0,足球初级,,第1节-第2节,,00040070A
16.0,400340,足球初级15,2017100040070A78820,体育课,3,,25,4-18周,0,吴海乐,4-18周 周一 第1节-第2节 ,0.75,体育部,否,实践类课程,周一,2017-2018-1,,2017100040070A78820,,0,仙林校区,2017-2018学年 第1学期,78820,足球场北,0.0,否,,3,2,04,30,0,足球初级,,第1节-第2节,,00040070A
16.0,400340,足球初级2,2017100040070A78830,体育课,3,,30,4-18周,0,李俊,4-18周 周一 第3节-第4节 ,0.75,体育部,否,实践类课程,周一,2017-2018-1,,2017100040070A78830,,0,仙林校区,2017-2018学年 第1学期,78830,足球场南,0.0,否,,3,2,04,30,0,足球初级,,第3节-第4节,,00040070A
16.0,400340,足球初级3,2017100040070A78845,体育课,3,,30,4-18周,0,李俊,4-18周 周一 第5节-第6节 ,0.75,体育部,否,实践类课程,周一,2017-2018-1,,2017100040070A78845,,0,仙林校区,2017-2018学年 第1学期,78845,足球场南,0.0,否,,3,2,04,30,0,足球初级,,第5节-第6节,,00040070A
16.0,400340,足球初级4,2017100040070A78861,体育课,3,,29,4-18周,0,李俊,4-18周 周二 第1节-第2节 ,0.75,体育部,否,实践类课程,周二,2017-2018-1,,2017100040070A78861,,0,仙林校区,2017-2018学年 第1学期,78861,足球场,0.0,否,,3,2,04,30,0,足球初级,,第1节-第2节,,00040070A
16.0,400340,足球初级16,2017100040070A78876,体育课,3,,21,4-18周,0,李俊,4-18周 周二 第3节-第4节 ,0.75,体育部,否,实践类课程,周二,2017-2018-1,,2017100040070A78876,,0,仙林校区,2017-2018学年 第1学期,78876,足球场南,0.0,否,,3,2,04,30,0,足球初级,,第3节-第4节,,00040070A
16.0,400340,足球初级5,2017100040070A78891,体育课,3,,29,4-18周,0,李俊,4-18周 周二 第5节-第6节 ,0.75,体育部,否,实践类课程,周二,2017-2018-1,,2017100040070A78891,,0,仙林校区,2017-2018学年 第1学期,78891,足球场,0.0,否,,3,2,04,30,0,足球初级,,第5节-第6节,,00040070A
16.0,400340,足球初级6,2017100040070A78905,体育课,3,,28,4-18周,0,夏军,4-18周 周三 第1节-第2节 ,0.75,体育部,否,实践类课程,周三,2017-2018-1,,2017100040070A78905,,0,仙林校区,2017-2018学年 第1学期,78905,足球场,0.0,否,,3,2,04,30,0,足球初级,,第1节-第2节,,00040070A
16.0,400340,足球初级7,2017100040070A78919,体育课,3,,27,4-18周,0,夏军,4-18周 周三 第3节-第4节 ,0.75,体育部,否,实践类课程,周三,2017-2018-1,,2017100040070A78919,,0,仙林校区,2017-2018学年 第1学期,78919,足球场南,0.0,否,,3,2,04,30,0,足球初级,,第3节-第4节,,00040070A
16.0,400340,足球初级8,2017100040070A78934,体育课,3,,26,4-18周,0,夏军,4-18周 周三 第5节-第6节 ,0.75,体育部,否,实践类课程,周三,2017-2018-1,,2017100040070A78934,,0,仙林校区,2017-2018学年 第1学期,78934,足球场南,0.0,否,,3,2,04,30,0,足球初级,,第5节-第6节,,00040070A
16.0,400340,足球初级13,2017100040070A78949,体育课,3,,33,4-18周,0,臧宇,4-18周 周五 第3节-第4节 ,0.75,体育部,否,实践类课程,周五,2017-2018-1,,2017100040070A78949,,0,仙林校区,2017-2018学年 第1学期,78949,足球场,0.0,否,,3,2,04,30,0,足球初级,,第3节-第4节,,00040070A
16.0,400340,足球初级14,2017100040070A78950,体育课,3,,33,4-18周,0,程涛,4-18周 周五 第3节-第4节 ,0.75,体育部,否,实践类课程,周五,2017-2018-1,,2017100040070A78950,,0,仙林校区,2017-2018学年 第1学期,78950,新足球场,0.0,否,,3,2,04,30,0,足球初级,,第3节-第4节,,00040070A
16.0,400340,足球初级12,2017100040070A78956,体育课,3,,34,4-18周,0,臧宇,4-18周 周五 第1节-第2节 ,0.75,体育部,否,实践类课程,周五,2017-2018-1,,2017100040070A78956,,0,仙林校区,2017-2018学年 第1学期,78956,足球场,0.0,否,,3,2,04,30,0,足球初级,,第1节-第2节,,00040070A
16.0,400340,足球初级9,2017100040070A78964,体育课,3,,32,4-18周,0,夏军,4-18周 周四 第1节-第2节 ,0.75,体育部,否,实践类课程,周四,2017-2018-1,,2017100040070A78964,,0,仙林校区,2017-2018学年 第1学期,78964,足球场,0.0,否,,3,2,04,30,0,足球初级,,第1节-第2节,,00040070A
16.0,400340,足球初级10,2017100040070A78979,体育课,3,,17,4-18周,0,夏军,4-18周 周四 第3节-第4节 ,0.75,体育部,否,实践类课程,周四,2017-2018-1,,2017100040070A78979,,0,仙林校区,2017-2018学年 第1学期,78979,足球场,0.0,否,,3,2,04,30,0,足球初级,,第3节-第4节,,00040070A
16.0,400340,足球初级11,2017100040070A78996,体育课,3,,29,4-18周,0,夏军,4-18周 周四 第5节-第6节 ,0.75,体育部,否,实践类课程,周四,2017-2018-1,,2017100040070A78996,,0,仙林校区,2017-2018学年 第1学期,78996,足球场,0.0,否,,3,2,04,30,0,足球初级,,第5节-第6节,,00040070A
16.0,400340,足球提高3,2017100040070B78957,体育课,3,,34,4-18周,0,程涛,4-18周 周五 第1节-第2节 ,0.75,体育部,否,实践类课程,周五,2017-2018-1,,2017100040070B78957,,0,仙林校区,2017-2018学年 第1学期,78957,新足球场,0.0,否,,3,2,04,30,0,足球提高,,第1节-第2节,,00040070B
16.0,400340,乒乓球初级1,2017100040090A78821,体育课,3,,28,4-18周,0,冯晓雨,4-18周 周一 第1节-第2节 ,0.75,体育部,否,实践类课程,周一,2017-2018-1,,2017100040090A78821,,0,仙林校区,2017-2018学年 第1学期,78821,乒乓球馆,0.0,否,,3,2,04,30,0,乒乓球初级,,第1节-第2节,,00040090A
16.0,400340,乒乓球初级2,2017100040090A78822,体育课,3,,28,4-18周,0,谢争,4-18周 周一 第1节-第2节 ,0.75,体育部,否,实践类课程,周一,2017-2018-1,,2017100040090A78822,,0,仙林校区,2017-2018学年 第1学期,78822,乒乓球馆,0.0,否,,3,2,04,30,0,乒乓球初级,,第1节-第2节,,00040090A
16.0,400340,乒乓球初级3,2017100040090A78831,体育课,3,,28,4-18周,0,冯晓雨,4-18周 周一 第3节-第4节 ,0.75,体育部,否,实践类课程,周一,2017-2018-1,,2017100040090A78831,,0,仙林校区,2017-2018学年 第1学期,78831,乒乓球馆,0.0,否,,3,2,04,30,0,乒乓球初级,,第3节-第4节,,00040090A
16.0,400340,乒乓球初级4,2017100040090A78832,体育课,3,,28,4-18周,0,谢争,4-18周 周一 第3节-第4节 ,0.75,体育部,否,实践类课程,周一,2017-2018-1,,2017100040090A78832,,0,仙林校区,2017-2018学年 第1学期,78832,乒乓球馆,0.0,否,,3,2,04,30,0,乒乓球初级,,第3节-第4节,,00040090A
16.0,400340,乒乓球初级5,2017100040090A78847,体育课,3,,28,4-18周,0,谢争,4-18周 周一 第5节-第6节 ,0.75,体育部,否,实践类课程,周一,2017-2018-1,,2017100040090A78847,,0,仙林校区,2017-2018学年 第1学期,78847,乒乓球馆,0.0,否,,3,2,04,30,0,乒乓球初级,,第5节-第6节,,00040090A
16.0,400340,乒乓球初级6,2017100040090A78862,体育课,3,,28,4-18周,0,禹雪璐,4-18周 周二 第1节-第2节 ,0.75,体育部,否,实践类课程,周二,2017-2018-1,,2017100040090A78862,,0,仙林校区,2017-2018学年 第1学期,78862,乒乓球馆,0.0,否,,3,2,04,30,0,乒乓球初级,,第1节-第2节,,00040090A
16.0,400340,乒乓球初级7,2017100040090A78863,体育课,3,,28,4-18周,0,李波,4-18周 周二 第1节-第2节 ,0.75,体育部,否,实践类课程,周二,2017-2018-1,,2017100040090A78863,,0,仙林校区,2017-2018学年 第1学期,78863,乒乓球馆,0.0,否,,3,2,04,30,0,乒乓球初级,,第1节-第2节,,00040090A
16.0,400340,乒乓球初级8,2017100040090A78877,体育课,3,,28,4-18周,0,禹雪璐,4-18周 周二 第3节-第4节 ,0.75,体育部,否,实践类课程,周二,2017-2018-1,,2017100040090A78877,,0,仙林校区,2017-2018学年 第1学期,78877,乒乓球馆,0.0,否,,3,2,04,30,0,乒乓球初级,,第3节-第4节,,00040090A
16.0,400340,乒乓球初级9,2017100040090A78878,体育课,3,,27,4-18周,0,李波,4-18周 周二 第3节-第4节 ,0.75,体育部,否,实践类课程,周二,2017-2018-1,,2017100040090A78878,,0,仙林校区,2017-2018学年 第1学期,78878,乒乓球馆,0.0,否,,3,2,04,30,0,乒乓球初级,,第3节-第4节,,00040090A
16.0,400340,乒乓球初级26,2017100040090A78892,体育课,3,,32,4-18周,0,禹雪璐,4-18周 周二 第5节-第6节 ,0.75,体育部,否,实践类课程,周二,2017-2018-1,,2017100040090A78892,,0,仙林校区,2017-2018学年 第1学期,78892,乒乓球馆,0.0,否,,3,2,04,30,0,乒乓球初级,,第5节-第6节,,00040090A
16.0,400340,乒乓球初级10,2017100040090A78893,体育课,3,,28,4-18周,0,李波,4-18周 周二 第5节-第6节 ,0.75,体育部,否,实践类课程,周二,2017-2018-1,,2017100040090A78893,,0,仙林校区,2017-2018学年 第1学期,78893,乒乓球馆,0.0,否,,3,2,04,30,0,乒乓球初级,,第5节-第6节,,00040090A
16.0,400340,乒乓球初级11,2017100040090A78907,体育课,3,,30,4-18周,0,问梅,4-18周 周三 第1节-第2节 ,0.75,体育部,否,实践类课程,周三,2017-2018-1,,2017100040090A78907,,0,仙林校区,2017-2018学年 第1学期,78907,乒乓球馆,0.0,否,,3,2,04,30,0,乒乓球初级,,第1节-第2节,,00040090A
16.0,400340,乒乓球初级12,2017100040090A78920,体育课,3,,28,4-18周,0,冯晓雨,4-18周 周三 第3节-第4节 ,0.75,体育部,否,实践类课程,周三,2017-2018-1,,2017100040090A78920,,0,仙林校区,2017-2018学年 第1学期,78920,乒乓球馆,0.0,否,,3,2,04,30,0,乒乓球初级,,第3节-第4节,,00040090A
16.0,400340,乒乓球初级13,2017100040090A78921,体育课,3,,28,4-18周,0,问梅,4-18周 周三 第3节-第4节 ,0.75,体育部,否,实践类课程,周三,2017-2018-1,,2017100040090A78921,,0,仙林校区,2017-2018学年 第1学期,78921,乒乓球馆,0.0,否,,3,2,04,30,0,乒乓球初级,,第3节-第4节,,00040090A
16.0,400340,乒乓球初级14,2017100040090A78935,体育课,3,,28,4-18周,0,冯晓雨,4-18周 周三 第5节-第6节 ,0.75,体育部,否,实践类课程,周三,2017-2018-1,,2017100040090A78935,,0,仙林校区,2017-2018学年 第1学期,78935,乒乓球馆,0.0,否,,3,2,04,30,0,乒乓球初级,,第5节-第6节,,00040090A
16.0,400340,乒乓球初级15,2017100040090A78936,体育课,3,,28,4-18周,0,问梅,4-18周 周三 第5节-第6节 ,0.75,体育部,否,实践类课程,周三,2017-2018-1,,2017100040090A78936,,0,仙林校区,2017-2018学年 第1学期,78936,乒乓球馆,0.0,否,,3,2,04,30,0,乒乓球初级,,第5节-第6节,,00040090A
16.0,400340,乒乓球初级23,2017100040090A78951,体育课,3,,30,4-18周,0,李波,4-18周 周五 第3节-第4节 ,0.75,体育部,否,实践类课程,周五,2017-2018-1,,2017100040090A78951,,0,仙林校区,2017-2018学年 第1学期,78951,乒乓球馆,0.0,否,,3,2,04,30,0,乒乓球初级,,第3节-第4节,,00040090A
16.0,400340,乒乓球初级24,2017100040090A78952,体育课,3,,30,4-18周,0,殷晓霞,4-18周 周五 第3节-第4节 ,0.75,体育部,否,实践类课程,周五,2017-2018-1,,2017100040090A78952,,0,仙林校区,2017-2018学年 第1学期,78952,乒乓球馆,0.0,否,,3,2,04,30,0,乒乓球初级,,第3节-第4节,,00040090A
16.0,400340,乒乓球初级21,2017100040090A78958,体育课,3,,30,4-18周,0,李波,4-18周 周五 第1节-第2节 ,0.75,体育部,否,实践类课程,周五,2017-2018-1,,2017100040090A78958,,0,仙林校区,2017-2018学年 第1学期,78958,乒乓球馆,0.0,否,,3,2,04,30,0,乒乓球初级,,第1节-第2节,,00040090A
16.0,400340,乒乓球初级22,2017100040090A78959,体育课,3,,30,4-18周,0,殷晓霞,4-18周 周五 第1节-第2节 ,0.75,体育部,否,实践类课程,周五,2017-2018-1,,2017100040090A78959,,0,仙林校区,2017-2018学年 第1学期,78959,乒乓球馆,0.0,否,,3,2,04,30,0,乒乓球初级,,第1节-第2节,,00040090A
16.0,400340,乒乓球初级16,2017100040090A78965,体育课,3,,28,4-18周,0,禹雪璐,4-18周 周四 第1节-第2节 ,0.75,体育部,否,实践类课程,周四,2017-2018-1,,2017100040090A78965,,0,仙林校区,2017-2018学年 第1学期,78965,乒乓球馆,0.0,否,,3,2,04,30,0,乒乓球初级,,第1节-第2节,,00040090A
16.0,400340,乒乓球初级17,2017100040090A78966,体育课,3,,28,4-18周,0,殷飞,4-18周 周四 第1节-第2节 ,0.75,体育部,否,实践类课程,周四,2017-2018-1,,2017100040090A78966,,0,仙林校区,2017-2018学年 第1学期,78966,乒乓球馆,0.0,否,,3,2,04,30,0,乒乓球初级,,第1节-第2节,,00040090A
16.0,400340,乒乓球初级18,2017100040090A78980,体育课,3,,30,4-18周,0,禹雪璐,4-18周 周四 第3节-第4节 ,0.75,体育部,否,实践类课程,周四,2017-2018-1,,2017100040090A78980,,0,仙林校区,2017-2018学年 第1学期,78980,乒乓球馆,0.0,否,,3,2,04,30,0,乒乓球初级,,第3节-第4节,,00040090A
16.0,400340,乒乓球初级19,2017100040090A78981,体育课,3,,30,4-18周,0,殷晓霞,4-18周 周四 第3节-第4节 ,0.75,体育部,否,实践类课程,周四,2017-2018-1,,2017100040090A78981,,0,仙林校区,2017-2018学年 第1学期,78981,乒乓球馆,0.0,否,,3,2,04,30,0,乒乓球初级,,第3节-第4节,,00040090A
16.0,400340,乒乓球初级20,2017100040090A78998,体育课,3,,28,4-18周,0,殷晓霞,4-18周 周四 第5节-第6节 ,0.75,体育部,否,实践类课程,周四,2017-2018-1,,2017100040090A78998,,0,仙林校区,2017-2018学年 第1学期,78998,乒乓球馆,0.0,否,,3,2,04,30,0,乒乓球初级,,第5节-第6节,,00040090A
16.0,400340,乒乓球提高1,2017100040090B78846,体育课,3,,24,4-18周,0,冯晓雨,4-18周 周一 第5节-第6节 ,0.75,体育部,否,实践类课程,周一,2017-2018-1,,2017100040090B78846,,0,仙林校区,2017-2018学年 第1学期,78846,乒乓球馆,0.0,否,,3,2,04,30,0,乒乓球提高,,第5节-第6节,,00040090B
16.0,400340,乒乓球提高3,2017100040090B78906,体育课,3,,27,4-18周,0,冯晓雨,4-18周 周三 第1节-第2节 ,0.75,体育部,否,实践类课程,周三,2017-2018-1,,2017100040090B78906,,0,仙林校区,2017-2018学年 第1学期,78906,乒乓球馆,0.0,否,,3,2,04,30,0,乒乓球提高,,第1节-第2节,,00040090B
16.0,400340,乒乓球提高4,2017100040090B78997,体育课,3,,28,4-18周,0,禹雪璐,4-18周 周四 第5节-第6节 ,0.75,体育部,否,实践类课程,周四,2017-2018-1,,2017100040090B78997,,0,仙林校区,2017-2018学年 第1学期,78997,乒乓球馆,0.0,否,,3,2,04,30,0,乒乓球提高,,第5节-第6节,,00040090B
16.0,400340,羽毛球初级23,2017100040100A78810,体育课,3,,30,4-18周,0,冯晓劲,4-18周 周五 第1节-第2节 ,0.75,体育部,否,实践类课程,周五,2017-2018-1,,2017100040100A78810,,0,仙林校区,2017-2018学年 第1学期,78810,羽毛球馆,0.0,否,,3,2,04,30,0,羽毛球初级,,第1节-第2节,,00040100A
16.0,400340,羽毛球初级1,2017100040100A78823,体育课,3,,28,4-18周,0,臧育扬,4-18周 周一 第1节-第2节 ,0.75,体育部,否,实践类课程,周一,2017-2018-1,,2017100040100A78823,,0,仙林校区,2017-2018学年 第1学期,78823,羽毛球馆,0.0,否,,3,2,04,30,0,羽毛球初级,,第1节-第2节,,00040100A
16.0,400340,羽毛球初级2,2017100040100A78824,体育课,3,,28,4-18周,0,吴明,4-18周 周一 第1节-第2节 ,0.75,体育部,否,实践类课程,周一,2017-2018-1,,2017100040100A78824,,0,仙林校区,2017-2018学年 第1学期,78824,羽毛球馆,0.0,否,,3,2,04,30,0,羽毛球初级,,第1节-第2节,,00040100A
16.0,400340,羽毛球初级3,2017100040100A78833,体育课,3,,28,4-18周,0,臧育扬,4-18周 周一 第3节-第4节 ,0.75,体育部,否,实践类课程,周一,2017-2018-1,,2017100040100A78833,,0,仙林校区,2017-2018学年 第1学期,78833,羽毛球馆,0.0,否,,3,2,04,30,0,羽毛球初级,,第3节-第4节,,00040100A
16.0,400340,羽毛球初级4,2017100040100A78834,体育课,3,,28,4-18周,0,吴明,4-18周 周一 第3节-第4节 ,0.75,体育部,否,实践类课程,周一,2017-2018-1,,2017100040100A78834,,0,仙林校区,2017-2018学年 第1学期,78834,羽毛球馆,0.0,否,,3,2,04,30,0,羽毛球初级,,第3节-第4节,,00040100A
16.0,400340,羽毛球初级5,2017100040100A78848,体育课,3,,28,4-18周,0,吴明,4-18周 周一 第5节-第6节 ,0.75,体育部,否,实践类课程,周一,2017-2018-1,,2017100040100A78848,,0,仙林校区,2017-2018学年 第1学期,78848,羽毛球馆,0.0,否,,3,2,04,30,0,羽毛球初级,,第5节-第6节,,00040100A
16.0,400340,羽毛球初级6,2017100040100A78849,体育课,3,,28,4-18周,0,臧育扬,4-18周 周一 第5节-第6节 ,0.75,体育部,否,实践类课程,周一,2017-2018-1,,2017100040100A78849,,0,仙林校区,2017-2018学年 第1学期,78849,羽毛球馆,0.0,否,,3,2,04,30,0,羽毛球初级,,第5节-第6节,,00040100A
16.0,400340,羽毛球初级7,2017100040100A78864,体育课,3,,28,4-18周,0,吴明,4-18周 周二 第1节-第2节 ,0.75,体育部,否,实践类课程,周二,2017-2018-1,,2017100040100A78864,,0,仙林校区,2017-2018学年 第1学期,78864,羽毛球馆,0.0,否,,3,2,04,30,0,羽毛球初级,,第1节-第2节,,00040100A
16.0,400340,羽毛球初级8,2017100040100A78865,体育课,3,,28,4-18周,0,问梅,4-18周 周二 第1节-第2节 ,0.75,体育部,否,实践类课程,周二,2017-2018-1,,2017100040100A78865,,0,仙林校区,2017-2018学年 第1学期,78865,羽毛球馆,0.0,否,,3,2,04,30,0,羽毛球初级,,第1节-第2节,,00040100A
16.0,400340,羽毛球初级9,2017100040100A78879,体育课,3,,27,4-18周,0,吴明,4-18周 周二 第3节-第4节 ,0.75,体育部,否,实践类课程,周二,2017-2018-1,,2017100040100A78879,,0,仙林校区,2017-2018学年 第1学期,78879,羽毛球馆,0.0,否,,3,2,04,30,0,羽毛球初级,,第3节-第4节,,00040100A
16.0,400340,羽毛球初级10,2017100040100A78880,体育课,3,,28,4-18周,0,问梅,4-18周 周二 第3节-第4节 ,0.75,体育部,否,实践类课程,周二,2017-2018-1,,2017100040100A78880,,0,仙林校区,2017-2018学年 第1学期,78880,羽毛球馆,0.0,否,,3,2,04,30,0,羽毛球初级,,第3节-第4节,,00040100A
16.0,400340,羽毛球初级27,2017100040100A78894,体育课,3,,32,4-18周,0,陈樨,4-18周 周二 第5节-第6节 ,0.75,体育部,否,实践类课程,周二,2017-2018-1,,2017100040100A78894,,0,仙林校区,2017-2018学年 第1学期,78894,羽毛球馆,0.0,否,,3,2,04,30,0,羽毛球初级,,第5节-第6节,,00040100A
16.0,400340,羽毛球初级11,2017100040100A78895,体育课,3,,28,4-18周,0,问梅,4-18周 周二 第5节-第6节 ,0.75,体育部,否,实践类课程,周二,2017-2018-1,,2017100040100A78895,,0,仙林校区,2017-2018学年 第1学期,78895,羽毛球馆,0.0,否,,3,2,04,30,0,羽毛球初级,,第5节-第6节,,00040100A
16.0,400340,羽毛球初级12,2017100040100A78908,体育课,3,,28,4-18周,0,沈乐群,4-18周 周三 第1节-第2节 ,0.75,体育部,否,实践类课程,周三,2017-2018-1,,2017100040100A78908,,0,仙林校区,2017-2018学年 第1学期,78908,羽毛球馆,0.0,否,,3,2,04,30,0,羽毛球初级,,第1节-第2节,,00040100A
16.0,400340,羽毛球初级14,2017100040100A78922,体育课,3,,28,4-18周,0,沈乐群,4-18周 周三 第3节-第4节 ,0.75,体育部,否,实践类课程,周三,2017-2018-1,,2017100040100A78922,,0,仙林校区,2017-2018学年 第1学期,78922,羽毛球馆,0.0,否,,3,2,04,30,0,羽毛球初级,,第3节-第4节,,00040100A
16.0,400340,羽毛球初级15,2017100040100A78923,体育课,3,,28,4-18周,0,邵力平,4-18周 周三 第3节-第4节 ,0.75,体育部,否,实践类课程,周三,2017-2018-1,,2017100040100A78923,,0,仙林校区,2017-2018学年 第1学期,78923,羽毛球馆,0.0,否,,3,2,04,30,0,羽毛球初级,,第3节-第4节,,00040100A
16.0,400340,羽毛球初级16,2017100040100A78937,体育课,3,,28,4-18周,0,沈乐群,4-18周 周三 第5节-第6节 ,0.75,体育部,否,实践类课程,周三,2017-2018-1,,2017100040100A78937,,0,仙林校区,2017-2018学年 第1学期,78937,羽毛球馆,0.0,否,,3,2,04,30,0,羽毛球初级,,第5节-第6节,,00040100A
16.0,400340,羽毛球初级17,2017100040100A78938,体育课,3,,28,4-18周,0,邵力平,4-18周 周三 第5节-第6节 ,0.75,体育部,否,实践类课程,周三,2017-2018-1,,2017100040100A78938,,0,仙林校区,2017-2018学年 第1学期,78938,羽毛球馆,0.0,否,,3,2,04,30,0,羽毛球初级,,第5节-第6节,,00040100A
16.0,400340,羽毛球初级24,2017100040100A78953,体育课,3,,30,4-18周,0,沈乐群,4-18周 周五 第3节-第4节 ,0.75,体育部,否,实践类课程,周五,2017-2018-1,,2017100040100A78953,,0,仙林校区,2017-2018学年 第1学期,78953,羽毛球馆,0.0,否,,3,2,04,30,0,羽毛球初级,,第3节-第4节,,00040100A
16.0,400340,羽毛球初级26,2017100040100A78960,体育课,3,,28,4-18周,0,沈乐群,4-18周 周五 第1节-第2节 ,0.75,体育部,否,实践类课程,周五,2017-2018-1,,2017100040100A78960,,0,仙林校区,2017-2018学年 第1学期,78960,羽毛球馆,0.0,否,,3,2,04,30,0,羽毛球初级,,第1节-第2节,,00040100A
16.0,400340,羽毛球初级18,2017100040100A78967,体育课,3,,28,4-18周,0,邵力平,4-18周 周四 第1节-第2节 ,0.75,体育部,否,实践类课程,周四,2017-2018-1,,2017100040100A78967,,0,仙林校区,2017-2018学年 第1学期,78967,羽毛球馆,0.0,否,,3,2,04,30,0,羽毛球初级,,第1节-第2节,,00040100A
16.0,400340,羽毛球初级19,2017100040100A78968,体育课,3,,28,4-18周,0,陈樨,4-18周 周四 第1节-第2节 ,0.75,体育部,否,实践类课程,周四,2017-2018-1,,2017100040100A78968,,0,仙林校区,2017-2018学年 第1学期,78968,羽毛球馆,0.0,否,,3,2,04,30,0,羽毛球初级,,第1节-第2节,,00040100A
16.0,400340,羽毛球初级20,2017100040100A78983,体育课,3,,27,4-18周,0,陈樨,4-18周 周四 第3节-第4节 ,0.75,体育部,否,实践类课程,周四,2017-2018-1,,2017100040100A78983,,0,仙林校区,2017-2018学年 第1学期,78983,羽毛球馆,0.0,否,,3,2,04,30,0,羽毛球初级,,第3节-第4节,,00040100A
16.0,400340,羽毛球初级21,2017100040100A78999,体育课,3,,28,4-18周,0,邵力平,4-18周 周四 第5节-第6节 ,0.75,体育部,否,实践类课程,周四,2017-2018-1,,2017100040100A78999,,0,仙林校区,2017-2018学年 第1学期,78999,羽毛球馆,0.0,否,,3,2,04,30,0,羽毛球初级,,第5节-第6节,,00040100A
16.0,400340,羽毛球初级22,2017100040100A79000,体育课,3,,28,4-18周,0,陈樨,4-18周 周四 第5节-第6节 ,0.75,体育部,否,实践类课程,周四,2017-2018-1,,2017100040100A79000,,0,仙林校区,2017-2018学年 第1学期,79000,羽毛球馆,0.0,否,,3,2,04,30,0,羽毛球初级,,第5节-第6节,,00040100A
16.0,400340,羽毛球初级25,2017100040100A79020,体育课,3,,28,4-18周,0,冯晓劲,4-18周 周五 第3节-第4节 ,0.75,体育部,否,实践类课程,周五,2017-2018-1,,2017100040100A79020,,0,仙林校区,2017-2018学年 第1学期,79020,羽毛球馆,0.0,否,,3,2,04,30,0,羽毛球初级,,第3节-第4节,,00040100A
16.0,400340,羽毛球提高3,2017100040100B78909,体育课,3,,28,4-18周,0,邵力平,4-18周 周三 第1节-第2节 ,1.0,体育部,否,实践类课程,周三,2017-2018-1,,2017100040100B78909,,0,仙林校区,2017-2018学年 第1学期,78909,羽毛球馆,0.0,否,,3,2,04,30,0,羽毛球提高,,第1节-第2节,,00040100B
16.0,400340,羽毛球提高5,2017100040100B78982,体育课,3,,28,4-18周,0,邵力平,4-18周 周四 第3节-第4节 ,1.0,体育部,否,实践类课程,周四,2017-2018-1,,2017100040100B78982,,0,仙林校区,2017-2018学年 第1学期,78982,羽毛球馆,0.0,否,,3,2,04,30,0,羽毛球提高,,第3节-第4节,,00040100B
16.0,400340,羽毛球提高4,2017100040100B79029,体育课,3,,30,4-18周,0,沈乐群,4-18周 周三 第7节-第8节 ,1.0,体育部,否,实践类课程,周三,2017-2018-1,,2017100040100B79029,,0,仙林校区,2017-2018学年 第1学期,79029,羽毛球馆,0.0,否,,3,2,04,30,0,羽毛球提高,,第7节-第8节,,00040100B
16.0,400340,羽毛球提高1,2017100040100B79032,体育课,3,,30,4-18周,0,臧育扬,4-18周 周一 第7节-第8节 ,1.0,体育部,否,实践类课程,周一,2017-2018-1,,2017100040100B79032,,0,仙林校区,2017-2018学年 第1学期,79032,羽毛球馆,0.0,否,,3,2,04,30,0,羽毛球提高,,第7节-第8节,,00040100B
16.0,400340,网球初级1,2017100040110A78825,体育课,3,,26,4-18周,0,鲍大卫,4-18周 周一 第1节-第2节 ,0.75,体育部,否,实践类课程,周一,2017-2018-1,,2017100040110A78825,,0,仙林校区,2017-2018学年 第1学期,78825,网球场,0.0,否,,3,2,04,30,0,网球初级,,第1节-第2节,,00040110A
16.0,400340,网球初级2,2017100040110A78835,体育课,3,,30,4-18周,0,鲍大卫,4-18周 周一 第3节-第4节 ,0.75,体育部,否,实践类课程,周一,2017-2018-1,,2017100040110A78835,,0,仙林校区,2017-2018学年 第1学期,78835,网球场,0.0,否,,3,2,04,30,0,网球初级,,第3节-第4节,,00040110A
16.0,400340,网球初级3,2017100040110A78850,体育课,3,,29,4-18周,0,鲍大卫,4-18周 周一 第5节-第6节 ,0.75,体育部,否,实践类课程,周一,2017-2018-1,,2017100040110A78850,,0,仙林校区,2017-2018学年 第1学期,78850,网球场,0.0,否,,3,2,04,30,0,网球初级,,第5节-第6节,,00040110A
16.0,400340,网球初级4,2017100040110A78910,体育课,3,,30,4-18周,0,鲍大卫,4-18周 周三 第1节-第2节 ,0.75,体育部,否,实践类课程,周三,2017-2018-1,,2017100040110A78910,,0,仙林校区,2017-2018学年 第1学期,78910,网球场,0.0,否,,3,2,04,30,0,网球初级,,第1节-第2节,,00040110A
16.0,400340,网球初级5,2017100040110A78924,体育课,3,,30,4-18周,0,鲍大卫,4-18周 周三 第3节-第4节 ,0.75,体育部,否,实践类课程,周三,2017-2018-1,,2017100040110A78924,,0,仙林校区,2017-2018学年 第1学期,78924,网球场,0.0,否,,3,2,04,30,0,网球初级,,第3节-第4节,,00040110A
16.0,400340,网球初级6,2017100040110A78939,体育课,3,,30,4-18周,0,鲍大卫,4-18周 周三 第5节-第6节 ,0.75,体育部,否,实践类课程,周三,2017-2018-1,,2017100040110A78939,,0,仙林校区,2017-2018学年 第1学期,78939,网球场,0.0,否,,3,2,04,30,0,网球初级,,第5节-第6节,,00040110A
16.0,400340,毽球1,2017100040120A78866,体育课,3,,29,4-18周,0,龚晖晖,4-18周 周二 第1节-第2节 ,0.75,体育部,否,实践类课程,周二,2017-2018-1,,2017100040120A78866,,0,仙林校区,2017-2018学年 第1学期,78866,乒乓球馆,0.0,否,,3,2,04,30,0,毽球初级,,第1节-第2节,,00040120A
16.0,400340,毽球2,2017100040120A78881,体育课,3,,27,4-18周,0,龚晖晖,4-18周 周二 第3节-第4节 ,0.75,体育部,否,实践类课程,周二,2017-2018-1,,2017100040120A78881,,0,仙林校区,2017-2018学年 第1学期,78881,乒乓馆,0.0,否,,3,2,04,30,0,毽球初级,,第3节-第4节,,00040120A
16.0,400340,毽球3,2017100040120A78896,体育课,3,,30,4-18周,0,龚晖晖,4-18周 周二 第5节-第6节 ,0.75,体育部,否,实践类课程,周二,2017-2018-1,,2017100040120A78896,,0,仙林校区,2017-2018学年 第1学期,78896,乒乓球馆,0.0,否,,3,2,04,30,0,毽球初级,,第5节-第6节,,00040120A
16.0,400340,毽球4,2017100040120A78969,体育课,3,,30,4-18周,0,龚晖晖,4-18周 周四 第1节-第2节 ,0.75,体育部,否,实践类课程,周四,2017-2018-1,,2017100040120A78969,,0,仙林校区,2017-2018学年 第1学期,78969,乒乓馆,0.0,否,,3,2,04,30,0,毽球初级,,第1节-第2节,,00040120A
16.0,400340,毽球5,2017100040120A78984,体育课,3,,29,4-18周,0,龚晖晖,4-18周 周四 第3节-第4节 ,0.75,体育部,否,实践类课程,周四,2017-2018-1,,2017100040120A78984,,0,仙林校区,2017-2018学年 第1学期,78984,乒乓馆,0.0,否,,3,2,04,30,0,毽球初级,,第3节-第4节,,00040120A
16.0,400340,毽球6,2017100040120A79001,体育课,3,,29,4-18周,0,龚晖晖,4-18周 周四 第5节-第6节 ,0.75,体育部,否,实践类课程,周四,2017-2018-1,,2017100040120A79001,,0,仙林校区,2017-2018学年 第1学期,79001,乒乓馆,0.0,否,,3,2,04,30,0,毽球初级,,第5节-第6节,,00040120A
16.0,400340,导引术1,201710004013078813,体育课,3,,27,4-18周,0,陈刚,4-18周 周一 第1节-第2节 ,0.75,体育部,否,实践类课程,周一,2017-2018-1,,201710004013078813,,0,仙林校区,2017-2018学年 第1学期,78813,新体育馆2楼,0.0,否,,3,2,04,30,0,传统导引术,,第1节-第2节,,00040130
16.0,400340,导引术2,201710004013078838,体育课,3,,28,4-18周,0,陈刚,4-18周 周一 第3节-第4节 ,0.75,体育部,否,实践类课程,周一,2017-2018-1,,201710004013078838,,0,仙林校区,2017-2018学年 第1学期,78838,新体育馆2楼,0.0,否,,3,2,04,30,0,传统导引术,,第3节-第4节,,00040130
16.0,400340,导引术3,201710004013078853,体育课,3,,27,4-18周,0,陈刚,4-18周 周一 第5节-第6节 ,0.75,体育部,否,实践类课程,周一,2017-2018-1,,201710004013078853,,0,仙林校区,2017-2018学年 第1学期,78853,新体育馆2楼,0.0,否,,3,2,04,30,0,传统导引术,,第5节-第6节,,00040130
16.0,400340,太极剑1,201710004015078975,体育课,3,,0,1-18周,0,高凤华,1-18周 周四 第1节-第2节 ,0.75,体育部,否,实践类课程,周四,2017-2018-1,,201710004015078975,,0,仙林校区,2017-2018学年 第1学期,78975,主馆阳光房,0.0,否,,3,2,04,30,0,太极剑,,第1节-第2节,,00040150
16.0,400340,太极剑2,201710004015078990,体育课,3,,0,1-18周,0,高凤华,1-18周 周四 第3节-第4节 ,0.75,体育部,否,实践类课程,周四,2017-2018-1,,201710004015078990,,0,仙林校区,2017-2018学年 第1学期,78990,主馆阳光房,0.0,否,,3,2,04,30,0,太极剑,,第3节-第4节,,00040150
16.0,400340,太极剑3,201710004015079019,体育课,3,,0,1-18周,0,高凤华,1-18周 周五 第1节-第2节 ,0.75,体育部,否,实践类课程,周五,2017-2018-1,,201710004015079019,,0,仙林校区,2017-2018学年 第1学期,79019,武术馆,0.0,否,,3,2,04,30,0,太极剑,,第1节-第2节,,00040150
16.0,400340,太极剑4,201710004015079021,体育课,3,,0,1-18周,0,高凤华,1-18周 周五 第3节-第4节 ,0.75,体育部,否,实践类课程,周五,2017-2018-1,,201710004015079021,,0,仙林校区,2017-2018学年 第1学期,79021,武术馆,0.0,否,,3,2,04,30,0,太极剑,,第3节-第4节,,00040150
16.0,400340,功夫扇4,201710004016078973,体育课,3,,30,4-18周,0,燕明剑,4-18周 周四 第1节-第2节 ,0.75,体育部,否,实践类课程,周四,2017-2018-1,,201710004016078973,,0,仙林校区,2017-2018学年 第1学期,78973,武术馆,0.0,否,,3,2,04,30,0,功夫扇,,第1节-第2节,,00040160
16.0,400340,功夫扇5,201710004016078988,体育课,3,,30,4-18周,0,燕明剑,4-18周 周四 第3节-第4节 ,0.75,体育部,否,实践类课程,周四,2017-2018-1,,201710004016078988,,0,仙林校区,2017-2018学年 第1学期,78988,武术馆,0.0,否,,3,2,04,30,0,功夫扇,,第3节-第4节,,00040160
16.0,400340,功夫扇6,201710004016079004,体育课,3,,30,4-18周,0,燕明剑,4-18周 周四 第5节-第6节 ,0.75,体育部,否,实践类课程,周四,2017-2018-1,,201710004016079004,,0,仙林校区,2017-2018学年 第1学期,79004,武术馆,0.0,否,,3,2,04,30,0,功夫扇,,第5节-第6节,,00040160
16.0,400340,功夫扇1,201710004016079033,体育课,3,,29,4-18周,0,燕明剑,4-18周 周二 第1节-第2节 ,0.75,体育部,否,实践类课程,周二,2017-2018-1,,201710004016079033,,0,仙林校区,2017-2018学年 第1学期,79033,武术馆,0.0,否,,3,2,04,30,0,功夫扇,,第1节-第2节,,00040160
16.0,400340,功夫扇2,201710004016079034,体育课,3,,30,4-18周,0,燕明剑,4-18周 周二 第3节-第4节 ,0.75,体育部,否,实践类课程,周二,2017-2018-1,,201710004016079034,,0,仙林校区,2017-2018学年 第1学期,79034,武术馆,0.0,否,,3,2,04,30,0,功夫扇,,第3节-第4节,,00040160
16.0,400340,功夫扇3,201710004016079035,体育课,3,,30,4-18周,0,燕明剑,4-18周 周二 第5节-第6节 ,0.75,体育部,否,实践类课程,周二,2017-2018-1,,201710004016079035,,0,仙林校区,2017-2018学年 第1学期,79035,武术馆,0.0,否,,3,2,04,30,0,功夫扇,,第5节-第6节,,00040160
16.0,400340,女子防身术1,201710004019078814,体育课,3,,30,4-18周,0,吕艳玲,4-18周 周一 第1节-第2节 ,0.75,体育部,否,实践类课程,周一,2017-2018-1,,201710004019078814,,0,仙林校区,2017-2018学年 第1学期,78814,武术馆,0.0,否,,3,2,04,30,0,女子防身术,,第1节-第2节,,00040190
16.0,400340,女子防身术2,201710004019078839,体育课,3,,32,4-18周,0,吕艳玲,4-18周 周一 第3节-第4节 ,0.75,体育部,否,实践类课程,周一,2017-2018-1,,201710004019078839,,0,仙林校区,2017-2018学年 第1学期,78839,武术馆,0.0,否,,3,2,04,30,0,女子防身术,,第3节-第4节,,00040190
16.0,400340,女子防身术3,201710004019078854,体育课,3,,30,4-18周,0,吕艳玲,4-18周 周一 第5节-第6节 ,0.75,体育部,否,实践类课程,周一,2017-2018-1,,201710004019078854,,0,仙林校区,2017-2018学年 第1学期,78854,武术馆,0.0,否,,3,2,04,30,0,女子防身术,,第5节-第6节,,00040190
16.0,400340,女子防身术4,201710004019078914,体育课,3,,32,4-18周,0,吕艳玲,4-18周 周三 第1节-第2节 ,0.75,体育部,否,实践类课程,周三,2017-2018-1,,201710004019078914,,0,仙林校区,2017-2018学年 第1学期,78914,武术馆,0.0,否,,3,2,04,30,0,女子防身术,,第1节-第2节,,00040190
16.0,400340,女子防身术5,201710004019078928,体育课,3,,32,4-18周,0,吕艳玲,4-18周 周三 第3节-第4节 ,0.75,体育部,否,实践类课程,周三,2017-2018-1,,201710004019078928,,0,仙林校区,2017-2018学年 第1学期,78928,武术馆,0.0,否,,3,2,04,30,0,女子防身术,,第3节-第4节,,00040190
16.0,400340,女子防身术6,201710004019078943,体育课,3,,32,4-18周,0,吕艳玲,4-18周 周三 第5节-第6节 ,0.75,体育部,否,实践类课程,周三,2017-2018-1,,201710004019078943,,0,仙林校区,2017-2018学年 第1学期,78943,主馆阳光房,0.0,否,,3,2,04,30,0,女子防身术,,第5节-第6节,,00040190
16.0,400340,跆拳道1,2017100040200A78870,体育课,3,,29,4-18周,0,李文龙,4-18周 周二 第1节-第2节 ,0.75,体育部,否,实践类课程,周二,2017-2018-1,,2017100040200A78870,,0,仙林校区,2017-2018学年 第1学期,78870,跆拳道馆,0.0,否,,3,2,04,30,0,跆拳道初级,,第1节-第2节,,00040200A
16.0,400340,跆拳道2,2017100040200A78885,体育课,3,,31,4-18周,0,李文龙,4-18周 周二 第3节-第4节 ,0.75,体育部,否,实践类课程,周二,2017-2018-1,,2017100040200A78885,,0,仙林校区,2017-2018学年 第1学期,78885,跆拳道馆,0.0,否,,3,2,04,30,0,跆拳道初级,,第3节-第4节,,00040200A
16.0,400340,跆拳道3,2017100040200A78900,体育课,3,,30,4-18周,0,李文龙,4-18周 周二 第5节-第6节 ,0.75,体育部,否,实践类课程,周二,2017-2018-1,,2017100040200A78900,,0,仙林校区,2017-2018学年 第1学期,78900,跆拳道馆,0.0,否,,3,2,04,30,0,跆拳道初级,,第5节-第6节,,00040200A
16.0,400340,跆拳道4,2017100040200A78913,体育课,3,,30,4-18周,0,王慧,4-18周 周三 第1节-第2节 ,0.75,体育部,否,实践类课程,周三,2017-2018-1,,2017100040200A78913,,0,仙林校区,2017-2018学年 第1学期,78913,跆拳道馆,0.0,否,,3,2,04,30,0,跆拳道初级,,第1节-第2节,,00040200A
16.0,400340,跆拳道5,2017100040200A78927,体育课,3,,30,4-18周,0,王慧,4-18周 周三 第3节-第4节 ,0.75,体育部,否,实践类课程,周三,2017-2018-1,,2017100040200A78927,,0,仙林校区,2017-2018学年 第1学期,78927,跆拳道馆,0.0,否,,3,2,04,30,0,跆拳道初级,,第3节-第4节,,00040200A
16.0,400340,跆拳道6,2017100040200A78942,体育课,3,,29,4-18周,0,王慧,4-18周 周三 第5节-第6节 ,0.75,体育部,否,实践类课程,周三,2017-2018-1,,2017100040200A78942,,0,仙林校区,2017-2018学年 第1学期,78942,跆拳道馆,0.0,否,,3,2,04,30,0,跆拳道初级,,第5节-第6节,,00040200A
16.0,400340,跆拳道7,2017100040200A78974,体育课,3,,29,4-18周,0,李文龙,4-18周 周四 第1节-第2节 ,0.75,体育部,否,实践类课程,周四,2017-2018-1,,2017100040200A78974,,0,仙林校区,2017-2018学年 第1学期,78974,跆拳道馆,0.0,否,,3,2,04,30,0,跆拳道初级,,第1节-第2节,,00040200A
16.0,400340,跆拳道8,2017100040200A78989,体育课,3,,30,4-18周,0,李文龙,4-18周 周四 第3节-第4节 ,0.75,体育部,否,实践类课程,周四,2017-2018-1,,2017100040200A78989,,0,仙林校区,2017-2018学年 第1学期,78989,跆拳道馆,0.0,否,,3,2,04,30,0,跆拳道初级,,第3节-第4节,,00040200A
16.0,400340,跆拳道9,2017100040200A79005,体育课,3,,30,4-18周,0,李文龙,4-18周 周四 第5节-第6节 ,0.75,体育部,否,实践类课程,周四,2017-2018-1,,2017100040200A79005,,0,仙林校区,2017-2018学年 第1学期,79005,跆拳道馆,0.0,否,,3,2,04,30,0,跆拳道初级,,第5节-第6节,,00040200A
16.0,400340,拳击1,201710004021078871,体育课,3,,30,4-18周,0,谢坚,4-18周 周二 第1节-第2节 ,0.75,体育部,否,实践类课程,周二,2017-2018-1,,201710004021078871,,0,仙林校区,2017-2018学年 第1学期,78871,武术馆,0.0,否,,3,2,04,30,0,拳击,,第1节-第2节,,00040210
16.0,400340,拳击2,201710004021078886,体育课,3,,29,4-18周,0,谢坚,4-18周 周二 第3节-第4节 ,0.75,体育部,否,实践类课程,周二,2017-2018-1,,201710004021078886,,0,仙林校区,2017-2018学年 第1学期,78886,武术馆,0.0,否,,3,2,04,30,0,拳击,,第3节-第4节,,00040210
16.0,400340,拳击3,201710004021078901,体育课,3,,30,4-18周,0,谢坚,4-18周 周二 第5节-第6节 ,0.75,体育部,否,实践类课程,周二,2017-2018-1,,201710004021078901,,0,仙林校区,2017-2018学年 第1学期,78901,武术馆,0.0,否,,3,2,04,30,0,拳击,,第5节-第6节,,00040210
16.0,400340,拳击4,201710004021078972,体育课,3,,34,4-18周,0,谢坚,4-18周 周四 第1节-第2节 ,0.75,体育部,否,实践类课程,周四,2017-2018-1,,201710004021078972,,0,仙林校区,2017-2018学年 第1学期,78972,武术馆,0.0,否,,3,2,04,30,0,拳击,,第1节-第2节,,00040210
16.0,400340,拳击5,201710004021078987,体育课,3,,30,4-18周,0,谢坚,4-18周 周四 第3节-第4节 ,0.75,体育部,否,实践类课程,周四,2017-2018-1,,201710004021078987,,0,仙林校区,2017-2018学年 第1学期,78987,武术馆,0.0,否,,3,2,04,30,0,拳击,,第3节-第4节,,00040210
16.0,400340,健美操初级1,2017100040220A78826,体育课,3,,32,4-18周,0,孙雯,4-18周 周一 第1节-第2节 ,0.75,体育部,否,实践类课程,周一,2017-2018-1,,2017100040220A78826,,0,仙林校区,2017-2018学年 第1学期,78826,健美操馆,0.0,否,,3,2,04,30,0,健美操初级,,第1节-第2节,,00040220A
16.0,400340,健美操初级2,2017100040220A78836,体育课,3,,32,4-18周,0,孙雯,4-18周 周一 第3节-第4节 ,0.75,体育部,否,实践类课程,周一,2017-2018-1,,2017100040220A78836,,0,仙林校区,2017-2018学年 第1学期,78836,健美操馆,0.0,否,,3,2,04,30,0,健美操初级,,第3节-第4节,,00040220A
16.0,400340,健美操初级3,2017100040220A78851,体育课,3,,32,4-18周,0,孙雯,4-18周 周一 第5节-第6节 ,0.75,体育部,否,实践类课程,周一,2017-2018-1,,2017100040220A78851,,0,仙林校区,2017-2018学年 第1学期,78851,健美操馆,0.0,否,,3,2,04,30,0,健美操初级,,第5节-第6节,,00040220A
16.0,400340,健美操初级4,2017100040220A78867,体育课,3,,30,4-18周,0,陈樨,4-18周 周二 第1节-第2节 ,0.75,体育部,否,实践类课程,周二,2017-2018-1,,2017100040220A78867,,0,仙林校区,2017-2018学年 第1学期,78867,体质测量室,0.0,否,,3,2,04,30,0,健美操初级,,第1节-第2节,,00040220A
16.0,400340,健美操初级5,2017100040220A78882,体育课,3,,30,4-18周,0,陈樨,4-18周 周二 第3节-第4节 ,0.75,体育部,否,实践类课程,周二,2017-2018-1,,2017100040220A78882,,0,仙林校区,2017-2018学年 第1学期,78882,体质测量室,0.0,否,,3,2,04,30,0,健美操初级,,第3节-第4节,,00040220A
16.0,400340,健美操初级6,2017100040220A78897,体育课,3,,32,4-18周,0,周娴,4-18周 周二 第5节-第6节 ,0.75,体育部,否,实践类课程,周二,2017-2018-1,,2017100040220A78897,,0,仙林校区,2017-2018学年 第1学期,78897,体质测量室,0.0,否,,3,2,04,30,0,健美操初级,,第5节-第6节,,00040220A
16.0,400340,健美操初级7,2017100040220A78971,体育课,3,,32,4-18周,0,周娴,4-18周 周四 第1节-第2节 ,0.75,体育部,否,实践类课程,周四,2017-2018-1,,2017100040220A78971,,0,仙林校区,2017-2018学年 第1学期,78971,体质测量室,0.0,否,,3,2,04,30,0,健美操初级,,第1节-第2节,,00040220A
16.0,400340,健美操初级8,2017100040220A78986,体育课,3,,32,4-18周,0,周娴,4-18周 周四 第3节-第4节 ,0.75,体育部,否,实践类课程,周四,2017-2018-1,,2017100040220A78986,,0,仙林校区,2017-2018学年 第1学期,78986,体质测量室,0.0,否,,3,2,04,30,0,健美操初级,,第3节-第4节,,00040220A
16.0,400340,健美操初级9,2017100040220A79003,体育课,3,,32,4-18周,0,周娴,4-18周 周四 第5节-第6节 ,0.75,体育部,否,实践类课程,周四,2017-2018-1,,2017100040220A79003,,0,仙林校区,2017-2018学年 第1学期,79003,体质测量室,0.0,否,,3,2,04,30,0,健美操初级,,第5节-第6节,,00040220A
16.0,400340,健美操初级10,2017100040220A79018,体育课,3,,36,4-18周,0,周娴,4-18周 周五 第1节-第2节 ,0.75,体育部,否,实践类课程,周五,2017-2018-1,,2017100040220A79018,,0,仙林校区,2017-2018学年 第1学期,79018,健美操馆,0.0,否,,3,2,04,30,0,健美操初级,,第1节-第2节,,00040220A
16.0,400340,健美操初级11,2017100040220A79022,体育课,3,,36,4-18周,0,周娴,4-18周 周五 第3节-第4节 ,0.75,体育部,否,实践类课程,周五,2017-2018-1,,2017100040220A79022,,0,仙林校区,2017-2018学年 第1学期,79022,健美操馆,0.0,否,,3,2,04,30,0,健美操初级,,第3节-第4节,,00040220A
16.0,400340,体育舞蹈初级2,2017100040230A78915,体育课,3,,30,4-18周,0,肖鹏,4-18周 周三 第1节-第2节 ,0.75,体育部,否,实践类课程,周三,2017-2018-1,,2017100040230A78915,,0,仙林校区,2017-2018学年 第1学期,78915,主馆阳光房,0.0,否,,3,2,04,30,0,体育舞蹈初级,,第1节-第2节,,00040230A
16.0,400340,体育舞蹈初级3,2017100040230A78929,体育课,3,,30,4-18周,0,肖鹏,4-18周 周三 第3节-第4节 ,0.75,体育部,否,实践类课程,周三,2017-2018-1,,2017100040230A78929,,0,仙林校区,2017-2018学年 第1学期,78929,主馆阳光房,0.0,否,,3,2,04,30,0,体育舞蹈初级,,第3节-第4节,,00040230A
16.0,400340,体育舞蹈初级1,2017100040230A79030,体育课,3,,30,4-18周,0,肖鹏,4-18周 周一 第7节-第8节 ,0.75,体育部,否,实践类课程,周一,2017-2018-1,,2017100040230A79030,,0,仙林校区,2017-2018学年 第1学期,79030,健美操馆,0.0,否,,3,2,04,30,0,体育舞蹈初级,,第7节-第8节,,00040230A
16.0,400340,啦啦操1,201710004024078916,体育课,3,,32,4-18周,0,谭琳,4-18周 周三 第1节-第2节 ,0.75,体育部,否,实践类课程,周三,2017-2018-1,,201710004024078916,,0,仙林校区,2017-2018学年 第1学期,78916,健美操馆,0.0,否,,3,2,04,30,0,啦啦操,,第1节-第2节,,00040240
16.0,400340,啦啦操2,201710004024078930,体育课,3,,32,4-18周,0,谭琳,4-18周 周三 第3节-第4节 ,0.75,体育部,否,实践类课程,周三,2017-2018-1,,201710004024078930,,0,仙林校区,2017-2018学年 第1学期,78930,健美操馆,0.0,否,,3,2,04,30,0,啦啦操,,第3节-第4节,,00040240
16.0,400340,啦啦操3,201710004024078944,体育课,3,,31,4-18周,0,谭琳,4-18周 周三 第5节-第6节 ,0.75,体育部,否,实践类课程,周三,2017-2018-1,,201710004024078944,,0,仙林校区,2017-2018学年 第1学期,78944,健美操馆,0.0,否,,3,2,04,30,0,啦啦操,,第5节-第6节,,00040240
16.0,400340,健身排舞7,201710004026078809,体育课,3,,32,4-18周,0,唐苏丽,4-18周 周四 第7节-第8节 ,0.75,体育部,否,实践类课程,周四,2017-2018-1,,201710004026078809,,0,仙林校区,2017-2018学年 第1学期,78809,体质测量室,0.0,否,,3,2,04,30,0,健身排舞,,第7节-第8节,,00040260
16.0,400340,健身排舞1,201710004026078868,体育课,3,,30,4-18周,0,唐苏丽,4-18周 周二 第1节-第2节 ,0.75,体育部,否,实践类课程,周二,2017-2018-1,,201710004026078868,,0,仙林校区,2017-2018学年 第1学期,78868,健美操馆,0.0,否,,3,2,04,30,0,健身排舞,,第1节-第2节,,00040260
16.0,400340,健身排舞2,201710004026078883,体育课,3,,30,4-18周,0,唐苏丽,4-18周 周二 第3节-第4节 ,0.75,体育部,否,实践类课程,周二,2017-2018-1,,201710004026078883,,0,仙林校区,2017-2018学年 第1学期,78883,健美操馆,0.0,否,,3,2,04,30,0,健身排舞,,第3节-第4节,,00040260
16.0,400340,健身排舞3,201710004026078898,体育课,3,,30,4-18周,0,唐苏丽,4-18周 周二 第5节-第6节 ,0.75,体育部,否,实践类课程,周二,2017-2018-1,,201710004026078898,,0,仙林校区,2017-2018学年 第1学期,78898,健美操馆,0.0,否,,3,2,04,30,0,健身排舞,,第5节-第6节,,00040260
16.0,400340,健身排舞4,201710004026078970,体育课,3,,34,4-18周,0,唐苏丽,4-18周 周四 第1节-第2节 ,0.75,体育部,否,实践类课程,周四,2017-2018-1,,201710004026078970,,0,仙林校区,2017-2018学年 第1学期,78970,健美操馆,0.0,否,,3,2,04,30,0,健身排舞,,第1节-第2节,,00040260
16.0,400340,健身排舞5,201710004026078985,体育课,3,,31,4-18周,0,唐苏丽,4-18周 周四 第3节-第4节 ,0.75,体育部,否,实践类课程,周四,2017-2018-1,,201710004026078985,,0,仙林校区,2017-2018学年 第1学期,78985,健美操馆,0.0,否,,3,2,04,30,0,健身排舞,,第3节-第4节,,00040260
16.0,400340,健身排舞6,201710004026079002,体育课,3,,30,4-18周,0,唐苏丽,4-18周 周四 第5节-第6节 ,0.75,体育部,否,实践类课程,周四,2017-2018-1,,201710004026079002,,0,仙林校区,2017-2018学年 第1学期,79002,健美操馆,0.0,否,,3,2,04,30,0,健身排舞,,第5节-第6节,,00040260
16.0,400340,形体1,2017100040270A78815,体育课,3,,30,4-18周,0,姜艳,4-18周 周一 第1节-第2节 ,0.75,体育部,否,实践类课程,周一,2017-2018-1,,2017100040270A78815,,0,仙林校区,2017-2018学年 第1学期,78815,跆拳道馆,0.0,否,,3,2,04,30,0,形体初级,,第1节-第2节,,00040270A
16.0,400340,形体2,2017100040270A78840,体育课,3,,30,4-18周,0,姜艳,4-18周 周一 第3节-第4节 ,0.75,体育部,否,实践类课程,周一,2017-2018-1,,2017100040270A78840,,0,仙林校区,2017-2018学年 第1学期,78840,跆拳道馆,0.0,否,,3,2,04,30,0,形体初级,,第3节-第4节,,00040270A
16.0,400340,形体3,2017100040270A78855,体育课,3,,30,4-18周,0,姜艳,4-18周 周一 第5节-第6节 ,0.75,体育部,否,实践类课程,周一,2017-2018-1,,2017100040270A78855,,0,仙林校区,2017-2018学年 第1学期,78855,跆拳道馆,0.0,否,,3,2,04,30,0,形体初级,,第5节-第6节,,00040270A
16.0,400340,形体5,2017100040270A78931,体育课,3,,30,4-18周,0,姜艳,4-18周 周三 第3节-第4节 ,0.75,体育部,否,实践类课程,周三,2017-2018-1,,2017100040270A78931,,0,仙林校区,2017-2018学年 第1学期,78931,武术馆,0.0,否,,3,2,04,30,0,形体初级,,第3节-第4节,,00040270A
16.0,400340,形体6,2017100040270A78945,体育课,3,,30,4-18周,0,姜艳,4-18周 周三 第5节-第6节 ,0.75,体育部,否,实践类课程,周三,2017-2018-1,,2017100040270A78945,,0,仙林校区,2017-2018学年 第1学期,78945,武术馆,0.0,否,,3,2,04,30,0,形体初级,,第5节-第6节,,00040270A
16.0,400340,形体4,2017100040270A79025,体育课,3,,30,4-18周,0,姜艳,4-18周 周三 第1节-第2节 ,0.75,体育部,否,实践类课程,周三,2017-2018-1,,2017100040270A79025,,0,仙林校区,2017-2018学年 第1学期,79025,武术馆,0.0,否,,3,2,04,30,0,形体初级,,第1节-第2节,,00040270A
16.0,400340,瑜伽2,2017100040280A78841,体育课,3,,30,4-18周,0,谭琳,4-18周 周一 第3节-第4节 ,0.75,体育部,否,实践类课程,周一,2017-2018-1,,2017100040280A78841,,0,仙林校区,2017-2018学年 第1学期,78841,体质测量室,0.0,否,,3,2,04,30,0,瑜伽初级,,第3节-第4节,,00040280A
16.0,400340,瑜伽3,2017100040280A78856,体育课,3,,30,4-18周,0,谭琳,4-18周 周一 第5节-第6节 ,0.75,体育部,否,实践类课程,周一,2017-2018-1,,2017100040280A78856,,0,仙林校区,2017-2018学年 第1学期,78856,体质测量室,0.0,否,,3,2,04,30,0,瑜伽初级,,第5节-第6节,,00040280A
16.0,400340,瑜伽6,2017100040280A78946,体育课,3,,28,4-18周,0,孙雯,4-18周 周三 第5节-第6节 ,0.75,体育部,否,实践类课程,周三,2017-2018-1,,2017100040280A78946,,0,仙林校区,2017-2018学年 第1学期,78946,体质测量室,0.0,否,,3,2,04,30,0,瑜伽初级,,第5节-第6节,,00040280A
16.0,400340,瑜伽1,2017100040280A79023,体育课,3,,29,4-18周,0,谭琳,4-18周 周一 第1节-第2节 ,0.75,体育部,否,实践类课程,周一,2017-2018-1,,2017100040280A79023,,0,仙林校区,2017-2018学年 第1学期,79023,体质测量室,0.0,否,,3,2,04,30,0,瑜伽初级,,第1节-第2节,,00040280A
16.0,400340,瑜伽4,2017100040280A79026,体育课,3,,29,4-18周,0,孙雯,4-18周 周三 第1节-第2节 ,0.75,体育部,否,实践类课程,周三,2017-2018-1,,2017100040280A79026,,0,仙林校区,2017-2018学年 第1学期,79026,体质测量室,0.0,否,,3,2,04,30,0,瑜伽初级,,第1节-第2节,,00040280A
16.0,400340,瑜伽5,2017100040280A79027,体育课,3,,29,4-18周,0,孙雯,4-18周 周三 第3节-第4节 ,0.75,体育部,否,实践类课程,周三,2017-2018-1,,2017100040280A79027,,0,仙林校区,2017-2018学年 第1学期,79027,体质测量室,0.0,否,,3,2,04,30,0,瑜伽初级,,第3节-第4节,,00040280A
16.0,400340,健美初级7,2017100040290A78805,体育课,3,,32,4-18周,0,王成,4-18周 周二 第7节-第8节 ,0.75,体育部,否,实践类课程,周二,2017-2018-1,,2017100040290A78805,,0,仙林校区,2017-2018学年 第1学期,78805,四组团,0.0,否,,3,2,04,30,0,健美初级,,第7节-第8节,,00040290A
16.0,400340,健美初级1,2017100040290A78812,体育课,3,,27,4-18周,0,李海军,4-18周 周一 第1节-第2节 ,0.75,体育部,否,实践类课程,周一,2017-2018-1,,2017100040290A78812,,0,仙林校区,2017-2018学年 第1学期,78812,四组团,0.0,否,,3,2,04,30,0,健美初级,,第1节-第2节,,00040290A
16.0,400340,健美初级2,2017100040290A78837,体育课,3,,30,4-18周,0,李海军,4-18周 周一 第3节-第4节 ,0.75,体育部,否,实践类课程,周一,2017-2018-1,,2017100040290A78837,,0,仙林校区,2017-2018学年 第1学期,78837,四组团,0.0,否,,3,2,04,30,0,健美初级,,第3节-第4节,,00040290A
16.0,400340,健美初级3,2017100040290A78852,体育课,3,,32,4-18周,0,李海军,4-18周 周一 第5节-第6节 ,0.75,体育部,否,实践类课程,周一,2017-2018-1,,2017100040290A78852,,0,仙林校区,2017-2018学年 第1学期,78852,四组团,0.0,否,,3,2,04,30,0,健美初级,,第5节-第6节,,00040290A
16.0,400340,健美初级4,2017100040290A78869,体育课,3,,30,4-18周,0,王成,4-18周 周二 第1节-第2节 ,0.75,体育部,否,实践类课程,周二,2017-2018-1,,2017100040290A78869,,0,仙林校区,2017-2018学年 第1学期,78869,四组团,0.0,否,,3,2,04,30,0,健美初级,,第1节-第2节,,00040290A
16.0,400340,健美初级5,2017100040290A78884,体育课,3,,31,4-18周,0,王成,4-18周 周二 第3节-第4节 ,0.75,体育部,否,实践类课程,周二,2017-2018-1,,2017100040290A78884,,0,仙林校区,2017-2018学年 第1学期,78884,四组团,0.0,否,,3,2,04,30,0,健美初级,,第3节-第4节,,00040290A
16.0,400340,健美初级6,2017100040290A78899,体育课,3,,30,4-18周,0,王成,4-18周 周二 第5节-第6节 ,0.75,体育部,否,实践类课程,周二,2017-2018-1,,2017100040290A78899,,0,仙林校区,2017-2018学年 第1学期,78899,四组团,0.0,否,,3,2,04,30,0,健美初级,,第5节-第6节,,00040290A
16.0,400340,健美初级8,2017100040290A78911,体育课,3,,30,4-18周,0,李海军,4-18周 周三 第1节-第2节 ,0.75,体育部,否,实践类课程,周三,2017-2018-1,,2017100040290A78911,,0,仙林校区,2017-2018学年 第1学期,78911,四组团,0.0,否,,3,2,04,30,0,健美初级,,第1节-第2节,,00040290A
16.0,400340,健美初级9,2017100040290A78925,体育课,3,,30,4-18周,0,李海军,4-18周 周三 第3节-第4节 ,0.75,体育部,否,实践类课程,周三,2017-2018-1,,2017100040290A78925,,0,仙林校区,2017-2018学年 第1学期,78925,四组团,0.0,否,,3,2,04,30,0,健美初级,,第3节-第4节,,00040290A
16.0,400340,健美初级10,2017100040290A78940,体育课,3,,30,4-18周,0,李海军,4-18周 周三 第5节-第6节 ,0.75,体育部,否,实践类课程,周三,2017-2018-1,,2017100040290A78940,,0,仙林校区,2017-2018学年 第1学期,78940,四组团,0.0,否,,3,2,04,30,0,健美初级,,第5节-第6节,,00040290A
16.0,400340,篮球.斯篮搏4,201710004047078799,体育课,3,,27,4-18周,0,翟一飞,4-18周 周三 第1节-第2节 ,1.0,体育部,否,,周三,2017-2018-1,,201710004047078799,,0,仙林校区,2017-2018学年 第1学期,78799,气膜馆,,否,,,,04,,0,篮球 斯篮搏,,第1节-第2节,,00040470
16.0,400340,篮球.斯篮搏1,201710004047078802,体育课,3,,27,4-18周,0,翟一飞,4-18周 周二 第1节-第2节 ,1.0,体育部,否,,周二,2017-2018-1,,201710004047078802,,0,仙林校区,2017-2018学年 第1学期,78802,气膜馆,,否,,,,04,,0,篮球 斯篮搏,,第1节-第2节,,00040470
16.0,400340,篮球.斯篮搏2,201710004047078803,体育课,3,,25,4-18周,0,翟一飞,4-18周 周二 第3节-第4节 ,1.0,体育部,否,,周二,2017-2018-1,,201710004047078803,,0,仙林校区,2017-2018学年 第1学期,78803,气膜馆,,否,,,,04,,0,篮球 斯篮搏,,第3节-第4节,,00040470
16.0,400340,篮球.斯篮搏3,201710004047078804,体育课,3,,28,4-18周,0,翟一飞,4-18周 周二 第5节-第6节 ,1.0,体育部,否,,周二,2017-2018-1,,201710004047078804,,0,仙林校区,2017-2018学年 第1学期,78804,气膜馆,,否,,,,04,,0,篮球 斯篮搏,,第5节-第6节,,00040470
16.0,400340,篮球.斯篮搏5,201710004047079028,体育课,3,,20,4-18周,0,翟一飞,4-18周 周三 第3节-第4节 ,1.0,体育部,否,,周三,2017-2018-1,,201710004047079028,,0,仙林校区,2017-2018学年 第1学期,79028,气膜馆,,否,,,,04,,0,篮球 斯篮搏,,第3节-第4节,,00040470
16.0,400340,保健课一（乒乓球）中午十二点半上课,201710004101079116,体育课,3,,29,1-17周,0,谢争,1-17周 周一 第7节-第8节 ,0.75,体育部,否,实践类课程,周一,2017-2018-1,,201710004101079116,,0,仙林校区,2017-2018学年 第1学期,79116,乒乓球馆,0.0,否,,3,2,04,30,0,保健课,,第7节-第8节,,00041010
16.0,400340,保健课二（乒乓球）中午十二点半上课,201710004101079117,体育课,3,,12,1-17周,0,李波,1-17周 周二 第7节-第8节 ,0.75,体育部,否,实践类课程,周二,2017-2018-1,,201710004101079117,,0,仙林校区,2017-2018学年 第1学期,79117,乒乓球馆,0.0,否,,3,2,04,30,0,保健课,,第7节-第8节,,00041010
16.0,400340,减脂理论与实践1,201710004202078912,体育课,3,,23,4-18周,0,陈刚,4-18周 周三 第1节-第2节 ,0.75,体育部,否,实践类课程,周三,2017-2018-1,,201710004202078912,,0,仙林校区,2017-2018学年 第1学期,78912,新体育馆2楼,0.0,否,,3,2,04,30,0,减脂理论与实践,,第1节-第2节,,00042020
16.0,400340,减脂理论与实践2,201710004202078926,体育课,3,,24,4-18周,0,陈刚,4-18周 周三 第3节-第4节 ,0.75,体育部,否,实践类课程,周三,2017-2018-1,,201710004202078926,,0,仙林校区,2017-2018学年 第1学期,78926,新体育馆2楼,0.0,否,,3,2,04,30,0,减脂理论与实践,,第3节-第4节,,00042020
16.0,400340,减脂理论与实践3,201710004202078941,体育课,3,,24,4-18周,0,陈刚,4-18周 周三 第5节-第6节 ,0.75,体育部,否,实践类课程,周三,2017-2018-1,,201710004202078941,,0,仙林校区,2017-2018学年 第1学期,78941,新体育馆2楼,0.0,否,,3,2,04,30,0,减脂理论与实践,,第5节-第6节,,00042020
32.0,000000,21世纪的工业工程(20171-00200010-1),201710020001077748,,3,新生研讨课,25,6-13周,0,周跃进,6-13周 周三 第9节-第11节 仙Ⅰ-111,2.0,公共课程,否,理论类课程,周三,2017-2018-1,,201710020001077748,,0,仙林校区,2017-2018学年 第1学期,77748,仙Ⅰ-111,0.0,否,02,1,32,,0,0,21世纪的工业工程,11,第9节-第11节,仙I区,00200010
32.0,000000,波及材料中的波物理(20171-00200030-1),201710020003077803,,3,新生研讨课,30,6-13周,0,"潘永华,王振林,王思慧,彭茹雯,吴小山,祝世宁",6-13周 周二 第9节-第11节 仙Ⅰ-111,2.0,公共课程,否,理论类课程,周二,2017-2018-1,,201710020003077803,,0,仙林校区,2017-2018学年 第1学期,77803,仙Ⅰ-111,0.0,否,02,1,32,,0,0,波及材料中的波物理,11,第9节-第11节,仙I区,00200030
32.0,000000,高科技产品探究(20171-00200090-1),201710020009077460,,3,新生研讨课,20,6-17周,0,"邵栋,李宣东",6-17周 周四 第7节-第8节 ,2.0,公共课程,否,理论类课程,周四,2017-2018-1,,201710020009077460,,0,仙林校区,2017-2018学年 第1学期,77460,实验楼丙524,0.0,否,02,1,24,,0,0,高科技产品探究,,第7节-第8节,,00200090
32.0,000000,全球变化与气候(20171-00200230-1),201710020023077577,,3,新生研讨课,30,6-13周,0,任雪娟,6-13周 周五 第9节-第11节 仙Ⅰ-112,2.0,公共课程,否,理论+实践课程,周五,2017-2018-1,,201710020023077577,,0,仙林校区,2017-2018学年 第1学期,77577,仙Ⅰ-112,0.0,否,02,5,21,,3,0,全球变化与气候,11,第9节-第11节,仙I区,00200230
32.0,000000,全球化与中国旅游业——旅游学研讨(20171-00200250-1),201710020025077760,,3,新生研讨课,30,6-17周,0,张捷,6-17周 周四 第7节-第8节 仙Ⅰ-112,2.0,公共课程,否,理论类课程,周四,2017-2018-1,,201710020025077760,,0,仙林校区,2017-2018学年 第1学期,77760,仙Ⅰ-112,0.0,否,02,1,32,,0,0,全球化与中国旅游业——旅游学研讨,11,第7节-第8节,仙I区,00200250
32.0,000000,生活中的经济学(20171-00200310-1),201710020031077752,,3,新生研讨课,30,6-13周,0,武志伟,6-13周 周一 第9节-第11节 仙Ⅰ-111,2.0,公共课程,否,理论类课程,周一,2017-2018-1,,201710020031077752,,0,仙林校区,2017-2018学年 第1学期,77752,仙Ⅰ-111,0.0,否,02,1,32,,0,0,生活中的经济学,11,第9节-第11节,仙I区,00200310
32.0,000000,数论探究(20171-00200320-1),201710020032078678,,3,新生研讨课,42,6-13周,0,秦厚荣,6-13周 周二 第9节-第11节 仙Ⅱ-305,2.0,公共课程,否,理论类课程,周二,2017-2018-1,,201710020032078678,,0,仙林校区,2017-2018学年 第1学期,78678,仙Ⅱ-305,0.0,否,02,1,32,,0,0,数论探究,12,第9节-第11节,仙II区,00200320
32.0,000000,土地资源、资产与地理学(20171-00200360-1),201710020036078340,,3,新生研讨课,25,6-13周,0,周寅康,6-13周 周一 第9节-第11节 仙Ⅰ-209,2.0,公共课程,否,理论类课程,周一,2017-2018-1,,201710020036078340,,0,仙林校区,2017-2018学年 第1学期,78340,仙Ⅰ-209,0.0,否,02,1,32,,0,0,土地资源、资产与地理学,11,第9节-第11节,仙I区,00200360
32.0,000000,物理生物学(20171-00200400-1),201710020040077806,,3,新生研讨课,39,6-13周,0,"秦猛,王炜,曹毅",6-13周 周四 第9节-第11节 仙Ⅰ-111,2.0,公共课程,否,理论类课程,周四,2017-2018-1,,201710020040077806,,0,仙林校区,2017-2018学年 第1学期,77806,仙Ⅰ-111,0.0,否,02,1,32,,0,0,物理生物学,11,第9节-第11节,仙I区,00200400
32.0,000000,信息化时代的控制(20171-00200440-1),201710020044077749,,3,新生研讨课,20,6-17周,0,周献中,6-17周 周四 第7节-第8节 仙Ⅰ-113,2.0,公共课程,否,理论类课程,周四,2017-2018-1,,201710020044077749,,0,仙林校区,2017-2018学年 第1学期,77749,仙Ⅰ-113,0.0,否,02,1,32,,0,0,信息化时代的控制,11,第7节-第8节,仙I区,00200440
32.0,000000,研究入门：规范与创新(20171-00200470-1),201710020047077392,,3,新生研讨课,30,6-17周,0,叶继元,6-17周 周二 第7节-第8节 仙Ⅰ-111,2.0,公共课程,否,理论类课程,周二,2017-2018-1,,201710020047077392,,0,仙林校区,2017-2018学年 第1学期,77392,仙Ⅰ-111,0.0,否,02,1,32,,0,0,研究入门：规范与创新,11,第7节-第8节,仙I区,00200470
32.0,000000,走进光电世界(20171-00200530-1),201710020053077764,,3,新生研讨课,16,6-18周(双),0,张旭苹,6-18周(双) 周三 第9节-第11节 仙Ⅰ-113,2.0,公共课程,否,理论类课程,周三,2017-2018-1,,201710020053077764,,0,仙林校区,2017-2018学年 第1学期,77764,仙Ⅰ-113,0.0,否,02,1,32,,0,0,走进光电世界,11,第9节-第11节,仙I区,00200530
32.0,000000,城市化与地质环境(20171-00200600-1),201710020060078395,,3,新生研讨课,30,6-13周,0,施斌,6-13周 周一 第9节-第11节 仙Ⅰ-214,2.0,公共课程,否,理论类课程,周一,2017-2018-1,,201710020060078395,,0,仙林校区,2017-2018学年 第1学期,78395,仙Ⅰ-214,0.0,否,02,1,24,,0,0,城市化与地质环境,11,第9节-第11节,仙I区,00200600
32.0,000000,化学与材料(20171-00200640-1),201710020064077371,,3,新生研讨课,30,6-17周,0,"朱俊杰,左景林,杜红宾",6-17周 周二 第7节-第8节 仙Ⅰ-112,2.0,公共课程,否,理论类课程,周二,2017-2018-1,,201710020064077371,,0,仙林校区,2017-2018学年 第1学期,77371,仙Ⅰ-112,0.0,否,02,1,24,,0,0,化学与材料,11,第7节-第8节,仙I区,00200640
32.0,000000,能源与化学(20171-00200650-1),201710020065077372,,3,新生研讨课,30,6-13周,0,"杨立军,胡征",6-13周 周二 第9节-第11节 仙Ⅰ-112,2.0,公共课程,否,理论类课程,周二,2017-2018-1,,201710020065077372,,0,仙林校区,2017-2018学年 第1学期,77372,仙Ⅰ-112,0.0,否,02,1,24,,0,0,能源与化学,11,第9节-第11节,仙I区,00200650
32.0,000000,化学与环境(20171-00200660-1),201710020066077373,,3,新生研讨课,24,6-17周,0,"毕树平,董林,范以宁",6-17周 周三 第9节-第10节 仙Ⅰ-114,2.0,公共课程,否,理论类课程,周三,2017-2018-1,,201710020066077373,,0,仙林校区,2017-2018学年 第1学期,77373,仙Ⅰ-114,0.0,否,02,1,24,,0,0,化学与环境,11,第9节-第10节,仙I区,00200660
32.0,000000,太赫兹科学与技术(20171-00200720-1),201710020072077363,,3,新生研讨课,29,6-13周,0,"许伟伟,金飚兵,康琳,吴培亨,陈健",6-13周 周二 第5节-第7节 仙Ⅰ-113,2.0,公共课程,否,理论类课程,周二,2017-2018-1,,201710020072077363,,0,仙林校区,2017-2018学年 第1学期,77363,仙Ⅰ-113,0.0,否,02,1,32,,0,0,太赫兹科学与技术,11,第5节-第7节,仙I区,00200720
32.0,000000,现代城市生态与环境学(20171-00200740-1),201710020074077762,,3,新生研讨课,30,6-13周,0,李建龙,6-13周 周一 第9节-第11节 仙Ⅰ-115,2.0,公共课程,否,理论+实践课程,周一,2017-2018-1,,201710020074077762,,0,仙林校区,2017-2018学年 第1学期,77762,仙Ⅰ-115,0.0,否,02,5,26,,6,0,现代城市生态与环境学,11,第9节-第11节,仙I区,00200740
32.0,000000,电影艺术方法(20171-00200780-1),201710020078077881,,3,新生研讨课,30,6-13周,0,周安华,6-13周 周二 第9节-第11节 仙Ⅰ-113,2.0,公共课程,否,理论类课程,周二,2017-2018-1,,201710020078077881,,0,仙林校区,2017-2018学年 第1学期,77881,仙Ⅰ-113,0.0,否,02,1,32,,0,0,电影艺术方法,11,第9节-第11节,仙I区,00200780
32.0,000000,更丰盛的生命(20171-00201010-1),201710020101077774,,3,新生研讨课,30,6-13周,0,魏继武,6-13周 周二 第9节-第11节 仙Ⅰ-114,2.0,公共课程,否,理论+实践课程,周二,2017-2018-1,,201710020101077774,,0,仙林校区,2017-2018学年 第1学期,77774,仙Ⅰ-114,0.0,否,02,5,8,,16,0,更丰盛的生命,11,第9节-第11节,仙I区,00201010
32.0,000000,法律的故事(20171-00201080-1),201710020108077404,,3,新生研讨课,30,6-13周,0,张仁善,6-13周 周三 第9节-第11节 仙Ⅰ-116,2.0,公共课程,否,理论类课程,周三,2017-2018-1,,201710020108077404,,0,仙林校区,2017-2018学年 第1学期,77404,仙Ⅰ-116,0.0,否,02,1,32,,0,0,法律的故事,11,第9节-第11节,仙I区,00201080
32.0,000000,影视中的法律世界(20171-00201090-1),201710020109077406,,3,新生研讨课,30,6-17周,0,吴英姿,6-17周 周二 第9节-第10节 仙Ⅰ-116,2.0,公共课程,否,理论类课程,周二,2017-2018-1,,201710020109077406,,0,仙林校区,2017-2018学年 第1学期,77406,仙Ⅰ-116,0.0,否,02,1,32,,0,0,影视中的法律世界,11,第9节-第10节,仙I区,00201090
32.0,000000,世界文明演进的历史及其反思(20171-00201130-1),201710020113077393,,3,新生研讨课,30,6-17周,0,于文杰,6-17周 周三 第7节-第8节 仙Ⅰ-111,2.0,公共课程,否,理论类课程,周三,2017-2018-1,,201710020113077393,,0,仙林校区,2017-2018学年 第1学期,77393,仙Ⅰ-111,0.0,否,02,1,32,,0,0,世界文明演进的历史及其反思,11,第7节-第8节,仙I区,00201130
32.0,000000,“诗与思”：德语近现代人文经典阅读(20171-00201170-1),201710020117078092,,3,新生研讨课,30,6-13周,0,"卢盛舟,陈民,钦文",6-13周 周四 第9节-第11节 仙Ⅰ-113,2.0,公共课程,否,理论类课程,周四,2017-2018-1,,201710020117078092,,0,仙林校区,2017-2018学年 第1学期,78092,仙Ⅰ-113,0.0,否,02,1,32,,0,0,“诗与思”：德语近现代人文经典阅读,11,第9节-第11节,仙I区,00201170
32.0,000000,新能源科学与技术(20171-00201230-1),201710020123077765,,3,新生研讨课,30,6-17周,0,"邹志刚,刘建国,于振涛,闫世成,周勇",6-17周 周三 第7节-第8节 仙Ⅰ-112,2.0,公共课程,否,理论类课程,周三,2017-2018-1,,201710020123077765,,0,仙林校区,2017-2018学年 第1学期,77765,仙Ⅰ-112,0.0,否,02,1,32,,0,0,新能源科学与技术,11,第7节-第8节,仙I区,00201230
32.0,000000,IT与国防现代化(20171-00201260-1),201710020126077364,,3,新生研讨课,26,6-13周,0,张兴敢,6-13周 周四 第9节-第11节 仙Ⅰ-114,2.0,公共课程,否,理论类课程,周四,2017-2018-1,,201710020126077364,,0,仙林校区,2017-2018学年 第1学期,77364,仙Ⅰ-114,0.0,否,02,1,32,,0,0,IT与国防现代化,11,第9节-第11节,仙I区,00201260
32.0,000000,南大逸事(20171-00201270-1),201710020127077412,,3,新生研讨课,30,6-17周,0,王运来,6-17周 周五 第7节-第8节 仙Ⅰ-111,2.0,公共课程,否,理论类课程,周五,2017-2018-1,,201710020127077412,,0,仙林校区,2017-2018学年 第1学期,77412,仙Ⅰ-111,0.0,否,02,1,24,,0,0,南大逸事,11,第7节-第8节,仙I区,00201270
32.0,000000,竞争情报理论与实务(20171-00201280-1),201710020128077070,,3,新生研讨课,25,6-13周,0,"宋继伟,邵波",6-13周 周二 第9节-第11节 仙Ⅰ-117,2.0,公共课程,否,理论类课程,周二,2017-2018-1,,201710020128077070,,0,仙林校区,2017-2018学年 第1学期,77070,仙Ⅰ-117,0.0,否,02,1,24,,0,0,竞争情报理论与实务,11,第9节-第11节,仙I区,00201280
32.0,000000,化学，生物学与新药发现(20171-00201320-1),201710020132077763,,3,新生研讨课,30,6-17周,0,张峻峰,6-17周 周二 第7节-第8节 仙Ⅰ-114,2.0,公共课程,否,理论类课程,周二,2017-2018-1,,201710020132077763,,0,仙林校区,2017-2018学年 第1学期,77763,仙Ⅰ-114,0.0,否,02,1,32,,0,0,化学，生物学与新药发现,11,第7节-第8节,仙I区,00201320
32.0,000000,语言科学与艺术(20171-00201330-1),201710020133078094,,3,新生研讨课,25,6-13周,0,"陈新仁,张翼",6-13周 周二 第9节-第11节 仙Ⅰ-209,2.0,公共课程,否,理论类课程,周二,2017-2018-1,,201710020133078094,,0,仙林校区,2017-2018学年 第1学期,78094,仙Ⅰ-209,0.0,否,02,1,24,,0,0,语言科学与艺术,11,第9节-第11节,仙I区,00201330
32.0,000000,视觉解读——理论与方法(20171-00201370-1),201710020137077411,,3,新生研讨课,30,6-17周,0,韩丛耀,6-17周 周四 第7节-第8节 仙Ⅰ-114,2.0,公共课程,否,理论类课程,周四,2017-2018-1,,201710020137077411,,0,仙林校区,2017-2018学年 第1学期,77411,仙Ⅰ-114,0.0,否,02,1,32,,0,0,视觉解读——理论与方法,11,第7节-第8节,仙I区,00201370
32.0,000000,互联网商务金库的密钥——电子商务实务(20171-00201380-1),201710020138077306,,3,新生研讨课,30,6-13周,0,袁勤俭,6-13周 周三 第9节-第11节 仙Ⅰ-209,2.0,公共课程,否,理论类课程,周三,2017-2018-1,,201710020138077306,,0,仙林校区,2017-2018学年 第1学期,77306,仙Ⅰ-209,0.0,否,02,1,24,,0,0,互联网商务金库的密钥——电子商务实务,11,第9节-第11节,仙I区,00201380
32.0,000000,遗传密码——认识自我和生命(20171-00201400-1),201710020140077775,,3,新生研讨课,26,6-13周,0,李宽钰,6-13周 周一 第9节-第11节 仙Ⅰ-113,2.0,公共课程,否,理论+实践课程,周一,2017-2018-1,,201710020140077775,,0,仙林校区,2017-2018学年 第1学期,77775,仙Ⅰ-113,0.0,否,02,5,21,,3,0,遗传密码——认识自我和生命,11,第9节-第11节,仙I区,00201400
32.0,000000,创作方法与创新思维(20171-00201410-1),201710020141077886,,3,新生研讨课,20,6-17周,0,康尔,6-17周 周二 第7节-第8节 仙Ⅰ-116,2.0,公共课程,否,理论类课程,周二,2017-2018-1,,201710020141077886,,0,仙林校区,2017-2018学年 第1学期,77886,仙Ⅰ-116,0.0,否,02,1,32,,0,0,创作方法与创新思维,11,第7节-第8节,仙I区,00201410
32.0,000000,想象力：教育与社会(20171-00201550-1),201710020155077403,,3,新生研讨课,20,9-16周,0,贺晓星,9-16周 周二 第9节-第11节 仙Ⅰ-210,2.0,公共课程,否,理论类课程,周二,2017-2018-1,,201710020155077403,,0,仙林校区,2017-2018学年 第1学期,77403,仙Ⅰ-210,0.0,否,02,1,32,,0,0,想象力：教育与社会,11,第9节-第11节,仙I区,00201550
32.0,000000,空气污染:从局地到全球(20171-00201630-1),201710020163077578,,3,新生研讨课,30,6-13周,0,丁爱军,6-13周 周四 第9节-第11节 仙Ⅰ-116,2.0,公共课程,否,理论类课程,周四,2017-2018-1,,201710020163077578,,0,仙林校区,2017-2018学年 第1学期,77578,仙Ⅰ-116,0.0,否,02,1,24,,0,0,空气污染:从局地到全球,11,第9节-第11节,仙I区,00201630
32.0,000000,《国富论》的历史解读(20171-00201670-1),201710020167077398,,3,新生研讨课,29,6-13周,0,舒小昀,6-13周 周一 第9节-第11节 仙Ⅰ-114,2.0,公共课程,否,理论类课程,周一,2017-2018-1,,201710020167077398,,0,仙林校区,2017-2018学年 第1学期,77398,仙Ⅰ-114,0.0,否,02,1,32,,0,0,《国富论》的历史解读,11,第9节-第11节,仙I区,00201670
32.0,000000,语言文字与人类文明(20171-00201680-1),201710020168077826,,3,新生研讨课,19,6-13周,0,陈立中,6-13周 周三 第9节-第11节 仙Ⅰ-210,2.0,公共课程,否,理论类课程,周三,2017-2018-1,,201710020168077826,,0,仙林校区,2017-2018学年 第1学期,77826,仙Ⅰ-210,0.0,否,02,1,32,,0,0,语言文字与人类文明,11,第9节-第11节,仙I区,00201680
32.0,000000,人与城市(20171-00201740-1),201710020174077418,,3,新生研讨课,30,6-17周,0,胡大平,6-17周 周二 第7节-第8节 仙Ⅰ-210,2.0,公共课程,否,理论类课程,周二,2017-2018-1,,201710020174077418,,0,仙林校区,2017-2018学年 第1学期,77418,仙Ⅰ-210,0.0,否,02,1,32,,0,0,人与城市,11,第7节-第8节,仙I区,00201740
32.0,000000,奇妙的声音(20171-00201780-1),201710020178077809,,3,新生研讨课,30,6-13周,0,章东,6-13周 周四 第9节-第11节 仙Ⅰ-117,2.0,公共课程,否,理论类课程,周四,2017-2018-1,,201710020178077809,,0,仙林校区,2017-2018学年 第1学期,77809,仙Ⅰ-117,0.0,否,02,1,32,,0,0,奇妙的声音,11,第9节-第11节,仙I区,00201780
32.0,000000,走进量子世界(20171-00201800-1),201710020180077810,,3,新生研讨课,30,6-13周,0,沈瑞,6-13周 周四 第9节-第11节 仙Ⅰ-112,2.0,公共课程,否,理论类课程,周四,2017-2018-1,,201710020180077810,,0,仙林校区,2017-2018学年 第1学期,77810,仙Ⅰ-112,0.0,否,02,1,32,,0,0,走进量子世界,11,第9节-第11节,仙I区,00201800
32.0,000000,中外新闻名家选讲(20171-00201810-1),201710020181077410,,3,新生研讨课,30,6-17周,0,邓利平,6-17周 周三 第7节-第8节 仙Ⅰ-117,2.0,公共课程,否,理论类课程,周三,2017-2018-1,,201710020181077410,,0,仙林校区,2017-2018学年 第1学期,77410,仙Ⅰ-117,0.0,否,02,1,24,,0,0,中外新闻名家选讲,11,第7节-第8节,仙I区,00201810
32.0,000000,人体探索(20171-00201830-1),201710020183077778,,3,新生研讨课,65,6-13周,0,朱亚文,6-13周 周三 第9节-第11节 ,2.0,公共课程,否,理论+实践课程,周三,2017-2018-1,,201710020183077778,,0,仙林校区,2017-2018学年 第1学期,77778,仙林基础医学教学中心118,0.0,否,02,5,21,,3,0,人体探索,,第9节-第11节,,00201830
32.0,000000,汉字研究的创新与实践(20171-00201860-1),201710020186077827,,3,新生研讨课,30,6-17周,0,周同科,6-17周 周一 第9节-第10节 仙Ⅰ-116,2.0,公共课程,否,理论类课程,周一,2017-2018-1,,201710020186077827,,0,仙林校区,2017-2018学年 第1学期,77827,仙Ⅰ-116,0.0,否,02,1,24,,0,0,汉字研究的创新与实践,11,第9节-第10节,仙I区,00201860
32.0,000000,中国近代史文献评介与阅读(20171-00201870-1),201710020187077399,,3,新生研讨课,30,6-13周,0,李玉,6-13周 周二 第9节-第11节 仙Ⅰ-214,2.0,公共课程,否,理论类课程,周二,2017-2018-1,,201710020187077399,,0,仙林校区,2017-2018学年 第1学期,77399,仙Ⅰ-214,0.0,否,02,1,32,,0,0,中国近代史文献评介与阅读,11,第9节-第11节,仙I区,00201870
32.0,000000,欧洲近现代史专题(20171-00201880-1),201710020188077400,,3,新生研讨课,30,6-13周,0,刘成,6-13周 周三 第9节-第11节 仙Ⅰ-214,2.0,公共课程,否,理论类课程,周三,2017-2018-1,,201710020188077400,,0,仙林校区,2017-2018学年 第1学期,77400,仙Ⅰ-214,0.0,否,02,1,32,,0,0,和平学视域下的欧洲近现代史,11,第9节-第11节,仙I区,00201880
32.0,000000,向往未来——人类的航天活动(20171-00201900-1),201710020190077409,,3,新生研讨课,30,6-17周,0,徐波,6-17周 周一 第9节-第10节 仙Ⅰ-117,2.0,公共课程,否,理论类课程,周一,2017-2018-1,,201710020190077409,,0,仙林校区,2017-2018学年 第1学期,77409,仙Ⅰ-117,0.0,否,02,1,32,,0,0,向往未来——人类的航天活动,11,第9节-第10节,仙I区,00201900
32.0,000000,英美短篇小说研究(20171-00201910-1),201710020191078096,,3,新生研讨课,30,6-17周,0,陈兵,6-17周 周二 第7节-第8节 仙Ⅰ-316,2.0,公共课程,否,理论类课程,周二,2017-2018-1,,201710020191078096,,0,仙林校区,2017-2018学年 第1学期,78096,仙Ⅰ-316,0.0,否,02,1,24,,0,0,英美短篇小说研究,11,第7节-第8节,仙I区,00201910
32.0,000000,新工科：技术，社会，人生(20171-00201940-1),201710020194077766,,3,新生研讨课,30,6-13周,0,"朱嘉,聂书明,张伟华",6-13周 周四 第9节-第11节 仙Ⅰ-209,2.0,公共课程,否,理论类课程,周四,2017-2018-1,,201710020194077766,,0,仙林校区,2017-2018学年 第1学期,77766,仙Ⅰ-209,0.0,否,02,1,32,,0,0,新工科：技术，社会，人生,11,第9节-第11节,仙I区,00201940
32.0,000000,环境污染与健康(20171-00201950-1),201710020195077385,,3,新生研讨课,30,6-17周,0,季荣,6-17周 周一 第7节-第8节 仙Ⅰ-112,2.0,公共课程,否,理论+实验课程,周一,2017-2018-1,,201710020195077385,,0,仙林校区,2017-2018学年 第1学期,77385,仙Ⅰ-112,2.0,否,02,6,22,,0,0,环境污染与健康,11,第7节-第8节,仙I区,00201950
32.0,000000,防患于未然——疾病的预防与健康(20171-00201970-1),201710020197077782,,3,新生研讨课,29,6-13周,0,"王宏伟,陈惠君",6-13周 周四 第9节-第11节 仙Ⅰ-210,2.0,公共课程,否,理论类课程,周四,2017-2018-1,,201710020197077782,,0,仙林校区,2017-2018学年 第1学期,77782,仙Ⅰ-210,0.0,否,02,1,32,,0,0,防患于未然——疾病的预防与健康,11,第9节-第11节,仙I区,00201970
32.0,000000,大气雾霾污染与健康(20171-00202030-1),201710020203077386,,3,新生研讨课,30,6-17周,0,高士祥,6-17周 周二 第7节-第8节 仙Ⅰ-323,2.0,公共课程,否,理论+实践课程,周二,2017-2018-1,,201710020203077386,,0,仙林校区,2017-2018学年 第1学期,77386,仙Ⅰ-323,0.0,否,02,5,12,,12,0,大气雾霾污染与健康,11,第7节-第8节,仙I区,00202030
32.0,000000,遗传与癌症—不尽的奥秘(20171-00202040-1),201710020204077783,,3,新生研讨课,30,6-13周,0,王亚平,6-13周 周三 第9节-第11节 仙Ⅰ-215,2.0,公共课程,否,理论类课程,周三,2017-2018-1,,201710020204077783,,0,仙林校区,2017-2018学年 第1学期,77783,仙Ⅰ-215,0.0,否,02,1,30,,0,0,遗传与癌症—不尽的奥秘,11,第9节-第11节,仙I区,00202040
32.0,000000,不确定世界中的决策行为(20171-00202060-1),201710020206077751,,3,新生研讨课,30,6-13周,0,"俞红海,李娟,周晶",6-13周 周二 第9节-第11节 仙Ⅰ-215,2.0,公共课程,否,理论类课程,周二,2017-2018-1,,201710020206077751,,0,仙林校区,2017-2018学年 第1学期,77751,仙Ⅰ-215,0.0,否,02,1,32,,0,0,不确定世界中的决策行为,11,第9节-第11节,仙I区,00202060
32.0,000000,地表双雄：生物和矿物(20171-00202070-1),201710020207078396,,3,新生研讨课,30,6-17周,0,"王睿勇,陆现彩",6-17周 周一 第9节-第10节 仙Ⅰ-210,2.0,公共课程,否,理论类课程,周一,2017-2018-1,,201710020207078396,,0,仙林校区,2017-2018学年 第1学期,78396,仙Ⅰ-210,0.0,否,02,1,32,,0,0,地表双雄：生物和矿物,11,第9节-第10节,仙I区,00202070
32.0,000000,档案里的文学、历史与哲学(20171-00202080-1),201710020208077401,,3,新生研讨课,30,6-13周,0,曹大臣,6-13周 周二 第9节-第11节 仙Ⅰ-315,2.0,公共课程,否,理论+实践课程,周二,2017-2018-1,,201710020208077401,,0,仙林校区,2017-2018学年 第1学期,77401,仙Ⅰ-315,0.0,否,02,5,30,,2,0,档案里的文学、历史与哲学,11,第9节-第11节,仙I区,00202080
32.0,000000,二十世纪中美文化交往诸问题(20171-00202090-1),201710020209077402,,3,新生研讨课,30,6-17周,0,胡成,6-17周 周四 第9节-第10节 仙Ⅰ-211,2.0,公共课程,否,理论类课程,周四,2017-2018-1,,201710020209077402,,0,仙林校区,2017-2018学年 第1学期,77402,仙Ⅰ-211,0.0,否,02,1,32,,0,0,二十世纪中美文化交往诸问题,11,第9节-第10节,仙I区,00202090
32.0,000000,西方文明中的修辞与政治(20171-00202110-1),201710020211078097,,3,新生研讨课,30,6-13周,0,张翼,6-13周 周四 第9节-第11节 仙Ⅰ-214,2.0,公共课程,否,理论类课程,周四,2017-2018-1,,201710020211078097,,0,仙林校区,2017-2018学年 第1学期,78097,仙Ⅰ-214,0.0,否,02,1,24,,0,0,西方文明中的修辞与政治,11,第9节-第11节,仙I区,00202110
32.0,000000,硅基纳米光电、能源材料与器件应用(20171-00202140-1),201710020214077365,,3,新生研讨课,20,6-17周,0,"徐骏,余林蔚",6-17周 周三 第7节-第8节 仙Ⅰ-113,2.0,公共课程,否,理论类课程,周三,2017-2018-1,,201710020214077365,,0,仙林校区,2017-2018学年 第1学期,77365,仙Ⅰ-113,0.0,否,02,1,32,,0,0,硅基纳米光电、能源材料与器件应用,11,第7节-第8节,仙I区,00202140
32.0,000000,环境治理中的绿色化学材料(20171-00202150-1),201710020215077387,,3,新生研讨课,30,6-17周,0,杨琥,6-17周 周三 第7节-第8节 仙Ⅰ-114,2.0,公共课程,否,理论+实验课程,周三,2017-2018-1,,201710020215077387,,0,仙林校区,2017-2018学年 第1学期,77387,仙Ⅰ-114,0.0,否,02,6,18,,6,0,环境治理中的绿色化学材料,11,第7节-第8节,仙I区,00202150
32.0,000000,成像技术的奥妙(20171-00202170-1),201710020217077366,,3,新生研讨课,30,6-17周,0,闫锋,6-17周 周一 第7节-第8节 仙Ⅰ-114,2.0,公共课程,否,理论类课程,周一,2017-2018-1,,201710020217077366,,0,仙林校区,2017-2018学年 第1学期,77366,仙Ⅰ-114,0.0,否,02,1,32,,0,0,成像世界的奇境,11,第7节-第8节,仙I区,00202170
32.0,000000,“声”入人心：英语语音、信息与有效的国际间交际(20171-00202180-1),201710020218078286,,3,新生研讨课,25,4-15周,0,陈桦,4-15周 周二 第9节-第10节 ,2.0,公共课程,否,理论+实践课程,周二,2017-2018-1,,201710020218078286,,0,仙林校区,2017-2018学年 第1学期,78286,仙1-414,0.0,否,02,5,28,,4,0,“声”入人心：英语语音、信息与有效的国际间交际,,第9节-第10节,,00202180
32.0,000000,分子考古学:揭开史前文明的奥秘(20171-00202200-1),201710020220078397,,3,新生研讨课,30,6-17周,0,"曹剑,周斌",6-17周 周二 第9节-第10节 仙Ⅰ-322,2.0,公共课程,否,理论类课程,周二,2017-2018-1,,201710020220078397,,0,仙林校区,2017-2018学年 第1学期,78397,仙Ⅰ-322,0.0,否,02,1,24,,0,0,分子考古学:揭开史前文明的奥秘,11,第9节-第10节,仙I区,00202200
32.0,000000,自然科学进展与医学(20171-00202220-1),201710020222077788,,3,新生研讨课,30,6-13周,0,李尔广,6-13周 周三 第9节-第11节 仙Ⅰ-315,2.0,公共课程,否,理论类课程,周三,2017-2018-1,,201710020222077788,,0,仙林校区,2017-2018学年 第1学期,77788,仙Ⅰ-315,0.0,否,02,1,24,,0,0,自然科学进展与医学,11,第9节-第11节,仙I区,00202220
32.0,000000,宗教文化与人生(20171-00310010-1),201710031001077407,,3,通识课,196,2-17周,0,"陈林,周群,傅新毅",2-17周 周二 第7节-第8节 仙Ⅰ-106,2.0,公共课程,否,理论类课程,周二,2017-2018-1,,201710031001077407,,0,仙林校区,2017-2018学年 第1学期,77407,仙Ⅰ-106,0.0,否,01,1,32,,0,0,宗教文化与人生,11,第7节-第8节,仙I区,00310010
32.0,000000,汉语汉字与中华文明的产生、传承与发展(20171-00310020-1),201710031002077828,,3,通识课,194,2-17周,0,陈立中,2-17周 周三 第7节-第8节 仙Ⅰ-320,2.0,公共课程,否,理论类课程,周三,2017-2018-1,,201710031002077828,,0,仙林校区,2017-2018学年 第1学期,77828,仙Ⅰ-320,0.0,否,01,1,32,,0,0,汉语汉字与中华文明的产生、传承与发展,11,第7节-第8节,仙I区,00310020
32.0,000000,中国近代政治与外交(20171-00310030-1),201710031003077854,,3,通识课,0,,0,,,2.0,公共课程,否,理论类课程,,2017-2018-1,,201710031003077854,,0,仙林校区,2017-2018学年 第1学期,77854,,0.0,否,01,1,32,,0,0,中国近代政治与外交,,,,00310030
32.0,000000,二十世纪中国思想文化的历史演进(20171-00310080-1),201710031008077856,,3,通识课,196,2-17周,0,申晓云,2-17周 周四 第9节-第10节 仙Ⅰ-207,2.0,公共课程,否,理论类课程,周四,2017-2018-1,,201710031008077856,,0,仙林校区,2017-2018学年 第1学期,77856,仙Ⅰ-207,0.0,否,01,1,32,,0,0,二十世纪中国思想文化的历史演进,11,第9节-第10节,仙I区,00310080
32.0,000000,现代化与世界文明(20171-00320010-1),201710032001077857,,3,通识课,196,2-12周,0,刘金源,2-12周 周三 第9节-第11节 仙Ⅰ-107,2.0,公共课程,否,理论类课程,周三,2017-2018-1,,201710032001077857,,0,仙林校区,2017-2018学年 第1学期,77857,仙Ⅰ-107,0.0,否,01,1,32,,0,0,现代化与世界文明,11,第9节-第11节,仙I区,00320010
32.0,000000,世界古代文明(20171-00320020-1),201710032002077859,,3,通识课,195,2-17周,0,陈仲丹,2-17周 周一 第9节-第10节 仙Ⅰ-107,2.0,公共课程,否,理论类课程,周一,2017-2018-1,,201710032002077859,,0,仙林校区,2017-2018学年 第1学期,77859,仙Ⅰ-107,0.0,否,01,1,32,,0,0,世界古代文明,11,第9节-第10节,仙I区,00320020
32.0,000000,世界中古文明(20171-00320050-1),201710032005077861,,3,通识课,198,2-17周,0,陈仲丹,2-17周 周二 第9节-第10节 仙Ⅰ-107,2.0,公共课程,否,理论类课程,周二,2017-2018-1,,201710032005077861,,0,仙林校区,2017-2018学年 第1学期,77861,仙Ⅰ-107,0.0,否,01,1,32,,0,0,世界中古文明,11,第9节-第10节,仙I区,00320050
32.0,000000,世界近现代史通论(20171-00320060-1),201710032006077862,,3,通识课,196,2-12周,0,刘成,2-12周 周一 第9节-第11节 仙Ⅰ-320,2.0,公共课程,否,理论类课程,周一,2017-2018-1,,201710032006077862,,0,仙林校区,2017-2018学年 第1学期,77862,仙Ⅰ-320,0.0,否,01,1,32,,0,0,世界近现代史通论,11,第9节-第11节,仙I区,00320060
32.0,000000,世界早期近代文明(20171-00320070-1),201710032007077864,,3,通识课,195,2-17周,0,陈仲丹,2-17周 周三 第9节-第10节 仙Ⅰ-207,2.0,公共课程,否,理论类课程,周三,2017-2018-1,,201710032007077864,,0,仙林校区,2017-2018学年 第1学期,77864,仙Ⅰ-207,0.0,否,01,1,32,,0,0,世界早期近代文明,11,第9节-第10节,仙I区,00320070
32.0,000000,疾病、身体与现代性(20171-00320120-1),201710032012077390,,3,通识课,134,2-17周,0,胡成,2-17周 周三 第9节-第10节 仙Ⅰ-320,2.0,公共课程,否,理论类课程,周三,2017-2018-1,,201710032012077390,,0,仙林校区,2017-2018学年 第1学期,77390,仙Ⅰ-320,0.0,否,01,1,32,,0,0,疾病、身体与现代性,11,第9节-第10节,仙I区,00320120
32.0,000000,战争与和平：近现代中日关系(20171-00321580-1),201710032158077391,,3,通识课,198,2-17周,0,曹大臣,2-17周 周四 第7节-第8节 仙Ⅰ-320,2.0,公共课程,否,理论类课程,周四,2017-2018-1,,201710032158077391,,0,仙林校区,2017-2018学年 第1学期,77391,仙Ⅰ-320,0.0,否,01,1,32,,0,0,战争与和平：近现代中日关系,11,第7节-第8节,仙I区,00321580
32.0,000000,犹太文明：在传统与创新之间(20171-00321590-1),201710032159077417,,3,通识课,185,2-17周,0,宋立宏,2-17周 周二 第7节-第8节 逸B-212,2.0,公共课程,否,理论类课程,周二,2017-2018-1,,201710032159077417,,0,仙林校区,2017-2018学年 第1学期,77417,逸B-212,0.0,否,01,1,32,,0,0,犹太文明：在传统与创新之间,16,第7节-第8节,逸夫楼B区,00321590
32.0,000000,当代社会科学视域中的马克思主义哲学(20171-00330030-1),201710033003077850,,3,通识课,99,2-12周,0,张亮,2-12周 周四 第9节-第11节 逸B-205,2.0,公共课程,否,理论类课程,周四,2017-2018-1,,201710033003077850,,0,仙林校区,2017-2018学年 第1学期,77850,逸B-205,0.0,否,01,1,32,,0,0,当代社会科学视域中的马克思主义哲学,16,第9节-第11节,逸夫楼B区,00330030
48.0,000000,逻辑与科学思维方法(20171-00330080-1),201710033008077415,,3,通识课,188,2-17周,0,张建军,2-17周 周四 第9节-第11节 仙Ⅰ-320,2.0,公共课程,否,理论类课程,周四,2017-2018-1,,201710033008077415,,0,仙林校区,2017-2018学年 第1学期,77415,仙Ⅰ-320,0.0,否,01,1,32,,0,0,逻辑与科学思维方法,11,第9节-第11节,仙I区,00330080
32.0,000000,逻辑思维与表达(20171-00330100-1),201710033010077416,,3,通识课,195,2-17周,0,王克喜,2-17周 周二 第9节-第10节 仙Ⅰ-320,2.0,公共课程,否,理论类课程,周二,2017-2018-1,,201710033010077416,,0,仙林校区,2017-2018学年 第1学期,77416,仙Ⅰ-320,0.0,否,01,1,32,,0,0,逻辑思维与表达,11,第9节-第10节,仙I区,00330100
32.0,000000,政策思维与领导力：中外智库比较研究(20171-00330130-1),201710033013077356,,3,通识课,195,2-17周,0,李刚,2-17周 周三 第9节-第10节 仙Ⅰ-319,2.0,公共课程,否,理论类课程,周三,2017-2018-1,,201710033013077356,,0,仙林校区,2017-2018学年 第1学期,77356,仙Ⅰ-319,0.0,否,01,1,32,,0,0,政策思维与领导力：中外智库比较研究,11,第9节-第10节,仙I区,00330130
32.0,000000,走进非洲(20171-00330140-1),201710033014077759,,3,通识课,57,2-17周,0,"黄繁华,刘成富,刘立涛,张振克,黄贤金",2-17周 周一 第7节-第8节 仙Ⅰ-101,2.0,公共课程,否,理论类课程,周一,2017-2018-1,,201710033014077759,,0,仙林校区,2017-2018学年 第1学期,77759,仙Ⅰ-101,0.0,否,01,1,32,,0,0,走进非洲,11,第7节-第8节,仙I区,00330140
48.0,000000,中国古代人生哲学(20171-00330850-1),201710033085077413,,3,通识课,195,2-17周,0,徐小跃,2-17周 周三 第9节-第11节 仙Ⅰ-206,2.0,公共课程,否,理论类课程,周三,2017-2018-1,,201710033085077413,,0,仙林校区,2017-2018学年 第1学期,77413,仙Ⅰ-206,0.0,否,01,1,32,,0,0,中国古代人生哲学,11,第9节-第11节,仙I区,00330850
48.0,000000,中医药文化(20171-00340010-1),201710034001077761,,3,通识课,199,2-17周,0,杨洁,2-17周 周三 第9节-第11节 仙Ⅱ-207,3.0,公共课程,否,理论类课程,周三,2017-2018-1,,201710034001077761,,0,仙林校区,2017-2018学年 第1学期,77761,仙Ⅱ-207,0.0,否,01,1,48,,0,0,中医药文化,12,第9节-第11节,仙II区,00340010
48.0,000000,海洋与人类社会(20171-00340020-1),201710034002077754,,3,通识课,198,4-18周,0,"高建华,杨旸,高抒",4-18周 周五 第9节-第11节 仙Ⅰ-207,3.0,公共课程,否,理论类课程,周五,2017-2018-1,,201710034002077754,,0,仙林校区,2017-2018学年 第1学期,77754,仙Ⅰ-207,0.0,否,01,1,48,,0,0,海洋与人类社会,11,第9节-第11节,仙I区,00340020
48.0,000000,全球变化与人类活动(20171-00340030-1),201710034003077756,,3,通识课,269,2-17周,0,"陈刚,马春梅,朱诚",2-17周 周一 第9节-第11节 仙Ⅰ-106,3.0,公共课程,否,理论类课程,周一,2017-2018-1,,201710034003077756,,0,仙林校区,2017-2018学年 第1学期,77756,仙Ⅰ-106,0.0,否,01,1,48,,0,0,全球变化与人类活动,11,第9节-第11节,仙I区,00340030
32.0,000000,探索免疫与疾病的奥秘(20171-00340050-1),201710034005077768,,3,通识课,194,2-12周,0,侯亚义,2-12周 周三 第9节-第11节 仙Ⅱ-122,2.0,公共课程,否,理论类课程,周三,2017-2018-1,,201710034005077768,,0,仙林校区,2017-2018学年 第1学期,77768,仙Ⅱ-122,0.0,否,01,1,32,,0,0,探索免疫与疾病的奥秘,12,第9节-第11节,仙II区,00340050
32.0,000000,人类活动与自然过程(20171-00340070-1),201710034007077758,,3,通识课,253,2-12周,0,"杨达源,张永战",2-12周 周一 第9节-第11节 仙Ⅱ-122,2.0,公共课程,否,理论类课程,周一,2017-2018-1,,201710034007077758,,0,仙林校区,2017-2018学年 第1学期,77758,仙Ⅱ-122,0.0,否,01,1,32,,0,0,人类活动与自然过程,12,第9节-第11节,仙II区,00340070
32.0,000000,高分子材料与社会发展(20171-00340080-1),201710034008077370,,3,通识课,193,2-17周,0,"袭锴,贾叙东",2-17周 周二 第9节-第10节 仙Ⅰ-319,2.0,公共课程,否,理论类课程,周二,2017-2018-1,,201710034008077370,,0,仙林校区,2017-2018学年 第1学期,77370,仙Ⅰ-319,0.0,否,01,1,32,,0,0,高分子材料与社会发展,11,第9节-第10节,仙I区,00340080
32.0,000000,探索生物医学诺贝尔奖(20171-00340100-1),201710034010077769,,3,通识课,165,2-17周,0,曹望森,2-17周 周二 第7节-第8节 逸A-117,2.0,公共课程,否,理论类课程,周二,2017-2018-1,,201710034010077769,,0,仙林校区,2017-2018学年 第1学期,77769,逸A-117,0.0,否,01,1,32,,0,0,探索生物医学诺贝尔奖,15,第7节-第8节,逸夫楼A区,00340100
32.0,000000,自然灾害与人(20171-00340120-1),201710034012078359,,3,通识课,293,4-16周,0,"尹宏伟,徐士进,董少春",4-16周 自由时间 - ,2.0,公共课程,否,理论类课程,自由时间,2017-2018-1,,201710034012078359,,0,仙林校区,2017-2018学年 第1学期,78359,elearning.nju.edu.cn,0.0,否,01,1,32,,0,0,自然灾害与人,,自由时间,,00340120
32.0,000000,全球气候变化(20171-00340140-1),201710034014078398,,3,通识课,258,2-17周,0,李高军,2-17周 周三 第7节-第8节 仙Ⅰ-106,2.0,公共课程,否,理论类课程,周三,2017-2018-1,,201710034014078398,,0,仙林校区,2017-2018学年 第1学期,78398,仙Ⅰ-106,0.0,否,01,1,32,,0,0,万物起源,11,第7节-第8节,仙I区,00340140
32.0,000000,五律协同观(20171-00341440-1),201710034144078399,,3,通识课,175,2-17周,0,"孙平,左玉辉",2-17周 周一 第7节-第8节 图书馆127,2.0,公共课程,否,理论类课程,周一,2017-2018-1,,201710034144078399,,0,仙林校区,2017-2018学年 第1学期,78399,图书馆127,0.0,否,01,1,32,,0,0,五律协同观,18,第7节-第8节,图书馆,00341440
32.0,000000,五律协同观(20171-00341440-2),201710034144078400,,3,通识课,177,2-17周,0,"孙平,左玉辉",2-17周 周二 第7节-第8节 图书馆127,2.0,公共课程,否,理论类课程,周二,2017-2018-1,,201710034144078400,,0,仙林校区,2017-2018学年 第1学期,78400,图书馆127,0.0,否,01,1,32,,0,0,五律协同观,18,第7节-第8节,图书馆,00341440
32.0,000000,五律协同观(20171-00341440-3),201710034144078401,,3,通识课,179,2-17周,0,"孙平,左玉辉",2-17周 周三 第7节-第8节 图书馆127,2.0,公共课程,否,理论类课程,周三,2017-2018-1,,201710034144078401,,0,仙林校区,2017-2018学年 第1学期,78401,图书馆127,0.0,否,01,1,32,,0,0,五律协同观,18,第7节-第8节,图书馆,00341440
32.0,000000,五律协同观(20171-00341440-4),201710034144078402,,3,通识课,180,2-17周,0,"孙平,左玉辉",2-17周 周四 第7节-第8节 图书馆127,2.0,公共课程,否,理论类课程,周四,2017-2018-1,,201710034144078402,,0,仙林校区,2017-2018学年 第1学期,78402,图书馆127,0.0,否,01,1,32,,0,0,五律协同观,18,第7节-第8节,图书馆,00341440
32.0,000000,五律协同观(20171-00341440-5),201710034144078403,,3,通识课,173,2-17周,0,"孙平,左玉辉",2-17周 周五 第7节-第8节 图书馆127,2.0,公共课程,否,理论类课程,周五,2017-2018-1,,201710034144078403,,0,仙林校区,2017-2018学年 第1学期,78403,图书馆127,0.0,否,01,1,32,,0,0,五律协同观,18,第7节-第8节,图书馆,00341440
48.0,000000,无处不在的数学(20171-00341470-1),201710034147079006,,3,通识课,152,2-17周,0,"郭学军,秦厚荣",2-17周 周三 第9节-第11节 仙Ⅰ-108,3.0,公共课程,否,理论类课程,周三,2017-2018-1,,201710034147079006,,0,仙林校区,2017-2018学年 第1学期,79006,仙Ⅰ-108,0.0,否,01,1,48,,0,0,无处不在的数学,11,第9节-第11节,仙I区,00341470
48.0,000000,科学、技术与人类社会(20171-00341520-1),201710034152077414,,3,通识课,189,2-17周,0,"刘鹏,蔡仲",2-17周 周二 第9节-第11节 仙Ⅰ-206,3.0,公共课程,否,理论类课程,周二,2017-2018-1,,201710034152077414,,0,仙林校区,2017-2018学年 第1学期,77414,仙Ⅰ-206,0.0,否,01,1,48,,0,0,科学、技术与人类社会,11,第9节-第11节,仙I区,00341520
32.0,000000,计算思维导论(20171-00341540-1),201710034154077832,,3,通识课,191,2-12周,0,"陈道蓄,黎铭,陶先平,钱柱中",2-12周 周一 第9节-第11节 仙Ⅰ-207,2.0,公共课程,否,理论+实践课程,周一,2017-2018-1,,201710034154077832,,0,仙林校区,2017-2018学年 第1学期,77832,仙Ⅰ-207,0.0,否,01,5,24,,8,0,计算思维导论,11,第9节-第11节,仙I区,00341540
32.0,000000,认识地球(20171-00341550-1),201710034155078358,,3,通识课,291,4-16周,0,"董少春,徐士进,刘显东",4-16周 自由时间 - ,2.0,公共课程,否,理论类课程,自由时间,2017-2018-1,,201710034155078358,,0,仙林校区,2017-2018学年 第1学期,78358,elearning.nju.edu.cn,0.0,否,01,1,32,,0,0,认识地球,,自由时间,,00341550
32.0,000000,“智者生存”——现代灾难救援理念与技术(20171-00341560-1),201710034156077770,,3,通识课,55,"6周,6周,6-8周,6-8周",0,"王婷婷,沈苏南,肖瑞,张翼锋","6-8周 周六 第1节-第8节 ,6周 周五 第9节-第10节 ,6周 周四 第9节-第10节 ,6-8周 周日 第1节-第8节 ",2.0,公共课程,否,理论+实践课程,"周四,周五,周六,周日",2017-2018-1,,201710034156077770,,0,仙林校区,2017-2018学年 第1学期,77770,"仙林基础医学教学中心2楼报告厅,仙林基础医学教学中心2楼报告厅,鼓楼校区（东南楼）医学院临床模拟教学中心106,鼓楼校区（东南楼）医学院临床模拟教学中心106",0.0,否,01,5,16,,16,0,“智者生存”——现代灾难救援理念与技术,,"第9节-第10节,第9节-第10节,第1节-第8节,第1节-第8节",,00341560
32.0,000000,社会信息化(20171-00350120-1),201710035012077349,,3,通识课,121,2-12周,0,郑建明,2-12周 周二 第9节-第11节 逸B-212,2.0,公共课程,否,理论类课程,周二,2017-2018-1,,201710035012077349,,0,仙林校区,2017-2018学年 第1学期,77349,逸B-212,0.0,否,01,1,32,,0,0,社会信息化,16,第9节-第11节,逸夫楼B区,00350120
32.0,000000,文化与社会进步(20171-00350130-1),201710035013077355,,3,通识课,121,2-17周,0,杨海平,2-17周 周二 第7节-第8节 仙Ⅱ-303,2.0,公共课程,否,理论类课程,周二,2017-2018-1,,201710035013077355,,0,仙林校区,2017-2018学年 第1学期,77355,仙Ⅱ-303,0.0,否,01,1,32,,0,0,文化与社会进步,12,第7节-第8节,仙II区,00350130
32.0,000000,当代社会学理论批判与建构(20171-00350220-1),201710035022078749,,3,DIY研读课,5,1-16周,0,成伯清,1-16周 周二 第5节-第6节 ,2.0,公共课程,否,理论类课程,周二,2017-2018-1,,201710035022078749,,0,仙林校区,2017-2018学年 第1学期,78749,河仁楼 中和厅,,否,04,1,,,,0,当代社会学理论批判与建构,,第5节-第6节,,00350220
32.0,000000,人生、情感与表达(20171-00360020-1),201710036002077887,,3,通识课,194,2-17周,0,"吴正岚,童强,苗怀明,童岭",2-17周 周二 第9节-第10节 仙Ⅱ-207,2.0,公共课程,否,理论类课程,周二,2017-2018-1,,201710036002077887,,0,仙林校区,2017-2018学年 第1学期,77887,仙Ⅱ-207,0.0,否,01,1,32,,0,0,艺术、情感与表达,12,第9节-第10节,仙II区,00360020
48.0,000000,俄罗斯文学经典的当代意义(20171-00360070-1),201710036007077829,,3,通识课,199,2-17周,0,董晓,2-17周 周三 第9节-第11节 仙Ⅰ-106,3.0,公共课程,否,理论类课程,周三,2017-2018-1,,201710036007077829,,0,仙林校区,2017-2018学年 第1学期,77829,仙Ⅰ-106,0.0,否,01,1,48,,0,0,俄罗斯文学经典的当代意义,11,第9节-第11节,仙I区,00360070
32.0,000000,中国书画鉴赏(20171-00360090-1),201710036009077888,,3,通识课,197,2-17周,0,黄正明,2-17周 周二 第9节-第10节 仙Ⅱ-122,2.0,公共课程,否,理论类课程,周二,2017-2018-1,,201710036009077888,,0,仙林校区,2017-2018学年 第1学期,77888,仙Ⅱ-122,0.0,否,01,1,32,,0,0,中国书画鉴赏,12,第9节-第10节,仙II区,00360090
32.0,000000,艺术导论(20171-00360110-1),201710036011077889,,3,通识课,193,2-17周,0,李健,2-17周 周四 第7节-第8节 仙Ⅰ-206,2.0,公共课程,否,理论类课程,周四,2017-2018-1,,201710036011077889,,0,仙林校区,2017-2018学年 第1学期,77889,仙Ⅰ-206,0.0,否,01,1,32,,0,0,艺术导论,11,第7节-第8节,仙I区,00360110
32.0,000000,外国史学经典著作选读(20171-00360170-1),201710036017077389,,3,通识课,60,2-17周,0,舒小昀,2-17周 周一 第7节-第8节 逸A-117,2.0,公共课程,否,理论类课程,周一,2017-2018-1,,201710036017077389,,0,仙林校区,2017-2018学年 第1学期,77389,逸A-117,0.0,否,01,1,32,,0,0,外国史学经典著作选读,15,第7节-第8节,逸夫楼A区,00360170
32.0,000000,诗词曲通论(20171-00360190-1),201710036019077830,,3,通识课,176,2-12周,0,解玉峰,2-12周 周三 第9节-第11节 逸B-212,2.0,公共课程,否,理论类课程,周三,2017-2018-1,,201710036019077830,,0,仙林校区,2017-2018学年 第1学期,77830,逸B-212,0.0,否,01,1,32,,0,0,诗词曲通论,16,第9节-第11节,逸夫楼B区,00360190
48.0,000000,南京：明初六十年的历史大舞台(20171-00361560-1),201710036156077408,,3,通识课,199,2-17周,0,夏维中,2-17周 周四 第9节-第11节 仙Ⅰ-107,3.0,公共课程,否,理论类课程,周四,2017-2018-1,,201710036156077408,,0,仙林校区,2017-2018学年 第1学期,77408,仙Ⅰ-107,0.0,否,01,1,48,,0,0,南京：明初六十年的历史大舞台,11,第9节-第11节,仙I区,00361560
48.0,400320,西方艺术史(20171-00361720-1),201710036172078580,,3,通识课,41,2-17周,0,Andrea Baldini,2-17周 周一 第7节-第8节 仙Ⅱ-305,3.0,艺术学院,否,理论类课程,周一,2017-2018-1,,201710036172078580,,0,仙林校区,2017-2018学年 第1学期,78580,仙Ⅱ-305,0.0,否,01,1,48,,0,0,西方艺术史,12,第7节-第8节,仙II区,00361720
48.0,400320,中国艺术史(20171-00361730-1),201710036173078579,,3,通识课,75,2-17周,0,"童强,莫崇毅",2-17周 周三 第9节-第11节 逸B-104,3.0,艺术学院,否,理论类课程,周三,2017-2018-1,,201710036173078579,,0,仙林校区,2017-2018学年 第1学期,78579,逸B-104,0.0,否,01,1,48,,0,0,中国艺术史,16,第9节-第11节,逸夫楼B区,00361730
32.0,000000,中世纪英国文学(20171-00361740-1),201710036174078091,,3,通识课,81,2-12周,0,Leonard Neidorf,2-12周 周三 第9节-第11节 逸A-117,2.0,公共课程,否,理论类课程,周三,2017-2018-1,,201710036174078091,,0,仙林校区,2017-2018学年 第1学期,78091,逸A-117,0.0,否,01,1,32,,0,0,中世纪英国文学,15,第9节-第11节,逸夫楼A区,00361740
32.0,000000,积极和平与冲突化解(20171-00370020-1),201710037002077388,,3,通识课,198,2-12周,0,刘成,2-12周 周二 第9节-第11节 仙Ⅰ-106,2.0,公共课程,否,理论类课程,周二,2017-2018-1,,201710037002077388,,0,仙林校区,2017-2018学年 第1学期,77388,仙Ⅰ-106,0.0,否,01,1,32,,0,0,积极和平与冲突化解,11,第9节-第11节,仙I区,00370020
32.0,000000,大学生形象与礼仪（应用篇）(20171-00371620-1),201710037162078583,,3,通识课,58,2-16周(双),0,谢丽君,2-16周(双) 周一 第7节-第8节 仙Ⅱ-213,2.0,公共课程,否,理论+实践课程,周一,2017-2018-1,,201710037162078583,,0,仙林校区,2017-2018学年 第1学期,78583,仙Ⅱ-213,0.0,否,01,5,16,,16,0,大学生形象与礼仪（应用篇）,12,第7节-第8节,仙II区,00371620
48.0,000000,曹禺名剧与现代中国(20171-00371630-1),201710037163078789,,3,通识课,143,2-17周,0,马俊山,2-17周 周三 第9节-第11节 逸B-101,3.0,公共课程,否,理论类课程,周三,2017-2018-1,,201710037163078789,,0,仙林校区,2017-2018学年 第1学期,78789,逸B-101,0.0,否,01,1,48,,0,0,曹禺名剧与现代中国,16,第9节-第11节,逸夫楼B区,00371630
32.0,400320,跨学科视野中的文化创意(20171-00371640-1),201710037164078795,,3,通识课,191,2-17周,0,"周宪,祁林",2-17周 周五 第9节-第10节 仙Ⅰ-320,2.0,艺术学院,否,理论类课程,周五,2017-2018-1,,201710037164078795,,0,仙林校区,2017-2018学年 第1学期,78795,仙Ⅰ-320,0.0,否,01,1,32,,0,0,跨学科视野中的文化创意,11,第9节-第10节,仙I区,00371640
32.0,000000,创新经济学(20171-00371670-1),201710037167078791,,1,通识课,62,2-10周,0,"安同良,孙宁华,洪银兴",2-10周 周四 第7节-第8节 教203,2.0,公共课程,否,理论类课程,周四,2017-2018-1,,201710037167078791,,0,鼓楼校区,2017-2018学年 第1学期,78791,教203,0.0,否,01,1,32,,0,0,创新经济学,1,第7节-第8节,教学楼,00371670
32.0,000000,大数据分析与创新思维(20171-00371680-1),201710037168078790,,3,通识课,109,2-17周,0,颜嘉麒,2-17周 周三 第7节-第8节 仙Ⅰ-107,2.0,公共课程,否,理论类课程,周三,2017-2018-1,,201710037168078790,,0,仙林校区,2017-2018学年 第1学期,78790,仙Ⅰ-107,0.0,否,01,1,32,,0,0,区块链与创新思维,11,第7节-第8节,仙I区,00371680
32.0,000000,口语表达入门(20171-00371690-1),201710037169078788,,3,通识课,43,2-18周(双),0,徐慨,2-18周(双) 周四 第7节-第10节 仙Ⅱ-207,2.0,公共课程,否,实践类课程,周四,2017-2018-1,,201710037169078788,,0,仙林校区,2017-2018学年 第1学期,78788,仙Ⅱ-207,0.0,否,01,3,0,,32,0,口语表达入门,12,第7节-第10节,仙II区,00371690
32.0,000000,海洋安全与海洋安全战略(20171-00371700-1),201710037170078787,,3,通识课,186,1-18周,0,杨新,1-18周 周三 第9节-第10节 图书馆125,2.0,公共课程,否,理论类课程,周三,2017-2018-1,,201710037170078787,,0,仙林校区,2017-2018学年 第1学期,78787,图书馆125,0.0,否,01,1,32,,0,0,海洋安全与海洋安全战略,18,第9节-第10节,图书馆,00371700
32.0,000000,走近中华优秀传统文化(20171-00371720-1),201710037172079096,,3,通识课,66,1-18周,0,"张亮,邵佳德,胡星铭",1-18周 自由时间 - ,2.0,公共课程,否,理论类课程,自由时间,2017-2018-1,,201710037172079096,,0,仙林校区,2017-2018学年 第1学期,79096,http://www.icourse163.org/course/NJU-1002190001,0.0,否,01,1,32,,0,0,走近中华优秀传统文化,,自由时间,,00371720
32.0,000000,Mass Media and Popular Culture in Korea(20171-00371810-1),201710037181078794,,3,通识课,21,2-17周,0,吴玉梅,2-17周 周一 第7节-第8节 ,2.0,公共课程,否,理论类课程,周一,2017-2018-1,,201710037181078794,,0,仙林校区,2017-2018学年 第1学期,78794,仙Ⅰ-525,0.0,否,01,1,32,,0,0,Mass Media and Popular Culture in Korea,,第7节-第8节,,00371810
0.0,000000,《唐诗选》阅读(20171-00410010-1),201710041001078444,,3,悦读计划,200,4-18周,0,莫砺锋,4-18周 自由时间 - 自由地点,0.0,公共课程,否,理论类课程,自由时间,2017-2018-1,,201710041001078444,,0,仙林校区,2017-2018学年 第1学期,78444,自由地点,0.0,否,03,1,0,,0,0,《唐诗选》阅读,388,自由时间,虚拟区域（仙林）,00410010
0.0,000000,《红楼梦》阅读(20171-00410020-1),201710041002078445,,3,悦读计划,197,4-18周,0,苗怀明,4-18周 自由时间 - 自由地点,0.0,公共课程,否,理论类课程,自由时间,2017-2018-1,,201710041002078445,,0,仙林校区,2017-2018学年 第1学期,78445,自由地点,0.0,否,03,1,32,,0,0,《红楼梦》阅读,388,自由时间,虚拟区域（仙林）,00410020
0.0,000000,《呐喊》、《彷徨》阅读(20171-00410030-1),201710041003078446,,3,悦读计划,197,4-18周,0,王彬彬,4-18周 自由时间 - 自由地点,0.0,公共课程,否,理论类课程,自由时间,2017-2018-1,,201710041003078446,,0,仙林校区,2017-2018学年 第1学期,78446,自由地点,0.0,否,03,1,32,,0,0,《呐喊》、《彷徨》阅读,388,自由时间,虚拟区域（仙林）,00410030
0.0,000000,《中国文学欣赏举隅》阅读(20171-00410040-1),201710041004078449,,3,悦读计划,199,4-18周,0,张伯伟,4-18周 自由时间 - 自由地点,0.0,公共课程,否,理论类课程,自由时间,2017-2018-1,,201710041004078449,,0,仙林校区,2017-2018学年 第1学期,78449,自由地点,0.0,否,03,1,0,,0,0,《中国文学欣赏举隅》阅读,388,自由时间,虚拟区域（仙林）,00410040
0.0,000000,《世说新语校笺》阅读(20171-00410050-1),201710041005078443,,3,悦读计划,198,4-18周,0,程章灿,4-18周 自由时间 - 自由地点,0.0,公共课程,否,理论类课程,自由时间,2017-2018-1,,201710041005078443,,0,仙林校区,2017-2018学年 第1学期,78443,自由地点,0.0,否,03,1,32,,0,0,《世说新语校笺》阅读,388,自由时间,虚拟区域（仙林）,00410050
0.0,000000,《哈姆莱特》阅读(20171-00410060-1),201710041006078447,,3,悦读计划,199,4-18周,0,吕效平,4-18周 自由时间 - 自由地点,0.0,公共课程,否,理论类课程,自由时间,2017-2018-1,,201710041006078447,,0,仙林校区,2017-2018学年 第1学期,78447,自由地点,0.0,否,03,1,32,,0,0,《哈姆莱特》阅读,388,自由时间,虚拟区域（仙林）,00410060
0.0,000000,《安娜·卡列尼娜》阅读(20171-00410070-1),201710041007078448,,3,悦读计划,200,4-18周,0,董晓,4-18周 自由时间 - 自由地点,0.0,公共课程,否,理论类课程,自由时间,2017-2018-1,,201710041007078448,,0,仙林校区,2017-2018学年 第1学期,78448,自由地点,0.0,否,03,1,32,,0,0,《安娜·卡列尼娜》阅读,388,自由时间,虚拟区域（仙林）,00410070
0.0,000000,《中国美术史讲座》阅读(20171-00410080-1),201710041008078450,,3,悦读计划,120,4-18周,0,李健,4-18周 自由时间 - 自由地点,0.0,公共课程,否,理论类课程,自由时间,2017-2018-1,,201710041008078450,,0,仙林校区,2017-2018学年 第1学期,78450,自由地点,0.0,否,03,1,32,,0,0,《中国美术史讲座》阅读,388,自由时间,虚拟区域（仙林）,00410080
0.0,000000,《中国美术史讲座》阅读(20171-00410080-2),201710041008078451,,3,悦读计划,120,4-18周,0,杨秀娟,4-18周 自由时间 - 自由地点,0.0,公共课程,否,理论类课程,自由时间,2017-2018-1,,201710041008078451,,0,仙林校区,2017-2018学年 第1学期,78451,自由地点,0.0,否,03,1,32,,0,0,《中国美术史讲座》阅读,388,自由时间,虚拟区域（仙林）,00410080
0.0,000000,《美的历程》阅读(20171-00410090-1),201710041009078452,,3,悦读计划,120,4-18周,0,童强,4-18周 自由时间 - 自由地点,0.0,公共课程,否,理论类课程,自由时间,2017-2018-1,,201710041009078452,,0,仙林校区,2017-2018学年 第1学期,78452,自由地点,0.0,否,03,1,32,,0,0,《美的历程》阅读,388,自由时间,虚拟区域（仙林）,00410090
0.0,000000,《美的历程》阅读(20171-00410090-2),201710041009078453,,3,悦读计划,120,4-18周,0,莫崇毅,4-18周 自由时间 - 自由地点,0.0,公共课程,否,理论类课程,自由时间,2017-2018-1,,201710041009078453,,0,仙林校区,2017-2018学年 第1学期,78453,自由地点,0.0,否,03,1,32,,0,0,《美的历程》阅读,388,自由时间,虚拟区域（仙林）,00410090
0.0,000000,《艺术的故事》阅读(20171-00410100-1),201710041010078454,,3,悦读计划,115,4-18周,0,周计武,4-18周 自由时间 - 自由地点,0.0,公共课程,否,理论类课程,自由时间,2017-2018-1,,201710041010078454,,0,仙林校区,2017-2018学年 第1学期,78454,自由地点,0.0,否,03,1,32,,0,0,《艺术的故事》阅读,388,自由时间,虚拟区域（仙林）,00410100
0.0,000000,《艺术的故事》阅读(20171-00410100-2),201710041010078455,,3,悦读计划,117,4-18周,0,袁梦倩,4-18周 自由时间 - 自由地点,0.0,公共课程,否,理论类课程,自由时间,2017-2018-1,,201710041010078455,,0,仙林校区,2017-2018学年 第1学期,78455,自由地点,0.0,否,03,1,32,,0,0,《艺术的故事》阅读,388,自由时间,虚拟区域（仙林）,00410100
0.0,000000,《史记》阅读(20171-00420010-1),201710042001078522,,3,悦读计划,130,4-18周,0,成祖明,4-18周 自由时间 - 自由地点,0.0,公共课程,否,理论类课程,自由时间,2017-2018-1,,201710042001078522,,0,仙林校区,2017-2018学年 第1学期,78522,自由地点,0.0,否,03,1,32,,0,0,《史记》阅读,388,自由时间,虚拟区域（仙林）,00420010
0.0,000000,《史记》阅读(20171-00420010-2),201710042001078523,,3,悦读计划,120,4-18周,0,武黎嵩,4-18周 自由时间 - 自由地点,0.0,公共课程,否,理论类课程,自由时间,2017-2018-1,,201710042001078523,,0,仙林校区,2017-2018学年 第1学期,78523,自由地点,0.0,否,03,1,32,,0,0,《史记》阅读,388,自由时间,虚拟区域（仙林）,00420010
0.0,000000,《中国近代史》阅读(20171-00420020-1),201710042002078526,,3,悦读计划,120,4-18周,0,孙扬,4-18周 自由时间 - 自由地点,0.0,公共课程,否,理论类课程,自由时间,2017-2018-1,,201710042002078526,,0,仙林校区,2017-2018学年 第1学期,78526,自由地点,0.0,否,03,1,32,,0,0,《中国近代史》阅读,388,自由时间,虚拟区域（仙林）,00420020
0.0,000000,《中国近代史》阅读(20171-00420020-2),201710042002078527,,3,悦读计划,119,4-18周,0,曹大臣,4-18周 自由时间 - 自由地点,0.0,公共课程,否,理论类课程,自由时间,2017-2018-1,,201710042002078527,,0,仙林校区,2017-2018学年 第1学期,78527,自由地点,0.0,否,03,1,32,,0,0,《中国近代史》阅读,388,自由时间,虚拟区域（仙林）,00420020
0.0,000000,《国史大纲》阅读(20171-00420030-1),201710042003078524,,3,悦读计划,120,4-18周,0,罗晓翔,4-18周 自由时间 - 自由地点,0.0,公共课程,否,理论类课程,自由时间,2017-2018-1,,201710042003078524,,0,仙林校区,2017-2018学年 第1学期,78524,自由地点,0.0,否,03,1,32,,0,0,《国史大纲》阅读,388,自由时间,虚拟区域（仙林）,00420030
0.0,000000,《国史大纲》阅读(20171-00420030-2),201710042003078525,,3,悦读计划,117,4-18周,0,于磊,4-18周 自由时间 - 自由地点,0.0,公共课程,否,理论类课程,自由时间,2017-2018-1,,201710042003078525,,0,仙林校区,2017-2018学年 第1学期,78525,自由地点,0.0,否,03,1,32,,0,0,《国史大纲》阅读,388,自由时间,虚拟区域（仙林）,00420030
0.0,000000,《万古江河：中国历史文化的转折与展开》阅读(20171-00420040-1),201710042004078528,,3,悦读计划,120,4-18周,0,特木勒,4-18周 自由时间 - 自由地点,0.0,公共课程,否,理论类课程,自由时间,2017-2018-1,,201710042004078528,,0,仙林校区,2017-2018学年 第1学期,78528,自由地点,0.0,否,03,1,32,,0,0,《万古江河：中国历史文化的转折与展开》阅读,388,自由时间,虚拟区域（仙林）,00420040
0.0,000000,《万古江河：中国历史文化的转折与展开》阅读(20171-00420040-2),201710042004078529,,3,悦读计划,120,4-18周,0,杨晓春,4-18周 自由时间 - 自由地点,0.0,公共课程,否,理论类课程,自由时间,2017-2018-1,,201710042004078529,,0,仙林校区,2017-2018学年 第1学期,78529,自由地点,0.0,否,03,1,32,,0,0,《万古江河：中国历史文化的转折与展开》阅读,388,自由时间,虚拟区域（仙林）,00420040
0.0,000000,《伯罗奔尼撒战争史》阅读(20171-00420050-1),201710042005078531,,3,悦读计划,119,4-18周,0,陈日华,4-18周 自由时间 - 自由地点,0.0,公共课程,否,理论类课程,自由时间,2017-2018-1,,201710042005078531,,0,仙林校区,2017-2018学年 第1学期,78531,自由地点,0.0,否,03,1,32,,0,0,《伯罗奔尼撒战争史》阅读,388,自由时间,虚拟区域（仙林）,00420050
0.0,000000,《伯罗奔尼撒战争史》阅读(20171-00420050-2),201710042005078532,,3,悦读计划,118,4-18周,0,谭树林,4-18周 自由时间 - 自由地点,0.0,公共课程,否,理论类课程,自由时间,2017-2018-1,,201710042005078532,,0,仙林校区,2017-2018学年 第1学期,78532,自由地点,0.0,否,03,1,32,,0,0,《伯罗奔尼撒战争史》阅读,388,自由时间,虚拟区域（仙林）,00420050
0.0,000000,《海权对历史的影响（1660-1783年）》阅读(20171-00420060-1),201710042006078533,,3,悦读计划,118,4-18周,0,龚洪烈,4-18周 自由时间 - 自由地点,0.0,公共课程,否,理论类课程,自由时间,2017-2018-1,,201710042006078533,,0,仙林校区,2017-2018学年 第1学期,78533,自由地点,0.0,否,03,1,32,,0,0,《海权对历史的影响（1660-1783年）》阅读,388,自由时间,虚拟区域（仙林）,00420060
0.0,000000,《海权对历史的影响（1660-1783年）》阅读(20171-00420060-2),201710042006078534,,3,悦读计划,119,4-18周,0,刘立涛,4-18周 自由时间 - 自由地点,0.0,公共课程,否,理论类课程,自由时间,2017-2018-1,,201710042006078534,,0,仙林校区,2017-2018学年 第1学期,78534,自由地点,0.0,否,03,1,32,,0,0,《海权对历史的影响（1660-1783年）》阅读,388,自由时间,虚拟区域（仙林）,00420060
0.0,000000,《意大利文艺复兴时期的文化》阅读(20171-00420070-1),201710042007078535,,3,悦读计划,115,4-18周,0,吴贺,4-18周 自由时间 - 自由地点,0.0,公共课程,否,理论类课程,自由时间,2017-2018-1,,201710042007078535,,0,仙林校区,2017-2018学年 第1学期,78535,自由地点,0.0,否,03,1,32,,0,0,《意大利文艺复兴时期的文化》阅读,388,自由时间,虚拟区域（仙林）,00420070
0.0,000000,《意大利文艺复兴时期的文化》阅读(20171-00420070-2),201710042007078536,,3,悦读计划,120,4-18周,0,闵凡祥,4-18周 自由时间 - 自由地点,0.0,公共课程,否,理论类课程,自由时间,2017-2018-1,,201710042007078536,,0,仙林校区,2017-2018学年 第1学期,78536,自由地点,0.0,否,03,1,32,,0,0,《意大利文艺复兴时期的文化》阅读,388,自由时间,虚拟区域（仙林）,00420070
0.0,000000,《全球通史》阅读(20171-00420080-1),201710042008078537,,3,悦读计划,119,4-18周,0,郑先武,4-18周 自由时间 - 自由地点,0.0,公共课程,否,理论类课程,自由时间,2017-2018-1,,201710042008078537,,0,仙林校区,2017-2018学年 第1学期,78537,自由地点,0.0,否,03,1,32,,0,0,《全球通史》阅读,388,自由时间,虚拟区域（仙林）,00420080
0.0,000000,《全球通史》阅读(20171-00420080-2),201710042008078538,,3,悦读计划,119,4-18周,0,刘金源,4-18周 自由时间 - 自由地点,0.0,公共课程,否,理论类课程,自由时间,2017-2018-1,,201710042008078538,,0,仙林校区,2017-2018学年 第1学期,78538,自由地点,0.0,否,03,1,32,,0,0,《全球通史》阅读,388,自由时间,虚拟区域（仙林）,00420080
0.0,000000,《罗马帝国衰亡史》阅读(20171-00420090-1),201710042009078539,,3,悦读计划,120,4-18周,0,王涛,4-18周 自由时间 - 自由地点,0.0,公共课程,否,理论类课程,自由时间,2017-2018-1,,201710042009078539,,0,仙林校区,2017-2018学年 第1学期,78539,自由地点,0.0,否,03,1,0,,0,0,《罗马帝国衰亡史》阅读,388,自由时间,虚拟区域（仙林）,00420090
0.0,000000,《罗马帝国衰亡史》阅读(20171-00420090-2),201710042009078540,,3,悦读计划,118,4-18周,0,张红,4-18周 自由时间 - 自由地点,0.0,公共课程,否,理论类课程,自由时间,2017-2018-1,,201710042009078540,,0,仙林校区,2017-2018学年 第1学期,78540,自由地点,0.0,否,03,1,0,,0,0,《罗马帝国衰亡史》阅读,388,自由时间,虚拟区域（仙林）,00420090
0.0,000000,《大国的兴衰》阅读(20171-00420100-1),201710042010078541,,3,悦读计划,149,4-18周,0,郑安光,4-18周 自由时间 - 自由地点,0.0,公共课程,否,理论类课程,自由时间,2017-2018-1,,201710042010078541,,0,仙林校区,2017-2018学年 第1学期,78541,自由地点,0.0,否,03,1,32,,0,0,《大国的兴衰》阅读,388,自由时间,虚拟区域（仙林）,00420100
0.0,000000,《大国的兴衰》阅读(20171-00420100-2),201710042010078542,,3,悦读计划,116,4-18周,0,宋文志,4-18周 自由时间 - 自由地点,0.0,公共课程,否,理论类课程,自由时间,2017-2018-1,,201710042010078542,,0,仙林校区,2017-2018学年 第1学期,78542,自由地点,0.0,否,03,1,32,,0,0,《大国的兴衰》阅读,388,自由时间,虚拟区域（仙林）,00420100
0.0,000000,《老子注译及评介》阅读(20171-00430010-1),201710043001078466,,3,悦读计划,149,4-18周,0,胡永辉,4-18周 自由时间 - 自由地点,0.0,公共课程,否,理论类课程,自由时间,2017-2018-1,,201710043001078466,,0,仙林校区,2017-2018学年 第1学期,78466,自由地点,0.0,否,03,1,32,,0,0,《老子注译及评介》阅读,388,自由时间,虚拟区域（仙林）,00430010
0.0,000000,《老子注译及评介》阅读(20171-00430010-2),201710043001078467,,3,悦读计划,120,4-18周,0,邵佳德,4-18周 自由时间 - 自由地点,0.0,公共课程,否,理论类课程,自由时间,2017-2018-1,,201710043001078467,,0,仙林校区,2017-2018学年 第1学期,78467,自由地点,0.0,否,03,1,32,,0,0,《老子注译及评介》阅读,388,自由时间,虚拟区域（仙林）,00430010
0.0,000000,《四书章句集注》阅读(20171-00430020-1),201710043002078456,,3,悦读计划,195,4-18周,0,李承贵,4-18周 自由时间 - 自由地点,0.0,公共课程,否,理论类课程,自由时间,2017-2018-1,,201710043002078456,,0,仙林校区,2017-2018学年 第1学期,78456,自由地点,0.0,否,03,1,32,,0,0,《四书章句集注》阅读,388,自由时间,虚拟区域（仙林）,00430020
0.0,000000,《理想国》阅读(20171-00430030-1),201710043003078462,,3,悦读计划,197,4-18周,0,马迎辉,4-18周 自由时间 - 自由地点,0.0,公共课程,否,理论类课程,自由时间,2017-2018-1,,201710043003078462,,0,仙林校区,2017-2018学年 第1学期,78462,自由地点,0.0,否,03,1,32,,0,0,《理想国》阅读,388,自由时间,虚拟区域（仙林）,00430030
0.0,000000,《沉思录》阅读(20171-00430040-1),201710043004078460,,3,悦读计划,200,4-18周,0,胡星铭,4-18周 自由时间 - 自由地点,0.0,公共课程,否,理论类课程,自由时间,2017-2018-1,,201710043004078460,,0,仙林校区,2017-2018学年 第1学期,78460,自由地点,0.0,否,03,1,32,,0,0,《沉思录》阅读,388,自由时间,虚拟区域（仙林）,00430040
0.0,000000,《论人与人之间不平等的起因和基础》阅读(20171-00430050-1),201710043005078464,,3,悦读计划,199,4-18周,0,王恒,4-18周 自由时间 - 自由地点,0.0,公共课程,否,理论类课程,自由时间,2017-2018-1,,201710043005078464,,0,仙林校区,2017-2018学年 第1学期,78464,自由地点,0.0,否,03,1,32,,0,0,《论人与人之间不平等的起因和基础》阅读,388,自由时间,虚拟区域（仙林）,00430050
0.0,000000,《精神现象学》阅读(20171-00430060-1),201710043006078461,,3,悦读计划,198,4-18周,0,马迎辉,4-18周 自由时间 - 自由地点,0.0,公共课程,否,理论类课程,自由时间,2017-2018-1,,201710043006078461,,0,仙林校区,2017-2018学年 第1学期,78461,自由地点,0.0,否,03,1,32,,0,0,《精神现象学》阅读,388,自由时间,虚拟区域（仙林）,00430060
0.0,000000,《共产党宣言》阅读(20171-00430070-1),201710043007078458,,3,悦读计划,200,4-18周,0,唐正东,4-18周 自由时间 - 自由地点,0.0,公共课程,否,理论类课程,自由时间,2017-2018-1,,201710043007078458,,0,仙林校区,2017-2018学年 第1学期,78458,自由地点,0.0,否,03,1,32,,0,0,《共产党宣言》阅读,388,自由时间,虚拟区域（仙林）,00430070
0.0,000000,《新教伦理与资本主义精神》阅读(20171-00430080-1),201710043008078463,,3,悦读计划,119,4-18周,0,周嘉昕,4-18周 自由时间 - 自由地点,0.0,公共课程,否,理论类课程,自由时间,2017-2018-1,,201710043008078463,,0,仙林校区,2017-2018学年 第1学期,78463,自由地点,0.0,否,03,1,32,,0,0,《新教伦理与资本主义精神》阅读,388,自由时间,虚拟区域（仙林）,00430080
0.0,000000,《新教伦理与资本主义精神》阅读(20171-00430080-2),201710043008078465,,3,悦读计划,120,4-18周,0,张义修,4-18周 自由时间 - 自由地点,0.0,公共课程,否,理论类课程,自由时间,2017-2018-1,,201710043008078465,,0,仙林校区,2017-2018学年 第1学期,78465,自由地点,0.0,否,03,1,32,,0,0,《新教伦理与资本主义精神》阅读,388,自由时间,虚拟区域（仙林）,00430080
0.0,000000,《科学革命的结构》阅读(20171-00430090-1),201710043009078459,,3,悦读计划,200,4-18周,0,刘鹏,4-18周 自由时间 - 自由地点,0.0,公共课程,否,理论类课程,自由时间,2017-2018-1,,201710043009078459,,0,仙林校区,2017-2018学年 第1学期,78459,自由地点,0.0,否,03,1,32,,0,0,《科学革命的结构》阅读,388,自由时间,虚拟区域（仙林）,00430090
0.0,000000,《坛经》阅读(20171-00430100-1),201710043010078457,,3,悦读计划,200,4-18周,0,杨维中,4-18周 自由时间 - 自由地点,0.0,公共课程,否,理论类课程,自由时间,2017-2018-1,,201710043010078457,,0,仙林校区,2017-2018学年 第1学期,78457,自由地点,0.0,否,03,1,32,,0,0,《坛经》阅读,388,自由时间,虚拟区域（仙林）,00430100
0.0,000000,《经济发展理论》阅读(20171-00440030-1),201710044003078470,,3,悦读计划,200,4-18周,0,赵华,4-18周 自由时间 - 自由地点,0.0,公共课程,否,理论类课程,自由时间,2017-2018-1,,201710044003078470,,0,仙林校区,2017-2018学年 第1学期,78470,自由地点,0.0,否,03,1,32,,0,0,《经济发展理论》阅读,388,自由时间,虚拟区域（仙林）,00440030
0.0,000000,《集体行动的逻辑》阅读(20171-00440040-1),201710044004078471,,3,悦读计划,198,4-18周,0,郑东雅,4-18周 自由时间 - 自由地点,0.0,公共课程,否,理论类课程,自由时间,2017-2018-1,,201710044004078471,,0,仙林校区,2017-2018学年 第1学期,78471,自由地点,0.0,否,03,1,32,,0,0,《集体行动的逻辑》阅读,388,自由时间,虚拟区域（仙林）,00440040
0.0,000000,《不平等的代价》阅读(20171-00440050-1),201710044005078472,,3,悦读计划,199,4-18周,0,王宇伟,4-18周 自由时间 - 自由地点,0.0,公共课程,否,理论类课程,自由时间,2017-2018-1,,201710044005078472,,0,仙林校区,2017-2018学年 第1学期,78472,自由地点,0.0,否,03,1,32,,0,0,《不平等的代价》阅读,388,自由时间,虚拟区域（仙林）,00440050
0.0,000000,《乡土中国 生育制度》阅读(20171-00440060-1),201710044006078473,,3,悦读计划,120,4-18周,0,陆远,4-18周 自由时间 - 自由地点,0.0,公共课程,否,理论类课程,自由时间,2017-2018-1,,201710044006078473,,0,仙林校区,2017-2018学年 第1学期,78473,自由地点,0.0,否,03,1,32,,0,0,《乡土中国 生育制度》阅读,388,自由时间,虚拟区域（仙林）,00440060
0.0,000000,《乡土中国 生育制度》阅读(20171-00440060-2),201710044006078474,,3,悦读计划,120,4-18周,0,朱安新,4-18周 自由时间 - 自由地点,0.0,公共课程,否,理论类课程,自由时间,2017-2018-1,,201710044006078474,,0,仙林校区,2017-2018学年 第1学期,78474,自由地点,0.0,否,03,1,32,,0,0,《乡土中国 生育制度》阅读,388,自由时间,虚拟区域（仙林）,00440060
0.0,000000,《中国人》（《吾土吾民》）阅读(20171-00440070-1),201710044007078475,,3,悦读计划,120,4-18周,0,翟学伟,4-18周 自由时间 - 自由地点,0.0,公共课程,否,理论类课程,自由时间,2017-2018-1,,201710044007078475,,0,仙林校区,2017-2018学年 第1学期,78475,自由地点,0.0,否,03,1,32,,0,0,《中国人》（《吾土吾民》）阅读,388,自由时间,虚拟区域（仙林）,00440070
0.0,000000,《中国人》（《吾土吾民》）阅读(20171-00440070-2),201710044007078476,,3,悦读计划,120,4-18周,0,杨德睿,4-18周 自由时间 - 自由地点,0.0,公共课程,否,理论类课程,自由时间,2017-2018-1,,201710044007078476,,0,仙林校区,2017-2018学年 第1学期,78476,自由地点,0.0,否,03,1,32,,0,0,《中国人》（《吾土吾民》）阅读,388,自由时间,虚拟区域（仙林）,00440070
0.0,000000,《旧制度与大革命》阅读(20171-00440080-1),201710044008078477,,3,悦读计划,119,4-18周,0,郑震,4-18周 自由时间 - 自由地点,0.0,公共课程,否,理论类课程,自由时间,2017-2018-1,,201710044008078477,,0,仙林校区,2017-2018学年 第1学期,78477,自由地点,0.0,否,03,1,32,,0,0,《旧制度与大革命》阅读,388,自由时间,虚拟区域（仙林）,00440080
0.0,000000,《旧制度与大革命》阅读(20171-00440080-2),201710044008078478,,3,悦读计划,120,4-18周,0,王波,4-18周 自由时间 - 自由地点,0.0,公共课程,否,理论类课程,自由时间,2017-2018-1,,201710044008078478,,0,仙林校区,2017-2018学年 第1学期,78478,自由地点,0.0,否,03,1,32,,0,0,《旧制度与大革命》阅读,388,自由时间,虚拟区域（仙林）,00440080
0.0,000000,《白领：美国的中产阶级》阅读(20171-00440090-1),201710044009078479,,3,悦读计划,120,4-18周,0,周晓虹,4-18周 自由时间 - 自由地点,0.0,公共课程,否,理论类课程,自由时间,2017-2018-1,,201710044009078479,,0,仙林校区,2017-2018学年 第1学期,78479,自由地点,0.0,否,03,1,32,,0,0,《白领：美国的中产阶级》阅读,388,自由时间,虚拟区域（仙林）,00440090
0.0,000000,《白领：美国的中产阶级》阅读(20171-00440090-2),201710044009078480,,3,悦读计划,120,4-18周,0,陈昌凯,4-18周 自由时间 - 自由地点,0.0,公共课程,否,理论类课程,自由时间,2017-2018-1,,201710044009078480,,0,仙林校区,2017-2018学年 第1学期,78480,自由地点,0.0,否,03,1,32,,0,0,《白领：美国的中产阶级》阅读,388,自由时间,虚拟区域（仙林）,00440090
0.0,000000,《资本主义文化矛盾》阅读(20171-00440100-1),201710044010078481,,3,悦读计划,118,4-18周,0,成伯清,4-18周 自由时间 - 自由地点,0.0,公共课程,否,理论类课程,自由时间,2017-2018-1,,201710044010078481,,0,仙林校区,2017-2018学年 第1学期,78481,自由地点,0.0,否,03,1,32,,0,0,《资本主义文化矛盾》阅读,388,自由时间,虚拟区域（仙林）,00440100
0.0,000000,《资本主义文化矛盾》阅读(20171-00440100-2),201710044010078482,,3,悦读计划,120,4-18周,0,张玉林,4-18周 自由时间 - 自由地点,0.0,公共课程,否,理论类课程,自由时间,2017-2018-1,,201710044010078482,,0,仙林校区,2017-2018学年 第1学期,78482,自由地点,0.0,否,03,1,32,,0,0,《资本主义文化矛盾》阅读,388,自由时间,虚拟区域（仙林）,00440100
0.0,000000,《资本论》阅读(20171-00440110-1),201710044011078469,,3,悦读计划,199,4-18周,0,葛扬,4-18周 自由时间 - 自由地点,0.0,公共课程,否,理论类课程,自由时间,2017-2018-1,,201710044011078469,,0,仙林校区,2017-2018学年 第1学期,78469,自由地点,0.0,否,03,1,32,,0,0,《资本论》阅读,388,自由时间,虚拟区域（仙林）,00440110
0.0,000000,《国家竞争优势》阅读(20171-00440120-1),201710044012078468,,3,悦读计划,199,4-18周,0,江静,4-18周 自由时间 - 自由地点,0.0,公共课程,否,理论类课程,自由时间,2017-2018-1,,201710044012078468,,0,仙林校区,2017-2018学年 第1学期,78468,自由地点,0.0,否,03,1,32,,0,0,《国家竞争优势》阅读,388,自由时间,虚拟区域（仙林）,00440120
0.0,000000,《漫游诺贝尔奖创造的世界——化学之旅》阅读(20171-00450010-1),201710045001078487,,3,悦读计划,120,4-18周,0,王欢,4-18周 自由时间 - 自由地点,0.0,公共课程,否,理论类课程,自由时间,2017-2018-1,,201710045001078487,,0,仙林校区,2017-2018学年 第1学期,78487,自由地点,0.0,否,03,1,32,,0,0,《漫游诺贝尔奖创造的世界——化学之旅》阅读,388,自由时间,虚拟区域（仙林）,00450010
0.0,000000,《漫游诺贝尔奖创造的世界——化学之旅》阅读(20171-00450010-2),201710045001078488,,3,悦读计划,119,4-18周,0,黄硕,4-18周 自由时间 - 自由地点,0.0,公共课程,否,理论类课程,自由时间,2017-2018-1,,201710045001078488,,0,仙林校区,2017-2018学年 第1学期,78488,自由地点,0.0,否,03,1,32,,0,0,《漫游诺贝尔奖创造的世界——化学之旅》阅读,388,自由时间,虚拟区域（仙林）,00450010
0.0,000000,《中国自然地理纲要》阅读(20171-00450020-1),201710045002078491,,3,悦读计划,149,4-18周,0,马春梅,4-18周 自由时间 - 自由地点,0.0,公共课程,否,理论类课程,自由时间,2017-2018-1,,201710045002078491,,0,仙林校区,2017-2018学年 第1学期,78491,自由地点,8.0,否,03,1,24,,0,0,《中国自然地理纲要》阅读,388,自由时间,虚拟区域（仙林）,00450020
0.0,000000,《中国自然地理纲要》阅读(20171-00450020-2),201710045002078492,,3,悦读计划,119,4-18周,0,张永战,4-18周 自由时间 - 自由地点,0.0,公共课程,否,理论类课程,自由时间,2017-2018-1,,201710045002078492,,0,仙林校区,2017-2018学年 第1学期,78492,自由地点,8.0,否,03,1,24,,0,0,《中国自然地理纲要》阅读,388,自由时间,虚拟区域（仙林）,00450020
0.0,000000,《物种起源》阅读(20171-00450030-1),201710045003078493,,3,悦读计划,120,4-18周,0,王强,4-18周 自由时间 - 自由地点,0.0,公共课程,否,理论类课程,自由时间,2017-2018-1,,201710045003078493,,0,仙林校区,2017-2018学年 第1学期,78493,自由地点,0.0,否,03,1,32,,0,0,《物种起源》阅读,388,自由时间,虚拟区域（仙林）,00450030
0.0,000000,《物种起源》阅读(20171-00450030-2),201710045003078494,,3,悦读计划,118,4-18周,0,邵珠卿,4-18周 自由时间 - 自由地点,0.0,公共课程,否,理论类课程,自由时间,2017-2018-1,,201710045003078494,,0,仙林校区,2017-2018学年 第1学期,78494,自由地点,0.0,否,03,1,32,,0,0,《物种起源》阅读,388,自由时间,虚拟区域（仙林）,00450030
0.0,000000,《什么是数学？》阅读(20171-00450040-1),201710045004078483,,3,悦读计划,150,4-18周,0,郭学军,4-18周 自由时间 - 自由地点,0.0,公共课程,否,理论类课程,自由时间,2017-2018-1,,201710045004078483,,0,仙林校区,2017-2018学年 第1学期,78483,自由地点,0.0,否,03,1,32,,0,0,《什么是数学？》阅读,388,自由时间,虚拟区域（仙林）,00450040
0.0,000000,《什么是数学？》阅读(20171-00450040-2),201710045004078484,,3,悦读计划,120,4-18周,0,纪庆忠,4-18周 自由时间 - 自由地点,0.0,公共课程,否,理论类课程,自由时间,2017-2018-1,,201710045004078484,,0,仙林校区,2017-2018学年 第1学期,78484,自由地点,0.0,否,03,1,32,,0,0,《什么是数学？》阅读,388,自由时间,虚拟区域（仙林）,00450040
0.0,000000,《科学研究的艺术》阅读(20171-00450050-1),201710045005078500,,3,悦读计划,200,4-18周,0,董磊,4-18周 自由时间 - 自由地点,0.0,公共课程,否,理论类课程,自由时间,2017-2018-1,,201710045005078500,,0,仙林校区,2017-2018学年 第1学期,78500,自由地点,0.0,否,03,1,32,,0,0,《科学研究的艺术》阅读,388,自由时间,虚拟区域（仙林）,00450050
0.0,000000,《信息简史》阅读(20171-00450060-1),201710045006078495,,3,悦读计划,200,4-18周,0,吴楠,4-18周 自由时间 - 自由地点,0.0,公共课程,否,理论类课程,自由时间,2017-2018-1,,201710045006078495,,0,仙林校区,2017-2018学年 第1学期,78495,自由地点,0.0,否,03,1,32,,0,0,《信息简史》阅读,388,自由时间,虚拟区域（仙林）,00450060
0.0,000000,《千亿个太阳：恒星的诞生、演变和衰亡》阅读(20171-00450070-1),201710045007078489,,3,悦读计划,120,4-18周,0,罗新炼,4-18周 自由时间 - 自由地点,0.0,公共课程,否,理论类课程,自由时间,2017-2018-1,,201710045007078489,,0,仙林校区,2017-2018学年 第1学期,78489,自由地点,0.0,否,03,1,32,,0,0,《千亿个太阳：恒星的诞生、演变和衰亡》阅读,388,自由时间,虚拟区域（仙林）,00450070
0.0,000000,《千亿个太阳：恒星的诞生、演变和衰亡》阅读(20171-00450070-2),201710045007078490,,3,悦读计划,120,4-18周,0,徐晓杰,4-18周 自由时间 - 自由地点,0.0,公共课程,否,理论类课程,自由时间,2017-2018-1,,201710045007078490,,0,仙林校区,2017-2018学年 第1学期,78490,自由地点,0.0,否,03,1,32,,0,0,《千亿个太阳：恒星的诞生、演变和衰亡》阅读,388,自由时间,虚拟区域（仙林）,00450070
0.0,000000,《时间简史》阅读(20171-00450080-1),201710045008078485,,3,悦读计划,119,4-18周,0,沈瑞,4-18周 自由时间 - 自由地点,0.0,公共课程,否,理论类课程,自由时间,2017-2018-1,,201710045008078485,,0,仙林校区,2017-2018学年 第1学期,78485,自由地点,0.0,否,03,1,32,,0,0,《时间简史》阅读,388,自由时间,虚拟区域（仙林）,00450080
0.0,000000,《时间简史》阅读(20171-00450080-2),201710045008078486,,3,悦读计划,119,4-18周,0,范仁浩,4-18周 自由时间 - 自由地点,0.0,公共课程,否,理论类课程,自由时间,2017-2018-1,,201710045008078486,,0,仙林校区,2017-2018学年 第1学期,78486,自由地点,0.0,否,03,1,32,,0,0,《时间简史》阅读,388,自由时间,虚拟区域（仙林）,00450080
0.0,000000,《大流感 最致命瘟疫的史诗》阅读(20171-00450090-1),201710045009078496,,3,悦读计划,197,4-18周,0,张骑鹏,4-18周 自由时间 - 自由地点,0.0,公共课程,否,理论类课程,自由时间,2017-2018-1,,201710045009078496,,0,仙林校区,2017-2018学年 第1学期,78496,自由地点,0.0,否,03,1,32,,0,0,《大流感 最致命瘟疫的史诗》阅读,388,自由时间,虚拟区域（仙林）,00450090
0.0,000000,《量子之谜：物理学遇到意识》阅读(20171-00450100-1),201710045010078498,,3,悦读计划,120,4-18周,0,李俊,4-18周 自由时间 - 自由地点,0.0,公共课程,否,理论类课程,自由时间,2017-2018-1,,201710045010078498,,0,仙林校区,2017-2018学年 第1学期,78498,自由地点,0.0,否,03,1,32,,0,0,《量子之谜：物理学遇到意识》阅读,388,自由时间,虚拟区域（仙林）,00450100
0.0,000000,《量子之谜：物理学遇到意识》阅读(20171-00450100-2),201710045010078499,,3,悦读计划,119,4-18周,0,龚彦晓,4-18周 自由时间 - 自由地点,0.0,公共课程,否,理论类课程,自由时间,2017-2018-1,,201710045010078499,,0,仙林校区,2017-2018学年 第1学期,78499,自由地点,0.0,否,03,1,32,,0,0,《量子之谜：物理学遇到意识》阅读,388,自由时间,虚拟区域（仙林）,00450100
0.0,000000,《世界是平的：21世纪简史》阅读(20171-00460010-1),201710046001078518,,3,悦读计划,117,4-18周,0,王艳,4-18周 自由时间 - 自由地点,0.0,公共课程,否,理论类课程,自由时间,2017-2018-1,,201710046001078518,,0,仙林校区,2017-2018学年 第1学期,78518,自由地点,0.0,否,03,1,32,,0,0,《世界是平的：21世纪简史》阅读,388,自由时间,虚拟区域（仙林）,00460010
0.0,000000,《世界是平的：21世纪简史》阅读(20171-00460010-2),201710046001078519,,3,悦读计划,119,4-18周,0,钦文,4-18周 自由时间 - 自由地点,0.0,公共课程,否,理论类课程,自由时间,2017-2018-1,,201710046001078519,,0,仙林校区,2017-2018学年 第1学期,78519,自由地点,0.0,否,03,1,32,,0,0,《世界是平的：21世纪简史》阅读,388,自由时间,虚拟区域（仙林）,00460010
0.0,000000,《文明的冲突与世界秩序的重建》阅读(20171-00460020-1),201710046002078520,,3,悦读计划,120,4-18周,0,朱雪峰,4-18周 自由时间 - 自由地点,0.0,公共课程,否,理论类课程,自由时间,2017-2018-1,,201710046002078520,,0,仙林校区,2017-2018学年 第1学期,78520,自由地点,0.0,否,03,1,32,,0,0,《文明的冲突与世界秩序的重建》阅读,388,自由时间,虚拟区域（仙林）,00460020
0.0,000000,《文明的冲突与世界秩序的重建》阅读(20171-00460020-2),201710046002078521,,3,悦读计划,117,4-18周,0,高虹,4-18周 自由时间 - 自由地点,0.0,公共课程,否,理论类课程,自由时间,2017-2018-1,,201710046002078521,,0,仙林校区,2017-2018学年 第1学期,78521,自由地点,0.0,否,03,1,32,,0,0,《文明的冲突与世界秩序的重建》阅读,388,自由时间,虚拟区域（仙林）,00460020
0.0,000000,《帝国：全球化的政治秩序》阅读(20171-00460030-1),201710046003078515,,3,悦读计划,128,4-18周,0,但汉松,4-18周 自由时间 - 自由地点,0.0,公共课程,否,理论类课程,自由时间,2017-2018-1,,201710046003078515,,0,仙林校区,2017-2018学年 第1学期,78515,自由地点,0.0,否,03,1,32,,0,0,《帝国：全球化的政治秩序》阅读,388,自由时间,虚拟区域（仙林）,00460030
0.0,000000,《帝国：全球化的政治秩序》阅读(20171-00460030-2),201710046003078516,,3,悦读计划,119,4-18周,0,周越,4-18周 自由时间 - 自由地点,0.0,公共课程,否,理论类课程,自由时间,2017-2018-1,,201710046003078516,,0,仙林校区,2017-2018学年 第1学期,78516,自由地点,0.0,否,03,1,32,,0,0,《帝国：全球化的政治秩序》阅读,388,自由时间,虚拟区域（仙林）,00460030
0.0,000000,《孙子兵法译注》阅读(20171-00460040-1),201710046004078501,,3,悦读计划,119,4-18周,0,贾良定,4-18周 自由时间 - 自由地点,0.0,公共课程,否,理论+实践课程,自由时间,2017-2018-1,,201710046004078501,,0,仙林校区,2017-2018学年 第1学期,78501,自由地点,0.0,否,03,5,16,,16,0,《孙子兵法译注》阅读,388,自由时间,虚拟区域（仙林）,00460040
0.0,000000,《孙子兵法译注》阅读(20171-00460040-2),201710046004078502,,3,悦读计划,146,4-18周,0,杨新,4-18周 自由时间 - 自由地点,0.0,公共课程,否,理论+实践课程,自由时间,2017-2018-1,,201710046004078502,,0,仙林校区,2017-2018学年 第1学期,78502,自由地点,0.0,否,03,5,16,,16,0,《孙子兵法译注》阅读,388,自由时间,虚拟区域（仙林）,00460040
0.0,000000,《控制论：或关于在动物和机器中控制和通信的科学》阅读(20171-00460050-1),201710046005078509,,3,悦读计划,130,4-18周,0,徐小林,4-18周 自由时间 - 自由地点,0.0,公共课程,否,理论类课程,自由时间,2017-2018-1,,201710046005078509,,0,仙林校区,2017-2018学年 第1学期,78509,自由地点,0.0,否,03,1,32,,0,0,《控制论：或关于在动物和机器中控制和通信的科学》阅读,388,自由时间,虚拟区域（仙林）,00460050
0.0,000000,《控制论：或关于在动物和机器中控制和通信的科学》阅读(20171-00460050-2),201710046005078510,,3,悦读计划,118,4-18周,0,宋哲,4-18周 自由时间 - 自由地点,0.0,公共课程,否,理论类课程,自由时间,2017-2018-1,,201710046005078510,,0,仙林校区,2017-2018学年 第1学期,78510,自由地点,0.0,否,03,1,32,,0,0,《控制论：或关于在动物和机器中控制和通信的科学》阅读,388,自由时间,虚拟区域（仙林）,00460050
0.0,000000,《卓有成效的管理者》阅读(20171-00460060-1),201710046006078513,,3,悦读计划,119,4-18周,0,张骁,4-18周 自由时间 - 自由地点,0.0,公共课程,否,理论类课程,自由时间,2017-2018-1,,201710046006078513,,0,仙林校区,2017-2018学年 第1学期,78513,自由地点,0.0,否,03,1,32,,0,0,《卓有成效的管理者》阅读,388,自由时间,虚拟区域（仙林）,00460060
0.0,000000,《卓有成效的管理者》阅读(20171-00460060-2),201710046006078514,,3,悦读计划,119,4-18周,0,万国光,4-18周 自由时间 - 自由地点,0.0,公共课程,否,理论类课程,自由时间,2017-2018-1,,201710046006078514,,0,仙林校区,2017-2018学年 第1学期,78514,自由地点,0.0,否,03,1,32,,0,0,《卓有成效的管理者》阅读,388,自由时间,虚拟区域（仙林）,00460060
0.0,000000,《从传统人到现代人：六个发展中国家中的个人变化》阅读(20171-00460070-1),201710046007078507,,3,悦读计划,120,4-18周,0,朱虹,4-18周 自由时间 - 自由地点,0.0,公共课程,否,理论类课程,自由时间,2017-2018-1,,201710046007078507,,0,仙林校区,2017-2018学年 第1学期,78507,自由地点,0.0,否,03,1,32,,0,0,《从传统人到现代人：六个发展中国家中的个人变化》阅读,388,自由时间,虚拟区域（仙林）,00460070
0.0,000000,《从传统人到现代人：六个发展中国家中的个人变化》阅读(20171-00460070-2),201710046007078508,,3,悦读计划,120,4-18周,0,陆远,4-18周 自由时间 - 自由地点,0.0,公共课程,否,理论类课程,自由时间,2017-2018-1,,201710046007078508,,0,仙林校区,2017-2018学年 第1学期,78508,自由地点,0.0,否,03,1,32,,0,0,《从传统人到现代人：六个发展中国家中的个人变化》阅读,388,自由时间,虚拟区域（仙林）,00460070
0.0,000000,《变革的力量》阅读(20171-00460080-1),201710046008078503,,3,悦读计划,119,4-18周,0,龙静,4-18周 自由时间 - 自由地点,0.0,公共课程,否,理论类课程,自由时间,2017-2018-1,,201710046008078503,,0,仙林校区,2017-2018学年 第1学期,78503,自由地点,0.0,否,03,1,32,,0,0,《变革的力量》阅读,388,自由时间,虚拟区域（仙林）,00460080
0.0,000000,《变革的力量》阅读(20171-00460080-2),201710046008078504,,3,悦读计划,119,4-18周,0,李嘉,4-18周 自由时间 - 自由地点,0.0,公共课程,否,理论类课程,自由时间,2017-2018-1,,201710046008078504,,0,仙林校区,2017-2018学年 第1学期,78504,自由地点,0.0,否,03,1,32,,0,0,《变革的力量》阅读,388,自由时间,虚拟区域（仙林）,00460080
0.0,000000,《个人与组织的未来》阅读(20171-00460090-1),201710046009078505,,3,悦读计划,118,4-18周,0,程德俊,4-18周 自由时间 - 自由地点,0.0,公共课程,否,理论类课程,自由时间,2017-2018-1,,201710046009078505,,0,仙林校区,2017-2018学年 第1学期,78505,自由地点,0.0,否,03,1,32,,0,0,《个人与组织的未来》阅读,388,自由时间,虚拟区域（仙林）,00460090
0.0,000000,《个人与组织的未来》阅读(20171-00460090-2),201710046009078506,,3,悦读计划,112,4-18周,0,李虎,4-18周 自由时间 - 自由地点,0.0,公共课程,否,理论类课程,自由时间,2017-2018-1,,201710046009078506,,0,仙林校区,2017-2018学年 第1学期,78506,自由地点,0.0,否,03,1,32,,0,0,《个人与组织的未来》阅读,388,自由时间,虚拟区域（仙林）,00460090
0.0,000000,《文化与组织》阅读(20171-00460100-1),201710046010078511,,3,悦读计划,119,4-18周,0,钱海燕,4-18周 自由时间 - 自由地点,0.0,公共课程,否,理论类课程,自由时间,2017-2018-1,,201710046010078511,,0,仙林校区,2017-2018学年 第1学期,78511,自由地点,0.0,否,03,1,32,,0,0,《文化与组织》阅读,388,自由时间,虚拟区域（仙林）,00460100
0.0,000000,《文化与组织》阅读(20171-00460100-2),201710046010078512,,3,悦读计划,120,4-18周,0,汪丽,4-18周 自由时间 - 自由地点,0.0,公共课程,否,理论类课程,自由时间,2017-2018-1,,201710046010078512,,0,仙林校区,2017-2018学年 第1学期,78512,自由地点,0.0,否,03,1,32,,0,0,《文化与组织》阅读,388,自由时间,虚拟区域（仙林）,00460100
32.0,000000,中国书画之美(20171-00512250-1),201710051225078737,,3,DIY研读课,15,3-15周,0,黄正明,3-15周 周一 第9节-第10节 仙Ⅰ-324,2.0,公共课程,否,理论类课程,周一,2017-2018-1,,201710051225078737,,0,仙林校区,2017-2018学年 第1学期,78737,仙Ⅰ-324,0.0,否,04,1,32,,0,0,中国书画之美,11,第9节-第10节,仙I区,00512250
48.0,000000,现实：文学与艺术中的现实主义与理想主义(20171-00512260-1),201710051226078738,,3,DIY研读课,68,"1-12周,1-12周",0,"张璐,勒克莱齐奥","1-12周 周二 第9节-第10节 逸B-105,1-12周 周四 第9节-第10节 逸B-105",3.0,公共课程,否,理论类课程,"周二,周四",2017-2018-1,,201710051226078738,,0,仙林校区,2017-2018学年 第1学期,78738,"逸B-105,逸B-105",0.0,否,04,1,48,,0,0,现实：文学与艺术中的现实主义与理想主义,16,"第9节-第10节,第9节-第10节",逸夫楼B区,00512260
32.0,000000,《左传》研读(20171-00512270-1),201710051227078742,,3,DIY研读课,14,3-15周,0,徐兴无,3-15周 周二 第9节-第11节 ,2.0,公共课程,否,理论类课程,周二,2017-2018-1,,201710051227078742,,0,仙林校区,2017-2018学年 第1学期,78742,文学院会议室221,0.0,否,04,1,32,,0,0,《左传》研读,,第9节-第11节,,00512270
32.0,000000,六朝文学经典研读(20171-00512280-1),201710051228078743,,3,DIY研读课,13,3-15周,0,曹虹,3-15周 周三 第9节-第10节 ,2.0,公共课程,否,理论类课程,周三,2017-2018-1,,201710051228078743,,0,仙林校区,2017-2018学年 第1学期,78743,文学院会议室221,0.0,否,04,1,32,,0,0,六朝文学经典研读,,第9节-第10节,,00512280
32.0,000000,鲁迅著作精读(20171-00512290-1),201710051229078744,,3,DIY研读课,22,3-13周,0,王彬彬,3-13周 周四 第9节-第11节 ,2.0,公共课程,否,,周四,2017-2018-1,,201710051229078744,,0,仙林校区,2017-2018学年 第1学期,78744,文学院会议室323,,否,04,,,,,0,鲁迅著作精读,,第9节-第11节,,00512290
32.0,000000,阅读契诃夫(20171-00512300-1),201710051230078745,,3,DIY研读课,15,3-15周,0,董晓,3-15周 周四 第9节-第10节 ,2.0,公共课程,否,理论类课程,周四,2017-2018-1,,201710051230078745,,0,仙林校区,2017-2018学年 第1学期,78745,文学院会议室221,0.0,否,04,1,32,,0,0,阅读契诃夫,,第9节-第10节,,00512300
32.0,000000,战国楚地竹简研读(20171-00512310-1),201710051231078746,,3,DIY研读课,12,3-15周,0,魏宜辉,3-15周 周五 第9节-第10节 ,2.0,公共课程,否,理论类课程,周五,2017-2018-1,,201710051231078746,,0,仙林校区,2017-2018学年 第1学期,78746,文学院会议室423,0.0,否,04,1,32,,0,0,战国楚地竹简研读,,第9节-第10节,,00512310
32.0,000000,艺术史的理论与方法(20171-00512320-1),201710051232078747,,1,DIY研读课,3,9-16周,0,周宪,9-16周 周一 第2节-第4节 ,2.0,公共课程,否,理论类课程,周一,2017-2018-1,,201710051232078747,,0,鼓楼校区,2017-2018学年 第1学期,78747,教113,0.0,否,04,1,32,,0,0,艺术史的理论与方法,,第2节-第4节,,00512320
32.0,000000,中国赋学研究(20171-00512330-1),201710051233078748,,3,DIY研读课,4,2-13周,0,许结,2-13周 周二 第5节-第6节 ,2.0,公共课程,否,理论类课程,周二,2017-2018-1,,201710051233078748,,0,仙林校区,2017-2018学年 第1学期,78748,逸B-401,0.0,否,04,1,32,,0,0,中国赋学研究,,第5节-第6节,,00512330
64.0,000000,文献学的理论与方法(20171-00512340-1),201710051234078739,,3,DIY研读课,5,3-18周,0,武秀成,3-18周 周三 第2节-第4节 ,4.0,公共课程,否,理论类课程,周三,2017-2018-1,,201710051234078739,,0,仙林校区,2017-2018学年 第1学期,78739,逸B403,0.0,否,04,1,64,,0,0,文献学的理论与方法,,第2节-第4节,,00512340
64.0,000000,汉语语音学专题(20171-00512350-1),201710051235078765,,3,DIY研读课,0,1-16周,0,顾黔,1-16周 周二 第2节-第4节 ,4.0,公共课程,否,理论类课程,周二,2017-2018-1,,201710051235078765,,0,仙林校区,2017-2018学年 第1学期,78765,文学院439室,0.0,否,04,1,64,,0,0,汉语语音学专题,,第2节-第4节,,00512350
64.0,000000,文化保守主义思潮与20世纪中国文学(20171-00512360-1),201710051236078766,,3,DIY研读课,2,1-16周,0,沈卫威,1-16周 周三 第2节-第4节 ,4.0,公共课程,否,理论类课程,周三,2017-2018-1,,201710051236078766,,0,仙林校区,2017-2018学年 第1学期,78766,逸B404,0.0,否,04,1,64,,0,0,文化保守主义思潮与20世纪中国文学,,第2节-第4节,,00512360
32.0,000000,近百年中国文学学术史与思潮史(20171-00512370-1),201710051237078767,,3,DIY研读课,1,1-16周,0,张光芒,1-16周 周三 第3节-第4节 ,2.0,公共课程,否,理论类课程,周三,2017-2018-1,,201710051237078767,,0,仙林校区,2017-2018学年 第1学期,78767,逸B310,0.0,否,04,1,32,,0,0,近百年中国文学学术史与思潮史,,第3节-第4节,,00512370
64.0,000000,启蒙主义思潮与20世纪中国文学(20171-00512380-1),201710051238078768,,3,DIY研读课,5,1-16周,0,张光芒,1-16周 周三 第5节-第7节 ,4.0,公共课程,否,理论类课程,周三,2017-2018-1,,201710051238078768,,0,仙林校区,2017-2018学年 第1学期,78768,逸B302,0.0,否,04,1,64,,0,0,启蒙主义思潮与20世纪中国文学,,第5节-第7节,,00512380
32.0,000000,现代文学思潮与人物(20171-00512390-1),201710051239078769,,3,DIY研读课,9,1-16周,0,沈卫威,1-16周 周三 第5节-第6节 ,2.0,公共课程,否,理论类课程,周三,2017-2018-1,,201710051239078769,,0,仙林校区,2017-2018学年 第1学期,78769,逸B401,0.0,否,04,1,32,,0,0,现代文学思潮与人物,,第5节-第6节,,00512390
48.0,000000,中国古代思想研究(20171-00522400-1),201710052240078770,,3,DIY研读课,23,2-14周,0,颜世安,2-14周 周一 第9节-第11节 仙Ⅰ-323,3.0,公共课程,否,理论类课程,周一,2017-2018-1,,201710052240078770,,0,仙林校区,2017-2018学年 第1学期,78770,仙Ⅰ-323,0.0,否,04,1,48,,0,0,中国古代思想研究,11,第9节-第11节,仙I区,00522400
32.0,000000,中外大学发展史(20171-00522410-1),201710052241078771,,1,DIY研读课,2,1-16周,0,王运来,1-16周 周一 第3节-第4节 ,2.0,公共课程,否,理论类课程,周一,2017-2018-1,,201710052241078771,,0,鼓楼校区,2017-2018学年 第1学期,78771,教111,0.0,否,04,1,32,,0,0,中外大学发展史,,第3节-第4节,,00522410
64.0,000000,中国历史地理研究(20171-00522420-1),201710052242078772,,3,DIY研读课,7,1-16周,0,胡阿祥,1-16周 周一 第5节-第7节 ,4.0,公共课程,否,理论类课程,周一,2017-2018-1,,201710052242078772,,0,仙林校区,2017-2018学年 第1学期,78772,逸C210,0.0,否,04,1,64,,0,0,中国历史地理研究,,第5节-第7节,,00522420
64.0,000000,明清史史料学(20171-00522430-1),201710052243078773,,3,DIY研读课,0,1-16周,0,范金民,1-16周 周一 第2节-第4节 ,4.0,公共课程,否,理论类课程,周一,2017-2018-1,,201710052243078773,,0,仙林校区,2017-2018学年 第1学期,78773,逸C303,0.0,否,04,1,64,,0,0,明清史史料学,,第2节-第4节,,00522430
32.0,000000,夏商文化研究(20171-00522440-1),201710052244078774,,3,DIY研读课,7,1-16周,0,水涛,1-16周 周三 第3节-第4节 ,2.0,公共课程,否,理论类课程,周三,2017-2018-1,,201710052244078774,,0,仙林校区,2017-2018学年 第1学期,78774,逸C403,0.0,否,04,1,32,,0,0,夏商文化研究,,第3节-第4节,,00522440
32.0,000000,中外教育史专题(20171-00522450-1),201710052245078740,,1,DIY研读课,2,1-16周,0,王运来,1-16周 周四 第3节-第4节 ,2.0,公共课程,否,理论类课程,周四,2017-2018-1,,201710052245078740,,0,鼓楼校区,2017-2018学年 第1学期,78740,教111,0.0,否,04,1,32,,0,0,中外教育史专题,,第3节-第4节,,00522450
32.0,000000,中日考古学理论与方法(20171-00522460-1),201710052246078775,,3,DIY研读课,6,3-18周,0,黄建秋,3-18周 周四 第3节-第4节 ,2.0,公共课程,否,理论类课程,周四,2017-2018-1,,201710052246078775,,0,仙林校区,2017-2018学年 第1学期,78775,逸B305,0.0,否,04,1,32,,0,0,中日考古学理论与方法,,第3节-第4节,,00522460
32.0,000000,文化遗产研究专题(20171-00522470-1),201710052247078776,,3,DIY研读课,7,3-18周,0,贺云翱,3-18周 周四 第9节-第10节 ,2.0,公共课程,否,理论类课程,周四,2017-2018-1,,201710052247078776,,0,仙林校区,2017-2018学年 第1学期,78776,仙1—323,0.0,否,04,1,32,,0,0,文化遗产研究专题,,第9节-第10节,,00522470
32.0,000000,城市考古与城市文化(20171-00522480-1),201710052248078777,,3,DIY研读课,6,1-16周,0,贺云翱,1-16周 周五 第9节-第10节 ,2.0,公共课程,否,理论类课程,周五,2017-2018-1,,201710052248078777,,0,仙林校区,2017-2018学年 第1学期,78777,仙2-315,0.0,否,04,1,32,,0,0,城市考古与城市文化,,第9节-第10节,,00522480
32.0,000000,文物学研究(20171-00522740-1),201710052274079024,,3,DIY研读课,9,4-18周(双),0,周晓陆,4-18周(双) 周三 第9节-第11节 ,2.0,公共课程,否,理论类课程,周三,2017-2018-1,,201710052274079024,,0,仙林校区,2017-2018学年 第1学期,79024,逸C302,0.0,否,04,1,32,,0,0,文物学研究,,第9节-第11节,,00522740
64.0,000000,东方哲学与宗教概论(20171-00532490-1),201710053249078778,,3,DIY研读课,7,1-16周,0,洪修平,1-16周 周一 第5节-第7节 ,4.0,公共课程,否,理论类课程,周一,2017-2018-1,,201710053249078778,,0,仙林校区,2017-2018学年 第1学期,78778,哲学系210,0.0,否,04,1,64,,0,0,东方哲学与宗教概论,,第5节-第7节,,00532490
64.0,000000,辩证逻辑(20171-00532500-1),201710053250078779,,3,DIY研读课,7,1-16周,0,张建军,1-16周 周二 第9节-第11节 ,4.0,公共课程,否,理论类课程,周二,2017-2018-1,,201710053250078779,,0,仙林校区,2017-2018学年 第1学期,78779,哲学系216,0.0,否,04,1,64,,0,0,辩证逻辑,,第9节-第11节,,00532500
64.0,000000,马克思主义哲学原著精读(20171-00532510-1),201710053251078780,,3,DIY研读课,2,1-16周,0,唐正东,1-16周 周三 第2节-第4节 ,4.0,公共课程,否,理论类课程,周三,2017-2018-1,,201710053251078780,,0,仙林校区,2017-2018学年 第1学期,78780,哲学系104,0.0,否,04,1,64,,0,0,马克思主义哲学原著精读,,第2节-第4节,,00532510
64.0,000000,“马克思哲学”与“西方马克思学”专题研究(20171-00532520-1),201710053252078781,,3,DIY研读课,2,1-16周,0,张亮,1-16周 周三 第9节-第11节 ,4.0,公共课程,否,理论类课程,周三,2017-2018-1,,201710053252078781,,0,仙林校区,2017-2018学年 第1学期,78781,哲学系102,0.0,否,04,1,64,,0,0,“马克思哲学”与“西方马克思学”专题研究,,第9节-第11节,,00532520
48.0,000000,中国马克思主义与当代(20171-00532530-1),201710053253078782,,3,DIY研读课,8,3-18周,0,张异宾,3-18周 周四 第5节-第6节 ,3.0,公共课程,否,理论类课程,周四,2017-2018-1,,201710053253078782,,0,仙林校区,2017-2018学年 第1学期,78782,仙1—106,0.0,否,04,1,48,,0,0,中国马克思主义与当代,,第5节-第6节,,00532530
64.0,000000,马恩早期哲学著作选读(20171-00532540-1),201710053254078783,,3,DIY研读课,3,1-16周,0,胡大平,1-16周 周四 第5节-第7节 ,4.0,公共课程,否,理论类课程,周四,2017-2018-1,,201710053254078783,,0,仙林校区,2017-2018学年 第1学期,78783,哲学系102,0.0,否,04,1,64,,0,0,马恩早期哲学著作选读,,第5节-第7节,,00532540
48.0,000000,公民参与和社会运动(20171-00542550-1),201710054255078784,,3,DIY研读课,13,9-16周,0,肖唐镖,9-16周 周三 第9节-第11节 ,3.0,公共课程,否,理论类课程,周三,2017-2018-1,,201710054255078784,,0,仙林校区,2017-2018学年 第1学期,78784,圣达楼 会议室324,0.0,否,04,1,48,,0,0,公民参与和社会运动,,第9节-第11节,,00542550
32.0,000000,社会科学研究方法(20171-00542560-1),201710054256078785,,1,DIY研读课,2,3-16周,0,风笑天,3-16周 周一 第3节-第4节 ,2.0,公共课程,否,理论类课程,周一,2017-2018-1,,201710054256078785,,0,鼓楼校区,2017-2018学年 第1学期,78785,费彝民楼新闻学院418,0.0,否,04,1,32,,0,0,社会科学研究方法,,第3节-第4节,,00542560
64.0,000000,政治学基础理论研究(20171-00542570-1),201710054257078786,,3,DIY研读课,3,3-18周,0,张凤阳,3-18周 周四 第5节-第7节 ,4.0,公共课程,否,理论类课程,周四,2017-2018-1,,201710054257078786,,0,仙林校区,2017-2018学年 第1学期,78786,圣达楼 125室,0.0,否,04,1,64,,0,0,政治学基础理论研究,,第5节-第7节,,00542570
32.0,000000,政治学的基本概念(20171-00542580-1),201710054258078750,,3,DIY研读课,4,1-18周,0,张凤阳,1-18周 周二 第5节-第6节 ,2.0,公共课程,否,理论类课程,周二,2017-2018-1,,201710054258078750,,0,仙林校区,2017-2018学年 第1学期,78750,圣达楼-105,0.0,否,04,1,32,,0,0,政治学的基本概念,,第5节-第6节,,00542580
32.0,000000,中国人口问题研究(20171-00542590-1),201710054259078751,,3,DIY研读课,0,4-18周,0,陈友华,4-18周 周一 第1节-第4节 ,2.0,公共课程,否,理论类课程,周一,2017-2018-1,,201710054259078751,,0,仙林校区,2017-2018学年 第1学期,78751,河仁楼101教室,0.0,否,04,1,32,,0,0,中国人口问题研究,,第1节-第4节,,00542590
32.0,000000,社会研究实例解析(20171-00542600-1),201710054260078752,,3,DIY研读课,7,1-18周,0,风笑天,1-18周 周三 第5节-第6节 ,2.0,公共课程,否,理论类课程,周三,2017-2018-1,,201710054260078752,,0,仙林校区,2017-2018学年 第1学期,78752,河仁楼 中和厅,0.0,否,04,1,32,,0,0,社会研究实例解析,,第5节-第6节,,00542600
32.0,000000,公共行政学理论与研究方法论(20171-00542610-1),201710054261078753,,3,DIY研读课,4,1-12周,0,张康之,1-12周 周三 第5节-第6节 ,2.0,公共课程,否,理论类课程,周三,2017-2018-1,,201710054261078753,,0,仙林校区,2017-2018学年 第1学期,78753,圣达楼 会议室113,0.0,否,04,1,32,,0,0,公共行政学理论与研究方法论,,第5节-第6节,,00542610
32.0,000000,政治社会学专题研究(20171-00542620-1),201710054262078754,,3,DIY研读课,6,1-16周,0,李里峰,1-16周 周三 第5节-第6节 ,2.0,公共课程,否,理论类课程,周三,2017-2018-1,,201710054262078754,,0,仙林校区,2017-2018学年 第1学期,78754,圣达楼 会议室107,0.0,否,04,1,32,,0,0,政治社会学专题研究,,第5节-第6节,,00542620
32.0,000000,公共管理理论与发展研究(20171-00542630-1),201710054263078741,,3,DIY研读课,6,3-18周,0,"张康之,张乾友",3-18周 周四 第3节-第4节 ,2.0,公共课程,否,理论类课程,周四,2017-2018-1,,201710054263078741,,0,仙林校区,2017-2018学年 第1学期,78741,圣达楼 107室,0.0,否,04,1,32,,0,0,公共管理理论与发展研究,,第3节-第4节,,00542630
32.0,000000,中国人社会行为分析(20171-00542640-1),201710054264078755,,3,DIY研读课,7,1-16周,0,翟学伟,1-16周 周四 第5节-第6节 ,2.0,公共课程,否,理论类课程,周四,2017-2018-1,,201710054264078755,,0,仙林校区,2017-2018学年 第1学期,78755,河仁楼 119,0.0,否,04,1,32,,0,0,中国人社会行为分析,,第5节-第6节,,00542640
32.0,000000,现代人口分析技术(20171-00542650-1),201710054265078756,,3,DIY研读课,6,2-18周,0,陈友华,2-18周 周二 第9节-第10节 ,2.0,公共课程,否,理论类课程,周二,2017-2018-1,,201710054265078756,,0,仙林校区,2017-2018学年 第1学期,78756,河仁楼 255室,0.0,否,04,1,32,,0,0,现代人口分析技术,,第9节-第10节,,00542650
64.0,000000,政治学研究方法(20171-00542660-1),201710054266078757,,3,DIY研读课,4,1-16周,0,肖唐镖,1-16周 周四 第9节-第11节 ,4.0,公共课程,否,理论类课程,周四,2017-2018-1,,201710054266078757,,0,仙林校区,2017-2018学年 第1学期,78757,圣达楼 会议室324,0.0,否,04,1,64,,0,0,政治学研究方法,,第9节-第11节,,00542660
64.0,000000,政治学研究方法论(20171-00542670-1),201710054267078758,,3,DIY研读课,3,1-16周,0,,1-16周 周五 第6节-第8节 ,4.0,公共课程,否,实践类课程,周五,2017-2018-1,,201710054267078758,,0,仙林校区,2017-2018学年 第1学期,78758,圣达楼 会议室324,0.0,否,04,3,0,,64,0,政治学研究方法论,,第6节-第8节,,00542670
32.0,000000,人文地理研究(20171-00552680-1),201710055268078759,,3,DIY研读课,15,3-15周,0,张捷,3-15周 周三 第9节-第10节 ,2.0,公共课程,否,理论类课程,周三,2017-2018-1,,201710055268078759,,0,仙林校区,2017-2018学年 第1学期,78759,地海学院 会议室427,0.0,否,04,1,32,,0,0,人文地理研究,,第9节-第10节,,00552680
32.0,000000,朝鲜语初程(20171-00562690-1),201710056269078760,,3,DIY研读课,30,2-16周,0,吴玉梅,2-16周 周二 第9节-第10节 仙Ⅰ-409,2.0,公共课程,否,理论类课程,周二,2017-2018-1,,201710056269078760,,0,仙林校区,2017-2018学年 第1学期,78760,仙Ⅰ-409,0.0,否,04,1,32,,0,0,朝鲜语初程,11,第9节-第10节,仙I区,00562690
64.0,000000,思想史视野中的大国崛起(20171-00562700-1),201710056270078761,,3,DIY研读课,15,2-17周,0,陈晓律,2-17周 周二 第9节-第11节 ,4.0,公共课程,否,理论类课程,周二,2017-2018-1,,201710056270078761,,0,仙林校区,2017-2018学年 第1学期,78761,历史学院 欧洲研究中心,0.0,否,04,1,64,,0,0,思想史视野中的大国崛起,,第9节-第11节,,00562700
64.0,000000,德语初程(20171-00562710-1),201710056271078762,,3,DIY研读课,27,1-16周,0,孔德明,1-16周 周三 第9节-第11节 仙Ⅰ-324,4.0,公共课程,否,理论类课程,周三,2017-2018-1,,201710056271078762,,0,仙林校区,2017-2018学年 第1学期,78762,仙Ⅰ-324,0.0,否,04,1,64,,0,0,德语初程,11,第9节-第11节,仙I区,00562710
48.0,000000,国际关系理论(20171-00562720-1),201710056272078763,,3,DIY研读课,39,2-18周(双),0,朱锋,2-18周(双) 周五 第5节-第8节 仙Ⅱ-116,3.0,公共课程,否,理论类课程,周五,2017-2018-1,,201710056272078763,,0,仙林校区,2017-2018学年 第1学期,78763,仙Ⅱ-116,0.0,否,04,1,48,,0,0,国际关系理论,12,第5节-第8节,仙II区,00562720
48.0,000000,世界史学术前沿(20171-00562730-1),201710056273078764,,3,DIY研读课,9,1-15周,0,陈晓律,1-15周 周五 第2节-第4节 ,3.0,公共课程,否,理论类课程,周五,2017-2018-1,,201710056273078764,,0,仙林校区,2017-2018学年 第1学期,78764,逸C105,0.0,否,04,1,48,,0,0,世界史学术前沿,,第2节-第4节,,00562730
48.0,400010,中国古代文学（一）(20171-01000010A-1),2017101000010A77083,,3,,30,4-18周,0,闵丰,4-18周 周三 第2节-第4节 逸B-211,3.0,文学院,否,理论类课程,周三,2017-2018-1,,2017101000010A77083,2017文学院戏剧影视文学,0,仙林校区,2017-2018学年 第1学期,77083,逸B-211,0.0,否,,1,48,,0,0,中国古代文学,16,第2节-第4节,逸夫楼B区,01000010A
48.0,400010,中国古代文学（三）(20171-01000010C-1),2017101000010C76917,,3,,52,1-18周,0,孙立尧,1-18周 周三 第2节-第4节 仙Ⅱ-216,3.0,文学院,否,理论类课程,周三,2017-2018-1,,2017101000010C76917,2016文学院汉语言文学,0,仙林校区,2017-2018学年 第1学期,76917,仙Ⅱ-216,0.0,否,,1,48,,0,0,中国古代文学,12,第2节-第4节,仙II区,01000010C
48.0,400010,中国古代文学（三）(20171-01000010C-2),2017101000010C76918,,3,,52,1-18周,0,徐涛,1-18周 周三 第2节-第4节 仙Ⅱ-217,3.0,文学院,否,理论类课程,周三,2017-2018-1,,2017101000010C76918,2016文学院汉语言文学,0,仙林校区,2017-2018学年 第1学期,76918,仙Ⅱ-217,0.0,否,,1,48,,0,0,中国古代文学,12,第2节-第4节,仙II区,01000010C
64.0,400010,外国文学（上）(20171-01000020A-1),2017101000020A76919,,3,,60,"1-18周,1-18周",0,余斌,"1-18周 周二 第3节-第4节 仙Ⅱ-211,1-18周 周五 第3节-第4节 仙Ⅱ-211",4.0,文学院,否,理论类课程,"周二,周五",2017-2018-1,,2017101000020A76919,2015文学院汉语言文学,0,仙林校区,2017-2018学年 第1学期,76919,"仙Ⅱ-211,仙Ⅱ-211",0.0,否,,1,64,,0,0,外国文学（上）,12,"第3节-第4节,第3节-第4节",仙II区,01000020A
64.0,400010,外国文学（上）(20171-01000020A-2),2017101000020A76920,,3,,62,"1-18周,1-18周",0,肖锦龙,"1-18周 周二 第3节-第4节 仙Ⅱ-212,1-18周 周五 第3节-第4节 仙Ⅱ-212",4.0,文学院,否,理论类课程,"周二,周五",2017-2018-1,,2017101000020A76920,2015文学院汉语言文学,0,仙林校区,2017-2018学年 第1学期,76920,"仙Ⅱ-212,仙Ⅱ-212",0.0,否,,1,64,,0,0,外国文学（上）,12,"第3节-第4节,第3节-第4节",仙II区,01000020A
32.0,400010,当代日韩电影(20171-01000040-1),201710100004076936,,3,,10,1-18周,0,罗婷,1-18周 周二 第3节-第4节 逸A-213,2.0,文学院,否,理论类课程,周二,2017-2018-1,,201710100004076936,2014文学院戏剧影视文学,0,仙林校区,2017-2018学年 第1学期,76936,逸A-213,0.0,否,,1,32,,0,0,当代日韩电影,15,第3节-第4节,逸夫楼A区,01000040
32.0,400010,文学艺术经典导读(20171-01000070-1),201710100007077504,,3,,131,4-18周,0,"苗怀明,周宪,张伯伟,王彬彬,董晓,程章灿,吕效平,童强,莫砺锋,徐兴无",4-18周 周二 第5节-第6节 逸B-104,2.0,文学院,否,理论类课程,周二,2017-2018-1,,201710100007077504,2017*人文科学试验班*人文艺术传播类,0,仙林校区,2017-2018学年 第1学期,77504,逸B-104,0.0,否,,1,32,,0,0,文学艺术经典导读,16,第5节-第6节,逸夫楼B区,01000070
32.0,400010,文学概论（下）(20171-01010010B-1),2017101010010B76921,,3,,58,1-18周,0,包兆会,1-18周 周三 第3节-第4节 仙Ⅱ-211,2.0,文学院,否,理论类课程,周三,2017-2018-1,,2017101010010B76921,2015文学院汉语言文学,0,仙林校区,2017-2018学年 第1学期,76921,仙Ⅱ-211,0.0,否,,1,32,,0,0,文学概论（下）,12,第3节-第4节,仙II区,01010010B
32.0,400010,文学概论（下）(20171-01010010B-2),2017101010010B76922,,3,,58,1-18周,0,汪正龙,1-18周 周三 第3节-第4节 仙Ⅱ-212,2.0,文学院,否,理论类课程,周三,2017-2018-1,,2017101010010B76922,2015文学院汉语言文学,0,仙林校区,2017-2018学年 第1学期,76922,仙Ⅱ-212,0.0,否,,1,32,,0,0,文学概论（下）,12,第3节-第4节,仙II区,01010010B
48.0,400010,语言学概论(20171-01010020-1),201710101002076916,,3,,152,1-18周,0,罗琼鹏,1-18周 周一 第5节-第7节 逸B-104,3.0,文学院,否,理论类课程,周一,2017-2018-1,,201710101002076916,2016文学院汉语言文学,0,仙林校区,2017-2018学年 第1学期,76916,逸B-104,0.0,否,,1,48,,0,0,语言学概论,16,第5节-第7节,逸夫楼B区,01010020
48.0,400010,古代汉语（下）(20171-01010030B-1),2017101010030B76914,,3,,55,1-18周,0,陈文杰,1-18周 周二 第5节-第7节 仙Ⅱ-216,3.0,文学院,否,理论类课程,周二,2017-2018-1,,2017101010030B76914,2016文学院汉语言文学,0,仙林校区,2017-2018学年 第1学期,76914,仙Ⅱ-216,0.0,否,,1,48,,0,0,古代汉语（下）,12,第5节-第7节,仙II区,01010030B
48.0,400010,古代汉语（下）(20171-01010030B-2),2017101010030B76915,,3,,54,1-18周,0,魏宜辉,1-18周 周二 第5节-第7节 仙Ⅱ-217,3.0,文学院,否,理论类课程,周二,2017-2018-1,,2017101010030B76915,2016文学院汉语言文学,0,仙林校区,2017-2018学年 第1学期,76915,仙Ⅱ-217,0.0,否,,1,48,,0,0,古代汉语（下）,12,第5节-第7节,仙II区,01010030B
32.0,400010,现代汉语（上）(20171-01010040A-1),2017101010040A76913,,3,,100,1-18周,0,陈立中,1-18周 周四 第3节-第4节 逸B-205,2.0,文学院,否,理论类课程,周四,2017-2018-1,,2017101010040A76913,2016文学院汉语言文学,0,仙林校区,2017-2018学年 第1学期,76913,逸B-205,0.0,否,,1,32,,0,0,现代汉语（上）,16,第3节-第4节,逸夫楼B区,01010040A
64.0,400010,中国现当代文学（上）(20171-01010050A-1),2017101010050A76911,,3,,59,"1-18周,1-18周",0,潘志强,"1-18周 周二 第3节-第4节 仙Ⅱ-215,1-18周 周五 第3节-第4节 仙Ⅱ-215",4.0,文学院,否,理论类课程,"周二,周五",2017-2018-1,,2017101010050A76911,2016文学院汉语言文学,0,仙林校区,2017-2018学年 第1学期,76911,"仙Ⅱ-215,仙Ⅱ-215",0.0,否,,1,64,,0,0,中国现当代文学（上）,12,"第3节-第4节,第3节-第4节",仙II区,01010050A
64.0,400010,中国现当代文学（上）(20171-01010050A-2),2017101010050A76912,,3,,55,"1-18周,1-18周",0,倪婷婷,"1-18周 周二 第3节-第4节 仙Ⅱ-217,1-18周 周五 第3节-第4节 仙Ⅱ-217",4.0,文学院,否,理论类课程,"周二,周五",2017-2018-1,,2017101010050A76912,2016文学院汉语言文学,0,仙林校区,2017-2018学年 第1学期,76912,"仙Ⅱ-217,仙Ⅱ-217",0.0,否,,1,64,,0,0,中国现当代文学（上）,12,"第3节-第4节,第3节-第4节",仙II区,01010050A
32.0,400010,教学与社会实习(20171-01010060-1),201710101006076933,,3,,102,1-18周,0,,1-18周 自由时间 - 自由地点,2.0,文学院,否,实践类课程,自由时间,2017-2018-1,,201710101006076933,2014文学院汉语言文学,0,仙林校区,2017-2018学年 第1学期,76933,自由地点,0.0,否,,3,0,,32,0,教学与社会实习,388,自由时间,虚拟区域（仙林）,01010060
48.0,400010,戏剧影视艺术概论(20171-01020010-1),201710102001077085,,3,,33,4-18周,0,高子文,4-18周 周四 第5节-第7节 逸B-211,3.0,文学院,否,理论类课程,周四,2017-2018-1,,201710102001077085,2017文学院戏剧影视文学,0,仙林校区,2017-2018学年 第1学期,77085,逸B-211,0.0,否,,1,48,,0,0,戏剧影视艺术概论,16,第5节-第7节,逸夫楼B区,01020010
32.0,400010,中国现当代文学（上）(20171-01020020A-1),2017101020020A76939,,3,,26,1-18周,0,葛飞,1-18周 周二 第5节-第6节 逸B-201,2.0,文学院,否,理论类课程,周二,2017-2018-1,,2017101020020A76939,2015文学院戏剧影视文学,0,仙林校区,2017-2018学年 第1学期,76939,逸B-201,0.0,否,,1,32,,0,0,中国现当代文学（上）,16,第5节-第6节,逸夫楼B区,01020020A
48.0,400010,中国戏剧史（上）(20171-01020030A-1),2017101020030A76945,,3,,28,1-18周,0,"陈恬,解玉峰",1-18周 周四 第5节-第7节 逸B-201,3.0,文学院,否,理论类课程,周四,2017-2018-1,,2017101020030A76945,2016文学院戏剧影视文学,0,仙林校区,2017-2018学年 第1学期,76945,逸B-201,0.0,否,,1,48,,0,0,中国戏剧史（上）,16,第5节-第7节,逸夫楼B区,01020030A
32.0,400010,外国戏剧(上)(20171-01020040A-1),2017101020040A76946,,3,,26,1-18周,0,陈恬,1-18周 周三 第5节-第6节 逸B-211,2.0,文学院,否,理论类课程,周三,2017-2018-1,,2017101020040A76946,2016文学院戏剧影视文学,0,仙林校区,2017-2018学年 第1学期,76946,逸B-211,0.0,否,,1,32,,0,0,外国戏剧(上),16,第5节-第6节,逸夫楼B区,01020040A
32.0,400010,中国电影（上）(20171-01020050A-1),2017101020050A77086,,3,,31,4-18周,0,洪宏,4-18周 周二 第3节-第4节 仙Ⅱ-508,2.0,文学院,否,理论类课程,周二,2017-2018-1,,2017101020050A77086,2017文学院戏剧影视文学,0,仙林校区,2017-2018学年 第1学期,77086,仙Ⅱ-508,0.0,否,,1,32,,0,0,中国电影（上）,12,第3节-第4节,仙II区,01020050A
32.0,400010,外国电影（上）(20171-01020060A-1),2017101020060A76947,,3,,26,1-18周,0,杨柳,1-18周 周四 第3节-第4节 逸C-105,2.0,文学院,否,理论类课程,周四,2017-2018-1,,2017101020060A76947,2016文学院戏剧影视文学,0,仙林校区,2017-2018学年 第1学期,76947,逸C-105,0.0,否,,1,32,,0,0,外国电影（上）,17,第3节-第4节,逸夫楼C区,01020060A
48.0,400010,舞台剧写作（上）(20171-01020070A-1),2017101020070A76948,,3,,25,1-18周,0,吕效平,1-18周 周二 第5节-第7节 逸B-211,3.0,文学院,否,理论+实践课程,周二,2017-2018-1,,2017101020070A76948,2016文学院戏剧影视文学,0,仙林校区,2017-2018学年 第1学期,76948,逸B-211,0.0,否,,5,48,,0,0,舞台剧写作（上）,16,第5节-第7节,逸夫楼B区,01020070A
48.0,400010,影视剧写作（上）(20171-01020080A-1),2017101020080A76940,,3,,27,1-18周,0,杨鹏鑫,1-18周 周四 第5节-第7节 逸B-202,3.0,文学院,否,理论+实践课程,周四,2017-2018-1,,2017101020080A76940,2015文学院戏剧影视文学,0,仙林校区,2017-2018学年 第1学期,76940,逸B-202,0.0,否,,5,32,,16,0,影视剧写作（上）,16,第5节-第7节,逸夫楼B区,01020080A
32.0,400010,外国文学（一）(20171-01020100A-1),2017101020100A76941,,3,,27,1-18周,0,唐玉清,1-18周 周三 第3节-第4节 逸B-201,2.0,文学院,否,理论类课程,周三,2017-2018-1,,2017101020100A76941,2015文学院戏剧影视文学,0,仙林校区,2017-2018学年 第1学期,76941,逸B-201,0.0,否,,1,32,,0,0,外国文学（一）,16,第3节-第4节,逸夫楼B区,01020100A
32.0,400010,《红楼梦》研究(20171-01030030-1),201710103003076923,,3,,44,1-18周,0,苗怀明,1-18周 周四 第5节-第6节 仙Ⅱ-211,2.0,文学院,否,理论类课程,周四,2017-2018-1,,201710103003076923,2015文学院汉语言文学,0,仙林校区,2017-2018学年 第1学期,76923,仙Ⅱ-211,0.0,否,,1,32,,0,0,《红楼梦》研究,12,第5节-第6节,仙II区,01030030
32.0,400010,西方文论(20171-01030150-1),201710103015076924,,3,,64,1-18周,0,胡新宇,1-18周 周三 第1节-第2节 仙Ⅱ-211,2.0,文学院,否,理论类课程,周三,2017-2018-1,,201710103015076924,2015文学院汉语言文学,0,仙林校区,2017-2018学年 第1学期,76924,仙Ⅱ-211,0.0,否,,1,32,,0,0,西方文论,12,第1节-第2节,仙II区,01030150
32.0,400010,中国古代文献学(20171-01030180-1),201710103018076925,,3,,31,1-18周,0,张宗友,1-18周 周二 第7节-第8节 仙Ⅱ-211,2.0,文学院,否,理论类课程,周二,2017-2018-1,,201710103018076925,2015文学院汉语言文学,0,仙林校区,2017-2018学年 第1学期,76925,仙Ⅱ-211,0.0,否,,1,30,,2,0,中国古代文献学,12,第7节-第8节,仙II区,01030180
32.0,400010,诗学研究(20171-01030320-1),201710103032076926,,3,,74,1-18周,0,刘重喜,1-18周 周四 第9节-第10节 仙Ⅱ-211,2.0,文学院,否,理论类课程,周四,2017-2018-1,,201710103032076926,2015文学院汉语言文学,0,仙林校区,2017-2018学年 第1学期,76926,仙Ⅱ-211,0.0,否,,1,32,,0,0,诗学研究,12,第9节-第10节,仙II区,01030320
32.0,400010,古典韵文格律与习作(20171-01030340-1),201710103034076910,,3,,32,1-18周,0,冯乾,1-18周 周一 第3节-第4节 仙Ⅱ-216,2.0,文学院,否,理论类课程,周一,2017-2018-1,,201710103034076910,2016文学院汉语言文学,0,仙林校区,2017-2018学年 第1学期,76910,仙Ⅱ-216,0.0,否,,1,32,,0,0,古典韵文格律与习作,12,第3节-第4节,仙II区,01030340
32.0,400010,公文写作(20171-01030470-1),201710103047076927,,3,,47,1-18周,0,周欣展,1-18周 周二 第5节-第6节 仙Ⅱ-211,2.0,文学院,否,理论类课程,周二,2017-2018-1,,201710103047076927,2015文学院汉语言文学,0,仙林校区,2017-2018学年 第1学期,76927,仙Ⅱ-211,0.0,否,,1,32,,0,0,公文写作,12,第5节-第6节,仙II区,01030470
32.0,400010,城市语言调查(20171-01030800-1),201710103080076928,,3,,2,,0,,,2.0,文学院,否,理论+实践课程,,2017-2018-1,,201710103080076928,,0,仙林校区,2017-2018学年 第1学期,76928,,0.0,否,,5,26,,6,0,城市语言调查,,,,01030800
32.0,400010,影视制作（2）(20171-01031050B-1),2017101031050B76942,,3,,19,1-18周,0,杨弋枢,1-18周 周三 第5节-第6节 ,2.0,文学院,否,理论+实践课程,周三,2017-2018-1,,2017101031050B76942,2015文学院戏剧影视文学,0,仙林校区,2017-2018学年 第1学期,76942,影视工作室,0.0,否,,5,16,,16,0,影视制作（2）,,第5节-第6节,,01031050B
32.0,400010,表导演理论与实践（一）(20171-01031350-1),2017101031350A77088,,3,,23,"4-18周,4-18周",0,王真峥,"4-18周 周二 第5节-第6节 ,4-18周 周二 第7节-第8节 ",2.0,文学院,否,理论+实践课程,"周二,周二",2017-2018-1,,2017101031350A77088,2017文学院戏剧影视文学,0,仙林校区,2017-2018学年 第1学期,77088,"黑匣子剧场,黑匣子剧场",0.0,否,,5,32,,32,0,表导演理论与实践（一）,,"第5节-第6节,第7节-第8节",,01031350A
32.0,400010,昆曲艺术(20171-01031360-1),201710103136077087,,3,,13,4-18周,0,许莉莉,4-18周 周四 第3节-第4节 ,2.0,文学院,否,理论+实践课程,周四,2017-2018-1,,201710103136077087,2017文学院戏剧影视文学,0,仙林校区,2017-2018学年 第1学期,77087,文学院441,0.0,否,,5,10,,22,0,昆曲艺术,,第3节-第4节,,01031360
32.0,400010,中国古代文物与文学(20171-01031420-1),201710103142076934,,3,,38,1-18周,0,金程宇,1-18周 周三 第3节-第4节 逸B-209,2.0,文学院,否,理论类课程,周三,2017-2018-1,,201710103142076934,2014文学院汉语言文学,0,仙林校区,2017-2018学年 第1学期,76934,逸B-209,0.0,否,,1,32,,0,0,中国古代文物与文学,16,第3节-第4节,逸夫楼B区,01031420
32.0,400010,摄影与摄像（2）(20171-01031460B-1),2017101031460B76949,,3,,21,1-18周,0,李劼,1-18周 周二 第3节-第4节 ,2.0,文学院,否,,周二,2017-2018-1,,2017101031460B76949,2016文学院戏剧影视文学,0,仙林校区,2017-2018学年 第1学期,76949,文学院楼457,,否,,,,,,0,摄影与摄像（2）,,第3节-第4节,,01031460B
32.0,400010,电视剧策划(20171-01031480-1),201710103148076943,,3,,17,1-18周,0,张建勤,1-18周 周二 第3节-第4节 逸B-202,2.0,文学院,否,理论+实践课程,周二,2017-2018-1,,201710103148076943,2015文学院戏剧影视文学,0,仙林校区,2017-2018学年 第1学期,76943,逸B-202,16.0,否,,5,16,,0,0,电视剧策划,16,第3节-第4节,逸夫楼B区,01031480
32.0,400010,中国的语言(20171-01031530-1),201710103153076929,,3,,39,1-18周,0,徐世梁,1-18周 周一 第3节-第4节 仙Ⅱ-312,2.0,文学院,否,理论类课程,周一,2017-2018-1,,201710103153076929,2015文学院汉语言文学,0,仙林校区,2017-2018学年 第1学期,76929,仙Ⅱ-312,0.0,否,,1,32,,0,0,中国的语言,12,第3节-第4节,仙II区,01031530
32.0,400010,影视文化理论与批评(20171-01031670-1),201710103167076938,,3,,6,1-18周,0,罗慧林,1-18周 周三 第3节-第4节 逸A-213,2.0,文学院,否,理论类课程,周三,2017-2018-1,,201710103167076938,2014文学院戏剧影视文学,0,仙林校区,2017-2018学年 第1学期,76938,逸A-213,0.0,否,,1,32,,0,0,影视文化理论与批评,15,第3节-第4节,逸夫楼A区,01031670
32.0,400010,五胡十六国及北朝文化史专题(20171-01031690-1),201710103169076930,,3,,39,1-18周,0,童岭,1-18周 周三 第5节-第6节 仙Ⅱ-217,2.0,文学院,否,理论类课程,周三,2017-2018-1,,201710103169076930,2015文学院汉语言文学,0,仙林校区,2017-2018学年 第1学期,76930,仙Ⅱ-217,0.0,否,,1,32,,0,0,五胡十六国及北朝文化史专题,12,第5节-第6节,仙II区,01031690
32.0,400010,百年文学思潮专题研究(20171-01031720-1),201710103172076931,,3,,61,1-18周,0,傅元峰,1-18周 周四 第7节-第8节 仙Ⅱ-211,2.0,文学院,否,理论类课程,周四,2017-2018-1,,201710103172076931,2015文学院汉语言文学,0,仙林校区,2017-2018学年 第1学期,76931,仙Ⅱ-211,0.0,否,,1,32,,0,0,百年文学思潮专题研究,12,第7节-第8节,仙II区,01031720
32.0,400010,苏东坡研究(20171-01031740-1),201710103174076909,,3,,66,1-18周,0,卞东波,1-18周 周四 第5节-第6节 仙Ⅱ-215,2.0,文学院,否,理论类课程,周四,2017-2018-1,,201710103174076909,2016文学院汉语言文学,0,仙林校区,2017-2018学年 第1学期,76909,仙Ⅱ-215,0.0,否,,1,32,,0,0,苏东坡研究,12,第5节-第6节,仙II区,01031740
32.0,400010,杜甫研究(20171-01031820-1),201710103182076908,,3,,80,1-18周,0,刘重喜,1-18周 周四 第7节-第8节 仙Ⅱ-215,2.0,文学院,否,理论类课程,周四,2017-2018-1,,201710103182076908,2016文学院汉语言文学,0,仙林校区,2017-2018学年 第1学期,76908,仙Ⅱ-215,0.0,否,,1,32,,0,0,杜甫研究,12,第7节-第8节,仙II区,01031820
32.0,400010,汉语历史句法专题(20171-01032040-1),201710103204076935,,3,,10,1-18周,0,苏婧,1-18周 周二 第3节-第4节 逸B-209,2.0,文学院,否,理论类课程,周二,2017-2018-1,,201710103204076935,2014文学院汉语言文学,0,仙林校区,2017-2018学年 第1学期,76935,逸B-209,0.0,否,,1,32,,0,0,汉语历史句法专题,16,第3节-第4节,逸夫楼B区,01032040
32.0,400020,全球视野下的历史与文化(20171-02000040-2),201710200004077463,,3,,149,4-18周,0,"杨休,张生,周晓陆,贺云翱,陈仲丹,颜世安,朱锋",4-18周 周一 第7节-第8节 ,2.0,历史学院,否,理论类课程,周一,2017-2018-1,,201710200004077463,2017*人文科学试验班*人文艺术传播类,0,仙林校区,2017-2018学年 第1学期,77463,历史学院403报告厅,0.0,否,,1,32,,0,0,全球视野下的中国历史与文化,,第7节-第8节,,02000040
48.0,400020,中国通史（三）(20171-02100010A-1),2017102100010A77454,,3,,50,1-18周,0,"陈蕴茜,梁晨",1-18周 周四 第5节-第7节 仙Ⅱ-217,3.0,历史学院,否,理论类课程,周四,2017-2018-1,,2017102100010A77454,2016历史学院历史学,0,仙林校区,2017-2018学年 第1学期,77454,仙Ⅱ-217,0.0,否,,1,48,,0,0,中国通史（三）,12,第5节-第7节,仙II区,02100010A
32.0,400020,中国通史（五）(20171-02100010C-1),2017102100010C77500,,,,0,,0,,,2.0,历史学院,否,理论类课程,,2017-2018-1,,2017102100010C77500,,0,,2017-2018学年 第1学期,77500,,0.0,否,,1,32,,0,0,中国通史（五）,,,,02100010C
32.0,400020,中国通史（五）(20171-02100010C-1),2017102100010C77501,,3,,64,1-18周,0,孙扬,1-18周 周一 第5节-第6节 仙Ⅱ-301,2.0,历史学院,否,理论类课程,周一,2017-2018-1,,2017102100010C77501,2015历史学院历史学,0,仙林校区,2017-2018学年 第1学期,77501,仙Ⅱ-301,0.0,否,,1,32,,0,0,中国通史（五）,12,第5节-第6节,仙II区,02100010C
64.0,400020,世界通史（二）(20171-02100020A-2),2017102100020A77458,,3,,43,"1-18周,1-18周",0,"于文杰,刘成","1-18周 周二 第3节-第4节 仙Ⅱ-114,1-18周 周四 第3节-第4节 仙Ⅱ-114",4.0,历史学院,否,理论类课程,"周二,周四",2017-2018-1,,2017102100020A77458,2016历史学院历史学,0,仙林校区,2017-2018学年 第1学期,77458,"仙Ⅱ-114,仙Ⅱ-114",0.0,否,,1,64,,0,0,世界通史（二）,12,"第3节-第4节,第3节-第4节",仙II区,02100020A
32.0,400020,世界通史（四）(20171-02100020C-1),2017102100020C77503,,3,,59,1-18周,0,施义慧,1-18周 周一 第1节-第2节 仙Ⅱ-310,2.0,历史学院,否,理论类课程,周一,2017-2018-1,,2017102100020C77503,2015历史学院历史学,0,仙林校区,2017-2018学年 第1学期,77503,仙Ⅱ-310,0.0,否,,1,32,,0,0,世界通史,12,第1节-第2节,仙II区,02100020C
32.0,400020,中国历史文选(20171-02100030A-1),2017102100030A77462,,3,,48,1-18周,0,邹劲风,1-18周 周一 第3节-第4节 仙Ⅱ-217,2.0,历史学院,否,理论类课程,周一,2017-2018-1,,2017102100030A77462,2016历史学院历史学,0,仙林校区,2017-2018学年 第1学期,77462,仙Ⅱ-217,0.0,否,,1,32,,0,0,中国历史文选（上）,12,第3节-第4节,仙II区,02100030A
32.0,400020,专业英语（下）(20171-02100050B-1),2017102100050B77570,,3,,44,1-18周,0,邹劲风,1-18周 周五 第3节-第4节 仙Ⅰ-209,2.0,历史学院,否,理论类课程,周五,2017-2018-1,,2017102100050B77570,2014历史学院历史学,0,仙林校区,2017-2018学年 第1学期,77570,仙Ⅰ-209,0.0,否,,1,32,,0,0,专业英语（下）,11,第3节-第4节,仙I区,02100050B
32.0,400020,考古学通论(20171-02100060-1),201710210006077466,,3,,65,"1-9周,1-9周",0,张敬雷,"1-9周 周三 第3节-第4节 逸B-306,1-9周 周五 第5节-第6节 逸B-312",2.0,历史学院,否,理论类课程,"周三,周五",2017-2018-1,,201710210006077466,"2016历史学院历史学,2016历史学院考古学（文物鉴定方向）",0,仙林校区,2017-2018学年 第1学期,77466,"逸B-306,逸B-312",0.0,否,,1,32,,0,0,考古学通论,16,"第3节-第4节,第5节-第6节",逸夫楼B区,02100060
32.0,400020,当代台湾问题概论(20171-02110300-1),201710211030077521,,3,,50,1-18周,0,刘相平,1-18周 周二 第9节-第10节 逸B-301,2.0,历史学院,否,理论类课程,周二,2017-2018-1,,201710211030077521,2015历史学院历史学,0,仙林校区,2017-2018学年 第1学期,77521,逸B-301,0.0,否,,1,32,,0,0,当代台湾问题概论,16,第9节-第10节,逸夫楼B区,02110300
32.0,400020,东西方学生运动史(20171-02110330-1),201710211033077569,,3,,45,1-18周,0,施义慧,1-18周 周二 第5节-第6节 逸C-102,2.0,历史学院,否,理论类课程,周二,2017-2018-1,,201710211033077569,2015历史学院历史学,0,仙林校区,2017-2018学年 第1学期,77569,逸C-102,0.0,否,,1,32,,0,0,东西方学生运动史,17,第5节-第6节,逸夫楼C区,02110330
32.0,400020,当代印度政治与经济(20171-02110350-1),201710211035077522,,3,,30,1-18周,0,刘立涛,1-18周 周五 第3节-第4节 逸B-201,2.0,历史学院,否,理论类课程,周五,2017-2018-1,,201710211035077522,2015历史学院历史学,0,仙林校区,2017-2018学年 第1学期,77522,逸B-201,0.0,否,,1,32,,0,0,当代印度政治与经济,16,第3节-第4节,逸夫楼B区,02110350
32.0,400020,20世纪女性问题(20171-02110420-1),201710211042077523,,3,,44,1-18周,0,任玲玲,1-18周 周四 第5节-第6节 逸C-103,2.0,历史学院,否,理论类课程,周四,2017-2018-1,,201710211042077523,2015历史学院历史学,0,仙林校区,2017-2018学年 第1学期,77523,逸C-103,0.0,否,,1,32,,0,0,20世纪女性问题,17,第5节-第6节,逸夫楼C区,02110420
32.0,400020,史学经典著作导读(20171-02110480-1),201710211048077515,,3,,58,1-18周,0,"李恭忠,闵凡祥,舒小昀",1-18周 周三 第1节-第2节 仙Ⅰ-115,2.0,历史学院,否,理论类课程,周三,2017-2018-1,,201710211048077515,2015历史学院历史学,0,仙林校区,2017-2018学年 第1学期,77515,仙Ⅰ-115,0.0,否,,1,32,,0,0,史学经典著作导读,11,第1节-第2节,仙I区,02110480
32.0,400020,欧洲学导论(20171-02110510-1),201710211051077525,,3,,29,1-18周,0,闵凡祥,1-18周 周二 第1节-第2节 逸C-102,2.0,历史学院,否,理论类课程,周二,2017-2018-1,,201710211051077525,2015历史学院历史学,0,仙林校区,2017-2018学年 第1学期,77525,逸C-102,0.0,否,,1,32,,0,0,欧洲学导论,17,第1节-第2节,逸夫楼C区,02110510
32.0,400020,中国的高等教育与社会(20171-02110540-1),201710211054077526,,3,,55,1-18周,0,梁晨,1-18周 周四 第1节-第2节 逸B-301,2.0,历史学院,否,理论类课程,周四,2017-2018-1,,201710211054077526,2015历史学院历史学,0,仙林校区,2017-2018学年 第1学期,77526,逸B-301,0.0,否,,1,32,,0,0,中国的高等教育与社会,16,第1节-第2节,逸夫楼B区,02110540
32.0,400020,西方旅行者眼中的中国(20171-02110580-1),201710211058077470,,3,,23,1-18周,0,艾伊娜,1-18周 周一 第5节-第6节 仙Ⅰ-210,2.0,历史学院,否,理论类课程,周一,2017-2018-1,,201710211058077470,2016历史学院历史学,0,仙林校区,2017-2018学年 第1学期,77470,仙Ⅰ-210,0.0,否,,1,32,,0,0,西方旅行者眼中的中国,11,第5节-第6节,仙I区,02110580
32.0,400020,1871年到1949年中国学生在美日欧的留学生涯(20171-02110610I-1),2017102110610I77568,,3,,25,1-18周,0,艾伊娜,1-18周 周三 第7节-第8节 逸B-111,2.0,历史学院,否,理论类课程,周三,2017-2018-1,,2017102110610I77568,2015历史学院历史学,0,仙林校区,2017-2018学年 第1学期,77568,逸B-111,0.0,否,,1,32,,0,0,1871年到1949年中国学生在美日欧的留学生涯,16,第7节-第8节,逸夫楼B区,02110610I
32.0,400020,国学名著导读(20171-02110680-1),201710211068077520,,3,,61,1-18周,0,武黎嵩,1-18周 周四 第3节-第4节 逸B-301,2.0,历史学院,否,理论类课程,周四,2017-2018-1,,201710211068077520,2015历史学院历史学,0,仙林校区,2017-2018学年 第1学期,77520,逸B-301,0.0,否,,1,32,,0,0,国学名著导读,16,第3节-第4节,逸夫楼B区,02110680
32.0,400020,数字工具与世界史研究(20171-02110720-1),201710211072077472,,3,,25,1-18周,0,王涛,1-18周 周二 第5节-第6节 仙Ⅱ-114,2.0,历史学院,否,理论类课程,周二,2017-2018-1,,201710211072077472,2016历史学院历史学,0,仙林校区,2017-2018学年 第1学期,77472,仙Ⅱ-114,0.0,否,,1,32,,0,0,数字史学导论,12,第5节-第6节,仙II区,02110720
32.0,400020,环境考古概论(20171-02110730-1),201710211073077582,,3,,18,1-18周,0,"马春梅,史江峰,孙雪峰",1-18周 周三 第1节-第2节 逸C-209,2.0,历史学院,否,理论+实验课程,周三,2017-2018-1,,201710211073077582,2014历史学院考古学,0,仙林校区,2017-2018学年 第1学期,77582,逸C-209,6.0,否,,6,26,,0,0,环境考古概论,17,第1节-第2节,逸夫楼C区,02110730
32.0,400020,近代中国财富故事(20171-02110760-1),201710211076077532,,3,,41,1-18周,0,李恭忠,1-18周 周二 第3节-第4节 逸C-102,2.0,历史学院,否,理论类课程,周二,2017-2018-1,,201710211076077532,2015历史学院历史学,0,仙林校区,2017-2018学年 第1学期,77532,逸C-102,0.0,否,,1,32,,0,0,近代中国财富故事,17,第3节-第4节,逸夫楼C区,02110760
32.0,400020,基督教在华传播史(20171-02110800-1),201710211080077536,,3,,32,1-18周,0,谭树林,1-18周 周一 第3节-第4节 仙Ⅱ-315,2.0,历史学院,否,理论类课程,周一,2017-2018-1,,201710211080077536,2015历史学院历史学,0,仙林校区,2017-2018学年 第1学期,77536,仙Ⅱ-315,0.0,否,,1,32,,0,0,基督教在华传播史,12,第3节-第4节,仙II区,02110800
32.0,400020,蒙古史专题(20171-02110830-1),201710211083077474,,3,,22,1-18周,0,特木勒,1-18周 周一 第7节-第8节 仙Ⅰ-210,2.0,历史学院,否,理论类课程,周一,2017-2018-1,,201710211083077474,2016历史学院历史学,0,仙林校区,2017-2018学年 第1学期,77474,仙Ⅰ-210,0.0,否,,1,32,,0,0,蒙古史专题,11,第7节-第8节,仙I区,02110830
32.0,400020,国际制度研究(20171-02110840-1),201710211084077538,,3,,21,1-18周,0,舒建中,1-18周 周二 第5节-第6节 逸C-103,2.0,历史学院,否,理论类课程,周二,2017-2018-1,,201710211084077538,2015历史学院历史学,0,仙林校区,2017-2018学年 第1学期,77538,逸C-103,0.0,否,,1,32,,0,0,国际制度研究,17,第5节-第6节,逸夫楼C区,02110840
32.0,400020,中国与朝鲜半岛关系史(20171-02110850-1),201710211085077475,,3,,38,1-18周,0,宋文志,1-18周 周二 第7节-第8节 仙Ⅱ-114,2.0,历史学院,否,理论类课程,周二,2017-2018-1,,201710211085077475,2016历史学院历史学,0,仙林校区,2017-2018学年 第1学期,77475,仙Ⅱ-114,0.0,否,,1,32,,0,0,中国与朝鲜半岛关系史,12,第7节-第8节,仙II区,02110850
32.0,400020,战后国际关系史(20171-02110860-1),201710211086077571,,3,,41,1-18周,0,陈晖,1-18周 周一 第3节-第4节 仙Ⅰ-209,2.0,历史学院,否,理论类课程,周一,2017-2018-1,,201710211086077571,2014历史学院历史学,0,仙林校区,2017-2018学年 第1学期,77571,仙Ⅰ-209,0.0,否,,1,32,,0,0,战后国际关系史,11,第3节-第4节,仙I区,02110860
32.0,400020,中国古代史(20171-02110900I-1),2017102110900I77540,,3,,14,1-18周,0,邹劲风,1-18周 周二 第3节-第4节 逸C-103,2.0,历史学院,否,理论类课程,周二,2017-2018-1,,2017102110900I77540,2015历史学院历史学,0,仙林校区,2017-2018学年 第1学期,77540,逸C-103,0.0,否,,1,32,,0,0,中国古代史,17,第3节-第4节,逸夫楼C区,02110900I
32.0,400020,现代中美关系的演变(20171-02110930I-1),2017102110930I77541,,3,,17,1-18周,0,郑安光,1-18周 周四 第7节-第8节 逸C-102,2.0,历史学院,否,理论类课程,周四,2017-2018-1,,2017102110930I77541,2015历史学院历史学,0,仙林校区,2017-2018学年 第1学期,77541,逸C-102,0.0,否,,1,32,,0,0,现代中美关系的演变,17,第7节-第8节,逸夫楼C区,02110930I
32.0,400020,海洋与文明(20171-02110950-1),201710211095077563,,3,,23,1-18周,0,吴贺,1-18周 周一 第7节-第8节 仙Ⅱ-407,2.0,历史学院,否,理论类课程,周一,2017-2018-1,,201710211095077563,2015历史学院历史学,0,仙林校区,2017-2018学年 第1学期,77563,仙Ⅱ-407,0.0,否,,1,32,,0,0,海洋与文明,12,第7节-第8节,仙II区,02110950
32.0,400020,中国中古政治制度史(20171-02110960-1),201710211096077602,,3,,30,1-18周,0,聂溦萌,1-18周 周五 第7节-第8节 逸B-312,2.0,历史学院,否,理论类课程,周五,2017-2018-1,,201710211096077602,2016历史学院历史学,0,仙林校区,2017-2018学年 第1学期,77602,逸B-312,0.0,否,,1,32,,0,0,中国中古政治制度史,16,第7节-第8节,逸夫楼B区,02110960
32.0,400020,均衡理论与历史研究(20171-02110970-1),201710211097077607,,3,,13,1-18周,0,费和平,1-18周 周四 第5节-第6节 逸C-102,2.0,历史学院,否,理论类课程,周四,2017-2018-1,,201710211097077607,2015历史学院历史学,0,仙林校区,2017-2018学年 第1学期,77607,逸C-102,0.0,否,,1,32,,0,0,均衡理论与历史研究,17,第5节-第6节,逸夫楼C区,02110970
32.0,400020,中国古代建筑史(20171-02200030-1),201710220003077572,,3,,38,1-18周,0,马晓,1-18周 周一 第5节-第6节 逸B-111,2.0,历史学院,否,理论类课程,周一,2017-2018-1,,201710220003077572,"2016历史学院考古学,2016历史学院考古学（文物鉴定方向）",0,仙林校区,2017-2018学年 第1学期,77572,逸B-111,0.0,否,,1,32,,0,0,中国古代建筑史,16,第5节-第6节,逸夫楼B区,02200030
192.0,400020,田野考古实习(20171-02200040-1),201710220004077579,,3,,9,1-18周,0,"周学鹰,张敬雷,黄建秋",1-18周 自由时间 - ,12.0,历史学院,否,实践类课程,自由时间,2017-2018-1,,201710220004077579,2015历史学院考古学,0,仙林校区,2017-2018学年 第1学期,77579,考古工地,204.0,否,,3,204,,612,0,田野考古实习,,自由时间,,02200040
32.0,400020,旧石器时代考古(20171-02200060-1),201710220006077573,,3,,15,"1-9周,1-9周",0,张敬雷,"1-9周 周二 第5节-第7节 仙Ⅰ-318,1-9周 周四 第5节-第7节 仙Ⅰ-318",2.0,历史学院,否,理论类课程,"周二,周四",2017-2018-1,,201710220006077573,2016历史学院考古学,0,仙林校区,2017-2018学年 第1学期,77573,"仙Ⅰ-318,仙Ⅰ-318",0.0,否,,1,32,,0,0,旧石器时代考古,11,"第5节-第7节,第5节-第7节",仙I区,02200060
32.0,400020,新石器时代考古(20171-02200070-1),201710220007077574,,3,,13,"10-18周,10-18周",0,黄建秋,"10-18周 周二 第5节-第7节 仙Ⅰ-318,10-18周 周四 第5节-第7节 仙Ⅰ-318",2.0,历史学院,否,理论类课程,"周二,周四",2017-2018-1,,201710220007077574,2016历史学院考古学,0,仙林校区,2017-2018学年 第1学期,77574,"仙Ⅰ-318,仙Ⅰ-318",0.0,否,,1,32,,0,0,新石器时代考古,11,"第5节-第7节,第5节-第7节",仙I区,02200070
32.0,400020,隋唐考古(20171-02210110-1),201710221011077580,,3,,20,1-18周,0,张学锋,1-18周 周四 第2节-第4节 逸C-202,2.0,历史学院,否,理论类课程,周四,2017-2018-1,,201710221011077580,2014历史学院考古学,0,仙林校区,2017-2018学年 第1学期,77580,逸C-202,0.0,否,,1,32,,0,0,隋唐考古,17,第2节-第4节,逸夫楼C区,02210110
32.0,400020,宋元考古(20171-02210120-1),201710221012077581,,3,,15,1-18周,0,贺云翱,1-18周 周五 第2节-第4节 逸C-202,2.0,历史学院,否,理论类课程,周五,2017-2018-1,,201710221012077581,2014历史学院考古学,0,仙林校区,2017-2018学年 第1学期,77581,逸C-202,0.0,否,,1,32,,0,0,宋元考古,17,第2节-第4节,逸夫楼C区,02210120
32.0,400020,中国陶瓷史(20171-02210310-1),201710221031077575,,3,,37,1-18周,0,贺云翱,1-18周 周四 第3节-第4节 逸C-102,2.0,历史学院,否,理论类课程,周四,2017-2018-1,,201710221031077575,"2016历史学院考古学,2016历史学院考古学（文物鉴定方向）",0,仙林校区,2017-2018学年 第1学期,77575,逸C-102,0.0,否,,1,32,,0,0,中国陶瓷史,17,第3节-第4节,逸夫楼C区,02210310
32.0,400020,古玉鉴赏与研究(20171-02210360-1),201710221036077583,,3,,45,1-18周,0,吴桂兵,1-18周 周二 第5节-第6节 逸B-111,2.0,历史学院,否,理论类课程,周二,2017-2018-1,,201710221036077583,"2014历史学院考古学,2014历史学院考古学（文物鉴定方向）",0,仙林校区,2017-2018学年 第1学期,77583,逸B-111,0.0,否,,1,32,,0,0,古玉鉴赏与研究,16,第5节-第6节,逸夫楼B区,02210360
32.0,400020,中国佛教考古概论(20171-02210420-1),201710221042077584,,3,,23,1-18周,0,杨晓春,1-18周 周三 第3节-第4节 逸C-209,2.0,历史学院,否,理论类课程,周三,2017-2018-1,,201710221042077584,2014历史学院考古学,0,仙林校区,2017-2018学年 第1学期,77584,逸C-209,0.0,否,,1,32,,0,0,中国佛教考古概论,17,第3节-第4节,逸夫楼C区,02210420
48.0,400020,中国书画史(20171-02210460-1),201710221046077590,,3,,18,1-18周,0,车旭东,1-18周 周一 第2节-第4节 逸A-213,3.0,历史学院,否,理论类课程,周一,2017-2018-1,,201710221046077590,2015历史学院考古学（文物鉴定方向）,0,仙林校区,2017-2018学年 第1学期,77590,逸A-213,0.0,否,,1,48,,0,0,中国书画史,15,第2节-第4节,逸夫楼A区,02210460
48.0,400020,中国印章学(20171-02210470-1),201710221047077589,,3,,17,"2-18周(双),2-18周(双)",0,周晓陆,"2-18周(双) 周三 第2节-第4节 仙Ⅰ-210,2-18周(双) 周二 第5节-第7节 仙Ⅰ-214",3.0,历史学院,否,理论类课程,"周二,周三",2017-2018-1,,201710221047077589,2015历史学院考古学（文物鉴定方向）,0,仙林校区,2017-2018学年 第1学期,77589,"仙Ⅰ-214,仙Ⅰ-210",0.0,否,,1,48,,0,0,中国印章学,11,"第5节-第7节,第2节-第4节",仙I区,02210470
32.0,400020,文物鉴定实习（一）(20171-02210480A-1),2017102210480A77591,,3,,11,1-18周,0,杨休,1-18周 自由时间 - ,2.0,历史学院,否,实践类课程,自由时间,2017-2018-1,,2017102210480A77591,2015历史学院考古学（文物鉴定方向）,0,仙林校区,2017-2018学年 第1学期,77591,各地博物馆,0.0,否,,3,0,,32,0,文物鉴定实习（一）,,自由时间,,02210480A
32.0,400020,古代建筑鉴定（二）(20171-02210560B-1),2017102210560B77592,,3,,13,"10-18周,10-18周",0,周学鹰,"10-18周 周一 第9节-第10节 逸B-208,10-18周 周三 第9节-第10节 逸B-208",2.0,历史学院,否,理论类课程,"周一,周三",2017-2018-1,,2017102210560B77592,2015历史学院考古学（文物鉴定方向）,0,仙林校区,2017-2018学年 第1学期,77592,"逸B-208,逸B-208",0.0,否,,1,32,,0,0,古代建筑鉴定（二）,16,"第9节-第10节,第9节-第10节",逸夫楼B区,02210560B
32.0,400020,中国青铜器发展史(20171-02210570-1),201710221057077586,,3,,19,1-18周,0,赵东升,1-18周 周二 第3节-第4节 逸A-212,2.0,历史学院,否,理论类课程,周二,2017-2018-1,,201710221057077586,2016历史学院考古学（文物鉴定方向）,0,仙林校区,2017-2018学年 第1学期,77586,逸A-212,0.0,否,,1,32,,0,0,中国青铜器发展史,15,第3节-第4节,逸夫楼A区,02210570
32.0,400020,文物市场与文物法规(20171-02210580-1),201710221058077587,,3,,24,1-18周,0,殷洁,1-18周 周二 第5节-第6节 逸A-213,2.0,历史学院,否,理论类课程,周二,2017-2018-1,,201710221058077587,2016历史学院考古学（文物鉴定方向）,0,仙林校区,2017-2018学年 第1学期,77587,逸A-213,0.0,否,,1,32,,0,0,文物市场与文物法规,15,第5节-第6节,逸夫楼A区,02210580
32.0,400020,中国书法(20171-02210600-1),201710221060077588,,3,,25,1-18周,0,高则红,1-18周 周三 第5节-第6节 仙Ⅰ-515,2.0,历史学院,否,理论+实践课程,周三,2017-2018-1,,201710221060077588,2016历史学院考古学（文物鉴定方向）,0,仙林校区,2017-2018学年 第1学期,77588,仙Ⅰ-515,0.0,否,,5,16,,16,0,中国书法,11,第5节-第6节,仙I区,02210600
32.0,400020,中国文化史专题(20171-02210650-1),201710221065077597,,3,,23,1-18周,0,"梁晨,范金民,刘兴林,胡阿祥",1-18周 周三 第3节-第4节 逸C-201,2.0,历史学院,否,理论类课程,周三,2017-2018-1,,201710221065077597,2014历史学院考古学（文物鉴定方向）,0,仙林校区,2017-2018学年 第1学期,77597,逸C-201,0.0,否,,1,32,,0,0,中国文化史专题,17,第3节-第4节,逸夫楼C区,02210650
32.0,400020,中国金属器鉴定(20171-02210670-1),201710221067077593,,3,,18,1-17周(单),0,王金潮(外聘),1-17周(单) 周二 第5节-第8节 仙Ⅰ-214,2.0,历史学院,否,理论类课程,周二,2017-2018-1,,201710221067077593,2015历史学院考古学（文物鉴定方向）,0,仙林校区,2017-2018学年 第1学期,77593,仙Ⅰ-214,0.0,否,,1,32,,0,0,中国金属器鉴定,11,第5节-第8节,仙I区,02210670
32.0,400020,展览与陈列设计(20171-02210690-1),201710221069077594,,3,,19,1-18周,0,吴阗(外聘),1-18周 周五 第9节-第10节 逸B-201,2.0,历史学院,否,理论+实践课程,周五,2017-2018-1,,201710221069077594,2015历史学院考古学（文物鉴定方向）,0,仙林校区,2017-2018学年 第1学期,77594,逸B-201,0.0,否,,5,26,,6,0,展览与陈列设计,16,第9节-第10节,逸夫楼B区,02210690
32.0,400020,古陶瓷鉴赏(20171-02210740-1),201710221074077595,,3,,10,1-17周(单),0,程晓中（兼职）,1-17周(单) 周四 第5节-第8节 ,2.0,历史学院,否,,周四,2017-2018-1,,201710221074077595,2015历史学院考古学（文物鉴定方向）,0,仙林校区,2017-2018学年 第1学期,77595,南博,,否,,,,,,0,古陶瓷鉴赏,,第5节-第8节,,02210740
32.0,400020,中国重要考古发现及保护研究进展(20171-02210770I-1),2017102210770I77585,,3,,8,1-18周,0,王晓琪,1-18周 周二 第3节-第4节 仙Ⅰ-116,2.0,历史学院,否,理论类课程,周二,2017-2018-1,,2017102210770I77585,2014历史学院考古学,0,仙林校区,2017-2018学年 第1学期,77585,仙Ⅰ-116,0.0,否,,1,32,,0,0,中国重要考古发现及保护研究进展,11,第3节-第4节,仙I区,02210770I
32.0,400020,考古计算机制图与建模(20171-02210810-1),201710221081077576,,3,,69,1-18周,0,马晓,1-18周 周一 第7节-第8节 逸B-303,2.0,历史学院,否,理论+实践课程,周一,2017-2018-1,,201710221081077576,"2014历史学院考古学,2016历史学院考古学（文物鉴定方向）,2016历史学院考古学,2015历史学院考古学（文物鉴定方向）,2014历史学院考古学（文物鉴定方向）",0,仙林校区,2017-2018学年 第1学期,77576,逸B-303,0.0,否,,5,20,,12,0,考古计算机制图与建模,16,第7节-第8节,逸夫楼B区,02210810
32.0,400050,法理学(二)(20171-03000010B-1),2017103000010B77101,,3,,90,1-18周,0,"周安平,艾佳慧",1-18周 周二 第5节-第6节 仙Ⅰ-319,2.0,法学院,否,理论类课程,周二,2017-2018-1,,2017103000010B77101,2015法学院法学,0,仙林校区,2017-2018学年 第1学期,77101,仙Ⅰ-319,0.0,否,,1,32,,0,0,法理学(二),11,第5节-第6节,仙I区,03000010B
32.0,400050,中国法制史(20171-03000020-1),201710300002077089,,3,,159,1-18周,0,"张仁善,张春海",1-18周 周一 第2节-第4节 逸B-212,2.0,法学院,否,理论类课程,周一,2017-2018-1,,201710300002077089,"2016法学院法学,2016法学院法学（运动员班）",0,仙林校区,2017-2018学年 第1学期,77089,逸B-212,0.0,否,,1,32,,0,0,中国法律史,16,第2节-第4节,逸夫楼B区,03000020
32.0,400050,民法学(债法)(20171-03000040C-1),2017103000040C77090,,3,,92,1-18周,0,解亘,1-18周 周二 第1节-第2节 仙Ⅰ-321,2.0,法学院,否,理论类课程,周二,2017-2018-1,,2017103000040C77090,"2016法学院法学,2016法学院法学（运动员班）",0,仙林校区,2017-2018学年 第1学期,77090,仙Ⅰ-321,0.0,否,,1,32,,0,0,民法学(债法),11,第1节-第2节,仙I区,03000040C
32.0,400050,民法学(债法)(20171-03000040C-2),2017103000040C77091,,3,,79,1-18周,0,刘勇,1-18周 周二 第3节-第4节 仙Ⅱ-213,2.0,法学院,否,理论类课程,周二,2017-2018-1,,2017103000040C77091,2016法学院法学,0,仙林校区,2017-2018学年 第1学期,77091,仙Ⅱ-213,0.0,否,,1,32,,0,0,民法学(债法),12,第3节-第4节,仙II区,03000040C
32.0,400050,刑法学(分论)(20171-03000050B-1),2017103000050B77092,,3,,77,1-18周,0,黄旭巍,1-18周 周三 第1节-第2节 仙Ⅱ-311,2.0,法学院,否,理论类课程,周三,2017-2018-1,,2017103000050B77092,"2016法学院法学,2016法学院法学（运动员班）",0,仙林校区,2017-2018学年 第1学期,77092,仙Ⅱ-311,0.0,否,,1,32,,0,0,刑法学(分论),12,第1节-第2节,仙II区,03000050B
32.0,400050,刑法学(分论)(20171-03000050B-2),2017103000050B77093,,3,,55,1-18周,0,杨辉忠,1-18周 周三 第3节-第4节 仙Ⅱ-311,2.0,法学院,否,理论类课程,周三,2017-2018-1,,2017103000050B77093,2016法学院法学,0,仙林校区,2017-2018学年 第1学期,77093,仙Ⅱ-311,0.0,否,,1,32,,0,0,刑法学(分论),12,第3节-第4节,仙II区,03000050B
48.0,400050,刑事诉讼法学(20171-03000060-1),201710300006077094,,3,,89,1-18周,0,张复友,1-18周 周四 第2节-第4节 仙Ⅱ-311,2.0,法学院,否,理论类课程,周四,2017-2018-1,,201710300006077094,"2016法学院法学,2016法学院法学（运动员班）",0,仙林校区,2017-2018学年 第1学期,77094,仙Ⅱ-311,0.0,否,,1,32,,0,0,刑事诉讼法学,12,第2节-第4节,仙II区,03000060
48.0,400050,刑事诉讼法学(20171-03000060-2),201710300006077095,,3,,60,1-18周,0,秦宗文,1-18周 周四 第2节-第4节 仙Ⅱ-312,2.0,法学院,否,理论类课程,周四,2017-2018-1,,201710300006077095,2016法学院法学,0,仙林校区,2017-2018学年 第1学期,77095,仙Ⅱ-312,0.0,否,,1,32,,0,0,刑事诉讼法学,12,第2节-第4节,仙II区,03000060
32.0,400050,行政法与行政诉讼法学(二)(20171-03000080B-1),2017103000080B77103,,3,,58,1-18周,0,"吴卫星,王太高",1-18周 周二 第1节-第2节 仙Ⅱ-214,2.0,法学院,否,理论类课程,周二,2017-2018-1,,2017103000080B77103,2015法学院法学,0,仙林校区,2017-2018学年 第1学期,77103,仙Ⅱ-214,0.0,否,,1,32,,0,0,行政法与行政诉讼法学(二),12,第1节-第2节,仙II区,03000080B
32.0,400050,行政法与行政诉讼法学(二)(20171-03000080B-2),2017103000080B77104,,3,,52,1-18周,0,"王太高,吴卫星",1-18周 周二 第3节-第4节 仙Ⅱ-214,2.0,法学院,否,理论类课程,周二,2017-2018-1,,2017103000080B77104,2015法学院法学,0,仙林校区,2017-2018学年 第1学期,77104,仙Ⅱ-214,0.0,否,,1,32,,0,0,行政法与行政诉讼法学(二),12,第3节-第4节,仙II区,03000080B
32.0,400050,商法总论(20171-03000090-1),201710300009077105,,3,,105,1-18周,0,"岳卫,范健",1-18周 周四 第3节-第4节 逸A-117,2.0,法学院,否,理论类课程,周四,2017-2018-1,,201710300009077105,2015法学院法学,0,仙林校区,2017-2018学年 第1学期,77105,逸A-117,0.0,否,,1,32,,0,0,商法总论,15,第3节-第4节,逸夫楼A区,03000090
48.0,400050,国际私法学(20171-03000140-1),201710300014077106,,3,,48,1-18周,0,焦燕,1-18周 周一 第2节-第4节 仙Ⅱ-212,2.0,法学院,否,理论类课程,周一,2017-2018-1,,201710300014077106,2015法学院法学,0,仙林校区,2017-2018学年 第1学期,77106,仙Ⅱ-212,0.0,否,,1,48,,0,0,国际私法学,12,第2节-第4节,仙II区,03000140
48.0,400050,国际私法学(20171-03000140-2),201710300014077107,,3,,39,1-18周,0,宋晓,1-18周 周一 第2节-第4节 仙Ⅱ-211,2.0,法学院,否,理论类课程,周一,2017-2018-1,,201710300014077107,2015法学院法学,0,仙林校区,2017-2018学年 第1学期,77107,仙Ⅱ-211,0.0,否,,1,48,,0,0,国际私法学,12,第2节-第4节,仙II区,03000140
32.0,400050,西方法律思想史(20171-03000220-1),201710300022077110,,3,,72,1-18周,0,熊静波,1-18周 周二 第9节-第10节 仙Ⅱ-211,2.0,法学院,否,理论类课程,周二,2017-2018-1,,201710300022077110,2015法学院法学,0,仙林校区,2017-2018学年 第1学期,77110,仙Ⅱ-211,0.0,否,,1,32,,0,0,西方法律思想史,12,第9节-第10节,仙II区,03000220
32.0,400050,劳动与社会保障法(20171-03000270-1),201710300027077111,,3,,29,1-18周,0,黄秀梅,1-18周 周五 第5节-第6节 仙Ⅱ-211,2.0,法学院,否,理论类课程,周五,2017-2018-1,,201710300027077111,2015法学院法学,0,仙林校区,2017-2018学年 第1学期,77111,仙Ⅱ-211,0.0,否,,1,32,,0,0,劳动与社会保障法,12,第5节-第6节,仙II区,03000270
32.0,400050,劳动与社会保障法(20171-03000270-2),201710300027077112,,3,,38,1-18周,0,周长征,1-18周 周五 第5节-第6节 仙Ⅱ-212,2.0,法学院,否,理论类课程,周五,2017-2018-1,,201710300027077112,2015法学院法学,0,仙林校区,2017-2018学年 第1学期,77112,仙Ⅱ-212,0.0,否,,1,32,,0,0,劳动与社会保障法,12,第5节-第6节,仙II区,03000270
32.0,400050,亲属法与继承法(20171-03000290-1),201710300029077096,,3,,101,1-18周,0,张燕玲,1-18周 周五 第3节-第4节 仙Ⅱ-503,2.0,法学院,否,理论+实践课程,周五,2017-2018-1,,201710300029077096,"2016法学院法学,2016法学院法学（运动员班）",0,仙林校区,2017-2018学年 第1学期,77096,仙Ⅱ-503,0.0,否,,5,26,,6,0,家庭法与继承法,12,第3节-第4节,仙II区,03000290
48.0,400050,公司法(20171-03000310-1),201710300031077113,,3,,118,1-18周,0,宋亚辉,1-18周 周五 第2节-第4节 仙Ⅱ-304,2.0,法学院,否,理论类课程,周五,2017-2018-1,,201710300031077113,2015法学院法学,0,仙林校区,2017-2018学年 第1学期,77113,仙Ⅱ-304,0.0,否,,1,48,,0,0,公司法,12,第2节-第4节,仙II区,03000310
32.0,400050,保险法(20171-03000350-1),201710300035077114,,3,,71,1-18周,0,"岳卫,李华",1-18周 周四 第5节-第6节 仙Ⅱ-213,2.0,法学院,否,理论类课程,周四,2017-2018-1,,201710300035077114,2015法学院法学,0,仙林校区,2017-2018学年 第1学期,77114,仙Ⅱ-213,0.0,否,,1,32,,0,0,保险法,12,第5节-第6节,仙II区,03000350
32.0,400050,竞争法(20171-03000360-1),201710300036077115,,3,,72,1-18周,0,"方小敏,杨阳",1-18周 周四 第1节-第2节 仙Ⅱ-211,2.0,法学院,否,理论类课程,周四,2017-2018-1,,201710300036077115,2015法学院法学,0,仙林校区,2017-2018学年 第1学期,77115,仙Ⅱ-211,0.0,否,,1,32,,0,0,竞争法,12,第1节-第2节,仙II区,03000360
32.0,400050,证据法(20171-03000370-1),201710300037077116,,3,,81,1-18周,0,"秦宗文,吴英姿",1-18周 周二 第7节-第8节 逸B-205,2.0,法学院,否,理论类课程,周二,2017-2018-1,,201710300037077116,2015法学院法学,0,仙林校区,2017-2018学年 第1学期,77116,逸B-205,0.0,否,,1,32,,0,0,人工智能与证据法,16,第7节-第8节,逸夫楼B区,03000370
32.0,400050,国际商法(20171-03000380-1),201710300038077117,,3,,35,1-18周,0,何鹰,1-18周 周三 第5节-第6节 逸B-410,2.0,法学院,否,理论类课程,周三,2017-2018-1,,201710300038077117,2015法学院法学,0,仙林校区,2017-2018学年 第1学期,77117,逸B-410,0.0,否,,1,32,,0,0,国际商法,16,第5节-第6节,逸夫楼B区,03000380
32.0,400050,法律社会学(20171-03000500-1),201710300050077122,,1,,1,,0,,,2.0,法学院,否,理论类课程,,2017-2018-1,,201710300050077122,2014法学院法学,0,鼓楼校区,2017-2018学年 第1学期,77122,,0.0,否,,1,32,,0,0,法律社会学,,,,03000500
32.0,400050,犯罪学(20171-03000510-1),201710300051077123,,1,,10,1-18周,0,狄小华,1-18周 周二 第3节-第4节 教305,2.0,法学院,否,理论类课程,周二,2017-2018-1,,201710300051077123,2014法学院法学,0,鼓楼校区,2017-2018学年 第1学期,77123,教305,0.0,否,,1,32,,0,0,犯罪学,1,第3节-第4节,教学楼,03000510
64.0,400050,德语(20171-03000610C-1),2017103000610C77097,,3,,11,"1-18周,1-18周",0,"袁燕,陈坤","1-18周 周三 第7节-第10节 仙Ⅱ-311,1-18周 周五 第7节-第10节 仙Ⅱ-311",4.0,法学院,否,理论类课程,"周三,周五",2017-2018-1,,2017103000610C77097,"2015法学院法学,2016法学院法学",0,仙林校区,2017-2018学年 第1学期,77097,"仙Ⅱ-311,仙Ⅱ-311",0.0,否,,1,64,,0,0,德语,12,"第7节-第10节,第7节-第10节",仙II区,03000610C
32.0,400050,专业实习(一)(20171-03000800A-1),2017103000800A77099,,3,,61,1-18周,0,,1-18周 自由时间 - 自由地点,2.0,法学院,否,实践类课程,自由时间,2017-2018-1,,2017103000800A77099,"2016法学院法学,2016法学院法学（运动员班）",0,仙林校区,2017-2018学年 第1学期,77099,自由地点,0.0,否,,3,0,,32,0,专业实习(一),388,自由时间,虚拟区域（仙林）,03000800A
32.0,400050,专业实习(一)(20171-03000800A-2),2017103000800A77100,,3,,53,1-18周,0,,1-18周 自由时间 - 自由地点,2.0,法学院,否,实践类课程,自由时间,2017-2018-1,,2017103000800A77100,2016法学院法学,0,仙林校区,2017-2018学年 第1学期,77100,自由地点,0.0,否,,3,0,,32,0,专业实习(一),388,自由时间,虚拟区域（仙林）,03000800A
32.0,400050,专业实习(二)(20171-03000800B-1),2017103000800B77119,,,,45,,0,,,2.0,法学院,否,实践类课程,,2017-2018-1,,2017103000800B77119,2015法学院法学,0,,2017-2018学年 第1学期,77119,,0.0,否,,3,0,,32,0,专业实习(二),,,,03000800B
32.0,400050,专业实习(二)(20171-03000800B-2),2017103000800B77120,,,,46,,0,,,2.0,法学院,否,实践类课程,,2017-2018-1,,2017103000800B77120,2015法学院法学,0,,2017-2018学年 第1学期,77120,,0.0,否,,3,0,,32,0,专业实习(二),,,,03000800B
16.0,400050,体育训练(20171-03001000C-1),2017103001000C77911,,3,,15,1-18周,0,,1-18周 自由时间 - 自由地点,1.0,法学院,否,实践类课程,自由时间,2017-2018-1,,2017103001000C77911,2016法学院法学（运动员班）,0,仙林校区,2017-2018学年 第1学期,77911,自由地点,0.0,否,,3,0,,16,0,体育训练,388,自由时间,虚拟区域（仙林）,03001000C
32.0,400050,比较宪法(20171-03001270-1),201710300127077098,,3,,32,1-18周,0,田芳,1-18周 周三 第5节-第6节 仙Ⅰ-318,2.0,法学院,否,理论类课程,周三,2017-2018-1,,201710300127077098,2016法学院法学,0,仙林校区,2017-2018学年 第1学期,77098,仙Ⅰ-318,0.0,否,,1,32,,0,0,比较宪法,11,第5节-第6节,仙I区,03001270
32.0,400050,国际经济法（英语）(20171-03001360-1),201710300136077108,,3,,22,1-18周,0,彭岳,1-18周 周三 第3节-第4节 仙Ⅰ-316,2.0,法学院,否,理论类课程,周三,2017-2018-1,,201710300136077108,2015法学院法学,0,仙林校区,2017-2018学年 第1学期,77108,仙Ⅰ-316,0.0,否,,1,32,,0,0,国际经济法（英语）,11,第3节-第4节,仙I区,03001360
32.0,400050,知识产权法（英语）(20171-03001370-1),201710300137077109,,3,,22,1-18周,0,吕炳斌,1-18周 周四 第7节-第8节 仙Ⅰ-209,2.0,法学院,否,理论类课程,周四,2017-2018-1,,201710300137077109,2015法学院法学,0,仙林校区,2017-2018学年 第1学期,77109,仙Ⅰ-209,0.0,否,,1,32,,0,0,知识产权法（英语）,11,第7节-第8节,仙I区,03001370
32.0,400030,中外哲学经典导读(20171-04000030-1),201710400003077244,,3,,148,4-18周,0,"傅新毅,王恒",4-18周 周四 第5节-第6节 仙Ⅰ-524,2.0,哲学学院,否,理论类课程,周四,2017-2018-1,,201710400003077244,2017*人文科学试验班*人文艺术传播类,0,仙林校区,2017-2018学年 第1学期,77244,仙Ⅰ-524,0.0,否,,1,32,,0,0,中外哲学经典导读,11,第5节-第6节,仙I区,04000030
64.0,400030,中国哲学史（下）(20171-04010010B-1),2017104010010B76806,,3,,37,"1-18周,1-18周",0,"沈文华,尚荣","1-18周 周一 第3节-第4节 逸A-212,1-18周 周四 第3节-第4节 逸A-212",4.0,哲学学院,否,理论类课程,"周一,周四",2017-2018-1,,2017104010010B76806,2016哲学学院哲学,0,仙林校区,2017-2018学年 第1学期,76806,"逸A-212,逸A-212",0.0,否,,1,64,,0,0,中国哲学史（下）,15,"第3节-第4节,第3节-第4节",逸夫楼A区,04010010B
64.0,400030,马克思主义哲学史（上）(20171-04010030A-1),2017104010030A76805,,3,,30,"1-18周,1-18周",0,"周嘉昕,胡大平","1-18周 周二 第3节-第4节 仙Ⅱ-520,1-18周 周三 第3节-第4节 仙Ⅱ-520",4.0,哲学学院,否,理论类课程,"周二,周三",2017-2018-1,,2017104010030A76805,2016哲学学院哲学,0,仙林校区,2017-2018学年 第1学期,76805,"仙Ⅱ-520,仙Ⅱ-520",0.0,否,,1,64,,0,0,马克思主义哲学史（上）,12,"第3节-第4节,第3节-第4节",仙II区,04010030A
32.0,400030,伦理学(20171-04010040-1),201710401004076813,,3,,49,1-18周,0,赵华,1-18周 周二 第3节-第4节 仙Ⅱ-519,2.0,哲学学院,否,理论类课程,周二,2017-2018-1,,201710401004076813,2015哲学学院哲学,0,仙林校区,2017-2018学年 第1学期,76813,仙Ⅱ-519,0.0,否,,1,32,,0,0,伦理学,12,第3节-第4节,仙II区,04010040
32.0,400030,现代逻辑(20171-04010060-1),201710401006076807,,3,,36,1-18周,0,张力锋,1-18周 周二 第5节-第6节 仙Ⅱ-520,2.0,哲学学院,否,理论类课程,周二,2017-2018-1,,201710401006076807,2016哲学学院哲学,0,仙林校区,2017-2018学年 第1学期,76807,仙Ⅱ-520,0.0,否,,1,32,,0,0,现代逻辑,12,第5节-第6节,仙II区,04010060
32.0,400030,西方伦理思想史(20171-04010540-1),201710401054076808,,3,,31,1-18周,0,张晓东,1-18周 周一 第5节-第6节 逸A-212,2.0,哲学学院,否,理论类课程,周一,2017-2018-1,,201710401054076808,2016哲学学院哲学,0,仙林校区,2017-2018学年 第1学期,76808,逸A-212,0.0,否,,1,32,,0,0,西方伦理思想史,15,第5节-第6节,逸夫楼A区,04010540
32.0,400030,马克思主义哲学热点问题研究(20171-04010580-1),201710401058076830,,3,,31,1-18周,0,"孙乐强,张义修",1-18周 周三 第3节-第4节 逸B-111,2.0,哲学学院,否,理论类课程,周三,2017-2018-1,,201710401058076830,2014哲学学院哲学,0,仙林校区,2017-2018学年 第1学期,76830,逸B-111,0.0,否,,1,32,,0,0,马克思主义哲学热点问题研究,16,第3节-第4节,逸夫楼B区,04010580
32.0,400030,西方美学史(20171-04010590-1),201710401059076809,,3,,40,1-18周,0,殷曼楟,1-18周 周五 第3节-第4节 逸A-212,2.0,哲学学院,否,理论类课程,周五,2017-2018-1,,201710401059076809,2016哲学学院哲学,0,仙林校区,2017-2018学年 第1学期,76809,逸A-212,0.0,否,,1,32,,0,0,西方美学史,15,第3节-第4节,逸夫楼A区,04010590
32.0,400030,当代西方大众文化理论(20171-04010640-1),201710401064076831,,3,,30,1-18周,0,刘怀玉,1-18周 周四 第3节-第4节 逸B-209,2.0,哲学学院,否,理论类课程,周四,2017-2018-1,,201710401064076831,2014哲学学院哲学,0,仙林校区,2017-2018学年 第1学期,76831,逸B-209,0.0,否,,1,32,,0,0,当代西方大众文化理论,16,第3节-第4节,逸夫楼B区,04010640
48.0,400030,西方哲学原著选读(20171-04010720-1),201710401072076815,,3,,28,1-18周,0,马迎辉,1-18周 周二 第5节-第7节 逸B-210,3.0,哲学学院,否,理论类课程,周二,2017-2018-1,,201710401072076815,2015哲学学院哲学,0,仙林校区,2017-2018学年 第1学期,76815,逸B-210,0.0,否,,1,48,,0,0,西方哲学原著选读,16,第5节-第7节,逸夫楼B区,04010720
48.0,400030,马克思主义哲学原著选读(20171-04010740-1),201710401074076818,,3,,30,1-18周,0,"张传平,唐正东",1-18周 周一 第5节-第7节 逸B-210,3.0,哲学学院,否,理论类课程,周一,2017-2018-1,,201710401074076818,2015哲学学院哲学,0,仙林校区,2017-2018学年 第1学期,76818,逸B-210,0.0,否,,1,48,,0,0,马克思主义哲学原著选读,16,第5节-第7节,逸夫楼B区,04010740
32.0,400030,西方马克思主义哲学概论(20171-04010750-1),201710401075076820,,3,,31,1-18周,0,"周嘉昕,杨乔喻,胡大平",1-18周 周四 第3节-第4节 逸B-210,2.0,哲学学院,否,理论类课程,周四,2017-2018-1,,201710401075076820,2015哲学学院哲学,0,仙林校区,2017-2018学年 第1学期,76820,逸B-210,0.0,否,,1,32,,0,0,西方马克思主义哲学概论,16,第3节-第4节,逸夫楼B区,04010750
32.0,400030,哲学与社会(20171-04010800-1),201710401080076841,,3,,9,1-18周,0,马迎辉,1-18周 自由时间 - 自由地点,2.0,哲学学院,否,实践类课程,自由时间,2017-2018-1,,201710401080076841,2014哲学学院哲学,0,仙林校区,2017-2018学年 第1学期,76841,自由地点,0.0,否,,3,0,,64,0,哲学与社会,388,自由时间,虚拟区域（仙林）,04010800
16.0,400030,国学实践论（一)(20171-04010810A-1),2017104010810A76810,,3,,19,1-18周,0,张明,1-18周 自由时间 - 自由地点,1.0,哲学学院,否,,自由时间,2017-2018-1,,2017104010810A76810,2016哲学学院哲学,0,仙林校区,2017-2018学年 第1学期,76810,自由地点,,否,,,,,,0,国学实践论（一),388,自由时间,虚拟区域（仙林）,04010810A
16.0,400030,国学实践论（二）(20171-04010810B-1),2017104010810B76822,,3,,27,1-18周,0,吕程,1-18周 自由时间 - 自由地点,1.0,哲学学院,否,,自由时间,2017-2018-1,,2017104010810B76822,2015哲学学院哲学,0,仙林校区,2017-2018学年 第1学期,76822,自由地点,,否,,,,,,0,国学实践论（二）,388,自由时间,虚拟区域（仙林）,04010810B
32.0,400030,印度佛教哲学专题(20171-04011040-1),201710401104076823,,3,,40,1-18周,0,傅新毅,1-18周 周五 第5节-第6节 逸B-210,2.0,哲学学院,否,理论类课程,周五,2017-2018-1,,201710401104076823,2015哲学学院哲学,0,仙林校区,2017-2018学年 第1学期,76823,逸B-210,0.0,否,,1,32,,0,0,印度佛教哲学专题,16,第5节-第6节,逸夫楼B区,04011040
32.0,400030,心灵哲学(20171-04011070-1),201710401107076811,,3,,15,1-18周,0,陶孝云,1-18周 周四 第5节-第6节 逸A-212,2.0,哲学学院,否,理论类课程,周四,2017-2018-1,,201710401107076811,2016哲学学院哲学,0,仙林校区,2017-2018学年 第1学期,76811,逸A-212,0.0,否,,1,32,,0,0,心灵哲学,15,第5节-第6节,逸夫楼A区,04011070
32.0,400030,佛教艺术概论(20171-04011080-1),201710401108076825,,3,,44,1-18周,0,尚荣,1-18周 周四 第7节-第8节 逸B-210,2.0,哲学学院,否,理论类课程,周四,2017-2018-1,,201710401108076825,2015哲学学院哲学,0,仙林校区,2017-2018学年 第1学期,76825,逸B-210,0.0,否,,1,32,,0,0,佛教艺术概论,16,第7节-第8节,逸夫楼B区,04011080
32.0,400030,后马克思主义导论(20171-04011100-1),201710401110076827,,3,,36,1-18周,0,蓝江,1-18周 周三 第3节-第4节 逸B-210,2.0,哲学学院,否,理论类课程,周三,2017-2018-1,,201710401110076827,2015哲学学院哲学,0,仙林校区,2017-2018学年 第1学期,76827,逸B-210,0.0,否,,1,32,,0,0,后马克思主义导论,16,第3节-第4节,逸夫楼B区,04011100
32.0,400030,国外毛泽东研究经典著作导读(20171-04011140-1),201710401114076844,,3,,21,1-18周,0,张明,1-18周 周二 第3节-第4节 逸B-111,2.0,哲学学院,否,理论类课程,周二,2017-2018-1,,201710401114076844,2014哲学学院哲学,0,仙林校区,2017-2018学年 第1学期,76844,逸B-111,0.0,否,,1,32,,0,0,国外毛泽东研究经典著作导读,16,第3节-第4节,逸夫楼B区,04011140
48.0,400030,后现代主义语境下的中国哲学(20171-04011160-1),201710401116076849,,3,,9,1-18周,0,沈文华,1-18周 周一 第5节-第7节 逸B-209,3.0,哲学学院,否,理论类课程,周一,2017-2018-1,,201710401116076849,2014哲学学院哲学,0,仙林校区,2017-2018学年 第1学期,76849,逸B-209,0.0,否,,1,48,,0,0,后现代主义语境下的中国哲学,16,第5节-第7节,逸夫楼B区,04011160
16.0,400030,法兰克福学派的批判理论(20171-04011170-1),201710401117076850,,3,,15,1-18周,0,"Steve Fuller,胡星铭",1-18周 自由时间 - 自由地点,1.0,哲学学院,否,理论类课程,自由时间,2017-2018-1,,201710401117076850,2014哲学学院哲学,0,仙林校区,2017-2018学年 第1学期,76850,自由地点,0.0,否,,1,16,,0,0,法兰克福学派的批判理论,388,自由时间,虚拟区域（仙林）,04011170
16.0,400030,“社会中的科学与技术”的未来——理论与实践(20171-04011180-1),201710401118076851,,3,,13,1-18周,0,"Steve Fuller,刘鹏",1-18周 自由时间 - 自由地点,1.0,哲学学院,否,理论类课程,自由时间,2017-2018-1,,201710401118076851,2014哲学学院哲学,0,仙林校区,2017-2018学年 第1学期,76851,自由地点,0.0,否,,1,16,,0,0,“社会中的科学与技术”的未来——理论与实践,388,自由时间,虚拟区域（仙林）,04011180
32.0,400040,社会研究方法(20171-05000031-1),201710500003177139,,3,,57,1-18周,0,"李明,郑欣",1-18周 周二 第2节-第4节 逸B-506（翻转）,2.0,新闻传播学院,否,理论类课程,周二,2017-2018-1,,201710500003177139,"2016新闻传播学院新闻学,2016新闻传播学院广播电视学,2016新闻传播学院广告学",0,仙林校区,2017-2018学年 第1学期,77139,逸B-506（翻转）,0.0,否,,1,32,,0,0,社会研究方法,16,第2节-第4节,逸夫楼B区,05000031
32.0,400040,实习（A）（假期）(20171-05000060A-1),2017105000060A77185,,1,,9,,0,,,2.0,新闻传播学院,否,,,2017-2018-1,,2017105000060A77185,2015新闻传播学院新闻学,0,鼓楼校区,2017-2018学年 第1学期,77185,,,否,,,,,,0,实习（A）,,,,05000060A
64.0,400040,实习（C）(20171-05000060C-1),2017105000060C77192,,1,,104,,0,,,4.0,新闻传播学院,否,理论类课程,,2017-2018-1,,2017105000060C77192,"2014新闻传播学院新闻学,2014新闻传播学院广播电视学,2014新闻传播学院广告学",0,鼓楼校区,2017-2018学年 第1学期,77192,,0.0,否,,1,64,,0,0,实习（C）,,,,05000060C
32.0,000000,国情教育(20171-05000110-1),201710500011079082,,3,,365,6-15周,0,徐慨,6-15周 周四 第9节-第10节 逸A-117,2.0,公共课程,否,理论类课程,周四,2017-2018-1,,201710500011079082,,0,仙林校区,2017-2018学年 第1学期,79082,逸A-117,0.0,否,,1,30,,2,0,国情教育,15,第9节-第10节,逸夫楼A区,05000110
96.0,400040,境外交流(20172-05000210-1),201710500021081824,,3,,19,1-18周,0,,1-18周 自由时间 - ,6.0,新闻传播学院,否,实践类课程,自由时间,2017-2018-1,,201710500021081824,2015新闻传播学院新闻学（传媒实验班）,0,仙林校区,2017-2018学年 第1学期,81824,无,0.0,否,,3,0,,96,0,境外交流,,自由时间,,05000210
32.0,400040,新闻学概论(20171-05010010-1),201710501001077154,,3,,45,1-18周,0,丁和根,1-18周 周一 第5节-第7节 仙Ⅱ-211,2.0,新闻传播学院,否,理论类课程,周一,2017-2018-1,,201710501001077154,"2016新闻传播学院新闻学,2016新闻传播学院广播电视学,2016新闻传播学院广告学",0,仙林校区,2017-2018学年 第1学期,77154,仙Ⅱ-211,0.0,否,,1,32,,0,0,新闻学概论,12,第5节-第7节,仙II区,05010010
48.0,400040,中国新闻史(20171-05010020-1),201710501002077019,,3,,53,1-18周,0,陈玉申,1-18周 周五 第2节-第4节 逸B-301,2.0,新闻传播学院,否,理论类课程,周五,2017-2018-1,,201710501002077019,"2016新闻传播学院新闻学,2016新闻传播学院新闻学（传媒实验班）",0,仙林校区,2017-2018学年 第1学期,77019,逸B-301,0.0,否,,1,32,,0,0,中国新闻史,16,第2节-第4节,逸夫楼B区,05010020
32.0,400040,外国新闻史(20171-05010030-1),201710501003077155,,3,,37,1-18周,0,林伟,1-18周 周三 第2节-第4节 仙Ⅰ-117,2.0,新闻传播学院,否,理论类课程,周三,2017-2018-1,,201710501003077155,2016新闻传播学院新闻学,0,仙林校区,2017-2018学年 第1学期,77155,仙Ⅰ-117,0.0,否,,1,32,,0,0,外国新闻史,11,第2节-第4节,仙I区,05010030
48.0,400040,新闻编辑学(20171-05010060-1),201710501006077175,,3,,32,1-18周,0,外聘2,1-18周 周二 第5节-第7节 逸C-105,2.0,新闻传播学院,否,理论类课程,周二,2017-2018-1,,201710501006077175,2015新闻传播学院新闻学,0,仙林校区,2017-2018学年 第1学期,77175,逸C-105,0.0,否,,1,32,,0,0,新闻编辑学,17,第5节-第7节,逸夫楼C区,05010060
32.0,400040,新闻评论(20171-05010070-1),201710501007077176,,3,,30,1-18周,0,外聘2,1-18周 周三 第5节-第6节 仙Ⅰ-322,2.0,新闻传播学院,否,理论+实践课程,周三,2017-2018-1,,201710501007077176,2015新闻传播学院新闻学,0,仙林校区,2017-2018学年 第1学期,77176,仙Ⅰ-322,0.0,否,,5,16,,16,0,新闻评论,11,第5节-第6节,仙I区,05010070
32.0,400040,新闻评论(20171-05010070-1),201710501007077502,,3,,16,1-18周,0,林羽丰,1-18周 周四 第3节-第4节 逸B-208,2.0,新闻传播学院,否,理论+实践课程,周四,2017-2018-1,,201710501007077502,2015新闻传播学院新闻学（运动员班）,0,仙林校区,2017-2018学年 第1学期,77502,逸B-208,0.0,否,,5,16,,16,0,新闻评论,16,第3节-第4节,逸夫楼B区,05010070
32.0,400040,国际传播(20171-05010090-1),201710501009077180,,3,,10,1-18周,0,王雄,1-18周 周三 第3节-第4节 仙Ⅰ-322,2.0,新闻传播学院,否,理论类课程,周三,2017-2018-1,,201710501009077180,2015新闻传播学院新闻学,0,仙林校区,2017-2018学年 第1学期,77180,仙Ⅰ-322,0.0,否,,1,32,,0,0,国际传播,11,第3节-第4节,仙I区,05010090
32.0,400040,现当代文学(20171-05010230-1),201710501023077505,,3,,16,1-18周,0,外聘2,1-18周 周四 第1节-第2节 逸B-208,2.0,新闻传播学院,否,理论类课程,周四,2017-2018-1,,201710501023077505,2015新闻传播学院新闻学（运动员班）,0,仙林校区,2017-2018学年 第1学期,77505,逸B-208,0.0,否,,1,32,,0,0,现当代文学,16,第1节-第2节,逸夫楼B区,05010230
16.0,400040,名记者进课堂(20171-05010340-1),201710501034077150,,1,,35,2-18周(双),0,白净,2-18周(双) 周五 第9节-第10节 ,1.0,新闻传播学院,否,理论类课程,周五,2017-2018-1,,201710501034077150,"2016新闻传播学院新闻学,2016新闻传播学院广播电视学",0,鼓楼校区,2017-2018学年 第1学期,77150,费彝民楼A418,,否,,1,16,,,0,名记者进课堂,,第9节-第10节,,05010340
16.0,400040,实践中的马克思主义新闻观（一）(20171-05010360A-1),2017105010360A76980,,3,,95,1-17周(单),0,丁柏铨,1-17周(单) 周四 第3节-第4节 仙Ⅰ-212,1.0,新闻传播学院,否,理论类课程,周四,2017-2018-1,,2017105010360A76980,"2016新闻传播学院新闻学,2016新闻传播学院新闻学（传媒实验班）,2016新闻传播学院广播电视学",0,仙林校区,2017-2018学年 第1学期,76980,仙Ⅰ-212,0.0,否,,1,16,,0,0,实践中的马克思主义新闻观（一）,11,第3节-第4节,仙I区,05010360A
48.0,400040,基础新闻采写（一）(20171-05010430A-1),2017105010430A77157,,3,,60,1-18周,0,周海燕,1-18周 周二 第5节-第7节 逸B-302,3.0,新闻传播学院,否,理论+实践课程,周二,2017-2018-1,,2017105010430A77157,"2016新闻传播学院新闻学,2016新闻传播学院广播电视学",0,仙林校区,2017-2018学年 第1学期,77157,逸B-302,0.0,否,,5,24,,24,0,基础新闻采写（一）,16,第5节-第7节,逸夫楼B区,05010430A
48.0,400040,基础新闻采写（二）(20171-05010430B-1),2017105010430B77506,,3,,16,1-18周,0,何瑛,1-18周 周一 第3节-第4节 逸B-211,3.0,新闻传播学院,否,,周一,2017-2018-1,,2017105010430B77506,2015新闻传播学院新闻学（运动员班）,0,仙林校区,2017-2018学年 第1学期,77506,逸B-211,,否,,,48,,,0,基础新闻采写（二）,16,第3节-第4节,逸夫楼B区,05010430B
32.0,400040,媒介案例研究(20171-05010460-1),201710501046077477,,3,,121,4-18周,0,杜骏飞,4-18周 周二 第7节-第8节 逸B-104,2.0,新闻传播学院,否,理论类课程,周二,2017-2018-1,,201710501046077477,2017*人文科学试验班*人文艺术传播类,0,仙林校区,2017-2018学年 第1学期,77477,逸B-104,0.0,否,,1,32,,0,0,媒介案例研究,16,第7节-第8节,逸夫楼B区,05010460
32.0,400040,媒介与社会(20171-05010500-1),201710501050077151,,3,,13,7-18周,0,袁光锋,7-18周 周二 第9节-第11节 逸B-208,2.0,新闻传播学院,否,理论类课程,周二,2017-2018-1,,201710501050077151,2016新闻传播学院新闻学,0,仙林校区,2017-2018学年 第1学期,77151,逸B-208,0.0,否,,1,32,,0,0,媒介与社会,16,第9节-第11节,逸夫楼B区,05010500
32.0,400040,海外民族志与国际事务报道(20171-05010510-1),201710501051077181,,3,,13,2-18周(双),0,周雷,2-18周(双) 周五 第5节-第8节 逸A-212,2.0,新闻传播学院,否,理论类课程,周五,2017-2018-1,,201710501051077181,2015新闻传播学院新闻学,0,仙林校区,2017-2018学年 第1学期,77181,逸A-212,0.0,否,,1,32,,0,0,海外民族志与国际事务报道,15,第5节-第8节,逸夫楼A区,05010510
32.0,400040,数据新闻(20171-05010520-1),201710501052077008,,3,,38,1-18周,0,王成军,1-18周 周一 第3节-第4节 逸B-210,2.0,新闻传播学院,否,理论+实践课程,周一,2017-2018-1,,201710501052077008,"2016新闻传播学院新闻学,2016新闻传播学院新闻学（传媒实验班）",0,仙林校区,2017-2018学年 第1学期,77008,逸B-210,0.0,否,,5,16,,16,0,数据新闻,16,第3节-第4节,逸夫楼B区,05010520
32.0,400040,未来编辑部(20171-05010550-1),201710501055077141,,1,,132,,0,,,2.0,新闻传播学院,否,实践类课程,,2017-2018-1,,201710501055077141,2016新闻传播学院新闻学,0,鼓楼校区,2017-2018学年 第1学期,77141,,0.0,否,,3,0,,32,0,未来编辑部,,,,05010550
32.0,400040,基础采访(20171-05010620-1),201710501062077012,,3,,21,1-18周,0,周海燕,1-18周 周二 第3节-第4节 逸C-202,2.0,新闻传播学院,否,理论+实践课程,周二,2017-2018-1,,201710501062077012,2016新闻传播学院新闻学（传媒实验班）,0,仙林校区,2017-2018学年 第1学期,77012,逸C-202,0.0,否,,5,16,,16,0,基础采访,17,第3节-第4节,逸夫楼C区,05010620
32.0,400040,跨文化传播(20171-05010630-1),201710501063077013,,3,,20,1-18周,0,卞冬磊,1-18周 周四 第7节-第8节 逸C-202,2.0,新闻传播学院,否,理论类课程,周四,2017-2018-1,,201710501063077013,2016新闻传播学院新闻学（传媒实验班）,0,仙林校区,2017-2018学年 第1学期,77013,逸C-202,0.0,否,,1,32,,0,0,跨文化传播,17,第7节-第8节,逸夫楼C区,05010630
48.0,400040,广告学概论(20171-05020010-1),201710502001077162,,3,,52,1-18周,0,李明,1-18周 周一 第2节-第4节 仙Ⅱ-319,3.0,新闻传播学院,否,理论类课程,周一,2017-2018-1,,201710502001077162,"2016新闻传播学院广告学,2016新闻传播学院广播电视学",0,仙林校区,2017-2018学年 第1学期,77162,仙Ⅱ-319,0.0,否,,1,36,,12,0,广告学概论,12,第2节-第4节,仙II区,05020010
32.0,400040,中外广告史(20171-05020020-1),201710502002077161,,3,,40,1-18周,0,史春艳,1-18周 周三 第5节-第6节 逸B-209,2.0,新闻传播学院,否,理论类课程,周三,2017-2018-1,,201710502002077161,2016新闻传播学院广告学,0,仙林校区,2017-2018学年 第1学期,77161,逸B-209,0.0,否,,1,32,,0,0,全球广告通史,16,第5节-第6节,逸夫楼B区,05020020
32.0,400040,广告策划与创意（上）(20171-05020040A-1),2017105020040A77164,,3,,44,1-18周,0,李晓愚,1-18周 周五 第3节-第4节 逸B-209,2.0,新闻传播学院,否,理论类课程,周五,2017-2018-1,,2017105020040A77164,2016新闻传播学院广告学,0,仙林校区,2017-2018学年 第1学期,77164,逸B-209,0.0,否,,1,32,,0,0,广告策划与创意（上）,16,第3节-第4节,逸夫楼B区,05020040A
32.0,400040,广告文案写作(20171-05020050-1),201710502005077165,,3,,44,1-18周,0,外聘,1-18周 周四 第5节-第6节 逸C-105,2.0,新闻传播学院,否,理论+实践课程,周四,2017-2018-1,,201710502005077165,2016新闻传播学院广告学,0,仙林校区,2017-2018学年 第1学期,77165,逸C-105,0.0,否,,5,20,,12,0,智能时代的广告创意和写作,17,第5节-第6节,逸夫楼C区,05020050
32.0,400040,市场营销学(20171-05020090-1),201710502009077020,,3,,55,1-18周,0,郑丽勇,1-18周 周二 第5节-第6节 仙Ⅱ-116,2.0,新闻传播学院,否,理论类课程,周二,2017-2018-1,,201710502009077020,"2016新闻传播学院广告学,2016新闻传播学院新闻学（传媒实验班）",0,仙林校区,2017-2018学年 第1学期,77020,仙Ⅱ-116,0.0,否,,1,32,,0,0,市场营销学,12,第5节-第6节,仙II区,05020090
32.0,400040,公共关系学(20171-05020100-1),201710502010077021,,3,,50,1-18周,0,温乃楠,1-18周 周二 第7节-第8节 仙Ⅱ-116,2.0,新闻传播学院,否,理论类课程,周二,2017-2018-1,,201710502010077021,"2015新闻传播学院广告学,2016新闻传播学院新闻学（传媒实验班）",0,仙林校区,2017-2018学年 第1学期,77021,仙Ⅱ-116,0.0,否,,1,32,,0,0,公共关系学,12,第7节-第8节,仙II区,05020100
32.0,400040,整合营销传播(20171-05020140-1),201710502014077186,,3,,42,1-18周,0,外聘,1-18周 周三 第5节-第6节 逸B-210,2.0,新闻传播学院,否,理论类课程,周三,2017-2018-1,,201710502014077186,2015新闻传播学院广告学,0,仙林校区,2017-2018学年 第1学期,77186,逸B-210,0.0,否,,1,32,,0,0,整合营销传播,16,第5节-第6节,逸夫楼B区,05020140
32.0,400040,平面设计(20171-05020180-1),201710502018077187,,1,,28,1-18周,0,外聘2,1-18周 周五 第6节-第8节 ,2.0,新闻传播学院,否,,周五,2017-2018-1,,201710502018077187,2015新闻传播学院广告学,0,鼓楼校区,2017-2018学年 第1学期,77187,费彝民楼A530,,否,,,,,,0,平面设计,,第6节-第8节,,05020180
16.0,400040,奥美创意作品赏析(20171-05020560-1),201710502056077166,,3,,36,1-18周,0,朱江丽,1-18周 周五 第5节-第6节 逸C-205,1.0,新闻传播学院,否,理论类课程,周五,2017-2018-1,,201710502056077166,2016新闻传播学院广告学,0,仙林校区,2017-2018学年 第1学期,77166,逸C-205,0.0,否,,1,16,,0,0,奥美创意作品赏析,17,第5节-第6节,逸夫楼C区,05020560
32.0,400040,影视广告制作(20171-05020580-1),201710502058077188,,3,,27,1-18周,0,尤浩,1-18周 周一 第7节-第8节 ,2.0,新闻传播学院,否,,周一,2017-2018-1,,201710502058077188,2015新闻传播学院广告学,0,仙林校区,2017-2018学年 第1学期,77188,基础实验楼乙413,,否,,,,,,0,影视广告制作,,第7节-第8节,,05020580
32.0,400040,纽约广告奖经典作品赏析(20171-05020650-1),201710502065077171,,1,,32,2-18周(双),0,外聘,2-18周(双) 周五 第9节-第10节 ,2.0,新闻传播学院,否,理论类课程,周五,2017-2018-1,,201710502065077171,2016新闻传播学院广告学,0,鼓楼校区,2017-2018学年 第1学期,77171,费彝民楼A530,0.0,否,,1,32,,0,0,纽约广告奖经典作品赏析,,第9节-第10节,,05020650
32.0,400040,广播电视概论(20171-05030010-1),201710503001077172,,3,,58,1-18周,0,外聘2,1-18周 周三 第2节-第4节 逸A-323,2.0,新闻传播学院,否,理论类课程,周三,2017-2018-1,,201710503001077172,"2015新闻传播学院新闻学（运动员班）,2016新闻传播学院广播电视学,2016新闻传播学院广告学",0,仙林校区,2017-2018学年 第1学期,77172,逸A-323,0.0,否,,1,32,,0,0,广播电视概论,15,第2节-第4节,逸夫楼A区,05030010
32.0,400040,策略传播(20171-05030020-1),201710503002077191,,3,,12,1-18周,0,周凯,1-18周 周一 第7节-第8节 仙Ⅰ-510,2.0,新闻传播学院,否,理论类课程,周一,2017-2018-1,,201710503002077191,2015新闻传播学院广播电视学,0,仙林校区,2017-2018学年 第1学期,77191,仙Ⅰ-510,0.0,否,,1,32,,0,0,策略传播基础,11,第7节-第8节,仙I区,05030020
32.0,400040,图像传播学(20171-05030040-1),201710503004077024,,3,,75,1-18周,0,韩丛耀,1-18周 周四 第5节-第6节 仙Ⅱ-212,2.0,新闻传播学院,否,理论类课程,周四,2017-2018-1,,201710503004077024,"2015新闻传播学院新闻学,2016新闻传播学院新闻学（传媒实验班）,2015新闻传播学院广播电视学,2015新闻传播学院广告学",0,仙林校区,2017-2018学年 第1学期,77024,仙Ⅱ-212,0.0,否,,1,32,,0,0,图像传播学,12,第5节-第6节,仙II区,05030040
32.0,400040,影视美学(20171-05030140-1),201710503014077183,,3,,78,1-18周,0,朱丽丽,1-18周 周五 第3节-第4节 仙Ⅱ-115,2.0,新闻传播学院,否,理论类课程,周五,2017-2018-1,,201710503014077183,"2015新闻传播学院新闻学,2015新闻传播学院广播电视学,2015新闻传播学院广告学",0,仙林校区,2017-2018学年 第1学期,77183,仙Ⅱ-115,0.0,否,,1,32,,0,0,影视美学,12,第3节-第4节,仙II区,05030140
32.0,400040,媒介与性别研究(20171-05030180-1),201710503018077145,,3,,19,1-18周,0,王蕾,1-18周 周五 第5节-第6节 逸C-102,2.0,新闻传播学院,否,理论类课程,周五,2017-2018-1,,201710503018077145,2016新闻传播学院新闻学,0,仙林校区,2017-2018学年 第1学期,77145,逸C-102,0.0,否,,1,32,,0,0,媒介与性别研究,17,第5节-第6节,逸夫楼C区,05030180
32.0,400040,媒介融合(20171-05030220-1),201710503022077177,,3,,93,1-18周,0,赵梦溪,1-18周 周一 第2节-第4节 仙Ⅰ-102,2.0,新闻传播学院,否,,周一,2017-2018-1,,201710503022077177,"2015新闻传播学院新闻学,2015新闻传播学院广播电视学,2015新闻传播学院广告学",0,仙林校区,2017-2018学年 第1学期,77177,仙Ⅰ-102,,否,,,,,,0,媒介融合,11,第2节-第4节,仙I区,05030220
32.0,400040,电视摄像(20171-05030480-1),201710503048077147,,3,,63,1-18周,0,尤浩,1-18周 周四 第5节-第6节 ,2.0,新闻传播学院,否,,周四,2017-2018-1,,201710503048077147,"2016新闻传播学院新闻学,2016新闻传播学院广播电视学",0,仙林校区,2017-2018学年 第1学期,77147,基础实验楼乙413,,否,,,,,,0,电视摄像,,第5节-第6节,,05030480
16.0,400040,江苏广电讲坛(20171-05030490-1),201710503049077025,,1,,64,1-17周(单),0,张静,1-17周(单) 周五 第9节-第10节 ,1.0,新闻传播学院,否,理论类课程,周五,2017-2018-1,,201710503049077025,"2016新闻传播学院新闻学,2016新闻传播学院新闻学（传媒实验班）,2016新闻传播学院广播电视学,2016新闻传播学院广告学",0,鼓楼校区,2017-2018学年 第1学期,77025,费彝民楼A418,0.0,否,,1,16,,0,0,江苏广电讲坛,,第9节-第10节,,05030490
32.0,400040,网络与新媒体传播(20171-05030510-1),201710503051077178,,3,,47,1-18周,0,巢乃鹏,1-18周 周一 第5节-第6节 仙Ⅰ-519,2.0,新闻传播学院,否,理论类课程,周一,2017-2018-1,,201710503051077178,"2015新闻传播学院新闻学,2015新闻传播学院广播电视学,2015新闻传播学院广告学",0,仙林校区,2017-2018学年 第1学期,77178,仙Ⅰ-519,0.0,否,,1,32,,0,0,网络与新媒体传播,11,第5节-第6节,仙I区,05030510
32.0,400040,高级采写(20171-05030520-1),201710503052077179,,3,,36,1-18周,0,庄永志,1-18周 周四 第7节-第8节 仙Ⅰ-117,2.0,新闻传播学院,否,理论+实践课程,周四,2017-2018-1,,201710503052077179,"2015新闻传播学院新闻学,2015新闻传播学院广播电视学",0,仙林校区,2017-2018学年 第1学期,77179,仙Ⅰ-117,0.0,否,,5,16,,16,0,高级采写,11,第7节-第8节,仙I区,05030520
32.0,400040,视听语言(20171-05030530-1),201710503053077173,,3,,56,2-18周(双),0,张静,2-18周(双) 周四 第1节-第4节 逸B-307,2.0,新闻传播学院,否,理论类课程,周四,2017-2018-1,,201710503053077173,"2016新闻传播学院广告学,2016新闻传播学院广播电视学",0,仙林校区,2017-2018学年 第1学期,77173,逸B-307,0.0,否,,1,32,,0,0,视听语言,16,第1节-第4节,逸夫楼B区,05030530
32.0,400040,新媒体视频研发制作(20171-05030570-1),201710503057077182,,3,,50,1-18周,0,李晓峰,1-18周 周四 第3节-第4节 ,2.0,新闻传播学院,否,,周四,2017-2018-1,,201710503057077182,"2015新闻传播学院新闻学,2015新闻传播学院广播电视学,2015新闻传播学院广告学",0,仙林校区,2017-2018学年 第1学期,77182,基础实验楼乙413,,否,,,,,,0,新媒体视频研发制作,,第3节-第4节,,05030570
32.0,400040,影视纪实方法（二）(20171-05030640B-1),2017105030640B77190,,3,,32,1-18周,0,王辉,1-18周 周三 第3节-第4节 仙Ⅰ-215,2.0,新闻传播学院,否,理论类课程,周三,2017-2018-1,,2017105030640B77190,2015新闻传播学院广播电视学,0,仙林校区,2017-2018学年 第1学期,77190,仙Ⅰ-215,0.0,否,,1,32,,0,0,影视纪实方法（二）,11,第3节-第4节,仙I区,05030640B
32.0,400040,演播室节目制作(20171-05030660-1),201710503066077174,,1,,31,1-18周,0,尤浩,1-18周 周五 第6节-第7节 ,2.0,新闻传播学院,否,实践类课程,周五,2017-2018-1,,201710503066077174,2016新闻传播学院广播电视学,0,鼓楼校区,2017-2018学年 第1学期,77174,江苏电视台,0.0,否,,3,0,,32,0,演播室节目制作,,第6节-第7节,,05030660
32.0,400040,视频技术(20171-05030690-1),201710503069077014,,3,,21,1-18周,0,李晓峰,1-18周 周四 第1节-第2节 ,2.0,新闻传播学院,否,理论类课程,周四,2017-2018-1,,201710503069077014,2016新闻传播学院新闻学（传媒实验班）,0,仙林校区,2017-2018学年 第1学期,77014,基础实验楼乙413,0.0,否,,1,32,,0,0,视频技术,,第1节-第2节,,05030690
32.0,400040,可视化应用(20171-05030700-1),201710503070077015,,3,,21,1-18周,0,白净,1-18周 周五 第5节-第6节 逸B-208,2.0,新闻传播学院,否,理论+实践课程,周五,2017-2018-1,,201710503070077015,2016新闻传播学院新闻学（传媒实验班）,0,仙林校区,2017-2018学年 第1学期,77015,逸B-208,0.0,否,,5,12,,20,0,可视化应用,16,第5节-第6节,逸夫楼B区,05030700
32.0,400040,体育专业英语（上）(20171-05040020A-1),2017105040020A77507,,3,,16,1-18周,0,王乔亮,1-18周 周五 第3节-第4节 逸B-208,2.0,新闻传播学院,否,理论类课程,周五,2017-2018-1,,2017105040020A77507,2015新闻传播学院新闻学（运动员班）,0,仙林校区,2017-2018学年 第1学期,77507,逸B-208,0.0,否,,1,32,,0,0,体育专业英语（上）,16,第3节-第4节,逸夫楼B区,05040020A
16.0,400040,体育训练(5)(20171-05040040E-1),2017105040040E77807,,1,,16,,0,,,1.0,新闻传播学院,否,实践类课程,,2017-2018-1,,2017105040040E77807,2015新闻传播学院新闻学（运动员班）,0,鼓楼校区,2017-2018学年 第1学期,77807,,0.0,否,,3,0,,16,0,体育训练(5),,,,05040040E
32.0,400040,基础写作(20171-05040050-1),201710504005077017,,3,,21,1-18周,0,外聘,1-18周 周一 第5节-第6节 逸B-211,2.0,新闻传播学院,否,理论类课程,周一,2017-2018-1,,201710504005077017,2016新闻传播学院新闻学（传媒实验班）,0,仙林校区,2017-2018学年 第1学期,77017,逸B-211,0.0,否,,1,32,,0,0,基础写作,16,第5节-第6节,逸夫楼B区,05040050
48.0,400080,经济学原理(20171-06000060-1),201710600006077208,,3,,77,1-18周,0,刘丹鹭,1-18周 周四 第5节-第7节 仙Ⅰ-201,3.0,政府管理学院,否,理论类课程,周四,2017-2018-1,,201710600006077208,"2016政府管理学院行政管理,2016政府管理学院劳动与社会保障",0,仙林校区,2017-2018学年 第1学期,77208,仙Ⅰ-201,0.0,否,,1,48,,0,0,经济学原理,11,第5节-第7节,仙I区,06000060
48.0,400080,比较行政体制(20171-06000070-1),201710600007077189,,3,,100,1-18周,0,笪素林,1-18周 周二 第5节-第7节 逸B-410,3.0,政府管理学院,否,理论类课程,周二,2017-2018-1,,201710600007077189,"2016政府管理学院政治学与行政学,2016政府管理学院劳动与社会保障,2016政府管理学院国际政治,2016政府管理学院行政管理",0,仙林校区,2017-2018学年 第1学期,77189,逸B-410,0.0,否,,1,48,,0,0,比较行政体制,16,第5节-第7节,逸夫楼B区,06000070
32.0,400080,社会保障概论(20171-06000080-1),201710600008077209,,3,,78,1-18周,0,周沛,1-18周 周一 第5节-第7节 仙Ⅰ-201,2.0,政府管理学院,否,理论类课程,周一,2017-2018-1,,201710600008077209,"2016政府管理学院行政管理,2016政府管理学院劳动与社会保障",0,仙林校区,2017-2018学年 第1学期,77209,仙Ⅰ-201,0.0,否,,1,32,,0,0,社会保障概论,11,第5节-第7节,仙I区,06000080
48.0,400080,西方政治思想史(20171-06000090-1),201710600009077202,,3,,25,1-18周,0,韩伟华,1-18周 周四 第5节-第7节 逸A-213,3.0,政府管理学院,否,理论类课程,周四,2017-2018-1,,201710600009077202,"2016政府管理学院政治学与行政学,2016政府管理学院国际政治",0,仙林校区,2017-2018学年 第1学期,77202,逸A-213,0.0,否,,1,48,,0,0,西方政治思想史1,15,第5节-第7节,逸夫楼A区,06000090
32.0,400080,中国政治制度史(20171-06000110-1),201710600011077204,,3,,29,1-18周,0,李里峰,1-18周 周一 第5节-第7节 逸A-213,2.0,政府管理学院,否,理论类课程,周一,2017-2018-1,,201710600011077204,"2016政府管理学院政治学与行政学,2016政府管理学院国际政治",0,仙林校区,2017-2018学年 第1学期,77204,逸A-213,0.0,否,,1,32,,0,0,中国政治制度史,15,第5节-第7节,逸夫楼A区,06000110
32.0,400080,宪法学(20171-06000120-1),201710600012077205,,3,,106,1-18周,0,徐国利,1-18周 周一 第3节-第4节 逸B-410,2.0,政府管理学院,否,理论类课程,周一,2017-2018-1,,201710600012077205,"2016政府管理学院政治学与行政学,2016政府管理学院劳动与社会保障,2016政府管理学院国际政治,2016政府管理学院行政管理",0,仙林校区,2017-2018学年 第1学期,77205,逸B-410,0.0,否,,1,32,,0,0,宪法学,16,第3节-第4节,逸夫楼B区,06000120
32.0,400080,社会科学导论(20171-06000620-1),201710600062077942,,3,,186,4-18周,0,"张凤阳,孔繁斌,翟学伟,石斌,孙建军,宋晓,周晓虹",4-18周 周一 第3节-第4节 仙Ⅱ-122,2.0,政府管理学院,否,理论类课程,周一,2017-2018-1,,201710600062077942,2017*社会科学试验班*社会科学试验班,0,仙林校区,2017-2018学年 第1学期,77942,仙Ⅱ-122,0.0,否,,1,32,,0,0,社会科学导论,12,第3节-第4节,仙II区,06000620
32.0,400080,社会科学导论(20171-06000620-2),201710600062077948,,3,,180,4-18周,0,"翟学伟,孔繁斌,石斌,张凤阳,孙建军,吴英姿,周晓虹",4-18周 周二 第3节-第4节 仙Ⅰ-107,2.0,政府管理学院,否,理论类课程,周二,2017-2018-1,,201710600062077948,"2017政府管理学院行政管理（运动员班）,2017*社会科学试验班*社会科学试验班",0,仙林校区,2017-2018学年 第1学期,77948,仙Ⅰ-107,0.0,否,,1,32,,0,0,社会科学导论,11,第3节-第4节,仙I区,06000620
32.0,400080,政治社会学(20171-06010030-1),201710601003077210,,3,,12,1-18周,0,王海洲,1-18周 周三 第3节-第4节 逸C-204,2.0,政府管理学院,否,理论类课程,周三,2017-2018-1,,201710601003077210,"2015政府管理学院政治学与行政学,2015政府管理学院国际政治",0,仙林校区,2017-2018学年 第1学期,77210,逸C-204,0.0,否,,1,32,,0,0,政治社会学,17,第3节-第4节,逸夫楼C区,06010030
32.0,400080,比较政治学(20171-06010040-1),201710601004077211,,3,,13,1-18周,0,姚远,1-18周 周一 第3节-第4节 逸C-204,2.0,政府管理学院,否,理论类课程,周一,2017-2018-1,,201710601004077211,"2015政府管理学院政治学与行政学,2015政府管理学院国际政治",0,仙林校区,2017-2018学年 第1学期,77211,逸C-204,0.0,否,,1,32,,0,0,比较政治学,17,第3节-第4节,逸夫楼C区,06010040
32.0,400080,中外政治文化比较(20171-06010050-1),201710601005077206,,3,,20,1-18周,0,王建华,1-18周 周三 第3节-第4节 逸B-202,2.0,政府管理学院,否,理论类课程,周三,2017-2018-1,,201710601005077206,"2016政府管理学院政治学与行政学,2016政府管理学院国际政治",0,仙林校区,2017-2018学年 第1学期,77206,逸B-202,0.0,否,,1,32,,0,0,中外政治文化比较,16,第3节-第4节,逸夫楼B区,06010050
32.0,400080,政治学专业英语(20171-06010200-1),201710601020077212,,3,,5,1-18周,0,吴心喆,1-18周 周二 第5节-第6节 ,2.0,政府管理学院,否,理论类课程,周二,2017-2018-1,,201710601020077212,2015政府管理学院政治学与行政学,0,仙林校区,2017-2018学年 第1学期,77212,圣达楼106,0.0,否,,1,32,,0,0,政治学专业英语,,第5节-第6节,,06010200
16.0,400080,体育训练（1）(20171-06010360A-1),2017106010360A79007,,3,,20,,0,,,1.0,政府管理学院,否,实践类课程,,2017-2018-1,,2017106010360A79007,2017政府管理学院行政管理（运动员班）,0,仙林校区,2017-2018学年 第1学期,79007,,0.0,否,,3,0,,16,0,体育训练（1）,,,,06010360A
16.0,400080,体育训练（7）(20171-06010360G-1),2017106010360G77655,,3,,13,1-18周,0,,1-18周 自由时间 - 自由地点,1.0,政府管理学院,否,实践类课程,自由时间,2017-2018-1,,2017106010360G77655,2014政府管理学院行政管理（运动员班）,0,仙林校区,2017-2018学年 第1学期,77655,自由地点,0.0,否,,3,0,,16,0,体育训练（7）,388,自由时间,虚拟区域（仙林）,06010360G
32.0,400080,海外中国政治研究导读(20171-06010400-1),201710601040077213,,3,,10,1-18周,0,赖静萍,1-18周 周五 第5节-第6节 逸C-204,2.0,政府管理学院,否,理论类课程,周五,2017-2018-1,,201710601040077213,"2015政府管理学院政治学与行政学,2015政府管理学院国际政治",0,仙林校区,2017-2018学年 第1学期,77213,逸C-204,0.0,否,,1,32,,0,0,海外中国政治研究导读,17,第5节-第6节,逸夫楼C区,06010400
32.0,400080,民主与民主化(20171-06010420I-1),2017106010420I77288,,3,,15,1-18周,0,祁玲玲,1-18周 周二 第3节-第4节 仙Ⅱ-307,2.0,政府管理学院,否,理论类课程,周二,2017-2018-1,,2017106010420I77288,"2014政府管理学院政治学与行政学,2014政府管理学院劳动与社会保障,2014政府管理学院国际政治,2014政府管理学院行政管理",0,仙林校区,2017-2018学年 第1学期,77288,仙Ⅱ-307,0.0,否,,1,32,,0,0,民主与民主化,12,第3节-第4节,仙II区,06010420I
32.0,400080,冷战结束后的中俄关系发展(20171-06010430I-1),2017106010430I77274,,3,,22,1-18周,0,方婷婷,1-18周 周三 第3节-第4节 仙Ⅱ-113,2.0,政府管理学院,否,理论类课程,周三,2017-2018-1,,2017106010430I77274,"2014政府管理学院政治学与行政学,2014政府管理学院劳动与社会保障,2014政府管理学院国际政治,2014政府管理学院行政管理",0,仙林校区,2017-2018学年 第1学期,77274,仙Ⅱ-113,0.0,否,,1,32,,0,0,冷战结束后的中俄关系发展,12,第3节-第4节,仙II区,06010430I
48.0,400080,保险精算(20171-06020020-1),201710602002077255,,3,,34,1-18周,0,王增文,1-18周 周一 第5节-第7节 仙Ⅰ-322,3.0,政府管理学院,否,理论类课程,周一,2017-2018-1,,201710602002077255,2015政府管理学院劳动与社会保障,0,仙林校区,2017-2018学年 第1学期,77255,仙Ⅰ-322,0.0,否,,1,48,,0,0,保险精算,11,第5节-第7节,仙I区,06020020
48.0,400080,社会保障基金管理(20171-06020040-1),201710602004077264,,3,,34,1-18周,0,高传胜,1-18周 周二 第5节-第7节 仙Ⅰ-322,3.0,政府管理学院,否,理论类课程,周二,2017-2018-1,,201710602004077264,2015政府管理学院劳动与社会保障,0,仙林校区,2017-2018学年 第1学期,77264,仙Ⅰ-322,0.0,否,,1,48,,0,0,社会保障基金管理,11,第5节-第7节,仙I区,06020040
32.0,400080,公共卫生管理(20171-06020280-1),201710602028077289,,3,,2,,0,,,2.0,政府管理学院,否,理论类课程,,2017-2018-1,,201710602028077289,,0,仙林校区,2017-2018学年 第1学期,77289,,0.0,否,,1,32,,0,0,公共卫生管理,,,,06020280
32.0,400080,劳动关系(20171-06020320-1),201710602032077292,,3,,8,1-18周,0,朱国云,1-18周 周四 第5节-第6节 逸B-209,2.0,政府管理学院,否,理论类课程,周四,2017-2018-1,,201710602032077292,2014政府管理学院劳动与社会保障,0,仙林校区,2017-2018学年 第1学期,77292,逸B-209,0.0,否,,1,32,,0,0,劳动关系,16,第5节-第6节,逸夫楼B区,06020320
32.0,400080,灾害救助政策(20171-06020350-1),201710602035077293,,3,,6,1-18周,0,陶鹏,1-18周 周四 第3节-第4节 逸B-202,2.0,政府管理学院,否,理论类课程,周四,2017-2018-1,,201710602035077293,2014政府管理学院劳动与社会保障,0,仙林校区,2017-2018学年 第1学期,77293,逸B-202,0.0,否,,1,32,,0,0,灾害救助政策,16,第3节-第4节,逸夫楼B区,06020350
32.0,400080,应急管理学(20171-06020360-1),201710602036077261,,3,,30,1-18周,0,张海波,1-18周 周二 第3节-第4节 仙Ⅰ-318,2.0,政府管理学院,否,理论类课程,周二,2017-2018-1,,201710602036077261,2015政府管理学院劳动与社会保障,0,仙林校区,2017-2018学年 第1学期,77261,仙Ⅰ-318,0.0,否,,1,32,,0,0,应急管理学,11,第3节-第4节,仙I区,06020360
32.0,400080,公共财政与预算管理 (20171-06040030-1),201710604003077214,,3,,42,1-18周,0,陈志广,1-18周 周五 第3节-第4节 仙Ⅱ-310,2.0,政府管理学院,否,理论类课程,周五,2017-2018-1,,201710604003077214,"2015政府管理学院政治学与行政学,2015政府管理学院劳动与社会保障,2015政府管理学院行政管理",0,仙林校区,2017-2018学年 第1学期,77214,仙Ⅱ-310,0.0,否,,1,32,,0,0,公共财政与预算管理 ,12,第3节-第4节,仙II区,06040030
48.0,400080,行政法(20171-06040040-1),201710604004077225,,3,,35,1-18周,0,徐国利,1-18周 周一 第5节-第7节 仙Ⅱ-307,3.0,政府管理学院,否,理论类课程,周一,2017-2018-1,,201710604004077225,2015政府管理学院行政管理,0,仙林校区,2017-2018学年 第1学期,77225,仙Ⅱ-307,0.0,否,,1,48,,0,0,行政法,12,第5节-第7节,仙II区,06040040
32.0,400080,行政管理专业英语(20171-06040220-1),201710604022077227,,3,,13,1-18周,0,范春辉,1-18周 周三 第3节-第4节 仙Ⅱ-307,2.0,政府管理学院,否,理论类课程,周三,2017-2018-1,,201710604022077227,"2014政府管理学院行政管理（运动员班）,2015政府管理学院行政管理",0,仙林校区,2017-2018学年 第1学期,77227,仙Ⅱ-307,0.0,否,,1,32,,0,0,行政管理专业英语,12,第3节-第4节,仙II区,06040220
32.0,400080,公共部门绩效管理(20171-06040260-1),201710604026077273,,3,,26,1-18周,0,朱伟,1-18周 周一 第3节-第4节 仙Ⅱ-311,2.0,政府管理学院,否,理论类课程,周一,2017-2018-1,,201710604026077273,"2014政府管理学院政治学与行政学,2014政府管理学院行政管理（运动员班）,2014政府管理学院劳动与社会保障,2014政府管理学院国际政治,2014政府管理学院行政管理",0,仙林校区,2017-2018学年 第1学期,77273,仙Ⅱ-311,0.0,否,,1,32,,0,0,绩效管理,12,第3节-第4节,仙II区,06040260
32.0,400080,公务员职业能力与职业发展(20171-06040270-1),201710604027077207,,3,,71,1-18周,0,王强,1-18周 周四 第3节-第4节 仙Ⅰ-201,2.0,政府管理学院,否,理论类课程,周四,2017-2018-1,,201710604027077207,"2014政府管理学院行政管理（运动员班）,2016政府管理学院劳动与社会保障,2016政府管理学院国际政治,2016政府管理学院行政管理,2016政府管理学院政治学与行政学",0,仙林校区,2017-2018学年 第1学期,77207,仙Ⅰ-201,0.0,否,,1,32,,0,0,公务员职业能力与职业发展,11,第3节-第4节,仙I区,06040270
32.0,400080,中国行政改革与发展(20171-06040320-1),201710604032077270,,3,,54,1-18周,0,李永刚,1-18周 周五 第1节-第2节 仙Ⅱ-311,2.0,政府管理学院,否,理论类课程,周五,2017-2018-1,,201710604032077270,"2014政府管理学院政治学与行政学,2014政府管理学院行政管理（运动员班）,2014政府管理学院劳动与社会保障,2014政府管理学院国际政治,2014政府管理学院行政管理",0,仙林校区,2017-2018学年 第1学期,77270,仙Ⅱ-311,0.0,否,,1,32,,0,0,中国行政改革与发展,12,第1节-第2节,仙II区,06040320
32.0,400080,公共管理的质性方法(20171-06040370-1),201710604037077367,,3,,32,1-18周,0,吴少微,1-18周 周三 第1节-第2节 仙Ⅱ-307,2.0,政府管理学院,否,理论+实践课程,周三,2017-2018-1,,201710604037077367,"2014政府管理学院行政管理（运动员班）,2015政府管理学院行政管理",0,仙林校区,2017-2018学年 第1学期,77367,仙Ⅱ-307,0.0,否,,5,26,,6,0,公共管理的质性方法,12,第1节-第2节,仙II区,06040370
32.0,400080,战后国际关系(20171-06050020-1),201710605002077249,,3,,13,1-18周,0,吕磊,1-18周 周二 第5节-第7节 逸C-205,2.0,政府管理学院,否,理论类课程,周二,2017-2018-1,,201710605002077249,2015政府管理学院国际政治,0,仙林校区,2017-2018学年 第1学期,77249,逸C-205,0.0,否,,1,34,,0,0,战后国际关系,17,第5节-第7节,逸夫楼C区,06050020
32.0,400080,中国对外关系史(20171-06050030-1),201710605003077253,,3,,12,1-18周,0,赵光锐,1-18周 周四 第3节-第4节 逸C-204,2.0,政府管理学院,否,理论类课程,周四,2017-2018-1,,201710605003077253,2015政府管理学院国际政治,0,仙林校区,2017-2018学年 第1学期,77253,逸C-204,0.0,否,,1,32,,0,0,中国对外关系史,17,第3节-第4节,逸夫楼C区,06050030
32.0,400080,欧盟研究(20171-06050260-1),201710605026077277,,3,,20,1-18周,0,赵光锐,1-18周 周五 第3节-第4节 仙Ⅱ-315,2.0,政府管理学院,否,理论类课程,周五,2017-2018-1,,201710605026077277,"2014政府管理学院政治学与行政学,2014政府管理学院行政管理（运动员班）,2014政府管理学院国际政治,2014政府管理学院行政管理",0,仙林校区,2017-2018学年 第1学期,77277,仙Ⅱ-315,0.0,否,,1,32,,0,0,欧盟研究,12,第3节-第4节,仙II区,06050260
48.0,400090,信息组织(上)(20171-07000030A-1),2017107000030A76587,,3,,93,1-18周,0,谭华军,1-18周 周一 第2节-第4节 仙Ⅱ-406,3.0,信息管理学院,否,理论+实验课程,周一,2017-2018-1,,2017107000030A76587,"2016信息管理学院信息管理与信息系统,2016信息管理学院编辑出版学,2016信息管理学院档案学",0,仙林校区,2017-2018学年 第1学期,76587,仙Ⅱ-406,32.0,否,,6,32,,0,0,信息组织,12,第2节-第4节,仙II区,07000030A
48.0,400090,信息检索（西文）(20171-07000040B-1),2017107000040B76589,,3,,97,1-18周,0,"潘雪莲,华薇娜",1-18周 周三 第5节-第7节 仙Ⅱ-406,3.0,信息管理学院,否,理论+实验课程,周三,2017-2018-1,,2017107000040B76589,"2016信息管理学院信息管理与信息系统,2016信息管理学院编辑出版学,2016信息管理学院档案学",0,仙林校区,2017-2018学年 第1学期,76589,仙Ⅱ-406,,否,,6,,,,0,信息检索（西文）,12,第5节-第7节,仙II区,07000040B
32.0,400090,信息传播技术(20171-07000060-1),201710700006076592,,3,,88,1-18周,0,邵波,1-18周 周二 第3节-第4节 逸B-205,2.0,信息管理学院,否,理论类课程,周二,2017-2018-1,,201710700006076592,"2016信息管理学院信息管理与信息系统,2016信息管理学院编辑出版学,2016信息管理学院档案学",0,仙林校区,2017-2018学年 第1学期,76592,逸B-205,0.0,否,,1,48,,0,0,信息传播技术,16,第3节-第4节,逸夫楼B区,07000060
48.0,400090,Internet实用技术(20171-07000080-1),201710700008076615,,3,,50,"1-18周,3-18周",0,邓三鸿,"1-18周 周三 第1节-第2节 仙Ⅱ-315,3-18周 周三 第3节-第4节 ",3.0,信息管理学院,否,理论+实验课程,"周三,周三",2017-2018-1,,201710700008076615,"2015信息管理学院信息管理与信息系统,2015信息管理学院编辑出版学,2015信息管理学院档案学,2015信息管理学院图书馆学",0,仙林校区,2017-2018学年 第1学期,76615,"仙Ⅱ-315,潘琦楼A108",32.0,否,,6,32,,0,0,Web前端设计入门,12,"第1节-第2节,第3节-第4节",仙II区,07000080
64.0,400090,毕业实践(20171-07000190-1),201710700019076631,,3,,86,1-18周,0,陈雅,1-18周 自由时间 - 自由地点,4.0,信息管理学院,否,实践类课程,自由时间,2017-2018-1,,201710700019076631,"2014信息管理学院信息管理与信息系统,2014信息管理学院编辑出版学,2014信息管理学院档案学",0,仙林校区,2017-2018学年 第1学期,76631,自由地点,0.0,否,,3,0,,128,0,毕业实践,388,自由时间,虚拟区域（仙林）,07000190
32.0,400090,信息经济学(20171-07000230-1),201710700023076601,,3,,41,1-18周,0,裴雷,1-18周 周四 第5节-第6节 逸A-322,2.0,信息管理学院,否,理论类课程,周四,2017-2018-1,,201710700023076601,"2016信息管理学院信息管理与信息系统,2016信息管理学院编辑出版学,2016信息管理学院档案学",0,仙林校区,2017-2018学年 第1学期,76601,逸A-322,0.0,否,,1,32,,0,0,信息经济学,15,第5节-第6节,逸夫楼A区,07000230
32.0,400090,信息服务与用户(20171-07000240-1),201710700024076616,,3,,39,1-18周,0,张玥,1-18周 周四 第3节-第4节 逸B-111,2.0,信息管理学院,否,理论类课程,周四,2017-2018-1,,201710700024076616,"2015信息管理学院信息管理与信息系统,2015信息管理学院编辑出版学,2015信息管理学院档案学,2015信息管理学院图书馆学",0,仙林校区,2017-2018学年 第1学期,76616,逸B-111,0.0,否,,1,32,,0,0,信息服务与用户,16,第3节-第4节,逸夫楼B区,07000240
32.0,400090,信息检索：人文与社会科学(20171-07000270-1),201710700027076618,,3,,42,1-18周,0,刘千里,1-18周 周五 第3节-第4节 逸B-111,2.0,信息管理学院,否,,周五,2017-2018-1,,201710700027076618,"2015信息管理学院信息管理与信息系统,2015信息管理学院编辑出版学,2015信息管理学院档案学,2015信息管理学院图书馆学",0,仙林校区,2017-2018学年 第1学期,76618,逸B-111,0.0,否,,,0,,0,0,信息检索：人文与社会科学,16,第3节-第4节,逸夫楼B区,07000270
32.0,400090,保密管理概论(20171-07000340-1),201710700034076602,,3,,36,1-18周,0,"刘千里,沈固朝",1-18周 周一 第5节-第6节 仙Ⅱ-316,2.0,信息管理学院,否,理论类课程,周一,2017-2018-1,,201710700034076602,2016信息管理学院信息管理与信息系统,0,仙林校区,2017-2018学年 第1学期,76602,仙Ⅱ-316,0.0,否,,1,32,,0,0,保密管理概论,12,第5节-第6节,仙II区,07000340
32.0,400090,知识产权(20171-07000430-1),201710700043076603,,3,,43,1-18周,0,颜祥林,1-18周 周一 第7节-第8节 仙Ⅱ-318,2.0,信息管理学院,否,理论类课程,周一,2017-2018-1,,201710700043076603,"2016信息管理学院信息管理与信息系统,2016信息管理学院编辑出版学,2016信息管理学院档案学",0,仙林校区,2017-2018学年 第1学期,76603,仙Ⅱ-318,0.0,否,,1,32,,0,0,知识产权,12,第7节-第8节,仙II区,07000430
64.0,400090,离散数学(20171-07000490-1),201710700049076604,,3,,41,1-18周,0,杨建林,1-18周 周四 第3节-第4节 逸B-302,4.0,信息管理学院,否,理论类课程,周四,2017-2018-1,,201710700049076604,2016信息管理学院信息管理与信息系统,0,仙林校区,2017-2018学年 第1学期,76604,逸B-302,0.0,否,,1,48,,0,0,离散数学,16,第3节-第4节,逸夫楼B区,07000490
32.0,400090,语义网技术及应用(20171-07000580-1),201710700058076621,,3,,17,1-18周,0,虞为,1-18周 周五 第5节-第6节 逸B-209,2.0,信息管理学院,否,理论类课程,周五,2017-2018-1,,201710700058076621,"2015信息管理学院信息管理与信息系统,2015信息管理学院编辑出版学,2015信息管理学院档案学,2015信息管理学院图书馆学",0,仙林校区,2017-2018学年 第1学期,76621,逸B-209,0.0,否,,1,32,,0,0,语义网技术及应用,16,第5节-第6节,逸夫楼B区,07000580
32.0,400090,IT项目管理(20171-07000610-1),201710700061076622,,3,,16,1-18周,0,陈思,1-18周 周四 第1节-第2节 逸B-111,2.0,信息管理学院,否,理论类课程,周四,2017-2018-1,,201710700061076622,"2015信息管理学院信息管理与信息系统,2015信息管理学院编辑出版学,2015信息管理学院档案学,2015信息管理学院图书馆学",0,仙林校区,2017-2018学年 第1学期,76622,逸B-111,0.0,否,,1,32,,0,0,IT项目管理,16,第1节-第2节,逸夫楼B区,07000610
32.0,400090,图书馆学概论(20171-07010010-1),201710701001076607,,3,,5,1-18周,0,陈雅,1-18周 周三 第3节-第4节 逸C-202,2.0,信息管理学院,否,理论类课程,周三,2017-2018-1,,201710701001076607,,0,仙林校区,2017-2018学年 第1学期,76607,逸C-202,0.0,否,,1,32,,0,0,图书馆学概论,17,第3节-第4节,逸夫楼C区,07010010
32.0,400090,目录学(20171-07010020-1),201710701002076608,,3,,1,,0,,,2.0,信息管理学院,否,理论类课程,,2017-2018-1,,201710701002076608,,0,仙林校区,2017-2018学年 第1学期,76608,,0.0,否,,1,32,,0,0,目录学,,,,07010020
32.0,400090,数字资源管理技术(20171-07010050I-1),2017107010050I76623,,3,,12,1-18周,0,欧石燕,1-18周 周一 第3节-第4节 逸B-209,2.0,信息管理学院,否,理论类课程,周一,2017-2018-1,,2017107010050I76623,"2015信息管理学院信息管理与信息系统,2015信息管理学院档案学,2015信息管理学院图书馆学",0,仙林校区,2017-2018学年 第1学期,76623,逸B-209,0.0,否,,1,32,,0,0,数字资源管理技术,16,第3节-第4节,逸夫楼B区,07010050I
32.0,400090,电子与音像出版物管理(20171-07010130-1),201710701013076626,,3,,11,1-18周,0,陈铭,1-18周 周一 第5节-第6节 逸B-208,2.0,信息管理学院,否,理论类课程,周一,2017-2018-1,,201710701013076626,"2015信息管理学院图书馆学,2015信息管理学院编辑出版学",0,仙林校区,2017-2018学年 第1学期,76626,逸B-208,0.0,否,,1,30,,2,0,电子多媒体出版物管理,16,第5节-第6节,逸夫楼B区,07010130
64.0,400090,程序设计语言(20171-07020010-1),201710702001076599,,3,,78,"1-18周,3-18周,2-18周(双)",0,成颖,"1-18周 周三 第1节-第2节 仙Ⅰ-104,3-18周 周三 第3节-第4节 ,2-18周(双) 周五 第3节-第4节 逸B-306",4.0,信息管理学院,否,理论+实验课程,"周三,周三,周五",2017-2018-1,,201710702001076599,2016信息管理学院信息管理与信息系统,0,仙林校区,2017-2018学年 第1学期,76599,"仙Ⅰ-104,实验楼乙109,逸B-306",32.0,否,,6,48,,0,0,程序设计语言,"11,16","第1节-第2节,第3节-第4节,第3节-第4节","仙I区, 逸夫楼B区",07020010
48.0,400090,计算机网络基础(20171-07020040-1),201710702004076614,,3,,70,"1-18周,2-18周(双)",0,成颖,"2-18周(双) 周五 第1节-第2节 逸B-306,1-18周 周三 第5节-第6节 逸C-319",3.0,信息管理学院,否,理论类课程,"周三,周五",2017-2018-1,,201710702004076614,"2015信息管理学院信息管理与信息系统,2015信息管理学院编辑出版学,2015信息管理学院档案学,2015信息管理学院图书馆学",0,仙林校区,2017-2018学年 第1学期,76614,"逸C-319,逸B-306",0.0,否,,1,48,,0,0,计算机网络基础,"16,17","第5节-第6节,第1节-第2节","逸夫楼B区, 逸夫楼C区",07020040
32.0,400090,密码学（初级）(20171-07020170-1),201710702017076605,,3,,46,1-18周,0,卢明欣,1-18周 周二 第5节-第6节 逸B-301,2.0,信息管理学院,否,理论类课程,周二,2017-2018-1,,201710702017076605,2016信息管理学院信息管理与信息系统,0,仙林校区,2017-2018学年 第1学期,76605,逸B-301,0.0,否,,1,32,,0,0,密码学（初级）,16,第5节-第6节,逸夫楼B区,07020170
32.0,400090,定密理论与实务(20171-07020190-1),201710702019076624,,3,,12,1-18周,0,"宋继伟,邵波",1-18周 周二 第5节-第6节 逸B-209,2.0,信息管理学院,否,理论类课程,周二,2017-2018-1,,201710702019076624,2015信息管理学院信息管理与信息系统,0,仙林校区,2017-2018学年 第1学期,76624,逸B-209,0.0,否,,1,32,,0,0,定密理论与实务,16,第5节-第6节,逸夫楼B区,07020190
32.0,400090,信息隐藏(20171-07020200-1),201710702020076606,,3,,32,1-18周,0,卢明欣,1-18周 周二 第7节-第8节 逸B-301,2.0,信息管理学院,否,理论类课程,周二,2017-2018-1,,201710702020076606,2016信息管理学院信息管理与信息系统,0,仙林校区,2017-2018学年 第1学期,76606,逸B-301,0.0,否,,1,32,,0,0,保密技术概论,16,第7节-第8节,逸夫楼B区,07020200
32.0,400090,信息对抗(20171-07020210-1),201710702021076625,,3,,31,1-18周,0,石进,1-18周 周二 第3节-第4节 逸C-114,2.0,信息管理学院,否,理论+实践课程,周二,2017-2018-1,,201710702021076625,2015信息管理学院信息管理与信息系统,0,仙林校区,2017-2018学年 第1学期,76625,逸C-114,0.0,否,,5,24,,8,0,软件与系统安全,17,第3节-第4节,逸夫楼C区,07020210
32.0,400090,档案学概论(20171-07030010-1),201710703001076609,,3,,10,1-18周,0,景红,1-18周 周二 第5节-第6节 逸C-209,2.0,信息管理学院,否,理论类课程,周二,2017-2018-1,,201710703001076609,2016信息管理学院档案学,0,仙林校区,2017-2018学年 第1学期,76609,逸C-209,0.0,否,,1,32,,0,0,档案学概论,17,第5节-第6节,逸夫楼C区,07030010
32.0,400090,科技文件工程学(20171-07030020-1),201710703002076610,,3,,8,1-18周,0,颜祥林,1-18周 周一 第5节-第6节 仙Ⅱ-317,2.0,信息管理学院,否,理论类课程,周一,2017-2018-1,,201710703002076610,2016信息管理学院档案学,0,仙林校区,2017-2018学年 第1学期,76610,仙Ⅱ-317,0.0,否,,1,32,,0,0,科技文件工程学,12,第5节-第6节,仙II区,07030020
32.0,400090,档案现代化管理(20171-07030110-1),201710703011076627,,3,,17,1-18周,0,景红,1-18周 周二 第3节-第4节 逸C-209,2.0,信息管理学院,否,理论类课程,周二,2017-2018-1,,201710703011076627,2015信息管理学院档案学,0,仙林校区,2017-2018学年 第1学期,76627,逸C-209,0.0,否,,1,32,,0,0,档案现代化管理,17,第3节-第4节,逸夫楼C区,07030110
32.0,400090,编辑出版学概论(20171-07040010-1),201710704001076611,,3,,19,1-18周,0,刘火雄,1-18周 周一 第5节-第6节 逸B-201,2.0,信息管理学院,否,理论类课程,周一,2017-2018-1,,201710704001076611,2016信息管理学院编辑出版学,0,仙林校区,2017-2018学年 第1学期,76611,逸B-201,0.0,否,,1,32,,0,0,编辑出版学概论,16,第5节-第6节,逸夫楼B区,07040010
32.0,400090,出版物编辑(20171-07040020-1),201710704002076628,,3,,15,1-18周,0,吴燕,1-18周 周二 第5节-第6节 逸C-210,2.0,信息管理学院,否,理论+实践课程,周二,2017-2018-1,,201710704002076628,2015信息管理学院编辑出版学,0,仙林校区,2017-2018学年 第1学期,76628,逸C-210,0.0,否,,5,32,,0,0,出版物编辑,17,第5节-第6节,逸夫楼C区,07040020
32.0,400090,出版企业管理(20171-07040050-1),201710704005076612,,3,,24,1-18周,0,杨海平,1-18周 周三 第3节-第4节 逸B-208,2.0,信息管理学院,否,理论类课程,周三,2017-2018-1,,201710704005076612,2016信息管理学院编辑出版学,0,仙林校区,2017-2018学年 第1学期,76612,逸B-208,0.0,否,,1,32,,0,0,出版企业管理,16,第3节-第4节,逸夫楼B区,07040050
32.0,400090,出版文化学(20171-07040110-1),201710704011076629,,3,,11,1-18周,0,徐雁,1-18周 周一 第3节-第4节 逸C-201,2.0,信息管理学院,否,理论+实践课程,周一,2017-2018-1,,201710704011076629,2015信息管理学院编辑出版学,0,仙林校区,2017-2018学年 第1学期,76629,逸C-201,0.0,否,,5,30,,2,0,出版文化学,17,第3节-第4节,逸夫楼C区,07040110
32.0,400090,出版市场调研与分析(20171-07040140-1),201710704014076613,,3,,12,1-18周,0,王鹏涛,1-18周 周二 第5节-第6节 逸C-201,2.0,信息管理学院,否,理论类课程,周二,2017-2018-1,,201710704014076613,2016信息管理学院编辑出版学,0,仙林校区,2017-2018学年 第1学期,76613,逸C-201,0.0,否,,1,32,,0,0,出版市场调研与分析,17,第5节-第6节,逸夫楼C区,07040140
32.0,400090,期刊出版与策划(20171-07040220-1),201710704022076630,,3,,12,1-18周,0,王鹏涛,1-18周 周二 第3节-第4节 逸C-201,2.0,信息管理学院,否,理论类课程,周二,2017-2018-1,,201710704022076630,2015信息管理学院编辑出版学,0,仙林校区,2017-2018学年 第1学期,76630,逸C-201,0.0,否,,1,32,,0,0,期刊出版与策划,17,第3节-第4节,逸夫楼C区,07040220
32.0,400100,社会科学研究方法导论(20171-08000080-1),201710800008078048,,3,,178,4-18周,0,"艾佳慧,裴雷,祁玲玲,吴愈晓",4-18周 周一 第3节-第4节 仙Ⅰ-106,2.0,社会学院,否,理论类课程,周一,2017-2018-1,,201710800008078048,"2017政府管理学院行政管理（运动员班）,2017*社会科学试验班*社会科学试验班",0,仙林校区,2017-2018学年 第1学期,78048,仙Ⅰ-106,0.0,否,,1,32,,0,0,社会科学研究方法导论,11,第3节-第4节,仙I区,08000080
32.0,400100,社会科学研究方法导论(20171-08000080-2),201710800008078049,,3,,187,4-18周,0,"吴愈晓,艾佳慧,祁玲玲,裴雷",4-18周 周二 第3节-第4节 仙Ⅱ-207,2.0,社会学院,否,理论类课程,周二,2017-2018-1,,201710800008078049,2017*社会科学试验班*社会科学试验班,0,仙林校区,2017-2018学年 第1学期,78049,仙Ⅱ-207,0.0,否,,1,32,,0,0,社会科学研究方法导论,12,第3节-第4节,仙II区,08000080
32.0,400100,人类学概论(20171-08010010-1),201710801001077997,,3,,20,1-18周,0,杨德睿,1-18周 周二 第5节-第6节 仙Ⅱ-115,2.0,社会学院,否,理论类课程,周二,2017-2018-1,,201710801001077997,"2016社会学院社会学,2016社会学院社会工作",0,仙林校区,2017-2018学年 第1学期,77997,仙Ⅱ-115,0.0,否,,1,32,,0,0,人类学概论,12,第5节-第6节,仙II区,08010010
48.0,400100,西方社会学理论（上）(20171-08010040A-1),2017108010040A77994,,3,,32,1-18周,0,成伯清,1-18周 周二 第2节-第4节 仙Ⅱ-115,3.0,社会学院,否,理论类课程,周二,2017-2018-1,,2017108010040A77994,"2016社会学院社会学,2016社会学院社会工作",0,仙林校区,2017-2018学年 第1学期,77994,仙Ⅱ-115,0.0,否,,1,48,,0,0,西方社会学理论（上）,12,第2节-第4节,仙II区,08010040A
48.0,400100,初级社会统计学(20171-08010050-1),201710801005078003,,3,,47,1-18周,0,徐愫,1-18周 周一 第5节-第7节 仙Ⅱ-115,3.0,社会学院,否,理论类课程,周一,2017-2018-1,,201710801005078003,"2016社会学院社会学,2016社会学院社会工作",0,仙林校区,2017-2018学年 第1学期,78003,仙Ⅱ-115,0.0,否,,1,48,,0,0,初级社会统计学,12,第5节-第7节,仙II区,08010050
48.0,400100,中国社会思想史(20171-08010070-1),201710801007077996,,3,,30,1-18周,0,郑震,1-18周 周五 第5节-第7节 仙Ⅰ-116,3.0,社会学院,否,理论类课程,周五,2017-2018-1,,201710801007077996,2016社会学院社会学,0,仙林校区,2017-2018学年 第1学期,77996,仙Ⅰ-116,0.0,否,,1,48,,0,0,中国社会思想史,11,第5节-第7节,仙I区,08010070
48.0,400100,定性研究方法(20171-08010090-1),201710801009078015,,3,,37,1-18周,0,"贺晓星,谢燕清",1-18周 周二 第2节-第4节 逸C-105,3.0,社会学院,否,理论类课程,周二,2017-2018-1,,201710801009078015,2015社会学院社会学,0,仙林校区,2017-2018学年 第1学期,78015,逸C-105,0.0,否,,1,48,,0,0,定性研究方法,17,第2节-第4节,逸夫楼C区,08010090
48.0,400100,经济社会学(20171-08010100-1),201710801010078017,,3,,43,1-18周,0,汪和建,1-18周 周四 第2节-第4节 逸B-308,3.0,社会学院,否,理论类课程,周四,2017-2018-1,,201710801010078017,"2015社会学院社会学,2015社会学院社会工作",0,仙林校区,2017-2018学年 第1学期,78017,逸B-308,0.0,否,,1,48,,0,0,经济社会学,16,第2节-第4节,逸夫楼B区,08010100
32.0,400100,学术研究与论文写作(20171-08010110-1),201710801011078019,,3,,21,1-18周,0,邓燕华,1-18周 周五 第3节-第4节 仙Ⅱ-216,2.0,社会学院,否,理论类课程,周五,2017-2018-1,,201710801011078019,"2015社会学院社会学,2015社会学院社会工作",0,仙林校区,2017-2018学年 第1学期,78019,仙Ⅱ-216,0.0,否,,1,32,,0,0,学术研究与论文写作,12,第3节-第4节,仙II区,08010110
48.0,400100,城市社会学(20171-08010130-1),201710801013078039,,3,,47,1-18周,0,胡小武,1-18周 周三 第2节-第4节 仙Ⅰ-317,3.0,社会学院,否,理论类课程,周三,2017-2018-1,,201710801013078039,"2014社会学院社会学,2014社会学院社会工作",0,仙林校区,2017-2018学年 第1学期,78039,仙Ⅰ-317,0.0,否,,1,48,,0,0,城市社会学,11,第2节-第4节,仙I区,08010130
32.0,400100,家庭社会学(20171-08010150-1),201710801015077998,,3,,38,1-18周,0,朱安新,1-18周 周一 第3节-第4节 仙Ⅱ-114,2.0,社会学院,否,理论类课程,周一,2017-2018-1,,201710801015077998,"2016社会学院社会学,2016社会学院社会工作",0,仙林校区,2017-2018学年 第1学期,77998,仙Ⅱ-114,0.0,否,,1,32,,0,0,家庭社会学,12,第3节-第4节,仙II区,08010150
32.0,400100,环境社会学(20171-08010190-1),201710801019077999,,3,,12,1-18周,0,马道明,1-18周 周四 第3节-第4节 仙Ⅰ-116,2.0,社会学院,否,理论类课程,周四,2017-2018-1,,201710801019077999,2016社会学院社会学,0,仙林校区,2017-2018学年 第1学期,77999,仙Ⅰ-116,0.0,否,,1,32,,0,0,环境社会学,11,第3节-第4节,仙I区,08010190
32.0,400100,文化社会学(20171-08010210-1),201710801021078021,,3,,24,1-18周,0,郑震,1-18周 周五 第9节-第10节 仙Ⅰ-111,2.0,社会学院,否,理论类课程,周五,2017-2018-1,,201710801021078021,2015社会学院社会学,0,仙林校区,2017-2018学年 第1学期,78021,仙Ⅰ-111,0.0,否,,1,32,,0,0,文化社会学,11,第9节-第10节,仙I区,08010210
32.0,400100,社会分层与流动(20171-08010230-1),201710801023078022,,3,,23,1-18周,0,方长春,1-18周 周四 第7节-第8节 仙Ⅰ-210,2.0,社会学院,否,理论类课程,周四,2017-2018-1,,201710801023078022,2015社会学院社会学,0,仙林校区,2017-2018学年 第1学期,78022,仙Ⅰ-210,0.0,否,,1,32,,0,0,社会分层与流动,11,第7节-第8节,仙I区,08010230
32.0,400100,社会生态学(20171-08010260-1),201710801026078023,,3,,6,1-18周,0,马道明,1-18周 周四 第5节-第6节 仙Ⅰ-210,2.0,社会学院,否,理论类课程,周四,2017-2018-1,,201710801026078023,2015社会学院社会学,0,仙林校区,2017-2018学年 第1学期,78023,仙Ⅰ-210,0.0,否,,1,32,,0,0,人类生态学,11,第5节-第6节,仙I区,08010260
32.0,400100,文化人类学(20171-08010350-1),201710801035078001,,3,,21,1-18周,0,杨渝东,1-18周 周五 第3节-第4节 仙Ⅰ-116,2.0,社会学院,否,理论类课程,周五,2017-2018-1,,201710801035078001,2016社会学院社会学,0,仙林校区,2017-2018学年 第1学期,78001,仙Ⅰ-116,0.0,否,,1,32,,0,0,文化人类学,11,第3节-第4节,仙I区,08010350
32.0,400100,民俗学(20171-08010360-1),201710801036078024,,3,,10,1-18周,0,谢燕清,1-18周 周二 第5节-第6节 仙Ⅰ-315,2.0,社会学院,否,理论类课程,周二,2017-2018-1,,201710801036078024,2015社会学院社会学,0,仙林校区,2017-2018学年 第1学期,78024,仙Ⅰ-315,0.0,否,,1,32,,0,0,民俗学,11,第5节-第6节,仙I区,08010360
32.0,400100,人口社会学(20171-08010370-1),201710801037078025,,3,,34,1-18周,0,徐愫,1-18周 周三 第3节-第4节 仙Ⅱ-116,2.0,社会学院,否,理论类课程,周三,2017-2018-1,,201710801037078025,"2015社会学院社会学,2015社会学院社会工作",0,仙林校区,2017-2018学年 第1学期,78025,仙Ⅱ-116,0.0,否,,1,32,,0,0,人口社会学,12,第3节-第4节,仙II区,08010370
32.0,400100,人类学实地考察与写作(20171-08010380-1),201710801038078040,,3,,8,1-18周,0,褚建芳,1-18周 周二 第3节-第4节 逸C-306,2.0,社会学院,否,理论+实践课程,周二,2017-2018-1,,201710801038078040,2014社会学院社会学,0,仙林校区,2017-2018学年 第1学期,78040,逸C-306,0.0,否,,5,28,,4,0,人类学实地考察与写作,17,第3节-第4节,逸夫楼C区,08010380
32.0,400100,中国社会学史(20171-08010420-1),201710801042078002,,3,,25,1-18周,0,陆远,1-18周 周四 第5节-第6节 仙Ⅰ-116,2.0,社会学院,否,理论类课程,周四,2017-2018-1,,201710801042078002,2016社会学院社会学,0,仙林校区,2017-2018学年 第1学期,78002,仙Ⅰ-116,0.0,否,,1,48,,0,0,中国社会学史,11,第5节-第6节,仙I区,08010420
32.0,400100,全球性的挑战和文化回应(20171-08010550I-1),2017108010550I78026,,3,,28,1-18周,0,李晟台,1-18周 周二 第7节-第8节 仙Ⅰ-315,2.0,社会学院,否,理论类课程,周二,2017-2018-1,,2017108010550I78026,2015社会学院社会学,0,仙林校区,2017-2018学年 第1学期,78026,仙Ⅰ-315,0.0,否,,1,32,,0,0,全球性的挑战和文化回应,11,第7节-第8节,仙I区,08010550I
32.0,400100,社会工作研究方法(20171-08010560I-1),2017108010560I78030,,3,,3,1-18周,0,沈晖,1-18周 周二 第5节-第6节 仙Ⅰ-323,2.0,社会学院,否,理论类课程,周二,2017-2018-1,,2017108010560I78030,2015社会学院社会工作,0,仙林校区,2017-2018学年 第1学期,78030,仙Ⅰ-323,0.0,否,,1,32,,0,0,社会工作研究方法,11,第5节-第6节,仙I区,08010560I
48.0,400100,社会工作行政(20171-08020060-1),201710802006078028,,3,,19,1-18周,0,梁莹,1-18周 周五 第5节-第7节 逸B-201,3.0,社会学院,否,理论+实践课程,周五,2017-2018-1,,201710802006078028,2015社会学院社会工作,0,仙林校区,2017-2018学年 第1学期,78028,逸B-201,0.0,否,,5,44,,4,0,社会工作行政,16,第5节-第7节,逸夫楼B区,08020060
48.0,400100,社会保障与社会福利(20171-08020070-1),201710802007078029,,3,,24,1-18周,0,田蓉,1-18周 周四 第5节-第7节 ,3.0,社会学院,否,理论类课程,周四,2017-2018-1,,201710802007078029,2015社会学院社会工作,0,仙林校区,2017-2018学年 第1学期,78029,社会学院220室,0.0,否,,1,48,,0,0,社会保障与社会福利,,第5节-第7节,,08020070
32.0,400100,矫治社会工作(20171-08020100-1),201710802010078006,,3,,15,1-18周,0,刘柳,1-18周 周四 第5节-第6节 仙Ⅰ-209,2.0,社会学院,否,理论类课程,周四,2017-2018-1,,201710802010078006,2016社会学院社会工作,0,仙林校区,2017-2018学年 第1学期,78006,仙Ⅰ-209,0.0,否,,1,32,,0,0,矫治社会工作,11,第5节-第6节,仙I区,08020100
32.0,400100,医务社会工作(20171-08020120-1),201710802012078007,,3,,12,1-18周,0,沈晖,1-18周 周五 第3节-第4节 仙Ⅰ-211,2.0,社会学院,否,理论+实践课程,周五,2017-2018-1,,201710802012078007,2016社会学院社会工作,0,仙林校区,2017-2018学年 第1学期,78007,仙Ⅰ-211,0.0,否,,5,30,,2,0,医务社会工作,11,第3节-第4节,仙I区,08020120
48.0,400100,社会福利思想(20171-08020260-1),201710802026078004,,3,,20,1-18周,0,刘柳,1-18周 周四 第2节-第4节 仙Ⅰ-114,3.0,社会学院,否,理论类课程,周四,2017-2018-1,,201710802026078004,2016社会学院社会工作,0,仙林校区,2017-2018学年 第1学期,78004,仙Ⅰ-114,0.0,否,,1,48,,0,0,社会福利思想,11,第2节-第4节,仙I区,08020260
48.0,400100,心理统计(20171-08030010-1),201710803001078009,,3,,24,1-18周,0,唐日新,1-18周 周二 第5节-第7节 仙Ⅰ-215,3.0,社会学院,否,理论类课程,周二,2017-2018-1,,201710803001078009,2016社会学院应用心理学,0,仙林校区,2017-2018学年 第1学期,78009,仙Ⅰ-215,0.0,否,,1,48,,0,0,心理统计,11,第5节-第7节,仙I区,08030010
48.0,400100,发展心理学(20171-08030020-1),201710803002078010,,3,,21,1-18周,0,"陈昌凯,李岩松",1-18周 周四 第5节-第7节 仙Ⅰ-322,3.0,社会学院,否,理论类课程,周四,2017-2018-1,,201710803002078010,2016社会学院应用心理学,0,仙林校区,2017-2018学年 第1学期,78010,仙Ⅰ-322,0.0,否,,1,48,,0,0,发展心理学,11,第5节-第7节,仙I区,08030020
32.0,400100,实验心理学（下）(20171-08030030B-1),2017108030030B78031,,3,,29,"1-17周(单),2-18周(双)",0,耿柳娜,"1-17周(单) 周二 第3节-第4节 逸B-303,2-18周(双) 周二 第3节-第4节 ",2.0,社会学院,否,理论+实验课程,"周二,周二",2017-2018-1,,2017108030030B78031,2015社会学院应用心理学,0,仙林校区,2017-2018学年 第1学期,78031,"逸B-303,社会学院204室和206室",16.0,否,,6,16,,0,0,实验心理学（下）,16,"第3节-第4节,第3节-第4节",逸夫楼B区,08030030B
48.0,400100,生理心理学(20171-08030050-1),201710803005078011,,3,,22,1-18周,0,李岩松,1-18周 周五 第5节-第7节 仙Ⅰ-209,3.0,社会学院,否,理论类课程,周五,2017-2018-1,,201710803005078011,2016社会学院应用心理学,0,仙林校区,2017-2018学年 第1学期,78011,仙Ⅰ-209,0.0,否,,1,48,,0,0,生理心理学,11,第5节-第7节,仙I区,08030050
48.0,400100,认知心理学(20171-08030070-1),201710803007078032,,3,,29,1-18周,0,肖承丽,1-18周 周四 第5节-第7节 仙Ⅰ-315,3.0,社会学院,否,理论类课程,周四,2017-2018-1,,201710803007078032,2015社会学院应用心理学,0,仙林校区,2017-2018学年 第1学期,78032,仙Ⅰ-315,0.0,否,,1,48,,0,0,认知心理学,11,第5节-第7节,仙I区,08030070
32.0,400100,教育心理学(20171-08030100-1),201710803010078033,,3,,31,1-18周,0,刘阳阳,1-18周 周五 第3节-第4节 仙Ⅰ-502,2.0,社会学院,否,理论类课程,周五,2017-2018-1,,201710803010078033,2015社会学院应用心理学,0,仙林校区,2017-2018学年 第1学期,78033,仙Ⅰ-502,0.0,否,,1,32,,0,0,教育心理学,11,第3节-第4节,仙I区,08030100
48.0,400100,心理咨询与治疗理论(20171-08030110-1),201710803011078034,,3,,32,1-18周,0,桑志芹,1-18周 周三 第2节-第4节 仙Ⅰ-113,3.0,社会学院,否,理论类课程,周三,2017-2018-1,,201710803011078034,2015社会学院应用心理学,0,仙林校区,2017-2018学年 第1学期,78034,仙Ⅰ-113,0.0,否,,1,48,,0,0,心理咨询与治疗理论,11,第2节-第4节,仙I区,08030110
32.0,400100,工程心理学(20171-08030160-1),201710803016078035,,3,,16,1-18周,0,唐日新,1-18周 周五 第5节-第6节 仙Ⅰ-315,2.0,社会学院,否,理论类课程,周五,2017-2018-1,,201710803016078035,2015社会学院应用心理学,0,仙林校区,2017-2018学年 第1学期,78035,仙Ⅰ-315,0.0,否,,1,32,,0,0,工程心理学,11,第5节-第6节,仙I区,08030160
48.0,400100,跨文化心理学(20171-08030170-1),201710803017078036,,3,,15,1-18周,0,AnnetteHillers,1-18周 周一 第2节-第4节 仙Ⅰ-515,3.0,社会学院,否,理论类课程,周一,2017-2018-1,,201710803017078036,2015社会学院应用心理学,0,仙林校区,2017-2018学年 第1学期,78036,仙Ⅰ-515,0.0,否,,1,48,,0,0,跨文化心理学,11,第2节-第4节,仙I区,08030170
32.0,400100,心理学的理论基础(20171-08030360-1),201710803036078012,,3,,16,1-18周,0,王波,1-18周 周一 第5节-第6节 仙Ⅰ-211,2.0,社会学院,否,理论类课程,周一,2017-2018-1,,201710803036078012,2016社会学院应用心理学,0,仙林校区,2017-2018学年 第1学期,78012,仙Ⅰ-211,0.0,否,,1,32,,0,0,心理学的理论基础,11,第5节-第6节,仙I区,08030360
48.0,400100,情绪心理学(20171-08030390-1),201710803039078013,,3,,16,1-18周,0,周仁来,1-18周 周三 第2节-第4节 仙Ⅰ-504,3.0,社会学院,否,理论类课程,周三,2017-2018-1,,201710803039078013,2016社会学院应用心理学,0,仙林校区,2017-2018学年 第1学期,78013,仙Ⅰ-504,0.0,否,,1,48,,0,0,情绪心理学,11,第2节-第4节,仙I区,08030390
32.0,400100,心理学专用实验设计软件(20171-08030400-1),201710803040078014,,3,,13,1-18周,0,"李中权,耿柳娜",1-18周 周五 第3节-第4节 仙Ⅰ-214,2.0,社会学院,否,理论类课程,周五,2017-2018-1,,201710803040078014,2016社会学院应用心理学,0,仙林校区,2017-2018学年 第1学期,78014,仙Ⅰ-214,0.0,否,,1,36,,0,0,心理学专用实验设计软件,11,第3节-第4节,仙I区,08030400
32.0,400100,心理学论文阅读与写作(20171-08030410-1),201710803041078037,,3,,7,1-18周,0,张洪,1-18周 周二 第5节-第6节 仙Ⅰ-324,2.0,社会学院,否,实践类课程,周二,2017-2018-1,,201710803041078037,2015社会学院应用心理学,0,仙林校区,2017-2018学年 第1学期,78037,仙Ⅰ-324,0.0,否,,3,0,,32,0,心理学论文阅读与写作,11,第5节-第6节,仙I区,08030410
48.0,400100,高级实验技术课程(20171-08030420-1),201710803042078038,,3,,16,1-18周,0,"肖承丽,周仁来",1-18周 周四 第2节-第4节 逸A-213,3.0,社会学院,否,实验类课程,周四,2017-2018-1,,201710803042078038,2015社会学院应用心理学,0,仙林校区,2017-2018学年 第1学期,78038,逸A-213,24.0,否,,2,24,,0,0,高级实验技术课程,15,第2节-第4节,逸夫楼A区,08030420
32.0,400100,网络心理咨询(20171-08030440-1),201710803044078051,,3,,16,1-18周,0,陈昌凯,1-18周 周二 第7节-第8节 仙Ⅰ-324,2.0,社会学院,否,理论+实践课程,周二,2017-2018-1,,201710803044078051,2015社会学院应用心理学,0,仙林校区,2017-2018学年 第1学期,78051,仙Ⅰ-324,0.0,否,,5,24,,8,0,网络心理咨询,11,第7节-第8节,仙I区,08030440
48.0,400060,政治经济学（上）(20171-09000010A-1),2017109000010A77610,,3,,198,4-18周,0,路瑶,4-18周 周四 第5节-第7节 逸B-212,3.0,商学院,否,理论类课程,周四,2017-2018-1,,2017109000010A77610,2017*经济管理试验班*经济管理试验班,0,仙林校区,2017-2018学年 第1学期,77610,逸B-212,0.0,否,,1,48,,0,0,政治经济学原理,16,第5节-第7节,逸夫楼B区,09000010A
48.0,400060,政治经济学（上）(20171-09000010A-2),2017109000010A77611,,3,,145,4-18周,0,路瑶,4-18周 周二 第5节-第7节 逸B-101,3.0,商学院,否,理论类课程,周二,2017-2018-1,,2017109000010A77611,2017*经济管理试验班*经济管理试验班,0,仙林校区,2017-2018学年 第1学期,77611,逸B-101,0.0,否,,1,48,,0,0,政治经济学原理,16,第5节-第7节,逸夫楼B区,09000010A
48.0,400060,政治经济学（上）(20171-09000010A-3),2017109000010A77612,,3,,118,4-18周,0,江静,4-18周 周二 第5节-第7节 仙Ⅱ-405,3.0,商学院,否,理论类课程,周二,2017-2018-1,,2017109000010A77612,2017*经济管理试验班*经济管理试验班,0,仙林校区,2017-2018学年 第1学期,77612,仙Ⅱ-405,0.0,否,,1,48,,0,0,政治经济学原理,12,第5节-第7节,仙II区,09000010A
48.0,400060,微观经济学(20171-09000020-1),201710900002078423,,3,,70,1-18周,0,姜舸,1-18周 周三 第5节-第7节 仙Ⅰ-101,3.0,商学院,否,理论类课程,周三,2017-2018-1,,201710900002078423,"2015数学学院数学与应用数学,2015数学学院应用模块（统计方向）,2015数学学院应用模块（计算方向）,2015数学学院统计学,2015数学学院信息与计算科学",0,仙林校区,2017-2018学年 第1学期,78423,仙Ⅰ-101,0.0,否,,1,48,,0,0,微观经济学,11,第5节-第7节,仙I区,09000020
48.0,400060,宏观经济学(20171-09000030-1),201710900003077698,,3,,102,1-18周,0,武志伟,1-18周 周五 第5节-第7节 逸B-405,3.0,商学院,否,理论类课程,周五,2017-2018-1,,201710900003077698,"2016商学院工商管理,2016商学院工商管理（人力资源管理方向）",0,仙林校区,2017-2018学年 第1学期,77698,逸B-405,0.0,否,,1,48,,0,0,宏观经济学,16,第5节-第7节,逸夫楼B区,09000030
48.0,400060,宏观经济学(20171-09000030-1),201710900003077715,,3,,90,1-18周,0,周耿,1-18周 周四 第5节-第7节 逸B-405,3.0,商学院,否,理论类课程,周四,2017-2018-1,,201710900003077715,"2016商学院会计学,2016商学院财务管理",0,仙林校区,2017-2018学年 第1学期,77715,逸B-405,0.0,否,,1,48,,0,0,宏观经济学,16,第5节-第7节,逸夫楼B区,09000030
48.0,400060,国际贸易(20171-09000040-1),201710900004077632,,3,,67,"1-18周,1-17周(单)",0,马野青,"1-18周 周一 第3节-第4节 逸A-416,1-17周(单) 周三 第3节-第4节 逸A-416",3.0,商学院,否,理论类课程,"周一,周三",2017-2018-1,,201710900004077632,"2015商学院会计学,2015商学院电子商务,2015商学院财务管理",0,仙林校区,2017-2018学年 第1学期,77632,"逸A-416,逸A-416",0.0,否,,1,48,,0,0,国际贸易,15,"第3节-第4节,第3节-第4节",逸夫楼A区,09000040
48.0,400060,国际贸易(20171-09000040-1),201710900004077699,,3,,80,1-18周,0,方勇,1-18周 周四 第5节-第7节 仙Ⅰ-101,3.0,商学院,否,理论类课程,周四,2017-2018-1,,201710900004077699,"2016商学院工商管理,2016商学院工商管理（人力资源管理方向）,2016商学院市场营销",0,仙林校区,2017-2018学年 第1学期,77699,仙Ⅰ-101,0.0,否,,1,48,,0,0,国际贸易,11,第5节-第7节,仙I区,09000040
48.0,400060,国际金融(20171-09000050-1),201710900005077643,,3,,168,1-18周,0,张谊浩,1-18周 周四 第5节-第7节 仙Ⅰ-207,3.0,商学院,否,理论类课程,周四,2017-2018-1,,201710900005077643,"2015商学院经济学,2015商学院经济学（产业经济方向）,2015商学院国际经济与贸易",0,仙林校区,2017-2018学年 第1学期,77643,仙Ⅰ-207,0.0,否,,1,48,,0,0,国际金融,11,第5节-第7节,仙I区,09000050
48.0,400060,国际金融(20171-09000050-1),201710900005077690,,3,,114,1-18周,0,裴平,1-18周 周二 第5节-第7节 仙Ⅰ-320,3.0,商学院,否,理论类课程,周二,2017-2018-1,,201710900005077690,"2015商学院金融学,2015商学院金融工程,2015商学院保险学",0,仙林校区,2017-2018学年 第1学期,77690,仙Ⅰ-320,0.0,否,,1,48,,0,0,国际金融,11,第5节-第7节,仙I区,09000050
48.0,400060,计量经济学(20171-09000060-1),201710900006077644,,3,,74,"1-2周,5周,8周,10-11周,13-17周(单),3-4周,6-7周,9周,12-18周(双)",0,曲兆鹏,"1-2周,5周,8周,10-11周,13-17周(单) 周一 第2节-第4节 逸B-312,3-4周,6-7周,9周,12-18周(双) 周一 第2节-第4节 ",3.0,商学院,否,理论+实践课程,"周一,周一",2017-2018-1,,201710900006077644,2015商学院经济学,0,仙林校区,2017-2018学年 第1学期,77644,"逸B-312,逸B-407",0.0,否,,5,32,,16,0,计量经济学,16,"第2节-第4节,第2节-第4节",逸夫楼B区,09000060
48.0,400060,计量经济学(20171-09000060-1),201710900006077692,,3,,124,1-18周,0,张兵,1-18周 周一 第2节-第4节 逸B-313,3.0,商学院,否,理论+实践课程,周一,2017-2018-1,,201710900006077692,"2015商学院金融学,2015商学院金融工程,2015商学院保险学",0,仙林校区,2017-2018学年 第1学期,77692,逸B-313,0.0,否,,5,32,,16,0,计量经济学,16,第2节-第4节,逸夫楼B区,09000060
48.0,400060,计量经济学(20171-09000060-1),201710900006077717,,3,,24,1-18周,0,卜茂亮,1-18周 周一 第2节-第4节 逸B-311,3.0,商学院,否,理论+实践课程,周一,2017-2018-1,,201710900006077717,2015商学院经济学（产业经济方向）,0,仙林校区,2017-2018学年 第1学期,77717,逸B-311,0.0,否,,5,32,,16,0,计量经济学,16,第2节-第4节,逸夫楼B区,09000060
48.0,400060,计量经济学(20171-09000060-1),201710900006077731,,3,,61,"1-18周,1-18周",0,谢建国,"1-18周 周一 第5节-第6节 逸B-312,1-18周 周一 第7节-第7节 ",3.0,商学院,否,理论+实践课程,"周一,周一",2017-2018-1,,201710900006077731,2015商学院国际经济与贸易,0,仙林校区,2017-2018学年 第1学期,77731,"逸B-312,逸B-407",0.0,否,,5,32,,16,0,计量经济学,16,"第5节-第6节,第7节-第7节",逸夫楼B区,09000060
48.0,400060,管理学(20171-09000510-1),201710900051077596,,3,,110,4-18周,0,"龙静,陈传明",4-18周 周五 第5节-第7节 仙Ⅱ-403,3.0,商学院,否,理论类课程,周五,2017-2018-1,,201710900051077596,2017*经济管理试验班*经济管理试验班,0,仙林校区,2017-2018学年 第1学期,77596,仙Ⅱ-403,0.0,否,,1,48,,0,0,管理学,12,第5节-第7节,仙II区,09000510
48.0,400060,管理学(20171-09000510-2),201710900051077598,,3,,114,4-18周,0,贾良定,4-18周 周五 第5节-第7节 仙Ⅱ-404,3.0,商学院,否,理论类课程,周五,2017-2018-1,,201710900051077598,2017*经济管理试验班*经济管理试验班,0,仙林校区,2017-2018学年 第1学期,77598,仙Ⅱ-404,0.0,否,,1,48,,0,0,管理学,12,第5节-第7节,仙II区,09000510
48.0,400060,管理学(20171-09000510-3),201710900051077599,,3,,107,4-18周,0,钱海燕,4-18周 周五 第5节-第7节 仙Ⅱ-503,3.0,商学院,否,理论类课程,周五,2017-2018-1,,201710900051077599,2017*经济管理试验班*经济管理试验班,0,仙林校区,2017-2018学年 第1学期,77599,仙Ⅱ-503,0.0,否,,1,48,,0,0,管理学,12,第5节-第7节,仙II区,09000510
48.0,400060,管理学(20171-09000510-4),201710900051077600,,3,,0,,0,,,3.0,商学院,否,理论类课程,,2017-2018-1,,201710900051077600,,0,仙林校区,2017-2018学年 第1学期,77600,,0.0,否,,1,48,,0,0,管理学,,,,09000510
48.0,400060,管理学(20171-09000510-5),201710900051077603,,3,,105,4-18周,0,姜嬿,4-18周 周五 第5节-第7节 仙Ⅱ-505,3.0,商学院,否,理论类课程,周五,2017-2018-1,,201710900051077603,2017*经济管理试验班*经济管理试验班,0,仙林校区,2017-2018学年 第1学期,77603,仙Ⅱ-505,0.0,否,,1,48,,0,0,管理学,12,第5节-第7节,仙II区,09000510
48.0,400060,管理学(20171-09000510-1),201710900051077638,,3,,35,1-18周,0,李嘉,1-18周 周五 第5节-第7节 仙Ⅱ-216,3.0,商学院,否,理论类课程,周五,2017-2018-1,,201710900051077638,2016商学院经济学,0,仙林校区,2017-2018学年 第1学期,77638,仙Ⅱ-216,0.0,否,,1,48,,0,0,管理学,12,第5节-第7节,仙II区,09000510
48.0,400060,财政学(20171-09010010-1),201710901001077601,,3,,108,1-18周,0,尚长风,1-18周 周二 第5节-第7节 逸B-105,3.0,商学院,否,理论类课程,周二,2017-2018-1,,201710901001077601,"2016商学院经济学,2016商学院国际经济与贸易",0,仙林校区,2017-2018学年 第1学期,77601,逸B-105,0.0,否,,1,48,,0,0,财政学,16,第5节-第7节,逸夫楼B区,09010010
48.0,400060,财政学(20171-09010010-1),201710901001077712,,3,,29,1-18周,0,郑东雅,1-18周 周四 第2节-第4节 仙Ⅰ-209,3.0,商学院,否,理论类课程,周四,2017-2018-1,,201710901001077712,2016商学院经济学（产业经济方向）,0,仙林校区,2017-2018学年 第1学期,77712,仙Ⅰ-209,0.0,否,,1,48,,0,0,财政学,11,第2节-第4节,仙I区,09010010
48.0,400060,货币银行学(20171-09010020-1),201710901002077642,,3,,53,1-18周,0,王宇伟,1-18周 周一 第5节-第7节 仙Ⅰ-204,3.0,商学院,否,理论类课程,周一,2017-2018-1,,201710901002077642,2016商学院国际经济与贸易,0,仙林校区,2017-2018学年 第1学期,77642,仙Ⅰ-204,0.0,否,,1,48,,0,0,货币银行学,11,第5节-第7节,仙I区,09010020
48.0,400060,货币银行学(20171-09010020-1),201710901002077645,,3,,112,1-18周,0,姜宁,1-18周 周五 第2节-第4节 逸B-405,3.0,商学院,否,理论类课程,周五,2017-2018-1,,201710901002077645,"2015商学院经济学,2015商学院经济学（产业经济方向）",0,仙林校区,2017-2018学年 第1学期,77645,逸B-405,0.0,否,,1,48,,0,0,货币银行学,16,第2节-第4节,逸夫楼B区,09010020
48.0,400060,中国经济史(20171-09010040-1),201710901004077646,,3,,91,1-18周,0,杨德才,1-18周 周一 第5节-第7节 逸A-416,3.0,商学院,否,理论类课程,周一,2017-2018-1,,201710901004077646,"2015商学院经济学,2015商学院经济学（产业经济方向）",0,仙林校区,2017-2018学年 第1学期,77646,逸A-416,0.0,否,,1,48,,0,0,中国经济史,15,第5节-第7节,逸夫楼A区,09010040
48.0,400060,外国经济学说史(20171-09010050-1),201710901005077609,,3,,81,,0,,,3.0,商学院,否,理论类课程,,2017-2018-1,,201710901005077609,,0,仙林校区,2017-2018学年 第1学期,77609,,0.0,否,,1,48,,0,0,外国经济学说史,,,,09010050
48.0,400060,产业经济学(20171-09010060-1),201710901006077647,,3,,66,1-18周,0,"吴福象,安同良",1-18周 周二 第5节-第7节 仙Ⅰ-212,3.0,商学院,否,理论类课程,周二,2017-2018-1,,201710901006077647,2015商学院经济学,0,仙林校区,2017-2018学年 第1学期,77647,仙Ⅰ-212,0.0,否,,1,48,,0,0,产业经济学,11,第5节-第7节,仙I区,09010060
48.0,400060,产业经济学(20171-09010060-1),201710901006077719,,3,,26,1-18周,0,郑江淮,1-18周 周二 第5节-第7节 仙Ⅰ-209,3.0,商学院,否,理论类课程,周二,2017-2018-1,,201710901006077719,2015商学院经济学（产业经济方向）,0,仙林校区,2017-2018学年 第1学期,77719,仙Ⅰ-209,0.0,否,,1,48,,0,0,产业经济学,11,第5节-第7节,仙I区,09010060
48.0,400060,产业经济学(20171-09010060-1),201710901006077723,,3,,29,1-18周,0,张晔,1-18周 周四 第2节-第4节 仙Ⅱ-301,3.0,商学院,否,理论类课程,周四,2017-2018-1,,201710901006077723,2016商学院国际经济与贸易,0,仙林校区,2017-2018学年 第1学期,77723,仙Ⅱ-301,0.0,否,,1,48,,0,0,产业经济学,12,第2节-第4节,仙II区,09010060
48.0,400060,区域经济学(20171-09010100-1),201710901010077713,,3,,21,1-18周,0,吴福象,1-18周 周一 第5节-第7节 仙Ⅰ-209,3.0,商学院,否,理论类课程,周一,2017-2018-1,,201710901010077713,2016商学院经济学（产业经济方向）,0,仙林校区,2017-2018学年 第1学期,77713,仙Ⅰ-209,0.0,否,,1,48,,0,0,区域经济学,11,第5节-第7节,仙I区,09010100
32.0,400060,博弈论(20171-09010210-1),201710901021078793,,3,,129,1-18周,0,皮建才,1-18周 周二 第3节-第4节 图书馆125,2.0,商学院,否,理论类课程,周二,2017-2018-1,,201710901021078793,"2016商学院经济学,2016商学院经济学（产业经济方向）,2016商学院国际经济与贸易",0,仙林校区,2017-2018学年 第1学期,78793,无,0.0,否,,1,32,,0,0,博弈论,,第3节-第4节,,09010210
32.0,400060,发展经济学(20171-09010220-1),201710901022077640,,3,,82,1-18周,0,"高波,赵华",1-18周 周五 第3节-第4节 仙Ⅰ-203,2.0,商学院,否,理论类课程,周五,2017-2018-1,,201710901022077640,"2016商学院经济学,2016商学院经济学（产业经济方向）",0,仙林校区,2017-2018学年 第1学期,77640,仙Ⅰ-203,0.0,否,,1,32,,0,0,发展经济学,11,第3节-第4节,仙I区,09010220
32.0,400060,劳动经济学(20171-09010230-1),201710901023077648,,3,,33,1-18周,0,"李晓春,曲兆鹏",1-18周 周四 第3节-第4节 仙Ⅱ-316,2.0,商学院,否,理论类课程,周四,2017-2018-1,,201710901023077648,"2015商学院经济学,2015商学院经济学（产业经济方向）",0,仙林校区,2017-2018学年 第1学期,77648,仙Ⅱ-316,0.0,否,,1,32,,0,0,劳动经济学,12,第3节-第4节,仙II区,09010230
48.0,400060,中级宏观经济学(20171-09010280-1),201710901028077687,,3,,68,1-18周,0,李剑,1-18周 周二 第5节-第7节 逸B-313,3.0,商学院,否,理论类课程,周二,2017-2018-1,,201710901028077687,"2016商学院金融学,2016商学院金融工程,2016商学院保险学",0,仙林校区,2017-2018学年 第1学期,77687,逸B-313,0.0,否,,1,48,,0,0,中级宏观经济学,16,第5节-第7节,逸夫楼B区,09010280
32.0,400060,中央银行学(20171-09010300-1),201710901030077649,,3,,42,1-18周,0,"周耿,王宇伟",1-18周 周二 第3节-第4节 仙Ⅱ-315,2.0,商学院,否,理论类课程,周二,2017-2018-1,,201710901030077649,2015商学院经济学,0,仙林校区,2017-2018学年 第1学期,77649,仙Ⅱ-315,0.0,否,,1,32,,0,0,中央银行学,12,第3节-第4节,仙II区,09010300
32.0,400060,城市经济学(20171-09010320-1),201710901032077720,,3,,19,1-18周,0,魏守华,1-18周 周三 第5节-第6节 仙Ⅰ-209,2.0,商学院,否,理论类课程,周三,2017-2018-1,,201710901032077720,2015商学院经济学（产业经济方向）,0,仙林校区,2017-2018学年 第1学期,77720,仙Ⅰ-209,0.0,否,,1,32,,0,0,城市经济学,11,第5节-第6节,仙I区,09010320
48.0,400060,证券投资学(20171-09010330-1),201710901033077693,,3,,116,1-18周,0,方先明,1-18周 周一 第5节-第7节 逸B-313,3.0,商学院,否,理论类课程,周一,2017-2018-1,,201710901033077693,"2015商学院金融学,2015商学院金融工程,2015商学院保险学",0,仙林校区,2017-2018学年 第1学期,77693,逸B-313,0.0,否,,1,48,,0,0,证券投资学,16,第5节-第7节,逸夫楼B区,09010330
48.0,400060,证券投资学(20171-09010330-1),201710901033077722,,1,,16,1-18周,0,魏守华,1-18周 周四 第5节-第7节 教104,3.0,商学院,否,理论类课程,周四,2017-2018-1,,201710901033077722,2014商学院经济学（产业经济方向）,0,鼓楼校区,2017-2018学年 第1学期,77722,教104,0.0,否,,1,48,,0,0,证券投资学,1,第5节-第7节,教学楼,09010330
48.0,400060,证券投资学(20171-09010330-1),201710901033077753,,1,,40,1-18周,0,夏江,1-18周 周一 第5节-第7节 教103,3.0,商学院,否,理论类课程,周一,2017-2018-1,,201710901033077753,"2014商学院经济学,2014商学院国际经济与贸易",0,鼓楼校区,2017-2018学年 第1学期,77753,教103,0.0,否,,1,48,,0,0,证券投资学,1,第5节-第7节,教学楼,09010330
32.0,400060,区域经济学(20171-09010360-1),201710901036077755,,1,,13,1-18周,0,吴福象,1-18周 周二 第3节-第4节 教104,2.0,商学院,否,理论类课程,周二,2017-2018-1,,201710901036077755,2014商学院经济学,0,鼓楼校区,2017-2018学年 第1学期,77755,教104,0.0,否,,1,32,,0,0,区域经济学,1,第3节-第4节,教学楼,09010360
32.0,400060,反垄断经济学(20171-09010390-1),201710901039077721,,3,,19,1-18周,0,巫强,1-18周 周二 第3节-第4节 仙Ⅰ-117,2.0,商学院,否,理论+实践课程,周二,2017-2018-1,,201710901039077721,2015商学院经济学（产业经济方向）,0,仙林校区,2017-2018学年 第1学期,77721,仙Ⅰ-117,0.0,否,,5,24,,8,0,反垄断经济学,11,第3节-第4节,仙I区,09010390
32.0,400060,全球化与环境经济学(20171-09010460-1),201710901046077714,,3,,24,1-18周,0,卜茂亮,1-18周 周五 第5节-第6节 仙Ⅰ-117,2.0,商学院,否,理论类课程,周五,2017-2018-1,,201710901046077714,"2015商学院经济学（产业经济方向）,2016商学院经济学（产业经济方向）",0,仙林校区,2017-2018学年 第1学期,77714,仙Ⅰ-117,0.0,否,,1,32,,0,0,全球化与环境经济学,11,第5节-第6节,仙I区,09010460
48.0,400060,大数据经济学(20171-09010510-1),201710901051077650,,3,,60,1-18周,0,周耿,1-18周 周五 第5节-第7节 ,3.0,商学院,否,理论+实践课程,周五,2017-2018-1,,201710901051077650,2015商学院经济学,0,仙林校区,2017-2018学年 第1学期,77650,逸B-407,12.0,否,,5,33,,3,0,大数据经济学,,第5节-第7节,,09010510
48.0,400060,行为与实验经济学(20171-09010450-1),201710901053077641,,3,,70,1-18周,0,"周耿,武志伟",1-18周 周一 第5节-第7节 仙Ⅱ-103,3.0,商学院,否,,周一,2017-2018-1,,201710901053077641,2016商学院经济学,0,仙林校区,2017-2018学年 第1学期,77641,仙Ⅱ-103,,否,,,,,,0,行为与实验经济学,12,第5节-第7节,仙II区,09010530
48.0,400060,国际经济学(20171-09020010-1),201710902001077725,,3,,61,1-18周,0,于津平,1-18周 周二 第5节-第7节 仙Ⅰ-203,3.0,商学院,否,理论类课程,周二,2017-2018-1,,201710902001077725,2015商学院国际经济与贸易,0,仙林校区,2017-2018学年 第1学期,77725,仙Ⅰ-203,0.0,否,,1,48,,0,0,国际经济学,11,第5节-第7节,仙I区,09020010
32.0,400060,国际结算(20171-09020030-1),201710902003077730,,3,,72,"1-11周,12-18周",0,韩剑,"1-11周 周四 第3节-第4节 逸B-312,12-18周 周四 第3节-第4节 ",2.0,商学院,否,理论+实验课程,"周四,周四",2017-2018-1,,201710902003077730,2015商学院国际经济与贸易,0,仙林校区,2017-2018学年 第1学期,77730,"逸B-312,逸B-407",10.0,否,,6,22,,0,0,国际结算,16,"第3节-第4节,第3节-第4节",逸夫楼B区,09020030
48.0,400060,世界经济概论(20171-09020040-1),201710902004077734,,3,,20,1-18周,0,柴忠东,1-18周 周五 第5节-第7节 仙Ⅰ-201,3.0,商学院,否,理论类课程,周五,2017-2018-1,,201710902004077734,2015商学院国际经济与贸易,0,仙林校区,2017-2018学年 第1学期,77734,仙Ⅰ-201,0.0,否,,1,48,,0,0,世界经济概论,11,第5节-第7节,仙I区,09020040
48.0,400060,市场营销(20171-09020050-1),201710902005077653,,3,,74,1-18周,0,冯帆,1-18周 周四 第5节-第7节 仙Ⅰ-212,3.0,商学院,否,理论类课程,周四,2017-2018-1,,201710902005077653,2016商学院国际经济与贸易,0,仙林校区,2017-2018学年 第1学期,77653,仙Ⅰ-212,0.0,否,,1,48,,0,0,市场营销,11,第5节-第7节,仙I区,09020050
32.0,400060,商务沟通（三）(20171-09020070-1),201710902007077732,,3,,70,1-18周,0,沈艳枝,1-18周 周二 第3节-第4节 仙Ⅰ-109,2.0,商学院,否,实践类课程,周二,2017-2018-1,,201710902007077732,2015商学院国际经济与贸易,0,仙林校区,2017-2018学年 第1学期,77732,仙Ⅰ-109,0.0,否,,3,0,,32,0,商务沟通,11,第3节-第4节,仙I区,09020070
48.0,400060,国际贸易地理(20171-09020260-1),201710902026077724,,3,,74,"1-17周(单),1-18周",0,张雨,"1-18周 周五 第3节-第4节 仙Ⅰ-321,1-17周(单) 周一 第3节-第4节 仙Ⅰ-321",2.0,商学院,否,理论类课程,"周一,周五",2017-2018-1,,201710902026077724,"2015商学院国际经济与贸易,2016商学院国际经济与贸易",0,仙林校区,2017-2018学年 第1学期,77724,"仙Ⅰ-321,仙Ⅰ-321",0.0,否,,1,32,,0,0,国际贸易地理,11,"第3节-第4节,第3节-第4节",仙I区,09020260
32.0,400060,贸易与环境(20171-09020320-1),201710902032077833,,1,,15,1-18周,0,万瑞,1-18周 周五 第3节-第4节 教103,2.0,商学院,否,理论类课程,周五,2017-2018-1,,201710902032077833,2014商学院国际经济与贸易,0,鼓楼校区,2017-2018学年 第1学期,77833,教103,0.0,否,,1,32,,0,0,贸易与环境,1,第3节-第4节,教学楼,09020320
48.0,400060,国际贸易实务(20171-09020340-1),201710902034077733,,3,,76,1-18周,0,黄繁华,1-18周 周三 第5节-第7节 仙Ⅰ-213,3.0,商学院,否,理论类课程,周三,2017-2018-1,,201710902034077733,2015商学院国际经济与贸易,0,仙林校区,2017-2018学年 第1学期,77733,仙Ⅰ-213,0.0,否,,1,36,,0,0,国际贸易实务,11,第5节-第7节,仙I区,09020340
48.0,400060,统计学(20171-09030020-1),201710903002077691,,3,,87,1-18周,0,耿修林,1-18周 周二 第5节-第7节 逸B-405,3.0,商学院,否,理论类课程,周二,2017-2018-1,,201710903002077691,"2016商学院工商管理,2016商学院工商管理（人力资源管理方向）",0,仙林校区,2017-2018学年 第1学期,77691,逸B-405,0.0,否,,1,48,,0,0,统计学,16,第5节-第7节,逸夫楼B区,09030020
48.0,400060,生产与运作管理(20171-09030030-1),201710903003077694,,3,,80,1-18周,0,"徐小林,刘春林",1-18周 周一 第5节-第7节 逸B-405,3.0,商学院,否,理论类课程,周一,2017-2018-1,,201710903003077694,"2016商学院工商管理,2016商学院工商管理（人力资源管理方向）",0,仙林校区,2017-2018学年 第1学期,77694,逸B-405,0.0,否,,1,48,,0,0,生产与运作管理,16,第5节-第7节,逸夫楼B区,09030030
48.0,400060,国际企业管理(20171-09030060-1),201710903006077656,,3,,81,1-18周,0,钱海燕,1-18周 周二 第2节-第4节 仙Ⅰ-213,3.0,商学院,否,理论类课程,周二,2017-2018-1,,201710903006077656,"2015商学院工商管理,2015商学院工商管理（人力资源管理方向）",0,仙林校区,2017-2018学年 第1学期,77656,仙Ⅰ-213,0.0,否,,1,48,,0,0,国际企业管理,11,第2节-第4节,仙I区,09030060
48.0,400060,公司理财(20171-09030110-1),201710903011077657,,3,,78,1-18周,0,汪丽,1-18周 周一 第5节-第7节 仙Ⅰ-213,3.0,商学院,否,理论类课程,周一,2017-2018-1,,201710903011077657,"2015商学院工商管理,2015商学院工商管理（人力资源管理方向）",0,仙林校区,2017-2018学年 第1学期,77657,仙Ⅰ-213,0.0,否,,1,48,,0,0,公司理财,11,第5节-第7节,仙I区,09030110
48.0,400060,企业战略管理(20171-09030270-1),201710903027077658,,3,,109,1-18周,0,刘海建,1-18周 周五 第5节-第7节 逸B-313,3.0,商学院,否,理论类课程,周五,2017-2018-1,,201710903027077658,"2015商学院工商管理,2016商学院市场营销,2016商学院电子商务",0,仙林校区,2017-2018学年 第1学期,77658,逸B-313,0.0,否,,1,48,,0,0,企业战略管理,16,第5节-第7节,逸夫楼B区,09030270
32.0,400060,创业学与创新管理(20171-09030370-1),201710903037077664,,3,,36,1-18周,0,宋哲,1-18周 周五 第3节-第4节 仙Ⅱ-316,2.0,商学院,否,理论类课程,周五,2017-2018-1,,201710903037077664,2015商学院工商管理,0,仙林校区,2017-2018学年 第1学期,77664,仙Ⅱ-316,0.0,否,,1,32,,0,0,创业学与创新管理,12,第3节-第4节,仙II区,09030370
32.0,400060,数字时代的管理(20171-09030500-1),201710903050077668,,3,,49,1-18周,0,鲁倩,1-18周 周一 第3节-第4节 仙Ⅱ-316,2.0,商学院,否,理论类课程,周一,2017-2018-1,,201710903050077668,"2015商学院工商管理,2015商学院工商管理（人力资源管理方向）",0,仙林校区,2017-2018学年 第1学期,77668,仙Ⅱ-316,0.0,否,,1,32,,0,0,数字时代的管理,12,第3节-第4节,仙II区,09030500
64.0,400060,财务会计(20171-09050021-1),201710905002177718,,3,,107,"1-18周,1-18周",0,陈丽花,"1-18周 周三 第1节-第2节 逸B-405,1-18周 周一 第3节-第4节 逸B-405",4.0,商学院,否,理论类课程,"周一,周三",2017-2018-1,,201710905002177718,"2016商学院会计学,2016商学院财务管理",0,仙林校区,2017-2018学年 第1学期,77718,"逸B-405,逸B-405",0.0,否,,1,64,,0,0,财务会计,16,"第3节-第4节,第1节-第2节",逸夫楼B区,09050021
48.0,400060,管理会计(20171-09050030-1),201710905003077677,,3,,48,1-18周,0,冯巧根,1-18周 周二 第5节-第7节 仙Ⅱ-316,3.0,商学院,否,理论类课程,周二,2017-2018-1,,201710905003077677,2015商学院财务管理,0,仙林校区,2017-2018学年 第1学期,77677,仙Ⅱ-316,0.0,否,,1,48,,0,0,管理会计,12,第5节-第7节,仙II区,09050030
48.0,400060,财务管理(20171-09050041-1),201710905004177716,,3,,109,"1-9周,1-9周",0,黄志忠,"1-9周 周二 第5节-第7节 逸A-416,1-9周 周五 第5节-第7节 逸A-416",3.0,商学院,否,理论类课程,"周二,周五",2017-2018-1,,201710905004177716,"2016商学院会计学,2016商学院财务管理",0,仙林校区,2017-2018学年 第1学期,77716,"逸A-416,逸A-416",0.0,否,,1,48,,0,0,财务管理,15,"第5节-第7节,第5节-第7节",逸夫楼A区,09050041
48.0,400060,高级财务会计(20171-09050080-1),201710905008077674,,3,,68,1-18周,0,王跃堂,1-18周 周四 第5节-第7节 仙Ⅰ-204,3.0,商学院,否,理论类课程,周四,2017-2018-1,,201710905008077674,"2015商学院会计学,2015商学院财务管理",0,仙林校区,2017-2018学年 第1学期,77674,仙Ⅰ-204,0.0,否,,1,48,,0,0,高级财务会计,11,第5节-第7节,仙I区,09050080
48.0,400060,实务训练(20171-09050090-1),201710905009077613,,1,,35,"1-5周,1-5周,1-5周,1-5周,1-5周",0,"曹洋,苏文兵","1-5周 周一 第1节-第8节 ,1-5周 周五 第1节-第8节 ,1-5周 周四 第1节-第8节 ,1-5周 周三 第1节-第8节 ,1-5周 周二 第1节-第8节 ",3.0,商学院,否,理论类课程,"周一,周二,周三,周四,周五",2017-2018-1,,201710905009077613,"2014商学院会计学,2014商学院财务管理",0,鼓楼校区,2017-2018学年 第1学期,77613,"安中楼,安中楼,安中楼,安中楼,安中楼",0.0,否,,1,48,,0,0,实务训练,,"第1节-第8节,第1节-第8节,第1节-第8节,第1节-第8节,第1节-第8节",,09050090
32.0,400060,财务报表分析(20171-09050110-1),201710905011077675,,3,,75,1-10周,0,黄志忠,1-10周 周二 第2节-第4节 仙Ⅱ-112,2.0,商学院,否,理论类课程,周二,2017-2018-1,,201710905011077675,"2015商学院会计学,2015商学院财务管理",0,仙林校区,2017-2018学年 第1学期,77675,仙Ⅱ-112,0.0,否,,1,32,,0,0,财务报表分析,12,第2节-第4节,仙II区,09050110
48.0,400060,风险管理与内部控制(20171-09050290-1),201710905029077676,,3,,87,1-18周,0,"李心合,熊焰韧",1-18周 周五 第5节-第7节 仙Ⅰ-204,3.0,商学院,否,理论类课程,周五,2017-2018-1,,201710905029077676,"2015商学院会计学,2015商学院财务管理",0,仙林校区,2017-2018学年 第1学期,77676,仙Ⅰ-204,0.0,否,,1,48,,0,0,风险管理与内部控制,11,第5节-第7节,仙I区,09050290
64.0,400060,会计计量与披露(20171-09050300I-1),2017109050300I77711,,3,,31,"1-18周,1-18周",0,薛清梅,"1-18周 周四 第3节-第4节 仙Ⅱ-216,1-18周 周一 第5节-第6节 仙Ⅱ-216",4.0,商学院,否,理论类课程,"周四,周一",2017-2018-1,,2017109050300I77711,"2016商学院会计学,2016商学院财务管理",0,仙林校区,2017-2018学年 第1学期,77711,"仙Ⅱ-216,仙Ⅱ-216",0.0,否,,1,64,,0,0,会计计量与披露,12,"第3节-第4节,第5节-第6节",仙II区,09050300I
32.0,400060,财务会计原理(20171-09050320I-1),2017109050320I77710,,3,,27,1-18周,0,薛清梅,1-18周 周四 第5节-第6节 仙Ⅱ-216,2.0,商学院,否,理论类课程,周四,2017-2018-1,,2017109050320I77710,2016商学院会计学,0,仙林校区,2017-2018学年 第1学期,77710,仙Ⅱ-216,0.0,否,,1,32,,0,0,财务会计原理,12,第5节-第6节,仙II区,09050320I
48.0,400060,金融经济学(20171-09060040-1),201710906004077707,,1,,97,1-18周,0,张岭松,1-18周 周五 第5节-第7节 教201,3.0,商学院,否,理论类课程,周五,2017-2018-1,,201710906004077707,"2014商学院金融学,2014商学院金融工程,2014商学院保险学",0,鼓楼校区,2017-2018学年 第1学期,77707,教201,0.0,否,,1,48,,0,0,金融经济学,1,第5节-第7节,教学楼,09060040
32.0,400060,国际结算与融资(20171-09060220-1),201710906022077696,,3,,62,1-18周,0,赵薇,1-18周 周五 第3节-第4节 仙Ⅱ-301,2.0,商学院,否,理论类课程,周五,2017-2018-1,,201710906022077696,"2015商学院金融学,2015商学院金融工程,2015商学院保险学",0,仙林校区,2017-2018学年 第1学期,77696,仙Ⅱ-301,0.0,否,,1,32,,0,0,国际结算与融资,12,第3节-第4节,仙II区,09060220
32.0,400060,金融建模(20171-09060260-1),201710906026077697,,3,,47,1-18周,0,杜亚斌,1-18周 周三 第2节-第4节 ,2.0,商学院,否,理论+实践课程,周三,2017-2018-1,,201710906026077697,"2015商学院金融学,2015商学院金融工程,2015商学院保险学",0,仙林校区,2017-2018学年 第1学期,77697,逸B-407,16.0,否,,5,16,,0,0,金融建模,,第2节-第4节,,09060260
48.0,400060,投资银行学(20171-09060270-1),201710906027077700,,3,,94,1-18周,0,王长江,1-18周 周二 第2节-第4节 仙Ⅰ-115,3.0,商学院,否,理论+实践课程,周二,2017-2018-1,,201710906027077700,"2015商学院金融学,2015商学院金融工程,2015商学院保险学",0,仙林校区,2017-2018学年 第1学期,77700,仙Ⅰ-115,0.0,否,,5,40,,8,0,投资银行学,11,第2节-第4节,仙I区,09060270
48.0,400060,风险管理与保险(20171-09060310-1),201710906031077688,,3,,105,1-18周,0,袁成,1-18周 周四 第5节-第7节 逸B-205,3.0,商学院,否,理论类课程,周四,2017-2018-1,,201710906031077688,"2016商学院金融学,2016商学院金融工程,2016商学院保险学",0,仙林校区,2017-2018学年 第1学期,77688,逸B-205,0.0,否,,1,48,,0,0,风险管理与保险,16,第5节-第7节,逸夫楼B区,09060310
48.0,400060,金融风险管理(20171-09060390I-1),2017109060390I77834,,3,,93,1-18周,0,刘德溯,1-18周 周四 第5节-第7节 仙Ⅰ-213,3.0,商学院,否,理论类课程,周四,2017-2018-1,,2017109060390I77834,"2015商学院金融学,2015商学院金融工程,2015商学院保险学",0,仙林校区,2017-2018学年 第1学期,77834,仙Ⅰ-213,0.0,否,,1,48,,0,0,金融风险管理,11,第5节-第7节,仙I区,09060390I
48.0,400060,保险经济学(20171-09060450-1),201710906045077705,,3,,53,1-18周,0,孙武军,1-18周 周四 第2节-第4节 仙Ⅰ-115,3.0,商学院,否,理论类课程,周四,2017-2018-1,,201710906045077705,"2015商学院金融学,2015商学院金融工程,2015商学院保险学",0,仙林校区,2017-2018学年 第1学期,77705,仙Ⅰ-115,0.0,否,,1,48,,0,0,保险经济学,11,第2节-第4节,仙I区,09060450
48.0,400060,利息理论(20171-09060480-1),201710906048077689,,3,,109,1-18周,0,蒋彧,1-18周 周五 第5节-第7节 逸B-205,3.0,商学院,否,理论类课程,周五,2017-2018-1,,201710906048077689,"2016商学院金融学,2016商学院金融工程,2016商学院保险学",0,仙林校区,2017-2018学年 第1学期,77689,逸B-205,0.0,否,,1,48,,0,0,利息理论,16,第5节-第7节,逸夫楼B区,09060480
48.0,400060,金融市场与机构(20171-09060520-1),201710906052077685,,3,,121,1-18周,0,陈宝敏,1-18周 周四 第9节-第11节 仙Ⅱ-403,3.0,商学院,否,理论类课程,周四,2017-2018-1,,201710906052077685,"2016商学院金融学,2016商学院金融工程,2016商学院保险学",0,仙林校区,2017-2018学年 第1学期,77685,仙Ⅱ-403,0.0,否,,1,48,,0,0,金融市场与机构,12,第9节-第11节,仙II区,09060520
48.0,400060,货币金融学(20171-09060530-1),201710906053077686,,3,,87,1-18周,0,杜亚斌,1-18周 周一 第5节-第7节 仙Ⅱ-505,3.0,商学院,否,理论类课程,周一,2017-2018-1,,201710906053077686,"2016商学院金融学,2016商学院金融工程,2016商学院保险学",0,仙林校区,2017-2018学年 第1学期,77686,仙Ⅱ-505,0.0,否,,1,48,,0,0,货币金融学,12,第5节-第7节,仙II区,09060530
32.0,400060,IT项目管理(20171-09070080-1),201710907008077633,,3,,18,1-18周,0,王翔,1-18周 周四 第3节-第4节 仙Ⅱ-217,2.0,商学院,否,理论类课程,周四,2017-2018-1,,201710907008077633,2015商学院电子商务,0,仙林校区,2017-2018学年 第1学期,77633,仙Ⅱ-217,0.0,否,,1,32,,0,0,数智化项目管理,12,第3节-第4节,仙II区,09070080
64.0,400060,数据库原理与应用(20171-09070110-1),201710907011077701,,3,,57,"1-18周,1-18周",0,李小琳,"1-18周 周四 第5节-第7节 仙Ⅰ-115,1-18周 周四 第9节-第10节 ",4.0,商学院,否,理论类课程,"周四,周四",2017-2018-1,,201710907011077701,"2016商学院电子商务,2016商学院市场营销",0,仙林校区,2017-2018学年 第1学期,77701,"仙Ⅰ-115,逸B408",0.0,否,,1,64,,0,0,数据库原理与应用,11,"第5节-第7节,第9节-第10节",仙I区,09070110
48.0,400060,电子商务系统开发与管理(20171-09070170-1),201710907017077630,,3,,26,1-18周,0,陈曦,1-18周 周一 第5节-第7节 ,3.0,商学院,否,理论类课程,周一,2017-2018-1,,201710907017077630,2015商学院电子商务,0,仙林校区,2017-2018学年 第1学期,77630,逸B407,0.0,否,,1,48,,0,0,电子商务系统开发与管理,,第5节-第7节,,09070170
32.0,400060,电子商务物流管理(20171-09070180-1),201710907018077618,,1,,30,"1-9周,1-9周",0,郑称德,"1-9周 周四 第1节-第2节 教104,1-9周 周四 第3节-第4节 教104",2.0,商学院,否,理论类课程,"周四,周四",2017-2018-1,,201710907018077618,2014商学院电子商务,0,鼓楼校区,2017-2018学年 第1学期,77618,"教104,教104",0.0,否,,1,32,,0,0,电子商务物流管理,1,"第1节-第2节,第3节-第4节",教学楼,09070180
32.0,400060,互联网技术与网络安全(20171-09070200-1),201710907020077703,,3,,32,1-18周,0,于笑丰,1-18周 周五 第3节-第4节 仙Ⅰ-117,2.0,商学院,否,理论类课程,周五,2017-2018-1,,201710907020077703,2016商学院电子商务,0,仙林校区,2017-2018学年 第1学期,77703,仙Ⅰ-117,0.0,否,,1,32,,0,0,互联网技术与网络安全,11,第3节-第4节,仙I区,09070200
32.0,400060,ERP原理与应用(20171-09070280-1),201710907028077625,,3,,61,1-18周,0,于笑丰,1-18周 周五 第1节-第2节 仙Ⅱ-318,2.0,商学院,否,理论类课程,周五,2017-2018-1,,201710907028077625,"2015商学院电子商务,2015商学院市场营销",0,仙林校区,2017-2018学年 第1学期,77625,仙Ⅱ-318,0.0,否,,1,32,,0,0,ERP原理与应用,12,第1节-第2节,仙II区,09070280
32.0,400060,电子化采购与B2B(20171-09070300-1),201710907030077631,,3,,38,1-18周,0,宋培建,1-18周 周五 第3节-第4节 仙Ⅱ-317,2.0,商学院,否,理论类课程,周五,2017-2018-1,,201710907030077631,2015商学院电子商务,0,仙林校区,2017-2018学年 第1学期,77631,仙Ⅱ-317,0.0,否,,1,32,,0,0,电子化采购与B2B,12,第3节-第4节,仙II区,09070300
32.0,400060,移动商务与社会化商务(20171-09070320-1),201710907032077704,,3,,43,1-18周,0,杨雪,1-18周 周二 第5节-第6节 仙Ⅱ-315,2.0,商学院,否,理论+实践课程,周二,2017-2018-1,,201710907032077704,2016商学院电子商务,0,仙林校区,2017-2018学年 第1学期,77704,仙Ⅱ-315,0.0,否,,5,30,,2,0,移动商务与社会化商务,12,第5节-第6节,仙II区,09070320
32.0,400060,管理信息系统(双语）(20171-09070340-1),201710907034077634,,3,,28,1-18周,0,杨雪,1-18周 周二 第3节-第4节 仙Ⅱ-317,2.0,商学院,否,理论+实践课程,周二,2017-2018-1,,201710907034077634,2015商学院电子商务,0,仙林校区,2017-2018学年 第1学期,77634,仙Ⅱ-317,0.0,否,,5,30,,2,0,管理信息系统(双语）,12,第3节-第4节,仙II区,09070340
32.0,400060,零售业营销(20171-09080040I-1),2017109080040I77628,,3,,40,"1-9周,1-9周",0,吴宜真,"1-9周 周三 第3节-第4节 仙Ⅱ-317,1-9周 周三 第5节-第6节 仙Ⅱ-317",2.0,商学院,否,理论类课程,"周三,周三",2017-2018-1,,2017109080040I77628,2015商学院市场营销,0,仙林校区,2017-2018学年 第1学期,77628,"仙Ⅱ-317,仙Ⅱ-317",0.0,否,,1,32,,0,0,零售业营销,12,"第3节-第4节,第5节-第6节",仙II区,09080040I
32.0,400060,客户关系管理(20171-09080050-1),201710908005077621,,1,,28,"10-18周,10-18周",0,吴宜真,"10-18周 周三 第3节-第4节 教105,10-18周 周三 第5节-第6节 教105",2.0,商学院,否,理论+实践课程,"周三,周三",2017-2018-1,,201710908005077621,2014商学院市场营销,0,鼓楼校区,2017-2018学年 第1学期,77621,"教105,教105",0.0,否,,5,24,,8,0,客户关系管理,1,"第3节-第4节,第5节-第6节",教学楼,09080050
32.0,400060,品牌管理(20171-09080100-1),201710908010077622,,3,,35,1-18周,0,何健,1-18周 周四 第3节-第4节 仙Ⅱ-317,2.0,商学院,否,理论+实践课程,周四,2017-2018-1,,201710908010077622,2015商学院市场营销,0,仙林校区,2017-2018学年 第1学期,77622,仙Ⅱ-317,0.0,否,,5,29,,3,0,品牌管理,12,第3节-第4节,仙II区,09080100
48.0,400060,现代广告学(20171-09080120-1),201710908012077706,,3,,66,1-18周,0,李媛媛,1-18周 周一 第5节-第7节 仙Ⅰ-321,3.0,商学院,否,理论类课程,周一,2017-2018-1,,201710908012077706,"2016商学院电子商务,2016商学院市场营销",0,仙林校区,2017-2018学年 第1学期,77706,仙Ⅰ-321,0.0,否,,1,48,,0,0,现代广告学,11,第5节-第7节,仙I区,09080120
48.0,400060,服务营销(20171-09080140-1),201710908014077623,,3,,29,1-18周,0,韩顺平,1-18周 周二 第5节-第7节 仙Ⅱ-317,3.0,商学院,否,理论类课程,周二,2017-2018-1,,201710908014077623,2015商学院市场营销,0,仙林校区,2017-2018学年 第1学期,77623,仙Ⅱ-317,0.0,否,,1,48,,0,0,服务营销,12,第5节-第7节,仙II区,09080140
48.0,400060,消费者行为学(20171-09080150-1),201710908015077709,,3,,34,1-18周,0,史有春,1-18周 周二 第5节-第7节 仙Ⅱ-411,3.0,商学院,否,理论类课程,周二,2017-2018-1,,201710908015077709,2016商学院市场营销,0,仙林校区,2017-2018学年 第1学期,77709,仙Ⅱ-411,0.0,否,,1,48,,0,0,消费者行为学,12,第5节-第7节,仙II区,09080150
48.0,400060,国际市场营销(20171-09080170-1),201710908017077624,,3,,40,1-18周,0,戴万稳,1-18周 周一 第9节-第11节 仙Ⅱ-317,3.0,商学院,否,理论类课程,周一,2017-2018-1,,201710908017077624,2015商学院市场营销,0,仙林校区,2017-2018学年 第1学期,77624,仙Ⅱ-317,0.0,否,,1,48,,0,0,国际市场营销,12,第9节-第11节,仙II区,09080170
32.0,400060,战略营销(20171-09080201-1),201710908020177708,,3,,37,1-18周,0,王国才,1-18周 周四 第3节-第4节 仙Ⅱ-315,2.0,商学院,否,理论类课程,周四,2017-2018-1,,201710908020177708,2016商学院市场营销,0,仙林校区,2017-2018学年 第1学期,77708,仙Ⅱ-315,0.0,否,,1,32,,0,0,战略营销,12,第3节-第4节,仙II区,09080201
32.0,400060,高级市场营销(20171-09080220-1),201710908022077629,,3,,13,1-18周,0,董伊人,1-18周 周四 第7节-第8节 仙Ⅱ-317,2.0,商学院,否,理论类课程,周四,2017-2018-1,,201710908022077629,2015商学院市场营销,0,仙林校区,2017-2018学年 第1学期,77629,仙Ⅱ-317,0.0,否,,1,32,,0,0,高级市场营销,12,第7节-第8节,仙II区,09080220
32.0,400060,人力资源管理(20171-09090010-1),201710909001077695,,3,,83,1-18周,0,"毛伊娜,彭纪生",1-18周 周二 第3节-第4节 逸B-405,2.0,商学院,否,理论类课程,周二,2017-2018-1,,201710909001077695,"2016商学院工商管理,2016商学院工商管理（人力资源管理方向）",0,仙林校区,2017-2018学年 第1学期,77695,逸B-405,0.0,否,,1,32,,0,0,人力资源管理,16,第3节-第4节,逸夫楼B区,09090010
32.0,400060,组织设计与工作分析(20171-09090050-1),201710909005077670,,3,,27,,0,,,2.0,商学院,否,理论类课程,,2017-2018-1,,201710909005077670,"2015商学院工商管理,2015商学院工商管理（人力资源管理方向）",0,仙林校区,2017-2018学年 第1学期,77670,,0.0,否,,1,32,,0,0,组织设计与工作分析,,,,09090050
32.0,400070,外国文化通论（二）(20171-10000010B-1),2017110000010B76730,,3,,237,1-18周,0,"赵杨,彭曦,张伟劼,徐黎明,解友广,但汉松,陈民,曹丹红",1-18周 周二 第7节-第8节 仙Ⅰ-107,2.0,外国语学院,否,理论类课程,周二,2017-2018-1,,2017110000010B76730,"2016外国语学院英语,2016外国语学院朝鲜语,2016外国语学院西班牙语,2016外国语学院德语,2016外国语学院法语,2016外国语学院日语,2016外国语学院俄语",0,仙林校区,2017-2018学年 第1学期,76730,仙Ⅰ-107,0.0,否,,1,32,,0,0,外国文化通论（二）,11,第7节-第8节,仙I区,10000010B
64.0,400070,英美散文选读(20171-10010010A-1)（英语）,2017110010010A77229,,3,,26,"4-18周,4-18周",0,张瑛,"4-18周 周一 第3节-第4节 仙Ⅰ-504,4-18周 周四 第3节-第4节 仙Ⅰ-504",4.0,外国语学院,否,理论类课程,"周一,周四",2017-2018-1,,2017110010010A77229,2017外国语学院英语,0,仙林校区,2017-2018学年 第1学期,77229,"仙Ⅰ-504,仙Ⅰ-504",0.0,否,,1,64,,0,0,英美散文选读,11,"第3节-第4节,第3节-第4节",仙I区,10010010A
64.0,400070,英美散文选读(20171-10010010A-2)（英语）,2017110010010A77258,,3,,24,"4-18周,4-18周",0,王凌,"4-18周 周一 第3节-第4节 仙Ⅰ-503,4-18周 周四 第3节-第4节 仙Ⅰ-503",4.0,外国语学院,否,理论类课程,"周一,周四",2017-2018-1,,2017110010010A77258,2017外国语学院英语,0,仙林校区,2017-2018学年 第1学期,77258,"仙Ⅰ-503,仙Ⅰ-503",0.0,否,,1,64,,0,0,英美散文选读,11,"第3节-第4节,第3节-第4节",仙I区,10010010A
64.0,400070,英美散文选读(20171-10010010A-3)（英语）,2017110010010A77260,,3,,25,"4-18周,4-18周",0,解友广,"4-18周 周一 第3节-第4节 仙Ⅰ-502,4-18周 周四 第3节-第4节 仙Ⅰ-502",4.0,外国语学院,否,理论类课程,"周一,周四",2017-2018-1,,2017110010010A77260,2017外国语学院英语,0,仙林校区,2017-2018学年 第1学期,77260,"仙Ⅰ-502,仙Ⅰ-502",0.0,否,,1,64,,0,0,英美散文选读,11,"第3节-第4节,第3节-第4节",仙I区,10010010A
64.0,400070,英美散文评析(20171-10010020A-1)（英语）,2017110010020A76737,,3,,23,"1-18周,1-18周",0,朱叶秋,"1-18周 周一 第3节-第4节 仙Ⅰ-505,1-18周 周三 第3节-第4节 仙Ⅰ-505",4.0,外国语学院,否,理论类课程,"周一,周三",2017-2018-1,,2017110010020A76737,2016外国语学院英语,0,仙林校区,2017-2018学年 第1学期,76737,"仙Ⅰ-505,仙Ⅰ-505",0.0,否,,1,64,,0,0,英美散文评析,11,"第3节-第4节,第3节-第4节",仙I区,10010020A
64.0,400070,英美散文评析(20171-10010020A-2)（英语）,2017110010020A76741,,3,,23,"1-18周,1-18周",0,范浩,"1-18周 周一 第3节-第4节 仙Ⅰ-506,1-18周 周三 第3节-第4节 仙Ⅰ-506",4.0,外国语学院,否,理论类课程,"周一,周三",2017-2018-1,,2017110010020A76741,2016外国语学院英语,0,仙林校区,2017-2018学年 第1学期,76741,"仙Ⅰ-506,仙Ⅰ-506",0.0,否,,1,64,,0,0,英美散文评析,11,"第3节-第4节,第3节-第4节",仙I区,10010020A
64.0,400070,英美散文评析(20171-10010020A-3)（英语）,2017110010020A76743,,3,,23,"1-18周,1-18周",0,陈星,"1-18周 周一 第3节-第4节 仙Ⅰ-507,1-18周 周三 第3节-第4节 仙Ⅰ-507",4.0,外国语学院,否,理论类课程,"周一,周三",2017-2018-1,,2017110010020A76743,2016外国语学院英语,0,仙林校区,2017-2018学年 第1学期,76743,"仙Ⅰ-507,仙Ⅰ-507",0.0,否,,1,64,,0,0,英美散文评析,11,"第3节-第4节,第3节-第4节",仙I区,10010020A
32.0,400070,基础英语写作(20171-10010040A-1),2017110010040A77263,,3,,25,4-18周,0,姚媛,4-18周 周二 第5节-第6节 仙Ⅰ-504,2.0,外国语学院,否,理论类课程,周二,2017-2018-1,,2017110010040A77263,2017外国语学院英语,0,仙林校区,2017-2018学年 第1学期,77263,仙Ⅰ-504,0.0,否,,1,32,,0,0,基础英语写作,11,第5节-第6节,仙I区,10010040A
32.0,400070,基础英语写作(20171-10010040A-2),2017110010040A77265,,3,,24,4-18周,0,Charlotte,4-18周 周二 第5节-第6节 仙Ⅰ-503,2.0,外国语学院,否,理论类课程,周二,2017-2018-1,,2017110010040A77265,2017外国语学院英语,0,仙林校区,2017-2018学年 第1学期,77265,仙Ⅰ-503,0.0,否,,1,32,,0,0,基础英语写作,11,第5节-第6节,仙I区,10010040A
32.0,400070,基础英语写作(20171-10010040A-3),2017110010040A77266,,3,,25,4-18周,0,Tony Sansotta,4-18周 周一 第7节-第8节 仙Ⅰ-504,2.0,外国语学院,否,理论类课程,周一,2017-2018-1,,2017110010040A77266,2017外国语学院英语,0,仙林校区,2017-2018学年 第1学期,77266,仙Ⅰ-504,0.0,否,,1,32,,0,0,基础英语写作,11,第7节-第8节,仙I区,10010040A
32.0,400070,英语修辞与写作(20171-10010050A-1),2017110010050A76744,,3,,25,1-18周,0,Bill Aitchison,1-18周 周二 第3节-第4节 仙Ⅰ-504,2.0,外国语学院,否,理论类课程,周二,2017-2018-1,,2017110010050A76744,2016外国语学院英语,0,仙林校区,2017-2018学年 第1学期,76744,仙Ⅰ-504,0.0,否,,1,32,,0,0,英语修辞与写作,11,第3节-第4节,仙I区,10010050A
32.0,400070,英语修辞与写作(20171-10010050A-2),2017110010050A76745,,3,,27,1-18周,0,王艳,1-18周 周二 第3节-第4节 仙Ⅰ-503,2.0,外国语学院,否,理论类课程,周二,2017-2018-1,,2017110010050A76745,2016外国语学院英语,0,仙林校区,2017-2018学年 第1学期,76745,仙Ⅰ-503,0.0,否,,1,32,,0,0,英语修辞与写作,11,第3节-第4节,仙I区,10010050A
32.0,400070,英语修辞与写作(20171-10010050A-3),2017110010050A76746,,3,,24,1-18周,0,Charlotte,1-18周 周二 第3节-第4节 仙Ⅰ-502,2.0,外国语学院,否,理论类课程,周二,2017-2018-1,,2017110010050A76746,2016外国语学院英语,0,仙林校区,2017-2018学年 第1学期,76746,仙Ⅰ-502,0.0,否,,1,32,,0,0,英语修辞与写作,11,第3节-第4节,仙I区,10010050A
32.0,400070,英语学术写作(20171-10010060A-1),2017110010060A76756,,3,,19,1-18周,0,解友广,1-18周 周四 第1节-第2节 仙Ⅰ-503,2.0,外国语学院,否,理论类课程,周四,2017-2018-1,,2017110010060A76756,2015外国语学院英语,0,仙林校区,2017-2018学年 第1学期,76756,仙Ⅰ-503,0.0,否,,1,32,,0,0,英语学术写作,11,第1节-第2节,仙I区,10010060A
32.0,400070,英语学术写作(20171-10010060A-2),2017110010060A76757,,3,,15,1-18周,0,朱雪峰,1-18周 周三 第3节-第4节 仙Ⅰ-502,2.0,外国语学院,否,理论类课程,周三,2017-2018-1,,2017110010060A76757,2015外国语学院英语,0,仙林校区,2017-2018学年 第1学期,76757,仙Ⅰ-502,0.0,否,,1,32,,0,0,英语学术写作,11,第3节-第4节,仙I区,10010060A
32.0,400070,英语学术写作(20171-10010060A-3),2017110010060A76758,,3,,22,1-18周,0,Shawn Michael Burtoft,1-18周 周四 第1节-第2节 仙Ⅰ-505,2.0,外国语学院,否,理论类课程,周四,2017-2018-1,,2017110010060A76758,2015外国语学院英语,0,仙林校区,2017-2018学年 第1学期,76758,仙Ⅰ-505,0.0,否,,1,32,,0,0,英语学术写作,11,第1节-第2节,仙I区,10010060A
32.0,400070,汉英翻译(20171-10010080-1),201711001008076759,,3,,20,1-18周,0,高虹,1-18周 周五 第1节-第2节 仙Ⅰ-506,2.0,外国语学院,否,理论类课程,周五,2017-2018-1,,201711001008076759,2015外国语学院英语,0,仙林校区,2017-2018学年 第1学期,76759,仙Ⅰ-506,0.0,否,,1,32,,0,0,汉英翻译,11,第1节-第2节,仙I区,10010080
32.0,400070,汉英翻译(20171-10010080-2),201711001008076761,,3,,27,1-18周,0,郭启新,1-18周 周五 第3节-第4节 仙Ⅰ-506,2.0,外国语学院,否,理论类课程,周五,2017-2018-1,,201711001008076761,2015外国语学院英语,0,仙林校区,2017-2018学年 第1学期,76761,仙Ⅰ-506,0.0,否,,1,32,,0,0,汉英翻译,11,第3节-第4节,仙I区,10010080
32.0,400070,汉英翻译(20171-10010080-3),201711001008076763,,3,,24,1-18周,0,高虹,1-18周 周四 第3节-第4节 仙Ⅰ-506,2.0,外国语学院,否,理论类课程,周四,2017-2018-1,,201711001008076763,2015外国语学院英语,0,仙林校区,2017-2018学年 第1学期,76763,仙Ⅰ-506,0.0,否,,1,32,,0,0,汉英翻译,11,第3节-第4节,仙I区,10010080
32.0,400070,中国思想经典(20171-10010090-1)（英语）,201711001009076764,,3,,54,1-18周,0,"范浩,陈兵,朱雪峰",1-18周 周三 第1节-第2节 仙Ⅰ-213,2.0,外国语学院,否,理论类课程,周三,2017-2018-1,,201711001009076764,2015外国语学院英语,0,仙林校区,2017-2018学年 第1学期,76764,仙Ⅰ-213,0.0,否,,1,32,,0,0,中国思想经典,11,第1节-第2节,仙I区,10010090
32.0,400070,美国文学(20171-10010120-1),201711001012076765,,3,,26,1-18周,0,江宁康,1-18周 周二 第5节-第6节 仙Ⅰ-505,2.0,外国语学院,否,理论类课程,周二,2017-2018-1,,201711001012076765,2015外国语学院英语,0,仙林校区,2017-2018学年 第1学期,76765,仙Ⅰ-505,0.0,否,,1,32,,0,0,美国文学,11,第5节-第6节,仙I区,10010120
32.0,400070,美国文学(20171-10010120-2),201711001012076767,,3,,34,1-18周,0,"赵文书,但汉松",1-18周 周一 第3节-第4节 仙Ⅰ-508,2.0,外国语学院,否,理论类课程,周一,2017-2018-1,,201711001012076767,2015外国语学院英语,0,仙林校区,2017-2018学年 第1学期,76767,仙Ⅰ-508,0.0,否,,1,32,,0,0,美国文学,11,第3节-第4节,仙I区,10010120
32.0,400070,英国社会与文化(20171-10010160-1),201711001016076747,,3,,73,1-18周,0,杨金才,1-18周 周三 第1节-第2节 仙Ⅰ-321,2.0,外国语学院,否,理论类课程,周三,2017-2018-1,,201711001016076747,2016外国语学院英语,0,仙林校区,2017-2018学年 第1学期,76747,仙Ⅰ-321,0.0,否,,1,32,,0,0,英国社会与文化,11,第1节-第2节,仙I区,10010160
48.0,400070,二外日语(二)(20171-10010190B-1)（英语）,2017110010190B76770,,3,,32,"1-18周,1-18周",0,"日语研究生,彭曦","1-18周 周三 第5节-第6节 仙Ⅰ-502,1-18周 周一 第7节-第8节 仙Ⅰ-502",3.0,外国语学院,否,理论类课程,"周一,周三",2017-2018-1,,2017110010190B76770,2015外国语学院英语,0,仙林校区,2017-2018学年 第1学期,76770,"仙Ⅰ-502,仙Ⅰ-502",0.0,否,,1,64,,0,0,二外日语(二),11,"第7节-第8节,第5节-第6节",仙I区,10010190B
48.0,400070,二外法语(二)(20171-10010200B-1)（英语）,2017110010200B76772,,3,,24,"1-18周,1-18周",0,"王晶,周越","1-18周 周三 第5节-第6节 仙Ⅰ-503,1-18周 周一 第7节-第8节 仙Ⅰ-503",3.0,外国语学院,否,理论类课程,"周一,周三",2017-2018-1,,2017110010200B76772,2015外国语学院英语,0,仙林校区,2017-2018学年 第1学期,76772,"仙Ⅰ-503,仙Ⅰ-503",0.0,否,,1,64,,0,0,二外法语(二),11,"第7节-第8节,第5节-第6节",仙I区,10010200B
48.0,400070,二外德语(二)(20171-10010210B-1)（英语）,2017110010210B76774,,3,,9,"1-18周,1-18周",0,德语研究生,"1-18周 周三 第5节-第6节 仙Ⅰ-505,1-18周 周一 第7节-第8节 仙Ⅰ-505",3.0,外国语学院,否,理论类课程,"周一,周三",2017-2018-1,,2017110010210B76774,2015外国语学院英语,0,仙林校区,2017-2018学年 第1学期,76774,"仙Ⅰ-505,仙Ⅰ-505",0.0,否,,1,64,,0,0,二外德语(二),11,"第7节-第8节,第5节-第6节",仙I区,10010210B
160.0,400070,基础俄语（一）(20171-10020010A-1),2017110020010A77282,,3,,20,"4-18周,4-18周,4-18周,4-18周,4-18周",0,"赵杨,段丽君,汪磊","4-18周 周三 第1节-第2节 仙Ⅰ-511,4-18周 周五 第3节-第4节 仙Ⅰ-511,4-18周 周四 第1节-第4节 仙Ⅰ-511,4-18周 周二 第1节-第4节 仙Ⅰ-511,4-18周 周五 第1节-第2节 仙Ⅰ-511",10.0,外国语学院,否,理论类课程,"周二,周三,周四,周五,周五",2017-2018-1,,2017110020010A77282,2017外国语学院俄语,0,仙林校区,2017-2018学年 第1学期,77282,"仙Ⅰ-511,仙Ⅰ-511,仙Ⅰ-511,仙Ⅰ-511,仙Ⅰ-511",0.0,否,,1,224,,0,0,基础俄语（一）,11,"第1节-第4节,第1节-第2节,第1节-第4节,第3节-第4节,第1节-第2节",仙I区,10020010A
96.0,400070,基础俄语(三)(20171-10020010C-1),2017110020010C77294,,3,,23,"1-18周,1-18周",0,"徐来娣,孙飞燕","1-18周 周二 第1节-第4节 仙Ⅰ-510,1-18周 周四 第1节-第4节 仙Ⅰ-510",6.0,外国语学院,否,理论+实践课程,"周二,周四",2017-2018-1,,2017110020010C77294,2016外国语学院俄语,0,仙林校区,2017-2018学年 第1学期,77294,"仙Ⅰ-510,仙Ⅰ-510",0.0,否,,5,64,,64,0,基础俄语(三),11,"第1节-第4节,第1节-第4节",仙I区,10020010C
16.0,400070,基础语法(二)(20171-10020020B-1)（俄语）,2017110020020B77295,,3,,22,1-18周,0,赵杨,1-18周 周一 第3节-第4节 仙Ⅰ-510,1.0,外国语学院,否,理论+实践课程,周一,2017-2018-1,,2017110020020B77295,2016外国语学院俄语,0,仙林校区,2017-2018学年 第1学期,77295,仙Ⅰ-510,0.0,否,,5,16,,16,0,基础语法(二),11,第3节-第4节,仙I区,10020020B
16.0,400070,基础阅读(二)(20171-10020030B-1)（俄语）,2017110020030B77296,,3,,23,1-18周,0,陈静(俄语),1-18周 周三 第3节-第4节 仙Ⅰ-510,1.0,外国语学院,否,理论类课程,周三,2017-2018-1,,2017110020030B77296,2016外国语学院俄语,0,仙林校区,2017-2018学年 第1学期,77296,仙Ⅰ-510,0.0,否,,1,32,,0,0,基础阅读(二),11,第3节-第4节,仙I区,10020030B
80.0,400070,中级俄语(一)(20171-10020040A-1),2017110020040A76791,,3,,6,"1-18周,1-17周(单)",0,范洁清,"1-18周 周二 第1节-第4节 仙Ⅰ-509,1-17周(单) 周四 第1节-第4节 仙Ⅰ-509",5.0,外国语学院,否,理论类课程,"周二,周四",2017-2018-1,,2017110020040A76791,2015外国语学院俄语,0,仙林校区,2017-2018学年 第1学期,76791,"仙Ⅰ-509,仙Ⅰ-509",0.0,否,,1,96,,0,0,中级俄语(一),11,"第1节-第4节,第1节-第4节",仙I区,10020040A
16.0,400070,中级阅读(一)(20171-10020050A-1)（俄语）,2017110020050A76792,,3,,5,1-18周,0,杨正,1-18周 周一 第1节-第2节 仙Ⅰ-509,1.0,外国语学院,否,理论类课程,周一,2017-2018-1,,2017110020050A76792,2015外国语学院俄语,0,仙林校区,2017-2018学年 第1学期,76792,仙Ⅰ-509,0.0,否,,1,32,,0,0,中级阅读(一),11,第1节-第2节,仙I区,10020050A
48.0,400070,高级俄语(一)(20171-10020060A-1),2017110020060A76797,,3,,20,"1-18周,1-18周",0,"伊琳娜·普里奥罗娃,张俊翔","1-18周 周二 第1节-第2节 仙Ⅰ-512,1-18周 周五 第3节-第4节 仙Ⅰ-512",3.0,外国语学院,否,理论类课程,"周二,周五",2017-2018-1,,2017110020060A76797,2014外国语学院俄语,0,仙林校区,2017-2018学年 第1学期,76797,"仙Ⅰ-512,仙Ⅰ-512",0.0,否,,1,64,,0,0,高级俄语(一),11,"第1节-第2节,第3节-第4节",仙I区,10020060A
32.0,400070,汉译俄(20171-10020080-1),201711002008076798,,3,,20,1-18周,0,张俊翔,1-18周 周二 第3节-第4节 仙Ⅰ-512,2.0,外国语学院,否,理论+实践课程,周二,2017-2018-1,,201711002008076798,2014外国语学院俄语,0,仙林校区,2017-2018学年 第1学期,76798,仙Ⅰ-512,0.0,否,,5,16,,16,0,汉译俄,11,第3节-第4节,仙I区,10020080
16.0,400070,俄罗斯概况（一）(20171-10020090A-1),2017110020090A77284,,3,,18,4-18周,0,杨正,4-18周 周一 第3节-第4节 仙Ⅰ-511,1.0,外国语学院,否,理论类课程,周一,2017-2018-1,,2017110020090A77284,2017外国语学院俄语,0,仙林校区,2017-2018学年 第1学期,77284,仙Ⅰ-511,0.0,否,,1,32,,0,0,俄罗斯概况（一）,11,第3节-第4节,仙I区,10020090A
16.0,400070,俄罗斯文学史(二)(20171-10020100B-1),2017110020100B76799,,3,,20,1-18周,0,赵丹,1-18周 周一 第3节-第4节 仙Ⅰ-512,1.0,外国语学院,否,理论类课程,周一,2017-2018-1,,2017110020100B76799,2014外国语学院俄语,0,仙林校区,2017-2018学年 第1学期,76799,仙Ⅰ-512,0.0,否,,1,32,,0,0,俄罗斯文学史(二),11,第3节-第4节,仙I区,10020100B
96.0,400070,日语精读(三)(20171-10030010C-1),2017110030010C77299,,3,,23,"1-18周,1-18周",0,"彭曦,汪平","1-18周 周一 第1节-第4节 仙Ⅰ-513,1-18周 周四 第1节-第4节 仙Ⅰ-513",6.0,外国语学院,否,理论类课程,"周一,周四",2017-2018-1,,2017110030010C77299,2016外国语学院日语,0,仙林校区,2017-2018学年 第1学期,77299,"仙Ⅰ-513,仙Ⅰ-513",0.0,否,,1,96,,0,0,日语精读(三),11,"第1节-第4节,第1节-第4节",仙I区,10030010C
96.0,400070,日语精读(五)(20171-10030010E-1),2017110030010E76812,,3,,12,"1-18周,1-18周",0,"庄倩,日语外教B","1-18周 周二 第1节-第4节 仙Ⅰ-514,1-18周 周五 第1节-第4节 仙Ⅰ-514",6.0,外国语学院,否,理论类课程,"周二,周五",2017-2018-1,,2017110030010E76812,2015外国语学院日语,0,仙林校区,2017-2018学年 第1学期,76812,"仙Ⅰ-514,仙Ⅰ-514",0.0,否,,1,96,,0,0,日语精读(五),11,"第1节-第4节,第1节-第4节",仙I区,10030010E
64.0,400070,日语精读(七)(20171-10030010G-1),2017110030010G76819,,3,,15,1-18周,0,"叶琳,雷国山",1-18周 周二 第1节-第4节 仙Ⅰ-515,4.0,外国语学院,否,理论类课程,周二,2017-2018-1,,2017110030010G76819,2014外国语学院日语,0,仙林校区,2017-2018学年 第1学期,76819,仙Ⅰ-515,0.0,否,,1,64,,0,0,日语精读(七),11,第1节-第4节,仙I区,10030010G
16.0,400070,日语写作(一)(20171-10030020A-1),2017110030020A77300,,3,,21,1-18周,0,森福卓美,1-18周 周三 第1节-第2节 仙Ⅰ-513,1.0,外国语学院,否,理论类课程,周三,2017-2018-1,,2017110030020A77300,2016外国语学院日语,0,仙林校区,2017-2018学年 第1学期,77300,仙Ⅰ-513,0.0,否,,1,16,,0,0,日语写作(一),11,第1节-第2节,仙I区,10030020A
16.0,400070,日语写作(三)(20171-10030020C-1),2017110030020C76814,,3,,9,1-18周,0,森福卓美,1-18周 周三 第3节-第4节 仙Ⅰ-514,1.0,外国语学院,否,理论类课程,周三,2017-2018-1,,2017110030020C76814,2015外国语学院日语,0,仙林校区,2017-2018学年 第1学期,76814,仙Ⅰ-514,0.0,否,,1,16,,0,0,日语写作(三),11,第3节-第4节,仙I区,10030020C
16.0,400070,日本文学史(一)(20171-10030040A-1),2017110030040A76816,,3,,12,1-18周,0,森福卓美,1-18周 周四 第3节-第4节 仙Ⅰ-514,1.0,外国语学院,否,理论类课程,周四,2017-2018-1,,2017110030040A76816,2015外国语学院日语,0,仙林校区,2017-2018学年 第1学期,76816,仙Ⅰ-514,0.0,否,,1,16,,0,0,日本文学史(一),11,第3节-第4节,仙I区,10030040A
160.0,400070,基础日语读解（一）（一）(20171-10030060A-1),2017110030060A77683,,3,,20,"4-18周,4-18周,4-18周,4-18周",0,"李斌,雷国山","4-18周 周二 第1节-第2节 仙Ⅰ-209,4-18周 周一 第3节-第4节 仙Ⅰ-210,4-18周 周五 第1节-第4节 仙Ⅰ-210,4-18周 周四 第1节-第2节 仙Ⅰ-210",10.0,外国语学院,否,理论+实践课程,"周一,周二,周四,周五",2017-2018-1,,2017110030060A77683,2017外国语学院日语,0,仙林校区,2017-2018学年 第1学期,77683,"仙Ⅰ-210,仙Ⅰ-209,仙Ⅰ-210,仙Ⅰ-210",0.0,否,,5,144,,16,0,基础日语读解（一）（一）,11,"第3节-第4节,第1节-第2节,第1节-第2节,第1节-第4节",仙I区,10030060A
64.0,400070,基础日语听说（一）（一）(20171-10030070A-1),2017110030070A77684,,3,,19,"4-18周,4-18周",0,李斌,"4-18周 周二 第3节-第4节 仙Ⅰ-209,4-18周 周四 第3节-第4节 仙Ⅰ-210",4.0,外国语学院,否,理论+实践课程,"周二,周四",2017-2018-1,,2017110030070A77684,2017外国语学院日语,0,仙林校区,2017-2018学年 第1学期,77684,"仙Ⅰ-209,仙Ⅰ-210",0.0,否,,5,48,,16,0,基础日语听说（一）（一）,11,"第3节-第4节,第3节-第4节",仙I区,10030070A
144.0,400070,初级法语（一）(20171-10040010A-1),2017110040010A77303,,3,,27,"4-18周,4-18周,4-18周",0,"王晶,周越","4-18周 周二 第1节-第4节 仙Ⅰ-507,4-18周 周五 第1节-第4节 仙Ⅰ-507,4-18周 周四 第1节-第4节 仙Ⅰ-508",9.0,外国语学院,否,理论+实践课程,"周二,周四,周五",2017-2018-1,,2017110040010A77303,2017外国语学院法语,0,仙林校区,2017-2018学年 第1学期,77303,"仙Ⅰ-507,仙Ⅰ-508,仙Ⅰ-507",0.0,否,,5,128,,64,0,初级法语（一）,11,"第1节-第4节,第1节-第4节,第1节-第4节",仙I区,10040010A
16.0,400070,初级视听（一）(20171-10040020A-1)（法语）,2017110040020A77304,,3,,26,4-18周,0,Aleksi Lectez,4-18周 周三 第1节-第2节 仙Ⅰ-507,1.0,外国语学院,否,理论类课程,周三,2017-2018-1,,2017110040020A77304,2017外国语学院法语,0,仙林校区,2017-2018学年 第1学期,77304,仙Ⅰ-507,0.0,否,,1,32,,0,0,初级视听（一）,11,第1节-第2节,仙I区,10040020A
128.0,400070,中级法语(一)(20171-10040030A-1),2017110040030A77312,,3,,30,"1-18周,1-18周,1-18周",0,"黄荭,高方,Aleksi Lectez","1-18周 周二 第1节-第4节 仙Ⅰ-410,1-18周 周三 第5节-第6节 仙Ⅰ-410,1-18周 周四 第1节-第4节 仙Ⅰ-410",8.0,外国语学院,否,理论+实践课程,"周二,周三,周四",2017-2018-1,,2017110040030A77312,2016外国语学院法语,0,仙林校区,2017-2018学年 第1学期,77312,"仙Ⅰ-410,仙Ⅰ-410,仙Ⅰ-410",0.0,否,,5,128,,32,0,中级法语(一),11,"第1节-第4节,第5节-第6节,第1节-第4节",仙I区,10040030A
16.0,400070,中级视听(一)(20171-10040040A-1)（法语）,2017110040040A77316,,3,,26,1-18周,0,Aleksi Lectez,1-18周 周五 第1节-第2节 仙Ⅰ-410,1.0,外国语学院,否,理论类课程,周五,2017-2018-1,,2017110040040A77316,2016外国语学院法语,0,仙林校区,2017-2018学年 第1学期,77316,仙Ⅰ-410,0.0,否,,1,16,,0,0,中级视听(一),11,第1节-第2节,仙I区,10040040A
16.0,400070,基础阅读(一)(20171-10040050A-1)（法语）,2017110040050A77320,,3,,26,1-18周,0,谭成春,1-18周 周五 第3节-第4节 仙Ⅰ-410,1.0,外国语学院,否,理论+实践课程,周五,2017-2018-1,,2017110040050A77320,2016外国语学院法语,0,仙林校区,2017-2018学年 第1学期,77320,仙Ⅰ-410,0.0,否,,5,16,,16,0,基础阅读(一),11,第3节-第4节,仙I区,10040050A
96.0,400070,高级法语(一)(20171-10040060A-1),2017110040060A76832,,3,,12,"1-18周,1-18周",0,"张璐,刘云虹","1-18周 周二 第1节-第4节 仙Ⅰ-409,1-18周 周一 第3节-第4节 仙Ⅰ-409",6.0,外国语学院,否,理论+实践课程,"周一,周二",2017-2018-1,,2017110040060A76832,2015外国语学院法语,0,仙林校区,2017-2018学年 第1学期,76832,"仙Ⅰ-409,仙Ⅰ-409",0.0,否,,5,80,,16,0,高级法语(一),11,"第3节-第4节,第1节-第4节",仙I区,10040060A
16.0,400070,基础写作(一)(20171-10040070A-1)（法语）,2017110040070A76833,,3,,17,1-18周,0,Nicolas Monbertrand,1-18周 周五 第1节-第2节 仙Ⅰ-409,1.0,外国语学院,否,理论+实践课程,周五,2017-2018-1,,2017110040070A76833,2015外国语学院法语,0,仙林校区,2017-2018学年 第1学期,76833,仙Ⅰ-409,0.0,否,,5,16,,16,0,基础写作(一),11,第1节-第2节,仙I区,10040070A
16.0,400070,翻译理论与实践[汉译法](一)(20171-10040080A-1),2017110040080A76840,,3,,23,1-18周,0,曹丹红,1-18周 周四 第3节-第4节 仙Ⅰ-408,1.0,外国语学院,否,理论类课程,周四,2017-2018-1,,2017110040080A76840,2014外国语学院法语,0,仙林校区,2017-2018学年 第1学期,76840,仙Ⅰ-408,0.0,否,,1,16,,0,0,翻译理论与实践[汉译法](一),11,第3节-第4节,仙I区,10040080A
32.0,400070,法国历史与文化(20171-10040090-1),201711004009076834,,3,,13,1-18周,0,张璐,1-18周 周一 第1节-第2节 仙Ⅰ-409,2.0,外国语学院,否,理论类课程,周一,2017-2018-1,,201711004009076834,2015外国语学院法语,0,仙林校区,2017-2018学年 第1学期,76834,仙Ⅰ-409,0.0,否,,1,32,,0,0,法国历史与文化,11,第1节-第2节,仙I区,10040090
32.0,400070,法语语言文学通论(20171-10040100-1),201711004010076842,,3,,23,"1-18周,1-18周",0,"张璐,张新木","1-18周 周四 第1节-第2节 仙Ⅰ-408,1-18周 周二 第3节-第4节 仙Ⅰ-408",2.0,外国语学院,否,理论+实践课程,"周二,周四",2017-2018-1,,201711004010076842,2014外国语学院法语,0,仙林校区,2017-2018学年 第1学期,76842,"仙Ⅰ-408,仙Ⅰ-408",0.0,否,,5,48,,16,0,法语语言文学通论,11,"第3节-第4节,第1节-第2节",仙I区,10040100
128.0,400070,基础德语（一）(20171-10050010A-1),2017110050010A77336,,3,,23,"4-18周,4-18周,4-18周,4-18周",0,"李彬,卢盛舟","4-18周 周二 第1节-第2节 仙Ⅰ-322,4-18周 周五 第3节-第4节 仙Ⅰ-322,4-18周 周四 第1节-第4节 仙Ⅰ-322,4-18周 周三 第1节-第2节 仙Ⅰ-322",8.0,外国语学院,否,理论类课程,"周二,周三,周四,周五",2017-2018-1,,2017110050010A77336,2017外国语学院德语,0,仙林校区,2017-2018学年 第1学期,77336,"仙Ⅰ-322,仙Ⅰ-322,仙Ⅰ-322,仙Ⅰ-322",0.0,否,,1,160,,0,0,基础德语（一）,11,"第1节-第2节,第1节-第2节,第1节-第4节,第3节-第4节",仙I区,10050010A
96.0,400070,中级德语(一)(20171-10050020A-1),2017110050020A77338,,3,,23,"1-18周,1-18周",0,"Dudzik,王露杨","1-18周 周二 第1节-第4节 仙Ⅰ-323,1-18周 周三 第1节-第4节 仙Ⅰ-323",6.0,外国语学院,否,理论类课程,"周二,周三",2017-2018-1,,2017110050020A77338,2016外国语学院德语,0,仙林校区,2017-2018学年 第1学期,77338,"仙Ⅰ-323,仙Ⅰ-323",0.0,否,,1,128,,0,0,中级德语(一),11,"第1节-第4节,第1节-第4节",仙I区,10050020A
32.0,400070,德语写作(一)(20171-10050040A-1),2017110050040A77339,,3,,24,1-18周,0,常晅,1-18周 周五 第3节-第4节 仙Ⅰ-323,2.0,外国语学院,否,理论+实践课程,周五,2017-2018-1,,2017110050040A77339,2016外国语学院德语,0,仙林校区,2017-2018学年 第1学期,77339,仙Ⅰ-323,0.0,否,,5,16,,16,0,德语写作(一),11,第3节-第4节,仙I区,10050040A
16.0,400070,德语阅读(一)(20171-10050050A-1),2017110050050A77341,,3,,22,1-18周,0,陈民,1-18周 周四 第3节-第4节 仙Ⅰ-323,1.0,外国语学院,否,理论类课程,周四,2017-2018-1,,2017110050050A77341,2016外国语学院德语,0,仙林校区,2017-2018学年 第1学期,77341,仙Ⅰ-323,0.0,否,,1,32,,0,0,德语阅读(一),11,第3节-第4节,仙I区,10050050A
64.0,400070,高级德语(一)(20171-10050060A-1),2017110050060A76848,,3,,7,"1-18周,1-18周",0,"常玲玲,孔德明","1-18周 周二 第1节-第2节 仙Ⅰ-324,1-18周 周四 第3节-第4节 仙Ⅰ-324",4.0,外国语学院,否,理论类课程,"周二,周四",2017-2018-1,,2017110050060A76848,2015外国语学院德语,0,仙林校区,2017-2018学年 第1学期,76848,"仙Ⅰ-324,仙Ⅰ-324",0.0,否,,1,64,,0,0,高级德语(一),11,"第1节-第2节,第3节-第4节",仙I区,10050060A
32.0,400070,高级视听说(一)(20171-10050070A-1)（德语）,2017110050070A76852,,3,,11,1-18周,0,常晅,1-18周 周四 第1节-第2节 仙Ⅰ-324,2.0,外国语学院,否,理论+实践课程,周四,2017-2018-1,,2017110050070A76852,2015外国语学院德语,0,仙林校区,2017-2018学年 第1学期,76852,仙Ⅰ-324,0.0,否,,5,16,,16,0,高级视听说(一),11,第1节-第2节,仙I区,10050070A
32.0,400070,论文写作(一)(20171-10050080A-1)（德语）,2017110050080A76853,,3,,11,1-18周,0,Dudzik,1-18周 周一 第1节-第2节 仙Ⅰ-324,2.0,外国语学院,否,理论类课程,周一,2017-2018-1,,2017110050080A76853,2015外国语学院德语,0,仙林校区,2017-2018学年 第1学期,76853,仙Ⅰ-324,0.0,否,,1,32,,0,0,论文写作(一),11,第1节-第2节,仙I区,10050080A
32.0,400070,毕业论文写作(一)(20171-10050090A-1)（德语）,2017110050090A76858,,3,,27,1-18周,0,"Dudzik,孔德明",1-18周 周三 第1节-第2节 仙Ⅰ-318,2.0,外国语学院,否,理论+实践课程,周三,2017-2018-1,,2017110050090A76858,2014外国语学院德语,0,仙林校区,2017-2018学年 第1学期,76858,仙Ⅰ-318,0.0,否,,5,16,,16,0,毕业论文写作(一),11,第1节-第2节,仙I区,10050090A
32.0,400070,德国历史与文化(20171-10050100-1),201711005010076854,,3,,4,1-18周,0,Dudzik,1-18周 周一 第3节-第4节 仙Ⅰ-324,2.0,外国语学院,否,理论类课程,周一,2017-2018-1,,201711005010076854,2015外国语学院德语,0,仙林校区,2017-2018学年 第1学期,76854,仙Ⅰ-324,0.0,否,,1,32,,0,0,德国历史与文化,11,第3节-第4节,仙I区,10050100
160.0,400070,初级西班牙语(一)(20171-10060010A-1),2017110060010A77344,,3,,26,"4-18周,4-18周,4-18周",0,裴枫,"4-18周 周二 第1节-第4节 仙Ⅰ-316,4-18周 周一 第3节-第4节 仙Ⅰ-316,4-18周 周四 第1节-第4节 仙Ⅰ-316",10.0,外国语学院,否,理论类课程,"周一,周二,周四",2017-2018-1,,2017110060010A77344,2017外国语学院西班牙语,0,仙林校区,2017-2018学年 第1学期,77344,"仙Ⅰ-316,仙Ⅰ-316,仙Ⅰ-316",0.0,否,,1,160,,0,0,初级西班牙语(一),11,"第3节-第4节,第1节-第4节,第1节-第4节",仙I区,10060010A
32.0,400070,西班牙语初级视听说（一）(20171-10060020A-1),2017110060020A77346,,3,,22,4-18周,0,Tania Parrilla,4-18周 周二 第5节-第6节 仙Ⅰ-316,2.0,外国语学院,否,理论+实践课程,周二,2017-2018-1,,2017110060020A77346,2017外国语学院西班牙语,0,仙林校区,2017-2018学年 第1学期,77346,仙Ⅰ-316,0.0,否,,5,16,,16,0,西班牙语初级视听说（一）,11,第5节-第6节,仙I区,10060020A
128.0,400070,中级西班牙语(一)(20171-10060040A-1),2017110060040A77348,,3,,23,"1-18周,1-18周,1-18周",0,谭薇,"1-18周 周二 第1节-第2节 仙Ⅰ-318,1-18周 周五 第1节-第4节 仙Ⅰ-315,1-18周 周一 第1节-第4节 仙Ⅰ-318",8.0,外国语学院,否,理论类课程,"周一,周二,周五",2017-2018-1,,2017110060040A77348,2016外国语学院西班牙语,0,仙林校区,2017-2018学年 第1学期,77348,"仙Ⅰ-318,仙Ⅰ-318,仙Ⅰ-315",0.0,否,,1,160,,0,0,中级西班牙语(一),11,"第1节-第4节,第1节-第2节,第1节-第4节",仙I区,10060040A
32.0,400070,西班牙语中级视听说（一）(20171-10060050A-1),2017110060050A77351,,3,,23,1-18周,0,Juan Carlos Moreno-Arrones,1-18周 周三 第1节-第2节 仙Ⅰ-324,2.0,外国语学院,否,理论+实践课程,周三,2017-2018-1,,2017110060050A77351,2016外国语学院西班牙语,0,仙林校区,2017-2018学年 第1学期,77351,仙Ⅰ-324,0.0,否,,5,16,,16,0,西班牙语中级视听说（一）,11,第1节-第2节,仙I区,10060050A
32.0,400070,西班牙语中级阅读（一）(20171-10060060A-1),2017110060060A77352,,3,,23,1-18周,0,Tania Parrilla,1-18周 周四 第1节-第2节 仙Ⅰ-323,2.0,外国语学院,否,理论+实践课程,周四,2017-2018-1,,2017110060060A77352,2016外国语学院西班牙语,0,仙林校区,2017-2018学年 第1学期,77352,仙Ⅰ-323,0.0,否,,5,16,,16,0,西班牙语中级阅读,11,第1节-第2节,仙I区,10060060A
64.0,400070,高级西班牙语(20171-10060070-1),201711006007076864,,3,,4,1-18周,0,李易非,1-18周 周一 第1节-第4节 仙Ⅰ-315,4.0,外国语学院,否,理论类课程,周一,2017-2018-1,,201711006007076864,2015外国语学院西班牙语,0,仙林校区,2017-2018学年 第1学期,76864,仙Ⅰ-315,0.0,否,,1,64,,0,0,高级西班牙语,11,第1节-第4节,仙I区,10060070
32.0,400070,西班牙语高级视听说（一）(20171-10060080A-1),2017110060080A76865,,3,,18,1-18周,0,李静,1-18周 周四 第1节-第2节 仙Ⅰ-315,2.0,外国语学院,否,理论+实践课程,周四,2017-2018-1,,2017110060080A76865,2015外国语学院西班牙语,0,仙林校区,2017-2018学年 第1学期,76865,仙Ⅰ-315,0.0,否,,5,16,,16,0,西班牙语高级视听说（一）,11,第1节-第2节,仙I区,10060080A
32.0,400070,西班牙语高级视听说（三）(20171-10060080C-1),2017110060080C76870,,3,,17,1-18周,0,李静,1-18周 周三 第1节-第2节 仙Ⅰ-506,2.0,外国语学院,否,理论+实践课程,周三,2017-2018-1,,2017110060080C76870,2014外国语学院西班牙语,0,仙林校区,2017-2018学年 第1学期,76870,仙Ⅰ-506,0.0,否,,5,8,,24,0,西班牙语高级视听说（三）,11,第1节-第2节,仙I区,10060080C
32.0,400070,西班牙语应用文写作(20171-10060090-1),201711006009076868,,3,,3,1-18周,0,Tania Parrilla,1-18周 周五 第3节-第4节 仙Ⅰ-215,2.0,外国语学院,否,理论+实践课程,周五,2017-2018-1,,201711006009076868,2015外国语学院西班牙语,0,仙林校区,2017-2018学年 第1学期,76868,仙Ⅰ-215,0.0,否,,5,16,,16,0,西班牙语应用文写作,11,第3节-第4节,仙I区,10060090
16.0,400070,西班牙语报刊选读（一）(20171-10060110A-1),2017110060110A76866,,3,,18,1-18周,0,宋尽冬,1-18周 周二 第1节-第2节 仙Ⅰ-315,1.0,外国语学院,否,理论+实践课程,周二,2017-2018-1,,2017110060110A76866,2015外国语学院西班牙语,0,仙林校区,2017-2018学年 第1学期,76866,仙Ⅰ-315,0.0,否,,5,16,,16,0,西班牙语报刊选读（一）,11,第1节-第2节,仙I区,10060110A
16.0,400070,西班牙语报刊选读（三）(20171-10060110C-1),2017110060110C76871,,3,,18,1-18周,0,Tania Parrilla,1-18周 周五 第1节-第2节 仙Ⅰ-215,1.0,外国语学院,否,理论+实践课程,周五,2017-2018-1,,2017110060110C76871,2014外国语学院西班牙语,0,仙林校区,2017-2018学年 第1学期,76871,仙Ⅰ-215,0.0,否,,5,16,,16,0,西班牙语报刊选读（三）,11,第1节-第2节,仙I区,10060110C
32.0,400070,西班牙语国家通论(20171-10060120-1),201711006012077347,,3,,24,4-18周,0,李易非,4-18周 周五 第3节-第4节 仙Ⅰ-316,2.0,外国语学院,否,理论类课程,周五,2017-2018-1,,201711006012077347,2017外国语学院西班牙语,0,仙林校区,2017-2018学年 第1学期,77347,仙Ⅰ-316,0.0,否,,1,32,,0,0,西班牙语国家通论,11,第3节-第4节,仙I区,10060120
16.0,400070,西班牙历史与文化(20171-10060130-1),201711006013077350,,3,,23,1-18周,0,Tania Parrilla,1-18周 周四 第3节-第4节 仙Ⅰ-315,1.0,外国语学院,否,理论类课程,周四,2017-2018-1,,201711006013077350,2016外国语学院西班牙语,0,仙林校区,2017-2018学年 第1学期,77350,仙Ⅰ-315,0.0,否,,1,32,,0,0,西班牙历史与文化,11,第3节-第4节,仙I区,10060130
128.0,400070,基础朝鲜（韩国）语精读（一）(20171-10070130A-1),2017110070130A77354,,3,,20,"4-18周,4-18周",0,"李锦花,尹海燕","4-18周 周二 第1节-第4节 仙Ⅰ-214,4-18周 周四 第1节-第4节 仙Ⅰ-215",8.0,外国语学院,否,理论类课程,"周二,周四",2017-2018-1,,2017110070130A77354,2017外国语学院朝鲜语,0,仙林校区,2017-2018学年 第1学期,77354,"仙Ⅰ-214,仙Ⅰ-215",0.0,否,,1,128,,0,0,基础朝鲜（韩国）语精读（一）,11,"第1节-第4节,第1节-第4节",仙I区,10070130A
128.0,400070,中级朝鲜（韩国）语精读（一）(20171-10070150A-1),2017110070150A77357,,3,,15,"1-18周,1-18周,1-18周,1-18周",0,"尹恩子,郑墡谟,吴玉梅","1-18周 周四 第1节-第2节 仙Ⅰ-211,1-18周 周二 第5节-第6节 仙Ⅰ-211,1-18周 周四 第3节-第4节 仙Ⅰ-211,1-18周 周二 第3节-第4节 仙Ⅰ-211",8.0,外国语学院,否,理论类课程,"周二,周二,周四,周四",2017-2018-1,,2017110070150A77357,2016外国语学院朝鲜语,0,仙林校区,2017-2018学年 第1学期,77357,"仙Ⅰ-211,仙Ⅰ-211,仙Ⅰ-211,仙Ⅰ-211",0.0,否,,1,128,,0,0,中级朝鲜（韩国）语精读（一）,11,"第3节-第4节,第5节-第6节,第1节-第2节,第3节-第4节",仙I区,10070150A
32.0,400070,实用语音学(20171-10080010-1)（英语）,201711008001077268,,3,,35,4-18周,0,高虹,4-18周 周二 第1节-第2节 ,2.0,外国语学院,否,理论类课程,周二,2017-2018-1,,201711008001077268,2017外国语学院英语,0,仙林校区,2017-2018学年 第1学期,77268,仙1-526,0.0,否,,1,32,,0,0,实用语音学,,第1节-第2节,,10080010
32.0,400070,英美戏剧欣赏与实践(20171-10080020-1)（英语）,201711008002077269,,3,,38,4-18周,0,"范浩,Bill Aitchison",4-18周 周三 第1节-第2节 仙Ⅰ-503,2.0,外国语学院,否,理论+实践课程,周三,2017-2018-1,,201711008002077269,2017外国语学院英语,0,仙林校区,2017-2018学年 第1学期,77269,仙Ⅰ-503,0.0,否,,5,16,,16,0,英美戏剧欣赏与实践,11,第1节-第2节,仙I区,10080020
32.0,400070,演讲与辩论(20171-10080030-1)（英语）,201711008003077271,,3,,36,4-18周,0,陈星,4-18周 周三 第1节-第2节 仙Ⅰ-502,2.0,外国语学院,否,理论+实践课程,周三,2017-2018-1,,201711008003077271,2017外国语学院英语,0,仙林校区,2017-2018学年 第1学期,77271,仙Ⅰ-502,0.0,否,,5,16,,16,0,演讲与辩论,11,第1节-第2节,仙I区,10080030
32.0,400070,英语文化选读(一)(20171-10080050A-1),2017110080050A77272,,3,,21,4-18周,0,姚媛,4-18周 周三 第5节-第6节 仙Ⅰ-504,2.0,外国语学院,否,理论类课程,周三,2017-2018-1,,2017110080050A77272,2017外国语学院英语,0,仙林校区,2017-2018学年 第1学期,77272,仙Ⅰ-504,0.0,否,,1,32,,0,0,英语文化选读(一),11,第5节-第6节,仙I区,10080050A
16.0,400070,英语文化选读(三)(20171-10080050C-1),2017110080050C76748,,3,,19,1-18周,0,王艳,1-18周 周二 第1节-第2节 仙Ⅰ-503,1.0,外国语学院,否,理论类课程,周二,2017-2018-1,,2017110080050C76748,2016外国语学院英语,0,仙林校区,2017-2018学年 第1学期,76748,仙Ⅰ-503,0.0,否,,1,32,,0,0,英语文化选读(三),11,第1节-第2节,仙I区,10080050C
32.0,400070,英语听力(一)(20171-10080060A-1),2017110080060A77275,,3,,33,4-18周,0,高虹,4-18周 周二 第3节-第4节 ,2.0,外国语学院,否,理论+实践课程,周二,2017-2018-1,,2017110080060A77275,2017外国语学院英语,0,仙林校区,2017-2018学年 第1学期,77275,仙1-526,0.0,否,,5,16,,16,0,英语听力(一),,第3节-第4节,,10080060A
16.0,400070,英语文化听力(三)(20171-10080060C-1),2017110080060C76749,,3,,22,1-18周,0,俞希,1-18周 周五 第1节-第2节 ,1.0,外国语学院,否,理论类课程,周五,2017-2018-1,,2017110080060C76749,2016外国语学院英语,0,仙林校区,2017-2018学年 第1学期,76749,仙1-527,0.0,否,,1,16,,0,0,英语文化听力(三),,第1节-第2节,,10080060C
32.0,400070,英语口语交际(一)(20171-10080070A-1),2017110080070A77279,,3,,23,4-18周,0,Tony Sansotta,4-18周 周一 第5节-第6节 仙Ⅰ-504,2.0,外国语学院,否,理论+实践课程,周一,2017-2018-1,,2017110080070A77279,2017外国语学院英语,0,仙林校区,2017-2018学年 第1学期,77279,仙Ⅰ-504,0.0,否,,5,16,,16,0,英语口语交际(一),11,第5节-第6节,仙I区,10080070A
32.0,400070,英语口语交际(一)(20171-10080070A-2),2017110080070A77280,,3,,22,4-18周,0,何宁,4-18周 周一 第5节-第6节 仙Ⅰ-503,2.0,外国语学院,否,理论+实践课程,周一,2017-2018-1,,2017110080070A77280,2017外国语学院英语,0,仙林校区,2017-2018学年 第1学期,77280,仙Ⅰ-503,0.0,否,,5,16,,16,0,英语口语交际(一),11,第5节-第6节,仙I区,10080070A
32.0,400070,英语口语交际(一)(20171-10080070A-3),2017110080070A77281,,3,,21,4-18周,0,Charlotte,4-18周 周一 第5节-第6节 仙Ⅰ-502,2.0,外国语学院,否,理论+实践课程,周一,2017-2018-1,,2017110080070A77281,2017外国语学院英语,0,仙林校区,2017-2018学年 第1学期,77281,仙Ⅰ-502,0.0,否,,5,16,,16,0,英语口语交际(一),11,第5节-第6节,仙I区,10080070A
16.0,400070,英语口语交际(三)(20171-10080070C-1),2017110080070C76750,,3,,21,1-18周,0,Tony Sansotta,1-18周 周二 第5节-第6节 仙Ⅰ-502,1.0,外国语学院,否,理论类课程,周二,2017-2018-1,,2017110080070C76750,2016外国语学院英语,0,仙林校区,2017-2018学年 第1学期,76750,仙Ⅰ-502,0.0,否,,1,16,,0,0,英语口语交际(三),11,第5节-第6节,仙I区,10080070C
32.0,400070,英语学术论文写作(指选)(一)(20171-10080120A-1),2017110080120A76780,,3,,28,1-18周,0,但汉松,1-18周 周二 第3节-第4节 仙Ⅰ-508,2.0,外国语学院,否,理论+实践课程,周二,2017-2018-1,,2017110080120A76780,2014外国语学院英语,0,仙林校区,2017-2018学年 第1学期,76780,仙Ⅰ-508,0.0,否,,5,16,,16,0,英语学术论文写作(指选)(一),11,第3节-第4节,仙I区,10080120A
32.0,400070,英语学术论文写作(指选)(一)(20171-10080120A-2),2017110080120A76781,,3,,26,1-18周,0,"俞希,周丹丹",1-18周 周二 第5节-第6节 仙Ⅰ-506,2.0,外国语学院,否,理论+实践课程,周二,2017-2018-1,,2017110080120A76781,2014外国语学院英语,0,仙林校区,2017-2018学年 第1学期,76781,仙Ⅰ-506,0.0,否,,5,16,,16,0,英语学术论文写作(指选)(一),11,第5节-第6节,仙I区,10080120A
32.0,400070,口译理论与实践(20171-10080130-1)（英语）,201711008013076782,,3,,8,1-18周,0,任裕海,1-18周 周三 第3节-第4节 仙Ⅰ-508,2.0,外国语学院,否,理论+实践课程,周三,2017-2018-1,,201711008013076782,2014外国语学院英语,0,仙林校区,2017-2018学年 第1学期,76782,仙Ⅰ-508,0.0,否,,5,16,,16,0,口译理论与实践,11,第3节-第4节,仙I区,10080130
32.0,400070,英美小说研究(20171-10080160-1)（英语）,201711008016076751,,3,,30,1-18周,0,但汉松,1-18周 周一 第1节-第2节 仙Ⅰ-508,2.0,外国语学院,否,理论类课程,周一,2017-2018-1,,201711008016076751,2016外国语学院英语,0,仙林校区,2017-2018学年 第1学期,76751,仙Ⅰ-508,0.0,否,,1,32,,0,0,英美短篇小说细读,11,第1节-第2节,仙I区,10080160
32.0,400070,英美诗歌研究(20171-10080170-1)（英语）,201711008017076776,,3,,3,1-18周,0,赵文书,1-18周 周一 第1节-第2节 仙Ⅰ-507,2.0,外国语学院,否,理论类课程,周一,2017-2018-1,,201711008017076776,2015外国语学院英语,0,仙林校区,2017-2018学年 第1学期,76776,仙Ⅰ-507,0.0,否,,1,32,,0,0,英美诗歌研究,11,第1节-第2节,仙I区,10080170
32.0,400070,跨文化交际(20171-10080200-1)（英语）,201711008020076753,,3,,14,1-18周,0,任裕海,1-18周 周三 第5节-第6节 仙Ⅰ-508,2.0,外国语学院,否,理论类课程,周三,2017-2018-1,,201711008020076753,2016外国语学院英语,0,仙林校区,2017-2018学年 第1学期,76753,仙Ⅰ-508,0.0,否,,1,32,,0,0,跨文化交际,11,第5节-第6节,仙I区,10080200
32.0,400070,文学作品与电影改编(20171-10080230-1)（英语）,201711008023076755,,3,,28,1-18周,0,张瑛,1-18周 周四 第1节-第2节 仙Ⅰ-504,2.0,外国语学院,否,理论类课程,周四,2017-2018-1,,201711008023076755,2016外国语学院英语,0,仙林校区,2017-2018学年 第1学期,76755,仙Ⅰ-504,0.0,否,,1,32,,0,0,文学作品与电影改编,11,第1节-第2节,仙I区,10080230
32.0,400070,英语语言史(20171-10080240-1),201711008024076777,,3,,0,,0,,,2.0,外国语学院,否,理论类课程,,2017-2018-1,,201711008024076777,,0,仙林校区,2017-2018学年 第1学期,76777,,0.0,否,,1,32,,0,0,英语语言史,,,,10080240
32.0,400070,应用语言学(20171-10080270-1)（英语）,201711008027076783,,3,,9,1-18周,0,周丹丹,1-18周 周二 第3节-第4节 仙Ⅰ-506,2.0,外国语学院,否,理论类课程,周二,2017-2018-1,,201711008027076783,2014外国语学院英语,0,仙林校区,2017-2018学年 第1学期,76783,仙Ⅰ-506,0.0,否,,1,32,,0,0,应用语言学,11,第3节-第4节,仙I区,10080270
32.0,400070,国际贸易实务(20171-10080370-1)（英语）,201711008037076784,,3,,4,1-18周,0,常晨,1-18周 周一 第5节-第6节 仙Ⅰ-505,2.0,外国语学院,否,理论+实践课程,周一,2017-2018-1,,201711008037076784,2014外国语学院英语,0,仙林校区,2017-2018学年 第1学期,76784,仙Ⅰ-505,0.0,否,,5,24,,8,0,国际贸易实务,11,第5节-第6节,仙I区,10080370
32.0,400070,基础口语(一)（20171-10080450A-1)（俄语）,2017110080450A77285,,3,,20,4-18周,0,阿列克谢·扎采平,4-18周 周三 第7节-第8节 仙Ⅰ-511,2.0,外国语学院,否,实践类课程,周三,2017-2018-1,,2017110080450A77285,2017外国语学院俄语,0,仙林校区,2017-2018学年 第1学期,77285,仙Ⅰ-511,0.0,否,,3,0,,32,0,基础口语(一),11,第7节-第8节,仙I区,10080450A
32.0,400070,基础口语(三)(20171-10080450C-1)（俄语）,2017110080450C77297,,3,,22,1-18周,0,阿列克谢·扎采平,1-18周 周三 第5节-第6节 仙Ⅰ-510,2.0,外国语学院,否,实践类课程,周三,2017-2018-1,,2017110080450C77297,2016外国语学院俄语,0,仙林校区,2017-2018学年 第1学期,77297,仙Ⅰ-510,0.0,否,,3,0,,32,0,基础口语(三),11,第5节-第6节,仙I区,10080450C
32.0,400070,基础视听说(二)(20171-10080460B-1)（俄语）,2017110080460B77298,,3,,22,1-18周,0,孙飞燕,1-18周 周五 第3节-第4节 仙Ⅰ-510,2.0,外国语学院,否,理论类课程,周五,2017-2018-1,,2017110080460B77298,2016外国语学院俄语,0,仙林校区,2017-2018学年 第1学期,77298,仙Ⅰ-510,0.0,否,,1,32,,0,0,基础视听说(二),11,第3节-第4节,仙I区,10080460B
32.0,400070,中级口语(一)(20171-10080470A-1)（俄语）,2017110080470A76793,,3,,5,1-18周,0,阿列克谢·扎采平,1-18周 周一 第3节-第4节 仙Ⅰ-509,2.0,外国语学院,否,实践类课程,周一,2017-2018-1,,2017110080470A76793,2015外国语学院俄语,0,仙林校区,2017-2018学年 第1学期,76793,仙Ⅰ-509,0.0,否,,3,0,,32,0,中级口语(一),11,第3节-第4节,仙I区,10080470A
32.0,400070,中级视听说(一)(20171-10080480A-1)（俄语）,2017110080480A76794,,3,,3,1-18周,0,杨正,1-18周 周三 第3节-第4节 ,2.0,外国语学院,否,理论类课程,周三,2017-2018-1,,2017110080480A76794,2015外国语学院俄语,0,仙林校区,2017-2018学年 第1学期,76794,仙1-527,0.0,否,,1,32,,0,0,中级视听说(一),,第3节-第4节,,10080480A
16.0,400070,中级写作(20171-10080490-1)（俄语）,201711008049076795,,3,,4,1-18周,0,伊琳娜·普里奥罗娃,1-18周 周三 第5节-第6节 仙Ⅰ-509,1.0,外国语学院,否,理论类课程,周三,2017-2018-1,,201711008049076795,2015外国语学院俄语,0,仙林校区,2017-2018学年 第1学期,76795,仙Ⅰ-509,0.0,否,,1,32,,0,0,中级写作,11,第5节-第6节,仙I区,10080490
32.0,400070,高级视听说(20171-10080500-1)（俄语）,201711008050076800,,3,,7,1-18周,0,赵丹,1-18周 周四 第3节-第4节 仙Ⅰ-512,2.0,外国语学院,否,理论+实践课程,周四,2017-2018-1,,201711008050076800,2014外国语学院俄语,0,仙林校区,2017-2018学年 第1学期,76800,仙Ⅰ-512,0.0,否,,5,16,,16,0,高级视听说,11,第3节-第4节,仙I区,10080500
32.0,400070,高级口语(一)(20171-10080510A-1)（俄语）,2017110080510A76801,,3,,15,1-18周,0,阿列克谢·扎采平,1-18周 周一 第1节-第2节 仙Ⅰ-512,2.0,外国语学院,否,实践类课程,周一,2017-2018-1,,2017110080510A76801,2014外国语学院俄语,0,仙林校区,2017-2018学年 第1学期,76801,仙Ⅰ-512,0.0,否,,3,0,,32,0,高级口语(一),11,第1节-第2节,仙I区,10080510A
32.0,400070,高级阅读(一)(20171-10080520A-1)（俄语）,2017110080520A76802,,3,,5,1-18周,0,伊琳娜·普里奥罗娃,1-18周 周三 第3节-第4节 仙Ⅰ-512,2.0,外国语学院,否,理论类课程,周三,2017-2018-1,,2017110080520A76802,2014外国语学院俄语,0,仙林校区,2017-2018学年 第1学期,76802,仙Ⅰ-512,0.0,否,,1,16,,0,0,高级阅读(一),11,第3节-第4节,仙I区,10080520A
16.0,400070,经贸俄语(20171-10080530-1),201711008053076803,,3,,11,1-18周,0,孙飞燕,1-18周 周五 第1节-第2节 仙Ⅰ-512,1.0,外国语学院,否,理论类课程,周五,2017-2018-1,,201711008053076803,2014外国语学院俄语,0,仙林校区,2017-2018学年 第1学期,76803,仙Ⅰ-512,0.0,否,,1,32,,0,0,经贸俄语,11,第1节-第2节,仙I区,10080530
16.0,400070,俄语实践修辞(20171-10080540-1),201711008054076804,,3,,7,1-18周,0,王加兴,1-18周 周四 第1节-第2节 仙Ⅰ-512,1.0,外国语学院,否,理论+实践课程,周四,2017-2018-1,,201711008054076804,2014外国语学院俄语,0,仙林校区,2017-2018学年 第1学期,76804,仙Ⅰ-512,0.0,否,,5,16,,16,0,俄语实践修辞,11,第1节-第2节,仙I区,10080540
32.0,400070,日语听说(三)(20171-10080600C-1),2017110080600C77301,,3,,20,1-18周,0,王奕红,1-18周 周二 第1节-第4节 仙Ⅰ-513,2.0,外国语学院,否,理论类课程,周二,2017-2018-1,,2017110080600C77301,2016外国语学院日语,0,仙林校区,2017-2018学年 第1学期,77301,仙Ⅰ-513,0.0,否,,1,32,,0,0,日语听说(三),11,第1节-第4节,仙I区,10080600C
16.0,400070,日语会话(一)(20171-10080610A-1),2017110080610A77302,,3,,21,1-18周,0,日语外教B,1-18周 周三 第3节-第4节 仙Ⅰ-513,1.0,外国语学院,否,理论类课程,周三,2017-2018-1,,2017110080610A77302,2016外国语学院日语,0,仙林校区,2017-2018学年 第1学期,77302,仙Ⅰ-513,0.0,否,,1,16,,0,0,日语会话(一),11,第3节-第4节,仙I区,10080610A
16.0,400070,日本概况(20171-10080640-1),201711008064076817,,3,,14,1-18周,0,日语外教B,1-18周 周三 第5节-第6节 仙Ⅰ-514,1.0,外国语学院,否,理论类课程,周三,2017-2018-1,,201711008064076817,2015外国语学院日语,0,仙林校区,2017-2018学年 第1学期,76817,仙Ⅰ-514,0.0,否,,1,16,,0,0,日本概况,11,第5节-第6节,仙I区,10080640
16.0,400070,同声传译(一)(20171-10080660A-1)（日语）,2017110080660A76821,,3,,14,1-18周,0,赵仲明,1-18周 周三 第3节-第4节 ,1.0,外国语学院,否,理论类课程,周三,2017-2018-1,,2017110080660A76821,2014外国语学院日语,0,仙林校区,2017-2018学年 第1学期,76821,侨裕楼303,0.0,否,,1,16,,0,0,同声传译(一),,第3节-第4节,,10080660A
16.0,400070,古典语法(20171-10080680-1)（日语）,201711008068076824,,3,,14,1-18周,0,森福卓美,1-18周 周四 第1节-第2节 仙Ⅰ-515,2.0,外国语学院,否,理论+实践课程,周四,2017-2018-1,,201711008068076824,2014外国语学院日语,0,仙林校区,2017-2018学年 第1学期,76824,仙Ⅰ-515,0.0,否,,5,16,,16,0,古典语法,11,第1节-第2节,仙I区,10080680
16.0,400070,初级口语(一)(20171-10080710A-1)（法语）,2017110080710A77305,,3,,24,4-18周,0,Nicolas Monbertrand,4-18周 周一 第3节-第4节 仙Ⅰ-514,1.0,外国语学院,否,理论+实践课程,周一,2017-2018-1,,2017110080710A77305,2017外国语学院法语,0,仙林校区,2017-2018学年 第1学期,77305,仙Ⅰ-514,0.0,否,,5,16,,16,0,初级口语(一),11,第3节-第4节,仙I区,10080710A
16.0,400070,中级口语(一)(20171-10080720A-1)（法语）,2017110080720A77323,,3,,25,1-18周,0,Nicolas Monbertrand,1-18周 周一 第1节-第2节 仙Ⅰ-410,1.0,外国语学院,否,理论+实践课程,周一,2017-2018-1,,2017110080720A77323,2016外国语学院法语,0,仙林校区,2017-2018学年 第1学期,77323,仙Ⅰ-410,0.0,否,,5,16,,16,0,中级口语(一),11,第1节-第2节,仙I区,10080720A
16.0,400070,法国概况(一)(20171-10080730A-1),2017110080730A77326,,3,,26,1-18周,0,张晓明,1-18周 周三 第3节-第4节 仙Ⅰ-410,1.0,外国语学院,否,理论+实践课程,周三,2017-2018-1,,2017110080730A77326,2016外国语学院法语,0,仙林校区,2017-2018学年 第1学期,77326,仙Ⅰ-410,0.0,否,,5,16,,16,0,法国概况(一),11,第3节-第4节,仙I区,10080730A
16.0,400070,高级视听(一)(20171-10080740A-1)（法语）,2017110080740A76835,,3,,3,1-18周,0,Aleksi Lectez,1-18周 周五 第3节-第4节 仙Ⅰ-409,1.0,外国语学院,否,理论类课程,周五,2017-2018-1,,2017110080740A76835,2015外国语学院法语,0,仙林校区,2017-2018学年 第1学期,76835,仙Ⅰ-409,0.0,否,,1,16,,16,0,高级视听(一),11,第3节-第4节,仙I区,10080740A
16.0,400070,初级口译(一)(20171-10080750A-1)（法语）,2017110080750A76836,,3,,7,1-18周,0,张晓明,1-18周 周四 第3节-第4节 仙Ⅰ-409,1.0,外国语学院,否,理论+实践课程,周四,2017-2018-1,,2017110080750A76836,2015外国语学院法语,0,仙林校区,2017-2018学年 第1学期,76836,仙Ⅰ-409,0.0,否,,5,16,,16,0,初级口译(一),11,第3节-第4节,仙I区,10080750A
16.0,400070,翻译理论与实践(法译汉)(一)(20171-10080770A-1),2017110080770A76837,,3,,7,1-18周,0,曹丹红,1-18周 周四 第1节-第2节 仙Ⅰ-409,1.0,外国语学院,否,理论+实践课程,周四,2017-2018-1,,2017110080770A76837,2015外国语学院法语,0,仙林校区,2017-2018学年 第1学期,76837,仙Ⅰ-409,0.0,否,,5,16,,16,0,翻译理论与实践(法译汉)(一),11,第1节-第2节,仙I区,10080770A
16.0,400070,高级口译(一)(20171-10080790A-1)（法语）,2017110080790A76843,,3,,17,1-18周,0,张晓明,1-18周 周三 第1节-第2节 仙Ⅰ-408,1.0,外国语学院,否,理论+实践课程,周三,2017-2018-1,,2017110080790A76843,2014外国语学院法语,0,仙林校区,2017-2018学年 第1学期,76843,仙Ⅰ-408,0.0,否,,5,16,,16,0,高级口译(一),11,第1节-第2节,仙I区,10080790A
16.0,400070,高级写作(一)(20171-10080800A-1)（法语）,2017110080800A76845,,3,,12,1-18周,0,Nicolas Monbertrand,1-18周 周五 第3节-第4节 仙Ⅰ-408,1.0,外国语学院,否,理论+实践课程,周五,2017-2018-1,,2017110080800A76845,2014外国语学院法语,0,仙林校区,2017-2018学年 第1学期,76845,仙Ⅰ-408,0.0,否,,5,16,,16,0,高级写作(一),11,第3节-第4节,仙I区,10080800A
16.0,400070,法国经济(一)(20171-10080810A-1),2017110080810A76846,,3,,16,1-18周,0,王晶,1-18周 周三 第7节-第8节 仙Ⅰ-408,1.0,外国语学院,否,理论类课程,周三,2017-2018-1,,2017110080810A76846,2014外国语学院法语,0,仙林校区,2017-2018学年 第1学期,76846,仙Ⅰ-408,0.0,否,,1,16,,0,0,法国经济(一),11,第7节-第8节,仙I区,10080810A
16.0,400070,报刊选读(一)(20171-10080830A-1)（法语）,2017110080830A76838,,3,,4,1-18周,0,Aleksi Lectez,1-18周 周三 第3节-第4节 仙Ⅰ-409,1.0,外国语学院,否,理论类课程,周三,2017-2018-1,,2017110080830A76838,2015外国语学院法语,0,仙林校区,2017-2018学年 第1学期,76838,仙Ⅰ-409,0.0,否,,1,16,,0,0,新闻阅读(一),11,第3节-第4节,仙I区,10080830A
16.0,400070,法国文学史(一)(20171-10080860A-1),2017110080860A76839,,3,,9,1-18周,0,刘成富,1-18周 周三 第7节-第8节 仙Ⅰ-409,1.0,外国语学院,否,理论类课程,周三,2017-2018-1,,2017110080860A76839,2015外国语学院法语,0,仙林校区,2017-2018学年 第1学期,76839,仙Ⅰ-409,0.0,否,,1,32,,0,0,法国文学史(一),11,第7节-第8节,仙I区,10080860A
16.0,400070,法语专题讲座与专业活动(一)(20171-10080890A-1),2017110080890A76847,,3,,5,2-18周(双),0,Nicolas Monbertrand,2-18周(双) 周五 第5节-第6节 仙Ⅰ-408,1.0,外国语学院,否,理论类课程,周五,2017-2018-1,,2017110080890A76847,2014外国语学院法语,0,仙林校区,2017-2018学年 第1学期,76847,仙Ⅰ-408,0.0,否,,1,16,,0,0,法语专题讲座与专业活动(一),11,第5节-第6节,仙I区,10080890A
16.0,400070,外教口语(二)(20171-10080900B-1)（德语）,2017110080900B77342,,3,,22,1-18周,0,Leonie Roesgen,1-18周 周一 第3节-第4节 仙Ⅰ-323,1.0,外国语学院,否,理论类课程,周一,2017-2018-1,,2017110080900B77342,2016外国语学院德语,0,仙林校区,2017-2018学年 第1学期,77342,仙Ⅰ-323,0.0,否,,1,16,,0,0,外教口语(二),11,第3节-第4节,仙I区,10080900B
32.0,400070,初级视听说(一)(20171-10080910A-1),2017110080910A77337,,3,,21,"4-18周,4-18周",0,"孔德明,常晅","4-18周 周一 第3节-第4节 仙Ⅰ-322,4-18周 周二 第3节-第4节 仙Ⅰ-322",2.0,外国语学院,否,理论类课程,"周一,周二",2017-2018-1,,2017110080910A77337,2017外国语学院德语,0,仙林校区,2017-2018学年 第1学期,77337,"仙Ⅰ-322,仙Ⅰ-322",0.0,否,,1,32,,32,0,初级视听说(一),11,"第3节-第4节,第3节-第4节",仙I区,10080910A
16.0,400070,中级视听说(一)(20171-10080920A-1)（德语）,2017110080920A77343,,3,,21,1-18周,0,钦文,1-18周 周五 第1节-第2节 仙Ⅰ-323,1.0,外国语学院,否,理论+实践课程,周五,2017-2018-1,,2017110080920A77343,2016外国语学院德语,0,仙林校区,2017-2018学年 第1学期,77343,仙Ⅰ-323,0.0,否,,5,16,,16,0,中级视听说(一),11,第1节-第2节,仙I区,10080920A
32.0,400070,跨文化经济交际(20171-10080950-1)（德语）,201711008095076855,,3,,3,1-18周,0,李彬,1-18周 周三 第3节-第4节 仙Ⅰ-324,2.0,外国语学院,否,理论类课程,周三,2017-2018-1,,201711008095076855,2015外国语学院德语,0,仙林校区,2017-2018学年 第1学期,76855,仙Ⅰ-324,0.0,否,,1,32,,0,0,跨文化经济交际,11,第3节-第4节,仙I区,10080950
16.0,400070,德语语言学概论(20171-10080960-1),201711008096076856,,3,,5,1-18周,0,常玲玲,1-18周 周二 第3节-第4节 仙Ⅰ-324,1.0,外国语学院,否,理论类课程,周二,2017-2018-1,,201711008096076856,2015外国语学院德语,0,仙林校区,2017-2018学年 第1学期,76856,仙Ⅰ-324,0.0,否,,1,16,,0,0,德语语言学概论,11,第3节-第4节,仙I区,10080960
32.0,400070,德语文学史(二)(20171-10081010B-1),2017110081010B76859,,3,,19,1-18周,0,陈民,1-18周 周三 第3节-第4节 仙Ⅰ-318,2.0,外国语学院,否,理论类课程,周三,2017-2018-1,,2017110081010B76859,2014外国语学院德语,0,仙林校区,2017-2018学年 第1学期,76859,仙Ⅰ-318,0.0,否,,1,32,,0,0,德语文学史(二),11,第3节-第4节,仙I区,10081010B
32.0,400070,德语文学经典选读(二)(20171-10081020B-1),2017110081020B76860,,3,,15,1-18周,0,德语外教B,1-18周 周五 第3节-第4节 仙Ⅰ-318,2.0,外国语学院,否,理论类课程,周五,2017-2018-1,,2017110081020B76860,2014外国语学院德语,0,仙林校区,2017-2018学年 第1学期,76860,仙Ⅰ-318,0.0,否,,1,32,,0,0,德语文学经典选读(二),11,第3节-第4节,仙I区,10081020B
32.0,400070,德语口译(一)(20171-10081040A-1),2017110081040A76861,,3,,22,1-18周,0,常晅,1-18周 周五 第1节-第2节 仙Ⅰ-318,2.0,外国语学院,否,理论+实践课程,周五,2017-2018-1,,2017110081040A76861,2014外国语学院德语,0,仙林校区,2017-2018学年 第1学期,76861,仙Ⅰ-318,0.0,否,,5,16,,16,0,德语口译(一),11,第1节-第2节,仙I区,10081040A
32.0,400070,翻译理论与实践(德译中)(一)(20171-10081050A-1),2017110081050A76857,,3,,7,1-18周,0,钦文,1-18周 周五 第3节-第4节 仙Ⅰ-324,2.0,外国语学院,否,理论类课程,周五,2017-2018-1,,2017110081050A76857,2015外国语学院德语,0,仙林校区,2017-2018学年 第1学期,76857,仙Ⅰ-324,0.0,否,,1,32,,0,0,翻译理论与实践(德译中)(一),11,第3节-第4节,仙I区,10081050A
32.0,400070,翻译理论与实践(中译德)(一)(20171-10081060A-1),2017110081060A76862,,3,,26,1-18周,0,常晅,1-18周 周四 第3节-第4节 仙Ⅰ-318,2.0,外国语学院,否,理论+实践课程,周四,2017-2018-1,,2017110081060A76862,2014外国语学院德语,0,仙林校区,2017-2018学年 第1学期,76862,仙Ⅰ-318,0.0,否,,5,16,,16,0,翻译理论与实践(中译德)(一),11,第3节-第4节,仙I区,10081060A
32.0,400070,西班牙文学史(20171-10081120-1),201711008112076869,,3,,3,1-18周,0,Juan Carlos Moreno-Arrones,1-18周 周一 第5节-第6节 仙Ⅰ-315,2.0,外国语学院,否,理论类课程,周一,2017-2018-1,,201711008112076869,2015外国语学院西班牙语,0,仙林校区,2017-2018学年 第1学期,76869,仙Ⅰ-315,0.0,否,,1,32,,0,0,西班牙文学史,11,第5节-第6节,仙I区,10081120
32.0,400070,西班牙语笔译（一）(20171-10081140A-1),2017110081140A76867,,3,,13,1-18周,0,张伟劼,1-18周 周三 第3节-第4节 仙Ⅰ-315,2.0,外国语学院,否,理论+实践课程,周三,2017-2018-1,,2017110081140A76867,2015外国语学院西班牙语,0,仙林校区,2017-2018学年 第1学期,76867,仙Ⅰ-315,0.0,否,,5,16,,16,0,西班牙语笔译（一）,11,第3节-第4节,仙I区,10081140A
32.0,400070,西班牙语口译（二）(20171-10081170B-1),2017110081170B76872,,3,,17,1-18周,0,宋尽冬,1-18周 周四 第3节-第4节 ,2.0,外国语学院,否,理论+实践课程,周四,2017-2018-1,,2017110081170B76872,2014外国语学院西班牙语,0,仙林校区,2017-2018学年 第1学期,76872,仙1-527,0.0,否,,5,16,,16,0,西班牙语口译（二）,,第3节-第4节,,10081170B
32.0,400070,西班牙语论文写作方法(20171-10081180-1),201711008118076873,,3,,9,1-18周,0,Juan Carlos Moreno-Arrones,1-18周 周一 第1节-第2节 仙Ⅰ-215,2.0,外国语学院,否,理论类课程,周一,2017-2018-1,,201711008118076873,2014外国语学院西班牙语,0,仙林校区,2017-2018学年 第1学期,76873,仙Ⅰ-215,0.0,否,,1,32,,0,0,西班牙语论文写作方法,11,第1节-第2节,仙I区,10081180
32.0,400070,论文写作指导(20171-10081340-1),201711008134076877,,3,,14,1-18周,0,郑墡谟,1-18周 周四 第3节-第4节 仙Ⅰ-214,2.0,外国语学院,否,理论+实践课程,周四,2017-2018-1,,201711008134076877,2014外国语学院朝鲜语,0,仙林校区,2017-2018学年 第1学期,76877,仙Ⅰ-214,0.0,否,,5,16,,16,0,论文写作指导,11,第3节-第4节,仙I区,10081340
16.0,400070,英语测试(20171-10081390-1),201711008139076785,,3,,4,,0,,,1.0,外国语学院,否,理论+实践课程,,2017-2018-1,,201711008139076785,2014外国语学院英语,0,仙林校区,2017-2018学年 第1学期,76785,,0.0,否,,5,16,,16,0,英语测试,,,,10081390
32.0,400070,英语修辞赏析与研究(20171-10081400-1),201711008140077278,,3,,30,4-18周,0,张翼,4-18周 周四 第1节-第2节 仙Ⅰ-502,2.0,外国语学院,否,理论类课程,周四,2017-2018-1,,201711008140077278,2017外国语学院英语,0,仙林校区,2017-2018学年 第1学期,77278,仙Ⅰ-502,0.0,否,,1,32,,0,0,英语修辞赏析与研究,11,第1节-第2节,仙I区,10081400
32.0,400070,当代中韩文化交流(20171-10081420-1),201711008142077358,,3,,14,1-18周,0,徐黎明,1-18周 周三 第3节-第4节 仙Ⅰ-211,2.0,外国语学院,否,理论+实践课程,周三,2017-2018-1,,201711008142077358,2016外国语学院朝鲜语,0,仙林校区,2017-2018学年 第1学期,77358,仙Ⅰ-211,0.0,否,,5,16,,16,0,当代中韩文化交流,11,第3节-第4节,仙I区,10081420
32.0,400070,西班牙语国家文学选读(20171-10081490-1),201711008149076874,,3,,6,1-18周,0,Juan Carlos Moreno-Arrones,1-18周 周一 第3节-第4节 仙Ⅰ-215,2.0,外国语学院,否,理论类课程,周一,2017-2018-1,,201711008149076874,2014外国语学院西班牙语,0,仙林校区,2017-2018学年 第1学期,76874,仙Ⅰ-215,0.0,否,,1,32,,0,0,西班牙语国家文学选读,11,第3节-第4节,仙I区,10081490
32.0,400070,西班牙语语言学概论(20171-10081500-1),201711008150076875,,3,,5,1-18周,0,宋尽冬,1-18周 周二 第3节-第4节 仙Ⅰ-215,2.0,外国语学院,否,理论类课程,周二,2017-2018-1,,201711008150076875,2014外国语学院西班牙语,0,仙林校区,2017-2018学年 第1学期,76875,仙Ⅰ-215,0.0,否,,1,32,,0,0,西班牙语语言学概论,11,第3节-第4节,仙I区,10081500
32.0,400070,基础朝鲜（韩国）语视听说（一）(20171-10081510A-1),2017110081510A77353,,3,,17,"4-18周,4-18周",0,张俊翼,"4-18周 周一 第3节-第4节 仙Ⅰ-214,4-18周 周三 第5节-第6节 仙Ⅰ-215",2.0,外国语学院,否,理论类课程,"周一,周三",2017-2018-1,,2017110081510A77353,2017外国语学院朝鲜语,0,仙林校区,2017-2018学年 第1学期,77353,"仙Ⅰ-214,仙Ⅰ-215",0.0,否,,1,32,,0,0,基础朝鲜（韩国）语视听说（一）,11,"第3节-第4节,第5节-第6节",仙I区,10081510A
32.0,400070,中级朝鲜（韩国）语视听说（一）(20171-10081520A-1),2017110081520A77359,,3,,13,"1-18周,1-18周",0,张俊翼,"1-18周 周一 第1节-第2节 仙Ⅰ-211,1-18周 周三 第1节-第2节 仙Ⅰ-211",2.0,外国语学院,否,理论类课程,"周一,周三",2017-2018-1,,2017110081520A77359,2016外国语学院朝鲜语,0,仙林校区,2017-2018学年 第1学期,77359,"仙Ⅰ-211,仙Ⅰ-211",0.0,否,,1,32,,0,0,中级朝鲜（韩国）语视听说（一）,11,"第1节-第2节,第1节-第2节",仙I区,10081520A
32.0,400070,当代韩国作家解读(20171-10081540-1),201711008154076878,,3,,6,1-18周,0,崔德寿,1-18周 周三 第3节-第4节 仙Ⅰ-214,2.0,外国语学院,否,理论+实践课程,周三,2017-2018-1,,201711008154076878,2014外国语学院朝鲜语,0,仙林校区,2017-2018学年 第1学期,76878,仙Ⅰ-214,0.0,否,,5,16,,16,0,当代韩国作家解读,11,第3节-第4节,仙I区,10081540
32.0,400070,近代中朝（韩）思想交流(20171-10081590-1),201711008159076879,,3,,7,1-18周,0,徐黎明,1-18周 周二 第5节-第6节 仙Ⅰ-210,2.0,外国语学院,否,理论类课程,周二,2017-2018-1,,201711008159076879,2014外国语学院朝鲜语,0,仙林校区,2017-2018学年 第1学期,76879,仙Ⅰ-210,0.0,否,,1,32,,0,0,近代中朝（韩）思想交流,11,第5节-第6节,仙I区,10081590
32.0,400070,中朝（韩）交流史(20171-10081610-1),201711008161076880,,3,,9,1-18周,0,尹恩子,1-18周 周二 第3节-第4节 仙Ⅰ-210,2.0,外国语学院,否,理论+实践课程,周二,2017-2018-1,,201711008161076880,2014外国语学院朝鲜语,0,仙林校区,2017-2018学年 第1学期,76880,仙Ⅰ-210,0.0,否,,5,16,,16,0,中朝（韩）交流史,11,第3节-第4节,仙I区,10081610
16.0,400070,朝鲜语专题讲座与专业活动（一）（一）(20171-10081620A-1),2017110081620A76881,,3,,3,2-18周(双),0,吴玉梅,2-18周(双) 周五 第7节-第8节 自由地点,1.0,外国语学院,否,,周五,2017-2018-1,,2017110081620A76881,2014外国语学院朝鲜语,0,仙林校区,2017-2018学年 第1学期,76881,自由地点,,否,,,,,,0,朝鲜语专题讲座与专业活动（一）（一）,388,第7节-第8节,虚拟区域（仙林）,10081620A
32.0,400070,朝鲜语专业实习与社会实践(20171-10081680-1),201711008168077813,,3,,4,1-18周,0,吴玉梅,1-18周 自由时间 - 自由地点,2.0,外国语学院,否,实践类课程,自由时间,2017-2018-1,,201711008168077813,2014外国语学院朝鲜语,0,仙林校区,2017-2018学年 第1学期,77813,自由地点,0.0,否,,3,0,,32,0,朝鲜语专业实习与社会实践,388,自由时间,虚拟区域（仙林）,10081680
32.0,400070,时事朝鲜（韩国）语(20171-10081690-1),201711008169076876,,3,,7,1-18周,0,张俊翼,1-18周 周二 第3节-第4节 仙Ⅰ-315,2.0,外国语学院,否,理论+实践课程,周二,2017-2018-1,,201711008169076876,2015外国语学院朝鲜语,0,仙林校区,2017-2018学年 第1学期,76876,仙Ⅰ-315,0.0,否,,5,16,,16,0,人工智能在时事朝鲜（韩国）语中的应用,11,第3节-第4节,仙I区,10081690
32.0,400070,德国思想经典(20171-10081730-1),201711008173076863,,3,,23,1-18周,0,钦文,1-18周 周四 第1节-第2节 仙Ⅰ-318,2.0,外国语学院,否,理论类课程,周四,2017-2018-1,,201711008173076863,2014外国语学院德语,0,仙林校区,2017-2018学年 第1学期,76863,仙Ⅰ-318,0.0,否,,1,32,,0,0,德国思想经典,11,第1节-第2节,仙I区,10081730
16.0,400070,俄语计算机网络应用(20171-10081780-1),201711008178076796,,3,,2,1-18周,0,汪磊,1-18周 周五 第3节-第4节 仙Ⅰ-509,1.0,外国语学院,否,理论+实践课程,周五,2017-2018-1,,201711008178076796,2015外国语学院俄语,0,仙林校区,2017-2018学年 第1学期,76796,仙Ⅰ-509,0.0,否,,5,16,,16,0,俄语计算机网络应用,11,第3节-第4节,仙I区,10081780
16.0,400070,日本文化史(20171-10081810-1),201711008181076826,,3,,16,1-18周,0,赵仲明,1-18周 周三 第1节-第2节 仙Ⅰ-515,1.0,外国语学院,否,理论类课程,周三,2017-2018-1,,201711008181076826,2014外国语学院日语,0,仙林校区,2017-2018学年 第1学期,76826,仙Ⅰ-515,0.0,否,,1,16,,0,0,日本文化史,11,第1节-第2节,仙I区,10081810
32.0,400070,东亚视域下的韩国学研究(20171-10081850-1),201711008185078619,,3,,9,1-18周,0,郑墡谟,1-18周 自由时间 - ,2.0,外国语学院,否,理论类课程,自由时间,2017-2018-1,,201711008185078619,2014外国语学院朝鲜语,0,仙林校区,2017-2018学年 第1学期,78619,自由地点,0.0,否,,1,32,,0,0,东亚视域下的韩国学研究,,自由时间,,10081850
32.0,400070,英语女性文学(20171-10081870-1)（英语）,201711008187076778,,3,,10,1-18周,0,方红,1-18周 周二 第3节-第4节 仙Ⅰ-505,2.0,外国语学院,否,理论类课程,周二,2017-2018-1,,201711008187076778,2015外国语学院英语,0,仙林校区,2017-2018学年 第1学期,76778,仙Ⅰ-505,0.0,否,,1,32,,0,0,英语女性文学,11,第3节-第4节,仙I区,10081870
32.0,400070,社会语言学(20171-10081920-1)（英语）,201711008192076752,,3,,22,1-18周,0,俞希,1-18周 周五 第3节-第4节 仙Ⅰ-504,2.0,外国语学院,否,理论类课程,周五,2017-2018-1,,201711008192076752,2016外国语学院英语,0,仙林校区,2017-2018学年 第1学期,76752,仙Ⅰ-504,0.0,否,,1,32,,0,0,社会语言学,11,第3节-第4节,仙I区,10081920
32.0,400070,二语写作研究(20171-10081940-1)（英语）,201711008194076786,,3,,5,1-18周,0,徐昉,1-18周 周四 第3节-第4节 仙Ⅰ-507,2.0,外国语学院,否,理论类课程,周四,2017-2018-1,,201711008194076786,2014外国语学院英语,0,仙林校区,2017-2018学年 第1学期,76786,仙Ⅰ-507,0.0,否,,1,32,,0,0,二语写作研究,11,第3节-第4节,仙I区,10081940
32.0,400070,当代西方文学思潮评析(20171-10081960-1)（英语）,201711008196076787,,3,,6,1-18周,0,江宁康,1-18周 周二 第7节-第8节 仙Ⅰ-505,2.0,外国语学院,否,理论类课程,周二,2017-2018-1,,201711008196076787,2014外国语学院英语,0,仙林校区,2017-2018学年 第1学期,76787,仙Ⅰ-505,0.0,否,,1,32,,0,0,当代西方文学思潮评析,11,第7节-第8节,仙I区,10081960
16.0,400070,法语语音语法(20171-10082010-1),201711008201077368,,3,,25,1-18周,0,周越,1-18周 周一 第3节-第4节 仙Ⅰ-410,1.0,外国语学院,否,理论类课程,周一,2017-2018-1,,201711008201077368,2016外国语学院法语,0,仙林校区,2017-2018学年 第1学期,77368,仙Ⅰ-410,0.0,否,,1,32,,0,0,法语语音语法,11,第3节-第4节,仙I区,10082010
32.0,400070,应用逻辑(20171-10082020-1)（英语）,201711008202076754,,3,,30,1-18周,0,Shawn Michael Burtoft,1-18周 周四 第3节-第4节 仙Ⅰ-505,2.0,外国语学院,否,理论类课程,周四,2017-2018-1,,201711008202076754,2016外国语学院英语,0,仙林校区,2017-2018学年 第1学期,76754,仙Ⅰ-505,0.0,否,,1,32,,0,0,应用逻辑,11,第3节-第4节,仙I区,10082020
32.0,400070,希腊神话与西方文化(20171-10082030-1)（英语）,201711008203077276,,3,,28,4-18周,0,范浩,4-18周 周五 第3节-第4节 仙Ⅰ-503,2.0,外国语学院,否,理论类课程,周五,2017-2018-1,,201711008203077276,2017外国语学院英语,0,仙林校区,2017-2018学年 第1学期,77276,仙Ⅰ-503,0.0,否,,1,32,,0,0,希腊神话与西方文化,11,第3节-第4节,仙I区,10082030
32.0,400070,西班牙语初级口语（一）(20171-10082050A-1),2017110082050A77345,,3,,24,4-18周,0,张伟劼,4-18周 周三 第1节-第2节 仙Ⅰ-316,2.0,外国语学院,否,理论+实践课程,周三,2017-2018-1,,2017110082050A77345,2017外国语学院西班牙语,0,仙林校区,2017-2018学年 第1学期,77345,仙Ⅰ-316,0.0,否,,5,16,,16,0,西班牙语初级口语（一）,11,第1节-第2节,仙I区,10082050A
80.0,400110,数学分析(20171-11000010A-1),2017111000010A76882,,3,,172,"4-18周,4-18周,4-18周",0,李军,"4-18周 周一 第1节-第2节 仙Ⅰ-108,4-18周 周三 第3节-第4节 仙Ⅱ-122,4-18周 周一 第3节-第4节 仙Ⅰ-108",5.0,数学学院,否,理论+实践课程,"周一,周一,周三",2017-2018-1,,2017111000010A76882,2017*理科试验班（数理科学类）*数理科学类,0,仙林校区,2017-2018学年 第1学期,76882,"仙Ⅰ-108,仙Ⅰ-108,仙Ⅱ-122",0.0,否,,5,64,,32,0,数学分析,"11,12","第1节-第2节,第3节-第4节,第3节-第4节","仙I区, 仙II区",11000010A
80.0,400110,数学分析(20171-11000010A-2),2017111000010A76883,,3,,141,"4-18周,4-18周,4-18周",0,廖良文,"4-18周 周二 第1节-第2节 仙Ⅱ-122,4-18周 周四 第3节-第4节 仙Ⅱ-122,4-18周 周二 第3节-第4节 仙Ⅱ-122",5.0,数学学院,否,理论+实践课程,"周二,周二,周四",2017-2018-1,,2017111000010A76883,2017*理科试验班（数理科学类）*数理科学类,0,仙林校区,2017-2018学年 第1学期,76883,"仙Ⅱ-122,仙Ⅱ-122,仙Ⅱ-122",0.0,否,,5,64,,32,0,数学分析,12,"第1节-第2节,第3节-第4节,第3节-第4节",仙II区,11000010A
80.0,400130,数学分析(20171-11000010A-3),2017111000010A78144,,3,,0,,0,,,5.0,天文与空间科学学院,否,理论+实践课程,,2017-2018-1,,2017111000010A78144,,0,仙林校区,2017-2018学年 第1学期,78144,,0.0,否,,5,64,,32,0,数学分析,,,,11000010A
80.0,400130,数学分析(20171-11000010A-4),2017111000010A78145,,3,,0,,0,,,5.0,天文与空间科学学院,否,理论+实践课程,,2017-2018-1,,2017111000010A78145,,0,仙林校区,2017-2018学年 第1学期,78145,,0.0,否,,5,64,,32,0,数学分析,,,,11000010A
80.0,400110,数学分析(20171-11000010A-1),2017111000010A78385,,3,,45,"4-18周,4-18周",0,梅加强,"4-18周 周一 第2节-第4节 仙Ⅱ-103,4-18周 周三 第2节-第4节 仙Ⅱ-103",5.0,数学学院,否,理论+实践课程,"周一,周三",2017-2018-1,,2017111000010A78385,2017数学学院数学类,0,仙林校区,2017-2018学年 第1学期,78385,"仙Ⅱ-103,仙Ⅱ-103",0.0,否,,5,64,,32,0,数学分析,12,"第2节-第4节,第2节-第4节",仙II区,11000010A
80.0,400110,数学分析(20171-11000010C-1),2017111000010C77936,,3,,110,"1-18周,1-18周",0,苗栋,"1-18周 周二 第2节-第4节 仙Ⅱ-504,1-18周 周四 第2节-第4节 仙Ⅱ-504",5.0,数学学院,否,理论类课程,"周二,周四",2017-2018-1,,2017111000010C77936,2016数学学院数学类,0,仙林校区,2017-2018学年 第1学期,77936,"仙Ⅱ-504,仙Ⅱ-504",0.0,否,,1,96,,0,0,数学分析,12,"第2节-第4节,第2节-第4节",仙II区,11000010C
80.0,400110,数学分析(20171-11000010C-2),2017111000010C77937,,3,,116,"1-18周,1-18周",0,王奕倩,"1-18周 周二 第2节-第4节 仙Ⅱ-505,1-18周 周四 第2节-第4节 仙Ⅱ-505",5.0,数学学院,否,理论类课程,"周二,周四",2017-2018-1,,2017111000010C77937,2016数学学院数学类,0,仙林校区,2017-2018学年 第1学期,77937,"仙Ⅱ-505,仙Ⅱ-505",0.0,否,,1,96,,0,0,数学分析,12,"第2节-第4节,第2节-第4节",仙II区,11000010C
64.0,400110,高等代数(20171-11000020A-1),2017111000020A76884,,3,,140,"4-18周,4-18周,5-17周(单)",0,丁南庆,"4-18周 周三 第3节-第4节 仙Ⅱ-504,5-17周(单) 周五 第5节-第6节 仙Ⅱ-504,4-18周 周五 第3节-第4节 仙Ⅱ-504",4.0,数学学院,否,理论+实践课程,"周三,周五,周五",2017-2018-1,,2017111000020A76884,2017*理科试验班（数理科学类）*数理科学类,0,仙林校区,2017-2018学年 第1学期,76884,"仙Ⅱ-504,仙Ⅱ-504,仙Ⅱ-504",0.0,否,,5,64,,16,0,高等代数,12,"第3节-第4节,第3节-第4节,第5节-第6节",仙II区,11000020A
64.0,400110,高等代数(20171-11000020A-2),2017111000020A76885,,3,,171,"4-18周,4-18周(双),4-18周",0,刘公祥,"4-18周 周二 第1节-第2节 仙Ⅰ-106,4-18周(双) 周二 第3节-第4节 仙Ⅰ-106,4-18周 周四 第3节-第4节 仙Ⅱ-207",4.0,数学学院,否,理论+实践课程,"周二,周二,周四",2017-2018-1,,2017111000020A76885,2017*理科试验班（数理科学类）*数理科学类,0,仙林校区,2017-2018学年 第1学期,76885,"仙Ⅰ-106,仙Ⅰ-106,仙Ⅱ-207",0.0,否,,5,64,,16,0,高等代数,"11,12","第1节-第2节,第3节-第4节,第3节-第4节","仙I区, 仙II区",11000020A
64.0,400130,高等代数(20171-11000020A-3),2017111000020A78142,,3,,0,,0,,,4.0,天文与空间科学学院,否,理论+实践课程,,2017-2018-1,,2017111000020A78142,,0,仙林校区,2017-2018学年 第1学期,78142,,0.0,否,,5,64,,16,0,高等代数,,,,11000020A
64.0,400130,高等代数(20171-11000020A-4),2017111000020A78143,,3,,0,,0,,,4.0,天文与空间科学学院,否,理论+实践课程,,2017-2018-1,,2017111000020A78143,,0,仙林校区,2017-2018学年 第1学期,78143,,0.0,否,,5,64,,16,0,高等代数,,,,11000020A
64.0,400110,高等代数(20171-11000020A-1),2017111000020A78386,,3,,59,"4-18周(双),4-18周,4-18周",0,纪庆忠,"4-18周 周四 第1节-第2节 仙Ⅱ-313,4-18周(双) 周四 第3节-第4节 仙Ⅱ-313,4-18周 周二 第3节-第4节 仙Ⅱ-313",4.0,数学学院,否,理论+实践课程,"周四,周二,周四",2017-2018-1,,2017111000020A78386,2017数学学院数学类,0,仙林校区,2017-2018学年 第1学期,78386,"仙Ⅱ-313,仙Ⅱ-313,仙Ⅱ-313",0.0,否,,5,64,,16,0,高等代数,12,"第3节-第4节,第3节-第4节,第1节-第2节",仙II区,11000020A
32.0,400110,解析几何(20171-11000030-1),201711100003076886,,3,,196,4-18周,0,张高飞,4-18周 周五 第1节-第2节 仙Ⅱ-122,2.0,数学学院,否,理论类课程,周五,2017-2018-1,,201711100003076886,2017*理科试验班（数理科学类）*数理科学类,0,仙林校区,2017-2018学年 第1学期,76886,仙Ⅱ-122,0.0,否,,1,32,,0,0,解析几何,12,第1节-第2节,仙II区,11000030
32.0,400130,解析几何(20171-11000030-3),201711100003078147,,3,,0,,0,,,2.0,天文与空间科学学院,否,理论类课程,,2017-2018-1,,201711100003078147,,0,仙林校区,2017-2018学年 第1学期,78147,,0.0,否,,1,32,,0,0,解析几何,,,,11000030
32.0,400110,解析几何(20171-11000030-1),201711100003078387,,3,,96,4-18周,0,张高飞,4-18周 周五 第3节-第4节 仙Ⅱ-122,2.0,数学学院,否,理论类课程,周五,2017-2018-1,,201711100003078387,"2017数学学院数学类,2017*理科试验班（数理科学类）*数理科学类",0,仙林校区,2017-2018学年 第1学期,78387,仙Ⅱ-122,0.0,否,,1,32,,0,0,解析几何,12,第3节-第4节,仙II区,11000030
48.0,400110,常微分方程(20171-11000040-1),201711100004077938,,3,,114,"1-18周,1-17周(单)",0,周麒,"1-18周 周一 第1节-第2节 逸B-105,1-17周(单) 周三 第1节-第2节 仙Ⅱ-503",3.0,数学学院,否,理论类课程,"周一,周三",2017-2018-1,,201711100004077938,2016数学学院数学类,0,仙林校区,2017-2018学年 第1学期,77938,"逸B-105,仙Ⅱ-503",0.0,否,,1,48,,0,0,常微分方程,"12,16","第1节-第2节,第1节-第2节","仙II区, 逸夫楼B区",11000040
48.0,400110,常微分方程(20171-11000040-2),201711100004077939,,3,,88,"1-18周,2-18周(双)",0,周麒,"2-18周(双) 周三 第1节-第2节 仙Ⅱ-503,1-18周 周一 第3节-第4节 逸B-105",3.0,数学学院,否,理论类课程,"周一,周三",2017-2018-1,,201711100004077939,2016数学学院数学类,0,仙林校区,2017-2018学年 第1学期,77939,"逸B-105,仙Ⅱ-503",0.0,否,,1,48,,0,0,常微分方程,"12,16","第3节-第4节,第1节-第2节","仙II区, 逸夫楼B区",11000040
48.0,400110,近世代数(20171-11000070-1),201711100007077940,,3,,179,1-18周,0,孙智伟,1-18周 周一 第5节-第7节 仙Ⅰ-206,3.0,数学学院,否,理论类课程,周一,2017-2018-1,,201711100007077940,2016数学学院数学类,0,仙林校区,2017-2018学年 第1学期,77940,仙Ⅰ-206,0.0,否,,1,64,,0,0,近世代数,11,第5节-第7节,仙I区,11000070
64.0,400110,数据库概论(20171-11000100-1),201711100010077945,,3,,166,"1-18周,1-18周,1-18周",0,"黄达明,朱怀宏","1-18周 周三 第3节-第4节 仙Ⅰ-107,1-18周 周三 第5节-第6节 ,1-18周 周五 第3节-第4节 仙Ⅰ-107",4.0,数学学院,否,理论+实验课程,"周三,周三,周五",2017-2018-1,,201711100010077945,2016数学学院数学类,0,仙林校区,2017-2018学年 第1学期,77945,"仙Ⅰ-107,综合实验楼丙区504,仙Ⅰ-107",32.0,否,,6,64,,0,0,数据库概论,11,"第3节-第4节,第5节-第6节,第3节-第4节",仙I区,11000100
64.0,400110,实变函数(20171-11010010-1),201711101001077952,,1,,33,"1-18周,1-18周",0,程伟,"1-18周 周一 第3节-第4节 教116,1-18周 周三 第3节-第4节 教116",4.0,数学学院,否,理论类课程,"周一,周三",2017-2018-1,,201711101001077952,"2015数学学院数学与应用数学,2015数学学院应用模块（统计方向）,2015数学学院应用模块（计算方向）,2015数学学院统计学,2015数学学院信息与计算科学",0,鼓楼校区,2017-2018学年 第1学期,77952,"教116,教116",0.0,否,,1,64,,0,0,实变函数,1,"第3节-第4节,第3节-第4节",教学楼,11010010
64.0,400110,实变函数(20171-11010010-2),201711101001077953,,3,,119,"1-18周,1-18周",0,程伟,"1-18周 周二 第3节-第4节 仙Ⅰ-108,1-18周 周四 第3节-第4节 仙Ⅰ-108",4.0,数学学院,否,理论类课程,"周二,周四",2017-2018-1,,201711101001077953,"2015数学学院数学与应用数学,2015数学学院应用模块（统计方向）,2015数学学院应用模块（计算方向）,2015数学学院统计学,2015数学学院信息与计算科学",0,仙林校区,2017-2018学年 第1学期,77953,"仙Ⅰ-108,仙Ⅰ-108",0.0,否,,1,64,,0,0,实变函数,11,"第3节-第4节,第3节-第4节",仙I区,11010010
64.0,400110,偏微分方程(20171-11010030-1),201711101003077955,,1,,29,"1-18周,1-18周",0,徐兴旺,"1-18周 周二 第1节-第2节 教116,1-18周 周四 第3节-第4节 教116",4.0,数学学院,否,理论类课程,"周二,周四",2017-2018-1,,201711101003077955,"2015数学学院数学与应用数学,2015数学学院应用模块（统计方向）,2015数学学院应用模块（计算方向）,2015数学学院统计学,2015数学学院信息与计算科学",0,鼓楼校区,2017-2018学年 第1学期,77955,"教116,教116",0.0,否,,1,64,,0,0,偏微分方程,1,"第1节-第2节,第3节-第4节",教学楼,11010030
64.0,400110,偏微分方程(20171-11010030-2),201711101003077956,,3,,100,"1-18周,1-18周",0,杨孝平,"1-18周 周二 第1节-第2节 仙Ⅰ-319,1-18周 周五 第3节-第4节 仙Ⅰ-320",4.0,数学学院,否,理论类课程,"周二,周五",2017-2018-1,,201711101003077956,"2015数学学院数学与应用数学,2015数学学院应用模块（统计方向）,2015数学学院应用模块（计算方向）,2015数学学院统计学,2015数学学院信息与计算科学",0,仙林校区,2017-2018学年 第1学期,77956,"仙Ⅰ-319,仙Ⅰ-320",0.0,否,,1,64,,0,0,偏微分方程,11,"第1节-第2节,第3节-第4节",仙I区,11010030
48.0,400110,拓扑学(20171-11010040-1),201711101004078077,,1,,23,"2-18周(双),1-18周",0,师维学,"1-18周 周三 第1节-第2节 教116,2-18周(双) 周一 第1节-第2节 教116",3.0,数学学院,否,理论类课程,"周一,周三",2017-2018-1,,201711101004078077,"2015数学学院数学与应用数学,2015数学学院应用模块（统计方向）,2015数学学院应用模块（计算方向）,2015数学学院统计学,2015数学学院信息与计算科学",0,鼓楼校区,2017-2018学年 第1学期,78077,"教116,教116",0.0,否,,1,48,,0,0,拓扑学,1,"第1节-第2节,第1节-第2节",教学楼,11010040
48.0,400110,拓扑学(20171-11010040-2),201711101004078078,,3,,24,"1-17周(单),1-18周",0,师维学,"1-17周(单) 周一 第1节-第2节 仙Ⅱ-401,1-18周 周三 第5节-第6节 仙Ⅱ-401",3.0,数学学院,否,理论类课程,"周一,周三",2017-2018-1,,201711101004078078,"2015数学学院数学与应用数学,2015数学学院应用模块（统计方向）,2015数学学院应用模块（计算方向）,2015数学学院统计学,2015数学学院信息与计算科学",0,仙林校区,2017-2018学年 第1学期,78078,"仙Ⅱ-401,仙Ⅱ-401",0.0,否,,1,48,,0,0,拓扑学,12,"第1节-第2节,第5节-第6节",仙II区,11010040
48.0,400110,常微分方程几何理论(20171-11010110-1),201711101011078408,,1,,11,1-18周,0,程崇庆,1-18周 周一 第5节-第7节 教105,3.0,数学学院,否,理论类课程,周一,2017-2018-1,,201711101011078408,"2015数学学院数学与应用数学,2015数学学院应用模块（统计方向）,2015数学学院应用模块（计算方向）,2015数学学院统计学,2015数学学院信息与计算科学",0,鼓楼校区,2017-2018学年 第1学期,78408,教105,0.0,否,,1,48,,0,0,常微分方程几何理论,1,第5节-第7节,教学楼,11010110
48.0,400110,伽罗瓦理论(20171-11010200-1),201711101020078081,,1,,18,"2-18周(双),1-18周",0,秦厚荣,"2-18周(双) 周四 第7节-第8节 ,1-18周 周三 第9节-第10节 ",3.0,数学学院,否,理论类课程,"周四,周三",2017-2018-1,,201711101020078081,"2015数学学院数学与应用数学,2015数学学院应用模块（统计方向）,2015数学学院应用模块（计算方向）,2015数学学院统计学,2015数学学院信息与计算科学",0,鼓楼校区,2017-2018学年 第1学期,78081,"西大楼308,西大楼308",0.0,否,,1,48,,0,0,伽罗瓦理论,,"第7节-第8节,第9节-第10节",,11010200
48.0,400110,分析学I(20171-11011000-1),201711101100078130,,1,,15,"3-18周,3-18周",0,钟承奎,"3-18周 周一 第1节-第2节 教101,3-18周 周三 第3节-第4节 教101",3.0,数学学院,否,理论类课程,"周一,周三",2017-2018-1,,201711101100078130,"2014数学学院数学与应用数学,2014数学学院应用模块（统计方向）,2014数学学院应用模块（计算方向）,2014数学学院应用模块,2014数学学院统计学,2014数学学院信息与计算科学",0,鼓楼校区,2017-2018学年 第1学期,78130,"教101,教101",0.0,否,,1,64,,0,0,分析学,1,"第1节-第2节,第3节-第4节",教学楼,11011000
48.0,400110,代数学(20171-11012000-1),201711101200078128,,1,,10,"3-18周,3-18周",0,黄兆泳,"3-18周 周二 第3节-第4节 教120,3-18周 周四 第3节-第4节 教120",3.0,数学学院,否,理论类课程,"周二,周四",2017-2018-1,,201711101200078128,"2014数学学院数学与应用数学,2014数学学院应用模块（统计方向）,2014数学学院应用模块（计算方向）,2014数学学院应用模块,2014数学学院统计学,2014数学学院信息与计算科学",0,鼓楼校区,2017-2018学年 第1学期,78128,"教120,教120",0.0,否,,1,64,,0,0,代数学,1,"第3节-第4节,第3节-第4节",教学楼,11012000
48.0,400110,基础数论(20171-11012040-1),201711101204078131,,1,,20,1-18周,0,孙智伟,1-18周 周二 第5节-第7节 教105,3.0,数学学院,否,理论类课程,周二,2017-2018-1,,201711101204078131,"2014数学学院数学与应用数学,2014数学学院应用模块（统计方向）,2014数学学院应用模块（计算方向）,2014数学学院应用模块,2014数学学院统计学,2014数学学院信息与计算科学",0,鼓楼校区,2017-2018学年 第1学期,78131,教105,0.0,否,,1,48,,0,0,基础数论,1,第5节-第7节,教学楼,11012040
48.0,400110,交换代数(20171-11012060-1),201711101206078141,,1,,9,"1-18周,1-18周",0,郭学军,"1-18周 周一 第3节-第4节 教105,1-18周 周四 第5节-第6节 教105",3.0,数学学院,否,理论类课程,"周一,周四",2017-2018-1,,201711101206078141,"2014数学学院数学与应用数学,2014数学学院应用模块（统计方向）,2014数学学院应用模块（计算方向）,2014数学学院应用模块,2014数学学院统计学,2014数学学院信息与计算科学",0,鼓楼校区,2017-2018学年 第1学期,78141,"教105,教105",0.0,否,,1,64,,0,0,交换代数,1,"第3节-第4节,第5节-第6节",教学楼,11012060
48.0,400110,流形与几何(20171-11013050-1),201711101305078132,,1,,5,"1-18周,1-18周",0,梅加强,"1-18周 周二 第1节-第2节 教118,1-18周 周四 第1节-第2节 教118",3.0,数学学院,否,理论类课程,"周二,周四",2017-2018-1,,201711101305078132,"2014数学学院数学与应用数学,2014数学学院应用模块（统计方向）,2014数学学院应用模块（计算方向）,2014数学学院应用模块,2014数学学院统计学,2014数学学院信息与计算科学",0,鼓楼校区,2017-2018学年 第1学期,78132,"教118,教118",0.0,否,,1,64,,0,0,流形与几何,1,"第1节-第2节,第1节-第2节",教学楼,11013050
48.0,400110,微分拓扑(20171-11013070-1),201711101307078133,,1,,2,"1-18周,1-18周",0,谭亮,"1-18周 周五 第3节-第4节 教118,1-18周 周三 第9节-第10节 教118",3.0,数学学院,否,理论类课程,"周三,周五",2017-2018-1,,201711101307078133,"2014数学学院数学与应用数学,2016数学学院应用模块（统计方向）,2016数学学院应用模块（计算方向）,2016数学学院统计学,2016数学学院信息与计算科学,2014数学学院应用模块（统计方向）,2014数学学院应用模块（计算方向）,2014数学学院应用模块,2014数学学院统计学,2014数学学院信息与计算科学",0,鼓楼校区,2017-2018学年 第1学期,78133,"教118,教118",0.0,否,,1,64,,0,0,微分拓扑,1,"第9节-第10节,第3节-第4节",教学楼,11013070
16.0,400110,学科前沿讲座(20171-11016010-1),201711101601081855,,1,,118,,0,,,1.0,数学学院,否,理论类课程,,2017-2018-1,,201711101601081855,"2014数学学院数学与应用数学,2014数学学院应用模块（统计方向）,2014数学学院应用模块（计算方向）,2014数学学院统计学,2014数学学院信息与计算科学",0,鼓楼校区,2017-2018学年 第1学期,81855,,0.0,否,,1,16,,0,0,学科前沿讲座,,,,11016010
64.0,400110,数值计算与试验II(20171-11020010-1),201711102001078082,,1,,13,"1-18周,1-18周,1-18周",0,张强,"1-18周 周二 第3节-第4节 教116,1-18周 周四 第5节-第6节 教116,1-18周 周二 第5节-第6节 ",4.0,数学学院,否,理论+实验课程,"周二,周二,周四",2017-2018-1,,201711102001078082,"2015数学学院数学与应用数学,2015数学学院应用模块（统计方向）,2015数学学院应用模块（计算方向）,2015数学学院统计学,2015数学学院信息与计算科学",0,鼓楼校区,2017-2018学年 第1学期,78082,"教116,蒙民伟楼308,教116",32.0,否,,6,64,,0,0,数值计算与实验II,1,"第3节-第4节,第5节-第6节,第5节-第6节",教学楼,11020010
64.0,400110,数值计算与试验II(20171-11020010-2),201711102001078083,,3,,21,"1-18周,1-18周,1-18周",0,徐勤武,"1-18周 周二 第5节-第6节 逸B-309,1-18周 周二 第7节-第8节 ,1-18周 周五 第5节-第6节 逸B-309",4.0,数学学院,否,理论+实验课程,"周二,周二,周五",2017-2018-1,,201711102001078083,"2014地球科学与工程学院地质学（地球物理学方向）,2015数学学院应用模块（统计方向）,2015数学学院应用模块（计算方向）,2015数学学院统计学,2015数学学院信息与计算科学,2015数学学院数学与应用数学",0,仙林校区,2017-2018学年 第1学期,78083,"逸B-309,综合实验楼丙区504,逸B-309",32.0,否,,6,64,,0,0,数值计算与实验II,16,"第5节-第6节,第7节-第8节,第5节-第6节",逸夫楼B区,11020010
64.0,400110,运筹学(20171-11020200-1),201711102020078085,,3,,104,"1-18周,1-18周",0,杨俊锋,"1-18周 周一 第3节-第4节 逸B-507,1-18周 周四 第9节-第10节 仙Ⅱ-304",4.0,数学学院,否,理论类课程,"周一,周四",2017-2018-1,,201711102020078085,"2015数学学院数学与应用数学,2015数学学院应用模块（统计方向）,2015数学学院应用模块（计算方向）,2015数学学院统计学,2015数学学院信息与计算科学",0,仙林校区,2017-2018学年 第1学期,78085,"逸B-507,仙Ⅱ-304",0.0,否,,1,64,,0,0,运筹学,"12,16","第3节-第4节,第9节-第10节","仙II区, 逸夫楼B区",11020200
48.0,400110,偏微分方程数值方法(20171-11021020-1),201711102102078134,,1,,7,"1-18周,1-18周",0,武海军,"1-18周 周一 第3节-第4节 教118,1-18周 周三 第5节-第6节 教118",3.0,数学学院,否,理论类课程,"周一,周三",2017-2018-1,,201711102102078134,"2014数学学院数学与应用数学,2014数学学院应用模块（统计方向）,2014数学学院应用模块（计算方向）,2014数学学院应用模块,2014数学学院统计学,2014数学学院信息与计算科学",0,鼓楼校区,2017-2018学年 第1学期,78134,"教118,教118",0.0,否,,1,64,,0,0,偏微分方程现代数值方法,1,"第3节-第4节,第5节-第6节",教学楼,11021020
48.0,400110,数值代数(20171-11021030-1),201711102103078135,,1,,5,"1-18周,1-18周",0,王征宇,"1-18周 周二 第5节-第6节 教118,1-18周 周四 第5节-第6节 教118",3.0,数学学院,否,理论类课程,"周二,周四",2017-2018-1,,201711102103078135,"2014数学学院数学与应用数学,2014数学学院应用模块（统计方向）,2014数学学院应用模块（计算方向）,2014数学学院应用模块,2014数学学院统计学,2014数学学院信息与计算科学",0,鼓楼校区,2017-2018学年 第1学期,78135,"教118,教118",0.0,否,,1,64,,0,0,矩阵计算,1,"第5节-第6节,第5节-第6节",教学楼,11021030
48.0,400110,数理统计(20171-11030000-1),201711103000078086,,3,,123,1-18周,0,王立洪,1-18周 周一 第5节-第7节 逸B-212,3.0,数学学院,否,理论类课程,周一,2017-2018-1,,201711103000078086,"2015数学学院数学与应用数学,2015数学学院应用模块（统计方向）,2015数学学院应用模块（计算方向）,2015数学学院统计学,2015数学学院信息与计算科学",0,仙林校区,2017-2018学年 第1学期,78086,逸B-212,0.0,否,,1,64,,0,0,数理统计,16,第5节-第7节,逸夫楼B区,11030000
64.0,400110,应用随机过程(20171-11030010-1),201711103001078087,,3,,149,"1-18周,1-18周",0,代雄平,"1-18周 周五 第1节-第2节 逸B-105,1-18周 周三 第3节-第4节 逸B-105",4.0,数学学院,否,理论类课程,"周三,周五",2017-2018-1,,201711103001078087,"2014商学院经济学,2015数学学院应用模块（统计方向）,2015数学学院应用模块（计算方向）,2015数学学院统计学,2015数学学院信息与计算科学,2015数学学院数学与应用数学,2014商学院经济学（产业经济方向）,2014商学院金融工程,2014商学院保险学,2014商学院金融学,2014商学院国际经济与贸易",0,仙林校区,2017-2018学年 第1学期,78087,"逸B-105,逸B-105",0.0,否,,1,64,,0,0,应用随机过程,16,"第3节-第4节,第1节-第2节",逸夫楼B区,11030010
48.0,400110,风险统计(20171-11030100-1),201711103010078088,,3,,101,1-18周,0,赵进,1-18周 周四 第5节-第7节 仙Ⅰ-103,3.0,数学学院,否,理论类课程,周四,2017-2018-1,,201711103010078088,"2015数学学院数学与应用数学,2015数学学院应用模块（统计方向）,2015数学学院应用模块（计算方向）,2015数学学院统计学,2015数学学院信息与计算科学",0,仙林校区,2017-2018学年 第1学期,78088,仙Ⅰ-103,0.0,否,,1,48,,0,0,风险统计,11,第5节-第7节,仙I区,11030100
64.0,400110,随机过程(20171-11031010-1),201711103101078409,,1,,23,"1-18周,1-18周",0,戴万阳,"1-18周 周二 第1节-第2节 教105,1-18周 周四 第1节-第2节 教105",3.0,数学学院,否,理论类课程,"周二,周四",2017-2018-1,,201711103101078409,"2014数学学院数学与应用数学,2014数学学院应用模块（统计方向）,2014数学学院应用模块（计算方向）,2014数学学院应用模块,2014数学学院统计学,2014数学学院信息与计算科学",0,鼓楼校区,2017-2018学年 第1学期,78409,"教105,教105",0.0,否,,1,64,,0,0,随机过程,1,"第1节-第2节,第1节-第2节",教学楼,11031010
48.0,400110,遍历理论(20171-11090210-1),201711109021078140,,1,,6,1-18周,0,窦斗,1-18周 周四 第9节-第11节 教118,3.0,数学学院,否,理论类课程,周四,2017-2018-1,,201711109021078140,"2014数学学院数学与应用数学,2014数学学院应用模块（统计方向）,2014数学学院应用模块（计算方向）,2014数学学院应用模块,2014数学学院统计学,2014数学学院信息与计算科学",0,鼓楼校区,2017-2018学年 第1学期,78140,教118,0.0,否,,1,48,,0,0,遍历理论,1,第9节-第11节,教学楼,11090210
48.0,400110,几何分析(20171-11090260-1),201711109026078136,,1,,1,1-18周,0,陈学长,1-18周 周三 第5节-第7节 教103,3.0,数学学院,否,理论类课程,周三,2017-2018-1,,201711109026078136,"2014数学学院数学与应用数学,2014数学学院应用模块（统计方向）,2014数学学院应用模块（计算方向）,2014数学学院应用模块,2014数学学院统计学,2014数学学院信息与计算科学",0,鼓楼校区,2017-2018学年 第1学期,78136,教103,0.0,否,,1,48,,0,0,几何分析,1,第5节-第7节,教学楼,11090260
32.0,400110,数学的思想方法(20171-11090270-1),201711109027078137,,1,,57,3-14周,0,梅加强,3-14周 周五 第5节-第7节 教121,2.0,数学学院,否,理论类课程,周五,2017-2018-1,,201711109027078137,"2014数学学院数学与应用数学,2014数学学院应用模块（统计方向）,2014数学学院应用模块（计算方向）,2014数学学院应用模块,2014数学学院统计学,2014数学学院信息与计算科学",0,鼓楼校区,2017-2018学年 第1学期,78137,教121,0.0,否,,1,32,,0,0,数学的思想方法,1,第5节-第7节,教学楼,11090270
48.0,400110,分形上的分析(20171-11090310-1),201711109031078138,,1,,2,1-18周,0,邱华,1-18周 周一 第5节-第7节 教118,3.0,数学学院,否,理论类课程,周一,2017-2018-1,,201711109031078138,"2014数学学院数学与应用数学,2014数学学院应用模块（统计方向）,2014数学学院应用模块（计算方向）,2014数学学院应用模块,2014数学学院统计学,2014数学学院信息与计算科学",0,鼓楼校区,2017-2018学年 第1学期,78138,教118,0.0,否,,1,48,,0,0,分形上的分析,1,第5节-第7节,教学楼,11090310
48.0,400110,双曲型偏微分方程(20171-11090320-1),201711109032078139,,1,,2,"1-18周,1-18周",0,阮卓娉,"1-18周 周三 第1节-第2节 教118,1-18周 周五 第1节-第2节 教118",3.0,数学学院,否,理论类课程,"周三,周五",2017-2018-1,,201711109032078139,"2014数学学院数学与应用数学,2014数学学院应用模块（统计方向）,2014数学学院应用模块（计算方向）,2014数学学院应用模块,2014数学学院统计学,2014数学学院信息与计算科学",0,鼓楼校区,2017-2018学年 第1学期,78139,"教118,教118",0.0,否,,1,64,,0,0,双曲型偏微分方程,1,"第1节-第2节,第1节-第2节",教学楼,11090320
80.0,400110,微积分I(第一层次)(20171-11100140A-1),2017111100140A76617,,3,,68,"4-18周,4-18周,4-18周",0,李耀文,"4-18周 周五 第1节-第2节 仙Ⅰ-203,4-18周 周三 第5节-第6节 仙Ⅰ-203,4-18周 周三 第3节-第4节 仙Ⅰ-203",5.0,数学学院,否,理论+实践课程,"周三,周三,周五",2017-2018-1,,2017111100140A76617,,0,仙林校区,2017-2018学年 第1学期,76617,"仙Ⅰ-203,仙Ⅰ-203,仙Ⅰ-203",0.0,否,,5,64,,32,0,微积分I(第一层次),11,"第3节-第4节,第5节-第6节,第1节-第2节",仙I区,11100140A
80.0,400110,微积分I(第一层次)(20171-11100140A-2),2017111100140A76619,,3,,87,"4-18周,4-18周,4-18周",0,秦理真,"4-18周 周五 第1节-第2节 仙Ⅱ-503,4-18周 周三 第5节-第6节 仙Ⅱ-503,4-18周 周三 第3节-第4节 仙Ⅰ-524",5.0,数学学院,否,理论+实践课程,"周三,周三,周五",2017-2018-1,,2017111100140A76619,2017匡亚明学院理科强化班,0,仙林校区,2017-2018学年 第1学期,76619,"仙Ⅰ-524,仙Ⅱ-503,仙Ⅱ-503",0.0,否,,5,64,,32,0,微积分I(第一层次),"11,12","第3节-第4节,第5节-第6节,第1节-第2节","仙I区, 仙II区",11100140A
80.0,400110,微积分I(第一层次)(20171-11100140A-3),2017111100140A76620,,3,,93,"4-18周,4-18周,4-18周",0,孙永忠,"4-18周 周五 第1节-第2节 仙Ⅰ-201,4-18周 周三 第5节-第6节 仙Ⅰ-201,4-18周 周三 第3节-第4节 仙Ⅰ-201",5.0,数学学院,否,理论+实践课程,"周三,周三,周五",2017-2018-1,,2017111100140A76620,2017匡亚明学院理科强化班,0,仙林校区,2017-2018学年 第1学期,76620,"仙Ⅰ-201,仙Ⅰ-201,仙Ⅰ-201",0.0,否,,5,64,,32,0,微积分I(第一层次),11,"第3节-第4节,第5节-第6节,第1节-第2节",仙I区,11100140A
48.0,400110,线性代数(第一层次)(20171-11100140C-1),2017111100140C76888,,3,,65,"1-18周,1-18周",0,范红军,"1-18周 周五 第1节-第2节 逸B-207,1-18周 周三 第3节-第4节 逸B-207",4.0,数学学院,否,理论类课程,"周三,周五",2017-2018-1,,2017111100140C76888,2016匡亚明学院理科强化班,0,仙林校区,2017-2018学年 第1学期,76888,"逸B-207,逸B-207",0.0,否,,1,64,,0,0,线性代数(第一层次),16,"第3节-第4节,第1节-第2节",逸夫楼B区,11100140C
48.0,400110,线性代数(第一层次)(20171-11100140C-2),2017111100140C76889,,3,,83,"1-18周,1-18周",0,范红军,"1-18周 周三 第1节-第2节 逸B-207,1-18周 周五 第3节-第4节 逸B-207",4.0,数学学院,否,理论类课程,"周三,周五",2017-2018-1,,2017111100140C76889,2016匡亚明学院理科强化班,0,仙林校区,2017-2018学年 第1学期,76889,"逸B-207,逸B-207",0.0,否,,1,64,,0,0,线性代数(第一层次),16,"第1节-第2节,第3节-第4节",逸夫楼B区,11100140C
48.0,400110,线性代数(第一层次)(20171-11100140C-3),2017111100140C76890,,3,,78,"1-18周,1-18周",0,李耀文,"1-18周 周一 第1节-第2节 仙Ⅰ-212,1-18周 周五 第3节-第4节 仙Ⅰ-212",4.0,数学学院,否,理论类课程,"周一,周五",2017-2018-1,,2017111100140C76890,,0,仙林校区,2017-2018学年 第1学期,76890,"仙Ⅰ-212,仙Ⅰ-212",0.0,否,,1,64,,0,0,线性代数(第一层次),11,"第1节-第2节,第3节-第4节",仙I区,11100140C
48.0,400110,概率论与数理统计(20171-11100200-1),201711110020076967,,3,,173,"1-18周,1-18周",0,曹苏平,"1-18周 周五 第1节-第2节 逸A-117,1-18周 周三 第3节-第4节 逸A-117",3.0,数学学院,否,理论类课程,"周三,周五",2017-2018-1,,201711110020076967,"2016商学院经济学,2016商学院经济学（产业经济方向）,2016商学院国际经济与贸易",0,仙林校区,2017-2018学年 第1学期,76967,"逸A-117,逸A-117",0.0,否,,1,48,,0,0,概率论与数理统计,15,"第3节-第4节,第1节-第2节",逸夫楼A区,11100200
48.0,400110,概率论与数理统计(20171-11100200-2),201711110020076969,,3,,121,"1-18周,1-18周",0,曹苏平,"1-18周 周三 第1节-第2节 逸A-117,1-18周 周五 第3节-第4节 逸A-117",3.0,数学学院,否,理论类课程,"周三,周五",2017-2018-1,,201711110020076969,"2016商学院金融学,2016商学院金融工程,2016商学院保险学",0,仙林校区,2017-2018学年 第1学期,76969,"逸A-117,逸A-117",0.0,否,,1,48,,0,0,概率论与数理统计,15,"第1节-第2节,第3节-第4节",逸夫楼A区,11100200
48.0,400110,概率论与数理统计(20171-11100200-3),201711110020076970,,3,,115,"1-18周,1-18周",0,陶敏,"1-18周 周三 第1节-第2节 仙Ⅰ-320,1-18周 周一 第3节-第4节 仙Ⅰ-320",3.0,数学学院,否,理论类课程,"周三,周一",2017-2018-1,,201711110020076970,"2016商学院工商管理,2016商学院工商管理（人力资源管理方向）,2016商学院电子商务",0,仙林校区,2017-2018学年 第1学期,76970,"仙Ⅰ-320,仙Ⅰ-320",0.0,否,,1,48,,0,0,概率论与数理统计,11,"第1节-第2节,第3节-第4节",仙I区,11100200
48.0,400110,概率论与数理统计(20171-11100200-4),201711110020076971,,3,,145,"1-18周,1-18周",0,陶敏,"1-18周 周一 第1节-第2节 仙Ⅰ-320,1-18周 周三 第3节-第4节 仙Ⅰ-320",3.0,数学学院,否,理论类课程,"周三,周一",2017-2018-1,,201711110020076971,"2016商学院会计学,2016商学院市场营销,2016商学院财务管理",0,仙林校区,2017-2018学年 第1学期,76971,"仙Ⅰ-320,仙Ⅰ-320",0.0,否,,1,48,,0,0,概率论与数理统计,11,"第3节-第4节,第1节-第2节",仙I区,11100200
48.0,400110,概率论与数理统计(20171-11100200-5),201711110020076972,,3,,96,1-18周,0,潘茂林,1-18周 周二 第5节-第7节 仙Ⅰ-206,3.0,数学学院,否,理论类课程,周二,2017-2018-1,,201711110020076972,"2016地理与海洋科学学院地理科学,2016建筑与城市规划学院城乡规划,2016建筑与城市规划学院建筑学,2016地理与海洋科学学院自然地理与资源环境,2016地理与海洋科学学院地理信息科学,2016地理与海洋科学学院海洋科学",0,仙林校区,2017-2018学年 第1学期,76972,仙Ⅰ-206,0.0,否,,1,48,,0,0,概率论与数理统计,11,第5节-第7节,仙I区,11100200
48.0,400110,概率论与数理统计(20171-11100200-6),201711110020076973,,3,,133,"2-18周(双),1-18周",0,傅冬生,"1-18周 周一 第1节-第2节 仙Ⅰ-206,2-18周(双) 周四 第5节-第6节 仙Ⅱ-207",3.0,数学学院,否,理论类课程,"周四,周一",2017-2018-1,,201711110020076973,2016地球科学与工程学院理科试验班（地球系统科学与环境）,0,仙林校区,2017-2018学年 第1学期,76973,"仙Ⅱ-207,仙Ⅰ-206",0.0,否,,1,48,,0,0,概率论与数理统计,"11,12","第5节-第6节,第1节-第2节","仙I区, 仙II区",11100200
48.0,400110,概率论与数理统计(20171-11100200-7),201711110020076975,,3,,175,1-18周,0,赵进,1-18周 周一 第5节-第7节 仙Ⅰ-320,3.0,数学学院,否,理论类课程,周一,2017-2018-1,,201711110020076975,"2016大气科学学院大气科学类,2016现代工程与应用科学学院新能源科学与工程,2016现代工程与应用科学学院光电信息科学与工程,2016现代工程与应用科学学院材料化学,2016现代工程与应用科学学院材料物理",0,仙林校区,2017-2018学年 第1学期,76975,仙Ⅰ-320,0.0,否,,1,48,,0,0,概率论与数理统计,11,第5节-第7节,仙I区,11100200
32.0,400120,大学物理实验（一）(20171-12000010A-1),2017112000010A76137,,3,,212,4-18周,0,周进,4-18周 周一 第5节-第7节 ,2.0,物理学院,否,实验类课程,周一,2017-2018-1,,2017112000010A76137,2017匡亚明学院理科强化班,0,仙林校区,2017-2018学年 第1学期,76137,实验楼乙307、309、314、316丙301-303、305、307、308、317、319、322,48.0,否,,2,0,,0,0,大学物理实验（一）,,第5节-第7节,,12000010A
32.0,400120,大学物理实验（一）(20171-12000010A-2),2017112000010A76138,,3,,224,4-18周,0,胡小鹏,4-18周 周一 第9节-第11节 ,2.0,物理学院,否,实验类课程,周一,2017-2018-1,,2017112000010A76138,2017电子科学与工程学院电子信息类,0,仙林校区,2017-2018学年 第1学期,76138,实验楼乙307、309、314、316丙301-303、305、307、308、317、319、322,48.0,否,,2,0,,0,0,大学物理实验（一）,,第9节-第11节,,12000010A
32.0,400120,大学物理实验（一）(20171-12000010A-3),2017112000010A76139,,3,,149,4-18周,0,胡小鹏,4-18周 周二 第5节-第7节 ,2.0,物理学院,否,实验类课程,周二,2017-2018-1,,2017112000010A76139,2016数学学院数学类,0,仙林校区,2017-2018学年 第1学期,76139,实验楼乙307、309、314、316丙301-303、305、307、308、317、319、322,48.0,否,,2,0,,0,0,大学物理实验（一）,,第5节-第7节,,12000010A
32.0,400120,大学物理实验（一）(20171-12000010A-4),2017112000010A76140,,3,,225,4-18周,0,胡小鹏,4-18周 周二 第9节-第11节 ,2.0,物理学院,否,实验类课程,周二,2017-2018-1,,2017112000010A76140,"2017*理科试验班（地球科学与资源环境类）*地球科学与资源环境类,2017*理科试验班（数理科学类）*数理科学类",0,仙林校区,2017-2018学年 第1学期,76140,实验楼乙307、309、314、316丙301-303、305、307、308、317、319、322,48.0,否,,2,0,,0,0,大学物理实验（一）,,第9节-第11节,,12000010A
32.0,400120,大学物理实验（一）(20171-12000010A-5),2017112000010A76141,,3,,181,4-18周,0,周进,4-18周 周四 第5节-第7节 ,2.0,物理学院,否,实验类课程,周四,2017-2018-1,,2017112000010A76141,"2016化学学院化学,2016计算机学院计算机（计算机与金融工程方向）,2016计算机学院计算机科学与技术,2016化学学院应用化学",0,仙林校区,2017-2018学年 第1学期,76141,实验楼乙307、309、314、316丙301-303、305、307、308、317、319、322,48.0,否,,2,0,,0,0,大学物理实验（一）,,第5节-第7节,,12000010A
32.0,400120,大学物理实验（一）(20171-12000010A-6),2017112000010A76142,,3,,130,4-18周,0,周进,4-18周 周四 第9节-第11节 ,2.0,物理学院,否,实验类课程,周四,2017-2018-1,,2017112000010A76142,2017*理科试验班（地球科学与资源环境类）*地球科学与资源环境类,0,仙林校区,2017-2018学年 第1学期,76142,实验楼乙307、309、314、316丙301-303、305、307、308、317、319、322,48.0,否,,2,0,,0,0,大学物理实验（一）,,第9节-第11节,,12000010A
32.0,400120,大学物理实验（一）(20171-12000010A-7),2017112000010A76143,,3,,90,4-18周,0,周进,4-18周 周三 第5节-第7节 ,2.0,物理学院,否,实验类课程,周三,2017-2018-1,,2017112000010A76143,2017*理科试验班（数理科学类）*数理科学类,0,仙林校区,2017-2018学年 第1学期,76143,实验楼乙307、309、314、316丙301-303、305、307、308、317、319、322,48.0,否,,2,0,,0,0,大学物理实验（一）,,第5节-第7节,,12000010A
32.0,400120,大学物理实验（一）(20171-12000010A-8),2017112000010A76144,,3,,231,4-18周,0,周进,4-18周 周三 第9节-第11节 ,2.0,物理学院,否,实验类课程,周三,2017-2018-1,,2017112000010A76144,2017*理科试验班（数理科学类）*数理科学类,0,仙林校区,2017-2018学年 第1学期,76144,实验楼乙307、309、314、316丙301-303、305、307、308、317、319、322,48.0,否,,2,0,,0,0,大学物理实验（一）,,第9节-第11节,,12000010A
64.0,400120,普通物理(20171-12000012-2),201711200001278279,,3,,165,"1-18周,1-18周",0,温锦生,"1-18周 周三 第7节-第8节 逸B-101,1-18周 周五 第7节-第8节 逸B-101",4.0,物理学院,否,理论类课程,"周三,周五",2017-2018-1,,201711200001278279,2016数学学院数学类,0,仙林校区,2017-2018学年 第1学期,78279,"逸B-101,逸B-101",0.0,否,,1,64,,0,0,普通物理,16,"第7节-第8节,第7节-第8节",逸夫楼B区,12000012
48.0,400120,普通物理（上）(20171-12000014A-1),2017112000014A78067,,3,,83,"1-18周,2-18周(双)",0,卢定伟,"1-18周 周二 第3节-第4节 仙Ⅱ-312,2-18周(双) 周五 第5节-第6节 仙Ⅱ-312",3.0,物理学院,否,理论类课程,"周二,周五",2017-2018-1,,2017112000014A78067,"2016环境学院环境工程,2016环境学院环境科学（环规）,2016环境学院环境科学（环生）,2016环境学院环境科学（环化）",0,仙林校区,2017-2018学年 第1学期,78067,"仙Ⅱ-312,仙Ⅱ-312",0.0,否,,1,48,,0,0,普通物理（上）,12,"第3节-第4节,第5节-第6节",仙II区,12000014A
48.0,400120,普通物理（下）(20171-12000014B-1),2017112000014B77511,,3,,120,"1-17周(单),1-18周",0,法伟,"1-18周 周三 第3节-第4节 逸B-410,1-17周(单) 周一 第3节-第4节 逸B-207",3.0,物理学院,否,理论类课程,"周一,周三",2017-2018-1,,2017112000014B77511,"2016化学学院化学,2016化学学院应用化学",0,仙林校区,2017-2018学年 第1学期,77511,"逸B-207,逸B-410",0.0,否,,1,48,,0,0,普通物理（下）,16,"第3节-第4节,第3节-第4节",逸夫楼B区,12000014B
48.0,400120,普通物理（下）(20171-12000014B-2),2017112000014B78277,,3,,30,1-18周,0,熊翔,1-18周 周一 第2节-第4节 逸B-307,3.0,物理学院,否,理论类课程,周一,2017-2018-1,,2017112000014B78277,2016工程管理学院自动化,0,仙林校区,2017-2018学年 第1学期,78277,逸B-307,0.0,否,,1,48,,0,0,普通物理（下）,16,第2节-第4节,逸夫楼B区,12000014B
48.0,400120,普通物理（下）(20171-12000014B-3),2017112000014B78280,,3,,51,"2-18周(双),1-18周",0,唐少龙,"1-18周 周三 第1节-第2节 仙Ⅱ-214,2-18周(双) 周一 第3节-第4节 仙Ⅱ-214",3.0,物理学院,否,理论类课程,"周一,周三",2017-2018-1,,2017112000014B78280,"2016地球科学与工程学院地质学,2016地球科学与工程学院地质学（地球物理学方向）,2016地球科学与工程学院地下水科学与工程,2016地球科学与工程学院水文与水资源工程,2016地球科学与工程学院地质工程,2016地球科学与工程学院地球化学",0,仙林校区,2017-2018学年 第1学期,78280,"仙Ⅱ-214,仙Ⅱ-214",0.0,否,,1,48,,0,0,普通物理（下）,12,"第3节-第4节,第1节-第2节",仙II区,12000014B
64.0,400120,普通物理（下）(20171-12000016B-1),2017112000016B78146,,3,,42,"1-18周,1-18周",0,杨跃涛,"1-18周 周二 第3节-第4节 逸B-307,1-18周 周五 第3节-第4节 逸B-307",4.0,物理学院,否,理论类课程,"周二,周五",2017-2018-1,,2017112000016B78146,"2016地理与海洋科学学院地理科学,2016地理与海洋科学学院自然地理与资源环境,2016地理与海洋科学学院地理信息科学,2016地理与海洋科学学院海洋科学",0,仙林校区,2017-2018学年 第1学期,78146,"逸B-307,逸B-307",0.0,否,,1,64,,0,0,普通物理（下）,16,"第3节-第4节,第3节-第4节",逸夫楼B区,12000016B
64.0,400120,普通物理（下）(20171-12000016B-2),2017112000016B78281,,3,,96,"1-18周,1-18周",0,祝熙宇,"1-18周 周三 第1节-第2节 仙Ⅱ-505,1-18周 周一 第3节-第4节 仙Ⅰ-319",4.0,物理学院,否,理论类课程,"周一,周三",2017-2018-1,,2017112000016B78281,2016地球科学与工程学院理科试验班（地球系统科学与环境）,0,仙林校区,2017-2018学年 第1学期,78281,"仙Ⅰ-319,仙Ⅱ-505",0.0,否,,1,64,,0,0,普通物理（下）,"11,12","第3节-第4节,第1节-第2节","仙I区, 仙II区",12000016B
64.0,400120,普通物理（下）(20171-12000016B-3),2017112000016B78282,,3,,54,"1-18周,1-18周",0,高力波,"1-18周 周三 第3节-第4节 仙Ⅰ-101,1-18周 周五 第3节-第4节 仙Ⅰ-101",4.0,物理学院,否,理论类课程,"周三,周五",2017-2018-1,,2017112000016B78282,2016大气科学学院大气科学类,0,仙林校区,2017-2018学年 第1学期,78282,"仙Ⅰ-101,仙Ⅰ-101",0.0,否,,1,64,,0,0,普通物理（下）,11,"第3节-第4节,第3节-第4节",仙I区,12000016B
48.0,400120,力学(20171-12000020-1),201711200002078680,,3,,53,"4-18周,4-18周",0,王思慧,"4-18周 周二 第1节-第2节 仙Ⅰ-102,4-18周 周四 第1节-第2节 仙Ⅰ-102",3.0,物理学院,否,理论类课程,"周四,周二",2017-2018-1,,201711200002078680,2017物理学院物理学（拔尖计划）,0,仙林校区,2017-2018学年 第1学期,78680,"仙Ⅰ-102,仙Ⅰ-102",0.0,否,,1,64,,0,0,力学,11,"第1节-第2节,第1节-第2节",仙I区,12000020
48.0,400120,光学(20171-12000050-1),201711200005076653,,3,,91,"1-17周(单),1-18周",0,于涛,"1-18周 周五 第3节-第4节 逸B-313,1-17周(单) 周二 第3节-第4节 逸B-212",3.0,物理学院,否,理论类课程,"周二,周五",2017-2018-1,,201711200005076653,,0,仙林校区,2017-2018学年 第1学期,76653,"逸B-212,逸B-313",0.0,否,,1,48,,0,0,光学,16,"第3节-第4节,第3节-第4节",逸夫楼B区,12000050
48.0,400120,光学(20171-12000050-2),201711200005076654,,3,,105,"1-17周(单),1-18周",0,陈卓,"1-18周 周五 第3节-第4节 逸B-104,1-17周(单) 周二 第3节-第4节 仙Ⅰ-319",3.0,物理学院,否,理论类课程,"周二,周五",2017-2018-1,,201711200005076654,,0,仙林校区,2017-2018学年 第1学期,76654,"仙Ⅰ-319,逸B-104",0.0,否,,1,48,,0,0,光学,"11,16","第3节-第4节,第3节-第4节","仙I区, 逸夫楼B区",12000050
48.0,400120,光学(20171-12000050-3),201711200005076655,,3,,33,"1-17周(单),1-18周",0,丁剑平,"1-18周 周五 第3节-第4节 逸B-506（翻转）,1-17周(单) 周二 第3节-第4节 逸B-502（翻转）",3.0,物理学院,否,理论类课程,"周二,周五",2017-2018-1,,201711200005076655,2016物理学院物理学（拔尖计划）,0,仙林校区,2017-2018学年 第1学期,76655,"逸B-502（翻转）,逸B-506（翻转）",0.0,否,,1,48,,0,0,光学,16,"第3节-第4节,第3节-第4节",逸夫楼B区,12000050
48.0,400120,近代物理(20171-12000060-1),201711200006076651,,3,,94,"1-18周,2-18周(双)",0,于扬,"1-18周 周一 第5节-第6节 仙Ⅱ-404,2-18周(双) 周三 第5节-第6节 仙Ⅱ-305",3.0,物理学院,否,理论类课程,"周一,周三",2017-2018-1,,201711200006076651,,0,仙林校区,2017-2018学年 第1学期,76651,"仙Ⅱ-404,仙Ⅱ-305",0.0,否,,1,48,,0,0,近代物理,12,"第5节-第6节,第5节-第6节",仙II区,12000060
48.0,400120,近代物理(20171-12000060-2),201711200006076652,,3,,99,"1-18周,2-18周(双)",0,陈伟中,"2-18周(双) 周三 第1节-第2节 仙Ⅱ-405,1-18周 周一 第5节-第6节 仙Ⅱ-405",3.0,物理学院,否,理论类课程,"周一,周三",2017-2018-1,,201711200006076652,,0,仙林校区,2017-2018学年 第1学期,76652,"仙Ⅱ-405,仙Ⅱ-405",0.0,否,,1,48,,0,0,近代物理,12,"第5节-第6节,第1节-第2节",仙II区,12000060
48.0,400120,近代物理(20171-12000060-3),201711200006076992,,3,,31,"1-18周,2-18周(双)",0,宋凤麒,"2-18周(双) 周三 第3节-第4节 仙Ⅱ-310,1-18周 周一 第5节-第6节 仙Ⅱ-310",3.0,物理学院,否,理论类课程,"周一,周三",2017-2018-1,,201711200006076992,2016物理学院物理学（拔尖计划）,0,仙林校区,2017-2018学年 第1学期,76992,"仙Ⅱ-310,仙Ⅱ-310",0.0,否,,1,48,,0,0,近代物理,12,"第5节-第6节,第3节-第4节",仙II区,12000060
48.0,400120,理论力学(20171-12000080-1),201711200008076657,,3,,120,"2-18周(双),1-18周",0,鞠国兴,"1-18周 周四 第3节-第4节 仙Ⅰ-319,2-18周(双) 周一 第3节-第4节 逸B-101",3.0,物理学院,否,理论类课程,"周一,周四",2017-2018-1,,201711200008076657,2016物理学院物理学（拔尖计划）,0,仙林校区,2017-2018学年 第1学期,76657,"逸B-101,仙Ⅰ-319",0.0,否,,1,64,,0,0,理论力学,"11,16","第3节-第4节,第3节-第4节","仙I区, 逸夫楼B区",12000080
48.0,400120,理论力学(20171-12000080-2),201711200008076658,,3,,108,"2-18周(双),1-18周",0,安晋,"1-18周 周四 第3节-第4节 逸B-212,2-18周(双) 周一 第3节-第4节 逸B-104",3.0,物理学院,否,理论类课程,"周一,周四",2017-2018-1,,201711200008076658,,0,仙林校区,2017-2018学年 第1学期,76658,"逸B-104,逸B-212",0.0,否,,1,64,,0,0,理论力学,16,"第3节-第4节,第3节-第4节",逸夫楼B区,12000080
64.0,400120,理论力学(20171-12000081-1),201711200008177901,,3,,62,"1-18周,1-18周",0,王达,"1-18周 周一 第5节-第6节 仙Ⅱ-214,1-18周 周四 第5节-第6节 仙Ⅱ-214",4.0,物理学院,否,理论类课程,"周一,周四",2017-2018-1,,201711200008177901,2016匡亚明学院理科强化班,0,仙林校区,2017-2018学年 第1学期,77901,"仙Ⅱ-214,仙Ⅱ-214",0.0,否,,1,64,,0,0,理论力学,12,"第5节-第6节,第5节-第6节",仙II区,12000081
32.0,400120,近代物理实验（二）(20171-12000100B-1),2017112000100B76675,,1,,55,3-18周,0,黄润生,3-18周 周四 第5节-第7节 ,2.0,物理学院,否,实验类课程,周四,2017-2018-1,,2017112000100B76675,2014物理学院物理学,0,鼓楼校区,2017-2018学年 第1学期,76675,物理楼 201；204-206；220；303；515,48.0,否,,2,0,,0,0,近代物理实验（二）,,第5节-第7节,,12000100B
32.0,400120,近代物理实验（二）(20171-12000100B-2),2017112000100B76676,,1,,74,1-18周,0,黄润生,1-18周 周四 第9节-第11节 ,2.0,物理学院,否,实验类课程,周四,2017-2018-1,,2017112000100B76676,2014物理学院物理学,0,鼓楼校区,2017-2018学年 第1学期,76676,物理楼 201；204-206；220；303；515,48.0,否,,2,0,,0,0,近代物理实验（二）,,第9节-第11节,,12000100B
32.0,400120,近代物理实验（二）(20171-12000100B-3),2017112000100B76677,,1,,45,3-18周,0,黄润生,3-18周 周五 第9节-第11节 ,2.0,物理学院,否,实验类课程,周五,2017-2018-1,,2017112000100B76677,2014物理学院物理学,0,鼓楼校区,2017-2018学年 第1学期,76677,物理楼 201；204-206；220；303；515,48.0,否,,2,0,,0,0,近代物理实验（二）,,第9节-第11节,,12000100B
32.0,400120,近代物理实验（二）(20171-12000100B-4),2017112000100B77902,,1,,42,3-18周,0,黄润生,3-18周 周五 第5节-第7节 ,2.0,物理学院,否,实验类课程,周五,2017-2018-1,,2017112000100B77902,"2014天文与空间科学学院天文学,2014匡亚明学院理科强化班,2014天文与空间科学学院空间科学与技术",0,鼓楼校区,2017-2018学年 第1学期,77902,物理楼 201；204-206；220；303；515,48.0,否,,2,0,,0,0,近代物理实验（二）,,第5节-第7节,,12000100B
64.0,400120,量子力学(20171-12000110-1),201711200011076661,,1,,59,"1-18周,1-18周",0,周苑,"1-18周 周五 第3节-第4节 教121,1-18周 周二 第5节-第6节 教121",4.0,物理学院,否,理论类课程,"周二,周五",2017-2018-1,,201711200011076661,2015物理学院物理学,0,鼓楼校区,2017-2018学年 第1学期,76661,"教121,教121",0.0,否,,1,64,,0,0,量子力学,1,"第5节-第6节,第3节-第4节",教学楼,12000110
64.0,400120,量子力学(20171-12000110-2),201711200011076662,,1,,66,"1-18周,1-17周(单)",0,于顺利,"1-17周(单) 周四 第1节-第2节 教121,1-18周 周二 第3节-第4节 教121",4.0,物理学院,否,理论类课程,"周二,周四",2017-2018-1,,201711200011076662,2015物理学院物理学,0,鼓楼校区,2017-2018学年 第1学期,76662,"教121,教121",0.0,否,,1,64,,0,0,量子力学,1,"第3节-第4节,第1节-第2节",教学楼,12000110
64.0,400120,量子力学(20171-12000110-3),201711200011076663,,1,,32,"1-17周(单),1-18周",0,李建新,"1-18周 周三 第3节-第4节 教220,1-17周(单) 周一 第3节-第4节 教220",4.0,物理学院,否,理论类课程,"周一,周三",2017-2018-1,,201711200011076663,"2015物理学院物理学,2015物理学院物理学（拔尖计划）",0,鼓楼校区,2017-2018学年 第1学期,76663,"教220,教220",0.0,否,,1,64,,0,0,量子力学,1,"第3节-第4节,第3节-第4节",教学楼,12000110
64.0,400120,量子力学(20171-12000110-4),201711200011076664,,1,,0,2-18周(双),0,于顺利,2-18周(双) 周一 第3节-第4节 教202,4.0,物理学院,否,理论类课程,周一,2017-2018-1,,201711200011076664,2015物理学院物理学,0,鼓楼校区,2017-2018学年 第1学期,76664,教202,0.0,否,,1,64,,0,0,量子力学,1,第3节-第4节,教学楼,12000110
64.0,400120,量子力学(20171-12000110-5),201711200011077899,,3,,71,"1-18周,1-18周",0,沈瑞,"1-18周 周一 第3节-第4节 仙Ⅱ-104,1-18周 周四 第5节-第6节 仙Ⅱ-103",4.0,物理学院,否,理论类课程,"周一,周四",2017-2018-1,,201711200011077899,"2015地球科学与工程学院地质学（地球物理学方向）,2015匡亚明学院理科强化班,2015天文与空间科学学院天文学",0,仙林校区,2017-2018学年 第1学期,77899,"仙Ⅱ-104,仙Ⅱ-103",0.0,否,,1,64,,0,0,量子力学,12,"第3节-第4节,第5节-第6节",仙II区,12000110
48.0,400120,电动力学(20171-12000120-1),201711200012076665,,1,,60,"1-18周,1-18周",0,孙建,"1-18周 周一 第1节-第2节 教213,1-18周 周四 第3节-第4节 教213",3.0,物理学院,否,理论类课程,"周一,周四",2017-2018-1,,201711200012076665,2015物理学院物理学,0,鼓楼校区,2017-2018学年 第1学期,76665,"教213,教213",0.0,否,,1,68,,0,0,电动力学,1,"第1节-第2节,第3节-第4节",教学楼,12000120
48.0,400120,电动力学(20171-12000120-2),201711200012076666,,1,,32,"1-18周,1-18周",0,王振林,"1-18周 周五 第1节-第2节 教220,1-18周 周二 第3节-第4节 教220",3.0,物理学院,否,理论类课程,"周二,周五",2017-2018-1,,201711200012076666,"2015物理学院物理学,2015物理学院物理学（拔尖计划）",0,鼓楼校区,2017-2018学年 第1学期,76666,"教220,教220",0.0,否,,1,68,,0,0,电动力学,1,"第3节-第4节,第1节-第2节",教学楼,12000120
48.0,400120,电动力学(20171-12000120-3),201711200012076667,,1,,63,"1-18周,1-18周",0,詹鹏,"1-18周 周一 第1节-第2节 教121,1-18周 周四 第3节-第4节 教121",3.0,物理学院,否,理论类课程,"周一,周四",2017-2018-1,,201711200012076667,2015物理学院物理学,0,鼓楼校区,2017-2018学年 第1学期,76667,"教121,教121",0.0,否,,1,68,,0,0,电动力学,1,"第1节-第2节,第3节-第4节",教学楼,12000120
16.0,400120,物理学前沿讲座(20171-12000160-1),201711200016076656,,3,,222,1-18周,0,"吴小山,秦猛",1-18周 周五 第5节-第6节 仙Ⅱ-207,1.0,物理学院,否,理论类课程,周五,2017-2018-1,,201711200016076656,2016物理学院物理学（拔尖计划）,0,仙林校区,2017-2018学年 第1学期,76656,仙Ⅱ-207,0.0,否,,1,16,,0,0,物理学前沿讲座,12,第5节-第6节,仙II区,12000160
32.0,400120,基础物理综合(20171-12000310-1),201711200031076678,,1,,41,1-18周,0,高文莉,1-18周 周二 第1节-第2节 教121,2.0,物理学院,否,理论类课程,周二,2017-2018-1,,201711200031076678,"2014物理学院物理学,2014物理学院物理学（拔尖计划）,2014物理学院声学",0,鼓楼校区,2017-2018学年 第1学期,76678,教121,0.0,否,,1,32,,0,0,基础物理综合,1,第1节-第2节,教学楼,12000310
48.0,400120,统计物理补充(20171-12000330-1),201711200033076679,,1,,29,1-18周,0,陈延彬,1-18周 周一 第5节-第7节 教121,3.0,物理学院,否,理论类课程,周一,2017-2018-1,,201711200033076679,"2014物理学院物理学,2014物理学院物理学（拔尖计划）",0,鼓楼校区,2017-2018学年 第1学期,76679,教121,0.0,否,,1,48,,0,0,统计物理补充,1,第5节-第7节,教学楼,12000330
48.0,400120,模拟电路(20171-12000340-1),201711200034076659,,3,,41,1-18周,0,"程营,许坚毅",1-18周 周四 第5节-第7节 仙Ⅰ-319,3.0,物理学院,否,理论类课程,周四,2017-2018-1,,201711200034076659,2016物理学院物理学（拔尖计划）,0,仙林校区,2017-2018学年 第1学期,76659,仙Ⅰ-319,0.0,否,,1,48,,0,0,模拟电路,11,第5节-第7节,仙I区,12000340
48.0,400120,数字电路(20171-12000350-1),201711200035077903,,3,,0,,0,,,3.0,物理学院,否,理论类课程,,2017-2018-1,,201711200035077903,,0,仙林校区,2017-2018学年 第1学期,77903,,0.0,否,,1,48,,0,0,数字电路,,,,12000350
48.0,400120,数字电路(20171-12000350-2),201711200035077904,,3,,21,1-18周,0,徐晓东,1-18周 周五 第5节-第7节 仙Ⅰ-202,3.0,物理学院,否,理论类课程,周五,2017-2018-1,,201711200035077904,"2015现代工程与应用科学学院材料物理,2015现代工程与应用科学学院光电信息科学与工程,2015现代工程与应用科学学院材料化学",0,仙林校区,2017-2018学年 第1学期,77904,仙Ⅰ-202,0.0,否,,1,48,,0,0,数字电路,11,第5节-第7节,仙I区,12000350
32.0,400120,能源工学(20171-12000630-1),201711200063076668,,1,,84,1-18周,0,周勇,1-18周 周四 第5节-第6节 教121,2.0,物理学院,否,理论类课程,周四,2017-2018-1,,201711200063076668,"2015物理学院物理学,2015物理学院物理学（拔尖计划）,2015物理学院声学",0,鼓楼校区,2017-2018学年 第1学期,76668,教121,0.0,否,,1,32,,0,0,能源工学,1,第5节-第6节,教学楼,12000630
32.0,400120,自动控制理论(20171-12000640-1),201711200064076669,,1,,76,1-18周,0,杨京,1-18周 周三 第5节-第6节 教121,2.0,物理学院,否,理论类课程,周三,2017-2018-1,,201711200064076669,"2015物理学院物理学,2015物理学院物理学（拔尖计划）,2015物理学院声学",0,鼓楼校区,2017-2018学年 第1学期,76669,教121,0.0,否,,1,32,,0,0,自动控制理论,1,第5节-第6节,教学楼,12000640
48.0,400120,单片机原理与接口技术(20171-12000700-1),201711200070076680,,1,,8,"1-9周,10-18周",0,张仲宁,"1-9周 周二 第5节-第7节 教220,10-18周 周二 第5节-第7节 ",3.0,物理学院,否,理论类课程,"周二,周二",2017-2018-1,,201711200070076680,"2014物理学院物理学,2014物理学院声学",0,鼓楼校区,2017-2018学年 第1学期,76680,"教220,物理楼503",0.0,否,,1,48,,0,0,单片机原理与接口技术,1,"第5节-第7节,第5节-第7节",教学楼,12000700
32.0,400120,电工学(20171-12000790-1),201711200079078069,,3,,20,1-18周,0,石荣章,1-18周 周一 第3节-第4节 仙Ⅱ-102,2.0,物理学院,否,理论类课程,周一,2017-2018-1,,201711200079078069,2016环境学院环境工程,0,仙林校区,2017-2018学年 第1学期,78069,仙Ⅱ-102,0.0,否,,1,32,,0,0,电工学,12,第3节-第4节,仙II区,12000790
32.0,400120,数据统计与分析(20171-12000800-1),201711200080076660,,3,,170,1-18周,0,秦猛,1-18周 周二 第9节-第10节 仙Ⅰ-207,2.0,物理学院,否,理论类课程,周二,2017-2018-1,,201711200080076660,2016物理学院物理学（拔尖计划）,0,仙林校区,2017-2018学年 第1学期,76660,仙Ⅰ-207,0.0,否,,1,32,,0,0,数据统计与分析,11,第9节-第10节,仙I区,12000800
32.0,400120,高性能计算(20171-12000820-1),201711200082076683,,1,,67,3-18周,0,盛乐标,3-18周 周四 第3节-第4节 教102,2.0,物理学院,否,理论类课程,周四,2017-2018-1,,201711200082076683,"2014物理学院物理学,2014物理学院声学",0,鼓楼校区,2017-2018学年 第1学期,76683,教102,0.0,否,,1,32,,0,0,高性能计算,1,第3节-第4节,教学楼,12000820
16.0,400120,小学期系列讲座(20171-12000920-1),201711200092078655,,1,,32,1-18周,0,应学农,1-18周 自由时间 - ,1.0,物理学院,否,理论类课程,自由时间,2017-2018-1,,201711200092078655,"2015物理学院物理学,2015物理学院声学",0,鼓楼校区,2017-2018学年 第1学期,78655,无,0.0,否,,1,16,,0,0,小学期系列讲座,,自由时间,,12000920
32.0,400120,数理科学概论(20171-12001010-1),201711200101078681,,3,,274,4-18周,0,"梅加强,施勇,马红孺,杨修群,吴小山,周济林,王祥玉,郭学军,沈瑞,丁爱军,孙智伟",4-18周 周三 第5节-第6节 仙Ⅰ-106,2.0,物理学院,否,理论类课程,周三,2017-2018-1,,201711200101078681,2017*理科试验班（数理科学类）*数理科学类,0,仙林校区,2017-2018学年 第1学期,78681,仙Ⅰ-106,0.0,否,,1,32,,0,0,数理科学概论,11,第5节-第6节,仙I区,12001010
32.0,400120,数理科学概论(20171-12001010-2),201711200101078682,,3,,144,4-18周,0,"杨修群,吴小山,王祥玉,梅加强,周济林,郭学军,孙智伟,沈瑞,丁爱军,马红孺,施勇",4-18周 周二 第7节-第8节 仙Ⅰ-108,2.0,物理学院,否,理论类课程,周二,2017-2018-1,,201711200101078682,2017*理科试验班（数理科学类）*数理科学类,0,仙林校区,2017-2018学年 第1学期,78682,仙Ⅰ-108,0.0,否,,1,32,,0,0,数理科学概论,11,第7节-第8节,仙I区,12001010
80.0,400120,高等量子力学(20171-12010210-1),201711201021076685,,1,,91,"3-18周,3-18周",0,李俊,"3-18周 周五 第9节-第10节 教222,3-18周 周二 第9节-第11节 教222",5.0,物理学院,否,理论类课程,"周二,周五",2017-2018-1,,201711201021076685,"2014物理学院物理学,2014匡亚明学院理科强化班",0,鼓楼校区,2017-2018学年 第1学期,76685,"教222,教222",0.0,否,,1,80,,0,0,高等量子力学,1,"第9节-第11节,第9节-第10节",教学楼,12010210
32.0,400120,磁性材料(20171-12010240-1),201711201024076689,,1,,8,1-18周,0,唐少龙,1-18周 周四 第1节-第2节 教208,2.0,物理学院,否,理论类课程,周四,2017-2018-1,,201711201024076689,"2014物理学院物理学,2014物理学院物理学（拔尖计划）",0,鼓楼校区,2017-2018学年 第1学期,76689,教208,0.0,否,,1,32,,0,0,磁性材料,1,第1节-第2节,教学楼,12010240
48.0,400120,超导物理与器件(20171-12010250-1),201711201025076690,,1,,22,"4-18周(双),3-18周",0,闻海虎,"3-18周 周五 第3节-第4节 教201,4-18周(双) 周三 第5节-第6节 教201",3.0,物理学院,否,理论类课程,"周三,周五",2017-2018-1,,201711201025076690,"2014物理学院物理学,2014物理学院物理学（拔尖计划）",0,鼓楼校区,2017-2018学年 第1学期,76690,"教201,教201",0.0,否,,1,48,,0,0,超导物理与器件,1,"第5节-第6节,第3节-第4节",教学楼,12010250
48.0,400120,晶体物理性能(20171-12020210-1),201711202021076691,,1,,7,3-18周,0,吕笑梅,3-18周 周二 第5节-第7节 教208,3.0,物理学院,否,理论类课程,周二,2017-2018-1,,201711202021076691,2014物理学院物理学,0,鼓楼校区,2017-2018学年 第1学期,76691,教208,0.0,否,,1,48,,0,0,晶体物理性能,1,第5节-第7节,教学楼,12020210
32.0,400120,光电子技术(20171-12020240-1),201711202024076692,,1,,18,1-18周,0,"周进,胡小鹏",1-18周 周三 第3节-第4节 教303,2.0,物理学院,否,理论类课程,周三,2017-2018-1,,201711202024076692,"2014物理学院物理学,2014物理学院物理学（拔尖计划）",0,鼓楼校区,2017-2018学年 第1学期,76692,教303,0.0,否,,1,32,,0,0,光电子技术,1,第3节-第4节,教学楼,12020240
48.0,400120,激光原理与技术(20171-12020260-1),201711202026076693,,1,,29,1-18周,0,"胡小鹏,张春峰",1-18周 周五 第5节-第7节 教208,3.0,物理学院,否,理论类课程,周五,2017-2018-1,,201711202026076693,"2014物理学院物理学,2014物理学院物理学（拔尖计划）",0,鼓楼校区,2017-2018学年 第1学期,76693,教208,0.0,否,,1,48,,0,0,激光原理与技术,1,第5节-第7节,教学楼,12020260
32.0,400120,核物理实验方法与辐射防护(20171-12030220-1),201711203022076694,,1,,7,1-18周,0,赵经武,1-18周 周三 第1节-第2节 教220,2.0,物理学院,否,理论类课程,周三,2017-2018-1,,201711203022076694,"2014物理学院物理学,2014物理学院物理学（拔尖计划）",0,鼓楼校区,2017-2018学年 第1学期,76694,教220,0.0,否,,1,32,,0,0,核物理实验方法与辐射防护,1,第1节-第2节,教学楼,12030220
48.0,400120,软物质物理(20171-12030240-1),201711203024076695,,1,,11,"1周,3-18周",0,马余强,"1周,3-18周 周五 第5节-第7节 教202",3.0,物理学院,否,理论类课程,周五,2017-2018-1,,201711203024076695,"2014物理学院物理学,2014物理学院物理学（拔尖计划）",0,鼓楼校区,2017-2018学年 第1学期,76695,教202,0.0,否,,1,48,,0,0,软物质物理,1,第5节-第7节,教学楼,12030240
48.0,400120,生物物理学(20171-12030250-1),201711203025077027,,1,,38,3-18周,0,王炜,3-18周 周二 第5节-第7节 教213,3.0,物理学院,否,理论类课程,周二,2017-2018-1,,201711203025077027,"2014物理学院物理学,2014现代工程与应用科学学院生物医学工程,2014物理学院物理学（拔尖计划）",0,鼓楼校区,2017-2018学年 第1学期,77027,教213,0.0,否,,1,48,,0,0,生物物理学,1,第5节-第7节,教学楼,12030250
48.0,400120,数字信号处理(20171-12040040-1),201711204004076670,,1,,39,"1-18周,2-18周(双)",0,郭霞生,"1-18周 周五 第5节-第6节 教205,2-18周(双) 周二 第5节-第6节 教205",3.0,物理学院,否,理论类课程,"周五,周二",2017-2018-1,,201711204004076670,2015物理学院声学,0,鼓楼校区,2017-2018学年 第1学期,76670,"教205,教205",0.0,否,,1,48,,0,0,数字信号处理,1,"第5节-第6节,第5节-第6节",教学楼,12040040
64.0,400120,声学基础(20171-12040050-1),201711204005076671,,1,,49,"1-18周,1-18周",0,王新龙,"1-18周 周二 第3节-第4节 教208,1-18周 周五 第3节-第4节 教208",4.0,物理学院,否,理论类课程,"周二,周五",2017-2018-1,,201711204005076671,2015物理学院声学,0,鼓楼校区,2017-2018学年 第1学期,76671,"教208,教208",0.0,否,,1,64,,0,0,声学基础,1,"第3节-第4节,第3节-第4节",教学楼,12040050
32.0,400120,声学专题1（电声、超声）（二）(20171-12040080B-1),2017112040080B76698,,1,,41,1-18周,0,"卢晶,林志斌",1-18周 周一 第5节-第6节 教220,2.0,物理学院,否,理论类课程,周一,2017-2018-1,,2017112040080B76698,2014物理学院声学,0,鼓楼校区,2017-2018学年 第1学期,76698,教220,0.0,否,,1,32,,0,0,声学专题1（电声、超声）（二）,1,第5节-第6节,教学楼,12040080B
48.0,400120,理论物理Ⅱ(20171-12040210-1),201711204021076672,,1,,9,"1-18周,2-18周(双)",0,梁彬,"1-18周 周一 第3节-第4节 教208,2-18周(双) 周四 第3节-第4节 教208",3.0,物理学院,否,理论类课程,"周一,周四",2017-2018-1,,201711204021076672,2015物理学院声学,0,鼓楼校区,2017-2018学年 第1学期,76672,"教208,教208",0.0,否,,1,48,,0,0,理论物理Ⅱ,1,"第3节-第4节,第3节-第4节",教学楼,12040210
48.0,400120,计算方法(20171-12040230-1),201711204023076673,,1,,32,"1-17周(单),1-18周",0,刘晓宙,"1-18周 周三 第3节-第4节 教208,1-17周(单) 周一 第5节-第6节 教208",3.0,物理学院,否,理论类课程,"周一,周三",2017-2018-1,,201711204023076673,2015物理学院声学,0,鼓楼校区,2017-2018学年 第1学期,76673,"教208,教208",0.0,否,,1,48,,0,0,计算方法及Matlab实现,1,"第5节-第6节,第3节-第4节",教学楼,12040230
48.0,400120,建筑声学(20171-12040260-1),201711204026076700,,1,,9,1-18周,0,陶建成,1-18周 周五 第3节-第4节 教305,3.0,物理学院,否,理论类课程,周五,2017-2018-1,,201711204026076700,2014物理学院声学,0,鼓楼校区,2017-2018学年 第1学期,76700,教305,0.0,否,,1,48,,0,0,建筑声学与音频工程,1,第3节-第4节,教学楼,12040260
32.0,400120,音频工程(20171-12040270-1),201711204027076701,,1,,10,1-18周,0,林志斌,1-18周 周四 第5节-第6节 教305,2.0,物理学院,否,理论类课程,周四,2017-2018-1,,201711204027076701,2014物理学院声学,0,鼓楼校区,2017-2018学年 第1学期,76701,教305,0.0,否,,1,32,,0,0,音频工程,1,第5节-第6节,教学楼,12040270
32.0,400120,声学专题Ⅱ（光声、声人工结构）(20171-12040290-1),201711204029076702,,1,,11,1-18周,0,"程营,陶超",1-18周 周三 第3节-第4节 教310,2.0,物理学院,否,理论类课程,周三,2017-2018-1,,201711204029076702,2014物理学院声学,0,鼓楼校区,2017-2018学年 第1学期,76702,教310,0.0,否,,1,32,,0,0,声学专题Ⅱ（光声、声人工结构）,1,第3节-第4节,教学楼,12040290
32.0,400120,传感器与传动器(20171-12040300-1),201711204030076696,,1,,7,1-18周,0,"范理,程利平",1-18周 周一 第3节-第4节 教301,2.0,物理学院,否,理论类课程,周一,2017-2018-1,,201711204030076696,"2014物理学院物理学,2014物理学院物理学（拔尖计划）,2014物理学院声学",0,鼓楼校区,2017-2018学年 第1学期,76696,教301,0.0,否,,1,32,,0,0,传感器与传动器,1,第3节-第4节,教学楼,12040300
16.0,400120,声学测量实验(20171-12040310T-1),2017112040310T76699,,1,,41,1-18周,0,"杨京,刘晓峻",1-18周 周五 第5节-第7节 ,1.0,物理学院,否,实验类课程,周五,2017-2018-1,,2017112040310T76699,2014物理学院声学,0,鼓楼校区,2017-2018学年 第1学期,76699,声学楼208,34.0,否,,2,0,,0,0,声学测量实验,,第5节-第7节,,12040310T
64.0,400120,低温物理和现代制冷技术(20171-12050240-1),201711205024076697,,1,,16,"3-18周,3-18周",0,"方贵银,王智河","3-18周 周一 第1节-第2节 教103,3-18周 周三 第3节-第4节 教103",4.0,物理学院,否,理论类课程,"周一,周三",2017-2018-1,,201711205024076697,"2014物理学院物理学,2014物理学院物理学（拔尖计划）",0,鼓楼校区,2017-2018学年 第1学期,76697,"教103,教103",0.0,否,,1,64,,0,0,低温物理和现代制冷技术,1,"第1节-第2节,第3节-第4节",教学楼,12050240
80.0,400140,有机化学(20171-13000040-1),201711300004078057,,3,,39,"1-18周,1-18周",0,"郑文华,韩建林","1-18周 周二 第5节-第6节 仙Ⅱ-113,1-18周 周四 第7节-第8节 仙Ⅱ-113",5.0,化学学院,否,理论类课程,"周二,周四",2017-2018-1,,201711300004078057,,0,仙林校区,2017-2018学年 第1学期,78057,"仙Ⅱ-113,仙Ⅱ-113",0.0,否,,1,80,,0,0,有机化学,12,"第5节-第6节,第7节-第8节",仙II区,13000040
32.0,400140,有机化学实验(20171-13000040T-1),2017113000040T76214,,3,,29,2-18周(双),0,"全一武,何卫江,王庆军",2-18周(双) 周一 第3节-第8节 ,2.0,化学学院,否,实验类课程,周一,2017-2018-1,,2017113000040T76214,,0,仙林校区,2017-2018学年 第1学期,76214,实验楼甲517、518、519,64.0,否,,2,0,,0,0,有机化学实验,,第3节-第8节,,13000040T
48.0,400140,有机化学(20171-13000050A-1),2017113000050A77446,,3,,62,"1-18周,1-18周",0,"王少仲,陆红健,王杰","1-18周 周一 第1节-第2节 仙Ⅱ-102,1-18周 周四 第1节-第2节 仙Ⅱ-102",3.0,化学学院,否,理论类课程,"周一,周四",2017-2018-1,,2017113000050A77446,2016化学学院化学,0,仙林校区,2017-2018学年 第1学期,77446,"仙Ⅱ-102,仙Ⅱ-102",0.0,否,,1,48,,0,0,有机化学,12,"第1节-第2节,第1节-第2节",仙II区,13000050A
48.0,400140,有机化学(20171-13000050A-2),2017113000050A77448,,3,,51,"1-18周,1-18周",0,"林晨,吴琳,郑文华","1-18周 周一 第1节-第2节 逸B-302,1-18周 周四 第1节-第2节 逸B-302",3.0,化学学院,否,理论类课程,"周一,周四",2017-2018-1,,2017113000050A77448,2016化学学院化学,0,仙林校区,2017-2018学年 第1学期,77448,"逸B-302,逸B-302",0.0,否,,1,48,,0,0,有机化学,16,"第1节-第2节,第1节-第2节",逸夫楼B区,13000050A
64.0,400140,物理化学(20171-13000060-1),201711300006078428,,3,,44,1-18周,0,许波连,1-18周 周四 第5节-第7节 仙Ⅱ-102,4.0,化学学院,否,理论类课程,周四,2017-2018-1,,201711300006078428,2016医学院临床医学（八年制）,0,仙林校区,2017-2018学年 第1学期,78428,仙Ⅱ-102,0.0,否,,1,64,,0,0,物理化学,12,第5节-第7节,仙II区,13000060
56.0,400140,物理化学(20171-13000070A-1),2017113000070A77464,,3,,69,"1-18周,1-18周",0,侯文华,"1-18周 周二 第1节-第2节 逸B-303,1-18周 周五 第1节-第2节 逸B-303",3.5,化学学院,否,理论类课程,"周二,周五",2017-2018-1,,2017113000070A77464,2015化学学院化学,0,仙林校区,2017-2018学年 第1学期,77464,"逸B-303,逸B-303",0.0,否,,1,64,,0,0,物理化学,16,"第1节-第2节,第1节-第2节",逸夫楼B区,13000070A
56.0,400140,物理化学(20171-13000070A-2),2017113000070A77465,,3,,80,"1-18周,1-18周",0,吴强,"1-18周 周二 第1节-第2节 仙Ⅱ-211,1-18周 周五 第1节-第2节 仙Ⅱ-211",3.5,化学学院,否,理论类课程,"周二,周五",2017-2018-1,,2017113000070A77465,"2015化学学院化学,2015环境学院环境科学（环化）,2015化学学院应用化学",0,仙林校区,2017-2018学年 第1学期,77465,"仙Ⅱ-211,仙Ⅱ-211",0.0,否,,1,64,,0,0,物理化学,12,"第1节-第2节,第1节-第2节",仙II区,13000070A
48.0,400140,物理化学实验(20171-13000070TA-1),2017113000070TA76215,,3,,68,1-18周,0,"刘春根,朱静,王喜章,淳远,周爱东",1-18周 周一 第3节-第8节 ,3.0,化学学院,否,实验类课程,周一,2017-2018-1,,2017113000070TA76215,2015化学学院化学,0,仙林校区,2017-2018学年 第1学期,76215,"实验楼甲401,401-1,122,111,113",96.0,否,,2,0,,0,0,物理化学实验,,第3节-第8节,,13000070TA
48.0,400140,物理化学实验(20171-13000070TA-2),2017113000070TA76216,,3,,60,1-18周,0,"杜学忠,彭路明,许波连,淳远,周爱东,郭学锋,朱静,杨立军",1-18周 周二 第3节-第8节 ,3.0,化学学院,否,实验类课程,周二,2017-2018-1,,2017113000070TA76216,"2015化学学院应用化学,2015化学学院化学(基地)",0,仙林校区,2017-2018学年 第1学期,76216,"实验楼甲107,109,113,115,120,122,111,401,401-1",96.0,否,,2,0,,0,0,物理化学实验,,第3节-第8节,,13000070TA
48.0,400140,物理化学实验(20171-13000070TA-3),2017113000070TA76217,,3,,55,1-18周,0,"傅玉川,周爱东,季伟捷,陈兆旭,胡柏星,淳远,朱静",1-18周 周四 第3节-第8节 ,3.0,化学学院,否,实验类课程,周四,2017-2018-1,,2017113000070TA76217,"2015化学学院化学,2015匡亚明学院理科强化班,2015环境学院环境科学（环化）",0,仙林校区,2017-2018学年 第1学期,76217,"实验楼甲401,401-1,122,115,111,107,109,113,120",96.0,否,,2,0,,0,0,物理化学实验,,第3节-第8节,,13000070TA
64.0,400140,有机化学实验(20171-13000090A-1),2017113000090A76211,,3,,48,2-18周,0,"王毅,李琳,尹桂,陆红健,谢劲,成义祥",2-18周 周二 第3节-第8节 ,4.0,化学学院,否,,周二,2017-2018-1,,2017113000090A76211,2016化学学院化学,0,仙林校区,2017-2018学年 第1学期,76211,实验楼甲区501、502、503、504,,否,,,,,,0,有机化学实验,,第3节-第8节,,13000090A
64.0,400140,有机化学实验(20171-13000090A-2),2017113000090A76212,,3,,40,2-18周,0,"武伟,尹桂,程旭,李琳",2-18周 周五 第3节-第8节 ,4.0,化学学院,否,,周五,2017-2018-1,,2017113000090A76212,2016化学学院化学,0,仙林校区,2017-2018学年 第1学期,76212,实验楼甲区517、518、504、519,,否,,,,,,0,有机化学实验,,第3节-第8节,,13000090A
64.0,400140,有机化学实验(20171-13000090A-3),2017113000090A76213,,3,,51,2-18周,0,"谢劲,陈葳,林晨,王晓亮,吴琳,李琳",2-18周 周四 第3节-第8节 ,4.0,化学学院,否,,周四,2017-2018-1,,2017113000090A76213,2016匡亚明学院理科强化班,0,仙林校区,2017-2018学年 第1学期,76213,实验楼甲区501、502、503、504、517、518,,否,,,,,,0,有机化学实验,,第3节-第8节,,13000090A
48.0,400140,物理化学实验(20171-13000100T-1),2017113000100T77742,,3,,10,1-18周,0,朱静,1-18周 周五 第3节-第8节 ,3.0,化学学院,否,实验类课程,周五,2017-2018-1,,2017113000100T77742,2015地球科学与工程学院地球化学,0,仙林校区,2017-2018学年 第1学期,77742,"实验楼甲113,115,117,107,109,120,122,401,401-1,111",96.0,否,,2,0,,0,0,物理化学实验,,第3节-第8节,,13000100T
48.0,400140,大学化学实验-ⅠA(20171-13000120A-1),2017113000120A76716,,3,,155,4-18周,0,"章文伟,康斌,张墩明,汪蓉,王凤彬,陶友荣,谢鸿峰,王庆,陆轻铱,田笑丛",4-18周 周一 第3节-第8节 ,3.0,化学学院,否,,周一,2017-2018-1,,2017113000120A76716,2017*理科试验班（化学与生命科学类）*化学与生命科学类,0,仙林校区,2017-2018学年 第1学期,76716,实验楼乙313、乙315、甲303、甲304、甲307、甲308、甲311、甲319、甲322,64.0,否,,,,,,0,大学化学实验-ⅠA,,第3节-第8节,,13000120A
48.0,400140,大学化学实验-ⅠA(20171-13000120A-2),2017113000120A76717,,3,,149,4-18周,0,"陶友荣,王庆,曹登科,王凤彬,马海凤,芦昌盛,丁霖,王英,章文伟,张墩明",4-18周 周二 第3节-第8节 ,3.0,化学学院,否,,周二,2017-2018-1,,2017113000120A76717,2017*理科试验班（化学与生命科学类）*化学与生命科学类,0,仙林校区,2017-2018学年 第1学期,76717,实验楼乙313、乙315、甲303、甲304、甲307、甲308、甲311、甲319、甲322,64.0,否,,,,,,0,大学化学实验-ⅠA,,第3节-第8节,,13000120A
48.0,400140,大学化学实验-ⅠA(20171-13000120A-3),2017113000120A76719,,3,,161,4-18周,0,"付翯云,王凤彬,王庆,鲍松松,周东山,史壮志,沈群东,黄伟,历红波,陶友荣",4-18周 周四 第3节-第8节 ,3.0,化学学院,否,,周四,2017-2018-1,,2017113000120A76719,2017匡亚明学院理科强化班,0,仙林校区,2017-2018学年 第1学期,76719,实验楼乙313、乙315、甲303、甲304、甲307、甲308、甲311、甲319、甲322,64.0,否,,,,,,0,大学化学实验-ⅠA,,第3节-第8节,,13000120A
32.0,400140,大学化学实验Ⅱ(20171-13000130-1),201711300013076720,,3,,107,4-11周,0,"王凤彬,马海凤,田笑丛",4-11周 周五 第3节-第8节 ,2.0,化学学院,否,理论+实验课程,周五,2017-2018-1,,201711300013076720,"2017医学院临床医学（八年制）,2017医学院口腔医学,2017医学院临床医学（5+3）",0,仙林校区,2017-2018学年 第1学期,76720,实验楼乙313、乙315、甲303、甲304,32.0,否,,6,,,,0,大学化学实验Ⅱ,,第3节-第8节,,13000130
48.0,400140,大学化学ⅠA(20171-13000140A-1),2017113000140A76722,,3,,87,"4-18周,4-18周",0,芦昌盛,"4-18周 周三 第1节-第2节 仙Ⅱ-305,4-18周 周五 第1节-第2节 仙Ⅱ-305",3.0,化学学院,否,理论类课程,"周三,周五",2017-2018-1,,2017113000140A76722,"2017*理科试验班（地球科学与资源环境类）*地球科学与资源环境类,2017*理科试验班（化学与生命科学类）*化学与生命科学类",0,仙林校区,2017-2018学年 第1学期,76722,"仙Ⅱ-305,仙Ⅱ-305",0.0,否,,1,48,,0,0,大学化学ⅠA,12,"第1节-第2节,第1节-第2节",仙II区,13000140A
48.0,400140,大学化学ⅠA(20171-13000140A-2),2017113000140A76723,,3,,66,"4-18周,4-18周",0,王新益,"4-18周 周三 第1节-第2节 仙Ⅱ-403,4-18周 周五 第1节-第2节 仙Ⅱ-403",3.0,化学学院,否,理论类课程,"周三,周五",2017-2018-1,,2017113000140A76723,"2017*理科试验班（地球科学与资源环境类）*地球科学与资源环境类,2017*理科试验班（化学与生命科学类）*化学与生命科学类",0,仙林校区,2017-2018学年 第1学期,76723,"仙Ⅱ-403,仙Ⅱ-403",0.0,否,,1,48,,0,0,大学化学ⅠA,12,"第1节-第2节,第1节-第2节",仙II区,13000140A
48.0,400140,大学化学ⅠA(20171-13000140A-3),2017113000140A76724,,3,,74,"4-18周,4-18周",0,王新平,"4-18周 周三 第1节-第2节 仙Ⅱ-313,4-18周 周五 第1节-第2节 仙Ⅱ-313",3.0,化学学院,否,理论类课程,"周三,周五",2017-2018-1,,2017113000140A76724,"2017*理科试验班（地球科学与资源环境类）*地球科学与资源环境类,2017*理科试验班（化学与生命科学类）*化学与生命科学类",0,仙林校区,2017-2018学年 第1学期,76724,"仙Ⅱ-313,仙Ⅱ-313",0.0,否,,1,48,,0,0,大学化学ⅠA,12,"第1节-第2节,第1节-第2节",仙II区,13000140A
48.0,400140,大学化学ⅠA(20171-13000140A-4),2017113000140A76725,,3,,82,"4-18周,4-18周",0,李承辉,"4-18周 周三 第3节-第4节 仙Ⅱ-313,4-18周 周五 第3节-第4节 仙Ⅱ-313",3.0,化学学院,否,理论类课程,"周三,周五",2017-2018-1,,2017113000140A76725,"2017*理科试验班（地球科学与资源环境类）*地球科学与资源环境类,2017*理科试验班（化学与生命科学类）*化学与生命科学类",0,仙林校区,2017-2018学年 第1学期,76725,"仙Ⅱ-313,仙Ⅱ-313",0.0,否,,1,48,,0,0,大学化学ⅠA,12,"第3节-第4节,第3节-第4节",仙II区,13000140A
48.0,400140,大学化学ⅠA(20171-13000140A-5),2017113000140A76726,,3,,67,"4-18周,4-18周",0,郑丽敏,"4-18周 周三 第1节-第2节 逸B-312,4-18周 周五 第1节-第2节 逸B-312",3.0,化学学院,否,理论类课程,"周三,周五",2017-2018-1,,2017113000140A76726,"2017*理科试验班（地球科学与资源环境类）*地球科学与资源环境类,2017*理科试验班（化学与生命科学类）*化学与生命科学类",0,仙林校区,2017-2018学年 第1学期,76726,"逸B-312,逸B-312",0.0,否,,1,48,,0,0,大学化学ⅠA,16,"第1节-第2节,第1节-第2节",逸夫楼B区,13000140A
48.0,400140,大学化学Ⅱ(20171-13000150-1),201711300015077678,,3,,49,"4-18周,4-18周",0,鲁艺,"4-18周 周四 第3节-第4节 仙Ⅰ-103,4-18周 周二 第7节-第8节 仙Ⅰ-103",3.0,化学学院,否,理论类课程,"周二,周四",2017-2018-1,,201711300015077678,2017医学院临床医学（八年制）,0,仙林校区,2017-2018学年 第1学期,77678,"仙Ⅰ-103,仙Ⅰ-103",0.0,否,,1,64,,0,0,大学化学Ⅱ,11,"第7节-第8节,第3节-第4节",仙I区,13000150
48.0,400140,大学化学Ⅱ(20171-13000150-2),201711300015077679,,3,,63,"4-18周,4-18周",0,郑鹏,"4-18周 周五 第1节-第2节 环科楼B-112,4-18周 周四 第3节-第4节 环科楼B-112",3.0,化学学院,否,理论类课程,"周四,周五",2017-2018-1,,201711300015077679,"2017医学院临床医学（5+3）,2017医学院口腔医学",0,仙林校区,2017-2018学年 第1学期,77679,"环科楼B-112,环科楼B-112",0.0,否,,1,64,,0,0,大学化学Ⅱ,111,"第3节-第4节,第1节-第2节",环科楼,13000150
64.0,400140,仪器分析(20171-13010030-1),201711301003077483,,3,,57,"1-18周,1-18周",0,毕树平,"1-18周 周二 第1节-第2节 仙Ⅰ-519,1-18周 周四 第3节-第4节 仙Ⅰ-519",4.0,化学学院,否,理论类课程,"周二,周四",2017-2018-1,,201711301003077483,2015化学学院化学(基地),0,仙林校区,2017-2018学年 第1学期,77483,"仙Ⅰ-519,仙Ⅰ-519",0.0,否,,1,64,,0,0,仪器分析,11,"第1节-第2节,第3节-第4节",仙I区,13010030
40.0,400140,仪器分析实验(20171-13010030T-1),2017113010030T76218,,3,,54,1-18周,0,余晓冬,1-18周 周一 第3节-第8节 ,2.5,化学学院,否,,周一,2017-2018-1,,2017113010030T76218,2015化学学院化学(基地),0,仙林校区,2017-2018学年 第1学期,76218,实验楼甲402,90.0,否,,,,,,0,仪器分析实验,,第3节-第8节,,13010030T
40.0,400140,仪器分析实验(20171-13010030T-2),2017113010030T76219,,3,,59,1-18周,0,余晓冬,1-18周 周四 第3节-第8节 ,2.5,化学学院,否,,周四,2017-2018-1,,2017113010030T76219,2015化学学院化学,0,仙林校区,2017-2018学年 第1学期,76219,实验楼甲402,90.0,否,,,,,,0,仪器分析实验,,第3节-第8节,,13010030T
40.0,400140,仪器分析实验(20171-13010030T-3),2017113010030T76220,,3,,48,1-18周,0,余晓冬,1-18周 周五 第3节-第8节 ,2.5,化学学院,否,,周五,2017-2018-1,,2017113010030T76220,"2015化学学院化学,2015匡亚明学院理科强化班,2015化学学院应用化学",0,仙林校区,2017-2018学年 第1学期,76220,实验楼甲402,90.0,否,,,,,,0,仪器分析实验,,第3节-第8节,,13010030T
48.0,400140,有机化学（一）(20171-13010050A-1),2017113010050A78056,,3,,71,1-18周,0,"沈珍,俞寿云,朱成建",1-18周 周一 第5节-第7节 逸B-305,3.0,化学学院,否,理论类课程,周一,2017-2018-1,,2017113010050A78056,2016匡亚明学院理科强化班,0,仙林校区,2017-2018学年 第1学期,78056,逸B-305,0.0,否,,1,48,,0,0,有机化学（一）,16,第5节-第7节,逸夫楼B区,13010050A
48.0,400140,化工原理(20171-13020010A-1),2017113020010A77490,,3,,10,"1-18周,1-17周(单)",0,"张锋,耿皎","1-18周 周一 第3节-第4节 仙Ⅰ-113,1-17周(单) 周四 第3节-第4节 仙Ⅰ-113",3.0,化学学院,否,理论类课程,"周一,周四",2017-2018-1,,2017113020010A77490,2015化学学院应用化学,0,仙林校区,2017-2018学年 第1学期,77490,"仙Ⅰ-113,仙Ⅰ-113",0.0,否,,1,48,,0,0,化工原理A,11,"第3节-第4节,第3节-第4节",仙I区,13020010A
48.0,400140,化工原理(20171-13020020-1),201711302002077471,,3,,97,"1-17周(单),1-18周",0,周爱东,"1-18周 周三 第1节-第2节 仙Ⅱ-406,1-17周(单) 周一 第1节-第2节 仙Ⅱ-504",3.0,化学学院,否,理论类课程,"周一,周三",2017-2018-1,,201711302002077471,"2015化学学院化学,2015化学学院化学(基地)",0,仙林校区,2017-2018学年 第1学期,77471,"仙Ⅱ-504,仙Ⅱ-406",0.0,否,,1,48,,0,0,化工原理,12,"第1节-第2节,第1节-第2节",仙II区,13020020
32.0,400140,精细化学品导论(20171-13020040-1),201711302004077513,,3,,12,1-18周,0,周政,1-18周 周二 第3节-第4节 逸C-406,2.0,化学学院,否,理论类课程,周二,2017-2018-1,,201711302004077513,2014化学学院应用化学,0,仙林校区,2017-2018学年 第1学期,77513,逸C-406,0.0,否,,1,32,,0,0,精细化学品导论,17,第3节-第4节,逸夫楼C区,13020040
48.0,400140,有机化学(20171-13020060-1),201711302006077449,,3,,9,"1-18周,1-18周",0,"程旭,王少仲","1-18周 周二 第1节-第2节 仙Ⅰ-502,1-18周 周五 第1节-第2节 仙Ⅰ-502",3.0,化学学院,否,理论类课程,"周二,周五",2017-2018-1,,201711302006077449,2016化学学院应用化学,0,仙林校区,2017-2018学年 第1学期,77449,"仙Ⅰ-502,仙Ⅰ-502",0.0,否,,1,64,,0,0,有机化学,11,"第1节-第2节,第1节-第2节",仙I区,13020060
64.0,400140,化工工艺安全及实践(20171-13020080-1),201711302008077514,,3,,10,,0,周政, 自由时间 - 自由地点,4.0,化学学院,否,理论+实践课程,自由时间,2017-2018-1,,201711302008077514,2014化学学院应用化学,0,仙林校区,2017-2018学年 第1学期,77514,自由地点,0.0,否,,5,48,,16,0,化工工艺安全及实践,388,自由时间,虚拟区域（仙林）,13020080
32.0,400140,等离子化学(20171-13030040-1),201711303004077516,,3,,5,1-18周,0,胡征,1-18周 周一 第3节-第4节 仙Ⅱ-301,2.0,化学学院,否,理论类课程,周一,2017-2018-1,,201711303004077516,"2014化学学院化学,2014化学学院化学(基地)",0,仙林校区,2017-2018学年 第1学期,77516,仙Ⅱ-301,0.0,否,,1,32,,0,0,等离子化学,12,第3节-第4节,仙II区,13030040
32.0,400140,分离科学(20171-13030060-1),201711303006077517,,3,,14,1-18周,0,余晓冬,1-18周 周二 第3节-第4节 仙Ⅱ-111,2.0,化学学院,否,理论类课程,周二,2017-2018-1,,201711303006077517,"2014化学学院化学,2014匡亚明学院理科强化班,2014化学学院化学(基地)",0,仙林校区,2017-2018学年 第1学期,77517,仙Ⅱ-111,0.0,否,,1,32,,0,0,分离科学,12,第3节-第4节,仙II区,13030060
32.0,400140,分析化学(20171-13030070-1),201711303007077681,,3,,78,1-18周,0,姜立萍,1-18周 周四 第5节-第6节 仙Ⅰ-519,2.0,化学学院,否,理论类课程,周四,2017-2018-1,,201711303007077681,"2015地球科学与工程学院地球化学,2016环境学院环境科学（环规）,2016环境学院环境科学（环生）,2016环境学院环境科学（环化）,2016环境学院环境工程",0,仙林校区,2017-2018学年 第1学期,77681,仙Ⅰ-519,0.0,否,,1,32,,0,0,分析化学,11,第5节-第6节,仙I区,13030070
48.0,400140,高等物理化学II(20171-13030080B-1),2017113030080B77488,,3,,66,"1-18周,2-18周(双)",0,"李伟,周燕子","2-18周(双) 周一 第1节-第2节 仙Ⅱ-213,1-18周 周三 第5节-第6节 仙Ⅱ-213",3.0,化学学院,否,理论类课程,"周三,周一",2017-2018-1,,2017113030080B77488,"2015化学学院化学(基地),2015匡亚明学院理科强化班",0,仙林校区,2017-2018学年 第1学期,77488,"仙Ⅱ-213,仙Ⅱ-213",0.0,否,,1,48,,0,0,高等物理化学II,12,"第5节-第6节,第1节-第2节",仙II区,13030080B
32.0,400140,高分子材料制备(20171-13030090-1),201711303009077518,,3,,9,1-18周,0,"吴石山,冯福德",1-18周 周四 第3节-第4节 仙Ⅰ-104,2.0,化学学院,否,理论类课程,周四,2017-2018-1,,201711303009077518,"2014化学学院化学,2014化学学院化学(基地)",0,仙林校区,2017-2018学年 第1学期,77518,仙Ⅰ-104,0.0,否,,1,32,,0,0,先进高分子制造,11,第3节-第4节,仙I区,13030090
32.0,400140,高分子导论(20171-13030100-1),201711303010077467,,3,,52,1-18周,0,"王晓亮,谌东中",1-18周 周四 第1节-第2节 仙Ⅰ-519,2.0,化学学院,否,理论类课程,周四,2017-2018-1,,201711303010077467,2015化学学院化学,0,仙林校区,2017-2018学年 第1学期,77467,仙Ⅰ-519,0.0,否,,1,32,,0,0,高分子导论,11,第1节-第2节,仙I区,13030100
32.0,400140,高分子导论(20171-13030100-2),201711303010077468,,3,,46,1-18周,0,"武伟,蒋锡群",1-18周 周四 第1节-第2节 逸B-309,2.0,化学学院,否,理论类课程,周四,2017-2018-1,,201711303010077468,2015化学学院化学,0,仙林校区,2017-2018学年 第1学期,77468,逸B-309,0.0,否,,1,32,,0,0,高分子导论,16,第1节-第2节,逸夫楼B区,13030100
32.0,400140,高分子导论(20171-13030100-3),201711303010077469,,3,,56,1-18周,0,"袭锴,周东山",1-18周 周四 第1节-第2节 仙Ⅱ-216,2.0,化学学院,否,理论类课程,周四,2017-2018-1,,201711303010077469,"2014匡亚明学院理科强化班,2015化学学院化学(基地)",0,仙林校区,2017-2018学年 第1学期,77469,仙Ⅱ-216,0.0,否,,1,32,,0,0,高分子导论,12,第1节-第2节,仙II区,13030100
16.0,400140,化学与生命(20171-13030230-1),201711303023077814,,3,,35,5-16周,0,"鞠熀先,姚祝军,郭子建",5-16周 周三 第9节-第10节 仙Ⅰ-316,1.0,化学学院,否,理论类课程,周三,2017-2018-1,,201711303023077814,2017*理科试验班（化学与生命科学类）*化学与生命科学类,0,仙林校区,2017-2018学年 第1学期,77814,仙Ⅰ-316,0.0,否,,1,24,,0,0,化学与生命,11,第9节-第10节,仙I区,13030230
64.0,400140,化学原理(20171-13030240B-1),2017113030240B78058,,3,,179,"1-18周,1-18周",0,赵斌,"1-18周 周三 第3节-第4节 仙Ⅱ-207,1-18周 周一 第9节-第10节 逸B-212",4.0,化学学院,否,理论类课程,"周一,周三",2017-2018-1,,2017113030240B78058,"2016地球科学与工程学院理科试验班（地球系统科学与环境）,2016地理与海洋科学学院自然地理与资源环境,2016地理与海洋科学学院地理信息科学,2016地理与海洋科学学院海洋科学,2016地理与海洋科学学院地理科学",0,仙林校区,2017-2018学年 第1学期,78058,"逸B-212,仙Ⅱ-207",0.0,否,,1,64,,0,0,化学原理,"12,16","第9节-第10节,第3节-第4节","仙II区, 逸夫楼B区",13030240B
64.0,400140,化学原理(20171-13030240B-2),2017113030240B78059,,3,,54,"1-18周,1-18周",0,葛欣,"1-18周 周四 第1节-第2节 仙Ⅱ-218,1-18周 周二 第3节-第4节 仙Ⅱ-218",4.0,化学学院,否,理论类课程,"周二,周四",2017-2018-1,,2017113030240B78059,2016匡亚明学院理科强化班,0,仙林校区,2017-2018学年 第1学期,78059,"仙Ⅱ-218,仙Ⅱ-218",0.0,否,,1,64,,0,0,化学原理,12,"第3节-第4节,第1节-第2节",仙II区,13030240B
48.0,400140,基础化学(20171-13030250A-1),2017113030250A78080,,3,,47,1-18周,0,王喜章,1-18周 周五 第5节-第7节 仙Ⅱ-316,3.0,化学学院,否,理论类课程,周五,2017-2018-1,,2017113030250A78080,"2016地球科学与工程学院地质学,2016地球科学与工程学院地质学（地球物理学方向）,2016地球科学与工程学院地下水科学与工程,2016地球科学与工程学院水文与水资源工程,2016地球科学与工程学院地质工程,2016地球科学与工程学院地球化学",0,仙林校区,2017-2018学年 第1学期,78080,仙Ⅱ-316,0.0,否,,1,48,,0,0,基础化学,12,第5节-第7节,仙II区,13030250A
32.0,400140,胶体与界面化学(20171-13030270-1),201711303027077473,,3,,47,1-18周,0,杜学忠,1-18周 周五 第5节-第6节 仙Ⅰ-115,2.0,化学学院,否,理论类课程,周五,2017-2018-1,,201711303027077473,"2015化学学院化学,2015化学学院化学(基地)",0,仙林校区,2017-2018学年 第1学期,77473,仙Ⅰ-115,0.0,否,,1,32,,0,0,胶体与界面化学,11,第5节-第6节,仙I区,13030270
32.0,400140,现代材料化学基础(20171-13030420-1),201711303042077519,,3,,48,1-18周,0,郭学锋,1-18周 周一 第5节-第6节 仙Ⅱ-212,2.0,化学学院,否,理论类课程,周一,2017-2018-1,,201711303042077519,"2014化学学院化学,2014匡亚明学院理科强化班,2014化学学院化学(基地)",0,仙林校区,2017-2018学年 第1学期,77519,仙Ⅱ-212,0.0,否,,1,32,,0,0,现代材料化学基础,12,第5节-第6节,仙II区,13030420
32.0,400140,有机合成(20171-13030480-1),201711303048077476,,3,,85,1-18周,0,"俞寿云,朱成建",1-18周 周三 第3节-第4节 逸B-313,2.0,化学学院,否,理论类课程,周三,2017-2018-1,,201711303048077476,"2015化学学院化学,2015匡亚明学院理科强化班,2015化学学院化学(基地),2015化学学院应用化学",0,仙林校区,2017-2018学年 第1学期,77476,逸B-313,0.0,否,,1,32,,0,0,有机合成,16,第3节-第4节,逸夫楼B区,13030480
32.0,400140,有机化学现代进展(20171-13030560-1),201711303056077533,,3,,20,1-18周,0,"张艳,姚祝军,王欢",1-18周 周五 第3节-第4节 仙Ⅰ-103,2.0,化学学院,否,理论类课程,周五,2017-2018-1,,201711303056077533,"2014化学学院化学,2014化学学院化学(基地),2014化学学院应用化学",0,仙林校区,2017-2018学年 第1学期,77533,仙Ⅰ-103,0.0,否,,1,32,,0,0,生物有机分子化学进展评述,11,第3节-第4节,仙I区,13030560
48.0,400140,谱学基础(20171-13030650-1),201711303065077512,,3,,24,"4-18周(双),3-18周",0,谢代前,"3-18周 周四 第5节-第6节 逸A-117,4-18周(双) 周二 第5节-第6节 逸A-117",3.0,化学学院,否,理论类课程,"周二,周四",2017-2018-1,,201711303065077512,"2014化学学院化学,2014化学学院化学(基地)",0,仙林校区,2017-2018学年 第1学期,77512,"逸A-117,逸A-117",0.0,否,,1,48,,0,0,谱学基础,15,"第5节-第6节,第5节-第6节",逸夫楼A区,13030650
32.0,400140,化学生物学(20171-13030720-1),201711303072077510,,3,,23,3-18周,0,"王欢,叶德举",3-18周 周三 第1节-第2节 仙Ⅰ-524,2.0,化学学院,否,理论类课程,周三,2017-2018-1,,201711303072077510,"2014化学学院化学,2014化学学院化学(基地),2014化学学院应用化学",0,仙林校区,2017-2018学年 第1学期,77510,仙Ⅰ-524,0.0,否,,1,32,,0,0,化学生物学,11,第1节-第2节,仙I区,13030720
32.0,400140,原位表界面波谱学(20171-13030750-1),201711303075077682,,3,,8,3-18周,0,夏兴华,3-18周 周三 第5节-第6节 仙Ⅰ-104,2.0,化学学院,否,理论类课程,周三,2017-2018-1,,201711303075077682,"2014化学学院化学,2014化学学院化学(基地),2014化学学院应用化学",0,仙林校区,2017-2018学年 第1学期,77682,仙Ⅰ-104,0.0,否,,1,32,,0,0,原位表界面波谱学,11,第5节-第6节,仙I区,13030750
32.0,400140,高分子超分子化学(20171-13030770-1),201711303077077508,,3,,11,3-18周,0,"谌东中,朱进",3-18周 周五 第5节-第6节 仙Ⅰ-103,2.0,化学学院,否,理论类课程,周五,2017-2018-1,,201711303077077508,"2014化学学院化学,2014化学学院化学(基地)",0,仙林校区,2017-2018学年 第1学期,77508,仙Ⅰ-103,0.0,否,,1,32,,0,0,高分子超分子化学,11,第5节-第6节,仙I区,13030770
32.0,400140,分离过程专题(20171-13030780-1),201711303078077509,,3,,13,3-18周,0,吴有庭,3-18周 周四 第5节-第6节 仙Ⅰ-104,2.0,化学学院,否,理论类课程,周四,2017-2018-1,,201711303078077509,"2014化学学院化学,2014化学学院化学(基地),2014化学学院应用化学",0,仙林校区,2017-2018学年 第1学期,77509,仙Ⅰ-104,0.0,否,,1,32,,0,0,分离过程专题,11,第5节-第6节,仙I区,13030780
16.0,400140,Polymer Chemistry – Synthesis & Characterization30790-1),201711303079078405,,3,,21,,0,, 自由时间 - ,1.0,化学学院,否,理论类课程,自由时间,2017-2018-1,,201711303079078405,"2014化学学院化学,2015化学学院化学(基地),2015化学学院化学,2014化学学院化学(基地)",0,仙林校区,2017-2018学年 第1学期,78405,逸B-111,0.0,否,,1,16,,0,0,Polymer Chemistry – Synthesis & Characterization,,自由时间,,13030790
16.0,400140,Polymer Chemistry – Physical Properties030800-1),201711303080078404,,3,,20,,0,, 自由时间 - ,1.0,化学学院,否,理论类课程,自由时间,2017-2018-1,,201711303080078404,"2014化学学院化学,2015化学学院化学(基地),2015化学学院化学,2014化学学院化学(基地)",0,仙林校区,2017-2018学年 第1学期,78404,逸B-111,0.0,否,,1,16,,0,0,Polymer Chemistry – Physical Properties,,自由时间,,13030800
16.0,400140,Bio-Organic Mechanisms(20171-13030810-1),201711303081078530,,3,,18,,0,, 自由时间 - ,1.0,化学学院,否,理论类课程,自由时间,2017-2018-1,,201711303081078530,"2014化学学院化学,2015化学学院化学(基地),2015化学学院化学,2014化学学院化学(基地)",0,仙林校区,2017-2018学年 第1学期,78530,逸B-111,0.0,否,,1,16,,0,0,Bio-Organic Mechanisms,,自由时间,,13030810
16.0,400140,Introduction to Chemical Biology(20171-13030820-1),201711303082078544,,3,,30,,0,, 自由时间 - ,1.0,化学学院,否,理论类课程,自由时间,2017-2018-1,,201711303082078544,"2014化学学院化学,2015化学学院化学(基地),2015化学学院化学,2014化学学院化学(基地)",0,仙林校区,2017-2018学年 第1学期,78544,逸B-111,0.0,否,,1,16,,0,0,Introduction to Chemical Biology,,自由时间,,13030820
32.0,400220,普通生物学（上）(20171-14000010A-1),2017114000010A77197,,3,,126,4-18周,0,"焦瑞华,田兴军,刘茂松",4-18周 周一 第3节-第4节 仙Ⅱ-405,2.0,生命科学学院,否,理论类课程,周一,2017-2018-1,,2017114000010A77197,2017*理科试验班（化学与生命科学类）*化学与生命科学类,0,仙林校区,2017-2018学年 第1学期,77197,仙Ⅱ-405,0.0,否,,1,32,,0,0,普通生物学（上）,12,第3节-第4节,仙II区,14000010A
32.0,400220,普通生物学（上）(20171-14000010A-2),2017114000010A77198,,3,,105,4-18周,0,"焦瑞华,刘茂松,田兴军",4-18周 周二 第5节-第6节 仙Ⅱ-303,2.0,生命科学学院,否,理论类课程,周二,2017-2018-1,,2017114000010A77198,2017*理科试验班（化学与生命科学类）*化学与生命科学类,0,仙林校区,2017-2018学年 第1学期,77198,仙Ⅱ-303,0.0,否,,1,32,,0,0,普通生物学（上）,12,第5节-第6节,仙II区,14000010A
32.0,700850,普通生物学（上）(20171-14000010A-3),2017114000010A79088,,3,,30,1-18周,0,"田兴军,黄亚红,王强",1-18周 周二 第5节-第6节 仙Ⅱ-407,2.0,*理科试验班（化学与生命科学类）,否,理论类课程,周二,2017-2018-1,,2017114000010A79088,,0,仙林校区,2017-2018学年 第1学期,79088,仙Ⅱ-407,0.0,否,,1,32,,0,0,普通生物学（上）,12,第5节-第6节,仙II区,14000010A
32.0,400220,普通生物学（上）(20171-14000010A-4),2017114000010A79094,,3,,33,5-18周,0,"喻富根,黄成",5-18周 周二 第5节-第6节 仙Ⅱ-212,2.0,生命科学学院,否,理论类课程,周二,2017-2018-1,,2017114000010A79094,2017*理科试验班（化学与生命科学类）*化学与生命科学类,0,仙林校区,2017-2018学年 第1学期,79094,仙Ⅱ-212,0.0,否,,1,32,,0,0,普通生物学（上）,12,第5节-第6节,仙II区,14000010A
48.0,400220,遗传学(20171-14010010-1),201711401001076469,,3,,35,1-18周,0,"黄亚红,庞延军",1-18周 周一 第7节-第8节 逸B-301,2.0,生命科学学院,否,理论类课程,周一,2017-2018-1,,201711401001076469,2016生命科学学院生物科学类,0,仙林校区,2017-2018学年 第1学期,76469,逸B-301,0.0,否,,1,32,,0,0,遗传学,16,第7节-第8节,逸夫楼B区,14010010
48.0,400220,遗传学(20171-14010010-2),201711401001076470,,3,,33,1-18周,0,李建梅,1-18周 周三 第3节-第4节 逸B-301,2.0,生命科学学院,否,理论类课程,周三,2017-2018-1,,201711401001076470,2016生命科学学院生物科学类,0,仙林校区,2017-2018学年 第1学期,76470,逸B-301,0.0,否,,1,32,,0,0,遗传学,16,第3节-第4节,逸夫楼B区,14010010
48.0,400220,遗传学(20171-14010010-3),201711401001076471,,3,,34,1-18周,0,洪治,1-18周 周四 第3节-第4节 仙Ⅱ-307,2.0,生命科学学院,否,理论类课程,周四,2017-2018-1,,201711401001076471,,0,仙林校区,2017-2018学年 第1学期,76471,仙Ⅱ-307,0.0,否,,1,32,,0,0,遗传学,12,第3节-第4节,仙II区,14010010
16.0,400220,遗传学实验(20171-14010010T-1),2017114010010T76472,,3,,32,1-18周,0,"张远莉,庞延军",1-18周 周四 第5节-第7节 ,1.0,生命科学学院,否,实验类课程,周四,2017-2018-1,,2017114010010T76472,2016生命科学学院生物科学类,0,仙林校区,2017-2018学年 第1学期,76472,生科楼C413,48.0,否,,2,0,,0,0,遗传学实验,,第5节-第7节,,14010010T
16.0,400220,遗传学实验(20171-14010010T-2),2017114010010T76473,,3,,23,1-18周,0,"张远莉,庞延军",1-18周 周四 第2节-第4节 ,1.0,生命科学学院,否,实验类课程,周四,2017-2018-1,,2017114010010T76473,2016生命科学学院生物科学类,0,仙林校区,2017-2018学年 第1学期,76473,生科楼C413,48.0,否,,2,0,,0,0,遗传学实验,,第2节-第4节,,14010010T
16.0,400220,遗传学实验(20171-14010010T-3),2017114010010T76474,,3,,40,1-18周,0,黄亚红,1-18周 周二 第9节-第11节 ,1.0,生命科学学院,否,实验类课程,周二,2017-2018-1,,2017114010010T76474,,0,仙林校区,2017-2018学年 第1学期,76474,生科楼C413,48.0,否,,2,0,,0,0,遗传学实验,,第9节-第11节,,14010010T
48.0,400220,生物统计学(20171-14010021-1),201711401002176477,,3,,46,1-18周,0,牛克昌,1-18周 周四 第9节-第11节 ,3.0,生命科学学院,否,理论+实践课程,周四,2017-2018-1,,201711401002176477,"2015地球科学与工程学院地质学（古生物学方向）,2016生命科学学院生物科学类",0,仙林校区,2017-2018学年 第1学期,76477,基础实验楼乙110,0.0,否,,5,16,,32,0,生物统计学,,第9节-第11节,,14010021
64.0,400220,生物化学1(20171-14010032-1),201711401003276462,,3,,23,"1-18周,1-18周",0,张冬梅,"1-18周 周二 第3节-第4节 逸C-402,1-18周 周三 第5节-第6节 逸C-402",4.0,生命科学学院,否,理论类课程,"周二,周三",2017-2018-1,,201711401003276462,2016生命科学学院生物科学类,0,仙林校区,2017-2018学年 第1学期,76462,"逸C-402,逸C-402",0.0,否,,1,64,,0,0,生物化学,17,"第3节-第4节,第5节-第6节",逸夫楼C区,14010032
64.0,400220,生物化学1(20171-14010032-2),201711401003276463,,3,,24,"1-18周,1-18周",0,"黄振        ,丁智","1-18周 周二 第3节-第4节 逸C-403,1-18周 周三 第5节-第6节 逸C-403",4.0,生命科学学院,否,理论类课程,"周二,周三",2017-2018-1,,201711401003276463,2016生命科学学院生物科学类,0,仙林校区,2017-2018学年 第1学期,76463,"逸C-403,逸C-403",0.0,否,,1,64,,0,0,生物化学,17,"第3节-第4节,第5节-第6节",逸夫楼C区,14010032
64.0,400220,生物化学1(20171-14010032-3),201711401003276464,,3,,21,"1-18周,1-18周",0,卢彦,"1-18周 周二 第3节-第4节 逸C-404,1-18周 周三 第5节-第6节 逸C-404",4.0,生命科学学院,否,理论类课程,"周二,周三",2017-2018-1,,201711401003276464,2016生命科学学院生物科学类,0,仙林校区,2017-2018学年 第1学期,76464,"逸C-404,逸C-404",0.0,否,,1,64,,0,0,生物化学,17,"第3节-第4节,第5节-第6节",逸夫楼C区,14010032
64.0,400220,生物化学1(20171-14010032-4),201711401003276465,,3,,33,"1-18周,1-18周",0,杨荣武,"1-18周 周二 第3节-第4节 仙Ⅱ-116,1-18周 周四 第5节-第6节 仙Ⅱ-116",4.0,生命科学学院,否,理论类课程,"周二,周四",2017-2018-1,,201711401003276465,,0,仙林校区,2017-2018学年 第1学期,76465,"仙Ⅱ-116,仙Ⅱ-116",0.0,否,,1,64,,0,0,生物化学,12,"第3节-第4节,第5节-第6节",仙II区,14010032
64.0,400220,生物化学实验1(20171-14010032T-1),2017114010032T76466,,3,,28,2-18周(双),0,李俊,2-18周(双) 周一 第3节-第6节 ,1.0,生命科学学院,否,实验类课程,周一,2017-2018-1,,2017114010032T76466,2016生命科学学院生物科学类,0,仙林校区,2017-2018学年 第1学期,76466,生科楼C214,48.0,否,,2,0,,0,0,生物化学实验,,第3节-第6节,,14010032T
64.0,400220,生物化学实验1(20171-14010032T-2),2017114010032T76467,,3,,23,1-17周(单),0,李俊,1-17周(单) 周一 第3节-第6节 ,1.0,生命科学学院,否,实验类课程,周一,2017-2018-1,,2017114010032T76467,2016生命科学学院生物科学类,0,仙林校区,2017-2018学年 第1学期,76467,生科楼C214,48.0,否,,2,0,,0,0,生物化学实验,,第3节-第6节,,14010032T
64.0,400220,生物化学实验1(20171-14010032T-3),2017114010032T76468,,3,,30,1-18周,0,李俊,1-18周 周五 第5节-第7节 ,1.0,生命科学学院,否,实验类课程,周五,2017-2018-1,,2017114010032T76468,,0,仙林校区,2017-2018学年 第1学期,76468,生科楼C214,48.0,否,,2,0,,0,0,生物化学实验,,第5节-第7节,,14010032T
48.0,400220,生物化学（下）(20171-14010033B-1),2017114010033B77898,,3,,24,1-18周,0,潘颖,1-18周 周二 第5节-第7节 仙Ⅱ-109,3.0,生命科学学院,否,理论类课程,周二,2017-2018-1,,2017114010033B77898,2015匡亚明学院理科强化班,0,仙林校区,2017-2018学年 第1学期,77898,仙Ⅱ-109,0.0,否,,1,48,,0,0,生物化学（下）,12,第5节-第7节,仙II区,14010033B
16.0,400220,野外实习1(20171-14010040-1),201711401004076478,,3,,84,1-18周,0,黄成,1-18周 自由时间 - 自由地点,1.0,生命科学学院,否,理论+实践课程,自由时间,2017-2018-1,,201711401004076478,2016生命科学学院生物科学类,0,仙林校区,2017-2018学年 第1学期,76478,自由地点,0.0,否,,5,12,,48,0,野外实习1,388,自由时间,虚拟区域（仙林）,14010040
32.0,400220,进化生物学(20171-14010070-1),201711401007076481,,3,,32,1-18周,0,"田大成,杨四海",1-18周 周五 第9节-第10节 仙Ⅰ-209,2.0,生命科学学院,否,理论类课程,周五,2017-2018-1,,201711401007076481,2015生命科学学院生物科学类,0,仙林校区,2017-2018学年 第1学期,76481,仙Ⅰ-209,0.0,否,,1,32,,0,0,进化生物学,11,第9节-第10节,仙I区,14010070
32.0,400220,进化生物学(20171-14010070-2),201711401007076482,,3,,63,1-18周,0,王斌,1-18周 周二 第9节-第10节 仙Ⅱ-215,2.0,生命科学学院,否,理论类课程,周二,2017-2018-1,,201711401007076482,"2015生命科学学院生物科学类,2015地球科学与工程学院地质学（古生物学方向）",0,仙林校区,2017-2018学年 第1学期,76482,仙Ⅱ-215,0.0,否,,1,32,,0,0,进化生物学,12,第9节-第10节,仙II区,14010070
48.0,400220,生理学1(20171-14010090-1),201711401009076483,,3,,41,1-18周,0,"朱景宁,王建军",1-18周 周一 第5节-第7节 逸B-302,3.0,生命科学学院,否,理论类课程,周一,2017-2018-1,,201711401009076483,2015生命科学学院生物科学类,0,仙林校区,2017-2018学年 第1学期,76483,逸B-302,0.0,否,,1,48,,0,0,生理学,16,第5节-第7节,逸夫楼B区,14010090
48.0,400220,生理学1(20171-14010090-2),201711401009076484,,3,,54,1-18周,0,罗兰,1-18周 周五 第2节-第4节 逸B-302,3.0,生命科学学院,否,理论类课程,周五,2017-2018-1,,201711401009076484,2015生命科学学院生物科学类,0,仙林校区,2017-2018学年 第1学期,76484,逸B-302,0.0,否,,1,48,,0,0,生理学,16,第2节-第4节,逸夫楼B区,14010090
16.0,400220,生理学实验2(20171-14010090T-1),2017114010090T76485,,3,,29,1-18周,0,"王良斌,吴雪丰",1-18周 周二 第5节-第7节 ,1.0,生命科学学院,否,实验类课程,周二,2017-2018-1,,2017114010090T76485,2015生命科学学院生物科学类,0,仙林校区,2017-2018学年 第1学期,76485,生科楼C102,48.0,否,,2,0,,0,0,生理学实验,,第5节-第7节,,14010090T
16.0,400220,生理学实验2(20171-14010090T-2),2017114010090T76486,,3,,40,1-18周,0,"王良斌,吴雪丰",1-18周 周二 第2节-第4节 ,1.0,生命科学学院,否,实验类课程,周二,2017-2018-1,,2017114010090T76486,2015生命科学学院生物科学类,0,仙林校区,2017-2018学年 第1学期,76486,生科楼C102,48.0,否,,2,0,,0,0,生理学实验,,第2节-第4节,,14010090T
16.0,400220,生理学实验2(20171-14010090T-3),2017114010090T76487,,3,,24,1-18周,0,"王良斌,吴雪丰",1-18周 周二 第9节-第11节 ,1.0,生命科学学院,否,实验类课程,周二,2017-2018-1,,2017114010090T76487,2015生命科学学院生物科学类,0,仙林校区,2017-2018学年 第1学期,76487,生科楼C102,48.0,否,,2,0,,0,0,生理学实验,,第9节-第11节,,14010090T
32.0,400220,野外实习2(20171-14100010-1),201711410001076508,,3,,6,1-18周,0,,1-18周 自由时间 - 自由地点,2.0,生命科学学院,否,实践类课程,自由时间,2017-2018-1,,201711410001076508,2015生命科学学院生物科学类,0,仙林校区,2017-2018学年 第1学期,76508,自由地点,0.0,否,,3,0,,36,0,野外实习2,388,自由时间,虚拟区域（仙林）,14100010
32.0,400220,野外实习3(20171-14100020-1),201711410002076479,,3,,11,1-18周,0,,1-18周 自由时间 - 自由地点,2.0,生命科学学院,否,实践类课程,自由时间,2017-2018-1,,201711410002076479,2016生命科学学院生物科学类,0,仙林校区,2017-2018学年 第1学期,76479,自由地点,0.0,否,,3,0,,36,0,野外实习3,388,自由时间,虚拟区域（仙林）,14100020
32.0,400220,植物学(20171-14100040-1),201711410004076475,,3,,37,1-18周,0,"朱昱苹,田兴军,李朋富",1-18周 周五 第1节-第2节 仙Ⅱ-216,2.0,生命科学学院,否,理论类课程,周五,2017-2018-1,,201711410004076475,"2015地球科学与工程学院地质学（古生物学方向）,2016生命科学学院生物科学类",0,仙林校区,2017-2018学年 第1学期,76475,仙Ⅱ-216,0.0,否,,1,32,,0,0,植物生物学,12,第1节-第2节,仙II区,14100040
32.0,400220,动物学(20171-14100050-1),201711410005076476,,3,,50,1-18周,0,吴岷,1-18周 周二 第7节-第8节 仙Ⅱ-314,2.0,生命科学学院,否,理论类课程,周二,2017-2018-1,,201711410005076476,2016生命科学学院生物科学类,0,仙林校区,2017-2018学年 第1学期,76476,仙Ⅱ-314,0.0,否,,1,32,,0,0,动物生物学,12,第7节-第8节,仙II区,14100050
32.0,400220,生物信息学(20171-14100060-1),201711410006076510,,3,,32,3-18周,0,王进,3-18周 周一 第3节-第4节 逸B-301,2.0,生命科学学院,否,理论类课程,周一,2017-2018-1,,201711410006076510,2014生命科学学院生物科学类,0,仙林校区,2017-2018学年 第1学期,76510,逸B-301,0.0,否,,1,32,,0,0,生物信息学,16,第3节-第4节,逸夫楼B区,14100060
32.0,400220,动物行为学(20171-14100130-1),201711410013076501,,3,,59,1-18周,0,李忠秋,1-18周 周四 第9节-第10节 仙Ⅱ-217,2.0,生命科学学院,否,理论类课程,周四,2017-2018-1,,201711410013076501,2015生命科学学院生物科学类,0,仙林校区,2017-2018学年 第1学期,76501,仙Ⅱ-217,0.0,否,,1,32,,0,0,动物行为学,12,第9节-第10节,仙II区,14100130
32.0,400220,微小核糖核酸的功能及应用(20171-14100250-1),201711410025076513,,3,,12,1-18周,0,姜晓宏,1-18周 周五 第7节-第8节 仙Ⅱ-307,2.0,生命科学学院,否,理论类课程,周五,2017-2018-1,,201711410025076513,2014生命科学学院生物科学类,0,仙林校区,2017-2018学年 第1学期,76513,仙Ⅱ-307,0.0,否,,1,32,,0,0,表观遗传学,12,第7节-第8节,仙II区,14100250
32.0,400220,蛋白质组学(20171-14100270-1),201711410027076514,,3,,6,1-18周,0,李冬海,1-18周 周一 第5节-第6节 逸B-301,2.0,生命科学学院,否,理论类课程,周一,2017-2018-1,,201711410027076514,2014生命科学学院生物科学类,0,仙林校区,2017-2018学年 第1学期,76514,逸B-301,0.0,否,,1,32,,0,0,蛋白质组学,16,第5节-第6节,逸夫楼B区,14100270
32.0,400220,基因工程药物概论(20171-14100400-1),201711410040076518,,3,,1,,0,,,2.0,生命科学学院,否,理论类课程,,2017-2018-1,,201711410040076518,,0,仙林校区,2017-2018学年 第1学期,76518,,0.0,否,,1,48,,0,0,基因工程药物概论,,,,14100400
32.0,400220,生命与信息(20171-14100560-1),201711410056079095,,3,,16,6周,0,赵权,6周 自由时间 - ,2.0,生命科学学院,否,理论类课程,自由时间,2017-2018-1,,201711410056079095,"2014生命科学学院生物科学类,2017*理科试验班（化学与生命科学类）*化学与生命科学类,2017生命科学学院生物科学类,2016生命科学学院生物科学类,2015生命科学学院生物科学类",0,仙林校区,2017-2018学年 第1学期,79095,"生科楼A321,A430",0.0,否,,1,32,,0,0,生命与信息,,自由时间,,14100560
32.0,400220,专业英语(20171-14110030-1),201711411003076490,,3,,44,1-18周,0,张玉婧,1-18周 周三 第3节-第4节 仙Ⅱ-315,2.0,生命科学学院,否,理论类课程,周三,2017-2018-1,,201711411003076490,2015生命科学学院生物科学类,0,仙林校区,2017-2018学年 第1学期,76490,仙Ⅱ-315,0.0,否,,1,32,,0,0,英文学术演讲与写作,12,第3节-第4节,仙II区,14110030
32.0,400220,植物学专业英语(20171-14110040-1),201711411004076489,,3,,9,1-18周,0,卢山,1-18周 周四 第3节-第4节 仙Ⅱ-102,2.0,生命科学学院,否,理论类课程,周四,2017-2018-1,,201711411004076489,2015生命科学学院生物科学类,0,仙林校区,2017-2018学年 第1学期,76489,仙Ⅱ-102,0.0,否,,1,32,,0,0,植物学专业英语,12,第3节-第4节,仙II区,14110040
32.0,400220,神经解剖生理学(20171-14110050-1),201711411005076488,,3,,29,1-18周,0,王良斌,1-18周 周一 第9节-第11节 仙Ⅱ-217,2.0,生命科学学院,否,理论类课程,周一,2017-2018-1,,201711411005076488,2015生命科学学院生物科学类,0,仙林校区,2017-2018学年 第1学期,76488,仙Ⅱ-217,0.0,否,,1,32,,0,0,神经解剖生理学,12,第9节-第11节,仙II区,14110050
32.0,400220,生理心理学(20171-14110070-1),201711411007076519,,3,,28,1-18周,0,朱景宁,1-18周 周五 第5节-第6节 仙Ⅱ-307,2.0,生命科学学院,否,理论类课程,周五,2017-2018-1,,201711411007076519,2014生命科学学院生物科学类,0,仙林校区,2017-2018学年 第1学期,76519,仙Ⅱ-307,0.0,否,,1,32,,0,0,生理心理学,12,第5节-第6节,仙II区,14110070
32.0,400220,植物分子生物学(20171-14110090-1),201711411009076499,,3,,12,1-18周,0,喻富根,1-18周 周一 第9节-第10节 仙Ⅱ-216,2.0,生命科学学院,否,理论类课程,周一,2017-2018-1,,201711411009076499,2015生命科学学院生物科学类,0,仙林校区,2017-2018学年 第1学期,76499,仙Ⅱ-216,0.0,否,,1,32,,0,0,植物分子生物学,12,第9节-第10节,仙II区,14110090
32.0,400220,植物生理学(20171-14110100-1),201711411010076500,,3,,8,1-18周,0,戚金亮,1-18周 周五 第7节-第8节 仙Ⅱ-217,2.0,生命科学学院,否,理论类课程,周五,2017-2018-1,,201711411010076500,2015生命科学学院生物科学类,0,仙林校区,2017-2018学年 第1学期,76500,仙Ⅱ-217,0.0,否,,1,32,,0,0,植物生理学,12,第7节-第8节,仙II区,14110100
32.0,400220,植物信号分子(20171-14110170-1),201711411017076520,,3,,4,1-18周,0,"戚金亮,杨永华",1-18周 周三 第9节-第10节 ,2.0,生命科学学院,否,理论类课程,周三,2017-2018-1,,201711411017076520,2014生命科学学院生物科学类,0,仙林校区,2017-2018学年 第1学期,76520,生科楼A526,0.0,否,,1,32,,0,0,植物信号分子,,第9节-第10节,,14110170
32.0,400220,基因工程(20171-14120030-1),201711412003076521,,3,,34,1-18周,0,殷武,1-18周 周三 第5节-第6节 逸B-301,2.0,生命科学学院,否,理论类课程,周三,2017-2018-1,,201711412003076521,"2014生命科学学院生物科学类,2015现代工程与应用科学学院生物医学工程",0,仙林校区,2017-2018学年 第1学期,76521,逸B-301,0.0,否,,1,32,,0,0,基因工程,16,第5节-第6节,逸夫楼B区,14120030
32.0,400220,发酵工程(20171-14120040-1),201711412004076522,,3,,3,1-18周,0,宋勇春,1-18周 周三 第3节-第4节 逸B-302,2.0,生命科学学院,否,理论+实践课程,周三,2017-2018-1,,201711412004076522,2014生命科学学院生物科学类,0,仙林校区,2017-2018学年 第1学期,76522,逸B-302,0.0,否,,5,30,,2,0,发酵工程,16,第3节-第4节,逸夫楼B区,14120040
32.0,400220,分子免疫学(20171-14120050-1),201711412005076503,,3,,45,1-18周,0,沈萍萍,1-18周 周一 第2节-第4节 仙Ⅰ-213,2.0,生命科学学院,否,理论类课程,周一,2017-2018-1,,201711412005076503,2015生命科学学院生物科学类,0,仙林校区,2017-2018学年 第1学期,76503,仙Ⅰ-213,0.0,否,,1,32,,0,0,分子免疫学,11,第2节-第4节,仙I区,14120050
48.0,400220,药物化学(20171-14120060-1),201711412006076492,,3,,31,1-18周,0,"孔令东,焦瑞华,戈惠明",1-18周 周四 第5节-第7节 逸B-111,2.0,生命科学学院,否,理论类课程,周四,2017-2018-1,,201711412006076492,2015生命科学学院生物科学类,0,仙林校区,2017-2018学年 第1学期,76492,逸B-111,0.0,否,,1,32,,0,0,药物化学,16,第5节-第7节,逸夫楼B区,14120060
16.0,400220,药物化学实验(20171-14120060T-1),2017114120060T76494,,3,,23,1-18周,0,"戈惠明,焦瑞华",1-18周 周五 第5节-第8节 ,1.0,生命科学学院,否,实验类课程,周五,2017-2018-1,,2017114120060T76494,2015生命科学学院生物科学类,0,仙林校区,2017-2018学年 第1学期,76494,生科楼C108,64.0,否,,2,0,,0,0,药物化学实验,,第5节-第8节,,14120060T
32.0,400220,药物设计(20171-14120070-1),201711412007076524,,3,,12,1-18周,0,杨洁,1-18周 周四 第3节-第4节 仙Ⅱ-304,2.0,生命科学学院,否,理论类课程,周四,2017-2018-1,,201711412007076524,2014生命科学学院生物科学类,0,仙林校区,2017-2018学年 第1学期,76524,仙Ⅱ-304,0.0,否,,1,32,,0,0,药物设计,12,第3节-第4节,仙II区,14120070
32.0,400220,生态学研究方法(20171-14130010-1),201711413001076495,,3,,13,1-18周,0,赵福庚,1-18周 周四 第5节-第8节 ,2.0,生命科学学院,否,实验类课程,周四,2017-2018-1,,201711413001076495,2015生命科学学院生物科学类,0,仙林校区,2017-2018学年 第1学期,76495,生科楼C203,64.0,否,,2,0,,0,0,生态学研究方法,,第5节-第8节,,14130010
32.0,400220,生态规划与设计(20171-14130060-1),201711413006076497,,3,,37,1-18周,0,"徐驰,刘茂松",1-18周 周三 第5节-第6节 逸B-307,2.0,生命科学学院,否,理论类课程,周三,2017-2018-1,,201711413006076497,2015生命科学学院生物科学类,0,仙林校区,2017-2018学年 第1学期,76497,逸B-307,0.0,否,,1,32,,0,0,生态规划与设计,16,第5节-第6节,逸夫楼B区,14130060
32.0,400220,全球变化生态学(20171-14130070-1),201711413007076502,,3,,25,1-18周,0,周长芳,1-18周 周五 第5节-第6节 仙Ⅱ-217,2.0,生命科学学院,否,理论类课程,周五,2017-2018-1,,201711413007076502,2015生命科学学院生物科学类,0,仙林校区,2017-2018学年 第1学期,76502,仙Ⅱ-217,0.0,否,,1,32,,0,0,全球变化生态学,12,第5节-第6节,仙II区,14130070
32.0,400220,系统生态学(20171-14130090-1),201711413009076525,,3,,14,1-18周,0,周长芳,1-18周 周四 第7节-第8节 逸B-301,2.0,生命科学学院,否,理论类课程,周四,2017-2018-1,,201711413009076525,2014生命科学学院生物科学类,0,仙林校区,2017-2018学年 第1学期,76525,逸B-301,0.0,否,,1,32,,0,0,生态系统生态学,16,第7节-第8节,逸夫楼B区,14130090
80.0,400220,生物化学(20171-14140011-1),201711414001177870,,3,,114,"1-18周,1-18周",0,杨荣武,"1-18周 周四 第1节-第2节 逸A-117,1-18周 周二 第5节-第7节 仙Ⅰ-207",5.0,生命科学学院,否,理论类课程,"周二,周四",2017-2018-1,,201711414001177870,"2016医学院临床医学（八年制）,2016医学院口腔医学（5+3）,2016医学院临床医学（5+3）",0,仙林校区,2017-2018学年 第1学期,77870,"仙Ⅰ-207,逸A-117",0.0,否,,1,80,,0,0,生物化学,"11,15","第5节-第7节,第1节-第2节","仙I区, 逸夫楼A区",14140011
32.0,400220,生物化学实验(20171-14140011T-1),2017114140011T77867,,3,,28,1-17周(单),0,王晓勇,1-17周(单) 周五 第3节-第6节 ,2.0,生命科学学院,否,实验类课程,周五,2017-2018-1,,2017114140011T77867,"2016医学院临床医学（5+3）,2016医学院口腔医学（5+3）",0,仙林校区,2017-2018学年 第1学期,77867,实验楼甲421,64.0,否,,2,0,,0,0,生物化学实验,,第3节-第6节,,14140011T
32.0,400220,生物化学实验(20171-14140011T-2),2017114140011T77868,,3,,31,2-18周(双),0,王晓勇,2-18周(双) 周五 第3节-第6节 ,2.0,生命科学学院,否,实验类课程,周五,2017-2018-1,,2017114140011T77868,"2016医学院临床医学（5+3）,2016医学院口腔医学（5+3）",0,仙林校区,2017-2018学年 第1学期,77868,实验楼甲421,64.0,否,,2,0,,0,0,生物化学实验,,第3节-第6节,,14140011T
48.0,400220,生物化学(20171-14140012-1),201711414001278074,,3,,30,"1-18周,1-18周",0,焦瑞清,"1-18周 周一 第5节-第6节 逸C-102,1-18周 周三 第5节-第6节 逸C-102",3.0,生命科学学院,否,理论类课程,"周一,周三",2017-2018-1,,201711414001278074,"2016环境学院环境科学（环化）,2016环境学院环境科学（环生）",0,仙林校区,2017-2018学年 第1学期,78074,"逸C-102,逸C-102",0.0,否,,1,48,,0,0,生物化学,17,"第5节-第6节,第5节-第6节",逸夫楼C区,14140012
16.0,400220,生物化学实验(20171-14140012T-1),2017114140012T77866,,3,,18,1-17周(单),0,刘新建,1-17周(单) 周二 第5节-第8节 ,1.0,生命科学学院,否,实验类课程,周二,2017-2018-1,,2017114140012T77866,2015现代工程与应用科学学院生物医学工程,0,仙林校区,2017-2018学年 第1学期,77866,实验楼甲421,32.0,否,,2,0,,0,0,生物化学实验,,第5节-第8节,,14140012T
16.0,400220,生物化学实验(20171-14140012T-2),2017114140012T78075,,3,,22,2-18周(双),0,刘新建,2-18周(双) 周二 第5节-第8节 ,1.0,生命科学学院,否,实验类课程,周二,2017-2018-1,,2017114140012T78075,"2016环境学院环境科学（环化）,2016环境学院环境科学（环生）",0,仙林校区,2017-2018学年 第1学期,78075,实验楼甲421,32.0,否,,2,0,,0,0,生物化学实验,,第5节-第8节,,14140012T
48.0,400220,生物化学(20171-14140013-1),201711414001378270,,1,,51,"2-18周(双),1-18周",0,王小明,"2-18周(双) 周三 第1节-第2节 教101,1-18周 周五 第5节-第6节 教101",3.0,生命科学学院,否,理论类课程,"周三,周五",2017-2018-1,,201711414001378270,"2015物理学院物理学,2015物理学院物理学（拔尖计划）",0,鼓楼校区,2017-2018学年 第1学期,78270,"教101,教101",0.0,否,,1,48,,0,0,生物化学,1,"第1节-第2节,第5节-第6节",教学楼,14140013
32.0,400220,分子生物学(20171-14140020-1),201711414002077735,,3,,32,1-18周,0,郑伟娟,1-18周 周四 第5节-第6节 仙Ⅱ-218,2.0,生命科学学院,否,理论类课程,周四,2017-2018-1,,201711414002077735,"2015化学学院化学,2015化学学院化学(基地),2015化学学院应用化学",0,仙林校区,2017-2018学年 第1学期,77735,仙Ⅱ-218,0.0,否,,1,32,,0,0,分子生物学,12,第5节-第6节,仙II区,14140020
48.0,400220,大学生物学(20171-14140031-1),201711414003177872,,3,,52,4-18周,0,"黄亚红,王良斌,王保忠",4-18周 周三 第9节-第11节 仙Ⅰ-213,3.0,生命科学学院,否,理论类课程,周三,2017-2018-1,,201711414003177872,2017医学院临床医学（八年制）,0,仙林校区,2017-2018学年 第1学期,77872,仙Ⅰ-213,0.0,否,,1,48,,0,0,大学生物学,11,第9节-第11节,仙I区,14140031
48.0,400220,大学生物学(20171-14140031-2),201711414003177873,,3,,72,4-18周,0,"黄亚红,王保忠,王良斌",4-18周 周四 第9节-第11节 逸B-207,3.0,生命科学学院,否,理论类课程,周四,2017-2018-1,,201711414003177873,"2017医学院临床医学（5+3）,2017医学院口腔医学",0,仙林校区,2017-2018学年 第1学期,77873,逸B-207,0.0,否,,1,48,,0,0,大学生物学,16,第9节-第11节,逸夫楼B区,14140031
48.0,400220,大学生物学(20171-14140031-3),201711414003178066,,3,,11,1-18周,0,"焦瑞华,邵珠卿,王保忠,王良斌",1-18周 周五 第2节-第4节 仙Ⅰ-505,3.0,生命科学学院,否,理论类课程,周五,2017-2018-1,,201711414003178066,2016环境学院环境科学（环生）,0,仙林校区,2017-2018学年 第1学期,78066,仙Ⅰ-505,0.0,否,,1,48,,0,0,大学生物学,11,第2节-第4节,仙I区,14140031
16.0,400220,大学生物学实验(20171-14140031T-1),2017114140031T78071,,3,,11,1-18周,0,"王良斌,王保忠",1-18周 周五 第7节-第8节 ,1.0,生命科学学院,否,实验类课程,周五,2017-2018-1,,2017114140031T78071,2016环境学院环境科学（环生）,0,仙林校区,2017-2018学年 第1学期,78071,生科楼C510,16.0,否,,2,0,,0,0,大学生物学实验,,第7节-第8节,,14140031T
48.0,400220,大学生物学(20171-14140032-1),201711414003277896,,3,,106,"4-18周,4-18周",0,"王强,李朋富,黄亚红","4-18周 周二 第3节-第4节 逸B-101,4-18周 周五 第5节-第6节 仙Ⅱ-405",3.0,生命科学学院,否,理论类课程,"周二,周五",2017-2018-1,,201711414003277896,2017匡亚明学院理科强化班,0,仙林校区,2017-2018学年 第1学期,77896,"逸B-101,仙Ⅱ-405",0.0,否,,1,48,,0,0,大学生物学,"12,16","第3节-第4节,第5节-第6节","仙II区, 逸夫楼B区",14140032
48.0,400220,大学生物学(20171-14140032-2),201711414003277897,,3,,53,"1-18周,1-18周",0,"李朋富,黄亚红,王强","1-18周 周二 第1节-第2节 逸B-308,1-18周 周五 第3节-第4节 逸B-308",3.0,生命科学学院,否,理论类课程,"周二,周五",2017-2018-1,,201711414003277897,2016地球科学与工程学院地质学,0,仙林校区,2017-2018学年 第1学期,77897,"逸B-308,逸B-308",0.0,否,,1,48,,0,0,大学生物学,16,"第1节-第2节,第3节-第4节",逸夫楼B区,14140032
64.0,400220,生理学(20171-14140050-1),201711414005077767,,3,,39,"1-18周,1-18周",0,"吴旭东,罗兰","1-18周 周二 第1节-第2节 仙Ⅰ-202,1-18周 周四 第1节-第2节 仙Ⅰ-212",4.0,生命科学学院,否,理论类课程,"周二,周四",2017-2018-1,,201711414005077767,"2014电子科学与工程学院生物医学工程,2015现代工程与应用科学学院生物医学工程",0,仙林校区,2017-2018学年 第1学期,77767,"仙Ⅰ-202,仙Ⅰ-212",0.0,否,,1,64,,0,0,生理学,11,"第1节-第2节,第1节-第2节",仙I区,14140050
48.0,400190,古生物学(20171-15000030-1),201711500003078018,,3,,24,"2-18周,2-18周",0,史宇坤,"2-18周 周二 第5节-第6节 逸C-114,2-18周 周二 第7节-第8节 ",3.0,地球科学与工程学院,否,,"周二,周二",2017-2018-1,,201711500003078018,"2016地球科学与工程学院地质学,2016地球科学与工程学院地球化学",0,仙林校区,2017-2018学年 第1学期,78018,"逸C-114,实验楼丙112",,否,,,,,,0,古生物学,17,"第5节-第6节,第7节-第8节",逸夫楼C区,15000030
16.0,400200,地球系统科学与环境新生导学课(20171-15000040-1),201711500004078638,,3,,112,4-11周,0,"都金康,居为民,王汝成,陈颙,赵坤,杨修群",4-11周 周五 第5节-第6节 ,1.0,地理与海洋科学学院,否,实践类课程,周五,2017-2018-1,,201711500004078638,,0,仙林校区,2017-2018学年 第1学期,78638,昆山楼一楼报告厅,0.0,否,,3,0,,18,0,地球系统科学与环境新生导学课,,第5节-第6节,,15000040
32.0,400190,现代地球科学前沿(20171-15000050-1),201711500005078341,,3,,13,1-18周,0,陈天宇,1-18周 周四 第7节-第8节 ,2.0,地球科学与工程学院,否,理论类课程,周四,2017-2018-1,,201711500005078341,"2014地球科学与工程学院地质学,2014地球科学与工程学院地质学（地球物理学方向）,2014地球科学与工程学院地下水科学与工程,2014地球科学与工程学院水文与水资源工程,2014地球科学与工程学院地质工程,2014地球科学与工程学院地球化学",0,仙林校区,2017-2018学年 第1学期,78341,朱共山楼125,0.0,否,,1,32,,0,0,现代地球科学前沿,,第7节-第8节,,15000050
32.0,400190,水圈与水资源(20171-15000060-1),201711500006078434,,3,,99,1-18周,0,"吴吉春,王栋,王远坤,袁慧玲,于谦,任洪强",1-18周 周五 第5节-第6节 仙Ⅱ-304,2.0,地球科学与工程学院,否,理论类课程,周五,2017-2018-1,,201711500006078434,2016地球科学与工程学院理科试验班（地球系统科学与环境）,0,仙林校区,2017-2018学年 第1学期,78434,仙Ⅱ-304,0.0,否,,1,32,,0,0,水圈与水资源,12,第5节-第6节,仙II区,15000060
32.0,400190,地球系统科学与环境综合实习-认识实习(20171-15000070-1),201711500007079089,,3,,96,,0,"许有鹏,王国光,高超,吴绍华,韦斯,周庆,李伟强,韩志勇,刘蓓蓓,刘连文,李高军,王腊春,俞协治,蔡元峰,张永战,车旭东,都金康,李徐生,陈天宇,徐志伟,史江峰,姜耀辉,王先彦,李升峰,王远坤,左平,陈卫峰", 自由时间 - ,2.0,地球科学与工程学院,否,,自由时间,2017-2018-1,,201711500007079089,2016地球科学与工程学院理科试验班（地球系统科学与环境）,0,仙林校区,2017-2018学年 第1学期,79089,无,,否,,,,,,0,地球系统科学与环境综合实习-认识实习,,自由时间,,15000070
32.0,400190,矿物信息学(20171-15010060-1),201711501006078118,,3,,8,3-18周,0,胡欢,3-18周 周一 第5节-第6节 仙Ⅰ-111,2.0,地球科学与工程学院,否,理论类课程,周一,2017-2018-1,,201711501006078118,"2014地球科学与工程学院地质学,2015地球科学与工程学院地质学,2014地球科学与工程学院地质学（地球物理学方向）,2014地球科学与工程学院地球化学",0,仙林校区,2017-2018学年 第1学期,78118,仙Ⅰ-111,0.0,否,,1,32,,0,0,矿物信息学,11,第5节-第6节,仙I区,15010060
32.0,400190,板块构造(20171-15010080-1),201711501008078068,,3,,26,3-18周,0,王胜利,3-18周 周三 第5节-第6节 仙Ⅱ-216,2.0,地球科学与工程学院,否,理论类课程,周三,2017-2018-1,,201711501008078068,"2015地球科学与工程学院地质学,2015地球科学与工程学院地质学（地球物理学方向）,2015地球科学与工程学院地下水科学与工程,2015地球科学与工程学院地质学（古生物学方向）,2015地球科学与工程学院水文与水资源工程,2015地球科学与工程学院地质工程,2015地球科学与工程学院地球化学",0,仙林校区,2017-2018学年 第1学期,78068,仙Ⅱ-216,0.0,否,,1,32,,0,0,板块构造,12,第5节-第6节,仙II区,15010080
48.0,400190,水文地质工程地质概论(20171-15010120-1),201711501012078070,,3,,3,"3-18周,3-17周(单)",0,"徐红霞,刘春","3-17周(单) 周五 第1节-第2节 仙Ⅰ-114,3-18周 周三 第5节-第6节 仙Ⅰ-114",3.0,地球科学与工程学院,否,理论类课程,"周三,周五",2017-2018-1,,201711501012078070,"2015地球科学与工程学院地质学,2015地球科学与工程学院地质学（古生物学方向）,2015地球科学与工程学院地球化学",0,仙林校区,2017-2018学年 第1学期,78070,"仙Ⅰ-114,仙Ⅰ-114",0.0,否,,1,48,,0,0,水文地质工程地质概论,11,"第5节-第6节,第1节-第2节",仙I区,15010120
32.0,400190,遥感与地理信息系统(20171-15010190-1),201711501019078072,,3,,63,3-18周,0,董少春,3-18周 周四 第7节-第8节 仙Ⅱ-111,2.0,地球科学与工程学院,否,理论类课程,周四,2017-2018-1,,201711501019078072,"2015地球科学与工程学院地质学,2015地球科学与工程学院地质学（地球物理学方向）,2015地球科学与工程学院地下水科学与工程,2015地球科学与工程学院地质学（古生物学方向）,2015地球科学与工程学院水文与水资源工程,2015地球科学与工程学院地质工程,2015地球科学与工程学院地球化学",0,仙林校区,2017-2018学年 第1学期,78072,仙Ⅱ-111,0.0,否,,1,32,,0,0,遥感与地理信息系统,12,第7节-第8节,仙II区,15010190
48.0,400190,地球化学(20171-15020010-1),201711502001078073,,3,,19,"4-18周(双),3-18周",0,"赵良,李高军","4-18周(双) 周一 第3节-第4节 仙Ⅰ-112,3-18周 周三 第9节-第10节 仙Ⅰ-112",3.0,地球科学与工程学院,否,,"周一,周三",2017-2018-1,,201711502001078073,2015地球科学与工程学院地质学,0,仙林校区,2017-2018学年 第1学期,78073,"仙Ⅰ-112,仙Ⅰ-112",,否,,,,,,0,地球化学,11,"第3节-第4节,第9节-第10节",仙I区,15020010
48.0,400190,地球化学(20171-15020010-1),201711502001078103,,3,,14,"3-18周,3-17周(单)",0,"李伟,刘连文,周斌","3-18周 周一 第1节-第2节 逸B-201,3-17周(单) 周四 第3节-第4节 逸B-201",3.0,地球科学与工程学院,否,,"周一,周四",2017-2018-1,,201711502001078103,"2015地球科学与工程学院地球化学,2015地球科学与工程学院地质学（古生物学方向）",0,仙林校区,2017-2018学年 第1学期,78103,"逸B-201,逸B-201",,否,,,,,,0,地球化学,16,"第1节-第2节,第3节-第4节",逸夫楼B区,15020010
32.0,400190,地球化学实验(20171-15020010T-1),2017115020010T78119,,3,,13,1-18周,0,"杨涛,魏海珍,杨兢红",1-18周 周三 第5节-第8节 ,2.0,地球科学与工程学院,否,实验类课程,周三,2017-2018-1,,2017115020010T78119,2014地球科学与工程学院地球化学,0,仙林校区,2017-2018学年 第1学期,78119,朱共山楼重点实验室,48.0,否,,2,0,,0,0,地球化学实验,,第5节-第8节,,15020010T
64.0,400190,结晶学与矿物学(20171-15020020-1),201711502002078041,,3,,4,"1-17周(单),1-18周,1-18周",0,谢磊,"1-18周 周四 第3节-第4节 仙Ⅰ-515,1-18周 周四 第5节-第6节 ,1-17周(单) 周二 第3节-第4节 逸C-405",4.0,地球科学与工程学院,否,理论+实验课程,"周二,周四,周四",2017-2018-1,,201711502002078041,2016地球科学与工程学院地球化学,0,仙林校区,2017-2018学年 第1学期,78041,"逸C-405,仙Ⅰ-515,实验楼丙205",,否,,6,,,,0,结晶学与矿物学,"11,17","第3节-第4节,第3节-第4节,第5节-第6节","仙I区, 逸夫楼C区",15020020
32.0,400190,晶体光学(20171-15020030-1),201711502003077944,,3,,18,"1-7周,1-7周,1-7周",0,汪相,"1-7周 周二 第3节-第4节 仙Ⅱ-109,1-7周 周四 第5节-第6节 ,1-7周 周四 第3节-第4节 仙Ⅱ-109",2.0,地球科学与工程学院,否,理论+实验课程,"周二,周四,周四",2017-2018-1,,201711502003077944,2016地球科学与工程学院地质学,0,仙林校区,2017-2018学年 第1学期,77944,"仙Ⅱ-109,仙Ⅱ-109,实验楼丙204",,否,,6,,,,0,晶体光学,12,"第3节-第4节,第3节-第4节,第5节-第6节",仙II区,15020030
48.0,400190,火成岩石学(20171-15020040-1),201711502004077946,,3,,19,"8-18周,8-18周,8-18周",0,邱检生,"8-18周 周二 第3节-第4节 仙Ⅱ-109,8-18周 周四 第5节-第6节 ,8-18周 周四 第3节-第4节 仙Ⅱ-109",3.0,地球科学与工程学院,否,理论类课程,"周二,周四,周四",2017-2018-1,,201711502004077946,2016地球科学与工程学院地质学,0,仙林校区,2017-2018学年 第1学期,77946,"仙Ⅱ-109,仙Ⅱ-109,实验楼丙204",0.0,否,,1,32,,0,0,火成岩石学,12,"第3节-第4节,第3节-第4节,第5节-第6节",仙II区,15020040
48.0,400190,沉积岩岩石学(20171-15020050-1),201711502005078098,,3,,17,"10-18周,10-18周,10-18周(双)",0,胡修棉,"10-18周 周一 第3节-第4节 仙Ⅰ-117,10-18周 周一 第5节-第6节 ,10-18周(双) 周四 第3节-第4节 逸B-201",3.0,地球科学与工程学院,否,理论+实验课程,"周一,周一,周四",2017-2018-1,,201711502005078098,"2015地球科学与工程学院地球化学,2015地球科学与工程学院地质学（古生物学方向）",0,仙林校区,2017-2018学年 第1学期,78098,"仙Ⅰ-117,实验楼丙204,逸B-201",,否,,6,,,,0,沉积岩岩石学,"11,16","第3节-第4节,第5节-第6节,第3节-第4节","仙I区, 逸夫楼B区",15020050
32.0,400190,变质岩岩石学(20171-15020060-1),201711502006078065,,3,,29,"3-11周(单),3-11周,3-11周",0,于津海,"3-11周 周五 第3节-第4节 仙Ⅰ-112,3-11周 周五 第5节-第8节 ,3-11周(单) 周一 第3节-第4节 仙Ⅰ-112",2.0,地球科学与工程学院,否,理论+实验课程,"周一,周五,周五",2017-2018-1,,201711502006078065,2015地球科学与工程学院地质学,0,仙林校区,2017-2018学年 第1学期,78065,"仙Ⅰ-112,仙Ⅰ-112,实验楼丙204",,否,,6,,,,0,变质岩岩石学,11,"第3节-第4节,第3节-第4节,第5节-第8节",仙I区,15020060
32.0,400190,变质岩岩石学(20171-15020060-1),201711502006078102,,3,,12,"3-9周,3-9周,4-8周(双)",0,王孝磊,"3-9周 周一 第3节-第4节 仙Ⅰ-116,3-9周 周一 第5节-第6节 ,4-8周(双) 周四 第3节-第4节 仙Ⅰ-113",2.0,地球科学与工程学院,否,理论+实验课程,"周一,周一,周四",2017-2018-1,,201711502006078102,2015地球科学与工程学院地球化学,0,仙林校区,2017-2018学年 第1学期,78102,"仙Ⅰ-116,实验楼丙204,仙Ⅰ-113",,否,,6,,,,0,变质岩岩石学,11,"第3节-第4节,第5节-第6节,第3节-第4节",仙I区,15020060
48.0,400190,经济地质学(20171-15020070-1),201711502007078076,,3,,42,"3-18周,3-18周",0,"吴昌志,陆建军","3-18周 周二 第3节-第4节 逸B-308,3-18周 周二 第5节-第8节 ",3.0,地球科学与工程学院,否,理论+实验课程,"周二,周二",2017-2018-1,,201711502007078076,"2015地球科学与工程学院地质学,2015地球科学与工程学院地质学（古生物学方向）,2015地球科学与工程学院地球化学",0,仙林校区,2017-2018学年 第1学期,78076,"逸B-308,实验楼丙204",32.0,否,,6,32,,0,0,经济地质学,16,"第3节-第4节,第5节-第8节",逸夫楼B区,15020070
32.0,400190,有机地球化学(20171-15020100-1),201711502010078115,,3,,1,,0,,,2.0,地球科学与工程学院,否,理论类课程,,2017-2018-1,,201711502010078115,"2014地球科学与工程学院地质学,2014地球科学与工程学院地球化学",0,仙林校区,2017-2018学年 第1学期,78115,,0.0,否,,1,32,,0,0,有机地球化学,,,,15020100
32.0,400190,全球变化(20171-15020120-1),201711502012078089,,3,,23,3-18周,0,吴卫华,3-18周 周四 第5节-第6节 仙Ⅰ-113,2.0,地球科学与工程学院,否,理论类课程,周四,2017-2018-1,,201711502012078089,"2014地球科学与工程学院地质学,2015地球科学与工程学院地质学（地球物理学方向）,2015地球科学与工程学院地质学（古生物学方向）,2015地球科学与工程学院地球化学,2015地球科学与工程学院地质学,2014地球科学与工程学院地质学（地球物理学方向）,2014地球科学与工程学院地下水科学与工程,2014地球科学与工程学院水文与水资源工程,2014地球科学与工程学院地质工程,2014地球科学与工程学院地球化学",0,仙林校区,2017-2018学年 第1学期,78089,仙Ⅰ-113,0.0,否,,1,32,,0,0,全球变化,11,第5节-第6节,仙I区,15020120
32.0,400190,核能地质学(20171-15020140-1),201711502014078116,,3,,1,,0,,,2.0,地球科学与工程学院,否,理论类课程,,2017-2018-1,,201711502014078116,,0,仙林校区,2017-2018学年 第1学期,78116,,0.0,否,,1,32,,0,0,核能地质学,,,,15020140
32.0,400190,矿床勘探方法(20171-15020200-1),201711502020078079,,3,,17,3-18周,0,姜耀辉,3-18周 周一 第7节-第8节 逸C-102,2.0,地球科学与工程学院,否,理论类课程,周一,2017-2018-1,,201711502020078079,"2014地球科学与工程学院地质学,2015地球科学与工程学院地质学（地球物理学方向）,2015地球科学与工程学院地质学（古生物学方向）,2015地球科学与工程学院地球化学,2015地球科学与工程学院地质学,2014地球科学与工程学院地球化学",0,仙林校区,2017-2018学年 第1学期,78079,逸C-102,0.0,否,,1,32,,0,0,矿床勘探方法,17,第7节-第8节,逸夫楼C区,15020200
32.0,400190,矿物学(20171-15020210-1),201711502021078042,,3,,18,"1-8周,1-8周,1-7周(单)",0,"车旭东,谢志东","1-8周 周二 第3节-第4节 逸B-309,1-8周 周二 第5节-第6节 ,1-7周(单) 周四 第3节-第4节 逸B-309",2.0,地球科学与工程学院,否,,"周二,周二,周四",2017-2018-1,,201711502021078042,"2016地球科学与工程学院地质工程,2016地球科学与工程学院地质学（地球物理学方向）,2016地球科学与工程学院地下水科学与工程,2016地球科学与工程学院水文与水资源工程",0,仙林校区,2017-2018学年 第1学期,78042,"逸B-309,实验楼丙205,逸B-309",,否,,,,,,0,矿物学,16,"第3节-第4节,第5节-第6节,第3节-第4节",逸夫楼B区,15020210
32.0,400190,岩石学（水工专业版）(20171-15020220-1),201711502022078043,,3,,20,"9-18周,9-18周,9-17周(单)",0,"陈立辉,曾罡","9-18周 周二 第3节-第4节 逸B-309,9-18周 周二 第5节-第6节 ,9-17周(单) 周四 第3节-第4节 逸B-309",2.0,地球科学与工程学院,否,理论+实验课程,"周二,周二,周四",2017-2018-1,,201711502022078043,"2016地球科学与工程学院地质工程,2016地球科学与工程学院地质学（地球物理学方向）,2016地球科学与工程学院地下水科学与工程,2016地球科学与工程学院水文与水资源工程",0,仙林校区,2017-2018学年 第1学期,78043,"逸B-309,实验楼丙207,逸B-309",16.0,否,,6,32,,0,0,岩石学（水工专业版）,16,"第3节-第4节,第5节-第6节,第3节-第4节",逸夫楼B区,15020220
48.0,400190,理论力学与材料力学(20171-15030010-1),201711503001078062,,3,,7,"2-18周(双),1-18周",0,"朱鸿鹄,张巍","2-18周(双) 周四 第3节-第4节 逸B-309,1-18周 周四 第5节-第6节 逸B-309",3.0,地球科学与工程学院,否,理论类课程,"周四,周四",2017-2018-1,,201711503001078062,2016地球科学与工程学院地质工程,0,仙林校区,2017-2018学年 第1学期,78062,"逸B-309,逸B-309",0.0,否,,1,48,,0,0,理论力学与材料力学,16,"第3节-第4节,第5节-第6节",逸夫楼B区,15030010
48.0,400190,土力学(20171-15030030-1),201711503003078111,,3,,12,"3-18周,4-18周(双),3-17周(单)",0,"阎长虹,许宝田","3-18周 周五 第3节-第4节 仙Ⅰ-111,4-18周(双) 周五 第5节-第6节 仙Ⅰ-114,3-17周(单) 周五 第5节-第6节 ",3.0,地球科学与工程学院,否,理论+实验课程,"周五,周五,周五",2017-2018-1,,201711503003078111,2015地球科学与工程学院地质工程,0,仙林校区,2017-2018学年 第1学期,78111,"仙Ⅰ-111,仙Ⅰ-114,实验楼丙116",16.0,否,,6,48,,2,0,土力学,11,"第3节-第4节,第5节-第6节,第5节-第6节",仙I区,15030030
64.0,400190,工程地质学(20171-15030040-1),201711503004078109,,3,,14,"3-18周,3-18周",0,"唐朝生,王宝军","3-18周 周二 第3节-第4节 逸B-310,3-18周 周四 第5节-第6节 逸B-310",4.0,地球科学与工程学院,否,理论类课程,"周二,周四",2017-2018-1,,201711503004078109,"2015地球科学与工程学院地质工程,2015地球科学与工程学院地下水科学与工程,2015地球科学与工程学院水文与水资源工程",0,仙林校区,2017-2018学年 第1学期,78109,"逸B-310,逸B-310",0.0,否,,1,64,,0,0,工程地质学,16,"第3节-第4节,第5节-第6节",逸夫楼B区,15030040
48.0,400190,工程测量(20171-15030060-1),201711503006078112,,3,,11,"3-18周,4-18周(双)",0,张丹,"4-18周(双) 周四 第3节-第4节 自由地点,3-18周 周一 第5节-第6节 仙Ⅰ-112",3.0,地球科学与工程学院,否,理论+实验课程,"周一,周四",2017-2018-1,,201711503006078112,2015地球科学与工程学院地质工程,0,仙林校区,2017-2018学年 第1学期,78112,"仙Ⅰ-112,自由地点",32.0,否,,6,32,,0,0,工程测量,"11,388","第5节-第6节,第3节-第4节","仙I区, 虚拟区域（仙林）",15030060
48.0,400190,结构力学(20171-15030100-1),201711503010078113,,3,,11,"3-18周,3-17周(单)",0,张巍,"3-17周(单) 周四 第3节-第4节 逸C-210,3-18周 周二 第5节-第6节 逸B-310",3.0,地球科学与工程学院,否,理论类课程,"周二,周四",2017-2018-1,,201711503010078113,2015地球科学与工程学院地质工程,0,仙林校区,2017-2018学年 第1学期,78113,"逸B-310,逸C-210",0.0,否,,1,48,,0,0,结构力学,"16,17","第5节-第6节,第3节-第4节","逸夫楼B区, 逸夫楼C区",15030100
32.0,400190,地下工程(20171-15030120-1),201711503012078127,,3,,11,1-18周,0,赵晓豹,1-18周 周一 第3节-第4节 逸B-310,2.0,地球科学与工程学院,否,理论类课程,周一,2017-2018-1,,201711503012078127,2014地球科学与工程学院地质工程,0,仙林校区,2017-2018学年 第1学期,78127,逸B-310,0.0,否,,1,32,,0,0,地下工程,16,第3节-第4节,逸夫楼B区,15030120
48.0,400190,水力学(20171-15040010-1),201711504001078060,,3,,11,1-18周,0,"王远坤,王栋,蒋建国",1-18周 周四 第5节-第7节 仙Ⅰ-111,3.0,地球科学与工程学院,否,理论类课程,周四,2017-2018-1,,201711504001078060,"2016地球科学与工程学院水文与水资源工程,2016地球科学与工程学院地下水科学与工程",0,仙林校区,2017-2018学年 第1学期,78060,仙Ⅰ-111,0.0,否,,1,48,,0,0,水力学,11,第5节-第7节,仙I区,15040010
32.0,400190,水文预报(20171-15040040-1),201711504004078106,,3,,6,3-18周,0,"徐静,陈扣平",3-18周 周二 第5节-第6节 仙Ⅰ-409,2.0,地球科学与工程学院,否,理论类课程,周二,2017-2018-1,,201711504004078106,"2015地球科学与工程学院水文与水资源工程,2015地球科学与工程学院地下水科学与工程",0,仙林校区,2017-2018学年 第1学期,78106,仙Ⅰ-409,0.0,否,,1,32,,0,0,水文预报,11,第5节-第6节,仙I区,15040040
32.0,400190,水环境保护(20171-15040050-1),201711504005078122,,3,,12,1-18周,0,阮晓红,1-18周 周三 第3节-第4节 仙Ⅰ-111,2.0,地球科学与工程学院,否,理论类课程,周三,2017-2018-1,,201711504005078122,"2014地球科学与工程学院水文与水资源工程,2014地球科学与工程学院地下水科学与工程",0,仙林校区,2017-2018学年 第1学期,78122,仙Ⅰ-111,0.0,否,,1,32,,0,0,水环境保护,11,第3节-第4节,仙I区,15040050
32.0,400190,自然地理学概论(20171-15040070-1),201711504007078061,,3,,11,1-18周,0,周启友,1-18周 周一 第7节-第8节 仙Ⅰ-111,2.0,地球科学与工程学院,否,理论类课程,周一,2017-2018-1,,201711504007078061,2016地球科学与工程学院水文与水资源工程,0,仙林校区,2017-2018学年 第1学期,78061,仙Ⅰ-111,0.0,否,,1,32,,0,0,自然地理学概论,11,第7节-第8节,仙I区,15040070
32.0,400190,水资源利用(20171-15040090-1),201711504009078124,,3,,12,1-18周,0,"王远坤,孙媛媛",1-18周 周二 第5节-第6节 仙Ⅰ-114,2.0,地球科学与工程学院,否,理论类课程,周二,2017-2018-1,,201711504009078124,"2014地球科学与工程学院水文与水资源工程,2014地球科学与工程学院地下水科学与工程",0,仙林校区,2017-2018学年 第1学期,78124,仙Ⅰ-114,0.0,否,,1,32,,0,0,水资源利用,11,第5节-第6节,仙I区,15040090
32.0,400190,专业英语(20171-15040180-1),201711504018078107,,3,,10,3-18周,0,周启友,3-18周 周一 第3节-第4节 逸B-202,2.0,地球科学与工程学院,否,理论类课程,周一,2017-2018-1,,201711504018078107,"2015地球科学与工程学院地质工程,2015地球科学与工程学院地下水科学与工程,2015地球科学与工程学院水文与水资源工程",0,仙林校区,2017-2018学年 第1学期,78107,逸B-202,0.0,否,,1,32,,0,0,专业英语,16,第3节-第4节,逸夫楼B区,15040180
32.0,400190,水资源系统分析(20171-15040200-1),201711504020078125,,3,,1,,0,,,2.0,地球科学与工程学院,否,理论类课程,,2017-2018-1,,201711504020078125,,0,仙林校区,2017-2018学年 第1学期,78125,,0.0,否,,1,32,,0,0,水资源系统分析,,,,15040200
32.0,400190,水环境监测(20171-15040220-1),201711504022078108,,3,,7,3-18周,0,徐红霞,3-18周 周四 第3节-第4节 仙Ⅱ-411,2.0,地球科学与工程学院,否,理论类课程,周四,2017-2018-1,,201711504022078108,"2014地球科学与工程学院水文与水资源工程,2015地球科学与工程学院地下水科学与工程,2015地球科学与工程学院水文与水资源工程,2014地球科学与工程学院地下水科学与工程",0,仙林校区,2017-2018学年 第1学期,78108,仙Ⅱ-411,0.0,否,,1,32,,0,0,水环境监测,12,第3节-第4节,仙II区,15040220
32.0,400190,地下水数值模拟技术(20171-15040250-1),201711504025078121,,3,,1,,0,,,2.0,地球科学与工程学院,否,理论+实验课程,,2017-2018-1,,201711504025078121,"2014地球科学与工程学院水文与水资源工程,2014地球科学与工程学院地下水科学与工程",0,仙林校区,2017-2018学年 第1学期,78121,,32.0,否,,6,16,,0,0,地下水数值模拟技术,,,,15040250
32.0,400190,地质统计学(20171-15040300-1),201711504030078084,,3,,0,,0,,,2.0,地球科学与工程学院,否,理论类课程,,2017-2018-1,,201711504030078084,"2014地球科学与工程学院地质学,2015地球科学与工程学院地质学（地球物理学方向）,2015地球科学与工程学院地球化学,2015地球科学与工程学院地质学,2014地球科学与工程学院地质学（地球物理学方向）,2014地球科学与工程学院地下水科学与工程,2014地球科学与工程学院水文与水资源工程,2014地球科学与工程学院地质工程,2014地球科学与工程学院地球化学",0,仙林校区,2017-2018学年 第1学期,78084,,0.0,否,,1,32,,0,0,地质统计学,,,,15040300
80.0,400190,地下水动力学(20171-15050010-1),201711505001078110,,3,,9,"3-18周,3-18周",0,"祝晓彬,蒋建国,吴吉春","3-18周 周五 第3节-第4节 仙Ⅰ-508,3-18周 周一 第5节-第7节 仙Ⅰ-113",5.0,地球科学与工程学院,否,理论类课程,"周一,周五",2017-2018-1,,201711505001078110,"2015地球科学与工程学院水文与水资源工程,2015地球科学与工程学院地下水科学与工程",0,仙林校区,2017-2018学年 第1学期,78110,"仙Ⅰ-113,仙Ⅰ-508",0.0,否,,1,80,,0,0,地下水动力学,11,"第5节-第7节,第3节-第4节",仙I区,15050010
48.0,400190,普地实习(20171-15080010-1),201711508001078252,,3,,33,1-18周,0,"王博,杨爱华,许宝田,解国爱",1-18周 自由时间 - 自由地点,3.0,地球科学与工程学院,否,,自由时间,2017-2018-1,,201711508001078252,"2016地球科学与工程学院地质学,2016地球科学与工程学院地质学（地球物理学方向）,2016地球科学与工程学院地下水科学与工程,2016地球科学与工程学院水文与水资源工程,2016地球科学与工程学院地质工程,2016地球科学与工程学院地球化学",0,仙林校区,2017-2018学年 第1学期,78252,自由地点,,否,,,,,,0,普地实习,388,自由时间,虚拟区域（仙林）,15080010
48.0,400190,区测实习(20171-15080020-1),201711508002078253,,3,,71,1-18周,0,"吴昌志,杨涛,王小林,史宇坤,施小清,戴宝章,刘春,赵良",1-18周 周一 第1节-第2节 ,3.0,地球科学与工程学院,否,实践类课程,周一,2017-2018-1,,201711508002078253,"2015地球科学与工程学院地质学,2015地球科学与工程学院地质学（地球物理学方向）,2015地球科学与工程学院地下水科学与工程,2015地球科学与工程学院地质学（古生物学方向）,2015地球科学与工程学院水文与水资源工程,2015地球科学与工程学院地质工程,2015地球科学与工程学院地球化学",0,仙林校区,2017-2018学年 第1学期,78253,无,0.0,否,,3,10,,150,0,区测实习,,第1节-第2节,,15080020
32.0,400190,岩矿鉴定技能训练(20171-15080060-1),201711508006078114,,3,,25,1-18周,0,,1-18周 自由时间 - 自由地点,2.0,地球科学与工程学院,否,实验类课程,自由时间,2017-2018-1,,201711508006078114,"2014地球科学与工程学院地质学,2014地球科学与工程学院地质学（地球物理学方向）,2014地球科学与工程学院地下水科学与工程,2014地球科学与工程学院水文与水资源工程,2014地球科学与工程学院地质工程,2014地球科学与工程学院地球化学",0,仙林校区,2017-2018学年 第1学期,78114,自由地点,72.0,否,,2,24,,0,0,岩矿鉴定技能训练,388,自由时间,虚拟区域（仙林）,15080060
32.0,400190,应用地球物理(20171-15080090-1),201711508009078633,,3,,17,,0,,,2.0,地球科学与工程学院,否,理论+实践课程,,2017-2018-1,,201711508009078633,"2014地球科学与工程学院地质学（地球物理学方向）,2015地球科学与工程学院地质学（地球物理学方向）",0,仙林校区,2017-2018学年 第1学期,78633,,0.0,否,,5,0,,84,0,应用地球物理,,,,15080090
64.0,400190,地震学(20171-15090030-1),201711509003078105,,3,,12,"3-18周,3-18周",0,王涛,"3-18周 周二 第1节-第2节 逸B-209,3-18周 周四 第1节-第2节 逸B-209",4.0,地球科学与工程学院,否,理论类课程,"周二,周四",2017-2018-1,,201711509003078105,2015地球科学与工程学院地质学（地球物理学方向）,0,仙林校区,2017-2018学年 第1学期,78105,"逸B-209,逸B-209",0.0,否,,1,64,,0,0,地震学,16,"第1节-第2节,第1节-第2节",逸夫楼B区,15090030
32.0,400190,信号分析与数字处理(20171-15090090-1),201711509009078226,,3,,10,3-18周,0,米宁,3-18周 周一 第5节-第6节 仙Ⅰ-215,2.0,地球科学与工程学院,否,理论类课程,周一,2017-2018-1,,201711509009078226,2015地球科学与工程学院地质学（地球物理学方向）,0,仙林校区,2017-2018学年 第1学期,78226,仙Ⅰ-215,0.0,否,,1,32,,0,0,信号分析与数字处理,11,第5节-第6节,仙I区,15090090
48.0,400200,GIS概论(20171-16000020-1),201711600002077943,,3,,36,"1-18周,1-18周",0,王结臣,"1-18周 周一 第5节-第6节 仙Ⅰ-114,1-18周 周二 第9节-第10节 ",3.0,地理与海洋科学学院,否,理论+实验课程,"周一,周二",2017-2018-1,,201711600002077943,"2016地理与海洋科学学院地理科学,2016建筑与城市规划学院城乡规划",0,仙林校区,2017-2018学年 第1学期,77943,"仙Ⅰ-114,实验楼丙212",32.0,否,,6,32,,0,0,GIS概论,11,"第5节-第6节,第9节-第10节",仙I区,16000020
48.0,400200,GIS概论(20171-16000020-1),201711600002077951,,3,,44,"1-18周,1-18周",0,马劲松,"1-18周 周五 第5节-第6节 逸C-103,1-18周 周五 第7节-第8节 ",3.0,地理与海洋科学学院,否,理论+实验课程,"周五,周五",2017-2018-1,,201711600002077951,"2016地理与海洋科学学院海洋科学,2016地理与海洋科学学院自然地理与资源环境,2016地理与海洋科学学院地理信息科学",0,仙林校区,2017-2018学年 第1学期,77951,"逸C-103,实验楼丙212",32.0,否,,6,32,,0,0,GIS概论,17,"第5节-第6节,第7节-第8节",逸夫楼C区,16000020
32.0,400200,遥感概论(20171-16000030I-1),2017116000030I77947,,3,,74,"1-18周,1-18周",0,"占文凤,刘永学","1-18周 周三 第5节-第6节 逸B-305,1-18周 周三 第7节-第8节 ",2.0,地理与海洋科学学院,否,理论+实验课程,"周三,周三",2017-2018-1,,2017116000030I77947,"2016地理与海洋科学学院地理科学,2016建筑与城市规划学院城乡规划,2016地理与海洋科学学院自然地理与资源环境,2016地理与海洋科学学院地理信息科学,2016地理与海洋科学学院海洋科学",0,仙林校区,2017-2018学年 第1学期,77947,"逸B-305,实验楼丙212",32.0,否,,6,32,,,0,遥感概论,16,"第5节-第6节,第7节-第8节",逸夫楼B区,16000030I
32.0,400200,地理科学基础(20171-16000110-1),201711600011078630,,3,,101,4-18周,0,"鹿化煜,张捷",4-18周 周二 第7节-第8节 逸B-207,2.0,地理与海洋科学学院,否,理论类课程,周二,2017-2018-1,,201711600011078630,2017*理科试验班（地球科学与资源环境类）*地球科学与资源环境类,0,仙林校区,2017-2018学年 第1学期,78630,逸B-207,0.0,否,,1,32,,0,0,地理科学基础,16,第7节-第8节,逸夫楼B区,16000110
32.0,400200,土地利用规划(20171-16010040-1),201711601004077957,,3,,16,3-18周,0,陈逸,3-18周 周一 第1节-第2节 仙Ⅰ-116,2.0,地理与海洋科学学院,否,理论类课程,周一,2017-2018-1,,201711601004077957,2015地理与海洋科学学院自然地理与资源环境,0,仙林校区,2017-2018学年 第1学期,77957,仙Ⅰ-116,0.0,否,,1,32,,0,0,土地利用规划,11,第1节-第2节,仙I区,16010040
32.0,400200,土地利用工程(20171-16010050-1),201711601005077958,,3,,1,,0,,,2.0,地理与海洋科学学院,否,理论类课程,,2017-2018-1,,201711601005077958,2015地理与海洋科学学院自然地理与资源环境,0,仙林校区,2017-2018学年 第1学期,77958,,0.0,否,,1,32,,0,0,土地利用工程,,,,16010050
48.0,400200,水资源与水环境(20171-16010100-1),201711601010077959,,3,,15,3-18周,0,许有鹏,3-18周 周一 第3节-第4节 仙Ⅰ-115,3.0,地理与海洋科学学院,否,理论类课程,周一,2017-2018-1,,201711601010077959,"2015地理与海洋科学学院地理科学,2015地理与海洋科学学院自然地理与资源环境",0,仙林校区,2017-2018学年 第1学期,77959,仙Ⅰ-115,0.0,否,,1,48,,0,0,水资源与水环境,11,第3节-第4节,仙I区,16010100
32.0,400200,土地生态学(20171-16010120-1),201711601012077960,,3,,7,,0,,,2.0,地理与海洋科学学院,否,理论类课程,,2017-2018-1,,201711601012077960,2015地理与海洋科学学院自然地理与资源环境,0,仙林校区,2017-2018学年 第1学期,77960,,0.0,否,,1,32,,0,0,土地生态学,,,,16010120
32.0,400200,环境规划与评价(20171-16010230-1),201711601023077961,,3,,13,3-18周,0,朱继业,3-18周 周三 第5节-第6节 仙Ⅰ-116,2.0,地理与海洋科学学院,否,理论类课程,周三,2017-2018-1,,201711601023077961,2015地理与海洋科学学院自然地理与资源环境,0,仙林校区,2017-2018学年 第1学期,77961,仙Ⅰ-116,0.0,否,,1,32,,0,0,环境规划与评价,11,第5节-第6节,仙I区,16010230
48.0,400200,资源环境数理方法(20171-16010330-1),201711601033077962,,3,,6,3-18周,0,张燕,3-18周 周五 第5节-第7节 仙Ⅰ-112,3.0,地理与海洋科学学院,否,理论类课程,周五,2017-2018-1,,201711601033077962,2015地理与海洋科学学院自然地理与资源环境,0,仙林校区,2017-2018学年 第1学期,77962,仙Ⅰ-112,0.0,否,,1,48,,0,0,资源环境数理方法,11,第5节-第7节,仙I区,16010330
32.0,400200,建设地理学(20171-16010370-1),201711601037078005,,3,,3,10-18周,0,"周寅康,张建新",10-18周 周一 第3节-第6节 逸C-103,2.0,地理与海洋科学学院,否,理论类课程,周一,2017-2018-1,,201711601037078005,2014地理与海洋科学学院自然地理与资源环境,0,仙林校区,2017-2018学年 第1学期,78005,逸C-103,0.0,否,,1,32,,0,0,建设地理学,17,第3节-第6节,逸夫楼C区,16010370
32.0,400200,农业地理(20171-16010380-1),201711601038078008,,3,,2,,0,,,2.0,地理与海洋科学学院,否,理论类课程,,2017-2018-1,,201711601038078008,2014地理与海洋科学学院自然地理与资源环境,0,仙林校区,2017-2018学年 第1学期,78008,,0.0,否,,1,32,,0,0,农业地理,,,,16010380
48.0,400200,GIS技术与应用(20171-16020060-1),201711602006077964,,3,,51,"3-18周,3-18周",0,"李飞雪,刘永学","3-18周 周一 第5节-第7节 逸B-307,3-18周 周一 第9节-第10节 ",3.0,地理与海洋科学学院,否,理论+实验课程,"周一,周一",2017-2018-1,,201711602006077964,"2015地理与海洋科学学院地理科学,2015地理与海洋科学学院地理信息科学",0,仙林校区,2017-2018学年 第1学期,77964,"逸B-307,实验楼丙212",,否,,6,,,,0,GIS技术与应用,16,"第5节-第7节,第9节-第10节",逸夫楼B区,16020060
32.0,400200,数字图像处理(20171-16020090-1),201711602009077965,,3,,29,"3-18周,3-18周",0,肖鹏峰,"3-18周 周二 第3节-第4节 仙Ⅱ-102,3-18周 周三 第5节-第6节 ",2.0,地理与海洋科学学院,否,理论+实验课程,"周二,周三",2017-2018-1,,201711602009077965,2015地理与海洋科学学院地理信息科学,0,仙林校区,2017-2018学年 第1学期,77965,"仙Ⅱ-102,实验楼丙212",32.0,否,,6,32,,,0,数字图像处理,12,"第3节-第4节,第5节-第6节",仙II区,16020090
48.0,400200,GIS设计(20171-16020120-1),201711602012077989,,3,,39,"1-11周,1-11周",0,"陈振杰,李满春","1-11周 周一 第3节-第4节 逸C-103,1-11周 周一 第5节-第8节 ",3.0,地理与海洋科学学院,否,理论+实践课程,"周一,周一",2017-2018-1,,201711602012077989,2014地理与海洋科学学院地理信息科学,0,仙林校区,2017-2018学年 第1学期,77989,"逸C-103,实验楼丙212",0.0,否,,5,18,,36,0,GIS设计,17,"第3节-第4节,第5节-第8节",逸夫楼C区,16020120
32.0,400200,地理数据库(20171-16020240-1),201711602024077950,,3,,47,"1-18周,1-18周",0,佘江峰,"1-18周 周四 第1节-第2节 仙Ⅱ-315,1-18周 周四 第5节-第6节 ",2.0,地理与海洋科学学院,否,理论+实验课程,"周四,周四",2017-2018-1,,201711602024077950,"2016地理与海洋科学学院地理科学,2016地理与海洋科学学院自然地理与资源环境,2016地理与海洋科学学院地理信息科学,2016地理与海洋科学学院海洋科学",0,仙林校区,2017-2018学年 第1学期,77950,"仙Ⅱ-315,实验楼丙212",32.0,否,,6,32,,0,0,地理数据库,12,"第1节-第2节,第5节-第6节",仙II区,16020240
32.0,400200,土地利用/土地覆被变化(20171-16020300-1),201711602030077990,,3,,17,"1-9周,1-9周",0,黄秋昊,"1-9周 周二 第5节-第6节 逸C-302,1-9周 周三 第5节-第6节 逸C-302",2.0,地理与海洋科学学院,否,理论类课程,"周二,周三",2017-2018-1,,201711602030077990,2014地理与海洋科学学院地理信息科学,0,仙林校区,2017-2018学年 第1学期,77990,"逸C-302,逸C-302",0.0,否,,1,32,,0,0,土地利用/土地覆被变化,17,"第5节-第6节,第5节-第6节",逸夫楼C区,16020300
32.0,400200,地理计算(20171-16020330-1),201711602033077966,,3,,13,3-18周,0,周艳莲,3-18周 周四 第3节-第4节 仙Ⅰ-111,2.0,地理与海洋科学学院,否,理论类课程,周四,2017-2018-1,,201711602033077966,2015地理与海洋科学学院地理信息科学,0,仙林校区,2017-2018学年 第1学期,77966,仙Ⅰ-111,0.0,否,,1,32,,0,0,地理计算,11,第3节-第4节,仙I区,16020330
32.0,400200,地图分析与应用(20171-16020350-1),201711602035077967,,3,,22,3-18周,0,李飞雪,3-18周 周五 第3节-第4节 仙Ⅰ-113,2.0,地理与海洋科学学院,否,理论类课程,周五,2017-2018-1,,201711602035077967,2015地理与海洋科学学院地理信息科学,0,仙林校区,2017-2018学年 第1学期,77967,仙Ⅰ-113,0.0,否,,1,32,,0,0,地图分析与应用,11,第3节-第4节,仙I区,16020350
32.0,400200,数字地球导论(20171-16020360-1),201711602036077991,,3,,22,"1-9周,1-9周",0,黄秋昊,"1-9周 周二 第3节-第4节 逸C-303,1-9周 周三 第3节-第4节 逸C-303",2.0,地理与海洋科学学院,否,理论类课程,"周二,周三",2017-2018-1,,201711602036077991,2014地理与海洋科学学院地理信息科学,0,仙林校区,2017-2018学年 第1学期,77991,"逸C-303,逸C-303",2.0,否,,1,28,,2,0,数字地球导论,17,"第3节-第4节,第3节-第4节",逸夫楼C区,16020360
32.0,400200,地理建模(20171-16020400-1),201711602040077963,,3,,26,3-18周,0,吴国平,3-18周 周五 第1节-第2节 仙Ⅰ-115,2.0,地理与海洋科学学院,否,理论+实验课程,周五,2017-2018-1,,201711602040077963,"2015地理与海洋科学学院地理科学,2015地理与海洋科学学院自然地理与资源环境,2015地理与海洋科学学院地理信息科学",0,仙林校区,2017-2018学年 第1学期,77963,仙Ⅰ-115,8.0,否,,6,32,,0,0,地理建模,11,第1节-第2节,仙I区,16020400
32.0,400200,国土资源信息系统(20171-16020420-1),201711602042077992,,3,,7,1-9周,0,吴国平,1-9周 周五 第5节-第8节 逸C-105,2.0,地理与海洋科学学院,否,理论类课程,周五,2017-2018-1,,201711602042077992,2014地理与海洋科学学院地理信息科学,0,仙林校区,2017-2018学年 第1学期,77992,逸C-105,0.0,否,,1,32,,0,0,国土资源信息系统,17,第5节-第8节,逸夫楼C区,16020420
32.0,400200,定量遥感概论(20171-16020570-1),201711602057077968,,3,,22,3-18周,0,张秀英,3-18周 周二 第5节-第6节 仙Ⅰ-511,2.0,地理与海洋科学学院,否,理论类课程,周二,2017-2018-1,,201711602057077968,2015地理与海洋科学学院地理信息科学,0,仙林校区,2017-2018学年 第1学期,77968,仙Ⅰ-511,0.0,否,,1,32,,0,0,定量遥感概论,11,第5节-第6节,仙I区,16020570
32.0,400200,模式识别与人工智能(20171-16020580-1),201711602058077969,,3,,10,3-10周,0,李艳,3-10周 周五 第5节-第8节 仙Ⅰ-210,2.0,地理与海洋科学学院,否,理论类课程,周五,2017-2018-1,,201711602058077969,2015地理与海洋科学学院地理信息科学,0,仙林校区,2017-2018学年 第1学期,77969,仙Ⅰ-210,0.0,否,,1,32,,0,0,模式识别与人工智能,11,第5节-第8节,仙I区,16020580
32.0,400200,大气遥感(20171-16020590-1),201711602059077970,,3,,14,3-18周,0,王恒茂,3-18周 周一 第3节-第4节 仙Ⅰ-111,2.0,地理与海洋科学学院,否,,周一,2017-2018-1,,201711602059077970,2015地理与海洋科学学院地理信息科学,0,仙林校区,2017-2018学年 第1学期,77970,仙Ⅰ-111,,否,,,,,,0,大气遥感,11,第3节-第4节,仙I区,16020590
32.0,400200,激光雷达遥感(20171-16020610-1),201711602061077971,,3,,17,3-18周,0,程亮,3-18周 周三 第1节-第2节 仙Ⅰ-111,2.0,地理与海洋科学学院,否,理论类课程,周三,2017-2018-1,,201711602061077971,2015地理与海洋科学学院地理信息科学,0,仙林校区,2017-2018学年 第1学期,77971,仙Ⅰ-111,0.0,否,,1,32,,0,0,激光雷达遥感,11,第1节-第2节,仙I区,16020610
32.0,400200,地表遥感(20171-16020630-1),201711602063077972,,3,,17,3-18周,0,居为民,3-18周 周四 第1节-第2节 仙Ⅰ-111,2.0,地理与海洋科学学院,否,理论类课程,周四,2017-2018-1,,201711602063077972,2015地理与海洋科学学院地理信息科学,0,仙林校区,2017-2018学年 第1学期,77972,仙Ⅰ-111,0.0,否,,1,32,,0,0,地表遥感,11,第1节-第2节,仙I区,16020630
32.0,400200,地貌学(20171-16040040-1),201711604004077949,,3,,57,1-18周,0,李徐生,1-18周 周二 第1节-第2节 逸B-307,2.0,地理与海洋科学学院,否,理论类课程,周二,2017-2018-1,,201711604004077949,"2016地理与海洋科学学院地理科学,2016地理与海洋科学学院自然地理与资源环境,2016地理与海洋科学学院地理信息科学,2016地理与海洋科学学院海洋科学",0,仙林校区,2017-2018学年 第1学期,77949,逸B-307,0.0,否,,1,32,,0,0,地貌学,16,第1节-第2节,逸夫楼B区,16040040
32.0,400200,环境演变与全球变化(20171-16040070-1),201711604007077973,,3,,27,3-18周,0,"马春梅,陈刚",3-18周 周三 第5节-第6节 仙Ⅰ-112,2.0,地理与海洋科学学院,否,理论类课程,周三,2017-2018-1,,201711604007077973,2015地理与海洋科学学院地理科学,0,仙林校区,2017-2018学年 第1学期,77973,仙Ⅰ-112,0.0,否,,1,32,,0,0,环境演变与全球变化,11,第5节-第6节,仙I区,16040070
32.0,400200,中国自然地理(20171-16040110-1),201711604011077974,,3,,29,3-18周,0,马春梅,3-18周 周四 第5节-第6节 仙Ⅰ-112,2.0,地理与海洋科学学院,否,理论类课程,周四,2017-2018-1,,201711604011077974,2015地理与海洋科学学院地理科学,0,仙林校区,2017-2018学年 第1学期,77974,仙Ⅰ-112,0.0,否,,1,32,,0,0,中国自然地理,11,第5节-第6节,仙I区,16040110
32.0,400200,冰冻圈科学概论(20171-16040140-1),201711604014077982,,3,,5,3-18周,0,"庞洪喜,侯书贵",3-18周 周一 第3节-第4节 逸C-202,2.0,地理与海洋科学学院,否,理论类课程,周一,2017-2018-1,,201711604014077982,2015地理与海洋科学学院海洋科学,0,仙林校区,2017-2018学年 第1学期,77982,逸C-202,0.0,否,,1,32,,0,0,冰冻圈科学概论,17,第3节-第4节,逸夫楼C区,16040140
32.0,400200,地质学教学实习(20171-16040500-1),201711604050077985,,3,,61,,0,"王晓勇,徐志伟", 自由时间 - 自由地点,2.0,地理与海洋科学学院,否,实践类课程,自由时间,2017-2018-1,,201711604050077985,"2016地理与海洋科学学院地理科学,2016地理与海洋科学学院自然地理与资源环境,2016地理与海洋科学学院地理信息科学,2016地理与海洋科学学院海洋科学",0,仙林校区,2017-2018学年 第1学期,77985,自由地点,0.0,否,,3,0,,80,0,简明地质学实习,388,自由时间,虚拟区域（仙林）,16040500
32.0,400200,地理学教学实习(20171-16040510-1),201711604051077983,,3,,72,1-2周,0,王腊春,1-2周 自由时间 - 自由地点,2.0,地理与海洋科学学院,否,实践类课程,自由时间,2017-2018-1,,201711604051077983,"2015地理与海洋科学学院地理科学,2015地理与海洋科学学院自然地理与资源环境,2015地理与海洋科学学院地理信息科学,2015地理与海洋科学学院海洋科学",0,仙林校区,2017-2018学年 第1学期,77983,自由地点,0.0,否,,3,0,,120,0,地理学教学实习,388,自由时间,虚拟区域（仙林）,16040510
32.0,400200,地理学知识创新实习(20171-16040520-1),201711604052078020,,3,,13,,0,张振克, 自由时间 - 自由地点,2.0,地理与海洋科学学院,否,实践类课程,自由时间,2017-2018-1,,201711604052078020,2014地理与海洋科学学院地理科学,0,仙林校区,2017-2018学年 第1学期,78020,自由地点,0.0,否,,3,0,,32,0,地理学知识创新实习,388,自由时间,虚拟区域（仙林）,16040520
64.0,400200,生产实习(20171-16040540-1),201711604054077986,,3,,6,1-18周,0,庞洪喜,1-18周 自由时间 - 自由地点,4.0,地理与海洋科学学院,否,实践类课程,自由时间,2017-2018-1,,201711604054077986,2014地理与海洋科学学院海洋科学,0,仙林校区,2017-2018学年 第1学期,77986,自由地点,0.0,否,,3,0,,448,0,生产实习,388,自由时间,虚拟区域（仙林）,16040540
64.0,400200,生产实习(20171-16040540-1),201711604054077993,,3,,39,1-18周,0,郑光,1-18周 自由时间 - 自由地点,4.0,地理与海洋科学学院,否,实践类课程,自由时间,2017-2018-1,,201711604054077993,2014地理与海洋科学学院地理信息科学,0,仙林校区,2017-2018学年 第1学期,77993,自由地点,0.0,否,,3,0,,448,0,生产实习,388,自由时间,虚拟区域（仙林）,16040540
64.0,400200,生产实习(20171-16040540-1),201711604054078000,,3,,14,1-18周,0,张建新,1-18周 自由时间 - 自由地点,4.0,地理与海洋科学学院,否,实践类课程,自由时间,2017-2018-1,,201711604054078000,2014地理与海洋科学学院自然地理与资源环境,0,仙林校区,2017-2018学年 第1学期,78000,自由地点,0.0,否,,3,0,,448,0,生产实习,388,自由时间,虚拟区域（仙林）,16040540
64.0,400200,生产实习(20171-16040540-1),201711604054078016,,3,,13,1-18周,0,张红艳,1-18周 自由时间 - 自由地点,4.0,地理与海洋科学学院,否,实践类课程,自由时间,2017-2018-1,,201711604054078016,2014地理与海洋科学学院地理科学,0,仙林校区,2017-2018学年 第1学期,78016,自由地点,0.0,否,,3,0,,448,0,生产实习,388,自由时间,虚拟区域（仙林）,16040540
16.0,400200,应用自然地理学(20171-16040560-1),201711604056077975,,3,,27,4-18周(双),0,张振克,4-18周(双) 周一 第1节-第2节 仙Ⅰ-111,1.0,地理与海洋科学学院,否,理论类课程,周一,2017-2018-1,,201711604056077975,2015地理与海洋科学学院地理科学,0,仙林校区,2017-2018学年 第1学期,77975,仙Ⅰ-111,0.0,否,,1,16,,0,0,应用自然地理学,11,第1节-第2节,仙I区,16040560
32.0,400200,第四纪科学基础实验(20171-16040660T-1),2017116040660T77976,,3,,7,3-18周,0,弋双文,3-18周 周二 第5节-第6节 ,2.0,地理与海洋科学学院,否,,周二,2017-2018-1,,2017116040660T77976,2015地理与海洋科学学院地理科学,0,仙林校区,2017-2018学年 第1学期,77976,昆山楼实验室353,,否,,,,,,0,第四纪科学基础实验,,第5节-第6节,,16040660T
32.0,400200,气候变化科学(20171-16040670-1),201711604067077977,,3,,18,3-18周,0,史江峰,3-18周 周四 第3节-第4节 仙Ⅰ-112,2.0,地理与海洋科学学院,否,理论类课程,周四,2017-2018-1,,201711604067077977,2015地理与海洋科学学院地理科学,0,仙林校区,2017-2018学年 第1学期,77977,仙Ⅰ-112,0.0,否,,1,32,,0,0,气候变化科学,11,第3节-第4节,仙I区,16040670
32.0,400200,气象气候学(20171-16040730-1),201711604073077935,,3,,46,1-18周,0,江飞,1-18周 周一 第3节-第4节 逸B-302,2.0,地理与海洋科学学院,否,理论类课程,周一,2017-2018-1,,201711604073077935,"2016地理与海洋科学学院地理科学,2016地理与海洋科学学院自然地理与资源环境,2016地理与海洋科学学院地理信息科学,2016地理与海洋科学学院海洋科学",0,仙林校区,2017-2018学年 第1学期,77935,逸B-302,0.0,否,,1,32,,0,0,气象气候学,16,第3节-第4节,逸夫楼B区,16040730
32.0,400200,旅游地理学(20171-16050110-1),201711605011077954,,3,,12,1-18周,0,张宏磊,1-18周 周一 第5节-第6节 逸B-202,2.0,地理与海洋科学学院,否,理论类课程,周一,2017-2018-1,,201711605011077954,2016地理与海洋科学学院自然地理与资源环境,0,仙林校区,2017-2018学年 第1学期,77954,逸B-202,8.0,否,,1,24,,0,0,旅游地理学,16,第5节-第6节,逸夫楼B区,16050110
32.0,400200,海洋生物学(20171-16060040-1),201711606004077978,,3,,6,3-18周,0,左平,3-18周 周二 第3节-第4节 逸C-302,2.0,地理与海洋科学学院,否,理论类课程,周二,2017-2018-1,,201711606004077978,2015地理与海洋科学学院海洋科学,0,仙林校区,2017-2018学年 第1学期,77978,逸C-302,0.0,否,,1,32,,0,0,海洋生物学,17,第3节-第4节,逸夫楼C区,16060040
32.0,400200,海洋化学(20171-16060050-1),201711606005077979,,3,,6,3-18周,0,"周丽娅,葛晨东",3-18周 周四 第3节-第4节 逸C-209,2.0,地理与海洋科学学院,否,理论类课程,周四,2017-2018-1,,201711606005077979,2015地理与海洋科学学院海洋科学,0,仙林校区,2017-2018学年 第1学期,77979,逸C-209,0.0,否,,1,32,,0,0,海洋化学,17,第3节-第4节,逸夫楼C区,16060050
32.0,400200,海岸地貌学(20171-16060220-1),201711606022077980,,3,,7,3-18周,0,"高建华,杨旸",3-18周 周五 第3节-第4节 逸C-209,2.0,地理与海洋科学学院,否,理论类课程,周五,2017-2018-1,,201711606022077980,2015地理与海洋科学学院海洋科学,0,仙林校区,2017-2018学年 第1学期,77980,逸C-209,0.0,否,,1,32,,0,0,海岸地貌学,17,第3节-第4节,逸夫楼C区,16060220
16.0,400200,海洋科学实习（一）(20171-16060800A-1),2017116060800A78657,,3,,6,,0,张永战, 自由时间 - ,1.0,地理与海洋科学学院,否,实践类课程,自由时间,2017-2018-1,,2017116060800A78657,2016地理与海洋科学学院海洋科学,0,仙林校区,2017-2018学年 第1学期,78657,无,0.0,否,,3,0,,56,0,海洋科学实习（一）,,自由时间,,16060800A
16.0,400200,海洋科学实习（二）(20171-16060800B-1),2017116060800B77984,,3,,12,,0,张永战, 自由时间 - 自由地点,1.0,地理与海洋科学学院,否,实践类课程,自由时间,2017-2018-1,,2017116060800B77984,2015地理与海洋科学学院海洋科学,0,仙林校区,2017-2018学年 第1学期,77984,自由地点,,否,,3,4,,12,0,海洋科学实习（二）,388,自由时间,虚拟区域（仙林）,16060800B
32.0,400200,海洋地质学实验方法(20171-16060810-1),201711606081077981,,3,,5,3-18周,0,"殷勇,葛晨东,周丽娅,张永战",3-18周 周三 第5节-第6节 逸C-209,2.0,地理与海洋科学学院,否,实验类课程,周三,2017-2018-1,,201711606081077981,2015地理与海洋科学学院海洋科学,0,仙林校区,2017-2018学年 第1学期,77981,逸C-209,24.0,否,,2,8,,,0,海洋地质学实验方法,17,第5节-第6节,逸夫楼C区,16060810
32.0,400200,底栖生物与海洋环境(20171-16060830-1),201711606083077988,,3,,0,,0,,,2.0,地理与海洋科学学院,否,理论类课程,,2017-2018-1,,201711606083077988,2014地理与海洋科学学院海洋科学,0,仙林校区,2017-2018学年 第1学期,77988,,0.0,否,,1,32,,0,0,底栖生物与海洋环境,,,,16060830
48.0,400210,大气科学概论(20171-17010010-1),201711701001077772,,3,,27,"1-14周,1-14周",0,"袁慧玲,李树,张宁","1-14周 周一 第3节-第4节 逸B-401,1-14周 周四 第5节-第6节 逸B-401",3.0,大气科学学院,否,理论类课程,"周一,周四",2017-2018-1,,201711701001077772,2016大气科学学院大气科学类,0,仙林校区,2017-2018学年 第1学期,77772,"逸B-401,逸B-401",0.0,否,,1,64,,0,0,大气科学概论,16,"第3节-第4节,第5节-第6节",逸夫楼B区,17010010
48.0,400210,大气科学概论(20171-17010010-2),201711701001077773,,3,,25,"1-14周,1-14周",0,"袁健,郭维栋,庄炳亮","1-14周 周一 第3节-第4节 逸B-402,1-14周 周四 第5节-第6节 逸B-402",3.0,大气科学学院,否,理论类课程,"周一,周四",2017-2018-1,,201711701001077773,2016大气科学学院大气科学类,0,仙林校区,2017-2018学年 第1学期,77773,"逸B-402,逸B-402",0.0,否,,1,64,,0,0,大气科学概论,16,"第3节-第4节,第5节-第6节",逸夫楼B区,17010010
48.0,400210,大气科学概论(20171-17010010-3),201711701001077804,,3,,97,1-18周,0,"王学远,彭珍,刘红年",1-18周 周五 第1节-第2节 仙Ⅰ-103,3.0,大气科学学院,否,理论类课程,周五,2017-2018-1,,201711701001077804,2016地球科学与工程学院理科试验班（地球系统科学与环境）,0,仙林校区,2017-2018学年 第1学期,77804,仙Ⅰ-103,0.0,否,,1,64,,0,0,大气科学概论,11,第1节-第2节,仙I区,17010010
64.0,400210,天气学原理(20171-17010030-1),201711701003077776,,3,,40,"1-18周,1-18周",0,"王元,姚永红,唐晓东","1-18周 周一 第3节-第4节 仙Ⅱ-115,1-18周 周四 第3节-第4节 仙Ⅱ-115",4.0,大气科学学院,否,理论类课程,"周一,周四",2017-2018-1,,201711701003077776,"2015大气科学学院大气科学,2015大气科学学院应用气象学",0,仙林校区,2017-2018学年 第1学期,77776,"仙Ⅱ-115,仙Ⅱ-115",0.0,否,,1,80,,0,0,天气学原理,12,"第3节-第4节,第3节-第4节",仙II区,17010030
64.0,400210,天气学原理(20171-17010030-2),201711701003077777,,3,,40,"1-18周,1-18周",0,"江静,明杰","1-18周 周一 第3节-第4节 仙Ⅱ-116,1-18周 周四 第3节-第4节 仙Ⅱ-116",4.0,大气科学学院,否,理论类课程,"周一,周四",2017-2018-1,,201711701003077777,"2015大气科学学院大气科学,2015大气科学学院应用气象学",0,仙林校区,2017-2018学年 第1学期,77777,"仙Ⅱ-116,仙Ⅱ-116",0.0,否,,1,80,,0,0,天气学原理,12,"第3节-第4节,第3节-第4节",仙II区,17010030
64.0,400210,动力气象(20171-17010050-1),201711701005077779,,3,,25,"1-18周,1-18周,2-18周(双)",0,"张熠,周博闻","1-18周 周五 第1节-第2节 仙Ⅰ-111,1-18周 周二 第3节-第4节 仙Ⅰ-111,2-18周(双) 周二 第1节-第2节 仙Ⅰ-111",4.0,大气科学学院,否,理论类课程,"周五,周二,周二",2017-2018-1,,201711701005077779,"2015大气科学学院大气科学,2015大气科学学院应用气象学",0,仙林校区,2017-2018学年 第1学期,77779,"仙Ⅰ-111,仙Ⅰ-111,仙Ⅰ-111",,否,,1,,,,0,动力气象,11,"第1节-第2节,第3节-第4节,第1节-第2节",仙I区,17010050
64.0,400210,动力气象(20171-17010050-2),201711701005077780,,3,,26,"1-18周,1-18周,2-18周(双)",0,"王其伟,雷荔傈","1-18周 周五 第1节-第2节 仙Ⅰ-112,1-18周 周二 第3节-第4节 仙Ⅰ-112,2-18周(双) 周二 第1节-第2节 仙Ⅰ-112",4.0,大气科学学院,否,理论类课程,"周五,周二,周二",2017-2018-1,,201711701005077780,"2015大气科学学院大气科学,2015大气科学学院应用气象学",0,仙林校区,2017-2018学年 第1学期,77780,"仙Ⅰ-112,仙Ⅰ-112,仙Ⅰ-112",,否,,1,,,,0,动力气象,11,"第1节-第2节,第3节-第4节,第1节-第2节",仙I区,17010050
64.0,400210,动力气象(20171-17010050-3),201711701005077781,,3,,27,"1-18周,1-18周,2-18周(双)",0,"仇欣,储可宽","1-18周 周五 第1节-第2节 仙Ⅰ-113,1-18周 周二 第3节-第4节 仙Ⅰ-113,2-18周(双) 周二 第1节-第2节 仙Ⅰ-113",4.0,大气科学学院,否,理论类课程,"周五,周二,周二",2017-2018-1,,201711701005077781,"2015大气科学学院大气科学,2015大气科学学院应用气象学",0,仙林校区,2017-2018学年 第1学期,77781,"仙Ⅰ-113,仙Ⅰ-113,仙Ⅰ-113",,否,,1,,,,0,动力气象,11,"第1节-第2节,第3节-第4节,第1节-第2节",仙I区,17010050
32.0,400210,大气化学与实验(20171-17010120-1),201711701012077789,,3,,33,"1-18周,1-18周",0,"谢旻,王体健","1-18周 周三 第5节-第6节 ,1-18周 周三 第7节-第8节 ",2.0,大气科学学院,否,理论+实验课程,"周三,周三",2017-2018-1,,201711701012077789,"2015大气科学学院大气科学,2015大气科学学院应用气象学",0,仙林校区,2017-2018学年 第1学期,77789,"大气楼BC301,大气楼A311",16.0,否,,6,32,,0,0,大气化学,,"第5节-第6节,第7节-第8节",,17010120
32.0,400210,天气学实验(20171-17010140-1),201711701014077784,,3,,40,"1-18周,1-18周",0,王亦平,"1-18周 周一 第5节-第6节 ,1-18周 周一 第7节-第7节 ",2.0,大气科学学院,否,,"周一,周一",2017-2018-1,,201711701014077784,"2015大气科学学院大气科学,2015大气科学学院应用气象学",0,仙林校区,2017-2018学年 第1学期,77784,"丙508,丙508",,否,,,,,,0,天气学实验,,"第5节-第6节,第7节-第7节",,17010140
32.0,400210,天气学实验(20171-17010140-2),201711701014077785,,3,,39,"1-18周,1-18周",0,况雪源,"1-18周 周四 第5节-第6节 ,1-18周 周四 第7节-第7节 ",2.0,大气科学学院,否,,"周四,周四",2017-2018-1,,201711701014077785,"2015大气科学学院大气科学,2015大气科学学院应用气象学",0,仙林校区,2017-2018学年 第1学期,77785,"丙508,丙508",,否,,,,,,0,天气学实验,,"第5节-第6节,第7节-第7节",,17010140
32.0,400210,气候变化(20171-17010160-1),201711701016077791,,3,,0,,0,,,2.0,大气科学学院,否,理论类课程,,2017-2018-1,,201711701016077791,"2014大气科学学院大气科学,2014大气科学学院应用气象学",0,仙林校区,2017-2018学年 第1学期,77791,,0.0,否,,1,32,,0,0,气候变化,,,,17010160
16.0,400210,大气环境规划与评价(20171-17010180-1),201711701018077792,,3,,9,"1-4周,1-4周",0,李树,"1-4周 周二 第5节-第6节 仙Ⅰ-111,1-4周 周五 第5节-第6节 仙Ⅰ-111",1.0,大气科学学院,否,理论类课程,"周二,周五",2017-2018-1,,201711701018077792,"2014大气科学学院大气科学,2014大气科学学院应用气象学",0,仙林校区,2017-2018学年 第1学期,77792,"仙Ⅰ-111,仙Ⅰ-111",0.0,否,,1,16,,0,0,大气环境规划与评价,11,"第5节-第6节,第5节-第6节",仙I区,17010180
32.0,400210,生态与农业气候学(20171-17010190-1),201711701019077793,,3,,9,1-12周,0,张录军,1-12周 周四 第5节-第7节 仙Ⅰ-316,2.0,大气科学学院,否,理论+实践课程,周四,2017-2018-1,,201711701019077793,"2014大气科学学院大气科学,2014大气科学学院应用气象学",0,仙林校区,2017-2018学年 第1学期,77793,仙Ⅰ-316,0.0,否,,5,28,,4,0,生态与农业气候学,11,第5节-第7节,仙I区,17010190
32.0,400210,气候资源与利用(20171-17010250-1),201711701025077794,,3,,10,"1-9周,1-9周",0,况雪源,"1-9周 周四 第1节-第2节 逸B-201,1-9周 周一 第3节-第4节 逸B-201",2.0,大气科学学院,否,理论类课程,"周一,周四",2017-2018-1,,201711701025077794,"2014大气科学学院大气科学,2014大气科学学院应用气象学",0,仙林校区,2017-2018学年 第1学期,77794,"逸B-201,逸B-201",0.0,否,,1,32,,0,0,气候资源与利用,16,"第3节-第4节,第1节-第2节",逸夫楼B区,17010250
16.0,400210,高性能并行运算(20171-17010270-1),201711701027077909,,3,,16,1周,0,郭传江,1周 自由时间 第5节-第7节 ,1.0,大气科学学院,否,理论+实践课程,自由时间,2017-2018-1,,201711701027077909,"2014大气科学学院大气科学,2014大气科学学院应用气象学",0,仙林校区,2017-2018学年 第1学期,77909,丙502,,否,,5,,,,0,高性能并行运算,,第5节-第7节,,17010270
32.0,400210,FORTRAN语言程序设计(20171-17010290-1),201711701029077771,,3,,59,"1-18周,1-18周",0,王学远,"1-18周 周二 第3节-第4节 仙Ⅰ-101,1-18周 周二 第5节-第6节 ",2.0,大气科学学院,否,理论+实验课程,"周二,周二",2017-2018-1,,201711701029077771,"2014地球科学与工程学院地质学（地球物理学方向）,2016大气科学学院大气科学类,2016地球科学与工程学院地质学（地球物理学方向）",0,仙林校区,2017-2018学年 第1学期,77771,"仙Ⅰ-101,丙502/506",32.0,否,,6,32,,0,0,高级语言程序设计,11,"第3节-第4节,第5节-第6节",仙I区,17010290
32.0,400210,计算方法(20171-17010300-1),201711701030077786,,3,,41,"1-18周,2-18周(双)",0,"汪名怀,张耀存","1-18周 周五 第3节-第4节 仙Ⅱ-102,2-18周(双) 周五 第5节-第6节 ",2.0,大气科学学院,否,理论+实验课程,"周五,周五",2017-2018-1,,201711701030077786,"2015大气科学学院大气科学,2015大气科学学院应用气象学",0,仙林校区,2017-2018学年 第1学期,77786,"仙Ⅱ-102,丙502/506",32.0,否,,6,32,,0,0,计算方法,12,"第3节-第4节,第5节-第6节",仙II区,17010300
32.0,400210,计算方法(20171-17010300-2),201711701030077787,,3,,41,"1-18周,2-18周(双)",0,黄樱,"1-18周 周五 第3节-第4节 仙Ⅱ-101,2-18周(双) 周五 第5节-第6节 ",2.0,大气科学学院,否,理论+实验课程,"周五,周五",2017-2018-1,,201711701030077787,"2015地球科学与工程学院地质学（地球物理学方向）,2015大气科学学院应用气象学,2015大气科学学院大气科学",0,仙林校区,2017-2018学年 第1学期,77787,"仙Ⅱ-101,丙502/506",32.0,否,,6,32,,0,0,计算方法,12,"第3节-第4节,第5节-第6节",仙II区,17010300
32.0,400210,海洋科学概论(20171-17010310-1),201711701031077790,,3,,53,1-12周,0,"房佳蓓,胡海波",1-12周 周二 第5节-第7节 仙Ⅱ-307,2.0,大气科学学院,否,理论类课程,周二,2017-2018-1,,201711701031077790,"2015大气科学学院大气科学,2015大气科学学院应用气象学",0,仙林校区,2017-2018学年 第1学期,77790,仙Ⅱ-307,0.0,否,,1,32,,0,0,海洋科学概论,12,第5节-第7节,仙II区,17010310
32.0,400210,大气环流(20171-17010350-1),201711701035077796,,3,,25,"5-13周,5-13周",0,张洋,"5-13周 周二 第5节-第6节 仙Ⅱ-313,5-13周 周五 第5节-第6节 仙Ⅱ-313",2.0,大气科学学院,否,理论类课程,"周二,周五",2017-2018-1,,201711701035077796,"2014大气科学学院大气科学,2014大气科学学院应用气象学",0,仙林校区,2017-2018学年 第1学期,77796,"仙Ⅱ-313,仙Ⅱ-313",0.0,否,,1,32,,0,0,大气环流,12,"第5节-第6节,第5节-第6节",仙II区,17010350
16.0,400210,航空气象(20171-17010360-1),201711701036077797,,3,,16,"1-4周,1-4周",0,彭珍,"1-4周 周二 第3节-第4节 逸C-210,1-4周 周五 第3节-第4节 逸C-210",1.0,大气科学学院,否,理论类课程,"周二,周五",2017-2018-1,,201711701036077797,"2014大气科学学院大气科学,2014大气科学学院应用气象学",0,仙林校区,2017-2018学年 第1学期,77797,"逸C-210,逸C-210",0.0,否,,1,16,,0,0,航空气象,17,"第3节-第4节,第3节-第4节",逸夫楼C区,17010360
32.0,400210,热带气象(20171-17010450-1),201711701045077799,,3,,8,1-12周,0,鲍名,1-12周 周四 第9节-第11节 ,2.0,大气科学学院,否,理论类课程,周四,2017-2018-1,,201711701045077799,"2014大气科学学院大气科学,2014大气科学学院应用气象学",0,仙林校区,2017-2018学年 第1学期,77799,大气楼BC301,0.0,否,,1,32,,0,0,热带气象,,第9节-第11节,,17010450
16.0,400210,气象数据分析与绘图(20171-17010460-1),201711701046077908,,3,,31,"1周,18周",0,孙旭光,"1周,18周 自由时间 第2节-第4节 ",1.0,大气科学学院,否,理论+实践课程,自由时间,2017-2018-1,,201711701046077908,"2014大气科学学院大气科学,2014大气科学学院应用气象学",0,仙林校区,2017-2018学年 第1学期,77908,丙502,0.0,否,,5,8,,8,0,气象数据分析与绘图,,第2节-第4节,,17010460
32.0,400210,大气数值模拟试验(20171-17010490-1),201711701049077801,,3,,13,"1-9周,1-9周",0,杨犇,"1-9周 周三 第3节-第5节 ,1-9周 周三 第6节-第7节 ",2.0,大气科学学院,否,理论+实验课程,"周三,周三",2017-2018-1,,201711701049077801,"2014大气科学学院大气科学,2014大气科学学院应用气象学",0,仙林校区,2017-2018学年 第1学期,77801,"丙502,丙502",24.0,否,,6,24,,0,0,大气数值模拟试验,,"第3节-第5节,第6节-第7节",,17010490
48.0,400210,地球流体力学(20171-17010500-1),201711701050077811,,3,,49,"1-18周,1-17周(单),2-18周(双)",0,"任雪娟,胡海波","1-17周(单) 周五 第3节-第4节 逸B-303,1-18周 周一 第5节-第6节 逸B-303,2-18周(双) 周五 第3节-第4节 逸B-303",3.0,大气科学学院,否,理论类课程,"周一,周五,周五",2017-2018-1,,201711701050077811,2016地球科学与工程学院理科试验班（地球系统科学与环境）,0,仙林校区,2017-2018学年 第1学期,77811,"逸B-303,逸B-303,逸B-303",0.0,否,,1,64,,0,0,地球流体力学,16,"第5节-第6节,第3节-第4节,第3节-第4节",逸夫楼B区,17010500
48.0,400210,地球流体力学(20171-17010500-2),201711701050077812,,3,,47,"1-18周,1-17周(单),2-18周(双)",0,"房佳蓓,杨修群,张洋","1-17周(单) 周五 第3节-第4节 逸B-304,1-18周 周一 第5节-第6节 逸B-304,2-18周(双) 周五 第3节-第4节 逸B-304",3.0,大气科学学院,否,理论类课程,"周一,周五,周五",2017-2018-1,,201711701050077812,2016地球科学与工程学院理科试验班（地球系统科学与环境）,0,仙林校区,2017-2018学年 第1学期,77812,"逸B-304,逸B-304,逸B-304",0.0,否,,1,64,,0,0,地球流体力学,16,"第5节-第6节,第3节-第4节,第3节-第4节",逸夫楼B区,17010500
64.0,400160,大学物理I(20171-18000110A-1),2017118000110A77376,,3,,128,"4-18周,4-18周",0,"张豹山,韩平","4-18周 周一 第5节-第6节 逸A-117,4-18周 周四 第5节-第6节 仙Ⅰ-320",4.0,电子科学与工程学院,否,理论类课程,"周一,周四",2017-2018-1,,2017118000110A77376,2017电子科学与工程学院电子信息类,0,仙林校区,2017-2018学年 第1学期,77376,"逸A-117,仙Ⅰ-320",0.0,否,,1,64,,0,0,大学物理I,"11,15","第5节-第6节,第5节-第6节","仙I区, 逸夫楼A区",18000110A
64.0,400160,大学物理I(20171-18000110A-2),2017118000110A77377,,3,,120,"4-18周,4-18周",0,"贾小氢,金飚兵","4-18周 周二 第3节-第4节 逸A-117,4-18周 周四 第5节-第6节 仙Ⅰ-107",4.0,电子科学与工程学院,否,理论类课程,"周二,周四",2017-2018-1,,2017118000110A77377,2017电子科学与工程学院电子信息类,0,仙林校区,2017-2018学年 第1学期,77377,"逸A-117,仙Ⅰ-107",0.0,否,,1,64,,0,0,大学物理I,"11,15","第3节-第4节,第5节-第6节","仙I区, 逸夫楼A区",18000110A
48.0,400160,电路分析(20171-18000310-1),201711800031077379,,3,,130,4-18周,0,沈一骑,4-18周 周五 第5节-第7节 逸A-117,3.0,电子科学与工程学院,否,理论类课程,周五,2017-2018-1,,201711800031077379,2017电子科学与工程学院电子信息类,0,仙林校区,2017-2018学年 第1学期,77379,逸A-117,0.0,否,,1,48,,0,0,电路分析,15,第5节-第7节,逸夫楼A区,18000310
48.0,400160,电路分析(20171-18000310-2),201711800031077380,,3,,106,4-18周,0,柏业超,4-18周 周五 第5节-第7节 逸B-212,3.0,电子科学与工程学院,否,理论类课程,周五,2017-2018-1,,201711800031077380,2017电子科学与工程学院电子信息类,0,仙林校区,2017-2018学年 第1学期,77380,逸B-212,0.0,否,,1,48,,0,0,电路分析,16,第5节-第7节,逸夫楼B区,18000310
48.0,400160,电路分析(20171-18000310-3),201711800031077381,,3,,36,4-18周,0,"张丽敏,康琳,李晨",4-18周 周五 第5节-第7节 逸B-506（翻转）,3.0,电子科学与工程学院,否,理论类课程,周五,2017-2018-1,,201711800031077381,2017电子科学与工程学院电子信息类,0,仙林校区,2017-2018学年 第1学期,77381,逸B-506（翻转）,0.0,否,,1,48,,0,0,电路分析,16,第5节-第7节,逸夫楼B区,18000310
48.0,400160,电路分析(20171-18000310-4),201711800031077437,,3,,0,,0,,,3.0,电子科学与工程学院,否,理论类课程,,2017-2018-1,,201711800031077437,,0,仙林校区,2017-2018学年 第1学期,77437,,0.0,否,,1,48,,0,0,电路分析,,,,18000310
48.0,400160,电路分析(20171-18000310-6),201711800031077440,,3,,37,1-18周,0,张彩虹,1-18周 周五 第2节-第4节 逸A-213,3.0,电子科学与工程学院,否,理论类课程,周五,2017-2018-1,,201711800031077440,"2016现代工程与应用科学学院光电信息科学与工程,2016现代工程与应用科学学院生物医学工程",0,仙林校区,2017-2018学年 第1学期,77440,逸A-213,0.0,否,,1,48,,0,0,电路分析,15,第2节-第4节,逸夫楼A区,18000310
32.0,400160,近代电子学实验(20171-18000420T-1),2017118000420T76718,,3,,0,1-18周,0,"赵康僆,陈颖",1-18周 周四 第5节-第8节 ,2.0,电子科学与工程学院,否,实验类课程,周四,2017-2018-1,,2017118000420T76718,"2014电子科学与工程学院电子信息科学与技术,2014电子科学与工程学院微电子科学与工程,2014电子科学与工程学院生物医学工程,2014电子科学与工程学院通信工程",0,仙林校区,2017-2018学年 第1学期,76718,基础实验楼丙414;基础实验楼丙418,32.0,否,,2,0,,0,0,近代电子学实验,,第5节-第8节,,18000420T
32.0,400160,近代电子学实验(20171-18000420T-2),2017118000420T77184,,3,,7,1-18周,0,"陈颖,赵康僆",1-18周 周四 第9节-第12节 ,2.0,电子科学与工程学院,否,实验类课程,周四,2017-2018-1,,2017118000420T77184,"2014电子科学与工程学院电子信息科学与技术,2014电子科学与工程学院微电子科学与工程,2014电子科学与工程学院生物医学工程,2014电子科学与工程学院通信工程",0,仙林校区,2017-2018学年 第1学期,77184,基础实验楼丙414; 基础实验楼丙418,32.0,否,,2,0,,0,0,近代电子学实验,,第9节-第12节,,18000420T
48.0,400160,信号与系统(20171-18000510-1),201711800051077728,,3,,127,1-18周,0,李晨,1-18周 周二 第5节-第7节 图书馆126,3.0,电子科学与工程学院,否,理论类课程,周二,2017-2018-1,,201711800051077728,"2016电子科学与工程学院电子信息类,2016电子科学与工程学院微电子科学与工程,2016电子科学与工程学院通信工程,2016电子科学与工程学院电子信息科学与技术",0,仙林校区,2017-2018学年 第1学期,77728,图书馆126,0.0,否,,1,48,,0,0,信号与系统,18,第5节-第7节,图书馆,18000510
48.0,400160,信号与系统(20171-18000510-2),201711800051077729,,3,,130,1-18周,0,孙国柱,1-18周 周二 第2节-第4节 仙Ⅰ-524,3.0,电子科学与工程学院,否,理论类课程,周二,2017-2018-1,,201711800051077729,"2014天文与空间科学学院空间科学与技术,2016电子科学与工程学院微电子科学与工程,2016电子科学与工程学院通信工程,2016电子科学与工程学院电子信息科学与技术,2016电子科学与工程学院电子信息类",0,仙林校区,2017-2018学年 第1学期,77729,仙Ⅰ-524,0.0,否,,1,48,,0,0,信号与系统,11,第2节-第4节,仙I区,18000510
48.0,400160,模拟电路(20171-18000610-1),201711800061077442,,3,,169,"1-18周,1-17周(单)",0,何爱军,"1-18周 周一 第3节-第4节 逸A-117,1-17周(单) 周四 第5节-第6节 仙Ⅱ-207",3.0,电子科学与工程学院,否,理论类课程,"周一,周四",2017-2018-1,,201711800061077442,"2015天文与空间科学学院空间科学与技术,2016现代工程与应用科学学院生物医学工程,2016现代工程与应用科学学院光电信息科学与工程,2016现代工程与应用科学学院材料化学,2016现代工程与应用科学学院材料物理",0,仙林校区,2017-2018学年 第1学期,77442,"逸A-117,仙Ⅱ-207",0.0,否,,1,51,,0,0,模拟电路,"12,15","第3节-第4节,第5节-第6节","仙II区, 逸夫楼A区",18000610
16.0,400160,模拟电路实验(20171-18000710T-1),2017118000710T76491,,3,,96,1-9周,0,"郑江,庄建军,戚海峰,高健,姜乃卓,陈瞻",1-9周 周一 第5节-第8节 ,1.0,电子科学与工程学院,否,实验类课程,周一,2017-2018-1,,2017118000710T76491,"2016电子科学与工程学院电子信息类,2016电子科学与工程学院微电子科学与工程,2016电子科学与工程学院通信工程,2016电子科学与工程学院电子信息科学与技术",0,仙林校区,2017-2018学年 第1学期,76491,基础实验楼丙405；413；414（高健翻转班）；415；418；420（庄建军开放班）；,32.0,否,,2,0,,0,0,模拟电路实验,,第5节-第8节,,18000710T
16.0,400160,模拟电路实验(20171-18000710T-2),2017118000710T76715,,3,,101,1-9周,0,"庄建军,陈瞻,姜乃卓,高健,郑江,戚海峰",1-9周 周三 第1节-第4节 ,1.0,电子科学与工程学院,否,实验类课程,周三,2017-2018-1,,2017118000710T76715,"2016电子科学与工程学院电子信息类,2016电子科学与工程学院微电子科学与工程,2016电子科学与工程学院通信工程,2016电子科学与工程学院电子信息科学与技术",0,仙林校区,2017-2018学年 第1学期,76715,基础实验楼丙405；413；414（高健翻转班）；415；418；420（庄建军开放班）；,32.0,否,,2,0,,0,0,模拟电路实验,,第1节-第4节,,18000710T
16.0,400160,模拟电路实验(20171-18000710T-3),2017118000710T77451,,3,,19,1-18周,0,陈瞻,1-18周 周五 第5节-第7节 ,1.0,电子科学与工程学院,否,实验类课程,周五,2017-2018-1,,2017118000710T77451,2015现代工程与应用科学学院生物医学工程,0,仙林校区,2017-2018学年 第1学期,77451,基础实验楼418,32.0,否,,2,0,,0,0,模拟电路实验,,第5节-第7节,,18000710T
48.0,400160,数字电路(20171-18000810-1),201711800081076493,,3,,103,1-18周,0,赵俊明,1-18周 周一 第2节-第4节 图书馆125,3.0,电子科学与工程学院,否,理论类课程,周一,2017-2018-1,,201711800081076493,"2016电子科学与工程学院电子信息类,2016电子科学与工程学院微电子科学与工程,2016电子科学与工程学院通信工程,2016电子科学与工程学院电子信息科学与技术",0,仙林校区,2017-2018学年 第1学期,76493,图书馆125,0.0,否,,1,48,,0,0,数字电路,18,第2节-第4节,图书馆,18000810
48.0,400160,数字电路(20171-18000810-2),201711800081076496,,3,,117,1-18周,0,潘红兵,1-18周 周一 第2节-第4节 仙Ⅰ-524,3.0,电子科学与工程学院,否,理论类课程,周一,2017-2018-1,,201711800081076496,"2016电子科学与工程学院电子信息类,2016电子科学与工程学院微电子科学与工程,2016电子科学与工程学院通信工程,2016电子科学与工程学院电子信息科学与技术",0,仙林校区,2017-2018学年 第1学期,76496,仙Ⅰ-524,0.0,否,,1,48,,0,0,数字电路,11,第2节-第4节,仙I区,18000810
32.0,400160,微弱信号检测(20171-18000820-1),201711800082076727,,3,,36,1-18周,0,司峻峰,1-18周 周三 第1节-第2节 逸B-410,2.0,电子科学与工程学院,否,理论类课程,周三,2017-2018-1,,201711800082076727,"2014电子科学与工程学院电子信息科学与技术,2014电子科学与工程学院微电子科学与工程,2014电子科学与工程学院生物医学工程,2014电子科学与工程学院通信工程",0,仙林校区,2017-2018学年 第1学期,76727,逸B-410,0.0,否,,1,32,,0,0,微弱信号检测,16,第1节-第2节,逸夫楼B区,18000820
32.0,400160,自动控制理论(20171-18000920-1),201711800092076523,,3,,43,1-18周,0,张丽敏,1-18周 周二 第9节-第10节 逸B-313,2.0,电子科学与工程学院,否,理论类课程,周二,2017-2018-1,,201711800092076523,"2015电子科学与工程学院电子信息科学与技术,2015电子科学与工程学院通信工程",0,仙林校区,2017-2018学年 第1学期,76523,逸B-313,0.0,否,,1,32,,0,0,自动控制理论,16,第9节-第10节,逸夫楼B区,18000920
48.0,400160,微处理器与嵌入式系统(20171-18001140-1),201711800114076526,,3,,22,1-18周,0,方元,1-18周 周二 第2节-第4节 仙Ⅱ-306,3.0,电子科学与工程学院,否,理论类课程,周二,2017-2018-1,,201711800114076526,"2015电子科学与工程学院电子信息科学与技术,2015电子科学与工程学院微电子科学与工程,2015电子科学与工程学院生物医学工程,2015电子科学与工程学院通信工程",0,仙林校区,2017-2018学年 第1学期,76526,仙Ⅱ-306,0.0,否,,1,48,,0,0,微处理器与嵌入式系统,12,第2节-第4节,仙II区,18001140
48.0,400160,数字图像与数字视频处理(20171-18001160-1),201711800116076527,,3,,103,1-18周,0,"袁杰,李杨",1-18周 周一 第9节-第11节 逸B-101,3.0,电子科学与工程学院,否,理论类课程,周一,2017-2018-1,,201711800116076527,"2015电子科学与工程学院电子信息科学与技术,2015电子科学与工程学院微电子科学与工程,2015电子科学与工程学院生物医学工程,2015电子科学与工程学院通信工程",0,仙林校区,2017-2018学年 第1学期,76527,逸B-101,0.0,否,,1,48,,0,0,数字图像与数字视频处理,16,第9节-第11节,逸夫楼B区,18001160
16.0,400160,嵌入式系统实验(20171-18001170T-1),2017118001170T76528,,3,,8,1-18周,0,方元,1-18周 周二 第5节-第6节 ,1.0,电子科学与工程学院,否,实验类课程,周二,2017-2018-1,,2017118001170T76528,"2015电子科学与工程学院电子信息科学与技术,2015电子科学与工程学院微电子科学与工程,2015电子科学与工程学院生物医学工程,2015电子科学与工程学院通信工程",0,仙林校区,2017-2018学年 第1学期,76528,基础实验楼丙413; 基础实验楼丙418,16.0,否,,2,0,,0,0,嵌入式系统实验,,第5节-第6节,,18001170T
16.0,400160,嵌入式系统实验(20171-18001170T-2),2017118001170T76531,,3,,1,1-18周,0,方元,1-18周 周二 第7节-第8节 ,1.0,电子科学与工程学院,否,实验类课程,周二,2017-2018-1,,2017118001170T76531,"2015电子科学与工程学院电子信息科学与技术,2015电子科学与工程学院微电子科学与工程,2015电子科学与工程学院生物医学工程,2015电子科学与工程学院通信工程",0,仙林校区,2017-2018学年 第1学期,76531,基础实验楼丙413; 基础实验楼丙418,16.0,否,,2,0,,0,0,嵌入式系统实验,,第7节-第8节,,18001170T
16.0,400160,工装实验(20171-18001200T-1),2017118001200T76480,,3,,35,,0,"庄建军,郑江,姜乃卓,高健,司峻峰,戚海峰", 自由时间 - ,1.0,电子科学与工程学院,否,实践类课程,自由时间,2017-2018-1,,2017118001200T76480,"2016电子科学与工程学院电子信息类,2016电子科学与工程学院微电子科学与工程,2016电子科学与工程学院通信工程,2016电子科学与工程学院电子信息科学与技术",0,仙林校区,2017-2018学年 第1学期,76480,2017.7.10-7.14 基础实验楼丙402；405；409；414；415  详情请与电子电工实验教学中心副主任庄建军老师联系（13951825542 jjzhuang@nju.edu.cn）,24.0,否,,3,8,,0,0,工装实验,,自由时间,,18001200T
32.0,400160,数据库原理（七）(20171-18001210G-1),2017118001210G76728,,3,,49,1-18周,0,"朱怀宏,王健",1-18周 周二 第5节-第6节 逸B-514,2.0,电子科学与工程学院,否,理论类课程,周二,2017-2018-1,,2017118001210G76728,"2014电子科学与工程学院电子信息科学与技术,2014电子科学与工程学院生物医学工程,2014电子科学与工程学院通信工程",0,仙林校区,2017-2018学年 第1学期,76728,逸B-514,0.0,否,,1,32,,0,0,数据库原理（七）,16,第5节-第6节,逸夫楼B区,18001210G
48.0,400160,模拟CMOS集成电路设计（第一层次）（五）(20171-18001231E-1),2017118001231E76532,,3,,20,"1-6周,9-14周,7-8周,15-18周",0,"纪小丽,闫锋,张丽敏","1-6周,9-14周 周三 第2节-第4节 仙Ⅱ-306,7-8周,15-18周 周三 第2节-第4节 ",3.0,电子科学与工程学院,否,理论+实验课程,"周三,周三",2017-2018-1,,2017118001231E76532,"2015电子科学与工程学院电子信息科学与技术,2015电子科学与工程学院微电子科学与工程,2015电子科学与工程学院生物医学工程,2015电子科学与工程学院通信工程",0,仙林校区,2017-2018学年 第1学期,76532,"仙Ⅱ-306,电子楼435；",,否,,6,,,,0,模拟CMOS集成电路设计（第一层次）（五）,12,"第2节-第4节,第2节-第4节",仙II区,18001231E
32.0,400160,计算摄像学(20171-18001240-1),201711800124076729,,3,,52,"1-12周,13-18周",0,"曹汛,岳涛","1-12周 周五 第5节-第6节 逸B-207,13-18周 周五 第5节-第6节 ",2.0,电子科学与工程学院,否,理论+实践课程,"周五,周五",2017-2018-1,,201711800124076729,"2014电子科学与工程学院电子信息科学与技术,2014电子科学与工程学院微电子科学与工程,2014电子科学与工程学院生物医学工程,2014电子科学与工程学院通信工程",0,仙林校区,2017-2018学年 第1学期,76729,"逸B-207,电子楼329",0.0,否,,5,24,,10,0,计算摄像学,16,"第5节-第6节,第5节-第6节",逸夫楼B区,18001240
48.0,400160,电磁场理论与微波技术(20171-18010410-1),201711801041076512,,3,,107,1-18周,0,伍瑞新,1-18周 周一 第5节-第7节 逸B-205,3.0,电子科学与工程学院,否,理论类课程,周一,2017-2018-1,,201711801041076512,"2015电子科学与工程学院电子信息科学与技术,2015电子科学与工程学院微电子科学与工程,2015电子科学与工程学院生物医学工程,2015电子科学与工程学院通信工程",0,仙林校区,2017-2018学年 第1学期,76512,逸B-205,0.0,否,,1,48,,0,0,电磁场理论与微波技术,16,第5节-第7节,逸夫楼B区,18010410
48.0,400160,电磁场理论与微波技术(20171-18010410-2),201711801041076516,,3,,104,1-18周,0,冯一军,1-18周 周一 第5节-第7节 仙Ⅱ-406,3.0,电子科学与工程学院,否,理论类课程,周一,2017-2018-1,,201711801041076516,"2015电子科学与工程学院电子信息科学与技术,2015电子科学与工程学院微电子科学与工程,2015电子科学与工程学院生物医学工程,2015电子科学与工程学院通信工程",0,仙林校区,2017-2018学年 第1学期,76516,仙Ⅱ-406,0.0,否,,1,48,,0,0,电磁场理论与微波技术,12,第5节-第7节,仙II区,18010410
32.0,400160,接口技术(20171-18010430-1),201711801043076461,,3,,47,1-18周,0,司峻峰,1-18周 周五 第3节-第4节 仙Ⅰ-319,2.0,电子科学与工程学院,否,理论类课程,周五,2017-2018-1,,201711801043076461,"2016电子科学与工程学院电子信息类,2016电子科学与工程学院微电子科学与工程,2016电子科学与工程学院通信工程,2016电子科学与工程学院电子信息科学与技术",0,仙林校区,2017-2018学年 第1学期,76461,仙Ⅰ-319,0.0,否,,1,32,,0,0,接口技术,11,第3节-第4节,仙I区,18010430
48.0,400160,C++与面向对象程序设计(20171-18010440-1),201711801044077067,,3,,41,"1-18周,1-18周",0,于耀,"1-18周 周四 第1节-第2节 逸B-101,1-18周 周四 第3节-第4节 ",3.0,电子科学与工程学院,否,理论+实验课程,"周四,周四",2017-2018-1,,201711801044077067,"2015电子科学与工程学院电子信息科学与技术,2015电子科学与工程学院生物医学工程,2015电子科学与工程学院通信工程",0,仙林校区,2017-2018学年 第1学期,77067,"基础实验楼丙409,逸B-101",32.0,否,,6,32,,0,0,C++与面向对象程序设计,16,"第3节-第4节,第1节-第2节",逸夫楼B区,18010440
48.0,400160,C++与面向对象程序设计(20171-18010440-2),201711801044077068,,3,,56,"1-18周,1-18周",0,于耀,"1-18周 周四 第1节-第2节 ,1-18周 周四 第5节-第6节 ",3.0,电子科学与工程学院,否,理论+实验课程,"周四,周四",2017-2018-1,,201711801044077068,"2015电子科学与工程学院电子信息科学与技术,2015电子科学与工程学院生物医学工程,2015电子科学与工程学院通信工程",0,仙林校区,2017-2018学年 第1学期,77068,"逸B-101,基础实验楼丙409",32.0,否,,6,32,,0,0,C++与面向对象程序设计,,"第1节-第2节,第5节-第6节",,18010440
48.0,400160,C++与面向对象程序设计(20171-18010440-3),201711801044077069,,3,,27,"1-18周,1-18周",0,于耀,"1-18周 周四 第1节-第2节 ,1-18周 周四 第7节-第8节 ",3.0,电子科学与工程学院,否,理论+实验课程,"周四,周四",2017-2018-1,,201711801044077069,"2015电子科学与工程学院电子信息科学与技术,2015电子科学与工程学院生物医学工程,2015电子科学与工程学院通信工程",0,仙林校区,2017-2018学年 第1学期,77069,"逸B-101,基础实验楼丙409",32.0,否,,6,32,,0,0,C++与面向对象程序设计,,"第1节-第2节,第7节-第8节",,18010440
16.0,400160,高频电路实验(20171-18010530-1),201711801053076517,,3,,34,1-9周,0,"司峻峰,姜乃卓",1-9周 周一 第1节-第4节 ,1.0,电子科学与工程学院,否,实验类课程,周一,2017-2018-1,,201711801053076517,"2015电子科学与工程学院电子信息科学与技术,2015电子科学与工程学院微电子科学与工程,2015电子科学与工程学院生物医学工程,2015电子科学与工程学院通信工程",0,仙林校区,2017-2018学年 第1学期,76517,基础实验楼丙413; 基础实验楼丙420,32.0,否,,2,0,,0,0,高频电路实验,,第1节-第4节,,18010530
16.0,400160,高频电路实验(20171-18010530-2),201711801053076529,,3,,39,1-9周,0,"司峻峰,姜乃卓",1-9周 周二 第9节-第12节 ,1.0,电子科学与工程学院,否,实验类课程,周二,2017-2018-1,,201711801053076529,"2015电子科学与工程学院电子信息科学与技术,2015电子科学与工程学院微电子科学与工程,2015电子科学与工程学院生物医学工程,2015电子科学与工程学院通信工程",0,仙林校区,2017-2018学年 第1学期,76529,基础实验楼丙413;基础实验楼丙420；,32.0,否,,2,0,,0,0,高频电路实验,,第9节-第12节,,18010530
32.0,400160,射频与微波电路设计(20171-18010630-1),201711801063076731,,3,,12,1-18周,0,陈平,1-18周 周二 第3节-第4节 仙Ⅱ-316,2.0,电子科学与工程学院,否,理论类课程,周二,2017-2018-1,,201711801063076731,"2014电子科学与工程学院电子信息科学与技术,2014电子科学与工程学院生物医学工程,2014电子科学与工程学院通信工程",0,仙林校区,2017-2018学年 第1学期,76731,仙Ⅱ-316,0.0,否,,1,34,,0,0,射频与微波电路设计,12,第3节-第4节,仙II区,18010630
32.0,400160,计算机工程制图(20171-18010930-1),201711801093076562,,3,,19,"2-18周,3-17周(单)",0,赵红,"2-18周 周五 第3节-第4节 逸B-205,3-17周(单) 周五 第5节-第6节 ",2.0,电子科学与工程学院,否,理论+实验课程,"周五,周五",2017-2018-1,,201711801093076562,"2015电子科学与工程学院电子信息科学与技术,2015电子科学与工程学院微电子科学与工程,2015电子科学与工程学院生物医学工程,2015电子科学与工程学院通信工程",0,仙林校区,2017-2018学年 第1学期,76562,"逸B-205,基础实验楼丙409；基础实验楼丙414;",8.0,否,,6,32,,0,0,计算机工程制图,16,"第3节-第4节,第5节-第6节",逸夫楼B区,18010930
32.0,400160,计算机工程制图(20171-18010930-2),201711801093077226,,3,,1,"2-18周,3-17周(单)",0,赵红,"2-18周 周五 第3节-第4节 ,3-17周(单) 周五 第7节-第8节 ",2.0,电子科学与工程学院,否,理论+实验课程,"周五,周五",2017-2018-1,,201711801093077226,"2015电子科学与工程学院电子信息科学与技术,2015电子科学与工程学院微电子科学与工程,2015电子科学与工程学院生物医学工程,2015电子科学与工程学院通信工程",0,仙林校区,2017-2018学年 第1学期,77226,"逸B-205,基础实验楼丙409； 基础实验楼丙414；",8.0,否,,6,32,,0,0,计算机工程制图,,"第3节-第4节,第7节-第8节",,18010930
16.0,400160,开放实验(20171-18010940T-1),2017118010940T76563,,3,,7,1-18周,0,"戚海峰,高健,姜乃卓,陈瞻,方元,郑江,张志俭,庄建军",1-18周 自由时间 - ,1.0,电子科学与工程学院,否,实践类课程,自由时间,2017-2018-1,,2017118010940T76563,"2015电子科学与工程学院电子信息科学与技术,2015电子科学与工程学院微电子科学与工程,2015电子科学与工程学院生物医学工程,2015电子科学与工程学院通信工程",0,仙林校区,2017-2018学年 第1学期,76563,上此课的学生应在开学前一周内 尽快与与电子电工实验教学中心副主任庄建军老师联系（13951825542  jjzhuang@nju.edu.cn）,0.0,否,,3,0,,16,0,开放实验,,自由时间,,18010940T
64.0,400160,通信原理(20171-18040110-1),201711804011076760,,3,,88,"1-18周,1-18周",0,"阮雅端,唐岚","1-18周 周一 第3节-第4节 仙Ⅰ-107,1-18周 周四 第3节-第4节 仙Ⅰ-107",4.0,电子科学与工程学院,否,理论类课程,"周一,周四",2017-2018-1,,201711804011076760,"2015电子科学与工程学院电子信息科学与技术,2015电子科学与工程学院微电子科学与工程,2015电子科学与工程学院生物医学工程,2015电子科学与工程学院通信工程",0,仙林校区,2017-2018学年 第1学期,76760,"仙Ⅰ-107,仙Ⅰ-107",0.0,否,,1,64,,0,0,通信原理,11,"第3节-第4节,第3节-第4节",仙I区,18040110
16.0,400160,通信原理实验(20171-18040210T-1),2017118040210T77075,,3,,22,4-18周(双),0,王健,4-18周(双) 周二 第1节-第4节 ,1.0,电子科学与工程学院,否,实验类课程,周二,2017-2018-1,,2017118040210T77075,"2015电子科学与工程学院电子信息科学与技术,2015电子科学与工程学院微电子科学与工程,2015电子科学与工程学院生物医学工程,2015电子科学与工程学院通信工程",0,仙林校区,2017-2018学年 第1学期,77075,基础实验楼丙414；,28.0,否,,2,0,,0,0,通信原理实验,,第1节-第4节,,18040210T
16.0,400160,通信原理实验(20171-18040210T-2),2017118040210T77076,,3,,20,5-17周(单),0,王健,5-17周(单) 周二 第1节-第4节 ,1.0,电子科学与工程学院,否,实验类课程,周二,2017-2018-1,,2017118040210T77076,"2015电子科学与工程学院电子信息科学与技术,2015电子科学与工程学院微电子科学与工程,2015电子科学与工程学院生物医学工程,2015电子科学与工程学院通信工程",0,仙林校区,2017-2018学年 第1学期,77076,基础实验楼丙414；,28.0,否,,2,0,,0,0,通信原理实验,,第1节-第4节,,18040210T
16.0,400160,通信原理实验(20171-18040210T-3),2017118040210T77077,,3,,17,4-18周(双),0,王健,4-18周(双) 周二 第5节-第8节 ,1.0,电子科学与工程学院,否,实验类课程,周二,2017-2018-1,,2017118040210T77077,"2015电子科学与工程学院电子信息科学与技术,2015电子科学与工程学院微电子科学与工程,2015电子科学与工程学院生物医学工程,2015电子科学与工程学院通信工程",0,仙林校区,2017-2018学年 第1学期,77077,基础实验楼丙414；,28.0,否,,2,0,,0,0,通信原理实验,,第5节-第8节,,18040210T
16.0,400160,通信原理实验(20171-18040210T-4),2017118040210T77078,,3,,15,5-17周(单),0,王健,5-17周(单) 周二 第5节-第8节 ,1.0,电子科学与工程学院,否,实验类课程,周二,2017-2018-1,,2017118040210T77078,"2015电子科学与工程学院电子信息科学与技术,2015电子科学与工程学院微电子科学与工程,2015电子科学与工程学院生物医学工程,2015电子科学与工程学院通信工程",0,仙林校区,2017-2018学年 第1学期,77078,基础实验楼丙414；,28.0,否,,2,0,,0,0,通信原理实验,,第5节-第8节,,18040210T
16.0,400160,卫星通信(20171-18040340-1),201711804034076732,,3,,39,1-9周,0,赵康僆,1-9周 周三 第5节-第6节 仙Ⅰ-321,1.0,电子科学与工程学院,否,理论类课程,周三,2017-2018-1,,201711804034076732,"2014电子科学与工程学院电子信息科学与技术,2014电子科学与工程学院微电子科学与工程,2014电子科学与工程学院生物医学工程,2014电子科学与工程学院通信工程",0,仙林校区,2017-2018学年 第1学期,76732,仙Ⅰ-321,0.0,否,,1,32,,0,0,卫星通信,11,第5节-第6节,仙I区,18040340
32.0,400160,多媒体通信系统(20171-18041030-1),201711804103076738,,3,,6,1-18周,0,陈相宁,1-18周 周一 第3节-第4节 逸B-205,2.0,电子科学与工程学院,否,理论类课程,周一,2017-2018-1,,201711804103076738,2014电子科学与工程学院通信工程,0,仙林校区,2017-2018学年 第1学期,76738,逸B-205,0.0,否,,1,32,,0,0,多媒体通信系统,16,第3节-第4节,逸夫楼B区,18041030
32.0,400160,密码学与信息安全(20171-18041130-1),201711804113076766,,3,,90,1-18周,0,王健,1-18周 周四 第7节-第8节 逸B-313,2.0,电子科学与工程学院,否,理论类课程,周四,2017-2018-1,,201711804113076766,"2015电子科学与工程学院电子信息科学与技术,2015电子科学与工程学院通信工程",0,仙林校区,2017-2018学年 第1学期,76766,逸B-313,0.0,否,,1,32,,0,0,密码学与信息安全,16,第7节-第8节,逸夫楼B区,18041130
48.0,400160,生物医学电子学(20171-18050110-1),201711805011076768,,3,,12,1-18周,0,陈颖,1-18周 周一 第5节-第7节 仙Ⅰ-117,3.0,电子科学与工程学院,否,理论类课程,周一,2017-2018-1,,201711805011076768,"2015电子科学与工程学院电子信息科学与技术,2015电子科学与工程学院微电子科学与工程,2015电子科学与工程学院生物医学工程,2015电子科学与工程学院通信工程",0,仙林校区,2017-2018学年 第1学期,76768,仙Ⅰ-117,0.0,否,,1,48,,0,0,生物医学电子学,11,第5节-第7节,仙I区,18050110
64.0,400160,电子电路基础(20171-18060100-1),201711806010077444,,3,,38,"1-18周,1-18周",0,郑江,"1-18周 周二 第3节-第4节 仙Ⅱ-117,1-18周 周四 第3节-第4节 仙Ⅱ-117",4.0,电子科学与工程学院,否,理论类课程,"周二,周四",2017-2018-1,,201711806010077444,"2015天文与空间科学学院天文学,2015匡亚明学院理科强化班,2015天文与空间科学学院天文学（拔尖计划）",0,仙林校区,2017-2018学年 第1学期,77444,"仙Ⅱ-117,仙Ⅱ-117",0.0,否,,1,64,,0,0,电子电路基础,12,"第3节-第4节,第3节-第4节",仙II区,18060100
64.0,400160,半导体物理(20171-18060140-1),201711806014076788,,3,,62,"3-18周,3-18周",0,"刘斌,徐骏","3-18周 周五 第3节-第4节 仙Ⅰ-115,3-18周 周三 第5节-第6节 仙Ⅰ-115",4.0,电子科学与工程学院,否,理论类课程,"周三,周五",2017-2018-1,,201711806014076788,2015电子科学与工程学院微电子科学与工程,0,仙林校区,2017-2018学年 第1学期,76788,"仙Ⅰ-115,仙Ⅰ-115",0.0,否,,1,64,,0,0,半导体物理,11,"第5节-第6节,第3节-第4节",仙I区,18060140
32.0,400160,固体物理导论(20171-18060150-1),201711806015076789,,3,,57,"1-9周,1-9周",0,"王欣然,万青","1-9周 周一 第1节-第2节 仙Ⅰ-101,1-9周 周四 第3节-第4节 仙Ⅰ-101",2.0,电子科学与工程学院,否,理论类课程,"周四,周一",2017-2018-1,,201711806015076789,2015电子科学与工程学院微电子科学与工程,0,仙林校区,2017-2018学年 第1学期,76789,"仙Ⅰ-101,仙Ⅰ-101",0.0,否,,1,32,,0,0,固体物理导论,11,"第3节-第4节,第1节-第2节",仙I区,18060150
16.0,400160,数字系统实践(20171-18060160-1),201711806016076769,,3,,2,,0,,,1.0,电子科学与工程学院,否,实验类课程,,2017-2018-1,,201711806016076769,"2015电子科学与工程学院电子信息科学与技术,2015电子科学与工程学院微电子科学与工程,2015电子科学与工程学院生物医学工程,2015电子科学与工程学院通信工程",0,仙林校区,2017-2018学年 第1学期,76769,,32.0,否,,2,0,,0,0,数字系统实践,,,,18060160
32.0,400160,大学化学(20171-18060170-1),201711806017076790,,3,,40,"10-18周,10-18周",0,潘力佳,"10-18周 周四 第1节-第2节 仙Ⅰ-101,10-18周 周一 第3节-第4节 仙Ⅰ-101",2.0,电子科学与工程学院,否,理论类课程,"周四,周一",2017-2018-1,,201711806017076790,2015电子科学与工程学院微电子科学与工程,0,仙林校区,2017-2018学年 第1学期,76790,"仙Ⅰ-101,仙Ⅰ-101",0.0,否,,1,32,,0,0,大学化学,11,"第1节-第2节,第3节-第4节",仙I区,18060170
16.0,400160,微电子与光电子前沿讲座(20171-18060180-1),201711806018076739,,3,,37,1-9周,0,"陈敦军,施毅",1-9周 周四 第3节-第4节 逸B-207,1.0,电子科学与工程学院,否,理论类课程,周四,2017-2018-1,,201711806018076739,2014电子科学与工程学院微电子科学与工程,0,仙林校区,2017-2018学年 第1学期,76739,逸B-207,0.0,否,,1,16,,0,0,微电子与光电子前沿讲座,16,第3节-第4节,逸夫楼B区,18060180
32.0,400160,宽禁带半导体(20171-18060190-1),201711806019076740,,3,,17,3-18周,0,顾书林,3-18周 周三 第3节-第4节 仙Ⅰ-321,2.0,电子科学与工程学院,否,理论类课程,周三,2017-2018-1,,201711806019076740,2014电子科学与工程学院微电子科学与工程,0,仙林校区,2017-2018学年 第1学期,76740,仙Ⅰ-321,0.0,否,,1,30,,0,0,宽禁带半导体,11,第3节-第4节,仙I区,18060190
32.0,400160,真空技术和薄膜材料基础(20171-18060200-1),201711806020076742,,3,,14,"1-2周,5-6周,9-10周,13-14周,3-4周,7-8周,11-12周,15-16周,17-18周",0,"余林蔚,何亮","1-2周,5-6周,9-10周,13-14周 周一 第5节-第6节 仙Ⅱ-315,17-18周 周一 第5节-第6节 ,3-4周,7-8周,11-12周,15-16周 周一 第5节-第6节 仙Ⅱ-315",2.0,电子科学与工程学院,否,理论+实验课程,"周一,周一,周一",2017-2018-1,,201711806020076742,2014电子科学与工程学院微电子科学与工程,0,仙林校区,2017-2018学年 第1学期,76742,"仙Ⅱ-315,仙Ⅱ-315,电子楼459；105",2.0,否,,6,32,,0,0,真空技术和薄膜材料基础,12,"第5节-第6节,第5节-第6节,第5节-第6节",仙II区,18060200
32.0,400160,电子器件进展(20171-18060240I-1),2017118060240I76771,,3,,74,1-18周,0,"王华兵,李军,李昀",1-18周 周三 第3节-第4节 仙Ⅱ-406,2.0,电子科学与工程学院,否,理论类课程,周三,2017-2018-1,,2017118060240I76771,"2015电子科学与工程学院电子信息科学与技术,2015电子科学与工程学院微电子科学与工程,2015电子科学与工程学院生物医学工程,2015电子科学与工程学院通信工程",0,仙林校区,2017-2018学年 第1学期,76771,仙Ⅱ-406,0.0,否,,1,34,,0,0,电子器件进展,12,第3节-第4节,仙II区,18060240I
16.0,400160,信息电子学前沿实验II(20171-18080020T-1),2017118080020T76773,,3,,71,1-18周,0,"于耀,刘红星,唐东明,王元庆,杨燚,谢自力,纪小丽,许伟伟,袁杰,王少尉,赵康僆,潘红兵,冯一军,朱博,陈健,叶建东,陈鹏,周余,沙金,李军,李昀,任芳芳,黄晓林,李杨,韩平,陆海,陈敦军,曹汛,闫锋",1-18周 周五 第5节-第7节 ,1.0,电子科学与工程学院,否,实验类课程,周五,2017-2018-1,,2017118080020T76773,"2015电子科学与工程学院电子信息科学与技术,2015电子科学与工程学院微电子科学与工程,2015电子科学与工程学院生物医学工程,2015电子科学与工程学院通信工程",0,仙林校区,2017-2018学年 第1学期,76773,上此课的学生应在开学前一周内  请联系杨燚老师（13814542921  malab@nju.edu.cn）。,53.0,否,,2,0,,0,0,信息电子学前沿实验II,,第5节-第7节,,18080020T
64.0,400160,微电子封装技术(20171-18080040-1),201711808004076775,,3,,22,,0,周玉刚, 自由时间 - ,4.0,电子科学与工程学院,否,理论+实践课程,自由时间,2017-2018-1,,201711808004076775,"2015电子科学与工程学院电子信息科学与技术,2015电子科学与工程学院微电子科学与工程,2015电子科学与工程学院生物医学工程,2015电子科学与工程学院通信工程",0,仙林校区,2017-2018学年 第1学期,76775,卓越班2017.8.1~8.18江苏长电科技有限责任公司；联系人：周玉刚老师（13218018058  ygzhou@nju.edu.cn） 共80学时（理论40+实验40）,0.0,否,,5,40,,40,0,微电子封装技术,,自由时间,,18080040
32.0,400160,行业工程标准与规范(20171-18080050-1),201711808005076779,,3,,22,,0,"陈玉娟,黄晓林,林煜斌", 自由时间 - ,2.0,电子科学与工程学院,否,理论类课程,自由时间,2017-2018-1,,201711808005076779,"2015电子科学与工程学院电子信息科学与技术,2015电子科学与工程学院微电子科学与工程,2015电子科学与工程学院生物医学工程,2015电子科学与工程学院通信工程",0,仙林校区,2017-2018学年 第1学期,76779,卓越班2017.8.1~8.18江苏长电科技有限责任公司；联系人： 黄晓林老师（15951802029  xlhuang@nju.edu.cn ）共24学时,0.0,否,,1,36,,0,0,行业工程标准与规范,,自由时间,,18080050
16.0,400160,模拟电路实验(20171-18090010T-1),2017118090010T77450,,3,,13,1-18周,0,高健,1-18周 周四 第3节-第4节 ,1.0,电子科学与工程学院,否,实验类课程,周四,2017-2018-1,,2017118090010T77450,2015天文与空间科学学院空间科学与技术,0,仙林校区,2017-2018学年 第1学期,77450,基础实验楼丙413,32.0,否,,2,0,,0,0,模拟电路实验,,第3节-第4节,,18090010T
48.0,400160,微电子与电路基础(20171-18090030-1),201711809003077445,,3,,33,1-18周,0,赵俊明,1-18周 周四 第5节-第7节 仙Ⅱ-311,3.0,电子科学与工程学院,否,理论类课程,周四,2017-2018-1,,201711809003077445,,0,仙林校区,2017-2018学年 第1学期,77445,仙Ⅱ-311,0.0,否,,1,48,,0,0,微电子与电路基础,12,第5节-第7节,仙II区,18090030
16.0,400160,电路分析实验(20171-18090060T-1),2017118090060T77453,,3,,16,1-18周,0,沈一骑,1-18周 周四 第1节-第2节 ,1.0,电子科学与工程学院,否,实验类课程,周四,2017-2018-1,,2017118090060T77453,"2015天文与空间科学学院空间科学与技术,2016工程管理学院自动化",0,仙林校区,2017-2018学年 第1学期,77453,基础实验楼丙410,32.0,否,,2,0,,0,0,电路分析实验,,第1节-第2节,,18090060T
16.0,400160,电路分析实验(20171-18090060T-2),2017118090060T78063,,3,,25,1-18周,0,沈一骑,1-18周 周四 第3节-第4节 ,1.0,电子科学与工程学院,否,实验类课程,周四,2017-2018-1,,2017118090060T78063,2016工程管理学院自动化,0,仙林校区,2017-2018学年 第1学期,78063,基础实验楼丙410,32.0,否,,2,0,,0,0,电路分析实验,,第3节-第4节,,18090060T
32.0,400160,数字电路实验(20171-18090070T-1),2017118090070T77459,,1,,14,"1-18周,1-18周",0,郑江,"1-18周 周二 第7节-第8节 ,1-18周 周二 第10节-第11节 ",2.0,电子科学与工程学院,否,实验类课程,"周二,周二",2017-2018-1,,2017118090070T77459,"2015物理学院物理学,2015物理学院物理学（拔尖计划）,2015物理学院声学",0,鼓楼校区,2017-2018学年 第1学期,77459,"鼓楼物理楼504,鼓楼物理楼504",51.0,否,,2,0,,0,0,数字电路实验,,"第7节-第8节,第10节-第11节",,18090070T
32.0,400170,光学(20171-19000100D-1),2017119000100D77820,,3,,102,1-18周,0,徐飞,1-18周 周三 第1节-第2节 逸B-514,2.0,现代工程与应用科学学院,否,理论类课程,周三,2017-2018-1,,2017119000100D77820,"2016现代工程与应用科学学院材料物理,2016现代工程与应用科学学院材料化学",0,仙林校区,2017-2018学年 第1学期,77820,逸B-514,0.0,否,,1,32,,0,0,光学,16,第1节-第2节,逸夫楼B区,19000100D
32.0,400170,光学(20171-19000100D-1),2017119000100D77835,,3,,62,1-18周,0,张学进,1-18周 周三 第1节-第2节 仙Ⅰ-203,2.0,现代工程与应用科学学院,否,理论类课程,周三,2017-2018-1,,2017119000100D77835,"2016现代工程与应用科学学院光电信息科学与工程,2016现代工程与应用科学学院生物医学工程,2016现代工程与应用科学学院新能源科学与工程",0,仙林校区,2017-2018学年 第1学期,77835,仙Ⅰ-203,0.0,否,,1,32,,0,0,光学,11,第1节-第2节,仙I区,19000100D
48.0,400170,理论物理[Ⅱ]量子力学(20171-19000160-1),201711900016077840,,3,,110,1-18周,0,周健,1-18周 周二 第5节-第7节 仙Ⅱ-304,3.0,现代工程与应用科学学院,否,理论类课程,周二,2017-2018-1,,201711900016077840,"2015现代工程与应用科学学院材料物理,2015现代工程与应用科学学院光电信息科学与工程,2015现代工程与应用科学学院材料化学",0,仙林校区,2017-2018学年 第1学期,77840,仙Ⅱ-304,0.0,否,,1,48,,0,0,理论物理[Ⅱ]量子力学,12,第5节-第7节,仙II区,19000160
48.0,400170,理论物理[Ⅲ]电动力学(20171-19000170-1),201711900017077841,,3,,75,"1-17周(单),1-18周",0,李涛,"1-18周 周三 第3节-第4节 逸B-405,1-17周(单) 周一 第3节-第4节 逸B-514",3.0,现代工程与应用科学学院,否,理论类课程,"周一,周三",2017-2018-1,,201711900017077841,"2015现代工程与应用科学学院材料物理,2015现代工程与应用科学学院光电信息科学与工程,2015现代工程与应用科学学院材料化学",0,仙林校区,2017-2018学年 第1学期,77841,"逸B-514,逸B-405",0.0,否,,1,48,,0,0,理论物理[Ⅲ]电动力学,16,"第3节-第4节,第3节-第4节",逸夫楼B区,19000170
64.0,400170,材料表征(20171-19001310-1),201711900131077858,,1,,86,"1-18周,1-18周",0,"吴迪,芦红","1-18周 周一 第3节-第4节 教101,1-18周 周四 第3节-第4节 教101",4.0,现代工程与应用科学学院,否,理论类课程,"周一,周四",2017-2018-1,,201711900131077858,"2014现代工程与应用科学学院材料物理,2014现代工程与应用科学学院新能源科学与工程,2014现代工程与应用科学学院材料化学",0,鼓楼校区,2017-2018学年 第1学期,77858,"教101,教101",0.0,否,,1,64,,0,0,材料表征,1,"第3节-第4节,第3节-第4节",教学楼,19001310
32.0,400170,材料物理（二）(20171-19001320B-1),2017119001320B77860,,1,,66,1-18周,0,何程,1-18周 周三 第2节-第4节 教213,2.0,现代工程与应用科学学院,否,理论类课程,周三,2017-2018-1,,2017119001320B77860,"2014现代工程与应用科学学院材料物理,2014现代工程与应用科学学院新能源科学与工程,2014现代工程与应用科学学院光电信息科学与工程,2014现代工程与应用科学学院材料化学",0,鼓楼校区,2017-2018学年 第1学期,77860,教213,0.0,否,,1,48,,0,0,材料物理（二）,1,第2节-第4节,教学楼,19001320B
32.0,400170,光电功能材料(20171-19001360-1),201711900136077842,,3,,80,1-18周,0,胡伟,1-18周 周二 第3节-第4节 仙Ⅰ-104,2.0,现代工程与应用科学学院,否,理论类课程,周二,2017-2018-1,,201711900136077842,"2015现代工程与应用科学学院材料物理,2015现代工程与应用科学学院新能源科学与工程,2015现代工程与应用科学学院光电信息科学与工程,2015现代工程与应用科学学院材料化学",0,仙林校区,2017-2018学年 第1学期,77842,仙Ⅰ-104,0.0,否,,1,32,,0,0,光电功能材料,11,第3节-第4节,仙I区,19001360
32.0,400170,半导体物理学(20171-19001380-1),201711900138077871,,1,,23,6-18周,0,殷江,6-18周 周一 第9节-第10节 教121,2.0,现代工程与应用科学学院,否,理论类课程,周一,2017-2018-1,,201711900138077871,"2014现代工程与应用科学学院材料物理,2014现代工程与应用科学学院光电信息科学与工程,2014现代工程与应用科学学院材料化学",0,鼓楼校区,2017-2018学年 第1学期,77871,教121,0.0,否,,1,32,,0,0,半导体物理学,1,第9节-第10节,教学楼,19001380
32.0,400170,材料物理实验(20171-19001410-1),201711900141077869,,1,,36,5-18周,0,李朝升,5-18周 自由时间 - ,2.0,现代工程与应用科学学院,否,实验类课程,自由时间,2017-2018-1,,201711900141077869,2014现代工程与应用科学学院材料物理,0,鼓楼校区,2017-2018学年 第1学期,77869,唐仲英楼L305,80.0,否,,2,0,,0,0,材料物理实验,,自由时间,,19001410
32.0,400170,材料热力学与动力学(20171-19001450-1),201711900145077874,,1,,1,3-18周,0,闫世成,3-18周 周三 第5节-第6节 教102,2.0,现代工程与应用科学学院,否,理论类课程,周三,2017-2018-1,,201711900145077874,"2014现代工程与应用科学学院材料物理,2014现代工程与应用科学学院材料化学",0,鼓楼校区,2017-2018学年 第1学期,77874,教102,0.0,否,,1,32,,0,0,材料热力学与动力学,1,第5节-第6节,教学楼,19001450
48.0,400170,材料有机化学(20171-19002260-1),201711900226077823,,3,,84,1-18周,0,胡勇,1-18周 周四 第2节-第4节 图书馆125,3.0,现代工程与应用科学学院,否,理论类课程,周四,2017-2018-1,,201711900226077823,"2016现代工程与应用科学学院材料物理,2016现代工程与应用科学学院生物医学工程,2016现代工程与应用科学学院新能源科学与工程,2016现代工程与应用科学学院材料化学",0,仙林校区,2017-2018学年 第1学期,77823,无,0.0,否,,1,48,,0,0,材料有机化学,,第2节-第4节,,19002260
64.0,400170,高分子材料科学(20171-19002280-1),201711900228077843,,3,,68,"1-18周,1-18周",0,王昭群,"1-18周 周四 第3节-第4节 仙Ⅱ-212,1-18周 周一 第5节-第6节 仙Ⅱ-117",4.0,现代工程与应用科学学院,否,理论类课程,"周一,周四",2017-2018-1,,201711900228077843,"2015现代工程与应用科学学院材料物理,2015现代工程与应用科学学院生物医学工程,2015现代工程与应用科学学院新能源科学与工程,2015现代工程与应用科学学院材料化学",0,仙林校区,2017-2018学年 第1学期,77843,"仙Ⅱ-117,仙Ⅱ-212",0.0,否,,1,64,,0,0,高分子材料科学,12,"第5节-第6节,第3节-第4节",仙II区,19002280
64.0,400170,材料科学与工程基础(20171-19002300-1),201711900230077822,,3,,124,"1-18周,1-18周",0,李朝升,"1-18周 周三 第5节-第6节 逸B-101,1-18周 周一 第9节-第10节 逸A-117",4.0,现代工程与应用科学学院,否,理论类课程,"周三,周一",2017-2018-1,,201711900230077822,"2015现代工程与应用科学学院光电信息科学与工程,2016现代工程与应用科学学院材料化学,2016现代工程与应用科学学院材料物理,2015现代工程与应用科学学院生物医学工程,2015现代工程与应用科学学院新能源科学与工程",0,仙林校区,2017-2018学年 第1学期,77822,"逸B-101,逸A-117",0.0,否,,1,64,,0,0,材料科学与工程基础,"15,16","第5节-第6节,第9节-第10节","逸夫楼A区, 逸夫楼B区",19002300
64.0,400170,材料化学(20171-19002380-1),201711900238077863,,1,,86,"1-18周,1-18周",0,唐月锋,"1-18周 周五 第3节-第4节 教101,1-18周 周二 第5节-第6节 教101",4.0,现代工程与应用科学学院,否,理论类课程,"周二,周五",2017-2018-1,,201711900238077863,"2014现代工程与应用科学学院材料物理,2014现代工程与应用科学学院新能源科学与工程,2014现代工程与应用科学学院材料化学",0,鼓楼校区,2017-2018学年 第1学期,77863,"教101,教101",0.0,否,,1,64,,0,0,材料化学,1,"第5节-第6节,第3节-第4节",教学楼,19002380
32.0,400170,材料化学实验(20171-19002420-1),201711900242077875,,1,,31,5-18周,0,李朝升,5-18周 自由时间 - ,2.0,现代工程与应用科学学院,否,实验类课程,自由时间,2017-2018-1,,201711900242077875,"2014现代工程与应用科学学院材料化学,2014现代工程与应用科学学院生物医学工程,2014现代工程与应用科学学院新能源科学与工程",0,鼓楼校区,2017-2018学年 第1学期,77875,唐仲英楼L305,80.0,否,,2,0,,0,0,材料化学实验,,自由时间,,19002420
32.0,400170,电磁学(20171-19002430-1),201711900243077821,,3,,91,"1-18周,2-18周(双)",0,苏为宁,"1-18周 周二 第5节-第6节 仙Ⅱ-306,2-18周(双) 周四 第5节-第6节 仙Ⅱ-306",2.0,现代工程与应用科学学院,否,理论类课程,"周二,周四",2017-2018-1,,201711900243077821,"2016现代工程与应用科学学院材料物理,2016现代工程与应用科学学院材料化学",0,仙林校区,2017-2018学年 第1学期,77821,"仙Ⅱ-306,仙Ⅱ-306",0.0,否,,1,32,,0,0,电磁学,12,"第5节-第6节,第5节-第6节",仙II区,19002430
32.0,400170,电磁学(20171-19002430-1),201711900243077836,,3,,60,"1-18周,2-18周(双)",0,秦亦强,"1-18周 周二 第5节-第6节 仙Ⅰ-204,2-18周(双) 周四 第5节-第6节 仙Ⅰ-203",2.0,现代工程与应用科学学院,否,理论类课程,"周二,周四",2017-2018-1,,201711900243077836,"2016现代工程与应用科学学院光电信息科学与工程,2016现代工程与应用科学学院生物医学工程,2016现代工程与应用科学学院新能源科学与工程",0,仙林校区,2017-2018学年 第1学期,77836,"仙Ⅰ-204,仙Ⅰ-203",0.0,否,,1,32,,0,0,电磁学,11,"第5节-第6节,第5节-第6节",仙I区,19002430
48.0,400170,能源科学与工程概论(20171-19002440-1),201711900244077839,,3,,21,"1-18周,1-18周",0,何平,"1-18周 周五 第3节-第4节 仙Ⅰ-515,1-18周 周三 第5节-第6节 仙Ⅰ-210",3.0,现代工程与应用科学学院,否,理论类课程,"周三,周五",2017-2018-1,,201711900244077839,2016现代工程与应用科学学院新能源科学与工程,0,仙林校区,2017-2018学年 第1学期,77839,"仙Ⅰ-210,仙Ⅰ-515",0.0,否,,1,64,,0,0,能源科学与工程概论,11,"第5节-第6节,第3节-第4节",仙I区,19002440
48.0,400170,生物医学工程导论(20171-19002450-1),2017119002450I77817,,3,,22,"1-17周(单),1-18周",0,阮刚,"1-18周 周三 第5节-第6节 仙Ⅱ-109,1-17周(单) 周一 第5节-第6节 仙Ⅱ-109",3.0,现代工程与应用科学学院,否,理论类课程,"周一,周三",2017-2018-1,,2017119002450I77817,"2016电子科学与工程学院电子信息类,2016现代工程与应用科学学院生物医学工程",0,仙林校区,2017-2018学年 第1学期,77817,"仙Ⅱ-109,仙Ⅱ-109",0.0,否,,1,48,,0,0,生物医学工程导论,12,"第5节-第6节,第5节-第6节",仙II区,19002450I
48.0,400170,Problem Based Learning(20171-19002460-1),201711900246077852,,3,,9,"1-17周(单),1-18周",0,王毅庆,"1-18周 周五 第3节-第4节 逸B-211,1-17周(单) 周三 第3节-第4节 逸C-102",3.0,现代工程与应用科学学院,否,理论类课程,"周三,周五",2017-2018-1,,201711900246077852,2015现代工程与应用科学学院生物医学工程,0,仙林校区,2017-2018学年 第1学期,77852,"逸C-102,逸B-211",0.0,否,,1,48,,0,0,Problem Based Learning,"16,17","第3节-第4节,第3节-第4节","逸夫楼B区, 逸夫楼C区",19002460
48.0,400170,Problem Based Learning(20171-19002460-2),201711900246077853,,3,,8,"1-17周(单),1-18周",0,铁祚庥,"1-18周 周五 第3节-第4节 逸C-103,1-17周(单) 周三 第3节-第4节 逸C-103",3.0,现代工程与应用科学学院,否,理论类课程,"周三,周五",2017-2018-1,,201711900246077853,2015现代工程与应用科学学院生物医学工程,0,仙林校区,2017-2018学年 第1学期,77853,"逸C-103,逸C-103",0.0,否,,1,48,,0,0,Problem Based Learning,17,"第3节-第4节,第3节-第4节",逸夫楼C区,19002460
16.0,400170,材料机械加工工程基础训练(20171-19002480-1),201711900248078590,,3,,137,,0,丁怀平, 自由时间 第2节-第9节 ,1.0,现代工程与应用科学学院,否,实验类课程,自由时间,2017-2018-1,,201711900248078590,"2015物理学院物理学,2015现代工程与应用科学学院生物医学工程,2015现代工程与应用科学学院新能源科学与工程,2015现代工程与应用科学学院光电信息科学与工程,2015现代工程与应用科学学院材料化学,2015现代工程与应用科学学院材料物理,2015物理学院物理学（拔尖计划）,2015物理学院声学",0,仙林校区,2017-2018学年 第1学期,78590,基础实验楼丙109,15.0,否,,2,1,,0,0,机械加工与先进制造,,第2节-第9节,,19002480
32.0,400170,凝聚态光物理(20171-19002510-1),201711900251077855,,1,,33,3-18周,0,张勇,3-18周 周二 第3节-第4节 教222,2.0,现代工程与应用科学学院,否,理论类课程,周二,2017-2018-1,,201711900251077855,"2014物理学院物理学,2014现代工程与应用科学学院光电信息科学与工程,2014现代工程与应用科学学院材料化学,2014现代工程与应用科学学院材料物理,2014物理学院物理学（拔尖计划）,2014物理学院声学",0,鼓楼校区,2017-2018学年 第1学期,77855,教222,0.0,否,,1,32,,0,0,凝聚态光物理,1,第3节-第4节,教学楼,19002510
48.0,400170,高等光学（一）(20171-19002530A-1),2017119002530A77845,,3,,25,1-18周,0,张利剑,1-18周 周四 第2节-第4节 逸B-507,3.0,现代工程与应用科学学院,否,理论类课程,周四,2017-2018-1,,2017119002530A77845,2015现代工程与应用科学学院光电信息科学与工程,0,仙林校区,2017-2018学年 第1学期,77845,逸B-507,0.0,否,,1,48,,0,0,高等光学（一）,16,第2节-第4节,逸夫楼B区,19002530A
64.0,400170,现代信息光电子学(20171-19002540-1),201711900254077876,,1,,22,"1-18周,1-18周",0,"陈向飞,江伟,徐挺","1-18周 周一 第3节-第4节 教209,1-18周 周四 第3节-第4节 教209",4.0,现代工程与应用科学学院,否,理论类课程,"周一,周四",2017-2018-1,,201711900254077876,2014现代工程与应用科学学院光电信息科学与工程,0,鼓楼校区,2017-2018学年 第1学期,77876,"教209,教209",0.0,否,,1,64,,0,0,现代信息光电子学,1,"第3节-第4节,第3节-第4节",教学楼,19002540
32.0,400170,二次电池技术概论(20171-19002570-1),201711900257077846,,3,,22,1-18周,0,张会刚,1-18周 周一 第3节-第4节 逸B-308,2.0,现代工程与应用科学学院,否,理论类课程,周一,2017-2018-1,,201711900257077846,2015现代工程与应用科学学院新能源科学与工程,0,仙林校区,2017-2018学年 第1学期,77846,逸B-308,0.0,否,,1,32,,0,0,二次电池技术概论,16,第3节-第4节,逸夫楼B区,19002570
32.0,400170,光电专业实验(20171-19002590T-1),2017119002590T77877,,1,,22,5-18周,0,"张勇,赵刚",5-18周 自由时间 - ,2.0,现代工程与应用科学学院,否,实验类课程,自由时间,2017-2018-1,,2017119002590T77877,2014现代工程与应用科学学院光电信息科学与工程,0,鼓楼校区,2017-2018学年 第1学期,77877,科学楼1014,64.0,否,,2,0,,0,0,光电专业实验,,自由时间,,19002590T
32.0,400170,能源科学前沿(20171-19002700-1),201711900270077879,,1,,7,1-18周,0,周豪慎,1-18周 周二 第3节-第4节 教209,2.0,现代工程与应用科学学院,否,理论类课程,周二,2017-2018-1,,201711900270077879,2014现代工程与应用科学学院新能源科学与工程,0,鼓楼校区,2017-2018学年 第1学期,77879,教209,0.0,否,,1,16,,16,0,能源科学前沿,1,第3节-第4节,教学楼,19002700
48.0,400170,电化学(20171-19002730-1),201711900273077847,,3,,21,1-18周,0,郭少华,1-18周 周二 第5节-第7节 仙Ⅰ-408,3.0,现代工程与应用科学学院,否,理论类课程,周二,2017-2018-1,,201711900273077847,2015现代工程与应用科学学院新能源科学与工程,0,仙林校区,2017-2018学年 第1学期,77847,仙Ⅰ-408,0.0,否,,1,48,,0,0,电化学,11,第5节-第7节,仙I区,19002730
48.0,400170,能量转换与存储原理(20171-19002740-1),201711900274077848,,3,,24,"1-18周,1-18周",0,"朱嘉,周林","1-18周 周一 第1节-第2节 逸B-308,1-18周 周三 第3节-第4节 逸B-308",3.0,现代工程与应用科学学院,否,理论类课程,"周一,周三",2017-2018-1,,201711900274077848,2015现代工程与应用科学学院新能源科学与工程,0,仙林校区,2017-2018学年 第1学期,77848,"逸B-308,逸B-308",0.0,否,,1,64,,0,0,能量转换与存储原理,16,"第1节-第2节,第3节-第4节",逸夫楼B区,19002740
32.0,400170,新能源器件与工艺实验(20171-19002770T-1),2017119002770T77878,,1,,21,3-18周,0,刘建国,3-18周 周五 第5节-第8节 ,2.0,现代工程与应用科学学院,否,实验类课程,周五,2017-2018-1,,2017119002770T77878,2014现代工程与应用科学学院新能源科学与工程,0,鼓楼校区,2017-2018学年 第1学期,77878,科学楼1316,64.0,否,,2,0,,0,0,新能源器件与工艺实验,,第5节-第8节,,19002770T
48.0,400170,生物医学成像原理及仪器(20171-19002790-1),201711900279077818,,1,,28,"1-18周,1-18周",0,邓正涛,"1-18周 周一 第7节-第8节 教208,1-18周 周一 第9节-第10节 教208",3.0,现代工程与应用科学学院,否,理论类课程,"周一,周一",2017-2018-1,,201711900279077818,"2014电子科学与工程学院生物医学工程,2014现代工程与应用科学学院生物医学工程",0,鼓楼校区,2017-2018学年 第1学期,77818,"教208,教208",0.0,否,,1,48,,0,0,生物医学成像原理及仪器,1,"第7节-第8节,第9节-第10节",教学楼,19002790
48.0,400170,分子工程与纳米医学(20171-19002810-1),201711900281077883,,1,,19,1-18周,0,宁兴海,1-18周 周三 第2节-第4节 教318,3.0,现代工程与应用科学学院,否,理论类课程,周三,2017-2018-1,,201711900281077883,2014现代工程与应用科学学院生物医学工程,0,鼓楼校区,2017-2018学年 第1学期,77883,教318,0.0,否,,1,48,,0,0,分子工程与纳米医学,1,第2节-第4节,教学楼,19002810
48.0,400170,生物医学电子学(20171-19002850-1),201711900285077851,,3,,19,1-18周,0,魏辉,1-18周 周一 第2节-第4节 仙Ⅱ-307,3.0,现代工程与应用科学学院,否,理论类课程,周一,2017-2018-1,,201711900285077851,2015现代工程与应用科学学院生物医学工程,0,仙林校区,2017-2018学年 第1学期,77851,仙Ⅱ-307,0.0,否,,1,48,,0,0,生物医学电子学,12,第2节-第4节,仙II区,19002850
32.0,400170,生物医学工程实验(20171-19002890T-1),2017119002890T77892,,1,,8,4-18周,0,铁祚庥,4-18周 周三 第5节-第8节 ,2.0,现代工程与应用科学学院,否,实验类课程,周三,2017-2018-1,,2017119002890T77892,2014现代工程与应用科学学院生物医学工程,0,鼓楼校区,2017-2018学年 第1学期,77892,科学楼1010,64.0,否,,2,0,,0,0,生物医学工程实验,,第5节-第8节,,19002890T
32.0,400170,生物医学工程实验(20171-19002890T-2),2017119002890T77893,,1,,8,4-18周,0,铁祚庥,4-18周 周四 第1节-第4节 ,2.0,现代工程与应用科学学院,否,实验类课程,周四,2017-2018-1,,2017119002890T77893,2014现代工程与应用科学学院生物医学工程,0,鼓楼校区,2017-2018学年 第1学期,77893,科学楼1010,64.0,否,,2,0,,0,0,生物医学工程实验,,第1节-第4节,,19002890T
32.0,400170,新能源工程实践(20171-19002950-1),201711900295077849,,3,,20,"1-17周(单),2-18周(双)",0,"王娇娇,周剑峰,孙安","2-18周(双) 周五 第3节-第6节 自由地点,1-17周(单) 周五 第5节-第6节 仙Ⅰ-114",2.0,现代工程与应用科学学院,否,,"周五,周五",2017-2018-1,,201711900295077849,2015现代工程与应用科学学院新能源科学与工程,0,仙林校区,2017-2018学年 第1学期,77849,"仙Ⅰ-114,自由地点",,否,,,,,,0,新能源工程实践,"11,388","第5节-第6节,第3节-第6节","仙I区, 虚拟区域（仙林）",19002950
64.0,400170,光机电综合课程设计(20171-19002980-1),201711900298077894,,1,,11,"2-5周,2-5周,6-18周",0,王峰,"2-5周 周二 第7节-第8节 教209,6-18周 自由时间 - 自由地点,2-5周 周四 第7节-第8节 教209",4.0,现代工程与应用科学学院,否,理论+实验课程,"周二,周四,自由时间",2017-2018-1,,201711900298077894,2014现代工程与应用科学学院信息工程,0,鼓楼校区,2017-2018学年 第1学期,77894,"教209,教209,自由地点",,否,,6,,,,0,光机电综合课程设计,"1,188","第7节-第8节,第7节-第8节,自由时间","教学楼, 虚拟区域（鼓楼）",19002980
32.0,400170,Bioanalytical Instrumentation(20171-19002990-1),201711900299078588,,3,,25,,0,"Steven Emory,阮刚"," 周一 第2节-第3节 , 周日 第2节-第3节 , 周五 第2节-第3节 , 周三 第2节-第3节 ",2.0,现代工程与应用科学学院,否,理论类课程,"周一,周三,周五,周日",2017-2018-1,,201711900299078588,"2014现代工程与应用科学学院材料物理,2016现代工程与应用科学学院生物医学工程,2016现代工程与应用科学学院新能源科学与工程,2016现代工程与应用科学学院光电信息科学与工程,2016现代工程与应用科学学院材料化学,2016现代工程与应用科学学院材料物理,2015现代工程与应用科学学院生物医学工程,2015现代工程与应用科学学院新能源科学与工程,2015现代工程与应用科学学院光电信息科学与工程,2015现代工程与应用科学学院材料化学,2015现代工程与应用科学学院材料物理,2014现代工程与应用科学学院生物医学工程,2014现代工程与应用科学学院新能源科学与工程,2014现代工程与应用科学学院光电信息科学与工程,2014现代工程与应用科学学院材料化学",0,仙林校区,2017-2018学年 第1学期,78588,"逸B-301,逸B-301,逸B-301,逸B-301",0.0,否,,1,32,,0,0,Bioanalytical Instrumentation,,"第2节-第3节,第2节-第3节,第2节-第3节,第2节-第3节",,19002990
16.0,400170,Conversational English(20171-19003000-1),201711900300078589,,3,,15,,0,"阮刚,Aili Emory,Christy Emory"," 周一 第5节-第6节 , 周日 第5节-第6节 , 周五 第5节-第6节 , 周三 第5节-第6节 ",1.0,现代工程与应用科学学院,否,理论类课程,"周一,周三,周五,周日",2017-2018-1,,201711900300078589,"2014现代工程与应用科学学院材料物理,2016现代工程与应用科学学院生物医学工程,2016现代工程与应用科学学院新能源科学与工程,2016现代工程与应用科学学院光电信息科学与工程,2016现代工程与应用科学学院材料化学,2016现代工程与应用科学学院材料物理,2015现代工程与应用科学学院生物医学工程,2015现代工程与应用科学学院新能源科学与工程,2015现代工程与应用科学学院光电信息科学与工程,2015现代工程与应用科学学院材料化学,2015现代工程与应用科学学院材料物理,2014现代工程与应用科学学院生物医学工程,2014现代工程与应用科学学院新能源科学与工程,2014现代工程与应用科学学院光电信息科学与工程,2014现代工程与应用科学学院材料化学",0,仙林校区,2017-2018学年 第1学期,78589,"仙1-209,仙1-209,仙1-209,仙1-209",0.0,否,,1,16,,0,0,Conversational English,,"第5节-第6节,第5节-第6节,第5节-第6节,第5节-第6节",,19003000
32.0,400170,半导体材料与器件基础(20171-19003010-1),201711900301078591,,3,,9,,0,"芦红,沈爱东"," 周一 第7节-第8节 , 周五 第7节-第8节 , 周四 第7节-第8节 , 周三 第7节-第8节 , 周二 第7节-第8节 ",2.0,现代工程与应用科学学院,否,理论类课程,"周一,周二,周三,周四,周五",2017-2018-1,,201711900301078591,"2014现代工程与应用科学学院材料物理,2014现代工程与应用科学学院生物医学工程,2014现代工程与应用科学学院新能源科学与工程,2014现代工程与应用科学学院光电信息科学与工程,2014现代工程与应用科学学院材料化学",0,仙林校区,2017-2018学年 第1学期,78591,"逸B-302,逸B-302,逸B-302,逸B-302,逸B-302",0.0,否,,1,32,,0,0,半导体材料与器件基础,,"第7节-第8节,第7节-第8节,第7节-第8节,第7节-第8节,第7节-第8节",,19003010
32.0,400170,现代工程与应用科学导论(20171-19003020-1),201711900302078625,,3,,288,4-18周,0,"陆延青,张弢,聂书明",4-18周 周五 第3节-第4节 仙Ⅰ-106,2.0,现代工程与应用科学学院,否,理论类课程,周五,2017-2018-1,,201711900302078625,2017*工科试验班*工科试验班,0,仙林校区,2017-2018学年 第1学期,78625,仙Ⅰ-106,0.0,否,,1,32,,0,0,现代工程与应用科学导论,11,第3节-第4节,仙I区,19003020
32.0,400170,现代工程与应用科学导论(20171-19003020-2),201711900302078626,,3,,0,,0,,,2.0,现代工程与应用科学学院,否,理论类课程,,2017-2018-1,,201711900302078626,,0,仙林校区,2017-2018学年 第1学期,78626,,0.0,否,,1,32,,0,0,现代工程与应用科学导论,,,,19003020
48.0,400180,地球科学与资源环境导论(20171-20000030-1),201712000003078621,,3,,63,"4-18周,4-18周",0,"胡修棉,王先彦,陆现彩,毛亮,鲍名,姚永红,顾雪元,鹿化煜","4-18周 周一 第5节-第6节 仙Ⅱ-318,4-18周 周五 第5节-第6节 仙Ⅱ-318",3.0,环境学院,否,理论类课程,"周一,周五",2017-2018-1,,201712000003078621,2017*理科试验班（地球科学与资源环境类）*地球科学与资源环境类,0,仙林校区,2017-2018学年 第1学期,78621,"仙Ⅱ-318,仙Ⅱ-318",0.0,否,,1,48,,0,0,地球科学与资源环境,12,"第5节-第6节,第5节-第6节",仙II区,20000030
48.0,400180,地球科学与资源环境导论(20171-20000030-2),201712000003078623,,3,,65,"4-18周,4-18周",0,"胡修棉,鹿化煜,顾雪元,王先彦,毛亮,陆现彩,姚永红,鲍名","4-18周 周一 第5节-第6节 仙Ⅱ-314,4-18周 周五 第5节-第6节 仙Ⅱ-314",3.0,环境学院,否,理论类课程,"周五,周一",2017-2018-1,,201712000003078623,2017*理科试验班（地球科学与资源环境类）*地球科学与资源环境类,0,仙林校区,2017-2018学年 第1学期,78623,"仙Ⅱ-314,仙Ⅱ-314",0.0,否,,1,48,,0,0,地球科学与资源环境,12,"第5节-第6节,第5节-第6节",仙II区,20000030
48.0,400180,环境工程实验（一）(20171-20030020A-1),2017120030020A77001,,3,,43,1-18周,0,王津南,1-18周 周一 第5节-第8节 ,3.0,环境学院,否,,周一,2017-2018-1,,2017120030020A77001,2015环境学院环境工程,0,仙林校区,2017-2018学年 第1学期,77001,环A-120、124,,否,,,,,,0,环境工程实验（一）,,第5节-第8节,,20030020A
32.0,400180,物理化学(20171-20030120A-1),2017120030120A77436,,3,,20,1-18周,0,"吕路,张炜铭",1-18周 周四 第3节-第4节 环科楼B-107,2.0,环境学院,否,理论类课程,周四,2017-2018-1,,2017120030120A77436,2016环境学院环境工程,0,仙林校区,2017-2018学年 第1学期,77436,环科楼B-107,0.0,否,,1,32,,0,0,物理化学,111,第3节-第4节,环科楼,20030120A
32.0,400180,工程力学(20171-20030130-1),201712003013076982,,3,,23,1-18周,0,张晓春,1-18周 周二 第5节-第6节 环科楼B-105,2.0,环境学院,否,理论类课程,周二,2017-2018-1,,201712003013076982,2016环境学院环境工程,0,仙林校区,2017-2018学年 第1学期,76982,环科楼B-105,0.0,否,,1,32,,0,0,工程力学,111,第5节-第6节,环科楼,20030130
64.0,400180,环境工程施工、设计(20171-20030170-1),201712003017076962,,3,,1,,0,,,4.0,环境学院,否,理论类课程,,2017-2018-1,,201712003017076962,2014环境学院环境工程,0,仙林校区,2017-2018学年 第1学期,76962,,0.0,否,,1,64,,0,0,环境工程施工、设计,,,,20030170
64.0,400180,给水排水(20171-20030180-1),201712003018076979,,3,,22,1-18周,0,"李睿华,吴军",1-18周 周三 第3节-第4节 环科楼B-106,4.0,环境学院,否,理论类课程,周三,2017-2018-1,,201712003018076979,2016环境学院环境工程,0,仙林校区,2017-2018学年 第1学期,76979,环科楼B-106,0.0,否,,1,64,,0,0,给水排水,111,第3节-第4节,环科楼,20030180
32.0,400180,生态工程(20171-20030200-1),201712003020077006,,3,,42,1-18周,0,李正魁,1-18周 周三 第3节-第4节 环科楼B-108,2.0,环境学院,否,理论类课程,周三,2017-2018-1,,201712003020077006,2015环境学院环境工程,0,仙林校区,2017-2018学年 第1学期,77006,环科楼B-108,0.0,否,,1,32,,0,0,生态工程,111,第3节-第4节,环科楼,20030200
32.0,400180,环境工程设计(20171-20030210-1),201712003021076961,,3,,41,1-18周,0,"吴军,李睿华",1-18周 周一 第3节-第4节 仙Ⅱ-113,2.0,环境学院,否,实验类课程,周一,2017-2018-1,,201712003021076961,2014环境学院环境工程,0,仙林校区,2017-2018学年 第1学期,76961,仙Ⅱ-113,0.0,否,,2,32,,0,0,环境工程设计,12,第3节-第4节,仙II区,20030210
32.0,400180,化工原理(20171-20030240-1),201712003024076981,,3,,23,1-18周,0,龙超,1-18周 周一 第5节-第6节 环科楼B-105,2.0,环境学院,否,理论类课程,周一,2017-2018-1,,201712003024076981,2016环境学院环境工程,0,仙林校区,2017-2018学年 第1学期,76981,环科楼B-105,0.0,否,,1,32,,0,0,化工原理,111,第5节-第6节,环科楼,20030240
32.0,400180,流体力学(20171-20030250-1),201712003025076977,,3,,40,1-18周,0,"高冠道,马金霞",1-18周 周五 第3节-第4节 仙Ⅱ-116,2.0,环境学院,否,理论类课程,周五,2017-2018-1,,201712003025076977,"2016环境学院环境工程,2016环境学院环境科学（环规）",0,仙林校区,2017-2018学年 第1学期,76977,仙Ⅱ-116,0.0,否,,1,32,,0,0,流体力学,12,第3节-第4节,仙II区,20030250
32.0,400180,清洁生产(20171-20030330-1),201712003033076998,,3,,21,1-18周,0,"李爱民,周庆",1-18周 周一 第3节-第4节 环科楼B-108,2.0,环境学院,否,理论+实践课程,周一,2017-2018-1,,201712003033076998,2015环境学院环境科学（环规）,0,仙林校区,2017-2018学年 第1学期,76998,环科楼B-108,0.0,否,,5,24,,8,0,清洁生产,111,第3节-第4节,环科楼,20030330
32.0,400180,环境化学（第二层次）(20171-20030350-1),201712003035077007,,3,,44,1-18周,0,张淑娟,1-18周 周五 第5节-第6节 环科楼B-105,2.0,环境学院,否,理论类课程,周五,2017-2018-1,,201712003035077007,2015环境学院环境工程,0,仙林校区,2017-2018学年 第1学期,77007,环科楼B-105,0.0,否,,1,32,,0,0,环境化学,111,第5节-第6节,环科楼,20030350
64.0,400180,水污染控制工程(20171-20030360-1),201712003036077002,,3,,45,"1-18周,1-18周",0,"任洪强,许柯,耿金菊","1-18周 周一 第3节-第4节 环科楼B-106,1-18周 周四 第3节-第4节 环科楼B-106",4.0,环境学院,否,理论类课程,"周一,周四",2017-2018-1,,201712003036077002,2015环境学院环境工程,0,仙林校区,2017-2018学年 第1学期,77002,"环科楼B-106,环科楼B-106",0.0,否,,1,64,,0,0,水污染控制工程,111,"第3节-第4节,第3节-第4节",环科楼,20030360
32.0,400180,环境化学实验(20171-20030370T-1),2017120030370T77009,,3,,42,1-18周,0,叶林,1-18周 周四 第5节-第8节 ,2.0,环境学院,否,实验类课程,周四,2017-2018-1,,2017120030370T77009,2015环境学院环境工程,0,仙林校区,2017-2018学年 第1学期,77009,环A-221,32.0,否,,2,0,,0,0,环境化学实验,,第5节-第8节,,20030370T
32.0,400180,环境科学概论(20171-20090010-1),201712009001077825,,3,,2,,0,,,2.0,环境学院,否,理论类课程,,2017-2018-1,,201712009001077825,2016大气科学学院大气科学类,0,仙林校区,2017-2018学年 第1学期,77825,,0.0,否,,1,32,,0,0,环境科学概论,,,,20090010
32.0,400180,环境科学概论(20171-20090010-2),201712009001078431,,3,,0,,0,,,2.0,环境学院,否,理论类课程,,2017-2018-1,,201712009001078431,,0,仙林校区,2017-2018学年 第1学期,78431,,0.0,否,,1,32,,0,0,环境科学概论,,,,20090010
32.0,400180,环境科学概论(20171-20090010-3),201712009001078432,,3,,99,1-18周,0,谷成,1-18周 周二 第7节-第8节 仙Ⅱ-305,2.0,环境学院,否,理论类课程,周二,2017-2018-1,,201712009001078432,2016地球科学与工程学院理科试验班（地球系统科学与环境）,0,仙林校区,2017-2018学年 第1学期,78432,仙Ⅱ-305,0.0,否,,1,32,,0,0,环境科学概论,12,第7节-第8节,仙II区,20090010
48.0,400180,环境化学(20171-20110030-1),201712011003076983,,3,,36,1-18周,0,顾雪元,1-18周 周一 第2节-第4节 逸B-111,3.0,环境学院,否,理论类课程,周一,2017-2018-1,,201712011003076983,"2015环境学院环境科学（环化）,2015环境学院环境科学（环生）",0,仙林校区,2017-2018学年 第1学期,76983,逸B-111,0.0,否,,1,48,,0,0,环境化学,16,第2节-第4节,逸夫楼B区,20110030
32.0,400180,环境化学（第三层次）(20171-20110033-1),201712011003376978,,3,,19,1-18周,0,王遵尧,1-18周 周三 第3节-第4节 环科楼B-105,2.0,环境学院,否,理论类课程,周三,2017-2018-1,,201712011003376978,2016环境学院环境科学（环规）,0,仙林校区,2017-2018学年 第1学期,76978,环科楼B-105,0.0,否,,1,32,,0,0,环境化学（第三层次）,111,第3节-第4节,环科楼,20110033
16.0,400180,环境化学实验(20171-20110040-1),201712011004076984,,3,,20,1-18周,0,顾雪元,1-18周 周二 第5节-第8节 ,1.0,环境学院,否,实验类课程,周二,2017-2018-1,,201712011004076984,2015环境学院环境科学（环化）,0,仙林校区,2017-2018学年 第1学期,76984,环A-221,32.0,否,,2,0,,0,0,环境化学实验,,第5节-第8节,,20110040
16.0,400180,环境化学实验(20171-20110040-1),201712011004076989,,3,,14,1-18周,0,万海勤,1-18周 周一 第5节-第8节 ,1.0,环境学院,否,实验类课程,周一,2017-2018-1,,201712011004076989,2015环境学院环境科学（环生）,0,仙林校区,2017-2018学年 第1学期,76989,环A-221,32.0,否,,2,0,,0,0,环境化学实验,,第5节-第8节,,20110040
32.0,400180,土壤环境化学(20171-20110110-1),201712011011076954,,3,,3,,0,,,2.0,环境学院,否,理论类课程,,2017-2018-1,,201712011011076954,2014环境学院环境科学（环化）,0,仙林校区,2017-2018学年 第1学期,76954,,0.0,否,,1,32,,0,0,土壤环境化学,,,,20110110
32.0,400180,大气环境化学(20171-20110120-1),201712011012076955,,3,,10,1-18周,0,高士祥,1-18周 周一 第7节-第8节 环科楼B-105,2.0,环境学院,否,理论类课程,周一,2017-2018-1,,201712011012076955,2014环境学院环境科学（环化）,0,仙林校区,2017-2018学年 第1学期,76955,环科楼B-105,0.0,否,,1,32,,0,0,大气环境化学,111,第7节-第8节,环科楼,20110120
32.0,400180,专业英语(20171-20110130-1),201712011013076963,,3,,16,1-18周,0,毛亮,1-18周 周五 第3节-第4节 环科楼B-107,2.0,环境学院,否,理论类课程,周五,2017-2018-1,,201712011013076963,2016环境学院环境科学（环化）,0,仙林校区,2017-2018学年 第1学期,76963,环科楼B-107,0.0,否,,1,32,,0,0,专业英语,111,第3节-第4节,环科楼,20110130
32.0,400180,Soil and Water Interface Chemistry(20171-20110180-1),201712011018076988,,3,,20,1-18周,0,"瞿晓磊,谷成",1-18周 周三 第3节-第4节 仙Ⅰ-509,2.0,环境学院,否,理论类课程,周三,2017-2018-1,,201712011018076988,2015环境学院环境科学（环化）,0,仙林校区,2017-2018学年 第1学期,76988,仙Ⅰ-509,0.0,否,,1,32,,0,0,Soil and Water Interface Chemistry,11,第3节-第4节,仙I区,20110180
32.0,400180,绿色化学(20171-20110220-1),201712011022076964,,3,,17,1-18周,0,郑寿荣,1-18周 周三 第3节-第4节 环科楼B-107,2.0,环境学院,否,理论类课程,周三,2017-2018-1,,201712011022076964,2016环境学院环境科学（环化）,0,仙林校区,2017-2018学年 第1学期,76964,环科楼B-107,0.0,否,,1,32,,0,0,绿色化学,111,第3节-第4节,环科楼,20110220
32.0,400180,化学品生态安全与健康风险(20171-20110240I-1),2017120110240I78258,,3,,14,1-18周,0,"张效伟,钟寰",1-18周 周五 第5节-第6节 环科楼B-107,2.0,环境学院,否,理论类课程,周五,2017-2018-1,,2017120110240I78258,"2015环境学院环境工程,2015环境学院环境科学（环规）,2015环境学院环境科学（环生）,2015环境学院环境科学（环化）",0,仙林校区,2017-2018学年 第1学期,78258,环科楼B-107,0.0,否,,1,32,,0,0,化学品生态安全与健康风险,111,第5节-第6节,环科楼,20110240I
32.0,400180,环境纳米材料(20171-20110260-1),201712011026076965,,3,,14,1-18周,0,崔昕毅,1-18周 周一 第3节-第4节 环科楼B-107,2.0,环境学院,否,理论类课程,周一,2017-2018-1,,201712011026076965,2016环境学院环境科学（环化）,0,仙林校区,2017-2018学年 第1学期,76965,环科楼B-107,0.0,否,,1,32,,0,0,环境纳米材料,111,第3节-第4节,环科楼,20110260
32.0,400180,环境生物学（一）(20171-20120050A-1),2017120120050A76986,,3,,35,1-18周,0,李梅,1-18周 周二 第3节-第4节 环科楼B-106,2.0,环境学院,否,理论类课程,周二,2017-2018-1,,2017120120050A76986,"2015环境学院环境科学（环化）,2015环境学院环境科学（环生）",0,仙林校区,2017-2018学年 第1学期,76986,环科楼B-106,0.0,否,,1,32,,0,0,环境生物学（一）,111,第3节-第4节,环科楼,20120050A
16.0,400180,环境生物学实验（一）(20171-20120060A-1),2017120120060A76990,,3,,15,2-16周,0,李梅,2-16周 周二 第5节-第6节 ,1.0,环境学院,否,实验类课程,周二,2017-2018-1,,2017120120060A76990,2015环境学院环境科学（环生）,0,仙林校区,2017-2018学年 第1学期,76990,环A-212,16.0,否,,2,0,,0,0,环境生物学实验（一）,,第5节-第6节,,20120060A
64.0,400180,环境微生物学(20171-20120120-1),201712012012076991,,3,,15,1-18周,0,"肖琳,杨柳燕",1-18周 周三 第2节-第4节 仙Ⅰ-114,4.0,环境学院,否,理论类课程,周三,2017-2018-1,,201712012012076991,2015环境学院环境科学（环生）,0,仙林校区,2017-2018学年 第1学期,76991,仙Ⅰ-114,0.0,否,,1,64,,0,0,环境微生物学,11,第2节-第4节,仙I区,20120120
64.0,400180,环境微生物学(20171-20120120-1),201712012012077003,,3,,45,1-18周,0,"叶林,黄辉",1-18周 周二 第2节-第4节 环科楼B-105,4.0,环境学院,否,理论类课程,周二,2017-2018-1,,201712012012077003,2015环境学院环境工程,0,仙林校区,2017-2018学年 第1学期,77003,环科楼B-105,0.0,否,,1,64,,0,0,环境微生物学,111,第2节-第4节,环科楼,20120120
32.0,400180,环境微生物学实验(20171-20120130-1),201712012013076993,,3,,15,1-18周,0,肖琳,1-18周 周四 第5节-第8节 ,2.0,环境学院,否,实验类课程,周四,2017-2018-1,,201712012013076993,2015环境学院环境科学（环生）,0,仙林校区,2017-2018学年 第1学期,76993,环A-202、204、210,64.0,否,,2,0,,0,0,环境微生物学实验,,第5节-第8节,,20120130
32.0,400180,环境微生物学实验(20171-20120130-1),201712012013077005,,3,,42,1-18周,0,"尹颖,蒋丽娟",1-18周 周二 第5节-第8节 ,2.0,环境学院,否,实验类课程,周二,2017-2018-1,,201712012013077005,2015环境学院环境工程,0,仙林校区,2017-2018学年 第1学期,77005,环A-202、204、210,64.0,否,,2,0,,0,0,环境微生物学实验,,第5节-第8节,,20120130
32.0,400180,环境生物技术(20171-20120150-1),201712012015076956,,3,,13,1-18周,0,"张徐祥,吴兵",1-18周 周五 第3节-第4节 环科楼B-108,2.0,环境学院,否,理论类课程,周五,2017-2018-1,,201712012015076956,2014环境学院环境科学（环生）,0,仙林校区,2017-2018学年 第1学期,76956,环科楼B-108,0.0,否,,1,32,,0,0,环境生物技术,111,第3节-第4节,环科楼,20120150
16.0,400180,环境生物技术实验(20171-20120160-1),201712012016076957,,3,,10,2-18周(双),0,"张徐祥,吴兵",2-18周(双) 周五 第5节-第8节 ,1.0,环境学院,否,实验类课程,周五,2017-2018-1,,201712012016076957,2014环境学院环境科学（环生）,0,仙林校区,2017-2018学年 第1学期,76957,环A-214,32.0,否,,2,0,,0,0,环境生物技术实验,,第5节-第8节,,20120160
32.0,400180,土壤生物学(20171-20120370-1),201712012037076995,,3,,16,1-18周,0,"俞协治,季荣",1-18周 周五 第3节-第4节 环科楼B-105,2.0,环境学院,否,理论类课程,周五,2017-2018-1,,201712012037076995,2015环境学院环境科学（环生）,0,仙林校区,2017-2018学年 第1学期,76995,环科楼B-105,0.0,否,,1,32,,0,0,土壤生物学,111,第3节-第4节,环科楼,20120370
32.0,400180,生物修复(20171-20120390-1),201712012039076958,,3,,7,1-18周,0,俞协治,1-18周 周四 第3节-第4节 环科楼B-108,2.0,环境学院,否,理论类课程,周四,2017-2018-1,,201712012039076958,2014环境学院环境科学（环生）,0,仙林校区,2017-2018学年 第1学期,76958,环科楼B-108,0.0,否,,1,32,,0,0,生物修复,111,第3节-第4节,环科楼,20120390
32.0,400180,专业英语(20171-20120400-1),201712012040076966,,3,,8,1-18周,0,"缪爱军,俞协治",1-18周 周一 第3节-第4节 环科楼B-105,2.0,环境学院,否,理论类课程,周一,2017-2018-1,,201712012040076966,2016环境学院环境科学（环生）,0,仙林校区,2017-2018学年 第1学期,76966,环科楼B-105,0.0,否,,1,32,,0,0,专业英语,111,第3节-第4节,环科楼,20120400
32.0,400180,环境学(20171-20130010-1),201712013001078624,,3,,113,4-18周,0,柏益尧,4-18周 周一 第7节-第8节 仙Ⅱ-503,2.0,环境学院,否,理论类课程,周一,2017-2018-1,,201712013001078624,2017*理科试验班（地球科学与资源环境类）*地球科学与资源环境类,0,仙林校区,2017-2018学年 第1学期,78624,仙Ⅱ-503,0.0,否,,1,32,,0,0,环境学,12,第7节-第8节,仙II区,20130010
32.0,400180,环境管理学(20171-20130070-1),201712013007076996,,3,,29,1-18周,0,万玉秋,1-18周 周二 第3节-第4节 环科楼B-107,2.0,环境学院,否,理论类课程,周二,2017-2018-1,,201712013007076996,2015环境学院环境科学（环规）,0,仙林校区,2017-2018学年 第1学期,76996,环科楼B-107,0.0,否,,1,32,,0,0,环境管理学,111,第3节-第4节,环科楼,20130070
32.0,400180,环境经济学(20171-20130190-1),201712013019076997,,3,,23,1-18周,0,张炳,1-18周 周二 第5节-第6节 环科楼B-108,2.0,环境学院,否,理论类课程,周二,2017-2018-1,,201712013019076997,2015环境学院环境科学（环规）,0,仙林校区,2017-2018学年 第1学期,76997,环科楼B-108,0.0,否,,1,32,,0,0,环境经济学,111,第5节-第6节,环科楼,20130190
32.0,400180,水环境学(20171-20130220-1),201712013022076968,,3,,21,1-18周,0,钱新,1-18周 周二 第5节-第6节 环科楼B-107,2.0,环境学院,否,理论类课程,周二,2017-2018-1,,201712013022076968,2016环境学院环境科学（环规）,0,仙林校区,2017-2018学年 第1学期,76968,环科楼B-107,0.0,否,,1,32,,0,0,水环境学,111,第5节-第6节,环科楼,20130220
32.0,400180,大气环境学(20171-20130230-1),201712013023076974,,3,,21,1-18周,0,王勤耕,1-18周 周一 第5节-第6节 环科楼B-106,2.0,环境学院,否,理论类课程,周一,2017-2018-1,,201712013023076974,2016环境学院环境科学（环规）,0,仙林校区,2017-2018学年 第1学期,76974,环科楼B-106,0.0,否,,1,32,,0,0,大气环境学,111,第5节-第6节,环科楼,20130230
32.0,400180,城市生态学(20171-20130260-1),201712013026076959,,3,,33,1-18周,0,朱晓东,1-18周 周一 第3节-第4节 仙Ⅱ-111,2.0,环境学院,否,理论类课程,周一,2017-2018-1,,201712013026076959,2014环境学院环境科学（环规）,0,仙林校区,2017-2018学年 第1学期,76959,仙Ⅱ-111,0.0,否,,1,32,,0,0,城市生态学,12,第3节-第4节,仙II区,20130260
32.0,400180,全球变化与环境(20171-20130290-1),201712013029076960,,3,,22,1-18周,0,王海鲲,1-18周 周一 第5节-第6节 环科楼B-108,2.0,环境学院,否,理论类课程,周一,2017-2018-1,,201712013029076960,2014环境学院环境科学（环规）,0,仙林校区,2017-2018学年 第1学期,76960,环科楼B-108,0.0,否,,1,32,,0,0,全球变化与环境,111,第5节-第6节,环科楼,20130290
32.0,400180,野外环境观测实验(20171-20130340T-1),2017120130340T76999,,3,,21,1-18周,0,"王勤耕,钱新",1-18周 周四 第5节-第8节 ,2.0,环境学院,否,,周四,2017-2018-1,,2017120130340T76999,2015环境学院环境科学（环规）,0,仙林校区,2017-2018学年 第1学期,76999,环C-101、203,,否,,,,,,0,野外环境观测实验,,第5节-第8节,,20130340T
32.0,400180,环境风险管理(20171-20130360-1),201712013036077000,,3,,22,1-18周,0,黄蕾,1-18周 周四 第3节-第4节 环科楼B-105,2.0,环境学院,否,理论类课程,周四,2017-2018-1,,201712013036077000,2015环境学院环境科学（环规）,0,仙林校区,2017-2018学年 第1学期,77000,环科楼B-105,0.0,否,,1,32,,0,0,环境风险管理,111,第3节-第4节,环科楼,20130360
32.0,400180,环境地学（含实习）(20171-20130410-1),201712013041076976,,3,,20,1-18周,0,黄蕾,1-18周 周三 第5节-第6节 环科楼B-107,2.0,环境学院,否,,周三,2017-2018-1,,201712013041076976,2016环境学院环境科学（环规）,0,仙林校区,2017-2018学年 第1学期,76976,环科楼B-107,,否,,,,,,0,环境地学（含实习）,111,第5节-第6节,环科楼,20130410
32.0,400180,清洁生产(20171-20130420-1),201712013042077011,,3,,43,1-18周,0,周庆,1-18周 周五 第3节-第4节 环科楼B-106,2.0,环境学院,否,理论类课程,周五,2017-2018-1,,201712013042077011,2015环境学院环境工程,0,仙林校区,2017-2018学年 第1学期,77011,环科楼B-106,0.0,否,,1,32,,0,0,清洁生产,111,第3节-第4节,环科楼,20130420
64.0,400130,普通天文学(20171-21000010A-1),2017121000010A77882,,3,,47,"1-18周,1-18周",0,张鸿,"1-18周 周一 第3节-第4节 仙Ⅱ-317,1-18周 周四 第5节-第6节 仙Ⅱ-317",4.0,天文与空间科学学院,否,理论类课程,"周一,周四",2017-2018-1,,2017121000010A77882,,0,仙林校区,2017-2018学年 第1学期,77882,"仙Ⅱ-317,仙Ⅱ-317",0.0,否,,1,64,,0,0,普通天文学,12,"第3节-第4节,第5节-第6节",仙II区,21000010A
16.0,400130,普通天文学实习(20171-21000020-1),201712100002077884,,3,,53,1-17周(单),0,何秋会,1-17周(单) 周五 第3节-第4节 ,1.0,天文与空间科学学院,否,实践类课程,周五,2017-2018-1,,201712100002077884,,0,仙林校区,2017-2018学年 第1学期,77884,基础实验楼丙区505,0.0,否,,3,8,,24,0,普通天文学实习,,第3节-第4节,,21000020
64.0,400130,实测天体物理(20171-21000050-1),201712100005077913,,3,,41,"1-18周,1-18周",0,"施勇,邱科平","1-18周 周五 第1节-第2节 仙Ⅱ-109,1-18周 周二 第5节-第6节 仙Ⅱ-101",4.0,天文与空间科学学院,否,理论类课程,"周二,周五",2017-2018-1,,201712100005077913,"2015天文与空间科学学院天文学,2015天文与空间科学学院天文学（拔尖计划）,2015天文与空间科学学院空间科学与技术",0,仙林校区,2017-2018学年 第1学期,77913,"仙Ⅱ-101,仙Ⅱ-109",0.0,否,,1,64,,0,0,实测天体物理,12,"第5节-第6节,第1节-第2节",仙II区,21000050
32.0,400130,实测天体物理实验(20171-21000060-1),201712100006077914,,3,,37,1-17周(单),0,"彭志欣,何秋会",1-17周(单) 周五 第5节-第6节 ,2.0,天文与空间科学学院,否,实践类课程,周五,2017-2018-1,,201712100006077914,"2015天文与空间科学学院天文学,2015天文与空间科学学院天文学（拔尖计划）,2015天文与空间科学学院空间科学与技术",0,仙林校区,2017-2018学年 第1学期,77914,基础实验楼丙区505,0.0,否,,3,16,,16,0,实测天体物理实验,,第5节-第6节,,21000060
64.0,400130,理论天体物理(20171-21000070-1),201712100007078050,,3,,40,"1-18周,1-18周",0,"丁明德,戴子高","1-18周 周三 第3节-第4节 仙Ⅱ-114,1-18周 周五 第3节-第4节 仙Ⅱ-114",4.0,天文与空间科学学院,否,理论类课程,"周三,周五",2017-2018-1,,201712100007078050,"2014天文与空间科学学院天文学,2014天文与空间科学学院天文学（拔尖计划）,2014天文与空间科学学院空间科学与技术",0,仙林校区,2017-2018学年 第1学期,78050,"仙Ⅱ-114,仙Ⅱ-114",0.0,否,,1,64,,0,0,理论天体物理,12,"第3节-第4节,第3节-第4节",仙II区,21000070
48.0,400130,控制理论基础(20171-21000080A-1),2017121000080A78046,,3,,13,"1-14周,1-14周,1-13周(单)",0,"徐波,雷汉伦","1-13周(单) 周三 第1节-第2节 仙Ⅱ-111,1-14周 周五 第3节-第4节 仙Ⅱ-111,1-14周 周三 第3节-第4节 仙Ⅱ-111",3.0,天文与空间科学学院,否,理论类课程,"周三,周五,周三",2017-2018-1,,2017121000080A78046,2015天文与空间科学学院空间科学与技术,0,仙林校区,2017-2018学年 第1学期,78046,"仙Ⅱ-111,仙Ⅱ-111,仙Ⅱ-111",0.0,否,,1,48,,0,0,控制理论基础,12,"第3节-第4节,第3节-第4节,第1节-第2节",仙II区,21000080A
48.0,400130,电动力学(20171-21000110-1),201712100011077891,,3,,37,"1-18周,2-18周(双)",0,郭洋,"2-18周(双) 周三 第1节-第2节 仙Ⅱ-111,1-18周 周一 第5节-第6节 仙Ⅱ-113",3.0,天文与空间科学学院,否,理论类课程,"周一,周三",2017-2018-1,,201712100011077891,"2015天文与空间科学学院天文学,2015天文与空间科学学院天文学（拔尖计划）,2015天文与空间科学学院空间科学与技术",0,仙林校区,2017-2018学年 第1学期,77891,"仙Ⅱ-113,仙Ⅱ-111",0.0,否,,1,48,,0,0,电动力学,12,"第5节-第6节,第1节-第2节",仙II区,21000110
64.0,400130,理论力学(20171-21000120-1),201712100012077880,,3,,47,"1-18周,1-18周",0,谢基伟,"1-18周 周三 第1节-第2节 仙Ⅱ-116,1-18周 周一 第5节-第6节 仙Ⅱ-116",4.0,天文与空间科学学院,否,理论类课程,"周一,周三",2017-2018-1,,201712100012077880,,0,仙林校区,2017-2018学年 第1学期,77880,"仙Ⅱ-116,仙Ⅱ-116",0.0,否,,1,64,,0,0,理论力学,12,"第5节-第6节,第1节-第2节",仙II区,21000120
32.0,400130,早期科研训练(20171-21010010-1),201712101001078055,,3,,38,1-18周,0,,1-18周 自由时间 第1节-第2节 自由地点,2.0,天文与空间科学学院,否,实践类课程,自由时间,2017-2018-1,,201712101001078055,"2014天文与空间科学学院天文学,2014天文与空间科学学院天文学（拔尖计划）,2014天文与空间科学学院空间科学与技术",0,仙林校区,2017-2018学年 第1学期,78055,自由地点,0.0,否,,3,0,,64,0,早期科研训练,388,第1节-第2节,虚拟区域（仙林）,21010010
48.0,400130,数据处理(20171-21010020-1),201712101002077895,,3,,22,"1-18周,2-18周(双)",0,万晓生,"1-18周 周三 第3节-第4节 仙Ⅱ-109,2-18周(双) 周五 第3节-第4节 仙Ⅱ-109",3.0,天文与空间科学学院,否,理论类课程,"周三,周五",2017-2018-1,,201712101002077895,"2015天文与空间科学学院天文学,2015天文与空间科学学院天文学（拔尖计划）",0,仙林校区,2017-2018学年 第1学期,77895,"仙Ⅱ-109,仙Ⅱ-109",0.0,否,,1,48,,0,0,数据处理,12,"第3节-第4节,第3节-第4节",仙II区,21010020
48.0,400130,星系物理(20171-21010040-1),201712101004078052,,3,,8,"1-18周,2-18周(双)",0,"陈燕梅,顾秋生","2-18周(双) 周三 第1节-第2节 仙Ⅱ-310,1-18周 周一 第3节-第4节 仙Ⅱ-310",3.0,天文与空间科学学院,否,理论类课程,"周一,周三",2017-2018-1,,201712101004078052,"2014天文与空间科学学院天文学,2014天文与空间科学学院天文学（拔尖计划）,2014天文与空间科学学院空间科学与技术",0,仙林校区,2017-2018学年 第1学期,78052,"仙Ⅱ-310,仙Ⅱ-310",0.0,否,,1,48,,0,0,星系物理,12,"第3节-第4节,第1节-第2节",仙II区,21010040
32.0,400130,X射线双星(20171-21010070-1),201712101007078053,,3,,4,1-18周,0,李向东,1-18周 周四 第5节-第6节 ,2.0,天文与空间科学学院,否,理论类课程,周四,2017-2018-1,,201712101007078053,"2014天文与空间科学学院天文学,2014天文与空间科学学院空间科学与技术",0,仙林校区,2017-2018学年 第1学期,78053,天文楼210,0.0,否,,1,32,,0,0,X射线双星,,第5节-第6节,,21010070
48.0,400130,数值计算方法(20171-21010100-1),201712101010077915,,3,,19,"1-18周,1-17周(单)",0,黎健,"1-18周 周二 第1节-第2节 仙Ⅱ-216,1-17周(单) 周四 第7节-第8节 仙Ⅱ-216",3.0,天文与空间科学学院,否,理论类课程,"周二,周四",2017-2018-1,,201712101010077915,"2015天文与空间科学学院天文学,2015天文与空间科学学院天文学（拔尖计划）,2015天文与空间科学学院空间科学与技术",0,仙林校区,2017-2018学年 第1学期,77915,"仙Ⅱ-216,仙Ⅱ-216",0.0,否,,1,48,,0,0,数值计算方法,12,"第1节-第2节,第7节-第8节",仙II区,21010100
64.0,400130,航天器轨道力学(20171-21010180-1),201712101018078054,,3,,15,"1-18周,1-18周",0,汤靖师,"1-18周 周四 第3节-第4节 逸A-323,1-18周 周一 第5节-第6节 逸A-323",4.0,天文与空间科学学院,否,理论+实践课程,"周一,周四",2017-2018-1,,201712101018078054,"2014天文与空间科学学院天文学,2014天文与空间科学学院空间科学与技术",0,仙林校区,2017-2018学年 第1学期,78054,"逸A-323,逸A-323",0.0,否,,5,40,,24,0,航天器轨道力学,15,"第5节-第6节,第3节-第4节",逸夫楼A区,21010180
32.0,400130,空间天气学(20171-21010260-1),201712101026078047,,3,,9,1-18周,0,李川,1-18周 周二 第3节-第4节 仙Ⅱ-310,2.0,天文与空间科学学院,否,理论类课程,周二,2017-2018-1,,201712101026078047,2015天文与空间科学学院空间科学与技术,0,仙林校区,2017-2018学年 第1学期,78047,仙Ⅱ-310,0.0,否,,1,32,,0,0,空间天气学,12,第3节-第4节,仙II区,21010260
32.0,400130,高能宇宙探索(20171-21010270-1),201712101027078045,,3,,24,1-18周,0,纪丽-紫台研究员,1-18周 周四 第1节-第2节 仙Ⅱ-217,2.0,天文与空间科学学院,否,理论+实践课程,周四,2017-2018-1,,201712101027078045,"2015天文与空间科学学院天文学,2015天文与空间科学学院天文学（拔尖计划）",0,仙林校区,2017-2018学年 第1学期,78045,仙Ⅱ-217,0.0,否,,5,16,,16,0,高能宇宙探索,12,第1节-第2节,仙II区,21010270
32.0,400130,初等数理天文(20171-21010330-2),201712101033077907,,3,,38,4-18周,0,罗新炼,4-18周 周四 第7节-第8节 仙Ⅱ-411,2.0,天文与空间科学学院,否,理论类课程,周四,2017-2018-1,,201712101033077907,,0,仙林校区,2017-2018学年 第1学期,77907,仙Ⅱ-411,0.0,否,,1,32,,0,0,初等数理天文,12,第7节-第8节,仙II区,21010330
32.0,400130,IDL-Python在天文与空间科学中的应用(20171-21010360-1),201712101036078044,,3,,0,1-18周,0,,1-18周 自由时间 第1节-第2节 ,2.0,天文与空间科学学院,否,理论+实践课程,自由时间,2017-2018-1,,201712101036078044,"2015天文与空间科学学院天文学,2015天文与空间科学学院空间科学与技术",0,仙林校区,2017-2018学年 第1学期,78044,无,0.0,否,,5,16,,16,0,IDL-Python在天文与空间科学中的应用,,第1节-第2节,,21010360
32.0,400130,天文与空间科研训练导论(20171-21010400-1),201712101040077885,,3,,3,1-18周,0,"汤靖师,徐晓杰",1-18周 自由时间 - 自由地点,2.0,天文与空间科学学院,否,理论+实践课程,自由时间,2017-2018-1,,201712101040077885,"2015天文与空间科学学院天文学,2015天文与空间科学学院天文学（拔尖计划）,2015天文与空间科学学院空间科学与技术",0,仙林校区,2017-2018学年 第1学期,77885,自由地点,0.0,否,,5,24,,8,0,天文与空间科研训练导论,388,自由时间,虚拟区域（仙林）,21010400
48.0,400130,空间物理导论(20171-21010440-1),201712101044077916,,3,,14,"1-17周(单),1-18周",0,程鑫,"1-17周(单) 周一 第1节-第2节 仙Ⅱ-113,1-18周 周三 第5节-第6节 仙Ⅱ-113",3.0,天文与空间科学学院,否,理论类课程,"周一,周三",2017-2018-1,,201712101044077916,"2014天文与空间科学学院天文学,2015天文与空间科学学院空间科学与技术,2015天文与空间科学学院天文学,2014天文与空间科学学院空间科学与技术",0,仙林校区,2017-2018学年 第1学期,77916,"仙Ⅱ-113,仙Ⅱ-113",0.0,否,,1,48,,0,0,空间物理导论,12,"第1节-第2节,第5节-第6节",仙II区,21010440
16.0,400130,数据处理语言IDL在天文与空间科学中的应用(20171-21010450-1),201712101045077890,,3,,3,1-18周,0,"彭志欣,程鑫",1-18周 自由时间 - 自由地点,1.0,天文与空间科学学院,否,,自由时间,2017-2018-1,,201712101045077890,"2015天文与空间科学学院天文学,2015天文与空间科学学院天文学（拔尖计划）,2015天文与空间科学学院空间科学与技术",0,仙林校区,2017-2018学年 第1学期,77890,自由地点,,否,,,,,,0,数据处理语言IDL在天文与空间科学中的应用,388,自由时间,虚拟区域（仙林）,21010450
32.0,400130,行星大气概论(20171-21010470-1),201712101047078064,,3,,6,1-18周,0,刘慧根,1-18周 周二 第3节-第4节 仙Ⅰ-519,2.0,天文与空间科学学院,否,理论+实践课程,周二,2017-2018-1,,201712101047078064,"2014天文与空间科学学院天文学,2015天文与空间科学学院天文学（拔尖计划）,2015天文与空间科学学院天文学,2014天文与空间科学学院天文学（拔尖计划）",0,仙林校区,2017-2018学年 第1学期,78064,仙Ⅰ-519,0.0,否,,5,26,,6,0,行星大气概论,11,第3节-第4节,仙I区,21010470
32.0,400130,大学天文学(20171-21090010-1),201712109001077910,,3,,47,1-18周,0,罗新炼,1-18周 周二 第3节-第4节 仙Ⅱ-216,2.0,天文与空间科学学院,否,理论类课程,周二,2017-2018-1,,201712109001077910,2016匡亚明学院理科强化班,0,仙林校区,2017-2018学年 第1学期,77910,仙Ⅱ-216,0.0,否,,1,32,,0,0,大学天文学,12,第3节-第4节,仙II区,21090010
48.0,400150,程序设计基础(20171-22000010-1),201712200001077159,,3,,135,"4-18周,4-18周",0,刘奇志,"4-18周 周一 第3节-第4节 图书馆125,4-18周 周四 第3节-第4节 图书馆125",3.0,计算机学院,否,理论+实践课程,"周一,周四",2017-2018-1,,201712200001077159,2017*计算机科学与技术类*计算机科学与技术类,0,仙林校区,2017-2018学年 第1学期,77159,"无,图书馆125",0.0,否,,5,64,,32,0,程序设计基础,18,"第3节-第4节,第3节-第4节",图书馆,22000010
48.0,400150,程序设计基础(20171-22000010-2),201712200001077160,,3,,153,"4-18周,4-18周",0,郭延文,"4-18周 周一 第3节-第4节 图书馆126,4-18周 周四 第3节-第4节 图书馆126",3.0,计算机学院,否,理论+实践课程,"周一,周四",2017-2018-1,,201712200001077160,"2017工程管理学院金融工程（计算机与金融工程方向）,2017*计算机科学与技术类*计算机科学与技术类",0,仙林校区,2017-2018学年 第1学期,77160,"图书馆126,图书馆126",0.0,否,,5,64,,32,0,程序设计基础,18,"第3节-第4节,第3节-第4节",图书馆,22000010
32.0,400150,程序设计基础实验(20171-22000010T-1),2017122000010T76944,,3,,44,1-18周,0,尹存燕,1-18周 周一 第7节-第8节 ,2.0,计算机学院,否,实验类课程,周一,2017-2018-1,,2017122000010T76944,"2016计算机学院计算机科学与技术,2016工程管理学院金融工程（计算机与金融工程方向）,2016计算机学院计算机（计算机与金融工程方向）",0,仙林校区,2017-2018学年 第1学期,76944,基础实验楼乙126,32.0,否,,2,0,,0,0,程序设计基础实验,,第7节-第8节,,22000010T
80.0,400150,离散数学(20171-22000020-1),201712200002076950,,3,,71,"1-18周,1-18周",0,史颖欢,"1-18周 周四 第3节-第4节 仙Ⅰ-202,1-18周 周二 第5节-第6节 逸B-305",5.0,计算机学院,否,理论类课程,"周二,周四",2017-2018-1,,201712200002076950,"2016计算机学院计算机科学与技术,2016工程管理学院金融工程（计算机与金融工程方向）",0,仙林校区,2017-2018学年 第1学期,76950,"逸B-305,仙Ⅰ-202",0.0,否,,1,64,,32,0,离散数学,"11,16","第5节-第6节,第3节-第4节","仙I区, 逸夫楼B区",22000020
32.0,400150,数据与计算71-22000070-1),201712200007077163,,3,,290,4-18周,0,"陶先平,胡广伟",4-18周 周三 第3节-第4节 仙Ⅰ-106,2.0,计算机学院,否,理论类课程,周三,2017-2018-1,,201712200007077163,"2016工程管理学院金融工程（计算机与金融工程方向）,2017*计算机科学与技术类*计算机科学与技术类,2017工程管理学院金融工程（计算机与金融工程方向）",0,仙林校区,2017-2018学年 第1学期,77163,仙Ⅰ-106,0.0,否,,1,32,,0,0,数据与计算,11,第3节-第4节,仙I区,22000070
48.0,400150,数字电路与数字系统(20171-22000080-1),201712200008076985,,3,,27,"1-18周,1-17周(单)",0,吴海军,"1-17周(单) 周五 第3节-第4节 仙Ⅱ-214,1-18周 周三 第5节-第6节 仙Ⅱ-214",3.0,计算机学院,否,理论+实验课程,"周三,周五",2017-2018-1,,201712200008076985,2016计算机学院计算机科学与技术,0,仙林校区,2017-2018学年 第1学期,76985,"仙Ⅱ-214,仙Ⅱ-214",12.0,否,,6,36,,,0,数字电路与数字系统,12,"第5节-第6节,第3节-第4节",仙II区,22000080
32.0,400150,数字电路与数字系统实验(20171-22000090T-1),2017122000090T77004,,3,,99,1-18周,0,蔡晓燕,1-18周 周一 第1节-第2节 ,2.0,计算机学院,否,,周一,2017-2018-1,,2017122000090T77004,2016计算机学院计算机科学与技术,0,仙林校区,2017-2018学年 第1学期,77004,基础实验楼乙125,32.0,否,,,0,,0,0,数字电路与数字系统实验,,第1节-第2节,,22000090T
32.0,400150,数字电路与数字系统实验(20171-22000090T-2),2017122000090T77010,,3,,70,1-18周,0,王炜,1-18周 周三 第5节-第6节 ,2.0,计算机学院,否,,周三,2017-2018-1,,2017122000090T77010,2016计算机学院计算机科学与技术,0,仙林校区,2017-2018学年 第1学期,77010,基础实验楼乙125,32.0,否,,,0,,0,0,数字电路与数字系统实验,,第5节-第6节,,22000090T
32.0,400150,数字电路与数字系统实验(20171-22000090T-3),2017122000090T77283,,3,,62,1-18周,0,蔡晓燕,1-18周 周一 第3节-第4节 ,2.0,计算机学院,否,,周一,2017-2018-1,,2017122000090T77283,,0,仙林校区,2017-2018学年 第1学期,77283,基础实验楼乙125,32.0,否,,,0,,0,0,数字电路与数字系统实验,,第3节-第4节,,22000090T
80.0,400150,计算机系统基础(20171-22000100-1),201712200010076951,,3,,58,"1-18周,1-17周(单),1-18周",0,"苏丰,袁春风,汪亮","1-17周(单) 周四 第1节-第2节 仙Ⅰ-201,1-18周 周五 第7节-第8节 仙Ⅰ-203,1-18周 周二 第3节-第4节 仙Ⅰ-201",5.0,计算机学院,否,理论+实验课程,"周二,周四,周五",2017-2018-1,,201712200010076951,2016计算机学院计算机科学与技术,0,仙林校区,2017-2018学年 第1学期,76951,"仙Ⅰ-201,仙Ⅰ-201,仙Ⅰ-203",32.0,否,,6,48,,0,0,计算机系统基础,11,"第3节-第4节,第1节-第2节,第7节-第8节",仙I区,22000100
80.0,400150,计算机系统基础(20171-22000100-2),201712200010076952,,3,,89,"1-18周,1-17周(单),1-17周(单)",0,"路通,苏丰,汪亮","1-17周(单) 周四 第1节-第2节 仙Ⅰ-202,1-18周 周二 第3节-第4节 仙Ⅰ-202,1-17周(单) 周五 第1节-第2节 ",5.0,计算机学院,否,理论+实验课程,"周二,周四,周五",2017-2018-1,,201712200010076952,2016计算机学院计算机科学与技术,0,仙林校区,2017-2018学年 第1学期,76952,"仙Ⅰ-202,仙Ⅰ-202,基础实验楼乙124",32.0,否,,6,48,,0,0,计算机系统基础,11,"第3节-第4节,第1节-第2节,第1节-第2节",仙I区,22000100
80.0,400150,计算机系统基础(20171-22000100-3),201712200010076953,,3,,78,"1-18周,1-17周(单),1-17周(单)",0,"唐杰,汪亮,苏丰","1-17周(单) 周四 第1节-第2节 仙Ⅰ-203,1-18周 周二 第3节-第4节 仙Ⅰ-203,1-17周(单) 周五 第1节-第2节 ",5.0,计算机学院,否,理论+实验课程,"周二,周四,周五",2017-2018-1,,201712200010076953,2016计算机学院计算机科学与技术,0,仙林校区,2017-2018学年 第1学期,76953,"仙Ⅰ-203,仙Ⅰ-203,基础实验楼乙124",32.0,否,,6,48,,0,0,计算机系统基础,11,"第3节-第4节,第1节-第2节,第1节-第2节",仙I区,22000100
80.0,400150,计算机系统基础(20171-22000100-4),201712200010078792,,3,,0,,0,,,5.0,计算机学院,否,理论+实验课程,,2017-2018-1,,201712200010078792,2016计算机学院计算机科学与技术（拔尖计划）,0,仙林校区,2017-2018学年 第1学期,78792,,32.0,否,,6,48,,0,0,计算机系统基础,,,,22000100
64.0,400150,数据结构(20171-22010020-1),201712201002077022,,3,,78,"1-18周,1-18周",0,"姜远,刘佳","1-18周 周四 第3节-第4节 仙Ⅱ-306,1-18周 周二 第5节-第6节 逸B-205",4.0,计算机学院,否,理论+实验课程,"周二,周四",2017-2018-1,,201712201002077022,2016计算机学院计算机科学与技术,0,仙林校区,2017-2018学年 第1学期,77022,"逸B-205,仙Ⅱ-306",32.0,否,,6,64,,0,0,数据结构,"12,16","第5节-第6节,第3节-第4节","仙II区, 逸夫楼B区",22010020
64.0,400150,数据结构(20171-22010020-2),201712201002077023,,3,,99,"1-18周,1-18周",0,"刘佳,李武军","1-18周 周四 第3节-第4节 仙Ⅱ-406,1-18周 周二 第5节-第6节 逸B-207",4.0,计算机学院,否,理论+实验课程,"周二,周四",2017-2018-1,,201712201002077023,2016计算机学院计算机科学与技术,0,仙林校区,2017-2018学年 第1学期,77023,"逸B-207,仙Ⅱ-406",32.0,否,,6,64,,0,0,数据结构,"12,16","第5节-第6节,第3节-第4节","仙II区, 逸夫楼B区",22010020
64.0,400150,算法设计与分析(20171-22010030-1),201712201003077054,,3,,60,"1-18周,1-18周",0,赵建华,"1-18周 周三 第1节-第2节 仙Ⅰ-212,1-18周 周五 第3节-第4节 仙Ⅰ-213",4.0,计算机学院,否,理论类课程,"周三,周五",2017-2018-1,,201712201003077054,2015计算机学院计算机科学与技术,0,仙林校区,2017-2018学年 第1学期,77054,"仙Ⅰ-212,仙Ⅰ-213",0.0,否,,1,64,,0,0,算法设计与分析,11,"第1节-第2节,第3节-第4节",仙I区,22010030
64.0,400150,操作系统(20171-22010040-1),201712201004077053,,3,,56,"1-18周,1-18周",0,华景煜,"1-18周 周一 第1节-第2节 仙Ⅰ-201,1-18周 周三 第5节-第6节 仙Ⅰ-212",4.0,计算机学院,否,理论+实验课程,"周一,周三",2017-2018-1,,201712201004077053,2015计算机学院计算机科学与技术,0,仙林校区,2017-2018学年 第1学期,77053,"仙Ⅰ-201,仙Ⅰ-212",10.0,否,,6,54,,0,0,操作系统,11,"第1节-第2节,第5节-第6节",仙I区,22010040
64.0,400150,计算机网络(20171-22010050-1),201712201005077032,,3,,52,"1-18周,1-18周",0,田臣,"1-18周 周四 第1节-第2节 仙Ⅰ-204,1-18周 周二 第3节-第4节 仙Ⅰ-204",4.0,计算机学院,否,理论+实验课程,"周二,周四",2017-2018-1,,201712201005077032,"2015计算机学院计算机科学与技术,2015工程管理学院金融工程（计算机与金融工程方向）,2015计算机学院计算机（计算机与金融工程方向）",0,仙林校区,2017-2018学年 第1学期,77032,"仙Ⅰ-204,仙Ⅰ-204",12.0,否,,6,52,,0,0,计算机网络,11,"第3节-第4节,第1节-第2节",仙I区,22010050
64.0,400150,计算机网络(20171-22010050-2),201712201005077382,,3,,29,1-18周,0,苏丰,1-18周 周二 第9节-第11节 仙Ⅱ-301,4.0,计算机学院,否,理论+实验课程,周二,2017-2018-1,,201712201005077382,"2015数学学院数学类,2015数学学院应用模块（统计方向）,2015数学学院应用模块（计算方向）,2015数学学院统计学,2015数学学院信息与计算科学,2015数学学院数学与应用数学",0,仙林校区,2017-2018学年 第1学期,77382,仙Ⅱ-301,12.0,否,,6,52,,0,0,计算机网络,12,第9节-第11节,仙II区,22010050
48.0,400150,高级程序设计(20171-22010100-1),201712201010077031,,3,,97,"1-16周,2-16周(双),1-15周(单)",0,"黄书剑,陈家骏","1-16周 周二 第1节-第2节 逸B-212,2-16周(双) 周五 第3节-第4节 逸B-212,1-15周(单) 周五 第3节-第4节 ",3.0,计算机学院,否,理论+实验课程,"周二,周五,周五",2017-2018-1,,201712201010077031,"2014计算机学院计算机科学与技术,2016计算机学院计算机科学与技术,2015计算机学院计算机科学与技术",0,仙林校区,2017-2018学年 第1学期,77031,"逸B-212,逸B-212,基础实验楼乙124",32.0,否,,6,32,,0,0,高级程序设计,16,"第1节-第2节,第3节-第4节,第3节-第4节",逸夫楼B区,22010100
48.0,400150,数据库概论(20171-22010110-1),201712201011077034,,3,,69,"1-18周,1-18周",0,张剡,"1-18周 周一 第1节-第2节 仙Ⅰ-202,1-18周 周三 第3节-第4节 仙Ⅰ-212",3.0,计算机学院,否,理论+实验课程,"周一,周三",2017-2018-1,,201712201011077034,"2014计算机学院计算机科学与技术,2015计算机学院计算机科学与技术",0,仙林校区,2017-2018学年 第1学期,77034,"仙Ⅰ-202,仙Ⅰ-212",8.0,否,,6,64,,,0,数据库概论,11,"第1节-第2节,第3节-第4节",仙I区,22010110
48.0,400150,数据库概论(20171-22010110-2),201712201011077035,,3,,70,"1-18周,1-18周",0,柏文阳,"1-18周 周一 第1节-第2节 仙Ⅰ-203,1-18周 周三 第3节-第4节 仙Ⅰ-213",3.0,计算机学院,否,理论+实验课程,"周一,周三",2017-2018-1,,201712201011077035,"2014计算机学院计算机科学与技术,2015计算机学院计算机科学与技术",0,仙林校区,2017-2018学年 第1学期,77035,"仙Ⅰ-203,仙Ⅰ-213",8.0,否,,6,64,,,0,数据库概论,11,"第1节-第2节,第3节-第4节",仙I区,22010110
48.0,400150,数据库概论(20171-22010110-3),201712201011078433,,,,0,,0,,,3.0,计算机学院,否,理论+实验课程,,2017-2018-1,,201712201011078433,,0,,2017-2018学年 第1学期,78433,,8.0,否,,6,64,,,0,数据库概论,,,,22010110
48.0,400150,编译原理(20171-22010120-1),201712201012076937,,3,,8,1-18周,0,戴新宇,1-18周 周五 第3节-第4节 仙Ⅰ-104,3.0,计算机学院,否,理论类课程,周五,2017-2018-1,,201712201012076937,"2014电子科学与工程学院电子信息科学与技术,2014电子科学与工程学院通信工程",0,仙林校区,2017-2018学年 第1学期,76937,仙Ⅰ-104,0.0,否,,1,64,,0,0,编译原理,11,第3节-第4节,仙I区,22010120
48.0,400150,编译原理(20171-22010120-1),201712201012077036,,3,,56,"1-18周,1-18周",0,陈林,"1-18周 周三 第1节-第2节 仙Ⅰ-201,1-18周 周五 第3节-第4节 仙Ⅰ-202",3.0,计算机学院,否,理论类课程,"周五,周三",2017-2018-1,,201712201012077036,"2014计算机学院计算机科学与技术,2015计算机学院计算机科学与技术",0,仙林校区,2017-2018学年 第1学期,77036,"仙Ⅰ-202,仙Ⅰ-201",0.0,否,,1,64,,0,0,编译原理,11,"第3节-第4节,第1节-第2节",仙I区,22010120
48.0,400150,概率论与数理统计(20171-22010210-1),201712201021077037,,3,,135,"1-18周,2-18周(双)",0,"唐斌,姚远","2-18周(双) 周五 第1节-第2节 逸B-212,1-18周 周三 第5节-第6节 逸B-105",3.0,计算机学院,否,理论类课程,"周三,周五",2017-2018-1,,201712201021077037,"2014计算机学院计算机科学与技术,2015计算机学院计算机科学与技术",0,仙林校区,2017-2018学年 第1学期,77037,"逸B-105,逸B-212",0.0,否,,1,48,,0,0,概率论与数理统计,16,"第5节-第6节,第1节-第2节",逸夫楼B区,22010210
32.0,400150,组合数学(20171-22010240-1),201712201024077038,,3,,30,1-18周,0,尹一通,1-18周 周一 第3节-第4节 仙Ⅱ-504,2.0,计算机学院,否,理论类课程,周一,2017-2018-1,,201712201024077038,"2014计算机学院计算机科学与技术,2015计算机学院计算机科学与技术（拔尖计划）,2015计算机学院计算机科学与技术,2014计算机学院计算机科学与技术（拔尖计划）",0,仙林校区,2017-2018学年 第1学期,77038,仙Ⅱ-504,0.0,否,,1,32,,0,0,组合数学,12,第3节-第4节,仙II区,22010240
32.0,400150,Java程序设计(20171-22010300-1),201712201030077039,,3,,150,1-18周,0,"曹春,余萍",1-18周 周二 第5节-第6节 仙Ⅰ-108,2.0,计算机学院,否,理论类课程,周二,2017-2018-1,,201712201030077039,"2014计算机学院计算机科学与技术,2015计算机学院计算机科学与技术",0,仙林校区,2017-2018学年 第1学期,77039,仙Ⅰ-108,0.0,否,,1,32,,0,0,高级Java程序设计,11,第5节-第6节,仙I区,22010300
48.0,400150,软件工程(20171-22010310-1),201712201031077040,,3,,74,"1-18周,1-17周(单)",0,"张天,王林章,李宣东","1-17周(单) 周四 第1节-第2节 仙Ⅱ-304,1-18周 周二 第3节-第4节 图书馆125",3.0,计算机学院,否,理论+实验课程,"周二,周四",2017-2018-1,,201712201031077040,"2014计算机学院计算机科学与技术,2015计算机学院计算机科学与技术",0,仙林校区,2017-2018学年 第1学期,77040,"图书馆125,仙Ⅱ-304",16.0,否,,6,32,,0,0,软件工程,"12,18","第3节-第4节,第1节-第2节","仙II区, 图书馆",22010310
48.0,400150,软件工程(20171-22010310-2),201712201031077384,,3,,35,1-18周,0,陈鑫,1-18周 周一 第9节-第11节 仙Ⅱ-301,3.0,计算机学院,否,理论+实验课程,周一,2017-2018-1,,201712201031077384,"2015数学学院数学与应用数学,2015数学学院应用模块（统计方向）,2015数学学院应用模块（计算方向）,2015数学学院统计学,2015数学学院信息与计算科学",0,仙林校区,2017-2018学年 第1学期,77384,仙Ⅱ-301,16.0,否,,6,32,,0,0,软件工程,12,第9节-第11节,仙II区,22010310
48.0,400150,嵌入式系统(20171-22010320-1),201712201032077041,,3,,45,1-18周,0,陈鑫,1-18周 周四 第5节-第6节 仙Ⅰ-202,2.0,计算机学院,否,理论类课程,周四,2017-2018-1,,201712201032077041,"2014计算机学院计算机科学与技术,2015计算机学院计算机科学与技术,2014计算机学院计算机科学与技术（拔尖计划）",0,仙林校区,2017-2018学年 第1学期,77041,仙Ⅰ-202,8.0,否,,1,24,,0,0,嵌入式系统,11,第5节-第6节,仙I区,22010320
32.0,400150,并行处理技术(20171-22010530-1),201712201053077042,,3,,71,1-18周,0,谢磊,1-18周 周四 第3节-第4节 仙Ⅰ-203,2.0,计算机学院,否,理论+实践课程,周四,2017-2018-1,,201712201053077042,"2014计算机学院计算机科学与技术,2015计算机学院计算机科学与技术（拔尖计划）,2015计算机学院计算机科学与技术,2014计算机学院计算机科学与技术（拔尖计划）",0,仙林校区,2017-2018学年 第1学期,77042,仙Ⅰ-203,0.0,否,,5,32,,4,0,分布式与并行计算,11,第3节-第4节,仙I区,22010530
32.0,400150,计算机数学建模(20171-22010540-1),201712201054077043,,3,,43,1-18周,0,周毓明,1-18周 周二 第5节-第6节 仙Ⅰ-201,2.0,计算机学院,否,理论类课程,周二,2017-2018-1,,201712201054077043,"2014计算机学院计算机科学与技术,2015工程管理学院金融工程（计算机与金融工程方向）,2015计算机学院计算机科学与技术（拔尖计划）,2015计算机学院计算机（计算机与金融工程方向）,2015计算机学院计算机科学与技术",0,仙林校区,2017-2018学年 第1学期,77043,仙Ⅰ-201,0.0,否,,1,32,,0,0,计算机数学建模,11,第5节-第6节,仙I区,22010540
48.0,400150,高级算法(20171-22010550-1),201712201055077044,,3,,19,1-18周,0,尹一通,1-18周 周四 第1节-第2节 逸B-105,3.0,计算机学院,否,理论类课程,周四,2017-2018-1,,201712201055077044,"2014计算机学院计算机科学与技术,2015计算机学院计算机科学与技术（拔尖计划）,2015计算机学院计算机科学与技术,2014计算机学院计算机科学与技术（拔尖计划）",0,仙林校区,2017-2018学年 第1学期,77044,逸B-105,0.0,否,,1,48,,0,0,高级算法,16,第1节-第2节,逸夫楼B区,22010550
48.0,400150,计算机图形学(20171-22010570-1),201712201057077045,,3,,95,"1-5周,1-5周(单),6-18周,7-17周(单)",0,"孙正兴,张岩","1-5周 周二 第3节-第4节 逸B-313,7-17周(单) 周四 第3节-第4节 逸B-313,6-18周 周二 第3节-第4节 逸B-313,1-5周(单) 周四 第3节-第4节 逸B-313",3.0,计算机学院,否,理论类课程,"周二,周四,周二,周四",2017-2018-1,,201712201057077045,"2014计算机学院计算机科学与技术,2015计算机学院计算机科学与技术",0,仙林校区,2017-2018学年 第1学期,77045,"逸B-313,逸B-313,逸B-313,逸B-313",0.0,否,,1,48,,0,0,计算机图形学,16,"第3节-第4节,第3节-第4节,第3节-第4节,第3节-第4节",逸夫楼B区,22010570
32.0,400150,Linux系统分析(20171-22010730-1),201712201073077046,,3,,20,"1-17周(单),2-18周(双)",0,张雷,"1-17周(单) 周二 第5节-第6节 仙Ⅰ-202,2-18周(双) 周二 第5节-第6节 ",2.0,计算机学院,否,理论+实践课程,"周二,周二",2017-2018-1,,201712201073077046,"2014计算机学院计算机科学与技术,2015计算机学院计算机科学与技术（拔尖计划）,2015计算机学院计算机科学与技术",0,仙林校区,2017-2018学年 第1学期,77046,"仙Ⅰ-202,基础实验楼乙126",,否,,5,16,,16,0,Linux系统分析,11,"第5节-第6节,第5节-第6节",仙I区,22010730
32.0,400150,网络安全实验(20171-22010790-1),201712201079077047,,3,,21,1-18周,0,吴迎红,1-18周 周三 第9节-第10节 ,2.0,计算机学院,否,实践类课程,周三,2017-2018-1,,201712201079077047,"2014计算机学院计算机科学与技术,2015计算机学院计算机科学与技术（拔尖计划）,2015计算机学院计算机科学与技术,2014计算机学院计算机科学与技术（拔尖计划）",0,仙林校区,2017-2018学年 第1学期,77047,基础实验楼乙206,0.0,否,,3,0,,32,0,网络安全实验,,第9节-第10节,,22010790
32.0,400150,软件测试(20171-22010800-1),201712201080077048,,3,,56,1-18周,0,聂长海,1-18周 周一 第3节-第4节 仙Ⅰ-317,2.0,计算机学院,否,理论类课程,周一,2017-2018-1,,201712201080077048,"2014计算机学院计算机科学与技术,2015计算机学院计算机科学与技术",0,仙林校区,2017-2018学年 第1学期,77048,仙Ⅰ-317,0.0,否,,1,32,,0,0,软件测试,11,第3节-第4节,仙I区,22010800
32.0,400150,博弈论及其应用(20171-22010820-1),201712201082077049,,3,,77,1-18周,0,高尉,1-18周 周四 第9节-第10节 仙Ⅰ-201,2.0,计算机学院,否,理论类课程,周四,2017-2018-1,,201712201082077049,"2014计算机学院计算机科学与技术,2015工程管理学院金融工程（计算机与金融工程方向）,2015计算机学院计算机（计算机与金融工程方向）,2015计算机学院计算机科学与技术",0,仙林校区,2017-2018学年 第1学期,77049,仙Ⅰ-201,0.0,否,,1,32,,0,0,博弈论及其应用,11,第9节-第10节,仙I区,22010820
16.0,400150,汇编程序设计(20171-22010970-1),201712201097076994,,3,,222,,0,吴海军," 自由时间 - , 自由时间 - ",1.0,计算机学院,否,理论+实验课程,"自由时间,自由时间",2017-2018-1,,201712201097076994,"2014计算机学院计算机科学与技术,2016计算机学院计算机科学与技术,2015计算机学院计算机科学与技术（拔尖计划）,2015计算机学院计算机科学与技术,2014计算机学院计算机科学与技术（拔尖计划）",0,仙林校区,2017-2018学年 第1学期,76994,"7月17日至7月21日，上午9:00-12:00，仙Ⅱ-122,7月17日至7月21日，下午2:00-5:00，基础实验楼乙124、125",6.0,否,,6,10,,,0,汇编程序设计,,"自由时间,自由时间",,22010970
16.0,400150,ACM/ICPC程序设计(20171-22011040-1),201712201104076987,,3,,5,,0,马骏, 自由时间 - ,1.0,计算机学院,否,实践类课程,自由时间,2017-2018-1,,201712201104076987,"2014计算机学院计算机科学与技术,2016计算机学院计算机科学与技术,2015计算机学院计算机科学与技术（拔尖计划）,2015计算机学院计算机科学与技术,2014计算机学院计算机科学与技术（拔尖计划）",0,仙林校区,2017-2018学年 第1学期,76987,该暑期课程上课时间7月19日-8月18日，基础实验楼乙121,0.0,否,,3,0,,100,0,ACM/ICPC程序设计,,自由时间,,22011040
32.0,400150,移动互联应用技术(20171-22011070-1),201712201107077050,,3,,36,"1周,2-18周",0,曹春,"1周 周一 第5节-第6节 仙Ⅰ-202,2-18周 周一 第5节-第6节 ",2.0,计算机学院,否,理论类课程,"周一,周一",2017-2018-1,,201712201107077050,"2014计算机学院计算机科学与技术,2015计算机学院计算机科学与技术",0,仙林校区,2017-2018学年 第1学期,77050,"仙Ⅰ-202,基础实验楼乙221",0.0,否,,1,32,,0,0,iOS智能应用开发,11,"第5节-第6节,第5节-第6节",仙I区,22011070
48.0,400150,软件质量保障(20171-22011110-1),201712201111077051,,3,,84,1-18周,0,聂长海,1-18周 周一 第5节-第7节 逸B-105,3.0,计算机学院,否,理论类课程,周一,2017-2018-1,,201712201111077051,"2014计算机学院计算机科学与技术,2015计算机学院计算机科学与技术",0,仙林校区,2017-2018学年 第1学期,77051,逸B-105,0.0,否,,1,48,,0,0,软件质量保障,16,第5节-第7节,逸夫楼B区,22011110
48.0,400150,计算理论初步(20171-22011120-1),201712201112077052,,3,,28,"1-18周,1-17周(单)",0,"李宣东,卜磊","1-18周 周二 第3节-第4节 仙Ⅰ-212,1-17周(单) 周四 第5节-第6节 仙Ⅰ-203",3.0,计算机学院,否,理论类课程,"周二,周四",2017-2018-1,,201712201112077052,"2014计算机学院计算机科学与技术,2015计算机学院计算机科学与技术",0,仙林校区,2017-2018学年 第1学期,77052,"仙Ⅰ-212,仙Ⅰ-203",0.0,否,,1,48,,0,0,形式语言与自动机,11,"第3节-第4节,第5节-第6节",仙I区,22011120
48.0,400150,密码学原理(20171-22011140-1),201712201114077055,,3,,27,"1-18周,2-18周(双)",0,"仲盛,张渊","2-18周(双) 周二 第1节-第2节 仙Ⅰ-201,1-18周 周五 第3节-第4节 仙Ⅰ-201",3.0,计算机学院,否,理论类课程,"周五,周二",2017-2018-1,,201712201114077055,"2014计算机学院计算机科学与技术,2015计算机学院计算机科学与技术",0,仙林校区,2017-2018学年 第1学期,77055,"仙Ⅰ-201,仙Ⅰ-201",0.0,否,,1,48,,0,0,密码学原理,11,"第3节-第4节,第1节-第2节",仙I区,22011140
80.0,400150,计算机组成与设计(20171-22011150-1),201712201115077059,,3,,3,"2-18周(双),1-18周,1-18周",0,"张泽生,杨若瑜","2-18周(双) 周一 第1节-第2节 仙Ⅱ-101,1-18周 周五 第5节-第6节 ,1-18周 周三 第3节-第4节 仙Ⅱ-101",5.0,计算机学院,否,,"周一,周三,周五",2017-2018-1,,201712201115077059,"2014计算机学院计算机科学与技术,2015计算机学院计算机科学与技术",0,仙林校区,2017-2018学年 第1学期,77059,"仙Ⅱ-101,仙Ⅱ-101,基础实验楼乙118",32.0,否,,,48,,,0,计算机组成与设计,12,"第1节-第2节,第3节-第4节,第5节-第6节",仙II区,22011150
48.0,400150,操作系统安全(20171-22011160-1),201712201116077062,,3,,10,1-18周,0,黄皓,1-18周 周四 第5节-第7节 逸B-306,3.0,计算机学院,否,理论+实验课程,周四,2017-2018-1,,201712201116077062,"2014计算机学院计算机科学与技术,2015计算机学院计算机科学与技术",0,仙林校区,2017-2018学年 第1学期,77062,逸B-306,3.0,否,,6,45,,,0,操作系统安全,16,第5节-第7节,逸夫楼B区,22011160
48.0,400150,网络安全与检测技术(20171-22011170-1),201712201117077063,,3,,15,"1-17周(单),1-18周",0,"刘向阳,戴海鹏","1-17周(单) 周二 第1节-第2节 仙Ⅰ-201,1-18周 周四 第3节-第4节 仙Ⅰ-204",3.0,计算机学院,否,理论类课程,"周二,周四",2017-2018-1,,201712201117077063,"2014计算机学院计算机科学与技术,2015计算机学院计算机科学与技术",0,仙林校区,2017-2018学年 第1学期,77063,"仙Ⅰ-201,仙Ⅰ-204",0.0,否,,1,48,,0,0,网络安全与检测技术,11,"第1节-第2节,第3节-第4节",仙I区,22011170
32.0,400150,软件需求工程(20171-22011190-1),201712201119077066,,3,,42,1-18周,0,陈林,1-18周 周三 第5节-第6节 仙Ⅱ-101,2.0,计算机学院,否,理论类课程,周三,2017-2018-1,,201712201119077066,"2014计算机学院计算机科学与技术,2015计算机学院计算机科学与技术",0,仙林校区,2017-2018学年 第1学期,77066,仙Ⅱ-101,0.0,否,,1,32,,0,0,软件需求工程,12,第5节-第6节,仙II区,22011190
32.0,400150,人机接口技术(20171-22011250-1),201712201125077064,,3,,40,1-18周,0,王崇骏,1-18周 周一 第3节-第4节 仙Ⅱ-101,2.0,计算机学院,否,理论类课程,周一,2017-2018-1,,201712201125077064,"2014计算机学院计算机科学与技术,2015计算机学院计算机科学与技术,2014计算机学院计算机科学与技术（拔尖计划）",0,仙林校区,2017-2018学年 第1学期,77064,仙Ⅱ-101,0.0,否,,1,32,,0,0,人机接口技术,12,第3节-第4节,仙II区,22011250
32.0,400150,软件安全(20171-22011320-1),201712201132077058,,3,,14,1-18周,0,茅兵,1-18周 周五 第7节-第8节 仙Ⅱ-313,2.0,计算机学院,否,理论+实验课程,周五,2017-2018-1,,201712201132077058,"2014计算机学院计算机科学与技术,2015工程管理学院金融工程（计算机与金融工程方向）,2015计算机学院计算机（计算机与金融工程方向）,2015计算机学院计算机科学与技术",0,仙林校区,2017-2018学年 第1学期,77058,仙Ⅱ-313,4.0,否,,6,28,,0,0,软件安全,12,第7节-第8节,仙II区,22011320
32.0,400150,分布式网络(20171-22011440-1),201712201144077057,,3,,13,1-11周,0,陈贵海,1-11周 周一 第5节-第7节 仙Ⅰ-203,2.0,计算机学院,否,理论类课程,周一,2017-2018-1,,201712201144077057,"2014计算机学院计算机科学与技术,2015计算机学院计算机科学与技术",0,仙林校区,2017-2018学年 第1学期,77057,仙Ⅰ-203,0.0,否,,1,32,,0,0,分布式网络,11,第5节-第7节,仙I区,22011440
64.0,400150,金融大数据处理技术(20171-22011460-1),201712201146077134,,3,,20,"1-18周,1-18周",0,余萍,"1-18周 周一 第1节-第2节 仙Ⅰ-209,1-18周 周三 第3节-第4节 仙Ⅰ-209",4.0,计算机学院,否,理论类课程,"周一,周三",2017-2018-1,,201712201146077134,"2015计算机学院计算机（计算机与金融工程方向）,2015工程管理学院金融工程（计算机与金融工程方向）",0,仙林校区,2017-2018学年 第1学期,77134,"仙Ⅰ-209,仙Ⅰ-209",0.0,否,,1,64,,0,0,金融大数据处理技术,11,"第1节-第2节,第3节-第4节",仙I区,22011460
32.0,400150,网络攻防实验(20171-22011470T-1),2017122011470T77028,,3,,23,1-18周,0,陈健,1-18周 周一 第9节-第10节 ,2.0,计算机学院,否,实践类课程,周一,2017-2018-1,,2017122011470T77028,"2014计算机学院计算机科学与技术,2016计算机学院计算机科学与技术,2015计算机学院计算机科学与技术（拔尖计划）,2015计算机学院计算机科学与技术,2014计算机学院计算机科学与技术（拔尖计划）",0,仙林校区,2017-2018学年 第1学期,77028,基础实验楼乙125,0.0,否,,3,0,,32,0,网络攻防实战,,第9节-第10节,,22011470T
64.0,400150,问题求解（一）(20171-22020010A-1),2017122020010A77443,,3,,37,"4-18周,4-18周",0,"魏恒峰,陶先平,马骏","4-18周 周四 第1节-第2节 仙Ⅱ-111,4-18周 周一 第3节-第4节 仙Ⅱ-513",4.0,计算机学院,否,理论+实践课程,"周一,周四",2017-2018-1,,2017122020010A77443,,0,仙林校区,2017-2018学年 第1学期,77443,"仙Ⅱ-513,仙Ⅱ-111",0.0,否,,5,58,,6,0,问题求解（一）,12,"第3节-第4节,第1节-第2节",仙II区,22020010A
64.0,400150,问题求解（一）,2017122020010A81799,,3,,11,1-18周,0,"马骏,魏恒峰,陶先平",1-18周 自由时间 - ,4.0,计算机学院,否,理论+实践课程,自由时间,2017-2018-1,,2017122020010A81799,,0,仙林校区,2017-2018学年 第1学期,81799,无,0.0,否,,5,58,,6,0,问题求解（一）,,自由时间,,22020010A
96.0,400150,问题求解（三）(20171-22020010C-1),2017122020010C77286,,3,,60,"1-18周,1-18周,1-18周",0,"王皓,陈道蓄,钱柱中,程龚","1-18周 周一 第1节-第2节 仙Ⅰ-204,1-18周 周四 第3节-第4节 ,1-18周 周三 第3节-第4节 ",6.0,计算机学院,否,理论+实践课程,"周一,周三,周四",2017-2018-1,,2017122020010C77286,,0,仙林校区,2017-2018学年 第1学期,77286,"仙Ⅰ-204,计算机楼227、228、229,计算机楼227、228、229",0.0,否,,5,64,,32,0,问题求解（三）,11,"第1节-第2节,第3节-第4节,第3节-第4节",仙I区,22020010C
32.0,400150,计算方法(20171-22020180-1),201712202018077130,,3,,1,,0,,,2.0,计算机学院,否,理论类课程,,2017-2018-1,,201712202018077130,2015计算机学院计算机科学与技术（拔尖计划）,0,仙林校区,2017-2018学年 第1学期,77130,,0.0,否,,1,32,,0,0,计算方法,,,,22020180
48.0,400150,计算机网络(20171-22020240-1),201712202024077073,,3,,23,1-18周,0,顾庆,1-18周 周二 第2节-第4节 ,3.0,计算机学院,否,理论类课程,周二,2017-2018-1,,201712202024077073,2015计算机学院计算机科学与技术（拔尖计划）,0,仙林校区,2017-2018学年 第1学期,77073,计算机楼227,0.0,否,,1,48,,0,0,计算机网络,,第2节-第4节,,22020240
64.0,400150,计算机网络(20171-22020240I-1),2017122020240I77033,,3,,2,"1-18周,1-18周",0,张渊,"1-18周 周五 第1节-第2节 仙Ⅱ-101,1-18周 周二 第3节-第4节 仙Ⅱ-101",4.0,计算机学院,否,理论+实验课程,"周二,周五",2017-2018-1,,2017122020240I77033,"2014计算机学院计算机科学与技术,2015计算机学院计算机科学与技术（拔尖计划）,2015计算机学院计算机科学与技术,2014计算机学院计算机科学与技术（拔尖计划）",0,仙林校区,2017-2018学年 第1学期,77033,"仙Ⅱ-101,仙Ⅱ-101",16.0,否,,6,48,,0,0,计算机网络,12,"第3节-第4节,第1节-第2节",仙II区,22020240I
48.0,400150,数据库概论(20171-22020250-1),201712202025077074,,3,,31,"1-18周,1-18周",0,柏文阳,"1-18周 周一 第5节-第6节 ,1-18周 周三 第5节-第6节 ",3.0,计算机学院,否,理论+实验课程,"周一,周三",2017-2018-1,,201712202025077074,2015计算机学院计算机科学与技术（拔尖计划）,0,仙林校区,2017-2018学年 第1学期,77074,"计算机楼227,计算机楼227",8.0,否,,6,56,,0,0,数据库概论,,"第5节-第6节,第5节-第6节",,22020250
32.0,400150,现代软件工程(20171-22020300-1),201712202030077131,,3,,2,,0,,,2.0,计算机学院,否,理论类课程,,2017-2018-1,,201712202030077131,2015计算机学院计算机科学与技术（拔尖计划）,0,仙林校区,2017-2018学年 第1学期,77131,,0.0,否,,1,32,,0,0,现代软件工程,,,,22020300
48.0,400150,人工智能(20171-22020370-1),201712202037077133,,3,,38,1-18周,0,高阳,1-18周 周三 第5节-第7节 ,3.0,计算机学院,否,理论类课程,周三,2017-2018-1,,201712202037077133,2014计算机学院计算机科学与技术（拔尖计划）,0,仙林校区,2017-2018学年 第1学期,77133,计算机楼228,32.0,否,,1,48,,0,0,人工智能,,第5节-第7节,,22020370
32.0,400150,数字图像处理(20171-22020390-1),201712202039077132,,3,,12,1-18周,0,詹德川,1-18周 周五 第5节-第6节 ,2.0,计算机学院,否,理论类课程,周五,2017-2018-1,,201712202039077132,2015计算机学院计算机科学与技术（拔尖计划）,0,仙林校区,2017-2018学年 第1学期,77132,计算机楼227,0.0,否,,1,32,,0,0,数字图像处理,,第5节-第6节,,22020390
32.0,400230,口腔医学导论(20171-23000020-1),201712300002078299,,3,,9,"1-3周(单),5-6周,9-10周,12-13周,2-4周(双),7-8周,11周",0,雷浪,"2-4周(双),7-8周,11周 周六 第5节-第7节 ,1-3周(单),5-6周,9-10周,12-13周 周三 第9节-第10节 仙Ⅰ-323",2.0,医学院,否,理论+实践课程,"周三,周六",2017-2018-1,,201712300002078299,2016医学院口腔医学（5+3）,0,仙林校区,2017-2018学年 第1学期,78299,"仙Ⅰ-323,自由地点",0.0,否,,5,20,,12,0,口腔医学导论,11,"第9节-第10节,第5节-第7节",仙I区,23000020
48.0,400230,生理学(20171-23000050-1),201712300005078300,,3,,50,1-18周,0,"韩晓冬,吴江,高千,朱亚文,黄桂春",1-18周 周二 第5节-第7节 仙Ⅱ-102,3.0,医学院,否,理论类课程,周二,2017-2018-1,,201712300005078300,,0,仙林校区,2017-2018学年 第1学期,78300,仙Ⅱ-102,0.0,否,,1,32,,0,0,生理学,12,第5节-第7节,仙II区,23000050
64.0,400230,病原生物学(20171-23000060-1),201712300006078301,,3,,50,"1-18周,1-18周",0,"王宏伟,李尔广,郑楠","1-18周 周三 第1节-第2节 仙Ⅰ-204,1-18周 周一 第5节-第6节 仙Ⅱ-102",4.0,医学院,否,理论类课程,"周一,周三",2017-2018-1,,201712300006078301,,0,仙林校区,2017-2018学年 第1学期,78301,"仙Ⅱ-102,仙Ⅰ-204",0.0,否,,1,64,,0,0,病原生物学,"11,12","第5节-第6节,第1节-第2节","仙I区, 仙II区",23000060
48.0,400230,医学遗传学(20171-23000080-1),201712300008078302,,3,,45,"1-18周,1-17周(单)",0,"王亚平,李宽钰","1-18周 周三 第3节-第4节 仙Ⅰ-204,1-17周(单) 周一 第3节-第4节 仙Ⅰ-204",3.0,医学院,否,理论类课程,"周三,周一",2017-2018-1,,201712300008078302,,0,仙林校区,2017-2018学年 第1学期,78302,"仙Ⅰ-204,仙Ⅰ-204",0.0,否,,1,48,,0,0,医学遗传学,11,"第3节-第4节,第3节-第4节",仙I区,23000080
48.0,400230,医学免疫学(20171-23000140-1),201712300014078303,,3,,48,1-18周,0,"王婷婷,侯亚义,沈苏南",1-18周 周四 第2节-第4节 仙Ⅱ-101,3.0,医学院,否,理论类课程,周四,2017-2018-1,,201712300014078303,,0,仙林校区,2017-2018学年 第1学期,78303,仙Ⅱ-101,0.0,否,,1,48,,0,0,医学免疫学,12,第2节-第4节,仙II区,23000140
32.0,400230,病原体鉴定及免疫细胞分析技术(20171-23000150-1),201712300015078304,,3,,44,"1-10周,1-10周",0,"侯亚义,李尔广,窦环,王宏伟,郑楠,王婷婷","1-10周 周三 第5节-第8节 ,1-10周 周四 第5节-第8节 ",2.0,医学院,否,实验类课程,"周三,周四",2017-2018-1,,201712300015078304,,0,仙林校区,2017-2018学年 第1学期,78304,"基础医学教学中心313,基础医学教学中心313",56.0,否,,2,8,,0,0,病原体鉴定及免疫细胞分析技术,,"第5节-第8节,第5节-第8节",,23000150
32.0,400230,以疾病为主线的医学遗传学实验(20171-23000180-1),201712300018078305,,3,,22,1-18周,0,"蒋爱芹,凌立君",1-18周 周五 第1节-第4节 ,2.0,医学院,否,实验类课程,周五,2017-2018-1,,201712300018078305,,0,仙林校区,2017-2018学年 第1学期,78305,基础医学教学中心311,56.0,否,,2,8,,0,0,以疾病为主线的医学遗传学实验,,第1节-第4节,,23000180
32.0,400230,以疾病为主线的医学遗传学实验(20171-23000180-2),201712300018078306,,3,,22,1-18周,0,"凌立君,蒋爱芹",1-18周 周五 第5节-第8节 ,2.0,医学院,否,实验类课程,周五,2017-2018-1,,201712300018078306,,0,仙林校区,2017-2018学年 第1学期,78306,基础医学教学中心311,56.0,否,,2,8,,0,0,以疾病为主线的医学遗传学实验,,第5节-第8节,,23000180
32.0,400230,医学导论(20171-23000200-1),201712300020078293,,3,,120,1-18周,0,沈苏南,1-18周 周一 第9节-第10节 仙Ⅱ-303,2.0,医学院,否,理论类课程,周一,2017-2018-1,,201712300020078293,"2016医学院临床医学（八年制）,2016医学院口腔医学（5+3）,2016医学院临床医学（5+3）",0,仙林校区,2017-2018学年 第1学期,78293,仙Ⅱ-303,0.0,否,,1,32,,0,0,医学导论,12,第9节-第10节,仙II区,23000200
32.0,400230,中国特色社会主义理论与实践研究(20171-23000220-1),201712300022078307,,3,,45,1-18周,0,蓝江,1-18周 周二 第9节-第10节 ,2.0,医学院,否,理论类课程,周二,2017-2018-1,,201712300022078307,,0,仙林校区,2017-2018学年 第1学期,78307,逸B-205,0.0,否,,1,32,,0,0,中国式现代化的理论与实践,,第9节-第10节,,23000220
32.0,400230,中国特色社会主义理论与实践研究(20171-23000220-1),201712300022078308,,1,,68,1-18周,0,李乾坤,1-18周 周二 第9节-第10节 ,2.0,医学院,否,理论类课程,周二,2017-2018-1,,201712300022078308,"2015医学院临床医学（5+3）,2015医学院口腔医学（5+3）",0,鼓楼校区,2017-2018学年 第1学期,78308,教102,0.0,否,,1,32,,0,0,中国式现代化的理论与实践,,第9节-第10节,,23000220
80.0,400230,系统解剖学(20171-23000270-1),201712300027078294,,3,,44,"1-18周,1-18周",0,"董平,周宇琨,朱亚文","1-18周 周二 第2节-第4节 ,1-18周 周三 第5节-第8节 ",5.0,医学院,否,理论+实验课程,"周二,周三",2017-2018-1,,201712300027078294,2016医学院临床医学（八年制）,0,仙林校区,2017-2018学年 第1学期,78294,"基础医学教学中心118,基础医学教学中心109",64.0,否,,6,64,,0,0,系统解剖学,,"第2节-第4节,第5节-第8节",,23000270
32.0,400230,组织学与胚胎学(20171-23000320-1),201712300032078295,,3,,58,1-18周,0,"李冬梅,韩晓冬,王勇",1-18周 周四 第3节-第4节 ,2.0,医学院,否,理论类课程,周四,2017-2018-1,,201712300032078295,"2016医学院临床医学（5+3）,2016医学院口腔医学（5+3）",0,仙林校区,2017-2018学年 第1学期,78295,基础医学教学中心213,0.0,否,,1,32,,0,0,组织学与胚胎学,,第3节-第4节,,23000320
16.0,400230,组织学与胚胎学实验(20171-23000330T-1),2017123000330T78296,,3,,58,1-18周,0,"李冬梅,韩晓冬,丁卫东,王勇",1-18周 周四 第5节-第8节 ,1.0,医学院,否,实验类课程,周四,2017-2018-1,,2017123000330T78296,"2016医学院临床医学（5+3）,2016医学院口腔医学（5+3）",0,仙林校区,2017-2018学年 第1学期,78296,基础医学教学中心206,48.0,否,,2,0,,0,0,组织学与胚胎学实验,,第5节-第8节,,23000330T
32.0,400230,生理学(20171-23000340-1),201712300034078297,,3,,60,1-18周,0,"高千,吴江,朱亚文,黄桂春,韩晓冬",1-18周 周二 第3节-第4节 仙Ⅰ-103,2.0,医学院,否,理论类课程,周二,2017-2018-1,,201712300034078297,"2016医学院临床医学（5+3）,2016医学院口腔医学（5+3）",0,仙林校区,2017-2018学年 第1学期,78297,仙Ⅰ-103,0.0,否,,1,32,,0,0,生理学,11,第3节-第4节,仙I区,23000340
48.0,400230,病原生物学(20171-23000350-1),201712300035078298,,3,,60,1-18周,0,"王宏伟,吴稚伟,郑楠,李尔广,曹望森,方刚",1-18周 周三 第5节-第7节 仙Ⅰ-103,3.0,医学院,否,理论类课程,周三,2017-2018-1,,201712300035078298,"2016医学院临床医学（5+3）,2016医学院口腔医学（5+3）",0,仙林校区,2017-2018学年 第1学期,78298,仙Ⅰ-103,0.0,否,,1,48,,0,0,病原生物学,11,第5节-第7节,仙I区,23000350
48.0,400230,医学影像学(20171-23010010-1),201712301001078376,,1,,114,"1-4周,6-11周,1-4周,6-8周,10-11周",0,鼓楼医院2,"1-4周,6-11周 周二 第3节-第4节 教203,1-4周,6-8周,10-11周 周四 第3节-第4节 教203",3.0,医学院,否,理论+实践课程,"周二,周四",2017-2018-1,,201712301001078376,"2014医学院临床医学,2014医学院口腔医学",0,鼓楼校区,2017-2018学年 第1学期,78376,"教203,教203",0.0,否,,5,40,,24,0,医学影像学,1,"第3节-第4节,第3节-第4节",教学楼,23010010
48.0,400230,医学影像学(20171-23010010-1),201712301001078388,,1,,70,"1-4周,6-11周,1-4周,6-10周",0,鼓楼医院3,"1-4周,6-11周 周一 第1节-第2节 教204,1-4周,6-10周 周三 第1节-第2节 教204",3.0,医学院,否,理论+实践课程,"周一,周三",2017-2018-1,,201712301001078388,"2015医学院临床医学（5+3）,2015医学院口腔医学（5+3）",0,鼓楼校区,2017-2018学年 第1学期,78388,"教204,教204",0.0,否,,5,40,,24,0,医学影像学,1,"第1节-第2节,第1节-第2节",教学楼,23010010
96.0,400230,诊断学(20171-23010020-1),201712301002078377,,1,,95,"2-4周,6-11周,1周,1-4周,6-11周,1-4周,6-8周,10-11周",0,鼓楼医院2,"1-4周,6-11周 周三 第1节-第2节 教203,1周 周一 第5节-第6节 教203,2-4周,6-11周 周一 第1节-第2节 教203,1-4周,6-8周,10-11周 周五 第1节-第2节 教203",6.0,医学院,否,理论+实践课程,"周一,周一,周三,周五",2017-2018-1,,201712301002078377,2014医学院临床医学,0,鼓楼校区,2017-2018学年 第1学期,78377,"教203,教203,教203,教203",0.0,否,,5,60,,52,0,诊断学,1,"第1节-第2节,第5节-第6节,第1节-第2节,第1节-第2节",教学楼,23010020
96.0,400230,诊断学(20171-23010020-1),201712301002078389,,1,,59,"1-4周,6-11周,1-4周,6-10周,1-4周,6-8周,10-12周",0,鼓楼医院3,"1-4周,6-11周 周二 第1节-第2节 教204,1-4周,6-8周,10-12周 周四 第3节-第4节 教204,1-4周,6-10周 周三 第3节-第4节 教204",6.0,医学院,否,理论+实践课程,"周二,周三,周四",2017-2018-1,,201712301002078389,2015医学院临床医学（5+3）,0,鼓楼校区,2017-2018学年 第1学期,78389,"教204,教204,教204",0.0,否,,5,60,,52,0,诊断学,1,"第1节-第2节,第3节-第4节,第3节-第4节",教学楼,23010020
32.0,400230,医学心理学(20171-23010030-1),201712301003078379,,1,,184,"1-4周,6-8周,1-4周,6-8周,10周",0,鼓楼医院2,"1-4周,6-8周,10周 周五 第3节-第4节 教222,1-4周,6-8周 周一 第3节-第4节 教121",2.0,医学院,否,理论+实践课程,"周一,周五",2017-2018-1,,201712301003078379,"2014医学院临床医学,2015医学院口腔医学（5+3）,2015医学院临床医学（5+3）,2014医学院口腔医学",0,鼓楼校区,2017-2018学年 第1学期,78379,"教121,教222",0.0,否,,5,24,,8,0,医学心理学,1,"第3节-第4节,第3节-第4节",教学楼,23010030
48.0,400230,外科学总论(20171-23010040-1),201712301004078390,,1,,69,"1-4周,6-8周,2-4周,6-8周,10周,2-4周,6-9周",0,鼓楼医院3,"1-4周,6-8周 周四 第1节-第2节 教204,2-4周,6-9周 周二 第3节-第4节 教204,2-4周,6-8周,10周 周五 第1节-第2节 教204",3.0,医学院,否,理论+实践课程,"周四,周五,周二",2017-2018-1,,201712301004078390,"2015医学院临床医学（5+3）,2015医学院口腔医学（5+3）",0,鼓楼校区,2017-2018学年 第1学期,78390,"教204,教204,教204",0.0,否,,5,44,,20,0,外科学总论,1,"第1节-第2节,第1节-第2节,第3节-第4节",教学楼,23010040
40.0,400230,外科学总论(20171-23010041-1),201712301004178380,,1,,113,"2-4周,6-9周,1-4周,6-8周,2-4周,6-8周,10周",0,鼓楼医院2,"2-4周,6-9周 周二 第1节-第2节 教203,1-4周,6-8周 周三 第3节-第4节 教203,2-4周,6-8周,10周 周四 第1节-第2节 教203",2.5,医学院,否,理论+实验课程,"周二,周三,周四",2017-2018-1,,201712301004178380,"2014医学院临床医学,2014医学院口腔医学",0,鼓楼校区,2017-2018学年 第1学期,78380,"教203,教203,教203",,否,,6,,,,0,外科学总论,1,"第1节-第2节,第3节-第4节,第1节-第2节",教学楼,23010041
64.0,400230,外科学(20171-23010050A-1),2017123010050A78391,,1,,61,"12-16周,11-15周,11-15周,10-15周,11-15周",0,鼓楼医院3,"11-15周 周三 第1节-第2节 教204,11-15周 周五 第3节-第4节 教204,10-15周 周二 第3节-第4节 教204,12-16周 周一 第1节-第2节 教204,11-15周 周四 第1节-第2节 教204",4.0,医学院,否,理论+实践课程,"周一,周三,周四,周二,周五",2017-2018-1,,2017123010050A78391,2015医学院临床医学（5+3）,0,鼓楼校区,2017-2018学年 第1学期,78391,"教204,教204,教204,教204,教204",0.0,否,,5,60,,36,0,外科学,1,"第1节-第2节,第1节-第2节,第1节-第2节,第3节-第4节,第3节-第4节",教学楼,23010050A
64.0,400230,外科学(20171-23010050B-1),2017123010050B78360,,1,,84,"1-4周,6-13周,1-4周,6-11周",0,鼓楼医院,"1-4周,6-11周 周三 第1节-第2节 教207,1-4周,6-13周 周一 第3节-第4节 教207",4.0,医学院,否,理论+实践课程,"周一,周三",2017-2018-1,,2017123010050B78360,2013医学院临床医学,0,鼓楼校区,2017-2018学年 第1学期,78360,"教207,教207",0.0,否,,5,52,,44,0,外科学,1,"第3节-第4节,第1节-第2节",教学楼,23010050B
64.0,400230,内科学(20171-23010061A-1),2017123010061A78393,,1,,63,"10-17周,12-15周,16-17周,11-16周,13-16周,11-15周,16周",0,鼓楼医院3,"11-15周 周五 第1节-第2节 教204,16周 周五 第3节-第4节 教204,16-17周 周二 第3节-第4节 教204,13-16周 周四 第3节-第4节 教204,11-16周 周三 第3节-第4节 教204,10-17周 周一 第3节-第4节 教204,12-15周 周二 第1节-第2节 教204",4.0,医学院,否,理论+实践课程,"周一,周二,周二,周三,周四,周五,周五",2017-2018-1,,2017123010061A78393,2015医学院临床医学（5+3）,0,鼓楼校区,2017-2018学年 第1学期,78393,"教204,教204,教204,教204,教204,教204,教204",0.0,否,,5,46,,34,0,内科学,1,"第3节-第4节,第1节-第2节,第3节-第4节,第3节-第4节,第3节-第4节,第1节-第2节,第3节-第4节",教学楼,23010061A
64.0,400230,内科学(20171-23010061B-1),2017123010061B78361,,1,,84,"2-4周,6-13周,1-4周,6-8周,10-12周,14周,1周,15周",0,鼓楼医院,"1-4周,6-8周,10-12周 周四 第1节-第2节 教207,1周 周二 第5节-第6节 教207,14周 周三 第3节-第4节 教207,15周 周五 第1节-第2节 教207,2-4周,6-13周 周二 第1节-第2节 教207",4.0,医学院,否,理论+实践课程,"周二,周四,周三,周二,周五",2017-2018-1,,2017123010061B78361,2013医学院临床医学,0,鼓楼校区,2017-2018学年 第1学期,78361,"教207,教207,教207,教207,教207",0.0,否,,5,52,,44,0,内科学,1,"第1节-第2节,第1节-第2节,第3节-第4节,第5节-第6节,第1节-第2节",教学楼,23010061B
40.0,400230,神经病学(20171-23010090-1),201712301009078362,,1,,84,"1-4周,6-8周,10-14周",0,鼓楼医院,"1-4周,6-8周,10-14周 周五 第1节-第2节 教207",2.5,医学院,否,理论+实践课程,周五,2017-2018-1,,201712301009078362,2013医学院临床医学,0,鼓楼校区,2017-2018学年 第1学期,78362,教207,0.0,否,,5,24,,24,0,神经病学,1,第1节-第2节,教学楼,23010090
32.0,400230,临床药理学(20171-23010140-1),201712301014078364,,1,,84,"1-4周,6-8周,10-17周",0,鼓楼医院,"1-4周,6-8周,10-17周 周五 第3节-第4节 教207",2.0,医学院,否,理论+实践课程,周五,2017-2018-1,,201712301014078364,2013医学院临床医学,0,鼓楼校区,2017-2018学年 第1学期,78364,教207,0.0,否,,5,16,,16,0,临床药理学,1,第3节-第4节,教学楼,23010140
40.0,400230,精神病学(20171-23010200-1),201712301020078365,,1,,84,"2-4周,6-13周,1周",0,鼓楼医院,"2-4周,6-13周 周二 第3节-第4节 教207,1周 周三 第5节-第6节 教207",2.5,医学院,否,理论+实践课程,"周二,周三",2017-2018-1,,201712301020078365,2013医学院临床医学,0,鼓楼校区,2017-2018学年 第1学期,78365,"教207,教207",0.0,否,,5,26,,6,0,精神病学,1,"第3节-第4节,第5节-第6节",教学楼,23010200
40.0,400230,耳鼻喉科学(20171-23010230-1),201712301023078363,,1,,84,"1-4周,6-8周,10-15周,12-14周",0,鼓楼医院,"12-14周 周三 第1节-第2节 教207,1-4周,6-8周,10-15周 周四 第3节-第4节 教207",2.5,医学院,否,理论+实践课程,"周四,周三",2017-2018-1,,201712301023078363,2013医学院临床医学,0,鼓楼校区,2017-2018学年 第1学期,78363,"教207,教207",0.0,否,,5,38,,10,0,耳鼻喉科学,1,"第3节-第4节,第1节-第2节",教学楼,23010230
40.0,400230,中医学(20171-23010320-1),201712301032078366,,1,,84,"1-4周,6-13周",0,鼓楼医院,"1-4周,6-13周 周三 第3节-第4节 教207",2.5,医学院,否,理论+实践课程,周三,2017-2018-1,,201712301032078366,2013医学院临床医学,0,鼓楼校区,2017-2018学年 第1学期,78366,教207,0.0,否,,5,24,,24,0,中医学,1,第3节-第4节,教学楼,23010320
48.0,400230,头颈局部解剖学(20171-23020010-1),201712302001078322,,1,,10,1-18周,0,雷浪,1-18周 自由时间 - ,3.0,医学院,否,理论+实践课程,自由时间,2017-2018-1,,201712302001078322,2015医学院口腔医学（5+3）,0,鼓楼校区,2017-2018学年 第1学期,78322,自由地点,0.0,否,,5,20,,28,0,头颈局部解剖学,,自由时间,,23020010
32.0,400230,牙体解剖及口腔生理学(20171-23020020-1),201712302002078323,,1,,10,1-18周,0,雷浪,1-18周 自由时间 - ,2.0,医学院,否,理论+实践课程,自由时间,2017-2018-1,,201712302002078323,2015医学院口腔医学（5+3）,0,鼓楼校区,2017-2018学年 第1学期,78323,自由地点,0.0,否,,5,20,,12,0,牙体解剖及口腔生理学,,自由时间,,23020020
32.0,400230,口腔组织病理学（上）(20171-23020030A-1),2017123020030A78324,,1,,10,1-18周,0,雷浪,1-18周 自由时间 - ,2.0,医学院,否,理论+实践课程,自由时间,2017-2018-1,,2017123020030A78324,2015医学院口腔医学（5+3）,0,鼓楼校区,2017-2018学年 第1学期,78324,自由地点,0.0,否,,5,16,,16,0,口腔组织病理学（上）,,自由时间,,23020030A
32.0,400230,口腔组织病理学（下）(20171-23020030B-1),2017123020030B78319,,1,,24,1-18周,0,雷浪,1-18周 自由时间 - ,2.0,医学院,否,理论+实践课程,自由时间,2017-2018-1,,2017123020030B78319,2014医学院口腔医学,0,鼓楼校区,2017-2018学年 第1学期,78319,自由地点,0.0,否,,5,16,,16,0,口腔组织病理学（下）,,自由时间,,23020030B
32.0,400230,口腔影像诊断学(20171-23020050-1),201712302005078310,,1,,13,1-18周,0,雷浪,1-18周 自由时间 - ,2.0,医学院,否,理论+实践课程,自由时间,2017-2018-1,,201712302005078310,2013医学院口腔医学,0,鼓楼校区,2017-2018学年 第1学期,78310,自由地点,0.0,否,,5,24,,8,0,口腔影像诊断学,,自由时间,,23020050
32.0,400230,口腔材料学(20171-23020060-1),201712302006078320,,1,,24,1-18周,0,雷浪,1-18周 自由时间 - ,2.0,医学院,否,理论+实践课程,自由时间,2017-2018-1,,201712302006078320,2014医学院口腔医学,0,鼓楼校区,2017-2018学年 第1学期,78320,自由地点,0.0,否,,5,20,,12,0,口腔材料学,,自由时间,,23020060
32.0,400230,口腔预防医学(20171-23020070-1),201712302007078311,,1,,13,1-18周,0,雷浪,1-18周 自由时间 - ,2.0,医学院,否,理论+实践课程,自由时间,2017-2018-1,,201712302007078311,2013医学院口腔医学,0,鼓楼校区,2017-2018学年 第1学期,78311,自由地点,0.0,否,,5,24,,24,0,口腔预防医学,,自由时间,,23020070
96.0,400230,口腔颌面外科学(20171-23020090B-1),2017123020090B78312,,1,,13,1-18周,0,雷浪,1-18周 自由时间 - ,6.0,医学院,否,理论+实践+实验课程,自由时间,2017-2018-1,,2017123020090B78312,2013医学院口腔医学,0,鼓楼校区,2017-2018学年 第1学期,78312,自由地点,24.0,否,,7,36,,36,0,口腔颌面外科学,,自由时间,,23020090B
48.0,400230,诊断学(20171-23020100-1),201712302010078378,,1,,24,"1-4周,6-11周",0,鼓楼医院2,"1-4周,6-11周 自由时间 - ",3.0,医学院,否,理论+实践课程,自由时间,2017-2018-1,,201712302010078378,2014医学院口腔医学,0,鼓楼校区,2017-2018学年 第1学期,78378,自由地点,0.0,否,,5,48,,16,0,诊断学,,自由时间,,23020100
48.0,400230,诊断学(20171-23020100-1),201712302010078394,,1,,10,1-18周,0,鼓楼医院3,1-18周 自由时间 - ,3.0,医学院,否,理论+实践课程,自由时间,2017-2018-1,,201712302010078394,2015医学院口腔医学（5+3）,0,鼓楼校区,2017-2018学年 第1学期,78394,自由地点,0.0,否,,5,48,,16,0,诊断学,,自由时间,,23020100
96.0,400230,口腔修复学（二）(20171-23020110B-1),2017123020110B78313,,1,,13,1-18周,0,雷浪,1-18周 自由时间 - ,6.0,医学院,否,理论+实践课程,自由时间,2017-2018-1,,2017123020110B78313,2013医学院口腔医学,0,鼓楼校区,2017-2018学年 第1学期,78313,自由地点,0.0,否,,5,50,,46,0,口腔修复学（二）,,自由时间,,23020110B
32.0,400230,儿童口腔医学(20171-23020120-1),201712302012078314,,1,,13,1-18周,0,雷浪,1-18周 自由时间 - ,2.0,医学院,否,理论+实践课程,自由时间,2017-2018-1,,201712302012078314,2013医学院口腔医学,0,鼓楼校区,2017-2018学年 第1学期,78314,自由地点,0.0,否,,5,16,,16,0,儿童口腔医学,,自由时间,,23020120
48.0,400230,口腔正畸学(20171-23020130-1),201712302013078315,,1,,13,1-18周,0,雷浪,1-18周 自由时间 - ,3.0,医学院,否,理论+实践课程,自由时间,2017-2018-1,,201712302013078315,2013医学院口腔医学,0,鼓楼校区,2017-2018学年 第1学期,78315,自由地点,0.0,否,,5,32,,32,0,口腔正畸学,,自由时间,,23020130
32.0,400230,口腔临床医患沟通(20171-23020380-1),201712302038078321,,1,,23,1-18周,0,雷浪,1-18周 自由时间 - ,2.0,医学院,否,,自由时间,2017-2018-1,,201712302038078321,2014医学院口腔医学,0,鼓楼校区,2017-2018学年 第1学期,78321,自由地点,,否,,,,,,0,口腔临床医患沟通,,自由时间,,23020380
16.0,400230,耳鼻咽喉科学(20171-23020390-1),201712302039078309,,1,,13,1-18周,0,雷浪,1-18周 自由时间 - ,1.0,医学院,否,理论+实践课程,自由时间,2017-2018-1,,201712302039078309,2013医学院口腔医学,0,鼓楼校区,2017-2018学年 第1学期,78309,自由地点,0.0,否,,5,8,,8,0,耳鼻咽喉科学,,自由时间,,23020390
32.0,400230,牙周病学(20171-23020420-1),201712302042078316,,1,,13,1-18周,0,雷浪,1-18周 自由时间 - ,2.0,医学院,否,理论+实践课程,自由时间,2017-2018-1,,201712302042078316,2013医学院口腔医学,0,鼓楼校区,2017-2018学年 第1学期,78316,自由地点,0.0,否,,5,28,,20,0,牙周病学,,自由时间,,23020420
16.0,400230,口腔黏膜病学(20171-23020430-1),201712302043078317,,1,,13,1-18周,0,雷浪,1-18周 自由时间 - ,1.0,医学院,否,理论+实践课程,自由时间,2017-2018-1,,201712302043078317,2013医学院口腔医学,0,鼓楼校区,2017-2018学年 第1学期,78317,自由地点,0.0,否,,5,12,,4,0,口腔黏膜病学,,自由时间,,23020430
40.0,400230,牙体牙髓病学（下）(20171-23020470-1),201712302047078318,,1,,13,1-18周,0,雷浪,1-18周 自由时间 - ,2.5,医学院,否,理论+实践课程,自由时间,2017-2018-1,,201712302047078318,2013医学院口腔医学,0,鼓楼校区,2017-2018学年 第1学期,78318,自由地点,0.0,否,,5,26,,38,0,牙体牙髓病学（下）,,自由时间,,23020470
32.0,400250,名师导学(20171-24000010-1),201712400001077837,,3,,216,1-18周,0,,1-18周 周三 第5节-第6节 ,2.0,匡亚明学院,否,理论类课程,周三,2017-2018-1,,201712400001077837,2016匡亚明学院理科强化班,0,仙林校区,2017-2018学年 第1学期,77837,潘琦楼C-405,0.0,否,,1,32,,0,0,名师导学,,第5节-第6节,,24000010
64.0,400250,大学物理（下）(20171-24020010B-1),2017124020010B77815,,3,,82,"1-18周,1-18周",0,肖明文,"1-18周 周五 第5节-第6节 逸B-105,1-18周 周二 第5节-第7节 仙Ⅱ-122",4.0,匡亚明学院,否,理论类课程,"周二,周五",2017-2018-1,,2017124020010B77815,2016匡亚明学院理科强化班,0,仙林校区,2017-2018学年 第1学期,77815,"仙Ⅱ-122,逸B-105",0.0,否,,1,80,,0,0,大学物理（下）,"12,16","第5节-第7节,第5节-第6节","仙II区, 逸夫楼B区",24020010B
64.0,400250,大学物理（下）(20171-24020010B-2),2017124020010B77816,,3,,147,"1-18周,1-18周",0,许望,"1-18周 周五 第5节-第6节 逸B-101,1-18周 周二 第5节-第7节 仙Ⅱ-207",4.0,匡亚明学院,否,理论类课程,"周二,周五",2017-2018-1,,2017124020010B77816,,0,仙林校区,2017-2018学年 第1学期,77816,"仙Ⅱ-207,逸B-101",0.0,否,,1,80,,0,0,大学物理（下）,"12,16","第5节-第7节,第5节-第6节","仙II区, 逸夫楼B区",24020010B
64.0,400250,理论物理(20171-24020020-1),201712402002077747,,3,,23,"1-18周,1-18周",0,许望,"1-18周 周四 第1节-第2节 仙Ⅰ-214,1-18周 周一 第5节-第6节 仙Ⅰ-214",4.0,匡亚明学院,否,理论类课程,"周一,周四",2017-2018-1,,201712402002077747,2015匡亚明学院理科强化班,0,仙林校区,2017-2018学年 第1学期,77747,"仙Ⅰ-214,仙Ⅰ-214",0.0,否,,1,64,,0,0,理论物理,11,"第5节-第6节,第1节-第2节",仙I区,24020020
16.0,400250,基础学科前沿研究(20171-24020040-1),201712402004077987,,3,,183,,0,, 自由时间 - ,1.0,匡亚明学院,否,理论类课程,自由时间,2017-2018-1,,201712402004077987,"2015匡亚明学院理科强化班,2016匡亚明学院理科强化班",0,仙林校区,2017-2018学年 第1学期,77987,仙2-122,0.0,否,,1,40,,0,0,基础学科前沿研究,,自由时间,,24020040
48.0,400250,电动力学(20171-24020070-1),201712402007077746,,3,,32,1-18周,0,张小鹏,1-18周 周二 第5节-第7节 仙Ⅱ-111,3.0,匡亚明学院,否,理论类课程,周二,2017-2018-1,,201712402007077746,"2015地球科学与工程学院地质学（地球物理学方向）,2015匡亚明学院理科强化班",0,仙林校区,2017-2018学年 第1学期,77746,仙Ⅱ-111,0.0,否,,1,48,,0,0,电动力学,12,第5节-第7节,仙II区,24020070
48.0,400250,计算材料学(20171-24020150-1),201712402015077838,,3,,20,"2-18周,2-18周(双)",0,陈爽,"2-18周 周一 第9节-第10节 ,2-18周(双) 周四 第9节-第10节 ",3.0,匡亚明学院,否,理论+实验课程,"周一,周四",2017-2018-1,,201712402015077838,"2015匡亚明学院理科强化班,2016匡亚明学院理科强化班",0,仙林校区,2017-2018学年 第1学期,77838,"潘琦楼C-203,潘琦楼C-203",24.0,否,,6,24,,0,0,计算材料学,,"第9节-第10节,第9节-第10节",,24020150
32.0,400250,现代仪器分析(20171-24030010-1),201712403001077912,,1,,3,1-18周,0,,1-18周 自由时间 - ,2.0,匡亚明学院,否,实验类课程,自由时间,2017-2018-1,,201712403001077912,2015匡亚明学院理科强化班,0,鼓楼校区,2017-2018学年 第1学期,77912,鼓楼校区分析中心实验室,32.0,否,,2,0,,0,0,现代仪器分析,,自由时间,,24030010
64.0,400270,计算系统基础(20171-25000010-1),201712500001077626,,3,,133,"4-18周,4-18周,4-18周,4-18周",0,王浩然,"4-18周 周二 第3节-第4节 仙Ⅱ-503,4-18周 周一 第9节-第11节 ,4-18周 周五 第7节-第8节 ,4-18周 周四 第5节-第6节 仙Ⅱ-403",4.0,软件学院,否,理论+实验课程,"周二,周四,周一,周五",2017-2018-1,,201712500001077626,2017软件学院软件工程,0,仙林校区,2017-2018学年 第1学期,77626,"仙Ⅱ-503,仙Ⅱ-403,仙林基础实验楼乙区503,仙林基础实验楼乙区503",32.0,否,,6,64,,0,0,计算系统基础,12,"第3节-第4节,第5节-第6节,第9节-第11节,第7节-第8节",仙II区,25000010
64.0,400270,计算系统基础(20171-25000010-2),201712500001077627,,3,,134,"4-18周,4-18周,4-18周,4-18周,4-18周(双)",0,王浩然,"4-18周 周四 第3节-第4节 仙Ⅱ-503,4-18周(双) 周四 第7节-第8节 ,4-18周 周二 第7节-第8节 ,4-18周 周三 第5节-第6节 ,4-18周 周二 第5节-第6节 仙Ⅱ-505",4.0,软件学院,否,理论+实验课程,"周二,周四,周二,周三,周四",2017-2018-1,,201712500001077627,2017软件学院软件工程,0,仙林校区,2017-2018学年 第1学期,77627,"仙Ⅱ-505,仙Ⅱ-503,仙林基础实验楼乙区503,仙林基础实验楼乙区503,仙林基础实验楼乙区503",32.0,否,,6,64,,0,0,计算系统基础,12,"第5节-第6节,第3节-第4节,第7节-第8节,第5节-第6节,第7节-第8节",仙II区,25000010
48.0,400270,数据结构与算法(20171-25000060-1),201712500006077614,,3,,130,"1-17周(单),1-18周,2-18周(双),1-18周",0,伏晓,"1-18周 周五 第5节-第6节 ,2-18周(双) 周一 第7节-第8节 ,1-18周 周五 第7节-第8节 仙Ⅱ-303,1-17周(单) 周一 第5节-第6节 仙Ⅱ-403",3.0,软件学院,否,理论+实验课程,"周一,周五,周一,周五",2017-2018-1,,201712500006077614,2016软件学院软件工程,0,仙林校区,2017-2018学年 第1学期,77614,"仙Ⅱ-403,仙Ⅱ-303,仙林基础实验楼乙区503,仙林基础实验楼乙区503",32.0,否,,6,48,,0,0,数据结构与算法,12,"第5节-第6节,第7节-第8节,第7节-第8节,第5节-第6节",仙II区,25000060
48.0,400270,数据结构与算法(20171-25000060-2),201712500006077615,,3,,122,"1-17周(单),1-18周,2-18周(双),1-18周",0,伏晓,"1-18周 周五 第3节-第4节 ,1-17周(单) 周一 第7节-第8节 仙Ⅱ-403,2-18周(双) 周一 第5节-第6节 ,1-18周 周五 第5节-第6节 仙Ⅱ-303",3.0,软件学院,否,理论+实验课程,"周一,周五,周一,周五",2017-2018-1,,201712500006077615,2016软件学院软件工程,0,仙林校区,2017-2018学年 第1学期,77615,"仙Ⅱ-403,仙Ⅱ-303,仙林基础实验楼乙区503,仙林基础实验楼乙区503",32.0,否,,6,48,,0,0,数据结构与算法,12,"第7节-第8节,第5节-第6节,第5节-第6节,第3节-第4节",仙II区,25000060
48.0,400270,软件构造(20171-25000080-1),201712500008077481,,1,,109,"1-13周,1-13周(单)",0,"潘敏学,冯桂焕","1-13周(单) 周五 第1节-第2节 教202,1-13周 周三 第3节-第4节 教201",3.0,软件学院,否,理论类课程,"周三,周五",2017-2018-1,,201712500008077481,2015软件学院软件工程,0,鼓楼校区,2017-2018学年 第1学期,77481,"教201,教202",0.0,否,,1,48,,32,0,软件构造,1,"第3节-第4节,第1节-第2节",教学楼,25000080
48.0,400270,软件构造(20171-25000080-2),201712500008077482,,1,,114,"1-13周,1-13周(单)",0,"潘敏学,冯桂焕","1-13周 周三 第1节-第2节 教201,1-13周(单) 周五 第3节-第4节 教202",3.0,软件学院,否,理论类课程,"周三,周五",2017-2018-1,,201712500008077482,2015软件学院软件工程,0,鼓楼校区,2017-2018学年 第1学期,77482,"教201,教202",0.0,否,,1,48,,32,0,软件构造,1,"第1节-第2节,第3节-第4节",教学楼,25000080
48.0,400270,软件需求工程(20171-25000090-1),201712500009077479,,1,,101,"1-13周,2-12周(双)",0,匡宏宇,"1-13周 周三 第1节-第2节 教202,2-12周(双) 周五 第3节-第4节 教202",3.0,软件学院,否,理论+实验课程,"周三,周五",2017-2018-1,,201712500009077479,2015软件学院软件工程,0,鼓楼校区,2017-2018学年 第1学期,77479,"教202,教202",32.0,否,,6,48,,0,0,需求与商业模式创新,1,"第1节-第2节,第3节-第4节",教学楼,25000090
48.0,400270,软件需求工程(20171-25000090-2),201712500009077480,,1,,110,"1-13周,2-12周(双)",0,匡宏宇,"2-12周(双) 周五 第1节-第2节 教202,1-13周 周三 第3节-第4节 教202",3.0,软件学院,否,理论+实验课程,"周三,周五",2017-2018-1,,201712500009077480,2015软件学院软件工程,0,鼓楼校区,2017-2018学年 第1学期,77480,"教202,教202",32.0,否,,6,48,,0,0,需求与商业模式创新,1,"第3节-第4节,第1节-第2节",教学楼,25000090
48.0,400270,软件系统设计与体系结构(20171-25000110-1),2017125000110-77493,,1,,0,,0,,,3.0,软件学院,否,理论类课程,,2017-2018-1,,2017125000110-77493,,0,鼓楼校区,2017-2018学年 第1学期,-77493,,0.0,否,,1,48,,0,0,软件系统设计,,,,25000110
48.0,400270,软件系统设计与体系结构(20171-25000110-2),2017125000110-77494,,1,,0,,0,,,3.0,软件学院,否,理论类课程,,2017-2018-1,,2017125000110-77494,,0,鼓楼校区,2017-2018学年 第1学期,-77494,,0.0,否,,1,48,,0,0,软件系统设计,,,,25000110
48.0,400270,软件系统设计与体系结构(20171-25000110-1),201712500011077493,,1,,106,"15-17周(单),14-18周",0,张贺,"14-18周 周四 第3节-第4节 教201,15-17周(单) 周二 第3节-第4节 教201",3.0,软件学院,否,理论类课程,"周二,周四",2017-2018-1,,201712500011077493,2015软件学院软件工程,0,鼓楼校区,2017-2018学年 第1学期,77493,"教201,教201",0.0,否,,1,48,,0,0,软件系统设计,1,"第3节-第4节,第3节-第4节",教学楼,25000110
48.0,400270,软件系统设计与体系结构(20171-25000110-2),201712500011077494,,1,,112,"15-17周(单),14-18周",0,汤恩义,"14-18周 周四 第3节-第4节 教202,15-17周(单) 周二 第3节-第4节 教202",3.0,软件学院,否,理论类课程,"周二,周四",2017-2018-1,,201712500011077494,2015软件学院软件工程,0,鼓楼校区,2017-2018学年 第1学期,77494,"教202,教202",0.0,否,,1,48,,0,0,软件系统设计,1,"第3节-第4节,第3节-第4节",教学楼,25000110
32.0,400270,软件过程与管理(20171-25000130-1),201712500013077452,,1,,211,"1-13周,2-12周(双)",0,荣国平,"1-13周 周一 第5节-第6节 教222,2-12周(双) 周三 第5节-第6节 教222",2.0,软件学院,否,理论类课程,"周一,周三",2017-2018-1,,201712500013077452,2014软件学院软件工程,0,鼓楼校区,2017-2018学年 第1学期,77452,"教222,教222",0.0,否,,1,32,,0,0,软件过程与管理,1,"第5节-第6节,第5节-第6节",教学楼,25000130
16.0,400270,基于PSP的软件实训(20171-25000140-1),201712500014078337,,3,,236,1-18周,0,荣国平,1-18周 自由时间 第1节-第2节 ,1.0,软件学院,否,,自由时间,2017-2018-1,,201712500014078337,2016软件学院软件工程,0,仙林校区,2017-2018学年 第1学期,78337,仙2-207,,否,,,,,,0,基于PSP的软件实训,,第1节-第2节,,25000140
48.0,400270,C++高级程序设计(20171-25000250-1),201712500025077619,,3,,137,"1-18周,2-18周(双),1-18周",0,"潘敏学,郑滔","1-18周 周二 第1节-第2节 仙Ⅱ-303,1-18周 周五 第9节-第11节 ,2-18周(双) 周四 第3节-第4节 仙Ⅰ-320",3.0,软件学院,否,理论+实验课程,"周二,周四,周五",2017-2018-1,,201712500025077619,2016软件学院软件工程,0,仙林校区,2017-2018学年 第1学期,77619,"仙Ⅱ-303,仙Ⅰ-320,仙林基础实验楼乙区503",32.0,否,,6,48,,0,0,C++高级程序设计,"11,12","第1节-第2节,第3节-第4节,第9节-第11节","仙I区, 仙II区",25000250
48.0,400270,C++高级程序设计(20171-25000250-2),201712500025077620,,3,,129,"1-18周,2-18周(双),1-18周",0,"潘敏学,郑滔","2-18周(双) 周四 第1节-第2节 仙Ⅱ-304,1-18周 周三 第9节-第11节 ,1-18周 周二 第3节-第4节 仙Ⅱ-305",3.0,软件学院,否,理论+实验课程,"周二,周四,周三",2017-2018-1,,201712500025077620,2016软件学院软件工程,0,仙林校区,2017-2018学年 第1学期,77620,"仙Ⅱ-305,仙Ⅱ-304,仙林基础实验楼乙区503",32.0,否,,6,48,,0,0,C++高级程序设计,12,"第3节-第4节,第1节-第2节,第9节-第11节",仙II区,25000250
48.0,400270,软件工程与计算 II(20171-25000320-1),201712500032077616,,3,,121,"1-18周,1-18周,1-18周",0,"翟娟,刘钦","1-18周 周二 第3节-第4节 仙Ⅱ-303,1-18周 周二 第9节-第11节 ,1-18周 周四 第5节-第6节 仙Ⅱ-303",3.0,软件学院,否,理论类课程,"周二,周四,周二",2017-2018-1,,201712500032077616,2016软件学院软件工程,0,仙林校区,2017-2018学年 第1学期,77616,"仙Ⅱ-303,仙Ⅱ-303,仙林基础实验楼乙区503",0.0,否,,1,48,,0,0,软件工程与计算 II,12,"第3节-第4节,第5节-第6节,第9节-第11节",仙II区,25000320
48.0,400270,软件工程与计算 II(20171-25000320-2),201712500032077617,,3,,121,"1-18周,1-18周,1-18周",0,"翟娟,刘钦","1-18周 周四 第3节-第4节 仙Ⅱ-403,1-18周 周四 第9节-第11节 ,1-18周 周二 第5节-第6节 仙Ⅱ-403",3.0,软件学院,否,理论类课程,"周二,周四,周四",2017-2018-1,,201712500032077617,2016软件学院软件工程,0,仙林校区,2017-2018学年 第1学期,77617,"仙Ⅱ-403,仙Ⅱ-403,仙林基础实验楼乙区503",0.0,否,,1,48,,0,0,软件工程与计算 II,12,"第5节-第6节,第3节-第4节,第9节-第11节",仙II区,25000320
48.0,400270,离散数学(20171-25000050-1),201712500040077651,,3,,135,4-18周,0,陈道蓄,4-18周 周二 第5节-第7节 仙Ⅱ-504,3.0,软件学院,否,理论类课程,周二,2017-2018-1,,201712500040077651,2017软件学院软件工程,0,仙林校区,2017-2018学年 第1学期,77651,仙Ⅱ-504,0.0,否,,1,48,,0,0,离散数学,12,第5节-第7节,仙II区,25000400
48.0,400270,离散数学(20171-25000050-2),201712500040077652,,3,,132,4-18周,0,马晓星,4-18周 周二 第1节-第3节 仙Ⅰ-320,3.0,软件学院,否,理论类课程,周二,2017-2018-1,,201712500040077652,2017软件学院软件工程,0,仙林校区,2017-2018学年 第1学期,77652,仙Ⅰ-320,0.0,否,,1,48,,0,0,离散数学,11,第1节-第3节,仙I区,25000400
48.0,400270,J2EE与中间件(20171-25010350-1),201712501035077497,,1,,189,"15-17周(单),14-18周",0,王浩然,"14-18周 周三 第3节-第4节 教201,15-17周(单) 周一 第3节-第4节 教213",3.0,软件学院,否,理论类课程,"周一,周三",2017-2018-1,,201712501035077497,2015软件学院软件工程,0,鼓楼校区,2017-2018学年 第1学期,77497,"教213,教201",0.0,否,,1,48,,0,0,J2EE与中间件,1,"第3节-第4节,第3节-第4节",教学楼,25010350
48.0,400270,.NET程序设计(20171-25010360-1),2017125010360-77498,,1,,0,,0,,,3.0,软件学院,否,理论类课程,,2017-2018-1,,2017125010360-77498,,0,鼓楼校区,2017-2018学年 第1学期,-77498,,0.0,否,,1,48,,0,0,.NET程序设计,,,,25010360
48.0,400270,.NET程序设计(20171-25010360-1),201712501036077498,,1,,32,"14-18周(双),14-18周",0,张瑾玉,"14-18周(双) 周一 第3节-第4节 教213,14-18周 周四 第5节-第6节 教201",3.0,软件学院,否,理论类课程,"周一,周四",2017-2018-1,,201712501036077498,2015软件学院软件工程,0,鼓楼校区,2017-2018学年 第1学期,77498,"教213,教201",0.0,否,,1,48,,0,0,.NET程序设计,1,"第3节-第4节,第5节-第6节",教学楼,25010360
48.0,400270,Linux系统基础(20171-25010370-1),201712501037077492,,1,,195,"1-13周(单),1-13周",0,曾生,"1-13周(单) 周二 第1节-第2节 教201,1-13周 周四 第5节-第6节 教201",3.0,软件学院,否,理论类课程,"周二,周四",2017-2018-1,,201712501037077492,2015软件学院软件工程,0,鼓楼校区,2017-2018学年 第1学期,77492,"教201,教201",0.0,否,,1,48,,0,0,Linux系统基础,1,"第1节-第2节,第5节-第6节",教学楼,25010370
48.0,400270,编译原理(20171-25010380-1),201712501038077489,,1,,194,1-13周,0,翟玉庆,1-13周 周一 第5节-第7节 教102,3.0,软件学院,否,理论类课程,周一,2017-2018-1,,201712501038077489,2015软件学院软件工程,0,鼓楼校区,2017-2018学年 第1学期,77489,教102,0.0,否,,1,48,,0,0,编译原理,1,第5节-第7节,教学楼,25010380
48.0,400270,Linux程序设计(20171-25010390-1),2017125010390-77495,,1,,0,,0,,,3.0,软件学院,否,理论类课程,,2017-2018-1,,2017125010390-77495,,0,鼓楼校区,2017-2018学年 第1学期,-77495,,0.0,否,,1,48,,0,0,Linux程序设计,,,,25010390
48.0,400270,Linux程序设计(20171-25010390-1),201712501039077495,,1,,210,"15-17周(单),14-18周",0,汤恩义,"14-18周 周五 第5节-第6节 教213,15-17周(单) 周三 第5节-第6节 教213",3.0,软件学院,否,理论类课程,"周三,周五",2017-2018-1,,201712501039077495,2015软件学院软件工程,0,鼓楼校区,2017-2018学年 第1学期,77495,"教213,教213",0.0,否,,1,48,,0,0,Linux程序设计,1,"第5节-第6节,第5节-第6节",教学楼,25010390
48.0,400270,嵌入式系统概论(20171-25010410-1),201712501041077484,,1,,178,"1-13周,1-13周(单)",0,刘海涛,"1-13周(单) 周四 第3节-第4节 教201,1-13周 周二 第5节-第6节 教201",3.0,软件学院,否,理论+实验课程,"周二,周四",2017-2018-1,,201712501041077484,2015软件学院软件工程,0,鼓楼校区,2017-2018学年 第1学期,77484,"教201,教201",24.0,否,,6,40,,0,0,嵌入式系统概论,1,"第5节-第6节,第3节-第4节",教学楼,25010410
48.0,400270,面向Web的计算(20171-25010500-1),201712501050077486,,1,,153,"1-13周,2-12周(双)",0,刘海涛,"1-13周 周三 第5节-第6节 教213,2-12周(双) 周五 第5节-第6节 教213",3.0,软件学院,否,理论+实验课程,"周三,周五",2017-2018-1,,201712501050077486,2015软件学院软件工程,0,鼓楼校区,2017-2018学年 第1学期,77486,"教213,教213",16.0,否,,6,32,,0,0,面向Web的计算,1,"第5节-第6节,第5节-第6节",教学楼,25010500
48.0,400270,电子商务(20171-25010530-1),201712501053077499,,1,,184,"14-18周,14-18周(双)",0,王金庆,"14-18周 周一 第1节-第2节 教202,14-18周(双) 周五 第1节-第2节 教202",3.0,软件学院,否,理论类课程,"周一,周五",2017-2018-1,,201712501053077499,2015软件学院软件工程,0,鼓楼校区,2017-2018学年 第1学期,77499,"教202,教202",0.0,否,,1,48,,0,0,电子商务,1,"第1节-第2节,第1节-第2节",教学楼,25010530
48.0,400270,服务计算与SOA开发(20171-25010570-1),2017125010570-77496,,1,,0,,0,,,3.0,软件学院,否,理论类课程,,2017-2018-1,,2017125010570-77496,,0,鼓楼校区,2017-2018学年 第1学期,-77496,,0.0,否,,1,48,,0,0,服务计算与SOA开发,,,,25010570
48.0,400270,服务计算与SOA开发(20171-25010570-1),201712501057077496,,1,,58,"14-18周(双),14-18周",0,贝佳,"14-18周 周五 第3节-第4节 教202,14-18周(双) 周二 第5节-第6节 教201",3.0,软件学院,否,理论类课程,"周二,周五",2017-2018-1,,201712501057077496,2015软件学院软件工程,0,鼓楼校区,2017-2018学年 第1学期,77496,"教201,教202",0.0,否,,1,48,,0,0,服务计算与SOA开发,1,"第5节-第6节,第3节-第4节",教学楼,25010570
48.0,400270,数据库开发技术(20171-25010630-1),201712501063077485,,1,,202,"1-13周,2-12周(双)",0,刘嘉,"1-13周 周二 第3节-第4节 教201,2-12周(双) 周四 第3节-第4节 教201",3.0,软件学院,否,理论类课程,"周二,周四",2017-2018-1,,201712501063077485,2015软件学院软件工程,0,鼓楼校区,2017-2018学年 第1学期,77485,"教201,教201",0.0,否,,1,48,,0,0,数据库开发技术,1,"第3节-第4节,第3节-第4节",教学楼,25010630
48.0,400270,计算机图形学(20171-25010710-1),201712501071077478,,1,,36,"2-12周(双),1-13周",0,刘峰,"2-12周(双) 周二 第3节-第4节 教301,1-13周 周四 第5节-第6节 教301",3.0,软件学院,否,理论+实验课程,"周二,周四",2017-2018-1,,201712501071077478,2014软件学院软件工程,0,鼓楼校区,2017-2018学年 第1学期,77478,"教301,教301",0.0,否,,6,24,,24,0,计算机图形学,1,"第3节-第4节,第5节-第6节",教学楼,25010710
48.0,400270,面向服务的软件工程(20171-25010820-1),201712501082077491,,1,,69,"1-13周,1-13周(单)",0,贝佳,"1-13周 周一 第3节-第4节 教213,1-13周(单) 周五 第5节-第6节 教213",3.0,软件学院,否,理论类课程,"周一,周五",2017-2018-1,,201712501082077491,2015软件学院软件工程,0,鼓楼校区,2017-2018学年 第1学期,77491,"教213,教213",0.0,否,,1,48,,0,0,面向服务的软件工程,1,"第3节-第4节,第5节-第6节",教学楼,25010820
32.0,400270,卓越工程师训练营(20171-25020140-1),201712502014078338,,3,,67,1-18周,0,邵栋,1-18周 自由时间 第1节-第2节 ,2.0,软件学院,否,,自由时间,2017-2018-1,,201712502014078338,2015软件学院软件工程,0,仙林校区,2017-2018学年 第1学期,78338,基础实验楼丙区509、522、524,,否,,,,,,0,卓越工程师训练营,,第1节-第2节,,25020140
32.0,400270,SAP VT 基础课程培训(20171-25020200-1),201712502020078339,,3,,12,1-18周,0,徐嘉震,1-18周 自由时间 第1节-第2节 ,2.0,软件学院,否,,自由时间,2017-2018-1,,201712502020078339,2015软件学院软件工程,0,仙林校区,2017-2018学年 第1学期,78339,SAP南京办公室,,否,,,,,,0,SAP VT 基础课程培训,,第1节-第2节,,25020200
48.0,400240,概率论与数理统计(20171-27000010-1),201712700001078165,,3,,34,1-18周,0,徐红利,1-18周 周二 第2节-第4节 仙Ⅱ-319,3.0,工程管理学院,否,理论类课程,周二,2017-2018-1,,201712700001078165,2016工程管理学院自动化,0,仙林校区,2017-2018学年 第1学期,78165,仙Ⅱ-319,0.0,否,,1,48,,0,0,概率论与数理统计,12,第2节-第4节,仙II区,27000010
48.0,400240,概率论与数理统计(20171-27000010-1),201712700001078169,,3,,74,"1-18周,1-17周(单)",0,肖条军,"1-17周(单) 周三 第1节-第2节 仙Ⅰ-202,1-18周 周一 第5节-第6节 仙Ⅰ-115",3.0,工程管理学院,否,理论类课程,"周一,周三",2017-2018-1,,201712700001078169,"2016计算机学院计算机（计算机与金融工程方向）,2016工程管理学院金融工程（计算机与金融工程方向）",0,仙林校区,2017-2018学年 第1学期,78169,"仙Ⅰ-115,仙Ⅰ-202",0.0,否,,1,48,,0,0,概率论与数理统计,11,"第5节-第6节,第1节-第2节",仙I区,27000010
48.0,400240,运筹学(20171-27000020-1),201712700002078170,,3,,61,1-18周,0,徐薇,1-18周 周一 第2节-第4节 仙Ⅰ-104,3.0,工程管理学院,否,理论类课程,周一,2017-2018-1,,201712700002078170,,0,仙林校区,2017-2018学年 第1学期,78170,仙Ⅰ-104,0.0,否,,1,48,,0,0,运筹学,11,第2节-第4节,仙I区,27000020
48.0,400240,运筹学(20171-27000020-1),201712700002078175,,3,,20,1-18周,0,陈彩华,1-18周 周一 第2节-第4节 逸C-405,3.0,工程管理学院,否,理论类课程,周一,2017-2018-1,,201712700002078175,"2016计算机学院计算机（计算机与金融工程方向）,2016工程管理学院金融工程（计算机与金融工程方向）",0,仙林校区,2017-2018学年 第1学期,78175,逸C-405,0.0,否,,1,48,,0,0,运筹学,17,第2节-第4节,逸夫楼C区,27000020
48.0,400240,管理信息系统(20171-27000030-1),201712700003078195,,1,,25,"1-9周,1-9周",0,陈国华,"1-9周 周三 第1节-第2节 教303,1-9周 周一 第3节-第4节 教303",3.0,工程管理学院,否,理论类课程,"周一,周三",2017-2018-1,,201712700003078195,"2014工程管理学院自动化,2014工程管理学院工业工程",0,鼓楼校区,2017-2018学年 第1学期,78195,"教303,教303",0.0,否,,1,48,,0,0,管理信息系统,1,"第3节-第4节,第1节-第2节",教学楼,27000030
32.0,400240,金工实习(20171-27000040-1),201712700004078166,,3,,85,,0,"李民,辛博", 自由时间 - ,2.0,工程管理学院,否,实践类课程,自由时间,2017-2018-1,,201712700004078166,2016工程管理学院自动化,0,仙林校区,2017-2018学年 第1学期,78166,南京理工大学,0.0,否,,3,0,,64,0,金工实习,,自由时间,,27000040
48.0,400240,数据结构(20171-27000050-1),201712700005078172,,3,,54,"1-18周,1-18周",0,罗志兴,"1-18周 周二 第5节-第6节 逸B-307,1-18周 周二 第7节-第8节 ",3.0,工程管理学院,否,,"周二,周二",2017-2018-1,,201712700005078172,,0,仙林校区,2017-2018学年 第1学期,78172,"逸B-307,基础实验楼乙409",,否,,,,,,0,数据结构,16,"第5节-第6节,第7节-第8节",逸夫楼B区,27000050
48.0,400240,数据库原理和应用(20171-27000070-1),201712700007078173,,3,,54,"1-18周,1-18周",0,李迁,"1-18周 周五 第5节-第6节 逸B-307,1-18周 周五 第7节-第8节 ",3.0,工程管理学院,否,,"周五,周五",2017-2018-1,,201712700007078173,,0,仙林校区,2017-2018学年 第1学期,78173,"逸B-307,基础实验楼乙409",,否,,,,,,0,数据库原理和应用,16,"第5节-第6节,第7节-第8节",逸夫楼B区,27000070
32.0,400240,系统工程导论(20171-27000080-1),201712700008078196,,1,,34,"1-9周,1-9周",0,王博,"1-9周 周三 第3节-第4节 教205,1-9周 周一 第5节-第6节 教205",2.0,工程管理学院,否,理论类课程,"周一,周三",2017-2018-1,,201712700008078196,"2014工程管理学院自动化,2014工程管理学院工业工程",0,鼓楼校区,2017-2018学年 第1学期,78196,"教205,教205",0.0,否,,1,32,,0,0,系统工程导论,1,"第5节-第6节,第3节-第4节",教学楼,27000080
32.0,400240,系统、决策与控制导论(20171-27000150-1),201712700015078634,,3,,163,4-18周,0,"周献中,李心丹,刘海飞,周晶",4-18周 周一 第3节-第4节 图书馆127,2.0,工程管理学院,否,理论类课程,周一,2017-2018-1,,201712700015078634,2017*工科试验班*工科试验班,0,仙林校区,2017-2018学年 第1学期,78634,图书馆127,0.0,否,,1,32,,0,0,系统、决策与控制导论,18,第3节-第4节,图书馆,27000150
32.0,400240,系统、决策与控制导论(20171-27000150-2),201712700015078635,,3,,144,4-18周,0,"李心丹,刘海飞,周献中,周晶",4-18周 周一 第5节-第6节 仙Ⅰ-524,2.0,工程管理学院,否,理论类课程,周一,2017-2018-1,,201712700015078635,2017*工科试验班*工科试验班,0,仙林校区,2017-2018学年 第1学期,78635,仙Ⅰ-524,0.0,否,,1,32,,0,0,系统、决策与控制导论,11,第5节-第6节,仙I区,27000150
32.0,400240,工业工程基础(20171-27010030-1),201712701003078171,,3,,50,1-18周,0,周跃进,1-18周 周四 第3节-第4节 逸B-304,2.0,工程管理学院,否,理论类课程,周四,2017-2018-1,,201712701003078171,,0,仙林校区,2017-2018学年 第1学期,78171,逸B-304,0.0,否,,1,32,,0,0,工业工程基础,16,第3节-第4节,逸夫楼B区,27010030
48.0,400240,货币银行学(20171-27010070-1),201712701007078174,,3,,63,1-18周,0,刘海飞,1-18周 周二 第2节-第4节 逸B-304,2.0,工程管理学院,否,理论类课程,周二,2017-2018-1,,201712701007078174,2016工程管理学院金融工程（计算机与金融工程方向）,0,仙林校区,2017-2018学年 第1学期,78174,逸B-304,0.0,否,,1,32,,0,0,货币银行学,16,第2节-第4节,逸夫楼B区,27010070
48.0,400240,公司金融学(20171-27010090-1),201712701009078186,,3,,72,1-18周,0,陈莹,1-18周 周五 第2节-第4节 仙Ⅰ-102,3.0,工程管理学院,否,理论+实践课程,周五,2017-2018-1,,201712701009078186,"2015计算机学院计算机（计算机与金融工程方向）,2015工程管理学院金融工程（计算机与金融工程方向）,2015工程管理学院金融工程,2015工程管理学院工业工程",0,仙林校区,2017-2018学年 第1学期,78186,仙Ⅰ-102,0.0,否,,5,42,,6,0,公司金融学,11,第2节-第4节,仙I区,27010090
32.0,400240,随机过程(20171-27010110I-1),2017127010110I78187,,3,,55,1-18周,0,瞿慧,1-18周 周四 第5节-第6节 仙Ⅱ-115,2.0,工程管理学院,否,理论类课程,周四,2017-2018-1,,2017127010110I78187,"2015计算机学院计算机（计算机与金融工程方向）,2015工程管理学院金融工程（计算机与金融工程方向）,2015工程管理学院金融工程,2015工程管理学院工业工程",0,仙林校区,2017-2018学年 第1学期,78187,仙Ⅱ-115,0.0,否,,1,32,,0,0,随机过程,12,第5节-第6节,仙II区,27010110I
48.0,400240,金融风险管理(20171-27010120-1),201712701012078210,,1,,39,1-18周,0,刘烨,1-18周 周二 第5节-第7节 教303,3.0,工程管理学院,否,理论+实践课程,周二,2017-2018-1,,201712701012078210,"2014工程管理学院工业工程,2014工程管理学院金融工程",0,鼓楼校区,2017-2018学年 第1学期,78210,教303,0.0,否,,5,32,,16,0,金融风险管理,1,第5节-第7节,教学楼,27010120
32.0,400240,供应链库存优化(20171-27010250-1),201712701025078189,,3,,3,,0,, 自由时间 - 自由地点,2.0,工程管理学院,否,理论类课程,自由时间,2017-2018-1,,201712701025078189,"2014工程管理学院工业工程,2015工程管理学院金融工程,2015工程管理学院工业工程,2014工程管理学院金融工程",0,仙林校区,2017-2018学年 第1学期,78189,自由地点,0.0,否,,1,32,,0,0,供应链库存优化,388,自由时间,虚拟区域（仙林）,27010250
32.0,400240,数据驱动的决策理论(20171-27010260-1),201712701026078190,,3,,3,,0,庄峻, 自由时间 - 自由地点,2.0,工程管理学院,否,理论类课程,自由时间,2017-2018-1,,201712701026078190,"2014工程管理学院工业工程,2015工程管理学院金融工程,2015工程管理学院工业工程,2014工程管理学院金融工程",0,仙林校区,2017-2018学年 第1学期,78190,自由地点,0.0,否,,1,32,,0,0,数据驱动的决策理论,388,自由时间,虚拟区域（仙林）,27010260
48.0,400240,模拟电路(20171-27020040-1),201712702004078161,,3,,33,1-18周,0,徐伟弘,1-18周 周二 第5节-第7节 仙Ⅱ-301,4.0,工程管理学院,否,理论+实践课程,周二,2017-2018-1,,201712702004078161,2016工程管理学院自动化,0,仙林校区,2017-2018学年 第1学期,78161,仙Ⅱ-301,32.0,否,,5,48,,0,0,模拟电路,12,第5节-第7节,仙II区,27020040
16.0,400240,模拟电路实验(20171-27020040T-1),2017127020040T78162,,3,,29,1-18周,0,徐伟弘,1-18周 周四 第5节-第6节 ,1.0,工程管理学院,否,实验类课程,周四,2017-2018-1,,2017127020040T78162,2016工程管理学院自动化,0,仙林校区,2017-2018学年 第1学期,78162,基础实验楼乙433,16.0,否,,2,0,,0,0,模拟电路实验,,第5节-第6节,,27020040T
32.0,400240,复变函数与积分变换(20171-27020060-1),201712702006078164,,3,,39,1-18周,0,肖条军,1-18周 周三 第3节-第4节 仙Ⅱ-115,2.0,工程管理学院,否,理论类课程,周三,2017-2018-1,,201712702006078164,2016工程管理学院自动化,0,仙林校区,2017-2018学年 第1学期,78164,仙Ⅱ-115,0.0,否,,1,32,,0,0,复变函数与积分变换,12,第3节-第4节,仙II区,27020060
48.0,400240,微机原理(20171-27020080-1),201712702008078176,,3,,35,"1-9周,1-9周,1-9周,1-9周",0,"辛博,王博","1-9周 周二 第5节-第6节 仙Ⅱ-310,1-9周 周四 第7节-第8节 ,1-9周 周二 第7节-第8节 ,1-9周 周四 第5节-第6节 仙Ⅱ-310",3.0,工程管理学院,否,理论+实验课程,"周二,周四,周二,周四",2017-2018-1,,201712702008078176,2015工程管理学院自动化,0,仙林校区,2017-2018学年 第1学期,78176,"仙Ⅱ-310,仙Ⅱ-310,基础实验楼乙435,基础实验楼乙435",,否,,6,,,,0,微机原理,12,"第5节-第6节,第5节-第6节,第7节-第8节,第7节-第8节",仙II区,27020080
48.0,400240,数据通信与计算机网络(20171-27020100-1),201712702010078179,,3,,38,1-18周,0,陈强,1-18周 周一 第1节-第3节 仙Ⅰ-519,3.0,工程管理学院,否,理论类课程,周一,2017-2018-1,,201712702010078179,2015工程管理学院自动化,0,仙林校区,2017-2018学年 第1学期,78179,仙Ⅰ-519,0.0,否,,1,48,,0,0,数据通信与计算机网络,11,第1节-第3节,仙I区,27020100
48.0,400240,微机接口技术(20171-27020110-1),201712702011078177,,3,,35,"10-18周,10-18周,10-18周,10-18周",0,"辛博,王博","10-18周 周二 第5节-第6节 仙Ⅱ-310,10-18周 周四 第7节-第8节 ,10-18周 周二 第7节-第8节 ,10-18周 周四 第5节-第6节 仙Ⅱ-310",3.0,工程管理学院,否,理论+实验课程,"周二,周四,周二,周四",2017-2018-1,,201712702011078177,2015工程管理学院自动化,0,仙林校区,2017-2018学年 第1学期,78177,"仙Ⅱ-310,仙Ⅱ-310,基础实验楼乙435,基础实验楼乙435",,否,,6,,,,0,微机接口技术,12,"第5节-第6节,第5节-第6节,第7节-第8节,第7节-第8节",仙II区,27020110
16.0,400240,生产实习(20171-27020160-1),201712702016078201,,1,,1,,0,赵佳宝, 自由时间 - 自由地点,1.0,工程管理学院,否,实践类课程,自由时间,2017-2018-1,,201712702016078201,2014工程管理学院自动化,0,鼓楼校区,2017-2018学年 第1学期,78201,自由地点,0.0,否,,3,0,,16,0,生产实习,188,自由时间,虚拟区域（鼓楼）,27020160
16.0,400240,电子技术综合设计(20171-27020180-1),201712702018078182,,3,,6,,0,"辛博,陈强", 自由时间 - 自由地点,1.0,工程管理学院,否,实践类课程,自由时间,2017-2018-1,,201712702018078182,2015工程管理学院自动化,0,仙林校区,2017-2018学年 第1学期,78182,自由地点,0.0,否,,3,0,,32,0,嵌入式系统设计与应用,388,自由时间,虚拟区域（仙林）,27020180
32.0,400240,工程经济学(20171-27030010-1),201712703001078183,,3,,26,1-18周,0,程书萍,1-18周 周二 第5节-第6节 仙Ⅰ-116,2.0,工程管理学院,否,理论类课程,周二,2017-2018-1,,201712703001078183,2015工程管理学院工业工程,0,仙林校区,2017-2018学年 第1学期,78183,仙Ⅰ-116,0.0,否,,1,32,,0,0,工程经济学,11,第5节-第6节,仙I区,27030010
32.0,400240,先进制造系统(20171-27030060-1),201712703006078184,,3,,25,1-18周,0,李娟,1-18周 周一 第3节-第4节 仙Ⅰ-211,2.0,工程管理学院,否,理论类课程,周一,2017-2018-1,,201712703006078184,2015工程管理学院工业工程,0,仙林校区,2017-2018学年 第1学期,78184,仙Ⅰ-211,0.0,否,,1,32,,0,0,先进制造系统,11,第3节-第4节,仙I区,27030060
32.0,400240,供应链管理(20171-27030080-1),201712703008078185,,3,,30,1-18周,0,徐峰,1-18周 周三 第3节-第4节 仙Ⅰ-408,2.0,工程管理学院,否,理论类课程,周三,2017-2018-1,,201712703008078185,2015工程管理学院工业工程,0,仙林校区,2017-2018学年 第1学期,78185,仙Ⅰ-408,0.0,否,,1,32,,0,0,供应链管理,11,第3节-第4节,仙I区,27030080
32.0,400240,运输与配送管理(20171-27030100-1),201712703010078212,,1,,2,1-18周,0,李敬泉,1-18周 周二 第3节-第4节 教111,2.0,工程管理学院,否,理论类课程,周二,2017-2018-1,,201712703010078212,2014工程管理学院工业工程,0,鼓楼校区,2017-2018学年 第1学期,78212,教111,0.0,否,,1,32,,0,0,运输与配送管理,1,第3节-第4节,教学楼,27030100
32.0,400240,项目管理学(20171-27030110-1),201712703011078214,,1,,0,,0,,,2.0,工程管理学院,否,理论类课程,,2017-2018-1,,201712703011078214,2014工程管理学院工业工程,0,鼓楼校区,2017-2018学年 第1学期,78214,,0.0,否,,1,32,,0,0,项目管理学,,,,27030110
32.0,400240,专业实习(20171-27030160-1),201712703016078221,,1,,3,,0,刘慧敏, 自由时间 - 自由地点,2.0,工程管理学院,否,,自由时间,2017-2018-1,,201712703016078221,2014工程管理学院工业工程,0,鼓楼校区,2017-2018学年 第1学期,78221,自由地点,,否,,,,,,0,专业实习,188,自由时间,虚拟区域（鼓楼）,27030160
32.0,400240,生产计划与排程(20171-27030170-1),201712703017078215,,1,,1,"3-11周,3-11周",0,张莲民,"3-11周 周四 第1节-第2节 教303,3-11周 周五 第5节-第6节 教303",2.0,工程管理学院,否,理论类课程,"周四,周五",2017-2018-1,,201712703017078215,2014工程管理学院工业工程,0,鼓楼校区,2017-2018学年 第1学期,78215,"教303,教303",0.0,否,,1,32,,0,0,生产计划与排程,1,"第1节-第2节,第5节-第6节",教学楼,27030170
32.0,400240,最优化理论与方法(20171-27030180-1),201712703018078218,,1,,9,3-18周,0,徐薇,3-18周 周四 第3节-第4节 教222,2.0,工程管理学院,否,理论类课程,周四,2017-2018-1,,201712703018078218,2014工程管理学院工业工程,0,鼓楼校区,2017-2018学年 第1学期,78218,教222,0.0,否,,1,32,,0,0,最优化理论与方法,1,第3节-第4节,教学楼,27030180
32.0,400240,博弈论(20171-27030190-1),201712703019078219,,1,,7,3-18周,0,肖条军,3-18周 周二 第1节-第2节 教102,2.0,工程管理学院,否,理论类课程,周二,2017-2018-1,,201712703019078219,2014工程管理学院工业工程,0,鼓楼校区,2017-2018学年 第1学期,78219,教102,0.0,否,,1,32,,0,0,博弈论,1,第1节-第2节,教学楼,27030190
32.0,400240,多元统计与数据分析(20171-27030230-1),201712703023078220,,1,,8,3-18周,0,徐红利,3-18周 周五 第3节-第4节 教102,2.0,工程管理学院,否,理论类课程,周五,2017-2018-1,,201712703023078220,2014工程管理学院工业工程,0,鼓楼校区,2017-2018学年 第1学期,78220,教102,0.0,否,,1,32,,0,0,多元统计与数据分析,1,第3节-第4节,教学楼,27030230
48.0,400240,金融系统仿真(20171-27040030-1),201712704003078223,,1,,43,"1-18周,1-18周",0,瞿慧,"1-18周 周一 第5节-第6节 教111,1-18周 周一 第7节-第8节 教111",3.0,工程管理学院,否,理论类课程,"周一,周一",2017-2018-1,,201712704003078223,2014工程管理学院金融工程,0,鼓楼校区,2017-2018学年 第1学期,78223,"教111,教111",,否,,1,48,,,0,金融系统仿真,1,"第5节-第6节,第7节-第8节",教学楼,27040030
48.0,400240,金融机构运作与管理(20171-27040050-1),201712704005078193,,3,,32,1-18周,0,肖斌卿,1-18周 周一 第5节-第7节 仙Ⅱ-114,2.0,工程管理学院,否,理论+实践课程,周一,2017-2018-1,,201712704005078193,"2015计算机学院计算机（计算机与金融工程方向）,2015工程管理学院金融工程（计算机与金融工程方向）,2015工程管理学院金融工程",0,仙林校区,2017-2018学年 第1学期,78193,仙Ⅱ-114,0.0,否,,5,30,,2,0,金融机构运作与管理,12,第5节-第7节,仙II区,27040050
32.0,400240,结构化金融(20171-27040070-1),201712704007078224,,1,,34,"1-9周,1-9周",0,杨学伟,"1-9周 周二 第3节-第4节 教113,1-9周 周四 第3节-第4节 教113",2.0,工程管理学院,否,理论类课程,"周二,周四",2017-2018-1,,201712704007078224,2014工程管理学院金融工程,0,鼓楼校区,2017-2018学年 第1学期,78224,"教113,教113",0.0,否,,1,32,,0,0,结构化金融,1,"第3节-第4节,第3节-第4节",教学楼,27040070
32.0,400240,大数据与金融数据分析(20171-27040080-1),201712704008078194,,3,,19,"1-7周,8-18周",0,刘海飞,"1-7周 周二 第5节-第7节 仙Ⅰ-117,8-18周 周二 第5节-第7节 ",2.0,工程管理学院,否,,"周二,周二",2017-2018-1,,201712704008078194,2015工程管理学院金融工程,0,仙林校区,2017-2018学年 第1学期,78194,"仙Ⅰ-117,基础实验楼乙406",,否,,,,,,0,大数据与金融数据分析,11,"第5节-第7节,第5节-第7节",仙I区,27040080
32.0,400240,行为金融学(20171-27040100-1),201712704010078188,,3,,49,1-18周,0,俞红海,1-18周 周四 第3节-第4节 仙Ⅱ-113,2.0,工程管理学院,否,理论类课程,周四,2017-2018-1,,201712704010078188,"2015计算机学院计算机（计算机与金融工程方向）,2015工程管理学院金融工程（计算机与金融工程方向）,2015工程管理学院金融工程,2015工程管理学院工业工程",0,仙林校区,2017-2018学年 第1学期,78188,仙Ⅱ-113,0.0,否,,1,32,,0,0,行为金融学,12,第3节-第4节,仙II区,27040100
32.0,400240,股票期权交易理论与实务(20171-27040130-1),201712704013078225,,1,,8,3-18周,0,"杨学伟,李心丹,朱洪亮",3-18周 周三 第3节-第4节 ,2.0,工程管理学院,否,理论+实践课程,周三,2017-2018-1,,201712704013078225,2014工程管理学院金融工程,0,鼓楼校区,2017-2018学年 第1学期,78225,协鑫楼108,2.0,否,,5,28,,2,0,股票期权交易理论与实务,,第3节-第4节,,27040130
48.0,400240,经济学原理(20171-27040180-1),201712704018079080,,3,,47,4-18周,0,赵雪舟,4-18周 周五 第2节-第4节 仙Ⅱ-319,3.0,工程管理学院,否,理论类课程,周五,2017-2018-1,,201712704018079080,"2016计算机学院计算机（计算机与金融工程方向）,2017工程管理学院金融工程（计算机与金融工程方向）",0,仙林校区,2017-2018学年 第1学期,79080,仙Ⅱ-319,0.0,否,,1,48,,0,0,经济学原理,12,第2节-第4节,仙II区,27040180
80.0,400240,自动控制原理(20171-27050010-1),201712705001078178,,3,,37,"1-18周,1-18周",0,"辛博,陈春林","1-18周 周三 第2节-第4节 仙Ⅱ-102,1-18周 周四 第3节-第4节 ",5.0,工程管理学院,否,理论类课程,"周三,周四",2017-2018-1,,201712705001078178,2015工程管理学院自动化,0,仙林校区,2017-2018学年 第1学期,78178,"仙Ⅱ-102,基础实验楼乙435",0.0,否,,1,80,,0,0,自动控制原理,12,"第2节-第4节,第3节-第4节",仙II区,27050010
64.0,400240,电机与电力拖动(20171-27050040-1),201712705004078180,,3,,35,"1-18周,9-18周",0,朱张青,"1-18周 周一 第5节-第6节 逸B-309,9-18周 周一 第7节-第8节 ",4.0,工程管理学院,否,理论+实验课程,"周一,周一",2017-2018-1,,201712705004078180,2015工程管理学院自动化,0,仙林校区,2017-2018学年 第1学期,78180,"逸B-309,基础实验楼乙527",,否,,6,,,,0,电机与电力拖动,16,"第5节-第6节,第7节-第8节",逸夫楼B区,27050040
48.0,400240,人工智能导论(20171-27050090-1),201712705009078197,,1,,4,3-18周,0,杨佩,3-18周 周五 第3节-第4节 教111,3.0,工程管理学院,否,理论类课程,周五,2017-2018-1,,201712705009078197,2014工程管理学院自动化,0,鼓楼校区,2017-2018学年 第1学期,78197,教111,0.0,否,,1,48,,0,0,人工智能导论,1,第3节-第4节,教学楼,27050090
48.0,400240,智能控制与机器人(20171-27050100-1),201712705010078198,,1,,4,3-18周,0,陈春林,3-18周 周五 第5节-第7节 教111,3.0,工程管理学院,否,理论类课程,周五,2017-2018-1,,201712705010078198,2014工程管理学院自动化,0,鼓楼校区,2017-2018学年 第1学期,78198,教111,0.0,否,,1,48,,0,0,深度强化学习,1,第5节-第7节,教学楼,27050100
48.0,400240,信号检测理论与技术(20171-27050120-1),201712705012078199,,1,,2,3-18周,0,陈强,3-18周 周一 第7节-第8节 教206,3.0,工程管理学院,否,理论类课程,周一,2017-2018-1,,201712705012078199,2014工程管理学院自动化,0,鼓楼校区,2017-2018学年 第1学期,78199,教206,0.0,否,,1,48,,0,0,信号检测理论与技术,1,第7节-第8节,教学楼,27050120
16.0,400240,控制系统综合设计(20171-27050140-1),201712705014078202,,3,,1,,0,"辛博,朱张青", 自由时间 - 自由地点,1.0,工程管理学院,否,实践类课程,自由时间,2017-2018-1,,201712705014078202,2014工程管理学院自动化,0,仙林校区,2017-2018学年 第1学期,78202,自由地点,0.0,否,,3,0,,32,0,控制系统综合设计,388,自由时间,虚拟区域（仙林）,27050140
16.0,400240,管控一体化综合设计(20171-27050150-1),201712705015078200,,3,,35,1-2周,0,"赵佳宝,辛博",1-2周 自由时间 - ,1.0,工程管理学院,否,实践类课程,自由时间,2017-2018-1,,201712705015078200,2014工程管理学院自动化,0,仙林校区,2017-2018学年 第1学期,78200,基础实验楼乙四楼,0.0,否,,3,0,,32,0,管控一体化综合设计,,自由时间,,27050150
160.0,400260,汉语读写（一）(20171-28000001AX-1),2017128000001AX77671,,3,,10,"4-18周,4-18周,4-18周,4-18周,4-18周",0,"外聘2,余宁","4-18周 周二 第1节-第2节 ,4-18周 周五 第3节-第4节 ,4-18周 周三 第3节-第4节 ,4-18周 周一 第3节-第4节 ,4-18周 周四 第1节-第2节 ",10.0,海外教育学院,否,理论类课程,"周一,周二,周三,周四,周五",2017-2018-1,,2017128000001AX77671,,0,仙林校区,2017-2018学年 第1学期,77671,"逸C-502,逸C-502,逸C-502,逸C-502,逸C-502",0.0,否,,1,160,,0,0,汉语读写,,"第3节-第4节,第1节-第2节,第3节-第4节,第1节-第2节,第3节-第4节",,28000001AX
160.0,400260,汉浯读写（二）(20171-28000001BX-1),2017128000001BX77680,,3,,9,"4-18周,4-18周,4-18周,4-18周,4-18周",0,唐曙霞,"4-18周 周二 第1节-第2节 ,4-18周 周五 第3节-第4节 ,4-18周 周三 第3节-第4节 ,4-18周 周一 第3节-第4节 ,4-18周 周四 第1节-第2节 ",10.0,海外教育学院,否,理论类课程,"周一,周二,周三,周四,周五",2017-2018-1,,2017128000001BX77680,,0,仙林校区,2017-2018学年 第1学期,77680,"逸C-506,逸C-506,逸C-506,逸C-506,逸C-506",0.0,否,,1,160,,0,0,汉浯读写,,"第3节-第4节,第1节-第2节,第3节-第4节,第1节-第2节,第3节-第4节",,28000001BX
128.0,400260,汉语听和说(20171-28000002AX-1),2017128000002AX77672,,3,,12,"4-18周,4-18周,4-18周,4-18周",0,赵学玲,"4-18周 周一 第1节-第2节 ,4-18周 周四 第3节-第4节 ,4-18周 周二 第3节-第4节 ,4-18周 周三 第1节-第2节 ",8.0,海外教育学院,否,理论类课程,"周一,周二,周三,周四",2017-2018-1,,2017128000002AX77672,,0,仙林校区,2017-2018学年 第1学期,77672,"逸C-502,逸C-502,逸C-502,逸C-502",0.0,否,,1,128,,0,0,汉语听和说,,"第1节-第2节,第3节-第4节,第1节-第2节,第3节-第4节",,28000002AX
128.0,400260,汉语听和说（二）(20171-28000002BX-1),2017128000002BX77673,,3,,8,"4-18周,4-18周,4-18周,4-18周",0,"外聘2,余宁","4-18周 周一 第1节-第2节 ,4-18周 周四 第3节-第4节 ,4-18周 周二 第3节-第4节 ,4-18周 周三 第1节-第2节 ",8.0,海外教育学院,否,理论类课程,"周一,周二,周三,周四",2017-2018-1,,2017128000002BX77673,,0,仙林校区,2017-2018学年 第1学期,77673,"逸C-506,逸C-506,逸C-506,逸C-506",0.0,否,,1,128,,0,0,汉语听和说,,"第1节-第2节,第3节-第4节,第1节-第2节,第3节-第4节",,28000002BX
32.0,400260,中国现当代文学(上)(20171-28000020A-1),2017128000020A77230,,3,,20,1-18周,0,丁芳芳,1-18周 周四 第5节-第6节 逸B-506（翻转）,2.0,海外教育学院,否,理论类课程,周四,2017-2018-1,,2017128000020A77230,2016海外教育学院汉语国际教育,0,仙林校区,2017-2018学年 第1学期,77230,逸B-506（翻转）,0.0,否,,1,32,,0,0,中国现当代文学(上),16,第5节-第6节,逸夫楼B区,28000020A
128.0,400260,综合汉语(一)(20171-28000110A-1),2017128000110A77256,,1,,28,"2-18周,2-18周,2-18周,2-18周",0,宫辰,"2-18周 周二 第1节-第2节 ,2-18周 周四 第3节-第4节 ,2-18周 周一 第3节-第4节 ,2-18周 周三 第1节-第2节 ",8.0,海外教育学院,否,理论类课程,"周一,周二,周三,周四",2017-2018-1,,2017128000110A77256,2017海外教育学院汉语言,0,鼓楼校区,2017-2018学年 第1学期,77256,"曾宪梓楼326,曾宪梓楼326,曾宪梓楼326,曾宪梓楼326",0.0,否,,1,128,,0,0,综合中级汉语（上）,,"第3节-第4节,第1节-第2节,第1节-第2节,第3节-第4节",,28000110A
128.0,400260,综合汉语(一)(20171-28000110AX-1),2017128000110AX77660,,3,,26,"4-18周,4-18周,4-18周,4-18周",0,赵莉,"4-18周 周五 第1节-第2节 ,4-18周 周四 第3节-第4节 ,4-18周 周二 第3节-第4节 ,4-18周 周一 第3节-第4节 ",8.0,海外教育学院,否,理论类课程,"周一,周二,周四,周五",2017-2018-1,,2017128000110AX77660,,0,仙林校区,2017-2018学年 第1学期,77660,"逸C-503,逸C-503,逸C-503,逸C-503",0.0,否,,1,128,,0,0,综合汉语(一),,"第3节-第4节,第3节-第4节,第3节-第4节,第1节-第2节",,28000110AX
128.0,400260,综合汉语(二)(20171-28000110BX-1),2017128000110BX77661,,3,,19,"4-18周,4-18周,4-18周,4-18周",0,"余宁,谢青","4-18周 周三 第1节-第2节 ,4-18周 周五 第3节-第4节 ,4-18周 周四 第3节-第4节 ,4-18周 周二 第3节-第4节 ",8.0,海外教育学院,否,理论类课程,"周二,周三,周四,周五",2017-2018-1,,2017128000110BX77661,,0,仙林校区,2017-2018学年 第1学期,77661,"逸C-504,逸C-504,逸C-504,逸C-504",0.0,否,,1,128,,0,0,综合汉语(二),,"第3节-第4节,第1节-第2节,第3节-第4节,第3节-第4节",,28000110BX
128.0,400260,综合汉语(三)(20171-28000110C-1),2017128000110C77307,,1,,34,"1-18周,1-18周,1-18周,1-18周",0,杨雪丽,"1-18周 周二 第1节-第2节 ,1-18周 周五 第3节-第4节 ,1-18周 周四 第3节-第4节 ,1-18周 周三 第1节-第2节 ",8.0,海外教育学院,否,理论类课程,"周二,周三,周四,周五",2017-2018-1,,2017128000110C77307,2016海外教育学院汉语言,0,鼓楼校区,2017-2018学年 第1学期,77307,"曾宪梓楼102,曾宪梓楼102,曾宪梓楼102,曾宪梓楼102",0.0,否,,1,128,,0,0,综合汉语(三),,"第1节-第2节,第1节-第2节,第3节-第4节,第3节-第4节",,28000110C
128.0,400260,综合汉语(三)(20171-28000110CX-1),2017128000110CX77662,,3,,20,"4-18周,4-18周,4-18周,4-18周",0,"外聘1,余宁","4-18周 周三 第1节-第2节 ,4-18周 周四 第3节-第4节 ,4-18周 周二 第3节-第4节 ,4-18周 周一 第3节-第4节 ",8.0,海外教育学院,否,理论类课程,"周一,周二,周三,周四",2017-2018-1,,2017128000110CX77662,,0,仙林校区,2017-2018学年 第1学期,77662,"逸C-505,逸C-505,逸C-505,逸C-505",0.0,否,,1,128,,0,0,综合汉语(三),,"第3节-第4节,第3节-第4节,第1节-第2节,第3节-第4节",,28000110CX
96.0,400260,汉语口语(一)(20171-28000120AX-1),2017128000120AX77663,,3,,27,"4-18周,4-18周,4-18周",0,"外聘1,余宁","4-18周 周三 第1节-第2节 ,4-18周 周四 第5节-第6节 ,4-18周 周五 第3节-第4节 ",6.0,海外教育学院,否,理论类课程,"周三,周四,周五",2017-2018-1,,2017128000120AX77663,,0,仙林校区,2017-2018学年 第1学期,77663,"逸C-503,逸C-503,逸C-503",0.0,否,,1,96,,0,0,汉语口语(一),,"第1节-第2节,第5节-第6节,第3节-第4节",,28000120AX
96.0,400260,汉语口语(二)(20171-28000120BX-1),2017128000120BX77659,,3,,21,"4-18周,4-18周,4-18周",0,任晓涛,"4-18周 周二 第1节-第2节 ,4-18周 周三 第3节-第4节 ,4-18周 周四 第1节-第2节 ",6.0,海外教育学院,否,理论类课程,"周二,周三,周四",2017-2018-1,,2017128000120BX77659,,0,仙林校区,2017-2018学年 第1学期,77659,"逸C-504,逸C-504,逸C-504",0.0,否,,1,96,,0,0,汉语口语(二),,"第1节-第2节,第3节-第4节,第1节-第2节",,28000120BX
96.0,400260,汉语口语(三)(20171-28000120C-1),2017128000120C77308,,1,,30,"1-18周,1-18周,1-18周",0,杨冬燕,"1-18周 周一 第3节-第4节 ,1-18周 周三 第3节-第4节 ,1-18周 周二 第3节-第4节 ",6.0,海外教育学院,否,理论类课程,"周一,周二,周三",2017-2018-1,,2017128000120C77308,2016海外教育学院汉语言,0,鼓楼校区,2017-2018学年 第1学期,77308,"曾宪梓楼102,曾宪梓楼102,曾宪梓楼102",0.0,否,,1,96,,0,0,汉语口语(三),,"第3节-第4节,第3节-第4节,第3节-第4节",,28000120C
128.0,400260,汉语口语(三)(20171-28000120CX-1),2017128000120CX77665,,3,,15,"4-18周,4-18周,4-18周,4-18周",0,"余宁,谢青","4-18周 周二 第1节-第2节 ,4-18周 周三 第3节-第4节 ,4-18周 周五 第1节-第2节 ,4-18周 周四 第1节-第2节 ",8.0,海外教育学院,否,,"周二,周三,周四,周五",2017-2018-1,,2017128000120CX77665,,0,仙林校区,2017-2018学年 第1学期,77665,"逸C-505,逸C-505,逸C-505,逸C-505",,否,,,,,,0,汉语口语(三),,"第1节-第2节,第3节-第4节,第1节-第2节,第1节-第2节",,28000120CX
64.0,400260,汉语听力(一)(20171-28000130AX-1),2017128000130AX77666,,3,,27,"4-18周,4-18周",0,"外聘1,余宁","4-18周 周四 第1节-第2节 ,4-18周 周三 第3节-第4节 ",4.0,海外教育学院,否,理论类课程,"周四,周三",2017-2018-1,,2017128000130AX77666,,0,仙林校区,2017-2018学年 第1学期,77666,"逸C-503,逸C-503",0.0,否,,1,64,,0,0,汉语听力(一),,"第1节-第2节,第3节-第4节",,28000130AX
64.0,400260,汉语听力(二)(20171-28000130BX-1),2017128000130BX77667,,3,,18,"4-18周,4-18周",0,"外聘1,余宁","4-18周 周五 第1节-第2节 ,4-18周 周四 第5节-第6节 ",4.0,海外教育学院,否,理论类课程,"周五,周四",2017-2018-1,,2017128000130BX77667,,0,仙林校区,2017-2018学年 第1学期,77667,"逸C-504,逸C-504",0.0,否,,1,64,,0,0,汉语听力(二),,"第1节-第2节,第5节-第6节",,28000130BX
32.0,400260,汉语听力(三)(20171-28000130C-1),2017128000130C77309,,1,,29,"1-18周,1-18周",0,徐昌火,"1-18周 周四 第1节-第2节 ,1-18周 周二 第5节-第6节 ",2.0,海外教育学院,否,理论类课程,"周二,周四",2017-2018-1,,2017128000130C77309,2016海外教育学院汉语言,0,鼓楼校区,2017-2018学年 第1学期,77309,"曾宪梓楼102,曾宪梓楼102",0.0,否,,1,32,,0,0,汉语听力(三),,"第5节-第6节,第1节-第2节",,28000130C
32.0,400260,汉语听力(三)(20171-28000130CX-1),2017128000130CX77669,,3,,14,4-18周,0,赵莉,4-18周 周五 第3节-第4节 ,2.0,海外教育学院,否,理论类课程,周五,2017-2018-1,,2017128000130CX77669,,0,仙林校区,2017-2018学年 第1学期,77669,逸C-505,0.0,否,,1,32,,0,0,汉语听力(三),,第3节-第4节,,28000130CX
48.0,400260,汉语写作(一)(20171-28000140A-1),2017128000140A77257,,1,,26,2-18周,0,韩亮,2-18周 周五 第5节-第7节 ,3.0,海外教育学院,否,理论类课程,周五,2017-2018-1,,2017128000140A77257,2017海外教育学院汉语言,0,鼓楼校区,2017-2018学年 第1学期,77257,曾宪梓楼326,0.0,否,,1,48,,0,0,汉语写作(一),,第5节-第7节,,28000140A
48.0,400260,汉语写作(三)(20171-28000140C-1),2017128000140C77310,,1,,51,1-18周,0,徐昌火,1-18周 周四 第5节-第6节 ,3.0,海外教育学院,否,理论类课程,周四,2017-2018-1,,2017128000140C77310,2016海外教育学院汉语言,0,鼓楼校区,2017-2018学年 第1学期,77310,曾宪梓楼102,0.0,否,,1,48,,0,0,汉语写作(三),,第5节-第6节,,28000140C
32.0,400260,报刊阅读(一)(20171-28000150A-1),2017128000150A77313,,1,,35,1-18周,0,张海林,1-18周 周五 第1节-第2节 ,2.0,海外教育学院,否,理论+实践课程,周五,2017-2018-1,,2017128000150A77313,2016海外教育学院汉语言,0,鼓楼校区,2017-2018学年 第1学期,77313,曾宪梓楼102,0.0,否,,5,24,,8,0,报刊阅读(一),,第1节-第2节,,28000150A
64.0,400260,中国概况(20171-28000170-1),201712800017077311,,1,,98,"1-18周,1-18周",0,吴琼,"1-18周 周四 第7节-第8节 ,1-18周 周五 第7节-第8节 ",4.0,海外教育学院,否,理论类课程,"周四,周五",2017-2018-1,,201712800017077311,2016海外教育学院汉语言,0,鼓楼校区,2017-2018学年 第1学期,77311,"教学楼203,教学楼203",0.0,否,,1,64,,0,0,中国概况,,"第7节-第8节,第7节-第8节",,28000170
128.0,400260,汉语听和说(20171-28000320A-1),2017128000320A77267,,1,,26,"2-18周,2-18周,2-18周,2-18周",0,李春享,"2-18周 周四 第1节-第2节 ,2-18周 周五 第3节-第4节 ,2-18周 周三 第3节-第4节 ,2-18周 周二 第3节-第4节 ",8.0,海外教育学院,否,理论类课程,"周二,周三,周四,周五",2017-2018-1,,2017128000320A77267,2017海外教育学院汉语言,0,鼓楼校区,2017-2018学年 第1学期,77267,"曾宪梓楼326,曾宪梓楼326,曾宪梓楼326,曾宪梓楼326",0.0,否,,1,128,,0,0,汉语听和说（一）,,"第3节-第4节,第3节-第4节,第1节-第2节,第3节-第4节",,28000320A
32.0,400260,语言多棱镜——跨领域的语言学导引(20171-28000330-1),201712800033077201,,3,,80,4-18周,0,曹贤文,4-18周 周二 第3节-第4节 仙Ⅱ-311,2.0,海外教育学院,否,理论类课程,周二,2017-2018-1,,201712800033077201,2017*人文科学试验班*人文艺术传播类,0,仙林校区,2017-2018学年 第1学期,77201,仙Ⅱ-311,0.0,否,,1,32,,0,0,语言多棱镜——跨领域的语言学导引,12,第3节-第4节,仙II区,28000330
128.0,400260,高级汉语读写(上)(20171-28010010A-1),2017128010010A77314,,1,,42,"1-18周,1-18周,1-18周,1-18周",0,敖雪岗,"1-18周 周二 第1节-第2节 ,1-18周 周三 第3节-第4节 ,1-18周 周一 第3节-第4节 ,1-18周 周四 第1节-第2节 ",8.0,海外教育学院,否,理论+实践课程,"周一,周二,周三,周四",2017-2018-1,,2017128010010A77314,2015海外教育学院汉语言,0,鼓楼校区,2017-2018学年 第1学期,77314,"曾宪梓楼104,曾宪梓楼104,曾宪梓楼104,曾宪梓楼104",0.0,否,,5,64,,64,0,高级汉语读写(一),,"第3节-第4节,第1节-第2节,第3节-第4节,第1节-第2节",,28010010A
64.0,400260,高级汉语口语(上)(20171-28010020A-1),2017128010020A77315,,1,,42,"1-18周,1-18周",0,韩亮,"1-18周 周三 第1节-第2节 ,1-18周 周五 第3节-第4节 ",4.0,海外教育学院,否,理论类课程,"周三,周五",2017-2018-1,,2017128010020A77315,2015海外教育学院汉语言,0,鼓楼校区,2017-2018学年 第1学期,77315,"曾宪梓楼104,曾宪梓楼104",0.0,否,,1,64,,0,0,高级汉语口语(一),,"第1节-第2节,第3节-第4节",,28010020A
32.0,400260,中国现当代文学(20171-28010060-1),201712801006077317,,1,,42,1-18周,0,丁芳芳,1-18周 周二 第3节-第4节 ,2.0,海外教育学院,否,理论类课程,周二,2017-2018-1,,201712801006077317,2015海外教育学院汉语言,0,鼓楼校区,2017-2018学年 第1学期,77317,曾宪梓楼104,0.0,否,,1,32,,0,0,中国现当代文学,,第3节-第4节,,28010060
32.0,400260,古代汉语(20171-28010080-1),201712801008077330,,1,,36,1-18周,0,张全真,1-18周 周四 第3节-第4节 ,2.0,海外教育学院,否,理论类课程,周四,2017-2018-1,,201712801008077330,2014海外教育学院汉语言,0,鼓楼校区,2017-2018学年 第1学期,77330,曾宪梓楼106,0.0,否,,1,48,,0,0,古代汉语,,第3节-第4节,,28010080
32.0,400260,中国古代文学(20171-28010090-1),201712801009077331,,1,,36,1-18周,0,张斌,1-18周 周一 第5节-第6节 ,2.0,海外教育学院,否,理论类课程,周一,2017-2018-1,,201712801009077331,2014海外教育学院汉语言,0,鼓楼校区,2017-2018学年 第1学期,77331,曾宪梓楼106,0.0,否,,1,32,,0,0,古代文学,,第5节-第6节,,28010090
16.0,400260,毕业论文写作(一)(20171-28010350A-1),2017128010350A77332,,1,,36,1-9周,0,徐昌火,1-9周 周三 第3节-第4节 ,1.0,海外教育学院,否,理论+实践课程,周三,2017-2018-1,,2017128010350A77332,2014海外教育学院汉语言,0,鼓楼校区,2017-2018学年 第1学期,77332,曾宪梓楼106,0.0,否,,5,14,,18,0,毕业论文写作(一),,第3节-第4节,,28010350A
32.0,400260,韩汉翻译(上)(20171-28010550A-1),2017128010550A77321,,1,,12,1-18周,0,赵莉,1-18周 周一 第5节-第6节 ,2.0,海外教育学院,否,理论+实践课程,周一,2017-2018-1,,2017128010550A77321,2015海外教育学院汉语言,0,鼓楼校区,2017-2018学年 第1学期,77321,曾宪梓楼104,0.0,否,,5,20,,12,0,外汉翻译（上）,,第5节-第6节,,28010550A
32.0,400260,日汉翻译(上)(20171-28010560A-1),2017128010560A77322,,1,,0,1-18周,0,李茉莉,1-18周 周一 第5节-第6节 ,2.0,海外教育学院,否,理论类课程,周一,2017-2018-1,,2017128010560A77322,2015海外教育学院汉语言,0,鼓楼校区,2017-2018学年 第1学期,77322,曾宪梓楼326,0.0,否,,1,32,,0,0,日汉翻译(一),,第5节-第6节,,28010560A
64.0,400260,看电影，学汉语(20171-28010600-1),201712801060077324,,1,,23,"1-18周,1-18周",0,余宁,"1-18周 周一 第5节-第6节 ,1-18周 周二 第5节-第6节 ",4.0,海外教育学院,否,理论+实践课程,"周一,周二",2017-2018-1,,201712801060077324,2015海外教育学院汉语言,0,鼓楼校区,2017-2018学年 第1学期,77324,"曾宪梓楼307,曾宪梓楼307",0.0,否,,5,44,,20,0,看电影，学汉语,,"第5节-第6节,第5节-第6节",,28010600
32.0,400260,中国近代史(20171-28010630-1),201712801063077334,,1,,12,1-18周,0,张海林,1-18周 周五 第3节-第4节 ,2.0,海外教育学院,否,理论类课程,周五,2017-2018-1,,201712801063077334,2014海外教育学院汉语言,0,鼓楼校区,2017-2018学年 第1学期,77334,曾宪梓楼106,0.0,否,,1,32,,0,0,中国近现代史,,第3节-第4节,,28010630
32.0,400260,汉字与中国文化(20171-28010710-1),201712801071077318,,1,,44,1-18周,0,殷晓明,1-18周 周一 第1节-第2节 ,2.0,海外教育学院,否,理论类课程,周一,2017-2018-1,,201712801071077318,2015海外教育学院汉语言,0,鼓楼校区,2017-2018学年 第1学期,77318,曾宪梓楼104,0.0,否,,1,32,,0,0,汉字与中国文化,,第1节-第2节,,28010710
32.0,400260,商贸汉语（上）(20171-28010720A-1),2017128010720A77325,,1,,35,1-18周,0,陈志红,1-18周 周五 第1节-第2节 ,2.0,海外教育学院,否,理论类课程,周五,2017-2018-1,,2017128010720A77325,2015海外教育学院汉语言,0,鼓楼校区,2017-2018学年 第1学期,77325,曾宪梓楼104,0.0,否,,1,32,,0,0,基础商贸汉语,,第1节-第2节,,28010720A
32.0,400260,当代中国外交(20171-28010730-1),201712801073077329,,1,,13,1-18周,0,杨冬燕,1-18周 周二 第5节-第6节 ,2.0,海外教育学院,否,理论类课程,周二,2017-2018-1,,201712801073077329,2015海外教育学院汉语言,0,鼓楼校区,2017-2018学年 第1学期,77329,曾宪梓楼104,0.0,否,,1,32,,0,0,当代中国外交,,第5节-第6节,,28010730
32.0,400260,新闻汉语（上）(20171-28010740A-1),2017128010740A77319,,1,,41,1-18周,0,韩亮,1-18周 周四 第3节-第4节 ,2.0,海外教育学院,否,理论类课程,周四,2017-2018-1,,2017128010740A77319,2015海外教育学院汉语言,0,鼓楼校区,2017-2018学年 第1学期,77319,曾宪梓楼104,0.0,否,,1,32,,0,0,新闻汉语（一）,,第3节-第4节,,28010740A
32.0,400260,语言学理论及应用(20171-28010760-1),201712801076077333,,1,,36,1-18周,0,盛林,1-18周 周二 第5节-第6节 ,2.0,海外教育学院,否,理论+实践课程,周二,2017-2018-1,,201712801076077333,2014海外教育学院汉语言,0,鼓楼校区,2017-2018学年 第1学期,77333,曾宪梓楼106,0.0,否,,5,28,,4,0,语言学理论及应用,,第5节-第6节,,28010760
32.0,400260,正音(20171-28010780-1),201712801078077335,,1,,28,1-18周,0,李春享,1-18周 周四 第5节-第6节 ,2.0,海外教育学院,否,理论+实践课程,周四,2017-2018-1,,201712801078077335,2014海外教育学院汉语言,0,鼓楼校区,2017-2018学年 第1学期,77335,曾宪梓楼106,0.0,否,,5,10,,22,0,正音,,第5节-第6节,,28010780
32.0,400260,唐诗选读(20171-28010810-1),201712801081077327,,1,,31,1-18周,0,吴琼,1-18周 周三 第5节-第6节 ,2.0,海外教育学院,否,理论类课程,周三,2017-2018-1,,201712801081077327,"2014海外教育学院汉语言,2015海外教育学院汉语言",0,鼓楼校区,2017-2018学年 第1学期,77327,曾宪梓楼104,0.0,否,,1,32,,0,0,中国古诗选读,,第5节-第6节,,28010810
64.0,400260,中国古代思想家导论(20171-28010860I-1),2017128010860I77328,,1,,3,"1-18周,1-18周",0,杨居柳,"1-18周 周四 第7节-第8节 ,1-18周 周五 第7节-第8节 ",4.0,海外教育学院,否,理论类课程,"周四,周五",2017-2018-1,,2017128010860I77328,2015海外教育学院汉语言,0,鼓楼校区,2017-2018学年 第1学期,77328,"曾宪梓楼104,曾宪梓楼104",0.0,否,,1,64,,0,0,中国古代思想家导论,,"第7节-第8节,第7节-第8节",,28010860I
32.0,400260,HSK六级阅读(20171-28010880-1),201712801088077247,,1,,59,2-18周,0,徐昌火,2-18周 周一 第7节-第8节 ,2.0,海外教育学院,否,理论+实践课程,周一,2017-2018-1,,201712801088077247,2017海外教育学院汉语言,0,鼓楼校区,2017-2018学年 第1学期,77247,曾宪梓楼106,0.0,否,,5,22,,10,0,HSK六级阅读,,第7节-第8节,,28010880
32.0,400260,HSK六级听力(20171-28010890-1),201712801089077251,,1,,58,2-18周,0,徐昌火,2-18周 周一 第5节-第6节 ,2.0,海外教育学院,否,理论+实践课程,周一,2017-2018-1,,201712801089077251,2017海外教育学院汉语言,0,鼓楼校区,2017-2018学年 第1学期,77251,曾宪梓楼305,0.0,否,,5,28,,4,0,HSK六级听力,,第5节-第6节,,28010890
32.0,400260,古代汉语(上)(20171-28020020A-1),2017128020020A77232,,3,,25,1-18周,0,杨雪丽,1-18周 周一 第3节-第4节 逸B-208,2.0,海外教育学院,否,理论类课程,周一,2017-2018-1,,2017128020020A77232,2016海外教育学院汉语国际教育,0,仙林校区,2017-2018学年 第1学期,77232,逸B-208,0.0,否,,1,32,,0,0,古代汉语(上),16,第3节-第4节,逸夫楼B区,28020020A
48.0,400260,中国古代文学(上)(20171-28020030A-1),2017128020030A77233,,3,,23,1-18周,0,敖雪岗,1-18周 周二 第5节-第7节 逸B-208,3.0,海外教育学院,否,理论类课程,周二,2017-2018-1,,2017128020030A77233,2016海外教育学院汉语国际教育,0,仙林校区,2017-2018学年 第1学期,77233,逸B-208,0.0,否,,1,48,,0,0,中国古代文学(上),16,第5节-第7节,逸夫楼B区,28020030A
32.0,400260,外国文学(上)(20171-28020050A-1),2017128020050A77234,,3,,28,1-18周,0,孙敏,1-18周 周四 第5节-第6节 逸C-203,2.0,海外教育学院,否,理论类课程,周四,2017-2018-1,,2017128020050A77234,2015海外教育学院汉语国际教育,0,仙林校区,2017-2018学年 第1学期,77234,逸C-203,0.0,否,,1,32,,0,0,外国文学(上),17,第5节-第6节,逸夫楼C区,28020050A
32.0,400260,对外汉语课堂教学理论与方法(20171-28020220-1),201712802022077235,,3,,19,1-18周,0,郭茜,1-18周 周四 第3节-第4节 逸C-203,2.0,海外教育学院,否,理论类课程,周四,2017-2018-1,,201712802022077235,2015海外教育学院汉语国际教育,0,仙林校区,2017-2018学年 第1学期,77235,逸C-203,0.0,否,,1,32,,0,0,对外汉语教学理论与方法,17,第3节-第4节,逸夫楼C区,28020220
32.0,400260,对外汉语语法学(20171-28020240-1),201712802024077241,,1,,11,1-18周,0,张全真,1-18周 周一 第5节-第6节 ,2.0,海外教育学院,否,理论类课程,周一,2017-2018-1,,201712802024077241,2014海外教育学院汉语国际教育,0,鼓楼校区,2017-2018学年 第1学期,77241,曾宪梓楼312,0.0,否,,1,32,,0,0,对外汉语教学语法,,第5节-第6节,,28020240
32.0,400260,英汉翻译(20171-28020380-1),201712802038077237,,3,,16,1-18周,0,杨柳,1-18周 周二 第3节-第4节 逸C-203,2.0,海外教育学院,否,理论+实践课程,周二,2017-2018-1,,201712802038077237,2015海外教育学院汉语国际教育,0,仙林校区,2017-2018学年 第1学期,77237,逸C-203,0.0,否,,5,22,,10,0,英汉翻译,17,第3节-第4节,逸夫楼C区,28020380
32.0,400260,对外汉语词汇学(20171-28020510-1),201712802051077238,,3,,10,1-18周,0,杨雪丽,1-18周 周一 第5节-第6节 逸C-203,2.0,海外教育学院,否,理论类课程,周一,2017-2018-1,,201712802051077238,2015海外教育学院汉语国际教育,0,仙林校区,2017-2018学年 第1学期,77238,逸C-203,0.0,否,,1,32,,0,0,词汇学,17,第5节-第6节,逸夫楼C区,28020510
96.0,400260,高级汉语(20171-28030010-1),201712803001077252,,3,,54,"4-18周,4-18周",0,杨雪丽,"4-18周 周二 第9节-第11节 仙Ⅱ-217,4-18周 周三 第9节-第11节 仙Ⅱ-217",6.0,海外教育学院,否,理论类课程,"周二,周三",2017-2018-1,,201712803001077252,2017海外教育学院汉语言,0,仙林校区,2017-2018学年 第1学期,77252,"仙Ⅱ-217,仙Ⅱ-217",0.0,否,,1,96,,0,0,高级汉语（上）,12,"第9节-第11节,第9节-第11节",仙II区,28030010
96.0,400260,简明微积分(上)(20171-28030020A-1),2017128030020A77254,,3,,23,"4-18周,4-18周",0,周明芳,"4-18周 周五 第5节-第7节 仙Ⅱ-315,4-18周 周四 第9节-第11节 仙Ⅱ-315",6.0,海外教育学院,否,理论类课程,"周四,周五",2017-2018-1,,2017128030020A77254,2017海外教育学院汉语言,0,仙林校区,2017-2018学年 第1学期,77254,"仙Ⅱ-315,仙Ⅱ-315",0.0,否,,1,96,,0,0,简明微积分(上),12,"第9节-第11节,第5节-第7节",仙II区,28030020A
64.0,400260,汉语写作(20171-28030080-1),201712803008077374,,3,,94,"4-18周,4-18周",0,韩亮,"4-18周 周二 第3节-第4节 逸B-410,4-18周 周四 第5节-第6节 逸B-410",4.0,海外教育学院,否,理论+实践课程,"周二,周四",2017-2018-1,,201712803008077374,2017海外教育学院汉语言,0,仙林校区,2017-2018学年 第1学期,77374,"逸B-410,逸B-410",0.0,否,,5,32,,32,0,汉语写作,16,"第3节-第4节,第5节-第6节",逸夫楼B区,28030080
64.0,400260,社会热点讨论(20171-28030090-1),201712803009077375,,1,,20,"2-18周,2-18周",0,陈晓燕,"2-18周 周一 第9节-第10节 ,2-18周 周四 第9节-第10节 ",4.0,海外教育学院,否,理论+实践课程,"周一,周四",2017-2018-1,,201712803009077375,2017海外教育学院汉语言,0,鼓楼校区,2017-2018学年 第1学期,77375,"曾宪梓楼106 ,曾宪梓楼106 ",0.0,否,,5,32,,32,0,社会热点讨论,,"第9节-第10节,第9节-第10节",,28030090
64.0,400280,建筑设计基础(20171-29010020-1),201712901002077528,,1,,26,1-18周,0,"刘铨,冷天",1-18周 周五 第5节-第8节 ,4.0,建筑与城市规划学院,否,,周五,2017-2018-1,,201712901002077528,2016建筑与城市规划学院建筑学,0,鼓楼校区,2017-2018学年 第1学期,77528,费楼208,,否,,,,,,0,建筑设计基础,,第5节-第8节,,29010020
32.0,400280,建筑导论(20171-29010030-1),201712901003077527,,1,,29,1-18周,0,赵辰,1-18周 周三 第3节-第4节 教301,2.0,建筑与城市规划学院,否,理论类课程,周三,2017-2018-1,,201712901003077527,2016建筑与城市规划学院建筑学,0,鼓楼校区,2017-2018学年 第1学期,77527,教301,0.0,否,,1,32,,0,0,建筑导论,1,第3节-第4节,教学楼,29010030
32.0,400280,中国建筑史（近现代）(20171-29010050-1),201712901005077737,,1,,30,1-18周,0,"冷天,赵辰",1-18周 周一 第5节-第6节 教302,2.0,建筑与城市规划学院,否,理论类课程,周一,2017-2018-1,,201712901005077737,2015建筑与城市规划学院建筑学,0,鼓楼校区,2017-2018学年 第1学期,77737,教302,0.0,否,,1,32,,0,0,中国建筑史（近现代）,1,第5节-第6节,教学楼,29010050
32.0,400280,外国建筑史（古代）(20171-29010060-1),201712901006077529,,1,,43,1-18周,0,"王丹丹,胡恒",1-18周 周三 第5节-第6节 教301,2.0,建筑与城市规划学院,否,理论类课程,周三,2017-2018-1,,201712901006077529,2016建筑与城市规划学院建筑学,0,鼓楼校区,2017-2018学年 第1学期,77529,教301,0.0,否,,1,32,,0,0,外国建筑史（古代）,1,第5节-第6节,教学楼,29010060
32.0,400280,外国建筑史（当代）(20171-29010070-1),201712901007077736,,1,,28,1-18周,0,胡恒,1-18周 周五 第5节-第6节 教301,2.0,建筑与城市规划学院,否,理论类课程,周五,2017-2018-1,,201712901007077736,2015建筑与城市规划学院建筑学,0,鼓楼校区,2017-2018学年 第1学期,77736,教301,0.0,否,,1,32,,0,0,外国建筑史（当代）,1,第5节-第6节,教学楼,29010070
32.0,400280,建筑设计基本原理(20171-29010080-1),201712901008077740,,1,,28,1-18周,0,周凌,1-18周 周二 第1节-第2节 教103,2.0,建筑与城市规划学院,否,理论类课程,周二,2017-2018-1,,201712901008077740,2015建筑与城市规划学院建筑学,0,鼓楼校区,2017-2018学年 第1学期,77740,教103,0.0,否,,1,32,,0,0,建筑设计原理,1,第1节-第2节,教学楼,29010080
32.0,400280,CAAD理论与实践(20171-29010090-1),201712901009077530,,1,,27,1-18周,0,童滋雨,1-18周 周三 第7节-第8节 教302,2.0,建筑与城市规划学院,否,理论+实践课程,周三,2017-2018-1,,201712901009077530,2016建筑与城市规划学院建筑学,0,鼓楼校区,2017-2018学年 第1学期,77530,教302,0.0,否,,5,16,,16,0,CAAD理论与实践,1,第7节-第8节,教学楼,29010090
32.0,400280,建筑技术（一）(20171-29010120-1),201712901012077539,,1,,30,1-18周,0,"孙逊,傅筱",1-18周 周三 第1节-第2节 教103,2.0,建筑与城市规划学院,否,,周三,2017-2018-1,,201712901012077539,2015建筑与城市规划学院建筑学,0,鼓楼校区,2017-2018学年 第1学期,77539,教103,,否,,,,,,0,建筑技术（一）,1,第1节-第2节,教学楼,29010120
32.0,400280,城市设计及其理论(20171-29010210-1),201712901021077546,,1,,49,1-18周,0,胡友培,1-18周 周一 第5节-第6节 教101,2.0,建筑与城市规划学院,否,理论类课程,周一,2017-2018-1,,201712901021077546,"2014建筑与城市规划学院建筑学,2015建筑与城市规划学院城乡规划",0,鼓楼校区,2017-2018学年 第1学期,77546,教101,0.0,否,,1,32,,0,0,城市设计理论与方法,1,第5节-第6节,教学楼,29010210
32.0,400280,BIM技术运用(20171-29010240-1),201712901024077547,,1,,28,"1-9周,1-9周",0,傅筱,"1-9周 周二 第7节-第8节 ,1-9周 周三 第7节-第8节 ",2.0,建筑与城市规划学院,否,,"周二,周三",2017-2018-1,,201712901024077547,2014建筑与城市规划学院建筑学,0,鼓楼校区,2017-2018学年 第1学期,77547,"费205,费205",,否,,,,,36,0,BIM技术运用,,"第7节-第8节,第7节-第8节",,29010240
32.0,400280,古建筑测绘(20171-29010600A-1),2017129010600A77531,,1,,28,1-18周,0,"赵辰,刘妍",1-18周 自由时间 - 自由地点,2.0,建筑与城市规划学院,否,理论+实践课程,自由时间,2017-2018-1,,2017129010600A77531,2015建筑与城市规划学院建筑学,0,鼓楼校区,2017-2018学年 第1学期,77531,自由地点,0.0,否,,5,4,,60,0,历史建筑测绘,388,自由时间,虚拟区域（仙林）,29010600A
32.0,400280,工地实习(20171-29010600B-1),2017129010600B77543,,1,,28,1-18周,0,傅筱,1-18周 自由时间 - 自由地点,2.0,建筑与城市规划学院,否,实践类课程,自由时间,2017-2018-1,,2017129010600B77543,2014建筑与城市规划学院建筑学,0,鼓楼校区,2017-2018学年 第1学期,77543,自由地点,0.0,否,,3,0,,36,0,工地实习,388,自由时间,虚拟区域（仙林）,29010600B
32.0,400280,建设工程项目管理(20171-29010610-1),201712901061077548,,1,,11,1-18周,0,谢明瑞,1-18周 周四 第5节-第6节 教302,2.0,建筑与城市规划学院,否,理论类课程,周四,2017-2018-1,,201712901061077548,2014建筑与城市规划学院建筑学,0,鼓楼校区,2017-2018学年 第1学期,77548,教302,0.0,否,,1,32,,0,0,建设工程项目管理,1,第5节-第6节,教学楼,29010610
32.0,400280,景观规划设计及其理论(20171-29010650-1),201712901065077549,,1,,31,1-18周,0,尹航,1-18周 周五 第3节-第4节 教301,2.0,建筑与城市规划学院,否,理论类课程,周五,2017-2018-1,,201712901065077549,"2014建筑与城市规划学院建筑学,2015建筑与城市规划学院城乡规划",0,鼓楼校区,2017-2018学年 第1学期,77549,教301,0.0,否,,1,32,,0,0,风景园林历史与理论,1,第3节-第4节,教学楼,29010650
32.0,400280,建筑节能与绿色建筑(20171-29010660-1),201712901066078090,,1,,4,1-18周,0,秦孟昊,1-18周 周一 第3节-第4节 教302,2.0,建筑与城市规划学院,否,理论类课程,周一,2017-2018-1,,201712901066078090,2014建筑与城市规划学院建筑学,0,鼓楼校区,2017-2018学年 第1学期,78090,教302,0.0,否,,1,32,,0,0,建筑节能与绿色建筑,1,第3节-第4节,教学楼,29010660
64.0,400280,建筑设计（三）(20171-29011110-1),201712901111077739,,1,,27,"1-9周,1-9周",0,"童滋雨,窦平平,周凌","1-9周 周二 第3节-第6节 ,1-9周 周三 第3节-第6节 ",4.0,建筑与城市规划学院,否,,"周二,周三",2017-2018-1,,201712901111077739,2015建筑与城市规划学院建筑学,0,鼓楼校区,2017-2018学年 第1学期,77739,"费210,费210",,否,,,,,,0,建筑设计（三）,,"第3节-第6节,第3节-第6节",,29011110
64.0,400280,建筑设计（四）(20171-29011140-1),201712901114077738,,1,,27,"10-18周,10-18周",0,"窦平平,周凌,童滋雨","10-18周 周二 第3节-第6节 ,10-18周 周三 第3节-第6节 ",4.0,建筑与城市规划学院,否,理论+实验课程,"周二,周三",2017-2018-1,,201712901114077738,2015建筑与城市规划学院建筑学,0,鼓楼校区,2017-2018学年 第1学期,77738,"费210,费210",,否,,6,,,,0,建筑设计（四）,,"第3节-第6节,第3节-第6节",,29011140
64.0,400280,建筑设计（七）(20171-29011200-1),201712901120077544,,1,,29,"1-9周,1-9周",0,"华晓宁,吉国华,尹航","1-9周 周二 第3节-第6节 ,1-9周 周三 第3节-第6节 ",4.0,建筑与城市规划学院,否,理论+实验课程,"周二,周三",2017-2018-1,,201712901120077544,2014建筑与城市规划学院建筑学,0,鼓楼校区,2017-2018学年 第1学期,77544,"费203,费203",,否,,6,,,,0,建筑设计（七）,,"第3节-第6节,第3节-第6节",,29011200
64.0,400280,建筑设计（八）(20171-29011230-1),201712901123077545,,1,,29,"10-18周,10-18周",0,"唐莲,丁沃沃,尹航","10-18周 周二 第3节-第6节 ,10-18周 周三 第3节-第6节 ",4.0,建筑与城市规划学院,否,理论+实验课程,"周二,周三",2017-2018-1,,201712901123077545,2014建筑与城市规划学院建筑学,0,鼓楼校区,2017-2018学年 第1学期,77545,"费203,费203",,否,,6,,,,0,建筑设计（八）,,"第3节-第6节,第3节-第6节",,29011230
32.0,400280,科学与艺术(20171-29011250-1),201712901125078715,,3,,300,4-18周,0,"丁沃沃,邬烈炎",4-18周 周五 第5节-第6节 ,2.0,建筑与城市规划学院,否,理论+实验课程,周五,2017-2018-1,,201712901125078715,2017*工科试验班*工科试验班,0,仙林校区,2017-2018学年 第1学期,78715,南京艺术学院,,否,,6,,,,0,科学与艺术,,第5节-第6节,,29011250
48.0,400280,城乡规划原理（1）规划总论(20171-29020040A-1),2017129020040A77535,,1,,59,1-18周,0,张京祥,1-18周 周四 第5节-第7节 教101,3.0,建筑与城市规划学院,否,理论类课程,周四,2017-2018-1,,2017129020040A77535,"2015建筑与城市规划学院建筑学,2015建筑与城市规划学院城乡规划",0,鼓楼校区,2017-2018学年 第1学期,77535,教101,0.0,否,,1,48,,0,0,城乡规划原理（1）规划总论,1,第5节-第7节,教学楼,29020040A
48.0,400280,城乡规划原理（3）控规设计(20171-29020040C-1),2017129020040C77557,,1,,32,1-18周,0,"于涛,罗震东",1-18周 周二 第5节-第7节 ,3.0,建筑与城市规划学院,否,,周二,2017-2018-1,,2017129020040C77557,2014建筑与城市规划学院城乡规划,0,鼓楼校区,2017-2018学年 第1学期,77557,费202,,否,,,,,,0,城乡规划原理（3）控规设计,,第5节-第7节,,29020040C
48.0,400280,城市道路交通规划与设计(20171-29020060-1),201712902006077534,,1,,61,1-18周,0,石飞,1-18周 周四 第2节-第4节 教205,3.0,建筑与城市规划学院,否,理论类课程,周四,2017-2018-1,,201712902006077534,"2014建筑与城市规划学院建筑学,2015建筑与城市规划学院城乡规划,2015建筑与城市规划学院建筑学,2014建筑与城市规划学院城乡规划",0,鼓楼校区,2017-2018学年 第1学期,77534,教205,0.0,否,,1,48,,0,0,城市道路交通规划与设计,1,第2节-第4节,教学楼,29020060
48.0,400280,数字城市规划与设计(20171-29020070-1),201712902007077556,,1,,32,"1-18周,1-18周",0,"徐建刚,胡宏","1-18周 周三 第3节-第4节 教302,1-18周 周三 第5节-第6节 ",3.0,建筑与城市规划学院,否,理论+实验课程,"周三,周三",2017-2018-1,,201712902007077556,2014建筑与城市规划学院城乡规划,0,鼓楼校区,2017-2018学年 第1学期,77556,"教302,计算中心300",32.0,否,,6,32,,0,0,数字城市规划与设计,1,"第3节-第4节,第5节-第6节",教学楼,29020070
48.0,400280,城市工程系统规划与设计(20171-29020140-1),201712902014077560,,1,,31,1-18周,0,耿土锁,1-18周 周二 第5节-第7节 教301,3.0,建筑与城市规划学院,否,理论类课程,周二,2017-2018-1,,201712902014077560,2015建筑与城市规划学院城乡规划,0,鼓楼校区,2017-2018学年 第1学期,77560,教301,0.0,否,,1,48,,0,0,城市工程系统规划与设计,1,第5节-第7节,教学楼,29020140
32.0,400280,城市地理学(20171-29020150-1),201712902015077745,,3,,31,1-18周,0,黄春晓,1-18周 周二 第3节-第4节 仙Ⅰ-114,2.0,建筑与城市规划学院,否,理论类课程,周二,2017-2018-1,,201712902015077745,2016建筑与城市规划学院城乡规划,0,仙林校区,2017-2018学年 第1学期,77745,仙Ⅰ-114,0.0,否,,1,32,,0,0,城市地理学,11,第3节-第4节,仙I区,29020150
32.0,400280,城市与区域规划实务讲座(20171-29020190-1),201712902019077551,,1,,35,1-18周,0,姚鑫,1-18周 周一 第5节-第6节 教301,2.0,建筑与城市规划学院,否,理论类课程,周一,2017-2018-1,,201712902019077551,2013建筑与城市规划学院城乡规划,0,鼓楼校区,2017-2018学年 第1学期,77551,教301,0.0,否,,1,32,,0,0,城市与区域规划实务讲座,1,第5节-第6节,教学楼,29020190
32.0,400280,区域分析与区域规划(20171-29020250-1),201712902025077558,,1,,31,1-18周,0,翟国方,1-18周 周五 第5节-第6节 教302,2.0,建筑与城市规划学院,否,理论+实践课程,周五,2017-2018-1,,201712902025077558,2014建筑与城市规划学院城乡规划,0,鼓楼校区,2017-2018学年 第1学期,77558,教302,0.0,否,,5,32,,16,0,区域发展与规划,1,第5节-第6节,教学楼,29020250
32.0,400280,经济地理学(20171-29020260-1),201712902026077743,,3,,33,1-18周,0,罗小龙,1-18周 周一 第1节-第2节 仙Ⅰ-114,2.0,建筑与城市规划学院,否,理论类课程,周一,2017-2018-1,,201712902026077743,2016建筑与城市规划学院城乡规划,0,仙林校区,2017-2018学年 第1学期,77743,仙Ⅰ-114,0.0,否,,1,32,,0,0,经济地理学,11,第1节-第2节,仙I区,29020260
16.0,400280,城市区域认知实践(20171-29020270-1),201712902027077562,,1,,26,1-18周,0,"冯建喜,杨舢",1-18周 自由时间 - 自由地点,1.0,建筑与城市规划学院,否,理论+实践课程,自由时间,2017-2018-1,,201712902027077562,2015建筑与城市规划学院城乡规划,0,鼓楼校区,2017-2018学年 第1学期,77562,自由地点,0.0,否,,5,2,,2,0,城市区域认知实践,388,自由时间,虚拟区域（仙林）,29020270
96.0,400280,规划师业务实践(20171-29020280-1),201712902028077550,,1,,34,1-18周,0,罗小龙,1-18周 自由时间 - 自由地点,6.0,建筑与城市规划学院,否,实践类课程,自由时间,2017-2018-1,,201712902028077550,2013建筑与城市规划学院城乡规划,0,鼓楼校区,2017-2018学年 第1学期,77550,自由地点,0.0,否,,3,0,,96,0,规划师业务实践,188,自由时间,虚拟区域（鼓楼）,29020280
32.0,400280,规划管理与法规(20171-29020310-1),201712902031077555,,1,,31,1-18周,0,葛幼松,1-18周 周一 第5节-第6节 教206,2.0,建筑与城市规划学院,否,理论类课程,周一,2017-2018-1,,201712902031077555,2014建筑与城市规划学院城乡规划,0,鼓楼校区,2017-2018学年 第1学期,77555,教206,0.0,否,,1,32,,0,0,规划管理与法规,1,第5节-第6节,教学楼,29020310
32.0,400280,住房与社区规划(20171-29020320-1),201712902032077554,,1,,31,1-18周,0,钱慧,1-18周 周二 第3节-第4节 教302,2.0,建筑与城市规划学院,否,理论+实践课程,周二,2017-2018-1,,201712902032077554,2014建筑与城市规划学院城乡规划,0,鼓楼校区,2017-2018学年 第1学期,77554,教302,0.0,否,,5,26,,6,0,住房与社区规划,1,第3节-第4节,教学楼,29020320
32.0,400280,城市与区域规划理论讲座(20171-29020380-1),201712902038077552,,1,,35,1-18周,0,姚鑫,1-18周 周二 第3节-第4节 教303,2.0,建筑与城市规划学院,否,理论类课程,周二,2017-2018-1,,201712902038077552,2013建筑与城市规划学院城乡规划,0,鼓楼校区,2017-2018学年 第1学期,77552,教303,0.0,否,,1,32,,0,0,城市与区域规划理论讲座,1,第3节-第4节,教学楼,29020380
96.0,400280,专业生产实习(20171-29020540-1),201712902054077553,,1,,30,1-18周,0,罗小龙,1-18周 自由时间 - 自由地点,6.0,建筑与城市规划学院,否,实践类课程,自由时间,2017-2018-1,,201712902054077553,2014建筑与城市规划学院城乡规划,0,鼓楼校区,2017-2018学年 第1学期,77553,自由地点,0.0,否,,3,0,,96,0,专业生产实习,188,自由时间,虚拟区域（鼓楼）,29020540
64.0,400280,城乡规划原理（2）修详设计(20171-29020810-1),201712902081077561,,1,,30,1-18周,0,"沈丽珍,张益峰",1-18周 周三 第3节-第7节 ,4.0,建筑与城市规划学院,否,理论+实验课程,周三,2017-2018-1,,201712902081077561,2015建筑与城市规划学院城乡规划,0,鼓楼校区,2017-2018学年 第1学期,77561,费204,,否,,6,,,,0,城乡规划原理（2）修详设计,,第3节-第7节,,29020810
64.0,400280,建筑设计(1)(20171-29020830-1),201712902083077744,,3,,25,1-18周,0,"张益峰,顾媛媛",1-18周 周五 第3节-第7节 ,4.0,建筑与城市规划学院,否,理论+实验课程,周五,2017-2018-1,,201712902083077744,2016建筑与城市规划学院城乡规划,0,仙林校区,2017-2018学年 第1学期,77744,基础实验楼丙211,,否,,6,,,,0,建筑设计(1),,第3节-第7节,,29020830
48.0,000000,微观经济学(20172-34000010-1),201713400001081453,,3,,136,1-18周,0,第二专业—微观经济学教师,1-18周 自由时间 第1节-第2节 ,3.0,公共课程,否,,自由时间,2017-2018-1,,201713400001081453,,0,仙林校区,2017-2018学年 第1学期,81453,无,,否,,,,,,0,微观经济学,,第1节-第2节,,34000010
48.0,000000,宏观经济学(20172-34000020-1),201713400002081448,,3,,96,1-18周,0,第二专业—宏观经济学教师,1-18周 自由时间 第1节-第2节 ,3.0,公共课程,否,,自由时间,2017-2018-1,,201713400002081448,,0,仙林校区,2017-2018学年 第1学期,81448,无,,否,,,,,,0,宏观经济学,,第1节-第2节,,34000020
48.0,000000,会计学(20172-34000030-1),201713400003081449,,3,,120,1-18周,0,第二专业—会计学教师,1-18周 自由时间 第1节-第2节 ,3.0,公共课程,否,,自由时间,2017-2018-1,,201713400003081449,,0,仙林校区,2017-2018学年 第1学期,81449,无,,否,,,,,,0,会计学,,第1节-第2节,,34000030
48.0,000000,管理学(20172-34000040-1),201713400004081447,,3,,36,1-18周,0,第二专业—管理学教师,1-18周 自由时间 第1节-第2节 ,3.0,公共课程,否,,自由时间,2017-2018-1,,201713400004081447,,0,仙林校区,2017-2018学年 第1学期,81447,无,,否,,,,,,0,管理学,,第1节-第2节,,34000040
48.0,000000,政治经济学（上）(20172-34000050A-1),2017134000050A81454,,3,,80,1-18周,0,第二专业—政治经济学教师,1-18周 自由时间 第1节-第2节 ,3.0,公共课程,否,,自由时间,2017-2018-1,,2017134000050A81454,,0,仙林校区,2017-2018学年 第1学期,81454,无,,否,,,,,,0,政治经济学（上）,,第1节-第2节,,34000050A
48.0,000000,国际金融学,201713400013079076,,3,,53,,0,第二专业—国际金融学, 自由时间 - ,3.0,公共课程,否,,自由时间,2017-2018-1,,201713400013079076,,0,仙林校区,2017-2018学年 第1学期,79076,无,,否,,,,,,0,国际金融学,,自由时间,,34000130
48.0,000000,计量经济学(20172-34000180-1),201713400018081450,,3,,54,1-18周,0,第二专业—计量经济学教师,1-18周 自由时间 第1节-第2节 ,3.0,公共课程,否,,自由时间,2017-2018-1,,201713400018081450,,0,仙林校区,2017-2018学年 第1学期,81450,无,,否,,,,,,0,计量经济学,,第1节-第2节,,34000180
48.0,000000,成本会计,201713400019079078,,3,,33,,0,第二专业—成本会计教师, 自由时间 - ,3.0,公共课程,否,,自由时间,2017-2018-1,,201713400019079078,,0,仙林校区,2017-2018学年 第1学期,79078,无,,否,,,,,,0,成本会计,,自由时间,,34000190
48.0,000000,管理会计,201713400020079079,,3,,32,,0,第二专业—管理会计教师, 自由时间 - ,3.0,公共课程,否,,自由时间,2017-2018-1,,201713400020079079,,0,仙林校区,2017-2018学年 第1学期,79079,无,,否,,,,,,0,管理会计,,自由时间,,34000200
48.0,000000,高级财务会计(20172-34000230-1),201713400023081446,,3,,32,1-18周,0,第二专业—财务会计,1-18周 自由时间 第1节-第2节 ,3.0,公共课程,否,,自由时间,2017-2018-1,,201713400023081446,,0,仙林校区,2017-2018学年 第1学期,81446,无,,否,,,,,,0,高级财务会计,,第1节-第2节,,34000230
48.0,000000,电子商务(20172-34000250-1),201713400025081445,,3,,34,1-18周,0,第二专业-电子商务,1-18周 自由时间 第1节-第2节 ,3.0,公共课程,否,,自由时间,2017-2018-1,,201713400025081445,,0,仙林校区,2017-2018学年 第1学期,81445,无,,否,,,,,,0,电子商务,,第1节-第2节,,34000250
48.0,000000,市场营销(20172-34000270-1),201713400027081452,,3,,33,1-18周,0,第二专业－市场营销教师,1-18周 自由时间 第1节-第2节 ,3.0,公共课程,否,,自由时间,2017-2018-1,,201713400027081452,,0,仙林校区,2017-2018学年 第1学期,81452,无,,否,,,,,,0,市场营销,,第1节-第2节,,34000270
48.0,000000,金融市场与机构(20172-34000280-1),201713400028081451,,3,,52,1-18周,0,第二专业－金融市场与机构教师,1-18周 自由时间 第1节-第2节 ,3.0,公共课程,否,,自由时间,2017-2018-1,,201713400028081451,,0,仙林校区,2017-2018学年 第1学期,81451,无,,否,,,,,,0,金融市场与机构,,第1节-第2节,,34000280
48.0,000000,货币金融学,201713400030079077,,3,,56,,0,第二专业-货币金融学教师, 自由时间 - ,3.0,公共课程,否,,自由时间,2017-2018-1,,201713400030079077,,0,仙林校区,2017-2018学年 第1学期,79077,无,,否,,,,,,0,货币金融学,,自由时间,,34000300
32.0,000000,西方音乐通论(20171-37100180-1),201713710018078239,,3,文化素质选修,199,2-17周,0,吕晓一,2-17周 周一 第9节-第10节 仙Ⅱ-207,2.0,公共课程,否,理论类课程,周一,2017-2018-1,,201713710018078239,,0,仙林校区,2017-2018学年 第1学期,78239,仙Ⅱ-207,0.0,否,07,1,32,,0,0,西方音乐通论,12,第9节-第10节,仙II区,37100180
32.0,000000,中华玉器鉴赏(20171-37100250-1),201713710025078206,,3,文化素质选修,100,2-17周,0,郭继春,2-17周 周四 第7节-第8节 仙Ⅱ-406,2.0,公共课程,否,理论类课程,周四,2017-2018-1,,201713710025078206,,0,仙林校区,2017-2018学年 第1学期,78206,仙Ⅱ-406,0.0,否,07,1,32,,0,0,中华玉器鉴赏,12,第7节-第8节,仙II区,37100250
32.0,000000,幸福心理学(20171-37100290-1),201713710029078232,,3,文化素质选修,95,2-17周,0,费俊峰,2-17周 周一 第7节-第8节 ,2.0,公共课程,否,理论类课程,周一,2017-2018-1,,201713710029078232,,0,仙林校区,2017-2018学年 第1学期,78232,敬文学生活动中心 213,0.0,否,07,1,32,,0,0,幸福心理学,,第7节-第8节,,37100290
32.0,000000,影视中的人物心理(20171-37100300-1),201713710030078227,,3,文化素质选修,195,2-17周,0,谈文娟,2-17周 周一 第7节-第8节 仙Ⅰ-207,2.0,公共课程,否,理论类课程,周一,2017-2018-1,,201713710030078227,,0,仙林校区,2017-2018学年 第1学期,78227,仙Ⅰ-207,0.0,否,07,1,32,,0,0,影视中的人物心理,11,第7节-第8节,仙I区,37100300
32.0,000000,公文写作(20171-37100320-1),201713710032078154,,3,文化素质选修,180,2-17周,0,周欣展,2-17周 周三 第7节-第8节 仙Ⅰ-207,2.0,公共课程,否,理论类课程,周三,2017-2018-1,,201713710032078154,,0,仙林校区,2017-2018学年 第1学期,78154,仙Ⅰ-207,0.0,否,07,1,32,,0,0,公文写作,11,第7节-第8节,仙I区,37100320
32.0,000000,“周易”与中国文化(20171-37100330-1),201713710033078272,,3,文化素质选修,97,2-17周,0,吴正岚,2-17周 周三 第7节-第8节 逸B-205,2.0,公共课程,否,理论类课程,周三,2017-2018-1,,201713710033078272,,0,仙林校区,2017-2018学年 第1学期,78272,逸B-205,0.0,否,07,1,32,,0,0,“周易”与中国文化,16,第7节-第8节,逸夫楼B区,37100330
32.0,000000,中外声乐精品赏析(20171-37100340-1),201713710034078241,,3,文化素质选修,186,2-17周,0,陈晓艳,2-17周 周一 第7节-第8节 仙Ⅰ-319,2.0,公共课程,否,理论类课程,周一,2017-2018-1,,201713710034078241,,0,仙林校区,2017-2018学年 第1学期,78241,仙Ⅰ-319,0.0,否,07,1,32,,0,0,中外声乐精品赏析,11,第7节-第8节,仙I区,37100340
32.0,000000,“前四史”导读(20171-37100420-1),201713710042078163,,3,文化素质选修,159,2-17周,0,成祖明,2-17周 周四 第9节-第10节 仙Ⅰ-206,2.0,公共课程,否,理论类课程,周四,2017-2018-1,,201713710042078163,,0,仙林校区,2017-2018学年 第1学期,78163,仙Ⅰ-206,0.0,否,07,1,32,,0,0,“前四史”导读,11,第9节-第10节,仙I区,37100420
32.0,000000,世界中古文明(20171-37100450-1),201713710045078160,,3,文化素质选修,154,2-17周,0,张红,2-17周 周四 第7节-第8节 逸A-117,2.0,公共课程,否,理论类课程,周四,2017-2018-1,,201713710045078160,,0,仙林校区,2017-2018学年 第1学期,78160,逸A-117,0.0,否,07,1,32,,0,0,世界中古文明,15,第7节-第8节,逸夫楼A区,37100450
32.0,000000,中国古代社会与古代思想文化(20171-37100460-1),201713710046078266,,1,文化素质选修,140,2-17周,0,申屠炉明,2-17周 周二 第7节-第8节 教101,2.0,公共课程,否,理论类课程,周二,2017-2018-1,,201713710046078266,,0,鼓楼校区,2017-2018学年 第1学期,78266,教101,0.0,否,07,1,32,,0,0,中国古代社会与古代思想文化,1,第7节-第8节,教学楼,37100460
32.0,000000,现代音乐的历史与流派(20171-37100510-1),201713710051078254,,3,文化素质选修,166,2-17周,0,钱君,2-17周 周二 第9节-第10节 逸A-117,2.0,公共课程,否,理论类课程,周二,2017-2018-1,,201713710051078254,,0,仙林校区,2017-2018学年 第1学期,78254,逸A-117,0.0,否,07,1,32,,0,0,现代音乐的历史与流派,15,第9节-第10节,逸夫楼A区,37100510
32.0,000000,交响音乐欣赏(20171-37100520-1),201713710052078257,,3,文化素质选修,186,2-17周,0,钱君,2-17周 周一 第9节-第10节 仙Ⅰ-206,2.0,公共课程,否,理论类课程,周一,2017-2018-1,,201713710052078257,,0,仙林校区,2017-2018学年 第1学期,78257,仙Ⅰ-206,0.0,否,07,1,32,,0,0,交响音乐欣赏,11,第9节-第10节,仙I区,37100520
32.0,000000,营养与健康(20171-37100550-1),201713710055078335,,3,文化素质选修,139,2-17周,0,郑伟娟,2-17周 周二 第7节-第8节 仙Ⅰ-524,2.0,公共课程,否,理论类课程,周二,2017-2018-1,,201713710055078335,,0,仙林校区,2017-2018学年 第1学期,78335,仙Ⅰ-524,0.0,否,07,1,32,,0,0,营养与健康,11,第7节-第8节,仙I区,37100550
32.0,000000,中国的宗教文化(20171-37100690-1),201713710069078556,,3,文化素质选修,97,2-17周,0,杨德睿,2-17周 周三 第9节-第10节 逸B-405,2.0,公共课程,否,理论类课程,周三,2017-2018-1,,201713710069078556,,0,仙林校区,2017-2018学年 第1学期,78556,逸B-405,0.0,否,07,1,32,,0,0,中国的宗教文化,16,第9节-第10节,逸夫楼B区,37100690
32.0,000000,先秦诸子选读(20171-37100720-1),201713710072078155,,3,文化素质选修,135,2-17周,0,"颜世安,武黎嵩",2-17周 周三 第9节-第10节 仙Ⅰ-524,2.0,公共课程,否,理论类课程,周三,2017-2018-1,,201713710072078155,,0,仙林校区,2017-2018学年 第1学期,78155,仙Ⅰ-524,0.0,否,07,1,32,,0,0,先秦诸子选读,11,第9节-第10节,仙I区,37100720
32.0,000000,健康与变态心理学(20171-37100740-1),201713710074078231,,3,文化素质选修,99,2-17周,0,谈文娟,2-17周 周四 第7节-第8节 仙Ⅱ-304,2.0,公共课程,否,理论类课程,周四,2017-2018-1,,201713710074078231,,0,仙林校区,2017-2018学年 第1学期,78231,仙Ⅱ-304,0.0,否,07,1,32,,0,0,健康与变态心理学,12,第7节-第8节,仙II区,37100740
32.0,000000,比较社会学(20171-78003350-1),201713710076078555,,3,文化素质选修,38,2-17周,0,朱安新,2-17周 周五 第9节-第10节 仙Ⅱ-217,2.0,公共课程,否,理论类课程,周五,2017-2018-1,,201713710076078555,,0,仙林校区,2017-2018学年 第1学期,78555,仙Ⅱ-217,0.0,否,07,1,32,,0,0,比较社会学,12,第9节-第10节,仙II区,37100760
32.0,000000,20世纪欧洲哲学思想(20171-37100810-1),201713710081078191,,3,文化素质选修,20,2-17周,0,Kangal Kaan,2-17周 周二 第7节-第8节 仙Ⅰ-409,2.0,公共课程,否,理论类课程,周二,2017-2018-1,,201713710081078191,,0,仙林校区,2017-2018学年 第1学期,78191,仙Ⅰ-409,0.0,否,07,1,32,,0,0,20世纪欧洲哲学思想,11,第7节-第8节,仙I区,37100810
16.0,000000,法学导论(20171-37203002-1),201713720300278627,,3,导学课,100,6-13周,0,"周安平,叶金强,解亘,李友根",6-13周 周四 第7节-第8节 仙Ⅱ-306,1.0,公共课程,否,理论类课程,周四,2017-2018-1,,201713720300278627,,0,仙林校区,2017-2018学年 第1学期,78627,仙Ⅱ-306,0.0,否,08,1,16,,0,0,法学导论,12,第7节-第8节,仙II区,37203002
16.0,000000,法学导论(20171-37203002-2),201713720300278628,,3,导学课,99,6-13周,0,"解亘,叶金强,周安平,李友根",6-13周 周五 第5节-第6节 仙Ⅱ-306,1.0,公共课程,否,理论类课程,周五,2017-2018-1,,201713720300278628,,0,仙林校区,2017-2018学年 第1学期,78628,仙Ⅱ-306,0.0,否,08,1,16,,0,0,法学导论,12,第5节-第6节,仙II区,37203002
16.0,000000,学在南哲(20171-37204001-1),201713720400178558,,3,导学课,70,"6-15周,6-16周",0,"张亮,刘鹏,孟振华","6-16周 自由时间 - ,6-15周 自由时间 - ",1.0,公共课程,否,理论类课程,"自由时间,自由时间",2017-2018-1,,201713720400178558,,0,仙林校区,2017-2018学年 第1学期,78558,"详见“中国大学MOOC”网站上《学在南哲》通知，10-11月份集中进行3次授课，具体以讲座或讨论的形式进行,http://jw.nju.edu.cn/ContentList.aspx?MType=PX-WZSY-ZXTZ&FType=WZSY",0.0,否,08,1,16,,0,0,学在南哲：哲学与哲人,,"自由时间,自由时间",,37204001
16.0,000000,学在南哲(20171-37204001-2),201713720400179015,,3,导学课,70,"6-15周,6-15周",0,"张亮,刘鹏,孟振华","6-15周 自由时间 - ,6-15周 自由时间 - ",1.0,公共课程,否,理论类课程,"自由时间,自由时间",2017-2018-1,,201713720400179015,,0,仙林校区,2017-2018学年 第1学期,79015,"线上网络授课：9月底-10月初在“中国大学MOOC”进行注册选课（学生注册用户名统一格式为南大_学号_姓名），课程学习时间持续2个月，学生需完成相关学习和测试，网址http://www.icourse163.org/course/nju-1001614017,http://jw.nju.edu.cn/ContentList.aspx?MType=PX-WZSY-ZXTZ&FType=WZSY",0.0,否,08,1,16,,0,0,学在南哲：哲学与哲人,,"自由时间,自由时间",,37204001
16.0,000000,学在南哲(20171-37204001-3),201713720400179016,,3,导学课,58,"6-16周,6-15周",0,"张亮,刘鹏,孟振华","6-16周 自由时间 - ,6-15周 自由时间 - ",1.0,公共课程,否,理论类课程,"自由时间,自由时间",2017-2018-1,,201713720400179016,,0,仙林校区,2017-2018学年 第1学期,79016,"http://jw.nju.edu.cn/ContentList.aspx?MType=PX-WZSY-ZXTZ&FType=WZSY,线下课堂授课：10-11月份集中进行3次授课，具体以讲座或讨论的形式进行",0.0,否,08,1,16,,0,0,学在南哲：哲学与哲人,,"自由时间,自由时间",,37204001
16.0,000000,行政管理：专业、职业与人生(20171-37206001-1),201713720600178559,,3,导学课,79,6-13周,0,"孔繁斌,笪素林,李永刚,王强",6-13周 周四 第7节-第8节 仙Ⅰ-102,1.0,公共课程,否,理论类课程,周四,2017-2018-1,,201713720600178559,,0,仙林校区,2017-2018学年 第1学期,78559,仙Ⅰ-102,0.0,否,08,1,16,,0,0,行政管理：专业、职业与人生,11,第7节-第8节,仙I区,37206001
16.0,000000,社会保障导学(20171-37206002-1),201713720600278560,,3,导学课,50,6-13周,0,"严新明,顾海,林闽钢,童星,朱国云,任正臣,庞绍堂,周沛",6-13周 周二 第7节-第8节 仙Ⅱ-310,1.0,公共课程,否,理论类课程,周二,2017-2018-1,,201713720600278560,,0,仙林校区,2017-2018学年 第1学期,78560,仙Ⅱ-310,0.0,否,08,1,16,,0,0,社会保障导学,12,第7节-第8节,仙II区,37206002
16.0,000000,政治学与行政学专业新生导学(20171-37206003-1),201713720600378561,,3,导学课,43,6-13周,0,肖唐镖,6-13周 周五 第5节-第6节 仙Ⅱ-317,1.0,公共课程,否,理论类课程,周五,2017-2018-1,,201713720600378561,,0,仙林校区,2017-2018学年 第1学期,78561,仙Ⅱ-317,0.0,否,08,1,16,,0,0,政治世界的奇趣旅行——政治学与行政学入门,12,第5节-第6节,仙II区,37206003
16.0,000000,国际政治新生导学课(20171-37206004-1),201713720600478618,,3,导学课,45,6-13周,0,"毛维准,吕磊,赵光锐",6-13周 周五 第7节-第8节 仙Ⅱ-317,1.0,公共课程,否,理论类课程,周五,2017-2018-1,,201713720600478618,,0,仙林校区,2017-2018学年 第1学期,78618,仙Ⅱ-317,0.0,否,08,1,16,,0,0,国际政治新生导学课,12,第7节-第8节,仙II区,37206004
16.0,000000,档案学新生导学课(20171-37207003-1),201713720700378562,,3,导学课,30,6-13周,0,吴建华,6-13周 周二 第9节-第10节 仙Ⅰ-211,1.0,公共课程,否,理论类课程,周二,2017-2018-1,,201713720700378562,,0,仙林校区,2017-2018学年 第1学期,78562,仙Ⅰ-211,0.0,否,08,1,16,,0,0,档案学新生导学课,11,第9节-第10节,仙I区,37207003
16.0,000000,信息管理与信息系统学科入门(20171-37207004-1),201713720700478563,,3,导学课,192,6-13周,0,"孙建军,杨建林,朱庆华,袁勤俭",6-13周 周一 第9节-第10节 仙Ⅰ-319,1.0,公共课程,否,理论类课程,周一,2017-2018-1,,201713720700478563,,0,仙林校区,2017-2018学年 第1学期,78563,仙Ⅰ-319,0.0,否,08,1,16,,0,0,信息管理与信息系统学科入门,11,第9节-第10节,仙I区,37207004
16.0,000000,与社会学的一次美好相遇——社会学导学课(20171-37208001-1),201713720800178593,,3,导学课,69,6-13周,0,"周晓虹,贺晓星,吴愈晓,闵学勤,汪和建,方长春,陆远,成伯清,翟学伟",6-13周 周三 第5节-第6节 仙Ⅰ-317,1.0,公共课程,否,理论类课程,周三,2017-2018-1,,201713720800178593,,0,仙林校区,2017-2018学年 第1学期,78593,仙Ⅰ-317,0.0,否,08,1,16,,0,0,与社会学的一次美好相遇——社会学导学课,11,第5节-第6节,仙I区,37208001
16.0,000000,社会工作的邀请——社会工作导学课(20171-37208002-1),201713720800278594,,3,导学课,70,6-13周,0,"沈晖,郭未,田蓉,彭华民,肖萍,陈友华",6-13周 周二 第7节-第8节 仙Ⅰ-204,1.0,公共课程,否,理论类课程,周二,2017-2018-1,,201713720800278594,,0,仙林校区,2017-2018学年 第1学期,78594,仙Ⅰ-204,0.0,否,08,1,16,,0,0,社会工作的邀请——社会工作导学课,11,第7节-第8节,仙I区,37208002
16.0,000000,走进心理学——心理学导学课(20171-37208003-1),201713720800378596,,3,导学课,70,6-13周,0,"唐日新,桑志芹,AnnetteHillers,周仁来,肖承丽,李岩松,王波,耿柳娜",6-13周 周三 第3节-第4节 仙Ⅱ-112,1.0,公共课程,否,理论类课程,周三,2017-2018-1,,201713720800378596,,0,仙林校区,2017-2018学年 第1学期,78596,仙Ⅱ-112,0.0,否,08,1,16,,0,0,走进心理学——心理学导学课,12,第3节-第4节,仙II区,37208003
16.0,000000,经济学导学(20171-37209001-1),201713720900178616,,3,导学课,200,7-17周(单),0,"巫强,路瑶,王宇伟,张谊浩,韩剑,袁成,安礼伟,郑江淮,吴福象",7-17周(单) 周一 第5节-第6节 仙Ⅰ-107,1.0,公共课程,否,理论类课程,周一,2017-2018-1,,201713720900178616,,0,仙林校区,2017-2018学年 第1学期,78616,仙Ⅰ-107,0.0,否,08,1,16,,0,0,经济学导学,11,第5节-第6节,仙I区,37209001
16.0,000000,走进德语世界(20171-37210001-1),201713721000178564,,3,导学课,24,6-13周,0,"孔德明,王露杨,常晅,李彬,陈民",6-13周 周二 第7节-第8节 仙Ⅰ-512,1.0,公共课程,否,理论类课程,周二,2017-2018-1,,201713721000178564,,0,仙林校区,2017-2018学年 第1学期,78564,仙Ⅰ-512,0.0,否,08,1,16,,0,0,走进德语世界,11,第7节-第8节,仙I区,37210001
16.0,000000,俄语语言文化导学(20171-37210002-1),201713721000278565,,3,导学课,29,6-13周,0,"赵丹,汪磊,王加兴,赵杨,孙飞燕,徐来娣,范洁清,张俊翔,段丽君,杨正",6-13周 周一 第5节-第6节 仙Ⅰ-316,1.0,公共课程,否,理论类课程,周一,2017-2018-1,,201713721000278565,,0,仙林校区,2017-2018学年 第1学期,78565,仙Ⅰ-316,0.0,否,08,1,16,,0,0,俄语语言文化导学,11,第5节-第6节,仙I区,37210002
16.0,000000,日语语言文学导学(20171-37210003-1),201713721000378566,,3,导学课,20,6-13周,0,"彭曦,王奕红",6-13周 周二 第7节-第8节 仙Ⅰ-513,1.0,公共课程,否,理论类课程,周二,2017-2018-1,,201713721000378566,,0,仙林校区,2017-2018学年 第1学期,78566,仙Ⅰ-513,0.0,否,08,1,16,,0,0,日语语言文学导学,11,第7节-第8节,仙I区,37210003
16.0,000000,法语语言文学导学(20171-37210004-1),201713721000478567,,3,导学课,29,6-13周,0,"高方,张新木,刘云虹,王晶",6-13周 周四 第7节-第8节 仙Ⅰ-502,1.0,公共课程,否,理论类课程,周四,2017-2018-1,,201713721000478567,,0,仙林校区,2017-2018学年 第1学期,78567,仙Ⅰ-502,0.0,否,08,1,16,,0,0,法语语言文学导学,11,第7节-第8节,仙I区,37210004
16.0,000000,走进西班牙语世界(20171-37210006-1),201713721000678569,,3,导学课,30,6-13周,0,"李易非,宋尽冬,张伟劼,裴枫,李静,谭薇",6-13周 周三 第5节-第6节 仙Ⅰ-111,1.0,公共课程,否,理论类课程,周三,2017-2018-1,,201713721000678569,,0,仙林校区,2017-2018学年 第1学期,78569,仙Ⅰ-111,0.0,否,08,1,16,,0,0,走进西班牙语世界,11,第5节-第6节,仙I区,37210006
16.0,000000,朝鲜（韩国）语言文化导学(20171-37210007-1),201713721000778568,,3,导学课,21,6-13周,0,"吴玉梅,徐黎明,郑墡谟,尹海燕,尹恩子,李锦花,崔昌竻",6-13周 周五 第3节-第4节 仙Ⅰ-114,1.0,公共课程,否,理论类课程,周五,2017-2018-1,,201713721000778568,,0,仙林校区,2017-2018学年 第1学期,78568,仙Ⅰ-114,0.0,否,08,1,16,,0,0,朝鲜（韩国）语言文化导学,11,第3节-第4节,仙I区,37210007
16.0,000000,走进数学(20171-37211001-1),201713721100178629,,3,导学课,191,7-17周(单),0,秦厚荣,7-17周(单) 周二 第7节-第8节 仙Ⅰ-319,1.0,公共课程,否,理论类课程,周二,2017-2018-1,,201713721100178629,,0,仙林校区,2017-2018学年 第1学期,78629,仙Ⅰ-319,0.0,否,08,1,16,,0,0,走进数学,11,第7节-第8节,仙I区,37211001
16.0,000000,物理的前生、今世与未来(20171-37212001-1),201713721200178597,,3,导学课,200,6-13周,0,"李俊,吴小山,沈瑞,祝世宁,许昌,钟伟",6-13周 周二 第9节-第11节 环科楼B-111,1.0,公共课程,否,理论类课程,周二,2017-2018-1,,201713721200178597,,0,仙林校区,2017-2018学年 第1学期,78597,环科楼B-111,0.0,否,08,1,16,,0,0,物理的前生、今世与未来,111,第9节-第11节,环科楼,37212001
16.0,000000,走进物理大世界(20171-37212002-1),201713721200278620,,3,导学课,296,6-13周,0,"方贵银,沈瑞,吴小山,章东,陈申见,鞠艳,马红孺",6-13周 周四 第9节-第10节 仙Ⅰ-106,1.0,公共课程,否,理论类课程,周四,2017-2018-1,,201713721200278620,,0,仙林校区,2017-2018学年 第1学期,78620,仙Ⅰ-106,0.0,否,08,1,16,,0,0,走进物理大世界,11,第9节-第10节,仙I区,37212002
32.0,000000,化学生命类导学课(20171-37213002-1),201713721300278695,,3,导学课,236,"6-15周,6-16周(双)",0,"李梅,卢山,郭子建","6-15周 周二 第9节-第10节 ,6-16周(双) 周四 第9节-第10节 ",2.0,公共课程,否,理论类课程,"周二,周四",2017-2018-1,,201713721300278695,,0,仙林校区,2017-2018学年 第1学期,78695,"化学楼H-301,化学楼H-301",0.0,否,08,1,32,,0,0,化学生命类导学课,,"第9节-第10节,第9节-第10节",,37213002
16.0,000000,地球科学使命(20171-37215002-1),201713721500278599,,3,导学课,288,6-13周,0,王宝军,6-13周 周一 第9节-第10节 环科楼B-111,1.0,公共课程,否,理论类课程,周一,2017-2018-1,,201713721500278599,,0,仙林校区,2017-2018学年 第1学期,78599,环科楼B-111,0.0,否,08,1,16,,0,0,地球科学使命,111,第9节-第10节,环科楼,37215002
16.0,000000,走进地理信息世界(20171-37216001-1),201713721600178570,,3,导学课,198,6-13周,0,"王结臣,杨康,李满春,陈振杰,陈刚,程亮,陈焱明,柯长青,佘江峰",6-13周 周一 第7节-第8节 仙Ⅱ-207,1.0,公共课程,否,理论类课程,周一,2017-2018-1,,201713721600178570,,0,仙林校区,2017-2018学年 第1学期,78570,仙Ⅱ-207,0.0,否,08,1,16,,0,0,走进地理信息世界,12,第7节-第8节,仙II区,37216001
16.0,000000,转型中的城乡新空间与中国人文发展(20171-37216002-1),201713721600278571,,3,导学课,100,6-13周,0,"章锦河,金晓斌,张捷,甄峰,陈志刚,黄贤金",6-13周 周一 第7节-第8节 仙Ⅱ-404,1.0,公共课程,否,理论类课程,周一,2017-2018-1,,201713721600278571,,0,仙林校区,2017-2018学年 第1学期,78571,仙Ⅱ-404,0.0,否,08,1,16,,0,0,转型中的城乡新空间与中国人文发展,12,第7节-第8节,仙II区,37216002
16.0,000000,海洋科学入门导引(20171-37216004-1),201713721600478572,,3,导学课,193,6-13周,0,"刘绍文,张永战,于谦,汪亚平,左平,高建华,张振克,高抒",6-13周 周五 第7节-第8节 仙Ⅰ-320,1.0,公共课程,否,理论类课程,周五,2017-2018-1,,201713721600478572,,0,仙林校区,2017-2018学年 第1学期,78572,仙Ⅰ-320,0.0,否,08,1,16,,0,0,海洋科学入门导引,11,第7节-第8节,仙I区,37216004
16.0,000000,走进地理学(20171-37216005-1),201713721600579083,,3,导学课,286,5-15周,0,"张宏磊,陈焱明,柯长青,李满春,程亮,徐志伟,刘绍文,李飞雪,陈振杰",5-15周 自由时间 - ,1.0,公共课程,否,,自由时间,2017-2018-1,,201713721600579083,,0,仙林校区,2017-2018学年 第1学期,79083,http://jw.nju.edu.cn/ContentList.aspx?mtype=PX-WZSY-ZXTZ&FType=WZSY&id=20170915-16073028~f8adaa7c,,否,08,,,,,0,走进地理学,,自由时间,,37216005
16.0,000000,走进地理学(20171-37216005-2),201713721600579086,,3,导学课,199,5-16周,0,"李飞雪,陈振杰,张宏磊,徐志伟,柯长青,陈焱明,刘绍文,李满春,程亮",5-16周 自由时间 - ,1.0,公共课程,否,,自由时间,2017-2018-1,,201713721600579086,,0,仙林校区,2017-2018学年 第1学期,79086,http://jw.nju.edu.cn/ContentList.aspx?mtype=PX-WZSY-ZXTZ&FType=WZSY&id=20170915-16073028~f8adaa7c ,,否,08,,,,,0,走进地理学,,自由时间,,37216005
16.0,000000,追梦大气未解之谜(20171-37217001-1),201713721700178598,,3,导学课,148,6-16周,0,"刘红年,陈星,张熠",6-16周 周三 第7节-第8节 逸B-105,1.0,公共课程,否,理论类课程,周三,2017-2018-1,,201713721700178598,,0,仙林校区,2017-2018学年 第1学期,78598,逸B-105,0.0,否,08,1,16,,0,0,追梦大气未解之谜,16,第7节-第8节,逸夫楼B区,37217001
16.0,000000,微电子科学与工程专业导学(20171-37218001-1),201713721800178573,,3,导学课,80,6-13周,0,"王欣然,王枫秋,万青,李丽,陆海,陈敦军",6-13周 周一 第7节-第8节 仙Ⅰ-202,1.0,公共课程,否,理论类课程,周一,2017-2018-1,,201713721800178573,,0,仙林校区,2017-2018学年 第1学期,78573,仙Ⅰ-202,0.0,否,08,1,16,,0,0,微电子科学与工程专业导学,11,第7节-第8节,仙I区,37218001
16.0,000000,电子信息科学与技术导学课(20171-37218002-1),201713721800278574,,3,导学课,78,6-13周,0,"孙国柱,金飚兵,冯一军,伍瑞新,陈健",6-13周 周三 第1节-第2节 仙Ⅱ-104,1.0,公共课程,否,理论类课程,周三,2017-2018-1,,201713721800278574,,0,仙林校区,2017-2018学年 第1学期,78574,仙Ⅱ-104,2.0,否,08,1,14,,0,0,电子信息科学与技术导学课,12,第1节-第2节,仙II区,37218002
16.0,000000,生物医学电子工程导学(20171-37218003-1),201713721800378575,,3,导学课,59,6-13周,0,卞春华,6-13周 周四 第9节-第10节 仙Ⅰ-203,1.0,公共课程,否,理论类课程,周四,2017-2018-1,,201713721800378575,,0,仙林校区,2017-2018学年 第1学期,78575,仙Ⅰ-203,0.0,否,08,1,16,,0,0,生物医学电子工程导学,11,第9节-第10节,仙I区,37218003
16.0,000000,通信工程专业导学(20171-37218004-1),201713721800478576,,3,导学课,80,6-13周,0,"赵康僆,于文震,陈启美,张兴敢,王少尉",6-13周 周三 第1节-第2节 仙Ⅱ-112,1.0,公共课程,否,理论类课程,周三,2017-2018-1,,201713721800478576,,0,仙林校区,2017-2018学年 第1学期,78576,仙Ⅱ-112,0.0,否,08,1,16,,0,0,通信工程专业导学,12,第1节-第2节,仙II区,37218004
16.0,000000,工科概论(20171-37219002-1),201713721900278686,,3,导学课,285,6-16周,0,"张弢,赵辰,陆延青,吴迪,朱嘉,李涛,翟国方",6-16周 周四 第9节-第10节 环科楼B-111,1.0,公共课程,否,理论类课程,周四,2017-2018-1,,201713721900278686,,0,仙林校区,2017-2018学年 第1学期,78686,环科楼B-111,0.0,否,08,1,16,,0,0,工科概论,111,第9节-第10节,环科楼,37219002
16.0,000000,环境科学与工程导学(20171-37222003-1),201713722000378685,,3,导学课,42,6-13周,0,"王津南,李梅,谷成,钱新,张徐祥",6-13周 周三 第7节-第8节 仙Ⅰ-206,1.0,公共课程,否,理论类课程,周三,2017-2018-1,,201713722000378685,,0,仙林校区,2017-2018学年 第1学期,78685,仙Ⅰ-206,0.0,否,08,1,16,,0,0,环境科学与工程导学,11,第7节-第8节,仙I区,37220003
16.0,000000,寻找真实的宇宙——走进天文学(20171-37221002-1),201713722100278684,,3,导学课,76,6-13周,0,"谢基伟,罗新炼,王祥玉,李志远",6-13周 周四 第9节-第10节 仙Ⅰ-319,1.0,公共课程,否,,周四,2017-2018-1,,201713722100278684,,0,仙林校区,2017-2018学年 第1学期,78684,仙Ⅰ-319,,否,08,,12,,4,0,寻找真实的宇宙——走进天文学,11,第9节-第10节,仙I区,37221002
16.0,000000,临床医学专业导学(20171-37223001-1),201713722300178577,,3,导学课,199,6-18周(双),0,"沈苏南,王阿妮",6-18周(双) 周三 第7节-第8节 仙Ⅰ-319,1.0,公共课程,否,理论类课程,周三,2017-2018-1,,201713722300178577,,0,仙林校区,2017-2018学年 第1学期,78577,仙Ⅰ-319,0.0,否,08,1,16,,0,0,临床医学专业导学,11,第7节-第8节,仙I区,37223001
16.0,000000,软件工程导学(20171-37225001-1),201713722500178578,,3,导学课,263,6-13周,0,刘钦,6-13周 周三 第9节-第10节 环科楼B-111,1.0,公共课程,否,理论类课程,周三,2017-2018-1,,201713722500178578,,0,仙林校区,2017-2018学年 第1学期,78578,环科楼B-111,0.0,否,08,1,16,,0,0,软件工程导学,111,第9节-第10节,环科楼,37225001
64.0,400330,综合英语(20171-41000010C-1),2017141000010C76423,1,3,,15,"1-18周,1-18周",0,夏珺,"1-18周 周一 第1节-第2节 ,1-18周 周三 第1节-第2节 ",4.0,大学外语部,否,理论类课程,"周三,周一",2017-2018-1,,2017141000010C76423,2016海外教育学院汉语国际教育,0,仙林校区,2017-2018学年 第1学期,76423,"仙1-302,仙1-302",0.0,否,,1,64,1,0,0,综合英语,,"第1节-第2节,第1节-第2节",,41000010C
0.0,400330,英语视听（三）(20171-41000020C-1),2017141000020C76424,1,3,,15,1-18周,0,张燕,1-18周 周三 第5节-第6节 仙Ⅰ-512,0.0,大学外语部,否,理论类课程,周三,2017-2018-1,,2017141000020C76424,2016海外教育学院汉语国际教育,0,仙林校区,2017-2018学年 第1学期,76424,仙Ⅰ-512,0.0,否,,1,0,1,0,0,英语视听（三）,11,第5节-第6节,仙I区,41000020C
64.0,400330,英语口语(20171-41000030C-1),2017141000030C76425,1,3,,15,1-18周,0,TOBY BALLENTINE,1-18周 周三 第3节-第4节 仙Ⅱ-316,4.0,大学外语部,否,理论类课程,周三,2017-2018-1,,2017141000030C76425,2016海外教育学院汉语国际教育,0,仙林校区,2017-2018学年 第1学期,76425,仙Ⅱ-316,0.0,否,,1,64,1,0,0,英语口语,12,第3节-第4节,仙II区,41000030C
64.0,400330,英语口语(20171-41000030C-2),2017141000030C76426,1,3,,19,1-18周,0,TOBY BALLENTINE,1-18周 周三 第1节-第2节 逸C-203,4.0,大学外语部,否,理论类课程,周三,2017-2018-1,,2017141000030C76426,2016新闻传播学院新闻学（传媒实验班）,0,仙林校区,2017-2018学年 第1学期,76426,逸C-203,0.0,否,,1,64,1,0,0,英语口语,17,第1节-第2节,逸夫楼C区,41000030C
32.0,400330,英语基础写作（一）(20171-41000040A-1),2017141000040A76428,1,3,,18,1-18周,0,吴凌云,1-18周 周三 第3节-第4节 逸C-203,2.0,大学外语部,否,理论类课程,周三,2017-2018-1,,2017141000040A76428,2016新闻传播学院新闻学（传媒实验班）,0,仙林校区,2017-2018学年 第1学期,76428,逸C-203,0.0,否,,1,0,1,0,0,英语基础写作（一）,17,第3节-第4节,逸夫楼C区,41000040A
32.0,400330,英语中级写作（一）(20171-41000060A-1),2017141000060A76427,1,3,,15,1-18周,0,王文宇,1-18周 周三 第7节-第8节 ,2.0,大学外语部,否,理论类课程,周三,2017-2018-1,,2017141000060A76427,2016海外教育学院汉语国际教育,0,仙林校区,2017-2018学年 第1学期,76427,仙1-420,0.0,否,,1,32,1,0,0,英语中级写作,,第7节-第8节,,41000060A
32.0,400330,高级英语词汇与写作(20171-41000080-1),201714100008076429,1,3,,54,1-18周,0,张沂昀,1-18周 周三 第3节-第4节 仙Ⅰ-519,2.0,大学外语部,否,理论类课程,周三,2017-2018-1,,201714100008076429,2016匡亚明学院理科强化班,0,仙林校区,2017-2018学年 第1学期,76429,仙Ⅰ-519,0.0,否,,1,32,1,0,0,高级英语词汇与写作,11,第3节-第4节,仙I区,41000080
32.0,400330,高级英语词汇与写作(20171-41000080-2),201714100008076430,1,3,,84,1-18周,0,张沂昀,1-18周 周三 第9节-第10节 仙Ⅰ-201,2.0,大学外语部,否,理论类课程,周三,2017-2018-1,,201714100008076430,2016匡亚明学院理科强化班,0,仙林校区,2017-2018学年 第1学期,76430,仙Ⅰ-201,0.0,否,,1,32,1,0,0,高级英语词汇与写作,11,第9节-第10节,仙I区,41000080
32.0,400330,高级英语词汇与写作(20171-41000080-3),201714100008076431,1,3,,54,1-18周,0,张沂昀,1-18周 周四 第3节-第4节 仙Ⅱ-211,2.0,大学外语部,否,理论类课程,周四,2017-2018-1,,201714100008076431,2016匡亚明学院理科强化班,0,仙林校区,2017-2018学年 第1学期,76431,仙Ⅱ-211,0.0,否,,1,32,1,0,0,高级英语词汇与写作,12,第3节-第4节,仙II区,41000080
32.0,400330,高级英语词汇与写作(20171-41000080-4),201714100008076432,1,3,,57,1-18周,0,张沂昀,1-18周 周四 第5节-第6节 仙Ⅱ-315,2.0,大学外语部,否,理论类课程,周四,2017-2018-1,,201714100008076432,2016数学学院数学类,0,仙林校区,2017-2018学年 第1学期,76432,仙Ⅱ-315,0.0,否,,1,32,1,0,0,高级英语词汇与写作,12,第5节-第6节,仙II区,41000080
64.0,400330,体验英语(20171-41000110A-1),2017141000110A76170,1,3,,49,"4-18周,4-18周",0,陈桦,"4-18周 周一 第9节-第10节 仙Ⅱ-411,4-18周 周四 第9节-第10节 仙Ⅱ-411",4.0,大学外语部,否,理论类课程,"周一,周四",2017-2018-1,,2017141000110A76170,,0,仙林校区,2017-2018学年 第1学期,76170,"仙Ⅱ-411,仙Ⅱ-411",0.0,否,,1,64,1,0,0,体验英语,12,"第9节-第10节,第9节-第10节",仙II区,41000110A
64.0,400330,体验英语(20171-41000110A-2),2017141000110A76171,1,3,,24,"4-18周,4-18周",0,徐娟,"4-18周 周一 第1节-第2节 仙Ⅱ-516,4-18周 周四 第3节-第4节 仙Ⅱ-516",4.0,大学外语部,否,理论类课程,"周一,周四",2017-2018-1,,2017141000110A76171,2017政府管理学院行政管理（运动员班）,0,仙林校区,2017-2018学年 第1学期,76171,"仙Ⅱ-516,仙Ⅱ-516",0.0,否,,1,64,1,0,0,体验英语,12,"第1节-第2节,第3节-第4节",仙II区,41000110A
64.0,400330,体验英语(20171-41000110C-1),2017141000110C76417,1,3,,41,"1-18周,1-18周",0,左瀚,"1-18周 周一 第9节-第10节 仙Ⅱ-316,1-18周 周四 第9节-第10节 仙Ⅱ-316",4.0,大学外语部,否,理论类课程,"周一,周四",2017-2018-1,,2017141000110C76417,,0,仙林校区,2017-2018学年 第1学期,76417,"仙Ⅱ-316,仙Ⅱ-316",0.0,否,,1,64,1,0,0,体验英语,12,"第9节-第10节,第9节-第10节",仙II区,41000110C
64.0,400330,高级英语（上）(20171-41000121A-1),2017141000121A76419,1,3,,21,"1-18周,1-18周",0,"徐翠芹,朱适","1-18周 周一 第1节-第2节 仙Ⅱ-407,1-18周 周三 第1节-第2节 仙Ⅱ-407",4.0,大学外语部,否,理论类课程,"周一,周三",2017-2018-1,,2017141000121A76419,"2016医学院临床医学（八年制）,2016医学院口腔医学（5+3）,2016医学院临床医学（5+3）",0,仙林校区,2017-2018学年 第1学期,76419,"仙Ⅱ-407,仙Ⅱ-407",0.0,否,,1,64,1,0,0,高级英语（上）,12,"第1节-第2节,第1节-第2节",仙II区,41000121A
64.0,400330,高级英语（上）(20171-41000121A-2),2017141000121A76420,1,3,,21,"1-18周,1-18周",0,"徐翠芹,朱适","1-18周 周一 第3节-第4节 仙Ⅱ-411,1-18周 周三 第3节-第4节 仙Ⅱ-411",4.0,大学外语部,否,理论类课程,"周一,周三",2017-2018-1,,2017141000121A76420,"2016医学院临床医学（八年制）,2016医学院口腔医学（5+3）,2016医学院临床医学（5+3）",0,仙林校区,2017-2018学年 第1学期,76420,"仙Ⅱ-411,仙Ⅱ-411",0.0,否,,1,64,1,0,0,高级英语（上）,12,"第3节-第4节,第3节-第4节",仙II区,41000121A
64.0,400330,高级英语（上）(20171-41000121A-3),2017141000121A76421,1,3,,28,"1-18周,1-18周",0,"朱适,徐翠芹","1-18周 周一 第1节-第2节 仙Ⅱ-411,1-18周 周三 第1节-第2节 仙Ⅱ-411",4.0,大学外语部,否,理论类课程,"周三,周一",2017-2018-1,,2017141000121A76421,"2016医学院临床医学（八年制）,2016医学院口腔医学（5+3）,2016医学院临床医学（5+3）",0,仙林校区,2017-2018学年 第1学期,76421,"仙Ⅱ-411,仙Ⅱ-411",0.0,否,,1,64,1,0,0,高级英语（上）,12,"第1节-第2节,第1节-第2节",仙II区,41000121A
64.0,400330,高级英语（上）(20171-41000121A-4),2017141000121A76422,1,3,,30,"1-18周,1-18周",0,"朱适,徐翠芹","1-18周 周一 第3节-第4节 仙Ⅱ-407,1-18周 周三 第3节-第4节 仙Ⅱ-407",4.0,大学外语部,否,理论类课程,"周三,周一",2017-2018-1,,2017141000121A76422,"2016医学院临床医学（八年制）,2016医学院口腔医学（5+3）,2016医学院临床医学（5+3）",0,仙林校区,2017-2018学年 第1学期,76422,"仙Ⅱ-407,仙Ⅱ-407",0.0,否,,1,64,1,0,0,高级英语（上）,12,"第3节-第4节,第3节-第4节",仙II区,41000121A
32.0,400330,翻译(20171-41000131-1),201714100013176433,1,3,,18,1-18周,0,张沂昀,1-18周 周三 第1节-第2节 仙Ⅰ-315,2.0,大学外语部,否,理论类课程,周三,2017-2018-1,,201714100013176433,2015法学院法学,0,仙林校区,2017-2018学年 第1学期,76433,仙Ⅰ-315,0.0,否,,1,32,1,0,0,翻译,11,第1节-第2节,仙I区,41000131
32.0,000000,领导力与团队(20171-61000030-1),201716100003078346,,3,创新创业课程,30,2-17周,0,陈昌凯,2-17周 周三 第3节-第4节 仙Ⅰ-116,2.0,公共课程,否,实践类课程,周三,2017-2018-1,,201716100003078346,,0,仙林校区,2017-2018学年 第1学期,78346,仙Ⅰ-116,0.0,否,06,3,16,,16,0,领导力与团队,11,第3节-第4节,仙I区,61000030
32.0,000000,IT企业创业与发展战略(20171-61000050-1),201716100005078345,,3,创新创业课程,37,2-18周,0,王自强,2-18周 周一 第7节-第8节 仙Ⅱ-116,2.0,公共课程,否,理论类课程,周一,2017-2018-1,,201716100005078345,,0,仙林校区,2017-2018学年 第1学期,78345,仙Ⅱ-116,0.0,否,06,1,32,,0,0,IT企业创业与发展战略,12,第7节-第8节,仙II区,61000050
32.0,000000,从平庸到卓越：危机管理(20171-61000160-1),201716100016078344,,3,创新创业课程,138,1-12周,0,戴万稳,1-12周 周一 第5节-第7节 逸B-101,2.0,公共课程,否,理论类课程,周一,2017-2018-1,,201716100016078344,,0,仙林校区,2017-2018学年 第1学期,78344,逸B-101,0.0,否,06,1,32,,0,0,危机管理之道,16,第5节-第7节,逸夫楼B区,61000160
16.0,000000,创新创业与知识产权(20171-61000200-1),201716100020078343,,3,创新创业课程,26,2-9周,0,徐棣枫,2-9周 周二 第7节-第8节 仙Ⅰ-508,1.0,公共课程,否,理论类课程,周二,2017-2018-1,,201716100020078343,,0,仙林校区,2017-2018学年 第1学期,78343,仙Ⅰ-508,0.0,否,06,1,16,,0,0,创新创业与知识产权,11,第7节-第8节,仙I区,61000200
32.0,000000,职场英语口语与口译技能(20171-61000320-1),201716100032078342,,3,创新创业课程,13,2-17周,0,任裕海,2-17周 周三 第9节-第10节 仙Ⅰ-318,2.0,公共课程,否,实践类课程,周三,2017-2018-1,,201716100032078342,,0,仙林校区,2017-2018学年 第1学期,78342,仙Ⅰ-318,0.0,否,06,3,6,,26,0,职场英语口语与口译技能,11,第9节-第10节,仙I区,61000320
32.0,000000,谈判与冲突管理(20171-61000360-1),201716100036078436,,3,创新创业课程,59,2-9周,0,"李虎,程德俊",2-9周 周二 第3节-第4节 仙Ⅱ-104,2.0,公共课程,否,理论类课程,周二,2017-2018-1,,201716100036078436,,0,仙林校区,2017-2018学年 第1学期,78436,仙Ⅱ-104,0.0,否,06,1,28,,4,0,谈判与冲突管理,12,第3节-第4节,仙II区,61000360
16.0,000000,创业管理与行为博弈(20171-61000370-1),201716100037078437,,3,创新创业课程,17,2-9周,0,李虎,2-9周 周二 第5节-第6节 仙Ⅰ-317,1.0,公共课程,否,理论类课程,周二,2017-2018-1,,201716100037078437,,0,仙林校区,2017-2018学年 第1学期,78437,仙Ⅰ-317,0.0,否,06,1,16,,0,0,创业管理与行为博弈,11,第5节-第6节,仙I区,61000370
16.0,000000,地理信息系统应用与创业(20171-61000480-1),201716100048078350,,3,创新创业课程,12,3-10周,0,佘江峰,3-10周 周二 第7节-第8节 仙Ⅰ-511,1.0,公共课程,否,理论类课程,周二,2017-2018-1,,201716100048078350,,0,仙林校区,2017-2018学年 第1学期,78350,仙Ⅰ-511,0.0,否,06,1,16,,0,0,地理信息系统应用与创业,11,第7节-第8节,仙I区,61000480
16.0,000000,创业团队管理(20171-61000530-1),201716100053078438,,3,创新创业课程,32,2-9周,0,李虎,2-9周 周二 第7节-第8节 仙Ⅰ-317,1.0,公共课程,否,理论类课程,周二,2017-2018-1,,201716100053078438,,0,仙林校区,2017-2018学年 第1学期,78438,仙Ⅰ-317,0.0,否,06,1,16,,0,0,创业团队管理,11,第7节-第8节,仙I区,61000530
16.0,000000,创业开始--你的客户是谁(20171-61000580-1),201716100058078351,,3,创新创业课程,24,2-10周,0,王自强,2-10周 周二 第7节-第8节 仙Ⅱ-115,1.0,公共课程,否,理论类课程,周二,2017-2018-1,,201716100058078351,,0,仙林校区,2017-2018学年 第1学期,78351,仙Ⅱ-115,0.0,否,06,1,16,,0,0,创业开始--你的客户是谁,12,第7节-第8节,仙II区,61000580
16.0,000000,3D设计及打印技术(20171-61000630-1),201716100063078352,,3,创新创业课程,0,2-12周,0,,2-12周 周五 第9节-第11节 众创空间401,1.0,公共课程,否,理论类课程,周五,2017-2018-1,,201716100063078352,,0,仙林校区,2017-2018学年 第1学期,78352,众创空间401,0.0,否,06,1,16,,0,0,3D设计及打印技术,115,第9节-第11节,科创之星众创空间,61000630
16.0,000000,3D设计及打印技术(20171-61000630-1),201716100063078543,,3,创新创业课程,21,2-9周,0,祁繁,2-9周 周五 第5节-第8节 ,1.0,公共课程,否,理论类课程,周五,2017-2018-1,,201716100063078543,,0,仙林校区,2017-2018学年 第1学期,78543,众创空间401,0.0,否,06,1,16,,0,0,3D设计及打印技术,,第5节-第8节,,61000630
16.0,000000,3D设计及打印技术(20171-61000630-2),201716100063078545,,3,创新创业课程,19,11-18周,0,祁繁,11-18周 周五 第5节-第8节 ,1.0,公共课程,否,理论类课程,周五,2017-2018-1,,201716100063078545,,0,仙林校区,2017-2018学年 第1学期,78545,众创空间401,0.0,否,06,1,16,,0,0,3D设计及打印技术,,第5节-第8节,,61000630
16.0,000000,商业模式创新与设计(20171-61000660-1),201716100066078349,,3,创新创业课程,46,13-18周,0,戴万稳,13-18周 周一 第5节-第7节 逸B-101,1.0,公共课程,否,理论类课程,周一,2017-2018-1,,201716100066078349,,0,仙林校区,2017-2018学年 第1学期,78349,逸B-101,0.0,否,06,1,16,,0,0,商业模式创新与设计,16,第5节-第7节,逸夫楼B区,61000660
32.0,400320,艺术鉴赏与策展(20171-61000670-1),201716100067078375,,3,创新创业课程,57,2-17周,0,Andrea Baldini,2-17周 周一 第9节-第10节 仙Ⅱ-406,2.0,艺术学院,否,理论类课程,周一,2017-2018-1,,201716100067078375,,0,仙林校区,2017-2018学年 第1学期,78375,仙Ⅱ-406,0.0,否,06,1,32,,0,0,艺术鉴赏与策展,12,第9节-第10节,仙II区,61000670
32.0,400320,西方设计史(20171-61000680-1),201716100068078381,,3,创新创业课程,56,2-17周,0,祁林,2-17周 周四 第9节-第10节 仙Ⅰ-202,2.0,艺术学院,否,理论类课程,周四,2017-2018-1,,201716100068078381,,0,仙林校区,2017-2018学年 第1学期,78381,仙Ⅰ-202,0.0,否,06,1,32,,0,0,西方设计史,11,第9节-第10节,仙I区,61000680
32.0,000000,政务新媒体的理念与实践,201716100071081463,,3,创新创业课程,66,1-18周,0,王明生,1-18周 自由时间 - ,2.0,公共课程,否,理论类课程,自由时间,2017-2018-1,,201716100071081463,,0,仙林校区,2017-2018学年 第1学期,81463,自定,0.0,否,06,1,32,,0,0,政务新媒体的理念与实践,,自由时间,,61000710
32.0,000000,环保产业的创新创业(20171-61000730-1),201716100073078354,,3,创新创业课程,60,2-18周,0,"周媛,陆朝阳",2-18周 周四 第9节-第10节 环科楼B-112,2.0,公共课程,否,理论+实践课程,周四,2017-2018-1,,201716100073078354,,0,仙林校区,2017-2018学年 第1学期,78354,环科楼B-112,0.0,否,06,5,10,,22,0,环保产业的创新创业,111,第9节-第10节,环科楼,61000730
16.0,000000,商务礼仪与职业彩虹(20171-61000750-1),201716100075078355,,3,创新创业课程,25,1-9周,0,高润,1-9周 周一 第7节-第8节 众创空间402,1.0,公共课程,否,理论类课程,周一,2017-2018-1,,201716100075078355,,0,仙林校区,2017-2018学年 第1学期,78355,众创空间402,0.0,否,06,1,16,,0,0,商务礼仪与职业彩虹,115,第7节-第8节,科创之星众创空间,61000750
32.0,400320,时尚文化与奢侈品研究(20171-61000760-1),201716100076078384,,3,创新创业课程,72,2-17周,0,吴维忆,2-17周 周三 第7节-第8节 逸B-207,2.0,艺术学院,否,理论类课程,周三,2017-2018-1,,201716100076078384,,0,仙林校区,2017-2018学年 第1学期,78384,逸B-207,0.0,否,06,1,32,,0,0,时尚文化与奢侈品研究,16,第7节-第8节,逸夫楼B区,61000760
32.0,400320,新媒体文化与创意(20171-61000780-1),201716100078078383,,3,创新创业课程,46,2-17周,0,陈静,2-17周 周二 第9节-第10节 仙Ⅱ-101,2.0,艺术学院,否,理论类课程,周二,2017-2018-1,,201716100078078383,,0,仙林校区,2017-2018学年 第1学期,78383,仙Ⅱ-101,0.0,否,06,1,32,,0,0,新媒体文化与创意,12,第9节-第10节,仙II区,61000780
32.0,000000,创新创业与实践(20171-61000790-1),201716100079078392,,3,创新创业课程,27,2-11周,0,杨修铨,2-11周 周一 第9节-第11节 众创空间402,2.0,公共课程,否,理论类课程,周一,2017-2018-1,,201716100079078392,,0,仙林校区,2017-2018学年 第1学期,78392,众创空间402,0.0,否,06,1,32,,0,0,创新创业与实践,115,第9节-第11节,科创之星众创空间,61000790
16.0,000000,NAO机器人创新设计(20171-61000800-1),201716100080078356,,3,创新创业课程,23,2-9周,0,陈磊,2-9周 周五 第7节-第8节 众创空间407,1.0,公共课程,否,理论类课程,周五,2017-2018-1,,201716100080078356,,0,仙林校区,2017-2018学年 第1学期,78356,众创空间407,0.0,否,06,1,16,,0,0,NAO机器人创新设计,115,第7节-第8节,科创之星众创空间,61000800
16.0,000000,创新产品、创业团队与精益创业(20171-61000810-1),201716100081078439,,3,创新创业课程,22,2-9周,0,王益忠,2-9周 周一 第5节-第6节 众创空间402,1.0,公共课程,否,理论类课程,周一,2017-2018-1,,201716100081078439,,0,仙林校区,2017-2018学年 第1学期,78439,众创空间402,0.0,否,06,1,16,,0,0,创新产品、创业团队与精益创业,115,第5节-第6节,科创之星众创空间,61000810
32.0,400320,设计实践入门(20171-61000820-1),201716100082078382,,3,创新创业课程,67,2-17周,0,Gary Adams,2-17周 周三 第7节-第8节 逸B-405,2.0,艺术学院,否,理论+实践课程,周三,2017-2018-1,,201716100082078382,,0,仙林校区,2017-2018学年 第1学期,78382,逸B-405,0.0,否,06,5,32,,0,0,设计实践入门,16,第7节-第8节,逸夫楼B区,61000820
32.0,000000,人文社科术语与跨文化传播实践(20171-61000830-1),201716100083078435,,3,创新创业课程,55,3-18周,0,魏向清,3-18周 周一 第1节-第2节 仙Ⅰ-112,2.0,公共课程,否,理论类课程,周一,2017-2018-1,,201716100083078435,,0,仙林校区,2017-2018学年 第1学期,78435,仙Ⅰ-112,0.0,否,06,1,32,,0,0,人文社科术语与跨文化传播实践,11,第1节-第2节,仙I区,61000830
32.0,000000,VR创新设计与全息内容制作(20171-61000840-1),201716100084079075,,3,创新创业课程,6,4-13周,0,刘紫微,4-13周 周五 第5节-第8节 ,2.0,公共课程,否,,周五,2017-2018-1,,201716100084079075,,0,仙林校区,2017-2018学年 第1学期,79075,众创空间418,,否,06,,,,,0,VR创新设计与全息内容制作,,第5节-第8节,,61000840
32.0,000000,案例分析与创业设计(20171-61000920-1),201716100092078425,,3,创新创业课程,24,2-17周,0,王艳,2-17周 周二 第7节-第8节 仙Ⅰ-506,2.0,公共课程,否,理论类课程,周二,2017-2018-1,,201716100092078425,,0,仙林校区,2017-2018学年 第1学期,78425,仙Ⅰ-506,0.0,否,06,1,32,,0,0,案例分析与创业设计,11,第7节-第8节,仙I区,61000920
32.0,000000,大数据时代的管理决策思维(20171-61000930-1),201716100093078367,,3,创新创业课程,25,2-17周,0,李小琳,2-17周 周二 第9节-第10节 ,2.0,公共课程,否,理论类课程,周二,2017-2018-1,,201716100093078367,,0,仙林校区,2017-2018学年 第1学期,78367,逸B-407,0.0,否,06,1,32,,0,0,大数据时代的管理决策思维,,第9节-第10节,,61000930
32.0,000000,物联网技术的跨学科应用(20171-61000940-1),201716100094078369,,3,创新创业课程,31,2-17周,0,张志俭,2-17周 周二 第9节-第11节 ,2.0,公共课程,否,理论类课程,周二,2017-2018-1,,201716100094078369,,0,仙林校区,2017-2018学年 第1学期,78369,实验楼丙409,0.0,否,06,1,32,,0,0,物联网技术的跨学科应用,,第9节-第11节,,61000940
16.0,000000,智能系统中的嵌入式应用(20171-61000950-1),201716100095078368,,3,创新创业课程,21,2-17周,0,方元,2-17周 周三 第7节-第8节 仙Ⅰ-116,1.0,公共课程,否,理论类课程,周三,2017-2018-1,,201716100095078368,,0,仙林校区,2017-2018学年 第1学期,78368,仙Ⅰ-116,0.0,否,06,1,32,,0,0,智能系统中的嵌入式应用,11,第7节-第8节,仙I区,61000950
16.0,000000,机器感知与智能控制(20171-61000960-1),201716100096078371,,3,创新创业课程,19,2-9周,0,陈春林,2-9周 周三 第9节-第10节 ,1.0,公共课程,否,理论类课程,周三,2017-2018-1,,201716100096078371,,0,仙林校区,2017-2018学年 第1学期,78371,实验楼乙435,0.0,否,06,1,16,,0,0,机器感知与智能控制,,第9节-第10节,,61000960
32.0,000000,光电信息工程实训(20171-61000970-1),201716100097078370,,3,创新创业课程,46,1-16周,0,王顺,1-16周 周五 第9节-第10节 ,2.0,公共课程,否,理论+实践课程,周五,2017-2018-1,,201716100097078370,,0,仙林校区,2017-2018学年 第1学期,78370,众创空间416/路演大厅,0.0,否,06,5,8,,24,0,光电信息工程实训,,第9节-第10节,,61000970
32.0,000000,职场英语演讲技巧(20171-61000980-1),201716100098078372,,3,创新创业课程,25,2-17周,0,陈星,2-17周 周一 第7节-第8节 仙Ⅰ-211,2.0,公共课程,否,理论+实践课程,周一,2017-2018-1,,201716100098078372,,0,仙林校区,2017-2018学年 第1学期,78372,仙Ⅰ-211,0.0,否,06,5,16,,16,0,职场英语演讲技巧,11,第7节-第8节,仙I区,61000980
32.0,000000,走向共享型对话：沟通能力与学业、职业和事业发展(20171-61000990-1),201716100099078373,,3,创新创业课程,0,,0,,,2.0,公共课程,否,理论类课程,,2017-2018-1,,201716100099078373,,0,仙林校区,2017-2018学年 第1学期,78373,,0.0,否,06,1,32,,0,0,走向共享型对话：沟通能力与学业、职业和事业发展,,,,61000990
32.0,000000,普通天文学(20171-77000120-1),201717700012078207,,3,文化素质选修,116,2-17周,0,"姜冰,谢懿",2-17周 周一 第7节-第8节 仙Ⅱ-304,2.0,公共课程,否,理论类课程,周一,2017-2018-1,,201717700012078207,,0,仙林校区,2017-2018学年 第1学期,78207,仙Ⅱ-304,0.0,否,07,1,32,,0,0,普通天文学,12,第7节-第8节,仙II区,77000120
32.0,000000,大学生健康教育(20171-77000300-1),201717700030078274,,1,文化素质选修,96,2-17周,0,王宁章,2-17周 周二 第7节-第8节 教201,2.0,公共课程,否,理论类课程,周二,2017-2018-1,,201717700030078274,,0,鼓楼校区,2017-2018学年 第1学期,78274,教201,0.0,否,07,1,32,,0,0,大学生健康教育,1,第7节-第8节,教学楼,77000300
32.0,000000,小提琴演奏提高班(20171-77000400-1),201717700040078256,,3,文化素质选修,14,2-17周,0,钱君,2-17周 周一 第7节-第8节 ,2.0,公共课程,否,理论类课程,周一,2017-2018-1,,201717700040078256,,0,仙林校区,2017-2018学年 第1学期,78256,大活320,0.0,否,07,1,32,,0,0,小提琴演奏提高班,,第7节-第8节,,77000400
32.0,000000,宗教与文化(20171-77000680-1),201717700068078168,,3,文化素质选修,189,2-17周,0,陈林,2-17周 周一 第7节-第8节 仙Ⅰ-107,2.0,公共课程,否,理论类课程,周一,2017-2018-1,,201717700068078168,,0,仙林校区,2017-2018学年 第1学期,78168,仙Ⅰ-107,0.0,否,07,1,32,,0,0,宗教与文化,11,第7节-第8节,仙I区,77000680
32.0,000000,化学与社会(20171-77001560-1),201717700156078192,,3,文化素质选修,154,2-17周,0,郑和根,2-17周 周二 第9节-第10节 逸B-101,2.0,公共课程,否,理论类课程,周二,2017-2018-1,,201717700156078192,,0,仙林校区,2017-2018学年 第1学期,78192,逸B-101,0.0,否,07,1,32,,0,0,化学与社会,16,第9节-第10节,逸夫楼B区,77001560
32.0,000000,语言学概论(20171-77001940-1),201717700194078217,,3,文化素质选修,100,2-17周,0,赵国方,2-17周 周三 第9节-第10节 仙Ⅱ-303,2.0,公共课程,否,理论类课程,周三,2017-2018-1,,201717700194078217,,0,仙林校区,2017-2018学年 第1学期,78217,仙Ⅱ-303,0.0,否,07,1,32,,0,0,语言学概论,12,第9节-第10节,仙II区,77001940
32.0,000000,管理大师及管理思想入门(20171-77002660-1),201717700266078284,,3,文化素质选修,40,2-17周,0,张子源,2-17周 周二 第7节-第8节 仙Ⅰ-201,2.0,公共课程,否,理论类课程,周二,2017-2018-1,,201717700266078284,,0,仙林校区,2017-2018学年 第1学期,78284,仙Ⅰ-201,0.0,否,07,1,32,,0,0,管理大师及管理思想入门,11,第7节-第8节,仙I区,77002660
32.0,000000,战后中日关系(20171-77002700-1),201717700270078167,,3,文化素质选修,92,2-17周,0,翟意安,2-17周 周二 第9节-第10节 仙Ⅰ-202,2.0,公共课程,否,理论类课程,周二,2017-2018-1,,201717700270078167,,0,仙林校区,2017-2018学年 第1学期,78167,仙Ⅰ-202,0.0,否,07,1,32,,0,0,战后中日关系,11,第9节-第10节,仙I区,77002700
32.0,000000,International Relations of East Asia(20171-77002870-1),201717700287078209,,3,文化素质选修,11,2-17周,0,吴玉梅,2-17周 周二 第7节-第8节 ,2.0,公共课程,否,理论类课程,周二,2017-2018-1,,201717700287078209,,0,仙林校区,2017-2018学年 第1学期,78209,仙Ⅰ-525,0.0,否,07,1,32,,0,0,International Relations of East Asia,,第7节-第8节,,77002870
32.0,000000,Mass Media and Popular Culture in Korea(20171-77002880-1),201717700288078208,,3,文化素质选修,0,2-17周,0,,2-17周 周一 第7节-第8节 ,2.0,公共课程,否,理论类课程,周一,2017-2018-1,,201717700288078208,,0,仙林校区,2017-2018学年 第1学期,78208,仙Ⅰ-525,0.0,否,07,1,32,,0,0,Mass Media and Popular Culture in Korea,,第7节-第8节,,77002880
32.0,000000,油画技法(20171-77003240-1),201717700324078249,,3,文化素质选修,28,2-17周,0,杨秀娟,2-17周 周一 第7节-第8节 ,2.0,公共课程,否,理论+实践课程,周一,2017-2018-1,,201717700324078249,,0,仙林校区,2017-2018学年 第1学期,78249,仙Ⅱ-124,0.0,否,07,5,2,,30,0,油画技法,,第7节-第8节,,77003240
32.0,000000,文化创意案例实务(20171-77003260-1),201717700326078203,,3,文化素质选修,95,2-17周,0,周凯,2-17周 周一 第5节-第6节 仙Ⅱ-306,3.0,公共课程,否,实践类课程,周一,2017-2018-1,,201717700326078203,,0,仙林校区,2017-2018学年 第1学期,78203,仙Ⅱ-306,0.0,否,07,3,0,,48,0,文化创意案例实务,12,第5节-第6节,仙II区,77003260
32.0,000000,生物医学概论(20171-77003270-1),201717700327078205,,3,文化素质选修,95,2-17周,0,"蒋青,张翼锋",2-17周 周三 第9节-第10节 ,2.0,公共课程,否,理论类课程,周三,2017-2018-1,,201717700327078205,,0,仙林校区,2017-2018学年 第1学期,78205,仙林医学院213,0.0,否,07,1,32,,0,0,生物医学概论,,第9节-第10节,,77003270
32.0,000000,火山的前世今生(20171-77003280-1),201717700328078347,,3,文化素质选修,59,2-17周,0,曾罡,2-17周 周二 第7节-第8节 仙Ⅰ-202,2.0,公共课程,否,理论类课程,周二,2017-2018-1,,201717700328078347,,0,仙林校区,2017-2018学年 第1学期,78347,仙Ⅰ-202,0.0,否,07,1,32,,0,0,火山的前世今生,11,第7节-第8节,仙I区,77003280
32.0,000000,雅思阅听(20171-77003290-1),201717700329078269,,3,文化素质选修,35,2-17周,0,"程苏婉,裴黎萍,刘芳",2-17周 周一 第7节-第8节 仙Ⅱ-216,2.0,公共课程,否,理论类课程,周一,2017-2018-1,,201717700329078269,,0,仙林校区,2017-2018学年 第1学期,78269,仙Ⅱ-216,0.0,否,07,1,32,,0,0,雅思阅听,12,第7节-第8节,仙II区,77003290
32.0,000000,托福听说(20171-77003300-1),201717700330078268,,3,文化素质选修,26,2-17周,0,"周莹,傅俭",2-17周 周一 第7节-第8节 ,2.0,公共课程,否,理论类课程,周一,2017-2018-1,,201717700330078268,,0,仙林校区,2017-2018学年 第1学期,78268,仙Ⅰ-405,0.0,否,07,1,32,,0,0,托福阅听说,,第7节-第8节,,77003300
32.0,400320,艺术管理实务(20171-77003310-1),201717700331078348,,3,文化素质选修,79,2-17周,0,刘毅,2-17周 周三 第7节-第8节 仙Ⅱ-306,2.0,艺术学院,否,理论类课程,周三,2017-2018-1,,201717700331078348,,0,仙林校区,2017-2018学年 第1学期,78348,仙Ⅱ-306,0.0,否,07,1,32,,0,0,艺术管理实务,12,第7节-第8节,仙II区,77003310
32.0,000000,英语演讲精粹与辩论理性(20171-77003320-1),201717700332078595,,3,文化素质选修,18,2-18周,0,邵崇忠,2-18周 周三 第1节-第2节 ,2.0,公共课程,否,理论类课程,周三,2017-2018-1,,201717700332078595,,0,仙林校区,2017-2018学年 第1学期,78595,仙Ⅰ-418,0.0,否,07,1,32,,0,0,英语演讲精粹与辩论理性,,第1节-第2节,,77003320
32.0,000000,Environmental Policy in East Asia(20171-77003330-1),201717700333078617,,3,文化素质选修,26,2-17周,0,吴玉梅,2-17周 周三 第7节-第8节 ,2.0,公共课程,否,理论类课程,周三,2017-2018-1,,201717700333078617,,0,仙林校区,2017-2018学年 第1学期,78617,仙1-525,0.0,否,07,1,32,,0,0,Environmental Policy in East Asia,,第7节-第8节,,77003330
48.0,000000,初级俄语（上）(20171-78000310-1),201717800031078291,,3,文化素质选修,25,"2-17周,2-17周",0,柳燕,"2-17周 周二 第7节-第8节 仙Ⅰ-410,2-17周 周四 第7节-第8节 仙Ⅰ-410",3.0,公共课程,否,理论类课程,"周二,周四",2017-2018-1,,201717800031078291,,0,仙林校区,2017-2018学年 第1学期,78291,"仙Ⅰ-410,仙Ⅰ-410",0.0,否,07,1,48,,0,0,初级俄语（上）,11,"第7节-第8节,第7节-第8节",仙I区,78000310
32.0,000000,钢琴基础(20171-78000390-1),201717800039078259,,3,文化素质选修,28,2-17周,0,范丽甍,2-17周 周五 第7节-第8节 ,2.0,公共课程,否,实践类课程,周五,2017-2018-1,,201717800039078259,,0,仙林校区,2017-2018学年 第1学期,78259,大活320,0.0,否,07,3,0,,32,0,钢琴基础,,第7节-第8节,,78000390
32.0,000000,声乐基础(20171-78000400-1),201717800040078242,,3,文化素质选修,85,2-17周,0,陈晓艳,2-17周 周一 第9节-第10节 ,2.0,公共课程,否,理论类课程,周一,2017-2018-1,,201717800040078242,,0,仙林校区,2017-2018学年 第1学期,78242,大活练功房210,0.0,否,07,1,32,,0,0,声乐基础,,第9节-第10节,,78000400
32.0,000000,合唱与指挥(20171-78000520-1),201717800052078240,,3,文化素质选修,76,2-17周,0,吕晓一,2-17周 周一 第7节-第8节 仙Ⅰ-108,2.0,公共课程,否,理论类课程,周一,2017-2018-1,,201717800052078240,,0,仙林校区,2017-2018学年 第1学期,78240,仙Ⅰ-108,0.0,否,07,1,32,,0,0,合唱与指挥,11,第7节-第8节,仙I区,78000520
32.0,000000,结构素描(20171-78000560-1),201717800056078275,,3,文化素质选修,33,2-17周,0,杨秀娟,2-17周 周二 第7节-第8节 ,2.0,公共课程,否,理论+实践课程,周二,2017-2018-1,,201717800056078275,,0,仙林校区,2017-2018学年 第1学期,78275,仙Ⅱ-124,0.0,否,07,5,2,,30,0,结构素描,,第7节-第8节,,78000560
32.0,000000,自我拓展训练(20171-78000880-1),201717800088078234,,3,文化素质选修,36,2-17周,0,徐花,2-17周 周二 第7节-第8节 仙Ⅰ-211,2.0,公共课程,否,理论类课程,周二,2017-2018-1,,201717800088078234,,0,仙林校区,2017-2018学年 第1学期,78234,仙Ⅰ-211,0.0,否,07,1,32,,0,0,自我拓展训练,11,第7节-第8节,仙I区,78000880
32.0,000000,大学生心理健康学(20171-78001070-1),201717800107078228,,3,文化素质选修,131,2-17周,0,吴作富,2-17周 周四 第7节-第8节 仙Ⅱ-305,2.0,公共课程,否,理论类课程,周四,2017-2018-1,,201717800107078228,,0,仙林校区,2017-2018学年 第1学期,78228,仙Ⅱ-305,0.0,否,07,1,32,,0,0,大学生心理健康学,12,第7节-第8节,仙II区,78001070
32.0,000000,大学生心理健康学(20171-78001070-2),201717800107078229,,3,文化素质选修,181,2-17周,0,吴作富,2-17周 周五 第7节-第8节 仙Ⅰ-319,2.0,公共课程,否,理论类课程,周五,2017-2018-1,,201717800107078229,,0,仙林校区,2017-2018学年 第1学期,78229,仙Ⅰ-319,0.0,否,07,1,32,,0,0,大学生心理健康学,11,第7节-第8节,仙I区,78001070
32.0,000000,大学生心理健康学(20171-78001070-3),201717800107078230,,3,文化素质选修,148,2-17周,0,唐晓,2-17周 周四 第7节-第8节 逸B-105,2.0,公共课程,否,理论类课程,周四,2017-2018-1,,201717800107078230,,0,仙林校区,2017-2018学年 第1学期,78230,逸B-105,0.0,否,07,1,32,,0,0,大学生心理健康学,16,第7节-第8节,逸夫楼B区,78001070
32.0,000000,钢琴提高(20171-78001160-1),201717800116078261,,3,文化素质选修,28,2-17周,0,范丽甍,2-17周 周五 第9节-第10节 ,2.0,公共课程,否,实践类课程,周五,2017-2018-1,,201717800116078261,,0,仙林校区,2017-2018学年 第1学期,78261,大活320,0.0,否,07,3,0,,32,0,钢琴提高,,第9节-第10节,,78001160
48.0,000000,初级俄语（下）(20171-78001230-1),201717800123078292,,3,文化素质选修,5,"2-17周,2-17周",0,柳燕,"2-17周 周二 第9节-第10节 仙Ⅰ-316,2-17周 周四 第9节-第10节 仙Ⅰ-316",3.0,公共课程,否,理论类课程,"周二,周四",2017-2018-1,,201717800123078292,,0,仙林校区,2017-2018学年 第1学期,78292,"仙Ⅰ-316,仙Ⅰ-316",0.0,否,07,1,48,,0,0,初级俄语（下）,11,"第9节-第10节,第9节-第10节",仙I区,78001230
32.0,000000,小提琴演奏初级班(20171-78001490-1),201717800149078255,,3,文化素质选修,29,2-17周,0,钱君,2-17周 周二 第7节-第8节 ,2.0,公共课程,否,实践类课程,周二,2017-2018-1,,201717800149078255,,0,仙林校区,2017-2018学年 第1学期,78255,大活320,0.0,否,07,3,0,,32,0,小提琴演奏初级班,,第7节-第8节,,78001490
32.0,000000,钢琴名曲赏析课(20171-78001720-1),201717800172078267,,1,文化素质选修,176,2-17周,0,范丽甍,2-17周 周二 第9节-第10节 馆3-201,2.0,公共课程,否,理论类课程,周二,2017-2018-1,,201717800172078267,,0,鼓楼校区,2017-2018学年 第1学期,78267,馆3-201,0.0,否,07,1,32,,0,0,钢琴名曲赏析课,8,第9节-第10节,逸夫馆,78001720
32.0,000000,医学与健康(20171-78001740-1),201717800174078264,,1,文化素质选修,53,2-17周,0,方刚,2-17周 周四 第7节-第8节 教121,2.0,公共课程,否,理论类课程,周四,2017-2018-1,,201717800174078264,,0,鼓楼校区,2017-2018学年 第1学期,78264,教121,0.0,否,07,1,32,,0,0,医学与健康,1,第7节-第8节,教学楼,78001740
32.0,000000,西方美术史(20171-78001780-1),201717800178078250,,3,文化素质选修,97,2-17周,0,杨秀娟,2-17周 周三 第5节-第6节 仙Ⅱ-306,2.0,公共课程,否,理论类课程,周三,2017-2018-1,,201717800178078250,,0,仙林校区,2017-2018学年 第1学期,78250,仙Ⅱ-306,0.0,否,07,1,32,,0,0,西方美术史,12,第5节-第6节,仙II区,78001780
32.0,000000,杨式太极拳(20171-78002000-1),201717800200078237,,3,文化素质选修,17,2-17周,0,王唯,2-17周 周二 第7节-第8节 ,2.0,公共课程,否,理论类课程,周二,2017-2018-1,,201717800200078237,,0,仙林校区,2017-2018学年 第1学期,78237,仙Ⅰ-321北面平台,0.0,否,07,1,32,,0,0,杨式太极拳,,第7节-第8节,,78002000
32.0,000000,杨式太极拳(20171-78002000-2),201717800200078238,,3,文化素质选修,35,2-17周,0,王唯,2-17周 周二 第9节-第10节 ,2.0,公共课程,否,理论类课程,周二,2017-2018-1,,201717800200078238,,0,仙林校区,2017-2018学年 第1学期,78238,仙Ⅰ-321北面平台,0.0,否,07,1,32,,0,0,杨式太极拳,,第9节-第10节,,78002000
32.0,000000,初级日语(20171-78003450-1),201717800345078287,,3,文化素质选修,33,2-17周,0,刘军,2-17周 周三 第5节-第6节 仙Ⅰ-315,2.0,公共课程,否,理论类课程,周三,2017-2018-1,,201717800345078287,,0,仙林校区,2017-2018学年 第1学期,78287,仙Ⅰ-315,0.0,否,07,1,32,,0,0,初级日语,11,第5节-第6节,仙I区,78003450
32.0,000000,初级日语(20171-78003450-2),201717800345078288,,3,文化素质选修,30,2-17周,0,刘军,2-17周 周三 第7节-第8节 仙Ⅰ-315,2.0,公共课程,否,理论类课程,周三,2017-2018-1,,201717800345078288,,0,仙林校区,2017-2018学年 第1学期,78288,仙Ⅰ-315,0.0,否,07,1,32,,0,0,初级日语,11,第7节-第8节,仙I区,78003450
32.0,000000,手语入门(20171-78003550-1),201717800355078235,,3,文化素质选修,47,2-17周,0,戴曼莉,2-17周 周二 第7节-第8节 仙Ⅱ-412,2.0,公共课程,否,理论类课程,周二,2017-2018-1,,201717800355078235,,0,仙林校区,2017-2018学年 第1学期,78235,仙Ⅱ-412,0.0,否,07,1,32,,0,0,手语入门,12,第7节-第8节,仙II区,78003550
16.0,000000,音乐表演实践(交响乐团),2017178003710J81460,,3,文化素质选修,45,1-18周,0,吕晓一,1-18周 自由时间 - ,1.0,公共课程,否,实践类课程,自由时间,2017-2018-1,,2017178003710J81460,,0,仙林校区,2017-2018学年 第1学期,81460,无,0.0,否,07,3,0,,16,0,音乐表演实践,,自由时间,,78003710J
16.0,000000,音乐表演实践(民乐团),2017178003710J81461,,3,文化素质选修,39,1-18周,0,张静波,1-18周 自由时间 - ,1.0,公共课程,否,实践类课程,自由时间,2017-2018-1,,2017178003710J81461,,0,仙林校区,2017-2018学年 第1学期,81461,无,0.0,否,07,3,0,,16,0,音乐表演实践,,自由时间,,78003710J
16.0,000000,音乐表演实践(合唱团),2017178003710J81462,,3,文化素质选修,56,1-18周,0,陈晓艳,1-18周 自由时间 - ,1.0,公共课程,否,实践类课程,自由时间,2017-2018-1,,2017178003710J81462,,0,仙林校区,2017-2018学年 第1学期,81462,无,0.0,否,07,3,0,,16,0,音乐表演实践,,自由时间,,78003710J
32.0,000000,人类社会现象中的生物学解析(20171-78003730-1),201717800373078265,,1,文化素质选修,93,2-17周,0,薛斌,2-17周 周三 第7节-第8节 教121,2.0,公共课程,否,理论类课程,周三,2017-2018-1,,201717800373078265,,0,鼓楼校区,2017-2018学年 第1学期,78265,教121,0.0,否,07,1,32,,0,0,人类社会现象中的生物学解析,1,第7节-第8节,教学楼,78003730
32.0,000000,高级数据处理技术(20171-78003770-1),201717800377078213,,3,文化素质选修,90,2-17周,0,黄达明,2-17周 周三 第9节-第10节 ,2.0,公共课程,否,理论类课程,周三,2017-2018-1,,201717800377078213,,0,仙林校区,2017-2018学年 第1学期,78213,实验楼乙110,0.0,否,07,1,32,,0,0,高级数据处理技术,,第9节-第10节,,78003770
32.0,000000,用PYTHON玩转数据(20171-78003950-1),201717800395078216,,3,文化素质选修,48,3-17周,0,张莉,3-17周 周二 第7节-第8节 仙Ⅱ-113,2.0,公共课程,否,理论类课程,周二,2017-2018-1,,201717800395078216,,0,仙林校区,2017-2018学年 第1学期,78216,仙Ⅱ-113,0.0,否,07,1,32,,0,0,PYTHON数据智能实现,12,第7节-第8节,仙II区,78003950
32.0,000000,定向越野(20171-78003970-1),201717800397078236,,3,文化素质选修,28,2-17周,0,陈刚,2-17周 周一 第7节-第8节 ,2.0,公共课程,否,理论类课程,周一,2017-2018-1,,201717800397078236,,0,仙林校区,2017-2018学年 第1学期,78236,仙林武术馆,0.0,否,07,1,32,,0,0,定向越野,,第7节-第8节,,78003970
32.0,000000,九型人格与职业生涯规划(20171-78004010-1),201717800401078243,,3,文化素质选修,49,2-17周,0,陈静(学工),2-17周 周二 第7节-第8节 仙Ⅰ-503,2.0,公共课程,否,理论类课程,周二,2017-2018-1,,201717800401078243,,0,仙林校区,2017-2018学年 第1学期,78243,仙Ⅰ-503,0.0,否,07,1,28,,4,0,九型人格与职业生涯规划,11,第7节-第8节,仙I区,78004010
32.0,000000,自我探索与生涯规划(20171-78004040-1),201717800404078244,,3,文化素质选修,44,2-17周,0,张巍,2-17周 周五 第7节-第8节 仙Ⅰ-113,2.0,公共课程,否,理论+实践课程,周五,2017-2018-1,,201717800404078244,,0,仙林校区,2017-2018学年 第1学期,78244,仙Ⅰ-113,0.0,否,07,5,30,,2,0,自我探索与生涯规划,11,第7节-第8节,仙I区,78004040
32.0,000000,职业探索与求职技巧(20171-78004050-1),201717800405078245,,3,文化素质选修,48,2-17周,0,李兴华,2-17周 周四 第7节-第8节 仙Ⅰ-116,2.0,公共课程,否,理论类课程,周四,2017-2018-1,,201717800405078245,,0,仙林校区,2017-2018学年 第1学期,78245,仙Ⅰ-116,0.0,否,07,1,32,,0,0,职业探索与求职技巧,11,第7节-第8节,仙I区,78004050
32.0,000000,英语文学圣典与权力的游戏(20171-78004060-1),201717800406078285,,3,文化素质选修,30,2-18周,0,邵崇忠,2-18周 周二 第5节-第6节 仙Ⅱ-319,2.0,公共课程,否,理论类课程,周二,2017-2018-1,,201717800406078285,,0,仙林校区,2017-2018学年 第1学期,78285,仙Ⅱ-319,0.0,否,07,1,32,,0,0,英语文学圣典与权力的游戏,12,第5节-第6节,仙II区,78004060
32.0,000000,英语文学圣典与权力的游戏(20171-78004060-2),201717800406078581,,3,文化素质选修,17,2-18周,0,邵崇忠,2-18周 周二 第1节-第2节 ,2.0,公共课程,否,理论类课程,周二,2017-2018-1,,201717800406078581,,0,仙林校区,2017-2018学年 第1学期,78581,仙Ⅰ-418,0.0,否,07,1,32,,0,0,英语文学圣典与权力的游戏,,第1节-第2节,,78004060
32.0,000000,英语文学圣典与权力的游戏(20171-78004060-3),201717800406078582,,3,文化素质选修,18,2-18周,0,邵崇忠,2-18周 周二 第3节-第4节 ,2.0,公共课程,否,理论类课程,周二,2017-2018-1,,201717800406078582,,0,仙林校区,2017-2018学年 第1学期,78582,仙Ⅰ-418,0.0,否,07,1,32,,0,0,英语文学圣典与权力的游戏,,第3节-第4节,,78004060
32.0,000000,生物组学与人类疾病(20171-78004120-1),201717800412078263,,1,文化素质选修,10,2-17周,0,"薛斌,方雷",2-17周 周二 第7节-第8节 教121,2.0,公共课程,否,理论类课程,周二,2017-2018-1,,201717800412078263,,0,鼓楼校区,2017-2018学年 第1学期,78263,教121,0.0,否,07,1,32,,0,0,生物组学与人类疾病,1,第7节-第8节,教学楼,78004120
32.0,000000,营养——不可不说的秘密(20171-78004130-1),201717800413078276,,1,文化素质选修,128,2-17周,0,"赵越,薛斌",2-17周 周四 第7节-第8节 教201,2.0,公共课程,否,理论类课程,周四,2017-2018-1,,201717800413078276,,0,鼓楼校区,2017-2018学年 第1学期,78276,教201,0.0,否,07,1,32,,0,0,营养——不可不说的秘密,1,第7节-第8节,教学楼,78004130
32.0,000000,紫砂艺术与文化(20171-78004210-1),201717800421078251,,3,文化素质选修,39,2-17周,0,黄正明,2-17周 周二 第7节-第8节 仙Ⅱ-101,2.0,公共课程,否,理论类课程,周二,2017-2018-1,,201717800421078251,,0,仙林校区,2017-2018学年 第1学期,78251,仙Ⅱ-101,0.0,否,07,1,32,,0,0,紫砂艺术与文化,12,第7节-第8节,仙II区,78004210
32.0,000000,实用基础日语(20171-78004220-1),201717800422078289,,3,文化素质选修,24,6-17周,0,丘政,6-17周 周二 第5节-第6节 仙Ⅰ-507,2.0,公共课程,否,理论类课程,周二,2017-2018-1,,201717800422078289,,0,仙林校区,2017-2018学年 第1学期,78289,仙Ⅰ-507,0.0,否,07,1,32,,0,0,实用基础日语,11,第5节-第6节,仙I区,78004220
32.0,000000,实用基础日语(20171-78004220-2),201717800422078290,,3,文化素质选修,22,6-17周,0,丘政,6-17周 周二 第7节-第8节 仙Ⅰ-507,2.0,公共课程,否,理论类课程,周二,2017-2018-1,,201717800422078290,,0,仙林校区,2017-2018学年 第1学期,78290,仙Ⅰ-507,0.0,否,07,1,32,,0,0,实用基础日语,11,第7节-第8节,仙I区,78004220
32.0,000000,跨文化交际—美国视角下的中国和中国文化(20171-78004260-1),201717800426078222,,3,文化素质选修,39,2-17周,0,左瀚,2-17周 周四 第7节-第8节 仙Ⅰ-211,2.0,公共课程,否,理论类课程,周四,2017-2018-1,,201717800426078222,,0,仙林校区,2017-2018学年 第1学期,78222,仙Ⅰ-211,0.0,否,07,1,32,,0,0,跨文化交际—美国视角下的中国和中国文化,11,第7节-第8节,仙I区,78004260
32.0,000000,跨文化交际—美国视角下的中国和中国文化(20171-78004260-2),201717800426078271,,3,文化素质选修,40,2-17周,0,曹宁,2-17周 周三 第7节-第8节 仙Ⅰ-209,2.0,公共课程,否,理论类课程,周三,2017-2018-1,,201717800426078271,,0,仙林校区,2017-2018学年 第1学期,78271,仙Ⅰ-209,0.0,否,07,1,32,,0,0,跨文化交际—美国视角下的中国和中国文化,11,第7节-第8节,仙I区,78004260
32.0,000000,职业技能的自我探索与培养(20171-78004280-1),201717800428078246,,3,文化素质选修,35,"2-16周(双),3-17周(单)",0,"周璐莹,裴玉","2-16周(双) 周二 第7节-第8节 仙Ⅰ-504,3-17周(单) 周二 第7节-第8节 自由地点",2.0,公共课程,否,理论类课程,"周二,周二",2017-2018-1,,201717800428078246,,0,仙林校区,2017-2018学年 第1学期,78246,"仙Ⅰ-504,自由地点",0.0,否,07,1,32,,0,0,职业技能的自我探索与培养,"11,388","第7节-第8节,第7节-第8节","仙I区, 虚拟区域（仙林）",78004280
32.0,000000,组织行为学视角下的职场认识和求职技能提升(20171-78004290-1),201717800429078247,,3,文化素质选修,39,2-9周,0,蒋伟,2-9周 周二 第9节-第10节 仙Ⅰ-318,2.0,公共课程,否,理论类课程,周二,2017-2018-1,,201717800429078247,,0,仙林校区,2017-2018学年 第1学期,78247,仙Ⅰ-318,0.0,否,07,1,32,,0,0,组织行为学视角下的职场认识和求职技能提升,11,第9节-第10节,仙I区,78004290
32.0,000000,职业指导与心理健康(20171-78004310-1),201717800431078248,,3,文化素质选修,35,2-17周,0,赵娟,2-17周 周一 第7节-第8节 仙Ⅰ-116,2.0,公共课程,否,理论类课程,周一,2017-2018-1,,201717800431078248,,0,仙林校区,2017-2018学年 第1学期,78248,仙Ⅰ-116,0.0,否,07,1,32,,0,0,职业指导与心理健康,11,第7节-第8节,仙I区,78004310
32.0,000000,斯篮搏(20171-78004340-1),201717800434078283,,3,文化素质选修,23,2-17周,0,翟一飞,2-17周 周二 第9节-第10节 ,2.0,公共课程,否,理论类课程,周二,2017-2018-1,,201717800434078283,,0,仙林校区,2017-2018学年 第1学期,78283,仙林斯篮搏气膜馆,0.0,否,07,1,32,,0,0,斯篮搏,,第9节-第10节,,78004340
32.0,000000,3D打印从0到1(20171-78004350-1),201717800435078211,,3,文化素质选修,40,3-11周,0,陶烨,3-11周 周二 第5节-第6节 ,2.0,公共课程,否,理论类课程,周二,2017-2018-1,,201717800435078211,,0,仙林校区,2017-2018学年 第1学期,78211,实验楼乙113,0.0,否,07,1,32,,0,0,3D打印从0到1,,第5节-第6节,,78004350
32.0,400010,中国文化史研究导论(20171-91010120-1),201719101012076932,,3,,15,1-18周,0,赵益,1-18周 周一 第5节-第6节 仙Ⅱ-217,2.0,文学院,否,理论类课程,周一,2017-2018-1,,201719101012076932,,0,仙林校区,2017-2018学年 第1学期,76932,仙Ⅱ-217,0.0,否,,1,32,,0,0,中国文化史研究导论,12,第5节-第6节,仙II区,91010120
32.0,400020,英国史(20171-91020050-1),201719102005077564,,,,0,,0,,,2.0,历史学院,否,理论类课程,,2017-2018-1,,201719102005077564,,0,,2017-2018学年 第1学期,77564,,0.0,否,,1,32,,0,0,英国史,,,,91020050
32.0,400020,英国史(20171-91020050-2),201719102005077565,,,,0,,0,,,2.0,历史学院,否,理论类课程,,2017-2018-1,,201719102005077565,,0,,2017-2018学年 第1学期,77565,,0.0,否,,1,32,,0,0,英国史,,,,91020050
32.0,400020,英国史(20171-91020050-2),201719102005077566,,3,,36,1-18周,0,刘金源,1-18周 周三 第3节-第4节 仙Ⅰ-112,2.0,历史学院,否,理论类课程,周三,2017-2018-1,,201719102005077566,,0,仙林校区,2017-2018学年 第1学期,77566,仙Ⅰ-112,0.0,否,,1,32,,0,0,英国史,11,第3节-第4节,仙I区,91020050
32.0,400020,中美关系与台湾问题(20171-91020090-1),201719102009077567,,3,,21,1-18周,0,龚洪烈,1-18周 周五 第3节-第4节 逸B-202,2.0,历史学院,否,理论类课程,周五,2017-2018-1,,201719102009077567,,0,仙林校区,2017-2018学年 第1学期,77567,逸B-202,0.0,否,,1,32,,0,0,中美关系与台湾问题,16,第3节-第4节,逸夫楼B区,91020090
32.0,400030,西方宗教经典与当代世界(20171-91040010-1),201719104001076828,,3,,41,1-18周,0,孟振华,1-18周 周四 第5节-第6节 逸B-210,2.0,哲学学院,否,理论类课程,周四,2017-2018-1,,201719104001076828,,0,仙林校区,2017-2018学年 第1学期,76828,逸B-210,0.0,否,,1,32,,0,0,西方宗教经典与当代世界,16,第5节-第6节,逸夫楼B区,91040010
32.0,400030,社会中的科学与技术(20171-91040040-1),201719104004076829,,3,,31,1-18周,0,刘鹏,1-18周 周五 第3节-第4节 逸B-210,2.0,哲学学院,否,理论类课程,周五,2017-2018-1,,201719104004076829,,0,仙林校区,2017-2018学年 第1学期,76829,逸B-210,0.0,否,,1,32,,0,0,STS前沿问题研究,16,第3节-第4节,逸夫楼B区,91040040
32.0,400080,国家治理与政治发展(20171-91060050-1),201719106005077228,,3,,31,1-18周,0,笪素林,1-18周 周二 第1节-第2节 仙Ⅱ-307,2.0,政府管理学院,否,理论类课程,周二,2017-2018-1,,201719106005077228,,0,仙林校区,2017-2018学年 第1学期,77228,仙Ⅱ-307,0.0,否,,1,32,,0,0,国家治理与政治发展,12,第1节-第2节,仙II区,91060050
32.0,400080,比较政治经济学(20171-91060060-1),201719106006077215,,3,,14,1-18周,0,苗红娜,1-18周 周二 第3节-第4节 逸C-204,2.0,政府管理学院,否,理论类课程,周二,2017-2018-1,,201719106006077215,,0,仙林校区,2017-2018学年 第1学期,77215,逸C-204,0.0,否,,1,32,,0,0,比较政治经济学,17,第3节-第4节,逸夫楼C区,91060060
32.0,400100,社会热点问题的定量研究方法及应用(20171-91080010-1),201719108001078027,,3,,17,1-18周,0,闵学勤,1-18周 周一 第3节-第4节 ,2.0,社会学院,否,理论类课程,周一,2017-2018-1,,201719108001078027,,0,仙林校区,2017-2018学年 第1学期,78027, 社会学院202室,0.0,否,,1,32,,0,0,社会热点问题的定量研究方法及应用,,第3节-第4节,,91080010
32.0,400120,微纳光子学(20171-91120010-1),201719112001077016,,1,,29,1-18周,0,刘辉,1-18周 周一 第5节-第6节 教209,2.0,物理学院,否,理论类课程,周一,2017-2018-1,,201719112001077016,,0,鼓楼校区,2017-2018学年 第1学期,77016,教209,0.0,否,,1,32,,0,0,微纳光子学,1,第5节-第6节,教学楼,91120010
32.0,400120,物理生物学前沿(20171-91120030-1),201719112003077018,,1,,17,1-18周,0,曹毅,1-18周 周四 第5节-第6节 教218,2.0,物理学院,否,理论类课程,周四,2017-2018-1,,201719112003077018,,0,鼓楼校区,2017-2018学年 第1学期,77018,教218,0.0,否,,1,32,,0,0,物理生物学前沿,1,第5节-第6节,教学楼,91120030
32.0,400220,微生物学研究中的一些热点问题(20171-91140040-1),201719114004076504,,3,,1,,0,,,2.0,生命科学学院,否,理论类课程,,2017-2018-1,,201719114004076504,,0,仙林校区,2017-2018学年 第1学期,76504,,0.0,否,,1,32,,0,0,微生物学研究中的一些热点问题,,,,91140040
32.0,400220,药理学前沿(20171-91140070-1),201719114007076505,,3,,7,1-18周,0,"徐强,孙洋",1-18周 周四 第7节-第8节 逸A-212,2.0,生命科学学院,否,理论类课程,周四,2017-2018-1,,201719114007076505,,0,仙林校区,2017-2018学年 第1学期,76505,逸A-212,0.0,否,,1,32,,0,0,药理学前沿,15,第7节-第8节,逸夫楼A区,91140070
32.0,400220,化学生物学(20171-91140080-1),201719114008076506,,3,,6,1-18周,0,"魏炜,赵劲",1-18周 周五 第5节-第6节 逸A-213,2.0,生命科学学院,否,理论类课程,周五,2017-2018-1,,201719114008076506,,0,仙林校区,2017-2018学年 第1学期,76506,逸A-213,0.0,否,,1,32,,0,0,化学生物学,15,第5节-第6节,逸夫楼A区,91140080
32.0,400220,植物分子发育(20171-91140100-1),201719114010076507,,3,,1,,0,,,2.0,生命科学学院,否,理论类课程,,2017-2018-1,,201719114010076507,,0,仙林校区,2017-2018学年 第1学期,76507,,0.0,否,,1,32,,0,0,植物分子发育,,,,91140100
32.0,400190,环境地球化学(20171-91150010-1),201719115001078117,,3,,18,3-18周,0,季峻峰,3-18周 周五 第5节-第6节 仙Ⅱ-117,2.0,地球科学与工程学院,否,理论类课程,周五,2017-2018-1,,201719115001078117,,0,仙林校区,2017-2018学年 第1学期,78117,仙Ⅱ-117,0.0,否,,1,32,,0,0,环境地球化学,12,第5节-第6节,仙II区,91150010
32.0,400210,大气湍流(20171-91170010-1),201719117001077802,,3,,4,,0,,,2.0,大气科学学院,否,,,2017-2018-1,,201719117001077802,,0,仙林校区,2017-2018学年 第1学期,77802,,,否,,,,,,0,大气湍流,,,,91170010
32.0,400170,真空工艺与实验技术(20171-91190010-1),201719119001077824,,3,,23,"1-9周,10-18周",0,韩民,"1-9周 周五 第5节-第7节 逸C-202,10-18周 周五 第5节-第7节 ",2.0,现代工程与应用科学学院,否,理论+实验课程,"周五,周五",2017-2018-1,,201719119001077824,,0,仙林校区,2017-2018学年 第1学期,77824,"逸C-202,实验楼丙124",16.0,否,,6,16,,0,0,真空工艺与实验技术,17,"第5节-第7节,第5节-第7节",逸夫楼C区,91190010
32.0,400170,摄影光学(20171-91190030-1),201719119003077844,,3,,39,1-18周,0,赵刚,1-18周 周一 第7节-第8节 仙Ⅱ-117,2.0,现代工程与应用科学学院,否,理论+实践课程,周一,2017-2018-1,,201719119003077844,,0,仙林校区,2017-2018学年 第1学期,77844,仙Ⅱ-117,0.0,否,,5,16,,16,0,摄影光学及光电技术,12,第7节-第8节,仙II区,91190030
32.0,400150,Web程序分析测试(20171-91220020-1),201719122002077056,,3,,7,1-18周,0,许蕾,1-18周 周二 第9节-第10节 仙Ⅰ-201,2.0,计算机学院,否,理论类课程,周二,2017-2018-1,,201719122002077056,,0,仙林校区,2017-2018学年 第1学期,77056,仙Ⅰ-201,0.0,否,,1,32,,0,0,Web程序分析测试,11,第9节-第10节,仙I区,91220020
32.0,400240,多机器人系统：协作与对抗(20171-91270050-1),201719127005078181,,3,,4,1-18周,0,李维,1-18周 周三 第9节-第10节 仙Ⅱ-307,2.0,工程管理学院,否,理论类课程,周三,2017-2018-1,,201719127005078181,,0,仙林校区,2017-2018学年 第1学期,78181,仙Ⅱ-307,0.0,否,,1,32,,0,0,多机器人系统：协作与对抗,12,第9节-第10节,仙II区,91270050
32.0,400260,应用语言学实证研究方法(20171-91280010-1),201719128001077240,,3,,17,1-18周,0,曹贤文,1-18周 周二 第5节-第6节 逸C-203,2.0,海外教育学院,否,理论+实践课程,周二,2017-2018-1,,201719128001077240,,0,仙林校区,2017-2018学年 第1学期,77240,逸C-203,0.0,否,,5,32,,0,0,应用语言学中的实证研究和定量数据分析,17,第5节-第6节,逸夫楼C区,91280010
