XS,PKDWDM,JXBMC,WID,TXKCLB_DISPLAY,XXXQDM,XGXKLBDM_DISPLAY,XKZRS,SKZC,PKZTDM,SKJS,YPSJDD,XF,PKDWDM_DISPLAY,SFXGXK_DISPLAY,KCFL1_DISPLAY,SKXQ,XNXQDM,TKJG,JXBID,SKBJ,SFTK,XXXQDM_DISPLAY,XNXQDM_DISPLAY,KXH,SKJAS,SYXS,SFTK_DISPLAY,XGXKLBDM,KCFL1,KTJSXS,TXKCLB,KCSJXS,SFXGXK,KCM,JXLDM,SKJC,JXLDM_DISPLAY,KCH
48.0,400080,马克思主义基本原理概论(20141-00000010-1),201410000001059948,思政课,3,,150,"1-18周,1-18周",0,周建国,"1-18周 周三 第5节-第6节 图书馆125,1-18周 自由时间 - 自由地点",3.0,政府管理学院,否,,"周三,自由时间",2014-2015-1,,201410000001059948,"2012化学学院化学,2012化学学院应用化学",0,仙林校区,2014-2015学年 第1学期,59948,"图书馆125,自由地点",,否,,,32,00,16,0,马克思主义基本原理概论,"18,388","第5节-第6节,自由时间","图书馆, 虚拟区域（仙林）",00000010
48.0,400080,马克思主义基本原理概论(20141-00000010-2),201410000001059952,思政课,1,,94,"1-18周,1-18周",0,陈建,"1-18周 周一 第9节-第10节 教213,1-18周 自由时间 - 自由地点",3.0,政府管理学院,否,,"周一,自由时间",2014-2015-1,,201410000001059952,,0,鼓楼校区,2014-2015学年 第1学期,59952,"教213,自由地点",,否,,,32,00,16,0,马克思主义基本原理概论,"1,388","第9节-第10节,自由时间","教学楼, 虚拟区域（仙林）",00000010
48.0,400080,马克思主义基本原理概论(20141-00000010-3),201410000001059954,思政课,1,,92,"1-18周,1-18周",0,陈建,"1-18周 周三 第9节-第10节 教213,1-18周 自由时间 - 自由地点",3.0,政府管理学院,否,,"周三,自由时间",2014-2015-1,,201410000001059954,,0,鼓楼校区,2014-2015学年 第1学期,59954,"教213,自由地点",,否,,,32,00,16,0,马克思主义基本原理概论,"1,388","第9节-第10节,自由时间","教学楼, 虚拟区域（仙林）",00000010
48.0,400080,马克思主义基本原理概论(20141-00000010-4),201410000001059955,思政课,3,,104,"1-18周,1-18周",0,曹永红,"1-18周 周四 第1节-第2节 逸B-104,1-18周 自由时间 - 自由地点",3.0,政府管理学院,否,,"周四,自由时间",2014-2015-1,,201410000001059955,2013软件学院软件工程,0,仙林校区,2014-2015学年 第1学期,59955,"逸B-104,自由地点",,否,,,32,00,16,0,马克思主义基本原理概论,"16,388","第1节-第2节,自由时间","逸夫楼B区, 虚拟区域（仙林）",00000010
48.0,400080,马克思主义基本原理概论(20141-00000010-5),201410000001059960,思政课,3,,110,"1-18周,1-18周",0,曹永红,"1-18周 周四 第3节-第4节 逸B-104,1-18周 自由时间 - 自由地点",3.0,政府管理学院,否,,"周四,自由时间",2014-2015-1,,201410000001059960,2013软件学院软件工程,0,仙林校区,2014-2015学年 第1学期,59960,"逸B-104,自由地点",,否,,,32,00,16,0,马克思主义基本原理概论,"16,388","第3节-第4节,自由时间","逸夫楼B区, 虚拟区域（仙林）",00000010
48.0,400080,马克思主义基本原理概论(20141-00000010-6),201410000001059977,思政课,3,,115,"1-18周,1-18周",0,周春梅,"1-18周 周四 第5节-第6节 仙Ⅱ-211,1-18周 自由时间 - 自由地点",3.0,政府管理学院,否,,"周四,自由时间",2014-2015-1,,201410000001059977,2012计算机学院计算机科学与技术（拔尖计划）,0,仙林校区,2014-2015学年 第1学期,59977,"仙Ⅱ-211,自由地点",,否,,,32,00,16,0,马克思主义基本原理概论,"12,388","第5节-第6节,自由时间","仙II区, 虚拟区域（仙林）",00000010
48.0,400080,马克思主义基本原理概论(20141-00000010-7),201410000001059986,思政课,3,,26,"1-18周,1-18周",0,周春梅,"1-18周 周四 第7节-第8节 仙Ⅱ-211,1-18周 自由时间 - 自由地点",3.0,政府管理学院,否,,"周四,自由时间",2014-2015-1,,201410000001059986,2012计算机学院计算机科学与技术（拔尖计划）,0,仙林校区,2014-2015学年 第1学期,59986,"仙Ⅱ-211,自由地点",,否,,,32,00,16,0,马克思主义基本原理概论,"12,388","第7节-第8节,自由时间","仙II区, 虚拟区域（仙林）",00000010
48.0,400080,马克思主义基本原理概论(20141-00000010-8),201410000001059992,思政课,3,,54,"1-18周,1-18周",0,周春梅,"1-18周 周三 第7节-第8节 逸B-205,1-18周 自由时间 - 自由地点",3.0,政府管理学院,否,,"周三,自由时间",2014-2015-1,,201410000001059992,2012生命科学学院生物科学类,0,仙林校区,2014-2015学年 第1学期,59992,"逸B-205,自由地点",,否,,,32,00,16,0,马克思主义基本原理概论,"16,388","第7节-第8节,自由时间","逸夫楼B区, 虚拟区域（仙林）",00000010
48.0,400080,马克思主义基本原理概论(20141-00000010-9),201410000001059999,思政课,3,,118,"1-18周,1-18周",0,王培暄,"1-18周 周五 第7节-第8节 图书馆125,1-18周 自由时间 - 自由地点",3.0,政府管理学院,否,,"周五,自由时间",2014-2015-1,,201410000001059999,"2012数学学院数学与应用数学,2012数学学院应用模块,2012数学学院统计学,2012数学学院信息与计算科学",0,仙林校区,2014-2015学年 第1学期,59999,"图书馆125,自由地点",,否,,,32,00,16,0,马克思主义基本原理概论,"18,388","第7节-第8节,自由时间","图书馆, 虚拟区域（仙林）",00000010
48.0,400080,马克思主义基本原理概论(20141-00000010-10),201410000001060000,思政课,3,,78,"1-18周,1-18周",0,王培暄,"1-18周 周五 第3节-第4节 仙Ⅱ-212,1-18周 自由时间 - 自由地点",3.0,政府管理学院,否,,"周五,自由时间",2014-2015-1,,201410000001060000,"2012地理与海洋科学学院资源环境与城乡规划管理,2012地理与海洋科学学院海洋科学,2012地理与海洋科学学院地理科学,2012地理与海洋科学学院地理信息系统",0,仙林校区,2014-2015学年 第1学期,60000,"仙Ⅱ-212,自由地点",,否,,,32,00,16,0,马克思主义基本原理概论,"12,388","第3节-第4节,自由时间","仙II区, 虚拟区域（仙林）",00000010
48.0,400080,马克思主义基本原理概论(20141-00000010-11),201410000001060002,思政课,3,,96,"1-18周,1-18周",0,王培暄,"1-18周 周五 第1节-第2节 仙Ⅱ-212,1-18周 自由时间 - 自由地点",3.0,政府管理学院,否,,"周五,自由时间",2014-2015-1,,201410000001060002,"2012环境学院环境工程,2012环境学院环境科学（环规）,2012环境学院环境科学（环生）,2012环境学院环境科学（环化）",0,仙林校区,2014-2015学年 第1学期,60002,"仙Ⅱ-212,自由地点",,否,,,32,00,16,0,马克思主义基本原理概论,"12,388","第1节-第2节,自由时间","仙II区, 虚拟区域（仙林）",00000010
48.0,400080,马克思主义基本原理概论(20141-00000010-12),201410000001060008,思政课,3,,86,"1-18周,1-18周",0,王锁明,"1-18周 周二 第3节-第4节 逸B-205,1-18周 自由时间 - 自由地点",3.0,政府管理学院,否,,"周二,自由时间",2014-2015-1,,201410000001060008,"2012大气科学学院大气科学,2012大气科学学院应用气象学",0,仙林校区,2014-2015学年 第1学期,60008,"逸B-205,自由地点",,否,,,32,00,16,0,马克思主义基本原理概论,"16,388","第3节-第4节,自由时间","逸夫楼B区, 虚拟区域（仙林）",00000010
48.0,400080,马克思主义基本原理概论(20141-00000010-13),201410000001060010,思政课,3,,81,"1-18周,1-18周",0,王锁明,"1-18周 周二 第5节-第6节 逸B-205,1-18周 自由时间 - 自由地点",3.0,政府管理学院,否,,"周二,自由时间",2014-2015-1,,201410000001060010,"2012地球科学与工程学院地质学,2012地球科学与工程学院地质学（地球物理学方向）,2012地球科学与工程学院地下水科学与工程,2012地球科学与工程学院水文与水资源工程,2012地球科学与工程学院地质工程,2012地球科学与工程学院地球化学",0,仙林校区,2014-2015学年 第1学期,60010,"逸B-205,自由地点",,否,,,32,00,16,0,马克思主义基本原理概论,"16,388","第5节-第6节,自由时间","逸夫楼B区, 虚拟区域（仙林）",00000010
48.0,400080,马克思主义基本原理概论(20141-00000010-14),201410000001060013,思政课,3,,185,"1-18周,1-18周",0,王锁明,"1-18周 周四 第5节-第6节 仙Ⅱ-207,1-18周 自由时间 - 自由地点",3.0,政府管理学院,否,,"周四,自由时间",2014-2015-1,,201410000001060013,"2012电子科学与工程学院电子信息科学与技术,2012电子科学与工程学院微电子学,2012电子科学与工程学院生物医学工程,2012电子科学与工程学院通信工程",0,仙林校区,2014-2015学年 第1学期,60013,"仙Ⅱ-207,自由地点",,否,,,32,00,16,0,马克思主义基本原理概论,"12,388","第5节-第6节,自由时间","仙II区, 虚拟区域（仙林）",00000010
48.0,400080,马克思主义基本原理概论(20141-00000010-15),201410000001060098,思政课,3,,118,"1-18周,1-18周",0,陈建,"1-18周 周五 第3节-第4节 逸B-313,1-18周 自由时间 - 自由地点",3.0,政府管理学院,否,,"周五,自由时间",2014-2015-1,,201410000001060098,"2012工程管理学院自动化,2012工程管理学院信息工程,2012工程管理学院金融工程,2012工程管理学院工业工程",0,仙林校区,2014-2015学年 第1学期,60098,"逸B-313,自由地点",,否,,,32,00,16,0,马克思主义基本原理概论,"16,388","第3节-第4节,自由时间","逸夫楼B区, 虚拟区域（仙林）",00000010
48.0,400080,马克思主义基本原理概论(20141-00000010-16),201410000001060153,思政课,3,,133,"1-18周,1-18周",0,王永义,"1-18周 周四 第1节-第2节 图书馆125,1-18周 自由时间 - 自由地点",3.0,政府管理学院,否,,"周四,自由时间",2014-2015-1,,201410000001060153,"2012现代工程与应用科学学院材料物理,2012现代工程与应用科学学院生物医学工程,2012现代工程与应用科学学院新能源科学与工程,2012现代工程与应用科学学院材料化学",0,仙林校区,2014-2015学年 第1学期,60153,"图书馆125,自由地点",,否,,,32,00,16,0,马克思主义基本原理概论,"18,388","第1节-第2节,自由时间","图书馆, 虚拟区域（仙林）",00000010
48.0,400080,思想道德修养与法律基础(20141-00000020-3),201410000002059777,思政课,3,,168,"4-18周,4-18周",0,戴雪红,"4-18周 周五 第9节-第10节 图书馆127,4-18周 自由时间 - 自由地点",3.0,政府管理学院,否,理论类课程,"周五,自由时间",2014-2015-1,,201410000002059777,"2014信息管理学院信息管理与信息系统,2014生命科学学院生物科学类",0,仙林校区,2014-2015学年 第1学期,59777,"图书馆127,自由地点",0.0,否,,1,48,00,0,0,思想道德修养与法律基础,"18,388","第9节-第10节,自由时间","图书馆, 虚拟区域（仙林）",00000020
48.0,400080,思想道德修养与法律基础(20141-00000020-4),201410000002059790,思政课,3,,149,"4-18周,4-18周",0,张伟,"4-18周 周五 第3节-第4节 图书馆125,4-18周 自由时间 - 自由地点",3.0,政府管理学院,否,理论类课程,"周五,自由时间",2014-2015-1,,201410000002059790,,0,仙林校区,2014-2015学年 第1学期,59790,"无,自由地点",0.0,否,,1,48,00,0,0,思想道德修养与法律基础,388,"第3节-第4节,自由时间",虚拟区域（仙林）,00000020
48.0,400080,思想道德修养与法律基础(20141-00000020-5),201410000002059800,思政课,3,,88,"4-18周,4-18周",0,张伟,"4-18周 周五 第5节-第6节 逸B-205,4-18周 自由时间 - 自由地点",3.0,政府管理学院,否,理论类课程,"周五,自由时间",2014-2015-1,,201410000002059800,,0,仙林校区,2014-2015学年 第1学期,59800,"逸B-205,自由地点",0.0,否,,1,48,00,0,0,思想道德修养与法律基础,"16,388","第5节-第6节,自由时间","逸夫楼B区, 虚拟区域（仙林）",00000020
48.0,400080,思想道德修养与法律基础(20141-00000020-6),201410000002059805,思政课,3,,184,"4-18周,4-18周",0,张伟,"4-18周 周五 第1节-第2节 图书馆125,4-18周 自由时间 - 自由地点",3.0,政府管理学院,否,理论类课程,"周五,自由时间",2014-2015-1,,201410000002059805,2014电子科学与工程学院电子信息类,0,仙林校区,2014-2015学年 第1学期,59805,"无,自由地点",0.0,否,,1,48,00,0,0,思想道德修养与法律基础,388,"第1节-第2节,自由时间",虚拟区域（仙林）,00000020
48.0,400080,思想道德修养与法律基础(20141-00000020-7),201410000002059808,思政课,3,,97,"4-18周,4-18周",0,暴庆刚,"4-18周 周五 第7节-第8节 图书馆127,4-18周 自由时间 - 自由地点",3.0,政府管理学院,否,理论类课程,"周五,自由时间",2014-2015-1,,201410000002059808,,0,仙林校区,2014-2015学年 第1学期,59808,"图书馆127,自由地点",0.0,否,,1,48,00,0,0,思想道德修养与法律基础,"18,388","第7节-第8节,自由时间","图书馆, 虚拟区域（仙林）",00000020
48.0,400080,思想道德修养与法律基础(20141-00000020-8),201410000002059813,思政课,3,,94,"4-18周,4-18周",0,李喜英,"4-18周 周五 第3节-第4节 逸B-104,4-18周 自由时间 - 自由地点",3.0,政府管理学院,否,理论类课程,"周五,自由时间",2014-2015-1,,201410000002059813,"2014天文与空间科学学院天文学,2014建筑与城市规划学院城乡规划,2014建筑与城市规划学院建筑学",0,仙林校区,2014-2015学年 第1学期,59813,"逸B-104,自由地点",0.0,否,,1,48,00,0,0,思想道德修养与法律基础,"16,388","第3节-第4节,自由时间","逸夫楼B区, 虚拟区域（仙林）",00000020
48.0,400080,思想道德修养与法律基础(20141-00000020-9),201410000002059816,思政课,3,,98,"4-18周,4-18周",0,李喜英,"4-18周 周三 第5节-第6节 仙Ⅱ-305,4-18周 自由时间 - 自由地点",3.0,政府管理学院,否,理论类课程,"周三,自由时间",2014-2015-1,,201410000002059816,,0,仙林校区,2014-2015学年 第1学期,59816,"仙Ⅱ-305,自由地点",0.0,否,,1,48,00,0,0,思想道德修养与法律基础,"12,388","第5节-第6节,自由时间","仙II区, 虚拟区域（仙林）",00000020
48.0,400080,思想道德修养与法律基础(20141-00000020-10),201410000002059818,思政课,3,,120,"4-18周,4-18周",0,李喜英,"4-18周 周三 第7节-第8节 仙Ⅱ-305,4-18周 自由时间 - 自由地点",3.0,政府管理学院,否,理论类课程,"周三,自由时间",2014-2015-1,,201410000002059818,,0,仙林校区,2014-2015学年 第1学期,59818,"仙Ⅱ-305,自由地点",0.0,否,,1,48,00,0,0,思想道德修养与法律基础,"12,388","第7节-第8节,自由时间","仙II区, 虚拟区域（仙林）",00000020
48.0,400080,思想道德修养与法律基础(20141-00000020-11),201410000002059821,思政课,3,,106,"4-18周,4-18周",0,陈琳,"4-18周 周四 第3节-第4节 仙Ⅱ-304,4-18周 自由时间 - 自由地点",3.0,政府管理学院,否,理论类课程,"周四,自由时间",2014-2015-1,,201410000002059821,2014软件学院软件工程,0,仙林校区,2014-2015学年 第1学期,59821,"仙Ⅱ-304,自由地点",0.0,否,,1,48,00,0,0,思想道德修养与法律基础,"12,388","第3节-第4节,自由时间","仙II区, 虚拟区域（仙林）",00000020
48.0,400080,思想道德修养与法律基础(20141-00000020-12),201410000002059822,思政课,3,,108,"4-18周,4-18周",0,陈琳,"4-18周 周四 第5节-第6节 仙Ⅱ-304,4-18周 自由时间 - 自由地点",3.0,政府管理学院,否,理论类课程,"周四,自由时间",2014-2015-1,,201410000002059822,2014软件学院软件工程,0,仙林校区,2014-2015学年 第1学期,59822,"仙Ⅱ-304,自由地点",0.0,否,,1,48,00,0,0,思想道德修养与法律基础,"12,388","第5节-第6节,自由时间","仙II区, 虚拟区域（仙林）",00000020
48.0,400080,思想道德修养与法律基础(20141-00000020-11),201410000002060052,思政课,3,,87,"4-18周,4-18周",0,戴雪红,"4-18周 周五 第5节-第6节 仙Ⅱ-211,4-18周 自由时间 - 自由地点",3.0,政府管理学院,否,理论类课程,"周五,自由时间",2014-2015-1,,201410000002060052,2014地球科学与工程学院地质学,0,仙林校区,2014-2015学年 第1学期,60052,"仙Ⅱ-211,自由地点",0.0,否,,1,48,00,0,0,思想道德修养与法律基础,"12,388","第5节-第6节,自由时间","仙II区, 虚拟区域（仙林）",00000020
48.0,400080,思想道德修养与法律基础(20141-00000020-12),201410000002060054,思政课,3,,108,"4-18周,4-18周",0,戴雪红,"4-18周 周五 第3节-第4节 仙Ⅱ-305,4-18周 自由时间 - 自由地点",3.0,政府管理学院,否,理论类课程,"周五,自由时间",2014-2015-1,,201410000002060054,"2014工程管理学院管理科学与工程类,2014工程管理学院电气信息类",0,仙林校区,2014-2015学年 第1学期,60054,"仙Ⅱ-305,自由地点",0.0,否,,1,48,00,0,0,思想道德修养与法律基础,"12,388","第3节-第4节,自由时间","仙II区, 虚拟区域（仙林）",00000020
48.0,400080,思想道德修养与法律基础(20141-00000020-13),201410000002060057,思政课,3,,125,"4-18周,4-18周",0,郭云峰,"4-18周 周四 第3节-第4节 仙Ⅰ-524,4-18周 自由时间 - 自由地点",3.0,政府管理学院,否,理论类课程,"周四,自由时间",2014-2015-1,,201410000002060057,2014数学学院数学类,0,仙林校区,2014-2015学年 第1学期,60057,"仙Ⅰ-524,自由地点",0.0,否,,1,48,00,0,0,思想道德修养与法律基础,"11,388","第3节-第4节,自由时间","仙I区, 虚拟区域（仙林）",00000020
48.0,400080,思想道德修养与法律基础(20141-00000020-14),201410000002060058,思政课,3,,202,"4-18周,4-18周",0,郭云峰,"4-18周 周四 第1节-第2节 仙Ⅰ-107,4-18周 自由时间 - 自由地点",3.0,政府管理学院,否,理论类课程,"周四,自由时间",2014-2015-1,,201410000002060058,,0,仙林校区,2014-2015学年 第1学期,60058,"仙Ⅰ-107,自由地点",0.0,否,,1,48,00,0,0,思想道德修养与法律基础,"11,388","第1节-第2节,自由时间","仙I区, 虚拟区域（仙林）",00000020
48.0,400080,思想道德修养与法律基础(20141-00000020-15),201410000002060059,思政课,3,,106,"4-18周,4-18周",0,郭云峰,"4-18周 周四 第5节-第6节 逸B-205,4-18周 自由时间 - 自由地点",3.0,政府管理学院,否,理论类课程,"周四,自由时间",2014-2015-1,,201410000002060059,,0,仙林校区,2014-2015学年 第1学期,60059,"逸B-205,自由地点",0.0,否,,1,48,00,0,0,思想道德修养与法律基础,"16,388","第5节-第6节,自由时间","逸夫楼B区, 虚拟区域（仙林）",00000020
48.0,400080,思想道德修养与法律基础(20141-00000020-16),201410000002060061,思政课,3,,86,"4-18周,4-18周",0,李喜英,"4-18周 周三 第1节-第2节 仙Ⅱ-406,4-18周 自由时间 - 自由地点",3.0,政府管理学院,否,理论类课程,"周三,自由时间",2014-2015-1,,201410000002060061,"2014地理与海洋科学学院地理科学类,2014地理与海洋科学学院地理科学",0,仙林校区,2014-2015学年 第1学期,60061,"仙Ⅱ-406,自由地点",0.0,否,,1,48,00,0,0,思想道德修养与法律基础,"12,388","第1节-第2节,自由时间","仙II区, 虚拟区域（仙林）",00000020
48.0,400080,思想道德修养与法律基础(20141-00000020-17),201410000002060116,思政课,3,,118,"4-18周,4-18周",0,暴庆刚,"4-18周 周五 第1节-第2节 逸B-205,4-18周 自由时间 - 自由地点",3.0,政府管理学院,否,理论类课程,"周五,自由时间",2014-2015-1,,201410000002060116,,0,仙林校区,2014-2015学年 第1学期,60116,"逸B-205,自由地点",0.0,否,,1,48,00,0,0,思想道德修养与法律基础,"16,388","第1节-第2节,自由时间","逸夫楼B区, 虚拟区域（仙林）",00000020
48.0,400080,思想道德修养与法律基础(20141-00000020-18),201410000002060152,思政课,3,,128,"4-18周,4-18周",0,暴庆刚,"4-18周 周五 第5节-第6节 图书馆127,4-18周 自由时间 - 自由地点",3.0,政府管理学院,否,理论类课程,"周五,自由时间",2014-2015-1,,201410000002060152,2014现代工程与应用科学学院材料类,0,仙林校区,2014-2015学年 第1学期,60152,"图书馆127,自由地点",0.0,否,,1,48,00,0,0,思想道德修养与法律基础,"18,388","第5节-第6节,自由时间","图书馆, 虚拟区域（仙林）",00000020
48.0,400080,毛泽东思想和中国特色社会主义理论体系概论（理论部分）(20141-00000030A-1),2014100000030A59371,思政课,3,,86,1-18周,0,陈建华,1-18周 周五 第5节-第7节 仙Ⅱ-212,3.0,政府管理学院,否,理论类课程,周五,2014-2015-1,,2014100000030A59371,"2012信息管理学院信息管理与信息系统,2012信息管理学院编辑出版学,2012信息管理学院档案学",0,仙林校区,2014-2015学年 第1学期,59371,仙Ⅱ-212,0.0,否,,1,48,00,0,0,毛泽东思想和中国特色社会主义理论体系概论（理论部分）,12,第5节-第7节,仙II区,00000030A
48.0,400080,毛泽东思想和中国特色社会主义理论体系概论（理论部分）(20141-00000030A-2),2014100000030A59374,思政课,3,,57,1-18周,0,高静,1-18周 周三 第2节-第4节 仙Ⅱ-214,3.0,政府管理学院,否,理论类课程,周三,2014-2015-1,,2014100000030A59374,"2012哲学学院哲学,2012海外教育学院海外教育类",0,仙林校区,2014-2015学年 第1学期,59374,仙Ⅱ-214,0.0,否,,1,48,00,0,0,毛泽东思想和中国特色社会主义理论体系概论（理论部分）,12,第2节-第4节,仙II区,00000030A
48.0,400080,毛泽东思想和中国特色社会主义理论体系概论（理论部分）(20141-00000030A-3),2014100000030A59556,思政课,3,,122,1-18周,0,甘季国,1-18周 周三 第5节-第7节 逸B-313,3.0,政府管理学院,否,理论类课程,周三,2014-2015-1,,2014100000030A59556,"2012商学院工商管理,2012商学院工商管理（人力资源管理方向）,2012商学院市场营销",0,仙林校区,2014-2015学年 第1学期,59556,逸B-313,0.0,否,,1,48,00,0,0,毛泽东思想和中国特色社会主义理论体系概论（理论部分）,16,第5节-第7节,逸夫楼B区,00000030A
48.0,400080,毛泽东思想和中国特色社会主义理论体系概论（理论部分）(20141-00000030A-4),2014100000030A59561,思政课,3,,113,1-18周,0,甘季国,1-18周 周一 第5节-第7节 逸B-313,3.0,政府管理学院,否,理论类课程,周一,2014-2015-1,,2014100000030A59561,"2012商学院会计学,2012商学院电子商务,2012商学院财务管理",0,仙林校区,2014-2015学年 第1学期,59561,逸B-313,0.0,否,,1,48,00,0,0,毛泽东思想和中国特色社会主义理论体系概论（理论部分）,16,第5节-第7节,逸夫楼B区,00000030A
48.0,400080,毛泽东思想和中国特色社会主义理论体系概论（理论部分）(20141-00000030A-5),2014100000030A59564,思政课,3,,55,1-18周,0,高静,1-18周 周三 第5节-第7节 仙Ⅱ-214,3.0,政府管理学院,否,理论类课程,周三,2014-2015-1,,2014100000030A59564,"2012社会学院社会学,2012社会学院应用心理学,2012社会学院社会工作",0,仙林校区,2014-2015学年 第1学期,59564,仙Ⅱ-214,0.0,否,,1,48,00,0,0,毛泽东思想和中国特色社会主义理论体系概论（理论部分）,12,第5节-第7节,仙II区,00000030A
48.0,400080,毛泽东思想和中国特色社会主义理论体系概论（理论部分）(20141-00000030A-6),2014100000030A59566,思政课,3,,118,1-18周,0,周芳玉,1-18周 周四 第5节-第7节 仙Ⅱ-504,3.0,政府管理学院,否,理论类课程,周四,2014-2015-1,,2014100000030A59566,2012文学院戏剧影视文学,0,仙林校区,2014-2015学年 第1学期,59566,仙Ⅱ-504,0.0,否,,1,48,00,0,0,毛泽东思想和中国特色社会主义理论体系概论（理论部分）,12,第5节-第7节,仙II区,00000030A
48.0,400080,毛泽东思想和中国特色社会主义理论体系概论（理论部分）(20141-00000030A-7),2014100000030A59567,思政课,3,,103,1-18周,0,周芳玉,1-18周 周三 第2节-第4节 仙Ⅱ-504,3.0,政府管理学院,否,理论类课程,周三,2014-2015-1,,2014100000030A59567,2012法学院法学类,0,仙林校区,2014-2015学年 第1学期,59567,仙Ⅱ-504,0.0,否,,1,48,00,0,0,毛泽东思想和中国特色社会主义理论体系概论（理论部分）,12,第2节-第4节,仙II区,00000030A
48.0,400080,毛泽东思想和中国特色社会主义理论体系概论（理论部分）(20141-00000030A-8),2014100000030A59568,思政课,3,,113,1-18周,0,李洪波,1-18周 周四 第2节-第4节 仙Ⅱ-505,3.0,政府管理学院,否,理论类课程,周四,2014-2015-1,,2014100000030A59568,"2012新闻传播学院新闻学,2012新闻传播学院新闻学（运动员班）,2012新闻传播学院广播电视新闻学,2012新闻传播学院广告学",0,仙林校区,2014-2015学年 第1学期,59568,仙Ⅱ-505,0.0,否,,1,48,00,0,0,毛泽东思想和中国特色社会主义理论体系概论（理论部分）,12,第2节-第4节,仙II区,00000030A
48.0,400080,毛泽东思想和中国特色社会主义理论体系概论（理论部分）(20141-00000030A-9),2014100000030A59570,思政课,3,,104,1-18周,0,李洪波,1-18周 周四 第5节-第7节 仙Ⅱ-505,3.0,政府管理学院,否,理论类课程,周四,2014-2015-1,,2014100000030A59570,"2012政府管理学院政治学与行政学,2012政府管理学院行政管理（劳动与社会保障）,2012政府管理学院国际政治,2012政府管理学院行政管理",0,仙林校区,2014-2015学年 第1学期,59570,仙Ⅱ-505,0.0,否,,1,48,00,0,0,毛泽东思想和中国特色社会主义理论体系概论（理论部分）,12,第5节-第7节,仙II区,00000030A
48.0,400080,毛泽东思想和中国特色社会主义理论体系概论（理论部分）(20141-00000030A-10),2014100000030A59572,思政课,3,,167,1-18周,0,沈伯平,1-18周 周四 第5节-第7节 图书馆126,3.0,政府管理学院,否,理论类课程,周四,2014-2015-1,,2014100000030A59572,"2012商学院经济学,2012商学院经济学（产业经济方向）,2012商学院国际经济与贸易",0,仙林校区,2014-2015学年 第1学期,59572,图书馆126,0.0,否,,1,48,00,0,0,毛泽东思想和中国特色社会主义理论体系概论（理论部分）,18,第5节-第7节,图书馆,00000030A
48.0,400080,毛泽东思想和中国特色社会主义理论体系概论（理论部分）(20141-00000030A-11),2014100000030A59573,思政课,3,,116,1-18周,0,陈建华,1-18周 周五 第2节-第4节 仙Ⅱ-505,3.0,政府管理学院,否,理论类课程,周五,2014-2015-1,,2014100000030A59573,"2012商学院金融学,2012商学院金融工程,2012商学院保险学",0,仙林校区,2014-2015学年 第1学期,59573,仙Ⅱ-505,0.0,否,,1,48,00,0,0,毛泽东思想和中国特色社会主义理论体系概论（理论部分）,12,第2节-第4节,仙II区,00000030A
48.0,400080,毛泽东思想和中国特色社会主义理论体系概论（理论部分）(20141-00000030A-12),2014100000030A59574,思政课,3,,97,1-18周,0,孔令文,1-18周 周四 第5节-第7节 仙Ⅱ-212,3.0,政府管理学院,否,理论类课程,周四,2014-2015-1,,2014100000030A59574,"2012外国语学院英语,2012外国语学院俄语",0,仙林校区,2014-2015学年 第1学期,59574,仙Ⅱ-212,0.0,否,,1,48,00,0,0,毛泽东思想和中国特色社会主义理论体系概论（理论部分）,12,第5节-第7节,仙II区,00000030A
48.0,400080,毛泽东思想和中国特色社会主义理论体系概论（理论部分）(20141-00000030A-13),2014100000030A59575,思政课,3,,78,1-18周,0,孔令文,1-18周 周二 第5节-第7节 逸B-313,3.0,政府管理学院,否,理论类课程,周二,2014-2015-1,,2014100000030A59575,"2012外国语学院日语,2012外国语学院朝鲜语,2012外国语学院西班牙语,2012外国语学院德语,2012外国语学院法语",0,仙林校区,2014-2015学年 第1学期,59575,逸B-313,0.0,否,,1,48,00,0,0,毛泽东思想和中国特色社会主义理论体系概论（理论部分）,16,第5节-第7节,逸夫楼B区,00000030A
48.0,400080,毛泽东思想和中国特色社会主义理论体系概论（实践部分）(20131-00000030B),2014100000030B63832,思政课,3,,115,1-18周,0,丁蕖,1-18周 自由时间 - ,2.0,政府管理学院,否,实践类课程,自由时间,2014-2015-1,,2014100000030B63832,,0,仙林校区,2014-2015学年 第1学期,63832,无,0.0,否,,3,0,00,32,0,毛泽东思想和中国特色社会主义理论体系概论（实践部分）,,自由时间,,00000030B
48.0,400080,毛泽东思想和中国特色社会主义理论体系概论（实践部分）(20131-00000030B),2014100000030B63833,思政课,3,,92,1-18周,0,孔令文,1-18周 自由时间 - ,2.0,政府管理学院,否,实践类课程,自由时间,2014-2015-1,,2014100000030B63833,,0,仙林校区,2014-2015学年 第1学期,63833,无,0.0,否,,3,0,00,32,0,毛泽东思想和中国特色社会主义理论体系概论（实践部分）,,自由时间,,00000030B
48.0,400080,毛泽东思想和中国特色社会主义理论体系概论（实践部分）(20131-00000030B),2014100000030B63834,思政课,3,,99,1-18周,0,李洪波,1-18周 自由时间 - ,2.0,政府管理学院,否,实践类课程,自由时间,2014-2015-1,,2014100000030B63834,,0,仙林校区,2014-2015学年 第1学期,63834,无,0.0,否,,3,0,00,32,0,毛泽东思想和中国特色社会主义理论体系概论（实践部分）,,自由时间,,00000030B
48.0,400080,毛泽东思想和中国特色社会主义理论体系概论（实践部分）(20131-00000030B),2014100000030B63835,思政课,3,,118,1-18周,0,孔令文,1-18周 自由时间 - ,2.0,政府管理学院,否,实践类课程,自由时间,2014-2015-1,,2014100000030B63835,,0,仙林校区,2014-2015学年 第1学期,63835,无,0.0,否,,3,0,00,32,0,毛泽东思想和中国特色社会主义理论体系概论（实践部分）,,自由时间,,00000030B
48.0,400080,毛泽东思想和中国特色社会主义理论体系概论（实践部分）(20131-00000030B),2014100000030B63836,思政课,3,,115,1-18周,0,陈建华,1-18周 自由时间 - ,2.0,政府管理学院,否,实践类课程,自由时间,2014-2015-1,,2014100000030B63836,,0,仙林校区,2014-2015学年 第1学期,63836,无,0.0,否,,3,0,00,32,0,毛泽东思想和中国特色社会主义理论体系概论（实践部分）,,自由时间,,00000030B
48.0,400080,毛泽东思想和中国特色社会主义理论体系概论（实践部分）(20131-00000030B),2014100000030B63837,思政课,3,,90,1-18周,0,张杰华,1-18周 自由时间 - ,2.0,政府管理学院,否,实践类课程,自由时间,2014-2015-1,,2014100000030B63837,,0,仙林校区,2014-2015学年 第1学期,63837,无,0.0,否,,3,0,00,32,0,毛泽东思想和中国特色社会主义理论体系概论（实践部分）,,自由时间,,00000030B
48.0,400080,毛泽东思想和中国特色社会主义理论体系概论（实践部分）(20131-00000030B),2014100000030B63838,思政课,3,,153,1-18周,0,李洪波,1-18周 自由时间 - ,2.0,政府管理学院,否,实践类课程,自由时间,2014-2015-1,,2014100000030B63838,,0,仙林校区,2014-2015学年 第1学期,63838,无,0.0,否,,3,0,00,32,0,毛泽东思想和中国特色社会主义理论体系概论（实践部分）,,自由时间,,00000030B
48.0,400080,毛泽东思想和中国特色社会主义理论体系概论（实践部分）(20131-00000030B),2014100000030B63839,思政课,3,,108,1-18周,0,高静,1-18周 自由时间 - ,2.0,政府管理学院,否,实践类课程,自由时间,2014-2015-1,,2014100000030B63839,,0,仙林校区,2014-2015学年 第1学期,63839,无,0.0,否,,3,0,00,32,0,毛泽东思想和中国特色社会主义理论体系概论（实践部分）,,自由时间,,00000030B
48.0,400080,毛泽东思想和中国特色社会主义理论体系概论（实践部分）(20131-00000030B),2014100000030B63840,思政课,3,,100,1-18周,0,高静,1-18周 自由时间 - ,2.0,政府管理学院,否,实践类课程,自由时间,2014-2015-1,,2014100000030B63840,,0,仙林校区,2014-2015学年 第1学期,63840,无,0.0,否,,3,0,00,32,0,毛泽东思想和中国特色社会主义理论体系概论（实践部分）,,自由时间,,00000030B
48.0,400080,毛泽东思想和中国特色社会主义理论体系概论（实践部分）(20131-00000030B),2014100000030B63841,思政课,3,,108,1-18周,0,周芳玉,1-18周 自由时间 - ,2.0,政府管理学院,否,实践类课程,自由时间,2014-2015-1,,2014100000030B63841,,0,仙林校区,2014-2015学年 第1学期,63841,无,0.0,否,,3,0,00,32,0,毛泽东思想和中国特色社会主义理论体系概论（实践部分）,,自由时间,,00000030B
48.0,400080,毛泽东思想和中国特色社会主义理论体系概论（实践部分）(20131-00000030B),2014100000030B63842,思政课,3,,142,1-18周,0,甘季国,1-18周 自由时间 - ,2.0,政府管理学院,否,实践类课程,自由时间,2014-2015-1,,2014100000030B63842,,0,仙林校区,2014-2015学年 第1学期,63842,无,0.0,否,,3,0,00,32,0,毛泽东思想和中国特色社会主义理论体系概论（实践部分）,,自由时间,,00000030B
48.0,400080,毛泽东思想和中国特色社会主义理论体系概论（实践部分）(20131-00000030B),2014100000030B63843,思政课,3,,116,1-18周,0,甘季国,1-18周 自由时间 - ,2.0,政府管理学院,否,实践类课程,自由时间,2014-2015-1,,2014100000030B63843,,0,仙林校区,2014-2015学年 第1学期,63843,无,0.0,否,,3,0,00,32,0,毛泽东思想和中国特色社会主义理论体系概论（实践部分）,,自由时间,,00000030B
48.0,400080,毛泽东思想和中国特色社会主义理论体系概论（实践部分）(20131-00000030B),2014100000030B63844,思政课,3,,122,1-18周,0,周芳玉,1-18周 自由时间 - ,2.0,政府管理学院,否,实践类课程,自由时间,2014-2015-1,,2014100000030B63844,,0,仙林校区,2014-2015学年 第1学期,63844,无,0.0,否,,3,0,00,32,0,毛泽东思想和中国特色社会主义理论体系概论（实践部分）,,自由时间,,00000030B
48.0,400080,毛泽东思想和中国特色社会主义理论体系概论（实践部分）(20131-00000030B),2014100000030B63845,思政课,3,,124,1-18周,0,李洪波,1-18周 自由时间 - ,2.0,政府管理学院,否,实践类课程,自由时间,2014-2015-1,,2014100000030B63845,,0,仙林校区,2014-2015学年 第1学期,63845,无,0.0,否,,3,0,00,32,0,毛泽东思想和中国特色社会主义理论体系概论（实践部分）,,自由时间,,00000030B
48.0,400080,毛泽东思想和中国特色社会主义理论体系概论（实践部分）(20131-00000030B),2014100000030B63846,思政课,3,,155,1-18周,0,沈伯平,1-18周 自由时间 - ,2.0,政府管理学院,否,实践类课程,自由时间,2014-2015-1,,2014100000030B63846,,0,仙林校区,2014-2015学年 第1学期,63846,无,0.0,否,,3,0,00,32,0,毛泽东思想和中国特色社会主义理论体系概论（实践部分）,,自由时间,,00000030B
48.0,400080,毛泽东思想和中国特色社会主义理论体系概论（实践部分）(20131-00000030B),2014100000030B63847,思政课,3,,66,1-18周,0,沈伯平,1-18周 自由时间 - ,2.0,政府管理学院,否,实践类课程,自由时间,2014-2015-1,,2014100000030B63847,,0,仙林校区,2014-2015学年 第1学期,63847,无,0.0,否,,3,0,00,32,0,毛泽东思想和中国特色社会主义理论体系概论（实践部分）,,自由时间,,00000030B
48.0,400080,毛泽东思想和中国特色社会主义理论体系概论（实践部分）(20131-00000030B),2014100000030B63848,思政课,3,,93,1-18周,0,陈建华,1-18周 自由时间 - ,2.0,政府管理学院,否,实践类课程,自由时间,2014-2015-1,,2014100000030B63848,,0,仙林校区,2014-2015学年 第1学期,63848,无,0.0,否,,3,0,00,32,0,毛泽东思想和中国特色社会主义理论体系概论（实践部分）,,自由时间,,00000030B
48.0,400080,毛泽东思想和中国特色社会主义理论体系概论（实践部分）(20131-00000030B),2014100000030B63849,思政课,3,,103,1-18周,0,张杰华,1-18周 自由时间 - ,2.0,政府管理学院,否,实践类课程,自由时间,2014-2015-1,,2014100000030B63849,,0,仙林校区,2014-2015学年 第1学期,63849,无,0.0,否,,3,0,00,32,0,毛泽东思想和中国特色社会主义理论体系概论（实践部分）,,自由时间,,00000030B
48.0,400080,毛泽东思想和中国特色社会主义理论体系概论（实践部分）(20131-00000030B),2014100000030B63850,思政课,3,,110,1-18周,0,丁蕖,1-18周 自由时间 - ,2.0,政府管理学院,否,实践类课程,自由时间,2014-2015-1,,2014100000030B63850,,0,仙林校区,2014-2015学年 第1学期,63850,无,0.0,否,,3,0,00,32,0,毛泽东思想和中国特色社会主义理论体系概论（实践部分）,,自由时间,,00000030B
48.0,400080,毛泽东思想和中国特色社会主义理论体系概论（实践部分）(20131-00000030B),2014100000030B63851,思政课,3,,77,1-18周,0,高静,1-18周 自由时间 - ,2.0,政府管理学院,否,实践类课程,自由时间,2014-2015-1,,2014100000030B63851,,0,仙林校区,2014-2015学年 第1学期,63851,无,0.0,否,,3,0,00,32,0,毛泽东思想和中国特色社会主义理论体系概论（实践部分）,,自由时间,,00000030B
48.0,400080,毛泽东思想和中国特色社会主义理论体系概论（实践部分）(20131-00000030B),2014100000030B63852,思政课,3,,84,1-18周,0,甘季国,1-18周 自由时间 - ,2.0,政府管理学院,否,实践类课程,自由时间,2014-2015-1,,2014100000030B63852,,0,仙林校区,2014-2015学年 第1学期,63852,无,0.0,否,,3,0,00,32,0,毛泽东思想和中国特色社会主义理论体系概论（实践部分）,,自由时间,,00000030B
48.0,400080,毛泽东思想和中国特色社会主义理论体系概论（实践部分）(20131-00000030B),2014100000030B63853,思政课,3,,91,1-18周,0,周芳玉,1-18周 自由时间 - ,2.0,政府管理学院,否,实践类课程,自由时间,2014-2015-1,,2014100000030B63853,,0,仙林校区,2014-2015学年 第1学期,63853,无,0.0,否,,3,0,00,32,0,毛泽东思想和中国特色社会主义理论体系概论（实践部分）,,自由时间,,00000030B
48.0,400080,毛泽东思想和中国特色社会主义理论体系概论（实践部分）（20141学期重修补修班）,2014100000030B63856,思政课,3,,9,,0,,,2.0,政府管理学院,否,实践类课程,,2014-2015-1,,2014100000030B63856,,0,仙林校区,2014-2015学年 第1学期,63856,,0.0,否,,3,0,00,32,0,毛泽东思想和中国特色社会主义理论体系概论（实践部分）,,,,00000030B
32.0,400080,中国近现代史纲要(20141-00000040-1),201410000004059851,思政课,3,,212,1-18周,0,王建华(小),1-18周 周三 第5节-第6节 仙Ⅱ-122,2.0,政府管理学院,否,理论类课程,周三,2014-2015-1,,201410000004059851,2013软件学院软件工程,0,仙林校区,2014-2015学年 第1学期,59851,仙Ⅱ-122,0.0,否,,1,32,00,0,0,中国近现代史纲要,12,第5节-第6节,仙II区,00000040
32.0,400080,中国近现代史纲要(20141-00000040-2),201410000004059852,思政课,3,,96,1-18周,0,王建华(小),1-18周 周三 第7节-第8节 逸B-207,2.0,政府管理学院,否,理论类课程,周三,2014-2015-1,,201410000004059852,,0,仙林校区,2014-2015学年 第1学期,59852,逸B-207,0.0,否,,1,32,00,0,0,中国近现代史纲要,16,第7节-第8节,逸夫楼B区,00000040
32.0,400080,中国近现代史纲要(20141-00000040-3),201410000004059854,思政课,3,,200,1-18周,0,杨丹伟,1-18周 周四 第9节-第10节 仙Ⅱ-122,2.0,政府管理学院,否,理论类课程,周四,2014-2015-1,,201410000004059854,,0,仙林校区,2014-2015学年 第1学期,59854,仙Ⅱ-122,0.0,否,,1,32,00,0,0,中国近现代史纲要,12,第9节-第10节,仙II区,00000040
32.0,400080,中国近现代史纲要(20141-00000040-4),201410000004059907,思政课,3,,112,1-18周,0,杨丹伟,1-18周 周四 第7节-第8节 逸B-207,2.0,政府管理学院,否,理论类课程,周四,2014-2015-1,,201410000004059907,"2013环境学院环境工程,2013环境学院环境科学（环规）,2013环境学院环境科学（环生）,2013环境学院环境科学（环化）",0,仙林校区,2014-2015学年 第1学期,59907,逸B-207,0.0,否,,1,32,00,0,0,中国近现代史纲要,16,第7节-第8节,逸夫楼B区,00000040
32.0,400080,中国近现代史纲要(20141-00000040-5),201410000004059919,思政课,3,,188,1-18周,0,黄骏,1-18周 周三 第9节-第10节 图书馆125,2.0,政府管理学院,否,理论类课程,周三,2014-2015-1,,201410000004059919,,0,仙林校区,2014-2015学年 第1学期,59919,无,0.0,否,,1,32,00,0,0,中国近现代史纲要,,第9节-第10节,,00000040
32.0,400080,中国近现代史纲要(20141-00000040-6),201410000004059922,思政课,3,,82,1-18周,0,黄骏,1-18周 周三 第7节-第8节 图书馆125,2.0,政府管理学院,否,理论类课程,周三,2014-2015-1,,201410000004059922,"2013地球科学与工程学院地质学,2013地球科学与工程学院地质学（地球物理学方向）,2013地球科学与工程学院地下水科学与工程,2013地球科学与工程学院地质学（古生物学方向）,2013地球科学与工程学院水文与水资源工程,2013地球科学与工程学院地质工程,2013地球科学与工程学院地球化学",0,仙林校区,2014-2015学年 第1学期,59922,图书馆125,0.0,否,,1,32,00,0,0,中国近现代史纲要,18,第7节-第8节,图书馆,00000040
32.0,400080,中国近现代史纲要(20141-00000040-7),201410000004059925,思政课,3,,140,1-18周,0,黄骏,1-18周 周三 第3节-第4节 图书馆125,2.0,政府管理学院,否,理论类课程,周三,2014-2015-1,,201410000004059925,"2013生命科学学院生物科学类,2013地理与海洋科学学院自然地理与资源环境,2013地理与海洋科学学院地理信息科学,2013地理与海洋科学学院海洋科学,2013地理与海洋科学学院旅游管理,2013地理与海洋科学学院地理科学",0,仙林校区,2014-2015学年 第1学期,59925,图书馆125,0.0,否,,1,32,00,0,0,中国近现代史纲要,18,第3节-第4节,图书馆,00000040
32.0,400080,中国近现代史纲要(20141-00000040-8),201410000004059928,思政课,3,,149,1-18周,0,熊秋良,1-18周 周四 第7节-第8节 图书馆125,2.0,政府管理学院,否,理论类课程,周四,2014-2015-1,,201410000004059928,,0,仙林校区,2014-2015学年 第1学期,59928,无,0.0,否,,1,32,00,0,0,中国近现代史纲要,,第7节-第8节,,00000040
32.0,400080,中国近现代史纲要(20141-00000040-9),201410000004059929,思政课,3,,135,1-18周,0,熊秋良,1-18周 周四 第5节-第6节 图书馆125,2.0,政府管理学院,否,理论类课程,周四,2014-2015-1,,201410000004059929,2013数学学院数学类,0,仙林校区,2014-2015学年 第1学期,59929,图书馆125,0.0,否,,1,32,00,0,0,中国近现代史纲要,18,第5节-第6节,图书馆,00000040
32.0,400080,中国近现代史纲要(20141-00000040-10),201410000004059931,思政课,3,,139,1-18周,0,熊秋良,1-18周 周四 第3节-第4节 图书馆125,2.0,政府管理学院,否,理论类课程,周四,2014-2015-1,,201410000004059931,"2013化学学院化学,2013化学学院应用化学",0,仙林校区,2014-2015学年 第1学期,59931,图书馆125,0.0,否,,1,32,00,0,0,中国近现代史纲要,18,第3节-第4节,图书馆,00000040
32.0,400080,中国近现代史纲要(20141-00000040-11),201410000004059942,思政课,3,,208,1-18周,0,刘握宇,1-18周 周二 第5节-第6节 仙Ⅱ-122,2.0,政府管理学院,否,理论类课程,周二,2014-2015-1,,201410000004059942,,0,仙林校区,2014-2015学年 第1学期,59942,仙Ⅱ-122,0.0,否,,1,32,00,0,0,中国近现代史纲要,12,第5节-第6节,仙II区,00000040
32.0,400080,中国近现代史纲要(20141-00000040-12),201410000004059944,思政课,3,,99,1-18周,0,刘握宇,1-18周 周二 第3节-第4节 逸B-104,2.0,政府管理学院,否,理论类课程,周二,2014-2015-1,,201410000004059944,,0,仙林校区,2014-2015学年 第1学期,59944,逸B-104,0.0,否,,1,32,00,0,0,中国近现代史纲要,16,第3节-第4节,逸夫楼B区,00000040
32.0,400080,中国近现代史纲要(20141-00000040-13),201410000004059945,思政课,3,,111,1-18周,0,刘握宇,1-18周 周二 第7节-第8节 逸B-104,2.0,政府管理学院,否,理论类课程,周二,2014-2015-1,,201410000004059945,"2013天文与空间科学学院天文学,2013建筑与城市规划学院城乡规划,2013建筑与城市规划学院建筑学",0,仙林校区,2014-2015学年 第1学期,59945,逸B-104,0.0,否,,1,32,00,0,0,中国近现代史纲要,16,第7节-第8节,逸夫楼B区,00000040
16.0,400210,形势与政策（上）(20141-00000050A-1),2014100000050A59067,思政课,3,,82,5-17周(单),0,喻春红,5-17周(单) 周五 第3节-第4节 逸B-205,1.0,大气科学学院,否,理论类课程,周五,2014-2015-1,,2014100000050A59067,,0,仙林校区,2014-2015学年 第1学期,59067,逸B-205,0.0,否,,1,16,00,0,0,形势与政策（上）,16,第3节-第4节,逸夫楼B区,00000050A
16.0,400090,形势与政策（上）(20141-00000050A-1),2014100000050A59070,思政课,3,,95,5-17周(单),0,"罗萍,杨金龙",5-17周(单) 周三 第7节-第8节 逸B-410,1.0,信息管理学院,否,理论类课程,周三,2014-2015-1,,2014100000050A59070,2014信息管理学院信息管理与信息系统,0,仙林校区,2014-2015学年 第1学期,59070,逸B-410,0.0,否,,1,16,00,0,0,形势与政策（上）,16,第7节-第8节,逸夫楼B区,00000050A
16.0,400030,形势与政策（上）(20141-00000050A-1),2014100000050A59087,思政课,3,,39,5-17周(单),0,马迎辉,5-17周(单) 周二 第9节-第10节 ,1.0,哲学学院,否,理论类课程,周二,2014-2015-1,,2014100000050A59087,2014哲学学院哲学,0,仙林校区,2014-2015学年 第1学期,59087,哲学系楼103,0.0,否,,1,16,00,0,0,形势与政策（上）,,第9节-第10节,,00000050A
16.0,400280,形势与政策（上）(20141-00000050A-1),2014100000050A59106,思政课,3,,24,5-17周(单),0,"芮富宏,周苑",5-17周(单) 周二 第3节-第4节 逸B-401,1.0,建筑与城市规划学院,否,理论类课程,周二,2014-2015-1,,2014100000050A59106,2014建筑与城市规划学院建筑学,0,仙林校区,2014-2015学年 第1学期,59106,逸B-401,0.0,否,,1,16,00,0,0,形势与政策（上）,16,第3节-第4节,逸夫楼B区,00000050A
16.0,400060,形势与政策（上）(20141-00000050A-1),2014100000050A59128,思政课,3,,175,4-18周(双),0,陈力立,4-18周(双) 周四 第7节-第8节 仙Ⅱ-122,1.0,商学院,否,理论类课程,周四,2014-2015-1,,2014100000050A59128,2014商学院工商管理类,0,仙林校区,2014-2015学年 第1学期,59128,仙Ⅱ-122,0.0,否,,1,16,00,0,0,形势与政策（上）,12,第7节-第8节,仙II区,00000050A
16.0,400270,形势与政策（上）(20141-00000050A-1),2014100000050A59134,思政课,3,,212,4-18周(双),0,黄蕾,4-18周(双) 周三 第7节-第8节 仙Ⅱ-122,1.0,软件学院,否,理论类课程,周三,2014-2015-1,,2014100000050A59134,2014软件学院软件工程,0,仙林校区,2014-2015学年 第1学期,59134,仙Ⅱ-122,0.0,否,,1,16,00,0,0,形势与政策（上）,12,第7节-第8节,仙II区,00000050A
16.0,400060,形势与政策（上）(20141-00000050A-1),2014100000050A59140,思政课,3,,184,5-17周(单),0,陈力立,5-17周(单) 周三 第9节-第10节 仙Ⅰ-107,1.0,商学院,否,理论类课程,周三,2014-2015-1,,2014100000050A59140,2014商学院经济学类,0,仙林校区,2014-2015学年 第1学期,59140,仙Ⅰ-107,0.0,否,,1,16,00,0,0,形势与政策（上）,11,第9节-第10节,仙I区,00000050A
16.0,400010,形势与政策（上）(20141-00000050A-1),2014100000050A59142,思政课,3,,125,4-18周(双),0,姚斌,4-18周(双) 周三 第7节-第8节 图书馆125,1.0,文学院,否,理论类课程,周三,2014-2015-1,,2014100000050A59142,"2014文学院汉语言文学,2014文学院戏剧影视文学",0,仙林校区,2014-2015学年 第1学期,59142,无,0.0,否,,1,16,00,0,0,形势与政策（上）,,第7节-第8节,,00000050A
16.0,400100,形势与政策（上）(20141-00000050A-1),2014100000050A59169,思政课,3,,69,4-18周(双),0,赵坤,4-18周(双) 周一 第7节-第8节 逸B-205,1.0,社会学院,否,理论类课程,周一,2014-2015-1,,2014100000050A59169,,0,仙林校区,2014-2015学年 第1学期,59169,逸B-205,0.0,否,,1,16,00,0,0,形势与政策（上）,16,第7节-第8节,逸夫楼B区,00000050A
16.0,400050,形势与政策（上）(20141-00000050A-1),2014100000050A59265,思政课,3,,104,5-17周(单),0,朱颂,5-17周(单) 周五 第1节-第2节 逸B-313,1.0,法学院,否,理论类课程,周五,2014-2015-1,,2014100000050A59265,2014法学院法学,0,仙林校区,2014-2015学年 第1学期,59265,逸B-313,0.0,否,,1,16,00,0,0,形势与政策（上）,16,第1节-第2节,逸夫楼B区,00000050A
16.0,400220,形势与政策（上）(20141-00000050A-11),2014100000050A59352,思政课,3,,98,5-17周(单),0,王丽,5-17周(单) 周五 第7节-第8节 逸B-205,1.0,生命科学学院,否,理论类课程,周五,2014-2015-1,,2014100000050A59352,2014生命科学学院生物科学类,0,仙林校区,2014-2015学年 第1学期,59352,逸B-205,0.0,否,,1,16,00,0,0,形势与政策（上）,16,第7节-第8节,逸夫楼B区,00000050A
16.0,400260,形势与政策（上）(20141-00000050A-1),2014100000050A59367,思政课,3,,24,5-17周(单),0,姜丞,5-17周(单) 周一 第7节-第8节 仙Ⅱ-216,1.0,海外教育学院,否,理论类课程,周一,2014-2015-1,,2014100000050A59367,2014海外教育学院汉语国际教育,0,仙林校区,2014-2015学年 第1学期,59367,仙Ⅱ-216,0.0,否,,1,16,00,0,0,形势与政策（上）,12,第7节-第8节,仙II区,00000050A
16.0,400040,形势与政策（上）(20141-00000050A-1),2014100000050A59412,思政课,3,,101,5-17周(单),0,辅导员,5-17周(单) 周一 第7节-第8节 逸B-205,1.0,新闻传播学院,否,理论类课程,周一,2014-2015-1,,2014100000050A59412,2014新闻传播学院新闻传播学类,0,仙林校区,2014-2015学年 第1学期,59412,逸B-205,0.0,否,,1,16,00,0,0,形势与政策（上）,16,第7节-第8节,逸夫楼B区,00000050A
16.0,400120,形势与政策（上）(20141-00000050A-1),2014100000050A59468,思政课,3,,194,4-18周(双),0,鞠艳,4-18周(双) 周三 第9节-第10节 仙Ⅰ-107,1.0,物理学院,否,理论类课程,周三,2014-2015-1,,2014100000050A59468,,0,仙林校区,2014-2015学年 第1学期,59468,仙Ⅰ-107,0.0,否,,1,16,00,0,0,形势与政策（上）,11,第9节-第10节,仙I区,00000050A
16.0,400080,形势与政策（上）(20141-00000050A-1),2014100000050A59582,思政课,3,,124,4-18周(双),0,李敏,4-18周(双) 周三 第9节-第10节 逸B-313,1.0,政府管理学院,否,理论类课程,周三,2014-2015-1,,2014100000050A59582,2014政府管理学院行政管理（运动员班）,0,仙林校区,2014-2015学年 第1学期,59582,逸B-313,0.0,否,,1,16,00,0,0,形势与政策（上）,16,第9节-第10节,逸夫楼B区,00000050A
16.0,400170,形势与政策（上）(20141-00000050A-1),2014100000050A59639,思政课,3,,129,4-18周(双),0,邓泽燕,4-18周(双) 周三 第7节-第8节 仙Ⅰ-524,1.0,现代工程与应用科学学院,否,理论类课程,周三,2014-2015-1,,2014100000050A59639,2014现代工程与应用科学学院材料类,0,仙林校区,2014-2015学年 第1学期,59639,仙Ⅰ-524,0.0,否,,1,16,00,0,0,形势与政策（上）,11,第7节-第8节,仙I区,00000050A
16.0,400150,形势与政策（上）(20141-00000050A-1),2014100000050A59663,思政课,3,,171,4-18周(双),0,李孔文,4-18周(双) 周五 第7节-第8节 图书馆126,1.0,计算机学院,否,理论类课程,周五,2014-2015-1,,2014100000050A59663,,0,仙林校区,2014-2015学年 第1学期,59663,图书馆126,0.0,否,,1,16,00,0,0,形势与政策（上）,18,第7节-第8节,图书馆,00000050A
16.0,400280,形势与政策（上）(20141-00000050A-1),2014100000050A59819,思政课,3,,31,5-17周(单),0,"芮富宏,周苑",5-17周(单) 周二 第3节-第4节 逸B-402,1.0,建筑与城市规划学院,否,理论类课程,周二,2014-2015-1,,2014100000050A59819,2014建筑与城市规划学院城乡规划,0,仙林校区,2014-2015学年 第1学期,59819,逸B-402,0.0,否,,1,16,00,0,0,形势与政策（上）,16,第3节-第4节,逸夫楼B区,00000050A
16.0,400160,形势与政策（上）(20141-00000050A-1),2014100000050A59893,思政课,3,,180,5-17周(单),0,裴玉,5-17周(单) 周三 第7节-第8节 仙Ⅱ-122,1.0,电子科学与工程学院,否,理论类课程,周三,2014-2015-1,,2014100000050A59893,2014电子科学与工程学院电子信息类,0,仙林校区,2014-2015学年 第1学期,59893,仙Ⅱ-122,0.0,否,,1,16,00,0,0,形势与政策（上）,12,第7节-第8节,仙II区,00000050A
16.0,400070,形势与政策（上）(20141-00000050A-1),2014100000050A59894,思政课,3,,177,5-17周(单),0,刘雅娇,5-17周(单) 周三 第7节-第8节 图书馆127,1.0,外国语学院,否,理论类课程,周三,2014-2015-1,,2014100000050A59894,"2014外国语学院英语,2014外国语学院朝鲜语,2014外国语学院西班牙语,2014外国语学院德语,2014外国语学院法语,2014外国语学院日语,2014外国语学院俄语",0,仙林校区,2014-2015学年 第1学期,59894,图书馆127,0.0,否,,1,16,00,0,0,形势与政策（上）,18,第7节-第8节,图书馆,00000050A
16.0,400250,形势与政策（上）(20141-00000050A-21),2014100000050A59915,思政课,3,,98,4-18周(双),0,司林敏,4-18周(双) 周五 第5节-第6节 ,1.0,匡亚明学院,否,理论类课程,周五,2014-2015-1,,2014100000050A59915,,0,仙林校区,2014-2015学年 第1学期,59915,信息楼C-401,0.0,否,,1,16,00,0,0,形势与政策（上）,,第5节-第6节,,00000050A
16.0,400110,形势与政策（上）(20141-00000050A-1),2014100000050A60080,思政课,3,,124,5-17周(单),0,赵颖,5-17周(单) 周五 第7节-第8节 仙Ⅱ-305,1.0,数学学院,否,理论类课程,周五,2014-2015-1,,2014100000050A60080,2014数学学院数学类,0,仙林校区,2014-2015学年 第1学期,60080,仙Ⅱ-305,0.0,否,,1,16,00,0,0,形势与政策（上）,12,第7节-第8节,仙II区,00000050A
16.0,400180,形势与政策（上）(20141-00000050A-1),2014100000050A60101,思政课,3,,105,4-18周(双),0,张秋,4-18周(双) 周三 第9节-第10节 环科楼B-112,1.0,环境学院,否,理论类课程,周三,2014-2015-1,,2014100000050A60101,,0,仙林校区,2014-2015学年 第1学期,60101,环科楼B-112,0.0,否,,1,16,00,0,0,形势与政策（上）,111,第9节-第10节,环科楼,00000050A
16.0,400200,形势与政策（上）(20141-00000050A-1),2014100000050A60283,思政课,3,,86,5-17周(单),0,周雨霁,5-17周(单) 周四 第9节-第10节 逸B-205,1.0,地理与海洋科学学院,否,理论类课程,周四,2014-2015-1,,2014100000050A60283,"2014地理与海洋科学学院地理科学类,2014地理与海洋科学学院地理科学",0,仙林校区,2014-2015学年 第1学期,60283,逸B-205,0.0,否,,1,16,00,0,0,形势与政策（上）,16,第9节-第10节,逸夫楼B区,00000050A
16.0,400190,形势与政策（上）(20141-00000050A-1),2014100000050A60376,思政课,3,,86,5-17周(单),0,周璐莹,5-17周(单) 周三 第7节-第8节 ,1.0,地球科学与工程学院,否,理论类课程,周三,2014-2015-1,,2014100000050A60376,2014地球科学与工程学院地质学,0,仙林校区,2014-2015学年 第1学期,60376,朱共山楼125,0.0,否,,1,16,00,0,0,形势与政策（上）,,第7节-第8节,,00000050A
16.0,400230,形势与政策（上）(20141-00000050A-1),2014100000050A60428,思政课,3,,118,5-17周(单),0,刘晶月,5-17周(单) 周三 第7节-第8节 ,1.0,医学院,否,理论类课程,周三,2014-2015-1,,2014100000050A60428,,0,仙林校区,2014-2015学年 第1学期,60428,基础医学教学中心213,0.0,否,,1,16,00,0,0,形势与政策（上）,,第7节-第8节,,00000050A
16.0,400140,形势与政策（上）(20141-00000050A-27),2014100000050A60618,思政课,3,,150,4-18周(双),0,陈露洪,4-18周(双) 周四 第5节-第6节 仙Ⅱ-122,1.0,化学学院,否,理论类课程,周四,2014-2015-1,,2014100000050A60618,,0,仙林校区,2014-2015学年 第1学期,60618,仙Ⅱ-122,0.0,否,,1,16,00,0,0,形势与政策（上）,12,第5节-第6节,仙II区,00000050A
16.0,400130,形势与政策（上）(20141-00000050A-1),2014100000050A60619,思政课,3,,52,4-18周(双),0,张丽,4-18周(双) 周五 第5节-第6节 仙Ⅱ-316,1.0,天文与空间科学学院,否,理论类课程,周五,2014-2015-1,,2014100000050A60619,2014天文与空间科学学院天文学,0,仙林校区,2014-2015学年 第1学期,60619,仙Ⅱ-316,0.0,否,,1,16,00,0,0,形势与政策（上）,12,第5节-第6节,仙II区,00000050A
16.0,400240,形势与政策（上）(20141-00000050A-1),2014100000050A60858,思政课,3,,0,,0,,,1.0,工程管理学院,否,理论类课程,,2014-2015-1,,2014100000050A60858,,0,仙林校区,2014-2015学年 第1学期,60858,,0.0,否,,1,16,00,0,0,形势与政策（上）,,,,00000050A
16.0,400240,形势与政策（上）(20141-00000050A-1),2014100000050A60859,思政课,3,,106,5-17周(单),0,夏娟,5-17周(单) 周四 第1节-第2节 仙Ⅱ-207,1.0,工程管理学院,否,理论类课程,周四,2014-2015-1,,2014100000050A60859,"2014工程管理学院管理科学与工程类,2014工程管理学院电气信息类",0,仙林校区,2014-2015学年 第1学期,60859,仙Ⅱ-207,0.0,否,,1,16,00,0,0,形势与政策（上）,12,第1节-第2节,仙II区,00000050A
16.0,400020,形势与政策（上）(20141-00000050A-1),2014100000050A61356,思政课,3,,73,5-17周(单),0,于磊,5-17周(单) 周一 第9节-第10节 仙Ⅱ-522,1.0,历史学院,否,理论类课程,周一,2014-2015-1,,2014100000050A61356,2014历史学院历史学类,0,仙林校区,2014-2015学年 第1学期,61356,仙Ⅱ-522,0.0,否,,1,16,00,0,0,形势与政策（上）,12,第9节-第10节,仙II区,00000050A
80.0,400110,微积分I(第一层次)(20141-00010011A-1),2014100010011A59037,数学课,3,,125,"4-18周,4-18周,4-18周",0,邓建平,"4-18周 周二 第1节-第2节 仙Ⅰ-107,4-18周 周五 第7节-第8节 仙Ⅰ-320,4-18周 周五 第1节-第2节 仙Ⅰ-320",5.0,数学学院,否,理论+实践课程,"周二,周五,周五",2014-2015-1,,2014100010011A59037,"2014工程管理学院管理科学与工程类,2014工程管理学院电气信息类",0,仙林校区,2014-2015学年 第1学期,59037,"仙Ⅰ-107,仙Ⅰ-320,仙Ⅰ-320",0.0,否,,5,64,01,32,0,微积分I(第一层次),11,"第1节-第2节,第7节-第8节,第1节-第2节",仙I区,00010011A
80.0,400110,微积分I(第一层次)(20141-00010011A-2),2014100010011A59038,数学课,3,,131,"4-18周,4-18周,4-18周",0,邓卫兵,"4-18周 周二 第3节-第4节 仙Ⅰ-207,4-18周 周四 第7节-第8节 仙Ⅰ-207,4-18周 周四 第3节-第4节 仙Ⅰ-207",5.0,数学学院,否,理论+实践课程,"周二,周四,周四",2014-2015-1,,2014100010011A59038,,0,仙林校区,2014-2015学年 第1学期,59038,"仙Ⅰ-207,仙Ⅰ-207,仙Ⅰ-207",0.0,否,,5,64,01,32,0,微积分I(第一层次),11,"第3节-第4节,第3节-第4节,第7节-第8节",仙I区,00010011A
80.0,400110,微积分I(第一层次)(20141-00010011A-3),2014100010011A59039,数学课,3,,86,"4-18周,4-18周,4-18周",0,崔小军,"4-18周 周二 第3节-第4节 仙Ⅱ-405,4-18周 周四 第7节-第8节 仙Ⅱ-405,4-18周 周四 第3节-第4节 仙Ⅱ-405",5.0,数学学院,否,理论+实践课程,"周二,周四,周四",2014-2015-1,,2014100010011A59039,,0,仙林校区,2014-2015学年 第1学期,59039,"仙Ⅱ-405,仙Ⅱ-405,仙Ⅱ-405",0.0,否,,5,64,01,32,0,微积分I(第一层次),12,"第3节-第4节,第3节-第4节,第7节-第8节",仙II区,00010011A
80.0,400110,微积分I(第一层次)(20141-00010011A-4),2014100010011A59040,数学课,3,,115,"4-18周,4-18周,4-18周",0,陆宏,"4-18周 周三 第1节-第2节 仙Ⅱ-405,4-18周 周三 第3节-第4节 仙Ⅱ-405,4-18周 周五 第1节-第2节 仙Ⅱ-405",5.0,数学学院,否,理论+实践课程,"周三,周三,周五",2014-2015-1,,2014100010011A59040,2014软件学院软件工程,0,仙林校区,2014-2015学年 第1学期,59040,"仙Ⅱ-405,仙Ⅱ-405,仙Ⅱ-405",0.0,否,,5,64,01,32,0,微积分I(第一层次),12,"第1节-第2节,第3节-第4节,第1节-第2节",仙II区,00010011A
80.0,400110,微积分I(第一层次)(20141-00010011A-5),2014100010011A59041,数学课,3,,116,"4-18周,4-18周,4-18周",0,钱志,"4-18周 周三 第1节-第2节 仙Ⅱ-403,4-18周 周三 第3节-第4节 仙Ⅱ-403,4-18周 周一 第3节-第4节 仙Ⅱ-403",5.0,数学学院,否,理论+实践课程,"周一,周三,周三",2014-2015-1,,2014100010011A59041,2014软件学院软件工程,0,仙林校区,2014-2015学年 第1学期,59041,"仙Ⅱ-403,仙Ⅱ-403,仙Ⅱ-403",0.0,否,,5,64,01,32,0,微积分I(第一层次),12,"第3节-第4节,第1节-第2节,第3节-第4节",仙II区,00010011A
80.0,400110,微积分I(第一层次)(20141-00010011A-6),2014100010011A59042,数学课,3,,107,"4-18周,4-18周,4-18周",0,孔敏,"4-18周 周一 第3节-第4节 仙Ⅱ-303,4-18周 周四 第3节-第4节 仙Ⅱ-303,4-18周 周三 第3节-第4节 仙Ⅱ-303",5.0,数学学院,否,理论+实践课程,"周一,周三,周四",2014-2015-1,,2014100010011A59042,,0,仙林校区,2014-2015学年 第1学期,59042,"仙Ⅱ-303,仙Ⅱ-303,仙Ⅱ-303",0.0,否,,5,64,01,32,0,微积分I(第一层次),12,"第3节-第4节,第3节-第4节,第3节-第4节",仙II区,00010011A
80.0,400110,微积分I(第一层次)(20141-00010011A-7),2014100010011A59043,数学课,3,,143,"4-18周,4-18周,4-18周",0,黄卫华,"4-18周 周二 第1节-第2节 仙Ⅰ-320,4-18周 周二 第5节-第6节 仙Ⅰ-320,4-18周 周四 第1节-第2节 仙Ⅰ-320",5.0,数学学院,否,理论+实践课程,"周二,周二,周四",2014-2015-1,,2014100010011A59043,2014天文与空间科学学院天文学,0,仙林校区,2014-2015学年 第1学期,59043,"仙Ⅰ-320,仙Ⅰ-320,仙Ⅰ-320",0.0,否,,5,64,01,32,0,微积分I(第一层次),11,"第1节-第2节,第5节-第6节,第1节-第2节",仙I区,00010011A
80.0,400110,微积分I(第一层次)(20141-00010011A-8),2014100010011A59044,数学课,3,,83,"4-18周,4-18周,4-18周",0,周国飞,"4-18周 周二 第1节-第2节 仙Ⅱ-304,4-18周 周二 第3节-第4节 仙Ⅱ-304,4-18周 周四 第1节-第2节 仙Ⅱ-304",5.0,数学学院,否,理论+实践课程,"周二,周二,周四",2014-2015-1,,2014100010011A59044,,0,仙林校区,2014-2015学年 第1学期,59044,"仙Ⅱ-304,仙Ⅱ-304,仙Ⅱ-304",0.0,否,,5,64,01,32,0,微积分I(第一层次),12,"第1节-第2节,第3节-第4节,第1节-第2节",仙II区,00010011A
80.0,400110,微积分I(第一层次)(20141-00010011A-9),2014100010011A59045,数学课,3,,102,"4-18周,4-18周,4-18周",0,张运清,"4-18周 周一 第1节-第2节 仙Ⅱ-403,4-18周 周四 第3节-第4节 仙Ⅱ-403,4-18周 周四 第1节-第2节 仙Ⅱ-403",5.0,数学学院,否,理论+实践课程,"周一,周四,周四",2014-2015-1,,2014100010011A59045,2014电子科学与工程学院电子信息类,0,仙林校区,2014-2015学年 第1学期,59045,"仙Ⅱ-403,仙Ⅱ-403,仙Ⅱ-403",0.0,否,,5,64,01,32,0,微积分I(第一层次),12,"第1节-第2节,第1节-第2节,第3节-第4节",仙II区,00010011A
80.0,400110,微积分I(第一层次)(20141-00010011A-10),2014100010011A59046,数学课,3,,100,"4-18周,4-18周,4-18周",0,耿建生,"4-18周 周一 第1节-第2节 仙Ⅱ-305,4-18周 周四 第3节-第4节 仙Ⅱ-305,4-18周 周四 第1节-第2节 仙Ⅱ-305",5.0,数学学院,否,理论+实践课程,"周一,周四,周四",2014-2015-1,,2014100010011A59046,2014电子科学与工程学院电子信息类,0,仙林校区,2014-2015学年 第1学期,59046,"仙Ⅱ-305,仙Ⅱ-305,仙Ⅱ-305",0.0,否,,5,64,01,32,0,微积分I(第一层次),12,"第1节-第2节,第1节-第2节,第3节-第4节",仙II区,00010011A
80.0,400110,微积分I(第一层次)(20141-00010011A-11),2014100010011A59047,数学课,3,,141,"4-18周,4-18周,4-18周",0,李春,"4-18周 周二 第1节-第2节 仙Ⅰ-206,4-18周 周四 第3节-第4节 仙Ⅰ-206,4-18周 周四 第1节-第2节 仙Ⅰ-206",5.0,数学学院,否,理论+实践课程,"周二,周四,周四",2014-2015-1,,2014100010011A59047,2014现代工程与应用科学学院材料类,0,仙林校区,2014-2015学年 第1学期,59047,"仙Ⅰ-206,仙Ⅰ-206,仙Ⅰ-206",0.0,否,,5,64,01,32,0,微积分I(第一层次),11,"第1节-第2节,第1节-第2节,第3节-第4节",仙I区,00010011A
80.0,400110,微积分I(第一层次)(20141-00010011A-12),2014100010011A59048,数学课,3,,144,"4-18周,4-18周,4-18周",0,陶敏,"4-18周 周五 第1节-第2节 逸B-101,4-18周 周一 第7节-第8节 逸B-101,4-18周 周五 第3节-第4节 逸B-101",5.0,数学学院,否,理论+实践课程,"周一,周五,周五",2014-2015-1,,2014100010011A59048,"2014地球科学与工程学院地质学,2014地理与海洋科学学院地理科学",0,仙林校区,2014-2015学年 第1学期,59048,"逸B-101,逸B-101,逸B-101",0.0,否,,5,64,01,32,0,微积分I(第一层次),16,"第7节-第8节,第1节-第2节,第3节-第4节",逸夫楼B区,00010011A
80.0,400110,微积分I(第一层次)(20141-00010011A-13),2014100010011A59049,数学课,3,,116,"4-18周,4-18周,4-18周",0,李军,"4-18周 周二 第1节-第2节 仙Ⅰ-319,4-18周 周二 第5节-第6节 仙Ⅰ-319,4-18周 周四 第1节-第2节 仙Ⅰ-319",5.0,数学学院,否,理论+实践课程,"周二,周二,周四",2014-2015-1,,2014100010011A59049,2014商学院工商管理类,0,仙林校区,2014-2015学年 第1学期,59049,"仙Ⅰ-319,仙Ⅰ-319,仙Ⅰ-319",0.0,否,,5,64,01,32,0,微积分I(第一层次),11,"第1节-第2节,第5节-第6节,第1节-第2节",仙I区,00010011A
80.0,400110,微积分I(第一层次)(20141-00010011A-14),2014100010011A59050,数学课,3,,97,"4-18周,4-18周,4-18周",0,陈学长,"4-18周 周二 第1节-第2节 逸B-212,4-18周 周二 第5节-第6节 逸B-212,4-18周 周四 第1节-第2节 逸B-212",5.0,数学学院,否,理论+实践课程,"周二,周四,周二",2014-2015-1,,2014100010011A59050,2014商学院工商管理类,0,仙林校区,2014-2015学年 第1学期,59050,"逸B-212,逸B-212,逸B-212",0.0,否,,5,64,01,32,0,微积分I(第一层次),16,"第5节-第6节,第1节-第2节,第1节-第2节",逸夫楼B区,00010011A
80.0,400110,微积分I(第一层次)(20141-00010011A-15),2014100010011A59051,数学课,3,,148,"4-18周,4-18周,4-18周",0,孔敏,"4-18周 周一 第1节-第2节 仙Ⅱ-303,4-18周 周四 第1节-第2节 仙Ⅱ-303,4-18周 周三 第1节-第2节 仙Ⅱ-303",5.0,数学学院,否,理论+实践课程,"周一,周三,周四",2014-2015-1,,2014100010011A59051,2014商学院经济学类,0,仙林校区,2014-2015学年 第1学期,59051,"仙Ⅱ-303,仙Ⅱ-303,仙Ⅱ-303",0.0,否,,5,64,01,32,0,微积分I(第一层次),12,"第1节-第2节,第1节-第2节,第1节-第2节",仙II区,00010011A
80.0,400110,微积分I(第一层次)(20141-00010011A-16),2014100010011A59052,数学课,3,,103,"4-18周,4-18周,4-18周",0,刘荣丽,"4-18周 周一 第1节-第2节 仙Ⅱ-503,4-18周 周一 第3节-第4节 仙Ⅱ-503,4-18周 周三 第1节-第2节 仙Ⅱ-503",5.0,数学学院,否,理论+实践课程,"周一,周一,周三",2014-2015-1,,2014100010011A59052,2014商学院经济学类,0,仙林校区,2014-2015学年 第1学期,59052,"仙Ⅱ-503,仙Ⅱ-503,仙Ⅱ-503",0.0,否,,5,64,01,32,0,微积分I(第一层次),12,"第1节-第2节,第3节-第4节,第1节-第2节",仙II区,00010011A
64.0,400110,线性代数(第一层次)(20141-00010011C-1),2014100010011C59073,数学课,3,,169,"1-18周,1-18周",0,杨东,"1-18周 周二 第1节-第2节 逸B-105,1-18周 周五 第3节-第4节 逸B-105",4.0,数学学院,否,理论类课程,"周二,周五",2014-2015-1,,2014100010011C59073,"2013现代工程与应用科学学院材料物理,2013现代工程与应用科学学院生物医学工程,2013现代工程与应用科学学院新能源科学与工程,2013现代工程与应用科学学院光电信息科学与工程,2013现代工程与应用科学学院材料化学",0,仙林校区,2014-2015学年 第1学期,59073,"逸B-105,逸B-105",0.0,否,,1,64,01,0,0,线性代数(第一层次),16,"第1节-第2节,第3节-第4节",逸夫楼B区,00010011C
64.0,400110,线性代数(第一层次)(20141-00010011C-2),2014100010011C59762,数学课,3,,87,"1-18周,1-18周",0,程伟,"1-18周 周二 第3节-第4节 仙Ⅱ-404,1-18周 周四 第5节-第6节 仙Ⅱ-404",4.0,数学学院,否,理论类课程,"周二,周四",2014-2015-1,,2014100010011C59762,,0,仙林校区,2014-2015学年 第1学期,59762,"仙Ⅱ-404,仙Ⅱ-404",0.0,否,,1,64,01,0,0,线性代数(第一层次),12,"第3节-第4节,第5节-第6节",仙II区,00010011C
64.0,400110,线性代数(第一层次)(20141-00010011C-3),2014100010011C59763,数学课,3,,97,"1-18周,1-18周",0,陈耀俊,"1-18周 周四 第1节-第2节 逸B-105,1-18周 周二 第3节-第4节 逸B-105",4.0,数学学院,否,理论类课程,"周二,周四",2014-2015-1,,2014100010011C59763,,0,仙林校区,2014-2015学年 第1学期,59763,"逸B-105,逸B-105",0.0,否,,1,64,01,0,0,线性代数(第一层次),16,"第3节-第4节,第1节-第2节",逸夫楼B区,00010011C
64.0,400110,线性代数(第一层次)(20141-00010011C-4),2014100010011C59764,数学课,3,,119,"1-18周,1-18周",0,邵荣,"1-18周 周一 第1节-第2节 仙Ⅱ-404,1-18周 周三 第3节-第4节 仙Ⅱ-404",4.0,数学学院,否,理论类课程,"周一,周三",2014-2015-1,,2014100010011C59764,2013软件学院软件工程,0,仙林校区,2014-2015学年 第1学期,59764,"仙Ⅱ-404,仙Ⅱ-404",0.0,否,,1,64,01,0,0,线性代数(第一层次),12,"第1节-第2节,第3节-第4节",仙II区,00010011C
64.0,400110,线性代数(第一层次)(20141-00010011C-5),2014100010011C59765,数学课,3,,121,"1-18周,1-18周",0,陆宏,"1-18周 周四 第1节-第2节 仙Ⅱ-405,1-18周 周一 第3节-第4节 仙Ⅱ-405",4.0,数学学院,否,理论类课程,"周四,周一",2014-2015-1,,2014100010011C59765,2013软件学院软件工程,0,仙林校区,2014-2015学年 第1学期,59765,"仙Ⅱ-405,仙Ⅱ-405",0.0,否,,1,64,01,0,0,线性代数(第一层次),12,"第1节-第2节,第3节-第4节",仙II区,00010011C
64.0,400110,线性代数(第一层次)(20141-00010011C-6),2014100010011C59766,数学课,3,,176,"1-18周,1-18周",0,程健,"1-18周 周三 第1节-第2节 仙Ⅰ-319,1-18周 周一 第3节-第4节 仙Ⅰ-319",4.0,数学学院,否,理论类课程,"周一,周三",2014-2015-1,,2014100010011C59766,"2013地球科学与工程学院地质学,2013地球科学与工程学院地质学（地球物理学方向）,2013地球科学与工程学院地质学（古生物学方向）",0,仙林校区,2014-2015学年 第1学期,59766,"仙Ⅰ-319,仙Ⅰ-319",0.0,否,,1,64,01,0,0,线性代数(第一层次),11,"第3节-第4节,第1节-第2节",仙I区,00010011C
64.0,400110,线性代数(第一层次)(20141-00010011C-7),2014100010011C59769,数学课,3,,145,"1-18周,1-18周",0,李耀文,"1-18周 周三 第1节-第2节 仙Ⅰ-206,1-18周 周一 第3节-第4节 仙Ⅰ-206",4.0,数学学院,否,理论类课程,"周一,周三",2014-2015-1,,2014100010011C59769,"2013地球科学与工程学院地球化学,2013地球科学与工程学院地下水科学与工程,2013地球科学与工程学院水文与水资源工程,2013地球科学与工程学院地质工程",0,仙林校区,2014-2015学年 第1学期,59769,"仙Ⅰ-206,仙Ⅰ-206",0.0,否,,1,64,01,0,0,线性代数(第一层次),11,"第3节-第4节,第1节-第2节",仙I区,00010011C
64.0,400110,线性代数(第一层次)(20141-00010011C-8),2014100010011C59773,数学课,3,,105,"1-18周,1-18周",0,朱晓胜,"1-18周 周二 第3节-第4节 仙Ⅰ-206,1-18周 周四 第5节-第6节 仙Ⅰ-206",4.0,数学学院,否,理论类课程,"周二,周四",2014-2015-1,,2014100010011C59773,,0,仙林校区,2014-2015学年 第1学期,59773,"仙Ⅰ-206,仙Ⅰ-206",0.0,否,,1,64,01,0,0,线性代数(第一层次),11,"第3节-第4节,第5节-第6节",仙I区,00010011C
64.0,400110,线性代数(第一层次)(20141-00010011C-9),2014100010011C59774,数学课,3,,138,"1-18周,1-18周",0,于立,"1-18周 周二 第3节-第4节 仙Ⅰ-319,1-18周 周四 第5节-第6节 仙Ⅰ-319",4.0,数学学院,否,理论类课程,"周二,周四",2014-2015-1,,2014100010011C59774,2013天文与空间科学学院天文学,0,仙林校区,2014-2015学年 第1学期,59774,"仙Ⅰ-319,仙Ⅰ-319",0.0,否,,1,64,01,0,0,线性代数(第一层次),11,"第3节-第4节,第5节-第6节",仙I区,00010011C
64.0,400110,线性代数(第一层次)(20141-00010011C-10),2014100010011C61359,数学课,3,,45,"1-18周,1-18周",0,陈志景,"1-18周 周一 第7节-第8节 仙Ⅱ-315,1-18周 周三 第7节-第8节 仙Ⅱ-315",4.0,数学学院,否,理论类课程,"周一,周三",2014-2015-1,,2014100010011C61359,2013工程管理学院电气信息类,0,仙林校区,2014-2015学年 第1学期,61359,"仙Ⅱ-315,仙Ⅱ-315",0.0,否,,1,64,01,0,0,线性代数(第一层次),12,"第7节-第8节,第7节-第8节",仙II区,00010011C
80.0,400110,微积分I(第二层次)(20141-00010012A-1),2014100010012A59056,数学课,3,,153,"4-18周,4-18周,4-18周",0,吴朝阳,"4-18周 周一 第3节-第4节 逸B-101,4-18周 周一 第5节-第6节 逸B-101,4-18周 周四 第3节-第4节 逸B-101",5.0,数学学院,否,理论+实践课程,"周一,周一,周四",2014-2015-1,,2014100010012A59056,"2014生命科学学院生物科学类,2014建筑与城市规划学院城乡规划,2014建筑与城市规划学院建筑学",0,仙林校区,2014-2015学年 第1学期,59056,"逸B-101,逸B-101,逸B-101",0.0,否,,5,64,01,32,0,微积分I(第二层次),16,"第3节-第4节,第5节-第6节,第3节-第4节",逸夫楼B区,00010012A
80.0,400110,微积分I(第二层次)(20141-00010012A-2),2014100010012A59057,数学课,3,,128,"4-18周,4-18周,4-18周",0,吴新元,"4-18周 周三 第3节-第4节 仙Ⅱ-503,4-18周 周一 第7节-第8节 仙Ⅱ-503,4-18周 周一 第5节-第6节 仙Ⅱ-503",5.0,数学学院,否,理论+实践课程,"周一,周一,周三",2014-2015-1,,2014100010012A59057,,0,仙林校区,2014-2015学年 第1学期,59057,"仙Ⅱ-503,仙Ⅱ-503,仙Ⅱ-503",0.0,否,,5,64,01,32,0,微积分I(第二层次),12,"第5节-第6节,第7节-第8节,第3节-第4节",仙II区,00010012A
80.0,400110,微积分I(第二层次)(20141-00010012A-3),2014100010012A59058,数学课,3,,157,"4-18周,4-18周,4-18周",0,周敏,"4-18周 周五 第1节-第2节 仙Ⅰ-206,4-18周 周一 第5节-第6节 仙Ⅰ-206,4-18周 周五 第3节-第4节 仙Ⅰ-206",5.0,数学学院,否,理论+实践课程,"周一,周五,周五",2014-2015-1,,2014100010012A59058,"2014信息管理学院信息管理与信息系统,2014地理与海洋科学学院地理科学类",0,仙林校区,2014-2015学年 第1学期,59058,"仙Ⅰ-206,仙Ⅰ-206,仙Ⅰ-206",0.0,否,,5,64,01,32,0,微积分I(第二层次),11,"第5节-第6节,第1节-第2节,第3节-第4节",仙I区,00010012A
80.0,400110,微积分I(第二层次)(20141-00010012A-4),2014100010012A59059,数学课,3,,112,"4-18周,4-18周,4-18周",0,黄震宇,"4-18周 周三 第3节-第4节 仙Ⅰ-207,4-18周 周五 第5节-第6节 仙Ⅰ-207,4-18周 周五 第3节-第4节 仙Ⅰ-207",5.0,数学学院,否,理论+实践课程,"周三,周五,周五",2014-2015-1,,2014100010012A59059,,0,仙林校区,2014-2015学年 第1学期,59059,"仙Ⅰ-207,仙Ⅰ-207,仙Ⅰ-207",0.0,否,,5,64,01,32,0,微积分I(第二层次),11,"第3节-第4节,第3节-第4节,第5节-第6节",仙I区,00010012A
80.0,400110,微积分I(第二层次)(20141-00010012A-5),2014100010012A59060,数学课,3,,165,"4-18周,4-18周,4-18周",0,王伟,"4-18周 周五 第3节-第4节 仙Ⅰ-319,4-18周 周三 第7节-第8节 仙Ⅰ-319,4-18周 周三 第5节-第6节 仙Ⅰ-319",5.0,数学学院,否,理论+实践课程,"周五,周三,周三",2014-2015-1,,2014100010012A59060,,0,仙林校区,2014-2015学年 第1学期,59060,"仙Ⅰ-319,仙Ⅰ-319,仙Ⅰ-319",0.0,否,,5,64,01,32,0,微积分I(第二层次),11,"第3节-第4节,第5节-第6节,第7节-第8节",仙I区,00010012A
64.0,400110,简明微积分(20141-00010013-1),201410001001359061,数学课,3,,136,"4-18周,4-18周",0,廖良文,"4-18周 周二 第3节-第4节 逸A-117,4-18周 周四 第3节-第4节 逸A-117",4.0,数学学院,否,理论类课程,"周二,周四",2014-2015-1,,201410001001359061,"2014新闻传播学院新闻传播学类,2014海外教育学院汉语国际教育",0,仙林校区,2014-2015学年 第1学期,59061,"逸A-117,逸A-117",0.0,否,,1,64,01,0,0,简明微积分,15,"第3节-第4节,第3节-第4节",逸夫楼A区,00010013
64.0,400110,简明微积分(20141-00010013-2),201410001001359062,数学课,3,,239,"4-18周,4-18周",0,吴婷,"4-18周 周四 第1节-第2节 仙Ⅰ-207,4-18周 周一 第3节-第4节 仙Ⅰ-207",4.0,数学学院,否,理论类课程,"周一,周四",2014-2015-1,,201410001001359062,"2014文学院汉语言文学,2014历史学院历史学类",0,仙林校区,2014-2015学年 第1学期,59062,"仙Ⅰ-207,仙Ⅰ-207",0.0,否,,1,64,01,0,0,简明微积分,11,"第3节-第4节,第1节-第2节",仙I区,00010013
64.0,400110,简明微积分(20141-00010013-3),201410001001359063,数学课,3,,113,"4-18周,4-18周",0,高印珠,"4-18周 周二 第5节-第6节 逸A-117,4-18周 周四 第5节-第6节 逸A-117",4.0,数学学院,否,理论类课程,"周二,周四",2014-2015-1,,201410001001359063,,0,仙林校区,2014-2015学年 第1学期,59063,"逸A-117,逸A-117",0.0,否,,1,64,01,0,0,简明微积分,15,"第5节-第6节,第5节-第6节",逸夫楼A区,00010013
64.0,400110,简明微积分(20141-00010013-4),201410001001359064,数学课,3,,142,"4-18周,4-18周",0,黄卫华,"4-18周 周三 第5节-第6节 仙Ⅰ-320,4-18周 周四 第5节-第6节 仙Ⅰ-320",4.0,数学学院,否,理论类课程,"周三,周四",2014-2015-1,,201410001001359064,"2014法学院法学,2014哲学学院哲学",0,仙林校区,2014-2015学年 第1学期,59064,"仙Ⅰ-320,仙Ⅰ-320",0.0,否,,1,64,01,0,0,简明微积分,11,"第5节-第6节,第5节-第6节",仙I区,00010013
64.0,400110,简明微积分(20141-00010013-5),201410001001359065,数学课,3,,179,"4-18周,4-18周",0,高印珠,"4-18周 周四 第3节-第4节 仙Ⅰ-320,4-18周 周二 第7节-第8节 仙Ⅰ-320",4.0,数学学院,否,理论类课程,"周二,周四",2014-2015-1,,201410001001359065,"2014外国语学院英语,2014外国语学院朝鲜语,2014外国语学院西班牙语,2014外国语学院德语,2014外国语学院法语,2014外国语学院日语,2014外国语学院俄语",0,仙林校区,2014-2015学年 第1学期,59065,"仙Ⅰ-320,仙Ⅰ-320",0.0,否,,1,64,01,0,0,简明微积分,11,"第7节-第8节,第3节-第4节",仙I区,00010013
64.0,400330,大学英语（一）(20141-00020010A-1),2014100020010A61195,英语课,3,,0,"4-18周,4-18周",0,,"4-18周 周一 第1节-第2节 ,4-18周 周三 第1节-第2节 ",4.0,大学外语部,否,理论类课程,"周一,周三",2014-2015-1,,2014100020010A61195,2014医学院临床医学,1,仙林校区,2014-2015学年 第1学期,61195,"无,无",0.0,是,,1,64,02,0,0,大学英语（一）,,"第1节-第2节,第1节-第2节",,00020010A
64.0,400330,大学英语（一）(20141-00020010A-2),2014100020010A61196,英语课,3,,0,"4-18周,4-18周",0,,"4-18周 周一 第3节-第4节 ,4-18周 周三 第3节-第4节 ",4.0,大学外语部,否,理论类课程,"周一,周三",2014-2015-1,,2014100020010A61196,"2014法学院法学,2014信息管理学院信息管理与信息系统",1,仙林校区,2014-2015学年 第1学期,61196,"无,无",0.0,是,,1,64,02,0,0,大学英语（一）,,"第3节-第4节,第3节-第4节",,00020010A
64.0,400330,大学英语（一）(20141-00020010A-3),2014100020010A61197,英语课,3,,0,"4-18周,4-18周",0,,"4-18周 周一 第1节-第2节 ,4-18周 周五 第1节-第2节 ",4.0,大学外语部,否,理论类课程,"周一,周五",2014-2015-1,,2014100020010A61197,"2014文学院汉语言文学,2014哲学学院哲学,2014历史学院历史学类,2014文学院戏剧影视文学",1,仙林校区,2014-2015学年 第1学期,61197,"无,无",0.0,是,,1,64,02,0,0,大学英语（一）,,"第1节-第2节,第1节-第2节",,00020010A
64.0,400330,大学英语（一）(20141-00020010A-4),2014100020010A61198,英语课,3,,0,"4-18周,4-18周",0,,"4-18周 周一 第3节-第4节 ,4-18周 周五 第3节-第4节 ",4.0,大学外语部,否,理论类课程,"周一,周五",2014-2015-1,,2014100020010A61198,"2013外国语学院英语,2014新闻传播学院新闻传播学类,2013外国语学院朝鲜语,2013外国语学院西班牙语,2013外国语学院德语,2013外国语学院法语,2013外国语学院日语,2013外国语学院俄语",1,仙林校区,2014-2015学年 第1学期,61198,"无,无",0.0,是,,1,64,02,0,0,大学英语（一）,,"第3节-第4节,第3节-第4节",,00020010A
64.0,400330,大学英语（一）(20141-00020010A-5),2014100020010A61199,英语课,3,,0,"4-18周,4-18周",0,,"4-18周 周一 第5节-第6节 ,4-18周 周三 第5节-第6节 ",4.0,大学外语部,否,理论类课程,"周一,周三",2014-2015-1,,2014100020010A61199,"2014计算机学院计算机科学与技术,2014软件学院软件工程",1,仙林校区,2014-2015学年 第1学期,61199,"无,无",0.0,是,,1,64,02,0,0,大学英语（一）,,"第5节-第6节,第5节-第6节",,00020010A
64.0,400330,大学英语（一）(20141-00020010A-6),2014100020010A61200,英语课,3,,0,"4-18周,4-18周",0,,"4-18周 周二 第1节-第2节 ,4-18周 周四 第1节-第2节 ",4.0,大学外语部,否,理论类课程,"周二,周四",2014-2015-1,,2014100020010A61200,"2014地理与海洋科学学院地理科学类,2014建筑与城市规划学院城乡规划,2014建筑与城市规划学院建筑学",1,仙林校区,2014-2015学年 第1学期,61200,"无,无",0.0,是,,1,64,02,0,0,大学英语（一）,,"第1节-第2节,第1节-第2节",,00020010A
64.0,400330,大学英语（一）(20141-00020010A-7),2014100020010A61201,英语课,3,,0,"4-18周,4-18周",0,,"4-18周 周二 第3节-第4节 ,4-18周 周四 第3节-第4节 ",4.0,大学外语部,否,理论类课程,"周二,周四",2014-2015-1,,2014100020010A61201,"2014商学院经济学类,2014工程管理学院管理科学与工程类,2014商学院工商管理类",1,仙林校区,2014-2015学年 第1学期,61201,"无,无",0.0,是,,1,64,02,0,0,大学英语（一）,,"第3节-第4节,第3节-第4节",,00020010A
64.0,400330,大学英语（一）(20141-00020010A-8),2014100020010A61202,英语课,3,,0,"4-18周,4-18周",0,,"4-18周 周二 第5节-第6节 ,4-18周 周四 第5节-第6节 ",4.0,大学外语部,否,理论类课程,"周二,周四",2014-2015-1,,2014100020010A61202,"2014数学学院数学类,2014现代工程与应用科学学院材料类",1,仙林校区,2014-2015学年 第1学期,61202,"无,无",0.0,是,,1,64,02,0,0,大学英语（一）,,"第5节-第6节,第5节-第6节",,00020010A
64.0,400330,大学英语（一）(20141-00020010A-9),2014100020010A61203,英语课,3,,0,"4-18周,4-18周",0,,"4-18周 周三 第3节-第4节 ,4-18周 周五 第3节-第4节 ",4.0,大学外语部,否,理论类课程,"周三,周五",2014-2015-1,,2014100020010A61203,2014电子科学与工程学院电子信息类,1,仙林校区,2014-2015学年 第1学期,61203,"无,无",0.0,是,,1,64,02,0,0,大学英语（一）,,"第3节-第4节,第3节-第4节",,00020010A
64.0,400330,大学英语（第一层次A)(20141-00020011A-1),2014100020011A61222,英语课,3,,19,"4-18周,4-18周",0,"外教2-Ruth,王海啸","4-18周 周一 第7节-第8节 仙Ⅱ-319,4-18周 周四 第7节-第8节 仙Ⅱ-319",4.0,大学外语部,否,理论类课程,"周一,周四",2014-2015-1,,2014100020011A61222,,0,仙林校区,2014-2015学年 第1学期,61222,"仙Ⅱ-319,仙Ⅱ-319",0.0,否,,1,64,02,0,0,大学英语（第一层次A),12,"第7节-第8节,第7节-第8节",仙II区,00020011A
64.0,400330,大学英语（第一层次A)(20141-00020011A-2),2014100020011A61223,英语课,3,,38,"4-18周,4-18周",0,"外教2-Ruth,王海啸","4-18周 周一 第9节-第10节 仙Ⅱ-316,4-18周 周四 第9节-第10节 仙Ⅱ-316",4.0,大学外语部,否,理论类课程,"周一,周四",2014-2015-1,,2014100020011A61223,,0,仙林校区,2014-2015学年 第1学期,61223,"仙Ⅱ-316,仙Ⅱ-316",0.0,否,,1,64,02,0,0,大学英语（第一层次A),12,"第9节-第10节,第9节-第10节",仙II区,00020011A
64.0,400330,大学英语（第一层次A)(20141-00020011A-3),2014100020011A61224,英语课,3,,21,"4-18周,4-18周",0,"于江,TOBY BALLENTINE","4-18周 周一 第7节-第8节 仙Ⅱ-316,4-18周 周四 第7节-第8节 仙Ⅱ-317",4.0,大学外语部,否,理论类课程,"周一,周四",2014-2015-1,,2014100020011A61224,,0,仙林校区,2014-2015学年 第1学期,61224,"仙Ⅱ-316,仙Ⅱ-317",0.0,否,,1,64,02,0,0,大学英语（第一层次A),12,"第7节-第8节,第7节-第8节",仙II区,00020011A
64.0,400330,大学英语（第一层次A)(20141-00020011A-4),2014100020011A61225,英语课,3,,44,"4-18周,4-18周",0,"于江,TOBY BALLENTINE","4-18周 周一 第9节-第10节 仙Ⅱ-310,4-18周 周四 第9节-第10节 仙Ⅱ-310",4.0,大学外语部,否,理论类课程,"周一,周四",2014-2015-1,,2014100020011A61225,,0,仙林校区,2014-2015学年 第1学期,61225,"仙Ⅱ-310,仙Ⅱ-310",0.0,否,,1,64,02,0,0,大学英语（第一层次A),12,"第9节-第10节,第9节-第10节",仙II区,00020011A
64.0,400330,大学英语（第二层次A)(20141-00020012A-1),2014100020012A61226,英语课,3,,30,"4-18周,4-18周",0,"张洁,黄燕","4-18周 周一 第1节-第2节 仙Ⅱ-104,4-18周 周五 第1节-第2节 仙Ⅱ-104",4.0,大学外语部,否,理论类课程,"周五,周一",2014-2015-1,,2014100020012A61226,,0,仙林校区,2014-2015学年 第1学期,61226,"仙Ⅱ-104,仙Ⅱ-104",0.0,否,,1,64,02,0,0,大学英语（第二层次A),12,"第1节-第2节,第1节-第2节",仙II区,00020012A
64.0,400330,大学英语（第二层次A)(20141-00020012A-2),2014100020012A61227,英语课,3,,31,"4-18周,4-18周",0,"杨奕枫,庄红","4-18周 周一 第1节-第2节 仙Ⅱ-115,4-18周 周五 第1节-第2节 仙Ⅱ-114",4.0,大学外语部,否,理论类课程,"周五,周一",2014-2015-1,,2014100020012A61227,,0,仙林校区,2014-2015学年 第1学期,61227,"仙Ⅱ-114,仙Ⅱ-115",0.0,否,,1,64,02,0,0,大学英语（第二层次A),12,"第1节-第2节,第1节-第2节",仙II区,00020012A
64.0,400330,大学英语（第二层次A)(20141-00020012A-3),2014100020012A61228,英语课,3,,22,"4-18周,4-18周",0,"陆美慧,程苏婉","4-18周 周一 第1节-第2节 仙Ⅱ-217,4-18周 周五 第1节-第2节 仙Ⅱ-217",4.0,大学外语部,否,理论类课程,"周五,周一",2014-2015-1,,2014100020012A61228,2014历史学院历史学类,0,仙林校区,2014-2015学年 第1学期,61228,"仙Ⅱ-217,仙Ⅱ-217",0.0,否,,1,64,02,0,0,大学英语（第二层次A),12,"第1节-第2节,第1节-第2节",仙II区,00020012A
64.0,400330,大学英语（第二层次A)(20141-00020012A-4),2014100020012A61229,英语课,3,,22,"4-18周,4-18周",0,"吴淑云,李长生","4-18周 周一 第1节-第2节 仙Ⅱ-310,4-18周 周五 第1节-第2节 仙Ⅱ-310",4.0,大学外语部,否,理论类课程,"周五,周一",2014-2015-1,,2014100020012A61229,,0,仙林校区,2014-2015学年 第1学期,61229,"仙Ⅱ-310,仙Ⅱ-310",0.0,否,,1,64,02,0,0,大学英语（第二层次A),12,"第1节-第2节,第1节-第2节",仙II区,00020012A
64.0,400330,大学英语（第二层次A)(20141-00020012A-5),2014100020012A61230,英语课,3,,29,"4-18周,4-18周",0,"路璐,陈海","4-18周 周一 第1节-第2节 仙Ⅱ-318,4-18周 周五 第1节-第2节 仙Ⅱ-411",4.0,大学外语部,否,理论类课程,"周五,周一",2014-2015-1,,2014100020012A61230,,0,仙林校区,2014-2015学年 第1学期,61230,"仙Ⅱ-411,仙Ⅱ-318",0.0,否,,1,64,02,0,0,大学英语（第二层次A),12,"第1节-第2节,第1节-第2节",仙II区,00020012A
64.0,400330,大学英语（第二层次A)(20141-00020012A-6),2014100020012A61231,英语课,3,,28,"4-18周,4-18周",0,"张洁,蒋玉梅","4-18周 周一 第1节-第2节 仙Ⅱ-306,4-18周 周三 第1节-第2节 仙Ⅱ-306",4.0,大学外语部,否,理论类课程,"周三,周一",2014-2015-1,,2014100020012A61231,,0,仙林校区,2014-2015学年 第1学期,61231,"仙Ⅱ-306,仙Ⅱ-306",0.0,否,,1,64,02,0,0,大学英语（第二层次A),12,"第1节-第2节,第1节-第2节",仙II区,00020012A
64.0,400330,大学英语（第二层次A)(20141-00020012A-7),2014100020012A61232,英语课,3,,15,"4-18周,4-18周",0,"张洁,吴耘","4-18周 周一 第3节-第4节 仙Ⅱ-104,4-18周 周三 第3节-第4节 仙Ⅱ-104",4.0,大学外语部,否,理论类课程,"周三,周一",2014-2015-1,,2014100020012A61232,2014法学院法学类,0,仙林校区,2014-2015学年 第1学期,61232,"仙Ⅱ-104,仙Ⅱ-104",0.0,否,,1,64,02,0,0,大学英语（第二层次A),12,"第3节-第4节,第3节-第4节",仙II区,00020012A
64.0,400330,大学英语（第二层次A)(20141-00020012A-8),2014100020012A61233,英语课,3,,22,"4-18周,4-18周",0,"李长生,顾永兴","4-18周 周一 第3节-第4节 仙Ⅱ-113,4-18周 周三 第3节-第4节 仙Ⅱ-115",4.0,大学外语部,否,理论类课程,"周三,周一",2014-2015-1,,2014100020012A61233,2014法学院法学类,0,仙林校区,2014-2015学年 第1学期,61233,"仙Ⅱ-115,仙Ⅱ-113",0.0,否,,1,64,02,0,0,大学英语（第二层次A),12,"第3节-第4节,第3节-第4节",仙II区,00020012A
64.0,400330,大学英语（第二层次A)(20141-00020012A-9),2014100020012A61234,英语课,3,,25,"4-18周,4-18周",0,"王颖,陆美慧","4-18周 周一 第3节-第4节 仙Ⅱ-311,4-18周 周三 第3节-第4节 仙Ⅱ-311",4.0,大学外语部,否,理论类课程,"周一,周三",2014-2015-1,,2014100020012A61234,,0,仙林校区,2014-2015学年 第1学期,61234,"仙Ⅱ-311,仙Ⅱ-311",0.0,否,,1,64,02,0,0,大学英语（第二层次A),12,"第3节-第4节,第3节-第4节",仙II区,00020012A
64.0,400330,大学英语（第二层次A)(20141-00020012A-10),2014100020012A61235,英语课,3,,28,"4-18周,4-18周",0,"张洁,曹宁","4-18周 周一 第3节-第4节 仙Ⅱ-312,4-18周 周五 第3节-第4节 仙Ⅱ-317",4.0,大学外语部,否,理论类课程,"周一,周五",2014-2015-1,,2014100020012A61235,2014新闻传播学院新闻传播学类,0,仙林校区,2014-2015学年 第1学期,61235,"仙Ⅱ-312,仙Ⅱ-317",0.0,否,,1,64,02,0,0,大学英语（第二层次A),12,"第3节-第4节,第3节-第4节",仙II区,00020012A
64.0,400330,大学英语（第二层次A)(20141-00020012A-11),2014100020012A61236,英语课,3,,27,"4-18周,4-18周",0,"杨奕枫,程苏婉","4-18周 周一 第3节-第4节 仙Ⅱ-417,4-18周 周五 第3节-第4节 仙Ⅱ-419",4.0,大学外语部,否,理论类课程,"周一,周五",2014-2015-1,,2014100020012A61236,2014新闻传播学院新闻传播学类,0,仙林校区,2014-2015学年 第1学期,61236,"仙Ⅱ-417,仙Ⅱ-419",0.0,否,,1,64,02,0,0,大学英语（第二层次A),12,"第3节-第4节,第3节-第4节",仙II区,00020012A
64.0,400330,大学英语（第二层次A)(20141-00020012A-12),2014100020012A61237,英语课,3,,28,"4-18周,4-18周",0,"黄燕,王晓红","4-18周 周一 第3节-第4节 仙Ⅱ-211,4-18周 周五 第3节-第4节 仙Ⅱ-211",4.0,大学外语部,否,理论类课程,"周一,周五",2014-2015-1,,2014100020012A61237,,0,仙林校区,2014-2015学年 第1学期,61237,"仙Ⅱ-211,仙Ⅱ-211",0.0,否,,1,64,02,0,0,大学英语（第二层次A),12,"第3节-第4节,第3节-第4节",仙II区,00020012A
64.0,400330,大学英语（第二层次A)(20141-00020012A-13),2014100020012A61238,英语课,3,,22,"4-18周,4-18周",0,"左瀚,路璐","4-18周 周一 第3节-第4节 仙Ⅱ-110,4-18周 周五 第3节-第4节 仙Ⅱ-110",4.0,大学外语部,否,理论类课程,"周五,周一",2014-2015-1,,2014100020012A61238,"2013外国语学院俄语,2013外国语学院朝鲜语,2013外国语学院西班牙语,2013外国语学院德语,2013外国语学院法语,2013外国语学院日语",0,仙林校区,2014-2015学年 第1学期,61238,"仙Ⅱ-110,仙Ⅱ-110",0.0,否,,1,64,02,0,0,大学英语（第二层次A),12,"第3节-第4节,第3节-第4节",仙II区,00020012A
64.0,400330,大学英语（第二层次A)(20141-00020012A-14),2014100020012A61239,英语课,3,,21,"4-18周,4-18周",0,"蒋玉梅,顾永兴","4-18周 周一 第3节-第4节 仙Ⅱ-406,4-18周 周五 第3节-第4节 仙Ⅱ-310",4.0,大学外语部,否,理论类课程,"周五,周一",2014-2015-1,,2014100020012A61239,"2013外国语学院俄语,2013外国语学院朝鲜语,2013外国语学院西班牙语,2013外国语学院德语,2013外国语学院法语,2013外国语学院日语",0,仙林校区,2014-2015学年 第1学期,61239,"仙Ⅱ-310,仙Ⅱ-406",0.0,否,,1,64,02,0,0,大学英语（第二层次A),12,"第3节-第4节,第3节-第4节",仙II区,00020012A
64.0,400330,大学英语（第二层次A)(20141-00020012A-15),2014100020012A61240,英语课,3,,31,"4-18周,4-18周",0,"邵崇忠,陆美慧","4-18周 周一 第5节-第6节 仙Ⅱ-414,4-18周 周三 第5节-第6节 仙Ⅱ-414",4.0,大学外语部,否,理论类课程,"周一,周三",2014-2015-1,,2014100020012A61240,,0,仙林校区,2014-2015学年 第1学期,61240,"仙Ⅱ-414,仙Ⅱ-414",0.0,否,,1,64,02,0,0,大学英语（第二层次A),12,"第5节-第6节,第5节-第6节",仙II区,00020012A
64.0,400330,大学英语（第二层次A)(20141-00020012A-16),2014100020012A61241,英语课,3,,31,"4-18周,4-18周",0,"张洁,庄红","4-18周 周一 第5节-第6节 仙Ⅱ-317,4-18周 周三 第5节-第6节 仙Ⅱ-317",4.0,大学外语部,否,理论类课程,"周一,周三",2014-2015-1,,2014100020012A61241,,0,仙林校区,2014-2015学年 第1学期,61241,"仙Ⅱ-317,仙Ⅱ-317",0.0,否,,1,64,02,0,0,大学英语（第二层次A),12,"第5节-第6节,第5节-第6节",仙II区,00020012A
64.0,400330,大学英语（第二层次A)(20141-00020012A-17),2014100020012A61242,英语课,3,,30,"4-18周,4-18周",0,"杨奕枫,王颖","4-18周 周一 第5节-第6节 仙Ⅱ-307,4-18周 周三 第5节-第6节 仙Ⅱ-307",4.0,大学外语部,否,理论类课程,"周一,周三",2014-2015-1,,2014100020012A61242,,0,仙林校区,2014-2015学年 第1学期,61242,"仙Ⅱ-307,仙Ⅱ-307",0.0,否,,1,64,02,0,0,大学英语（第二层次A),12,"第5节-第6节,第5节-第6节",仙II区,00020012A
64.0,400330,大学英语（第二层次A)(20141-00020012A-18),2014100020012A61243,英语课,3,,29,"4-18周,4-18周",0,"朱雪媛,王晓红","4-18周 周一 第5节-第6节 仙Ⅱ-415,4-18周 周三 第5节-第6节 仙Ⅱ-415",4.0,大学外语部,否,理论类课程,"周一,周三",2014-2015-1,,2014100020012A61243,,0,仙林校区,2014-2015学年 第1学期,61243,"仙Ⅱ-415,仙Ⅱ-415",0.0,否,,1,64,02,0,0,大学英语（第二层次A),12,"第5节-第6节,第5节-第6节",仙II区,00020012A
64.0,400330,大学英语（第二层次A)(20141-00020012A-19),2014100020012A61244,英语课,3,,0,"4-18周,4-18周",0,,"4-18周 周一 第5节-第6节 仙Ⅱ-218,4-18周 周三 第5节-第6节 仙Ⅱ-218",4.0,大学外语部,否,理论类课程,"周三,周一",2014-2015-1,,2014100020012A61244,,0,仙林校区,2014-2015学年 第1学期,61244,"仙Ⅱ-218,仙Ⅱ-218",0.0,否,,1,64,02,0,0,大学英语（第二层次A),12,"第5节-第6节,第5节-第6节",仙II区,00020012A
64.0,400330,大学英语（第二层次A)(20141-00020012A-20),2014100020012A61245,英语课,3,,29,"4-18周,4-18周",0,"张洁,陆小兵","4-18周 周一 第5节-第6节 仙Ⅱ-419,4-18周 周三 第5节-第6节 仙Ⅱ-419",4.0,大学外语部,否,理论类课程,"周三,周一",2014-2015-1,,2014100020012A61245,,0,仙林校区,2014-2015学年 第1学期,61245,"仙Ⅱ-419,仙Ⅱ-419",0.0,否,,1,64,02,0,0,大学英语（第二层次A),12,"第5节-第6节,第5节-第6节",仙II区,00020012A
64.0,400330,大学英语（第二层次A)(20141-00020012A-21),2014100020012A61246,英语课,3,,28,"4-18周,4-18周",0,"路璐,顾永兴","4-18周 周一 第5节-第6节 仙Ⅱ-420,4-18周 周三 第5节-第6节 仙Ⅱ-420",4.0,大学外语部,否,理论类课程,"周三,周一",2014-2015-1,,2014100020012A61246,,0,仙林校区,2014-2015学年 第1学期,61246,"仙Ⅱ-420,仙Ⅱ-420",0.0,否,,1,64,02,0,0,大学英语（第二层次A),12,"第5节-第6节,第5节-第6节",仙II区,00020012A
64.0,400330,大学英语（第二层次A)(20141-00020012A-22),2014100020012A61247,英语课,3,,29,"4-18周,4-18周",0,"蒋玉梅,王健","4-18周 周一 第5节-第6节 仙Ⅱ-421,4-18周 周三 第5节-第6节 仙Ⅱ-421",4.0,大学外语部,否,理论类课程,"周三,周一",2014-2015-1,,2014100020012A61247,,0,仙林校区,2014-2015学年 第1学期,61247,"仙Ⅱ-421,仙Ⅱ-421",0.0,否,,1,64,02,0,0,大学英语（第二层次A),12,"第5节-第6节,第5节-第6节",仙II区,00020012A
64.0,400330,大学英语（第二层次A)(20141-00020012A-23),2014100020012A61248,英语课,3,,25,"4-18周,4-18周",0,"吴耘,吴淑云","4-18周 周二 第1节-第2节 仙Ⅱ-421,4-18周 周四 第1节-第2节 仙Ⅱ-421",4.0,大学外语部,否,理论类课程,"周二,周四",2014-2015-1,,2014100020012A61248,,0,仙林校区,2014-2015学年 第1学期,61248,"仙Ⅱ-421,仙Ⅱ-421",0.0,否,,1,64,02,0,0,大学英语（第二层次A),12,"第1节-第2节,第1节-第2节",仙II区,00020012A
64.0,400330,大学英语（第二层次A)(20141-00020012A-24),2014100020012A61249,英语课,3,,24,"4-18周,4-18周",0,"于江,陈海","4-18周 周二 第1节-第2节 仙Ⅱ-419,4-18周 周四 第1节-第2节 仙Ⅱ-419",4.0,大学外语部,否,理论类课程,"周二,周四",2014-2015-1,,2014100020012A61249,,0,仙林校区,2014-2015学年 第1学期,61249,"仙Ⅱ-419,仙Ⅱ-419",0.0,否,,1,64,02,0,0,大学英语（第二层次A),12,"第1节-第2节,第1节-第2节",仙II区,00020012A
64.0,400330,大学英语（第二层次A)(20141-00020012A-25),2014100020012A61250,英语课,3,,0,"4-18周,4-18周",0,,"4-18周 周二 第1节-第2节 仙Ⅱ-414,4-18周 周四 第1节-第2节 仙Ⅱ-414",4.0,大学外语部,否,理论类课程,"周二,周四",2014-2015-1,,2014100020012A61250,,0,仙林校区,2014-2015学年 第1学期,61250,"仙Ⅱ-414,仙Ⅱ-414",0.0,否,,1,64,02,0,0,大学英语（第二层次A),12,"第1节-第2节,第1节-第2节",仙II区,00020012A
64.0,400330,大学英语（第二层次A)(20141-00020012A-26),2014100020012A61251,英语课,3,,26,"4-18周,4-18周",0,"吴淑云,程苏婉","4-18周 周二 第1节-第2节 仙Ⅱ-415,4-18周 周四 第1节-第2节 仙Ⅱ-415",4.0,大学外语部,否,理论类课程,"周四,周二",2014-2015-1,,2014100020012A61251,,0,仙林校区,2014-2015学年 第1学期,61251,"仙Ⅱ-415,仙Ⅱ-415",0.0,否,,1,64,02,0,0,大学英语（第二层次A),12,"第1节-第2节,第1节-第2节",仙II区,00020012A
64.0,400330,大学英语（第二层次A)(20141-00020012A-27),2014100020012A61252,英语课,3,,25,"4-18周,4-18周",0,"陆美慧,程欣","4-18周 周二 第1节-第2节 仙Ⅱ-416,4-18周 周四 第1节-第2节 仙Ⅱ-416",4.0,大学外语部,否,理论类课程,"周四,周二",2014-2015-1,,2014100020012A61252,2014地理与海洋科学学院地理科学类,0,仙林校区,2014-2015学年 第1学期,61252,"仙Ⅱ-416,仙Ⅱ-416",0.0,否,,1,64,02,0,0,大学英语（第二层次A),12,"第1节-第2节,第1节-第2节",仙II区,00020012A
64.0,400330,大学英语（第二层次A)(20141-00020012A-28),2014100020012A61253,英语课,3,,24,"4-18周,4-18周",0,"杨奕枫,沈蕾","4-18周 周二 第1节-第2节 仙Ⅱ-417,4-18周 周四 第1节-第2节 仙Ⅱ-417",4.0,大学外语部,否,理论类课程,"周四,周二",2014-2015-1,,2014100020012A61253,2014建筑与城市规划学院建筑学,0,仙林校区,2014-2015学年 第1学期,61253,"仙Ⅱ-417,仙Ⅱ-417",0.0,否,,1,64,02,0,0,大学英语（第二层次A),12,"第1节-第2节,第1节-第2节",仙II区,00020012A
64.0,400330,大学英语（第二层次A)(20141-00020012A-29),2014100020012A61254,英语课,3,,29,"4-18周,4-18周",0,"邵继荣,吴淑云","4-18周 周二 第3节-第4节 仙Ⅱ-419,4-18周 周四 第3节-第4节 仙Ⅱ-419",4.0,大学外语部,否,理论类课程,"周二,周四",2014-2015-1,,2014100020012A61254,2014商学院经济学类,0,仙林校区,2014-2015学年 第1学期,61254,"仙Ⅱ-419,仙Ⅱ-419",0.0,否,,1,64,02,0,0,大学英语（第二层次A),12,"第3节-第4节,第3节-第4节",仙II区,00020012A
64.0,400330,大学英语（第二层次A)(20141-00020012A-30),2014100020012A61255,英语课,3,,30,"4-18周,4-18周",0,"陈海,夏珺","4-18周 周二 第3节-第4节 仙Ⅱ-420,4-18周 周四 第3节-第4节 仙Ⅱ-420",4.0,大学外语部,否,理论类课程,"周四,周二",2014-2015-1,,2014100020012A61255,2014商学院经济学类,0,仙林校区,2014-2015学年 第1学期,61255,"仙Ⅱ-420,仙Ⅱ-420",0.0,否,,1,64,02,0,0,大学英语（第二层次A),12,"第3节-第4节,第3节-第4节",仙II区,00020012A
64.0,400330,大学英语（第二层次A)(20141-00020012A-31),2014100020012A61256,英语课,3,,30,"4-18周,4-18周",0,"于江,孙爱娣","4-18周 周二 第3节-第4节 仙Ⅱ-418,4-18周 周四 第3节-第4节 仙Ⅱ-416",4.0,大学外语部,否,理论类课程,"周二,周四",2014-2015-1,,2014100020012A61256,2014商学院经济学类,0,仙林校区,2014-2015学年 第1学期,61256,"仙Ⅱ-418,仙Ⅱ-416",0.0,否,,1,64,02,0,0,大学英语（第二层次A),12,"第3节-第4节,第3节-第4节",仙II区,00020012A
64.0,400330,大学英语（第二层次A)(20141-00020012A-32),2014100020012A61257,英语课,3,,31,"4-18周,4-18周",0,"邵崇忠,左瀚","4-18周 周二 第3节-第4节 仙Ⅱ-421,4-18周 周四 第3节-第4节 仙Ⅱ-421",4.0,大学外语部,否,理论类课程,"周二,周四",2014-2015-1,,2014100020012A61257,2014商学院工商管理类,0,仙林校区,2014-2015学年 第1学期,61257,"仙Ⅱ-421,仙Ⅱ-421",0.0,否,,1,64,02,0,0,大学英语（第二层次A),12,"第3节-第4节,第3节-第4节",仙II区,00020012A
64.0,400330,大学英语（第二层次A)(20141-00020012A-33),2014100020012A61258,英语课,3,,27,"4-18周,4-18周",0,"陆美慧,吴耘","4-18周 周二 第3节-第4节 仙Ⅱ-318,4-18周 周四 第3节-第4节 仙Ⅱ-317",4.0,大学外语部,否,理论类课程,"周四,周二",2014-2015-1,,2014100020012A61258,2014商学院工商管理类,0,仙林校区,2014-2015学年 第1学期,61258,"仙Ⅱ-317,仙Ⅱ-318",0.0,否,,1,64,02,0,0,大学英语（第二层次A),12,"第3节-第4节,第3节-第4节",仙II区,00020012A
64.0,400330,大学英语（第二层次A)(20141-00020012A-34),2014100020012A61259,英语课,3,,31,"4-18周,4-18周",0,"杨奕枫,夏珺","4-18周 周二 第3节-第4节 逸B-306,4-18周 周四 第3节-第4节 逸B-306",4.0,大学外语部,否,理论类课程,"周四,周二",2014-2015-1,,2014100020012A61259,2014商学院工商管理类,0,仙林校区,2014-2015学年 第1学期,61259,"逸B-306,逸B-306",0.0,否,,1,64,02,0,0,大学英语（第二层次A),16,"第3节-第4节,第3节-第4节",逸夫楼B区,00020012A
64.0,400330,大学英语（第二层次A)(20141-00020012A-35),2014100020012A61260,英语课,3,,24,"4-18周,4-18周",0,"程苏婉,王晓红","4-18周 周二 第3节-第4节 逸B-305,4-18周 周四 第3节-第4节 逸B-305",4.0,大学外语部,否,理论类课程,"周四,周二",2014-2015-1,,2014100020012A61260,2014工程管理学院管理科学与工程类,0,仙林校区,2014-2015学年 第1学期,61260,"逸B-305,逸B-305",0.0,否,,1,64,02,0,0,大学英语（第二层次A),16,"第3节-第4节,第3节-第4节",逸夫楼B区,00020012A
64.0,400330,大学英语（第二层次A)(20141-00020012A-36),2014100020012A61261,英语课,3,,25,"4-18周,4-18周",0,"沈蕾,王健","4-18周 周二 第3节-第4节 逸B-403,4-18周 周四 第3节-第4节 逸B-403",4.0,大学外语部,否,理论类课程,"周四,周二",2014-2015-1,,2014100020012A61261,2014工程管理学院管理科学与工程类,0,仙林校区,2014-2015学年 第1学期,61261,"逸B-403,逸B-403",0.0,否,,1,64,02,0,0,大学英语（第二层次A),16,"第3节-第4节,第3节-第4节",逸夫楼B区,00020012A
64.0,400330,大学英语（第二层次A)(20141-00020012A-37),2014100020012A61262,英语课,3,,30,"4-18周,4-18周",0,"于江,孙爱娣","4-18周 周二 第5节-第6节 仙Ⅱ-422,4-18周 周四 第5节-第6节 仙Ⅱ-422",4.0,大学外语部,否,理论类课程,"周二,周四",2014-2015-1,,2014100020012A61262,,0,仙林校区,2014-2015学年 第1学期,61262,"仙Ⅱ-422,仙Ⅱ-422",0.0,否,,1,64,02,0,0,大学英语（第二层次A),12,"第5节-第6节,第5节-第6节",仙II区,00020012A
64.0,400330,大学英语（第二层次A)(20141-00020012A-38),2014100020012A61263,英语课,3,,28,"4-18周,4-18周",0,"邵崇忠,左瀚","4-18周 周二 第5节-第6节 仙Ⅱ-512,4-18周 周四 第5节-第6节 仙Ⅱ-512",4.0,大学外语部,否,理论类课程,"周二,周四",2014-2015-1,,2014100020012A61263,,0,仙林校区,2014-2015学年 第1学期,61263,"仙Ⅱ-512,仙Ⅱ-512",0.0,否,,1,64,02,0,0,大学英语（第二层次A),12,"第5节-第6节,第5节-第6节",仙II区,00020012A
64.0,400330,大学英语（第二层次A)(20141-00020012A-39),2014100020012A61264,英语课,3,,30,"4-18周,4-18周",0,"陆小兵,王健","4-18周 周二 第5节-第6节 仙Ⅱ-513,4-18周 周四 第5节-第6节 仙Ⅱ-513",4.0,大学外语部,否,理论类课程,"周二,周四",2014-2015-1,,2014100020012A61264,,0,仙林校区,2014-2015学年 第1学期,61264,"仙Ⅱ-513,仙Ⅱ-513",0.0,否,,1,64,02,0,0,大学英语（第二层次A),12,"第5节-第6节,第5节-第6节",仙II区,00020012A
64.0,400330,大学英语（第二层次A)(20141-00020012A-40),2014100020012A61265,英语课,3,,23,"4-18周,4-18周",0,"陆美慧,程欣","4-18周 周二 第5节-第6节 仙Ⅱ-517,4-18周 周四 第5节-第6节 仙Ⅱ-517",4.0,大学外语部,否,理论类课程,"周四,周二",2014-2015-1,,2014100020012A61265,2014数学学院数学类,0,仙林校区,2014-2015学年 第1学期,61265,"仙Ⅱ-517,仙Ⅱ-517",0.0,否,,1,64,02,0,0,大学英语（第二层次A),12,"第5节-第6节,第5节-第6节",仙II区,00020012A
64.0,400330,大学英语（第二层次A)(20141-00020012A-41),2014100020012A61266,英语课,3,,21,"4-18周,4-18周",0,"杨奕枫,李长生","4-18周 周二 第5节-第6节 仙Ⅱ-518,4-18周 周四 第5节-第6节 仙Ⅱ-518",4.0,大学外语部,否,理论类课程,"周四,周二",2014-2015-1,,2014100020012A61266,2014数学学院数学类,0,仙林校区,2014-2015学年 第1学期,61266,"仙Ⅱ-518,仙Ⅱ-518",0.0,否,,1,64,02,0,0,大学英语（第二层次A),12,"第5节-第6节,第5节-第6节",仙II区,00020012A
64.0,400330,大学英语（第二层次A)(20141-00020012A-42),2014100020012A61267,英语课,3,,31,"4-18周,4-18周",0,"王伟,王晓红","4-18周 周二 第5节-第6节 仙Ⅱ-413,4-18周 周四 第5节-第6节 仙Ⅱ-414",4.0,大学外语部,否,理论类课程,"周四,周二",2014-2015-1,,2014100020012A61267,2014现代工程与应用科学学院材料类,0,仙林校区,2014-2015学年 第1学期,61267,"仙Ⅱ-414,仙Ⅱ-413",0.0,否,,1,64,02,0,0,大学英语（第二层次A),12,"第5节-第6节,第5节-第6节",仙II区,00020012A
64.0,400330,大学英语（第二层次A)(20141-00020012A-43),2014100020012A61268,英语课,3,,32,"4-18周,4-18周",0,"朱雪媛,王健","4-18周 周二 第5节-第6节 仙Ⅱ-216,4-18周 周四 第5节-第6节 仙Ⅱ-218",4.0,大学外语部,否,理论类课程,"周四,周二",2014-2015-1,,2014100020012A61268,2014现代工程与应用科学学院材料类,0,仙林校区,2014-2015学年 第1学期,61268,"仙Ⅱ-218,仙Ⅱ-216",0.0,否,,1,64,02,0,0,大学英语（第二层次A),12,"第5节-第6节,第5节-第6节",仙II区,00020012A
64.0,400330,大学英语（第二层次A)(20141-00020012A-44),2014100020012A61269,英语课,3,,24,"4-18周,4-18周",0,"孙爱娣,王颖","4-18周 周三 第1节-第2节 仙Ⅱ-115,4-18周 周五 第1节-第2节 仙Ⅱ-115",4.0,大学外语部,否,理论类课程,"周五,周三",2014-2015-1,,2014100020012A61269,2014生命科学学院生物科学类,0,仙林校区,2014-2015学年 第1学期,61269,"仙Ⅱ-115,仙Ⅱ-115",0.0,否,,1,64,02,0,0,大学英语（第二层次A),12,"第1节-第2节,第1节-第2节",仙II区,00020012A
64.0,400330,大学英语（第二层次A)(20141-00020012A-45),2014100020012A61270,英语课,3,,23,"4-18周,4-18周",0,"左瀚,朱雪媛","4-18周 周三 第1节-第2节 仙Ⅱ-109,4-18周 周五 第1节-第2节 仙Ⅱ-109",4.0,大学外语部,否,理论类课程,"周五,周三",2014-2015-1,,2014100020012A61270,,0,仙林校区,2014-2015学年 第1学期,61270,"仙Ⅱ-109,仙Ⅱ-109",0.0,否,,1,64,02,0,0,大学英语（第二层次A),12,"第1节-第2节,第1节-第2节",仙II区,00020012A
64.0,400330,大学英语（第二层次A)(20141-00020012A-46),2014100020012A61271,英语课,3,,25,"4-18周,4-18周",0,"顾永兴,曹宁","4-18周 周三 第1节-第2节 仙Ⅱ-113,4-18周 周五 第1节-第2节 仙Ⅱ-113",4.0,大学外语部,否,理论类课程,"周三,周五",2014-2015-1,,2014100020012A61271,,0,仙林校区,2014-2015学年 第1学期,61271,"仙Ⅱ-113,仙Ⅱ-113",0.0,否,,1,64,02,0,0,大学英语（第二层次A),12,"第1节-第2节,第1节-第2节",仙II区,00020012A
64.0,400330,大学英语（第二层次A)(20141-00020012A-47),2014100020012A61272,英语课,3,,27,"4-18周,4-18周",0,"庄红,孙爱娣","4-18周 周三 第3节-第4节 仙Ⅱ-412,4-18周 周五 第3节-第4节 仙Ⅱ-418",4.0,大学外语部,否,理论类课程,"周五,周三",2014-2015-1,,2014100020012A61272,2014电子科学与工程学院电子信息类,0,仙林校区,2014-2015学年 第1学期,61272,"仙Ⅱ-418,仙Ⅱ-412",0.0,否,,1,64,02,0,0,大学英语（第二层次A),12,"第3节-第4节,第3节-第4节",仙II区,00020012A
64.0,400330,大学英语（第二层次A)(20141-00020012A-48),2014100020012A61273,英语课,3,,27,"4-18周,4-18周",0,"朱雪媛,陈海","4-18周 周三 第3节-第4节 仙Ⅱ-413,4-18周 周五 第3节-第4节 仙Ⅱ-415",4.0,大学外语部,否,理论类课程,"周五,周三",2014-2015-1,,2014100020012A61273,2014电子科学与工程学院电子信息类,0,仙林校区,2014-2015学年 第1学期,61273,"仙Ⅱ-415,仙Ⅱ-413",0.0,否,,1,64,02,0,0,大学英语（第二层次A),12,"第3节-第4节,第3节-第4节",仙II区,00020012A
64.0,400330,大学英语（第二层次A)(20141-00020012A-49),2014100020012A61274,英语课,3,,26,"4-18周,4-18周",0,"吴耘,王健","4-18周 周三 第3节-第4节 仙Ⅱ-410,4-18周 周五 第3节-第4节 仙Ⅱ-410",4.0,大学外语部,否,理论类课程,"周三,周五",2014-2015-1,,2014100020012A61274,2014电子科学与工程学院电子信息类,0,仙林校区,2014-2015学年 第1学期,61274,"仙Ⅱ-410,仙Ⅱ-410",0.0,否,,1,64,02,0,0,大学英语（第二层次A),12,"第3节-第4节,第3节-第4节",仙II区,00020012A
64.0,400330,大学英语（第三层次A)(20141-00020013A-1),2014100020013A61275,英语课,3,,29,"4-18周,4-18周",0,"徐娟,蒋玉梅","4-18周 周一 第1节-第2节 仙Ⅱ-411,4-18周 周三 第1节-第2节 仙Ⅱ-411",4.0,大学外语部,否,理论类课程,"周一,周三",2014-2015-1,,2014100020013A61275,,0,仙林校区,2014-2015学年 第1学期,61275,"仙Ⅱ-411,仙Ⅱ-411",0.0,否,,1,64,02,0,0,大学英语（第三层次A),12,"第1节-第2节,第1节-第2节",仙II区,00020013A
64.0,400330,大学英语（第三层次A)(20141-00020013A-2),2014100020013A61276,英语课,3,,31,"4-18周,4-18周",0,"陈桦,裴黎萍","4-18周 周一 第1节-第2节 仙Ⅱ-103,4-18周 周三 第1节-第2节 仙Ⅱ-103",4.0,大学外语部,否,理论类课程,"周一,周三",2014-2015-1,,2014100020013A61276,,0,仙林校区,2014-2015学年 第1学期,61276,"仙Ⅱ-103,仙Ⅱ-103",0.0,否,,1,64,02,0,0,大学英语（第三层次A),12,"第1节-第2节,第1节-第2节",仙II区,00020013A
64.0,400330,大学英语（第三层次A)(20141-00020013A-3),2014100020013A61277,英语课,3,,30,"4-18周,4-18周",0,"倪辉莉,乔丽婷","4-18周 周一 第1节-第2节 仙Ⅱ-105,4-18周 周三 第1节-第2节 仙Ⅱ-105",4.0,大学外语部,否,理论类课程,"周一,周三",2014-2015-1,,2014100020013A61277,,0,仙林校区,2014-2015学年 第1学期,61277,"仙Ⅱ-105,仙Ⅱ-105",0.0,否,,1,64,02,0,0,大学英语（第三层次A),12,"第1节-第2节,第1节-第2节",仙II区,00020013A
64.0,400330,大学英语（第三层次A)(20141-00020013A-4),2014100020013A61278,英语课,3,,30,"4-18周,4-18周",0,"周莹,孟蕊","4-18周 周一 第1节-第2节 仙Ⅱ-401,4-18周 周三 第1节-第2节 仙Ⅱ-401",4.0,大学外语部,否,理论类课程,"周三,周一",2014-2015-1,,2014100020013A61278,,0,仙林校区,2014-2015学年 第1学期,61278,"仙Ⅱ-401,仙Ⅱ-401",0.0,否,,1,64,02,0,0,大学英语（第三层次A),12,"第1节-第2节,第1节-第2节",仙II区,00020013A
64.0,400330,大学英语（第三层次A)(20141-00020013A-5),2014100020013A61279,英语课,3,,31,"4-18周,4-18周",0,"傅俭,孟蕊","4-18周 周一 第1节-第2节 仙Ⅱ-406,4-18周 周五 第1节-第2节 仙Ⅱ-406",4.0,大学外语部,否,理论类课程,"周一,周五",2014-2015-1,,2014100020013A61279,,0,仙林校区,2014-2015学年 第1学期,61279,"仙Ⅱ-406,仙Ⅱ-406",0.0,否,,1,64,02,0,0,大学英语（第三层次A),12,"第1节-第2节,第1节-第2节",仙II区,00020013A
64.0,400330,大学英语（第三层次A)(20141-00020013A-6),2014100020013A61280,英语课,3,,31,"4-18周,4-18周",0,"夏慧珺,倪辉莉","4-18周 周一 第1节-第2节 仙Ⅱ-410,4-18周 周五 第1节-第2节 仙Ⅱ-410",4.0,大学外语部,否,理论类课程,"周一,周五",2014-2015-1,,2014100020013A61280,,0,仙林校区,2014-2015学年 第1学期,61280,"仙Ⅱ-410,仙Ⅱ-410",0.0,否,,1,64,02,0,0,大学英语（第三层次A),12,"第1节-第2节,第1节-第2节",仙II区,00020013A
64.0,400330,大学英语（第三层次A)(20141-00020013A-7),2014100020013A61281,英语课,3,,32,"4-18周,4-18周",0,"刘芳,吴凌云","4-18周 周一 第1节-第2节 仙Ⅱ-316,4-18周 周五 第1节-第2节 仙Ⅱ-316",4.0,大学外语部,否,理论类课程,"周五,周一",2014-2015-1,,2014100020013A61281,2014历史学院历史学类,0,仙林校区,2014-2015学年 第1学期,61281,"仙Ⅱ-316,仙Ⅱ-316",0.0,否,,1,64,02,0,0,大学英语（第三层次A),12,"第1节-第2节,第1节-第2节",仙II区,00020013A
64.0,400330,大学英语（第三层次A)(20141-00020013A-8),2014100020013A61282,英语课,3,,32,"4-18周,4-18周",0,"周莹,朱静怡","4-18周 周一 第1节-第2节 仙Ⅱ-412,4-18周 周五 第1节-第2节 仙Ⅱ-412",4.0,大学外语部,否,理论类课程,"周五,周一",2014-2015-1,,2014100020013A61282,2014历史学院历史学类,0,仙林校区,2014-2015学年 第1学期,61282,"仙Ⅱ-412,仙Ⅱ-412",0.0,否,,1,64,02,0,0,大学英语（第三层次A),12,"第1节-第2节,第1节-第2节",仙II区,00020013A
64.0,400330,大学英语（第三层次A)(20141-00020013A-9),2014100020013A61283,英语课,3,,39,"4-18周,4-18周",0,"孟蕊,傅俭","4-18周 周一 第1节-第2节 仙Ⅱ-413,4-18周 周五 第1节-第2节 仙Ⅱ-413",4.0,大学外语部,否,理论类课程,"周五,周一",2014-2015-1,,2014100020013A61283,,0,仙林校区,2014-2015学年 第1学期,61283,"仙Ⅱ-413,仙Ⅱ-413",0.0,否,,1,64,02,0,0,大学英语（第三层次A),12,"第1节-第2节,第1节-第2节",仙II区,00020013A
64.0,400330,大学英语（第三层次A)(20141-00020013A-10),2014100020013A61284,英语课,3,,28,"4-18周,4-18周",0,"徐娟,倪辉莉","4-18周 周一 第1节-第2节 仙Ⅱ-419,4-18周 周三 第1节-第2节 仙Ⅱ-419",4.0,大学外语部,否,理论类课程,"周三,周一",2014-2015-1,,2014100020013A61284,,0,仙林校区,2014-2015学年 第1学期,61284,"仙Ⅱ-419,仙Ⅱ-419",0.0,否,,1,64,02,0,0,大学英语（第三层次A),12,"第1节-第2节,第1节-第2节",仙II区,00020013A
64.0,400330,大学英语（第三层次A)(20141-00020013A-11),2014100020013A61285,英语课,3,,26,"4-18周,4-18周",0,"乔丽婷,黄燕","4-18周 周一 第1节-第2节 仙Ⅱ-417,4-18周 周三 第1节-第2节 仙Ⅱ-417",4.0,大学外语部,否,理论类课程,"周三,周一",2014-2015-1,,2014100020013A61285,,0,仙林校区,2014-2015学年 第1学期,61285,"仙Ⅱ-417,仙Ⅱ-417",0.0,否,,1,64,02,0,0,大学英语（第三层次A),12,"第1节-第2节,第1节-第2节",仙II区,00020013A
64.0,400330,大学英语（第三层次A)(20141-00020013A-12),2014100020013A61286,英语课,3,,26,"4-18周,4-18周",0,"蒋玉梅,徐娟","4-18周 周一 第3节-第4节 仙Ⅱ-306,4-18周 周三 第3节-第4节 仙Ⅱ-301",4.0,大学外语部,否,理论类课程,"周一,周三",2014-2015-1,,2014100020013A61286,2014法学院法学类,0,仙林校区,2014-2015学年 第1学期,61286,"仙Ⅱ-306,仙Ⅱ-301",0.0,否,,1,64,02,0,0,大学英语（第三层次A),12,"第3节-第4节,第3节-第4节",仙II区,00020013A
64.0,400330,大学英语（第三层次A)(20141-00020013A-13),2014100020013A61287,英语课,3,,27,"4-18周,4-18周",0,"陈桦,傅俭","4-18周 周一 第3节-第4节 逸C-210,4-18周 周三 第3节-第4节 逸A-212",4.0,大学外语部,否,理论类课程,"周一,周三",2014-2015-1,,2014100020013A61287,2014法学院法学类,0,仙林校区,2014-2015学年 第1学期,61287,"逸C-210,逸A-212",0.0,否,,1,64,02,0,0,大学英语（第三层次A),"15,17","第3节-第4节,第3节-第4节","逸夫楼A区, 逸夫楼C区",00020013A
64.0,400330,大学英语（第三层次A)(20141-00020013A-14),2014100020013A61288,英语课,3,,27,"4-18周,4-18周",0,"徐娟,倪辉莉","4-18周 周一 第3节-第4节 逸B-310,4-18周 周三 第3节-第4节 逸B-312",4.0,大学外语部,否,理论类课程,"周三,周一",2014-2015-1,,2014100020013A61288,,0,仙林校区,2014-2015学年 第1学期,61288,"逸B-312,逸B-310",0.0,否,,1,64,02,0,0,大学英语（第三层次A),16,"第3节-第4节,第3节-第4节",逸夫楼B区,00020013A
64.0,400330,大学英语（第三层次A)(20141-00020013A-15),2014100020013A61289,英语课,3,,23,"4-18周,4-18周",0,"吴凌云,黄燕","4-18周 周一 第3节-第4节 逸B-401,4-18周 周三 第3节-第4节 逸B-401",4.0,大学外语部,否,理论类课程,"周三,周一",2014-2015-1,,2014100020013A61289,,0,仙林校区,2014-2015学年 第1学期,61289,"逸B-401,逸B-401",0.0,否,,1,64,02,0,0,大学英语（第三层次A),16,"第3节-第4节,第3节-第4节",逸夫楼B区,00020013A
64.0,400330,大学英语（第三层次A)(20141-00020013A-16),2014100020013A61290,英语课,3,,27,"4-18周,4-18周",0,"耿华,裴黎萍","4-18周 周一 第3节-第4节 逸B-402,4-18周 周五 第3节-第4节 逸B-402",4.0,大学外语部,否,理论类课程,"周五,周一",2014-2015-1,,2014100020013A61290,2014新闻传播学院新闻传播学类,0,仙林校区,2014-2015学年 第1学期,61290,"逸B-402,逸B-402",0.0,否,,1,64,02,0,0,大学英语（第三层次A),16,"第3节-第4节,第3节-第4节",逸夫楼B区,00020013A
64.0,400330,大学英语（第三层次A)(20141-00020013A-17),2014100020013A61291,英语课,3,,27,"4-18周,4-18周",0,"孟蕊,乔丽婷","4-18周 周一 第3节-第4节 逸B-403,4-18周 周五 第3节-第4节 逸B-403",4.0,大学外语部,否,理论类课程,"周一,周五",2014-2015-1,,2014100020013A61291,2014新闻传播学院新闻传播学类,0,仙林校区,2014-2015学年 第1学期,61291,"逸B-403,逸B-403",0.0,否,,1,64,02,0,0,大学英语（第三层次A),16,"第3节-第4节,第3节-第4节",逸夫楼B区,00020013A
64.0,400330,大学英语（第三层次A)(20141-00020013A-18),2014100020013A61292,英语课,3,,29,"4-18周,4-18周",0,"周莹,倪辉莉","4-18周 周一 第3节-第4节 逸B-404,4-18周 周五 第3节-第4节 逸B-404",4.0,大学外语部,否,理论类课程,"周一,周五",2014-2015-1,,2014100020013A61292,,0,仙林校区,2014-2015学年 第1学期,61292,"逸B-404,逸B-404",0.0,否,,1,64,02,0,0,大学英语（第三层次A),16,"第3节-第4节,第3节-第4节",逸夫楼B区,00020013A
64.0,400330,大学英语（第三层次A)(20141-00020013A-19),2014100020013A61293,英语课,3,,28,"4-18周,4-18周",0,"刘芳,张晓红","4-18周 周一 第3节-第4节 逸B-405,4-18周 周五 第3节-第4节 逸B-405",4.0,大学外语部,否,理论类课程,"周五,周一",2014-2015-1,,2014100020013A61293,,0,仙林校区,2014-2015学年 第1学期,61293,"逸B-405,逸B-405",0.0,否,,1,64,02,0,0,大学英语（第三层次A),16,"第3节-第4节,第3节-第4节",逸夫楼B区,00020013A
64.0,400330,大学英语（第三层次A)(20141-00020013A-20),2014100020013A61294,英语课,3,,28,"4-18周,4-18周",0,"吴凌云,朱静怡","4-18周 周一 第3节-第4节 逸B-312,4-18周 周五 第3节-第4节 逸B-312",4.0,大学外语部,否,理论类课程,"周五,周一",2014-2015-1,,2014100020013A61294,"2014外国语学院俄语,2014外国语学院朝鲜语,2014外国语学院西班牙语,2014外国语学院德语,2014外国语学院法语,2014外国语学院日语",0,仙林校区,2014-2015学年 第1学期,61294,"逸B-312,逸B-312",0.0,否,,1,64,02,0,0,大学英语（第三层次A),16,"第3节-第4节,第3节-第4节",逸夫楼B区,00020013A
64.0,400330,大学英语（第三层次A)(20141-00020013A-21),2014100020013A61295,英语课,3,,29,"4-18周,4-18周",0,"周莹,孟蕊","4-18周 周一 第3节-第4节 逸B-306,4-18周 周五 第3节-第4节 逸B-306",4.0,大学外语部,否,理论类课程,"周五,周一",2014-2015-1,,2014100020013A61295,"2014外国语学院俄语,2014外国语学院朝鲜语,2014外国语学院西班牙语,2014外国语学院德语,2014外国语学院法语,2014外国语学院日语",0,仙林校区,2014-2015学年 第1学期,61295,"逸B-306,逸B-306",0.0,否,,1,64,02,0,0,大学英语（第三层次A),16,"第3节-第4节,第3节-第4节",逸夫楼B区,00020013A
64.0,400330,大学英语（第三层次A)(20141-00020013A-22),2014100020013A61296,英语课,3,,27,"4-18周,4-18周",0,"徐娟,陈桦","4-18周 周一 第5节-第6节 仙Ⅱ-507,4-18周 周三 第5节-第6节 仙Ⅱ-507",4.0,大学外语部,否,理论类课程,"周一,周三",2014-2015-1,,2014100020013A61296,,0,仙林校区,2014-2015学年 第1学期,61296,"仙Ⅱ-507,仙Ⅱ-507",0.0,否,,1,64,02,0,0,大学英语（第三层次A),12,"第5节-第6节,第5节-第6节",仙II区,00020013A
64.0,400330,大学英语（第三层次A)(20141-00020013A-23),2014100020013A61297,英语课,3,,27,"4-18周,4-18周",0,"王文宇,裴黎萍","4-18周 周一 第5节-第6节 仙Ⅱ-508,4-18周 周三 第5节-第6节 仙Ⅱ-508",4.0,大学外语部,否,理论类课程,"周一,周三",2014-2015-1,,2014100020013A61297,,0,仙林校区,2014-2015学年 第1学期,61297,"仙Ⅱ-508,仙Ⅱ-508",0.0,否,,1,64,02,0,0,大学英语（第三层次A),12,"第5节-第6节,第5节-第6节",仙II区,00020013A
64.0,400330,大学英语（第三层次A)(20141-00020013A-24),2014100020013A61298,英语课,3,,28,"4-18周,4-18周",0,"周莹,曹宁","4-18周 周一 第5节-第6节 仙Ⅱ-511,4-18周 周三 第5节-第6节 仙Ⅱ-511",4.0,大学外语部,否,理论类课程,"周一,周三",2014-2015-1,,2014100020013A61298,,0,仙林校区,2014-2015学年 第1学期,61298,"仙Ⅱ-511,仙Ⅱ-511",0.0,否,,1,64,02,0,0,大学英语（第三层次A),12,"第5节-第6节,第5节-第6节",仙II区,00020013A
64.0,400330,大学英语（第三层次A)(20141-00020013A-25),2014100020013A61299,英语课,3,,20,"4-18周,4-18周",0,"路璐,傅俭","4-18周 周一 第5节-第6节 仙Ⅱ-506,4-18周 周三 第5节-第6节 仙Ⅱ-506",4.0,大学外语部,否,理论类课程,"周一,周三",2014-2015-1,,2014100020013A61299,,0,仙林校区,2014-2015学年 第1学期,61299,"仙Ⅱ-506,仙Ⅱ-506",0.0,否,,1,64,02,0,0,大学英语（第三层次A),12,"第5节-第6节,第5节-第6节",仙II区,00020013A
64.0,400330,大学英语（第三层次A)(20141-00020013A-26),2014100020013A61300,英语课,3,,27,"4-18周,4-18周",0,"徐娟,刘芳","4-18周 周一 第5节-第6节 仙Ⅱ-501,4-18周 周三 第5节-第6节 仙Ⅱ-501",4.0,大学外语部,否,理论类课程,"周三,周一",2014-2015-1,,2014100020013A61300,,0,仙林校区,2014-2015学年 第1学期,61300,"仙Ⅱ-501,仙Ⅱ-501",0.0,否,,1,64,02,0,0,大学英语（第三层次A),12,"第5节-第6节,第5节-第6节",仙II区,00020013A
64.0,400330,大学英语（第三层次A)(20141-00020013A-27),2014100020013A61301,英语课,3,,26,"4-18周,4-18周",0,"沈蕾,张晓红","4-18周 周一 第5节-第6节 仙Ⅱ-518,4-18周 周三 第5节-第6节 仙Ⅱ-518",4.0,大学外语部,否,理论类课程,"周三,周一",2014-2015-1,,2014100020013A61301,,0,仙林校区,2014-2015学年 第1学期,61301,"仙Ⅱ-518,仙Ⅱ-518",0.0,否,,1,64,02,0,0,大学英语（第三层次A),12,"第5节-第6节,第5节-第6节",仙II区,00020013A
64.0,400330,大学英语（第三层次A)(20141-00020013A-28),2014100020013A61302,英语课,3,,24,"4-18周,4-18周",0,"程欣,张丽萍","4-18周 周一 第5节-第6节 仙Ⅱ-306,4-18周 周三 第5节-第6节 仙Ⅱ-310",4.0,大学外语部,否,理论类课程,"周三,周一",2014-2015-1,,2014100020013A61302,,0,仙林校区,2014-2015学年 第1学期,61302,"仙Ⅱ-310,仙Ⅱ-306",0.0,否,,1,64,02,0,0,大学英语（第三层次A),12,"第5节-第6节,第5节-第6节",仙II区,00020013A
64.0,400330,大学英语（第三层次A)(20141-00020013A-29),2014100020013A61303,英语课,3,,20,"4-18周,4-18周",0,"王伟,张晓红","4-18周 周二 第1节-第2节 仙Ⅱ-104,4-18周 周四 第1节-第2节 仙Ⅱ-104",4.0,大学外语部,否,理论类课程,"周四,周二",2014-2015-1,,2014100020013A61303,,0,仙林校区,2014-2015学年 第1学期,61303,"仙Ⅱ-104,仙Ⅱ-104",0.0,否,,1,64,02,0,0,大学英语（第三层次A),12,"第1节-第2节,第1节-第2节",仙II区,00020013A
64.0,400330,大学英语（第三层次A)(20141-00020013A-30),2014100020013A61304,英语课,3,,19,"4-18周,4-18周",0,"余芳,邵继荣","4-18周 周二 第1节-第2节 仙Ⅱ-213,4-18周 周四 第1节-第2节 仙Ⅱ-213",4.0,大学外语部,否,理论类课程,"周二,周四",2014-2015-1,,2014100020013A61304,,0,仙林校区,2014-2015学年 第1学期,61304,"仙Ⅱ-213,仙Ⅱ-213",0.0,否,,1,64,02,0,0,大学英语（第三层次A),12,"第1节-第2节,第1节-第2节",仙II区,00020013A
64.0,400330,大学英语（第三层次A)(20141-00020013A-31),2014100020013A61305,英语课,3,,28,"4-18周,4-18周",0,"张巧玲,沈蕾","4-18周 周二 第1节-第2节 仙Ⅱ-214,4-18周 周四 第1节-第2节 仙Ⅱ-214",4.0,大学外语部,否,理论类课程,"周二,周四",2014-2015-1,,2014100020013A61305,,0,仙林校区,2014-2015学年 第1学期,61305,"仙Ⅱ-214,仙Ⅱ-214",0.0,否,,1,64,02,0,0,大学英语（第三层次A),12,"第1节-第2节,第1节-第2节",仙II区,00020013A
64.0,400330,大学英语（第三层次A)(20141-00020013A-32),2014100020013A61306,英语课,3,,26,"4-18周,4-18周",0,"朱静怡,裴黎萍","4-18周 周二 第1节-第2节 仙Ⅱ-216,4-18周 周四 第1节-第2节 仙Ⅱ-216",4.0,大学外语部,否,理论类课程,"周四,周二",2014-2015-1,,2014100020013A61306,,0,仙林校区,2014-2015学年 第1学期,61306,"仙Ⅱ-216,仙Ⅱ-216",0.0,否,,1,64,02,0,0,大学英语（第三层次A),12,"第1节-第2节,第1节-第2节",仙II区,00020013A
64.0,400330,大学英语（第三层次A)(20141-00020013A-33),2014100020013A61307,英语课,3,,27,"4-18周,4-18周",0,"余芳,王伟","4-18周 周二 第1节-第2节 仙Ⅱ-212,4-18周 周四 第1节-第2节 仙Ⅱ-212",4.0,大学外语部,否,理论类课程,"周四,周二",2014-2015-1,,2014100020013A61307,2014地理与海洋科学学院地理科学类,0,仙林校区,2014-2015学年 第1学期,61307,"仙Ⅱ-212,仙Ⅱ-212",0.0,否,,1,64,02,0,0,大学英语（第三层次A),12,"第1节-第2节,第1节-第2节",仙II区,00020013A
64.0,400330,大学英语（第三层次A)(20141-00020013A-34),2014100020013A61308,英语课,3,,27,"4-18周,4-18周",0,"张晓红,邵继荣","4-18周 周二 第1节-第2节 仙Ⅱ-113,4-18周 周四 第1节-第2节 仙Ⅱ-113",4.0,大学外语部,否,理论类课程,"周二,周四",2014-2015-1,,2014100020013A61308,2014地理与海洋科学学院地理科学类,0,仙林校区,2014-2015学年 第1学期,61308,"仙Ⅱ-113,仙Ⅱ-113",0.0,否,,1,64,02,0,0,大学英语（第三层次A),12,"第1节-第2节,第1节-第2节",仙II区,00020013A
64.0,400330,大学英语（第三层次A)(20141-00020013A-35),2014100020013A61309,英语课,3,,29,"4-18周,4-18周",0,"张巧玲,吴耘","4-18周 周二 第1节-第2节 仙Ⅱ-115,4-18周 周四 第1节-第2节 仙Ⅱ-116",4.0,大学外语部,否,理论类课程,"周四,周二",2014-2015-1,,2014100020013A61309,2014建筑与城市规划学院建筑学,0,仙林校区,2014-2015学年 第1学期,61309,"仙Ⅱ-116,仙Ⅱ-115",0.0,否,,1,64,02,0,0,大学英语（第三层次A),12,"第1节-第2节,第1节-第2节",仙II区,00020013A
64.0,400330,大学英语（第三层次A)(20141-00020013A-36),2014100020013A61310,英语课,3,,28,"4-18周,4-18周",0,"张晓红,耿华","4-18周 周二 第3节-第4节 仙Ⅰ-204,4-18周 周四 第3节-第4节 仙Ⅱ-414",4.0,大学外语部,否,理论类课程,"周二,周四",2014-2015-1,,2014100020013A61310,2014商学院经济学类,0,仙林校区,2014-2015学年 第1学期,61310,"仙Ⅰ-204,仙Ⅱ-414",0.0,否,,1,64,02,0,0,大学英语（第三层次A),"11,12","第3节-第4节,第3节-第4节","仙I区, 仙II区",00020013A
64.0,400330,大学英语（第三层次A)(20141-00020013A-37),2014100020013A61311,英语课,3,,29,"4-18周,4-18周",0,"王伟,张巧玲","4-18周 周二 第3节-第4节 仙Ⅱ-110,4-18周 周四 第3节-第4节 仙Ⅱ-117",4.0,大学外语部,否,理论类课程,"周二,周四",2014-2015-1,,2014100020013A61311,2014商学院经济学类,0,仙林校区,2014-2015学年 第1学期,61311,"仙Ⅱ-110,仙Ⅱ-117",0.0,否,,1,64,02,0,0,大学英语（第三层次A),12,"第3节-第4节,第3节-第4节",仙II区,00020013A
64.0,400330,大学英语（第三层次A)(20141-00020013A-38),2014100020013A61312,英语课,3,,29,"4-18周,4-18周",0,"余芳,王文宇","4-18周 周二 第3节-第4节 逸B-210,4-18周 周四 第3节-第4节 逸A-213",4.0,大学外语部,否,理论类课程,"周二,周四",2014-2015-1,,2014100020013A61312,2014商学院经济学类,0,仙林校区,2014-2015学年 第1学期,61312,"逸B-210,逸A-213",0.0,否,,1,64,02,0,0,大学英语（第三层次A),"15,16","第3节-第4节,第3节-第4节","逸夫楼A区, 逸夫楼B区",00020013A
64.0,400330,大学英语（第三层次A)(20141-00020013A-39),2014100020013A61313,英语课,3,,26,"4-18周,4-18周",0,"沈蕾,夏慧珺","4-18周 周二 第3节-第4节 仙Ⅱ-105,4-18周 周四 第3节-第4节 仙Ⅱ-105",4.0,大学外语部,否,理论类课程,"周二,周四",2014-2015-1,,2014100020013A61313,2014商学院工商管理类,0,仙林校区,2014-2015学年 第1学期,61313,"仙Ⅱ-105,仙Ⅱ-105",0.0,否,,1,64,02,0,0,大学英语（第三层次A),12,"第3节-第4节,第3节-第4节",仙II区,00020013A
64.0,400330,大学英语（第三层次A)(20141-00020013A-40),2014100020013A61314,英语课,3,,26,"4-18周,4-18周",0,"耿华,裴黎萍","4-18周 周二 第3节-第4节 仙Ⅱ-112,4-18周 周四 第3节-第4节 仙Ⅱ-415",4.0,大学外语部,否,理论类课程,"周四,周二",2014-2015-1,,2014100020013A61314,2014商学院工商管理类,0,仙林校区,2014-2015学年 第1学期,61314,"仙Ⅱ-415,仙Ⅱ-112",0.0,否,,1,64,02,0,0,大学英语（第三层次A),12,"第3节-第4节,第3节-第4节",仙II区,00020013A
64.0,400330,大学英语（第三层次A)(20141-00020013A-41),2014100020013A61315,英语课,3,,24,"4-18周,4-18周",0,"庄红,张晓红","4-18周 周二 第3节-第4节 逸B-404,4-18周 周四 第3节-第4节 逸B-404",4.0,大学外语部,否,理论类课程,"周四,周二",2014-2015-1,,2014100020013A61315,2014商学院工商管理类,0,仙林校区,2014-2015学年 第1学期,61315,"逸B-404,逸B-404",0.0,否,,1,64,02,0,0,大学英语（第三层次A),16,"第3节-第4节,第3节-第4节",逸夫楼B区,00020013A
64.0,400330,大学英语（第三层次A)(20141-00020013A-42),2014100020013A61316,英语课,3,,26,"4-18周,4-18周",0,"朱静怡,余芳","4-18周 周二 第3节-第4节 仙Ⅱ-215,4-18周 周四 第3节-第4节 仙Ⅱ-215",4.0,大学外语部,否,理论类课程,"周四,周二",2014-2015-1,,2014100020013A61316,2014工程管理学院管理科学与工程类,0,仙林校区,2014-2015学年 第1学期,61316,"仙Ⅱ-215,仙Ⅱ-215",0.0,否,,1,64,02,0,0,大学英语（第三层次A),12,"第3节-第4节,第3节-第4节",仙II区,00020013A
64.0,400330,大学英语（第三层次A)(20141-00020013A-43),2014100020013A61317,英语课,3,,25,"4-18周,4-18周",0,"张巧玲,邵继荣","4-18周 周二 第3节-第4节 仙Ⅱ-104,4-18周 周四 第3节-第4节 仙Ⅱ-412",4.0,大学外语部,否,理论类课程,"周四,周二",2014-2015-1,,2014100020013A61317,2014工程管理学院管理科学与工程类,0,仙林校区,2014-2015学年 第1学期,61317,"仙Ⅱ-412,仙Ⅱ-104",0.0,否,,1,64,02,0,0,大学英语（第三层次A),12,"第3节-第4节,第3节-第4节",仙II区,00020013A
64.0,400330,大学英语（第三层次A)(20141-00020013A-44),2014100020013A61318,英语课,3,,33,"4-18周,4-18周",0,"张巧玲,刘芳","4-18周 周二 第5节-第6节 仙Ⅱ-511,4-18周 周四 第5节-第6节 仙Ⅱ-520",4.0,大学外语部,否,理论类课程,"周四,周二",2014-2015-1,,2014100020013A61318,,0,仙林校区,2014-2015学年 第1学期,61318,"仙Ⅱ-520,仙Ⅱ-511",0.0,否,,1,64,02,0,0,大学英语（第三层次A),12,"第5节-第6节,第5节-第6节",仙II区,00020013A
64.0,400330,大学英语（第三层次A)(20141-00020013A-45),2014100020013A61319,英语课,3,,29,"4-18周,4-18周",0,"周莹,王伟","4-18周 周二 第5节-第6节 仙Ⅱ-519,4-18周 周四 第5节-第6节 仙Ⅱ-519",4.0,大学外语部,否,理论类课程,"周四,周二",2014-2015-1,,2014100020013A61319,,0,仙林校区,2014-2015学年 第1学期,61319,"仙Ⅱ-519,仙Ⅱ-519",0.0,否,,1,64,02,0,0,大学英语（第三层次A),12,"第5节-第6节,第5节-第6节",仙II区,00020013A
64.0,400330,大学英语（第三层次A)(20141-00020013A-46),2014100020013A61320,英语课,3,,33,"4-18周,4-18周",0,"傅俭,张燕","4-18周 周二 第5节-第6节 仙Ⅱ-506,4-18周 周四 第5节-第6节 仙Ⅱ-506",4.0,大学外语部,否,理论类课程,"周二,周四",2014-2015-1,,2014100020013A61320,,0,仙林校区,2014-2015学年 第1学期,61320,"仙Ⅱ-506,仙Ⅱ-506",0.0,否,,1,64,02,0,0,大学英语（第三层次A),12,"第5节-第6节,第5节-第6节",仙II区,00020013A
64.0,400330,大学英语（第三层次A)(20141-00020013A-47),2014100020013A61321,英语课,3,,22,"4-18周,4-18周",0,"陈桦,余芳","4-18周 周二 第5节-第6节 仙Ⅱ-318,4-18周 周四 第5节-第6节 仙Ⅱ-312",4.0,大学外语部,否,理论类课程,"周二,周四",2014-2015-1,,2014100020013A61321,2014数学学院数学类,0,仙林校区,2014-2015学年 第1学期,61321,"仙Ⅱ-318,仙Ⅱ-312",0.0,否,,1,64,02,0,0,大学英语（第三层次A),12,"第5节-第6节,第5节-第6节",仙II区,00020013A
64.0,400330,大学英语（第三层次A)(20141-00020013A-48),2014100020013A61322,英语课,3,,22,"4-18周,4-18周",0,"张丽萍,邵继荣","4-18周 周二 第5节-第6节 仙Ⅱ-507,4-18周 周四 第5节-第6节 仙Ⅱ-507",4.0,大学外语部,否,理论类课程,"周四,周二",2014-2015-1,,2014100020013A61322,2014数学学院数学类,0,仙林校区,2014-2015学年 第1学期,61322,"仙Ⅱ-507,仙Ⅱ-507",0.0,否,,1,64,02,0,0,大学英语（第三层次A),12,"第5节-第6节,第5节-第6节",仙II区,00020013A
64.0,400330,大学英语（第三层次A)(20141-00020013A-49),2014100020013A61323,英语课,3,,31,"4-18周,4-18周",0,"余芳,夏珺","4-18周 周二 第5节-第6节 仙Ⅱ-501,4-18周 周四 第5节-第6节 仙Ⅱ-501",4.0,大学外语部,否,理论类课程,"周四,周二",2014-2015-1,,2014100020013A61323,2014现代工程与应用科学学院材料类,0,仙林校区,2014-2015学年 第1学期,61323,"仙Ⅱ-501,仙Ⅱ-501",0.0,否,,1,64,02,0,0,大学英语（第三层次A),12,"第5节-第6节,第5节-第6节",仙II区,00020013A
64.0,400330,大学英语（第三层次A)(20141-00020013A-50),2014100020013A61324,英语课,3,,30,"4-18周,4-18周",0,"张巧玲,耿华","4-18周 周二 第5节-第6节 仙Ⅱ-306,4-18周 周四 第5节-第6节 仙Ⅱ-306",4.0,大学外语部,否,理论类课程,"周四,周二",2014-2015-1,,2014100020013A61324,2014现代工程与应用科学学院材料类,0,仙林校区,2014-2015学年 第1学期,61324,"仙Ⅱ-306,仙Ⅱ-306",0.0,否,,1,64,02,0,0,大学英语（第三层次A),12,"第5节-第6节,第5节-第6节",仙II区,00020013A
64.0,400330,大学英语（第三层次A)(20141-00020013A-51),2014100020013A61325,英语课,3,,25,"4-18周,4-18周",0,"曹宁,夏慧珺","4-18周 周三 第1节-第2节 仙Ⅱ-416,4-18周 周五 第1节-第2节 仙Ⅱ-416",4.0,大学外语部,否,理论类课程,"周五,周三",2014-2015-1,,2014100020013A61325,2014生命科学学院生物科学类,0,仙林校区,2014-2015学年 第1学期,61325,"仙Ⅱ-416,仙Ⅱ-416",0.0,否,,1,64,02,0,0,大学英语（第三层次A),12,"第1节-第2节,第1节-第2节",仙II区,00020013A
64.0,400330,大学英语（第三层次A)(20141-00020013A-52),2014100020013A61326,英语课,3,,30,"4-18周,4-18周",0,"朱雪媛,夏慧珺","4-18周 周三 第1节-第2节 仙Ⅱ-311,4-18周 周五 第1节-第2节 仙Ⅱ-311",4.0,大学外语部,否,理论类课程,"周三,周五",2014-2015-1,,2014100020013A61326,2014生命科学学院生物科学类,0,仙林校区,2014-2015学年 第1学期,61326,"仙Ⅱ-311,仙Ⅱ-311",0.0,否,,1,64,02,0,0,大学英语（第三层次A),12,"第1节-第2节,第1节-第2节",仙II区,00020013A
64.0,400330,大学英语（第三层次A)(20141-00020013A-53),2014100020013A61327,英语课,3,,31,"4-18周,4-18周",0,"程欣,吴凌云","4-18周 周三 第1节-第2节 仙Ⅱ-216,4-18周 周五 第1节-第2节 仙Ⅱ-216",4.0,大学外语部,否,理论类课程,"周五,周三",2014-2015-1,,2014100020013A61327,,0,仙林校区,2014-2015学年 第1学期,61327,"仙Ⅱ-216,仙Ⅱ-216",0.0,否,,1,64,02,0,0,大学英语（第三层次A),12,"第1节-第2节,第1节-第2节",仙II区,00020013A
64.0,400330,大学英语（第三层次A)(20141-00020013A-54),2014100020013A61328,英语课,3,,30,"4-18周,4-18周",0,"傅俭,倪辉莉","4-18周 周三 第3节-第4节 仙Ⅱ-421,4-18周 周五 第3节-第4节 仙Ⅱ-421",4.0,大学外语部,否,理论类课程,"周五,周三",2014-2015-1,,2014100020013A61328,2014电子科学与工程学院电子信息类,0,仙林校区,2014-2015学年 第1学期,61328,"仙Ⅱ-421,仙Ⅱ-421",0.0,否,,1,64,02,0,0,大学英语（第三层次A),12,"第3节-第4节,第3节-第4节",仙II区,00020013A
64.0,400330,大学英语（第三层次A)(20141-00020013A-55),2014100020013A61329,英语课,3,,32,"4-18周,4-18周",0,"夏慧珺,孟蕊","4-18周 周三 第3节-第4节 仙Ⅱ-422,4-18周 周五 第3节-第4节 仙Ⅱ-422",4.0,大学外语部,否,理论类课程,"周五,周三",2014-2015-1,,2014100020013A61329,2014电子科学与工程学院电子信息类,0,仙林校区,2014-2015学年 第1学期,61329,"仙Ⅱ-422,仙Ⅱ-422",0.0,否,,1,64,02,0,0,大学英语（第三层次A),12,"第3节-第4节,第3节-第4节",仙II区,00020013A
64.0,400330,大学英语（第三层次A)(20141-00020013A-56),2014100020013A61330,英语课,3,,32,"4-18周,4-18周",0,"王颖,乔丽婷","4-18周 周三 第3节-第4节 逸B-507,4-18周 周五 第3节-第4节 逸B-507",4.0,大学外语部,否,理论类课程,"周三,周五",2014-2015-1,,2014100020013A61330,2014电子科学与工程学院电子信息类,0,仙林校区,2014-2015学年 第1学期,61330,"逸B-507,逸B-507",0.0,否,,1,64,02,0,0,大学英语（第三层次A),16,"第3节-第4节,第3节-第4节",逸夫楼B区,00020013A
48.0,400151,大学计算机信息技术（一）(20141-00030011-1),201410003001158799,计算机,3,,133,"4-18周,4-18周",0,黄强,"4-18周 周二 第3节-第4节 逸B-212,4-18周 周四 第3节-第4节 逸B-212",3.0,大学计算机基础教学部,否,理论类课程,"周二,周四",2014-2015-1,,201410003001158799,,0,仙林校区,2014-2015学年 第1学期,58799,"逸B-212,逸B-212",0.0,否,,1,64,03,0,0,大学计算机信息技术（一）,16,"第3节-第4节,第3节-第4节",逸夫楼B区,00030011
32.0,400151,大学计算机信息技术（二）(20141-00030012-1),201410003001258785,计算机,3,,194,"4-18周,5-17周(单)",0,黄强,"4-18周 周二 第1节-第2节 逸A-117,5-17周(单) 周四 第1节-第2节 逸A-117",2.0,大学计算机基础教学部,否,理论类课程,"周二,周四",2014-2015-1,,201410003001258785,"2014新闻传播学院新闻传播学类,2014海外教育学院汉语国际教育",0,仙林校区,2014-2015学年 第1学期,58785,"逸A-117,逸A-117",0.0,否,,1,48,03,0,0,大学计算机信息技术（二）,15,"第1节-第2节,第1节-第2节",逸夫楼A区,00030012
32.0,400151,大学计算机信息技术（二）(20141-00030012-2),201410003001258786,计算机,3,,94,"4-18周,5-17周(单)",0,陶烨,"4-18周 周二 第3节-第4节 仙Ⅱ-213,5-17周(单) 周三 第3节-第4节 仙Ⅱ-213",2.0,大学计算机基础教学部,否,理论类课程,"周二,周三",2014-2015-1,,201410003001258786,,0,仙林校区,2014-2015学年 第1学期,58786,"仙Ⅱ-213,仙Ⅱ-213",0.0,否,,1,48,03,0,0,大学计算机信息技术（二）,12,"第3节-第4节,第3节-第4节",仙II区,00030012
32.0,400151,大学计算机信息技术（二）(20141-00030012-3),201410003001258787,计算机,3,,46,"4-18周,5-17周(单)",0,张莉,"4-18周 周三 第3节-第4节 逸B-209,5-17周(单) 周四 第3节-第4节 逸B-209",2.0,大学计算机基础教学部,否,理论类课程,"周三,周四",2014-2015-1,,201410003001258787,2014天文与空间科学学院天文学,0,仙林校区,2014-2015学年 第1学期,58787,"逸B-209,逸B-209",0.0,否,,1,48,03,0,0,大学计算机信息技术（二）,16,"第3节-第4节,第3节-第4节",逸夫楼B区,00030012
32.0,400151,大学计算机信息技术（二）(20141-00030012-4),201410003001258788,计算机,3,,68,"4-18周(双),4-18周",0,潘亦,"4-18周 周三 第3节-第4节 仙Ⅱ-212,4-18周(双) 周二 第3节-第4节 仙Ⅱ-212",2.0,大学计算机基础教学部,否,理论类课程,"周二,周三",2014-2015-1,,201410003001258788,"2014建筑与城市规划学院建筑学,2014建筑与城市规划学院城乡规划",0,仙林校区,2014-2015学年 第1学期,58788,"仙Ⅱ-212,仙Ⅱ-212",0.0,否,,1,48,03,0,0,大学计算机信息技术（二）,12,"第3节-第4节,第3节-第4节",仙II区,00030012
32.0,400151,大学计算机信息技术（二）(20141-00030012-5),201410003001258789,计算机,3,,117,"5-17周(单),4-18周",0,张萍,"5-17周(单) 周四 第1节-第2节 仙Ⅱ-503,4-18周 周五 第3节-第4节 仙Ⅱ-503",2.0,大学计算机基础教学部,否,理论类课程,"周四,周五",2014-2015-1,,201410003001258789,2014法学院法学,0,仙林校区,2014-2015学年 第1学期,58789,"仙Ⅱ-503,仙Ⅱ-503",0.0,否,,1,48,03,0,0,大学计算机信息技术（二）,12,"第1节-第2节,第3节-第4节",仙II区,00030012
32.0,400151,大学计算机信息技术（二）(20141-00030012-6),201410003001258790,计算机,3,,123,"4-18周,4-18周(双)",0,张萍,"4-18周(双) 周四 第1节-第2节 仙Ⅱ-503,4-18周 周二 第3节-第4节 仙Ⅱ-503",2.0,大学计算机基础教学部,否,理论类课程,"周二,周四",2014-2015-1,,201410003001258790,,0,仙林校区,2014-2015学年 第1学期,58790,"仙Ⅱ-503,仙Ⅱ-503",0.0,否,,1,48,03,0,0,大学计算机信息技术（二）,12,"第3节-第4节,第1节-第2节",仙II区,00030012
32.0,400151,大学计算机信息技术（二）(20141-00030012-7),201410003001258791,计算机,3,,95,"4-18周,5-17周(单)",0,潘亦,"5-17周(单) 周四 第1节-第2节 仙Ⅱ-504,4-18周 周二 第5节-第6节 仙Ⅱ-504",2.0,大学计算机基础教学部,否,理论类课程,"周二,周四",2014-2015-1,,201410003001258791,,0,仙林校区,2014-2015学年 第1学期,58791,"仙Ⅱ-504,仙Ⅱ-504",0.0,否,,1,48,03,0,0,大学计算机信息技术（二）,12,"第5节-第6节,第1节-第2节",仙II区,00030012
32.0,400151,大学计算机信息技术（二）(20141-00030012-8),201410003001258792,计算机,3,,126,"4-18周(双),4-18周",0,黄达明,"4-18周(双) 周二 第3节-第4节 仙Ⅱ-504,4-18周 周五 第5节-第6节 仙Ⅱ-504",2.0,大学计算机基础教学部,否,理论类课程,"周二,周五",2014-2015-1,,201410003001258792,,0,仙林校区,2014-2015学年 第1学期,58792,"仙Ⅱ-504,仙Ⅱ-504",0.0,否,,1,48,03,0,0,大学计算机信息技术（二）,12,"第3节-第4节,第5节-第6节",仙II区,00030012
32.0,400151,大学计算机信息技术（二）(20141-00030012-9),201410003001258793,计算机,3,,143,"5-17周(单),4-18周",0,黄达明,"4-18周 周五 第3节-第4节 仙Ⅰ-320,5-17周(单) 周二 第3节-第4节 仙Ⅰ-320",2.0,大学计算机基础教学部,否,理论类课程,"周二,周五",2014-2015-1,,201410003001258793,2014现代工程与应用科学学院材料类,0,仙林校区,2014-2015学年 第1学期,58793,"仙Ⅰ-320,仙Ⅰ-320",0.0,否,,1,48,03,0,0,大学计算机信息技术（二）,11,"第3节-第4节,第3节-第4节",仙I区,00030012
32.0,400151,大学计算机信息技术（二）(20141-00030012-10),201410003001258794,计算机,3,,100,"5-17周(单),4-18周",0,潘亦,"5-17周(单) 周二 第3节-第4节 仙Ⅱ-504,4-18周 周三 第5节-第6节 仙Ⅱ-504",2.0,大学计算机基础教学部,否,理论类课程,"周二,周三",2014-2015-1,,201410003001258794,2014地球科学与工程学院地质学,0,仙林校区,2014-2015学年 第1学期,58794,"仙Ⅱ-504,仙Ⅱ-504",0.0,否,,1,48,03,0,0,大学计算机信息技术（二）,12,"第3节-第4节,第5节-第6节",仙II区,00030012
32.0,400151,大学计算机信息技术（二）(20141-00030012-11),201410003001258795,计算机,3,,108,"4-18周,5-17周(单)",0,金莹,"4-18周 周三 第5节-第6节 逸B-104,5-17周(单) 周四 第7节-第8节 逸B-104",2.0,大学计算机基础教学部,否,理论类课程,"周三,周四",2014-2015-1,,201410003001258795,2014商学院工商管理类,0,仙林校区,2014-2015学年 第1学期,58795,"逸B-104,逸B-104",0.0,否,,1,48,03,0,0,大学计算机信息技术（二）,16,"第5节-第6节,第7节-第8节",逸夫楼B区,00030012
32.0,400151,大学计算机信息技术（二）(20141-00030012-12),201410003001258796,计算机,3,,98,"4-18周,5-17周(单)",0,张莉,"4-18周 周三 第5节-第6节 逸B-205,5-17周(单) 周四 第7节-第8节 逸B-205",2.0,大学计算机基础教学部,否,理论类课程,"周三,周四",2014-2015-1,,201410003001258796,2014商学院工商管理类,0,仙林校区,2014-2015学年 第1学期,58796,"逸B-205,逸B-205",0.0,否,,1,48,03,0,0,大学计算机信息技术（二）,16,"第5节-第6节,第7节-第8节",逸夫楼B区,00030012
32.0,400151,大学计算机信息技术（二）(20141-00030012-13),201410003001258797,计算机,3,,137,"4-18周,5-17周(单)",0,黄达明,"4-18周 周二 第1节-第2节 仙Ⅱ-403,5-17周(单) 周五 第1节-第2节 仙Ⅱ-403",2.0,大学计算机基础教学部,否,理论类课程,"周二,周五",2014-2015-1,,201410003001258797,2014商学院经济学类,0,仙林校区,2014-2015学年 第1学期,58797,"仙Ⅱ-403,仙Ⅱ-403",0.0,否,,1,48,03,0,0,大学计算机信息技术（二）,12,"第1节-第2节,第1节-第2节",仙II区,00030012
32.0,400151,大学计算机信息技术（二）(20141-00030012-14),201410003001258798,计算机,3,,121,"5-17周(单),4-18周",0,张萍,"4-18周 周二 第1节-第2节 仙Ⅱ-303,5-17周(单) 周五 第1节-第2节 仙Ⅱ-303",2.0,大学计算机基础教学部,否,理论类课程,"周五,周二",2014-2015-1,,201410003001258798,2014商学院经济学类,0,仙林校区,2014-2015学年 第1学期,58798,"仙Ⅱ-303,仙Ⅱ-303",0.0,否,,1,48,03,0,0,大学计算机信息技术（二）,12,"第1节-第2节,第1节-第2节",仙II区,00030012
32.0,400151,大学计算机应用（一）(20141-00030021-1),201410003002158800,计算机,3,,152,4-18周,0,张洁,4-18周 周三 第5节-第6节 ,2.0,大学计算机基础教学部,否,理论类课程,周三,2014-2015-1,,201410003002158800,2014现代工程与应用科学学院材料类,0,仙林校区,2014-2015学年 第1学期,58800,基础实验楼乙109、110,0.0,否,,1,32,03,0,0,大学计算机应用（一）,,第5节-第6节,,00030021
32.0,400151,大学计算机应用（一）(20141-00030021-2),201410003002158801,计算机,3,,114,4-18周,0,陶烨,4-18周 周二 第7节-第8节 ,2.0,大学计算机基础教学部,否,理论类课程,周二,2014-2015-1,,201410003002158801,,0,仙林校区,2014-2015学年 第1学期,58801,基础实验楼乙110,0.0,否,,1,32,03,0,0,大学计算机应用（一）,,第7节-第8节,,00030021
32.0,400151,大学计算机应用（一）(20141-00030021-3),201410003002158802,计算机,3,,34,4-18周,0,张洁,4-18周 周二 第7节-第8节 ,2.0,大学计算机基础教学部,否,理论类课程,周二,2014-2015-1,,201410003002158802,2014海外教育学院汉语国际教育,0,仙林校区,2014-2015学年 第1学期,58802,基础实验楼乙113,0.0,否,,1,32,03,0,0,大学计算机应用（一）,,第7节-第8节,,00030021
32.0,400151,大学计算机应用（一）(20141-00030021-4),201410003002158803,计算机,3,,117,4-18周,0,陶烨,4-18周 周四 第3节-第4节 ,2.0,大学计算机基础教学部,否,理论类课程,周四,2014-2015-1,,201410003002158803,2014法学院法学,0,仙林校区,2014-2015学年 第1学期,58803,基础实验楼乙109、110,0.0,否,,1,32,03,0,0,大学计算机应用（一）,,第3节-第4节,,00030021
32.0,400151,大学计算机应用（一）(20141-00030021-5),201410003002158804,计算机,3,,118,4-18周,0,陶烨,4-18周 周二 第5节-第6节 ,2.0,大学计算机基础教学部,否,理论类课程,周二,2014-2015-1,,201410003002158804,,0,仙林校区,2014-2015学年 第1学期,58804,基础实验楼乙107、109,0.0,否,,1,32,03,0,0,大学计算机应用（一）,,第5节-第6节,,00030021
32.0,400151,大学计算机应用（一）(20141-00030021-6),201410003002158805,计算机,3,,138,4-18周,0,张洁,4-18周 周二 第5节-第6节 ,2.0,大学计算机基础教学部,否,理论类课程,周二,2014-2015-1,,201410003002158805,,0,仙林校区,2014-2015学年 第1学期,58805,基础实验楼乙110、113,0.0,否,,1,32,03,0,0,大学计算机应用（一）,,第5节-第6节,,00030021
32.0,400151,大学计算机应用（一）(20141-00030021-7),201410003002158806,计算机,3,,138,4-18周,0,张洁,4-18周 周四 第7节-第8节 ,2.0,大学计算机基础教学部,否,理论类课程,周四,2014-2015-1,,201410003002158806,,0,仙林校区,2014-2015学年 第1学期,58806,基础实验楼乙109、110,0.0,否,,1,32,03,0,0,大学计算机应用（一）,,第7节-第8节,,00030021
32.0,400151,大学计算机应用（一）(20141-00030021-8),201410003002158807,计算机,3,,141,4-18周,0,张洁,4-18周 周三 第3节-第4节 ,2.0,大学计算机基础教学部,否,理论类课程,周三,2014-2015-1,,201410003002158807,2014新闻传播学院新闻传播学类,0,仙林校区,2014-2015学年 第1学期,58807,基础实验楼乙109、110,0.0,否,,1,32,03,0,0,大学计算机应用（一）,,第3节-第4节,,00030021
32.0,400151,大学计算机应用（一）(20141-00030021-9),201410003002158808,计算机,3,,52,4-18周,0,张莉,4-18周 周三 第7节-第8节 ,2.0,大学计算机基础教学部,否,理论类课程,周三,2014-2015-1,,201410003002158808,2014天文与空间科学学院天文学,0,仙林校区,2014-2015学年 第1学期,58808,基础实验楼乙113,0.0,否,,1,32,03,0,0,大学计算机应用（一）,,第7节-第8节,,00030021
32.0,400151,大学计算机应用（一）(20141-00030021-10),201410003002158809,计算机,3,,101,4-18周,0,张洁,4-18周 周三 第7节-第8节 ,2.0,大学计算机基础教学部,否,理论类课程,周三,2014-2015-1,,201410003002158809,2014商学院工商管理类,0,仙林校区,2014-2015学年 第1学期,58809,基础实验楼乙109、110,0.0,否,,1,32,03,0,0,大学计算机应用（一）,,第7节-第8节,,00030021
32.0,400151,大学计算机应用（一）(20141-00030021-11),201410003002158810,计算机,3,,103,4-18周,0,陶烨,4-18周 周三 第7节-第8节 ,2.0,大学计算机基础教学部,否,理论类课程,周三,2014-2015-1,,201410003002158810,2014商学院工商管理类,0,仙林校区,2014-2015学年 第1学期,58810,基础实验楼乙107,0.0,否,,1,32,03,0,0,大学计算机应用（一）,,第7节-第8节,,00030021
32.0,400151,大学计算机应用（一）(20141-00030021-12),201410003002158811,计算机,3,,77,4-18周,0,金莹,4-18周 周四 第5节-第6节 ,2.0,大学计算机基础教学部,否,理论类课程,周四,2014-2015-1,,201410003002158811,2014商学院经济学类,0,仙林校区,2014-2015学年 第1学期,58811,基础实验楼乙107,0.0,否,,1,32,03,0,0,大学计算机应用（一）,,第5节-第6节,,00030021
32.0,400151,大学计算机应用（一）(20141-00030021-13),201410003002158812,计算机,3,,81,4-18周,0,张洁,4-18周 周四 第5节-第6节 ,2.0,大学计算机基础教学部,否,理论类课程,周四,2014-2015-1,,201410003002158812,2014商学院经济学类,0,仙林校区,2014-2015学年 第1学期,58812,基础实验楼乙109,0.0,否,,1,32,03,0,0,大学计算机应用（一）,,第5节-第6节,,00030021
32.0,400151,大学计算机应用（一）(20141-00030021-14),201410003002158813,计算机,3,,73,4-18周,0,陶烨,4-18周 周四 第5节-第6节 ,2.0,大学计算机基础教学部,否,理论类课程,周四,2014-2015-1,,201410003002158813,2014商学院经济学类,0,仙林校区,2014-2015学年 第1学期,58813,基础实验楼乙110,0.0,否,,1,32,03,0,0,大学计算机应用（一）,,第5节-第6节,,00030021
16.0,400340,体育(20141-00040010-1),201410004001061189,体育课,3,,0,4-18周,0,,4-18周 周一 第1节-第2节 ,1.0,体育部,否,理论类课程,周一,2014-2015-1,,201410004001061189,"2014生命科学学院生物科学类,2014工程管理学院管理科学与工程类,2014软件学院软件工程,2014计算机学院计算机科学与技术",0,仙林校区,2014-2015学年 第1学期,61189,无,0.0,否,,1,16,04,0,0,体育,,第1节-第2节,,00040010
16.0,400340,体育(20141-00040010-2),201410004001061190,体育课,3,,0,4-18周,0,,4-18周 周一 第3节-第4节 ,1.0,体育部,否,理论类课程,周一,2014-2015-1,,201410004001061190,"2014地理与海洋科学学院地理科学类,2014海外教育学院汉语国际教育,2014匡亚明学院理科强化班,2014医学院口腔医学,2014医学院临床医学",0,仙林校区,2014-2015学年 第1学期,61190,无,0.0,否,,1,16,04,0,0,体育,,第3节-第4节,,00040010
16.0,400340,体育(20141-00040010-3),201410004001061191,体育课,3,,0,4-18周,0,,4-18周 周一 第5节-第6节 ,1.0,体育部,否,理论类课程,周一,2014-2015-1,,201410004001061191,"2014数学学院数学类,2014电子科学与工程学院电子信息类",0,仙林校区,2014-2015学年 第1学期,61191,无,0.0,否,,1,16,04,0,0,体育,,第5节-第6节,,00040010
16.0,400340,体育(20141-00040010-4),201410004001061192,体育课,3,,0,4-18周,0,,4-18周 周三 第1节-第2节 ,1.0,体育部,否,理论类课程,周三,2014-2015-1,,201410004001061192,"2014文学院汉语言文学,2014建筑与城市规划学院城乡规划,2014建筑与城市规划学院建筑学,2014新闻传播学院新闻传播学类,2014哲学学院哲学,2014法学院法学,2014文学院戏剧影视文学",0,仙林校区,2014-2015学年 第1学期,61192,无,0.0,否,,1,16,04,0,0,体育,,第1节-第2节,,00040010
16.0,400340,体育(20141-00040010-5),201410004001061193,体育课,3,,0,4-18周,0,,4-18周 周三 第3节-第4节 ,1.0,体育部,否,理论类课程,周三,2014-2015-1,,201410004001061193,"2014商学院经济学类,2014现代工程与应用科学学院材料类,2014商学院工商管理类",0,仙林校区,2014-2015学年 第1学期,61193,无,0.0,否,,1,16,04,0,0,体育,,第3节-第4节,,00040010
16.0,400340,体育(20141-00040010-6),201410004001061194,体育课,3,,0,4-18周,0,,4-18周 周三 第5节-第6节 ,1.0,体育部,否,理论类课程,周三,2014-2015-1,,201410004001061194,"2014历史学院历史学类,2014外国语学院朝鲜语,2014外国语学院西班牙语,2014外国语学院德语,2014外国语学院法语,2014外国语学院日语,2014外国语学院俄语,2014外国语学院英语,2014信息管理学院信息管理与信息系统",0,仙林校区,2014-2015学年 第1学期,61194,无,0.0,否,,1,16,04,0,0,体育,,第5节-第6节,,00040010
16.0,400340,体育（一）篮  球1,2014100040010A58818,体育课,3,,35,4-18周,0,翟一飞,4-18周 周一 第1节-第2节 ,1.0,体育部,否,实践类课程,周一,2014-2015-1,,2014100040010A58818,"2014生命科学学院生物科学类,2014工程管理学院电气信息类,2014工程管理学院金融工程,2014工程管理学院工业工程,2014工程管理学院自动化,2014工程管理学院管理科学与工程类,2014软件学院软件工程,2014计算机学院计算机科学与技术",0,仙林校区,2014-2015学年 第1学期,58818,无,0.0,否,,3,2,04,30,0,体育（一）,,第1节-第2节,,00040010A
16.0,400340,体育（一）篮  球5,2014100040010A58819,体育课,3,,28,4-18周,0,翟一飞,4-18周 周一 第3节-第4节 ,1.0,体育部,否,实践类课程,周一,2014-2015-1,,2014100040010A58819,"2014物理学院物理学（拔尖计划）,2014海外教育学院汉语国际教育,2014海外教育学院汉语言,2014匡亚明学院理科强化班,2014医学院口腔医学,2014医学院临床医学,2014计算机学院计算机科学与技术（拔尖计划）,2014天文与空间科学学院天文学（拔尖计划）,2014天文与空间科学学院空间科学与技术,2014天文与空间科学学院天文学,2014环境学院环境科学（环规）,2014环境学院环境科学（环生）,2014环境学院环境科学（环化）,2014环境学院环境工程,2014地理与海洋科学学院自然地理与资源环境,2014地理与海洋科学学院地理信息科学,2014地理与海洋科学学院海洋科学,2014地理与海洋科学学院地理科学,2014地理与海洋科学学院地理科学类",0,仙林校区,2014-2015学年 第1学期,58819,无,0.0,否,,3,2,04,30,0,体育（一）,,第3节-第4节,,00040010A
16.0,400340,体育（一）篮  球8,2014100040010A58820,体育课,3,,31,4-18周,0,翟一飞,4-18周 周一 第5节-第6节 ,1.0,体育部,否,实践类课程,周一,2014-2015-1,,2014100040010A58820,"2014社会学院社会学,2014电子科学与工程学院微电子科学与工程,2014电子科学与工程学院生物医学工程,2014电子科学与工程学院通信工程,2014电子科学与工程学院电子信息科学与技术,2014电子科学与工程学院电子信息类,2014大气科学学院应用气象学,2014大气科学学院大气科学,2014地球科学与工程学院地下水科学与工程,2014地球科学与工程学院水文与水资源工程,2014地球科学与工程学院地球化学,2014地球科学与工程学院地质学,2014数学学院应用模块,2014数学学院统计学,2014数学学院信息与计算科学,2014数学学院数学与应用数学,2014数学学院数学类,2014社会学院应用心理学,2014社会学院社会工作",0,仙林校区,2014-2015学年 第1学期,58820,无,0.0,否,,3,2,04,30,0,体育（一）,,第5节-第6节,,00040010A
16.0,400340,体育（一）游  泳4,2014100040010A58821,体育课,3,,34,4-18周,0,李海军,4-18周 周三 第1节-第2节 ,1.0,体育部,否,实践类课程,周三,2014-2015-1,,2014100040010A58821,"2014文学院汉语言文学,2014建筑与城市规划学院城乡规划,2014建筑与城市规划学院建筑学,2014物理学院声学,2014物理学院物理学,2014新闻传播学院广告学,2014新闻传播学院新闻学,2014新闻传播学院新闻传播学类,2014哲学学院哲学,2014法学院法学,2014文学院戏剧影视文学",0,仙林校区,2014-2015学年 第1学期,58821,无,0.0,否,,3,2,04,30,0,体育（一）,,第1节-第2节,,00040010A
16.0,400340,体育（一）篮  球15,2014100040010A58822,体育课,3,,27,4-18周,0,陈刚,4-18周 周三 第3节-第4节 ,1.0,体育部,否,实践类课程,周三,2014-2015-1,,2014100040010A58822,"2014商学院经济学类,2014现代工程与应用科学学院生物医学工程,2014现代工程与应用科学学院新能源科学与工程,2014现代工程与应用科学学院光电信息科学与工程,2014现代工程与应用科学学院材料化学,2014现代工程与应用科学学院材料物理,2014现代工程与应用科学学院材料类,2014商学院经济学（产业经济方向）,2014商学院金融工程,2014商学院保险学,2014商学院工商管理（人力资源管理方向）,2014商学院工商管理类,2014商学院市场营销,2014商学院电子商务,2014商学院金融学,2014商学院财务管理,2014商学院会计学,2014商学院工商管理,2014商学院国际经济与贸易,2014商学院经济学",0,仙林校区,2014-2015学年 第1学期,58822,无,0.0,否,,3,2,04,30,0,体育（一）,,第3节-第4节,,00040010A
16.0,400340,体育（一）篮  球18,2014100040010A58823,体育课,3,,30,4-18周,0,陈刚,4-18周 周三 第5节-第6节 ,1.0,体育部,否,实践类课程,周三,2014-2015-1,,2014100040010A58823,"2014历史学院历史学类,2014化学学院应用化学,2014化学学院化学,2014外国语学院朝鲜语,2014外国语学院西班牙语,2014外国语学院德语,2014外国语学院法语,2014外国语学院日语,2014外国语学院俄语,2014外国语学院英语,2014信息管理学院编辑出版学,2014信息管理学院档案学,2014信息管理学院信息管理与信息系统,2014政府管理学院劳动与社会保障,2014政府管理学院国际政治,2014政府管理学院行政管理,2014政府管理学院政治学与行政学,2014历史学院考古学（文物鉴定方向）,2014历史学院考古学,2014历史学院历史学",0,仙林校区,2014-2015学年 第1学期,58823,无,0.0,否,,3,2,04,30,0,体育（一）,,第5节-第6节,,00040010A
16.0,400340,体育（一）乒乓球1,2014100040010A60569,体育课,3,,37,4-18周,0,冯晓雨,4-18周 周一 第1节-第2节 ,1.0,体育部,否,实践类课程,周一,2014-2015-1,,2014100040010A60569,"2014生命科学学院生物科学类,2014工程管理学院电气信息类,2014工程管理学院金融工程,2014工程管理学院工业工程,2014工程管理学院自动化,2014工程管理学院管理科学与工程类,2014软件学院软件工程,2014计算机学院计算机科学与技术",0,仙林校区,2014-2015学年 第1学期,60569,无,0.0,否,,3,2,04,30,0,体育（一）,,第1节-第2节,,00040010A
16.0,400340,体育（一）跆拳道1,2014100040010A61087,体育课,3,,34,4-18周,0,李文龙,4-18周 周一 第1节-第2节 ,1.0,体育部,否,实践类课程,周一,2014-2015-1,,2014100040010A61087,"2014生命科学学院生物科学类,2014工程管理学院电气信息类,2014工程管理学院金融工程,2014工程管理学院工业工程,2014工程管理学院自动化,2014工程管理学院管理科学与工程类,2014软件学院软件工程,2014计算机学院计算机科学与技术",0,仙林校区,2014-2015学年 第1学期,61087,无,0.0,否,,3,2,04,30,0,体育（一）,,第1节-第2节,,00040010A
16.0,400340,体育（一）太极拳1,2014100040010A61088,体育课,3,,34,4-18周,0,吕艳玲,4-18周 周一 第1节-第2节 ,1.0,体育部,否,实践类课程,周一,2014-2015-1,,2014100040010A61088,"2014生命科学学院生物科学类,2014工程管理学院电气信息类,2014工程管理学院金融工程,2014工程管理学院工业工程,2014工程管理学院自动化,2014工程管理学院管理科学与工程类,2014软件学院软件工程,2014计算机学院计算机科学与技术",0,仙林校区,2014-2015学年 第1学期,61088,无,0.0,否,,3,2,04,30,0,体育（一）,,第1节-第2节,,00040010A
16.0,400340,体育（一）毽  球1,2014100040010A61089,体育课,3,,32,4-18周,0,周梅芳,4-18周 周一 第1节-第2节 ,1.0,体育部,否,实践类课程,周一,2014-2015-1,,2014100040010A61089,"2014生命科学学院生物科学类,2014工程管理学院电气信息类,2014工程管理学院金融工程,2014工程管理学院工业工程,2014工程管理学院自动化,2014工程管理学院管理科学与工程类,2014软件学院软件工程,2014计算机学院计算机科学与技术",0,仙林校区,2014-2015学年 第1学期,61089,无,0.0,否,,3,2,04,30,0,体育（一）,,第1节-第2节,,00040010A
16.0,400340,体育（一）篮  球2,2014100040010A61090,体育课,3,,35,4-18周,0,陈刚,4-18周 周一 第1节-第2节 ,1.0,体育部,否,实践类课程,周一,2014-2015-1,,2014100040010A61090,"2014生命科学学院生物科学类,2014工程管理学院电气信息类,2014工程管理学院金融工程,2014工程管理学院工业工程,2014工程管理学院自动化,2014工程管理学院管理科学与工程类,2014软件学院软件工程,2014计算机学院计算机科学与技术",0,仙林校区,2014-2015学年 第1学期,61090,无,0.0,否,,3,2,04,30,0,体育（一）,,第1节-第2节,,00040010A
16.0,400340,体育（一）篮  球3,2014100040010A61091,体育课,3,,34,4-18周,0,罗卫民,4-18周 周一 第1节-第2节 ,1.0,体育部,否,实践类课程,周一,2014-2015-1,,2014100040010A61091,"2014生命科学学院生物科学类,2014工程管理学院电气信息类,2014工程管理学院金融工程,2014工程管理学院工业工程,2014工程管理学院自动化,2014工程管理学院管理科学与工程类,2014软件学院软件工程,2014计算机学院计算机科学与技术",0,仙林校区,2014-2015学年 第1学期,61091,无,0.0,否,,3,2,04,30,0,体育（一）,,第1节-第2节,,00040010A
16.0,400340,体育（一）排  球1,2014100040010A61092,体育课,3,,32,4-18周,0,陈朝辉,4-18周 周一 第1节-第2节 ,1.0,体育部,否,实践类课程,周一,2014-2015-1,,2014100040010A61092,"2014生命科学学院生物科学类,2014工程管理学院电气信息类,2014工程管理学院金融工程,2014工程管理学院工业工程,2014工程管理学院自动化,2014工程管理学院管理科学与工程类,2014软件学院软件工程,2014计算机学院计算机科学与技术",0,仙林校区,2014-2015学年 第1学期,61092,无,0.0,否,,3,2,04,30,0,体育（一）,,第1节-第2节,,00040010A
16.0,400340,体育（一）排  球2,2014100040010A61093,体育课,3,,33,4-18周,0,王喆,4-18周 周一 第1节-第2节 ,1.0,体育部,否,实践类课程,周一,2014-2015-1,,2014100040010A61093,"2014生命科学学院生物科学类,2014工程管理学院电气信息类,2014工程管理学院金融工程,2014工程管理学院工业工程,2014工程管理学院自动化,2014工程管理学院管理科学与工程类,2014软件学院软件工程,2014计算机学院计算机科学与技术",0,仙林校区,2014-2015学年 第1学期,61093,无,0.0,否,,3,2,04,30,0,体育（一）,,第1节-第2节,,00040010A
16.0,400340,体育（一）足  球1,2014100040010A61094,体育课,3,,34,4-18周,0,程涛,4-18周 周一 第1节-第2节 ,1.0,体育部,否,实践类课程,周一,2014-2015-1,,2014100040010A61094,"2014生命科学学院生物科学类,2014工程管理学院电气信息类,2014工程管理学院金融工程,2014工程管理学院工业工程,2014工程管理学院自动化,2014工程管理学院管理科学与工程类,2014软件学院软件工程,2014计算机学院计算机科学与技术",0,仙林校区,2014-2015学年 第1学期,61094,无,0.0,否,,3,2,04,30,0,体育（一）,,第1节-第2节,,00040010A
16.0,400340,体育（一）足  球2,2014100040010A61095,体育课,3,,30,4-18周,0,夏军,4-18周 周一 第1节-第2节 ,1.0,体育部,否,实践类课程,周一,2014-2015-1,,2014100040010A61095,"2014生命科学学院生物科学类,2014工程管理学院电气信息类,2014工程管理学院金融工程,2014工程管理学院工业工程,2014工程管理学院自动化,2014工程管理学院管理科学与工程类,2014软件学院软件工程,2014计算机学院计算机科学与技术",0,仙林校区,2014-2015学年 第1学期,61095,无,0.0,否,,3,2,04,30,0,体育（一）,,第1节-第2节,,00040010A
16.0,400340,体育（一）游  泳1,2014100040010A61096,体育课,3,,34,4-18周,0,李海军,4-18周 周一 第1节-第2节 ,1.0,体育部,否,实践类课程,周一,2014-2015-1,,2014100040010A61096,"2014生命科学学院生物科学类,2014工程管理学院电气信息类,2014工程管理学院金融工程,2014工程管理学院工业工程,2014工程管理学院自动化,2014工程管理学院管理科学与工程类,2014软件学院软件工程,2014计算机学院计算机科学与技术",0,仙林校区,2014-2015学年 第1学期,61096,无,0.0,否,,3,2,04,30,0,体育（一）,,第1节-第2节,,00040010A
16.0,400340,体育（一）羽毛球1,2014100040010A61097,体育课,3,,32,4-18周,0,邵力平,4-18周 周一 第1节-第2节 ,1.0,体育部,否,实践类课程,周一,2014-2015-1,,2014100040010A61097,"2014生命科学学院生物科学类,2014工程管理学院电气信息类,2014工程管理学院金融工程,2014工程管理学院工业工程,2014工程管理学院自动化,2014工程管理学院管理科学与工程类,2014软件学院软件工程,2014计算机学院计算机科学与技术",0,仙林校区,2014-2015学年 第1学期,61097,无,0.0,否,,3,2,04,30,0,体育（一）,,第1节-第2节,,00040010A
16.0,400340,体育（一）羽毛球2,2014100040010A61098,体育课,3,,33,4-18周,0,冯晓劲,4-18周 周一 第1节-第2节 ,1.0,体育部,否,实践类课程,周一,2014-2015-1,,2014100040010A61098,"2014生命科学学院生物科学类,2014工程管理学院电气信息类,2014工程管理学院金融工程,2014工程管理学院工业工程,2014工程管理学院自动化,2014工程管理学院管理科学与工程类,2014软件学院软件工程,2014计算机学院计算机科学与技术",0,仙林校区,2014-2015学年 第1学期,61098,无,0.0,否,,3,2,04,30,0,体育（一）,,第1节-第2节,,00040010A
16.0,400340,体育（一）健美操3,2014100040010A61099,体育课,3,,33,4-18周,0,陈樨,4-18周 周一 第1节-第2节 ,1.0,体育部,否,实践类课程,周一,2014-2015-1,,2014100040010A61099,"2014生命科学学院生物科学类,2014工程管理学院电气信息类,2014工程管理学院金融工程,2014工程管理学院工业工程,2014工程管理学院自动化,2014工程管理学院管理科学与工程类,2014软件学院软件工程,2014计算机学院计算机科学与技术",0,仙林校区,2014-2015学年 第1学期,61099,无,0.0,否,,3,2,04,30,0,体育（一）,,第1节-第2节,,00040010A
16.0,400340,体育（一）健美操2,2014100040010A61100,体育课,3,,33,4-18周,0,谭琳,4-18周 周一 第1节-第2节 ,1.0,体育部,否,实践类课程,周一,2014-2015-1,,2014100040010A61100,"2014生命科学学院生物科学类,2014工程管理学院电气信息类,2014工程管理学院金融工程,2014工程管理学院工业工程,2014工程管理学院自动化,2014工程管理学院管理科学与工程类,2014软件学院软件工程,2014计算机学院计算机科学与技术",0,仙林校区,2014-2015学年 第1学期,61100,无,0.0,否,,3,2,04,30,0,体育（一）,,第1节-第2节,,00040010A
16.0,400340,体育（一）健美操1,2014100040010A61101,体育课,3,,32,4-18周,0,姜艳,4-18周 周一 第1节-第2节 ,1.0,体育部,否,实践类课程,周一,2014-2015-1,,2014100040010A61101,"2014生命科学学院生物科学类,2014工程管理学院电气信息类,2014工程管理学院金融工程,2014工程管理学院工业工程,2014工程管理学院自动化,2014工程管理学院管理科学与工程类,2014软件学院软件工程,2014计算机学院计算机科学与技术",0,仙林校区,2014-2015学年 第1学期,61101,无,0.0,否,,3,2,04,30,0,体育（一）,,第1节-第2节,,00040010A
16.0,400340,体育（一）篮  球4,2014100040010A61102,体育课,3,,23,4-18周,0,肖鹏,4-18周 周一 第1节-第2节 ,1.0,体育部,否,实践类课程,周一,2014-2015-1,,2014100040010A61102,"2014生命科学学院生物科学类,2014工程管理学院电气信息类,2014工程管理学院金融工程,2014工程管理学院工业工程,2014工程管理学院自动化,2014工程管理学院管理科学与工程类,2014软件学院软件工程,2014计算机学院计算机科学与技术",0,仙林校区,2014-2015学年 第1学期,61102,无,0.0,否,,3,2,04,30,0,体育（一）,,第1节-第2节,,00040010A
16.0,400340,体育（一）篮  球6,2014100040010A61103,体育课,3,,27,4-18周,0,陈刚,4-18周 周一 第3节-第4节 ,1.0,体育部,否,实践类课程,周一,2014-2015-1,,2014100040010A61103,"2014物理学院物理学（拔尖计划）,2014海外教育学院汉语国际教育,2014海外教育学院汉语言,2014匡亚明学院理科强化班,2014医学院口腔医学,2014医学院临床医学,2014计算机学院计算机科学与技术（拔尖计划）,2014天文与空间科学学院天文学（拔尖计划）,2014天文与空间科学学院空间科学与技术,2014天文与空间科学学院天文学,2014环境学院环境科学（环规）,2014环境学院环境科学（环生）,2014环境学院环境科学（环化）,2014环境学院环境工程,2014地理与海洋科学学院自然地理与资源环境,2014地理与海洋科学学院地理信息科学,2014地理与海洋科学学院海洋科学,2014地理与海洋科学学院地理科学,2014地理与海洋科学学院地理科学类",0,仙林校区,2014-2015学年 第1学期,61103,无,0.0,否,,3,2,04,30,0,体育（一）,,第3节-第4节,,00040010A
16.0,400340,体育（一）排  球3,2014100040010A61104,体育课,3,,28,4-18周,0,王喆,4-18周 周一 第3节-第4节 ,1.0,体育部,否,实践类课程,周一,2014-2015-1,,2014100040010A61104,"2014物理学院物理学（拔尖计划）,2014海外教育学院汉语国际教育,2014海外教育学院汉语言,2014匡亚明学院理科强化班,2014医学院口腔医学,2014医学院临床医学,2014计算机学院计算机科学与技术（拔尖计划）,2014天文与空间科学学院天文学（拔尖计划）,2014天文与空间科学学院空间科学与技术,2014天文与空间科学学院天文学,2014环境学院环境科学（环规）,2014环境学院环境科学（环生）,2014环境学院环境科学（环化）,2014环境学院环境工程,2014地理与海洋科学学院自然地理与资源环境,2014地理与海洋科学学院地理信息科学,2014地理与海洋科学学院海洋科学,2014地理与海洋科学学院地理科学,2014地理与海洋科学学院地理科学类",0,仙林校区,2014-2015学年 第1学期,61104,无,0.0,否,,3,2,04,30,0,体育（一）,,第3节-第4节,,00040010A
16.0,400340,体育（一）排  球4,2014100040010A61105,体育课,3,,20,4-18周,0,陈朝辉,4-18周 周一 第3节-第4节 ,1.0,体育部,否,实践类课程,周一,2014-2015-1,,2014100040010A61105,"2014物理学院物理学（拔尖计划）,2014海外教育学院汉语国际教育,2014海外教育学院汉语言,2014匡亚明学院理科强化班,2014医学院口腔医学,2014医学院临床医学,2014计算机学院计算机科学与技术（拔尖计划）,2014天文与空间科学学院天文学（拔尖计划）,2014天文与空间科学学院空间科学与技术,2014天文与空间科学学院天文学,2014环境学院环境科学（环规）,2014环境学院环境科学（环生）,2014环境学院环境科学（环化）,2014环境学院环境工程,2014地理与海洋科学学院自然地理与资源环境,2014地理与海洋科学学院地理信息科学,2014地理与海洋科学学院海洋科学,2014地理与海洋科学学院地理科学,2014地理与海洋科学学院地理科学类",0,仙林校区,2014-2015学年 第1学期,61105,无,0.0,否,,3,2,04,30,0,体育（一）,,第3节-第4节,,00040010A
16.0,400340,体育（一）足  球3,2014100040010A61106,体育课,3,,28,4-18周,0,程涛,4-18周 周一 第3节-第4节 ,1.0,体育部,否,实践类课程,周一,2014-2015-1,,2014100040010A61106,"2014物理学院物理学（拔尖计划）,2014海外教育学院汉语国际教育,2014海外教育学院汉语言,2014匡亚明学院理科强化班,2014医学院口腔医学,2014医学院临床医学,2014计算机学院计算机科学与技术（拔尖计划）,2014天文与空间科学学院天文学（拔尖计划）,2014天文与空间科学学院空间科学与技术,2014天文与空间科学学院天文学,2014环境学院环境科学（环规）,2014环境学院环境科学（环生）,2014环境学院环境科学（环化）,2014环境学院环境工程,2014地理与海洋科学学院自然地理与资源环境,2014地理与海洋科学学院地理信息科学,2014地理与海洋科学学院海洋科学,2014地理与海洋科学学院地理科学,2014地理与海洋科学学院地理科学类",0,仙林校区,2014-2015学年 第1学期,61106,无,0.0,否,,3,2,04,30,0,体育（一）,,第3节-第4节,,00040010A
16.0,400340,体育（一）足  球4,2014100040010A61107,体育课,3,,28,4-18周,0,夏军,4-18周 周一 第3节-第4节 ,1.0,体育部,否,实践类课程,周一,2014-2015-1,,2014100040010A61107,"2014物理学院物理学（拔尖计划）,2014海外教育学院汉语国际教育,2014海外教育学院汉语言,2014匡亚明学院理科强化班,2014医学院口腔医学,2014医学院临床医学,2014计算机学院计算机科学与技术（拔尖计划）,2014天文与空间科学学院天文学（拔尖计划）,2014天文与空间科学学院空间科学与技术,2014天文与空间科学学院天文学,2014环境学院环境科学（环规）,2014环境学院环境科学（环生）,2014环境学院环境科学（环化）,2014环境学院环境工程,2014地理与海洋科学学院自然地理与资源环境,2014地理与海洋科学学院地理信息科学,2014地理与海洋科学学院海洋科学,2014地理与海洋科学学院地理科学,2014地理与海洋科学学院地理科学类",0,仙林校区,2014-2015学年 第1学期,61107,无,0.0,否,,3,2,04,30,0,体育（一）,,第3节-第4节,,00040010A
16.0,400340,体育（一）游  泳2,2014100040010A61108,体育课,3,,28,4-18周,0,李海军,4-18周 周一 第3节-第4节 ,1.0,体育部,否,实践类课程,周一,2014-2015-1,,2014100040010A61108,"2014物理学院物理学（拔尖计划）,2014海外教育学院汉语国际教育,2014海外教育学院汉语言,2014匡亚明学院理科强化班,2014医学院口腔医学,2014医学院临床医学,2014计算机学院计算机科学与技术（拔尖计划）,2014天文与空间科学学院天文学（拔尖计划）,2014天文与空间科学学院空间科学与技术,2014天文与空间科学学院天文学,2014环境学院环境科学（环规）,2014环境学院环境科学（环生）,2014环境学院环境科学（环化）,2014环境学院环境工程,2014地理与海洋科学学院自然地理与资源环境,2014地理与海洋科学学院地理信息科学,2014地理与海洋科学学院海洋科学,2014地理与海洋科学学院地理科学,2014地理与海洋科学学院地理科学类",0,仙林校区,2014-2015学年 第1学期,61108,无,0.0,否,,3,2,04,30,0,体育（一）,,第3节-第4节,,00040010A
16.0,400340,体育（一）羽毛球3,2014100040010A61109,体育课,3,,28,4-18周,0,邵力平,4-18周 周一 第3节-第4节 ,1.0,体育部,否,实践类课程,周一,2014-2015-1,,2014100040010A61109,"2014物理学院物理学（拔尖计划）,2014海外教育学院汉语国际教育,2014海外教育学院汉语言,2014匡亚明学院理科强化班,2014医学院口腔医学,2014医学院临床医学,2014计算机学院计算机科学与技术（拔尖计划）,2014天文与空间科学学院天文学（拔尖计划）,2014天文与空间科学学院空间科学与技术,2014天文与空间科学学院天文学,2014环境学院环境科学（环规）,2014环境学院环境科学（环生）,2014环境学院环境科学（环化）,2014环境学院环境工程,2014地理与海洋科学学院自然地理与资源环境,2014地理与海洋科学学院地理信息科学,2014地理与海洋科学学院海洋科学,2014地理与海洋科学学院地理科学,2014地理与海洋科学学院地理科学类",0,仙林校区,2014-2015学年 第1学期,61109,无,0.0,否,,3,2,04,30,0,体育（一）,,第3节-第4节,,00040010A
16.0,400340,体育（一）毽  球2,2014100040010A61110,体育课,3,,26,4-18周,0,周梅芳,4-18周 周一 第3节-第4节 ,1.0,体育部,否,实践类课程,周一,2014-2015-1,,2014100040010A61110,"2014物理学院物理学（拔尖计划）,2014海外教育学院汉语国际教育,2014海外教育学院汉语言,2014匡亚明学院理科强化班,2014医学院口腔医学,2014医学院临床医学,2014计算机学院计算机科学与技术（拔尖计划）,2014天文与空间科学学院天文学（拔尖计划）,2014天文与空间科学学院空间科学与技术,2014天文与空间科学学院天文学,2014环境学院环境科学（环规）,2014环境学院环境科学（环生）,2014环境学院环境科学（环化）,2014环境学院环境工程,2014地理与海洋科学学院自然地理与资源环境,2014地理与海洋科学学院地理信息科学,2014地理与海洋科学学院海洋科学,2014地理与海洋科学学院地理科学,2014地理与海洋科学学院地理科学类",0,仙林校区,2014-2015学年 第1学期,61110,无,0.0,否,,3,2,04,30,0,体育（一）,,第3节-第4节,,00040010A
16.0,400340,体育（一）太极拳3,2014100040010A61111,体育课,3,,29,4-18周,0,吕艳玲,4-18周 周一 第3节-第4节 ,1.0,体育部,否,实践类课程,周一,2014-2015-1,,2014100040010A61111,"2014物理学院物理学（拔尖计划）,2014海外教育学院汉语国际教育,2014海外教育学院汉语言,2014匡亚明学院理科强化班,2014医学院口腔医学,2014医学院临床医学,2014计算机学院计算机科学与技术（拔尖计划）,2014天文与空间科学学院天文学（拔尖计划）,2014天文与空间科学学院空间科学与技术,2014天文与空间科学学院天文学,2014环境学院环境科学（环规）,2014环境学院环境科学（环生）,2014环境学院环境科学（环化）,2014环境学院环境工程,2014地理与海洋科学学院自然地理与资源环境,2014地理与海洋科学学院地理信息科学,2014地理与海洋科学学院海洋科学,2014地理与海洋科学学院地理科学,2014地理与海洋科学学院地理科学类",0,仙林校区,2014-2015学年 第1学期,61111,无,0.0,否,,3,2,04,30,0,体育（一）,,第3节-第4节,,00040010A
16.0,400340,体育（一）跆拳道2,2014100040010A61112,体育课,3,,28,4-18周,0,李文龙,4-18周 周一 第3节-第4节 ,1.0,体育部,否,实践类课程,周一,2014-2015-1,,2014100040010A61112,"2014物理学院物理学（拔尖计划）,2014海外教育学院汉语国际教育,2014海外教育学院汉语言,2014匡亚明学院理科强化班,2014医学院口腔医学,2014医学院临床医学,2014计算机学院计算机科学与技术（拔尖计划）,2014天文与空间科学学院天文学（拔尖计划）,2014天文与空间科学学院空间科学与技术,2014天文与空间科学学院天文学,2014环境学院环境科学（环规）,2014环境学院环境科学（环生）,2014环境学院环境科学（环化）,2014环境学院环境工程,2014地理与海洋科学学院自然地理与资源环境,2014地理与海洋科学学院地理信息科学,2014地理与海洋科学学院海洋科学,2014地理与海洋科学学院地理科学,2014地理与海洋科学学院地理科学类",0,仙林校区,2014-2015学年 第1学期,61112,无,0.0,否,,3,2,04,30,0,体育（一）,,第3节-第4节,,00040010A
16.0,400340,体育（一）篮  球7,2014100040010A61113,体育课,3,,30,4-18周,0,肖鹏,4-18周 周一 第3节-第4节 ,1.0,体育部,否,实践类课程,周一,2014-2015-1,,2014100040010A61113,"2014物理学院物理学（拔尖计划）,2014海外教育学院汉语国际教育,2014海外教育学院汉语言,2014匡亚明学院理科强化班,2014医学院口腔医学,2014医学院临床医学,2014计算机学院计算机科学与技术（拔尖计划）,2014天文与空间科学学院天文学（拔尖计划）,2014天文与空间科学学院空间科学与技术,2014天文与空间科学学院天文学,2014环境学院环境科学（环规）,2014环境学院环境科学（环生）,2014环境学院环境科学（环化）,2014环境学院环境工程,2014地理与海洋科学学院自然地理与资源环境,2014地理与海洋科学学院地理信息科学,2014地理与海洋科学学院海洋科学,2014地理与海洋科学学院地理科学,2014地理与海洋科学学院地理科学类",0,仙林校区,2014-2015学年 第1学期,61113,无,0.0,否,,3,2,04,30,0,体育（一）,,第3节-第4节,,00040010A
16.0,400340,体育（一）排  球5,2014100040010A61114,体育课,3,,34,4-18周,0,罗卫民,4-18周 周一 第3节-第4节 ,1.0,体育部,否,实践类课程,周一,2014-2015-1,,2014100040010A61114,"2014物理学院物理学（拔尖计划）,2014海外教育学院汉语国际教育,2014海外教育学院汉语言,2014匡亚明学院理科强化班,2014医学院口腔医学,2014医学院临床医学,2014计算机学院计算机科学与技术（拔尖计划）,2014天文与空间科学学院天文学（拔尖计划）,2014天文与空间科学学院空间科学与技术,2014天文与空间科学学院天文学,2014环境学院环境科学（环规）,2014环境学院环境科学（环生）,2014环境学院环境科学（环化）,2014环境学院环境工程,2014地理与海洋科学学院自然地理与资源环境,2014地理与海洋科学学院地理信息科学,2014地理与海洋科学学院海洋科学,2014地理与海洋科学学院地理科学,2014地理与海洋科学学院地理科学类",0,仙林校区,2014-2015学年 第1学期,61114,无,0.0,否,,3,2,04,30,0,体育（一）,,第3节-第4节,,00040010A
16.0,400340,体育（一）健美操4,2014100040010A61115,体育课,3,,28,4-18周,0,姜艳,4-18周 周一 第3节-第4节 ,1.0,体育部,否,实践类课程,周一,2014-2015-1,,2014100040010A61115,"2014物理学院物理学（拔尖计划）,2014海外教育学院汉语国际教育,2014海外教育学院汉语言,2014匡亚明学院理科强化班,2014医学院口腔医学,2014医学院临床医学,2014计算机学院计算机科学与技术（拔尖计划）,2014天文与空间科学学院天文学（拔尖计划）,2014天文与空间科学学院空间科学与技术,2014天文与空间科学学院天文学,2014环境学院环境科学（环规）,2014环境学院环境科学（环生）,2014环境学院环境科学（环化）,2014环境学院环境工程,2014地理与海洋科学学院自然地理与资源环境,2014地理与海洋科学学院地理信息科学,2014地理与海洋科学学院海洋科学,2014地理与海洋科学学院地理科学,2014地理与海洋科学学院地理科学类",0,仙林校区,2014-2015学年 第1学期,61115,无,0.0,否,,3,2,04,30,0,体育（一）,,第3节-第4节,,00040010A
16.0,400340,体育（一）健美操5,2014100040010A61116,体育课,3,,27,4-18周,0,谭琳,4-18周 周一 第3节-第4节 ,1.0,体育部,否,实践类课程,周一,2014-2015-1,,2014100040010A61116,"2014物理学院物理学（拔尖计划）,2014海外教育学院汉语国际教育,2014海外教育学院汉语言,2014匡亚明学院理科强化班,2014医学院口腔医学,2014医学院临床医学,2014计算机学院计算机科学与技术（拔尖计划）,2014天文与空间科学学院天文学（拔尖计划）,2014天文与空间科学学院空间科学与技术,2014天文与空间科学学院天文学,2014环境学院环境科学（环规）,2014环境学院环境科学（环生）,2014环境学院环境科学（环化）,2014环境学院环境工程,2014地理与海洋科学学院自然地理与资源环境,2014地理与海洋科学学院地理信息科学,2014地理与海洋科学学院海洋科学,2014地理与海洋科学学院地理科学,2014地理与海洋科学学院地理科学类",0,仙林校区,2014-2015学年 第1学期,61116,无,0.0,否,,3,2,04,30,0,体育（一）,,第3节-第4节,,00040010A
16.0,400340,体育（一）健美操6,2014100040010A61117,体育课,3,,28,4-18周,0,陈樨,4-18周 周一 第3节-第4节 ,1.0,体育部,否,实践类课程,周一,2014-2015-1,,2014100040010A61117,"2014物理学院物理学（拔尖计划）,2014海外教育学院汉语国际教育,2014海外教育学院汉语言,2014匡亚明学院理科强化班,2014医学院口腔医学,2014医学院临床医学,2014计算机学院计算机科学与技术（拔尖计划）,2014天文与空间科学学院天文学（拔尖计划）,2014天文与空间科学学院空间科学与技术,2014天文与空间科学学院天文学,2014环境学院环境科学（环规）,2014环境学院环境科学（环生）,2014环境学院环境科学（环化）,2014环境学院环境工程,2014地理与海洋科学学院自然地理与资源环境,2014地理与海洋科学学院地理信息科学,2014地理与海洋科学学院海洋科学,2014地理与海洋科学学院地理科学,2014地理与海洋科学学院地理科学类",0,仙林校区,2014-2015学年 第1学期,61117,无,0.0,否,,3,2,04,30,0,体育（一）,,第3节-第4节,,00040010A
16.0,400340,体育（一）乒乓球2,2014100040010A61118,体育课,3,,27,4-18周,0,冯晓雨,4-18周 周一 第3节-第4节 ,1.0,体育部,否,实践类课程,周一,2014-2015-1,,2014100040010A61118,"2014物理学院物理学（拔尖计划）,2014海外教育学院汉语国际教育,2014海外教育学院汉语言,2014匡亚明学院理科强化班,2014医学院口腔医学,2014医学院临床医学,2014计算机学院计算机科学与技术（拔尖计划）,2014天文与空间科学学院天文学（拔尖计划）,2014天文与空间科学学院空间科学与技术,2014天文与空间科学学院天文学,2014环境学院环境科学（环规）,2014环境学院环境科学（环生）,2014环境学院环境科学（环化）,2014环境学院环境工程,2014地理与海洋科学学院自然地理与资源环境,2014地理与海洋科学学院地理信息科学,2014地理与海洋科学学院海洋科学,2014地理与海洋科学学院地理科学,2014地理与海洋科学学院地理科学类",0,仙林校区,2014-2015学年 第1学期,61118,无,0.0,否,,3,2,04,30,0,体育（一）,,第3节-第4节,,00040010A
16.0,400340,体育（一）羽毛球4,2014100040010A61119,体育课,3,,28,4-18周,0,冯晓劲,4-18周 周一 第3节-第4节 ,1.0,体育部,否,实践类课程,周一,2014-2015-1,,2014100040010A61119,"2014物理学院物理学（拔尖计划）,2014海外教育学院汉语国际教育,2014海外教育学院汉语言,2014匡亚明学院理科强化班,2014医学院口腔医学,2014医学院临床医学,2014计算机学院计算机科学与技术（拔尖计划）,2014天文与空间科学学院天文学（拔尖计划）,2014天文与空间科学学院空间科学与技术,2014天文与空间科学学院天文学,2014环境学院环境科学（环规）,2014环境学院环境科学（环生）,2014环境学院环境科学（环化）,2014环境学院环境工程,2014地理与海洋科学学院自然地理与资源环境,2014地理与海洋科学学院地理信息科学,2014地理与海洋科学学院海洋科学,2014地理与海洋科学学院地理科学,2014地理与海洋科学学院地理科学类",0,仙林校区,2014-2015学年 第1学期,61119,无,0.0,否,,3,2,04,30,0,体育（一）,,第3节-第4节,,00040010A
16.0,400340,体育（一）篮  球9,2014100040010A61120,体育课,3,,32,4-18周,0,陈刚,4-18周 周一 第5节-第6节 ,1.0,体育部,否,实践类课程,周一,2014-2015-1,,2014100040010A61120,"2014社会学院社会学,2014电子科学与工程学院微电子科学与工程,2014电子科学与工程学院生物医学工程,2014电子科学与工程学院通信工程,2014电子科学与工程学院电子信息科学与技术,2014电子科学与工程学院电子信息类,2014大气科学学院应用气象学,2014大气科学学院大气科学,2014地球科学与工程学院地下水科学与工程,2014地球科学与工程学院水文与水资源工程,2014地球科学与工程学院地球化学,2014地球科学与工程学院地质学,2014数学学院应用模块,2014数学学院统计学,2014数学学院信息与计算科学,2014数学学院数学与应用数学,2014数学学院数学类,2014社会学院应用心理学,2014社会学院社会工作",0,仙林校区,2014-2015学年 第1学期,61120,无,0.0,否,,3,2,04,30,0,体育（一）,,第5节-第6节,,00040010A
16.0,400340,体育（一）排  球6,2014100040010A61121,体育课,3,,31,4-18周,0,王喆,4-18周 周一 第5节-第6节 ,1.0,体育部,否,实践类课程,周一,2014-2015-1,,2014100040010A61121,"2014社会学院社会学,2014电子科学与工程学院微电子科学与工程,2014电子科学与工程学院生物医学工程,2014电子科学与工程学院通信工程,2014电子科学与工程学院电子信息科学与技术,2014电子科学与工程学院电子信息类,2014大气科学学院应用气象学,2014大气科学学院大气科学,2014地球科学与工程学院地下水科学与工程,2014地球科学与工程学院水文与水资源工程,2014地球科学与工程学院地球化学,2014地球科学与工程学院地质学,2014数学学院应用模块,2014数学学院统计学,2014数学学院信息与计算科学,2014数学学院数学与应用数学,2014数学学院数学类,2014社会学院应用心理学,2014社会学院社会工作",0,仙林校区,2014-2015学年 第1学期,61121,无,0.0,否,,3,2,04,30,0,体育（一）,,第5节-第6节,,00040010A
16.0,400340,体育（一）排  球7,2014100040010A61122,体育课,3,,30,4-18周,0,陈朝辉,4-18周 周一 第5节-第6节 ,1.0,体育部,否,实践类课程,周一,2014-2015-1,,2014100040010A61122,"2014社会学院社会学,2014电子科学与工程学院微电子科学与工程,2014电子科学与工程学院生物医学工程,2014电子科学与工程学院通信工程,2014电子科学与工程学院电子信息科学与技术,2014电子科学与工程学院电子信息类,2014大气科学学院应用气象学,2014大气科学学院大气科学,2014地球科学与工程学院地下水科学与工程,2014地球科学与工程学院水文与水资源工程,2014地球科学与工程学院地球化学,2014地球科学与工程学院地质学,2014数学学院应用模块,2014数学学院统计学,2014数学学院信息与计算科学,2014数学学院数学与应用数学,2014数学学院数学类,2014社会学院应用心理学,2014社会学院社会工作",0,仙林校区,2014-2015学年 第1学期,61122,无,0.0,否,,3,2,04,30,0,体育（一）,,第5节-第6节,,00040010A
16.0,400340,体育（一）足  球5,2014100040010A61123,体育课,3,,32,4-18周,0,程涛,4-18周 周一 第5节-第6节 ,1.0,体育部,否,实践类课程,周一,2014-2015-1,,2014100040010A61123,"2014社会学院社会学,2014电子科学与工程学院微电子科学与工程,2014电子科学与工程学院生物医学工程,2014电子科学与工程学院通信工程,2014电子科学与工程学院电子信息科学与技术,2014电子科学与工程学院电子信息类,2014大气科学学院应用气象学,2014大气科学学院大气科学,2014地球科学与工程学院地下水科学与工程,2014地球科学与工程学院水文与水资源工程,2014地球科学与工程学院地球化学,2014地球科学与工程学院地质学,2014数学学院应用模块,2014数学学院统计学,2014数学学院信息与计算科学,2014数学学院数学与应用数学,2014数学学院数学类,2014社会学院应用心理学,2014社会学院社会工作",0,仙林校区,2014-2015学年 第1学期,61123,无,0.0,否,,3,2,04,30,0,体育（一）,,第5节-第6节,,00040010A
16.0,400340,体育（一）足  球6,2014100040010A61124,体育课,3,,32,4-18周,0,夏军,4-18周 周一 第5节-第6节 ,1.0,体育部,否,实践类课程,周一,2014-2015-1,,2014100040010A61124,"2014社会学院社会学,2014电子科学与工程学院微电子科学与工程,2014电子科学与工程学院生物医学工程,2014电子科学与工程学院通信工程,2014电子科学与工程学院电子信息科学与技术,2014电子科学与工程学院电子信息类,2014大气科学学院应用气象学,2014大气科学学院大气科学,2014地球科学与工程学院地下水科学与工程,2014地球科学与工程学院水文与水资源工程,2014地球科学与工程学院地球化学,2014地球科学与工程学院地质学,2014数学学院应用模块,2014数学学院统计学,2014数学学院信息与计算科学,2014数学学院数学与应用数学,2014数学学院数学类,2014社会学院应用心理学,2014社会学院社会工作",0,仙林校区,2014-2015学年 第1学期,61124,无,0.0,否,,3,2,04,30,0,体育（一）,,第5节-第6节,,00040010A
16.0,400340,体育（一）游  泳3,2014100040010A61125,体育课,3,,28,4-18周,0,李海军,4-18周 周一 第5节-第6节 ,1.0,体育部,否,实践类课程,周一,2014-2015-1,,2014100040010A61125,"2014社会学院社会学,2014电子科学与工程学院微电子科学与工程,2014电子科学与工程学院生物医学工程,2014电子科学与工程学院通信工程,2014电子科学与工程学院电子信息科学与技术,2014电子科学与工程学院电子信息类,2014大气科学学院应用气象学,2014大气科学学院大气科学,2014地球科学与工程学院地下水科学与工程,2014地球科学与工程学院水文与水资源工程,2014地球科学与工程学院地球化学,2014地球科学与工程学院地质学,2014数学学院应用模块,2014数学学院统计学,2014数学学院信息与计算科学,2014数学学院数学与应用数学,2014数学学院数学类,2014社会学院应用心理学,2014社会学院社会工作",0,仙林校区,2014-2015学年 第1学期,61125,无,0.0,否,,3,2,04,30,0,体育（一）,,第5节-第6节,,00040010A
16.0,400340,体育（一）羽毛球5,2014100040010A61126,体育课,3,,32,4-18周,0,邵力平,4-18周 周一 第5节-第6节 ,1.0,体育部,否,实践类课程,周一,2014-2015-1,,2014100040010A61126,"2014社会学院社会学,2014电子科学与工程学院微电子科学与工程,2014电子科学与工程学院生物医学工程,2014电子科学与工程学院通信工程,2014电子科学与工程学院电子信息科学与技术,2014电子科学与工程学院电子信息类,2014大气科学学院应用气象学,2014大气科学学院大气科学,2014地球科学与工程学院地下水科学与工程,2014地球科学与工程学院水文与水资源工程,2014地球科学与工程学院地球化学,2014地球科学与工程学院地质学,2014数学学院应用模块,2014数学学院统计学,2014数学学院信息与计算科学,2014数学学院数学与应用数学,2014数学学院数学类,2014社会学院应用心理学,2014社会学院社会工作",0,仙林校区,2014-2015学年 第1学期,61126,无,0.0,否,,3,2,04,30,0,体育（一）,,第5节-第6节,,00040010A
16.0,400340,体育（一）健美操7,2014100040010A61127,体育课,3,,31,4-18周,0,姜艳,4-18周 周一 第5节-第6节 ,1.0,体育部,否,实践类课程,周一,2014-2015-1,,2014100040010A61127,"2014社会学院社会学,2014电子科学与工程学院微电子科学与工程,2014电子科学与工程学院生物医学工程,2014电子科学与工程学院通信工程,2014电子科学与工程学院电子信息科学与技术,2014电子科学与工程学院电子信息类,2014大气科学学院应用气象学,2014大气科学学院大气科学,2014地球科学与工程学院地下水科学与工程,2014地球科学与工程学院水文与水资源工程,2014地球科学与工程学院地球化学,2014地球科学与工程学院地质学,2014数学学院应用模块,2014数学学院统计学,2014数学学院信息与计算科学,2014数学学院数学与应用数学,2014数学学院数学类,2014社会学院应用心理学,2014社会学院社会工作",0,仙林校区,2014-2015学年 第1学期,61127,无,0.0,否,,3,2,04,30,0,体育（一）,,第5节-第6节,,00040010A
16.0,400340,体育（一）健美操8,2014100040010A61128,体育课,3,,31,4-18周,0,谭琳,4-18周 周一 第5节-第6节 ,1.0,体育部,否,实践类课程,周一,2014-2015-1,,2014100040010A61128,"2014社会学院社会学,2014电子科学与工程学院微电子科学与工程,2014电子科学与工程学院生物医学工程,2014电子科学与工程学院通信工程,2014电子科学与工程学院电子信息科学与技术,2014电子科学与工程学院电子信息类,2014大气科学学院应用气象学,2014大气科学学院大气科学,2014地球科学与工程学院地下水科学与工程,2014地球科学与工程学院水文与水资源工程,2014地球科学与工程学院地球化学,2014地球科学与工程学院地质学,2014数学学院应用模块,2014数学学院统计学,2014数学学院信息与计算科学,2014数学学院数学与应用数学,2014数学学院数学类,2014社会学院应用心理学,2014社会学院社会工作",0,仙林校区,2014-2015学年 第1学期,61128,无,0.0,否,,3,2,04,30,0,体育（一）,,第5节-第6节,,00040010A
16.0,400340,体育（一）健美操9,2014100040010A61129,体育课,3,,30,4-18周,0,陈樨,4-18周 周一 第5节-第6节 ,1.0,体育部,否,实践类课程,周一,2014-2015-1,,2014100040010A61129,"2014社会学院社会学,2014电子科学与工程学院微电子科学与工程,2014电子科学与工程学院生物医学工程,2014电子科学与工程学院通信工程,2014电子科学与工程学院电子信息科学与技术,2014电子科学与工程学院电子信息类,2014大气科学学院应用气象学,2014大气科学学院大气科学,2014地球科学与工程学院地下水科学与工程,2014地球科学与工程学院水文与水资源工程,2014地球科学与工程学院地球化学,2014地球科学与工程学院地质学,2014数学学院应用模块,2014数学学院统计学,2014数学学院信息与计算科学,2014数学学院数学与应用数学,2014数学学院数学类,2014社会学院应用心理学,2014社会学院社会工作",0,仙林校区,2014-2015学年 第1学期,61129,无,0.0,否,,3,2,04,30,0,体育（一）,,第5节-第6节,,00040010A
16.0,400340,体育（一）羽毛球6,2014100040010A61130,体育课,3,,32,4-18周,0,冯晓劲,4-18周 周一 第5节-第6节 ,1.0,体育部,否,实践类课程,周一,2014-2015-1,,2014100040010A61130,"2014社会学院社会学,2014电子科学与工程学院微电子科学与工程,2014电子科学与工程学院生物医学工程,2014电子科学与工程学院通信工程,2014电子科学与工程学院电子信息科学与技术,2014电子科学与工程学院电子信息类,2014大气科学学院应用气象学,2014大气科学学院大气科学,2014地球科学与工程学院地下水科学与工程,2014地球科学与工程学院水文与水资源工程,2014地球科学与工程学院地球化学,2014地球科学与工程学院地质学,2014数学学院应用模块,2014数学学院统计学,2014数学学院信息与计算科学,2014数学学院数学与应用数学,2014数学学院数学类,2014社会学院应用心理学,2014社会学院社会工作",0,仙林校区,2014-2015学年 第1学期,61130,无,0.0,否,,3,2,04,30,0,体育（一）,,第5节-第6节,,00040010A
16.0,400340,体育（一）排  球8,2014100040010A61131,体育课,3,,31,4-18周,0,罗卫民,4-18周 周一 第5节-第6节 ,1.0,体育部,否,实践类课程,周一,2014-2015-1,,2014100040010A61131,"2014社会学院社会学,2014电子科学与工程学院微电子科学与工程,2014电子科学与工程学院生物医学工程,2014电子科学与工程学院通信工程,2014电子科学与工程学院电子信息科学与技术,2014电子科学与工程学院电子信息类,2014大气科学学院应用气象学,2014大气科学学院大气科学,2014地球科学与工程学院地下水科学与工程,2014地球科学与工程学院水文与水资源工程,2014地球科学与工程学院地球化学,2014地球科学与工程学院地质学,2014数学学院应用模块,2014数学学院统计学,2014数学学院信息与计算科学,2014数学学院数学与应用数学,2014数学学院数学类,2014社会学院应用心理学,2014社会学院社会工作",0,仙林校区,2014-2015学年 第1学期,61131,无,0.0,否,,3,2,04,30,0,体育（一）,,第5节-第6节,,00040010A
16.0,400340,体育（一）篮  球10,2014100040010A61132,体育课,3,,23,4-18周,0,肖鹏,4-18周 周一 第5节-第6节 ,1.0,体育部,否,实践类课程,周一,2014-2015-1,,2014100040010A61132,"2014社会学院社会学,2014电子科学与工程学院微电子科学与工程,2014电子科学与工程学院生物医学工程,2014电子科学与工程学院通信工程,2014电子科学与工程学院电子信息科学与技术,2014电子科学与工程学院电子信息类,2014大气科学学院应用气象学,2014大气科学学院大气科学,2014地球科学与工程学院地下水科学与工程,2014地球科学与工程学院水文与水资源工程,2014地球科学与工程学院地球化学,2014地球科学与工程学院地质学,2014数学学院应用模块,2014数学学院统计学,2014数学学院信息与计算科学,2014数学学院数学与应用数学,2014数学学院数学类,2014社会学院应用心理学,2014社会学院社会工作",0,仙林校区,2014-2015学年 第1学期,61132,无,0.0,否,,3,2,04,30,0,体育（一）,,第5节-第6节,,00040010A
16.0,400340,体育（一）跆拳道3,2014100040010A61133,体育课,3,,32,4-18周,0,李文龙,4-18周 周一 第5节-第6节 ,1.0,体育部,否,实践类课程,周一,2014-2015-1,,2014100040010A61133,"2014社会学院社会学,2014电子科学与工程学院微电子科学与工程,2014电子科学与工程学院生物医学工程,2014电子科学与工程学院通信工程,2014电子科学与工程学院电子信息科学与技术,2014电子科学与工程学院电子信息类,2014大气科学学院应用气象学,2014大气科学学院大气科学,2014地球科学与工程学院地下水科学与工程,2014地球科学与工程学院水文与水资源工程,2014地球科学与工程学院地球化学,2014地球科学与工程学院地质学,2014数学学院应用模块,2014数学学院统计学,2014数学学院信息与计算科学,2014数学学院数学与应用数学,2014数学学院数学类,2014社会学院应用心理学,2014社会学院社会工作",0,仙林校区,2014-2015学年 第1学期,61133,无,0.0,否,,3,2,04,30,0,体育（一）,,第5节-第6节,,00040010A
16.0,400340,体育（一）乒乓球3,2014100040010A61134,体育课,3,,30,4-18周,0,冯晓雨,4-18周 周一 第5节-第6节 ,1.0,体育部,否,实践类课程,周一,2014-2015-1,,2014100040010A61134,"2014社会学院社会学,2014电子科学与工程学院微电子科学与工程,2014电子科学与工程学院生物医学工程,2014电子科学与工程学院通信工程,2014电子科学与工程学院电子信息科学与技术,2014电子科学与工程学院电子信息类,2014大气科学学院应用气象学,2014大气科学学院大气科学,2014地球科学与工程学院地下水科学与工程,2014地球科学与工程学院水文与水资源工程,2014地球科学与工程学院地球化学,2014地球科学与工程学院地质学,2014数学学院应用模块,2014数学学院统计学,2014数学学院信息与计算科学,2014数学学院数学与应用数学,2014数学学院数学类,2014社会学院应用心理学,2014社会学院社会工作",0,仙林校区,2014-2015学年 第1学期,61134,无,0.0,否,,3,2,04,30,0,体育（一）,,第5节-第6节,,00040010A
16.0,400340,体育（一）太极拳5,2014100040010A61135,体育课,3,,29,4-18周,0,吕艳玲,4-18周 周一 第5节-第6节 ,1.0,体育部,否,实践类课程,周一,2014-2015-1,,2014100040010A61135,"2014社会学院社会学,2014电子科学与工程学院微电子科学与工程,2014电子科学与工程学院生物医学工程,2014电子科学与工程学院通信工程,2014电子科学与工程学院电子信息科学与技术,2014电子科学与工程学院电子信息类,2014大气科学学院应用气象学,2014大气科学学院大气科学,2014地球科学与工程学院地下水科学与工程,2014地球科学与工程学院水文与水资源工程,2014地球科学与工程学院地球化学,2014地球科学与工程学院地质学,2014数学学院应用模块,2014数学学院统计学,2014数学学院信息与计算科学,2014数学学院数学与应用数学,2014数学学院数学类,2014社会学院应用心理学,2014社会学院社会工作",0,仙林校区,2014-2015学年 第1学期,61135,无,0.0,否,,3,2,04,30,0,体育（一）,,第5节-第6节,,00040010A
16.0,400340,体育（一）毽  球3,2014100040010A61136,体育课,3,,18,4-18周,0,周梅芳,4-18周 周一 第5节-第6节 ,1.0,体育部,否,实践类课程,周一,2014-2015-1,,2014100040010A61136,"2014社会学院社会学,2014电子科学与工程学院微电子科学与工程,2014电子科学与工程学院生物医学工程,2014电子科学与工程学院通信工程,2014电子科学与工程学院电子信息科学与技术,2014电子科学与工程学院电子信息类,2014大气科学学院应用气象学,2014大气科学学院大气科学,2014地球科学与工程学院地下水科学与工程,2014地球科学与工程学院水文与水资源工程,2014地球科学与工程学院地球化学,2014地球科学与工程学院地质学,2014数学学院应用模块,2014数学学院统计学,2014数学学院信息与计算科学,2014数学学院数学与应用数学,2014数学学院数学类,2014社会学院应用心理学,2014社会学院社会工作",0,仙林校区,2014-2015学年 第1学期,61136,无,0.0,否,,3,2,04,30,0,体育（一）,,第5节-第6节,,00040010A
16.0,400340,体育（一）羽毛球7,2014100040010A61137,体育课,3,,33,4-18周,0,沈乐群,4-18周 周三 第1节-第2节 ,1.0,体育部,否,实践类课程,周三,2014-2015-1,,2014100040010A61137,"2014文学院汉语言文学,2014建筑与城市规划学院城乡规划,2014建筑与城市规划学院建筑学,2014物理学院声学,2014物理学院物理学,2014新闻传播学院广告学,2014新闻传播学院新闻学,2014新闻传播学院新闻传播学类,2014哲学学院哲学,2014法学院法学,2014文学院戏剧影视文学",0,仙林校区,2014-2015学年 第1学期,61137,无,0.0,否,,3,2,04,30,0,体育（一）,,第1节-第2节,,00040010A
16.0,400340,体育（一）毽  球4,2014100040010A61138,体育课,3,,20,4-18周,0,周梅芳,4-18周 周三 第1节-第2节 ,1.0,体育部,否,实践类课程,周三,2014-2015-1,,2014100040010A61138,"2014文学院汉语言文学,2014建筑与城市规划学院城乡规划,2014建筑与城市规划学院建筑学,2014物理学院声学,2014物理学院物理学,2014新闻传播学院广告学,2014新闻传播学院新闻学,2014新闻传播学院新闻传播学类,2014哲学学院哲学,2014法学院法学,2014文学院戏剧影视文学",0,仙林校区,2014-2015学年 第1学期,61138,无,0.0,否,,3,2,04,30,0,体育（一）,,第1节-第2节,,00040010A
16.0,400340,体育（一）跆拳道4,2014100040010A61139,体育课,3,,35,4-18周,0,王慧,4-18周 周三 第1节-第2节 ,1.0,体育部,否,实践类课程,周三,2014-2015-1,,2014100040010A61139,"2014文学院汉语言文学,2014建筑与城市规划学院城乡规划,2014建筑与城市规划学院建筑学,2014物理学院声学,2014物理学院物理学,2014新闻传播学院广告学,2014新闻传播学院新闻学,2014新闻传播学院新闻传播学类,2014哲学学院哲学,2014法学院法学,2014文学院戏剧影视文学",0,仙林校区,2014-2015学年 第1学期,61139,无,0.0,否,,3,2,04,30,0,体育（一）,,第1节-第2节,,00040010A
16.0,400340,体育（一）排  球10,2014100040010A61140,体育课,3,,34,4-18周,0,罗卫民,4-18周 周三 第1节-第2节 ,1.0,体育部,否,实践类课程,周三,2014-2015-1,,2014100040010A61140,"2014文学院汉语言文学,2014建筑与城市规划学院城乡规划,2014建筑与城市规划学院建筑学,2014物理学院声学,2014物理学院物理学,2014新闻传播学院广告学,2014新闻传播学院新闻学,2014新闻传播学院新闻传播学类,2014哲学学院哲学,2014法学院法学,2014文学院戏剧影视文学",0,仙林校区,2014-2015学年 第1学期,61140,无,0.0,否,,3,2,04,30,0,体育（一）,,第1节-第2节,,00040010A
16.0,400340,体育（一）健美操10,2014100040010A61141,体育课,3,,33,4-18周,0,孙雯,4-18周 周三 第1节-第2节 ,1.0,体育部,否,实践类课程,周三,2014-2015-1,,2014100040010A61141,"2014文学院汉语言文学,2014建筑与城市规划学院城乡规划,2014建筑与城市规划学院建筑学,2014物理学院声学,2014物理学院物理学,2014新闻传播学院广告学,2014新闻传播学院新闻学,2014新闻传播学院新闻传播学类,2014哲学学院哲学,2014法学院法学,2014文学院戏剧影视文学",0,仙林校区,2014-2015学年 第1学期,61141,无,0.0,否,,3,2,04,30,0,体育（一）,,第1节-第2节,,00040010A
16.0,400340,体育（一）健美操11,2014100040010A61142,体育课,3,,34,4-18周,0,陈樨,4-18周 周三 第1节-第2节 ,1.0,体育部,否,实践类课程,周三,2014-2015-1,,2014100040010A61142,"2014文学院汉语言文学,2014建筑与城市规划学院城乡规划,2014建筑与城市规划学院建筑学,2014物理学院声学,2014物理学院物理学,2014新闻传播学院广告学,2014新闻传播学院新闻学,2014新闻传播学院新闻传播学类,2014哲学学院哲学,2014法学院法学,2014文学院戏剧影视文学",0,仙林校区,2014-2015学年 第1学期,61142,无,0.0,否,,3,2,04,30,0,体育（一）,,第1节-第2节,,00040010A
16.0,400340,体育（一）健美操12,2014100040010A61143,体育课,3,,36,4-18周,0,姜艳,4-18周 周三 第1节-第2节 ,1.0,体育部,否,实践类课程,周三,2014-2015-1,,2014100040010A61143,"2014文学院汉语言文学,2014建筑与城市规划学院城乡规划,2014建筑与城市规划学院建筑学,2014物理学院声学,2014物理学院物理学,2014新闻传播学院广告学,2014新闻传播学院新闻学,2014新闻传播学院新闻传播学类,2014哲学学院哲学,2014法学院法学,2014文学院戏剧影视文学",0,仙林校区,2014-2015学年 第1学期,61143,无,0.0,否,,3,2,04,30,0,体育（一）,,第1节-第2节,,00040010A
16.0,400340,体育（一）健美操13,2014100040010A61144,体育课,3,,35,4-18周,0,谭琳,4-18周 周三 第1节-第2节 ,1.0,体育部,否,实践类课程,周三,2014-2015-1,,2014100040010A61144,"2014文学院汉语言文学,2014建筑与城市规划学院城乡规划,2014建筑与城市规划学院建筑学,2014物理学院声学,2014物理学院物理学,2014新闻传播学院广告学,2014新闻传播学院新闻学,2014新闻传播学院新闻传播学类,2014哲学学院哲学,2014法学院法学,2014文学院戏剧影视文学",0,仙林校区,2014-2015学年 第1学期,61144,无,0.0,否,,3,2,04,30,0,体育（一）,,第1节-第2节,,00040010A
16.0,400340,体育（一）乒乓球4,2014100040010A61145,体育课,3,,34,4-18周,0,谢争,4-18周 周三 第1节-第2节 ,1.0,体育部,否,实践类课程,周三,2014-2015-1,,2014100040010A61145,"2014文学院汉语言文学,2014建筑与城市规划学院城乡规划,2014建筑与城市规划学院建筑学,2014物理学院声学,2014物理学院物理学,2014新闻传播学院广告学,2014新闻传播学院新闻学,2014新闻传播学院新闻传播学类,2014哲学学院哲学,2014法学院法学,2014文学院戏剧影视文学",0,仙林校区,2014-2015学年 第1学期,61145,无,0.0,否,,3,2,04,30,0,体育（一）,,第1节-第2节,,00040010A
16.0,400340,体育（一）太极拳7,2014100040010A61146,体育课,3,,34,4-18周,0,吕艳玲,4-18周 周三 第1节-第2节 ,1.0,体育部,否,实践类课程,周三,2014-2015-1,,2014100040010A61146,"2014文学院汉语言文学,2014建筑与城市规划学院城乡规划,2014建筑与城市规划学院建筑学,2014物理学院声学,2014物理学院物理学,2014新闻传播学院广告学,2014新闻传播学院新闻学,2014新闻传播学院新闻传播学类,2014哲学学院哲学,2014法学院法学,2014文学院戏剧影视文学",0,仙林校区,2014-2015学年 第1学期,61146,无,0.0,否,,3,2,04,30,0,体育（一）,,第1节-第2节,,00040010A
16.0,400340,体育（一）羽毛球8,2014100040010A61147,体育课,3,,36,4-18周,0,吴明,4-18周 周三 第1节-第2节 ,1.0,体育部,否,实践类课程,周三,2014-2015-1,,2014100040010A61147,"2014文学院汉语言文学,2014建筑与城市规划学院城乡规划,2014建筑与城市规划学院建筑学,2014物理学院声学,2014物理学院物理学,2014新闻传播学院广告学,2014新闻传播学院新闻学,2014新闻传播学院新闻传播学类,2014哲学学院哲学,2014法学院法学,2014文学院戏剧影视文学",0,仙林校区,2014-2015学年 第1学期,61147,无,0.0,否,,3,2,04,30,0,体育（一）,,第1节-第2节,,00040010A
16.0,400340,体育（一）篮  球16,2014100040010A61154,体育课,3,,28,4-18周,0,鲍大卫,4-18周 周三 第3节-第4节 ,1.0,体育部,否,实践类课程,周三,2014-2015-1,,2014100040010A61154,"2014商学院经济学类,2014现代工程与应用科学学院生物医学工程,2014现代工程与应用科学学院新能源科学与工程,2014现代工程与应用科学学院光电信息科学与工程,2014现代工程与应用科学学院材料化学,2014现代工程与应用科学学院材料物理,2014现代工程与应用科学学院材料类,2014商学院经济学（产业经济方向）,2014商学院金融工程,2014商学院保险学,2014商学院工商管理（人力资源管理方向）,2014商学院工商管理类,2014商学院市场营销,2014商学院电子商务,2014商学院金融学,2014商学院财务管理,2014商学院会计学,2014商学院工商管理,2014商学院国际经济与贸易,2014商学院经济学",0,仙林校区,2014-2015学年 第1学期,61154,无,0.0,否,,3,2,04,30,0,体育（一）,,第3节-第4节,,00040010A
16.0,400340,体育（一）排  球11,2014100040010A61155,体育课,3,,26,4-18周,0,王喆,4-18周 周三 第3节-第4节 ,1.0,体育部,否,实践类课程,周三,2014-2015-1,,2014100040010A61155,"2014商学院经济学类,2014现代工程与应用科学学院生物医学工程,2014现代工程与应用科学学院新能源科学与工程,2014现代工程与应用科学学院光电信息科学与工程,2014现代工程与应用科学学院材料化学,2014现代工程与应用科学学院材料物理,2014现代工程与应用科学学院材料类,2014商学院经济学（产业经济方向）,2014商学院金融工程,2014商学院保险学,2014商学院工商管理（人力资源管理方向）,2014商学院工商管理类,2014商学院市场营销,2014商学院电子商务,2014商学院金融学,2014商学院财务管理,2014商学院会计学,2014商学院工商管理,2014商学院国际经济与贸易,2014商学院经济学",0,仙林校区,2014-2015学年 第1学期,61155,无,0.0,否,,3,2,04,30,0,体育（一）,,第3节-第4节,,00040010A
16.0,400340,体育（一）足  球9,2014100040010A61156,体育课,3,,28,4-18周,0,程涛,4-18周 周三 第3节-第4节 ,1.0,体育部,否,实践类课程,周三,2014-2015-1,,2014100040010A61156,"2014商学院经济学类,2014现代工程与应用科学学院生物医学工程,2014现代工程与应用科学学院新能源科学与工程,2014现代工程与应用科学学院光电信息科学与工程,2014现代工程与应用科学学院材料化学,2014现代工程与应用科学学院材料物理,2014现代工程与应用科学学院材料类,2014商学院经济学（产业经济方向）,2014商学院金融工程,2014商学院保险学,2014商学院工商管理（人力资源管理方向）,2014商学院工商管理类,2014商学院市场营销,2014商学院电子商务,2014商学院金融学,2014商学院财务管理,2014商学院会计学,2014商学院工商管理,2014商学院国际经济与贸易,2014商学院经济学",0,仙林校区,2014-2015学年 第1学期,61156,无,0.0,否,,3,2,04,30,0,体育（一）,,第3节-第4节,,00040010A
16.0,400340,体育（一）足  球10,2014100040010A61157,体育课,3,,26,4-18周,0,夏军,4-18周 周三 第3节-第4节 ,1.0,体育部,否,实践类课程,周三,2014-2015-1,,2014100040010A61157,"2014商学院经济学类,2014现代工程与应用科学学院生物医学工程,2014现代工程与应用科学学院新能源科学与工程,2014现代工程与应用科学学院光电信息科学与工程,2014现代工程与应用科学学院材料化学,2014现代工程与应用科学学院材料物理,2014现代工程与应用科学学院材料类,2014商学院经济学（产业经济方向）,2014商学院金融工程,2014商学院保险学,2014商学院工商管理（人力资源管理方向）,2014商学院工商管理类,2014商学院市场营销,2014商学院电子商务,2014商学院金融学,2014商学院财务管理,2014商学院会计学,2014商学院工商管理,2014商学院国际经济与贸易,2014商学院经济学",0,仙林校区,2014-2015学年 第1学期,61157,无,0.0,否,,3,2,04,30,0,体育（一）,,第3节-第4节,,00040010A
16.0,400340,体育（一）游  泳5,2014100040010A61158,体育课,3,,28,4-18周,0,李海军,4-18周 周三 第3节-第4节 ,1.0,体育部,否,实践类课程,周三,2014-2015-1,,2014100040010A61158,"2014商学院经济学类,2014现代工程与应用科学学院生物医学工程,2014现代工程与应用科学学院新能源科学与工程,2014现代工程与应用科学学院光电信息科学与工程,2014现代工程与应用科学学院材料化学,2014现代工程与应用科学学院材料物理,2014现代工程与应用科学学院材料类,2014商学院经济学（产业经济方向）,2014商学院金融工程,2014商学院保险学,2014商学院工商管理（人力资源管理方向）,2014商学院工商管理类,2014商学院市场营销,2014商学院电子商务,2014商学院金融学,2014商学院财务管理,2014商学院会计学,2014商学院工商管理,2014商学院国际经济与贸易,2014商学院经济学",0,仙林校区,2014-2015学年 第1学期,61158,无,0.0,否,,3,2,04,30,0,体育（一）,,第3节-第4节,,00040010A
16.0,400340,体育（一）羽毛球9,2014100040010A61159,体育课,3,,28,4-18周,0,沈乐群,4-18周 周三 第3节-第4节 ,1.0,体育部,否,实践类课程,周三,2014-2015-1,,2014100040010A61159,"2014商学院经济学类,2014现代工程与应用科学学院生物医学工程,2014现代工程与应用科学学院新能源科学与工程,2014现代工程与应用科学学院光电信息科学与工程,2014现代工程与应用科学学院材料化学,2014现代工程与应用科学学院材料物理,2014现代工程与应用科学学院材料类,2014商学院经济学（产业经济方向）,2014商学院金融工程,2014商学院保险学,2014商学院工商管理（人力资源管理方向）,2014商学院工商管理类,2014商学院市场营销,2014商学院电子商务,2014商学院金融学,2014商学院财务管理,2014商学院会计学,2014商学院工商管理,2014商学院国际经济与贸易,2014商学院经济学",0,仙林校区,2014-2015学年 第1学期,61159,无,0.0,否,,3,2,04,30,0,体育（一）,,第3节-第4节,,00040010A
16.0,400340,体育（一）排  球12,2014100040010A61160,体育课,3,,28,4-18周,0,罗卫民,4-18周 周三 第3节-第4节 ,1.0,体育部,否,实践类课程,周三,2014-2015-1,,2014100040010A61160,"2014商学院经济学类,2014现代工程与应用科学学院生物医学工程,2014现代工程与应用科学学院新能源科学与工程,2014现代工程与应用科学学院光电信息科学与工程,2014现代工程与应用科学学院材料化学,2014现代工程与应用科学学院材料物理,2014现代工程与应用科学学院材料类,2014商学院经济学（产业经济方向）,2014商学院金融工程,2014商学院保险学,2014商学院工商管理（人力资源管理方向）,2014商学院工商管理类,2014商学院市场营销,2014商学院电子商务,2014商学院金融学,2014商学院财务管理,2014商学院会计学,2014商学院工商管理,2014商学院国际经济与贸易,2014商学院经济学",0,仙林校区,2014-2015学年 第1学期,61160,无,0.0,否,,3,2,04,30,0,体育（一）,,第3节-第4节,,00040010A
16.0,400340,体育（一）健美操14,2014100040010A61161,体育课,3,,28,4-18周,0,孙雯,4-18周 周三 第3节-第4节 ,1.0,体育部,否,实践类课程,周三,2014-2015-1,,2014100040010A61161,"2014商学院经济学类,2014现代工程与应用科学学院生物医学工程,2014现代工程与应用科学学院新能源科学与工程,2014现代工程与应用科学学院光电信息科学与工程,2014现代工程与应用科学学院材料化学,2014现代工程与应用科学学院材料物理,2014现代工程与应用科学学院材料类,2014商学院经济学（产业经济方向）,2014商学院金融工程,2014商学院保险学,2014商学院工商管理（人力资源管理方向）,2014商学院工商管理类,2014商学院市场营销,2014商学院电子商务,2014商学院金融学,2014商学院财务管理,2014商学院会计学,2014商学院工商管理,2014商学院国际经济与贸易,2014商学院经济学",0,仙林校区,2014-2015学年 第1学期,61161,无,0.0,否,,3,2,04,30,0,体育（一）,,第3节-第4节,,00040010A
16.0,400340,体育（一）健美操15,2014100040010A61162,体育课,3,,28,4-18周,0,陈樨,4-18周 周三 第3节-第4节 ,1.0,体育部,否,实践类课程,周三,2014-2015-1,,2014100040010A61162,"2014商学院经济学类,2014现代工程与应用科学学院生物医学工程,2014现代工程与应用科学学院新能源科学与工程,2014现代工程与应用科学学院光电信息科学与工程,2014现代工程与应用科学学院材料化学,2014现代工程与应用科学学院材料物理,2014现代工程与应用科学学院材料类,2014商学院经济学（产业经济方向）,2014商学院金融工程,2014商学院保险学,2014商学院工商管理（人力资源管理方向）,2014商学院工商管理类,2014商学院市场营销,2014商学院电子商务,2014商学院金融学,2014商学院财务管理,2014商学院会计学,2014商学院工商管理,2014商学院国际经济与贸易,2014商学院经济学",0,仙林校区,2014-2015学年 第1学期,61162,无,0.0,否,,3,2,04,30,0,体育（一）,,第3节-第4节,,00040010A
16.0,400340,体育（一）健美操16,2014100040010A61163,体育课,3,,28,4-18周,0,姜艳,4-18周 周三 第3节-第4节 ,1.0,体育部,否,实践类课程,周三,2014-2015-1,,2014100040010A61163,"2014商学院经济学类,2014现代工程与应用科学学院生物医学工程,2014现代工程与应用科学学院新能源科学与工程,2014现代工程与应用科学学院光电信息科学与工程,2014现代工程与应用科学学院材料化学,2014现代工程与应用科学学院材料物理,2014现代工程与应用科学学院材料类,2014商学院经济学（产业经济方向）,2014商学院金融工程,2014商学院保险学,2014商学院工商管理（人力资源管理方向）,2014商学院工商管理类,2014商学院市场营销,2014商学院电子商务,2014商学院金融学,2014商学院财务管理,2014商学院会计学,2014商学院工商管理,2014商学院国际经济与贸易,2014商学院经济学",0,仙林校区,2014-2015学年 第1学期,61163,无,0.0,否,,3,2,04,30,0,体育（一）,,第3节-第4节,,00040010A
16.0,400340,体育（一）健美操17,2014100040010A61164,体育课,3,,27,4-18周,0,谭琳,4-18周 周三 第3节-第4节 ,1.0,体育部,否,实践类课程,周三,2014-2015-1,,2014100040010A61164,"2014商学院经济学类,2014现代工程与应用科学学院生物医学工程,2014现代工程与应用科学学院新能源科学与工程,2014现代工程与应用科学学院光电信息科学与工程,2014现代工程与应用科学学院材料化学,2014现代工程与应用科学学院材料物理,2014现代工程与应用科学学院材料类,2014商学院经济学（产业经济方向）,2014商学院金融工程,2014商学院保险学,2014商学院工商管理（人力资源管理方向）,2014商学院工商管理类,2014商学院市场营销,2014商学院电子商务,2014商学院金融学,2014商学院财务管理,2014商学院会计学,2014商学院工商管理,2014商学院国际经济与贸易,2014商学院经济学",0,仙林校区,2014-2015学年 第1学期,61164,无,0.0,否,,3,2,04,30,0,体育（一）,,第3节-第4节,,00040010A
16.0,400340,体育（一）乒乓球5,2014100040010A61165,体育课,3,,28,4-18周,0,谢争,4-18周 周三 第3节-第4节 ,1.0,体育部,否,实践类课程,周三,2014-2015-1,,2014100040010A61165,"2014商学院经济学类,2014现代工程与应用科学学院生物医学工程,2014现代工程与应用科学学院新能源科学与工程,2014现代工程与应用科学学院光电信息科学与工程,2014现代工程与应用科学学院材料化学,2014现代工程与应用科学学院材料物理,2014现代工程与应用科学学院材料类,2014商学院经济学（产业经济方向）,2014商学院金融工程,2014商学院保险学,2014商学院工商管理（人力资源管理方向）,2014商学院工商管理类,2014商学院市场营销,2014商学院电子商务,2014商学院金融学,2014商学院财务管理,2014商学院会计学,2014商学院工商管理,2014商学院国际经济与贸易,2014商学院经济学",0,仙林校区,2014-2015学年 第1学期,61165,无,0.0,否,,3,2,04,30,0,体育（一）,,第3节-第4节,,00040010A
16.0,400340,体育（一）太极拳8,2014100040010A61166,体育课,3,,28,4-18周,0,吕艳玲,4-18周 周三 第3节-第4节 ,1.0,体育部,否,实践类课程,周三,2014-2015-1,,2014100040010A61166,"2014商学院经济学类,2014现代工程与应用科学学院生物医学工程,2014现代工程与应用科学学院新能源科学与工程,2014现代工程与应用科学学院光电信息科学与工程,2014现代工程与应用科学学院材料化学,2014现代工程与应用科学学院材料物理,2014现代工程与应用科学学院材料类,2014商学院经济学（产业经济方向）,2014商学院金融工程,2014商学院保险学,2014商学院工商管理（人力资源管理方向）,2014商学院工商管理类,2014商学院市场营销,2014商学院电子商务,2014商学院金融学,2014商学院财务管理,2014商学院会计学,2014商学院工商管理,2014商学院国际经济与贸易,2014商学院经济学",0,仙林校区,2014-2015学年 第1学期,61166,无,0.0,否,,3,2,04,30,0,体育（一）,,第3节-第4节,,00040010A
16.0,400340,体育（一）羽毛球10,2014100040010A61167,体育课,3,,28,4-18周,0,吴明,4-18周 周三 第3节-第4节 ,1.0,体育部,否,实践类课程,周三,2014-2015-1,,2014100040010A61167,"2014商学院经济学类,2014现代工程与应用科学学院生物医学工程,2014现代工程与应用科学学院新能源科学与工程,2014现代工程与应用科学学院光电信息科学与工程,2014现代工程与应用科学学院材料化学,2014现代工程与应用科学学院材料物理,2014现代工程与应用科学学院材料类,2014商学院经济学（产业经济方向）,2014商学院金融工程,2014商学院保险学,2014商学院工商管理（人力资源管理方向）,2014商学院工商管理类,2014商学院市场营销,2014商学院电子商务,2014商学院金融学,2014商学院财务管理,2014商学院会计学,2014商学院工商管理,2014商学院国际经济与贸易,2014商学院经济学",0,仙林校区,2014-2015学年 第1学期,61167,无,0.0,否,,3,2,04,30,0,体育（一）,,第3节-第4节,,00040010A
16.0,400340,体育（一）毽  球5,2014100040010A61168,体育课,3,,19,4-18周,0,周梅芳,4-18周 周三 第3节-第4节 ,1.0,体育部,否,实践类课程,周三,2014-2015-1,,2014100040010A61168,"2014商学院经济学类,2014现代工程与应用科学学院生物医学工程,2014现代工程与应用科学学院新能源科学与工程,2014现代工程与应用科学学院光电信息科学与工程,2014现代工程与应用科学学院材料化学,2014现代工程与应用科学学院材料物理,2014现代工程与应用科学学院材料类,2014商学院经济学（产业经济方向）,2014商学院金融工程,2014商学院保险学,2014商学院工商管理（人力资源管理方向）,2014商学院工商管理类,2014商学院市场营销,2014商学院电子商务,2014商学院金融学,2014商学院财务管理,2014商学院会计学,2014商学院工商管理,2014商学院国际经济与贸易,2014商学院经济学",0,仙林校区,2014-2015学年 第1学期,61168,无,0.0,否,,3,2,04,30,0,体育（一）,,第3节-第4节,,00040010A
16.0,400340,体育（一）跆拳道5,2014100040010A61169,体育课,3,,28,4-18周,0,王慧,4-18周 周三 第3节-第4节 ,1.0,体育部,否,实践类课程,周三,2014-2015-1,,2014100040010A61169,"2014商学院经济学类,2014现代工程与应用科学学院生物医学工程,2014现代工程与应用科学学院新能源科学与工程,2014现代工程与应用科学学院光电信息科学与工程,2014现代工程与应用科学学院材料化学,2014现代工程与应用科学学院材料物理,2014现代工程与应用科学学院材料类,2014商学院经济学（产业经济方向）,2014商学院金融工程,2014商学院保险学,2014商学院工商管理（人力资源管理方向）,2014商学院工商管理类,2014商学院市场营销,2014商学院电子商务,2014商学院金融学,2014商学院财务管理,2014商学院会计学,2014商学院工商管理,2014商学院国际经济与贸易,2014商学院经济学",0,仙林校区,2014-2015学年 第1学期,61169,无,0.0,否,,3,2,04,30,0,体育（一）,,第3节-第4节,,00040010A
16.0,400340,体育（一）篮  球19,2014100040010A61171,体育课,3,,24,4-18周,0,鲍大卫,4-18周 周三 第5节-第6节 ,1.0,体育部,否,实践类课程,周三,2014-2015-1,,2014100040010A61171,"2014历史学院历史学类,2014化学学院应用化学,2014化学学院化学,2014外国语学院朝鲜语,2014外国语学院西班牙语,2014外国语学院德语,2014外国语学院法语,2014外国语学院日语,2014外国语学院俄语,2014外国语学院英语,2014信息管理学院编辑出版学,2014信息管理学院档案学,2014信息管理学院信息管理与信息系统,2014政府管理学院劳动与社会保障,2014政府管理学院国际政治,2014政府管理学院行政管理,2014政府管理学院政治学与行政学,2014历史学院考古学（文物鉴定方向）,2014历史学院考古学,2014历史学院历史学",0,仙林校区,2014-2015学年 第1学期,61171,无,0.0,否,,3,2,04,30,0,体育（一）,,第5节-第6节,,00040010A
16.0,400340,体育（一）排  球13,2014100040010A61172,体育课,3,,29,4-18周,0,王喆,4-18周 周三 第5节-第6节 ,1.0,体育部,否,实践类课程,周三,2014-2015-1,,2014100040010A61172,"2014历史学院历史学类,2014化学学院应用化学,2014化学学院化学,2014外国语学院朝鲜语,2014外国语学院西班牙语,2014外国语学院德语,2014外国语学院法语,2014外国语学院日语,2014外国语学院俄语,2014外国语学院英语,2014信息管理学院编辑出版学,2014信息管理学院档案学,2014信息管理学院信息管理与信息系统,2014政府管理学院劳动与社会保障,2014政府管理学院国际政治,2014政府管理学院行政管理,2014政府管理学院政治学与行政学,2014历史学院考古学（文物鉴定方向）,2014历史学院考古学,2014历史学院历史学",0,仙林校区,2014-2015学年 第1学期,61172,无,0.0,否,,3,2,04,30,0,体育（一）,,第5节-第6节,,00040010A
16.0,400340,体育（一）足  球11,2014100040010A61173,体育课,3,,31,4-18周,0,程涛,4-18周 周三 第5节-第6节 ,1.0,体育部,否,实践类课程,周三,2014-2015-1,,2014100040010A61173,"2014历史学院历史学类,2014化学学院应用化学,2014化学学院化学,2014外国语学院朝鲜语,2014外国语学院西班牙语,2014外国语学院德语,2014外国语学院法语,2014外国语学院日语,2014外国语学院俄语,2014外国语学院英语,2014信息管理学院编辑出版学,2014信息管理学院档案学,2014信息管理学院信息管理与信息系统,2014政府管理学院劳动与社会保障,2014政府管理学院国际政治,2014政府管理学院行政管理,2014政府管理学院政治学与行政学,2014历史学院考古学（文物鉴定方向）,2014历史学院考古学,2014历史学院历史学",0,仙林校区,2014-2015学年 第1学期,61173,无,0.0,否,,3,2,04,30,0,体育（一）,,第5节-第6节,,00040010A
16.0,400340,体育（一）跆拳道6,2014100040010A61174,体育课,3,,35,4-18周,0,王慧,4-18周 周三 第5节-第6节 ,1.0,体育部,否,实践类课程,周三,2014-2015-1,,2014100040010A61174,"2014历史学院历史学类,2014化学学院应用化学,2014化学学院化学,2014外国语学院朝鲜语,2014外国语学院西班牙语,2014外国语学院德语,2014外国语学院法语,2014外国语学院日语,2014外国语学院俄语,2014外国语学院英语,2014信息管理学院编辑出版学,2014信息管理学院档案学,2014信息管理学院信息管理与信息系统,2014政府管理学院劳动与社会保障,2014政府管理学院国际政治,2014政府管理学院行政管理,2014政府管理学院政治学与行政学,2014历史学院考古学（文物鉴定方向）,2014历史学院考古学,2014历史学院历史学",0,仙林校区,2014-2015学年 第1学期,61174,无,0.0,否,,3,2,04,30,0,体育（一）,,第5节-第6节,,00040010A
16.0,400340,体育（一）健美操18,2014100040010A61175,体育课,3,,35,4-18周,0,孙雯,4-18周 周三 第5节-第6节 ,1.0,体育部,否,实践类课程,周三,2014-2015-1,,2014100040010A61175,"2014历史学院历史学类,2014化学学院应用化学,2014化学学院化学,2014外国语学院朝鲜语,2014外国语学院西班牙语,2014外国语学院德语,2014外国语学院法语,2014外国语学院日语,2014外国语学院俄语,2014外国语学院英语,2014信息管理学院编辑出版学,2014信息管理学院档案学,2014信息管理学院信息管理与信息系统,2014政府管理学院劳动与社会保障,2014政府管理学院国际政治,2014政府管理学院行政管理,2014政府管理学院政治学与行政学,2014历史学院考古学（文物鉴定方向）,2014历史学院考古学,2014历史学院历史学",0,仙林校区,2014-2015学年 第1学期,61175,无,0.0,否,,3,2,04,30,0,体育（一）,,第5节-第6节,,00040010A
16.0,400340,体育（一）排  球14,2014100040010A61176,体育课,3,,31,4-18周,0,罗卫民,4-18周 周三 第5节-第6节 ,1.0,体育部,否,实践类课程,周三,2014-2015-1,,2014100040010A61176,"2014历史学院历史学类,2014化学学院应用化学,2014化学学院化学,2014外国语学院朝鲜语,2014外国语学院西班牙语,2014外国语学院德语,2014外国语学院法语,2014外国语学院日语,2014外国语学院俄语,2014外国语学院英语,2014信息管理学院编辑出版学,2014信息管理学院档案学,2014信息管理学院信息管理与信息系统,2014政府管理学院劳动与社会保障,2014政府管理学院国际政治,2014政府管理学院行政管理,2014政府管理学院政治学与行政学,2014历史学院考古学（文物鉴定方向）,2014历史学院考古学,2014历史学院历史学",0,仙林校区,2014-2015学年 第1学期,61176,无,0.0,否,,3,2,04,30,0,体育（一）,,第5节-第6节,,00040010A
16.0,400340,体育（一）羽毛球11,2014100040010A61177,体育课,3,,29,4-18周,0,沈乐群,4-18周 周三 第5节-第6节 ,1.0,体育部,否,实践类课程,周三,2014-2015-1,,2014100040010A61177,"2014历史学院历史学类,2014化学学院应用化学,2014化学学院化学,2014外国语学院朝鲜语,2014外国语学院西班牙语,2014外国语学院德语,2014外国语学院法语,2014外国语学院日语,2014外国语学院俄语,2014外国语学院英语,2014信息管理学院编辑出版学,2014信息管理学院档案学,2014信息管理学院信息管理与信息系统,2014政府管理学院劳动与社会保障,2014政府管理学院国际政治,2014政府管理学院行政管理,2014政府管理学院政治学与行政学,2014历史学院考古学（文物鉴定方向）,2014历史学院考古学,2014历史学院历史学",0,仙林校区,2014-2015学年 第1学期,61177,无,0.0,否,,3,2,04,30,0,体育（一）,,第5节-第6节,,00040010A
16.0,400340,体育（一）游  泳6,2014100040010A61178,体育课,3,,32,4-18周,0,李海军,4-18周 周三 第5节-第6节 ,1.0,体育部,否,实践类课程,周三,2014-2015-1,,2014100040010A61178,"2014历史学院历史学类,2014化学学院应用化学,2014化学学院化学,2014外国语学院朝鲜语,2014外国语学院西班牙语,2014外国语学院德语,2014外国语学院法语,2014外国语学院日语,2014外国语学院俄语,2014外国语学院英语,2014信息管理学院编辑出版学,2014信息管理学院档案学,2014信息管理学院信息管理与信息系统,2014政府管理学院劳动与社会保障,2014政府管理学院国际政治,2014政府管理学院行政管理,2014政府管理学院政治学与行政学,2014历史学院考古学（文物鉴定方向）,2014历史学院考古学,2014历史学院历史学",0,仙林校区,2014-2015学年 第1学期,61178,无,0.0,否,,3,2,04,30,0,体育（一）,,第5节-第6节,,00040010A
16.0,400340,体育（一）足  球12,2014100040010A61179,体育课,3,,18,4-18周,0,夏军,4-18周 周三 第5节-第6节 ,1.0,体育部,否,实践类课程,周三,2014-2015-1,,2014100040010A61179,"2014历史学院历史学类,2014化学学院应用化学,2014化学学院化学,2014外国语学院朝鲜语,2014外国语学院西班牙语,2014外国语学院德语,2014外国语学院法语,2014外国语学院日语,2014外国语学院俄语,2014外国语学院英语,2014信息管理学院编辑出版学,2014信息管理学院档案学,2014信息管理学院信息管理与信息系统,2014政府管理学院劳动与社会保障,2014政府管理学院国际政治,2014政府管理学院行政管理,2014政府管理学院政治学与行政学,2014历史学院考古学（文物鉴定方向）,2014历史学院考古学,2014历史学院历史学",0,仙林校区,2014-2015学年 第1学期,61179,无,0.0,否,,3,2,04,30,0,体育（一）,,第5节-第6节,,00040010A
16.0,400340,体育（一）篮  球17,2014100040010A61180,体育课,3,,32,4-18周,0,翟一飞,4-18周 周三 第5节-第6节 ,1.0,体育部,否,实践类课程,周三,2014-2015-1,,2014100040010A61180,"2014历史学院历史学类,2014化学学院应用化学,2014化学学院化学,2014外国语学院朝鲜语,2014外国语学院西班牙语,2014外国语学院德语,2014外国语学院法语,2014外国语学院日语,2014外国语学院俄语,2014外国语学院英语,2014信息管理学院编辑出版学,2014信息管理学院档案学,2014信息管理学院信息管理与信息系统,2014政府管理学院劳动与社会保障,2014政府管理学院国际政治,2014政府管理学院行政管理,2014政府管理学院政治学与行政学,2014历史学院考古学（文物鉴定方向）,2014历史学院考古学,2014历史学院历史学",0,仙林校区,2014-2015学年 第1学期,61180,无,0.0,否,,3,2,04,30,0,体育（一）,,第5节-第6节,,00040010A
16.0,400340,体育（一）篮  球14,2014100040010A61181,体育课,3,,20,4-18周,0,翟一飞,4-18周 周三 第3节-第4节 ,1.0,体育部,否,实践类课程,周三,2014-2015-1,,2014100040010A61181,"2014商学院经济学类,2014现代工程与应用科学学院生物医学工程,2014现代工程与应用科学学院新能源科学与工程,2014现代工程与应用科学学院光电信息科学与工程,2014现代工程与应用科学学院材料化学,2014现代工程与应用科学学院材料物理,2014现代工程与应用科学学院材料类,2014商学院经济学（产业经济方向）,2014商学院金融工程,2014商学院保险学,2014商学院工商管理（人力资源管理方向）,2014商学院工商管理类,2014商学院市场营销,2014商学院电子商务,2014商学院金融学,2014商学院财务管理,2014商学院会计学,2014商学院工商管理,2014商学院国际经济与贸易,2014商学院经济学",0,仙林校区,2014-2015学年 第1学期,61181,无,0.0,否,,3,2,04,30,0,体育（一）,,第3节-第4节,,00040010A
16.0,400340,体育（一）篮 球11,2014100040010A61182,体育课,3,,27,4-18周,0,翟一飞,4-18周 周三 第1节-第2节 ,1.0,体育部,否,实践类课程,周三,2014-2015-1,,2014100040010A61182,"2014文学院汉语言文学,2014建筑与城市规划学院城乡规划,2014建筑与城市规划学院建筑学,2014物理学院声学,2014物理学院物理学,2014新闻传播学院广告学,2014新闻传播学院新闻学,2014新闻传播学院新闻传播学类,2014哲学学院哲学,2014法学院法学,2014文学院戏剧影视文学",0,仙林校区,2014-2015学年 第1学期,61182,无,0.0,否,,3,2,04,30,0,体育（一）,,第1节-第2节,,00040010A
16.0,400340,体育（一）篮 球12,2014100040010A61183,体育课,3,,33,4-18周,0,陈刚,4-18周 周三 第1节-第2节 ,1.0,体育部,否,实践类课程,周三,2014-2015-1,,2014100040010A61183,"2014文学院汉语言文学,2014建筑与城市规划学院城乡规划,2014建筑与城市规划学院建筑学,2014物理学院声学,2014物理学院物理学,2014新闻传播学院广告学,2014新闻传播学院新闻学,2014新闻传播学院新闻传播学类,2014哲学学院哲学,2014法学院法学,2014文学院戏剧影视文学",0,仙林校区,2014-2015学年 第1学期,61183,无,0.0,否,,3,2,04,30,0,体育（一）,,第1节-第2节,,00040010A
16.0,400340,体育（一）篮 球13,2014100040010A61184,体育课,3,,32,4-18周,0,鲍大卫,4-18周 周三 第1节-第2节 ,1.0,体育部,否,实践类课程,周三,2014-2015-1,,2014100040010A61184,"2014文学院汉语言文学,2014建筑与城市规划学院城乡规划,2014建筑与城市规划学院建筑学,2014物理学院声学,2014物理学院物理学,2014新闻传播学院广告学,2014新闻传播学院新闻学,2014新闻传播学院新闻传播学类,2014哲学学院哲学,2014法学院法学,2014文学院戏剧影视文学",0,仙林校区,2014-2015学年 第1学期,61184,无,0.0,否,,3,2,04,30,0,体育（一）,,第1节-第2节,,00040010A
16.0,400340,体育（一）排  球9,2014100040010A61185,体育课,3,,31,4-18周,0,王喆,4-18周 周三 第1节-第2节 ,1.0,体育部,否,实践类课程,周三,2014-2015-1,,2014100040010A61185,"2014文学院汉语言文学,2014建筑与城市规划学院城乡规划,2014建筑与城市规划学院建筑学,2014物理学院声学,2014物理学院物理学,2014新闻传播学院广告学,2014新闻传播学院新闻学,2014新闻传播学院新闻传播学类,2014哲学学院哲学,2014法学院法学,2014文学院戏剧影视文学",0,仙林校区,2014-2015学年 第1学期,61185,无,0.0,否,,3,2,04,30,0,体育（一）,,第1节-第2节,,00040010A
16.0,400340,体育（一）足  球7,2014100040010A61186,体育课,3,,32,4-18周,0,程涛,4-18周 周三 第1节-第2节 ,1.0,体育部,否,实践类课程,周三,2014-2015-1,,2014100040010A61186,"2014文学院汉语言文学,2014建筑与城市规划学院城乡规划,2014建筑与城市规划学院建筑学,2014物理学院声学,2014物理学院物理学,2014新闻传播学院广告学,2014新闻传播学院新闻学,2014新闻传播学院新闻传播学类,2014哲学学院哲学,2014法学院法学,2014文学院戏剧影视文学",0,仙林校区,2014-2015学年 第1学期,61186,无,0.0,否,,3,2,04,30,0,体育（一）,,第1节-第2节,,00040010A
16.0,400340,体育（一）足  球8,2014100040010A61187,体育课,3,,35,4-18周,0,夏军,4-18周 周三 第1节-第2节 ,1.0,体育部,否,实践类课程,周三,2014-2015-1,,2014100040010A61187,"2014文学院汉语言文学,2014建筑与城市规划学院城乡规划,2014建筑与城市规划学院建筑学,2014物理学院声学,2014物理学院物理学,2014新闻传播学院广告学,2014新闻传播学院新闻学,2014新闻传播学院新闻传播学类,2014哲学学院哲学,2014法学院法学,2014文学院戏剧影视文学",0,仙林校区,2014-2015学年 第1学期,61187,无,0.0,否,,3,2,04,30,0,体育（一）,,第1节-第2节,,00040010A
16.0,400340,体育（一）健美操19,2014100040010A61331,体育课,3,,35,4-18周,0,陈樨,4-18周 周三 第5节-第6节 ,1.0,体育部,否,实践类课程,周三,2014-2015-1,,2014100040010A61331,"2014历史学院历史学类,2014化学学院应用化学,2014化学学院化学,2014外国语学院朝鲜语,2014外国语学院西班牙语,2014外国语学院德语,2014外国语学院法语,2014外国语学院日语,2014外国语学院俄语,2014外国语学院英语,2014信息管理学院编辑出版学,2014信息管理学院档案学,2014信息管理学院信息管理与信息系统,2014政府管理学院劳动与社会保障,2014政府管理学院国际政治,2014政府管理学院行政管理,2014政府管理学院政治学与行政学,2014历史学院考古学（文物鉴定方向）,2014历史学院考古学,2014历史学院历史学",0,仙林校区,2014-2015学年 第1学期,61331,无,0.0,否,,3,2,04,30,0,体育（一）,,第5节-第6节,,00040010A
16.0,400340,体育（一）健美操20,2014100040010A61333,体育课,3,,33,4-18周,0,姜艳,4-18周 周三 第5节-第6节 ,1.0,体育部,否,实践类课程,周三,2014-2015-1,,2014100040010A61333,"2014历史学院历史学类,2014化学学院应用化学,2014化学学院化学,2014外国语学院朝鲜语,2014外国语学院西班牙语,2014外国语学院德语,2014外国语学院法语,2014外国语学院日语,2014外国语学院俄语,2014外国语学院英语,2014信息管理学院编辑出版学,2014信息管理学院档案学,2014信息管理学院信息管理与信息系统,2014政府管理学院劳动与社会保障,2014政府管理学院国际政治,2014政府管理学院行政管理,2014政府管理学院政治学与行政学,2014历史学院考古学（文物鉴定方向）,2014历史学院考古学,2014历史学院历史学",0,仙林校区,2014-2015学年 第1学期,61333,无,0.0,否,,3,2,04,30,0,体育（一）,,第5节-第6节,,00040010A
16.0,400340,体育（一）健美操21,2014100040010A61334,体育课,3,,32,4-18周,0,谭琳,4-18周 周三 第5节-第6节 ,1.0,体育部,否,实践类课程,周三,2014-2015-1,,2014100040010A61334,"2014历史学院历史学类,2014化学学院应用化学,2014化学学院化学,2014外国语学院朝鲜语,2014外国语学院西班牙语,2014外国语学院德语,2014外国语学院法语,2014外国语学院日语,2014外国语学院俄语,2014外国语学院英语,2014信息管理学院编辑出版学,2014信息管理学院档案学,2014信息管理学院信息管理与信息系统,2014政府管理学院劳动与社会保障,2014政府管理学院国际政治,2014政府管理学院行政管理,2014政府管理学院政治学与行政学,2014历史学院考古学（文物鉴定方向）,2014历史学院考古学,2014历史学院历史学",0,仙林校区,2014-2015学年 第1学期,61334,无,0.0,否,,3,2,04,30,0,体育（一）,,第5节-第6节,,00040010A
16.0,400340,体育（一）乒乓球6,2014100040010A61335,体育课,3,,34,4-18周,0,谢争,4-18周 周三 第5节-第6节 ,1.0,体育部,否,实践类课程,周三,2014-2015-1,,2014100040010A61335,"2014历史学院历史学类,2014化学学院应用化学,2014化学学院化学,2014外国语学院朝鲜语,2014外国语学院西班牙语,2014外国语学院德语,2014外国语学院法语,2014外国语学院日语,2014外国语学院俄语,2014外国语学院英语,2014信息管理学院编辑出版学,2014信息管理学院档案学,2014信息管理学院信息管理与信息系统,2014政府管理学院劳动与社会保障,2014政府管理学院国际政治,2014政府管理学院行政管理,2014政府管理学院政治学与行政学,2014历史学院考古学（文物鉴定方向）,2014历史学院考古学,2014历史学院历史学",0,仙林校区,2014-2015学年 第1学期,61335,无,0.0,否,,3,2,04,30,0,体育（一）,,第5节-第6节,,00040010A
16.0,400340,体育（一）太极拳9,2014100040010A61336,体育课,3,,33,4-18周,0,吕艳玲,4-18周 周三 第5节-第6节 ,1.0,体育部,否,实践类课程,周三,2014-2015-1,,2014100040010A61336,"2014历史学院历史学类,2014化学学院应用化学,2014化学学院化学,2014外国语学院朝鲜语,2014外国语学院西班牙语,2014外国语学院德语,2014外国语学院法语,2014外国语学院日语,2014外国语学院俄语,2014外国语学院英语,2014信息管理学院编辑出版学,2014信息管理学院档案学,2014信息管理学院信息管理与信息系统,2014政府管理学院劳动与社会保障,2014政府管理学院国际政治,2014政府管理学院行政管理,2014政府管理学院政治学与行政学,2014历史学院考古学（文物鉴定方向）,2014历史学院考古学,2014历史学院历史学",0,仙林校区,2014-2015学年 第1学期,61336,无,0.0,否,,3,2,04,30,0,体育（一）,,第5节-第6节,,00040010A
16.0,400340,体育（一）羽毛球12,2014100040010A61337,体育课,3,,32,4-18周,0,吴明,4-18周 周三 第5节-第6节 ,1.0,体育部,否,实践类课程,周三,2014-2015-1,,2014100040010A61337,"2014历史学院历史学类,2014化学学院应用化学,2014化学学院化学,2014外国语学院朝鲜语,2014外国语学院西班牙语,2014外国语学院德语,2014外国语学院法语,2014外国语学院日语,2014外国语学院俄语,2014外国语学院英语,2014信息管理学院编辑出版学,2014信息管理学院档案学,2014信息管理学院信息管理与信息系统,2014政府管理学院劳动与社会保障,2014政府管理学院国际政治,2014政府管理学院行政管理,2014政府管理学院政治学与行政学,2014历史学院考古学（文物鉴定方向）,2014历史学院考古学,2014历史学院历史学",0,仙林校区,2014-2015学年 第1学期,61337,无,0.0,否,,3,2,04,30,0,体育（一）,,第5节-第6节,,00040010A
16.0,400340,体育（一）毽  球6,2014100040010A61338,体育课,3,,24,4-18周,0,周梅芳,4-18周 周三 第5节-第6节 ,1.0,体育部,否,实践类课程,周三,2014-2015-1,,2014100040010A61338,"2014历史学院历史学类,2014化学学院应用化学,2014化学学院化学,2014外国语学院朝鲜语,2014外国语学院西班牙语,2014外国语学院德语,2014外国语学院法语,2014外国语学院日语,2014外国语学院俄语,2014外国语学院英语,2014信息管理学院编辑出版学,2014信息管理学院档案学,2014信息管理学院信息管理与信息系统,2014政府管理学院劳动与社会保障,2014政府管理学院国际政治,2014政府管理学院行政管理,2014政府管理学院政治学与行政学,2014历史学院考古学（文物鉴定方向）,2014历史学院考古学,2014历史学院历史学",0,仙林校区,2014-2015学年 第1学期,61338,无,0.0,否,,3,2,04,30,0,体育（一）,,第5节-第6节,,00040010A
16.0,400340,篮球1班,2014100040010C58775,体育课,3,,26,1-18周,0,张弓,1-18周 周二 第1节-第2节 ,1.0,体育部,否,实践类课程,周二,2014-2015-1,,2014100040010C58775,"2013历史学院历史学,2013地球科学与工程学院地质学（地球物理学方向）,2013地球科学与工程学院地下水科学与工程,2013地球科学与工程学院地质学（古生物学方向）,2013地球科学与工程学院水文与水资源工程,2013地球科学与工程学院地质工程,2013地球科学与工程学院地球化学,2013地球科学与工程学院地质学,2013商学院经济学（产业经济方向）,2013商学院金融工程,2013商学院保险学,2013商学院工商管理（人力资源管理方向）,2013商学院工商管理类,2013商学院市场营销,2013商学院电子商务,2013商学院金融学,2013商学院财务管理,2013商学院会计学,2013商学院工商管理,2013商学院国际经济与贸易,2013商学院经济学,2013商学院经济学类,2013历史学院考古学（文物鉴定方向）,2013历史学院考古学",0,仙林校区,2014-2015学年 第1学期,58775,无,0.0,否,,3,2,04,30,0,体育（三）,,第1节-第2节,,00040010C
16.0,400340,篮球3班,2014100040010C58776,体育课,3,,34,1-18周,0,巩绪伟,1-18周 周二 第3节-第4节 ,1.0,体育部,否,实践类课程,周二,2014-2015-1,,2014100040010C58776,"2013物理学院物理学（拔尖计划）,2013建筑与城市规划学院城乡规划,2013建筑与城市规划学院建筑学,2013工程管理学院电气信息类,2013工程管理学院金融工程,2013工程管理学院工业工程,2013工程管理学院自动化,2013匡亚明学院理科强化班,2013计算机学院计算机科学与技术（拔尖计划）,2013现代工程与应用科学学院生物医学工程,2013现代工程与应用科学学院新能源科学与工程,2013现代工程与应用科学学院光电信息科学与工程,2013现代工程与应用科学学院材料化学,2013现代工程与应用科学学院材料物理,2013现代工程与应用科学学院材料类",0,仙林校区,2014-2015学年 第1学期,58776,无,0.0,否,,3,2,04,30,0,体育（三）,,第3节-第4节,,00040010C
16.0,400340,排球5班,2014100040010C58777,体育课,3,,32,1-18周,0,宋杨,1-18周 周二 第5节-第6节 ,1.0,体育部,否,实践类课程,周二,2014-2015-1,,2014100040010C58777,"2013数学学院数学类,2013软件学院软件工程,2013软件学院软件学类,2013大气科学学院应用气象学,2013大气科学学院大气科学,2013地理与海洋科学学院自然地理与资源环境,2013地理与海洋科学学院地理信息科学,2013地理与海洋科学学院海洋科学,2013地理与海洋科学学院旅游管理,2013地理与海洋科学学院地理科学,2013地理与海洋科学学院地理科学类,2013数学学院应用模块,2013数学学院统计学,2013数学学院信息与计算科学,2013数学学院数学与应用数学",0,仙林校区,2014-2015学年 第1学期,58777,无,0.0,否,,3,2,04,30,0,体育（三）,,第5节-第6节,,00040010C
16.0,400340,篮球4班,2014100040010C58778,体育课,3,,32,1-18周,0,李勇,1-18周 周四 第1节-第2节 ,1.0,体育部,否,实践类课程,周四,2014-2015-1,,2014100040010C58778,"2013文学院汉语言文学,2013环境学院环境科学（环规）,2013环境学院环境科学（环生）,2013环境学院环境科学（环化）,2013环境学院环境工程,2013环境学院环境科学与工程类,2013物理学院声学,2013物理学院物理学,2013法学院法学类,2013文学院戏剧影视文学",0,仙林校区,2014-2015学年 第1学期,58778,无,0.0,否,,3,2,04,30,0,体育（三）,,第1节-第2节,,00040010C
16.0,400340,乒乓球提高5班,2014100040010C58779,体育课,3,,9,1-18周,0,臧育扬,1-18周 周四 第3节-第4节 ,1.0,体育部,否,实践类课程,周四,2014-2015-1,,2014100040010C58779,"2013哲学学院哲学,2013计算机学院计算机科学与技术,2013天文与空间科学学院空间科学与技术,2013天文与空间科学学院天文学,2013电子科学与工程学院微电子科学与工程,2013电子科学与工程学院生物医学工程,2013电子科学与工程学院通信工程,2013电子科学与工程学院电子信息科学与技术,2013政府管理学院行政管理（劳动与社会保障）,2013政府管理学院政治学,2013政府管理学院国际政治,2013政府管理学院行政管理,2013政府管理学院政治学与行政学,2013政府管理学院公共管理类",0,仙林校区,2014-2015学年 第1学期,58779,无,0.0,否,,3,2,04,30,0,体育（三）,,第3节-第4节,,00040010C
16.0,400340,跆拳道6班,2014100040010C58780,体育课,3,,26,1-18周,0,王慧,1-18周 周四 第5节-第6节 ,1.0,体育部,否,实践类课程,周四,2014-2015-1,,2014100040010C58780,"2013新闻传播学院新闻学,2013化学学院应用化学,2013化学学院化学,2013外国语学院朝鲜语,2013外国语学院西班牙语,2013外国语学院德语,2013外国语学院法语,2013外国语学院日语,2013外国语学院俄语,2013外国语学院英语,2013信息管理学院编辑出版学,2013信息管理学院档案学,2013信息管理学院图书馆学,2013信息管理学院信息管理与信息系统,2013新闻传播学院广播电视学,2013新闻传播学院广告学",0,仙林校区,2014-2015学年 第1学期,58780,无,0.0,否,,3,2,04,30,0,体育（三）,,第5节-第6节,,00040010C
16.0,400340,游泳9班,2014100040010C58781,体育课,3,,30,1-18周,0,朱唯唯,1-18周 周五 第1节-第2节 ,1.0,体育部,否,实践类课程,周五,2014-2015-1,,2014100040010C58781,"2013医学院临床医学,2013海外教育学院汉语国际教育,2013海外教育学院汉语言,2013医学院口腔医学",0,仙林校区,2014-2015学年 第1学期,58781,无,0.0,否,,3,2,04,30,0,体育（三）,,第1节-第2节,,00040010C
16.0,400340,游泳10班,2014100040010C58782,体育课,3,,28,1-18周,0,朱唯唯,1-18周 周五 第3节-第4节 ,1.0,体育部,否,实践类课程,周五,2014-2015-1,,2014100040010C58782,"2013社会学院社会学类,2013生命科学学院生物科学类,2013社会学院应用心理学,2013社会学院社会工作,2013社会学院社会学",0,仙林校区,2014-2015学年 第1学期,58782,无,0.0,否,,3,2,04,30,0,体育（三）,,第3节-第4节,,00040010C
16.0,400340,交谊舞1班,2014100040010C58824,体育课,3,,12,1-18周,0,沈如玲,1-18周 周二 第1节-第2节 ,1.0,体育部,否,实践类课程,周二,2014-2015-1,,2014100040010C58824,"2013历史学院历史学,2013地球科学与工程学院地质学（地球物理学方向）,2013地球科学与工程学院地下水科学与工程,2013地球科学与工程学院地质学（古生物学方向）,2013地球科学与工程学院水文与水资源工程,2013地球科学与工程学院地质工程,2013地球科学与工程学院地球化学,2013地球科学与工程学院地质学,2013商学院经济学（产业经济方向）,2013商学院金融工程,2013商学院保险学,2013商学院工商管理（人力资源管理方向）,2013商学院工商管理类,2013商学院市场营销,2013商学院电子商务,2013商学院金融学,2013商学院财务管理,2013商学院会计学,2013商学院工商管理,2013商学院国际经济与贸易,2013商学院经济学,2013商学院经济学类,2013历史学院考古学（文物鉴定方向）,2013历史学院考古学",0,仙林校区,2014-2015学年 第1学期,58824,无,0.0,否,,3,2,04,30,0,体育（三）,,第1节-第2节,,00040010C
16.0,400340,健身排舞1班,2014100040010C58825,体育课,3,,30,1-18周,0,唐苏丽,1-18周 周二 第1节-第2节 ,1.0,体育部,否,实践类课程,周二,2014-2015-1,,2014100040010C58825,"2013历史学院历史学,2013地球科学与工程学院地质学（地球物理学方向）,2013地球科学与工程学院地下水科学与工程,2013地球科学与工程学院地质学（古生物学方向）,2013地球科学与工程学院水文与水资源工程,2013地球科学与工程学院地质工程,2013地球科学与工程学院地球化学,2013地球科学与工程学院地质学,2013商学院经济学（产业经济方向）,2013商学院金融工程,2013商学院保险学,2013商学院工商管理（人力资源管理方向）,2013商学院工商管理类,2013商学院市场营销,2013商学院电子商务,2013商学院金融学,2013商学院财务管理,2013商学院会计学,2013商学院工商管理,2013商学院国际经济与贸易,2013商学院经济学,2013商学院经济学类,2013历史学院考古学（文物鉴定方向）,2013历史学院考古学",0,仙林校区,2014-2015学年 第1学期,58825,无,0.0,否,,3,2,04,30,0,体育（三）,,第1节-第2节,,00040010C
16.0,400340,篮球2班,2014100040010C58826,体育课,3,,24,1-18周,0,巩绪伟,1-18周 周二 第1节-第2节 ,1.0,体育部,否,实践类课程,周二,2014-2015-1,,2014100040010C58826,"2013历史学院历史学,2013地球科学与工程学院地质学（地球物理学方向）,2013地球科学与工程学院地下水科学与工程,2013地球科学与工程学院地质学（古生物学方向）,2013地球科学与工程学院水文与水资源工程,2013地球科学与工程学院地质工程,2013地球科学与工程学院地球化学,2013地球科学与工程学院地质学,2013商学院经济学（产业经济方向）,2013商学院金融工程,2013商学院保险学,2013商学院工商管理（人力资源管理方向）,2013商学院工商管理类,2013商学院市场营销,2013商学院电子商务,2013商学院金融学,2013商学院财务管理,2013商学院会计学,2013商学院工商管理,2013商学院国际经济与贸易,2013商学院经济学,2013商学院经济学类,2013历史学院考古学（文物鉴定方向）,2013历史学院考古学",0,仙林校区,2014-2015学年 第1学期,58826,无,0.0,否,,3,2,04,30,0,体育（三）,,第1节-第2节,,00040010C
16.0,400340,排球1班,2014100040010C58827,体育课,3,,27,1-18周,0,宋杨,1-18周 周二 第1节-第2节 ,1.0,体育部,否,实践类课程,周二,2014-2015-1,,2014100040010C58827,"2013历史学院历史学,2013地球科学与工程学院地质学（地球物理学方向）,2013地球科学与工程学院地下水科学与工程,2013地球科学与工程学院地质学（古生物学方向）,2013地球科学与工程学院水文与水资源工程,2013地球科学与工程学院地质工程,2013地球科学与工程学院地球化学,2013地球科学与工程学院地质学,2013商学院经济学（产业经济方向）,2013商学院金融工程,2013商学院保险学,2013商学院工商管理（人力资源管理方向）,2013商学院工商管理类,2013商学院市场营销,2013商学院电子商务,2013商学院金融学,2013商学院财务管理,2013商学院会计学,2013商学院工商管理,2013商学院国际经济与贸易,2013商学院经济学,2013商学院经济学类,2013历史学院考古学（文物鉴定方向）,2013历史学院考古学",0,仙林校区,2014-2015学年 第1学期,58827,无,0.0,否,,3,2,04,30,0,体育（三）,,第1节-第2节,,00040010C
16.0,400340,足球初级1班,2014100040010C58828,体育课,3,,28,1-18周,0,吴海乐,1-18周 周二 第1节-第2节 ,1.0,体育部,否,实践类课程,周二,2014-2015-1,,2014100040010C58828,"2013历史学院历史学,2013地球科学与工程学院地质学（地球物理学方向）,2013地球科学与工程学院地下水科学与工程,2013地球科学与工程学院地质学（古生物学方向）,2013地球科学与工程学院水文与水资源工程,2013地球科学与工程学院地质工程,2013地球科学与工程学院地球化学,2013地球科学与工程学院地质学,2013商学院经济学（产业经济方向）,2013商学院金融工程,2013商学院保险学,2013商学院工商管理（人力资源管理方向）,2013商学院工商管理类,2013商学院市场营销,2013商学院电子商务,2013商学院金融学,2013商学院财务管理,2013商学院会计学,2013商学院工商管理,2013商学院国际经济与贸易,2013商学院经济学,2013商学院经济学类,2013历史学院考古学（文物鉴定方向）,2013历史学院考古学",0,仙林校区,2014-2015学年 第1学期,58828,无,0.0,否,,3,2,04,30,0,体育（三）,,第1节-第2节,,00040010C
16.0,400340,足球提高1班,2014100040010C58829,体育课,3,,26,1-18周,0,李俊,1-18周 周二 第1节-第2节 ,1.0,体育部,否,实践类课程,周二,2014-2015-1,,2014100040010C58829,"2013历史学院历史学,2013地球科学与工程学院地质学（地球物理学方向）,2013地球科学与工程学院地下水科学与工程,2013地球科学与工程学院地质学（古生物学方向）,2013地球科学与工程学院水文与水资源工程,2013地球科学与工程学院地质工程,2013地球科学与工程学院地球化学,2013地球科学与工程学院地质学,2013商学院经济学（产业经济方向）,2013商学院金融工程,2013商学院保险学,2013商学院工商管理（人力资源管理方向）,2013商学院工商管理类,2013商学院市场营销,2013商学院电子商务,2013商学院金融学,2013商学院财务管理,2013商学院会计学,2013商学院工商管理,2013商学院国际经济与贸易,2013商学院经济学,2013商学院经济学类,2013历史学院考古学（文物鉴定方向）,2013历史学院考古学",0,仙林校区,2014-2015学年 第1学期,58829,无,0.0,否,,3,2,04,30,0,体育（三）,,第1节-第2节,,00040010C
16.0,400340,羽毛球提高1班,2014100040010C58830,体育课,3,,14,1-18周,0,邵力平,1-18周 周二 第1节-第2节 ,1.0,体育部,否,实践类课程,周二,2014-2015-1,,2014100040010C58830,"2013历史学院历史学,2013地球科学与工程学院地质学（地球物理学方向）,2013地球科学与工程学院地下水科学与工程,2013地球科学与工程学院地质学（古生物学方向）,2013地球科学与工程学院水文与水资源工程,2013地球科学与工程学院地质工程,2013地球科学与工程学院地球化学,2013地球科学与工程学院地质学,2013商学院经济学（产业经济方向）,2013商学院金融工程,2013商学院保险学,2013商学院工商管理（人力资源管理方向）,2013商学院工商管理类,2013商学院市场营销,2013商学院电子商务,2013商学院金融学,2013商学院财务管理,2013商学院会计学,2013商学院工商管理,2013商学院国际经济与贸易,2013商学院经济学,2013商学院经济学类,2013历史学院考古学（文物鉴定方向）,2013历史学院考古学",0,仙林校区,2014-2015学年 第1学期,58830,无,0.0,否,,3,2,04,30,0,体育（三）,,第1节-第2节,,00040010C
16.0,400340,体育舞蹈1班,2014100040010C58831,体育课,3,,21,1-18周,0,肖鹏,1-18周 周二 第1节-第2节 ,1.0,体育部,否,实践类课程,周二,2014-2015-1,,2014100040010C58831,"2013历史学院历史学,2013地球科学与工程学院地质学（地球物理学方向）,2013地球科学与工程学院地下水科学与工程,2013地球科学与工程学院地质学（古生物学方向）,2013地球科学与工程学院水文与水资源工程,2013地球科学与工程学院地质工程,2013地球科学与工程学院地球化学,2013地球科学与工程学院地质学,2013商学院经济学（产业经济方向）,2013商学院金融工程,2013商学院保险学,2013商学院工商管理（人力资源管理方向）,2013商学院工商管理类,2013商学院市场营销,2013商学院电子商务,2013商学院金融学,2013商学院财务管理,2013商学院会计学,2013商学院工商管理,2013商学院国际经济与贸易,2013商学院经济学,2013商学院经济学类,2013历史学院考古学（文物鉴定方向）,2013历史学院考古学",0,仙林校区,2014-2015学年 第1学期,58831,无,0.0,否,,3,2,04,30,0,体育（三）,,第1节-第2节,,00040010C
16.0,400340,拳击1班,2014100040010C58832,体育课,3,,28,1-18周,0,谢坚,1-18周 周二 第1节-第2节 ,1.0,体育部,否,实践类课程,周二,2014-2015-1,,2014100040010C58832,"2013历史学院历史学,2013地球科学与工程学院地质学（地球物理学方向）,2013地球科学与工程学院地下水科学与工程,2013地球科学与工程学院地质学（古生物学方向）,2013地球科学与工程学院水文与水资源工程,2013地球科学与工程学院地质工程,2013地球科学与工程学院地球化学,2013地球科学与工程学院地质学,2013商学院经济学（产业经济方向）,2013商学院金融工程,2013商学院保险学,2013商学院工商管理（人力资源管理方向）,2013商学院工商管理类,2013商学院市场营销,2013商学院电子商务,2013商学院金融学,2013商学院财务管理,2013商学院会计学,2013商学院工商管理,2013商学院国际经济与贸易,2013商学院经济学,2013商学院经济学类,2013历史学院考古学（文物鉴定方向）,2013历史学院考古学",0,仙林校区,2014-2015学年 第1学期,58832,无,0.0,否,,3,2,04,30,0,体育（三）,,第1节-第2节,,00040010C
16.0,400340,乒乓球提高1班,2014100040010C58833,体育课,3,,5,1-18周,0,冯晓雨,1-18周 周二 第1节-第2节 ,1.0,体育部,否,实践类课程,周二,2014-2015-1,,2014100040010C58833,"2013历史学院历史学,2013地球科学与工程学院地质学（地球物理学方向）,2013地球科学与工程学院地下水科学与工程,2013地球科学与工程学院地质学（古生物学方向）,2013地球科学与工程学院水文与水资源工程,2013地球科学与工程学院地质工程,2013地球科学与工程学院地球化学,2013地球科学与工程学院地质学,2013商学院经济学（产业经济方向）,2013商学院金融工程,2013商学院保险学,2013商学院工商管理（人力资源管理方向）,2013商学院工商管理类,2013商学院市场营销,2013商学院电子商务,2013商学院金融学,2013商学院财务管理,2013商学院会计学,2013商学院工商管理,2013商学院国际经济与贸易,2013商学院经济学,2013商学院经济学类,2013历史学院考古学（文物鉴定方向）,2013历史学院考古学",0,仙林校区,2014-2015学年 第1学期,58833,无,0.0,否,,3,2,04,30,0,体育（三）,,第1节-第2节,,00040010C
16.0,400340,乒乓球初级1班,2014100040010C58834,体育课,3,,6,1-18周,0,问梅,1-18周 周二 第1节-第2节 ,1.0,体育部,否,实践类课程,周二,2014-2015-1,,2014100040010C58834,"2013历史学院历史学,2013地球科学与工程学院地质学（地球物理学方向）,2013地球科学与工程学院地下水科学与工程,2013地球科学与工程学院地质学（古生物学方向）,2013地球科学与工程学院水文与水资源工程,2013地球科学与工程学院地质工程,2013地球科学与工程学院地球化学,2013地球科学与工程学院地质学,2013商学院经济学（产业经济方向）,2013商学院金融工程,2013商学院保险学,2013商学院工商管理（人力资源管理方向）,2013商学院工商管理类,2013商学院市场营销,2013商学院电子商务,2013商学院金融学,2013商学院财务管理,2013商学院会计学,2013商学院工商管理,2013商学院国际经济与贸易,2013商学院经济学,2013商学院经济学类,2013历史学院考古学（文物鉴定方向）,2013历史学院考古学",0,仙林校区,2014-2015学年 第1学期,58834,无,0.0,否,,3,2,04,30,0,体育（三）,,第1节-第2节,,00040010C
16.0,400340,羽毛球提高1班,2014100040010C58835,体育课,3,,14,1-18周,0,邵力平,1-18周 周二 第1节-第2节 ,1.0,体育部,否,实践类课程,周二,2014-2015-1,,2014100040010C58835,"2013历史学院历史学,2013地球科学与工程学院地质学（地球物理学方向）,2013地球科学与工程学院地下水科学与工程,2013地球科学与工程学院地质学（古生物学方向）,2013地球科学与工程学院水文与水资源工程,2013地球科学与工程学院地质工程,2013地球科学与工程学院地球化学,2013地球科学与工程学院地质学,2013商学院经济学（产业经济方向）,2013商学院金融工程,2013商学院保险学,2013商学院工商管理（人力资源管理方向）,2013商学院工商管理类,2013商学院市场营销,2013商学院电子商务,2013商学院金融学,2013商学院财务管理,2013商学院会计学,2013商学院工商管理,2013商学院国际经济与贸易,2013商学院经济学,2013商学院经济学类,2013历史学院考古学（文物鉴定方向）,2013历史学院考古学",0,仙林校区,2014-2015学年 第1学期,58835,无,0.0,否,,3,2,04,30,0,体育（三）,,第1节-第2节,,00040010C
16.0,400340,体育舞蹈1班,2014100040010C58836,体育课,3,,16,1-18周,0,肖鹏,1-18周 周二 第1节-第2节 ,1.0,体育部,否,实践类课程,周二,2014-2015-1,,2014100040010C58836,"2013历史学院历史学,2013地球科学与工程学院地质学（地球物理学方向）,2013地球科学与工程学院地下水科学与工程,2013地球科学与工程学院地质学（古生物学方向）,2013地球科学与工程学院水文与水资源工程,2013地球科学与工程学院地质工程,2013地球科学与工程学院地球化学,2013地球科学与工程学院地质学,2013商学院经济学（产业经济方向）,2013商学院金融工程,2013商学院保险学,2013商学院工商管理（人力资源管理方向）,2013商学院工商管理类,2013商学院市场营销,2013商学院电子商务,2013商学院金融学,2013商学院财务管理,2013商学院会计学,2013商学院工商管理,2013商学院国际经济与贸易,2013商学院经济学,2013商学院经济学类,2013历史学院考古学（文物鉴定方向）,2013历史学院考古学",0,仙林校区,2014-2015学年 第1学期,58836,无,0.0,否,,3,2,04,30,0,体育（三）,,第1节-第2节,,00040010C
16.0,400340,形体1班,2014100040010C58837,体育课,3,,31,1-18周,0,孙雯,1-18周 周二 第1节-第2节 ,1.0,体育部,否,实践类课程,周二,2014-2015-1,,2014100040010C58837,"2013历史学院历史学,2013地球科学与工程学院地质学（地球物理学方向）,2013地球科学与工程学院地下水科学与工程,2013地球科学与工程学院地质学（古生物学方向）,2013地球科学与工程学院水文与水资源工程,2013地球科学与工程学院地质工程,2013地球科学与工程学院地球化学,2013地球科学与工程学院地质学,2013商学院经济学（产业经济方向）,2013商学院金融工程,2013商学院保险学,2013商学院工商管理（人力资源管理方向）,2013商学院工商管理类,2013商学院市场营销,2013商学院电子商务,2013商学院金融学,2013商学院财务管理,2013商学院会计学,2013商学院工商管理,2013商学院国际经济与贸易,2013商学院经济学,2013商学院经济学类,2013历史学院考古学（文物鉴定方向）,2013历史学院考古学",0,仙林校区,2014-2015学年 第1学期,58837,无,0.0,否,,3,2,04,30,0,体育（三）,,第1节-第2节,,00040010C
16.0,400340,排球2班,2014100040010C58838,体育课,3,,31,1-18周,0,吕春松,1-18周 周二 第1节-第2节 ,1.0,体育部,否,实践类课程,周二,2014-2015-1,,2014100040010C58838,"2013历史学院历史学,2013地球科学与工程学院地质学（地球物理学方向）,2013地球科学与工程学院地下水科学与工程,2013地球科学与工程学院地质学（古生物学方向）,2013地球科学与工程学院水文与水资源工程,2013地球科学与工程学院地质工程,2013地球科学与工程学院地球化学,2013地球科学与工程学院地质学,2013商学院经济学（产业经济方向）,2013商学院金融工程,2013商学院保险学,2013商学院工商管理（人力资源管理方向）,2013商学院工商管理类,2013商学院市场营销,2013商学院电子商务,2013商学院金融学,2013商学院财务管理,2013商学院会计学,2013商学院工商管理,2013商学院国际经济与贸易,2013商学院经济学,2013商学院经济学类,2013历史学院考古学（文物鉴定方向）,2013历史学院考古学",0,仙林校区,2014-2015学年 第1学期,58838,无,0.0,否,,3,2,04,30,0,体育（三）,,第1节-第2节,,00040010C
16.0,400340,乒乓球提高1班,2014100040010C58839,体育课,3,,15,1-18周,0,冯晓雨,1-18周 周二 第1节-第2节 ,1.0,体育部,否,实践类课程,周二,2014-2015-1,,2014100040010C58839,"2013历史学院历史学,2013地球科学与工程学院地质学（地球物理学方向）,2013地球科学与工程学院地下水科学与工程,2013地球科学与工程学院地质学（古生物学方向）,2013地球科学与工程学院水文与水资源工程,2013地球科学与工程学院地质工程,2013地球科学与工程学院地球化学,2013地球科学与工程学院地质学,2013商学院经济学（产业经济方向）,2013商学院金融工程,2013商学院保险学,2013商学院工商管理（人力资源管理方向）,2013商学院工商管理类,2013商学院市场营销,2013商学院电子商务,2013商学院金融学,2013商学院财务管理,2013商学院会计学,2013商学院工商管理,2013商学院国际经济与贸易,2013商学院经济学,2013商学院经济学类,2013历史学院考古学（文物鉴定方向）,2013历史学院考古学",0,仙林校区,2014-2015学年 第1学期,58839,无,0.0,否,,3,2,04,30,0,体育（三）,,第1节-第2节,,00040010C
16.0,400340,乒乓球初级1班,2014100040010C58840,体育课,3,,22,1-18周,0,问梅,1-18周 周二 第1节-第2节 ,1.0,体育部,否,实践类课程,周二,2014-2015-1,,2014100040010C58840,"2013历史学院历史学,2013地球科学与工程学院地质学（地球物理学方向）,2013地球科学与工程学院地下水科学与工程,2013地球科学与工程学院地质学（古生物学方向）,2013地球科学与工程学院水文与水资源工程,2013地球科学与工程学院地质工程,2013地球科学与工程学院地球化学,2013地球科学与工程学院地质学,2013商学院经济学（产业经济方向）,2013商学院金融工程,2013商学院保险学,2013商学院工商管理（人力资源管理方向）,2013商学院工商管理类,2013商学院市场营销,2013商学院电子商务,2013商学院金融学,2013商学院财务管理,2013商学院会计学,2013商学院工商管理,2013商学院国际经济与贸易,2013商学院经济学,2013商学院经济学类,2013历史学院考古学（文物鉴定方向）,2013历史学院考古学",0,仙林校区,2014-2015学年 第1学期,58840,无,0.0,否,,3,2,04,30,0,体育（三）,,第1节-第2节,,00040010C
16.0,400340,羽毛球初级1班,2014100040010C58841,体育课,3,,29,1-18周,0,吴明,1-18周 周二 第1节-第2节 ,1.0,体育部,否,实践类课程,周二,2014-2015-1,,2014100040010C58841,"2013历史学院历史学,2013地球科学与工程学院地质学（地球物理学方向）,2013地球科学与工程学院地下水科学与工程,2013地球科学与工程学院地质学（古生物学方向）,2013地球科学与工程学院水文与水资源工程,2013地球科学与工程学院地质工程,2013地球科学与工程学院地球化学,2013地球科学与工程学院地质学,2013商学院经济学（产业经济方向）,2013商学院金融工程,2013商学院保险学,2013商学院工商管理（人力资源管理方向）,2013商学院工商管理类,2013商学院市场营销,2013商学院电子商务,2013商学院金融学,2013商学院财务管理,2013商学院会计学,2013商学院工商管理,2013商学院国际经济与贸易,2013商学院经济学,2013商学院经济学类,2013历史学院考古学（文物鉴定方向）,2013历史学院考古学",0,仙林校区,2014-2015学年 第1学期,58841,无,0.0,否,,3,2,04,30,0,体育（三）,,第1节-第2节,,00040010C
16.0,400340,交谊舞1班,2014100040010C58842,体育课,3,,16,1-18周,0,沈如玲,1-18周 周二 第1节-第2节 ,1.0,体育部,否,实践类课程,周二,2014-2015-1,,2014100040010C58842,"2013历史学院历史学,2013地球科学与工程学院地质学（地球物理学方向）,2013地球科学与工程学院地下水科学与工程,2013地球科学与工程学院地质学（古生物学方向）,2013地球科学与工程学院水文与水资源工程,2013地球科学与工程学院地质工程,2013地球科学与工程学院地球化学,2013地球科学与工程学院地质学,2013商学院经济学（产业经济方向）,2013商学院金融工程,2013商学院保险学,2013商学院工商管理（人力资源管理方向）,2013商学院工商管理类,2013商学院市场营销,2013商学院电子商务,2013商学院金融学,2013商学院财务管理,2013商学院会计学,2013商学院工商管理,2013商学院国际经济与贸易,2013商学院经济学,2013商学院经济学类,2013历史学院考古学（文物鉴定方向）,2013历史学院考古学",0,仙林校区,2014-2015学年 第1学期,58842,无,0.0,否,,3,2,04,30,0,体育（三）,,第1节-第2节,,00040010C
16.0,400340,毽球1班,2014100040010C58843,体育课,3,,30,1-18周,0,龚晖晖,1-18周 周二 第1节-第2节 ,1.0,体育部,否,实践类课程,周二,2014-2015-1,,2014100040010C58843,"2013历史学院历史学,2013地球科学与工程学院地质学（地球物理学方向）,2013地球科学与工程学院地下水科学与工程,2013地球科学与工程学院地质学（古生物学方向）,2013地球科学与工程学院水文与水资源工程,2013地球科学与工程学院地质工程,2013地球科学与工程学院地球化学,2013地球科学与工程学院地质学,2013商学院经济学（产业经济方向）,2013商学院金融工程,2013商学院保险学,2013商学院工商管理（人力资源管理方向）,2013商学院工商管理类,2013商学院市场营销,2013商学院电子商务,2013商学院金融学,2013商学院财务管理,2013商学院会计学,2013商学院工商管理,2013商学院国际经济与贸易,2013商学院经济学,2013商学院经济学类,2013历史学院考古学（文物鉴定方向）,2013历史学院考古学",0,仙林校区,2014-2015学年 第1学期,58843,无,0.0,否,,3,2,04,30,0,体育（三）,,第1节-第2节,,00040010C
16.0,400340,跆拳道1班,2014100040010C58844,体育课,3,,30,1-18周,0,李文龙,1-18周 周二 第1节-第2节 ,1.0,体育部,否,实践类课程,周二,2014-2015-1,,2014100040010C58844,"2013历史学院历史学,2013地球科学与工程学院地质学（地球物理学方向）,2013地球科学与工程学院地下水科学与工程,2013地球科学与工程学院地质学（古生物学方向）,2013地球科学与工程学院水文与水资源工程,2013地球科学与工程学院地质工程,2013地球科学与工程学院地球化学,2013地球科学与工程学院地质学,2013商学院经济学（产业经济方向）,2013商学院金融工程,2013商学院保险学,2013商学院工商管理（人力资源管理方向）,2013商学院工商管理类,2013商学院市场营销,2013商学院电子商务,2013商学院金融学,2013商学院财务管理,2013商学院会计学,2013商学院工商管理,2013商学院国际经济与贸易,2013商学院经济学,2013商学院经济学类,2013历史学院考古学（文物鉴定方向）,2013历史学院考古学",0,仙林校区,2014-2015学年 第1学期,58844,无,0.0,否,,3,2,04,30,0,体育（三）,,第1节-第2节,,00040010C
16.0,400340,功夫扇1班,2014100040010C58845,体育课,3,,28,1-18周,0,燕明剑,1-18周 周二 第1节-第2节 ,1.0,体育部,否,实践类课程,周二,2014-2015-1,,2014100040010C58845,"2013历史学院历史学,2013地球科学与工程学院地质学（地球物理学方向）,2013地球科学与工程学院地下水科学与工程,2013地球科学与工程学院地质学（古生物学方向）,2013地球科学与工程学院水文与水资源工程,2013地球科学与工程学院地质工程,2013地球科学与工程学院地球化学,2013地球科学与工程学院地质学,2013商学院经济学（产业经济方向）,2013商学院金融工程,2013商学院保险学,2013商学院工商管理（人力资源管理方向）,2013商学院工商管理类,2013商学院市场营销,2013商学院电子商务,2013商学院金融学,2013商学院财务管理,2013商学院会计学,2013商学院工商管理,2013商学院国际经济与贸易,2013商学院经济学,2013商学院经济学类,2013历史学院考古学（文物鉴定方向）,2013历史学院考古学",0,仙林校区,2014-2015学年 第1学期,58845,无,0.0,否,,3,2,04,30,0,体育（三）,,第1节-第2节,,00040010C
16.0,400340,游泳1班,2014100040010C58846,体育课,3,,28,1-18周,0,王成,1-18周 周二 第1节-第2节 ,1.0,体育部,否,实践类课程,周二,2014-2015-1,,2014100040010C58846,"2013历史学院历史学,2013地球科学与工程学院地质学（地球物理学方向）,2013地球科学与工程学院地下水科学与工程,2013地球科学与工程学院地质学（古生物学方向）,2013地球科学与工程学院水文与水资源工程,2013地球科学与工程学院地质工程,2013地球科学与工程学院地球化学,2013地球科学与工程学院地质学,2013商学院经济学（产业经济方向）,2013商学院金融工程,2013商学院保险学,2013商学院工商管理（人力资源管理方向）,2013商学院工商管理类,2013商学院市场营销,2013商学院电子商务,2013商学院金融学,2013商学院财务管理,2013商学院会计学,2013商学院工商管理,2013商学院国际经济与贸易,2013商学院经济学,2013商学院经济学类,2013历史学院考古学（文物鉴定方向）,2013历史学院考古学",0,仙林校区,2014-2015学年 第1学期,58846,无,0.0,否,,3,2,04,30,0,体育（三）,,第1节-第2节,,00040010C
16.0,400340,排球3班,2014100040010C58847,体育课,3,,31,1-18周,0,宋杨,1-18周 周二 第3节-第4节 ,1.0,体育部,否,实践类课程,周二,2014-2015-1,,2014100040010C58847,"2013物理学院物理学（拔尖计划）,2013建筑与城市规划学院城乡规划,2013建筑与城市规划学院建筑学,2013工程管理学院电气信息类,2013工程管理学院金融工程,2013工程管理学院工业工程,2013工程管理学院自动化,2013匡亚明学院理科强化班,2013计算机学院计算机科学与技术（拔尖计划）,2013现代工程与应用科学学院生物医学工程,2013现代工程与应用科学学院新能源科学与工程,2013现代工程与应用科学学院光电信息科学与工程,2013现代工程与应用科学学院材料化学,2013现代工程与应用科学学院材料物理,2013现代工程与应用科学学院材料类",0,仙林校区,2014-2015学年 第1学期,58847,无,0.0,否,,3,2,04,30,0,体育（三）,,第3节-第4节,,00040010C
16.0,400340,排球4班,2014100040010C58848,体育课,3,,31,1-18周,0,吕春松,1-18周 周二 第3节-第4节 ,1.0,体育部,否,实践类课程,周二,2014-2015-1,,2014100040010C58848,"2013物理学院物理学（拔尖计划）,2013建筑与城市规划学院城乡规划,2013建筑与城市规划学院建筑学,2013工程管理学院电气信息类,2013工程管理学院金融工程,2013工程管理学院工业工程,2013工程管理学院自动化,2013匡亚明学院理科强化班,2013计算机学院计算机科学与技术（拔尖计划）,2013现代工程与应用科学学院生物医学工程,2013现代工程与应用科学学院新能源科学与工程,2013现代工程与应用科学学院光电信息科学与工程,2013现代工程与应用科学学院材料化学,2013现代工程与应用科学学院材料物理,2013现代工程与应用科学学院材料类",0,仙林校区,2014-2015学年 第1学期,58848,无,0.0,否,,3,2,04,30,0,体育（三）,,第3节-第4节,,00040010C
16.0,400340,足球初级2班,2014100040010C58849,体育课,3,,31,1-18周,0,吴海乐,1-18周 周二 第3节-第4节 ,1.0,体育部,否,实践类课程,周二,2014-2015-1,,2014100040010C58849,"2013物理学院物理学（拔尖计划）,2013建筑与城市规划学院城乡规划,2013建筑与城市规划学院建筑学,2013工程管理学院电气信息类,2013工程管理学院金融工程,2013工程管理学院工业工程,2013工程管理学院自动化,2013匡亚明学院理科强化班,2013计算机学院计算机科学与技术（拔尖计划）,2013现代工程与应用科学学院生物医学工程,2013现代工程与应用科学学院新能源科学与工程,2013现代工程与应用科学学院光电信息科学与工程,2013现代工程与应用科学学院材料化学,2013现代工程与应用科学学院材料物理,2013现代工程与应用科学学院材料类",0,仙林校区,2014-2015学年 第1学期,58849,无,0.0,否,,3,2,04,30,0,体育（三）,,第3节-第4节,,00040010C
16.0,400340,足球提高2班,2014100040010C58850,体育课,3,,32,1-18周,0,李俊,1-18周 周二 第3节-第4节 ,1.0,体育部,否,实践类课程,周二,2014-2015-1,,2014100040010C58850,"2013物理学院物理学（拔尖计划）,2013建筑与城市规划学院城乡规划,2013建筑与城市规划学院建筑学,2013工程管理学院电气信息类,2013工程管理学院金融工程,2013工程管理学院工业工程,2013工程管理学院自动化,2013匡亚明学院理科强化班,2013计算机学院计算机科学与技术（拔尖计划）,2013现代工程与应用科学学院生物医学工程,2013现代工程与应用科学学院新能源科学与工程,2013现代工程与应用科学学院光电信息科学与工程,2013现代工程与应用科学学院材料化学,2013现代工程与应用科学学院材料物理,2013现代工程与应用科学学院材料类",0,仙林校区,2014-2015学年 第1学期,58850,无,0.0,否,,3,2,04,30,0,体育（三）,,第3节-第4节,,00040010C
16.0,400340,羽毛球提高2班,2014100040010C58851,体育课,3,,16,1-18周,0,邵力平,1-18周 周二 第3节-第4节 ,1.0,体育部,否,实践类课程,周二,2014-2015-1,,2014100040010C58851,"2013物理学院物理学（拔尖计划）,2013建筑与城市规划学院城乡规划,2013建筑与城市规划学院建筑学,2013工程管理学院电气信息类,2013工程管理学院金融工程,2013工程管理学院工业工程,2013工程管理学院自动化,2013匡亚明学院理科强化班,2013计算机学院计算机科学与技术（拔尖计划）,2013现代工程与应用科学学院生物医学工程,2013现代工程与应用科学学院新能源科学与工程,2013现代工程与应用科学学院光电信息科学与工程,2013现代工程与应用科学学院材料化学,2013现代工程与应用科学学院材料物理,2013现代工程与应用科学学院材料类",0,仙林校区,2014-2015学年 第1学期,58851,无,0.0,否,,3,2,04,30,0,体育（三）,,第3节-第4节,,00040010C
16.0,400340,羽毛提高2班,2014100040010C58852,体育课,3,,15,1-18周,0,邵力平,1-18周 周二 第3节-第4节 ,1.0,体育部,否,实践类课程,周二,2014-2015-1,,2014100040010C58852,"2013物理学院物理学（拔尖计划）,2013建筑与城市规划学院城乡规划,2013建筑与城市规划学院建筑学,2013工程管理学院电气信息类,2013工程管理学院金融工程,2013工程管理学院工业工程,2013工程管理学院自动化,2013匡亚明学院理科强化班,2013计算机学院计算机科学与技术（拔尖计划）,2013现代工程与应用科学学院生物医学工程,2013现代工程与应用科学学院新能源科学与工程,2013现代工程与应用科学学院光电信息科学与工程,2013现代工程与应用科学学院材料化学,2013现代工程与应用科学学院材料物理,2013现代工程与应用科学学院材料类",0,仙林校区,2014-2015学年 第1学期,58852,无,0.0,否,,3,2,04,30,0,体育（三）,,第3节-第4节,,00040010C
16.0,400340,乒乓球提高2班,2014100040010C58853,体育课,3,,31,1-18周,0,冯晓雨,1-18周 周二 第3节-第4节 ,1.0,体育部,否,实践类课程,周二,2014-2015-1,,2014100040010C58853,"2013物理学院物理学（拔尖计划）,2013建筑与城市规划学院城乡规划,2013建筑与城市规划学院建筑学,2013工程管理学院电气信息类,2013工程管理学院金融工程,2013工程管理学院工业工程,2013工程管理学院自动化,2013匡亚明学院理科强化班,2013计算机学院计算机科学与技术（拔尖计划）,2013现代工程与应用科学学院生物医学工程,2013现代工程与应用科学学院新能源科学与工程,2013现代工程与应用科学学院光电信息科学与工程,2013现代工程与应用科学学院材料化学,2013现代工程与应用科学学院材料物理,2013现代工程与应用科学学院材料类",0,仙林校区,2014-2015学年 第1学期,58853,无,0.0,否,,3,2,04,30,0,体育（三）,,第3节-第4节,,00040010C
16.0,400340,拳击2班,2014100040010C58854,体育课,3,,33,1-18周,0,谢坚,1-18周 周二 第3节-第4节 ,1.0,体育部,否,实践类课程,周二,2014-2015-1,,2014100040010C58854,"2013物理学院物理学（拔尖计划）,2013建筑与城市规划学院城乡规划,2013建筑与城市规划学院建筑学,2013工程管理学院电气信息类,2013工程管理学院金融工程,2013工程管理学院工业工程,2013工程管理学院自动化,2013匡亚明学院理科强化班,2013计算机学院计算机科学与技术（拔尖计划）,2013现代工程与应用科学学院生物医学工程,2013现代工程与应用科学学院新能源科学与工程,2013现代工程与应用科学学院光电信息科学与工程,2013现代工程与应用科学学院材料化学,2013现代工程与应用科学学院材料物理,2013现代工程与应用科学学院材料类",0,仙林校区,2014-2015学年 第1学期,58854,无,0.0,否,,3,2,04,30,0,体育（三）,,第3节-第4节,,00040010C
16.0,400340,跆拳道2班,2014100040010C58855,体育课,3,,30,1-18周,0,李文龙,1-18周 周二 第3节-第4节 ,1.0,体育部,否,实践类课程,周二,2014-2015-1,,2014100040010C58855,"2013物理学院物理学（拔尖计划）,2013建筑与城市规划学院城乡规划,2013建筑与城市规划学院建筑学,2013工程管理学院电气信息类,2013工程管理学院金融工程,2013工程管理学院工业工程,2013工程管理学院自动化,2013匡亚明学院理科强化班,2013计算机学院计算机科学与技术（拔尖计划）,2013现代工程与应用科学学院生物医学工程,2013现代工程与应用科学学院新能源科学与工程,2013现代工程与应用科学学院光电信息科学与工程,2013现代工程与应用科学学院材料化学,2013现代工程与应用科学学院材料物理,2013现代工程与应用科学学院材料类",0,仙林校区,2014-2015学年 第1学期,58855,无,0.0,否,,3,2,04,30,0,体育（三）,,第3节-第4节,,00040010C
16.0,400340,毽球2班,2014100040010C58856,体育课,3,,27,1-18周,0,龚晖晖,1-18周 周二 第3节-第4节 ,1.0,体育部,否,实践类课程,周二,2014-2015-1,,2014100040010C58856,"2013物理学院物理学（拔尖计划）,2013建筑与城市规划学院城乡规划,2013建筑与城市规划学院建筑学,2013工程管理学院电气信息类,2013工程管理学院金融工程,2013工程管理学院工业工程,2013工程管理学院自动化,2013匡亚明学院理科强化班,2013计算机学院计算机科学与技术（拔尖计划）,2013现代工程与应用科学学院生物医学工程,2013现代工程与应用科学学院新能源科学与工程,2013现代工程与应用科学学院光电信息科学与工程,2013现代工程与应用科学学院材料化学,2013现代工程与应用科学学院材料物理,2013现代工程与应用科学学院材料类",0,仙林校区,2014-2015学年 第1学期,58856,无,0.0,否,,3,2,04,30,0,体育（三）,,第3节-第4节,,00040010C
16.0,400340,太极剑1班,2014100040010C58857,体育课,3,,32,1-18周,0,燕明剑,1-18周 周二 第3节-第4节 ,1.0,体育部,否,实践类课程,周二,2014-2015-1,,2014100040010C58857,"2013物理学院物理学（拔尖计划）,2013建筑与城市规划学院城乡规划,2013建筑与城市规划学院建筑学,2013工程管理学院电气信息类,2013工程管理学院金融工程,2013工程管理学院工业工程,2013工程管理学院自动化,2013匡亚明学院理科强化班,2013计算机学院计算机科学与技术（拔尖计划）,2013现代工程与应用科学学院生物医学工程,2013现代工程与应用科学学院新能源科学与工程,2013现代工程与应用科学学院光电信息科学与工程,2013现代工程与应用科学学院材料化学,2013现代工程与应用科学学院材料物理,2013现代工程与应用科学学院材料类",0,仙林校区,2014-2015学年 第1学期,58857,无,0.0,否,,3,2,04,30,0,体育（三）,,第3节-第4节,,00040010C
16.0,400340,体育舞蹈2班,2014100040010C58858,体育课,3,,7,1-18周,0,肖鹏,1-18周 周二 第3节-第4节 ,1.0,体育部,否,实践类课程,周二,2014-2015-1,,2014100040010C58858,"2013物理学院物理学（拔尖计划）,2013建筑与城市规划学院城乡规划,2013建筑与城市规划学院建筑学,2013工程管理学院电气信息类,2013工程管理学院金融工程,2013工程管理学院工业工程,2013工程管理学院自动化,2013匡亚明学院理科强化班,2013计算机学院计算机科学与技术（拔尖计划）,2013现代工程与应用科学学院生物医学工程,2013现代工程与应用科学学院新能源科学与工程,2013现代工程与应用科学学院光电信息科学与工程,2013现代工程与应用科学学院材料化学,2013现代工程与应用科学学院材料物理,2013现代工程与应用科学学院材料类",0,仙林校区,2014-2015学年 第1学期,58858,无,0.0,否,,3,2,04,30,0,体育（三）,,第3节-第4节,,00040010C
16.0,400340,羽毛球初级2班,2014100040010C58859,体育课,3,,28,1-18周,0,吴明,1-18周 周二 第3节-第4节 ,1.0,体育部,否,实践类课程,周二,2014-2015-1,,2014100040010C58859,"2013物理学院物理学（拔尖计划）,2013建筑与城市规划学院城乡规划,2013建筑与城市规划学院建筑学,2013工程管理学院电气信息类,2013工程管理学院金融工程,2013工程管理学院工业工程,2013工程管理学院自动化,2013匡亚明学院理科强化班,2013计算机学院计算机科学与技术（拔尖计划）,2013现代工程与应用科学学院生物医学工程,2013现代工程与应用科学学院新能源科学与工程,2013现代工程与应用科学学院光电信息科学与工程,2013现代工程与应用科学学院材料化学,2013现代工程与应用科学学院材料物理,2013现代工程与应用科学学院材料类",0,仙林校区,2014-2015学年 第1学期,58859,无,0.0,否,,3,2,04,30,0,体育（三）,,第3节-第4节,,00040010C
16.0,400340,乒乓球初级2班,2014100040010C58860,体育课,3,,13,1-18周,0,问梅,1-18周 周二 第3节-第4节 ,1.0,体育部,否,实践类课程,周二,2014-2015-1,,2014100040010C58860,"2013物理学院物理学（拔尖计划）,2013建筑与城市规划学院城乡规划,2013建筑与城市规划学院建筑学,2013工程管理学院电气信息类,2013工程管理学院金融工程,2013工程管理学院工业工程,2013工程管理学院自动化,2013匡亚明学院理科强化班,2013计算机学院计算机科学与技术（拔尖计划）,2013现代工程与应用科学学院生物医学工程,2013现代工程与应用科学学院新能源科学与工程,2013现代工程与应用科学学院光电信息科学与工程,2013现代工程与应用科学学院材料化学,2013现代工程与应用科学学院材料物理,2013现代工程与应用科学学院材料类",0,仙林校区,2014-2015学年 第1学期,58860,无,0.0,否,,3,2,04,30,0,体育（三）,,第3节-第4节,,00040010C
16.0,400340,乒乓球初级2班,2014100040010C58861,体育课,3,,13,1-18周,0,问梅,1-18周 周二 第3节-第4节 ,1.0,体育部,否,实践类课程,周二,2014-2015-1,,2014100040010C58861,"2013物理学院物理学（拔尖计划）,2013建筑与城市规划学院城乡规划,2013建筑与城市规划学院建筑学,2013工程管理学院电气信息类,2013工程管理学院金融工程,2013工程管理学院工业工程,2013工程管理学院自动化,2013匡亚明学院理科强化班,2013计算机学院计算机科学与技术（拔尖计划）,2013现代工程与应用科学学院生物医学工程,2013现代工程与应用科学学院新能源科学与工程,2013现代工程与应用科学学院光电信息科学与工程,2013现代工程与应用科学学院材料化学,2013现代工程与应用科学学院材料物理,2013现代工程与应用科学学院材料类",0,仙林校区,2014-2015学年 第1学期,58861,无,0.0,否,,3,2,04,30,0,体育（三）,,第3节-第4节,,00040010C
16.0,400340,健身排舞2班,2014100040010C58862,体育课,3,,24,1-18周,0,唐苏丽,1-18周 周二 第3节-第4节 ,1.0,体育部,否,实践类课程,周二,2014-2015-1,,2014100040010C58862,"2013物理学院物理学（拔尖计划）,2013建筑与城市规划学院城乡规划,2013建筑与城市规划学院建筑学,2013工程管理学院电气信息类,2013工程管理学院金融工程,2013工程管理学院工业工程,2013工程管理学院自动化,2013匡亚明学院理科强化班,2013计算机学院计算机科学与技术（拔尖计划）,2013现代工程与应用科学学院生物医学工程,2013现代工程与应用科学学院新能源科学与工程,2013现代工程与应用科学学院光电信息科学与工程,2013现代工程与应用科学学院材料化学,2013现代工程与应用科学学院材料物理,2013现代工程与应用科学学院材料类",0,仙林校区,2014-2015学年 第1学期,58862,无,0.0,否,,3,2,04,30,0,体育（三）,,第3节-第4节,,00040010C
16.0,400340,形体2班,2014100040010C58863,体育课,3,,29,1-18周,0,孙雯,1-18周 周二 第3节-第4节 ,1.0,体育部,否,实践类课程,周二,2014-2015-1,,2014100040010C58863,"2013物理学院物理学（拔尖计划）,2013建筑与城市规划学院城乡规划,2013建筑与城市规划学院建筑学,2013工程管理学院电气信息类,2013工程管理学院金融工程,2013工程管理学院工业工程,2013工程管理学院自动化,2013匡亚明学院理科强化班,2013计算机学院计算机科学与技术（拔尖计划）,2013现代工程与应用科学学院生物医学工程,2013现代工程与应用科学学院新能源科学与工程,2013现代工程与应用科学学院光电信息科学与工程,2013现代工程与应用科学学院材料化学,2013现代工程与应用科学学院材料物理,2013现代工程与应用科学学院材料类",0,仙林校区,2014-2015学年 第1学期,58863,无,0.0,否,,3,2,04,30,0,体育（三）,,第3节-第4节,,00040010C
16.0,400340,游泳2班,2014100040010C58864,体育课,3,,29,1-18周,0,王成,1-18周 周二 第3节-第4节 ,1.0,体育部,否,实践类课程,周二,2014-2015-1,,2014100040010C58864,"2013物理学院物理学（拔尖计划）,2013建筑与城市规划学院城乡规划,2013建筑与城市规划学院建筑学,2013工程管理学院电气信息类,2013工程管理学院金融工程,2013工程管理学院工业工程,2013工程管理学院自动化,2013匡亚明学院理科强化班,2013计算机学院计算机科学与技术（拔尖计划）,2013现代工程与应用科学学院生物医学工程,2013现代工程与应用科学学院新能源科学与工程,2013现代工程与应用科学学院光电信息科学与工程,2013现代工程与应用科学学院材料化学,2013现代工程与应用科学学院材料物理,2013现代工程与应用科学学院材料类",0,仙林校区,2014-2015学年 第1学期,58864,无,0.0,否,,3,2,04,30,0,体育（三）,,第3节-第4节,,00040010C
16.0,400340,体育舞蹈2班,2014100040010C58865,体育课,3,,15,1-18周,0,肖鹏,1-18周 周二 第3节-第4节 ,1.0,体育部,否,实践类课程,周二,2014-2015-1,,2014100040010C58865,"2013物理学院物理学（拔尖计划）,2013建筑与城市规划学院城乡规划,2013建筑与城市规划学院建筑学,2013工程管理学院电气信息类,2013工程管理学院金融工程,2013工程管理学院工业工程,2013工程管理学院自动化,2013匡亚明学院理科强化班,2013计算机学院计算机科学与技术（拔尖计划）,2013现代工程与应用科学学院生物医学工程,2013现代工程与应用科学学院新能源科学与工程,2013现代工程与应用科学学院光电信息科学与工程,2013现代工程与应用科学学院材料化学,2013现代工程与应用科学学院材料物理,2013现代工程与应用科学学院材料类",0,仙林校区,2014-2015学年 第1学期,58865,无,0.0,否,,3,2,04,30,0,体育（三）,,第3节-第4节,,00040010C
16.0,400340,排球6班,2014100040010C58866,体育课,3,,31,1-18周,0,吕春松,1-18周 周二 第5节-第6节 ,1.0,体育部,否,实践类课程,周二,2014-2015-1,,2014100040010C58866,"2013数学学院数学类,2013软件学院软件工程,2013软件学院软件学类,2013大气科学学院应用气象学,2013大气科学学院大气科学,2013地理与海洋科学学院自然地理与资源环境,2013地理与海洋科学学院地理信息科学,2013地理与海洋科学学院海洋科学,2013地理与海洋科学学院旅游管理,2013地理与海洋科学学院地理科学,2013地理与海洋科学学院地理科学类,2013数学学院应用模块,2013数学学院统计学,2013数学学院信息与计算科学,2013数学学院数学与应用数学",0,仙林校区,2014-2015学年 第1学期,58866,无,0.0,否,,3,2,04,30,0,体育（三）,,第5节-第6节,,00040010C
16.0,400340,足球初级3班,2014100040010C58867,体育课,3,,35,1-18周,0,吴海乐,1-18周 周二 第5节-第6节 ,1.0,体育部,否,实践类课程,周二,2014-2015-1,,2014100040010C58867,"2013数学学院数学类,2013软件学院软件工程,2013软件学院软件学类,2013大气科学学院应用气象学,2013大气科学学院大气科学,2013地理与海洋科学学院自然地理与资源环境,2013地理与海洋科学学院地理信息科学,2013地理与海洋科学学院海洋科学,2013地理与海洋科学学院旅游管理,2013地理与海洋科学学院地理科学,2013地理与海洋科学学院地理科学类,2013数学学院应用模块,2013数学学院统计学,2013数学学院信息与计算科学,2013数学学院数学与应用数学",0,仙林校区,2014-2015学年 第1学期,58867,无,0.0,否,,3,2,04,30,0,体育（三）,,第5节-第6节,,00040010C
16.0,400340,足球提高3班,2014100040010C58868,体育课,3,,34,1-18周,0,李俊,1-18周 周二 第5节-第6节 ,1.0,体育部,否,实践类课程,周二,2014-2015-1,,2014100040010C58868,"2013数学学院数学类,2013软件学院软件工程,2013软件学院软件学类,2013大气科学学院应用气象学,2013大气科学学院大气科学,2013地理与海洋科学学院自然地理与资源环境,2013地理与海洋科学学院地理信息科学,2013地理与海洋科学学院海洋科学,2013地理与海洋科学学院旅游管理,2013地理与海洋科学学院地理科学,2013地理与海洋科学学院地理科学类,2013数学学院应用模块,2013数学学院统计学,2013数学学院信息与计算科学,2013数学学院数学与应用数学",0,仙林校区,2014-2015学年 第1学期,58868,无,0.0,否,,3,2,04,30,0,体育（三）,,第5节-第6节,,00040010C
16.0,400340,羽毛球提高3班,2014100040010C58869,体育课,3,,26,1-18周,0,邵力平,1-18周 周二 第5节-第6节 ,1.0,体育部,否,实践类课程,周二,2014-2015-1,,2014100040010C58869,"2013数学学院数学类,2013软件学院软件工程,2013软件学院软件学类,2013大气科学学院应用气象学,2013大气科学学院大气科学,2013地理与海洋科学学院自然地理与资源环境,2013地理与海洋科学学院地理信息科学,2013地理与海洋科学学院海洋科学,2013地理与海洋科学学院旅游管理,2013地理与海洋科学学院地理科学,2013地理与海洋科学学院地理科学类,2013数学学院应用模块,2013数学学院统计学,2013数学学院信息与计算科学,2013数学学院数学与应用数学",0,仙林校区,2014-2015学年 第1学期,58869,无,0.0,否,,3,2,04,30,0,体育（三）,,第5节-第6节,,00040010C
16.0,400340,乒乓球提高3班,2014100040010C58870,体育课,3,,19,1-18周,0,冯晓雨,1-18周 周二 第5节-第6节 ,1.0,体育部,否,实践类课程,周二,2014-2015-1,,2014100040010C58870,"2013数学学院数学类,2013软件学院软件工程,2013软件学院软件学类,2013大气科学学院应用气象学,2013大气科学学院大气科学,2013地理与海洋科学学院自然地理与资源环境,2013地理与海洋科学学院地理信息科学,2013地理与海洋科学学院海洋科学,2013地理与海洋科学学院旅游管理,2013地理与海洋科学学院地理科学,2013地理与海洋科学学院地理科学类,2013数学学院应用模块,2013数学学院统计学,2013数学学院信息与计算科学,2013数学学院数学与应用数学",0,仙林校区,2014-2015学年 第1学期,58870,无,0.0,否,,3,2,04,30,0,体育（三）,,第5节-第6节,,00040010C
16.0,400340,乒乓球提高3班,2014100040010C58871,体育课,3,,10,1-18周,0,冯晓雨,1-18周 周二 第5节-第6节 ,1.0,体育部,否,实践类课程,周二,2014-2015-1,,2014100040010C58871,"2013数学学院数学类,2013软件学院软件工程,2013软件学院软件学类,2013大气科学学院应用气象学,2013大气科学学院大气科学,2013地理与海洋科学学院自然地理与资源环境,2013地理与海洋科学学院地理信息科学,2013地理与海洋科学学院海洋科学,2013地理与海洋科学学院旅游管理,2013地理与海洋科学学院地理科学,2013地理与海洋科学学院地理科学类,2013数学学院应用模块,2013数学学院统计学,2013数学学院信息与计算科学,2013数学学院数学与应用数学",0,仙林校区,2014-2015学年 第1学期,58871,无,0.0,否,,3,2,04,30,0,体育（三）,,第5节-第6节,,00040010C
16.0,400340,拳击3班,2014100040010C58872,体育课,3,,32,1-18周,0,谢坚,1-18周 周二 第5节-第6节 ,1.0,体育部,否,实践类课程,周二,2014-2015-1,,2014100040010C58872,"2013数学学院数学类,2013软件学院软件工程,2013软件学院软件学类,2013大气科学学院应用气象学,2013大气科学学院大气科学,2013地理与海洋科学学院自然地理与资源环境,2013地理与海洋科学学院地理信息科学,2013地理与海洋科学学院海洋科学,2013地理与海洋科学学院旅游管理,2013地理与海洋科学学院地理科学,2013地理与海洋科学学院地理科学类,2013数学学院应用模块,2013数学学院统计学,2013数学学院信息与计算科学,2013数学学院数学与应用数学",0,仙林校区,2014-2015学年 第1学期,58872,无,0.0,否,,3,2,04,30,0,体育（三）,,第5节-第6节,,00040010C
16.0,400340,健美1班,2014100040010C58873,体育课,3,,34,1-18周,0,王成,1-18周 周二 第5节-第6节 ,1.0,体育部,否,实践类课程,周二,2014-2015-1,,2014100040010C58873,"2013数学学院数学类,2013软件学院软件工程,2013软件学院软件学类,2013大气科学学院应用气象学,2013大气科学学院大气科学,2013地理与海洋科学学院自然地理与资源环境,2013地理与海洋科学学院地理信息科学,2013地理与海洋科学学院海洋科学,2013地理与海洋科学学院旅游管理,2013地理与海洋科学学院地理科学,2013地理与海洋科学学院地理科学类,2013数学学院应用模块,2013数学学院统计学,2013数学学院信息与计算科学,2013数学学院数学与应用数学",0,仙林校区,2014-2015学年 第1学期,58873,无,0.0,否,,3,2,04,30,0,体育（三）,,第5节-第6节,,00040010C
16.0,400340,游泳3班,2014100040010C58874,体育课,3,,30,1-18周,0,巩绪伟,1-18周 周二 第5节-第6节 ,1.0,体育部,否,实践类课程,周二,2014-2015-1,,2014100040010C58874,"2013数学学院数学类,2013软件学院软件工程,2013软件学院软件学类,2013大气科学学院应用气象学,2013大气科学学院大气科学,2013地理与海洋科学学院自然地理与资源环境,2013地理与海洋科学学院地理信息科学,2013地理与海洋科学学院海洋科学,2013地理与海洋科学学院旅游管理,2013地理与海洋科学学院地理科学,2013地理与海洋科学学院地理科学类,2013数学学院应用模块,2013数学学院统计学,2013数学学院信息与计算科学,2013数学学院数学与应用数学",0,仙林校区,2014-2015学年 第1学期,58874,无,0.0,否,,3,2,04,30,0,体育（三）,,第5节-第6节,,00040010C
16.0,400340,跆拳道3班,2014100040010C58875,体育课,3,,32,1-18周,0,李文龙,1-18周 周二 第5节-第6节 ,1.0,体育部,否,实践类课程,周二,2014-2015-1,,2014100040010C58875,"2013数学学院数学类,2013软件学院软件工程,2013软件学院软件学类,2013大气科学学院应用气象学,2013大气科学学院大气科学,2013地理与海洋科学学院自然地理与资源环境,2013地理与海洋科学学院地理信息科学,2013地理与海洋科学学院海洋科学,2013地理与海洋科学学院旅游管理,2013地理与海洋科学学院地理科学,2013地理与海洋科学学院地理科学类,2013数学学院应用模块,2013数学学院统计学,2013数学学院信息与计算科学,2013数学学院数学与应用数学",0,仙林校区,2014-2015学年 第1学期,58875,无,0.0,否,,3,2,04,30,0,体育（三）,,第5节-第6节,,00040010C
16.0,400340,形体3班,2014100040010C58876,体育课,3,,24,1-18周,0,孙雯,1-18周 周二 第5节-第6节 ,1.0,体育部,否,实践类课程,周二,2014-2015-1,,2014100040010C58876,"2013数学学院数学类,2013软件学院软件工程,2013软件学院软件学类,2013大气科学学院应用气象学,2013大气科学学院大气科学,2013地理与海洋科学学院自然地理与资源环境,2013地理与海洋科学学院地理信息科学,2013地理与海洋科学学院海洋科学,2013地理与海洋科学学院旅游管理,2013地理与海洋科学学院地理科学,2013地理与海洋科学学院地理科学类,2013数学学院应用模块,2013数学学院统计学,2013数学学院信息与计算科学,2013数学学院数学与应用数学",0,仙林校区,2014-2015学年 第1学期,58876,无,0.0,否,,3,2,04,30,0,体育（三）,,第5节-第6节,,00040010C
16.0,400340,羽毛球初级3班,2014100040010C58877,体育课,3,,19,1-18周,0,吴明,1-18周 周二 第5节-第6节 ,1.0,体育部,否,实践类课程,周二,2014-2015-1,,2014100040010C58877,"2013数学学院数学类,2013软件学院软件工程,2013软件学院软件学类,2013大气科学学院应用气象学,2013大气科学学院大气科学,2013地理与海洋科学学院自然地理与资源环境,2013地理与海洋科学学院地理信息科学,2013地理与海洋科学学院海洋科学,2013地理与海洋科学学院旅游管理,2013地理与海洋科学学院地理科学,2013地理与海洋科学学院地理科学类,2013数学学院应用模块,2013数学学院统计学,2013数学学院信息与计算科学,2013数学学院数学与应用数学",0,仙林校区,2014-2015学年 第1学期,58877,无,0.0,否,,3,2,04,30,0,体育（三）,,第5节-第6节,,00040010C
16.0,400340,羽毛球初级3班,2014100040010C58878,体育课,3,,10,1-18周,0,吴明,1-18周 周二 第5节-第6节 ,1.0,体育部,否,实践类课程,周二,2014-2015-1,,2014100040010C58878,"2013数学学院数学类,2013软件学院软件工程,2013软件学院软件学类,2013大气科学学院应用气象学,2013大气科学学院大气科学,2013地理与海洋科学学院自然地理与资源环境,2013地理与海洋科学学院地理信息科学,2013地理与海洋科学学院海洋科学,2013地理与海洋科学学院旅游管理,2013地理与海洋科学学院地理科学,2013地理与海洋科学学院地理科学类,2013数学学院应用模块,2013数学学院统计学,2013数学学院信息与计算科学,2013数学学院数学与应用数学",0,仙林校区,2014-2015学年 第1学期,58878,无,0.0,否,,3,2,04,30,0,体育（三）,,第5节-第6节,,00040010C
16.0,400340,乒乓球初级3班,2014100040010C58879,体育课,3,,20,1-18周,0,问梅,1-18周 周二 第5节-第6节 ,1.0,体育部,否,实践类课程,周二,2014-2015-1,,2014100040010C58879,"2013数学学院数学类,2013软件学院软件工程,2013软件学院软件学类,2013大气科学学院应用气象学,2013大气科学学院大气科学,2013地理与海洋科学学院自然地理与资源环境,2013地理与海洋科学学院地理信息科学,2013地理与海洋科学学院海洋科学,2013地理与海洋科学学院旅游管理,2013地理与海洋科学学院地理科学,2013地理与海洋科学学院地理科学类,2013数学学院应用模块,2013数学学院统计学,2013数学学院信息与计算科学,2013数学学院数学与应用数学",0,仙林校区,2014-2015学年 第1学期,58879,无,0.0,否,,3,2,04,30,0,体育（三）,,第5节-第6节,,00040010C
16.0,400340,乒乓球初级3班,2014100040010C58880,体育课,3,,10,1-18周,0,问梅,1-18周 周二 第5节-第6节 ,1.0,体育部,否,实践类课程,周二,2014-2015-1,,2014100040010C58880,"2013数学学院数学类,2013软件学院软件工程,2013软件学院软件学类,2013大气科学学院应用气象学,2013大气科学学院大气科学,2013地理与海洋科学学院自然地理与资源环境,2013地理与海洋科学学院地理信息科学,2013地理与海洋科学学院海洋科学,2013地理与海洋科学学院旅游管理,2013地理与海洋科学学院地理科学,2013地理与海洋科学学院地理科学类,2013数学学院应用模块,2013数学学院统计学,2013数学学院信息与计算科学,2013数学学院数学与应用数学",0,仙林校区,2014-2015学年 第1学期,58880,无,0.0,否,,3,2,04,30,0,体育（三）,,第5节-第6节,,00040010C
16.0,400340,体育舞蹈3班,2014100040010C58881,体育课,3,,15,1-18周,0,肖鹏,1-18周 周二 第5节-第6节 ,1.0,体育部,否,实践类课程,周二,2014-2015-1,,2014100040010C58881,"2013数学学院数学类,2013软件学院软件工程,2013软件学院软件学类,2013大气科学学院应用气象学,2013大气科学学院大气科学,2013地理与海洋科学学院自然地理与资源环境,2013地理与海洋科学学院地理信息科学,2013地理与海洋科学学院海洋科学,2013地理与海洋科学学院旅游管理,2013地理与海洋科学学院地理科学,2013地理与海洋科学学院地理科学类,2013数学学院应用模块,2013数学学院统计学,2013数学学院信息与计算科学,2013数学学院数学与应用数学",0,仙林校区,2014-2015学年 第1学期,58881,无,0.0,否,,3,2,04,30,0,体育（三）,,第5节-第6节,,00040010C
16.0,400340,健身排舞3班,2014100040010C58882,体育课,3,,25,1-18周,0,唐苏丽,1-18周 周二 第5节-第6节 ,1.0,体育部,否,实践类课程,周二,2014-2015-1,,2014100040010C58882,"2013数学学院数学类,2013软件学院软件工程,2013软件学院软件学类,2013大气科学学院应用气象学,2013大气科学学院大气科学,2013地理与海洋科学学院自然地理与资源环境,2013地理与海洋科学学院地理信息科学,2013地理与海洋科学学院海洋科学,2013地理与海洋科学学院旅游管理,2013地理与海洋科学学院地理科学,2013地理与海洋科学学院地理科学类,2013数学学院应用模块,2013数学学院统计学,2013数学学院信息与计算科学,2013数学学院数学与应用数学",0,仙林校区,2014-2015学年 第1学期,58882,无,0.0,否,,3,2,04,30,0,体育（三）,,第5节-第6节,,00040010C
16.0,400340,功夫扇3班,2014100040010C58883,体育课,3,,25,1-18周,0,燕明剑,1-18周 周二 第5节-第6节 ,1.0,体育部,否,实践类课程,周二,2014-2015-1,,2014100040010C58883,"2013数学学院数学类,2013软件学院软件工程,2013软件学院软件学类,2013大气科学学院应用气象学,2013大气科学学院大气科学,2013地理与海洋科学学院自然地理与资源环境,2013地理与海洋科学学院地理信息科学,2013地理与海洋科学学院海洋科学,2013地理与海洋科学学院旅游管理,2013地理与海洋科学学院地理科学,2013地理与海洋科学学院地理科学类,2013数学学院应用模块,2013数学学院统计学,2013数学学院信息与计算科学,2013数学学院数学与应用数学",0,仙林校区,2014-2015学年 第1学期,58883,无,0.0,否,,3,2,04,30,0,体育（三）,,第5节-第6节,,00040010C
16.0,400340,毽球3班,2014100040010C58884,体育课,3,,28,1-18周,0,龚晖晖,1-18周 周二 第5节-第6节 ,1.0,体育部,否,实践类课程,周二,2014-2015-1,,2014100040010C58884,"2013数学学院数学类,2013软件学院软件工程,2013软件学院软件学类,2013大气科学学院应用气象学,2013大气科学学院大气科学,2013地理与海洋科学学院自然地理与资源环境,2013地理与海洋科学学院地理信息科学,2013地理与海洋科学学院海洋科学,2013地理与海洋科学学院旅游管理,2013地理与海洋科学学院地理科学,2013地理与海洋科学学院地理科学类,2013数学学院应用模块,2013数学学院统计学,2013数学学院信息与计算科学,2013数学学院数学与应用数学",0,仙林校区,2014-2015学年 第1学期,58884,无,0.0,否,,3,2,04,30,0,体育（三）,,第5节-第6节,,00040010C
16.0,400340,体育舞蹈3班,2014100040010C58885,体育课,3,,15,1-18周,0,肖鹏,1-18周 周二 第5节-第6节 ,1.0,体育部,否,实践类课程,周二,2014-2015-1,,2014100040010C58885,"2013数学学院数学类,2013软件学院软件工程,2013软件学院软件学类,2013大气科学学院应用气象学,2013大气科学学院大气科学,2013地理与海洋科学学院自然地理与资源环境,2013地理与海洋科学学院地理信息科学,2013地理与海洋科学学院海洋科学,2013地理与海洋科学学院旅游管理,2013地理与海洋科学学院地理科学,2013地理与海洋科学学院地理科学类,2013数学学院应用模块,2013数学学院统计学,2013数学学院信息与计算科学,2013数学学院数学与应用数学",0,仙林校区,2014-2015学年 第1学期,58885,无,0.0,否,,3,2,04,30,0,体育（三）,,第5节-第6节,,00040010C
16.0,400340,排球7班,2014100040010C58886,体育课,3,,33,1-18周,0,宋杨,1-18周 周四 第1节-第2节 ,1.0,体育部,否,实践类课程,周四,2014-2015-1,,2014100040010C58886,"2013文学院汉语言文学,2013环境学院环境科学（环规）,2013环境学院环境科学（环生）,2013环境学院环境科学（环化）,2013环境学院环境工程,2013环境学院环境科学与工程类,2013物理学院声学,2013物理学院物理学,2013法学院法学类,2013文学院戏剧影视文学",0,仙林校区,2014-2015学年 第1学期,58886,无,0.0,否,,3,2,04,30,0,体育（三）,,第1节-第2节,,00040010C
16.0,400340,足球初级4班,2014100040010C58887,体育课,3,,32,1-18周,0,李俊,1-18周 周四 第1节-第2节 ,1.0,体育部,否,实践类课程,周四,2014-2015-1,,2014100040010C58887,"2013文学院汉语言文学,2013环境学院环境科学（环规）,2013环境学院环境科学（环生）,2013环境学院环境科学（环化）,2013环境学院环境工程,2013环境学院环境科学与工程类,2013物理学院声学,2013物理学院物理学,2013法学院法学类,2013文学院戏剧影视文学",0,仙林校区,2014-2015学年 第1学期,58887,无,0.0,否,,3,2,04,30,0,体育（三）,,第1节-第2节,,00040010C
16.0,400340,乒乓球提高4班,2014100040010C58888,体育课,3,,16,1-18周,0,殷晓霞,1-18周 周四 第1节-第2节 ,1.0,体育部,否,实践类课程,周四,2014-2015-1,,2014100040010C58888,"2013文学院汉语言文学,2013环境学院环境科学（环规）,2013环境学院环境科学（环生）,2013环境学院环境科学（环化）,2013环境学院环境工程,2013环境学院环境科学与工程类,2013物理学院声学,2013物理学院物理学,2013法学院法学类,2013文学院戏剧影视文学",0,仙林校区,2014-2015学年 第1学期,58888,无,0.0,否,,3,2,04,30,0,体育（三）,,第1节-第2节,,00040010C
16.0,400340,乒乓球提高4班,2014100040010C58889,体育课,3,,12,1-18周,0,殷晓霞,1-18周 周四 第1节-第2节 ,1.0,体育部,否,实践类课程,周四,2014-2015-1,,2014100040010C58889,"2013文学院汉语言文学,2013环境学院环境科学（环规）,2013环境学院环境科学（环生）,2013环境学院环境科学（环化）,2013环境学院环境工程,2013环境学院环境科学与工程类,2013物理学院声学,2013物理学院物理学,2013法学院法学类,2013文学院戏剧影视文学",0,仙林校区,2014-2015学年 第1学期,58889,无,0.0,否,,3,2,04,30,0,体育（三）,,第1节-第2节,,00040010C
16.0,400340,羽毛球提高4班,2014100040010C58890,体育课,3,,16,1-18周,0,沈乐群,1-18周 周四 第1节-第2节 ,1.0,体育部,否,实践类课程,周四,2014-2015-1,,2014100040010C58890,"2013文学院汉语言文学,2013环境学院环境科学（环规）,2013环境学院环境科学（环生）,2013环境学院环境科学（环化）,2013环境学院环境工程,2013环境学院环境科学与工程类,2013物理学院声学,2013物理学院物理学,2013法学院法学类,2013文学院戏剧影视文学",0,仙林校区,2014-2015学年 第1学期,58890,无,0.0,否,,3,2,04,30,0,体育（三）,,第1节-第2节,,00040010C
16.0,400340,羽毛球提高4班,2014100040010C58891,体育课,3,,14,1-18周,0,沈乐群,1-18周 周四 第1节-第2节 ,1.0,体育部,否,实践类课程,周四,2014-2015-1,,2014100040010C58891,"2013文学院汉语言文学,2013环境学院环境科学（环规）,2013环境学院环境科学（环生）,2013环境学院环境科学（环化）,2013环境学院环境工程,2013环境学院环境科学与工程类,2013物理学院声学,2013物理学院物理学,2013法学院法学类,2013文学院戏剧影视文学",0,仙林校区,2014-2015学年 第1学期,58891,无,0.0,否,,3,2,04,30,0,体育（三）,,第1节-第2节,,00040010C
16.0,400340,游泳4班,2014100040010C58892,体育课,3,,35,1-18周,0,王成,1-18周 周四 第1节-第2节 ,1.0,体育部,否,实践类课程,周四,2014-2015-1,,2014100040010C58892,"2013文学院汉语言文学,2013环境学院环境科学（环规）,2013环境学院环境科学（环生）,2013环境学院环境科学（环化）,2013环境学院环境工程,2013环境学院环境科学与工程类,2013物理学院声学,2013物理学院物理学,2013法学院法学类,2013文学院戏剧影视文学",0,仙林校区,2014-2015学年 第1学期,58892,无,0.0,否,,3,2,04,30,0,体育（三）,,第1节-第2节,,00040010C
16.0,400340,拳击4班,2014100040010C58893,体育课,3,,31,1-18周,0,谢坚,1-18周 周四 第1节-第2节 ,1.0,体育部,否,实践类课程,周四,2014-2015-1,,2014100040010C58893,"2013文学院汉语言文学,2013环境学院环境科学（环规）,2013环境学院环境科学（环生）,2013环境学院环境科学（环化）,2013环境学院环境工程,2013环境学院环境科学与工程类,2013物理学院声学,2013物理学院物理学,2013法学院法学类,2013文学院戏剧影视文学",0,仙林校区,2014-2015学年 第1学期,58893,无,0.0,否,,3,2,04,30,0,体育（三）,,第1节-第2节,,00040010C
16.0,400340,毽球4班,2014100040010C58894,体育课,3,,21,1-18周,0,龚晖晖,1-18周 周四 第1节-第2节 ,1.0,体育部,否,实践类课程,周四,2014-2015-1,,2014100040010C58894,"2013文学院汉语言文学,2013环境学院环境科学（环规）,2013环境学院环境科学（环生）,2013环境学院环境科学（环化）,2013环境学院环境工程,2013环境学院环境科学与工程类,2013物理学院声学,2013物理学院物理学,2013法学院法学类,2013文学院戏剧影视文学",0,仙林校区,2014-2015学年 第1学期,58894,无,0.0,否,,3,2,04,30,0,体育（三）,,第1节-第2节,,00040010C
16.0,400340,网球1班,2014100040010C58895,体育课,3,,32,1-18周,0,鲍大卫,1-18周 周四 第1节-第2节 ,1.0,体育部,否,实践类课程,周四,2014-2015-1,,2014100040010C58895,"2013文学院汉语言文学,2013环境学院环境科学（环规）,2013环境学院环境科学（环生）,2013环境学院环境科学（环化）,2013环境学院环境工程,2013环境学院环境科学与工程类,2013物理学院声学,2013物理学院物理学,2013法学院法学类,2013文学院戏剧影视文学",0,仙林校区,2014-2015学年 第1学期,58895,无,0.0,否,,3,2,04,30,0,体育（三）,,第1节-第2节,,00040010C
16.0,400340,乒乓球初级4班,2014100040010C58896,体育课,3,,12,1-18周,0,殷飞,1-18周 周四 第1节-第2节 ,1.0,体育部,否,实践类课程,周四,2014-2015-1,,2014100040010C58896,"2013文学院汉语言文学,2013环境学院环境科学（环规）,2013环境学院环境科学（环生）,2013环境学院环境科学（环化）,2013环境学院环境工程,2013环境学院环境科学与工程类,2013物理学院声学,2013物理学院物理学,2013法学院法学类,2013文学院戏剧影视文学",0,仙林校区,2014-2015学年 第1学期,58896,无,0.0,否,,3,2,04,30,0,体育（三）,,第1节-第2节,,00040010C
16.0,400340,乒乓球初级4班,2014100040010C58897,体育课,3,,16,1-18周,0,殷飞,1-18周 周四 第1节-第2节 ,1.0,体育部,否,实践类课程,周四,2014-2015-1,,2014100040010C58897,"2013文学院汉语言文学,2013环境学院环境科学（环规）,2013环境学院环境科学（环生）,2013环境学院环境科学（环化）,2013环境学院环境工程,2013环境学院环境科学与工程类,2013物理学院声学,2013物理学院物理学,2013法学院法学类,2013文学院戏剧影视文学",0,仙林校区,2014-2015学年 第1学期,58897,无,0.0,否,,3,2,04,30,0,体育（三）,,第1节-第2节,,00040010C
16.0,400340,羽毛球初级4班,2014100040010C58898,体育课,3,,14,1-18周,0,问梅,1-18周 周四 第1节-第2节 ,1.0,体育部,否,实践类课程,周四,2014-2015-1,,2014100040010C58898,"2013文学院汉语言文学,2013环境学院环境科学（环规）,2013环境学院环境科学（环生）,2013环境学院环境科学（环化）,2013环境学院环境工程,2013环境学院环境科学与工程类,2013物理学院声学,2013物理学院物理学,2013法学院法学类,2013文学院戏剧影视文学",0,仙林校区,2014-2015学年 第1学期,58898,无,0.0,否,,3,2,04,30,0,体育（三）,,第1节-第2节,,00040010C
16.0,400340,羽毛球初级4班,2014100040010C58899,体育课,3,,13,1-18周,0,问梅,1-18周 周四 第1节-第2节 ,1.0,体育部,否,实践类课程,周四,2014-2015-1,,2014100040010C58899,"2013文学院汉语言文学,2013环境学院环境科学（环规）,2013环境学院环境科学（环生）,2013环境学院环境科学（环化）,2013环境学院环境工程,2013环境学院环境科学与工程类,2013物理学院声学,2013物理学院物理学,2013法学院法学类,2013文学院戏剧影视文学",0,仙林校区,2014-2015学年 第1学期,58899,无,0.0,否,,3,2,04,30,0,体育（三）,,第1节-第2节,,00040010C
16.0,400340,篮球5班,2014100040010C58900,体育课,3,,31,1-18周,0,巩绪伟,1-18周 周四 第1节-第2节 ,1.0,体育部,否,实践类课程,周四,2014-2015-1,,2014100040010C58900,"2013文学院汉语言文学,2013环境学院环境科学（环规）,2013环境学院环境科学（环生）,2013环境学院环境科学（环化）,2013环境学院环境工程,2013环境学院环境科学与工程类,2013物理学院声学,2013物理学院物理学,2013法学院法学类,2013文学院戏剧影视文学",0,仙林校区,2014-2015学年 第1学期,58900,无,0.0,否,,3,2,04,30,0,体育（三）,,第1节-第2节,,00040010C
16.0,400340,健身排舞4班,2014100040010C58901,体育课,3,,29,1-18周,0,唐苏丽,1-18周 周四 第1节-第2节 ,1.0,体育部,否,实践类课程,周四,2014-2015-1,,2014100040010C58901,"2013文学院汉语言文学,2013环境学院环境科学（环规）,2013环境学院环境科学（环生）,2013环境学院环境科学（环化）,2013环境学院环境工程,2013环境学院环境科学与工程类,2013物理学院声学,2013物理学院物理学,2013法学院法学类,2013文学院戏剧影视文学",0,仙林校区,2014-2015学年 第1学期,58901,无,0.0,否,,3,2,04,30,0,体育（三）,,第1节-第2节,,00040010C
16.0,400340,交谊舞2班,2014100040010C58902,体育课,3,,28,1-18周,0,沈如玲,1-18周 周四 第1节-第2节 ,1.0,体育部,否,实践类课程,周四,2014-2015-1,,2014100040010C58902,"2013文学院汉语言文学,2013环境学院环境科学（环规）,2013环境学院环境科学（环生）,2013环境学院环境科学（环化）,2013环境学院环境工程,2013环境学院环境科学与工程类,2013物理学院声学,2013物理学院物理学,2013法学院法学类,2013文学院戏剧影视文学",0,仙林校区,2014-2015学年 第1学期,58902,无,0.0,否,,3,2,04,30,0,体育（三）,,第1节-第2节,,00040010C
16.0,400340,游泳5班,2014100040010C58903,体育课,3,,29,1-18周,0,朱唯唯,1-18周 周四 第1节-第2节 ,1.0,体育部,否,实践类课程,周四,2014-2015-1,,2014100040010C58903,"2013文学院汉语言文学,2013环境学院环境科学（环规）,2013环境学院环境科学（环生）,2013环境学院环境科学（环化）,2013环境学院环境工程,2013环境学院环境科学与工程类,2013物理学院声学,2013物理学院物理学,2013法学院法学类,2013文学院戏剧影视文学",0,仙林校区,2014-2015学年 第1学期,58903,无,0.0,否,,3,2,04,30,0,体育（三）,,第1节-第2节,,00040010C
16.0,400340,太极剑2班,2014100040010C58904,体育课,3,,29,1-18周,0,燕明剑,1-18周 周四 第1节-第2节 ,1.0,体育部,否,实践类课程,周四,2014-2015-1,,2014100040010C58904,"2013文学院汉语言文学,2013环境学院环境科学（环规）,2013环境学院环境科学（环生）,2013环境学院环境科学（环化）,2013环境学院环境工程,2013环境学院环境科学与工程类,2013物理学院声学,2013物理学院物理学,2013法学院法学类,2013文学院戏剧影视文学",0,仙林校区,2014-2015学年 第1学期,58904,无,0.0,否,,3,2,04,30,0,体育（三）,,第1节-第2节,,00040010C
16.0,400340,跆拳道4班,2014100040010C58905,体育课,3,,32,1-18周,0,王慧,1-18周 周四 第1节-第2节 ,1.0,体育部,否,实践类课程,周四,2014-2015-1,,2014100040010C58905,"2013文学院汉语言文学,2013环境学院环境科学（环规）,2013环境学院环境科学（环生）,2013环境学院环境科学（环化）,2013环境学院环境工程,2013环境学院环境科学与工程类,2013物理学院声学,2013物理学院物理学,2013法学院法学类,2013文学院戏剧影视文学",0,仙林校区,2014-2015学年 第1学期,58905,无,0.0,否,,3,2,04,30,0,体育（三）,,第1节-第2节,,00040010C
16.0,400340,拳击5班,2014100040010C58906,体育课,3,,28,1-18周,0,谢坚,1-18周 周四 第3节-第4节 ,1.0,体育部,否,实践类课程,周四,2014-2015-1,,2014100040010C58906,"2013哲学学院哲学,2013计算机学院计算机科学与技术,2013天文与空间科学学院空间科学与技术,2013天文与空间科学学院天文学,2013电子科学与工程学院微电子科学与工程,2013电子科学与工程学院生物医学工程,2013电子科学与工程学院通信工程,2013电子科学与工程学院电子信息科学与技术,2013政府管理学院行政管理（劳动与社会保障）,2013政府管理学院政治学,2013政府管理学院国际政治,2013政府管理学院行政管理,2013政府管理学院政治学与行政学,2013政府管理学院公共管理类",0,仙林校区,2014-2015学年 第1学期,58906,无,0.0,否,,3,2,04,30,0,体育（三）,,第3节-第4节,,00040010C
16.0,400340,游泳6班,2014100040010C58907,体育课,3,,30,1-18周,0,王成,1-18周 周四 第3节-第4节 ,1.0,体育部,否,实践类课程,周四,2014-2015-1,,2014100040010C58907,"2013哲学学院哲学,2013计算机学院计算机科学与技术,2013天文与空间科学学院空间科学与技术,2013天文与空间科学学院天文学,2013电子科学与工程学院微电子科学与工程,2013电子科学与工程学院生物医学工程,2013电子科学与工程学院通信工程,2013电子科学与工程学院电子信息科学与技术,2013政府管理学院行政管理（劳动与社会保障）,2013政府管理学院政治学,2013政府管理学院国际政治,2013政府管理学院行政管理,2013政府管理学院政治学与行政学,2013政府管理学院公共管理类",0,仙林校区,2014-2015学年 第1学期,58907,无,0.0,否,,3,2,04,30,0,体育（三）,,第3节-第4节,,00040010C
16.0,400340,太极剑3班,2014100040010C58908,体育课,3,,28,1-18周,0,燕明剑,1-18周 周四 第3节-第4节 ,1.0,体育部,否,实践类课程,周四,2014-2015-1,,2014100040010C58908,"2013哲学学院哲学,2013计算机学院计算机科学与技术,2013天文与空间科学学院空间科学与技术,2013天文与空间科学学院天文学,2013电子科学与工程学院微电子科学与工程,2013电子科学与工程学院生物医学工程,2013电子科学与工程学院通信工程,2013电子科学与工程学院电子信息科学与技术,2013政府管理学院行政管理（劳动与社会保障）,2013政府管理学院政治学,2013政府管理学院国际政治,2013政府管理学院行政管理,2013政府管理学院政治学与行政学,2013政府管理学院公共管理类",0,仙林校区,2014-2015学年 第1学期,58908,无,0.0,否,,3,2,04,30,0,体育（三）,,第3节-第4节,,00040010C
16.0,400340,跆拳道5班,2014100040010C58909,体育课,3,,19,1-18周,0,王慧,1-18周 周四 第3节-第4节 ,1.0,体育部,否,实践类课程,周四,2014-2015-1,,2014100040010C58909,"2013哲学学院哲学,2013计算机学院计算机科学与技术,2013天文与空间科学学院空间科学与技术,2013天文与空间科学学院天文学,2013电子科学与工程学院微电子科学与工程,2013电子科学与工程学院生物医学工程,2013电子科学与工程学院通信工程,2013电子科学与工程学院电子信息科学与技术,2013政府管理学院行政管理（劳动与社会保障）,2013政府管理学院政治学,2013政府管理学院国际政治,2013政府管理学院行政管理,2013政府管理学院政治学与行政学,2013政府管理学院公共管理类",0,仙林校区,2014-2015学年 第1学期,58909,无,0.0,否,,3,2,04,30,0,体育（三）,,第3节-第4节,,00040010C
16.0,400340,网球2班,2014100040010C58910,体育课,3,,30,1-18周,0,鲍大卫,1-18周 周四 第3节-第4节 ,1.0,体育部,否,实践类课程,周四,2014-2015-1,,2014100040010C58910,"2013哲学学院哲学,2013计算机学院计算机科学与技术,2013天文与空间科学学院空间科学与技术,2013天文与空间科学学院天文学,2013电子科学与工程学院微电子科学与工程,2013电子科学与工程学院生物医学工程,2013电子科学与工程学院通信工程,2013电子科学与工程学院电子信息科学与技术,2013政府管理学院行政管理（劳动与社会保障）,2013政府管理学院政治学,2013政府管理学院国际政治,2013政府管理学院行政管理,2013政府管理学院政治学与行政学,2013政府管理学院公共管理类",0,仙林校区,2014-2015学年 第1学期,58910,无,0.0,否,,3,2,04,30,0,体育（三）,,第3节-第4节,,00040010C
16.0,400340,羽毛球初级5班,2014100040010C58911,体育课,3,,18,1-18周,0,问梅,1-18周 周四 第3节-第4节 ,1.0,体育部,否,实践类课程,周四,2014-2015-1,,2014100040010C58911,"2013哲学学院哲学,2013计算机学院计算机科学与技术,2013天文与空间科学学院空间科学与技术,2013天文与空间科学学院天文学,2013电子科学与工程学院微电子科学与工程,2013电子科学与工程学院生物医学工程,2013电子科学与工程学院通信工程,2013电子科学与工程学院电子信息科学与技术,2013政府管理学院行政管理（劳动与社会保障）,2013政府管理学院政治学,2013政府管理学院国际政治,2013政府管理学院行政管理,2013政府管理学院政治学与行政学,2013政府管理学院公共管理类",0,仙林校区,2014-2015学年 第1学期,58911,无,0.0,否,,3,2,04,30,0,体育（三）,,第3节-第4节,,00040010C
16.0,400340,羽毛球初级5班,2014100040010C58912,体育课,3,,14,1-18周,0,问梅,1-18周 周四 第3节-第4节 ,1.0,体育部,否,实践类课程,周四,2014-2015-1,,2014100040010C58912,"2013哲学学院哲学,2013计算机学院计算机科学与技术,2013天文与空间科学学院空间科学与技术,2013天文与空间科学学院天文学,2013电子科学与工程学院微电子科学与工程,2013电子科学与工程学院生物医学工程,2013电子科学与工程学院通信工程,2013电子科学与工程学院电子信息科学与技术,2013政府管理学院行政管理（劳动与社会保障）,2013政府管理学院政治学,2013政府管理学院国际政治,2013政府管理学院行政管理,2013政府管理学院政治学与行政学,2013政府管理学院公共管理类",0,仙林校区,2014-2015学年 第1学期,58912,无,0.0,否,,3,2,04,30,0,体育（三）,,第3节-第4节,,00040010C
16.0,400340,乒乓球初级5班,2014100040010C58913,体育课,3,,18,1-18周,0,殷晓霞,1-18周 周四 第3节-第4节 ,1.0,体育部,否,实践类课程,周四,2014-2015-1,,2014100040010C58913,"2013哲学学院哲学,2013计算机学院计算机科学与技术,2013天文与空间科学学院空间科学与技术,2013天文与空间科学学院天文学,2013电子科学与工程学院微电子科学与工程,2013电子科学与工程学院生物医学工程,2013电子科学与工程学院通信工程,2013电子科学与工程学院电子信息科学与技术,2013政府管理学院行政管理（劳动与社会保障）,2013政府管理学院政治学,2013政府管理学院国际政治,2013政府管理学院行政管理,2013政府管理学院政治学与行政学,2013政府管理学院公共管理类",0,仙林校区,2014-2015学年 第1学期,58913,无,0.0,否,,3,2,04,30,0,体育（三）,,第3节-第4节,,00040010C
16.0,400340,乒乓球初级5班,2014100040010C58914,体育课,3,,14,1-18周,0,殷晓霞,1-18周 周四 第3节-第4节 ,1.0,体育部,否,实践类课程,周四,2014-2015-1,,2014100040010C58914,"2013哲学学院哲学,2013计算机学院计算机科学与技术,2013天文与空间科学学院空间科学与技术,2013天文与空间科学学院天文学,2013电子科学与工程学院微电子科学与工程,2013电子科学与工程学院生物医学工程,2013电子科学与工程学院通信工程,2013电子科学与工程学院电子信息科学与技术,2013政府管理学院行政管理（劳动与社会保障）,2013政府管理学院政治学,2013政府管理学院国际政治,2013政府管理学院行政管理,2013政府管理学院政治学与行政学,2013政府管理学院公共管理类",0,仙林校区,2014-2015学年 第1学期,58914,无,0.0,否,,3,2,04,30,0,体育（三）,,第3节-第4节,,00040010C
16.0,400340,篮球7班,2014100040010C58915,体育课,3,,30,1-18周,0,巩绪伟,1-18周 周四 第3节-第4节 ,1.0,体育部,否,实践类课程,周四,2014-2015-1,,2014100040010C58915,"2013哲学学院哲学,2013计算机学院计算机科学与技术,2013天文与空间科学学院空间科学与技术,2013天文与空间科学学院天文学,2013电子科学与工程学院微电子科学与工程,2013电子科学与工程学院生物医学工程,2013电子科学与工程学院通信工程,2013电子科学与工程学院电子信息科学与技术,2013政府管理学院行政管理（劳动与社会保障）,2013政府管理学院政治学,2013政府管理学院国际政治,2013政府管理学院行政管理,2013政府管理学院政治学与行政学,2013政府管理学院公共管理类",0,仙林校区,2014-2015学年 第1学期,58915,无,0.0,否,,3,2,04,30,0,体育（三）,,第3节-第4节,,00040010C
16.0,400340,篮球6班,2014100040010C58916,体育课,3,,33,1-18周,0,李勇,1-18周 周四 第3节-第4节 ,1.0,体育部,否,实践类课程,周四,2014-2015-1,,2014100040010C58916,"2013哲学学院哲学,2013计算机学院计算机科学与技术,2013天文与空间科学学院空间科学与技术,2013天文与空间科学学院天文学,2013电子科学与工程学院微电子科学与工程,2013电子科学与工程学院生物医学工程,2013电子科学与工程学院通信工程,2013电子科学与工程学院电子信息科学与技术,2013政府管理学院行政管理（劳动与社会保障）,2013政府管理学院政治学,2013政府管理学院国际政治,2013政府管理学院行政管理,2013政府管理学院政治学与行政学,2013政府管理学院公共管理类",0,仙林校区,2014-2015学年 第1学期,58916,无,0.0,否,,3,2,04,30,0,体育（三）,,第3节-第4节,,00040010C
16.0,400340,排球8班,2014100040010C58917,体育课,3,,30,1-18周,0,宋杨,1-18周 周四 第3节-第4节 ,1.0,体育部,否,实践类课程,周四,2014-2015-1,,2014100040010C58917,"2013哲学学院哲学,2013计算机学院计算机科学与技术,2013天文与空间科学学院空间科学与技术,2013天文与空间科学学院天文学,2013电子科学与工程学院微电子科学与工程,2013电子科学与工程学院生物医学工程,2013电子科学与工程学院通信工程,2013电子科学与工程学院电子信息科学与技术,2013政府管理学院行政管理（劳动与社会保障）,2013政府管理学院政治学,2013政府管理学院国际政治,2013政府管理学院行政管理,2013政府管理学院政治学与行政学,2013政府管理学院公共管理类",0,仙林校区,2014-2015学年 第1学期,58917,无,0.0,否,,3,2,04,30,0,体育（三）,,第3节-第4节,,00040010C
16.0,400340,足球初级5班,2014100040010C58918,体育课,3,,28,1-18周,0,李俊,1-18周 周四 第3节-第4节 ,1.0,体育部,否,实践类课程,周四,2014-2015-1,,2014100040010C58918,"2013哲学学院哲学,2013计算机学院计算机科学与技术,2013天文与空间科学学院空间科学与技术,2013天文与空间科学学院天文学,2013电子科学与工程学院微电子科学与工程,2013电子科学与工程学院生物医学工程,2013电子科学与工程学院通信工程,2013电子科学与工程学院电子信息科学与技术,2013政府管理学院行政管理（劳动与社会保障）,2013政府管理学院政治学,2013政府管理学院国际政治,2013政府管理学院行政管理,2013政府管理学院政治学与行政学,2013政府管理学院公共管理类",0,仙林校区,2014-2015学年 第1学期,58918,无,0.0,否,,3,2,04,30,0,体育（三）,,第3节-第4节,,00040010C
16.0,400340,羽毛球提高5班,2014100040010C58919,体育课,3,,18,1-18周,0,沈乐群,1-18周 周四 第3节-第4节 ,1.0,体育部,否,实践类课程,周四,2014-2015-1,,2014100040010C58919,"2013哲学学院哲学,2013计算机学院计算机科学与技术,2013天文与空间科学学院空间科学与技术,2013天文与空间科学学院天文学,2013电子科学与工程学院微电子科学与工程,2013电子科学与工程学院生物医学工程,2013电子科学与工程学院通信工程,2013电子科学与工程学院电子信息科学与技术,2013政府管理学院行政管理（劳动与社会保障）,2013政府管理学院政治学,2013政府管理学院国际政治,2013政府管理学院行政管理,2013政府管理学院政治学与行政学,2013政府管理学院公共管理类",0,仙林校区,2014-2015学年 第1学期,58919,无,0.0,否,,3,2,04,30,0,体育（三）,,第3节-第4节,,00040010C
16.0,400340,羽毛球提高5班,2014100040010C58920,体育课,3,,13,1-18周,0,沈乐群,1-18周 周四 第3节-第4节 ,1.0,体育部,否,实践类课程,周四,2014-2015-1,,2014100040010C58920,"2013哲学学院哲学,2013计算机学院计算机科学与技术,2013天文与空间科学学院空间科学与技术,2013天文与空间科学学院天文学,2013电子科学与工程学院微电子科学与工程,2013电子科学与工程学院生物医学工程,2013电子科学与工程学院通信工程,2013电子科学与工程学院电子信息科学与技术,2013政府管理学院行政管理（劳动与社会保障）,2013政府管理学院政治学,2013政府管理学院国际政治,2013政府管理学院行政管理,2013政府管理学院政治学与行政学,2013政府管理学院公共管理类",0,仙林校区,2014-2015学年 第1学期,58920,无,0.0,否,,3,2,04,30,0,体育（三）,,第3节-第4节,,00040010C
16.0,400340,乒乓球提高5班,2014100040010C58921,体育课,3,,16,1-18周,0,臧育扬,1-18周 周四 第3节-第4节 ,1.0,体育部,否,实践类课程,周四,2014-2015-1,,2014100040010C58921,"2013哲学学院哲学,2013计算机学院计算机科学与技术,2013天文与空间科学学院空间科学与技术,2013天文与空间科学学院天文学,2013电子科学与工程学院微电子科学与工程,2013电子科学与工程学院生物医学工程,2013电子科学与工程学院通信工程,2013电子科学与工程学院电子信息科学与技术,2013政府管理学院行政管理（劳动与社会保障）,2013政府管理学院政治学,2013政府管理学院国际政治,2013政府管理学院行政管理,2013政府管理学院政治学与行政学,2013政府管理学院公共管理类",0,仙林校区,2014-2015学年 第1学期,58921,无,0.0,否,,3,2,04,30,0,体育（三）,,第3节-第4节,,00040010C
16.0,400340,健身排舞5班,2014100040010C58922,体育课,3,,30,1-18周,0,唐苏丽,1-18周 周四 第3节-第4节 ,1.0,体育部,否,实践类课程,周四,2014-2015-1,,2014100040010C58922,"2013哲学学院哲学,2013计算机学院计算机科学与技术,2013天文与空间科学学院空间科学与技术,2013天文与空间科学学院天文学,2013电子科学与工程学院微电子科学与工程,2013电子科学与工程学院生物医学工程,2013电子科学与工程学院通信工程,2013电子科学与工程学院电子信息科学与技术,2013政府管理学院行政管理（劳动与社会保障）,2013政府管理学院政治学,2013政府管理学院国际政治,2013政府管理学院行政管理,2013政府管理学院政治学与行政学,2013政府管理学院公共管理类",0,仙林校区,2014-2015学年 第1学期,58922,无,0.0,否,,3,2,04,30,0,体育（三）,,第3节-第4节,,00040010C
16.0,400340,交谊舞3班,2014100040010C58923,体育课,3,,29,1-18周,0,沈如玲,1-18周 周四 第3节-第4节 ,1.0,体育部,否,实践类课程,周四,2014-2015-1,,2014100040010C58923,"2013哲学学院哲学,2013计算机学院计算机科学与技术,2013天文与空间科学学院空间科学与技术,2013天文与空间科学学院天文学,2013电子科学与工程学院微电子科学与工程,2013电子科学与工程学院生物医学工程,2013电子科学与工程学院通信工程,2013电子科学与工程学院电子信息科学与技术,2013政府管理学院行政管理（劳动与社会保障）,2013政府管理学院政治学,2013政府管理学院国际政治,2013政府管理学院行政管理,2013政府管理学院政治学与行政学,2013政府管理学院公共管理类",0,仙林校区,2014-2015学年 第1学期,58923,无,0.0,否,,3,2,04,30,0,体育（三）,,第3节-第4节,,00040010C
16.0,400340,毽球5班,2014100040010C58924,体育课,3,,30,1-18周,0,龚晖晖,1-18周 周四 第3节-第4节 ,1.0,体育部,否,实践类课程,周四,2014-2015-1,,2014100040010C58924,"2013哲学学院哲学,2013计算机学院计算机科学与技术,2013天文与空间科学学院空间科学与技术,2013天文与空间科学学院天文学,2013电子科学与工程学院微电子科学与工程,2013电子科学与工程学院生物医学工程,2013电子科学与工程学院通信工程,2013电子科学与工程学院电子信息科学与技术,2013政府管理学院行政管理（劳动与社会保障）,2013政府管理学院政治学,2013政府管理学院国际政治,2013政府管理学院行政管理,2013政府管理学院政治学与行政学,2013政府管理学院公共管理类",0,仙林校区,2014-2015学年 第1学期,58924,无,0.0,否,,3,2,04,30,0,体育（三）,,第3节-第4节,,00040010C
16.0,400340,游泳7班,2014100040010C58925,体育课,3,,30,1-18周,0,朱唯唯,1-18周 周四 第3节-第4节 ,1.0,体育部,否,实践类课程,周四,2014-2015-1,,2014100040010C58925,"2013哲学学院哲学,2013计算机学院计算机科学与技术,2013天文与空间科学学院空间科学与技术,2013天文与空间科学学院天文学,2013电子科学与工程学院微电子科学与工程,2013电子科学与工程学院生物医学工程,2013电子科学与工程学院通信工程,2013电子科学与工程学院电子信息科学与技术,2013政府管理学院行政管理（劳动与社会保障）,2013政府管理学院政治学,2013政府管理学院国际政治,2013政府管理学院行政管理,2013政府管理学院政治学与行政学,2013政府管理学院公共管理类",0,仙林校区,2014-2015学年 第1学期,58925,无,0.0,否,,3,2,04,30,0,体育（三）,,第3节-第4节,,00040010C
16.0,400340,篮球8班,2014100040010C58926,体育课,3,,27,1-18周,0,李勇,1-18周 周四 第5节-第6节 ,1.0,体育部,否,实践类课程,周四,2014-2015-1,,2014100040010C58926,"2013新闻传播学院新闻学,2013化学学院应用化学,2013化学学院化学,2013外国语学院朝鲜语,2013外国语学院西班牙语,2013外国语学院德语,2013外国语学院法语,2013外国语学院日语,2013外国语学院俄语,2013外国语学院英语,2013信息管理学院编辑出版学,2013信息管理学院档案学,2013信息管理学院图书馆学,2013信息管理学院信息管理与信息系统,2013新闻传播学院广播电视学,2013新闻传播学院广告学",0,仙林校区,2014-2015学年 第1学期,58926,无,0.0,否,,3,2,04,30,0,体育（三）,,第5节-第6节,,00040010C
16.0,400340,健身排舞6班,2014100040010C58927,体育课,3,,35,1-18周,0,唐苏丽,1-18周 周四 第5节-第6节 ,1.0,体育部,否,实践类课程,周四,2014-2015-1,,2014100040010C58927,"2013新闻传播学院新闻学,2013化学学院应用化学,2013化学学院化学,2013外国语学院朝鲜语,2013外国语学院西班牙语,2013外国语学院德语,2013外国语学院法语,2013外国语学院日语,2013外国语学院俄语,2013外国语学院英语,2013信息管理学院编辑出版学,2013信息管理学院档案学,2013信息管理学院图书馆学,2013信息管理学院信息管理与信息系统,2013新闻传播学院广播电视学,2013新闻传播学院广告学",0,仙林校区,2014-2015学年 第1学期,58927,无,0.0,否,,3,2,04,30,0,体育（三）,,第5节-第6节,,00040010C
16.0,400340,排球9班,2014100040010C58928,体育课,3,,33,1-18周,0,宋杨,1-18周 周四 第5节-第6节 ,1.0,体育部,否,实践类课程,周四,2014-2015-1,,2014100040010C58928,"2013新闻传播学院新闻学,2013化学学院应用化学,2013化学学院化学,2013外国语学院朝鲜语,2013外国语学院西班牙语,2013外国语学院德语,2013外国语学院法语,2013外国语学院日语,2013外国语学院俄语,2013外国语学院英语,2013信息管理学院编辑出版学,2013信息管理学院档案学,2013信息管理学院图书馆学,2013信息管理学院信息管理与信息系统,2013新闻传播学院广播电视学,2013新闻传播学院广告学",0,仙林校区,2014-2015学年 第1学期,58928,无,0.0,否,,3,2,04,30,0,体育（三）,,第5节-第6节,,00040010C
16.0,400340,交谊舞4班,2014100040010C58929,体育课,3,,32,1-18周,0,沈如玲,1-18周 周四 第5节-第6节 ,1.0,体育部,否,实践类课程,周四,2014-2015-1,,2014100040010C58929,"2013新闻传播学院新闻学,2013化学学院应用化学,2013化学学院化学,2013外国语学院朝鲜语,2013外国语学院西班牙语,2013外国语学院德语,2013外国语学院法语,2013外国语学院日语,2013外国语学院俄语,2013外国语学院英语,2013信息管理学院编辑出版学,2013信息管理学院档案学,2013信息管理学院图书馆学,2013信息管理学院信息管理与信息系统,2013新闻传播学院广播电视学,2013新闻传播学院广告学",0,仙林校区,2014-2015学年 第1学期,58929,无,0.0,否,,3,2,04,30,0,体育（三）,,第5节-第6节,,00040010C
16.0,400340,毽球6班,2014100040010C58930,体育课,3,,28,1-18周,0,龚晖晖,1-18周 周四 第5节-第6节 ,1.0,体育部,否,实践类课程,周四,2014-2015-1,,2014100040010C58930,"2013新闻传播学院新闻学,2013化学学院应用化学,2013化学学院化学,2013外国语学院朝鲜语,2013外国语学院西班牙语,2013外国语学院德语,2013外国语学院法语,2013外国语学院日语,2013外国语学院俄语,2013外国语学院英语,2013信息管理学院编辑出版学,2013信息管理学院档案学,2013信息管理学院图书馆学,2013信息管理学院信息管理与信息系统,2013新闻传播学院广播电视学,2013新闻传播学院广告学",0,仙林校区,2014-2015学年 第1学期,58930,无,0.0,否,,3,2,04,30,0,体育（三）,,第5节-第6节,,00040010C
16.0,400340,太极剑4班,2014100040010C58931,体育课,3,,36,1-18周,0,燕明剑,1-18周 周四 第5节-第6节 ,1.0,体育部,否,实践类课程,周四,2014-2015-1,,2014100040010C58931,"2013新闻传播学院新闻学,2013化学学院应用化学,2013化学学院化学,2013外国语学院朝鲜语,2013外国语学院西班牙语,2013外国语学院德语,2013外国语学院法语,2013外国语学院日语,2013外国语学院俄语,2013外国语学院英语,2013信息管理学院编辑出版学,2013信息管理学院档案学,2013信息管理学院图书馆学,2013信息管理学院信息管理与信息系统,2013新闻传播学院广播电视学,2013新闻传播学院广告学",0,仙林校区,2014-2015学年 第1学期,58931,无,0.0,否,,3,2,04,30,0,体育（三）,,第5节-第6节,,00040010C
16.0,400340,网球3班,2014100040010C58932,体育课,3,,30,1-18周,0,鲍大卫,1-18周 周四 第5节-第6节 ,1.0,体育部,否,实践类课程,周四,2014-2015-1,,2014100040010C58932,"2013新闻传播学院新闻学,2013化学学院应用化学,2013化学学院化学,2013外国语学院朝鲜语,2013外国语学院西班牙语,2013外国语学院德语,2013外国语学院法语,2013外国语学院日语,2013外国语学院俄语,2013外国语学院英语,2013信息管理学院编辑出版学,2013信息管理学院档案学,2013信息管理学院图书馆学,2013信息管理学院信息管理与信息系统,2013新闻传播学院广播电视学,2013新闻传播学院广告学",0,仙林校区,2014-2015学年 第1学期,58932,无,0.0,否,,3,2,04,30,0,体育（三）,,第5节-第6节,,00040010C
16.0,400340,太极拳1班,2014100040010C58933,体育课,3,,0,1-18周,0,高凤华,1-18周 周四 第5节-第6节 ,1.0,体育部,否,实践类课程,周四,2014-2015-1,,2014100040010C58933,"2013新闻传播学院新闻学,2013化学学院应用化学,2013化学学院化学,2013外国语学院朝鲜语,2013外国语学院西班牙语,2013外国语学院德语,2013外国语学院法语,2013外国语学院日语,2013外国语学院俄语,2013外国语学院英语,2013信息管理学院编辑出版学,2013信息管理学院档案学,2013信息管理学院图书馆学,2013信息管理学院信息管理与信息系统,2013新闻传播学院广播电视学,2013新闻传播学院广告学",0,仙林校区,2014-2015学年 第1学期,58933,无,0.0,否,,3,2,04,30,0,体育（三）,,第5节-第6节,,00040010C
16.0,400340,游泳8班,2014100040010C58934,体育课,3,,30,1-18周,0,巩绪伟,1-18周 周四 第5节-第6节 ,1.0,体育部,否,实践类课程,周四,2014-2015-1,,2014100040010C58934,"2013新闻传播学院新闻学,2013化学学院应用化学,2013化学学院化学,2013外国语学院朝鲜语,2013外国语学院西班牙语,2013外国语学院德语,2013外国语学院法语,2013外国语学院日语,2013外国语学院俄语,2013外国语学院英语,2013信息管理学院编辑出版学,2013信息管理学院档案学,2013信息管理学院图书馆学,2013信息管理学院信息管理与信息系统,2013新闻传播学院广播电视学,2013新闻传播学院广告学",0,仙林校区,2014-2015学年 第1学期,58934,无,0.0,否,,3,2,04,30,0,体育（三）,,第5节-第6节,,00040010C
16.0,400340,羽毛球初级6班,2014100040010C58935,体育课,3,,19,1-18周,0,问梅,1-18周 周四 第5节-第6节 ,1.0,体育部,否,实践类课程,周四,2014-2015-1,,2014100040010C58935,"2013新闻传播学院新闻学,2013化学学院应用化学,2013化学学院化学,2013外国语学院朝鲜语,2013外国语学院西班牙语,2013外国语学院德语,2013外国语学院法语,2013外国语学院日语,2013外国语学院俄语,2013外国语学院英语,2013信息管理学院编辑出版学,2013信息管理学院档案学,2013信息管理学院图书馆学,2013信息管理学院信息管理与信息系统,2013新闻传播学院广播电视学,2013新闻传播学院广告学",0,仙林校区,2014-2015学年 第1学期,58935,无,0.0,否,,3,2,04,30,0,体育（三）,,第5节-第6节,,00040010C
16.0,400340,羽毛球初级6班,2014100040010C58936,体育课,3,,16,1-18周,0,问梅,1-18周 周四 第5节-第6节 ,1.0,体育部,否,实践类课程,周四,2014-2015-1,,2014100040010C58936,"2013新闻传播学院新闻学,2013化学学院应用化学,2013化学学院化学,2013外国语学院朝鲜语,2013外国语学院西班牙语,2013外国语学院德语,2013外国语学院法语,2013外国语学院日语,2013外国语学院俄语,2013外国语学院英语,2013信息管理学院编辑出版学,2013信息管理学院档案学,2013信息管理学院图书馆学,2013信息管理学院信息管理与信息系统,2013新闻传播学院广播电视学,2013新闻传播学院广告学",0,仙林校区,2014-2015学年 第1学期,58936,无,0.0,否,,3,2,04,30,0,体育（三）,,第5节-第6节,,00040010C
16.0,400340,乒乓球初级6班,2014100040010C58937,体育课,3,,15,1-18周,0,殷晓霞,1-18周 周四 第5节-第6节 ,1.0,体育部,否,实践类课程,周四,2014-2015-1,,2014100040010C58937,"2013新闻传播学院新闻学,2013化学学院应用化学,2013化学学院化学,2013外国语学院朝鲜语,2013外国语学院西班牙语,2013外国语学院德语,2013外国语学院法语,2013外国语学院日语,2013外国语学院俄语,2013外国语学院英语,2013信息管理学院编辑出版学,2013信息管理学院档案学,2013信息管理学院图书馆学,2013信息管理学院信息管理与信息系统,2013新闻传播学院广播电视学,2013新闻传播学院广告学",0,仙林校区,2014-2015学年 第1学期,58937,无,0.0,否,,3,2,04,30,0,体育（三）,,第5节-第6节,,00040010C
16.0,400340,乒乓球初级6班,2014100040010C58938,体育课,3,,18,1-18周,0,殷晓霞,1-18周 周四 第5节-第6节 ,1.0,体育部,否,实践类课程,周四,2014-2015-1,,2014100040010C58938,"2013新闻传播学院新闻学,2013化学学院应用化学,2013化学学院化学,2013外国语学院朝鲜语,2013外国语学院西班牙语,2013外国语学院德语,2013外国语学院法语,2013外国语学院日语,2013外国语学院俄语,2013外国语学院英语,2013信息管理学院编辑出版学,2013信息管理学院档案学,2013信息管理学院图书馆学,2013信息管理学院信息管理与信息系统,2013新闻传播学院广播电视学,2013新闻传播学院广告学",0,仙林校区,2014-2015学年 第1学期,58938,无,0.0,否,,3,2,04,30,0,体育（三）,,第5节-第6节,,00040010C
16.0,400340,羽毛球提高6班,2014100040010C58939,体育课,3,,15,1-18周,0,沈乐群,1-18周 周四 第5节-第6节 ,1.0,体育部,否,实践类课程,周四,2014-2015-1,,2014100040010C58939,"2013新闻传播学院新闻学,2013化学学院应用化学,2013化学学院化学,2013外国语学院朝鲜语,2013外国语学院西班牙语,2013外国语学院德语,2013外国语学院法语,2013外国语学院日语,2013外国语学院俄语,2013外国语学院英语,2013信息管理学院编辑出版学,2013信息管理学院档案学,2013信息管理学院图书馆学,2013信息管理学院信息管理与信息系统,2013新闻传播学院广播电视学,2013新闻传播学院广告学",0,仙林校区,2014-2015学年 第1学期,58939,无,0.0,否,,3,2,04,30,0,体育（三）,,第5节-第6节,,00040010C
16.0,400340,羽毛球提高6班,2014100040010C58940,体育课,3,,14,1-18周,0,沈乐群,1-18周 周四 第5节-第6节 ,1.0,体育部,否,实践类课程,周四,2014-2015-1,,2014100040010C58940,"2013新闻传播学院新闻学,2013化学学院应用化学,2013化学学院化学,2013外国语学院朝鲜语,2013外国语学院西班牙语,2013外国语学院德语,2013外国语学院法语,2013外国语学院日语,2013外国语学院俄语,2013外国语学院英语,2013信息管理学院编辑出版学,2013信息管理学院档案学,2013信息管理学院图书馆学,2013信息管理学院信息管理与信息系统,2013新闻传播学院广播电视学,2013新闻传播学院广告学",0,仙林校区,2014-2015学年 第1学期,58940,无,0.0,否,,3,2,04,30,0,体育（三）,,第5节-第6节,,00040010C
16.0,400340,乒乓球提高6班,2014100040010C58941,体育课,3,,11,1-18周,0,臧育扬,1-18周 周四 第5节-第6节 ,1.0,体育部,否,实践类课程,周四,2014-2015-1,,2014100040010C58941,"2013新闻传播学院新闻学,2013化学学院应用化学,2013化学学院化学,2013外国语学院朝鲜语,2013外国语学院西班牙语,2013外国语学院德语,2013外国语学院法语,2013外国语学院日语,2013外国语学院俄语,2013外国语学院英语,2013信息管理学院编辑出版学,2013信息管理学院档案学,2013信息管理学院图书馆学,2013信息管理学院信息管理与信息系统,2013新闻传播学院广播电视学,2013新闻传播学院广告学",0,仙林校区,2014-2015学年 第1学期,58941,无,0.0,否,,3,2,04,30,0,体育（三）,,第5节-第6节,,00040010C
16.0,400340,乒乓球提高6班,2014100040010C58942,体育课,3,,12,1-18周,0,臧育扬,1-18周 周四 第5节-第6节 ,1.0,体育部,否,实践类课程,周四,2014-2015-1,,2014100040010C58942,"2013新闻传播学院新闻学,2013化学学院应用化学,2013化学学院化学,2013外国语学院朝鲜语,2013外国语学院西班牙语,2013外国语学院德语,2013外国语学院法语,2013外国语学院日语,2013外国语学院俄语,2013外国语学院英语,2013信息管理学院编辑出版学,2013信息管理学院档案学,2013信息管理学院图书馆学,2013信息管理学院信息管理与信息系统,2013新闻传播学院广播电视学,2013新闻传播学院广告学",0,仙林校区,2014-2015学年 第1学期,58942,无,0.0,否,,3,2,04,30,0,体育（三）,,第5节-第6节,,00040010C
16.0,400340,足球初级6班,2014100040010C58943,体育课,3,,27,1-18周,0,李俊,1-18周 周四 第5节-第6节 ,1.0,体育部,否,实践类课程,周四,2014-2015-1,,2014100040010C58943,"2013新闻传播学院新闻学,2013化学学院应用化学,2013化学学院化学,2013外国语学院朝鲜语,2013外国语学院西班牙语,2013外国语学院德语,2013外国语学院法语,2013外国语学院日语,2013外国语学院俄语,2013外国语学院英语,2013信息管理学院编辑出版学,2013信息管理学院档案学,2013信息管理学院图书馆学,2013信息管理学院信息管理与信息系统,2013新闻传播学院广播电视学,2013新闻传播学院广告学",0,仙林校区,2014-2015学年 第1学期,58943,无,0.0,否,,3,2,04,30,0,体育（三）,,第5节-第6节,,00040010C
16.0,400340,健美2班,2014100040010C58944,体育课,3,,27,1-18周,0,王成,1-18周 周四 第5节-第6节 ,1.0,体育部,否,实践类课程,周四,2014-2015-1,,2014100040010C58944,"2013新闻传播学院新闻学,2013化学学院应用化学,2013化学学院化学,2013外国语学院朝鲜语,2013外国语学院西班牙语,2013外国语学院德语,2013外国语学院法语,2013外国语学院日语,2013外国语学院俄语,2013外国语学院英语,2013信息管理学院编辑出版学,2013信息管理学院档案学,2013信息管理学院图书馆学,2013信息管理学院信息管理与信息系统,2013新闻传播学院广播电视学,2013新闻传播学院广告学",0,仙林校区,2014-2015学年 第1学期,58944,无,0.0,否,,3,2,04,30,0,体育（三）,,第5节-第6节,,00040010C
16.0,400340,拳击6班,2014100040010C58945,体育课,3,,27,1-18周,0,谢坚,1-18周 周四 第5节-第6节 ,1.0,体育部,否,实践类课程,周四,2014-2015-1,,2014100040010C58945,"2013新闻传播学院新闻学,2013化学学院应用化学,2013化学学院化学,2013外国语学院朝鲜语,2013外国语学院西班牙语,2013外国语学院德语,2013外国语学院法语,2013外国语学院日语,2013外国语学院俄语,2013外国语学院英语,2013信息管理学院编辑出版学,2013信息管理学院档案学,2013信息管理学院图书馆学,2013信息管理学院信息管理与信息系统,2013新闻传播学院广播电视学,2013新闻传播学院广告学",0,仙林校区,2014-2015学年 第1学期,58945,无,0.0,否,,3,2,04,30,0,体育（三）,,第5节-第6节,,00040010C
16.0,400340,篮球9班,2014100040010C58966,体育课,3,,24,1-18周,0,李勇,1-18周 周五 第1节-第2节 ,1.0,体育部,否,实践类课程,周五,2014-2015-1,,2014100040010C58966,"2013医学院临床医学,2013海外教育学院汉语国际教育,2013海外教育学院汉语言,2013医学院口腔医学",0,仙林校区,2014-2015学年 第1学期,58966,无,0.0,否,,3,2,04,30,0,体育（三）,,第1节-第2节,,00040010C
16.0,400340,排球初级10班,2014100040010C58967,体育课,3,,28,1-18周,0,吕春松,1-18周 周五 第1节-第2节 ,1.0,体育部,否,实践类课程,周五,2014-2015-1,,2014100040010C58967,"2013医学院临床医学,2013海外教育学院汉语国际教育,2013海外教育学院汉语言,2013医学院口腔医学",0,仙林校区,2014-2015学年 第1学期,58967,无,0.0,否,,3,2,04,30,0,体育（三）,,第1节-第2节,,00040010C
16.0,400340,排球初级11班,2014100040010C58968,体育课,3,,24,1-18周,0,许健,1-18周 周五 第1节-第2节 ,1.0,体育部,否,实践类课程,周五,2014-2015-1,,2014100040010C58968,"2013医学院临床医学,2013海外教育学院汉语国际教育,2013海外教育学院汉语言,2013医学院口腔医学",0,仙林校区,2014-2015学年 第1学期,58968,无,0.0,否,,3,2,04,30,0,体育（三）,,第1节-第2节,,00040010C
16.0,400340,乒乓球初级7班,2014100040010C58969,体育课,3,,29,1-18周,0,殷晓霞,1-18周 周五 第1节-第2节 ,1.0,体育部,否,实践类课程,周五,2014-2015-1,,2014100040010C58969,"2013医学院临床医学,2013海外教育学院汉语国际教育,2013海外教育学院汉语言,2013医学院口腔医学",0,仙林校区,2014-2015学年 第1学期,58969,无,0.0,否,,3,2,04,30,0,体育（三）,,第1节-第2节,,00040010C
16.0,400340,篮球10班,2014100040010C58970,体育课,3,,30,1-18周,0,李勇,1-18周 周五 第3节-第4节 ,1.0,体育部,否,实践类课程,周五,2014-2015-1,,2014100040010C58970,"2013社会学院社会学类,2013生命科学学院生物科学类,2013社会学院应用心理学,2013社会学院社会工作,2013社会学院社会学",0,仙林校区,2014-2015学年 第1学期,58970,无,0.0,否,,3,2,04,30,0,体育（三）,,第3节-第4节,,00040010C
16.0,400340,排球初级12班,2014100040010C58971,体育课,3,,21,1-18周,0,吕春松,1-18周 周五 第3节-第4节 ,1.0,体育部,否,实践类课程,周五,2014-2015-1,,2014100040010C58971,"2013社会学院社会学类,2013生命科学学院生物科学类,2013社会学院应用心理学,2013社会学院社会工作,2013社会学院社会学",0,仙林校区,2014-2015学年 第1学期,58971,无,0.0,否,,3,2,04,30,0,体育（三）,,第3节-第4节,,00040010C
16.0,400340,排球初级13班,2014100040010C58972,体育课,3,,22,1-18周,0,陈朝辉,1-18周 周五 第3节-第4节 ,1.0,体育部,否,实践类课程,周五,2014-2015-1,,2014100040010C58972,"2013社会学院社会学类,2013生命科学学院生物科学类,2013社会学院应用心理学,2013社会学院社会工作,2013社会学院社会学",0,仙林校区,2014-2015学年 第1学期,58972,无,0.0,否,,3,2,04,30,0,体育（三）,,第3节-第4节,,00040010C
16.0,400340,乒乓球初级8班,2014100040010C58973,体育课,3,,25,1-18周,0,殷晓霞,1-18周 周五 第3节-第4节 ,1.0,体育部,否,实践类课程,周五,2014-2015-1,,2014100040010C58973,"2013社会学院社会学类,2013生命科学学院生物科学类,2013社会学院应用心理学,2013社会学院社会工作,2013社会学院社会学",0,仙林校区,2014-2015学年 第1学期,58973,无,0.0,否,,3,2,04,30,0,体育（三）,,第3节-第4节,,00040010C
16.0,400340,保健班（乒乓球）,2014100040010E58783,体育课,3,,21,1-18周,0,臧育扬,1-18周 周四 第7节-第8节 ,1.0,体育部,否,,周四,2014-2015-1,,2014100040010E58783,,0,仙林校区,2014-2015学年 第1学期,58783,无,,否,,,,04,,0,体育,,第7节-第8节,,00040010E
16.0,400340,重修班（羽毛球）,2014100040010E58784,体育课,3,,77,1-18周,0,臧育扬,1-18周 周四 第7节-第8节 ,1.0,体育部,否,,周四,2014-2015-1,,2014100040010E58784,,0,仙林校区,2014-2015学年 第1学期,58784,无,,否,,,,04,,0,体育,,第7节-第8节,,00040010E
16.0,400340,保健课（乒乓球）,2014100040010E61332,体育课,3,,36,1-18周,0,谢争,1-18周 周三 第7节-第8节 ,1.0,体育部,否,,周三,2014-2015-1,,2014100040010E61332,,0,仙林校区,2014-2015学年 第1学期,61332,无,,否,,,,04,,0,体育,,第7节-第8节,,00040010E
16.0,100110,军训(20141-00050020-1),201410005002061342,军事课,3,,0,1-18周,0,,1-18周 自由时间 - ,1.0,人民武装部,否,实践类课程,自由时间,2014-2015-1,,201410005002061342,,0,仙林校区,2014-2015学年 第1学期,61342,无,0.0,否,,3,0,05,16,0,军训,,自由时间,,00050020
32.0,400010,大学语文(20141-00060010-1),201410006001059514,,3,,140,4-18周,0,闵丰,4-18周 周三 第5节-第6节 逸B-101,2.0,文学院,否,,周三,2014-2015-1,,201410006001059514,"2013新闻传播学院新闻学（记者班）,2014新闻传播学院新闻传播学类",0,仙林校区,2014-2015学年 第1学期,59514,逸B-101,,否,,,,,,0,大学语文,16,第5节-第6节,逸夫楼B区,00060010
32.0,400010,大学语文(20141-00060010-2),201410006001059516,,3,,119,4-18周,0,葛飞,4-18周 周三 第5节-第6节 仙Ⅰ-524,2.0,文学院,否,,周三,2014-2015-1,,201410006001059516,,0,仙林校区,2014-2015学年 第1学期,59516,仙Ⅰ-524,,否,,,,,,0,大学语文,11,第5节-第6节,仙I区,00060010
32.0,400010,大学语文(20141-00060010-3),201410006001059520,,3,,101,4-18周,0,何同彬,4-18周 周一 第3节-第4节 逸B-205,2.0,文学院,否,,周一,2014-2015-1,,201410006001059520,"2014哲学学院哲学,2014工程管理学院管理科学与工程类",0,仙林校区,2014-2015学年 第1学期,59520,逸B-205,,否,,,,,,0,大学语文,16,第3节-第4节,逸夫楼B区,00060010
32.0,000000,21世纪的工业工程(20141-00200010-1),201410020001060796,,3,新生研讨课,25,6-13周,0,周跃进,6-13周 周二 第9节-第11节 仙Ⅰ-111,2.0,公共课程,否,理论类课程,周二,2014-2015-1,,201410020001060796,,0,仙林校区,2014-2015学年 第1学期,60796,仙Ⅰ-111,0.0,否,02,1,32,,0,0,21世纪的工业工程,11,第9节-第11节,仙I区,00200010
32.0,000000,波及材料中的波物理(20141-00200030-1),201410020003061209,,3,新生研讨课,30,6-13周,0,"彭茹雯,潘永华,祝世宁,王思慧,吴小山,王振林",6-13周 周一 第9节-第11节 仙Ⅰ-209,2.0,公共课程,否,理论类课程,周一,2014-2015-1,,201410020003061209,,0,仙林校区,2014-2015学年 第1学期,61209,仙Ⅰ-209,0.0,否,02,1,32,,0,0,波及材料中的波物理,11,第9节-第11节,仙I区,00200030
32.0,000000,走进动力系统(20141-00200060-1),201410020006060797,,3,新生研讨课,25,6-13周,0,尤建功,6-13周 周四 第9节-第11节 仙Ⅰ-112,2.0,公共课程,否,理论类课程,周四,2014-2015-1,,201410020006060797,,0,仙林校区,2014-2015学年 第1学期,60797,仙Ⅰ-112,0.0,否,02,1,32,,0,0,走进动力系统,11,第9节-第11节,仙I区,00200060
32.0,000000,高科技产品探究(20141-00200090-1),201410020009060798,,3,新生研讨课,20,7-18周,0,"邵栋,李宣东",7-18周 周四 第7节-第8节 ,2.0,公共课程,否,理论类课程,周四,2014-2015-1,,201410020009060798,,0,仙林校区,2014-2015学年 第1学期,60798,实验楼丙524,0.0,否,02,1,24,,0,0,高科技产品探究,,第7节-第8节,,00200090
32.0,000000,国际经济中的政治问题(20141-00200120-1),201410020012060799,,3,新生研讨课,20,6-17周,0,李滨,6-17周 周二 第9节-第10节 仙Ⅰ-112,2.0,公共课程,否,理论类课程,周二,2014-2015-1,,201410020012060799,,0,仙林校区,2014-2015学年 第1学期,60799,仙Ⅰ-112,0.0,否,02,1,32,,0,0,国际经济中的政治问题,11,第9节-第10节,仙I区,00200120
32.0,000000,经济生活中的法律(20141-00200150-1),201410020015060827,,3,新生研讨课,30,6-17周,0,李友根,6-17周 周一 第7节-第8节 仙Ⅰ-111,2.0,公共课程,否,理论类课程,周一,2014-2015-1,,201410020015060827,,0,仙林校区,2014-2015学年 第1学期,60827,仙Ⅰ-111,0.0,否,02,1,32,,0,0,经济生活中的法律,11,第7节-第8节,仙I区,00200150
32.0,000000,路由、交换与远程接入(20141-00200190-1),201410020019060800,,3,新生研讨课,30,7-18周,0,"赵志宏,张锋",7-18周 周二 第9节-第10节 ,2.0,公共课程,否,理论类课程,周二,2014-2015-1,,201410020019060800,,0,仙林校区,2014-2015学年 第1学期,60800,实验楼丙513,0.0,否,02,1,32,,0,0,路由、交换与远程接入,,第9节-第10节,,00200190
32.0,000000,全球变化与气候(20141-00200230-1),201410020023060801,,3,新生研讨课,30,6-13周,0,任雪娟,6-13周 周五 第9节-第11节 仙Ⅰ-112,2.0,公共课程,否,理论+实践课程,周五,2014-2015-1,,201410020023060801,,0,仙林校区,2014-2015学年 第1学期,60801,仙Ⅰ-112,0.0,否,02,5,21,,3,0,全球变化与气候,11,第9节-第11节,仙I区,00200230
32.0,000000,全球化与中国旅游业——旅游学研讨(20141-00200250-1),201410020025060802,,3,新生研讨课,30,6-17周,0,张捷,6-17周 周五 第7节-第8节 仙Ⅰ-111,2.0,公共课程,否,理论类课程,周五,2014-2015-1,,201410020025060802,,0,仙林校区,2014-2015学年 第1学期,60802,仙Ⅰ-111,0.0,否,02,1,32,,0,0,全球化与中国旅游业——旅游学研讨,11,第7节-第8节,仙I区,00200250
32.0,000000,身体.性别.身份：西方性别政治200年(20141-00200290-1),201410020029060803,,3,新生研讨课,24,6-13周,0,朱刚,6-13周 周一 第9节-第11节 仙Ⅰ-111,2.0,公共课程,否,理论类课程,周一,2014-2015-1,,201410020029060803,,0,仙林校区,2014-2015学年 第1学期,60803,仙Ⅰ-111,0.0,否,02,1,32,,0,0,身体.性别.身份：西方性别政治200年,11,第9节-第11节,仙I区,00200290
32.0,000000,生活中的经济学(20141-00200310-1),201410020031060804,,3,新生研讨课,31,6-17周,0,武志伟,6-17周 周五 第7节-第8节 仙Ⅰ-112,2.0,公共课程,否,理论类课程,周五,2014-2015-1,,201410020031060804,,0,仙林校区,2014-2015学年 第1学期,60804,仙Ⅰ-112,0.0,否,02,1,32,,0,0,生活中的经济学,11,第7节-第8节,仙I区,00200310
32.0,000000,数论探究(20141-00200320-1),201410020032060805,,3,新生研讨课,27,6-17周,0,秦厚荣,6-17周 周二 第7节-第8节 仙Ⅰ-112,2.0,公共课程,否,理论类课程,周二,2014-2015-1,,201410020032060805,,0,仙林校区,2014-2015学年 第1学期,60805,仙Ⅰ-112,0.0,否,02,1,32,,0,0,数论探究,11,第7节-第8节,仙I区,00200320
32.0,000000,水与废水处理新技术(20141-00200340-1),201410020034060806,,3,新生研讨课,15,6-17周,0,任洪强,6-17周 周一 第9节-第10节 仙Ⅰ-112,2.0,公共课程,否,理论+实践课程,周一,2014-2015-1,,201410020034060806,,0,仙林校区,2014-2015学年 第1学期,60806,仙Ⅰ-112,0.0,否,02,5,20,,4,0,水与废水处理新技术,11,第9节-第10节,仙I区,00200340
32.0,000000,物理生物学(20141-00200400-1),201410020040061210,,3,新生研讨课,40,6-17周,0,"王炜,秦猛,曹毅",6-17周 周三 第7节-第8节 仙Ⅰ-209,2.0,公共课程,否,理论类课程,周三,2014-2015-1,,201410020040061210,,0,仙林校区,2014-2015学年 第1学期,61210,仙Ⅰ-209,0.0,否,02,1,32,,0,0,物理生物学,11,第7节-第8节,仙I区,00200400
32.0,000000,信息化时代的控制(20141-00200440-1),201410020044060807,,3,新生研讨课,20,6-17周,0,周献中,6-17周 周三 第7节-第8节 仙Ⅰ-114,2.0,公共课程,否,理论类课程,周三,2014-2015-1,,201410020044060807,,0,仙林校区,2014-2015学年 第1学期,60807,仙Ⅰ-114,0.0,否,02,1,32,,0,0,信息化时代的控制,11,第7节-第8节,仙I区,00200440
32.0,000000,研究入门：规范与创新(20141-00200470-1),201410020047060808,,3,新生研讨课,29,6-13周,0,叶继元,6-13周 周四 第9节-第11节 仙Ⅰ-116,2.0,公共课程,否,理论类课程,周四,2014-2015-1,,201410020047060808,,0,仙林校区,2014-2015学年 第1学期,60808,仙Ⅰ-116,0.0,否,02,1,32,,0,0,研究入门：规范与创新,11,第9节-第11节,仙I区,00200470
32.0,000000,生命的启示(20141-00200500-1),201410020050060810,,3,新生研讨课,18,6-17周,0,陈建群,6-17周 周二 第7节-第8节 仙Ⅰ-113,2.0,公共课程,否,理论类课程,周二,2014-2015-1,,201410020050060810,,0,仙林校区,2014-2015学年 第1学期,60810,仙Ⅰ-113,0.0,否,02,1,32,,0,0,生命的启示,11,第7节-第8节,仙I区,00200500
32.0,000000,走进光电世界(20141-00200530-1),201410020053060811,,3,新生研讨课,15,7-14周,0,张旭苹,7-14周 周三 第9节-第11节 仙Ⅰ-117,2.0,公共课程,否,理论类课程,周三,2014-2015-1,,201410020053060811,,0,仙林校区,2014-2015学年 第1学期,60811,仙Ⅰ-117,0.0,否,02,1,32,,0,0,走进光电世界,11,第9节-第11节,仙I区,00200530
32.0,000000,数字地球：如何将地球搬进计算机?(20141-00200570-1),201410020057060812,,3,新生研讨课,20,6-13周,0,柯长青,6-13周 周一 第9节-第11节 仙Ⅰ-117,2.0,公共课程,否,理论类课程,周一,2014-2015-1,,201410020057060812,,0,仙林校区,2014-2015学年 第1学期,60812,仙Ⅰ-117,0.0,否,02,1,32,,0,0,数字地球：如何将地球搬进计算机?,11,第9节-第11节,仙I区,00200570
32.0,000000,城市化与地质环境(20141-00200600-1),201410020060061215,,3,新生研讨课,20,6-13周,0,施斌,6-13周 周一 第9节-第11节 仙Ⅰ-116,2.0,公共课程,否,理论类课程,周一,2014-2015-1,,201410020060061215,,0,仙林校区,2014-2015学年 第1学期,61215,仙Ⅰ-116,0.0,否,02,1,24,,0,0,城市化与地质环境,11,第9节-第11节,仙I区,00200600
32.0,000000,化学与生命(20141-00200630-1),201410020063060813,,3,新生研讨课,30,6-17周,0,"姚祝军,鞠熀先,郭子建",6-17周 周二 第7节-第8节 仙Ⅰ-116,2.0,公共课程,否,理论类课程,周二,2014-2015-1,,201410020063060813,,0,仙林校区,2014-2015学年 第1学期,60813,仙Ⅰ-116,0.0,否,02,1,32,,0,0,化学与生命,11,第7节-第8节,仙I区,00200630
32.0,000000,化学与材料(20141-00200640-1),201410020064060814,,3,新生研讨课,30,6-17周,0,"朱俊杰,左景林,杜红宾",6-17周 周二 第7节-第8节 仙Ⅰ-114,2.0,公共课程,否,理论类课程,周二,2014-2015-1,,201410020064060814,,0,仙林校区,2014-2015学年 第1学期,60814,仙Ⅰ-114,0.0,否,02,1,24,,0,0,化学与材料,11,第7节-第8节,仙I区,00200640
32.0,000000,化学与环境(20141-00200660-1),201410020066060815,,3,新生研讨课,24,6-17周,0,"范以宁,毕树平,董林",6-17周 周三 第9节-第10节 仙Ⅰ-114,2.0,公共课程,否,理论类课程,周三,2014-2015-1,,201410020066060815,,0,仙林校区,2014-2015学年 第1学期,60815,仙Ⅰ-114,0.0,否,02,1,24,,0,0,化学与环境,11,第9节-第10节,仙I区,00200660
32.0,000000,大分子：从材料到生命(20141-00200670-1),201410020067060816,,3,新生研讨课,20,6-13周,0,胡文兵,6-13周 周四 第9节-第11节 仙Ⅰ-111,2.0,公共课程,否,理论类课程,周四,2014-2015-1,,201410020067060816,,0,仙林校区,2014-2015学年 第1学期,60816,仙Ⅰ-111,0.0,否,02,1,3,,21,0,大分子：从材料到生命,11,第9节-第11节,仙I区,00200670
32.0,000000,语言政策与语言规划(20141-00200680-1),201410020068060818,,3,新生研讨课,17,6-13周,0,徐大明,6-13周 周三 第9节-第11节 仙Ⅰ-113,2.0,公共课程,否,理论类课程,周三,2014-2015-1,,201410020068060818,,0,仙林校区,2014-2015学年 第1学期,60818,仙Ⅰ-113,0.0,否,02,1,32,,0,0,语言政策与语言规划,11,第9节-第11节,仙I区,00200680
32.0,000000,太赫兹科学与技术(20141-00200720-1),201410020072060819,,3,新生研讨课,29,6-13周,0,"金飚兵,许伟伟,陈健,吴培亨,康琳",6-13周 周五 第5节-第7节 仙Ⅰ-117,2.0,公共课程,否,理论类课程,周五,2014-2015-1,,201410020072060819,,0,仙林校区,2014-2015学年 第1学期,60819,仙Ⅰ-117,0.0,否,02,1,32,,0,0,太赫兹科学与技术,11,第5节-第7节,仙I区,00200720
32.0,000000,现代城市生态与环境学(20141-00200740-1),201410020074060820,,3,新生研讨课,30,6-13周,0,李建龙,6-13周 周二 第9节-第11节 仙Ⅰ-211,2.0,公共课程,否,理论+实践课程,周二,2014-2015-1,,201410020074060820,,0,仙林校区,2014-2015学年 第1学期,60820,仙Ⅰ-211,0.0,否,02,5,26,,6,0,现代城市生态与环境学,11,第9节-第11节,仙I区,00200740
32.0,000000,女性与中国古典文学(20141-00200800-1),201410020080060821,,3,新生研讨课,25,6-17周,0,曹虹,6-17周 周三 第7节-第8节 仙Ⅰ-322,2.0,公共课程,否,理论类课程,周三,2014-2015-1,,201410020080060821,,0,仙林校区,2014-2015学年 第1学期,60821,仙Ⅰ-322,0.0,否,02,1,32,,0,0,女性与中国古典文学,11,第7节-第8节,仙I区,00200800
32.0,000000,人居环境与可持续发展(20141-00200910-1),201410020091061208,,3,新生研讨课,31,6-17周,0,秦孟昊,6-17周 周四 第9节-第10节 仙Ⅰ-315,2.0,公共课程,否,理论类课程,周四,2014-2015-1,,201410020091061208,,0,仙林校区,2014-2015学年 第1学期,61208,仙Ⅰ-315,0.0,否,02,1,32,,0,0,人居环境与可持续发展,11,第9节-第10节,仙I区,00200910
32.0,000000,区域社会生态变迁比较研究(20141-00200950-1),201410020095060822,,3,新生研讨课,30,6-13周,0,马俊亚,6-13周 周二 第9节-第11节 仙Ⅰ-114,2.0,公共课程,否,理论类课程,周二,2014-2015-1,,201410020095060822,,0,仙林校区,2014-2015学年 第1学期,60822,仙Ⅰ-114,0.0,否,02,1,32,,0,0,区域社会生态变迁比较研究,11,第9节-第11节,仙I区,00200950
32.0,000000,古典文献选读(20141-00200960-1),201410020096060823,,3,新生研讨课,30,"6-13周,16周",0,颜世安,"6-13周,16周 周一 第9节-第11节 仙Ⅰ-113",2.0,公共课程,否,理论类课程,周一,2014-2015-1,,201410020096060823,,0,仙林校区,2014-2015学年 第1学期,60823,仙Ⅰ-113,0.0,否,02,1,32,,0,0,古典文献选读,11,第9节-第11节,仙I区,00200960
32.0,000000,更丰盛的生命(20141-00201010-1),201410020101060825,,3,新生研讨课,35,6-13周,0,魏继武,6-13周 周四 第9节-第11节 仙Ⅰ-113,2.0,公共课程,否,理论+实践课程,周四,2014-2015-1,,201410020101060825,,0,仙林校区,2014-2015学年 第1学期,60825,仙Ⅰ-113,0.0,否,02,5,8,,16,0,更丰盛的生命,11,第9节-第11节,仙I区,00201010
32.0,000000,新生研究性物理实验(20141-00201020-1),201410020102061211,,3,新生研讨课,20,7-14周,0,"高文莉,王思慧,周惠君",7-14周 周四 第9节-第11节 仙Ⅰ-316,2.0,公共课程,否,实验类课程,周四,2014-2015-1,,201410020102061211,,0,仙林校区,2014-2015学年 第1学期,61211,仙Ⅰ-316,28.0,否,02,2,0,,0,0,新生研究性物理实验,11,第9节-第11节,仙I区,00201020
32.0,000000,影视中的法律世界(20141-00201090-1),201410020109060826,,3,新生研讨课,30,6-17周,0,"杨春福,吴英姿",6-17周 周五 第7节-第8节 仙Ⅰ-214,2.0,公共课程,否,理论类课程,周五,2014-2015-1,,201410020109060826,,0,仙林校区,2014-2015学年 第1学期,60826,仙Ⅰ-214,0.0,否,02,1,32,,0,0,影视中的法律世界,11,第7节-第8节,仙I区,00201090
32.0,000000,社会生活中的“公法”(20141-00201110-1),201410020111060828,,3,新生研讨课,27,6-17周,0,王钧,6-17周 周四 第7节-第8节 仙Ⅰ-111,2.0,公共课程,否,理论类课程,周四,2014-2015-1,,201410020111060828,,0,仙林校区,2014-2015学年 第1学期,60828,仙Ⅰ-111,0.0,否,02,1,32,,0,0,社会生活中的“公法”,11,第7节-第8节,仙I区,00201110
32.0,000000,晚清名臣述评(20141-00201120-1),201410020112060829,,3,新生研讨课,30,6-17周,0,陈仲丹,6-17周 周三 第7节-第8节 仙Ⅰ-112,2.0,公共课程,否,理论类课程,周三,2014-2015-1,,201410020112060829,,0,仙林校区,2014-2015学年 第1学期,60829,仙Ⅰ-112,0.0,否,02,1,32,,0,0,晚清名臣述评,11,第7节-第8节,仙I区,00201120
32.0,000000,文学传媒与文学传播研究(20141-00201200-1),201410020120060830,,3,新生研讨课,30,6-13周,0,黄发有,6-13周 周三 第9节-第11节 仙Ⅰ-111,2.0,公共课程,否,理论类课程,周三,2014-2015-1,,201410020120060830,,0,仙林校区,2014-2015学年 第1学期,60830,仙Ⅰ-111,0.0,否,02,1,32,,0,0,文学传媒与文学传播研究,11,第9节-第11节,仙I区,00201200
32.0,000000,新能源科学与技术(20141-00201230-1),201410020123060831,,3,新生研讨课,30,6-13周,0,"李朝升,邹志刚,刘建国,闫世成",6-13周 周二 第9节-第11节 仙Ⅰ-117,2.0,公共课程,否,理论类课程,周二,2014-2015-1,,201410020123060831,,0,仙林校区,2014-2015学年 第1学期,60831,仙Ⅰ-117,0.0,否,02,1,32,,0,0,新能源科学与技术,11,第9节-第11节,仙I区,00201230
32.0,000000,竞争情报理论与实务(20141-00201280-1),201410020128060832,,3,新生研讨课,27,6-13周,0,邵波,6-13周 周四 第9节-第11节 仙Ⅰ-114,2.0,公共课程,否,理论类课程,周四,2014-2015-1,,201410020128060832,,0,仙林校区,2014-2015学年 第1学期,60832,仙Ⅰ-114,0.0,否,02,1,24,,0,0,竞争情报理论与实务,11,第9节-第11节,仙I区,00201280
32.0,000000,化学，生物学与新药发现(20141-00201320-1),201410020132060833,,3,新生研讨课,30,6-17周,0,张峻峰,6-17周 周二 第7节-第8节 仙Ⅰ-209,2.0,公共课程,否,理论类课程,周二,2014-2015-1,,201410020132060833,,0,仙林校区,2014-2015学年 第1学期,60833,仙Ⅰ-209,0.0,否,02,1,32,,0,0,化学，生物学与新药发现,11,第7节-第8节,仙I区,00201320
32.0,000000,电荷的相对论运动与同步辐射应用(20141-00201350-1),201410020135061212,,3,新生研讨课,31,6-13周,0,吴小山,6-13周 周五 第9节-第11节 仙Ⅰ-113,2.0,公共课程,否,理论类课程,周五,2014-2015-1,,201410020135061212,,0,仙林校区,2014-2015学年 第1学期,61212,仙Ⅰ-113,0.0,否,02,1,24,,0,0,电荷的相对论运动与同步辐射应用,11,第9节-第11节,仙I区,00201350
32.0,000000,视觉解读——理论与方法(20141-00201370-1),201410020137060834,,3,新生研讨课,29,6-17周,0,韩丛耀,6-17周 周一 第3节-第4节 仙Ⅰ-111,2.0,公共课程,否,理论类课程,周一,2014-2015-1,,201410020137060834,,0,仙林校区,2014-2015学年 第1学期,60834,仙Ⅰ-111,0.0,否,02,1,32,,0,0,视觉解读——理论与方法,11,第3节-第4节,仙I区,00201370
32.0,000000,互联网商务金库的密钥——电子商务实务(20141-00201380-1),201410020138060835,,3,新生研讨课,25,6-13周,0,袁勤俭,6-13周 周四 第9节-第11节 仙Ⅰ-117,2.0,公共课程,否,理论类课程,周四,2014-2015-1,,201410020138060835,,0,仙林校区,2014-2015学年 第1学期,60835,仙Ⅰ-117,0.0,否,02,1,24,,0,0,互联网商务金库的密钥——电子商务实务,11,第9节-第11节,仙I区,00201380
32.0,000000,遗传密码——认识自我和生命(20141-00201400-1),201410020140060836,,3,新生研讨课,25,6-13周,0,李宽钰,6-13周 周四 第9节-第11节 仙Ⅰ-211,2.0,公共课程,否,理论+实践课程,周四,2014-2015-1,,201410020140060836,,0,仙林校区,2014-2015学年 第1学期,60836,仙Ⅰ-211,0.0,否,02,5,21,,3,0,遗传密码——认识自我和生命,11,第9节-第11节,仙I区,00201400
32.0,000000,创作方法与创新思维(20141-00201410-1),201410020141060837,,3,新生研讨课,30,6-17周,0,康尔,6-17周 周三 第7节-第8节 仙Ⅰ-210,2.0,公共课程,否,理论类课程,周三,2014-2015-1,,201410020141060837,,0,仙林校区,2014-2015学年 第1学期,60837,仙Ⅰ-210,0.0,否,02,1,32,,0,0,创作方法与创新思维,11,第7节-第8节,仙I区,00201410
32.0,000000,想象力：教育与社会(20141-00201550-1),201410020155060838,,3,新生研讨课,20,6-13周,0,贺晓星,6-13周 周一 第9节-第11节 仙Ⅰ-114,2.0,公共课程,否,理论类课程,周一,2014-2015-1,,201410020155060838,,0,仙林校区,2014-2015学年 第1学期,60838,仙Ⅰ-114,0.0,否,02,1,32,,0,0,想象力：教育与社会,11,第9节-第11节,仙I区,00201550
32.0,000000,空气污染:从局地到全球(20141-00201630-1),201410020163060861,,3,新生研讨课,30,6-13周,0,丁爱军,6-13周 周三 第9节-第11节 仙Ⅰ-112,2.0,公共课程,否,理论类课程,周三,2014-2015-1,,201410020163060861,,0,仙林校区,2014-2015学年 第1学期,60861,仙Ⅰ-112,0.0,否,02,1,24,,0,0,空气污染:从局地到全球,11,第9节-第11节,仙I区,00201630
32.0,000000,《国富论》的历史解读(20141-00201670-1),201410020167060839,,3,新生研讨课,21,6-13周,0,舒小昀,6-13周 周三 第9节-第11节 仙Ⅰ-214,2.0,公共课程,否,理论类课程,周三,2014-2015-1,,201410020167060839,,0,仙林校区,2014-2015学年 第1学期,60839,仙Ⅰ-214,0.0,否,02,1,32,,0,0,《国富论》的历史解读,11,第9节-第11节,仙I区,00201670
32.0,000000,语言文字与人类文明(20141-00201680-1),201410020168060841,,3,新生研讨课,25,6-13周,0,陈立中,6-13周 周三 第9节-第11节 仙Ⅰ-211,2.0,公共课程,否,理论类课程,周三,2014-2015-1,,201410020168060841,,0,仙林校区,2014-2015学年 第1学期,60841,仙Ⅰ-211,0.0,否,02,1,32,,0,0,语言文字与人类文明,11,第9节-第11节,仙I区,00201680
32.0,000000,理念与制度：中国现代人文与社会科学史研究(1911-1949)(20141-00201720-1),201410020172060842,,3,新生研讨课,30,6-17周,0,李刚,6-17周 周三 第9节-第10节 仙Ⅰ-209,2.0,公共课程,否,理论类课程,周三,2014-2015-1,,201410020172060842,,0,仙林校区,2014-2015学年 第1学期,60842,仙Ⅰ-209,0.0,否,02,1,24,,0,0,理念与制度：中国现代人文与社会科学史研究(1911-1949),11,第9节-第10节,仙I区,00201720
32.0,000000,人与城市(20141-00201740-1),201410020174060843,,3,新生研讨课,30,6-17周,0,胡大平,6-17周 周二 第7节-第8节 仙Ⅰ-214,2.0,公共课程,否,理论类课程,周二,2014-2015-1,,201410020174060843,,0,仙林校区,2014-2015学年 第1学期,60843,仙Ⅰ-214,0.0,否,02,1,32,,0,0,人与城市,11,第7节-第8节,仙I区,00201740
32.0,000000,从“心”解读健康(20141-00201750-1),201410020175060844,,3,新生研讨课,28,6-13周,0,耿柳娜,6-13周 周二 第9节-第11节 仙Ⅰ-210,2.0,公共课程,否,理论类课程,周二,2014-2015-1,,201410020175060844,,0,仙林校区,2014-2015学年 第1学期,60844,仙Ⅰ-210,0.0,否,02,1,32,,0,0,从“心”解读健康,11,第9节-第11节,仙I区,00201750
32.0,000000,中国古典诗歌的诠释与评衡(20141-00201770-1),201410020177060846,,3,新生研讨课,30,7-14周,0,张伯伟,7-14周 周二 第9节-第11节 仙Ⅰ-215,2.0,公共课程,否,理论类课程,周二,2014-2015-1,,201410020177060846,,0,仙林校区,2014-2015学年 第1学期,60846,仙Ⅰ-215,0.0,否,02,1,32,,0,0,中国古典诗歌的诠释与评衡,11,第9节-第11节,仙I区,00201770
32.0,000000,神秘的核力和核能(20141-00201790-1),201410020179061213,,3,新生研讨课,30,6-13周,0,"许昌,任中洲",6-13周 周二 第9节-第11节 仙Ⅰ-116,2.0,公共课程,否,理论类课程,周二,2014-2015-1,,201410020179061213,,0,仙林校区,2014-2015学年 第1学期,61213,仙Ⅰ-116,0.0,否,02,1,32,,0,0,神秘的核力和核能,11,第9节-第11节,仙I区,00201790
32.0,000000,走进量子世界(20141-00201800-1),201410020180061214,,3,新生研讨课,30,6-17周,0,沈瑞,6-17周 周一 第9节-第10节 仙Ⅰ-210,2.0,公共课程,否,理论类课程,周一,2014-2015-1,,201410020180061214,,0,仙林校区,2014-2015学年 第1学期,61214,仙Ⅰ-210,0.0,否,02,1,32,,0,0,走进量子世界,11,第9节-第10节,仙I区,00201800
32.0,000000,中外新闻名家选讲(20141-00201810-1),201410020181060847,,3,新生研讨课,30,6-17周,0,邓利平,6-17周 周三 第7节-第8节 仙Ⅰ-116,2.0,公共课程,否,理论类课程,周三,2014-2015-1,,201410020181060847,,0,仙林校区,2014-2015学年 第1学期,60847,仙Ⅰ-116,0.0,否,02,1,24,,0,0,中外新闻名家选讲,11,第7节-第8节,仙I区,00201810
32.0,000000,人体探索(20141-00201830-1),201410020183060848,,3,新生研讨课,40,6-13周,0,朱亚文,6-13周 周四 第9节-第11节 ,2.0,公共课程,否,理论+实践课程,周四,2014-2015-1,,201410020183060848,,0,仙林校区,2014-2015学年 第1学期,60848,基础医学教学中心118,0.0,否,02,5,21,,3,0,人体探索,,第9节-第11节,,00201830
32.0,000000,好莱坞电影中的地球科学(20141-00201850-1),201410020185061216,,3,新生研讨课,20,6-13周,0,张朝晖,6-13周 周四 第9节-第11节 仙Ⅰ-318,2.0,公共课程,否,理论类课程,周四,2014-2015-1,,201410020185061216,,0,仙林校区,2014-2015学年 第1学期,61216,仙Ⅰ-318,0.0,否,02,1,24,,0,0,好莱坞电影中的地球科学,11,第9节-第11节,仙I区,00201850
32.0,000000,中国近代史文献评介与阅读(20141-00201870-1),201410020187060850,,3,新生研讨课,30,6-17周,0,李玉,6-17周 周三 第7节-第8节 仙Ⅰ-215,2.0,公共课程,否,理论类课程,周三,2014-2015-1,,201410020187060850,,0,仙林校区,2014-2015学年 第1学期,60850,仙Ⅰ-215,0.0,否,02,1,32,,0,0,中国近代史文献评介与阅读,11,第7节-第8节,仙I区,00201870
32.0,000000,欧洲近现代史专题(20141-00201880-1),201410020188060851,,3,新生研讨课,31,7-14周,0,刘成,7-14周 周四 第9节-第11节 仙Ⅰ-209,2.0,公共课程,否,理论类课程,周四,2014-2015-1,,201410020188060851,,0,仙林校区,2014-2015学年 第1学期,60851,仙Ⅰ-209,0.0,否,02,1,32,,0,0,和平学视域下的欧洲近现代史,11,第9节-第11节,仙I区,00201880
32.0,000000,向往未来——人类的航天活动(20141-00201900-1),201410020190060853,,3,新生研讨课,50,6-17周,0,徐波,6-17周 周四 第7节-第8节 仙Ⅰ-204,2.0,公共课程,否,理论类课程,周四,2014-2015-1,,201410020190060853,,0,仙林校区,2014-2015学年 第1学期,60853,仙Ⅰ-204,0.0,否,02,1,32,,0,0,向往未来——人类的航天活动,11,第7节-第8节,仙I区,00201900
32.0,000000,英美短篇小说研究(20141-00201910-1),201410020191060854,,3,新生研讨课,25,6-17周,0,陈兵,6-17周 周三 第7节-第8节 仙Ⅰ-214,2.0,公共课程,否,理论类课程,周三,2014-2015-1,,201410020191060854,,0,仙林校区,2014-2015学年 第1学期,60854,仙Ⅰ-214,0.0,否,02,1,24,,0,0,英美短篇小说研究,11,第7节-第8节,仙I区,00201910
32.0,000000,现代工学漫谈(20141-00201940-1),201410020194060855,,3,新生研讨课,30,6-13周,0,"李兆阳,张伟华,魏辉,聂书明,朱嘉",6-13周 周四 第9节-第11节 仙Ⅰ-214,2.0,公共课程,否,理论类课程,周四,2014-2015-1,,201410020194060855,,0,仙林校区,2014-2015学年 第1学期,60855,仙Ⅰ-214,0.0,否,02,1,32,,0,0,新工科：技术，社会，人生,11,第9节-第11节,仙I区,00201940
32.0,000000,环境污染与健康(20141-00201950-1),201410020195060856,,3,新生研讨课,29,6-17周,0,"季荣,杨柳燕",6-17周 周一 第7节-第8节 仙Ⅰ-215,2.0,公共课程,否,理论+实验课程,周一,2014-2015-1,,201410020195060856,,0,仙林校区,2014-2015学年 第1学期,60856,仙Ⅰ-215,2.0,否,02,6,22,,0,0,环境污染与健康,11,第7节-第8节,仙I区,00201950
32.0,000000,防患于未然——疾病的预防与健康(20141-00201970-1),201410020197060857,,3,新生研讨课,30,6-13周,0,陈惠君,6-13周 周四 第9节-第11节 仙Ⅰ-215,2.0,公共课程,否,理论类课程,周四,2014-2015-1,,201410020197060857,,0,仙林校区,2014-2015学年 第1学期,60857,仙Ⅰ-215,0.0,否,02,1,32,,0,0,防患于未然——疾病的预防与健康,11,第9节-第11节,仙I区,00201970
32.0,000000,城市化与地下空间利用(20141-00202020-1),201410020202061218,,3,新生研讨课,30,6-13周,0,李晓昭,6-13周 周三 第9节-第11节 仙Ⅰ-116,2.0,公共课程,否,理论类课程,周三,2014-2015-1,,201410020202061218,,0,仙林校区,2014-2015学年 第1学期,61218,仙Ⅰ-116,0.0,否,02,1,36,,0,0,城市化与地下空间利用,11,第9节-第11节,仙I区,00202020
32.0,000000,大气雾霾污染与健康(20141-00202030-1),201410020203061007,,3,新生研讨课,30,4-16周,0,高士祥,4-16周 周四 第7节-第8节 仙Ⅰ-315,2.0,公共课程,否,理论+实践课程,周四,2014-2015-1,,201410020203061007,,0,仙林校区,2014-2015学年 第1学期,61007,仙Ⅰ-315,0.0,否,02,5,12,,12,0,大气雾霾污染与健康,11,第7节-第8节,仙I区,00202030
32.0,000000,遗传与癌症—不尽的奥秘(20141-00202040-1),201410020204061008,,3,新生研讨课,30,4-12周,0,王亚平,4-12周 周三 第9节-第11节 仙Ⅰ-315,2.0,公共课程,否,理论类课程,周三,2014-2015-1,,201410020204061008,,0,仙林校区,2014-2015学年 第1学期,61008,仙Ⅰ-315,0.0,否,02,1,30,,0,0,遗传与癌症—不尽的奥秘,11,第9节-第11节,仙I区,00202040
32.0,000000,不确定世界中的决策行为(20141-00202060-1),201410020206061009,,3,新生研讨课,31,6-13周,0,"俞红海,李娟,周晶",6-13周 周三 第9节-第11节 仙Ⅰ-316,2.0,公共课程,否,理论类课程,周三,2014-2015-1,,201410020206061009,,0,仙林校区,2014-2015学年 第1学期,61009,仙Ⅰ-316,0.0,否,02,1,32,,0,0,不确定世界中的决策行为,11,第9节-第11节,仙I区,00202060
32.0,000000,地表双雄：生物和矿物(20141-00202070-1),201410020207061219,,3,新生研讨课,24,6-13周,0,"王睿勇,陆现彩",6-13周 周一 第9节-第11节 仙Ⅰ-211,2.0,公共课程,否,理论类课程,周一,2014-2015-1,,201410020207061219,,0,仙林校区,2014-2015学年 第1学期,61219,仙Ⅰ-211,0.0,否,02,1,32,,0,0,地表双雄：生物和矿物,11,第9节-第11节,仙I区,00202070
32.0,000000,宗教文化与人生(20141-00310010-1),201410031001060765,,3,通识课,150,2-13周,0,"陈林,周群,傅新毅",2-13周 周三 第7节-第8节 逸B-101,2.0,公共课程,否,理论类课程,周三,2014-2015-1,,201410031001060765,,0,仙林校区,2014-2015学年 第1学期,60765,逸B-101,0.0,否,01,1,32,,0,0,宗教文化与人生,16,第7节-第8节,逸夫楼B区,00310010
32.0,000000,汉语汉字与中华文明的产生、传承与发展(20141-00310020-1),201410031002060680,,3,通识课,198,2-16周,0,陈立中,2-16周 周三 第7节-第8节 仙Ⅰ-320,2.0,公共课程,否,理论类课程,周三,2014-2015-1,,201410031002060680,,0,仙林校区,2014-2015学年 第1学期,60680,仙Ⅰ-320,0.0,否,01,1,32,,0,0,汉语汉字与中华文明的产生、传承与发展,11,第7节-第8节,仙I区,00310020
32.0,000000,中国近代政治与外交(20141-00310030-1),201410031003060681,,3,通识课,187,2-13周,0,申晓云,2-13周 周四 第7节-第8节 仙Ⅰ-206,2.0,公共课程,否,理论类课程,周四,2014-2015-1,,201410031003060681,,0,仙林校区,2014-2015学年 第1学期,60681,仙Ⅰ-206,0.0,否,01,1,32,,0,0,中国近代政治与外交,11,第7节-第8节,仙I区,00310030
48.0,000000,中国历史的多维解说与文献研读(20141-00310050-1),201410031005060682,,3,通识课,250,2-15周,0,"成祖明,胡阿祥",2-15周 周四 第9节-第11节 仙Ⅰ-106,3.0,公共课程,否,理论类课程,周四,2014-2015-1,,201410031005060682,,0,仙林校区,2014-2015学年 第1学期,60682,仙Ⅰ-106,0.0,否,01,1,48,,0,0,中国历史的多维解说与文献研读,11,第9节-第11节,仙I区,00310050
32.0,000000,新中国外交历程(20141-00310070-1),201410031007060683,,3,通识课,191,2-17周,0,计秋枫,2-17周 周三 第7节-第8节 仙Ⅰ-107,2.0,公共课程,否,理论类课程,周三,2014-2015-1,,201410031007060683,,0,仙林校区,2014-2015学年 第1学期,60683,仙Ⅰ-107,0.0,否,01,1,32,,0,0,新中国外交历程,11,第7节-第8节,仙I区,00310070
32.0,000000,二十世纪中国思想文化的历史演进(20141-00310080-1),201410031008060684,,3,通识课,187,2-13周,0,申晓云,2-13周 周四 第9节-第10节 仙Ⅰ-206,2.0,公共课程,否,理论类课程,周四,2014-2015-1,,201410031008060684,,0,仙林校区,2014-2015学年 第1学期,60684,仙Ⅰ-206,0.0,否,01,1,32,,0,0,二十世纪中国思想文化的历史演进,11,第9节-第10节,仙I区,00310080
32.0,000000,现代化与世界文明(20141-00320010-1),201410032001060686,,3,通识课,199,2-13周,0,刘金源,2-13周 周四 第9节-第10节 仙Ⅰ-107,2.0,公共课程,否,理论类课程,周四,2014-2015-1,,201410032001060686,,0,仙林校区,2014-2015学年 第1学期,60686,仙Ⅰ-107,0.0,否,01,1,32,,0,0,现代化与世界文明,11,第9节-第10节,仙I区,00320010
32.0,000000,世界古代文明(20141-00320020-1),201410032002060688,,3,通识课,190,2-13周,0,陈仲丹,2-13周 周一 第9节-第10节 仙Ⅰ-207,2.0,公共课程,否,理论类课程,周一,2014-2015-1,,201410032002060688,,0,仙林校区,2014-2015学年 第1学期,60688,仙Ⅰ-207,0.0,否,01,1,32,,0,0,世界古代文明,11,第9节-第10节,仙I区,00320020
32.0,000000,德意志精神和文化(20141-00320040-1),201410032004060689,,3,通识课,167,2-14周,0,王涛,2-14周 周三 第7节-第8节 逸A-117,2.0,公共课程,否,理论类课程,周三,2014-2015-1,,201410032004060689,,0,仙林校区,2014-2015学年 第1学期,60689,逸A-117,0.0,否,01,1,32,,0,0,德意志精神和文化,15,第7节-第8节,逸夫楼A区,00320040
32.0,000000,世界中古文明(20141-00320050-1),201410032005060690,,3,通识课,188,2-13周,0,陈仲丹,2-13周 周二 第9节-第10节 仙Ⅰ-206,2.0,公共课程,否,理论类课程,周二,2014-2015-1,,201410032005060690,,0,仙林校区,2014-2015学年 第1学期,60690,仙Ⅰ-206,0.0,否,01,1,32,,0,0,世界中古文明,11,第9节-第10节,仙I区,00320050
32.0,000000,世界近现代史通论(20141-00320060-1),201410032006060691,,3,通识课,299,7-14周,0,刘成,7-14周 周一 第9节-第11节 仙Ⅰ-106,2.0,公共课程,否,理论类课程,周一,2014-2015-1,,201410032006060691,,0,仙林校区,2014-2015学年 第1学期,60691,仙Ⅰ-106,0.0,否,01,1,32,,0,0,世界近现代史通论,11,第9节-第11节,仙I区,00320060
32.0,000000,世界早期近代文明(20141-00320070-1),201410032007060692,,3,通识课,187,2-13周,0,陈仲丹,2-13周 周三 第9节-第10节 仙Ⅰ-206,2.0,公共课程,否,理论类课程,周三,2014-2015-1,,201410032007060692,,0,仙林校区,2014-2015学年 第1学期,60692,仙Ⅰ-206,0.0,否,01,1,32,,0,0,世界早期近代文明,11,第9节-第10节,仙I区,00320070
32.0,000000,亚洲共同体的历史、理论与实践(20141-00320090-1),201410032009060693,,3,通识课,191,2-13周,0,李刚,2-13周 周四 第9节-第11节 仙Ⅰ-207,2.0,公共课程,否,理论类课程,周四,2014-2015-1,,201410032009060693,,0,仙林校区,2014-2015学年 第1学期,60693,仙Ⅰ-207,0.0,否,01,1,32,,0,0,亚洲共同体的历史、理论与实践,11,第9节-第11节,仙I区,00320090
32.0,000000,西方文化通览(20141-00320100-1),201410032010060694,,3,通识课,199,2-13周,0,"宋立宏,徐新",2-13周 周四 第7节-第8节 仙Ⅰ-320,2.0,公共课程,否,理论类课程,周四,2014-2015-1,,201410032010060694,,0,仙林校区,2014-2015学年 第1学期,60694,仙Ⅰ-320,0.0,否,01,1,32,,0,0,西方文化通览,11,第7节-第8节,仙I区,00320100
32.0,000000,疾病、身体与现代性(20141-00320120-1),201410032012060721,,3,通识课,188,2-13周,0,胡成,2-13周 周四 第9节-第11节 仙Ⅰ-319,2.0,公共课程,否,理论类课程,周四,2014-2015-1,,201410032012060721,,0,仙林校区,2014-2015学年 第1学期,60721,仙Ⅰ-319,0.0,否,01,1,32,,0,0,疾病、身体与现代性,11,第9节-第11节,仙I区,00320120
32.0,000000,世界建筑史(20141-00321460-1),201410032146060674,,3,通识课,186,2-18周,0,陈仲丹,2-18周 周二 第7节-第8节 仙Ⅰ-206,2.0,公共课程,否,理论类课程,周二,2014-2015-1,,201410032146060674,,0,仙林校区,2014-2015学年 第1学期,60674,仙Ⅰ-206,0.0,否,01,1,32,,0,0,世界建筑史,11,第7节-第8节,仙I区,00321460
32.0,000000,西方文化核心价值观的形成和传播(20141-00330070-1),201410033007060695,,3,通识课,199,2-18周,0,王雄,2-18周 周二 第7节-第8节 仙Ⅰ-207,2.0,公共课程,否,理论类课程,周二,2014-2015-1,,201410033007060695,,0,仙林校区,2014-2015学年 第1学期,60695,仙Ⅰ-207,0.0,否,01,1,32,,0,0,西方文化核心价值观的形成和传播,11,第7节-第8节,仙I区,00330070
32.0,000000,逻辑思维与表达(20141-00330100-1),201410033010060699,,3,通识课,200,2-13周,0,王克喜,2-13周 周二 第9节-第10节 仙Ⅰ-320,2.0,公共课程,否,理论类课程,周二,2014-2015-1,,201410033010060699,,0,仙林校区,2014-2015学年 第1学期,60699,仙Ⅰ-320,0.0,否,01,1,32,,0,0,逻辑思维与表达,11,第9节-第10节,仙I区,00330100
32.0,000000,文化创意：观念与实践(20141-00330110-1),201410033011060720,,3,通识课,200,2-13周,0,"周宪,祁林",2-13周 周二 第7节-第8节 仙Ⅱ-207,2.0,公共课程,否,理论类课程,周二,2014-2015-1,,201410033011060720,,0,仙林校区,2014-2015学年 第1学期,60720,仙Ⅱ-207,0.0,否,01,1,32,,0,0,文化创意：观念与实践,12,第7节-第8节,仙II区,00330110
48.0,000000,中国古代人生哲学(20141-00330850-1),201410033085060673,,3,通识课,301,2-13周,0,"徐小跃,白欲晓,沈文华",2-13周 周三 第9节-第11节 仙Ⅰ-106,2.0,公共课程,否,理论类课程,周三,2014-2015-1,,201410033085060673,,0,仙林校区,2014-2015学年 第1学期,60673,仙Ⅰ-106,0.0,否,01,1,32,,0,0,中国古代人生哲学,11,第9节-第11节,仙I区,00330850
48.0,000000,中医药文化(20141-00340010-1),201410034001060696,,3,通识课,191,2-17周,0,杨洁,2-17周 周三 第9节-第11节 仙Ⅰ-207,3.0,公共课程,否,理论类课程,周三,2014-2015-1,,201410034001060696,,0,仙林校区,2014-2015学年 第1学期,60696,仙Ⅰ-207,0.0,否,01,1,48,,0,0,中医药文化,11,第9节-第11节,仙I区,00340010
48.0,000000,海洋与人类社会(20141-00340020-1),201410034002060697,,3,通识课,189,2-18周,0,"高建华,高抒,杨旸",2-18周 周二 第9节-第10节 仙Ⅰ-207,3.0,公共课程,否,理论类课程,周二,2014-2015-1,,201410034002060697,,0,仙林校区,2014-2015学年 第1学期,60697,仙Ⅰ-207,0.0,否,01,1,48,,0,0,海洋与人类社会,11,第9节-第10节,仙I区,00340020
48.0,000000,全球变化与人类活动(20141-00340030-1),201410034003060698,,3,通识课,186,2-18周,0,"马春梅,陈刚,朱诚",2-18周 周一 第9节-第10节 仙Ⅰ-206,3.0,公共课程,否,理论类课程,周一,2014-2015-1,,201410034003060698,,0,仙林校区,2014-2015学年 第1学期,60698,仙Ⅰ-206,0.0,否,01,1,48,,0,0,全球变化与人类活动,11,第9节-第10节,仙I区,00340030
32.0,000000,生命、演化与健康(20141-00340040-1),201410034004061188,,3,通识课,69,4-15周,0,高翔,4-15周 周三 第5节-第6节 仙Ⅱ-311,2.0,公共课程,否,理论类课程,周三,2014-2015-1,,201410034004061188,,0,仙林校区,2014-2015学年 第1学期,61188,仙Ⅱ-311,0.0,否,01,1,32,,0,0,生命、演化与健康,12,第5节-第6节,仙II区,00340040
32.0,000000,探索免疫与疾病的奥秘(20141-00340050-1),201410034005060703,,3,通识课,190,2-13周,0,侯亚义,2-13周 周五 第9节-第11节 仙Ⅰ-206,2.0,公共课程,否,理论类课程,周五,2014-2015-1,,201410034005060703,,0,仙林校区,2014-2015学年 第1学期,60703,仙Ⅰ-206,0.0,否,01,1,32,,0,0,探索免疫与疾病的奥秘,11,第9节-第11节,仙I区,00340050
32.0,000000,人类活动与自然过程(20141-00340070-1),201410034007060704,,3,通识课,190,2-9周,0,"杨达源,张永战",2-9周 周一 第9节-第11节 仙Ⅰ-320,2.0,公共课程,否,理论类课程,周一,2014-2015-1,,201410034007060704,,0,仙林校区,2014-2015学年 第1学期,60704,仙Ⅰ-320,0.0,否,01,1,32,,0,0,人类活动与自然过程,11,第9节-第11节,仙I区,00340070
32.0,000000,高分子材料与社会发展(20141-00340080-1),201410034008060722,,3,通识课,188,,0,,,2.0,公共课程,否,理论类课程,,2014-2015-1,,201410034008060722,,0,仙林校区,2014-2015学年 第1学期,60722,,0.0,否,01,1,32,,0,0,高分子材料与社会发展,,,,00340080
32.0,000000,探索生物医学诺贝尔奖(20141-00340100-1),201410034010060723,,3,通识课,250,2-13周,0,"杜荣辉,曹望森,王宏伟",2-13周 周三 第9节-第10节 仙Ⅱ-207,2.0,公共课程,否,理论类课程,周三,2014-2015-1,,201410034010060723,,0,仙林校区,2014-2015学年 第1学期,60723,仙Ⅱ-207,0.0,否,01,1,32,,0,0,探索生物医学诺贝尔奖,12,第9节-第10节,仙II区,00340100
32.0,000000,人类进化和文明进程中微生物的作用(20141-00340110-1),201410034011060724,,3,通识课,100,2-17周,0,邢峥,2-17周 周一 第9节-第10节 仙Ⅱ-304,2.0,公共课程,否,理论类课程,周一,2014-2015-1,,201410034011060724,,0,仙林校区,2014-2015学年 第1学期,60724,仙Ⅱ-304,0.0,否,01,1,32,,0,0,人类进化和文明进程中微生物的作用,12,第9节-第10节,仙II区,00340110
32.0,000000,自然灾害与人(20141-00340120-1),201410034012060725,,3,通识课,194,4-18周,0,"黄璐璐,陆现彩,尹宏伟,徐士进,董少春,胡欢",4-18周 自由时间 - ,2.0,公共课程,否,理论类课程,自由时间,2014-2015-1,,201410034012060725,,0,仙林校区,2014-2015学年 第1学期,60725,e.nju.edu.cn,0.0,否,01,1,32,,0,0,自然灾害与人,,自由时间,,00340120
48.0,000000,人与环境(20141-00340810-1),201410034081060665,,3,通识课,130,2-13周,0,"柏益尧,左玉辉,孙平",2-13周 周三 第9节-第11节 仙Ⅱ-303,3.0,公共课程,否,理论类课程,周三,2014-2015-1,,201410034081060665,,0,仙林校区,2014-2015学年 第1学期,60665,仙Ⅱ-303,0.0,否,01,1,48,,0,0,人与环境,12,第9节-第11节,仙II区,00340810
32.0,000000,科学世界观(20141-00341440-1),201410034144060668,,3,通识课,130,2-13周,0,"柏益尧,左玉辉,孙平",2-13周 周一 第7节-第8节 仙Ⅱ-304,2.0,公共课程,否,理论类课程,周一,2014-2015-1,,201410034144060668,,0,仙林校区,2014-2015学年 第1学期,60668,仙Ⅱ-304,0.0,否,01,1,32,,0,0,五律协同观,12,第7节-第8节,仙II区,00341440
32.0,000000,科学世界观(20141-00341440-2),201410034144060670,,3,通识课,131,2-13周,0,"柏益尧,左玉辉,孙平",2-13周 周二 第7节-第8节 仙Ⅱ-304,2.0,公共课程,否,理论类课程,周二,2014-2015-1,,201410034144060670,,0,仙林校区,2014-2015学年 第1学期,60670,仙Ⅱ-304,0.0,否,01,1,32,,0,0,五律协同观,12,第7节-第8节,仙II区,00341440
32.0,000000,科学世界观(20141-00341440-3),201410034144060671,,3,通识课,129,2-13周,0,"柏益尧,左玉辉,孙平",2-13周 周四 第7节-第8节 仙Ⅱ-304,2.0,公共课程,否,理论类课程,周四,2014-2015-1,,201410034144060671,,0,仙林校区,2014-2015学年 第1学期,60671,仙Ⅱ-304,0.0,否,01,1,32,,0,0,五律协同观,12,第7节-第8节,仙II区,00341440
48.0,000000,无处不在的数学(20141-00341470-1),201410034147060675,,3,通识课,262,2-13周,0,"郭学军,秦厚荣",2-13周 周三 第7节-第8节 仙Ⅰ-106,3.0,公共课程,否,理论类课程,周三,2014-2015-1,,201410034147060675,,0,仙林校区,2014-2015学年 第1学期,60675,仙Ⅰ-106,0.0,否,01,1,48,,0,0,无处不在的数学,11,第7节-第8节,仙I区,00341470
48.0,000000,科学启蒙(20141-00341510-1),201410034151060676,,1,通识课,199,2-13周,0,李俊,2-13周 周一 第9节-第11节 教222,3.0,公共课程,否,理论类课程,周一,2014-2015-1,,201410034151060676,,0,鼓楼校区,2014-2015学年 第1学期,60676,教222,0.0,否,01,1,48,,0,0,科学启蒙,1,第9节-第11节,教学楼,00341510
48.0,000000,科学、技术与人类社会(20141-00341520-1),201410034152060677,,3,通识课,200,2-13周,0,"戴建平,蔡仲,刘鹏",2-13周 周二 第9节-第11节 仙Ⅰ-107,3.0,公共课程,否,理论类课程,周二,2014-2015-1,,201410034152060677,,0,仙林校区,2014-2015学年 第1学期,60677,仙Ⅰ-107,0.0,否,01,1,48,,0,0,科学、技术与人类社会,11,第9节-第11节,仙I区,00341520
32.0,000000,计算思维导论(20141-00341540-1),201410034154060678,,3,通识课,177,4-18周,0,"陶先平,陈道蓄,钱柱中",4-18周 周二 第9节-第10节 逸B-212,2.0,公共课程,否,理论+实践课程,周二,2014-2015-1,,201410034154060678,,0,仙林校区,2014-2015学年 第1学期,60678,逸B-212,0.0,否,01,5,24,,8,0,计算思维导论,16,第9节-第10节,逸夫楼B区,00341540
32.0,000000,认识地球(20141-00341550-1),201410034155060711,,3,通识课,288,4-18周,0,"黄璐璐,胡欢,徐士进,陆现彩,尹宏伟,董少春",4-18周 自由时间 - ,2.0,公共课程,否,理论类课程,自由时间,2014-2015-1,,201410034155060711,,0,仙林校区,2014-2015学年 第1学期,60711,e.nju.edu.cn,0.0,否,01,1,32,,0,0,认识地球,,自由时间,,00341550
32.0,000000,环境与社会(20141-00350010-1),201410035001060700,,3,通识课,187,2-16周,0,"吴卫星,张玉林,钟太洋,马俊亚,蔡仲,黄贤金",2-16周 周四 第9节-第10节 仙Ⅰ-320,2.0,公共课程,否,理论类课程,周四,2014-2015-1,,201410035001060700,,0,仙林校区,2014-2015学年 第1学期,60700,仙Ⅰ-320,0.0,否,01,1,32,,0,0,环境与社会,11,第9节-第10节,仙I区,00350010
32.0,000000,博弈论与社会科学方法论(20141-00350050-1),201410035005060701,,3,通识课,200,2-13周,0,潘天群,2-13周 周二 第9节-第10节 仙Ⅱ-207,2.0,公共课程,否,理论类课程,周二,2014-2015-1,,201410035005060701,,0,仙林校区,2014-2015学年 第1学期,60701,仙Ⅱ-207,0.0,否,01,1,32,,0,0,博弈论与社会科学方法论,12,第9节-第10节,仙II区,00350050
32.0,000000,能源工程(20141-00350060-1),201410035006060669,,3,通识课,168,2-16周,0,"谢显传,翟建平",2-16周 周五 第7节-第8节 仙Ⅰ-207,2.0,公共课程,否,理论类课程,周五,2014-2015-1,,201410035006060669,,0,仙林校区,2014-2015学年 第1学期,60669,仙Ⅰ-207,0.0,否,01,1,32,,0,0,能源工程,11,第7节-第8节,仙I区,00350060
32.0,000000,性别与法律(20141-00350090-1),201410035009060718,,3,通识课,190,2-13周,0,周安平,2-13周 周四 第7节-第8节 仙Ⅱ-207,2.0,公共课程,否,理论类课程,周四,2014-2015-1,,201410035009060718,,0,仙林校区,2014-2015学年 第1学期,60718,仙Ⅱ-207,0.0,否,01,1,32,,0,0,性别与法律,12,第7节-第8节,仙II区,00350090
32.0,000000,社会信息化(20141-00350120-1),201410035012060702,,3,通识课,187,2-13周,0,郑建明,2-13周 周五 第7节-第8节 仙Ⅰ-319,2.0,公共课程,否,理论类课程,周五,2014-2015-1,,201410035012060702,,0,仙林校区,2014-2015学年 第1学期,60702,仙Ⅰ-319,0.0,否,01,1,32,,0,0,社会信息化,11,第7节-第8节,仙I区,00350120
32.0,000000,流行文化与中国当代小说(20141-00360040-1),201410036004060706,,3,通识课,190,2-9周,0,黄发有,2-9周 周一 第9节-第11节 仙Ⅰ-107,2.0,公共课程,否,理论类课程,周一,2014-2015-1,,201410036004060706,,0,仙林校区,2014-2015学年 第1学期,60706,仙Ⅰ-107,0.0,否,01,1,32,,0,0,流行文化与中国当代小说,11,第9节-第11节,仙I区,00360040
48.0,000000,俄罗斯文学经典的当代意义(20141-00360070-1),201410036007060707,,3,通识课,200,2-13周,0,董晓,2-13周 周三 第9节-第11节 仙Ⅱ-122,3.0,公共课程,否,理论类课程,周三,2014-2015-1,,201410036007060707,,0,仙林校区,2014-2015学年 第1学期,60707,仙Ⅱ-122,0.0,否,01,1,48,,0,0,俄罗斯文学经典的当代意义,12,第9节-第11节,仙II区,00360070
32.0,000000,广义戏剧学(20141-00360080-1),201410036008060708,,3,通识课,99,2-9周,0,马俊山,2-9周 周四 第9节-第11节 仙Ⅱ-303,2.0,公共课程,否,理论类课程,周四,2014-2015-1,,201410036008060708,,0,仙林校区,2014-2015学年 第1学期,60708,仙Ⅱ-303,0.0,否,01,1,32,,0,0,广义戏剧学,12,第9节-第11节,仙II区,00360080
32.0,000000,中国书画鉴赏(20141-00360090-1),201410036009060713,,3,通识课,119,2-13周,0,黄正明,2-13周 周二 第9节-第10节 逸B-104,2.0,公共课程,否,理论类课程,周二,2014-2015-1,,201410036009060713,,0,仙林校区,2014-2015学年 第1学期,60713,逸B-104,0.0,否,01,1,32,,0,0,中国书画鉴赏,16,第9节-第10节,逸夫楼B区,00360090
32.0,000000,艺术原理与艺术经典(20141-00360100-1),201410036010060714,,3,通识课,190,2-13周,0,康尔,2-13周 周三 第9节-第10节 仙Ⅰ-319,2.0,公共课程,否,理论类课程,周三,2014-2015-1,,201410036010060714,,0,仙林校区,2014-2015学年 第1学期,60714,仙Ⅰ-319,0.0,否,01,1,32,,0,0,艺术原理与艺术经典,11,第9节-第10节,仙I区,00360100
32.0,000000,歌剧经典赏析(20141-00360120-1),201410036012060715,,3,通识课,179,2-13周,0,唐小蓬,2-13周 周一 第7节-第8节 仙Ⅰ-206,2.0,公共课程,否,理论类课程,周一,2014-2015-1,,201410036012060715,,0,仙林校区,2014-2015学年 第1学期,60715,仙Ⅰ-206,0.0,否,01,1,32,,0,0,歌剧经典赏析,11,第7节-第8节,仙I区,00360120
32.0,000000,西方舞蹈与文化(20141-00360130-1),201410036013060716,,3,通识课,199,2-13周,0,汪以平,2-13周 周一 第9节-第10节 仙Ⅱ-207,2.0,公共课程,否,理论类课程,周一,2014-2015-1,,201410036013060716,,0,仙林校区,2014-2015学年 第1学期,60716,仙Ⅱ-207,0.0,否,01,1,32,,0,0,西方舞蹈与文化,12,第9节-第10节,仙II区,00360130
32.0,000000,视觉文化与摄影艺术(20141-00360150-1),201410036015060717,,3,通识课,198,2-13周,0,谢白,2-13周 周二 第7节-第8节 仙Ⅰ-107,2.0,公共课程,否,理论类课程,周二,2014-2015-1,,201410036015060717,,0,仙林校区,2014-2015学年 第1学期,60717,仙Ⅰ-107,0.0,否,01,1,32,,0,0,视觉文化与摄影艺术,11,第7节-第8节,仙I区,00360150
48.0,000000,相看东西方——艺术的多元视角(20141-00360160-1),201410036016060731,,3,通识课,129,,0,,,3.0,公共课程,否,理论类课程,,2014-2015-1,,201410036016060731,,0,仙林校区,2014-2015学年 第1学期,60731,,0.0,否,01,1,48,,0,0,相看东西方——艺术的多元视角,,,,00360160
32.0,000000,外国史学经典著作选读(20141-00360170-1),201410036017060709,,3,通识课,50,2-13周,0,舒小昀,2-13周 周三 第7节-第8节 仙Ⅱ-216,2.0,公共课程,否,理论类课程,周三,2014-2015-1,,201410036017060709,,0,仙林校区,2014-2015学年 第1学期,60709,仙Ⅱ-216,0.0,否,01,1,32,,0,0,外国史学经典著作选读,12,第7节-第8节,仙II区,00360170
32.0,000000,诗词曲通论(20141-00360190-1),201410036019060710,,3,通识课,0,,0,,,2.0,公共课程,否,理论类课程,,2014-2015-1,,201410036019060710,,0,仙林校区,2014-2015学年 第1学期,60710,,0.0,否,01,1,32,,0,0,诗词曲通论,,,,00360190
48.0,000000,英美文学与文化(20141-00360830-1),201410036083060672,,3,通识课,90,2-16周,0,"徐蕾,何宁,王守仁,杨金才",2-16周 周二 第9节-第10节 仙Ⅰ-103,3.0,公共课程,否,理论类课程,周二,2014-2015-1,,201410036083060672,,0,仙林校区,2014-2015学年 第1学期,60672,仙Ⅰ-103,0.0,否,01,1,48,,0,0,英美文学与文化,11,第9节-第10节,仙I区,00360830
48.0,000000,国学通论(20141-00361530-1),201410036153060712,,3,通识课,200,2-13周,0,童强,2-13周 周四 第9节-第11节 仙Ⅱ-207,3.0,公共课程,否,理论类课程,周四,2014-2015-1,,201410036153060712,,0,仙林校区,2014-2015学年 第1学期,60712,仙Ⅱ-207,0.0,否,01,1,48,,0,0,国学通论,12,第9节-第11节,仙II区,00361530
48.0,000000,南京：明初六十年的历史大舞台(20141-00361560-1),201410036156060767,,3,通识课,178,2-13周,0,夏维中,2-13周 周三 第9节-第11节 逸B-212,3.0,公共课程,否,理论类课程,周三,2014-2015-1,,201410036156060767,,0,仙林校区,2014-2015学年 第1学期,60767,逸B-212,0.0,否,01,1,48,,0,0,南京：明初六十年的历史大舞台,16,第9节-第11节,逸夫楼B区,00361560
32.0,000000,现代中国与现代文学(20141-00361580-1),201410036158060679,,3,通识课,180,2-9周,0,"吴俊,黄发有,沈卫威,王彬彬",2-9周 周四 第9节-第10节 逸B-212,2.0,公共课程,否,理论类课程,周四,2014-2015-1,,201410036158060679,,0,仙林校区,2014-2015学年 第1学期,60679,逸B-212,0.0,否,01,1,32,,0,0,现代中国与现代文学,16,第9节-第10节,逸夫楼B区,00361580
32.0,000000,艺术与文化的多元阐释(20141-00361630-1),201410036163060769,,3,通识课,150,"8-13周,7-12周",0,"张璐,勒克莱齐奥","7-12周 周四 第9节-第10节 逸B-101,8-13周 周二 第9节-第10节 逸B-101",2.0,公共课程,否,理论类课程,"周二,周四",2014-2015-1,,201410036163060769,,0,仙林校区,2014-2015学年 第1学期,60769,"逸B-101,逸B-101",0.0,否,01,1,32,,0,0,守常与流变：世界诗歌赏析,16,"第9节-第10节,第9节-第10节",逸夫楼B区,00361630
32.0,000000,积极和平与冲突化解(20141-00370020-1),201410037002060705,,3,通识课,249,7-14周,0,刘成,7-14周 周二 第9节-第11节 仙Ⅰ-106,2.0,公共课程,否,理论类课程,周二,2014-2015-1,,201410037002060705,,0,仙林校区,2014-2015学年 第1学期,60705,仙Ⅰ-106,0.0,否,01,1,32,,0,0,积极和平与冲突化解,11,第9节-第11节,仙I区,00370020
32.0,000000,社会记忆的建构、传承与保护(20141-00370030-1),201410037003060719,,3,通识课,199,2-13周,0,吴建华,2-13周 周二 第9节-第10节 仙Ⅱ-122,2.0,公共课程,否,理论类课程,周二,2014-2015-1,,201410037003060719,,0,仙林校区,2014-2015学年 第1学期,60719,仙Ⅱ-122,0.0,否,01,1,32,,0,0,社会记忆的建构、传承与保护,12,第9节-第10节,仙II区,00370030
48.0,400010,中国古代文学（一）(20141-01000010A-1),2014101000010A59088,,3,,85,4-18周,0,闵丰,4-18周 周二 第5节-第7节 仙Ⅰ-103,3.0,文学院,否,理论类课程,周二,2014-2015-1,,2014101000010A59088,"2014文学院汉语言文学,2014文学院戏剧影视文学",0,仙林校区,2014-2015学年 第1学期,59088,仙Ⅰ-103,0.0,否,,1,48,,0,0,中国古代文学,11,第5节-第7节,仙I区,01000010A
48.0,400010,中国古代文学（一）(20141-01000010A-2),2014101000010A59089,,3,,37,4-18周,0,徐雁平,4-18周 周二 第5节-第7节 逸C-205,3.0,文学院,否,理论类课程,周二,2014-2015-1,,2014101000010A59089,"2014文学院汉语言文学,2014文学院戏剧影视文学",0,仙林校区,2014-2015学年 第1学期,59089,逸C-205,0.0,否,,1,48,,0,0,中国古代文学,17,第5节-第7节,逸夫楼C区,01000010A
48.0,400010,中国古代文学（一）(20141-01000010A-3),2014101000010A59090,,3,,37,4-18周,0,徐雁平,4-18周 周二 第2节-第4节 逸C-205,3.0,文学院,否,理论类课程,周二,2014-2015-1,,2014101000010A59090,2014文学院汉语言文学,0,仙林校区,2014-2015学年 第1学期,59090,逸C-205,0.0,否,,1,48,,0,0,中国古代文学,17,第2节-第4节,逸夫楼C区,01000010A
48.0,400010,中国古代文学（三）(20141-01000010C-1),2014101000010C59141,,3,,58,1-18周,0,孙立尧,1-18周 周三 第5节-第7节 仙Ⅱ-102,3.0,文学院,否,理论类课程,周三,2014-2015-1,,2014101000010C59141,2013文学院汉语言文学,0,仙林校区,2014-2015学年 第1学期,59141,仙Ⅱ-102,0.0,否,,1,48,,0,0,中国古代文学,12,第5节-第7节,仙II区,01000010C
48.0,400010,中国古代文学（三）(20141-01000010C-2),2014101000010C59147,,3,,54,1-18周,0,徐涛,1-18周 周三 第5节-第7节 仙Ⅱ-101,3.0,文学院,否,理论类课程,周三,2014-2015-1,,2014101000010C59147,2013文学院汉语言文学,0,仙林校区,2014-2015学年 第1学期,59147,仙Ⅱ-101,0.0,否,,1,48,,0,0,中国古代文学,12,第5节-第7节,仙II区,01000010C
64.0,400010,外国文学（上）(20141-01000020A-1),2014101000020A59185,,3,,74,"1-18周,1-18周",0,唐建清,"1-18周 周二 第3节-第4节 仙Ⅱ-311,1-18周 周五 第3节-第4节 仙Ⅱ-311",4.0,文学院,否,理论类课程,"周二,周五",2014-2015-1,,2014101000020A59185,2012文学院戏剧影视文学,0,仙林校区,2014-2015学年 第1学期,59185,"仙Ⅱ-311,仙Ⅱ-311",0.0,否,,1,64,,0,0,外国文学（上）,12,"第3节-第4节,第3节-第4节",仙II区,01000020A
64.0,400010,外国文学（上）(20141-01000020A-2),2014101000020A59186,,3,,63,"1-18周,1-18周",0,肖锦龙,"1-18周 周二 第3节-第4节 仙Ⅱ-312,1-18周 周五 第3节-第4节 仙Ⅱ-312",4.0,文学院,否,理论类课程,"周二,周五",2014-2015-1,,2014101000020A59186,2012文学院戏剧影视文学,0,仙林校区,2014-2015学年 第1学期,59186,"仙Ⅱ-312,仙Ⅱ-312",0.0,否,,1,64,,0,0,外国文学（上）,12,"第3节-第4节,第3节-第4节",仙II区,01000020A
64.0,400010,外国文学（下）(20141-01000020B-1),2014101000020B59349,,3,,36,1-18周,0,唐玉清,1-18周 周二 第5节-第7节 仙Ⅱ-109,4.0,文学院,否,理论类课程,周二,2014-2015-1,,2014101000020B59349,2013文学院汉语言文学(作家班),0,仙林校区,2014-2015学年 第1学期,59349,仙Ⅱ-109,0.0,否,,1,64,,0,0,外国文学（下）,12,第5节-第7节,仙II区,01000020B
32.0,400010,文学概论（下）(20141-01010010B-1),2014101010010B59195,,3,,121,1-18周,0,汪正龙,1-18周 周三 第3节-第4节 仙Ⅰ-524,2.0,文学院,否,理论类课程,周三,2014-2015-1,,2014101010010B59195,,0,仙林校区,2014-2015学年 第1学期,59195,仙Ⅰ-524,0.0,否,,1,32,,0,0,文学概论（下）,11,第3节-第4节,仙I区,01010010B
48.0,400010,语言学概论(20141-01010020-1),201410101002059150,,3,,135,1-18周,0,王玲,1-18周 周一 第5节-第7节 逸B-410,3.0,文学院,否,理论类课程,周一,2014-2015-1,,201410101002059150,2013文学院汉语言文学,0,仙林校区,2014-2015学年 第1学期,59150,逸B-410,0.0,否,,1,48,,0,0,语言学概论,16,第5节-第7节,逸夫楼B区,01010020
48.0,400010,古代汉语（下）(20141-01010030B-1),2014101010030B59152,,3,,45,1-18周,0,陈文杰,1-18周 周二 第5节-第7节 仙Ⅱ-316,3.0,文学院,否,理论类课程,周二,2014-2015-1,,2014101010030B59152,2013文学院汉语言文学,0,仙林校区,2014-2015学年 第1学期,59152,仙Ⅱ-316,0.0,否,,1,48,,0,0,古代汉语（下）,12,第5节-第7节,仙II区,01010030B
48.0,400010,古代汉语（下）(20141-01010030B-2),2014101010030B59153,,3,,45,1-18周,0,魏宜辉,1-18周 周二 第5节-第7节 仙Ⅱ-315,3.0,文学院,否,理论类课程,周二,2014-2015-1,,2014101010030B59153,2013文学院汉语言文学,0,仙林校区,2014-2015学年 第1学期,59153,仙Ⅱ-315,0.0,否,,1,48,,0,0,古代汉语（下）,12,第5节-第7节,仙II区,01010030B
32.0,400010,现代汉语（上）(20141-01010040A-1),2014101010040A59158,,3,,53,1-18周,0,徐世梁,1-18周 周四 第5节-第6节 仙Ⅱ-316,2.0,文学院,否,理论类课程,周四,2014-2015-1,,2014101010040A59158,2013文学院汉语言文学,0,仙林校区,2014-2015学年 第1学期,59158,仙Ⅱ-316,0.0,否,,1,32,,0,0,现代汉语（上）,12,第5节-第6节,仙II区,01010040A
32.0,400010,现代汉语（上）(20141-01010040A-2),2014101010040A59159,,3,,55,1-18周,0,陈立中,1-18周 周四 第5节-第6节 仙Ⅱ-315,2.0,文学院,否,理论类课程,周四,2014-2015-1,,2014101010040A59159,2013文学院汉语言文学,0,仙林校区,2014-2015学年 第1学期,59159,仙Ⅱ-315,0.0,否,,1,32,,0,0,现代汉语（上）,12,第5节-第6节,仙II区,01010040A
64.0,400010,中国现当代文学（上）(20141-01010050A-1),2014101010050A59166,,3,,59,"1-18周,1-18周",0,潘志强,"1-18周 周二 第3节-第4节 仙Ⅱ-315,1-18周 周五 第3节-第4节 仙Ⅱ-315",4.0,文学院,否,理论类课程,"周二,周五",2014-2015-1,,2014101010050A59166,2013文学院汉语言文学,0,仙林校区,2014-2015学年 第1学期,59166,"仙Ⅱ-315,仙Ⅱ-315",0.0,否,,1,64,,0,0,中国现当代文学（上）,12,"第3节-第4节,第3节-第4节",仙II区,01010050A
64.0,400010,中国现当代文学（上）(20141-01010050A-2),2014101010050A59167,,3,,51,"1-18周,1-18周",0,倪婷婷,"1-18周 周二 第3节-第4节 仙Ⅱ-316,1-18周 周五 第3节-第4节 仙Ⅱ-316",4.0,文学院,否,理论类课程,"周二,周五",2014-2015-1,,2014101010050A59167,2013文学院汉语言文学,0,仙林校区,2014-2015学年 第1学期,59167,"仙Ⅱ-316,仙Ⅱ-316",0.0,否,,1,64,,0,0,中国现当代文学（上）,12,"第3节-第4节,第3节-第4节",仙II区,01010050A
64.0,400010,中国现当代文学（下）(20141-01010050B-1),2014101010050B59347,,3,,36,"1-18周,1-18周",0,何同彬,"1-18周 周四 第3节-第4节 仙Ⅱ-116,1-18周 周一 第7节-第8节 仙Ⅱ-116",4.0,文学院,否,理论类课程,"周一,周四",2014-2015-1,,2014101010050B59347,2013文学院汉语言文学(作家班),0,仙林校区,2014-2015学年 第1学期,59347,"仙Ⅱ-116,仙Ⅱ-116",0.0,否,,1,64,,0,0,中国现当代文学（下）,12,"第7节-第8节,第3节-第4节",仙II区,01010050B
32.0,400010,教学与社会实习(20141-01010060-1),201410101006059236,,3,,115,1-18周,0,,1-18周 自由时间 - 自由地点,2.0,文学院,否,实践类课程,自由时间,2014-2015-1,,201410101006059236,2011文学院汉语言文学（拔尖计划）,0,仙林校区,2014-2015学年 第1学期,59236,自由地点,0.0,否,,3,0,,32,0,教学与社会实习,388,自由时间,虚拟区域（仙林）,01010060
48.0,400010,戏剧影视艺术概论(20141-01020010-1),201410102001059310,,3,,25,4-18周,0,吕效平,4-18周 周四 第5节-第7节 逸B-202,3.0,文学院,否,理论类课程,周四,2014-2015-1,,201410102001059310,2014文学院戏剧影视文学,0,仙林校区,2014-2015学年 第1学期,59310,逸B-202,0.0,否,,1,48,,0,0,戏剧影视艺术概论,16,第5节-第7节,逸夫楼B区,01020010
48.0,400010,中国戏剧史（上）(20141-01020030A-1),2014101020030A59319,,3,,27,1-18周,0,解玉峰,1-18周 周五 第2节-第4节 逸C-201,3.0,文学院,否,理论类课程,周五,2014-2015-1,,2014101020030A59319,2013文学院戏剧影视文学,0,仙林校区,2014-2015学年 第1学期,59319,逸C-201,0.0,否,,1,48,,0,0,中国戏剧史（上）,17,第2节-第4节,逸夫楼C区,01020030A
32.0,400010,外国戏剧(上)(20141-01020040A-1),2014101020040A59324,,3,,25,1-18周,0,吕效平,1-18周 周五 第5节-第6节 逸C-210,2.0,文学院,否,理论类课程,周五,2014-2015-1,,2014101020040A59324,2013文学院戏剧影视文学,0,仙林校区,2014-2015学年 第1学期,59324,逸C-210,0.0,否,,1,32,,0,0,外国戏剧(上),17,第5节-第6节,逸夫楼C区,01020040A
32.0,400010,外国戏剧(下)(20141-01020040B-1),2014101020040B59339,,3,,33,1-18周,0,高子文,1-18周 周四 第3节-第4节 逸A-212,2.0,文学院,否,理论类课程,周四,2014-2015-1,,2014101020040B59339,2011文学院戏剧影视文学,0,仙林校区,2014-2015学年 第1学期,59339,逸A-212,0.0,否,,1,32,,0,0,外国戏剧(下),15,第3节-第4节,逸夫楼A区,01020040B
32.0,400010,中国电影（上）(20141-01020050A-1),2014101020050A59313,,3,,26,4-18周,0,胡星亮,4-18周 周二 第3节-第4节 逸B-201,2.0,文学院,否,理论类课程,周二,2014-2015-1,,2014101020050A59313,2014文学院戏剧影视文学,0,仙林校区,2014-2015学年 第1学期,59313,逸B-201,0.0,否,,1,32,,0,0,中国电影（上）,16,第3节-第4节,逸夫楼B区,01020050A
32.0,400010,外国电影（上）(20141-01020060A-1),2014101020060A59327,,3,,30,1-18周,0,杨柳,1-18周 周四 第3节-第4节 仙Ⅱ-517,2.0,文学院,否,理论类课程,周四,2014-2015-1,,2014101020060A59327,2013文学院戏剧影视文学,0,仙林校区,2014-2015学年 第1学期,59327,仙Ⅱ-517,0.0,否,,1,32,,0,0,外国电影（上）,12,第3节-第4节,仙II区,01020060A
48.0,400010,舞台剧写作（上）(20141-01020070A-1),2014101020070A59328,,3,,28,1-18周,0,高子文,1-18周 周二 第5节-第7节 逸C-201,3.0,文学院,否,理论+实践课程,周二,2014-2015-1,,2014101020070A59328,2013文学院戏剧影视文学,0,仙林校区,2014-2015学年 第1学期,59328,逸C-201,0.0,否,,5,48,,0,0,舞台剧写作（上）,17,第5节-第7节,逸夫楼C区,01020070A
48.0,400010,影视剧写作（上）(20141-01020080A-1),2014101020080A59332,,3,,34,1-18周,0,罗慧林,1-18周 周三 第5节-第7节 逸C-103,3.0,文学院,否,理论+实践课程,周三,2014-2015-1,,2014101020080A59332,2012文学院戏剧影视文学,0,仙林校区,2014-2015学年 第1学期,59332,逸C-103,0.0,否,,5,32,,16,0,影视剧写作（上）,17,第5节-第7节,逸夫楼C区,01020080A
32.0,400010,白先勇研究(20141-01030110-1),201410103011059483,,3,,36,1-18周,0,刘俊,1-18周 周四 第5节-第6节 仙Ⅱ-114,2.0,文学院,否,理论类课程,周四,2014-2015-1,,201410103011059483,2012文学院汉语言文学(作家班),0,仙林校区,2014-2015学年 第1学期,59483,仙Ⅱ-114,0.0,否,,1,32,,0,0,白先勇研究,12,第5节-第6节,仙II区,01030110
32.0,400010,西方文论(20141-01030150-1),201410103015059215,,3,,64,1-18周,0,汪正龙,1-18周 周三 第1节-第2节 仙Ⅱ-112,2.0,文学院,否,理论类课程,周三,2014-2015-1,,201410103015059215,,0,仙林校区,2014-2015学年 第1学期,59215,仙Ⅱ-112,0.0,否,,1,32,,0,0,西方文论,12,第1节-第2节,仙II区,01030150
32.0,400010,比较文学导论(20141-01030190-1),201410103019059223,,3,,90,1-18周,0,昂智慧,1-18周 周四 第3节-第4节 仙Ⅱ-504,2.0,文学院,否,理论类课程,周四,2014-2015-1,,201410103019059223,2012文学院汉语言文学(作家班),0,仙林校区,2014-2015学年 第1学期,59223,仙Ⅱ-504,0.0,否,,1,32,,0,0,比较文学导论,12,第3节-第4节,仙II区,01030190
32.0,400010,当代文化思潮(20141-01030290-1),201410103029059476,,3,,35,1-18周,0,李章斌,1-18周 周二 第3节-第4节 仙Ⅱ-114,2.0,文学院,否,理论类课程,周二,2014-2015-1,,201410103029059476,2013文学院汉语言文学(作家班),0,仙林校区,2014-2015学年 第1学期,59476,仙Ⅱ-114,0.0,否,,1,32,,0,0,当代文化思潮,12,第3节-第4节,仙II区,01030290
32.0,400010,诗学研究(20141-01030320-1),201410103032059492,,3,,35,1-18周,0,刘重喜,1-18周 周四 第9节-第10节 仙Ⅱ-114,2.0,文学院,否,理论类课程,周四,2014-2015-1,,201410103032059492,2013文学院汉语言文学(作家班),0,仙林校区,2014-2015学年 第1学期,59492,仙Ⅱ-114,0.0,否,,1,32,,0,0,诗学研究,12,第9节-第10节,仙II区,01030320
32.0,400010,公文写作(20141-01030470-1),201410103047059226,,3,,56,1-18周,0,周欣展,1-18周 周二 第5节-第6节 仙Ⅱ-112,2.0,文学院,否,理论类课程,周二,2014-2015-1,,201410103047059226,,0,仙林校区,2014-2015学年 第1学期,59226,仙Ⅱ-112,0.0,否,,1,32,,0,0,公文写作,12,第5节-第6节,仙II区,01030470
32.0,400010,美学原理(20141-01030500-1),201410103050059473,,3,,35,1-18周,0,李昌舒,1-18周 周一 第1节-第2节 仙Ⅱ-109,2.0,文学院,否,理论类课程,周一,2014-2015-1,,201410103050059473,2013文学院汉语言文学(作家班),0,仙林校区,2014-2015学年 第1学期,59473,仙Ⅱ-109,0.0,否,,1,32,,0,0,美学原理,12,第1节-第2节,仙II区,01030500
32.0,400010,戏剧文化(20141-01030670-1),201410103067059474,,3,,35,1-18周,0,周安华,1-18周 周一 第5节-第6节 仙Ⅱ-216,2.0,文学院,否,理论类课程,周一,2014-2015-1,,201410103067059474,2013文学院汉语言文学(作家班),0,仙林校区,2014-2015学年 第1学期,59474,仙Ⅱ-216,0.0,否,,1,32,,0,0,戏剧文化,12,第5节-第6节,仙II区,01030670
48.0,400010,现代剧作家(20141-01030680-1),201410103068059478,,3,,71,1-18周,0,陆炜,1-18周 周三 第5节-第7节 仙Ⅱ-103,3.0,文学院,否,理论类课程,周三,2014-2015-1,,201410103068059478,"2012文学院汉语言文学(作家班),2013文学院汉语言文学(作家班)",0,仙林校区,2014-2015学年 第1学期,59478,仙Ⅱ-103,0.0,否,,1,48,,0,0,现代剧作家,12,第5节-第7节,仙II区,01030680
48.0,400010,影视艺术概论(20141-01030860-1),201410103086059486,,3,,36,1-18周,0,陆炜,1-18周 周二 第5节-第7节 仙Ⅱ-116,3.0,文学院,否,理论类课程,周二,2014-2015-1,,201410103086059486,2012文学院汉语言文学(作家班),0,仙林校区,2014-2015学年 第1学期,59486,仙Ⅱ-116,0.0,否,,1,48,,0,0,影视艺术概论,12,第5节-第7节,仙II区,01030860
32.0,400010,影视制作（2）(20141-01031050B-1),2014101031050B59333,,3,,26,1-18周,0,杨弋枢,1-18周 周二 第5节-第6节 逸C-102,2.0,文学院,否,理论+实践课程,周二,2014-2015-1,,2014101031050B59333,2012文学院戏剧影视文学,0,仙林校区,2014-2015学年 第1学期,59333,逸C-102,0.0,否,,5,16,,16,0,影视制作（2）,17,第5节-第6节,逸夫楼C区,01031050B
32.0,400010,外国电影(20141-01031180-1),201410103118059353,,3,,35,1-18周,0,杨柳,1-18周 周四 第5节-第6节 仙Ⅱ-101,2.0,文学院,否,理论类课程,周四,2014-2015-1,,201410103118059353,2013文学院汉语言文学(作家班),0,仙林校区,2014-2015学年 第1学期,59353,仙Ⅱ-101,0.0,否,,1,32,,0,0,外国电影,12,第5节-第6节,仙II区,01031180
32.0,400010,表导演理论与实践(20141-01031350-1),201410103135059315,,3,,25,4-18周,0,王真峥,4-18周 周五 第5节-第8节 ,2.0,文学院,否,理论+实践课程,周五,2014-2015-1,,201410103135059315,2014文学院戏剧影视文学,0,仙林校区,2014-2015学年 第1学期,59315,黑匣子剧场,0.0,否,,5,16,,32,0,表导演理论与实践,,第5节-第8节,,01031350
32.0,400010,中国古代文物与文学(20141-01031420-1),201410103142059238,,3,,28,1-18周,0,金程宇,1-18周 周二 第9节-第10节 逸A-212,2.0,文学院,否,理论类课程,周二,2014-2015-1,,201410103142059238,2011文学院汉语言文学（拔尖计划）,0,仙林校区,2014-2015学年 第1学期,59238,逸A-212,0.0,否,,1,32,,0,0,中国古代文物与文学,15,第9节-第10节,逸夫楼A区,01031420
32.0,400010,摄影与摄像（2）(20141-01031460B-1),2014101031460B59329,,3,,21,1-18周,0,李晓峰,1-18周 周三 第5节-第6节 逸C-201,2.0,文学院,否,,周三,2014-2015-1,,2014101031460B59329,2013文学院戏剧影视文学,0,仙林校区,2014-2015学年 第1学期,59329,逸C-201,,否,,,,,,0,摄影与摄像（2）,17,第5节-第6节,逸夫楼C区,01031460B
32.0,400010,电视剧策划(20141-01031480-1),201410103148059337,,3,,26,1-18周,0,张建勤,1-18周 周三 第3节-第4节 逸C-103,2.0,文学院,否,理论+实践课程,周三,2014-2015-1,,201410103148059337,2012文学院戏剧影视文学,0,仙林校区,2014-2015学年 第1学期,59337,逸C-103,16.0,否,,5,16,,0,0,电视剧策划,17,第3节-第4节,逸夫楼C区,01031480
32.0,400010,影视文化理论与批评(20141-01031670-1),201410103167059342,,3,,11,1-18周,0,罗慧林,1-18周 周二 第3节-第4节 逸A-212,2.0,文学院,否,理论类课程,周二,2014-2015-1,,201410103167059342,2011文学院戏剧影视文学,0,仙林校区,2014-2015学年 第1学期,59342,逸A-212,0.0,否,,1,32,,0,0,影视文化理论与批评,15,第3节-第4节,逸夫楼A区,01031670
32.0,400010,现代语言学流派(20141-01031680-1),201410103168059228,,3,,18,1-18周,0,王玲,1-18周 周一 第3节-第4节 逸A-213,2.0,文学院,否,理论+实践课程,周一,2014-2015-1,,201410103168059228,,0,仙林校区,2014-2015学年 第1学期,59228,逸A-213,,否,,5,,,,0,现代语言学流派,15,第3节-第4节,逸夫楼A区,01031680
32.0,400010,五胡十六国及北朝文化史专题(20141-01031690-1),201410103169059229,,3,,29,1-18周,0,童岭,1-18周 周五 第5节-第6节 仙Ⅱ-114,2.0,文学院,否,理论类课程,周五,2014-2015-1,,201410103169059229,,0,仙林校区,2014-2015学年 第1学期,59229,仙Ⅱ-114,0.0,否,,1,32,,0,0,五胡十六国及北朝文化史专题,12,第5节-第6节,仙II区,01031690
32.0,400010,杜甫研究(20141-01031820-1),201410103182059172,,3,,77,1-18周,0,刘重喜,1-18周 周四 第7节-第8节 仙Ⅱ-103,2.0,文学院,否,理论类课程,周四,2014-2015-1,,201410103182059172,2013文学院汉语言文学,0,仙林校区,2014-2015学年 第1学期,59172,仙Ⅱ-103,0.0,否,,1,32,,0,0,杜甫研究,12,第7节-第8节,仙II区,01031820
32.0,400010,文化美学研究方法(20141-01031870-1),201410103187059230,,3,,53,1-18周,0,高小康,1-18周 周三 第5节-第6节 仙Ⅱ-104,2.0,文学院,否,理论类课程,周三,2014-2015-1,,201410103187059230,,0,仙林校区,2014-2015学年 第1学期,59230,仙Ⅱ-104,0.0,否,,1,32,,0,0,文化美学研究方法,12,第5节-第6节,仙II区,01031870
32.0,400010,现代汉语虚词研究(20141-01031910-1),201410103191059232,,3,,23,1-18周,0,沈阳,1-18周 周三 第7节-第8节 仙Ⅱ-109,2.0,文学院,否,理论类课程,周三,2014-2015-1,,201410103191059232,,0,仙林校区,2014-2015学年 第1学期,59232,仙Ⅱ-109,0.0,否,,1,32,,0,0,现代汉语虚词研究,12,第7节-第8节,仙II区,01031910
32.0,400010,台湾客语比较语法通论(20141-01031960-1),201410103196059241,,3,,16,1-18周,0,钟叡逸,1-18周 周二 第5节-第6节 逸A-212,2.0,文学院,否,理论类课程,周二,2014-2015-1,,201410103196059241,2011文学院汉语言文学（拔尖计划）,0,仙林校区,2014-2015学年 第1学期,59241,逸A-212,0.0,否,,1,32,,0,0,台湾客语比较语法通论,15,第5节-第6节,逸夫楼A区,01031960
32.0,400010,小说与电影(20141-01031970-1),201410103197059361,,3,,71,1-18周,0,叶子,1-18周 周三 第3节-第4节 仙Ⅰ-203,2.0,文学院,否,理论类课程,周三,2014-2015-1,,201410103197059361,"2012文学院汉语言文学(作家班),2013文学院汉语言文学(作家班)",0,仙林校区,2014-2015学年 第1学期,59361,仙Ⅰ-203,0.0,否,,1,32,,0,0,小说与电影,11,第3节-第4节,仙I区,01031970
32.0,400020,中国通史(一)(20141-02000010A-1),2014102000010A59377,,3,,205,4-18周,0,"颜世安,胡阿祥",4-18周 周四 第5节-第7节 环科楼B-111,2.0,历史学院,否,理论类课程,周四,2014-2015-1,,2014102000010A59377,"2014文学院汉语言文学,2014历史学院历史学类",0,仙林校区,2014-2015学年 第1学期,59377,环科楼B-111,0.0,否,,1,32,,0,0,中国通史(一),111,第5节-第7节,环科楼,02000010A
48.0,400020,中国通史（三）(20141-02100010A-1),2014102100010A59389,,3,,47,1-18周,0,"梁晨,陈蕴茜",1-18周 周四 第5节-第7节 仙Ⅰ-115,3.0,历史学院,否,理论类课程,周四,2014-2015-1,,2014102100010A59389,2013历史学院历史学,0,仙林校区,2014-2015学年 第1学期,59389,仙Ⅰ-115,0.0,否,,1,48,,0,0,中国通史（三）,11,第5节-第7节,仙I区,02100010A
32.0,400020,中国通史（五）(20141-02100010C-1),2014102100010C59459,,3,,42,1-18周,0,董国强,1-18周 周二 第1节-第2节 逸B-302,2.0,历史学院,否,理论类课程,周二,2014-2015-1,,2014102100010C59459,2012历史学院历史学,0,仙林校区,2014-2015学年 第1学期,59459,逸B-302,0.0,否,,1,32,,0,0,中国通史（五）,16,第1节-第2节,逸夫楼B区,02100010C
64.0,400020,世界通史（二）(20141-02100020A-1),2014102100020A59391,,3,,43,"1-18周,1-18周",0,"于文杰,刘成","1-18周 周二 第3节-第4节 仙Ⅰ-115,1-18周 周四 第3节-第4节 仙Ⅰ-115",4.0,历史学院,否,理论类课程,"周二,周四",2014-2015-1,,2014102100020A59391,2013历史学院历史学,0,仙林校区,2014-2015学年 第1学期,59391,"仙Ⅰ-115,仙Ⅰ-115",0.0,否,,1,64,,0,0,世界通史（二）,11,"第3节-第4节,第3节-第4节",仙I区,02100020A
32.0,400020,世界通史（四）(20141-02100020C-1),2014102100020C59460,,3,,44,1-18周,0,施义慧,1-18周 周一 第1节-第2节 逸B-111,2.0,历史学院,否,理论类课程,周一,2014-2015-1,,2014102100020C59460,2012历史学院历史学,0,仙林校区,2014-2015学年 第1学期,59460,逸B-111,0.0,否,,1,32,,0,0,世界通史,16,第1节-第2节,逸夫楼B区,02100020C
32.0,400020,世界通史（四）(20141-02100020C-1),2014102100020C59558,,3,,46,1-18周,0,陈晖,1-18周 周一 第3节-第4节 逸B-308,2.0,历史学院,否,理论类课程,周一,2014-2015-1,,2014102100020C59558,2011历史学院历史学,0,仙林校区,2014-2015学年 第1学期,59558,逸B-308,0.0,否,,1,32,,0,0,世界通史,16,第3节-第4节,逸夫楼B区,02100020C
32.0,400020,中国历史文选(20141-02100030A-1),2014102100030A60182,,3,,46,1-18周,0,邹劲风,1-18周 周一 第3节-第4节 仙Ⅰ-115,2.0,历史学院,否,理论类课程,周一,2014-2015-1,,2014102100030A60182,2013历史学院历史学,0,仙林校区,2014-2015学年 第1学期,60182,仙Ⅰ-115,0.0,否,,1,32,,0,0,中国历史文选（上）,11,第3节-第4节,仙I区,02100030A
32.0,400020,考古学通论(20141-02100060-1),201410210006059415,,3,,68,"10-18周,10-18周",0,张敬雷,"10-18周 周三 第3节-第4节 仙Ⅰ-115,10-18周 周五 第3节-第4节 仙Ⅰ-115",2.0,历史学院,否,理论类课程,"周三,周五",2014-2015-1,,201410210006059415,"2013历史学院历史学,2013历史学院考古学（文物鉴定方向）",0,仙林校区,2014-2015学年 第1学期,59415,"仙Ⅰ-115,仙Ⅰ-115",0.0,否,,1,32,,0,0,考古学通论,11,"第3节-第4节,第3节-第4节",仙I区,02100060
32.0,400020,当代台湾问题概论(20141-02110300-1),201410211030060088,,3,,41,1-18周,0,刘相平,1-18周 周五 第1节-第2节 逸B-209,2.0,历史学院,否,理论类课程,周五,2014-2015-1,,201410211030060088,2012历史学院历史学,0,仙林校区,2014-2015学年 第1学期,60088,逸B-209,0.0,否,,1,32,,0,0,当代台湾问题概论,16,第1节-第2节,逸夫楼B区,02110300
32.0,400020,东西方学生运动史(20141-02110330-1),201410211033060089,,3,,28,1-18周,0,施义慧,1-18周 周二 第5节-第6节 逸B-307,2.0,历史学院,否,理论类课程,周二,2014-2015-1,,201410211033060089,2012历史学院历史学,0,仙林校区,2014-2015学年 第1学期,60089,逸B-307,0.0,否,,1,32,,0,0,东西方学生运动史,16,第5节-第6节,逸夫楼B区,02110330
32.0,400020,当代印度政治与经济(20141-02110350-1),201410211035060090,,3,,13,1-18周,0,刘立涛,1-18周 周五 第3节-第4节 逸B-302,2.0,历史学院,否,理论类课程,周五,2014-2015-1,,201410211035060090,2012历史学院历史学,0,仙林校区,2014-2015学年 第1学期,60090,逸B-302,0.0,否,,1,32,,0,0,当代印度政治与经济,16,第3节-第4节,逸夫楼B区,02110350
32.0,400020,史学理论与美国汉学研究(20141-02110360-1),201410211036059541,,3,,16,1-18周,0,罗晓翔,1-18周 周一 第7节-第8节 逸B-201,2.0,历史学院,否,理论类课程,周一,2014-2015-1,,201410211036059541,2012历史学院历史学,0,仙林校区,2014-2015学年 第1学期,59541,逸B-201,0.0,否,,1,32,,0,0,史学理论与美国汉学研究,16,第7节-第8节,逸夫楼B区,02110360
32.0,400020,史学经典著作导读(20141-02110480-1),201410211048060337,,3,,44,1-18周,0,"闵凡祥,李恭忠,舒小昀",1-18周 周三 第5节-第6节 逸B-302,2.0,历史学院,否,理论类课程,周三,2014-2015-1,,201410211048060337,2012历史学院历史学,0,仙林校区,2014-2015学年 第1学期,60337,逸B-302,0.0,否,,1,32,,0,0,史学经典著作导读,16,第5节-第6节,逸夫楼B区,02110480
32.0,400020,欧洲学导论(20141-02110510-1),201410211051060086,,3,,22,1-18周,0,闵凡祥,1-18周 周三 第3节-第4节 逸B-302,2.0,历史学院,否,理论类课程,周三,2014-2015-1,,201410211051060086,2012历史学院历史学,0,仙林校区,2014-2015学年 第1学期,60086,逸B-302,0.0,否,,1,32,,0,0,欧洲学导论,16,第3节-第4节,逸夫楼B区,02110510
32.0,400020,中国的高等教育与社会(20141-02110540-1),201410211054059548,,3,,36,1-18周,0,梁晨,1-18周 周四 第1节-第2节 逸B-302,2.0,历史学院,否,理论类课程,周四,2014-2015-1,,201410211054059548,2012历史学院历史学,0,仙林校区,2014-2015学年 第1学期,59548,逸B-302,0.0,否,,1,32,,0,0,中国的高等教育与社会,16,第1节-第2节,逸夫楼B区,02110540
32.0,400020,西方旅行者眼中的中国(20141-02110580-1),201410211058059783,,3,,29,1-18周,0,艾伊娜,1-18周 周三 第5节-第6节 仙Ⅰ-115,2.0,历史学院,否,理论类课程,周三,2014-2015-1,,201410211058059783,2013历史学院历史学,0,仙林校区,2014-2015学年 第1学期,59783,仙Ⅰ-115,0.0,否,,1,32,,0,0,西方旅行者眼中的中国,11,第5节-第6节,仙I区,02110580
32.0,400020,罗马帝国史(20141-02110650-1),201410211065059446,,3,,24,1-18周,0,熊莹,1-18周 周二 第5节-第6节 仙Ⅰ-115,2.0,历史学院,否,理论类课程,周二,2014-2015-1,,201410211065059446,2013历史学院历史学,0,仙林校区,2014-2015学年 第1学期,59446,仙Ⅰ-115,0.0,否,,1,32,,0,0,罗马帝国史,11,第5节-第6节,仙I区,02110650
32.0,400020,海域亚洲史专题(20141-02110660-1),201410211066059450,,3,,26,1-18周,0,陈波,1-18周 周一 第5节-第6节 仙Ⅰ-115,2.0,历史学院,否,理论类课程,周一,2014-2015-1,,201410211066059450,2013历史学院历史学,0,仙林校区,2014-2015学年 第1学期,59450,仙Ⅰ-115,0.0,否,,1,32,,0,0,海域亚洲史专题,11,第5节-第6节,仙I区,02110660
32.0,400020,二十世纪美国外交(20141-02110670-1),201410211067059569,,3,,18,1-18周,0,郑安光,1-18周 周二 第3节-第4节 逸B-302,2.0,历史学院,否,理论类课程,周二,2014-2015-1,,201410211067059569,2012历史学院历史学,0,仙林校区,2014-2015学年 第1学期,59569,逸B-302,0.0,否,,1,32,,0,0,二十世纪美国外交,16,第3节-第4节,逸夫楼B区,02110670
32.0,400020,国学名著导读(20141-02110680-1),201410211068059480,,3,,46,1-18周,0,武黎嵩,1-18周 周四 第3节-第4节 逸B-303,2.0,历史学院,否,理论类课程,周四,2014-2015-1,,201410211068059480,2012历史学院历史学,0,仙林校区,2014-2015学年 第1学期,59480,逸B-303,0.0,否,,1,32,,0,0,国学名著导读,16,第3节-第4节,逸夫楼B区,02110680
32.0,400020,中国近代历史人物专题(20141-02110700-2),201410211070059455,,3,,35,1-18周,0,孙扬,1-18周 周二 第5节-第6节 仙Ⅰ-104,2.0,历史学院,否,理论类课程,周二,2014-2015-1,,201410211070059455,2013历史学院历史学,0,仙林校区,2014-2015学年 第1学期,59455,仙Ⅰ-104,0.0,否,,1,32,,0,0,中国近代历史人物专题,11,第5节-第6节,仙I区,02110700
32.0,400020,环境考古概论(20141-02110730-1),201410211073059578,,3,,19,1-18周,0,"马春梅,贾鑫,朱诚",1-18周 周二 第3节-第4节 逸B-308,2.0,历史学院,否,理论+实验课程,周二,2014-2015-1,,201410211073059578,2011历史学院考古学,0,仙林校区,2014-2015学年 第1学期,59578,逸B-308,6.0,否,,6,26,,0,0,环境考古概论,16,第3节-第4节,逸夫楼B区,02110730
32.0,400020,近代中国财富故事(20141-02110760-1),201410211076059551,,3,,21,1-18周,0,李恭忠,1-18周 周二 第3节-第4节 逸B-303,2.0,历史学院,否,理论类课程,周二,2014-2015-1,,201410211076059551,2012历史学院历史学,0,仙林校区,2014-2015学年 第1学期,59551,逸B-303,0.0,否,,1,32,,0,0,近代中国财富故事,16,第3节-第4节,逸夫楼B区,02110760
32.0,400020,中国古代南海交通史(20141-02110770-1),201410211077059457,,3,,24,1-18周,0,于磊,1-18周 周一 第1节-第2节 仙Ⅰ-115,2.0,历史学院,否,理论类课程,周一,2014-2015-1,,201410211077059457,2013历史学院历史学,0,仙林校区,2014-2015学年 第1学期,59457,仙Ⅰ-115,0.0,否,,1,32,,0,0,中国古代南海交通史,11,第1节-第2节,仙I区,02110770
32.0,400020,东南亚历史文化概论(20141-02110780-1),201410211078059555,,3,,23,1-18周,0,吴贺,1-18周 周三 第1节-第2节 逸B-302,2.0,历史学院,否,理论类课程,周三,2014-2015-1,,201410211078059555,2012历史学院历史学,0,仙林校区,2014-2015学年 第1学期,59555,逸B-302,0.0,否,,1,32,,0,0,东南亚历史文化概论,16,第1节-第2节,逸夫楼B区,02110780
32.0,400020,中国古代建筑史(20141-02200030-1),201410220003059560,,3,,37,1-18周,0,周学鹰,1-18周 周一 第5节-第6节 仙Ⅰ-202,2.0,历史学院,否,理论类课程,周一,2014-2015-1,,201410220003059560,"2013历史学院考古学,2013历史学院考古学（文物鉴定方向）",0,仙林校区,2014-2015学年 第1学期,59560,仙Ⅰ-202,0.0,否,,1,32,,0,0,中国古代建筑史,11,第5节-第6节,仙I区,02200030
192.0,400020,田野考古实习(20141-02200040-1),201410220004060045,,3,,11,1-18周,0,"赵东升,水涛,张敬雷",1-18周 自由时间 - ,12.0,历史学院,否,实践类课程,自由时间,2014-2015-1,,201410220004060045,2012历史学院考古学,0,仙林校区,2014-2015学年 第1学期,60045,考古工地,204.0,否,,3,204,,612,0,田野考古实习,,自由时间,,02200040
32.0,400020,旧石器时代考古(20141-02200060-1),201410220006059565,,3,,15,"10-18周,10-18周",0,张敬雷,"10-18周 周二 第5节-第7节 仙Ⅰ-212,10-18周 周四 第5节-第7节 仙Ⅰ-212",2.0,历史学院,否,理论类课程,"周二,周四",2014-2015-1,,201410220006059565,2013历史学院考古学,0,仙林校区,2014-2015学年 第1学期,59565,"仙Ⅰ-212,仙Ⅰ-212",0.0,否,,1,32,,0,0,旧石器时代考古,11,"第5节-第7节,第5节-第7节",仙I区,02200060
32.0,400020,新石器时代考古(20141-02200070-1),201410220007060091,,3,,13,"1-9周,1-9周",0,黄建秋,"1-9周 周二 第5节-第7节 仙Ⅰ-212,1-9周 周四 第5节-第7节 仙Ⅰ-212",2.0,历史学院,否,理论类课程,"周二,周四",2014-2015-1,,201410220007060091,2013历史学院考古学,0,仙林校区,2014-2015学年 第1学期,60091,"仙Ⅰ-212,仙Ⅰ-212",0.0,否,,1,32,,0,0,新石器时代考古,11,"第5节-第7节,第5节-第7节",仙I区,02200070
32.0,400020,隋唐考古(20141-02210110-1),201410221011059820,,3,,19,"1-9周,1-9周",0,张学锋,"1-9周 周三 第2节-第4节 逸B-308,1-9周 周四 第2节-第4节 逸B-308",2.0,历史学院,否,理论类课程,"周三,周四",2014-2015-1,,201410221011059820,2011历史学院考古学,0,仙林校区,2014-2015学年 第1学期,59820,"逸B-308,逸B-308",0.0,否,,1,32,,0,0,隋唐考古,16,"第2节-第4节,第2节-第4节",逸夫楼B区,02210110
32.0,400020,宋元考古(20141-02210120-1),201410221012059577,,3,,18,1-18周,0,贺云翱,1-18周 周一 第2节-第4节 逸B-309,2.0,历史学院,否,理论类课程,周一,2014-2015-1,,201410221012059577,2011历史学院考古学,0,仙林校区,2014-2015学年 第1学期,59577,逸B-309,0.0,否,,1,32,,0,0,宋元考古,16,第2节-第4节,逸夫楼B区,02210120
32.0,400020,中国陶瓷史(20141-02210310-1),201410221031059602,,3,,0,1-18周,0,贺云翱,1-18周 周二 第1节-第2节 ,2.0,历史学院,否,理论类课程,周二,2014-2015-1,,201410221031059602,,0,仙林校区,2014-2015学年 第1学期,59602,无,0.0,否,,1,32,,0,0,中国陶瓷史,,第1节-第2节,,02210310
32.0,400020,中国陶瓷史(20141-02210310-1),201410221031060588,,3,,36,1-18周,0,贺云翱,1-18周 周三 第1节-第2节 仙Ⅰ-115,2.0,历史学院,否,理论类课程,周三,2014-2015-1,,201410221031060588,"2013历史学院考古学,2013历史学院考古学（文物鉴定方向）",0,仙林校区,2014-2015学年 第1学期,60588,仙Ⅰ-115,0.0,否,,1,32,,0,0,中国陶瓷史,11,第1节-第2节,仙I区,02210310
32.0,400020,古玉鉴赏与研究(20141-02210360-1),201410221036059786,,3,,21,1-18周,0,吴桂兵,1-18周 周一 第5节-第6节 逸B-308,2.0,历史学院,否,理论类课程,周一,2014-2015-1,,201410221036059786,2011历史学院考古学,0,仙林校区,2014-2015学年 第1学期,59786,逸B-308,0.0,否,,1,32,,0,0,古玉鉴赏与研究,16,第5节-第6节,逸夫楼B区,02210360
32.0,400020,文化人类学(20141-02210400-1),201410221040060096,,3,,21,1-18周,0,黄建秋,1-18周 周二 第3节-第4节 仙Ⅰ-104,2.0,历史学院,否,理论类课程,周二,2014-2015-1,,201410221040060096,2013历史学院考古学,0,仙林校区,2014-2015学年 第1学期,60096,仙Ⅰ-104,0.0,否,,1,32,,0,0,文化人类学,11,第3节-第4节,仙I区,02210400
48.0,400020,中国书画史(20141-02210460-1),201410221046059610,,3,,25,1-18周,0,车旭东,1-18周 周一 第2节-第4节 逸B-302,3.0,历史学院,否,理论类课程,周一,2014-2015-1,,201410221046059610,2012历史学院考古学（文物鉴定方向）,0,仙林校区,2014-2015学年 第1学期,59610,逸B-302,0.0,否,,1,48,,0,0,中国书画史,16,第2节-第4节,逸夫楼B区,02210460
48.0,400020,中国工艺品鉴定(20141-02210470-1),201410221047059611,,3,,18,"2-18周(双),2-18周(双)",0,周晓陆,"2-18周(双) 周二 第5节-第7节 逸B-302,2-18周(双) 周三 第5节-第7节 逸B-303",3.0,历史学院,否,理论类课程,"周二,周三",2014-2015-1,,201410221047059611,2012历史学院考古学（文物鉴定方向）,0,仙林校区,2014-2015学年 第1学期,59611,"逸B-302,逸B-303",0.0,否,,1,48,,0,0,中国印章学,16,"第5节-第7节,第5节-第7节",逸夫楼B区,02210470
32.0,400020,文物鉴定实习（一）(20141-02210480A-1),2014102210480A59613,,3,,15,1-18周,0,杨休,1-18周 自由时间 - ,2.0,历史学院,否,实践类课程,自由时间,2014-2015-1,,2014102210480A59613,2012历史学院考古学（文物鉴定方向）,0,仙林校区,2014-2015学年 第1学期,59613,各地博物馆,0.0,否,,3,0,,32,0,文物鉴定实习（一）,,自由时间,,02210480A
32.0,400020,古代建筑鉴定（二）(20141-02210560B-1),2014102210560B59614,,3,,19,1-18周,0,周学鹰,1-18周 周一 第7节-第8节 逸B-302,2.0,历史学院,否,理论类课程,周一,2014-2015-1,,2014102210560B59614,2012历史学院考古学（文物鉴定方向）,0,仙林校区,2014-2015学年 第1学期,59614,逸B-302,0.0,否,,1,32,,0,0,古代建筑鉴定（二）,16,第7节-第8节,逸夫楼B区,02210560B
32.0,400020,中国青铜器发展史(20141-02210570-1),201410221057059604,,3,,20,"1-9周,1-9周",0,赵东升,"1-9周 周三 第3节-第4节 仙Ⅰ-115,1-9周 周五 第3节-第4节 仙Ⅰ-115",2.0,历史学院,否,理论类课程,"周三,周五",2014-2015-1,,201410221057059604,2013历史学院考古学（文物鉴定方向）,0,仙林校区,2014-2015学年 第1学期,59604,"仙Ⅰ-115,仙Ⅰ-115",0.0,否,,1,32,,0,0,中国青铜器发展史,11,"第3节-第4节,第3节-第4节",仙I区,02210570
32.0,400020,文物市场与文物法规(20141-02210580-1),201410221058059606,,3,,20,1-18周,0,殷洁,1-18周 周二 第5节-第6节 仙Ⅱ-412,2.0,历史学院,否,理论类课程,周二,2014-2015-1,,201410221058059606,2013历史学院考古学（文物鉴定方向）,0,仙林校区,2014-2015学年 第1学期,59606,仙Ⅱ-412,0.0,否,,1,32,,0,0,文物市场与文物法规,12,第5节-第6节,仙II区,02210580
32.0,400020,中国书法(20141-02210600-1),201410221060059608,,3,,20,1-18周,0,陶小军（外聘）,1-18周 周五 第5节-第6节 仙Ⅱ-116,2.0,历史学院,否,理论+实践课程,周五,2014-2015-1,,201410221060059608,2013历史学院考古学（文物鉴定方向）,0,仙林校区,2014-2015学年 第1学期,59608,仙Ⅱ-116,0.0,否,,5,16,,16,0,中国书法,12,第5节-第6节,仙II区,02210600
32.0,400020,中国文化史专题(20141-02210650-1),201410221065060167,,3,,17,1-18周,0,"胡阿祥,刘兴林,范金民,梁晨",1-18周 周三 第3节-第4节 逸B-309,2.0,历史学院,否,理论类课程,周三,2014-2015-1,,201410221065060167,2011历史学院考古学（文物鉴定方向）,0,仙林校区,2014-2015学年 第1学期,60167,逸B-309,0.0,否,,1,32,,0,0,中国文化史专题,16,第3节-第4节,逸夫楼B区,02210650
32.0,400020,玉器鉴定(20141-02210660-1),201410221066060620,,1,,0,1-18周,0,,1-18周 周五 第5节-第6节 ,2.0,历史学院,否,理论类课程,周五,2014-2015-1,,201410221066060620,,0,鼓楼校区,2014-2015学年 第1学期,60620,无,0.0,否,,1,32,,0,0,玉器鉴定,,第5节-第6节,,02210660
32.0,400020,中国金属器鉴定(20141-02210670-1),201410221067059618,,3,,22,1-17周(单),0,王金潮(外聘),1-17周(单) 周二 第5节-第8节 逸B-302,2.0,历史学院,否,理论类课程,周二,2014-2015-1,,201410221067059618,2012历史学院考古学（文物鉴定方向）,0,仙林校区,2014-2015学年 第1学期,59618,逸B-302,0.0,否,,1,32,,0,0,中国金属器鉴定,16,第5节-第8节,逸夫楼B区,02210670
32.0,400020,展览与陈列设计(20141-02210690-1),201410221069059619,,3,,23,1-18周,0,吴阗(外聘),1-18周 周五 第9节-第10节 逸B-302,2.0,历史学院,否,理论+实践课程,周五,2014-2015-1,,201410221069059619,2012历史学院考古学（文物鉴定方向）,0,仙林校区,2014-2015学年 第1学期,59619,逸B-302,0.0,否,,5,26,,6,0,展览与陈列设计,16,第9节-第10节,逸夫楼B区,02210690
32.0,400020,水下考古学(20141-02210710-1),201410221071059579,,3,,18,"1-9周,1-9周",0,赵东升,"1-9周 周二 第5节-第6节 逸B-308,1-9周 周四 第5节-第6节 逸B-308",2.0,历史学院,否,理论类课程,"周二,周四",2014-2015-1,,201410221071059579,2011历史学院考古学,0,仙林校区,2014-2015学年 第1学期,59579,"逸B-308,逸B-308",0.0,否,,1,32,,0,0,水下考古概论,16,"第5节-第6节,第5节-第6节",逸夫楼B区,02210710
48.0,400020,中国的民俗与民间物质文化(20141-02210730-1),201410221073059583,,3,,38,1-18周,0,徐艺乙,1-18周 周一 第2节-第4节 仙Ⅱ-414,3.0,历史学院,否,理论类课程,周一,2014-2015-1,,201410221073059583,"2013历史学院考古学,2013历史学院考古学（文物鉴定方向）",0,仙林校区,2014-2015学年 第1学期,59583,仙Ⅱ-414,0.0,否,,1,48,,0,0,中国的民俗与民间物质文化,12,第2节-第4节,仙II区,02210730
32.0,400020,古陶瓷鉴赏(20141-02210740-1),201410221074060114,,3,,22,1-18周,0,程晓中（兼职）,1-18周 周四 第5节-第6节 ,2.0,历史学院,否,,周四,2014-2015-1,,201410221074060114,2012历史学院考古学（文物鉴定方向）,0,仙林校区,2014-2015学年 第1学期,60114,南京博物院,,否,,,,,,0,古陶瓷鉴赏,,第5节-第6节,,02210740
32.0,400050,法理学(一)(20141-03000010A-1),2014103000010A59275,,3,,67,4-18周,0,周安平,4-18周 周二 第5节-第6节 仙Ⅱ-311,2.0,法学院,否,理论类课程,周二,2014-2015-1,,2014103000010A59275,2014法学院法学,0,仙林校区,2014-2015学年 第1学期,59275,仙Ⅱ-311,0.0,否,,1,32,,0,0,法理学(一),12,第5节-第6节,仙II区,03000010A
32.0,400050,法理学(一)(20141-03000010A-2),2014103000010A59276,,3,,64,4-18周,0,单锋,4-18周 周一 第1节-第2节 仙Ⅱ-311,2.0,法学院,否,理论类课程,周一,2014-2015-1,,2014103000010A59276,2014法学院法学,0,仙林校区,2014-2015学年 第1学期,59276,仙Ⅱ-311,0.0,否,,1,32,,0,0,法理学(一),12,第1节-第2节,仙II区,03000010A
32.0,400050,法理学(二)(20141-03000010B-1),2014103000010B59322,,3,,63,1-18周,0,蔡琳,1-18周 周五 第1节-第2节 仙Ⅱ-314,2.0,法学院,否,理论类课程,周五,2014-2015-1,,2014103000010B59322,2012法学院法学类,0,仙林校区,2014-2015学年 第1学期,59322,仙Ⅱ-314,0.0,否,,1,32,,0,0,法理学(二),12,第1节-第2节,仙II区,03000010B
32.0,400050,法理学(二)(20141-03000010B-2),2014103000010B59323,,3,,64,1-18周,0,邹立君,1-18周 周五 第3节-第4节 仙Ⅱ-314,2.0,法学院,否,理论类课程,周五,2014-2015-1,,2014103000010B59323,2012法学院法学类,0,仙林校区,2014-2015学年 第1学期,59323,仙Ⅱ-314,0.0,否,,1,32,,0,0,法理学(二),12,第3节-第4节,仙II区,03000010B
32.0,400050,中国法制史(20141-03000020-1),201410300002059281,,3,,137,1-18周,0,"张春海,张仁善",1-18周 周二 第2节-第4节 仙Ⅰ-106,2.0,法学院,否,理论类课程,周二,2014-2015-1,,201410300002059281,"2013法学院法学类,2013法学院法学（运动员班）",0,仙林校区,2014-2015学年 第1学期,59281,仙Ⅰ-106,0.0,否,,1,32,,0,0,中国法律史,11,第2节-第4节,仙I区,03000020
32.0,400050,中国法制史(20141-03000020-1),201410300002059418,,3,,1,1-18周,0,,1-18周 周二 第2节-第4节 ,2.0,法学院,否,理论类课程,周二,2014-2015-1,,201410300002059418,,0,仙林校区,2014-2015学年 第1学期,59418,无,0.0,否,,1,32,,0,0,中国法律史,,第2节-第4节,,03000020
32.0,400050,民法(总论)(20141-03000040A-1),2014103000040A59268,,3,,92,4-18周,0,"解亘,叶金强",4-18周 周二 第1节-第2节 仙Ⅱ-313,2.0,法学院,否,理论类课程,周二,2014-2015-1,,2014103000040A59268,2014法学院法学,0,仙林校区,2014-2015学年 第1学期,59268,仙Ⅱ-313,0.0,否,,1,32,,0,0,民法学(总则),12,第1节-第2节,仙II区,03000040A
32.0,400050,民法(总论)(20141-03000040A-2),2014103000040A59269,,3,,72,4-18周,0,"解亘,叶金强",4-18周 周二 第3节-第4节 仙Ⅱ-313,2.0,法学院,否,理论类课程,周二,2014-2015-1,,2014103000040A59269,2014法学院法学,0,仙林校区,2014-2015学年 第1学期,59269,仙Ⅱ-313,0.0,否,,1,32,,0,0,民法学(总则),12,第3节-第4节,仙II区,03000040A
32.0,400050,民法学(债法)(20141-03000040C-1),2014103000040C59282,,3,,77,1-18周,0,解亘,1-18周 周五 第1节-第2节 仙Ⅱ-313,2.0,法学院,否,理论类课程,周五,2014-2015-1,,2014103000040C59282,"2013法学院法学类,2013法学院法学（运动员班）",0,仙林校区,2014-2015学年 第1学期,59282,仙Ⅱ-313,0.0,否,,1,32,,0,0,民法学(债法),12,第1节-第2节,仙II区,03000040C
32.0,400050,民法学(债法)(20141-03000040C-2),2014103000040C59283,,3,,86,1-18周,0,张淳,1-18周 周五 第3节-第4节 仙Ⅱ-313,2.0,法学院,否,理论类课程,周五,2014-2015-1,,2014103000040C59283,"2013法学院法学类,2013法学院法学（运动员班）",0,仙林校区,2014-2015学年 第1学期,59283,仙Ⅱ-313,0.0,否,,1,32,,0,0,民法学(债法),12,第3节-第4节,仙II区,03000040C
32.0,400050,民法学(债法)(20141-03000040C-2),2014103000040C59403,,3,,0,,0,,,2.0,法学院,否,理论类课程,,2014-2015-1,,2014103000040C59403,,0,仙林校区,2014-2015学年 第1学期,59403,,0.0,否,,1,32,,0,0,民法学(债法),,,,03000040C
32.0,400050,刑法学(分论)(20141-03000050B-1),2014103000050B59284,,3,,62,1-18周,0,张淼,1-18周 周三 第1节-第2节 仙Ⅱ-312,2.0,法学院,否,理论类课程,周三,2014-2015-1,,2014103000050B59284,"2013法学院法学类,2013法学院法学（运动员班）",0,仙林校区,2014-2015学年 第1学期,59284,仙Ⅱ-312,0.0,否,,1,32,,0,0,刑法学(分论),12,第1节-第2节,仙II区,03000050B
32.0,400050,刑法学(分论)(20141-03000050B-2),2014103000050B59285,,3,,82,1-18周,0,张淼,1-18周 周三 第3节-第4节 仙Ⅱ-312,2.0,法学院,否,理论类课程,周三,2014-2015-1,,2014103000050B59285,"2013法学院法学类,2013法学院法学（运动员班）",0,仙林校区,2014-2015学年 第1学期,59285,仙Ⅱ-312,0.0,否,,1,32,,0,0,刑法学(分论),12,第3节-第4节,仙II区,03000050B
32.0,400050,刑法学(分论)(20141-03000050B-1),2014103000050B59410,,3,,0,1-18周,0,,1-18周 周三 第1节-第2节 ,2.0,法学院,否,理论类课程,周三,2014-2015-1,,2014103000050B59410,,0,仙林校区,2014-2015学年 第1学期,59410,无,0.0,否,,1,32,,0,0,刑法学(分论),,第1节-第2节,,03000050B
32.0,400050,刑法学(分论)(20141-03000050B-2),2014103000050B59411,,3,,0,1-18周,0,,1-18周 周三 第3节-第4节 ,2.0,法学院,否,理论类课程,周三,2014-2015-1,,2014103000050B59411,,0,仙林校区,2014-2015学年 第1学期,59411,无,0.0,否,,1,32,,0,0,刑法学(分论),,第3节-第4节,,03000050B
48.0,400050,刑事诉讼法学(20141-03000060-1),201410300006059286,,3,,66,1-18周,0,狄小华,1-18周 周一 第2节-第4节 仙Ⅱ-313,2.0,法学院,否,理论类课程,周一,2014-2015-1,,201410300006059286,2013法学院法学类,0,仙林校区,2014-2015学年 第1学期,59286,仙Ⅱ-313,0.0,否,,1,32,,0,0,刑事诉讼法学,12,第2节-第4节,仙II区,03000060
48.0,400050,刑事诉讼法学(20141-03000060-2),201410300006059287,,3,,62,1-18周,0,张复友,1-18周 周一 第5节-第7节 仙Ⅱ-313,2.0,法学院,否,理论类课程,周一,2014-2015-1,,201410300006059287,2013法学院法学类,0,仙林校区,2014-2015学年 第1学期,59287,仙Ⅱ-313,0.0,否,,1,32,,0,0,刑事诉讼法学,12,第5节-第7节,仙II区,03000060
32.0,400050,行政法与行政诉讼法学(二)(20141-03000080B-1),2014103000080B59325,,3,,67,1-18周,0,王太高,1-18周 周一 第5节-第6节 仙Ⅱ-314,2.0,法学院,否,理论类课程,周一,2014-2015-1,,2014103000080B59325,2012法学院法学类,0,仙林校区,2014-2015学年 第1学期,59325,仙Ⅱ-314,0.0,否,,1,32,,0,0,行政法与行政诉讼法学(二),12,第5节-第6节,仙II区,03000080B
32.0,400050,行政法与行政诉讼法学(二)(20141-03000080B-2),2014103000080B59326,,3,,59,1-18周,0,吴卫星,1-18周 周一 第7节-第8节 仙Ⅱ-314,2.0,法学院,否,理论类课程,周一,2014-2015-1,,2014103000080B59326,2012法学院法学类,0,仙林校区,2014-2015学年 第1学期,59326,仙Ⅱ-314,0.0,否,,1,32,,0,0,行政法与行政诉讼法学(二),12,第7节-第8节,仙II区,03000080B
32.0,400050,商法总论(20141-03000090-1),201410300009059330,,3,,65,1-18周,0,范健,1-18周 周二 第1节-第2节 仙Ⅱ-314,2.0,法学院,否,理论类课程,周二,2014-2015-1,,201410300009059330,2012法学院法学类,0,仙林校区,2014-2015学年 第1学期,59330,仙Ⅱ-314,0.0,否,,1,32,,0,0,商法总论,12,第1节-第2节,仙II区,03000090
32.0,400050,商法总论(20141-03000090-2),201410300009059331,,3,,65,1-18周,0,岳卫,1-18周 周二 第3节-第4节 仙Ⅱ-314,2.0,法学院,否,理论类课程,周二,2014-2015-1,,201410300009059331,2012法学院法学类,0,仙林校区,2014-2015学年 第1学期,59331,仙Ⅱ-314,0.0,否,,1,32,,0,0,商法总论,12,第3节-第4节,仙II区,03000090
32.0,400050,国际公法(20141-03000120-1),201410300012059274,,3,,83,4-18周,0,"彭岳,张华",4-18周 周一 第5节-第6节 仙Ⅱ-215,2.0,法学院,否,理论类课程,周一,2014-2015-1,,201410300012059274,2014法学院法学,0,仙林校区,2014-2015学年 第1学期,59274,仙Ⅱ-215,0.0,否,,1,32,,0,0,国际法,12,第5节-第6节,仙II区,03000120
32.0,400050,国际公法(20141-03000120-2),201410300012061036,,3,,56,4-18周,0,"彭岳,张华",4-18周 周一 第7节-第8节 仙Ⅱ-214,2.0,法学院,否,理论类课程,周一,2014-2015-1,,201410300012061036,2014法学院法学,0,仙林校区,2014-2015学年 第1学期,61036,仙Ⅱ-214,0.0,否,,1,32,,0,0,国际法,12,第7节-第8节,仙II区,03000120
48.0,400050,国际私法学(20141-03000140-1),201410300014059300,,3,,67,1-18周,0,宋晓,1-18周 周一 第1节-第3节 仙Ⅱ-314,2.0,法学院,否,理论类课程,周一,2014-2015-1,,201410300014059300,2012法学院法学类,0,仙林校区,2014-2015学年 第1学期,59300,仙Ⅱ-314,0.0,否,,1,48,,0,0,国际私法学,12,第1节-第3节,仙II区,03000140
48.0,400050,国际私法学(20141-03000140-2),201410300014059301,,3,,78,1-18周,0,焦燕,1-18周 周四 第2节-第4节 仙Ⅱ-313,2.0,法学院,否,理论类课程,周四,2014-2015-1,,201410300014059301,"2012法学院法学类,2013法学院法学（运动员班）",0,仙林校区,2014-2015学年 第1学期,59301,仙Ⅱ-313,0.0,否,,1,48,,0,0,国际私法学,12,第2节-第4节,仙II区,03000140
48.0,400050,国际私法学(20141-03000140-1),201410300014059419,,3,,0,1-18周,0,,1-18周 周四 第2节-第4节 ,2.0,法学院,否,理论类课程,周四,2014-2015-1,,201410300014059419,,0,仙林校区,2014-2015学年 第1学期,59419,无,0.0,否,,1,48,,0,0,国际私法学,,第2节-第4节,,03000140
32.0,400050,西方法律思想史(20141-03000220-1),201410300022059305,,3,,22,1-18周,0,熊静波,1-18周 周二 第5节-第6节 仙Ⅱ-314,2.0,法学院,否,理论类课程,周二,2014-2015-1,,201410300022059305,2012法学院法学类,0,仙林校区,2014-2015学年 第1学期,59305,仙Ⅱ-314,0.0,否,,1,32,,0,0,西方法律思想史,12,第5节-第6节,仙II区,03000220
32.0,400050,人权法(20141-03000230-1),201410300023059308,,3,,12,,0,,,2.0,法学院,否,理论类课程,,2014-2015-1,,201410300023059308,,0,仙林校区,2014-2015学年 第1学期,59308,,0.0,否,,1,32,,0,0,人权法,,,,03000230
32.0,400050,立法学(20141-03000250-1),201410300025059354,,1,,10,,0,,,2.0,法学院,否,理论类课程,,2014-2015-1,,201410300025059354,,0,鼓楼校区,2014-2015学年 第1学期,59354,,0.0,否,,1,32,,0,0,立法学,,,,03000250
32.0,400050,劳动与社会保障法(20141-03000270-1),201410300027059309,,3,,80,1-18周,0,周长征,1-18周 周二 第5节-第6节 仙Ⅱ-313,2.0,法学院,否,理论类课程,周二,2014-2015-1,,201410300027059309,2012法学院法学类,0,仙林校区,2014-2015学年 第1学期,59309,仙Ⅱ-313,0.0,否,,1,32,,0,0,劳动与社会保障法,12,第5节-第6节,仙II区,03000270
32.0,400050,亲属法与继承法(20141-03000290-1),201410300029059291,,3,,92,1-18周,0,张燕玲,1-18周 周三 第5节-第6节 仙Ⅱ-313,2.0,法学院,否,理论+实践课程,周三,2014-2015-1,,201410300029059291,2013法学院法学类,0,仙林校区,2014-2015学年 第1学期,59291,仙Ⅱ-313,0.0,否,,5,26,,6,0,家庭法与继承法,12,第5节-第6节,仙II区,03000290
48.0,400050,公司法(20141-03000310-1),201410300031059311,,3,,94,1-18周,0,吴建斌,1-18周 周四 第5节-第7节 仙Ⅱ-313,2.0,法学院,否,理论类课程,周四,2014-2015-1,,201410300031059311,2012法学院法学类,0,仙林校区,2014-2015学年 第1学期,59311,仙Ⅱ-313,0.0,否,,1,48,,0,0,公司法,12,第5节-第7节,仙II区,03000310
32.0,400050,保险法(20141-03000350-1),201410300035059355,,1,,33,1-18周,0,"岳卫,李华",1-18周 周四 第3节-第4节 教118,2.0,法学院,否,理论类课程,周四,2014-2015-1,,201410300035059355,2011法学院法学类,0,鼓楼校区,2014-2015学年 第1学期,59355,教118,0.0,否,,1,32,,0,0,保险法,1,第3节-第4节,教学楼,03000350
32.0,400050,竞争法(20141-03000360-1),201410300036059348,,3,,28,1-18周,0,"杨阳,方小敏",1-18周 周五 第5节-第6节 仙Ⅱ-314,2.0,法学院,否,理论类课程,周五,2014-2015-1,,201410300036059348,2012法学院法学类,0,仙林校区,2014-2015学年 第1学期,59348,仙Ⅱ-314,0.0,否,,1,32,,0,0,竞争法,12,第5节-第6节,仙II区,03000360
32.0,400050,证据法(20141-03000370-1),201410300037059312,,3,,82,1-18周,0,"张复友,吴英姿",1-18周 周五 第5节-第6节 仙Ⅱ-313,2.0,法学院,否,理论类课程,周五,2014-2015-1,,201410300037059312,2012法学院法学类,0,仙林校区,2014-2015学年 第1学期,59312,仙Ⅱ-313,0.0,否,,1,32,,0,0,人工智能与证据法,12,第5节-第6节,仙II区,03000370
32.0,400050,国际商法(20141-03000380-1),201410300038059316,,3,,61,1-18周,0,"何鹰,孙雯",1-18周 周三 第5节-第6节 仙Ⅱ-314,2.0,法学院,否,理论类课程,周三,2014-2015-1,,201410300038059316,2012法学院法学类,0,仙林校区,2014-2015学年 第1学期,59316,仙Ⅱ-314,0.0,否,,1,32,,0,0,国际商法,12,第5节-第6节,仙II区,03000380
32.0,400050,国际金融法(20141-03000400-1),201410300040059356,,1,,16,1-18周,0,彭岳,1-18周 周五 第3节-第4节 教118,2.0,法学院,否,理论类课程,周五,2014-2015-1,,201410300040059356,2011法学院法学类,0,鼓楼校区,2014-2015学年 第1学期,59356,教118,0.0,否,,1,32,,0,0,国际金融法,1,第3节-第4节,教学楼,03000400
32.0,400050,国际税法(20141-03000420-1),201410300042059357,,1,,17,,0,,,2.0,法学院,否,理论类课程,,2014-2015-1,,201410300042059357,,0,鼓楼校区,2014-2015学年 第1学期,59357,,0.0,否,,1,32,,0,0,国际税法,,,,03000420
32.0,400050,法律方法(20141-03000430-1),201410300043059351,,1,,10,,0,,,2.0,法学院,否,理论类课程,,2014-2015-1,,201410300043059351,,0,鼓楼校区,2014-2015学年 第1学期,59351,,0.0,否,,1,32,,0,0,法律方法,,,,03000430
32.0,400050,司法文书(20141-03000440-1),201410300044059321,,3,,7,,0,,,2.0,法学院,否,理论类课程,,2014-2015-1,,201410300044059321,,0,仙林校区,2014-2015学年 第1学期,59321,,0.0,否,,1,32,,0,0,司法文书,,,,03000440
32.0,400050,诊所法律课程(20141-03000450-1),201410300045059334,,1,,28,1-18周,0,许利民,1-18周 周六 第2节-第4节 教118,2.0,法学院,否,,周六,2014-2015-1,,201410300045059334,2012法学院法学类,0,鼓楼校区,2014-2015学年 第1学期,59334,教118,,否,,,,,,0,诊所法律课程,1,第2节-第4节,教学楼,03000450
32.0,400050,律师实务(20141-03000460-1),201410300046059358,,1,,10,,0,,,2.0,法学院,否,理论类课程,,2014-2015-1,,201410300046059358,,0,鼓楼校区,2014-2015学年 第1学期,59358,,0.0,否,,1,32,,0,0,律师实务,,,,03000460
32.0,400050,法律社会学(20141-03000500-1),201410300050059359,,1,,16,1-18周,0,"卜安淳,艾佳慧",1-18周 周二 第5节-第6节 教105,2.0,法学院,否,理论类课程,周二,2014-2015-1,,201410300050059359,2011法学院法学类,0,鼓楼校区,2014-2015学年 第1学期,59359,教105,0.0,否,,1,32,,0,0,法律社会学,1,第5节-第6节,教学楼,03000500
32.0,400050,犯罪学(20141-03000510-1),201410300051059360,,1,,34,1-18周,0,狄小华,1-18周 周二 第3节-第4节 教118,2.0,法学院,否,理论类课程,周二,2014-2015-1,,201410300051059360,2011法学院法学类,0,鼓楼校区,2014-2015学年 第1学期,59360,教118,0.0,否,,1,32,,0,0,犯罪学,1,第3节-第4节,教学楼,03000510
64.0,400050,德语(20141-03000610A-1),2014103000610A59279,,3,,95,"4-18周,4-18周",0,"张涛,周锐","4-18周 周三 第7节-第10节 仙Ⅱ-313,4-18周 周五 第7节-第10节 仙Ⅱ-313",4.0,法学院,否,理论类课程,"周三,周五",2014-2015-1,,2014103000610A59279,"2013法学院法学类,2014法学院法学",0,仙林校区,2014-2015学年 第1学期,59279,"仙Ⅱ-313,仙Ⅱ-313",0.0,否,,1,64,,0,0,德语,12,"第7节-第10节,第7节-第10节",仙II区,03000610A
48.0,400050,日语(20141-03000620C-1),2014103000620C59294,,3,,30,"1-18周,1-18周",0,,"1-18周 周二 第7节-第10节 仙Ⅱ-314,1-18周 周四 第7节-第10节 仙Ⅱ-314",3.0,法学院,否,理论类课程,"周二,周四",2014-2015-1,,2014103000620C59294,"2012法学院法学类,2013法学院法学类",0,仙林校区,2014-2015学年 第1学期,59294,"仙Ⅱ-314,仙Ⅱ-314",0.0,否,,1,48,,0,0,日语,12,"第7节-第10节,第7节-第10节",仙II区,03000620C
16.0,400050,体育训练(20141-03001000C-2),2014103001000C59397,,,,0,,0,,,1.0,法学院,否,实践类课程,,2014-2015-1,,2014103001000C59397,2013法学院法学（运动员班）,0,,2014-2015学年 第1学期,59397,,0.0,否,,3,0,,16,0,体育训练,,,,03001000C
32.0,400050,体育社会实践(20141-03001110A-1),2014103001110A60727,,3,,15,1-18周,0,邵力平,1-18周 周一 第9节-第10节 ,2.0,法学院,否,理论+实验课程,周一,2014-2015-1,,2014103001110A60727,2013法学院法学（运动员班）,0,仙林校区,2014-2015学年 第1学期,60727,仙林体育馆体质测试室,,否,,6,,,,0,体育社会实践,,第9节-第10节,,03001110A
32.0,400050,体育社会学(20141-03001120-1),201410300112060728,,3,,6,,0,,,2.0,法学院,否,理论类课程,,2014-2015-1,,201410300112060728,,0,仙林校区,2014-2015学年 第1学期,60728,,0.0,否,,1,32,,0,0,体育社会学,,,,03001120
32.0,400050,物证技术(20141-03001160-1),201410300116059295,,3,,67,6-18周,0,蒋敬,6-18周 周四 第5节-第6节 ,2.0,法学院,否,,周四,2014-2015-1,,201410300116059295,2013法学院法学类,0,仙林校区,2014-2015学年 第1学期,59295,森林警官学院,,否,,,,,,0,物证技术,,第5节-第6节,,03001160
32.0,400050,美国法导论(20141-03001180-1),201410300118061016,,3,,17,1-18周,0,,1-18周 周四 第3节-第4节 仙Ⅱ-214,2.0,法学院,否,理论类课程,周四,2014-2015-1,,201410300118061016,2013法学院法学类,0,仙林校区,2014-2015学年 第1学期,61016,仙Ⅱ-214,0.0,否,,1,32,,0,0,美国法导论,12,第3节-第4节,仙II区,03001180
32.0,400050,比较宪法(20141-03001270-1),201410300127059296,,3,,50,1-18周,0,田芳,1-18周 周二 第5节-第6节 仙Ⅱ-407,2.0,法学院,否,理论类课程,周二,2014-2015-1,,201410300127059296,2013法学院法学类,0,仙林校区,2014-2015学年 第1学期,59296,仙Ⅱ-407,0.0,否,,1,32,,0,0,比较宪法,12,第5节-第6节,仙II区,03001270
32.0,400050,奥林匹克欣赏(20141-03001280-1),201410300128060729,,3,,19,1-18周,0,王成,1-18周 周四 第9节-第10节 逸C-201,2.0,法学院,否,理论类课程,周四,2014-2015-1,,201410300128060729,2013法学院法学（运动员班）,0,仙林校区,2014-2015学年 第1学期,60729,逸C-201,0.0,否,,1,32,,0,0,奥林匹克欣赏,17,第9节-第10节,逸夫楼C区,03001280
32.0,400030,哲学导论(20141-04000010-1),201410400001059093,,3,,47,4-18周,0,"张亮,唐正东",4-18周 周四 第3节-第4节 仙Ⅰ-202,2.0,哲学学院,否,理论类课程,周四,2014-2015-1,,201410400001059093,2014哲学学院哲学,0,仙林校区,2014-2015学年 第1学期,59093,仙Ⅰ-202,0.0,否,,1,32,,0,0,哲学导论,11,第3节-第4节,仙I区,04000010
48.0,400030,中国哲学(20141-04010010-1),201410401001059710,,3,,127,4-18周,0,胡永辉,4-18周 周一 第5节-第7节 图书馆126,3.0,哲学学院,否,理论类课程,周一,2014-2015-1,,201410401001059710,2014文学院汉语言文学,0,仙林校区,2014-2015学年 第1学期,59710,图书馆126,0.0,否,,1,48,,0,0,中国哲学,18,第5节-第7节,图书馆,04010010
64.0,400030,中国哲学史（下）(20141-04010010B-1),2014104010010B59144,,3,,28,"1-18周,1-18周",0,"傅新毅,尚荣","1-18周 周四 第5节-第6节 仙Ⅱ-216,1-18周 周二 第7节-第8节 仙Ⅱ-216",4.0,哲学学院,否,理论类课程,"周二,周四",2014-2015-1,,2014104010010B59144,2013哲学学院哲学,0,仙林校区,2014-2015学年 第1学期,59144,"仙Ⅱ-216,仙Ⅱ-216",0.0,否,,1,64,,0,0,中国哲学史（下）,12,"第7节-第8节,第5节-第6节",仙II区,04010010B
64.0,400030,欧洲哲学史（上）(20141-04010020A-1),2014104010020A59107,,3,,48,"4-18周,4-18周",0,马迎辉,"4-18周 周二 第3节-第4节 仙Ⅱ-216,4-18周 周五 第3节-第4节 仙Ⅱ-216",4.0,哲学学院,否,理论类课程,"周二,周五",2014-2015-1,,2014104010020A59107,2014哲学学院哲学,0,仙林校区,2014-2015学年 第1学期,59107,"仙Ⅱ-216,仙Ⅱ-216",0.0,否,,1,64,,0,0,欧洲哲学史（上）,12,"第3节-第4节,第3节-第4节",仙II区,04010020A
64.0,400030,马克思主义哲学史（上）(20141-04010030A-1),2014104010030A59151,,3,,27,"1-18周,1-18周",0,"张亮,胡大平","1-18周 周二 第3节-第4节 仙Ⅱ-217,1-18周 周三 第3节-第4节 仙Ⅱ-217",4.0,哲学学院,否,理论类课程,"周二,周三",2014-2015-1,,2014104010030A59151,2013哲学学院哲学,0,仙林校区,2014-2015学年 第1学期,59151,"仙Ⅱ-217,仙Ⅱ-217",0.0,否,,1,64,,0,0,马克思主义哲学史（上）,12,"第3节-第4节,第3节-第4节",仙II区,04010030A
32.0,400030,伦理学(20141-04010040-1),201410401004059730,,3,,31,1-18周,0,赵华,1-18周 周二 第3节-第4节 仙Ⅱ-101,2.0,哲学学院,否,理论类课程,周二,2014-2015-1,,201410401004059730,2012哲学学院哲学,0,仙林校区,2014-2015学年 第1学期,59730,仙Ⅱ-101,0.0,否,,1,32,,0,0,伦理学,12,第3节-第4节,仙II区,04010040
32.0,400030,现代逻辑(20141-04010060-1),201410401006059168,,3,,33,1-18周,0,顿新国,1-18周 周一 第3节-第4节 仙Ⅱ-217,2.0,哲学学院,否,理论类课程,周一,2014-2015-1,,201410401006059168,2013哲学学院哲学,0,仙林校区,2014-2015学年 第1学期,59168,仙Ⅱ-217,0.0,否,,1,32,,0,0,现代逻辑,12,第3节-第4节,仙II区,04010060
48.0,400030,马克思主义哲学原著选读(20141-04010110-1),201410401011059739,,3,,29,1-18周,0,"张传平,唐正东",1-18周 周一 第5节-第7节 仙Ⅱ-101,3.0,哲学学院,否,理论类课程,周一,2014-2015-1,,201410401011059739,2012哲学学院哲学,0,仙林校区,2014-2015学年 第1学期,59739,仙Ⅱ-101,0.0,否,,1,48,,0,0,马克思主义哲学原著选读,12,第5节-第7节,仙II区,04010110
32.0,400030,西方伦理思想史(20141-04010540-1),201410401054059173,,3,,28,1-18周,0,张晓东,1-18周 周二 第5节-第6节 仙Ⅱ-217,2.0,哲学学院,否,理论类课程,周二,2014-2015-1,,201410401054059173,2013哲学学院哲学,0,仙林校区,2014-2015学年 第1学期,59173,仙Ⅱ-217,0.0,否,,1,32,,0,0,西方伦理思想史,12,第5节-第6节,仙II区,04010540
32.0,400030,西方美学史(20141-04010590-1),201410401059059194,,3,,0,1-18周,0,殷曼楟,1-18周 周五 第5节-第6节 ,2.0,哲学学院,否,理论类课程,周五,2014-2015-1,,201410401059059194,,0,仙林校区,2014-2015学年 第1学期,59194,无,0.0,否,,1,32,,0,0,西方美学史,,第5节-第6节,,04010590
32.0,400030,西方美学史(20141-04010590-1),201410401059059306,,3,,0,1-18周,0,,1-18周 周五 第5节-第6节 ,2.0,哲学学院,否,理论类课程,周五,2014-2015-1,,201410401059059306,,0,仙林校区,2014-2015学年 第1学期,59306,无,0.0,否,,1,32,,0,0,西方美学史,,第5节-第6节,,04010590
32.0,400030,西方美学史(20141-04010590-1),201410401059059537,,3,,58,1-18周,0,殷曼楟,1-18周 周五 第5节-第6节 仙Ⅱ-101,2.0,哲学学院,否,理论类课程,周五,2014-2015-1,,201410401059059537,"2012哲学学院哲学,2013哲学学院哲学",0,仙林校区,2014-2015学年 第1学期,59537,仙Ⅱ-101,0.0,否,,1,32,,0,0,西方美学史,12,第5节-第6节,仙II区,04010590
32.0,400030,西方美学史(20141-04010590-4),201410401059059542,,,,0,,0,,,2.0,哲学学院,否,理论类课程,,2014-2015-1,,201410401059059542,,0,,2014-2015学年 第1学期,59542,,0.0,否,,1,32,,0,0,西方美学史,,,,04010590
32.0,400030,当代西方大众文化理论(20141-04010640-1),201410401064059210,,3,,28,1-18周,0,刘怀玉,1-18周 周二 第3节-第4节 仙Ⅱ-102,2.0,哲学学院,否,理论类课程,周二,2014-2015-1,,201410401064059210,2011哲学学院哲学,0,仙林校区,2014-2015学年 第1学期,59210,仙Ⅱ-102,0.0,否,,1,32,,0,0,当代西方大众文化理论,12,第3节-第4节,仙II区,04010640
32.0,400030,基督教概论(20141-04010660-1),201410401066059191,,3,,53,1-18周,0,方蔚林,1-18周 周五 第3节-第4节 仙Ⅱ-217,2.0,哲学学院,否,理论类课程,周五,2014-2015-1,,201410401066059191,"2012哲学学院哲学,2013哲学学院哲学",0,仙林校区,2014-2015学年 第1学期,59191,仙Ⅱ-217,0.0,否,,1,32,,0,0,基督教概论,12,第3节-第4节,仙II区,04010660
32.0,400030,哲学逻辑与逻辑哲学(20141-04010710-1),201410401071059176,,3,,12,"1-18周,1-18周",0,"王文方（台湾）,顿新国","1-18周 周一 第5节-第7节 仙Ⅱ-217,1-18周 周三 第9节-第11节 仙Ⅱ-217",2.0,哲学学院,否,理论类课程,"周一,周三",2014-2015-1,,201410401071059176,2013哲学学院哲学,0,仙林校区,2014-2015学年 第1学期,59176,"仙Ⅱ-217,仙Ⅱ-217",0.0,否,,1,32,,0,0,哲学逻辑与逻辑哲学,12,"第5节-第7节,第9节-第11节",仙II区,04010710
48.0,400030,西方哲学原著选读(20141-04010720-1),201410401072059318,,3,,32,1-18周,0,马迎辉,1-18周 周二 第5节-第7节 仙Ⅱ-101,3.0,哲学学院,否,理论类课程,周二,2014-2015-1,,201410401072059318,2012哲学学院哲学,0,仙林校区,2014-2015学年 第1学期,59318,仙Ⅱ-101,0.0,否,,1,48,,0,0,西方哲学原著选读,12,第5节-第7节,仙II区,04010720
32.0,400030,西方马克思主义哲学概论(20141-04010750-1),201410401075059320,,3,,31,1-18周,0,"周嘉昕,胡大平,孙乐强",1-18周 周四 第3节-第4节 仙Ⅱ-101,2.0,哲学学院,否,理论类课程,周四,2014-2015-1,,201410401075059320,2012哲学学院哲学,0,仙林校区,2014-2015学年 第1学期,59320,仙Ⅱ-101,0.0,否,,1,32,,0,0,西方马克思主义哲学概论,12,第3节-第4节,仙II区,04010750
16.0,400030,国学实践论（一)(20141-04010810A-1),2014104010810A59184,,3,,16,1-18周,0,,1-18周 自由时间 - 自由地点,1.0,哲学学院,否,,自由时间,2014-2015-1,,2014104010810A59184,2013哲学学院哲学,0,仙林校区,2014-2015学年 第1学期,59184,自由地点,,否,,,,,,0,国学实践论（一),388,自由时间,虚拟区域（仙林）,04010810A
16.0,400030,国学实践论（二）(20141-04010810B-1),2014104010810B59212,,3,,17,1-18周,0,,1-18周 自由时间 - 自由地点,1.0,哲学学院,否,,自由时间,2014-2015-1,,2014104010810B59212,2011哲学学院哲学,0,仙林校区,2014-2015学年 第1学期,59212,自由地点,,否,,,,,,0,国学实践论（二）,388,自由时间,虚拟区域（仙林）,04010810B
32.0,400040,传播学概论(20141-05000010-1),201410500001059436,,3,,143,4-18周,0,夏文蓉,4-18周 周四 第5节-第7节 仙Ⅱ-303,2.0,新闻传播学院,否,理论类课程,周四,2014-2015-1,,201410500001059436,2014新闻传播学院新闻传播学类,0,仙林校区,2014-2015学年 第1学期,59436,仙Ⅱ-303,0.0,否,,1,36,,0,0,传播学概论,12,第5节-第7节,仙II区,05000010
32.0,400040,社会研究方法(20141-05000032-1),201410500003259779,,3,,16,1-18周,0,,1-18周 周一 第3节-第4节 逸B-201,2.0,新闻传播学院,否,理论类课程,周一,2014-2015-1,,201410500003259779,2012新闻传播学院新闻学（运动员班）,0,仙林校区,2014-2015学年 第1学期,59779,逸B-201,0.0,否,,1,32,,0,0,社会研究方法,16,第3节-第4节,逸夫楼B区,05000032
96.0,400040,实习(20141-05000060-1),201410500006059871,,1,,0,,0,,,6.0,新闻传播学院,否,实践类课程,,2014-2015-1,,201410500006059871,,0,鼓楼校区,2014-2015学年 第1学期,59871,,0.0,否,,3,0,,96,0,实习,,,,05000060
96.0,400040,实习(20141-05000060-1),201410500006059872,,1,,26,,0,,,6.0,新闻传播学院,否,实践类课程,,2014-2015-1,,201410500006059872,2011新闻传播学院广告学,0,鼓楼校区,2014-2015学年 第1学期,59872,,0.0,否,,3,0,,96,0,实习,,,,05000060
96.0,400040,实习(20141-05000060-1),201410500006059873,,1,,26,,0,,,6.0,新闻传播学院,否,实践类课程,,2014-2015-1,,201410500006059873,2011新闻传播学院广播电视新闻学,0,鼓楼校区,2014-2015学年 第1学期,59873,,0.0,否,,3,0,,96,0,实习,,,,05000060
96.0,400040,实习(20141-05000060-1),201410500006060169,,1,,35,,0,,,6.0,新闻传播学院,否,实践类课程,,2014-2015-1,,201410500006060169,2012新闻传播学院新闻学（记者班）,0,鼓楼校区,2014-2015学年 第1学期,60169,,0.0,否,,3,0,,96,0,实习,,,,05000060
96.0,400040,实习(20141-05000060-1),201410500006060377,,1,,56,,0,,,6.0,新闻传播学院,否,实践类课程,,2014-2015-1,,201410500006060377,2011新闻传播学院新闻学,0,鼓楼校区,2014-2015学年 第1学期,60377,,0.0,否,,3,0,,96,0,实习,,,,05000060
32.0,400040,新闻学概论(20141-05010010-1),201410501001059441,,3,,132,4-18周,0,丁和根,4-18周 周二 第5节-第7节 仙Ⅱ-303,2.0,新闻传播学院,否,理论类课程,周二,2014-2015-1,,201410501001059441,2014新闻传播学院新闻传播学类,0,仙林校区,2014-2015学年 第1学期,59441,仙Ⅱ-303,0.0,否,,1,32,,0,0,新闻学概论,12,第5节-第7节,仙II区,05010010
48.0,400040,中国新闻史(20141-05010020-1),201410501002059465,,3,,54,1-18周,0,陈玉申,1-18周 周二 第5节-第7节 仙Ⅱ-105,2.0,新闻传播学院,否,理论类课程,周二,2014-2015-1,,201410501002059465,2013新闻传播学院新闻学,0,仙林校区,2014-2015学年 第1学期,59465,仙Ⅱ-105,0.0,否,,1,32,,0,0,中国新闻史,12,第5节-第7节,仙II区,05010020
32.0,400040,外国新闻史(20141-05010030-1),201410501003059471,,3,,55,1-18周,0,林伟,1-18周 周三 第5节-第7节 仙Ⅱ-111,2.0,新闻传播学院,否,理论类课程,周三,2014-2015-1,,201410501003059471,2013新闻传播学院新闻学,0,仙林校区,2014-2015学年 第1学期,59471,仙Ⅱ-111,0.0,否,,1,32,,0,0,外国新闻史,12,第5节-第7节,仙II区,05010030
48.0,400040,新闻编辑学(20141-05010060-1),201410501006059666,,3,,65,1-18周,0,邓利平,1-18周 周四 第5节-第7节 逸B-301,2.0,新闻传播学院,否,理论类课程,周四,2014-2015-1,,201410501006059666,2012新闻传播学院新闻学,0,仙林校区,2014-2015学年 第1学期,59666,逸B-301,0.0,否,,1,32,,0,0,新闻编辑学,16,第5节-第7节,逸夫楼B区,05010060
48.0,400040,新闻编辑学(20141-05010060-1),201410501006059754,,3,,52,1-18周,0,邓利平,1-18周 周三 第2节-第4节 逸B-301,2.0,新闻传播学院,否,理论类课程,周三,2014-2015-1,,201410501006059754,"2012新闻传播学院新闻学（运动员班）,2013新闻传播学院新闻学（记者班）",0,仙林校区,2014-2015学年 第1学期,59754,逸B-301,0.0,否,,1,32,,0,0,新闻编辑学,16,第2节-第4节,逸夫楼B区,05010060
32.0,400040,新闻评论(20141-05010070-1),201410501007059668,,3,,65,1-18周,0,王向东,1-18周 周三 第5节-第6节 逸B-301,2.0,新闻传播学院,否,理论+实践课程,周三,2014-2015-1,,201410501007059668,2012新闻传播学院新闻学,0,仙林校区,2014-2015学年 第1学期,59668,逸B-301,0.0,否,,5,16,,16,0,新闻评论,16,第5节-第6节,逸夫楼B区,05010070
32.0,400040,新闻评论(20141-05010070-1),201410501007059752,,3,,52,1-18周,0,王蕾,1-18周 周二 第3节-第4节 逸B-301,2.0,新闻传播学院,否,理论+实践课程,周二,2014-2015-1,,201410501007059752,"2012新闻传播学院新闻学（运动员班）,2013新闻传播学院新闻学（记者班）",0,仙林校区,2014-2015学年 第1学期,59752,逸B-301,0.0,否,,5,16,,16,0,新闻评论,16,第3节-第4节,逸夫楼B区,05010070
64.0,400040,新闻摄影(20141-05010080-1),201410501008059747,,3,,37,1-18周,0,刘源,1-18周 周五 第3节-第6节 逸B-301,2.0,新闻传播学院,否,理论+实践课程,周五,2014-2015-1,,201410501008059747,2013新闻传播学院新闻学（记者班）,0,仙林校区,2014-2015学年 第1学期,59747,逸B-301,0.0,否,,5,20,,12,0,新闻摄影,16,第3节-第6节,逸夫楼B区,05010080
32.0,400040,国际传播(20141-05010090-1),201410501009059669,,3,,26,1-18周,0,王雄,1-18周 周二 第5节-第6节 逸B-301,2.0,新闻传播学院,否,理论类课程,周二,2014-2015-1,,201410501009059669,2012新闻传播学院新闻学,0,仙林校区,2014-2015学年 第1学期,59669,逸B-301,0.0,否,,1,32,,0,0,国际传播,16,第5节-第6节,逸夫楼B区,05010090
32.0,400040,中外经典新闻作品选读(20141-05010170-1),201410501017059671,,3,,66,1-18周,0,周海燕,1-18周 周五 第3节-第4节 仙Ⅱ-213,2.0,新闻传播学院,否,理论类课程,周五,2014-2015-1,,201410501017059671,"2012新闻传播学院新闻学,2012新闻传播学院新闻学（记者班）",0,仙林校区,2014-2015学年 第1学期,59671,仙Ⅱ-213,0.0,否,,1,32,,0,0,中外经典新闻作品选读,12,第3节-第4节,仙II区,05010170
32.0,400040,现当代文学(20141-05010230-1),201410501023059485,,3,,37,1-18周,0,朱丽丽,1-18周 周二 第3节-第4节 仙Ⅱ-111,2.0,新闻传播学院,否,理论类课程,周二,2014-2015-1,,201410501023059485,2013新闻传播学院新闻学,0,仙林校区,2014-2015学年 第1学期,59485,仙Ⅱ-111,0.0,否,,1,32,,0,0,现当代文学,12,第3节-第4节,仙II区,05010230
32.0,400040,大众传播法概论(20141-05010250-1),201410501025059496,,3,,77,1-18周,0,蒋恩铭,1-18周 周一 第5节-第6节 逸B-104,2.0,新闻传播学院,否,理论类课程,周一,2014-2015-1,,201410501025059496,"2012新闻传播学院新闻学（记者班）,2013新闻传播学院广播电视学,2013新闻传播学院新闻学",0,仙林校区,2014-2015学年 第1学期,59496,逸B-104,0.0,否,,1,32,,0,0,大众传播法概论,16,第5节-第6节,逸夫楼B区,05010250
32.0,400040,The History of American Journalism(20141-05010270-1),201410501027061207,,3,,31,1-18周,0,外聘,1-18周 周五 第1节-第2节 仙Ⅱ-306,2.0,新闻传播学院,否,,周五,2014-2015-1,,201410501027061207,"2013新闻传播学院新闻学,2013新闻传播学院广播电视学",0,仙林校区,2014-2015学年 第1学期,61207,仙Ⅱ-306,,否,,,,,,0,美国新闻史,12,第1节-第2节,仙II区,05010270
32.0,400040,英语新闻写作(20141-05010280-1),201410501028061206,,3,,18,1-18周,0,Ken Ellingwood,1-18周 周二 第3节-第4节 仙Ⅰ-113,2.0,新闻传播学院,否,理论类课程,周二,2014-2015-1,,201410501028061206,"2012新闻传播学院新闻学,2012新闻传播学院广播电视新闻学",0,仙林校区,2014-2015学年 第1学期,61206,仙Ⅰ-113,0.0,否,,1,32,,0,0,英语新闻写作,11,第3节-第4节,仙I区,05010280
32.0,400040,媒介社会学(20141-05010320-1),201410501032059673,,3,,71,1-18周,0,袁光锋,1-18周 周五 第5节-第6节 逸B-105,2.0,新闻传播学院,否,理论类课程,周五,2014-2015-1,,201410501032059673,"2012新闻传播学院新闻学,2012新闻传播学院新闻学（记者班）,2012新闻传播学院广播电视新闻学,2012新闻传播学院广告学",0,仙林校区,2014-2015学年 第1学期,59673,逸B-105,0.0,否,,1,32,,0,0,媒介社会学,16,第5节-第6节,逸夫楼B区,05010320
32.0,400040,新闻专业英语(20141-05010330-1),201410501033059676,,3,,20,1-18周,0,黄佳,1-18周 周一 第3节-第4节 逸B-301,2.0,新闻传播学院,否,理论类课程,周一,2014-2015-1,,201410501033059676,"2012新闻传播学院新闻学,2012新闻传播学院广播电视新闻学",0,仙林校区,2014-2015学年 第1学期,59676,逸B-301,0.0,否,,1,32,,0,0,新闻专业英语,16,第3节-第4节,逸夫楼B区,05010330
16.0,400040,名记者进课堂(20141-05010340-1),201410501034059510,,1,,37,1-18周,0,王辰瑶,1-18周 周五 第9节-第10节 ,1.0,新闻传播学院,否,理论类课程,周五,2014-2015-1,,201410501034059510,"2012新闻传播学院新闻学,2013新闻传播学院广播电视学,2013新闻传播学院新闻学,2012新闻传播学院广播电视新闻学",0,鼓楼校区,2014-2015学年 第1学期,59510,费彝民楼,,否,,1,16,,,0,名记者进课堂,,第9节-第10节,,05010340
32.0,400040,专业导学——读新闻,201410501035059444,,3,,53,4-18周,0,王辰瑶,4-18周 周五 第5节-第6节 逸C-104,2.0,新闻传播学院,否,理论类课程,周五,2014-2015-1,,201410501035059444,2014新闻传播学院新闻传播学类,0,仙林校区,2014-2015学年 第1学期,59444,逸C-104,0.0,否,,1,32,,0,0,理解新闻,17,第5节-第6节,逸夫楼C区,05010350
16.0,400040,实践中的马克思主义新闻观（一）(20141-05010360A-1),2014105010360A59477,,3,,63,2-18周(双),0,"Ken Ellingwood,丁柏铨",2-18周(双) 周一 第9节-第10节 仙Ⅱ-212,1.0,新闻传播学院,否,理论类课程,周一,2014-2015-1,,2014105010360A59477,"2013新闻传播学院新闻学,2013新闻传播学院广播电视学",0,仙林校区,2014-2015学年 第1学期,59477,仙Ⅱ-212,0.0,否,,1,16,,0,0,实践中的马克思主义新闻观（一）,12,第9节-第10节,仙II区,05010360A
16.0,400040,新闻理论与实践(20141-05010370-1),201410501037059850,,1,,121,1-17周(单),0,蒋恩铭,1-17周(单) 周三 第9节-第10节 ,1.0,新闻传播学院,否,理论类课程,周三,2014-2015-1,,201410501037059850,2013新闻传播学院新闻学,0,鼓楼校区,2014-2015学年 第1学期,59850,费彝民楼,0.0,否,,1,18,,0,0,新闻理论与实践,,第9节-第10节,,05010370
48.0,400040,基础新闻采写（一）(20141-05010430A-1),2014105010430A59593,,3,,70,1-18周,0,周海燕,1-18周 周五 第5节-第7节 仙Ⅱ-213,3.0,新闻传播学院,否,理论+实践课程,周五,2014-2015-1,,2014105010430A59593,"2013新闻传播学院新闻学,2013新闻传播学院广播电视学",0,仙林校区,2014-2015学年 第1学期,59593,仙Ⅱ-213,0.0,否,,5,24,,24,0,基础新闻采写（一）,12,第5节-第7节,仙II区,05010430A
32.0,400040,中外广告史(20141-05020020-1),201410502002059597,,3,,40,1-18周,0,夏文蓉,1-18周 周四 第3节-第4节 逸B-210,2.0,新闻传播学院,否,理论类课程,周四,2014-2015-1,,201410502002059597,2013新闻传播学院广告学,0,仙林校区,2014-2015学年 第1学期,59597,逸B-210,0.0,否,,1,32,,0,0,全球广告通史,16,第3节-第4节,逸夫楼B区,05020020
32.0,400040,广告策划与创意（上）(20141-05020040A-1),2014105020040A59600,,3,,45,1-18周,0,蒋旭峰,1-18周 周五 第1节-第2节 逸B-210,2.0,新闻传播学院,否,理论类课程,周五,2014-2015-1,,2014105020040A59600,2013新闻传播学院广告学,0,仙林校区,2014-2015学年 第1学期,59600,逸B-210,0.0,否,,1,32,,0,0,广告策划与创意（上）,16,第1节-第2节,逸夫楼B区,05020040A
32.0,400040,广告文案写作(20141-05020050-1),201410502005059601,,3,,41,1-18周,0,胡菡菡,1-18周 周五 第3节-第4节 逸B-210,2.0,新闻传播学院,否,理论+实践课程,周五,2014-2015-1,,201410502005059601,2013新闻传播学院广告学,0,仙林校区,2014-2015学年 第1学期,59601,逸B-210,0.0,否,,5,20,,12,0,智能时代的广告创意和写作,16,第3节-第4节,逸夫楼B区,05020050
32.0,400040,广告媒介策划(20141-05020060-1),201410502006059705,,3,,36,1-18周,0,胡菡菡,1-18周 周二 第5节-第6节 逸B-209,2.0,新闻传播学院,否,理论类课程,周二,2014-2015-1,,201410502006059705,2012新闻传播学院广告学,0,仙林校区,2014-2015学年 第1学期,59705,逸B-209,0.0,否,,1,32,,0,0,广告媒介策划,16,第5节-第6节,逸夫楼B区,05020060
32.0,400040,市场营销学(20141-05020090-1),201410502009059605,,3,,83,1-18周,0,郑丽勇,1-18周 周三 第1节-第2节 仙Ⅱ-212,2.0,新闻传播学院,否,理论类课程,周三,2014-2015-1,,201410502009059605,"2012新闻传播学院新闻学（记者班）,2013新闻传播学院广告学",0,仙林校区,2014-2015学年 第1学期,59605,仙Ⅱ-212,0.0,否,,1,32,,0,0,市场营销学,12,第1节-第2节,仙II区,05020090
32.0,400040,整合营销传播(20141-05020140-1),201410502014059707,,3,,37,1-18周,0,蒋旭峰,1-18周 周五 第3节-第4节 逸B-111,2.0,新闻传播学院,否,理论类课程,周五,2014-2015-1,,201410502014059707,2012新闻传播学院广告学,0,仙林校区,2014-2015学年 第1学期,59707,逸B-111,0.0,否,,1,32,,0,0,整合营销传播,16,第3节-第4节,逸夫楼B区,05020140
32.0,400040,广告决策与管理(20141-05020150-1),201410502015059712,,3,,5,,0,,,2.0,新闻传播学院,否,理论类课程,,2014-2015-1,,201410502015059712,,0,仙林校区,2014-2015学年 第1学期,59712,,0.0,否,,1,32,,0,0,广告决策与管理,,,,05020150
32.0,400040,广告制作(20141-05020190-1),201410502019059715,,1,,17,1-18周,0,外聘,1-18周 周三 第6节-第7节 ,2.0,新闻传播学院,否,,周三,2014-2015-1,,201410502019059715,2012新闻传播学院广告学,0,鼓楼校区,2014-2015学年 第1学期,59715,费彝民楼A530,,否,,,,,,0,广告制作,,第6节-第7节,,05020190
32.0,400040,广告视听艺术(20141-05020240-1),201410502024059721,,3,,24,1-18周,0,张静,1-18周 周一 第3节-第4节 逸B-209,2.0,新闻传播学院,否,理论类课程,周一,2014-2015-1,,201410502024059721,2012新闻传播学院广告学,0,仙林校区,2014-2015学年 第1学期,59721,逸B-209,0.0,否,,1,32,,0,0,广告视听艺术,16,第3节-第4节,逸夫楼B区,05020240
32.0,400040,新媒体传播与应用(20141-05020420-1),201410502042059751,,3,,38,1-18周,0,巢乃鹏,1-18周 周一 第5节-第6节 逸B-301,2.0,新闻传播学院,否,理论类课程,周一,2014-2015-1,,201410502042059751,2013新闻传播学院新闻学（记者班）,0,仙林校区,2014-2015学年 第1学期,59751,逸B-301,0.0,否,,1,32,,0,0,新媒体传播与应用,16,第5节-第6节,逸夫楼B区,05020420
32.0,400040,电子商务(20141-05020460-1),201410502046059727,,3,,5,,0,,,2.0,新闻传播学院,否,理论类课程,,2014-2015-1,,201410502046059727,,0,仙林校区,2014-2015学年 第1学期,59727,,0.0,否,,1,32,,0,0,电子商务,,,,05020460
32.0,400040,统计软件应用(20141-05020500-1),201410502050059678,,3,,9,1-18周,0,李明,1-18周 周一 第5节-第6节 仙Ⅱ-102,2.0,新闻传播学院,否,理论类课程,周一,2014-2015-1,,201410502050059678,"2012新闻传播学院新闻学,2012新闻传播学院广播电视新闻学,2012新闻传播学院广告学",0,仙林校区,2014-2015学年 第1学期,59678,仙Ⅱ-102,16.0,否,,1,16,,0,0,统计软件应用,12,第5节-第6节,仙II区,05020500
32.0,400040,社会心理学(20141-05020510-1),201410502051059679,,3,,125,1-18周,0,胡翼青,1-18周 周五 第1节-第2节 仙Ⅰ-207,2.0,新闻传播学院,否,理论类课程,周五,2014-2015-1,,201410502051059679,"2012新闻传播学院新闻学,2013新闻传播学院新闻学（记者班）,2012新闻传播学院广播电视新闻学,2012新闻传播学院广告学",0,仙林校区,2014-2015学年 第1学期,59679,仙Ⅰ-207,0.0,否,,1,32,,0,0,社会心理学,11,第1节-第2节,仙I区,05020510
32.0,400040,艺术概论(20141-05020520-1),201410502052059612,,3,,22,1-18周,0,张静,1-18周 周一 第1节-第2节 逸B-210,2.0,新闻传播学院,否,理论类课程,周一,2014-2015-1,,201410502052059612,2013新闻传播学院广告学,0,仙林校区,2014-2015学年 第1学期,59612,逸B-210,0.0,否,,1,32,,0,0,艺术概论,16,第1节-第2节,逸夫楼B区,05020520
32.0,400040,中外美术史(20141-05020530-1),201410502053059616,,3,,33,1-18周,0,张瑜,1-18周 周三 第5节-第6节 逸B-210,2.0,新闻传播学院,否,理论类课程,周三,2014-2015-1,,201410502053059616,2013新闻传播学院广告学,0,仙林校区,2014-2015学年 第1学期,59616,逸B-210,0.0,否,,1,32,,0,0,中外美术史,16,第5节-第6节,逸夫楼B区,05020530
32.0,400040,社会学(20141-05020540-1),201410502054059448,,3,,121,4-18周,0,郑欣,4-18周 周一 第5节-第6节 仙Ⅱ-303,2.0,新闻传播学院,否,理论类课程,周一,2014-2015-1,,201410502054059448,2014新闻传播学院新闻传播学类,0,仙林校区,2014-2015学年 第1学期,59448,仙Ⅱ-303,0.0,否,,1,32,,0,0,社会学,12,第5节-第6节,仙II区,05020540
32.0,400040,社会学(20141-05020540-1),201410502054059750,,3,,72,1-18周,0,外聘,1-18周 周一 第1节-第2节 逸B-303,2.0,新闻传播学院,否,理论类课程,周一,2014-2015-1,,201410502054059750,"2012新闻传播学院新闻学（记者班）,2013新闻传播学院新闻学（记者班）",0,仙林校区,2014-2015学年 第1学期,59750,逸B-303,0.0,否,,1,32,,0,0,社会学,16,第1节-第2节,逸夫楼B区,05020540
16.0,400040,奥美创意作品赏析(20141-05020560-1),201410502056059620,,3,,38,1-18周,0,胡菡菡,1-18周 周二 第7节-第8节 逸B-210,1.0,新闻传播学院,否,理论类课程,周二,2014-2015-1,,201410502056059620,2013新闻传播学院广告学,0,仙林校区,2014-2015学年 第1学期,59620,逸B-210,0.0,否,,1,16,,0,0,奥美创意作品赏析,16,第7节-第8节,逸夫楼B区,05020560
32.0,400040,影视广告制作(20141-05020580-1),201410502058059731,,3,,28,1-18周,0,尤浩,1-18周 周四 第5节-第6节 逸B-209,2.0,新闻传播学院,否,,周四,2014-2015-1,,201410502058059731,"2012新闻传播学院广告学,2012新闻传播学院广播电视新闻学",0,仙林校区,2014-2015学年 第1学期,59731,逸B-209,,否,,,,,,0,影视广告制作,16,第5节-第6节,逸夫楼B区,05020580
32.0,400040,社会研究方法（一）(20141-05020590A-1),2014105020590A59576,,3,,54,1-18周,0,"李明,郑欣",1-18周 周一 第7节-第8节 逸B-111,2.0,新闻传播学院,否,理论+实验课程,周一,2014-2015-1,,2014105020590A59576,"2013新闻传播学院新闻学,2013新闻传播学院广播电视学,2013新闻传播学院广告学",0,仙林校区,2014-2015学年 第1学期,59576,逸B-111,,否,,6,22,,10,0,社会研究方法（一）,16,第7节-第8节,逸夫楼B区,05020590A
32.0,400040,专业导学——看广告,201410502061059452,,3,,33,4-18周,0,胡菡菡,4-18周 周五 第5节-第6节 逸B-201,2.0,新闻传播学院,否,理论类课程,周五,2014-2015-1,,201410502061059452,2014新闻传播学院新闻传播学类,0,仙林校区,2014-2015学年 第1学期,59452,逸B-201,0.0,否,,1,32,,0,0,专业导学——看广告,16,第5节-第6节,逸夫楼B区,05020610
32.0,400040,图像传播学(20141-05030040-1),201410503004059682,,3,,59,1-18周,0,韩丛耀,1-18周 周一 第1节-第2节 逸B-205,2.0,新闻传播学院,否,理论类课程,周一,2014-2015-1,,201410503004059682,"2012新闻传播学院新闻学,2012新闻传播学院广播电视新闻学,2012新闻传播学院广告学",0,仙林校区,2014-2015学年 第1学期,59682,逸B-205,0.0,否,,1,32,,0,0,图像传播学,16,第1节-第2节,逸夫楼B区,05030040
32.0,400040,媒介环境学(20141-05030050-1),201410503005059621,,3,,77,1-18周,0,秦州,1-18周 周二 第5节-第6节 仙Ⅱ-420,2.0,新闻传播学院,否,理论类课程,周二,2014-2015-1,,201410503005059621,"2012新闻传播学院新闻学（记者班）,2013新闻传播学院广播电视学,2013新闻传播学院广告学",0,仙林校区,2014-2015学年 第1学期,59621,仙Ⅱ-420,0.0,否,,1,32,,0,0,媒介环境学,12,第5节-第6节,仙II区,05030050
32.0,400040,影视美学(20141-05030140-1),201410503014059683,,3,,149,1-18周,0,朱丽丽,1-18周 周二 第1节-第2节 仙Ⅰ-207,2.0,新闻传播学院,否,理论类课程,周二,2014-2015-1,,201410503014059683,"2012新闻传播学院新闻学,2013新闻传播学院新闻学（记者班）,2012新闻传播学院新闻学（记者班）,2012新闻传播学院广播电视新闻学,2012新闻传播学院广告学",0,仙林校区,2014-2015学年 第1学期,59683,仙Ⅰ-207,0.0,否,,1,32,,0,0,影视美学,11,第1节-第2节,仙I区,05030140
32.0,400040,新媒体传播(20141-05030190-1),201410503019059737,,3,,21,1-18周,0,巢乃鹏,1-18周 周三 第3节-第4节 逸B-201,2.0,新闻传播学院,否,理论类课程,周三,2014-2015-1,,201410503019059737,2012新闻传播学院广播电视新闻学,0,仙林校区,2014-2015学年 第1学期,59737,逸B-201,0.0,否,,1,32,,0,0,新媒体与社会,16,第3节-第4节,逸夫楼B区,05030190
32.0,400040,深度报道(20141-05030200-1),201410503020059745,,3,,35,1-18周,0,"杜骏飞,胡翼青",1-18周 周二 第5节-第6节 逸B-201,2.0,新闻传播学院,否,理论+实践课程,周二,2014-2015-1,,201410503020059745,2012新闻传播学院广播电视新闻学,0,仙林校区,2014-2015学年 第1学期,59745,逸B-201,0.0,否,,5,24,,8,0,深度报道,16,第5节-第6节,逸夫楼B区,05030200
32.0,400040,电视节目形态(20141-05030230-1),201410503023059741,,3,,23,1-18周,0,张红军,1-18周 周五 第3节-第4节 逸B-201,2.0,新闻传播学院,否,理论类课程,周五,2014-2015-1,,201410503023059741,2012新闻传播学院广播电视新闻学,0,仙林校区,2014-2015学年 第1学期,59741,逸B-201,0.0,否,,1,32,,0,0,电视节目形态,16,第3节-第4节,逸夫楼B区,05030230
32.0,400040,电视纪实节目采制(20141-05030240-1),201410503024059580,,3,,56,1-18周,0,王辉,1-18周 周四 第3节-第4节 仙Ⅱ-212,2.0,新闻传播学院,否,,周四,2014-2015-1,,201410503024059580,"2013新闻传播学院新闻学,2013新闻传播学院广播电视学",0,仙林校区,2014-2015学年 第1学期,59580,仙Ⅱ-212,,否,,,,,,0,电视纪实节目采制,12,第3节-第4节,仙II区,05030240
32.0,400040,美学与中外艺术(20141-05030380-1),201410503038059584,,3,,186,1-18周,0,潘知常,1-18周 周一 第3节-第4节 逸B-212,2.0,新闻传播学院,否,理论类课程,周一,2014-2015-1,,201410503038059584,"2012新闻传播学院新闻学（记者班）,2013新闻传播学院广播电视学,2013新闻传播学院新闻学（记者班）,2013新闻传播学院广告学,2013新闻传播学院新闻学",0,仙林校区,2014-2015学年 第1学期,59584,逸B-212,0.0,否,,1,32,,0,0,美学与中外艺术,16,第3节-第4节,逸夫楼B区,05030380
32.0,400040,电视摄像(20141-05030480-1),201410503048059588,,3,,68,1-18周,0,李晓峰,1-18周 周三 第3节-第4节 仙Ⅱ-110,2.0,新闻传播学院,否,,周三,2014-2015-1,,201410503048059588,"2013新闻传播学院新闻学,2013新闻传播学院广播电视学",0,仙林校区,2014-2015学年 第1学期,59588,仙Ⅱ-110,,否,,,,,,0,电视摄像,12,第3节-第4节,仙II区,05030480
16.0,400040,江苏广电讲坛(20141-05030490-1),201410503049059591,,3,,125,1-18周,0,张红军,1-18周 周四 第9节-第10节 仙Ⅰ-204,1.0,新闻传播学院,否,理论类课程,周四,2014-2015-1,,201410503049059591,"2012新闻传播学院新闻学,2013新闻传播学院广播电视学,2013新闻传播学院新闻学,2012新闻传播学院广播电视新闻学",0,仙林校区,2014-2015学年 第1学期,59591,仙Ⅰ-204,0.0,否,,1,16,,0,0,江苏广电讲坛,11,第9节-第10节,仙I区,05030490
32.0,400040,专业导学——看电视,201410503050059456,,3,,32,4-18周,0,张红军,4-18周 周五 第5节-第6节 逸B-202,2.0,新闻传播学院,否,理论类课程,周五,2014-2015-1,,201410503050059456,2014新闻传播学院新闻传播学类,0,仙林校区,2014-2015学年 第1学期,59456,逸B-202,0.0,否,,1,32,,0,0,专业导学——看电视,16,第5节-第6节,逸夫楼B区,05030500
32.0,400040,电视主持与评论(20141-05030560-1),201410503056059624,,3,,26,1-18周,0,周凯,1-18周 周三 第5节-第6节 逸B-201,2.0,新闻传播学院,否,理论类课程,周三,2014-2015-1,,201410503056059624,2013新闻传播学院广播电视学,0,仙林校区,2014-2015学年 第1学期,59624,逸B-201,0.0,否,,1,32,,0,0,电视主持与评论,16,第5节-第6节,逸夫楼B区,05030560
32.0,400040,新媒体视频研发制作(20141-05030570-1),201410503057059687,,3,,44,1-18周,0,李晓峰,1-18周 周三 第1节-第2节 仙Ⅱ-110,2.0,新闻传播学院,否,,周三,2014-2015-1,,201410503057059687,"2012新闻传播学院新闻学,2012新闻传播学院广播电视新闻学,2012新闻传播学院广告学",0,仙林校区,2014-2015学年 第1学期,59687,仙Ⅱ-110,,否,,,,,,0,新媒体视频研发制作,12,第1节-第2节,仙II区,05030570
32.0,400040,体育专业英语（上）(20141-05040020A-1),2014105040020A59770,,3,,16,1-18周,0,王乔亮,1-18周 周五 第3节-第4节 逸B-208,2.0,新闻传播学院,否,理论类课程,周五,2014-2015-1,,2014105040020A59770,2012新闻传播学院新闻学（运动员班）,0,仙林校区,2014-2015学年 第1学期,59770,逸B-208,0.0,否,,1,32,,0,0,体育专业英语（上）,16,第3节-第4节,逸夫楼B区,05040020A
16.0,400040,体育训练(5)(20141-05040040E-1),2014105040040E59768,,3,,15,,0,,,1.0,新闻传播学院,否,实践类课程,,2014-2015-1,,2014105040040E59768,2012新闻传播学院新闻学（运动员班）,0,仙林校区,2014-2015学年 第1学期,59768,,0.0,否,,3,0,,16,0,体育训练(5),,,,05040040E
32.0,400040,新闻文化学(20141-05050010-1),201410505001059749,,3,,38,1-18周,0,陈堂发,1-18周 周四 第3节-第4节 逸B-301,2.0,新闻传播学院,否,理论类课程,周四,2014-2015-1,,201410505001059749,2013新闻传播学院新闻学（记者班）,0,仙林校区,2014-2015学年 第1学期,59749,逸B-301,0.0,否,,1,32,,0,0,新闻文化学,16,第3节-第4节,逸夫楼B区,05050010
32.0,400080,当代中国政府与政治(20141-06000000-1),201410600000059585,,3,,152,4-18周,0,闾小波,4-18周 周二 第3节-第4节 图书馆127,2.0,政府管理学院,否,理论类课程,周二,2014-2015-1,,201410600000059585,2014政府管理学院行政管理（运动员班）,0,仙林校区,2014-2015学年 第1学期,59585,图书馆127,0.0,否,,1,32,,0,0,当代中国政府与政治,18,第3节-第4节,图书馆,06000000
32.0,400080,公共管理导论(20141-06000010-1),201410600001059586,,3,,153,4-18周,0,黄健荣,4-18周 周三 第3节-第4节 图书馆127,2.0,政府管理学院,否,理论类课程,周三,2014-2015-1,,201410600001059586,2014政府管理学院行政管理（运动员班）,0,仙林校区,2014-2015学年 第1学期,59586,图书馆127,0.0,否,,1,32,,0,0,公共管理导论,18,第3节-第4节,图书馆,06000010
32.0,400080,社会学原理(20141-06000020-1),201410600002059587,,3,,149,4-18周,0,"严新明,童星",4-18周 周四 第3节-第4节 图书馆127,2.0,政府管理学院,否,理论类课程,周四,2014-2015-1,,201410600002059587,2014政府管理学院行政管理（运动员班）,0,仙林校区,2014-2015学年 第1学期,59587,图书馆127,0.0,否,,1,32,,0,0,社会学原理,18,第3节-第4节,图书馆,06000020
48.0,400080,经济学原理(20141-06000060-1),201410600006059632,,3,,103,1-18周,0,刘丹鹭,1-18周 周五 第5节-第7节 逸B-405,3.0,政府管理学院,否,理论类课程,周五,2014-2015-1,,201410600006059632,"2013政府管理学院行政管理,2013政府管理学院行政管理（劳动与社会保障）",0,仙林校区,2014-2015学年 第1学期,59632,逸B-405,0.0,否,,1,48,,0,0,经济学原理,16,第5节-第7节,逸夫楼B区,06000060
48.0,400080,比较行政体制,201410600007059589,,3,,116,1-18周,0,"魏姝,严强",1-18周 周一 第5节-第7节 仙Ⅰ-207,3.0,政府管理学院,否,理论类课程,周一,2014-2015-1,,201410600007059589,"2013政府管理学院政治学与行政学,2013政府管理学院行政管理（劳动与社会保障）,2013政府管理学院国际政治,2013政府管理学院行政管理",0,仙林校区,2014-2015学年 第1学期,59589,仙Ⅰ-207,0.0,否,,1,48,,0,0,比较行政体制,11,第5节-第7节,仙I区,06000070
32.0,400080,社会保障概论(20141-06000080-1),201410600008059636,,3,,92,1-18周,0,周沛,1-18周 周三 第5节-第7节 逸B-405,2.0,政府管理学院,否,理论类课程,周三,2014-2015-1,,201410600008059636,"2013政府管理学院行政管理,2013政府管理学院行政管理（劳动与社会保障）",0,仙林校区,2014-2015学年 第1学期,59636,逸B-405,0.0,否,,1,32,,0,0,社会保障概论,16,第5节-第7节,逸夫楼B区,06000080
48.0,400080,西方政治思想史(20141-06000090-1),201410600009059595,,3,,33,1-18周,0,韩伟华,1-18周 周三 第5节-第7节 逸A-212,3.0,政府管理学院,否,理论类课程,周三,2014-2015-1,,201410600009059595,"2013政府管理学院政治学与行政学,2013政府管理学院国际政治",0,仙林校区,2014-2015学年 第1学期,59595,逸A-212,0.0,否,,1,48,,0,0,西方政治思想史1,15,第5节-第7节,逸夫楼A区,06000090
32.0,400080,中国政治制度史(20141-06000110-1),201410600011059599,,3,,32,1-18周,0,李里峰,1-18周 周四 第5节-第7节 仙Ⅱ-116,2.0,政府管理学院,否,理论类课程,周四,2014-2015-1,,201410600011059599,"2013政府管理学院政治学与行政学,2013政府管理学院国际政治",0,仙林校区,2014-2015学年 第1学期,59599,仙Ⅱ-116,0.0,否,,1,32,,0,0,中国政治制度史,12,第5节-第7节,仙II区,06000110
32.0,400080,宪法学(20141-06000120-1),201410600012059603,,3,,126,1-18周,0,徐国利,1-18周 周二 第3节-第4节 仙Ⅱ-403,2.0,政府管理学院,否,理论类课程,周二,2014-2015-1,,201410600012059603,"2013政府管理学院政治学与行政学,2013政府管理学院行政管理（劳动与社会保障）,2013政府管理学院国际政治,2013政府管理学院行政管理",0,仙林校区,2014-2015学年 第1学期,59603,仙Ⅱ-403,0.0,否,,1,32,,0,0,宪法学,12,第3节-第4节,仙II区,06000120
32.0,400080,政治社会学(20141-06010030-1),201410601003059638,,3,,21,1-18周,0,李里峰,1-18周 周三 第5节-第6节 逸C-204,2.0,政府管理学院,否,理论类课程,周三,2014-2015-1,,201410601003059638,"2012政府管理学院政治学与行政学,2012政府管理学院国际政治",0,仙林校区,2014-2015学年 第1学期,59638,逸C-204,0.0,否,,1,32,,0,0,政治社会学,17,第5节-第6节,逸夫楼C区,06010030
32.0,400080,比较政治制度(20141-06010040-1),201410601004059644,,3,,20,1-18周,0,"王云骏,姚远",1-18周 周二 第3节-第4节 逸C-204,2.0,政府管理学院,否,理论类课程,周二,2014-2015-1,,201410601004059644,"2012政府管理学院政治学与行政学,2012政府管理学院国际政治",0,仙林校区,2014-2015学年 第1学期,59644,逸C-204,0.0,否,,1,32,,0,0,比较政治学,17,第3节-第4节,逸夫楼C区,06010040
32.0,400080,中外政治文化比较(20141-06010050-1),201410601005059646,,3,,21,1-18周,0,王建华,1-18周 周五 第3节-第4节 逸C-203,2.0,政府管理学院,否,理论类课程,周五,2014-2015-1,,201410601005059646,"2012政府管理学院政治学与行政学,2012政府管理学院国际政治",0,仙林校区,2014-2015学年 第1学期,59646,逸C-203,0.0,否,,1,32,,0,0,中外政治文化比较,17,第3节-第4节,逸夫楼C区,06010050
32.0,400080,政治学专业英语(20141-06010200-1),201410601020059652,,3,,6,1-18周,0,吴心喆,1-18周 周二 第5节-第6节 ,2.0,政府管理学院,否,理论类课程,周二,2014-2015-1,,201410601020059652,2012政府管理学院政治学与行政学,0,仙林校区,2014-2015学年 第1学期,59652,圣达楼104,0.0,否,,1,32,,0,0,政治学专业英语,,第5节-第6节,,06010200
32.0,400080,政治心理学(20141-06010220-1),201410601022059738,,3,,28,1-18周,0,王海洲,1-18周 周三 第3节-第4节 逸C-210,2.0,政府管理学院,否,理论+实践课程,周三,2014-2015-1,,201410601022059738,"2011政府管理学院政治学与行政学,2011政府管理学院行政管理（运动员班）,2011政府管理学院国际政治",0,仙林校区,2014-2015学年 第1学期,59738,逸C-210,0.0,否,,5,30,,2,0,政治心理学,17,第3节-第4节,逸夫楼C区,06010220
16.0,400080,体育训练（1）(20141-06010360A-1),2014106010360A61355,,1,,14,,0,,,1.0,政府管理学院,否,实践类课程,,2014-2015-1,,2014106010360A61355,2014政府管理学院行政管理（运动员班）,0,鼓楼校区,2014-2015学年 第1学期,61355,,0.0,否,,3,0,,16,0,体育训练（1）,,,,06010360A
16.0,400080,体育训练（7）(20141-06010360G-1),2014106010360G60621,,1,,26,,0,,,1.0,政府管理学院,否,实践类课程,,2014-2015-1,,2014106010360G60621,2011政府管理学院行政管理（运动员班）,0,鼓楼校区,2014-2015学年 第1学期,60621,,0.0,否,,3,0,,16,0,体育训练（7）,,,,06010360G
48.0,400080,保险精算(20141-06020020-1),201410602002059717,,3,,32,1-18周,0,范克新,1-18周 周三 第5节-第7节 仙Ⅱ-301,3.0,政府管理学院,否,理论类课程,周三,2014-2015-1,,201410602002059717,2012政府管理学院行政管理（劳动与社会保障）,0,仙林校区,2014-2015学年 第1学期,59717,仙Ⅱ-301,0.0,否,,1,48,,0,0,保险精算,12,第5节-第7节,仙II区,06020020
48.0,400080,社会保障基金管理(20141-06020040-1),201410602004059722,,3,,0,,0,,,3.0,政府管理学院,否,理论类课程,,2014-2015-1,,201410602004059722,,0,仙林校区,2014-2015学年 第1学期,59722,,0.0,否,,1,48,,0,0,社会保障基金管理,,,,06020040
32.0,400080,养老保险与企业年金(20141-06020250-1),201410602025060339,,3,,31,1-18周,0,周文幸,1-18周 周二 第3节-第4节 仙Ⅱ-401,2.0,政府管理学院,否,理论类课程,周二,2014-2015-1,,201410602025060339,"2011政府管理学院行政管理（劳动与社会保障）,2011政府管理学院行政管理（运动员班）",0,仙林校区,2014-2015学年 第1学期,60339,仙Ⅱ-401,0.0,否,,1,32,,0,0,养老保险与企业年金,12,第3节-第4节,仙II区,06020250
32.0,400080,劳动关系(20141-06020320-1),201410602032059753,,3,,8,1-18周,0,朱国云,1-18周 周四 第5节-第6节 仙Ⅱ-301,2.0,政府管理学院,否,理论类课程,周四,2014-2015-1,,201410602032059753,2011政府管理学院行政管理（劳动与社会保障）,0,仙林校区,2014-2015学年 第1学期,59753,仙Ⅱ-301,0.0,否,,1,32,,0,0,劳动关系,12,第5节-第6节,仙II区,06020320
32.0,400080,灾害救助政策(20141-06020350-1),201410602035060204,,3,,24,1-18周,0,陶鹏,1-18周 周四 第3节-第4节 仙Ⅱ-301,2.0,政府管理学院,否,理论类课程,周四,2014-2015-1,,201410602035060204,"2011政府管理学院行政管理（劳动与社会保障）,2011政府管理学院行政管理（运动员班）",0,仙林校区,2014-2015学年 第1学期,60204,仙Ⅱ-301,0.0,否,,1,32,,0,0,灾害救助政策,12,第3节-第4节,仙II区,06020350
32.0,400080,公共财政与预算管理 (20141-06040030-1),201410604003059655,,3,,90,,0,,,2.0,政府管理学院,否,理论类课程,,2014-2015-1,,201410604003059655,,0,仙林校区,2014-2015学年 第1学期,59655,,0.0,否,,1,32,,0,0,公共财政与预算管理 ,,,,06040030
48.0,400080,行政法(20141-06040040-1),201410604004059689,,3,,72,1-18周,0,徐国利,1-18周 周二 第5节-第7节 仙Ⅰ-213,3.0,政府管理学院,否,理论类课程,周二,2014-2015-1,,201410604004059689,2012政府管理学院行政管理,0,仙林校区,2014-2015学年 第1学期,59689,仙Ⅰ-213,0.0,否,,1,48,,0,0,行政法,11,第5节-第7节,仙I区,06040040
32.0,400080,行政管理专业英语(20141-06040220-1),201410604022060130,,3,,44,6-18周,0,范春辉,6-18周 周三 第5节-第7节 仙Ⅰ-213,2.0,政府管理学院,否,理论类课程,周三,2014-2015-1,,201410604022060130,"2011政府管理学院行政管理,2012政府管理学院行政管理",0,仙林校区,2014-2015学年 第1学期,60130,仙Ⅰ-213,0.0,否,,1,32,,0,0,行政管理专业英语,11,第5节-第7节,仙I区,06040220
32.0,400080, 政府公共关系理论与实务(20141-06040230-1),201410604023059660,,3,,76,1-18周,0,朱伟,1-18周 周一 第5节-第6节 逸B-205,2.0,政府管理学院,否,理论类课程,周一,2014-2015-1,,201410604023059660,"2012政府管理学院政治学与行政学,2012政府管理学院行政管理（劳动与社会保障）,2012政府管理学院国际政治,2012政府管理学院行政管理",0,仙林校区,2014-2015学年 第1学期,59660,逸B-205,0.0,否,,1,32,,0,0,政府公共关系理论与实务,16,第5节-第6节,逸夫楼B区,06040230
32.0,400080,城市与社区治理(20141-06040250-1),201410604025060454,,3,,36,1-18周,0,姚远,1-18周 周二 第5节-第6节 仙Ⅱ-211,2.0,政府管理学院,否,理论类课程,周二,2014-2015-1,,201410604025060454,"2011政府管理学院政治学与行政学,2011政府管理学院行政管理（劳动与社会保障）,2011政府管理学院国际政治,2011政府管理学院行政管理",0,仙林校区,2014-2015学年 第1学期,60454,仙Ⅱ-211,0.0,否,,1,32,,0,0,城市与社区治理,12,第5节-第6节,仙II区,06040250
32.0,400080,公共部门绩效管理(20141-06040260-1),201410604026059742,,3,,39,1-18周,0,朱伟,1-18周 周一 第3节-第4节 逸B-410,2.0,政府管理学院,否,理论类课程,周一,2014-2015-1,,201410604026059742,"2011政府管理学院政治学与行政学,2011政府管理学院行政管理（运动员班）,2011政府管理学院行政管理（劳动与社会保障）,2011政府管理学院国际政治,2011政府管理学院行政管理",0,仙林校区,2014-2015学年 第1学期,59742,逸B-410,0.0,否,,1,32,,0,0,绩效管理,16,第3节-第4节,逸夫楼B区,06040260
32.0,400080,比较政府体制(20141-06040310-1),201410604031059690,,3,,38,1-18周,0,笪素林,1-18周 周五 第3节-第4节 仙Ⅰ-213,2.0,政府管理学院,否,理论类课程,周五,2014-2015-1,,201410604031059690,2012政府管理学院行政管理,0,仙林校区,2014-2015学年 第1学期,59690,仙Ⅰ-213,0.0,否,,1,32,,0,0,比较政府体制,11,第3节-第4节,仙I区,06040310
32.0,400080,中国行政改革与发展(20141-06040320-1),201410604032059743,,3,,56,1-18周,0,李永刚,1-18周 周五 第3节-第4节 逸B-410,2.0,政府管理学院,否,理论类课程,周五,2014-2015-1,,201410604032059743,"2011政府管理学院政治学与行政学,2011政府管理学院行政管理（劳动与社会保障）,2011政府管理学院国际政治,2011政府管理学院行政管理",0,仙林校区,2014-2015学年 第1学期,59743,逸B-410,0.0,否,,1,32,,0,0,中国行政改革与发展,16,第3节-第4节,逸夫楼B区,06040320
32.0,400080,战后国际关系(20141-06050020-1),201410605002059665,,3,,10,1-18周,0,吕磊,1-18周 周二 第5节-第7节 逸C-209,2.0,政府管理学院,否,理论类课程,周二,2014-2015-1,,201410605002059665,2012政府管理学院国际政治,0,仙林校区,2014-2015学年 第1学期,59665,逸C-209,0.0,否,,1,34,,0,0,战后国际关系,17,第5节-第7节,逸夫楼C区,06050020
32.0,400080,中国对外关系史(20141-06050030-1),201410605003059667,,3,,10,1-18周,0,赵光锐,1-18周 周一 第3节-第4节 逸C-209,2.0,政府管理学院,否,理论类课程,周一,2014-2015-1,,201410605003059667,2012政府管理学院国际政治,0,仙林校区,2014-2015学年 第1学期,59667,逸C-209,0.0,否,,1,32,,0,0,中国对外关系史,17,第3节-第4节,逸夫楼C区,06050030
32.0,400080,西方国际关系理论(20141-06050040-1),201410605004059661,,3,,33,1-18周,0,刘慧,1-18周 周五 第5节-第6节 逸C-302,2.0,政府管理学院,否,理论类课程,周五,2014-2015-1,,201410605004059661,"2011政府管理学院政治学与行政学,2012政府管理学院国际政治,2012政府管理学院政治学与行政学,2011政府管理学院国际政治",0,仙林校区,2014-2015学年 第1学期,59661,逸C-302,0.0,否,,1,32,,0,0,西方国际关系理论,17,第5节-第6节,逸夫楼C区,06050040
48.0,400080,国际经济学(20141-06050230-1),201410605023059664,,3,,13,1-18周,0,沈伯平,1-18周 周四 第1节-第3节 逸C-205,3.0,政府管理学院,否,理论类课程,周四,2014-2015-1,,201410605023059664,"2012政府管理学院政治学与行政学,2012政府管理学院国际政治",0,仙林校区,2014-2015学年 第1学期,59664,逸C-205,0.0,否,,1,48,,0,0,国际经济学,17,第1节-第3节,逸夫楼C区,06050230
32.0,400080,欧盟研究(20141-06050260-1),201410605026059746,,3,,22,1-18周,0,赵光锐,1-18周 周四 第3节-第4节 仙Ⅱ-110,2.0,政府管理学院,否,理论类课程,周四,2014-2015-1,,201410605026059746,"2011政府管理学院政治学与行政学,2011政府管理学院国际政治,2011政府管理学院行政管理",0,仙林校区,2014-2015学年 第1学期,59746,仙Ⅱ-110,0.0,否,,1,32,,0,0,欧盟研究,12,第3节-第4节,仙II区,06050260
32.0,400080,俄罗斯政治与外交(20141-06050270-1),201410605027059748,,3,,9,1-18周,0,方婷婷,1-18周 周三 第5节-第6节 逸C-205,2.0,政府管理学院,否,理论类课程,周三,2014-2015-1,,201410605027059748,"2011政府管理学院政治学与行政学,2011政府管理学院国际政治",0,仙林校区,2014-2015学年 第1学期,59748,逸C-205,0.0,否,,1,32,,0,0,俄罗斯政治与外交,17,第5节-第6节,逸夫楼C区,06050270
32.0,400090,信息资源管理导论(20141-07000010-1),201410700001059092,,3,,120,4-18周,0,"柯青,孙建军",4-18周 周二 第5节-第6节 仙Ⅱ-304,2.0,信息管理学院,否,理论类课程,周二,2014-2015-1,,201410700001059092,2014信息管理学院信息管理与信息系统,0,仙林校区,2014-2015学年 第1学期,59092,仙Ⅱ-304,0.0,否,,1,32,,0,0,信息资源管理导论,12,第5节-第6节,仙II区,07000010
80.0,400090,信息技术基础(20141-07000020-1),201410700002059094,,3,,105,"4-18周,4-18周,4-18周",0,杨建林,"4-18周 周二 第1节-第2节 逸B-101,4-18周 周二 第3节-第4节 ,4-18周 周四 第1节-第2节 逸B-101",5.0,信息管理学院,否,理论+实验课程,"周二,周二,周四",2014-2015-1,,201410700002059094,2014信息管理学院信息管理与信息系统,0,仙林校区,2014-2015学年 第1学期,59094,"逸B-101,实验楼乙107,逸B-101",0.0,否,,6,0,,0,0,信息技术基础,16,"第1节-第2节,第3节-第4节,第1节-第2节",逸夫楼B区,07000020
48.0,400090,信息组织(上)(20141-07000030A-1),2014107000030A59108,,3,,102,1-18周,0,谭华军,1-18周 周一 第2节-第4节 逸B-104,3.0,信息管理学院,否,理论+实验课程,周一,2014-2015-1,,2014107000030A59108,"2013信息管理学院信息管理与信息系统,2013信息管理学院编辑出版学,2013信息管理学院档案学,2013信息管理学院图书馆学",0,仙林校区,2014-2015学年 第1学期,59108,逸B-104,32.0,否,,6,32,,0,0,信息组织,16,第2节-第4节,逸夫楼B区,07000030A
48.0,400090,信息检索（西文）(20141-07000040B-1),2014107000040B59124,,3,,97,"1-18周,3-18周",0,华薇娜,"1-18周 周三 第5节-第6节 仙Ⅱ-403,3-18周 周三 第7节-第8节 ",3.0,信息管理学院,否,理论+实验课程,"周三,周三",2014-2015-1,,2014107000040B59124,"2013信息管理学院信息管理与信息系统,2013信息管理学院编辑出版学,2013信息管理学院档案学,2013信息管理学院图书馆学",0,仙林校区,2014-2015学年 第1学期,59124,"仙Ⅱ-403,实验楼乙522",,否,,6,,,,0,信息检索（西文）,12,"第5节-第6节,第7节-第8节",仙II区,07000040B
32.0,400090,信息传播技术(20141-07000060-1),201410700006059127,,3,,103,1-18周,0,邵波,1-18周 周四 第1节-第2节 逸B-313,2.0,信息管理学院,否,理论类课程,周四,2014-2015-1,,201410700006059127,"2013信息管理学院信息管理与信息系统,2013信息管理学院编辑出版学,2013信息管理学院档案学,2013信息管理学院图书馆学",0,仙林校区,2014-2015学年 第1学期,59127,逸B-313,0.0,否,,1,48,,0,0,信息传播技术,16,第1节-第2节,逸夫楼B区,07000060
48.0,400090,Internet实用技术(20141-07000080-1),201410700008059756,,3,,62,"1-18周,3-18周",0,"邓三鸿,苏新宁","1-18周 周三 第1节-第2节 仙Ⅱ-215,3-18周 周三 第3节-第4节 ",3.0,信息管理学院,否,理论+实验课程,"周三,周三",2014-2015-1,,201410700008059756,"2012信息管理学院信息管理与信息系统,2012信息管理学院编辑出版学,2012信息管理学院档案学",0,仙林校区,2014-2015学年 第1学期,59756,"仙Ⅱ-215,实验楼乙107",32.0,否,,6,32,,0,0,Web前端设计入门,12,"第1节-第2节,第3节-第4节",仙II区,07000080
64.0,400090,毕业实践(20141-07000190-1),201410700019059848,,3,,100,1-18周,0,,1-18周 自由时间 第1节-第2节 ,4.0,信息管理学院,否,实践类课程,自由时间,2014-2015-1,,201410700019059848,"2011信息管理学院信息管理与信息系统,2011信息管理学院档案学,2011信息管理学院图书馆学",0,仙林校区,2014-2015学年 第1学期,59848,自由地点,0.0,否,,3,0,,128,0,毕业实践,,第1节-第2节,,07000190
32.0,400090,信息经济学(20141-07000230-1),201410700023059136,,3,,17,,0,,,2.0,信息管理学院,否,理论类课程,,2014-2015-1,,201410700023059136,,0,仙林校区,2014-2015学年 第1学期,59136,,0.0,否,,1,32,,0,0,信息经济学,,,,07000230
32.0,400090,信息服务与用户(20141-07000240-1),201410700024059760,,3,,38,1-18周,0,张玥,1-18周 周五 第3节-第4节 仙Ⅱ-215,2.0,信息管理学院,否,理论类课程,周五,2014-2015-1,,201410700024059760,"2012信息管理学院信息管理与信息系统,2012信息管理学院编辑出版学,2012信息管理学院档案学",0,仙林校区,2014-2015学年 第1学期,59760,仙Ⅱ-215,0.0,否,,1,32,,0,0,信息服务与用户,12,第3节-第4节,仙II区,07000240
32.0,400090,信息检索：人文与社会科学(20141-07000270-1),201410700027059796,,3,,36,1-18周,0,"刘千里,沈固朝",1-18周 周三 第5节-第6节 仙Ⅱ-215,2.0,信息管理学院,否,,周三,2014-2015-1,,201410700027059796,"2012信息管理学院信息管理与信息系统,2012信息管理学院编辑出版学,2012信息管理学院档案学",0,仙林校区,2014-2015学年 第1学期,59796,仙Ⅱ-215,0.0,否,,,0,,0,0,信息检索：人文与社会科学,12,第5节-第6节,仙II区,07000270
32.0,400090,保密管理概论(20141-07000340-1),201410700034059139,,3,,47,1-18周,0,"刘千里,沈固朝",1-18周 周三 第3节-第4节 仙Ⅱ-216,2.0,信息管理学院,否,理论类课程,周三,2014-2015-1,,201410700034059139,2013信息管理学院信息管理与信息系统,0,仙林校区,2014-2015学年 第1学期,59139,仙Ⅱ-216,0.0,否,,1,32,,0,0,保密管理概论,12,第3节-第4节,仙II区,07000340
32.0,400090,传播学(20141-07000410-1),201410700041059154,,3,,46,1-18周,0,岳泉,1-18周 周三 第1节-第2节 仙Ⅱ-213,2.0,信息管理学院,否,理论类课程,周三,2014-2015-1,,201410700041059154,"2013信息管理学院信息管理与信息系统,2013信息管理学院编辑出版学,2013信息管理学院档案学,2013信息管理学院图书馆学",0,仙林校区,2014-2015学年 第1学期,59154,仙Ⅱ-213,0.0,否,,1,32,,0,0,传播学,12,第1节-第2节,仙II区,07000410
32.0,400090,知识产权(20141-07000430-1),201410700043059160,,3,,58,1-18周,0,颜祥林,1-18周 周一 第7节-第8节 仙Ⅱ-213,2.0,信息管理学院,否,理论类课程,周一,2014-2015-1,,201410700043059160,"2013信息管理学院信息管理与信息系统,2013信息管理学院编辑出版学,2013信息管理学院档案学,2013信息管理学院图书馆学",0,仙林校区,2014-2015学年 第1学期,59160,仙Ⅱ-213,0.0,否,,1,32,,0,0,知识产权,12,第7节-第8节,仙II区,07000430
32.0,400090,运筹与决策(20141-07000480-1),201410700048059804,,3,,15,1-18周,0,周敏,1-18周 周一 第7节-第8节 仙Ⅱ-109,2.0,信息管理学院,否,理论类课程,周一,2014-2015-1,,201410700048059804,2012信息管理学院信息管理与信息系统,0,仙林校区,2014-2015学年 第1学期,59804,仙Ⅱ-109,0.0,否,,1,32,,0,0,运筹与决策,12,第7节-第8节,仙II区,07000480
64.0,400090,离散数学(20141-07000490-1),201410700049059428,,3,,31,1-18周,0,杨建林,1-18周 周四 第3节-第4节 逸B-302,4.0,信息管理学院,否,理论类课程,周四,2014-2015-1,,201410700049059428,2013信息管理学院信息管理与信息系统,0,仙林校区,2014-2015学年 第1学期,59428,逸B-302,0.0,否,,1,48,,0,0,离散数学,16,第3节-第4节,逸夫楼B区,07000490
32.0,400090,行政法学(20141-07000560-1),201410700056059853,,3,,32,1-11周,0,刘千里,1-11周 周四 第2节-第4节 逸B-202,2.0,信息管理学院,否,理论类课程,周四,2014-2015-1,,201410700056059853,"2011信息管理学院信息管理与信息系统,2011信息管理学院档案学,2011信息管理学院图书馆学",0,仙林校区,2014-2015学年 第1学期,59853,逸B-202,0.0,否,,1,32,,0,0,行政法学,16,第2节-第4节,逸夫楼B区,07000560
32.0,400090,语义网技术及应用(20141-07000580-1),201410700058059807,,3,,8,1-18周,0,虞为,1-18周 周四 第7节-第8节 仙Ⅱ-109,2.0,信息管理学院,否,理论类课程,周四,2014-2015-1,,201410700058059807,"2012信息管理学院信息管理与信息系统,2012信息管理学院编辑出版学,2012信息管理学院档案学",0,仙林校区,2014-2015学年 第1学期,59807,仙Ⅱ-109,0.0,否,,1,32,,0,0,语义网技术及应用,12,第7节-第8节,仙II区,07000580
32.0,400090,图书馆学概论(20141-07010010-1),201410701001059550,,3,,12,1-18周,0,陈雅,1-18周 周二 第3节-第4节 逸B-202,2.0,信息管理学院,否,理论类课程,周二,2014-2015-1,,201410701001059550,2013信息管理学院图书馆学,0,仙林校区,2014-2015学年 第1学期,59550,逸B-202,0.0,否,,1,32,,0,0,图书馆学概论,16,第3节-第4节,逸夫楼B区,07010010
32.0,400090,目录学(20141-07010020-1),201410701002059563,,3,,7,1-18周,0,郑建明,1-18周 周二 第5节-第7节 逸B-202,2.0,信息管理学院,否,理论类课程,周二,2014-2015-1,,201410701002059563,2013信息管理学院图书馆学,0,仙林校区,2014-2015学年 第1学期,59563,逸B-202,0.0,否,,1,32,,0,0,目录学,16,第5节-第7节,逸夫楼B区,07010020
64.0,400090,程序设计语言(20141-07020010-1),201410702001059132,,3,,66,"1-17周(单),1-18周,3-18周",0,成颖,"1-18周 周五 第1节-第2节 仙Ⅱ-214,3-18周 周五 第3节-第4节 ,1-17周(单) 周二 第3节-第4节 仙Ⅱ-214",4.0,信息管理学院,否,理论+实验课程,"周二,周五,周五",2014-2015-1,,201410702001059132,2013信息管理学院信息管理与信息系统,0,仙林校区,2014-2015学年 第1学期,59132,"仙Ⅱ-214,仙Ⅱ-214,实验楼乙107",32.0,否,,6,48,,0,0,程序设计语言,12,"第3节-第4节,第1节-第2节,第3节-第4节",仙II区,07020010
48.0,400090,计算机网络基础(20141-07020040-1),201410702004059733,,3,,72,1-18周,0,成颖,1-18周 周二 第5节-第7节 逸B-207,3.0,信息管理学院,否,理论类课程,周二,2014-2015-1,,201410702004059733,"2012信息管理学院信息管理与信息系统,2013生命科学学院生物科学类,2012信息管理学院编辑出版学,2012信息管理学院档案学",0,仙林校区,2014-2015学年 第1学期,59733,逸B-207,0.0,否,,1,48,,0,0,计算机网络基础,16,第5节-第7节,逸夫楼B区,07020040
32.0,400090,决策支持系统(20141-07020160-1),201410702016059809,,3,,1,1-18周,0,赵宇翔,1-18周 周一 第5节-第6节 仙Ⅱ-109,2.0,信息管理学院,否,理论类课程,周一,2014-2015-1,,201410702016059809,2012信息管理学院信息管理与信息系统,0,仙林校区,2014-2015学年 第1学期,59809,仙Ⅱ-109,0.0,否,,1,32,,0,0,决策支持系统,12,第5节-第6节,仙II区,07020160
32.0,400090,密码学（初级）(20141-07020170-1),201410702017059506,,3,,46,1-18周,0,卢明欣,1-18周 周二 第7节-第8节 仙Ⅱ-102,2.0,信息管理学院,否,理论类课程,周二,2014-2015-1,,201410702017059506,2013信息管理学院信息管理与信息系统,0,仙林校区,2014-2015学年 第1学期,59506,仙Ⅱ-102,0.0,否,,1,32,,0,0,密码学（初级）,12,第7节-第8节,仙II区,07020170
32.0,400090,定密理论与实务(20141-07020190-1),201410702019059811,,3,,44,1-18周,0,邵波,1-18周 周四 第3节-第4节 仙Ⅱ-109,2.0,信息管理学院,否,理论类课程,周四,2014-2015-1,,201410702019059811,2012信息管理学院信息管理与信息系统,0,仙林校区,2014-2015学年 第1学期,59811,仙Ⅱ-109,0.0,否,,1,32,,0,0,定密理论与实务,12,第3节-第4节,仙II区,07020190
32.0,400090,信息隐藏(20141-07020200-1),201410702020059525,,3,,49,1-18周,0,卢明欣,1-18周 周二 第5节-第6节 仙Ⅱ-102,2.0,信息管理学院,否,理论类课程,周二,2014-2015-1,,201410702020059525,2013信息管理学院信息管理与信息系统,0,仙林校区,2014-2015学年 第1学期,59525,仙Ⅱ-102,0.0,否,,1,32,,0,0,保密技术概论,12,第5节-第6节,仙II区,07020200
32.0,400090,信息对抗(20141-07020210-1),201410702021059812,,3,,48,1-18周,0,石进,1-18周 周四 第5节-第6节 仙Ⅱ-109,2.0,信息管理学院,否,理论+实践课程,周四,2014-2015-1,,201410702021059812,2012信息管理学院信息管理与信息系统,0,仙林校区,2014-2015学年 第1学期,59812,仙Ⅱ-109,0.0,否,,5,24,,8,0,软件与系统安全,12,第5节-第6节,仙II区,07020210
32.0,400090,专业英语（信息管理）(20141-07020260-1),201410702026059839,,3,,48,1-11周,0,赵宇翔,1-11周 周一 第2节-第4节 逸B-202,2.0,信息管理学院,否,理论类课程,周一,2014-2015-1,,201410702026059839,2011信息管理学院信息管理与信息系统,0,仙林校区,2014-2015学年 第1学期,59839,逸B-202,0.0,否,,1,32,,0,0,专业英语（信息管理）,16,第2节-第4节,逸夫楼B区,07020260
32.0,400090,档案学概论(20141-07030010-1),201410703001059693,,3,,21,1-18周,0,景红,1-18周 周四 第3节-第4节 逸B-201,2.0,信息管理学院,否,理论类课程,周四,2014-2015-1,,201410703001059693,2013信息管理学院档案学,0,仙林校区,2014-2015学年 第1学期,59693,逸B-201,0.0,否,,1,32,,0,0,档案学概论,16,第3节-第4节,逸夫楼B区,07030010
32.0,400090,科技文件工程学(20141-07030020-1),201410703002059711,,3,,17,1-18周,0,颜祥林,1-18周 周一 第5节-第6节 逸B-201,2.0,信息管理学院,否,理论类课程,周一,2014-2015-1,,201410703002059711,2013信息管理学院档案学,0,仙林校区,2014-2015学年 第1学期,59711,逸B-201,0.0,否,,1,32,,0,0,科技文件工程学,16,第5节-第6节,逸夫楼B区,07030020
32.0,400090,文秘理论与实务(20141-07030050-1),201410703005059823,,3,,14,1-18周,0,谭华军,1-18周 周一 第5节-第6节 仙Ⅱ-111,2.0,信息管理学院,否,理论类课程,周一,2014-2015-1,,201410703005059823,"2012信息管理学院档案学,2012信息管理学院编辑出版学",0,仙林校区,2014-2015学年 第1学期,59823,仙Ⅱ-111,0.0,否,,1,32,,0,0,文秘理论与实务,12,第5节-第6节,仙II区,07030050
32.0,400090,档案文献编纂学(20141-07030080-1),201410703008059825,,3,,13,1-18周,0,罗辉,1-18周 周四 第3节-第4节 逸B-211,2.0,信息管理学院,否,理论类课程,周四,2014-2015-1,,201410703008059825,2012信息管理学院档案学,0,仙林校区,2014-2015学年 第1学期,59825,逸B-211,0.0,否,,1,32,,0,0,档案文献编纂学,16,第3节-第4节,逸夫楼B区,07030080
32.0,400090,档案现代化管理(20141-07030110-1),201410703011059817,,3,,12,1-18周,0,景红,1-18周 周四 第5节-第6节 逸B-211,2.0,信息管理学院,否,理论类课程,周四,2014-2015-1,,201410703011059817,2012信息管理学院档案学,0,仙林校区,2014-2015学年 第1学期,59817,逸B-211,0.0,否,,1,32,,0,0,档案现代化管理,16,第5节-第6节,逸夫楼B区,07030110
32.0,400090,编辑出版学概论(20141-07040010-1),201410704001059718,,3,,16,1-18周,0,张志强,1-18周 周三 第3节-第4节 逸B-208,2.0,信息管理学院,否,理论类课程,周三,2014-2015-1,,201410704001059718,2013信息管理学院编辑出版学,0,仙林校区,2014-2015学年 第1学期,59718,逸B-208,0.0,否,,1,32,,0,0,编辑出版学概论,16,第3节-第4节,逸夫楼B区,07040010
32.0,400090,出版企业管理(20141-07040050-1),201410704005059726,,3,,14,1-18周,0,杨海平,1-18周 周二 第5节-第6节 逸B-208,2.0,信息管理学院,否,理论类课程,周二,2014-2015-1,,201410704005059726,2013信息管理学院编辑出版学,0,仙林校区,2014-2015学年 第1学期,59726,逸B-208,0.0,否,,1,32,,0,0,出版企业管理,16,第5节-第6节,逸夫楼B区,07040050
32.0,400090,出版文化学(20141-07040110-1),201410704011059830,,3,,10,1-18周,0,徐雁,1-18周 周一 第3节-第4节 逸B-208,2.0,信息管理学院,否,理论+实践课程,周一,2014-2015-1,,201410704011059830,2012信息管理学院编辑出版学,0,仙林校区,2014-2015学年 第1学期,59830,逸B-208,0.0,否,,5,30,,2,0,出版文化学,16,第3节-第4节,逸夫楼B区,07040110
32.0,400090,出版市场调研与分析(20141-07040140-1),201410704014059728,,3,,13,1-18周,0,王鹏涛,1-18周 周四 第3节-第4节 逸B-208,2.0,信息管理学院,否,理论类课程,周四,2014-2015-1,,201410704014059728,2013信息管理学院编辑出版学,0,仙林校区,2014-2015学年 第1学期,59728,逸B-208,0.0,否,,1,32,,0,0,出版市场调研与分析,16,第3节-第4节,逸夫楼B区,07040140
32.0,400090,期刊出版与策划(20141-07040220-1),201410704022059833,,3,,15,1-18周,0,王鹏涛,1-18周 周四 第5节-第6节 逸B-208,2.0,信息管理学院,否,理论类课程,周四,2014-2015-1,,201410704022059833,2012信息管理学院编辑出版学,0,仙林校区,2014-2015学年 第1学期,59833,逸B-208,0.0,否,,1,32,,0,0,期刊出版与策划,16,第5节-第6节,逸夫楼B区,07040220
48.0,400100,社会学概论(20141-08000010-1),201410800001059091,,3,,135,4-18周,0,朱力,4-18周 周四 第5节-第7节 仙Ⅱ-503,3.0,社会学院,否,理论类课程,周四,2014-2015-1,,201410800001059091,2013建筑与城市规划学院建筑学,0,仙林校区,2014-2015学年 第1学期,59091,仙Ⅱ-503,0.0,否,,1,48,,0,0,社会学概论,12,第5节-第7节,仙II区,08000010
32.0,400100,人类学概论(20141-08010010-1),201410801001059400,,3,,35,1-18周,0,褚建芳,1-18周 周一 第5节-第6节 逸C-104,2.0,社会学院,否,理论类课程,周一,2014-2015-1,,201410801001059400,"2013社会学院社会学,2013社会学院社会工作",0,仙林校区,2014-2015学年 第1学期,59400,逸C-104,0.0,否,,1,32,,0,0,人类学概论,17,第5节-第6节,逸夫楼C区,08010010
48.0,400100,西方社会学理论（上）(20141-08010040A-1),2014108010040A59211,,3,,38,1-18周,0,成伯清,1-18周 周二 第2节-第4节 逸C-104,3.0,社会学院,否,理论类课程,周二,2014-2015-1,,2014108010040A59211,"2013社会学院社会学,2013社会学院社会工作",0,仙林校区,2014-2015学年 第1学期,59211,逸C-104,0.0,否,,1,48,,0,0,西方社会学理论（上）,17,第2节-第4节,逸夫楼C区,08010040A
48.0,400100,初级社会统计学(20141-08010050-1),201410801005059393,,3,,45,1-18周,0,徐愫,1-18周 周二 第5节-第7节 逸C-104,3.0,社会学院,否,理论类课程,周二,2014-2015-1,,201410801005059393,"2013社会学院社会学,2013社会学院社会工作",0,仙林校区,2014-2015学年 第1学期,59393,逸C-104,0.0,否,,1,48,,0,0,初级社会统计学,17,第5节-第7节,逸夫楼C区,08010050
48.0,400100,中国社会思想史(20141-08010070-1),201410801007059398,,3,,29,1-18周,0,郑震,1-18周 周四 第2节-第4节 逸C-103,3.0,社会学院,否,理论类课程,周四,2014-2015-1,,201410801007059398,2013社会学院社会学,0,仙林校区,2014-2015学年 第1学期,59398,逸C-103,0.0,否,,1,48,,0,0,中国社会思想史,17,第2节-第4节,逸夫楼C区,08010070
48.0,400100,定性研究方法(20141-08010090-1),201410801009059508,,3,,32,1-18周,0,"贺晓星,谢燕清",1-18周 周一 第5节-第7节 逸B-210,3.0,社会学院,否,理论类课程,周一,2014-2015-1,,201410801009059508,2012社会学院社会学,0,仙林校区,2014-2015学年 第1学期,59508,逸B-210,0.0,否,,1,48,,0,0,定性研究方法,16,第5节-第7节,逸夫楼B区,08010090
48.0,400100,经济社会学(20141-08010100-1),201410801010059511,,3,,40,1-18周,0,汪和建,1-18周 周二 第2节-第4节 逸B-111,3.0,社会学院,否,理论类课程,周二,2014-2015-1,,201410801010059511,"2012社会学院社会学,2012社会学院社会工作",0,仙林校区,2014-2015学年 第1学期,59511,逸B-111,0.0,否,,1,48,,0,0,经济社会学,16,第2节-第4节,逸夫楼B区,08010100
32.0,400100,学术研究与论文写作(20141-08010110-1),201410801011059522,,3,,52,1-18周,0,翟学伟,1-18周 周二 第5节-第6节 逸B-303,2.0,社会学院,否,理论类课程,周二,2014-2015-1,,201410801011059522,"2012社会学院社会学,2012社会学院应用心理学,2012社会学院社会工作",0,仙林校区,2014-2015学年 第1学期,59522,逸B-303,0.0,否,,1,32,,0,0,学术研究与论文写作,16,第5节-第6节,逸夫楼B区,08010110
48.0,400100,城市社会学(20141-08010130-1),201410801013059729,,3,,49,1-18周,0,张鸿雁,1-18周 周四 第2节-第4节 逸B-307,3.0,社会学院,否,理论类课程,周四,2014-2015-1,,201410801013059729,"2011社会学院社会学,2011社会学院社会工作",0,仙林校区,2014-2015学年 第1学期,59729,逸B-307,0.0,否,,1,48,,0,0,城市社会学,16,第2节-第4节,逸夫楼B区,08010130
32.0,400100,家庭社会学(20141-08010150-1),201410801015059404,,3,,25,1-18周,0,朱安新,1-18周 周三 第1节-第2节 逸C-104,2.0,社会学院,否,理论类课程,周三,2014-2015-1,,201410801015059404,"2013社会学院社会学,2013社会学院社会工作",0,仙林校区,2014-2015学年 第1学期,59404,逸C-104,0.0,否,,1,32,,0,0,家庭社会学,17,第1节-第2节,逸夫楼C区,08010150
32.0,400100,当代中国家族研究(20141-08010160-1),201410801016059405,,3,,11,1-18周,0,吴作富,1-18周 周五 第5节-第6节 逸C-103,2.0,社会学院,否,理论类课程,周五,2014-2015-1,,201410801016059405,2013社会学院社会学,0,仙林校区,2014-2015学年 第1学期,59405,逸C-103,0.0,否,,1,32,,0,0,当代中国家族研究,17,第5节-第6节,逸夫楼C区,08010160
32.0,400100,环境社会学(20141-08010190-1),201410801019059409,,3,,7,1-18周,0,马道明,1-18周 周四 第5节-第6节 逸C-103,2.0,社会学院,否,理论类课程,周四,2014-2015-1,,201410801019059409,2013社会学院社会学,0,仙林校区,2014-2015学年 第1学期,59409,逸C-103,0.0,否,,1,32,,0,0,环境社会学,17,第5节-第6节,逸夫楼C区,08010190
32.0,400100,文化社会学(20141-08010210-1),201410801021059524,,3,,14,1-18周,0,郑震,1-18周 周四 第5节-第6节 逸B-201,2.0,社会学院,否,理论类课程,周四,2014-2015-1,,201410801021059524,2012社会学院社会学,0,仙林校区,2014-2015学年 第1学期,59524,逸B-201,0.0,否,,1,32,,0,0,文化社会学,16,第5节-第6节,逸夫楼B区,08010210
32.0,400100,教育社会学(20141-08010220-1),201410801022059526,,3,,14,1-18周,0,贺晓星,1-18周 周一 第3节-第4节 逸B-211,2.0,社会学院,否,理论类课程,周一,2014-2015-1,,201410801022059526,2012社会学院社会学,0,仙林校区,2014-2015学年 第1学期,59526,逸B-211,0.0,否,,1,32,,0,0,教育社会学,16,第3节-第4节,逸夫楼B区,08010220
32.0,400100,社会分层与流动(20141-08010230-1),201410801023059528,,3,,11,,0,,,2.0,社会学院,否,理论类课程,,2014-2015-1,,201410801023059528,,0,仙林校区,2014-2015学年 第1学期,59528,,0.0,否,,1,32,,0,0,社会分层与流动,,,,08010230
32.0,400100,社会生态学(20141-08010260-1),201410801026059529,,3,,7,1-18周,0,马道明,1-18周 周四 第3节-第4节 逸C-204,2.0,社会学院,否,理论类课程,周四,2014-2015-1,,201410801026059529,2012社会学院社会学,0,仙林校区,2014-2015学年 第1学期,59529,逸C-204,0.0,否,,1,32,,0,0,人类生态学,17,第3节-第4节,逸夫楼C区,08010260
32.0,400100,西方社会学原著选读(20141-08010320-1),201410801032059732,,3,,5,,0,,,2.0,社会学院,否,理论类课程,,2014-2015-1,,201410801032059732,,0,仙林校区,2014-2015学年 第1学期,59732,,0.0,否,,1,32,,0,0,西方社会学原著选读,,,,08010320
32.0,400100,Globalization & Culture(20141-08010340-1),201410801034059533,,3,,11,1-18周,0,李晟台,1-18周 周三 第1节-第2节 逸B-201,2.0,社会学院,否,理论类课程,周三,2014-2015-1,,201410801034059533,2012社会学院社会学,0,仙林校区,2014-2015学年 第1学期,59533,逸B-201,0.0,否,,1,32,,0,0,Globalization & Culture,16,第1节-第2节,逸夫楼B区,08010340
32.0,400100,文化人类学(20141-08010350-1),201410801035059413,,3,,22,1-18周,0,杨渝东,1-18周 周三 第3节-第4节 逸C-105,2.0,社会学院,否,理论类课程,周三,2014-2015-1,,201410801035059413,2013社会学院社会学,0,仙林校区,2014-2015学年 第1学期,59413,逸C-105,0.0,否,,1,32,,0,0,文化人类学,17,第3节-第4节,逸夫楼C区,08010350
32.0,400100,民俗学(20141-08010360-1),201410801036059534,,3,,23,1-18周,0,谢燕清,1-18周 周五 第5节-第6节 逸B-302,2.0,社会学院,否,理论类课程,周五,2014-2015-1,,201410801036059534,"2012社会学院社会学,2012社会学院应用心理学",0,仙林校区,2014-2015学年 第1学期,59534,逸B-302,0.0,否,,1,32,,0,0,民俗学,16,第5节-第6节,逸夫楼B区,08010360
32.0,400100,人口社会学(20141-08010370-1),201410801037059536,,3,,32,1-18周,0,徐愫,1-18周 周三 第3节-第4节 逸B-303,2.0,社会学院,否,理论类课程,周三,2014-2015-1,,201410801037059536,"2012社会学院社会学,2012社会学院应用心理学,2012社会学院社会工作",0,仙林校区,2014-2015学年 第1学期,59536,逸B-303,0.0,否,,1,32,,0,0,人口社会学,16,第3节-第4节,逸夫楼B区,08010370
32.0,400100,人类学实地考察与写作(20141-08010380-1),201410801038059735,,3,,10,1-18周,0,褚建芳,1-18周 周一 第3节-第4节 逸B-303,2.0,社会学院,否,理论+实践课程,周一,2014-2015-1,,201410801038059735,"2011社会学院社会学,2011社会学院应用心理学",0,仙林校区,2014-2015学年 第1学期,59735,逸B-303,0.0,否,,5,28,,4,0,人类学实地考察与写作,16,第3节-第4节,逸夫楼B区,08010380
32.0,400100,中国社会学史(20141-08010420-1),201410801042059414,,3,,23,1-18周,0,陆远,1-18周 周一 第3节-第4节 逸C-103,2.0,社会学院,否,理论类课程,周一,2014-2015-1,,201410801042059414,2013社会学院社会学,0,仙林校区,2014-2015学年 第1学期,59414,逸C-103,0.0,否,,1,48,,0,0,中国社会学史,17,第3节-第4节,逸夫楼C区,08010420
32.0,400100,中国社会变迁(20141-08010490-1),201410801049059539,,3,,14,"7-10周,7-10周,7-10周",0,David Goodman,"7-10周 周一 第9节-第11节 ,7-10周 周四 第9节-第11节 ,7-10周 周三 第9节-第11节 ",2.0,社会学院,否,理论类课程,"周一,周三,周四",2014-2015-1,,201410801049059539,"2012社会学院社会学,2012社会学院应用心理学,2012社会学院社会工作",0,仙林校区,2014-2015学年 第1学期,59539,"社会学院101室,社会学院101室,社会学院101室",0.0,否,,1,36,,0,0,中国社会变迁,,"第9节-第11节,第9节-第11节,第9节-第11节",,08010490
16.0,400100,日本社会学概论(20141-08010530-1),201410801053061358,,3,,0,"9周,9周,9周",0,朱安新,"9周 周三 第5节-第7节 ,9周 周五 第5节-第7节 ,9周 周四 第5节-第7节 ",1.0,社会学院,否,理论类课程,"周三,周四,周五",2014-2015-1,,201410801053061358,"2011社会学院社会学,2012社会学院应用心理学,2012社会学院社会工作,2012社会学院社会学,2011社会学院应用心理学,2011社会学院社会工作",0,仙林校区,2014-2015学年 第1学期,61358,"社会学院401室,社会学院401室,社会学院401室",0.0,否,,1,16,,0,0,日本社会学概论,,"第5节-第7节,第5节-第7节,第5节-第7节",,08010530
48.0,400100,社会工作行政(20141-08020060-1),201410802006059704,,3,,14,1-18周,0,梁莹,1-18周 周一 第5节-第7节 逸B-208,3.0,社会学院,否,理论+实践课程,周一,2014-2015-1,,201410802006059704,2012社会学院社会工作,0,仙林校区,2014-2015学年 第1学期,59704,逸B-208,0.0,否,,5,44,,4,0,社会工作行政,16,第5节-第7节,逸夫楼B区,08020060
32.0,400100,矫治社会工作(20141-08020100-1),201410802010059425,,3,,15,6-18周,0,刘柳,6-18周 周四 第3节-第4节 逸C-203,2.0,社会学院,否,理论类课程,周四,2014-2015-1,,201410802010059425,2013社会学院社会工作,0,仙林校区,2014-2015学年 第1学期,59425,逸C-203,0.0,否,,1,32,,0,0,矫治社会工作,17,第3节-第4节,逸夫楼C区,08020100
32.0,400100,医务社会工作(20141-08020120-1),201410802012059427,,3,,15,1-18周,0,沈晖,1-18周 周三 第3节-第4节 逸C-203,2.0,社会学院,否,理论+实践课程,周三,2014-2015-1,,201410802012059427,2013社会学院社会工作,0,仙林校区,2014-2015学年 第1学期,59427,逸C-203,0.0,否,,5,30,,2,0,医务社会工作,17,第3节-第4节,逸夫楼C区,08020120
32.0,400100,成长小组（初级）(20141-08020140A-1),2014108020140A59205,,3,,81,4-18周,0,肖萍,4-18周 周四 第3节-第4节 仙Ⅰ-104,2.0,社会学院,否,实践类课程,周四,2014-2015-1,,2014108020140A59205,,0,仙林校区,2014-2015学年 第1学期,59205,仙Ⅰ-104,0.0,否,,3,0,,32,0,成长小组（初级）,11,第3节-第4节,仙I区,08020140A
32.0,400100,成长小组（高级）(20141-08020140B-1),2014108020140B59696,,3,,9,1-18周,0,肖萍,1-18周 周四 第3节-第4节 ,2.0,社会学院,否,实践类课程,周四,2014-2015-1,,2014108020140B59696,2012社会学院社会工作,0,仙林校区,2014-2015学年 第1学期,59696,仙Ⅰ-104,0.0,否,,3,0,,32,0,成长小组（高级）,,第3节-第4节,,08020140B
32.0,400100,社会工作理论(20141-08020170-1),201410802017059430,,3,,14,1-18周,0,翟进,1-18周 周一 第3节-第4节 逸C-203,2.0,社会学院,否,理论类课程,周一,2014-2015-1,,201410802017059430,2013社会学院社会工作,0,仙林校区,2014-2015学年 第1学期,59430,逸C-203,0.0,否,,1,32,,0,0,社会工作理论,17,第3节-第4节,逸夫楼C区,08020170
32.0,400100,社会营销学(20141-08020200-1),201410802020059701,,3,,10,1-18周,0,胡小武,1-18周 周四 第5节-第6节 逸A-212,2.0,社会学院,否,理论类课程,周四,2014-2015-1,,201410802020059701,2012社会学院社会工作,0,仙林校区,2014-2015学年 第1学期,59701,逸A-212,0.0,否,,1,16,,16,0,社会问题与社会营销,15,第5节-第6节,逸夫楼A区,08020200
48.0,400100,社会福利思想(20141-08020260-1),201410802026059426,,3,,19,6-18周,0,刘柳,6-18周 周四 第5节-第7节 逸C-203,3.0,社会学院,否,理论类课程,周四,2014-2015-1,,201410802026059426,2013社会学院社会工作,0,仙林校区,2014-2015学年 第1学期,59426,逸C-203,0.0,否,,1,48,,0,0,社会福利思想,17,第5节-第7节,逸夫楼C区,08020260
48.0,400100,心理统计(20141-08030010-1),201410803001059449,,3,,21,1-18周,0,郭慧玲,1-18周 周四 第5节-第7节 逸C-205,3.0,社会学院,否,理论类课程,周四,2014-2015-1,,201410803001059449,2013社会学院应用心理学,0,仙林校区,2014-2015学年 第1学期,59449,逸C-205,0.0,否,,1,48,,0,0,心理统计,17,第5节-第7节,逸夫楼C区,08030010
48.0,400100,发展心理学(20141-08030020-1),201410803002059463,,3,,22,1-18周,0,张腾霄,1-18周 周二 第5节-第7节 逸C-203,3.0,社会学院,否,理论类课程,周二,2014-2015-1,,201410803002059463,2013社会学院应用心理学,0,仙林校区,2014-2015学年 第1学期,59463,逸C-203,0.0,否,,1,48,,0,0,发展心理学,17,第5节-第7节,逸夫楼C区,08030020
32.0,400100,实验心理学（下）(20141-08030030B-1),2014108030030B59706,,3,,21,"1-17周(单),2-18周(双)",0,耿柳娜,"1-17周(单) 周二 第3节-第4节 逸B-211,2-18周(双) 周二 第3节-第4节 ",2.0,社会学院,否,理论+实验课程,"周二,周二",2014-2015-1,,2014108030030B59706,2012社会学院应用心理学,0,仙林校区,2014-2015学年 第1学期,59706,"逸B-211,社会学院204室、206室",16.0,否,,6,16,,0,0,实验心理学（下）,16,"第3节-第4节,第3节-第4节",逸夫楼B区,08030030B
48.0,400100,认知心理学(20141-08030070-1),201410803007059709,,3,,46,1-18周,0,肖承丽,1-18周 周四 第2节-第4节 逸C-319,3.0,社会学院,否,理论类课程,周四,2014-2015-1,,201410803007059709,"2011社会学院应用心理学,2012社会学院应用心理学",0,仙林校区,2014-2015学年 第1学期,59709,逸C-319,0.0,否,,1,48,,0,0,认知心理学,17,第2节-第4节,逸夫楼C区,08030070
48.0,400100,心理咨询与治疗理论(20141-08030110-1),201410803011059719,,3,,21,1-18周,0,桑志芹,1-18周 周一 第5节-第7节 逸C-209,3.0,社会学院,否,理论类课程,周一,2014-2015-1,,201410803011059719,2012社会学院应用心理学,0,仙林校区,2014-2015学年 第1学期,59719,逸C-209,0.0,否,,1,48,,0,0,心理咨询与治疗理论,17,第5节-第7节,逸夫楼C区,08030110
48.0,400100,跨文化心理学(20141-08030170-1),201410803017059723,,3,,9,1-18周,0,AnnetteHillers,1-18周 周五 第2节-第4节 仙Ⅰ-112,3.0,社会学院,否,理论类课程,周五,2014-2015-1,,201410803017059723,2012社会学院应用心理学,0,仙林校区,2014-2015学年 第1学期,59723,仙Ⅰ-112,0.0,否,,1,48,,0,0,跨文化心理学,11,第2节-第4节,仙I区,08030170
48.0,400100,心理学研究方法(20141-08030180-1),201410803018059725,,3,,13,1-18周,0,张洪,1-18周 周四 第5节-第7节 逸C-209,3.0,社会学院,否,理论类课程,周四,2014-2015-1,,201410803018059725,2012社会学院应用心理学,0,仙林校区,2014-2015学年 第1学期,59725,逸C-209,0.0,否,,1,48,,0,0,心理学研究方法,17,第5节-第7节,逸夫楼C区,08030180
32.0,400100,消费心理学(20141-08030220-1),201410803022059736,,3,,10,1-18周,0,张洪,1-18周 周三 第3节-第4节 逸C-406,2.0,社会学院,否,理论类课程,周三,2014-2015-1,,201410803022059736,2011社会学院应用心理学,0,仙林校区,2014-2015学年 第1学期,59736,逸C-406,0.0,否,,1,32,,0,0,消费心理学,17,第3节-第4节,逸夫楼C区,08030220
48.0,400100,普通心理学研究(20141-08030240-1),201410803024059466,,3,,15,1-18周,0,陈昌凯,1-18周 周三 第2节-第4节 逸C-202,3.0,社会学院,否,理论类课程,周三,2014-2015-1,,201410803024059466,2013社会学院应用心理学,0,仙林校区,2014-2015学年 第1学期,59466,逸C-202,0.0,否,,1,48,,0,0,普通心理学研究,17,第2节-第4节,逸夫楼C区,08030240
32.0,400100,心理学的理论基础(20141-08030360-1),201410803036059467,,3,,10,1-18周,0,王波,1-18周 周一 第5节-第6节 逸C-203,2.0,社会学院,否,理论类课程,周一,2014-2015-1,,201410803036059467,2013社会学院应用心理学,0,仙林校区,2014-2015学年 第1学期,59467,逸C-203,0.0,否,,1,32,,0,0,心理学的理论基础,17,第5节-第6节,逸夫楼C区,08030360
48.0,400060,政治经济学(上:)(20141-09000010A-1),2014109000010A59072,,3,,125,4-18周,0,葛扬,4-18周 周二 第5节-第7节 仙Ⅱ-404,3.0,商学院,否,理论类课程,周二,2014-2015-1,,2014109000010A59072,2014商学院经济学类,0,仙林校区,2014-2015学年 第1学期,59072,仙Ⅱ-404,0.0,否,,1,48,,0,0,政治经济学原理,12,第5节-第7节,仙II区,09000010A
48.0,400060,政治经济学(上:)(20141-09000010A-2),2014109000010A59109,,3,,132,4-18周,0,路瑶,4-18周 周三 第5节-第7节 仙Ⅱ-404,3.0,商学院,否,理论类课程,周三,2014-2015-1,,2014109000010A59109,2014商学院经济学类,0,仙林校区,2014-2015学年 第1学期,59109,仙Ⅱ-404,0.0,否,,1,48,,0,0,政治经济学原理,12,第5节-第7节,仙II区,09000010A
48.0,400060,微观经济学(20141-09000020-1),201410900002059110,,3,,90,"5-18周,5-18周",0,陈煜,"5-18周 周五 第3节-第4节 仙Ⅰ-104,5-18周 周一 第5节-第6节 仙Ⅰ-104",3.0,商学院,否,理论类课程,"周一,周五",2014-2015-1,,201410900002059110,"2012数学学院数学类,2012数学学院应用模块,2012数学学院统计学,2012数学学院信息与计算科学,2012数学学院数学与应用数学",0,仙林校区,2014-2015学年 第1学期,59110,"仙Ⅰ-104,仙Ⅰ-104",0.0,否,,1,48,,0,0,微观经济学,11,"第5节-第6节,第3节-第4节",仙I区,09000020
48.0,400060,微观经济学(20141-09000020-2),201410900002059133,,3,,114,"4-18周,4-18周",0,路瑶,"4-18周 周五 第3节-第4节 仙Ⅰ-102,4-18周 周一 第5节-第6节 仙Ⅰ-102",3.0,商学院,否,理论类课程,"周一,周五",2014-2015-1,,201410900002059133,2014商学院经济学类,0,仙林校区,2014-2015学年 第1学期,59133,"仙Ⅰ-102,仙Ⅰ-102",0.0,否,,1,48,,0,0,微观经济学,11,"第5节-第6节,第3节-第4节",仙I区,09000020
48.0,400060,微观经济学(20141-09000020-3),201410900002059137,,3,,77,"4-18周,4-18周",0,"皮建才,刘东","4-18周 周五 第3节-第4节 仙Ⅰ-103,4-18周 周一 第5节-第6节 仙Ⅰ-103",3.0,商学院,否,理论类课程,"周一,周五",2014-2015-1,,201410900002059137,2014商学院经济学类,0,仙林校区,2014-2015学年 第1学期,59137,"仙Ⅰ-103,仙Ⅰ-103",0.0,否,,1,48,,0,0,微观经济学,11,"第5节-第6节,第3节-第4节",仙I区,09000020
48.0,400060,微观经济学(20141-09000020-4),201410900002060567,,3,,84,"4-18周,4-18周",0,"安礼伟,刘厚俊","4-18周 周五 第3节-第4节 仙Ⅱ-214,4-18周 周一 第5节-第6节 仙Ⅱ-214",3.0,商学院,否,理论类课程,"周一,周五",2014-2015-1,,201410900002060567,2014商学院经济学类,0,仙林校区,2014-2015学年 第1学期,60567,"仙Ⅱ-214,仙Ⅱ-214",0.0,否,,1,48,,0,0,微观经济学,12,"第5节-第6节,第3节-第4节",仙II区,09000020
48.0,400060,宏观经济学(20141-09000030-1),201410900003059189,,3,,73,1-18周,0,李剑,1-18周 周五 第5节-第7节 ,3.0,商学院,否,理论类课程,周五,2014-2015-1,,201410900003059189,"2013商学院工商管理,2013商学院工商管理（人力资源管理方向）",0,仙林校区,2014-2015学年 第1学期,59189,仙2-122,0.0,否,,1,48,,0,0,宏观经济学,,第5节-第7节,,09000030
48.0,400060,宏观经济学(20141-09000030-1),201410900003059204,,3,,73,1-18周,0,李剑,1-18周 周五 第5节-第7节 仙Ⅱ-122,3.0,商学院,否,理论类课程,周五,2014-2015-1,,201410900003059204,"2013商学院会计学,2013商学院财务管理",0,仙林校区,2014-2015学年 第1学期,59204,仙Ⅱ-122,0.0,否,,1,48,,0,0,宏观经济学,12,第5节-第7节,仙II区,09000030
48.0,400060,国际贸易(20141-09000040-1),201410900004059193,,3,,83,1-18周,0,方勇,1-18周 周四 第5节-第7节 逸B-410,3.0,商学院,否,理论类课程,周四,2014-2015-1,,201410900004059193,"2013商学院工商管理,2013商学院工商管理（人力资源管理方向）,2013商学院市场营销",0,仙林校区,2014-2015学年 第1学期,59193,逸B-410,0.0,否,,1,48,,0,0,国际贸易,16,第5节-第7节,逸夫楼B区,09000040
48.0,400060,国际贸易(20141-09000040-1),201410900004059373,,3,,84,"1-18周,1-17周(单)",0,马野青,"1-18周 周一 第3节-第4节 仙Ⅰ-101,1-17周(单) 周三 第3节-第4节 仙Ⅰ-101",3.0,商学院,否,理论类课程,"周一,周三",2014-2015-1,,201410900004059373,"2012商学院会计学,2012商学院电子商务,2012商学院财务管理",0,仙林校区,2014-2015学年 第1学期,59373,"仙Ⅰ-101,仙Ⅰ-101",0.0,否,,1,48,,0,0,国际贸易,11,"第3节-第4节,第3节-第4节",仙I区,09000040
48.0,400060,国际金融(20141-09000050-1),201410900005059209,,3,,199,1-18周,0,张谊浩,1-18周 周三 第5节-第7节 仙Ⅰ-206,3.0,商学院,否,理论类课程,周三,2014-2015-1,,201410900005059209,"2012商学院经济学,2012商学院经济学（产业经济方向）,2012商学院国际经济与贸易",0,仙林校区,2014-2015学年 第1学期,59209,仙Ⅰ-206,0.0,否,,1,48,,0,0,国际金融,11,第5节-第7节,仙I区,09000050
48.0,400060,国际金融(20141-09000050-1),201410900005059314,,3,,150,1-18周,0,裴平,1-18周 周二 第5节-第7节 逸B-105,3.0,商学院,否,理论类课程,周二,2014-2015-1,,201410900005059314,"2012商学院金融学,2012商学院金融工程,2012商学院保险学",0,仙林校区,2014-2015学年 第1学期,59314,逸B-105,0.0,否,,1,48,,0,0,国际金融,16,第5节-第7节,逸夫楼B区,09000050
48.0,400060,计量经济学(20141-09000060-1),201410900006059219,,3,,88,"1-18周,1-17周(单)",0,孙宁华,"1-18周 周一 第3节-第4节 仙Ⅰ-102,1-17周(单) 周三 第3节-第4节 仙Ⅰ-102",3.0,商学院,否,理论+实践课程,"周一,周三",2014-2015-1,,201410900006059219,2012商学院经济学,0,仙林校区,2014-2015学年 第1学期,59219,"仙Ⅰ-102,仙Ⅰ-102",0.0,否,,5,32,,16,0,计量经济学,11,"第3节-第4节,第3节-第4节",仙I区,09000060
48.0,400060,计量经济学(20141-09000060-1),201410900006059237,,3,,46,1-18周,0,卜茂亮,1-18周 周三 第2节-第4节 仙Ⅱ-101,3.0,商学院,否,理论+实践课程,周三,2014-2015-1,,201410900006059237,2012商学院经济学（产业经济方向）,0,仙林校区,2014-2015学年 第1学期,59237,仙Ⅱ-101,0.0,否,,5,32,,16,0,计量经济学,12,第2节-第4节,仙II区,09000060
48.0,400060,计量经济学(20141-09000060-1),201410900006059317,,3,,150,1-18周,0,张兵,1-18周 周一 第2节-第4节 图书馆125,3.0,商学院,否,理论+实践课程,周一,2014-2015-1,,201410900006059317,"2012商学院金融学,2012商学院金融工程,2012商学院保险学",0,仙林校区,2014-2015学年 第1学期,59317,图书馆125,0.0,否,,5,32,,16,0,计量经济学,18,第2节-第4节,图书馆,09000060
48.0,400060,计量经济学(20141-09000060-1),201410900006059378,,3,,71,"1-18周,1-18周",0,谢建国,"1-18周 周一 第5节-第6节 仙Ⅱ-110,1-18周 周一 第7节-第7节 ",3.0,商学院,否,理论+实践课程,"周一,周一",2014-2015-1,,201410900006059378,2012商学院国际经济与贸易,0,仙林校区,2014-2015学年 第1学期,59378,"仙Ⅱ-110,逸B-407",0.0,否,,5,32,,16,0,计量经济学,12,"第5节-第6节,第7节-第7节",仙II区,09000060
48.0,400060,管理学(20141-09000510-1),201410900051058814,,3,,34,1-18周,0,李嘉,1-18周 周四 第2节-第4节 仙Ⅱ-211,3.0,商学院,否,理论类课程,周四,2014-2015-1,,201410900051058814,2013建筑与城市规划学院建筑学,0,仙林校区,2014-2015学年 第1学期,58814,仙Ⅱ-211,0.0,否,,1,48,,0,0,管理学,12,第2节-第4节,仙II区,09000510
48.0,400060,管理学(20141-09000510-1),201410900051059129,,3,,0,1-18周,0,"龙静,陈传明",1-18周 周一 第5节-第7节 ,3.0,商学院,否,理论类课程,周一,2014-2015-1,,201410900051059129,,0,仙林校区,2014-2015学年 第1学期,59129,无,0.0,否,,1,48,,0,0,管理学,,第5节-第7节,,09000510
48.0,400060,管理学(20141-09000510-2),201410900051059135,,3,,117,4-18周,0,贾良定,4-18周 周五 第5节-第7节 仙Ⅱ-303,3.0,商学院,否,理论类课程,周五,2014-2015-1,,201410900051059135,2014商学院工商管理类,0,仙林校区,2014-2015学年 第1学期,59135,仙Ⅱ-303,0.0,否,,1,48,,0,0,管理学,12,第5节-第7节,仙II区,09000510
48.0,400060,管理学(20141-09000510-2),201410900051059138,,3,,107,4-18周,0,"龙静,陈传明",4-18周 周一 第5节-第7节 仙Ⅰ-106,3.0,商学院,否,理论类课程,周一,2014-2015-1,,201410900051059138,2014商学院工商管理类,0,仙林校区,2014-2015学年 第1学期,59138,仙Ⅰ-106,0.0,否,,1,48,,0,0,管理学,11,第5节-第7节,仙I区,09000510
48.0,400060,管理学(20141-09000510-1),201410900051059182,,3,,36,1-18周,0,李嘉,1-18周 周四 第5节-第7节 仙Ⅰ-101,3.0,商学院,否,理论类课程,周四,2014-2015-1,,201410900051059182,2013商学院经济学,0,仙林校区,2014-2015学年 第1学期,59182,仙Ⅰ-101,0.0,否,,1,48,,0,0,管理学,11,第5节-第7节,仙I区,09000510
48.0,400060,管理经济学(微观部分)(20141-09000640-1),201410900064059143,,3,,115,"4-18周,4-18周",0,于欢,"4-18周 周一 第1节-第2节 仙Ⅱ-504,4-18周 周五 第1节-第2节 仙Ⅱ-504",3.0,商学院,否,理论类课程,"周一,周五",2014-2015-1,,201410900064059143,2014商学院工商管理类,0,仙林校区,2014-2015学年 第1学期,59143,"仙Ⅱ-504,仙Ⅱ-504",0.0,否,,1,48,,0,0,管理经济学(微观部分),12,"第1节-第2节,第1节-第2节",仙II区,09000640
48.0,400060,管理经济学(微观部分)(20141-09000640-2),201410900064059148,,3,,108,"4-18周,4-18周",0,王宇,"4-18周 周一 第3节-第4节 仙Ⅱ-404,4-18周 周五 第3节-第4节 仙Ⅱ-404",3.0,商学院,否,理论类课程,"周一,周五",2014-2015-1,,201410900064059148,2014商学院工商管理类,0,仙林校区,2014-2015学年 第1学期,59148,"仙Ⅱ-404,仙Ⅱ-404",0.0,否,,1,48,,0,0,管理经济学(微观部分),12,"第3节-第4节,第3节-第4节",仙II区,09000640
48.0,400060,市场营销(20141-09000650-1),201410900065059131,,3,,74,4-18周,0,韩顺平,4-18周 周五 第5节-第7节 仙Ⅱ-311,3.0,商学院,否,理论类课程,周五,2014-2015-1,,201410900065059131,2014商学院工商管理类,0,仙林校区,2014-2015学年 第1学期,59131,仙Ⅱ-311,0.0,否,,1,48,,0,0,市场营销,12,第5节-第7节,仙II区,09000650
48.0,400060,市场营销(20141-09000650-2),201410900065059155,,3,,73,4-18周,0,陶向南,4-18周 周一 第5节-第7节 仙Ⅱ-311,3.0,商学院,否,理论类课程,周一,2014-2015-1,,201410900065059155,2014商学院工商管理类,0,仙林校区,2014-2015学年 第1学期,59155,仙Ⅱ-311,0.0,否,,1,48,,0,0,市场营销,12,第5节-第7节,仙II区,09000650
48.0,400060,市场营销(20141-09000650-3),201410900065059170,,3,,88,4-18周,0,"吴江,吴作民",4-18周 周三 第9节-第11节 仙Ⅱ-311,3.0,商学院,否,理论类课程,周三,2014-2015-1,,201410900065059170,2014商学院工商管理类,0,仙林校区,2014-2015学年 第1学期,59170,仙Ⅱ-311,0.0,否,,1,48,,0,0,市场营销,12,第9节-第11节,仙II区,09000650
48.0,400060,财政学(20141-09010010-1),201410901001059171,,3,,87,1-18周,0,尚长风,1-18周 周一 第5节-第7节 逸B-105,3.0,商学院,否,理论类课程,周一,2014-2015-1,,201410901001059171,"2013商学院经济学,2013商学院国际经济与贸易",0,仙林校区,2014-2015学年 第1学期,59171,逸B-105,0.0,否,,1,48,,0,0,财政学,16,第5节-第7节,逸夫楼B区,09010010
48.0,400060,财政学(20141-09010010-1),201410901001061035,,3,,40,1-18周,0,郑东雅,1-18周 周一 第2节-第4节 仙Ⅱ-111,3.0,商学院,否,理论类课程,周一,2014-2015-1,,201410901001061035,2013商学院经济学（产业经济方向）,0,仙林校区,2014-2015学年 第1学期,61035,仙Ⅱ-111,0.0,否,,1,48,,0,0,财政学,12,第2节-第4节,仙II区,09010010
48.0,400060,货币银行学(20141-09010020-1),201410901002059362,,3,,110,1-18周,0,王宇伟,1-18周 周四 第5节-第7节 仙Ⅱ-403,3.0,商学院,否,理论类课程,周四,2014-2015-1,,201410901002059362,"2012商学院电子商务,2013商学院国际经济与贸易,2012商学院市场营销",0,仙林校区,2014-2015学年 第1学期,59362,仙Ⅱ-403,0.0,否,,1,48,,0,0,货币银行学,12,第5节-第7节,仙II区,09010020
48.0,400060,中国经济史(20141-09010040-1),201410901004059187,,3,,96,1-18周,0,杨德才,1-18周 周一 第5节-第7节 仙Ⅱ-104,3.0,商学院,否,理论类课程,周一,2014-2015-1,,201410901004059187,2012商学院经济学,0,仙林校区,2014-2015学年 第1学期,59187,仙Ⅱ-104,0.0,否,,1,48,,0,0,中国经济史,12,第5节-第7节,仙II区,09010040
48.0,400060,外国经济学说史(20141-09010050-1),201410901005059165,,3,,96,1-18周,0,"葛扬,李晓蓉",1-18周 周三 第5节-第7节 仙Ⅰ-103,3.0,商学院,否,理论类课程,周三,2014-2015-1,,201410901005059165,"2013商学院经济学,2013商学院经济学（产业经济方向）",0,仙林校区,2014-2015学年 第1学期,59165,仙Ⅰ-103,0.0,否,,1,48,,0,0,外国经济学说史,11,第5节-第7节,仙I区,09010050
48.0,400060,产业经济学(20141-09010060-1),201410901006059206,,3,,94,1-18周,0,安同良,1-18周 周二 第5节-第7节 仙Ⅰ-102,3.0,商学院,否,理论类课程,周二,2014-2015-1,,201410901006059206,2012商学院经济学,0,仙林校区,2014-2015学年 第1学期,59206,仙Ⅰ-102,0.0,否,,1,48,,0,0,产业经济学,11,第5节-第7节,仙I区,09010060
48.0,400060,产业经济学(20141-09010060-1),201410901006059242,,3,,26,1-18周,0,"魏守华,郑江淮,吴福象,卜茂亮,李晓蓉",1-18周 周一 第5节-第8节 仙Ⅱ-115,3.0,商学院,否,理论类课程,周一,2014-2015-1,,201410901006059242,2012商学院经济学（产业经济方向）,0,仙林校区,2014-2015学年 第1学期,59242,仙Ⅱ-115,0.0,否,,1,48,,0,0,产业经济学,12,第5节-第8节,仙II区,09010060
32.0,400060,政府经济学(20141-09010080-1),201410901008059227,,3,,3,,0,,,2.0,商学院,否,理论类课程,,2014-2015-1,,201410901008059227,,0,仙林校区,2014-2015学年 第1学期,59227,,0.0,否,,1,32,,0,0,政府经济学,,,,09010080
48.0,400060,区域经济学(20141-09010100-1),201410901010059225,,3,,24,1-18周,0,吴福象,1-18周 周四 第5节-第7节 仙Ⅱ-310,3.0,商学院,否,理论类课程,周四,2014-2015-1,,201410901010059225,2013商学院经济学（产业经济方向）,0,仙林校区,2014-2015学年 第1学期,59225,仙Ⅱ-310,0.0,否,,1,48,,0,0,区域经济学,12,第5节-第7节,仙II区,09010100
32.0,400060,发展经济学(20141-09010220-1),201410901022059156,,3,,115,1-18周,0,"赵华,高波",1-18周 周五 第3节-第4节 逸A-117,2.0,商学院,否,理论类课程,周五,2014-2015-1,,201410901022059156,"2013商学院经济学,2013商学院经济学（产业经济方向）,2013商学院国际经济与贸易",0,仙林校区,2014-2015学年 第1学期,59156,逸A-117,0.0,否,,1,32,,0,0,发展经济学,15,第3节-第4节,逸夫楼A区,09010220
32.0,400060,劳动经济学(20141-09010230-1),201410901023059192,,3,,54,1-18周,0,"李晓春,曲兆鹏",1-18周 周二 第3节-第4节 仙Ⅰ-102,2.0,商学院,否,理论类课程,周二,2014-2015-1,,201410901023059192,"2012商学院经济学,2012商学院经济学（产业经济方向）",0,仙林校区,2014-2015学年 第1学期,59192,仙Ⅰ-102,0.0,否,,1,32,,0,0,劳动经济学,11,第3节-第4节,仙I区,09010230
32.0,400060,中央银行学(20141-09010300-1),201410901030059208,,3,,78,1-18周,0,王宇伟,1-18周 周四 第3节-第4节 仙Ⅰ-102,2.0,商学院,否,理论类课程,周四,2014-2015-1,,201410901030059208,2012商学院经济学,0,仙林校区,2014-2015学年 第1学期,59208,仙Ⅰ-102,0.0,否,,1,32,,0,0,中央银行学,11,第3节-第4节,仙I区,09010300
32.0,400060,城市经济学(20141-09010320-1),201410901032059243,,3,,30,1-18周,0,魏守华,1-18周 周四 第3节-第4节 仙Ⅱ-102,2.0,商学院,否,理论类课程,周四,2014-2015-1,,201410901032059243,2012商学院经济学（产业经济方向）,0,仙林校区,2014-2015学年 第1学期,59243,仙Ⅱ-102,0.0,否,,1,32,,0,0,城市经济学,12,第3节-第4节,仙II区,09010320
48.0,400060,证券投资学(20141-09010330-1),201410901033060436,,1,,99,1-18周,0,夏江,1-18周 周一 第5节-第7节 教213,3.0,商学院,否,理论类课程,周一,2014-2015-1,,201410901033060436,"2011商学院经济学,2011商学院国际经济与贸易",0,鼓楼校区,2014-2015学年 第1学期,60436,教213,0.0,否,,1,48,,0,0,证券投资学,1,第5节-第7节,教学楼,09010330
32.0,400060,区域经济学(20141-09010360-1),201410901036060437,,1,,13,1-18周,0,吴福象,1-18周 周二 第5节-第6节 教207,2.0,商学院,否,理论类课程,周二,2014-2015-1,,201410901036060437,2011商学院经济学,0,鼓楼校区,2014-2015学年 第1学期,60437,教207,0.0,否,,1,32,,0,0,区域经济学,1,第5节-第6节,教学楼,09010360
32.0,400060,规制经济学(20141-09010370-1),201410901037059257,,3,,20,1-18周,0,李刚,1-18周 周二 第5节-第6节 仙Ⅱ-115,2.0,商学院,否,理论+实践课程,周二,2014-2015-1,,201410901037059257,2012商学院经济学（产业经济方向）,0,仙林校区,2014-2015学年 第1学期,59257,仙Ⅱ-115,0.0,否,,5,32,,0,0,产业组织与公共政策,12,第5节-第6节,仙II区,09010370
32.0,400060,反垄断经济学(20141-09010390-1),201410901039059258,,3,,27,1-18周,0,巫强,1-18周 周一 第3节-第4节 仙Ⅱ-115,2.0,商学院,否,理论+实践课程,周一,2014-2015-1,,201410901039059258,2012商学院经济学（产业经济方向）,0,仙林校区,2014-2015学年 第1学期,59258,仙Ⅱ-115,0.0,否,,5,24,,8,0,反垄断经济学,12,第3节-第4节,仙II区,09010390
32.0,400060,文化产业商业模式与运作(20141-09010430-1),201410901043059231,,3,,29,"1-9周,1-9周",0,"郭新茹,顾江","1-9周 周一 第5节-第6节 仙Ⅱ-113,1-9周 周一 第7节-第8节 仙Ⅱ-113",2.0,商学院,否,理论+实践课程,"周一,周一",2014-2015-1,,201410901043059231,2013商学院经济学（产业经济方向）,0,仙林校区,2014-2015学年 第1学期,59231,"仙Ⅱ-113,仙Ⅱ-113",0.0,否,,5,30,,2,0,文化产业商业模式与运作,12,"第5节-第6节,第7节-第8节",仙II区,09010430
48.0,400060,实验经济学(20141-09010450-1),201410901045059149,,3,,43,1-18周,0,武志伟,1-18周 周五 第5节-第6节 仙Ⅰ-202,3.0,商学院,否,理论+实验课程,周五,2014-2015-1,,201410901045059149,2013商学院经济学,0,仙林校区,2014-2015学年 第1学期,59149,仙Ⅰ-202,36.0,否,,6,12,,0,0,实验经济学,11,第5节-第6节,仙I区,09010450
32.0,400060,全球化与环境经济学(20141-09010460-1),201410901046059259,,3,,24,1-18周,0,卜茂亮,1-18周 周五 第3节-第4节 仙Ⅱ-115,2.0,商学院,否,理论类课程,周五,2014-2015-1,,201410901046059259,2012商学院经济学（产业经济方向）,0,仙林校区,2014-2015学年 第1学期,59259,仙Ⅱ-115,0.0,否,,1,32,,0,0,全球化与环境经济学,12,第3节-第4节,仙II区,09010460
32.0,400060,中国经济(20141-09010490-1),201410901049060777,,1,,60,"5-18周,1-4周",0,"郑江淮,洪银兴","1-4周 周一 第3节-第4节 教120,5-18周 周一 第3节-第4节 ",2.0,商学院,否,理论类课程,"周一,周一",2014-2015-1,,201410901049060777,"2011商学院经济学,2011商学院经济学（产业经济方向）,2011商学院金融工程,2011商学院保险学,2011商学院金融学,2011商学院国际经济与贸易",0,鼓楼校区,2014-2015学年 第1学期,60777,"商院安中楼,教120",0.0,否,,1,32,,0,0,中国经济,1,"第3节-第4节,第3节-第4节",教学楼,09010490
48.0,400060,国际经济学(20141-09020010-1),201410902001059382,,3,,72,1-18周,0,于津平,1-18周 周二 第5节-第7节 仙Ⅱ-110,3.0,商学院,否,理论类课程,周二,2014-2015-1,,201410902001059382,2012商学院国际经济与贸易,0,仙林校区,2014-2015学年 第1学期,59382,仙Ⅱ-110,0.0,否,,1,48,,0,0,国际经济学,12,第5节-第7节,仙II区,09020010
48.0,400060,进出口业务(20141-09020020-1),201410902002059385,,3,,78,1-18周,0,黄繁华,1-18周 周二 第2节-第4节 仙Ⅰ-101,3.0,商学院,否,理论类课程,周二,2014-2015-1,,201410902002059385,2012商学院国际经济与贸易,0,仙林校区,2014-2015学年 第1学期,59385,仙Ⅰ-101,0.0,否,,1,48,,0,0,进出口业务,11,第2节-第4节,仙I区,09020020
32.0,400060,国际结算(20141-09020030-1),201410902003059387,,3,,71,"1-10周,11-18周",0,韩剑,"1-10周 周四 第3节-第4节 仙Ⅰ-103,11-18周 周四 第3节-第4节 ",2.0,商学院,否,理论+实验课程,"周四,周四",2014-2015-1,,201410902003059387,2012商学院国际经济与贸易,0,仙林校区,2014-2015学年 第1学期,59387,"仙Ⅰ-103,逸B-407",10.0,否,,6,22,,0,0,国际结算,11,"第3节-第4节,第3节-第4节",仙I区,09020030
48.0,400060,市场营销(20141-09020050-1),201410902005059350,,3,,84,1-18周,0,冯帆,1-18周 周三 第5节-第7节 仙Ⅰ-104,3.0,商学院,否,理论类课程,周三,2014-2015-1,,201410902005059350,2013商学院国际经济与贸易,0,仙林校区,2014-2015学年 第1学期,59350,仙Ⅰ-104,0.0,否,,1,48,,0,0,市场营销,11,第5节-第7节,仙I区,09020050
32.0,400060,外贸英语函电(20141-09020060-1),201410902006059372,,3,,76,1-18周,0,沈艳枝,1-18周 周三 第3节-第4节 仙Ⅰ-103,2.0,商学院,否,理论类课程,周三,2014-2015-1,,201410902006059372,2012商学院国际经济与贸易,0,仙林校区,2014-2015学年 第1学期,59372,仙Ⅰ-103,0.0,否,,1,32,,0,0,外贸英语函电,11,第3节-第4节,仙I区,09020060
48.0,400060,国际贸易地理(20141-09020260-1),201410902026059363,,3,,46,1-18周,0,张雨,1-18周 周五 第5节-第7节 仙Ⅱ-420,2.0,商学院,否,理论类课程,周五,2014-2015-1,,201410902026059363,2013商学院国际经济与贸易,0,仙林校区,2014-2015学年 第1学期,59363,仙Ⅱ-420,0.0,否,,1,32,,0,0,国际贸易地理,12,第5节-第7节,仙II区,09020260
16.0,400060,商务沟通（一）(20141-09020310A-1),2014109020310A59365,,3,,71,1-18周,0,沈艳枝,1-18周 周三 第1节-第2节 仙Ⅰ-104,1.0,商学院,否,理论+实践课程,周三,2014-2015-1,,2014109020310A59365,2013商学院国际经济与贸易,0,仙林校区,2014-2015学年 第1学期,59365,仙Ⅰ-104,0.0,否,,5,16,,0,0,商务沟通,11,第1节-第2节,仙I区,09020310A
48.0,400060,统计学(20141-09030020-1),201410903002059174,,3,,76,1-18周,0,耿修林,1-18周 周二 第5节-第7节 仙Ⅱ-212,3.0,商学院,否,理论类课程,周二,2014-2015-1,,201410903002059174,"2013商学院工商管理,2013商学院工商管理（人力资源管理方向）",0,仙林校区,2014-2015学年 第1学期,59174,仙Ⅱ-212,0.0,否,,1,48,,0,0,统计学,12,第5节-第7节,仙II区,09030020
48.0,400060,生产与运作管理(20141-09030030-1),201410903003059180,,3,,57,1-18周,0,"徐小林,刘春林",1-18周 周三 第5节-第7节 仙Ⅱ-212,3.0,商学院,否,理论类课程,周三,2014-2015-1,,201410903003059180,2013商学院工商管理,0,仙林校区,2014-2015学年 第1学期,59180,仙Ⅱ-212,0.0,否,,1,48,,0,0,生产与运作管理,12,第5节-第7节,仙II区,09030030
48.0,400060,生产与运作管理(20141-09030030-1),201410903003059249,,3,,49,1-18周,0,徐小林,1-18周 周二 第5节-第7节 仙Ⅱ-214,3.0,商学院,否,理论类课程,周二,2014-2015-1,,201410903003059249,"2012商学院电子商务,2012商学院工商管理（人力资源管理方向）",0,仙林校区,2014-2015学年 第1学期,59249,仙Ⅱ-214,0.0,否,,1,48,,0,0,生产与运作管理,12,第5节-第7节,仙II区,09030030
48.0,400060,国际企业管理(20141-09030060-1),201410903006059235,,3,,51,"8-18周,8-18周",0,张骁,"8-18周 周二 第5节-第7节 仙Ⅱ-213,8-18周 周二 第9节-第11节 仙Ⅱ-213",3.0,商学院,否,理论类课程,"周二,周二",2014-2015-1,,201410903006059235,2012商学院工商管理,0,仙林校区,2014-2015学年 第1学期,59235,"仙Ⅱ-213,仙Ⅱ-213",0.0,否,,1,48,,0,0,国际企业管理,12,"第5节-第7节,第9节-第11节",仙II区,09030060
48.0,400060,国际企业管理(20141-09030060-1),201410903006059375,,3,,83,1-18周,0,钱海燕,1-18周 周五 第5节-第7节 仙Ⅰ-101,3.0,商学院,否,理论类课程,周五,2014-2015-1,,201410903006059375,"2012商学院会计学,2012商学院财务管理",0,仙林校区,2014-2015学年 第1学期,59375,仙Ⅰ-101,0.0,否,,1,48,,0,0,国际企业管理,11,第5节-第7节,仙I区,09030060
32.0,400060,管理科学(20141-09030080-1),201410903008059183,,3,,96,8-18周,0,张文红,8-18周 周一 第5节-第7节 仙Ⅱ-403,2.0,商学院,否,理论类课程,周一,2014-2015-1,,201410903008059183,"2012商学院工商管理,2013商学院工商管理",0,仙林校区,2014-2015学年 第1学期,59183,仙Ⅱ-403,0.0,否,,1,32,,0,0,管理科学,12,第5节-第7节,仙II区,09030080
48.0,400060,公司理财(20141-09030110-1),201410903011059240,,3,,86,"5-17周(单),5-18周",0,汪丽,"5-18周 周三 第3节-第4节 仙Ⅱ-103,5-17周(单) 周二 第3节-第4节 仙Ⅱ-103",3.0,商学院,否,理论类课程,"周二,周三",2014-2015-1,,201410903011059240,"2012商学院工商管理,2012商学院工商管理（人力资源管理方向）",0,仙林校区,2014-2015学年 第1学期,59240,"仙Ⅱ-103,仙Ⅱ-103",0.0,否,,1,48,,0,0,公司理财,12,"第3节-第4节,第3节-第4节",仙II区,09030110
48.0,400060,企业战略管理(20141-09030270-1),201410903027059213,,3,,71,1-18周,0,吴江,1-18周 周三 第5节-第7节 仙Ⅱ-213,3.0,商学院,否,理论类课程,周三,2014-2015-1,,201410903027059213,"2013商学院电子商务,2013商学院市场营销",0,仙林校区,2014-2015学年 第1学期,59213,仙Ⅱ-213,0.0,否,,1,48,,0,0,企业战略管理,12,第5节-第7节,仙II区,09030270
48.0,400060,企业战略管理(20141-09030270-1),201410903027059244,,3,,58,1-18周,0,刘海建,1-18周 周四 第5节-第7节 仙Ⅱ-215,3.0,商学院,否,理论类课程,周四,2014-2015-1,,201410903027059244,2012商学院工商管理,0,仙林校区,2014-2015学年 第1学期,59244,仙Ⅱ-215,0.0,否,,1,48,,0,0,企业战略管理,12,第5节-第7节,仙II区,09030270
32.0,400060,创业学与创新管理(20141-09030370-1),201410903037059245,,3,,57,1-18周,0,宋哲,1-18周 周五 第3节-第4节 仙Ⅱ-101,2.0,商学院,否,理论类课程,周五,2014-2015-1,,201410903037059245,2012商学院工商管理,0,仙林校区,2014-2015学年 第1学期,59245,仙Ⅱ-101,0.0,否,,1,32,,0,0,创业学与创新管理,12,第3节-第4节,仙II区,09030370
64.0,400060,财务会计(20141-09050021-1),201410905002159196,,3,,104,"1-18周,1-18周",0,陈丽花,"1-18周 周三 第1节-第2节 仙Ⅱ-505,1-18周 周一 第3节-第4节 仙Ⅱ-505",4.0,商学院,否,理论类课程,"周一,周三",2014-2015-1,,201410905002159196,"2013商学院会计学,2013商学院财务管理",0,仙林校区,2014-2015学年 第1学期,59196,"仙Ⅱ-505,仙Ⅱ-505",0.0,否,,1,64,,0,0,财务会计,12,"第3节-第4节,第1节-第2节",仙II区,09050021
48.0,400060,管理会计(20141-09050030-1),201410905003059366,,3,,52,1-18周,0,冯巧根,1-18周 周二 第5节-第7节 仙Ⅰ-101,3.0,商学院,否,理论类课程,周二,2014-2015-1,,201410905003059366,2012商学院会计学,0,仙林校区,2014-2015学年 第1学期,59366,仙Ⅰ-101,0.0,否,,1,48,,0,0,管理会计,11,第5节-第7节,仙I区,09050030
48.0,400060,财务管理(20141-09050041-1),201410905004159198,,3,,94,1-18周,0,黄志忠,1-18周 周四 第5节-第7节 仙Ⅱ-305,3.0,商学院,否,理论类课程,周四,2014-2015-1,,201410905004159198,"2013商学院会计学,2013商学院财务管理",0,仙林校区,2014-2015学年 第1学期,59198,仙Ⅱ-305,0.0,否,,1,48,,0,0,财务管理,12,第5节-第7节,仙II区,09050041
48.0,400060,财务管理(20141-09050041-1),201410905004159201,,3,,124,1-18周,0,吴凤菊,1-18周 周五 第5节-第7节 仙Ⅰ-103,3.0,商学院,否,理论类课程,周五,2014-2015-1,,201410905004159201,"2012商学院经济学,2012商学院经济学（产业经济方向）,2012商学院国际经济与贸易",0,仙林校区,2014-2015学年 第1学期,59201,仙Ⅰ-103,0.0,否,,1,48,,0,0,财务管理,11,第5节-第7节,仙I区,09050041
48.0,400060,高级财务会计(20141-09050080-1),201410905008059369,,3,,87,1-18周,0,"王跃堂,郭荃",1-18周 周四 第5节-第7节 逸B-313,3.0,商学院,否,理论类课程,周四,2014-2015-1,,201410905008059369,"2012商学院会计学,2012商学院财务管理",0,仙林校区,2014-2015学年 第1学期,59369,逸B-313,0.0,否,,1,48,,0,0,高级财务会计,16,第5节-第7节,逸夫楼B区,09050080
48.0,400060,实务训练(20141-09050090-1),201410905009059402,,1,,84,"1-5周,1-5周,1-5周,1-5周,1-5周",0,"曹洋,苏文兵","1-5周 周一 第1节-第8节 ,1-5周 周五 第1节-第8节 ,1-5周 周四 第1节-第8节 ,1-5周 周三 第1节-第8节 ,1-5周 周二 第1节-第8节 ",3.0,商学院,否,理论类课程,"周一,周二,周三,周四,周五",2014-2015-1,,201410905009059402,"2011商学院会计学,2011商学院财务管理",0,鼓楼校区,2014-2015学年 第1学期,59402,"安中楼,安中楼,安中楼,安中楼,安中楼",0.0,否,,1,48,,0,0,实务训练,,"第1节-第8节,第1节-第8节,第1节-第8节,第1节-第8节,第1节-第8节",,09050090
32.0,400060,财务报表分析(20141-09050110-1),201410905011059383,,3,,71,1-18周,0,黄志忠,1-18周 周四 第3节-第4节 仙Ⅰ-101,2.0,商学院,否,理论类课程,周四,2014-2015-1,,201410905011059383,"2012商学院会计学,2012商学院财务管理",0,仙林校区,2014-2015学年 第1学期,59383,仙Ⅰ-101,0.0,否,,1,32,,0,0,财务报表分析,11,第3节-第4节,仙I区,09050110
32.0,400060,财务报表分析(20141-09050110-1),201410905011059395,,1,,89,1-18周,0,王兵,1-18周 周四 第3节-第4节 教220,2.0,商学院,否,理论类课程,周四,2014-2015-1,,201410905011059395,"2011商学院经济学,2011商学院金融工程,2011商学院保险学,2011商学院市场营销,2011商学院电子商务,2011商学院金融学,2011商学院国际经济与贸易",0,鼓楼校区,2014-2015学年 第1学期,59395,教220,0.0,否,,1,32,,0,0,财务报表分析,1,第3节-第4节,教学楼,09050110
48.0,400060,企业风险管理(20141-09050270-1),201410905027059388,,3,,44,1-18周,0,"李心合,张艳",1-18周 周三 第5节-第7节 仙Ⅰ-102,3.0,商学院,否,理论类课程,周三,2014-2015-1,,201410905027059388,2012商学院财务管理,0,仙林校区,2014-2015学年 第1学期,59388,仙Ⅰ-102,0.0,否,,1,48,,0,0,企业风险管理,11,第5节-第7节,仙I区,09050270
48.0,400060,风险管理与内部控制(20141-09050290-1),201410905029059386,,3,,39,1-18周,0,张娟,1-18周 周三 第5节-第7节 仙Ⅰ-101,3.0,商学院,否,理论类课程,周三,2014-2015-1,,201410905029059386,2012商学院会计学,0,仙林校区,2014-2015学年 第1学期,59386,仙Ⅰ-101,0.0,否,,1,48,,0,0,风险管理与内部控制,11,第5节-第7节,仙I区,09050290
64.0,400060,会计计量与披露(20141-09050300-1),201410905030059207,,3,,43,"1-18周,1-18周",0,薛清梅,"1-18周 周四 第3节-第4节 仙Ⅱ-103,1-18周 周一 第5节-第6节 仙Ⅱ-103",4.0,商学院,否,理论类课程,"周一,周四",2014-2015-1,,201410905030059207,2013商学院会计学,0,仙林校区,2014-2015学年 第1学期,59207,"仙Ⅱ-103,仙Ⅱ-103",0.0,否,,1,64,,0,0,会计计量与披露,12,"第5节-第6节,第3节-第4节",仙II区,09050300
32.0,400060,货币银行学(20141-09060010-1),201410906001059289,,3,,115,1-18周,0,杜亚斌,1-18周 周一 第5节-第7节 仙Ⅱ-305,2.0,商学院,否,理论类课程,周一,2014-2015-1,,201410906001059289,"2013商学院金融学,2013商学院金融工程,2013商学院保险学",0,仙林校区,2014-2015学年 第1学期,59289,仙Ⅱ-305,0.0,否,,1,32,,0,0,货币银行学,12,第5节-第7节,仙II区,09060010
32.0,400060,金融市场学(20141-09060030-1),201410906003059292,,3,,123,1-18周,0,于润,1-18周 周一 第2节-第4节 仙Ⅱ-304,2.0,商学院,否,理论类课程,周一,2014-2015-1,,201410906003059292,"2013商学院金融学,2013商学院金融工程,2013商学院保险学",0,仙林校区,2014-2015学年 第1学期,59292,仙Ⅱ-304,0.0,否,,1,32,,0,0,金融市场学,12,第2节-第4节,仙II区,09060030
48.0,400060,金融经济学(20141-09060040-1),201410906004060438,,1,,123,1-18周,0,张岭松,1-18周 周四 第5节-第7节 教201,3.0,商学院,否,理论类课程,周四,2014-2015-1,,201410906004060438,"2011商学院金融学,2011商学院金融工程,2011商学院保险学",0,鼓楼校区,2014-2015学年 第1学期,60438,教201,0.0,否,,1,48,,0,0,金融经济学,1,第5节-第7节,教学楼,09060040
32.0,400060,保险精算（生存模型）(20141-09060050-1),201410906005059335,,3,,175,1-18周,0,张涤新,1-18周 周一 第5节-第7节 图书馆125,2.0,商学院,否,理论类课程,周一,2014-2015-1,,201410906005059335,"2012商学院金融学,2012商学院金融工程,2012商学院保险学",0,仙林校区,2014-2015学年 第1学期,59335,图书馆125,0.0,否,,1,32,,0,0,保险精算（生存模型）,18,第5节-第7节,图书馆,09060050
32.0,400060,商业银行管理(20141-09060090-1),201410906009059298,,3,,110,,0,,,2.0,商学院,否,理论类课程,,2014-2015-1,,201410906009059298,,0,仙林校区,2014-2015学年 第1学期,59298,,0.0,否,,1,54,,0,0,商业银行管理,,,,09060090
32.0,400060,国际结算与融资(20141-09060220-1),201410906022060439,,1,,98,1-18周,0,赵薇,1-18周 周五 第3节-第4节 教202,2.0,商学院,否,理论类课程,周五,2014-2015-1,,201410906022060439,"2011商学院金融学,2011商学院金融工程,2011商学院保险学",0,鼓楼校区,2014-2015学年 第1学期,60439,教202,0.0,否,,1,32,,0,0,国际结算与融资,1,第3节-第4节,教学楼,09060220
32.0,400060,金融建模(20141-09060260-1),201410906026059302,,3,,60,1-18周,0,杜亚斌,1-18周 周三 第2节-第4节 ,2.0,商学院,否,理论+实践课程,周三,2014-2015-1,,201410906026059302,2012商学院金融学,0,仙林校区,2014-2015学年 第1学期,59302,逸B-407,16.0,否,,5,16,,0,0,金融建模,,第2节-第4节,,09060260
32.0,400060,金融建模(20141-09060260-1),201410906026059343,,3,,74,1-18周,0,杜亚斌,1-18周 周三 第5节-第7节 ,2.0,商学院,否,理论+实践课程,周三,2014-2015-1,,201410906026059343,"2012商学院保险学,2012商学院金融工程",0,仙林校区,2014-2015学年 第1学期,59343,逸B-407、逸B-408,16.0,否,,5,16,,0,0,金融建模,,第5节-第7节,,09060260
48.0,400060,投资银行学(20141-09060270-1),201410906027059299,,3,,149,1-18周,0,王长江,1-18周 周二 第2节-第4节 图书馆125,3.0,商学院,否,理论+实践课程,周二,2014-2015-1,,201410906027059299,"2012商学院金融学,2012商学院金融工程,2012商学院保险学",0,仙林校区,2014-2015学年 第1学期,59299,图书馆125,0.0,否,,5,40,,8,0,投资银行学,18,第2节-第4节,图书馆,09060270
48.0,400060,风险管理与保险(20141-09060310-1),201410906031059293,,3,,109,1-18周,0,杨波,1-18周 周三 第5节-第7节 仙Ⅱ-503,3.0,商学院,否,理论类课程,周三,2014-2015-1,,201410906031059293,"2013商学院金融学,2013商学院金融工程,2013商学院保险学",0,仙林校区,2014-2015学年 第1学期,59293,仙Ⅱ-503,0.0,否,,1,48,,0,0,风险管理与保险,12,第5节-第7节,仙II区,09060310
32.0,400060,寿险精算(20141-09060320-1),201410906032059307,,3,,87,1-18周,0,孙武军,1-18周 周五 第5节-第7节 仙Ⅰ-104,2.0,商学院,否,理论类课程,周五,2014-2015-1,,201410906032059307,"2012商学院金融学,2012商学院金融工程,2012商学院保险学",0,仙林校区,2014-2015学年 第1学期,59307,仙Ⅰ-104,0.0,否,,1,48,,0,0,寿险精算,11,第5节-第7节,仙I区,09060320
32.0,400060,金融风险管理(20141-09060390-1),201410906039060440,,1,,54,1-18周,0,刘德溯,1-18周 周三 第5节-第7节 教121,2.0,商学院,否,理论类课程,周三,2014-2015-1,,201410906039060440,"2011商学院金融学,2011商学院金融工程,2011商学院保险学",0,鼓楼校区,2014-2015学年 第1学期,60440,教121,0.0,否,,1,32,,0,0,金融风险管理,1,第5节-第7节,教学楼,09060390
32.0,400060,固定收益证券(20141-09060410-1),201410906041060441,,1,,15,1-18周,0,杨念,1-18周 周一 第5节-第7节 教121,3.0,商学院,否,理论类课程,周一,2014-2015-1,,201410906041060441,"2011商学院金融学,2011商学院金融工程,2011商学院保险学",0,鼓楼校区,2014-2015学年 第1学期,60441,教121,0.0,否,,1,48,,0,0,固定收益证券,1,第5节-第7节,教学楼,09060410
48.0,400060,保险经济学(20141-09060450-1),201410906045060442,,1,,32,1-18周,0,孙武军,1-18周 周二 第5节-第7节 教201,3.0,商学院,否,理论类课程,周二,2014-2015-1,,201410906045060442,"2011商学院金融学,2011商学院金融工程,2011商学院保险学",0,鼓楼校区,2014-2015学年 第1学期,60442,教201,0.0,否,,1,48,,0,0,保险经济学,1,第5节-第7节,教学楼,09060450
48.0,400060,利息理论(20141-09060480-1),201410906048059297,,3,,115,1-18周,0,蒋彧,1-18周 周五 第5节-第7节 仙Ⅱ-304,3.0,商学院,否,理论类课程,周五,2014-2015-1,,201410906048059297,"2013商学院金融学,2013商学院金融工程,2013商学院保险学",0,仙林校区,2014-2015学年 第1学期,59297,仙Ⅱ-304,0.0,否,,1,48,,0,0,利息理论,12,第5节-第7节,仙II区,09060480
32.0,400060,IT项目管理(20141-09070080-1),201410907008059437,,3,,26,1-18周,0,王翔,1-18周 周五 第3节-第4节 仙Ⅱ-102,2.0,商学院,否,理论类课程,周五,2014-2015-1,,201410907008059437,2012商学院电子商务,0,仙林校区,2014-2015学年 第1学期,59437,仙Ⅱ-102,0.0,否,,1,32,,0,0,数智化项目管理,12,第3节-第4节,仙II区,09070080
64.0,400060,C-程序设计(20141-09070140-1),201410907014059214,,3,,36,"1-18周,1-18周",0,周耿,"1-18周 周五 第5节-第7节 仙Ⅱ-102,1-18周 周五 第9节-第10节 ",4.0,商学院,否,理论类课程,"周五,周五",2014-2015-1,,201410907014059214,2013商学院电子商务,0,仙林校区,2014-2015学年 第1学期,59214,"仙Ⅱ-102,逸B-407",0.0,否,,1,64,,0,0,C-程序设计,12,"第5节-第7节,第9节-第10节",仙II区,09070140
48.0,400060,电子商务系统开发与管理(20141-09070170-1),201410907017059424,,3,,25,1-18周,0,陈曦,1-18周 周五 第5节-第7节 ,3.0,商学院,否,理论类课程,周五,2014-2015-1,,201410907017059424,2012商学院电子商务,0,仙林校区,2014-2015学年 第1学期,59424,逸B-407,0.0,否,,1,48,,0,0,电子商务系统开发与管理,,第5节-第7节,,09070170
32.0,400060,互联网技术与网络安全(20141-09070200-1),201410907020059216,,3,,32,1-18周,0,于笑丰,1-18周 周四 第5节-第7节 仙Ⅱ-102,2.0,商学院,否,理论类课程,周四,2014-2015-1,,201410907020059216,2013商学院电子商务,0,仙林校区,2014-2015学年 第1学期,59216,仙Ⅱ-102,0.0,否,,1,32,,0,0,互联网技术与网络安全,12,第5节-第7节,仙II区,09070200
32.0,400060,ERP原理与应用(20141-09070280-1),201410907028059429,,3,,53,1-18周,0,于笑丰,1-18周 周四 第3节-第4节 仙Ⅱ-213,2.0,商学院,否,理论类课程,周四,2014-2015-1,,201410907028059429,"2012商学院电子商务,2012商学院市场营销",0,仙林校区,2014-2015学年 第1学期,59429,仙Ⅱ-213,0.0,否,,1,32,,0,0,ERP原理与应用,12,第3节-第4节,仙II区,09070280
32.0,400060,电子化采购与B2B(20141-09070300-1),201410907030059433,,3,,61,1-18周,0,宋培建,1-18周 周二 第3节-第4节 仙Ⅱ-211,2.0,商学院,否,理论类课程,周二,2014-2015-1,,201410907030059433,"2012商学院电子商务,2012商学院市场营销",0,仙林校区,2014-2015学年 第1学期,59433,仙Ⅱ-211,0.0,否,,1,32,,0,0,电子化采购与B2B,12,第3节-第4节,仙II区,09070300
32.0,400060,营销策划(20141-09080080-1),201410908008059392,,1,,38,1-18周,0,吴作民,1-18周 周三 第3节-第4节 教104,2.0,商学院,否,理论类课程,周三,2014-2015-1,,201410908008059392,2011商学院市场营销,0,鼓楼校区,2014-2015学年 第1学期,59392,教104,0.0,否,,1,32,,0,0,营销策划,1,第3节-第4节,教学楼,09080080
48.0,400060,现代广告学(20141-09080120-1),201410908012059221,,3,,71,1-18周,0,朱虹,1-18周 周一 第5节-第7节 仙Ⅱ-212,3.0,商学院,否,理论类课程,周一,2014-2015-1,,201410908012059221,"2013商学院电子商务,2013商学院市场营销",0,仙林校区,2014-2015学年 第1学期,59221,仙Ⅱ-212,0.0,否,,1,48,,0,0,现代广告学,12,第5节-第7节,仙II区,09080120
48.0,400060,服务营销(20141-09080140-1),201410908014059439,,3,,45,1-18周,0,韩顺平,1-18周 周二 第5节-第7节 仙Ⅱ-114,3.0,商学院,否,理论类课程,周二,2014-2015-1,,201410908014059439,2012商学院市场营销,0,仙林校区,2014-2015学年 第1学期,59439,仙Ⅱ-114,0.0,否,,1,48,,0,0,服务营销,12,第5节-第7节,仙II区,09080140
48.0,400060,消费者行为学(20141-09080150-1),201410908015059224,,3,,41,1-18周,0,史有春,1-18周 周二 第5节-第7节 仙Ⅱ-113,3.0,商学院,否,理论类课程,周二,2014-2015-1,,201410908015059224,2013商学院市场营销,0,仙林校区,2014-2015学年 第1学期,59224,仙Ⅱ-113,0.0,否,,1,48,,0,0,消费者行为学,12,第5节-第7节,仙II区,09080150
48.0,400060,国际市场营销(20141-09080170-1),201410908017059442,,3,,44,1-18周,0,戴万稳,1-18周 周一 第5节-第7节 仙Ⅱ-114,3.0,商学院,否,理论类课程,周一,2014-2015-1,,201410908017059442,2012商学院市场营销,0,仙林校区,2014-2015学年 第1学期,59442,仙Ⅱ-114,0.0,否,,1,48,,0,0,国际市场营销,12,第5节-第7节,仙II区,09080170
32.0,400060,培训与人力资源开发管理(20141-09090030-1),201410909003059254,,3,,36,1-18周,0,龚元元,1-18周 周一 第3节-第4节 仙Ⅱ-102,2.0,商学院,否,理论类课程,周一,2014-2015-1,,201410909003059254,2012商学院工商管理（人力资源管理方向）,0,仙林校区,2014-2015学年 第1学期,59254,仙Ⅱ-102,0.0,否,,1,32,,0,0,培训与人力资源开发管理,12,第3节-第4节,仙II区,09090030
32.0,400060,人才测评与招聘管理(20141-09090040-1),201410909004059253,,3,,38,1-18周,0,"程德俊,赵曙明",1-18周 周五 第3节-第4节 仙Ⅱ-114,2.0,商学院,否,理论类课程,周五,2014-2015-1,,201410909004059253,2012商学院工商管理（人力资源管理方向）,0,仙林校区,2014-2015学年 第1学期,59253,仙Ⅱ-114,0.0,否,,1,32,,0,0,人才测评与招聘管理,12,第3节-第4节,仙II区,09090040
32.0,400060,组织设计与工作分析(20141-09090050-1),201410909005059251,,3,,36,1-18周,0,蒋春燕,1-18周 周四 第3节-第4节 仙Ⅱ-114,2.0,商学院,否,理论类课程,周四,2014-2015-1,,201410909005059251,2012商学院工商管理（人力资源管理方向）,0,仙林校区,2014-2015学年 第1学期,59251,仙Ⅱ-114,0.0,否,,1,32,,0,0,组织设计与工作分析,12,第3节-第4节,仙II区,09090050
32.0,400070,外国文化通论（二）(20141-10000010B-1),2014110000010B59903,,3,,221,1-18周,0,"陈民,张伟劼,徐黎明,赵杨,徐蕾,彭曦,曹丹红,但汉松",1-18周 周一 第7节-第8节 仙Ⅰ-320,2.0,外国语学院,否,理论类课程,周一,2014-2015-1,,2014110000010B59903,"2013外国语学院英语,2013外国语学院朝鲜语,2013外国语学院西班牙语,2013外国语学院德语,2013外国语学院法语,2013外国语学院日语,2013外国语学院俄语",0,仙林校区,2014-2015学年 第1学期,59903,仙Ⅰ-320,0.0,否,,1,32,,0,0,外国文化通论（二）,11,第7节-第8节,仙I区,10000010B
64.0,400070,英美散文选读(20141-10010010A-1),2014110010010A60198,,3,,22,"4-18周,4-18周",0,张瑛,"4-18周 周一 第3节-第4节 仙Ⅰ-504,4-18周 周三 第3节-第4节 仙Ⅰ-504",4.0,外国语学院,否,理论类课程,"周一,周三",2014-2015-1,,2014110010010A60198,2014外国语学院英语,0,仙林校区,2014-2015学年 第1学期,60198,"仙Ⅰ-504,仙Ⅰ-504",0.0,否,,1,64,,0,0,英美散文选读,11,"第3节-第4节,第3节-第4节",仙I区,10010010A
64.0,400070,英美散文选读(20141-10010010A-2),2014110010010A60199,,3,,23,"4-18周,4-18周",0,王凌,"4-18周 周一 第3节-第4节 仙Ⅰ-505,4-18周 周三 第3节-第4节 仙Ⅰ-505",4.0,外国语学院,否,理论类课程,"周一,周三",2014-2015-1,,2014110010010A60199,2014外国语学院英语,0,仙林校区,2014-2015学年 第1学期,60199,"仙Ⅰ-505,仙Ⅰ-505",0.0,否,,1,64,,0,0,英美散文选读,11,"第3节-第4节,第3节-第4节",仙I区,10010010A
64.0,400070,英美散文选读(20141-10010010A-3),2014110010010A60200,,3,,21,"4-18周,4-18周",0,张翼,"4-18周 周一 第3节-第4节 仙Ⅰ-506,4-18周 周三 第3节-第4节 仙Ⅰ-506",4.0,外国语学院,否,理论类课程,"周一,周三",2014-2015-1,,2014110010010A60200,2014外国语学院英语,0,仙林校区,2014-2015学年 第1学期,60200,"仙Ⅰ-506,仙Ⅰ-506",0.0,否,,1,64,,0,0,英美散文选读,11,"第3节-第4节,第3节-第4节",仙I区,10010010A
64.0,400070,英美散文评析(20141-10010020A-1),2014110010020A60218,,3,,34,"1-18周,1-18周",0,高前,"1-18周 周一 第1节-第2节 仙Ⅰ-503,1-18周 周二 第3节-第4节 仙Ⅰ-503",4.0,外国语学院,否,理论类课程,"周一,周二",2014-2015-1,,2014110010020A60218,2013外国语学院英语,0,仙林校区,2014-2015学年 第1学期,60218,"仙Ⅰ-503,仙Ⅰ-503",0.0,否,,1,64,,0,0,英美散文评析,11,"第1节-第2节,第3节-第4节",仙I区,10010020A
64.0,400070,英美散文评析(20141-10010020A-2),2014110010020A60220,,3,,27,"1-18周,1-18周",0,高前,"1-18周 周二 第1节-第2节 仙Ⅰ-503,1-18周 周一 第3节-第4节 仙Ⅰ-503",4.0,外国语学院,否,理论类课程,"周一,周二",2014-2015-1,,2014110010020A60220,2013外国语学院英语,0,仙林校区,2014-2015学年 第1学期,60220,"仙Ⅰ-503,仙Ⅰ-503",0.0,否,,1,64,,0,0,英美散文评析,11,"第3节-第4节,第1节-第2节",仙I区,10010020A
64.0,400070,英美散文评析(20141-10010020A-3),2014110010020A60222,,3,,20,"1-18周,1-18周",0,范浩,"1-18周 周一 第3节-第4节 仙Ⅰ-502,1-18周 周二 第3节-第4节 仙Ⅰ-502",4.0,外国语学院,否,理论类课程,"周一,周二",2014-2015-1,,2014110010020A60222,2013外国语学院英语,0,仙林校区,2014-2015学年 第1学期,60222,"仙Ⅰ-502,仙Ⅰ-502",0.0,否,,1,64,,0,0,英美散文评析,11,"第3节-第4节,第3节-第4节",仙I区,10010020A
32.0,400070,阅读与批评(20141-10010030-1),201411001003060274,,3,,37,1-18周,0,方红,1-18周 周四 第1节-第2节 仙Ⅰ-209,2.0,外国语学院,否,理论类课程,周四,2014-2015-1,,201411001003060274,2012外国语学院英语,0,仙林校区,2014-2015学年 第1学期,60274,仙Ⅰ-209,0.0,否,,1,32,,0,0,阅读与批评,11,第1节-第2节,仙I区,10010030
32.0,400070,阅读与批评(20141-10010030-2),201411001003060275,,3,,26,1-18周,0,Nat,1-18周 周五 第3节-第4节 仙Ⅰ-502,2.0,外国语学院,否,理论类课程,周五,2014-2015-1,,201411001003060275,2012外国语学院英语,0,仙林校区,2014-2015学年 第1学期,60275,仙Ⅰ-502,0.0,否,,1,32,,0,0,阅读与批评,11,第3节-第4节,仙I区,10010030
32.0,400070,基础英语写作(20141-10010040A-1),2014110010040A60205,,3,,24,4-18周,0,俞希,4-18周 周四 第1节-第2节 仙Ⅰ-504,2.0,外国语学院,否,理论类课程,周四,2014-2015-1,,2014110010040A60205,2014外国语学院英语,0,仙林校区,2014-2015学年 第1学期,60205,仙Ⅰ-504,0.0,否,,1,32,,0,0,基础英语写作,11,第1节-第2节,仙I区,10010040A
32.0,400070,基础英语写作(20141-10010040A-2),2014110010040A60206,,3,,23,4-18周,0,Aaron,4-18周 周一 第5节-第6节 仙Ⅰ-502,2.0,外国语学院,否,理论类课程,周一,2014-2015-1,,2014110010040A60206,2014外国语学院英语,0,仙林校区,2014-2015学年 第1学期,60206,仙Ⅰ-502,0.0,否,,1,32,,0,0,基础英语写作,11,第5节-第6节,仙I区,10010040A
32.0,400070,基础英语写作(20141-10010040A-3),2014110010040A60207,,3,,25,4-18周,0,Nat,4-18周 周四 第1节-第2节 仙Ⅰ-505,2.0,外国语学院,否,理论类课程,周四,2014-2015-1,,2014110010040A60207,2014外国语学院英语,0,仙林校区,2014-2015学年 第1学期,60207,仙Ⅰ-505,0.0,否,,1,32,,0,0,基础英语写作,11,第1节-第2节,仙I区,10010040A
32.0,400070,英语修辞与写作(20141-10010050A-1),2014110010050A60236,,3,,26,1-18周,0,Nat,1-18周 周四 第3节-第4节 仙Ⅰ-504,2.0,外国语学院,否,理论类课程,周四,2014-2015-1,,2014110010050A60236,2013外国语学院英语,0,仙林校区,2014-2015学年 第1学期,60236,仙Ⅰ-504,0.0,否,,1,32,,0,0,英语修辞与写作,11,第3节-第4节,仙I区,10010050A
32.0,400070,英语修辞与写作(20141-10010050A-2),2014110010050A60237,,3,,29,1-18周,0,王艳,1-18周 周四 第3节-第4节 仙Ⅰ-505,2.0,外国语学院,否,理论类课程,周四,2014-2015-1,,2014110010050A60237,2013外国语学院英语,0,仙林校区,2014-2015学年 第1学期,60237,仙Ⅰ-505,0.0,否,,1,32,,0,0,英语修辞与写作,11,第3节-第4节,仙I区,10010050A
32.0,400070,英语修辞与写作(20141-10010050A-3),2014110010050A60238,,3,,25,1-18周,0,Aaron,1-18周 周四 第3节-第4节 仙Ⅰ-506,2.0,外国语学院,否,理论类课程,周四,2014-2015-1,,2014110010050A60238,2013外国语学院英语,0,仙林校区,2014-2015学年 第1学期,60238,仙Ⅰ-506,0.0,否,,1,32,,0,0,英语修辞与写作,11,第3节-第4节,仙I区,10010050A
32.0,400070,英语学术写作(20141-10010060A-1),2014110010060A60276,,3,,20,1-18周,0,丁言仁,1-18周 周三 第3节-第4节 仙Ⅰ-507,2.0,外国语学院,否,理论类课程,周三,2014-2015-1,,2014110010060A60276,2012外国语学院英语,0,仙林校区,2014-2015学年 第1学期,60276,仙Ⅰ-507,0.0,否,,1,32,,0,0,英语学术写作,11,第3节-第4节,仙I区,10010060A
32.0,400070,英语学术写作(20141-10010060A-2),2014110010060A60277,,3,,16,1-18周,0,朱雪峰,1-18周 周三 第3节-第4节 仙Ⅰ-508,2.0,外国语学院,否,理论类课程,周三,2014-2015-1,,2014110010060A60277,2012外国语学院英语,0,仙林校区,2014-2015学年 第1学期,60277,仙Ⅰ-508,0.0,否,,1,32,,0,0,英语学术写作,11,第3节-第4节,仙I区,10010060A
32.0,400070,英语学术写作(20141-10010060A-3),2014110010060A60278,,3,,25,1-18周,0,Tony Sansotta,1-18周 周三 第3节-第4节 仙Ⅰ-509,2.0,外国语学院,否,理论类课程,周三,2014-2015-1,,2014110010060A60278,2012外国语学院英语,0,仙林校区,2014-2015学年 第1学期,60278,仙Ⅰ-509,0.0,否,,1,32,,0,0,英语学术写作,11,第3节-第4节,仙I区,10010060A
32.0,400070,汉英翻译(20141-10010080-1),201411001008060279,,3,,31,1-18周,0,仇蓓玲,1-18周 周二 第1节-第2节 仙Ⅰ-409,2.0,外国语学院,否,理论类课程,周二,2014-2015-1,,201411001008060279,2012外国语学院英语,0,仙林校区,2014-2015学年 第1学期,60279,仙Ⅰ-409,0.0,否,,1,32,,0,0,汉英翻译,11,第1节-第2节,仙I区,10010080
32.0,400070,汉英翻译(20141-10010080-2),201411001008060280,,3,,26,1-18周,0,仇蓓玲,1-18周 周二 第3节-第4节 仙Ⅰ-409,2.0,外国语学院,否,理论类课程,周二,2014-2015-1,,201411001008060280,2012外国语学院英语,0,仙林校区,2014-2015学年 第1学期,60280,仙Ⅰ-409,0.0,否,,1,32,,0,0,汉英翻译,11,第3节-第4节,仙I区,10010080
32.0,400070,汉英翻译(20141-10010080-3),201411001008060281,,3,,16,1-18周,0,高虹,1-18周 周二 第3节-第4节 仙Ⅰ-408,2.0,外国语学院,否,理论类课程,周二,2014-2015-1,,201411001008060281,2012外国语学院英语,0,仙林校区,2014-2015学年 第1学期,60281,仙Ⅰ-408,0.0,否,,1,32,,0,0,汉英翻译,11,第3节-第4节,仙I区,10010080
32.0,400070,中国思想经典(20141-10010090-1),201411001009060282,,3,,56,1-18周,0,"朱雪峰,范浩,陈兵",1-18周 周二 第5节-第6节 仙Ⅱ-215,2.0,外国语学院,否,理论类课程,周二,2014-2015-1,,201411001009060282,2012外国语学院英语,0,仙林校区,2014-2015学年 第1学期,60282,仙Ⅱ-215,0.0,否,,1,32,,0,0,中国思想经典,12,第5节-第6节,仙II区,10010090
32.0,400070,美国文学(20141-10010120-1),201411001012060284,,3,,36,1-18周,0,江宁康,1-18周 周一 第3节-第4节 仙Ⅰ-410,2.0,外国语学院,否,理论类课程,周一,2014-2015-1,,201411001012060284,2012外国语学院英语,0,仙林校区,2014-2015学年 第1学期,60284,仙Ⅰ-410,0.0,否,,1,32,,0,0,美国文学,11,第3节-第4节,仙I区,10010120
32.0,400070,美国文学(20141-10010120-2),201411001012060285,,3,,27,1-18周,0,"但汉松,赵文书",1-18周 周一 第3节-第4节 仙Ⅰ-409,2.0,外国语学院,否,理论类课程,周一,2014-2015-1,,201411001012060285,2012外国语学院英语,0,仙林校区,2014-2015学年 第1学期,60285,仙Ⅰ-409,0.0,否,,1,32,,0,0,美国文学,11,第3节-第4节,仙I区,10010120
32.0,400070,英国社会与文化(20141-10010160-1),201411001016060239,,3,,68,1-18周,0,"徐蕾,杨金才",1-18周 周三 第3节-第4节 仙Ⅰ-519,2.0,外国语学院,否,理论类课程,周三,2014-2015-1,,201411001016060239,2013外国语学院英语,0,仙林校区,2014-2015学年 第1学期,60239,仙Ⅰ-519,0.0,否,,1,32,,0,0,英国社会与文化,11,第3节-第4节,仙I区,10010160
48.0,400070,二外日语(二)(20141-10010190B-1),2014110010190B60287,,3,,21,"1-18周,1-18周",0,"日语研究生,彭曦","1-18周 周一 第5节-第6节 仙Ⅰ-504,1-18周 周三 第7节-第8节 仙Ⅰ-504",3.0,外国语学院,否,理论类课程,"周一,周三",2014-2015-1,,2014110010190B60287,2012外国语学院英语,0,仙林校区,2014-2015学年 第1学期,60287,"仙Ⅰ-504,仙Ⅰ-504",0.0,否,,1,64,,0,0,二外日语(二),11,"第5节-第6节,第7节-第8节",仙I区,10010190B
48.0,400070,二外法语(二)(20141-10010200B-1),2014110010200B60289,,3,,32,"1-18周,1-18周",0,"法语研究生,谭成春","1-18周 周一 第5节-第6节 仙Ⅰ-505,1-18周 周三 第7节-第8节 仙Ⅰ-505",3.0,外国语学院,否,理论类课程,"周一,周三",2014-2015-1,,2014110010200B60289,2012外国语学院英语,0,仙林校区,2014-2015学年 第1学期,60289,"仙Ⅰ-505,仙Ⅰ-505",0.0,否,,1,64,,0,0,二外法语(二),11,"第5节-第6节,第7节-第8节",仙I区,10010200B
48.0,400070,二外德语(二)(20141-10010210B-1),2014110010210B60290,,3,,10,"1-18周,1-18周",0,"德语研究生,陈民","1-18周 周一 第5节-第6节 仙Ⅰ-506,1-18周 周三 第7节-第8节 仙Ⅰ-506",3.0,外国语学院,否,理论类课程,"周一,周三",2014-2015-1,,2014110010210B60290,2012外国语学院英语,0,仙林校区,2014-2015学年 第1学期,60290,"仙Ⅰ-506,仙Ⅰ-506",0.0,否,,1,64,,0,0,二外德语(二),11,"第5节-第6节,第7节-第8节",仙I区,10010210B
160.0,400070,基础俄语(一)(20141-10020010A-1),2014110020010A59895,,3,,23,"4-18周,4-18周,4-18周,4-18周",0,"赵杨,段丽君,汪磊","4-18周 周四 第1节-第2节 仙Ⅰ-408,4-18周 周五 第1节-第4节 仙Ⅰ-505,4-18周 周二 第1节-第4节 仙Ⅰ-505,4-18周 周一 第1节-第4节 仙Ⅰ-408",10.0,外国语学院,否,理论类课程,"周一,周二,周四,周五",2014-2015-1,,2014110020010A59895,2014外国语学院俄语,0,仙林校区,2014-2015学年 第1学期,59895,"仙Ⅰ-408,仙Ⅰ-505,仙Ⅰ-408,仙Ⅰ-505",0.0,否,,1,224,,0,0,基础俄语（一）,11,"第1节-第4节,第1节-第4节,第1节-第2节,第1节-第4节",仙I区,10020010A
96.0,400070,基础俄语(三)(20141-10020010C-1),2014110020010C59906,,3,,12,"1-18周,1-18周",0,"徐来娣,孙飞燕","1-18周 周二 第1节-第4节 仙Ⅰ-324,1-18周 周四 第1节-第4节 仙Ⅰ-512",6.0,外国语学院,否,理论+实践课程,"周二,周四",2014-2015-1,,2014110020010C59906,2013外国语学院俄语,0,仙林校区,2014-2015学年 第1学期,59906,"仙Ⅰ-324,仙Ⅰ-512",0.0,否,,5,64,,64,0,基础俄语(三),11,"第1节-第4节,第1节-第4节",仙I区,10020010C
16.0,400070,基础语法(二)(20141-10020020B-1),2014110020020B59909,,3,,12,1-18周,0,赵杨,1-18周 周二 第5节-第6节 仙Ⅰ-512,1.0,外国语学院,否,理论+实践课程,周二,2014-2015-1,,2014110020020B59909,2013外国语学院俄语,0,仙林校区,2014-2015学年 第1学期,59909,仙Ⅰ-512,0.0,否,,5,16,,16,0,基础语法(二),11,第5节-第6节,仙I区,10020020B
16.0,400070,基础阅读(二)(20141-10020030B-1),2014110020030B59910,,3,,12,1-18周,0,陈静(俄语),1-18周 周三 第3节-第4节 ,1.0,外国语学院,否,理论类课程,周三,2014-2015-1,,2014110020030B59910,2013外国语学院俄语,0,仙林校区,2014-2015学年 第1学期,59910,仙Ⅰ-528,0.0,否,,1,32,,0,0,基础阅读(二),,第3节-第4节,,10020030B
80.0,400070,中级俄语(一)(20141-10020040A-1),2014110020040A59916,,3,,12,"1-18周,1-17周(单)",0,范洁清,"1-18周 周二 第1节-第4节 仙Ⅰ-515,1-17周(单) 周四 第1节-第4节 仙Ⅰ-515",5.0,外国语学院,否,理论类课程,"周二,周四",2014-2015-1,,2014110020040A59916,2012外国语学院俄语,0,仙林校区,2014-2015学年 第1学期,59916,"仙Ⅰ-515,仙Ⅰ-515",0.0,否,,1,96,,0,0,中级俄语(一),11,"第1节-第4节,第1节-第4节",仙I区,10020040A
16.0,400070,中级阅读(一)(20141-10020050A-1),2014110020050A59920,,3,,12,1-18周,0,杨正,1-18周 周三 第3节-第4节 仙Ⅰ-410,1.0,外国语学院,否,理论类课程,周三,2014-2015-1,,2014110020050A59920,2012外国语学院俄语,0,仙林校区,2014-2015学年 第1学期,59920,仙Ⅰ-410,0.0,否,,1,32,,0,0,中级阅读(一),11,第3节-第4节,仙I区,10020050A
48.0,400070,高级俄语(一)(20141-10020060A-1),2014110020060A59930,,3,,18,"1-18周,1-18周",0,"伊琳娜·普里奥罗娃,张俊翔","1-18周 周二 第3节-第4节 仙Ⅰ-506,1-18周 周四 第3节-第4节 仙Ⅰ-503",3.0,外国语学院,否,理论类课程,"周二,周四",2014-2015-1,,2014110020060A59930,2011外国语学院俄语,0,仙林校区,2014-2015学年 第1学期,59930,"仙Ⅰ-506,仙Ⅰ-503",0.0,否,,1,64,,0,0,高级俄语(一),11,"第3节-第4节,第3节-第4节",仙I区,10020060A
32.0,400070,汉译俄(20141-10020080-1),201411002008059933,,3,,18,1-18周,0,张俊翔,1-18周 周二 第1节-第2节 仙Ⅰ-506,2.0,外国语学院,否,理论+实践课程,周二,2014-2015-1,,201411002008059933,2011外国语学院俄语,0,仙林校区,2014-2015学年 第1学期,59933,仙Ⅰ-506,0.0,否,,5,16,,16,0,汉译俄,11,第1节-第2节,仙I区,10020080
16.0,400070,俄罗斯概况(一)(20141-10020090A-1),2014110020090A59899,,3,,24,4-18周,0,杨正,4-18周 周三 第1节-第2节 仙Ⅰ-408,1.0,外国语学院,否,理论类课程,周三,2014-2015-1,,2014110020090A59899,2014外国语学院俄语,0,仙林校区,2014-2015学年 第1学期,59899,仙Ⅰ-408,0.0,否,,1,32,,0,0,俄罗斯概况（一）,11,第1节-第2节,仙I区,10020090A
16.0,400070,俄罗斯文学史(二)(20141-10020100B-1),2014110020100B59935,,3,,18,1-18周,0,赵丹,1-18周 周三 第3节-第4节 仙Ⅰ-409,1.0,外国语学院,否,理论类课程,周三,2014-2015-1,,2014110020100B59935,2011外国语学院俄语,0,仙林校区,2014-2015学年 第1学期,59935,仙Ⅰ-409,0.0,否,,1,32,,0,0,俄罗斯文学史(二),11,第3节-第4节,仙I区,10020100B
144.0,400070,日语精读(一)(20141-10030010A-1),2014110030010A59956,,3,,22,"4-18周,4-18周,4-18周",0,"吕斌,彭曦","4-18周 周一 第1节-第4节 仙Ⅰ-510,4-18周 周三 第3节-第4节 仙Ⅰ-408,4-18周 周五 第1节-第4节 仙Ⅰ-513",9.0,外国语学院,否,理论类课程,"周一,周三,周五",2014-2015-1,,2014110030010A59956,2014外国语学院日语,0,仙林校区,2014-2015学年 第1学期,59956,"仙Ⅰ-510,仙Ⅰ-408,仙Ⅰ-513",0.0,否,,1,144,,0,0,日语精读（一）,11,"第1节-第4节,第3节-第4节,第1节-第4节",仙I区,10030010A
96.0,400070,日语精读(三)(20141-10030010C-1),2014110030010C59964,,3,,21,"1-18周,1-18周",0,"李斌,杉本英世","1-18周 周二 第1节-第4节 仙Ⅰ-504,1-18周 周三 第1节-第4节 仙Ⅰ-324",6.0,外国语学院,否,理论类课程,"周二,周三",2014-2015-1,,2014110030010C59964,2013外国语学院日语,0,仙林校区,2014-2015学年 第1学期,59964,"仙Ⅰ-504,仙Ⅰ-324",0.0,否,,1,96,,0,0,日语精读(三),11,"第1节-第4节,第1节-第4节",仙I区,10030010C
96.0,400070,日语精读(五)(20141-10030010E-1),2014110030010E59978,,3,,13,"1-18周,1-18周",0,"杉本英世,雷国山","1-18周 周二 第1节-第4节 仙Ⅰ-323,1-18周 周三 第1节-第4节 仙Ⅰ-515",6.0,外国语学院,否,理论类课程,"周二,周三",2014-2015-1,,2014110030010E59978,2012外国语学院日语,0,仙林校区,2014-2015学年 第1学期,59978,"仙Ⅰ-323,仙Ⅰ-515",0.0,否,,1,96,,0,0,日语精读(五),11,"第1节-第4节,第1节-第4节",仙I区,10030010E
64.0,400070,日语精读(七)(20141-10030010G-1),2014110030010G59982,,3,,16,1-18周,0,"雷国山,叶琳",1-18周 周二 第1节-第4节 仙Ⅰ-509,4.0,外国语学院,否,理论类课程,周二,2014-2015-1,,2014110030010G59982,2011外国语学院日语,0,仙林校区,2014-2015学年 第1学期,59982,仙Ⅰ-509,0.0,否,,1,64,,0,0,日语精读(七),11,第1节-第4节,仙I区,10030010G
16.0,400070,日语写作(一)(20141-10030020A-1),2014110030020A59965,,3,,21,1-18周,0,野村卓美,1-18周 周四 第3节-第4节 仙Ⅰ-409,1.0,外国语学院,否,理论类课程,周四,2014-2015-1,,2014110030020A59965,2013外国语学院日语,0,仙林校区,2014-2015学年 第1学期,59965,仙Ⅰ-409,0.0,否,,1,16,,0,0,日语写作(一),11,第3节-第4节,仙I区,10030020A
16.0,400070,日语写作(三)(20141-10030020C-1),2014110030020C59976,,3,,14,1-18周,0,野村卓美,1-18周 周四 第1节-第2节 仙Ⅰ-409,1.0,外国语学院,否,理论类课程,周四,2014-2015-1,,2014110030020C59976,2012外国语学院日语,0,仙林校区,2014-2015学年 第1学期,59976,仙Ⅰ-409,0.0,否,,1,16,,0,0,日语写作(三),11,第1节-第2节,仙I区,10030020C
16.0,400070,日本文化概论(一)(20141-10030030A-1),2014110030030A59985,,3,,17,1-18周,0,王奕红,1-18周 周四 第3节-第4节 仙Ⅰ-502,1.0,外国语学院,否,理论类课程,周四,2014-2015-1,,2014110030030A59985,2011外国语学院日语,0,仙林校区,2014-2015学年 第1学期,59985,仙Ⅰ-502,0.0,否,,1,16,,0,0,日本文化概论(一),11,第3节-第4节,仙I区,10030030A
16.0,400070,日本文学史(一)(20141-10030040A-1),2014110030040A59969,,3,,12,1-18周,0,野村卓美,1-18周 周五 第3节-第4节 仙Ⅰ-409,1.0,外国语学院,否,理论类课程,周五,2014-2015-1,,2014110030040A59969,2012外国语学院日语,0,仙林校区,2014-2015学年 第1学期,59969,仙Ⅰ-409,0.0,否,,1,16,,0,0,日本文学史(一),11,第3节-第4节,仙I区,10030040A
144.0,400070,初级法语（一）,2014110040010A59988,,3,,32,"4-18周,4-18周,4-18周",0,"周越,张璐","4-18周 周一 第1节-第4节 仙Ⅰ-508,4-18周 周五 第1节-第4节 仙Ⅰ-504,4-18周 周三 第1节-第4节 仙Ⅰ-323",9.0,外国语学院,否,理论+实践课程,"周一,周三,周五",2014-2015-1,,2014110040010A59988,2014外国语学院法语,0,仙林校区,2014-2015学年 第1学期,59988,"仙Ⅰ-508,仙Ⅰ-323,仙Ⅰ-504",0.0,否,,5,128,,64,0,初级法语（一）,11,"第1节-第4节,第1节-第4节,第1节-第4节",仙I区,10040010A
16.0,400070,初级视听（一）,2014110040020A59994,,3,,29,4-18周,0,Aleksi Lectez,4-18周 周二 第3节-第4节 仙Ⅱ-116,1.0,外国语学院,否,理论类课程,周二,2014-2015-1,,2014110040020A59994,2014外国语学院法语,0,仙林校区,2014-2015学年 第1学期,59994,仙Ⅱ-116,0.0,否,,1,32,,0,0,初级视听（一）,12,第3节-第4节,仙II区,10040020A
128.0,400070,中级法语(一)(20141-10040030A-1),2014110040030A59998,,3,,27,"1-18周,1-18周,1-18周",0,"黄荭,高方","1-18周 周一 第1节-第2节 仙Ⅰ-504,1-18周 周四 第1节-第4节 仙Ⅰ-514,1-18周 周三 第1节-第4节 仙Ⅱ-116",8.0,外国语学院,否,理论+实践课程,"周一,周三,周四",2014-2015-1,,2014110040030A59998,2013外国语学院法语,0,仙林校区,2014-2015学年 第1学期,59998,"仙Ⅰ-504,仙Ⅱ-116,仙Ⅰ-514",0.0,否,,5,128,,32,0,中级法语(一),"11,12","第1节-第2节,第1节-第4节,第1节-第4节","仙I区, 仙II区",10040030A
16.0,400070,中级视听(一)(20141-10040040A-1),2014110040040A60004,,3,,23,1-18周,0,Aleksi Lectez,1-18周 周二 第1节-第2节 仙Ⅱ-307,1.0,外国语学院,否,理论类课程,周二,2014-2015-1,,2014110040040A60004,2013外国语学院法语,0,仙林校区,2014-2015学年 第1学期,60004,仙Ⅱ-307,0.0,否,,1,16,,0,0,中级视听(一),12,第1节-第2节,仙II区,10040040A
16.0,400070,基础阅读(一)(20141-10040050A-1),2014110040050A60005,,3,,26,1-18周,0,谭成春,1-18周 周五 第1节-第2节 仙Ⅰ-508,1.0,外国语学院,否,理论+实践课程,周五,2014-2015-1,,2014110040050A60005,2013外国语学院法语,0,仙林校区,2014-2015学年 第1学期,60005,仙Ⅰ-508,0.0,否,,5,16,,16,0,基础阅读(一),11,第1节-第2节,仙I区,10040050A
96.0,400070,高级法语(一)(20141-10040060A-1),2014110040060A60028,,3,,5,"1-18周,1-18周",0,"曹丹红,刘云虹","1-18周 周四 第1节-第2节 仙Ⅱ-307,1-18周 周二 第1节-第4节 仙Ⅰ-513",6.0,外国语学院,否,理论+实践课程,"周二,周四",2014-2015-1,,2014110040060A60028,2012外国语学院法语,0,仙林校区,2014-2015学年 第1学期,60028,"仙Ⅰ-513,仙Ⅱ-307",0.0,否,,5,80,,16,0,高级法语(一),"11,12","第1节-第4节,第1节-第2节","仙I区, 仙II区",10040060A
16.0,400070,基础写作(一)(20141-10040070A-1),2014110040070A60027,,3,,5,1-18周,0,Nicolas Monbertrand,1-18周 周五 第1节-第2节 仙Ⅱ-307,1.0,外国语学院,否,理论+实践课程,周五,2014-2015-1,,2014110040070A60027,2012外国语学院法语,0,仙林校区,2014-2015学年 第1学期,60027,仙Ⅱ-307,0.0,否,,5,16,,16,0,基础写作(一),12,第1节-第2节,仙II区,10040070A
16.0,400070,翻译理论与实践(汉译法)(一)(20141-10040080A-1),2014110040080A60038,,3,,30,1-18周,0,许钧,1-18周 周四 第3节-第4节 仙Ⅰ-511,1.0,外国语学院,否,理论类课程,周四,2014-2015-1,,2014110040080A60038,2011外国语学院法语,0,仙林校区,2014-2015学年 第1学期,60038,仙Ⅰ-511,0.0,否,,1,16,,0,0,翻译理论与实践[汉译法](一),11,第3节-第4节,仙I区,10040080A
32.0,400070,法国历史与文化(20141-10040090-1),201411004009060016,,3,,8,1-18周,0,曹丹红,1-18周 周三 第1节-第2节 仙Ⅰ-502,2.0,外国语学院,否,理论类课程,周三,2014-2015-1,,201411004009060016,2012外国语学院法语,0,仙林校区,2014-2015学年 第1学期,60016,仙Ⅰ-502,0.0,否,,1,32,,0,0,法国历史与文化,11,第1节-第2节,仙I区,10040090
32.0,400070,法语语言文学通论(20141-10040100-1),201411004010060029,,3,,30,"1-18周,1-18周",0,张新木,"1-18周 周四 第1节-第2节 仙Ⅰ-511,1-18周 周二 第3节-第4节 仙Ⅰ-511",2.0,外国语学院,否,理论+实践课程,"周二,周四",2014-2015-1,,201411004010060029,2011外国语学院法语,0,仙林校区,2014-2015学年 第1学期,60029,"仙Ⅰ-511,仙Ⅰ-511",0.0,否,,5,48,,16,0,法语语言文学通论,11,"第3节-第4节,第1节-第2节",仙I区,10040100
128.0,400070,基础德语(一)(20141-10050010A-1),2014110050010A60046,,3,,29,"4-18周,4-18周,4-18周",0,"李彬,张辛仪","4-18周 周一 第1节-第2节 仙Ⅱ-101,4-18周 周五 第1节-第4节 仙Ⅰ-511,4-18周 周三 第1节-第4节 仙Ⅰ-511",8.0,外国语学院,否,理论类课程,"周一,周三,周五",2014-2015-1,,2014110050010A60046,2014外国语学院德语,0,仙林校区,2014-2015学年 第1学期,60046,"仙Ⅱ-101,仙Ⅰ-511,仙Ⅰ-511",0.0,否,,1,160,,0,0,基础德语（一）,"11,12","第1节-第2节,第1节-第4节,第1节-第4节","仙I区, 仙II区",10050010A
96.0,400070,中级德语(一)(20141-10050020A-1),2014110050020A60049,,3,,27,"1-18周,1-18周,1-18周,1-18周",0,"王露杨,钦文","1-18周 周一 第1节-第2节 仙Ⅱ-317,1-18周 周四 第3节-第4节 仙Ⅰ-507,1-18周 周二 第3节-第4节 仙Ⅱ-317,1-18周 周五 第1节-第2节 仙Ⅰ-507",6.0,外国语学院,否,理论类课程,"周一,周二,周四,周五",2014-2015-1,,2014110050020A60049,2013外国语学院德语,0,仙林校区,2014-2015学年 第1学期,60049,"仙Ⅱ-317,仙Ⅱ-317,仙Ⅰ-507,仙Ⅰ-507",0.0,否,,1,128,,0,0,中级德语(一),"11,12","第1节-第2节,第3节-第4节,第3节-第4节,第1节-第2节","仙I区, 仙II区",10050020A
32.0,400070,德语写作(一)(20141-10050040A-1),2014110050040A60051,,3,,30,1-18周,0,孔德明,1-18周 周三 第3节-第4节 仙Ⅱ-109,2.0,外国语学院,否,理论+实践课程,周三,2014-2015-1,,2014110050040A60051,2013外国语学院德语,0,仙林校区,2014-2015学年 第1学期,60051,仙Ⅱ-109,0.0,否,,5,16,,16,0,德语写作(一),12,第3节-第4节,仙II区,10050040A
16.0,400070,德语阅读(一)(20141-10050050A-1),2014110050050A60055,,3,,30,1-18周,0,陈民,1-18周 周三 第1节-第2节 仙Ⅰ-513,1.0,外国语学院,否,理论类课程,周三,2014-2015-1,,2014110050050A60055,2013外国语学院德语,0,仙林校区,2014-2015学年 第1学期,60055,仙Ⅰ-513,0.0,否,,1,32,,0,0,德语阅读(一),11,第1节-第2节,仙I区,10050050A
64.0,400070,高级德语(一)(20141-10050060A-1),2014110050060A60072,,3,,9,"1-18周,1-18周",0,"孔德明,常玲玲","1-18周 周一 第1节-第2节 仙Ⅰ-514,1-18周 周五 第1节-第2节 仙Ⅰ-514",4.0,外国语学院,否,理论类课程,"周一,周五",2014-2015-1,,2014110050060A60072,2012外国语学院德语,0,仙林校区,2014-2015学年 第1学期,60072,"仙Ⅰ-514,仙Ⅰ-514",0.0,否,,1,64,,0,0,高级德语(一),11,"第1节-第2节,第1节-第2节",仙I区,10050060A
32.0,400070,高级视听说(一)(20141-10050070A-1),2014110050070A60071,,3,,9,1-18周,0,Dudzik,1-18周 周四 第1节-第2节 仙Ⅰ-513,2.0,外国语学院,否,理论+实践课程,周四,2014-2015-1,,2014110050070A60071,2012外国语学院德语,0,仙林校区,2014-2015学年 第1学期,60071,仙Ⅰ-513,0.0,否,,5,16,,16,0,高级视听说(一),11,第1节-第2节,仙I区,10050070A
32.0,400070,论文写作(一)(20141-10050080A-1),2014110050080A60064,,3,,12,1-18周,0,Dudzik,1-18周 周四 第3节-第4节 仙Ⅰ-513,2.0,外国语学院,否,理论类课程,周四,2014-2015-1,,2014110050080A60064,2012外国语学院德语,0,仙林校区,2014-2015学年 第1学期,60064,仙Ⅰ-513,0.0,否,,1,32,,0,0,论文写作(一),11,第3节-第4节,仙I区,10050080A
32.0,400070,毕业论文写作(一)(20141-10050090A-1),2014110050090A60082,,3,,24,1-18周,0,"Dudzik,孔德明",1-18周 周五 第3节-第4节 仙Ⅰ-514,2.0,外国语学院,否,理论+实践课程,周五,2014-2015-1,,2014110050090A60082,2011外国语学院德语,0,仙林校区,2014-2015学年 第1学期,60082,仙Ⅰ-514,0.0,否,,5,16,,16,0,毕业论文写作(一),11,第3节-第4节,仙I区,10050090A
32.0,400070,德国历史与文化(20141-10050100-1),201411005010060070,,3,,6,1-18周,0,Dudzik,1-18周 周二 第1节-第2节 仙Ⅰ-507,2.0,外国语学院,否,理论类课程,周二,2014-2015-1,,201411005010060070,2012外国语学院德语,0,仙林校区,2014-2015学年 第1学期,60070,仙Ⅰ-507,0.0,否,,1,32,,0,0,德国历史与文化,11,第1节-第2节,仙I区,10050100
160.0,400070,初级西班牙语(一)(20141-10060010A-1),2014110060010A60083,,3,,23,"4-18周,4-18周,4-18周,4-18周",0,"谭薇,李静","4-18周 周四 第1节-第2节 仙Ⅰ-506,4-18周 周三 第3节-第4节 仙Ⅱ-307,4-18周 周五 第1节-第4节 仙Ⅰ-506,4-18周 周一 第1节-第4节 仙Ⅰ-515",10.0,外国语学院,否,理论类课程,"周一,周三,周四,周五",2014-2015-1,,2014110060010A60083,2014外国语学院西班牙语,0,仙林校区,2014-2015学年 第1学期,60083,"仙Ⅰ-515,仙Ⅱ-307,仙Ⅰ-506,仙Ⅰ-506",0.0,否,,1,160,,0,0,初级西班牙语(一),"11,12","第1节-第4节,第3节-第4节,第1节-第2节,第1节-第4节","仙I区, 仙II区",10060010A
32.0,400070,西班牙语初级视听说（一）(20141-10060020A-1),2014110060020A60103,,3,,21,4-18周,0,莫娅妮,4-18周 周二 第3节-第4节 ,2.0,外国语学院,否,理论+实践课程,周二,2014-2015-1,,2014110060020A60103,2014外国语学院西班牙语,0,仙林校区,2014-2015学年 第1学期,60103,仙Ⅰ-527,0.0,否,,5,16,,16,0,西班牙语初级视听说（一）,,第3节-第4节,,10060020A
128.0,400070,中级西班牙语(一)(20141-10060040A-1),2014110060040A60112,,3,,23,"1-18周,1-18周,1-18周",0,"莫娅妮,裴枫","1-18周 周一 第1节-第2节 仙Ⅰ-507,1-18周 周四 第1节-第4节 ,1-18周 周二 第1节-第4节 仙Ⅱ-407",8.0,外国语学院,否,理论类课程,"周一,周二,周四",2014-2015-1,,2014110060040A60112,2013外国语学院西班牙语,0,仙林校区,2014-2015学年 第1学期,60112,"仙Ⅰ-507,仙Ⅱ-407,仙Ⅰ-526",0.0,否,,1,160,,0,0,中级西班牙语(一),"11,12","第1节-第2节,第1节-第4节,第1节-第4节","仙I区, 仙II区",10060040A
32.0,400070,西班牙语中级视听说（一）(20141-10060050A-1),2014110060050A60125,,3,,12,1-18周,0,Juan Carlos Moreno-Arrones,1-18周 周三 第1节-第2节 仙Ⅰ-510,2.0,外国语学院,否,理论+实践课程,周三,2014-2015-1,,2014110060050A60125,2013外国语学院西班牙语,0,仙林校区,2014-2015学年 第1学期,60125,仙Ⅰ-510,0.0,否,,5,16,,16,0,西班牙语中级视听说（一）,11,第1节-第2节,仙I区,10060050A
32.0,400070,西班牙语中级视听说（一）(20141-10060050A-2),2014110060050A60129,,3,,12,1-18周,0,Juan Carlos Moreno-Arrones,1-18周 周三 第3节-第4节 仙Ⅰ-510,2.0,外国语学院,否,理论+实践课程,周三,2014-2015-1,,2014110060050A60129,2013外国语学院西班牙语,0,仙林校区,2014-2015学年 第1学期,60129,仙Ⅰ-510,0.0,否,,5,16,,16,0,西班牙语中级视听说（一）,11,第3节-第4节,仙I区,10060050A
32.0,400070,西班牙语中级阅读（一）(20141-10060060A-1),2014110060060A60121,,3,,23,1-18周,0,张伟劼,1-18周 周五 第1节-第2节 仙Ⅰ-510,2.0,外国语学院,否,理论+实践课程,周五,2014-2015-1,,2014110060060A60121,2013外国语学院西班牙语,0,仙林校区,2014-2015学年 第1学期,60121,仙Ⅰ-510,0.0,否,,5,16,,16,0,西班牙语中级阅读,11,第1节-第2节,仙I区,10060060A
64.0,400070,高级西班牙语(20141-10060070-1),201411006007060141,,3,,10,1-18周,0,宋尽冬,1-18周 周二 第1节-第4节 仙Ⅱ-412,4.0,外国语学院,否,理论类课程,周二,2014-2015-1,,201411006007060141,2012外国语学院西班牙语,0,仙林校区,2014-2015学年 第1学期,60141,仙Ⅱ-412,0.0,否,,1,64,,0,0,高级西班牙语,12,第1节-第4节,仙II区,10060070
32.0,400070,西班牙语高级视听说（一）(20141-10060080A-1),2014110060080A60139,,3,,23,1-18周,0,Juan Carlos Moreno-Arrones,1-18周 周四 第1节-第2节 仙Ⅰ-503,2.0,外国语学院,否,理论+实践课程,周四,2014-2015-1,,2014110060080A60139,2012外国语学院西班牙语,0,仙林校区,2014-2015学年 第1学期,60139,仙Ⅰ-503,0.0,否,,5,16,,16,0,西班牙语高级视听说（一）,11,第1节-第2节,仙I区,10060080A
32.0,400070,西班牙语应用文写作(20141-10060090-1),201411006009060131,,3,,22,1-18周,0,Tania Parrilla,1-18周 周三 第7节-第8节 仙Ⅰ-507,2.0,外国语学院,否,理论+实践课程,周三,2014-2015-1,,201411006009060131,2012外国语学院西班牙语,0,仙林校区,2014-2015学年 第1学期,60131,仙Ⅰ-507,0.0,否,,5,16,,16,0,西班牙语应用文写作,11,第7节-第8节,仙I区,10060090
16.0,400070,西班牙语报刊选读（一）(20141-10060110A-1),2014110060110A60136,,3,,19,1-18周,0,李易非,1-18周 周四 第3节-第4节 仙Ⅰ-508,1.0,外国语学院,否,理论+实践课程,周四,2014-2015-1,,2014110060110A60136,2012外国语学院西班牙语,0,仙林校区,2014-2015学年 第1学期,60136,仙Ⅰ-508,0.0,否,,5,16,,16,0,西班牙语报刊选读（一）,11,第3节-第4节,仙I区,10060110A
32.0,400070,西班牙语国家通论(20141-10060120-1),201411006012060104,,3,,22,4-18周,0,李易非,4-18周 周二 第1节-第2节 仙Ⅰ-408,2.0,外国语学院,否,理论类课程,周二,2014-2015-1,,201411006012060104,2014外国语学院西班牙语,0,仙林校区,2014-2015学年 第1学期,60104,仙Ⅰ-408,0.0,否,,1,32,,0,0,西班牙语国家通论,11,第1节-第2节,仙I区,10060120
16.0,400070,西班牙历史与文化(20141-10060130-1),201411006013060122,,3,,23,1-18周,0,Tania Parrilla,1-18周 周三 第5节-第6节 仙Ⅰ-507,1.0,外国语学院,否,理论类课程,周三,2014-2015-1,,201411006013060122,2013外国语学院西班牙语,0,仙林校区,2014-2015学年 第1学期,60122,仙Ⅰ-507,0.0,否,,1,32,,0,0,西班牙历史与文化,11,第5节-第6节,仙I区,10060130
32.0,400070,朝[韩]语阅读写作(二)(20141-10070050B-1),2014110070050B60368,,3,,13,1-18周,0,崔昌竻,1-18周 周三 第5节-第6节 仙Ⅰ-510,2.0,外国语学院,否,理论类课程,周三,2014-2015-1,,2014110070050B60368,2012外国语学院朝鲜语,0,仙林校区,2014-2015学年 第1学期,60368,仙Ⅰ-510,0.0,否,,1,32,,0,0,朝[韩]语阅读写作(二),11,第5节-第6节,仙I区,10070050B
64.0,400070,高级朝[韩]语精读(一)(20141-10070060A-1),2014110070060A60444,,3,,11,1-18周,0,尹恩子,1-18周 周一 第1节-第4节 仙Ⅰ-512,4.0,外国语学院,否,理论类课程,周一,2014-2015-1,,2014110070060A60444,2012外国语学院朝鲜语,0,仙林校区,2014-2015学年 第1学期,60444,仙Ⅰ-512,0.0,否,,1,64,,0,0,高级朝[韩]语精读(一),11,第1节-第4节,仙I区,10070060A
16.0,400070,高级朝[韩]语视听说(一)(20141-10070070A-1),2014110070070A60367,,3,,11,1-18周,0,张俊翼,1-18周 周二 第1节-第4节 仙Ⅱ-413,1.0,外国语学院,否,理论类课程,周二,2014-2015-1,,2014110070070A60367,2012外国语学院朝鲜语,0,仙林校区,2014-2015学年 第1学期,60367,仙Ⅱ-413,0.0,否,,1,16,,0,0,高级朝[韩]语视听说(一),12,第1节-第4节,仙II区,10070070A
32.0,400070,朝鲜[韩国]文学简史(二)(20141-10070080B-1),2014110070080B60365,,3,,15,1-18周,0,崔昌竻,1-18周 周五 第5节-第6节 仙Ⅰ-505,2.0,外国语学院,否,理论类课程,周五,2014-2015-1,,2014110070080B60365,2011外国语学院朝鲜语,0,仙林校区,2014-2015学年 第1学期,60365,仙Ⅰ-505,0.0,否,,1,32,,0,0,朝鲜[韩国]文学简史(二),11,第5节-第6节,仙I区,10070080B
16.0,400070,朝[韩]语综合语法(20141-10070090-1),201411007009060171,,3,,13,1-18周,0,吴玉梅,1-18周 周五 第1节-第2节 仙Ⅰ-503,1.0,外国语学院,否,理论类课程,周五,2014-2015-1,,201411007009060171,2012外国语学院朝鲜语,0,仙林校区,2014-2015学年 第1学期,60171,仙Ⅰ-503,0.0,否,,1,16,,0,0,朝[韩]语综合语法,11,第1节-第2节,仙I区,10070090
16.0,400070,中朝[韩]交流史(20141-10070100-1),201411007010060443,,3,,18,1-18周,0,尹恩子,1-18周 周三 第3节-第4节 仙Ⅱ-315,1.0,外国语学院,否,理论类课程,周三,2014-2015-1,,201411007010060443,2011外国语学院朝鲜语,0,仙林校区,2014-2015学年 第1学期,60443,仙Ⅱ-315,0.0,否,,1,16,,0,0,中朝[韩]交流史,12,第3节-第4节,仙II区,10070100
128.0,400070,基础朝鲜（韩国）语精读（一）(20141-10070130A-1),2014110070130A60162,,3,,20,"4-18周,4-18周",0,"尹海燕,李锦花","4-18周 周二 第1节-第4节 仙Ⅰ-508,4-18周 周五 第1节-第4节 仙Ⅰ-509",8.0,外国语学院,否,理论类课程,"周二,周五",2014-2015-1,,2014110070130A60162,2014外国语学院朝鲜语,0,仙林校区,2014-2015学年 第1学期,60162,"仙Ⅰ-508,仙Ⅰ-509",0.0,否,,1,128,,0,0,基础朝鲜（韩国）语精读（一）,11,"第1节-第4节,第1节-第4节",仙I区,10070130A
128.0,400070,中级朝鲜（韩国）语精读（一）(20141-10070150A-1),2014110070150A60168,,3,,16,"1-18周,1-18周",0,"吴玉梅,郑墡谟","1-18周 周二 第1节-第4节 仙Ⅰ-512,1-18周 周四 第1节-第4节 仙Ⅰ-509",8.0,外国语学院,否,理论类课程,"周二,周四",2014-2015-1,,2014110070150A60168,2013外国语学院朝鲜语,0,仙林校区,2014-2015学年 第1学期,60168,"仙Ⅰ-512,仙Ⅰ-509",0.0,否,,1,128,,0,0,中级朝鲜（韩国）语精读（一）,11,"第1节-第4节,第1节-第4节",仙I区,10070150A
32.0,400070,实用语音学(20141-10080010-1),201411008001060209,,3,,27,4-18周,0,徐蕾,4-18周 周二 第3节-第4节 仙Ⅰ-410,2.0,外国语学院,否,理论类课程,周二,2014-2015-1,,201411008001060209,2014外国语学院英语,0,仙林校区,2014-2015学年 第1学期,60209,仙Ⅰ-410,0.0,否,,1,32,,0,0,实用语音学,11,第3节-第4节,仙I区,10080010
32.0,400070,英美戏剧欣赏与实践(20141-10080020-1),201411008002060210,,3,,34,4-18周,0,Ryan,4-18周 周二 第5节-第6节 仙Ⅰ-513,2.0,外国语学院,否,理论+实践课程,周二,2014-2015-1,,201411008002060210,2014外国语学院英语,0,仙林校区,2014-2015学年 第1学期,60210,仙Ⅰ-513,0.0,否,,5,16,,16,0,英美戏剧欣赏与实践,11,第5节-第6节,仙I区,10080020
32.0,400070,演讲与辩论(20141-10080030-1),201411008003060211,,3,,37,4-18周,0,Aaron,4-18周 周一 第7节-第8节 仙Ⅰ-502,2.0,外国语学院,否,理论+实践课程,周一,2014-2015-1,,201411008003060211,2014外国语学院英语,0,仙林校区,2014-2015学年 第1学期,60211,仙Ⅰ-502,0.0,否,,5,16,,16,0,演讲与辩论,11,第7节-第8节,仙I区,10080030
32.0,400070,英语文化选读(一)(20141-10080050A-1),2014110080050A60212,,3,,33,4-18周,0,徐蕾,4-18周 周二 第1节-第2节 仙Ⅰ-410,2.0,外国语学院,否,理论类课程,周二,2014-2015-1,,2014110080050A60212,2014外国语学院英语,0,仙林校区,2014-2015学年 第1学期,60212,仙Ⅰ-410,0.0,否,,1,32,,0,0,英语文化选读(一),11,第1节-第2节,仙I区,10080050A
16.0,400070,英语文化选读(三)(20141-10080050C-1),2014110080050C60240,,3,,37,1-18周,0,王艳,1-18周 周四 第1节-第2节 仙Ⅰ-508,1.0,外国语学院,否,理论类课程,周四,2014-2015-1,,2014110080050C60240,2013外国语学院英语,0,仙林校区,2014-2015学年 第1学期,60240,仙Ⅰ-508,0.0,否,,1,32,,0,0,英语文化选读(三),11,第1节-第2节,仙I区,10080050C
32.0,400070,英语文化听力(一)(20141-10080060A-1),2014110080060A60213,,3,,42,4-18周,0,高虹,4-18周 周五 第3节-第4节 ,2.0,外国语学院,否,理论+实践课程,周五,2014-2015-1,,2014110080060A60213,2014外国语学院英语,0,仙林校区,2014-2015学年 第1学期,60213,仙Ⅰ-526,0.0,否,,5,16,,16,0,英语听力(一),,第3节-第4节,,10080060A
16.0,400070,英语文化听力(三)(20141-10080060C-1),2014110080060C60241,,3,,42,1-18周,0,俞希,1-18周 周五 第1节-第2节 ,1.0,外国语学院,否,理论类课程,周五,2014-2015-1,,2014110080060C60241,2013外国语学院英语,0,仙林校区,2014-2015学年 第1学期,60241,仙Ⅰ-526,0.0,否,,1,16,,0,0,英语文化听力(三),,第1节-第2节,,10080060C
32.0,400070,英语口语交际(一)(20141-10080070A-1),2014110080070A60214,,3,,24,4-18周,0,Tony Sansotta,4-18周 周三 第1节-第2节 仙Ⅰ-504,2.0,外国语学院,否,理论+实践课程,周三,2014-2015-1,,2014110080070A60214,2014外国语学院英语,0,仙林校区,2014-2015学年 第1学期,60214,仙Ⅰ-504,0.0,否,,5,16,,16,0,英语口语交际(一),11,第1节-第2节,仙I区,10080070A
32.0,400070,英语口语交际(一)(20141-10080070A-2),2014110080070A60215,,3,,19,4-18周,0,Ryan,4-18周 周二 第9节-第10节 仙Ⅰ-409,2.0,外国语学院,否,理论+实践课程,周二,2014-2015-1,,2014110080070A60215,2014外国语学院英语,0,仙林校区,2014-2015学年 第1学期,60215,仙Ⅰ-409,0.0,否,,5,16,,16,0,英语口语交际(一),11,第9节-第10节,仙I区,10080070A
16.0,400070,英语口语交际(三)(20141-10080070C-1),2014110080070C60242,,3,,17,1-18周,0,Ryan,1-18周 周二 第7节-第8节 仙Ⅰ-513,1.0,外国语学院,否,理论类课程,周二,2014-2015-1,,2014110080070C60242,2013外国语学院英语,0,仙林校区,2014-2015学年 第1学期,60242,仙Ⅰ-513,0.0,否,,1,16,,0,0,英语口语交际(三),11,第7节-第8节,仙I区,10080070C
16.0,400070,英语口语交际(三)(20141-10080070C-2),2014110080070C60244,,3,,25,1-18周,0,Ryan,1-18周 周三 第5节-第6节 仙Ⅰ-513,1.0,外国语学院,否,理论类课程,周三,2014-2015-1,,2014110080070C60244,2013外国语学院英语,0,仙林校区,2014-2015学年 第1学期,60244,仙Ⅰ-513,0.0,否,,1,16,,0,0,英语口语交际(三),11,第5节-第6节,仙I区,10080070C
32.0,400070,英语学习策略(20141-10080080-1),201411008008060216,,3,,37,4-18周,0,Tony Sansotta,4-18周 周五 第1节-第2节 仙Ⅰ-512,2.0,外国语学院,否,理论类课程,周五,2014-2015-1,,201411008008060216,2014外国语学院英语,0,仙林校区,2014-2015学年 第1学期,60216,仙Ⅰ-512,0.0,否,,1,32,,0,0,英语学习策略,11,第1节-第2节,仙I区,10080080
32.0,400070,翻译理论与实践(指选)(一)(20141-10080090A-1),2014110080090A60291,,3,,21,1-18周,0,柯平,1-18周 周二 第9节-第10节 仙Ⅰ-505,2.0,外国语学院,否,理论+实践课程,周二,2014-2015-1,,2014110080090A60291,2012外国语学院英语,0,仙林校区,2014-2015学年 第1学期,60291,仙Ⅰ-505,0.0,否,,5,16,,16,0,翻译理论与实践(指选)(一),11,第9节-第10节,仙I区,10080090A
32.0,400070,英语学术论文写作(指选)(一)(20141-10080120A-1),2014110080120A60253,,3,,19,1-18周,0,但汉松,1-18周 周一 第1节-第2节 仙Ⅰ-513,2.0,外国语学院,否,理论+实践课程,周一,2014-2015-1,,2014110080120A60253,2011外国语学院英语,0,仙林校区,2014-2015学年 第1学期,60253,仙Ⅰ-513,0.0,否,,5,16,,16,0,英语学术论文写作(指选)(一),11,第1节-第2节,仙I区,10080120A
32.0,400070,英语学术论文写作(指选)(一)(20141-10080120A-2),2014110080120A60254,,3,,39,1-18周,0,周丹丹,1-18周 周二 第5节-第6节 仙Ⅰ-507,2.0,外国语学院,否,理论+实践课程,周二,2014-2015-1,,2014110080120A60254,2011外国语学院英语,0,仙林校区,2014-2015学年 第1学期,60254,仙Ⅰ-507,0.0,否,,5,16,,16,0,英语学术论文写作(指选)(一),11,第5节-第6节,仙I区,10080120A
32.0,400070,英美小说研究(20141-10080160-1),201411008016060245,,3,,30,1-18周,0,但汉松,1-18周 周三 第1节-第2节 仙Ⅰ-503,2.0,外国语学院,否,理论类课程,周三,2014-2015-1,,201411008016060245,2013外国语学院英语,0,仙林校区,2014-2015学年 第1学期,60245,仙Ⅰ-503,0.0,否,,1,32,,0,0,英美短篇小说细读,11,第1节-第2节,仙I区,10080160
32.0,400070,美国文学经典与文化传媒(20141-10080190-1),201411008019060404,,3,,8,1-18周,0,江宁康,1-18周 周一 第5节-第6节 仙Ⅰ-507,2.0,外国语学院,否,理论类课程,周一,2014-2015-1,,201411008019060404,2011外国语学院英语,0,仙林校区,2014-2015学年 第1学期,60404,仙Ⅰ-507,0.0,否,,1,32,,0,0,美国文学经典与文化传媒,11,第5节-第6节,仙I区,10080190
32.0,400070,文学作品与电影改编(20141-10080230-1),201411008023060246,,3,,36,1-18周,0,"何成洲,张瑛",1-18周 周一 第5节-第6节 仙Ⅰ-503,2.0,外国语学院,否,理论类课程,周一,2014-2015-1,,201411008023060246,2013外国语学院英语,0,仙林校区,2014-2015学年 第1学期,60246,仙Ⅰ-503,0.0,否,,1,32,,0,0,文学作品与电影改编,11,第5节-第6节,仙I区,10080230
32.0,400070,话语分析(20141-10080260-1),201411008026060362,,3,,11,3-18周,0,徐昉,3-18周 周二 第7节-第8节 仙Ⅰ-503,2.0,外国语学院,否,理论类课程,周二,2014-2015-1,,201411008026060362,2011外国语学院英语,0,仙林校区,2014-2015学年 第1学期,60362,仙Ⅰ-503,0.0,否,,1,32,,0,0,话语分析,11,第7节-第8节,仙I区,10080260
32.0,400070,应用语言学(20141-10080270-1),201411008027060256,,3,,5,3-18周,0,周丹丹,3-18周 周二 第3节-第4节 仙Ⅰ-507,2.0,外国语学院,否,理论类课程,周二,2014-2015-1,,201411008027060256,2011外国语学院英语,0,仙林校区,2014-2015学年 第1学期,60256,仙Ⅰ-507,0.0,否,,1,32,,0,0,应用语言学,11,第3节-第4节,仙I区,10080270
32.0,400070,文学专题研究(一)(20141-10080280A-1),2014110080280A60217,,3,,28,4-18周,0,赵文书,4-18周 周一 第1节-第2节 仙Ⅰ-502,2.0,外国语学院,否,理论类课程,周一,2014-2015-1,,2014110080280A60217,2014外国语学院英语,0,仙林校区,2014-2015学年 第1学期,60217,仙Ⅰ-502,0.0,否,,1,32,,0,0,文学专题研究(一),11,第1节-第2节,仙I区,10080280A
32.0,400070,文学专题研究（二）——当代英语女性文学(20141-10080280B-1),2014110080280B60292,,3,,6,1-18周,0,方红,1-18周 周四 第3节-第4节 仙Ⅰ-209,2.0,外国语学院,否,理论类课程,周四,2014-2015-1,,2014110080280B60292,2012外国语学院英语,0,仙林校区,2014-2015学年 第1学期,60292,仙Ⅰ-209,0.0,否,,1,32,,0,0,文学专题研究（二）,11,第3节-第4节,仙I区,10080280B
32.0,400070,语言学专题研究(二)(20141-10080300B-1),2014110080300B60248,,3,,22,1-18周,0,俞希,1-18周 周五 第3节-第4节 仙Ⅰ-515,2.0,外国语学院,否,理论类课程,周五,2014-2015-1,,2014110080300B60248,2013外国语学院英语,0,仙林校区,2014-2015学年 第1学期,60248,仙Ⅰ-515,0.0,否,,1,32,,0,0,语言学专题研究(二),11,第3节-第4节,仙I区,10080300B
32.0,400070,语言学专题研究(三)(20141-10080300C-1),2014110080300C60299,,3,,10,1-18周,0,王凌,1-18周 周一 第1节-第2节 仙Ⅰ-505,2.0,外国语学院,否,理论类课程,周一,2014-2015-1,,2014110080300C60299,2012外国语学院英语,0,仙林校区,2014-2015学年 第1学期,60299,仙Ⅰ-505,0.0,否,,1,32,,0,0,语言学专题研究(三),11,第1节-第2节,仙I区,10080300C
32.0,400070,管理原理(20141-10080320-1),201411008032060250,,3,,26,1-18周,0,张宁军,1-18周 周二 第5节-第6节 仙Ⅰ-502,2.0,外国语学院,否,理论类课程,周二,2014-2015-1,,201411008032060250,2013外国语学院英语,0,仙林校区,2014-2015学年 第1学期,60250,仙Ⅰ-502,0.0,否,,1,32,,0,0,管理原理,11,第5节-第6节,仙I区,10080320
32.0,400070,宏观经济学(20141-10080350-1),201411008035060293,,3,,30,1-18周,0,张捷,1-18周 周五 第1节-第2节 仙Ⅰ-502,2.0,外国语学院,否,理论类课程,周五,2014-2015-1,,201411008035060293,2012外国语学院英语,0,仙林校区,2014-2015学年 第1学期,60293,仙Ⅰ-502,0.0,否,,1,32,,0,0,宏观经济学,11,第1节-第2节,仙I区,10080350
32.0,400070,市场营销(20141-10080380-1),201411008038060294,,3,,25,1-18周,0,张宁军,1-18周 周二 第7节-第8节 仙Ⅰ-502,2.0,外国语学院,否,理论类课程,周二,2014-2015-1,,201411008038060294,2012外国语学院英语,0,仙林校区,2014-2015学年 第1学期,60294,仙Ⅰ-502,0.0,否,,1,32,,0,0,市场营销,11,第7节-第8节,仙I区,10080380
32.0,400070,商务案例(20141-10080400-1),201411008040060257,,3,,36,1-18周,0,王艳,1-18周 周五 第3节-第4节 仙Ⅰ-508,2.0,外国语学院,否,理论类课程,周五,2014-2015-1,,201411008040060257,2011外国语学院英语,0,仙林校区,2014-2015学年 第1学期,60257,仙Ⅰ-508,0.0,否,,1,32,,0,0,商务案例,11,第3节-第4节,仙I区,10080400
32.0,400070,基础口语(一)(20141-10080450A-1),2014110080450A59900,,3,,22,4-18周,0,阿列克谢·扎采平,4-18周 周三 第3节-第4节 仙Ⅰ-503,2.0,外国语学院,否,实践类课程,周三,2014-2015-1,,2014110080450A59900,2014外国语学院俄语,0,仙林校区,2014-2015学年 第1学期,59900,仙Ⅰ-503,0.0,否,,3,0,,32,0,基础口语(一),11,第3节-第4节,仙I区,10080450A
32.0,400070,基础口语(三)(20141-10080450C-1),2014110080450C59913,,3,,12,1-18周,0,阿列克谢·扎采平,1-18周 周三 第5节-第6节 仙Ⅰ-503,2.0,外国语学院,否,实践类课程,周三,2014-2015-1,,2014110080450C59913,2013外国语学院俄语,0,仙林校区,2014-2015学年 第1学期,59913,仙Ⅰ-503,0.0,否,,3,0,,32,0,基础口语(三),11,第5节-第6节,仙I区,10080450C
32.0,400070,基础视听说(二)(20141-10080460B-1),2014110080460B59914,,3,,14,1-18周,0,陈静(俄语),1-18周 周三 第1节-第2节 ,2.0,外国语学院,否,理论类课程,周三,2014-2015-1,,2014110080460B59914,2013外国语学院俄语,0,仙林校区,2014-2015学年 第1学期,59914,仙Ⅰ-528,0.0,否,,1,32,,0,0,基础视听说(二),,第1节-第2节,,10080460B
32.0,400070,中级口语(一)(20141-10080470A-1),2014110080470A59924,,3,,11,1-18周,0,阿列克谢·扎采平,1-18周 周一 第1节-第2节 仙Ⅰ-410,2.0,外国语学院,否,实践类课程,周一,2014-2015-1,,2014110080470A59924,2012外国语学院俄语,0,仙林校区,2014-2015学年 第1学期,59924,仙Ⅰ-410,0.0,否,,3,0,,32,0,中级口语(一),11,第1节-第2节,仙I区,10080470A
32.0,400070,中级视听说(一)(20141-10080480A-1),2014110080480A59926,,3,,10,1-18周,0,杨正,1-18周 周五 第3节-第4节 仙Ⅰ-410,2.0,外国语学院,否,理论类课程,周五,2014-2015-1,,2014110080480A59926,2012外国语学院俄语,0,仙林校区,2014-2015学年 第1学期,59926,仙Ⅰ-410,0.0,否,,1,32,,0,0,中级视听说(一),11,第3节-第4节,仙I区,10080480A
16.0,400070,中级写作(20141-10080490-1),201411008049059921,,3,,10,1-18周,0,伊琳娜·普里奥罗娃,1-18周 周三 第1节-第2节 仙Ⅰ-410,1.0,外国语学院,否,理论类课程,周三,2014-2015-1,,201411008049059921,2012外国语学院俄语,0,仙林校区,2014-2015学年 第1学期,59921,仙Ⅰ-410,0.0,否,,1,32,,0,0,中级写作,11,第1节-第2节,仙I区,10080490
32.0,400070,高级视听说(20141-10080500-1),201411008050059940,,3,,17,1-18周,0,赵丹,1-18周 周五 第3节-第4节 仙Ⅰ-507,2.0,外国语学院,否,理论+实践课程,周五,2014-2015-1,,201411008050059940,2011外国语学院俄语,0,仙林校区,2014-2015学年 第1学期,59940,仙Ⅰ-507,0.0,否,,5,16,,16,0,高级视听说,11,第3节-第4节,仙I区,10080500
32.0,400070,高级口语(一)(20141-10080510A-1),2014110080510A59943,,3,,9,1-18周,0,阿列克谢·扎采平,1-18周 周一 第3节-第4节 仙Ⅰ-324,2.0,外国语学院,否,实践类课程,周一,2014-2015-1,,2014110080510A59943,2011外国语学院俄语,0,仙林校区,2014-2015学年 第1学期,59943,仙Ⅰ-324,0.0,否,,3,0,,32,0,高级口语(一),11,第3节-第4节,仙I区,10080510A
32.0,400070,高级阅读(一)(20141-10080520A-1),2014110080520A59939,,3,,17,1-18周,0,伊琳娜·普里奥罗娃,1-18周 周四 第1节-第2节 仙Ⅱ-102,2.0,外国语学院,否,理论类课程,周四,2014-2015-1,,2014110080520A59939,2011外国语学院俄语,0,仙林校区,2014-2015学年 第1学期,59939,仙Ⅱ-102,0.0,否,,1,16,,0,0,高级阅读(一),12,第1节-第2节,仙II区,10080520A
16.0,400070,经贸俄语(20141-10080530-1),201411008053059937,,3,,15,1-18周,0,孙飞燕,1-18周 周二 第5节-第6节 仙Ⅰ-506,1.0,外国语学院,否,理论类课程,周二,2014-2015-1,,201411008053059937,2011外国语学院俄语,0,仙林校区,2014-2015学年 第1学期,59937,仙Ⅰ-506,0.0,否,,1,32,,0,0,经贸俄语,11,第5节-第6节,仙I区,10080530
16.0,400070,俄语实践修辞(20141-10080540-1),201411008054059938,,3,,11,1-18周,0,王加兴,1-18周 周五 第1节-第2节 仙Ⅰ-410,1.0,外国语学院,否,理论+实践课程,周五,2014-2015-1,,201411008054059938,2011外国语学院俄语,0,仙林校区,2014-2015学年 第1学期,59938,仙Ⅰ-410,0.0,否,,5,16,,16,0,俄语实践修辞,11,第1节-第2节,仙I区,10080540
32.0,400070,日语听说(一)(20141-10080600A-1),2014110080600A59962,,3,,21,"4-18周,4-18周",0,何慈毅,"4-18周 周四 第1节-第2节 仙Ⅰ-510,4-18周 周二 第3节-第4节 仙Ⅰ-510",2.0,外国语学院,否,理论类课程,"周二,周四",2014-2015-1,,2014110080600A59962,2014外国语学院日语,0,仙林校区,2014-2015学年 第1学期,59962,"仙Ⅰ-510,仙Ⅰ-510",0.0,否,,1,32,,0,0,日语听说(一),11,"第3节-第4节,第1节-第2节",仙I区,10080600A
32.0,400070,日语听说(三)(20141-10080600C-1),2014110080600C59967,,3,,19,"1-18周,1-18周",0,王奕红,"1-18周 周一 第1节-第2节 仙Ⅰ-506,1-18周 周四 第1节-第2节 仙Ⅰ-502",2.0,外国语学院,否,理论类课程,"周一,周四",2014-2015-1,,2014110080600C59967,2013外国语学院日语,0,仙林校区,2014-2015学年 第1学期,59967,"仙Ⅰ-506,仙Ⅰ-502",0.0,否,,1,32,,0,0,日语听说(三),11,"第1节-第2节,第1节-第2节",仙I区,10080600C
16.0,400070,日语听说(五)(20141-10080600E-1),2014110080600E59974,,3,,7,1-18周,0,汪平,1-18周 周一 第1节-第2节 仙Ⅰ-509,1.0,外国语学院,否,理论类课程,周一,2014-2015-1,,2014110080600E59974,2012外国语学院日语,0,仙林校区,2014-2015学年 第1学期,59974,仙Ⅰ-509,0.0,否,,1,16,,0,0,日语听说(五),11,第1节-第2节,仙I区,10080600E
16.0,400070,日语会话(一)(20141-10080610A-1),2014110080610A59968,,3,,19,1-18周,0,野村卓美,1-18周 周五 第1节-第2节 仙Ⅰ-409,1.0,外国语学院,否,理论类课程,周五,2014-2015-1,,2014110080610A59968,2013外国语学院日语,0,仙林校区,2014-2015学年 第1学期,59968,仙Ⅰ-409,0.0,否,,1,16,,0,0,日语会话(一),11,第1节-第2节,仙I区,10080610A
16.0,400070,日语语法(一)(20141-10080620A-1),2014110080620A59970,,3,,8,1-18周,0,野村卓美,1-18周 周一 第3节-第4节 仙Ⅰ-323,1.0,外国语学院,否,理论类课程,周一,2014-2015-1,,2014110080620A59970,2012外国语学院日语,0,仙林校区,2014-2015学年 第1学期,59970,仙Ⅰ-323,0.0,否,,1,16,,0,0,日语语法(一),11,第3节-第4节,仙I区,10080620A
16.0,400070,日语口译(一)(20141-10080630A-1),2014110080630A59973,,3,,7,1-18周,0,赵仲明,1-18周 周四 第3节-第4节 ,1.0,外国语学院,否,理论类课程,周四,2014-2015-1,,2014110080630A59973,2012外国语学院日语,0,仙林校区,2014-2015学年 第1学期,59973,侨裕楼303,0.0,否,,1,16,,0,0,日语口译(一),,第3节-第4节,,10080630A
16.0,400070,日本概况(20141-10080640-1),201411008064059971,,3,,8,1-18周,0,杉本英世,1-18周 周五 第1节-第2节 仙Ⅰ-408,1.0,外国语学院,否,理论类课程,周五,2014-2015-1,,201411008064059971,2012外国语学院日语,0,仙林校区,2014-2015学年 第1学期,59971,仙Ⅰ-408,0.0,否,,1,16,,0,0,日本概况,11,第1节-第2节,仙I区,10080640
16.0,400070,同声传译(一)(20141-10080660A-1),2014110080660A59979,,3,,18,1-18周,0,赵仲明,1-18周 周四 第1节-第2节 ,1.0,外国语学院,否,理论类课程,周四,2014-2015-1,,2014110080660A59979,2011外国语学院日语,0,仙林校区,2014-2015学年 第1学期,59979,侨裕楼303,0.0,否,,1,16,,0,0,同声传译(一),,第1节-第2节,,10080660A
16.0,400070,文学翻译(一)(20141-10080670A-1),2014110080670A59984,,3,,15,1-18周,0,汪平,1-18周 周一 第3节-第4节 仙Ⅰ-509,1.0,外国语学院,否,理论类课程,周一,2014-2015-1,,2014110080670A59984,2011外国语学院日语,0,仙林校区,2014-2015学年 第1学期,59984,仙Ⅰ-509,0.0,否,,1,16,,0,0,文学翻译(一),11,第3节-第4节,仙I区,10080670A
16.0,400070,古典语法(20141-10080680-1),201411008068059981,,3,,15,1-18周,0,野村卓美,1-18周 周一 第1节-第2节 仙Ⅰ-409,2.0,外国语学院,否,理论+实践课程,周一,2014-2015-1,,201411008068059981,2011外国语学院日语,0,仙林校区,2014-2015学年 第1学期,59981,仙Ⅰ-409,0.0,否,,5,16,,16,0,古典语法,11,第1节-第2节,仙I区,10080680
16.0,400070,初级口语(一)(20141-10080710A-1),2014110080710A59993,,3,,28,4-18周,0,Nicolas Monbertrand,4-18周 周二 第1节-第2节 仙Ⅱ-116,1.0,外国语学院,否,理论+实践课程,周二,2014-2015-1,,2014110080710A59993,2014外国语学院法语,0,仙林校区,2014-2015学年 第1学期,59993,仙Ⅱ-116,0.0,否,,5,16,,16,0,初级口语(一),12,第1节-第2节,仙II区,10080710A
16.0,400070,中级口语(一)(20141-10080720A-1),2014110080720A60007,,3,,22,1-18周,0,Nicolas Monbertrand,1-18周 周二 第3节-第4节 仙Ⅱ-307,1.0,外国语学院,否,理论+实践课程,周二,2014-2015-1,,2014110080720A60007,2013外国语学院法语,0,仙林校区,2014-2015学年 第1学期,60007,仙Ⅱ-307,0.0,否,,5,16,,16,0,中级口语(一),12,第3节-第4节,仙II区,10080720A
16.0,400070,法国概况(一)(20141-10080730A-1),2014110080730A60006,,3,,22,1-18周,0,张晓明,1-18周 周二 第5节-第6节 仙Ⅰ-504,1.0,外国语学院,否,理论+实践课程,周二,2014-2015-1,,2014110080730A60006,2013外国语学院法语,0,仙林校区,2014-2015学年 第1学期,60006,仙Ⅰ-504,0.0,否,,5,16,,16,0,法国概况(一),11,第5节-第6节,仙I区,10080730A
16.0,400070,高级视听(一)(20141-10080740A-1),2014110080740A60024,,3,,4,1-18周,0,Aleksi Lectez,1-18周 周五 第3节-第4节 仙Ⅱ-307,1.0,外国语学院,否,理论类课程,周五,2014-2015-1,,2014110080740A60024,2012外国语学院法语,0,仙林校区,2014-2015学年 第1学期,60024,仙Ⅱ-307,0.0,否,,1,16,,16,0,高级视听(一),12,第3节-第4节,仙II区,10080740A
16.0,400070,初级口译(一)(20141-10080750A-1),2014110080750A60018,,3,,6,1-18周,0,张晓明,1-18周 周一 第5节-第6节 仙Ⅰ-513,1.0,外国语学院,否,理论+实践课程,周一,2014-2015-1,,2014110080750A60018,2012外国语学院法语,0,仙林校区,2014-2015学年 第1学期,60018,仙Ⅰ-513,0.0,否,,5,16,,16,0,初级口译(一),11,第5节-第6节,仙I区,10080750A
16.0,400070,翻译理论与实践(法译汉)(一)(20141-10080770A-1),2014110080770A60023,,3,,8,1-18周,0,曹丹红,1-18周 周三 第3节-第4节 仙Ⅰ-502,1.0,外国语学院,否,理论+实践课程,周三,2014-2015-1,,2014110080770A60023,2012外国语学院法语,0,仙林校区,2014-2015学年 第1学期,60023,仙Ⅰ-502,0.0,否,,5,16,,16,0,翻译理论与实践(法译汉)(一),11,第3节-第4节,仙I区,10080770A
16.0,400070,高级口译(一)(20141-10080790A-1),2014110080790A60036,,3,,24,1-18周,0,张晓明,1-18周 周一 第3节-第4节 仙Ⅰ-513,1.0,外国语学院,否,理论+实践课程,周一,2014-2015-1,,2014110080790A60036,2011外国语学院法语,0,仙林校区,2014-2015学年 第1学期,60036,仙Ⅰ-513,0.0,否,,5,16,,16,0,高级口译(一),11,第3节-第4节,仙I区,10080790A
16.0,400070,高级写作(一)(20141-10080800A-1),2014110080800A60031,,3,,16,1-18周,0,Nicolas Monbertrand,1-18周 周五 第3节-第4节 仙Ⅱ-407,1.0,外国语学院,否,理论+实践课程,周五,2014-2015-1,,2014110080800A60031,2011外国语学院法语,0,仙林校区,2014-2015学年 第1学期,60031,仙Ⅱ-407,0.0,否,,5,16,,16,0,高级写作(一),12,第3节-第4节,仙II区,10080800A
16.0,400070,法国经济(一)(20141-10080810A-1),2014110080810A60034,,3,,17,1-18周,0,Aleksi Lectez,1-18周 周五 第1节-第2节 仙Ⅱ-407,1.0,外国语学院,否,理论类课程,周五,2014-2015-1,,2014110080810A60034,2011外国语学院法语,0,仙林校区,2014-2015学年 第1学期,60034,仙Ⅱ-407,0.0,否,,1,16,,0,0,法国经济(一),12,第1节-第2节,仙II区,10080810A
16.0,400070,报刊选读(一)(20141-10080830A-1),2014110080830A60020,,3,,4,1-18周,0,Aleksi Lectez,1-18周 周四 第3节-第4节 仙Ⅱ-307,1.0,外国语学院,否,理论类课程,周四,2014-2015-1,,2014110080830A60020,2012外国语学院法语,0,仙林校区,2014-2015学年 第1学期,60020,仙Ⅱ-307,0.0,否,,1,16,,0,0,新闻阅读(一),12,第3节-第4节,仙II区,10080830A
16.0,400070,法国文学史(一)(20141-10080860A-1),2014110080860A60021,,3,,4,1-18周,0,刘成富,1-18周 周一 第3节-第4节 仙Ⅰ-507,1.0,外国语学院,否,理论类课程,周一,2014-2015-1,,2014110080860A60021,2012外国语学院法语,0,仙林校区,2014-2015学年 第1学期,60021,仙Ⅰ-507,0.0,否,,1,32,,0,0,法国文学史(一),11,第3节-第4节,仙I区,10080860A
16.0,400070,法语专题讲座与专业活动(一)(20141-10080890A-1),2014110080890A60032,,3,,11,1-17周(单),0,Nicolas Monbertrand,1-17周(单) 周四 第5节-第6节 仙Ⅱ-508,1.0,外国语学院,否,理论类课程,周四,2014-2015-1,,2014110080890A60032,2011外国语学院法语,0,仙林校区,2014-2015学年 第1学期,60032,仙Ⅱ-508,0.0,否,,1,16,,0,0,法语专题讲座与专业活动(一),12,第5节-第6节,仙II区,10080890A
16.0,400070,外教口语(二)(20141-10080900B-1),2014110080900B60060,,3,,26,1-18周,0,Leonie Roesgen,1-18周 周三 第5节-第6节 仙Ⅰ-410,1.0,外国语学院,否,理论类课程,周三,2014-2015-1,,2014110080900B60060,2013外国语学院德语,0,仙林校区,2014-2015学年 第1学期,60060,仙Ⅰ-410,0.0,否,,1,16,,0,0,外教口语(二),11,第5节-第6节,仙I区,10080900B
32.0,400070,初级视听说(一)(20141-10080910A-1),2014110080910A60047,,3,,29,4-18周,0,"张辛仪,孔德明",4-18周 周二 第3节-第6节 ,2.0,外国语学院,否,理论类课程,周二,2014-2015-1,,2014110080910A60047,2014外国语学院德语,0,仙林校区,2014-2015学年 第1学期,60047,仙Ⅰ-528,0.0,否,,1,32,,32,0,初级视听说(一),,第3节-第6节,,10080910A
16.0,400070,中级视听说(一)(20141-10080920A-1),2014110080920A60056,,3,,28,1-18周,0,Dudzik,1-18周 周二 第5节-第6节 ,1.0,外国语学院,否,理论+实践课程,周二,2014-2015-1,,2014110080920A60056,2013外国语学院德语,0,仙林校区,2014-2015学年 第1学期,60056,仙Ⅰ-527,0.0,否,,5,16,,16,0,中级视听说(一),,第5节-第6节,,10080920A
32.0,400070,跨文化经济交际(20141-10080950-1),201411008095060065,,3,,12,1-18周,0,李彬,1-18周 周一 第5节-第6节 仙Ⅱ-316,2.0,外国语学院,否,理论类课程,周一,2014-2015-1,,201411008095060065,2012外国语学院德语,0,仙林校区,2014-2015学年 第1学期,60065,仙Ⅱ-316,0.0,否,,1,32,,0,0,跨文化经济交际,12,第5节-第6节,仙II区,10080950
16.0,400070,德语语言学概论(20141-10080960-1),201411008096060069,,3,,6,1-18周,0,"常玲玲,王露杨",1-18周 周五 第3节-第4节 仙Ⅰ-408,1.0,外国语学院,否,理论类课程,周五,2014-2015-1,,201411008096060069,2012外国语学院德语,0,仙林校区,2014-2015学年 第1学期,60069,仙Ⅰ-408,0.0,否,,1,16,,0,0,德语语言学概论,11,第3节-第4节,仙I区,10080960
32.0,400070,媒体德语(20141-10080990-1),201411008099060314,,3,,24,1-18周,0,Dudzik,1-18周 周二 第3节-第4节 仙Ⅰ-514,2.0,外国语学院,否,理论类课程,周二,2014-2015-1,,201411008099060314,2011外国语学院德语,0,仙林校区,2014-2015学年 第1学期,60314,仙Ⅰ-514,0.0,否,,1,32,,0,0,媒体德语,11,第3节-第4节,仙I区,10080990
32.0,400070,德语文学史(二)(20141-10081010B-1),2014110081010B60079,,3,,24,1-18周,0,张辛仪,1-18周 周四 第1节-第2节 仙Ⅱ-115,2.0,外国语学院,否,理论类课程,周四,2014-2015-1,,2014110081010B60079,2011外国语学院德语,0,仙林校区,2014-2015学年 第1学期,60079,仙Ⅱ-115,0.0,否,,1,32,,0,0,德语文学史(二),12,第1节-第2节,仙II区,10081010B
32.0,400070,德语文学经典选读(二)(20141-10081020B-1),2014110081020B60073,,3,,24,1-18周,0,印芝虹,1-18周 周二 第5节-第6节 仙Ⅰ-514,2.0,外国语学院,否,理论类课程,周二,2014-2015-1,,2014110081020B60073,2011外国语学院德语,0,仙林校区,2014-2015学年 第1学期,60073,仙Ⅰ-514,0.0,否,,1,32,,0,0,德语文学经典选读(二),11,第5节-第6节,仙I区,10081020B
32.0,400070,德语口译(一)(20141-10081040A-1),2014110081040A60078,,3,,24,1-18周,0,钦文,1-18周 周一 第3节-第4节 仙Ⅱ-114,2.0,外国语学院,否,理论+实践课程,周一,2014-2015-1,,2014110081040A60078,2011外国语学院德语,0,仙林校区,2014-2015学年 第1学期,60078,仙Ⅱ-114,0.0,否,,5,16,,16,0,德语口译(一),12,第3节-第4节,仙II区,10081040A
32.0,400070,翻译理论与实践(德译中)(一)(20141-10081050A-1),2014110081050A60067,,3,,12,1-18周,0,陈民,1-18周 周三 第3节-第4节 仙Ⅰ-513,2.0,外国语学院,否,理论类课程,周三,2014-2015-1,,2014110081050A60067,2012外国语学院德语,0,仙林校区,2014-2015学年 第1学期,60067,仙Ⅰ-513,0.0,否,,1,32,,0,0,翻译理论与实践(德译中)(一),11,第3节-第4节,仙I区,10081050A
32.0,400070,翻译理论与实践(中译德)(一)(20141-10081060A-1),2014110081060A60075,,3,,24,1-18周,0,钦文,1-18周 周二 第1节-第2节 仙Ⅰ-514,2.0,外国语学院,否,理论+实践课程,周二,2014-2015-1,,2014110081060A60075,2011外国语学院德语,0,仙林校区,2014-2015学年 第1学期,60075,仙Ⅰ-514,0.0,否,,5,16,,16,0,翻译理论与实践(中译德)(一),11,第1节-第2节,仙I区,10081060A
32.0,400070,西班牙文学史(20141-10081120-1),201411008112060132,,3,,9,1-18周,0,Juan Carlos Moreno-Arrones,1-18周 周一 第3节-第4节 仙Ⅰ-511,2.0,外国语学院,否,理论类课程,周一,2014-2015-1,,201411008112060132,2012外国语学院西班牙语,0,仙林校区,2014-2015学年 第1学期,60132,仙Ⅰ-511,0.0,否,,1,32,,0,0,西班牙文学史,11,第3节-第4节,仙I区,10081120
32.0,400070,西班牙语笔译（一）(20141-10081140A-1),2014110081140A60133,,3,,12,1-18周,0,张伟劼,1-18周 周五 第3节-第4节 仙Ⅰ-510,2.0,外国语学院,否,理论+实践课程,周五,2014-2015-1,,2014110081140A60133,2012外国语学院西班牙语,0,仙林校区,2014-2015学年 第1学期,60133,仙Ⅰ-510,0.0,否,,5,16,,16,0,西班牙语笔译（一）,11,第3节-第4节,仙I区,10081140A
32.0,400070,西班牙文学选读(20141-10081150-1),201411008115060143,,3,,19,1-18周,0,Juan Carlos Moreno-Arrones,1-18周 周一 第1节-第2节 仙Ⅰ-511,2.0,外国语学院,否,理论类课程,周一,2014-2015-1,,201411008115060143,2011外国语学院西班牙语,0,仙林校区,2014-2015学年 第1学期,60143,仙Ⅰ-511,0.0,否,,1,32,,0,0,西班牙文学选读,11,第1节-第2节,仙I区,10081150
32.0,400070,拉丁美洲文学选读(20141-10081160-1),201411008116060149,,3,,7,1-18周,0,Tania Parrilla,1-18周 周五 第1节-第2节 仙Ⅱ-414,2.0,外国语学院,否,理论类课程,周五,2014-2015-1,,201411008116060149,2011外国语学院西班牙语,0,仙林校区,2014-2015学年 第1学期,60149,仙Ⅱ-414,0.0,否,,1,32,,0,0,拉丁美洲文学选读,12,第1节-第2节,仙II区,10081160
32.0,400070,西班牙语口译（二）(20141-10081170B-1),2014110081170B60144,,3,,22,1-18周,0,宋尽冬,1-18周 周四 第1节-第2节 ,2.0,外国语学院,否,理论+实践课程,周四,2014-2015-1,,2014110081170B60144,2011外国语学院西班牙语,0,仙林校区,2014-2015学年 第1学期,60144,仙Ⅰ-528,0.0,否,,5,16,,16,0,西班牙语口译（二）,,第1节-第2节,,10081170B
32.0,400070,西班牙语论文写作方法(20141-10081180-1),201411008118060147,,3,,16,1-18周,0,Tania Parrilla,1-18周 周五 第3节-第4节 仙Ⅱ-414,2.0,外国语学院,否,理论类课程,周五,2014-2015-1,,201411008118060147,2011外国语学院西班牙语,0,仙林校区,2014-2015学年 第1学期,60147,仙Ⅱ-414,0.0,否,,1,32,,0,0,西班牙语论文写作方法,12,第3节-第4节,仙II区,10081180
32.0,400070,西班牙语专题讲座与专业活动(一)(20141-10081200A-1),2014110081200A60146,,3,,22,1-18周,0,李易非,1-18周 周二 第3节-第4节 仙Ⅱ-414,2.0,外国语学院,否,理论+实践课程,周二,2014-2015-1,,2014110081200A60146,2011外国语学院西班牙语,0,仙林校区,2014-2015学年 第1学期,60146,仙Ⅱ-414,0.0,否,,5,16,,16,0,西班牙语专题讲座与专业活动(一),12,第3节-第4节,仙II区,10081200A
32.0,400070,中朝[韩]双语翻译实践(一)(20141-10081220A-1),2014110081220A60172,,3,,13,1-18周,0,尹海燕,1-18周 周四 第3节-第4节 仙Ⅰ-510,2.0,外国语学院,否,理论类课程,周四,2014-2015-1,,2014110081220A60172,2012外国语学院朝鲜语,0,仙林校区,2014-2015学年 第1学期,60172,仙Ⅰ-510,0.0,否,,1,32,,0,0,中朝[韩]双语翻译实践(一),11,第3节-第4节,仙I区,10081220A
32.0,400070,实用经贸朝[韩]语(20141-10081230-1),201411008123060366,,3,,15,1-18周,0,李锦花,1-18周 周二 第5节-第6节 仙Ⅰ-505,2.0,外国语学院,否,理论类课程,周二,2014-2015-1,,201411008123060366,2011外国语学院朝鲜语,0,仙林校区,2014-2015学年 第1学期,60366,仙Ⅰ-505,0.0,否,,1,32,,0,0,实用经贸朝[韩]语,11,第5节-第6节,仙I区,10081230
32.0,400070,朝[韩]语应用文写作(20141-10081240-1),201411008124060173,,3,,16,1-18周,0,郑墡谟,1-18周 周一 第3节-第4节 仙Ⅱ-116,2.0,外国语学院,否,理论类课程,周一,2014-2015-1,,201411008124060173,2011外国语学院朝鲜语,0,仙林校区,2014-2015学年 第1学期,60173,仙Ⅱ-116,0.0,否,,1,32,,0,0,朝[韩]语应用文写作,12,第3节-第4节,仙II区,10081240
32.0,400070,交接/同声口译实践(二)(20141-10081250B-1),2014110081250B60176,,3,,17,1-18周,0,吴玉梅,1-18周 周五 第3节-第4节 仙Ⅰ-503,2.0,外国语学院,否,理论+实践课程,周五,2014-2015-1,,2014110081250B60176,2011外国语学院朝鲜语,0,仙林校区,2014-2015学年 第1学期,60176,仙Ⅰ-503,0.0,否,,5,24,,8,0,交接/同声口译实践(二),11,第3节-第4节,仙I区,10081250B
32.0,400070,朝鲜[韩国]影视精品赏析(20141-10081280-1),201411008128060369,,3,,12,1-18周,0,徐黎明,1-18周 周三 第3节-第4节 仙Ⅰ-512,2.0,外国语学院,否,理论类课程,周三,2014-2015-1,,201411008128060369,2012外国语学院朝鲜语,0,仙林校区,2014-2015学年 第1学期,60369,仙Ⅰ-512,0.0,否,,1,32,,0,0,朝鲜[韩国]影视精品赏析,11,第3节-第4节,仙I区,10081280
32.0,400070,朝鲜[韩]文学作品选读(20141-10081290-1),201411008129060370,,3,,8,1-18周,0,徐黎明,1-18周 周五 第3节-第4节 仙Ⅰ-512,2.0,外国语学院,否,理论类课程,周五,2014-2015-1,,201411008129060370,2012外国语学院朝鲜语,0,仙林校区,2014-2015学年 第1学期,60370,仙Ⅰ-512,0.0,否,,1,32,,0,0,朝鲜[韩]文学作品选读,11,第3节-第4节,仙I区,10081290
32.0,400070,朝[韩]语语言学概论(20141-10081320-1),201411008132060372,,3,,11,1-18周,0,崔德寿,1-18周 周二 第3节-第4节 仙Ⅱ-415,2.0,外国语学院,否,理论类课程,周二,2014-2015-1,,201411008132060372,2011外国语学院朝鲜语,0,仙林校区,2014-2015学年 第1学期,60372,仙Ⅱ-415,0.0,否,,1,32,,0,0,朝[韩]语语言学概论,12,第3节-第4节,仙II区,10081320
16.0,400070,朝鲜语专题讲座与专业活动(一)(20141-10081360A-1),2014110081360A60174,,3,,15,1-17周(单),0,崔昌竻,1-17周(单) 周四 第3节-第4节 ,1.0,外国语学院,否,理论类课程,周四,2014-2015-1,,2014110081360A60174,2011外国语学院朝鲜语,0,仙林校区,2014-2015学年 第1学期,60174,户外活动,0.0,否,,1,16,,0,0,朝鲜语专题讲座与专业活动(一),,第3节-第4节,,10081360A
16.0,400070,英语测试(20141-10081390-1),201411008139060259,,3,,11,1-18周,0,高虹,1-18周 周三 第3节-第4节 ,1.0,外国语学院,否,理论+实践课程,周三,2014-2015-1,,201411008139060259,2011外国语学院英语,0,仙林校区,2014-2015学年 第1学期,60259,仙Ⅰ-526,0.0,否,,5,16,,16,0,英语测试,,第3节-第4节,,10081390
32.0,400070,英语修辞赏析与研究(20141-10081400-1),201411008140060297,,3,,14,1-18周,0,张翼,1-18周 周三 第1节-第2节 仙Ⅰ-506,2.0,外国语学院,否,理论类课程,周三,2014-2015-1,,201411008140060297,2012外国语学院英语,0,仙林校区,2014-2015学年 第1学期,60297,仙Ⅰ-506,0.0,否,,1,32,,0,0,英语修辞赏析与研究,11,第1节-第2节,仙I区,10081400
32.0,400070,当代中韩文化交流(20141-10081420-1),201411008142060371,,3,,16,1-18周,0,徐黎明,1-18周 周三 第5节-第6节 仙Ⅰ-512,2.0,外国语学院,否,理论+实践课程,周三,2014-2015-1,,201411008142060371,2013外国语学院朝鲜语,0,仙林校区,2014-2015学年 第1学期,60371,仙Ⅰ-512,0.0,否,,5,16,,16,0,当代中韩文化交流,11,第5节-第6节,仙I区,10081420
32.0,400070,基础朝鲜（韩国）语视听说（一）(20141-10081510A-1),2014110081510A60163,,3,,19,4-18周,0,张俊翼,4-18周 周一 第1节-第4节 仙Ⅱ-307,2.0,外国语学院,否,理论类课程,周一,2014-2015-1,,2014110081510A60163,2014外国语学院朝鲜语,0,仙林校区,2014-2015学年 第1学期,60163,仙Ⅱ-307,0.0,否,,1,32,,0,0,基础朝鲜（韩国）语视听说（一）,12,第1节-第4节,仙II区,10081510A
32.0,400070,中级朝鲜（韩国）语视听说（一）(20141-10081520A-1),2014110081520A60170,,3,,14,1-18周,0,张俊翼,1-18周 周三 第1节-第4节 仙Ⅰ-514,2.0,外国语学院,否,理论类课程,周三,2014-2015-1,,2014110081520A60170,2013外国语学院朝鲜语,0,仙林校区,2014-2015学年 第1学期,60170,仙Ⅰ-514,0.0,否,,1,32,,0,0,中级朝鲜（韩国）语视听说（一）,11,第1节-第4节,仙I区,10081520A
16.0,400070,俄语计算机网络应用(20141-10081780-1),201411008178059923,,3,,11,1-18周,0,汪磊,1-18周 周一 第5节-第6节 仙Ⅰ-512,1.0,外国语学院,否,理论+实践课程,周一,2014-2015-1,,201411008178059923,2012外国语学院俄语,0,仙林校区,2014-2015学年 第1学期,59923,仙Ⅰ-512,0.0,否,,5,16,,16,0,俄语计算机网络应用,11,第5节-第6节,仙I区,10081780
32.0,400110,Visual C++ 程序设计 Ⅰ,2014111000000A60062,,3,,149,"4-18周,4-18周,4-18周",0,邵荣,"4-18周 周三 第5节-第6节 逸A-117,4-18周 周三 第9节-第10节 ,4-18周 周三 第7节-第8节 ",2.0,数学学院,否,理论+实验课程,"周三,周三,周三",2014-2015-1,,2014111000000A60062,2014数学学院数学类,0,仙林校区,2014-2015学年 第1学期,60062,"逸A-117,综合实验楼丙区504,综合实验楼丙区504",32.0,否,,6,32,,0,0,Visual C++ 程序设计 Ⅰ,15,"第5节-第6节,第7节-第8节,第9节-第10节",逸夫楼A区,11000000A
80.0,400110,数学分析(20141-11000010A-1),2014111000010A60084,,3,,79,"4-18周,4-18周,4-18周",0,胡泽春,"4-18周 周二 第3节-第4节 仙Ⅱ-406,4-18周 周四 第9节-第10节 仙Ⅱ-406,4-18周 周四 第7节-第8节 仙Ⅱ-406",5.0,数学学院,否,理论+实践课程,"周二,周四,周四",2014-2015-1,,2014111000010A60084,2014数学学院数学类,0,仙林校区,2014-2015学年 第1学期,60084,"仙Ⅱ-406,仙Ⅱ-406,仙Ⅱ-406",0.0,否,,5,64,,32,0,数学分析,12,"第3节-第4节,第7节-第8节,第9节-第10节",仙II区,11000010A
80.0,400110,数学分析(20141-11000010A-2),2014111000010A60085,,3,,81,"4-18周,4-18周,4-18周",0,苗栋,"4-18周 周二 第1节-第2节 仙Ⅱ-504,4-18周 周二 第3节-第4节 仙Ⅱ-122,4-18周 周四 第1节-第2节 仙Ⅱ-122",5.0,数学学院,否,理论+实践课程,"周二,周二,周四",2014-2015-1,,2014111000010A60085,2014数学学院数学类,0,仙林校区,2014-2015学年 第1学期,60085,"仙Ⅱ-504,仙Ⅱ-122,仙Ⅱ-122",0.0,否,,5,64,,32,0,数学分析,12,"第1节-第2节,第3节-第4节,第1节-第2节",仙II区,11000010A
80.0,400110,数学分析(20141-11000010C-1),2014111000010C60160,,3,,89,"1-18周,1-18周,1-18周",0,张高飞,"1-18周 周三 第1节-第2节 逸B-205,1-18周 周三 第3节-第4节 逸B-205,1-18周 周五 第1节-第2节 逸B-104",5.0,数学学院,否,理论类课程,"周三,周三,周五",2014-2015-1,,2014111000010C60160,2013数学学院数学类,0,仙林校区,2014-2015学年 第1学期,60160,"逸B-205,逸B-205,逸B-104",0.0,否,,1,96,,0,0,数学分析,16,"第1节-第2节,第3节-第4节,第1节-第2节",逸夫楼B区,11000010C
80.0,400110,数学分析(20141-11000010C-2),2014111000010C60161,,3,,77,"1-18周,1-18周,1-18周",0,梅加强,"1-18周 周三 第1节-第2节 逸B-207,1-18周 周三 第3节-第4节 逸B-207,1-18周 周五 第1节-第2节 逸B-207",5.0,数学学院,否,理论类课程,"周三,周三,周五",2014-2015-1,,2014111000010C60161,2013数学学院数学类,0,仙林校区,2014-2015学年 第1学期,60161,"逸B-207,逸B-207,逸B-207",0.0,否,,1,96,,0,0,数学分析,16,"第1节-第2节,第3节-第4节,第1节-第2节",逸夫楼B区,11000010C
64.0,400110,高等代数(20141-11000020A-1),2014111000020A60099,,3,,82,"4-18周,4-18周,5-17周(单)",0,丁南庆,"4-18周 周三 第3节-第4节 逸A-322,5-17周(单) 周五 第5节-第6节 逸A-322,4-18周 周五 第3节-第4节 逸A-322",4.0,数学学院,否,理论+实践课程,"周三,周五,周五",2014-2015-1,,2014111000020A60099,2014数学学院数学类,0,仙林校区,2014-2015学年 第1学期,60099,"逸A-322,逸A-322,逸A-322",0.0,否,,5,64,,16,0,高等代数,15,"第3节-第4节,第3节-第4节,第5节-第6节",逸夫楼A区,11000020A
64.0,400110,高等代数(20141-11000020A-2),2014111000020A60100,,3,,79,"4-18周,4-18周,5-17周(单)",0,刘公祥,"4-18周 周三 第3节-第4节 仙Ⅱ-306,5-17周(单) 周五 第5节-第6节 仙Ⅱ-306,4-18周 周五 第3节-第4节 仙Ⅱ-306",4.0,数学学院,否,理论+实践课程,"周三,周五,周五",2014-2015-1,,2014111000020A60100,2014数学学院数学类,0,仙林校区,2014-2015学年 第1学期,60100,"仙Ⅱ-306,仙Ⅱ-306,仙Ⅱ-306",0.0,否,,5,64,,16,0,高等代数,12,"第3节-第4节,第3节-第4节,第5节-第6节",仙II区,11000020A
32.0,400110,解析几何(20141-11000030-1),201411100003060094,,3,,89,4-18周,0,石亚龙,4-18周 周一 第1节-第2节 仙Ⅱ-214,2.0,数学学院,否,理论类课程,周一,2014-2015-1,,201411100003060094,2014数学学院数学类,0,仙林校区,2014-2015学年 第1学期,60094,仙Ⅱ-214,0.0,否,,1,32,,0,0,解析几何,12,第1节-第2节,仙II区,11000030
32.0,400110,解析几何(20141-11000030-2),201411100003060095,,3,,94,4-18周,0,石亚龙,4-18周 周一 第3节-第4节 仙Ⅱ-214,2.0,数学学院,否,理论类课程,周一,2014-2015-1,,201411100003060095,2014数学学院数学类,0,仙林校区,2014-2015学年 第1学期,60095,仙Ⅱ-214,0.0,否,,1,32,,0,0,解析几何,12,第3节-第4节,仙II区,11000030
48.0,400110,常微分方程(20141-11000040-1),201411100004060123,,3,,95,"1-18周,1-17周(单)",0,王奕倩,"1-18周 周一 第1节-第2节 仙Ⅰ-107,1-17周(单) 周四 第3节-第4节 仙Ⅱ-404",3.0,数学学院,否,理论类课程,"周一,周四",2014-2015-1,,201411100004060123,2013数学学院数学类,0,仙林校区,2014-2015学年 第1学期,60123,"仙Ⅰ-107,仙Ⅱ-404",0.0,否,,1,48,,0,0,常微分方程,"11,12","第1节-第2节,第3节-第4节","仙I区, 仙II区",11000040
48.0,400110,常微分方程(20141-11000040-2),201411100004060124,,3,,105,"1-18周,2-18周(双)",0,王奕倩,"1-18周 周一 第3节-第4节 仙Ⅰ-107,2-18周(双) 周四 第3节-第4节 仙Ⅱ-404",3.0,数学学院,否,理论类课程,"周一,周四",2014-2015-1,,201411100004060124,2013数学学院数学类,0,仙林校区,2014-2015学年 第1学期,60124,"仙Ⅰ-107,仙Ⅱ-404",0.0,否,,1,48,,0,0,常微分方程,"11,12","第3节-第4节,第3节-第4节","仙I区, 仙II区",11000040
48.0,400110,离散数学(20141-11000090-1),201411100009060111,,3,,155,1-18周,0,孙智伟,1-18周 周五 第5节-第7节 逸B-212,3.0,数学学院,否,理论类课程,周五,2014-2015-1,,201411100009060111,2013数学学院数学类,0,仙林校区,2014-2015学年 第1学期,60111,逸B-212,0.0,否,,1,48,,0,0,离散数学,16,第5节-第7节,逸夫楼B区,11000090
64.0,400110,数据库概论(20141-11000100-1),201411100010060175,,3,,144,"1-18周,1-18周,1-18周",0,吴朝阳,"1-18周 周四 第1节-第2节 图书馆127,1-18周 周一 第7节-第8节 ,1-18周 周二 第3节-第4节 逸B-101",4.0,数学学院,否,理论+实验课程,"周一,周二,周四",2014-2015-1,,201411100010060175,2013数学学院数学类,0,仙林校区,2014-2015学年 第1学期,60175,"综合实验楼丙区504,逸B-101,图书馆127",32.0,否,,6,64,,0,0,数据库概论,"16,18","第7节-第8节,第3节-第4节,第1节-第2节","逸夫楼B区, 图书馆",11000100
64.0,400110,实变函数(20141-11010010-1),201411101001060181,,3,,138,"1-18周,1-18周",0,程伟,"1-18周 周二 第1节-第2节 仙Ⅱ-404,1-18周 周四 第1节-第2节 仙Ⅰ-524",4.0,数学学院,否,理论类课程,"周二,周四",2014-2015-1,,201411101001060181,"2012数学学院数学与应用数学,2012数学学院应用模块,2012数学学院统计学,2012数学学院信息与计算科学",0,仙林校区,2014-2015学年 第1学期,60181,"仙Ⅱ-404,仙Ⅰ-524",0.0,否,,1,64,,0,0,实变函数,"11,12","第1节-第2节,第1节-第2节","仙I区, 仙II区",11010010
64.0,400110,偏微分方程(20141-11010030-1),201411101003060178,,3,,123,"1-18周,1-18周",0,李军,"1-18周 周二 第3节-第4节 仙Ⅱ-207,1-18周 周四 第3节-第4节 仙Ⅱ-207",4.0,数学学院,否,理论类课程,"周二,周四",2014-2015-1,,201411101003060178,"2012数学学院数学与应用数学,2012数学学院应用模块,2012数学学院统计学,2012数学学院信息与计算科学",0,仙林校区,2014-2015学年 第1学期,60178,"仙Ⅱ-207,仙Ⅱ-207",0.0,否,,1,64,,0,0,偏微分方程,12,"第3节-第4节,第3节-第4节",仙II区,11010030
48.0,400110,拓扑学(20141-11010040-1),201411101004060506,,3,,24,"1-17周(单),1-18周",0,师维学,"1-18周 周五 第3节-第4节 仙Ⅰ-203,1-17周(单) 周三 第5节-第6节 仙Ⅰ-203",3.0,数学学院,否,理论类课程,"周三,周五",2014-2015-1,,201411101004060506,"2012数学学院数学与应用数学,2012数学学院应用模块,2012数学学院统计学,2012数学学院信息与计算科学",0,仙林校区,2014-2015学年 第1学期,60506,"仙Ⅰ-203,仙Ⅰ-203",0.0,否,,1,48,,0,0,拓扑学,11,"第5节-第6节,第3节-第4节",仙I区,11010040
48.0,400110,伽罗瓦理论(20141-11010200-1),201411101020060177,,3,,20,"1-18周,2-18周(双)",0,秦厚荣,"2-18周(双) 周三 第5节-第6节 仙Ⅰ-203,1-18周 周二 第9节-第10节 仙Ⅰ-203",3.0,数学学院,否,理论类课程,"周二,周三",2014-2015-1,,201411101020060177,"2012数学学院数学与应用数学,2012数学学院应用模块,2012数学学院统计学,2012数学学院信息与计算科学",0,仙林校区,2014-2015学年 第1学期,60177,"仙Ⅰ-203,仙Ⅰ-203",0.0,否,,1,48,,0,0,伽罗瓦理论,11,"第9节-第10节,第5节-第6节",仙I区,11010200
48.0,400110,分析学I(20141-11011000-1),201411101100060626,,1,,29,"1-18周,1-18周",0,钟承奎,"1-18周 周五 第1节-第2节 教303,1-18周 周一 第3节-第4节 教303",3.0,数学学院,否,理论类课程,"周一,周五",2014-2015-1,,201411101100060626,"2011数学学院数学与应用数学,2011数学学院应用模块,2011数学学院统计学,2011数学学院信息与计算科学",0,鼓楼校区,2014-2015学年 第1学期,60626,"教303,教303",0.0,否,,1,64,,0,0,分析学,1,"第3节-第4节,第1节-第2节",教学楼,11011000
48.0,400110,代数学(20141-11012000-1),201411101200060627,,1,,23,"1-18周,1-18周",0,黄兆泳,"1-18周 周二 第3节-第4节 教303,1-18周 周四 第3节-第4节 教303",3.0,数学学院,否,理论类课程,"周二,周四",2014-2015-1,,201411101200060627,"2011数学学院数学与应用数学,2011数学学院应用模块,2011数学学院统计学,2011数学学院信息与计算科学",0,鼓楼校区,2014-2015学年 第1学期,60627,"教303,教303",0.0,否,,1,64,,0,0,代数学,1,"第3节-第4节,第3节-第4节",教学楼,11012000
48.0,400110,组合数学(20141-11012050-1),201411101205060633,,1,,14,1-18周,0,孙智伟,1-18周 周三 第5节-第7节 教303,3.0,数学学院,否,理论类课程,周三,2014-2015-1,,201411101205060633,"2011数学学院数学与应用数学,2011数学学院应用模块,2011数学学院统计学,2011数学学院信息与计算科学",0,鼓楼校区,2014-2015学年 第1学期,60633,教303,0.0,否,,1,48,,0,0,组合数学,1,第5节-第7节,教学楼,11012050
48.0,400110,黎曼几何初步(20141-11013030-1),201411101303060632,,1,,10,1-18周,0,梅加强,1-18周 周四 第5节-第7节 教303,3.0,数学学院,否,理论类课程,周四,2014-2015-1,,201411101303060632,"2011数学学院数学与应用数学,2011数学学院应用模块,2011数学学院统计学,2011数学学院信息与计算科学",0,鼓楼校区,2014-2015学年 第1学期,60632,教303,0.0,否,,1,48,,0,0,黎曼几何,1,第5节-第7节,教学楼,11013030
48.0,400110,代数几何(20141-11013060-1),201411101306060628,,1,,11,"1-18周,1-18周",0,郭学军,"1-18周 周二 第1节-第2节 教303,1-18周 周五 第3节-第4节 教303",3.0,数学学院,否,理论类课程,"周二,周五",2014-2015-1,,201411101306060628,"2011数学学院数学与应用数学,2011数学学院应用模块,2011数学学院统计学,2011数学学院信息与计算科学",0,鼓楼校区,2014-2015学年 第1学期,60628,"教303,教303",0.0,否,,1,64,,0,0,代数几何,1,"第1节-第2节,第3节-第4节",教学楼,11013060
48.0,400110,微分拓扑(20141-11013070-1),201411101307060629,,1,,1,"1-18周,1-18周",0,谭亮,"1-18周 周四 第1节-第2节 教303,1-18周 周二 第5节-第6节 教303",3.0,数学学院,否,理论类课程,"周二,周四",2014-2015-1,,201411101307060629,"2011数学学院数学与应用数学,2011数学学院应用模块,2011数学学院统计学,2011数学学院信息与计算科学",0,鼓楼校区,2014-2015学年 第1学期,60629,"教303,教303",0.0,否,,1,64,,0,0,微分拓扑,1,"第5节-第6节,第1节-第2节",教学楼,11013070
64.0,400110,数值计算与试验II(20141-11020010-1),201411102001060493,,3,,30,"1-18周,1-18周,1-18周",0,张强,"1-18周 周一 第1节-第2节 仙Ⅰ-203,1-18周 周一 第3节-第4节 ,1-18周 周五 第1节-第2节 仙Ⅰ-203",4.0,数学学院,否,理论+实验课程,"周一,周一,周五",2014-2015-1,,201411102001060493,"2011地球科学与工程学院地质学（地球物理学方向）,2012数学学院应用模块,2012数学学院统计学,2012数学学院信息与计算科学,2012数学学院数学与应用数学",0,仙林校区,2014-2015学年 第1学期,60493,"仙Ⅰ-203,综合实验楼丙区504,仙Ⅰ-203",32.0,否,,6,64,,0,0,数值计算与实验II,11,"第1节-第2节,第3节-第4节,第1节-第2节",仙I区,11020010
64.0,400110,运筹学(20141-11020200-1),201411102020060495,,3,,116,"1-18周,1-18周",0,杨俊锋,"1-18周 周三 第1节-第2节 逸B-101,1-18周 周一 第9节-第10节 逸B-101",4.0,数学学院,否,理论类课程,"周一,周三",2014-2015-1,,201411102020060495,"2012数学学院数学与应用数学,2012数学学院应用模块,2012数学学院统计学,2012数学学院信息与计算科学",0,仙林校区,2014-2015学年 第1学期,60495,"逸B-101,逸B-101",0.0,否,,1,64,,0,0,运筹学,16,"第9节-第10节,第1节-第2节",逸夫楼B区,11020200
64.0,400110,运筹学(20141-11020200-2),201411102020060576,,3,,31,1-18周,0,吴婷,1-18周 周四 第3节-第4节 仙Ⅰ-204,4.0,数学学院,否,理论类课程,周四,2014-2015-1,,201411102020060576,2012环境学院环境科学（环规）,0,仙林校区,2014-2015学年 第1学期,60576,仙Ⅰ-204,0.0,否,,1,64,,0,0,运筹学,11,第3节-第4节,仙I区,11020200
48.0,400110,偏微分方程数值方法(20141-11021020-1),201411102102060630,,1,,6,"1-18周,1-18周",0,武海军,"1-18周 周三 第3节-第4节 教305,1-18周 周五 第3节-第4节 教305",3.0,数学学院,否,理论类课程,"周三,周五",2014-2015-1,,201411102102060630,"2011数学学院数学与应用数学,2011数学学院应用模块,2011数学学院统计学,2011数学学院信息与计算科学",0,鼓楼校区,2014-2015学年 第1学期,60630,"教305,教305",0.0,否,,1,64,,0,0,偏微分方程现代数值方法,1,"第3节-第4节,第3节-第4节",教学楼,11021020
48.0,400110,数值代数(20141-11021030-1),201411102103060631,,1,,10,"1-18周,1-18周",0,王征宇,"1-18周 周三 第1节-第2节 教305,1-18周 周五 第5节-第6节 教305",3.0,数学学院,否,理论类课程,"周三,周五",2014-2015-1,,201411102103060631,"2011数学学院数学与应用数学,2011数学学院应用模块,2011数学学院统计学,2011数学学院信息与计算科学",0,鼓楼校区,2014-2015学年 第1学期,60631,"教305,教305",0.0,否,,1,64,,0,0,矩阵计算,1,"第1节-第2节,第5节-第6节",教学楼,11021030
48.0,400110,数理统计(20141-11030000-1),201411103000060508,,3,,107,1-18周,0,王立洪,1-18周 周三 第5节-第7节 逸B-212,3.0,数学学院,否,理论类课程,周三,2014-2015-1,,201411103000060508,"2012数学学院数学与应用数学,2012数学学院应用模块,2012数学学院统计学,2012数学学院信息与计算科学",0,仙林校区,2014-2015学年 第1学期,60508,逸B-212,0.0,否,,1,64,,0,0,数理统计,16,第5节-第7节,逸夫楼B区,11030000
64.0,400110,应用随机过程(20141-11030010-1),201411103001060509,,3,,147,"1-18周,1-18周",0,代雄平,"1-18周 周三 第3节-第4节 仙Ⅰ-320,1-18周 周五 第5节-第6节 仙Ⅰ-206",4.0,数学学院,否,理论类课程,"周三,周五",2014-2015-1,,201411103001060509,"2011商学院经济学,2012数学学院应用模块,2012数学学院统计学,2012数学学院信息与计算科学,2012数学学院数学与应用数学,2011商学院经济学（产业经济方向）,2011商学院金融工程,2011商学院保险学,2011商学院金融学,2011商学院国际经济与贸易",0,仙林校区,2014-2015学年 第1学期,60509,"仙Ⅰ-320,仙Ⅰ-206",0.0,否,,1,64,,0,0,应用随机过程,11,"第3节-第4节,第5节-第6节",仙I区,11030010
48.0,400110,风险统计(20141-11030100-1),201411103010060510,,3,,96,1-18周,0,赵进,1-18周 周二 第5节-第7节 仙Ⅰ-203,3.0,数学学院,否,理论类课程,周二,2014-2015-1,,201411103010060510,"2012数学学院数学与应用数学,2012数学学院应用模块,2012数学学院统计学,2012数学学院信息与计算科学",0,仙林校区,2014-2015学年 第1学期,60510,仙Ⅰ-203,0.0,否,,1,48,,0,0,风险统计,11,第5节-第7节,仙I区,11030100
64.0,400110,随机过程(20141-11031010-1),201411103101060634,,1,,45,"1-18周,1-18周",0,戴万阳,"1-18周 周二 第1节-第2节 教305,1-18周 周四 第1节-第2节 教305",3.0,数学学院,否,理论类课程,"周二,周四",2014-2015-1,,201411103101060634,"2011数学学院数学与应用数学,2011数学学院应用模块,2011数学学院统计学,2011数学学院信息与计算科学",0,鼓楼校区,2014-2015学年 第1学期,60634,"教305,教305",0.0,否,,1,64,,0,0,随机过程,1,"第1节-第2节,第1节-第2节",教学楼,11031010
48.0,400110,变分学(20141-11070030-1),201411107003060624,,1,,7,1-18周,0,崔小军,1-18周 周一 第5节-第7节 教305,3.0,数学学院,否,理论类课程,周一,2014-2015-1,,201411107003060624,"2011数学学院数学与应用数学,2011数学学院应用模块,2011数学学院统计学,2011数学学院信息与计算科学",0,鼓楼校区,2014-2015学年 第1学期,60624,教305,0.0,否,,1,48,,0,0,变分理论,1,第5节-第7节,教学楼,11070030
64.0,400110,椭圆和抛物方程的正则性理论(20141-11070040-1),201411107004060625,,1,,3,"1-18周,1-18周",0,,"1-18周 周一 第1节-第2节 教303,1-18周 周三 第3节-第4节 教303",4.0,数学学院,否,理论类课程,"周一,周三",2014-2015-1,,201411107004060625,"2011数学学院数学与应用数学,2011数学学院应用模块,2011数学学院统计学,2011数学学院信息与计算科学",0,鼓楼校区,2014-2015学年 第1学期,60625,"教303,教303",0.0,否,,1,64,,0,0,椭圆和抛物方程的正则性理论,1,"第1节-第2节,第3节-第4节",教学楼,11070040
80.0,400110,微积分I(第一层次)(20141-11100140A-1),2014111100140A59684,,3,,86,"4-18周,4-18周,4-18周",0,范红军,"4-18周 周三 第1节-第2节 仙Ⅱ-304,4-18周 周三 第3节-第4节 仙Ⅱ-304,4-18周 周五 第1节-第2节 仙Ⅱ-304",5.0,数学学院,否,理论+实践课程,"周三,周三,周五",2014-2015-1,,2014111100140A59684,,0,仙林校区,2014-2015学年 第1学期,59684,"仙Ⅱ-304,仙Ⅱ-304,仙Ⅱ-304",0.0,否,,5,64,,32,0,微积分I(第一层次),12,"第1节-第2节,第3节-第4节,第1节-第2节",仙II区,11100140A
80.0,400110,微积分I(第一层次)(20141-11100140A-2),2014111100140A59685,,3,,65,"4-18周,4-18周,4-18周",0,邱华,"4-18周 周三 第1节-第2节 仙Ⅱ-305,4-18周 周三 第3节-第4节 仙Ⅱ-305,4-18周 周五 第1节-第2节 仙Ⅱ-305",5.0,数学学院,否,理论+实践课程,"周三,周三,周五",2014-2015-1,,2014111100140A59685,,0,仙林校区,2014-2015学年 第1学期,59685,"仙Ⅱ-305,仙Ⅱ-305,仙Ⅱ-305",0.0,否,,5,64,,32,0,微积分I(第一层次),12,"第1节-第2节,第3节-第4节,第1节-第2节",仙II区,11100140A
80.0,400110,微积分I(第一层次)(20141-11100140A-3),2014111100140A59686,,3,,90,"4-18周,4-18周,4-18周",0,秦理真,"4-18周 周三 第1节-第2节 仙Ⅱ-211,4-18周 周三 第3节-第4节 仙Ⅱ-211,4-18周 周五 第1节-第2节 仙Ⅱ-211",5.0,数学学院,否,理论+实践课程,"周三,周三,周五",2014-2015-1,,2014111100140A59686,,0,仙林校区,2014-2015学年 第1学期,59686,"仙Ⅱ-211,仙Ⅱ-211,仙Ⅱ-211",0.0,否,,5,64,,32,0,微积分I(第一层次),12,"第1节-第2节,第3节-第4节,第1节-第2节",仙II区,11100140A
48.0,400110,线性代数(第一层次)(20141-11100140C-1),2014111100140C59780,,3,,77,"1-18周,1-18周",0,孙永忠,"1-18周 周五 第3节-第4节 仙Ⅱ-303,1-18周 周三 第5节-第6节 仙Ⅱ-303",4.0,数学学院,否,理论类课程,"周三,周五",2014-2015-1,,2014111100140C59780,,0,仙林校区,2014-2015学年 第1学期,59780,"仙Ⅱ-303,仙Ⅱ-303",0.0,否,,1,64,,0,0,线性代数(第一层次),12,"第5节-第6节,第3节-第4节",仙II区,11100140C
48.0,400110,线性代数(第一层次)(20141-11100140C-2),2014111100140C59781,,3,,70,"1-18周,1-18周",0,李步扬,"1-18周 周五 第3节-第4节 仙Ⅱ-304,1-18周 周三 第5节-第6节 仙Ⅱ-304",4.0,数学学院,否,理论类课程,"周三,周五",2014-2015-1,,2014111100140C59781,,0,仙林校区,2014-2015学年 第1学期,59781,"仙Ⅱ-304,仙Ⅱ-304",0.0,否,,1,64,,0,0,线性代数(第一层次),12,"第5节-第6节,第3节-第4节",仙II区,11100140C
48.0,400110,线性代数(第一层次)(20141-11100140C-3),2014111100140C59782,,3,,68,"1-18周,1-18周",0,李耀文,"1-18周 周一 第1节-第2节 仙Ⅱ-405,1-18周 周三 第5节-第6节 仙Ⅱ-405",4.0,数学学院,否,理论类课程,"周一,周三",2014-2015-1,,2014111100140C59782,,0,仙林校区,2014-2015学年 第1学期,59782,"仙Ⅱ-405,仙Ⅱ-405",0.0,否,,1,64,,0,0,线性代数(第一层次),12,"第1节-第2节,第5节-第6节",仙II区,11100140C
48.0,400110,概率论与数理统计(20141-11100200-1),201411110020059080,,3,,157,"1-18周,1-18周",0,曹苏平,"1-18周 周五 第1节-第2节 逸B-212,1-18周 周三 第3节-第4节 逸B-212",3.0,数学学院,否,理论类课程,"周三,周五",2014-2015-1,,201411110020059080,"2013商学院经济学,2013商学院经济学（产业经济方向）,2013商学院国际经济与贸易",0,仙林校区,2014-2015学年 第1学期,59080,"逸B-212,逸B-212",0.0,否,,1,48,,0,0,概率论与数理统计,16,"第3节-第4节,第1节-第2节",逸夫楼B区,11100200
48.0,400110,概率论与数理统计(20141-11100200-2),201411110020059081,,3,,117,"1-18周,1-18周",0,曹苏平,"1-18周 周三 第1节-第2节 逸B-212,1-18周 周五 第3节-第4节 逸B-212",3.0,数学学院,否,理论类课程,"周三,周五",2014-2015-1,,201411110020059081,"2013商学院金融学,2013商学院金融工程,2013商学院保险学",0,仙林校区,2014-2015学年 第1学期,59081,"逸B-212,逸B-212",0.0,否,,1,48,,0,0,概率论与数理统计,16,"第1节-第2节,第3节-第4节",逸夫楼B区,11100200
48.0,400110,概率论与数理统计(20141-11100200-3),201411110020059082,,3,,137,"1-18周,1-18周",0,谢兆茹,"1-18周 周三 第1节-第2节 逸A-117,1-18周 周一 第3节-第4节 逸A-117",3.0,数学学院,否,理论类课程,"周一,周三",2014-2015-1,,201411110020059082,"2013商学院工商管理,2013商学院工商管理（人力资源管理方向）,2013商学院市场营销",0,仙林校区,2014-2015学年 第1学期,59082,"逸A-117,逸A-117",0.0,否,,1,48,,0,0,概率论与数理统计,15,"第3节-第4节,第1节-第2节",逸夫楼A区,11100200
48.0,400110,概率论与数理统计(20141-11100200-4),201411110020059083,,3,,141,"1-18周,1-18周",0,谢兆茹,"1-18周 周一 第1节-第2节 逸A-117,1-18周 周三 第3节-第4节 逸A-117",3.0,数学学院,否,理论类课程,"周一,周三",2014-2015-1,,201411110020059083,"2013商学院会计学,2013商学院电子商务,2013商学院财务管理",0,仙林校区,2014-2015学年 第1学期,59083,"逸A-117,逸A-117",0.0,否,,1,48,,0,0,概率论与数理统计,15,"第1节-第2节,第3节-第4节",逸夫楼A区,11100200
48.0,400110,概率论与数理统计(20141-11100200-5),201411110020059084,,3,,0,1-18周,0,潘茂林,1-18周 周一 第5节-第7节 仙Ⅰ-107,3.0,数学学院,否,理论类课程,周一,2014-2015-1,,201411110020059084,2013环境学院环境科学与工程类,0,仙林校区,2014-2015学年 第1学期,59084,仙Ⅰ-107,0.0,否,,1,48,,0,0,概率论与数理统计,11,第5节-第7节,仙I区,11100200
48.0,400110,概率论与数理统计(20141-11100200-6),201411110020059085,,3,,167,1-18周,0,潘茂林,1-18周 周一 第2节-第4节 仙Ⅰ-320,3.0,数学学院,否,理论类课程,周一,2014-2015-1,,201411110020059085,"2013现代工程与应用科学学院材料物理,2013建筑与城市规划学院城乡规划,2013建筑与城市规划学院建筑学,2013现代工程与应用科学学院新能源科学与工程,2013现代工程与应用科学学院光电信息科学与工程,2013现代工程与应用科学学院材料化学",0,仙林校区,2014-2015学年 第1学期,59085,仙Ⅰ-320,0.0,否,,1,48,,0,0,概率论与数理统计,11,第2节-第4节,仙I区,11100200
48.0,400110,概率论与数理统计(20141-11100200-7),201411110020059086,,3,,212,1-18周,0,赵进,1-18周 周四 第5节-第7节 仙Ⅰ-107,3.0,数学学院,否,理论类课程,周四,2014-2015-1,,201411110020059086,"2013地理与海洋科学学院地理科学,2013地理与海洋科学学院自然地理与资源环境,2013地理与海洋科学学院地理信息科学,2013地理与海洋科学学院海洋科学,2013地理与海洋科学学院旅游管理",0,仙林校区,2014-2015学年 第1学期,59086,仙Ⅰ-107,0.0,否,,1,48,,0,0,概率论与数理统计,11,第5节-第7节,仙I区,11100200
32.0,400120,大学物理实验（一）(20141-12000010A-1),2014112000010A60373,,3,,205,4-18周,0,周进,4-18周 周四 第9节-第11节 ,2.0,物理学院,否,实验类课程,周四,2014-2015-1,,2014112000010A60373,2014电子科学与工程学院电子信息类,0,仙林校区,2014-2015学年 第1学期,60373,"实验楼乙307,309,314,316丙301-303,305,307,308,317,319,322",48.0,否,,2,0,,0,0,大学物理实验（一）,,第9节-第11节,,12000010A
32.0,400120,大学物理实验(一）(20141-12000010A-1),2014112000010A60374,,3,,225,4-18周,0,周进,4-18周 周二 第9节-第11节 ,2.0,物理学院,否,实验类课程,周二,2014-2015-1,,2014112000010A60374,,0,仙林校区,2014-2015学年 第1学期,60374,实验楼乙307、309、314、316丙301-303、305、307、308、317、319、322,48.0,否,,2,0,,0,0,大学物理实验（一）,,第9节-第11节,,12000010A
32.0,400120,大学物理实验（一）(20141-12000010A-3),2014112000010A60380,,3,,149,4-18周,0,周进,4-18周 周一 第9节-第11节 ,2.0,物理学院,否,实验类课程,周一,2014-2015-1,,2014112000010A60380,2014现代工程与应用科学学院材料类,0,仙林校区,2014-2015学年 第1学期,60380,"实验楼乙307,309,314,316丙301-303,305,307,308,317,319,322",48.0,否,,2,0,,0,0,大学物理实验（一）,,第9节-第11节,,12000010A
32.0,400120,大学物理实验（一）(20141-12000010A-4),2014112000010A60381,,3,,121,1-18周,0,周进,1-18周 周三 第5节-第7节 ,2.0,物理学院,否,实验类课程,周三,2014-2015-1,,2014112000010A60381,2013数学学院数学类,0,仙林校区,2014-2015学年 第1学期,60381,"实验楼乙307,309,314,316丙301-303,305,307,308,317,319,322",48.0,否,,2,0,,0,0,大学物理实验（一）,,第5节-第7节,,12000010A
32.0,400120,大学物理实验（一）(20141-12000010A-5),2014112000010A60382,,3,,87,4-18周,0,周进,4-18周 周四 第5节-第7节 ,2.0,物理学院,否,实验类课程,周四,2014-2015-1,,2014112000010A60382,,0,仙林校区,2014-2015学年 第1学期,60382,"实验楼乙307,309,314,316丙301-303,305,307,308,317,319,322",48.0,否,,2,0,,0,0,大学物理实验（一）,,第5节-第7节,,12000010A
32.0,400120,大学物理实验（一）(20141-12000010A-6),2014112000010A60383,,3,,37,4-18周,0,周进,4-18周 周二 第5节-第7节 ,2.0,物理学院,否,实验类课程,周二,2014-2015-1,,2014112000010A60383,2014地球科学与工程学院地质学,0,仙林校区,2014-2015学年 第1学期,60383,"实验楼乙307,309,314,316丙301-303,305,307,308,317,319,322",48.0,否,,2,0,,0,0,大学物理实验（一）,,第5节-第7节,,12000010A
32.0,400120,大学物理实验（一）(20141-12000010A-7),2014112000010A60385,,3,,55,4-18周,0,周进,4-18周 周四 第5节-第7节 ,2.0,物理学院,否,实验类课程,周四,2014-2015-1,,2014112000010A60385,,0,仙林校区,2014-2015学年 第1学期,60385,"实验楼乙307,309,314,316丙301-303,305,307,308,317,319,322",48.0,否,,2,0,,0,0,大学物理实验（一）,,第5节-第7节,,12000010A
32.0,400120,大学物理实验（一）(20141-12000010A-8),2014112000010A60387,,3,,147,1-18周,0,周进,1-18周 周二 第5节-第7节 ,2.0,物理学院,否,实验类课程,周二,2014-2015-1,,2014112000010A60387,,0,仙林校区,2014-2015学年 第1学期,60387,"实验楼乙307,309,314,316丙301-303,305,307,308,317,319,322",48.0,否,,2,0,,0,0,大学物理实验（一）,,第5节-第7节,,12000010A
32.0,400120,大学物理实验（一）(20141-12000010A-9),2014112000010A60388,,3,,219,4-18周,0,周进,4-18周 周一 第5节-第7节 ,2.0,物理学院,否,实验类课程,周一,2014-2015-1,,2014112000010A60388,,0,仙林校区,2014-2015学年 第1学期,60388,"实验楼乙307,309,314,316丙301-303,305,307,308,317,319,322",48.0,否,,2,0,,0,0,大学物理实验（一）,,第5节-第7节,,12000010A
32.0,400120,大学物理实验（一）(20141-12000010A-10),2014112000010A60389,,3,,17,1-18周,0,周进,1-18周 周三 第9节-第11节 ,2.0,物理学院,否,实验类课程,周三,2014-2015-1,,2014112000010A60389,"2013化学学院化学,2013化学学院应用化学",0,仙林校区,2014-2015学年 第1学期,60389,"实验楼乙307,309,314,316丙301-303,305,307,308,317,319,322",48.0,否,,2,0,,0,0,大学物理实验（一）,,第9节-第11节,,12000010A
32.0,400120,大学物理实验（一）(20141-12000010A-11),2014112000010A60390,,3,,63,4-18周,0,周进,4-18周 周三 第9节-第11节 ,2.0,物理学院,否,实验类课程,周三,2014-2015-1,,2014112000010A60390,2014工程管理学院电气信息类,0,仙林校区,2014-2015学年 第1学期,60390,"实验楼乙307,309,314,316丙301-303,305,307,308,317,319,322",48.0,否,,2,0,,0,0,大学物理实验（一）,,第9节-第11节,,12000010A
32.0,400120,大学物理实验（一）(20141-12000010A-12),2014112000010A60391,,3,,25,4-18周,0,周进,4-18周 周三 第5节-第7节 ,2.0,物理学院,否,实验类课程,周三,2014-2015-1,,2014112000010A60391,"2013地理与海洋科学学院地理信息科学,2014地理与海洋科学学院地理科学",0,仙林校区,2014-2015学年 第1学期,60391,"实验楼乙307,309,314,316丙301-303,305,307,308,317,319,322",48.0,否,,2,0,,0,0,大学物理实验（一）,,第5节-第7节,,12000010A
32.0,400120,大学物理实验（一）(20141-12000010A-13),2014112000010A60392,,3,,34,4-18周,0,周进,4-18周 周一 第9节-第11节 ,2.0,物理学院,否,实验类课程,周一,2014-2015-1,,2014112000010A60392,2014天文与空间科学学院天文学,0,仙林校区,2014-2015学年 第1学期,60392,"　　实验楼乙307,309,314,316丙301-303,305,307,308,317,319,322",48.0,否,,2,0,,0,0,大学物理实验（一）,,第9节-第11节,,12000010A
64.0,400120,普通物理(20141-12000012-1),201411200001260652,,3,,126,"1-18周,1-18周",0,黄凤珍,"1-18周 周二 第1节-第2节 仙Ⅱ-207,1-18周 周五 第3节-第4节 仙Ⅱ-207",4.0,物理学院,否,理论类课程,"周二,周五",2014-2015-1,,201411200001260652,2013数学学院数学类,0,仙林校区,2014-2015学年 第1学期,60652,"仙Ⅱ-207,仙Ⅱ-207",0.0,否,,1,64,,0,0,普通物理,12,"第1节-第2节,第3节-第4节",仙II区,12000012
48.0,400120,普通物理（上）(20141-12000014A-1),2014112000014A60419,,3,,129,"4-18周,4-18周",0,卢定伟,"4-18周 周二 第3节-第4节 环科楼B-111,4-18周 周五 第3节-第4节 环科楼B-111",3.0,物理学院,否,理论类课程,"周二,周五",2014-2015-1,,2014112000014A60419,"2013环境学院环境工程,2013环境学院环境科学（环规）,2013环境学院环境科学（环生）,2013环境学院环境科学（环化）",0,仙林校区,2014-2015学年 第1学期,60419,"环科楼B-111,环科楼B-111",0.0,否,,1,48,,0,0,普通物理（上）,111,"第3节-第4节,第3节-第4节",环科楼,12000014A
48.0,400120,普通物理（下）(20141-12000014B-2),2014112000014B60398,,3,,146,"1-17周(单),1-18周",0,法伟,"1-17周(单) 周一 第1节-第2节 逸B-105,1-18周 周三 第3节-第4节 仙Ⅰ-107",3.0,物理学院,否,理论类课程,"周一,周三",2014-2015-1,,2014112000014B60398,"2013化学学院化学,2013化学学院应用化学",0,仙林校区,2014-2015学年 第1学期,60398,"逸B-105,仙Ⅰ-107",0.0,否,,1,48,,0,0,普通物理（下）,"11,16","第1节-第2节,第3节-第4节","仙I区, 逸夫楼B区",12000014B
48.0,400120,普通物理（下）(20141-12000014B-2),2014112000014B60663,,3,,103,"1-17周(单),1-18周",0,唐少龙,"1-17周(单) 周一 第1节-第2节 仙Ⅱ-312,1-18周 周四 第3节-第4节 仙Ⅱ-312",3.0,物理学院,否,理论类课程,"周一,周四",2014-2015-1,,2014112000014B60663,"2013地球科学与工程学院地球化学,2013工程管理学院电气信息类,2013地球科学与工程学院地质学（地球物理学方向）,2013地球科学与工程学院地下水科学与工程,2013地球科学与工程学院水文与水资源工程,2013地球科学与工程学院地质工程",0,仙林校区,2014-2015学年 第1学期,60663,"仙Ⅱ-312,仙Ⅱ-312",0.0,否,,1,48,,0,0,普通物理（下）,12,"第1节-第2节,第3节-第4节",仙II区,12000014B
64.0,400120,普通物理(20141-12000016B-1),2014112000016B60400,,3,,59,"1-18周,1-18周",0,杨跃涛,"1-18周 周三 第5节-第6节 逸B-207,1-18周 周一 第7节-第8节 逸B-207",4.0,物理学院,否,理论类课程,"周一,周三",2014-2015-1,,2014112000016B60400,"2013地球科学与工程学院地质学,2013地理与海洋科学学院海洋科学,2013地理与海洋科学学院地理科学,2013地球科学与工程学院地质学（古生物学方向）",0,仙林校区,2014-2015学年 第1学期,60400,"逸B-207,逸B-207",0.0,否,,1,64,,0,0,普通物理（下）,16,"第7节-第8节,第5节-第6节",逸夫楼B区,12000016B
64.0,400120,普通物理(20141-12000016B-2),2014112000016B60465,,3,,100,"1-18周,1-18周",0,吕笑梅,"1-18周 周一 第3节-第4节 逸B-105,1-18周 周四 第3节-第4节 逸B-105",4.0,物理学院,否,理论类课程,"周一,周四",2014-2015-1,,2014112000016B60465,,0,仙林校区,2014-2015学年 第1学期,60465,"逸B-105,逸B-105",0.0,否,,1,64,,0,0,普通物理（下）,16,"第3节-第4节,第3节-第4节",逸夫楼B区,12000016B
48.0,400120,力学(20141-12000020-1),201411200002059336,,3,,113,"4-18周,4-18周",0,于顺利,"4-18周 周一 第3节-第4节 仙Ⅱ-207,4-18周 周三 第3节-第4节 逸B-313",3.0,物理学院,否,理论类课程,"周一,周三",2014-2015-1,,201411200002059336,,0,仙林校区,2014-2015学年 第1学期,59336,"仙Ⅱ-207,逸B-313",0.0,否,,1,64,,0,0,力学,"12,16","第3节-第4节,第3节-第4节","仙II区, 逸夫楼B区",12000020
48.0,400120,力学(20141-12000020-2),201411200002059461,,3,,99,"4-18周,4-18周",0,舒大军,"4-18周 周一 第3节-第4节 仙Ⅱ-305,4-18周 周三 第3节-第4节 逸B-104",3.0,物理学院,否,理论类课程,"周一,周三",2014-2015-1,,201411200002059461,,0,仙林校区,2014-2015学年 第1学期,59461,"仙Ⅱ-305,逸B-104",0.0,否,,1,64,,0,0,力学,"12,16","第3节-第4节,第3节-第4节","仙II区, 逸夫楼B区",12000020
48.0,400120,力学(20141-12000020-3),201411200002059464,,3,,39,"4-18周,4-18周",0,王思慧,"4-18周 周二 第1节-第2节 仙Ⅱ-111,4-18周 周五 第3节-第4节 仙Ⅱ-111",3.0,物理学院,否,理论类课程,"周二,周五",2014-2015-1,,201411200002059464,,0,仙林校区,2014-2015学年 第1学期,59464,"仙Ⅱ-111,仙Ⅱ-111",0.0,否,,1,64,,0,0,力学,12,"第1节-第2节,第3节-第4节",仙II区,12000020
48.0,400120,光学(20141-12000050-1),201411200005059784,,3,,112,"1-17周(单),1-18周",0,陈卓,"1-18周 周五 第3节-第4节 仙Ⅱ-403,1-17周(单) 周二 第3节-第4节 逸B-313",3.0,物理学院,否,理论类课程,"周二,周五",2014-2015-1,,201411200005059784,,0,仙林校区,2014-2015学年 第1学期,59784,"逸B-313,仙Ⅱ-403",0.0,否,,1,48,,0,0,光学,"12,16","第3节-第4节,第3节-第4节","仙II区, 逸夫楼B区",12000050
48.0,400120,光学(20141-12000050-2),201411200005059788,,3,,125,"1-17周(单),1-18周",0,丁剑平,"1-18周 周五 第3节-第4节 图书馆125,1-17周(单) 周二 第3节-第4节 图书馆125",3.0,物理学院,否,理论类课程,"周二,周五",2014-2015-1,,201411200005059788,,0,仙林校区,2014-2015学年 第1学期,59788,"无,图书馆125",0.0,否,,1,48,,0,0,光学,18,"第3节-第4节,第3节-第4节",图书馆,12000050
48.0,400120,近代物理(20141-12000060-1),201411200006060115,,3,,133,1-18周,0,许昌,1-18周 周五 第5节-第7节 逸A-117,3.0,物理学院,否,理论类课程,周五,2014-2015-1,,201411200006060115,,0,仙林校区,2014-2015学年 第1学期,60115,逸A-117,0.0,否,,1,48,,0,0,近代物理,15,第5节-第7节,逸夫楼A区,12000060
48.0,400120,近代物理(20141-12000060-2),201411200006060117,,3,,102,1-18周,0,陈伟中,1-18周 周五 第5节-第7节 仙Ⅱ-403,3.0,物理学院,否,理论类课程,周五,2014-2015-1,,201411200006060117,,0,仙林校区,2014-2015学年 第1学期,60117,仙Ⅱ-403,0.0,否,,1,48,,0,0,近代物理,12,第5节-第7节,仙II区,12000060
64.0,400120,数学物理方法(20141-12000070-1),201411200007060662,,3,,56,"1-18周,1-18周",0,郑之明,"1-18周 周四 第1节-第2节 仙Ⅱ-218,1-18周 周二 第3节-第4节 仙Ⅱ-218",4.0,物理学院,否,理论类课程,"周二,周四",2014-2015-1,,201411200007060662,"2012地球科学与工程学院地球化学,2012地球科学与工程学院地下水科学与工程,2012地球科学与工程学院水文与水资源工程,2012地球科学与工程学院地质工程",0,仙林校区,2014-2015学年 第1学期,60662,"仙Ⅱ-218,仙Ⅱ-218",0.0,否,,1,64,,0,0,数学物理方法,12,"第3节-第4节,第1节-第2节",仙II区,12000070
48.0,400120,理论力学(20141-12000080-1),201411200008059795,,3,,0,,0,,,3.0,物理学院,否,理论类课程,,2014-2015-1,,201411200008059795,,0,仙林校区,2014-2015学年 第1学期,59795,,0.0,否,,1,64,,0,0,理论力学,,,,12000080
64.0,400120,理论力学(20141-12000081-1),201411200008160394,,3,,170,"1-18周,1-18周",0,任春来,"1-18周 周三 第1节-第2节 逸B-105,1-18周 周一 第5节-第6节 逸B-212",4.0,物理学院,否,理论类课程,"周一,周三",2014-2015-1,,201411200008160394,2013天文与空间科学学院天文学,0,仙林校区,2014-2015学年 第1学期,60394,"逸B-212,逸B-105",0.0,否,,1,64,,0,0,理论力学,16,"第5节-第6节,第1节-第2节",逸夫楼B区,12000081
64.0,400120,理论力学(20141-12000081-1),201411200008160776,,3,,62,"1-18周,1-18周",0,鞠国兴,"1-18周 周五 第1节-第2节 仙Ⅱ-111,1-18周 周一 第5节-第6节 仙Ⅱ-213",4.0,物理学院,否,理论类课程,"周一,周五",2014-2015-1,,201411200008160776,,0,仙林校区,2014-2015学年 第1学期,60776,"仙Ⅱ-213,仙Ⅱ-111",0.0,否,,1,64,,0,0,理论力学,12,"第5节-第6节,第1节-第2节",仙II区,12000081
32.0,400120,近代物理实验（二）(20141-12000100B-1),2014112000100B59828,,1,,64,1-18周,0,黄润生,1-18周 周四 第5节-第7节 ,2.0,物理学院,否,实验类课程,周四,2014-2015-1,,2014112000100B59828,2011物理学院物理学类,0,鼓楼校区,2014-2015学年 第1学期,59828,物理楼 201；204-206；220；303；515,48.0,否,,2,0,,0,0,近代物理实验（二）,,第5节-第7节,,12000100B
32.0,400120,近代物理实验（二）(20141-12000100B-2),2014112000100B60326,,1,,74,1-18周,0,黄润生,1-18周 周四 第9节-第11节 ,2.0,物理学院,否,实验类课程,周四,2014-2015-1,,2014112000100B60326,2011物理学院物理学类,0,鼓楼校区,2014-2015学年 第1学期,60326,物理楼 201；204-206；220；303；515,48.0,否,,2,0,,0,0,近代物理实验（二）,,第9节-第11节,,12000100B
32.0,400120,近代物理实验（二）(20141-12000100B-3),2014112000100B60327,,1,,51,1-18周,0,黄润生,1-18周 周五 第9节-第11节 ,2.0,物理学院,否,实验类课程,周五,2014-2015-1,,2014112000100B60327,2011物理学院物理学类,0,鼓楼校区,2014-2015学年 第1学期,60327,物理楼 201；204-206；220；303；515,48.0,否,,2,0,,0,0,近代物理实验（二）,,第9节-第11节,,12000100B
32.0,400120,近代物理实验（二）(20141-12000100B-4),2014112000100B60393,,1,,43,1-18周,0,黄润生,1-18周 周五 第5节-第7节 ,2.0,物理学院,否,实验类课程,周五,2014-2015-1,,2014112000100B60393,"2011天文与空间科学学院天文学,2011天文与空间科学学院空间科学与技术",0,鼓楼校区,2014-2015学年 第1学期,60393,物理楼 201；204-206；220；303；515,48.0,否,,2,0,,0,0,近代物理实验（二）,,第5节-第7节,,12000100B
64.0,400120,量子力学(20141-12000110-1),201411200011059810,,1,,95,"1-18周,1-17周(单)",0,周苑,"1-18周 周二 第3节-第4节 教213,1-17周(单) 周五 第3节-第4节 教222",4.0,物理学院,否,理论类课程,"周二,周五",2014-2015-1,,201411200011059810,,0,鼓楼校区,2014-2015学年 第1学期,59810,"教213,教222",0.0,否,,1,64,,0,0,量子力学,1,"第3节-第4节,第3节-第4节",教学楼,12000110
64.0,400120,量子力学(20141-12000110-2),201411200011060126,,1,,101,"1-17周(单),1-18周",0,李建新,"1-18周 周三 第3节-第4节 教213,1-17周(单) 周一 第3节-第4节 教213",4.0,物理学院,否,理论类课程,"周一,周三",2014-2015-1,,201411200011060126,,0,鼓楼校区,2014-2015学年 第1学期,60126,"教213,教213",0.0,否,,1,64,,0,0,量子力学,1,"第3节-第4节,第3节-第4节",教学楼,12000110
64.0,400120,量子力学(20141-12000110-4),201411200011060395,,3,,105,"1-18周,1-18周",0,沈瑞,"1-18周 周一 第3节-第4节 仙Ⅱ-122,1-18周 周三 第5节-第6节 仙Ⅰ-107",4.0,物理学院,否,理论类课程,"周一,周三",2014-2015-1,,201411200011060395,"2012地球科学与工程学院地质学（地球物理学方向）,2012天文与空间科学学院天文学",0,仙林校区,2014-2015学年 第1学期,60395,"仙Ⅱ-122,仙Ⅰ-107",0.0,否,,1,64,,0,0,量子力学,"11,12","第3节-第4节,第5节-第6节","仙I区, 仙II区",12000110
64.0,400120,量子力学(20141-12000110-4),201411200011061053,,1,,164,2-18周(双),0,周苑,2-18周(双) 周五 第1节-第2节 教222,4.0,物理学院,否,理论类课程,周五,2014-2015-1,,201411200011061053,,0,鼓楼校区,2014-2015学年 第1学期,61053,教222,0.0,否,,1,64,,0,0,量子力学,1,第1节-第2节,教学楼,12000110
48.0,400120,电动力学(20141-12000120-1),201411200012060134,,1,,195,"1-18周,1-18周",0,"孙建,王振林","1-18周 周一 第1节-第2节 教222,1-18周 周四 第1节-第2节 教222",3.0,物理学院,否,理论类课程,"周一,周四",2014-2015-1,,201411200012060134,,0,鼓楼校区,2014-2015学年 第1学期,60134,"教222,教222",0.0,否,,1,68,,0,0,电动力学,1,"第1节-第2节,第1节-第2节",教学楼,12000120
48.0,400120,电动力学(20141-12000120-3),201411200012060396,,3,,54,1-18周,0,詹鹏,1-18周 周二 第5节-第7节 仙Ⅱ-312,3.0,物理学院,否,理论类课程,周二,2014-2015-1,,201411200012060396,"2012天文与空间科学学院天文学,2012天文与空间科学学院空间科学与技术",0,仙林校区,2014-2015学年 第1学期,60396,仙Ⅱ-312,0.0,否,,1,68,,0,0,电动力学,12,第5节-第7节,仙II区,12000120
64.0,400120,固体物理(20141-12000130-1),201411200013059827,,1,,41,"1-18周,1-18周,2-18周(双)",0,"孙亮,胡安","2-18周(双) 周三 第1节-第2节 教220,1-18周 周五 第3节-第4节 教220,1-18周 周二 第3节-第4节 教220",4.0,物理学院,否,理论类课程,"周二,周五,周三",2014-2015-1,,201411200013059827,,0,鼓楼校区,2014-2015学年 第1学期,59827,"教220,教220,教220",0.0,否,,1,102,,0,0,固体物理,1,"第3节-第4节,第3节-第4节,第1节-第2节",教学楼,12000130
64.0,400120,固体物理(20141-12000130-2),201411200013060411,,3,,72,"1-18周,1-18周",0,顾民,"1-18周 周三 第3节-第4节 逸B-305,1-18周 周五 第3节-第4节 逸B-305",4.0,物理学院,否,理论类课程,"周三,周五",2014-2015-1,,201411200013060411,,0,仙林校区,2014-2015学年 第1学期,60411,"逸B-305,逸B-305",0.0,否,,1,102,,0,0,固体物理,16,"第3节-第4节,第3节-第4节",逸夫楼B区,12000130
16.0,400120,物理学前沿讲座(20141-12000160-1),201411200016060118,,3,,210,1-18周,0,"曹毅,吴小山",1-18周 周三 第5节-第6节 仙Ⅰ-106,1.0,物理学院,否,理论类课程,周三,2014-2015-1,,201411200016060118,,0,仙林校区,2014-2015学年 第1学期,60118,仙Ⅰ-106,0.0,否,,1,16,,0,0,物理学前沿讲座,11,第5节-第6节,仙I区,12000160
32.0,400120,基础物理综合(20141-12000310-1),201411200031059831,,1,,103,1-18周,0,高文莉,1-18周 周二 第1节-第2节 教220,2.0,物理学院,否,理论类课程,周二,2014-2015-1,,201411200031059831,2011物理学院物理学类,0,鼓楼校区,2014-2015学年 第1学期,59831,教220,0.0,否,,1,32,,0,0,基础物理综合,1,第1节-第2节,教学楼,12000310
48.0,400120,量子力学补充(20141-12000320-1),201411200032060260,,1,,138,"1-18周,1-17周(单)",0,任中洲,"1-18周 周一 第3节-第4节 教201,1-17周(单) 周三 第3节-第4节 教201",3.0,物理学院,否,理论类课程,"周一,周三",2014-2015-1,,201411200032060260,2011物理学院物理学类,0,鼓楼校区,2014-2015学年 第1学期,60260,"教201,教201",0.0,否,,1,48,,0,0,量子力学补充,1,"第3节-第4节,第3节-第4节",教学楼,12000320
48.0,400120,统计物理补充(20141-12000330-1),201411200033059832,,1,,105,1-18周,0,陈延彬,1-18周 周一 第5节-第7节 教201,3.0,物理学院,否,理论类课程,周一,2014-2015-1,,201411200033059832,2011物理学院物理学类,0,鼓楼校区,2014-2015学年 第1学期,59832,教201,0.0,否,,1,48,,0,0,统计物理补充,1,第5节-第7节,教学楼,12000330
48.0,400120,模拟电路(20141-12000340-1),201411200034060120,,3,,163,1-18周,0,"程营,许坚毅",1-18周 周四 第5节-第7节 逸B-212,3.0,物理学院,否,理论类课程,周四,2014-2015-1,,201411200034060120,,0,仙林校区,2014-2015学年 第1学期,60120,逸B-212,0.0,否,,1,48,,0,0,模拟电路,16,第5节-第7节,逸夫楼B区,12000340
48.0,400120,数字电路(20141-12000350-1),201411200035060413,,3,,45,1-18周,0,王南之,1-18周 周五 第5节-第7节 仙Ⅱ-115,3.0,物理学院,否,理论类课程,周五,2014-2015-1,,201411200035060413,"2012现代工程与应用科学学院材料物理,2012现代工程与应用科学学院材料化学",0,仙林校区,2014-2015学年 第1学期,60413,仙Ⅱ-115,0.0,否,,1,48,,0,0,数字电路,12,第5节-第7节,仙II区,12000350
80.0,400120,微机原理与应用(20141-12000530-1),201411200053060140,,1,,30,"1-18周,1-18周,1-18周",0,冯小宁,"1-18周 周四 第3节-第4节 教213,1-18周 周四 第7节-第8节 ,1-18周 周二 第5节-第6节 教213",5.0,物理学院,否,理论+实验课程,"周二,周四,周四",2014-2015-1,,201411200053060140,,0,鼓楼校区,2014-2015学年 第1学期,60140,"教213,教213,物理楼211",,否,,6,,,,0,微机原理与应用,1,"第5节-第6节,第3节-第4节,第7节-第8节",教学楼,12000530
32.0,400120,演示物理(20141-12000610-1),201411200061059531,,3,,139,4-18周,0,"高惠滨,潘永华",4-18周 周三 第5节-第6节 ,2.0,物理学院,否,实验类课程,周三,2014-2015-1,,201411200061059531,,0,仙林校区,2014-2015学年 第1学期,59531,实验楼丙310,32.0,否,,2,0,,0,0,演示物理,,第5节-第6节,,12000610
32.0,400120,演示物理(20141-12000610-2),201411200061059535,,3,,75,4-18周,0,"高惠滨,潘永华",4-18周 周三 第7节-第8节 ,2.0,物理学院,否,实验类课程,周三,2014-2015-1,,201411200061059535,,0,仙林校区,2014-2015学年 第1学期,59535,实验楼丙310,32.0,否,,2,0,,0,0,演示物理,,第7节-第8节,,12000610
32.0,400120,物理学史(20141-12000620-1),201411200062059772,,3,,220,4-18周,0,钟伟,4-18周 周五 第5节-第6节 仙Ⅰ-320,2.0,物理学院,否,理论类课程,周五,2014-2015-1,,201411200062059772,,0,仙林校区,2014-2015学年 第1学期,59772,仙Ⅰ-320,0.0,否,,1,32,,0,0,物理学史,11,第5节-第6节,仙I区,12000620
32.0,400120,能源工学(20141-12000630-1),201411200063060142,,1,,63,1-18周,0,周勇,1-18周 周四 第5节-第6节 教213,2.0,物理学院,否,理论类课程,周四,2014-2015-1,,201411200063060142,,0,鼓楼校区,2014-2015学年 第1学期,60142,教213,0.0,否,,1,32,,0,0,能源工学,1,第5节-第6节,教学楼,12000630
32.0,400120,自动控制理论(20141-12000640-1),201411200064060145,,1,,43,1-18周,0,杨京,1-18周 周三 第5节-第6节 教213,2.0,物理学院,否,理论类课程,周三,2014-2015-1,,201411200064060145,,0,鼓楼校区,2014-2015学年 第1学期,60145,教213,0.0,否,,1,32,,0,0,自动控制理论,1,第5节-第6节,教学楼,12000640
48.0,400120,单片机原理与接口技术(20141-12000700-1),201411200070060261,,1,,13,"1-9周,10-18周",0,张仲宁,"1-9周 周二 第5节-第7节 教208,10-18周 周二 第5节-第7节 ",3.0,物理学院,否,理论类课程,"周二,周二",2014-2015-1,,201411200070060261,2011物理学院物理学类,0,鼓楼校区,2014-2015学年 第1学期,60261,"教208,物理楼503",0.0,否,,1,48,,0,0,单片机原理与接口技术,1,"第5节-第7节,第5节-第7节",教学楼,12000700
32.0,400120,凝聚态物质光物理(20141-12000710-1),201411200071060262,,1,,38,1-18周,0,张勇,1-18周 周四 第3节-第4节 教201,2.0,物理学院,否,理论类课程,周四,2014-2015-1,,201411200071060262,2011物理学院物理学类,0,鼓楼校区,2014-2015学年 第1学期,60262,教201,0.0,否,,1,32,,0,0,凝聚态物质光物理,1,第3节-第4节,教学楼,12000710
32.0,400120,电工学(20141-12000790-1),201411200079060418,,3,,46,1-18周,0,石荣章,1-18周 周一 第3节-第4节 仙Ⅱ-410,2.0,物理学院,否,理论类课程,周一,2014-2015-1,,201411200079060418,2013环境学院环境工程,0,仙林校区,2014-2015学年 第1学期,60418,仙Ⅱ-410,0.0,否,,1,32,,0,0,电工学,12,第3节-第4节,仙II区,12000790
32.0,400120,数据统计与分析(20141-12000800-1),201411200080060119,,3,,176,1-18周,0,李文飞,1-18周 周三 第7节-第8节 逸B-104,2.0,物理学院,否,理论类课程,周三,2014-2015-1,,201411200080060119,,0,仙林校区,2014-2015学年 第1学期,60119,逸B-104,0.0,否,,1,32,,0,0,数据统计与分析,16,第7节-第8节,逸夫楼B区,12000800
48.0,400120,计算机基础(20141-12000810-1),201411200081059991,,3,,196,"4-18周,4-18周",0,邹迎,"4-18周 周一 第5节-第6节 仙Ⅱ-207,4-18周 周一 第7节-第8节 ",3.0,物理学院,否,理论+实验课程,"周一,周一",2014-2015-1,,201411200081059991,,0,仙林校区,2014-2015学年 第1学期,59991,"仙Ⅱ-207,实验楼乙109，110",,否,,6,,,,0,计算机基础,12,"第5节-第6节,第7节-第8节",仙II区,12000810
32.0,400120,高性能计算(20141-12000820-1),201411200082060263,,1,,36,1-18周,0,盛乐标,1-18周 周四 第1节-第2节 教201,2.0,物理学院,否,理论类课程,周四,2014-2015-1,,201411200082060263,2011物理学院物理学类,0,鼓楼校区,2014-2015学年 第1学期,60263,教201,0.0,否,,1,32,,0,0,高性能计算,1,第1节-第2节,教学楼,12000820
80.0,400120,高等量子力学(20141-12010210-1),201411201021060264,,1,,99,"3-18周,3-18周",0,李俊,"3-18周 周五 第9节-第10节 教222,3-18周 周二 第9节-第11节 教222",5.0,物理学院,否,理论类课程,"周二,周五",2014-2015-1,,201411201021060264,2011物理学院物理学类,0,鼓楼校区,2014-2015学年 第1学期,60264,"教222,教222",0.0,否,,1,80,,0,0,高等量子力学,1,"第9节-第11节,第9节-第10节",教学楼,12010210
32.0,400120,磁性材料(20141-12010240-2),201411201024060265,,1,,52,1-18周,0,唐少龙,1-18周 周三 第1节-第2节 教216,2.0,物理学院,否,理论类课程,周三,2014-2015-1,,201411201024060265,2011物理学院物理学类,0,鼓楼校区,2014-2015学年 第1学期,60265,教216,0.0,否,,1,32,,0,0,磁性材料,1,第1节-第2节,教学楼,12010240
48.0,400120,超导物理与器件(20141-12010250-1),201411201025060266,,1,,44,"2-18周(双),1-18周",0,闻海虎,"1-18周 周五 第3节-第4节 教213,2-18周(双) 周三 第5节-第6节 教201",3.0,物理学院,否,理论类课程,"周三,周五",2014-2015-1,,201411201025060266,2011物理学院物理学类,0,鼓楼校区,2014-2015学年 第1学期,60266,"教201,教213",0.0,否,,1,48,,0,0,超导物理与器件,1,"第5节-第6节,第3节-第4节",教学楼,12010250
48.0,400120,晶体物理性能(20141-12020210-1),201411202021060267,,1,,22,"1-12周,1-12周",0,朱劲松,"1-12周 周五 第3节-第4节 教205,1-12周 周三 第5节-第6节 教205",3.0,物理学院,否,理论类课程,"周三,周五",2014-2015-1,,201411202021060267,2011物理学院物理学类,0,鼓楼校区,2014-2015学年 第1学期,60267,"教205,教205",0.0,否,,1,48,,0,0,晶体物理性能,1,"第5节-第6节,第3节-第4节",教学楼,12020210
32.0,400120,光电子技术(20141-12020240-1),201411202024059835,,1,,24,1-18周,0,周进,1-18周 周三 第3节-第4节 教220,2.0,物理学院,否,理论类课程,周三,2014-2015-1,,201411202024059835,2011物理学院物理学类,0,鼓楼校区,2014-2015学年 第1学期,59835,教220,0.0,否,,1,32,,0,0,光电子技术,1,第3节-第4节,教学楼,12020240
48.0,400120,激光原理与技术(20141-12020260-1),201411202026060268,,1,,48,1-18周,0,张春峰,1-18周 周五 第5节-第7节 教220,3.0,物理学院,否,理论类课程,周五,2014-2015-1,,201411202026060268,2011物理学院物理学类,0,鼓楼校区,2014-2015学年 第1学期,60268,教220,0.0,否,,1,48,,0,0,激光原理与技术,1,第5节-第7节,教学楼,12020260
32.0,400120,核物理实验方法与辐射防护(20141-12030220-1),201411203022060269,,1,,34,1-18周,0,赵经武,1-18周 周二 第3节-第4节 教216,2.0,物理学院,否,理论类课程,周二,2014-2015-1,,201411203022060269,2011物理学院物理学类,0,鼓楼校区,2014-2015学年 第1学期,60269,教216,0.0,否,,1,32,,0,0,核物理实验方法与辐射防护,1,第3节-第4节,教学楼,12030220
48.0,400120,软物质物理(20141-12030240-1),201411203024060270,,1,,33,1-18周,0,马余强,1-18周 周五 第5节-第7节 教201,3.0,物理学院,否,理论类课程,周五,2014-2015-1,,201411203024060270,2011物理学院物理学类,0,鼓楼校区,2014-2015学年 第1学期,60270,教201,0.0,否,,1,48,,0,0,软物质物理,1,第5节-第7节,教学楼,12030240
48.0,400120,生物物理(20141-12030250-2),201411203025060271,,1,,22,1-18周,0,"王骏,王炜",1-18周 周二 第5节-第7节 教205,3.0,物理学院,否,理论类课程,周二,2014-2015-1,,201411203025060271,2011物理学院物理学类,0,鼓楼校区,2014-2015学年 第1学期,60271,教205,0.0,否,,1,48,,0,0,生物物理学,1,第5节-第7节,教学楼,12030250
48.0,400120,数字信号处理(20141-12040040-1),201411204004060137,,1,,48,1-18周,0,郭霞生,1-18周 周五 第3节-第4节 教208,3.0,物理学院,否,理论类课程,周五,2014-2015-1,,201411204004060137,,0,鼓楼校区,2014-2015学年 第1学期,60137,教208,0.0,否,,1,48,,0,0,数字信号处理,1,第3节-第4节,教学楼,12040040
64.0,400120,声学基础(20141-12040050-1),201411204005060138,,1,,55,"1-18周,1-18周",0,王新龙,"1-18周 周二 第3节-第4节 教208,1-18周 周五 第5节-第6节 教208",4.0,物理学院,否,理论类课程,"周二,周五",2014-2015-1,,201411204005060138,,0,鼓楼校区,2014-2015学年 第1学期,60138,"教208,教208",0.0,否,,1,64,,0,0,声学基础,1,"第3节-第4节,第5节-第6节",教学楼,12040050
32.0,400120,声学专题1（电声、超声）（二）(20141-12040080B-1),2014112040080B60255,,1,,43,1-18周,0,卢晶,1-18周 周五 第3节-第4节 教216,2.0,物理学院,否,理论类课程,周五,2014-2015-1,,2014112040080B60255,2011物理学院物理学类,0,鼓楼校区,2014-2015学年 第1学期,60255,教216,0.0,否,,1,32,,0,0,声学专题1（电声、超声）（二）,1,第3节-第4节,教学楼,12040080B
48.0,400120,理论物理Ⅱ(20141-12040210-1),201411204021059824,,1,,37,"1-18周,2-18周(双)",0,"梁彬,程建春","2-18周(双) 周四 第1节-第2节 教203,1-18周 周一 第3节-第4节 教208",3.0,物理学院,否,理论类课程,"周一,周四",2014-2015-1,,201411204021059824,,0,鼓楼校区,2014-2015学年 第1学期,59824,"教208,教203",0.0,否,,1,48,,0,0,理论物理Ⅱ,1,"第3节-第4节,第1节-第2节",教学楼,12040210
48.0,400120,计算方法(20141-12040230-1),201411204023060150,,1,,43,"1-17周(单),1-18周",0,刘晓宙,"1-18周 周三 第3节-第4节 教208,1-17周(单) 周一 第5节-第6节 教208",3.0,物理学院,否,理论类课程,"周一,周三",2014-2015-1,,201411204023060150,,0,鼓楼校区,2014-2015学年 第1学期,60150,"教208,教208",0.0,否,,1,48,,0,0,计算方法及Matlab实现,1,"第5节-第6节,第3节-第4节",教学楼,12040230
48.0,400120,建筑声学(20141-12040260-1),201411204026059840,,1,,13,1-18周,0,陶建成,1-18周 周一 第5节-第6节 教211,3.0,物理学院,否,理论类课程,周一,2014-2015-1,,201411204026059840,2011物理学院物理学类,0,鼓楼校区,2014-2015学年 第1学期,59840,教211,0.0,否,,1,48,,0,0,建筑声学与音频工程,1,第5节-第6节,教学楼,12040260
32.0,400120,音频工程(20141-12040270-1),201411204027059841,,1,,20,1-18周,0,林志斌,1-18周 周四 第5节-第6节 教211,2.0,物理学院,否,理论类课程,周四,2014-2015-1,,201411204027059841,2011物理学院物理学类,0,鼓楼校区,2014-2015学年 第1学期,59841,教211,0.0,否,,1,32,,0,0,音频工程,1,第5节-第6节,教学楼,12040270
32.0,400120,声学专题Ⅱ（光声、声人工结构）(20141-12040290-1),201411204029060322,,1,,29,1-18周,0,"程营,陶超",1-18周 周二 第3节-第4节 教211,2.0,物理学院,否,理论类课程,周二,2014-2015-1,,201411204029060322,2011物理学院物理学类,0,鼓楼校区,2014-2015学年 第1学期,60322,教211,0.0,否,,1,32,,0,0,声学专题Ⅱ（光声、声人工结构）,1,第3节-第4节,教学楼,12040290
32.0,400120,传感器与传动器(20141-12040300-1),201411204030060324,,1,,19,1-18周,0,"张辉,范理",1-18周 周五 第1节-第2节 教216,2.0,物理学院,否,理论类课程,周五,2014-2015-1,,201411204030060324,2011物理学院物理学类,0,鼓楼校区,2014-2015学年 第1学期,60324,教216,0.0,否,,1,32,,0,0,传感器与传动器,1,第1节-第2节,教学楼,12040300
16.0,400120,声学测量实验(20141-12040310T-1),2014112040310T60321,,1,,41,1-18周,0,"邹欣晔,刘晓峻",1-18周 周五 第5节-第7节 ,1.0,物理学院,否,实验类课程,周五,2014-2015-1,,2014112040310T60321,2011物理学院物理学类,0,鼓楼校区,2014-2015学年 第1学期,60321,声学楼208,34.0,否,,2,0,,0,0,声学测量实验,,第5节-第7节,,12040310T
32.0,400120,制冷与低温技术原理(20141-12050210-1),201411205021059842,,1,,21,1-18周,0,方贵银,1-18周 周四 第5节-第6节 教216,2.0,物理学院,否,理论类课程,周四,2014-2015-1,,201411205021059842,2011物理学院物理学类,0,鼓楼校区,2014-2015学年 第1学期,59842,教216,0.0,否,,1,32,,0,0,制冷与低温技术原理,1,第5节-第6节,教学楼,12050210
48.0,400120,低温物理与技术(20141-12050230-1),201411205023060325,,1,,5,"1-18周,1-17周(单)",0,王智河,"1-18周 周一 第1节-第2节 教208,1-17周(单) 周三 第5节-第6节 教208",3.0,物理学院,否,理论类课程,"周一,周三",2014-2015-1,,201411205023060325,2011物理学院物理学类,0,鼓楼校区,2014-2015学年 第1学期,60325,"教208,教208",0.0,否,,1,48,,0,0,低温物理与技术,1,"第1节-第2节,第5节-第6节",教学楼,12050230
64.0,400140,大学化学(20141-13000020-1),201411300002060540,,3,,81,"4-18周,4-18周",0,王新平,"4-18周 周二 第1节-第2节 仙Ⅱ-105,4-18周 周三 第3节-第4节 仙Ⅱ-105",4.0,化学学院,否,理论类课程,"周二,周三",2014-2015-1,,201411300002060540,2014生命科学学院生物科学类,0,仙林校区,2014-2015学年 第1学期,60540,"仙Ⅱ-105,仙Ⅱ-105",0.0,否,,1,64,,0,0,大学化学,12,"第1节-第2节,第3节-第4节",仙II区,13000020
64.0,400140,大学化学(20141-13000020-2),201411300002060542,,3,,123,"4-18周,4-18周",0,李承辉,"4-18周 周二 第1节-第2节 仙Ⅱ-122,4-18周 周四 第3节-第4节 仙Ⅱ-122",4.0,化学学院,否,理论类课程,"周二,周四",2014-2015-1,,201411300002060542,,0,仙林校区,2014-2015学年 第1学期,60542,"仙Ⅱ-122,仙Ⅱ-122",0.0,否,,1,64,,0,0,大学化学,12,"第1节-第2节,第3节-第4节",仙II区,13000020
64.0,400140,大学化学(20141-13000020-3),201411300002060566,,3,,95,4-18周,0,曹登科,4-18周 周三 第5节-第7节 仙Ⅱ-505,4.0,化学学院,否,理论类课程,周三,2014-2015-1,,201411300002060566,,0,仙林校区,2014-2015学年 第1学期,60566,仙Ⅱ-505,0.0,否,,1,64,,0,0,大学化学,12,第5节-第7节,仙II区,13000020
32.0,400140,大学化学实验(20141-13000020T-1),2014113000020T60541,,3,,72,4-18周(双),0,"陶友荣,王庆",4-18周(双) 周五 第3节-第8节 ,2.0,化学学院,否,,周五,2014-2015-1,,2014113000020T60541,2014生命科学学院生物科学类,0,仙林校区,2014-2015学年 第1学期,60541,实验楼甲313; 实验楼甲314; 实验楼甲315,,否,,,,,,0,大学化学实验,,第3节-第8节,,13000020T
32.0,400140,大学化学实验(20141-13000020T-2),2014113000020T60543,,3,,120,5-17周(单),0,"陶友荣,王庆",5-17周(单) 周五 第3节-第8节 ,2.0,化学学院,否,,周五,2014-2015-1,,2014113000020T60543,,0,仙林校区,2014-2015学年 第1学期,60543,实验楼甲311; 实验楼甲313; 实验楼甲314,,否,,,,,,0,大学化学实验,,第3节-第8节,,13000020T
48.0,400140,大学化学(20141-13000030A-1),2014113000030A59829,,3,,148,"4-18周,4-18周",0,芦昌盛,"4-18周 周一 第1节-第2节 仙Ⅰ-319,4-18周 周三 第1节-第2节 仙Ⅰ-320",3.0,化学学院,否,理论类课程,"周一,周三",2014-2015-1,,2014113000030A59829,,0,仙林校区,2014-2015学年 第1学期,59829,"仙Ⅰ-319,仙Ⅰ-320",0.0,否,,1,48,,0,0,大学化学,11,"第1节-第2节,第1节-第2节",仙I区,13000030A
48.0,400140,大学化学(20141-13000030A-2),2014113000030A60519,,3,,0,,0,,,3.0,化学学院,否,理论类课程,,2014-2015-1,,2014113000030A60519,,0,仙林校区,2014-2015学年 第1学期,60519,,0.0,否,,1,48,,0,0,大学化学,,,,13000030A
48.0,400140,大学化学实验(20141-13000030TA-2),2014113000030TA60538,,3,,92,4-18周,0,"赵静,冯福德,王凤彬",4-18周 周四 第3节-第8节 ,3.0,化学学院,否,,周四,2014-2015-1,,2014113000030TA60538,"2013地球科学与工程学院地质学,2014地理与海洋科学学院地理科学,2014地球科学与工程学院地质学,2013地球科学与工程学院地质学（古生物学方向）",0,仙林校区,2014-2015学年 第1学期,60538,实验楼甲309; 实验楼甲311,,否,,,,,,0,大学化学实验,,第3节-第8节,,13000030TA
80.0,400140,有机化学(20141-13000040-1),201411300004060549,,3,,51,"1-18周,1-18周",0,成义祥,"1-18周 周四 第1节-第2节 仙Ⅱ-411,1-18周 周二 第5节-第6节 仙Ⅱ-411",5.0,化学学院,否,理论类课程,"周二,周四",2014-2015-1,,201411300004060549,,0,仙林校区,2014-2015学年 第1学期,60549,"仙Ⅱ-411,仙Ⅱ-411",0.0,否,,1,80,,0,0,有机化学,12,"第5节-第6节,第1节-第2节",仙II区,13000040
32.0,400140,有机化学实验(20141-13000040T-1),2014113000040T60551,,3,,29,2-18周(双),0,"李琳,王庆军,全一武",2-18周(双) 周四 第3节-第8节 ,2.0,化学学院,否,实验类课程,周四,2014-2015-1,,2014113000040T60551,,0,仙林校区,2014-2015学年 第1学期,60551,实验楼甲513,64.0,否,,2,0,,0,0,有机化学实验,,第3节-第8节,,13000040T
48.0,400140,有机化学(20141-13000050A-1),2014113000050A60148,,3,,86,"1-18周,1-18周",0,"陆红健,王杰,王少仲","1-18周 周二 第1节-第2节 仙Ⅰ-202,1-18周 周四 第1节-第2节 仙Ⅰ-202",3.0,化学学院,否,理论类课程,"周二,周四",2014-2015-1,,2014113000050A60148,2013化学学院化学,0,仙林校区,2014-2015学年 第1学期,60148,"仙Ⅰ-202,仙Ⅰ-202",0.0,否,,1,48,,0,0,有机化学,11,"第1节-第2节,第1节-第2节",仙I区,13000050A
48.0,400140,有机化学(20141-13000050A-2),2014113000050A60151,,3,,91,"1-18周,1-18周",0,"林晨,吴琳,郑文华","1-18周 周二 第1节-第2节 仙Ⅰ-201,1-18周 周四 第1节-第2节 仙Ⅰ-201",3.0,化学学院,否,理论类课程,"周二,周四",2014-2015-1,,2014113000050A60151,2013化学学院化学,0,仙林校区,2014-2015学年 第1学期,60151,"仙Ⅰ-201,仙Ⅰ-201",0.0,否,,1,48,,0,0,有机化学,11,"第1节-第2节,第1节-第2节",仙I区,13000050A
48.0,400140,有机化学(20141-13000050A-3),2014113000050A60548,,3,,54,1-18周,0,"朱成建,沈珍,俞寿云",1-18周 周一 第5节-第7节 仙Ⅱ-312,3.0,化学学院,否,理论类课程,周一,2014-2015-1,,2014113000050A60548,,0,仙林校区,2014-2015学年 第1学期,60548,仙Ⅱ-312,0.0,否,,1,48,,0,0,有机化学,12,第5节-第7节,仙II区,13000050A
64.0,400140,物理化学(20141-13000060-1),201411300006060565,,3,,99,1-18周,0,许波连,1-18周 周二 第5节-第7节 仙Ⅱ-405,4.0,化学学院,否,理论类课程,周二,2014-2015-1,,201411300006060565,,0,仙林校区,2014-2015学年 第1学期,60565,仙Ⅱ-405,0.0,否,,1,64,,0,0,物理化学,12,第5节-第7节,仙II区,13000060
56.0,400140,物理化学(20141-13000070A-1),2014113000070A60336,,3,,96,"1-18周,1-18周",0,侯文华,"1-18周 周二 第1节-第2节 仙Ⅰ-103,1-18周 周四 第1节-第2节 仙Ⅰ-103",3.5,化学学院,否,理论类课程,"周二,周四",2014-2015-1,,2014113000070A60336,2012化学学院化学,0,仙林校区,2014-2015学年 第1学期,60336,"仙Ⅰ-103,仙Ⅰ-103",0.0,否,,1,64,,0,0,物理化学,11,"第1节-第2节,第1节-第2节",仙I区,13000070A
56.0,400140,物理化学(20141-13000070A-2),2014113000070A60338,,3,,96,"1-18周,1-18周",0,吴强,"1-18周 周二 第1节-第2节 仙Ⅰ-204,1-18周 周四 第1节-第2节 仙Ⅰ-204",3.5,化学学院,否,理论类课程,"周二,周四",2014-2015-1,,2014113000070A60338,"2012化学学院化学,2012环境学院环境科学（环化）,2012化学学院应用化学",0,仙林校区,2014-2015学年 第1学期,60338,"仙Ⅰ-204,仙Ⅰ-204",0.0,否,,1,64,,0,0,物理化学,11,"第1节-第2节,第1节-第2节",仙I区,13000070A
48.0,400140,物理化学实验(20141-13000070TA-1),2014113000070TA60524,,3,,69,1-18周,0,"季伟捷,淳远,郭学锋,朱建华,朱静",1-18周 周二 第3节-第8节 ,3.0,化学学院,否,实验类课程,周二,2014-2015-1,,2014113000070TA60524,2012化学学院化学,0,仙林校区,2014-2015学年 第1学期,60524,实验楼甲109; 实验楼甲111,96.0,否,,2,0,,0,0,物理化学实验,,第3节-第8节,,13000070TA
48.0,400140,物理化学实验(20141-13000070TA-2),2014113000070TA60525,,3,,68,1-18周,0,"杜学忠,刘春根,周燕子,薛念华,淳远,朱静",1-18周 周一 第3节-第8节 ,3.0,化学学院,否,实验类课程,周一,2014-2015-1,,2014113000070TA60525,2012化学学院化学,0,仙林校区,2014-2015学年 第1学期,60525,实验楼甲107; 实验楼甲109; 实验楼甲111; 实验楼甲113,96.0,否,,2,0,,0,0,物理化学实验,,第3节-第8节,,13000070TA
48.0,400140,物理化学实验(20141-13000070TA-3),2014113000070TA60530,,3,,40,1-18周,0,"傅玉川,朱静,淳远,彭路明,周爱东",1-18周 周四 第3节-第8节 ,3.0,化学学院,否,实验类课程,周四,2014-2015-1,,2014113000070TA60530,"2012化学学院应用化学,2012化学学院化学(基地)",0,仙林校区,2014-2015学年 第1学期,60530,实验楼甲109; 实验楼甲111,96.0,否,,2,0,,0,0,物理化学实验,,第3节-第8节,,13000070TA
48.0,400140,物理化学实验(20141-13000070TA-4),2014113000070TA60537,,3,,38,1-18周,0,"许波连,周爱东,吴兴才,胡柏星,王喜章",1-18周 周五 第3节-第8节 ,3.0,化学学院,否,实验类课程,周五,2014-2015-1,,2014113000070TA60537,2012环境学院环境科学（环化）,0,仙林校区,2014-2015学年 第1学期,60537,实验楼甲109; 实验楼甲111; 实验楼甲113,96.0,否,,2,0,,0,0,物理化学实验,,第3节-第8节,,13000070TA
64.0,400140,有机化学实验(20141-13000090A-1),2014113000090A60520,,3,,67,1-18周,0,"尹桂,强琚莉,林晨,李琳,王杰",1-18周 周二 第3节-第8节 ,4.0,化学学院,否,,周二,2014-2015-1,,2014113000090A60520,2013化学学院化学,0,仙林校区,2014-2015学年 第1学期,60520,实验楼甲501; 实验楼甲502; 实验楼甲503; 实验楼甲504; 实验楼甲517,,否,,,,,,0,有机化学实验,,第3节-第8节,,13000090A
64.0,400140,有机化学实验(20141-13000090A-2),2014113000090A60521,,3,,59,1-18周,0,"李琳,吴石山,何卫江,尹桂,陈葳",1-18周 周五 第3节-第8节 ,4.0,化学学院,否,,周五,2014-2015-1,,2014113000090A60521,2013化学学院化学,0,仙林校区,2014-2015学年 第1学期,60521,实验楼甲501; 实验楼甲502; 实验楼甲503; 实验楼甲504; 实验楼甲518,,否,,,,,,0,有机化学实验,,第3节-第8节,,13000090A
64.0,400140,有机化学实验(20141-13000090A-3),2014113000090A60550,,3,,46,1-18周,0,"吴琳,李琳,武伟",1-18周 周四 第3节-第8节 ,4.0,化学学院,否,,周四,2014-2015-1,,2014113000090A60550,,0,仙林校区,2014-2015学年 第1学期,60550,实验楼甲517; 实验楼甲518; 实验楼甲519; 实验楼甲524,,否,,,,,,0,有机化学实验,,第3节-第8节,,13000090A
48.0,400140,结构化学(20141-13010010-1),201411301001060340,,3,,82,"1-18周,1-17周(单)",0,刘春根,"1-18周 周一 第1节-第2节 仙Ⅰ-201,1-17周(单) 周三 第3节-第4节 仙Ⅰ-201",3.0,化学学院,否,理论类课程,"周一,周三",2014-2015-1,,201411301001060340,2012化学学院化学,0,仙林校区,2014-2015学年 第1学期,60340,"仙Ⅰ-201,仙Ⅰ-201",0.0,否,,1,48,,0,0,结构化学,11,"第1节-第2节,第3节-第4节",仙I区,13010010
48.0,400140,结构化学(20141-13010010-2),201411301001060341,,3,,78,"1-18周,1-17周(单)",0,马晶,"1-18周 周一 第1节-第2节 仙Ⅰ-202,1-17周(单) 周三 第3节-第4节 仙Ⅰ-202",3.0,化学学院,否,理论类课程,"周一,周三",2014-2015-1,,201411301001060341,2012化学学院化学,0,仙林校区,2014-2015学年 第1学期,60341,"仙Ⅰ-202,仙Ⅰ-202",0.0,否,,1,48,,0,0,结构化学,11,"第1节-第2节,第3节-第4节",仙I区,13010010
64.0,400140,仪器分析(20141-13010030-1),201411301003060350,,3,,49,"1-18周,1-18周",0,毕树平,"1-18周 周四 第1节-第2节 仙Ⅰ-104,1-18周 周二 第3节-第4节 仙Ⅰ-103",4.0,化学学院,否,理论类课程,"周二,周四",2014-2015-1,,201411301003060350,"2011环境学院环境科学（环化）,2012化学学院化学(基地)",0,仙林校区,2014-2015学年 第1学期,60350,"仙Ⅰ-103,仙Ⅰ-104",0.0,否,,1,64,,0,0,仪器分析,11,"第3节-第4节,第1节-第2节",仙I区,13010030
40.0,400140,仪器分析实验(20141-13010030T-1),2014113010030T60526,,3,,59,1-18周,0,"王康,姜立萍,江德臣",1-18周 周四 第3节-第8节 ,2.5,化学学院,否,,周四,2014-2015-1,,2014113010030T60526,2012化学学院化学,0,仙林校区,2014-2015学年 第1学期,60526,实验楼甲404; 实验楼甲405; 实验楼甲406; 实验楼甲409; 实验楼甲410; 实验楼甲411; 实验楼甲413; 实验楼甲415,90.0,否,,,,,,0,仪器分析实验,,第3节-第8节,,13010030T
40.0,400140,仪器分析实验(20141-13010030T-2),2014113010030T60527,,3,,59,1-18周,0,"姜立萍,王康,余晓冬",1-18周 周五 第3节-第8节 ,2.5,化学学院,否,,周五,2014-2015-1,,2014113010030T60527,2012化学学院化学,0,仙林校区,2014-2015学年 第1学期,60527,实验楼甲404; 实验楼甲405; 实验楼甲406; 实验楼甲409; 实验楼甲410; 实验楼甲411; 实验楼甲413; 实验楼甲415,90.0,否,,,,,,0,仪器分析实验,,第3节-第8节,,13010030T
40.0,400140,仪器分析实验(20141-13010030T-3),2014113010030T60528,,3,,35,1-18周,0,"张剑荣,夏兴华,姜立萍,江德臣",1-18周 周二 第3节-第8节 ,2.5,化学学院,否,,周二,2014-2015-1,,2014113010030T60528,2012化学学院化学,0,仙林校区,2014-2015学年 第1学期,60528,实验楼甲404; 实验楼甲405; 实验楼甲406; 实验楼甲409; 实验楼甲410; 实验楼甲411; 实验楼甲413; 实验楼甲415,90.0,否,,,,,,0,仪器分析实验,,第3节-第8节,,13010030T
40.0,400140,仪器分析实验(20141-13010030T-4),2014113010030T60529,,3,,40,1-18周,0,"张剑荣,徐静娟,夏兴华",1-18周 周一 第3节-第8节 ,2.5,化学学院,否,,周一,2014-2015-1,,2014113010030T60529,"2012化学学院应用化学,2012化学学院化学(基地)",0,仙林校区,2014-2015学年 第1学期,60529,实验楼甲404; 实验楼甲405; 实验楼甲406; 实验楼甲409; 实验楼甲410; 实验楼甲411; 实验楼甲413; 实验楼甲415,90.0,否,,,,,,0,仪器分析实验,,第3节-第8节,,13010030T
48.0,400140,大学化学实验（上）(20141-13010040TA-1),2014113010040TA60545,,3,,100,4-18周,0,"章文伟,王庆,陶友荣,赵静,王凤彬,谢鸿峰,王新益",4-18周 周一 第3节-第8节 ,3.0,化学学院,否,,周一,2014-2015-1,,2014113010040TA60545,,0,仙林校区,2014-2015学年 第1学期,60545,实验楼乙313、315、实验楼甲301; 实验楼甲303; 实验楼甲304; 实验楼甲307; 实验楼甲308; 实验楼甲316; 实验楼甲319; 实验楼甲322,,否,,,,,,0,大学化学实验（上）,,第3节-第8节,,13010040TA
48.0,400140,大学化学实验（上）(20141-13010040TA-2),2014113010040TA60546,,3,,184,4-18周,0,"袭锴,王庆,王凤彬,陆轻铱,王庆军,沈群东,周东山,全一武,章文伟,陶友荣,张墩明,李承辉",4-18周 周二 第3节-第8节 ,3.0,化学学院,否,,周二,2014-2015-1,,2014113010040TA60546,,0,仙林校区,2014-2015学年 第1学期,60546,实验楼甲314; 实验楼甲315; 实验楼甲316,,否,,,,,,0,大学化学实验（上）,,第3节-第8节,,13010040TA
48.0,400140,化工原理(20141-13020010A-1),2014113020010A60349,,3,,11,"1-18周,1-17周(单)",0,"张锋,耿皎","1-17周(单) 周五 第1节-第2节 逸B-208,1-18周 周二 第3节-第4节 逸B-208",3.0,化学学院,否,理论类课程,"周二,周五",2014-2015-1,,2014113020010A60349,2012化学学院应用化学,0,仙林校区,2014-2015学年 第1学期,60349,"逸B-208,逸B-208",0.0,否,,1,48,,0,0,化工原理A,16,"第3节-第4节,第1节-第2节",逸夫楼B区,13020010A
48.0,400140,化工原理(20141-13020020-1),201411302002060343,,3,,83,"1-17周(单),1-18周",0,周爱东,"1-18周 周五 第1节-第2节 仙Ⅱ-503,1-17周(单) 周三 第1节-第2节 仙Ⅱ-404",3.0,化学学院,否,理论类课程,"周三,周五",2014-2015-1,,201411302002060343,"2012化学学院化学,2012化学学院化学(基地)",0,仙林校区,2014-2015学年 第1学期,60343,"仙Ⅱ-404,仙Ⅱ-503",0.0,否,,1,48,,0,0,化工原理,12,"第1节-第2节,第1节-第2节",仙II区,13020020
16.0,400140,化工基础实验(20141-13020030-1),201411302003060577,,3,,15,1-5周,0,周爱东,1-5周 周四 第3节-第8节 ,1.0,化学学院,否,实验类课程,周四,2014-2015-1,,201411302003060577,"2011化学学院化学,2011化学学院应用化学",0,仙林校区,2014-2015学年 第1学期,60577,实验楼甲121; 实验楼甲123; 实验楼甲421; 实验楼甲426; 实验楼甲428; 实验楼甲429; 实验楼甲430; 实验楼甲431,32.0,否,,2,0,,0,0,化工基础实验,,第3节-第8节,,13020030
16.0,400140,化工基础实验(20141-13020030-2),201411302003060578,,3,,10,1-5周,0,周爱东,1-5周 周四 第3节-第8节 ,1.0,化学学院,否,实验类课程,周四,2014-2015-1,,201411302003060578,2011化学学院应用化学,0,仙林校区,2014-2015学年 第1学期,60578,无,32.0,否,,2,0,,0,0,化工基础实验,,第3节-第8节,,13020030
32.0,400140,精细化学品导论(20141-13020040-1),201411302004060518,,1,,26,1-18周,0,周政,1-18周 周二 第1节-第2节 教104,2.0,化学学院,否,理论类课程,周二,2014-2015-1,,201411302004060518,2011化学学院应用化学,0,鼓楼校区,2014-2015学年 第1学期,60518,教104,0.0,否,,1,32,,0,0,精细化学品导论,1,第1节-第2节,教学楼,13020040
48.0,400140,有机化学(20141-13020060-1),201411302006060516,,3,,12,"1-18周,1-18周",0,"程旭,王少仲","1-18周 周五 第1节-第2节 逸C-203,1-18周 周二 第3节-第4节 逸C-203",3.0,化学学院,否,理论类课程,"周二,周五",2014-2015-1,,201411302006060516,2013化学学院应用化学,0,仙林校区,2014-2015学年 第1学期,60516,"逸C-203,逸C-203",0.0,否,,1,64,,0,0,有机化学,17,"第3节-第4节,第1节-第2节",逸夫楼C区,13020060
32.0,400140,有机化学实验(20141-13020070T-1),2014113020070T60517,,3,,1,,0,,,2.0,化学学院,否,实验类课程,,2014-2015-1,,2014113020070T60517,2013化学学院应用化学,0,仙林校区,2014-2015学年 第1学期,60517,,64.0,否,,2,0,,0,0,有机化学实验,,,,13020070T
32.0,400140,等离子化学(20141-13030040-1),201411303004060574,,1,,17,1-18周,0,胡征,1-18周 周一 第9节-第10节 教104,2.0,化学学院,否,理论类课程,周一,2014-2015-1,,201411303004060574,"2011化学学院化学,2011化学学院化学(基地)",0,鼓楼校区,2014-2015学年 第1学期,60574,教104,0.0,否,,1,32,,0,0,等离子化学,1,第9节-第10节,教学楼,13030040
32.0,400140,分离科学(20141-13030060-1),201411303006060352,,1,,17,1-18周,0,余晓冬,1-18周 周二 第5节-第6节 教118,2.0,化学学院,否,理论类课程,周二,2014-2015-1,,201411303006060352,"2011化学学院化学,2011化学学院化学(基地)",0,鼓楼校区,2014-2015学年 第1学期,60352,教118,0.0,否,,1,32,,0,0,分离科学,1,第5节-第6节,教学楼,13030060
32.0,400140,分析化学(20141-13030070-2),201411303007060535,,3,,114,1-18周,0,姜立萍,1-18周 周三 第3节-第4节 仙Ⅱ-122,2.0,化学学院,否,理论类课程,周三,2014-2015-1,,201411303007060535,"2013环境学院环境工程,2013环境学院环境科学（环规）,2013环境学院环境科学（环生）,2013环境学院环境科学（环化）",0,仙林校区,2014-2015学年 第1学期,60535,仙Ⅱ-122,0.0,否,,1,32,,0,0,分析化学,12,第3节-第4节,仙II区,13030070
48.0,400140,高等物理化学II(20141-13030080B-1),2014113030080B60351,,3,,49,"1-18周,1-17周(单)",0,"李伟,周燕子","1-18周 周一 第1节-第2节 仙Ⅱ-113,1-17周(单) 周三 第3节-第4节 仙Ⅱ-113",3.0,化学学院,否,理论类课程,"周一,周三",2014-2015-1,,2014113030080B60351,2012化学学院化学(基地),0,仙林校区,2014-2015学年 第1学期,60351,"仙Ⅱ-113,仙Ⅱ-113",0.0,否,,1,48,,0,0,高等物理化学II,12,"第1节-第2节,第3节-第4节",仙II区,13030080B
32.0,400140,高分子材料制备(20141-13030090-1),201411303009060354,,1,,30,1-18周,0,"吴石山,蒋锡群",1-18周 周三 第5节-第6节 教105,2.0,化学学院,否,理论类课程,周三,2014-2015-1,,201411303009060354,"2011化学学院化学,2011化学学院化学(基地)",0,鼓楼校区,2014-2015学年 第1学期,60354,教105,0.0,否,,1,32,,0,0,先进高分子制造,1,第5节-第6节,教学楼,13030090
48.0,400140,化工制图(20141-13030170-1),201411303017060342,,3,,15,"1-18周,1-18周",0,朱静,"1-18周 周五 第5节-第6节 逸B-304,1-18周 周五 第7节-第8节 ",3.0,化学学院,否,理论+实践课程,"周五,周五",2014-2015-1,,201411303017060342,"2012化学学院化学,2012化学学院化学(基地),2012化学学院应用化学",0,仙林校区,2014-2015学年 第1学期,60342,"逸B-304,实验楼甲203",0.0,否,,5,32,,32,0,人工智能与化工制图,16,"第5节-第6节,第7节-第8节",逸夫楼B区,13030170
16.0,400140,化学化工行业就业创业指导(20141-13030190-1),201411303019060348,,3,,33,1-17周(单),0,张锋,1-17周(单) 周五 第3节-第4节 逸B-304,1.0,化学学院,否,理论类课程,周五,2014-2015-1,,201411303019060348,"2012化学学院化学,2012化学学院化学(基地),2012化学学院应用化学",0,仙林校区,2014-2015学年 第1学期,60348,逸B-304,0.0,否,,1,16,,0,0,化学化工行业就业创业指导,16,第3节-第4节,逸夫楼B区,13030190
64.0,400140,化学原理(20141-13030240B-1),2014113030240B60539,,3,,72,"1-18周,1-18周",0,赵斌,"1-18周 周五 第1节-第2节 仙Ⅰ-202,1-18周 周一 第5节-第6节 仙Ⅰ-201",4.0,化学学院,否,理论类课程,"周一,周五",2014-2015-1,,2014113030240B60539,"2013地球科学与工程学院地质学,2013地理与海洋科学学院海洋科学,2013地理与海洋科学学院地理科学,2013地球科学与工程学院地质学（古生物学方向）",0,仙林校区,2014-2015学年 第1学期,60539,"仙Ⅰ-201,仙Ⅰ-202",0.0,否,,1,64,,0,0,化学原理,11,"第5节-第6节,第1节-第2节",仙I区,13030240B
64.0,400140,化学原理(20141-13030240B-2),2014113030240B60547,,3,,55,"1-18周,1-18周",0,葛欣,"1-18周 周五 第1节-第2节 仙Ⅰ-201,1-18周 周二 第5节-第6节 仙Ⅰ-201",4.0,化学学院,否,理论类课程,"周二,周五",2014-2015-1,,2014113030240B60547,,0,仙林校区,2014-2015学年 第1学期,60547,"仙Ⅰ-201,仙Ⅰ-201",0.0,否,,1,64,,0,0,化学原理,11,"第5节-第6节,第1节-第2节",仙I区,13030240B
48.0,400140,基础化学(20141-13030250A-1),2014113030250A60661,,3,,51,1-18周,0,汪蓉,1-18周 周一 第5节-第7节 仙Ⅱ-310,3.0,化学学院,否,理论类课程,周一,2014-2015-1,,2014113030250A60661,"2013地球科学与工程学院地球化学,2013地球科学与工程学院地质学（地球物理学方向）,2013地球科学与工程学院地下水科学与工程,2013地球科学与工程学院水文与水资源工程,2013地球科学与工程学院地质工程",0,仙林校区,2014-2015学年 第1学期,60661,仙Ⅱ-310,0.0,否,,1,48,,0,0,基础化学,12,第5节-第7节,仙II区,13030250A
32.0,400140,胶体与界面化学(20141-13030270-1),201411303027060347,,3,,88,1-18周,0,杜学忠,1-18周 周三 第7节-第8节 仙Ⅰ-202,2.0,化学学院,否,理论类课程,周三,2014-2015-1,,201411303027060347,"2012化学学院化学,2012化学学院化学(基地)",0,仙林校区,2014-2015学年 第1学期,60347,仙Ⅰ-202,0.0,否,,1,32,,0,0,胶体与界面化学,11,第7节-第8节,仙I区,13030270
32.0,400140,配位化学(20141-13030360-1),201411303036060345,,3,,78,1-18周,0,章文伟,1-18周 周一 第9节-第10节 仙Ⅰ-202,2.0,化学学院,否,理论类课程,周一,2014-2015-1,,201411303036060345,"2012化学学院化学,2012化学学院化学(基地)",0,仙林校区,2014-2015学年 第1学期,60345,仙Ⅰ-202,0.0,否,,1,32,,0,0,配位化学,11,第9节-第10节,仙I区,13030360
32.0,400140,现代材料化学基础(20141-13030420-1),201411303042060353,,1,,55,1-18周,0,郭学锋,1-18周 周五 第5节-第6节 教118,2.0,化学学院,否,理论类课程,周五,2014-2015-1,,201411303042060353,"2011化学学院化学,2011化学学院化学(基地)",0,鼓楼校区,2014-2015学年 第1学期,60353,教118,0.0,否,,1,32,,0,0,现代材料化学基础,1,第5节-第6节,教学楼,13030420
32.0,400140,有机合成(20141-13030480-1),201411303048060346,,3,,91,1-18周,0,"朱成建,俞寿云",1-18周 周四 第9节-第10节 逸B-207,2.0,化学学院,否,理论类课程,周四,2014-2015-1,,201411303048060346,"2012化学学院化学,2012化学学院化学(基地),2012化学学院应用化学",0,仙林校区,2014-2015学年 第1学期,60346,逸B-207,0.0,否,,1,32,,0,0,有机合成,16,第9节-第10节,逸夫楼B区,13030480
32.0,400140,无机交叉领域的前沿发展(20141-13030550-1),201411303055060573,,1,,66,1-18周,0,"白俊峰,黄伟,王新平,孙为银,宋友,陆轻铱,史壮志,郭子建,陈浩,燕红,何卫江,郑佑轩",1-18周 周三 第3节-第4节 教103,2.0,化学学院,否,理论类课程,周三,2014-2015-1,,201411303055060573,"2011化学学院化学,2011化学学院化学(基地),2011化学学院应用化学",0,鼓楼校区,2014-2015学年 第1学期,60573,教103,0.0,否,,1,32,,0,0,无机交叉领域的前沿发展,1,第3节-第4节,教学楼,13030550
32.0,400140,有机化学现代进展(20141-13030560-1),201411303056060570,,1,,44,1-18周,0,"张艳,姚祝军,王欢",1-18周 周五 第3节-第4节 教105,2.0,化学学院,否,理论类课程,周五,2014-2015-1,,201411303056060570,"2011化学学院化学,2011化学学院化学(基地),2011化学学院应用化学",0,鼓楼校区,2014-2015学年 第1学期,60570,教105,0.0,否,,1,32,,0,0,生物有机分子化学进展评述,1,第3节-第4节,教学楼,13030560
32.0,400140,配位磁化学(20141-13030570-1),201411303057060575,,1,,11,1-18周,0,郑丽敏,1-18周 周一 第3节-第4节 教220,2.0,化学学院,否,理论类课程,周一,2014-2015-1,,201411303057060575,"2011化学学院化学,2011化学学院化学(基地),2011化学学院应用化学",0,鼓楼校区,2014-2015学年 第1学期,60575,教220,0.0,否,,1,32,,0,0,配位磁化学,1,第3节-第4节,教学楼,13030570
48.0,400140,高分子结构研究法(20141-13030580-1),201411303058060581,,1,,31,1-18周,0,蒋锡群,1-18周 周四 第3节-第4节 教101,3.0,化学学院,否,理论类课程,周四,2014-2015-1,,201411303058060581,"2011化学学院化学,2011化学学院化学(基地),2011化学学院应用化学",0,鼓楼校区,2014-2015学年 第1学期,60581,教101,0.0,否,,1,48,,0,0,高分子结构研究法,1,第3节-第4节,教学楼,13030580
48.0,400140,电分析化学基础(20141-13030590-1),201411303059060531,,1,,0,,0,,,3.0,化学学院,否,理论类课程,,2014-2015-1,,201411303059060531,,0,鼓楼校区,2014-2015学年 第1学期,60531,,0.0,否,,1,48,,0,0,电分析化学基础,,,,13030590
48.0,400140,电分析化学基础(20141-13030590-2),201411303059060571,,1,,1,"1-17周(单),1-18周",0,雷建平,"1-18周 周五 第3节-第4节 教318,1-17周(单) 周二 第3节-第4节 教318",3.0,化学学院,否,理论类课程,"周二,周五",2014-2015-1,,201411303059060571,"2011化学学院化学,2011化学学院化学(基地),2011化学学院应用化学",0,鼓楼校区,2014-2015学年 第1学期,60571,"教318,教318",0.0,否,,1,48,,0,0,电分析化学基础,1,"第3节-第4节,第3节-第4节",教学楼,13030590
64.0,400140,高等有机化学(20141-13030600-1),201411303060060579,,1,,31,1-18周,0,"张艳,郑文华",1-18周 周三 第5节-第7节 教101,4.0,化学学院,否,理论类课程,周三,2014-2015-1,,201411303060060579,"2011化学学院化学,2011化学学院化学(基地),2011化学学院应用化学",0,鼓楼校区,2014-2015学年 第1学期,60579,教101,0.0,否,,1,64,,0,0,高等有机化学,1,第5节-第7节,教学楼,13030600
16.0,400140,化学安全与防护(20141-13030640-1),201411303064060513,,3,,77,1-17周(单),0,李育佳,1-17周(单) 周一 第5节-第6节 仙Ⅰ-212,1.0,化学学院,否,理论类课程,周一,2014-2015-1,,201411303064060513,"2013化学学院化学,2013化学学院应用化学",0,仙林校区,2014-2015学年 第1学期,60513,仙Ⅰ-212,0.0,否,,1,16,,0,0,化学安全与防护,11,第5节-第6节,仙I区,13030640
48.0,400140,谱学基础(20141-13030650-1),201411303065060580,,1,,41,"1-18周,2-18周(双)",0,谢代前,"1-18周 周四 第5节-第6节 教121,2-18周(双) 周二 第5节-第6节 教121",3.0,化学学院,否,理论类课程,"周四,周二",2014-2015-1,,201411303065060580,"2011化学学院化学,2011化学学院化学(基地)",0,鼓楼校区,2014-2015学年 第1学期,60580,"教121,教121",0.0,否,,1,48,,0,0,谱学基础,1,"第5节-第6节,第5节-第6节",教学楼,13030650
32.0,400220,普通生物学（上）(20141-14000010A-1),2014114000010A58946,,3,,92,4-18周,0,"黄亚红,陈建秀",4-18周 周四 第5节-第7节 仙Ⅱ-105,2.0,生命科学学院,否,理论类课程,周四,2014-2015-1,,2014114000010A58946,2014生命科学学院生物科学类,0,仙林校区,2014-2015学年 第1学期,58946,仙Ⅱ-105,0.0,否,,1,32,,0,0,普通生物学（上）,12,第5节-第7节,仙II区,14000010A
32.0,400220,普通生物学（上）(20141-14000010A-2),2014114000010A58953,,3,,37,4-18周,0,"田兴军,喻富根,王强",4-18周 周四 第5节-第7节 仙Ⅱ-217,2.0,生命科学学院,否,理论类课程,周四,2014-2015-1,,2014114000010A58953,,0,仙林校区,2014-2015学年 第1学期,58953,仙Ⅱ-217,0.0,否,,1,32,,0,0,普通生物学（上）,12,第5节-第7节,仙II区,14000010A
16.0,400220,基础生物学技术（上）(20141-14000020A-1),2014114000020A58947,,3,,123,5-17周(单),0,"卢山,王良斌",5-17周(单) 周五 第5节-第6节 仙Ⅱ-305,1.0,生命科学学院,否,理论类课程,周五,2014-2015-1,,2014114000020A58947,2014生命科学学院生物科学类,0,仙林校区,2014-2015学年 第1学期,58947,仙Ⅱ-305,0.0,否,,1,16,,0,0,基础生物学技术（上）,12,第5节-第6节,仙II区,14000020A
16.0,400220,基础生物学技术实验（上）(20141-14000020TA-1),2014114000020TA58948,,3,,38,4-18周,0,"庄重,王良斌",4-18周 周三 第5节-第6节 ,1.0,生命科学学院,否,实验类课程,周三,2014-2015-1,,2014114000020TA58948,2014生命科学学院生物科学类,0,仙林校区,2014-2015学年 第1学期,58948,实验楼甲423,16.0,否,,2,0,,0,0,基础生物学技术实验（上）,,第5节-第6节,,14000020TA
16.0,400220,基础生物学技术实验（上）(20141-14000020TA-2),2014114000020TA58949,,3,,41,4-18周,0,"王良斌,庄重",4-18周 周三 第7节-第8节 ,1.0,生命科学学院,否,实验类课程,周三,2014-2015-1,,2014114000020TA58949,2014生命科学学院生物科学类,0,仙林校区,2014-2015学年 第1学期,58949,实验楼甲423,16.0,否,,2,0,,0,0,基础生物学技术实验（上）,,第7节-第8节,,14000020TA
16.0,400220,基础生物学技术实验（上）(20141-14000020TA-3),2014114000020TA58950,,3,,36,4-18周,0,"庄重,王良斌",4-18周 周五 第3节-第4节 ,1.0,生命科学学院,否,实验类课程,周五,2014-2015-1,,2014114000020TA58950,,0,仙林校区,2014-2015学年 第1学期,58950,实验楼甲423,16.0,否,,2,0,,0,0,基础生物学技术实验（上）,,第3节-第4节,,14000020TA
48.0,400220,生物统计学(20141-14010021-1),201411401002158816,,3,,58,,0,,,3.0,生命科学学院,否,理论+实践课程,,2014-2015-1,,201411401002158816,,0,仙林校区,2014-2015学年 第1学期,58816,,0.0,否,,5,16,,32,0,生物统计学,,,,14010021
48.0,400220,生物统计学(20141-14010021-2),201411401002158817,,3,,99,1-18周,0,赵杨,1-18周 周五 第5节-第7节 ,3.0,生命科学学院,否,理论+实践课程,周五,2014-2015-1,,201411401002158817,,0,仙林校区,2014-2015学年 第1学期,58817,实验楼乙107,0.0,否,,5,16,,32,0,生物统计学,,第5节-第7节,,14010021
64.0,400220,生物化学1(20141-14010032-1),201411401003258951,,3,,97,"1-18周,1-18周",0,"杨荣武,张冬梅","1-18周 周二 第3节-第4节 仙Ⅱ-117,1-18周 周三 第7节-第8节 仙Ⅱ-117",4.0,生命科学学院,否,理论类课程,"周二,周三",2014-2015-1,,201411401003258951,2013生命科学学院生物科学类,0,仙林校区,2014-2015学年 第1学期,58951,"仙Ⅱ-117,仙Ⅱ-117",0.0,否,,1,64,,0,0,生物化学,12,"第3节-第4节,第7节-第8节",仙II区,14010032
64.0,400220,生物化学1(20141-14010032-2),201411401003258952,,3,,42,"1-18周,1-18周",0,"杨荣武,张冬梅","1-18周 周一 第3节-第4节 仙Ⅱ-413,1-18周 周五 第3节-第4节 仙Ⅱ-413",4.0,生命科学学院,否,理论类课程,"周一,周五",2014-2015-1,,201411401003258952,,0,仙林校区,2014-2015学年 第1学期,58952,"仙Ⅱ-413,仙Ⅱ-413",0.0,否,,1,64,,0,0,生物化学,12,"第3节-第4节,第3节-第4节",仙II区,14010032
64.0,400220,生物化学实验1(20141-14010032T-1),2014114010032T58954,,3,,45,2-18周(双),0,刘新建,2-18周(双) 周一 第3节-第8节 ,1.0,生命科学学院,否,实验类课程,周一,2014-2015-1,,2014114010032T58954,2013生命科学学院生物科学类,0,仙林校区,2014-2015学年 第1学期,58954,实验楼甲421,48.0,否,,2,0,,0,0,生物化学实验,,第3节-第8节,,14010032T
64.0,400220,生物化学实验1(20141-14010032T-2),2014114010032T58955,,3,,29,1-17周(单),0,刘新建,1-17周(单) 周一 第3节-第8节 ,1.0,生命科学学院,否,实验类课程,周一,2014-2015-1,,2014114010032T58955,2013生命科学学院生物科学类,0,仙林校区,2014-2015学年 第1学期,58955,实验楼甲421,48.0,否,,2,0,,0,0,生物化学实验,,第3节-第8节,,14010032T
64.0,400220,生物化学实验1(20141-14010032T-3),2014114010032T58956,,3,,28,1-17周(单),0,李俊,1-17周(单) 周四 第3节-第7节 ,1.0,生命科学学院,否,实验类课程,周四,2014-2015-1,,2014114010032T58956,,0,仙林校区,2014-2015学年 第1学期,58956,实验楼甲421,48.0,否,,2,0,,0,0,生物化学实验,,第3节-第7节,,14010032T
32.0,400220,微生物学(20141-14010060-1),201411401006058957,,3,,39,1-18周,0,顾宏伟,1-18周 周四 第9节-第11节 仙Ⅰ-201,2.0,生命科学学院,否,理论类课程,周四,2014-2015-1,,201411401006058957,2013生命科学学院生物科学类,0,仙林校区,2014-2015学年 第1学期,58957,仙Ⅰ-201,0.0,否,,1,32,,0,0,微生物学,11,第9节-第11节,仙I区,14010060
32.0,400220,微生物学(20141-14010060-2),201411401006058958,,3,,32,1-18周,0,刘常宏,1-18周 周一 第2节-第4节 仙Ⅱ-216,2.0,生命科学学院,否,理论类课程,周一,2014-2015-1,,201411401006058958,2012生命科学学院生物科学类,0,仙林校区,2014-2015学年 第1学期,58958,仙Ⅱ-216,0.0,否,,1,32,,0,0,微生物学,12,第2节-第4节,仙II区,14010060
32.0,400220,微生物学(20141-14010060-3),201411401006060405,,3,,40,1-18周,0,宋勇春,1-18周 周四 第9节-第11节 仙Ⅰ-202,2.0,生命科学学院,否,理论类课程,周四,2014-2015-1,,201411401006060405,2013生命科学学院生物科学类,0,仙林校区,2014-2015学年 第1学期,60405,仙Ⅰ-202,0.0,否,,1,32,,0,0,微生物学,11,第9节-第11节,仙I区,14010060
16.0,400220,微生物学实验(20141-14010060T-1),2014114010060T58959,,3,,33,1-18周,0,"仲昭朝,宋勇春",1-18周 周四 第2节-第4节 ,1.0,生命科学学院,否,实验类课程,周四,2014-2015-1,,2014114010060T58959,2013生命科学学院生物科学类,0,仙林校区,2014-2015学年 第1学期,58959,实验楼甲423,48.0,否,,2,0,,0,0,微生物学实验,,第2节-第4节,,14010060T
16.0,400220,微生物学实验(20141-14010060T-2),2014114010060T58960,,3,,38,1-18周,0,"仲昭朝,宋勇春",1-18周 周四 第5节-第7节 ,1.0,生命科学学院,否,实验类课程,周四,2014-2015-1,,2014114010060T58960,2013生命科学学院生物科学类,0,仙林校区,2014-2015学年 第1学期,58960,实验楼甲423,48.0,否,,2,0,,0,0,微生物学实验,,第5节-第7节,,14010060T
16.0,400220,微生物学实验(20141-14010060T-3),2014114010060T58961,,3,,30,1-18周,0,刘常宏,1-18周 周二 第2节-第4节 ,1.0,生命科学学院,否,实验类课程,周二,2014-2015-1,,2014114010060T58961,2012生命科学学院生物科学类,0,仙林校区,2014-2015学年 第1学期,58961,实验楼甲423,48.0,否,,2,0,,0,0,微生物学实验,,第2节-第4节,,14010060T
32.0,400220,进化生物学(20141-14010070-1),201411401007058983,,3,,72,1-18周,0,王斌,1-18周 周五 第9节-第10节 仙Ⅱ-211,2.0,生命科学学院,否,理论类课程,周五,2014-2015-1,,201411401007058983,"2011地球科学与工程学院地质学（古生物学方向）,2012生命科学学院生物科学类",0,仙林校区,2014-2015学年 第1学期,58983,仙Ⅱ-211,0.0,否,,1,32,,0,0,进化生物学,12,第9节-第10节,仙II区,14010070
32.0,400220,进化生物学(20141-14010070-2),201411401007058984,,3,,32,1-18周,0,"田大成,杨四海",1-18周 周五 第9节-第10节 仙Ⅱ-216,2.0,生命科学学院,否,理论类课程,周五,2014-2015-1,,201411401007058984,2012生命科学学院生物科学类,0,仙林校区,2014-2015学年 第1学期,58984,仙Ⅱ-216,0.0,否,,1,32,,0,0,进化生物学,12,第9节-第10节,仙II区,14010070
48.0,400220,生理学1(20141-14010090-1),201411401009059023,,3,,55,1-18周,0,罗兰,1-18周 周五 第2节-第4节 仙Ⅱ-103,3.0,生命科学学院,否,理论类课程,周五,2014-2015-1,,201411401009059023,2012生命科学学院生物科学类,0,仙林校区,2014-2015学年 第1学期,59023,仙Ⅱ-103,0.0,否,,1,48,,0,0,生理学,12,第2节-第4节,仙II区,14010090
16.0,400220,生理学实验2(20141-14010090T-1),2014114010090T59026,,1,,30,1-18周,0,"吴雪丰,王良斌",1-18周 周二 第5节-第7节 ,1.0,生命科学学院,否,实验类课程,周二,2014-2015-1,,2014114010090T59026,2012生命科学学院生物科学类,0,鼓楼校区,2014-2015学年 第1学期,59026,西南楼310,48.0,否,,2,0,,0,0,生理学实验,,第5节-第7节,,14010090T
16.0,400220,生理学实验2(20141-14010090T-2),2014114010090T59027,,1,,33,1-18周,0,"吴雪丰,王良斌",1-18周 周二 第2节-第4节 ,1.0,生命科学学院,否,实验类课程,周二,2014-2015-1,,2014114010090T59027,2012生命科学学院生物科学类,0,鼓楼校区,2014-2015学年 第1学期,59027,西南楼310,48.0,否,,2,0,,0,0,生理学实验,,第2节-第4节,,14010090T
16.0,400220,生理学实验2(20141-14010090T-3),2014114010090T59028,,1,,34,1-18周,0,"王良斌,吴雪丰",1-18周 周二 第9节-第11节 ,1.0,生命科学学院,否,实验类课程,周二,2014-2015-1,,2014114010090T59028,2012生命科学学院生物科学类,0,鼓楼校区,2014-2015学年 第1学期,59028,西南楼310,48.0,否,,2,0,,0,0,生理学实验,,第9节-第11节,,14010090T
32.0,400220,发育生物学1(20141-14010100-1),201411401010059029,,3,,86,1-18周,0,李靓,1-18周 周一 第7节-第8节 仙Ⅱ-218,2.0,生命科学学院,否,理论类课程,周一,2014-2015-1,,201411401010059029,2012生命科学学院生物科学类,0,仙林校区,2014-2015学年 第1学期,59029,仙Ⅱ-218,0.0,否,,1,32,,0,0,发育生物学,12,第7节-第8节,仙II区,14010100
32.0,400220,发育生物学1(20141-14010100-2),201411401010059030,,3,,9,1-18周,0,甘黛蒂,1-18周 周一 第7节-第8节 仙Ⅱ-111,2.0,生命科学学院,否,理论类课程,周一,2014-2015-1,,201411401010059030,2012生命科学学院生物科学类,0,仙林校区,2014-2015学年 第1学期,59030,仙Ⅱ-111,0.0,否,,1,32,,0,0,发育生物学,12,第7节-第8节,仙II区,14010100
16.0,400220,发育生物学实验2(20141-14010100T-1),2014114010100T59032,,1,,33,1-18周,0,"李靓,双惊雷",1-18周 周二 第2节-第3节 ,1.0,生命科学学院,否,实验类课程,周二,2014-2015-1,,2014114010100T59032,2012生命科学学院生物科学类,0,鼓楼校区,2014-2015学年 第1学期,59032,西南楼306,32.0,否,,2,0,,0,0,发育生物学实验,,第2节-第3节,,14010100T
16.0,400220,发育生物学实验2(20141-14010100T-2),2014114010100T59033,,1,,29,1-18周,0,"李靓,双惊雷",1-18周 周二 第5节-第6节 ,1.0,生命科学学院,否,实验类课程,周二,2014-2015-1,,2014114010100T59033,2012生命科学学院生物科学类,0,鼓楼校区,2014-2015学年 第1学期,59033,西南楼306,32.0,否,,2,0,,0,0,发育生物学实验,,第5节-第6节,,14010100T
16.0,400220,发育生物学实验2(20141-14010100T-3),2014114010100T59034,,1,,30,1-18周,0,"李靓,双惊雷",1-18周 周二 第7节-第8节 ,1.0,生命科学学院,否,实验类课程,周二,2014-2015-1,,2014114010100T59034,2012生命科学学院生物科学类,0,鼓楼校区,2014-2015学年 第1学期,59034,西南楼306,32.0,否,,2,0,,0,0,发育生物学实验,,第7节-第8节,,14010100T
32.0,400220,植物学(20141-14100040-1),201411410004058962,,3,,37,1-18周,0,"田兴军,李朋富,朱昱苹",1-18周 周二 第5节-第7节 仙Ⅱ-307,2.0,生命科学学院,否,理论类课程,周二,2014-2015-1,,201411410004058962,2013生命科学学院生物科学类,0,仙林校区,2014-2015学年 第1学期,58962,仙Ⅱ-307,0.0,否,,1,32,,0,0,植物生物学,12,第5节-第7节,仙II区,14100040
16.0,400220,植物学实验(20141-14100040T-1),2014114100040T58964,,3,,34,1-18周,0,"朱昱苹,庄重",1-18周 周三 第9节-第10节 ,1.0,生命科学学院,否,实验类课程,周三,2014-2015-1,,2014114100040T58964,2013生命科学学院生物科学类,0,仙林校区,2014-2015学年 第1学期,58964,实验楼甲420,16.0,否,,2,0,,0,0,植物学实验,,第9节-第10节,,14100040T
32.0,400220,动物学(20141-14100050-1),201411410005058974,,3,,65,1-18周,0,吴岷,1-18周 周五 第9节-第11节 仙Ⅱ-217,2.0,生命科学学院,否,理论类课程,周五,2014-2015-1,,201411410005058974,2013生命科学学院生物科学类,0,仙林校区,2014-2015学年 第1学期,58974,仙Ⅱ-217,0.0,否,,1,32,,0,0,动物生物学,12,第9节-第11节,仙II区,14100050
16.0,400220,动物学实验(20141-14100050T-1),2014114100050T58980,,3,,34,1-18周,0,吴岷,1-18周 周一 第9节-第10节 ,1.0,生命科学学院,否,实验类课程,周一,2014-2015-1,,2014114100050T58980,2013生命科学学院生物科学类,0,仙林校区,2014-2015学年 第1学期,58980,实验楼甲420,16.0,否,,2,0,,0,0,动物学实验,,第9节-第10节,,14100050T
32.0,400220,生物信息学(20141-14100060-1),201411410006059488,,3,,33,1-18周,0,王进,1-18周 周一 第3节-第4节 仙Ⅱ-411,2.0,生命科学学院,否,理论类课程,周一,2014-2015-1,,201411410006059488,2011生命科学学院生物科学类,0,仙林校区,2014-2015学年 第1学期,59488,仙Ⅱ-411,0.0,否,,1,32,,0,0,生物信息学,12,第3节-第4节,仙II区,14100060
32.0,400220,动物行为学(20141-14100130-1),201411410013059438,,3,,22,1-18周,0,黄成,1-18周 周四 第3节-第4节 仙Ⅱ-216,2.0,生命科学学院,否,理论类课程,周四,2014-2015-1,,201411410013059438,2012生命科学学院生物科学类,0,仙林校区,2014-2015学年 第1学期,59438,仙Ⅱ-216,0.0,否,,1,32,,0,0,动物行为学,12,第3节-第4节,仙II区,14100130
32.0,400220,分子遗传与进化(20141-14100210-1),201411410021059447,,3,,4,1-18周,0,杨四海,1-18周 周二 第3节-第4节 仙Ⅱ-411,2.0,生命科学学院,否,理论类课程,周二,2014-2015-1,,201411410021059447,2011生命科学学院生物科学类,0,仙林校区,2014-2015学年 第1学期,59447,仙Ⅱ-411,0.0,否,,1,32,,0,0,分子遗传与进化,12,第3节-第4节,仙II区,14100210
32.0,400220,糖生物学(20141-14100220-1),201411410022059451,,3,,1,1-18周,0,王小明,1-18周 周四 第7节-第8节 仙Ⅱ-411,2.0,生命科学学院,否,理论类课程,周四,2014-2015-1,,201411410022059451,2011生命科学学院生物科学类,0,仙林校区,2014-2015学年 第1学期,59451,仙Ⅱ-411,0.0,否,,1,32,,0,0,糖生物学,12,第7节-第8节,仙II区,14100220
32.0,400220,微小核糖核酸的功能及应用(20141-14100250-1),201411410025059470,,3,,3,1-18周,0,陈熹,1-18周 周五 第7节-第8节 仙Ⅱ-411,2.0,生命科学学院,否,理论类课程,周五,2014-2015-1,,201411410025059470,2011生命科学学院生物科学类,0,仙林校区,2014-2015学年 第1学期,59470,仙Ⅱ-411,0.0,否,,1,32,,0,0,表观遗传学,12,第7节-第8节,仙II区,14100250
32.0,400220,衰老分子生物学(20141-14100260-1),201411410026059475,,3,,9,1-18周,0,吉丽娜,1-18周 周五 第5节-第6节 仙Ⅱ-411,2.0,生命科学学院,否,理论类课程,周五,2014-2015-1,,201411410026059475,2011生命科学学院生物科学类,0,仙林校区,2014-2015学年 第1学期,59475,仙Ⅱ-411,0.0,否,,1,32,,0,0,衰老分子生物学,12,第5节-第6节,仙II区,14100260
32.0,400220,蛋白质组学(20141-14100270-1),201411410027059479,,3,,8,1-18周,0,李冬海,1-18周 周二 第7节-第8节 仙Ⅱ-411,2.0,生命科学学院,否,理论类课程,周二,2014-2015-1,,201411410027059479,2011生命科学学院生物科学类,0,仙林校区,2014-2015学年 第1学期,59479,仙Ⅱ-411,0.0,否,,1,32,,0,0,蛋白质组学,12,第7节-第8节,仙II区,14100270
32.0,400220,保健食品研发与制作(20141-14100290-1),201411410029059434,,3,,18,1-18周,0,李建梅,1-18周 周五 第5节-第6节 仙Ⅱ-216,2.0,生命科学学院,否,理论类课程,周五,2014-2015-1,,201411410029059434,2012生命科学学院生物科学类,0,仙林校区,2014-2015学年 第1学期,59434,仙Ⅱ-216,0.0,否,,1,32,,0,0,保健食品研发与制作,12,第5节-第6节,仙II区,14100290
32.0,400220,病理生理学(20141-14100370-1),201411410037059406,,3,,29,1-18周,0,吴旭东,1-18周 周四 第3节-第4节 仙Ⅱ-217,2.0,生命科学学院,否,理论类课程,周四,2014-2015-1,,201411410037059406,2012生命科学学院生物科学类,0,仙林校区,2014-2015学年 第1学期,59406,仙Ⅱ-217,0.0,否,,1,32,,0,0,病理生理学,12,第3节-第4节,仙II区,14100370
32.0,400220,健康与疾病(20141-14100390-1),201411410039059482,,3,,18,1-18周,0,项阳,1-18周 周四 第5节-第6节 仙Ⅱ-411,2.0,生命科学学院,否,理论类课程,周四,2014-2015-1,,201411410039059482,2011生命科学学院生物科学类,0,仙林校区,2014-2015学年 第1学期,59482,仙Ⅱ-411,0.0,否,,1,32,,0,0,健康与疾病,12,第5节-第6节,仙II区,14100390
32.0,400220,基因工程药物概论(20141-14100400-1),201411410040059544,,3,,4,1-18周,0,薛雅蓉,1-18周 周三 第5节-第7节 仙Ⅱ-411,2.0,生命科学学院,否,理论类课程,周三,2014-2015-1,,201411410040059544,2011生命科学学院生物科学类,0,仙林校区,2014-2015学年 第1学期,59544,仙Ⅱ-411,0.0,否,,1,48,,0,0,基因工程药物概论,12,第5节-第7节,仙II区,14100400
80.0,400220,生理学2(20141-14110020-1),201411411002059024,,3,,43,"1-18周,1-18周",0,王建军,"1-18周 周五 第1节-第2节 逸B-302,1-18周 周一 第5节-第6节 逸B-302",5.0,生命科学学院,否,理论类课程,"周一,周五",2014-2015-1,,201411411002059024,2012生命科学学院生物科学类,0,仙林校区,2014-2015学年 第1学期,59024,"逸B-302,逸B-302",0.0,否,,1,80,,0,0,生理学2,16,"第5节-第6节,第1节-第2节",逸夫楼B区,14110020
80.0,400220,生理学2(20141-14110020-2),201411411002059025,,3,,0,,0,,,5.0,生命科学学院,否,理论类课程,,2014-2015-1,,201411411002059025,,0,仙林校区,2014-2015学年 第1学期,59025,,0.0,否,,1,80,,0,0,生理学2,,,,14110020
32.0,400220,专业英语(20141-14110030-1),201411411003059420,,3,,21,1-18周,0,董磊,1-18周 周四 第7节-第8节 仙Ⅱ-316,2.0,生命科学学院,否,理论类课程,周四,2014-2015-1,,201411411003059420,2012生命科学学院生物科学类,0,仙林校区,2014-2015学年 第1学期,59420,仙Ⅱ-316,0.0,否,,1,32,,0,0,英文学术演讲与写作,12,第7节-第8节,仙II区,14110030
32.0,400220,专业英语(20141-14110030-2),201411411003059421,,3,,0,,0,,,2.0,生命科学学院,否,理论类课程,,2014-2015-1,,201411411003059421,,0,仙林校区,2014-2015学年 第1学期,59421,,0.0,否,,1,32,,0,0,英文学术演讲与写作,,,,14110030
32.0,400220,植物学专业英语(20141-14110040-1),201411411004059432,,3,,0,,0,,,2.0,生命科学学院,否,理论类课程,,2014-2015-1,,201411411004059432,,0,仙林校区,2014-2015学年 第1学期,59432,,0.0,否,,1,32,,0,0,植物学专业英语,,,,14110040
32.0,400220,神经解剖生理学(20141-14110050-1),201411411005059423,,3,,24,1-18周,0,王良斌,1-18周 周一 第9节-第11节 仙Ⅱ-317,2.0,生命科学学院,否,理论类课程,周一,2014-2015-1,,201411411005059423,2012生命科学学院生物科学类,0,仙林校区,2014-2015学年 第1学期,59423,仙Ⅱ-317,0.0,否,,1,32,,0,0,神经解剖生理学,12,第9节-第11节,仙II区,14110050
32.0,400220,生理心理学(20141-14110070-1),201411411007059484,,3,,19,1-18周,0,朱景宁,1-18周 周一 第3节-第4节 仙Ⅱ-412,2.0,生命科学学院,否,理论类课程,周一,2014-2015-1,,201411411007059484,2011生命科学学院生物科学类,0,仙林校区,2014-2015学年 第1学期,59484,仙Ⅱ-412,0.0,否,,1,32,,0,0,生理心理学,12,第3节-第4节,仙II区,14110070
32.0,400220,植物分子生物学(20141-14110090-1),201411411009059401,,3,,0,,0,,,2.0,生命科学学院,否,理论类课程,,2014-2015-1,,201411411009059401,,0,仙林校区,2014-2015学年 第1学期,59401,,0.0,否,,1,32,,0,0,植物分子生物学,,,,14110090
32.0,400220,植物生理学(20141-14110100-1),201411411010059035,,3,,5,1-18周,0,兰文智,1-18周 周五 第7节-第8节 仙Ⅱ-316,2.0,生命科学学院,否,理论类课程,周五,2014-2015-1,,201411411010059035,2012生命科学学院生物科学类,0,仙林校区,2014-2015学年 第1学期,59035,仙Ⅱ-316,0.0,否,,1,32,,0,0,植物生理学,12,第7节-第8节,仙II区,14110100
32.0,400220,基因工程(20141-14120030-1),201411412003059562,,3,,25,1-18周,0,殷武,1-18周 周二 第5节-第6节 逸C-103,2.0,生命科学学院,否,理论类课程,周二,2014-2015-1,,201411412003059562,"2011生命科学学院生物科学类,2012现代工程与应用科学学院生物医学工程",0,仙林校区,2014-2015学年 第1学期,59562,逸C-103,0.0,否,,1,32,,0,0,基因工程,17,第5节-第6节,逸夫楼C区,14120030
32.0,400220,发酵工程(20141-14120040-1),201411412004059491,,3,,7,1-18周,0,宋勇春,1-18周 周三 第3节-第4节 仙Ⅱ-411,2.0,生命科学学院,否,理论+实践课程,周三,2014-2015-1,,201411412004059491,2011生命科学学院生物科学类,0,仙林校区,2014-2015学年 第1学期,59491,仙Ⅱ-411,0.0,否,,5,30,,2,0,发酵工程,12,第3节-第4节,仙II区,14120040
32.0,400220,分子免疫学(20141-14120050-1),201411412005059495,,3,,9,1-18周,0,沈萍萍,1-18周 周五 第2节-第4节 逸B-307,2.0,生命科学学院,否,理论类课程,周五,2014-2015-1,,201411412005059495,2011生命科学学院生物科学类,0,仙林校区,2014-2015学年 第1学期,59495,逸B-307,0.0,否,,1,32,,0,0,分子免疫学,16,第2节-第4节,逸夫楼B区,14120050
48.0,400220,药物化学(20141-14120060-1),201411412006059394,,3,,28,1-18周,0,"焦瑞华,孔令东",1-18周 周三 第2节-第4节 仙Ⅱ-317,2.0,生命科学学院,否,理论类课程,周三,2014-2015-1,,201411412006059394,2012生命科学学院生物科学类,0,仙林校区,2014-2015学年 第1学期,59394,仙Ⅱ-317,0.0,否,,1,32,,0,0,药物化学,12,第2节-第4节,仙II区,14120060
16.0,400220,药物化学实验(20141-14120060T-1),2014114120060T59036,,1,,0,,0,,,1.0,生命科学学院,否,实验类课程,,2014-2015-1,,2014114120060T59036,,0,鼓楼校区,2014-2015学年 第1学期,59036,,64.0,否,,2,0,,0,0,药物化学实验,,,,14120060T
32.0,400220,药物设计(20141-14120070-1),201411412007059543,,3,,11,1-18周,0,杨洁,1-18周 周四 第3节-第4节 仙Ⅱ-411,2.0,生命科学学院,否,理论类课程,周四,2014-2015-1,,201411412007059543,2011生命科学学院生物科学类,0,仙林校区,2014-2015学年 第1学期,59543,仙Ⅱ-411,0.0,否,,1,32,,0,0,药物设计,12,第3节-第4节,仙II区,14120070
32.0,400220,生态学研究方法(20141-14130010-1),201411413001059390,,3,,10,1-18周,0,赵福庚,1-18周 周三 第1节-第4节 ,2.0,生命科学学院,否,实验类课程,周三,2014-2015-1,,201411413001059390,2012生命科学学院生物科学类,0,仙林校区,2014-2015学年 第1学期,59390,西南楼315,64.0,否,,2,0,,0,0,生态学研究方法,,第1节-第4节,,14130010
32.0,400220,生态规划与设计(20141-14130060-1),201411413006059066,,3,,16,1-18周,0,"徐驰,刘茂松",1-18周 周四 第5节-第6节 仙Ⅱ-317,2.0,生命科学学院,否,理论类课程,周四,2014-2015-1,,201411413006059066,2012生命科学学院生物科学类,0,仙林校区,2014-2015学年 第1学期,59066,仙Ⅱ-317,0.0,否,,1,32,,0,0,生态规划与设计,12,第5节-第6节,仙II区,14130060
32.0,400220,全球变化生态学(20141-14130070-1),201411413007059443,,3,,10,1-18周,0,周长芳,1-18周 周五 第5节-第6节 仙Ⅱ-317,2.0,生命科学学院,否,理论类课程,周五,2014-2015-1,,201411413007059443,2012生命科学学院生物科学类,0,仙林校区,2014-2015学年 第1学期,59443,仙Ⅱ-317,0.0,否,,1,32,,0,0,全球变化生态学,12,第5节-第6节,仙II区,14130070
32.0,400220,系统生态学(20141-14130090-1),201411413009059559,,3,,14,1-18周,0,周长芳,1-18周 周一 第5节-第6节 仙Ⅱ-411,2.0,生命科学学院,否,理论类课程,周一,2014-2015-1,,201411413009059559,2011生命科学学院生物科学类,0,仙林校区,2014-2015学年 第1学期,59559,仙Ⅱ-411,0.0,否,,1,32,,0,0,生态系统生态学,12,第5节-第6节,仙II区,14130090
80.0,400220,生物化学(20141-14140011-1),201411414001160360,,3,,136,"1-18周,1-18周",0,杨荣武,"1-18周 周三 第5节-第6节 逸B-105,1-18周 周五 第5节-第7节 逸B-104",5.0,生命科学学院,否,理论类课程,"周三,周五",2014-2015-1,,201411414001160360,,0,仙林校区,2014-2015学年 第1学期,60360,"逸B-105,逸B-104",0.0,否,,1,80,,0,0,生物化学,16,"第5节-第6节,第5节-第7节",逸夫楼B区,14140011
48.0,400220,生物化学(20141-14140012-1),201411414001260358,,3,,15,"1-18周,1-18周",0,刘新建,"1-18周 周二 第5节-第6节 仙Ⅱ-415,1-18周 周四 第5节-第6节 仙Ⅱ-415",3.0,生命科学学院,否,理论类课程,"周二,周四",2014-2015-1,,201411414001260358,2013环境学院环境科学（环生）,0,仙林校区,2014-2015学年 第1学期,60358,"仙Ⅱ-415,仙Ⅱ-415",0.0,否,,1,48,,0,0,生物化学,12,"第5节-第6节,第5节-第6节",仙II区,14140012
16.0,400220,生物化学实验(20141-14140012T-1),2014114140012T60364,,3,,14,2-18周(双),0,刘新建,2-18周(双) 周三 第5节-第8节 ,1.0,生命科学学院,否,实验类课程,周三,2014-2015-1,,2014114140012T60364,2013环境学院环境科学（环生）,0,仙林校区,2014-2015学年 第1学期,60364,实验楼甲421,32.0,否,,2,0,,0,0,生物化学实验,,第5节-第8节,,14140012T
48.0,400220,生物化学(20141-14140013-1),201411414001360363,,1,,36,"1-18周,2-18周(双)",0,焦瑞清,"1-18周 周一 第5节-第6节 教103,2-18周(双) 周五 第5节-第6节 教103",3.0,生命科学学院,否,理论类课程,"周一,周五",2014-2015-1,,201411414001360363,,0,鼓楼校区,2014-2015学年 第1学期,60363,"教103,教103",0.0,否,,1,48,,0,0,生物化学,1,"第5节-第6节,第5节-第6节",教学楼,14140013
32.0,400220,分子生物学(20141-14140020-1),201411414002058815,,3,,40,1-18周,0,郑伟娟,1-18周 周二 第5节-第6节 仙Ⅱ-401,2.0,生命科学学院,否,理论类课程,周二,2014-2015-1,,201411414002058815,"2012化学学院化学,2012化学学院化学(基地),2012化学学院应用化学",0,仙林校区,2014-2015学年 第1学期,58815,仙Ⅱ-401,0.0,否,,1,32,,0,0,分子生物学,12,第5节-第6节,仙II区,14140020
48.0,400220,大学生物学(20141-14140031-1),201411414003160356,,3,,15,1-18周,0,"焦瑞华,黄成",1-18周 周五 第5节-第7节 逸C-209,3.0,生命科学学院,否,理论类课程,周五,2014-2015-1,,201411414003160356,2013环境学院环境科学（环生）,0,仙林校区,2014-2015学年 第1学期,60356,逸C-209,0.0,否,,1,48,,0,0,大学生物学,17,第5节-第7节,逸夫楼C区,14140031
48.0,400220,大学生物学(20141-14140031-2),201411414003160359,,3,,126,4-18周,0,"焦瑞华,黄成",4-18周 周二 第5节-第7节 逸B-101,3.0,生命科学学院,否,理论类课程,周二,2014-2015-1,,201411414003160359,,0,仙林校区,2014-2015学年 第1学期,60359,逸B-101,0.0,否,,1,48,,0,0,大学生物学,16,第5节-第7节,逸夫楼B区,14140031
16.0,400220,大学生物学实验(20141-14140031T-1),2014114140031T60357,,3,,16,1-18周,0,"焦瑞华,黄成",1-18周 周五 第9节-第10节 ,1.0,生命科学学院,否,实验类课程,周五,2014-2015-1,,2014114140031T60357,2013环境学院环境科学（环生）,0,仙林校区,2014-2015学年 第1学期,60357,实验楼甲420,16.0,否,,2,0,,0,0,大学生物学实验,,第9节-第10节,,14140031T
48.0,400220,大学生物学(20141-14140032-1),201411414003259996,,3,,160,"5-17周(单),4-18周,4-18周",0,"黄亚红,喻富根,陈建秀","4-18周 周四 第3节-第4节 仙Ⅰ-319,5-17周(单) 周一 第9节-第10节 仙Ⅰ-319,4-18周 周二 第9节-第10节 仙Ⅰ-319",3.0,生命科学学院,否,理论类课程,"周一,周二,周四",2014-2015-1,,201411414003259996,,0,仙林校区,2014-2015学年 第1学期,59996,"仙Ⅰ-319,仙Ⅰ-319,仙Ⅰ-319",0.0,否,,1,48,,0,0,大学生物学,11,"第9节-第10节,第9节-第10节,第3节-第4节",仙I区,14140032
48.0,400220,大学生物学(20141-14140032-2),201411414003259997,,3,,67,"4-18周(双),4-18周,4-18周",0,"黄亚红,喻富根,陈建秀","4-18周 周四 第1节-第2节 逸B-205,4-18周(双) 周一 第9节-第10节 逸B-205,4-18周 周二 第7节-第8节 逸B-205",3.0,生命科学学院,否,理论类课程,"周一,周二,周四",2014-2015-1,,201411414003259997,,0,仙林校区,2014-2015学年 第1学期,59997,"逸B-205,逸B-205,逸B-205",0.0,否,,1,48,,0,0,大学生物学,16,"第9节-第10节,第7节-第8节,第1节-第2节",逸夫楼B区,14140032
16.0,400190,地学导论(20141-15010000-1),201411501000060410,,3,,0,,0,,,1.0,地球科学与工程学院,否,理论类课程,,2014-2015-1,,201411501000060410,,0,仙林校区,2014-2015学年 第1学期,60410,,0.0,否,,1,20,,0,0,地学导论,,,,15010000
32.0,400190,古生物与地史学(20141-15010010-1),201411501001060422,,3,,42,"1-18周,1-18周,2-18周(双)",0,"李祥辉,姜宝玉","1-18周 周二 第3节-第4节 仙Ⅱ-416,1-18周 周二 第5节-第8节 ,2-18周(双) 周三 第3节-第4节 仙Ⅱ-416",2.0,地球科学与工程学院,否,理论+实验课程,"周二,周二,周三",2014-2015-1,,201411501001060422,"2013地球科学与工程学院地质学,2013地球科学与工程学院地球化学",0,仙林校区,2014-2015学年 第1学期,60422,"仙Ⅱ-416,丙112,仙Ⅱ-416",,否,,6,,,,0,古生物与地史学,12,"第3节-第4节,第5节-第8节,第3节-第4节",仙II区,15010010
32.0,400190,地球信息导论(20141-15010040-1),201411501004060477,,3,,19,3-18周,0,"陆现彩,刘显东",3-18周 周四 第3节-第4节 仙Ⅱ-418,2.0,地球科学与工程学院,否,理论类课程,周四,2014-2015-1,,201411501004060477,"2012地球科学与工程学院地质学,2012地球科学与工程学院地球化学",0,仙林校区,2014-2015学年 第1学期,60477,仙Ⅱ-418,0.0,否,,1,32,,0,0,地球信息导论,12,第3节-第4节,仙II区,15010040
32.0,400190,板块构造(20141-15010080-1),201411501008060490,,3,,16,1-18周,0,王胜利,1-18周 周五 第3节-第4节 仙Ⅱ-112,2.0,地球科学与工程学院,否,理论类课程,周五,2014-2015-1,,201411501008060490,"2011地球科学与工程学院地质学,2011地球科学与工程学院地质学（地球物理学方向）,2011地球科学与工程学院地质学（古生物学方向）,2011地球科学与工程学院地球化学",0,仙林校区,2014-2015学年 第1学期,60490,仙Ⅱ-112,0.0,否,,1,32,,0,0,板块构造,12,第3节-第4节,仙II区,15010080
0.0,400190,资源评价(20141-15010110-1),201411501011060491,,3,,19,1-18周,0,徐兆文,1-18周 周一 第5节-第6节 仙Ⅱ-319,0.0,地球科学与工程学院,否,理论类课程,周一,2014-2015-1,,201411501011060491,"2011地球科学与工程学院地质学,2011地球科学与工程学院地质学（古生物学方向）,2011地球科学与工程学院地球化学",0,仙林校区,2014-2015学年 第1学期,60491,仙Ⅱ-319,0.0,否,,1,0,,0,0,资源信息与评价,12,第5节-第6节,仙II区,15010110
32.0,400190,地理信息系统(20141-15010130-1),201411501013060458,,3,,26,3-18周,0,王宝军,3-18周 周四 第5节-第6节 仙Ⅱ-110,2.0,地球科学与工程学院,否,理论类课程,周四,2014-2015-1,,201411501013060458,"2012地球科学与工程学院地质学,2012地球科学与工程学院地下水科学与工程,2012地球科学与工程学院水文与水资源工程,2012地球科学与工程学院地质工程",0,仙林校区,2014-2015学年 第1学期,60458,仙Ⅱ-110,0.0,否,,1,32,,0,0,地理信息系统,12,第5节-第6节,仙II区,15010130
32.0,400190,地球科学概论(20141-15010140-1),201411501014060409,,3,,63,4-18周,0,"徐士进,陆现彩,董少春",4-18周 周三 第3节-第4节 仙Ⅰ-204,2.0,地球科学与工程学院,否,理论类课程,周三,2014-2015-1,,201411501014060409,"2014地球科学与工程学院地质学,2014地理与海洋科学学院地理科学",0,仙林校区,2014-2015学年 第1学期,60409,仙Ⅰ-204,0.0,否,,1,32,,0,0,地球科学概论,11,第3节-第4节,仙I区,15010140
48.0,400190,地球化学(20141-15020010-1),201411502001060469,,3,,30,"3-17周(单),3-18周",0,"刘连文,张朝晖","3-17周(单) 周三 第3节-第4节 仙Ⅱ-418,3-18周 周四 第5节-第6节 仙Ⅱ-418",3.0,地球科学与工程学院,否,,"周三,周四",2014-2015-1,,201411502001060469,"2012地球科学与工程学院地球化学,2012地球科学与工程学院地质学（地球物理学方向）",0,仙林校区,2014-2015学年 第1学期,60469,"仙Ⅱ-418,仙Ⅱ-418",,否,,,,,,0,地球化学,12,"第3节-第4节,第5节-第6节",仙II区,15020010
32.0,400190,地球化学实验(20141-15020010T-1),2014115020010T60497,,1,,0,,0,,,2.0,地球科学与工程学院,否,实验类课程,,2014-2015-1,,2014115020010T60497,,0,鼓楼校区,2014-2015学年 第1学期,60497,,48.0,否,,2,0,,0,0,地球化学实验,,,,15020010T
64.0,400190,结晶学与矿物学(20141-15020020-1),201411502002060423,,3,,41,"1-17周(单),1-18周,1-18周",0,"张爱铖,谢磊","1-18周 周五 第3节-第4节 仙Ⅱ-416,1-18周 周五 第5节-第8节 ,1-17周(单) 周三 第3节-第4节 仙Ⅱ-416",4.0,地球科学与工程学院,否,理论+实验课程,"周三,周五,周五",2014-2015-1,,201411502002060423,"2013地球科学与工程学院地质学,2013地球科学与工程学院地球化学",0,仙林校区,2014-2015学年 第1学期,60423,"仙Ⅱ-416,仙Ⅱ-416,基础实验楼丙205",,否,,6,,,,0,结晶学与矿物学,12,"第3节-第4节,第3节-第4节,第5节-第8节",仙II区,15020020
48.0,400190,沉积岩岩石学(20141-15020050-1),201411502005060450,,3,,28,"3-11周,3-11周,4-10周(双)",0,林春明,"3-11周 周一 第3节-第4节 仙Ⅱ-418,3-11周 周一 第5节-第6节 ,4-10周(双) 周三 第3节-第4节 仙Ⅱ-415",3.0,地球科学与工程学院,否,理论+实验课程,"周一,周一,周三",2014-2015-1,,201411502005060450,2012地球科学与工程学院地质学,0,仙林校区,2014-2015学年 第1学期,60450,"仙Ⅱ-418,基础实验楼丙204,仙Ⅱ-415",,否,,6,,,,0,沉积岩岩石学,12,"第3节-第4节,第5节-第6节,第3节-第4节",仙II区,15020050
48.0,400190,沉积岩岩石学(20141-15020050-1),201411502005060468,,3,,18,"3-11周,3-11周,4-10周(双)",0,胡修棉,"3-11周 周一 第3节-第4节 仙Ⅱ-415,3-11周 周一 第7节-第8节 ,4-10周(双) 周三 第3节-第4节 仙Ⅱ-418",3.0,地球科学与工程学院,否,理论+实验课程,"周一,周一,周三",2014-2015-1,,201411502005060468,2012地球科学与工程学院地球化学,0,仙林校区,2014-2015学年 第1学期,60468,"仙Ⅱ-415,实验楼丙204,仙Ⅱ-418",,否,,6,,,,0,沉积岩岩石学,12,"第3节-第4节,第7节-第8节,第3节-第4节",仙II区,15020050
32.0,400190,变质岩岩石学(20141-15020060-1),201411502006060457,,3,,28,"12-18周,12-18周,12-18周(双)",0,于津海,"12-18周 周一 第3节-第4节 仙Ⅱ-418,12-18周 周三 第5节-第8节 ,12-18周(双) 周三 第3节-第4节 仙Ⅱ-418",2.0,地球科学与工程学院,否,理论+实验课程,"周一,周三,周三",2014-2015-1,,201411502006060457,2012地球科学与工程学院地质学,0,仙林校区,2014-2015学年 第1学期,60457,"仙Ⅱ-418,基础实验楼丙204,仙Ⅱ-418",,否,,6,,,,0,变质岩岩石学,12,"第3节-第4节,第5节-第8节,第3节-第4节",仙II区,15020060
32.0,400190,变质岩岩石学(20141-15020060-2),201411502006061221,,3,,18,"12-18周,12-18周,12-18周(双)",0,王孝磊,"12-18周 周一 第3节-第4节 逸C-205,12-18周 周一 第5节-第6节 ,12-18周(双) 周三 第3节-第4节 逸C-209",2.0,地球科学与工程学院,否,理论+实验课程,"周一,周一,周三",2014-2015-1,,201411502006061221,2012地球科学与工程学院地球化学,0,仙林校区,2014-2015学年 第1学期,61221,"逸C-205,实验楼丙204,逸C-209",,否,,6,,,,0,变质岩岩石学,17,"第3节-第4节,第5节-第6节,第3节-第4节",逸夫楼C区,15020060
48.0,400190,经济地质学(20141-15020070-1),201411502007060888,,3,,38,"3-18周,3-18周",0,"吴昌志,陆建军","3-18周 周五 第3节-第4节 逸C-104,3-18周 周五 第5节-第6节 ",3.0,地球科学与工程学院,否,理论+实验课程,"周五,周五",2014-2015-1,,201411502007060888,"2012地球科学与工程学院地质学,2012地球科学与工程学院地质学（地球物理学方向）,2012地球科学与工程学院地球化学",0,仙林校区,2014-2015学年 第1学期,60888,"逸C-104,实验楼丙204",32.0,否,,6,32,,0,0,经济地质学,17,"第3节-第4节,第5节-第6节",逸夫楼C区,15020070
32.0,400190,有机地球化学(20141-15020100-1),201411502010060492,,3,,0,1-18周,0,,1-18周 周四 第5节-第6节 仙Ⅱ-319,2.0,地球科学与工程学院,否,理论类课程,周四,2014-2015-1,,201411502010060492,,0,仙林校区,2014-2015学年 第1学期,60492,仙Ⅱ-319,0.0,否,,1,32,,0,0,有机地球化学,12,第5节-第6节,仙II区,15020100
32.0,400190,多晶X-射线衍射应用(20141-15020110-1),201411502011060460,,3,,0,,0,,,2.0,地球科学与工程学院,否,理论+实验课程,,2014-2015-1,,201411502011060460,,0,仙林校区,2014-2015学年 第1学期,60460,,,否,,6,,,,0,多晶X-射线衍射应用,,,,15020110
32.0,400190,核能地质学(20141-15020140-1),201411502014060617,,3,,12,1-18周,0,"陈卫峰,陈培荣",1-18周 周二 第3节-第4节 仙Ⅱ-319,2.0,地球科学与工程学院,否,理论类课程,周二,2014-2015-1,,201411502014060617,2011地球科学与工程学院地球化学,0,仙林校区,2014-2015学年 第1学期,60617,仙Ⅱ-319,0.0,否,,1,32,,0,0,核能地质学,12,第3节-第4节,仙II区,15020140
32.0,400190,同位素地球化学(20141-15020170-1),201411502017060494,,3,,18,1-18周,0,凌洪飞,1-18周 周四 第3节-第4节 仙Ⅱ-104,2.0,地球科学与工程学院,否,理论类课程,周四,2014-2015-1,,201411502017060494,"2011地球科学与工程学院地质学,2011地球科学与工程学院地质学（古生物学方向）,2011地球科学与工程学院地球化学",0,仙林校区,2014-2015学年 第1学期,60494,仙Ⅱ-104,0.0,否,,1,32,,0,0,同位素地球化学,12,第3节-第4节,仙II区,15020170
32.0,400190,矿物勘探方法(20141-15020200-1),201411502020060498,,3,,2,,0,,,2.0,地球科学与工程学院,否,理论类课程,,2014-2015-1,,201411502020060498,,0,仙林校区,2014-2015学年 第1学期,60498,,0.0,否,,1,32,,0,0,矿床勘探方法,,,,15020200
32.0,400190,矿物学(20141-15020210-1),201411502021060432,,3,,38,"1-8周,1-8周,2-8周(双)",0,谢志东,"1-8周 周二 第3节-第4节 仙Ⅱ-417,1-8周 周二 第5节-第8节 ,2-8周(双) 周三 第3节-第4节 仙Ⅱ-417",2.0,地球科学与工程学院,否,,"周二,周二,周三",2014-2015-1,,201411502021060432,"2013地球科学与工程学院地质工程,2013地球科学与工程学院地质学（地球物理学方向）,2013地球科学与工程学院地下水科学与工程,2013地球科学与工程学院地质学（古生物学方向）,2013地球科学与工程学院水文与水资源工程",0,仙林校区,2014-2015学年 第1学期,60432,"仙Ⅱ-417,基础实验楼207,仙Ⅱ-417",,否,,,,,,0,矿物学,12,"第3节-第4节,第5节-第8节,第3节-第4节",仙II区,15020210
32.0,400190,岩石学（水工专业版）(20141-15020220-1),201411502022060433,,3,,38,"9-18周,9-18周,10-18周(双)",0,陈立辉,"9-18周 周二 第3节-第4节 仙Ⅱ-417,9-18周 周二 第5节-第6节 ,10-18周(双) 周三 第3节-第4节 仙Ⅱ-417",2.0,地球科学与工程学院,否,理论+实验课程,"周二,周二,周三",2014-2015-1,,201411502022060433,"2013地球科学与工程学院地质工程,2013地球科学与工程学院地质学（地球物理学方向）,2013地球科学与工程学院地下水科学与工程,2013地球科学与工程学院地质学（古生物学方向）,2013地球科学与工程学院水文与水资源工程",0,仙林校区,2014-2015学年 第1学期,60433,"仙Ⅱ-417,基础实验楼丙207,仙Ⅱ-417",16.0,否,,6,32,,0,0,岩石学（水工专业版）,12,"第3节-第4节,第5节-第6节,第3节-第4节",仙II区,15020220
48.0,400190,土力学(20141-15030030-1),201411503003060488,,3,,15,"3-18周,3-17周(单),4-18周(双)",0,"阎长虹,许宝田","3-18周 周一 第5节-第6节 仙Ⅱ-418,4-18周(双) 周一 第7节-第8节 仙Ⅱ-418,3-17周(单) 周一 第7节-第8节 ",3.0,地球科学与工程学院,否,理论+实验课程,"周一,周一,周一",2014-2015-1,,201411503003060488,2012地球科学与工程学院地质工程,0,仙林校区,2014-2015学年 第1学期,60488,"仙Ⅱ-418,实验楼丙116,仙Ⅱ-418",16.0,否,,6,48,,2,0,土力学,12,"第5节-第6节,第7节-第8节,第7节-第8节",仙II区,15030030
64.0,400190,工程地质学(20141-15030040-1),201411503004060482,,3,,23,"3-18周,3-18周",0,"阎长虹,王宝军","3-18周 周一 第1节-第2节 仙Ⅱ-415,3-18周 周三 第3节-第4节 仙Ⅱ-414",4.0,地球科学与工程学院,否,理论类课程,"周三,周一",2014-2015-1,,201411503004060482,"2012地球科学与工程学院地质工程,2012地球科学与工程学院地下水科学与工程,2012地球科学与工程学院水文与水资源工程",0,仙林校区,2014-2015学年 第1学期,60482,"仙Ⅱ-414,仙Ⅱ-415",0.0,否,,1,64,,0,0,工程地质学,12,"第3节-第4节,第1节-第2节",仙II区,15030040
48.0,400190,工程测量(20141-15030060-1),201411503006060489,,3,,46,"3-17周(单),3-18周",0,张丹,"3-17周(单) 周三 第1节-第2节 仙Ⅱ-418,3-18周 周五 第5节-第6节 仙Ⅱ-418",3.0,地球科学与工程学院,否,理论+实验课程,"周三,周五",2014-2015-1,,201411503006060489,2012地球科学与工程学院地质工程,0,仙林校区,2014-2015学年 第1学期,60489,"仙Ⅱ-418,仙Ⅱ-418",32.0,否,,6,32,,0,0,工程测量,12,"第1节-第2节,第5节-第6节",仙II区,15030060
32.0,400190,地下工程(20141-15030120-1),201411503012060503,,3,,21,1-18周,0,赵晓豹,1-18周 周一 第3节-第4节 仙Ⅱ-319,2.0,地球科学与工程学院,否,理论类课程,周一,2014-2015-1,,201411503012060503,2011地球科学与工程学院地质工程,0,仙林校区,2014-2015学年 第1学期,60503,仙Ⅱ-319,0.0,否,,1,32,,0,0,地下工程,12,第3节-第4节,仙II区,15030120
48.0,400190,水力学(20141-15040010-1),201411504001060434,,3,,6,"2-18周(双),1-18周",0,"王远坤,蒋建国,王栋","2-18周(双) 周二 第1节-第2节 仙Ⅱ-109,1-18周 周五 第3节-第4节 仙Ⅱ-109",3.0,地球科学与工程学院,否,理论类课程,"周二,周五",2014-2015-1,,201411504001060434,"2013地球科学与工程学院水文与水资源工程,2013地理与海洋科学学院地理科学,2013地球科学与工程学院地下水科学与工程",0,仙林校区,2014-2015学年 第1学期,60434,"仙Ⅱ-109,仙Ⅱ-109",0.0,否,,1,48,,0,0,水力学,12,"第1节-第2节,第3节-第4节",仙II区,15040010
32.0,400190,水文预报(20141-15040040-1),201411504004060481,,3,,7,3-18周,0,"陈扣平,徐静",3-18周 周一 第5节-第6节 仙Ⅱ-417,2.0,地球科学与工程学院,否,理论类课程,周一,2014-2015-1,,201411504004060481,"2012地球科学与工程学院水文与水资源工程,2012地球科学与工程学院地下水科学与工程",0,仙林校区,2014-2015学年 第1学期,60481,仙Ⅱ-417,0.0,否,,1,32,,0,0,水文预报,12,第5节-第6节,仙II区,15040040
32.0,400190,水环境保护(20141-15040050-1),201411504005060499,,3,,1,1-18周,0,阮晓红,1-18周 周五 第3节-第4节 仙Ⅱ-319,2.0,地球科学与工程学院,否,理论类课程,周五,2014-2015-1,,201411504005060499,"2011地球科学与工程学院水文与水资源工程,2011地球科学与工程学院地下水科学与工程",0,仙林校区,2014-2015学年 第1学期,60499,仙Ⅱ-319,0.0,否,,1,32,,0,0,水环境保护,12,第3节-第4节,仙II区,15040050
32.0,400190,自然地理学概论(20141-15040070-1),201411504007060435,,3,,6,1-18周,0,周启友,1-18周 周四 第5节-第6节 仙Ⅱ-417,2.0,地球科学与工程学院,否,理论类课程,周四,2014-2015-1,,201411504007060435,2013地球科学与工程学院水文与水资源工程,0,仙林校区,2014-2015学年 第1学期,60435,仙Ⅱ-417,0.0,否,,1,32,,0,0,自然地理学概论,12,第5节-第6节,仙II区,15040070
32.0,400190,专业英语(20141-15040180-1),201411504018060484,,3,,20,3-18周,0,周启友,3-18周 周四 第3节-第4节 仙Ⅱ-417,2.0,地球科学与工程学院,否,理论类课程,周四,2014-2015-1,,201411504018060484,"2012地球科学与工程学院地质工程,2012地球科学与工程学院地下水科学与工程,2012地球科学与工程学院水文与水资源工程",0,仙林校区,2014-2015学年 第1学期,60484,仙Ⅱ-417,0.0,否,,1,32,,0,0,专业英语,12,第3节-第4节,仙II区,15040180
32.0,400190,水资源系统分析(20141-15040200-1),201411504020060500,,3,,0,,0,,,2.0,地球科学与工程学院,否,理论类课程,,2014-2015-1,,201411504020060500,,0,仙林校区,2014-2015学年 第1学期,60500,,0.0,否,,1,32,,0,0,水资源系统分析,,,,15040200
32.0,400190,水环境监测(20141-15040220-1),201411504022060501,,3,,0,,0,,,2.0,地球科学与工程学院,否,理论类课程,,2014-2015-1,,201411504022060501,,0,仙林校区,2014-2015学年 第1学期,60501,,0.0,否,,1,32,,0,0,水环境监测,,,,15040220
32.0,400190,地下水数值模拟技术(20141-15040250-1),201411504025060502,,3,,4,,0,,,2.0,地球科学与工程学院,否,理论+实验课程,,2014-2015-1,,201411504025060502,,0,仙林校区,2014-2015学年 第1学期,60502,,32.0,否,,6,16,,0,0,地下水数值模拟技术,,,,15040250
32.0,400190,地质统计学(20141-15040300-1),201411504030060496,,3,,0,,0,,,2.0,地球科学与工程学院,否,理论类课程,,2014-2015-1,,201411504030060496,,0,仙林校区,2014-2015学年 第1学期,60496,,0.0,否,,1,32,,0,0,地质统计学,,,,15040300
32.0,400190,环境水文地质学(20141-15040310-1),201411504031060840,,3,,3,,0,,,2.0,地球科学与工程学院,否,理论类课程,,2014-2015-1,,201411504031060840,,0,仙林校区,2014-2015学年 第1学期,60840,,0.0,否,,1,32,,0,0,环境水文地质学,,,,15040310
80.0,400190,地下水动力学(20141-15050010-1),201411505001060486,,3,,20,"3-18周,3-18周",0,"吴吉春,祝晓彬,蒋建国","3-18周 周一 第3节-第4节 仙Ⅱ-416,3-18周 周三 第5节-第7节 仙Ⅱ-416",5.0,地球科学与工程学院,否,理论类课程,"周一,周三",2014-2015-1,,201411505001060486,"2012地球科学与工程学院地质工程,2012地球科学与工程学院地下水科学与工程,2012地球科学与工程学院水文与水资源工程",0,仙林校区,2014-2015学年 第1学期,60486,"仙Ⅱ-416,仙Ⅱ-416",0.0,否,,1,80,,0,0,地下水动力学,12,"第3节-第4节,第5节-第7节",仙II区,15050010
64.0,400190,古无脊椎动物学(20141-15070020-1),201411507002060424,,3,,7,"5-17周(单),4-18周,4-18周",0,刘家润,"4-18周 周五 第3节-第4节 仙Ⅱ-417,4-18周 周五 第5节-第7节 ,5-17周(单) 周三 第3节-第4节 仙Ⅱ-417",4.0,地球科学与工程学院,否,理论+实验课程,"周三,周五,周五",2014-2015-1,,201411507002060424,2013地球科学与工程学院地质学（古生物学方向）,0,仙林校区,2014-2015学年 第1学期,60424,"仙Ⅱ-417,仙Ⅱ-417,基础实验楼丙112",,否,,6,,,,0,古无脊椎动物学,12,"第3节-第4节,第3节-第4节,第5节-第7节",仙II区,15070020
16.0,400190,古生物学总论(20141-15070070-1),201411507007060431,,3,,6,"1-3周(单),1-3周,1-3周",0,刘家润,"1-3周 周五 第3节-第4节 仙Ⅱ-417,1-3周 周五 第5节-第7节 仙Ⅱ-417,1-3周(单) 周三 第3节-第4节 仙Ⅱ-417",1.0,地球科学与工程学院,否,,"周三,周五,周五",2014-2015-1,,201411507007060431,2013地球科学与工程学院地质学（古生物学方向）,0,仙林校区,2014-2015学年 第1学期,60431,"仙Ⅱ-417,仙Ⅱ-417,仙Ⅱ-417",,否,,,,,,0,古生物学总论,12,"第3节-第4节,第3节-第4节,第5节-第7节",仙II区,15070070
48.0,400190,普地实习(20141-15080010-1),201411508001060768,,3,,25,,0,,,3.0,地球科学与工程学院,否,,,2014-2015-1,,201411508001060768,2013地球科学与工程学院地质学,0,仙林校区,2014-2015学年 第1学期,60768,,,否,,,,,,0,普地实习,,,,15080010
48.0,400190,普地实习(20141-15080010-1),201411508001061037,,3,,16,,0,,,3.0,地球科学与工程学院,否,,,2014-2015-1,,201411508001061037,2013地球科学与工程学院地球化学,0,仙林校区,2014-2015学年 第1学期,61037,,,否,,,,,,0,普地实习,,,,15080010
48.0,400190,普地实习(20141-15080010-1),201411508001061038,,3,,5,,0,,,3.0,地球科学与工程学院,否,,,2014-2015-1,,201411508001061038,2013地球科学与工程学院水文与水资源工程,0,仙林校区,2014-2015学年 第1学期,61038,,,否,,,,,,0,普地实习,,,,15080010
48.0,400190,普地实习(20141-15080010-1),201411508001061039,,3,,6,,0,,,3.0,地球科学与工程学院,否,,,2014-2015-1,,201411508001061039,2013地球科学与工程学院地下水科学与工程,0,仙林校区,2014-2015学年 第1学期,61039,,,否,,,,,,0,普地实习,,,,15080010
48.0,400190,普地实习(20141-15080010-1),201411508001061040,,3,,15,,0,,,3.0,地球科学与工程学院,否,,,2014-2015-1,,201411508001061040,2013地球科学与工程学院地质工程,0,仙林校区,2014-2015学年 第1学期,61040,,,否,,,,,,0,普地实习,,,,15080010
48.0,400190,普地实习(20141-15080010-1),201411508001061041,,3,,9,,0,,,3.0,地球科学与工程学院,否,,,2014-2015-1,,201411508001061041,2013地球科学与工程学院地质学（地球物理学方向）,0,仙林校区,2014-2015学年 第1学期,61041,,,否,,,,,,0,普地实习,,,,15080010
48.0,400190,普地实习(20141-15080010-1),201411508001061042,,3,,6,,0,,,3.0,地球科学与工程学院,否,,,2014-2015-1,,201411508001061042,2013地球科学与工程学院地质学（古生物学方向）,0,仙林校区,2014-2015学年 第1学期,61042,,,否,,,,,,0,普地实习,,,,15080010
48.0,400190,区测实习(20141-15080020-1),201411508002061043,,3,,28,,0,,,3.0,地球科学与工程学院,否,实践类课程,,2014-2015-1,,201411508002061043,2012地球科学与工程学院地质学,0,仙林校区,2014-2015学年 第1学期,61043,,0.0,否,,3,10,,150,0,区测实习,,,,15080020
48.0,400190,区测实习(20141-15080020-1),201411508002061044,,3,,17,,0,,,3.0,地球科学与工程学院,否,实践类课程,,2014-2015-1,,201411508002061044,2012地球科学与工程学院地球化学,0,仙林校区,2014-2015学年 第1学期,61044,,0.0,否,,3,10,,150,0,区测实习,,,,15080020
48.0,400190,区测实习(20141-15080020-1),201411508002061045,,3,,8,,0,,,3.0,地球科学与工程学院,否,实践类课程,,2014-2015-1,,201411508002061045,2012地球科学与工程学院地质学（地球物理学方向）,0,仙林校区,2014-2015学年 第1学期,61045,,0.0,否,,3,10,,150,0,区测实习,,,,15080020
48.0,400190,区测实习(20141-15080020-1),201411508002061046,,3,,7,,0,,,3.0,地球科学与工程学院,否,实践类课程,,2014-2015-1,,201411508002061046,2012地球科学与工程学院水文与水资源工程,0,仙林校区,2014-2015学年 第1学期,61046,,0.0,否,,3,10,,150,0,区测实习,,,,15080020
48.0,400190,区测实习(20141-15080020-1),201411508002061047,,3,,6,,0,,,3.0,地球科学与工程学院,否,实践类课程,,2014-2015-1,,201411508002061047,2012地球科学与工程学院地下水科学与工程,0,仙林校区,2014-2015学年 第1学期,61047,,0.0,否,,3,10,,150,0,区测实习,,,,15080020
48.0,400190,区测实习(20141-15080020-1),201411508002061048,,3,,17,,0,,,3.0,地球科学与工程学院,否,实践类课程,,2014-2015-1,,201411508002061048,2012地球科学与工程学院地质工程,0,仙林校区,2014-2015学年 第1学期,61048,,0.0,否,,3,10,,150,0,区测实习,,,,15080020
64.0,400190,地震学(20141-15090030-1),201411509003060478,,3,,10,"3-18周,3-18周",0,"徐鸣洁,黄周传,米宁","3-18周 周三 第1节-第2节 逸B-208,3-18周 周二 第3节-第4节 逸A-213",4.0,地球科学与工程学院,否,理论类课程,"周二,周三",2014-2015-1,,201411509003060478,2012地球科学与工程学院地质学（地球物理学方向）,0,仙林校区,2014-2015学年 第1学期,60478,"逸A-213,逸B-208",0.0,否,,1,64,,0,0,地震学,"15,16","第3节-第4节,第1节-第2节","逸夫楼A区, 逸夫楼B区",15090030
48.0,400200,GIS概论(20141-16000020-1),201411600002059368,,3,,47,"1-18周,1-18周",0,"王结臣,程亮","1-18周 周四 第1节-第2节 仙Ⅱ-301,1-18周 周四 第3节-第4节 ",3.0,地理与海洋科学学院,否,理论+实验课程,"周四,周四",2014-2015-1,,201411600002059368,"2013地理与海洋科学学院地理科学,2013地理与海洋科学学院地理信息科学,2013地理与海洋科学学院海洋科学",0,仙林校区,2014-2015学年 第1学期,59368,"仙Ⅱ-301,实验楼丙212",32.0,否,,6,32,,0,0,GIS概论,12,"第1节-第2节,第3节-第4节",仙II区,16000020
48.0,400200,GIS概论(20141-16000020-2),201411600002059505,,3,,63,"1-18周,1-18周",0,马劲松,"1-18周 周四 第1节-第2节 仙Ⅱ-103,1-18周 周四 第3节-第4节 ",3.0,地理与海洋科学学院,否,理论+实验课程,"周四,周四",2014-2015-1,,201411600002059505,"2013地理与海洋科学学院旅游管理,2013建筑与城市规划学院城乡规划,2013地理与海洋科学学院自然地理与资源环境",0,仙林校区,2014-2015学年 第1学期,59505,"仙Ⅱ-103,实验楼丙212",32.0,否,,6,32,,0,0,GIS概论,12,"第1节-第2节,第3节-第4节",仙II区,16000020
48.0,400200,遥感概论(20141-16000030-1),201411600003059431,,3,,25,"1-18周,1-18周",0,"徐于月,柯长青","1-18周 周一 第5节-第6节 仙Ⅱ-116,1-18周 周一 第7节-第8节 ",3.0,地理与海洋科学学院,否,理论+实验课程,"周一,周一",2014-2015-1,,201411600003059431,"2012地理与海洋科学学院海洋科学,2013地理与海洋科学学院地理信息科学",0,仙林校区,2014-2015学年 第1学期,59431,"仙Ⅱ-116,实验楼丙212",32.0,否,,6,32,,0,0,遥感概论,12,"第5节-第6节,第7节-第8节",仙II区,16000030
48.0,400200,遥感概论(20141-16000030-1),201411600003060158,,3,,49,"1-18周,1-18周",0,刘永学,"1-18周 周五 第5节-第6节 仙Ⅱ-109,1-18周 周五 第7节-第8节 ",3.0,地理与海洋科学学院,否,理论+实验课程,"周五,周五",2014-2015-1,,201411600003060158,"2013地理与海洋科学学院地理科学,2013建筑与城市规划学院城乡规划",0,仙林校区,2014-2015学年 第1学期,60158,"仙Ⅱ-109,实验楼丙212",32.0,否,,6,32,,0,0,遥感概论,12,"第5节-第6节,第7节-第8节",仙II区,16000030
48.0,400200,土地资源评价(20141-16010010-1),201411601001059640,,3,,42,3-18周,0,周生路,3-18周 周一 第5节-第7节 仙Ⅱ-301,3.0,地理与海洋科学学院,否,理论类课程,周一,2014-2015-1,,201411601001059640,"2012地理与海洋科学学院资源环境与城乡规划管理,2012地理与海洋科学学院地理科学",0,仙林校区,2014-2015学年 第1学期,59640,仙Ⅱ-301,0.0,否,,1,48,,0,0,土地资源评价,12,第5节-第7节,仙II区,16010010
32.0,400200,环境科学导论(20141-16010030-1),201411601003059472,,3,,63,1-18周,0,朱继业,1-18周 周三 第1节-第2节 逸B-104,2.0,地理与海洋科学学院,否,理论类课程,周三,2014-2015-1,,201411601003059472,"2013地理与海洋科学学院地理科学,2013建筑与城市规划学院城乡规划,2013建筑与城市规划学院建筑学,2013地理与海洋科学学院自然地理与资源环境",0,仙林校区,2014-2015学年 第1学期,59472,逸B-104,0.0,否,,1,32,,0,0,环境科学导论,16,第1节-第2节,逸夫楼B区,16010030
32.0,400200,土地资源管理(20141-16010070-1),201411601007059557,,3,,12,1-18周,0,张燕,1-18周 周五 第1节-第2节 逸C-202,2.0,地理与海洋科学学院,否,理论类课程,周五,2014-2015-1,,201411601007059557,2013地理与海洋科学学院自然地理与资源环境,0,仙林校区,2014-2015学年 第1学期,59557,逸C-202,0.0,否,,1,32,,0,0,土地资源管理,17,第1节-第2节,逸夫楼C区,16010070
48.0,400200,水资源与水环境(20141-16010100-1),201411601010059643,,3,,40,3-18周,0,许有鹏,3-18周 周一 第1节-第2节 仙Ⅱ-301,3.0,地理与海洋科学学院,否,理论类课程,周一,2014-2015-1,,201411601010059643,"2012地理与海洋科学学院资源环境与城乡规划管理,2012地理与海洋科学学院地理科学",0,仙林校区,2014-2015学年 第1学期,59643,仙Ⅱ-301,0.0,否,,1,48,,0,0,水资源与水环境,12,第1节-第2节,仙II区,16010100
48.0,400200,资源环境应用数学(20141-16010110-1),201411601011059651,,3,,16,3-18周,0,张燕,3-18周 周五 第5节-第7节 仙Ⅱ-111,3.0,地理与海洋科学学院,否,理论类课程,周五,2014-2015-1,,201411601011059651,2012地理与海洋科学学院资源环境与城乡规划管理,0,仙林校区,2014-2015学年 第1学期,59651,仙Ⅱ-111,0.0,否,,1,48,,0,0,资源环境应用数学,12,第5节-第7节,仙II区,16010110
32.0,400200,不动产经济学(20141-16010140-1),201411601014059889,,3,,15,1-18周,0,黄贤金,1-18周 周二 第1节-第2节 逸C-202,2.0,地理与海洋科学学院,否,理论类课程,周二,2014-2015-1,,201411601014059889,2013地理与海洋科学学院自然地理与资源环境,0,仙林校区,2014-2015学年 第1学期,59889,逸C-202,0.0,否,,1,32,,0,0,自然资源经济学,17,第1节-第2节,逸夫楼C区,16010140
32.0,400200,国土规划(20141-16010150-1),201411601015059653,,3,,31,3-18周,0,吴绍华,3-18周 周四 第3节-第4节 仙Ⅱ-111,2.0,地理与海洋科学学院,否,理论类课程,周四,2014-2015-1,,201411601015059653,2012地理与海洋科学学院资源环境与城乡规划管理,0,仙林校区,2014-2015学年 第1学期,59653,仙Ⅱ-111,0.0,否,,1,32,,0,0,国土规划,12,第3节-第4节,仙II区,16010150
32.0,400200,不动产法(20141-16010190-1),201411601019060180,,3,,21,"9-18周,9-18周",0,钟太洋,"9-18周 周四 第3节-第4节 仙Ⅱ-113,9-18周 周五 第5节-第6节 仙Ⅱ-113",2.0,地理与海洋科学学院,否,理论类课程,"周四,周五",2014-2015-1,,201411601019060180,2011地理与海洋科学学院资源环境与城乡规划管理,0,仙林校区,2014-2015学年 第1学期,60180,"仙Ⅱ-113,仙Ⅱ-113",0.0,否,,1,32,,0,0,不动产法,12,"第3节-第4节,第5节-第6节",仙II区,16010190
32.0,400200,环境规划与评价(20141-16010230-1),201411601023059647,,3,,19,3-18周,0,朱继业,3-18周 周三 第3节-第4节 仙Ⅰ-104,2.0,地理与海洋科学学院,否,理论类课程,周三,2014-2015-1,,201411601023059647,"2012地理与海洋科学学院资源环境与城乡规划管理,2012地理与海洋科学学院地理科学,2012地理与海洋科学学院地理信息系统",0,仙林校区,2014-2015学年 第1学期,59647,仙Ⅰ-104,0.0,否,,1,32,,0,0,环境规划与评价,11,第3节-第4节,仙I区,16010230
32.0,400200,循环经济原理(20141-16010240-1),201411601024060102,,3,,13,7-18周,0,钟太洋,7-18周 周四 第5节-第7节 仙Ⅱ-111,2.0,地理与海洋科学学院,否,理论类课程,周四,2014-2015-1,,201411601024060102,2012地理与海洋科学学院资源环境与城乡规划管理,0,仙林校区,2014-2015学年 第1学期,60102,仙Ⅱ-111,0.0,否,,1,32,,0,0,循环经济原理,12,第5节-第7节,仙II区,16010240
32.0,400200,应用生态学(20141-16010250-1),201411601025060179,,3,,11,,0,,,2.0,地理与海洋科学学院,否,理论类课程,,2014-2015-1,,201411601025060179,"2011地理与海洋科学学院资源环境与城乡规划管理,2011地理与海洋科学学院旅游管理",0,仙林校区,2014-2015学年 第1学期,60179,,0.0,否,,1,32,,0,0,应用生态学,,,,16010250
32.0,400200,物业管理与服务(20141-16010270-1),201411601027059680,,3,,15,"9-18周,9-18周",0,张建新,"9-18周 周二 第3节-第4节 仙Ⅱ-113,9-18周 周五 第3节-第4节 仙Ⅱ-113",2.0,地理与海洋科学学院,否,理论类课程,"周二,周五",2014-2015-1,,201411601027059680,2011地理与海洋科学学院资源环境与城乡规划管理,0,仙林校区,2014-2015学年 第1学期,59680,"仙Ⅱ-113,仙Ⅱ-113",0.0,否,,1,32,,0,0,物业管理与服务,12,"第3节-第4节,第3节-第4节",仙II区,16010270
32.0,400200,区域经济学(20141-16010280-1),201411601028059775,,3,,14,1-18周,0,"张翔,李祎",1-18周 周一 第5节-第6节 逸C-202,2.0,地理与海洋科学学院,否,理论类课程,周一,2014-2015-1,,201411601028059775,2013地理与海洋科学学院自然地理与资源环境,0,仙林校区,2014-2015学年 第1学期,59775,逸C-202,0.0,否,,1,32,,0,0,区域经济学,17,第5节-第6节,逸夫楼C区,16010280
32.0,400200,文化地理学(20141-16010310-1),201411601031060307,,3,,21,1-18周,0,"章锦河,汤爽爽",1-18周 周五 第5节-第6节 逸C-202,2.0,地理与海洋科学学院,否,理论类课程,周五,2014-2015-1,,201411601031060307,"2013地理与海洋科学学院旅游管理,2013地理与海洋科学学院自然地理与资源环境",0,仙林校区,2014-2015学年 第1学期,60307,逸C-202,0.0,否,,1,32,,0,0,文化地理学,17,第5节-第6节,逸夫楼C区,16010310
32.0,400200,地图投影(20141-16020050-1),201411602005059547,,3,,22,1-18周,0,蒲英霞,1-18周 周五 第5节-第6节 逸C-102,2.0,地理与海洋科学学院,否,理论+实验课程,周五,2014-2015-1,,201411602005059547,2013地理与海洋科学学院地理信息科学,0,仙林校区,2014-2015学年 第1学期,59547,逸C-102,0.0,否,,6,32,,0,0,地图投影,17,第5节-第6节,逸夫楼C区,16020050
48.0,400200,GIS技术与应用(20141-16020060-1),201411602006059891,,3,,19,"3-18周,1-18周",0,刘永学,"3-18周 周一 第5节-第7节 逸C-201,1-18周 周一 第9节-第10节 实验楼丙212",3.0,地理与海洋科学学院,否,理论+实验课程,"周一,周一",2014-2015-1,,201411602006059891,2012地理与海洋科学学院地理信息系统,0,仙林校区,2014-2015学年 第1学期,59891,"逸C-201,实验楼丙212",,否,,6,,,,0,GIS技术与应用,"114,17","第5节-第7节,第9节-第10节","实验楼丙, 逸夫楼C区",16020060
32.0,400200,数字图像处理(20141-16020090-1),201411602009059658,,3,,21,3-18周,0,"肖鹏峰,冯学智",3-18周 周一 第3节-第4节 逸C-201,2.0,地理与海洋科学学院,否,理论+实验课程,周一,2014-2015-1,,201411602009059658,2012地理与海洋科学学院地理信息系统,0,仙林校区,2014-2015学年 第1学期,59658,逸C-201,32.0,否,,6,32,,,0,数字图像处理,17,第3节-第4节,逸夫楼C区,16020090
48.0,400200,GIS设计(20141-16020120-1),201411602012059688,,3,,39,"1-9周,1-9周",0,"程亮,李满春","1-9周 周一 第3节-第4节 仙Ⅱ-301,1-9周 周一 第5节-第8节 ",3.0,地理与海洋科学学院,否,理论+实践课程,"周一,周一",2014-2015-1,,201411602012059688,"2011地理与海洋科学学院地理信息系统,2011地理与海洋科学学院地理科学",0,仙林校区,2014-2015学年 第1学期,59688,"仙Ⅱ-301,实验楼丙212",0.0,否,,5,18,,36,0,GIS设计,12,"第3节-第4节,第5节-第8节",仙II区,16020120
32.0,400200,C++程序设计(20141-16020200-1),201411602020059445,,3,,27,"1-18周,1-18周",0,徐寿成,"1-18周 周一 第1节-第2节 逸C-102,1-18周 周一 第3节-第4节 ",2.0,地理与海洋科学学院,否,理论+实验课程,"周一,周一",2014-2015-1,,201411602020059445,"2013地理与海洋科学学院地理科学,2013地理与海洋科学学院地理信息科学",0,仙林校区,2014-2015学年 第1学期,59445,"逸C-102,实验楼丙212",,否,,6,,,,0,C++程序设计,17,"第1节-第2节,第3节-第4节",逸夫楼C区,16020200
32.0,400200,空间数据结构,201411602022059549,,3,,24,"1-18周,1-18周",0,谢顺平,"1-18周 周五 第1节-第2节 逸C-102,1-18周 周五 第3节-第4节 ",2.0,地理与海洋科学学院,否,理论+实验课程,"周五,周五",2014-2015-1,,201411602022059549,2013地理与海洋科学学院地理信息科学,0,仙林校区,2014-2015学年 第1学期,59549,"逸C-102,实验楼丙212",32.0,否,,6,32,,0,0,空间数据结构,17,"第1节-第2节,第3节-第4节",逸夫楼C区,16020220
32.0,400200,土地利用/土地覆被变化(20141-16020300-1),201411602030059698,,3,,11,"1-9周,1-9周",0,黄秋昊,"1-9周 周二 第3节-第4节 仙Ⅱ-115,1-9周 周四 第3节-第4节 仙Ⅱ-115",2.0,地理与海洋科学学院,否,理论类课程,"周二,周四",2014-2015-1,,201411602030059698,2011地理与海洋科学学院地理信息系统,0,仙林校区,2014-2015学年 第1学期,59698,"仙Ⅱ-115,仙Ⅱ-115",0.0,否,,1,32,,0,0,土地利用/土地覆被变化,12,"第3节-第4节,第3节-第4节",仙II区,16020300
32.0,400200,地理计算(20141-16020330-1),201411602033059675,,3,,7,3-18周,0,周艳莲,3-18周 周五 第5节-第6节 逸C-201,2.0,地理与海洋科学学院,否,理论类课程,周五,2014-2015-1,,201411602033059675,2012地理与海洋科学学院地理信息系统,0,仙林校区,2014-2015学年 第1学期,59675,逸C-201,0.0,否,,1,32,,0,0,地理计算,17,第5节-第6节,逸夫楼C区,16020330
32.0,400200,数字地球导论(20141-16020360-1),201411602036059691,,3,,12,"1-9周,1-9周",0,黄秋昊,"1-9周 周二 第5节-第6节 逸C-204,1-9周 周四 第5节-第6节 逸C-204",2.0,地理与海洋科学学院,否,理论类课程,"周二,周四",2014-2015-1,,201411602036059691,2011地理与海洋科学学院地理信息系统,0,仙林校区,2014-2015学年 第1学期,59691,"逸C-204,逸C-204",2.0,否,,1,28,,2,0,数字地球导论,17,"第5节-第6节,第5节-第6节",逸夫楼C区,16020360
32.0,400200,地理建模(20141-16020400-1),201411602040060221,,3,,5,,0,,,2.0,地理与海洋科学学院,否,理论+实验课程,,2014-2015-1,,201411602040060221,,0,仙林校区,2014-2015学年 第1学期,60221,,8.0,否,,6,32,,0,0,地理建模,,,,16020400
32.0,400200,国土资源信息系统(20141-16020420-1),201411602042060225,,3,,3,,0,,,2.0,地理与海洋科学学院,否,理论类课程,,2014-2015-1,,201411602042060225,,0,仙林校区,2014-2015学年 第1学期,60225,,0.0,否,,1,32,,0,0,国土资源信息系统,,,,16020420
32.0,400200,植被遥感和陆气交换(20141-16020630-1),201411602063060208,,3,,12,3-14周,0,"居为民,陈镜明",3-14周 周四 第5节-第7节 仙Ⅱ-113,2.0,地理与海洋科学学院,否,理论类课程,周四,2014-2015-1,,201411602063060208,2012地理与海洋科学学院地理信息系统,0,仙林校区,2014-2015学年 第1学期,60208,仙Ⅱ-113,0.0,否,,1,32,,0,0,地表遥感,12,第5节-第7节,仙II区,16020630
16.0,400200,地理科学知识讲座(20141-16040010-1),201411604001060286,,3,,107,4-18周,0,王腊春,4-18周 自由时间 - 自由地点,1.0,地理与海洋科学学院,否,理论类课程,自由时间,2014-2015-1,,201411604001060286,"2014地理与海洋科学学院地理科学类,2014地理与海洋科学学院地理科学",0,仙林校区,2014-2015学年 第1学期,60286,自由地点,0.0,否,,1,16,,0,0,地理科学知识讲座,388,自由时间,虚拟区域（仙林）,16040010
32.0,400200,普通地质学(20141-16040020-1),201411604002060288,,3,,106,4-18周,0,"王先彦,王晓勇,孙雪峰",4-18周 周二 第5节-第6节 逸B-405,2.0,地理与海洋科学学院,否,理论类课程,周二,2014-2015-1,,201411604002060288,"2014地理与海洋科学学院地理科学类,2014地理与海洋科学学院地理科学",0,仙林校区,2014-2015学年 第1学期,60288,逸B-405,0.0,否,,1,32,,0,0,简明地质学,16,第5节-第6节,逸夫楼B区,16040020
32.0,400200,水文学原理(20141-16040050-1),201411604005059416,,3,,69,1-17周(单),0,王腊春,1-17周(单) 周二 第3节-第4节 逸B-207,2.0,地理与海洋科学学院,否,理论类课程,周二,2014-2015-1,,201411604005059416,"2013地理与海洋科学学院地理科学,2013地理与海洋科学学院自然地理与资源环境,2013地理与海洋科学学院地理信息科学,2013地理与海洋科学学院海洋科学,2013地理与海洋科学学院旅游管理",0,仙林校区,2014-2015学年 第1学期,59416,逸B-207,0.0,否,,1,32,,0,0,水文学原理,16,第3节-第4节,逸夫楼B区,16040050
32.0,400200,现代地理学实验(20141-16040060-1),201411604006059623,,3,,21,3-18周,0,"乌尼曼,葛晨东,孙雪峰,殷勇,张永战,周丽娅",3-18周 周四 第5节-第8节 逸B-111,2.0,地理与海洋科学学院,否,实验类课程,周四,2014-2015-1,,201411604006059623,"2012地理与海洋科学学院地理科学,2012地理与海洋科学学院海洋科学",0,仙林校区,2014-2015学年 第1学期,59623,逸B-111,24.0,否,,2,8,,,0,现代地理学实验,16,第5节-第8节,逸夫楼B区,16040060
32.0,400200,环境演变与全球变化(20141-16040070-1),201411604007059626,,3,,27,3-18周,0,"朱诚,马春梅",3-18周 周一 第3节-第4节 仙Ⅱ-109,2.0,地理与海洋科学学院,否,理论类课程,周一,2014-2015-1,,201411604007059626,"2012地理与海洋科学学院地理科学,2012地理与海洋科学学院海洋科学",0,仙林校区,2014-2015学年 第1学期,59626,仙Ⅱ-109,0.0,否,,1,32,,0,0,环境演变与全球变化,12,第3节-第4节,仙II区,16040070
32.0,400200,中国自然地理(20141-16040110-1),201411604011060087,,3,,7,3-18周,0,马春梅,3-18周 周五 第5节-第6节 逸C-203,2.0,地理与海洋科学学院,否,理论类课程,周五,2014-2015-1,,201411604011060087,2012地理与海洋科学学院地理科学,0,仙林校区,2014-2015学年 第1学期,60087,逸C-203,0.0,否,,1,32,,0,0,中国自然地理,17,第5节-第6节,逸夫楼C区,16040110
32.0,400200,冰冻圈科学概论(20141-16040140-1),201411604014060068,,3,,7,"10-18周,10-18周",0,"侯书贵,庞洪喜","10-18周 周二 第3节-第4节 仙Ⅱ-115,10-18周 周四 第3节-第4节 仙Ⅱ-115",2.0,地理与海洋科学学院,否,理论类课程,"周二,周四",2014-2015-1,,201411604014060068,"2011地理与海洋科学学院地理科学,2011地理与海洋科学学院海洋科学",0,仙林校区,2014-2015学年 第1学期,60068,"仙Ⅱ-115,仙Ⅱ-115",0.0,否,,1,32,,0,0,冰冻圈科学概论,12,"第3节-第4节,第3节-第4节",仙II区,16040140
32.0,400200,地质学教学实习(20141-16040500-1),201411604050059890,,3,,70,,0,王晓勇, 自由时间 - 自由地点,2.0,地理与海洋科学学院,否,实践类课程,自由时间,2014-2015-1,,201411604050059890,"2013地理与海洋科学学院地理科学,2013地理与海洋科学学院自然地理与资源环境,2013地理与海洋科学学院地理信息科学,2013地理与海洋科学学院海洋科学,2013地理与海洋科学学院旅游管理",0,仙林校区,2014-2015学年 第1学期,59890,自由地点,0.0,否,,3,0,,80,0,简明地质学实习,388,自由时间,虚拟区域（仙林）,16040500
32.0,400200,地理学教学实习(20141-16040510-1),201411604051059630,,3,,81,1-18周,0,王腊春,1-18周 自由时间 - 自由地点,2.0,地理与海洋科学学院,否,实践类课程,自由时间,2014-2015-1,,201411604051059630,"2012地理与海洋科学学院资源环境与城乡规划管理,2012地理与海洋科学学院海洋科学,2012地理与海洋科学学院地理科学,2012地理与海洋科学学院地理信息系统",0,仙林校区,2014-2015学年 第1学期,59630,自由地点,0.0,否,,3,0,,120,0,地理学教学实习,388,自由时间,虚拟区域（仙林）,16040510
32.0,400200,地理学知识创新实习(20141-16040520-1),201411604052059713,,3,,7,1-18周,0,"张建新,张振克",1-18周 自由时间 - 自由地点,2.0,地理与海洋科学学院,否,实践类课程,自由时间,2014-2015-1,,201411604052059713,2011地理与海洋科学学院地理科学,0,仙林校区,2014-2015学年 第1学期,59713,自由地点,0.0,否,,3,0,,32,0,地理学知识创新实习,388,自由时间,虚拟区域（仙林）,16040520
32.0,400200,城市与区域规划概论(20141-16040530-1),201411604053059628,,3,,55,3-18周,0,张翔,3-18周 周四 第1节-第2节 逸B-207,2.0,地理与海洋科学学院,否,理论类课程,周四,2014-2015-1,,201411604053059628,"2012地理与海洋科学学院资源环境与城乡规划管理,2012地理与海洋科学学院海洋科学,2012地理与海洋科学学院地理科学,2012地理与海洋科学学院地理信息系统",0,仙林校区,2014-2015学年 第1学期,59628,逸B-207,0.0,否,,1,32,,0,0,城市与区域规划概论,16,第1节-第2节,逸夫楼B区,16040530
64.0,400200,生产实习(20141-16040540-1),201411604054060223,,3,,110,1-18周,0,,1-18周 自由时间 - 自由地点,4.0,地理与海洋科学学院,否,实践类课程,自由时间,2014-2015-1,,201411604054060223,"2011地理与海洋科学学院资源环境与城乡规划管理,2011地理与海洋科学学院海洋科学,2011地理与海洋科学学院旅游管理,2011地理与海洋科学学院地理科学,2011地理与海洋科学学院地理信息系统",0,仙林校区,2014-2015学年 第1学期,60223,自由地点,0.0,否,,3,0,,448,0,生产实习,388,自由时间,虚拟区域（仙林）,16040540
16.0,400200,应用自然地理学(20141-16040560-1),201411604056059637,,3,,78,2-18周(双),0,张振克,2-18周(双) 周二 第3节-第4节 逸B-410,1.0,地理与海洋科学学院,否,理论类课程,周二,2014-2015-1,,201411604056059637,"2012地理与海洋科学学院资源环境与城乡规划管理,2012地理与海洋科学学院海洋科学,2012地理与海洋科学学院地理科学,2012地理与海洋科学学院地理信息系统",0,仙林校区,2014-2015学年 第1学期,59637,逸B-410,0.0,否,,1,16,,0,0,应用自然地理学,16,第3节-第4节,逸夫楼B区,16040560
48.0,400200,水力学(20141-16040580-1),201411604058060456,,3,,3,"2-18周(双),1-18周",0,王栋,"2-18周(双) 周二 第1节-第2节 ,1-18周 周五 第3节-第4节 ",3.0,地理与海洋科学学院,否,理论类课程,"周二,周五",2014-2015-1,,201411604058060456,2013地理与海洋科学学院地理科学,0,仙林校区,2014-2015学年 第1学期,60456,"仙2-109,仙2-109",0.0,否,,1,48,,0,0,水力学,,"第1节-第2节,第3节-第4节",,16040580
32.0,400200,第四纪地质与环境(20141-16040630-1),201411604063059481,,3,,11,1-18周,0,"贾鑫,张红艳",1-18周 周四 第9节-第10节 逸C-202,2.0,地理与海洋科学学院,否,理论类课程,周四,2014-2015-1,,201411604063059481,2013地理与海洋科学学院地理科学,0,仙林校区,2014-2015学年 第1学期,59481,逸C-202,0.0,否,,1,32,,0,0,第四纪地质与环境,17,第9节-第10节,逸夫楼C区,16040630
32.0,400200,地貌过程(20141-16040640-1),201411604064060305,,3,,11,1-18周,0,王先彦,1-18周 周二 第7节-第8节 逸C-202,2.0,地理与海洋科学学院,否,理论类课程,周二,2014-2015-1,,201411604064060305,2013地理与海洋科学学院地理科学,0,仙林校区,2014-2015学年 第1学期,60305,逸C-202,0.0,否,,1,32,,0,0,地貌过程,17,第7节-第8节,逸夫楼C区,16040640
32.0,400200,第四纪年代学(20141-16040650-1),201411604065059487,,3,,20,1-18周,0,孙雪峰,1-18周 周三 第7节-第8节 逸C-202,2.0,地理与海洋科学学院,否,理论类课程,周三,2014-2015-1,,201411604065059487,2013地理与海洋科学学院地理科学,0,仙林校区,2014-2015学年 第1学期,59487,逸C-202,0.0,否,,1,32,,0,0,第四纪年代学,17,第7节-第8节,逸夫楼C区,16040650
32.0,400200,旅游电子商务(20141-16050150-1),201411605015059720,,3,,11,"9-18周,9-18周",0,刘泽华,"9-18周 周二 第3节-第4节 逸C-201,9-18周 周四 第3节-第4节 逸C-201",2.0,地理与海洋科学学院,否,理论类课程,"周二,周四",2014-2015-1,,201411605015059720,2011地理与海洋科学学院旅游管理,0,仙林校区,2014-2015学年 第1学期,59720,"逸C-201,逸C-201",0.0,否,,1,32,,0,0,旅游电子商务,17,"第3节-第4节,第3节-第4节",逸夫楼C区,16050150
32.0,400200,旅游营销(20141-16050160-1),201411605016059490,,3,,11,1-18周,0,姜洪涛,1-18周 周一 第3节-第4节 逸C-202,2.0,地理与海洋科学学院,否,理论类课程,周一,2014-2015-1,,201411605016059490,2013地理与海洋科学学院旅游管理,0,仙林校区,2014-2015学年 第1学期,59490,逸C-202,0.0,否,,1,32,,0,0,旅游营销,17,第3节-第4节,逸夫楼C区,16050160
32.0,400200,旅游法规(20141-16050180-1),201411605018059724,,3,,11,"9-18周,9-18周",0,张兆干,"9-18周 周二 第9节-第10节 逸B-208,9-18周 周四 第9节-第10节 逸B-208",2.0,地理与海洋科学学院,否,理论类课程,"周二,周四",2014-2015-1,,201411605018059724,2011地理与海洋科学学院旅游管理,0,仙林校区,2014-2015学年 第1学期,59724,"逸B-208,逸B-208",0.0,否,,1,32,,0,0,旅游法规,16,"第9节-第10节,第9节-第10节",逸夫楼B区,16050180
16.0,400200,旅游学认知实践(20141-16050220-1),201411605022060074,,3,,3,1-18周,0,章锦河,1-18周 自由时间 - 自由地点,1.0,地理与海洋科学学院,否,实践类课程,自由时间,2014-2015-1,,201411605022060074,2011地理与海洋科学学院旅游管理,0,仙林校区,2014-2015学年 第1学期,60074,自由地点,0.0,否,,3,0,,16,0,旅游学认知实践,388,自由时间,虚拟区域（仙林）,16050220
32.0,400200,海洋科学导论(20141-16060010-1),201411606001059338,,3,,0,,0,,,2.0,地理与海洋科学学院,否,理论类课程,,2014-2015-1,,201411606001059338,,0,仙林校区,2014-2015学年 第1学期,59338,,0.0,否,,1,32,,0,0,海洋科学导论,,,,16060010
32.0,400200,海洋地质学(20141-16060020-1),201411606002059512,,3,,10,1-18周,0,"殷勇,刘绍文",1-18周 周五 第3节-第4节 逸C-202,2.0,地理与海洋科学学院,否,理论类课程,周五,2014-2015-1,,201411606002059512,2013地理与海洋科学学院海洋科学,0,仙林校区,2014-2015学年 第1学期,59512,逸C-202,0.0,否,,1,32,,0,0,海洋地质学,17,第3节-第4节,逸夫楼C区,16060020
32.0,400200,物理海洋学(20141-16060030-1),201411606003060077,,3,,6,3-18周,0,"黄蓓,汪亚平",3-18周 周三 第3节-第4节 逸C-201,2.0,地理与海洋科学学院,否,理论类课程,周三,2014-2015-1,,201411606003060077,2012地理与海洋科学学院海洋科学,0,仙林校区,2014-2015学年 第1学期,60077,逸C-201,0.0,否,,1,32,,0,0,物理海洋学,17,第3节-第4节,逸夫楼C区,16060030
32.0,400200,沉积学(20141-16060210-1),201411606021059629,,3,,13,3-18周,0,韩志勇,3-18周 周四 第3节-第4节 逸B-111,2.0,地理与海洋科学学院,否,理论类课程,周四,2014-2015-1,,201411606021059629,"2012地理与海洋科学学院地理科学,2012地理与海洋科学学院海洋科学",0,仙林校区,2014-2015学年 第1学期,59629,逸B-111,0.0,否,,1,32,,0,0,沉积学,16,第3节-第4节,逸夫楼B区,16060210
32.0,400200,海岸地貌学(20141-16060220-1),201411606022060063,,3,,13,"10-18周,10-18周",0,"杨旸,高建华","10-18周 周二 第5节-第6节 逸C-204,10-18周 周四 第5节-第6节 逸C-204",2.0,地理与海洋科学学院,否,理论类课程,"周二,周四",2014-2015-1,,201411606022060063,"2011地理与海洋科学学院地理科学,2011地理与海洋科学学院海洋科学",0,仙林校区,2014-2015学年 第1学期,60063,"逸C-204,逸C-204",0.0,否,,1,32,,0,0,海岸地貌学,17,"第5节-第6节,第5节-第6节",逸夫楼C区,16060220
32.0,400200,海岸工程学(20141-16060250-1),201411606025059734,,3,,11,"10-18周,10-18周",0,张永战,"10-18周 周一 第3节-第4节 逸C-204,10-18周 周三 第3节-第4节 逸C-204",2.0,地理与海洋科学学院,否,理论类课程,"周一,周三",2014-2015-1,,201411606025059734,2011地理与海洋科学学院海洋科学,0,仙林校区,2014-2015学年 第1学期,59734,"逸C-204,逸C-204",0.0,否,,1,32,,0,0,海岸工程学,17,"第3节-第4节,第3节-第4节",逸夫楼C区,16060250
16.0,400200,海洋科学实习（一）(20141-16060800A-1),2014116060800A60306,,3,,13,,0,张永战, 自由时间 - 自由地点,1.0,地理与海洋科学学院,否,实践类课程,自由时间,2014-2015-1,,2014116060800A60306,2013地理与海洋科学学院海洋科学,0,仙林校区,2014-2015学年 第1学期,60306,自由地点,0.0,否,,3,0,,56,0,海洋科学实习（一）,388,自由时间,虚拟区域（仙林）,16060800A
16.0,400200,海洋科学实习（二）(20141-16060800B-1),2014116060800B60311,,3,,6,1-18周,0,张永战,1-18周 自由时间 - 自由地点,1.0,地理与海洋科学学院,否,实践类课程,自由时间,2014-2015-1,,2014116060800B60311,2012地理与海洋科学学院海洋科学,0,仙林校区,2014-2015学年 第1学期,60311,自由地点,,否,,3,4,,12,0,海洋科学实习（二）,388,自由时间,虚拟区域（仙林）,16060800B
48.0,400210,大气科学概论(20141-17010010-1),201411701001059161,,3,,35,"1-14周,1-14周",0,"刘红年,王学远","1-14周 周二 第3节-第4节 ,1-14周 周五 第3节-第4节 ",3.0,大气科学学院,否,理论类课程,"周二,周五",2014-2015-1,,201411701001059161,,0,仙林校区,2014-2015学年 第1学期,59161,"无,无",0.0,否,,1,64,,0,0,大气科学概论,,"第3节-第4节,第3节-第4节",,17010010
48.0,400210,大气科学概论(20141-17010010-2),201411701001059162,,3,,34,"1-14周,1-14周",0,"张宁,李树","1-14周 周二 第3节-第4节 逸C-103,1-14周 周五 第3节-第4节 逸C-103",3.0,大气科学学院,否,理论类课程,"周二,周五",2014-2015-1,,201411701001059162,,0,仙林校区,2014-2015学年 第1学期,59162,"逸C-103,逸C-103",0.0,否,,1,64,,0,0,大气科学概论,17,"第3节-第4节,第3节-第4节",逸夫楼C区,17010010
48.0,400210,大气科学概论(20141-17010010-3),201411701001059163,,3,,33,"1-14周,1-14周",0,"袁慧玲,庄炳亮","1-14周 周二 第3节-第4节 逸C-102,1-14周 周五 第3节-第4节 逸C-102",3.0,大气科学学院,否,理论类课程,"周二,周五",2014-2015-1,,201411701001059163,,0,仙林校区,2014-2015学年 第1学期,59163,"逸C-102,逸C-102",0.0,否,,1,64,,0,0,大气科学概论,17,"第3节-第4节,第3节-第4节",逸夫楼C区,17010010
48.0,400210,大气科学概论(20141-17010010-4),201411701001059435,,3,,28,1-18周,0,"郭维栋,袁健",1-18周 周二 第5节-第6节 仙Ⅱ-301,3.0,大气科学学院,否,理论类课程,周二,2014-2015-1,,201411701001059435,"2012地理与海洋科学学院地理科学,2013地球科学与工程学院地质学（古生物学方向）,2013地球科学与工程学院地质学,2012地理与海洋科学学院海洋科学",0,仙林校区,2014-2015学年 第1学期,59435,仙Ⅱ-301,0.0,否,,1,64,,0,0,大气科学概论,12,第5节-第6节,仙II区,17010010
48.0,400200,大气科学概论(20141-17010010-1),201411701001059462,,3,,70,2-18周(双),0,江飞,2-18周(双) 周二 第3节-第4节 逸B-207,3.0,地理与海洋科学学院,否,理论类课程,周二,2014-2015-1,,201411701001059462,"2013地理与海洋科学学院地理科学,2013地理与海洋科学学院自然地理与资源环境,2013地理与海洋科学学院地理信息科学,2013地理与海洋科学学院海洋科学,2013地理与海洋科学学院旅游管理",0,仙林校区,2014-2015学年 第1学期,59462,逸B-207,0.0,否,,1,64,,0,0,大气科学概论,16,第3节-第4节,逸夫楼B区,17010010
64.0,400210,天气学原理(20141-17010030-1),201411701003059246,,3,,45,"1-18周,1-18周",0,"舒守娟,江静","1-18周 周一 第3节-第4节 仙Ⅱ-315,1-18周 周四 第3节-第4节 仙Ⅱ-315",4.0,大气科学学院,否,理论类课程,"周一,周四",2014-2015-1,,201411701003059246,"2012大气科学学院大气科学,2012大气科学学院应用气象学",0,仙林校区,2014-2015学年 第1学期,59246,"仙Ⅱ-315,仙Ⅱ-315",0.0,否,,1,80,,0,0,天气学原理,12,"第3节-第4节,第3节-第4节",仙II区,17010030
64.0,400210,天气学原理(20141-17010030-2),201411701003059250,,3,,43,"1-18周,1-18周",0,姚永红,"1-18周 周一 第3节-第4节 仙Ⅱ-316,1-18周 周四 第3节-第4节 仙Ⅱ-316",4.0,大气科学学院,否,理论类课程,"周一,周四",2014-2015-1,,201411701003059250,"2012大气科学学院大气科学,2012大气科学学院应用气象学",0,仙林校区,2014-2015学年 第1学期,59250,"仙Ⅱ-316,仙Ⅱ-316",0.0,否,,1,80,,0,0,天气学原理,12,"第3节-第4节,第3节-第4节",仙II区,17010030
48.0,400210,数值天气预报(20141-17010060-1),201411701006059364,,3,,110,"1-18周,2-18周(双),1-17周(单)",0,"孙旭光,杨修群","2-18周(双) 周四 第1节-第4节 ,1-17周(单) 周四 第3节-第4节 逸B-514,1-18周 周一 第3节-第4节 逸B-514",3.0,大气科学学院,否,理论+实验课程,"周一,周四,周四",2014-2015-1,,201411701006059364,"2011大气科学学院大气科学,2011大气科学学院应用气象学",0,仙林校区,2014-2015学年 第1学期,59364,"逸B-514,丙502/506,逸B-514",16.0,否,,6,32,,0,0,数值天气预报,16,"第3节-第4节,第1节-第4节,第3节-第4节",逸夫楼B区,17010060
48.0,400210,气象统计预报(20141-17010070-1),201411701007059370,,3,,111,"1-18周,2-18周(双),1-17周(单)",0,"汤剑平,宋金杰","2-18周(双) 周五 第1节-第4节 ,1-17周(单) 周五 第3节-第4节 逸B-514,1-18周 周二 第3节-第4节 逸B-514",3.0,大气科学学院,否,理论+实验课程,"周二,周五,周五",2014-2015-1,,201411701007059370,"2011大气科学学院大气科学,2011大气科学学院应用气象学",0,仙林校区,2014-2015学年 第1学期,59370,"逸B-514,丙502/506,逸B-514",,否,,6,,,,0,气象统计预报,16,"第3节-第4节,第1节-第4节,第3节-第4节",逸夫楼B区,17010070
32.0,400210,卫星气象(20141-17010090-1),201411701009059252,,3,,63,"1-10周,1-10周",0,郁凡,"1-10周 周四 第1节-第2节 仙Ⅱ-117,1-10周 周二 第5节-第6节 仙Ⅱ-117",2.0,大气科学学院,否,理论类课程,"周二,周四",2014-2015-1,,201411701009059252,"2012大气科学学院大气科学,2012大气科学学院应用气象学",0,仙林校区,2014-2015学年 第1学期,59252,"仙Ⅱ-117,仙Ⅱ-117",0.0,否,,1,40,,0,0,卫星气象,12,"第5节-第6节,第1节-第2节",仙II区,17010090
32.0,400210,大气化学(20141-17010120-1),201411701012059190,,3,,84,"10-18周,10-18周",0,"谢旻,王体健","10-18周 周一 第1节-第2节 仙Ⅱ-117,10-18周 周三 第3节-第4节 仙Ⅱ-117",2.0,大气科学学院,否,理论+实验课程,"周一,周三",2014-2015-1,,201411701012059190,"2012大气科学学院大气科学,2012大气科学学院应用气象学",0,仙林校区,2014-2015学年 第1学期,59190,"仙Ⅱ-117,仙Ⅱ-117",16.0,否,,6,32,,0,0,大气化学,12,"第1节-第2节,第3节-第4节",仙II区,17010120
32.0,400210,天气学实验(20141-17010140-1),201411701014059202,,3,,43,"1-18周,1-18周",0,"明杰,仇欣","1-18周 周三 第5节-第6节 ,1-18周 周三 第7节-第8节 ",2.0,大气科学学院,否,,"周三,周三",2014-2015-1,,201411701014059202,"2012大气科学学院大气科学,2012大气科学学院应用气象学",0,仙林校区,2014-2015学年 第1学期,59202,"丙508,丙508",,否,,,,,,0,天气学实验,,"第5节-第6节,第7节-第8节",,17010140
32.0,400210,天气学实验(20141-17010140-2),201411701014059203,,3,,42,"1-18周,1-18周",0,王亦平,"1-18周 周四 第5节-第6节 ,1-18周 周四 第7节-第8节 ",2.0,大气科学学院,否,,"周四,周四",2014-2015-1,,201411701014059203,"2012大气科学学院大气科学,2012大气科学学院应用气象学",0,仙林校区,2014-2015学年 第1学期,59203,"丙508,丙508",,否,,,,,,0,天气学实验,,"第5节-第6节,第7节-第8节",,17010140
32.0,400210,气候变化(20141-17010160-1),201411701016059222,,3,,88,"1-10周,1-10周",0,吴其冈,"1-10周 周三 第1节-第2节 仙Ⅱ-117,1-10周 周一 第5节-第6节 仙Ⅱ-117",2.0,大气科学学院,否,理论类课程,"周一,周三",2014-2015-1,,201411701016059222,"2012大气科学学院大气科学,2012大气科学学院应用气象学",0,仙林校区,2014-2015学年 第1学期,59222,"仙Ⅱ-117,仙Ⅱ-117",0.0,否,,1,32,,0,0,气候变化,12,"第5节-第6节,第1节-第2节",仙II区,17010160
32.0,400210,云和降水物理(20141-17010170-1),201411701017059255,,3,,41,"1-10周,1-10周",0,陈宝君,"1-10周 周二 第1节-第2节 仙Ⅱ-117,1-10周 周五 第5节-第6节 仙Ⅱ-117",2.0,大气科学学院,否,理论类课程,"周二,周五",2014-2015-1,,201411701017059255,"2012大气科学学院大气科学,2012大气科学学院应用气象学",0,仙林校区,2014-2015学年 第1学期,59255,"仙Ⅱ-117,仙Ⅱ-117",0.0,否,,1,32,,0,0,云和降水物理,12,"第1节-第2节,第5节-第6节",仙II区,17010170
16.0,400210,大气环境规划与评价(20141-17010180-1),201411701018059376,,3,,9,1-10周,0,李树,1-10周 周三 第3节-第4节 逸C-209,1.0,大气科学学院,否,理论类课程,周三,2014-2015-1,,201411701018059376,"2011大气科学学院大气科学,2011大气科学学院应用气象学",0,仙林校区,2014-2015学年 第1学期,59376,逸C-209,0.0,否,,1,16,,0,0,大气环境规划与评价,17,第3节-第4节,逸夫楼C区,17010180
32.0,400210,生态与农业气候学(20141-17010190-1),201411701019059379,,3,,5,1-18周,0,张录军,1-18周 周三 第5节-第6节 逸C-209,2.0,大气科学学院,否,理论+实践课程,周三,2014-2015-1,,201411701019059379,"2011大气科学学院大气科学,2011大气科学学院应用气象学",0,仙林校区,2014-2015学年 第1学期,59379,逸C-209,0.0,否,,5,28,,4,0,生态与农业气候学,17,第5节-第6节,逸夫楼C区,17010190
32.0,400210,中小尺度天气学(20141-17010210-1),201411701021059380,,3,,10,1-18周,0,"仇欣,潘益农",1-18周 周四 第5节-第6节 逸C-102,2.0,大气科学学院,否,理论类课程,周四,2014-2015-1,,201411701021059380,"2011大气科学学院大气科学,2011大气科学学院应用气象学",0,仙林校区,2014-2015学年 第1学期,59380,逸C-102,0.0,否,,1,32,,0,0,中小尺度天气学,17,第5节-第6节,逸夫楼C区,17010210
32.0,400210,天气诊断分析(20141-17010230-1),201411701023059381,,3,,10,1-18周,0,明杰,1-18周 周二 第5节-第6节 逸C-202,2.0,大气科学学院,否,理论+实践课程,周二,2014-2015-1,,201411701023059381,"2011大气科学学院大气科学,2011大气科学学院应用气象学",0,仙林校区,2014-2015学年 第1学期,59381,逸C-202,0.0,否,,5,16,,16,0,天气诊断分析,17,第5节-第6节,逸夫楼C区,17010230
16.0,400210,大气科学进展(20141-17010280-1),201411701028059125,,3,,99,6-15周,0,"薛明,陈星,丁爱军,吴其冈,郁凡,江静,方娟,杨修群,王体健,王元",6-15周 周二 第3节-第4节 仙Ⅱ-303,1.0,大气科学学院,否,理论类课程,周二,2014-2015-1,,201411701028059125,,0,仙林校区,2014-2015学年 第1学期,59125,仙Ⅱ-303,0.0,否,,1,16,,0,0,大气科学进展,12,第3节-第4节,仙II区,17010280
32.0,400210,FORTRAN语言程序设计(20141-17010290-1),201411701029059146,,3,,107,"1-10周,2-11周,2-11周",0,王学远,"2-11周 周二 第1节-第2节 ,2-11周 周二 第7节-第8节 ,1-10周 周五 第5节-第7节 仙Ⅱ-505",2.0,大气科学学院,否,理论+实验课程,"周五,周二,周二",2014-2015-1,,201411701029059146,2012地球科学与工程学院地质学（地球物理学方向）,0,仙林校区,2014-2015学年 第1学期,59146,"仙Ⅱ-505,丙502/506,丙502/506",32.0,否,,6,32,,0,0,高级语言程序设计,12,"第5节-第7节,第1节-第2节,第7节-第8节",仙II区,17010290
32.0,400210,计算方法(20141-17010300-1),201411701030059233,,3,,95,"1-18周,2-18周(双),2-18周(双)",0,黄樱,"2-18周(双) 周五 第1节-第2节 ,2-18周(双) 周五 第7节-第8节 ,1-18周 周五 第3节-第4节 逸B-207",2.0,大气科学学院,否,理论+实验课程,"周五,周五,周五",2014-2015-1,,201411701030059233,"2012地球科学与工程学院地质学（地球物理学方向）,2012大气科学学院应用气象学,2012大气科学学院大气科学",0,仙林校区,2014-2015学年 第1学期,59233,"逸B-207,丙502/506,丙502/506",32.0,否,,6,32,,0,0,计算方法,16,"第3节-第4节,第1节-第2节,第7节-第8节",逸夫楼B区,17010300
32.0,400210,海洋科学概论(20141-17010310-1),201411701031059197,,3,,8,"1-9周,1-9周",0,房佳蓓,"1-9周 周三 第3节-第4节 仙Ⅱ-117,1-9周 周一 第7节-第8节 仙Ⅱ-117",2.0,大气科学学院,否,理论类课程,"周一,周三",2014-2015-1,,201411701031059197,"2012大气科学学院大气科学,2012大气科学学院应用气象学",0,仙林校区,2014-2015学年 第1学期,59197,"仙Ⅱ-117,仙Ⅱ-117",0.0,否,,1,32,,0,0,海洋科学概论,12,"第7节-第8节,第3节-第4节",仙II区,17010310
32.0,400210,大气环流(20141-17010350-1),201411701035059384,,3,,20,"3-11周,3-11周",0,张洋,"3-11周 周一 第5节-第6节 ,3-11周 周五 第5节-第6节 ",2.0,大气科学学院,否,理论类课程,"周一,周五",2014-2015-1,,201411701035059384,"2011大气科学学院大气科学,2011大气科学学院应用气象学",0,仙林校区,2014-2015学年 第1学期,59384,"无,无",0.0,否,,1,32,,0,0,大气环流,,"第5节-第6节,第5节-第6节",,17010350
64.0,400160,大学物理I(20141-18000110A-1),2014118000110A59953,,3,,104,"4-18周,4-18周",0,"张豹山,韩平","4-18周 周一 第3节-第4节 图书馆125,4-18周 周三 第5节-第6节 图书馆125",4.0,电子科学与工程学院,否,理论类课程,"周一,周三",2014-2015-1,,2014118000110A59953,2014电子科学与工程学院电子信息类,0,仙林校区,2014-2015学年 第1学期,59953,"无,无",0.0,否,,1,64,,0,0,大学物理I,,"第3节-第4节,第5节-第6节",,18000110A
64.0,400160,大学物理I(20141-18000110A-2),2014118000110A59961,,3,,97,"4-18周,4-18周",0,"贾小氢,金飚兵","4-18周 周一 第3节-第4节 图书馆126,4-18周 周三 第5节-第6节 图书馆126",4.0,电子科学与工程学院,否,理论类课程,"周一,周三",2014-2015-1,,2014118000110A59961,2014电子科学与工程学院电子信息类,0,仙林校区,2014-2015学年 第1学期,59961,"图书馆126,图书馆126",0.0,否,,1,64,,0,0,大学物理I,18,"第3节-第4节,第5节-第6节",图书馆,18000110A
48.0,400160,电路分析(20141-18000310-1),201411800031059902,,3,,103,4-18周,0,沈一骑,4-18周 周四 第5节-第7节 逸B-105,3.0,电子科学与工程学院,否,理论类课程,周四,2014-2015-1,,201411800031059902,2014电子科学与工程学院电子信息类,0,仙林校区,2014-2015学年 第1学期,59902,逸B-105,0.0,否,,1,48,,0,0,电路分析,16,第5节-第7节,逸夫楼B区,18000310
48.0,400160,电路分析(20141-18000310-2),201411800031059904,,3,,105,4-18周,0,柏业超,4-18周 周四 第5节-第7节 逸B-101,3.0,电子科学与工程学院,否,理论类课程,周四,2014-2015-1,,201411800031059904,2014电子科学与工程学院电子信息类,0,仙林校区,2014-2015学年 第1学期,59904,逸B-101,0.0,否,,1,48,,0,0,电路分析,16,第5节-第7节,逸夫楼B区,18000310
48.0,400160,电路分析(20141-18000310-3),201411800031061013,,3,,37,"4-18周,4-18周",0,"张丽敏,康琳,李晨","4-18周 周四 第5节-第7节 实验楼丙515,4-18周 周二 第9节-第11节 实验楼丙410",3.0,电子科学与工程学院,否,理论类课程,"周四,周二",2014-2015-1,,201411800031061013,2014电子科学与工程学院电子信息类,0,仙林校区,2014-2015学年 第1学期,61013,"实验楼丙515,实验楼丙410",0.0,否,,1,48,,0,0,电路分析,114,"第5节-第7节,第9节-第11节",实验楼丙,18000310
32.0,400160,近代电子学实验(20141-18000420T-1),2014118000420T60003,,3,,11,1-18周,0,"赵康僆,陈颖",1-18周 周四 第1节-第4节 ,2.0,电子科学与工程学院,否,实验类课程,周四,2014-2015-1,,2014118000420T60003,"2011电子科学与工程学院电子信息科学与技术,2011电子科学与工程学院微电子学,2011电子科学与工程学院生物医学工程,2011电子科学与工程学院通信工程",0,仙林校区,2014-2015学年 第1学期,60003,实验楼丙414;实验楼丙405,32.0,否,,2,0,,0,0,近代电子学实验,,第1节-第4节,,18000420T
48.0,400160,信号与系统(20141-18000510-1),201411800051058965,,3,,107,1-18周,0,李晨,1-18周 周二 第5节-第7节 仙Ⅱ-503,3.0,电子科学与工程学院,否,理论类课程,周二,2014-2015-1,,201411800051058965,2011天文与空间科学学院空间科学与技术,0,仙林校区,2014-2015学年 第1学期,58965,仙Ⅱ-503,0.0,否,,1,48,,0,0,信号与系统,12,第5节-第7节,仙II区,18000510
48.0,400160,信号与系统(20141-18000510-2),201411800051060183,,3,,123,1-18周,0,孙国柱,1-18周 周二 第5节-第7节 仙Ⅱ-505,3.0,电子科学与工程学院,否,理论类课程,周二,2014-2015-1,,201411800051060183,,0,仙林校区,2014-2015学年 第1学期,60183,仙Ⅱ-505,0.0,否,,1,48,,0,0,信号与系统,12,第5节-第7节,仙II区,18000510
48.0,400160,模拟电路(20141-18000610-1),201411800061058963,,3,,164,"1-18周,1-17周(单)",0,季晓勇,"1-17周(单) 周五 第1节-第2节 仙Ⅰ-319,1-18周 周三 第3节-第4节 仙Ⅰ-319",3.0,电子科学与工程学院,否,理论类课程,"周三,周五",2014-2015-1,,201411800061058963,"2012天文与空间科学学院空间科学与技术,2013现代工程与应用科学学院生物医学工程,2013现代工程与应用科学学院光电信息科学与工程,2013现代工程与应用科学学院材料化学,2013现代工程与应用科学学院材料物理",0,仙林校区,2014-2015学年 第1学期,58963,"仙Ⅰ-319,仙Ⅰ-319",0.0,否,,1,51,,0,0,模拟电路,11,"第3节-第4节,第1节-第2节",仙I区,18000610
16.0,400160,模拟电路实验(20141-18000710T-1),2014118000710T58977,,3,,15,10-18周,0,高健,10-18周 周三 第5节-第8节 ,1.0,电子科学与工程学院,否,实验类课程,周三,2014-2015-1,,2014118000710T58977,2012天文与空间科学学院空间科学与技术,0,仙林校区,2014-2015学年 第1学期,58977,丙414,32.0,否,,2,0,,0,0,模拟电路实验,,第5节-第8节,,18000710T
16.0,400160,模拟电路实验(20141-18000710T-1),2014118000710T59911,,3,,92,1-9周,0,"郑江,庄建军,陈瞻,高健,戚海峰",1-9周 周三 第1节-第4节 ,1.0,电子科学与工程学院,否,实验类课程,周三,2014-2015-1,,2014118000710T59911,,0,仙林校区,2014-2015学年 第1学期,59911,实验楼丙402;实验楼丙405;实验楼丙414;实验楼丙415;实验楼丙420,32.0,否,,2,0,,0,0,模拟电路实验,,第1节-第4节,,18000710T
16.0,400160,模拟电路实验(20141-18000710T-2),2014118000710T59934,,3,,87,1-9周,0,"陈瞻,高健,庄建军,郑江,戚海峰",1-9周 周三 第5节-第8节 ,1.0,电子科学与工程学院,否,实验类课程,周三,2014-2015-1,,2014118000710T59934,,0,仙林校区,2014-2015学年 第1学期,59934,实验楼丙402;实验楼丙405;实验楼丙414;实验楼丙415;实验楼丙420,32.0,否,,2,0,,0,0,模拟电路实验,,第5节-第8节,,18000710T
16.0,400160,模拟电路实验(20141-18000710T-4),2014118000710T60159,,3,,19,10-18周,0,戚海峰,10-18周 周三 第5节-第8节 ,1.0,电子科学与工程学院,否,实验类课程,周三,2014-2015-1,,2014118000710T60159,2012现代工程与应用科学学院生物医学工程,0,仙林校区,2014-2015学年 第1学期,60159,丙415,32.0,否,,2,0,,0,0,模拟电路实验,,第5节-第8节,,18000710T
48.0,400160,数字电路(20141-18000810-1),201411800081059918,,3,,94,1-18周,0,沙金,1-18周 周一 第2节-第4节 仙Ⅰ-524,3.0,电子科学与工程学院,否,理论类课程,周一,2014-2015-1,,201411800081059918,,0,仙林校区,2014-2015学年 第1学期,59918,仙Ⅰ-524,0.0,否,,1,48,,0,0,数字电路,11,第2节-第4节,仙I区,18000810
48.0,400160,数字电路(20141-18000810-2),201411800081059949,,3,,100,1-18周,0,潘红兵,1-18周 周一 第2节-第4节 图书馆127,3.0,电子科学与工程学院,否,理论类课程,周一,2014-2015-1,,201411800081059949,,0,仙林校区,2014-2015学年 第1学期,59949,图书馆127,0.0,否,,1,48,,0,0,数字电路,18,第2节-第4节,图书馆,18000810
32.0,400160,微弱信号检测(20141-18000820-1),201411800082060009,,3,,24,1-18周,0,司峻峰,1-18周 周三 第1节-第2节 仙Ⅱ-102,2.0,电子科学与工程学院,否,理论类课程,周三,2014-2015-1,,201411800082060009,"2011电子科学与工程学院电子信息科学与技术,2011电子科学与工程学院微电子学,2011电子科学与工程学院生物医学工程,2011电子科学与工程学院通信工程",0,仙林校区,2014-2015学年 第1学期,60009,仙Ⅱ-102,0.0,否,,1,32,,0,0,微弱信号检测,12,第1节-第2节,仙II区,18000820
32.0,400160,自动控制理论(20141-18000920-1),201411800092059941,,3,,53,1-18周,0,张丽敏,1-18周 周四 第9节-第10节 仙Ⅰ-104,2.0,电子科学与工程学院,否,理论类课程,周四,2014-2015-1,,201411800092059941,"2012电子科学与工程学院电子信息科学与技术,2012电子科学与工程学院通信工程",0,仙林校区,2014-2015学年 第1学期,59941,仙Ⅰ-104,0.0,否,,1,32,,0,0,自动控制理论,11,第9节-第10节,仙I区,18000920
48.0,400160,C语言程序设计与数据结构(20141-18001130-1),201411800113059975,,3,,100,"4-18周,6-18周,6-18周",0,"周余,王自强","4-18周 周二 第1节-第2节 图书馆126,6-18周 周二 第5节-第6节 ,6-18周 周二 第3节-第4节 ",3.0,电子科学与工程学院,否,,"周二,周二,周二",2014-2015-1,,201411800113059975,2014电子科学与工程学院电子信息类,0,仙林校区,2014-2015学年 第1学期,59975,"图书馆126,实验楼丙409;实验楼丙410,实验楼丙409;实验楼丙410",16.0,否,,,32,,0,0,C语言程序设计与数据结构,18,"第1节-第2节,第3节-第4节,第5节-第6节",图书馆,18001130
48.0,400160,C语言程序设计与数据结构(20141-18001130-2),201411800113059980,,3,,96,"4-18周,6-18周,6-18周",0,周余,"4-18周 周二 第1节-第2节 图书馆125,6-18周 周二 第7节-第8节 ,6-18周 周二 第5节-第6节 ",3.0,电子科学与工程学院,否,,"周二,周二,周二",2014-2015-1,,201411800113059980,2014电子科学与工程学院电子信息类,0,仙林校区,2014-2015学年 第1学期,59980,"无,实验楼丙409;实验楼丙410,实验楼丙409;实验楼丙410",16.0,否,,,32,,0,0,C语言程序设计与数据结构,,"第1节-第2节,第5节-第6节,第7节-第8节",,18001130
48.0,400160,微处理器与嵌入式系统(20141-18001140-1),201411800114059957,,3,,71,1-18周,0,彭成磊,1-18周 周二 第2节-第4节 仙Ⅱ-310,3.0,电子科学与工程学院,否,理论类课程,周二,2014-2015-1,,201411800114059957,"2012电子科学与工程学院电子信息科学与技术,2012电子科学与工程学院微电子学,2012电子科学与工程学院通信工程",0,仙林校区,2014-2015学年 第1学期,59957,仙Ⅱ-310,0.0,否,,1,48,,0,0,微处理器与嵌入式系统,12,第2节-第4节,仙II区,18001140
48.0,400160,微处理器与嵌入式系统(20141-18001140-2),201411800114059963,,3,,48,1-18周,0,方元,1-18周 周二 第5节-第7节 仙Ⅱ-310,3.0,电子科学与工程学院,否,理论类课程,周二,2014-2015-1,,201411800114059963,"2012电子科学与工程学院电子信息科学与技术,2012电子科学与工程学院微电子学,2012电子科学与工程学院通信工程",0,仙林校区,2014-2015学年 第1学期,59963,仙Ⅱ-310,0.0,否,,1,48,,0,0,微处理器与嵌入式系统,12,第5节-第7节,仙II区,18001140
48.0,400160,数字图像与数字视频处理(20141-18001160-1),201411800116059946,,3,,95,1-18周,0,"袁杰,李杨",1-18周 周一 第9节-第11节 仙Ⅰ-104,3.0,电子科学与工程学院,否,理论类课程,周一,2014-2015-1,,201411800116059946,"2012电子科学与工程学院电子信息科学与技术,2012电子科学与工程学院通信工程",0,仙林校区,2014-2015学年 第1学期,59946,仙Ⅰ-104,0.0,否,,1,48,,0,0,数字图像与数字视频处理,11,第9节-第11节,仙I区,18001160
16.0,400160,嵌入式系统实验(20141-18001170T-1),2014118001170T59959,,3,,40,3-18周,0,彭成磊,3-18周 周二 第5节-第6节 ,1.0,电子科学与工程学院,否,实验类课程,周二,2014-2015-1,,2014118001170T59959,"2012电子科学与工程学院电子信息科学与技术,2012电子科学与工程学院微电子学,2012电子科学与工程学院通信工程",0,仙林校区,2014-2015学年 第1学期,59959,实验楼丙413;实验楼丙418,16.0,否,,2,0,,0,0,嵌入式系统实验,,第5节-第6节,,18001170T
16.0,400160,嵌入式系统实验(20141-18001170T-2),2014118001170T59966,,3,,40,3-18周,0,方元,3-18周 周二 第3节-第4节 ,1.0,电子科学与工程学院,否,实验类课程,周二,2014-2015-1,,2014118001170T59966,"2012电子科学与工程学院电子信息科学与技术,2012电子科学与工程学院微电子学,2012电子科学与工程学院通信工程",0,仙林校区,2014-2015学年 第1学期,59966,实验楼丙413;实验楼丙418,16.0,否,,2,0,,0,0,嵌入式系统实验,,第3节-第4节,,18001170T
32.0,400160,数据库原理(20141-18001210G-1),2014118001210G60011,,3,,57,1-18周,0,"王健,朱怀宏",1-18周 周三 第3节-第4节 逸B-105,2.0,电子科学与工程学院,否,理论类课程,周三,2014-2015-1,,2014118001210G60011,"2011电子科学与工程学院电子信息科学与技术,2011电子科学与工程学院生物医学工程,2011电子科学与工程学院通信工程",0,仙林校区,2014-2015学年 第1学期,60011,逸B-105,0.0,否,,1,32,,0,0,数据库原理（七）,16,第3节-第4节,逸夫楼B区,18001210G
48.0,400160,计算机体系结构(20141-18010130-1),201411801013060015,,3,,9,1-18周,0,袁杰,1-18周 周二 第5节-第7节 仙Ⅱ-319,3.0,电子科学与工程学院,否,理论类课程,周二,2014-2015-1,,201411801013060015,2011电子科学与工程学院电子信息科学与技术,0,仙林校区,2014-2015学年 第1学期,60015,仙Ⅱ-319,0.0,否,,1,48,,0,0,计算机体系结构,12,第5节-第7节,仙II区,18010130
48.0,400160,信息论与编码(20141-18010310-1),201411801031060019,,3,,96,"1-18周,1-17周(单)",0,叶芝慧,"1-18周 周一 第3节-第4节 仙Ⅱ-504,1-17周(单) 周四 第5节-第6节 仙Ⅱ-405",3.0,电子科学与工程学院,否,理论类课程,"周一,周四",2014-2015-1,,201411801031060019,"2011电子科学与工程学院电子信息科学与技术,2011电子科学与工程学院微电子学,2011电子科学与工程学院生物医学工程,2011电子科学与工程学院通信工程",0,仙林校区,2014-2015学年 第1学期,60019,"仙Ⅱ-504,仙Ⅱ-405",0.0,否,,1,48,,0,0,信息论与编码,12,"第3节-第4节,第5节-第6节",仙II区,18010310
48.0,400160,电磁场理论与微波技术(20141-18010410-1),201411801041059908,,3,,98,1-18周,0,伍瑞新,1-18周 周一 第5节-第7节 仙Ⅱ-504,3.0,电子科学与工程学院,否,理论类课程,周一,2014-2015-1,,201411801041059908,"2012电子科学与工程学院电子信息科学与技术,2012电子科学与工程学院通信工程",0,仙林校区,2014-2015学年 第1学期,59908,仙Ⅱ-504,0.0,否,,1,48,,0,0,电磁场理论与微波技术,12,第5节-第7节,仙II区,18010410
48.0,400160,电磁场理论与微波技术(20141-18010410-2),201411801041059912,,3,,97,1-18周,0,冯一军,1-18周 周一 第5节-第7节 仙Ⅱ-505,3.0,电子科学与工程学院,否,理论类课程,周一,2014-2015-1,,201411801041059912,"2012电子科学与工程学院通信工程,2012电子科学与工程学院微电子学",0,仙林校区,2014-2015学年 第1学期,59912,仙Ⅱ-505,0.0,否,,1,48,,0,0,电磁场理论与微波技术,12,第5节-第7节,仙II区,18010410
32.0,400160,接口技术(20141-18010430-1),201411801043059990,,3,,153,1-18周,0,司峻峰,1-18周 周五 第3节-第4节 仙Ⅱ-122,2.0,电子科学与工程学院,否,理论类课程,周五,2014-2015-1,,201411801043059990,,0,仙林校区,2014-2015学年 第1学期,59990,仙Ⅱ-122,0.0,否,,1,32,,0,0,接口技术,12,第3节-第4节,仙II区,18010430
48.0,400160,C++与面向对象程序设计(20141-18010440-1),201411801044059947,,3,,100,"1-18周,1-18周,1-18周",0,于耀,"1-18周 周四 第1节-第2节 图书馆126,1-18周 周四 第7节-第8节 ,1-18周 周四 第3节-第4节 ",3.0,电子科学与工程学院,否,理论+实验课程,"周四,周四,周四",2014-2015-1,,201411801044059947,"2012电子科学与工程学院电子信息科学与技术,2012电子科学与工程学院通信工程",0,仙林校区,2014-2015学年 第1学期,59947,"图书馆126,实验楼丙409,实验楼丙409",32.0,否,,6,32,,0,0,C++与面向对象程序设计,18,"第1节-第2节,第3节-第4节,第7节-第8节",图书馆,18010440
16.0,400160,高频电路实验(20141-18010530-1),201411801053059917,,3,,16,1-9周,0,司峻峰,1-9周 周二 第1节-第4节 ,1.0,电子科学与工程学院,否,实验类课程,周二,2014-2015-1,,201411801053059917,2012电子科学与工程学院电子信息科学与技术,0,仙林校区,2014-2015学年 第1学期,59917,实验楼丙420,32.0,否,,2,0,,0,0,高频电路实验,,第1节-第4节,,18010530
16.0,400160,高频电路实验(20141-18010530-2),201411801053059927,,3,,20,1-9周,0,方晖,1-9周 周二 第5节-第8节 ,1.0,电子科学与工程学院,否,实验类课程,周二,2014-2015-1,,201411801053059927,2012电子科学与工程学院电子信息科学与技术,0,仙林校区,2014-2015学年 第1学期,59927,实验楼丙420,32.0,否,,2,0,,0,0,高频电路实验,,第5节-第8节,,18010530
16.0,400160,高频电路实验(20141-18010530-3),201411801053059932,,3,,29,1-9周,0,姜乃卓,1-9周 周二 第9节-第12节 ,1.0,电子科学与工程学院,否,实验类课程,周二,2014-2015-1,,201411801053059932,"2012电子科学与工程学院电子信息科学与技术,2012电子科学与工程学院通信工程",0,仙林校区,2014-2015学年 第1学期,59932,实验楼丙420,32.0,否,,2,0,,0,0,高频电路实验,,第9节-第12节,,18010530
16.0,400160,高频电路实验(20141-18010530-4),201411801053059936,,3,,18,1-9周,0,姜乃卓,1-9周 周三 第9节-第12节 ,1.0,电子科学与工程学院,否,实验类课程,周三,2014-2015-1,,201411801053059936,"2012电子科学与工程学院通信工程,2012电子科学与工程学院微电子学",0,仙林校区,2014-2015学年 第1学期,59936,实验楼丙420,32.0,否,,2,0,,0,0,高频电路实验,,第9节-第12节,,18010530
16.0,400160,高频电路实验(20141-18010530-4),201411801053060203,,3,,0,"1-9周,17周",0,,"1-9周,17周 周三 第9节-第12节 ",1.0,电子科学与工程学院,否,实验类课程,周三,2014-2015-1,,201411801053060203,,0,仙林校区,2014-2015学年 第1学期,60203,实验楼丙420,32.0,否,,2,0,,0,0,高频电路实验,,第9节-第12节,,18010530
32.0,400160,射频与微波电路设计(20141-18010630-1),201411801063060022,,3,,6,1-18周,0,陈平,1-18周 周二 第1节-第2节 仙Ⅱ-102,2.0,电子科学与工程学院,否,理论类课程,周二,2014-2015-1,,201411801063060022,"2011电子科学与工程学院电子信息科学与技术,2011电子科学与工程学院生物医学工程,2011电子科学与工程学院通信工程",0,仙林校区,2014-2015学年 第1学期,60022,仙Ⅱ-102,0.0,否,,1,34,,0,0,射频与微波电路设计,12,第1节-第2节,仙II区,18010630
32.0,400160,计算机工程制图(20141-18010930-1),201411801093059951,,3,,50,"1-18周,3-18周,3-18周",0,赵红,"1-18周 周五 第3节-第4节 仙Ⅰ-524,3-18周 周五 第7节-第8节 ,3-18周 周五 第5节-第6节 ",2.0,电子科学与工程学院,否,理论+实验课程,"周五,周五,周五",2014-2015-1,,201411801093059951,"2012电子科学与工程学院电子信息科学与技术,2012电子科学与工程学院微电子学,2012电子科学与工程学院通信工程",0,仙林校区,2014-2015学年 第1学期,59951,"仙Ⅰ-524,实验楼丙409;实验楼丙414,实验楼丙409;实验楼丙414",8.0,否,,6,32,,0,0,计算机工程制图,11,"第3节-第4节,第5节-第6节,第7节-第8节",仙I区,18010930
16.0,400160,开放实验(20141-18010940T-1),2014118010940T60001,,3,,123,1-18周,0,"陈瞻,高健,张丽敏,戚海峰,姜乃卓,司峻峰,郑江,张保平,方元",1-18周 自由时间 - ,1.0,电子科学与工程学院,否,实践类课程,自由时间,2014-2015-1,,2014118010940T60001,"2012电子科学与工程学院电子信息科学与技术,2012电子科学与工程学院微电子学,2012电子科学与工程学院通信工程",0,仙林校区,2014-2015学年 第1学期,60001,实验楼丙402;实验楼丙404;实验楼丙405;实验楼丙409;实验楼丙413;实验楼丙415,0.0,否,,3,0,,16,0,开放实验,,自由时间,,18010940T
32.0,400160,电机与控制实验(20141-18010950T-1),2014118010950T60026,,3,,11,1-18周,0,"沈一骑,张丽敏",1-18周 周三 第5节-第8节 ,2.0,电子科学与工程学院,否,,周三,2014-2015-1,,2014118010950T60026,"2011电子科学与工程学院电子信息科学与技术,2011电子科学与工程学院微电子学,2011电子科学与工程学院生物医学工程,2011电子科学与工程学院通信工程",0,仙林校区,2014-2015学年 第1学期,60026,实验楼丙410,,否,,,,,,0,电机与控制实验,,第5节-第8节,,18010950T
48.0,400160,数据通信(20141-18040130-1),201411804013059901,,3,,87,1-18周,0,"陈启美,李勃",1-18周 周三 第2节-第4节 图书馆125,3.0,电子科学与工程学院,否,理论类课程,周三,2014-2015-1,,201411804013059901,"2012电子科学与工程学院电子信息科学与技术,2012电子科学与工程学院微电子学,2012电子科学与工程学院通信工程",0,仙林校区,2014-2015学年 第1学期,59901,无,0.0,否,,1,51,,0,0,数据通信,,第2节-第4节,,18040130
16.0,400160,卫星通信(20141-18040340-1),201411804034060030,,3,,40,1-9周,0,赵康僆,1-9周 周四 第7节-第8节 仙Ⅱ-404,1.0,电子科学与工程学院,否,理论类课程,周四,2014-2015-1,,201411804034060030,"2011电子科学与工程学院电子信息科学与技术,2011电子科学与工程学院微电子学,2011电子科学与工程学院生物医学工程,2011电子科学与工程学院通信工程",0,仙林校区,2014-2015学年 第1学期,60030,仙Ⅱ-404,0.0,否,,1,32,,0,0,卫星通信,12,第7节-第8节,仙II区,18040340
32.0,400160,密码学与信息安全(20141-18041130-1),201411804113060012,,3,,102,1-18周,0,王健,1-18周 周三 第5节-第6节 仙Ⅱ-110,2.0,电子科学与工程学院,否,理论类课程,周三,2014-2015-1,,201411804113060012,"2012电子科学与工程学院电子信息科学与技术,2012电子科学与工程学院通信工程",0,仙林校区,2014-2015学年 第1学期,60012,仙Ⅱ-110,0.0,否,,1,32,,0,0,密码学与信息安全,12,第5节-第6节,仙II区,18041130
32.0,400160,现代通信网与系统(20141-18041230-1),201411804123060040,,3,,25,1-18周,0,叶芝慧,1-18周 周一 第5节-第6节 仙Ⅰ-204,2.0,电子科学与工程学院,否,理论类课程,周一,2014-2015-1,,201411804123060040,2011电子科学与工程学院通信工程,0,仙林校区,2014-2015学年 第1学期,60040,仙Ⅰ-204,0.0,否,,1,32,,0,0,现代通信网与系统,11,第5节-第6节,仙I区,18041230
48.0,400160,生物医学电子学(20141-18050110-1),201411805011060014,,3,,0,1-18周,0,陈颖,1-18周 周一 第5节-第7节 仙Ⅱ-211,3.0,电子科学与工程学院,否,理论类课程,周一,2014-2015-1,,201411805011060014,"2012电子科学与工程学院电子信息科学与技术,2012电子科学与工程学院微电子学,2012电子科学与工程学院通信工程",0,仙林校区,2014-2015学年 第1学期,60014,仙Ⅱ-211,0.0,否,,1,48,,0,0,生物医学电子学,12,第5节-第7节,仙II区,18050110
48.0,400160,医学成像原理(20141-18050310-1),201411805031060033,,3,,19,1-18周,0,葛云,1-18周 周三 第5节-第7节 仙Ⅱ-114,3.0,电子科学与工程学院,否,理论类课程,周三,2014-2015-1,,201411805031060033,"2011电子科学与工程学院电子信息科学与技术,2011电子科学与工程学院生物医学工程,2011电子科学与工程学院通信工程",0,仙林校区,2014-2015学年 第1学期,60033,仙Ⅱ-114,0.0,否,,1,48,,0,0,医学成像原理,12,第5节-第7节,仙II区,18050310
32.0,400160,医学仪器(20141-18050430-1),201411805043060037,,3,,21,1-18周,0,司峻峰,1-18周 周一 第1节-第2节 仙Ⅱ-102,2.0,电子科学与工程学院,否,理论类课程,周一,2014-2015-1,,201411805043060037,"2011电子科学与工程学院电子信息科学与技术,2011电子科学与工程学院生物医学工程,2011电子科学与工程学院通信工程",0,仙林校区,2014-2015学年 第1学期,60037,仙Ⅱ-102,0.0,否,,1,32,,0,0,医学仪器,12,第1节-第2节,仙II区,18050430
16.0,400160,电路分析实验(20141-18060090-1),201411806009058981,,3,,46,1-18周,0,"张丽敏,蒲殷",1-18周 周四 第1节-第2节 ,1.0,电子科学与工程学院,否,实验类课程,周四,2014-2015-1,,201411806009058981,"2013现代工程与应用科学学院材料物理,2013现代工程与应用科学学院生物医学工程,2013现代工程与应用科学学院新能源科学与工程,2013现代工程与应用科学学院光电信息科学与工程,2013现代工程与应用科学学院材料化学",0,仙林校区,2014-2015学年 第1学期,58981,丙410,32.0,否,,2,0,,0,0,电路分析实验,,第1节-第2节,,18060090
16.0,400160,电路分析实验(20141-18060090-2),201411806009060164,,3,,44,1-18周,0,"张丽敏,蒲殷",1-18周 周四 第3节-第4节 ,1.0,电子科学与工程学院,否,实验类课程,周四,2014-2015-1,,201411806009060164,"2013现代工程与应用科学学院材料物理,2013现代工程与应用科学学院生物医学工程,2013现代工程与应用科学学院新能源科学与工程,2013现代工程与应用科学学院光电信息科学与工程,2013现代工程与应用科学学院材料化学",0,仙林校区,2014-2015学年 第1学期,60164,丙410,32.0,否,,2,0,,0,0,电路分析实验,,第3节-第4节,,18060090
16.0,400160,电路分析实验(20141-18060090-3),201411806009060165,,3,,42,1-18周,0,陈平,1-18周 周四 第5节-第6节 ,1.0,电子科学与工程学院,否,实验类课程,周四,2014-2015-1,,201411806009060165,"2013现代工程与应用科学学院材料物理,2013现代工程与应用科学学院生物医学工程,2013现代工程与应用科学学院新能源科学与工程,2013现代工程与应用科学学院光电信息科学与工程,2013现代工程与应用科学学院材料化学",0,仙林校区,2014-2015学年 第1学期,60165,丙410,32.0,否,,2,0,,0,0,电路分析实验,,第5节-第6节,,18060090
16.0,400160,电路分析实验(20141-18060090-4),201411806009060166,,3,,16,1-18周,0,陈平,1-18周 周四 第7节-第8节 ,1.0,电子科学与工程学院,否,实验类课程,周四,2014-2015-1,,201411806009060166,"2012现代工程与应用科学学院生物医学工程,2013现代工程与应用科学学院生物医学工程,2013现代工程与应用科学学院新能源科学与工程,2013现代工程与应用科学学院光电信息科学与工程,2013现代工程与应用科学学院材料化学,2013现代工程与应用科学学院材料物理",0,仙林校区,2014-2015学年 第1学期,60166,丙410,32.0,否,,2,0,,0,0,电路分析实验,,第7节-第8节,,18060090
64.0,400160,电子电路基础(20141-18060100-1),201411806010058975,,3,,61,"1-18周,1-18周",0,何爱军,"1-18周 周二 第3节-第4节 仙Ⅰ-203,1-18周 周四 第3节-第4节 仙Ⅰ-203",4.0,电子科学与工程学院,否,理论类课程,"周二,周四",2014-2015-1,,201411806010058975,2012天文与空间科学学院天文学,0,仙林校区,2014-2015学年 第1学期,58975,"仙Ⅰ-203,仙Ⅰ-203",0.0,否,,1,64,,0,0,电子电路基础,11,"第3节-第4节,第3节-第4节",仙I区,18060100
64.0,400160,半导体物理(20141-18060140-1),201411806014060035,,3,,68,"3-18周,3-18周",0,"刘斌,徐骏","3-18周 周五 第3节-第4节 仙Ⅰ-204,3-18周 周三 第7节-第8节 仙Ⅰ-204",4.0,电子科学与工程学院,否,理论类课程,"周三,周五",2014-2015-1,,201411806014060035,2012电子科学与工程学院微电子学,0,仙林校区,2014-2015学年 第1学期,60035,"仙Ⅰ-204,仙Ⅰ-204",0.0,否,,1,64,,0,0,半导体物理,11,"第7节-第8节,第3节-第4节",仙I区,18060140
32.0,400160,固体物理导论(20141-18060150-1),201411806015060039,,3,,48,"1-9周,1-9周",0,"万青,王欣然","1-9周 周一 第1节-第2节 仙Ⅰ-101,1-9周 周四 第1节-第2节 仙Ⅰ-101",2.0,电子科学与工程学院,否,理论类课程,"周四,周一",2014-2015-1,,201411806015060039,2012电子科学与工程学院微电子学,0,仙林校区,2014-2015学年 第1学期,60039,"仙Ⅰ-101,仙Ⅰ-101",0.0,否,,1,32,,0,0,固体物理导论,11,"第1节-第2节,第1节-第2节",仙I区,18060150
16.0,400160,数字系统实践(20141-18060160-1),201411806016060017,,3,,33,10-18周,0,"高健,陈瞻,戚海峰",10-18周 周三 第1节-第4节 ,1.0,电子科学与工程学院,否,实验类课程,周三,2014-2015-1,,201411806016060017,"2012电子科学与工程学院电子信息科学与技术,2012电子科学与工程学院微电子学,2012电子科学与工程学院通信工程",0,仙林校区,2014-2015学年 第1学期,60017,实验楼丙402;实验楼丙405;实验楼丙415,32.0,否,,2,0,,0,0,数字系统实践,,第1节-第4节,,18060160
16.0,400160,数字系统实践(20141-18060160-2),201411806016061341,,3,,22,10-18周,0,戚海峰,10-18周 周一 第1节-第4节 ,1.0,电子科学与工程学院,否,实验类课程,周一,2014-2015-1,,201411806016061341,"2012电子科学与工程学院电子信息科学与技术,2012电子科学与工程学院微电子学,2012电子科学与工程学院通信工程",0,仙林校区,2014-2015学年 第1学期,61341,基础实验楼丙415,32.0,否,,2,0,,0,0,数字系统实践,,第1节-第4节,,18060160
32.0,400160,大学化学(20141-18060170-1),201411806017060042,,3,,50,"10-18周,10-18周",0,潘力佳,"10-18周 周一 第3节-第4节 仙Ⅰ-103,10-18周 周四 第7节-第8节 仙Ⅰ-103",2.0,电子科学与工程学院,否,理论类课程,"周四,周一",2014-2015-1,,201411806017060042,2012电子科学与工程学院微电子学,0,仙林校区,2014-2015学年 第1学期,60042,"仙Ⅰ-103,仙Ⅰ-103",0.0,否,,1,32,,0,0,大学化学,11,"第7节-第8节,第3节-第4节",仙I区,18060170
16.0,400160,微电子与光电子前沿讲座(20141-18060180-1),201411806018060041,,3,,49,1-18周,0,"陈敦军,施毅",1-18周 周五 第5节-第6节 仙Ⅰ-107,1.0,电子科学与工程学院,否,理论类课程,周五,2014-2015-1,,201411806018060041,2011电子科学与工程学院微电子学,0,仙林校区,2014-2015学年 第1学期,60041,仙Ⅰ-107,0.0,否,,1,16,,0,0,微电子与光电子前沿讲座,11,第5节-第6节,仙I区,18060180
32.0,400160,宽禁带半导体(20141-18060190-1),201411806019060043,,3,,13,1-18周,0,顾书林,1-18周 周三 第3节-第4节 仙Ⅱ-102,2.0,电子科学与工程学院,否,理论类课程,周三,2014-2015-1,,201411806019060043,2011电子科学与工程学院微电子学,0,仙林校区,2014-2015学年 第1学期,60043,仙Ⅱ-102,0.0,否,,1,30,,0,0,宽禁带半导体,12,第3节-第4节,仙II区,18060190
32.0,400160,真空技术和薄膜材料基础(20141-18060200-1),201411806020060076,,3,,16,1-18周,0,"王军转,余林蔚",1-18周 周五 第1节-第2节 仙Ⅰ-101,2.0,电子科学与工程学院,否,理论+实验课程,周五,2014-2015-1,,201411806020060076,2011电子科学与工程学院微电子学,0,仙林校区,2014-2015学年 第1学期,60076,仙Ⅰ-101,2.0,否,,6,32,,0,0,真空技术和薄膜材料基础,11,第1节-第2节,仙I区,18060200
32.0,400160,集成电路可靠性与失效分析(20141-18060210G-1),2014118060210G60044,,3,,15,1-18周,0,纪小丽,1-18周 周五 第3节-第4节 仙Ⅰ-101,2.0,电子科学与工程学院,否,,周五,2014-2015-1,,2014118060210G60044,2011电子科学与工程学院微电子学,0,仙林校区,2014-2015学年 第1学期,60044,仙Ⅰ-101,,否,,,,,,0,集成电路可靠性与失效分析（七）,11,第3节-第4节,仙I区,18060210G
16.0,400160,信息电子学前沿实验II(20141-18080020T-1),2014118080020T60025,,3,,61,2-18周,0,"于耀,唐东明,朱博,冯一军,陈健,袁杰,陈鹏,闫锋,沙金,周余,曹汛,黄晓林,陆海,刘红星,潘红兵,陈敦军,谢自力,杨燚,王元庆,韩平,纪小丽,许伟伟",2-18周 周五 第5节-第7节 ,1.0,电子科学与工程学院,否,实验类课程,周五,2014-2015-1,,2014118080020T60025,"2012电子科学与工程学院电子信息科学与技术,2012电子科学与工程学院微电子学,2012电子科学与工程学院通信工程",0,仙林校区,2014-2015学年 第1学期,60025,见备注栏  联系人：杨燚老师（13814542921，malab@nju.edu.cn）。,53.0,否,,2,0,,0,0,信息电子学前沿实验II,,第5节-第7节,,18080020T
64.0,400160,微电子封装技术(20141-18080040-1),201321808004060053,,3,,31,,0,周玉刚, 自由时间 - ,4.0,电子科学与工程学院,否,理论+实践课程,自由时间,2014-2015-1,,201321808004060053,"2012电子科学与工程学院电子信息科学与技术,2012电子科学与工程学院微电子学,2012电子科学与工程学院通信工程",0,仙林校区,2014-2015学年 第1学期,60053,学生实践基地（江苏长电）,0.0,否,,5,40,,40,0,微电子封装技术,,自由时间,,18080040
48.0,400160,微电子与电路基础(20141-18090030-1),201411809003058976,,3,,24,4-18周,0,姜田,4-18周 周四 第5节-第7节 仙Ⅱ-412,3.0,电子科学与工程学院,否,理论类课程,周四,2014-2015-1,,201411809003058976,,0,仙林校区,2014-2015学年 第1学期,58976,仙Ⅱ-412,0.0,否,,1,48,,0,0,微电子与电路基础,12,第5节-第7节,仙II区,18090030
16.0,400160,电路分析实验(20141-18090060T-1),2014118090060T58979,,3,,33,1-18周,0,沈一骑,1-18周 周三 第1节-第2节 ,1.0,电子科学与工程学院,否,实验类课程,周三,2014-2015-1,,2014118090060T58979,"2012天文与空间科学学院空间科学与技术,2013工程管理学院电气信息类",0,仙林校区,2014-2015学年 第1学期,58979,丙410,32.0,否,,2,0,,0,0,电路分析实验,,第1节-第2节,,18090060T
16.0,400160,电路分析实验(20141-18090060T-2),2014118090060T60156,,3,,26,1-18周,0,沈一骑,1-18周 周三 第3节-第4节 ,1.0,电子科学与工程学院,否,实验类课程,周三,2014-2015-1,,2014118090060T60156,2013工程管理学院电气信息类,0,仙林校区,2014-2015学年 第1学期,60156,丙410,32.0,否,,2,0,,0,0,电路分析实验,,第3节-第4节,,18090060T
32.0,400160,数字电路实验(20141-18090070T-1),2014118090070T58978,,1,,40,1-18周,0,郑江,1-18周 周二 第7节-第9节 ,2.0,电子科学与工程学院,否,实验类课程,周二,2014-2015-1,,2014118090070T58978,,0,鼓楼校区,2014-2015学年 第1学期,58978,鼓楼西南楼224,51.0,否,,2,0,,0,0,数字电路实验,,第7节-第9节,,18090070T
32.0,400160,数字电路实验(20141-18090070T-2),2014118090070T60154,,1,,43,1-18周,0,郑江,1-18周 周二 第10节-第12节 ,2.0,电子科学与工程学院,否,实验类课程,周二,2014-2015-1,,2014118090070T60154,,0,鼓楼校区,2014-2015学年 第1学期,60154,鼓楼西南楼224,51.0,否,,2,0,,0,0,数字电路实验,,第10节-第12节,,18090070T
32.0,400170,力学(20141-19000100A-1),2014119000100A59642,,3,,82,4-18周,0,周剑峰,4-18周 周一 第2节-第4节 逸A-416,2.0,现代工程与应用科学学院,否,理论类课程,周一,2014-2015-1,,2014119000100A59642,2014现代工程与应用科学学院材料类,0,仙林校区,2014-2015学年 第1学期,59642,逸A-416,0.0,否,,1,32,,0,0,力学,15,第2节-第4节,逸夫楼A区,19000100A
32.0,400170,力学(20141-19000100A-2),2014119000100A59648,,3,,77,4-18周,0,夏奕东,4-18周 周一 第5节-第7节 逸A-416,2.0,现代工程与应用科学学院,否,理论类课程,周一,2014-2015-1,,2014119000100A59648,2014现代工程与应用科学学院材料类,0,仙林校区,2014-2015学年 第1学期,59648,逸A-416,0.0,否,,1,32,,0,0,力学,15,第5节-第7节,逸夫楼A区,19000100A
32.0,400170,光学(20141-19000100D-1),2014119000100D59703,,3,,83,1-18周,0,"徐飞,姜校顺",1-18周 周二 第5节-第6节 逸B-104,2.0,现代工程与应用科学学院,否,理论类课程,周二,2014-2015-1,,2014119000100D59703,"2013现代工程与应用科学学院材料物理,2013现代工程与应用科学学院材料化学",0,仙林校区,2014-2015学年 第1学期,59703,逸B-104,0.0,否,,1,32,,0,0,光学,16,第5节-第6节,逸夫楼B区,19000100D
32.0,400170,光学(20141-19000100D-1),2014119000100D60189,,3,,56,1-18周,0,张学进,1-18周 周二 第5节-第6节 逸B-304,2.0,现代工程与应用科学学院,否,理论类课程,周二,2014-2015-1,,2014119000100D60189,"2013现代工程与应用科学学院光电信息科学与工程,2013现代工程与应用科学学院生物医学工程,2013现代工程与应用科学学院新能源科学与工程",0,仙林校区,2014-2015学年 第1学期,60189,逸B-304,0.0,否,,1,32,,0,0,光学,16,第5节-第6节,逸夫楼B区,19000100D
48.0,400170,理论物理[Ⅱ]量子力学,201411900016060193,,3,,104,1-18周,0,邢钟文,1-18周 周二 第5节-第7节 仙Ⅱ-305,3.0,现代工程与应用科学学院,否,理论类课程,周二,2014-2015-1,,201411900016060193,"2012现代工程与应用科学学院材料物理,2012现代工程与应用科学学院材料化学",0,仙林校区,2014-2015学年 第1学期,60193,仙Ⅱ-305,0.0,否,,1,48,,0,0,理论物理[Ⅱ]量子力学,12,第5节-第7节,仙II区,19000160
48.0,400170,理论物理[Ⅲ]电动力学,201411900017060224,,3,,81,1-18周,0,李涛,1-18周 周四 第5节-第7节 仙Ⅰ-524,3.0,现代工程与应用科学学院,否,理论类课程,周四,2014-2015-1,,201411900017060224,"2012现代工程与应用科学学院材料物理,2012现代工程与应用科学学院材料化学",0,仙林校区,2014-2015学年 第1学期,60224,仙Ⅰ-524,0.0,否,,1,48,,0,0,理论物理[Ⅲ]电动力学,11,第5节-第7节,仙I区,19000170
64.0,400170,材料表征(20141-19001310-1),201411900131060194,,1,,153,"1-18周,1-18周",0,吴迪,"1-18周 周三 第3节-第4节 教121,1-18周 周五 第3节-第4节 教121",4.0,现代工程与应用科学学院,否,理论类课程,"周三,周五",2014-2015-1,,201411900131060194,"2011现代工程与应用科学学院材料物理,2011现代工程与应用科学学院材料化学",0,鼓楼校区,2014-2015学年 第1学期,60194,"教121,教121",0.0,否,,1,64,,0,0,材料表征,1,"第3节-第4节,第3节-第4节",教学楼,19001310
32.0,400170,材料物理（二）(20141-19001320B-1),2014119001320B60195,,1,,102,1-18周,0,"陈延峰,卢明辉,周健",1-18周 周四 第2节-第4节 馆1-307,2.0,现代工程与应用科学学院,否,理论类课程,周四,2014-2015-1,,2014119001320B60195,2011现代工程与应用科学学院材料物理,0,鼓楼校区,2014-2015学年 第1学期,60195,馆1-307,0.0,否,,1,48,,0,0,材料物理（二）,8,第2节-第4节,逸夫馆,19001320B
32.0,400170,光电功能材料(20141-19001360-1),201411900136060226,,3,,76,1-18周,0,胡伟,1-18周 周三 第3节-第4节 仙Ⅱ-505,2.0,现代工程与应用科学学院,否,理论类课程,周三,2014-2015-1,,201411900136060226,"2012现代工程与应用科学学院材料物理,2012现代工程与应用科学学院生物医学工程,2012现代工程与应用科学学院新能源科学与工程,2012现代工程与应用科学学院材料化学",0,仙林校区,2014-2015学年 第1学期,60226,仙Ⅱ-505,0.0,否,,1,32,,0,0,光电功能材料,12,第3节-第4节,仙II区,19001360
32.0,400170,材料科学前沿(20141-19001370-1),201411900137060333,,1,,45,1-18周,0,Scott A. Chambers,1-18周 周五 第5节-第7节 ,2.0,现代工程与应用科学学院,否,理论类课程,周五,2014-2015-1,,201411900137060333,"2011现代工程与应用科学学院材料物理,2011现代工程与应用科学学院材料化学",0,鼓楼校区,2014-2015学年 第1学期,60333,科学楼902,0.0,否,,1,32,,0,0,材料科学前沿,,第5节-第7节,,19001370
32.0,400170,半导体物理学(20141-19001380-1),201411900138060331,,1,,32,1-18周,0,殷江,1-18周 周五 第1节-第2节 ,2.0,现代工程与应用科学学院,否,理论类课程,周五,2014-2015-1,,201411900138060331,"2011现代工程与应用科学学院材料物理,2011现代工程与应用科学学院材料化学",0,鼓楼校区,2014-2015学年 第1学期,60331,科学楼902,0.0,否,,1,32,,0,0,半导体物理学,,第1节-第2节,,19001380
32.0,400170,材料物理实验(20141-19001410-1),201411900141060329,,1,,102,1-18周,0,张善涛,1-18周 周二 第5节-第8节 ,2.0,现代工程与应用科学学院,否,实验类课程,周二,2014-2015-1,,201411900141060329,2011现代工程与应用科学学院材料物理,0,鼓楼校区,2014-2015学年 第1学期,60329,科技馆4楼,80.0,否,,2,0,,0,0,材料物理实验,,第5节-第8节,,19001410
32.0,400170,材料热力学与动力学(20141-19001450-1),201411900145060332,,1,,9,1-18周,0,闫世成,1-18周 周二 第1节-第2节 ,2.0,现代工程与应用科学学院,否,理论类课程,周二,2014-2015-1,,201411900145060332,"2011现代工程与应用科学学院材料物理,2011现代工程与应用科学学院材料化学",0,鼓楼校区,2014-2015学年 第1学期,60332,科学楼902,0.0,否,,1,32,,0,0,材料热力学与动力学,,第1节-第2节,,19001450
48.0,400170,材料有机化学(20141-19002260-1),201411900226060187,,3,,106,"1-18周,1-17周(单)",0,胡勇,"1-18周 周一 第5节-第6节 仙Ⅱ-405,1-17周(单) 周三 第7节-第8节 仙Ⅱ-405",3.0,现代工程与应用科学学院,否,理论类课程,"周一,周三",2014-2015-1,,201411900226060187,"2013现代工程与应用科学学院材料物理,2013现代工程与应用科学学院生物医学工程,2013现代工程与应用科学学院新能源科学与工程,2013现代工程与应用科学学院材料化学",0,仙林校区,2014-2015学年 第1学期,60187,"仙Ⅱ-405,仙Ⅱ-405",0.0,否,,1,48,,0,0,材料有机化学,12,"第5节-第6节,第7节-第8节",仙II区,19002260
64.0,400170,高分子材料科学(20141-19002280-1),201411900228060229,,3,,53,"1-18周,1-18周",0,张弢,"1-18周 周二 第3节-第4节 仙Ⅱ-505,1-18周 周五 第3节-第4节 仙Ⅱ-504",4.0,现代工程与应用科学学院,否,理论类课程,"周二,周五",2014-2015-1,,201411900228060229,"2012现代工程与应用科学学院材料物理,2012现代工程与应用科学学院生物医学工程,2012现代工程与应用科学学院新能源科学与工程,2012现代工程与应用科学学院材料化学",0,仙林校区,2014-2015学年 第1学期,60229,"仙Ⅱ-505,仙Ⅱ-504",0.0,否,,1,64,,0,0,高分子材料科学,12,"第3节-第4节,第3节-第4节",仙II区,19002280
64.0,400170,材料科学与工程基础(20141-19002300-1),201411900230060185,,3,,116,"1-18周,1-18周",0,李朝升,"1-18周 周三 第5节-第6节 仙Ⅱ-207,1-18周 周一 第7节-第8节 仙Ⅱ-207",4.0,现代工程与应用科学学院,否,理论类课程,"周一,周三",2014-2015-1,,201411900230060185,"2012现代工程与应用科学学院新能源科学与工程,2013现代工程与应用科学学院材料化学,2013现代工程与应用科学学院材料物理",0,仙林校区,2014-2015学年 第1学期,60185,"仙Ⅱ-207,仙Ⅱ-207",0.0,否,,1,64,,0,0,材料科学与工程基础,12,"第7节-第8节,第5节-第6节",仙II区,19002300
64.0,400170,材料化学(20141-19002380-1),201411900238060334,,1,,51,"1-18周,1-18周",0,唐月锋,"1-18周 周一 第3节-第4节 教103,1-18周 周四 第3节-第4节 教103",4.0,现代工程与应用科学学院,否,理论类课程,"周一,周四",2014-2015-1,,201411900238060334,2011现代工程与应用科学学院材料化学,0,鼓楼校区,2014-2015学年 第1学期,60334,"教103,教103",0.0,否,,1,64,,0,0,材料化学,1,"第3节-第4节,第3节-第4节",教学楼,19002380
32.0,400170,材料化学实验(20141-19002420-1),201411900242060335,,1,,51,1-18周,0,张善涛,1-18周 周三 第5节-第8节 ,2.0,现代工程与应用科学学院,否,实验类课程,周三,2014-2015-1,,201411900242060335,2011现代工程与应用科学学院材料化学,0,鼓楼校区,2014-2015学年 第1学期,60335,科技馆4楼,80.0,否,,2,0,,0,0,材料化学实验,,第5节-第8节,,19002420
32.0,400170,电磁学(20141-19002430-1),201411900243060186,,3,,155,"2-18周(双),1-18周",0,"秦亦强,苏为宁","1-18周 周五 第5节-第6节 仙Ⅰ-319,2-18周(双) 周二 第7节-第8节 仙Ⅰ-319",2.0,现代工程与应用科学学院,否,理论类课程,"周二,周五",2014-2015-1,,201411900243060186,"2013现代工程与应用科学学院材料物理,2013现代工程与应用科学学院生物医学工程,2013现代工程与应用科学学院新能源科学与工程,2013现代工程与应用科学学院光电信息科学与工程,2013现代工程与应用科学学院材料化学",0,仙林校区,2014-2015学年 第1学期,60186,"仙Ⅰ-319,仙Ⅰ-319",0.0,否,,1,32,,0,0,电磁学,11,"第7节-第8节,第5节-第6节",仙I区,19002430
48.0,400170,能源科学与工程概论(20141-19002440-1),201411900244060190,,3,,19,"1-18周,1-18周",0,何平,"1-18周 周五 第1节-第2节 逸C-205,1-18周 周三 第3节-第4节 逸C-205",3.0,现代工程与应用科学学院,否,理论类课程,"周三,周五",2014-2015-1,,201411900244060190,2013现代工程与应用科学学院新能源科学与工程,0,仙林校区,2014-2015学年 第1学期,60190,"逸C-205,逸C-205",0.0,否,,1,64,,0,0,能源科学与工程概论,17,"第3节-第4节,第1节-第2节",逸夫楼C区,19002440
48.0,400170,生物医学工程导论(20141-19002450-1),201411900245059571,,3,,17,"1-18周,1-17周(单)",0,阮刚,"1-18周 周一 第3节-第4节 逸B-305,1-17周(单) 周三 第5节-第6节 逸B-305",3.0,现代工程与应用科学学院,否,理论类课程,"周一,周三",2014-2015-1,,201411900245059571,"2012电子科学与工程学院生物医学工程,2013现代工程与应用科学学院生物医学工程",0,仙林校区,2014-2015学年 第1学期,59571,"逸B-305,逸B-305",0.0,否,,1,48,,0,0,生物医学工程导论,16,"第3节-第4节,第5节-第6节",逸夫楼B区,19002450
48.0,400170,Problem Based Learning(20141-19002460-1),201411900246060191,,3,,9,"1-18周,2-18周(双)",0,王毅庆,"2-18周(双) 周三 第5节-第6节 逸C-203,1-18周 周一 第7节-第8节 逸C-203",3.0,现代工程与应用科学学院,否,理论类课程,"周一,周三",2014-2015-1,,201411900246060191,2013现代工程与应用科学学院生物医学工程,0,仙林校区,2014-2015学年 第1学期,60191,"逸C-203,逸C-203",0.0,否,,1,48,,0,0,Problem Based Learning,17,"第7节-第8节,第5节-第6节",逸夫楼C区,19002460
48.0,400170,Problem Based Learning(20141-19002460-2),201411900246060192,,3,,8,"1-18周,2-18周(双)",0,铁祚庥,"2-18周(双) 周三 第5节-第6节 逸C-202,1-18周 周一 第7节-第8节 逸C-202",3.0,现代工程与应用科学学院,否,理论类课程,"周一,周三",2014-2015-1,,201411900246060192,2013现代工程与应用科学学院生物医学工程,0,仙林校区,2014-2015学年 第1学期,60192,"逸C-202,逸C-202",0.0,否,,1,48,,0,0,Problem Based Learning,17,"第7节-第8节,第5节-第6节",逸夫楼C区,19002460
48.0,400170,高等光学（一）(20141-19002530A-1),2014119002530A60315,,3,,19,1-18周,0,"姜校顺,张利剑",1-18周 周二 第2节-第4节 逸B-209,3.0,现代工程与应用科学学院,否,理论类课程,周二,2014-2015-1,,2014119002530A60315,,0,仙林校区,2014-2015学年 第1学期,60315,逸B-209,0.0,否,,1,48,,0,0,高等光学（一）,16,第2节-第4节,逸夫楼B区,19002530A
32.0,400170,二次电池技术概论(20141-19002570-1),201411900257060317,,3,,22,1-18周,0,"张会刚,周豪慎",1-18周 周五 第5节-第6节 逸C-105,2.0,现代工程与应用科学学院,否,理论类课程,周五,2014-2015-1,,201411900257060317,2012现代工程与应用科学学院新能源科学与工程,0,仙林校区,2014-2015学年 第1学期,60317,逸C-105,0.0,否,,1,32,,0,0,二次电池技术概论,17,第5节-第6节,逸夫楼C区,19002570
48.0,400170,电化学(20141-19002730-1),201411900273060320,,3,,21,1-18周,0,高峰,1-18周 周二 第5节-第7节 逸C-105,3.0,现代工程与应用科学学院,否,理论类课程,周二,2014-2015-1,,201411900273060320,2012现代工程与应用科学学院新能源科学与工程,0,仙林校区,2014-2015学年 第1学期,60320,逸C-105,0.0,否,,1,48,,0,0,电化学,17,第5节-第7节,逸夫楼C区,19002730
48.0,400170,能量转换与存储原理(20141-19002740-1),201411900274060316,,3,,26,"1-18周,1-18周",0,朱嘉,"1-18周 周一 第3节-第4节 仙Ⅱ-317,1-18周 周四 第3节-第4节 仙Ⅱ-319",3.0,现代工程与应用科学学院,否,理论类课程,"周一,周四",2014-2015-1,,201411900274060316,2012现代工程与应用科学学院新能源科学与工程,0,仙林校区,2014-2015学年 第1学期,60316,"仙Ⅱ-317,仙Ⅱ-319",0.0,否,,1,64,,0,0,能量转换与存储原理,12,"第3节-第4节,第3节-第4节",仙II区,19002740
48.0,400170,分子工程与纳米医学(20141-19002810-1),201411900281060328,,3,,16,1-18周,0,宁兴海,1-18周 周一 第2节-第4节 逸C-104,3.0,现代工程与应用科学学院,否,理论类课程,周一,2014-2015-1,,201411900281060328,2012现代工程与应用科学学院生物医学工程,0,仙林校区,2014-2015学年 第1学期,60328,逸C-104,0.0,否,,1,48,,0,0,分子工程与纳米医学,17,第2节-第4节,逸夫楼C区,19002810
48.0,400180,普通生态学(20141-20000020-1),201412000002060093,,3,,139,4-18周,0,陈良燕,4-18周 周一 第5节-第7节 环科楼B-111,3.0,环境学院,否,理论类课程,周一,2014-2015-1,,201412000002060093,,0,仙林校区,2014-2015学年 第1学期,60093,环科楼B-111,0.0,否,,1,48,,0,0,普通生态学,111,第5节-第7节,环科楼,20000020
48.0,400180,环境工程实验（一）(20141-20030020A-1),2014120030020A60296,,3,,32,1-18周,0,"王津南,丁原红",1-18周 周一 第5节-第10节 ,3.0,环境学院,否,,周一,2014-2015-1,,2014120030020A60296,2012环境学院环境工程,0,仙林校区,2014-2015学年 第1学期,60296,环A-120、124,,否,,,,,,0,环境工程实验（一）,,第5节-第10节,,20030020A
32.0,400180,水污染控制工程A-饮用水(20141-20030030-1),201412003003060298,,3,,33,1-18周,0,"潘丙才,吴军",1-18周 周二 第3节-第4节 环科楼B-101,2.0,环境学院,否,理论类课程,周二,2014-2015-1,,201412003003060298,2012环境学院环境工程,0,仙林校区,2014-2015学年 第1学期,60298,环科楼B-101,0.0,否,,1,32,,0,0,水污染控制工程A-饮用水,111,第3节-第4节,环科楼,20030030
32.0,400180,水污染控制工程C-生化处理(20141-20030050-1),201412003005060464,,3,,38,1-18周,0,"任洪强,耿金菊",1-18周 周一 第3节-第4节 环科楼B-103,2.0,环境学院,否,理论类课程,周一,2014-2015-1,,201412003005060464,2011环境学院环境工程,0,仙林校区,2014-2015学年 第1学期,60464,环科楼B-103,0.0,否,,1,32,,0,0,水污染控制工程C-生化处理,111,第3节-第4节,环科楼,20030050
32.0,400180,固体废弃物处理处置工程(20141-20030070-1),201412003007060466,,3,,39,1-18周,0,"李琴,翟建平",1-18周 周三 第3节-第4节 环科楼B-103,2.0,环境学院,否,理论类课程,周三,2014-2015-1,,201412003007060466,2011环境学院环境工程,0,仙林校区,2014-2015学年 第1学期,60466,环科楼B-103,0.0,否,,1,32,,0,0,固体废弃物处理处置工程,111,第3节-第4节,环科楼,20030070
32.0,400180,物理性污染控制(20141-20030080-1),201412003008060467,,3,,38,1-18周,0,周庆,1-18周 周五 第3节-第4节 环科楼B-103,2.0,环境学院,否,理论类课程,周五,2014-2015-1,,201412003008060467,2011环境学院环境工程,0,仙林校区,2014-2015学年 第1学期,60467,环科楼B-103,0.0,否,,1,32,,0,0,物理性污染控制,111,第3节-第4节,环科楼,20030080
32.0,400180,物理化学(20141-20030120-1),201412003012060300,,3,,32,1-18周,0,张炜铭,1-18周 周三 第3节-第4节 环科楼B-101,2.0,环境学院,否,理论类课程,周三,2014-2015-1,,201412003012060300,2012环境学院环境工程,0,仙林校区,2014-2015学年 第1学期,60300,环科楼B-101,0.0,否,,1,32,,0,0,物理化学,111,第3节-第4节,环科楼,20030120
32.0,400180,工程力学(20141-20030130-1),201412003013060319,,3,,48,1-18周,0,张晓春,1-18周 周三 第5节-第6节 环科楼B-106,2.0,环境学院,否,理论类课程,周三,2014-2015-1,,201412003013060319,2013环境学院环境工程,0,仙林校区,2014-2015学年 第1学期,60319,环科楼B-106,0.0,否,,1,32,,0,0,工程力学,111,第5节-第6节,环科楼,20030130
64.0,400180,环境工程施工、设计(20141-20030170-1),201412003017060514,,3,,34,"1-18周,1-18周",0,"韩永忠,刘福强","1-18周 周二 第3节-第4节 环科楼B-103,1-18周 周四 第3节-第4节 环科楼B-103",4.0,环境学院,否,理论类课程,"周二,周四",2014-2015-1,,201412003017060514,2011环境学院环境工程,0,仙林校区,2014-2015学年 第1学期,60514,"环科楼B-103,环科楼B-103",0.0,否,,1,64,,0,0,环境工程施工、设计,111,"第3节-第4节,第3节-第4节",环科楼,20030170
64.0,400180,给水排水(20141-20030180-1),201412003018060219,,3,,43,1-18周,0,"李睿华,吴军",1-18周 周四 第5节-第6节 环科楼B-106,4.0,环境学院,否,理论类课程,周四,2014-2015-1,,201412003018060219,2013环境学院环境工程,0,仙林校区,2014-2015学年 第1学期,60219,环科楼B-106,0.0,否,,1,64,,0,0,给水排水,111,第5节-第6节,环科楼,20030180
32.0,400180,生态工程(20141-20030200-1),201412003020060301,,3,,30,1-18周,0,李正魁,1-18周 周三 第5节-第6节 环科楼B-101,2.0,环境学院,否,理论类课程,周三,2014-2015-1,,201412003020060301,2012环境学院环境工程,0,仙林校区,2014-2015学年 第1学期,60301,环科楼B-101,0.0,否,,1,32,,0,0,生态工程,111,第5节-第6节,环科楼,20030200
32.0,400180,化工原理(20141-20030240-1),201412003024060407,,3,,43,1-18周,0,龙超,1-18周 周一 第5节-第6节 环科楼B-106,2.0,环境学院,否,理论类课程,周一,2014-2015-1,,201412003024060407,2013环境学院环境工程,0,仙林校区,2014-2015学年 第1学期,60407,环科楼B-106,0.0,否,,1,32,,0,0,化工原理,111,第5节-第6节,环科楼,20030240
32.0,400180,流体力学(20141-20030250-1),201412003025060402,,3,,76,1-18周,0,"栾景飞,孙亚兵",1-18周 周五 第5节-第6节 环科楼B-112,2.0,环境学院,否,理论类课程,周五,2014-2015-1,,201412003025060402,"2013环境学院环境工程,2013环境学院环境科学（环规）",0,仙林校区,2014-2015学年 第1学期,60402,环科楼B-112,0.0,否,,1,32,,0,0,流体力学,111,第5节-第6节,环科楼,20030250
32.0,400180,生产实习(20141-20050010-1),201412005001060459,,3,,26,1-18周,0,韦斯,1-18周 自由时间 - 自由地点,2.0,环境学院,否,实践类课程,自由时间,2014-2015-1,,201412005001060459,2011环境学院环境科学（环化）,0,仙林校区,2014-2015学年 第1学期,60459,自由地点,0.0,否,,3,0,,72,0,生产实习,388,自由时间,虚拟区域（仙林）,20050010
32.0,400180,生产实习(20141-20050010-1),201412005001060461,,3,,14,1-18周,0,俞协治,1-18周 自由时间 - 自由地点,2.0,环境学院,否,实践类课程,自由时间,2014-2015-1,,201412005001060461,2011环境学院环境科学（环生）,0,仙林校区,2014-2015学年 第1学期,60461,自由地点,0.0,否,,3,0,,72,0,生产实习,388,自由时间,虚拟区域（仙林）,20050010
32.0,400180,生产实习(20141-20050010-1),201412005001060462,,3,,18,1-18周,0,钱新,1-18周 自由时间 - 自由地点,2.0,环境学院,否,实践类课程,自由时间,2014-2015-1,,201412005001060462,2011环境学院环境科学（环规）,0,仙林校区,2014-2015学年 第1学期,60462,自由地点,0.0,否,,3,0,,72,0,生产实习,388,自由时间,虚拟区域（仙林）,20050010
32.0,400180,生产实习(20141-20050010-1),201412005001060463,,3,,36,1-18周,0,"周庆,栾景飞",1-18周 自由时间 - 自由地点,2.0,环境学院,否,实践类课程,自由时间,2014-2015-1,,201412005001060463,2011环境学院环境工程,0,仙林校区,2014-2015学年 第1学期,60463,自由地点,0.0,否,,3,0,,72,0,生产实习,388,自由时间,虚拟区域（仙林）,20050010
32.0,400180,环境科学概论(20141-20090010-1),201412009001060568,,3,,93,1-18周,0,葛怡,1-18周 周三 第3节-第4节 逸B-405,2.0,环境学院,否,理论类课程,周三,2014-2015-1,,201412009001060568,,0,仙林校区,2014-2015学年 第1学期,60568,逸B-405,0.0,否,,1,32,,0,0,环境科学概论,16,第3节-第4节,逸夫楼B区,20090010
48.0,400180,环境化学(20141-20110030-1),201412011003060227,,3,,68,"1-18周,1-18周",0,"顾雪元,谷成","1-18周 周一 第3节-第4节 环科楼B-112,1-18周 周三 第3节-第4节 环科楼B-112",3.0,环境学院,否,理论类课程,"周一,周三",2014-2015-1,,201412011003060227,"2012环境学院环境科学（环化）,2012环境学院环境科学（环规）,2012环境学院环境科学（环生）",0,仙林校区,2014-2015学年 第1学期,60227,"环科楼B-112,环科楼B-112",0.0,否,,1,48,,0,0,环境化学,111,"第3节-第4节,第3节-第4节",环科楼,20110030
48.0,400180,环境化学(20141-20110030-1),201412011003060302,,3,,32,1-18周,0,张淑娟,1-18周 周一 第3节-第4节 环科楼B-101,3.0,环境学院,否,理论类课程,周一,2014-2015-1,,201412011003060302,2012环境学院环境工程,0,仙林校区,2014-2015学年 第1学期,60302,环科楼B-101,0.0,否,,1,48,,0,0,环境化学,111,第3节-第4节,环科楼,20110030
32.0,400180,环境化学（第三层次）(20141-20110033-1),201412011003360449,,3,,34,1-18周,0,王遵尧,1-18周 周三 第1节-第2节 环科楼B-106,2.0,环境学院,否,理论类课程,周三,2014-2015-1,,201412011003360449,2013环境学院环境科学（环规）,0,仙林校区,2014-2015学年 第1学期,60449,环科楼B-106,0.0,否,,1,32,,0,0,环境化学（第三层次）,111,第1节-第2节,环科楼,20110033
16.0,400180,环境化学实验(20141-20110040-1),201412011004060228,,3,,24,1-18周,0,顾雪元,1-18周 周三 第5节-第8节 ,1.0,环境学院,否,实验类课程,周三,2014-2015-1,,201412011004060228,2012环境学院环境科学（环化）,0,仙林校区,2014-2015学年 第1学期,60228,环A-221,32.0,否,,2,0,,0,0,环境化学实验,,第5节-第8节,,20110040
16.0,400180,环境化学实验(20141-20110040-1),201412011004060234,,3,,10,1-18周,0,万海勤,1-18周 周一 第5节-第8节 ,1.0,环境学院,否,实验类课程,周一,2014-2015-1,,201412011004060234,2012环境学院环境科学（环生）,0,仙林校区,2014-2015学年 第1学期,60234,环A-221,32.0,否,,2,0,,0,0,环境化学实验,,第5节-第8节,,20110040
32.0,400180,土壤环境化学(20141-20110110-1),201412011011060445,,3,,26,1-18周,0,郭红岩,1-18周 周一 第5节-第6节 环科楼B-103,2.0,环境学院,否,理论类课程,周一,2014-2015-1,,201412011011060445,2011环境学院环境科学（环化）,0,仙林校区,2014-2015学年 第1学期,60445,环科楼B-103,0.0,否,,1,32,,0,0,土壤环境化学,111,第5节-第6节,环科楼,20110110
32.0,400180,专业英语(20141-20110130-1),201412011013060318,,3,,28,1-18周,0,毛亮,1-18周 周四 第5节-第6节 环科楼B-107,2.0,环境学院,否,理论类课程,周四,2014-2015-1,,201412011013060318,2013环境学院环境科学（环化）,0,仙林校区,2014-2015学年 第1学期,60318,环科楼B-107,0.0,否,,1,32,,0,0,专业英语,111,第5节-第6节,环科楼,20110130
32.0,400180,环境统计学(20141-20110140-1),201412011014060197,,3,,24,1-18周,0,王遵尧,1-18周 周一 第3节-第4节 环科楼B-106,2.0,环境学院,否,理论类课程,周一,2014-2015-1,,201412011014060197,2013环境学院环境科学（环化）,0,仙林校区,2014-2015学年 第1学期,60197,环科楼B-106,0.0,否,,1,32,,0,0,环境统计学,111,第3节-第4节,环科楼,20110140
32.0,400180,环境科学导论(20141-20110200-1),201412011020060452,,3,,119,4-18周,0,瞿晓磊,4-18周 周三 第3节-第4节 环科楼B-111,2.0,环境学院,否,理论类课程,周三,2014-2015-1,,201412011020060452,,0,仙林校区,2014-2015学年 第1学期,60452,环科楼B-111,0.0,否,,1,32,,0,0,环境科学导论,111,第3节-第4节,环科楼,20110200
32.0,400180,绿色化学(20141-20110220-1),201412011022060401,,3,,24,1-18周,0,万海勤,1-18周 周二 第5节-第6节 环科楼B-106,2.0,环境学院,否,理论类课程,周二,2014-2015-1,,201412011022060401,2013环境学院环境科学（环化）,0,仙林校区,2014-2015学年 第1学期,60401,环科楼B-106,0.0,否,,1,32,,0,0,绿色化学,111,第5节-第6节,环科楼,20110220
32.0,400180,环境生物学（一）(20141-20120050A-1),2014120120050A60230,,3,,63,1-18周,0,李梅,1-18周 周二 第3节-第4节 环科楼B-112,2.0,环境学院,否,理论类课程,周二,2014-2015-1,,2014120120050A60230,"2012环境学院环境科学（环化）,2012环境学院环境科学（环规）,2012环境学院环境科学（环生）",0,仙林校区,2014-2015学年 第1学期,60230,环科楼B-112,0.0,否,,1,32,,0,0,环境生物学（一）,111,第3节-第4节,环科楼,20120050A
16.0,400180,环境生物学实验（一）(20141-20120060A-1),2014120120060A60247,,3,,11,3-18周,0,"李梅,崔益斌",3-18周 周二 第5节-第6节 ,1.0,环境学院,否,实验类课程,周二,2014-2015-1,,2014120120060A60247,2012环境学院环境科学（环生）,0,仙林校区,2014-2015学年 第1学期,60247,环A-212,16.0,否,,2,0,,0,0,环境生物学实验（一）,,第5节-第6节,,20120060A
64.0,400180,环境微生物学(20141-20120120-1),201412012012060249,,3,,44,1-18周,0,肖琳,1-18周 周四 第5节-第7节 环科楼B-101,4.0,环境学院,否,理论类课程,周四,2014-2015-1,,201412012012060249,"2012环境学院环境工程,2012环境学院环境科学（环生）",0,仙林校区,2014-2015学年 第1学期,60249,环科楼B-101,0.0,否,,1,64,,0,0,环境微生物学,111,第5节-第7节,环科楼,20120120
32.0,400180,环境微生物学实验(20141-20120130-1),201412012013060252,,3,,10,1-18周,0,"肖琳,杨柳燕",1-18周 周三 第5节-第8节 ,2.0,环境学院,否,实验类课程,周三,2014-2015-1,,201412012013060252,2012环境学院环境科学（环生）,0,仙林校区,2014-2015学年 第1学期,60252,环A-202、204、210,64.0,否,,2,0,,0,0,环境微生物学实验,,第5节-第8节,,20120130
32.0,400180,环境微生物学实验(20141-20120130-1),201412012013060303,,3,,32,1-18周,0,"蒋丽娟,尹颖",1-18周 周五 第5节-第8节 ,2.0,环境学院,否,实验类课程,周五,2014-2015-1,,201412012013060303,2012环境学院环境工程,0,仙林校区,2014-2015学年 第1学期,60303,环A-202、204、210,64.0,否,,2,0,,0,0,环境微生物学实验,,第5节-第8节,,20120130
32.0,400180,环境生物技术(20141-20120150-1),201412012015060308,,3,,13,1-18周,0,"张徐祥,吴兵",1-18周 周五 第3节-第4节 环科楼B-101,2.0,环境学院,否,理论类课程,周五,2014-2015-1,,201412012015060308,2011环境学院环境科学（环生）,0,仙林校区,2014-2015学年 第1学期,60308,环科楼B-101,0.0,否,,1,32,,0,0,环境生物技术,111,第3节-第4节,环科楼,20120150
16.0,400180,环境生物技术实验(20141-20120160-1),201412012016060309,,3,,13,2-18周(双),0,"张徐祥,吴兵",2-18周(双) 周五 第5节-第8节 ,1.0,环境学院,否,实验类课程,周五,2014-2015-1,,201412012016060309,2011环境学院环境科学（环生）,0,仙林校区,2014-2015学年 第1学期,60309,环A-214,32.0,否,,2,0,,0,0,环境生物技术实验,,第5节-第8节,,20120160
32.0,400180,专业英语(20141-20120400-1),201412012040060406,,3,,16,1-18周,0,"缪爱军,钟寰",1-18周 周一 第5节-第6节 环科楼B-107,2.0,环境学院,否,理论类课程,周一,2014-2015-1,,201412012040060406,2013环境学院环境科学（环生）,0,仙林校区,2014-2015学年 第1学期,60406,环科楼B-107,0.0,否,,1,32,,0,0,专业英语,111,第5节-第6节,环科楼,20120400
32.0,400180,环境学(20141-20130010-1),201412013001060092,,3,,136,4-18周,0,"柏益尧,左玉辉",4-18周 周四 第3节-第4节 环科楼B-111,2.0,环境学院,否,理论类课程,周四,2014-2015-1,,201412013001060092,,0,仙林校区,2014-2015学年 第1学期,60092,环科楼B-111,0.0,否,,1,32,,0,0,环境学,111,第3节-第4节,环科楼,20130010
32.0,400180,环境影响评价(20141-20130080-1),201412013008060258,,3,,62,1-18周,0,钱瑜,1-18周 周五 第3节-第4节 环科楼B-112,2.0,环境学院,否,理论类课程,周五,2014-2015-1,,201412013008060258,"2012环境学院环境工程,2012环境学院环境科学（环规）",0,仙林校区,2014-2015学年 第1学期,60258,环科楼B-112,0.0,否,,1,32,,0,0,环境影响评价,111,第3节-第4节,环科楼,20130080
32.0,400180,水环境学(20141-20130220-1),201412013022060202,,3,,61,1-18周,0,钱新,1-18周 周四 第5节-第6节 环科楼B-112,2.0,环境学院,否,理论类课程,周四,2014-2015-1,,201412013022060202,"2012环境学院环境科学（环规）,2013环境学院环境科学（环规）",0,仙林校区,2014-2015学年 第1学期,60202,环科楼B-112,0.0,否,,1,32,,0,0,水环境学,111,第5节-第6节,环科楼,20130220
32.0,400180,大气环境学(20141-20130230-1),201412013023060201,,3,,61,1-18周,0,王勤耕,1-18周 周二 第5节-第6节 环科楼B-112,2.0,环境学院,否,理论类课程,周二,2014-2015-1,,201412013023060201,"2012环境学院环境科学（环规）,2013环境学院环境科学（环规）",0,仙林校区,2014-2015学年 第1学期,60201,环科楼B-112,0.0,否,,1,32,,0,0,大气环境学,111,第5节-第6节,环科楼,20130230
48.0,400180,环境信息系统(20141-20130250-1),201412013025060399,,3,,13,"1-18周,1-18周",0,王远,"1-18周 周二 第5节-第6节 环科楼B-101,1-18周 周二 第7节-第10节 ",3.0,环境学院,否,理论+实验课程,"周二,周二",2014-2015-1,,201412013025060399,2011环境学院环境科学（环规）,0,仙林校区,2014-2015学年 第1学期,60399,"环科楼B-101,环C-103",32.0,否,,6,32,,0,0,环境信息系统,111,"第5节-第6节,第7节-第10节",环科楼,20130250
32.0,400180,城市生态学(20141-20130260-1),201412013026060470,,3,,13,1-18周,0,朱晓东,1-18周 周一 第3节-第4节 环科楼B-107,2.0,环境学院,否,理论类课程,周一,2014-2015-1,,201412013026060470,2011环境学院环境科学（环规）,0,仙林校区,2014-2015学年 第1学期,60470,环科楼B-107,0.0,否,,1,32,,0,0,城市生态学,111,第3节-第4节,环科楼,20130260
32.0,400180,环境政策分析(20141-20130280-1),201412013028060386,,3,,16,1-18周,0,刘蓓蓓,1-18周 周三 第3节-第4节 环科楼B-107,2.0,环境学院,否,理论类课程,周三,2014-2015-1,,201412013028060386,2011环境学院环境科学（环规）,0,仙林校区,2014-2015学年 第1学期,60386,环科楼B-107,0.0,否,,1,32,,0,0,环境政策分析,111,第3节-第4节,环科楼,20130280
32.0,400180,全球变化与环境(20141-20130290-1),201412013029060310,,3,,11,1-18周,0,赵瑜,1-18周 周四 第3节-第4节 环科楼B-107,2.0,环境学院,否,理论类课程,周四,2014-2015-1,,201412013029060310,2011环境学院环境科学（环规）,0,仙林校区,2014-2015学年 第1学期,60310,环科楼B-107,0.0,否,,1,32,,0,0,全球变化与环境,111,第3节-第4节,环科楼,20130290
32.0,400180,能源与环境(20141-20130320-1),201412013032060295,,3,,2,1-18周,0,孙平,1-18周 周五 第5节-第6节 环科楼B-102,2.0,环境学院,否,理论类课程,周五,2014-2015-1,,201412013032060295,2012环境学院环境科学（环规）,0,仙林校区,2014-2015学年 第1学期,60295,环科楼B-102,0.0,否,,1,32,,0,0,能源与环境,111,第5节-第6节,环科楼,20130320
32.0,400180,环境地学（含实习）(20141-20130410-1),201412013041060453,,3,,34,"1-18周,1-18周",0,"朱晓东,王勤耕,万玉秋","1-18周 周一 第5节-第6节 环科楼B-102,1-18周 自由时间 - ",2.0,环境学院,否,,"周一,自由时间",2014-2015-1,,201412013041060453,2013环境学院环境科学（环规）,0,仙林校区,2014-2015学年 第1学期,60453,"环科楼B-102,环科楼",,否,,,,,,0,环境地学（含实习）,111,"第5节-第6节,自由时间",环科楼,20130410
64.0,400130,普通天文学(20141-21000010A-1),2014121000010A60480,,3,,65,"1-18周,1-18周",0,周礼勇,"1-18周 周五 第1节-第2节 仙Ⅰ-204,1-18周 周一 第3节-第4节 仙Ⅰ-204",4.0,天文与空间科学学院,否,理论类课程,"周一,周五",2014-2015-1,,2014121000010A60480,2013天文与空间科学学院天文学,0,仙林校区,2014-2015学年 第1学期,60480,"仙Ⅰ-204,仙Ⅰ-204",0.0,否,,1,64,,0,0,普通天文学,11,"第3节-第4节,第1节-第2节",仙I区,21000010A
16.0,400130,普通天文学实习(20141-21000020-1),201412100002060483,,3,,58,1-17周(单),0,何秋会,1-17周(单) 周二 第5节-第6节 ,1.0,天文与空间科学学院,否,实践类课程,周二,2014-2015-1,,201412100002060483,2013天文与空间科学学院天文学,0,仙林校区,2014-2015学年 第1学期,60483,基础实验楼丙区505,0.0,否,,3,8,,24,0,普通天文学实习,,第5节-第6节,,21000020
64.0,400130,实测天体物理(20141-21000050-1),201412100005060505,,3,,50,"1-18周,1-18周",0,"施勇,邱科平","1-18周 周二 第1节-第2节 仙Ⅱ-311,1-18周 周四 第5节-第6节 仙Ⅱ-311",4.0,天文与空间科学学院,否,理论类课程,"周二,周四",2014-2015-1,,201412100005060505,"2012天文与空间科学学院天文学,2012天文与空间科学学院空间科学与技术",0,仙林校区,2014-2015学年 第1学期,60505,"仙Ⅱ-311,仙Ⅱ-311",0.0,否,,1,64,,0,0,实测天体物理,12,"第1节-第2节,第5节-第6节",仙II区,21000050
32.0,400130,实测天体物理实验(20141-21000060-1),201412100006060504,,3,,40,2-18周(双),0,"彭志欣,何秋会",2-18周(双) 周一 第5节-第6节 ,2.0,天文与空间科学学院,否,实践类课程,周一,2014-2015-1,,201412100006060504,"2012天文与空间科学学院天文学,2012天文与空间科学学院空间科学与技术",0,仙林校区,2014-2015学年 第1学期,60504,基础实验楼丙区505,0.0,否,,3,16,,16,0,实测天体物理实验,,第5节-第6节,,21000060
64.0,400130,理论天体物理(20141-21000070-1),201412100007060559,,3,,39,"1-18周,1-18周",0,"丁明德,戴子高","1-18周 周二 第3节-第4节 仙Ⅱ-410,1-18周 周四 第3节-第4节 仙Ⅱ-410",4.0,天文与空间科学学院,否,理论类课程,"周四,周二",2014-2015-1,,201412100007060559,"2011天文与空间科学学院天文学,2011天文与空间科学学院空间科学与技术",0,仙林校区,2014-2015学年 第1学期,60559,"仙Ⅱ-410,仙Ⅱ-410",0.0,否,,1,64,,0,0,理论天体物理,12,"第3节-第4节,第3节-第4节",仙II区,21000070
48.0,400130,控制理论基础(20141-21000080A-1),2014121000080A60556,,3,,13,"1-18周,1-18周",0,"王婷,徐波","1-18周 周一 第3节-第4节 仙Ⅱ-401,1-18周 周四 第3节-第4节 仙Ⅱ-401",3.0,天文与空间科学学院,否,理论类课程,"周一,周四",2014-2015-1,,2014121000080A60556,2012天文与空间科学学院空间科学与技术,0,仙林校区,2014-2015学年 第1学期,60556,"仙Ⅱ-401,仙Ⅱ-401",0.0,否,,1,48,,0,0,控制理论基础,12,"第3节-第4节,第3节-第4节",仙II区,21000080A
32.0,400130,早期科研训练(20141-21010010-1),201412101001060560,,3,,30,1-18周,0,,1-18周 自由时间 - 自由地点,2.0,天文与空间科学学院,否,实践类课程,自由时间,2014-2015-1,,201412101001060560,"2011天文与空间科学学院天文学,2011天文与空间科学学院空间科学与技术",0,仙林校区,2014-2015学年 第1学期,60560,自由地点,0.0,否,,3,0,,64,0,早期科研训练,388,自由时间,虚拟区域（仙林）,21010010
48.0,400130,数据处理(20141-21010020-1),201412101002060507,,3,,35,"1-18周,1-17周(单)",0,万晓生,"1-17周(单) 周五 第1节-第2节 仙Ⅱ-401,1-18周 周三 第3节-第4节 仙Ⅱ-401",3.0,天文与空间科学学院,否,理论类课程,"周三,周五",2014-2015-1,,201412101002060507,2012天文与空间科学学院天文学,0,仙林校区,2014-2015学年 第1学期,60507,"仙Ⅱ-401,仙Ⅱ-401",0.0,否,,1,48,,0,0,数据处理,12,"第3节-第4节,第1节-第2节",仙II区,21010020
48.0,400130,星系物理(20141-21010040-1),201412101004060561,,3,,18,"1-18周,2-18周(双)",0,"陈燕梅,顾秋生","1-18周 周一 第3节-第4节 仙Ⅱ-421,2-18周(双) 周四 第5节-第6节 仙Ⅱ-421",3.0,天文与空间科学学院,否,理论类课程,"周一,周四",2014-2015-1,,201412101004060561,"2011天文与空间科学学院天文学,2011天文与空间科学学院空间科学与技术",0,仙林校区,2014-2015学年 第1学期,60561,"仙Ⅱ-421,仙Ⅱ-421",0.0,否,,1,48,,0,0,星系物理,12,"第3节-第4节,第5节-第6节",仙II区,21010040
32.0,400130,X射线双星(20141-21010070-1),201412101007060562,,3,,15,1-18周,0,李向东,1-18周 周一 第5节-第6节 ,2.0,天文与空间科学学院,否,理论类课程,周一,2014-2015-1,,201412101007060562,"2011天文与空间科学学院天文学,2011天文与空间科学学院空间科学与技术",0,仙林校区,2014-2015学年 第1学期,60562,天文与空间科学学院新大楼210,0.0,否,,1,32,,0,0,X射线双星,,第5节-第6节,,21010070
48.0,400130,数值计算方法(20141-21010100-1),201412101010060553,,3,,25,"2-18周(双),1-18周",0,黎健,"2-18周(双) 周四 第1节-第2节 仙Ⅱ-401,1-18周 周五 第5节-第6节 仙Ⅱ-401",3.0,天文与空间科学学院,否,理论类课程,"周四,周五",2014-2015-1,,201412101010060553,"2012天文与空间科学学院天文学,2012天文与空间科学学院空间科学与技术",0,仙林校区,2014-2015学年 第1学期,60553,"仙Ⅱ-401,仙Ⅱ-401",0.0,否,,1,48,,0,0,数值计算方法,12,"第1节-第2节,第5节-第6节",仙II区,21010100
48.0,400130,近代天文讲座(20141-21010120-1),201412101012060563,,3,,29,1-18周,0,黄永锋,1-18周 周三 第5节-第7节 仙Ⅱ-410,3.0,天文与空间科学学院,否,理论类课程,周三,2014-2015-1,,201412101012060563,2011天文与空间科学学院天文学,0,仙林校区,2014-2015学年 第1学期,60563,仙Ⅱ-410,0.0,否,,1,48,,0,0,近代天文讲座,12,第5节-第7节,仙II区,21010120
64.0,400130,航天器轨道力学(20141-21010180-1),201412101018060558,,3,,15,"1-18周,1-18周",0,汤靖师,"1-18周 周三 第3节-第4节 ,1-18周 周五 第3节-第4节 ",4.0,天文与空间科学学院,否,理论+实践课程,"周三,周五",2014-2015-1,,201412101018060558,"2011天文与空间科学学院天文学,2011天文与空间科学学院空间科学与技术",0,仙林校区,2014-2015学年 第1学期,60558,"天文与空间科学学院新大楼210,天文与空间科学学院新大楼210",0.0,否,,5,40,,24,0,航天器轨道力学,,"第3节-第4节,第3节-第4节",,21010180
32.0,400130,空间天气学(20141-21010260-1),201412101026060557,,3,,12,1-18周,0,"李川,方成",1-18周 周五 第3节-第4节 仙Ⅱ-401,2.0,天文与空间科学学院,否,理论类课程,周五,2014-2015-1,,201412101026060557,2012天文与空间科学学院空间科学与技术,0,仙林校区,2014-2015学年 第1学期,60557,仙Ⅱ-401,0.0,否,,1,32,,0,0,空间天气学,12,第3节-第4节,仙II区,21010260
32.0,400130,初等数理天文(20141-21010330-1),201412101033060455,,3,,56,4-18周,0,罗新炼,4-18周 周三 第9节-第10节 仙Ⅰ-104,2.0,天文与空间科学学院,否,理论类课程,周三,2014-2015-1,,201412101033060455,2014天文与空间科学学院天文学,0,仙林校区,2014-2015学年 第1学期,60455,仙Ⅰ-104,0.0,否,,1,32,,0,0,初等数理天文,11,第9节-第10节,仙I区,21010330
32.0,400130,光学与红外实测天文学(20141-21010340-1),201412101034060554,,3,,28,1-18周,0,刘佳成,1-18周 周五 第3节-第4节 仙Ⅱ-301,2.0,天文与空间科学学院,否,理论类课程,周五,2014-2015-1,,201412101034060554,2012天文与空间科学学院天文学,0,仙林校区,2014-2015学年 第1学期,60554,仙Ⅱ-301,0.0,否,,1,32,,0,0,光学与红外实测天文学,12,第3节-第4节,仙II区,21010340
16.0,400130,磁流体力学波与振荡(20141-21010380-1),201412101038061360,,3,,3,"12周,12周,12周,12周,12周,12周,12周",0,,"12周 周二 第5节-第7节 仙Ⅱ-421,12周 周五 第9节-第10节 仙Ⅱ-421,12周 周四 第9节-第10节 仙Ⅱ-421,12周 周三 第9节-第10节 仙Ⅱ-421,12周 周二 第9节-第10节 仙Ⅱ-421,12周 周一 第9节-第10节 仙Ⅱ-421,12周 周五 第5节-第7节 仙Ⅱ-421",1.0,天文与空间科学学院,否,理论类课程,"周一,周三,周四,周二,周二,周五,周五",2014-2015-1,,201412101038061360,"2011天文与空间科学学院天文学,2012天文与空间科学学院天文学,2011天文与空间科学学院空间科学与技术",0,仙林校区,2014-2015学年 第1学期,61360,"仙Ⅱ-421,仙Ⅱ-421,仙Ⅱ-421,仙Ⅱ-421,仙Ⅱ-421,仙Ⅱ-421,仙Ⅱ-421",0.0,否,,1,16,,0,0,磁流体力学波与振荡,12,"第9节-第10节,第9节-第10节,第9节-第10节,第9节-第10节,第5节-第7节,第5节-第7节,第9节-第10节",仙II区,21010380
32.0,400130,大学天文学(20141-21090010-1),201412109001060564,,3,,79,1-18周,0,罗新炼,1-18周 周四 第3节-第4节 仙Ⅰ-201,2.0,天文与空间科学学院,否,理论类课程,周四,2014-2015-1,,201412109001060564,,0,仙林校区,2014-2015学年 第1学期,60564,仙Ⅰ-201,0.0,否,,1,32,,0,0,大学天文学,11,第3节-第4节,仙I区,21090010
48.0,400150,程序设计基础(20141-22000010-1),201412200001059518,,3,,91,"4-18周,4-18周,5-17周(单)",0,刘奇志,"4-18周 周一 第3节-第4节 逸B-207,5-17周(单) 周五 第7节-第8节 逸B-207,4-18周 周四 第3节-第4节 逸B-207",3.0,计算机学院,否,理论+实践课程,"周一,周四,周五",2014-2015-1,,201412200001059518,,0,仙林校区,2014-2015学年 第1学期,59518,"逸B-207,逸B-207,逸B-207",0.0,否,,5,64,,32,0,程序设计基础,16,"第3节-第4节,第3节-第4节,第7节-第8节",逸夫楼B区,22000010
48.0,400150,程序设计基础(20141-22000010-2),201412200001059523,,3,,80,"4-18周,4-18周,5-17周(单)",0,胡昊,"4-18周 周一 第3节-第4节 逸B-313,5-17周(单) 周五 第7节-第8节 逸B-313,4-18周 周四 第3节-第4节 逸B-313",3.0,计算机学院,否,理论+实践课程,"周一,周四,周五",2014-2015-1,,201412200001059523,,0,仙林校区,2014-2015学年 第1学期,59523,"逸B-313,逸B-313,逸B-313",0.0,否,,5,64,,32,0,程序设计基础,16,"第3节-第4节,第3节-第4节,第7节-第8节",逸夫楼B区,22000010
80.0,400150,离散数学(20141-22000020-1),201412200002059540,,3,,18,"4-18周,4-18周",0,史颖欢,"4-18周 周四 第5节-第6节 仙Ⅱ-104,4-18周 周二 第7节-第8节 仙Ⅱ-104",5.0,计算机学院,否,理论类课程,"周二,周四",2014-2015-1,,201412200002059540,,0,仙林校区,2014-2015学年 第1学期,59540,"仙Ⅱ-104,仙Ⅱ-104",0.0,否,,1,64,,32,0,离散数学,12,"第7节-第8节,第5节-第6节",仙II区,22000020
32.0,400150,计算思维(20141-22000070-1),201412200007059662,,3,,183,4-18周,0,"窦万春,陶先平",4-18周 周三 第3节-第4节 仙Ⅰ-206,2.0,计算机学院,否,理论类课程,周三,2014-2015-1,,201412200007059662,,0,仙林校区,2014-2015学年 第1学期,59662,仙Ⅰ-206,0.0,否,,1,32,,0,0,数据与计算,11,第3节-第4节,仙I区,22000070
48.0,400150,数字电路与数字系统(20141-22000080-1),201412200008059581,,3,,30,"4-18周,4-18周",0,王炜,"4-18周 周三 第1节-第2节 仙Ⅱ-104,4-18周 周五 第5节-第6节 仙Ⅱ-104",3.0,计算机学院,否,理论+实验课程,"周三,周五",2014-2015-1,,201412200008059581,,0,仙林校区,2014-2015学年 第1学期,59581,"仙Ⅱ-104,仙Ⅱ-104",12.0,否,,6,36,,,0,数字电路与数字系统,12,"第1节-第2节,第5节-第6节",仙II区,22000080
32.0,400150,数字电路与数字系统实验(20141-22000090T-1),2014122000090T59590,,3,,114,1-18周,0,"蔡晓燕,李俊",1-18周 周四 第5节-第6节 ,2.0,计算机学院,否,,周四,2014-2015-1,,2014122000090T59590,,0,仙林校区,2014-2015学年 第1学期,59590,基础实验楼乙125,32.0,否,,,0,,0,0,数字电路与数字系统实验,,第5节-第6节,,22000090T
32.0,400150,数字电路与数字系统实验(20141-22000090T-2),2014122000090T59592,,3,,64,1-18周,0,"蔡晓燕,李俊",1-18周 周三 第3节-第4节 ,2.0,计算机学院,否,,周三,2014-2015-1,,2014122000090T59592,,0,仙林校区,2014-2015学年 第1学期,59592,基础实验楼乙125,32.0,否,,,0,,0,0,数字电路与数字系统实验,,第3节-第4节,,22000090T
80.0,400150,计算机系统基础(20141-22000100-1),201412200010059594,,3,,47,"1-18周,1-18周,1-17周(单)",0,"袁春风,唐杰","1-17周(单) 周一 第1节-第2节 仙Ⅰ-106,1-18周 周三 第5节-第6节 逸B-311,1-18周 周五 第3节-第4节 仙Ⅰ-106",5.0,计算机学院,否,理论+实验课程,"周三,周五,周一",2014-2015-1,,201412200010059594,,0,仙林校区,2014-2015学年 第1学期,59594,"逸B-311,仙Ⅰ-106,仙Ⅰ-106",32.0,否,,6,48,,0,0,计算机系统基础,"11,16","第5节-第6节,第3节-第4节,第1节-第2节","仙I区, 逸夫楼B区",22000100
80.0,400150,计算机系统基础(20141-22000100-2),201412200010059898,,3,,38,"1-18周,1-18周",0,"汪亮,袁春风","1-18周 周二 第5节-第7节 ,1-18周 周四 第7节-第8节 ",5.0,计算机学院,否,理论+实验课程,"周二,周四",2014-2015-1,,201412200010059898,,0,仙林校区,2014-2015学年 第1学期,59898,"计算机楼228,计算机楼228",32.0,否,,6,48,,0,0,计算机系统基础,,"第5节-第7节,第7节-第8节",,22000100
80.0,400150,计算机系统基础(20141-22000100-2),201412200010061055,,3,,50,"1-17周(单),1-18周,1-18周",0,"袁春风,路通","1-17周(单) 周一 第1节-第2节 ,1-18周 周三 第5节-第6节 逸B-310,1-18周 周五 第3节-第4节 ",5.0,计算机学院,否,理论+实验课程,"周一,周三,周五",2014-2015-1,,201412200010061055,,0,仙林校区,2014-2015学年 第1学期,61055,"仙Ⅰ-106,逸B-310,仙Ⅰ-106",32.0,否,,6,48,,0,0,计算机系统基础,16,"第1节-第2节,第5节-第6节,第3节-第4节",逸夫楼B区,22000100
80.0,400150,计算机系统基础(20141-22000100-3),201412200010061056,,3,,48,"1-17周(单),1-18周,1-18周",0,"苏丰,袁春风","1-17周(单) 周一 第1节-第2节 ,1-18周 周三 第5节-第6节 逸B-312,1-18周 周五 第3节-第4节 ",5.0,计算机学院,否,理论+实验课程,"周一,周三,周五",2014-2015-1,,201412200010061056,,0,仙林校区,2014-2015学年 第1学期,61056,"仙Ⅰ-106,逸B-312,仙Ⅰ-106",32.0,否,,6,48,,0,0,计算机系统基础,16,"第1节-第2节,第5节-第6节,第3节-第4节",逸夫楼B区,22000100
32.0,400150,计算机组织与系统结构实验(20141-22010010-1),201412201001060081,,3,,29,1-18周,0,"蔡晓燕,张泽生",1-18周 周一 第5节-第6节 ,2.0,计算机学院,否,实验类课程,周一,2014-2015-1,,201412201001060081,,0,仙林校区,2014-2015学年 第1学期,60081,基础实验楼乙125,32.0,否,,2,0,,0,0,计算机组织与系统结构实验,,第5节-第6节,,22010010
64.0,400150,数据结构(20141-22010020-1),201412201002059596,,3,,64,"1-18周,1-18周",0,姜远,"1-18周 周一 第3节-第4节 仙Ⅱ-215,1-18周 周三 第3节-第4节 仙Ⅱ-215",4.0,计算机学院,否,理论+实验课程,"周一,周三",2014-2015-1,,201412201002059596,,0,仙林校区,2014-2015学年 第1学期,59596,"仙Ⅱ-215,仙Ⅱ-215",32.0,否,,6,64,,0,0,数据结构,12,"第3节-第4节,第3节-第4节",仙II区,22010020
64.0,400150,数据结构(20141-22010020-2),201412201002059598,,3,,107,"1-18周,1-18周",0,商琳,"1-18周 周二 第1节-第2节 仙Ⅱ-405,1-18周 周五 第5节-第6节 仙Ⅱ-405",4.0,计算机学院,否,理论+实验课程,"周二,周五",2014-2015-1,,201412201002059598,,0,仙林校区,2014-2015学年 第1学期,59598,"仙Ⅱ-405,仙Ⅱ-405",32.0,否,,6,64,,0,0,数据结构,12,"第1节-第2节,第5节-第6节",仙II区,22010020
64.0,400150,算法设计与分析(20141-22010030-1),201412201003059615,,3,,60,"1-18周,1-18周",0,钱柱中,"1-18周 周五 第1节-第2节 仙Ⅱ-213,1-18周 周一 第3节-第4节 仙Ⅱ-213",4.0,计算机学院,否,理论类课程,"周一,周五",2014-2015-1,,201412201003059615,,0,仙林校区,2014-2015学年 第1学期,59615,"仙Ⅱ-213,仙Ⅱ-213",0.0,否,,1,64,,0,0,算法设计与分析,12,"第3节-第4节,第1节-第2节",仙II区,22010030
64.0,400150,算法设计与分析(20141-22010030-2),201412201003059622,,3,,101,"1-18周,1-18周",0,黄宇,"1-18周 周五 第1节-第2节 仙Ⅱ-218,1-18周 周一 第3节-第4节 仙Ⅱ-218",4.0,计算机学院,否,理论类课程,"周一,周五",2014-2015-1,,201412201003059622,,0,仙林校区,2014-2015学年 第1学期,59622,"仙Ⅱ-218,仙Ⅱ-218",0.0,否,,1,64,,0,0,算法设计与分析,12,"第3节-第4节,第1节-第2节",仙II区,22010030
64.0,400150,操作系统(20141-22010040-1),201412201004059836,,3,,34,"1-18周,1-18周",0,华景煜,"1-18周 周一 第1节-第2节 仙Ⅱ-116,1-18周 周五 第3节-第4节 仙Ⅱ-116",4.0,计算机学院,否,理论+实验课程,"周一,周五",2014-2015-1,,201412201004059836,,0,仙林校区,2014-2015学年 第1学期,59836,"仙Ⅱ-116,仙Ⅱ-116",10.0,否,,6,54,,0,0,操作系统,12,"第1节-第2节,第3节-第4节",仙II区,22010040
64.0,400150,计算机网络(20141-22010050-1),201412201005059625,,3,,42,"1-18周,1-18周",0,李文中,"1-18周 周三 第3节-第4节 仙Ⅱ-218,1-18周 周五 第5节-第6节 仙Ⅱ-218",4.0,计算机学院,否,理论+实验课程,"周三,周五",2014-2015-1,,201412201005059625,,0,仙林校区,2014-2015学年 第1学期,59625,"仙Ⅱ-218,仙Ⅱ-218",12.0,否,,6,52,,0,0,计算机网络,12,"第3节-第4节,第5节-第6节",仙II区,22010050
64.0,400150,计算机网络(20141-22010050-2),201412201005059627,,3,,88,"1-18周,1-17周(单),2-18周(双)",0,夏耐,"1-18周 周三 第3节-第4节 仙Ⅱ-112,2-18周(双) 周五 第5节-第6节 实验楼乙124,1-17周(单) 周五 第5节-第6节 仙Ⅱ-112",4.0,计算机学院,否,理论+实验课程,"周三,周五,周五",2014-2015-1,,201412201005059627,,0,仙林校区,2014-2015学年 第1学期,59627,"仙Ⅱ-112,仙Ⅱ-112,实验楼乙124",12.0,否,,6,52,,0,0,计算机网络,"113,12","第3节-第4节,第5节-第6节,第5节-第6节","实验楼乙, 仙II区",22010050
64.0,400150,计算机网络(20141-22010050-3),201412201005060536,,3,,27,1-18周,0,苏丰,1-18周 周四 第9节-第11节 仙Ⅰ-203,4.0,计算机学院,否,理论+实验课程,周四,2014-2015-1,,201412201005060536,"2012数学学院数学类,2012数学学院应用模块,2012数学学院统计学,2012数学学院信息与计算科学,2012数学学院数学与应用数学",0,仙林校区,2014-2015学年 第1学期,60536,仙Ⅰ-203,12.0,否,,6,52,,0,0,计算机网络,11,第9节-第11节,仙I区,22010050
48.0,400150,数据库概论(20141-22010110-1),201412201011059631,,3,,88,"1-18周,1-18周",0,柏文阳,"1-18周 周二 第1节-第2节 仙Ⅱ-112,1-18周 周四 第1节-第2节 仙Ⅱ-112",3.0,计算机学院,否,理论+实验课程,"周二,周四",2014-2015-1,,201412201011059631,2011计算机学院计算机科学类,0,仙林校区,2014-2015学年 第1学期,59631,"仙Ⅱ-112,仙Ⅱ-112",8.0,否,,6,64,,,0,数据库概论,12,"第1节-第2节,第1节-第2节",仙II区,22010110
48.0,400150,数据库概论(20141-22010110-2),201412201011059633,,3,,64,"1-18周,1-18周",0,张剡,"1-18周 周二 第1节-第2节 仙Ⅱ-110,1-18周 周四 第1节-第2节 仙Ⅱ-110",3.0,计算机学院,否,理论+实验课程,"周二,周四",2014-2015-1,,201412201011059633,2011计算机学院计算机科学类,0,仙林校区,2014-2015学年 第1学期,59633,"仙Ⅱ-110,仙Ⅱ-110",8.0,否,,6,64,,,0,数据库概论,12,"第1节-第2节,第1节-第2节",仙II区,22010110
48.0,400150,编译原理(20141-22010120-1),201412201012059659,,3,,22,"1-18周,1-18周",0,戴新宇,"1-18周 周五 第3节-第4节 仙Ⅱ-104,1-18周 周二 第5节-第6节 仙Ⅱ-104",3.0,计算机学院,否,理论类课程,"周二,周五",2014-2015-1,,201412201012059659,2011计算机学院计算机科学类,0,仙林校区,2014-2015学年 第1学期,59659,"仙Ⅱ-104,仙Ⅱ-104",0.0,否,,1,64,,0,0,编译原理,12,"第5节-第6节,第3节-第4节",仙II区,22010120
48.0,400160,编译原理(20141-22010120-1),201412201012060330,,3,,23,1-18周,0,许畅,1-18周 周二 第3节-第4节 仙Ⅱ-306,3.0,电子科学与工程学院,否,理论类课程,周二,2014-2015-1,,201412201012060330,"2011电子科学与工程学院电子信息科学与技术,2011电子科学与工程学院通信工程",0,仙林校区,2014-2015学年 第1学期,60330,仙Ⅱ-306,0.0,否,,1,64,,0,0,编译原理,12,第3节-第4节,仙II区,22010120
48.0,400150,概率论与数理统计,201412201021059607,,3,,225,1-18周,0,"唐斌,潘茂林",1-18周 周一 第5节-第7节 仙Ⅱ-122,3.0,计算机学院,否,理论类课程,周一,2014-2015-1,,201412201021059607,"2011计算机学院计算机科学类,2013环境学院环境科学与工程类",0,仙林校区,2014-2015学年 第1学期,59607,仙Ⅱ-122,0.0,否,,1,48,,0,0,概率论与数理统计,12,第5节-第7节,仙II区,22010210
32.0,400150,Java程序设计(20141-22010300-1),201412201030059635,,3,,145,"1-18周,2-18周(双)",0,李宁,"1-18周 周二 第3节-第4节 图书馆126,2-18周(双) 周四 第3节-第4节 图书馆126",2.0,计算机学院,否,理论类课程,"周二,周四",2014-2015-1,,201412201030059635,2011计算机学院计算机科学类,0,仙林校区,2014-2015学年 第1学期,59635,"图书馆126,图书馆126",0.0,否,,1,32,,0,0,高级Java程序设计,18,"第3节-第4节,第3节-第4节",图书馆,22010300
48.0,400150,软件工程(20141-22010310-1),201412201031060532,,3,,0,,0,,,3.0,计算机学院,否,理论+实验课程,,2014-2015-1,,201412201031060532,,0,仙林校区,2014-2015学年 第1学期,60532,,16.0,否,,6,32,,0,0,软件工程,,,,22010310
48.0,400150,软件工程(20141-22010310-2),201412201031060534,,3,,15,1-18周,0,陈鑫,1-18周 周二 第5节-第7节 仙Ⅰ-204,3.0,计算机学院,否,理论+实验课程,周二,2014-2015-1,,201412201031060534,"2012数学学院数学类,2012数学学院应用模块,2012数学学院统计学,2012数学学院信息与计算科学,2012数学学院数学与应用数学",0,仙林校区,2014-2015学年 第1学期,60534,仙Ⅰ-204,16.0,否,,6,32,,0,0,软件工程,11,第5节-第7节,仙I区,22010310
48.0,400150,嵌入式系统(20141-22010320-1),201412201032059641,,3,,42,"1-18周,1-17周(单)",0,陈鑫,"1-18周 周三 第1节-第2节 仙Ⅱ-218,1-17周(单) 周四 第3节-第4节 仙Ⅱ-218",2.0,计算机学院,否,理论类课程,"周三,周四",2014-2015-1,,201412201032059641,"2011计算机学院计算机科学类,2011计算机学院计算机科学与技术（拔尖计划）",0,仙林校区,2014-2015学年 第1学期,59641,"仙Ⅱ-218,仙Ⅱ-218",8.0,否,,1,24,,0,0,嵌入式系统,12,"第1节-第2节,第3节-第4节",仙II区,22010320
32.0,400150,并行处理技术(20141-22010530-1),201412201053059645,,3,,90,1-18周,0,谢磊,1-18周 周二 第5节-第6节 仙Ⅱ-218,2.0,计算机学院,否,理论+实践课程,周二,2014-2015-1,,201412201053059645,"2011计算机学院计算机科学类,2012计算机学院计算机科学与技术（拔尖计划）",0,仙林校区,2014-2015学年 第1学期,59645,仙Ⅱ-218,0.0,否,,5,32,,4,0,分布式与并行计算,12,第5节-第6节,仙II区,22010530
32.0,400150,数学建模(20141-22010540-1),201412201054059649,,3,,49,1-18周,0,周毓明,1-18周 周二 第7节-第8节 仙Ⅱ-218,2.0,计算机学院,否,理论类课程,周二,2014-2015-1,,201412201054059649,"2011计算机学院计算机科学类,2012计算机学院计算机科学与技术（拔尖计划）",0,仙林校区,2014-2015学年 第1学期,59649,仙Ⅱ-218,0.0,否,,1,32,,0,0,计算机数学建模,12,第7节-第8节,仙II区,22010540
48.0,400150,计算机图形学(20141-22010570-1),201412201057059650,,3,,90,1-18周,0,孙正兴,1-18周 周五 第3节-第4节 仙Ⅱ-218,3.0,计算机学院,否,理论类课程,周五,2014-2015-1,,201412201057059650,2011计算机学院计算机科学类,0,仙林校区,2014-2015学年 第1学期,59650,仙Ⅱ-218,0.0,否,,1,48,,0,0,计算机图形学,12,第3节-第4节,仙II区,22010570
32.0,400150,Linux系统分析(20141-22010730-1),201412201073059672,,3,,24,"1-17周(单),2-18周(双)",0,叶保留,"1-17周(单) 周一 第5节-第6节 逸B-211,2-18周(双) 周一 第5节-第6节 ",2.0,计算机学院,否,理论+实践课程,"周一,周一",2014-2015-1,,201412201073059672,"2011计算机学院计算机科学类,2012计算机学院计算机科学与技术（拔尖计划）",0,仙林校区,2014-2015学年 第1学期,59672,"逸B-211,基础实验楼乙124",,否,,5,16,,16,0,Linux系统分析,16,"第5节-第6节,第5节-第6节",逸夫楼B区,22010730
32.0,400150,管理信息系统(20141-22010740-1),201412201074059654,,3,,77,1-18周,0,朱怀宏,1-18周 周三 第5节-第6节 仙Ⅱ-112,2.0,计算机学院,否,理论类课程,周三,2014-2015-1,,201412201074059654,2011计算机学院计算机科学类,0,仙林校区,2014-2015学年 第1学期,59654,仙Ⅱ-112,0.0,否,,1,32,,0,0,管理信息系统,12,第5节-第6节,仙II区,22010740
32.0,400150,面向对象设计方法(20141-22010750-1),201412201075059656,,3,,30,1-18周,0,余萍,1-18周 周三 第7节-第8节 仙Ⅱ-112,2.0,计算机学院,否,理论类课程,周三,2014-2015-1,,201412201075059656,"2011计算机学院计算机科学类,2011计算机学院计算机科学与技术（拔尖计划）",0,仙林校区,2014-2015学年 第1学期,59656,仙Ⅱ-112,0.0,否,,1,32,,0,0,面向对象设计方法,12,第7节-第8节,仙II区,22010750
32.0,400150,计算机安全(20141-22010760-1),201412201076059677,,3,,55,1-18周,0,黄皓,1-18周 周四 第7节-第8节 仙Ⅰ-319,2.0,计算机学院,否,理论类课程,周四,2014-2015-1,,201412201076059677,"2011计算机学院计算机科学类,2012计算机学院计算机科学与技术（拔尖计划）,2011计算机学院计算机科学与技术（拔尖计划）",0,仙林校区,2014-2015学年 第1学期,59677,仙Ⅰ-319,0.0,否,,1,32,,0,0,计算机安全,11,第7节-第8节,仙I区,22010760
32.0,400150,软件测试(20141-22010800-1),201412201080059670,,3,,20,1-18周,0,聂长海,1-18周 周四 第3节-第4节 仙Ⅱ-112,2.0,计算机学院,否,理论类课程,周四,2014-2015-1,,201412201080059670,2011计算机学院计算机科学类,0,仙林校区,2014-2015学年 第1学期,59670,仙Ⅱ-112,0.0,否,,1,32,,0,0,软件测试,12,第3节-第4节,仙II区,22010800
32.0,400150,移动互联应用技术(20141-22011070-1),201412201107059778,,3,,23,1-18周,0,曹春,1-18周 周二 第5节-第6节 实验楼乙221,2.0,计算机学院,否,理论类课程,周二,2014-2015-1,,201412201107059778,2011计算机学院计算机科学类,0,仙林校区,2014-2015学年 第1学期,59778,实验楼乙221,0.0,否,,1,32,,0,0,iOS智能应用开发,113,第5节-第6节,实验楼乙,22011070
32.0,400150,人机接口技术(20141-22011250-1),201412201125059674,,3,,7,1-18周,0,王崇骏,1-18周 周五 第3节-第4节 图书馆126,2.0,计算机学院,否,理论类课程,周五,2014-2015-1,,201412201125059674,"2011计算机学院计算机科学类,2011计算机学院计算机科学与技术（拔尖计划）",0,仙林校区,2014-2015学年 第1学期,59674,图书馆126,0.0,否,,1,32,,0,0,人机接口技术,18,第3节-第4节,图书馆,22011250
32.0,400150,Python编程(20141-22011380-1),201412201138060687,,3,,0,1-18周,0,,1-18周 周一 第1节-第2节 ,2.0,计算机学院,否,理论+实验课程,周一,2014-2015-1,,201412201138060687,,0,仙林校区,2014-2015学年 第1学期,60687,7月14日-7月18日上午9:00-12:00，上课，下午2:00-5:00上机，在基础实验楼乙107,,否,,6,,,,0,Python编程,,第1节-第2节,,22011380
64.0,400150,问题求解（一）,2014122020010A59896,,3,,21,"4-18周,4-18周",0,"钱柱中,程龚,陈道蓄","4-18周 周二 第1节-第2节 ,4-18周 周五 第3节-第4节 ",4.0,计算机学院,否,理论+实践课程,"周二,周五",2014-2015-1,,2014122020010A59896,,0,仙林校区,2014-2015学年 第1学期,59896,"计算机楼228,计算机楼228",0.0,否,,5,58,,6,0,问题求解（一）,,"第1节-第2节,第3节-第4节",,22020010A
96.0,400150,问题求解（三）(20141-22020010C-1),2014122020010C59897,,3,,35,"1-18周,1-18周,1-18周",0,"吴小兵,马骏,陶先平","1-18周 周三 第1节-第2节 ,1-18周 周一 第5节-第6节 ,1-18周 周五 第1节-第2节 ",6.0,计算机学院,否,理论+实践课程,"周一,周三,周五",2014-2015-1,,2014122020010C59897,,0,仙林校区,2014-2015学年 第1学期,59897,"计算机楼228,计算机楼228,计算机楼228",0.0,否,,5,64,,32,0,问题求解（三）,,"第5节-第6节,第1节-第2节,第1节-第2节",,22020010C
32.0,400150,计算方法(20141-22020180-1),201412202018059699,,3,,27,1-18周,0,赵金熙,1-18周 周五 第3节-第4节 ,2.0,计算机学院,否,理论类课程,周五,2014-2015-1,,201412202018059699,2012计算机学院计算机科学与技术（拔尖计划）,0,仙林校区,2014-2015学年 第1学期,59699,计算机楼227,0.0,否,,1,32,,0,0,计算方法,,第3节-第4节,,22020180
48.0,400150,计算机网络(20141-22020240-1),201412202024059692,,3,,30,"1-18周,1-18周",0,顾庆,"1-18周 周三 第3节-第4节 ,1-18周 周五 第5节-第6节 ",3.0,计算机学院,否,理论类课程,"周三,周五",2014-2015-1,,201412202024059692,2012计算机学院计算机科学与技术（拔尖计划）,0,仙林校区,2014-2015学年 第1学期,59692,"计算机楼227,计算机楼227",0.0,否,,1,48,,0,0,计算机网络,,"第3节-第4节,第5节-第6节",,22020240
32.0,400150,计算机网络实验(20141-22020240T-1),2014122020240T59716,,3,,45,1-18周,0,陈健,1-18周 周五 第5节-第6节 逸C-204,2.0,计算机学院,否,理论类课程,周五,2014-2015-1,,2014122020240T59716,2011计算机学院计算机科学与技术（拔尖计划）,0,仙林校区,2014-2015学年 第1学期,59716,逸C-204,0.0,否,,1,32,,0,0,计算机网络实验,17,第5节-第6节,逸夫楼C区,22020240T
48.0,400150,数据库概论(20141-22020250-1),201412202025059697,,3,,30,"1-18周,1-18周",0,柏文阳,"1-18周 周一 第3节-第4节 ,1-18周 周四 第3节-第4节 ",3.0,计算机学院,否,理论+实验课程,"周一,周四",2014-2015-1,,201412202025059697,2012计算机学院计算机科学与技术（拔尖计划）,0,仙林校区,2014-2015学年 第1学期,59697,"计算机楼227,计算机楼227",8.0,否,,6,56,,0,0,数据库概论,,"第3节-第4节,第3节-第4节",,22020250
48.0,400150,数据通信(20141-22020290-1),201412202029059700,,3,,2,,0,,,3.0,计算机学院,否,理论+实践课程,,2014-2015-1,,201412202029059700,,0,仙林校区,2014-2015学年 第1学期,59700,,0.0,否,,5,48,,0,0,数据通信,,,,22020290
32.0,400150,现代软件工程(20141-22020300-1),201412202030059702,,3,,15,1-18周,0,王林章,1-18周 周二 第2节-第4节 ,2.0,计算机学院,否,理论类课程,周二,2014-2015-1,,201412202030059702,2012计算机学院计算机科学与技术（拔尖计划）,0,仙林校区,2014-2015学年 第1学期,59702,计算机楼227,0.0,否,,1,32,,0,0,现代软件工程,,第2节-第4节,,22020300
48.0,400150,人工智能(20141-22020370-1),201412202037059714,,3,,20,1-18周,0,高阳,1-18周 周二 第5节-第7节 ,3.0,计算机学院,否,理论类课程,周二,2014-2015-1,,201412202037059714,2011计算机学院计算机科学与技术（拔尖计划）,0,仙林校区,2014-2015学年 第1学期,59714,计算机楼227,32.0,否,,1,48,,0,0,人工智能,,第5节-第7节,,22020370
32.0,400150,数字图像处理(20141-22020390-1),201412202039059708,,3,,16,1-18周,0,詹德川,1-18周 周三 第5节-第7节 ,2.0,计算机学院,否,理论类课程,周三,2014-2015-1,,201412202039059708,2012计算机学院计算机科学与技术（拔尖计划）,0,仙林校区,2014-2015学年 第1学期,59708,计算机楼227,0.0,否,,1,32,,0,0,数字图像处理,,第5节-第7节,,22020390
32.0,400150,计算机安全实验(20141-22020400T-1),2014122020400T59657,,3,,26,1-18周,0,吴迎红,1-18周 周三 第5节-第6节 ,2.0,计算机学院,否,实验类课程,周三,2014-2015-1,,2014122020400T59657,"2011计算机学院计算机科学类,2012计算机学院计算机科学与技术（拔尖计划）,2011计算机学院计算机科学与技术（拔尖计划）",0,仙林校区,2014-2015学年 第1学期,59657,基础实验楼乙208,32.0,否,,2,0,,0,0,计算机安全实验,,第5节-第6节,,22020400T
32.0,400230,口腔医学导论(20141-23000020-1),201412300002060446,,3,,118,1-18周,0,雷浪,1-18周 周三 第9节-第10节 仙Ⅱ-304,2.0,医学院,否,理论+实践课程,周三,2014-2015-1,,201412300002060446,,0,仙林校区,2014-2015学年 第1学期,60446,仙Ⅱ-304,0.0,否,,5,20,,12,0,口腔医学导论,12,第9节-第10节,仙II区,23000020
64.0,400230,医学统计学(20141-23000040-1),201412300004060448,,3,,95,"1-18周,1-17周(单),2-18周(双)",0,范怡梅,"1-18周 周五 第1节-第2节 仙Ⅱ-404,2-18周(双) 周五 第3节-第4节 仙Ⅱ-405,1-17周(单) 周五 第3节-第4节 ",4.0,医学院,否,理论+实验课程,"周五,周五,周五",2014-2015-1,,201412300004060448,2012医学院临床医学,0,仙林校区,2014-2015学年 第1学期,60448,"仙Ⅱ-404,基础实验楼乙区107、109,仙Ⅱ-405",,否,,6,,,,0,医学统计学,12,"第1节-第2节,第3节-第4节,第3节-第4节",仙II区,23000040
48.0,400230,生理学(20141-23000050-1),201412300005060451,,3,,98,"1-18周,1-17周(单)",0,"高千,吴江,韩晓冬,朱亚文","1-17周(单) 周四 第1节-第2节 仙Ⅱ-404,1-18周 周一 第3节-第4节 仙Ⅰ-106",3.0,医学院,否,理论类课程,"周一,周四",2014-2015-1,,201412300005060451,2012医学院临床医学,0,仙林校区,2014-2015学年 第1学期,60451,"仙Ⅰ-106,仙Ⅱ-404",0.0,否,,1,32,,0,0,生理学,"11,12","第3节-第4节,第1节-第2节","仙I区, 仙II区",23000050
64.0,400230,病原生物学(20141-23000060-1),201412300006060471,,3,,99,"1-18周,1-18周",0,"邢峥,曹望森,吴稚伟,方刚,李尔广,王宏伟","1-18周 周四 第3节-第4节 仙Ⅱ-503,1-18周 周一 第5节-第6节 仙Ⅰ-319",4.0,医学院,否,理论类课程,"周一,周四",2014-2015-1,,201412300006060471,2012医学院临床医学,0,仙林校区,2014-2015学年 第1学期,60471,"仙Ⅰ-319,仙Ⅱ-503",0.0,否,,1,64,,0,0,病原生物学,"11,12","第5节-第6节,第3节-第4节","仙I区, 仙II区",23000060
48.0,400230,医学遗传学(20141-23000080-1),201412300008060472,,3,,101,"1-17周(单),1-18周",0,"李宽钰,王亚平,陈慧梅","1-17周(单) 周一 第1节-第2节 仙Ⅱ-505,1-18周 周三 第3节-第4节 仙Ⅰ-106",3.0,医学院,否,理论类课程,"周一,周三",2014-2015-1,,201412300008060472,2012医学院临床医学,0,仙林校区,2014-2015学年 第1学期,60472,"仙Ⅱ-505,仙Ⅰ-106",0.0,否,,1,48,,0,0,医学遗传学,"11,12","第1节-第2节,第3节-第4节","仙I区, 仙II区",23000080
48.0,400230,医学免疫学(20141-23000140-1),201412300014060473,,3,,105,1-18周,0,"沈苏南,侯亚义",1-18周 周二 第1节-第3节 仙Ⅰ-212,3.0,医学院,否,理论类课程,周二,2014-2015-1,,201412300014060473,2012医学院临床医学,0,仙林校区,2014-2015学年 第1学期,60473,仙Ⅰ-212,0.0,否,,1,48,,0,0,医学免疫学,11,第1节-第3节,仙I区,23000140
32.0,400230,病原体鉴定及免疫细胞分析技术(20141-23000150-1),201412300015060474,,3,,96,1-18周,0,"窦环,李尔广,侯亚义,郑楠",1-18周 周四 第5节-第11节 ,2.0,医学院,否,实验类课程,周四,2014-2015-1,,201412300015060474,2012医学院临床医学,0,仙林校区,2014-2015学年 第1学期,60474,基础医学教学中心311,56.0,否,,2,8,,0,0,病原体鉴定及免疫细胞分析技术,,第5节-第11节,,23000150
32.0,400230,以疾病为主线的医学遗传学实验(20141-23000180-1),201412300018060475,,3,,95,"1-18周,1-18周",0,"蒋爱芹,凌立君,陈慧梅","1-18周 周二 第5节-第8节 ,1-18周 周三 第5节-第8节 ",2.0,医学院,否,实验类课程,"周二,周三",2014-2015-1,,201412300018060475,2012医学院临床医学,0,仙林校区,2014-2015学年 第1学期,60475,"基础医学教学中心311,基础医学教学中心311",56.0,否,,2,8,,0,0,以疾病为主线的医学遗传学实验,,"第5节-第8节,第5节-第8节",,23000180
32.0,400230,医学导论(20141-23000200-1),201412300020060430,,3,,119,1-18周,0,沈苏南,1-18周 周一 第9节-第10节 仙Ⅱ-303,2.0,医学院,否,理论类课程,周一,2014-2015-1,,201412300020060430,,0,仙林校区,2014-2015学年 第1学期,60430,仙Ⅱ-303,0.0,否,,1,32,,0,0,医学导论,12,第9节-第10节,仙II区,23000200
32.0,400230,中国特色社会主义理论与实践研究(20141-23000220-1),201412300022060476,,3,,95,1-18周,0,,1-18周 周二 第9节-第10节 逸B-405,2.0,医学院,否,理论类课程,周二,2014-2015-1,,201412300022060476,2012医学院临床医学,0,仙林校区,2014-2015学年 第1学期,60476,逸B-405,0.0,否,,1,32,,0,0,中国式现代化的理论与实践,16,第9节-第10节,逸夫楼B区,23000220
80.0,400230,系统解剖学(20141-23000270-1),201412300027060447,,3,,108,"1-18周,1-18周,1-18周",0,"董平,朱亚文","1-18周 周四 第3节-第4节 ,1-18周 周四 第5节-第7节 ,1-18周 周一 第5节-第6节 ",5.0,医学院,否,理论+实验课程,"周一,周四,周四",2014-2015-1,,201412300027060447,,0,仙林校区,2014-2015学年 第1学期,60447,"基础医学教学中心118,基础医学教学中心118,基础医学教学中心109",64.0,否,,6,64,,0,0,系统解剖学,,"第5节-第6节,第3节-第4节,第5节-第7节",,23000270
48.0,400230,医学影像学(20141-23010010-1),201412301001060593,,1,,117,"1-9周,1-8周",0,鼓楼医院,"1-9周 周二 第3节-第4节 馆1-307,1-8周 周四 第3节-第4节 馆3-201",3.0,医学院,否,理论+实践课程,"周二,周四",2014-2015-1,,201412301001060593,"2011医学院临床医学,2011医学院口腔医学",0,鼓楼校区,2014-2015学年 第1学期,60593,"馆1-307,馆3-201",0.0,否,,5,40,,24,0,医学影像学,8,"第3节-第4节,第3节-第4节",逸夫馆,23010010
96.0,400230,诊断学(20141-23010020-1),201412301002060584,,1,,96,"1-11周,1-11周,1-11周",0,"鼓楼医院2,鼓楼医院","1-11周 周一 第1节-第2节 馆1-307,1-11周 周五 第1节-第2节 馆1-307,1-11周 周三 第1节-第2节 馆1-307",6.0,医学院,否,理论+实践课程,"周一,周三,周五",2014-2015-1,,201412301002060584,2011医学院临床医学,0,鼓楼校区,2014-2015学年 第1学期,60584,"馆1-307,馆1-307,馆1-307",0.0,否,,5,60,,52,0,诊断学,8,"第1节-第2节,第1节-第2节,第1节-第2节",逸夫馆,23010020
32.0,400230,医学心理学(20141-23010030-1),201412301003060594,,1,,116,"1-9周,1-9周",0,鼓楼医院2,"1-9周 周一 第3节-第4节 馆1-307,1-9周 周五 第3节-第4节 馆1-307",2.0,医学院,否,理论+实践课程,"周一,周五",2014-2015-1,,201412301003060594,"2011医学院临床医学,2011医学院基础医学,2011医学院口腔医学",0,鼓楼校区,2014-2015学年 第1学期,60594,"馆1-307,馆1-307",0.0,否,,5,24,,8,0,医学心理学,8,"第3节-第4节,第3节-第4节",逸夫馆,23010030
40.0,400230,外科学总论(20141-23010041-1),201412301004160596,,1,,116,"1-9周,1-9周,1-8周",0,鼓楼医院2,"1-9周 周二 第1节-第2节 馆1-307,1-9周 周三 第3节-第4节 馆1-307,1-8周 周四 第1节-第2节 馆3-201",2.5,医学院,否,理论+实验课程,"周二,周三,周四",2014-2015-1,,201412301004160596,"2011医学院临床医学,2011医学院口腔医学",0,鼓楼校区,2014-2015学年 第1学期,60596,"馆1-307,馆1-307,馆3-201",,否,,6,,,,0,外科学总论,8,"第1节-第2节,第3节-第4节,第1节-第2节",逸夫馆,23010041
64.0,400230,外科学(20141-23010050B-1),2014123010050B60602,,1,,92,"1-13周,1-13周",0,鼓楼医院3,"1-13周 周一 第1节-第2节 教203,1-13周 周三 第1节-第2节 教203",4.0,医学院,否,理论+实践课程,"周一,周三",2014-2015-1,,2014123010050B60602,2010医学院临床医学,0,鼓楼校区,2014-2015学年 第1学期,60602,"教203,教203",0.0,否,,5,52,,44,0,外科学,1,"第1节-第2节,第1节-第2节",教学楼,23010050B
64.0,400230,内科学(20141-23010061B-1),2014123010061B60601,,1,,91,"1-13周,1-13周",0,鼓楼医院3,"1-13周 周二 第1节-第2节 教208,1-13周 周四 第1节-第2节 教208",4.0,医学院,否,理论+实践课程,"周二,周四",2014-2015-1,,2014123010061B60601,2010医学院临床医学,0,鼓楼校区,2014-2015学年 第1学期,60601,"教208,教208",0.0,否,,5,52,,44,0,内科学,1,"第1节-第2节,第1节-第2节",教学楼,23010061B
40.0,400230,神经病学(20141-23010090-1),201412301009060605,,1,,91,1-13周,0,脑科医院,1-13周 周五 第1节-第2节 教208,2.5,医学院,否,理论+实践课程,周五,2014-2015-1,,201412301009060605,2010医学院临床医学,0,鼓楼校区,2014-2015学年 第1学期,60605,教208,0.0,否,,5,24,,24,0,神经病学,1,第1节-第2节,教学楼,23010090
40.0,400230,精神病学(20141-23010200-1),201412301020060606,,1,,92,1-13周,0,脑科医院,1-13周 周二 第3节-第4节 教306,2.5,医学院,否,理论+实践课程,周二,2014-2015-1,,201412301020060606,2010医学院临床医学,0,鼓楼校区,2014-2015学年 第1学期,60606,教306,0.0,否,,5,26,,6,0,精神病学,1,第3节-第4节,教学楼,23010200
32.0,400230,中医学及针灸学(20141-23010220-1),201412301022060600,,1,,94,1-13周,0,鼓楼医院3,1-13周 周三 第3节-第4节 教203,2.0,医学院,否,理论+实验课程,周三,2014-2015-1,,201412301022060600,2010医学院临床医学,0,鼓楼校区,2014-2015学年 第1学期,60600,教203,,否,,6,,,,0,中医学及针灸学,1,第3节-第4节,教学楼,23010220
40.0,400230,耳鼻喉科学(20141-23010230-1),201412301023060607,,1,,91,1-16周,0,鼓楼医院4,1-16周 周四 第3节-第4节 教203,2.5,医学院,否,理论+实践课程,周四,2014-2015-1,,201412301023060607,2010医学院临床医学,0,鼓楼校区,2014-2015学年 第1学期,60607,教203,0.0,否,,5,38,,10,0,耳鼻喉科学,1,第3节-第4节,教学楼,23010230
40.0,400230,眼科学(20141-23010240-1),201412301024060604,,1,,92,1-13周,0,鼓楼医院3,1-13周 周一 第3节-第4节 教306,2.5,医学院,否,理论+实践课程,周一,2014-2015-1,,201412301024060604,2010医学院临床医学,0,鼓楼校区,2014-2015学年 第1学期,60604,教306,0.0,否,,5,32,,16,0,眼科学,1,第3节-第4节,教学楼,23010240
64.0,400230,循证医学(20141-23010260-1),201412301026060603,,1,,91,1-17周,0,鼓楼医院4,1-17周 周五 第3节-第4节 教101,4.0,医学院,否,理论+实验课程,周五,2014-2015-1,,201412301026060603,2010医学院临床医学,0,鼓楼校区,2014-2015学年 第1学期,60603,教101,,否,,6,,,,0,循证医学,1,第3节-第4节,教学楼,23010260
32.0,400230,口腔影像诊断学(20141-23020050-1),201412302005060611,,1,,17,1-18周,0,雷浪,1-18周 周一 第1节-第2节 ,2.0,医学院,否,理论+实践课程,周一,2014-2015-1,,201412302005060611,2010医学院口腔医学,0,鼓楼校区,2014-2015学年 第1学期,60611,无,0.0,否,,5,24,,8,0,口腔影像诊断学,,第1节-第2节,,23020050
32.0,400230,口腔材料学(20141-23020060-1),201412302006060597,,1,,21,1-18周,0,鼓楼医院5,1-18周 周一 第1节-第2节 ,2.0,医学院,否,理论+实践课程,周一,2014-2015-1,,201412302006060597,2011医学院口腔医学,0,鼓楼校区,2014-2015学年 第1学期,60597,无,0.0,否,,5,20,,12,0,口腔材料学,,第1节-第2节,,23020060
32.0,400230,口腔预防医学(20141-23020070-1),201412302007060613,,1,,17,1-18周,0,雷浪,1-18周 周一 第1节-第2节 ,2.0,医学院,否,理论+实践课程,周一,2014-2015-1,,201412302007060613,2010医学院口腔医学,0,鼓楼校区,2014-2015学年 第1学期,60613,无,0.0,否,,5,24,,24,0,口腔预防医学,,第1节-第2节,,23020070
64.0,400230,口腔内科学(20141-23020080B-1),2014123020080B60610,,1,,17,1-18周,0,雷浪,1-18周 周一 第1节-第2节 ,4.0,医学院,否,理论+实验课程,周一,2014-2015-1,,2014123020080B60610,2010医学院口腔医学,0,鼓楼校区,2014-2015学年 第1学期,60610,无,,否,,6,,,,0,口腔内科学,,第1节-第2节,,23020080B
96.0,400230,口腔颌面外科学(20141-23020090B-1),2014123020090B60614,,1,,17,1-18周,0,雷浪,1-18周 周一 第1节-第2节 ,6.0,医学院,否,理论+实践+实验课程,周一,2014-2015-1,,2014123020090B60614,2010医学院口腔医学,0,鼓楼校区,2014-2015学年 第1学期,60614,无,24.0,否,,7,36,,36,0,口腔颌面外科学,,第1节-第2节,,23020090B
48.0,400230,诊断学(20141-23020100-1),201412302010060599,,1,,20,1-18周,0,雷浪,1-18周 周一 第1节-第2节 ,3.0,医学院,否,理论+实践课程,周一,2014-2015-1,,201412302010060599,2011医学院口腔医学,0,鼓楼校区,2014-2015学年 第1学期,60599,无,0.0,否,,5,48,,16,0,诊断学,,第1节-第2节,,23020100
96.0,400230,口腔修复学(20141-23020110-1),201412302011060609,,1,,17,1-18周,0,雷浪,1-18周 周一 第1节-第2节 ,6.0,医学院,否,理论+实验课程,周一,2014-2015-1,,201412302011060609,2010医学院口腔医学,0,鼓楼校区,2014-2015学年 第1学期,60609,无,,否,,6,,,,0,口腔修复学,,第1节-第2节,,23020110
32.0,400230,儿童口腔病学(20141-23020120-1),201412302012060608,,1,,17,1-18周,0,雷浪,1-18周 周一 第1节-第2节 ,2.0,医学院,否,理论+实践课程,周一,2014-2015-1,,201412302012060608,2010医学院口腔医学,0,鼓楼校区,2014-2015学年 第1学期,60608,无,0.0,否,,5,16,,16,0,儿童口腔医学,,第1节-第2节,,23020120
48.0,400230,口腔正畸学(20141-23020130-1),201412302013060612,,1,,17,1-18周,0,雷浪,1-18周 周一 第1节-第2节 ,3.0,医学院,否,理论+实践课程,周一,2014-2015-1,,201412302013060612,2010医学院口腔医学,0,鼓楼校区,2014-2015学年 第1学期,60612,无,0.0,否,,5,32,,32,0,口腔正畸学,,第1节-第2节,,23020130
16.0,400230,牙合学(20141-23020140-1),201412302014060615,,1,,17,1-18周,0,雷浪,1-18周 周一 第1节-第2节 ,1.0,医学院,否,理论+实验课程,周一,2014-2015-1,,201412302014060615,2010医学院口腔医学,0,鼓楼校区,2014-2015学年 第1学期,60615,无,,否,,6,,,,0,牙合学,,第1节-第2节,,23020140
32.0,400250,名师导学(20141-24000010-1),201412400001059740,,3,,238,1-18周,0,,1-18周 周三 第7节-第8节 ,2.0,匡亚明学院,否,理论类课程,周三,2014-2015-1,,201412400001059740,,0,仙林校区,2014-2015学年 第1学期,59740,潘琦楼C-405,0.0,否,,1,32,,0,0,名师导学,,第7节-第8节,,24000010
64.0,400250,大学计算机信息技术及应用(20141-24000050-1),201412400005060622,,1,,65,,0,, 自由时间 - ,4.0,匡亚明学院,否,理论+实验课程,自由时间,2014-2015-1,,201412400005060622,,0,鼓楼校区,2014-2015学年 第1学期,60622,无,,否,,6,,,,0,大学计算机信息技术及应用,,自由时间,,24000050
64.0,400250,C语言程序设计(20141-24000060-1),201412400006060623,,1,,69,,0,, 自由时间 - ,4.0,匡亚明学院,否,理论+实验课程,自由时间,2014-2015-1,,201412400006060623,,0,鼓楼校区,2014-2015学年 第1学期,60623,无,,否,,6,,,,0,C语言程序设计,,自由时间,,24000060
64.0,400250,大学物理（二）(20141-24020010B-1),2014124020010B59791,,3,,118,"1-18周,1-18周",0,许望,"1-18周 周三 第3节-第4节 逸B-101,1-18周 周五 第5节-第7节 逸B-101",4.0,匡亚明学院,否,理论类课程,"周三,周五",2014-2015-1,,2014124020010B59791,,0,仙林校区,2014-2015学年 第1学期,59791,"逸B-101,逸B-101",0.0,否,,1,80,,0,0,大学物理（下）,16,"第3节-第4节,第5节-第7节",逸夫楼B区,24020010B
64.0,400250,大学物理（二）(20141-24020010B-2),2014124020010B59793,,3,,113,"1-18周,1-18周",0,肖明文,"1-18周 周三 第3节-第4节 仙Ⅱ-207,1-18周 周五 第5节-第7节 仙Ⅱ-207",4.0,匡亚明学院,否,理论类课程,"周三,周五",2014-2015-1,,2014124020010B59793,2013天文与空间科学学院天文学,0,仙林校区,2014-2015学年 第1学期,59793,"仙Ⅱ-207,仙Ⅱ-207",0.0,否,,1,80,,0,0,大学物理（下）,12,"第3节-第4节,第5节-第7节",仙II区,24020010B
64.0,400250,理论物理(20141-24020020-1),201412402002059950,,3,,16,"1-18周,1-18周",0,许望,"1-18周 周一 第5节-第6节 逸B-209,1-18周 周三 第5节-第6节 逸B-209",4.0,匡亚明学院,否,理论类课程,"周一,周三",2014-2015-1,,201412402002059950,,0,仙林校区,2014-2015学年 第1学期,59950,"逸B-209,逸B-209",0.0,否,,1,64,,0,0,理论物理,16,"第5节-第6节,第5节-第6节",逸夫楼B区,24020020
48.0,400250,电动力学(20141-24020070-1),201412402007059905,,3,,56,1-18周,0,张小鹏,1-18周 周一 第5节-第7节 仙Ⅰ-203,3.0,匡亚明学院,否,理论类课程,周一,2014-2015-1,,201412402007059905,2012地球科学与工程学院地质学（地球物理学方向）,0,仙林校区,2014-2015学年 第1学期,59905,仙Ⅰ-203,0.0,否,,1,48,,0,0,电动力学,11,第5节-第7节,仙I区,24020070
32.0,400250,现代仪器分析(20141-24030010-1),201412403001060582,,1,,9,1-18周,0,,1-18周 自由时间 - ,2.0,匡亚明学院,否,实验类课程,自由时间,2014-2015-1,,201412403001060582,,0,鼓楼校区,2014-2015学年 第1学期,60582,无,32.0,否,,2,0,,0,0,现代仪器分析,,自由时间,,24030010
64.0,400270,计算系统基础(20141-25000010-1),201412500001059145,,3,,127,"4-18周,4-18周",0,王浩然,"4-18周 周二 第3节-第4节 仙Ⅰ-107,4-18周 周四 第5节-第6节 仙Ⅰ-207",4.0,软件学院,否,理论+实验课程,"周二,周四",2014-2015-1,,201412500001059145,2014软件学院软件工程,0,仙林校区,2014-2015学年 第1学期,59145,"仙Ⅰ-107,仙Ⅰ-207",32.0,否,,6,64,,0,0,计算系统基础,11,"第3节-第4节,第5节-第6节",仙I区,25000010
64.0,400270,计算系统基础(20141-25000010-2),201412500001059157,,3,,117,"4-18周,4-18周",0,王浩然,"4-18周 周四 第3节-第4节 仙Ⅰ-107,4-18周 周二 第5节-第6节 仙Ⅰ-107",4.0,软件学院,否,理论+实验课程,"周二,周四",2014-2015-1,,201412500001059157,2014软件学院软件工程,0,仙林校区,2014-2015学年 第1学期,59157,"仙Ⅰ-107,仙Ⅰ-107",32.0,否,,6,64,,0,0,计算系统基础,11,"第5节-第6节,第3节-第4节",仙I区,25000010
64.0,400270,离散数学(20141-25000050-1),201412500005059177,,3,,130,4-18周,0,陈道蓄,4-18周 周二 第5节-第7节 仙Ⅰ-524,4.0,软件学院,否,理论类课程,周二,2014-2015-1,,201412500005059177,2014软件学院软件工程,0,仙林校区,2014-2015学年 第1学期,59177,仙Ⅰ-524,0.0,否,,1,64,,0,0,离散数学,11,第5节-第7节,仙I区,25000050
64.0,400270,离散数学(20141-25000050-2),201412500005059178,,3,,121,4-18周,0,马晓星,4-18周 周二 第1节-第3节 仙Ⅰ-524,4.0,软件学院,否,理论类课程,周二,2014-2015-1,,201412500005059178,2014软件学院软件工程,0,仙林校区,2014-2015学年 第1学期,59178,仙Ⅰ-524,0.0,否,,1,64,,0,0,离散数学,11,第1节-第3节,仙I区,25000050
48.0,400270,数据结构与算法(20141-25000060-1),201412500006059199,,3,,124,"1-17周(单),1-18周",0,"汤恩义,伏晓","1-18周 周五 第5节-第6节 仙Ⅱ-404,1-17周(单) 周一 第7节-第8节 仙Ⅱ-404",3.0,软件学院,否,理论+实验课程,"周一,周五",2014-2015-1,,201412500006059199,2013软件学院软件工程,0,仙林校区,2014-2015学年 第1学期,59199,"仙Ⅱ-404,仙Ⅱ-404",32.0,否,,6,48,,0,0,数据结构与算法,12,"第7节-第8节,第5节-第6节",仙II区,25000060
48.0,400270,数据结构与算法(20141-25000060-2),201412500006059200,,3,,120,"1-17周(单),1-18周",0,"伏晓,汤恩义","1-17周(单) 周一 第5节-第6节 仙Ⅱ-404,1-18周 周五 第7节-第8节 仙Ⅱ-404",3.0,软件学院,否,理论+实验课程,"周一,周五",2014-2015-1,,201412500006059200,2013软件学院软件工程,0,仙林校区,2014-2015学年 第1学期,59200,"仙Ⅱ-404,仙Ⅱ-404",32.0,否,,6,48,,0,0,数据结构与算法,12,"第5节-第6节,第7节-第8节",仙II区,25000060
48.0,400270,软件构造(20141-25000080-1),201412500008059260,,1,,120,"1-18周,1-17周(单)",0,"冯桂焕,李翔","1-17周(单) 周五 第1节-第2节 教201,1-18周 周二 第3节-第4节 教202",3.0,软件学院,否,理论类课程,"周二,周五",2014-2015-1,,201412500008059260,2012软件学院软件学类,0,鼓楼校区,2014-2015学年 第1学期,59260,"教202,教201",0.0,否,,1,48,,32,0,软件构造,1,"第3节-第4节,第1节-第2节",教学楼,25000080
48.0,400270,软件构造(20141-25000080-2),201412500008059261,,1,,122,"1-18周,1-17周(单)",0,"冯桂焕,李翔","1-18周 周二 第1节-第2节 教202,1-17周(单) 周五 第3节-第4节 教201",3.0,软件学院,否,理论类课程,"周二,周五",2014-2015-1,,201412500008059261,2012软件学院软件学类,0,鼓楼校区,2014-2015学年 第1学期,59261,"教202,教201",0.0,否,,1,48,,32,0,软件构造,1,"第1节-第2节,第3节-第4节",教学楼,25000080
48.0,400270,软件需求工程(20141-25000090-1),201412500009059262,,1,,116,"1-18周,2-18周(双)",0,丁二玉,"1-18周 周二 第1节-第2节 教201,2-18周(双) 周四 第3节-第4节 教202",3.0,软件学院,否,理论+实验课程,"周二,周四",2014-2015-1,,201412500009059262,2012软件学院软件学类,0,鼓楼校区,2014-2015学年 第1学期,59262,"教201,教202",32.0,否,,6,48,,0,0,需求与商业模式创新,1,"第1节-第2节,第3节-第4节",教学楼,25000090
48.0,400270,软件需求工程(20141-25000090-2),201412500009059263,,1,,125,"1-18周,2-18周(双)",0,丁二玉,"2-18周(双) 周四 第1节-第2节 教202,1-18周 周二 第3节-第4节 教201",3.0,软件学院,否,理论+实验课程,"周二,周四",2014-2015-1,,201412500009059263,2012软件学院软件学类,0,鼓楼校区,2014-2015学年 第1学期,59263,"教201,教202",32.0,否,,6,48,,0,0,需求与商业模式创新,1,"第3节-第4节,第1节-第2节",教学楼,25000090
32.0,400270,软件过程与管理(20141-25000130-1),201412500013059273,,1,,241,"1-17周(单),1-18周",0,荣国平,"1-18周 周四 第3节-第4节 教222,1-17周(单) 周一 第3节-第4节 教222",2.0,软件学院,否,理论类课程,"周一,周四",2014-2015-1,,201412500013059273,2011软件学院软件学类,0,鼓楼校区,2014-2015学年 第1学期,59273,"教222,教222",0.0,否,,1,32,,0,0,软件过程与管理,1,"第3节-第4节,第3节-第4节",教学楼,25000130
48.0,400270,C++高级程序设计(20141-25000250-1),201412500025059247,,3,,126,"1-18周,2-18周(双)",0,郑滔,"1-18周 周二 第1节-第2节 仙Ⅱ-305,2-18周(双) 周四 第7节-第8节 图书馆127",3.0,软件学院,否,理论+实验课程,"周二,周四",2014-2015-1,,201412500025059247,2013软件学院软件工程,0,仙林校区,2014-2015学年 第1学期,59247,"仙Ⅱ-305,图书馆127",32.0,否,,6,48,,0,0,C++高级程序设计,"12,18","第1节-第2节,第7节-第8节","仙II区, 图书馆",25000250
48.0,400270,C++高级程序设计(20141-25000250-2),201412500025059248,,3,,119,"1-18周,2-18周(双)",0,郑滔,"1-18周 周二 第3节-第4节 仙Ⅱ-305,2-18周(双) 周四 第5节-第6节 图书馆127",3.0,软件学院,否,理论+实验课程,"周二,周四",2014-2015-1,,201412500025059248,2013软件学院软件工程,0,仙林校区,2014-2015学年 第1学期,59248,"仙Ⅱ-305,图书馆127",32.0,否,,6,48,,0,0,C++高级程序设计,"12,18","第3节-第4节,第5节-第6节","仙II区, 图书馆",25000250
48.0,400270,软件工程与计算 II(20141-25000320-1),201412500032059217,,3,,123,"1-18周,1-18周",0,"丁二玉,刘钦","1-18周 周三 第3节-第4节 图书馆126,1-18周 周五 第3节-第4节 图书馆127",3.0,软件学院,否,理论类课程,"周三,周五",2014-2015-1,,201412500032059217,2013软件学院软件工程,0,仙林校区,2014-2015学年 第1学期,59217,"图书馆126,图书馆127",0.0,否,,1,48,,0,0,软件工程与计算 II,18,"第3节-第4节,第3节-第4节",图书馆,25000320
48.0,400270,软件工程与计算 II(20141-25000320-2),201412500032059218,,3,,108,"1-18周,1-18周",0,"丁二玉,刘钦","1-18周 周三 第1节-第2节 仙Ⅰ-524,1-18周 周五 第5节-第6节 仙Ⅰ-524",3.0,软件学院,否,理论类课程,"周三,周五",2014-2015-1,,201412500032059218,2013软件学院软件工程,0,仙林校区,2014-2015学年 第1学期,59218,"仙Ⅰ-524,仙Ⅰ-524",0.0,否,,1,48,,0,0,软件工程与计算 II,11,"第1节-第2节,第5节-第6节",仙I区,25000320
48.0,400270,.NET程序设计(20141-25010360-1),201412501036059264,,1,,102,"2-18周(双),1-18周",0,张瑾玉,"1-18周 周四 第5节-第6节 教202,2-18周(双) 周一 第7节-第8节 教202",3.0,软件学院,否,理论类课程,"周一,周四",2014-2015-1,,201412501036059264,2012软件学院软件学类,0,鼓楼校区,2014-2015学年 第1学期,59264,"教202,教202",0.0,否,,1,48,,0,0,.NET程序设计,1,"第7节-第8节,第5节-第6节",教学楼,25010360
48.0,400270,编译原理(20141-25010380-1),201412501038059266,,1,,161,1-18周,0,翟玉庆,1-18周 周三 第5节-第7节 教202,3.0,软件学院,否,理论类课程,周三,2014-2015-1,,201412501038059266,2012软件学院软件学类,0,鼓楼校区,2014-2015学年 第1学期,59266,教202,0.0,否,,1,48,,0,0,编译原理,1,第5节-第7节,教学楼,25010380
48.0,400270,嵌入式系统概论(20141-25010410-1),201412501041059267,,1,,168,"1-18周,2-18周(双)",0,刘海涛,"1-18周 周二 第5节-第6节 教202,2-18周(双) 周五 第5节-第6节 教202",3.0,软件学院,否,理论+实验课程,"周二,周五",2014-2015-1,,201412501041059267,2012软件学院软件学类,0,鼓楼校区,2014-2015学年 第1学期,59267,"教202,教202",24.0,否,,6,40,,0,0,嵌入式系统概论,1,"第5节-第6节,第5节-第6节",教学楼,25010410
48.0,400270,数字信号处理(20141-25010440-1),201412501044059855,,1,,10,1-18周,0,王崇骏,1-18周 周二 第2节-第4节 ,3.0,软件学院,否,理论类课程,周二,2014-2015-1,,201412501044059855,2011软件学院软件学类,0,鼓楼校区,2014-2015学年 第1学期,59855,费彝民楼820,0.0,否,,1,48,,0,0,数字信号处理,,第2节-第4节,,25010440
48.0,400270,多媒体技术(20141-25010450-1),201412501045059278,,1,,29,1-18周,0,高阳,1-18周 周三 第9节-第11节 ,3.0,软件学院,否,理论类课程,周三,2014-2015-1,,201412501045059278,2011软件学院软件学类,0,鼓楼校区,2014-2015学年 第1学期,59278,费彝民楼820,0.0,否,,1,48,,0,0,多媒体技术,,第9节-第11节,,25010450
48.0,400270,面向Web的计算(20141-25010500-1),201412501050059270,,1,,183,"1-18周,1-17周(单)",0,刘海涛,"1-17周(单) 周四 第3节-第4节 教202,1-18周 周一 第5节-第6节 教202",3.0,软件学院,否,理论+实验课程,"周一,周四",2014-2015-1,,201412501050059270,2012软件学院软件学类,0,鼓楼校区,2014-2015学年 第1学期,59270,"教202,教202",16.0,否,,6,32,,0,0,面向Web的计算,1,"第5节-第6节,第3节-第4节",教学楼,25010500
48.0,400270,数据库开发技术(20141-25010630-1),201412501063059271,,1,,183,"1-18周,1-17周(单)",0,刘嘉,"1-18周 周三 第3节-第4节 教202,1-17周(单) 周五 第5节-第6节 教202",3.0,软件学院,否,理论类课程,"周三,周五",2014-2015-1,,201412501063059271,2012软件学院软件学类,0,鼓楼校区,2014-2015学年 第1学期,59271,"教202,教202",0.0,否,,1,48,,0,0,数据库开发技术,1,"第3节-第4节,第5节-第6节",教学楼,25010630
48.0,400270,计算机图形学(20141-25010710-1),201412501071059277,,1,,15,"2-18周(双),1-18周",0,刘峰,"2-18周(双) 周一 第3节-第4节 教203,1-18周 周三 第5节-第6节 教203",3.0,软件学院,否,理论+实验课程,"周一,周三",2014-2015-1,,201412501071059277,2011软件学院软件学类,0,鼓楼校区,2014-2015学年 第1学期,59277,"教203,教203",0.0,否,,6,24,,24,0,计算机图形学,1,"第3节-第4节,第5节-第6节",教学楼,25010710
48.0,400270,面向服务的软件工程(20141-25010820-1),201412501082059272,,1,,116,"1-18周,2-18周(双)",0,贝佳,"1-18周 周一 第3节-第4节 教202,2-18周(双) 周五 第3节-第4节 教201",3.0,软件学院,否,理论类课程,"周一,周五",2014-2015-1,,201412501082059272,2012软件学院软件学类,0,鼓楼校区,2014-2015学年 第1学期,59272,"教202,教201",0.0,否,,1,48,,0,0,面向服务的软件工程,1,"第3节-第4节,第3节-第4节",教学楼,25010820
48.0,400240,概率论与数理统计(20141-27000010-1),201412700001060640,,3,,115,5-18周,0,肖条军,5-18周 周五 第2节-第4节 仙Ⅰ-107,3.0,工程管理学院,否,理论类课程,周五,2014-2015-1,,201412700001060640,2013工程管理学院电气信息类,0,仙林校区,2014-2015学年 第1学期,60640,仙Ⅰ-107,0.0,否,,1,48,,0,0,概率论与数理统计,11,第2节-第4节,仙I区,27000010
48.0,400240,概率论与数理统计(20141-27000010-1),201412700001060649,,3,,49,,0,,,3.0,工程管理学院,否,理论类课程,,2014-2015-1,,201412700001060649,,0,仙林校区,2014-2015学年 第1学期,60649,,0.0,否,,1,48,,0,0,概率论与数理统计,,,,27000010
48.0,400240,运筹学(20141-27000020-1),201412700002060641,,3,,81,1-18周,0,徐薇,1-18周 周四 第2节-第4节 仙Ⅱ-318,3.0,工程管理学院,否,理论类课程,周四,2014-2015-1,,201412700002060641,,0,仙林校区,2014-2015学年 第1学期,60641,仙Ⅱ-318,0.0,否,,1,48,,0,0,运筹学,12,第2节-第4节,仙II区,27000020
48.0,400240,管理信息系统(20141-27000030-1),201412700003060757,,1,,44,"1-9周,1-9周",0,陈国华,"1-9周 周二 第3节-第4节 馆1-205,1-9周 周五 第3节-第4节 馆1-205",3.0,工程管理学院,否,理论类课程,"周二,周五",2014-2015-1,,201412700003060757,"2011工程管理学院自动化,2011工程管理学院金融工程,2011工程管理学院工业工程",0,鼓楼校区,2014-2015学年 第1学期,60757,"馆1-205,馆1-205",0.0,否,,1,48,,0,0,管理信息系统,8,"第3节-第4节,第3节-第4节",逸夫馆,27000030
48.0,400240,数据结构(20141-27000050-1),201412700005060644,,3,,71,"1-18周,1-18周",0,朱美琳,"1-18周 周三 第3节-第4节 仙Ⅱ-318,1-18周 周三 第5节-第6节 实验楼乙418",3.0,工程管理学院,否,,"周三,周三",2014-2015-1,,201412700005060644,,0,仙林校区,2014-2015学年 第1学期,60644,"仙Ⅱ-318,实验楼乙418",,否,,,,,,0,数据结构,"113,12","第3节-第4节,第5节-第6节","实验楼乙, 仙II区",27000050
48.0,400240,数据库原理和应用(20141-27000070-1),201412700007060650,,3,,67,"1-18周,1-18周",0,周运森,"1-18周 周四 第5节-第6节 仙Ⅱ-112,1-18周 周四 第7节-第8节 实验楼乙418",3.0,工程管理学院,否,,"周四,周四",2014-2015-1,,201412700007060650,,0,仙林校区,2014-2015学年 第1学期,60650,"仙Ⅱ-112,实验楼乙418",,否,,,,,,0,数据库原理和应用,"113,12","第5节-第6节,第7节-第8节","实验楼乙, 仙II区",27000070
32.0,400240,系统工程导论(20141-27000080-1),201412700008060758,,1,,38,"1-9周,1-9周",0,"王博,周献中","1-9周 周二 第1节-第2节 馆1-205,1-9周 周五 第1节-第2节 馆1-205",2.0,工程管理学院,否,理论类课程,"周二,周五",2014-2015-1,,201412700008060758,"2011工程管理学院自动化,2011工程管理学院信息工程,2011工程管理学院工业工程",0,鼓楼校区,2014-2015学年 第1学期,60758,"馆1-205,馆1-205",0.0,否,,1,32,,0,0,系统工程导论,8,"第1节-第2节,第1节-第2节",逸夫馆,27000080
48.0,400240,计算机基础及应用(20141-27000120-1),201412700012060993,,3,,116,4-18周,0,李民,4-18周 周一 第5节-第10节 ,3.0,工程管理学院,否,,周一,2014-2015-1,,201412700012060993,"2014工程管理学院管理科学与工程类,2014工程管理学院电气信息类",0,仙林校区,2014-2015学年 第1学期,60993,基础实验楼乙区418,,否,,,,,,0,计算机基础及应用,,第5节-第10节,,27000120
32.0,400240,管理学(20141-27010020-1),201412701002060637,,3,,73,4-18周,0,朱华桂,4-18周 周四 第5节-第7节 仙Ⅱ-318,2.0,工程管理学院,否,理论类课程,周四,2014-2015-1,,201412701002060637,2014工程管理学院管理科学与工程类,0,仙林校区,2014-2015学年 第1学期,60637,仙Ⅱ-318,0.0,否,,1,32,,0,0,管理学,12,第5节-第7节,仙II区,27010020
32.0,400240,工业工程基础(20141-27010030-1),201412701003060642,,3,,71,1-18周,0,周跃进,1-18周 周二 第5节-第6节 仙Ⅱ-410,2.0,工程管理学院,否,理论类课程,周二,2014-2015-1,,201412701003060642,,0,仙林校区,2014-2015学年 第1学期,60642,仙Ⅱ-410,0.0,否,,1,32,,0,0,工业工程基础,12,第5节-第6节,仙II区,27010030
16.0,400240,工业工程基础实验(20141-27010030T-1),2014127010030T60747,,3,,36,1-18周,0,李民,1-18周 周五 第5节-第8节 实验楼乙523,1.0,工程管理学院,否,实验类课程,周五,2014-2015-1,,2014127010030T60747,2012工程管理学院工业工程,0,仙林校区,2014-2015学年 第1学期,60747,实验楼乙523,16.0,否,,2,0,,0,0,工业工程基础实验,113,第5节-第8节,实验楼乙,27010030T
48.0,400240,货币银行学(20141-27010070-1),201412701007060643,,3,,74,1-18周,0,刘海飞,1-18周 周一 第5节-第7节 仙Ⅱ-318,2.0,工程管理学院,否,理论类课程,周一,2014-2015-1,,201412701007060643,,0,仙林校区,2014-2015学年 第1学期,60643,仙Ⅱ-318,0.0,否,,1,32,,0,0,货币银行学,12,第5节-第7节,仙II区,27010070
48.0,400240,公司金融学(20141-27010090-1),201412701009060748,,3,,82,1-18周,0,陈莹,1-18周 周四 第2节-第4节 仙Ⅱ-314,3.0,工程管理学院,否,理论+实践课程,周四,2014-2015-1,,201412701009060748,"2012工程管理学院工业工程,2012工程管理学院金融工程",0,仙林校区,2014-2015学年 第1学期,60748,仙Ⅱ-314,0.0,否,,5,42,,6,0,公司金融学,12,第2节-第4节,仙II区,27010090
32.0,400240,随机过程(20141-27010110-1),201412701011060749,,3,,55,1-18周,0,瞿慧,1-18周 周三 第5节-第6节 仙Ⅱ-211,2.0,工程管理学院,否,理论类课程,周三,2014-2015-1,,201412701011060749,"2012工程管理学院工业工程,2012工程管理学院金融工程",0,仙林校区,2014-2015学年 第1学期,60749,仙Ⅱ-211,0.0,否,,1,32,,0,0,随机过程,12,第5节-第6节,仙II区,27010110
48.0,400240,金融风险管理(20141-27010120-1),201412701012060760,,1,,57,1-18周,0,刘烨,1-18周 周四 第2节-第4节 馆1-205,3.0,工程管理学院,否,理论+实践课程,周四,2014-2015-1,,201412701012060760,"2011工程管理学院工业工程,2011工程管理学院金融工程",0,鼓楼校区,2014-2015学年 第1学期,60760,馆1-205,0.0,否,,5,32,,16,0,金融风险管理,8,第2节-第4节,逸夫馆,27010120
32.0,400240,微观经济学(20141-27010140-1),201412701014060636,,3,,68,4-18周,0,方立兵,4-18周 周三 第5节-第6节 仙Ⅱ-318,2.0,工程管理学院,否,理论类课程,周三,2014-2015-1,,201412701014060636,2014工程管理学院管理科学与工程类,0,仙林校区,2014-2015学年 第1学期,60636,仙Ⅱ-318,0.0,否,,1,32,,0,0,微观经济学,12,第5节-第6节,仙II区,27010140
32.0,400240,自动化导论(20141-27020010-1),201412702001060638,,3,,58,4-18周,0,周献中,4-18周 周三 第1节-第2节 仙Ⅱ-318,2.0,工程管理学院,否,理论类课程,周三,2014-2015-1,,201412702001060638,2014工程管理学院电气信息类,0,仙林校区,2014-2015学年 第1学期,60638,仙Ⅱ-318,0.0,否,,1,32,,0,0,自动化导论,12,第1节-第2节,仙II区,27020010
48.0,400240,模拟电路(20141-27020040-1),201412702004060646,,3,,59,1-18周,0,徐伟弘,1-18周 周五 第5节-第7节 仙Ⅱ-318,4.0,工程管理学院,否,理论+实践课程,周五,2014-2015-1,,201412702004060646,2013工程管理学院电气信息类,0,仙林校区,2014-2015学年 第1学期,60646,仙Ⅱ-318,32.0,否,,5,48,,0,0,模拟电路,12,第5节-第7节,仙II区,27020040
16.0,400240,模拟电路实验(20141-27020040T-1),2014127020040T60647,,3,,45,1-18周,0,徐伟弘,1-18周 周四 第5节-第6节 实验楼乙433,1.0,工程管理学院,否,实验类课程,周四,2014-2015-1,,2014127020040T60647,2013工程管理学院电气信息类,0,仙林校区,2014-2015学年 第1学期,60647,实验楼乙433,16.0,否,,2,0,,0,0,模拟电路实验,113,第5节-第6节,实验楼乙,27020040T
32.0,400240,复变函数与积分变换(20141-27020060-1),201412702006060645,,3,,49,1-18周,0,肖条军,1-18周 周二 第1节-第2节 仙Ⅱ-319,2.0,工程管理学院,否,理论类课程,周二,2014-2015-1,,201412702006060645,2013工程管理学院电气信息类,0,仙林校区,2014-2015学年 第1学期,60645,仙Ⅱ-319,0.0,否,,1,32,,0,0,复变函数与积分变换,12,第1节-第2节,仙II区,27020060
48.0,400240,微机原理(20141-27020080-1),201412702008060655,,3,,46,"1-9周,1-9周,1-9周,1-9周",0,"张益昕,辛博","1-9周 周二 第1节-第2节 仙Ⅱ-315,1-9周 周五 第5节-第8节 实验楼乙435,1-9周 周三 第5节-第8节 实验楼乙435,1-9周 周五 第1节-第2节 仙Ⅱ-315",3.0,工程管理学院,否,理论+实验课程,"周二,周五,周三,周五",2014-2015-1,,201412702008060655,"2012工程管理学院自动化,2012工程管理学院信息工程",0,仙林校区,2014-2015学年 第1学期,60655,"仙Ⅱ-315,仙Ⅱ-315,实验楼乙435,实验楼乙435",,否,,6,,,,0,微机原理,"113,12","第1节-第2节,第1节-第2节,第5节-第8节,第5节-第8节","实验楼乙, 仙II区",27020080
48.0,400240,数据通信与计算机网络(20141-27020100-1),201412702010060734,,3,,26,1-18周,0,陈强,1-18周 周二 第5节-第7节 仙Ⅱ-416,3.0,工程管理学院,否,理论类课程,周二,2014-2015-1,,201412702010060734,2012工程管理学院自动化,0,仙林校区,2014-2015学年 第1学期,60734,仙Ⅱ-416,0.0,否,,1,48,,0,0,数据通信与计算机网络,12,第5节-第7节,仙II区,27020100
48.0,400240,微机接口技术(20141-27020110-1),201412702011060656,,3,,46,"10-18周,10-18周,10-18周,10-18周",0,"张益昕,辛博","10-18周 周二 第1节-第2节 仙Ⅱ-315,10-18周 周五 第5节-第8节 实验楼乙435,10-18周 周三 第5节-第8节 实验楼乙435,10-18周 周五 第1节-第2节 仙Ⅱ-315",3.0,工程管理学院,否,理论+实验课程,"周二,周五,周三,周五",2014-2015-1,,201412702011060656,"2012工程管理学院自动化,2012工程管理学院信息工程",0,仙林校区,2014-2015学年 第1学期,60656,"仙Ⅱ-315,仙Ⅱ-315,实验楼乙435,实验楼乙435",,否,,6,,,,0,微机接口技术,"113,12","第1节-第2节,第1节-第2节,第5节-第8节,第5节-第8节","实验楼乙, 仙II区",27020110
32.0,400240,工程图学(20141-27020190-1),201412702019060639,,3,,58,4-18周,0,路元刚,4-18周 周五 第5节-第6节 仙Ⅱ-319,2.0,工程管理学院,否,理论类课程,周五,2014-2015-1,,201412702019060639,2014工程管理学院电气信息类,0,仙林校区,2014-2015学年 第1学期,60639,仙Ⅱ-319,0.0,否,,1,32,,0,0,工程图学,12,第5节-第6节,仙II区,27020190
32.0,400240,工程经济学(20141-27030010-1),201412703001060743,,3,,40,1-18周,0,程书萍,1-18周 周二 第5节-第6节 仙Ⅱ-417,2.0,工程管理学院,否,理论类课程,周二,2014-2015-1,,201412703001060743,2012工程管理学院工业工程,0,仙林校区,2014-2015学年 第1学期,60743,仙Ⅱ-417,0.0,否,,1,32,,0,0,工程经济学,12,第5节-第6节,仙II区,27030010
48.0,400240,运营管理(20141-27030020-1),201412703002060744,,3,,41,1-18周,0,沈厚才,1-18周 周一 第5节-第7节 仙Ⅱ-416,3.0,工程管理学院,否,理论类课程,周一,2014-2015-1,,201412703002060744,2012工程管理学院工业工程,0,仙林校区,2014-2015学年 第1学期,60744,仙Ⅱ-416,0.0,否,,1,48,,0,0,运营管理,12,第5节-第7节,仙II区,27030020
48.0,400240,人因工程(20141-27030030-1),201412703003060745,,3,,38,1-18周,0,刘慧敏,1-18周 周四 第5节-第6节 仙Ⅱ-416,3.0,工程管理学院,否,理论类课程,周四,2014-2015-1,,201412703003060745,2012工程管理学院工业工程,0,仙林校区,2014-2015学年 第1学期,60745,仙Ⅱ-416,0.0,否,,1,48,,0,0,人因工程,12,第5节-第6节,仙II区,27030030
32.0,400240,先进制造系统(20141-27030060-1),201412703006060746,,3,,37,1-18周,0,李娟,1-18周 周一 第3节-第4节 仙Ⅱ-212,2.0,工程管理学院,否,理论类课程,周一,2014-2015-1,,201412703006060746,2012工程管理学院工业工程,0,仙林校区,2014-2015学年 第1学期,60746,仙Ⅱ-212,0.0,否,,1,32,,0,0,先进制造系统,12,第3节-第4节,仙II区,27030060
32.0,400240,运输与配送管理(20141-27030100-1),201412703010060761,,1,,12,1-18周,0,李敬泉,1-18周 周三 第3节-第4节 教116,2.0,工程管理学院,否,理论类课程,周三,2014-2015-1,,201412703010060761,2011工程管理学院工业工程,0,鼓楼校区,2014-2015学年 第1学期,60761,教116,0.0,否,,1,32,,0,0,运输与配送管理,1,第3节-第4节,教学楼,27030100
32.0,400240,项目管理学(20141-27030110-1),201412703011060762,,1,,17,1-9周,0,李迁,1-9周 周三 第5节-第8节 教116,2.0,工程管理学院,否,理论类课程,周三,2014-2015-1,,201412703011060762,2011工程管理学院工业工程,0,鼓楼校区,2014-2015学年 第1学期,60762,教116,0.0,否,,1,32,,0,0,项目管理学,1,第5节-第8节,教学楼,27030110
32.0,400240,生产计划与排程(20141-27030170-1),201412703017060967,,1,,6,"1-9周,1-9周",0,张莲民,"1-9周 周四 第5节-第6节 教116,1-9周 周二 第7节-第8节 教116",2.0,工程管理学院,否,理论类课程,"周二,周四",2014-2015-1,,201412703017060967,2011工程管理学院工业工程,0,鼓楼校区,2014-2015学年 第1学期,60967,"教116,教116",0.0,否,,1,32,,0,0,生产计划与排程,1,"第7节-第8节,第5节-第6节",教学楼,27030170
48.0,400240,金融系统仿真(20141-27040030-1),201412704003060763,,1,,52,1-18周,0,瞿慧,1-18周 周一 第5节-第8节 教118,3.0,工程管理学院,否,理论类课程,周一,2014-2015-1,,201412704003060763,2011工程管理学院金融工程,0,鼓楼校区,2014-2015学年 第1学期,60763,教118,,否,,1,48,,,0,金融系统仿真,1,第5节-第8节,教学楼,27040030
48.0,400240,金融机构运作与管理(20141-27040050-1),201412704005060751,,3,,48,1-18周,0,"李心丹,肖斌卿",1-18周 周一 第2节-第4节 仙Ⅱ-420,2.0,工程管理学院,否,理论+实践课程,周一,2014-2015-1,,201412704005060751,2012工程管理学院金融工程,0,仙林校区,2014-2015学年 第1学期,60751,仙Ⅱ-420,0.0,否,,5,30,,2,0,金融机构运作与管理,12,第2节-第4节,仙II区,27040050
32.0,400240,结构化金融(20141-27040070-1),201412704007060764,,1,,53,"1-9周,1-9周",0,杨学伟,"1-9周 周二 第5节-第6节 教203,1-9周 周五 第5节-第6节 教203",2.0,工程管理学院,否,理论类课程,"周二,周五",2014-2015-1,,201412704007060764,2011工程管理学院金融工程,0,鼓楼校区,2014-2015学年 第1学期,60764,"教203,教203",0.0,否,,1,32,,0,0,结构化金融,1,"第5节-第6节,第5节-第6节",教学楼,27040070
32.0,400240,金融数据库与数据分析(20141-27040080-1),201412704008060752,,3,,42,1-18周,0,"方立兵,李冬昕",1-18周 周二 第2节-第4节 实验楼乙406,2.0,工程管理学院,否,,周二,2014-2015-1,,201412704008060752,2012工程管理学院金融工程,0,仙林校区,2014-2015学年 第1学期,60752,实验楼乙406,,否,,,,,,0,大数据与金融数据分析,113,第2节-第4节,实验楼乙,27040080
32.0,400240,行为金融学(20141-27040100-1),201412704010060750,,3,,53,1-18周,0,俞红海,1-18周 周五 第1节-第2节 仙Ⅱ-420,2.0,工程管理学院,否,理论类课程,周五,2014-2015-1,,201412704010060750,"2012工程管理学院工业工程,2012工程管理学院金融工程",0,仙林校区,2014-2015学年 第1学期,60750,仙Ⅱ-420,0.0,否,,1,32,,0,0,行为金融学,12,第1节-第2节,仙II区,27040100
80.0,400240,自动控制原理(20141-27050010-1),201412705001060732,,3,,27,"1-18周,1-18周",0,"辛博,陈春林","1-18周 周一 第1节-第3节 仙Ⅱ-112,1-18周 周四 第3节-第4节 实验楼乙435",5.0,工程管理学院,否,理论类课程,"周一,周四",2014-2015-1,,201412705001060732,2012工程管理学院自动化,0,仙林校区,2014-2015学年 第1学期,60732,"仙Ⅱ-112,实验楼乙435",0.0,否,,1,80,,0,0,自动控制原理,"113,12","第1节-第3节,第3节-第4节","实验楼乙, 仙II区",27050010
64.0,400240,电机与电力拖动(20141-27050040-1),201412705004060733,,3,,28,"1-18周,9-18周",0,朱张青,"1-18周 周一 第5节-第6节 仙Ⅱ-401,9-18周 周一 第7节-第8节 实验楼乙527",4.0,工程管理学院,否,理论+实验课程,"周一,周一",2014-2015-1,,201412705004060733,2012工程管理学院自动化,0,仙林校区,2014-2015学年 第1学期,60733,"仙Ⅱ-401,实验楼乙527",,否,,6,,,,0,电机与电力拖动,"113,12","第5节-第6节,第7节-第8节","实验楼乙, 仙II区",27050040
48.0,400240,高级编程语言(20141-27050080-1),201412705008060756,,1,,36,"5-18周,5-18周",0,杨佩,"5-18周 周三 第1节-第2节 ,5-18周 周三 第3节-第4节 ",3.0,工程管理学院,否,,"周三,周三",2014-2015-1,,201412705008060756,2011工程管理学院自动化,0,鼓楼校区,2014-2015学年 第1学期,60756,"仙林实验楼乙楼418,仙林实验楼乙楼418",,否,,,,,,0,高级编程语言,,"第1节-第2节,第3节-第4节",,27050080
48.0,400240,人工智能导论(20141-27050090-1),201412705009060753,,1,,19,5-18周,0,杨佩,5-18周 周二 第5节-第6节 教104,3.0,工程管理学院,否,理论类课程,周二,2014-2015-1,,201412705009060753,2011工程管理学院自动化,0,鼓楼校区,2014-2015学年 第1学期,60753,教104,0.0,否,,1,48,,0,0,人工智能导论,1,第5节-第6节,教学楼,27050090
48.0,400240,智能控制与机器人(20141-27050100-1),201412705010060754,,1,,17,1-18周,0,陈春林,1-18周 周三 第5节-第7节 教114,3.0,工程管理学院,否,理论类课程,周三,2014-2015-1,,201412705010060754,2011工程管理学院自动化,0,鼓楼校区,2014-2015学年 第1学期,60754,教114,0.0,否,,1,48,,0,0,深度强化学习,1,第5节-第7节,教学楼,27050100
48.0,400240,工程光学(20141-27060010-1),201412706001060737,,3,,19,1-18周,0,王峰,1-18周 周三 第2节-第4节 仙Ⅱ-111,3.0,工程管理学院,否,理论类课程,周三,2014-2015-1,,201412706001060737,2012工程管理学院信息工程,0,仙林校区,2014-2015学年 第1学期,60737,仙Ⅱ-111,0.0,否,,1,48,,0,0,工程光学,12,第2节-第4节,仙II区,27060010
16.0,400240,工程光学实验(20141-27060010T-1),2014127060010T60738,,3,,19,1-18周,0,徐伟弘,1-18周 周四 第3节-第4节 实验楼乙311,1.0,工程管理学院,否,实验类课程,周四,2014-2015-1,,2014127060010T60738,2012工程管理学院信息工程,0,仙林校区,2014-2015学年 第1学期,60738,实验楼乙311,16.0,否,,2,0,,0,0,工程光学实验,113,第3节-第4节,实验楼乙,27060010T
32.0,400240,光电技术(20141-27060020-1),201412706002060739,,3,,19,"10-18周,10-18周",0,宋跃江,"10-18周 周一 第5节-第7节 仙Ⅱ-412,10-18周 周四 第5节-第7节 仙Ⅱ-419",2.0,工程管理学院,否,理论类课程,"周一,周四",2014-2015-1,,201412706002060739,2012工程管理学院信息工程,0,仙林校区,2014-2015学年 第1学期,60739,"仙Ⅱ-412,仙Ⅱ-419",0.0,否,,1,32,,0,0,光电技术,12,"第5节-第7节,第5节-第7节",仙II区,27060020
32.0,400240,光电信息工程导论(20141-27060040-1),201412706004060648,,3,,51,1-18周,0,"张旭苹,王光辉",1-18周 周三 第5节-第6节 仙Ⅱ-319,2.0,工程管理学院,否,理论类课程,周三,2014-2015-1,,201412706004060648,2013工程管理学院电气信息类,0,仙林校区,2014-2015学年 第1学期,60648,仙Ⅱ-319,0.0,否,,1,32,,0,0,光电信息工程导论,12,第5节-第6节,仙II区,27060040
32.0,400240,通信原理(20141-27060050-1),201412706005060651,,3,,39,1-18周,0,李密,1-18周 周一 第1节-第2节 仙Ⅱ-319,2.0,工程管理学院,否,理论类课程,周一,2014-2015-1,,201412706005060651,2012工程管理学院信息工程,0,仙林校区,2014-2015学年 第1学期,60651,仙Ⅱ-319,0.0,否,,1,32,,0,0,通信原理,12,第1节-第2节,仙II区,27060050
16.0,400240,通信原理实验(20141-27060050T-1),2014127060050T60654,,3,,18,1-18周,0,李密,1-18周 周一 第3节-第4节 ,1.0,工程管理学院,否,实验类课程,周一,2014-2015-1,,2014127060050T60654,2012工程管理学院信息工程,0,仙林校区,2014-2015学年 第1学期,60654,基础实验楼乙409/418,16.0,否,,2,0,,0,0,通信原理实验,,第3节-第4节,,27060050T
48.0,400240,激光原理与技术(20141-27060060-1),201412706006060741,,3,,18,1-18周,0,李密,1-18周 周二 第5节-第7节 仙Ⅱ-418,3.0,工程管理学院,否,理论类课程,周二,2014-2015-1,,201412706006060741,2012工程管理学院信息工程,0,仙林校区,2014-2015学年 第1学期,60741,仙Ⅱ-418,0.0,否,,1,48,,0,0,激光原理与技术,12,第5节-第7节,仙II区,27060060
32.0,400240,光机电综合课程设计(20141-27060150-1),201412706015060759,,1,,24,,0,,,2.0,工程管理学院,否,,,2014-2015-1,,201412706015060759,2011工程管理学院信息工程,0,鼓楼校区,2014-2015学年 第1学期,60759,,,否,,,,,,0,光机电综合课程设计,,,,27060150
32.0,400260,现代汉语(上)(20141-28000010A-1),2014128000010A59489,,3,,33,4-18周,0,赵学玲,4-18周 周五 第5节-第6节 逸B-209,2.0,海外教育学院,否,理论类课程,周五,2014-2015-1,,2014128000010A59489,2014海外教育学院汉语国际教育,0,仙林校区,2014-2015学年 第1学期,59489,逸B-209,0.0,否,,1,32,,0,0,现代汉语(上),16,第5节-第6节,逸夫楼B区,28000010A
32.0,400260,中国现当代文学(上)(20141-28000020A-1),2014128000020A59494,,3,,33,1-18周,0,丁芳芳,1-18周 周四 第5节-第6节 逸B-210,2.0,海外教育学院,否,理论类课程,周四,2014-2015-1,,2014128000020A59494,2013海外教育学院汉语国际教育,0,仙林校区,2014-2015学年 第1学期,59494,逸B-210,0.0,否,,1,32,,0,0,中国现当代文学(上),16,第5节-第6节,逸夫楼B区,28000020A
128.0,400260,综合汉语(一)(20141-28000110A-1),2014128000110A59880,,1,,0,"4-18周,4-18周,4-18周,4-18周",0,余宁,"4-18周 周二 第1节-第2节 ,4-18周 周三 第3节-第4节 ,4-18周 周一 第3节-第4节 ,4-18周 周四 第1节-第2节 ",8.0,海外教育学院,否,理论类课程,"周一,周二,周三,周四",2014-2015-1,,2014128000110A59880,2014海外教育学院汉语言,0,鼓楼校区,2014-2015学年 第1学期,59880,"曾宪梓楼310,曾宪梓楼310,曾宪梓楼310,曾宪梓楼310",0.0,否,,1,128,,0,0,综合中级汉语（上）,,"第3节-第4节,第1节-第2节,第3节-第4节,第1节-第2节",,28000110A
128.0,400260,综合汉语(一)(20141-28000110A-2),2014128000110A59881,,1,,14,"4-18周,4-18周,4-18周,4-18周",0,宫辰,"4-18周 周二 第1节-第2节 ,4-18周 周五 第3节-第4节 ,4-18周 周三 第3节-第4节 ,4-18周 周一 第3节-第4节 ",8.0,海外教育学院,否,理论类课程,"周一,周二,周三,周五",2014-2015-1,,2014128000110A59881,2014海外教育学院汉语言,0,鼓楼校区,2014-2015学年 第1学期,59881,"曾宪梓楼312,曾宪梓楼312,曾宪梓楼312,曾宪梓楼312",0.0,否,,1,128,,0,0,综合中级汉语（上）,,"第3节-第4节,第1节-第2节,第3节-第4节,第3节-第4节",,28000110A
128.0,400260,综合汉语(三)(20141-28000110C-1),2014128000110C59815,,1,,20,"1-18周,1-18周,1-18周,1-18周",0,杨雪丽,"1-18周 周一 第1节-第2节 ,1-18周 周五 第3节-第4节 ,1-18周 周四 第3节-第4节 ,1-18周 周二 第1节-第2节 ",8.0,海外教育学院,否,理论类课程,"周一,周二,周四,周五",2014-2015-1,,2014128000110C59815,2013海外教育学院汉语言,0,鼓楼校区,2014-2015学年 第1学期,59815,"曾宪梓楼102,曾宪梓楼102,曾宪梓楼102,曾宪梓楼102",0.0,否,,1,128,,0,0,综合汉语(三),,"第1节-第2节,第1节-第2节,第3节-第4节,第3节-第4节",,28000110C
96.0,400260,汉语口语(一)(20141-28000120A-1),2014128000120A59882,,1,,1,"4-18周,4-18周,4-18周",0,"徐昌火,朱锦岚","4-18周 周三 第1节-第2节 ,4-18周 周四 第3节-第4节 ,4-18周 周二 第3节-第4节 ",6.0,海外教育学院,否,理论类课程,"周二,周三,周四",2014-2015-1,,2014128000120A59882,2014海外教育学院汉语言,0,鼓楼校区,2014-2015学年 第1学期,59882,"曾宪梓楼310,曾宪梓楼310,曾宪梓楼310",0.0,否,,1,96,,0,0,汉语口语(一),,"第3节-第4节,第1节-第2节,第3节-第4节",,28000120A
96.0,400260,汉语口语(一)(20141-28000120A-2),2014128000120A59883,,1,,11,"4-18周,4-18周,4-18周",0,李春享,"4-18周 周三 第1节-第2节 ,4-18周 周四 第3节-第4节 ,4-18周 周二 第3节-第4节 ",6.0,海外教育学院,否,理论类课程,"周二,周三,周四",2014-2015-1,,2014128000120A59883,2014海外教育学院汉语言,0,鼓楼校区,2014-2015学年 第1学期,59883,"曾宪梓楼312,曾宪梓楼312,曾宪梓楼312",0.0,否,,1,96,,0,0,汉语口语(一),,"第3节-第4节,第1节-第2节,第3节-第4节",,28000120A
96.0,400260,汉语口语(三)(20141-28000120C-1),2014128000120C59875,,1,,22,"1-18周,1-18周,1-18周",0,杨冬燕,"1-18周 周三 第1节-第2节 ,1-18周 周二 第3节-第4节 ,1-18周 周一 第3节-第4节 ",6.0,海外教育学院,否,理论类课程,"周一,周二,周三",2014-2015-1,,2014128000120C59875,2013海外教育学院汉语言,0,鼓楼校区,2014-2015学年 第1学期,59875,"曾宪梓楼102,曾宪梓楼102,曾宪梓楼102",0.0,否,,1,96,,0,0,汉语口语(三),,"第3节-第4节,第3节-第4节,第1节-第2节",,28000120C
32.0,400260,汉语听力(一)(20141-28000130A-1),2014128000130A59884,,1,,0,"4-18周,4-18周",0,"徐昌火,外聘1","4-18周 周一 第1节-第2节 ,4-18周 周五 第1节-第2节 ",2.0,海外教育学院,否,理论类课程,"周一,周五",2014-2015-1,,2014128000130A59884,2014海外教育学院汉语言,0,鼓楼校区,2014-2015学年 第1学期,59884,"曾宪梓楼310,曾宪梓楼310",0.0,否,,1,32,,0,0,汉语听力(一),,"第1节-第2节,第1节-第2节",,28000130A
32.0,400260,汉语听力(一)(20141-28000130A-2),2014128000130A59885,,1,,12,"4-18周,4-18周",0,"外聘2,张全真","4-18周 周一 第1节-第2节 ,4-18周 周四 第1节-第2节 ",2.0,海外教育学院,否,理论类课程,"周一,周四",2014-2015-1,,2014128000130A59885,2014海外教育学院汉语言,0,鼓楼校区,2014-2015学年 第1学期,59885,"曾宪梓楼312,曾宪梓楼312",0.0,否,,1,32,,0,0,汉语听力(一),,"第1节-第2节,第1节-第2节",,28000130A
32.0,400260,汉语听力(三)(20141-28000130C-1),2014128000130C59876,,1,,20,"1-18周,1-18周",0,"外聘1,徐昌火","1-18周 周四 第1节-第2节 ,1-18周 周三 第3节-第4节 ",2.0,海外教育学院,否,理论类课程,"周三,周四",2014-2015-1,,2014128000130C59876,2013海外教育学院汉语言,0,鼓楼校区,2014-2015学年 第1学期,59876,"曾宪梓楼102,曾宪梓楼102",0.0,否,,1,32,,0,0,汉语听力(三),,"第3节-第4节,第1节-第2节",,28000130C
48.0,400260,汉语写作(一)(20141-28000140A-1),2014128000140A59886,,1,,1,4-18周,0,孙敏,4-18周 周五 第3节-第4节 ,3.0,海外教育学院,否,理论类课程,周五,2014-2015-1,,2014128000140A59886,2014海外教育学院汉语言,0,鼓楼校区,2014-2015学年 第1学期,59886,曾宪梓楼310,0.0,否,,1,48,,0,0,汉语写作(一),,第3节-第4节,,28000140A
48.0,400260,汉语写作(一)(20141-28000140A-2),2014128000140A59887,,1,,12,4-18周,0,徐昌火,4-18周 周五 第1节-第2节 ,3.0,海外教育学院,否,理论类课程,周五,2014-2015-1,,2014128000140A59887,2014海外教育学院汉语言,0,鼓楼校区,2014-2015学年 第1学期,59887,曾宪梓楼312,0.0,否,,1,48,,0,0,汉语写作(一),,第1节-第2节,,28000140A
48.0,400260,汉语写作(三)(20141-28000140C-1),2014128000140C59877,,1,,33,1-18周,0,徐昌火,1-18周 周四 第5节-第6节 ,3.0,海外教育学院,否,理论类课程,周四,2014-2015-1,,2014128000140C59877,2013海外教育学院汉语言,0,鼓楼校区,2014-2015学年 第1学期,59877,曾宪梓楼102,0.0,否,,1,48,,0,0,汉语写作(三),,第5节-第6节,,28000140C
32.0,400260,报刊阅读(一)(20141-28000150A-1),2014128000150A59878,,1,,18,1-18周,0,张海林,1-18周 周五 第1节-第2节 ,2.0,海外教育学院,否,理论+实践课程,周五,2014-2015-1,,2014128000150A59878,2013海外教育学院汉语言,0,鼓楼校区,2014-2015学年 第1学期,59878,曾宪梓楼102,0.0,否,,5,24,,8,0,报刊阅读(一),,第1节-第2节,,28000150A
32.0,400260,新闻汉语(20141-28000160-1),201412800016059792,,1,,27,1-18周,0,李茉莉,1-18周 周二 第3节-第4节 ,2.0,海外教育学院,否,理论类课程,周二,2014-2015-1,,201412800016059792,2012海外教育学院汉语言,0,鼓楼校区,2014-2015学年 第1学期,59792,曾宪梓楼104,0.0,否,,1,32,,0,0,新闻汉语,,第3节-第4节,,28000160
64.0,400260,中国概况(20141-28000170-1),201412800017059879,,1,,81,"1-18周,1-18周",0,吴琼,"1-18周 周四 第7节-第8节 馆2-207,1-18周 周五 第7节-第8节 馆2-207",4.0,海外教育学院,否,理论类课程,"周四,周五",2014-2015-1,,201412800017059879,2013海外教育学院汉语言,0,鼓楼校区,2014-2015学年 第1学期,59879,"馆2-207,馆2-207",0.0,否,,1,64,,0,0,中国概况,8,"第7节-第8节,第7节-第8节",逸夫馆,28000170
128.0,400260,高级汉语综合课(一)(20141-28010010A-1),2014128010010A59794,,1,,27,"1-18周,1-18周,1-18周,1-18周",0,敖雪岗,"1-18周 周二 第1节-第2节 ,1-18周 周三 第3节-第4节 ,1-18周 周一 第3节-第4节 ,1-18周 周四 第1节-第2节 ",8.0,海外教育学院,否,理论+实践课程,"周一,周二,周三,周四",2014-2015-1,,2014128010010A59794,2012海外教育学院汉语言,0,鼓楼校区,2014-2015学年 第1学期,59794,"曾宪梓楼104,曾宪梓楼104,曾宪梓楼104,曾宪梓楼104",0.0,否,,5,64,,64,0,高级汉语读写(一),,"第3节-第4节,第1节-第2节,第3节-第4节,第1节-第2节",,28010010A
64.0,400260,高级汉语口语(一)(20141-28010020A-1),2014128010020A60590,,1,,25,"1-18周,1-18周",0,朱文,"1-18周 周三 第1节-第2节 ,1-18周 周五 第1节-第2节 ",4.0,海外教育学院,否,理论类课程,"周三,周五",2014-2015-1,,2014128010020A60590,2012海外教育学院汉语言,0,鼓楼校区,2014-2015学年 第1学期,60590,"曾宪梓楼104,曾宪梓楼104",0.0,否,,1,64,,0,0,高级汉语口语(一),,"第1节-第2节,第1节-第2节",,28010020A
32.0,400260,中国现当代文学(20141-28010060-1),201412801006060585,,1,,30,1-18周,0,丁芳芳,1-18周 周二 第5节-第6节 ,2.0,海外教育学院,否,理论类课程,周二,2014-2015-1,,201412801006060585,2012海外教育学院汉语言,0,鼓楼校区,2014-2015学年 第1学期,60585,曾宪梓楼104,0.0,否,,1,32,,0,0,中国现当代文学,,第5节-第6节,,28010060
32.0,400260,古代汉语(20141-28010080-1),201412801008059785,,1,,24,1-18周,0,张全真,1-18周 周四 第5节-第6节 ,2.0,海外教育学院,否,理论类课程,周四,2014-2015-1,,201412801008059785,2011海外教育学院汉语言,0,鼓楼校区,2014-2015学年 第1学期,59785,曾宪梓楼312,0.0,否,,1,48,,0,0,古代汉语,,第5节-第6节,,28010080
32.0,400260,古代文学(20141-28010090-1),201412801009059538,,1,,24,1-18周,0,张斌,1-18周 周一 第5节-第7节 ,2.0,海外教育学院,否,理论类课程,周一,2014-2015-1,,201412801009059538,2011海外教育学院汉语言,0,鼓楼校区,2014-2015学年 第1学期,59538,曾宪梓楼102,0.0,否,,1,32,,0,0,古代文学,,第5节-第7节,,28010090
32.0,400260,语言学概论(20141-28010110-1),201412801011059757,,1,,26,1-18周,0,陈佩秋,1-18周 周五 第3节-第4节 ,2.0,海外教育学院,否,理论类课程,周五,2014-2015-1,,201412801011059757,2011海外教育学院汉语言,0,鼓楼校区,2014-2015学年 第1学期,59757,曾宪梓楼104,0.0,否,,1,32,,0,0,语言学概论,,第3节-第4节,,28010110
16.0,400260,毕业论文写作(一)(20141-28010350A-1),2014128010350A59761,,1,,23,2-18周(双),0,徐昌火,2-18周(双) 周二 第5节-第6节 ,1.0,海外教育学院,否,理论+实践课程,周二,2014-2015-1,,2014128010350A59761,2011海外教育学院汉语言,0,鼓楼校区,2014-2015学年 第1学期,59761,曾宪梓楼102,0.0,否,,5,14,,18,0,毕业论文写作(一),,第5节-第6节,,28010350A
32.0,400260,韩汉翻译(一)(20141-28010550A-1),2014128010550A59797,,1,,20,1-18周,0,赵莉,1-18周 周一 第5节-第6节 ,2.0,海外教育学院,否,理论+实践课程,周一,2014-2015-1,,2014128010550A59797,2012海外教育学院汉语言,0,鼓楼校区,2014-2015学年 第1学期,59797,曾宪梓楼104,0.0,否,,5,20,,12,0,外汉翻译（上）,,第5节-第6节,,28010550A
32.0,400260,日汉翻译(一)(20141-28010560A-1),2014128010560A59798,,1,,2,1-18周,0,李茉莉,1-18周 周一 第5节-第6节 ,2.0,海外教育学院,否,理论类课程,周一,2014-2015-1,,2014128010560A59798,2012海外教育学院汉语言,0,鼓楼校区,2014-2015学年 第1学期,59798,曾宪梓楼326,0.0,否,,1,32,,0,0,日汉翻译(一),,第5节-第6节,,28010560A
32.0,400260,英汉翻译(一)(20141-28010570A-1),2014128010570A59799,,1,,5,,0,,,2.0,海外教育学院,否,理论类课程,,2014-2015-1,,2014128010570A59799,,0,鼓楼校区,2014-2015学年 第1学期,59799,,0.0,否,,1,32,,0,0,英汉翻译(一),,,,28010570A
64.0,400260,看电影，学汉语(20141-28010600-1),201412801060060323,,1,,32,"1-18周,1-18周",0,"陈晓燕(小),外聘2","1-18周 周三 第5节-第6节 ,1-18周 周五 第5节-第6节 ",4.0,海外教育学院,否,理论+实践课程,"周三,周五",2014-2015-1,,201412801060060323,2012海外教育学院汉语言,0,鼓楼校区,2014-2015学年 第1学期,60323,"曾宪梓楼104,曾宪梓楼104",0.0,否,,5,44,,20,0,看电影，学汉语,,"第5节-第6节,第5节-第6节",,28010600
32.0,400260,中国近代史(20141-28010630-1),201412801063059767,,1,,10,1-18周,0,张海林,1-18周 周四 第1节-第2节 ,2.0,海外教育学院,否,理论类课程,周四,2014-2015-1,,201412801063059767,2011海外教育学院汉语言,0,鼓楼校区,2014-2015学年 第1学期,59767,曾宪梓楼307,0.0,否,,1,32,,0,0,中国近现代史,,第1节-第2节,,28010630
32.0,400260,汉字与中国文化(20141-28010710-1),201412801071059801,,1,,25,1-18周,0,殷晓明,1-18周 周一 第7节-第8节 ,2.0,海外教育学院,否,理论类课程,周一,2014-2015-1,,201412801071059801,2012海外教育学院汉语言,0,鼓楼校区,2014-2015学年 第1学期,59801,曾宪梓楼104,0.0,否,,1,32,,0,0,汉字与中国文化,,第7节-第8节,,28010710
32.0,400260,商贸汉语(20141-28010720A-1),2014128010720A59802,,1,,26,1-18周,0,徐昌火,1-18周 周四 第7节-第8节 ,2.0,海外教育学院,否,理论类课程,周四,2014-2015-1,,2014128010720A59802,2012海外教育学院汉语言,0,鼓楼校区,2014-2015学年 第1学期,59802,曾宪梓楼104,0.0,否,,1,32,,0,0,基础商贸汉语,,第7节-第8节,,28010720A
32.0,400260,当代中国外交(20141-28010730-1),201412801073059803,,1,,24,1-18周,0,杨冬燕,1-18周 周二 第7节-第8节 ,2.0,海外教育学院,否,理论类课程,周二,2014-2015-1,,201412801073059803,2012海外教育学院汉语言,0,鼓楼校区,2014-2015学年 第1学期,59803,曾宪梓楼106,0.0,否,,1,32,,0,0,当代中国外交,,第7节-第8节,,28010730
32.0,400260,正音(20141-28010780-1),201412801078059787,,1,,16,1-18周,0,陈莎,1-18周 周五 第5节-第6节 ,2.0,海外教育学院,否,理论+实践课程,周五,2014-2015-1,,201412801078059787,2011海外教育学院汉语言,0,鼓楼校区,2014-2015学年 第1学期,59787,曾宪梓楼102,0.0,否,,5,10,,22,0,正音,,第5节-第6节,,28010780
32.0,400260,唐诗选读(20141-28010810-1),201412801081059789,,1,,15,1-18周,0,景凯旋,1-18周 周四 第3节-第4节 ,2.0,海外教育学院,否,理论类课程,周四,2014-2015-1,,201412801081059789,2011海外教育学院汉语言,0,鼓楼校区,2014-2015学年 第1学期,59789,曾宪梓楼104,0.0,否,,1,32,,0,0,中国古诗选读,,第3节-第4节,,28010810
32.0,400260,古代汉语(上)(20141-28020020A-1),2014128020020A59504,,3,,37,1-18周,0,宫辰,1-18周 周二 第5节-第6节 逸B-210,2.0,海外教育学院,否,理论类课程,周二,2014-2015-1,,2014128020020A59504,2013海外教育学院汉语国际教育,0,仙林校区,2014-2015学年 第1学期,59504,逸B-210,0.0,否,,1,32,,0,0,古代汉语(上),16,第5节-第6节,逸夫楼B区,28020020A
48.0,400260,中国古代文学(上)(20141-28020030A-1),2014128020030A59507,,3,,31,1-18周,0,敖雪岗,1-18周 周一 第5节-第7节 逸C-102,3.0,海外教育学院,否,理论类课程,周一,2014-2015-1,,2014128020030A59507,2013海外教育学院汉语国际教育,0,仙林校区,2014-2015学年 第1学期,59507,逸C-102,0.0,否,,1,48,,0,0,中国古代文学(上),17,第5节-第7节,逸夫楼C区,28020030A
32.0,400260,外国文学(上)(20141-28020050A-1),2014128020050A59509,,3,,30,1-18周,0,孙敏,1-18周 周五 第5节-第6节 逸B-210,2.0,海外教育学院,否,理论类课程,周五,2014-2015-1,,2014128020050A59509,2012海外教育学院海外教育类,0,仙林校区,2014-2015学年 第1学期,59509,逸B-210,0.0,否,,1,32,,0,0,外国文学(上),16,第5节-第6节,逸夫楼B区,28020050A
32.0,400260,对外汉语教学概论(20141-28020060-1),201412802006059513,,3,,34,1-18周,0,曹贤文,1-18周 周四 第5节-第6节 逸C-210,2.0,海外教育学院,否,理论类课程,周四,2014-2015-1,,201412802006059513,2012海外教育学院海外教育类,0,仙林校区,2014-2015学年 第1学期,59513,逸C-210,0.0,否,,1,32,,0,0,对外汉语教学概论,17,第5节-第6节,逸夫楼C区,28020060
32.0,400260,高级英语听说(二)(20141-28020070B-1),2014128020070B59515,,3,,29,1-18周,0,杨柳,1-18周 周三 第5节-第6节 逸C-210,2.0,海外教育学院,否,理论类课程,周三,2014-2015-1,,2014128020070B59515,2012海外教育学院海外教育类,0,仙林校区,2014-2015学年 第1学期,59515,逸C-210,0.0,否,,1,32,,0,0,高级英语听说(二),17,第5节-第6节,逸夫楼C区,28020070B
32.0,400260,西方文化与礼仪/英美文化(20141-28020390-1),201412802039059519,,3,,8,,0,,,2.0,海外教育学院,否,理论类课程,,2014-2015-1,,201412802039059519,,0,仙林校区,2014-2015学年 第1学期,59519,,0.0,否,,1,32,,0,0,西方文化与礼仪/英美文化,,,,28020390
32.0,400260,中国文化概论(20141-28020460-1),201412802046059517,,3,,38,1-18周,0,吴琼,1-18周 周五 第3节-第4节 逸C-210,2.0,海外教育学院,否,理论类课程,周五,2014-2015-1,,201412802046059517,2012海外教育学院海外教育类,0,仙林校区,2014-2015学年 第1学期,59517,逸C-210,0.0,否,,1,32,,0,0,中国文化概论,17,第3节-第4节,逸夫楼C区,28020460
32.0,400260,中国思想史(20141-28020530-1),201412802053059530,,1,,8,1-18周,0,景凯旋,1-18周 周四 第5节-第6节 ,2.0,海外教育学院,否,理论类课程,周四,2014-2015-1,,201412802053059530,2011海外教育学院海外教育类,0,鼓楼校区,2014-2015学年 第1学期,59530,曾宪梓楼307,0.0,否,,1,32,,0,0,中国思想史,,第5节-第6节,,28020530
32.0,400260,二外日语(20141-28020540A-1),2014128020540A59521,,3,,24,1-18周,0,李茉莉,1-18周 周二 第5节-第6节 逸C-210,2.0,海外教育学院,否,理论类课程,周二,2014-2015-1,,2014128020540A59521,2012海外教育学院海外教育类,0,仙林校区,2014-2015学年 第1学期,59521,逸C-210,0.0,否,,1,32,,0,0,二外日语,17,第5节-第6节,逸夫楼C区,28020540A
32.0,400260,二战后美国电影(20141-28020560-1),201412802056060595,,3,,27,1-18周,0,邵崇忠,1-18周 周四 第1节-第2节 逸A-213,2.0,海外教育学院,否,理论类课程,周四,2014-2015-1,,201412802056060595,2012海外教育学院海外教育类,0,仙林校区,2014-2015学年 第1学期,60595,逸A-213,0.0,否,,1,32,,0,0,二战后美国电影,15,第1节-第2节,逸夫楼A区,28020560
32.0,400260,汉语史(20141-28020580-1),201412802058059532,,1,,16,1-18周,0,张全真,1-18周 周二 第5节-第6节 ,2.0,海外教育学院,否,理论类课程,周二,2014-2015-1,,201412802058059532,2011海外教育学院海外教育类,0,鼓楼校区,2014-2015学年 第1学期,59532,曾宪梓楼307,0.0,否,,1,32,,0,0,汉语史,,第5节-第6节,,28020580
32.0,400260,二外德语（一）(20141-28020630A-1),2014128020630A59958,,3,,16,1-18周,0,朱锦岚,1-18周 周一 第5节-第6节 逸C-210,2.0,海外教育学院,否,理论类课程,周一,2014-2015-1,,2014128020630A59958,2012海外教育学院海外教育类,0,仙林校区,2014-2015学年 第1学期,59958,逸C-210,0.0,否,,1,32,,0,0,二外德语（一）,17,第5节-第6节,逸夫楼C区,28020630A
96.0,400260,高级汉语(20141-28030010-1),201412803001059888,,3,,44,"4-18周,4-18周",0,徐昌火,"4-18周 周一 第9节-第11节 逸B-301,4-18周 周四 第9节-第11节 逸B-301",6.0,海外教育学院,否,理论类课程,"周一,周四",2014-2015-1,,201412803001059888,2014海外教育学院汉语言,0,仙林校区,2014-2015学年 第1学期,59888,"逸B-301,逸B-301",0.0,否,,1,96,,0,0,高级汉语（上）,16,"第9节-第11节,第9节-第11节",逸夫楼B区,28030010
96.0,400260,简明微积分(上)(20141-28030020A-1),2014128030020A60587,,3,,16,"4-18周,4-18周",0,吴婷,"4-18周 周一 第5节-第7节 仙Ⅰ-213,4-18周 周四 第5节-第7节 仙Ⅰ-213",6.0,海外教育学院,否,理论类课程,"周一,周四",2014-2015-1,,2014128030020A60587,2014海外教育学院汉语言,0,仙林校区,2014-2015学年 第1学期,60587,"仙Ⅰ-213,仙Ⅰ-213",0.0,否,,1,96,,0,0,简明微积分(上),11,"第5节-第7节,第5节-第7节",仙I区,28030020A
48.0,400260,大学计算机信息技术(一级)(20141-28030030-1),201412803003060097,,3,,30,"4-18周,4-18周",0,金莹,"4-18周 周二 第5节-第6节 逸B-111,4-18周 周三 第7节-第8节 逸B-111",3.0,海外教育学院,否,理论类课程,"周二,周三",2014-2015-1,,201412803003060097,2014海外教育学院汉语言,0,仙林校区,2014-2015学年 第1学期,60097,"逸B-111,逸B-111",0.0,否,,1,48,,0,0,大学计算机信息技术(一级),16,"第5节-第6节,第7节-第8节",逸夫楼B区,28030030
32.0,400260,大学计算机应用(一级)(20141-28030040-1),201412803004060196,,3,,29,4-18周,0,金莹,4-18周 周二 第7节-第8节 ,2.0,海外教育学院,否,,周二,2014-2015-1,,201412803004060196,2014海外教育学院汉语言,0,仙林校区,2014-2015学年 第1学期,60196,实验楼乙109,,否,,,,,,0,大学计算机应用(一级),,第7节-第8节,,28030040
32.0,400280,设计基础（一）(20141-29010010A-1),2014129010010A59069,,1,,30,4-18周,0,邬烈炎,4-18周 周五 第5节-第8节 ,2.0,建筑与城市规划学院,否,,周五,2014-2015-1,,2014129010010A59069,2014建筑与城市规划学院建筑学,0,鼓楼校区,2014-2015学年 第1学期,59069,南艺设计教室,,否,,,,,,0,设计基础（一）,,第5节-第8节,,29010010A
64.0,400280,建筑设计基础(20141-29010020-1),201412901002059112,,1,,37,1-18周,0,"刘铨,冷天",1-18周 周五 第5节-第8节 ,4.0,建筑与城市规划学院,否,,周五,2014-2015-1,,201412901002059112,2013建筑与城市规划学院建筑学,0,鼓楼校区,2014-2015学年 第1学期,59112,费楼A208,,否,,,,,,0,建筑设计基础,,第5节-第8节,,29010020
32.0,400280,建筑导论(20141-29010030-1),201412901003059111,,1,,39,1-18周,0,赵辰,1-18周 周三 第5节-第6节 教103,2.0,建筑与城市规划学院,否,理论类课程,周三,2014-2015-1,,201412901003059111,2013建筑与城市规划学院建筑学,0,鼓楼校区,2014-2015学年 第1学期,59111,教103,0.0,否,,1,32,,0,0,建筑导论,1,第5节-第6节,教学楼,29010030
32.0,400280,中国建筑史（近现代）(20141-29010050-1),201412901005059121,,1,,41,1-18周,0,"冷天,赵辰",1-18周 周一 第3节-第4节 教105,2.0,建筑与城市规划学院,否,理论类课程,周一,2014-2015-1,,201412901005059121,2012建筑与城市规划学院建筑学,0,鼓楼校区,2014-2015学年 第1学期,59121,教105,0.0,否,,1,32,,0,0,中国建筑史（近现代）,1,第3节-第4节,教学楼,29010050
32.0,400280,外国建筑史（古代）(20141-29010060-1),201412901006059113,,1,,53,1-18周,0,"王丹丹,胡恒",1-18周 周五 第3节-第4节 教103,2.0,建筑与城市规划学院,否,理论类课程,周五,2014-2015-1,,201412901006059113,2013建筑与城市规划学院建筑学,0,鼓楼校区,2014-2015学年 第1学期,59113,教103,0.0,否,,1,32,,0,0,外国建筑史（古代）,1,第3节-第4节,教学楼,29010060
32.0,400280,外国建筑史（当代）(20141-29010070-1),201412901007059120,,1,,40,1-18周,0,胡恒,1-18周 周四 第5节-第6节 教103,2.0,建筑与城市规划学院,否,理论类课程,周四,2014-2015-1,,201412901007059120,2012建筑与城市规划学院建筑学,0,鼓楼校区,2014-2015学年 第1学期,59120,教103,0.0,否,,1,32,,0,0,外国建筑史（当代）,1,第5节-第6节,教学楼,29010070
32.0,400280,建筑设计基本原理(20141-29010080-1),201412901008059119,,1,,40,1-18周,0,"窦平平,周凌",1-18周 周二 第1节-第2节 教103,2.0,建筑与城市规划学院,否,理论类课程,周二,2014-2015-1,,201412901008059119,2012建筑与城市规划学院建筑学,0,鼓楼校区,2014-2015学年 第1学期,59119,教103,0.0,否,,1,32,,0,0,建筑设计原理,1,第1节-第2节,教学楼,29010080
32.0,400280,CAAD理论与实践(20141-29010090-1),201412901009059114,,1,,41,1-18周,0,童滋雨,1-18周 周三 第7节-第8节 教103,2.0,建筑与城市规划学院,否,理论+实践课程,周三,2014-2015-1,,201412901009059114,2013建筑与城市规划学院建筑学,0,鼓楼校区,2014-2015学年 第1学期,59114,教103,0.0,否,,5,16,,16,0,CAAD理论与实践,1,第7节-第8节,教学楼,29010090
32.0,400280,建筑技术（一）,201412901012059118,,1,,41,1-18周,0,傅筱,1-18周 周三 第1节-第2节 教103,2.0,建筑与城市规划学院,否,,周三,2014-2015-1,,201412901012059118,2012建筑与城市规划学院建筑学,0,鼓楼校区,2014-2015学年 第1学期,59118,教103,,否,,,,,,0,建筑技术（一）,1,第1节-第2节,教学楼,29010120
32.0,400280,城市设计及其理论(20141-29010210-1),201412901021059497,,1,,76,1-18周,0,"丁沃沃,胡友培",1-18周 周一 第5节-第6节 教101,2.0,建筑与城市规划学院,否,理论类课程,周一,2014-2015-1,,201412901021059497,"2011建筑与城市规划学院建筑学,2012建筑与城市规划学院城市规划",0,鼓楼校区,2014-2015学年 第1学期,59497,教101,0.0,否,,1,32,,0,0,城市设计理论与方法,1,第5节-第6节,教学楼,29010210
32.0,400280,BIM技术运用(20141-29010240-1),201412901024059498,,1,,35,"1-9周,1-9周",0,傅筱,"1-9周 周二 第7节-第8节 ,1-9周 周三 第7节-第8节 ",2.0,建筑与城市规划学院,否,,"周二,周三",2014-2015-1,,201412901024059498,2011建筑与城市规划学院建筑学,0,鼓楼校区,2014-2015学年 第1学期,59498,"费A101,费A101",,否,,,,,36,0,BIM技术运用,,"第7节-第8节,第7节-第8节",,29010240
32.0,400280,建设工程项目管理(20141-29010610-1),201412901061059501,,1,,35,1-18周,0,谢明瑞,1-18周 周四 第5节-第6节 教104,2.0,建筑与城市规划学院,否,理论类课程,周四,2014-2015-1,,201412901061059501,2011建筑与城市规划学院建筑学,0,鼓楼校区,2014-2015学年 第1学期,59501,教104,0.0,否,,1,32,,0,0,建设工程项目管理,1,第5节-第6节,教学楼,29010610
32.0,400280,景观规划设计及其理论(20141-29010650-1),201412901065059771,,1,,35,1-18周,0,尹航,1-18周 周四 第3节-第4节 教104,2.0,建筑与城市规划学院,否,理论类课程,周四,2014-2015-1,,201412901065059771,2011建筑与城市规划学院建筑学,0,鼓楼校区,2014-2015学年 第1学期,59771,教104,0.0,否,,1,32,,0,0,风景园林历史与理论,1,第3节-第4节,教学楼,29010650
32.0,400280,建筑节能与绿色建筑(20141-29010660-1),201412901066059502,,1,,35,1-18周,0,秦孟昊,1-18周 周五 第3节-第4节 教104,2.0,建筑与城市规划学院,否,理论类课程,周五,2014-2015-1,,201412901066059502,2011建筑与城市规划学院建筑学,0,鼓楼校区,2014-2015学年 第1学期,59502,教104,0.0,否,,1,32,,0,0,建筑节能与绿色建筑,1,第3节-第4节,教学楼,29010660
64.0,400280,建筑设计（三）(20141-29011110-1),201412901111059123,,1,,38,"1-9周,1-9周",0,"童滋雨,窦平平,周凌","1-9周 周二 第3节-第6节 ,1-9周 周三 第3节-第6节 ",4.0,建筑与城市规划学院,否,,"周二,周三",2014-2015-1,,201412901111059123,2012建筑与城市规划学院建筑学,0,鼓楼校区,2014-2015学年 第1学期,59123,"费A210,费A210",,否,,,,,,0,建筑设计（三）,,"第3节-第6节,第3节-第6节",,29011110
64.0,400280,建筑设计（四）(20141-29011140-1),201412901114059122,,1,,38,"10-18周,10-18周",0,"窦平平,周凌,童滋雨","10-18周 周二 第3节-第6节 ,10-18周 周三 第3节-第6节 ",4.0,建筑与城市规划学院,否,理论+实验课程,"周二,周三",2014-2015-1,,201412901114059122,2012建筑与城市规划学院建筑学,0,鼓楼校区,2014-2015学年 第1学期,59122,"费A210,费A210",,否,,6,,,,0,建筑设计（四）,,"第3节-第6节,第3节-第6节",,29011140
64.0,400280,建筑设计（六）(20141-29011190-1),201412901119059499,,1,,35,"1-9周,1-9周",0,"尹航,吉国华,胡友培","1-9周 周二 第3节-第6节 ,1-9周 周三 第3节-第6节 ",4.0,建筑与城市规划学院,否,理论+实验课程,"周二,周三",2014-2015-1,,201412901119059499,2011建筑与城市规划学院建筑学,0,鼓楼校区,2014-2015学年 第1学期,59499,"费A203,费A203",,否,,6,,,,0,建筑设计 （六）,,"第3节-第6节,第3节-第6节",,29011190
64.0,400280,建筑设计（七）(20141-29011200-1),201412901120059500,,1,,35,"10-18周,10-18周",0,"吉国华,尹航,胡友培","10-18周 周二 第3节-第6节 ,10-18周 周三 第3节-第6节 ",4.0,建筑与城市规划学院,否,理论+实验课程,"周二,周三",2014-2015-1,,201412901120059500,2011建筑与城市规划学院建筑学,0,鼓楼校区,2014-2015学年 第1学期,59500,"费A203,费A203",,否,,6,,,,0,建筑设计（七）,,"第3节-第6节,第3节-第6节",,29011200
32.0,400280,自然地理与工程地质学(20141-29020010-2),201412902001059845,,3,,43,4-18周,0,祁毅,4-18周 周三 第5节-第6节 仙Ⅱ-115,2.0,建筑与城市规划学院,否,理论类课程,周三,2014-2015-1,,201412902001059845,2014建筑与城市规划学院城乡规划,0,仙林校区,2014-2015学年 第1学期,59845,仙Ⅱ-115,0.0,否,,1,32,,0,0,自然地理与工程地质学,12,第5节-第6节,仙II区,29020010
32.0,400280,建筑概论与制图(20141-29020030-1),201412902003059843,,3,,32,4-18周,0,马晓,4-18周 周二 第5节-第6节 ,2.0,建筑与城市规划学院,否,理论+实验课程,周二,2014-2015-1,,201412902003059843,2014建筑与城市规划学院城乡规划,0,仙林校区,2014-2015学年 第1学期,59843,基础实验楼丙211,,否,,6,,,,0,建筑概论与制图,,第5节-第6节,,29020030
48.0,400280,城乡规划原理（1）规划总论(20141-29020040A-1),2014129020040A59117,,1,,78,1-18周,0,张京祥,1-18周 周五 第5节-第7节 教121,3.0,建筑与城市规划学院,否,理论类课程,周五,2014-2015-1,,2014129020040A59117,"2012建筑与城市规划学院建筑学,2012建筑与城市规划学院城市规划",0,鼓楼校区,2014-2015学年 第1学期,59117,教121,0.0,否,,1,48,,0,0,城乡规划原理（1）规划总论,1,第5节-第7节,教学楼,29020040A
48.0,400280,城乡规划原理（2）修详设计(20141-29020040B-1),2014129020040B59865,,1,,48,1-18周,0,"刘铭伟,张益峰",1-18周 周二 第3节-第7节 ,3.0,建筑与城市规划学院,否,理论+实验课程,周二,2014-2015-1,,2014129020040B59865,2012建筑与城市规划学院城市规划,0,鼓楼校区,2014-2015学年 第1学期,59865,费A202,,否,,6,,,,0,城市规划原理[2]修详设计,,第3节-第7节,,29020040B
48.0,400280,风景园林规划设计(20141-29020050-1),201412902005059859,,3,,41,1-18周,0,钱慧,1-18周 周四 第5节-第7节 逸C-104,3.0,建筑与城市规划学院,否,理论类课程,周四,2014-2015-1,,201412902005059859,2013建筑与城市规划学院城乡规划,0,仙林校区,2014-2015学年 第1学期,59859,逸C-104,0.0,否,,1,48,,0,0,风景园林规划设计,17,第5节-第7节,逸夫楼C区,29020050
48.0,400280,城市道路交通规划与设计(20141-29020060-1),201412902006059116,,1,,62,1-18周,0,刘贤腾,1-18周 周四 第2节-第4节 教121,3.0,建筑与城市规划学院,否,理论类课程,周四,2014-2015-1,,201412902006059116,"2012建筑与城市规划学院建筑学,2012建筑与城市规划学院城市规划",0,鼓楼校区,2014-2015学年 第1学期,59116,教121,0.0,否,,1,48,,0,0,城市道路交通规划与设计,1,第2节-第4节,教学楼,29020060
48.0,400280,数字城市规划与设计(20141-29020070-1),201412902007060106,,1,,55,"1-18周,1-18周",0,"祁毅,徐建刚","1-18周 周四 第3节-第4节 教105,1-18周 周四 第5节-第6节 ",3.0,建筑与城市规划学院,否,理论+实验课程,"周四,周四",2014-2015-1,,201412902007060106,2011建筑与城市规划学院城市规划,0,鼓楼校区,2014-2015学年 第1学期,60106,"教105,计算中心300",32.0,否,,6,32,,0,0,数字城市规划与设计,1,"第3节-第4节,第5节-第6节",教学楼,29020070
32.0,400280,虚拟城市与环境建模(20141-29020110-1),201412902011059867,,1,,8,1-18周,0,祁毅,1-18周 周四 第7节-第8节 ,2.0,建筑与城市规划学院,否,理论+实践课程,周四,2014-2015-1,,201412902011059867,2010建筑与城市规划学院城市规划,0,鼓楼校区,2014-2015学年 第1学期,59867,费A101,,否,,5,16,,16,0,虚拟城市与环境建模,,第7节-第8节,,29020110
32.0,400280,美术（1）(20141-29020120A-1),2014129020120A59847,,3,,36,5-13周,0,何仲禹,5-13周 周五 第5节-第8节 ,2.0,建筑与城市规划学院,否,,周五,2014-2015-1,,2014129020120A59847,2014建筑与城市规划学院城乡规划,0,仙林校区,2014-2015学年 第1学期,59847,基础实验楼丙211,,否,,,,,,0,美术（1）,,第5节-第8节,,29020120A
48.0,400280,城市工程系统规划与设计(20141-29020140-1),201412902014059862,,1,,45,1-18周,0,耿土锁,1-18周 周四 第5节-第7节 教105,3.0,建筑与城市规划学院,否,理论类课程,周四,2014-2015-1,,201412902014059862,2012建筑与城市规划学院城市规划,0,鼓楼校区,2014-2015学年 第1学期,59862,教105,0.0,否,,1,48,,0,0,城市工程系统规划与设计,1,第5节-第7节,教学楼,29020140
32.0,400280,城市地理学(20141-29020150-1),201412902015059856,,3,,47,1-18周,0,黄春晓,1-18周 周五 第3节-第4节 逸C-306,2.0,建筑与城市规划学院,否,理论类课程,周五,2014-2015-1,,201412902015059856,2013建筑与城市规划学院城乡规划,0,仙林校区,2014-2015学年 第1学期,59856,逸C-306,0.0,否,,1,32,,0,0,城市地理学,17,第3节-第4节,逸夫楼C区,29020150
32.0,400280,城市与区域规划实务讲座(20141-29020190-1),201412902019059868,,1,,6,,0,,,2.0,建筑与城市规划学院,否,理论类课程,,2014-2015-1,,201412902019059868,,0,鼓楼校区,2014-2015学年 第1学期,59868,,0.0,否,,1,32,,0,0,城市与区域规划实务讲座,,,,29020190
32.0,400280,西方经典规划文献导读(20141-29020200-1),201412902020060108,,1,,24,1-18周,0,王红扬,1-18周 周三 第3节-第4节 教105,2.0,建筑与城市规划学院,否,,周三,2014-2015-1,,201412902020060108,2011建筑与城市规划学院城市规划,0,鼓楼校区,2014-2015学年 第1学期,60108,教105,,否,,,,,,0,西方经典规划文献导读,1,第3节-第4节,教学楼,29020200
16.0,400280,城市与区域规划知识讲座(20141-29020230-1),201412902023059846,,3,,44,4-18周,0,姚鑫,4-18周 周四 第5节-第6节 仙Ⅱ-115,1.0,建筑与城市规划学院,否,理论类课程,周四,2014-2015-1,,201412902023059846,2014建筑与城市规划学院城乡规划,0,仙林校区,2014-2015学年 第1学期,59846,仙Ⅱ-115,0.0,否,,1,16,,0,0,城市与区域规划知识讲座,12,第5节-第6节,仙II区,29020230
32.0,400280,城市设计（课程设计）(20141-29020240-1),201412902024060110,,1,,54,1-18周,0,"朱喜钢,张益峰",1-18周 周五 第3节-第4节 ,2.0,建筑与城市规划学院,否,理论+实验课程,周五,2014-2015-1,,201412902024060110,2011建筑与城市规划学院城市规划,0,鼓楼校区,2014-2015学年 第1学期,60110,费A204,,否,,6,,,,0,城市设计（课程设计）,,第3节-第4节,,29020240
32.0,400280,区域分析与区域规划(20141-29020250-1),201412902025060109,,1,,53,1-18周,0,翟国方,1-18周 周五 第5节-第6节 教105,2.0,建筑与城市规划学院,否,理论+实践课程,周五,2014-2015-1,,201412902025060109,2011建筑与城市规划学院城市规划,0,鼓楼校区,2014-2015学年 第1学期,60109,教105,0.0,否,,5,32,,16,0,区域发展与规划,1,第5节-第6节,教学楼,29020250
32.0,400280,经济地理学(20141-29020260-1),201412902026059857,,3,,42,1-18周,0,罗小龙,1-18周 周一 第5节-第6节 逸C-103,2.0,建筑与城市规划学院,否,理论类课程,周一,2014-2015-1,,201412902026059857,2013建筑与城市规划学院城乡规划,0,仙林校区,2014-2015学年 第1学期,59857,逸C-103,0.0,否,,1,32,,0,0,经济地理学,17,第5节-第6节,逸夫楼C区,29020260
32.0,400280,规划管理与法规(20141-29020310-1),201412902031060107,,1,,52,1-18周,0,葛幼松,1-18周 周一 第5节-第6节 教105,2.0,建筑与城市规划学院,否,理论类课程,周一,2014-2015-1,,201412902031060107,2011建筑与城市规划学院城市规划,0,鼓楼校区,2014-2015学年 第1学期,60107,教105,0.0,否,,1,32,,0,0,规划管理与法规,1,第5节-第6节,教学楼,29020310
32.0,400280,城市与区域规划理论讲座(20141-29020380-1),201412902038059869,,1,,13,1-18周,0,姚鑫,1-18周 周二 第3节-第4节 教104,2.0,建筑与城市规划学院,否,理论类课程,周二,2014-2015-1,,201412902038059869,2010建筑与城市规划学院城市规划,0,鼓楼校区,2014-2015学年 第1学期,59869,教104,0.0,否,,1,32,,0,0,城市与区域规划理论讲座,1,第3节-第4节,教学楼,29020380
16.0,400280,国际城市与区域研究前沿(20141-29020800-1),201412902080060048,,1,,86,"10-14周,10-13周",0,Leo van Grunsven,"10-14周 周一 第3节-第4节 馆1-307,10-13周 周三 第5节-第6节 馆1-307",1.0,建筑与城市规划学院,否,理论类课程,"周一,周三",2014-2015-1,,201412902080060048,"2010建筑与城市规划学院城市规划,2012建筑与城市规划学院城市规划,2011建筑与城市规划学院城市规划",0,鼓楼校区,2014-2015学年 第1学期,60048,"馆1-307,馆1-307",0.0,否,,1,16,,0,0,国际城市与区域研究前沿,8,"第3节-第4节,第5节-第6节",逸夫馆,29020800
64.0,400280,建筑设计(1)(20141-29020830-1),201412902083059858,,3,,38,1-18周,0,"马晓,顾媛媛,刘铭伟",1-18周 周三 第3节-第7节 ,4.0,建筑与城市规划学院,否,理论+实验课程,周三,2014-2015-1,,201412902083059858,2013建筑与城市规划学院城乡规划,0,仙林校区,2014-2015学年 第1学期,59858,基础实验楼甲207,,否,,6,,,,0,建筑设计(1),,第3节-第7节,,29020830
48.0,000000,微观经济学,201413400001063737,,3,,257,1-18周,0,第二专业—微观经济学教师,1-18周 自由时间 - ,3.0,公共课程,否,,自由时间,2014-2015-1,,201413400001063737,,0,仙林校区,2014-2015学年 第1学期,63737,自排,,否,,,,,,0,微观经济学,,自由时间,,34000010
48.0,000000,宏观经济学,201413400002063738,,3,,247,1-18周,0,第二专业—宏观经济学教师,1-18周 自由时间 - ,3.0,公共课程,否,,自由时间,2014-2015-1,,201413400002063738,,0,仙林校区,2014-2015学年 第1学期,63738,自排,,否,,,,,,0,宏观经济学,,自由时间,,34000020
48.0,000000,会计学,201413400003063739,,3,,262,1-18周,0,第二专业—会计学教师,1-18周 自由时间 - ,3.0,公共课程,否,,自由时间,2014-2015-1,,201413400003063739,,0,仙林校区,2014-2015学年 第1学期,63739,自排,,否,,,,,,0,会计学,,自由时间,,34000030
48.0,000000,管理学,201413400004063740,,3,,89,1-18周,0,第二专业—管理学教师,1-18周 自由时间 - ,3.0,公共课程,否,,自由时间,2014-2015-1,,201413400004063740,,0,仙林校区,2014-2015学年 第1学期,63740,自排,,否,,,,,,0,管理学,,自由时间,,34000040
48.0,000000,政治经济学（上）,2014134000050A63741,,3,,181,1-18周,0,第二专业—政治经济学教师,1-18周 自由时间 - ,3.0,公共课程,否,,自由时间,2014-2015-1,,2014134000050A63741,,0,仙林校区,2014-2015学年 第1学期,63741,自排,,否,,,,,,0,政治经济学（上）,,自由时间,,34000050A
48.0,000000,金融工程学,201413400017063742,,3,,179,1-18周,0,第二专业—金融工程学教师,1-18周 自由时间 - ,3.0,公共课程,否,,自由时间,2014-2015-1,,201413400017063742,,0,仙林校区,2014-2015学年 第1学期,63742,自排,,否,,,,,,0,金融工程学,,自由时间,,34000170
48.0,000000,计量经济学,201413400018063743,,3,,173,1-18周,0,第二专业—计量经济学教师,1-18周 自由时间 - ,3.0,公共课程,否,,自由时间,2014-2015-1,,201413400018063743,,0,仙林校区,2014-2015学年 第1学期,63743,自排,,否,,,,,,0,计量经济学,,自由时间,,34000180
48.0,000000,成本会计,201413400019063744,,3,,73,1-18周,0,第二专业—成本会计教师,1-18周 自由时间 - ,3.0,公共课程,否,,自由时间,2014-2015-1,,201413400019063744,,0,仙林校区,2014-2015学年 第1学期,63744,自排,,否,,,,,,0,成本会计,,自由时间,,34000190
48.0,000000,管理会计,201413400020063745,,3,,72,1-18周,0,第二专业—管理会计教师,1-18周 自由时间 - ,3.0,公共课程,否,,自由时间,2014-2015-1,,201413400020063745,,0,仙林校区,2014-2015学年 第1学期,63745,自排,,否,,,,,,0,管理会计,,自由时间,,34000200
48.0,000000,高级财务会计,201413400023063746,,3,,111,1-18周,0,第二专业—财务会计,1-18周 自由时间 - ,3.0,公共课程,否,,自由时间,2014-2015-1,,201413400023063746,,0,仙林校区,2014-2015学年 第1学期,63746,自排,,否,,,,,,0,高级财务会计,,自由时间,,34000230
32.0,000000,民法(总论),2014134020010A63747,,3,,48,1-18周,0,第二专业—民法教师,1-18周 自由时间 - ,2.0,公共课程,否,,自由时间,2014-2015-1,,2014134020010A63747,,0,仙林校区,2014-2015学年 第1学期,63747,自排,,否,,,,,,0,民法(总论),,自由时间,,34020010A
32.0,000000,国际公法,201413402002063748,,3,,45,1-18周,0,第二专业—国际公法教师,1-18周 自由时间 - ,2.0,公共课程,否,,自由时间,2014-2015-1,,201413402002063748,,0,仙林校区,2014-2015学年 第1学期,63748,自排,,否,,,,,,0,国际公法,,自由时间,,34020020
64.0,000000,刑法学(总论),2014134020040A63749,,3,,58,1-18周,0,第二专业—刑法学教师,1-18周 自由时间 - ,4.0,公共课程,否,,自由时间,2014-2015-1,,2014134020040A63749,,0,仙林校区,2014-2015学年 第1学期,63749,自排,,否,,,,,,0,刑法学(总论),,自由时间,,34020040A
32.0,000000,知识产权法学,201413402012063750,,3,,52,1-18周,0,第二专业—知识产权法学教师,1-18周 自由时间 - ,2.0,公共课程,否,,自由时间,2014-2015-1,,201413402012063750,,0,仙林校区,2014-2015学年 第1学期,63750,自排,,否,,,,,,0,知识产权法学,,自由时间,,34020120
32.0,000000,宪法学,201413402013063751,,3,,40,1-18周,0,第二专业—宪法学教师,1-18周 自由时间 - ,2.0,公共课程,否,,自由时间,2014-2015-1,,201413402013063751,,0,仙林校区,2014-2015学年 第1学期,63751,自排,,否,,,,,,0,宪法学,,自由时间,,34020130
32.0,000000,法学基础理论（上）,2014134020140A63752,,3,,48,1-18周,0,第二专业—法理学教师,1-18周 自由时间 - ,2.0,公共课程,否,理论类课程,自由时间,2014-2015-1,,2014134020140A63752,,0,仙林校区,2014-2015学年 第1学期,63752,自排,0.0,否,,1,32,,0,0,法学基础理论（上）,,自由时间,,34020140A
32.0,000000,联合国安全机制解读(20141-37000140-1),201413710014061204,,3,文化素质选修,98,2-18周,0,郑先武,2-18周 周三 第9节-第10节 仙Ⅱ-403,2.0,公共课程,否,理论类课程,周三,2014-2015-1,,201413710014061204,,0,仙林校区,2014-2015学年 第1学期,61204,仙Ⅱ-403,0.0,否,07,1,32,,0,0,联合国安全机制解读,12,第9节-第10节,仙II区,37100140
32.0,000000,犹太教与世界文明,201413710015060953,,3,文化素质选修,173,2-17周,0,宋立宏,2-17周 周二 第7节-第8节 逸B-212,2.0,公共课程,否,理论类课程,周二,2014-2015-1,,201413710015060953,,0,仙林校区,2014-2015学年 第1学期,60953,逸B-212,0.0,否,07,1,32,,0,0,犹太教与世界文明,16,第7节-第8节,逸夫楼B区,37100150
32.0,000000,西方音乐通论,201413710018060907,,3,文化素质选修,174,2-17周,0,吕晓一,2-17周 周一 第9节-第10节 逸B-212,2.0,公共课程,否,理论类课程,周一,2014-2015-1,,201413710018060907,,0,仙林校区,2014-2015学年 第1学期,60907,逸B-212,0.0,否,07,1,32,,0,0,西方音乐通论,16,第9节-第10节,逸夫楼B区,37100180
32.0,000000,中华玉器鉴赏(20141-37000250-1),201413710025061205,,3,文化素质选修,47,2-18周,0,郭继春,2-18周 周四 第7节-第8节 仙Ⅰ-201,2.0,公共课程,否,理论类课程,周四,2014-2015-1,,201413710025061205,,0,仙林校区,2014-2015学年 第1学期,61205,仙Ⅰ-201,0.0,否,07,1,32,,0,0,中华玉器鉴赏,11,第7节-第8节,仙I区,37100250
32.0,000000,影视中的人物心理,201413710030060898,,3,文化素质选修,198,2-17周,0,谈文娟,2-17周 周四 第7节-第8节 仙Ⅰ-106,2.0,公共课程,否,理论类课程,周四,2014-2015-1,,201413710030060898,,0,仙林校区,2014-2015学年 第1学期,60898,仙Ⅰ-106,0.0,否,07,1,32,,0,0,影视中的人物心理,11,第7节-第8节,仙I区,37100300
32.0,000000,公文写作,201413710032060917,,3,文化素质选修,151,2-17周,0,周欣展,2-17周 周二 第9节-第10节 逸B-105,2.0,公共课程,否,理论类课程,周二,2014-2015-1,,201413710032060917,,0,仙林校区,2014-2015学年 第1学期,60917,逸B-105,0.0,否,07,1,32,,0,0,公文写作,16,第9节-第10节,逸夫楼B区,37100320
32.0,000000,“周易”与中国文化,201413710033060891,,3,文化素质选修,101,2-17周,0,吴正岚,2-17周 周二 第7节-第8节 仙Ⅱ-403,2.0,公共课程,否,理论类课程,周二,2014-2015-1,,201413710033060891,,0,仙林校区,2014-2015学年 第1学期,60891,仙Ⅱ-403,0.0,否,07,1,32,,0,0,“周易”与中国文化,12,第7节-第8节,仙II区,37100330
32.0,000000,中外声乐精品赏析,201413710034060911,,3,文化素质选修,179,2-17周,0,陈晓艳,2-17周 周一 第7节-第8节 仙Ⅰ-319,2.0,公共课程,否,理论类课程,周一,2014-2015-1,,201413710034060911,,0,仙林校区,2014-2015学年 第1学期,60911,仙Ⅰ-319,0.0,否,07,1,32,,0,0,中外声乐精品赏析,11,第7节-第8节,仙I区,37100340
32.0,000000,文化人类学导论,201413710039060956,,3,文化素质选修,100,2-17周,0,杨德睿,2-17周 周三 第9节-第10节 仙Ⅱ-305,2.0,公共课程,否,理论类课程,周三,2014-2015-1,,201413710039060956,,0,仙林校区,2014-2015学年 第1学期,60956,仙Ⅱ-305,0.0,否,07,1,32,,0,0,文化人类学导论,12,第9节-第10节,仙II区,37100390
48.0,000000,社会调研方法,201413710040060955,,3,文化素质选修,155,2-17周,0,范克新,2-17周 周三 第9节-第10节 逸A-117,3.0,公共课程,否,理论类课程,周三,2014-2015-1,,201413710040060955,,0,仙林校区,2014-2015学年 第1学期,60955,逸A-117,0.0,否,07,1,48,,0,0,社会调研方法,15,第9节-第10节,逸夫楼A区,37100400
32.0,000000,文科物理,201413710041060960,,3,文化素质选修,78,2-17周,0,王骏,2-17周 周四 第9节-第10节 仙Ⅰ-101,2.0,公共课程,否,理论类课程,周四,2014-2015-1,,201413710041060960,,0,仙林校区,2014-2015学年 第1学期,60960,仙Ⅰ-101,0.0,否,07,1,32,,0,0,文科物理,11,第9节-第10节,仙I区,37100410
32.0,000000,世界中古文明(20141-37000450-1),201413710045060992,,3,文化素质选修,148,2-17周,0,张红,2-17周 周四 第7节-第8节 逸A-117,2.0,公共课程,否,理论类课程,周四,2014-2015-1,,201413710045060992,,0,仙林校区,2014-2015学年 第1学期,60992,逸A-117,0.0,否,07,1,32,,0,0,世界中古文明,15,第7节-第8节,逸夫楼A区,37100450
32.0,000000,中国古代社会与古代思想文化,201413710046060944,,1,文化素质选修,158,2-17周,0,申屠炉明,2-17周 周二 第7节-第8节 教121,2.0,公共课程,否,理论类课程,周二,2014-2015-1,,201413710046060944,,0,鼓楼校区,2014-2015学年 第1学期,60944,教121,0.0,否,07,1,32,,0,0,中国古代社会与古代思想文化,1,第7节-第8节,教学楼,37100460
32.0,000000,现代音乐的历史与流派,201413710051060925,,3,文化素质选修,121,2-17周,0,钱君,2-17周 周二 第9节-第10节 仙Ⅱ-403,2.0,公共课程,否,理论类课程,周二,2014-2015-1,,201413710051060925,,0,仙林校区,2014-2015学年 第1学期,60925,仙Ⅱ-403,0.0,否,07,1,32,,0,0,现代音乐的历史与流派,12,第9节-第10节,仙II区,37100510
32.0,000000,交响音乐欣赏,201413710052060928,,3,文化素质选修,159,2-17周,0,钱君,2-17周 周一 第9节-第10节 逸A-117,2.0,公共课程,否,理论类课程,周一,2014-2015-1,,201413710052060928,,0,仙林校区,2014-2015学年 第1学期,60928,逸A-117,0.0,否,07,1,32,,0,0,交响音乐欣赏,15,第9节-第10节,逸夫楼A区,37100520
48.0,000000,市场调研,201413710054060940,,1,文化素质选修,200,2-17周,0,范克新,2-17周 周四 第9节-第10节 教120,3.0,公共课程,否,理论类课程,周四,2014-2015-1,,201413710054060940,,0,鼓楼校区,2014-2015学年 第1学期,60940,教120,0.0,否,07,1,48,,0,0,市场调研,1,第9节-第10节,教学楼,37100540
32.0,000000,营养与健康,201413710055060963,,3,文化素质选修,161,2-17周,0,郑伟娟,2-17周 周二 第7节-第8节 逸A-117,2.0,公共课程,否,理论类课程,周二,2014-2015-1,,201413710055060963,,0,仙林校区,2014-2015学年 第1学期,60963,逸A-117,0.0,否,07,1,32,,0,0,营养与健康,15,第7节-第8节,逸夫楼A区,37100550
32.0,000000,人体结构与疾病,201413710057060942,,1,文化素质选修,199,2-17周,0,沈苏南,2-17周 周三 第7节-第8节 教222,2.0,公共课程,否,理论类课程,周三,2014-2015-1,,201413710057060942,,0,鼓楼校区,2014-2015学年 第1学期,60942,教222,0.0,否,07,1,32,,0,0,人体结构与疾病,1,第7节-第8节,教学楼,37100570
32.0,000000,钢琴名曲赏析,201413710060060945,,1,文化素质选修,199,2-17周,0,范丽甍,2-17周 周二 第9节-第10节 馆3-201,2.0,公共课程,否,理论类课程,周二,2014-2015-1,,201413710060060945,,0,鼓楼校区,2014-2015学年 第1学期,60945,馆3-201,0.0,否,07,1,32,,0,0,音乐与观念,8,第9节-第10节,逸夫馆,37100600
32.0,000000,中国的宗教文化,201413710069060958,,3,文化素质选修,102,2-17周,0,杨德睿,2-17周 周四 第9节-第10节 仙Ⅱ-304,2.0,公共课程,否,理论类课程,周四,2014-2015-1,,201413710069060958,,0,仙林校区,2014-2015学年 第1学期,60958,仙Ⅱ-304,0.0,否,07,1,32,,0,0,中国的宗教文化,12,第9节-第10节,仙II区,37100690
32.0,000000,宗教与文化,201413710070060954,,3,文化素质选修,88,2-17周,0,陈林,2-17周 周四 第7节-第8节 仙Ⅰ-104,2.0,公共课程,否,理论类课程,周四,2014-2015-1,,201413710070060954,,0,仙林校区,2014-2015学年 第1学期,60954,仙Ⅰ-104,0.0,否,07,1,32,,0,0,宗教与文化,11,第7节-第8节,仙I区,37100700
32.0,000000,先秦诸子选读,201413710072060950,,3,文化素质选修,160,2-17周,0,武黎嵩,2-17周 周四 第9节-第10节 逸A-117,2.0,公共课程,否,理论类课程,周四,2014-2015-1,,201413710072060950,,0,仙林校区,2014-2015学年 第1学期,60950,逸A-117,0.0,否,07,1,32,,0,0,先秦诸子选读,15,第9节-第10节,逸夫楼A区,37100720
32.0,000000,基因工程的奇迹,201413710073060964,,3,文化素质选修,180,2-17周,0,"薛斌,陈慧梅",2-17周 周五 第7节-第8节 仙Ⅰ-206,2.0,公共课程,否,理论类课程,周五,2014-2015-1,,201413710073060964,,0,仙林校区,2014-2015学年 第1学期,60964,仙Ⅰ-206,0.0,否,07,1,32,,0,0,基因工程的奇迹,11,第7节-第8节,仙I区,37100730
32.0,000000,比较社会学,201413710076060957,,3,文化素质选修,100,2-17周,0,朱安新,2-17周 周一 第9节-第10节 仙Ⅱ-305,2.0,公共课程,否,理论类课程,周一,2014-2015-1,,201413710076060957,,0,仙林校区,2014-2015学年 第1学期,60957,仙Ⅱ-305,0.0,否,07,1,32,,0,0,比较社会学,12,第9节-第10节,仙II区,37100760
32.0,000000,合唱训练与实践,201413710079060890,,3,文化素质选修,0,2-17周,0,陈晓艳,2-17周 周三 第7节-第8节 ,2.0,公共课程,否,理论类课程,周三,2014-2015-1,,201413710079060890,,0,仙林校区,2014-2015学年 第1学期,60890,无,0.0,否,07,1,32,,0,0,合唱训练与实践,,第7节-第8节,,37100790
64.0,400330,综合英语（一）,2014141000010A58985,1,3,,26,"4-18周,4-18周",0,刘骎,"4-18周 周一 第1节-第2节 逸A-212,4-18周 周三 第1节-第2节 逸A-213",4.0,大学外语部,否,理论类课程,"周一,周三",2014-2015-1,,2014141000010A58985,2014海外教育学院汉语国际教育,0,仙林校区,2014-2015学年 第1学期,58985,"逸A-212,逸A-213",0.0,否,,1,64,1,0,0,综合英语（一）,15,"第1节-第2节,第1节-第2节",逸夫楼A区,41000010A
64.0,400330,综合英语（一）,2014141000010A58986,1,3,,25,"4-18周,4-18周",0,刘骎,"4-18周 周一 第3节-第4节 仙Ⅱ-419,4-18周 周三 第3节-第4节 仙Ⅱ-419",4.0,大学外语部,否,理论类课程,"周一,周三",2014-2015-1,,2014141000010A58986,2014法学院法学,0,仙林校区,2014-2015学年 第1学期,58986,"仙Ⅱ-419,仙Ⅱ-419",0.0,否,,1,64,1,0,0,综合英语（一）,12,"第3节-第4节,第3节-第4节",仙II区,41000010A
64.0,400330,综合英语（三）(20141-41000010C-1),2014141000010C58992,1,3,,24,"1-18周,1-18周",0,夏珺,"1-18周 周二 第1节-第2节 逸A-212,1-18周 周四 第1节-第2节 逸A-212",4.0,大学外语部,否,理论类课程,"周二,周四",2014-2015-1,,2014141000010C58992,2013海外教育学院汉语国际教育,0,仙林校区,2014-2015学年 第1学期,58992,"逸A-212,逸A-212",0.0,否,,1,64,1,0,0,综合英语,15,"第1节-第2节,第1节-第2节",逸夫楼A区,41000010C
16.0,400330,英语视听（一）,2014141000020A59021,1,3,,28,4-18周,0,张燕,4-18周 周五 第1节-第2节 逸A-213,1.0,大学外语部,否,理论类课程,周五,2014-2015-1,,2014141000020A59021,2014海外教育学院汉语国际教育,0,仙林校区,2014-2015学年 第1学期,59021,逸A-213,0.0,否,,1,16,1,0,0,英语视听（一）,15,第1节-第2节,逸夫楼A区,41000020A
16.0,400330,英语视听（一）,2014141000020A59022,1,3,,25,4-18周,0,张燕,4-18周 周四 第7节-第8节 仙Ⅱ-101,1.0,大学外语部,否,理论类课程,周四,2014-2015-1,,2014141000020A59022,2014法学院法学,0,仙林校区,2014-2015学年 第1学期,59022,仙Ⅱ-101,0.0,否,,1,16,1,0,0,英语视听（一）,12,第7节-第8节,仙II区,41000020A
0.0,400330,英语视听（三）(20141-41000020C-1),2014141000020C58993,1,3,,26,1-18周,0,张燕,1-18周 周五 第3节-第4节 逸A-213,0.0,大学外语部,否,理论类课程,周五,2014-2015-1,,2014141000020C58993,2013海外教育学院汉语国际教育,0,仙林校区,2014-2015学年 第1学期,58993,逸A-213,0.0,否,,1,0,1,0,0,英语视听（三）,15,第3节-第4节,逸夫楼A区,41000020C
32.0,400330,英语视听（一）(20141-41000021A-1),2014141000021A58987,1,3,,30,4-18周,0,庄红,4-18周 周二 第1节-第2节 仙Ⅱ-114,2.0,大学外语部,否,理论类课程,周二,2014-2015-1,,2014141000021A58987,,0,仙林校区,2014-2015学年 第1学期,58987,仙Ⅱ-114,0.0,否,,1,32,1,0,0,英语视听（一）,12,第1节-第2节,仙II区,41000021A
32.0,400330,英语视听（一）(20141-41000021A-2),2014141000021A58988,1,3,,33,4-18周,0,庄红,4-18周 周二 第5节-第6节 仙Ⅱ-317,2.0,大学外语部,否,理论类课程,周二,2014-2015-1,,2014141000021A58988,2014数学学院数学类,0,仙林校区,2014-2015学年 第1学期,58988,仙Ⅱ-317,0.0,否,,1,32,1,0,0,英语视听（一）,12,第5节-第6节,仙II区,41000021A
32.0,400330,英语视听（一）(20141-41000021A-3),2014141000021A59015,1,3,,31,4-18周,0,李长生,4-18周 周四 第7节-第8节 仙Ⅱ-114,2.0,大学外语部,否,理论类课程,周四,2014-2015-1,,2014141000021A59015,,0,仙林校区,2014-2015学年 第1学期,59015,仙Ⅱ-114,0.0,否,,1,32,1,0,0,英语视听（一）,12,第7节-第8节,仙II区,41000021A
32.0,400330,英语视听（一）(20141-41000021A-4),2014141000021A59016,1,3,,32,4-18周,0,李长生,4-18周 周四 第5节-第6节 仙Ⅱ-413,2.0,大学外语部,否,理论类课程,周四,2014-2015-1,,2014141000021A59016,,0,仙林校区,2014-2015学年 第1学期,59016,仙Ⅱ-413,0.0,否,,1,32,1,0,0,英语视听（一）,12,第5节-第6节,仙II区,41000021A
32.0,400330,英语视听（一）(20141-41000021A-5),2014141000021A59017,1,3,,15,4-18周,0,刘芳,4-18周 周四 第3节-第4节 仙Ⅱ-413,2.0,大学外语部,否,理论类课程,周四,2014-2015-1,,2014141000021A59017,,0,仙林校区,2014-2015学年 第1学期,59017,仙Ⅱ-413,0.0,否,,1,32,1,0,0,英语视听（一）,12,第3节-第4节,仙II区,41000021A
32.0,400330,英语视听（一）(20141-41000021A-6),2014141000021A59018,1,3,,34,4-18周,0,刘芳,4-18周 周四 第1节-第2节 仙Ⅱ-101,2.0,大学外语部,否,理论类课程,周四,2014-2015-1,,2014141000021A59018,,0,仙林校区,2014-2015学年 第1学期,59018,仙Ⅱ-101,0.0,否,,1,32,1,0,0,英语视听（一）,12,第1节-第2节,仙II区,41000021A
32.0,400330,英语视听（一）(20141-41000021A-7),2014141000021A59019,1,3,,36,4-18周,0,朱雪媛,4-18周 周五 第3节-第4节 仙Ⅱ-412,2.0,大学外语部,否,理论类课程,周五,2014-2015-1,,2014141000021A59019,,0,仙林校区,2014-2015学年 第1学期,59019,仙Ⅱ-412,0.0,否,,1,32,1,0,0,英语视听（一）,12,第3节-第4节,仙II区,41000021A
32.0,400330,英语视听（一）(20141-41000021A-8),2014141000021A59020,1,3,,40,4-18周,0,朱雪媛,4-18周 周五 第5节-第6节 仙Ⅱ-412,2.0,大学外语部,否,理论类课程,周五,2014-2015-1,,2014141000021A59020,,0,仙林校区,2014-2015学年 第1学期,59020,仙Ⅱ-412,0.0,否,,1,32,1,0,0,英语视听（一）,12,第5节-第6节,仙II区,41000021A
32.0,400330,英语口语（一）,2014141000030A58989,1,3,,40,4-18周,0,外教2-Ruth,4-18周 周三 第5节-第6节 仙Ⅱ-514,2.0,大学外语部,否,理论类课程,周三,2014-2015-1,,2014141000030A58989,,0,仙林校区,2014-2015学年 第1学期,58989,仙Ⅱ-514,0.0,否,,1,64,1,0,0,英语口语（一）,12,第5节-第6节,仙II区,41000030A
32.0,400330,英语口语（一）,2014141000030A59007,1,3,,39,4-18周,0,外教2-Ruth,4-18周 周二 第1节-第2节 仙Ⅱ-514,2.0,大学外语部,否,理论类课程,周二,2014-2015-1,,2014141000030A59007,,0,仙林校区,2014-2015学年 第1学期,59007,仙Ⅱ-514,0.0,否,,1,64,1,0,0,英语口语（一）,12,第1节-第2节,仙II区,41000030A
32.0,400330,英语口语（一）,2014141000030A59008,1,3,,38,4-18周,0,外教1-Barbara,4-18周 周二 第1节-第2节 仙Ⅱ-513,2.0,大学外语部,否,理论类课程,周二,2014-2015-1,,2014141000030A59008,,0,仙林校区,2014-2015学年 第1学期,59008,仙Ⅱ-513,0.0,否,,1,64,1,0,0,英语口语（一）,12,第1节-第2节,仙II区,41000030A
32.0,400330,英语口语（一）,2014141000030A59009,1,3,,15,4-18周,0,外教2-Ruth,4-18周 周二 第3节-第4节 仙Ⅱ-512,2.0,大学外语部,否,理论类课程,周二,2014-2015-1,,2014141000030A59009,,0,仙林校区,2014-2015学年 第1学期,59009,仙Ⅱ-512,0.0,否,,1,64,1,0,0,英语口语（一）,12,第3节-第4节,仙II区,41000030A
32.0,400330,英语口语（一）,2014141000030A59010,1,3,,20,4-18周,0,外教1-Barbara,4-18周 周二 第3节-第4节 仙Ⅱ-513,2.0,大学外语部,否,理论类课程,周二,2014-2015-1,,2014141000030A59010,,0,仙林校区,2014-2015学年 第1学期,59010,仙Ⅱ-513,0.0,否,,1,64,1,0,0,英语口语（一）,12,第3节-第4节,仙II区,41000030A
32.0,400330,英语口语（一）,2014141000030A59011,1,3,,36,4-18周,0,外教1-Barbara,4-18周 周四 第1节-第2节 仙Ⅱ-513,2.0,大学外语部,否,理论类课程,周四,2014-2015-1,,2014141000030A59011,,0,仙林校区,2014-2015学年 第1学期,59011,仙Ⅱ-513,0.0,否,,1,64,1,0,0,英语口语（一）,12,第1节-第2节,仙II区,41000030A
32.0,400330,英语口语（一）,2014141000030A59012,1,3,,30,4-18周,0,外教1-Barbara,4-18周 周四 第3节-第4节 仙Ⅱ-513,2.0,大学外语部,否,理论类课程,周四,2014-2015-1,,2014141000030A59012,,0,仙林校区,2014-2015学年 第1学期,59012,仙Ⅱ-513,0.0,否,,1,64,1,0,0,英语口语（一）,12,第3节-第4节,仙II区,41000030A
32.0,400330,英语口语（一）,2014141000030A59013,1,3,,31,4-18周,0,外教2-Ruth,4-18周 周四 第5节-第6节 仙Ⅱ-213,2.0,大学外语部,否,理论类课程,周四,2014-2015-1,,2014141000030A59013,2014数学学院数学类,0,仙林校区,2014-2015学年 第1学期,59013,仙Ⅱ-213,0.0,否,,1,64,1,0,0,英语口语（一）,12,第5节-第6节,仙II区,41000030A
32.0,400330,英语口语（一）,2014141000030A59014,1,3,,26,4-18周,0,外教1-Barbara,4-18周 周三 第3节-第4节 仙Ⅱ-514,2.0,大学外语部,否,理论类课程,周三,2014-2015-1,,2014141000030A59014,2014海外教育学院汉语国际教育,0,仙林校区,2014-2015学年 第1学期,59014,仙Ⅱ-514,0.0,否,,1,64,1,0,0,英语口语（一）,12,第3节-第4节,仙II区,41000030A
64.0,400330,英语口语（三）(20141-41000030C-1),2014141000030C58994,1,3,,27,1-18周,0,外教1-Barbara,1-18周 周三 第1节-第2节 逸A-212,4.0,大学外语部,否,理论类课程,周三,2014-2015-1,,2014141000030C58994,2013海外教育学院汉语国际教育,0,仙林校区,2014-2015学年 第1学期,58994,逸A-212,0.0,否,,1,64,1,0,0,英语口语,15,第1节-第2节,逸夫楼A区,41000030C
32.0,400330,英语基础写作（一）(20141-41000040A-1),2014141000040A58990,1,3,,25,4-18周,0,奚洁,4-18周 周二 第5节-第6节 ,2.0,大学外语部,否,理论类课程,周二,2014-2015-1,,2014141000040A58990,2014海外教育学院汉语国际教育,0,仙林校区,2014-2015学年 第1学期,58990,无,0.0,否,,1,0,1,0,0,英语基础写作（一）,,第5节-第6节,,41000040A
32.0,400330,英语基础写作（一）(20141-41000040A-2),2014141000040A58991,1,3,,25,4-18周,0,奚洁,4-18周 周二 第7节-第8节 仙Ⅱ-317,2.0,大学外语部,否,理论类课程,周二,2014-2015-1,,2014141000040A58991,2014法学院法学,0,仙林校区,2014-2015学年 第1学期,58991,仙Ⅱ-317,0.0,否,,1,0,1,0,0,英语基础写作（一）,12,第7节-第8节,仙II区,41000040A
32.0,400330,英语中级写作（一）(20141-41000060A-1),2014141000060A58995,1,3,,27,1-18周,0,张沂昀,1-18周 周四 第3节-第4节 逸C-105,2.0,大学外语部,否,理论类课程,周四,2014-2015-1,,2014141000060A58995,2013海外教育学院汉语国际教育,0,仙林校区,2014-2015学年 第1学期,58995,逸C-105,0.0,否,,1,32,1,0,0,英语中级写作,17,第3节-第4节,逸夫楼C区,41000060A
32.0,400330,学术英语写作（一）(20141-41000070A-1),2014141000070A58997,1,3,,23,1-18周,0,王文宇,1-18周 周三 第9节-第10节 逸A-212,2.0,大学外语部,否,理论+实践课程,周三,2014-2015-1,,2014141000070A58997,2012匡亚明学院应用文科强化班,0,仙林校区,2014-2015学年 第1学期,58997,逸A-212,0.0,否,,5,28,1,4,0,学术英语写作,15,第9节-第10节,逸夫楼A区,41000070A
32.0,400330,高级英语词汇与写作(20141-41000080-1),201414100008058998,1,3,,61,1-18周,0,张沂昀,1-18周 周二 第7节-第8节 仙Ⅰ-202,2.0,大学外语部,否,理论类课程,周二,2014-2015-1,,201414100008058998,,0,仙林校区,2014-2015学年 第1学期,58998,仙Ⅰ-202,0.0,否,,1,32,1,0,0,高级英语词汇与写作,11,第7节-第8节,仙I区,41000080
32.0,400330,高级英语词汇与写作(20141-41000080-2),201414100008058999,1,3,,50,1-18周,0,张沂昀,1-18周 周一 第3节-第4节 仙Ⅰ-212,2.0,大学外语部,否,理论类课程,周一,2014-2015-1,,201414100008058999,,0,仙林校区,2014-2015学年 第1学期,58999,仙Ⅰ-212,0.0,否,,1,32,1,0,0,高级英语词汇与写作,11,第3节-第4节,仙I区,41000080
32.0,400330,高级英语词汇与写作(20141-41000080-3),201414100008059000,1,3,,62,1-18周,0,张沂昀,1-18周 周一 第1节-第2节 仙Ⅰ-212,2.0,大学外语部,否,理论类课程,周一,2014-2015-1,,201414100008059000,,0,仙林校区,2014-2015学年 第1学期,59000,仙Ⅰ-212,0.0,否,,1,32,1,0,0,高级英语词汇与写作,11,第1节-第2节,仙I区,41000080
32.0,400330,高级英语词汇与写作(20141-41000080-4),201414100008059006,1,3,,60,1-18周,0,张沂昀,1-18周 周二 第9节-第10节 仙Ⅰ-202,2.0,大学外语部,否,理论类课程,周二,2014-2015-1,,201414100008059006,2013数学学院数学类,0,仙林校区,2014-2015学年 第1学期,59006,仙Ⅰ-202,0.0,否,,1,32,1,0,0,高级英语词汇与写作,11,第9节-第10节,仙I区,41000080
64.0,400330,体验英语(20141-41000110A-1),2014141000110A61339,1,3,,14,"4-18周,4-18周",0,魏群,"4-18周 周一 第3节-第4节 仙Ⅱ-512,4-18周 周五 第3节-第4节 仙Ⅱ-420",4.0,大学外语部,否,理论类课程,"周一,周五",2014-2015-1,,2014141000110A61339,2014政府管理学院行政管理（运动员班）,0,仙林校区,2014-2015学年 第1学期,61339,"仙Ⅱ-512,仙Ⅱ-420",0.0,否,,1,64,1,0,0,体验英语,12,"第3节-第4节,第3节-第4节",仙II区,41000110A
64.0,400330,体验英语(20141-41000110A-2),2014141000110A61340,1,3,,45,"4-18周,4-18周",0,魏群,"4-18周 周一 第9节-第10节 仙Ⅱ-307,4-18周 周四 第9节-第10节 仙Ⅱ-307",4.0,大学外语部,否,理论类课程,"周一,周四",2014-2015-1,,2014141000110A61340,,0,仙林校区,2014-2015学年 第1学期,61340,"仙Ⅱ-307,仙Ⅱ-307",0.0,否,,1,64,1,0,0,体验英语,12,"第9节-第10节,第9节-第10节",仙II区,41000110A
64.0,400330,体验英语(20141-41000110C-1),2014141000110C60591,1,3,,57,"1-18周,1-18周",0,陆小兵,"1-18周 周一 第9节-第10节 仙Ⅱ-216,1-18周 周四 第9节-第10节 仙Ⅱ-216",4.0,大学外语部,否,理论类课程,"周一,周四",2014-2015-1,,2014141000110C60591,,0,仙林校区,2014-2015学年 第1学期,60591,"仙Ⅱ-216,仙Ⅱ-216",0.0,否,,1,64,1,0,0,体验英语,12,"第9节-第10节,第9节-第10节",仙II区,41000110C
64.0,400330,高级英语(20141-41000120-1),201414100012059095,1,3,,36,"1-18周,1-18周",0,顾露雯,"1-18周 周四 第1节-第2节 仙Ⅱ-517,1-18周 周二 第3节-第4节 仙Ⅱ-517",4.0,大学外语部,否,理论类课程,"周二,周四",2014-2015-1,,201414100012059095,"2013商学院经济学,2013商学院经济学（产业经济方向）,2013商学院金融工程,2013商学院保险学,2013商学院金融学,2013商学院国际经济与贸易",0,仙林校区,2014-2015学年 第1学期,59095,"仙Ⅱ-517,仙Ⅱ-517",0.0,否,,1,64,1,0,0,高级英语,12,"第3节-第4节,第1节-第2节",仙II区,41000120
64.0,400330,高级英语(20141-41000120-2),201414100012059096,1,3,,35,"1-18周,1-18周",0,顾露雯,"1-18周 周四 第3节-第4节 仙Ⅱ-516,1-18周 周二 第5节-第6节 仙Ⅱ-516",4.0,大学外语部,否,理论类课程,"周二,周四",2014-2015-1,,201414100012059096,"2013商学院经济学,2013商学院经济学（产业经济方向）,2013商学院金融工程,2013商学院保险学,2013商学院金融学,2013商学院国际经济与贸易",0,仙林校区,2014-2015学年 第1学期,59096,"仙Ⅱ-516,仙Ⅱ-516",0.0,否,,1,64,1,0,0,高级英语,12,"第5节-第6节,第3节-第4节",仙II区,41000120
64.0,400330,高级英语(20141-41000120-3),201414100012059097,1,3,,31,"1-18周,1-18周",0,陆晓,"1-18周 周四 第1节-第2节 仙Ⅱ-514,1-18周 周二 第3节-第4节 仙Ⅱ-514",4.0,大学外语部,否,理论类课程,"周二,周四",2014-2015-1,,201414100012059097,"2013商学院经济学,2013商学院经济学（产业经济方向）,2013商学院金融工程,2013商学院保险学,2013商学院金融学,2013商学院国际经济与贸易",0,仙林校区,2014-2015学年 第1学期,59097,"仙Ⅱ-514,仙Ⅱ-514",0.0,否,,1,64,1,0,0,高级英语,12,"第3节-第4节,第1节-第2节",仙II区,41000120
64.0,400330,高级英语(20141-41000120-4),201414100012059098,1,3,,30,"1-18周,1-18周",0,陆晓,"1-18周 周四 第3节-第4节 仙Ⅱ-514,1-18周 周二 第5节-第6节 仙Ⅱ-514",4.0,大学外语部,否,理论类课程,"周二,周四",2014-2015-1,,201414100012059098,"2013商学院经济学,2013商学院经济学（产业经济方向）,2013商学院金融工程,2013商学院保险学,2013商学院金融学,2013商学院国际经济与贸易",0,仙林校区,2014-2015学年 第1学期,59098,"仙Ⅱ-514,仙Ⅱ-514",0.0,否,,1,64,1,0,0,高级英语,12,"第5节-第6节,第3节-第4节",仙II区,41000120
64.0,400330,高级英语(20141-41000120-5),201414100012059099,1,3,,31,"1-18周,1-18周",0,张丽萍,"1-18周 周四 第1节-第2节 仙Ⅱ-515,1-18周 周二 第3节-第4节 仙Ⅱ-515",4.0,大学外语部,否,理论类课程,"周二,周四",2014-2015-1,,201414100012059099,"2013商学院经济学,2013商学院经济学（产业经济方向）,2013商学院金融工程,2013商学院保险学,2013商学院金融学,2013商学院国际经济与贸易",0,仙林校区,2014-2015学年 第1学期,59099,"仙Ⅱ-515,仙Ⅱ-515",0.0,否,,1,64,1,0,0,高级英语,12,"第3节-第4节,第1节-第2节",仙II区,41000120
64.0,400330,高级英语(20141-41000120-6),201414100012059100,1,3,,27,"1-18周,1-18周",0,张丽萍,"1-18周 周四 第3节-第4节 仙Ⅱ-515,1-18周 周二 第5节-第6节 仙Ⅱ-515",4.0,大学外语部,否,理论类课程,"周二,周四",2014-2015-1,,201414100012059100,"2013商学院经济学,2013商学院经济学（产业经济方向）,2013商学院金融工程,2013商学院保险学,2013商学院金融学,2013商学院国际经济与贸易",0,仙林校区,2014-2015学年 第1学期,59100,"仙Ⅱ-515,仙Ⅱ-515",0.0,否,,1,64,1,0,0,高级英语,12,"第5节-第6节,第3节-第4节",仙II区,41000120
64.0,400330,高级英语(20141-41000120-7),201414100012059101,1,3,,26,"1-18周,1-18周",0,刘骎,"1-18周 周四 第1节-第2节 仙Ⅱ-516,1-18周 周二 第3节-第4节 仙Ⅱ-516",4.0,大学外语部,否,理论类课程,"周二,周四",2014-2015-1,,201414100012059101,"2013商学院经济学,2013商学院经济学（产业经济方向）,2013商学院金融工程,2013商学院保险学,2013商学院金融学,2013商学院国际经济与贸易",0,仙林校区,2014-2015学年 第1学期,59101,"仙Ⅱ-516,仙Ⅱ-516",0.0,否,,1,64,1,0,0,高级英语,12,"第3节-第4节,第1节-第2节",仙II区,41000120
64.0,400330,高级英语（上）(20141-41000121A-1),2014141000121A59102,1,3,,25,"1-18周,1-18周",0,"汪学立,徐翠芹","1-18周 周一 第1节-第2节 仙Ⅱ-513,1-18周 周三 第1节-第2节 仙Ⅱ-114",4.0,大学外语部,否,理论类课程,"周一,周三",2014-2015-1,,2014141000121A59102,,0,仙林校区,2014-2015学年 第1学期,59102,"仙Ⅱ-513,仙Ⅱ-114",0.0,否,,1,64,1,0,0,高级英语（上）,12,"第1节-第2节,第1节-第2节",仙II区,41000121A
64.0,400330,高级英语（上）(20141-41000121A-2),2014141000121A59103,1,3,,24,"1-18周,1-18周",0,"汪学立,徐翠芹","1-18周 周一 第3节-第4节 仙Ⅱ-513,1-18周 周三 第3节-第4节 仙Ⅱ-114",4.0,大学外语部,否,理论类课程,"周一,周三",2014-2015-1,,2014141000121A59103,,0,仙林校区,2014-2015学年 第1学期,59103,"仙Ⅱ-513,仙Ⅱ-114",0.0,否,,1,64,1,0,0,高级英语（上）,12,"第3节-第4节,第3节-第4节",仙II区,41000121A
64.0,400330,高级英语（上）(20141-41000121A-3),2014141000121A59104,1,3,,24,"1-18周,1-18周",0,"汪学立,徐翠芹","1-18周 周一 第1节-第2节 仙Ⅱ-114,1-18周 周三 第1节-第2节 仙Ⅱ-512",4.0,大学外语部,否,理论类课程,"周三,周一",2014-2015-1,,2014141000121A59104,,0,仙林校区,2014-2015学年 第1学期,59104,"仙Ⅱ-512,仙Ⅱ-114",0.0,否,,1,64,1,0,0,高级英语（上）,12,"第1节-第2节,第1节-第2节",仙II区,41000121A
64.0,400330,高级英语（上）(20141-41000121A-4),2014141000121A59105,1,3,,24,"1-18周,1-18周",0,"汪学立,徐翠芹","1-18周 周一 第3节-第4节 仙Ⅱ-117,1-18周 周三 第3节-第4节 仙Ⅱ-512",4.0,大学外语部,否,理论类课程,"周三,周一",2014-2015-1,,2014141000121A59105,,0,仙林校区,2014-2015学年 第1学期,59105,"仙Ⅱ-512,仙Ⅱ-117",0.0,否,,1,64,1,0,0,高级英语（上）,12,"第3节-第4节,第3节-第4节",仙II区,41000121A
32.0,400330,翻译(20141-41000131-1),201414100013158996,1,3,,23,1-18周,0,张沂昀,1-18周 周一 第9节-第10节 逸A-212,2.0,大学外语部,否,理论类课程,周一,2014-2015-1,,201414100013158996,2012匡亚明学院应用文科强化班,0,仙林校区,2014-2015学年 第1学期,58996,逸A-212,0.0,否,,1,32,1,0,0,翻译,15,第9节-第10节,逸夫楼A区,41000131
32.0,400010,就业创业中的法律问题(20141-61000010-1),201416100001060885,,3,创新创业课程,61,2-17周,0,王建富,2-17周 周四 第9节-第10节 仙Ⅰ-103,2.0,文学院,否,理论类课程,周四,2014-2015-1,,201416100001060885,,0,仙林校区,2014-2015学年 第1学期,60885,仙Ⅰ-103,0.0,否,06,1,32,,0,0,就业创业中的法律问题,11,第9节-第10节,仙I区,61000010
32.0,400010,IT企业创业与发展战略(20141-61000050-1),201416100005060886,,3,创新创业课程,50,2-17周,0,王自强,2-17周 周二 第9节-第10节 仙Ⅰ-101,2.0,文学院,否,理论类课程,周二,2014-2015-1,,201416100005060886,,0,仙林校区,2014-2015学年 第1学期,60886,仙Ⅰ-101,0.0,否,06,1,32,,0,0,IT企业创业与发展战略,11,第9节-第10节,仙I区,61000050
32.0,400010,从平庸到卓越：危机管理(20141-61000160-1),201416100016060876,,3,创新创业课程,90,2-9周,0,戴万稳,2-9周 周三 第5节-第8节 仙Ⅰ-201,2.0,文学院,否,理论类课程,周三,2014-2015-1,,201416100016060876,,0,仙林校区,2014-2015学年 第1学期,60876,仙Ⅰ-201,0.0,否,06,1,32,,0,0,危机管理之道,11,第5节-第8节,仙I区,61000160
32.0,400010,艺术品投资与收藏,201416100022060880,,3,创新创业课程,61,2-17周,0,黄正明,2-17周 周二 第7节-第8节 仙Ⅰ-201,2.0,文学院,否,理论类课程,周二,2014-2015-1,,201416100022060880,,0,仙林校区,2014-2015学年 第1学期,60880,仙Ⅰ-201,0.0,否,06,1,32,,0,0,艺术品投资与收藏,11,第7节-第8节,仙I区,61000220
16.0,400010,创办你的企业(20141-61000240-1),201416100024060877,,3,创新创业课程,36,2-9周,0,孙俊华,2-9周 周二 第5节-第6节 仙Ⅱ-419,1.0,文学院,否,理论类课程,周二,2014-2015-1,,201416100024060877,,0,仙林校区,2014-2015学年 第1学期,60877,仙Ⅱ-419,0.0,否,06,1,16,,0,0,创办你的企业,12,第5节-第6节,仙II区,61000240
16.0,400010,创办你的企业(20141-61000240-2),201416100024060878,,3,创新创业课程,30,2-9周,0,孙俊华,2-9周 周二 第7节-第8节 仙Ⅱ-419,1.0,文学院,否,理论类课程,周二,2014-2015-1,,201416100024060878,,0,仙林校区,2014-2015学年 第1学期,60878,仙Ⅱ-419,0.0,否,06,1,16,,0,0,创办你的企业,12,第7节-第8节,仙II区,61000240
16.0,400010,产品供应链：设计与管理(20141-61000270-1),201416100027060883,,3,创新创业课程,59,2-9周,0,徐小林,2-9周 周三 第9节-第10节 仙Ⅰ-101,1.0,文学院,否,理论类课程,周三,2014-2015-1,,201416100027060883,,0,仙林校区,2014-2015学年 第1学期,60883,仙Ⅰ-101,0.0,否,06,1,16,,0,0,产品供应链：设计与管理,11,第9节-第10节,仙I区,61000270
32.0,400010,就业创业心理素质训练(20141-61000400-1),201416100040060875,,3,创新创业课程,32,2-17周,0,徐花,2-17周 周四 第3节-第4节 仙Ⅰ-111,2.0,文学院,否,理论类课程,周四,2014-2015-1,,201416100040060875,,0,仙林校区,2014-2015学年 第1学期,60875,仙Ⅰ-111,0.0,否,06,1,32,,0,0,就业创业心理素质训练,11,第3节-第4节,仙I区,61000400
16.0,400010,时间和压力管理(20141-61000410-1),201416100041060884,,3,创新创业课程,39,10-17周,0,费俊峰,10-17周 周三 第7节-第8节 仙Ⅰ-211,1.0,文学院,否,理论类课程,周三,2014-2015-1,,201416100041060884,,0,仙林校区,2014-2015学年 第1学期,60884,仙Ⅰ-211,0.0,否,06,1,16,,0,0,时间和压力管理,11,第7节-第8节,仙I区,61000410
32.0,400010,文化产业商业模式与运作(20141-61000420-1),201416100042060879,,3,创新创业课程,25,1-9周,0,"郭新茹,顾江",1-9周 周一 第5节-第8节 ,2.0,文学院,否,理论类课程,周一,2014-2015-1,,201416100042060879,,0,仙林校区,2014-2015学年 第1学期,60879,仙Ⅱ-113,0.0,否,06,1,32,,0,0,文化产业商业模式与运作,,第5节-第8节,,61000420
16.0,000000,领导力与团队(20141-61000430-1),201416100043060981,,3,创新创业课程,0,,0,,,1.0,公共课程,否,理论类课程,,2014-2015-1,,201416100043060981,,0,仙林校区,2014-2015学年 第1学期,60981,,0.0,否,06,1,16,,0,0,领导力与团队,,,,61000430
16.0,400010,互联网商务模式及其构建(20141-61100010-1),201416110001060881,,3,创新创业课程,37,2-9周,0,胡广伟,2-9周 周一 第3节-第4节 仙Ⅰ-103,1.0,文学院,否,理论类课程,周一,2014-2015-1,,201416110001060881,,0,仙林校区,2014-2015学年 第1学期,60881,仙Ⅰ-103,0.0,否,06,1,16,,0,0,互联网商务模式及其构建,11,第3节-第4节,仙I区,61100010
32.0,000000,普通天文学,201417700012060962,,3,文化素质选修,109,2-17周,0,"谢懿,姜冰",2-17周 周一 第9节-第10节 仙Ⅱ-403,2.0,公共课程,否,理论类课程,周一,2014-2015-1,,201417700012060962,,0,仙林校区,2014-2015学年 第1学期,60962,仙Ⅱ-403,0.0,否,07,1,32,,0,0,普通天文学,12,第9节-第10节,仙II区,77000120
32.0,000000,世界语,201417700026060938,,3,文化素质选修,19,"2-17周,2-17周",0,崔建华,"2-17周 周一 第7节-第8节 仙Ⅰ-211,2-17周 周四 第7节-第8节 仙Ⅰ-211",2.0,公共课程,否,理论类课程,"周一,周四",2014-2015-1,,201417700026060938,,0,仙林校区,2014-2015学年 第1学期,60938,"仙Ⅰ-211,仙Ⅰ-211",0.0,否,07,1,32,,0,0,世界语,11,"第7节-第8节,第7节-第8节",仙I区,77000260
32.0,000000,大学生健康教育,201417700030060943,,1,文化素质选修,200,2-17周,0,朱梅,2-17周 周二 第7节-第8节 教120,2.0,公共课程,否,理论类课程,周二,2014-2015-1,,201417700030060943,,0,鼓楼校区,2014-2015学年 第1学期,60943,教120,0.0,否,07,1,32,,0,0,大学生健康教育,1,第7节-第8节,教学楼,77000300
32.0,000000,小提琴演奏提高班,201417700040060927,,3,文化素质选修,19,2-17周,0,钱君,2-17周 周一 第7节-第8节 ,2.0,公共课程,否,理论类课程,周一,2014-2015-1,,201417700040060927,,0,仙林校区,2014-2015学年 第1学期,60927,大活320,0.0,否,07,1,32,,0,0,小提琴演奏提高班,,第7节-第8节,,77000400
32.0,000000,舞蹈作品实践,201417700041060921,,3,文化素质选修,0,2-17周,0,汪以平,2-17周 周日 第5节-第7节 ,2.0,公共课程,否,理论类课程,周日,2014-2015-1,,201417700041060921,,0,仙林校区,2014-2015学年 第1学期,60921,大活练功房,0.0,否,07,1,32,,0,0,舞蹈作品实践,,第5节-第7节,,77000410
32.0,000000,纪实摄影,201417700043060919,,3,文化素质选修,60,2-17周,0,谢白,2-17周 周三 第7节-第8节 仙Ⅰ-203,2.0,公共课程,否,理论类课程,周三,2014-2015-1,,201417700043060919,,0,仙林校区,2014-2015学年 第1学期,60919,仙Ⅰ-203,0.0,否,07,1,32,,0,0,纪实摄影,11,第7节-第8节,仙I区,77000430
32.0,000000,英语文化选读,201417700105060947,,1,文化素质选修,94,2-17周,0,常晨,2-17周 自由时间 - ,2.0,公共课程,否,,自由时间,2014-2015-1,,201417700105060947,,0,鼓楼校区,2014-2015学年 第1学期,60947,网络课程,,否,07,,,,,0,英语文化选读,,自由时间,,77001050
32.0,000000,英语文化选读,201417700105060948,,3,文化素质选修,96,2-17周,0,常晨,2-17周 自由时间 - ,2.0,公共课程,否,,自由时间,2014-2015-1,,201417700105060948,,0,仙林校区,2014-2015学年 第1学期,60948,网络课程,,否,07,,,,,0,英语文化选读,,自由时间,,77001050
32.0,000000,化学与社会,201417700156060961,,3,文化素质选修,131,2-17周,0,郑和根,2-17周 周二 第9节-第10节 仙Ⅱ-404,2.0,公共课程,否,理论类课程,周二,2014-2015-1,,201417700156060961,,0,仙林校区,2014-2015学年 第1学期,60961,仙Ⅱ-404,0.0,否,07,1,32,,0,0,化学与社会,12,第9节-第10节,仙II区,77001560
32.0,000000,语言学概论,201417700194060897,,3,文化素质选修,110,2-17周,0,赵国方,2-17周 周二 第9节-第10节 仙Ⅱ-405,2.0,公共课程,否,理论类课程,周二,2014-2015-1,,201417700194060897,,0,仙林校区,2014-2015学年 第1学期,60897,仙Ⅱ-405,0.0,否,07,1,32,,0,0,语言学概论,12,第9节-第10节,仙II区,77001940
32.0,000000,Korean Business and Management in the Asian Context(20141-77002430-1),201417700243060973,,3,文化素质选修,20,2-17周,0,李锦花,2-17周 周一 第6节-第7节 ,2.0,公共课程,否,理论类课程,周一,2014-2015-1,,201417700243060973,,0,仙林校区,2014-2015学年 第1学期,60973,教学楼Ⅰ-525（原外国语学院图书室）,0.0,否,07,1,32,,0,0,Korean Business and Management in the Asian Context,,第6节-第7节,,77002430
32.0,000000,战后中日关系,201417700270060922,,3,文化素质选修,150,2-17周,0,翟意安,2-17周 周三 第9节-第10节 逸B-101,2.0,公共课程,否,理论类课程,周三,2014-2015-1,,201417700270060922,,0,仙林校区,2014-2015学年 第1学期,60922,逸B-101,0.0,否,07,1,32,,0,0,战后中日关系,16,第9节-第10节,逸夫楼B区,77002700
32.0,000000,交际舞,201417700274060903,,3,文化素质选修,29,4-17周,0,肖鹏,4-17周 周一 第7节-第8节 ,2.0,公共课程,否,理论类课程,周一,2014-2015-1,,201417700274060903,,0,仙林校区,2014-2015学年 第1学期,60903,仙林体育馆,0.0,否,07,1,32,,0,0,交际舞,,第7节-第8节,,77002740
32.0,000000,International Relations of East Asia(20141-77002870-1),201417700287060974,,3,文化素质选修,34,2-17周,0,李锦花,2-17周 周四 第6节-第7节 ,2.0,公共课程,否,理论类课程,周四,2014-2015-1,,201417700287060974,,0,仙林校区,2014-2015学年 第1学期,60974,教学楼Ⅰ-525（原外国语学院图书室）,0.0,否,07,1,32,,0,0,International Relations of East Asia,,第6节-第7节,,77002870
32.0,000000,民族管弦乐,201417700297060918,,3,文化素质选修,0,2-17周,0,张静波,2-17周 周一 第9节-第10节 ,2.0,公共课程,否,理论类课程,周一,2014-2015-1,,201417700297060918,,0,仙林校区,2014-2015学年 第1学期,60918,大活212,0.0,否,07,1,32,,0,0,民族管弦乐,,第9节-第10节,,77002970
32.0,000000,合唱,201417700300060914,,3,文化素质选修,0,2-17周,0,陈晓艳,2-17周 周日 第7节-第8节 ,2.0,公共课程,否,理论类课程,周日,2014-2015-1,,201417700300060914,,0,仙林校区,2014-2015学年 第1学期,60914,大活排练厅,0.0,否,07,1,32,,0,0,合唱,,第7节-第8节,,77003000
32.0,000000,英美名作赏析,201417700303060939,,3,文化素质选修,30,2-17周,0,郑从容,2-17周 周三 第7节-第8节 逸B-209,2.0,公共课程,否,理论类课程,周三,2014-2015-1,,201417700303060939,,0,仙林校区,2014-2015学年 第1学期,60939,逸B-209,0.0,否,07,1,32,,0,0,英美名作赏析,16,第7节-第8节,逸夫楼B区,77003030
48.0,000000,中级俄语（上）,201417700309060935,,3,文化素质选修,26,"2-17周,2-17周",0,郑振东,"2-17周 周二 第9节-第10节 逸B-209,2-17周 周四 第9节-第10节 逸B-209",3.0,公共课程,否,理论类课程,"周二,周四",2014-2015-1,,201417700309060935,,0,仙林校区,2014-2015学年 第1学期,60935,"逸B-209,逸B-209",0.0,否,07,1,48,,0,0,中级俄语（上）,16,"第9节-第10节,第9节-第10节",逸夫楼B区,77003090
48.0,000000,初级俄语（上）,201417800031060934,,3,文化素质选修,30,"2-17周,2-17周",0,郑振东,"2-17周 周一 第9节-第10节 逸B-209,2-17周 周三 第9节-第10节 逸B-209",3.0,公共课程,否,理论类课程,"周一,周三",2014-2015-1,,201417800031060934,,0,仙林校区,2014-2015学年 第1学期,60934,"逸B-209,逸B-209",0.0,否,07,1,48,,0,0,初级俄语（上）,16,"第9节-第10节,第9节-第10节",逸夫楼B区,78000310
32.0,000000,钢琴基础,201417800039060931,,3,文化素质选修,31,2-17周,0,范丽甍,2-17周 周五 第7节-第8节 ,2.0,公共课程,否,实践类课程,周五,2014-2015-1,,201417800039060931,,0,仙林校区,2014-2015学年 第1学期,60931,大活320,0.0,否,07,3,0,,32,0,钢琴基础,,第7节-第8节,,78000390
32.0,000000,声乐基础,201417800040060912,,3,文化素质选修,90,2-17周,0,陈晓艳,2-17周 周一 第9节-第10节 仙Ⅰ-108,2.0,公共课程,否,理论类课程,周一,2014-2015-1,,201417800040060912,,0,仙林校区,2014-2015学年 第1学期,60912,仙Ⅰ-108,0.0,否,07,1,32,,0,0,声乐基础,11,第9节-第10节,仙I区,78000400
32.0,000000,合奏与指挥,201417800042060916,,3,文化素质选修,0,2-17周,0,张静波,2-17周 周日 第1节-第8节 ,2.0,公共课程,否,理论类课程,周日,2014-2015-1,,201417800042060916,,0,仙林校区,2014-2015学年 第1学期,60916,大活212,0.0,否,07,1,32,,0,0,合奏与指挥,,第1节-第8节,,78000420
32.0,000000,舞蹈基础,201417800046060920,,3,文化素质选修,40,2-17周,0,汪以平,2-17周 周一 第7节-第8节 ,2.0,公共课程,否,理论类课程,周一,2014-2015-1,,201417800046060920,,0,仙林校区,2014-2015学年 第1学期,60920,大活练功房,0.0,否,07,1,32,,0,0,舞蹈基础,,第7节-第8节,,78000460
32.0,000000,合唱与指挥,201417800052060908,,3,文化素质选修,173,2-17周,0,吕晓一,2-17周 周一 第7节-第8节 仙Ⅰ-108,2.0,公共课程,否,理论类课程,周一,2014-2015-1,,201417800052060908,,0,仙林校区,2014-2015学年 第1学期,60908,仙Ⅰ-108,0.0,否,07,1,32,,0,0,合唱与指挥,11,第7节-第8节,仙I区,78000520
32.0,000000,结构素描,201417800056060924,,3,文化素质选修,30,2-17周,0,杨秀娟,2-17周 周三 第9节-第10节 ,2.0,公共课程,否,理论+实践课程,周三,2014-2015-1,,201417800056060924,,0,仙林校区,2014-2015学年 第1学期,60924,无,0.0,否,07,5,2,,30,0,结构素描,,第9节-第10节,,78000560
32.0,000000,演示物理,201417800104060959,,3,文化素质选修,61,2-17周,0,潘永华,2-17周 周二 第7节-第8节 ,2.0,公共课程,否,理论类课程,周二,2014-2015-1,,201417800104060959,,0,仙林校区,2014-2015学年 第1学期,60959,实验楼丙310,0.0,否,07,1,32,,0,0,演示物理,,第7节-第8节,,78001040
32.0,000000,大学生心理健康学,201417800107060899,,3,文化素质选修,196,2-17周,0,徐花,2-17周 周二 第7节-第8节 仙Ⅰ-106,2.0,公共课程,否,理论类课程,周二,2014-2015-1,,201417800107060899,,0,仙林校区,2014-2015学年 第1学期,60899,仙Ⅰ-106,0.0,否,07,1,32,,0,0,大学生心理健康学,11,第7节-第8节,仙I区,78001070
32.0,000000,大学生心理健康学,201417800107060900,,3,文化素质选修,178,2-17周,0,费俊峰,2-17周 周一 第7节-第8节 逸B-212,2.0,公共课程,否,理论类课程,周一,2014-2015-1,,201417800107060900,,0,仙林校区,2014-2015学年 第1学期,60900,逸B-212,0.0,否,07,1,32,,0,0,大学生心理健康学,16,第7节-第8节,逸夫楼B区,78001070
32.0,000000,钢琴提高,201417800116060932,,3,文化素质选修,27,2-17周,0,范丽甍,2-17周 周五 第9节-第10节 ,2.0,公共课程,否,实践类课程,周五,2014-2015-1,,201417800116060932,,0,仙林校区,2014-2015学年 第1学期,60932,大活320,0.0,否,07,3,0,,32,0,钢琴提高,,第9节-第10节,,78001160
32.0,000000,钢琴提高,201417800116060946,,1,文化素质选修,26,2-17周,0,范丽甍,2-17周 周二 第7节-第8节 ,2.0,公共课程,否,实践类课程,周二,2014-2015-1,,201417800116060946,,0,鼓楼校区,2014-2015学年 第1学期,60946,田家炳二楼,0.0,否,07,3,0,,32,0,钢琴提高,,第7节-第8节,,78001160
32.0,000000,油画技法基础,201417800117060923,,3,文化素质选修,28,2-17周,0,杨秀娟,2-17周 周二 第7节-第8节 ,2.0,公共课程,否,实践类课程,周二,2014-2015-1,,201417800117060923,,0,仙林校区,2014-2015学年 第1学期,60923,无,0.0,否,07,3,2,,30,0,油画技法基础,,第7节-第8节,,78001170
32.0,000000,管弦乐欣赏与练习,201417800120060909,,3,文化素质选修,0,2-17周,0,吕晓一,2-17周 周日 第1节-第4节 ,2.0,公共课程,否,理论类课程,周日,2014-2015-1,,201417800120060909,,0,仙林校区,2014-2015学年 第1学期,60909,大活排练厅,0.0,否,07,1,32,,0,0,管弦乐欣赏与练习,,第1节-第4节,,78001200
32.0,000000,小提琴演奏初级班,201417800149060926,,3,文化素质选修,28,2-17周,0,钱君,2-17周 周二 第7节-第8节 ,2.0,公共课程,否,实践类课程,周二,2014-2015-1,,201417800149060926,,0,仙林校区,2014-2015学年 第1学期,60926,大活320,0.0,否,07,3,0,,32,0,小提琴演奏初级班,,第7节-第8节,,78001490
32.0,000000,民乐提高,201417800165060915,,3,文化素质选修,0,2-17周,0,张静波,2-17周 周日 第9节-第10节 ,2.0,公共课程,否,理论类课程,周日,2014-2015-1,,201417800165060915,,0,仙林校区,2014-2015学年 第1学期,60915,大活212,0.0,否,07,1,32,,0,0,民乐提高,,第9节-第10节,,78001650
32.0,000000,声乐作品演唱与实践,201417800171060913,,3,文化素质选修,0,2-17周,0,陈晓艳,2-17周 周日 第5节-第6节 ,2.0,公共课程,否,理论类课程,周日,2014-2015-1,,201417800171060913,,0,仙林校区,2014-2015学年 第1学期,60913,大活排练厅,0.0,否,07,1,32,,0,0,声乐作品演唱与实践,,第5节-第6节,,78001710
32.0,000000,医学与健康,201417800174060941,,1,文化素质选修,147,2-17周,0,方刚,2-17周 周四 第9节-第10节 教121,2.0,公共课程,否,理论类课程,周四,2014-2015-1,,201417800174060941,,0,鼓楼校区,2014-2015学年 第1学期,60941,教121,0.0,否,07,1,32,,0,0,医学与健康,1,第9节-第10节,教学楼,78001740
32.0,000000,话剧作品实践,201417800190060929,,3,文化素质选修,50,2-17周,0,唐小蓬,2-17周 周二 第7节-第8节 ,2.0,公共课程,否,理论类课程,周二,2014-2015-1,,201417800190060929,,0,仙林校区,2014-2015学年 第1学期,60929,大活210,0.0,否,07,1,32,,0,0,话剧作品实践,,第7节-第8节,,78001900
32.0,000000,杨式太极拳,201417800200060904,,3,文化素质选修,39,2-17周,0,王唯,2-17周 周一 第9节-第10节 ,2.0,公共课程,否,理论类课程,周一,2014-2015-1,,201417800200060904,,0,仙林校区,2014-2015学年 第1学期,60904,仙1-321北面平台,0.0,否,07,1,32,,0,0,杨式太极拳,,第9节-第10节,,78002000
32.0,000000,杨式太极拳,201417800200060905,,3,文化素质选修,38,2-17周,0,王唯,2-17周 周一 第7节-第8节 ,2.0,公共课程,否,理论类课程,周一,2014-2015-1,,201417800200060905,,0,仙林校区,2014-2015学年 第1学期,60905,仙1-321北面平台,0.0,否,07,1,32,,0,0,杨式太极拳,,第7节-第8节,,78002000
32.0,000000,戏剧表演与实践,201417800216060930,,3,文化素质选修,0,2-17周,0,,2-17周 周六 第5节-第6节 ,2.0,公共课程,否,理论类课程,周六,2014-2015-1,,201417800216060930,,0,仙林校区,2014-2015学年 第1学期,60930,大活210,0.0,否,07,1,32,,0,0,戏剧表演与实践,,第5节-第6节,,78002160
32.0,000000,桥牌入门,201417800228060906,,3,文化素质选修,81,2-17周,0,吴向东,2-17周 周四 第9节-第10节 仙Ⅰ-102,2.0,公共课程,否,理论类课程,周四,2014-2015-1,,201417800228060906,,0,仙林校区,2014-2015学年 第1学期,60906,仙Ⅰ-102,0.0,否,07,1,32,,0,0,桥牌入门,11,第9节-第10节,仙I区,78002280
32.0,000000,中国古琴艺术,201417800339060902,,3,文化素质选修,60,2-17周,0,桂世民,2-17周 周一 第7节-第8节 仙Ⅰ-102,2.0,公共课程,否,理论类课程,周一,2014-2015-1,,201417800339060902,,0,仙林校区,2014-2015学年 第1学期,60902,仙Ⅰ-102,0.0,否,07,1,32,,0,0,中国古琴艺术,11,第7节-第8节,仙I区,78003390
32.0,000000,管弦乐排练,201417800340060910,,3,文化素质选修,0,2-17周,0,吕晓一,2-17周 周日 第5节-第8节 ,2.0,公共课程,否,理论类课程,周日,2014-2015-1,,201417800340060910,,0,仙林校区,2014-2015学年 第1学期,60910,大活排练厅,0.0,否,07,1,32,,0,0,管弦乐排练,,第5节-第8节,,78003400
32.0,000000,初级日语1,201417800345060936,,3,文化素质选修,30,2-17周,0,"刘军,刘军",2-17周 周一 第5节-第6节 逸B-202,2.0,公共课程,否,理论类课程,周一,2014-2015-1,,201417800345060936,,0,仙林校区,2014-2015学年 第1学期,60936,逸B-202,0.0,否,07,1,32,,0,0,初级日语,16,第5节-第6节,逸夫楼B区,78003450
32.0,000000,初级日语2,201417800345060937,,3,文化素质选修,28,2-17周,0,"刘军,刘军",2-17周 周一 第7节-第8节 逸B-202,2.0,公共课程,否,理论类课程,周一,2014-2015-1,,201417800345060937,,0,仙林校区,2014-2015学年 第1学期,60937,逸B-202,0.0,否,07,1,32,,0,0,初级日语,16,第7节-第8节,逸夫楼B区,78003450
32.0,000000,手语入门,201417800355060901,,3,文化素质选修,50,2-17周,0,戴曼莉,2-17周 周二 第7节-第8节 仙Ⅰ-104,2.0,公共课程,否,理论类课程,周二,2014-2015-1,,201417800355060901,,0,仙林校区,2014-2015学年 第1学期,60901,仙Ⅰ-104,0.0,否,07,1,32,,0,0,手语入门,11,第7节-第8节,仙I区,78003550
32.0,000000,希腊罗马神话,201417800363060951,,3,文化素质选修,100,2-17周,0,熊莹,2-17周 周二 第7节-第8节 仙Ⅱ-306,2.0,公共课程,否,理论类课程,周二,2014-2015-1,,201417800363060951,,0,仙林校区,2014-2015学年 第1学期,60951,仙Ⅱ-306,0.0,否,07,1,32,,0,0,希腊罗马神话,12,第7节-第8节,仙II区,78003630
32.0,000000,20世纪中国历史脉络,201417800372060952,,3,文化素质选修,130,2-17周,0,张生,2-17周 周二 第9节-第10节 仙Ⅱ-503,2.0,公共课程,否,理论类课程,周二,2014-2015-1,,201417800372060952,,0,仙林校区,2014-2015学年 第1学期,60952,仙Ⅱ-503,0.0,否,07,1,32,,0,0,20世纪中国历史脉络,12,第9节-第10节,仙II区,78003720
32.0,000000,人类社会现象中的生物学解析,201417800373060889,,3,文化素质选修,100,2-17周,0,薛斌,2-17周 周四 第7节-第8节 仙Ⅱ-306,2.0,公共课程,否,理论类课程,周四,2014-2015-1,,201417800373060889,,0,仙林校区,2014-2015学年 第1学期,60889,仙Ⅱ-306,0.0,否,07,1,32,,0,0,人类社会现象中的生物学解析,12,第7节-第8节,仙II区,78003730
32.0,000000,禅与中国文化,201417800374060892,,3,文化素质选修,99,2-17周,0,刘鹿鸣,2-17周 周二 第7节-第8节 仙Ⅱ-406,2.0,公共课程,否,理论类课程,周二,2014-2015-1,,201417800374060892,,0,仙林校区,2014-2015学年 第1学期,60892,仙Ⅱ-406,0.0,否,07,1,32,,0,0,禅与中国文化,12,第7节-第8节,仙II区,78003740
32.0,000000,计算与思维,201417800375060893,,3,文化素质选修,32,"2-17周,3-17周(单)",0,张莉,"3-17周(单) 周四 第5节-第6节 实验楼乙201,2-17周 周三 第9节-第10节 仙Ⅰ-103",2.0,公共课程,否,理论类课程,"周三,周四",2014-2015-1,,201417800375060893,,0,仙林校区,2014-2015学年 第1学期,60893,"仙Ⅰ-103,实验楼乙201",0.0,否,07,1,32,,0,0,计算与思维,"11,113","第9节-第10节,第5节-第6节","仙I区, 实验楼乙",78003750
32.0,000000,信息安全技术,201417800376060894,,3,文化素质选修,61,"2-17周,2-16周(双)",0,黄达明,"2-17周 周三 第7节-第8节 仙Ⅱ-406,2-16周(双) 周三 第9节-第10节 实验楼乙107",2.0,公共课程,否,理论类课程,"周三,周三",2014-2015-1,,201417800376060894,,0,仙林校区,2014-2015学年 第1学期,60894,"仙Ⅱ-406,实验楼乙107",0.0,否,07,1,32,,0,0,信息安全技术,"113,12","第7节-第8节,第9节-第10节","实验楼乙, 仙II区",78003760
32.0,000000,高级数据处理技术,201417800377060895,,3,文化素质选修,99,2-17周,0,黄达明,2-17周 周二 第9节-第10节 实验楼乙107,2.0,公共课程,否,理论类课程,周二,2014-2015-1,,201417800377060895,,0,仙林校区,2014-2015学年 第1学期,60895,实验楼乙107,0.0,否,07,1,32,,0,0,高级数据处理技术,113,第9节-第10节,实验楼乙,78003770
32.0,000000,数据库应用,201417800378060896,,3,文化素质选修,80,2-17周,0,朱怀宏,2-17周 周三 第7节-第8节 仙Ⅱ-303,2.0,公共课程,否,,周三,2014-2015-1,,201417800378060896,,0,仙林校区,2014-2015学年 第1学期,60896,仙Ⅱ-303,,否,07,,,,,0,数据库应用导引,12,第7节-第8节,仙II区,78003780
32.0,000000,西方艺术史,201417800379060933,,3,文化素质选修,203,2-17周,0,周计武,2-17周 周五 第9节-第10节 仙Ⅰ-107,2.0,公共课程,否,理论类课程,周五,2014-2015-1,,201417800379060933,,0,仙林校区,2014-2015学年 第1学期,60933,仙Ⅰ-107,0.0,否,07,1,32,,0,0,西方艺术史,11,第9节-第10节,仙I区,78003790
32.0,000000,Understanding Korean Society and Culture(20141-78003850-1),201417800385060975,,3,文化素质选修,30,2-17周,0,李锦花,2-17周 周二 第6节-第7节 ,2.0,公共课程,否,理论类课程,周二,2014-2015-1,,201417800385060975,,0,仙林校区,2014-2015学年 第1学期,60975,教学楼Ⅰ-525（原外国语学院图书室）,0.0,否,07,1,32,,0,0,Korean Society and Culture,,第6节-第7节,,78003850
32.0,000000,资源信息分析(20141-78003860-1),201417800386061050,,3,文化素质选修,0,2-17周,0,徐兆文,2-17周 周一 第9节-第10节 仙Ⅱ-315,2.0,公共课程,否,理论类课程,周一,2014-2015-1,,201417800386061050,,0,仙林校区,2014-2015学年 第1学期,61050,仙Ⅱ-315,0.0,否,07,1,32,,0,0,资源信息分析,12,第9节-第10节,仙II区,78003860
32.0,400010,方言与文化研究(20141-91010060-1),201419101006059175,,3,,33,1-18周,0,顾黔,1-18周 周三 第3节-第4节 逸C-102,2.0,文学院,否,理论类课程,周三,2014-2015-1,,201419101006059175,,0,仙林校区,2014-2015学年 第1学期,59175,逸C-102,0.0,否,,1,32,,0,0,方言与文化研究,17,第3节-第4节,逸夫楼C区,91010060
32.0,400010,红楼梦研究(20141-91010070-1),201419101007061010,,3,,33,1-18周,0,苗怀明,1-18周 周一 第5节-第6节 仙Ⅱ-315,2.0,文学院,否,理论类课程,周一,2014-2015-1,,201419101007061010,,0,仙林校区,2014-2015学年 第1学期,61010,仙Ⅱ-315,0.0,否,,1,32,,0,0,红楼梦研究,12,第5节-第6节,仙II区,91010070
32.0,400010,当下热点文学作品研读(20141-91010100-1),201419101010059179,,3,,2,,0,,,2.0,文学院,否,理论类课程,,2014-2015-1,,201419101010059179,,0,仙林校区,2014-2015学年 第1学期,59179,,0.0,否,,1,32,,0,0,当下热点文学作品研读,,,,91010100
32.0,400010,中国文化史研究导论(20141-91010120-1),201419101012059234,,3,,32,1-18周,0,赵益,1-18周 周二 第7节-第8节 仙Ⅱ-115,2.0,文学院,否,理论类课程,周二,2014-2015-1,,201419101012059234,,0,仙林校区,2014-2015学年 第1学期,59234,仙Ⅱ-115,0.0,否,,1,32,,0,0,中国文化史研究导论,12,第7节-第8节,仙II区,91010120
32.0,400010,审美与人生(20141-91010160-1),201419101016059181,,3,,38,1-18周,0,李昌舒,1-18周 周一 第3节-第4节 逸C-102,2.0,文学院,否,理论类课程,周一,2014-2015-1,,201419101016059181,,0,仙林校区,2014-2015学年 第1学期,59181,逸C-102,0.0,否,,1,32,,0,0,审美与人生,17,第3节-第4节,逸夫楼C区,91010160
32.0,400020,中日历史遗留问题(20141-91020020-1),201419102002059552,,3,,26,1-18周,0,曹大臣,1-18周 周一 第3节-第4节 逸B-111,2.0,历史学院,否,理论类课程,周一,2014-2015-1,,201419102002059552,,0,仙林校区,2014-2015学年 第1学期,59552,逸B-111,0.0,否,,1,32,,0,0,中日历史遗留问题,16,第3节-第4节,逸夫楼B区,91020020
32.0,400020,英国史(20141-91020050-1),201419102005059553,,3,,27,1-18周,0,刘金源,1-18周 周四 第5节-第6节 逸B-303,2.0,历史学院,否,理论类课程,周四,2014-2015-1,,201419102005059553,,0,仙林校区,2014-2015学年 第1学期,59553,逸B-303,0.0,否,,1,32,,0,0,英国史,16,第5节-第6节,逸夫楼B区,91020050
32.0,400020,中美关系与台湾问题(20141-91020090-1),201419102009059554,,3,,16,1-18周,0,龚洪烈,1-18周 周五 第3节-第4节 逸B-303,2.0,历史学院,否,理论类课程,周五,2014-2015-1,,201419102009059554,,0,仙林校区,2014-2015学年 第1学期,59554,逸B-303,0.0,否,,1,32,,0,0,中美关系与台湾问题,16,第3节-第4节,逸夫楼B区,91020090
48.0,400030,佛教人生哲学研究(20141-91040060-1),201419104006059776,,3,,31,1-18周,0,杨维中,1-18周 周一 第3节-第4节 仙Ⅱ-101,3.0,哲学学院,否,理论类课程,周一,2014-2015-1,,201419104006059776,,0,仙林校区,2014-2015学年 第1学期,59776,仙Ⅱ-101,0.0,否,,1,48,,0,0,佛教人生哲学研究,12,第3节-第4节,仙II区,91040060
32.0,400040,传播思想史研究(20141-91050010-1),201419105001059694,,3,,16,1-18周,0,胡翼青,1-18周 周二 第7节-第8节 逸B-201,2.0,新闻传播学院,否,理论类课程,周二,2014-2015-1,,201419105001059694,,0,仙林校区,2014-2015学年 第1学期,59694,逸B-201,0.0,否,,1,32,,0,0,传播思想史研究,16,第7节-第8节,逸夫楼B区,91050010
32.0,400040,媒介与社会性别研究导论(20141-91050020-1),201419105002059458,,3,,74,1-18周,0,王蕾,1-18周 周二 第1节-第2节 逸B-205,2.0,新闻传播学院,否,理论类课程,周二,2014-2015-1,,201419105002059458,,0,仙林校区,2014-2015学年 第1学期,59458,逸B-205,0.0,否,,1,32,,0,0,媒介与社会性别研究导论,16,第1节-第2节,逸夫楼B区,91050020
32.0,400080,国家治理与政治发展(20141-91060050-1),201419106005059695,,3,,25,1-18周,0,笪素林,1-18周 周五 第5节-第6节 仙Ⅱ-301,2.0,政府管理学院,否,理论类课程,周五,2014-2015-1,,201419106005059695,,0,仙林校区,2014-2015学年 第1学期,59695,仙Ⅱ-301,0.0,否,,1,32,,0,0,国家治理与政治发展,12,第5节-第6节,仙II区,91060050
32.0,400080,比较政治经济学专题研究(20141-91060060-1),201419106006060355,,3,,6,"10-18周,10-18周",0,"王云骏,苗红娜","10-18周 周三 第1节-第2节 逸B-202,10-18周 周三 第3节-第4节 逸B-202",2.0,政府管理学院,否,理论类课程,"周三,周三",2014-2015-1,,201419106006060355,,0,仙林校区,2014-2015学年 第1学期,60355,"逸B-202,逸B-202",0.0,否,,1,32,,0,0,比较政治经济学,16,"第1节-第2节,第3节-第4节",逸夫楼B区,91060060
32.0,400090,信息资源共享实践与理论研究(20141-91070030-1),201419107003059849,,3,,5,1-11周,0,陈雅,1-11周 周二 第5节-第7节 逸B-211,2.0,信息管理学院,否,理论类课程,周二,2014-2015-1,,201419107003059849,,0,仙林校区,2014-2015学年 第1学期,59849,逸B-211,0.0,否,,1,32,,0,0,信息资源共享实践与理论研究,16,第5节-第7节,逸夫楼B区,91070030
32.0,400090,网络信息资源综合利用(20141-91070040-1),201419107004059814,,3,,19,1-18周,0,郑建明,1-18周 周二 第3节-第4节 仙Ⅱ-109,2.0,信息管理学院,否,理论类课程,周二,2014-2015-1,,201419107004059814,,0,仙林校区,2014-2015学年 第1学期,59814,仙Ⅱ-109,0.0,否,,1,32,,0,0,网络信息资源综合利用,12,第3节-第4节,仙II区,91070040
32.0,400100,社会热点问题的定量研究方法及应用(20141-91080010-1),201419108001059546,,3,,24,1-18周,0,闵学勤,1-18周 周五 第3节-第4节 ,2.0,社会学院,否,理论类课程,周五,2014-2015-1,,201419108001059546,,0,仙林校区,2014-2015学年 第1学期,59546,社会学院202室,0.0,否,,1,32,,0,0,社会热点问题的定量研究方法及应用,,第3节-第4节,,91080010
32.0,400100,劳工研究与企业社会工作(20141-91080020-1),201419108002059417,,3,,20,1-18周,0,"郑广怀,刘林平",1-18周 周一 第7节-第8节 逸C-103,2.0,社会学院,否,理论类课程,周一,2014-2015-1,,201419108002059417,,0,仙林校区,2014-2015学年 第1学期,59417,逸C-103,0.0,否,,1,32,,0,0,劳工研究与企业社会工作,17,第7节-第8节,逸夫楼C区,91080020
32.0,400110,常微分方程几何理论(20141-91110040-1),201419111004060780,,3,,14,1-18周,0,程崇庆,1-18周 周一 第5节-第7节 仙Ⅱ-413,2.0,数学学院,否,理论类课程,周一,2014-2015-1,,201419111004060780,,0,仙林校区,2014-2015学年 第1学期,60780,仙Ⅱ-413,0.0,否,,1,32,,0,0,常微分方程几何理论,12,第5节-第7节,仙II区,91110040
32.0,400110,整函数与亚纯函数(20141-91110060-1),201419111006060511,,3,,8,1-18周,0,廖良文,1-18周 周四 第5节-第7节 仙Ⅰ-203,3.0,数学学院,否,理论类课程,周四,2014-2015-1,,201419111006060511,,0,仙林校区,2014-2015学年 第1学期,60511,仙Ⅰ-203,0.0,否,,1,48,,0,0,整函数与亚纯函数,11,第5节-第7节,仙I区,91110060
32.0,400120,微纳光子学(20141-91120010-1),201419112001060235,,1,,30,1-18周,0,刘辉,1-18周 周一 第5节-第6节 教218,2.0,物理学院,否,理论类课程,周一,2014-2015-1,,201419112001060235,,0,鼓楼校区,2014-2015学年 第1学期,60235,教218,0.0,否,,1,32,,0,0,微纳光子学,1,第5节-第6节,教学楼,91120010
32.0,400120,物理生物学前沿(20141-91120030-1),201419112003060251,,1,,14,1-18周,0,曹毅,1-18周 周四 第5节-第6节 教218,2.0,物理学院,否,理论类课程,周四,2014-2015-1,,201419112003060251,,0,鼓楼校区,2014-2015学年 第1学期,60251,教218,0.0,否,,1,32,,0,0,物理生物学前沿,1,第5节-第6节,教学楼,91120030
32.0,400220,微生物学研究中的一些热点问题(20141-91140040-1),201419114004059440,,3,,0,,0,,,2.0,生命科学学院,否,理论类课程,,2014-2015-1,,201419114004059440,,0,仙林校区,2014-2015学年 第1学期,59440,,0.0,否,,1,32,,0,0,微生物学研究中的一些热点问题,,,,91140040
32.0,400220,药理学前沿(20141-91140070-1),201419114007059071,,3,,13,1-18周,0,"徐强,孙洋",1-18周 周四 第7节-第8节 仙Ⅱ-315,2.0,生命科学学院,否,理论类课程,周四,2014-2015-1,,201419114007059071,,0,仙林校区,2014-2015学年 第1学期,59071,仙Ⅱ-315,0.0,否,,1,32,,0,0,药理学前沿,12,第7节-第8节,仙II区,91140070
32.0,400220,化学生物学(20141-91140080-1),201419114008059068,,3,,3,1-18周,0,赵劲,1-18周 周四 第5节-第6节 仙Ⅱ-307,2.0,生命科学学院,否,理论类课程,周四,2014-2015-1,,201419114008059068,,0,仙林校区,2014-2015学年 第1学期,59068,仙Ⅱ-307,0.0,否,,1,32,,0,0,化学生物学,12,第5节-第6节,仙II区,91140080
32.0,400210,行星上的风暴(20141-91170030-1),201419117003059239,,3,,30,"12-18周,12-18周",0,"王元,宋金杰","12-18周 周一 第5节-第6节 仙Ⅱ-117,12-18周 周五 第5节-第6节 仙Ⅱ-117",2.0,大气科学学院,否,理论类课程,"周一,周五",2014-2015-1,,201419117003059239,,0,仙林校区,2014-2015学年 第1学期,59239,"仙Ⅱ-117,仙Ⅱ-117",0.0,否,,1,32,,0,0,行星上的风暴,12,"第5节-第6节,第5节-第6节",仙II区,91170030
32.0,400210,东亚季风(20141-91170040-1),201419117004059256,,3,,24,4-17周,0,"黄安宁,张耀存",4-17周 周二 第7节-第8节 仙Ⅱ-217,2.0,大气科学学院,否,理论类课程,周二,2014-2015-1,,201419117004059256,,0,仙林校区,2014-2015学年 第1学期,59256,仙Ⅱ-217,0.0,否,,1,32,,0,0,东亚季风,12,第7节-第8节,仙II区,91170040
32.0,400170,真空工艺与实验技术(20141-91190010-1),201419119001060188,,3,,28,1-18周,0,韩民,1-18周 周五 第7节-第8节 逸C-202,2.0,现代工程与应用科学学院,否,理论+实验课程,周五,2014-2015-1,,201419119001060188,,0,仙林校区,2014-2015学年 第1学期,60188,逸C-202,16.0,否,,6,16,,0,0,真空工艺与实验技术,17,第7节-第8节,逸夫楼C区,91190010
32.0,400170,摄影光学(20141-91190030-1),201419119003060231,,3,,29,1-18周,0,赵刚,1-18周 周一 第5节-第6节 逸C-105,2.0,现代工程与应用科学学院,否,理论+实践课程,周一,2014-2015-1,,201419119003060231,,0,仙林校区,2014-2015学年 第1学期,60231,逸C-105,0.0,否,,5,16,,16,0,摄影光学及光电技术,17,第5节-第6节,逸夫楼C区,91190030
32.0,400180,人类健康与全球环境变化(20141-91200020-1),201419120002060658,,3,,3,1-18周,0,许超,1-18周 周二 第7节-第8节 仙Ⅱ-103,2.0,环境学院,否,理论类课程,周二,2014-2015-1,,201419120002060658,,0,仙林校区,2014-2015学年 第1学期,60658,仙Ⅱ-103,0.0,否,,1,32,,0,0,人类健康与全球环境变化,12,第7节-第8节,仙II区,91200020
32.0,400150,万维网科学(20141-91220010-1),201419122001060659,,3,,15,1-18周,0,"瞿裕忠,程龚",1-18周 周一 第7节-第8节 仙Ⅱ-215,2.0,计算机学院,否,理论类课程,周一,2014-2015-1,,201419122001060659,,0,仙林校区,2014-2015学年 第1学期,60659,仙Ⅱ-215,0.0,否,,1,32,,0,0,万维网科学,12,第7节-第8节,仙II区,91220010
32.0,400150,Web程序分析测试(20141-91220020-1),201419122002060660,,3,,22,1-18周,0,李言辉,1-18周 周五 第7节-第8节 仙Ⅱ-215,2.0,计算机学院,否,理论类课程,周五,2014-2015-1,,201419122002060660,,0,仙林校区,2014-2015学年 第1学期,60660,仙Ⅱ-215,0.0,否,,1,32,,0,0,Web程序分析测试,12,第7节-第8节,仙II区,91220020
32.0,400230,走进免疫调节的神奇世界(20141-91230020-1),201419123002060657,,3,,30,1-18周,0,沈苏南,1-18周 周二 第9节-第10节 逸B-202,2.0,医学院,否,,周二,2014-2015-1,,201419123002060657,,0,仙林校区,2014-2015学年 第1学期,60657,逸B-202,,否,,,,,,0,走进免疫调节的神奇世界,16,第9节-第10节,逸夫楼B区,91230020
32.0,400240,机器视觉理解与分析(20141-91270030-1),201419127003060991,,3,,19,1-18周,0,朱美琳,1-18周 周三 第1节-第2节 实验楼乙406,2.0,工程管理学院,否,理论类课程,周三,2014-2015-1,,201419127003060991,,0,仙林校区,2014-2015学年 第1学期,60991,实验楼乙406,0.0,否,,1,32,,0,0,机器视觉理解与分析,113,第1节-第2节,实验楼乙,91270030
32.0,400240,多机器人系统：协作与对抗(20141-91270050-1),201419127005060735,,3,,2,1-18周,0,李维,1-18周 周二 第9节-第10节 仙Ⅰ-113,2.0,工程管理学院,否,理论类课程,周二,2014-2015-1,,201419127005060735,,0,仙林校区,2014-2015学年 第1学期,60735,仙Ⅰ-113,0.0,否,,1,32,,0,0,多机器人系统：协作与对抗,11,第9节-第10节,仙I区,91270050
32.0,400260,应用语言学中的实证研究和定量数据分析(20141-91280010-1),201419128001059527,,3,,18,1-18周,0,曹贤文,1-18周 周四 第7节-第8节 逸C-210,2.0,海外教育学院,否,理论+实践课程,周四,2014-2015-1,,201419128001059527,,0,仙林校区,2014-2015学年 第1学期,59527,逸C-210,0.0,否,,5,32,,0,0,应用语言学中的实证研究和定量数据分析,17,第7节-第8节,逸夫楼C区,91280010
