XS,PKDWDM,JXBMC,WID,TXKCLB_DISPLAY,XXXQDM,XGXKLBDM_DISPLAY,XKZRS,SKZC,PKZTDM,SKJS,YPSJDD,XF,PKDWDM_DISPLAY,SFXGXK_DISPLAY,KCFL1_DISPLAY,SKXQ,XNXQDM,TKJG,JXBID,SKBJ,SFTK,XXXQDM_DISPLAY,XNXQDM_DISPLAY,KXH,SKJAS,SYXS,SFTK_DISPLAY,XGXKLBDM,KCFL1,KTJSXS,TXKCLB,KCSJXS,SFXGXK,KCM,JXLDM,SKJC,JXLDM_DISPLAY,KCH
48.0,400080,思想道德修养与法律基础(20091-000020-1),2009100002018946,,3,,138,1-18周,0,张伟,1-18周 周四 第5节-第6节 图书馆125,3.0,政府管理学院,否,,周四,2009-2010-1,,2009100002018946,2009计算机学院计算机科学类,0,仙林校区,2009-2010学年 第1学期,18946,无,,否,,,,,,0,思想道德修养与法律基础,,第5节-第6节,,000020
48.0,400080,思想道德修养与法律基础(20091-000020-2),2009100002019018,,3,,127,1-18周,0,暴庆刚,1-18周 周五 第3节-第4节 仙Ⅰ-320,3.0,政府管理学院,否,,周五,2009-2010-1,,2009100002019018,,0,仙林校区,2009-2010学年 第1学期,19018,仙Ⅰ-320,,否,,,,,,0,思想道德修养与法律基础,11,第3节-第4节,仙I区,000020
48.0,400080,思想道德修养与法律基础(20091-000020-3),2009100002019150,,3,,130,1-18周,0,吴翠丽,1-18周 周四 第5节-第6节 仙Ⅱ-403,3.0,政府管理学院,否,,周四,2009-2010-1,,2009100002019150,"2009生命科学学院生物科学（基地）,2009匡亚明学院理强（数理方向）,2009匡亚明学院理科强化班",0,仙林校区,2009-2010学年 第1学期,19150,仙Ⅱ-403,,否,,,,,,0,思想道德修养与法律基础,12,第5节-第6节,仙II区,000020
48.0,400080,思想道德修养与法律基础(20091-000020-4),2009100002019159,,3,,175,1-18周,0,李喜英,1-18周 周二 第1节-第2节 仙Ⅱ-122,3.0,政府管理学院,否,,周二,2009-2010-1,,2009100002019159,2009物理学院物理学类,0,仙林校区,2009-2010学年 第1学期,19159,仙Ⅱ-122,,否,,,,,,0,思想道德修养与法律基础,12,第1节-第2节,仙II区,000020
48.0,400080,思想道德修养与法律基础(20091-000020-5),2009100002019160,,3,,109,1-18周,0,吴翠丽,1-18周 周四 第7节-第8节 仙Ⅱ-403,3.0,政府管理学院,否,,周四,2009-2010-1,,2009100002019160,2009化学学院化学(基地),0,仙林校区,2009-2010学年 第1学期,19160,仙Ⅱ-403,,否,,,,,,0,思想道德修养与法律基础,12,第7节-第8节,仙II区,000020
48.0,400080,思想道德修养与法律基础(20091-000020-6),2009100002019162,,3,,147,1-18周,0,吴翠丽,1-18周 周四 第9节-第10节 图书馆126,3.0,政府管理学院,否,,周四,2009-2010-1,,2009100002019162,2009物理学院物理基地,0,仙林校区,2009-2010学年 第1学期,19162,图书馆126,,否,,,,,,0,思想道德修养与法律基础,18,第9节-第10节,图书馆,000020
48.0,400080,思想道德修养与法律基础(20091-000020-7),2009100002019176,,3,,66,1-18周,0,李喜英,1-18周 周二 第5节-第6节 仙Ⅰ-203,3.0,政府管理学院,否,,周二,2009-2010-1,,2009100002019176,2009生命科学学院生物科学类,0,仙林校区,2009-2010学年 第1学期,19176,仙Ⅰ-203,,否,,,,,,0,思想道德修养与法律基础,11,第5节-第6节,仙I区,000020
48.0,400080,思想道德修养与法律基础(20091-000020-8),2009100002019177,,3,,96,1-18周,0,李喜英,1-18周 周二 第7节-第8节 逸B-207,3.0,政府管理学院,否,,周二,2009-2010-1,,2009100002019177,,0,仙林校区,2009-2010学年 第1学期,19177,逸B-207,,否,,,,,,0,思想道德修养与法律基础,16,第7节-第8节,逸夫楼B区,000020
48.0,400080,思想道德修养与法律基础(20091-000020-9),2009100002019178,,3,,72,1-18周,0,张伟,1-18周 周四 第1节-第2节 仙Ⅰ-102,3.0,政府管理学院,否,,周四,2009-2010-1,,2009100002019178,,0,仙林校区,2009-2010学年 第1学期,19178,仙Ⅰ-102,,否,,,,,,0,思想道德修养与法律基础,11,第1节-第2节,仙I区,000020
48.0,400080,思想道德修养与法律基础(20091-000020-10),2009100002019179,,3,,128,1-18周,0,张伟,1-18周 周四 第9节-第10节 仙Ⅱ-403,3.0,政府管理学院,否,,周四,2009-2010-1,,2009100002019179,2009数学学院数学类,0,仙林校区,2009-2010学年 第1学期,19179,仙Ⅱ-403,,否,,,,,,0,思想道德修养与法律基础,12,第9节-第10节,仙II区,000020
48.0,400080,思想道德修养与法律基础(20091-000020-11),2009100002019180,,3,,130,1-18周,0,暴庆刚,1-18周 周五 第9节-第10节 仙Ⅰ-524,3.0,政府管理学院,否,,周五,2009-2010-1,,2009100002019180,,0,仙林校区,2009-2010学年 第1学期,19180,仙Ⅰ-524,,否,,,,,,0,思想道德修养与法律基础,11,第9节-第10节,仙I区,000020
48.0,400080,思想道德修养与法律基础(20091-000020-12),2009100002019181,,3,,97,1-18周,0,暴庆刚,1-18周 周五 第5节-第6节 仙Ⅱ-505,3.0,政府管理学院,否,,周五,2009-2010-1,,2009100002019181,,0,仙林校区,2009-2010学年 第1学期,19181,仙Ⅱ-505,,否,,,,,,0,思想道德修养与法律基础,12,第5节-第6节,仙II区,000020
48.0,400080,思想道德修养与法律基础(20091-000020-13),2009100002019182,,3,,115,1-18周,0,戴雪红,1-18周 周一 第1节-第2节 仙Ⅱ-504,3.0,政府管理学院,否,,周一,2009-2010-1,,2009100002019182,,0,仙林校区,2009-2010学年 第1学期,19182,仙Ⅱ-504,,否,,,,,,0,思想道德修养与法律基础,12,第1节-第2节,仙II区,000020
48.0,400080,思想道德修养与法律基础(20091-000020-14),2009100002019183,,3,,121,1-18周,0,戴雪红,1-18周 周一 第7节-第8节 逸B-101,3.0,政府管理学院,否,,周一,2009-2010-1,,2009100002019183,,0,仙林校区,2009-2010学年 第1学期,19183,逸B-101,,否,,,,,,0,思想道德修养与法律基础,16,第7节-第8节,逸夫楼B区,000020
48.0,400080,思想道德修养与法律基础(20091-000020-15),2009100002019184,,3,,135,1-18周,0,戴雪红,1-18周 周一 第5节-第6节 逸B-101,3.0,政府管理学院,否,,周一,2009-2010-1,,2009100002019184,,0,仙林校区,2009-2010学年 第1学期,19184,逸B-101,,否,,,,,,0,思想道德修养与法律基础,16,第5节-第6节,逸夫楼B区,000020
48.0,400080,思想道德修养与法律基础(20091-000020-16),2009100002019185,,3,,134,1-18周,0,陈琳,1-18周 周四 第1节-第2节 仙Ⅱ-504,3.0,政府管理学院,否,,周四,2009-2010-1,,2009100002019185,2009软件学院软件学类,0,仙林校区,2009-2010学年 第1学期,19185,仙Ⅱ-504,,否,,,,,,0,思想道德修养与法律基础,12,第1节-第2节,仙II区,000020
48.0,400080,思想道德修养与法律基础(20091-000020-17),2009100002019186,,3,,126,1-18周,0,陈琳,1-18周 周四 第3节-第4节 仙Ⅱ-504,3.0,政府管理学院,否,,周四,2009-2010-1,,2009100002019186,2009软件学院软件学类,0,仙林校区,2009-2010学年 第1学期,19186,仙Ⅱ-504,,否,,,,,,0,思想道德修养与法律基础,12,第3节-第4节,仙II区,000020
48.0,400080,思想道德修养与法律基础(20091-000020-18),2009100002019543,,3,,100,1-18周,0,郭云峰,1-18周 周一 第5节-第6节 逸B-405,3.0,政府管理学院,否,,周一,2009-2010-1,,2009100002019543,"2009电子科学与工程学院电子信息科学与技术,2009电子科学与工程学院通信工程,2009电子科学与工程学院声学",0,仙林校区,2009-2010学年 第1学期,19543,逸B-405,,否,,,,,,0,思想道德修养与法律基础,16,第5节-第6节,逸夫楼B区,000020
48.0,400080,思想道德修养与法律基础(20091-000020-19),2009100002019544,,3,,93,1-18周,0,郭云峰,1-18周 周一 第7节-第8节 逸B-405,3.0,政府管理学院,否,,周一,2009-2010-1,,2009100002019544,"2009电子科学与工程学院电子信息科学与技术,2009电子科学与工程学院通信工程,2009电子科学与工程学院声学",0,仙林校区,2009-2010学年 第1学期,19544,逸B-405,,否,,,,,,0,思想道德修养与法律基础,16,第7节-第8节,逸夫楼B区,000020
48.0,400080,思想道德修养与法律基础(20091-000020-20),2009100002019547,,3,,132,1-18周,0,郭云峰,1-18周 周一 第3节-第4节 仙Ⅱ-505,3.0,政府管理学院,否,,周一,2009-2010-1,,2009100002019547,,0,仙林校区,2009-2010学年 第1学期,19547,仙Ⅱ-505,,否,,,,,,0,思想道德修养与法律基础,12,第3节-第4节,仙II区,000020
16.0,400060,形势与政策（上）(20091-000050A-1),20091000050A18716,,3,,189,1-17周(单),0,商学院教师,1-17周(单) 周三 第7节-第8节 仙Ⅱ-122,1.0,商学院,否,,周三,2009-2010-1,,20091000050A18716,,0,仙林校区,2009-2010学年 第1学期,18716,仙Ⅱ-122,,否,,,,,,0,形势与政策（上）,12,第7节-第8节,仙II区,000050A
16.0,400040,形势与政策（上）(20091-000050A-1),20091000050A18743,,3,,99,1-17周(单),0,辅导员,1-17周(单) 周三 第7节-第8节 仙Ⅰ-103,1.0,新闻传播学院,否,,周三,2009-2010-1,,20091000050A18743,2009新闻传播学院新闻传播学类,0,仙林校区,2009-2010学年 第1学期,18743,仙Ⅰ-103,,否,,,,,,0,形势与政策（上）,11,第7节-第8节,仙I区,000050A
16.0,400220,形势与政策（上）(20091-000050A-1),20091000050A19275,,3,,119,1-17周(单),0,王霏皓,1-17周(单) 周三 第9节-第10节 仙Ⅱ-303,1.0,生命科学学院,否,,周三,2009-2010-1,,20091000050A19275,"2009生命科学学院生物科学类,2009生命科学学院生物科学（基地）",0,仙林校区,2009-2010学年 第1学期,19275,仙Ⅱ-303,,否,,,,,,0,形势与政策（上）,12,第9节-第10节,仙II区,000050A
16.0,400140,形势与政策（上）(20091-000050A-1),20091000050A19288,,3,,172,1-17周(单),0,,1-17周(单) 周三 第7节-第8节 仙Ⅰ-109,1.0,化学学院,否,,周三,2009-2010-1,,20091000050A19288,2009化学学院化学(基地),0,仙林校区,2009-2010学年 第1学期,19288,仙Ⅰ-109,,否,,,,,,0,形势与政策（上）,11,第7节-第8节,仙I区,000050A
16.0,400100,形势与政策（上）(20091-000050A-1),20091000050A19386,,3,,76,1-17周(单),0,唐日新,1-17周(单) 周三 第7节-第8节 仙Ⅰ-102,1.0,社会学院,否,,周三,2009-2010-1,,20091000050A19386,,0,仙林校区,2009-2010学年 第1学期,19386,仙Ⅰ-102,,否,,,,,,0,形势与政策（上）,11,第7节-第8节,仙I区,000050A
16.0,400260,形势与政策（上）(20091-000050A-1),20091000050A19483,,3,,26,1-17周(单),0,姜丞,1-17周(单) 周三 第7节-第8节 逸A-212,1.0,海外教育学院,否,,周三,2009-2010-1,,20091000050A19483,,0,仙林校区,2009-2010学年 第1学期,19483,逸A-212,,否,,,,,,0,形势与政策（上）,15,第7节-第8节,逸夫楼A区,000050A
16.0,400160,形势与政策（上）(20091-000050A-1),20091000050A19769,,3,,192,1-17周(单),0,裴玉,1-17周(单) 周三 第7节-第8节 图书馆125,1.0,电子科学与工程学院,否,,周三,2009-2010-1,,20091000050A19769,"2009电子科学与工程学院电子信息科学与技术,2009电子科学与工程学院通信工程,2009电子科学与工程学院声学",0,仙林校区,2009-2010学年 第1学期,19769,图书馆125,,否,,,,,,0,形势与政策（上）,18,第7节-第8节,图书馆,000050A
16.0,400170,形势与政策（上）(20091-000050A-1),20091000050A20692,,3,,130,2-18周(双),0,,2-18周(双) 周三 第7节-第8节 仙Ⅰ-524,1.0,现代工程与应用科学学院,否,,周三,2009-2010-1,,20091000050A20692,,0,仙林校区,2009-2010学年 第1学期,20692,仙Ⅰ-524,,否,,,,,,0,形势与政策（上）,11,第7节-第8节,仙I区,000050A
16.0,400060,形势与政策（上）(20091-000050A-1),20091000050A20819,,3,,191,2-18周(双),0,,2-18周(双) 周三 第7节-第8节 图书馆125,1.0,商学院,否,,周三,2009-2010-1,,20091000050A20819,,0,仙林校区,2009-2010学年 第1学期,20819,图书馆125,,否,,,,,,0,形势与政策（上）,18,第7节-第8节,图书馆,000050A
16.0,400120,形势与政策（上）(20091-000050A-1),20091000050A21226,,3,,221,1-17周(单),0,施国卿,1-17周(单) 周三 第7节-第8节 仙Ⅰ-107,1.0,物理学院,否,,周三,2009-2010-1,,20091000050A21226,"2009物理学院物理学类,2009物理学院物理基地",0,仙林校区,2009-2010学年 第1学期,21226,仙Ⅰ-107,,否,,,,,,0,形势与政策（上）,11,第7节-第8节,仙I区,000050A
16.0,400210,形势与政策（上）(20091-000050A-1),20091000050A21227,,3,,102,1-17周(单),0,林恒,1-17周(单) 周三 第7节-第8节 仙Ⅱ-304,1.0,大气科学学院,否,,周三,2009-2010-1,,20091000050A21227,,0,仙林校区,2009-2010学年 第1学期,21227,仙Ⅱ-304,,否,,,,,,0,形势与政策（上）,12,第7节-第8节,仙II区,000050A
16.0,400240,形势与政策（上）(20091-000050A-1),20091000050A21228,,3,,132,2-18周(双),0,夏娟,2-18周(双) 周三 第7节-第8节 仙Ⅱ-403,1.0,工程管理学院,否,,周三,2009-2010-1,,20091000050A21228,,0,仙林校区,2009-2010学年 第1学期,21228,仙Ⅱ-403,,否,,,,,,0,形势与政策（上）,12,第7节-第8节,仙II区,000050A
16.0,400250,形势与政策（上）(20091-000050A-1),20091000050A21229,,3,,109,1-17周(单),0,,1-17周(单) 周三 第7节-第8节 仙Ⅱ-305,1.0,匡亚明学院,否,,周三,2009-2010-1,,20091000050A21229,"2009匡亚明学院应用文科强化班,2009匡亚明学院理强（数理方向）,2009匡亚明学院理科强化班",0,仙林校区,2009-2010学年 第1学期,21229,仙Ⅱ-305,,否,,,,,,0,形势与政策（上）,12,第7节-第8节,仙II区,000050A
16.0,400150,形势与政策（上）(20091-000050A-1),20091000050A21230,,3,,169,2-18周(双),0,,2-18周(双) 周三 第7节-第8节 逸A-117,1.0,计算机学院,否,,周三,2009-2010-1,,20091000050A21230,2009计算机学院计算机科学类,0,仙林校区,2009-2010学年 第1学期,21230,逸A-117,,否,,,,,,0,形势与政策（上）,15,第7节-第8节,逸夫楼A区,000050A
16.0,400190,形势与政策（上）(20091-000050A-1),20091000050A21231,,3,,119,2-18周(双),0,,2-18周(双) 周三 第9节-第10节 仙Ⅱ-303,1.0,地球科学与工程学院,否,,周三,2009-2010-1,,20091000050A21231,,0,仙林校区,2009-2010学年 第1学期,21231,仙Ⅱ-303,,否,,,,,,0,形势与政策（上）,12,第9节-第10节,仙II区,000050A
16.0,400050,形势与政策（上）(20091-000050A-1),20091000050A21232,,3,,120,2-18周(双),0,,2-18周(双) 周三 第5节-第6节 仙Ⅱ-503,1.0,法学院,否,,周三,2009-2010-1,,20091000050A21232,,0,仙林校区,2009-2010学年 第1学期,21232,仙Ⅱ-503,,否,,,,,,0,形势与政策（上）,12,第5节-第6节,仙II区,000050A
16.0,400010,形势与政策（上）(20091-000050A-1),20091000050A21233,,3,,112,1-17周(单),0,张云召,1-17周(单) 周三 第7节-第8节 仙Ⅱ-403,1.0,文学院,否,,周三,2009-2010-1,,20091000050A21233,"2009文学院戏剧影视文学,2009文学院汉语言文学（拔尖计划）",0,仙林校区,2009-2010学年 第1学期,21233,仙Ⅱ-403,,否,,,,,,0,形势与政策（上）,12,第7节-第8节,仙II区,000050A
16.0,400090,形势与政策（上）(20091-000050A-1),20091000050A21234,,3,,96,1-17周(单),0,陈铭,1-17周(单) 周三 第7节-第8节 逸B-104,1.0,信息管理学院,否,,周三,2009-2010-1,,20091000050A21234,,0,仙林校区,2009-2010学年 第1学期,21234,逸B-104,,否,,,,,,0,形势与政策（上）,16,第7节-第8节,逸夫楼B区,000050A
16.0,400230,形势与政策（上）(20091-000050A-1),20091000050A21235,,3,,135,1-17周(单),0,,1-17周(单) 周三 第9节-第10节 逸A-117,1.0,医学院,否,,周三,2009-2010-1,,20091000050A21235,,0,仙林校区,2009-2010学年 第1学期,21235,逸A-117,,否,,,,,,0,形势与政策（上）,15,第9节-第10节,逸夫楼A区,000050A
16.0,400080,形势与政策（上）(20091-000050A-1),20091000050A21236,,3,,136,1-17周(单),0,,1-17周(单) 周三 第9节-第10节 仙Ⅱ-304,1.0,政府管理学院,否,,周三,2009-2010-1,,20091000050A21236,,0,仙林校区,2009-2010学年 第1学期,21236,仙Ⅱ-304,,否,,,,,,0,形势与政策（上）,12,第9节-第10节,仙II区,000050A
16.0,400180,形势与政策（上）(20091-000050A-1),20091000050A21237,,3,,94,1-17周(单),0,,1-17周(单) 周三 第9节-第10节 仙Ⅱ-306,1.0,环境学院,否,,周三,2009-2010-1,,20091000050A21237,,0,仙林校区,2009-2010学年 第1学期,21237,仙Ⅱ-306,,否,,,,,,0,形势与政策（上）,12,第9节-第10节,仙II区,000050A
16.0,400200,形势与政策（上）(20091-000050A-1),20091000050A21238,,3,,82,1-17周(单),0,,1-17周(单) 周三 第9节-第10节 逸B-101,1.0,地理与海洋科学学院,否,,周三,2009-2010-1,,20091000050A21238,,0,仙林校区,2009-2010学年 第1学期,21238,逸B-101,,否,,,,,,0,形势与政策（上）,16,第9节-第10节,逸夫楼B区,000050A
16.0,400110,形势与政策（上）(20091-000050A-1),20091000050A21239,,3,,128,2-18周(双),0,,2-18周(双) 周三 第7节-第8节 仙Ⅱ-305,1.0,数学学院,否,,周三,2009-2010-1,,20091000050A21239,2009数学学院数学类,0,仙林校区,2009-2010学年 第1学期,21239,仙Ⅱ-305,,否,,,,,,0,形势与政策（上）,12,第7节-第8节,仙II区,000050A
16.0,400070,形势与政策（上）(20091-000050A-1),20091000050A21240,,3,,195,1-17周(单),0,,1-17周(单) 周三 第7节-第8节 仙Ⅰ-106,1.0,外国语学院,否,,周三,2009-2010-1,,20091000050A21240,"2009外国语学院英语,2009外国语学院朝鲜语,2009外国语学院西班牙语,2009外国语学院德语,2009外国语学院法语,2009外国语学院日语,2009外国语学院俄语",0,仙林校区,2009-2010学年 第1学期,21240,仙Ⅰ-106,,否,,,,,,0,形势与政策（上）,11,第7节-第8节,仙I区,000050A
16.0,400270,形势与政策（上）(20091-000050A-1),20091000050A21254,,3,,256,2-18周(双),0,老师1,2-18周(双) 周三 第7节-第8节 仙Ⅱ-122,1.0,软件学院,否,,周三,2009-2010-1,,20091000050A21254,2009软件学院软件学类,0,仙林校区,2009-2010学年 第1学期,21254,仙Ⅱ-122,,否,,,,,,0,形势与政策（上）,12,第7节-第8节,仙II区,000050A
16.0,400280,形势与政策（上）(20091-000050A-27),20091000050A21269,,3,,34,1-17周(单),0,,1-17周(单) 周三 第7节-第8节 仙Ⅱ-104,1.0,建筑与城市规划学院,否,,周三,2009-2010-1,,20091000050A21269,,0,仙林校区,2009-2010学年 第1学期,21269,仙Ⅱ-104,,否,,,,,,0,形势与政策（上）,12,第7节-第8节,仙II区,000050A
16.0,400130,形势与政策（上）(20091-000050A-28),20091000050A21271,,3,,33,1-17周(单),0,,1-17周(单) 周三 第7节-第8节 仙Ⅱ-112,1.0,天文与空间科学学院,否,,周三,2009-2010-1,,20091000050A21271,,0,仙林校区,2009-2010学年 第1学期,21271,仙Ⅱ-112,,否,,,,,,0,形势与政策（上）,12,第7节-第8节,仙II区,000050A
16.0,400020,形势与政策（上）(20091-000050A-29),20091000050A21276,,3,,66,1-17周(单),0,,1-17周(单) 周三 第7节-第8节 仙Ⅰ-104,1.0,历史学院,否,,周三,2009-2010-1,,20091000050A21276,,0,仙林校区,2009-2010学年 第1学期,21276,仙Ⅰ-104,,否,,,,,,0,形势与政策（上）,11,第7节-第8节,仙I区,000050A
16.0,400030,形势与政策（上）(20091-000050A-30),20091000050A21278,,3,,39,1-17周(单),0,周嘉昕,1-17周(单) 周三 第7节-第8节 仙Ⅱ-319,1.0,哲学学院,否,,周三,2009-2010-1,,20091000050A21278,,0,仙林校区,2009-2010学年 第1学期,21278,仙Ⅱ-319,,否,,,,,,0,形势与政策（上）,12,第7节-第8节,仙II区,000050A
80.0,400110,微积分I(第一层次)(20091-000111-1),2009100011119503,,3,,192,"1-18周,1-18周,1-18周",0,黄卫华,"1-18周 周一 第1节-第2节 图书馆125,1-18周 周一 第5节-第6节 图书馆125,1-18周 周三 第1节-第2节 图书馆125",5.0,数学学院,否,,"周一,周一,周三",2009-2010-1,,2009100011119503,2009计算机学院计算机科学类,0,仙林校区,2009-2010学年 第1学期,19503,"无,无,无",,否,,,,,,0,微积分I(第一层次),,"第1节-第2节,第5节-第6节,第1节-第2节",,000111
80.0,400110,微积分I(第一层次)(20091-000111-2),2009100011119504,,3,,135,"1-18周,1-18周",0,陆宏,"1-18周 周三 第1节-第4节 仙Ⅰ-109,1-18周 周一 第3节-第4节 图书馆127",5.0,数学学院,否,,"周一,周三",2009-2010-1,,2009100011119504,2009软件学院软件学类,0,仙林校区,2009-2010学年 第1学期,19504,"图书馆127,仙Ⅰ-109",,否,,,,,,0,微积分I(第一层次),"11,18","第3节-第4节,第1节-第4节","仙I区, 图书馆",000111
80.0,400110,微积分I(第一层次)(20091-000111-3),2009100011119506,,3,,126,"1-18周,1-18周,1-18周",0,黄卫华,"1-18周 周四 第1节-第2节 图书馆125,1-18周 周三 第3节-第4节 图书馆125,1-18周 周一 第3节-第4节 图书馆125",5.0,数学学院,否,,"周一,周三,周四",2009-2010-1,,2009100011119506,2009软件学院软件学类,0,仙林校区,2009-2010学年 第1学期,19506,"无,图书馆125,图书馆125",,否,,,,,,0,微积分I(第一层次),18,"第3节-第4节,第3节-第4节,第1节-第2节",图书馆,000111
80.0,400110,微积分I(第一层次)(20091-000111-4),2009100011119515,,3,,170,"1-18周,1-18周",0,武海军,"1-18周 周二 第1节-第4节 仙Ⅰ-524,1-18周 周五 第3节-第4节 仙Ⅰ-206",5.0,数学学院,否,,"周二,周五",2009-2010-1,,2009100011119515,,0,仙林校区,2009-2010学年 第1学期,19515,"仙Ⅰ-524,仙Ⅰ-206",,否,,,,,,0,微积分I(第一层次),11,"第1节-第4节,第3节-第4节",仙I区,000111
80.0,400110,微积分I(第一层次)(20091-000111-5),2009100011119516,,3,,136,"1-18周,1-18周,1-18周",0,朱晓胜,"1-18周 周一 第3节-第4节 仙Ⅰ-524,1-18周 周一 第5节-第6节 仙Ⅰ-524,1-18周 周四 第3节-第4节 仙Ⅰ-524",5.0,数学学院,否,,"周一,周一,周四",2009-2010-1,,2009100011119516,,0,仙林校区,2009-2010学年 第1学期,19516,"仙Ⅰ-524,仙Ⅰ-524,仙Ⅰ-524",,否,,,,,,0,微积分I(第一层次),11,"第3节-第4节,第5节-第6节,第3节-第4节",仙I区,000111
80.0,400110,微积分I(第一层次)(20091-000111-6),2009100011119561,,3,,111,"1-18周,1-18周",0,张运清,"1-18周 周一 第1节-第2节 仙Ⅱ-406,1-18周 周四 第1节-第4节 仙Ⅱ-406",5.0,数学学院,否,,"周一,周四",2009-2010-1,,2009100011119561,2009电子科学与工程学院电子信息科学与技术,0,仙林校区,2009-2010学年 第1学期,19561,"仙Ⅱ-406,仙Ⅱ-406",,否,,,,,,0,微积分I(第一层次),12,"第1节-第2节,第1节-第4节",仙II区,000111
80.0,400110,微积分I(第一层次)(20091-000111-7),2009100011119570,,3,,93,"1-18周,1-18周",0,尹会成,"1-18周 周一 第1节-第2节 逸B-405,1-18周 周四 第1节-第4节 逸B-405",5.0,数学学院,否,,"周四,周一",2009-2010-1,,2009100011119570,"2009电子科学与工程学院电子信息科学与技术,2009电子科学与工程学院通信工程,2009电子科学与工程学院声学",0,仙林校区,2009-2010学年 第1学期,19570,"逸B-405,逸B-405",,否,,,,,,0,微积分I(第一层次),16,"第1节-第4节,第1节-第2节",逸夫楼B区,000111
80.0,400110,微积分I(第一层次)(20091-000111-8),2009100011119573,,3,,104,"1-18周,1-18周,1-18周",0,邓卫兵,"1-18周 周三 第1节-第2节 逸B-507,1-18周 周三 第5节-第6节 逸B-507,1-18周 周五 第3节-第4节 逸B-507",5.0,数学学院,否,,"周三,周三,周五",2009-2010-1,,2009100011119573,,0,仙林校区,2009-2010学年 第1学期,19573,"逸B-507,逸B-507,逸B-507",,否,,,,,,0,微积分I(第一层次),16,"第1节-第2节,第5节-第6节,第3节-第4节",逸夫楼B区,000111
80.0,400110,微积分I(第一层次)(20091-000111-9),2009100011119574,,3,,102,"8-18周,8-18周,8-18周",0,李军,"8-18周 周三 第1节-第2节 仙Ⅱ-212,8-18周 周三 第5节-第6节 仙Ⅱ-212,8-18周 周五 第3节-第4节 仙Ⅱ-213",5.0,数学学院,否,,"周三,周三,周五",2009-2010-1,,2009100011119574,,0,仙林校区,2009-2010学年 第1学期,19574,"仙Ⅱ-212,仙Ⅱ-212,仙Ⅱ-213",,否,,,,,,0,微积分I(第一层次),12,"第1节-第2节,第5节-第6节,第3节-第4节",仙II区,000111
80.0,400110,微积分I(第一层次)(20091-000111-10),2009100011119575,,3,,94,"1-18周,5-18周,5-18周",0,孔敏,"1-18周 周二 第1节-第2节 仙Ⅱ-505,5-18周 周四 第5节-第6节 仙Ⅱ-505,5-18周 周四 第1节-第2节 仙Ⅱ-306",5.0,数学学院,否,,"周二,周四,周四",2009-2010-1,,2009100011119575,,0,仙林校区,2009-2010学年 第1学期,19575,"仙Ⅱ-505,仙Ⅱ-306,仙Ⅱ-505",,否,,,,,,0,微积分I(第一层次),12,"第1节-第2节,第1节-第2节,第5节-第6节",仙II区,000111
80.0,400110,微积分I(第一层次)(20091-000111-11),2009100011119576,,3,,117,"1-18周,1-18周,1-18周",0,宋国柱,"1-18周 周一 第1节-第2节 逸A-117,1-18周 周四 第1节-第2节 逸B-313,1-18周 周二 第1节-第2节 逸B-313",5.0,数学学院,否,,"周一,周二,周四",2009-2010-1,,2009100011119576,,0,仙林校区,2009-2010学年 第1学期,19576,"逸A-117,逸B-313,逸B-313",,否,,,,,,0,微积分I(第一层次),"15,16","第1节-第2节,第1节-第2节,第1节-第2节","逸夫楼A区, 逸夫楼B区",000111
80.0,400110,微积分I(第一层次)(20091-000111-12),2009100011119579,,3,,175,"1-18周,1-18周,1-18周",0,邓建平,"1-18周 周五 第1节-第2节 仙Ⅰ-107,1-18周 周三 第5节-第6节 仙Ⅰ-107,1-18周 周三 第3节-第4节 仙Ⅰ-107",5.0,数学学院,否,,"周三,周三,周五",2009-2010-1,,2009100011119579,2009物理学院物理学类,0,仙林校区,2009-2010学年 第1学期,19579,"仙Ⅰ-107,仙Ⅰ-107,仙Ⅰ-107",,否,,,,,,0,微积分I(第一层次),11,"第3节-第4节,第5节-第6节,第1节-第2节",仙I区,000111
80.0,400110,微积分I(第一层次)(20091-000111-13),2009100011119580,,3,,138,"5-18周,5-18周,5-18周",0,潘颢,"5-18周 周一 第1节-第2节 逸B-105,5-18周 周一 第5节-第6节 逸B-105,5-18周 周五 第3节-第4节 逸B-105",5.0,数学学院,否,,"周一,周一,周五",2009-2010-1,,2009100011119580,,0,仙林校区,2009-2010学年 第1学期,19580,"逸B-105,逸B-105,逸B-105",,否,,,,,,0,微积分I(第一层次),16,"第1节-第2节,第5节-第6节,第3节-第4节",逸夫楼B区,000111
80.0,400110,微积分I(第二层次)(20091-000112-1),2009100011219586,,3,,171,"1-18周,1-18周",0,钱志,"1-18周 周一 第1节-第4节 图书馆125,1-18周 周五 第5节-第6节 图书馆125",5.0,数学学院,否,,"周一,周五",2009-2010-1,,2009100011219586,,0,仙林校区,2009-2010学年 第1学期,19586,"图书馆125,图书馆125",,否,,,,,,0,微积分I(第二层次),18,"第1节-第4节,第5节-第6节",图书馆,000112
80.0,400110,微积分I(第二层次)(20091-000112-2),2009100011219587,,3,,108,"1-18周,1-18周,1-18周",0,陈一元,"1-18周 周二 第1节-第2节 仙Ⅰ-107,1-18周 周四 第5节-第6节 仙Ⅰ-107,1-18周 周四 第3节-第4节 仙Ⅰ-107",5.0,数学学院,否,,"周二,周四,周四",2009-2010-1,,2009100011219587,2009生命科学学院生物科学类,0,仙林校区,2009-2010学年 第1学期,19587,"仙Ⅰ-107,仙Ⅰ-107,仙Ⅰ-107",,否,,,,,,0,微积分I(第二层次),11,"第1节-第2节,第3节-第4节,第5节-第6节",仙I区,000112
80.0,400110,微积分I(第二层次)(20091-000112-3),2009100011219588,,3,,106,"1-18周,1-18周",0,吴朝阳,"1-18周 周二 第1节-第4节 逸B-405,1-18周 周五 第3节-第4节 逸B-405",5.0,数学学院,否,,"周二,周五",2009-2010-1,,2009100011219588,,0,仙林校区,2009-2010学年 第1学期,19588,"逸B-405,逸B-405",,否,,,,,,0,微积分I(第二层次),16,"第1节-第4节,第3节-第4节",逸夫楼B区,000112
80.0,400110,微积分I(第二层次)(20091-000112-4),2009100011219589,,3,,144,"1-18周,1-18周,1-18周",0,黄震宇,"1-18周 周二 第1节-第2节 仙Ⅰ-320,1-18周 周四 第5节-第6节 仙Ⅰ-320,1-18周 周四 第3节-第4节 仙Ⅰ-320",5.0,数学学院,否,,"周二,周四,周四",2009-2010-1,,2009100011219589,,0,仙林校区,2009-2010学年 第1学期,19589,"仙Ⅰ-320,仙Ⅰ-320,仙Ⅰ-320",,否,,,,,,0,微积分I(第二层次),11,"第1节-第2节,第3节-第4节,第5节-第6节",仙I区,000112
80.0,400110,微积分I(第二层次)(20091-000112-5),2009100011219594,,3,,137,"1-18周,1-18周,1-18周",0,师维学,"1-18周 周三 第3节-第4节 仙Ⅱ-405,1-18周 周三 第5节-第6节 仙Ⅱ-505,1-18周 周四 第3节-第4节 仙Ⅱ-505",5.0,数学学院,否,,"周三,周三,周四",2009-2010-1,,2009100011219594,,0,仙林校区,2009-2010学年 第1学期,19594,"仙Ⅱ-405,仙Ⅱ-505,仙Ⅱ-505",,否,,,,,,0,微积分I(第二层次),12,"第3节-第4节,第5节-第6节,第3节-第4节",仙II区,000112
80.0,400110,微积分I(第二层次)(20091-000112-6),2009100011219595,,3,,140,"1-18周,1-18周",0,吴新元,"1-18周 周四 第1节-第2节 图书馆127,1-18周 周二 第1节-第4节 图书馆127",5.0,数学学院,否,,"周四,周二",2009-2010-1,,2009100011219595,,0,仙林校区,2009-2010学年 第1学期,19595,"图书馆127,图书馆127",,否,,,,,,0,微积分I(第二层次),18,"第1节-第2节,第1节-第4节",图书馆,000112
64.0,400110,简明微积分(20091-000153-1),2009100015319601,,3,,113,"1-18周,1-18周",0,王崇祜,"1-18周 周三 第3节-第4节 仙Ⅰ-103,1-18周 周一 第5节-第6节 仙Ⅰ-103",4.0,数学学院,否,,"周一,周三",2009-2010-1,,2009100015319601,2009新闻传播学院新闻传播学类,0,仙林校区,2009-2010学年 第1学期,19601,"仙Ⅰ-103,仙Ⅰ-103",,否,,,,,,0,简明微积分,11,"第5节-第6节,第3节-第4节",仙I区,000153
64.0,400110,简明微积分(20091-000153-2),2009100015319603,,3,,141,"1-18周,1-18周",0,王国英,"1-18周 周四 第1节-第2节 仙Ⅱ-207,1-18周 周二 第3节-第4节 仙Ⅱ-122",4.0,数学学院,否,,"周二,周四",2009-2010-1,,2009100015319603,,0,仙林校区,2009-2010学年 第1学期,19603,"仙Ⅱ-122,仙Ⅱ-207",,否,,,,,,0,简明微积分,12,"第3节-第4节,第1节-第2节",仙II区,000153
64.0,400110,简明微积分(20091-000153-3),2009100015319604,,3,,130,"1-18周,1-18周",0,王国英,"1-18周 周二 第1节-第2节 仙Ⅱ-405,1-18周 周四 第3节-第4节 二食堂208",4.0,数学学院,否,,"周二,周四",2009-2010-1,,2009100015319604,,0,仙林校区,2009-2010学年 第1学期,19604,"仙Ⅱ-405,二食堂208",,否,,,,,,0,简明微积分,"12,19","第1节-第2节,第3节-第4节","仙II区, 二食堂",000153
64.0,400110,简明微积分(20091-000153-4),2009100015320072,,3,,64,"1-18周,1-18周",0,高印珠,"1-18周 周一 第7节-第8节 仙Ⅰ-524,1-18周 周五 第7节-第8节 仙Ⅰ-524",4.0,数学学院,否,,"周一,周五",2009-2010-1,,2009100015320072,2009外国语学院英语,0,仙林校区,2009-2010学年 第1学期,20072,"仙Ⅰ-524,仙Ⅰ-524",,否,,,,,,0,简明微积分,11,"第7节-第8节,第7节-第8节",仙I区,000153
64.0,400110,简明微积分(20091-000153-5),2009100015320264,,3,,55,"1-18周,1-18周",0,廖良文,"1-18周 周一 第3节-第4节 二食堂207,1-18周 周三 第5节-第6节 二食堂207",4.0,数学学院,否,,"周一,周三",2009-2010-1,,2009100015320264,2009文学院汉语言文学（拔尖计划）,0,仙林校区,2009-2010学年 第1学期,20264,"二食堂207,二食堂207",,否,,,,,,0,简明微积分,19,"第3节-第4节,第5节-第6节",二食堂,000153
64.0,400110,简明微积分(20091-000153-6),2009100015320265,,3,,72,"5-18周,5-18周",0,范红军,"5-18周 周一 第3节-第4节 逸B-205,5-18周 周三 第5节-第6节 逸B-105",4.0,数学学院,否,,"周一,周三",2009-2010-1,,2009100015320265,,0,仙林校区,2009-2010学年 第1学期,20265,"逸B-205,逸B-105",,否,,,,,,0,简明微积分,16,"第3节-第4节,第5节-第6节",逸夫楼B区,000153
64.0,400110,简明微积分(20091-000153-7),2009100015321293,,3,,194,"1-18周,1-18周",0,高印珠,"1-18周 周一 第5节-第6节 仙Ⅰ-107,1-18周 周五 第5节-第6节 仙Ⅰ-107",4.0,数学学院,否,,"周一,周五",2009-2010-1,,2009100015321293,"2009外国语学院俄语,2009外国语学院朝鲜语,2009外国语学院西班牙语,2009外国语学院德语,2009外国语学院法语,2009外国语学院日语",0,仙林校区,2009-2010学年 第1学期,21293,"仙Ⅰ-107,仙Ⅰ-107",,否,,,,,,0,简明微积分,11,"第5节-第6节,第5节-第6节",仙I区,000153
64.0,400330,大学英语（一）(20091-000210A-1),20091000210A18880,,3,,135,"1-18周,1-18周",0,,"1-18周 周一 第1节-第2节 ,1-18周 周三 第1节-第2节 ",4.0,大学外语部,否,,"周一,周三",2009-2010-1,,20091000210A18880,,0,仙林校区,2009-2010学年 第1学期,18880,"无,无",,否,,,,,,0,大学英语（一）,,"第1节-第2节,第1节-第2节",,000210A
64.0,400330,大学英语（一）(20091-000210A-2),20091000210A18934,,3,,0,"1-18周,1-18周",0,,"1-18周 周一 第1节-第2节 ,1-18周 周五 第1节-第2节 ",4.0,大学外语部,否,,"周一,周五",2009-2010-1,,20091000210A18934,"2009文学院戏剧影视文学,2009文学院汉语言文学（拔尖计划）",0,仙林校区,2009-2010学年 第1学期,18934,"无,无",,否,,,,,,0,大学英语（一）,,"第1节-第2节,第1节-第2节",,000210A
64.0,400330,大学英语（一）(20091-000210A-3),20091000210A18937,,3,,258,"1-18周,1-18周",0,,"1-18周 周二 第1节-第2节 ,1-18周 周四 第1节-第2节 ",4.0,大学外语部,否,,"周二,周四",2009-2010-1,,20091000210A18937,"2009物理学院物理基地,2009匡亚明学院理强（数理方向）,2009匡亚明学院理科强化班,2009生命科学学院生物科学（基地）,2009化学学院化学(基地)",0,仙林校区,2009-2010学年 第1学期,18937,"无,无",,否,,,,,,0,大学英语（一）,,"第1节-第2节,第1节-第2节",,000210A
64.0,400330,大学英语（一）(20091-000210A-4),20091000210A18942,,3,,2,"1-18周,1-18周",0,,"1-18周 周三 第1节-第2节 ,1-18周 周五 第1节-第2节 ",4.0,大学外语部,否,,"周三,周五",2009-2010-1,,20091000210A18942,2009生命科学学院生物科学类,0,仙林校区,2009-2010学年 第1学期,18942,"无,无",,否,,,,,,0,大学英语（一）,,"第1节-第2节,第1节-第2节",,000210A
64.0,400330,大学英语（一）(20091-000210A-5),20091000210A18943,,3,,99,"1-18周,1-18周",0,,"1-18周 周一 第3节-第4节 ,1-18周 周三 第3节-第4节 ",4.0,大学外语部,否,,"周一,周三",2009-2010-1,,20091000210A18943,,0,仙林校区,2009-2010学年 第1学期,18943,"无,无",,否,,,,,,0,大学英语（一）,,"第3节-第4节,第3节-第4节",,000210A
64.0,400330,大学英语（一）(20091-000210A-6),20091000210A18944,,3,,78,"1-18周,1-18周",0,,"1-18周 周二 第3节-第4节 ,1-18周 周四 第3节-第4节 ",4.0,大学外语部,否,,"周二,周四",2009-2010-1,,20091000210A18944,,0,仙林校区,2009-2010学年 第1学期,18944,"无,无",,否,,,,,,0,大学英语（一）,,"第3节-第4节,第3节-第4节",,000210A
64.0,400330,大学英语（一）(20091-000210A-7),20091000210A18945,,3,,192,"1-18周,1-18周",0,,"1-18周 周三 第3节-第4节 ,1-18周 周五 第3节-第4节 ",4.0,大学外语部,否,,"周三,周五",2009-2010-1,,20091000210A18945,2009电子科学与工程学院电子信息科学与技术,0,仙林校区,2009-2010学年 第1学期,18945,"无,无",,否,,,,,,0,大学英语（一）,,"第3节-第4节,第3节-第4节",,000210A
64.0,400330,大学英语（一）(20091-000210A-8),20091000210A18947,,3,,0,"1-18周,1-18周",0,,"1-18周 周一 第5节-第6节 ,1-18周 周三 第5节-第6节 ",4.0,大学外语部,否,,"周一,周三",2009-2010-1,,20091000210A18947,"2009数学学院数学类,2009软件学院软件学类",0,仙林校区,2009-2010学年 第1学期,18947,"无,无",,否,,,,,,0,大学英语（一）,,"第5节-第6节,第5节-第6节",,000210A
64.0,400330,大学英语（一）(20091-000210A-9),20091000210A18948,,3,,110,"1-18周,1-18周",0,,"1-18周 周一 第5节-第6节 ,1-18周 周五 第5节-第6节 ",4.0,大学外语部,否,,"周一,周五",2009-2010-1,,20091000210A18948,"2008外国语学院俄语,2008外国语学院朝鲜语,2008外国语学院西班牙语,2008外国语学院德语,2008外国语学院法语,2008外国语学院日语",0,仙林校区,2009-2010学年 第1学期,18948,"无,无",,否,,,,,,0,大学英语（一）,,"第5节-第6节,第5节-第6节",,000210A
64.0,400330,大学英语（一）(20091-000210A-10),20091000210A18958,,3,,160,"1-18周,1-18周",0,,"1-18周 周二 第5节-第6节 ,1-18周 周四 第5节-第6节 ",4.0,大学外语部,否,,"周二,周四",2009-2010-1,,20091000210A18958,2009物理学院物理学类,0,仙林校区,2009-2010学年 第1学期,18958,"无,无",,否,,,,,,0,大学英语（一）,,"第5节-第6节,第5节-第6节",,000210A
64.0,400330,大学英语（一）(20091-000210A-11),20091000210A18961,,3,,0,"1-18周,1-18周",0,,"1-18周 周三 第5节-第6节 ,1-18周 周五 第5节-第6节 ",4.0,大学外语部,否,,"周三,周五",2009-2010-1,,20091000210A18961,2009计算机学院计算机科学类,0,仙林校区,2009-2010学年 第1学期,18961,"无,无",,否,,,,,,0,大学英语（一）,,"第5节-第6节,第5节-第6节",,000210A
64.0,400330,大学英语（一）(20091-000210A-13),20091000210A20793,,3,,6,"1-18周,1-18周",0,,"1-18周 周一 第3节-第4节 ,1-18周 周五 第3节-第4节 ",4.0,大学外语部,否,,"周一,周五",2009-2010-1,,20091000210A20793,2009新闻传播学院新闻传播学类,0,仙林校区,2009-2010学年 第1学期,20793,"无,无",,否,,,,,,0,大学英语（一）,,"第3节-第4节,第3节-第4节",,000210A
64.0,400330,大学英语（第一层次A)(20091-000211A-1),20091000211A21357,,3,,31,"5-18周,5-18周",0,"外教,王海啸","5-18周 周一 第7节-第8节 仙Ⅱ-412,5-18周 周四 第9节-第10节 仙Ⅱ-412",4.0,大学外语部,否,,"周一,周四",2009-2010-1,,20091000211A21357,,0,仙林校区,2009-2010学年 第1学期,21357,"仙Ⅱ-412,仙Ⅱ-412",,否,,,,,,0,大学英语（第一层次A),12,"第7节-第8节,第9节-第10节",仙II区,000211A
64.0,400330,大学英语（第一层次A)(20091-000211A-2),20091000211A21358,,3,,37,"5-18周,5-18周",0,"外教2-Ruth,王海啸","5-18周 周一 第9节-第10节 仙Ⅱ-411,5-18周 周四 第9节-第10节 仙Ⅱ-411",4.0,大学外语部,否,,"周一,周四",2009-2010-1,,20091000211A21358,,0,仙林校区,2009-2010学年 第1学期,21358,"仙Ⅱ-411,仙Ⅱ-411",,否,,,,,,0,大学英语（第一层次A),12,"第9节-第10节,第9节-第10节",仙II区,000211A
64.0,400330,大学英语（第二层次A)(20091-000212A-1),20091000212A21359,,3,,29,"5-18周,5-18周",0,"杨奕枫,朱静怡","5-18周 周一 第1节-第2节 仙Ⅱ-413,5-18周 周三 第1节-第2节 ",4.0,大学外语部,否,,"周一,周三",2009-2010-1,,20091000212A21359,,0,仙林校区,2009-2010学年 第1学期,21359,"仙Ⅱ-413,仙1-302",,否,,,,,,0,大学英语（第二层次A),12,"第1节-第2节,第1节-第2节",仙II区,000212A
64.0,400330,大学英语（第二层次A)(20091-000212A-2),20091000212A21360,,3,,31,"5-18周,5-18周",0,吴凌云,"5-18周 周一 第1节-第2节 仙Ⅱ-412,5-18周 周三 第1节-第2节 ",4.0,大学外语部,否,,"周一,周三",2009-2010-1,,20091000212A21360,,0,仙林校区,2009-2010学年 第1学期,21360,"仙Ⅱ-412,仙1-303",,否,,,,,,0,大学英语（第二层次A),12,"第1节-第2节,第1节-第2节",仙II区,000212A
64.0,400330,大学英语（第二层次A)(20091-000212A-3),20091000212A21361,,3,,28,"5-18周,5-18周",0,"陆美慧,张子源","5-18周 周一 第1节-第2节 仙Ⅱ-411,5-18周 周三 第1节-第2节 ",4.0,大学外语部,否,,"周一,周三",2009-2010-1,,20091000212A21361,,0,仙林校区,2009-2010学年 第1学期,21361,"仙Ⅱ-411,仙1-401",,否,,,,,,0,大学英语（第二层次A),12,"第1节-第2节,第1节-第2节",仙II区,000212A
64.0,400330,大学英语（第二层次A)(20091-000212A-4),20091000212A21362,,3,,36,"5-18周,5-18周",0,"郭廉彰,庄红","5-18周 周一 第1节-第2节 ,5-18周 周五 第1节-第2节 仙Ⅱ-413",4.0,大学外语部,否,,"周五,周一",2009-2010-1,,20091000212A21362,,0,仙林校区,2009-2010学年 第1学期,21362,"仙Ⅱ-413,仙1-401",,否,,,,,,0,大学英语（第二层次A),12,"第1节-第2节,第1节-第2节",仙II区,000212A
64.0,400330,大学英语（第二层次A)(20091-000212A-5),20091000212A21363,,3,,33,"5-18周,5-18周",0,"于江,张子源","5-18周 周一 第1节-第2节 ,5-18周 周五 第1节-第2节 仙Ⅱ-412",4.0,大学外语部,否,,"周五,周一",2009-2010-1,,20091000212A21363,,0,仙林校区,2009-2010学年 第1学期,21363,"仙Ⅱ-412,仙1-419",,否,,,,,,0,大学英语（第二层次A),12,"第1节-第2节,第1节-第2节",仙II区,000212A
64.0,400330,大学英语（第二层次A)(20091-000212A-6),20091000212A21364,,3,,26,"5-18周,5-18周",0,"王伟,陆美慧","5-18周 周一 第1节-第2节 ,5-18周 周五 第1节-第2节 仙Ⅱ-411",4.0,大学外语部,否,,"周五,周一",2009-2010-1,,20091000212A21364,,0,仙林校区,2009-2010学年 第1学期,21364,"仙Ⅱ-411,仙1-302",,否,,,,,,0,大学英语（第二层次A),12,"第1节-第2节,第1节-第2节",仙II区,000212A
64.0,400330,大学英语（第二层次A)(20091-000212A-7),20091000212A21365,,3,,24,"5-18周,5-18周",0,"朱静怡,杨奕枫","5-18周 周一 第3节-第4节 仙Ⅱ-413,5-18周 周三 第3节-第4节 ",4.0,大学外语部,否,,"周一,周三",2009-2010-1,,20091000212A21365,,0,仙林校区,2009-2010学年 第1学期,21365,"仙Ⅱ-413,仙1-302",,否,,,,,,0,大学英语（第二层次A),12,"第3节-第4节,第3节-第4节",仙II区,000212A
64.0,400330,大学英语（第二层次A)(20091-000212A-8),20091000212A21366,,3,,23,"5-18周,5-18周",0,吴凌云,"5-18周 周一 第3节-第4节 仙Ⅱ-412,5-18周 周三 第3节-第4节 ",4.0,大学外语部,否,,"周一,周三",2009-2010-1,,20091000212A21366,,0,仙林校区,2009-2010学年 第1学期,21366,"仙Ⅱ-412,仙1-303",,否,,,,,,0,大学英语（第二层次A),12,"第3节-第4节,第3节-第4节",仙II区,000212A
64.0,400330,大学英语（第二层次A)(20091-000212A-9),20091000212A21367,,3,,38,"5-18周,5-18周",0,"陆美慧,张子源","5-18周 周一 第3节-第4节 仙Ⅱ-411,5-18周 周三 第3节-第4节 ",4.0,大学外语部,否,,"周一,周三",2009-2010-1,,20091000212A21367,,0,仙林校区,2009-2010学年 第1学期,21367,"仙Ⅱ-411,仙1-401",,否,,,,,,0,大学英语（第二层次A),12,"第3节-第4节,第3节-第4节",仙II区,000212A
64.0,400330,大学英语（第二层次A)(20091-000212A-10),20091000212A21368,,3,,28,"5-18周,5-18周",0,"庄红,张俊焕","5-18周 周一 第3节-第4节 ,5-18周 周五 第3节-第4节 仙Ⅱ-414",4.0,大学外语部,否,,"周五,周一",2009-2010-1,,20091000212A21368,,0,仙林校区,2009-2010学年 第1学期,21368,"仙Ⅱ-414,仙1-302",,否,,,,,,0,大学英语（第二层次A),12,"第3节-第4节,第3节-第4节",仙II区,000212A
64.0,400330,大学英语（第二层次A)(20091-000212A-11),20091000212A21369,,3,,27,"5-18周,5-18周",0,"郭廉彰,张子源","5-18周 周一 第3节-第4节 ,5-18周 周五 第3节-第4节 仙Ⅱ-413",4.0,大学外语部,否,,"周五,周一",2009-2010-1,,20091000212A21369,,0,仙林校区,2009-2010学年 第1学期,21369,"仙Ⅱ-413,仙1-303",,否,,,,,,0,大学英语（第二层次A),12,"第3节-第4节,第3节-第4节",仙II区,000212A
64.0,400330,大学英语（第二层次A)(20091-000212A-12),20091000212A21370,,3,,35,"5-18周,5-18周",0,"于江,程欣","5-18周 周一 第3节-第4节 ,5-18周 周五 第3节-第4节 仙Ⅱ-411",4.0,大学外语部,否,,"周五,周一",2009-2010-1,,20091000212A21370,,0,仙林校区,2009-2010学年 第1学期,21370,"仙Ⅱ-411,仙1-401",,否,,,,,,0,大学英语（第二层次A),12,"第3节-第4节,第3节-第4节",仙II区,000212A
64.0,400330,大学英语（第二层次A)(20091-000212A-13),20091000212A21371,,3,,34,"5-18周,5-18周",0,"王伟,陆美慧","5-18周 周一 第3节-第4节 ,5-18周 周五 第3节-第4节 仙Ⅱ-412",4.0,大学外语部,否,,"周五,周一",2009-2010-1,,20091000212A21371,,0,仙林校区,2009-2010学年 第1学期,21371,"仙Ⅱ-412,仙1-419",,否,,,,,,0,大学英语（第二层次A),12,"第3节-第4节,第3节-第4节",仙II区,000212A
64.0,400330,大学英语（第二层次A)(20091-000212A-14),20091000212A21372,,3,,30,"5-18周,5-18周",0,"庄红,吴凌云","5-18周 周一 第5节-第6节 仙Ⅱ-414,5-18周 周三 第5节-第6节 ",4.0,大学外语部,否,,"周一,周三",2009-2010-1,,20091000212A21372,,0,仙林校区,2009-2010学年 第1学期,21372,"仙Ⅱ-414,仙1-302",,否,,,,,,0,大学英语（第二层次A),12,"第5节-第6节,第5节-第6节",仙II区,000212A
64.0,400330,大学英语（第二层次A)(20091-000212A-15),20091000212A21373,,3,,30,"5-18周,5-18周",0,"朱静怡,张洁","5-18周 周一 第5节-第6节 仙Ⅱ-413,5-18周 周三 第5节-第6节 ",4.0,大学外语部,否,,"周一,周三",2009-2010-1,,20091000212A21373,,0,仙林校区,2009-2010学年 第1学期,21373,"仙Ⅱ-413,仙1-303",,否,,,,,,0,大学英语（第二层次A),12,"第5节-第6节,第5节-第6节",仙II区,000212A
64.0,400330,大学英语（第二层次A)(20091-000212A-16),20091000212A21374,,3,,31,"5-18周,5-18周",0,"郭廉彰,黄燕","5-18周 周一 第5节-第6节 仙Ⅱ-412,5-18周 周三 第5节-第6节 ",4.0,大学外语部,否,,"周一,周三",2009-2010-1,,20091000212A21374,,0,仙林校区,2009-2010学年 第1学期,21374,"仙Ⅱ-412,仙1-309",,否,,,,,,0,大学英语（第二层次A),12,"第5节-第6节,第5节-第6节",仙II区,000212A
64.0,400330,大学英语（第二层次A)(20091-000212A-17),20091000212A21375,,3,,31,"5-18周,5-18周",0,"施昌美,张子源","5-18周 周一 第5节-第6节 仙Ⅱ-411,5-18周 周三 第5节-第6节 ",4.0,大学外语部,否,,"周一,周三",2009-2010-1,,20091000212A21375,,0,仙林校区,2009-2010学年 第1学期,21375,"仙Ⅱ-411,仙1-401",,否,,,,,,0,大学英语（第二层次A),12,"第5节-第6节,第5节-第6节",仙II区,000212A
64.0,400330,大学英语（第二层次A)(20091-000212A-18),20091000212A21376,,3,,23,"5-18周,5-18周",0,"庄红,吴凌云","5-18周 周一 第5节-第6节 ,5-18周 周三 第5节-第6节 仙Ⅱ-412",4.0,大学外语部,否,,"周三,周一",2009-2010-1,,20091000212A21376,,0,仙林校区,2009-2010学年 第1学期,21376,"仙Ⅱ-412,仙1-302",,否,,,,,,0,大学英语（第二层次A),12,"第5节-第6节,第5节-第6节",仙II区,000212A
64.0,400330,大学英语（第二层次A)(20091-000212A-19),20091000212A21377,,3,,23,"5-18周,5-18周",0,"张洁,张子源","5-18周 周一 第5节-第6节 ,5-18周 周三 第5节-第6节 仙Ⅱ-411",4.0,大学外语部,否,,"周三,周一",2009-2010-1,,20091000212A21377,,0,仙林校区,2009-2010学年 第1学期,21377,"仙Ⅱ-411,仙1-303",,否,,,,,,0,大学英语（第二层次A),12,"第5节-第6节,第5节-第6节",仙II区,000212A
64.0,400330,大学英语（第二层次A)(20091-000212A-20),20091000212A21378,,3,,21,"5-18周,5-18周",0,"张俊焕,程欣","5-18周 周一 第5节-第6节 ,5-18周 周五 第5节-第6节 仙Ⅱ-411",4.0,大学外语部,否,,"周五,周一",2009-2010-1,,20091000212A21378,,0,仙林校区,2009-2010学年 第1学期,21378,"仙Ⅱ-411,仙1-309",,否,,,,,,0,大学英语（第二层次A),12,"第5节-第6节,第5节-第6节",仙II区,000212A
64.0,400330,大学英语（第二层次A)(20091-000212A-21),20091000212A21379,,3,,22,"5-18周,5-18周",0,"郭廉彰,倪辉莉","5-18周 周一 第5节-第6节 ,5-18周 周五 第5节-第6节 仙Ⅱ-412",4.0,大学外语部,否,,"周五,周一",2009-2010-1,,20091000212A21379,,0,仙林校区,2009-2010学年 第1学期,21379,"仙Ⅱ-412,仙1-401",,否,,,,,,0,大学英语（第二层次A),12,"第5节-第6节,第5节-第6节",仙II区,000212A
64.0,400330,大学英语（第二层次A)(20091-000212A-22),20091000212A21380,,3,,32,"5-18周,5-18周",0,"徐翠芹,程欣","5-18周 周二 第1节-第2节 仙Ⅱ-413,5-18周 周四 第1节-第2节 ",4.0,大学外语部,否,,"周二,周四",2009-2010-1,,20091000212A21380,,0,仙林校区,2009-2010学年 第1学期,21380,"仙Ⅱ-413,仙1-302",,否,,,,,,0,大学英语（第二层次A),12,"第1节-第2节,第1节-第2节",仙II区,000212A
64.0,400330,大学英语（第二层次A)(20091-000212A-23),20091000212A21381,,3,,29,"5-18周,5-18周",0,"郭廉彰,庄红","5-18周 周二 第1节-第2节 仙Ⅱ-412,5-18周 周四 第1节-第2节 ",4.0,大学外语部,否,,"周二,周四",2009-2010-1,,20091000212A21381,,0,仙林校区,2009-2010学年 第1学期,21381,"仙Ⅱ-412,仙1-303",,否,,,,,,0,大学英语（第二层次A),12,"第1节-第2节,第1节-第2节",仙II区,000212A
64.0,400330,大学英语（第二层次A)(20091-000212A-24),20091000212A21382,,3,,24,"5-18周,5-18周",0,左瀚,"5-18周 周二 第1节-第2节 仙Ⅱ-411,5-18周 周四 第1节-第2节 ",4.0,大学外语部,否,,"周二,周四",2009-2010-1,,20091000212A21382,,0,仙林校区,2009-2010学年 第1学期,21382,"仙Ⅱ-411,仙1-309",,否,,,,,,0,大学英语（第二层次A),12,"第1节-第2节,第1节-第2节",仙II区,000212A
64.0,400330,大学英语（第二层次A)(20091-000212A-25),20091000212A21383,,3,,25,"5-18周,5-18周",0,"朱静怡,徐翠芹","5-18周 周二 第1节-第2节 ,5-18周 周四 第1节-第2节 仙Ⅱ-412",4.0,大学外语部,否,,"周四,周二",2009-2010-1,,20091000212A21383,,0,仙林校区,2009-2010学年 第1学期,21383,"仙Ⅱ-412,仙1-302",,否,,,,,,0,大学英语（第二层次A),12,"第1节-第2节,第1节-第2节",仙II区,000212A
64.0,400330,大学英语（第二层次A)(20091-000212A-26),20091000212A21384,,3,,24,"5-18周,5-18周",0,"沈蕾,张俊焕","5-18周 周二 第1节-第2节 ,5-18周 周四 第1节-第2节 仙Ⅱ-411",4.0,大学外语部,否,,"周四,周二",2009-2010-1,,20091000212A21384,,0,仙林校区,2009-2010学年 第1学期,21384,"仙Ⅱ-411,仙1-303",,否,,,,,,0,大学英语（第二层次A),12,"第1节-第2节,第1节-第2节",仙II区,000212A
64.0,400330,大学英语（第二层次A)(20091-000212A-27),20091000212A21385,,3,,33,"5-18周,5-18周",0,"王伟,徐翠芹","5-18周 周二 第3节-第4节 仙Ⅱ-415,5-18周 周四 第3节-第4节 ",4.0,大学外语部,否,,"周二,周四",2009-2010-1,,20091000212A21385,,0,仙林校区,2009-2010学年 第1学期,21385,"仙Ⅱ-415,仙1-302",,否,,,,,,0,大学英语（第二层次A),12,"第3节-第4节,第3节-第4节",仙II区,000212A
64.0,400330,大学英语（第二层次A)(20091-000212A-28),20091000212A21386,,3,,33,"5-18周,5-18周",0,郭廉彰,"5-18周 周二 第3节-第4节 仙Ⅱ-414,5-18周 周四 第3节-第4节 ",4.0,大学外语部,否,,"周二,周四",2009-2010-1,,20091000212A21386,,0,仙林校区,2009-2010学年 第1学期,21386,"仙Ⅱ-414,仙1-303",,否,,,,,,0,大学英语（第二层次A),12,"第3节-第4节,第3节-第4节",仙II区,000212A
64.0,400330,大学英语（第二层次A)(20091-000212A-29),20091000212A21387,,3,,33,"5-18周,5-18周",0,"程欣,左瀚","5-18周 周二 第3节-第4节 仙Ⅱ-413,5-18周 周四 第3节-第4节 ",4.0,大学外语部,否,,"周二,周四",2009-2010-1,,20091000212A21387,,0,仙林校区,2009-2010学年 第1学期,21387,"仙Ⅱ-413,仙1-309",,否,,,,,,0,大学英语（第二层次A),12,"第3节-第4节,第3节-第4节",仙II区,000212A
64.0,400330,大学英语（第二层次A)(20091-000212A-30),20091000212A21388,,3,,30,"5-18周,5-18周",0,"于江,庄红","5-18周 周二 第3节-第4节 仙Ⅱ-412,5-18周 周四 第3节-第4节 ",4.0,大学外语部,否,,"周二,周四",2009-2010-1,,20091000212A21388,,0,仙林校区,2009-2010学年 第1学期,21388,"仙Ⅱ-412,仙1-401",,否,,,,,,0,大学英语（第二层次A),12,"第3节-第4节,第3节-第4节",仙II区,000212A
64.0,400330,大学英语（第二层次A)(20091-000212A-31),20091000212A21389,,3,,31,"5-18周,5-18周",0,"邵崇忠,郑从容","5-18周 周二 第3节-第4节 仙Ⅱ-411,5-18周 周四 第3节-第4节 ",4.0,大学外语部,否,,"周二,周四",2009-2010-1,,20091000212A21389,,0,仙林校区,2009-2010学年 第1学期,21389,"仙Ⅱ-411,仙1-419",,否,,,,,,0,大学英语（第二层次A),12,"第3节-第4节,第3节-第4节",仙II区,000212A
64.0,400330,大学英语（第二层次A)(20091-000212A-32),20091000212A21390,,3,,31,"5-18周,5-18周",0,"张洁,程欣","5-18周 周二 第3节-第4节 ,5-18周 周四 第3节-第4节 仙Ⅱ-419",4.0,大学外语部,否,,"周四,周二",2009-2010-1,,20091000212A21390,,0,仙林校区,2009-2010学年 第1学期,21390,"仙Ⅱ-419,仙1-302",,否,,,,,,0,大学英语（第二层次A),12,"第3节-第4节,第3节-第4节",仙II区,000212A
64.0,400330,大学英语（第二层次A)(20091-000212A-33),20091000212A21391,,3,,21,"5-18周,5-18周",0,"徐翠芹,朱静怡","5-18周 周二 第3节-第4节 ,5-18周 周四 第3节-第4节 仙Ⅱ-412",4.0,大学外语部,否,,"周四,周二",2009-2010-1,,20091000212A21391,,0,仙林校区,2009-2010学年 第1学期,21391,"仙Ⅱ-412,仙1-303",,否,,,,,,0,大学英语（第二层次A),12,"第3节-第4节,第3节-第4节",仙II区,000212A
64.0,400330,大学英语（第二层次A)(20091-000212A-34),20091000212A21392,,3,,28,"4-18周,5-18周",0,"邵崇忠,张俊焕","4-18周 周四 第3节-第4节 仙Ⅱ-415,5-18周 周二 第3节-第4节 ",4.0,大学外语部,否,,"周四,周二",2009-2010-1,,20091000212A21392,,0,仙林校区,2009-2010学年 第1学期,21392,"仙Ⅱ-415,仙1-309",,否,,,,,,0,大学英语（第二层次A),12,"第3节-第4节,第3节-第4节",仙II区,000212A
64.0,400330,大学英语（第二层次A)(20091-000212A-35),20091000212A21393,,3,,28,"5-18周,5-18周",0,"左瀚,倪辉莉","5-18周 周二 第3节-第4节 ,5-18周 周四 第3节-第4节 仙Ⅱ-411",4.0,大学外语部,否,,"周四,周二",2009-2010-1,,20091000212A21393,,0,仙林校区,2009-2010学年 第1学期,21393,"仙Ⅱ-411,仙1-401",,否,,,,,,0,大学英语（第二层次A),12,"第3节-第4节,第3节-第4节",仙II区,000212A
64.0,400330,大学英语（第二层次A)(20091-000212A-36),20091000212A21394,,3,,34,"5-18周,5-18周",0,"王伟,张俊焕","5-18周 周二 第5节-第6节 仙Ⅱ-413,5-18周 周四 第5节-第6节 ",4.0,大学外语部,否,,"周二,周四",2009-2010-1,,20091000212A21394,,0,仙林校区,2009-2010学年 第1学期,21394,"仙Ⅱ-413,仙1-401",,否,,,,,,0,大学英语（第二层次A),12,"第5节-第6节,第5节-第6节",仙II区,000212A
64.0,400330,大学英语（第二层次A)(20091-000212A-37),20091000212A21395,,3,,33,"5-18周,5-18周",0,"邵崇忠,郭廉彰","5-18周 周二 第5节-第6节 仙Ⅱ-412,5-18周 周四 第5节-第6节 ",4.0,大学外语部,否,,"周二,周四",2009-2010-1,,20091000212A21395,,0,仙林校区,2009-2010学年 第1学期,21395,"仙Ⅱ-412,仙1-419",,否,,,,,,0,大学英语（第二层次A),12,"第5节-第6节,第5节-第6节",仙II区,000212A
64.0,400330,大学英语（第二层次A)(20091-000212A-38),20091000212A21396,,3,,24,"5-18周,5-18周",0,"庄红,左瀚","5-18周 周二 第5节-第6节 仙Ⅱ-411,5-18周 周四 第5节-第6节 ",4.0,大学外语部,否,,"周二,周四",2009-2010-1,,20091000212A21396,,0,仙林校区,2009-2010学年 第1学期,21396,"仙Ⅱ-411,仙1-302",,否,,,,,,0,大学英语（第二层次A),12,"第5节-第6节,第5节-第6节",仙II区,000212A
64.0,400330,大学英语（第二层次A)(20091-000212A-39),20091000212A21397,,3,,24,"5-18周,5-18周",0,郑从容,"5-18周 周二 第5节-第6节 仙Ⅱ-414,5-18周 周四 第5节-第6节 ",4.0,大学外语部,否,,"周二,周四",2009-2010-1,,20091000212A21397,,0,仙林校区,2009-2010学年 第1学期,21397,"仙Ⅱ-414,仙1-303",,否,,,,,,0,大学英语（第二层次A),12,"第5节-第6节,第5节-第6节",仙II区,000212A
64.0,400330,大学英语（第二层次A)(20091-000212A-40),20091000212A21398,,3,,25,"5-18周,5-18周",0,"张洁,程欣","5-18周 周二 第5节-第6节 ,5-18周 周四 第5节-第6节 仙Ⅱ-413",4.0,大学外语部,否,,"周四,周二",2009-2010-1,,20091000212A21398,,0,仙林校区,2009-2010学年 第1学期,21398,"仙Ⅱ-413,仙1-302",,否,,,,,,0,大学英语（第二层次A),12,"第5节-第6节,第5节-第6节",仙II区,000212A
64.0,400330,大学英语（第二层次A)(20091-000212A-41),20091000212A21399,,3,,22,"5-18周,5-18周",0,"吴凌云,朱静怡","5-18周 周二 第5节-第6节 ,5-18周 周四 第5节-第6节 仙Ⅱ-412",4.0,大学外语部,否,,"周四,周二",2009-2010-1,,20091000212A21399,,0,仙林校区,2009-2010学年 第1学期,21399,"仙Ⅱ-412,仙1-303",,否,,,,,,0,大学英语（第二层次A),12,"第5节-第6节,第5节-第6节",仙II区,000212A
64.0,400330,大学英语（第二层次A)(20091-000212A-42),20091000212A21400,,3,,23,"5-18周,5-18周",0,"陆美慧,倪辉莉","5-18周 周二 第5节-第6节 ,5-18周 周四 第5节-第6节 仙Ⅱ-411",4.0,大学外语部,否,,"周四,周二",2009-2010-1,,20091000212A21400,,0,仙林校区,2009-2010学年 第1学期,21400,"仙Ⅱ-411,仙1-309",,否,,,,,,0,大学英语（第二层次A),12,"第5节-第6节,第5节-第6节",仙II区,000212A
64.0,400330,大学英语（第二层次A)(20091-000212A-43),20091000212A21401,,3,,31,"5-18周,5-18周",0,"杨奕枫,倪辉莉","5-18周 周三 第1节-第2节 仙Ⅱ-411,5-18周 周五 第1节-第2节 ",4.0,大学外语部,否,,"周三,周五",2009-2010-1,,20091000212A21401,,0,仙林校区,2009-2010学年 第1学期,21401,"仙Ⅱ-411,仙1-302",,否,,,,,,0,大学英语（第二层次A),12,"第1节-第2节,第1节-第2节",仙II区,000212A
64.0,400330,大学英语（第二层次A)(20091-000212A-44),20091000212A21402,,3,,32,"5-18周,5-18周",0,"于江,朱静怡","5-18周 周三 第1节-第2节 仙Ⅱ-413,5-18周 周五 第1节-第2节 ",4.0,大学外语部,否,,"周三,周五",2009-2010-1,,20091000212A21402,,0,仙林校区,2009-2010学年 第1学期,21402,"仙Ⅱ-413,仙1-303",,否,,,,,,0,大学英语（第二层次A),12,"第1节-第2节,第1节-第2节",仙II区,000212A
64.0,400330,大学英语（第二层次A)(20091-000212A-45),20091000212A21403,,3,,26,"5-18周,5-18周",0,"朱雪媛,施昌美","5-18周 周三 第1节-第2节 仙Ⅱ-412,5-18周 周五 第1节-第2节 ",4.0,大学外语部,否,,"周三,周五",2009-2010-1,,20091000212A21403,,0,仙林校区,2009-2010学年 第1学期,21403,"仙Ⅱ-412,仙1-401",,否,,,,,,0,大学英语（第二层次A),12,"第1节-第2节,第1节-第2节",仙II区,000212A
64.0,400330,大学英语（第二层次A)(20091-000212A-46),20091000212A21404,,3,,29,"5-18周,5-18周",0,"杨奕枫,倪辉莉","5-18周 周三 第3节-第4节 仙Ⅱ-413,5-18周 周五 第3节-第4节 ",4.0,大学外语部,否,,"周三,周五",2009-2010-1,,20091000212A21404,,0,仙林校区,2009-2010学年 第1学期,21404,"仙Ⅱ-413,仙1-302",,否,,,,,,0,大学英语（第二层次A),12,"第3节-第4节,第3节-第4节",仙II区,000212A
64.0,400330,大学英语（第二层次A)(20091-000212A-47),20091000212A21405,,3,,29,"5-18周,5-18周",0,"于江,朱静怡","5-18周 周三 第3节-第4节 仙Ⅱ-412,5-18周 周五 第3节-第4节 ",4.0,大学外语部,否,,"周三,周五",2009-2010-1,,20091000212A21405,,0,仙林校区,2009-2010学年 第1学期,21405,"仙Ⅱ-412,仙1-303",,否,,,,,,0,大学英语（第二层次A),12,"第3节-第4节,第3节-第4节",仙II区,000212A
64.0,400330,大学英语（第二层次A)(20091-000212A-48),20091000212A21406,,3,,29,"5-18周,5-18周",0,"朱雪媛,施昌美","5-18周 周三 第3节-第4节 仙Ⅱ-411,5-18周 周五 第3节-第4节 ",4.0,大学外语部,否,,"周三,周五",2009-2010-1,,20091000212A21406,,0,仙林校区,2009-2010学年 第1学期,21406,"仙Ⅱ-411,仙1-401",,否,,,,,,0,大学英语（第二层次A),12,"第3节-第4节,第3节-第4节",仙II区,000212A
64.0,400330,大学英语（第二层次A)(20091-000212A-49),20091000212A21407,,3,,27,"5-18周,5-18周",0,"于江,倪辉莉","5-18周 周三 第5节-第6节 仙Ⅱ-413,5-18周 周五 第5节-第6节 ",4.0,大学外语部,否,,"周三,周五",2009-2010-1,,20091000212A21407,,0,仙林校区,2009-2010学年 第1学期,21407,"仙Ⅱ-413,仙1-302",,否,,,,,,0,大学英语（第二层次A),12,"第5节-第6节,第5节-第6节",仙II区,000212A
64.0,400330,大学英语（第二层次A)(20091-000212A-50),20091000212A21408,,3,,27,"5-18周,5-18周",0,"施昌美,朱静怡","5-18周 周三 第5节-第6节 仙Ⅱ-414,5-18周 周五 第5节-第6节 ",4.0,大学外语部,否,,"周三,周五",2009-2010-1,,20091000212A21408,,0,仙林校区,2009-2010学年 第1学期,21408,"仙Ⅱ-414,仙1-303",,否,,,,,,0,大学英语（第二层次A),12,"第5节-第6节,第5节-第6节",仙II区,000212A
64.0,400330,大学英语（第二层次A)(20091-000212A-51),20091000212A21409,,3,,29,"5-18周,5-18周",0,"朱雪媛,左瀚","5-18周 周三 第5节-第6节 仙Ⅱ-415,5-18周 周五 第5节-第6节 ",4.0,大学外语部,否,,"周三,周五",2009-2010-1,,20091000212A21409,,0,仙林校区,2009-2010学年 第1学期,21409,"仙Ⅱ-415,仙1-401",,否,,,,,,0,大学英语（第二层次A),12,"第5节-第6节,第5节-第6节",仙II区,000212A
64.0,400330,大学英语（第三层次A)(20091-000213A-1),20091000213A21410,,3,,34,"5-18周,5-18周",0,"陆晓,孟蕊","5-18周 周一 第1节-第2节 仙Ⅱ-418,5-18周 周三 第1节-第2节 ",4.0,大学外语部,否,,"周一,周三",2009-2010-1,,20091000213A21410,,0,仙林校区,2009-2010学年 第1学期,21410,"仙Ⅱ-418,仙1-301",,否,,,,,,0,大学英语（第三层次A),12,"第1节-第2节,第1节-第2节",仙II区,000213A
64.0,400330,大学英语（第三层次A)(20091-000213A-2),20091000213A21411,,3,,34,"5-18周,5-18周",0,"路璐,李寄","5-18周 周一 第1节-第2节 仙Ⅱ-417,5-18周 周三 第1节-第2节 ",4.0,大学外语部,否,,"周一,周三",2009-2010-1,,20091000213A21411,,0,仙林校区,2009-2010学年 第1学期,21411,"仙Ⅱ-417,仙1-309",,否,,,,,,0,大学英语（第三层次A),12,"第1节-第2节,第1节-第2节",仙II区,000213A
64.0,400330,大学英语（第三层次A)(20091-000213A-3),20091000213A21412,,3,,34,"5-18周,5-18周",0,"周莹,吴耘","5-18周 周一 第1节-第2节 仙Ⅱ-416,5-18周 周三 第1节-第2节 ",4.0,大学外语部,否,,"周一,周三",2009-2010-1,,20091000213A21412,,0,仙林校区,2009-2010学年 第1学期,21412,"仙Ⅱ-416,仙1-419",,否,,,,,,0,大学英语（第三层次A),12,"第1节-第2节,第1节-第2节",仙II区,000213A
64.0,400330,大学英语（第三层次A)(20091-000213A-4),20091000213A21413,,3,,34,"5-18周,5-18周",0,"邵继荣,张巧玲","5-18周 周一 第1节-第2节 仙Ⅱ-415,5-18周 周三 第1节-第2节 ",4.0,大学外语部,否,,"周一,周三",2009-2010-1,,20091000213A21413,,0,仙林校区,2009-2010学年 第1学期,21413,"仙Ⅱ-415,仙1-420",,否,,,,,,0,大学英语（第三层次A),12,"第1节-第2节,第1节-第2节",仙II区,000213A
64.0,400330,大学英语（第三层次A)(20091-000213A-5),20091000213A21414,,3,,34,"5-18周,5-18周",0,傅俭,"5-18周 周一 第1节-第2节 ,5-18周 周三 第1节-第2节 仙Ⅱ-418",4.0,大学外语部,否,,"周三,周一",2009-2010-1,,20091000213A21414,,0,仙林校区,2009-2010学年 第1学期,21414,"仙Ⅱ-418,仙1-301",,否,,,,,,0,大学英语（第三层次A),12,"第1节-第2节,第1节-第2节",仙II区,000213A
64.0,400330,大学英语（第三层次A)(20091-000213A-6),20091000213A21415,,3,,34,"5-18周,5-18周",0,"周莹,吴耘","5-18周 周一 第1节-第2节 ,5-18周 周三 第1节-第2节 仙Ⅱ-419",4.0,大学外语部,否,,"周三,周一",2009-2010-1,,20091000213A21415,,0,仙林校区,2009-2010学年 第1学期,21415,"仙Ⅱ-419,仙1-303",,否,,,,,,0,大学英语（第三层次A),12,"第1节-第2节,第1节-第2节",仙II区,000213A
64.0,400330,大学英语（第三层次A)(20091-000213A-7),20091000213A21416,,3,,27,"5-18周,5-18周",0,"余芳,耿华","5-18周 周一 第1节-第2节 仙Ⅱ-422,5-18周 周三 第1节-第2节 仙Ⅱ-415",4.0,大学外语部,否,,"周三,周一",2009-2010-1,,20091000213A21416,,0,仙林校区,2009-2010学年 第1学期,21416,"仙Ⅱ-415,仙Ⅱ-422",,否,,,,,,0,大学英语（第三层次A),12,"第1节-第2节,第1节-第2节",仙II区,000213A
64.0,400330,大学英语（第三层次A)(20091-000213A-8),20091000213A21417,,3,,27,"5-18周,5-18周",0,"夏慧珺,孟蕊","5-18周 周一 第1节-第2节 仙Ⅱ-518,5-18周 周三 第1节-第2节 仙Ⅱ-414",4.0,大学外语部,否,,"周三,周一",2009-2010-1,,20091000213A21417,,0,仙林校区,2009-2010学年 第1学期,21417,"仙Ⅱ-414,仙Ⅱ-518",,否,,,,,,0,大学英语（第三层次A),12,"第1节-第2节,第1节-第2节",仙II区,000213A
64.0,400330,大学英语（第三层次A)(20091-000213A-9),20091000213A21418,,3,,27,"5-18周,5-18周",0,"乔丽婷,冯晓佳","5-18周 周一 第1节-第2节 仙Ⅱ-414,5-18周 周五 第1节-第2节 ",4.0,大学外语部,否,,"周一,周五",2009-2010-1,,20091000213A21418,,0,仙林校区,2009-2010学年 第1学期,21418,"仙Ⅱ-414,仙1-419",,否,,,,,,0,大学英语（第三层次A),12,"第1节-第2节,第1节-第2节",仙II区,000213A
64.0,400330,大学英语（第三层次A)(20091-000213A-10),20091000213A21419,,3,,32,"5-18周,5-18周",0,"沈蕾,裴黎萍","5-18周 周一 第1节-第2节 仙Ⅱ-419,5-18周 周五 第1节-第2节 ",4.0,大学外语部,否,,"周一,周五",2009-2010-1,,20091000213A21419,,0,仙林校区,2009-2010学年 第1学期,21419,"仙Ⅱ-419,仙1-420",,否,,,,,,0,大学英语（第三层次A),12,"第1节-第2节,第1节-第2节",仙II区,000213A
64.0,400330,大学英语（第三层次A)(20091-000213A-11),20091000213A21420,,3,,30,"5-18周,5-18周",0,"余芳,黄燕","5-18周 周一 第1节-第2节 仙Ⅱ-407,5-18周 周五 第1节-第2节 仙Ⅱ-417",4.0,大学外语部,否,,"周一,周五",2009-2010-1,,20091000213A21420,,0,仙林校区,2009-2010学年 第1学期,21420,"仙Ⅱ-407,仙Ⅱ-417",,否,,,,,,0,大学英语（第三层次A),12,"第1节-第2节,第1节-第2节",仙II区,000213A
64.0,400330,大学英语（第三层次A)(20091-000213A-12),20091000213A21421,,3,,35,"5-18周,5-18周",0,"路璐,夏慧珺","5-18周 周一 第1节-第2节 ,5-18周 周五 第1节-第2节 仙Ⅱ-414",4.0,大学外语部,否,,"周五,周一",2009-2010-1,,20091000213A21421,,0,仙林校区,2009-2010学年 第1学期,21421,"仙Ⅱ-414,仙1-420",,否,,,,,,0,大学英语（第三层次A),12,"第1节-第2节,第1节-第2节",仙II区,000213A
64.0,400330,大学英语（第三层次A)(20091-000213A-13),20091000213A21422,,3,,37,"5-18周,5-18周",0,"裴黎萍,邵继荣","5-18周 周一 第1节-第2节 仙Ⅱ-401,5-18周 周五 第1节-第2节 仙Ⅱ-415",4.0,大学外语部,否,,"周五,周一",2009-2010-1,,20091000213A21422,,0,仙林校区,2009-2010学年 第1学期,21422,"仙Ⅱ-415,仙Ⅱ-401",,否,,,,,,0,大学英语（第三层次A),12,"第1节-第2节,第1节-第2节",仙II区,000213A
64.0,400330,大学英语（第三层次A)(20091-000213A-14),20091000213A21423,,3,,33,"5-18周,5-18周",0,"张巧玲,冯晓佳","5-18周 周一 第1节-第2节 ,5-18周 周五 第1节-第2节 仙Ⅱ-416",4.0,大学外语部,否,,"周五,周一",2009-2010-1,,20091000213A21423,,0,仙林校区,2009-2010学年 第1学期,21423,"仙Ⅱ-416,仙1-307",,否,,,,,,0,大学英语（第三层次A),12,"第1节-第2节,第1节-第2节",仙II区,000213A
64.0,400330,大学英语（第三层次A)(20091-000213A-15),20091000213A21424,,3,,34,"5-18周,5-18周",0,"路璐,陆晓","5-18周 周一 第3节-第4节 仙Ⅱ-415,5-18周 周三 第3节-第4节 ",4.0,大学外语部,否,,"周一,周三",2009-2010-1,,20091000213A21424,,0,仙林校区,2009-2010学年 第1学期,21424,"仙Ⅱ-415,仙1-309",,否,,,,,,0,大学英语（第三层次A),12,"第3节-第4节,第3节-第4节",仙II区,000213A
64.0,400330,大学英语（第三层次A)(20091-000213A-16),20091000213A21425,,3,,35,"5-18周,5-18周",0,"吴耘,裴黎萍","5-18周 周一 第3节-第4节 仙Ⅱ-416,5-18周 周三 第3节-第4节 ",4.0,大学外语部,否,,"周一,周三",2009-2010-1,,20091000213A21425,,0,仙林校区,2009-2010学年 第1学期,21425,"仙Ⅱ-416,仙1-419",,否,,,,,,0,大学英语（第三层次A),12,"第3节-第4节,第3节-第4节",仙II区,000213A
64.0,400330,大学英语（第三层次A)(20091-000213A-17),20091000213A21426,,3,,27,"5-18周,5-18周",0,"丁楠,夏慧珺","5-18周 周一 第3节-第4节 ,5-18周 周三 第3节-第4节 仙Ⅱ-418",4.0,大学外语部,否,,"周三,周一",2009-2010-1,,20091000213A21426,,0,仙林校区,2009-2010学年 第1学期,21426,"仙Ⅱ-418,仙1-420",,否,,,,,,0,大学英语（第三层次A),12,"第3节-第4节,第3节-第4节",仙II区,000213A
64.0,400330,大学英语（第三层次A)(20091-000213A-18),20091000213A21427,,3,,27,"5-18周,5-18周",0,"孟蕊,傅俭","5-18周 周一 第3节-第4节 ,5-18周 周三 第3节-第4节 仙Ⅱ-414",4.0,大学外语部,否,,"周三,周一",2009-2010-1,,20091000213A21427,,0,仙林校区,2009-2010学年 第1学期,21427,"仙Ⅱ-414,仙1-301",,否,,,,,,0,大学英语（第三层次A),12,"第3节-第4节,第3节-第4节",仙II区,000213A
64.0,400330,大学英语（第三层次A)(20091-000213A-19),20091000213A21428,,3,,38,"5-18周,5-18周",0,"沈蕾,周莹","5-18周 周一 第3节-第4节 仙Ⅱ-414,5-18周 周五 第3节-第4节 ",4.0,大学外语部,否,,"周一,周五",2009-2010-1,,20091000213A21428,,0,仙林校区,2009-2010学年 第1学期,21428,"仙Ⅱ-414,仙1-301",,否,,,,,,0,大学英语（第三层次A),12,"第3节-第4节,第3节-第4节",仙II区,000213A
64.0,400330,大学英语（第三层次A)(20091-000213A-20),20091000213A21429,,3,,30,"5-18周,5-18周",0,"夏慧珺,路璐","5-18周 周一 第3节-第4节 ,5-18周 周五 第3节-第4节 仙Ⅱ-415",4.0,大学外语部,否,,"周五,周一",2009-2010-1,,20091000213A21429,,0,仙林校区,2009-2010学年 第1学期,21429,"仙Ⅱ-415,仙1-304",,否,,,,,,0,大学英语（第三层次A),12,"第3节-第4节,第3节-第4节",仙II区,000213A
64.0,400330,大学英语（第三层次A)(20091-000213A-21),20091000213A21430,,3,,31,"5-18周,5-18周",0,"邵继荣,裴黎萍","5-18周 周一 第3节-第4节 仙Ⅱ-417,5-18周 周五 第3节-第4节 仙Ⅱ-416",4.0,大学外语部,否,,"周五,周一",2009-2010-1,,20091000213A21430,,0,仙林校区,2009-2010学年 第1学期,21430,"仙Ⅱ-416,仙Ⅱ-417",,否,,,,,,0,大学英语（第三层次A),12,"第3节-第4节,第3节-第4节",仙II区,000213A
64.0,400330,大学英语（第三层次A)(20091-000213A-22),20091000213A21431,,3,,32,"5-18周,5-18周",0,"邵继荣,陆晓","5-18周 周一 第5节-第6节 仙Ⅱ-418,5-18周 周三 第5节-第6节 ",4.0,大学外语部,否,,"周一,周三",2009-2010-1,,20091000213A21431,,0,仙林校区,2009-2010学年 第1学期,21431,"仙Ⅱ-418,仙1-301",,否,,,,,,0,大学英语（第三层次A),12,"第5节-第6节,第5节-第6节",仙II区,000213A
64.0,400330,大学英语（第三层次A)(20091-000213A-23),20091000213A21432,,3,,32,"5-18周,5-18周",0,"吴耘,夏慧珺","5-18周 周一 第5节-第6节 仙Ⅱ-417,5-18周 周三 第5节-第6节 ",4.0,大学外语部,否,,"周一,周三",2009-2010-1,,20091000213A21432,,0,仙林校区,2009-2010学年 第1学期,21432,"仙Ⅱ-417,仙1-308",,否,,,,,,0,大学英语（第三层次A),12,"第5节-第6节,第5节-第6节",仙II区,000213A
64.0,400330,大学英语（第三层次A)(20091-000213A-24),20091000213A21433,,3,,32,"5-18周,5-18周",0,"丁楠,周莹","5-18周 周一 第5节-第6节 仙Ⅱ-415,5-18周 周三 第5节-第6节 ",4.0,大学外语部,否,,"周一,周三",2009-2010-1,,20091000213A21433,,0,仙林校区,2009-2010学年 第1学期,21433,"仙Ⅱ-415,仙1-419",,否,,,,,,0,大学英语（第三层次A),12,"第5节-第6节,第5节-第6节",仙II区,000213A
64.0,400330,大学英语（第三层次A)(20091-000213A-25),20091000213A21434,,3,,32,"5-18周,5-18周",0,"余芳,孟蕊","5-18周 周一 第5节-第6节 仙Ⅱ-416,5-18周 周三 第5节-第6节 ",4.0,大学外语部,否,,"周一,周三",2009-2010-1,,20091000213A21434,,0,仙林校区,2009-2010学年 第1学期,21434,"仙Ⅱ-416,仙1-420",,否,,,,,,0,大学英语（第三层次A),12,"第5节-第6节,第5节-第6节",仙II区,000213A
64.0,400330,大学英语（第三层次A)(20091-000213A-26),20091000213A21435,,3,,27,"5-18周,5-18周",0,"王颖,张丽萍","5-18周 周一 第5节-第6节 ,5-18周 周三 第5节-第6节 仙Ⅱ-417",4.0,大学外语部,否,,"周三,周一",2009-2010-1,,20091000213A21435,,0,仙林校区,2009-2010学年 第1学期,21435,"仙Ⅱ-417,仙1-301",,否,,,,,,0,大学英语（第三层次A),12,"第5节-第6节,第5节-第6节",仙II区,000213A
64.0,400330,大学英语（第三层次A)(20091-000213A-27),20091000213A21436,,3,,27,"5-18周,5-18周",0,"邵继荣,陆晓","5-18周 周一 第5节-第6节 ,5-18周 周三 第5节-第6节 仙Ⅱ-416",4.0,大学外语部,否,,"周三,周一",2009-2010-1,,20091000213A21436,,0,仙林校区,2009-2010学年 第1学期,21436,"仙Ⅱ-416,仙1-308",,否,,,,,,0,大学英语（第三层次A),12,"第5节-第6节,第5节-第6节",仙II区,000213A
64.0,400330,大学英语（第三层次A)(20091-000213A-28),20091000213A21437,,3,,26,"5-18周,5-18周",0,"孟蕊,张晓红","5-18周 周一 第5节-第6节 ,5-18周 周三 第5节-第6节 仙Ⅱ-418",4.0,大学外语部,否,,"周三,周一",2009-2010-1,,20091000213A21437,,0,仙林校区,2009-2010学年 第1学期,21437,"仙Ⅱ-418,仙1-419",,否,,,,,,0,大学英语（第三层次A),12,"第5节-第6节,第5节-第6节",仙II区,000213A
64.0,400330,大学英语（第三层次A)(20091-000213A-29),20091000213A21438,,3,,28,"5-18周,5-18周",0,"冯晓佳,陆晓","5-18周 周一 第5节-第6节 ,5-18周 周五 第5节-第6节 仙Ⅱ-414",4.0,大学外语部,否,,"周五,周一",2009-2010-1,,20091000213A21438,,0,仙林校区,2009-2010学年 第1学期,21438,"仙Ⅱ-414,仙1-420",,否,,,,,,0,大学英语（第三层次A),12,"第5节-第6节,第5节-第6节",仙II区,000213A
64.0,400330,大学英语（第三层次A)(20091-000213A-30),20091000213A21439,,3,,24,"5-18周,5-18周",0,"吴耘,傅俭","5-18周 周一 第5节-第6节 仙Ⅱ-419,5-18周 周五 第5节-第6节 仙Ⅱ-413",4.0,大学外语部,否,,"周五,周一",2009-2010-1,,20091000213A21439,,0,仙林校区,2009-2010学年 第1学期,21439,"仙Ⅱ-413,仙Ⅱ-419",,否,,,,,,0,大学英语（第三层次A),12,"第5节-第6节,第5节-第6节",仙II区,000213A
64.0,400330,大学英语（第三层次A)(20091-000213A-31),20091000213A21440,,3,,27,"5-18周,5-18周",0,"耿华,周莹","5-18周 周一 第5节-第6节 ,5-18周 周五 第5节-第6节 仙Ⅱ-415",4.0,大学外语部,否,,"周五,周一",2009-2010-1,,20091000213A21440,,0,仙林校区,2009-2010学年 第1学期,21440,"仙Ⅱ-415,仙1-305",,否,,,,,,0,大学英语（第三层次A),12,"第5节-第6节,第5节-第6节",仙II区,000213A
64.0,400330,大学英语（第三层次A)(20091-000213A-32),20091000213A21441,,3,,29,"5-18周,5-18周",0,"张丽萍,耿华","5-18周 周二 第1节-第2节 仙Ⅱ-415,5-18周 周四 第1节-第2节 ",4.0,大学外语部,否,,"周二,周四",2009-2010-1,,20091000213A21441,,0,仙林校区,2009-2010学年 第1学期,21441,"仙Ⅱ-415,仙1-401",,否,,,,,,0,大学英语（第三层次A),12,"第1节-第2节,第1节-第2节",仙II区,000213A
64.0,400330,大学英语（第三层次A)(20091-000213A-33),20091000213A21442,,3,,31,"5-18周,5-18周",0,"朱雪媛,王银萍","5-18周 周二 第1节-第2节 仙Ⅱ-414,5-18周 周四 第1节-第2节 ",4.0,大学外语部,否,,"周二,周四",2009-2010-1,,20091000213A21442,,0,仙林校区,2009-2010学年 第1学期,21442,"仙Ⅱ-414,仙1-419",,否,,,,,,0,大学英语（第三层次A),12,"第1节-第2节,第1节-第2节",仙II区,000213A
64.0,400330,大学英语（第三层次A)(20091-000213A-34),20091000213A21443,,3,,29,"5-18周,5-18周",0,"刘芳,王志凌","5-18周 周二 第1节-第2节 仙Ⅱ-416,5-18周 周四 第1节-第2节 ",4.0,大学外语部,否,,"周二,周四",2009-2010-1,,20091000213A21443,,0,仙林校区,2009-2010学年 第1学期,21443,"仙Ⅱ-416,仙1-420",,否,,,,,,0,大学英语（第三层次A),12,"第1节-第2节,第1节-第2节",仙II区,000213A
64.0,400330,大学英语（第三层次A)(20091-000213A-35),20091000213A21444,,3,,37,"5-18周,5-18周",0,"张丽萍,刘芳","5-18周 周二 第1节-第2节 ,5-18周 周四 第1节-第2节 仙Ⅱ-413",4.0,大学外语部,否,,"周四,周二",2009-2010-1,,20091000213A21444,,0,仙林校区,2009-2010学年 第1学期,21444,"仙Ⅱ-413,仙1-401",,否,,,,,,0,大学英语（第三层次A),12,"第1节-第2节,第1节-第2节",仙II区,000213A
64.0,400330,大学英语（第三层次A)(20091-000213A-36),20091000213A21445,,3,,21,"5-18周,5-18周",0,"王银萍,程苏婉","5-18周 周二 第1节-第2节 ,5-18周 周四 第1节-第2节 仙Ⅱ-414",4.0,大学外语部,否,,"周四,周二",2009-2010-1,,20091000213A21445,,0,仙林校区,2009-2010学年 第1学期,21445,"仙Ⅱ-414,仙1-313",,否,,,,,,0,大学英语（第三层次A),12,"第1节-第2节,第1节-第2节",仙II区,000213A
64.0,400330,大学英语（第三层次A)(20091-000213A-37),20091000213A21446,,3,,25,"5-18周,5-18周",0,"丁楠,张丽萍","5-18周 周二 第3节-第4节 仙Ⅱ-416,5-18周 周四 第3节-第4节 ",4.0,大学外语部,否,,"周二,周四",2009-2010-1,,20091000213A21446,,0,仙林校区,2009-2010学年 第1学期,21446,"仙Ⅱ-416,仙1-301",,否,,,,,,0,大学英语（第三层次A),12,"第3节-第4节,第3节-第4节",仙II区,000213A
64.0,400330,大学英语（第三层次A)(20091-000213A-38),20091000213A21447,,3,,25,"5-18周,5-18周",0,"王银萍,耿华","5-18周 周二 第3节-第4节 仙Ⅱ-417,5-18周 周四 第3节-第4节 ",4.0,大学外语部,否,,"周二,周四",2009-2010-1,,20091000213A21447,,0,仙林校区,2009-2010学年 第1学期,21447,"仙Ⅱ-417,仙1-308",,否,,,,,,0,大学英语（第三层次A),12,"第3节-第4节,第3节-第4节",仙II区,000213A
64.0,400330,大学英语（第三层次A)(20091-000213A-39),20091000213A21448,,3,,28,"5-18周,5-18周",0,"朱雪媛,王志凌","5-18周 周二 第3节-第4节 仙Ⅱ-418,5-18周 周四 第3节-第4节 ",4.0,大学外语部,否,,"周二,周四",2009-2010-1,,20091000213A21448,,0,仙林校区,2009-2010学年 第1学期,21448,"仙Ⅱ-418,仙1-420",,否,,,,,,0,大学英语（第三层次A),12,"第3节-第4节,第3节-第4节",仙II区,000213A
64.0,400330,大学英语（第三层次A)(20091-000213A-40),20091000213A21449,,3,,26,"5-18周,5-18周",0,"李寄,刘芳","5-18周 周二 第3节-第4节 仙Ⅱ-419,5-18周 周四 第3节-第4节 仙Ⅱ-508",4.0,大学外语部,否,,"周二,周四",2009-2010-1,,20091000213A21449,,0,仙林校区,2009-2010学年 第1学期,21449,"仙Ⅱ-419,仙Ⅱ-508",,否,,,,,,0,大学英语（第三层次A),12,"第3节-第4节,第3节-第4节",仙II区,000213A
64.0,400330,大学英语（第三层次A)(20091-000213A-41),20091000213A21450,,3,,26,"5-18周,5-18周",0,"王颖,傅俭","5-18周 周二 第3节-第4节 仙Ⅱ-514,5-18周 周四 第3节-第4节 ",4.0,大学外语部,否,,"周二,周四",2009-2010-1,,20091000213A21450,,0,仙林校区,2009-2010学年 第1学期,21450,"仙Ⅱ-514,仙1-304",,否,,,,,,0,大学英语（第三层次A),12,"第3节-第4节,第3节-第4节",仙II区,000213A
64.0,400330,大学英语（第三层次A)(20091-000213A-42),20091000213A21451,,3,,27,"5-18周,5-18周",0,"刘芳,张丽萍","5-18周 周二 第3节-第4节 ,5-18周 周四 第3节-第4节 仙Ⅱ-413",4.0,大学外语部,否,,"周四,周二",2009-2010-1,,20091000213A21451,,0,仙林校区,2009-2010学年 第1学期,21451,"仙Ⅱ-413,仙1-419",,否,,,,,,0,大学英语（第三层次A),12,"第3节-第4节,第3节-第4节",仙II区,000213A
64.0,400330,大学英语（第三层次A)(20091-000213A-43),20091000213A21452,,3,,26,"5-18周,5-18周",0,"王银萍,冯晓佳","5-18周 周二 第3节-第4节 ,5-18周 周四 第3节-第4节 仙Ⅱ-414",4.0,大学外语部,否,,"周四,周二",2009-2010-1,,20091000213A21452,,0,仙林校区,2009-2010学年 第1学期,21452,"仙Ⅱ-414,仙1-420",,否,,,,,,0,大学英语（第三层次A),12,"第3节-第4节,第3节-第4节",仙II区,000213A
64.0,400330,大学英语（第三层次A)(20091-000213A-44),20091000213A21453,,3,,25,"5-18周,5-18周",0,"余芳,程苏婉","5-18周 周二 第3节-第4节 仙Ⅱ-401,5-18周 周四 第3节-第4节 仙Ⅱ-416",4.0,大学外语部,否,,"周四,周二",2009-2010-1,,20091000213A21453,,0,仙林校区,2009-2010学年 第1学期,21453,"仙Ⅱ-416,仙Ⅱ-401",,否,,,,,,0,大学英语（第三层次A),12,"第3节-第4节,第3节-第4节",仙II区,000213A
64.0,400330,大学英语（第三层次A)(20091-000213A-45),20091000213A21454,,3,,38,"5-18周,5-18周",0,"张晓红,耿华","5-18周 周二 第3节-第4节 ,5-18周 周四 第3节-第4节 仙Ⅱ-417",4.0,大学外语部,否,,"周四,周二",2009-2010-1,,20091000213A21454,,0,仙林校区,2009-2010学年 第1学期,21454,"仙Ⅱ-417,仙1-301",,否,,,,,,0,大学英语（第三层次A),12,"第3节-第4节,第3节-第4节",仙II区,000213A
64.0,400330,大学英语（第三层次A)(20091-000213A-46),20091000213A21455,,3,,37,"5-18周,5-18周",0,"朱雪媛,王志凌","5-18周 周二 第3节-第4节 ,5-18周 周四 第3节-第4节 仙Ⅱ-418",4.0,大学外语部,否,,"周四,周二",2009-2010-1,,20091000213A21455,,0,仙林校区,2009-2010学年 第1学期,21455,"仙Ⅱ-418,仙1-308",,否,,,,,,0,大学英语（第三层次A),12,"第3节-第4节,第3节-第4节",仙II区,000213A
64.0,400330,大学英语（第三层次A)(20091-000213A-47),20091000213A21456,,3,,32,"5-18周,5-18周",0,"刘芳,王银萍","5-18周 周二 第5节-第6节 仙Ⅱ-415,5-18周 周四 第5节-第6节 ",4.0,大学外语部,否,,"周二,周四",2009-2010-1,,20091000213A21456,,0,仙林校区,2009-2010学年 第1学期,21456,"仙Ⅱ-415,仙1-301",,否,,,,,,0,大学英语（第三层次A),12,"第5节-第6节,第5节-第6节",仙II区,000213A
64.0,400330,大学英语（第三层次A)(20091-000213A-48),20091000213A21457,,3,,32,"5-18周,5-18周",0,"丁楠,王志凌","5-18周 周二 第5节-第6节 仙Ⅱ-416,5-18周 周四 第5节-第6节 ",4.0,大学外语部,否,,"周二,周四",2009-2010-1,,20091000213A21457,,0,仙林校区,2009-2010学年 第1学期,21457,"仙Ⅱ-416,仙1-309",,否,,,,,,0,大学英语（第三层次A),12,"第5节-第6节,第5节-第6节",仙II区,000213A
64.0,400330,大学英语（第三层次A)(20091-000213A-49),20091000213A21458,,3,,30,"5-18周,5-18周",0,"王颖,张晓红","5-18周 周二 第5节-第6节 仙Ⅱ-417,5-18周 周四 第5节-第6节 ",4.0,大学外语部,否,,"周二,周四",2009-2010-1,,20091000213A21458,,0,仙林校区,2009-2010学年 第1学期,21458,"仙Ⅱ-417,仙1-420",,否,,,,,,0,大学英语（第三层次A),12,"第5节-第6节,第5节-第6节",仙II区,000213A
64.0,400330,大学英语（第三层次A)(20091-000213A-50),20091000213A21459,,3,,27,"5-18周,5-18周",0,"冯晓佳,李寄","5-18周 周二 第5节-第6节 ,5-18周 周四 第5节-第6节 仙Ⅱ-415",4.0,大学外语部,否,,"周四,周二",2009-2010-1,,20091000213A21459,,0,仙林校区,2009-2010学年 第1学期,21459,"仙Ⅱ-415,仙1-301",,否,,,,,,0,大学英语（第三层次A),12,"第5节-第6节,第5节-第6节",仙II区,000213A
64.0,400330,大学英语（第三层次A)(20091-000213A-51),20091000213A21460,,3,,27,"5-18周,5-18周",0,"余芳,朱雪媛","5-18周 周二 第5节-第6节 ,5-18周 周四 第5节-第6节 仙Ⅱ-416",4.0,大学外语部,否,,"周四,周二",2009-2010-1,,20091000213A21460,,0,仙林校区,2009-2010学年 第1学期,21460,"仙Ⅱ-416,仙1-401",,否,,,,,,0,大学英语（第三层次A),12,"第5节-第6节,第5节-第6节",仙II区,000213A
64.0,400330,大学英语（第三层次A)(20091-000213A-52),20091000213A21461,,3,,37,"5-18周,5-18周",0,"乔丽婷,邵继荣","5-18周 周二 第5节-第6节 ,5-18周 周四 第5节-第6节 仙Ⅱ-414",4.0,大学外语部,否,,"周四,周二",2009-2010-1,,20091000213A21461,,0,仙林校区,2009-2010学年 第1学期,21461,"仙Ⅱ-414,仙1-419",,否,,,,,,0,大学英语（第三层次A),12,"第5节-第6节,第5节-第6节",仙II区,000213A
64.0,400330,大学英语（第三层次A)(20091-000213A-53),20091000213A21462,,3,,36,"5-18周,5-18周",0,"吴耘,王志凌","5-18周 周二 第5节-第6节 ,5-18周 周四 第5节-第6节 仙Ⅱ-417",4.0,大学外语部,否,,"周四,周二",2009-2010-1,,20091000213A21462,,0,仙林校区,2009-2010学年 第1学期,21462,"仙Ⅱ-417,仙1-420",,否,,,,,,0,大学英语（第三层次A),12,"第5节-第6节,第5节-第6节",仙II区,000213A
64.0,400330,大学英语（第三层次A)(20091-000213A-54),20091000213A21463,,3,,28,"5-18周,5-18周",0,"张巧玲,孟蕊","5-18周 周三 第1节-第2节 仙Ⅱ-416,5-18周 周五 第1节-第2节 ",4.0,大学外语部,否,,"周三,周五",2009-2010-1,,20091000213A21463,,0,仙林校区,2009-2010学年 第1学期,21463,"仙Ⅱ-416,仙1-308",,否,,,,,,0,大学英语（第三层次A),12,"第1节-第2节,第1节-第2节",仙II区,000213A
64.0,400330,大学英语（第三层次A)(20091-000213A-55),20091000213A21464,,3,,39,"5-18周,5-18周",0,"乔丽婷,程苏婉","5-18周 周三 第1节-第2节 仙Ⅱ-417,5-18周 周五 第1节-第2节 ",4.0,大学外语部,否,,"周三,周五",2009-2010-1,,20091000213A21464,,0,仙林校区,2009-2010学年 第1学期,21464,"仙Ⅱ-417,仙1-301",,否,,,,,,0,大学英语（第三层次A),12,"第1节-第2节,第1节-第2节",仙II区,000213A
64.0,400330,大学英语（第三层次A)(20091-000213A-56),20091000213A21465,,3,,33,"5-18周,5-18周",0,"黄燕,张巧玲","5-18周 周三 第3节-第4节 仙Ⅱ-415,5-18周 周五 第3节-第4节 ",4.0,大学外语部,否,,"周三,周五",2009-2010-1,,20091000213A21465,,0,仙林校区,2009-2010学年 第1学期,21465,"仙Ⅱ-415,仙1-308",,否,,,,,,0,大学英语（第三层次A),12,"第3节-第4节,第3节-第4节",仙II区,000213A
64.0,400330,大学英语（第三层次A)(20091-000213A-57),20091000213A21466,,3,,34,"5-18周,5-18周",0,"余芳,孟蕊","5-18周 周三 第3节-第4节 仙Ⅱ-416,5-18周 周五 第3节-第4节 ",4.0,大学外语部,否,,"周三,周五",2009-2010-1,,20091000213A21466,,0,仙林校区,2009-2010学年 第1学期,21466,"仙Ⅱ-416,仙1-419",,否,,,,,,0,大学英语（第三层次A),12,"第3节-第4节,第3节-第4节",仙II区,000213A
64.0,400330,大学英语（第三层次A)(20091-000213A-58),20091000213A21467,,3,,34,"5-18周,5-18周",0,"乔丽婷,程苏婉","5-18周 周三 第3节-第4节 仙Ⅱ-417,5-18周 周五 第3节-第4节 ",4.0,大学外语部,否,,"周三,周五",2009-2010-1,,20091000213A21467,,0,仙林校区,2009-2010学年 第1学期,21467,"仙Ⅱ-417,仙1-420",,否,,,,,,0,大学英语（第三层次A),12,"第3节-第4节,第3节-第4节",仙II区,000213A
64.0,400330,大学英语（第三层次A)(20091-000213A-59),20091000213A21468,,3,,26,"5-18周,5-18周",0,"张巧玲,黄燕","5-18周 周三 第5节-第6节 仙Ⅱ-419,5-18周 周五 第5节-第6节 ",4.0,大学外语部,否,,"周三,周五",2009-2010-1,,20091000213A21468,,0,仙林校区,2009-2010学年 第1学期,21468,"仙Ⅱ-419,仙1-301",,否,,,,,,0,大学英语（第三层次A),12,"第5节-第6节,第5节-第6节",仙II区,000213A
64.0,400330,大学英语（第三层次A)(20091-000213A-60),20091000213A21469,,3,,26,"5-18周,5-18周",0,"乔丽婷,沈蕾","5-18周 周三 第5节-第6节 仙Ⅱ-407,5-18周 周五 第5节-第6节 ",4.0,大学外语部,否,,"周三,周五",2009-2010-1,,20091000213A21469,,0,仙林校区,2009-2010学年 第1学期,21469,"仙Ⅱ-407,仙1-419",,否,,,,,,0,大学英语（第三层次A),12,"第5节-第6节,第5节-第6节",仙II区,000213A
64.0,400330,大学英语（第三层次A)(20091-000213A-61),20091000213A21470,,3,,26,"5-18周,5-18周",0,"程苏婉,王志凌","5-18周 周三 第5节-第6节 仙Ⅱ-410,5-18周 周五 第5节-第6节 ",4.0,大学外语部,否,,"周三,周五",2009-2010-1,,20091000213A21470,,0,仙林校区,2009-2010学年 第1学期,21470,"仙Ⅱ-410,仙1-420",,否,,,,,,0,大学英语（第三层次A),12,"第5节-第6节,第5节-第6节",仙II区,000213A
64.0,400330,大学英语（第三层次A)(20091-000213A-62),20091000213A21475,,3,,22,"5-18周,5-18周",0,"张晓红,耿华","5-18周 周二 第1节-第2节 ,5-18周 周四 第1节-第2节 仙Ⅱ-415",4.0,大学外语部,否,,"周四,周二",2009-2010-1,,20091000213A21475,,0,仙林校区,2009-2010学年 第1学期,21475,"仙Ⅱ-415,仙1-419",,否,,,,,,0,大学英语（第三层次A),12,"第1节-第2节,第1节-第2节",仙II区,000213A
48.0,400151,大学计算机信息技术（一）(20091-000311-1),2009100031120130,,3,,138,"4-18周,4-18周",0,潘亦,"4-18周 周一 第1节-第2节 仙Ⅱ-505,4-18周 周二 第3节-第4节 仙Ⅱ-505",3.0,大学计算机基础教学部,否,,"周一,周二",2009-2010-1,,2009100031120130,"2009新闻传播学院新闻传播学类,2009海外教育学院对外汉语",0,仙林校区,2009-2010学年 第1学期,20130,"仙Ⅱ-505,仙Ⅱ-505",,否,,,,,,0,大学计算机信息技术（一）,12,"第1节-第2节,第3节-第4节",仙II区,000311
48.0,400151,大学计算机信息技术（一）(20091-000311-2),2009100031120142,,3,,137,"4-18周,4-18周",0,金莹,"4-18周 周四 第1节-第2节 仙Ⅰ-207,4-18周 周五 第5节-第6节 仙Ⅰ-207",3.0,大学计算机基础教学部,否,,"周四,周五",2009-2010-1,,2009100031120142,,0,仙林校区,2009-2010学年 第1学期,20142,"仙Ⅰ-207,仙Ⅰ-207",,否,,,,,,0,大学计算机信息技术（一）,11,"第1节-第2节,第5节-第6节",仙I区,000311
32.0,400151,大学计算机信息技术（二）(20091-000312-1),2009100031220144,,3,,169,"5-17周(单),8-18周",0,陶烨,"5-17周(单) 周二 第1节-第2节 图书馆126,8-18周 周五 第5节-第6节 图书馆126",2.0,大学计算机基础教学部,否,,"周二,周五",2009-2010-1,,2009100031220144,2009文学院戏剧影视文学,0,仙林校区,2009-2010学年 第1学期,20144,"图书馆126,图书馆126",,否,,,,,,0,大学计算机信息技术（二）,18,"第1节-第2节,第5节-第6节",图书馆,000312
32.0,400151,大学计算机信息技术（二）(20091-000312-2),2009100031220149,,3,,193,"4-18周,5-17周(单)",0,张洁,"4-18周 周一 第1节-第2节 仙Ⅰ-107,5-17周(单) 周五 第1节-第2节 图书馆125",2.0,大学计算机基础教学部,否,,"周一,周五",2009-2010-1,,2009100031220149,,0,仙林校区,2009-2010学年 第1学期,20149,"仙Ⅰ-107,无",,否,,,,,,0,大学计算机信息技术（二）,11,"第1节-第2节,第1节-第2节",仙I区,000312
32.0,400151,大学计算机信息技术（二）(20091-000312-3),2009100031220150,,3,,193,"4-18周,5-17周(单)",0,张洁,"4-18周 周一 第3节-第4节 仙Ⅰ-107,5-17周(单) 周五 第3节-第4节 仙Ⅰ-207",2.0,大学计算机基础教学部,否,,"周一,周五",2009-2010-1,,2009100031220150,,0,仙林校区,2009-2010学年 第1学期,20150,"仙Ⅰ-107,仙Ⅰ-207",,否,,,,,,0,大学计算机信息技术（二）,11,"第3节-第4节,第3节-第4节",仙I区,000312
32.0,400151,大学计算机信息技术（二）(20091-000312-4),2009100031220151,,3,,249,"4-18周,5-17周(单)",0,张萍,"5-17周(单) 周四 第1节-第2节 仙Ⅱ-122,4-18周 周三 第3节-第4节 仙Ⅱ-122",2.0,大学计算机基础教学部,否,,"周三,周四",2009-2010-1,,2009100031220151,,0,仙林校区,2009-2010学年 第1学期,20151,"仙Ⅱ-122,仙Ⅱ-122",,否,,,,,,0,大学计算机信息技术（二）,12,"第3节-第4节,第1节-第2节",仙II区,000312
32.0,400151,大学计算机信息技术（二）(20091-000312-5),2009100031220152,,3,,116,"4-18周,5-17周(单)",0,张萍,"4-18周 周五 第3节-第4节 仙Ⅱ-122,5-17周(单) 周二 第7节-第8节 仙Ⅱ-503",2.0,大学计算机基础教学部,否,,"周五,周二",2009-2010-1,,2009100031220152,,0,仙林校区,2009-2010学年 第1学期,20152,"仙Ⅱ-122,仙Ⅱ-503",,否,,,,,,0,大学计算机信息技术（二）,12,"第3节-第4节,第7节-第8节",仙II区,000312
32.0,400151,大学计算机信息技术（二）(20091-000312-6),2009100031220153,,3,,208,"5-17周(单),4-18周",0,潘亦,"5-17周(单) 周二 第1节-第2节 二食堂206,4-18周 周四 第7节-第8节 二食堂206",2.0,大学计算机基础教学部,否,,"周二,周四",2009-2010-1,,2009100031220153,,0,仙林校区,2009-2010学年 第1学期,20153,"二食堂206,二食堂206",,否,,,,,,0,大学计算机信息技术（二）,19,"第1节-第2节,第7节-第8节",二食堂,000312
32.0,400151,大学计算机信息技术（二）(20091-000312-7),2009100031220154,,3,,187,"4-18周,5-17周(单)",0,黄达明,"5-17周(单) 周四 第1节-第2节 仙Ⅰ-320,4-18周 周二 第3节-第4节 仙Ⅰ-320",2.0,大学计算机基础教学部,否,,"周二,周四",2009-2010-1,,2009100031220154,2009生命科学学院生物科学类,0,仙林校区,2009-2010学年 第1学期,20154,"仙Ⅰ-320,仙Ⅰ-320",,否,,,,,,0,大学计算机信息技术（二）,11,"第3节-第4节,第1节-第2节",仙I区,000312
32.0,400151,大学计算机信息技术（二）(20091-000312-8),2009100031220155,,3,,197,"5-17周(单),4-18周",0,张莉,"4-18周 周三 第1节-第2节 仙Ⅱ-207,5-17周(单) 周二 第1节-第2节 仙Ⅱ-207",2.0,大学计算机基础教学部,否,,"周二,周三",2009-2010-1,,2009100031220155,"2009外国语学院英语,2009外国语学院朝鲜语,2009外国语学院英语(国际商务方向),2009外国语学院西班牙语,2009外国语学院德语,2009外国语学院法语,2009外国语学院日语,2009外国语学院俄语",0,仙林校区,2009-2010学年 第1学期,20155,"仙Ⅱ-207,仙Ⅱ-207",,否,,,,,,0,大学计算机信息技术（二）,12,"第1节-第2节,第1节-第2节",仙II区,000312
32.0,400151,大学计算机信息技术（二）(20091-000312-9),2009100031220156,,3,,211,"4-18周,5-17周(单)",0,金莹,"4-18周 周四 第3节-第4节 仙Ⅱ-122,5-17周(单) 周四 第5节-第6节 仙Ⅱ-122",2.0,大学计算机基础教学部,否,,"周四,周四",2009-2010-1,,2009100031220156,,0,仙林校区,2009-2010学年 第1学期,20156,"仙Ⅱ-122,仙Ⅱ-122",,否,,,,,,0,大学计算机信息技术（二）,12,"第3节-第4节,第5节-第6节",仙II区,000312
32.0,400151,大学计算机信息技术（二）(20091-000312-10),2009100031220157,,3,,235,"5-17周(单),4-18周",0,张莉,"4-18周 周三 第3节-第4节 仙Ⅰ-106,5-17周(单) 周二 第3节-第4节 仙Ⅰ-106",2.0,大学计算机基础教学部,否,,"周二,周三",2009-2010-1,,2009100031220157,"2009物理学院物理基地,2009匡亚明学院理强（数理方向）,2009匡亚明学院理科强化班",0,仙林校区,2009-2010学年 第1学期,20157,"仙Ⅰ-106,仙Ⅰ-106",,否,,,,,,0,大学计算机信息技术（二）,11,"第3节-第4节,第3节-第4节",仙I区,000312
32.0,400151,大学计算机信息技术（二）(20091-000312-11),2009100031220158,,3,,197,"5-17周(单),4-18周",0,陶烨,"4-18周 周五 第3节-第4节 图书馆125,5-17周(单) 周二 第3节-第4节 图书馆125",2.0,大学计算机基础教学部,否,,"周二,周五",2009-2010-1,,2009100031220158,"2009化学学院化学(基地),2009生命科学学院生物科学（基地）",0,仙林校区,2009-2010学年 第1学期,20158,"无,无",,否,,,,,,0,大学计算机信息技术（二）,,"第3节-第4节,第3节-第4节",,000312
32.0,400151,大学计算机信息技术（二）(20091-000312-12),2009100031220159,,3,,186,"4-18周,5-17周(单)",0,黄达明,"4-18周 周二 第1节-第2节 图书馆125,5-17周(单) 周四 第3节-第4节 图书馆125",2.0,大学计算机基础教学部,否,,"周二,周四",2009-2010-1,,2009100031220159,2009文学院汉语言文学（拔尖计划）,0,仙林校区,2009-2010学年 第1学期,20159,"无,无",,否,,,,,,0,大学计算机信息技术（二）,,"第1节-第2节,第3节-第4节",,000312
32.0,400151,大学计算机应用（一）(20091-000321-1),2009100032120136,,3,,138,4-18周,0,潘亦,4-18周 周四 第3节-第4节 ,2.0,大学计算机基础教学部,否,,周四,2009-2010-1,,2009100032120136,"2009新闻传播学院新闻传播学类,2009海外教育学院对外汉语",0,仙林校区,2009-2010学年 第1学期,20136,乙107,,否,,,,,,0,大学计算机应用（一）,,第3节-第4节,,000321
32.0,400151,大学计算机应用（一）(20091-000321-2),2009100032120139,,3,,137,4-17周,0,金莹,4-17周 周五 第7节-第8节 ,2.0,大学计算机基础教学部,否,,周五,2009-2010-1,,2009100032120139,,0,仙林校区,2009-2010学年 第1学期,20139,乙107、乙109,,否,,,,,,0,大学计算机应用（一）,,第7节-第8节,,000321
32.0,400151,大学计算机应用（一）(20091-000321-3),2009100032120163,,3,,169,4-18周,0,陶烨,4-18周 周五 第7节-第8节 ,2.0,大学计算机基础教学部,否,,周五,2009-2010-1,,2009100032120163,2009文学院戏剧影视文学,0,仙林校区,2009-2010学年 第1学期,20163,乙110、乙112、乙113,,否,,,,,,0,大学计算机应用（一）,,第7节-第8节,,000321
32.0,400151,大学计算机应用（一）(20091-000321-4),2009100032120164,,3,,193,4-18周,0,张洁,4-18周 周一 第5节-第6节 ,2.0,大学计算机基础教学部,否,,周一,2009-2010-1,,2009100032120164,,0,仙林校区,2009-2010学年 第1学期,20164,乙107、乙109,,否,,,,,,0,大学计算机应用（一）,,第5节-第6节,,000321
32.0,400151,大学计算机应用（一）(20091-000321-5),2009100032120165,,3,,193,4-18周,0,张洁,4-18周 周一 第7节-第8节 ,2.0,大学计算机基础教学部,否,,周一,2009-2010-1,,2009100032120165,,0,仙林校区,2009-2010学年 第1学期,20165,乙107、乙109,,否,,,,,,0,大学计算机应用（一）,,第7节-第8节,,000321
32.0,400151,大学计算机应用（一）(20091-000321-6),2009100032120166,,3,,249,4-18周,0,张萍,4-18周 周三 第5节-第6节 ,2.0,大学计算机基础教学部,否,,周三,2009-2010-1,,2009100032120166,,0,仙林校区,2009-2010学年 第1学期,20166,乙109、乙110、乙111,,否,,,,,,0,大学计算机应用（一）,,第5节-第6节,,000321
32.0,400151,大学计算机应用（一）(20091-000321-7),2009100032120167,,3,,116,4-18周,0,张萍,4-18周 周五 第5节-第6节 ,2.0,大学计算机基础教学部,否,,周五,2009-2010-1,,2009100032120167,,0,仙林校区,2009-2010学年 第1学期,20167,乙109、乙110,,否,,,,,,0,大学计算机应用（一）,,第5节-第6节,,000321
32.0,400151,大学计算机应用（一）(20091-000321-8),2009100032120168,,3,,208,4-18周,0,潘亦,4-18周 周四 第5节-第6节 ,2.0,大学计算机基础教学部,否,,周四,2009-2010-1,,2009100032120168,,0,仙林校区,2009-2010学年 第1学期,20168,乙110、乙113,,否,,,,,,0,大学计算机应用（一）,,第5节-第6节,,000321
16.0,400151,大学计算机应用（二）(20091-000322-1),2009100032220170,,3,,187,5-17周(单),0,黄达明,5-17周(单) 周四 第7节-第8节 ,1.0,大学计算机基础教学部,否,,周四,2009-2010-1,,2009100032220170,2009生命科学学院生物科学类,0,仙林校区,2009-2010学年 第1学期,20170,乙110、乙112、乙113,,否,,,,,,0,大学计算机应用（二）,,第7节-第8节,,000322
16.0,400151,大学计算机应用（二）(20091-000322-2),2009100032220171,,3,,197,5-17周(单),0,张莉,5-17周(单) 周二 第7节-第8节 ,1.0,大学计算机基础教学部,否,,周二,2009-2010-1,,2009100032220171,"2009外国语学院英语,2009外国语学院朝鲜语,2009外国语学院英语(国际商务方向),2009外国语学院西班牙语,2009外国语学院德语,2009外国语学院法语,2009外国语学院日语,2009外国语学院俄语",0,仙林校区,2009-2010学年 第1学期,20171,乙107、乙109,,否,,,,,,0,大学计算机应用（二）,,第7节-第8节,,000322
16.0,400151,大学计算机应用（二）(20091-000322-3),2009100032220172,,3,,211,5-17周(单),0,金莹,5-17周(单) 周四 第7节-第8节 ,1.0,大学计算机基础教学部,否,,周四,2009-2010-1,,2009100032220172,,0,仙林校区,2009-2010学年 第1学期,20172,乙101、乙107、乙109,,否,,,,,,0,大学计算机应用（二）,,第7节-第8节,,000322
16.0,400151,大学计算机应用（二）(20091-000322-4),2009100032220173,,3,,235,5-17周(单),0,张莉,5-17周(单) 周二 第5节-第6节 ,1.0,大学计算机基础教学部,否,,周二,2009-2010-1,,2009100032220173,"2009物理学院物理基地,2009匡亚明学院理强（数理方向）,2009匡亚明学院理科强化班",0,仙林校区,2009-2010学年 第1学期,20173,乙101、乙107、乙109,,否,,,,,,0,大学计算机应用（二）,,第5节-第6节,,000322
16.0,400151,大学计算机应用（二）(20091-000322-5),2009100032220174,,3,,197,5-17周(单),0,陶烨,5-17周(单) 周二 第5节-第6节 ,1.0,大学计算机基础教学部,否,,周二,2009-2010-1,,2009100032220174,"2009化学学院化学(基地),2009生命科学学院生物科学（基地）",0,仙林校区,2009-2010学年 第1学期,20174,乙110、乙112、乙113,,否,,,,,,0,大学计算机应用（二）,,第5节-第6节,,000322
16.0,400151,大学计算机应用（二）(20091-000322-6),2009100032220175,,3,,186,5-17周(单),0,黄达明,5-17周(单) 周四 第5节-第6节 ,1.0,大学计算机基础教学部,否,,周四,2009-2010-1,,2009100032220175,2009文学院汉语言文学（拔尖计划）,0,仙林校区,2009-2010学年 第1学期,20175,乙107、乙109,,否,,,,,,0,大学计算机应用（二）,,第5节-第6节,,000322
16.0,400340,大学体育（一）(20091-000410A-1),2009100041019334,,3,,238,1-18周,0,,1-18周 周一 第1节-第2节 ,1.0,体育部,否,,周一,2009-2010-1,,2009100041019334,"2009物理学院物理学类,2009生命科学学院生物科学类",0,仙林校区,2009-2010学年 第1学期,19334,无,,否,,,,,,0,体育,,第1节-第2节,,000410
16.0,400340,大学体育（一）(20091-000410A-2),2009100041019358,,3,,400,1-18周,0,,1-18周 周一 第3节-第4节 ,1.0,体育部,否,,周一,2009-2010-1,,2009100041019358,"2009物理学院物理基地,2009匡亚明学院理强（数理方向）,2009匡亚明学院理科强化班,2009生命科学学院生物科学（基地）,2009化学学院化学(基地)",0,仙林校区,2009-2010学年 第1学期,19358,无,,否,,,,,,0,体育,,第3节-第4节,,000410
16.0,400340,大学体育（一）(20091-000410A-3),2009100041019361,,3,,283,1-18周,0,,1-18周 周一 第5节-第6节 ,1.0,体育部,否,,周一,2009-2010-1,,2009100041019361,"2009文学院汉语言文学（拔尖计划）,2009匡亚明学院应用文科强化班",0,仙林校区,2009-2010学年 第1学期,19361,无,,否,,,,,,0,体育,,第5节-第6节,,000410
16.0,400340,大学体育（一）(20091-000410A-4),2009100041019369,,3,,452,1-18周,0,,1-18周 周三 第1节-第2节 ,1.0,体育部,否,,周三,2009-2010-1,,2009100041019369,"2009新闻传播学院新闻传播学类,2009电子科学与工程学院电子信息科学与技术",0,仙林校区,2009-2010学年 第1学期,19369,无,,否,,,,,,0,体育,,第1节-第2节,,000410
16.0,400340,大学体育（一）(20091-000410A-5),2009100041019371,,3,,189,1-18周,0,,1-18周 周三 第3节-第4节 ,1.0,体育部,否,,周三,2009-2010-1,,2009100041019371,2009数学学院数学类,0,仙林校区,2009-2010学年 第1学期,19371,无,,否,,,,,,0,体育,,第3节-第4节,,000410
16.0,400340,大学体育（一）(20091-000410A-6),2009100041019372,,3,,273,1-18周,0,,1-18周 周三 第5节-第6节 ,1.0,体育部,否,,周三,2009-2010-1,,2009100041019372,"2009文学院戏剧影视文学,2009外国语学院朝鲜语,2009外国语学院英语(国际商务方向),2009外国语学院西班牙语,2009外国语学院德语,2009外国语学院法语,2009外国语学院日语,2009外国语学院俄语,2009外国语学院英语",0,仙林校区,2009-2010学年 第1学期,19372,无,,否,,,,,,0,体育,,第5节-第6节,,000410
16.0,400340,大学体育（一）(20091-000410A-7),2009100041019401,,3,,135,1-18周,0,,1-18周 周五 第1节-第2节 ,1.0,体育部,否,,周五,2009-2010-1,,2009100041019401,2009计算机学院计算机科学类,0,仙林校区,2009-2010学年 第1学期,19401,无,,否,,,,,,0,体育,,第1节-第2节,,000410
16.0,400340,大学体育（一）(20091-000410A-8),2009100041019403,,3,,76,1-18周,0,,1-18周 周五 第3节-第4节 ,1.0,体育部,否,,周五,2009-2010-1,,2009100041019403,2009软件学院软件学类,0,仙林校区,2009-2010学年 第1学期,19403,无,,否,,,,,,0,体育,,第3节-第4节,,000410
16.0,400340,基础课1,20091000410A21516,,3,,33,1-18周,0,沈乐群,1-18周 周一 第1节-第2节 ,1.0,体育部,否,,周一,2009-2010-1,,20091000410A21516,,0,仙林校区,2009-2010学年 第1学期,21516,无,,否,,,,,,0,体育（一）,,第1节-第2节,,000410A
16.0,400340,基础课2,20091000410A21517,,3,,36,1-18周,0,王成,1-18周 周一 第1节-第2节 ,1.0,体育部,否,,周一,2009-2010-1,,20091000410A21517,,0,仙林校区,2009-2010学年 第1学期,21517,无,,否,,,,,,0,体育（一）,,第1节-第2节,,000410A
16.0,400340,基础课3,20091000410A21518,,3,,31,1-18周,0,李波,1-18周 周一 第1节-第2节 ,1.0,体育部,否,,周一,2009-2010-1,,20091000410A21518,,0,仙林校区,2009-2010学年 第1学期,21518,无,,否,,,,,,0,体育（一）,,第1节-第2节,,000410A
16.0,400340,基础课4,20091000410A21519,,3,,31,1-18周,0,陈刚,1-18周 周一 第1节-第2节 ,1.0,体育部,否,,周一,2009-2010-1,,20091000410A21519,,0,仙林校区,2009-2010学年 第1学期,21519,无,,否,,,,,,0,体育（一）,,第1节-第2节,,000410A
16.0,400340,基础课5,20091000410A21520,,3,,32,1-18周,0,王喆,1-18周 周一 第1节-第2节 ,1.0,体育部,否,,周一,2009-2010-1,,20091000410A21520,,0,仙林校区,2009-2010学年 第1学期,21520,无,,否,,,,,,0,体育（一）,,第1节-第2节,,000410A
16.0,400340,基础课6,20091000410A21521,,3,,31,1-18周,0,罗卫民,1-18周 周一 第1节-第2节 ,1.0,体育部,否,,周一,2009-2010-1,,20091000410A21521,,0,仙林校区,2009-2010学年 第1学期,21521,无,,否,,,,,,0,体育（一）,,第1节-第2节,,000410A
16.0,400340,基础课7,20091000410A21522,,3,,35,1-18周,0,翟一飞,1-18周 周一 第1节-第2节 ,1.0,体育部,否,,周一,2009-2010-1,,20091000410A21522,,0,仙林校区,2009-2010学年 第1学期,21522,无,,否,,,,,,0,体育（一）,,第1节-第2节,,000410A
16.0,400340,基础课8,20091000410A21523,,3,,31,1-18周,0,吴明,1-18周 周一 第1节-第2节 ,1.0,体育部,否,,周一,2009-2010-1,,20091000410A21523,,0,仙林校区,2009-2010学年 第1学期,21523,无,,否,,,,,,0,体育（一）,,第1节-第2节,,000410A
16.0,400340,基础课9,20091000410A21524,,3,,33,1-18周,0,殷晓霞,1-18周 周一 第1节-第2节 ,1.0,体育部,否,,周一,2009-2010-1,,20091000410A21524,,0,仙林校区,2009-2010学年 第1学期,21524,无,,否,,,,,,0,体育（一）,,第1节-第2节,,000410A
16.0,400340,基础课10,20091000410A21525,,3,,36,1-18周,0,孙雯,1-18周 周一 第1节-第2节 ,1.0,体育部,否,,周一,2009-2010-1,,20091000410A21525,,0,仙林校区,2009-2010学年 第1学期,21525,无,,否,,,,,,0,体育（一）,,第1节-第2节,,000410A
16.0,400340,基础课11,20091000410A21526,,3,,37,1-18周,0,问梅,1-18周 周一 第1节-第2节 ,1.0,体育部,否,,周一,2009-2010-1,,20091000410A21526,,0,仙林校区,2009-2010学年 第1学期,21526,无,,否,,,,,,0,体育（一）,,第1节-第2节,,000410A
16.0,400340,基础课12,20091000410A21527,,3,,36,1-18周,0,姜艳,1-18周 周一 第1节-第2节 ,1.0,体育部,否,,周一,2009-2010-1,,20091000410A21527,,0,仙林校区,2009-2010学年 第1学期,21527,无,,否,,,,,,0,体育（一）,,第1节-第2节,,000410A
16.0,400340,基础课13,20091000410A21528,,3,,36,1-18周,0,王慧,1-18周 周一 第1节-第2节 ,1.0,体育部,否,,周一,2009-2010-1,,20091000410A21528,,0,仙林校区,2009-2010学年 第1学期,21528,无,,否,,,,,,0,体育（一）,,第1节-第2节,,000410A
16.0,400340,基础课14,20091000410A21529,,3,,38,1-18周,0,谭琳,1-18周 周一 第3节-第4节 ,1.0,体育部,否,,周一,2009-2010-1,,20091000410A21529,,0,仙林校区,2009-2010学年 第1学期,21529,无,,否,,,,,,0,体育（一）,,第3节-第4节,,000410A
16.0,400340,基础课15,20091000410A21530,,3,,35,1-18周,0,沈乐群,1-18周 周一 第3节-第4节 ,1.0,体育部,否,,周一,2009-2010-1,,20091000410A21530,,0,仙林校区,2009-2010学年 第1学期,21530,无,,否,,,,,,0,体育（一）,,第3节-第4节,,000410A
16.0,400340,基础课16,20091000410A21531,,3,,34,1-18周,0,王成,1-18周 周一 第3节-第4节 ,1.0,体育部,否,,周一,2009-2010-1,,20091000410A21531,,0,仙林校区,2009-2010学年 第1学期,21531,无,,否,,,,,,0,体育（一）,,第3节-第4节,,000410A
16.0,400340,基础课17,20091000410A21532,,3,,34,1-18周,0,李波,1-18周 周一 第3节-第4节 ,1.0,体育部,否,,周一,2009-2010-1,,20091000410A21532,,0,仙林校区,2009-2010学年 第1学期,21532,无,,否,,,,,,0,体育（一）,,第3节-第4节,,000410A
16.0,400340,基础课18,20091000410A21533,,3,,32,1-18周,0,陈刚,1-18周 周一 第3节-第4节 ,1.0,体育部,否,,周一,2009-2010-1,,20091000410A21533,,0,仙林校区,2009-2010学年 第1学期,21533,无,,否,,,,,,0,体育（一）,,第3节-第4节,,000410A
16.0,400340,基础课19,20091000410A21534,,3,,34,1-18周,0,王喆,1-18周 周一 第3节-第4节 ,1.0,体育部,否,,周一,2009-2010-1,,20091000410A21534,,0,仙林校区,2009-2010学年 第1学期,21534,无,,否,,,,,,0,体育（一）,,第3节-第4节,,000410A
16.0,400340,基础课20,20091000410A21535,,3,,33,1-18周,0,罗卫民,1-18周 周一 第3节-第4节 ,1.0,体育部,否,,周一,2009-2010-1,,20091000410A21535,,0,仙林校区,2009-2010学年 第1学期,21535,无,,否,,,,,,0,体育（一）,,第3节-第4节,,000410A
16.0,400340,基础课21,20091000410A21536,,3,,34,1-18周,0,翟一飞,1-18周 周一 第3节-第4节 ,1.0,体育部,否,,周一,2009-2010-1,,20091000410A21536,,0,仙林校区,2009-2010学年 第1学期,21536,无,,否,,,,,,0,体育（一）,,第3节-第4节,,000410A
16.0,400340,基础课22,20091000410A21537,,3,,33,1-18周,0,吴明,1-18周 周一 第3节-第4节 ,1.0,体育部,否,,周一,2009-2010-1,,20091000410A21537,,0,仙林校区,2009-2010学年 第1学期,21537,无,,否,,,,,,0,体育（一）,,第3节-第4节,,000410A
16.0,400340,基础课23,20091000410A21538,,3,,33,1-18周,0,姜艳,1-18周 周一 第3节-第4节 ,1.0,体育部,否,,周一,2009-2010-1,,20091000410A21538,,0,仙林校区,2009-2010学年 第1学期,21538,无,,否,,,,,,0,体育（一）,,第3节-第4节,,000410A
16.0,400340,基础课24,20091000410A21539,,3,,34,1-18周,0,王慧,1-18周 周一 第3节-第4节 ,1.0,体育部,否,,周一,2009-2010-1,,20091000410A21539,,0,仙林校区,2009-2010学年 第1学期,21539,无,,否,,,,,,0,体育（一）,,第3节-第4节,,000410A
16.0,400340,基础课25,20091000410A21540,,3,,36,1-18周,0,孙雯,1-18周 周一 第3节-第4节 ,1.0,体育部,否,,周一,2009-2010-1,,20091000410A21540,,0,仙林校区,2009-2010学年 第1学期,21540,无,,否,,,,,,0,体育（一）,,第3节-第4节,,000410A
16.0,400340,基础课26,20091000410A21541,,3,,41,1-18周,0,问梅,1-18周 周一 第3节-第4节 ,1.0,体育部,否,,周一,2009-2010-1,,20091000410A21541,,0,仙林校区,2009-2010学年 第1学期,21541,无,,否,,,,,,0,体育（一）,,第3节-第4节,,000410A
16.0,400340,基础课27,20091000410A21542,,3,,34,1-18周,0,殷晓霞,1-18周 周一 第3节-第4节 ,1.0,体育部,否,,周一,2009-2010-1,,20091000410A21542,,0,仙林校区,2009-2010学年 第1学期,21542,无,,否,,,,,,0,体育（一）,,第3节-第4节,,000410A
16.0,400340,基础课28,20091000410A21543,,3,,37,1-18周,0,谭琳,1-18周 周一 第3节-第4节 ,1.0,体育部,否,,周一,2009-2010-1,,20091000410A21543,,0,仙林校区,2009-2010学年 第1学期,21543,无,,否,,,,,,0,体育（一）,,第3节-第4节,,000410A
16.0,400340,基础课29,20091000410A21544,,3,,35,1-18周,0,沈乐群,1-18周 周一 第5节-第6节 ,1.0,体育部,否,,周一,2009-2010-1,,20091000410A21544,,0,仙林校区,2009-2010学年 第1学期,21544,无,,否,,,,,,0,体育（一）,,第5节-第6节,,000410A
16.0,400340,基础课30,20091000410A21545,,3,,35,1-18周,0,程涛,1-18周 周一 第5节-第6节 ,1.0,体育部,否,,周一,2009-2010-1,,20091000410A21545,,0,仙林校区,2009-2010学年 第1学期,21545,无,,否,,,,,,0,体育（一）,,第5节-第6节,,000410A
16.0,400340,基础课31,20091000410A21546,,3,,37,1-18周,0,陈刚,1-18周 周一 第5节-第6节 ,1.0,体育部,否,,周一,2009-2010-1,,20091000410A21546,,0,仙林校区,2009-2010学年 第1学期,21546,无,,否,,,,,,0,体育（一）,,第5节-第6节,,000410A
16.0,400340,基础课32,20091000410A21547,,3,,35,1-18周,0,王喆,1-18周 周一 第5节-第6节 ,1.0,体育部,否,,周一,2009-2010-1,,20091000410A21547,,0,仙林校区,2009-2010学年 第1学期,21547,无,,否,,,,,,0,体育（一）,,第5节-第6节,,000410A
16.0,400340,基础课33,20091000410A21548,,3,,40,1-18周,0,翟一飞,1-18周 周一 第5节-第6节 ,1.0,体育部,否,,周一,2009-2010-1,,20091000410A21548,,0,仙林校区,2009-2010学年 第1学期,21548,无,,否,,,,,,0,体育（一）,,第5节-第6节,,000410A
16.0,400340,基础课34,20091000410A21549,,3,,36,1-18周,0,吴明,1-18周 周一 第5节-第6节 ,1.0,体育部,否,,周一,2009-2010-1,,20091000410A21549,,0,仙林校区,2009-2010学年 第1学期,21549,无,,否,,,,,,0,体育（一）,,第5节-第6节,,000410A
16.0,400340,基础课35,20091000410A21550,,3,,35,1-18周,0,孙雯,1-18周 周一 第5节-第6节 ,1.0,体育部,否,,周一,2009-2010-1,,20091000410A21550,,0,仙林校区,2009-2010学年 第1学期,21550,无,,否,,,,,,0,体育（一）,,第5节-第6节,,000410A
16.0,400340,基础课36,20091000410A21551,,3,,36,1-18周,0,问梅,1-18周 周一 第5节-第6节 ,1.0,体育部,否,,周一,2009-2010-1,,20091000410A21551,,0,仙林校区,2009-2010学年 第1学期,21551,无,,否,,,,,,0,体育（一）,,第5节-第6节,,000410A
16.0,400340,基础课37,20091000410A21552,,3,,37,1-18周,0,姜艳,1-18周 周一 第5节-第6节 ,1.0,体育部,否,,周一,2009-2010-1,,20091000410A21552,,0,仙林校区,2009-2010学年 第1学期,21552,无,,否,,,,,,0,体育（一）,,第5节-第6节,,000410A
16.0,400340,基础课38,20091000410A21553,,3,,36,1-18周,0,王慧,1-18周 周一 第5节-第6节 ,1.0,体育部,否,,周一,2009-2010-1,,20091000410A21553,,0,仙林校区,2009-2010学年 第1学期,21553,无,,否,,,,,,0,体育（一）,,第5节-第6节,,000410A
16.0,400340,基础课39,20091000410A21554,,3,,35,1-18周,0,殷晓霞,1-18周 周一 第5节-第6节 ,1.0,体育部,否,,周一,2009-2010-1,,20091000410A21554,,0,仙林校区,2009-2010学年 第1学期,21554,无,,否,,,,,,0,体育（一）,,第5节-第6节,,000410A
16.0,400340,基础课40,20091000410A21555,,3,,35,1-18周,0,谭琳,1-18周 周一 第5节-第6节 ,1.0,体育部,否,,周一,2009-2010-1,,20091000410A21555,,0,仙林校区,2009-2010学年 第1学期,21555,无,,否,,,,,,0,体育（一）,,第5节-第6节,,000410A
16.0,400340,基础课41,20091000410A21556,,3,,36,1-18周,0,李波,1-18周 周一 第5节-第6节 ,1.0,体育部,否,,周一,2009-2010-1,,20091000410A21556,,0,仙林校区,2009-2010学年 第1学期,21556,无,,否,,,,,,0,体育（一）,,第5节-第6节,,000410A
16.0,400340,基础课42,20091000410A21557,,3,,36,1-18周,0,罗卫民,1-18周 周三 第5节-第6节 ,1.0,体育部,否,,周三,2009-2010-1,,20091000410A21557,,0,仙林校区,2009-2010学年 第1学期,21557,无,,否,,,,,,0,体育（一）,,第5节-第6节,,000410A
16.0,400340,基础课43,20091000410A21558,,3,,34,1-18周,0,陈朝辉,1-18周 周三 第1节-第2节 ,1.0,体育部,否,,周三,2009-2010-1,,20091000410A21558,,0,仙林校区,2009-2010学年 第1学期,21558,无,,否,,,,,,0,体育（一）,,第1节-第2节,,000410A
16.0,400340,基础课44,20091000410A21559,,3,,35,1-18周,0,夏军,1-18周 周三 第1节-第2节 ,1.0,体育部,否,,周三,2009-2010-1,,20091000410A21559,,0,仙林校区,2009-2010学年 第1学期,21559,无,,否,,,,,,0,体育（一）,,第1节-第2节,,000410A
16.0,400340,基础课45,20091000410A21560,,3,,35,1-18周,0,李波,1-18周 周三 第1节-第2节 ,1.0,体育部,否,,周三,2009-2010-1,,20091000410A21560,,0,仙林校区,2009-2010学年 第1学期,21560,无,,否,,,,,,0,体育（一）,,第1节-第2节,,000410A
16.0,400340,基础课46,20091000410A21561,,3,,34,1-18周,0,陈刚,1-18周 周三 第1节-第2节 ,1.0,体育部,否,,周三,2009-2010-1,,20091000410A21561,,0,仙林校区,2009-2010学年 第1学期,21561,无,,否,,,,,,0,体育（一）,,第1节-第2节,,000410A
16.0,400340,基础课47,20091000410A21562,,3,,35,1-18周,0,王喆,1-18周 周三 第1节-第2节 ,1.0,体育部,否,,周三,2009-2010-1,,20091000410A21562,,0,仙林校区,2009-2010学年 第1学期,21562,无,,否,,,,,,0,体育（一）,,第1节-第2节,,000410A
16.0,400340,基础课48,20091000410A21563,,3,,35,1-18周,0,罗卫民,1-18周 周三 第1节-第2节 ,1.0,体育部,否,,周三,2009-2010-1,,20091000410A21563,,0,仙林校区,2009-2010学年 第1学期,21563,无,,否,,,,,,0,体育（一）,,第1节-第2节,,000410A
16.0,400340,基础课49,20091000410A21564,,3,,35,1-18周,0,翟一飞,1-18周 周三 第1节-第2节 ,1.0,体育部,否,,周三,2009-2010-1,,20091000410A21564,,0,仙林校区,2009-2010学年 第1学期,21564,无,,否,,,,,,0,体育（一）,,第1节-第2节,,000410A
16.0,400340,基础课50,20091000410A21565,,3,,35,1-18周,0,肖鹏,1-18周 周三 第1节-第2节 ,1.0,体育部,否,,周三,2009-2010-1,,20091000410A21565,,0,仙林校区,2009-2010学年 第1学期,21565,无,,否,,,,,,0,体育（一）,,第1节-第2节,,000410A
16.0,400340,基础课51,20091000410A21566,,3,,34,1-18周,0,孙雯,1-18周 周三 第1节-第2节 ,1.0,体育部,否,,周三,2009-2010-1,,20091000410A21566,,0,仙林校区,2009-2010学年 第1学期,21566,无,,否,,,,,,0,体育（一）,,第1节-第2节,,000410A
16.0,400340,基础课52,20091000410A21567,,3,,34,1-18周,0,姜艳,1-18周 周三 第1节-第2节 ,1.0,体育部,否,,周三,2009-2010-1,,20091000410A21567,,0,仙林校区,2009-2010学年 第1学期,21567,无,,否,,,,,,0,体育（一）,,第1节-第2节,,000410A
16.0,400340,基础课53,20091000410A21568,,3,,33,1-18周,0,殷晓霞,1-18周 周三 第1节-第2节 ,1.0,体育部,否,,周三,2009-2010-1,,20091000410A21568,,0,仙林校区,2009-2010学年 第1学期,21568,无,,否,,,,,,0,体育（一）,,第1节-第2节,,000410A
16.0,400340,基础课54,20091000410A21569,,3,,34,1-18周,0,王慧,1-18周 周三 第1节-第2节 ,1.0,体育部,否,,周三,2009-2010-1,,20091000410A21569,,0,仙林校区,2009-2010学年 第1学期,21569,无,,否,,,,,,0,体育（一）,,第1节-第2节,,000410A
16.0,400340,基础课55,20091000410A21570,,3,,33,1-18周,0,高凤华,1-18周 周三 第1节-第2节 ,1.0,体育部,否,,周三,2009-2010-1,,20091000410A21570,,0,仙林校区,2009-2010学年 第1学期,21570,无,,否,,,,,,0,体育（一）,,第1节-第2节,,000410A
16.0,400340,基础课56,20091000410A21571,,3,,34,1-18周,0,吕艳玲,1-18周 周三 第1节-第2节 ,1.0,体育部,否,,周三,2009-2010-1,,20091000410A21571,,0,仙林校区,2009-2010学年 第1学期,21571,无,,否,,,,,,0,体育（一）,,第1节-第2节,,000410A
16.0,400340,基础课57,20091000410A21572,,3,,33,1-18周,0,陈樨,1-18周 周三 第1节-第2节 ,1.0,体育部,否,,周三,2009-2010-1,,20091000410A21572,,0,仙林校区,2009-2010学年 第1学期,21572,无,,否,,,,,,0,体育（一）,,第1节-第2节,,000410A
16.0,400340,基础课58,20091000410A21573,,3,,33,1-18周,0,谢争,1-18周 周三 第1节-第2节 ,1.0,体育部,否,,周三,2009-2010-1,,20091000410A21573,,0,仙林校区,2009-2010学年 第1学期,21573,无,,否,,,,,,0,体育（一）,,第1节-第2节,,000410A
16.0,400340,基础课59,20091000410A21574,,3,,32,1-18周,0,陈朝辉,1-18周 周三 第3节-第4节 ,1.0,体育部,否,,周三,2009-2010-1,,20091000410A21574,,0,仙林校区,2009-2010学年 第1学期,21574,无,,否,,,,,,0,体育（一）,,第3节-第4节,,000410A
16.0,400340,基础课60,20091000410A21575,,3,,32,1-18周,0,夏军,1-18周 周三 第3节-第4节 ,1.0,体育部,否,,周三,2009-2010-1,,20091000410A21575,,0,仙林校区,2009-2010学年 第1学期,21575,无,,否,,,,,,0,体育（一）,,第3节-第4节,,000410A
16.0,400340,基础课61,20091000410A21576,,3,,32,1-18周,0,李波,1-18周 周三 第3节-第4节 ,1.0,体育部,否,,周三,2009-2010-1,,20091000410A21576,,0,仙林校区,2009-2010学年 第1学期,21576,无,,否,,,,,,0,体育（一）,,第3节-第4节,,000410A
16.0,400340,基础课62,20091000410A21577,,3,,32,1-18周,0,陈刚,1-18周 周三 第3节-第4节 ,1.0,体育部,否,,周三,2009-2010-1,,20091000410A21577,,0,仙林校区,2009-2010学年 第1学期,21577,无,,否,,,,,,0,体育（一）,,第3节-第4节,,000410A
16.0,400340,基础课63,20091000410A21578,,3,,32,1-18周,0,王喆,1-18周 周三 第3节-第4节 ,1.0,体育部,否,,周三,2009-2010-1,,20091000410A21578,,0,仙林校区,2009-2010学年 第1学期,21578,无,,否,,,,,,0,体育（一）,,第3节-第4节,,000410A
16.0,400340,基础课64,20091000410A21579,,3,,32,1-18周,0,罗卫民,1-18周 周三 第3节-第4节 ,1.0,体育部,否,,周三,2009-2010-1,,20091000410A21579,,0,仙林校区,2009-2010学年 第1学期,21579,无,,否,,,,,,0,体育（一）,,第3节-第4节,,000410A
16.0,400340,基础课65,20091000410A21580,,3,,32,1-18周,0,翟一飞,1-18周 周三 第3节-第4节 ,1.0,体育部,否,,周三,2009-2010-1,,20091000410A21580,,0,仙林校区,2009-2010学年 第1学期,21580,无,,否,,,,,,0,体育（一）,,第3节-第4节,,000410A
16.0,400340,基础课66,20091000410A21581,,3,,32,1-18周,0,肖鹏,1-18周 周三 第3节-第4节 ,1.0,体育部,否,,周三,2009-2010-1,,20091000410A21581,,0,仙林校区,2009-2010学年 第1学期,21581,无,,否,,,,,,0,体育（一）,,第3节-第4节,,000410A
16.0,400340,基础课67,20091000410A21582,,3,,30,1-18周,0,孙雯,1-18周 周三 第3节-第4节 ,1.0,体育部,否,,周三,2009-2010-1,,20091000410A21582,,0,仙林校区,2009-2010学年 第1学期,21582,无,,否,,,,,,0,体育（一）,,第3节-第4节,,000410A
16.0,400340,基础课68,20091000410A21583,,3,,30,1-18周,0,姜艳,1-18周 周三 第3节-第4节 ,1.0,体育部,否,,周三,2009-2010-1,,20091000410A21583,,0,仙林校区,2009-2010学年 第1学期,21583,无,,否,,,,,,0,体育（一）,,第3节-第4节,,000410A
16.0,400340,基础课69,20091000410A21584,,3,,30,1-18周,0,殷晓霞,1-18周 周三 第3节-第4节 ,1.0,体育部,否,,周三,2009-2010-1,,20091000410A21584,,0,仙林校区,2009-2010学年 第1学期,21584,无,,否,,,,,,0,体育（一）,,第3节-第4节,,000410A
16.0,400340,基础课70,20091000410A21585,,3,,30,1-18周,0,王慧,1-18周 周三 第3节-第4节 ,1.0,体育部,否,,周三,2009-2010-1,,20091000410A21585,,0,仙林校区,2009-2010学年 第1学期,21585,无,,否,,,,,,0,体育（一）,,第3节-第4节,,000410A
16.0,400340,基础课71,20091000410A21586,,3,,31,1-18周,0,高凤华,1-18周 周三 第3节-第4节 ,1.0,体育部,否,,周三,2009-2010-1,,20091000410A21586,,0,仙林校区,2009-2010学年 第1学期,21586,无,,否,,,,,,0,体育（一）,,第3节-第4节,,000410A
16.0,400340,基础课72,20091000410A21587,,3,,30,1-18周,0,吕艳玲,1-18周 周三 第3节-第4节 ,1.0,体育部,否,,周三,2009-2010-1,,20091000410A21587,,0,仙林校区,2009-2010学年 第1学期,21587,无,,否,,,,,,0,体育（一）,,第3节-第4节,,000410A
16.0,400340,基础课73,20091000410A21588,,3,,31,1-18周,0,陈樨,1-18周 周三 第3节-第4节 ,1.0,体育部,否,,周三,2009-2010-1,,20091000410A21588,,0,仙林校区,2009-2010学年 第1学期,21588,无,,否,,,,,,0,体育（一）,,第3节-第4节,,000410A
16.0,400340,基础课74,20091000410A21589,,3,,30,1-18周,0,谢争,1-18周 周三 第3节-第4节 ,1.0,体育部,否,,周三,2009-2010-1,,20091000410A21589,,0,仙林校区,2009-2010学年 第1学期,21589,无,,否,,,,,,0,体育（一）,,第3节-第4节,,000410A
16.0,400340,基础课75,20091000410A21590,,3,,29,1-18周,0,陈朝辉,1-18周 周三 第5节-第6节 ,1.0,体育部,否,,周三,2009-2010-1,,20091000410A21590,,0,仙林校区,2009-2010学年 第1学期,21590,无,,否,,,,,,0,体育（一）,,第5节-第6节,,000410A
16.0,400340,基础课76,20091000410A21591,,3,,29,1-18周,0,夏军,1-18周 周三 第5节-第6节 ,1.0,体育部,否,,周三,2009-2010-1,,20091000410A21591,,0,仙林校区,2009-2010学年 第1学期,21591,无,,否,,,,,,0,体育（一）,,第5节-第6节,,000410A
16.0,400340,基础课77,20091000410A21592,,3,,36,1-18周,0,李波,1-18周 周三 第5节-第6节 ,1.0,体育部,否,,周三,2009-2010-1,,20091000410A21592,,0,仙林校区,2009-2010学年 第1学期,21592,无,,否,,,,,,0,体育（一）,,第5节-第6节,,000410A
16.0,400340,基础课78,20091000410A21593,,3,,29,1-18周,0,陈刚,1-18周 周三 第5节-第6节 ,1.0,体育部,否,,周三,2009-2010-1,,20091000410A21593,,0,仙林校区,2009-2010学年 第1学期,21593,无,,否,,,,,,0,体育（一）,,第5节-第6节,,000410A
16.0,400340,基础课79,20091000410A21594,,3,,29,1-18周,0,王喆,1-18周 周三 第5节-第6节 ,1.0,体育部,否,,周三,2009-2010-1,,20091000410A21594,,0,仙林校区,2009-2010学年 第1学期,21594,无,,否,,,,,,0,体育（一）,,第5节-第6节,,000410A
16.0,400340,基础课80,20091000410A21595,,3,,28,1-18周,0,罗卫民,1-18周 周三 第5节-第6节 ,1.0,体育部,否,,周三,2009-2010-1,,20091000410A21595,,0,仙林校区,2009-2010学年 第1学期,21595,无,,否,,,,,,0,体育（一）,,第5节-第6节,,000410A
16.0,400340,基础课81,20091000410A21596,,3,,28,1-18周,0,翟一飞,1-18周 周三 第5节-第6节 ,1.0,体育部,否,,周三,2009-2010-1,,20091000410A21596,,0,仙林校区,2009-2010学年 第1学期,21596,无,,否,,,,,,0,体育（一）,,第5节-第6节,,000410A
16.0,400340,基础课82,20091000410A21597,,3,,29,1-18周,0,肖鹏,1-18周 周三 第5节-第6节 ,1.0,体育部,否,,周三,2009-2010-1,,20091000410A21597,,0,仙林校区,2009-2010学年 第1学期,21597,无,,否,,,,,,0,体育（一）,,第5节-第6节,,000410A
16.0,400340,基础课83,20091000410A21598,,3,,29,1-18周,0,孙雯,1-18周 周三 第5节-第6节 ,1.0,体育部,否,,周三,2009-2010-1,,20091000410A21598,,0,仙林校区,2009-2010学年 第1学期,21598,无,,否,,,,,,0,体育（一）,,第5节-第6节,,000410A
16.0,400340,基础课84,20091000410A21599,,3,,30,1-18周,0,姜艳,1-18周 周三 第5节-第6节 ,1.0,体育部,否,,周三,2009-2010-1,,20091000410A21599,,0,仙林校区,2009-2010学年 第1学期,21599,无,,否,,,,,,0,体育（一）,,第5节-第6节,,000410A
16.0,400340,基础课85,20091000410A21600,,3,,30,1-18周,0,殷晓霞,1-18周 周三 第5节-第6节 ,1.0,体育部,否,,周三,2009-2010-1,,20091000410A21600,,0,仙林校区,2009-2010学年 第1学期,21600,无,,否,,,,,,0,体育（一）,,第5节-第6节,,000410A
16.0,400340,基础课86,20091000410A21601,,3,,30,1-18周,0,王慧,1-18周 周三 第5节-第6节 ,1.0,体育部,否,,周三,2009-2010-1,,20091000410A21601,,0,仙林校区,2009-2010学年 第1学期,21601,无,,否,,,,,,0,体育（一）,,第5节-第6节,,000410A
16.0,400340,基础课87,20091000410A21602,,3,,31,1-18周,0,高凤华,1-18周 周三 第5节-第6节 ,1.0,体育部,否,,周三,2009-2010-1,,20091000410A21602,,0,仙林校区,2009-2010学年 第1学期,21602,无,,否,,,,,,0,体育（一）,,第5节-第6节,,000410A
16.0,400340,基础课88,20091000410A21603,,3,,30,1-18周,0,吕艳玲,1-18周 周三 第5节-第6节 ,1.0,体育部,否,,周三,2009-2010-1,,20091000410A21603,,0,仙林校区,2009-2010学年 第1学期,21603,无,,否,,,,,,0,体育（一）,,第5节-第6节,,000410A
16.0,400340,基础课89,20091000410A21604,,3,,31,1-18周,0,陈樨,1-18周 周三 第5节-第6节 ,1.0,体育部,否,,周三,2009-2010-1,,20091000410A21604,,0,仙林校区,2009-2010学年 第1学期,21604,无,,否,,,,,,0,体育（一）,,第5节-第6节,,000410A
16.0,400340,基础课90,20091000410A21605,,3,,29,1-18周,0,谢争,1-18周 周三 第5节-第6节 ,1.0,体育部,否,,周三,2009-2010-1,,20091000410A21605,,0,仙林校区,2009-2010学年 第1学期,21605,无,,否,,,,,,0,体育（一）,,第5节-第6节,,000410A
16.0,400340,基础课91,20091000410A21606,,3,,29,1-18周,0,王成,1-18周 周五 第1节-第2节 ,1.0,体育部,否,,周五,2009-2010-1,,20091000410A21606,,0,仙林校区,2009-2010学年 第1学期,21606,无,,否,,,,,,0,体育（一）,,第1节-第2节,,000410A
16.0,400340,基础课92,20091000410A21607,,3,,29,1-18周,0,肖鹏,1-18周 周五 第1节-第2节 ,1.0,体育部,否,,周五,2009-2010-1,,20091000410A21607,,0,仙林校区,2009-2010学年 第1学期,21607,无,,否,,,,,,0,体育（一）,,第1节-第2节,,000410A
16.0,400340,基础课93,20091000410A21608,,3,,29,1-18周,0,沈乐群,1-18周 周五 第1节-第2节 ,1.0,体育部,否,,周五,2009-2010-1,,20091000410A21608,,0,仙林校区,2009-2010学年 第1学期,21608,无,,否,,,,,,0,体育（一）,,第1节-第2节,,000410A
16.0,400340,基础课94,20091000410A21609,,3,,29,1-18周,0,陈朝辉,1-18周 周五 第1节-第2节 ,1.0,体育部,否,,周五,2009-2010-1,,20091000410A21609,,0,仙林校区,2009-2010学年 第1学期,21609,无,,否,,,,,,0,体育（一）,,第1节-第2节,,000410A
16.0,400340,基础课95,20091000410A21610,,3,,30,1-18周,0,夏军,1-18周 周五 第1节-第2节 ,1.0,体育部,否,,周五,2009-2010-1,,20091000410A21610,,0,仙林校区,2009-2010学年 第1学期,21610,无,,否,,,,,,0,体育（一）,,第1节-第2节,,000410A
16.0,400340,基础课96,20091000410A21611,,3,,29,1-18周,0,谢争,1-18周 周五 第1节-第2节 ,1.0,体育部,否,,周五,2009-2010-1,,20091000410A21611,,0,仙林校区,2009-2010学年 第1学期,21611,无,,否,,,,,,0,体育（一）,,第1节-第2节,,000410A
16.0,400340,基础课97,20091000410A21612,,3,,28,1-18周,0,高凤华,1-18周 周五 第1节-第2节 ,1.0,体育部,否,,周五,2009-2010-1,,20091000410A21612,,0,仙林校区,2009-2010学年 第1学期,21612,无,,否,,,,,,0,体育（一）,,第1节-第2节,,000410A
16.0,400340,基础课98,20091000410A21613,,3,,32,1-18周,0,吕艳玲,1-18周 周五 第1节-第2节 ,1.0,体育部,否,,周五,2009-2010-1,,20091000410A21613,,0,仙林校区,2009-2010学年 第1学期,21613,无,,否,,,,,,0,体育（一）,,第1节-第2节,,000410A
16.0,400340,基础课99,20091000410A21614,,3,,33,1-18周,0,谭琳,1-18周 周五 第1节-第2节 ,1.0,体育部,否,,周五,2009-2010-1,,20091000410A21614,,0,仙林校区,2009-2010学年 第1学期,21614,无,,否,,,,,,0,体育（一）,,第1节-第2节,,000410A
16.0,400340,基础课100,20091000410A21615,,3,,33,1-18周,0,陈樨,1-18周 周五 第1节-第2节 ,1.0,体育部,否,,周五,2009-2010-1,,20091000410A21615,,0,仙林校区,2009-2010学年 第1学期,21615,无,,否,,,,,,0,体育（一）,,第1节-第2节,,000410A
16.0,400340,基础课101,20091000410A21616,,3,,33,1-18周,0,王成,1-18周 周五 第3节-第4节 ,1.0,体育部,否,,周五,2009-2010-1,,20091000410A21616,,0,仙林校区,2009-2010学年 第1学期,21616,无,,否,,,,,,0,体育（一）,,第3节-第4节,,000410A
16.0,400340,基础课102,20091000410A21617,,3,,33,1-18周,0,肖鹏,1-18周 周五 第3节-第4节 ,1.0,体育部,否,,周五,2009-2010-1,,20091000410A21617,,0,仙林校区,2009-2010学年 第1学期,21617,无,,否,,,,,,0,体育（一）,,第3节-第4节,,000410A
16.0,400340,基础课103,20091000410A21618,,3,,33,1-18周,0,沈乐群,1-18周 周五 第3节-第4节 ,1.0,体育部,否,,周五,2009-2010-1,,20091000410A21618,,0,仙林校区,2009-2010学年 第1学期,21618,无,,否,,,,,,0,体育（一）,,第3节-第4节,,000410A
16.0,400340,基础课104,20091000410A21619,,3,,33,1-18周,0,陈朝辉,1-18周 周五 第3节-第4节 ,1.0,体育部,否,,周五,2009-2010-1,,20091000410A21619,,0,仙林校区,2009-2010学年 第1学期,21619,无,,否,,,,,,0,体育（一）,,第3节-第4节,,000410A
16.0,400340,基础课105,20091000410A21620,,3,,32,1-18周,0,夏军,1-18周 周五 第3节-第4节 ,1.0,体育部,否,,周五,2009-2010-1,,20091000410A21620,,0,仙林校区,2009-2010学年 第1学期,21620,无,,否,,,,,,0,体育（一）,,第3节-第4节,,000410A
16.0,400340,基础课106,20091000410A21621,,3,,32,1-18周,0,谢争,1-18周 周五 第3节-第4节 ,1.0,体育部,否,,周五,2009-2010-1,,20091000410A21621,,0,仙林校区,2009-2010学年 第1学期,21621,无,,否,,,,,,0,体育（一）,,第3节-第4节,,000410A
16.0,400340,基础课107,20091000410A21622,,3,,32,1-18周,0,高凤华,1-18周 周五 第3节-第4节 ,1.0,体育部,否,,周五,2009-2010-1,,20091000410A21622,,0,仙林校区,2009-2010学年 第1学期,21622,无,,否,,,,,,0,体育（一）,,第3节-第4节,,000410A
16.0,400340,基础课108,20091000410A21623,,3,,33,1-18周,0,吕艳玲,1-18周 周五 第3节-第4节 ,1.0,体育部,否,,周五,2009-2010-1,,20091000410A21623,,0,仙林校区,2009-2010学年 第1学期,21623,无,,否,,,,,,0,体育（一）,,第3节-第4节,,000410A
16.0,400340,基础课109,20091000410A21624,,3,,33,1-18周,0,谭琳,1-18周 周五 第3节-第4节 ,1.0,体育部,否,,周五,2009-2010-1,,20091000410A21624,,0,仙林校区,2009-2010学年 第1学期,21624,无,,否,,,,,,0,体育（一）,,第3节-第4节,,000410A
16.0,400340,基础课110,20091000410A21625,,3,,32,1-18周,0,陈樨,1-18周 周五 第3节-第4节 ,1.0,体育部,否,,周五,2009-2010-1,,20091000410A21625,,0,仙林校区,2009-2010学年 第1学期,21625,无,,否,,,,,,0,体育（一）,,第3节-第4节,,000410A
16.0,100110,军训,2009100052037760,,3,,3565,,0,,,1.0,人民武装部,否,,,2009-2010-1,,2009100052037760,,0,仙林校区,2009-2010学年 第1学期,37760,,,否,,,,,,0,军训,,,,000520
32.0,400010,大学语文(20091-000610-1),2009100061020391,,3,,77,1-18周,0,闵丰,1-18周 周二 第7节-第8节 仙Ⅰ-103,2.0,文学院,否,,周二,2009-2010-1,,2009100061020391,"2009匡亚明学院理科强化班,2009匡亚明学院理强（数理方向）",0,仙林校区,2009-2010学年 第1学期,20391,仙Ⅰ-103,,否,,,,,,0,大学语文,11,第7节-第8节,仙I区,000610
32.0,400010,大学语文(20091-000610-2),2009100061020395,,3,,86,1-18周,0,冯乾,1-18周 周二 第9节-第10节 仙Ⅰ-104,2.0,文学院,否,,周二,2009-2010-1,,2009100061020395,2009物理学院物理基地,0,仙林校区,2009-2010学年 第1学期,20395,仙Ⅰ-104,,否,,,,,,0,大学语文,11,第9节-第10节,仙I区,000610
32.0,400010,大学语文(20091-000610-3),2009100061020396,,3,,64,1-18周,0,何同彬,1-18周 周二 第7节-第8节 仙Ⅰ-102,2.0,文学院,否,,周二,2009-2010-1,,2009100061020396,,0,仙林校区,2009-2010学年 第1学期,20396,仙Ⅰ-102,,否,,,,,,0,大学语文,11,第7节-第8节,仙I区,000610
32.0,400010,大学语文(20091-000610-4),2009100061020398,,3,,53,1-18周,0,刘重喜,1-18周 周二 第7节-第8节 仙Ⅰ-101,2.0,文学院,否,,周二,2009-2010-1,,2009100061020398,2009生命科学学院生物科学（基地）,0,仙林校区,2009-2010学年 第1学期,20398,仙Ⅰ-101,,否,,,,,,0,大学语文,11,第7节-第8节,仙I区,000610
32.0,400010,大学语文(20091-000610-5),2009100061020400,,3,,75,1-18周,0,葛飞,1-18周 周二 第7节-第8节 仙Ⅰ-203,2.0,文学院,否,,周二,2009-2010-1,,2009100061020400,2009化学学院化学(基地),0,仙林校区,2009-2010学年 第1学期,20400,仙Ⅰ-203,,否,,,,,,0,大学语文,11,第7节-第8节,仙I区,000610
32.0,400010,大学语文(20091-000610-6),2009100061020402,,3,,32,1-18周,0,张建勤,1-18周 周二 第7节-第8节 ,2.0,文学院,否,,周二,2009-2010-1,,2009100061020402,,0,仙林校区,2009-2010学年 第1学期,20402,无,,否,,,,,,0,大学语文,,第7节-第8节,,000610
32.0,400010,大学语文(20091-000610-7),2009100061020407,,3,,47,1-18周,0,刘重喜,1-18周 周二 第5节-第6节 仙Ⅰ-102,2.0,文学院,否,,周二,2009-2010-1,,2009100061020407,,0,仙林校区,2009-2010学年 第1学期,20407,仙Ⅰ-102,,否,,,,,,0,大学语文,11,第5节-第6节,仙I区,000610
32.0,400010,大学语文(20091-000610-8),2009100061020497,,3,,69,1-18周,0,何同彬,1-18周 周五 第1节-第2节 逸B-304,2.0,文学院,否,,周五,2009-2010-1,,2009100061020497,,0,仙林校区,2009-2010学年 第1学期,20497,逸B-304,,否,,,,,,0,大学语文,16,第1节-第2节,逸夫楼B区,000610
32.0,000000,半导体光电子材料与器件(20091-002020-1),2009100202021320,,3,,9,7-18周,0,"吴兴龙,徐骏,陆海,陈鹏,顾书林",7-18周 周三 第7节-第8节 仙Ⅰ-211,2.0,公共课程,否,,周三,2009-2010-1,,2009100202021320,,0,仙林校区,2009-2010学年 第1学期,21320,仙Ⅰ-211,,否,,,,,,0,半导体光电子材料与器件,11,第7节-第8节,仙I区,002020
32.0,000000,波及材料中的波物理(20091-002030-1),2009100203021321,,3,,19,7-18周,0,"彭茹雯,王振林,吴小山,潘永华,祝世宁,王思慧",7-18周 周四 第9节-第10节 仙Ⅰ-209,2.0,公共课程,否,,周四,2009-2010-1,,2009100203021321,,0,仙林校区,2009-2010学年 第1学期,21321,仙Ⅰ-209,,否,,,,,,0,波及材料中的波物理,11,第9节-第10节,仙I区,002030
32.0,000000,多学科交叉的环境科学研究(20091-002070-1),2009100207021311,,3,,29,7-18周,0,"毕军,袁增伟",7-18周 周五 第7节-第8节 仙Ⅰ-210,2.0,公共课程,否,,周五,2009-2010-1,,2009100207021311,,0,仙林校区,2009-2010学年 第1学期,21311,仙Ⅰ-210,,否,,,,,,0,多学科交叉的环境科学研究,11,第7节-第8节,仙I区,002070
32.0,000000,社会生活中的法律(20091-002080-1),2009100208021304,,3,,15,7-18周,0,"王太高,狄小华,杨春福,周安平",7-18周 周二 第9节-第11节 仙Ⅰ-209,2.0,公共课程,否,,周二,2009-2010-1,,2009100208021304,,0,仙林校区,2009-2010学年 第1学期,21304,仙Ⅰ-209,,否,,,,,,0,社会生活中的法律,11,第9节-第11节,仙I区,002080
32.0,000000,高科技产品探究(20091-002090-1),2009100209021317,,3,,15,7-18周,0,"李宣东,邵栋",7-18周 周二 第9节-第11节 ,2.0,公共课程,否,,周二,2009-2010-1,,2009100209021317,,0,仙林校区,2009-2010学年 第1学期,21317,基础实验楼丙511,,否,,,,,,0,高科技产品探究,,第9节-第11节,,002090
32.0,000000,国际经济中的政治问题(20091-002120-1),2009100212021308,,3,,27,7-18周,0,李滨,7-18周 周二 第9节-第10节 仙Ⅰ-210,2.0,公共课程,否,,周二,2009-2010-1,,2009100212021308,,0,仙林校区,2009-2010学年 第1学期,21308,仙Ⅰ-210,,否,,,,,,0,国际经济中的政治问题,11,第9节-第10节,仙I区,002120
32.0,000000,环境健康生物信息学导论(20091-002130-1),2009100213021312,,3,,18,7-18周,0,程树培,7-18周 周一 第9节-第11节 仙Ⅰ-209,2.0,公共课程,否,,周一,2009-2010-1,,2009100213021312,,0,仙林校区,2009-2010学年 第1学期,21312,仙Ⅰ-209,,否,,,,,,0,环境健康与幸福指数,11,第9节-第11节,仙I区,002130
32.0,000000,经济生活中的法律(20091-002150-1),2009100215021305,,3,,29,7-18周,0,"李友根,叶金强,肖冰,胡晓红",7-18周 周四 第7节-第8节 仙Ⅰ-210,2.0,公共课程,否,,周四,2009-2010-1,,2009100215021305,,0,仙林校区,2009-2010学年 第1学期,21305,仙Ⅰ-210,,否,,,,,,0,经济生活中的法律,11,第7节-第8节,仙I区,002150
32.0,000000,科学与文化：两种文化的冲突及其反思(20091-002170-1),2009100217021327,,3,,20,7-18周,0,蔡仲,7-18周 周三 第9节-第10节 仙Ⅰ-209,2.0,公共课程,否,,周三,2009-2010-1,,2009100217021327,,0,仙林校区,2009-2010学年 第1学期,21327,仙Ⅰ-209,,否,,,,,,0,科学与文化：两种文化的冲突及其反思,11,第9节-第10节,仙I区,002170
32.0,000000,快速城市化 vs. 快速环境恶化(20091-002180-1),2009100218021313,,3,,29,7-18周,0,朱晓东,7-18周 周一 第7节-第8节 仙Ⅰ-209,2.0,公共课程,否,,周一,2009-2010-1,,2009100218021313,,0,仙林校区,2009-2010学年 第1学期,21313,仙Ⅰ-209,,否,,,,,,0,快速城市化的环境效应,11,第7节-第8节,仙I区,002180
32.0,000000,路由、交换与远程接入(20091-002190-1),2009100219021318,,3,,20,7-18周,0,赵志宏,7-18周 周二 第9节-第11节 ,2.0,公共课程,否,,周二,2009-2010-1,,2009100219021318,,0,仙林校区,2009-2010学年 第1学期,21318,基础实验楼丙522,,否,,,,,,0,路由、交换与远程接入,,第9节-第11节,,002190
32.0,000000,大众传播与媒介素养(20091-002200-1),2009100220021323,,3,,17,7-18周,0,段京肃,7-18周 周三 第7节-第8节 仙Ⅰ-315,2.0,公共课程,否,,周三,2009-2010-1,,2009100220021323,,0,仙林校区,2009-2010学年 第1学期,21323,仙Ⅰ-315,,否,,,,,,0,大众传播与媒介素养,11,第7节-第8节,仙I区,002200
32.0,000000,面向问题求解的高效算法/程序设计技术(20091-002210-1),2009100221021316,,3,,25,7-18周,0,赵建华,7-18周 周三 第9节-第10节 仙Ⅰ-210,2.0,公共课程,否,,周三,2009-2010-1,,2009100221021316,,0,仙林校区,2009-2010学年 第1学期,21316,仙Ⅰ-210,,否,,,,,,0,面向问题求解的高效算法/程序设计技术,11,第9节-第10节,仙I区,002210
32.0,000000,中国水资源与水环境(20091-002220-1),2009100222021302,,3,,25,7-18周,0,薛禹群,7-18周 周四 第7节-第8节 仙Ⅰ-211,2.0,公共课程,否,,周四,2009-2010-1,,2009100222021302,,0,仙林校区,2009-2010学年 第1学期,21302,仙Ⅰ-211,,否,,,,,,0,中国水资源与水环境,11,第7节-第8节,仙I区,002220
32.0,000000,全球化与中国旅游业——旅游学研讨(20091-002250-1),2009100225021301,,3,,20,7-18周,0,张捷,7-18周 周三 第7节-第8节 仙Ⅰ-316,2.0,公共课程,否,,周三,2009-2010-1,,2009100225021301,,0,仙林校区,2009-2010学年 第1学期,21301,仙Ⅰ-316,,否,,,,,,0,全球化与中国旅游业——旅游学研讨,11,第7节-第8节,仙I区,002250
32.0,000000,生活中的经济学(20091-002310-1),2009100231021319,,3,,28,7-18周,0,"安同良,武志伟",7-18周 周一 第7节-第8节 仙Ⅰ-210,2.0,公共课程,否,,周一,2009-2010-1,,2009100231021319,,0,仙林校区,2009-2010学年 第1学期,21319,仙Ⅰ-210,,否,,,,,,0,生活中的经济学,11,第7节-第8节,仙I区,002310
32.0,000000,数论探究(20091-002320-1),2009100232021351,,3,,26,7-18周,0,秦厚荣,7-18周 周二 第7节-第8节 ,2.0,公共课程,否,,周二,2009-2010-1,,2009100232021351,,0,仙林校区,2009-2010学年 第1学期,21351,仙Ⅰ-211,,否,,,,,,0,数论探究,,第7节-第8节,,002320
32.0,000000,水与废水处理新技术(20091-002340-1),2009100234021314,,3,,18,7-18周,0,任洪强,7-18周 周五 第9节-第10节 仙Ⅰ-209,2.0,公共课程,否,,周五,2009-2010-1,,2009100234021314,,0,仙林校区,2009-2010学年 第1学期,21314,仙Ⅰ-209,,否,,,,,,0,水与废水处理新技术,11,第9节-第10节,仙I区,002340
32.0,000000,五律协同与科学发展(20091-002390-1),2009100239021315,,3,,20,7-18周,0,左玉辉,7-18周 周五 第7节-第8节 仙Ⅰ-211,2.0,公共课程,否,,周五,2009-2010-1,,2009100239021315,,0,仙林校区,2009-2010学年 第1学期,21315,仙Ⅰ-211,,否,,,,,,0,五律协同与科学发展,11,第7节-第8节,仙I区,002390
32.0,000000,物理生物学(20091-002400-1),2009100240021322,,3,,27,7-18周,0,王炜,7-18周 周一 第7节-第8节 仙Ⅰ-211,2.0,公共课程,否,,周一,2009-2010-1,,2009100240021322,,0,仙林校区,2009-2010学年 第1学期,21322,仙Ⅰ-211,,否,,,,,,0,物理生物学,11,第7节-第8节,仙I区,002400
32.0,000000,新闻学探索(20091-002430-1),2009100243021324,,3,,25,7-18周,0,丁柏铨,7-18周 周四 第7节-第8节 仙Ⅰ-209,2.0,公共课程,否,,周四,2009-2010-1,,2009100243021324,,0,仙林校区,2009-2010学年 第1学期,21324,仙Ⅰ-209,,否,,,,,,0,新闻学探索,11,第7节-第8节,仙I区,002430
32.0,000000,信息化时代的控制(20091-002440-1),2009100244021306,,3,,15,7-18周,0,周献中,7-18周 周二 第9节-第10节 仙Ⅰ-211,2.0,公共课程,否,,周二,2009-2010-1,,2009100244021306,,0,仙林校区,2009-2010学年 第1学期,21306,仙Ⅰ-211,,否,,,,,,0,信息化时代的控制,11,第9节-第10节,仙I区,002440
32.0,000000,研究入门：规范与创新(20091-002470-1),2009100247021326,,3,,18,7-18周,0,叶继元,7-18周 周三 第7节-第8节 仙Ⅰ-210,2.0,公共课程,否,,周三,2009-2010-1,,2009100247021326,,0,仙林校区,2009-2010学年 第1学期,21326,仙Ⅰ-210,,否,,,,,,0,研究入门：规范与创新,11,第7节-第8节,仙I区,002470
32.0,000000,走进光电世界(20091-002530-1),2009100253021307,,3,,20,7-18周,0,张旭苹,7-18周 周一 第9节-第11节 仙Ⅰ-210,2.0,公共课程,否,,周一,2009-2010-1,,2009100253021307,,0,仙林校区,2009-2010学年 第1学期,21307,仙Ⅰ-210,,否,,,,,,0,走进光电世界,11,第9节-第11节,仙I区,002530
32.0,000000,城市化与地质环境(20091-002600-1),2009100260021303,,3,,13,7-18周,0,施斌,7-18周 周二 第7节-第8节 仙Ⅰ-210,2.0,公共课程,否,,周二,2009-2010-1,,2009100260021303,,0,仙林校区,2009-2010学年 第1学期,21303,仙Ⅰ-210,,否,,,,,,0,城市化与地质环境,11,第7节-第8节,仙I区,002600
32.0,000000,化学与生命(20091-002630-1),2009100263021309,,3,,28,7-18周,0,"郭子建,鞠熀先,姚祝军",7-18周 周一 第9节-第10节 仙Ⅰ-211,2.0,公共课程,否,,周一,2009-2010-1,,2009100263021309,,0,仙林校区,2009-2010学年 第1学期,21309,仙Ⅰ-211,,否,,,,,,0,化学与生命,11,第9节-第10节,仙I区,002630
32.0,000000,化学与材料(20091-002640-1),2009100264021310,,3,,28,7-18周,0,"杜红宾,左景林,朱俊杰",7-18周 周二 第7节-第8节 仙Ⅰ-209,2.0,公共课程,否,,周二,2009-2010-1,,2009100264021310,,0,仙林校区,2009-2010学年 第1学期,21310,仙Ⅰ-209,,否,,,,,,0,化学与材料,11,第7节-第8节,仙I区,002640
32.0,000000,媒介案例研究(20091-002700-1),2009100270021325,,3,,17,7-18周,0,杜骏飞,7-18周 周三 第7节-第8节 仙Ⅰ-113,2.0,公共课程,否,,周三,2009-2010-1,,2009100270021325,,0,仙林校区,2009-2010学年 第1学期,21325,仙Ⅰ-113,,否,,,,,,0,媒介案例研究,11,第7节-第8节,仙I区,002700
48.0,000000,人与环境(20091-002810-1),2009100281021330,,3,,142,4-18周,0,"华新,张徐祥,孙平,左玉辉,翟建平",4-18周 周五 第9节-第11节 仙Ⅰ-206,3.0,公共课程,否,,周五,2009-2010-1,,2009100281021330,,0,仙林校区,2009-2010学年 第1学期,21330,仙Ⅰ-206,,否,,,,,,0,人与环境,11,第9节-第11节,仙I区,002810
48.0,000000,认识中国(20091-002820-1),2009100282021331,,3,,140,4-18周,0,"姜良芹,张宪文,张生,陈蕴茜",4-18周 周二 第9节-第11节 仙Ⅰ-319,3.0,公共课程,否,,周二,2009-2010-1,,2009100282021331,,0,仙林校区,2009-2010学年 第1学期,21331,仙Ⅰ-319,,否,,,,,,0,认识中国,11,第9节-第11节,仙I区,002820
48.0,000000,中国古代人生哲学(20091-002850-1),2009100285021332,,3,,144,4-18周,0,"白欲晓,沈文华,徐小跃",4-18周 周四 第9节-第11节 仙Ⅰ-206,3.0,公共课程,否,,周四,2009-2010-1,,2009100285021332,,0,仙林校区,2009-2010学年 第1学期,21332,仙Ⅰ-206,,否,,,,,,0,中国古代人生哲学,11,第9节-第11节,仙I区,002850
48.0,400010,中国古代文学（一）(20091-010010A-1),20091010010A19230,,3,,61,1-18周,0,徐雁平,1-18周 周二 第5节-第7节 仙Ⅱ-213,3.0,文学院,否,,周二,2009-2010-1,,20091010010A19230,"2009文学院戏剧影视文学,2009文学院汉语言文学（拔尖计划）",0,仙林校区,2009-2010学年 第1学期,19230,仙Ⅱ-213,,否,,,,,,0,中国古代文学（一）,12,第5节-第7节,仙II区,010010A
48.0,400010,中国古代文学（一）(20091-010010A-2),20091010010A19231,,3,,57,1-18周,0,孙立尧,1-18周 周二 第5节-第7节 仙Ⅱ-214,3.0,文学院,否,,周二,2009-2010-1,,20091010010A19231,"2009文学院戏剧影视文学,2009文学院汉语言文学（拔尖计划）",0,仙林校区,2009-2010学年 第1学期,19231,仙Ⅱ-214,,否,,,,,,0,中国古代文学（一）,12,第5节-第7节,仙II区,010010A
32.0,400010,文学概论（上）(20091-01001A-1),2009101001A19198,,3,,42,1-18周,0,汪正龙,1-18周 周二 第3节-第4节 仙Ⅱ-109,2.0,文学院,否,,周二,2009-2010-1,,2009101001A19198,2007文学院汉语言文学,0,仙林校区,2009-2010学年 第1学期,19198,仙Ⅱ-109,,否,,,,,,0,文学概论（上）,12,第3节-第4节,仙II区,01001A
32.0,400010,文学概论（上）(20091-01001A-2),2009101001A19199,,3,,40,1-18周,0,周计武,1-18周 周二 第3节-第4节 ,2.0,文学院,否,,周二,2009-2010-1,,2009101001A19199,2007文学院汉语言文学,0,仙林校区,2009-2010学年 第1学期,19199,无,,否,,,,,,0,文学概论（上）,,第3节-第4节,,01001A
48.0,400010,语言学概论(20091-01002-1),200910100219200,,3,,44,1-18周,0,盛林,1-18周 周一 第5节-第7节 仙Ⅱ-109,3.0,文学院,否,,周一,2009-2010-1,,200910100219200,2007文学院汉语言文学,0,仙林校区,2009-2010学年 第1学期,19200,仙Ⅱ-109,,否,,,,,,0,语言学概论,12,第5节-第7节,仙II区,01002
48.0,400010,语言学概论(20091-01002-2),200910100219201,,3,,40,1-18周,0,王玲,1-18周 周一 第5节-第7节 ,3.0,文学院,否,,周一,2009-2010-1,,200910100219201,2007文学院汉语言文学,0,仙林校区,2009-2010学年 第1学期,19201,无,,否,,,,,,0,语言学概论,,第5节-第7节,,01002
48.0,400010,语言学概论(20092-01002-1),200910100237787,,1,,0,,0,,,3.0,文学院,否,,,2009-2010-1,,200910100237787,2007文学院汉语言文学(作家班),0,鼓楼校区,2009-2010学年 第1学期,37787,,,否,,,,,,0,语言学概论,,,,01002
48.0,400010,古代汉语（上）(20091-01003A-1),2009101003A19345,,1,,32,"1-18周,1-18周",0,魏宜辉,"1-18周 周二 第1节-第2节 教316,1-18周 周四 第3节-第4节 教115",3.0,文学院,否,,"周二,周四",2009-2010-1,,2009101003A19345,2009文学院汉语言文学(作家班),0,鼓楼校区,2009-2010学年 第1学期,19345,"教316,教115",,否,,,,,,0,古代汉语（上）,1,"第1节-第2节,第3节-第4节",教学楼,01003A
48.0,400010,古代汉语（下）(20091-01003B-1),2009101003B20423,,3,,102,"1-18周,1-18周",0,高小方,"1-18周 周一 第3节-第4节 仙Ⅰ-207,1-18周 周三 第3节-第4节 仙Ⅰ-207",3.0,文学院,否,,"周一,周三",2009-2010-1,,2009101003B20423,,0,仙林校区,2009-2010学年 第1学期,20423,"仙Ⅰ-207,仙Ⅰ-207",,否,,,,,,0,古代汉语（下）,11,"第3节-第4节,第3节-第4节",仙I区,01003B
48.0,400010,古代汉语（下）(20091-01003B-2),2009101003B20426,,3,,61,"1-18周,1-18周",0,陈文杰,"1-18周 周一 第3节-第4节 仙Ⅱ-218,1-18周 周三 第3节-第4节 仙Ⅱ-218",3.0,文学院,否,,"周一,周三",2009-2010-1,,2009101003B20426,,0,仙林校区,2009-2010学年 第1学期,20426,"仙Ⅱ-218,仙Ⅱ-218",,否,,,,,,0,古代汉语（下）,12,"第3节-第4节,第3节-第4节",仙II区,01003B
64.0,400010,现代汉语(20091-01004-1),200910100419341,,1,,32,"1-18周,1-18周",0,陈光,"1-18周 周三 第1节-第2节 教211,1-18周 周五 第3节-第4节 教311",4.0,文学院,否,,"周三,周五",2009-2010-1,,200910100419341,2009文学院汉语言文学(作家班),0,鼓楼校区,2009-2010学年 第1学期,19341,"教211,教311",,否,,,,,,0,现代汉语,1,"第1节-第2节,第3节-第4节",教学楼,01004
32.0,400010,现代汉语（下）(20091-01004B-1),2009101004B19213,,1,,36,1-17周,0,陈立中,1-17周 周二 第5节-第6节 教211,2.0,文学院,否,,周二,2009-2010-1,,2009101004B19213,2006文学院汉语言文学,0,鼓楼校区,2009-2010学年 第1学期,19213,教211,,否,,,,,,0,现代汉语（下）,1,第5节-第6节,教学楼,01004B
32.0,400010,现代汉语（下）(20091-01004B-2),2009101004B19214,,1,,38,1-18周,0,陈光,1-18周 周二 第5节-第6节 教216,2.0,文学院,否,,周二,2009-2010-1,,2009101004B19214,2006文学院汉语言文学,0,鼓楼校区,2009-2010学年 第1学期,19214,教216,,否,,,,,,0,现代汉语（下）,1,第5节-第6节,教学楼,01004B
48.0,400010,中国古代文学（三）(20091-01005C-1),2009101005C20418,,3,,52,1-18周,0,金程宇,1-18周 周一 第5节-第7节 仙Ⅱ-422,3.0,文学院,否,,周一,2009-2010-1,,2009101005C20418,,0,仙林校区,2009-2010学年 第1学期,20418,仙Ⅱ-422,,否,,,,,,0,中国古代文学（三）,12,第5节-第7节,仙II区,01005C
48.0,400010,中国古代文学（三）(20091-01005C-2),2009101005C20419,,3,,54,1-18周,0,卞东波,1-18周 周一 第5节-第7节 仙Ⅱ-421,3.0,文学院,否,,周一,2009-2010-1,,2009101005C20419,,0,仙林校区,2009-2010学年 第1学期,20419,仙Ⅱ-421,,否,,,,,,0,中国古代文学（三）,12,第5节-第7节,仙II区,01005C
64.0,400010,中国古代文学史（上）(20091-01005E-1),2009101005E19343,,1,,33,"1-18周,1-18周",0,冯乾,"1-18周 周五 第1节-第2节 教311,1-18周 周三 第3节-第4节 教113",4.0,文学院,否,,"周三,周五",2009-2010-1,,2009101005E19343,2009文学院汉语言文学(作家班),0,鼓楼校区,2009-2010学年 第1学期,19343,"教113,教311",,否,,,,,,0,中国古代文学史（上）,1,"第3节-第4节,第1节-第2节",教学楼,01005E
64.0,400010,中国现当代文学（下）(20091-01006B-1),2009101006B19202,,3,,44,"1-18周,1-18周",0,傅元峰,"1-18周 周五 第3节-第4节 ,1-18周 周二 第5节-第6节 ",4.0,文学院,否,,"周二,周五",2009-2010-1,,2009101006B19202,2007文学院汉语言文学,0,仙林校区,2009-2010学年 第1学期,19202,"无,无",,否,,,,,,0,中国现当代文学（下）,,"第5节-第6节,第3节-第4节",,01006B
64.0,400010,中国现当代文学（下）(20091-01006B-2),2009101006B19203,,3,,41,"1-18周,1-18周",0,王爱松,"1-18周 周五 第3节-第4节 仙Ⅱ-109,1-18周 周二 第5节-第6节 仙Ⅱ-109",4.0,文学院,否,,"周二,周五",2009-2010-1,,2009101006B19203,2007文学院汉语言文学,0,仙林校区,2009-2010学年 第1学期,19203,"仙Ⅱ-109,仙Ⅱ-109",,否,,,,,,0,中国现当代文学（下）,12,"第5节-第6节,第3节-第4节",仙II区,01006B
64.0,400010,中国现当代文学（下）(20091-01006B-1),2009101006B19219,,1,,22,"1-18周,1-18周",0,翟业军,"1-18周 周二 第3节-第4节 教116,1-18周 周四 第3节-第4节 教116",4.0,文学院,否,,"周二,周四",2009-2010-1,,2009101006B19219,2008文学院汉语言文学(作家班),0,鼓楼校区,2009-2010学年 第1学期,19219,"教116,教116",,否,,,,,,0,中国现当代文学（下）,1,"第3节-第4节,第3节-第4节",教学楼,01006B
64.0,400010,外国文学（下）(20091-01007B-1),2009101007B19211,,1,,37,"1-18周,1-18周",0,董晓,"1-18周 周二 第3节-第4节 教114,1-18周 周四 第3节-第4节 教114",4.0,文学院,否,,"周二,周四",2009-2010-1,,2009101007B19211,2006文学院汉语言文学,0,鼓楼校区,2009-2010学年 第1学期,19211,"教114,教114",,否,,,,,,0,外国文学（下）,1,"第3节-第4节,第3节-第4节",教学楼,01007B
64.0,400010,外国文学（下）(20091-01007B-2),2009101007B19212,,1,,39,"1-18周,1-18周",0,昂智慧,"1-18周 周二 第3节-第4节 教113,1-18周 周四 第3节-第4节 教113",4.0,文学院,否,,"周二,周四",2009-2010-1,,2009101007B19212,2006文学院汉语言文学,0,鼓楼校区,2009-2010学年 第1学期,19212,"教113,教113",,否,,,,,,0,外国文学（下）,1,"第3节-第4节,第3节-第4节",教学楼,01007B
64.0,400010,外国文学（下）(20091-01007B-1),2009101007B19220,,1,,22,1-18周,0,唐建清,1-18周 周三 第5节-第7节 教207,4.0,文学院,否,,周三,2009-2010-1,,2009101007B19220,2008文学院汉语言文学(作家班),0,鼓楼校区,2009-2010学年 第1学期,19220,教207,,否,,,,,,0,外国文学（下）,1,第5节-第7节,教学楼,01007B
32.0,400010,西方文论(20091-01008-1),200910100819205,,3,,83,1-18周,0,汪正龙,1-18周 周二 第1节-第2节 仙Ⅰ-201,2.0,文学院,否,,周二,2009-2010-1,,200910100819205,2007文学院汉语言文学,0,仙林校区,2009-2010学年 第1学期,19205,仙Ⅰ-201,,否,,,,,,0,西方文论,11,第1节-第2节,仙I区,01008
,200090,一阶逻辑与一阶理论,20091010104C0420821,,1,,0,1-18周,0,,1-18周 周二 第2节-第4节 教307,,研究生院,否,,周二,2009-2010-1,,20091010104C0420821,,0,鼓楼校区,2009-2010学年 第1学期,20821,教307,,否,,,,,,0,,1,第2节-第4节,教学楼,010104C04
,200090,希伯来语基础,20091010107D0720823,,1,,0,1-18周,0,,1-18周 周五 第2节-第4节 教216,,研究生院,否,,周五,2009-2010-1,,20091010107D0720823,,0,鼓楼校区,2009-2010学年 第1学期,20823,教216,,否,,,,,,0,,1,第2节-第4节,教学楼,010107D07
,200090,科学技术哲学研究,20091010108C0420822,,1,,0,1-18周,0,,1-18周 周二 第2节-第4节 教311,,研究生院,否,,周二,2009-2010-1,,20091010108C0420822,,0,鼓楼校区,2009-2010学年 第1学期,20822,教311,,否,,,,,,0,,1,第2节-第4节,教学楼,010108C04
,200090,系统科学及其哲学问题,20091010108X1220826,,1,,0,1-18周,0,,1-18周 周四 第5节-第7节 ,,研究生院,否,,周四,2009-2010-1,,20091010108X1220826,,0,鼓楼校区,2009-2010学年 第1学期,20826,无,,否,,,,,,0,,,第5节-第7节,,010108X12
,200090,科学的社会与文化研究,20091010108X1320824,,1,,0,1-18周,0,,1-18周 周三 第1节-第4节 教310,,研究生院,否,,周三,2009-2010-1,,20091010108X1320824,,0,鼓楼校区,2009-2010学年 第1学期,20824,教310,,否,,,,,,0,,1,第1节-第4节,教学楼,010108X13
32.0,400010,中国古代文献学(20091-01014-1),200910101419215,,1,,37,1-18周,0,张宗友,1-18周 周四 第5节-第6节 教302,2.0,文学院,否,,周四,2009-2010-1,,200910101419215,2006文学院汉语言文学,0,鼓楼校区,2009-2010学年 第1学期,19215,教302,,否,,,,,,0,中国古代文献学,1,第5节-第6节,教学楼,01014
32.0,400010,中国古代文献学(20092-01014-1),200910101437790,,1,,0,,0,,,2.0,文学院,否,,,2009-2010-1,,200910101437790,2007文学院汉语言文学(作家班),0,鼓楼校区,2009-2010学年 第1学期,37790,,,否,,,,,,0,中国古代文献学,,,,01014
32.0,400010,《红楼梦》研究(20091-01018-1),200910101819204,,3,,85,1-18周,0,苗怀明,1-18周 周三 第3节-第4节 仙Ⅱ-311,2.0,文学院,否,,周三,2009-2010-1,,200910101819204,2007文学院汉语言文学,0,仙林校区,2009-2010学年 第1学期,19204,仙Ⅱ-311,,否,,,,,,0,《红楼梦》研究,12,第3节-第4节,仙II区,01018
32.0,400010,教学与社会实习(20091-01022-1),200910102219247,,1,,83,1-17周,0,,1-17周 自由时间 - ,2.0,文学院,否,,自由时间,2009-2010-1,,200910102219247,2006文学院汉语言文学,0,鼓楼校区,2009-2010学年 第1学期,19247,无,,否,,,,,,0,教学与社会实习,,自由时间,,01022
32.0,400010,学年论文(20092-01023-1),200910102335995,,3,,0,,0,,,2.0,文学院,否,,,2009-2010-1,,200910102335995,2007文学院戏剧影视文学,0,仙林校区,2009-2010学年 第1学期,35995,,,否,,,,,,0,学年论文,,,,01023
32.0,400010,中国文学批评史(20091-01105-1),200910110519210,,3,,39,1-18周,0,孙蓉蓉,1-18周 周四 第5节-第6节 仙Ⅱ-310,2.0,文学院,否,,周四,2009-2010-1,,200910110519210,2007文学院汉语言文学,0,仙林校区,2009-2010学年 第1学期,19210,仙Ⅱ-310,,否,,,,,,0,中国文学批评史,12,第5节-第6节,仙II区,01105
32.0,400010,训诂学(20091-01106-1),200910110619216,,1,,32,1-17周,0,黎广基,1-17周 周三 第3节-第4节 教316,2.0,文学院,否,,周三,2009-2010-1,,200910110619216,2006文学院汉语言文学,0,鼓楼校区,2009-2010学年 第1学期,19216,教316,,否,,,,,,0,训诂学,1,第3节-第4节,教学楼,01106
32.0,400010,《论语》研究(20091-01113-1),200910111319209,,3,,84,1-18周,0,高小方,1-18周 周三 第1节-第2节 仙Ⅱ-306,2.0,文学院,否,,周三,2009-2010-1,,200910111319209,2007文学院汉语言文学,0,仙林校区,2009-2010学年 第1学期,19209,仙Ⅱ-306,,否,,,,,,0,《论语》研究,12,第1节-第2节,仙II区,01113
32.0,400010,暑期课题研究(20091-01114-1),200910111419333,,2,,29,1-5周,0,高小方,1-5周 自由时间 - ,2.0,文学院,否,,自由时间,2009-2010-1,,200910111419333,2006文学院汉语言文学,0,浦口校区,2009-2010学年 第1学期,19333,中文系资料室,,否,,,,,,0,暑期课题研究,,自由时间,,01114
32.0,400010,诗学研究(20091-01120-1),200910112019223,,1,,22,1-18周,0,刘重喜,1-18周 周三 第3节-第4节 教114,2.0,文学院,否,,周三,2009-2010-1,,200910112019223,2008文学院汉语言文学(作家班),0,鼓楼校区,2009-2010学年 第1学期,19223,教114,,否,,,,,,0,诗学研究,1,第3节-第4节,教学楼,01120
32.0,400010,公文写作(20091-01146-1),200910114619207,,3,,83,1-18周,0,周欣展,1-18周 周三 第5节-第6节 仙Ⅱ-310,2.0,文学院,否,,周三,2009-2010-1,,200910114619207,2007文学院汉语言文学,0,仙林校区,2009-2010学年 第1学期,19207,仙Ⅱ-310,,否,,,,,,0,公文写作,12,第5节-第6节,仙II区,01146
32.0,400010,新闻学概论(20091-01148-1),200910114819348,,1,,32,1-18周,0,张建勤,1-18周 周三 第5节-第6节 教206,2.0,文学院,否,,周三,2009-2010-1,,200910114819348,2009文学院汉语言文学(作家班),0,鼓楼校区,2009-2010学年 第1学期,19348,教206,,否,,,,,,0,新闻学概论,1,第5节-第6节,教学楼,01148
32.0,400010,美学原理(20091-01149-1),200910114919221,,1,,22,1-18周,0,李昌舒,1-18周 周五 第5节-第6节 教311,2.0,文学院,否,,周五,2009-2010-1,,200910114919221,2008文学院汉语言文学(作家班),0,鼓楼校区,2009-2010学年 第1学期,19221,教311,,否,,,,,,0,美学原理,1,第5节-第6节,教学楼,01149
32.0,400010,文艺理论(20091-01150-1),200910115019218,,1,,32,"1-18周,1-18周",0,包兆会,"1-18周 周四 第1节-第2节 教204,1-18周 周二 第3节-第4节 教316",2.0,文学院,否,,"周二,周四",2009-2010-1,,200910115019218,2009文学院汉语言文学(作家班),0,鼓楼校区,2009-2010学年 第1学期,19218,"教316,教204",,否,,,,,,0,文艺理论,1,"第3节-第4节,第1节-第2节",教学楼,01150
32.0,400010,文艺心理学(20092-01151-1),200910115137789,,1,,0,,0,,,2.0,文学院,否,,,2009-2010-1,,200910115137789,2007文学院汉语言文学(作家班),0,鼓楼校区,2009-2010学年 第1学期,37789,,,否,,,,,,0,文艺心理学,,,,01151
32.0,400010,胡适研究(20091-01158-1),200910115819228,,1,,41,1-18周,0,沈卫威,1-18周 周一 第3节-第4节 教212,2.0,文学院,否,,周一,2009-2010-1,,200910115819228,"2008文学院汉语言文学(作家班),2009文学院汉语言文学(作家班)",0,鼓楼校区,2009-2010学年 第1学期,19228,教212,,否,,,,,,0,胡适研究,1,第3节-第4节,教学楼,01158
32.0,400010,台湾电影赏析(20091-01162-1),200910116219227,,1,,33,1-18周,0,陈秋慧,1-18周 周一 第5节-第7节 教310,2.0,文学院,否,,周一,2009-2010-1,,200910116219227,"2008文学院汉语言文学(作家班),2009文学院汉语言文学(作家班)",0,鼓楼校区,2009-2010学年 第1学期,19227,教310,,否,,,,,,0,台湾电影赏析,1,第5节-第7节,教学楼,01162
32.0,400010,台湾电影赏析(20092-01162-1),200910116237784,,1,,0,,0,,,2.0,文学院,否,,,2009-2010-1,,200910116237784,2007文学院汉语言文学(作家班),0,鼓楼校区,2009-2010学年 第1学期,37784,,,否,,,,,,0,台湾电影赏析,,,,01162
32.0,400010,中国文化史导论(20091-01164-1),200910116419206,,3,,65,1-18周,0,赵益,1-18周 周一 第3节-第4节 仙Ⅱ-310,2.0,文学院,否,,周一,2009-2010-1,,200910116419206,2007文学院汉语言文学,0,仙林校区,2009-2010学年 第1学期,19206,仙Ⅱ-310,,否,,,,,,0,中国文化史导论,12,第3节-第4节,仙II区,01164
32.0,400010,中国文化史（上）(20091-01164A-1),2009101164A19346,,1,,32,1-18周,0,姚松,1-18周 周四 第5节-第6节 教307,2.0,文学院,否,,周四,2009-2010-1,,2009101164A19346,2009文学院汉语言文学(作家班),0,鼓楼校区,2009-2010学年 第1学期,19346,教307,,否,,,,,,0,中国文化史（上）,1,第5节-第6节,教学楼,01164A
32.0,400010,中国古代小说史(20091-01165-1),200910116519226,,1,,33,1-18周,0,苗怀明,1-18周 周二 第5节-第7节 教310,2.0,文学院,否,,周二,2009-2010-1,,200910116519226,"2008文学院汉语言文学(作家班),2009文学院汉语言文学(作家班)",0,鼓楼校区,2009-2010学年 第1学期,19226,教310,,否,,,,,,0,中国古代小说史,1,第5节-第7节,教学楼,01165
32.0,400010,戏剧文化(20091-01170-1),200910117019224,,1,,22,1-18周,0,周安华,1-18周 周五 第3节-第4节 教314,2.0,文学院,否,,周五,2009-2010-1,,200910117019224,2008文学院汉语言文学(作家班),0,鼓楼校区,2009-2010学年 第1学期,19224,教314,,否,,,,,,0,戏剧文化,1,第3节-第4节,教学楼,01170
32.0,400010,现代剧作家(20092-01172-1),200910117237788,,1,,0,,0,,,2.0,文学院,否,,,2009-2010-1,,200910117237788,2007文学院汉语言文学(作家班),0,鼓楼校区,2009-2010学年 第1学期,37788,,,否,,,,,,0,现代剧作家,,,,01172
32.0,400010,外国戏剧史(20092-01175-1),200910117537793,,1,,0,,0,,,2.0,文学院,否,,,2009-2010-1,,200910117537793,2007文学院汉语言文学(作家班),0,鼓楼校区,2009-2010学年 第1学期,37793,,,否,,,,,,0,外国戏剧史,,,,01175
48.0,400010,影视艺术概论(20092-01199-1),200910119937786,,1,,0,,0,,,3.0,文学院,否,,,2009-2010-1,,200910119937786,2007文学院汉语言文学(作家班),0,鼓楼校区,2009-2010学年 第1学期,37786,,,否,,,,,,0,影视艺术概论,,,,01199
32.0,400010,中国现当代文学（上）(20091-012020A-1),20091012020A19233,,3,,32,1-18周,0,葛飞,1-18周 周三 第3节-第4节 仙Ⅱ-515,2.0,文学院,否,,周三,2009-2010-1,,20091012020A19233,2009文学院戏剧影视文学,0,仙林校区,2009-2010学年 第1学期,19233,仙Ⅱ-515,,否,,,,,,0,中国现当代文学（上）,12,第3节-第4节,仙II区,012020A
32.0,400010,中国电影（上）(20091-012050A-1),20091012050A19229,,3,,32,1-18周,0,洪宏,1-18周 周一 第3节-第4节 仙Ⅱ-512,2.0,文学院,否,,周一,2009-2010-1,,20091012050A19229,2009文学院戏剧影视文学,0,仙林校区,2009-2010学年 第1学期,19229,仙Ⅱ-512,,否,,,,,,0,中国电影（上）,12,第3节-第4节,仙II区,012050A
48.0,400010,中国电影(20091-01214-1),200910121419246,,3,,16,1-18周,0,胡星亮,1-18周 周二 第5节-第7节 仙Ⅱ-101,3.0,文学院,否,,周二,2009-2010-1,,200910121419246,2007文学院戏剧影视文学,0,仙林校区,2009-2010学年 第1学期,19246,仙Ⅱ-101,,否,,,,,,0,中国电影,12,第5节-第7节,仙II区,01214
48.0,400010,中国戏剧史（上）(20091-01215A-1),2009101215A19239,,3,,16,1-18周,0,解玉峰,1-18周 周一 第5节-第7节 仙Ⅱ-111,3.0,文学院,否,,周一,2009-2010-1,,2009101215A19239,2007文学院戏剧影视文学,0,仙林校区,2009-2010学年 第1学期,19239,仙Ⅱ-111,,否,,,,,,0,中国戏剧史（上）,12,第5节-第7节,仙II区,01215A
48.0,400010,舞台剧写作（上）(20091-01216A-1),2009101216A19240,,3,,16,1-18周,0,吕效平,1-18周 周三 第5节-第7节 仙Ⅱ-111,3.0,文学院,否,,周三,2009-2010-1,,2009101216A19240,2007文学院戏剧影视文学,0,仙林校区,2009-2010学年 第1学期,19240,仙Ⅱ-111,,否,,,,,,0,舞台剧写作（上）,12,第5节-第7节,仙II区,01216A
32.0,400010,中国话剧经典作品研读(20092-01218-1),200910121837824,,1,,0,,0,,,2.0,文学院,否,,,2009-2010-1,,200910121837824,2008文学院汉语言文学(作家班),0,鼓楼校区,2009-2010学年 第1学期,37824,,,否,,,,,,0,中国话剧经典作品研读,,,,01218
32.0,400010,外国戏剧(下)(20091-01221B-1),2009101221B19235,,1,,7,1-18周,0,吕效平,1-18周 周二 第5节-第6节 教218,2.0,文学院,否,,周二,2009-2010-1,,2009101221B19235,2006文学院戏剧影视文学,0,鼓楼校区,2009-2010学年 第1学期,19235,教218,,否,,,,,,0,外国戏剧(下),1,第5节-第6节,教学楼,01221B
32.0,400010,外国电影（下）(20091-01227B-1),2009101227B19236,,1,,7,1-18周,0,杨柳,1-18周 周四 第7节-第8节 教304,2.0,文学院,否,,周四,2009-2010-1,,2009101227B19236,2006文学院戏剧影视文学,0,鼓楼校区,2009-2010学年 第1学期,19236,教304,,否,,,,,,0,外国电影（下）,1,第7节-第8节,教学楼,01227B
32.0,400010,影视制作（1）(20091-01228A-1),2009101228A19242,,3,,16,1-18周,0,杨弋枢,1-18周 周五 第1节-第2节 ,2.0,文学院,否,,周五,2009-2010-1,,2009101228A19242,2007文学院戏剧影视文学,0,仙林校区,2009-2010学年 第1学期,19242,逸夫管理楼1909,,否,,,,,,0,影视制作（1）,,第1节-第2节,,01228A
32.0,400010,影视制作（3）(20091-01228C-1),2009101228C19238,,1,,7,1-18周,0,段莉,1-18周 周五 第3节-第4节 ,2.0,文学院,否,,周五,2009-2010-1,,2009101228C19238,2006文学院戏剧影视文学,0,鼓楼校区,2009-2010学年 第1学期,19238,逸夫管理楼1909,,否,,,,,,0,影视制作（3）,,第3节-第4节,,01228C
32.0,400010,唐人小说选读(20092-01229-1),200910122937825,,1,,0,,0,,,2.0,文学院,否,,,2009-2010-1,,200910122937825,2008文学院汉语言文学(作家班),0,鼓楼校区,2009-2010学年 第1学期,37825,,,否,,,,,,0,唐人小说选读,,,,01229
48.0,400010,影视剧写作（上）(20091-01234A-1),2009101234A19237,,1,,7,1-18周,0,李兴阳,1-18周 周三 第5节-第7节 教218,3.0,文学院,否,,周三,2009-2010-1,,2009101234A19237,2006文学院戏剧影视文学,0,鼓楼校区,2009-2010学年 第1学期,19237,教218,,否,,,,,,0,影视剧写作（上）,1,第5节-第7节,教学楼,01234A
32.0,400010,曹禺研究(20092-01235-1),200910123537782,,1,,0,,0,,,2.0,文学院,否,,,2009-2010-1,,200910123537782,2007文学院汉语言文学(作家班),0,鼓楼校区,2009-2010学年 第1学期,37782,,,否,,,,,,0,曹禺研究,,,,01235
32.0,400010,汉语文化学(20091-01240-1),200910124019208,,3,,82,1-18周,0,杨锡彭,1-18周 周四 第3节-第4节 仙Ⅱ-310,2.0,文学院,否,,周四,2009-2010-1,,200910124019208,2007文学院汉语言文学,0,仙林校区,2009-2010学年 第1学期,19208,仙Ⅱ-310,,否,,,,,,0,汉语文化学,12,第3节-第4节,仙II区,01240
32.0,400010,戏剧影视艺术(20091-01242-1),200910124220427,,3,,142,1-18周,0,陆炜,1-18周 周二 第7节-第8节 仙Ⅰ-207,2.0,文学院,否,,周二,2009-2010-1,,200910124220427,,0,仙林校区,2009-2010学年 第1学期,20427,仙Ⅰ-207,,否,,,,,,0,戏剧影视艺术,11,第7节-第8节,仙I区,01242
32.0,400010,外国电影(20091-01243-1),200910124319225,,1,,22,1-18周,0,杨柳,1-18周 周四 第5节-第6节 教309,2.0,文学院,否,,周四,2009-2010-1,,200910124319225,2008文学院汉语言文学(作家班),0,鼓楼校区,2009-2010学年 第1学期,19225,教309,,否,,,,,,0,外国电影,1,第5节-第6节,教学楼,01243
32.0,400010,视听语言(20091-01244-1),200910124419241,,3,,16,1-18周,0,杨弋枢,1-18周 周三 第3节-第4节 ,2.0,文学院,否,,周三,2009-2010-1,,200910124419241,2007文学院戏剧影视文学,0,仙林校区,2009-2010学年 第1学期,19241,无,,否,,,,,,0,视听语言,,第3节-第4节,,01244
32.0,400010,近代戏曲研究(20091-01253-1),200910125319244,,3,,15,1-18周,0,陈恬,1-18周 周四 第5节-第6节 仙Ⅱ-102,2.0,文学院,否,,周四,2009-2010-1,,200910125319244,2007文学院戏剧影视文学,0,仙林校区,2009-2010学年 第1学期,19244,仙Ⅱ-102,,否,,,,,,0,近代戏曲研究,12,第5节-第6节,仙II区,01253
32.0,400010,中国电视剧研究(20092-01255-1),200910125537785,,1,,0,,0,,,2.0,文学院,否,,,2009-2010-1,,200910125537785,2007文学院汉语言文学(作家班),0,鼓楼校区,2009-2010学年 第1学期,37785,,,否,,,,,,0,中国电视剧研究,,,,01255
32.0,400010,电视剧作品赏析(20091-01266-1),200910126619245,,3,,16,1-18周,0,张建勤,1-18周 周四 第3节-第4节 ,2.0,文学院,否,,周四,2009-2010-1,,200910126619245,2007文学院戏剧影视文学,0,仙林校区,2009-2010学年 第1学期,19245,无,,否,,,,,,0,电视剧作品赏析,,第3节-第4节,,01266
32.0,400010,语义学专题(20091-01267-1),200910126719217,,1,,28,1-18周,0,马清华,1-18周 周三 第5节-第6节 教204,2.0,文学院,否,,周三,2009-2010-1,,200910126719217,2006文学院汉语言文学,0,鼓楼校区,2009-2010学年 第1学期,19217,教204,,否,,,,,,0,语义学专题,1,第5节-第6节,教学楼,01267
32.0,400010,中国新诗研究(20092-01271-1),200910127137791,,1,,0,,0,,,2.0,文学院,否,,,2009-2010-1,,200910127137791,2007文学院汉语言文学(作家班),0,鼓楼校区,2009-2010学年 第1学期,37791,,,否,,,,,,0,中国新诗研究,,,,01271
32.0,400010,1990年代以来的文学观念研究(20092-01274-1),200910127437794,,1,,0,,0,,,2.0,文学院,否,,,2009-2010-1,,200910127437794,2007文学院汉语言文学(作家班),0,鼓楼校区,2009-2010学年 第1学期,37794,,,否,,,,,,0,1990年代以来的文学观念研究,,,,01274
32.0,400010,电视艺术理论(20091-01276-1),200910127619243,,3,,16,1-18周,0,罗慧林,1-18周 周二 第3节-第4节 仙Ⅱ-102,2.0,文学院,否,,周二,2009-2010-1,,200910127619243,2007文学院戏剧影视文学,0,仙林校区,2009-2010学年 第1学期,19243,仙Ⅱ-102,,否,,,,,,0,电视艺术理论,12,第3节-第4节,仙II区,01276
32.0,400010,表导演理论与实践(20091-014350-1),2009101435019232,,3,,32,1-18周,0,洪祖玲,1-18周 周日 第9节-第10节 仙Ⅱ-315,2.0,文学院,否,,周日,2009-2010-1,,2009101435019232,2009文学院戏剧影视文学,0,仙林校区,2009-2010学年 第1学期,19232,仙Ⅱ-315,,否,,,,,,0,表导演理论与实践,12,第9节-第10节,仙II区,014350
32.0,400010,昆曲艺术(20091-014360-1),2009101436019234,,3,,32,1-18周,0,许莉莉,1-18周 周二 第3节-第4节 仙Ⅱ-310,2.0,文学院,否,,周二,2009-2010-1,,2009101436019234,2009文学院戏剧影视文学,0,仙林校区,2009-2010学年 第1学期,19234,仙Ⅱ-310,,否,,,,,,0,昆曲艺术,12,第3节-第4节,仙II区,014360
32.0,400010,基础写作(20091-014370-1),2009101437020404,,3,,73,1-18周,0,张建勤,1-18周 周四 第1节-第2节 逸B-101,2.0,文学院,否,,周四,2009-2010-1,,2009101437020404,2009文学院汉语言文学（拔尖计划）,0,仙林校区,2009-2010学年 第1学期,20404,逸B-101,,否,,,,,,0,基础写作,16,第1节-第2节,逸夫楼B区,014370
48.0,400020,中国通史(一)(20091-020010A-1),20091020010A20243,,3,,186,1-18周,0,"成祖明,胡阿祥",1-18周 周五 第5节-第7节 仙Ⅰ-106,3.0,历史学院,否,,周五,2009-2010-1,,20091020010A20243,2009文学院汉语言文学（拔尖计划）,0,仙林校区,2009-2010学年 第1学期,20243,仙Ⅰ-106,,否,,,,,,0,中国通史(一),11,第5节-第7节,仙I区,020010A
32.0,400020,中华人民共和国史(20091-02004-1),200910200418877,,3,,32,1-18周,0,董国强,1-18周 周二 第1节-第2节 仙Ⅱ-101,2.0,历史学院,否,,周二,2009-2010-1,,200910200418877,2007历史学院历史学,0,仙林校区,2009-2010学年 第1学期,18877,仙Ⅱ-101,,否,,,,,,0,中华人民共和国史,12,第1节-第2节,仙II区,02004
32.0,400020,中华人民共和国史(20091-02004-1),200910200418901,,1,,30,1-18周,0,董国强,1-18周 周三 第1节-第2节 教209,2.0,历史学院,否,,周三,2009-2010-1,,200910200418901,2006历史学院历史学,0,鼓楼校区,2009-2010学年 第1学期,18901,教209,,否,,,,,,0,中华人民共和国史,1,第1节-第2节,教学楼,02004
48.0,400020,当代世界史(20091-02008-1),200910200818896,,1,,30,"1-18周,1-17周(单)",0,陈晖,"1-18周 周一 第3节-第4节 教209,1-17周(单) 周三 第3节-第4节 教209",3.0,历史学院,否,,"周一,周三",2009-2010-1,,200910200818896,2006历史学院历史学,0,鼓楼校区,2009-2010学年 第1学期,18896,"教209,教209",,否,,,,,,0,当代世界史,1,"第3节-第4节,第3节-第4节",教学楼,02008
48.0,400020,中国史学史(20091-02014-1),200910201418899,,1,,30,"2-18周(双),1-18周",0,邹劲风,"1-18周 周五 第3节-第4节 教209,2-18周(双) 周三 第3节-第4节 教209",3.0,历史学院,否,,"周三,周五",2009-2010-1,,200910201418899,2006历史学院历史学,0,鼓楼校区,2009-2010学年 第1学期,18899,"教209,教209",,否,,,,,,0,中国史学史,1,"第3节-第4节,第3节-第4节",教学楼,02014
32.0,400020,专业英语(上)(20091-02016A-1),2009102016A18882,,3,,32,1-18周,0,张红,1-18周 周五 第1节-第2节 仙Ⅱ-101,2.0,历史学院,否,,周五,2009-2010-1,,2009102016A18882,2007历史学院历史学,0,仙林校区,2009-2010学年 第1学期,18882,仙Ⅱ-101,,否,,,,,,0,专业英语(上),12,第1节-第2节,仙II区,02016A
,200090,现代经济学,200910201B010020825,,1,,0,1-18周,0,,1-18周 周五 第5节-第7节 教201,,研究生院,否,,周五,2009-2010-1,,200910201B010020825,,0,鼓楼校区,2009-2010学年 第1学期,20825,教201,,否,,,,,,0,,1,第5节-第7节,教学楼,0201B0100
32.0,400020,西欧封建社会研究(20091-02020-1),200910202018883,,3,,26,1-18周,0,陈日华,1-18周 周四 第1节-第2节 仙Ⅱ-102,2.0,历史学院,否,,周四,2009-2010-1,,200910202018883,2007历史学院历史学,0,仙林校区,2009-2010学年 第1学期,18883,仙Ⅱ-102,,否,,,,,,0,西欧封建社会研究,12,第1节-第2节,仙II区,02020
32.0,400020,行政管理学(20091-02040-1),200910204018884,,3,,26,1-18周,0,朱宝琴,1-18周 周一 第5节-第6节 仙Ⅱ-102,2.0,历史学院,否,,周一,2009-2010-1,,200910204018884,2007历史学院历史学,0,仙林校区,2009-2010学年 第1学期,18884,仙Ⅱ-102,,否,,,,,,0,行政管理学,12,第5节-第6节,仙II区,02040
32.0,400020,美国文化与外交(20091-02050-1),200910205020234,,3,,24,,0,,,2.0,历史学院,否,,,2009-2010-1,,200910205020234,,0,仙林校区,2009-2010学年 第1学期,20234,,,否,,,,,,0,美国文化与外交,,,,02050
32.0,400020,英国史(20091-02072-1),200910207218886,,3,,26,1-18周,0,刘金源,1-18周 周一 第3节-第4节 仙Ⅱ-102,2.0,历史学院,否,,周一,2009-2010-1,,200910207218886,2007历史学院历史学,0,仙林校区,2009-2010学年 第1学期,18886,仙Ⅱ-102,,否,,,,,,0,英国史,12,第3节-第4节,仙II区,02072
32.0,400020,欧洲学导论(20091-02080-1),200910208018887,,3,,22,1-18周,0,闵凡祥,1-18周 周二 第3节-第4节 仙Ⅱ-101,2.0,历史学院,否,,周二,2009-2010-1,,200910208018887,2007历史学院历史学,0,仙林校区,2009-2010学年 第1学期,18887,仙Ⅱ-101,,否,,,,,,0,欧洲学导论,12,第3节-第4节,仙II区,02080
32.0,400020,当代印度政治与经济(20091-02081-1),200910208118888,,3,,23,1-18周,0,刘立涛,1-18周 周五 第3节-第4节 仙Ⅱ-101,2.0,历史学院,否,,周五,2009-2010-1,,200910208118888,2007历史学院历史学,0,仙林校区,2009-2010学年 第1学期,18888,仙Ⅱ-101,,否,,,,,,0,当代印度政治与经济,12,第3节-第4节,仙II区,02081
32.0,400020,东西方学生运动史(20091-02082-1),200910208218889,,3,,29,1-18周,0,施义慧,1-18周 周四 第3节-第4节 仙Ⅱ-102,2.0,历史学院,否,,周四,2009-2010-1,,200910208218889,2007历史学院历史学,0,仙林校区,2009-2010学年 第1学期,18889,仙Ⅱ-102,,否,,,,,,0,东西方学生运动史,12,第3节-第4节,仙II区,02082
32.0,400020,史学理论与美国汉学研究(20091-02085-1),200910208518892,,3,,29,1-18周,0,罗晓翔,1-18周 周三 第3节-第4节 仙Ⅱ-102,2.0,历史学院,否,,周三,2009-2010-1,,200910208518892,2007历史学院历史学,0,仙林校区,2009-2010学年 第1学期,18892,仙Ⅱ-102,,否,,,,,,0,史学理论与美国汉学研究,12,第3节-第4节,仙II区,02085
48.0,400020,中国历史(三)(20091-02088C-1),2009102088C20241,,3,,163,1-18周,0,陈蕴茜,1-18周 周三 第5节-第7节 仙Ⅰ-206,3.0,历史学院,否,,周三,2009-2010-1,,2009102088C20241,,0,仙林校区,2009-2010学年 第1学期,20241,仙Ⅰ-206,,否,,,,,,0,中国历史(三),11,第5节-第7节,仙I区,02088C
64.0,400020,世界历史(二)(20091-02089B-1),2009102089B20242,,3,,31,"1-18周,1-18周",0,"于文杰,刘成","1-18周 周四 第3节-第4节 逸C-204,1-18周 周一 第5节-第6节 逸C-204",4.0,历史学院,否,,"周一,周四",2009-2010-1,,2009102089B20242,,0,仙林校区,2009-2010学年 第1学期,20242,"逸C-204,逸C-204",,否,,,,,,0,世界历史(二),17,"第5节-第6节,第3节-第4节",逸夫楼C区,02089B
32.0,400020,中国古代建筑(20091-02105-1),200910210518902,,1,,13,1-18周,0,周学鹰,1-18周 周一 第3节-第4节 教211,2.0,历史学院,否,,周一,2009-2010-1,,200910210518902,2006历史学院考古学,0,鼓楼校区,2009-2010学年 第1学期,18902,教211,,否,,,,,,0,中国古代建筑,1,第3节-第4节,教学楼,02105
32.0,400020,中国古代建筑(20091-02105-1),200910210518915,,3,,27,1-18周,0,周学鹰,1-18周 周一 第5节-第6节 仙Ⅱ-101,2.0,历史学院,否,,周一,2009-2010-1,,200910210518915,2008历史学院考古学,0,仙林校区,2009-2010学年 第1学期,18915,仙Ⅱ-101,,否,,,,,,0,中国古代建筑,12,第5节-第6节,仙II区,02105
160.0,400020,田野考古实习(20091-02106-1),200910210618912,,3,,12,1-18周,0,"水涛,吴桂兵,张敬雷",1-18周 周一 第1节-第2节 ,10.0,历史学院,否,,周一,2009-2010-1,,200910210618912,2007历史学院考古学,0,仙林校区,2009-2010学年 第1学期,18912,无,,否,,,,,,0,田野考古实习,,第1节-第2节,,02106
32.0,400020,博物馆学概论(20091-02109-1),200910210918904,,1,,13,"1-9周,1-9周",0,王晓琪,"1-9周 周四 第3节-第4节 教209,1-9周 周二 第5节-第6节 教209",2.0,历史学院,否,,"周二,周四",2009-2010-1,,200910210918904,2006历史学院考古学,0,鼓楼校区,2009-2010学年 第1学期,18904,"教209,教209",,否,,,,,,0,博物馆学概论,1,"第5节-第6节,第3节-第4节",教学楼,02109
48.0,400200,环境考古学(20091-02110-2),200910211019568,,1,,13,1-18周,0,朱诚,1-18周 周二 第2节-第4节 教209,3.0,地理与海洋科学学院,否,,周二,2009-2010-1,,200910211019568,2006历史学院考古学,0,鼓楼校区,2009-2010学年 第1学期,19568,教209,,否,,,,,,0,环境考古学,1,第2节-第4节,教学楼,02110
32.0,400020,古玉鉴赏与研究(20091-02117-1),200910211718905,,1,,13,"10-18周,10-18周",0,吴桂兵,"10-18周 周四 第3节-第4节 教209,10-18周 周二 第5节-第6节 教209",2.0,历史学院,否,,"周二,周四",2009-2010-1,,200910211718905,2006历史学院考古学,0,鼓楼校区,2009-2010学年 第1学期,18905,"教209,教209",,否,,,,,,0,古玉鉴赏与研究,1,"第5节-第6节,第3节-第4节",教学楼,02117
32.0,400020,中国佛教考古概论(20091-02122-1),200910212218907,,1,,13,1-18周,0,杨晓春,1-18周 周三 第3节-第4节 教211,2.0,历史学院,否,,周三,2009-2010-1,,200910212218907,2006历史学院考古学,0,鼓楼校区,2009-2010学年 第1学期,18907,教211,,否,,,,,,0,中国佛教考古概论,1,第3节-第4节,教学楼,02122
32.0,400020,中国陶瓷史(20091-02125-1),200910212518913,,3,,27,1-18周,0,贺云翱,1-18周 周三 第3节-第4节 仙Ⅱ-101,2.0,历史学院,否,,周三,2009-2010-1,,200910212518913,2008历史学院考古学,0,仙林校区,2009-2010学年 第1学期,18913,仙Ⅱ-101,,否,,,,,,0,中国陶瓷史,12,第3节-第4节,仙II区,02125
48.0,400020,夏商周考古(20091-02132-1),200910213218914,,3,,27,1-18周,0,周言,1-18周 周四 第2节-第4节 仙Ⅱ-101,3.0,历史学院,否,,周四,2009-2010-1,,200910213218914,2008历史学院考古学,0,仙林校区,2009-2010学年 第1学期,18914,仙Ⅱ-101,,否,,,,,,0,夏商周考古,12,第2节-第4节,仙II区,02132
48.0,400020,隋唐考古(20091-02135-1),200910213518909,,1,,13,1-18周,0,张学锋,1-18周 周五 第2节-第4节 教206,3.0,历史学院,否,,周五,2009-2010-1,,200910213518909,2006历史学院考古学,0,鼓楼校区,2009-2010学年 第1学期,18909,教206,,否,,,,,,0,隋唐考古,1,第2节-第4节,教学楼,02135
48.0,400020,宋元考古(20091-02136-1),200910213618910,,1,,13,1-18周,0,贺云翱,1-18周 周一 第5节-第7节 教211,3.0,历史学院,否,,周一,2009-2010-1,,200910213618910,2006历史学院考古学,0,鼓楼校区,2009-2010学年 第1学期,18910,教211,,否,,,,,,0,宋元考古,1,第5节-第7节,教学楼,02136
32.0,400050,法理学(一)(20091-030010A-1),20091030010A19121,,3,,60,1-18周,0,"单锋,周安平",1-18周 周五 第3节-第4节 仙Ⅰ-213,2.0,法学院,否,,周五,2009-2010-1,,20091030010A19121,,0,仙林校区,2009-2010学年 第1学期,19121,仙Ⅰ-213,,否,,,,,,0,法理学(一),11,第3节-第4节,仙I区,030010A
32.0,400050,法理学(一)(20091-030010A-2),20091030010A19122,,3,,63,1-18周,0,"熊静波,周安平",1-18周 周五 第1节-第2节 仙Ⅰ-212,2.0,法学院,否,,周五,2009-2010-1,,20091030010A19122,,0,仙林校区,2009-2010学年 第1学期,19122,仙Ⅰ-212,,否,,,,,,0,法理学(一),11,第1节-第2节,仙I区,030010A
32.0,400050,法理学(一)(20091-030010A-4),20091030010A21259,,3,,32,1-18周,0,熊静波,1-18周 周五 第3节-第4节 逸B-201,2.0,法学院,否,,周五,2009-2010-1,,20091030010A21259,2009匡亚明学院应用文科强化班,0,仙林校区,2009-2010学年 第1学期,21259,逸B-201,,否,,,,,,0,法理学(一),16,第3节-第4节,逸夫楼B区,030010A
32.0,400050,民法(总论)(20091-030040A-1),20091030040A19312,,3,,76,1-18周,0,"刘勇,刘青文",1-18周 周五 第1节-第2节 仙Ⅱ-313,2.0,法学院,否,,周五,2009-2010-1,,20091030040A19312,2008匡亚明学院应用文科强化班,0,仙林校区,2009-2010学年 第1学期,19312,仙Ⅱ-313,,否,,,,,,0,民法学(总论),12,第1节-第2节,仙II区,030040A
32.0,400050,民法(总论)(20091-030040A-2),20091030040A19315,,3,,67,1-18周,0,"刘青文,刘勇",1-18周 周五 第3节-第4节 仙Ⅰ-212,2.0,法学院,否,,周五,2009-2010-1,,20091030040A19315,,0,仙林校区,2009-2010学年 第1学期,19315,仙Ⅰ-212,,否,,,,,,0,民法学(总论),11,第3节-第4节,仙I区,030040A
48.0,400050,刑法学(20091-03004B-1),2009103004B18745,,3,,52,"1-18周,1-17周(单)",0,黄旭巍,"1-18周 周三 第1节-第2节 逸B-301,1-17周(单) 周五 第5节-第6节 逸B-301",3.0,法学院,否,,"周三,周五",2009-2010-1,,2009103004B18745,2008法学院法学,0,仙林校区,2009-2010学年 第1学期,18745,"逸B-301,逸B-301",,否,,,,,,0,刑法学,16,"第1节-第2节,第5节-第6节",逸夫楼B区,03004B
48.0,400050,刑法学(20091-03004B-2),2009103004B18746,,3,,55,"1-18周,1-17周(单)",0,"张淼,孙国祥","1-18周 周三 第1节-第2节 逸B-302,1-17周(单) 周五 第5节-第6节 逸B-302",3.0,法学院,否,,"周三,周五",2009-2010-1,,2009103004B18746,2008法学院法学,0,仙林校区,2009-2010学年 第1学期,18746,"逸B-302,逸B-302",,否,,,,,,0,刑法学,16,"第1节-第2节,第5节-第6节",逸夫楼B区,03004B
48.0,400050,行政法学(20091-03008-1),200910300820227,,1,,6,1-17周,0,胡敏洁,1-17周 周一 第5节-第7节 馆2-106,3.0,法学院,否,,周一,2009-2010-1,,200910300820227,2006信息管理学院信息管理与信息系统,0,鼓楼校区,2009-2010学年 第1学期,20227,馆2-106,,否,,,,,,0,行政法学,8,第5节-第7节,逸夫馆,03008
32.0,400050,行政诉讼法学(20091-03009-1),200910300918626,,3,,111,1-18周,0,"王太高,吴卫星",1-18周 周一 第3节-第4节 逸B-313,2.0,法学院,否,,周一,2009-2010-1,,200910300918626,2007法学院法学,0,仙林校区,2009-2010学年 第1学期,18626,逸B-313,,否,,,,,,0,行政诉讼法学,16,第3节-第4节,逸夫楼B区,03009
64.0,400050,刑事诉讼法学(20091-03010-1),200910301018642,,3,,49,"1-18周,1-18周",0,张复友,"1-18周 周四 第3节-第4节 逸B-301,1-18周 周一 第5节-第6节 逸B-301",4.0,法学院,否,,"周一,周四",2009-2010-1,,200910301018642,2008法学院法学,0,仙林校区,2009-2010学年 第1学期,18642,"逸B-301,逸B-301",,否,,,,,,0,刑事诉讼法学,16,"第5节-第6节,第3节-第4节",逸夫楼B区,03010
64.0,400050,刑事诉讼法学(20091-03010-2),200910301018643,,3,,54,"1-18周,1-18周",0,秦宗文,"1-18周 周四 第3节-第4节 逸B-302,1-18周 周一 第5节-第6节 逸B-302",4.0,法学院,否,,"周一,周四",2009-2010-1,,200910301018643,2008法学院法学,0,仙林校区,2009-2010学年 第1学期,18643,"逸B-302,逸B-302",,否,,,,,,0,刑事诉讼法学,16,"第5节-第6节,第3节-第4节",逸夫楼B区,03010
,200090,法律文化专题,20091030101D0321168,,1,,0,1-18周,0,,1-18周 周一 第5节-第6节 教207,,研究生院,否,,周一,2009-2010-1,,20091030101D0321168,,0,鼓楼校区,2009-2010学年 第1学期,21168,教207,,否,,,,,,0,,1,第5节-第6节,教学楼,030101D03
,200090,行政法基本理论,20091030103C0121172,,1,,0,1-18周,0,,1-18周 周三 第5节-第7节 教106,,研究生院,否,,周三,2009-2010-1,,20091030103C0121172,,0,鼓楼校区,2009-2010学年 第1学期,21172,教106,,否,,,,,,0,,1,第5节-第7节,教学楼,030103C01
,200090,行政诉讼法学专题,20091030103D0121173,,1,,0,1-18周,0,,1-18周 周一 第5节-第7节 ,,研究生院,否,,周一,2009-2010-1,,20091030103D0121173,,0,鼓楼校区,2009-2010学年 第1学期,21173,无,,否,,,,,,0,,,第5节-第7节,,030103D01
,200090,国际刑法专题,20091030104D0121174,,1,,0,1-18周,0,,1-18周 周一 第3节-第4节 馆1-302,,研究生院,否,,周一,2009-2010-1,,20091030104D0121174,,0,鼓楼校区,2009-2010学年 第1学期,21174,馆1-302,,否,,,,,,0,,8,第3节-第4节,逸夫馆,030104D01
,200090,英美法系刑法研究,20091030104D0221175,,1,,0,1-18周,0,,1-18周 周三 第3节-第4节 馆1-302,,研究生院,否,,周三,2009-2010-1,,20091030104D0221175,,0,鼓楼校区,2009-2010学年 第1学期,21175,馆1-302,,否,,,,,,0,,8,第3节-第4节,逸夫馆,030104D02
,200090,商法理论研究,20091030105C0121176,,1,,0,1-18周,0,,1-18周 周三 第3节-第4节 ,,研究生院,否,,周三,2009-2010-1,,20091030105C0121176,,0,鼓楼校区,2009-2010学年 第1学期,21176,无,,否,,,,,,0,,,第3节-第4节,,030105C01
,200090,知识产权法专题,20091030105C0421177,,1,,0,1-18周,0,,1-18周 周二 第5节-第6节 ,,研究生院,否,,周二,2009-2010-1,,20091030105C0421177,,0,鼓楼校区,2009-2010学年 第1学期,21177,无,,否,,,,,,0,,,第5节-第6节,,030105C04
,200090,家庭法与继承法专题,20091030105D0121179,,1,,0,1-18周,0,,1-18周 周三 第3节-第4节 馆2-204,,研究生院,否,,周三,2009-2010-1,,20091030105D0121179,,0,鼓楼校区,2009-2010学年 第1学期,21179,馆2-204,,否,,,,,,0,,8,第3节-第4节,逸夫馆,030105D01
,200090,外国民商法专题,20091030105D0221178,,1,,0,1-18周,0,,1-18周 周四 第3节-第4节 教104,,研究生院,否,,周四,2009-2010-1,,20091030105D0221178,,0,鼓楼校区,2009-2010学年 第1学期,21178,教104,,否,,,,,,0,,1,第3节-第4节,教学楼,030105D02
,200090,诉讼法学原理,20091030106C0121180,,1,,0,1-18周,0,,1-18周 周一 第3节-第4节 ,,研究生院,否,,周一,2009-2010-1,,20091030106C0121180,,0,鼓楼校区,2009-2010学年 第1学期,21180,无,,否,,,,,,0,,,第3节-第4节,,030106C01
,200090,证据法学专题,20091030106C0421181,,1,,0,1-18周,0,,1-18周 周二 第5节-第7节 ,,研究生院,否,,周二,2009-2010-1,,20091030106C0421181,,0,鼓楼校区,2009-2010学年 第1学期,21181,无,,否,,,,,,0,,,第5节-第7节,,030106C04
,200090,比较程序法学,20091030106D0121182,,1,,0,1-18周,0,,1-18周 周三 第3节-第4节 馆2-101,,研究生院,否,,周三,2009-2010-1,,20091030106D0121182,,0,鼓楼校区,2009-2010学年 第1学期,21182,馆2-101,,否,,,,,,0,,8,第3节-第4节,逸夫馆,030106D01
,200090,诉讼制度史,20091030106D0221183,,1,,0,1-18周,0,,1-18周 周五 第3节-第4节 馆2-101,,研究生院,否,,周五,2009-2010-1,,20091030106D0221183,,0,鼓楼校区,2009-2010学年 第1学期,21183,馆2-101,,否,,,,,,0,,8,第3节-第4节,逸夫馆,030106D02
,200090,执行法学研究,20091030106D0321184,,1,,0,1-18周,0,,1-18周 周四 第3节-第4节 馆2-101,,研究生院,否,,周四,2009-2010-1,,20091030106D0321184,,0,鼓楼校区,2009-2010学年 第1学期,21184,馆2-101,,否,,,,,,0,,8,第3节-第4节,逸夫馆,030106D03
,200090,侦查学和物证技术学,20091030106D0521185,,1,,0,1-18周,0,,1-18周 周一 第3节-第4节 馆2-101,,研究生院,否,,周一,2009-2010-1,,20091030106D0521185,,0,鼓楼校区,2009-2010学年 第1学期,21185,馆2-101,,否,,,,,,0,,8,第3节-第4节,逸夫馆,030106D05
,200090,公司法研究,20091030107C0121186,,1,,0,1-18周,0,,1-18周 周一 第3节-第4节 ,,研究生院,否,,周一,2009-2010-1,,20091030107C0121186,,0,鼓楼校区,2009-2010学年 第1学期,21186,无,,否,,,,,,0,,,第3节-第4节,,030107C01
,200090,经济法哲学,20091030107C0221187,,1,,0,1-18周,0,,1-18周 周五 第3节-第4节 教104,,研究生院,否,,周五,2009-2010-1,,20091030107C0221187,,0,鼓楼校区,2009-2010学年 第1学期,21187,教104,,否,,,,,,0,,1,第3节-第4节,教学楼,030107C02
,200090,竞争法研究,20091030107C0321188,,1,,0,1-18周,0,,1-18周 周二 第3节-第4节 ,,研究生院,否,,周二,2009-2010-1,,20091030107C0321188,,0,鼓楼校区,2009-2010学年 第1学期,21188,无,,否,,,,,,0,,,第3节-第4节,,030107C03
,200090,比较公司法研究,20091030107D0521189,,1,,0,1-18周,0,,1-18周 周四 第3节-第4节 馆1-302,,研究生院,否,,周四,2009-2010-1,,20091030107D0521189,,0,鼓楼校区,2009-2010学年 第1学期,21189,馆1-302,,否,,,,,,0,,8,第3节-第4节,逸夫馆,030107D05
,200090,金融法研究,20091030107D0621190,,1,,0,1-18周,0,,1-18周 周五 第3节-第4节 ,,研究生院,否,,周五,2009-2010-1,,20091030107D0621190,,0,鼓楼校区,2009-2010学年 第1学期,21190,无,,否,,,,,,0,,,第3节-第4节,,030107D06
,200090,消费者法研究,20091030107D0821191,,1,,0,1-18周,0,,1-18周 周一 第3节-第4节 馆2-204,,研究生院,否,,周一,2009-2010-1,,20091030107D0821191,,0,鼓楼校区,2009-2010学年 第1学期,21191,馆2-204,,否,,,,,,0,,8,第3节-第4节,逸夫馆,030107D08
,200090,保险法研究,20091030107D1021192,,1,,0,2-18周,0,,2-18周 周四 第5节-第6节 教304,,研究生院,否,,周四,2009-2010-1,,20091030107D1021192,,0,鼓楼校区,2009-2010学年 第1学期,21192,教304,,否,,,,,,0,,1,第5节-第6节,教学楼,030107D10
,200090,劳动法研究,20091030107D1121193,,1,,0,1-18周,0,,1-18周 周三 第5节-第6节 ,,研究生院,否,,周三,2009-2010-1,,20091030107D1121193,,0,鼓楼校区,2009-2010学年 第1学期,21193,无,,否,,,,,,0,,,第5节-第6节,,030107D11
,200090,经济法前沿,20091030107X0121197,,1,,0,1-18周,0,,1-18周 周一 第5节-第7节 教316,,研究生院,否,,周一,2009-2010-1,,20091030107X0121197,,0,鼓楼校区,2009-2010学年 第1学期,21197,教316,,否,,,,,,0,,1,第5节-第7节,教学楼,030107X01
,200090,国际经济法基础理论,20091030109C0121194,,1,,0,1-18周,0,,1-18周 周三 第5节-第7节 教113,,研究生院,否,,周三,2009-2010-1,,20091030109C0121194,,0,鼓楼校区,2009-2010学年 第1学期,21194,教113,,否,,,,,,0,,1,第5节-第7节,教学楼,030109C01
,200090,国际公法理论,20091030109C0321195,,1,,0,1-18周,0,,1-18周 周五 第3节-第4节 教106,,研究生院,否,,周五,2009-2010-1,,20091030109C0321195,,0,鼓楼校区,2009-2010学年 第1学期,21195,教106,,否,,,,,,0,,1,第3节-第4节,教学楼,030109C03
,200090,国际私法理论,20091030109C0421196,,1,,0,1-18周,0,,1-18周 周四 第3节-第4节 教304,,研究生院,否,,周四,2009-2010-1,,20091030109C0421196,,0,鼓楼校区,2009-2010学年 第1学期,21196,教304,,否,,,,,,0,,1,第3节-第4节,教学楼,030109C04
32.0,400050,国际公法(20091-030120-1),2009103012019316,,3,,70,1-18周,0,"彭岳,宋晓",1-18周 周一 第5节-第6节 仙Ⅰ-202,2.0,法学院,否,,周一,2009-2010-1,,2009103012019316,,0,仙林校区,2009-2010学年 第1学期,19316,仙Ⅰ-202,,否,,,,,,0,国际公法学,11,第5节-第6节,仙I区,030120
32.0,400050,国际公法(20091-030120-2),2009103012019317,,3,,71,1-18周,0,"彭岳,宋晓",1-18周 周五 第5节-第6节 仙Ⅰ-203,2.0,法学院,否,,周五,2009-2010-1,,2009103012019317,,0,仙林校区,2009-2010学年 第1学期,19317,仙Ⅰ-203,,否,,,,,,0,国际公法学,11,第5节-第6节,仙I区,030120
32.0,400050,经济法学(20091-03013-1),200910301318644,,3,,51,1-18周,0,"李华,李友根",1-18周 周五 第1节-第2节 逸B-301,2.0,法学院,否,,周五,2009-2010-1,,200910301318644,2008法学院法学,0,仙林校区,2009-2010学年 第1学期,18644,逸B-301,,否,,,,,,0,经济法学,16,第1节-第2节,逸夫楼B区,03013
32.0,400050,经济法学(20091-03013-2),200910301318645,,3,,66,1-18周,0,"李华,李友根",1-18周 周五 第3节-第4节 逸B-301,2.0,法学院,否,,周五,2009-2010-1,,200910301318645,2008法学院法学,0,仙林校区,2009-2010学年 第1学期,18645,逸B-301,,否,,,,,,0,经济法学,16,第3节-第4节,逸夫楼B区,03013
32.0,400050,经济法学(20091-03013-4),200910301319339,,3,,165,1-18周,0,"齐晓琨,李华",1-18周 周一 第5节-第7节 逸A-117,2.0,法学院,否,,周一,2009-2010-1,,200910301319339,"2007商学院工商管理,2009商学院工商管理（二学位),2007商学院市场营销,2007商学院财务管理,2007商学院会计学",0,仙林校区,2009-2010学年 第1学期,19339,逸A-117,,否,,,,,,0,经济法学,15,第5节-第7节,逸夫楼A区,03013
48.0,400050,国际私法(20091-03017-1),200910301718627,,3,,54,1-18周,0,许利民,1-18周 周五 第5节-第7节 逸B-307,3.0,法学院,否,,周五,2009-2010-1,,200910301718627,2007法学院法学,0,仙林校区,2009-2010学年 第1学期,18627,逸B-307,,否,,,,,,0,国际私法,16,第5节-第7节,逸夫楼B区,03017
48.0,400050,国际私法(20091-03017-2),200910301718628,,3,,57,1-18周,0,焦燕,1-18周 周五 第5节-第7节 逸B-308,3.0,法学院,否,,周五,2009-2010-1,,200910301718628,2007法学院法学,0,仙林校区,2009-2010学年 第1学期,18628,逸B-308,,否,,,,,,0,国际私法,16,第5节-第7节,逸夫楼B区,03017
,200090,法理学,20091030180B0121200,,1,,0,1-18周,0,,1-18周 周二 第5节-第7节 馆3-204,,研究生院,否,,周二,2009-2010-1,,20091030180B0121200,,0,鼓楼校区,2009-2010学年 第1学期,21200,馆3-204,,否,,,,,,0,,8,第5节-第7节,逸夫馆,030180B01
,200090,宪法,20091030180B0321201,,1,,0,1-18周,0,,1-18周 周二 第3节-第4节 馆3-204,,研究生院,否,,周二,2009-2010-1,,20091030180B0321201,,0,鼓楼校区,2009-2010学年 第1学期,21201,馆3-204,,否,,,,,,0,,8,第3节-第4节,逸夫馆,030180B03
,200090,民法学,20091030180B0421202,,1,,0,"1-18周,1-18周",0,,"1-18周 周四 第1节-第2节 馆1-105,1-18周 周一 第3节-第4节 馆1-105",,研究生院,否,,"周一,周四",2009-2010-1,,20091030180B0421202,,0,鼓楼校区,2009-2010学年 第1学期,21202,"馆1-105,馆1-105",,否,,,,,,0,,8,"第3节-第4节,第1节-第2节",逸夫馆,030180B04
,200090,刑法学,20091030180B0521204,,1,,0,"1-18周,1-18周",0,,"1-18周 周四 第3节-第4节 馆1-105,1-18周 周一 第5节-第6节 馆1-105",,研究生院,否,,"周一,周四",2009-2010-1,,20091030180B0521204,,0,鼓楼校区,2009-2010学年 第1学期,21204,"馆1-105,馆1-105",,否,,,,,,0,,8,"第5节-第6节,第3节-第4节",逸夫馆,030180B05
,200090,法律文书课,20091030180B1121213,,1,,0,1-18周,0,,1-18周 周二 第5节-第7节 馆2-306,,研究生院,否,,周二,2009-2010-1,,20091030180B1121213,,0,鼓楼校区,2009-2010学年 第1学期,21213,馆2-306,,否,,,,,,0,,8,第5节-第7节,逸夫馆,030180B11
,200090,外国法律史,20091030180C0121206,,1,,0,1-18周,0,,1-18周 周三 第3节-第4节 馆2-306,,研究生院,否,,周三,2009-2010-1,,20091030180C0121206,,0,鼓楼校区,2009-2010学年 第1学期,21206,馆2-306,,否,,,,,,0,,8,第3节-第4节,逸夫馆,030180C01
,200090,商法,20091030180C0221207,,1,,0,1-18周,0,,1-18周 周三 第5节-第7节 馆2-306,,研究生院,否,,周三,2009-2010-1,,20091030180C0221207,,0,鼓楼校区,2009-2010学年 第1学期,21207,馆2-306,,否,,,,,,0,,8,第5节-第7节,逸夫馆,030180C02
,200090,国际经济法,20091030180C0321208,,1,,0,1-18周,0,,1-18周 周二 第3节-第4节 馆2-306,,研究生院,否,,周二,2009-2010-1,,20091030180C0321208,,0,鼓楼校区,2009-2010学年 第1学期,21208,馆2-306,,否,,,,,,0,,8,第3节-第4节,逸夫馆,030180C03
,200090,国际私法,20091030180C0421209,,1,,0,1-18周,0,,1-18周 周四 第5节-第6节 馆3-204,,研究生院,否,,周四,2009-2010-1,,20091030180C0421209,,0,鼓楼校区,2009-2010学年 第1学期,21209,馆3-204,,否,,,,,,0,,8,第5节-第6节,逸夫馆,030180C04
,200090,知识产权法,20091030180C0521210,,1,,0,1-18周,0,,1-18周 周四 第1节-第2节 馆3-204,,研究生院,否,,周四,2009-2010-1,,20091030180C0521210,,0,鼓楼校区,2009-2010学年 第1学期,21210,馆3-204,,否,,,,,,0,,8,第1节-第2节,逸夫馆,030180C05
,200090,环境资源法,20091030180C0621211,,1,,0,1-18周,0,,1-18周 周五 第5节-第6节 馆2-306,,研究生院,否,,周五,2009-2010-1,,20091030180C0621211,,0,鼓楼校区,2009-2010学年 第1学期,21211,馆2-306,,否,,,,,,0,,8,第5节-第6节,逸夫馆,030180C06
,200090,法律方法,20091030180C0821212,,1,,0,1-18周,0,,1-18周 周五 第3节-第4节 馆2-306,,研究生院,否,,周五,2009-2010-1,,20091030180C0821212,,0,鼓楼校区,2009-2010学年 第1学期,21212,馆2-306,,否,,,,,,0,,8,第3节-第4节,逸夫馆,030180C08
32.0,400050,法律社会学(20091-03019-1),200910301918618,,1,,18,1-17周,0,"卜安淳,蔡琳,熊静波",1-17周 周一 第5节-第6节 教203,2.0,法学院,否,,周一,2009-2010-1,,200910301918618,2006法学院法学,0,鼓楼校区,2009-2010学年 第1学期,18618,教203,,否,,,,,,0,法律社会学,1,第5节-第6节,教学楼,03019
,200090,法理学专题,200910301B000121167,,1,,0,1-18周,0,,1-18周 周五 第5节-第7节 ,,研究生院,否,,周五,2009-2010-1,,200910301B000121167,,0,鼓楼校区,2009-2010学年 第1学期,21167,无,,否,,,,,,0,,,第5节-第7节,,0301B0001
,200090,经济法总论,200910301B000221169,,1,,0,1-18周,0,,1-18周 周一 第5节-第7节 ,,研究生院,否,,周一,2009-2010-1,,200910301B000221169,,0,鼓楼校区,2009-2010学年 第1学期,21169,无,,否,,,,,,0,,,第5节-第7节,,0301B0002
,200090,中国刑法总论研究,200910301B000321170,,1,,0,1-18周,0,,1-18周 周三 第5节-第7节 教104,,研究生院,否,,周三,2009-2010-1,,200910301B000321170,,0,鼓楼校区,2009-2010学年 第1学期,21170,教104,,否,,,,,,0,,1,第5节-第7节,教学楼,0301B0003
,200090,民法总论,200910301B000421171,,1,,0,1-18周,0,,1-18周 周四 第5节-第7节 馆2-306,,研究生院,否,,周四,2009-2010-1,,200910301B000421171,,0,鼓楼校区,2009-2010学年 第1学期,21171,馆2-306,,否,,,,,,0,,8,第5节-第7节,逸夫馆,0301B0004
48.0,400050,外国法制史(20091-03020-1),200910302018619,,1,,19,1-17周,0,咸鸿昌,1-17周 周四 第5节-第7节 教212,3.0,法学院,否,,周四,2009-2010-1,,200910302018619,2006法学院法学,0,鼓楼校区,2009-2010学年 第1学期,18619,教212,,否,,,,,,0,外国法制史,1,第5节-第7节,教学楼,03020
,200090,国家公务员制度比较研究,20091030201D0420835,,1,,0,1-18周,0,,1-18周 周四 第5节-第6节 教205,,研究生院,否,,周四,2009-2010-1,,20091030201D0420835,,0,鼓楼校区,2009-2010学年 第1学期,20835,教205,,否,,,,,,0,,1,第5节-第6节,教学楼,030201D04
,200090,近现代中国政治制度与思想专题研究,20091030201D0520838,,1,,0,1-18周,0,,1-18周 周二 第5节-第6节 教314,,研究生院,否,,周二,2009-2010-1,,20091030201D0520838,,0,鼓楼校区,2009-2010学年 第1学期,20838,教314,,否,,,,,,0,,1,第5节-第6节,教学楼,030201D05
,200090,政党制度专题研究,20091030201D0620828,,1,,0,1-18周,0,,1-18周 周一 第3节-第4节 馆3-205,,研究生院,否,,周一,2009-2010-1,,20091030201D0620828,,0,鼓楼校区,2009-2010学年 第1学期,20828,馆3-205,,否,,,,,,0,,8,第3节-第4节,逸夫馆,030201D06
32.0,400050,犯罪学(20091-03021-1),200910302118620,,1,,33,1-17周,0,狄小华,1-17周 周五 第3节-第4节 教305,2.0,法学院,否,,周五,2009-2010-1,,200910302118620,2006法学院法学,0,鼓楼校区,2009-2010学年 第1学期,18620,教305,,否,,,,,,0,犯罪学,1,第3节-第4节,教学楼,03021
32.0,400050,立法学(20091-03023-1),200910302318621,,1,,17,1-17周,0,田芳,1-17周 周三 第3节-第4节 教301,2.0,法学院,否,,周三,2009-2010-1,,200910302318621,2006法学院法学,0,鼓楼校区,2009-2010学年 第1学期,18621,教301,,否,,,,,,0,立法学,1,第3节-第4节,教学楼,03023
48.0,400050,环境与资源保护法学(20091-03024-1),200910302418629,,3,,79,1-18周,0,吴卫星,1-18周 周四 第5节-第7节 仙Ⅱ-418,3.0,法学院,否,,周四,2009-2010-1,,200910302418629,2007法学院法学,0,仙林校区,2009-2010学年 第1学期,18629,仙Ⅱ-418,,否,,,,,,0,环境与资源保护法学,12,第5节-第7节,仙II区,03024
48.0,400050,公司法学(20091-03026-1),200910302618631,,3,,105,1-18周,0,周梅,1-18周 周三 第5节-第7节 逸B-207,3.0,法学院,否,,周三,2009-2010-1,,200910302618631,2007法学院法学,0,仙林校区,2009-2010学年 第1学期,18631,逸B-207,,否,,,,,,0,公司法学,16,第5节-第7节,逸夫楼B区,03026
48.0,400050,金融法学(20091-03027-1),200910302718632,,3,,99,1-18周,0,"张理,曾洋",1-18周 周一 第5节-第7节 逸B-207,3.0,法学院,否,,周一,2009-2010-1,,200910302718632,2007法学院法学,0,仙林校区,2009-2010学年 第1学期,18632,逸B-207,,否,,,,,,0,金融法学,16,第5节-第7节,逸夫楼B区,03027
32.0,400050,劳动法学(20091-03029-1),200910302918633,,3,,103,1-18周,0,"周长征,黄秀梅",1-18周 周四 第3节-第4节 逸B-207,2.0,法学院,否,,周四,2009-2010-1,,200910302918633,2007法学院法学,0,仙林校区,2009-2010学年 第1学期,18633,逸B-207,,否,,,,,,0,劳动法学,16,第3节-第4节,逸夫楼B区,03029
,200090,政治学基础理论研究,200910302B010020831,,1,,0,1-18周,0,,1-18周 周四 第2节-第4节 馆2-306,,研究生院,否,,周四,2009-2010-1,,200910302B010020831,,0,鼓楼校区,2009-2010学年 第1学期,20831,馆2-306,,否,,,,,,0,,8,第2节-第4节,逸夫馆,0302B0100
,200090,公共行政学理论方法,200910302B010120832,,1,,0,1-18周,0,,1-18周 周五 第3节-第4节 ,,研究生院,否,,周五,2009-2010-1,,200910302B010120832,,0,鼓楼校区,2009-2010学年 第1学期,20832,无,,否,,,,,,0,,,第3节-第4节,,0302B0101
,200090,公共预算专题研究,200910302B010220833,,1,,0,1-18周,0,,1-18周 周一 第5节-第6节 教205,,研究生院,否,,周一,2009-2010-1,,200910302B010220833,,0,鼓楼校区,2009-2010学年 第1学期,20833,教205,,否,,,,,,0,,1,第5节-第6节,教学楼,0302B0102
,200090,当代中国政府与政治,200910302B020020839,,1,,0,1-18周,0,,1-18周 周三 第5节-第6节 馆1-307,,研究生院,否,,周三,2009-2010-1,,200910302B020020839,,0,鼓楼校区,2009-2010学年 第1学期,20839,馆1-307,,否,,,,,,0,,8,第5节-第6节,逸夫馆,0302B0200
,200090,公共政策专题研究,200910302B030020830,,1,,0,1-18周,0,,1-18周 周三 第3节-第4节 教208,,研究生院,否,,周三,2009-2010-1,,200910302B030020830,,0,鼓楼校区,2009-2010学年 第1学期,20830,教208,,否,,,,,,0,,1,第3节-第4节,教学楼,0302B0300
,200090,西方社会学理论及名著选读（经典）,20091030301B0120867,,1,,0,3-18周,0,,3-18周 周五 第5节-第6节 教318,,研究生院,否,,周五,2009-2010-1,,20091030301B0120867,,0,鼓楼校区,2009-2010学年 第1学期,20867,教318,,否,,,,,,0,,1,第5节-第6节,教学楼,030301B01
,200090,社会学研究方法,20091030301B0320868,,1,,0,3-18周,0,,3-18周 周三 第2节-第4节 馆3-204,,研究生院,否,,周三,2009-2010-1,,20091030301B0320868,,0,鼓楼校区,2009-2010学年 第1学期,20868,馆3-204,,否,,,,,,0,,8,第2节-第4节,逸夫馆,030301B03
,200090,高级社会统计学,20091030301B0420869,,1,,0,3-18周,0,,3-18周 周五 第3节-第4节 馆1-204,,研究生院,否,,周五,2009-2010-1,,20091030301B0420869,,0,鼓楼校区,2009-2010学年 第1学期,20869,馆1-204,,否,,,,,,0,,8,第3节-第4节,逸夫馆,030301B04
,200090,中国人社会行为分析,20091030301C0320882,,1,,0,1-18周,0,,1-18周 周四 第3节-第4节 馆2-104,,研究生院,否,,周四,2009-2010-1,,20091030301C0320882,,0,鼓楼校区,2009-2010学年 第1学期,20882,馆2-104,,否,,,,,,0,,8,第3节-第4节,逸夫馆,030301C03
,200090,社会发展与社会政策,20091030301D1020871,,1,,0,1-18周,0,,1-18周 周一 第5节-第6节 馆3-205,,研究生院,否,,周一,2009-2010-1,,20091030301D1020871,,0,鼓楼校区,2009-2010学年 第1学期,20871,馆3-205,,否,,,,,,0,,8,第5节-第6节,逸夫馆,030301D10
,200090,社会福利专题,20091030301D1120884,,1,,0,1-18周,0,,1-18周 周二 第3节-第4节 馆2-204,,研究生院,否,,周二,2009-2010-1,,20091030301D1120884,,0,鼓楼校区,2009-2010学年 第1学期,20884,馆2-204,,否,,,,,,0,,8,第3节-第4节,逸夫馆,030301D11
,200090,人口理论与政策,20091030302B0120877,,1,,0,1-18周,0,,1-18周 周四 第5节-第6节 馆3-205,,研究生院,否,,周四,2009-2010-1,,20091030302B0120877,,0,鼓楼校区,2009-2010学年 第1学期,20877,馆3-205,,否,,,,,,0,,8,第5节-第6节,逸夫馆,030302B01
,200090,人口社会学,20091030302C0320876,,1,,0,1-18周,0,,1-18周 周二 第3节-第4节 馆2-202,,研究生院,否,,周二,2009-2010-1,,20091030302C0320876,,0,鼓楼校区,2009-2010学年 第1学期,20876,馆2-202,,否,,,,,,0,,8,第3节-第4节,逸夫馆,030302C03
,200090,中国人口问题研究,20091030302C0620889,,1,,0,1-18周,0,,1-18周 周一 第3节-第4节 馆2-203,,研究生院,否,,周一,2009-2010-1,,20091030302C0620889,,0,鼓楼校区,2009-2010学年 第1学期,20889,馆2-203,,否,,,,,,0,,8,第3节-第4节,逸夫馆,030302C06
,200090,现代人口分析技术,20091030302D0220890,,1,,0,1-18周,0,,1-18周 周一 第1节-第2节 馆2-203,,研究生院,否,,周一,2009-2010-1,,20091030302D0220890,,0,鼓楼校区,2009-2010学年 第1学期,20890,馆2-203,,否,,,,,,0,,8,第1节-第2节,逸夫馆,030302D02
,200090,传播与社会研究,20091030302D1020870,,1,,0,1-18周,0,,1-18周 周二 第3节-第4节 ,,研究生院,否,,周二,2009-2010-1,,20091030302D1020870,,0,鼓楼校区,2009-2010学年 第1学期,20870,专用或实验教室,,否,,,,,,0,,,第3节-第4节,,030302D10
,200090,田野工作方法,20091030303B0320885,,1,,0,1-18周,0,,1-18周 周五 第2节-第4节 馆2-209,,研究生院,否,,周五,2009-2010-1,,20091030303B0320885,,0,鼓楼校区,2009-2010学年 第1学期,20885,馆2-209,,否,,,,,,0,,8,第2节-第4节,逸夫馆,030303B03
,200090,经济人类学,20091030303C0220872,,1,,0,1-18周,0,,1-18周 周一 第5节-第6节 馆2-202,,研究生院,否,,周一,2009-2010-1,,20091030303C0220872,,0,鼓楼校区,2009-2010学年 第1学期,20872,馆2-202,,否,,,,,,0,,8,第5节-第6节,逸夫馆,030303C02
,200090,乡土中国研究专题,20091030303C0420883,,1,,0,1-18周,0,,1-18周 周一 第5节-第6节 馆2-105,,研究生院,否,,周一,2009-2010-1,,20091030303C0420883,,0,鼓楼校区,2009-2010学年 第1学期,20883,馆2-105,,否,,,,,,0,,8,第5节-第6节,逸夫馆,030303C04
,200090,关于“死”的专题研究,20091030303D0220888,,1,,0,1-18周,0,,1-18周 周二 第3节-第4节 馆2-207,,研究生院,否,,周二,2009-2010-1,,20091030303D0220888,,0,鼓楼校区,2009-2010学年 第1学期,20888,馆2-207,,否,,,,,,0,,8,第3节-第4节,逸夫馆,030303D02
,200090,中国人类学史,20091030303D0720873,,1,,0,1-18周,0,,1-18周 周二 第3节-第4节 馆2-209,,研究生院,否,,周二,2009-2010-1,,20091030303D0720873,,0,鼓楼校区,2009-2010学年 第1学期,20873,馆2-209,,否,,,,,,0,,8,第3节-第4节,逸夫馆,030303D07
,200090,语言学人类学,20091030303D0920886,,1,,0,1-18周,0,,1-18周 周四 第3节-第4节 馆2-209,,研究生院,否,,周四,2009-2010-1,,20091030303D0920886,,0,鼓楼校区,2009-2010学年 第1学期,20886,馆2-209,,否,,,,,,0,,8,第3节-第4节,逸夫馆,030303D09
,200090,南亚社会人类学专题,20091030303D1020875,,1,,0,1-18周,0,,1-18周 周三 第5节-第6节 馆2-209,,研究生院,否,,周三,2009-2010-1,,20091030303D1020875,,0,鼓楼校区,2009-2010学年 第1学期,20875,馆2-209,,否,,,,,,0,,8,第5节-第6节,逸夫馆,030303D10
,200090,环境人类学专题研究,20091030303D1120874,,1,,0,1-18周,0,,1-18周 周三 第3节-第4节 馆2-209,,研究生院,否,,周三,2009-2010-1,,20091030303D1120874,,0,鼓楼校区,2009-2010学年 第1学期,20874,馆2-209,,否,,,,,,0,,8,第3节-第4节,逸夫馆,030303D11
,200090,认知与教育人类学,20091030303D1220887,,1,,0,1-18周,0,,1-18周 周一 第3节-第4节 馆2-202,,研究生院,否,,周一,2009-2010-1,,20091030303D1220887,,0,鼓楼校区,2009-2010学年 第1学期,20887,馆2-202,,否,,,,,,0,,8,第3节-第4节,逸夫馆,030303D12
48.0,400050,海商法学(20091-03032-1),200910303218622,,1,,23,1-17周,0,岳卫,1-17周 周二 第5节-第7节 教212,3.0,法学院,否,,周二,2009-2010-1,,200910303218622,2006法学院法学,0,鼓楼校区,2009-2010学年 第1学期,18622,教212,,否,,,,,,0,海商法学,1,第5节-第7节,教学楼,03032
32.0,400050,竞争法学(20091-03033-1),200910303318634,,3,,95,1-18周,0,"杨阳,方小敏",1-18周 周三 第3节-第4节 逸B-207,2.0,法学院,否,,周三,2009-2010-1,,200910303318634,2007法学院法学,0,仙林校区,2009-2010学年 第1学期,18634,逸B-207,,否,,,,,,0,竞争法学,16,第3节-第4节,逸夫楼B区,03033
32.0,400050,专业英语(20091-03035A-1),2009103035A18635,,3,,65,1-18周,0,孙雯,1-18周 周二 第1节-第2节 逸B-205,2.0,法学院,否,,周二,2009-2010-1,,2009103035A18635,2007法学院法学,0,仙林校区,2009-2010学年 第1学期,18635,逸B-205,,否,,,,,,0,专业英语,16,第1节-第2节,逸夫楼B区,03035A
32.0,400050,司法文书(20091-03036-1),200910303618636,,3,,89,1-18周,0,许利民,1-18周 周五 第3节-第4节 仙Ⅱ-406,2.0,法学院,否,,周五,2009-2010-1,,200910303618636,2007法学院法学,0,仙林校区,2009-2010学年 第1学期,18636,仙Ⅱ-406,,否,,,,,,0,司法文书,12,第3节-第4节,仙II区,03036
32.0,400050,国际技术转让法(20091-03040-1),200910304018623,,1,,13,1-17周,0,胡晓红,1-17周 周二 第3节-第4节 教301,2.0,法学院,否,,周二,2009-2010-1,,200910304018623,2006法学院法学,0,鼓楼校区,2009-2010学年 第1学期,18623,教301,,否,,,,,,0,国际技术转让法,1,第3节-第4节,教学楼,03040
,200090,初级韩语,20091030401D0320935,,1,,0,"1-18周,1-18周",0,,"1-18周 周二 第9节-第10节 教207,1-18周 周四 第9节-第10节 教207",,研究生院,否,,"周二,周四",2009-2010-1,,20091030401D0320935,,0,鼓楼校区,2009-2010学年 第1学期,20935,"教207,教207",,否,,,,,,0,,1,"第9节-第10节,第9节-第10节",教学楼,030401D03
,200090,中级韩语,20091030401D0420937,,1,,0,"1-18周,1-18周",0,,"1-18周 周三 第9节-第10节 教207,1-18周 周五 第9节-第10节 教207",,研究生院,否,,"周三,周五",2009-2010-1,,20091030401D0420937,,0,鼓楼校区,2009-2010学年 第1学期,20937,"教207,教207",,否,,,,,,0,,1,"第9节-第10节,第9节-第10节",教学楼,030401D04
32.0,400050,国际税法(20091-03041-1),200910304118624,,1,,24,1-17周,0,姜冲,1-17周 周四 第3节-第4节 教301,2.0,法学院,否,,周四,2009-2010-1,,200910304118624,2006法学院法学,0,鼓楼校区,2009-2010学年 第1学期,18624,教301,,否,,,,,,0,国际税法,1,第3节-第4节,教学楼,03041
32.0,400050,国际商法(20091-03042-1),200910304218637,,3,,91,1-18周,0,孙雯,1-18周 周二 第3节-第4节 仙Ⅱ-406,2.0,法学院,否,,周二,2009-2010-1,,200910304218637,2007法学院法学,0,仙林校区,2009-2010学年 第1学期,18637,仙Ⅱ-406,,否,,,,,,0,国际商法,12,第3节-第4节,仙II区,03042
32.0,400050,国际商法(20091-03042-2),200910304219324,,3,,60,"1-17周(单),1-18周",0,彭岳,"1-18周 周五 第3节-第4节 仙Ⅱ-401,1-17周(单) 周四 第3节-第4节 仙Ⅱ-401",2.0,法学院,否,,"周四,周五",2009-2010-1,,200910304219324,"2006外国语学院应用英语强化班,2009商学院国际经济与贸易（二学位）,2007商学院国际经济与贸易",0,仙林校区,2009-2010学年 第1学期,19324,"仙Ⅱ-401,仙Ⅱ-401",,否,,,,,,0,国际商法,12,"第3节-第4节,第3节-第4节",仙II区,03042
32.0,400050,律师实务(20091-03046-1),200910304618625,,1,,26,1-17周,0,徐棣枫,1-17周 周一 第3节-第4节 教305,2.0,法学院,否,,周一,2009-2010-1,,200910304618625,2006法学院法学,0,鼓楼校区,2009-2010学年 第1学期,18625,教305,,否,,,,,,0,律师实务,1,第3节-第4节,教学楼,03046
32.0,400050,美国J.D.课程导学(20091-03050-1),200910305021244,,3,,41,1-18周,0,Weston  White,1-18周 周一 第7节-第8节 仙Ⅱ-216,2.0,法学院,否,,周一,2009-2010-1,,200910305021244,2008法学院法学,0,仙林校区,2009-2010学年 第1学期,21244,仙Ⅱ-216,,否,,,,,,0,美国J.D.课程导学,12,第7节-第8节,仙II区,03050
,200090,马克思主义哲学专题研究,20091030501C0120829,,1,,0,1-18周,0,,1-18周 周一 第3节-第4节 馆2-209,,研究生院,否,,周一,2009-2010-1,,20091030501C0120829,,0,鼓楼校区,2009-2010学年 第1学期,20829,馆2-209,,否,,,,,,0,,8,第3节-第4节,逸夫馆,030501C01
,200090,西方道德教育与法律思想专题研究,20091030505C0420837,,1,,0,1-18周,0,,1-18周 周二 第5节-第6节 馆2-101,,研究生院,否,,周二,2009-2010-1,,20091030505C0420837,,0,鼓楼校区,2009-2010学年 第1学期,20837,馆2-101,,否,,,,,,0,,8,第5节-第6节,逸夫馆,030505C04
,200090,现代西方伦理思想专题研究,20091030505D0220834,,1,,0,1-18周,0,,1-18周 周一 第5节-第6节 馆2-101,,研究生院,否,,周一,2009-2010-1,,20091030505D0220834,,0,鼓楼校区,2009-2010学年 第1学期,20834,馆2-101,,否,,,,,,0,,8,第5节-第6节,逸夫馆,030505D02
48.0,400050,诊所法律教育(20091-03051-1),200910305118638,,1,,55,,0,"黄秀梅,徐棣枫,郭伟林,杨蓓伦,许利民,张复友", 自由时间 - ,3.0,法学院,否,,自由时间,2009-2010-1,,200910305118638,2007法学院法学,0,鼓楼校区,2009-2010学年 第1学期,18638,无,,否,,,,,,0,诊所法律课程,,自由时间,,03051
48.0,400050,德语(20091-03055C-1),2009103055C18646,,3,,37,"1-18周,1-18周",0,刘青文,"1-18周 周六 第1节-第4节 逸B-201,1-18周 周二 第7节-第10节 逸B-201",3.0,法学院,否,,"周二,周六",2009-2010-1,,2009103055C18646,"2007法学院法学,2008法学院法学",0,仙林校区,2009-2010学年 第1学期,18646,"逸B-201,逸B-201",,否,,,,,,0,德语,16,"第7节-第10节,第1节-第4节",逸夫楼B区,03055C
32.0,400050,债法(20091-03058-1),200910305818647,,3,,53,1-18周,0,"刘勇,解亘",1-18周 周二 第1节-第2节 逸B-301,2.0,法学院,否,,周二,2009-2010-1,,200910305818647,2008法学院法学,0,仙林校区,2009-2010学年 第1学期,18647,逸B-301,,否,,,,,,0,债法,16,第1节-第2节,逸夫楼B区,03058
32.0,400050,债法(20091-03058-2),200910305818648,,3,,59,1-18周,0,"刘勇,解亘",1-18周 周二 第3节-第4节 逸B-301,2.0,法学院,否,,周二,2009-2010-1,,200910305818648,2008法学院法学,0,仙林校区,2009-2010学年 第1学期,18648,逸B-301,,否,,,,,,0,债法,16,第3节-第4节,逸夫楼B区,03058
,200090,马克思主义发展史专题研究,200910305B010020840,,1,,0,1-18周,0,,1-18周 周四 第5节-第6节 馆2-209,,研究生院,否,,周四,2009-2010-1,,200910305B010020840,,0,鼓楼校区,2009-2010学年 第1学期,20840,馆2-209,,否,,,,,,0,,8,第5节-第6节,逸夫馆,0305B0100
,200090,行政伦理专题研究,200910305B011120841,,1,,0,1-18周,0,,1-18周 周五 第5节-第6节 教301,,研究生院,否,,周五,2009-2010-1,,200910305B011120841,,0,鼓楼校区,2009-2010学年 第1学期,20841,教301,,否,,,,,,0,,1,第5节-第6节,教学楼,0305B0111
,200090,多学科视角下的社会保障,200910305B011420842,,1,,0,1-18周,0,,1-18周 周一 第3节-第4节 馆2-104,,研究生院,否,,周一,2009-2010-1,,200910305B011420842,,0,鼓楼校区,2009-2010学年 第1学期,20842,馆2-104,,否,,,,,,0,,8,第3节-第4节,逸夫馆,0305B0114
32.0,400050,行政法与行政诉讼法(20091-03062B-1),2009103062B18649,,3,,99,1-18周,0,"吴卫星,王太高",1-18周 周一 第1节-第2节 逸B-313,2.0,法学院,否,,周一,2009-2010-1,,2009103062B18649,2008法学院法学,0,仙林校区,2009-2010学年 第1学期,18649,逸B-313,,否,,,,,,0,行政法与行政诉讼法,16,第1节-第2节,逸夫楼B区,03062B
32.0,400050,国际经济法导论(20091-03063-1),200910306318650,,3,,49,1-18周,0,"肖冰,姜冲",1-18周 周五 第3节-第4节 逸B-302,2.0,法学院,否,,周五,2009-2010-1,,200910306318650,2008法学院法学,0,仙林校区,2009-2010学年 第1学期,18650,逸B-302,,否,,,,,,0,国际经济法导论,16,第3节-第4节,逸夫楼B区,03063
32.0,400050,国际经济法导论(20091-03063-2),200910306318651,,3,,50,1-18周,0,"姜冲,肖冰",1-18周 周五 第1节-第2节 逸B-302,2.0,法学院,否,,周五,2009-2010-1,,200910306318651,2008法学院法学,0,仙林校区,2009-2010学年 第1学期,18651,逸B-302,,否,,,,,,0,国际经济法导论,16,第1节-第2节,逸夫楼B区,03063
32.0,400050,美国侵权法(20091-03080-1),200910308021245,,3,,14,1-18周,0,Weston  White,1-18周 周二 第5节-第6节 仙Ⅱ-401,2.0,法学院,否,,周二,2009-2010-1,,200910308021245,2007法学院法学,0,仙林校区,2009-2010学年 第1学期,21245,仙Ⅱ-401,,否,,,,,,0,美国侵权法,12,第5节-第6节,仙II区,03080
32.0,400030,现代逻辑(20091-04006-1),200910400619865,,3,,29,1-18周,0,,1-18周 周一 第1节-第2节 逸B-202,2.0,哲学学院,否,,周一,2009-2010-1,,200910400619865,2007哲学学院哲学,0,仙林校区,2009-2010学年 第1学期,19865,逸B-202,,否,,,,,,0,现代逻辑,16,第1节-第2节,逸夫楼B区,04006
32.0,400030,邓小平哲学思想研究(20091-04010-1),200910401019959,,1,,15,1-17周,0,张传平,1-17周 周四 第3节-第4节 教111,2.0,哲学学院,否,,周四,2009-2010-1,,200910401019959,2006哲学学院哲学,0,鼓楼校区,2009-2010学年 第1学期,19959,教111,,否,,,,,,0,邓小平哲学思想研究,1,第3节-第4节,教学楼,04010
,200090,现代课程与教学引论,20091040102C0120863,,1,,0,1-9周,0,,1-9周 周四 第5节-第8节 教316,,研究生院,否,,周四,2009-2010-1,,20091040102C0120863,,0,鼓楼校区,2009-2010学年 第1学期,20863,教316,,否,,,,,,0,,1,第5节-第8节,教学楼,040102C01
,200090,高等教育史,20091040106C0120854,,1,,0,1-18周,0,,1-18周 周四 第1节-第3节 馆3-205,,研究生院,否,,周四,2009-2010-1,,20091040106C0120854,,0,鼓楼校区,2009-2010学年 第1学期,20854,馆3-205,,否,,,,,,0,,8,第1节-第3节,逸夫馆,040106C01
,200090,高等教育原理,20091040106C0220855,,1,,0,1-18周,0,,1-18周 周一 第1节-第3节 教310,,研究生院,否,,周一,2009-2010-1,,20091040106C0220855,,0,鼓楼校区,2009-2010学年 第1学期,20855,教310,,否,,,,,,0,,1,第1节-第3节,教学楼,040106C02
,200090,教学设计研究,20091040106C0920856,,1,,0,1-18周,0,,1-18周 周一 第5节-第6节 教111,,研究生院,否,,周一,2009-2010-1,,20091040106C0920856,,0,鼓楼校区,2009-2010学年 第1学期,20856,教111,,否,,,,,,0,,1,第5节-第6节,教学楼,040106C09
,200090,高等教育学前沿问题研究,20091040106C1120857,,1,,0,1-18周,0,,1-18周 周一 第5节-第6节 教114,,研究生院,否,,周一,2009-2010-1,,20091040106C1120857,,0,鼓楼校区,2009-2010学年 第1学期,20857,教114,,否,,,,,,0,,1,第5节-第6节,教学楼,040106C11
,200090,高等教育学名著导读,20091040106D0320864,,1,,0,1-18周,0,,1-18周 周五 第1节-第2节 教209,,研究生院,否,,周五,2009-2010-1,,20091040106D0320864,,0,鼓楼校区,2009-2010学年 第1学期,20864,教209,,否,,,,,,0,,1,第1节-第2节,教学楼,040106D03
,200090,教育技术学前沿与趋势研究,20091040110C0220865,,1,,0,1-18周,0,,1-18周 周五 第3节-第4节 教111,,研究生院,否,,周五,2009-2010-1,,20091040110C0220865,,0,鼓楼校区,2009-2010学年 第1学期,20865,教111,,否,,,,,,0,,1,第3节-第4节,教学楼,040110C02
32.0,400030,伦理学(20091-04015-1),200910401519868,,3,,29,1-18周,0,赵华,1-18周 周三 第3节-第4节 逸C-205,2.0,哲学学院,否,,周三,2009-2010-1,,200910401519868,2007哲学学院哲学,0,仙林校区,2009-2010学年 第1学期,19868,逸C-205,,否,,,,,,0,伦理学,17,第3节-第4节,逸夫楼C区,04015
48.0,400030,中国哲学原著导读(20091-04019-1),200910401919956,,1,,27,1-17周,0,"圣凯,杨维中",1-17周 周三 第2节-第4节 教115,3.0,哲学学院,否,,周三,2009-2010-1,,200910401919956,2006哲学学院哲学,0,鼓楼校区,2009-2010学年 第1学期,19956,教115,,否,,,,,,0,中国哲学原著导读,1,第2节-第4节,教学楼,04019
,200090,教育基本理论及前沿研究,200910401B010020860,,1,,0,1-18周,0,,1-18周 周三 第5节-第7节 教302,,研究生院,否,,周三,2009-2010-1,,200910401B010020860,,0,鼓楼校区,2009-2010学年 第1学期,20860,教302,,否,,,,,,0,,1,第5节-第7节,教学楼,0401B0100
,200090,学习科学与技术研究,200910401B030020858,,1,,0,1-18周,0,,1-18周 周二 第1节-第2节 教206,,研究生院,否,,周二,2009-2010-1,,200910401B030020858,,0,鼓楼校区,2009-2010学年 第1学期,20858,教206,,否,,,,,,0,,1,第1节-第2节,教学楼,0401B0300
,200090,高等教育哲学(博),200910401B070020861,,1,,0,1-18周,0,,1-18周 周三 第5节-第6节 教114,,研究生院,否,,周三,2009-2010-1,,200910401B070020861,,0,鼓楼校区,2009-2010学年 第1学期,20861,教114,,否,,,,,,0,,1,第5节-第6节,教学楼,0401B0700
,200090,公共经济学,200910401B070820862,,1,,0,1-18周,0,,1-18周 周四 第5节-第6节 教106,,研究生院,否,,周四,2009-2010-1,,200910401B070820862,,0,鼓楼校区,2009-2010学年 第1学期,20862,教106,,否,,,,,,0,,1,第5节-第6节,教学楼,0401B0708
,200090,教育科学的定量研究,200910401B080020859,,1,,0,1-18周,0,,1-18周 周三 第3节-第4节 馆2-104,,研究生院,否,,周三,2009-2010-1,,200910401B080020859,,0,鼓楼校区,2009-2010学年 第1学期,20859,馆2-104,,否,,,,,,0,,8,第3节-第4节,逸夫馆,0401B0800
,200090,心理学研究方法,20091040201B0220880,,1,,0,1-18周,0,,1-18周 周一 第5节-第7节 馆2-203,,研究生院,否,,周一,2009-2010-1,,20091040201B0220880,,0,鼓楼校区,2009-2010学年 第1学期,20880,馆2-203,,否,,,,,,0,,8,第5节-第7节,逸夫馆,040201B02
,200090,心理学研究方法,20091040201B0220892,,1,,0,1-18周,0,,1-18周 周一 第5节-第7节 ,,研究生院,否,,周一,2009-2010-1,,20091040201B0220892,,0,鼓楼校区,2009-2010学年 第1学期,20892,无,,否,,,,,,0,,,第5节-第7节,,040201B02
,200090,临床心理学,20091040201C0120878,,1,,0,1-18周,0,,1-18周 周四 第3节-第4节 馆2-202,,研究生院,否,,周四,2009-2010-1,,20091040201C0120878,,0,鼓楼校区,2009-2010学年 第1学期,20878,馆2-202,,否,,,,,,0,,8,第3节-第4节,逸夫馆,040201C01
,200090,社会心理学专题研究,20091040201C0220879,,1,,0,1-18周,0,,1-18周 周二 第3节-第4节 馆2-203,,研究生院,否,,周二,2009-2010-1,,20091040201C0220879,,0,鼓楼校区,2009-2010学年 第1学期,20879,馆2-203,,否,,,,,,0,,8,第3节-第4节,逸夫馆,040201C02
,200090,环境心理学专题,20091040201C0520891,,1,,0,1-18周,0,,1-18周 周二 第3节-第4节 馆2-211,,研究生院,否,,周二,2009-2010-1,,20091040201C0520891,,0,鼓楼校区,2009-2010学年 第1学期,20891,馆2-211,,否,,,,,,0,,8,第3节-第4节,逸夫馆,040201C05
,200090,家庭治疗,20091040201D0220881,,1,,0,1-18周,0,,1-18周 周三 第3节-第4节 馆2-202,,研究生院,否,,周三,2009-2010-1,,20091040201D0220881,,0,鼓楼校区,2009-2010学年 第1学期,20881,馆2-202,,否,,,,,,0,,8,第3节-第4节,逸夫馆,040201D02
32.0,400030,马克思主义哲学热点问题研究(20091-04059-1),200910405920112,,3,,24,1-18周,0,周嘉昕,1-18周 周五 第3节-第4节 逸B-210,2.0,哲学学院,否,,周五,2009-2010-1,,200910405920112,2007哲学学院哲学,0,仙林校区,2009-2010学年 第1学期,20112,逸B-210,,否,,,,,,0,马克思主义哲学热点问题研究,16,第3节-第4节,逸夫楼B区,04059
48.0,400030,马克思主义哲学原著选读(20091-04060-1),200910406019975,,3,,29,1-18周,0,"张传平,唐正东",1-18周 周一 第5节-第7节 逸B-210,3.0,哲学学院,否,,周一,2009-2010-1,,200910406019975,2007哲学学院哲学,0,仙林校区,2009-2010学年 第1学期,19975,逸B-210,,否,,,,,,0,马克思主义哲学原著选读,16,第5节-第7节,逸夫楼B区,04060
48.0,400030,基督教概论(20091-04073-1),200910407320523,,3,,115,1-18周,0,方蔚林,1-18周 周五 第5节-第6节 仙Ⅰ-319,3.0,哲学学院,否,,周五,2009-2010-1,,200910407320523,,0,仙林校区,2009-2010学年 第1学期,20523,仙Ⅰ-319,,否,,,,,,0,基督教概论,11,第5节-第6节,仙I区,04073
32.0,400030,当代西方大众文化理论(20091-04082-1),200910408219957,,1,,17,1-17周,0,刘怀玉,1-17周 周二 第3节-第4节 教115,2.0,哲学学院,否,,周二,2009-2010-1,,200910408219957,2006哲学学院哲学,0,鼓楼校区,2009-2010学年 第1学期,19957,教115,,否,,,,,,0,当代西方大众文化理论,1,第3节-第4节,教学楼,04082
32.0,400030,西方美学史(20091-04088-1),200910408819982,,3,,28,1-18周,0,殷曼楟,1-18周 周四 第3节-第4节 逸B-210,2.0,哲学学院,否,,周四,2009-2010-1,,200910408819982,2007哲学学院哲学,0,仙林校区,2009-2010学年 第1学期,19982,逸B-210,,否,,,,,,0,西方美学史,16,第3节-第4节,逸夫楼B区,04088
32.0,400030,中国伦理学史(20091-04089-1),200910408919983,,3,,29,1-18周,0,杨明,1-18周 周二 第3节-第4节 逸B-202,2.0,哲学学院,否,,周二,2009-2010-1,,200910408919983,2007哲学学院哲学,0,仙林校区,2009-2010学年 第1学期,19983,逸B-202,,否,,,,,,0,中国伦理学史,16,第3节-第4节,逸夫楼B区,04089
32.0,400030,西方伦理思想史(20091-04090-1),200910409020518,,3,,127,1-18周,0,张晓东,1-18周 周二 第1节-第2节 仙Ⅰ-207,2.0,哲学学院,否,,周二,2009-2010-1,,200910409020518,,0,仙林校区,2009-2010学年 第1学期,20518,仙Ⅰ-207,,否,,,,,,0,西方伦理思想史,11,第1节-第2节,仙I区,04090
64.0,400030,欧洲哲学（二）(20091-04093B-1),2009104093B20522,,3,,66,"1-18周,1-18周",0,"张荣,戴晖","1-18周 周二 第3节-第4节 仙Ⅰ-203,1-18周 周五 第3节-第4节 仙Ⅰ-203",4.0,哲学学院,否,,"周二,周五",2009-2010-1,,2009104093B20522,,0,仙林校区,2009-2010学年 第1学期,20522,"仙Ⅰ-203,仙Ⅰ-203",,否,,,,,,0,欧洲哲学（二）,11,"第3节-第4节,第3节-第4节",仙I区,04093B
64.0,400030,马克思主义哲学（上）(20091-04095A-1),2009104095A20521,,3,,38,"1-18周,1-18周",0,"张异宾,周嘉昕,胡大平","1-18周 周四 第3节-第4节 仙Ⅱ-524,1-18周 周一 第5节-第6节 仙Ⅱ-524",4.0,哲学学院,否,,"周一,周四",2009-2010-1,,2009104095A20521,,0,仙林校区,2009-2010学年 第1学期,20521,"仙Ⅱ-524,仙Ⅱ-524",,否,,,,,,0,马克思主义哲学（上）,12,"第5节-第6节,第3节-第4节",仙II区,04095A
48.0,400030,中国哲学(20091-041010A-1),20091041010A20678,,3,,1,,0,,,3.0,哲学学院,否,,,2009-2010-1,,20091041010A20678,,0,仙林校区,2009-2010学年 第1学期,20678,,,否,,,,,,0,中国哲学史（一）,,,,041010A
48.0,400030,中国哲学(20091-041010A-2),20091041010A21277,,3,,186,"1-18周,2-18周(双)",0,"白欲晓,陈林","1-18周 周二 第3节-第4节 仙Ⅱ-207,2-18周(双) 周四 第3节-第4节 仙Ⅱ-207",3.0,哲学学院,否,,"周二,周四",2009-2010-1,,20091041010A21277,2009文学院汉语言文学（拔尖计划）,0,仙林校区,2009-2010学年 第1学期,21277,"仙Ⅱ-207,仙Ⅱ-207",,否,,,,,,0,中国哲学史（一）,12,"第3节-第4节,第3节-第4节",仙II区,041010A
48.0,400040,新闻学概论(20091-05001-1),200910500118787,,3,,91,"1-17周(单),1-18周",0,丁和根,"1-17周(单) 周一 第1节-第2节 仙Ⅱ-211,1-18周 周一 第3节-第4节 仙Ⅱ-211",3.0,新闻传播学院,否,,"周一,周一",2009-2010-1,,200910500118787,"2009新闻传播学院新闻学（记者班）,2009新闻传播学院新闻学（运动员班）",0,仙林校区,2009-2010学年 第1学期,18787,"仙Ⅱ-211,仙Ⅱ-211",,否,,,,,,0,新闻学概论,12,"第1节-第2节,第3节-第4节",仙II区,05001
48.0,400040,传播学概论(20091-050010-1),2009105001018747,,3,,112,1-18周,0,夏文蓉,1-18周 周二 第5节-第7节 逸B-104,3.0,新闻传播学院,否,,周二,2009-2010-1,,2009105001018747,2009新闻传播学院新闻传播学类,0,仙林校区,2009-2010学年 第1学期,18747,逸B-104,,否,,,,,,0,传播学概论,16,第5节-第7节,逸夫楼B区,050010
48.0,400040,外国新闻史(20091-05002-1),200910500218752,,3,,97,1-18周,0,林伟,1-18周 周五 第5节-第7节 仙Ⅱ-104,3.0,新闻传播学院,否,,周五,2009-2010-1,,200910500218752,"2008新闻传播学院新闻学,2009新闻传播学院新闻学（记者班）",0,仙林校区,2009-2010学年 第1学期,18752,仙Ⅱ-104,,否,,,,,,0,外国新闻史,12,第5节-第7节,仙II区,05002
48.0,400040,新闻采访学(20091-05003-1),200910500318750,,3,,99,1-18周,0,周海燕,1-18周 周一 第5节-第7节 仙Ⅱ-104,3.0,新闻传播学院,否,,周一,2009-2010-1,,200910500318750,"2008新闻传播学院新闻学,2008匡亚明学院应用文科强化班,2008新闻传播学院广播电视新闻学",0,仙林校区,2009-2010学年 第1学期,18750,仙Ⅱ-104,,否,,,,,,0,新闻采访学,12,第5节-第7节,仙II区,05003
48.0,400040,传播学概论(20091-05004-1),200910500418788,,3,,45,1-18周,0,胡菡菡,1-18周 周四 第5节-第7节 逸B-210,3.0,新闻传播学院,否,,周四,2009-2010-1,,200910500418788,2009新闻传播学院新闻学（记者班）,0,仙林校区,2009-2010学年 第1学期,18788,逸B-210,,否,,,,,,0,传播学概论,16,第5节-第7节,逸夫楼B区,05004
48.0,400040,媒介发展史(20091-050040-1),2009105004018748,,3,,111,1-18周,0,胡翼青,1-18周 周四 第5节-第7节 逸B-104,3.0,新闻传播学院,否,,周四,2009-2010-1,,2009105004018748,2009新闻传播学院新闻传播学类,0,仙林校区,2009-2010学年 第1学期,18748,逸B-104,,否,,,,,,0,媒介发展史,16,第5节-第7节,逸夫楼B区,050040
48.0,400040,中国新闻史(20091-05005-1),200910500518751,,3,,140,"2-18周(双),1-18周",0,陈玉申,"1-18周 周三 第1节-第2节 仙Ⅱ-405,2-18周(双) 周一 第1节-第2节 仙Ⅱ-405",3.0,新闻传播学院,否,,"周一,周三",2009-2010-1,,200910500518751,"2008新闻传播学院新闻学,2009新闻传播学院新闻学（运动员班）,2009新闻传播学院新闻学（记者班）,2008匡亚明学院应用文科强化班",0,仙林校区,2009-2010学年 第1学期,18751,"仙Ⅱ-405,仙Ⅱ-405",,否,,,,,,0,中国新闻史,12,"第1节-第2节,第1节-第2节",仙II区,05005
48.0,400040,广告学基础(20091-05006-1),200910500618791,,3,,89,1-18周,0,李明,1-18周 周二 第5节-第7节 仙Ⅱ-104,3.0,新闻传播学院,否,,周二,2009-2010-1,,200910500618791,"2008新闻传播学院新闻学（记者班）,2009新闻传播学院新闻学（记者班）",0,仙林校区,2009-2010学年 第1学期,18791,仙Ⅱ-104,,否,,,,,,0,广告学基础,12,第5节-第7节,仙II区,05006
48.0,400040,大众传播与社会(20091-0500620-1),20091050062021261,,3,,32,1-18周,0,段京肃,1-18周 周四 第5节-第7节 逸B-201,3.0,新闻传播学院,否,,周四,2009-2010-1,,20091050062021261,2009匡亚明学院应用文科强化班,0,仙林校区,2009-2010学年 第1学期,21261,逸B-201,,否,,,,,,0,大众传播与社会,16,第5节-第7节,逸夫楼B区,0500620
48.0,400040,新闻写作(20091-05007A-1),2009105007A18799,,3,,23,"1-18周,2-18周(双)",0,周海燕,"1-18周 周一 第3节-第4节 逸B-211,2-18周(双) 周三 第3节-第4节 逸B-211",3.0,新闻传播学院,否,,"周一,周三",2009-2010-1,,2009105007A18799,2007新闻传播学院新闻学（运动员班）,0,仙林校区,2009-2010学年 第1学期,18799,"逸B-211,逸B-211",,否,,,,,,0,新闻写作,16,"第3节-第4节,第3节-第4节",逸夫楼B区,05007A
32.0,400040,新闻评论(20091-05007B-1),2009105007B18767,,3,,60,1-18周,0,王向东,1-18周 周二 第5节-第6节 仙Ⅱ-319,2.0,新闻传播学院,否,,周二,2009-2010-1,,2009105007B18767,2007新闻传播学院新闻学,0,仙林校区,2009-2010学年 第1学期,18767,仙Ⅱ-319,,否,,,,,,0,新闻评论,12,第5节-第6节,仙II区,05007B
32.0,400040,新闻评论(20091-05007B-1),2009105007B18794,,3,,42,1-18周,0,王向东,1-18周 周二 第3节-第4节 逸B-111,2.0,新闻传播学院,否,,周二,2009-2010-1,,2009105007B18794,2008新闻传播学院新闻学（记者班）,0,仙林校区,2009-2010学年 第1学期,18794,逸B-111,,否,,,,,,0,新闻评论,16,第3节-第4节,逸夫楼B区,05007B
64.0,400040,新闻摄影(20091-05008-1),200910500818764,,3,,79,1-18周,0,刘源,1-18周 周三 第5节-第8节 仙Ⅱ-522,4.0,新闻传播学院,否,,周三,2009-2010-1,,200910500818764,"2008新闻传播学院广播电视新闻学,2008新闻传播学院新闻学（记者班）",0,仙林校区,2009-2010学年 第1学期,18764,仙Ⅱ-522,,否,,,,,,0,新闻摄影,12,第5节-第8节,仙II区,05008
48.0,400040,新闻编辑学(20091-05009A-1),2009105009A18769,,3,,60,1-18周,0,邓利平,1-18周 周三 第5节-第7节 逸B-205,3.0,新闻传播学院,否,,周三,2009-2010-1,,2009105009A18769,2007新闻传播学院新闻学,0,仙林校区,2009-2010学年 第1学期,18769,逸B-205,,否,,,,,,0,新闻编辑学,16,第5节-第7节,逸夫楼B区,05009A
48.0,400040,新闻编辑学(20091-05009A-1),2009105009A19157,,3,,42,1-18周,0,邓利平,1-18周 周一 第5节-第7节 逸B-303,3.0,新闻传播学院,否,,周一,2009-2010-1,,2009105009A19157,2008新闻传播学院新闻学（记者班）,0,仙林校区,2009-2010学年 第1学期,19157,逸B-303,,否,,,,,,0,新闻编辑学,16,第5节-第7节,逸夫楼B区,05009A
,200090,中国中古美学史,20091050101C1220913,,1,,0,2-18周,0,,2-18周 周一 第2节-第4节 教409,,研究生院,否,,周一,2009-2010-1,,20091050101C1220913,,0,鼓楼校区,2009-2010学年 第1学期,20913,教409,,否,,,,,,0,,1,第2节-第4节,教学楼,050101C12
,200090,形式美学专题研究,20091050101X0120893,,1,,0,1-18周,0,,1-18周 周五 第5节-第6节 教206,,研究生院,否,,周五,2009-2010-1,,20091050101X0120893,,0,鼓楼校区,2009-2010学年 第1学期,20893,教206,,否,,,,,,0,,1,第5节-第6节,教学楼,050101X01
,200090,中国现代文论史专题,20091050101X0320894,,1,,0,1-18周,0,,1-18周 周二 第9节-第10节 教212,,研究生院,否,,周二,2009-2010-1,,20091050101X0320894,,0,鼓楼校区,2009-2010学年 第1学期,20894,教212,,否,,,,,,0,,1,第9节-第10节,教学楼,050101X03
,200090,英国马克思主义文论,20091050101X0520895,,1,,0,1-18周,0,,1-18周 周四 第3节-第4节 教203,,研究生院,否,,周四,2009-2010-1,,20091050101X0520895,,0,鼓楼校区,2009-2010学年 第1学期,20895,教203,,否,,,,,,0,,1,第3节-第4节,教学楼,050101X05
,200090,语义学,20091050102C0420915,,1,,0,1-18周,0,,1-18周 周四 第5节-第7节 教114,,研究生院,否,,周四,2009-2010-1,,20091050102C0420915,,0,鼓楼校区,2009-2010学年 第1学期,20915,教114,,否,,,,,,0,,1,第5节-第7节,教学楼,050102C04
,200090,言语社区理论,20091050102X0320905,,1,,0,1-18周,0,,1-18周 周三 第5节-第6节 教220,,研究生院,否,,周三,2009-2010-1,,20091050102X0320905,,0,鼓楼校区,2009-2010学年 第1学期,20905,教220,,否,,,,,,0,,1,第5节-第6节,教学楼,050102X03
,200090,汉语语音学专题,200910501030120917,,1,,0,1-18周,0,,1-18周 周五 第2节-第4节 教113,,研究生院,否,,周五,2009-2010-1,,200910501030120917,,0,鼓楼校区,2009-2010学年 第1学期,20917,教113,,否,,,,,,0,,1,第2节-第4节,教学楼,05010301
,200090,音韵学,20091050103C0220911,,1,,0,1-18周,0,,1-18周 周四 第2节-第4节 教201,,研究生院,否,,周四,2009-2010-1,,20091050103C0220911,,0,鼓楼校区,2009-2010学年 第1学期,20911,教201,,否,,,,,,0,,1,第2节-第4节,教学楼,050103C02
,200090,中国语言文字学史料学,20091050103C0820918,,1,,0,1-18周,0,,1-18周 周二 第2节-第4节 教304,,研究生院,否,,周二,2009-2010-1,,20091050103C0820918,,0,鼓楼校区,2009-2010学年 第1学期,20918,教304,,否,,,,,,0,,1,第2节-第4节,教学楼,050103C08
,200090,佛经文献语言研究,20091050103C1020914,,1,,0,1-18周,0,,1-18周 周五 第5节-第7节 教216,,研究生院,否,,周五,2009-2010-1,,20091050103C1020914,,0,鼓楼校区,2009-2010学年 第1学期,20914,教216,,否,,,,,,0,,1,第5节-第7节,教学楼,050103C10
,200090,汉语方言调查方法与实践,20091050103C1120912,,1,,0,1-18周,0,,1-18周 周三 第5节-第7节 馆2-104,,研究生院,否,,周三,2009-2010-1,,20091050103C1120912,,0,鼓楼校区,2009-2010学年 第1学期,20912,馆2-104,,否,,,,,,0,,8,第5节-第7节,逸夫馆,050103C11
,200090,语义语法专论,20091050103C1220916,,1,,0,1-18周,0,,1-18周 周三 第2节-第4节 教303,,研究生院,否,,周三,2009-2010-1,,20091050103C1220916,,0,鼓楼校区,2009-2010学年 第1学期,20916,教303,,否,,,,,,0,,1,第2节-第4节,教学楼,050103C12
,200090,汉语语法学专题,20091050103X0120897,,1,,0,1-18周,0,,1-18周 周三 第3节-第4节 馆2-207,,研究生院,否,,周三,2009-2010-1,,20091050103X0120897,,0,鼓楼校区,2009-2010学年 第1学期,20897,馆2-207,,否,,,,,,0,,8,第3节-第4节,逸夫馆,050103X01
,200090,近代语音史,20091050103X0720896,,1,,0,1-18周,0,,1-18周 周四 第5节-第6节 馆1-102,,研究生院,否,,周四,2009-2010-1,,20091050103X0720896,,0,鼓楼校区,2009-2010学年 第1学期,20896,馆1-102,,否,,,,,,0,,8,第5节-第6节,逸夫馆,050103X07
,200090,唐宋文学文献,20091050104C0520922,,1,,0,1-18周,0,,1-18周 周二 第2节-第4节 教103,,研究生院,否,,周二,2009-2010-1,,20091050104C0520922,,0,鼓楼校区,2009-2010学年 第1学期,20922,教103,,否,,,,,,0,,1,第2节-第4节,教学楼,050104C05
,200090,唐宋诗歌流派研究,20091050105C0520923,,1,,0,1-18周,0,,1-18周 周三 第5节-第7节 ,,研究生院,否,,周三,2009-2010-1,,20091050105C0520923,,0,鼓楼校区,2009-2010学年 第1学期,20923,专用或实验教室,,否,,,,,,0,,,第5节-第7节,,050105C05
,200090,中国文学史背景研究,20091050105X0120898,,1,,0,1-18周,0,,1-18周 周三 第5节-第6节 馆2-207,,研究生院,否,,周三,2009-2010-1,,20091050105X0120898,,0,鼓楼校区,2009-2010学年 第1学期,20898,馆2-207,,否,,,,,,0,,8,第5节-第6节,逸夫馆,050105X01
,200090,中国话剧舞台艺术发展史,20091050105X0620904,,1,,0,1-18周,0,,1-18周 周五 第5节-第6节 馆2-104,,研究生院,否,,周五,2009-2010-1,,20091050105X0620904,,0,鼓楼校区,2009-2010学年 第1学期,20904,馆2-104,,否,,,,,,0,,8,第5节-第6节,逸夫馆,050105X06
,200090,文化保守主义与现代性,20091050106C0920919,,1,,0,1-18周,0,,1-18周 周二 第2节-第4节 教104,,研究生院,否,,周二,2009-2010-1,,20091050106C0920919,,0,鼓楼校区,2009-2010学年 第1学期,20919,教104,,否,,,,,,0,,1,第2节-第4节,教学楼,050106C09
,200090,都市文化与中国当代文学,20091050106C1120921,,1,,0,1-18周,0,,1-18周 周三 第5节-第7节 教305,,研究生院,否,,周三,2009-2010-1,,20091050106C1120921,,0,鼓楼校区,2009-2010学年 第1学期,20921,教305,,否,,,,,,0,,1,第5节-第7节,教学楼,050106C11
,200090,启蒙主义思潮与20世纪中国文学,20091050106C1220920,,1,,0,1-18周,0,,1-18周 周一 第5节-第7节 教303,,研究生院,否,,周一,2009-2010-1,,20091050106C1220920,,0,鼓楼校区,2009-2010学年 第1学期,20920,教303,,否,,,,,,0,,1,第5节-第7节,教学楼,050106C12
,200090,现代文学思潮与人物,20091050106X0820899,,1,,0,1-18周,0,,1-18周 周一 第5节-第6节 馆2-205,,研究生院,否,,周一,2009-2010-1,,20091050106X0820899,,0,鼓楼校区,2009-2010学年 第1学期,20899,馆2-205,,否,,,,,,0,,8,第5节-第6节,逸夫馆,050106X08
,200090,多元视野中的中国现当代文学研究,20091050106X0920900,,1,,0,1-18周,0,,1-18周 周四 第3节-第4节 馆1-106,,研究生院,否,,周四,2009-2010-1,,20091050106X0920900,,0,鼓楼校区,2009-2010学年 第1学期,20900,馆1-106,,否,,,,,,0,,8,第3节-第4节,逸夫馆,050106X09
,200090,比较文学与中国现当代文学比较研究,20091050108C0220925,,1,,0,1-18周,0,,1-18周 周五 第5节-第7节 教310,,研究生院,否,,周五,2009-2010-1,,20091050108C0220925,,0,鼓楼校区,2009-2010学年 第1学期,20925,教310,,否,,,,,,0,,1,第5节-第7节,教学楼,050108C02
,200090,20世纪俄罗斯文学专题研究,20091050108C0420924,,1,,0,1-18周,0,,1-18周 周一 第5节-第7节 教306,,研究生院,否,,周一,2009-2010-1,,20091050108C0420924,,0,鼓楼校区,2009-2010学年 第1学期,20924,教306,,否,,,,,,0,,1,第5节-第7节,教学楼,050108C04
,200090,中国比较文学:科学史及其反思,20091050108X0420901,,1,,0,1-18周,0,,1-18周 周四 第5节-第6节 馆1-106,,研究生院,否,,周四,2009-2010-1,,20091050108X0420901,,0,鼓楼校区,2009-2010学年 第1学期,20901,馆1-106,,否,,,,,,0,,8,第5节-第6节,逸夫馆,050108X04
48.0,400040,基础写作(20091-05011-1),200910501118797,,3,,41,"1-18周,2-18周(双)",0,邵晓,"2-18周(双) 周五 第1节-第2节 仙Ⅱ-317,1-18周 周四 第3节-第4节 仙Ⅱ-317",3.0,新闻传播学院,否,,"周四,周五",2009-2010-1,,200910501118797,2009新闻传播学院新闻学（运动员班）,0,仙林校区,2009-2010学年 第1学期,18797,"仙Ⅱ-317,仙Ⅱ-317",,否,,,,,,0,基础写作,12,"第3节-第4节,第1节-第2节",仙II区,05011
32.0,400040,中国现当代文学(20091-05015-1),200910501518793,,3,,89,1-18周,0,傅元峰,1-18周 周二 第3节-第4节 仙Ⅱ-301,2.0,新闻传播学院,否,,周二,2009-2010-1,,200910501518793,"2009新闻传播学院新闻学（记者班）,2009新闻传播学院新闻学（运动员班）",0,仙林校区,2009-2010学年 第1学期,18793,仙Ⅱ-301,,否,,,,,,0,中国现当代文学,12,第3节-第4节,仙II区,05015
,200090,文艺学的方法与体系,200910501B020020907,,1,,0,1-18周,0,,1-18周 周五 第2节-第4节 馆1-303,,研究生院,否,,周五,2009-2010-1,,200910501B020020907,,0,鼓楼校区,2009-2010学年 第1学期,20907,馆1-303,,否,,,,,,0,,8,第2节-第4节,逸夫馆,0501B0200
,200090,中国古代文学史专题研究,200910501B040020908,,1,,0,1-18周,0,,1-18周 周二 第9节-第11节 馆1-206,,研究生院,否,,周二,2009-2010-1,,200910501B040020908,,0,鼓楼校区,2009-2010学年 第1学期,20908,馆1-206,,否,,,,,,0,,8,第9节-第11节,逸夫馆,0501B0400
,200090,中国现当代文化思潮,200910501B060020910,,1,,0,1-18周,0,,1-18周 周四 第5节-第7节 馆1-205,,研究生院,否,,周四,2009-2010-1,,200910501B060020910,,0,鼓楼校区,2009-2010学年 第1学期,20910,馆1-205,,否,,,,,,0,,8,第5节-第7节,逸夫馆,0501B0600
,200090,文献学的理论与方法,200910501B090020909,,1,,0,1-18周,0,,1-18周 周一 第5节-第7节 馆1-204,,研究生院,否,,周一,2009-2010-1,,200910501B090020909,,0,鼓楼校区,2009-2010学年 第1学期,20909,馆1-204,,否,,,,,,0,,8,第5节-第7节,逸夫馆,0501B0900
,200090,英文文献检索与阅读,200910501X010020906,,1,,0,2-18周,0,,2-18周 周四 第9节-第10节 馆3-203,,研究生院,否,,周四,2009-2010-1,,200910501X010020906,,0,鼓楼校区,2009-2010学年 第1学期,20906,馆3-203,,否,,,,,,0,,8,第9节-第10节,逸夫馆,0501X0100
32.0,400040,网络传播(20091-05021-1),200910502118768,,3,,80,1-18周,0,杜骏飞,1-18周 周三 第3节-第4节 仙Ⅱ-103,2.0,新闻传播学院,否,,周三,2009-2010-1,,200910502118768,"2007新闻传播学院新闻学,2007新闻传播学院广播电视新闻学",0,仙林校区,2009-2010学年 第1学期,18768,仙Ⅱ-103,,否,,,,,,0,网络传播,12,第3节-第4节,仙II区,05021
48.0,400040,中国文化概论(20091-05022-1),200910502218792,,3,,105,1-18周,0,顾迁,1-18周 周四 第2节-第4节 逸B-205,3.0,新闻传播学院,否,,周四,2009-2010-1,,200910502218792,"2007新闻传播学院新闻学（运动员班）,2009新闻传播学院新闻学（记者班）,2008新闻传播学院新闻学（记者班）",0,仙林校区,2009-2010学年 第1学期,18792,逸B-205,,否,,,,,,0,中国文化概论,16,第2节-第4节,逸夫楼B区,05022
32.0,400040,社会心理学(20091-05025-1),200910502518775,,3,,175,1-18周,0,胡翼青,1-18周 周五 第5节-第6节 逸A-117,2.0,新闻传播学院,否,,周五,2009-2010-1,,200910502518775,"2007新闻传播学院新闻学,2008新闻传播学院新闻学（记者班）,2007新闻传播学院广播电视新闻学,2007新闻传播学院广告学",0,仙林校区,2009-2010学年 第1学期,18775,逸A-117,,否,,,,,,0,社会心理学,15,第5节-第6节,逸夫楼A区,05025
32.0,400040,受众研究(20091-05027-1),200910502718772,,3,,150,1-18周,0,夏文蓉,1-18周 周一 第3节-第4节 仙Ⅰ-319,2.0,新闻传播学院,否,,周一,2009-2010-1,,200910502718772,"2007新闻传播学院新闻学,2008新闻传播学院新闻学（记者班）,2007新闻传播学院广播电视新闻学,2007新闻传播学院广告学",0,仙林校区,2009-2010学年 第1学期,18772,仙Ⅰ-319,,否,,,,,,0,受众研究,11,第3节-第4节,仙I区,05027
,200090,新闻采访专题,20091050301C0220952,,1,,0,1-18周,0,,1-18周 周二 第2节-第4节 教118,,研究生院,否,,周二,2009-2010-1,,20091050301C0220952,,0,鼓楼校区,2009-2010学年 第1学期,20952,教118,,否,,,,,,0,,1,第2节-第4节,教学楼,050301C02
,200090,新闻摄影专题,20091050301D0320956,,1,,0,1-18周,0,,1-18周 周二 第1节-第2节 教301,,研究生院,否,,周二,2009-2010-1,,20091050301D0320956,,0,鼓楼校区,2009-2010学年 第1学期,20956,教301,,否,,,,,,0,,1,第1节-第2节,教学楼,050301D03
,200090,新闻实务方法论,20091050301D1020955,,1,,0,1-18周,0,,1-18周 周四 第3节-第4节 教316,,研究生院,否,,周四,2009-2010-1,,20091050301D1020955,,0,鼓楼校区,2009-2010学年 第1学期,20955,教316,,否,,,,,,0,,1,第3节-第4节,教学楼,050301D10
,200090,杰出报道案例研究,20091050301D1120957,,1,,0,1-18周,0,,1-18周 周四 第1节-第2节 教316,,研究生院,否,,周四,2009-2010-1,,20091050301D1120957,,0,鼓楼校区,2009-2010学年 第1学期,20957,教316,,否,,,,,,0,,1,第1节-第2节,教学楼,050301D11
,200090,传播学研究,20091050302C0120951,,1,,0,1-18周,0,,1-18周 周三 第2节-第4节 教306,,研究生院,否,,周三,2009-2010-1,,20091050302C0120951,,0,鼓楼校区,2009-2010学年 第1学期,20951,教306,,否,,,,,,0,,1,第2节-第4节,教学楼,050302C01
,200090,传播与社会研究,20091050302D01520953,,1,,0,1-18周,0,,1-18周 周四 第3节-第4节 教205,,研究生院,否,,周四,2009-2010-1,,20091050302D01520953,,0,鼓楼校区,2009-2010学年 第1学期,20953,教205,,否,,,,,,0,,1,第3节-第4节,教学楼,050302D015
,200090,电视文本分析,20091050302D01620954,,1,,0,1-18周,0,,1-18周 周五 第3节-第4节 教208,,研究生院,否,,周五,2009-2010-1,,20091050302D01620954,,0,鼓楼校区,2009-2010学年 第1学期,20954,教208,,否,,,,,,0,,1,第3节-第4节,教学楼,050302D016
,200090,视觉传播研究,20091050302D0420959,,1,,0,1-18周,0,,1-18周 周四 第1节-第2节 馆1-103,,研究生院,否,,周四,2009-2010-1,,20091050302D0420959,,0,鼓楼校区,2009-2010学年 第1学期,20959,馆1-103,,否,,,,,,0,,8,第1节-第2节,逸夫馆,050302D04
,200090,网络传播专题,20091050302D0520958,,1,,0,1-18周,0,,1-18周 周二 第7节-第8节 馆1-106,,研究生院,否,,周二,2009-2010-1,,20091050302D0520958,,0,鼓楼校区,2009-2010学年 第1学期,20958,馆1-106,,否,,,,,,0,,8,第7节-第8节,逸夫馆,050302D05
,200090,传播符号学研究,20091050302D1020960,,1,,0,1-18周,0,,1-18周 周五 第1节-第2节 馆1-103,,研究生院,否,,周五,2009-2010-1,,20091050302D1020960,,0,鼓楼校区,2009-2010学年 第1学期,20960,馆1-103,,否,,,,,,0,,8,第1节-第2节,逸夫馆,050302D10
32.0,400040,广告文案写作(20091-05031-1),200910503118755,,3,,26,1-18周,0,胡菡菡,1-18周 周一 第5节-第6节 逸B-202,2.0,新闻传播学院,否,,周一,2009-2010-1,,200910503118755,2008新闻传播学院广告学,0,仙林校区,2009-2010学年 第1学期,18755,逸B-202,,否,,,,,,0,广告文案写作,16,第5节-第6节,逸夫楼B区,05031
32.0,400040,中外广告史(20091-05032A-1),2009105032A18754,,3,,25,1-18周,0,夏文蓉,1-18周 周一 第1节-第2节 逸B-201,2.0,新闻传播学院,否,,周一,2009-2010-1,,2009105032A18754,2008新闻传播学院广告学,0,仙林校区,2009-2010学年 第1学期,18754,逸B-201,,否,,,,,,0,中外广告史,16,第1节-第2节,逸夫楼B区,05032A
32.0,400040,广告心理学(20091-05035-1),200910503518753,,3,,27,1-18周,0,胡翼青,1-18周 周三 第5节-第6节 逸B-211,2.0,新闻传播学院,否,,周三,2009-2010-1,,200910503518753,2008新闻传播学院广告学,0,仙林校区,2009-2010学年 第1学期,18753,逸B-211,,否,,,,,,0,广告心理学,16,第5节-第6节,逸夫楼B区,05035
32.0,400040,媒介经营与管理(20091-05037-1),200910503718773,,3,,81,1-18周,0,周凯,1-18周 周四 第5节-第6节 仙Ⅱ-103,2.0,新闻传播学院,否,,周四,2009-2010-1,,200910503718773,"2007新闻传播学院新闻学,2007新闻传播学院广播电视新闻学",0,仙林校区,2009-2010学年 第1学期,18773,仙Ⅱ-103,,否,,,,,,0,媒介经营与管理,12,第5节-第6节,仙II区,05037
32.0,400040,美术基础(20091-05039-1),200910503918757,,1,,25,1-17周,0,张瑜,1-17周 周五 第5节-第7节 ,2.0,新闻传播学院,否,,周五,2009-2010-1,,200910503918757,2008新闻传播学院广告学,0,鼓楼校区,2009-2010学年 第1学期,18757,费彝明楼,,否,,,,,,0,美术基础,,第5节-第7节,,05039
,200090,新闻传播理论专题,200910503B010020950,,1,,0,1-18周,0,,1-18周 周三 第5节-第7节 教310,,研究生院,否,,周三,2009-2010-1,,200910503B010020950,,0,鼓楼校区,2009-2010学年 第1学期,20950,教310,,否,,,,,,0,,1,第5节-第7节,教学楼,0503B0100
,200090,影视史论,20091050405C0120929,,1,,0,1-18周,0,,1-18周 周三 第2节-第4节 教103,,研究生院,否,,周三,2009-2010-1,,20091050405C0120929,,0,鼓楼校区,2009-2010学年 第1学期,20929,教103,,否,,,,,,0,,1,第2节-第4节,教学楼,050405C01
,200090,中国古典戏曲史论,20091050405C0420927,,1,,0,1-18周,0,,1-18周 周四 第2节-第4节 教103,,研究生院,否,,周四,2009-2010-1,,20091050405C0420927,,0,鼓楼校区,2009-2010学年 第1学期,20927,教103,,否,,,,,,0,,1,第2节-第4节,教学楼,050405C04
,200090,戏剧创作与批评,20091050405C0520928,,1,,0,1-18周,0,,1-18周 周四 第5节-第7节 教115,,研究生院,否,,周四,2009-2010-1,,20091050405C0520928,,0,鼓楼校区,2009-2010学年 第1学期,20928,教115,,否,,,,,,0,,1,第5节-第7节,教学楼,050405C05
,200090,昆曲,20091050405C0820926,,1,,0,1-18周,0,,1-18周 周五 第9节-第11节 教212,,研究生院,否,,周五,2009-2010-1,,20091050405C0820926,,0,鼓楼校区,2009-2010学年 第1学期,20926,教212,,否,,,,,,0,,1,第9节-第11节,教学楼,050405C08
,200090,戏剧艺术研究,20091050405C0920930,,1,,0,1-18周,0,,1-18周 周五 第2节-第4节 教114,,研究生院,否,,周五,2009-2010-1,,20091050405C0920930,,0,鼓楼校区,2009-2010学年 第1学期,20930,教114,,否,,,,,,0,,1,第2节-第4节,教学楼,050405C09
,200090,20世纪中国戏剧思想,20091050405X0120902,,1,,0,1-18周,0,,1-18周 周三 第3节-第4节 教220,,研究生院,否,,周三,2009-2010-1,,20091050405X0120902,,0,鼓楼校区,2009-2010学年 第1学期,20902,教220,,否,,,,,,0,,1,第3节-第4节,教学楼,050405X01
,200090,宋元南戏研究,20091050405X0320903,,1,,0,2-18周,0,,2-18周 周一 第3节-第4节 教411,,研究生院,否,,周一,2009-2010-1,,20091050405X0320903,,0,鼓楼校区,2009-2010学年 第1学期,20903,教411,,否,,,,,,0,,1,第3节-第4节,教学楼,050405X03
32.0,400040,广告策划与创意（上）(20091-05042A-1),2009105042A18756,,3,,26,1-18周,0,蒋旭峰,1-18周 周四 第3节-第4节 逸B-201,2.0,新闻传播学院,否,,周四,2009-2010-1,,2009105042A18756,2008新闻传播学院广告学,0,仙林校区,2009-2010学年 第1学期,18756,逸B-201,,否,,,,,,0,广告策划与创意（上）,16,第3节-第4节,逸夫楼B区,05042A
32.0,400040,传播与文化(20091-05043-1),200910504318766,,3,,91,1-18周,0,潘知常,1-18周 周一 第1节-第2节 仙Ⅱ-103,2.0,新闻传播学院,否,,周一,2009-2010-1,,200910504318766,"2007新闻传播学院新闻学,2008新闻传播学院广播电视新闻学",0,仙林校区,2009-2010学年 第1学期,18766,仙Ⅱ-103,,否,,,,,,0,传播与文化,12,第1节-第2节,仙II区,05043
32.0,400040,专业英语(20091-05045-1),200910504518770,,3,,48,1-18周,0,范赟,1-18周 周四 第3节-第4节 仙Ⅱ-315,2.0,新闻传播学院,否,,周四,2009-2010-1,,200910504518770,2007新闻传播学院新闻学,0,仙林校区,2009-2010学年 第1学期,18770,仙Ⅱ-315,,否,,,,,,0,专业英语,12,第3节-第4节,仙II区,05045
32.0,400040,新闻文化学(20091-05046-1),200910504618795,,3,,42,1-18周,0,陈堂发,1-18周 周四 第5节-第6节 逸B-111,2.0,新闻传播学院,否,,周四,2009-2010-1,,200910504618795,2008新闻传播学院新闻学（记者班）,0,仙林校区,2009-2010学年 第1学期,18795,逸B-111,,否,,,,,,0,新闻文化学,16,第5节-第6节,逸夫楼B区,05046
32.0,400040,图像传播学(20091-05055-1),200910505518771,,3,,158,1-18周,0,韩丛耀,1-18周 周五 第3节-第4节 仙Ⅰ-319,2.0,新闻传播学院,否,,周五,2009-2010-1,,200910505518771,"2007新闻传播学院新闻学,2008新闻传播学院新闻学（记者班）,2007新闻传播学院广播电视新闻学,2007新闻传播学院广告学",0,仙林校区,2009-2010学年 第1学期,18771,仙Ⅰ-319,,否,,,,,,0,图像传播学,11,第3节-第4节,仙I区,05055
128.0,400040,毕业实习(20091-05061-1),200910506118796,,1,,35,,0,,,8.0,新闻传播学院,否,,,2009-2010-1,,200910506118796,2007新闻传播学院新闻学（记者班）,0,鼓楼校区,2009-2010学年 第1学期,18796,,,否,,,,,,0,毕业实习,,,,05061
128.0,400040,毕业实习(20091-05061-1),200910506118861,,1,,110,,0,,,8.0,新闻传播学院,否,,,2009-2010-1,,200910506118861,"2006新闻传播学院新闻学,2006新闻传播学院广播电视新闻学,2006新闻传播学院广告学",0,鼓楼校区,2009-2010学年 第1学期,18861,,,否,,,,,,0,毕业实习,,,,05061
32.0,400040,体育新闻专题(20091-05067-1),200910506718802,,1,,29,1-17周,0,刘源,1-17周 周二 第3节-第4节 教207,2.0,新闻传播学院,否,,周二,2009-2010-1,,200910506718802,2005新闻传播学院新闻学（运动员班）,0,鼓楼校区,2009-2010学年 第1学期,18802,教207,,否,,,,,,0,体育新闻专题,1,第3节-第4节,教学楼,05067
32.0,400040,组织传播学(20091-05076-1),200910507618758,,3,,25,1-18周,0,费爱华,1-18周 周一 第7节-第8节 逸B-202,2.0,新闻传播学院,否,,周一,2009-2010-1,,200910507618758,2008新闻传播学院广告学,0,仙林校区,2009-2010学年 第1学期,18758,逸B-202,,否,,,,,,0,组织传播学,16,第7节-第8节,逸夫楼B区,05076
32.0,400040,新闻实务方法论(20091-05077-1),200910507718790,,3,,41,1-18周,0,方延明,1-18周 周三 第3节-第4节 仙Ⅱ-407,2.0,新闻传播学院,否,,周三,2009-2010-1,,200910507718790,2009新闻传播学院新闻学（记者班）,0,仙林校区,2009-2010学年 第1学期,18790,仙Ⅱ-407,,否,,,,,,0,新闻实务方法论,12,第3节-第4节,仙II区,05077
32.0,400040,广播、电视及新媒体写作(20091-05084-1),200910508418762,,3,,36,1-18周,0,朱丽丽,1-18周 周四 第3节-第4节 逸B-202,2.0,新闻传播学院,否,,周四,2009-2010-1,,200910508418762,2008新闻传播学院广播电视新闻学,0,仙林校区,2009-2010学年 第1学期,18762,逸B-202,,否,,,,,,0,广播、电视及新媒体写作,16,第3节-第4节,逸夫楼B区,05084
32.0,400040,世界纪录片史(20091-05085C-1),2009105085C18854,,1,,27,1-17周,0,王辉,1-17周 周五 第9节-第10节 ,2.0,新闻传播学院,否,,周五,2009-2010-1,,2009105085C18854,2008新闻传播学院广播电视新闻学,0,鼓楼校区,2009-2010学年 第1学期,18854,费彝明楼,,否,,,,,,0,世界纪录片史,,第9节-第10节,,05085C
48.0,400040,电视摄像(20091-05086-1),200910508618763,,1,,39,1-17周,0,李晓峰,1-17周 周五 第5节-第7节 ,3.0,新闻传播学院,否,,周五,2009-2010-1,,200910508618763,2008新闻传播学院广播电视新闻学,0,鼓楼校区,2009-2010学年 第1学期,18763,费彝明楼,,否,,,,,,0,电视摄像,,第5节-第7节,,05086
32.0,400040,人际传播(20091-05088-1),200910508818786,,3,,23,1-18周,0,巢乃鹏,1-18周 周二 第5节-第6节 逸B-201,2.0,新闻传播学院,否,,周二,2009-2010-1,,200910508818786,2007新闻传播学院广播电视新闻学,0,仙林校区,2009-2010学年 第1学期,18786,逸B-201,,否,,,,,,0,人际传播,16,第5节-第6节,逸夫楼B区,05088
32.0,400040,电子媒介发展史(20091-05094-1),200910509418784,,3,,25,1-18周,0,王蕾,1-18周 周四 第3节-第4节 逸B-209,2.0,新闻传播学院,否,,周四,2009-2010-1,,200910509418784,2007新闻传播学院广播电视新闻学,0,仙林校区,2009-2010学年 第1学期,18784,逸B-209,,否,,,,,,0,电子媒介发展史,16,第3节-第4节,逸夫楼B区,05094
32.0,400040,网络新闻研究(双语)(20091-05104-1),200910510418785,,3,,14,1-18周,0,秦州,1-18周 周一 第5节-第6节 仙Ⅰ-111,2.0,新闻传播学院,否,,周一,2009-2010-1,,200910510418785,2007新闻传播学院广播电视新闻学,0,仙林校区,2009-2010学年 第1学期,18785,仙Ⅰ-111,,否,,,,,,0,网络新闻研究(双语),11,第5节-第6节,仙I区,05104
32.0,400040,广播电视技术基础(20091-05107-1),200910510718765,,3,,33,1-18周,0,高惠滨,1-18周 周三 第1节-第2节 逸B-202,2.0,新闻传播学院,否,,周三,2009-2010-1,,200910510718765,2008新闻传播学院广播电视新闻学,0,仙林校区,2009-2010学年 第1学期,18765,逸B-202,,否,,,,,,0,广播电视技术基础,16,第1节-第2节,逸夫楼B区,05107
32.0,400040,艺术概论(20091-05116-1),200910511618759,,3,,26,1-18周,0,张静,1-18周 周三 第7节-第8节 逸B-211,2.0,新闻传播学院,否,,周三,2009-2010-1,,200910511618759,2008新闻传播学院广告学,0,仙林校区,2009-2010学年 第1学期,18759,逸B-211,,否,,,,,,0,艺术概论,16,第7节-第8节,逸夫楼B区,05116
32.0,400040,西方文化史(20091-051210-1),2009105121018749,,3,,141,1-18周,0,王雄,1-18周 周三 第5节-第6节 仙Ⅰ-524,2.0,新闻传播学院,否,,周三,2009-2010-1,,2009105121018749,"2008新闻传播学院新闻学,2009新闻传播学院新闻传播学类",0,仙林校区,2009-2010学年 第1学期,18749,仙Ⅰ-524,,否,,,,,,0,西方文化史,11,第5节-第6节,仙I区,051210
32.0,400040,整合营销传播(20091-05122-1),200910512218776,,3,,41,1-18周,0,蒋旭峰,1-18周 周四 第1节-第2节 仙Ⅱ-217,2.0,新闻传播学院,否,,周四,2009-2010-1,,200910512218776,2007新闻传播学院广告学,0,仙林校区,2009-2010学年 第1学期,18776,仙Ⅱ-217,,否,,,,,,0,整合营销传播,12,第1节-第2节,仙II区,05122
32.0,400040,体育概论[1](20091-05127A-1),2009105127A18798,,3,,38,1-18周,0,吴明,1-18周 周三 第3节-第4节 仙Ⅱ-317,2.0,新闻传播学院,否,,周三,2009-2010-1,,2009105127A18798,2009新闻传播学院新闻学（运动员班）,0,仙林校区,2009-2010学年 第1学期,18798,仙Ⅱ-317,,否,,,,,,0,体育概论[1],12,第3节-第4节,仙II区,05127A
32.0,400040,体育概论[2](20091-05127B-1),2009105127B18800,,3,,23,1-18周,0,邵力平,1-18周 周五 第3节-第4节 逸B-202,2.0,新闻传播学院,否,,周五,2009-2010-1,,2009105127B18800,2007新闻传播学院新闻学（运动员班）,0,仙林校区,2009-2010学年 第1学期,18800,逸B-202,,否,,,,,,0,体育概论[2],16,第3节-第4节,逸夫楼B区,05127B
32.0,400040,大众传播法概论(20091-05139-1),200910513918774,,3,,77,1-18周,0,蒋恩铭,1-18周 周二 第3节-第4节 仙Ⅱ-110,2.0,新闻传播学院,否,,周二,2009-2010-1,,200910513918774,"2007新闻传播学院新闻学,2007新闻传播学院广播电视新闻学",0,仙林校区,2009-2010学年 第1学期,18774,仙Ⅱ-110,,否,,,,,,0,大众传播法概论,12,第3节-第4节,仙II区,05139
32.0,400040,广告视听表现艺术(20091-05142-1),200910514218781,,3,,33,1-18周,0,张静,1-18周 周三 第5节-第6节 逸B-209,2.0,新闻传播学院,否,,周三,2009-2010-1,,200910514218781,2007新闻传播学院广告学,0,仙林校区,2009-2010学年 第1学期,18781,逸B-209,,否,,,,,,0,广告视听表现艺术,16,第5节-第6节,逸夫楼B区,05142
32.0,400040,企业文化(20091-05147B-1),2009105147B18780,,3,,33,1-18周,0,刘东兴,1-18周 周二 第5节-第6节 逸B-209,2.0,新闻传播学院,否,,周二,2009-2010-1,,2009105147B18780,2007新闻传播学院广告学,0,仙林校区,2009-2010学年 第1学期,18780,逸B-209,,否,,,,,,0,企业文化,16,第5节-第6节,逸夫楼B区,05147B
32.0,400040,品牌战略管理(20091-05150-1),200910515018777,,3,,41,1-18周,0,费爱华,1-18周 周一 第5节-第6节 逸B-209,2.0,新闻传播学院,否,,周一,2009-2010-1,,200910515018777,2007新闻传播学院广告学,0,仙林校区,2009-2010学年 第1学期,18777,逸B-209,,否,,,,,,0,品牌战略管理,16,第5节-第6节,逸夫楼B区,05150
32.0,400040,中外美术史(20091-05151-1),200910515118779,,3,,34,1-18周,0,张瑜,1-18周 周四 第5节-第6节 虚拟001,2.0,新闻传播学院,否,,周四,2009-2010-1,,200910515118779,2007新闻传播学院广告学,0,仙林校区,2009-2010学年 第1学期,18779,虚拟001,,否,,,,,,0,中外美术史,388,第5节-第6节,虚拟区域（仙林）,05151
32.0,400040,微观经济学(20091-05162-1),200910516218760,,3,,25,1-18周,0,郑丽勇,1-18周 周三 第1节-第2节 逸B-201,2.0,新闻传播学院,否,,周三,2009-2010-1,,200910516218760,2008新闻传播学院广告学,0,仙林校区,2009-2010学年 第1学期,18760,逸B-201,,否,,,,,,0,微观经济学,16,第1节-第2节,逸夫楼B区,05162
32.0,400040,电脑设计软件应用(20091-05163-1),200910516318761,,1,,25,1-17周,0,时雪松,1-17周 周五 第9节-第10节 ,2.0,新闻传播学院,否,,周五,2009-2010-1,,200910516318761,2008新闻传播学院广告学,0,鼓楼校区,2009-2010学年 第1学期,18761,费彝明楼,,否,,,,,,0,电脑设计软件应用,,第9节-第10节,,05163
32.0,400040,统计软件应用(20091-05166-1),200910516618782,,3,,12,1-18周,0,李明,1-18周 周二 第3节-第4节 逸B-210,2.0,新闻传播学院,否,,周二,2009-2010-1,,200910516618782,2007新闻传播学院广告学,0,仙林校区,2009-2010学年 第1学期,18782,逸B-210,,否,,,,,,0,统计软件应用,16,第3节-第4节,逸夫楼B区,05166
32.0,400040,企业管理战略(20091-05167-1),200910516718778,,3,,34,1-18周,0,郑丽勇,1-18周 周三 第3节-第4节 逸B-209,2.0,新闻传播学院,否,,周三,2009-2010-1,,200910516718778,2007新闻传播学院广告学,0,仙林校区,2009-2010学年 第1学期,18778,逸B-209,,否,,,,,,0,企业战略管理,16,第3节-第4节,逸夫楼B区,05167
32.0,400040,公关策划与实务(20091-05168-1),200910516818783,,3,,34,1-18周,0,祁林,1-18周 周四 第3节-第4节 仙Ⅱ-217,2.0,新闻传播学院,否,,周四,2009-2010-1,,200910516818783,2007新闻传播学院广告学,0,仙林校区,2009-2010学年 第1学期,18783,仙Ⅱ-217,,否,,,,,,0,公关策划与实务,12,第3节-第4节,仙II区,05168
48.0,400040,4A大师讲坛(20091-05171-1),200910517121285,,1,,24,1-17周,0,"胡菡菡,郑欣",1-17周 周六 第2节-第7节 ,3.0,新闻传播学院,否,,周六,2009-2010-1,,200910517121285,"2007新闻传播学院广告学,2008新闻传播学院广告学",0,鼓楼校区,2009-2010学年 第1学期,21285,费彝明4楼报告厅,,否,,,,,,0,4A大师讲坛,,第2节-第7节,,05171
32.0,400040,宏观经济学(20091-052480-1),2009105248018742,,3,,94,1-18周,0,张运峰,1-18周 周四 第1节-第2节 仙Ⅰ-101,2.0,新闻传播学院,否,,周四,2009-2010-1,,2009105248018742,2009新闻传播学院新闻传播学类,0,仙林校区,2009-2010学年 第1学期,18742,仙Ⅰ-101,,否,,,,,,0,宏观经济学,11,第1节-第2节,仙I区,052480
32.0,400080,当代中国政府与政治(20091-060000-1),2009106000018693,,3,,136,1-18周,0,闾小波,1-18周 周二 第5节-第6节 仙Ⅰ-206,2.0,政府管理学院,否,,周二,2009-2010-1,,2009106000018693,,0,仙林校区,2009-2010学年 第1学期,18693,仙Ⅰ-206,,否,,,,,,0,当代中国政府与政治,11,第5节-第6节,仙I区,060000
32.0,400080,公共管理导论(20091-060010-1),2009106001018690,,3,,136,1-18周,0,黄健荣,1-18周 周三 第3节-第4节 仙Ⅰ-206,2.0,政府管理学院,否,,周三,2009-2010-1,,2009106001018690,,0,仙林校区,2009-2010学年 第1学期,18690,仙Ⅰ-206,,否,,,,,,0,公共管理导论,11,第3节-第4节,仙I区,060010
32.0,400080,社会学原理(20091-060020-1),2009106002018691,,3,,136,1-18周,0,"童星,严新明",1-18周 周四 第5节-第6节 仙Ⅰ-319,2.0,政府管理学院,否,,周四,2009-2010-1,,2009106002018691,,0,仙林校区,2009-2010学年 第1学期,18691,仙Ⅰ-319,,否,,,,,,0,社会学原理,11,第5节-第6节,仙I区,060020
,200090,古文字及出土文献研读,20091060106D1020933,,1,,0,5-18周,0,,5-18周 周五 第9节-第11节 教206,,研究生院,否,,周五,2009-2010-1,,20091060106D1020933,,0,鼓楼校区,2009-2010学年 第1学期,20933,教206,,否,,,,,,0,,1,第9节-第11节,教学楼,060106D10
,200090,中国历史地理研究,20091060106D1920934,,1,,0,4-18周,0,,4-18周 周四 第9节-第10节 馆1-206,,研究生院,否,,周四,2009-2010-1,,20091060106D1920934,,0,鼓楼校区,2009-2010学年 第1学期,20934,馆1-206,,否,,,,,,0,,8,第9节-第10节,逸夫馆,060106D19
,200090,波斯语初程,20091060106D3320932,,1,,0,1-18周,0,,1-18周 周一 第1节-第2节 教204,,研究生院,否,,周一,2009-2010-1,,20091060106D3320932,,0,鼓楼校区,2009-2010学年 第1学期,20932,教204,,否,,,,,,0,,1,第1节-第2节,教学楼,060106D33
,200090,中国现代史研究,20091060107C0220939,,1,,0,1-18周,0,,1-18周 周三 第2节-第4节 教105,,研究生院,否,,周三,2009-2010-1,,20091060107C0220939,,0,鼓楼校区,2009-2010学年 第1学期,20939,教105,,否,,,,,,0,,1,第2节-第4节,教学楼,060107C02
,200090,中国近现代史料评介,20091060107C0320940,,1,,0,1-18周,0,,1-18周 周三 第9节-第11节 教211,,研究生院,否,,周三,2009-2010-1,,20091060107C0320940,,0,鼓楼校区,2009-2010学年 第1学期,20940,教211,,否,,,,,,0,,1,第9节-第11节,教学楼,060107C03
,200090,社会史的理论与方法,20091060107D0420941,,1,,0,1-18周,0,,1-18周 周二 第2节-第4节 教105,,研究生院,否,,周二,2009-2010-1,,20091060107D0420941,,0,鼓楼校区,2009-2010学年 第1学期,20941,教105,,否,,,,,,0,,1,第2节-第4节,教学楼,060107D04
,200090,海峡两岸关系与政策研究,20091060107D0620942,,1,,0,1-18周,0,,1-18周 周四 第2节-第4节 教105,,研究生院,否,,周四,2009-2010-1,,20091060107D0620942,,0,鼓楼校区,2009-2010学年 第1学期,20942,教105,,否,,,,,,0,,1,第2节-第4节,教学楼,060107D06
,200090,中国近代经济史研究,20091060107D1020943,,1,,0,1-18周,0,,1-18周 周四 第9节-第11节 教209,,研究生院,否,,周四,2009-2010-1,,20091060107D1020943,,0,鼓楼校区,2009-2010学年 第1学期,20943,教209,,否,,,,,,0,,1,第9节-第11节,教学楼,060107D10
,200090,中国近代社会生活史,20091060107D2220944,,1,,0,1-18周,0,,1-18周 周五 第2节-第4节 馆1-202,,研究生院,否,,周五,2009-2010-1,,20091060107D2220944,,0,鼓楼校区,2009-2010学年 第1学期,20944,馆1-202,,否,,,,,,0,,8,第2节-第4节,逸夫馆,060107D22
,200090,当代西方社会思潮,20091060108C0120946,,1,,0,1-18周,0,,1-18周 周五 第2节-第4节 教116,,研究生院,否,,周五,2009-2010-1,,20091060108C0120946,,0,鼓楼校区,2009-2010学年 第1学期,20946,教116,,否,,,,,,0,,1,第2节-第4节,教学楼,060108C01
,200090,英国社会史,20091060108D0120949,,1,,0,1-18周,0,,1-18周 周三 第9节-第10节 教209,,研究生院,否,,周三,2009-2010-1,,20091060108D0120949,,0,鼓楼校区,2009-2010学年 第1学期,20949,教209,,否,,,,,,0,,1,第9节-第10节,教学楼,060108D01
,200090,20世纪西方的女权主义,20091060108D1620947,,1,,0,1-18周,0,,1-18周 周四 第3节-第4节 教108,,研究生院,否,,周四,2009-2010-1,,20091060108D1620947,,0,鼓楼校区,2009-2010学年 第1学期,20947,教108,,否,,,,,,0,,1,第3节-第4节,教学楼,060108D16
,200090,西方学术思想史专题,20091060108D1820945,,1,,0,1-18周,0,,1-18周 周二 第3节-第4节 教108,,研究生院,否,,周二,2009-2010-1,,20091060108D1820945,,0,鼓楼校区,2009-2010学年 第1学期,20945,教108,,否,,,,,,0,,1,第3节-第4节,教学楼,060108D18
,200090,欧洲一体化进程,20091060108D1920948,,1,,0,1-18周,0,,1-18周 周四 第5节-第6节 教116,,研究生院,否,,周四,2009-2010-1,,20091060108D1920948,,0,鼓楼校区,2009-2010学年 第1学期,20948,教116,,否,,,,,,0,,1,第5节-第6节,教学楼,060108D19
,200090,史学理论与方法,200910601B010020931,,1,,0,1-18周,0,,1-18周 周三 第5节-第7节 馆1-205,,研究生院,否,,周三,2009-2010-1,,200910601B010020931,,0,鼓楼校区,2009-2010学年 第1学期,20931,馆1-205,,否,,,,,,0,,8,第5节-第7节,逸夫馆,0601B0100
32.0,400080,公共政策学(20091-06020-1),200910602018726,,3,,25,1-18周,0,孔繁斌,1-18周 周二 第3节-第4节 仙Ⅱ-316,2.0,政府管理学院,否,,周二,2009-2010-1,,200910602018726,"2007政府管理学院行政管理,2007政府管理学院国际政治",0,仙林校区,2009-2010学年 第1学期,18726,仙Ⅱ-316,,否,,,,,,0,公共政策学,12,第3节-第4节,仙II区,06020
32.0,400080,公共经济学(20091-06021-1),200910602118729,,3,,39,1-18周,0,陈志广,1-18周 周五 第3节-第4节 仙Ⅱ-301,2.0,政府管理学院,否,,周五,2009-2010-1,,200910602118729,"2007政府管理学院行政管理,2007政府管理学院行政管理（劳动与社会保障）,2007政府管理学院国际政治",0,仙林校区,2009-2010学年 第1学期,18729,仙Ⅱ-301,,否,,,,,,0,公共经济学,12,第3节-第4节,仙II区,06021
32.0,400080,国家公务员制度(20091-06026-1),200910602618698,,3,,108,"1-7周,16-18周",0,魏姝,"1-7周,16-18周 周三 第1节-第2节 仙Ⅱ-304",2.0,政府管理学院,否,,周三,2009-2010-1,,200910602618698,"2008政府管理学院行政管理,2008政府管理学院行政管理（运动员班）,2008政府管理学院行政管理（劳动与社会保障）,2008政府管理学院国际政治",0,仙林校区,2009-2010学年 第1学期,18698,仙Ⅱ-304,,否,,,,,,0,国家公务员制度,12,第1节-第2节,仙II区,06026
48.0,400080,行政领导与决策(20091-06027-1),200910602718730,,3,,27,1-18周,0,王强,1-18周 周三 第5节-第7节 仙Ⅱ-115,3.0,政府管理学院,否,,周三,2009-2010-1,,200910602718730,2007政府管理学院行政管理,0,仙林校区,2009-2010学年 第1学期,18730,仙Ⅱ-115,,否,,,,,,0,行政领导与决策,12,第5节-第7节,仙II区,06027
48.0,400080,行政法与行政诉讼法(20091-06030-1),200910603018700,,3,,59,1-18周,0,徐国利,1-18周 周三 第5节-第7节 仙Ⅱ-109,3.0,政府管理学院,否,,周三,2009-2010-1,,200910603018700,2008政府管理学院行政管理,0,仙林校区,2009-2010学年 第1学期,18700,仙Ⅱ-109,,否,,,,,,0,行政法与行政诉讼法,12,第5节-第7节,仙II区,06030
48.0,400080,中国政治思想史(20091-06033-1),200910603318703,,3,,58,1-18周,0,王建华,1-18周 周五 第5节-第7节 仙Ⅱ-103,3.0,政府管理学院,否,,周五,2009-2010-1,,200910603318703,"2008政府管理学院行政管理,2008政府管理学院国际政治",0,仙林校区,2009-2010学年 第1学期,18703,仙Ⅱ-103,,否,,,,,,0,中国政治思想史,12,第5节-第7节,仙II区,06033
32.0,400080,中外政治文化比较(20091-06035-1),200910603518612,,1,,72,1-17周,0,王建华,1-17周 周三 第3节-第4节 馆1-307,2.0,政府管理学院,否,,周三,2009-2010-1,,200910603518612,"2006政府管理学院行政管理,2006政府管理学院行政管理（运动员班）,2006政府管理学院国际政治",0,鼓楼校区,2009-2010学年 第1学期,18612,馆1-307,,否,,,,,,0,中外政治文化比较,8,第3节-第4节,逸夫馆,06035
32.0,400080,经济法(20091-06037-1),200910603718709,,3,,80,1-18周,0,王翀,1-18周 周四 第3节-第4节 仙Ⅱ-103,2.0,政府管理学院,否,,周四,2009-2010-1,,200910603718709,"2007政府管理学院行政管理,2008政府管理学院行政管理（运动员班）,2007政府管理学院行政管理（劳动与社会保障）,2007政府管理学院国际政治",0,仙林校区,2009-2010学年 第1学期,18709,仙Ⅱ-103,,否,,,,,,0,经济法,12,第3节-第4节,仙II区,06037
32.0,400080,国际金融(20091-06050-1),200910605018733,,3,,61,1-18周,0,周芳玉,1-18周 周一 第3节-第4节 仙Ⅱ-313,2.0,政府管理学院,否,,周一,2009-2010-1,,200910605018733,"2007政府管理学院行政管理,2007政府管理学院行政管理（劳动与社会保障）,2007政府管理学院国际政治",0,仙林校区,2009-2010学年 第1学期,18733,仙Ⅱ-313,,否,,,,,,0,国际金融,12,第3节-第4节,仙II区,06050
32.0,400080,国际组织(20091-06051-1),200910605118735,,3,,28,1-18周,0,王志松,1-18周 周一 第5节-第6节 仙Ⅱ-508,2.0,政府管理学院,否,,周一,2009-2010-1,,200910605118735,2007政府管理学院国际政治,0,仙林校区,2009-2010学年 第1学期,18735,仙Ⅱ-508,,否,,,,,,0,国际组织,12,第5节-第6节,仙II区,06051
48.0,400080,组织行为学(20091-06053-1),200910605318737,,3,,45,1-18周,0,李洪波,1-18周 周二 第5节-第7节 仙Ⅱ-317,3.0,政府管理学院,否,,周二,2009-2010-1,,200910605318737,"2007政府管理学院国际政治,2007政府管理学院行政管理（劳动与社会保障）",0,仙林校区,2009-2010学年 第1学期,18737,仙Ⅱ-317,,否,,,,,,0,组织行为学,12,第5节-第7节,仙II区,06053
48.0,400080,社会调研理论与方法(20091-06054-1),200910605418701,,3,,61,1-18周,0,王培暄,1-18周 周一 第5节-第7节 仙Ⅱ-316,3.0,政府管理学院,否,,周一,2009-2010-1,,200910605418701,2008政府管理学院行政管理,0,仙林校区,2009-2010学年 第1学期,18701,仙Ⅱ-316,,否,,,,,,0,社会调研理论与方法,12,第5节-第7节,仙II区,06054
32.0,400080,专业英语(20091-06058-1),200910605818731,,3,,35,1-18周,0,范春辉,1-18周 周五 第5节-第6节 仙Ⅱ-114,2.0,政府管理学院,否,,周五,2009-2010-1,,200910605818731,"2007政府管理学院行政管理,2007政府管理学院行政管理（劳动与社会保障）",0,仙林校区,2009-2010学年 第1学期,18731,仙Ⅱ-114,,否,,,,,,0,专业英语,12,第5节-第6节,仙II区,06058
32.0,400080,行政学说史(20091-06065-1),200910606518702,,3,,65,8-18周,0,"王翀,朱伟,孙昊",8-18周 周四 第1节-第2节 仙Ⅱ-310,2.0,政府管理学院,否,,周四,2009-2010-1,,200910606518702,"2008政府管理学院行政管理,2008政府管理学院行政管理（运动员班）",0,仙林校区,2009-2010学年 第1学期,18702,仙Ⅱ-310,,否,,,,,,0,行政学说史,12,第1节-第2节,仙II区,06065
48.0,400080,当代西方政治思潮(20091-06070-1),200910607018734,,3,,26,1-18周,0,"吕磊,张凤阳",1-18周 周四 第5节-第7节 仙Ⅱ-401,3.0,政府管理学院,否,,周四,2009-2010-1,,200910607018734,"2007政府管理学院行政管理,2007政府管理学院国际政治",0,仙林校区,2009-2010学年 第1学期,18734,仙Ⅱ-401,,否,,,,,,0,当代西方政治思潮,12,第5节-第7节,仙II区,06070
64.0,400080,近现代国际关系史(20091-06080-1),200910608018711,,3,,16,1-18周,0,吕磊,1-18周 周一 第5节-第7节 仙Ⅱ-317,4.0,政府管理学院,否,,周一,2009-2010-1,,200910608018711,2008政府管理学院国际政治,0,仙林校区,2009-2010学年 第1学期,18711,仙Ⅱ-317,,否,,,,,,0,近现代国际关系史,12,第5节-第7节,仙II区,06080
48.0,400080,中国近现代对外关系(20091-06084-1),200910608418712,,3,,32,1-18周,0,杨丹伟,1-18周 周二 第5节-第6节 仙Ⅱ-316,3.0,政府管理学院,否,,周二,2009-2010-1,,200910608418712,2008政府管理学院国际政治,0,仙林校区,2009-2010学年 第1学期,18712,仙Ⅱ-316,,否,,,,,,0,中国近现代对外关系,12,第5节-第6节,仙II区,06084
48.0,400080,世界经济(20091-06085-1),200910608518713,,3,,16,1-18周,0,沈伯平,1-18周 周三 第5节-第7节 ,3.0,政府管理学院,否,,周三,2009-2010-1,,200910608518713,2008政府管理学院国际政治,0,仙林校区,2009-2010学年 第1学期,18713,无,,否,,,,,,0,世界经济,,第5节-第7节,,06085
48.0,400080,英文专业文献选读(外教)(20091-06096-1),200910609618736,,3,,16,1-18周,0,刘慧,1-18周 周五 第5节-第7节 仙Ⅱ-115,3.0,政府管理学院,否,,周五,2009-2010-1,,200910609618736,2007政府管理学院国际政治,0,仙林校区,2009-2010学年 第1学期,18736,仙Ⅱ-115,,否,,,,,,0,英文专业文献选读(外教),12,第5节-第7节,仙II区,06096
32.0,400080,绩效管理(20091-06098-1),200910609818611,,1,,72,1-17周,0,朱伟,1-17周 周一 第3节-第4节 馆1-307,2.0,政府管理学院,否,,周一,2009-2010-1,,200910609818611,"2006政府管理学院行政管理,2006政府管理学院行政管理（运动员班）,2006政府管理学院行政管理（劳动与社会保障）,2006政府管理学院国际政治",0,鼓楼校区,2009-2010学年 第1学期,18611,馆1-307,,否,,,,,,0,绩效管理,8,第3节-第4节,逸夫馆,06098
48.0,400080,世界政治与国际关系(20091-06118-1),200910611818715,,3,,37,1-18周,0,金学明,1-18周 周四 第5节-第7节 仙Ⅱ-508,3.0,政府管理学院,否,,周四,2009-2010-1,,200910611818715,2008政府管理学院国际政治,0,仙林校区,2009-2010学年 第1学期,18715,仙Ⅱ-508,,否,,,,,,0,世界政治与国际关系,12,第5节-第7节,仙II区,06118
32.0,400080,比较政府体制(20091-06127-1),200910612718614,,1,,89,1-17周,0,笪素林,1-17周 周四 第3节-第4节 馆1-307,2.0,政府管理学院,否,,周四,2009-2010-1,,200910612718614,"2006政府管理学院行政管理,2006政府管理学院行政管理（运动员班）,2006政府管理学院行政管理（劳动与社会保障）,2006政府管理学院国际政治",0,鼓楼校区,2009-2010学年 第1学期,18614,馆1-307,,否,,,,,,0,比较政府体制,8,第3节-第4节,逸夫馆,06127
32.0,400080,当代中国政府与政治(20091-06128-1),200910612818732,,3,,65,1-18周,0,笪素林,1-18周 周三 第3节-第4节 仙Ⅱ-116,2.0,政府管理学院,否,,周三,2009-2010-1,,200910612818732,"2007政府管理学院行政管理,2007政府管理学院国际政治",0,仙林校区,2009-2010学年 第1学期,18732,仙Ⅱ-116,,否,,,,,,0,当代中国政府与政治,12,第3节-第4节,仙II区,06128
0.0,400080,政治学专业英语(20091-06129-1),200910612918741,,3,,12,1-18周,0,黄跃进,1-18周 周三 第5节-第6节 仙Ⅱ-216,0.0,政府管理学院,否,,周三,2009-2010-1,,200910612918741,,0,仙林校区,2009-2010学年 第1学期,18741,仙Ⅱ-216,,否,,,,,,0,政治学专业英语,12,第5节-第6节,仙II区,06129
48.0,400080,社会保障概论(20091-06501-1),200910650118706,,3,,48,1-18周,0,周沛,1-18周 周四 第5节-第7节 仙Ⅱ-319,3.0,政府管理学院,否,,周四,2009-2010-1,,200910650118706,"2008政府管理学院行政管理,2008政府管理学院行政管理（劳动与社会保障）",0,仙林校区,2009-2010学年 第1学期,18706,仙Ⅱ-319,,否,,,,,,0,社会保障概论,12,第5节-第7节,仙II区,06501
48.0,400080,劳动关系(20091-06502-1),200910650218717,,3,,21,1-18周,0,朱国云,1-18周 周三 第5节-第7节 仙Ⅱ-113,3.0,政府管理学院,否,,周三,2009-2010-1,,200910650218717,2008政府管理学院行政管理（劳动与社会保障）,0,仙林校区,2009-2010学年 第1学期,18717,仙Ⅱ-113,,否,,,,,,0,劳动关系,12,第5节-第7节,仙II区,06502
32.0,400080,人力资源管理(20091-06503-1),200910650318719,,3,,21,1-18周,0,张海波,1-18周 周一 第5节-第6节 仙Ⅱ-407,2.0,政府管理学院,否,,周一,2009-2010-1,,200910650318719,2008政府管理学院行政管理（劳动与社会保障）,0,仙林校区,2009-2010学年 第1学期,18719,仙Ⅱ-407,,否,,,,,,0,人力资源管理,12,第5节-第6节,仙II区,06503
32.0,400080,职业生涯与薪酬管理(20091-06504-1),200910650418721,,3,,21,1-18周,0,严新明,1-18周 周五 第5节-第6节 仙Ⅱ-113,2.0,政府管理学院,否,,周五,2009-2010-1,,200910650418721,2008政府管理学院行政管理（劳动与社会保障）,0,仙林校区,2009-2010学年 第1学期,18721,仙Ⅱ-113,,否,,,,,,0,职业生涯与薪酬管理,12,第5节-第6节,仙II区,06504
48.0,400080,保险精算(20091-06506-1),200910650618738,,3,,26,1-18周,0,范克新,1-18周 周一 第5节-第7节 仙Ⅱ-512,3.0,政府管理学院,否,,周一,2009-2010-1,,200910650618738,2007政府管理学院行政管理（劳动与社会保障）,0,仙林校区,2009-2010学年 第1学期,18738,仙Ⅱ-512,,否,,,,,,0,保险精算,12,第5节-第7节,仙II区,06506
48.0,400080,社会保障基金管理(20091-06507-1),200910650718739,,3,,26,1-18周,0,周文幸,1-18周 周四 第5节-第7节 仙Ⅱ-512,3.0,政府管理学院,否,,周四,2009-2010-1,,200910650718739,2007政府管理学院行政管理（劳动与社会保障）,0,仙林校区,2009-2010学年 第1学期,18739,仙Ⅱ-512,,否,,,,,,0,社会保障基金管理,12,第5节-第7节,仙II区,06507
48.0,400080,货币银行学(20091-06508-1),200910650818740,,3,,26,1-18周,0,任正臣,1-18周 周三 第5节-第7节 仙Ⅱ-116,3.0,政府管理学院,否,,周三,2009-2010-1,,200910650818740,2007政府管理学院行政管理（劳动与社会保障）,0,仙林校区,2009-2010学年 第1学期,18740,仙Ⅱ-116,,否,,,,,,0,货币银行学,12,第5节-第7节,仙II区,06508
48.0,400310,知识管理(20091-06519-1),200910651918744,,1,,21,1-17周,0,"梁林梅,刘永贵",1-17周 周四 第5节-第7节 教206,3.0,教育研究院,否,,周四,2009-2010-1,,200910651918744,2006教育研究院教育技术学,0,鼓楼校区,2009-2010学年 第1学期,18744,教206,,否,,,,,,0,知识管理,1,第5节-第7节,教学楼,06519
32.0,400080,公共卫生管理(20091-06520-1),200910652018613,,1,,65,1-17周,0,顾海,1-17周 周五 第3节-第4节 馆1-307,2.0,政府管理学院,否,,周五,2009-2010-1,,200910652018613,"2006政府管理学院行政管理,2006政府管理学院行政管理（运动员班）,2006政府管理学院行政管理（劳动与社会保障）,2006政府管理学院国际政治",0,鼓楼校区,2009-2010学年 第1学期,18613,馆1-307,,否,,,,,,0,公共卫生管理,8,第3节-第4节,逸夫馆,06520
32.0,400080,投资金融学(20091-06521-1),200910652118615,,1,,36,1-17周,0,高传胜,1-17周 周二 第3节-第4节 馆1-106,2.0,政府管理学院,否,,周二,2009-2010-1,,200910652118615,"2006政府管理学院国际政治,2006政府管理学院行政管理（劳动与社会保障）",0,鼓楼校区,2009-2010学年 第1学期,18615,馆1-106,,否,,,,,,0,投资金融学,8,第3节-第4节,逸夫馆,06521
32.0,400080,养老保险与企业年金(20091-06522-1),200910652218616,,1,,21,1-17周,0,周文幸,1-17周 周一 第3节-第4节 教207,2.0,政府管理学院,否,,周一,2009-2010-1,,200910652218616,2006政府管理学院行政管理（劳动与社会保障）,0,鼓楼校区,2009-2010学年 第1学期,18616,教207,,否,,,,,,0,养老保险与企业年金,1,第3节-第4节,教学楼,06522
32.0,400090,信息资源管理导论(20091-070010-1),2009107001020004,,3,,103,1-18周,0,孙建军,1-18周 周四 第3节-第4节 仙Ⅱ-304,2.0,信息管理学院,否,,周四,2009-2010-1,,2009107001020004,,0,仙林校区,2009-2010学年 第1学期,20004,仙Ⅱ-304,,否,,,,,,0,信息资源管理导论,12,第3节-第4节,仙II区,070010
80.0,400090,信息技术基础(20091-070020-1),2009107002020005,,3,,96,"1-18周,1-18周,1-18周",0,杨建林,"1-18周 周五 第1节-第2节 逸B-410,1-18周 周二 第7节-第8节 ,1-18周 周二 第5节-第6节 逸B-410",5.0,信息管理学院,否,,"周二,周二,周五",2009-2010-1,,2009107002020005,,0,仙林校区,2009-2010学年 第1学期,20005,"逸B-410,无,逸B-410",,否,,,,,,0,信息技术基础,16,"第5节-第6节,第7节-第8节,第1节-第2节",逸夫楼B区,070020
48.0,400090,信息组织(上)(20091-070030A-1),20091070030A20006,,3,,96,"1-17周(单),1-18周",0,谭华军,"1-18周 周四 第1节-第2节 仙Ⅱ-505,1-17周(单) 周一 第1节-第2节 仙Ⅱ-405",3.0,信息管理学院,否,,"周一,周四",2009-2010-1,,20091070030A20006,,0,仙林校区,2009-2010学年 第1学期,20006,"仙Ⅱ-405,仙Ⅱ-505",,否,,,,,,0,信息组织(上),12,"第1节-第2节,第1节-第2节",仙II区,070030A
32.0,400090,知识创新与学术规范(20091-07005-1),200910700519029,,1,,62,"1-11周,1-11周(单)",0,叶继元,"1-11周 周一 第3节-第4节 教203,1-11周(单) 周三 第3节-第4节 教203",2.0,信息管理学院,否,,"周一,周三",2009-2010-1,,200910700519029,"2006信息管理学院信息管理与信息系统,2006信息管理学院档案学,2006信息管理学院图书馆学",0,鼓楼校区,2009-2010学年 第1学期,19029,"教203,教203",,否,,,,,,0,知识创新与学术规范,1,"第3节-第4节,第3节-第4节",教学楼,07005
,200090,CoastalSystcm Ecology(海滨系统生态学),200910701012X021146,,1,,0,1-18周,0,,1-18周 周二 第3节-第4节 教306,,研究生院,否,,周二,2009-2010-1,,200910701012X021146,,0,鼓楼校区,2009-2010学年 第1学期,21146,教306,,否,,,,,,0,,1,第3节-第4节,教学楼,0701012X0
48.0,400090,信息组织(上)(20091-07010A-1),2009107010A18977,,3,,74,"2-18周(双),1-18周",0,谭华军,"2-18周(双) 周一 第1节-第2节 仙Ⅱ-311,1-18周 周四 第3节-第4节 仙Ⅱ-311",3.0,信息管理学院,否,,"周一,周四",2009-2010-1,,2009107010A18977,,0,仙林校区,2009-2010学年 第1学期,18977,"仙Ⅱ-311,仙Ⅱ-311",,否,,,,,,0,信息组织(上),12,"第1节-第2节,第3节-第4节",仙II区,07010A
48.0,400090,Internet实用技术(20091-07011-1),200910701118983,,3,,76,"1-18周,1-18周",0,"邓三鸿,苏新宁","1-18周 周四 第1节-第2节 仙Ⅱ-103,1-18周 周四 第3节-第4节 ",3.0,信息管理学院,否,,"周四,周四",2009-2010-1,,200910701118983,"2007信息管理学院信息管理与信息系统,2007信息管理学院编辑出版学,2007信息管理学院档案学,2007信息管理学院图书馆学",0,仙林校区,2009-2010学年 第1学期,18983,"仙Ⅱ-103,无",,否,,,,,,0,Internet实用技术,12,"第1节-第2节,第3节-第4节",仙II区,07011
32.0,400090,信息检索(中文)(20091-07014A-1),2009107014A18978,,3,,75,1-18周,0,张志强,1-18周 周五 第5节-第6节 仙Ⅱ-117,2.0,信息管理学院,否,,周五,2009-2010-1,,2009107014A18978,,0,仙林校区,2009-2010学年 第1学期,18978,仙Ⅱ-117,,否,,,,,,0,信息检索(中文),12,第5节-第6节,仙II区,07014A
32.0,400090,定密理论与实务(20091-07015-1),200910701518991,,3,,33,1-18周,0,邵波,1-18周 周三 第3节-第4节 逸B-111,2.0,信息管理学院,否,,周三,2009-2010-1,,200910701518991,2007信息管理学院信息管理与信息系统,0,仙林校区,2009-2010学年 第1学期,18991,逸B-111,,否,,,,,,0,定密理论与实务,16,第3节-第4节,逸夫楼B区,07015
32.0,400090,保密史与保密制度(20091-07017-1),200910701718993,,3,,33,1-18周,0,李刚,1-18周 周三 第5节-第6节 逸B-111,2.0,信息管理学院,否,,周三,2009-2010-1,,200910701718993,2007信息管理学院信息管理与信息系统,0,仙林校区,2009-2010学年 第1学期,18993,逸B-111,,否,,,,,,0,保密史与保密制度,16,第5节-第6节,逸夫楼B区,07017
48.0,400090,信息分析(20091-07018-1),200910701818982,,3,,76,1-18周,0,袁勤俭,1-18周 周一 第5节-第7节 仙Ⅱ-112,3.0,信息管理学院,否,,周一,2009-2010-1,,200910701818982,"2007信息管理学院信息管理与信息系统,2007信息管理学院编辑出版学,2007信息管理学院档案学,2007信息管理学院图书馆学",0,仙林校区,2009-2010学年 第1学期,18982,仙Ⅱ-112,,否,,,,,,0,信息分析,12,第5节-第7节,仙II区,07018
80.0,400090,数据库原理与应用(20091-07019-1),200910701918979,,3,,87,"1-18周,1-18周,1-18周",0,谈晓洁,"1-18周 周二 第5节-第6节 逸B-207,1-18周 周四 第7节-第8节 ,1-18周 周四 第5节-第6节 逸B-207",5.0,信息管理学院,否,,"周二,周四,周四",2009-2010-1,,200910701918979,,0,仙林校区,2009-2010学年 第1学期,18979,"逸B-207,逸B-207,无",,否,,,,,,0,数据库原理与应用,16,"第5节-第6节,第5节-第6节,第7节-第8节",逸夫楼B区,07019
,200090,高等统计物理,20091070201C0120997,,1,,0,"1-17周(单),4-18周",0,,"4-18周 周一 第1节-第3节 教105,1-17周(单) 周三 第7节-第8节 教220",,研究生院,否,,"周三,周一",2009-2010-1,,20091070201C0120997,,0,鼓楼校区,2009-2010学年 第1学期,20997,"教220,教105",,否,,,,,,0,,1,"第7节-第8节,第1节-第3节",教学楼,070201C01
,200090,群论及其应用,20091070201C0220993,,1,,0,"1-18周,1-18周",0,,"1-18周 周二 第3节-第4节 馆3-201,1-18周 周五 第7节-第8节 馆3-201",,研究生院,否,,"周二,周五",2009-2010-1,,20091070201C0220993,,0,鼓楼校区,2009-2010学年 第1学期,20993,"馆3-201,馆3-201",,否,,,,,,0,,8,"第3节-第4节,第7节-第8节",逸夫馆,070201C02
,200090,量子场论,20091070201C0320999,,1,,0,"1-18周,1-18周",0,,"1-18周 周一 第9节-第10节 教220,1-18周 周三 第9节-第10节 教220",,研究生院,否,,"周一,周三",2009-2010-1,,20091070201C0320999,,0,鼓楼校区,2009-2010学年 第1学期,20999,"教220,教220",,否,,,,,,0,,1,"第9节-第10节,第9节-第10节",教学楼,070201C03
,200090,低维凝聚态物理,20091070201X0320995,,1,,0,"1-17周(单),1-18周",0,,"1-18周 周三 第3节-第4节 馆2-208,1-17周(单) 周一 第3节-第4节 馆2-208",,研究生院,否,,"周一,周三",2009-2010-1,,20091070201X0320995,,0,鼓楼校区,2009-2010学年 第1学期,20995,"馆2-208,馆2-208",,否,,,,,,0,,8,"第3节-第4节,第3节-第4节",逸夫馆,070201X03
,200090,透射电子显微镜及衍射术,20091070205C2021003,,1,,0,4-18周,0,,4-18周 周二 第9节-第10节 教203,,研究生院,否,,周二,2009-2010-1,,20091070205C2021003,,0,鼓楼校区,2009-2010学年 第1学期,21003,教203,,否,,,,,,0,,1,第9节-第10节,教学楼,070205C20
,200090,衍射物理学,20091070205X0121001,,1,,0,"1-18周,1-17周(单)",0,,"1-18周 周一 第3节-第4节 教208,1-17周(单) 周四 第3节-第4节 教208",,研究生院,否,,"周一,周四",2009-2010-1,,20091070205X0121001,,0,鼓楼校区,2009-2010学年 第1学期,21001,"教208,教208",,否,,,,,,0,,1,"第3节-第4节,第3节-第4节",教学楼,070205X01
,200090,声辐射原理,20091070206C0221006,,1,,0,1-18周,0,,1-18周 周二 第5节-第6节 教316,,研究生院,否,,周二,2009-2010-1,,20091070206C0221006,,0,鼓楼校区,2009-2010学年 第1学期,21006,教316,,否,,,,,,0,,1,第5节-第6节,教学楼,070206C02
32.0,400090,信息经济学(20091-07021-1),200910702118981,,3,,70,1-18周,0,裴雷,1-18周 周四 第1节-第2节 仙Ⅱ-311,2.0,信息管理学院,否,,周四,2009-2010-1,,200910702118981,,0,仙林校区,2009-2010学年 第1学期,18981,仙Ⅱ-311,,否,,,,,,0,信息经济学,12,第1节-第2节,仙II区,07021
48.0,400090,信息系统开发工具(20091-07028-1),200910702818987,,3,,37,"1-18周,1-18周",0,王昊,"1-18周 周二 第5节-第6节 逸B-210,1-18周 周二 第7节-第8节 ",3.0,信息管理学院,否,,"周二,周二",2009-2010-1,,200910702818987,2007信息管理学院信息管理与信息系统,0,仙林校区,2009-2010学年 第1学期,18987,"逸B-210,无",,否,,,,,,0,信息系统开发工具,16,"第5节-第6节,第7节-第8节",逸夫楼B区,07028
,200090,现代数字信号处理,200910702B020021004,,1,,0,1-18周,0,,1-18周 周三 第2节-第4节 馆3-103,,研究生院,否,,周三,2009-2010-1,,200910702B020021004,,0,鼓楼校区,2009-2010学年 第1学期,21004,馆3-103,,否,,,,,,0,,8,第2节-第4节,逸夫馆,0702B0200
32.0,400090,信息咨询(20091-07030-1),200910703019034,,1,,13,"1-11周(单),1-11周",0,郑建明,"1-11周 周五 第1节-第2节 教212,1-11周(单) 周三 第5节-第6节 教203",2.0,信息管理学院,否,,"周三,周五",2009-2010-1,,200910703019034,"2006信息管理学院信息管理与信息系统,2006信息管理学院档案学,2006信息管理学院图书馆学",0,鼓楼校区,2009-2010学年 第1学期,19034,"教203,教212",,否,,,,,,0,信息咨询,1,"第5节-第6节,第1节-第2节",教学楼,07030
,200090,配位化学,20091070301C0121018,,1,,0,1-18周,0,,1-18周 周二 第3节-第4节 馆1-307,,研究生院,否,,周二,2009-2010-1,,20091070301C0121018,,0,鼓楼校区,2009-2010学年 第1学期,21018,馆1-307,,否,,,,,,0,,8,第3节-第4节,逸夫馆,070301C01
,200090,无机专题讨论,20091070301C0321040,,1,,0,1-18周,0,,1-18周 周五 第5节-第8节 教203,,研究生院,否,,周五,2009-2010-1,,20091070301C0321040,,0,鼓楼校区,2009-2010学年 第1学期,21040,教203,,否,,,,,,0,,1,第5节-第8节,教学楼,070301C03
,200090,电子顺磁共振,20091070301D0121022,,1,,0,1-18周,0,,1-18周 周五 第5节-第6节 教202,,研究生院,否,,周五,2009-2010-1,,20091070301D0121022,,0,鼓楼校区,2009-2010学年 第1学期,21022,教202,,否,,,,,,0,,1,第5节-第6节,教学楼,070301D01
,200090,晶体结构分析,20091070301D0221019,,1,,0,1-18周,0,,1-18周 周二 第5节-第6节 馆1-205,,研究生院,否,,周二,2009-2010-1,,20091070301D0221019,,0,鼓楼校区,2009-2010学年 第1学期,21019,馆1-205,,否,,,,,,0,,8,第5节-第6节,逸夫馆,070301D02
,200090,配位磁化学,20091070301D0321020,,1,,0,1-18周,0,,1-18周 周一 第5节-第6节 教318,,研究生院,否,,周一,2009-2010-1,,20091070301D0321020,,0,鼓楼校区,2009-2010学年 第1学期,21020,教318,,否,,,,,,0,,1,第5节-第6节,教学楼,070301D03
,200090,固体无机化学,20091070301D0421021,,1,,0,1-18周,0,,1-18周 周五 第3节-第4节 馆1-104,,研究生院,否,,周五,2009-2010-1,,20091070301D0421021,,0,鼓楼校区,2009-2010学年 第1学期,21021,馆1-104,,否,,,,,,0,,8,第3节-第4节,逸夫馆,070301D04
,200090,电分析化学基础,20091070302C0121026,,1,,0,"1-18周,1-18周",0,,"1-18周 周二 第3节-第4节 ,1-18周 周五 第5节-第7节 馆1-304",,研究生院,否,,"周二,周五",2009-2010-1,,20091070302C0121026,,0,鼓楼校区,2009-2010学年 第1学期,21026,"专用或实验教室,馆1-304",,否,,,,,,0,,8,"第3节-第4节,第5节-第7节",逸夫馆,070302C01
,200090,近代分子光谱法,20091070302C0221028,,1,,0,"2-18周(双),1-18周",0,,"1-18周 周五 第3节-第4节 馆1-304,2-18周(双) 周二 第5节-第6节 馆1-304",,研究生院,否,,"周二,周五",2009-2010-1,,20091070302C0221028,,0,鼓楼校区,2009-2010学年 第1学期,21028,"馆1-304,馆1-304",,否,,,,,,0,,8,"第5节-第6节,第3节-第4节",逸夫馆,070302C02
,200090,分离科学,20091070302D0221025,,1,,0,1-18周,0,,1-18周 周四 第1节-第2节 馆3-103,,研究生院,否,,周四,2009-2010-1,,20091070302D0221025,,0,鼓楼校区,2009-2010学年 第1学期,21025,馆3-103,,否,,,,,,0,,8,第1节-第2节,逸夫馆,070302D02
,200090,高等有机化学,20091070303C0221030,,1,,0,"1-17周(单),1-18周",0,,"1-18周 周五 第3节-第4节 馆1-306,1-17周(单) 周二 第5节-第6节 ",,研究生院,否,,"周二,周五",2009-2010-1,,20091070303C0221030,,0,鼓楼校区,2009-2010学年 第1学期,21030,"专用或实验教室,馆1-306",,否,,,,,,0,,8,"第5节-第6节,第3节-第4节",逸夫馆,070303C02
,200090,生物有机化学,20091070303C0321032,,1,,0,1-18周,0,,1-18周 周二 第3节-第4节 ,,研究生院,否,,周二,2009-2010-1,,20091070303C0321032,,0,鼓楼校区,2009-2010学年 第1学期,21032,专用或实验教室,,否,,,,,,0,,,第3节-第4节,,070303C03
48.0,200090,量子化学,20091070304B0121014,,1,,0,"1-18周,4-18周(双)",0,,"1-18周 周二 第1节-第2节 馆3-201,4-18周(双) 周四 第9节-第10节 教213",3.0,研究生院,否,,"周二,周四",2009-2010-1,,20091070304B0121014,,0,鼓楼校区,2009-2010学年 第1学期,21014,"馆3-201,教213",,否,,,,,,0,量子化学,"1,8","第1节-第2节,第9节-第10节","教学楼, 逸夫馆",070304B01
,200090,谱学基础,20091070304B0221016,,1,,0,"1-18周,3-17周(单)",0,,"1-18周 周一 第1节-第2节 教213,3-17周(单) 周四 第9节-第10节 教213",,研究生院,否,,"周一,周四",2009-2010-1,,20091070304B0221016,,0,鼓楼校区,2009-2010学年 第1学期,21016,"教213,教213",,否,,,,,,0,,1,"第1节-第2节,第9节-第10节",教学楼,070304B02
,200090,介观材料化学-结构与性质,20091070304D0121023,,1,,0,3-18周,0,,3-18周 周五 第1节-第2节 馆3-201,,研究生院,否,,周五,2009-2010-1,,20091070304D0121023,,0,鼓楼校区,2009-2010学年 第1学期,21023,馆3-201,,否,,,,,,0,,8,第1节-第2节,逸夫馆,070304D01
,200090,催化化学,20091070304D0221033,,1,,0,"1-18周,1-18周,2-18周(双)",0,,"1-18周 周二 第3节-第4节 馆2-206,2-18周(双) 周三 第5节-第6节 馆2-206,1-18周 周五 第3节-第4节 馆2-206",,研究生院,否,,"周二,周五,周三",2009-2010-1,,20091070304D0221033,,0,鼓楼校区,2009-2010学年 第1学期,21033,"馆2-206,馆2-206,馆2-206",,否,,,,,,0,,8,"第3节-第4节,第3节-第4节,第5节-第6节",逸夫馆,070304D02
,200090,高分子结构研究法,20091070305C0121036,,1,,0,1-18周,0,,1-18周 周五 第3节-第4节 馆2-208,,研究生院,否,,周五,2009-2010-1,,20091070305C0121036,,0,鼓楼校区,2009-2010学年 第1学期,21036,馆2-208,,否,,,,,,0,,8,第3节-第4节,逸夫馆,070305C01
,200090,高分子超分子化学,20091070305C0221037,,1,,0,1-18周,0,,1-18周 周三 第5节-第6节 馆2-208,,研究生院,否,,周三,2009-2010-1,,20091070305C0221037,,0,鼓楼校区,2009-2010学年 第1学期,21037,馆2-208,,否,,,,,,0,,8,第5节-第6节,逸夫馆,070305C02
,200090,高分子结构的光谱分析,20091070305C0421038,,1,,0,1-18周,0,,1-18周 周一 第5节-第6节 教103,,研究生院,否,,周一,2009-2010-1,,20091070305C0421038,,0,鼓楼校区,2009-2010学年 第1学期,21038,教103,,否,,,,,,0,,1,第5节-第6节,教学楼,070305C04
32.0,400090,信息对抗(20091-07035-1),200910703518992,,3,,35,1-18周,0,石进,1-18周 周五 第5节-第6节 逸B-111,2.0,信息管理学院,否,,周五,2009-2010-1,,200910703518992,2007信息管理学院信息管理与信息系统,0,仙林校区,2009-2010学年 第1学期,18992,逸B-111,,否,,,,,,0,信息对抗,16,第5节-第6节,逸夫楼B区,07035
48.0,400090,计算机网络基础(20091-07036-1),200910703618984,,3,,76,1-18周,0,成颖,1-18周 周四 第5节-第7节 仙Ⅱ-112,3.0,信息管理学院,否,,周四,2009-2010-1,,200910703618984,"2007信息管理学院信息管理与信息系统,2007教育研究院教育技术学,2007信息管理学院编辑出版学,2007信息管理学院档案学,2007信息管理学院图书馆学",0,仙林校区,2009-2010学年 第1学期,18984,仙Ⅱ-112,,否,,,,,,0,计算机网络基础,12,第5节-第7节,仙II区,07036
48.0,400090,数字图书馆(20091-07041-1),200910704119042,,1,,4,1-11周,0,杨海平,1-11周 周一 第5节-第7节 ,3.0,信息管理学院,否,,周一,2009-2010-1,,200910704119042,2006信息管理学院图书馆学,0,鼓楼校区,2009-2010学年 第1学期,19042,教研室,,否,,,,,,0,数字图书馆,,第5节-第7节,,07041
,200090,水文过程,20091070501C0321069,,1,,0,1-18周,0,,1-18周 周一 第3节-第4节 教103,,研究生院,否,,周一,2009-2010-1,,20091070501C0321069,,0,鼓楼校区,2009-2010学年 第1学期,21069,教103,,否,,,,,,0,,1,第3节-第4节,教学楼,070501C03
,200090,土壤学基本问题,20091070501C0421071,,1,,0,1-18周,0,,1-18周 周五 第3节-第4节 馆1-102,,研究生院,否,,周五,2009-2010-1,,20091070501C0421071,,0,鼓楼校区,2009-2010学年 第1学期,21071,馆1-102,,否,,,,,,0,,8,第3节-第4节,逸夫馆,070501C04
,200090,自然地理学进展,20091070501X00121099,,1,,0,1-18周,0,,1-18周 周一 第3节-第4节 教405,,研究生院,否,,周一,2009-2010-1,,20091070501X00121099,,0,鼓楼校区,2009-2010学年 第1学期,21099,教405,,否,,,,,,0,,1,第3节-第4节,教学楼,070501X001
,200090,城市与区域系统研究,20091070502C0121075,,1,,0,4-18周,0,,4-18周 周二 第7节-第8节 馆1-306,,研究生院,否,,周二,2009-2010-1,,20091070502C0121075,,0,鼓楼校区,2009-2010学年 第1学期,21075,馆1-306,,否,,,,,,0,,8,第7节-第8节,逸夫馆,070502C01
,200090,城市地理学进展,20091070502C0321076,,1,,0,1-18周,0,,1-18周 周二 第3节-第4节 馆1-206,,研究生院,否,,周二,2009-2010-1,,20091070502C0321076,,0,鼓楼校区,2009-2010学年 第1学期,21076,馆1-206,,否,,,,,,0,,8,第3节-第4节,逸夫馆,070502C03
,200090,区域规划新进展,20091070502D0621078,,1,,0,1-18周,0,,1-18周 周一 第3节-第4节 馆3-204,,研究生院,否,,周一,2009-2010-1,,20091070502D0621078,,0,鼓楼校区,2009-2010学年 第1学期,21078,馆3-204,,否,,,,,,0,,8,第3节-第4节,逸夫馆,070502D06
,200090,人文地理学进展,20091070502X00121100,,1,,0,1-18周,0,,1-18周 周二 第3节-第4节 教318,,研究生院,否,,周二,2009-2010-1,,20091070502X00121100,,0,鼓楼校区,2009-2010学年 第1学期,21100,教318,,否,,,,,,0,,1,第3节-第4节,教学楼,070502X001
,200090,地理信息学,20091070503C0021083,,1,,0,1-18周,0,,1-18周 周二 第5节-第6节 教306,,研究生院,否,,周二,2009-2010-1,,20091070503C0021083,,0,鼓楼校区,2009-2010学年 第1学期,21083,教306,,否,,,,,,0,,1,第5节-第6节,教学楼,070503C00
,200090,3S技术集成,20091070503C0121082,,1,,0,1-18周,0,,1-18周 周四 第1节-第2节 教303,,研究生院,否,,周四,2009-2010-1,,20091070503C0121082,,0,鼓楼校区,2009-2010学年 第1学期,21082,教303,,否,,,,,,0,,1,第1节-第2节,教学楼,070503C01
,200090,空间数据分析,20091070503C0321087,,1,,0,1-18周,0,,1-18周 周二 第1节-第2节 教203,,研究生院,否,,周二,2009-2010-1,,20091070503C0321087,,0,鼓楼校区,2009-2010学年 第1学期,21087,教203,,否,,,,,,0,,1,第1节-第2节,教学楼,070503C03
,200090,地图学原理,20091070503C0421085,,1,,0,1-18周,0,,1-18周 周五 第3节-第4节 馆2-205,,研究生院,否,,周五,2009-2010-1,,20091070503C0421085,,0,鼓楼校区,2009-2010学年 第1学期,21085,馆2-205,,否,,,,,,0,,8,第3节-第4节,逸夫馆,070503C04
,200090,GIS空间建模,20091070503C0921086,,1,,0,1-18周,0,,1-18周 周一 第5节-第6节 教105,,研究生院,否,,周一,2009-2010-1,,20091070503C0921086,,0,鼓楼校区,2009-2010学年 第1学期,21086,教105,,否,,,,,,0,,1,第5节-第6节,教学楼,070503C09
,200090,热红外遥感,20091070503C1021088,,1,,0,1-18周,0,,1-18周 周五 第5节-第6节 教309,,研究生院,否,,周五,2009-2010-1,,20091070503C1021088,,0,鼓楼校区,2009-2010学年 第1学期,21088,教309,,否,,,,,,0,,1,第5节-第6节,教学楼,070503C10
,200090,人工智能与GIS,20091070503D1221084,,1,,0,1-18周,0,,1-18周 周四 第3节-第4节 教303,,研究生院,否,,周四,2009-2010-1,,20091070503D1221084,,0,鼓楼校区,2009-2010学年 第1学期,21084,教303,,否,,,,,,0,,1,第3节-第4节,教学楼,070503D12
,200090,地图学与地理信息系统进展,20091070503X00121101,,1,,0,1-18周,0,,1-18周 周三 第1节-第2节 教220,,研究生院,否,,周三,2009-2010-1,,20091070503X00121101,,0,鼓楼校区,2009-2010学年 第1学期,21101,教220,,否,,,,,,0,,1,第1节-第2节,教学楼,070503X001
,200090,旅游与闲暇地理学研究,20091070520C0121072,,1,,0,1-18周,0,,1-18周 周一 第5节-第6节 馆2-204,,研究生院,否,,周一,2009-2010-1,,20091070520C0121072,,0,鼓楼校区,2009-2010学年 第1学期,21072,馆2-204,,否,,,,,,0,,8,第5节-第6节,逸夫馆,070520C01
,200090,旅游资源研究,20091070520D0321073,,1,,0,4-18周,0,,4-18周 周五 第3节-第4节 馆1-205,,研究生院,否,,周五,2009-2010-1,,20091070520D0321073,,0,鼓楼校区,2009-2010学年 第1学期,21073,馆1-205,,否,,,,,,0,,8,第3节-第4节,逸夫馆,070520D03
,200090,旅游经济研究,20091070520D0521074,,1,,0,1-18周,0,,1-18周 周四 第3节-第4节 馆2-204,,研究生院,否,,周四,2009-2010-1,,20091070520D0521074,,0,鼓楼校区,2009-2010学年 第1学期,21074,馆2-204,,否,,,,,,0,,8,第3节-第4节,逸夫馆,070520D05
,200090,现代自然地理,200910705B010021068,,1,,0,1-18周,0,,1-18周 周五 第1节-第2节 馆3-101,,研究生院,否,,周五,2009-2010-1,,200910705B010021068,,0,鼓楼校区,2009-2010学年 第1学期,21068,馆3-101,,否,,,,,,0,,8,第1节-第2节,逸夫馆,0705B0100
32.0,400090,专业英语（图书馆学）(20091-07064A-1),2009107064A19003,,3,,16,1-18周,0,陈雅,1-18周 周三 第3节-第4节 逸C-204,2.0,信息管理学院,否,,周三,2009-2010-1,,2009107064A19003,"2007信息管理学院图书馆学,2007信息管理学院编辑出版学",0,仙林校区,2009-2010学年 第1学期,19003,逸C-204,,否,,,,,,0,专业英语（图书馆学）,17,第3节-第4节,逸夫楼C区,07064A
32.0,400090,专业英语（档案学）(20091-07064B-1),2009107064B19019,,3,,4,1-18周,0,景红,1-18周 周三 第3节-第4节 逸B-208,2.0,信息管理学院,否,,周三,2009-2010-1,,2009107064B19019,2007信息管理学院档案学,0,仙林校区,2009-2010学年 第1学期,19019,逸B-208,,否,,,,,,0,专业英语（档案学）,16,第3节-第4节,逸夫楼B区,07064B
32.0,400090,专业英语（信息学）(20091-07064C-1),2009107064C18986,,3,,35,1-18周,0,朱庆华,1-18周 周五 第3节-第4节 逸B-209,2.0,信息管理学院,否,,周五,2009-2010-1,,2009107064C18986,2007信息管理学院信息管理与信息系统,0,仙林校区,2009-2010学年 第1学期,18986,逸B-209,,否,,,,,,0,专业英语（信息学）,16,第3节-第4节,逸夫楼B区,07064C
32.0,400090,档案学概论(20091-07068-1),200910706819011,,3,,10,1-18周,0,景红,1-18周 周三 第5节-第6节 逸B-208,2.0,信息管理学院,否,,周三,2009-2010-1,,200910706819011,2007信息管理学院档案学,0,仙林校区,2009-2010学年 第1学期,19011,逸B-208,,否,,,,,,0,档案学概论,16,第5节-第6节,逸夫楼B区,07068
32.0,400090,科技文件工程学(20091-07074-1),200910707419012,,3,,10,1-18周,0,颜祥林,1-18周 周二 第5节-第6节 逸B-208,2.0,信息管理学院,否,,周二,2009-2010-1,,200910707419012,2007信息管理学院档案学,0,仙林校区,2009-2010学年 第1学期,19012,逸B-208,,否,,,,,,0,科技文件工程学,16,第5节-第6节,逸夫楼B区,07074
32.0,400090,计算机系统与系统软件(20091-07080-1),200910708019031,,1,,46,"1-11周,2-10周(双)",0,李明,"1-11周 周二 第3节-第4节 教310,2-10周(双) 周四 第5节-第6节 教310",2.0,信息管理学院,否,,"周二,周四",2009-2010-1,,200910708019031,2006信息管理学院信息管理与信息系统,0,鼓楼校区,2009-2010学年 第1学期,19031,"教310,教310",,否,,,,,,0,计算机系统与系统软件,1,"第3节-第4节,第5节-第6节",教学楼,07080
,200090,地球物理学,20091070801C0121104,,1,,0,1-18周,0,,1-18周 周四 第2节-第4节 教407,,研究生院,否,,周四,2009-2010-1,,20091070801C0121104,,0,鼓楼校区,2009-2010学年 第1学期,21104,教407,,否,,,,,,0,,1,第2节-第4节,教学楼,070801C01
32.0,400090,图书馆学概论(20091-07082-1),200910708219022,,3,,9,1-18周,0,陈雅,1-18周 周三 第1节-第2节 逸C-204,2.0,信息管理学院,否,,周三,2009-2010-1,,200910708219022,2007信息管理学院图书馆学,0,仙林校区,2009-2010学年 第1学期,19022,逸C-204,,否,,,,,,0,图书馆学概论,17,第1节-第2节,逸夫楼C区,07082
48.0,400090,目录学(20091-07085-1),200910708519023,,3,,9,1-18周,0,郑建明,1-18周 周二 第5节-第7节 逸B-211,3.0,信息管理学院,否,,周二,2009-2010-1,,200910708519023,2007信息管理学院图书馆学,0,仙林校区,2009-2010学年 第1学期,19023,逸B-211,,否,,,,,,0,目录学,16,第5节-第7节,逸夫楼B区,07085
48.0,400090,电子商务实务(20091-07089-1),200910708919032,,1,,6,1-11周,0,袁勤俭,1-11周 周二 第5节-第7节 教205,3.0,信息管理学院,否,,周二,2009-2010-1,,200910708919032,"2006信息管理学院信息管理与信息系统,2006信息管理学院档案学,2006信息管理学院图书馆学",0,鼓楼校区,2009-2010学年 第1学期,19032,教205,,否,,,,,,0,电子商务实务,1,第5节-第7节,教学楼,07089
32.0,400090,外文信息检索小学期课程(20091-07090-1),200910709020818,,3,,36,1-17周,0,华薇娜,1-17周 周一 第1节-第2节 ,2.0,信息管理学院,否,,周一,2009-2010-1,,200910709020818,"2007信息管理学院信息管理与信息系统,2007信息管理学院编辑出版学,2007信息管理学院档案学,2007信息管理学院图书馆学",0,仙林校区,2009-2010学年 第1学期,20818,无,,否,,,,,,0,信息检索（西文）暑期课程,,第1节-第2节,,07090
,200090,地质流体与成矿作用,20091070901C0421103,,1,,0,1-18周,0,,1-18周 周三 第3节-第4节 教405,,研究生院,否,,周三,2009-2010-1,,20091070901C0421103,,0,鼓楼校区,2009-2010学年 第1学期,21103,教405,,否,,,,,,0,,1,第3节-第4节,教学楼,070901C04
,200090,沉积学与储层地质学,20091070901D21105,,1,,0,1-18周,0,,1-18周 周二 第3节-第4节 教407,,研究生院,否,,周二,2009-2010-1,,20091070901D21105,,0,鼓楼校区,2009-2010学年 第1学期,21105,教407,,否,,,,,,0,,1,第3节-第4节,教学楼,070901D
,200090,蚀变岩石学,20091070901D21108,,1,,0,1-18周,0,,1-18周 周五 第5节-第6节 ,,研究生院,否,,周五,2009-2010-1,,20091070901D21108,,0,鼓楼校区,2009-2010学年 第1学期,21108,专用或实验教室,,否,,,,,,0,,,第5节-第6节,,070901D
,200090,研究生专业英语,20091070903 D21119,,1,,0,1-18周,0,,1-18周 周一 第5节-第6节 ,,研究生院,否,,周一,2009-2010-1,,20091070903 D21119,,0,鼓楼校区,2009-2010学年 第1学期,21119,专用或实验教室,,否,,,,,,0,,,第5节-第6节,,070903 D
,200090,油气地球化学,20091070903C0121116,,1,,0,1-18周,0,,1-18周 周四 第5节-第7节 教208,,研究生院,否,,周四,2009-2010-1,,20091070903C0121116,,0,鼓楼校区,2009-2010学年 第1学期,21116,教208,,否,,,,,,0,,1,第5节-第7节,教学楼,070903C01
,200090,水溶液与界面地球化学,20091070903C0321117,,1,,0,1-18周,0,,1-18周 周三 第5节-第6节 教301,,研究生院,否,,周三,2009-2010-1,,20091070903C0321117,,0,鼓楼校区,2009-2010学年 第1学期,21117,教301,,否,,,,,,0,,1,第5节-第6节,教学楼,070903C03
,200090,构造地质专题,20091070904C0121111,,1,,0,1-18周,0,,1-18周 周五 第2节-第4节 教108,,研究生院,否,,周五,2009-2010-1,,20091070904C0121111,,0,鼓楼校区,2009-2010学年 第1学期,21111,教108,,否,,,,,,0,,1,第2节-第4节,教学楼,070904C01
,200090,大陆地球动力学,20091070904X0121120,,1,,0,4-18周,0,,4-18周 周三 第3节-第4节 教403,,研究生院,否,,周三,2009-2010-1,,20091070904X0121120,,0,鼓楼校区,2009-2010学年 第1学期,21120,教403,,否,,,,,,0,,1,第3节-第4节,教学楼,070904X01
,200090,全球变化,20091070905C0121089,,1,,0,1-18周,0,,1-18周 周二 第3节-第4节 教405,,研究生院,否,,周二,2009-2010-1,,20091070905C0121089,,0,鼓楼校区,2009-2010学年 第1学期,21089,教405,,否,,,,,,0,,1,第3节-第4节,教学楼,070905C01
,200090,第四纪研究,20091070905C0221090,,1,,0,1-18周,0,,1-18周 周五 第5节-第6节 ,,研究生院,否,,周五,2009-2010-1,,20091070905C0221090,,0,鼓楼校区,2009-2010学年 第1学期,21090,专用或实验教室,,否,,,,,,0,,,第5节-第6节,,070905C02
,200090,环境考古,20091070905C0321091,,1,,0,1-18周,0,,1-18周 周二 第1节-第2节 教309,,研究生院,否,,周二,2009-2010-1,,20091070905C0321091,,0,鼓楼校区,2009-2010学年 第1学期,21091,教309,,否,,,,,,0,,1,第1节-第2节,教学楼,070905C03
,200090,环境与旅游,20091070905D0321092,,1,,0,1-18周,0,,1-18周 周四 第3节-第4节 ,,研究生院,否,,周四,2009-2010-1,,20091070905D0321092,,0,鼓楼校区,2009-2010学年 第1学期,21092,专用或实验教室,,否,,,,,,0,,,第3节-第4节,,070905D03
,200090,第四纪年代学,20091070905D0421093,,1,,0,1-18周,0,,1-18周 周四 第1节-第2节 ,,研究生院,否,,周四,2009-2010-1,,20091070905D0421093,,0,鼓楼校区,2009-2010学年 第1学期,21093,专用或实验教室,,否,,,,,,0,,,第1节-第2节,,070905D04
,200090,孢粉学,20091070905D0621094,,1,,0,1-18周,0,,1-18周 周一 第3节-第4节 ,,研究生院,否,,周一,2009-2010-1,,20091070905D0621094,,0,鼓楼校区,2009-2010学年 第1学期,21094,专用或实验教室,,否,,,,,,0,,,第3节-第4节,,070905D06
32.0,400090,出版物编辑(20091-07095-1),200910709519280,,3,,12,1-18周,0,吴燕,1-18周 周一 第3节-第4节 逸C-204,2.0,信息管理学院,否,,周一,2009-2010-1,,200910709519280,2007信息管理学院编辑出版学,0,仙林校区,2009-2010学年 第1学期,19280,逸C-204,,否,,,,,,0,出版物编辑,17,第3节-第4节,逸夫楼C区,07095
64.0,400090,科技档案管理学(20091-07097-1),200910709719293,,1,,12,"1-11周,1-11周",0,吴建华,"1-11周 周四 第5节-第6节 教314,1-11周 周一 第5节-第7节 教314",4.0,信息管理学院,否,,"周一,周四",2009-2010-1,,200910709719293,2006信息管理学院档案学,0,鼓楼校区,2009-2010学年 第1学期,19293,"教314,教314",,否,,,,,,0,科技档案管理学,1,"第5节-第7节,第5节-第6节",教学楼,07097
,200090,高等地球化学,200910709B0221102,,1,,0,1-18周,0,,1-18周 周四 第5节-第7节 馆1-104,,研究生院,否,,周四,2009-2010-1,,200910709B0221102,,0,鼓楼校区,2009-2010学年 第1学期,21102,馆1-104,,否,,,,,,0,,8,第5节-第7节,逸夫馆,0709B02
32.0,400090,版权贸易与版权理论(20091-07100-1),200910710019282,,3,,12,1-18周,0,吴燕,1-18周 周一 第1节-第2节 逸C-204,2.0,信息管理学院,否,,周一,2009-2010-1,,200910710019282,2007信息管理学院编辑出版学,0,仙林校区,2009-2010学年 第1学期,19282,逸C-204,,否,,,,,,0,版权贸易与版权理论,17,第1节-第2节,逸夫楼C区,07100
,200090,现代藻菌生物学,20091071001C0121121,,1,,0,"1-18周,1-18周",0,,"1-18周 周三 第1节-第2节 馆1-102,1-18周 周五 第1节-第2节 馆1-102",,研究生院,否,,"周三,周五",2009-2010-1,,20091071001C0121121,,0,鼓楼校区,2009-2010学年 第1学期,21121,"馆1-102,馆1-102",,否,,,,,,0,,8,"第1节-第2节,第1节-第2节",逸夫馆,071001C01
,200090,昆虫分类学,20091071002C0421138,,1,,0,"1-18周,1-18周",0,,"1-18周 周四 第1节-第2节 ,1-18周 周三 第5节-第8节 馆2-101",,研究生院,否,,"周三,周四",2009-2010-1,,20091071002C0421138,,0,鼓楼校区,2009-2010学年 第1学期,21138,"馆2-101,专用或实验教室",,否,,,,,,0,,8,"第5节-第8节,第1节-第2节",逸夫馆,071002C04
,200090,铒料生物学,20091071002D0821140,,1,,0,1-18周,0,,1-18周 周一 第5节-第7节 教407,,研究生院,否,,周一,2009-2010-1,,20091071002D0821140,,0,鼓楼校区,2009-2010学年 第1学期,21140,教407,,否,,,,,,0,,1,第5节-第7节,教学楼,071002D08
,200090,生理科学与药理学进展,20091071003C0121134,,1,,0,"1-18周,1-18周",0,,"1-18周 周一 第3节-第4节 教108,1-18周 周四 第3节-第4节 馆2-205",,研究生院,否,,"周一,周四",2009-2010-1,,20091071003C0121134,,0,鼓楼校区,2009-2010学年 第1学期,21134,"教108,馆2-205",,否,,,,,,0,,"1,8","第3节-第4节,第3节-第4节","教学楼, 逸夫馆",071003C01
,200090,植物成分分析,2009107100C0321123,,1,,0,1-18周,0,,1-18周 周三 第5节-第7节 馆2-106,,研究生院,否,,周三,2009-2010-1,,2009107100C0321123,,0,鼓楼校区,2009-2010学年 第1学期,21123,馆2-106,,否,,,,,,0,,8,第5节-第7节,逸夫馆,07100C03
,200090,分子生物学,20091071010B0121165,,1,,0,"1-18周,1-18周",0,,"1-18周 周三 第1节-第2节 馆3-201,1-18周 周五 第5节-第6节 馆3-201",,研究生院,否,,"周三,周五",2009-2010-1,,20091071010B0121165,,0,鼓楼校区,2009-2010学年 第1学期,21165,"馆3-201,馆3-201",,否,,,,,,0,,8,"第1节-第2节,第5节-第6节",逸夫馆,071010B01
,200090,生命科学中的新技术,20091071010C0121141,,1,,0,1-18周,0,,1-18周 周四 第3节-第4节 馆1-303,,研究生院,否,,周四,2009-2010-1,,20091071010C0121141,,0,鼓楼校区,2009-2010学年 第1学期,21141,馆1-303,,否,,,,,,0,,8,第3节-第4节,逸夫馆,071010C01
,200090,分子病毒,20091071010C0421142,,1,,0,1-18周,0,,1-18周 周四 第1节-第2节 馆1-306,,研究生院,否,,周四,2009-2010-1,,20091071010C0421142,,0,鼓楼校区,2009-2010学年 第1学期,21142,馆1-306,,否,,,,,,0,,8,第1节-第2节,逸夫馆,071010C04
,200090,生化分析,20091071010D0421136,,1,,0,1-18周,0,,1-18周 周二 第3节-第4节 馆3-103,,研究生院,否,,周二,2009-2010-1,,20091071010D0421136,,0,鼓楼校区,2009-2010学年 第1学期,21136,馆3-103,,否,,,,,,0,,8,第3节-第4节,逸夫馆,071010D04
,200090,血管生物学,20091071010D0521137,,1,,0,1-18周,0,,1-18周 周二 第1节-第2节 馆1-104,,研究生院,否,,周二,2009-2010-1,,20091071010D0521137,,0,鼓楼校区,2009-2010学年 第1学期,21137,馆1-104,,否,,,,,,0,,8,第1节-第2节,逸夫馆,071010D05
,200090,生态学研究进展,20091071012C0121129,,1,,0,"1-18周,1-18周",0,,"1-18周 周二 第3节-第4节 教220,1-18周 周四 第3节-第4节 教220",,研究生院,否,,"周二,周四",2009-2010-1,,20091071012C0121129,,0,鼓楼校区,2009-2010学年 第1学期,21129,"教220,教220",,否,,,,,,0,,1,"第3节-第4节,第3节-第4节",教学楼,071012C01
,200090,现代生态学研究方法,20091071012C0221131,,1,,0,"1-18周,1-18周",0,,"1-18周 周五 第1节-第2节 教304,1-18周 周三 第5节-第6节 教304",,研究生院,否,,"周三,周五",2009-2010-1,,20091071012C0221131,,0,鼓楼校区,2009-2010学年 第1学期,21131,"教304,教304",,否,,,,,,0,,1,"第5节-第6节,第1节-第2节",教学楼,071012C02
,200090,城市生态与环境,20091071012D0321133,,1,,0,5-18周,0,,5-18周 周一 第3节-第4节 馆2-211,,研究生院,否,,周一,2009-2010-1,,20091071012D0321133,,0,鼓楼校区,2009-2010学年 第1学期,21133,馆2-211,,否,,,,,,0,,8,第3节-第4节,逸夫馆,071012D03
32.0,400090,编辑出版学概论(20091-07102-1),200910710218999,,3,,12,1-18周,0,张志强,1-18周 周五 第3节-第4节 逸C-204,2.0,信息管理学院,否,,周五,2009-2010-1,,200910710218999,2007信息管理学院编辑出版学,0,仙林校区,2009-2010学年 第1学期,18999,逸C-204,,否,,,,,,0,编辑出版学概论,17,第3节-第4节,逸夫楼C区,07102
32.0,400090,中外知识传播(20091-07107-1),200910710718995,,3,,54,1-18周,0,徐雁,1-18周 周二 第1节-第2节 仙Ⅱ-117,2.0,信息管理学院,否,,周二,2009-2010-1,,200910710718995,"2007信息管理学院信息管理与信息系统,2007信息管理学院编辑出版学,2007信息管理学院档案学,2007信息管理学院图书馆学",0,仙林校区,2009-2010学年 第1学期,18995,仙Ⅱ-117,,否,,,,,,0,知识传播,12,第1节-第2节,仙II区,07107
32.0,400090,信息社会学(20091-07111-1),200910711118980,,3,,70,1-18周,0,叶继元,1-18周 周三 第5节-第6节 仙Ⅱ-104,2.0,信息管理学院,否,,周三,2009-2010-1,,200910711118980,,0,仙林校区,2009-2010学年 第1学期,18980,仙Ⅱ-104,,否,,,,,,0,信息社会学,12,第5节-第6节,仙II区,07111
32.0,400090,文化产业管理与实务(20091-07118-1),200910711818989,,3,,54,1-18周,0,杨海平,1-18周 周二 第3节-第4节 仙Ⅱ-117,2.0,信息管理学院,否,,周二,2009-2010-1,,200910711818989,"2007信息管理学院信息管理与信息系统,2007信息管理学院编辑出版学,2007信息管理学院档案学,2007信息管理学院图书馆学",0,仙林校区,2009-2010学年 第1学期,18989,仙Ⅱ-117,,否,,,,,,0,文化产业管理与实务,12,第3节-第4节,仙II区,07118
48.0,400090,互联网战略与应用(20091-07119-1),200910711918988,,3,,60,1-18周,0,胡广伟,1-18周 周五 第1节-第2节 逸B-303,3.0,信息管理学院,否,,周五,2009-2010-1,,200910711918988,"2007信息管理学院信息管理与信息系统,2007信息管理学院编辑出版学,2007信息管理学院档案学,2007信息管理学院图书馆学",0,仙林校区,2009-2010学年 第1学期,18988,逸B-303,,否,,,,,,0,互联网商务模式与战略,16,第1节-第2节,逸夫楼B区,07119
48.0,400090,书业经济学(20091-07123-1),200910712319008,,3,,12,1-18周,0,杨海平,1-18周 周二 第5节-第6节 逸C-204,3.0,信息管理学院,否,,周二,2009-2010-1,,200910712319008,2007信息管理学院编辑出版学,0,仙林校区,2009-2010学年 第1学期,19008,逸C-204,,否,,,,,,0,书业经济学,17,第5节-第6节,逸夫楼C区,07123
32.0,400090,管理统计学(20091-07124-1),200910712418985,,3,,44,"1-18周,1-18周",0,朱惠,"1-18周 周一 第1节-第2节 逸B-209,1-18周 周一 第3节-第4节 ",2.0,信息管理学院,否,,"周一,周一",2009-2010-1,,200910712418985,2007信息管理学院信息管理与信息系统,0,仙林校区,2009-2010学年 第1学期,18985,"逸B-209,无",,否,,,,,,0,管理统计学,16,"第1节-第2节,第3节-第4节",逸夫楼B区,07124
48.0,400090,数理统计(20091-07126-1),200910712618974,,3,,23,"1-18周,1-18周",0,朱惠,"1-18周 周二 第1节-第2节 逸B-201,1-18周 周二 第3节-第4节 逸B-201",3.0,信息管理学院,否,,"周二,周二",2009-2010-1,,200910712618974,,0,仙林校区,2009-2010学年 第1学期,18974,"逸B-201,逸B-201",,否,,,,,,0,数理统计,16,"第1节-第2节,第3节-第4节",逸夫楼B区,07126
32.0,400090,网络管理(20091-07130-1),200910713019035,,1,,7,"1-11周,2-10周(双)",0,成颖,"1-11周 周一 第1节-第2节 教212,2-10周(双) 周三 第5节-第6节 教203",2.0,信息管理学院,否,,"周一,周三",2009-2010-1,,200910713019035,2006信息管理学院信息管理与信息系统,0,鼓楼校区,2009-2010学年 第1学期,19035,"教212,教203",,否,,,,,,0,网络管理,1,"第1节-第2节,第5节-第6节",教学楼,07130
32.0,400090,计算机病毒防治(20091-07131-1),200910713119036,,1,,6,"1-11周,2-10周(双)",0,石进,"1-11周 周二 第1节-第2节 教310,2-10周(双) 周四 第3节-第4节 馆2-106",2.0,信息管理学院,否,,"周二,周四",2009-2010-1,,200910713119036,2006信息管理学院信息管理与信息系统,0,鼓楼校区,2009-2010学年 第1学期,19036,"教310,馆2-106",,否,,,,,,0,计算机病毒防治,"1,8","第1节-第2节,第3节-第4节","教学楼, 逸夫馆",07131
32.0,400090,保密科技(20091-07132-1),200910713219038,,1,,6,"1-11周,2-10周(双)",0,周勇,"1-11周 周三 第1节-第2节 教301,2-10周(双) 周五 第3节-第4节 教301",2.0,信息管理学院,否,,"周三,周五",2009-2010-1,,200910713219038,2006信息管理学院信息管理与信息系统,0,鼓楼校区,2009-2010学年 第1学期,19038,"教301,教301",,否,,,,,,0,保密科技,1,"第1节-第2节,第3节-第4节",教学楼,07132
48.0,400100,初级社会统计学(20091-08001-1),200910800119392,,3,,48,1-18周,0,徐愫,1-18周 周四 第5节-第7节 仙Ⅱ-307,3.0,社会学院,否,,周四,2009-2010-1,,200910800119392,"2008社会学院社会学,2008社会学院社会工作",0,仙林校区,2009-2010学年 第1学期,19392,仙Ⅱ-307,,否,,,,,,0,初级社会统计学,12,第5节-第7节,仙II区,08001
48.0,400100,社会学概论(20091-080010-1),2009108001020814,,3,,84,1-18周,0,朱力,1-18周 周二 第5节-第7节 仙Ⅰ-204,3.0,社会学院,否,,周二,2009-2010-1,,2009108001020814,,0,仙林校区,2009-2010学年 第1学期,20814,仙Ⅰ-204,,否,,,,,,0,社会学概论,11,第5节-第7节,仙I区,080010
48.0,400040,社会学(20091-080040C-1),20091080040C19116,,3,,110,1-18周,0,郑欣,1-18周 周五 第5节-第7节 仙Ⅱ-405,3.0,新闻传播学院,否,,周五,2009-2010-1,,20091080040C19116,2009新闻传播学院新闻传播学类,0,仙林校区,2009-2010学年 第1学期,19116,仙Ⅱ-405,,否,,,,,,0,社会学,12,第5节-第7节,仙II区,080040C
48.0,400100,中国社会思想史(20091-08005-1),200910800519394,,3,,68,1-18周,0,郑震,1-18周 周二 第1节-第3节 仙Ⅰ-202,3.0,社会学院,否,,周二,2009-2010-1,,200910800519394,"2007社会学院社会学,2008社会学院社会学",0,仙林校区,2009-2010学年 第1学期,19394,仙Ⅰ-202,,否,,,,,,0,中国社会思想史,11,第1节-第3节,仙I区,08005
48.0,400100,生物与遗传(20091-080050-1),2009108005020815,,3,,77,1-18周,0,祁海江,1-18周 周三 第2节-第4节 仙Ⅱ-104,3.0,社会学院,否,,周三,2009-2010-1,,2009108005020815,,0,仙林校区,2009-2010学年 第1学期,20815,仙Ⅱ-104,,否,,,,,,0,生物与遗传,12,第2节-第4节,仙II区,080050
48.0,400100,经济社会学(20091-08006-1),200910800619425,,3,,29,1-18周,0,汪和建,1-18周 周四 第5节-第7节 仙Ⅱ-316,3.0,社会学院,否,,周四,2009-2010-1,,200910800619425,2007社会学院社会学,0,仙林校区,2009-2010学年 第1学期,19425,仙Ⅱ-316,,否,,,,,,0,经济社会学,12,第5节-第7节,仙II区,08006
48.0,400100,城市社会学(20091-08007-1),200910800719462,,1,,40,1-17周,0,张鸿雁,1-17周 周二 第2节-第4节 教305,3.0,社会学院,否,,周二,2009-2010-1,,200910800719462,"2006社会学院社会学,2006社会学院社会工作",0,鼓楼校区,2009-2010学年 第1学期,19462,教305,,否,,,,,,0,城市社会学,1,第2节-第4节,教学楼,08007
32.0,400100,学术论文写作(20091-08010-1),200910801019426,,3,,71,1-18周,0,翟学伟,1-18周 周三 第3节-第4节 仙Ⅱ-319,2.0,社会学院,否,,周三,2009-2010-1,,200910801019426,"2007社会学院社会学,2007教育研究院教育技术学,2007社会学院应用心理学,2007社会学院社会工作",0,仙林校区,2009-2010学年 第1学期,19426,仙Ⅱ-319,,否,,,,,,0,学术论文写作,12,第3节-第4节,仙II区,08010
32.0,400100,西方社会学名著选读(20091-08016-1),200910801619463,,1,,11,1-17周,0,吴作富,1-17周 周四 第3节-第4节 教216,2.0,社会学院,否,,周四,2009-2010-1,,200910801619463,2006社会学院社会学,0,鼓楼校区,2009-2010学年 第1学期,19463,教216,,否,,,,,,0,西方社会学名著选读,1,第3节-第4节,教学楼,08016
48.0,400100,西方社会学（上）(20091-08018A-1),2009108018A19393,,3,,43,1-18周,0,成伯清,1-18周 周一 第5节-第7节 仙Ⅱ-217,3.0,社会学院,否,,周一,2009-2010-1,,2009108018A19393,"2008社会学院社会学,2008社会学院社会工作",0,仙林校区,2009-2010学年 第1学期,19393,仙Ⅱ-217,,否,,,,,,0,西方社会学（上）,12,第5节-第7节,仙II区,08018A
32.0,400100,家庭社会学(20091-08023-1),200910802319398,,3,,37,1-18周,0,朱安新,1-18周 周四 第1节-第2节 ,2.0,社会学院,否,,周四,2009-2010-1,,200910802319398,2008社会学院社会学,0,仙林校区,2009-2010学年 第1学期,19398,无,,否,,,,,,0,家庭社会学,,第1节-第2节,,08023
32.0,400100,人口社会学(20091-08031-1),200910803119428,,3,,41,1-18周,0,徐愫,1-18周 周四 第3节-第4节 仙Ⅱ-113,2.0,社会学院,否,,周四,2009-2010-1,,200910803119428,"2007社会学院社会学,2007社会学院社会工作",0,仙林校区,2009-2010学年 第1学期,19428,仙Ⅱ-113,,否,,,,,,0,人口社会学,12,第3节-第4节,仙II区,08031
,200090,通信电路技术,200910803C060020992,,1,,0,1-18周,0,,1-18周 周四 第5节-第7节 馆2-101,,研究生院,否,,周四,2009-2010-1,,200910803C060020992,,0,鼓楼校区,2009-2010学年 第1学期,20992,馆2-101,,否,,,,,,0,,8,第5节-第7节,逸夫馆,0803C0600
,200090,非线性光纤光学,200910803C070020991,,1,,0,"3-6周,8-18周",0,,"3-6周,8-18周 周三 第5节-第7节 教303",,研究生院,否,,周三,2009-2010-1,,200910803C070020991,,0,鼓楼校区,2009-2010学年 第1学期,20991,教303,,否,,,,,,0,,1,第5节-第7节,教学楼,0803C0700
32.0,400100,社会分层与流动(20091-08042-1),200910804219430,,3,,27,1-18周,0,方长春,1-18周 周五 第3节-第4节 仙Ⅱ-514,2.0,社会学院,否,,周五,2009-2010-1,,200910804219430,2007社会学院社会学,0,仙林校区,2009-2010学年 第1学期,19430,仙Ⅱ-514,,否,,,,,,0,社会分层与流动,12,第3节-第4节,仙II区,08042
,200090,电子显微术,20091080502C0121159,,1,,0,1-18周,0,,1-18周 周二 第9节-第10节 馆1-103,,研究生院,否,,周二,2009-2010-1,,20091080502C0121159,,0,鼓楼校区,2009-2010学年 第1学期,21159,馆1-103,,否,,,,,,0,,8,第9节-第10节,逸夫馆,080502C01
,200090,光纤技术与应用,20091080502C0221160,,1,,0,1-18周,0,,1-18周 周二 第1节-第2节 教314,,研究生院,否,,周二,2009-2010-1,,20091080502C0221160,,0,鼓楼校区,2009-2010学年 第1学期,21160,教314,,否,,,,,,0,,1,第1节-第2节,教学楼,080502C02
,200090,光纤技术与应用,20091080502C0221161,,1,,0,2-18周(双),0,,2-18周(双) 周四 第1节-第2节 教314,,研究生院,否,,周四,2009-2010-1,,20091080502C0221161,,0,鼓楼校区,2009-2010学年 第1学期,21161,教314,,否,,,,,,0,,1,第1节-第2节,教学楼,080502C02
32.0,400100,个案社会工作(20091-08054-1),200910805419402,,3,,10,1-18周,0,翟进,1-18周 周二 第2节-第4节 仙Ⅱ-307,2.0,社会学院,否,,周二,2009-2010-1,,200910805419402,2008社会学院社会工作,0,仙林校区,2009-2010学年 第1学期,19402,仙Ⅱ-307,,否,,,,,,0,个案社会工作,12,第2节-第4节,仙II区,08054
,200090,材料结构,200910805D010021162,,1,,0,1-18周,0,,1-18周 周三 第5节-第7节 馆2-211,,研究生院,否,,周三,2009-2010-1,,200910805D010021162,,0,鼓楼校区,2009-2010学年 第1学期,21162,馆2-211,,否,,,,,,0,,8,第5节-第7节,逸夫馆,0805D0100
,200090,通信系统工程,20091080902C0221011,,1,,0,"1-18周,1-17周(单)",0,,"1-17周(单) 周四 第1节-第2节 教208,1-18周 周二 第3节-第4节 馆2-208",,研究生院,否,,"周二,周四",2009-2010-1,,20091080902C0221011,,0,鼓楼校区,2009-2010学年 第1学期,21011,"馆2-208,教208",,否,,,,,,0,,"1,8","第3节-第4节,第1节-第2节","教学楼, 逸夫馆",080902C02
,200090,生物医学电子学,20091080902D0121009,,1,,0,"1-18周,1-18周",0,,"1-18周 周一 第5节-第6节 馆2-208,1-18周 周四 第7节-第8节 馆2-208",,研究生院,否,,"周一,周四",2009-2010-1,,20091080902D0121009,,0,鼓楼校区,2009-2010学年 第1学期,21009,"馆2-208,馆2-208",,否,,,,,,0,,8,"第5节-第6节,第7节-第8节",逸夫馆,080902D01
,200090,立体成像技术,20091080902D1321007,,1,,0,"1-18周,1-17周(单)",0,,"1-17周(单) 周四 第3节-第4节 ,1-18周 周二 第5节-第6节 馆1-102",,研究生院,否,,"周二,周四",2009-2010-1,,20091080902D1321007,,0,鼓楼校区,2009-2010学年 第1学期,21007,"馆1-102,无",,否,,,,,,0,,8,"第5节-第6节,第3节-第4节",逸夫馆,080902D13
,200090,信号处理中的数学方法,200910809B010021005,,1,,0,1-18周,0,,1-18周 周五 第5节-第7节 教213,,研究生院,否,,周五,2009-2010-1,,200910809B010021005,,0,鼓楼校区,2009-2010学年 第1学期,21005,教213,,否,,,,,,0,,1,第5节-第7节,教学楼,0809B0100
,200090,工程矩阵论,200910811B010020985,,1,,0,1-18周,0,,1-18周 周四 第3节-第4节 馆2-211,,研究生院,否,,周四,2009-2010-1,,200910811B010020985,,0,鼓楼校区,2009-2010学年 第1学期,20985,馆2-211,,否,,,,,,0,,8,第3节-第4节,逸夫馆,0811B0100
,200090,线性系统理论,200910811B030020986,,1,,0,1-18周,0,,1-18周 周四 第5节-第7节 馆1-302,,研究生院,否,,周四,2009-2010-1,,200910811B030020986,,0,鼓楼校区,2009-2010学年 第1学期,20986,馆1-302,,否,,,,,,0,,8,第5节-第7节,逸夫馆,0811B0300
,200090,信号检测理论与技术,200910811C030020987,,1,,0,1-18周,0,,1-18周 周一 第5节-第6节 馆1-202,,研究生院,否,,周一,2009-2010-1,,200910811C030020987,,0,鼓楼校区,2009-2010学年 第1学期,20987,馆1-202,,否,,,,,,0,,8,第5节-第6节,逸夫馆,0811C0300
,200090,智能技术基础,200910811C050020989,,1,,0,1-18周,0,,1-18周 周一 第3节-第4节 教104,,研究生院,否,,周一,2009-2010-1,,200910811C050020989,,0,鼓楼校区,2009-2010学年 第1学期,20989,教104,,否,,,,,,0,,1,第3节-第4节,教学楼,0811C0500
,200090,先进过程控制,200910811D020020990,,1,,0,1-18周,0,,1-18周 周五 第1节-第2节 馆3-205,,研究生院,否,,周五,2009-2010-1,,200910811D020020990,,0,鼓楼校区,2009-2010学年 第1学期,20990,馆3-205,,否,,,,,,0,,8,第1节-第2节,逸夫馆,0811D0200
,200090,计算理论导引,20091081202B0221155,,1,,0,1-18周,0,,1-18周 周四 第3节-第4节 教121,,研究生院,否,,周四,2009-2010-1,,20091081202B0221155,,0,鼓楼校区,2009-2010学年 第1学期,21155,教121,,否,,,,,,0,,1,第3节-第4节,教学楼,081202B02
,200090,分布式系统,20091081202B121147,,1,,0,1-18周,0,,1-18周 周二 第3节-第4节 馆3-203,,研究生院,否,,周二,2009-2010-1,,20091081202B121147,,0,鼓楼校区,2009-2010学年 第1学期,21147,馆3-203,,否,,,,,,0,,8,第3节-第4节,逸夫馆,081202B1
,200090,数据挖掘,20091081202B321148,,1,,0,1-18周,0,,1-18周 周四 第1节-第2节 馆3-201,,研究生院,否,,周四,2009-2010-1,,20091081202B321148,,0,鼓楼校区,2009-2010学年 第1学期,21148,馆3-201,,否,,,,,,0,,8,第1节-第2节,逸夫馆,081202B3
,200090,软件方法学,20091081202C0121152,,1,,0,1-18周,0,,1-18周 周五 第3节-第4节 教121,,研究生院,否,,周五,2009-2010-1,,20091081202C0121152,,0,鼓楼校区,2009-2010学年 第1学期,21152,教121,,否,,,,,,0,,1,第3节-第4节,教学楼,081202C01
,200090,网络安全,20091081202D1721154,,1,,0,3-18周,0,,3-18周 周一 第1节-第2节 馆1-307,,研究生院,否,,周一,2009-2010-1,,20091081202D1721154,,0,鼓楼校区,2009-2010学年 第1学期,21154,馆1-307,,否,,,,,,0,,8,第1节-第2节,逸夫馆,081202D17
,200090,软件新理论与新技术,20091081202D1821150,,1,,0,1-18周,0,,1-18周 周五 第1节-第2节 教205,,研究生院,否,,周五,2009-2010-1,,20091081202D1821150,,0,鼓楼校区,2009-2010学年 第1学期,21150,教205,,否,,,,,,0,,1,第1节-第2节,教学楼,081202D18
,200090,软件新理论新技术(网格计算),20091081202D1821156,,1,,0,1-18周,0,,1-18周 周三 第5节-第6节 馆1-104,,研究生院,否,,周三,2009-2010-1,,20091081202D1821156,,0,鼓楼校区,2009-2010学年 第1学期,21156,馆1-104,,否,,,,,,0,,8,第5节-第6节,逸夫馆,081202D18
,200090,多媒体信息检索技术,20091081203D0121151,,1,,0,1-18周,0,,1-18周 周二 第5节-第6节 馆1-306,,研究生院,否,,周二,2009-2010-1,,20091081203D0121151,,0,鼓楼校区,2009-2010学年 第1学期,21151,馆1-306,,否,,,,,,0,,8,第5节-第6节,逸夫馆,081203D01
,200090,机器翻译理论与技术,20091081203D0821149,,1,,0,7-18周,0,,7-18周 周二 第1节-第2节 馆2-306,,研究生院,否,,周二,2009-2010-1,,20091081203D0821149,,0,鼓楼校区,2009-2010学年 第1学期,21149,馆2-306,,否,,,,,,0,,8,第1节-第2节,逸夫馆,081203D08
,200090,Agent技术,20091081203D1621153,,1,,0,1-18周,0,,1-18周 周五 第5节-第6节 教303,,研究生院,否,,周五,2009-2010-1,,20091081203D1621153,,0,鼓楼校区,2009-2010学年 第1学期,21153,教303,,否,,,,,,0,,1,第5节-第6节,教学楼,081203D16
,200090,城市结构形态规划研究,20091081301D0121077,,1,,0,1-18周,0,,1-18周 周二 第5节-第6节 馆1-104,,研究生院,否,,周二,2009-2010-1,,20091081301D0121077,,0,鼓楼校区,2009-2010学年 第1学期,21077,馆1-104,,否,,,,,,0,,8,第5节-第6节,逸夫馆,081301D01
,200090,城市与区域交通规划研究,20091081301D0321079,,1,,0,1-18周,0,,1-18周 周三 第5节-第6节 馆1-304,,研究生院,否,,周三,2009-2010-1,,20091081301D0321079,,0,鼓楼校区,2009-2010学年 第1学期,21079,馆1-304,,否,,,,,,0,,8,第5节-第6节,逸夫馆,081301D03
,200090,城市住房与社会问题,20091081301D0421080,,1,,0,1-18周,0,,1-18周 周三 第3节-第4节 馆2-206,,研究生院,否,,周三,2009-2010-1,,20091081301D0421080,,0,鼓楼校区,2009-2010学年 第1学期,21080,馆2-206,,否,,,,,,0,,8,第3节-第4节,逸夫馆,081301D04
,200090,城市防灾与公共安全研究,20091081301D0521081,,1,,0,1-18周,0,,1-18周 周一 第5节-第6节 馆2-206,,研究生院,否,,周一,2009-2010-1,,20091081301D0521081,,0,鼓楼校区,2009-2010学年 第1学期,21081,馆2-206,,否,,,,,,0,,8,第5节-第6节,逸夫馆,081301D05
32.0,400100,成长小组(20091-08133-1),200910813319441,,3,,15,1-18周,0,肖萍,1-18周 周一 第5节-第6节 仙Ⅱ-213,2.0,社会学院,否,,周一,2009-2010-1,,200910813319441,2007社会学院社会工作,0,仙林校区,2009-2010学年 第1学期,19441,仙Ⅱ-213,,否,,,,,,0,成长小组,12,第5节-第6节,仙II区,08133
,200090,偏微分方程数值解,20091081501C0221109,,1,,0,"1-18周,1-18周",0,,"1-18周 周一 第5节-第6节 ,1-18周 周四 第5节-第6节 ",,研究生院,否,,"周一,周四",2009-2010-1,,20091081501C0221109,,0,鼓楼校区,2009-2010学年 第1学期,21109,"无,无",,否,,,,,,0,,,"第5节-第6节,第5节-第6节",,081501C02
,200090,地下水运移模型,20091081501C0221118,,1,,0,4-18周,0,,4-18周 周四 第9节-第10节 教204,,研究生院,否,,周四,2009-2010-1,,20091081501C0221118,,0,鼓楼校区,2009-2010学年 第1学期,21118,教204,,否,,,,,,0,,1,第9节-第10节,教学楼,081501C02
,200090,环境水力学,20091081501D0621112,,1,,0,1-18周,0,,1-18周 周一 第5节-第6节 教108,,研究生院,否,,周一,2009-2010-1,,20091081501D0621112,,0,鼓楼校区,2009-2010学年 第1学期,21112,教108,,否,,,,,,0,,1,第5节-第6节,教学楼,081501D06
32.0,400100,当代中国家族研究(20091-08156-1),200910815619396,,3,,37,1-18周,0,吴作富,1-18周 周五 第1节-第2节 仙Ⅱ-102,2.0,社会学院,否,,周五,2009-2010-1,,200910815619396,2008社会学院社会学,0,仙林校区,2009-2010学年 第1学期,19396,仙Ⅱ-102,,否,,,,,,0,当代中国家族研究,12,第1节-第2节,仙II区,08156
32.0,400100,心理统计学(20091-08157-1),200910815719414,,3,,24,1-18周,0,唐日新,1-18周 周一 第5节-第7节 仙Ⅱ-307,2.0,社会学院,否,,周一,2009-2010-1,,200910815719414,2008社会学院应用心理学,0,仙林校区,2009-2010学年 第1学期,19414,仙Ⅱ-307,,否,,,,,,0,心理统计学,12,第5节-第7节,仙II区,08157
48.0,400100,心理咨询技术与实务(20091-08169-1),200910816919454,,3,,17,1-18周,0,桑志芹,1-18周 周一 第5节-第7节 仙Ⅰ-113,3.0,社会学院,否,,周一,2009-2010-1,,200910816919454,2007社会学院应用心理学,0,仙林校区,2009-2010学年 第1学期,19454,仙Ⅰ-113,,否,,,,,,0,心理咨询技术与实务,11,第5节-第7节,仙I区,08169
32.0,400100,心理学研究方法(20091-08170-1),200910817019456,,3,,17,1-18周,0,张洪,1-18周 周五 第5节-第7节 仙Ⅱ-111,2.0,社会学院,否,,周五,2009-2010-1,,200910817019456,2007社会学院应用心理学,0,仙林校区,2009-2010学年 第1学期,19456,仙Ⅱ-111,,否,,,,,,0,心理学研究方法,12,第5节-第7节,仙II区,08170
,200090,计算化学--建模与模拟,20091081704D0921024,,1,,0,1-18周,0,,1-18周 周三 第1节-第2节 馆3-101,,研究生院,否,,周三,2009-2010-1,,20091081704D0921024,,0,鼓楼校区,2009-2010学年 第1学期,21024,馆3-101,,否,,,,,,0,,8,第1节-第2节,逸夫馆,081704D09
48.0,400100,认知心理学(20091-08171-1),200910817119457,,3,,17,1-18周,0,肖承丽,1-18周 周四 第2节-第4节 仙Ⅱ-114,3.0,社会学院,否,,周四,2009-2010-1,,200910817119457,2007社会学院应用心理学,0,仙林校区,2009-2010学年 第1学期,19457,仙Ⅱ-114,,否,,,,,,0,认知心理学,12,第2节-第4节,仙II区,08171
48.0,400100,社会调查方法（下）(20091-08172B-1),2009108172B19427,,3,,38,1-18周,0,"贺晓星,谢燕清",1-18周 周二 第5节-第7节 仙Ⅱ-217,3.0,社会学院,否,,周二,2009-2010-1,,2009108172B19427,"2007社会学院社会学,2007社会学院应用心理学",0,仙林校区,2009-2010学年 第1学期,19427,仙Ⅱ-217,,否,,,,,,0,社会调查方法（下）,12,第5节-第7节,仙II区,08172B
32.0,400100,管理心理学(20091-08176-1),200910817619459,,3,,13,1-18周,0,朱虹,1-18周 周一 第3节-第4节 仙Ⅱ-115,2.0,社会学院,否,,周一,2009-2010-1,,200910817619459,2007社会学院应用心理学,0,仙林校区,2009-2010学年 第1学期,19459,仙Ⅱ-115,,否,,,,,,0,管理心理学,12,第3节-第4节,仙II区,08176
48.0,400100,实验心理学(20091-08178-1),200910817819417,,3,,40,1-18周,0,耿柳娜,1-18周 周四 第5节-第7节 仙Ⅱ-315,3.0,社会学院,否,,周四,2009-2010-1,,200910817819417,"2007社会学院应用心理学,2008社会学院应用心理学",0,仙林校区,2009-2010学年 第1学期,19417,仙Ⅱ-315,,否,,,,,,0,实验心理学,12,第5节-第7节,仙II区,08178
,200090,同位素地质学,20091081801C0221115,,1,,0,1-18周,0,,1-18周 周四 第3节-第4节 馆2-208,,研究生院,否,,周四,2009-2010-1,,20091081801C0221115,,0,鼓楼校区,2009-2010学年 第1学期,21115,馆2-208,,否,,,,,,0,,8,第3节-第4节,逸夫馆,081801C02
,200090,地球化学动力学,20091081802C0221106,,1,,0,1-18周,0,,1-18周 周一 第5节-第7节 馆1-304,,研究生院,否,,周一,2009-2010-1,,20091081802C0221106,,0,鼓楼校区,2009-2010学年 第1学期,21106,馆1-304,,否,,,,,,0,,8,第5节-第7节,逸夫馆,081802C02
,200090,地球信息技术,20091081802D21107,,1,,0,1-18周,0,,1-18周 周五 第9节-第10节 教204,,研究生院,否,,周五,2009-2010-1,,20091081802D21107,,0,鼓楼校区,2009-2010学年 第1学期,21107,教204,,否,,,,,,0,,1,第9节-第10节,教学楼,081802D
,200090,城市环境岩土工程,20091081803B0121113,,1,,0,1-18周,0,,1-18周 周五 第5节-第7节 教306,,研究生院,否,,周五,2009-2010-1,,20091081803B0121113,,0,鼓楼校区,2009-2010学年 第1学期,21113,教306,,否,,,,,,0,,1,第5节-第7节,教学楼,081803B01
,200090,岩土工程检测与监测,20091081803C0221114,,1,,0,3-18周,0,,3-18周 周五 第2节-第4节 教115,,研究生院,否,,周五,2009-2010-1,,20091081803C0221114,,0,鼓楼校区,2009-2010学年 第1学期,21114,教115,,否,,,,,,0,,1,第2节-第4节,教学楼,081803C02
32.0,400100,人类居住保障(20091-08181-1),200910818119442,,3,,17,1-18周,0,新家增美,1-18周 周二 第3节-第4节 仙Ⅱ-216,2.0,社会学院,否,,周二,2009-2010-1,,200910818119442,2007社会学院社会工作,0,仙林校区,2009-2010学年 第1学期,19442,仙Ⅱ-216,,否,,,,,,0,人类居住保障,12,第3节-第4节,仙II区,08181
32.0,400100,社会生态学(20091-08182-1),200910818219434,,3,,19,1-18周,0,马道明,1-18周 周一 第5节-第6节 仙Ⅱ-315,2.0,社会学院,否,,周一,2009-2010-1,,200910818219434,2007社会学院社会学,0,仙林校区,2009-2010学年 第1学期,19434,仙Ⅱ-315,,否,,,,,,0,社会生态学,12,第5节-第6节,仙II区,08182
32.0,400100,治疗咨询理论与实践(20091-08184-1),200910818419615,,3,,35,1-18周,0,KarenGabe,1-18周 周四 第1节-第2节 仙Ⅰ-113,2.0,社会学院,否,,周四,2009-2010-1,,200910818419615,"2007社会学院社会工作,2008社会学院应用心理学",0,仙林校区,2009-2010学年 第1学期,19615,仙Ⅰ-113,,否,,,,,,0,治疗咨询理论与实践,11,第1节-第2节,仙I区,08184
32.0,400100,矫治社会工作(20091-08185-1),200910818519406,,3,,8,1-18周,0,沈晖,1-18周 周四 第1节-第2节 仙Ⅱ-109,2.0,社会学院,否,,周四,2009-2010-1,,200910818519406,2008社会学院社会工作,0,仙林校区,2009-2010学年 第1学期,19406,仙Ⅱ-109,,否,,,,,,0,矫治社会工作,12,第1节-第2节,仙II区,08185
48.0,400100,人格心理学(20091-08198-1),200910819819452,,3,,17,1-18周,0,陈昌凯,1-18周 周二 第2节-第4节 仙Ⅰ-113,3.0,社会学院,否,,周二,2009-2010-1,,200910819819452,2007社会学院应用心理学,0,仙林校区,2009-2010学年 第1学期,19452,仙Ⅰ-113,,否,,,,,,0,人格心理学,11,第2节-第4节,仙I区,08198
32.0,400100,同龄人咨询(1)(20091-08202A-1),2009108202A19419,,3,,23,1-18周,0,KarenGabe,1-18周 周五 第1节-第2节 仙Ⅰ-113,2.0,社会学院,否,,周五,2009-2010-1,,2009108202A19419,2008社会学院应用心理学,0,仙林校区,2009-2010学年 第1学期,19419,仙Ⅰ-113,,否,,,,,,0,同龄人咨询(1),11,第1节-第2节,仙I区,08202A
32.0,400100,同龄人咨询 (3)(20091-08202C-1),2009108202C19460,,3,,11,1-18周,0,KarenGabe,1-18周 周五 第3节-第4节 仙Ⅰ-111,2.0,社会学院,否,,周五,2009-2010-1,,2009108202C19460,2007社会学院应用心理学,0,仙林校区,2009-2010学年 第1学期,19460,仙Ⅰ-111,,否,,,,,,0,同龄人咨询 (3),11,第3节-第4节,仙I区,08202C
32.0,400100,全球化与文化(20091-08205-1),200910820519431,,3,,19,1-18周,0,李晟台,1-18周 周四 第1节-第2节 仙Ⅱ-111,2.0,社会学院,否,,周四,2009-2010-1,,200910820519431,2007社会学院社会学,0,仙林校区,2009-2010学年 第1学期,19431,仙Ⅱ-111,,否,,,,,,0,全球化与文化,12,第1节-第2节,仙II区,08205
32.0,400100,社会营销学(20091-08206-1),200910820619449,,3,,17,1-18周,0,胡小武,1-18周 周二 第5节-第6节 仙Ⅱ-307,2.0,社会学院,否,,周二,2009-2010-1,,200910820619449,2007社会学院社会工作,0,仙林校区,2009-2010学年 第1学期,19449,仙Ⅱ-307,,否,,,,,,0,社会营销学,12,第5节-第6节,仙II区,08206
48.0,400100,社会工作行政(20091-082060-1),2009108206021300,,3,,20,1-18周,0,梁莹,1-18周 周四 第5节-第7节 逸B-208,3.0,社会学院,否,,周四,2009-2010-1,,2009108206021300,2007社会学院社会工作,0,仙林校区,2009-2010学年 第1学期,21300,逸B-208,,否,,,,,,0,社会工作行政,16,第5节-第7节,逸夫楼B区,082060
32.0,400100,文化人类学(20091-08207-1),200910820719465,,1,,16,1-17周,0,邵京,1-17周 周四 第5节-第6节 教216,2.0,社会学院,否,,周四,2009-2010-1,,200910820719465,2006社会学院社会学,0,鼓楼校区,2009-2010学年 第1学期,19465,教216,,否,,,,,,0,文化人类学,1,第5节-第6节,教学楼,08207
32.0,400100,跨文化心理学(20091-08208-1),200910820819467,,1,,6,1-17周,0,AnnetteHillers,1-17周 周二 第3节-第4节 教216,2.0,社会学院,否,,周二,2009-2010-1,,200910820819467,2006社会学院应用心理学,0,鼓楼校区,2009-2010学年 第1学期,19467,教216,,否,,,,,,0,跨文化心理学,1,第3节-第4节,教学楼,08208
32.0,400100,成长小组（初级）(20091-082141-1),2009108214120816,,3,,76,1-18周,0,肖萍,1-18周 周一 第5节-第6节 ,2.0,社会学院,否,,周一,2009-2010-1,,2009108214120816,,0,仙林校区,2009-2010学年 第1学期,20816,仙Ⅱ-213 ,,否,,,,,,0,成长小组（初级）,,第5节-第6节,,082141
,200090,环境科学研究进展,20091083001B0121041,,1,,0,1-18周,0,,1-18周 周五 第5节-第6节 ,,研究生院,否,,周五,2009-2010-1,,20091083001B0121041,,0,鼓楼校区,2009-2010学年 第1学期,21041,无,,否,,,,,,0,,,第5节-第6节,,083001B01
,200090,有机污染化学,20091083001C0121042,,1,,0,1-18周,0,,1-18周 周一 第5节-第6节 ,,研究生院,否,,周一,2009-2010-1,,20091083001C0121042,,0,鼓楼校区,2009-2010学年 第1学期,21042,无,,否,,,,,,0,,,第5节-第6节,,083001C01
,200090,生物修复技术,20091083001C0221043,,1,,0,1-18周,0,,1-18周 周四 第3节-第4节 ,,研究生院,否,,周四,2009-2010-1,,20091083001C0221043,,0,鼓楼校区,2009-2010学年 第1学期,21043,无,,否,,,,,,0,,,第3节-第4节,,083001C02
,200090,污染生态化学,20091083001C0321045,,1,,0,1-18周,0,,1-18周 周四 第7节-第8节 ,,研究生院,否,,周四,2009-2010-1,,20091083001C0321045,,0,鼓楼校区,2009-2010学年 第1学期,21045,无,,否,,,,,,0,,,第7节-第8节,,083001C03
,200090,现代环境分析技术及实验,20091083001C0421049,,1,,0,1-18周,0,,1-18周 周二 第5节-第6节 ,,研究生院,否,,周二,2009-2010-1,,20091083001C0421049,,0,鼓楼校区,2009-2010学年 第1学期,21049,无,,否,,,,,,0,,,第5节-第6节,,083001C04
,200090,环境地理学,20091083001C0421070,,1,,0,1-18周,0,,1-18周 周三 第5节-第6节 教314,,研究生院,否,,周三,2009-2010-1,,20091083001C0421070,,0,鼓楼校区,2009-2010学年 第1学期,21070,教314,,否,,,,,,0,,1,第5节-第6节,教学楼,083001C04
,200090,环境科学高级建模方法,20091083001C0621046,,1,,0,1-18周,0,,1-18周 周五 第3节-第4节 ,,研究生院,否,,周五,2009-2010-1,,20091083001C0621046,,0,鼓楼校区,2009-2010学年 第1学期,21046,无,,否,,,,,,0,,,第3节-第4节,,083001C06
,200090,环境模拟分析,20091083001D0221098,,1,,0,1-18周,0,,1-18周 周二 第1节-第2节 ,,研究生院,否,,周二,2009-2010-1,,20091083001D0221098,,0,鼓楼校区,2009-2010学年 第1学期,21098,专用或实验教室,,否,,,,,,0,,,第1节-第2节,,083001D02
,200090,高级环境微生物学,20091083001D0321044,,1,,0,1-18周,0,,1-18周 周二 第3节-第4节 ,,研究生院,否,,周二,2009-2010-1,,20091083001D0321044,,0,鼓楼校区,2009-2010学年 第1学期,21044,无,,否,,,,,,0,,,第3节-第4节,,083001D03
,200090,土壤生物化学,20091083001D0721047,,1,,0,1-18周,0,,1-18周 周三 第5节-第6节 ,,研究生院,否,,周三,2009-2010-1,,20091083001D0721047,,0,鼓楼校区,2009-2010学年 第1学期,21047,无,,否,,,,,,0,,,第5节-第6节,,083001D07
,200090,全球环境变化与区域响应,20091083001D1221048,,1,,0,1-18周,0,,1-18周 周三 第3节-第4节 ,,研究生院,否,,周三,2009-2010-1,,20091083001D1221048,,0,鼓楼校区,2009-2010学年 第1学期,21048,无,,否,,,,,,0,,,第3节-第4节,,083001D12
,200090,有机污染化学进展,20091083001X0121064,,1,,0,1-18周,0,,1-18周 周五 第5节-第6节 馆3-103,,研究生院,否,,周五,2009-2010-1,,20091083001X0121064,,0,鼓楼校区,2009-2010学年 第1学期,21064,馆3-103,,否,,,,,,0,,8,第5节-第6节,逸夫馆,083001X01
,200090,污染物生物效应与过程,20091083001X0221067,,1,,0,1-18周,0,,1-18周 周三 第5节-第6节 馆1-306,,研究生院,否,,周三,2009-2010-1,,20091083001X0221067,,0,鼓楼校区,2009-2010学年 第1学期,21067,馆1-306,,否,,,,,,0,,8,第5节-第6节,逸夫馆,083001X02
,200090,新型工业分离技术,20091083002C0221050,,1,,0,1-18周,0,,1-18周 周五 第3节-第4节 ,,研究生院,否,,周五,2009-2010-1,,20091083002C0221050,,0,鼓楼校区,2009-2010学年 第1学期,21050,无,,否,,,,,,0,,,第3节-第4节,,083002C02
,200090,清洁工艺,20091083002C0321051,,1,,0,1-18周,0,,1-18周 周一 第5节-第6节 ,,研究生院,否,,周一,2009-2010-1,,20091083002C0321051,,0,鼓楼校区,2009-2010学年 第1学期,21051,无,,否,,,,,,0,,,第5节-第6节,,083002C03
,200090,现代废水处理技术,20091083002D0121052,,1,,0,1-18周,0,,1-18周 周三 第5节-第6节 ,,研究生院,否,,周三,2009-2010-1,,20091083002D0121052,,0,鼓楼校区,2009-2010学年 第1学期,21052,无,,否,,,,,,0,,,第5节-第6节,,083002D01
,200090,大气污染控制技术与理论,20091083002D0221054,,1,,0,1-18周,0,,1-18周 周一 第1节-第2节 ,,研究生院,否,,周一,2009-2010-1,,20091083002D0221054,,0,鼓楼校区,2009-2010学年 第1学期,21054,无,,否,,,,,,0,,,第1节-第2节,,083002D02
,200090,固体废弃物处理技术,20091083002D0321053,,1,,0,1-18周,0,,1-18周 周二 第3节-第4节 ,,研究生院,否,,周二,2009-2010-1,,20091083002D0321053,,0,鼓楼校区,2009-2010学年 第1学期,21053,无,,否,,,,,,0,,,第3节-第4节,,083002D03
,200090,地下水修复,20091083002D0621055,,1,,0,1-18周,0,,1-18周 周二 第7节-第8节 ,,研究生院,否,,周二,2009-2010-1,,20091083002D0621055,,0,鼓楼校区,2009-2010学年 第1学期,21055,无,,否,,,,,,0,,,第7节-第8节,,083002D06
,200090,现代生态工程技术,20091083002D0821056,,1,,0,1-18周,0,,1-18周 周四 第3节-第4节 ,,研究生院,否,,周四,2009-2010-1,,20091083002D0821056,,0,鼓楼校区,2009-2010学年 第1学期,21056,无,,否,,,,,,0,,,第3节-第4节,,083002D08
,200090,水体微污染控制技术进展,20091083002D1221057,,1,,0,1-18周,0,,1-18周 周三 第3节-第4节 ,,研究生院,否,,周三,2009-2010-1,,20091083002D1221057,,0,鼓楼校区,2009-2010学年 第1学期,21057,无,,否,,,,,,0,,,第3节-第4节,,083002D12
,200090,水处理工程,20091083002X0221066,,1,,0,1-18周,0,,1-18周 周四 第3节-第4节 馆1-204,,研究生院,否,,周四,2009-2010-1,,20091083002X0221066,,0,鼓楼校区,2009-2010学年 第1学期,21066,馆1-204,,否,,,,,,0,,8,第3节-第4节,逸夫馆,083002X02
,200090,工业废水治理技术进展,20091083002X0321063,,1,,0,1-18周,0,,1-18周 周一 第3节-第4节 教318,,研究生院,否,,周一,2009-2010-1,,20091083002X0321063,,0,鼓楼校区,2009-2010学年 第1学期,21063,教318,,否,,,,,,0,,1,第3节-第4节,教学楼,083002X03
,200090,环境评价方法与实践,20091083021C0221058,,1,,0,1-18周,0,,1-18周 周四 第3节-第4节 ,,研究生院,否,,周四,2009-2010-1,,20091083021C0221058,,0,鼓楼校区,2009-2010学年 第1学期,21058,无,,否,,,,,,0,,,第3节-第4节,,083021C02
,200090,环境模拟,20091083021C0421059,,1,,0,1-18周,0,,1-18周 周一 第5节-第6节 ,,研究生院,否,,周一,2009-2010-1,,20091083021C0421059,,0,鼓楼校区,2009-2010学年 第1学期,21059,无,,否,,,,,,0,,,第5节-第6节,,083021C04
,200090,循环经济专题,20091083021C0621062,,1,,0,1-18周,0,,1-18周 周四 第7节-第8节 ,,研究生院,否,,周四,2009-2010-1,,20091083021C0621062,,0,鼓楼校区,2009-2010学年 第1学期,21062,无,,否,,,,,,0,,,第7节-第8节,,083021C06
,200090,专题研究,20091083021D0121060,,1,,0,1-18周,0,,1-18周 周三 第5节-第6节 ,,研究生院,否,,周三,2009-2010-1,,20091083021D0121060,,0,鼓楼校区,2009-2010学年 第1学期,21060,无,,否,,,,,,0,,,第5节-第6节,,083021D01
,200090,环境制图,20091083021D0321061,,1,,0,1-18周,0,,1-18周 周一 第9节-第10节 ,,研究生院,否,,周一,2009-2010-1,,20091083021D0321061,,0,鼓楼校区,2009-2010学年 第1学期,21061,无,,否,,,,,,0,,,第9节-第10节,,083021D03
,200090,生态城市理论与实践,20091083021X0121065,,1,,0,1-18周,0,,1-18周 周三 第3节-第4节 馆1-306,,研究生院,否,,周三,2009-2010-1,,20091083021X0121065,,0,鼓楼校区,2009-2010学年 第1学期,21065,馆1-306,,否,,,,,,0,,8,第3节-第4节,逸夫馆,083021X01
,200090,矩阵论,20091083100C0521013,,1,,0,1-18周,0,,1-18周 周三 第5节-第7节 教311,,研究生院,否,,周三,2009-2010-1,,20091083100C0521013,,0,鼓楼校区,2009-2010学年 第1学期,21013,教311,,否,,,,,,0,,1,第5节-第7节,教学楼,083100C05
48.0,400060,政治经济学(上:)(20091-090010A-1),20091090010A19069,,3,,224,1-18周,0,"路瑶,葛扬",1-18周 周五 第5节-第7节 仙Ⅱ-207,3.0,商学院,否,,周五,2009-2010-1,,20091090010A19069,,0,仙林校区,2009-2010学年 第1学期,19069,仙Ⅱ-207,,否,,,,,,0,政治经济学（上）,12,第5节-第7节,仙II区,090010A
48.0,400060,微观经济学(20091-090020-1),2009109002019071,,3,,114,"1-18周,1-18周",0,"刘东,皮建才","1-18周 周二 第5节-第6节 仙Ⅰ-207,1-18周 周三 第5节-第6节 仙Ⅰ-320",3.0,商学院,否,,"周二,周三",2009-2010-1,,2009109002019071,,0,仙林校区,2009-2010学年 第1学期,19071,"仙Ⅰ-207,仙Ⅰ-320",,否,,,,,,0,微观经济学,11,"第5节-第6节,第5节-第6节",仙I区,090020
48.0,400060,微观经济学(20091-090020-2),2009109002019072,,3,,149,"1-18周,1-18周",0,"刘厚俊,安礼伟","1-18周 周三 第1节-第2节 仙Ⅱ-303,1-18周 周五 第1节-第2节 仙Ⅱ-303",3.0,商学院,否,,"周三,周五",2009-2010-1,,2009109002019072,"2009商学院国际经济与贸易（二学位）,2009匡亚明学院应用文科强化班",0,仙林校区,2009-2010学年 第1学期,19072,"仙Ⅱ-303,仙Ⅱ-303",,否,,,,,,0,微观经济学,12,"第1节-第2节,第1节-第2节",仙II区,090020
48.0,400060,微观经济学(20091-090020-1),2009109002019119,,3,,98,"1-18周,1-18周",0,史先诚,"1-18周 周二 第1节-第2节 二食堂207,1-18周 周四 第1节-第2节 二食堂207",3.0,商学院,否,,"周二,周四",2009-2010-1,,2009109002019119,,0,仙林校区,2009-2010学年 第1学期,19119,"二食堂207,二食堂207",,否,,,,,,0,微观经济学,19,"第1节-第2节,第1节-第2节",二食堂,090020
48.0,400060,微观经济学(20091-090020-2),2009109002019120,,3,,98,"1-18周,1-18周",0,吴福象,"1-18周 周四 第1节-第2节 仙Ⅱ-304,1-18周 周一 第3节-第4节 仙Ⅱ-304",3.0,商学院,否,,"周一,周四",2009-2010-1,,2009109002019120,2009商学院工商管理（二学位),0,仙林校区,2009-2010学年 第1学期,19120,"仙Ⅱ-304,仙Ⅱ-304",,否,,,,,,0,微观经济学,12,"第3节-第4节,第1节-第2节",仙II区,090020
16.0,400060,英语口语（下）(20091-09002B-1),2009109002B18824,,3,,28,1-18周,0,沈艳枝,1-18周 周五 第5节-第6节 仙Ⅰ-112,1.0,商学院,否,,周五,2009-2010-1,,2009109002B18824,2008商学院国际经济与贸易,0,仙林校区,2009-2010学年 第1学期,18824,仙Ⅰ-112,,否,,,,,,0,英语口语（下）,11,第5节-第6节,仙I区,09002B
16.0,400060,英语口语（下）(20091-09002B-2),2009109002B18825,,3,,27,1-18周,0,沈艳枝,1-18周 周五 第7节-第8节 仙Ⅰ-112,1.0,商学院,否,,周五,2009-2010-1,,2009109002B18825,2008商学院国际经济与贸易,0,仙林校区,2009-2010学年 第1学期,18825,仙Ⅰ-112,,否,,,,,,0,英语口语（下）,11,第7节-第8节,仙I区,09002B
48.0,400060,微观经济学(20091-09007-1),200910900719142,,3,,102,1-18周,0,吴福象,1-18周 周一 第5节-第7节 仙Ⅱ-406,3.0,商学院,否,,周一,2009-2010-1,,200910900719142,"2008商学院会计学,2008商学院市场营销",0,仙林校区,2009-2010学年 第1学期,19142,仙Ⅱ-406,,否,,,,,,0,微观经济学,12,第5节-第7节,仙II区,09007
48.0,400060,宏观经济学(20091-09008-1),200910900818601,,3,,75,1-18周,0,梁东黎,1-18周 周三 第5节-第7节 仙Ⅰ-201,3.0,商学院,否,,周三,2009-2010-1,,200910900818601,"2008商学院经济学,2008匡亚明学院应用文科强化班",0,仙林校区,2009-2010学年 第1学期,18601,仙Ⅰ-201,,否,,,,,,0,宏观经济学,11,第5节-第7节,仙I区,09008
48.0,400060,宏观经济学(20091-09008-1),200910900818813,,3,,155,1-18周,0,付文林,1-18周 周二 第5节-第7节 逸B-101,3.0,商学院,否,,周二,2009-2010-1,,200910900818813,"2008商学院国际经济与贸易,2008商学院保险学,2008商学院金融学",0,仙林校区,2009-2010学年 第1学期,18813,逸B-101,,否,,,,,,0,宏观经济学,16,第5节-第7节,逸夫楼B区,09008
48.0,400060,宏观经济学(20091-09008-1),200910900819134,,3,,109,"1-18周,1-17周(单)",0,付文林,"1-18周 周四 第1节-第2节 仙Ⅱ-303,1-17周(单) 周二 第3节-第4节 仙Ⅱ-303",3.0,商学院,否,,"周四,周二",2009-2010-1,,200910900819134,"2007商学院会计学,2007商学院市场营销,2007商学院财务管理",0,仙林校区,2009-2010学年 第1学期,19134,"仙Ⅱ-303,仙Ⅱ-303",,否,,,,,,0,宏观经济学,12,"第1节-第2节,第3节-第4节",仙II区,09008
48.0,400060,宏观经济学(20091-09008-1),200910900819148,,3,,90,1-18周,0,李晓春,1-18周 周五 第5节-第7节 仙Ⅰ-202,3.0,商学院,否,,周五,2009-2010-1,,200910900819148,"2008商学院工商管理,2008商学院工商管理（人力资源管理方向）,2008商学院电子商务",0,仙林校区,2009-2010学年 第1学期,19148,仙Ⅰ-202,,否,,,,,,0,宏观经济学,11,第5节-第7节,仙I区,09008
48.0,400060,外国经济学说史(20091-09018-1),200910901818804,,3,,52,1-18周,0,"李晓蓉,葛扬",1-18周 周四 第5节-第7节 仙Ⅱ-114,3.0,商学院,否,,周四,2009-2010-1,,200910901818804,"2006外国语学院应用英语强化班,2007商学院经济学",0,仙林校区,2009-2010学年 第1学期,18804,仙Ⅱ-114,,否,,,,,,0,外国经济学说史,12,第5节-第7节,仙II区,09018
48.0,400060,中国经济史(20091-09020-1),200910902018807,,3,,51,1-18周,0,杨德才,1-18周 周一 第5节-第7节 仙Ⅱ-115,3.0,商学院,否,,周一,2009-2010-1,,200910902018807,2007商学院经济学,0,仙林校区,2009-2010学年 第1学期,18807,仙Ⅱ-115,,否,,,,,,0,中国经济史,12,第5节-第7节,仙II区,09020
48.0,400060,管理学(20091-090510-1),2009109051019117,,3,,97,"1-18周,1-18周",0,"贾良定,陈传明","1-18周 周四 第5节-第6节 仙Ⅱ-405,1-18周 周二 第7节-第8节 仙Ⅱ-405",3.0,商学院,否,,"周二,周四",2009-2010-1,,2009109051019117,,0,仙林校区,2009-2010学年 第1学期,19117,"仙Ⅱ-405,仙Ⅱ-405",,否,,,,,,0,管理学,12,"第7节-第8节,第5节-第6节",仙II区,090510
48.0,400060,管理学(20091-090510-2),2009109051019118,,3,,95,"1-18周,1-18周",0,"陈传明,贾良定","1-18周 周二 第5节-第6节 仙Ⅱ-503,1-18周 周四 第7节-第8节 仙Ⅱ-503",3.0,商学院,否,,"周二,周四",2009-2010-1,,2009109051019118,,0,仙林校区,2009-2010学年 第1学期,19118,"仙Ⅱ-503,仙Ⅱ-503",,否,,,,,,0,管理学,12,"第5节-第6节,第7节-第8节",仙II区,090510
16.0,400060,学涯设计(20091-090610-1),2009109061019127,,3,,191,5-15周,0,赵曙明,5-15周 周三 第9节-第10节 仙Ⅰ-107,1.0,商学院,否,,周三,2009-2010-1,,2009109061019127,,0,仙林校区,2009-2010学年 第1学期,19127,仙Ⅰ-107,,否,,,,,,0,学涯设计,11,第9节-第10节,仙I区,090610
48.0,400060,货币银行学(20091-09101-1),200910910118823,,3,,57,1-13周,0,王宇伟,1-13周 周三 第1节-第4节 仙Ⅱ-111,3.0,商学院,否,,周三,2009-2010-1,,200910910118823,2008商学院国际经济与贸易,0,仙林校区,2009-2010学年 第1学期,18823,仙Ⅱ-111,,否,,,,,,0,货币银行学,12,第1节-第4节,仙II区,09101
48.0,400060,财政学(20091-09103A-1),2009109103A18803,,3,,109,1-18周,0,尚长风,1-18周 周一 第5节-第7节 仙Ⅱ-303,3.0,商学院,否,,周一,2009-2010-1,,2009109103A18803,"2008商学院经济学,2008匡亚明学院应用文科强化班,2008商学院国际经济与贸易",0,仙林校区,2009-2010学年 第1学期,18803,仙Ⅱ-303,,否,,,,,,0,财政学,12,第5节-第7节,仙II区,09103A
48.0,400060,证券投资(20091-09104A-1),2009109104A18843,,1,,51,1-17周,0,夏江,1-17周 周一 第5节-第7节 教208,3.0,商学院,否,,周一,2009-2010-1,,2009109104A18843,"2006商学院经济学,2006外国语学院应用英语强化班",0,鼓楼校区,2009-2010学年 第1学期,18843,教208,,否,,,,,,0,证券投资,1,第5节-第7节,教学楼,09104A
48.0,400060,证券投资(20091-09104A-1),2009109104A19130,,3,,68,1-18周,0,林树,1-18周 周二 第5节-第7节 仙Ⅱ-301,3.0,商学院,否,,周二,2009-2010-1,,2009109104A19130,"2007商学院会计学,2007商学院财务管理",0,仙林校区,2009-2010学年 第1学期,19130,仙Ⅱ-301,,否,,,,,,0,证券投资,12,第5节-第7节,仙II区,09104A
32.0,400060,发展经济学(20091-09106-1),200910910618805,,3,,49,1-18周,0,"高波,赵华,路瑶",1-18周 周五 第3节-第4节 仙Ⅱ-111,2.0,商学院,否,,周五,2009-2010-1,,200910910618805,2007商学院经济学,0,仙林校区,2009-2010学年 第1学期,18805,仙Ⅱ-111,,否,,,,,,0,发展经济学,12,第3节-第4节,仙II区,09106
32.0,400060,发展经济学(20091-09106-1),200910910619074,,1,,27,1-17周,0,"赵华,路瑶",1-17周 周二 第3节-第4节 馆2-104,2.0,商学院,否,,周二,2009-2010-1,,200910910619074,"2006商学院工商管理,2008商学院工商管理（二学位)",0,鼓楼校区,2009-2010学年 第1学期,19074,馆2-104,,否,,,,,,0,发展经济学,8,第3节-第4节,逸夫馆,09106
48.0,400060,产业经济学(20091-09108-1),200910910818806,,3,,52,1-18周,0,安同良,1-18周 周二 第5节-第7节 仙Ⅱ-114,3.0,商学院,否,,周二,2009-2010-1,,200910910818806,"2006外国语学院应用英语强化班,2007商学院经济学",0,仙林校区,2009-2010学年 第1学期,18806,仙Ⅱ-114,,否,,,,,,0,产业经济学,12,第5节-第7节,仙II区,09108
48.0,400060,计量经济学(20091-09111-1),200910911118808,,3,,51,1-18周,0,孙宁华,1-18周 周五 第5节-第7节 仙Ⅱ-101,3.0,商学院,否,,周五,2009-2010-1,,200910911118808,"2006外国语学院应用英语强化班,2007商学院经济学",0,仙林校区,2009-2010学年 第1学期,18808,仙Ⅱ-101,,否,,,,,,0,计量经济学,12,第5节-第7节,仙II区,09111
32.0,400060,劳动经济学(20091-09118-1),200910911818812,,3,,48,1-18周,0,李晓春,1-18周 周三 第3节-第4节 仙Ⅱ-109,2.0,商学院,否,,周三,2009-2010-1,,200910911818812,2007商学院经济学,0,仙林校区,2009-2010学年 第1学期,18812,仙Ⅱ-109,,否,,,,,,0,劳动经济学,12,第3节-第4节,仙II区,09118
32.0,400060,区域经济学(20091-09124-1),200910912418845,,1,,28,1-17周,0,吴福象,1-17周 周四 第5节-第6节 教301,2.0,商学院,否,,周四,2009-2010-1,,200910912418845,2006商学院经济学,0,鼓楼校区,2009-2010学年 第1学期,18845,教301,,否,,,,,,0,区域经济学,1,第5节-第6节,教学楼,09124
48.0,400060,微观经济学II（中级微观经济学）(20091-09126-1),200910912618810,,3,,56,"1-18周,2-18周(双)",0,"郑江淮,皮建才","1-18周 周二 第3节-第4节 仙Ⅱ-501,2-18周(双) 周四 第3节-第4节 仙Ⅱ-501",3.0,商学院,否,,"周二,周四",2009-2010-1,,200910912618810,2007商学院经济学,0,仙林校区,2009-2010学年 第1学期,18810,"仙Ⅱ-501,仙Ⅱ-501",,否,,,,,,0,微观经济学II（中级微观经济学）,12,"第3节-第4节,第3节-第4节",仙II区,09126
48.0,400060,微观经济学II（中级微观经济学）(20091-09126-1),200910912620406,,3,,46,"1-18周,2-18周(双)",0,"吴福象,郑东雅","1-18周 周二 第3节-第4节 仙Ⅱ-515,2-18周(双) 周四 第3节-第4节 仙Ⅱ-515",3.0,商学院,否,,"周二,周四",2009-2010-1,,200910912620406,2007商学院国际经济与贸易,0,仙林校区,2009-2010学年 第1学期,20406,"仙Ⅱ-515,仙Ⅱ-515",,否,,,,,,0,微观经济学II（中级微观经济学）,12,"第3节-第4节,第3节-第4节",仙II区,09126
48.0,400060,微观经济学II（中级微观经济学）(20091-09126-1),200910912620415,,3,,75,"1-18周,2-18周(双)",0,"王宇,史先诚","1-18周 周二 第3节-第4节 仙Ⅰ-102,2-18周(双) 周四 第3节-第4节 仙Ⅰ-102",3.0,商学院,否,,"周二,周四",2009-2010-1,,200910912620415,"2007商学院金融学,2007商学院保险学",0,仙林校区,2009-2010学年 第1学期,20415,"仙Ⅰ-102,仙Ⅰ-102",,否,,,,,,0,微观经济学II（中级微观经济学）,11,"第3节-第4节,第3节-第4节",仙I区,09126
32.0,400060,实验经济学(20091-09130-1),200910913018811,,3,,51,1-18周,0,武志伟,1-18周 周一 第3节-第4节 仙Ⅱ-109,2.0,商学院,否,,周一,2009-2010-1,,200910913018811,2007商学院经济学,0,仙林校区,2009-2010学年 第1学期,18811,仙Ⅱ-109,,否,,,,,,0,实验经济学,12,第3节-第4节,仙II区,09130
,200090,分离过程专题,20091091704C0121039,,1,,0,1-18周,0,,1-18周 周五 第3节-第4节 馆1-201,,研究生院,否,,周五,2009-2010-1,,20091091704C0121039,,0,鼓楼校区,2009-2010学年 第1学期,21039,馆1-201,,否,,,,,,0,,8,第3节-第4节,逸夫馆,091704C01
48.0,400060,国际金融(20091-09201A-1),2009109201A18817,,3,,99,1-18周,0,张岭松,1-18周 周二 第5节-第7节 仙Ⅱ-303,3.0,商学院,否,,周二,2009-2010-1,,2009109201A18817,"2006外国语学院应用英语强化班,2008匡亚明学院应用文科强化班,2007商学院保险学,2007商学院金融学",0,仙林校区,2009-2010学年 第1学期,18817,仙Ⅱ-303,,否,,,,,,0,国际金融学,12,第5节-第7节,仙II区,09201A
48.0,400060,商业银行经营管理(20091-09204-1),200910920418820,,3,,86,"1-17周(单),1-18周",0,陈宝敏,"1-18周 周四 第1节-第2节 仙Ⅰ-201,1-17周(单) 周一 第3节-第4节 仙Ⅰ-201",3.0,商学院,否,,"周一,周四",2009-2010-1,,200910920418820,"2007商学院金融学,2007商学院保险学",0,仙林校区,2009-2010学年 第1学期,18820,"仙Ⅰ-201,仙Ⅰ-201",,否,,,,,,0,商业银行管理,11,"第3节-第4节,第1节-第2节",仙I区,09204
48.0,400060,商业银行经营管理(20091-09204-1),200910920419133,,3,,65,"1-17周(单),1-18周",0,陈宝敏,"1-17周(单) 周一 第1节-第2节 仙Ⅱ-319,1-18周 周四 第3节-第4节 仙Ⅱ-319",3.0,商学院,否,,"周一,周四",2009-2010-1,,200910920419133,"2007商学院会计学,2007商学院财务管理",0,仙林校区,2009-2010学年 第1学期,19133,"仙Ⅱ-319,仙Ⅱ-319",,否,,,,,,0,商业银行管理,12,"第1节-第2节,第3节-第4节",仙II区,09204
48.0,400060,金融市场与机构(20091-09206A-1),2009109206A18814,,3,,99,1-18周,0,于润,1-18周 周四 第5节-第7节 仙Ⅱ-303,3.0,商学院,否,,周四,2009-2010-1,,2009109206A18814,"2008商学院金融学,2008匡亚明学院应用文科强化班,2008商学院保险学",0,仙林校区,2009-2010学年 第1学期,18814,仙Ⅱ-303,,否,,,,,,0,金融市场与机构,12,第5节-第7节,仙II区,09206A
48.0,400060,投资银行学(20091-09207A-1),2009109207A18818,,3,,93,1-18周,0,王长江,1-18周 周五 第5节-第7节 仙Ⅰ-201,3.0,商学院,否,,周五,2009-2010-1,,2009109207A18818,"2007商学院金融学,2007商学院保险学",0,仙林校区,2009-2010学年 第1学期,18818,仙Ⅰ-201,,否,,,,,,0,投资银行学,11,第5节-第7节,仙I区,09207A
48.0,400060,国际经济学(20091-09216-1),200910921618834,,3,,60,1-18周,0,于津平,1-18周 周三 第5节-第7节 仙Ⅰ-317,3.0,商学院,否,,周三,2009-2010-1,,200910921618834,"2006外国语学院应用英语强化班,2009商学院国际经济与贸易（二学位）,2007商学院国际经济与贸易",0,仙林校区,2009-2010学年 第1学期,18834,仙Ⅰ-317,,否,,,,,,0,国际经济学,11,第5节-第7节,仙I区,09216
48.0,400060,财产保险理论与实务(20091-09218-1),200910921818816,,3,,79,1-18周,0,杨波,1-18周 周三 第5节-第7节 仙Ⅱ-306,3.0,商学院,否,,周三,2009-2010-1,,200910921818816,"2008商学院金融学,2008商学院保险学",0,仙林校区,2009-2010学年 第1学期,18816,仙Ⅱ-306,,否,,,,,,0,财产保险理论与实务,12,第5节-第7节,仙II区,09218
48.0,400060,中央银行学(20091-09219-1),200910921918809,,3,,46,1-11周,0,王宇伟,1-11周 周三 第5节-第7节 仙Ⅱ-101,3.0,商学院,否,,周三,2009-2010-1,,200910921918809,2007商学院经济学,0,仙林校区,2009-2010学年 第1学期,18809,仙Ⅱ-101,,否,,,,,,0,中央银行学,12,第5节-第7节,仙II区,09219
48.0,400060,货币金融学(20091-09222-1),200910922218815,,3,,100,1-18周,0,杜亚斌,1-18周 周一 第5节-第7节 仙Ⅱ-306,3.0,商学院,否,,周一,2009-2010-1,,200910922218815,"2006外国语学院应用英语强化班,2008商学院保险学,2008商学院金融学",0,仙林校区,2009-2010学年 第1学期,18815,仙Ⅱ-306,,否,,,,,,0,货币银行学,12,第5节-第7节,仙II区,09222
48.0,400060,金融经济学(20091-09223-1),200910922318848,,1,,66,1-17周,0,张岭松,1-17周 周二 第1节-第3节 馆1-204,3.0,商学院,否,,周二,2009-2010-1,,200910922318848,"2006商学院金融学,2006商学院保险学",0,鼓楼校区,2009-2010学年 第1学期,18848,馆1-204,,否,,,,,,0,金融经济学,8,第1节-第3节,逸夫馆,09223
48.0,400060,金融建模(20091-09243-1),200910924318821,,3,,39,1-18周,0,杜亚斌,1-18周 周三 第5节-第7节 ,3.0,商学院,否,,周三,2009-2010-1,,200910924318821,"2007商学院金融学,2007商学院保险学",0,仙林校区,2009-2010学年 第1学期,18821,逸B-406,,否,,,,,,0,金融建模,,第5节-第7节,,09243
48.0,400060,金融建模(20091-09243-2),200910924320726,,3,,46,1-17周,0,杜亚斌,1-17周 周三 第2节-第4节 ,3.0,商学院,否,,周三,2009-2010-1,,200910924320726,2007商学院金融学,0,仙林校区,2009-2010学年 第1学期,20726,逸B-406,,否,,,,,,0,金融建模,,第2节-第4节,,09243
48.0,400060,金融数学(20091-09246-1),200910924618847,,1,,58,1-17周,0,方先明,1-17周 周一 第5节-第7节 馆1-104,3.0,商学院,否,,周一,2009-2010-1,,200910924618847,"2006商学院金融学,2006商学院保险学",0,鼓楼校区,2009-2010学年 第1学期,18847,馆1-104,,否,,,,,,0,金融数学,8,第5节-第7节,逸夫馆,09246
48.0,400060,精算数学(20091-09247-1),200910924718822,,3,,70,1-18周,0,孙武军,1-18周 周一 第5节-第7节 仙Ⅰ-201,3.0,商学院,否,,周一,2009-2010-1,,200910924718822,"2007商学院金融学,2007商学院保险学",0,仙林校区,2009-2010学年 第1学期,18822,仙Ⅰ-201,,否,,,,,,0,精算数学,11,第5节-第7节,仙I区,09247
48.0,400060,国际贸易(20091-09301-1),200910930119088,,3,,54,1-18周,0,方勇,1-18周 周四 第5节-第7节 仙Ⅱ-116,3.0,商学院,否,,周四,2009-2010-1,,200910930119088,2007商学院工商管理,0,仙林校区,2009-2010学年 第1学期,19088,仙Ⅱ-116,,否,,,,,,0,国际贸易,12,第5节-第7节,仙II区,09301
48.0,400060,国际贸易(20091-09301-1),200910930119092,,3,,74,1-18周,0,安礼伟,1-18周 周三 第5节-第7节 仙Ⅱ-301,3.0,商学院,否,,周三,2009-2010-1,,200910930119092,"2007商学院电子商务,2007商学院市场营销",0,仙林校区,2009-2010学年 第1学期,19092,仙Ⅱ-301,,否,,,,,,0,国际贸易,12,第5节-第7节,仙II区,09301
48.0,400060,国际贸易(20091-09301-1),200910930119132,,3,,65,"1-18周,1-17周(单)",0,马野青,"1-18周 周五 第3节-第4节 仙Ⅰ-201,1-17周(单) 周一 第3节-第4节 仙Ⅰ-101",3.0,商学院,否,,"周五,周一",2009-2010-1,,200910930119132,"2007商学院会计学,2007商学院财务管理",0,仙林校区,2009-2010学年 第1学期,19132,"仙Ⅰ-201,仙Ⅰ-101",,否,,,,,,0,国际贸易,11,"第3节-第4节,第3节-第4节",仙I区,09301
48.0,400060,国际商法(20091-09303-1),200910930318837,,3,,1,,0,,,3.0,商学院,否,,,2009-2010-1,,200910930318837,,0,仙林校区,2009-2010学年 第1学期,18837,,,否,,,,,,0,国际商法,,,,09303
48.0,400060,进出口业务(20091-09304A-1),2009109304A18829,,3,,57,1-18周,0,"黄繁华,巫强",1-18周 周一 第5节-第7节 仙Ⅰ-317,3.0,商学院,否,,周一,2009-2010-1,,2009109304A18829,"2006外国语学院应用英语强化班,2009商学院国际经济与贸易（二学位）,2007商学院国际经济与贸易",0,仙林校区,2009-2010学年 第1学期,18829,仙Ⅰ-317,,否,,,,,,0,进出口业务,11,第5节-第7节,仙I区,09304A
48.0,400060,进出口业务(20091-09304A-1),2009109304A19107,,3,,32,1-18周,0,巫强,1-18周 周二 第5节-第7节 仙Ⅱ-116,3.0,商学院,否,,周二,2009-2010-1,,2009109304A19107,2007商学院电子商务,0,仙林校区,2009-2010学年 第1学期,19107,仙Ⅱ-116,,否,,,,,,0,进出口业务,12,第5节-第7节,仙II区,09304A
48.0,400060,期货投资与期权(20091-09305-1),200910930518849,,1,,64,"1-17周(单),1-17周",0,赵曙东,"1-17周 周三 第3节-第4节 馆1-304,1-17周(单) 周一 第3节-第4节 馆1-304",3.0,商学院,否,,"周一,周三",2009-2010-1,,200910930518849,"2006商学院国际经济与贸易,2008商学院国际经济与贸易（二学位）,2008商学院工商管理（二学位),2006商学院工商管理",0,鼓楼校区,2009-2010学年 第1学期,18849,"馆1-304,馆1-304",,否,,,,,,0,期货投资与期权,8,"第3节-第4节,第3节-第4节",逸夫馆,09305
48.0,400060,外贸英语函电(20091-09306A-1),2009109306A18839,,3,,57,1-18周,0,沈艳枝,1-18周 周二 第5节-第7节 仙Ⅰ-317,3.0,商学院,否,,周二,2009-2010-1,,2009109306A18839,"2007商学院国际经济与贸易,2009商学院国际经济与贸易（二学位）",0,仙林校区,2009-2010学年 第1学期,18839,仙Ⅰ-317,,否,,,,,,0,外贸英语函电,11,第5节-第7节,仙I区,09306A
48.0,400060,国际贸易地理(20091-09307-1),200910930718826,,3,,39,1-18周,0,张雨,1-18周 周四 第5节-第7节 仙Ⅱ-115,3.0,商学院,否,,周四,2009-2010-1,,200910930718826,2008商学院国际经济与贸易,0,仙林校区,2009-2010学年 第1学期,18826,仙Ⅱ-115,,否,,,,,,0,国际贸易地理,12,第5节-第7节,仙II区,09307
48.0,400060,国际贸易地理(20091-09307-1),200910930718840,,3,,52,1-18周,0,张雨,1-18周 周五 第5节-第7节 仙Ⅱ-102,3.0,商学院,否,,周五,2009-2010-1,,200910930718840,"2007商学院国际经济与贸易,2009商学院国际经济与贸易（二学位）",0,仙林校区,2009-2010学年 第1学期,18840,仙Ⅱ-102,,否,,,,,,0,国际贸易地理,12,第5节-第7节,仙II区,09307
48.0,400060,国际结算(20091-09308-1),200910930818838,,3,,59,"1-13周,1-13周",0,韩剑,"1-13周 周一 第3节-第4节 仙Ⅱ-301,1-13周 周三 第3节-第4节 仙Ⅱ-301",3.0,商学院,否,,"周一,周三",2009-2010-1,,200910930818838,"2007商学院国际经济与贸易,2009商学院国际经济与贸易（二学位）",0,仙林校区,2009-2010学年 第1学期,18838,"仙Ⅱ-301,仙Ⅱ-301",,否,,,,,,0,国际结算,12,"第3节-第4节,第3节-第4节",仙II区,09308
48.0,400060,国际结算(20091-09308-1),200910930818846,,1,,65,1-17周,0,赵薇,1-17周 周三 第2节-第4节 馆1-204,3.0,商学院,否,,周三,2009-2010-1,,200910930818846,"2006商学院金融学,2006商学院保险学",0,鼓楼校区,2009-2010学年 第1学期,18846,馆1-204,,否,,,,,,0,国际结算,8,第2节-第4节,逸夫馆,09308
48.0,400060,世界经济概论(20091-09313-1),200910931318835,,3,,59,"1-17周(单),1-18周",0,柴忠东,"1-18周 周四 第1节-第2节 仙Ⅱ-301,1-17周(单) 周二 第1节-第2节 仙Ⅱ-301",3.0,商学院,否,,"周二,周四",2009-2010-1,,200910931318835,"2007商学院国际经济与贸易,2009商学院国际经济与贸易（二学位）",0,仙林校区,2009-2010学年 第1学期,18835,"仙Ⅱ-301,仙Ⅱ-301",,否,,,,,,0,世界经济概论,12,"第1节-第2节,第1节-第2节",仙II区,09313
16.0,400060,经济与管理经典著作导读(20091-093450A-1),20091093450A19161,,3,,36,1-18周,0,贾良定,1-18周 周二 第9节-第10节 仙Ⅱ-101,1.0,商学院,否,,周二,2009-2010-1,,20091093450A19161,"2008商学院工商管理,2009商学院工商管理（二学位)",0,仙林校区,2009-2010学年 第1学期,19161,仙Ⅱ-101,,否,,,,,,0,经济与管理经典著作导读,12,第9节-第10节,仙II区,093450A
48.0,400060,管理学(20091-09401-1),200910940119139,,3,,38,1-18周,0,李嘉,1-18周 周五 第5节-第7节 ,3.0,商学院,否,,周五,2009-2010-1,,200910940119139,"2006外国语学院应用英语强化班,2008商学院市场营销",0,仙林校区,2009-2010学年 第1学期,19139,无,,否,,,,,,0,管理学,,第5节-第7节,,09401
48.0,400060,管理学(20091-09401-1),200910940119151,,3,,67,1-18周,0,龙静,1-18周 周一 第5节-第7节 仙Ⅱ-301,3.0,商学院,否,,周一,2009-2010-1,,200910940119151,"2008商学院工商管理,2008商学院工商管理（人力资源管理方向）",0,仙林校区,2009-2010学年 第1学期,19151,仙Ⅱ-301,,否,,,,,,0,管理学,12,第5节-第7节,仙II区,09401
48.0,400060,管理学(20091-09401-1),200910940119163,,3,,64,1-18周,0,刘海建,1-18周 周五 第5节-第7节 仙Ⅱ-310,3.0,商学院,否,,周五,2009-2010-1,,200910940119163,"2008商学院会计学,2009商学院工商管理（二学位)",0,仙林校区,2009-2010学年 第1学期,19163,仙Ⅱ-310,,否,,,,,,0,管理学,12,第5节-第7节,仙II区,09401
48.0,400060,管理学(20091-09401-4),200910940120749,,3,,47,1-18周,0,钱海燕,1-18周 周五 第2节-第4节 仙Ⅰ-202,3.0,商学院,否,,周五,2009-2010-1,,200910940120749,2008匡亚明学院应用文科强化班,0,仙林校区,2009-2010学年 第1学期,20749,仙Ⅰ-202,,否,,,,,,0,管理学,11,第2节-第4节,仙I区,09401
48.0,400060,统计学(20091-09402-1),200910940219141,,3,,109,1-18周,0,邢西治,1-18周 周三 第5节-第7节 仙Ⅰ-202,3.0,商学院,否,,周三,2009-2010-1,,200910940219141,"2008商学院会计学,2008商学院市场营销",0,仙林校区,2009-2010学年 第1学期,19141,仙Ⅰ-202,,否,,,,,,0,统计学,11,第5节-第7节,仙I区,09402
48.0,400060,统计学(20091-09402-1),200910940219155,,3,,100,1-18周,0,耿修林,1-18周 周三 第5节-第7节 仙Ⅰ-203,3.0,商学院,否,,周三,2009-2010-1,,200910940219155,"2008商学院工商管理,2009商学院工商管理（二学位),2008匡亚明学院应用文科强化班,2008商学院工商管理（人力资源管理方向）",0,仙林校区,2009-2010学年 第1学期,19155,仙Ⅰ-203,,否,,,,,,0,统计学,11,第5节-第7节,仙I区,09402
48.0,400060,生产与运作管理(20091-09403-1),200910940319106,,3,,32,1-18周,0,徐小林,1-18周 周四 第5节-第7节 仙Ⅱ-216,3.0,商学院,否,,周四,2009-2010-1,,200910940319106,"2007商学院电子商务,2009商学院工商管理（二学位)",0,仙林校区,2009-2010学年 第1学期,19106,仙Ⅱ-216,,否,,,,,,0,生产与运作管理,12,第5节-第7节,仙II区,09403
48.0,400060,人力资源管理(20091-09404-1),200910940419090,,3,,122,1-18周,0,程德俊,1-18周 周三 第5节-第7节 仙Ⅱ-303,3.0,商学院,否,,周三,2009-2010-1,,200910940419090,"2007商学院工商管理,2007商学院财务管理,2007商学院会计学",0,仙林校区,2009-2010学年 第1学期,19090,仙Ⅱ-303,,否,,,,,,0,人力资源管理,12,第5节-第7节,仙II区,09404
48.0,400060,市场营销(20091-09405-1),200910940518836,,3,,54,1-18周,0,冯帆,1-18周 周四 第5节-第7节 仙Ⅱ-301,3.0,商学院,否,,周四,2009-2010-1,,200910940518836,"2007商学院国际经济与贸易,2009商学院国际经济与贸易（二学位）",0,仙林校区,2009-2010学年 第1学期,18836,仙Ⅱ-301,,否,,,,,,0,市场营销,12,第5节-第7节,仙II区,09405
32.0,400060,市场营销(20091-09405A-1),2009109405A19086,,3,,53,1-18周,0,吴宜真,1-18周 周四 第3节-第4节 仙Ⅱ-301,2.0,商学院,否,,周四,2009-2010-1,,2009109405A19086,"2006外国语学院应用英语强化班,2009商学院工商管理（二学位),2007商学院工商管理",0,仙林校区,2009-2010学年 第1学期,19086,仙Ⅱ-301,,否,,,,,,0,市场营销,12,第3节-第4节,仙II区,09405A
48.0,400060,国际企业管理(20091-09406A-1),2009109406A19091,,3,,52,1-18周,0,张骁,1-18周 周五 第5节-第7节 仙Ⅱ-109,3.0,商学院,否,,周五,2009-2010-1,,2009109406A19091,2007商学院工商管理,0,仙林校区,2009-2010学年 第1学期,19091,仙Ⅱ-109,,否,,,,,,0,国际企业管理,12,第5节-第7节,仙II区,09406A
48.0,400060,国际企业管理(20091-09406A-1),2009109406A19097,,3,,106,1-18周,0,钱海燕,1-18周 周五 第5节-第7节 仙Ⅱ-306,3.0,商学院,否,,周五,2009-2010-1,,2009109406A19097,"2007商学院会计学,2007商学院市场营销,2007商学院财务管理",0,仙林校区,2009-2010学年 第1学期,19097,仙Ⅱ-306,,否,,,,,,0,国际企业管理,12,第5节-第7节,仙II区,09406A
48.0,400060,公司理财(20091-09411A-1),2009109411A18851,,1,,40,1-17周,0,吕伟,1-17周 周二 第5节-第7节 教203,3.0,商学院,否,,周二,2009-2010-1,,2009109411A18851,"2006商学院国际经济与贸易,2008商学院国际经济与贸易（二学位）",0,鼓楼校区,2009-2010学年 第1学期,18851,教203,,否,,,,,,0,公司理财,1,第5节-第7节,教学楼,09411A
48.0,400060,公司理财(20091-09411A-1),2009109411A19085,,3,,58,1-18周,0,"茅宁,汪丽",1-18周 周二 第5节-第7节 仙Ⅱ-310,3.0,商学院,否,,周二,2009-2010-1,,2009109411A19085,"2006外国语学院应用英语强化班,2009商学院工商管理（二学位),2007商学院工商管理",0,仙林校区,2009-2010学年 第1学期,19085,仙Ⅱ-310,,否,,,,,,0,公司理财,12,第5节-第7节,仙II区,09411A
48.0,400060,市场营销调研(20091-09418-1),200910941819095,,3,,42,1-18周,0,董伊人,1-18周 周一 第3节-第4节 仙Ⅱ-114,3.0,商学院,否,,周一,2009-2010-1,,200910941819095,2007商学院市场营销,0,仙林校区,2009-2010学年 第1学期,19095,仙Ⅱ-114,,否,,,,,,0,市场营销调研,12,第3节-第4节,仙II区,09418
32.0,400060,消费者行为学(20091-09419-1),200910941919094,,3,,42,1-18周,0,史有春,1-18周 周四 第3节-第4节 仙Ⅱ-111,2.0,商学院,否,,周四,2009-2010-1,,200910941919094,"2006外国语学院应用英语强化班,2007商学院市场营销",0,仙林校区,2009-2010学年 第1学期,19094,仙Ⅱ-111,,否,,,,,,0,消费者行为学,12,第3节-第4节,仙II区,09419
32.0,400060,现代广告学(20091-09420B-1),2009109420B19073,,1,,77,1-17周,0,朱虹,1-17周 周二 第1节-第2节 馆1-307,2.0,商学院,否,,周二,2009-2010-1,,2009109420B19073,"2006商学院工商管理,2008商学院工商管理（二学位),2006外国语学院应用英语强化班,2006商学院市场营销",0,鼓楼校区,2009-2010学年 第1学期,19073,馆1-307,,否,,,,,,0,现代广告学,8,第1节-第2节,逸夫馆,09420B
32.0,400060,现代广告学(20091-09420B-1),2009109420B21286,,3,,55,1-18周,0,马吟秋,1-18周 周三 第1节-第2节 仙Ⅰ-202,2.0,商学院,否,,周三,2009-2010-1,,2009109420B21286,2007商学院工商管理,0,仙林校区,2009-2010学年 第1学期,21286,仙Ⅰ-202,,否,,,,,,0,现代广告学,11,第1节-第2节,仙I区,09420B
32.0,400060,现代广告学(20091-09420B-1),2009109420B21287,,3,,41,1-18周,0,马吟秋,1-18周 周三 第3节-第4节 仙Ⅰ-202,2.0,商学院,否,,周三,2009-2010-1,,2009109420B21287,"2007商学院市场营销,2009商学院工商管理（二学位)",0,仙林校区,2009-2010学年 第1学期,21287,仙Ⅰ-202,,否,,,,,,0,现代广告学,11,第3节-第4节,仙I区,09420B
32.0,400060,企业资源计划(20091-09425-1),200910942519110,,3,,34,1-18周,0,于笑丰,1-18周 周三 第3节-第4节 仙Ⅱ-113,2.0,商学院,否,,周三,2009-2010-1,,200910942519110,2007商学院电子商务,0,仙林校区,2009-2010学年 第1学期,19110,仙Ⅱ-113,,否,,,,,,0,企业资源计划,12,第3节-第4节,仙II区,09425
48.0,400060,战略管理(20091-09427-1),200910942719084,,1,,16,1-17周,0,蒋春燕,1-17周 周四 第5节-第7节 教218,3.0,商学院,否,,周四,2009-2010-1,,200910942719084,2006商学院市场营销,0,鼓楼校区,2009-2010学年 第1学期,19084,教218,,否,,,,,,0,战略管理,1,第5节-第7节,教学楼,09427
32.0,400060,服务营销(20091-09430-1),200910943019080,,1,,30,1-17周,0,韩顺平,1-17周 周一 第3节-第4节 教304,2.0,商学院,否,,周一,2009-2010-1,,200910943019080,"2006商学院市场营销,2006外国语学院应用英语强化班",0,鼓楼校区,2009-2010学年 第1学期,19080,教304,,否,,,,,,0,服务营销,1,第3节-第4节,教学楼,09430
32.0,400060,经济管理数据分析(20091-09436-1),200910943619089,,3,,53,1-18周,0,李虎,1-18周 周二 第3节-第4节 仙Ⅰ-317,2.0,商学院,否,,周二,2009-2010-1,,200910943619089,"2007商学院工商管理,2009商学院工商管理（二学位)",0,仙林校区,2009-2010学年 第1学期,19089,仙Ⅰ-317,,否,,,,,,0,经济管理数据分析,11,第3节-第4节,仙I区,09436
64.0,400060,财务会计(20091-09502A-1),2009109502A19164,,3,,67,"1-18周,1-18周",0,陈丽花,"1-18周 周三 第1节-第2节 仙Ⅱ-319,1-18周 周一 第3节-第4节 仙Ⅱ-319",4.0,商学院,否,,"周三,周一",2009-2010-1,,2009109502A19164,2008商学院会计学,0,仙林校区,2009-2010学年 第1学期,19164,"仙Ⅱ-319,仙Ⅱ-319",,否,,,,,,0,财务会计,12,"第1节-第2节,第3节-第4节",仙II区,09502A
64.0,400060,管理会计(20091-09503A-1),2009109503A19128,,3,,67,"1-18周,1-18周",0,冯巧根,"1-18周 周二 第1节-第2节 仙Ⅰ-204,1-18周 周五 第1节-第2节 仙Ⅰ-204",4.0,商学院,否,,"周二,周五",2009-2010-1,,2009109503A19128,"2007商学院会计学,2007商学院财务管理",0,仙林校区,2009-2010学年 第1学期,19128,"仙Ⅰ-204,仙Ⅰ-204",,否,,,,,,0,管理会计,11,"第1节-第2节,第1节-第2节",仙I区,09503A
64.0,400060,中级财务管理(20091-09504A-1),2009109504A19165,,3,,65,"1-18周,1-18周",0,熊焰韧,"1-18周 周三 第3节-第4节 仙Ⅱ-310,1-18周 周五 第3节-第4节 仙Ⅱ-310",4.0,商学院,否,,"周三,周五",2009-2010-1,,2009109504A19165,2008商学院会计学,0,仙林校区,2009-2010学年 第1学期,19165,"仙Ⅱ-310,仙Ⅱ-310",,否,,,,,,0,中级财务管理,12,"第3节-第4节,第3节-第4节",仙II区,09504A
64.0,400060,高级财务会计(20091-09508-1),200910950819129,,3,,38,"1-18周,1-18周",0,"王跃堂,郭荃","1-18周 周三 第1节-第2节 仙Ⅱ-115,1-18周 周一 第3节-第4节 仙Ⅱ-401",4.0,商学院,否,,"周一,周三",2009-2010-1,,200910950819129,2007商学院会计学,0,仙林校区,2009-2010学年 第1学期,19129,"仙Ⅱ-401,仙Ⅱ-115",,否,,,,,,0,高级财务会计,12,"第3节-第4节,第1节-第2节",仙II区,09508
64.0,400060,高级财务会计(20091-09508-1),200910950821288,,3,,29,1-18周,0,"王跃堂,郭荃",1-18周 周三 第3节-第4节 仙Ⅱ-520,4.0,商学院,否,,周三,2009-2010-1,,200910950821288,2007商学院财务管理,0,仙林校区,2009-2010学年 第1学期,21288,仙Ⅱ-520,,否,,,,,,0,高级财务会计,12,第3节-第4节,仙II区,09508
48.0,400060,会计实务训练(20091-09509-1),200910950919076,,1,,57,1-4周,0,"曹洋,苏文兵",1-4周 周一 第1节-第3节 ,3.0,商学院,否,,周一,2009-2010-1,,200910950919076,"2006商学院会计学,2006商学院财务管理",0,鼓楼校区,2009-2010学年 第1学期,19076,安中楼,,否,,,,,,0,会计实务训练,,第1节-第3节,,09509
32.0,400060,跨国公司财务(20091-09510-1),200910951019078,,1,,44,5-17周,0,张艳,5-17周 周一 第5节-第7节 教301,2.0,商学院,否,,周一,2009-2010-1,,200910951019078,"2006商学院会计学,2006商学院财务管理",0,鼓楼校区,2009-2010学年 第1学期,19078,教301,,否,,,,,,0,跨国公司财务,1,第5节-第7节,教学楼,09510
48.0,400060,财务报表分析(20091-09511-1),200910951118844,,1,,30,1-17周,0,王兵,1-17周 周二 第5节-第7节 教208,3.0,商学院,否,,周二,2009-2010-1,,200910951118844,2006商学院经济学,0,鼓楼校区,2009-2010学年 第1学期,18844,教208,,否,,,,,,0,财务报表分析,1,第5节-第7节,教学楼,09511
48.0,400060,财务报表分析(20091-09511-1),200910951119079,,1,,17,1-17周,0,李翔,1-17周 周二 第5节-第7节 ,3.0,商学院,否,,周二,2009-2010-1,,200910951119079,2006商学院电子商务,0,鼓楼校区,2009-2010学年 第1学期,19079,专用或实验教室,,否,,,,,,0,财务报表分析,,第5节-第7节,,09511
48.0,400060,财务报表分析(20091-09511-1),200910951119081,,1,,22,1-17周,0,张娟,1-17周 周二 第5节-第7节 教207,3.0,商学院,否,,周二,2009-2010-1,,200910951119081,2006商学院市场营销,0,鼓楼校区,2009-2010学年 第1学期,19081,教207,,否,,,,,,0,财务报表分析,1,第5节-第7节,教学楼,09511
48.0,400060,财务报表分析(20091-09511-1),200910951119131,,3,,66,1-18周,0,陈冬华,1-18周 周四 第5节-第7节 仙Ⅰ-202,3.0,商学院,否,,周四,2009-2010-1,,200910951119131,"2007商学院会计学,2007商学院财务管理",0,仙林校区,2009-2010学年 第1学期,19131,仙Ⅰ-202,,否,,,,,,0,财务报表分析,11,第5节-第7节,仙I区,09511
48.0,400060,投资学(20091-09514-1),200910951418819,,3,,88,1-18周,0,方先明,1-18周 周四 第5节-第7节 仙Ⅰ-201,3.0,商学院,否,,周四,2009-2010-1,,200910951418819,"2007商学院金融学,2007商学院保险学",0,仙林校区,2009-2010学年 第1学期,18819,仙Ⅰ-201,,否,,,,,,0,投资学,11,第5节-第7节,仙I区,09514
32.0,400060,国际会计(20091-09524-1),200910952419077,,1,,38,5-17周,0,薛清梅,5-17周 周二 第5节-第7节 ,2.0,商学院,否,,周二,2009-2010-1,,200910952419077,"2006商学院会计学,2006商学院财务管理",0,鼓楼校区,2009-2010学年 第1学期,19077,专用或实验教室,,否,,,,,,0,国际会计,,第5节-第7节,,09524
48.0,400060,电子商务(20091-09601A-1),2009109601A19146,,3,,29,1-18周,0,王全胜,1-18周 周一 第5节-第7节 仙Ⅱ-116,3.0,商学院,否,,周一,2009-2010-1,,2009109601A19146,2008商学院电子商务,0,仙林校区,2009-2010学年 第1学期,19146,仙Ⅱ-116,,否,,,,,,0,电子商务,12,第5节-第7节,仙II区,09601A
32.0,400060,电子商务(20091-09601B-1),2009109601B18831,,3,,92,1-18周,0,卜茂亮,1-18周 周五 第1节-第2节 仙Ⅱ-306,2.0,商学院,否,,周五,2009-2010-1,,2009109601B18831,"2007商学院国际经济与贸易,2009商学院工商管理（二学位),2007商学院市场营销",0,仙林校区,2009-2010学年 第1学期,18831,仙Ⅱ-306,,否,,,,,,0,电子商务,12,第1节-第2节,仙II区,09601B
32.0,400060,物流管理(20091-09602-1),200910960219144,,3,,39,1-18周,0,王国才,1-18周 周五 第1节-第2节 仙Ⅱ-315,2.0,商学院,否,,周五,2009-2010-1,,200910960219144,2008商学院市场营销,0,仙林校区,2009-2010学年 第1学期,19144,仙Ⅱ-315,,否,,,,,,0,物流管理,12,第1节-第2节,仙II区,09602
32.0,400060,营销策划(20091-09608-1),200910960819082,,1,,24,1-17周,0,吴作民,1-17周 周三 第5节-第6节 馆2-205,2.0,商学院,否,,周三,2009-2010-1,,200910960819082,2006商学院市场营销,0,鼓楼校区,2009-2010学年 第1学期,19082,馆2-205,,否,,,,,,0,营销策划,8,第5节-第6节,逸夫馆,09608
32.0,400060,销售管理(20091-09609-1),200910960919100,,3,,42,1-18周,0,陶向南,1-18周 周四 第5节-第6节 仙Ⅱ-217,2.0,商学院,否,,周四,2009-2010-1,,200910960919100,2007商学院市场营销,0,仙林校区,2009-2010学年 第1学期,19100,仙Ⅱ-217,,否,,,,,,0,销售管理,12,第5节-第6节,仙II区,09609
48.0,400060,品牌管理(20091-09610-1),200910961019545,,3,,42,1-18周,0,何健,1-18周 周二 第5节-第7节 仙Ⅱ-216,3.0,商学院,否,,周二,2009-2010-1,,200910961019545,2007商学院市场营销,0,仙林校区,2009-2010学年 第1学期,19545,仙Ⅱ-216,,否,,,,,,0,品牌管理,12,第5节-第7节,仙II区,09610
32.0,400060,营销渠道(20091-09611-1),200910961119083,,1,,26,1-17周,0,王国才,1-17周 周四 第3节-第4节 教218,2.0,商学院,否,,周四,2009-2010-1,,200910961119083,2006商学院市场营销,0,鼓楼校区,2009-2010学年 第1学期,19083,教218,,否,,,,,,0,营销渠道,1,第3节-第4节,教学楼,09611
80.0,400060,电子商务网站设计(20091-09707-1),200910970719253,,3,,29,1-18周,0,周耿,1-18周 周二 第5节-第7节 仙Ⅱ-115,5.0,商学院,否,,周二,2009-2010-1,,200910970719253,2008商学院电子商务,0,仙林校区,2009-2010学年 第1学期,19253,仙Ⅱ-115,,否,,,,,,0,电子商务网站设计,12,第5节-第7节,仙II区,09707
48.0,400060,网络营销与CRM(20091-09710-1),200910971019105,,3,,33,"1-18周,1-18周",0,吴清,"1-18周 周一 第1节-第2节 ,1-18周 周一 第5节-第6节 仙Ⅱ-216",3.0,商学院,否,,"周一,周一",2009-2010-1,,200910971019105,2007商学院电子商务,0,仙林校区,2009-2010学年 第1学期,19105,"院机房,仙Ⅱ-216",,否,,,,,,0,网络营销与CRM,12,"第1节-第2节,第5节-第6节",仙II区,09710
48.0,400060,网络与通讯(20091-09715-1),200910971519145,,3,,28,1-18周,0,于笑丰,1-18周 周三 第5节-第7节 仙Ⅱ-102,3.0,商学院,否,,周三,2009-2010-1,,200910971519145,2008商学院电子商务,0,仙林校区,2009-2010学年 第1学期,19145,仙Ⅱ-102,,否,,,,,,0,网络与通讯,12,第5节-第7节,仙II区,09715
48.0,400060,电子商务实验(20091-09716-1),200910971619147,,3,,29,1-17周,0,周耿,1-17周 周二 第9节-第10节 ,3.0,商学院,否,,周二,2009-2010-1,,200910971619147,2008商学院电子商务,0,仙林校区,2009-2010学年 第1学期,19147,院机房,,否,,,,,,0,电子商务实验,,第9节-第10节,,09716
32.0,400060,SAP应用与实施(20091-09724-1),200910972419112,,3,,33,1-17周,0,吴清,1-17周 周一 第3节-第4节 ,2.0,商学院,否,,周一,2009-2010-1,,200910972419112,2007商学院电子商务,0,仙林校区,2009-2010学年 第1学期,19112,院机房,,否,,,,,,0,SAP应用与实施,,第3节-第4节,,09724
32.0,400060,电子商务经济学(20091-09725-1),200910972519149,,3,,28,1-18周,0,卜茂亮,1-18周 周五 第3节-第4节 仙Ⅱ-102,2.0,商学院,否,,周五,2009-2010-1,,200910972519149,2008商学院电子商务,0,仙林校区,2009-2010学年 第1学期,19149,仙Ⅱ-102,,否,,,,,,0,电子商务经济学,12,第3节-第4节,仙II区,09725
32.0,400060,商务智能(20091-09726-1),200910972619111,,3,,32,1-18周,0,李小琳,1-18周 周五 第3节-第4节 仙Ⅱ-115,2.0,商学院,否,,周五,2009-2010-1,,200910972619111,2007商学院电子商务,0,仙林校区,2009-2010学年 第1学期,19111,仙Ⅱ-115,,否,,,,,,0,商务智能,12,第3节-第4节,仙II区,09726
,200090,分子生物学进展,20091100102C0321127,,1,,0,"1-18周,1-18周",0,,"1-18周 周三 第3节-第4节 馆3-101,1-18周 周四 第5节-第6节 教101",,研究生院,否,,"周三,周四",2009-2010-1,,20091100102C0321127,,0,鼓楼校区,2009-2010学年 第1学期,21127,"馆3-101,教101",,否,,,,,,0,,"1,8","第3节-第4节,第5节-第6节","教学楼, 逸夫馆",100102C03
,200090,医学统计学,20091100401C0121163,,1,,0,"6-18周(双),1-18周",0,,"1-18周 周五 第3节-第4节 教202,6-18周(双) 周一 第5节-第6节 教213",,研究生院,否,,"周一,周五",2009-2010-1,,20091100401C0121163,,0,鼓楼校区,2009-2010学年 第1学期,21163,"教213,教202",,否,,,,,,0,,1,"第5节-第6节,第3节-第4节",教学楼,100401C01
,200090,糖基化工程概要,20091100705C0321125,,1,,0,1-18周,0,,1-18周 周一 第5节-第7节 馆1-302,,研究生院,否,,周一,2009-2010-1,,20091100705C0321125,,0,鼓楼校区,2009-2010学年 第1学期,21125,馆1-302,,否,,,,,,0,,8,第5节-第7节,逸夫馆,100705C03
,200090,基因工程药物概论,20091100705C0521126,,1,,0,1-18周,0,,1-18周 周四 第2节-第4节 教310,,研究生院,否,,周四,2009-2010-1,,20091100705C0521126,,0,鼓楼校区,2009-2010学年 第1学期,21126,教310,,否,,,,,,0,,1,第2节-第4节,教学楼,100705C05
,200090,药物化学,20091100705D0421124,,1,,0,1-18周,0,,1-18周 周五 第5节-第7节 ,,研究生院,否,,周五,2009-2010-1,,20091100705D0421124,,0,鼓楼校区,2009-2010学年 第1学期,21124,专用或实验教室,,否,,,,,,0,,,第5节-第7节,,100705D04
96.0,400070,英美散文选读(20091-101010A-1),20091101010A20106,,3,,3,"1-18周,1-18周",0,俞希,"1-18周 周四 第1节-第4节 ,1-18周 周二 第3节-第4节 ",6.0,外国语学院,否,,"周二,周四",2009-2010-1,,20091101010A20106,2009外国语学院英语,0,仙林校区,2009-2010学年 第1学期,20106,"502,502",,否,,,,,,0,英美散文选读,,"第3节-第4节,第1节-第4节",,101010A
96.0,400070,英美散文选读(20091-101010A-2),20091101010A20713,,3,,59,"1-18周,1-18周",0,张瑛,"1-18周 周四 第1节-第4节 ,1-18周 周二 第3节-第4节 ",6.0,外国语学院,否,,"周二,周四",2009-2010-1,,20091101010A20713,2009外国语学院英语,0,仙林校区,2009-2010学年 第1学期,20713,"503,503",,否,,,,,,0,英美散文选读,,"第3节-第4节,第1节-第4节",,101010A
96.0,400070,英美散文选读(20091-101010A-3),20091101010A20714,,3,,2,"1-18周,1-18周",0,张翼,"1-18周 周四 第1节-第4节 ,1-18周 周二 第3节-第4节 ",6.0,外国语学院,否,,"周二,周四",2009-2010-1,,20091101010A20714,2009外国语学院英语,0,仙林校区,2009-2010学年 第1学期,20714,"504,504",,否,,,,,,0,英美散文选读,,"第3节-第4节,第1节-第4节",,101010A
32.0,400070,基础英语写作(20091-101040A-1),20091101040A20107,,3,,0,1-17周,0,英语外教B,1-17周 周五 第1节-第2节 ,2.0,外国语学院,否,,周五,2009-2010-1,,20091101040A20107,2009外国语学院英语,0,仙林校区,2009-2010学年 第1学期,20107,510,,否,,,,,,0,基础英语写作,,第1节-第2节,,101040A
32.0,400070,基础英语写作(20091-101040A-2),20091101040A20716,,3,,0,1-18周,0,英语外教E,1-18周 周五 第3节-第4节 ,2.0,外国语学院,否,,周五,2009-2010-1,,20091101040A20716,2009外国语学院英语,0,仙林校区,2009-2010学年 第1学期,20716,507,,否,,,,,,0,基础英语写作,,第3节-第4节,,101040A
32.0,400070,基础英语写作(20091-101040A-3),20091101040A20717,,3,,57,1-18周,0,,1-18周 周一 第1节-第2节 仙Ⅱ-515,2.0,外国语学院,否,,周一,2009-2010-1,,20091101040A20717,2009外国语学院英语,0,仙林校区,2009-2010学年 第1学期,20717,仙Ⅱ-515,,否,,,,,,0,基础英语写作,12,第1节-第2节,仙II区,101040A
96.0,400070,英语201（上）(20091-10107A-1),2009110107A19924,,3,,68,"1-17周,1-18周",0,朱叶秋,"1-17周 周二 第1节-第2节 ,1-18周 周四 第1节-第4节 ",6.0,外国语学院,否,,"周二,周四",2009-2010-1,,2009110107A19924,"2008外国语学院英语,2008外国语学院英语(国际商务方向)",0,仙林校区,2009-2010学年 第1学期,19924,"502,511",,否,,,,,,0,英语201（上）,,"第1节-第2节,第1节-第4节",,10107A
96.0,400070,英语201（上）(20091-10107A-2),2009110107A20706,,3,,1,"1-18周,1-18周",0,高前,"1-18周 周二 第1节-第2节 ,1-18周 周四 第1节-第4节 仙Ⅰ-519",6.0,外国语学院,否,,"周二,周四",2009-2010-1,,2009110107A20706,"2008外国语学院英语,2008外国语学院英语(国际商务方向)",0,仙林校区,2009-2010学年 第1学期,20706,"503,仙Ⅰ-519",,否,,,,,,0,英语201（上）,11,"第1节-第2节,第1节-第4节",仙I区,10107A
96.0,400070,英语201（上）(20091-10107A-3),2009110107A20707,,3,,1,"1-18周,1-18周",0,范浩,"1-18周 周二 第1节-第2节 ,1-18周 周四 第1节-第4节 ",6.0,外国语学院,否,,"周二,周四",2009-2010-1,,2009110107A20707,"2008外国语学院英语,2008外国语学院英语(国际商务方向)",0,仙林校区,2009-2010学年 第1学期,20707,"504,513",,否,,,,,,0,英语201（上）,,"第1节-第2节,第1节-第4节",,10107A
32.0,400070,二年口语（上）(20091-10108A-1),2009110108A19929,,3,,68,1-18周,0,方红,1-18周 周一 第5节-第6节 ,2.0,外国语学院,否,,周一,2009-2010-1,,2009110108A19929,"2008外国语学院英语,2008外国语学院英语(国际商务方向)",0,仙林校区,2009-2010学年 第1学期,19929,502,,否,,,,,,0,二年口语（上）,,第5节-第6节,,10108A
32.0,400070,二年口语（上）(20091-10108A-2),2009110108A20709,,3,,0,1-18周,0,英语外教B,1-18周 周一 第5节-第6节 ,2.0,外国语学院,否,,周一,2009-2010-1,,2009110108A20709,"2008外国语学院英语,2008外国语学院英语(国际商务方向)",0,仙林校区,2009-2010学年 第1学期,20709,503,,否,,,,,,0,二年口语（上）,,第5节-第6节,,10108A
32.0,400070,二年口语（上）(20091-10108A-3),2009110108A20710,,3,,0,1-18周,0,英语外教B,1-18周 周一 第7节-第8节 ,2.0,外国语学院,否,,周一,2009-2010-1,,2009110108A20710,"2008外国语学院英语,2008外国语学院英语(国际商务方向)",0,仙林校区,2009-2010学年 第1学期,20710,502,,否,,,,,,0,二年口语（上）,,第7节-第8节,,10108A
16.0,400070,英语阅读（上）(20091-10109A-1),2009110109A19927,,3,,66,"1-17周,1-17周",0,"徐昉,高虹","1-17周 周一 第1节-第2节 ,1-17周 周三 第1节-第2节 ",1.0,外国语学院,否,,"周三,周一",2009-2010-1,,2009110109A19927,"2008外国语学院英语,2008外国语学院英语(国际商务方向)",0,仙林校区,2009-2010学年 第1学期,19927,"509,513",,否,,,,,,0,英语阅读（上）,,"第1节-第2节,第1节-第2节",,10109A
16.0,400070,二年视听（上）(20091-10110A-1),2009110110A19928,,3,,67,1-18周,0,王艳,1-18周 周一 第3节-第4节 ,1.0,外国语学院,否,,周一,2009-2010-1,,2009110110A19928,"2008外国语学院英语,2008外国语学院英语(国际商务方向)",0,仙林校区,2009-2010学年 第1学期,19928,525,,否,,,,,,0,二年视听（上）,,第3节-第4节,,10110A
16.0,400070,二年视听（上）(20091-10110A-2),2009110110A20708,,3,,0,1-18周,0,刘剑涛,1-18周 周一 第3节-第4节 ,1.0,外国语学院,否,,周一,2009-2010-1,,2009110110A20708,"2008外国语学院英语,2008外国语学院英语(国际商务方向)",0,仙林校区,2009-2010学年 第1学期,20708,526,,否,,,,,,0,二年视听（上）,,第3节-第4节,,10110A
32.0,400070,二年写作（上）(20091-10111A-1),2009110111A19931,,3,,0,1-18周,0,英语外教D,1-18周 周二 第5节-第6节 ,2.0,外国语学院,否,,周二,2009-2010-1,,2009110111A19931,"2008外国语学院英语,2008外国语学院英语(国际商务方向)",0,仙林校区,2009-2010学年 第1学期,19931,504,,否,,,,,,0,二年写作（上）,,第5节-第6节,,10111A
32.0,400070,二年写作（上）(20091-10111A-2),2009110111A20711,,3,,68,1-18周,0,方红,1-18周 周一 第7节-第8节 ,2.0,外国语学院,否,,周一,2009-2010-1,,2009110111A20711,"2008外国语学院英语,2008外国语学院英语(国际商务方向)",0,仙林校区,2009-2010学年 第1学期,20711,503,,否,,,,,,0,二年写作（上）,,第7节-第8节,,10111A
32.0,400070,二年写作（上）(20091-10111A-3),2009110111A20712,,3,,0,1-18周,0,英语外教A,1-18周 周一 第5节-第6节 ,2.0,外国语学院,否,,周一,2009-2010-1,,2009110111A20712,"2008外国语学院英语,2008外国语学院英语(国际商务方向)",0,仙林校区,2009-2010学年 第1学期,20712,504,,否,,,,,,0,二年写作（上）,,第5节-第6节,,10111A
64.0,400070,英美散文（上）(20091-10116A-1),2009110116A19938,,3,,54,1-17周,0,姚媛,1-17周 周四 第3节-第4节 ,4.0,外国语学院,否,,周四,2009-2010-1,,2009110116A19938,2007外国语学院英语,0,仙林校区,2009-2010学年 第1学期,19938,515,,否,,,,,,0,英美散文（上）,,第3节-第4节,,10116A
64.0,400070,英美散文（上）(20091-10116A-2),2009110116A20703,,3,,0,1-18周,0,何宁,1-18周 周四 第3节-第4节 ,4.0,外国语学院,否,,周四,2009-2010-1,,2009110116A20703,2007外国语学院英语,0,仙林校区,2009-2010学年 第1学期,20703,523,,否,,,,,,0,英美散文（上）,,第3节-第4节,,10116A
32.0,400070,三年写作（上）(20091-10117A-1),2009110117A19939,,3,,53,1-17周,0,英语外教D,1-17周 周二 第3节-第4节 ,2.0,外国语学院,否,,周二,2009-2010-1,,2009110117A19939,2007外国语学院英语,0,仙林校区,2009-2010学年 第1学期,19939,508,,否,,,,,,0,三年写作（上）,,第3节-第4节,,10117A
32.0,400070,三年写作（上）(20091-10117A-2),2009110117A20699,,3,,1,1-17周,0,丁言仁,1-17周 周二 第3节-第4节 ,2.0,外国语学院,否,,周二,2009-2010-1,,2009110117A20699,2007外国语学院英语,0,仙林校区,2009-2010学年 第1学期,20699,509,,否,,,,,,0,三年写作（上）,,第3节-第4节,,10117A
32.0,400070,西方思想经典(20091-10119-1),200911011919955,,3,,66,1-17周,0,"姚媛,朱刚,任裕海",1-17周 周三 第9节-第10节 ,2.0,外国语学院,否,,周三,2009-2010-1,,200911011919955,2006外国语学院英语,0,仙林校区,2009-2010学年 第1学期,19955, 馆II-304,,否,,,,,,0,西方思想经典,,第9节-第10节,,10119
32.0,400070,管理原理(20091-10123-1),200911012319933,,3,,67,1-17周,0,张宁军,1-17周 周二 第3节-第4节 ,2.0,外国语学院,否,,周二,2009-2010-1,,200911012319933,"2008外国语学院英语,2008外国语学院英语(国际商务方向)",0,仙林校区,2009-2010学年 第1学期,19933,507,,否,,,,,,0,管理原理,,第3节-第4节,,10123
64.0,400070,二外德语(20091-10133-1),200911013319949,,3,,53,"1-17周,1-17周",0,德语研究生,"1-17周 周四 第5节-第6节 ,1-17周 周二 第7节-第8节 ",4.0,外国语学院,否,,"周二,周四",2009-2010-1,,200911013319949,2007外国语学院英语,0,仙林校区,2009-2010学年 第1学期,19949,"502,513",,否,,,,,,0,二外德语,,"第7节-第8节,第5节-第6节",,10133
64.0,400070,二外法语(20091-10134-1),200911013419951,,3,,53,"1-17周,1-17周",0,法语研究生,"1-17周 周四 第5节-第6节 ,1-17周 周二 第7节-第8节 ",4.0,外国语学院,否,,"周二,周四",2009-2010-1,,200911013419951,2007外国语学院英语,0,仙林校区,2009-2010学年 第1学期,19951,"503,514",,否,,,,,,0,二外法语,,"第7节-第8节,第5节-第6节",,10134
32.0,400070,市场营销(20091-10139-1),200911013919946,,3,,54,1-17周,0,张宁军,1-17周 周二 第1节-第2节 ,2.0,外国语学院,否,,周二,2009-2010-1,,200911013919946,2007外国语学院英语,0,仙林校区,2009-2010学年 第1学期,19946,507,,否,,,,,,0,市场营销,,第1节-第2节,,10139
32.0,400070,英美诗歌(20091-10142-1),200911014219965,,1,,66,1-17周,0,杨金才,1-17周 周二 第1节-第2节 ,2.0,外国语学院,否,,周二,2009-2010-1,,200911014219965,2006外国语学院英语,0,鼓楼校区,2009-2010学年 第1学期,19965,馆II-304,,否,,,,,,0,英美诗歌,,第1节-第2节,,10142
32.0,400070,高级英汉翻译(20091-10143-1),200911014319944,,3,,53,1-17周,0,曹建新,1-17周 周五 第1节-第2节 ,2.0,外国语学院,否,,周五,2009-2010-1,,200911014319944,2007外国语学院英语,0,仙林校区,2009-2010学年 第1学期,19944,512,,否,,,,,,0,高级英汉翻译,,第1节-第2节,,10143
32.0,400070,高级英汉翻译(20091-10143-2),200911014320704,,3,,0,1-18周,0,柯平,1-18周 周五 第1节-第2节 ,2.0,外国语学院,否,,周五,2009-2010-1,,200911014320704,2007外国语学院英语,0,仙林校区,2009-2010学年 第1学期,20704,513,,否,,,,,,0,高级英汉翻译,,第1节-第2节,,10143
32.0,400070,英语语言学概论(20091-10145-1),200911014519943,,3,,53,1-17周,0,陈新仁,1-17周 周一 第3节-第4节 ,2.0,外国语学院,否,,周一,2009-2010-1,,200911014519943,2007外国语学院英语,0,仙林校区,2009-2010学年 第1学期,19943,523,,否,,,,,,0,英语语言学概论,,第3节-第4节,,10145
32.0,400070,美国文学(20091-10149-1),200911014919942,,3,,53,1-17周,0,江宁康,1-17周 周三 第5节-第6节 ,2.0,外国语学院,否,,周三,2009-2010-1,,200911014919942,2007外国语学院英语,0,仙林校区,2009-2010学年 第1学期,19942,502,,否,,,,,,0,美国文学,,第5节-第6节,,10149
32.0,400070,国际贸易实务(20091-10151-1),200911015119963,,1,,20,1-17周,0,常晨,1-17周 周五 第5节-第6节 ,2.0,外国语学院,否,,周五,2009-2010-1,,200911015119963,2006外国语学院英语,0,鼓楼校区,2009-2010学年 第1学期,19963,馆II-304,,否,,,,,,0,国际贸易实务,,第5节-第6节,,10151
32.0,400070,初级汉英翻译(20091-10171-1),200911017119941,,3,,54,1-18周,0,仇蓓玲,1-18周 周三 第1节-第2节 ,2.0,外国语学院,否,,周三,2009-2010-1,,200911017119941,2007外国语学院英语,0,仙林校区,2009-2010学年 第1学期,19941,515,,否,,,,,,0,初级汉英翻译,,第1节-第2节,,10171
32.0,400070,初级汉英翻译(20091-10171-2),200911017120705,,3,,0,1-18周,0,仇蓓玲,1-18周 周三 第3节-第4节 ,2.0,外国语学院,否,,周三,2009-2010-1,,200911017120705,2007外国语学院英语,0,仙林校区,2009-2010学年 第1学期,20705,515,,否,,,,,,0,初级汉英翻译,,第3节-第4节,,10171
32.0,400070,论文写作(20091-10173-1),200911017319954,,1,,66,"1-17周,1-17周",0,"王文宇,何成洲","1-17周 周二 第3节-第4节 ,1-17周 周四 第5节-第6节 ",2.0,外国语学院,否,,"周四,周二",2009-2010-1,,200911017319954,2006外国语学院英语,0,鼓楼校区,2009-2010学年 第1学期,19954,"馆II-304,馆II-304",,否,,,,,,0,论文写作,,"第5节-第6节,第3节-第4节",,10173
32.0,400070,英国社会与文化(20091-10178-1),200911017819932,,3,,68,1-17周,0,杨金才,1-17周 周三 第3节-第4节 ,2.0,外国语学院,否,,周三,2009-2010-1,,200911017819932,"2008外国语学院英语,2008外国语学院英语(国际商务方向)",0,仙林校区,2009-2010学年 第1学期,19932,523,,否,,,,,,0,英国社会与文化,,第3节-第4节,,10178
32.0,400070,英语测试(20091-10185-1),200911018519958,,1,,66,1-17周,0,周丹丹,1-17周 周三 第3节-第4节 ,2.0,外国语学院,否,,周三,2009-2010-1,,200911018519958,2006外国语学院英语,0,鼓楼校区,2009-2010学年 第1学期,19958,馆II-406,,否,,,,,,0,英语测试,,第3节-第4节,,10185
64.0,400070,二外日语(20091-10190-1),200911019019952,,3,,53,"1-17周,1-17周",0,"朱圆圆,日语研究生","1-17周 周四 第5节-第6节 ,1-17周 周二 第7节-第8节 ",4.0,外国语学院,否,,"周二,周四",2009-2010-1,,200911019019952,2007外国语学院英语,0,仙林校区,2009-2010学年 第1学期,19952,"504,515",,否,,,,,,0,二外日语,,"第7节-第8节,第5节-第6节",,10190
32.0,400070,英语学习策略(20091-10193-1),200911019319934,,3,,66,1-18周,0,徐昉,1-18周 周五 第1节-第2节 仙Ⅱ-507,2.0,外国语学院,否,,周五,2009-2010-1,,200911019319934,"2008外国语学院英语,2008外国语学院英语(国际商务方向)",0,仙林校区,2009-2010学年 第1学期,19934,仙Ⅱ-507,,否,,,,,,0,英语学习策略,12,第1节-第2节,仙II区,10193
32.0,400070,英语女性文学赏析(20091-10194-1),200911019419947,,3,,53,1-17周,0,姚媛,1-17周 周一 第5节-第6节 ,2.0,外国语学院,否,,周一,2009-2010-1,,200911019419947,2007外国语学院英语,0,仙林校区,2009-2010学年 第1学期,19947,511,,否,,,,,,0,英语女性文学赏析,,第5节-第6节,,10194
32.0,400070,后现代文学与文化(20091-10196-1),200911019619960,,1,,66,1-17周,0,江宁康,1-17周 周四 第1节-第2节 ,2.0,外国语学院,否,,周四,2009-2010-1,,200911019619960,2006外国语学院英语,0,鼓楼校区,2009-2010学年 第1学期,19960,馆II-402,,否,,,,,,0,后现代文学与文化,,第1节-第2节,,10196
32.0,400070,高级口译(20091-10197-1),200911019719961,,1,,66,1-17周,0,曹建新,1-17周 周一 第1节-第4节 ,2.0,外国语学院,否,,周一,2009-2010-1,,200911019719961,2006外国语学院英语,0,鼓楼校区,2009-2010学年 第1学期,19961,馆II-402,,否,,,,,,0,高级口译,,第1节-第4节,,10197
32.0,400070,文学作品与电影改编(20091-10198-1),200911019819964,,1,,25,1-17周,0,"张瑛,何宁",1-17周 周五 第3节-第4节 ,2.0,外国语学院,否,,周五,2009-2010-1,,200911019819964,2006外国语学院英语,0,鼓楼校区,2009-2010学年 第1学期,19964,馆II-304,,否,,,,,,0,文学作品与电影改编,,第3节-第4节,,10198
32.0,400070,商务案例(20091-10199-1),200911019919962,,1,,18,1-17周,0,王艳,1-17周 周四 第3节-第4节 ,2.0,外国语学院,否,,周四,2009-2010-1,,200911019919962,2006外国语学院英语,0,鼓楼校区,2009-2010学年 第1学期,19962,馆II-304,,否,,,,,,0,商务统计,,第3节-第4节,,10199
160.0,400070,基础俄语(20091-102010A-1),20091102010A20131,,3,,19,"1-17周,1-17周,1-17周,1-17周",0,"徐来娣,段丽君,赵杨","1-17周 周一 第1节-第4节 ,1-17周 周二 第3节-第4节 ,1-17周 周五 第1节-第4节 ,1-17周 周四 第1节-第4节 ",10.0,外国语学院,否,,"周一,周二,周四,周五",2009-2010-1,,20091102010A20131,2009外国语学院俄语,0,仙林校区,2009-2010学年 第1学期,20131,"510,511,526,526",,否,,,,,,0,基础俄语（一）,,"第1节-第4节,第3节-第4节,第1节-第4节,第1节-第4节",,102010A
128.0,400070,二年俄语（上）(20091-10202A-1),2009110202A19836,,3,,19,"1-18周,1-18周",0,"孙飞燕,徐来娣","1-18周 周二 第1节-第4节 ,1-18周 周五 第1节-第4节 ",8.0,外国语学院,否,,"周二,周五",2009-2010-1,,2009110202A19836,2008外国语学院俄语,0,仙林校区,2009-2010学年 第1学期,19836,"526,503",,否,,,,,,0,二年俄语（上）,,"第1节-第4节,第1节-第4节",,10202A
96.0,400070,三年俄语（上）(20091-10203A-1),2009110203A19844,,3,,17,"1-17周,1-18周",0,范洁清,"1-18周 周四 第1节-第2节 仙Ⅰ-112,1-17周 周二 第1节-第4节 ",6.0,外国语学院,否,,"周二,周四",2009-2010-1,,2009110203A19844,2007外国语学院俄语,0,仙林校区,2009-2010学年 第1学期,19844,"506,仙Ⅰ-112",,否,,,,,,0,三年俄语（上）,11,"第1节-第4节,第1节-第2节",仙I区,10203A
32.0,400070,二年口语（上）(20091-10205A-1),2009110205A19837,,3,,19,1-18周,0,伊琳娜·普里奥罗娃,1-18周 周一 第3节-第4节 仙Ⅰ-111,2.0,外国语学院,否,,周一,2009-2010-1,,2009110205A19837,2008外国语学院俄语,0,仙林校区,2009-2010学年 第1学期,19837,仙Ⅰ-111,,否,,,,,,0,二年口语（上）,11,第3节-第4节,仙I区,10205A
32.0,400070,二年视听说（上）(20091-10206A-1),2009110206A19840,,3,,19,1-18周,0,陈静(俄语),1-18周 周三 第3节-第4节 ,2.0,外国语学院,否,,周三,2009-2010-1,,2009110206A19840,2008外国语学院俄语,0,仙林校区,2009-2010学年 第1学期,19840,526,,否,,,,,,0,二年视听说（上）,,第3节-第4节,,10206A
16.0,400070,俄罗斯概况(20091-102090A-1),20091102090A20135,,3,,19,1-17周,0,"孙飞燕,余一中,张俊翔,徐来娣,王加兴,段丽君,范洁清,陈静(俄语)",1-17周 周四 第5节-第6节 ,1.0,外国语学院,否,,周四,2009-2010-1,,20091102090A20135,2009外国语学院俄语,0,仙林校区,2009-2010学年 第1学期,20135,502,,否,,,,,,0,俄罗斯概况（一）,,第5节-第6节,,102090A
32.0,400070,二年语法（上）(20091-10209A-1),2009110209A19838,,3,,19,1-18周,0,孙飞燕,1-18周 周四 第3节-第4节 仙Ⅰ-111,2.0,外国语学院,否,,周四,2009-2010-1,,2009110209A19838,2008外国语学院俄语,0,仙林校区,2009-2010学年 第1学期,19838,仙Ⅰ-111,,否,,,,,,0,二年语法（上）,11,第3节-第4节,仙I区,10209A
32.0,400070,二年阅读（上）(20091-10210A-1),2009110210A19839,,3,,19,1-18周,0,陈静(俄语),1-18周 周三 第1节-第2节 ,2.0,外国语学院,否,,周三,2009-2010-1,,2009110210A19839,2008外国语学院俄语,0,仙林校区,2009-2010学年 第1学期,19839,526,,否,,,,,,0,二年阅读（上）,,第1节-第2节,,10210A
32.0,400070,三年阅读（上）(20091-10212A-1),2009110212A19846,,3,,17,1-17周,0,赵丹,1-17周 周三 第3节-第4节 ,2.0,外国语学院,否,,周三,2009-2010-1,,2009110212A19846,2007外国语学院俄语,0,仙林校区,2009-2010学年 第1学期,19846,502,,否,,,,,,0,三年阅读（上）,,第3节-第4节,,10212A
32.0,400070,三年口语（上）(20091-10213A-1),2009110213A19848,,3,,17,1-17周,0,伊琳娜·普里奥罗娃,1-17周 周一 第1节-第2节 ,2.0,外国语学院,否,,周一,2009-2010-1,,2009110213A19848,2007外国语学院俄语,0,仙林校区,2009-2010学年 第1学期,19848,514,,否,,,,,,0,三年口语（上）,,第1节-第2节,,10213A
32.0,400070,三年视听说（上）(20091-10214A-1),2009110214A19847,,3,,17,1-17周,0,赵丹,1-17周 周三 第1节-第2节 ,2.0,外国语学院,否,,周三,2009-2010-1,,2009110214A19847,2007外国语学院俄语,0,仙林校区,2009-2010学年 第1学期,19847,502,,否,,,,,,0,三年视听说（上）,,第1节-第2节,,10214A
64.0,400070,四年俄语（上）(20091-10216A-1),2009110216A19971,,1,,20,"1-17周,1-17周",0,张俊翔,"1-17周 周四 第1节-第2节 ,1-17周 周二 第3节-第4节 ",4.0,外国语学院,否,,"周二,周四",2009-2010-1,,2009110216A19971,2006外国语学院俄语,0,鼓楼校区,2009-2010学年 第1学期,19971,"馆II-402,馆II-317",,否,,,,,,0,四年俄语（上）,,"第3节-第4节,第1节-第2节",,10216A
32.0,400070,四年口语（上）(20091-10217A-1),2009110217A19974,,1,,20,1-17周,0,伊琳娜·普里奥罗娃,1-17周 周三 第1节-第2节 ,2.0,外国语学院,否,,周三,2009-2010-1,,2009110217A19974,2006外国语学院俄语,0,鼓楼校区,2009-2010学年 第1学期,19974,馆II-402,,否,,,,,,0,四年口语（上）,,第1节-第2节,,10217A
32.0,400070,四年视听（上）(20091-10218A-1),2009110218A19976,,1,,20,1-17周,0,伊琳娜·普里奥罗娃,1-17周 周三 第3节-第4节 ,2.0,外国语学院,否,,周三,2009-2010-1,,2009110218A19976,2006外国语学院俄语,0,鼓楼校区,2009-2010学年 第1学期,19976,馆II-402,,否,,,,,,0,四年视听（上）,,第3节-第4节,,10218A
32.0,400070,翻译理论与实践(20091-10219-1),200911021919979,,1,,20,1-17周,0,张俊翔,1-17周 周四 第3节-第4节 ,2.0,外国语学院,否,,周四,2009-2010-1,,200911021919979,2006外国语学院俄语,0,鼓楼校区,2009-2010学年 第1学期,19979,馆II-402,,否,,,,,,0,翻译理论与实践,,第3节-第4节,,10219
32.0,400070,二十世纪俄罗斯文学史(20091-10222-1),200911022219980,,1,,20,1-17周,0,赵丹,1-17周 周一 第3节-第4节 ,2.0,外国语学院,否,,周一,2009-2010-1,,200911022219980,2006外国语学院俄语,0,鼓楼校区,2009-2010学年 第1学期,19980,馆II-412,,否,,,,,,0,二十世纪俄罗斯文学史,,第3节-第4节,,10222
,400070,四年报刊选读(20091-10224-1),200911022419978,,1,,20,1-17周,0,俄语外教,1-17周 周一 第5节-第6节 ,,外国语学院,否,,周一,2009-2010-1,,200911022419978,2006外国语学院俄语,0,鼓楼校区,2009-2010学年 第1学期,19978,馆II-412,,否,,,,,,0,,,第5节-第6节,,10224
32.0,400070,俄语修辞学(20091-10236-1),200911023619981,,1,,20,1-17周,0,王加兴,1-17周 周五 第3节-第4节 ,2.0,外国语学院,否,,周五,2009-2010-1,,200911023619981,2006外国语学院俄语,0,鼓楼校区,2009-2010学年 第1学期,19981,馆II-402,,否,,,,,,0,俄语实践修辞,,第3节-第4节,,10236
32.0,400070,俄语写作(20091-10238-1),200911023820215,,1,,20,1-17周,0,俄语外教,1-17周 周二 第5节-第6节 ,2.0,外国语学院,否,,周二,2009-2010-1,,200911023820215,2006外国语学院俄语,0,鼓楼校区,2009-2010学年 第1学期,20215,馆II-402,,否,,,,,,0,俄语写作,,第5节-第6节,,10238
,200090,硕士生英语-阅读(2),2009110284A00120621,,1,,0,"1-18周,1-18周",0,,"1-18周 周一 第1节-第2节 馆1-103,1-18周 周三 第3节-第4节 馆1-303",,研究生院,否,,"周一,周三",2009-2010-1,,2009110284A00120621,,0,鼓楼校区,2009-2010学年 第1学期,20621,"馆1-103,馆1-303",,否,,,,,,0,,8,"第1节-第2节,第3节-第4节",逸夫馆,10284A001
,200090,硕士生英语-阅读(3),2009110284A00120623,,1,,0,"1-18周,1-18周",0,,"1-18周 周三 第1节-第2节 馆1-303,1-18周 周一 第3节-第4节 馆1-103",,研究生院,否,,"周一,周三",2009-2010-1,,2009110284A00120623,,0,鼓楼校区,2009-2010学年 第1学期,20623,"馆1-103,馆1-303",,否,,,,,,0,,8,"第3节-第4节,第1节-第2节",逸夫馆,10284A001
,200090,硕士生英语-阅读(4),2009110284A00120625,,1,,0,"1-18周,1-18周",0,,"1-18周 周一 第5节-第6节 馆1-303,1-18周 周三 第5节-第6节 馆1-103",,研究生院,否,,"周一,周三",2009-2010-1,,2009110284A00120625,,0,鼓楼校区,2009-2010学年 第1学期,20625,"馆1-303,馆1-103",,否,,,,,,0,,8,"第5节-第6节,第5节-第6节",逸夫馆,10284A001
,200090,硕士生英语-综合(1),2009110284A00120627,,1,,0,"1-18周,1-18周",0,,"1-18周 周一 第1节-第2节 馆1-102,1-18周 周三 第3节-第4节 馆1-106",,研究生院,否,,"周一,周三",2009-2010-1,,2009110284A00120627,,0,鼓楼校区,2009-2010学年 第1学期,20627,"馆1-102,馆1-106",,否,,,,,,0,,8,"第1节-第2节,第3节-第4节",逸夫馆,10284A001
,200090,硕士生英语-综合(2),2009110284A00120629,,1,,0,"1-18周,1-18周",0,,"1-18周 周三 第1节-第2节 馆1-106,1-18周 周一 第3节-第4节 馆1-306",,研究生院,否,,"周一,周三",2009-2010-1,,2009110284A00120629,,0,鼓楼校区,2009-2010学年 第1学期,20629,"馆1-306,馆1-106",,否,,,,,,0,,8,"第3节-第4节,第1节-第2节",逸夫馆,10284A001
,200090,硕士生英语-综合(3),2009110284A00120631,,1,,0,"1-18周,1-18周",0,,"1-18周 周一 第5节-第6节 馆1-306,1-18周 周三 第5节-第6节 馆1-303",,研究生院,否,,"周一,周三",2009-2010-1,,2009110284A00120631,,0,鼓楼校区,2009-2010学年 第1学期,20631,"馆1-306,馆1-303",,否,,,,,,0,,8,"第5节-第6节,第5节-第6节",逸夫馆,10284A001
,200090,硕士生英语-综合(4),2009110284A00120633,,1,,0,"1-18周,1-18周",0,,"1-18周 周一 第1节-第2节 馆1-306,1-18周 周三 第1节-第2节 馆1-103",,研究生院,否,,"周一,周三",2009-2010-1,,2009110284A00120633,,0,鼓楼校区,2009-2010学年 第1学期,20633,"馆1-306,馆1-103",,否,,,,,,0,,8,"第1节-第2节,第1节-第2节",逸夫馆,10284A001
,200090,硕士生英语-听力(1),2009110284A00120635,,1,,0,"1-18周,1-18周",0,,"1-18周 周一 第1节-第2节 馆2-206,1-18周 周三 第3节-第4节 馆2-205",,研究生院,否,,"周三,周一",2009-2010-1,,2009110284A00120635,,0,鼓楼校区,2009-2010学年 第1学期,20635,"馆2-205,馆2-206",,否,,,,,,0,,8,"第3节-第4节,第1节-第2节",逸夫馆,10284A001
,200090,硕士生英语-听力(2),2009110284A00120637,,1,,0,"1-18周,1-18周",0,,"1-18周 周三 第1节-第2节 馆2-205,1-18周 周一 第3节-第4节 馆2-206",,研究生院,否,,"周一,周三",2009-2010-1,,2009110284A00120637,,0,鼓楼校区,2009-2010学年 第1学期,20637,"馆2-206,馆2-205",,否,,,,,,0,,8,"第3节-第4节,第1节-第2节",逸夫馆,10284A001
,200090,硕士生英语-听力(3),2009110284A00120639,,1,,0,"1-18周,1-18周",0,,"1-18周 周一 第1节-第2节 馆2-205,1-18周 周三 第3节-第4节 馆2-211",,研究生院,否,,"周一,周三",2009-2010-1,,2009110284A00120639,,0,鼓楼校区,2009-2010学年 第1学期,20639,"馆2-205,馆2-211",,否,,,,,,0,,8,"第1节-第2节,第3节-第4节",逸夫馆,10284A001
,200090,硕士生英语-听力(4),2009110284A00120641,,1,,0,"1-18周,1-18周",0,,"1-18周 周三 第1节-第2节 馆2-211,1-18周 周一 第3节-第4节 馆2-205",,研究生院,否,,"周一,周三",2009-2010-1,,2009110284A00120641,,0,鼓楼校区,2009-2010学年 第1学期,20641,"馆2-205,馆2-211",,否,,,,,,0,,8,"第3节-第4节,第1节-第2节",逸夫馆,10284A001
,200090,硕士生英语-口语(1),2009110284A00120643,,1,,0,"1-18周,1-18周",0,,"1-18周 周一 第1节-第2节 馆2-103,1-18周 周三 第3节-第4节 馆2-105",,研究生院,否,,"周一,周三",2009-2010-1,,2009110284A00120643,,0,鼓楼校区,2009-2010学年 第1学期,20643,"馆2-103,馆2-105",,否,,,,,,0,,8,"第1节-第2节,第3节-第4节",逸夫馆,10284A001
,200090,硕士生英语-口语(2),2009110284A00120645,,1,,0,"1-18周,1-18周",0,,"1-18周 周三 第1节-第2节 馆2-206,1-18周 周一 第3节-第4节 馆2-103",,研究生院,否,,"周一,周三",2009-2010-1,,2009110284A00120645,,0,鼓楼校区,2009-2010学年 第1学期,20645,"馆2-103,馆2-206",,否,,,,,,0,,8,"第3节-第4节,第1节-第2节",逸夫馆,10284A001
,200090,硕士生英语-口语(3),2009110284A00120647,,1,,0,"1-18周,1-18周",0,,"1-18周 周一 第3节-第4节 馆2-105,1-18周 周三 第5节-第6节 馆2-105",,研究生院,否,,"周一,周三",2009-2010-1,,2009110284A00120647,,0,鼓楼校区,2009-2010学年 第1学期,20647,"馆2-105,馆2-105",,否,,,,,,0,,8,"第3节-第4节,第5节-第6节",逸夫馆,10284A001
,200090,硕士生英语-阅读(1),2009110284A00120674,,1,,0,"1-18周,1-18周",0,,"1-18周 周一 第3节-第4节 馆1-102,1-18周 周三 第3节-第4节 馆1-103",,研究生院,否,,"周三,周一",2009-2010-1,,2009110284A00120674,,0,鼓楼校区,2009-2010学年 第1学期,20674,"馆1-103,馆1-102",,否,,,,,,0,,8,"第3节-第4节,第3节-第4节",逸夫馆,10284A001
,200090,硕士生英语-口语(4),2009110284A00120675,,1,,0,"1-18周,1-18周",0,,"1-18周 周三 第3节-第4节 馆2-103,1-18周 周一 第5节-第6节 馆2-103",,研究生院,否,,"周三,周一",2009-2010-1,,2009110284A00120675,,0,鼓楼校区,2009-2010学年 第1学期,20675,"馆2-103,馆2-103",,否,,,,,,0,,8,"第3节-第4节,第5节-第6节",逸夫馆,10284A001
,200090,外语,2009110284A00121198,,1,,0,1-18周,0,,1-18周 周三 第5节-第8节 馆3-204,,研究生院,否,,周三,2009-2010-1,,2009110284A00121198,,0,鼓楼校区,2009-2010学年 第1学期,21198,馆3-204,,否,,,,,,0,,8,第5节-第8节,逸夫馆,10284A001
,200090,科学社会主义理论与实践（1）,2009110284A00220600,,1,,0,1-18周,0,,1-18周 周四 第5节-第6节 教120,,研究生院,否,,周四,2009-2010-1,,2009110284A00220600,,0,鼓楼校区,2009-2010学年 第1学期,20600,教120,,否,,,,,,0,,1,第5节-第6节,教学楼,10284A002
,200090,科学社会主义理论与实践（2）,2009110284A00220601,,1,,0,1-18周,0,,1-18周 周二 第5节-第6节 教102,,研究生院,否,,周二,2009-2010-1,,2009110284A00220601,,0,鼓楼校区,2009-2010学年 第1学期,20601,教102,,否,,,,,,0,,1,第5节-第6节,教学楼,10284A002
,200090,科学社会主义理论与实践（3）,2009110284A00220602,,1,,0,1-18周,0,,1-18周 周二 第3节-第4节 教102,,研究生院,否,,周二,2009-2010-1,,2009110284A00220602,,0,鼓楼校区,2009-2010学年 第1学期,20602,教102,,否,,,,,,0,,1,第3节-第4节,教学楼,10284A002
,200090,科学社会主义理论与实践（4）,2009110284A00220603,,1,,0,1-18周,0,,1-18周 周二 第5节-第6节 教201,,研究生院,否,,周二,2009-2010-1,,2009110284A00220603,,0,鼓楼校区,2009-2010学年 第1学期,20603,教201,,否,,,,,,0,,1,第5节-第6节,教学楼,10284A002
,200090,科学社会主义理论与实践（5）,2009110284A00220604,,1,,0,1-18周,0,,1-18周 周二 第5节-第6节 教121,,研究生院,否,,周二,2009-2010-1,,2009110284A00220604,,0,鼓楼校区,2009-2010学年 第1学期,20604,教121,,否,,,,,,0,,1,第5节-第6节,教学楼,10284A002
,200090,科学社会主义理论与实践（6）,2009110284A00220605,,1,,0,1-18周,0,,1-18周 周二 第5节-第6节 馆3-201,,研究生院,否,,周二,2009-2010-1,,2009110284A00220605,,0,鼓楼校区,2009-2010学年 第1学期,20605,馆3-201,,否,,,,,,0,,8,第5节-第6节,逸夫馆,10284A002
,200090,科学社会主义理论与实践（7）,2009110284A00220606,,1,,0,1-18周,0,,1-18周 周一 第5节-第6节 教222,,研究生院,否,,周一,2009-2010-1,,2009110284A00220606,,0,鼓楼校区,2009-2010学年 第1学期,20606,教222,,否,,,,,,0,,1,第5节-第6节,教学楼,10284A002
,200090,科学社会主义理论与实践（8）,2009110284A00220607,,1,,0,1-18周,0,,1-18周 周二 第5节-第6节 教202,,研究生院,否,,周二,2009-2010-1,,2009110284A00220607,,0,鼓楼校区,2009-2010学年 第1学期,20607,教202,,否,,,,,,0,,1,第5节-第6节,教学楼,10284A002
,200090,科学社会主义理论与实践（9）,2009110284A00220608,,1,,0,1-18周,0,,1-18周 周四 第5节-第6节 馆3-103,,研究生院,否,,周四,2009-2010-1,,2009110284A00220608,,0,鼓楼校区,2009-2010学年 第1学期,20608,馆3-103,,否,,,,,,0,,8,第5节-第6节,逸夫馆,10284A002
,200090,科学社会主义理论与实践（10）,2009110284A00220609,,1,,0,1-18周,0,,1-18周 周四 第3节-第4节 馆3-103,,研究生院,否,,周四,2009-2010-1,,2009110284A00220609,,0,鼓楼校区,2009-2010学年 第1学期,20609,馆3-103,,否,,,,,,0,,8,第3节-第4节,逸夫馆,10284A002
,200090,科学社会主义理论与实践（11）,2009110284A00220610,,1,,0,1-18周,0,,1-18周 周四 第5节-第6节 教222,,研究生院,否,,周四,2009-2010-1,,2009110284A00220610,,0,鼓楼校区,2009-2010学年 第1学期,20610,教222,,否,,,,,,0,,1,第5节-第6节,教学楼,10284A002
,200090,科学社会主义理论与实践（12）,2009110284A00220611,,1,,0,1-18周,0,,1-18周 周四 第5节-第6节 教102,,研究生院,否,,周四,2009-2010-1,,2009110284A00220611,,0,鼓楼校区,2009-2010学年 第1学期,20611,教102,,否,,,,,,0,,1,第5节-第6节,教学楼,10284A002
,200090,科学社会主义理论与实践（13）,2009110284A00220612,,1,,0,1-18周,0,,1-18周 周二 第5节-第6节 馆3-203,,研究生院,否,,周二,2009-2010-1,,2009110284A00220612,,0,鼓楼校区,2009-2010学年 第1学期,20612,馆3-203,,否,,,,,,0,,8,第5节-第6节,逸夫馆,10284A002
,200090,科学社会主义理论与实践（14）,2009110284A00220613,,1,,0,1-18周,0,,1-18周 周二 第5节-第6节 馆3-103,,研究生院,否,,周二,2009-2010-1,,2009110284A00220613,,0,鼓楼校区,2009-2010学年 第1学期,20613,馆3-103,,否,,,,,,0,,8,第5节-第6节,逸夫馆,10284A002
,200090,邓小平理论,2009110284A00221199,,1,,0,1-18周,0,,1-18周 周四 第5节-第6节 馆1-105,,研究生院,否,,周四,2009-2010-1,,2009110284A00221199,,0,鼓楼校区,2009-2010学年 第1学期,21199,馆1-105,,否,,,,,,0,,8,第5节-第6节,逸夫馆,10284A002
,200090,一外俄语,2009110284A00820650,,1,,0,"1-18周,1-18周",0,,"1-18周 周一 第1节-第2节 教302,1-18周 周四 第1节-第2节 教302",,研究生院,否,,"周一,周四",2009-2010-1,,2009110284A00820650,,0,鼓楼校区,2009-2010学年 第1学期,20650,"教302,教302",,否,,,,,,0,,1,"第1节-第2节,第1节-第2节",教学楼,10284A008
,200090,一外日语,2009110284A00921224,,1,,0,"1-18周,5-18周",0,,"1-18周 周一 第3节-第4节 教115,5-18周 周三 第5节-第6节 教407",,研究生院,否,,"周一,周三",2009-2010-1,,2009110284A00921224,,0,鼓楼校区,2009-2010学年 第1学期,21224,"教115,教407",,否,,,,,,0,,1,"第3节-第4节,第5节-第6节",教学楼,10284A009
,200090,二外日语（1）,2009110284D00121214,,1,,0,"1-18周,1-18周",0,,"1-18周 周一 第7节-第8节 教203,1-18周 周三 第7节-第8节 教203",,研究生院,否,,"周一,周三",2009-2010-1,,2009110284D00121214,,0,鼓楼校区,2009-2010学年 第1学期,21214,"教203,教203",,否,,,,,,0,,1,"第7节-第8节,第7节-第8节",教学楼,10284D001
,200090,二外日语（2）,2009110284D00121216,,1,,0,"1-18周,1-18周",0,,"1-18周 周一 第7节-第8节 教205,1-18周 周三 第7节-第8节 教205",,研究生院,否,,"周一,周三",2009-2010-1,,2009110284D00121216,,0,鼓楼校区,2009-2010学年 第1学期,21216,"教205,教205",,否,,,,,,0,,1,"第7节-第8节,第7节-第8节",教学楼,10284D001
,200090,二外德语,2009110284D00321218,,1,,0,"1-18周,1-18周",0,,"1-18周 周二 第7节-第8节 教202,1-18周 周四 第7节-第8节 教202",,研究生院,否,,"周二,周四",2009-2010-1,,2009110284D00321218,,0,鼓楼校区,2009-2010学年 第1学期,21218,"教202,教202",,否,,,,,,0,,1,"第7节-第8节,第7节-第8节",教学楼,10284D003
,200090,二外法语,2009110284D00421220,,1,,0,"1-18周,1-18周",0,,"1-18周 周三 第7节-第8节 教213,1-18周 周四 第7节-第8节 教213",,研究生院,否,,"周三,周四",2009-2010-1,,2009110284D00421220,,0,鼓楼校区,2009-2010学年 第1学期,21220,"教213,教213",,否,,,,,,0,,1,"第7节-第8节,第7节-第8节",教学楼,10284D004
,200090,光散射,2009110284D01420619,,1,,0,1-18周,0,,1-18周 周三 第5节-第6节 教307,,研究生院,否,,周三,2009-2010-1,,2009110284D01420619,,0,鼓楼校区,2009-2010学年 第1学期,20619,教307,,否,,,,,,0,,1,第5节-第6节,教学楼,10284D014
,200090,二外俄语,2009110284D01520652,,1,,0,"1-18周,1-18周",0,,"1-18周 周二 第5节-第6节 ,1-18周 周五 第5节-第6节 教307",,研究生院,否,,"周二,周五",2009-2010-1,,2009110284D01520652,,0,鼓楼校区,2009-2010学年 第1学期,20652,"无,教307",,否,,,,,,0,,1,"第5节-第6节,第5节-第6节",教学楼,10284D015
,200090,二外俄语,2009110284D01521222,,1,,0,"1-18周,1-18周",0,,"1-18周 周二 第5节-第6节 教307,1-18周 周五 第5节-第6节 ",,研究生院,否,,"周二,周五",2009-2010-1,,2009110284D01521222,,0,鼓楼校区,2009-2010学年 第1学期,21222,"教307,无",,否,,,,,,0,,1,"第5节-第6节,第5节-第6节",教学楼,10284D015
,200090,研究生心理健康,2009110284D07020618,,1,,0,1-18周,0,,1-18周 周三 第9节-第11节 馆3-101,,研究生院,否,,周三,2009-2010-1,,2009110284D07020618,,0,鼓楼校区,2009-2010学年 第1学期,20618,馆3-101,,否,,,,,,0,,8,第9节-第11节,逸夫馆,10284D070
,200090,马克思主义与当代西方社会思潮（1）,2009110284X00120616,,1,,0,1-18周,0,,1-18周 周二 第5节-第6节 教120,,研究生院,否,,周二,2009-2010-1,,2009110284X00120616,,0,鼓楼校区,2009-2010学年 第1学期,20616,教120,,否,,,,,,0,,1,第5节-第6节,教学楼,10284X001
,200090,马克思主义与当代西方社会思潮（2）,2009110284X00120617,,1,,0,1-18周,0,,1-18周 周二 第5节-第6节 馆3-101,,研究生院,否,,周二,2009-2010-1,,2009110284X00120617,,0,鼓楼校区,2009-2010学年 第1学期,20617,馆3-101,,否,,,,,,0,,8,第5节-第6节,逸夫馆,10284X001
,200090,现代科学技术革命与马克思主义（1）,2009110284X00220614,,1,,0,1-18周,0,,1-18周 周四 第5节-第6节 教202,,研究生院,否,,周四,2009-2010-1,,2009110284X00220614,,0,鼓楼校区,2009-2010学年 第1学期,20614,教202,,否,,,,,,0,,1,第5节-第6节,教学楼,10284X002
,200090,现代科学技术革命与马克思主义（3）,2009110284X00220615,,1,,0,1-18周,0,,1-18周 周四 第5节-第6节 馆3-203,,研究生院,否,,周四,2009-2010-1,,2009110284X00220615,,0,鼓楼校区,2009-2010学年 第1学期,20615,馆3-203,,否,,,,,,0,,8,第5节-第6节,逸夫馆,10284X002
,200090,现代科学技术革命与马克思主义（2）,2009110284X00220673,,1,,0,1-18周,0,,1-18周 周四 第5节-第6节 馆3-201,,研究生院,否,,周四,2009-2010-1,,2009110284X00220673,,0,鼓楼校区,2009-2010学年 第1学期,20673,馆3-201,,否,,,,,,0,,8,第5节-第6节,逸夫馆,10284X002
,200090,博士生学术交流英语（1）,2009110284X00320654,,1,,0,1-18周,0,,1-18周 周一 第1节-第2节 教222,,研究生院,否,,周一,2009-2010-1,,2009110284X00320654,,0,鼓楼校区,2009-2010学年 第1学期,20654,教222,,否,,,,,,0,,1,第1节-第2节,教学楼,10284X003
,200090,博士生学术交流英语（2）,2009110284X00320655,,1,,0,1-18周,0,,1-18周 周四 第1节-第2节 馆3-101,,研究生院,否,,周四,2009-2010-1,,2009110284X00320655,,0,鼓楼校区,2009-2010学年 第1学期,20655,馆3-101,,否,,,,,,0,,8,第1节-第2节,逸夫馆,10284X003
,200090,博士生学术交流英语（3）,2009110284X00320656,,1,,0,1-18周,0,,1-18周 周四 第7节-第8节 教222,,研究生院,否,,周四,2009-2010-1,,2009110284X00320656,,0,鼓楼校区,2009-2010学年 第1学期,20656,教222,,否,,,,,,0,,1,第7节-第8节,教学楼,10284X003
,200090,博士生英语听力（1）,2009110284X00320657,,1,,0,1-18周,0,,1-18周 周四 第1节-第2节 馆1-307,,研究生院,否,,周四,2009-2010-1,,2009110284X00320657,,0,鼓楼校区,2009-2010学年 第1学期,20657,馆1-307,,否,,,,,,0,,8,第1节-第2节,逸夫馆,10284X003
,200090,博士生英语听力（2）,2009110284X00320658,,1,,0,7-18周,0,,7-18周 周四 第3节-第4节 馆3-201,,研究生院,否,,周四,2009-2010-1,,2009110284X00320658,,0,鼓楼校区,2009-2010学年 第1学期,20658,馆3-201,,否,,,,,,0,,8,第3节-第4节,逸夫馆,10284X003
,200090,博士生英语听力（3）,2009110284X00320659,,1,,0,1-18周,0,,1-18周 周二 第5节-第6节 馆1-307,,研究生院,否,,周二,2009-2010-1,,2009110284X00320659,,0,鼓楼校区,2009-2010学年 第1学期,20659,馆1-307,,否,,,,,,0,,8,第5节-第6节,逸夫馆,10284X003
,200090,博士生英语听力（4）,2009110284X00320660,,1,,0,1-18周,0,,1-18周 周二 第7节-第8节 馆1-307,,研究生院,否,,周二,2009-2010-1,,2009110284X00320660,,0,鼓楼校区,2009-2010学年 第1学期,20660,馆1-307,,否,,,,,,0,,8,第7节-第8节,逸夫馆,10284X003
,200090,博士生英语口语（1）,2009110284X00320661,,1,,0,1-18周,0,,1-18周 周二 第3节-第4节 馆1-302,,研究生院,否,,周二,2009-2010-1,,2009110284X00320661,,0,鼓楼校区,2009-2010学年 第1学期,20661,馆1-302,,否,,,,,,0,,8,第3节-第4节,逸夫馆,10284X003
,200090,博士生英语口语（2）,2009110284X00320662,,1,,0,1-18周,0,,1-18周 周二 第5节-第6节 馆1-302,,研究生院,否,,周二,2009-2010-1,,2009110284X00320662,,0,鼓楼校区,2009-2010学年 第1学期,20662,馆1-302,,否,,,,,,0,,8,第5节-第6节,逸夫馆,10284X003
,200090,博士生英语口语（3）,2009110284X00320663,,1,,0,1-18周,0,,1-18周 周二 第1节-第2节 馆1-302,,研究生院,否,,周二,2009-2010-1,,2009110284X00320663,,0,鼓楼校区,2009-2010学年 第1学期,20663,馆1-302,,否,,,,,,0,,8,第1节-第2节,逸夫馆,10284X003
,200090,博士生英语口语（4）,2009110284X00320664,,1,,0,1-18周,0,,1-18周 周二 第3节-第4节 馆2-103,,研究生院,否,,周二,2009-2010-1,,2009110284X00320664,,0,鼓楼校区,2009-2010学年 第1学期,20664,馆2-103,,否,,,,,,0,,8,第3节-第4节,逸夫馆,10284X003
,200090,博士生英语口语（5）,2009110284X00320665,,1,,0,1-18周,0,,1-18周 周一 第3节-第4节 ,,研究生院,否,,周一,2009-2010-1,,2009110284X00320665,,0,鼓楼校区,2009-2010学年 第1学期,20665,专用或实验教室,,否,,,,,,0,,,第3节-第4节,,10284X003
,200090,博士生英语口语（6）,2009110284X00320666,,1,,0,5-18周,0,,5-18周 周三 第3节-第4节 馆2-203,,研究生院,否,,周三,2009-2010-1,,2009110284X00320666,,0,鼓楼校区,2009-2010学年 第1学期,20666,馆2-203,,否,,,,,,0,,8,第3节-第4节,逸夫馆,10284X003
,200090,博士生英语口语（7）,2009110284X00320667,,1,,0,1-18周,0,,1-18周 周二 第1节-第2节 馆2-103,,研究生院,否,,周二,2009-2010-1,,2009110284X00320667,,0,鼓楼校区,2009-2010学年 第1学期,20667,馆2-103,,否,,,,,,0,,8,第1节-第2节,逸夫馆,10284X003
,200090,博士生英语口语（8）,2009110284X00320668,,1,,0,1-18周,0,,1-18周 周一 第3节-第4节 教114,,研究生院,否,,周一,2009-2010-1,,2009110284X00320668,,0,鼓楼校区,2009-2010学年 第1学期,20668,教114,,否,,,,,,0,,1,第3节-第4节,教学楼,10284X003
,200090,博士生英语口语（9）,2009110284X00320669,,1,,0,1-18周,0,,1-18周 周一 第5节-第6节 教113,,研究生院,否,,周一,2009-2010-1,,2009110284X00320669,,0,鼓楼校区,2009-2010学年 第1学期,20669,教113,,否,,,,,,0,,1,第5节-第6节,教学楼,10284X003
,200090,博士生英语口语（10）,2009110284X00320670,,1,,0,1-18周,0,,1-18周 周三 第3节-第4节 教116,,研究生院,否,,周三,2009-2010-1,,2009110284X00320670,,0,鼓楼校区,2009-2010学年 第1学期,20670,教116,,否,,,,,,0,,1,第3节-第4节,教学楼,10284X003
,200090,博士生英语口语（11）,2009110284X00320671,,1,,0,1-18周,0,,1-18周 周三 第5节-第6节 教111,,研究生院,否,,周三,2009-2010-1,,2009110284X00320671,,0,鼓楼校区,2009-2010学年 第1学期,20671,教111,,否,,,,,,0,,1,第5节-第6节,教学楼,10284X003
,200090,博士生英语口语（12）,2009110284X00320672,,1,,0,1-18周,0,,1-18周 周四 第3节-第4节 馆2-103,,研究生院,否,,周四,2009-2010-1,,2009110284X00320672,,0,鼓楼校区,2009-2010学年 第1学期,20672,馆2-103,,否,,,,,,0,,8,第3节-第4节,逸夫馆,10284X003
144.0,400070,日语精读(20091-103010A-1),20091103010A20127,,3,,21,"1-17周,1-17周,1-18周",0,"何慈毅,吕斌","1-18周 周四 第1节-第4节 仙Ⅱ-519,1-17周 周二 第3节-第4节 ,1-17周 周一 第1节-第4节 ",9.0,外国语学院,否,,"周一,周二,周四",2009-2010-1,,20091103010A20127,2009外国语学院日语,0,仙林校区,2009-2010学年 第1学期,20127,"506,512,仙Ⅱ-519",,否,,,,,,0,日语精读（一）,12,"第1节-第4节,第3节-第4节,第1节-第4节",仙II区,103010A
160.0,400070,二年日语（上）(20091-10302A-1),2009110302A19849,,3,,25,"1-18周,1-18周,1-18周",0,"李斌,朱圆圆","1-18周 周一 第1节-第4节 仙Ⅰ-112,1-18周 周二 第5节-第6节 ,1-18周 周四 第1节-第4节 ",10.0,外国语学院,否,,"周一,周二,周四",2009-2010-1,,2009110302A19849,2008外国语学院日语,0,仙林校区,2009-2010学年 第1学期,19849,"仙Ⅰ-112,506,506",,否,,,,,,0,二年日语（上）,11,"第1节-第4节,第5节-第6节,第1节-第4节",仙I区,10302A
128.0,400070,三年日语（上）(20091-10303A-1),2009110303A19853,,3,,26,"1-17周,1-17周",0,"日语外教B,叶琳","1-17周 周一 第1节-第4节 ,1-17周 周三 第1节-第4节 ",8.0,外国语学院,否,,"周一,周三",2009-2010-1,,2009110303A19853,2007外国语学院日语,0,仙林校区,2009-2010学年 第1学期,19853,"507,503",,否,,,,,,0,三年日语（上）,,"第1节-第4节,第1节-第4节",,10303A
32.0,400070,二年会话（上）(20091-10307A-1),2009110307A19850,,3,,25,"1-17周,1-17周",0,"汪丽影,雷国山","1-17周 周三 第1节-第4节 ,1-17周 周五 第1节-第4节 ",2.0,外国语学院,否,,"周三,周五",2009-2010-1,,2009110307A19850,2008外国语学院日语,0,仙林校区,2009-2010学年 第1学期,19850,"505,514",,否,,,,,,0,二年会话（上）,,"第1节-第4节,第1节-第4节",,10307A
32.0,400070,二年听说（上）(20091-10308A-1),2009110308A19851,,3,,25,1-17周,0,"沈琳,王奕红",1-17周 周二 第1节-第4节 ,2.0,外国语学院,否,,周二,2009-2010-1,,2009110308A19851,2008外国语学院日语,0,仙林校区,2009-2010学年 第1学期,19851,527,,否,,,,,,0,二年听说（上）,,第1节-第4节,,10308A
32.0,400070,二年写作（上）(20091-10309A-1),2009110309A19852,,3,,25,1-17周,0,森福卓美,1-17周 周三 第5节-第6节 ,2.0,外国语学院,否,,周三,2009-2010-1,,2009110309A19852,2008外国语学院日语,0,仙林校区,2009-2010学年 第1学期,19852,504,,否,,,,,,0,二年写作（上）,,第5节-第6节,,10309A
32.0,400070,日本概况（上）(20091-10311A-1),2009110311A19858,,3,,26,1-17周,0,雷国山,1-17周 周二 第1节-第2节 ,2.0,外国语学院,否,,周二,2009-2010-1,,2009110311A19858,2007外国语学院日语,0,仙林校区,2009-2010学年 第1学期,19858,508,,否,,,,,,0,日本概况（上）,,第1节-第2节,,10311A
32.0,400070,日本文学史（上）(20091-10312A-1),2009110312A19854,,3,,26,1-17周,0,日语外教B,1-17周 周四 第1节-第2节 ,2.0,外国语学院,否,,周四,2009-2010-1,,2009110312A19854,2007外国语学院日语,0,仙林校区,2009-2010学年 第1学期,19854,515,,否,,,,,,0,日本文学史（上）,,第1节-第2节,,10312A
32.0,400070,写作（上）(20091-10313A-1),2009110313A19855,,3,,26,1-17周,0,森福卓美,1-17周 周三 第7节-第8节 ,2.0,外国语学院,否,,周三,2009-2010-1,,2009110313A19855,2007外国语学院日语,0,仙林校区,2009-2010学年 第1学期,19855,504,,否,,,,,,0,写作（上）,,第7节-第8节,,10313A
32.0,400070,语法（上）(20091-10315A-1),2009110315A19856,,3,,26,1-17周,0,汪丽影,1-17周 周二 第3节-第4节 ,2.0,外国语学院,否,,周二,2009-2010-1,,2009110315A19856,2007外国语学院日语,0,仙林校区,2009-2010学年 第1学期,19856,505,,否,,,,,,0,语法（上）,,第3节-第4节,,10315A
32.0,400070,高级听解（上）(20091-10316A-1),2009110316A19857,,3,,26,1-17周,0,李斌,1-17周 周五 第3节-第4节 ,2.0,外国语学院,否,,周五,2009-2010-1,,2009110316A19857,2007外国语学院日语,0,仙林校区,2009-2010学年 第1学期,19857,502,,否,,,,,,0,高级听解（上）,,第3节-第4节,,10316A
64.0,400070,四年日语（上）(20091-10317A-1),2009110317A19984,,1,,28,"1-17周,1-17周",0,王奕红,"1-17周 周一 第3节-第4节 ,1-17周 周四 第3节-第4节 ",4.0,外国语学院,否,,"周一,周四",2009-2010-1,,2009110317A19984,2006外国语学院日语,0,鼓楼校区,2009-2010学年 第1学期,19984,"馆II-315,馆II-317",,否,,,,,,0,四年日语（上）,,"第3节-第4节,第3节-第4节",,10317A
32.0,400070,口译（上）(20091-10318A-1),2009110318A19859,,3,,26,1-18周,0,赵仲明,1-18周 周四 第3节-第4节 仙Ⅰ-112,2.0,外国语学院,否,,周四,2009-2010-1,,2009110318A19859,2007外国语学院日语,0,仙林校区,2009-2010学年 第1学期,19859,仙Ⅰ-112,,否,,,,,,0,高级口译（上）,11,第3节-第4节,仙I区,10318A
32.0,400070,文学翻译（上）(20091-10319A-1),2009110319A19994,,1,,28,1-17周,0,汪平,1-17周 周二 第3节-第4节 ,2.0,外国语学院,否,,周二,2009-2010-1,,2009110319A19994,2006外国语学院日语,0,鼓楼校区,2009-2010学年 第1学期,19994,馆II-311,,否,,,,,,0,文学翻译（上）,,第3节-第4节,,10319A
32.0,400070,高级视听（上）(20091-10320A-1),2009110320A19988,,1,,28,1-17周,0,彭曦,1-17周 周三 第1节-第2节 ,2.0,外国语学院,否,,周三,2009-2010-1,,2009110320A19988,2006外国语学院日语,0,鼓楼校区,2009-2010学年 第1学期,19988,馆II-317,,否,,,,,,0,高级视听（上）,,第1节-第2节,,10320A
32.0,400070,日本文化史（上）(20091-10321A-1),2009110321A19991,,1,,28,1-17周,0,彭曦,1-17周 周三 第3节-第4节 ,2.0,外国语学院,否,,周三,2009-2010-1,,2009110321A19991,2006外国语学院日语,0,鼓楼校区,2009-2010学年 第1学期,19991,馆II-317,,否,,,,,,0,日本文化史（上）,,第3节-第4节,,10321A
32.0,400070,日本时事（上）(20091-10324A-1),2009110324A19997,,1,,28,1-17周,0,森福卓美,1-17周 周五 第3节-第4节 ,2.0,外国语学院,否,,周五,2009-2010-1,,2009110324A19997,2006外国语学院日语,0,鼓楼校区,2009-2010学年 第1学期,19997,馆II-317,,否,,,,,,0,日本时事（上）,,第3节-第4节,,10324A
32.0,400070,古典语法(20091-10325-1),200911032519995,,1,,28,1-17周,0,日语外教B,1-17周 周五 第1节-第2节 ,2.0,外国语学院,否,,周五,2009-2010-1,,200911032519995,2006外国语学院日语,0,鼓楼校区,2009-2010学年 第1学期,19995,馆II-317,,否,,,,,,0,古典语法,,第1节-第2节,,10325
32.0,400070,同声传译(20091-10336-1),200911033619986,,1,,28,1-17周,0,赵仲明,1-17周 周二 第1节-第2节 ,2.0,外国语学院,否,,周二,2009-2010-1,,200911033619986,2006外国语学院日语,0,鼓楼校区,2009-2010学年 第1学期,19986,馆II-317,,否,,,,,,0,同声传译,,第1节-第2节,,10336
144.0,400070,初级法语(20091-104010A-1),20091104010A20123,,3,,26,"1-17周,1-17周,1-17周",0,"王晶,曹丹红","1-17周 周一 第1节-第4节 ,1-17周 周五 第1节-第4节 ,1-17周 周四 第1节-第4节 ",9.0,外国语学院,否,,"周一,周四,周五",2009-2010-1,,20091104010A20123,2009外国语学院法语,0,仙林校区,2009-2010学年 第1学期,20123,"508,527,508",,否,,,,,,0,初级法语（一）,,"第1节-第4节,第1节-第4节,第1节-第4节",,104010A
16.0,400070,初级视听(20091-104020A-1),20091104020A20126,,3,,26,1-17周,0,周越,1-17周 周三 第3节-第4节 ,1.0,外国语学院,否,,周三,2009-2010-1,,20091104020A20126,2009外国语学院法语,0,仙林校区,2009-2010学年 第1学期,20126,514,,否,,,,,,0,初级视听（一）,,第3节-第4节,,104020A
160.0,400070,二年法语（上）(20091-10402A-1),2009110402A19860,,3,,26,"1-18周,1-18周,1-18周",0,"黄荭,高方","1-18周 周一 第1节-第4节 ,1-18周 周二 第3节-第4节 仙Ⅰ-111,1-18周 周四 第1节-第4节 ",10.0,外国语学院,否,,"周一,周二,周四",2009-2010-1,,2009110402A19860,2008外国语学院法语,0,仙林校区,2009-2010学年 第1学期,19860,"527,仙Ⅰ-111,514",,否,,,,,,0,二年法语（上）,11,"第1节-第4节,第3节-第4节,第1节-第4节",仙I区,10402A
96.0,400070,三年法语（上）(20091-10403A-1),2009110403A19870,,3,,26,"1-17周,1-17周",0,"黄小彦,刘云虹","1-17周 周一 第1节-第4节 ,1-17周 周三 第4节-第5节 ",6.0,外国语学院,否,,"周一,周三",2009-2010-1,,2009110403A19870,2007外国语学院法语,0,仙林校区,2009-2010学年 第1学期,19870,"509,506",,否,,,,,,0,三年法语（上）,,"第1节-第4节,第4节-第5节",,10403A
32.0,400070,二年视听(20091-10406A-1),2009110406A19864,,3,,26,1-17周,0,周越,1-17周 周三 第1节-第2节 ,2.0,外国语学院,否,,周三,2009-2010-1,,2009110406A19864,2008外国语学院法语,0,仙林校区,2009-2010学年 第1学期,19864,514,,否,,,,,,0,二年视听,,第1节-第2节,,10406A
32.0,400070,二年口语（上）(20091-10407A-1),2009110407A19861,,3,,26,1-17周,0,Aleksi Lectez,1-17周 周二 第1节-第2节 ,2.0,外国语学院,否,,周二,2009-2010-1,,2009110407A19861,2008外国语学院法语,0,仙林校区,2009-2010学年 第1学期,19861,514,,否,,,,,,0,二年口语（上）,,第1节-第2节,,10407A
32.0,400070,二年阅读（上）(20091-10408A-1),2009110408A19862,,3,,26,1-17周,0,黄小彦,1-17周 周三 第5节-第6节 ,2.0,外国语学院,否,,周三,2009-2010-1,,2009110408A19862,2008外国语学院法语,0,仙林校区,2009-2010学年 第1学期,19862,505,,否,,,,,,0,二年阅读（上）,,第5节-第6节,,10408A
32.0,400070,法国概况（上）(20091-10409A-1),2009110409A19863,,3,,26,1-17周,0,张晓明,1-17周 周三 第3节-第4节 ,2.0,外国语学院,否,,周三,2009-2010-1,,2009110409A19863,2008外国语学院法语,0,仙林校区,2009-2010学年 第1学期,19863,507,,否,,,,,,0,法国概况（上）,,第3节-第4节,,10409A
32.0,400070,三年写作（上）(20091-10410A-1),2009110410A19872,,3,,26,1-18周,0,Aleksi Lectez,1-18周 周四 第3节-第4节 仙Ⅰ-113,2.0,外国语学院,否,,周四,2009-2010-1,,2009110410A19872,2007外国语学院法语,0,仙林校区,2009-2010学年 第1学期,19872,仙Ⅰ-113,,否,,,,,,0,三年写作（上）,11,第3节-第4节,仙I区,10410A
32.0,400070,三年视听（上）(20091-10411A-1),2009110411A19871,,3,,26,1-18周,0,Aleksi Lectez,1-18周 周四 第1节-第2节 仙Ⅰ-111,2.0,外国语学院,否,,周四,2009-2010-1,,2009110411A19871,2007外国语学院法语,0,仙林校区,2009-2010学年 第1学期,19871,仙Ⅰ-111,,否,,,,,,0,三年视听（上）,11,第1节-第2节,仙I区,10411A
32.0,400070,法国文学作品选读（上）(20091-10412A-1),2009110412A19874,,3,,26,1-17周,0,刘成富,1-17周 周二 第3节-第4节 ,2.0,外国语学院,否,,周二,2009-2010-1,,2009110412A19874,2007外国语学院法语,0,仙林校区,2009-2010学年 第1学期,19874,513,,否,,,,,,0,法国文学作品选读（上）,,第3节-第4节,,10412A
32.0,400070,法译汉（上）(20091-10413A-1),2009110413A19873,,3,,26,1-17周,0,黄小彦,1-17周 周五 第1节-第2节 ,2.0,外国语学院,否,,周五,2009-2010-1,,2009110413A19873,2007外国语学院法语,0,仙林校区,2009-2010学年 第1学期,19873,505,,否,,,,,,0,法译汉（上）,,第1节-第2节,,10413A
64.0,400070,四年法语（上）(20091-10414A-1),2009110414A20046,,1,,25,"1-17周,1-17周",0,张新木,"1-17周 周四 第1节-第2节 ,1-17周 周五 第3节-第4节 ",4.0,外国语学院,否,,"周四,周五",2009-2010-1,,2009110414A20046,2006外国语学院法语,0,鼓楼校区,2009-2010学年 第1学期,20046,"馆II-409,馆II-409",,否,,,,,,0,四年法语（上）,,"第1节-第2节,第3节-第4节",,10414A
32.0,400070,汉译法（上）(20091-10415A-1),2009110415A20049,,1,,25,1-17周,0,许钧,1-17周 周四 第3节-第4节 ,2.0,外国语学院,否,,周四,2009-2010-1,,2009110415A20049,2006外国语学院法语,0,鼓楼校区,2009-2010学年 第1学期,20049,馆II-409,,否,,,,,,0,汉译法（上）,,第3节-第4节,,10415A
32.0,400070,口译（上）(20091-10416A-1),2009110416A20048,,1,,25,1-17周,0,黄荭,1-17周 周三 第3节-第4节 ,2.0,外国语学院,否,,周三,2009-2010-1,,2009110416A20048,2006外国语学院法语,0,鼓楼校区,2009-2010学年 第1学期,20048,馆II-409,,否,,,,,,0,口译（上）,,第3节-第4节,,10416A
32.0,400070,法国经济（上）(20091-10417A-1),2009110417A20050,,1,,25,1-17周,0,王晶,1-17周 周二 第3节-第4节 ,2.0,外国语学院,否,,周二,2009-2010-1,,2009110417A20050,2006外国语学院法语,0,鼓楼校区,2009-2010学年 第1学期,20050,馆II-317,,否,,,,,,0,法国经济（上）,,第3节-第4节,,10417A
32.0,400070,四年写作（上）(20091-10419A-1),2009110419A20047,,1,,25,1-17周,0,Aleksi Lectez,1-17周 周一 第3节-第4节 ,2.0,外国语学院,否,,周一,2009-2010-1,,2009110419A20047,2006外国语学院法语,0,鼓楼校区,2009-2010学年 第1学期,20047,馆II-409,,否,,,,,,0,四年写作（上）,,第3节-第4节,,10419A
32.0,400070,三年阅读(20091-10422A-1),2009110422A19875,,3,,26,1-17周,0,"黄小彦,刘云虹",1-17周 周五 第3节-第4节 ,2.0,外国语学院,否,,周五,2009-2010-1,,2009110422A19875,2007外国语学院法语,0,仙林校区,2009-2010学年 第1学期,19875,505,,否,,,,,,0,三年阅读,,第3节-第4节,,10422A
32.0,400070,三年口译(20091-10423A-1),2009110423A19876,,3,,26,1-17周,0,张晓明,1-17周 周三 第1节-第2节 ,2.0,外国语学院,否,,周三,2009-2010-1,,2009110423A19876,2007外国语学院法语,0,仙林校区,2009-2010学年 第1学期,19876,507,,否,,,,,,0,三年口译,,第1节-第2节,,10423A
128.0,400070,基础德语(20091-105010A-1),20091105010A20120,,3,,26,"1-18周,1-18周,1-18周",0,"王民,李彬","1-18周 周一 第1节-第4节 ,1-18周 周三 第3节-第4节 ,1-18周 周四 第1节-第4节 仙Ⅱ-407",8.0,外国语学院,否,,"周一,周三,周四",2009-2010-1,,20091105010A20120,2009外国语学院德语,0,仙林校区,2009-2010学年 第1学期,20120,"504,504,仙Ⅱ-407",,否,,,,,,0,基础德语（一）,12,"第1节-第4节,第3节-第4节,第1节-第4节",仙II区,105010A
128.0,400070,二年德语（上）(20091-10502A-1),2009110502A19877,,3,,25,"1-18周,1-18周,1-18周,1-18周",0,"Dudzik,常晅","1-18周 周二 第1节-第2节 仙Ⅰ-114,1-18周 周三 第3节-第4节 ,1-18周 周一 第3节-第4节 仙Ⅰ-114,1-18周 周四 第1节-第2节 仙Ⅰ-114",8.0,外国语学院,否,,"周一,周二,周三,周四",2009-2010-1,,2009110502A19877,2008外国语学院德语,0,仙林校区,2009-2010学年 第1学期,19877,"仙Ⅰ-114,仙Ⅰ-114,510,仙Ⅰ-114",,否,,,,,,0,二年德语（上）,11,"第3节-第4节,第1节-第2节,第3节-第4节,第1节-第2节",仙I区,10502A
32.0,400070,三年德语（上）(20091-10503A-1),2009110503A19882,,3,,27,"1-18周,1-18周",0,"常玲玲,钦文","1-18周 周三 第3节-第4节 仙Ⅰ-111,1-18周 周五 第3节-第4节 ",2.0,外国语学院,否,,"周三,周五",2009-2010-1,,2009110503A19882,2007外国语学院德语,0,仙林校区,2009-2010学年 第1学期,19882,"仙Ⅰ-111,515",,否,,,,,,0,三年德语（上）,11,"第3节-第4节,第3节-第4节",仙I区,10503A
32.0,400070,二年写作（上）(20091-10507A-1),2009110507A19880,,3,,25,1-18周,0,常晅,1-18周 周二 第3节-第4节 仙Ⅰ-112,2.0,外国语学院,否,,周二,2009-2010-1,,2009110507A19880,2008外国语学院德语,0,仙林校区,2009-2010学年 第1学期,19880,仙Ⅰ-112,,否,,,,,,0,二年写作（上）,11,第3节-第4节,仙I区,10507A
32.0,400070,二年阅读（上）(20091-10508A-1),2009110508A19879,,3,,25,1-17周,0,陈民,1-17周 周三 第1节-第2节 ,2.0,外国语学院,否,,周三,2009-2010-1,,2009110508A19879,2008外国语学院德语,0,仙林校区,2009-2010学年 第1学期,19879,505,,否,,,,,,0,二年阅读（上）,,第1节-第2节,,10508A
32.0,400070,三年写作（上）(20091-10516A-1),2009110516A19884,,3,,27,1-18周,0,Dudzik,1-18周 周四 第3节-第4节 仙Ⅰ-114,2.0,外国语学院,否,,周四,2009-2010-1,,2009110516A19884,2007外国语学院德语,0,仙林校区,2009-2010学年 第1学期,19884,仙Ⅰ-114,,否,,,,,,0,三年写作（上）,11,第3节-第4节,仙I区,10516A
32.0,400070,德语影视（上）(20091-10517A-1),2009110517A19885,,3,,27,1-17周,0,钦文,1-17周 周五 第1节-第2节 ,2.0,外国语学院,否,,周五,2009-2010-1,,2009110517A19885,2007外国语学院德语,0,仙林校区,2009-2010学年 第1学期,19885,515,,否,,,,,,0,德语影视（上）,,第1节-第2节,,10517A
32.0,400070,经济德语（上）(20091-10518A-1),2009110518A19888,,3,,27,1-17周,0,李彬,1-17周 周三 第1节-第2节 ,2.0,外国语学院,否,,周三,2009-2010-1,,2009110518A19888,2007外国语学院德语,0,仙林校区,2009-2010学年 第1学期,19888,504,,否,,,,,,0,经济德语（上）,,第1节-第2节,,10518A
32.0,400070,文学选读（上）(20091-10522A-1),2009110522A20051,,1,,23,1-17周,0,印芝虹,1-17周 周三 第3节-第4节 ,2.0,外国语学院,否,,周三,2009-2010-1,,2009110522A20051,2006外国语学院德语,0,鼓楼校区,2009-2010学年 第1学期,20051,馆II-311,,否,,,,,,0,文学选读（上）,,第3节-第4节,,10522A
32.0,400070,时文选读（上）(20091-10524A-1),2009110524A20052,,1,,23,1-17周,0,常晅,1-17周 周四 第1节-第2节 ,2.0,外国语学院,否,,周四,2009-2010-1,,2009110524A20052,2006外国语学院德语,0,鼓楼校区,2009-2010学年 第1学期,20052,馆II-311,,否,,,,,,0,时文选读（上）,,第1节-第2节,,10524A
32.0,400070,论文写作(20091-10525-1),200911052520055,,1,,23,1-17周,0,Dudzik,1-17周 周二 第3节-第4节 ,2.0,外国语学院,否,,周二,2009-2010-1,,200911052520055,2006外国语学院德语,0,鼓楼校区,2009-2010学年 第1学期,20055,馆II-311,,否,,,,,,0,论文写作,,第3节-第4节,,10525
32.0,400070,口译（上）(20091-10526A-1),2009110526A20054,,1,,23,1-17周,0,钦文,1-17周 周三 第5节-第6节 ,2.0,外国语学院,否,,周三,2009-2010-1,,2009110526A20054,2006外国语学院德语,0,鼓楼校区,2009-2010学年 第1学期,20054,馆II-311,,否,,,,,,0,口译（上）,,第5节-第6节,,10526A
32.0,400070,翻译理论与实践（上）(20091-10527A-1),2009110527A19886,,3,,27,1-17周,0,陈民,1-17周 周一 第3节-第4节 ,2.0,外国语学院,否,,周一,2009-2010-1,,2009110527A19886,2007外国语学院德语,0,仙林校区,2009-2010学年 第1学期,19886,505,,否,,,,,,0,翻译理论与实践（上）,,第3节-第4节,,10527A
32.0,400070,翻译理论与实践（上）(20091-10527A-1),2009110527A20053,,1,,23,1-17周,0,常玲玲,1-17周 周一 第3节-第4节 ,2.0,外国语学院,否,,周一,2009-2010-1,,2009110527A20053,2006外国语学院德语,0,鼓楼校区,2009-2010学年 第1学期,20053,馆II-311,,否,,,,,,0,翻译理论与实践（上）,,第3节-第4节,,10527A
32.0,400070,德国文学史(20091-10528-1),200911052820056,,1,,23,1-17周,0,张辛仪,1-17周 周二 第1节-第2节 ,2.0,外国语学院,否,,周二,2009-2010-1,,200911052820056,2006外国语学院德语,0,鼓楼校区,2009-2010学年 第1学期,20056,馆II-311,,否,,,,,,0,德国文学史,,第1节-第2节,,10528
32.0,400070,二年影视（上）(20091-10529A-1),2009110529A19878,,3,,25,1-17周,0,张辛仪,1-17周 周五 第1节-第2节 ,2.0,外国语学院,否,,周五,2009-2010-1,,2009110529A19878,2008外国语学院德语,0,仙林校区,2009-2010学年 第1学期,19878,525,,否,,,,,,0,二年影视（上）,,第1节-第2节,,10529A
32.0,400070,二年口语（上）(20091-10537A-1),2009110537A19881,,3,,25,1-17周,0,Leonie Roesgen,1-17周 周三 第5节-第6节 ,2.0,外国语学院,否,,周三,2009-2010-1,,2009110537A19881,2008外国语学院德语,0,仙林校区,2009-2010学年 第1学期,19881,503,,否,,,,,,0,二年口语（上）,,第5节-第6节,,10537A
32.0,400070,德国历史与文化(20091-10540-1),200911054019887,,3,,27,1-17周,0,,1-17周 周一 第1节-第2节 ,2.0,外国语学院,否,,周一,2009-2010-1,,200911054019887,2007外国语学院德语,0,仙林校区,2009-2010学年 第1学期,19887,515,,否,,,,,,0,德国历史与文化,,第1节-第2节,,10540
32.0,400070,德语语言学(20091-10541-1),200911054119883,,3,,27,1-17周,0,孔德明,1-17周 周二 第1节-第2节 ,2.0,外国语学院,否,,周二,2009-2010-1,,200911054119883,2007外国语学院德语,0,仙林校区,2009-2010学年 第1学期,19883,505,,否,,,,,,0,德语语言学,,第1节-第2节,,10541
144.0,400070,初级西班牙语(20091-106010A-1),20091106010A20116,,3,,25,"1-17周,1-17周,1-17周",0,"李易非,曹卿云,裴枫","1-17周 周一 第1节-第4节 ,1-17周 周五 第1节-第4节 ,1-17周 周四 第1节-第4节 ",9.0,外国语学院,否,,"周一,周四,周五",2009-2010-1,,20091106010A20116,2009外国语学院西班牙语,0,仙林校区,2009-2010学年 第1学期,20116,"511,508,504",,否,,,,,,0,初级西班牙语（一）,,"第1节-第4节,第1节-第4节,第1节-第4节",,106010A
16.0,400070,初级视听说(20091-106020A-1),20091106020A20117,,3,,25,1-17周,0,李易非,1-17周 周二 第3节-第4节 ,1.0,外国语学院,否,,周二,2009-2010-1,,20091106020A20117,2009外国语学院西班牙语,0,仙林校区,2009-2010学年 第1学期,20117,525,,否,,,,,,0,初级视听说（一）,,第3节-第4节,,106020A
160.0,400070,精读（上）(20091-10602A-1),2009110602A19889,,3,,27,"1-17周,1-17周",0,"张伟劼,顾红娟","1-17周 周一 第1节-第4节 ,1-17周 周四 第1节-第4节 ",10.0,外国语学院,否,,"周一,周四",2009-2010-1,,2009110602A19889,2008外国语学院西班牙语,0,仙林校区,2009-2010学年 第1学期,19889,"512,509",,否,,,,,,0,精读（上）,,"第1节-第4节,第1节-第4节",,10602A
96.0,400070,精读（上）(20091-10603A-1),2009110603A19894,,3,,30,"1-17周,1-17周",0,宋尽冬,"1-17周 周四 第1节-第4节 ,1-17周 周二 第3节-第4节 ",6.0,外国语学院,否,,"周二,周四",2009-2010-1,,2009110603A19894,2007外国语学院西班牙语,0,仙林校区,2009-2010学年 第1学期,19894,"510,510",,否,,,,,,0,精读（上）,,"第3节-第4节,第1节-第4节",,10603A
32.0,400070,西班牙语国家通论(20091-106120-1),2009110612020118,,3,,25,1-17周,0,谭薇,1-17周 周三 第3节-第4节 ,2.0,外国语学院,否,,周三,2009-2010-1,,2009110612020118,2009外国语学院西班牙语,0,仙林校区,2009-2010学年 第1学期,20118,512,,否,,,,,,0,西班牙语国家通论,,第3节-第4节,,106120
32.0,400070,翻译（上）(20091-10613A-1),2009110613A19896,,3,,25,1-17周,0,谭薇,1-17周 周五 第1节-第2节 ,2.0,外国语学院,否,,周五,2009-2010-1,,2009110613A19896,2007外国语学院西班牙语,0,仙林校区,2009-2010学年 第1学期,19896,507,,否,,,,,,0,翻译（上）,,第1节-第2节,,10613A
32.0,400070,西班牙文学史（上）(20091-10614A-1),2009110614A19897,,3,,26,1-17周,0,李静,1-17周 周三 第1节-第2节 ,2.0,外国语学院,否,,周三,2009-2010-1,,2009110614A19897,2007外国语学院西班牙语,0,仙林校区,2009-2010学年 第1学期,19897,508,,否,,,,,,0,西班牙文学史（上）,,第1节-第2节,,10614A
16.0,400070,外报外刊（上）(20091-10615A-1),2009110615A19901,,3,,26,1-17周,0,李易非,1-17周 周二 第1节-第2节 ,1.0,外国语学院,否,,周二,2009-2010-1,,2009110615A19901,2007外国语学院西班牙语,0,仙林校区,2009-2010学年 第1学期,19901,510,,否,,,,,,0,外报外刊（上）,,第1节-第2节,,10615A
32.0,400070,口译（上）(20091-10620A-1),2009110620A20059,,1,,25,1-17周,0,顾红娟,1-17周 周二 第3节-第4节 ,2.0,外国语学院,否,,周二,2009-2010-1,,2009110620A20059,2006外国语学院西班牙语,0,鼓楼校区,2009-2010学年 第1学期,20059,馆II-404,,否,,,,,,0,口译（上）,,第3节-第4节,,10620A
32.0,400070,拉美文学（上）(20091-10621A-1),2009110621A20058,,1,,25,1-17周,0,张伟劼,1-17周 周五 第3节-第4节 ,2.0,外国语学院,否,,周五,2009-2010-1,,2009110621A20058,2006外国语学院西班牙语,0,鼓楼校区,2009-2010学年 第1学期,20058,馆II-411,,否,,,,,,0,拉美文学（上）,,第3节-第4节,,10621A
32.0,400070,高级视听（上）(20091-10622A-1),2009110622A20061,,1,,25,1-17周,0,李静,1-17周 周一 第1节-第2节 ,2.0,外国语学院,否,,周一,2009-2010-1,,2009110622A20061,2006外国语学院西班牙语,0,鼓楼校区,2009-2010学年 第1学期,20061,馆II-411,,否,,,,,,0,高级视听（上）,,第1节-第2节,,10622A
32.0,400070,外贸西班牙语(20091-10623-1),200911062320062,,1,,25,1-17周,0,顾红娟,1-17周 周二 第1节-第2节 ,2.0,外国语学院,否,,周二,2009-2010-1,,200911062320062,2006外国语学院西班牙语,0,鼓楼校区,2009-2010学年 第1学期,20062,馆II-411,,否,,,,,,0,外贸西班牙语,,第1节-第2节,,10623
32.0,400070,西班牙文学选读(20091-10629-1),200911062920057,,1,,25,1-17周,0,西班牙外教,1-17周 周四 第1节-第2节 ,2.0,外国语学院,否,,周四,2009-2010-1,,200911062920057,2006外国语学院西班牙语,0,鼓楼校区,2009-2010学年 第1学期,20057,馆II-411,,否,,,,,,0,西班牙文学选读,,第1节-第2节,,10629
32.0,400070,西班牙社会概况（上）(20091-10633A-1),2009110633A19892,,3,,26,1-17周,0,西班牙外教,1-17周 周五 第1节-第2节 ,2.0,外国语学院,否,,周五,2009-2010-1,,2009110633A19892,2008外国语学院西班牙语,0,仙林校区,2009-2010学年 第1学期,19892,506,,否,,,,,,0,西班牙社会概况（上）,,第1节-第2节,,10633A
32.0,400070,二年阅读（上）(20091-10637A-1),2009110637A19890,,3,,26,1-17周,0,谭薇,1-17周 周三 第1节-第2节 ,2.0,外国语学院,否,,周三,2009-2010-1,,2009110637A19890,2008外国语学院西班牙语,0,仙林校区,2009-2010学年 第1学期,19890,506,,否,,,,,,0,二年阅读（上）,,第1节-第2节,,10637A
64.0,400070,西班牙语应用文写作(20091-10643-1),200911064319904,,3,,25,1-17周,0,西班牙外教,1-17周 周一 第3节-第4节 ,4.0,外国语学院,否,,周一,2009-2010-1,,200911064319904,2007外国语学院西班牙语,0,仙林校区,2009-2010学年 第1学期,19904,513,,否,,,,,,0,西班牙语应用文写作,,第3节-第4节,,10643
32.0,400070,二年听力（上）(20091-10645A-1),2009110645A19891,,3,,27,1-17周,0,宋尽冬,1-17周 周二 第1节-第2节 ,2.0,外国语学院,否,,周二,2009-2010-1,,2009110645A19891,2008外国语学院西班牙语,0,仙林校区,2009-2010学年 第1学期,19891,525,,否,,,,,,0,二年听力（上）,,第1节-第2节,,10645A
32.0,400070,二年口语（上）(20091-10646A-1),2009110646A19893,,3,,26,1-17周,0,西班牙外教,1-17周 周五 第3节-第4节 ,2.0,外国语学院,否,,周五,2009-2010-1,,2009110646A19893,2008外国语学院西班牙语,0,仙林校区,2009-2010学年 第1学期,19893,506,,否,,,,,,0,二年口语（上）,,第3节-第4节,,10646A
32.0,400070,论文写作(20091-10648-1),200911064820060,,1,,25,1-17周,0,西班牙外教,1-17周 周四 第3节-第4节 ,2.0,外国语学院,否,,周四,2009-2010-1,,200911064820060,2006外国语学院西班牙语,0,鼓楼校区,2009-2010学年 第1学期,20060,馆II-411,,否,,,,,,0,论文写作,,第3节-第4节,,10648
32.0,400070,新闻视听说(20091-10652-1),200911065219900,,3,,25,1-17周,0,李静,1-17周 周三 第3节-第4节 ,2.0,外国语学院,否,,周三,2009-2010-1,,200911065219900,2007外国语学院西班牙语,0,仙林校区,2009-2010学年 第1学期,19900,508,,否,,,,,,0,新闻视听说,,第3节-第4节,,10652
128.0,400070,初级朝(韩)语精读(20091-107010A-1),20091107010A20113,,3,,20,"1-17周,1-17周",0,"尹海燕,尹恩子","1-17周 周一 第1节-第4节 ,1-17周 周四 第1节-第6节 ",8.0,外国语学院,否,,"周一,周四",2009-2010-1,,20091107010A20113,2009外国语学院朝鲜语,0,仙林校区,2009-2010学年 第1学期,20113,"502,505",,否,,,,,,0,初级朝[韩]语精读（一）,,"第1节-第4节,第1节-第6节",,107010A
32.0,400070,初级朝(韩)语视听说(20091-107020A-1),20091107020A20114,,3,,20,"1-18周,1-18周",0,"裴龙得,郑贤珍","1-18周 周五 第1节-第4节 仙Ⅱ-516,1-18周 周二 第3节-第4节 ",2.0,外国语学院,否,,"周二,周五",2009-2010-1,,20091107020A20114,2009外国语学院朝鲜语,0,仙林校区,2009-2010学年 第1学期,20114,"515,仙Ⅱ-516",,否,,,,,,0,初级朝[韩]语视听说（一）,12,"第3节-第4节,第1节-第4节",仙II区,107020A
128.0,400070,中级朝（韩）语精读（上）(20091-10705A-1),2009110705A19907,,3,,17,"1-17周,1-17周",0,"李锦花,郑贤珍","1-17周 周一 第1节-第4节 ,1-17周 周四 第1节-第4节 ",8.0,外国语学院,否,,"周一,周四",2009-2010-1,,2009110705A19907,2008外国语学院朝鲜语,0,仙林校区,2009-2010学年 第1学期,19907,"503,525",,否,,,,,,0,中级朝[韩]语精读（上）,,"第1节-第4节,第1节-第4节",,10705A
64.0,400070,中级朝（韩）语视听（上）(20091-10706A-1),2009110706A19917,,3,,17,1-17周,0,崔德寿,1-17周 周二 第1节-第2节 ,4.0,外国语学院,否,,周二,2009-2010-1,,2009110706A19917,2008外国语学院朝鲜语,0,仙林校区,2009-2010学年 第1学期,19917,515,,否,,,,,,0,中级朝[韩]语视听（上）,,第1节-第2节,,10706A
32.0,400070,中级朝（韩）语会话（上）(20091-10707A-1),2009110707A19918,,3,,17,1-17周,0,张俊翼,1-17周 周三 第3节-第4节 ,2.0,外国语学院,否,,周三,2009-2010-1,,2009110707A19918,2008外国语学院朝鲜语,0,仙林校区,2009-2010学年 第1学期,19918,513,,否,,,,,,0,中级朝[韩]语会话（上）,,第3节-第4节,,10707A
32.0,400070,朝（韩）语阅读作文（上）(20091-10708A-1),2009110708A19919,,3,,17,1-17周,0,,1-17周 周三 第5节-第6节 ,2.0,外国语学院,否,,周三,2009-2010-1,,2009110708A19919,2008外国语学院朝鲜语,0,仙林校区,2009-2010学年 第1学期,19919,506,,否,,,,,,0,朝[韩]语阅读作文（上）,,第5节-第6节,,10708A
32.0,400070,朝鲜（韩）综合概况（上）(20091-10709A-1),2009110709A19920,,3,,17,1-17周,0,尹恩子,1-17周 周一 第7节-第8节 ,2.0,外国语学院,否,,周一,2009-2010-1,,2009110709A19920,2008外国语学院朝鲜语,0,仙林校区,2009-2010学年 第1学期,19920,504,,否,,,,,,0,朝鲜[韩]综合概况（上）,,第7节-第8节,,10709A
96.0,400070,高级朝[韩]语精读(20102-10712A-1),2009110712A42568,,3,,0,"1-17周,1-17周",0,尹海燕,"1-17周 周四 第1节-第2节 ,1-17周 周二 第1节-第4节 ",6.0,外国语学院,否,,"周二,周四",2009-2010-1,,2009110712A42568,2007外国语学院朝鲜语,0,仙林校区,2009-2010学年 第1学期,42568,"无,无",,否,,,,,,0,高级朝[韩]语精读,,"第1节-第4节,第1节-第2节",,10712A
32.0,400070,高级朝[韩]语视听说(20102-10713A-1),2009110713A42570,,3,,0,1-17周,0,张俊翼,1-17周 周三 第5节-第6节 ,2.0,外国语学院,否,,周三,2009-2010-1,,2009110713A42570,2007外国语学院朝鲜语,0,仙林校区,2009-2010学年 第1学期,42570,无,,否,,,,,,0,高级朝[韩]语视听说,,第5节-第6节,,10713A
32.0,400070,朝[韩]语综合语法(20102-10715A-1),2009110715A42572,,3,,0,1-17周,0,李锦花,1-17周 周三 第1节-第2节 ,2.0,外国语学院,否,,周三,2009-2010-1,,2009110715A42572,2007外国语学院朝鲜语,0,仙林校区,2009-2010学年 第1学期,42572,无,,否,,,,,,0,朝[韩]语综合语法,,第1节-第2节,,10715A
32.0,400070,中朝（韩）交流史(20091-10716A-1),2009110716A20067,,1,,14,1-17周,0,尹恩子,1-17周 周三 第1节-第2节 ,2.0,外国语学院,否,,周三,2009-2010-1,,2009110716A20067,2006外国语学院朝鲜语,0,鼓楼校区,2009-2010学年 第1学期,20067,馆II-309,,否,,,,,,0,中朝[韩]交流史,,第1节-第2节,,10716A
32.0,400070,中朝（韩）双语翻译实践(20091-10718-1),200911071820063,,1,,14,1-17周,0,尹海燕,1-17周 周三 第3节-第4节 ,2.0,外国语学院,否,,周三,2009-2010-1,,200911071820063,2006外国语学院朝鲜语,0,鼓楼校区,2009-2010学年 第1学期,20063,馆II-309,,否,,,,,,0,中朝[韩]双语翻译实践,,第3节-第4节,,10718
32.0,400070,实用经贸朝（韩）语(20091-10719-1),200911071920064,,1,,14,1-17周,0,李锦花,1-17周 周一 第1节-第2节 ,2.0,外国语学院,否,,周一,2009-2010-1,,200911071920064,2006外国语学院朝鲜语,0,鼓楼校区,2009-2010学年 第1学期,20064,馆II-309,,否,,,,,,0,实用经贸朝[韩]语,,第1节-第2节,,10719
32.0,400070,朝（韩）语应用文写作(20091-10720-1),200911072020065,,1,,14,1-17周,0,张俊翼,1-17周 周二 第1节-第3节 ,2.0,外国语学院,否,,周二,2009-2010-1,,200911072020065,2006外国语学院朝鲜语,0,鼓楼校区,2009-2010学年 第1学期,20065,馆II-309,,否,,,,,,0,朝[韩]语应用文写作,,第1节-第3节,,10720
32.0,400070,当代朝鲜（韩）社会文化(20091-10721-1),200911072120066,,1,,14,1-17周,0,张俊翼,1-17周 周二 第5节-第6节 ,2.0,外国语学院,否,,周二,2009-2010-1,,200911072120066,2006外国语学院朝鲜语,0,鼓楼校区,2009-2010学年 第1学期,20066,馆II-309,,否,,,,,,0,当代朝鲜[韩]社会文化,,第5节-第6节,,10721
32.0,400070,朝（韩）词语汇学(20091-10722-1),200911072220068,,1,,14,1-17周,0,李锦花,1-17周 周一 第3节-第4节 ,2.0,外国语学院,否,,周一,2009-2010-1,,200911072220068,2006外国语学院朝鲜语,0,鼓楼校区,2009-2010学年 第1学期,20068,馆II-309,,否,,,,,,0,朝[韩]词语汇学,,第3节-第4节,,10722
16.0,400070,实用语音学(20091-108010-1),2009110801020146,,3,,57,1-17周,0,高虹,1-17周 周三 第3节-第4节 ,1.0,外国语学院,否,,周三,2009-2010-1,,2009110801020146,2009外国语学院英语,0,仙林校区,2009-2010学年 第1学期,20146,509,,否,,,,,,0,实用语音学,,第3节-第4节,,108010
16.0,400070,英美戏剧欣赏与实践(20091-108020-1),2009110802020147,,3,,60,1-17周,0,"朱雪峰,英语外教B",1-17周 周二 第5节-第6节 ,1.0,外国语学院,否,,周二,2009-2010-1,,2009110802020147,2009外国语学院英语,0,仙林校区,2009-2010学年 第1学期,20147,503,,否,,,,,,0,英美戏剧欣赏与实践,,第5节-第6节,,108020
32.0,400070,西方文化（下）(20091-10802B-1),2009110802B19841,,3,,204,1-18周,0,"尹海燕,彭曦,黄小彦,陈民,江宁康,段丽君,张伟劼",1-18周 周三 第7节-第8节 仙Ⅰ-207,2.0,外国语学院,否,,周三,2009-2010-1,,2009110802B19841,"2008外国语学院英语,2008外国语学院朝鲜语,2008外国语学院英语(国际商务方向),2008外国语学院西班牙语,2008外国语学院德语,2008外国语学院法语,2008外国语学院日语,2008外国语学院俄语",0,仙林校区,2009-2010学年 第1学期,19841,仙Ⅰ-207,,否,,,,,,0,西方文化（下）,11,第7节-第8节,仙I区,10802B
16.0,400070,演讲与辩论(20091-108030-1),2009110803020148,,3,,60,1-17周,0,"张翼,英语外教A",1-17周 周二 第5节-第6节 ,1.0,外国语学院,否,,周二,2009-2010-1,,2009110803020148,2009外国语学院英语,0,仙林校区,2009-2010学年 第1学期,20148,502,,否,,,,,,0,演讲与辩论,,第5节-第6节,,108030
16.0,400070,英语文化选读(20091-108050A-1),20091108050A20143,,3,,59,1-18周,0,任裕海,1-18周 周一 第3节-第4节 ,1.0,外国语学院,否,,周一,2009-2010-1,,20091108050A20143,2009外国语学院英语,0,仙林校区,2009-2010学年 第1学期,20143,514,,否,,,,,,0,英语文化选读(一),,第3节-第4节,,108050A
16.0,400070,英语文化选读(20091-108050A-2),20091108050A20729,,3,,2,1-18周,0,徐昉,1-18周 周一 第3节-第4节 ,1.0,外国语学院,否,,周一,2009-2010-1,,20091108050A20729,2009外国语学院英语,0,仙林校区,2009-2010学年 第1学期,20729,515,,否,,,,,,0,英语文化选读(一),,第3节-第4节,,108050A
16.0,400070,英语文化听力(20091-108060A-1),20091108060A20145,,3,,58,1-18周,0,刘剑涛,1-18周 周一 第1节-第2节 ,1.0,外国语学院,否,,周一,2009-2010-1,,20091108060A20145,2009外国语学院英语,0,仙林校区,2009-2010学年 第1学期,20145,525,,否,,,,,,0,英语文化听力(一),,第1节-第2节,,108060A
16.0,400070,英语文化听力(20091-108060A-2),20091108060A20730,,3,,1,1-18周,0,朱雪峰,1-18周 周一 第1节-第2节 ,1.0,外国语学院,否,,周一,2009-2010-1,,20091108060A20730,2009外国语学院英语,0,仙林校区,2009-2010学年 第1学期,20730,526,,否,,,,,,0,英语文化听力(一),,第1节-第2节,,108060A
16.0,400070,英语口译交际(20091-108070A-1),20091108070A20140,,3,,57,1-18周,0,刘剑涛,1-18周 周五 第3节-第4节 ,1.0,外国语学院,否,,周五,2009-2010-1,,20091108070A20140,2009外国语学院英语,0,仙林校区,2009-2010学年 第1学期,20140,509,,否,,,,,,0,英语口语交际(一),,第3节-第4节,,108070A
16.0,400070,英语口译交际(20091-108070A-2),20091108070A20718,,3,,0,1-18周,0,英语外教A,1-18周 周五 第1节-第2节 ,1.0,外国语学院,否,,周五,2009-2010-1,,20091108070A20718,2009外国语学院英语,0,仙林校区,2009-2010学年 第1学期,20718,502,,否,,,,,,0,英语口语交际(一),,第1节-第2节,,108070A
16.0,400070,英语口译交际(20091-108070A-3),20091108070A20719,,3,,0,1-17周,0,英语外教A,1-17周 周五 第3节-第4节 ,1.0,外国语学院,否,,周五,2009-2010-1,,20091108070A20719,2009外国语学院英语,0,仙林校区,2009-2010学年 第1学期,20719,510,,否,,,,,,0,英语口语交际(一),,第3节-第4节,,108070A
16.0,400070,基础口语(20091-108450A-1),20091108450A20134,,3,,19,1-18周,0,阿列克谢·扎采平,1-18周 周三 第3节-第4节 ,1.0,外国语学院,否,,周三,2009-2010-1,,20091108450A20134,2009外国语学院俄语,0,仙林校区,2009-2010学年 第1学期,20134,无,,否,,,,,,0,基础口语(一),,第3节-第4节,,108450A
32.0,400070,日语听说(20091-108600A-1),20091108600A20128,,3,,21,1-17周,0,沈琳,1-17周 周五 第1节-第4节 ,2.0,外国语学院,否,,周五,2009-2010-1,,20091108600A20128,2009外国语学院日语,0,仙林校区,2009-2010学年 第1学期,20128,527,,否,,,,,,0,日语听说(一),,第1节-第4节,,108600A
16.0,400070,初级口语(20091-108710A-1),20091108710A20125,,3,,26,1-17周,0,Aleksi Lectez,1-17周 周二 第3节-第4节 ,1.0,外国语学院,否,,周二,2009-2010-1,,20091108710A20125,2009外国语学院法语,0,仙林校区,2009-2010学年 第1学期,20125,514,,否,,,,,,0,初级口语(一),,第3节-第4节,,108710A
32.0,400070,初级视听说(20091-108910A-1),20091108910A20122,,3,,26,"1-17周,1-17周",0,张辛仪,"1-17周 周五 第3节-第4节 ,1-17周 周二 第5节-第6节 ",2.0,外国语学院,否,,"周二,周五",2009-2010-1,,20091108910A20122,2009外国语学院德语,0,仙林校区,2009-2010学年 第1学期,20122,"526,525",,否,,,,,,0,初级视听说(一),,"第5节-第6节,第3节-第4节",,108910A
32.0,400070,传记中的美国梦(20091-10909-1),200911090920071,,3,,91,1-17周,0,赵文书,1-17周 周五 第5节-第6节 ,2.0,外国语学院,否,,周五,2009-2010-1,,200911090920071,"2008外国语学院英语,2009外国语学院英语,2008外国语学院英语(国际商务方向)",0,仙林校区,2009-2010学年 第1学期,20071,523,,否,,,,,,0,传记中的美国梦,,第5节-第6节,,10909
32.0,400070,生态文学研究(20091-10910-1),200911091020069,,3,,53,1-17周,0,方红,1-17周 周二 第5节-第6节 ,2.0,外国语学院,否,,周二,2009-2010-1,,200911091020069,2007外国语学院英语,0,仙林校区,2009-2010学年 第1学期,20069,511,,否,,,,,,0,生态文学研究,,第5节-第6节,,10910
32.0,400070,宏观经济学(20091-10911-1),200911091120070,,3,,53,1-17周,0,常晨,1-17周 周五 第3节-第4节 ,2.0,外国语学院,否,,周五,2009-2010-1,,200911091120070,2007外国语学院英语,0,仙林校区,2009-2010学年 第1学期,20070,511,,否,,,,,,0,宏观经济学,,第3节-第4节,,10911
32.0,400070,汉英翻译(20091-10912-1),200911091220750,,3,,20,1-18周,0,仇蓓玲,1-18周 周四 第1节-第2节 仙Ⅱ-216,2.0,外国语学院,否,,周四,2009-2010-1,,200911091220750,2007匡亚明学院应用文科强化班,0,仙林校区,2009-2010学年 第1学期,20750,仙Ⅱ-216,,否,,,,,,0,汉英翻译,12,第1节-第2节,仙II区,10912
48.0,400110,Visual C++程序设计I(20091-110000A-1),20091110000A20248,,3,,128,"1-18周,1-18周",0,邵荣,"1-18周 周一 第3节-第4节 仙Ⅱ-122,1-18周 周一 第7节-第10节 ",3.0,数学学院,否,,"周一,周一",2009-2010-1,,20091110000A20248,2009数学学院数学类,0,仙林校区,2009-2010学年 第1学期,20248,"仙Ⅱ-122,无",,否,,,,,,0,Visual C++程序设计I,12,"第3节-第4节,第7节-第10节",仙II区,110000A
80.0,400110,数学分析(20091-110010A-1),20091110010A20249,,3,,64,"1-18周,1-18周,1-17周(单),1-18周",0,"苗栋,尤建功","1-18周 周二 第1节-第2节 仙Ⅱ-404,1-18周 周五 第3节-第4节 仙Ⅱ-311,1-17周(单) 周三 第1节-第2节 仙Ⅱ-311,1-18周 周五 第1节-第2节 仙Ⅱ-403",5.0,数学学院,否,,"周二,周五,周三,周五",2009-2010-1,,20091110010A20249,2009数学学院数学类,0,仙林校区,2009-2010学年 第1学期,20249,"仙Ⅱ-404,仙Ⅱ-403,仙Ⅱ-311,仙Ⅱ-311",,否,,,,,,0,数学分析,12,"第1节-第2节,第1节-第2节,第1节-第2节,第3节-第4节",仙II区,110010A
80.0,400110,数学分析(20091-110010A-2),20091110010A20250,,3,,65,"1-18周,1-18周,2-18周(双),1-18周",0,"钟承奎,苗栋","1-18周 周二 第1节-第2节 ,1-18周 周五 第5节-第6节 仙Ⅱ-312,2-18周(双) 周三 第1节-第2节 仙Ⅱ-312,1-18周 周五 第1节-第2节 ",5.0,数学学院,否,,"周二,周五,周三,周五",2009-2010-1,,20091110010A20250,2009数学学院数学类,0,仙林校区,2009-2010学年 第1学期,20250,"仙Ⅱ-404,仙Ⅱ-403,仙Ⅱ-312,仙Ⅱ-312",,否,,,,,,0,数学分析,12,"第1节-第2节,第1节-第2节,第1节-第2节,第5节-第6节",仙II区,110010A
80.0,400110,数学分析(20091-11001A-1),2009111001A18850,,3,,2,"1-17周,1-17周,1-17周(单),1-17周",0,"尤建功,苗栋","1-17周 周二 第1节-第2节 ,1-17周 周五 第3节-第4节 ,1-17周(单) 周三 第1节-第2节 ,1-17周 周五 第1节-第2节 ",5.0,数学学院,否,,"周二,周五,周三,周五",2009-2010-1,,2009111001A18850,,0,仙林校区,2009-2010学年 第1学期,18850,"无,无,无,无",,否,,,,,,0,数学分析,,"第1节-第2节,第1节-第2节,第1节-第2节,第3节-第4节",,11001A
80.0,400110,数学分析(20091-11001A-2),2009111001A18852,,3,,14,"1-17周,1-17周,2-16周(双),1-17周",0,"苗栋,钟承奎","1-17周 周二 第1节-第2节 ,1-17周 周五 第5节-第6节 ,2-16周(双) 周三 第1节-第2节 ,1-17周 周五 第1节-第2节 ",5.0,数学学院,否,,"周二,周五,周三,周五",2009-2010-1,,2009111001A18852,,0,仙林校区,2009-2010学年 第1学期,18852,"无,无,无,无",,否,,,,,,0,数学分析,,"第1节-第2节,第1节-第2节,第1节-第2节,第5节-第6节",,11001A
80.0,400110,数学分析(20091-11001C-1),2009111001C18890,,3,,81,"1-18周,1-18周,1-18周",0,程健,"1-18周 周一 第1节-第2节 仙Ⅱ-212,1-18周 周五 第5节-第6节 仙Ⅱ-212,1-18周 周二 第3节-第4节 仙Ⅱ-212",5.0,数学学院,否,,"周一,周二,周五",2009-2010-1,,2009111001C18890,,0,仙林校区,2009-2010学年 第1学期,18890,"仙Ⅱ-212,仙Ⅱ-212,仙Ⅱ-212",,否,,,,,,0,数学分析,12,"第1节-第2节,第3节-第4节,第5节-第6节",仙II区,11001C
80.0,400110,数学分析(20091-11001C-2),2009111001C18891,,3,,70,"1-18周,1-18周,1-18周",0,胡泽春,"1-18周 周一 第3节-第4节 仙Ⅱ-112,1-18周 周五 第5节-第6节 仙Ⅱ-112,1-18周 周二 第3节-第4节 仙Ⅱ-112",5.0,数学学院,否,,"周一,周二,周五",2009-2010-1,,2009111001C18891,,0,仙林校区,2009-2010学年 第1学期,18891,"仙Ⅱ-112,仙Ⅱ-112,仙Ⅱ-112",,否,,,,,,0,数学分析,12,"第3节-第4节,第3节-第4节,第5节-第6节",仙II区,11001C
64.0,400110,高等代数(20091-110020A-1),20091110020A20253,,3,,63,"1-18周,1-18周,1-17周(单)",0,丁南庆,"1-18周 周二 第3节-第4节 仙Ⅱ-311,1-17周(单) 周五 第5节-第6节 仙Ⅱ-311,1-18周 周四 第5节-第6节 仙Ⅱ-311",4.0,数学学院,否,,"周二,周四,周五",2009-2010-1,,20091110020A20253,2009数学学院数学类,0,仙林校区,2009-2010学年 第1学期,20253,"仙Ⅱ-311,仙Ⅱ-311,仙Ⅱ-311",,否,,,,,,0,高等代数,12,"第3节-第4节,第5节-第6节,第5节-第6节",仙II区,110020A
64.0,400110,高等代数(20091-110020A-2),20091110020A20254,,3,,66,"1-18周,1-18周,1-17周(单)",0,何炳生,"1-18周 周四 第3节-第4节 仙Ⅱ-312,1-18周 周二 第5节-第6节 仙Ⅱ-312,1-17周(单) 周五 第3节-第4节 仙Ⅱ-312",4.0,数学学院,否,,"周二,周四,周五",2009-2010-1,,20091110020A20254,2009数学学院数学类,0,仙林校区,2009-2010学年 第1学期,20254,"仙Ⅱ-312,仙Ⅱ-312,仙Ⅱ-312",,否,,,,,,0,高等代数,12,"第5节-第6节,第3节-第4节,第3节-第4节",仙II区,110020A
32.0,400110,解析几何(20091-110030-1),2009111003020255,,3,,63,1-18周,0,于立,1-18周 周一 第1节-第2节 仙Ⅱ-214,2.0,数学学院,否,,周一,2009-2010-1,,2009111003020255,2009数学学院数学类,0,仙林校区,2009-2010学年 第1学期,20255,仙Ⅱ-214,,否,,,,,,0,解析几何,12,第1节-第2节,仙II区,110030
32.0,400110,解析几何(20091-110030-2),2009111003020256,,3,,65,1-18周,0,于立,1-18周 周四 第1节-第2节 仙Ⅱ-215,2.0,数学学院,否,,周四,2009-2010-1,,2009111003020256,2009数学学院数学类,0,仙林校区,2009-2010学年 第1学期,20256,仙Ⅱ-215,,否,,,,,,0,解析几何,12,第1节-第2节,仙II区,110030
64.0,400110,高等代数(20091-11004A-1),2009111004A18866,,3,,9,"1-17周,1-17周,1-17周(单)",0,丁南庆,"1-17周 周二 第3节-第4节 ,1-17周(单) 周五 第5节-第6节 ,1-17周 周四 第5节-第6节 ",4.0,数学学院,否,,"周二,周四,周五",2009-2010-1,,2009111004A18866,,0,仙林校区,2009-2010学年 第1学期,18866,"无,无,无",,否,,,,,,0,高等代数,,"第3节-第4节,第5节-第6节,第5节-第6节",,11004A
64.0,400110,高等代数(20091-11004A-2),2009111004A18867,,3,,2,"1-17周,1-17周,1-17周(单)",0,何炳生,"1-17周 周四 第3节-第4节 ,1-17周 周二 第5节-第6节 ,1-17周(单) 周五 第3节-第4节 ",4.0,数学学院,否,,"周二,周四,周五",2009-2010-1,,2009111004A18867,,0,仙林校区,2009-2010学年 第1学期,18867,"无,无,无",,否,,,,,,0,高等代数,,"第5节-第6节,第3节-第4节,第3节-第4节",,11004A
48.0,400110,Visual C++程序设计⑴(20091-11007-1),200911100718878,,3,,17,"1-17周,1-17周",0,邵荣,"1-17周 周一 第3节-第4节 ,1-17周 周一 第7节-第10节 ",3.0,数学学院,否,,"周一,周一",2009-2010-1,,200911100718878,,0,仙林校区,2009-2010学年 第1学期,18878,"无,无",,否,,,,,,0,Visual C++程序设计⑴,,"第3节-第4节,第7节-第10节",,11007
64.0,400110,数据库概论(20091-11008-1),200911100818900,,3,,139,"1-18周,1-18周,1-18周",0,吴朝阳,"1-18周 周三 第1节-第2节 仙Ⅰ-319,1-18周 周五 第7节-第8节 ,1-18周 周五 第1节-第2节 仙Ⅰ-319",4.0,数学学院,否,,"周三,周五,周五",2009-2010-1,,200911100818900,,0,仙林校区,2009-2010学年 第1学期,18900,"仙Ⅰ-319,仙Ⅰ-319,无",,否,,,,,,0,数据库概论,11,"第1节-第2节,第1节-第2节,第7节-第8节",仙I区,11008
48.0,400110,常微分方程(20091-11010-1),200911101018894,,3,,151,"1-18周,1-17周(单)",0,王奕倩,"1-17周(单) 周四 第1节-第2节 仙Ⅱ-213,1-18周 周一 第3节-第4节 仙Ⅱ-213",3.0,数学学院,否,,"周一,周四",2009-2010-1,,200911101018894,,0,仙林校区,2009-2010学年 第1学期,18894,"仙Ⅱ-213,仙Ⅱ-213",,否,,,,,,0,常微分方程,12,"第3节-第4节,第1节-第2节",仙II区,11010
48.0,400110,常微分方程(20091-11010-2),200911101018895,,3,,18,"1-18周,2-18周(双)",0,王奕倩,"1-18周 周一 第1节-第2节 仙Ⅱ-213,2-18周(双) 周四 第1节-第2节 仙Ⅱ-213",3.0,数学学院,否,,"周一,周四",2009-2010-1,,200911101018895,,0,仙林校区,2009-2010学年 第1学期,18895,"仙Ⅱ-213,仙Ⅱ-213",,否,,,,,,0,常微分方程,12,"第1节-第2节,第1节-第2节",仙II区,11010
64.0,400110,偏微分方程(20091-11011-1),200911101119271,,3,,100,"1-18周,1-18周",0,"栗付才,魏宝社","1-18周 周三 第1节-第2节 逸B-104,1-18周 周五 第5节-第6节 仙Ⅱ-403",4.0,数学学院,否,,"周三,周五",2009-2010-1,,200911101119271,"2007数学学院数学与应用数学,2007数学学院统计学,2007数学学院信息与计算科学",0,仙林校区,2009-2010学年 第1学期,19271,"逸B-104,仙Ⅱ-403",,否,,,,,,0,偏微分方程,"12,16","第1节-第2节,第5节-第6节","仙II区, 逸夫楼B区",11011
80.0,400110,高等数学(20091-110120A-1),20091110120A20258,,3,,196,"1-18周,1-18周,1-18周",0,邱华,"1-18周 周一 第1节-第2节 仙Ⅰ-206,1-18周 周三 第5节-第6节 图书馆125,1-18周 周三 第1节-第2节 图书馆125",5.0,数学学院,否,,"周一,周三,周三",2009-2010-1,,20091110120A20258,"2009物理学院物理基地,2009匡亚明学院理强（数理方向）,2009匡亚明学院理科强化班",0,仙林校区,2009-2010学年 第1学期,20258,"仙Ⅰ-206,图书馆125,图书馆125",,否,,,,,,0,高等数学,"11,18","第1节-第2节,第1节-第2节,第5节-第6节","仙I区, 图书馆",110120A
80.0,400110,大学数学(20091-110130A-1),20091110130A20262,,3,,132,"1-18周,1-18周,1-18周",0,代雄平,"1-18周 周三 第3节-第4节 图书馆126,1-18周 周五 第7节-第8节 图书馆127,1-18周 周五 第5节-第6节 图书馆127",5.0,数学学院,否,,"周五,周三,周五",2009-2010-1,,20091110130A20262,"2009化学学院化学(基地),2009匡亚明学院应用文科强化班,2009生命科学学院生物科学（基地）",0,仙林校区,2009-2010学年 第1学期,20262,"图书馆127,图书馆126,图书馆127",,否,,,,,,0,大学数学,18,"第7节-第8节,第3节-第4节,第5节-第6节",图书馆,110130A
80.0,400110,大学数学(20091-110130A-2),20091110130A20263,,3,,101,"1-18周,1-18周,1-18周",0,李耀文,"1-18周 周五 第1节-第2节 仙Ⅱ-406,1-18周 周三 第5节-第6节 仙Ⅱ-504,1-18周 周三 第3节-第4节 仙Ⅱ-306",5.0,数学学院,否,,"周三,周三,周五",2009-2010-1,,20091110130A20263,,0,仙林校区,2009-2010学年 第1学期,20263,"仙Ⅱ-504,仙Ⅱ-306,仙Ⅱ-406",,否,,,,,,0,大学数学,12,"第5节-第6节,第3节-第4节,第1节-第2节",仙II区,110130A
64.0,400110,数值计算方法试验II(20091-11014A-1),200911101437761,,3,,0,,0,,,4.0,数学学院,否,,,2009-2010-1,,200911101437761,,0,仙林校区,2009-2010学年 第1学期,37761,,,否,,,,,,0,数值计算方法,,,,11014
16.0,400110,数值计算方法试验II(20091-11014A-1),2009111014A19329,,3,,31,"1-18周,1-18周,1-18周",0,张强,"1-18周 周一 第3节-第4节 逸C-115,1-18周 周三 第5节-第6节 ,1-18周 周三 第3节-第4节 逸C-115",1.0,数学学院,否,,"周一,周三,周三",2009-2010-1,,2009111014A19329,2007数学学院信息与计算科学,0,仙林校区,2009-2010学年 第1学期,19329,"逸C-115,逸C-115,无",,否,,,,,,0,数值实验II,17,"第3节-第4节,第3节-第4节,第5节-第6节",逸夫楼C区,11014A
64.0,400110,离散数学(20091-11024-1),200911102418898,,3,,148,1-18周,0,孙智伟,1-18周 周二 第5节-第7节 逸B-212,4.0,数学学院,否,,周二,2009-2010-1,,200911102418898,,0,仙林校区,2009-2010学年 第1学期,18898,逸B-212,,否,,,,,,0,离散数学,16,第5节-第7节,逸夫楼B区,11024
64.0,400110,实变函数(20091-11027-1),200911102719327,,3,,97,"1-18周,1-18周",0,钟承奎,"1-18周 周四 第1节-第2节 仙Ⅱ-405,1-18周 周二 第5节-第6节 仙Ⅱ-404",4.0,数学学院,否,,"周二,周四",2009-2010-1,,200911102719327,"2007数学学院数学与应用数学,2007数学学院统计学,2007数学学院信息与计算科学",0,仙林校区,2009-2010学年 第1学期,19327,"仙Ⅱ-404,仙Ⅱ-405",,否,,,,,,0,实变函数,12,"第5节-第6节,第1节-第2节",仙II区,11027
64.0,400110,偏微分方程数值解(20091-11030-1),200911103019363,,1,,1,"1-17周,1-17周",0,邱建贤,"1-17周 周一 第5节-第7节 馆1-103,1-17周 周三 第9节-第10节 馆1-103",4.0,数学学院,否,,"周一,周三",2009-2010-1,,200911103019363,"2006数学学院数学与应用数学,2006数学学院统计学,2006数学学院信息与计算科学",0,鼓楼校区,2009-2010学年 第1学期,19363,"馆1-103,馆1-103",,否,,,,,,0,偏微分方程数值方法,8,"第5节-第7节,第9节-第10节",逸夫馆,11030
64.0,400110,数理统计(20091-11039-1),200911103919310,,3,,105,"1-18周,2-18周(双)",0,王立洪,"1-18周 周一 第1节-第2节 仙Ⅱ-306,2-18周(双) 周五 第3节-第4节 仙Ⅱ-306",4.0,数学学院,否,,"周一,周五",2009-2010-1,,200911103919310,"2007数学学院数学与应用数学,2007数学学院统计学,2007数学学院信息与计算科学",0,仙林校区,2009-2010学年 第1学期,19310,"仙Ⅱ-306,仙Ⅱ-306",,否,,,,,,0,数理统计,12,"第1节-第2节,第3节-第4节",仙II区,11039
64.0,400110,应用随机过程(20091-11042-1),200911104219331,,3,,76,"1-18周,1-18周",0,谢兆茹,"1-18周 周二 第1节-第2节 逸B-104,1-18周 周四 第3节-第4节 逸B-104",4.0,数学学院,否,,"周二,周四",2009-2010-1,,200911104219331,2007数学学院统计学,0,仙林校区,2009-2010学年 第1学期,19331,"逸B-104,逸B-104",,否,,,,,,0,应用随机过程,16,"第1节-第2节,第3节-第4节",逸夫楼B区,11042
64.0,400110,应用随机过程(20091-11042-3),200911104219600,,1,,59,"1-17周,1-17周",0,谢兆茹,"1-17周 周五 第3节-第4节 教118,1-17周 周三 第5节-第6节 教118",4.0,数学学院,否,,"周三,周五",2009-2010-1,,200911104219600,"2006商学院经济学,2008商学院国际经济与贸易（二学位）,2006商学院保险学,2006商学院国际经济与贸易（二学位）,2006商学院金融学,2006商学院国际经济与贸易",0,鼓楼校区,2009-2010学年 第1学期,19600,"教118,教118",,否,,,,,,0,应用随机过程,1,"第5节-第6节,第3节-第4节",教学楼,11042
64.0,400110,运筹学(20091-11045-1),200911104519290,,1,,1,"1-17周,1-17周",0,陈耀俊,"1-17周 周五 第1节-第2节 ,1-17周 周二 第3节-第5节 ",4.0,数学学院,否,,"周二,周五",2009-2010-1,,200911104519290,,0,鼓楼校区,2009-2010学年 第1学期,19290,"无,无",,否,,,,,,0,运筹学,,"第3节-第5节,第1节-第2节",,11045
64.0,400110,运筹学(20091-11045-1),200911104519328,,3,,116,"1-18周,1-18周",0,陈耀俊,"1-18周 周五 第1节-第2节 逸B-205,1-18周 周二 第3节-第4节 逸B-205",4.0,数学学院,否,,"周二,周五",2009-2010-1,,200911104519328,"2007数学学院数学与应用数学,2007数学学院统计学,2007数学学院信息与计算科学",0,仙林校区,2009-2010学年 第1学期,19328,"逸B-205,逸B-205",,否,,,,,,0,运筹学,16,"第3节-第4节,第1节-第2节",逸夫楼B区,11045
48.0,400110,解析几何(20091-11046-1),200911104618870,,3,,7,1-17周,0,于立,1-17周 周一 第1节-第2节 ,3.0,数学学院,否,,周一,2009-2010-1,,200911104618870,,0,仙林校区,2009-2010学年 第1学期,18870,无,,否,,,,,,0,解析几何,,第1节-第2节,,11046
48.0,400110,解析几何(20091-11046-2),200911104618871,,3,,2,1-17周,0,于立,1-17周 周四 第1节-第2节 ,3.0,数学学院,否,,周四,2009-2010-1,,200911104618871,,0,仙林校区,2009-2010学年 第1学期,18871,无,,否,,,,,,0,解析几何,,第1节-第2节,,11046
64.0,400110,微分拓扑(20091-11080-1),200911108019359,,1,,24,"1-17周,1-17周",0,谭亮,"1-17周 周三 第1节-第2节 馆2-103,1-17周 周五 第3节-第4节 馆2-103",4.0,数学学院,否,,"周三,周五",2009-2010-1,,200911108019359,"2006数学学院数学与应用数学,2006数学学院统计学,2006数学学院信息与计算科学",0,鼓楼校区,2009-2010学年 第1学期,19359,"馆2-103,馆2-103",,否,,,,,,0,微分拓扑,8,"第1节-第2节,第3节-第4节",逸夫馆,11080
64.0,400110,随机过程(20091-11081-1),200911108119360,,1,,51,"1-17周,1-17周",0,戴万阳,"1-17周 周一 第1节-第2节 馆1-104,1-17周 周三 第3节-第4节 馆1-104",4.0,数学学院,否,,"周一,周三",2009-2010-1,,200911108119360,"2006数学学院数学与应用数学,2006数学学院统计学,2006数学学院信息与计算科学",0,鼓楼校区,2009-2010学年 第1学期,19360,"馆1-104,馆1-104",,否,,,,,,0,随机过程,8,"第1节-第2节,第3节-第4节",逸夫馆,11081
64.0,400110,基础代数(20091-11093-1),200911109319354,,1,,58,"1-17周,1-17周",0,黄兆泳,"1-17周 周二 第3节-第4节 馆1-104,1-17周 周四 第3节-第4节 馆1-104",4.0,数学学院,否,,"周二,周四",2009-2010-1,,200911109319354,"2006数学学院数学与应用数学,2006数学学院统计学,2006数学学院信息与计算科学",0,鼓楼校区,2009-2010学年 第1学期,19354,"馆1-104,馆1-104",,否,,,,,,0,基础代数,8,"第3节-第4节,第3节-第4节",逸夫馆,11093
48.0,400110,复分析(20091-11110-1),200911111019365,,1,,59,2-17周,0,张高飞,2-17周 周三 第5节-第7节 教208,3.0,数学学院,否,,周三,2009-2010-1,,200911111019365,"2006数学学院数学与应用数学,2006数学学院统计学,2006数学学院信息与计算科学",0,鼓楼校区,2009-2010学年 第1学期,19365,教208,,否,,,,,,0,复分析,1,第5节-第7节,教学楼,11110
48.0,400110,紧黎曼曲面(20091-11111-1),200911111119352,,1,,24,1-17周,0,梅加强,1-17周 周二 第5节-第7节 馆2-103,3.0,数学学院,否,,周二,2009-2010-1,,200911111119352,"2006数学学院数学与应用数学,2006数学学院统计学,2006数学学院信息与计算科学",0,鼓楼校区,2009-2010学年 第1学期,19352,馆2-103,,否,,,,,,0,紧黎曼曲面,8,第5节-第7节,逸夫馆,11111
64.0,400110,现代分析(20091-11112-1),200911111219367,,1,,51,"1-17周,1-17周",0,程伟,"1-17周 周四 第1节-第2节 馆1-104,1-17周 周一 第3节-第4节 馆1-104",4.0,数学学院,否,,"周一,周四",2009-2010-1,,200911111219367,"2006数学学院数学与应用数学,2006数学学院统计学,2006数学学院信息与计算科学",0,鼓楼校区,2009-2010学年 第1学期,19367,"馆1-104,馆1-104",,否,,,,,,0,现代分析,8,"第3节-第4节,第1节-第2节",逸夫馆,11112
48.0,400110,常微分方程几何理论(20091-111120-1),2009111112020798,,3,,20,"1-18周,1-17周(单)",0,尤建功,"1-18周 周二 第3节-第4节 仙Ⅱ-116,1-17周(单) 周五 第3节-第4节 仙Ⅱ-113",3.0,数学学院,否,,"周二,周五",2009-2010-1,,2009111112020798,2007数学学院数学与应用数学,0,仙林校区,2009-2010学年 第1学期,20798,"仙Ⅱ-116,仙Ⅱ-113",,否,,,,,,0,常微分方程几何理论,12,"第3节-第4节,第3节-第4节",仙II区,111120
0.0,400110,高等数学(20091-11112C-1),2009111112C20266,,3,,193,"1-18周,1-18周",0,苏维宜,"1-18周 周五 第3节-第4节 仙Ⅰ-106,1-18周 周一 第5节-第7节 图书馆125",0.0,数学学院,否,,"周一,周五",2009-2010-1,,2009111112C20266,"2008匡亚明学院理科强化班,2008匡亚明学院理强（数理方向）",0,仙林校区,2009-2010学年 第1学期,20266,"图书馆125,仙Ⅰ-106",,否,,,,,,0,高等数学,"11,18","第5节-第7节,第3节-第4节","仙I区, 图书馆",11112C
48.0,400110,基础数论(20091-11114-1),200911111419368,,1,,66,2-17周,0,孙智伟,2-17周 周四 第5节-第7节 教303,3.0,数学学院,否,,周四,2009-2010-1,,200911111419368,"2006数学学院数学与应用数学,2006数学学院统计学,2006数学学院信息与计算科学",0,鼓楼校区,2009-2010学年 第1学期,19368,教303,,否,,,,,,0,基础数论,1,第5节-第7节,教学楼,11114
48.0,400110,伽罗瓦理论(20091-111210-1),2009111121020799,,3,,21,"1-18周,2-18周(双)",0,秦厚荣,"2-18周(双) 周三 第5节-第6节 仙Ⅱ-317,1-18周 周二 第9节-第10节 仙Ⅱ-317",3.0,数学学院,否,,"周二,周三",2009-2010-1,,2009111121020799,2007数学学院数学与应用数学,0,仙林校区,2009-2010学年 第1学期,20799,"仙Ⅱ-317,仙Ⅱ-317",,否,,,,,,0,伽罗瓦理论,12,"第9节-第10节,第5节-第6节",仙II区,111210
48.0,400110,金融数学(20092-111211-1),2009111121137856,,1,,0,,0,,,3.0,数学学院,否,,,2009-2010-1,,2009111121137856,2006数学学院数学与应用数学,0,鼓楼校区,2009-2010学年 第1学期,37856,,,否,,,,,,0,金融数学,,,,111211
48.0,400120,大学物理实验(20091-120010A-1),20091120010A19405,,3,,173,1-18周,0,周进,1-18周 周二 第9节-第10节 ,3.0,物理学院,否,,周二,2009-2010-1,,20091120010A19405,2009物理学院物理学类,0,仙林校区,2009-2010学年 第1学期,19405,实验楼乙310,,否,,,,,,0,大学物理实验（一）,,第9节-第10节,,120010A
48.0,400120,大学物理实验(20091-120010A-3),20091120010A19831,,3,,73,1-18周,0,周进,1-18周 周二 第5节-第7节 ,3.0,物理学院,否,,周二,2009-2010-1,,20091120010A19831,2009计算机学院计算机科学类,0,仙林校区,2009-2010学年 第1学期,19831,实验楼乙310,,否,,,,,,0,大学物理实验（一）,,第5节-第7节,,120010A
48.0,400120,大学物理实验(20091-120010A-3),20091120010A19935,,3,,130,1-18周,0,周进,1-18周 周一 第9节-第10节 ,3.0,物理学院,否,,周一,2009-2010-1,,20091120010A19935,,0,仙林校区,2009-2010学年 第1学期,19935,实验楼乙310,,否,,,,,,0,大学物理实验（一）,,第9节-第10节,,120010A
48.0,400120,大学物理实验(20091-120010A-4),20091120010A19937,,3,,128,1-18周,0,周进,1-18周 周二 第9节-第11节 ,3.0,物理学院,否,,周二,2009-2010-1,,20091120010A19937,,0,仙林校区,2009-2010学年 第1学期,19937,实验楼乙310,,否,,,,,,0,大学物理实验（一）,,第9节-第11节,,120010A
48.0,400120,大学物理实验(20091-120010A-5),20091120010A20287,,3,,121,1-18周,0,周进,1-18周 周一 第9节-第11节 ,3.0,物理学院,否,,周一,2009-2010-1,,20091120010A20287,2009生命科学学院生物科学（基地）,0,仙林校区,2009-2010学年 第1学期,20287,实验楼乙310,,否,,,,,,0,大学物理实验（一）,,第9节-第11节,,120010A
48.0,400120,大学物理实验(20091-120010A-6),20091120010A20393,,3,,64,1-18周,0,周进,1-18周 周四 第9节-第10节 ,3.0,物理学院,否,,周四,2009-2010-1,,20091120010A20393,,0,仙林校区,2009-2010学年 第1学期,20393,实验楼乙310,,否,,,,,,0,大学物理实验（一）,,第9节-第10节,,120010A
48.0,400120,大学物理实验(20091-120010A-7),20091120010A20761,,3,,194,1-18周,0,周进,1-18周 周三 第9节-第11节 ,3.0,物理学院,否,,周三,2009-2010-1,,20091120010A20761,"2009电子科学与工程学院电子信息科学与技术,2009电子科学与工程学院通信工程,2009电子科学与工程学院声学",0,仙林校区,2009-2010学年 第1学期,20761,实验楼乙310,,否,,,,,,0,大学物理实验（一）,,第9节-第11节,,120010A
48.0,400120,大学物理实验(20091-120010A-8),20091120010A21257,,3,,233,1-18周,0,周进,1-18周 周一 第5节-第7节 ,3.0,物理学院,否,,周一,2009-2010-1,,20091120010A21257,"2009物理学院物理基地,2009匡亚明学院理强（数理方向）,2009匡亚明学院理科强化班,2009化学学院化学(基地)",0,仙林校区,2009-2010学年 第1学期,21257,实验楼乙310,,否,,,,,,0,大学物理实验（一）,,第5节-第7节,,120010A
48.0,400120,大学物理实验(20091-120010A-9),20091120010A21266,,3,,121,1-18周,0,周进,1-18周 周四 第9节-第11节 ,3.0,物理学院,否,,周四,2009-2010-1,,20091120010A21266,,0,仙林校区,2009-2010学年 第1学期,21266,实验楼乙310,,否,,,,,,0,大学物理实验（一）,,第9节-第11节,,120010A
48.0,400120,力学(20091-120020-1),2009112002019400,,3,,106,"1-18周,1-18周",0,王思慧,"1-18周 周二 第3节-第4节 仙Ⅱ-405,1-18周 周四 第3节-第4节 仙Ⅱ-405",3.0,物理学院,否,,"周二,周四",2009-2010-1,,2009112002019400,2009物理学院物理学类,0,仙林校区,2009-2010学年 第1学期,19400,"仙Ⅱ-405,仙Ⅱ-405",,否,,,,,,0,力学,12,"第3节-第4节,第3节-第4节",仙II区,120020
48.0,400120,力学(20091-120020-2),2009112002019404,,3,,74,"1-18周,1-18周",0,张若筠,"1-18周 周二 第3节-第4节 仙Ⅱ-404,1-18周 周四 第3节-第4节 仙Ⅱ-305",3.0,物理学院,否,,"周二,周四",2009-2010-1,,2009112002019404,2009物理学院物理学类,0,仙林校区,2009-2010学年 第1学期,19404,"仙Ⅱ-404,仙Ⅱ-305",,否,,,,,,0,力学,12,"第3节-第4节,第3节-第4节",仙II区,120020
96.0,400120,微机原理与应用(20091-12003-1),200911200319356,,3,,169,"1-18周,1-18周,1-18周",0,冯小宁,"1-18周 周五 第3节-第4节 逸B-101,1-18周 周五 第5节-第6节 ,1-18周 周三 第5节-第6节 逸B-101",6.0,物理学院,否,,"周三,周五,周五",2009-2010-1,,200911200319356,2007物理学院物理学,0,仙林校区,2009-2010学年 第1学期,19356,"逸B-101,逸B-101,物理楼211",,否,,,,,,0,微机原理与应用,16,"第5节-第6节,第3节-第4节,第5节-第6节",逸夫楼B区,12003
48.0,400120,电磁学(20091-12007-1),200911200719940,,3,,127,1-18周,0,苏为宁,1-18周 周三 第5节-第7节 仙Ⅱ-404,3.0,物理学院,否,,周三,2009-2010-1,,200911200719940,"2008现代工程与应用科学学院材料物理,2008现代工程与应用科学学院材料化学",0,仙林校区,2009-2010学年 第1学期,19940,仙Ⅱ-404,,否,,,,,,0,电磁学,12,第5节-第7节,仙II区,12007
48.0,400120,光学(20091-12008-1),200911200819380,,3,,185,"1-17周(单),1-18周",0,丁剑平,"1-17周(单) 周二 第1节-第2节 逸A-117,1-18周 周五 第3节-第4节 逸A-117",3.0,物理学院,否,,"周二,周五",2009-2010-1,,200911200819380,2008物理学院物理学,0,仙林校区,2009-2010学年 第1学期,19380,"逸A-117,逸A-117",,否,,,,,,0,光学,15,"第1节-第2节,第3节-第4节",逸夫楼A区,12008
48.0,400120,原子与亚原子物理学(20091-12009-1),200911200919381,,3,,173,"1-18周,2-18周(双)",0,李明哲,"2-18周(双) 周五 第1节-第2节 逸A-117,1-18周 周三 第3节-第4节 逸A-117",3.0,物理学院,否,,"周三,周五",2009-2010-1,,200911200919381,2008物理学院物理学,0,仙林校区,2009-2010学年 第1学期,19381,"逸A-117,逸A-117",,否,,,,,,0,原子与亚原子物理学,15,"第3节-第4节,第1节-第2节",逸夫楼A区,12009
48.0,400120,理论力学(20091-12011-1),200911201119832,,3,,74,1-18周,0,任春来,1-18周 周三 第5节-第7节 仙Ⅱ-110,3.0,物理学院,否,,周三,2009-2010-1,,200911201119832,,0,仙林校区,2009-2010学年 第1学期,19832,仙Ⅱ-110,,否,,,,,,0,理论力学,12,第5节-第7节,仙II区,12011
48.0,400120,理论力学(20091-12011-2),200911201120291,,3,,183,"1-18周,1-18周",0,鞠国兴,"1-18周 周三 第3节-第4节 图书馆125,1-18周 周五 第5节-第6节 图书馆125",3.0,物理学院,否,,"周三,周五",2009-2010-1,,200911201120291,2008匡亚明学院理强（数理方向）,0,仙林校区,2009-2010学年 第1学期,20291,"无,无",,否,,,,,,0,理论力学,,"第3节-第4节,第5节-第6节",,12011
32.0,400120,近代物理实验(20091-12013-1),200911201319309,,1,,183,"1-18周,1-18周",0,黄润生,"1-18周 周四 第5节-第7节 ,1-18周 周三 第9节-第11节 ",2.0,物理学院,否,,"周四,周三",2009-2010-1,,200911201319309,2006物理学院物理学,0,鼓楼校区,2009-2010学年 第1学期,19309,"物理楼203,物理楼203",,否,,,,,,0,近代物理实验,,"第5节-第7节,第9节-第11节",,12013
32.0,400120,近代物理实验(20091-12013-2),200911201319311,,1,,0,"1-18周,1-18周",0,黄润生,"1-18周 周三 第9节-第11节 ,1-18周 周四 第9节-第11节 ",2.0,物理学院,否,,"周四,周三",2009-2010-1,,200911201319311,2006物理学院物理学,0,鼓楼校区,2009-2010学年 第1学期,19311,"物理楼203,物理楼203",,否,,,,,,0,近代物理实验,,"第9节-第11节,第9节-第11节",,12013
32.0,400120,近代物理实验(20091-12013-5),200911201320743,,1,,30,"1-17周,1-18周",0,黄润生,"1-18周 周五 第5节-第8节 ,1-17周 周三 第9节-第11节 ",2.0,物理学院,否,,"周三,周五",2009-2010-1,,200911201320743,2006匡亚明学院理强（数理方向）,0,鼓楼校区,2009-2010学年 第1学期,20743,"物理楼203,物理楼203",,否,,,,,,0,近代物理实验,,"第9节-第11节,第5节-第8节",,12013
32.0,400120,近代物理实验(20091-12013-4),200911201320770,,1,,26,1-18周,0,黄润生,1-18周 周五 第9节-第12节 ,2.0,物理学院,否,,周五,2009-2010-1,,200911201320770,2006天文与空间科学学院天文学,0,鼓楼校区,2009-2010学年 第1学期,20770,物理楼203,,否,,,,,,0,近代物理实验,,第9节-第12节,,12013
64.0,400120,量子力学(20091-12014-1),200911201419362,,3,,223,"1-18周,1-17周(单)",0,李建新,"1-18周 周一 第3节-第4节 逸B-212,1-17周(单) 周三 第3节-第4节 逸B-212",4.0,物理学院,否,,"周一,周三",2009-2010-1,,200911201419362,2007物理学院物理学,0,仙林校区,2009-2010学年 第1学期,19362,"逸B-212,逸B-212",,否,,,,,,0,量子力学,16,"第3节-第4节,第3节-第4节",逸夫楼B区,12014
64.0,400120,量子力学(20091-12014-2),200911201420276,,3,,227,"1-18周,1-18周",0,沈瑞,"1-18周 周一 第5节-第6节 图书馆126,1-18周 周五 第7节-第8节 图书馆126",4.0,物理学院,否,,"周一,周五",2009-2010-1,,200911201420276,"2007天文与空间科学学院天文学,2007匡亚明学院理强（数理方向）",0,仙林校区,2009-2010学年 第1学期,20276,"图书馆126,图书馆126",,否,,,,,,0,量子力学,18,"第5节-第6节,第7节-第8节",图书馆,12014
0.0,400120,量子力学习题(20091-12014A-1),2009112014A20086,,3,,157,2-18周(双),0,朱信华,2-18周(双) 周三 第3节-第4节 逸B-212,0.0,物理学院,否,,周三,2009-2010-1,,2009112014A20086,2007物理学院物理学,0,仙林校区,2009-2010学年 第1学期,20086,逸B-212,,否,,,,,,0,量子力学习题,16,第3节-第4节,逸夫楼B区,12014A
48.0,400120,电动力学(20091-12015-1),200911201519364,,3,,164,"1-18周,1-17周(单)",0,王振林,"1-18周 周二 第3节-第4节 仙Ⅰ-107,1-17周(单) 周四 第3节-第4节 仙Ⅱ-207",3.0,物理学院,否,,"周二,周四",2009-2010-1,,200911201519364,2007物理学院物理学,0,仙林校区,2009-2010学年 第1学期,19364,"仙Ⅰ-107,仙Ⅱ-207",,否,,,,,,0,电动力学,"11,12","第3节-第4节,第3节-第4节","仙I区, 仙II区",12015
48.0,400120,电动力学(20091-12015-2),200911201520277,,3,,116,1-18周,0,杨绍光,1-18周 周三 第5节-第7节 逸B-212,3.0,物理学院,否,,周三,2009-2010-1,,200911201520277,"2007天文与空间科学学院天文学,2007匡亚明学院理强（数理方向）",0,仙林校区,2009-2010学年 第1学期,20277,逸B-212,,否,,,,,,0,电动力学,16,第5节-第7节,逸夫楼B区,12015
0.0,400120,电动力学习题(20091-12015A-1),2009112015A19370,,3,,157,2-18周(双),0,詹鹏,2-18周(双) 周四 第3节-第4节 逸B-101,0.0,物理学院,否,,周四,2009-2010-1,,2009112015A19370,2007物理学院物理学,0,仙林校区,2009-2010学年 第1学期,19370,逸B-101,,否,,,,,,0,电动力学习题,16,第3节-第4节,逸夫楼B区,12015A
64.0,400120,固体物理(20091-12016-2),200911201620275,,3,,85,"1-18周,1-18周",0,顾民,"1-18周 周二 第3节-第4节 仙Ⅰ-115,1-18周 周五 第3节-第4节 仙Ⅰ-115",4.0,物理学院,否,,"周二,周五",2009-2010-1,,200911201620275,2007匡亚明学院理强（数理方向）,0,仙林校区,2009-2010学年 第1学期,20275,"仙Ⅰ-115,仙Ⅰ-115",,否,,,,,,0,固体物理,11,"第3节-第4节,第3节-第4节",仙I区,12016
,200090,最优化理论与方法,200911201B010020976,,1,,0,1-18周,0,,1-18周 周三 第5节-第7节 教201,,研究生院,否,,周三,2009-2010-1,,200911201B010020976,,0,鼓楼校区,2009-2010学年 第1学期,20976,教201,,否,,,,,,0,,1,第5节-第7节,教学楼,1201B0100
,200090,信息系统分析与设计,200911201B030020977,,1,,0,1-18周,0,,1-18周 周二 第3节-第4节 教202,,研究生院,否,,周二,2009-2010-1,,200911201B030020977,,0,鼓楼校区,2009-2010学年 第1学期,20977,教202,,否,,,,,,0,,1,第3节-第4节,教学楼,1201B0300
,200090,计量金融,200911201C010020978,,1,,0,1-18周,0,,1-18周 周四 第2节-第4节 教202,,研究生院,否,,周四,2009-2010-1,,200911201C010020978,,0,鼓楼校区,2009-2010学年 第1学期,20978,教202,,否,,,,,,0,,1,第2节-第4节,教学楼,1201C0100
,200090,概率论与随机过程基础,200911201C020020979,,1,,0,1-18周,0,,1-18周 周二 第1节-第2节 教202,,研究生院,否,,周二,2009-2010-1,,200911201C020020979,,0,鼓楼校区,2009-2010学年 第1学期,20979,教202,,否,,,,,,0,,1,第1节-第2节,教学楼,1201C0200
,200090,决策与博弈论,200911201C030020980,,1,,0,1-18周,0,,1-18周 周四 第5节-第7节 教121,,研究生院,否,,周四,2009-2010-1,,200911201C030020980,,0,鼓楼校区,2009-2010学年 第1学期,20980,教121,,否,,,,,,0,,1,第5节-第7节,教学楼,1201C0300
,200090,企业资源管理与控制,200911201C050020981,,1,,0,1-18周,0,,1-18周 周四 第9节-第10节 教201,,研究生院,否,,周四,2009-2010-1,,200911201C050020981,,0,鼓楼校区,2009-2010学年 第1学期,20981,教201,,否,,,,,,0,,1,第9节-第10节,教学楼,1201C0500
,200090,应用软件开发基础,200911201C060020988,,1,,0,1-18周,0,,1-18周 周五 第3节-第4节 馆3-205,,研究生院,否,,周五,2009-2010-1,,200911201C060020988,,0,鼓楼校区,2009-2010学年 第1学期,20988,馆3-205,,否,,,,,,0,,8,第3节-第4节,逸夫馆,1201C0600
,200090,项目管理,200911201C080020982,,1,,0,1-18周,0,,1-18周 周五 第5节-第6节 馆1-105,,研究生院,否,,周五,2009-2010-1,,200911201C080020982,,0,鼓楼校区,2009-2010学年 第1学期,20982,馆1-105,,否,,,,,,0,,8,第5节-第6节,逸夫馆,1201C0800
,200090,企业管理咨询,200911201D010020983,,1,,0,1-18周,0,,1-18周 周二 第9节-第10节 教201,,研究生院,否,,周二,2009-2010-1,,200911201D010020983,,0,鼓楼校区,2009-2010学年 第1学期,20983,教201,,否,,,,,,0,,1,第9节-第10节,教学楼,1201D0100
,200090,金融机构管理研究,200911201D060020984,,1,,0,1-18周,0,,1-18周 周五 第1节-第2节 馆1-307,,研究生院,否,,周五,2009-2010-1,,200911201D060020984,,0,鼓楼校区,2009-2010学年 第1学期,20984,馆1-307,,否,,,,,,0,,8,第1节-第2节,逸夫馆,1201D0600
48.0,400120,数据结构与数据库(20091-12025-1),200911202519388,,3,,100,"1-18周,1-18周",0,潘红兵,"1-18周 周三 第5节-第6节 仙Ⅱ-304,1-18周 周三 第7节-第8节 ",3.0,物理学院,否,,"周三,周三",2009-2010-1,,200911202519388,2008物理学院物理学,0,仙林校区,2009-2010学年 第1学期,19388,"仙Ⅱ-304,实验楼乙107",,否,,,,,,0,数据结构与数据库,12,"第5节-第6节,第7节-第8节",仙II区,12025
48.0,400120,现代电子技术(20091-12029-1),200911202919373,,3,,92,1-18周,0,肖林,1-18周 周一 第5节-第7节 仙Ⅱ-103,3.0,物理学院,否,,周一,2009-2010-1,,200911202919373,2007物理学院物理学,0,仙林校区,2009-2010学年 第1学期,19373,仙Ⅱ-103,,否,,,,,,0,现代电子技术,12,第5节-第7节,仙II区,12029
32.0,400120,太阳能源工学(20091-12030-1),200911203019376,,3,,131,1-18周,0,徐骏,1-18周 周二 第5节-第6节 仙Ⅱ-304,2.0,物理学院,否,,周二,2009-2010-1,,200911203019376,2007物理学院物理学,0,仙林校区,2009-2010学年 第1学期,19376,仙Ⅱ-304,,否,,,,,,0,能源工学,12,第5节-第6节,仙II区,12030
32.0,400120,基础物理综合(20091-12039-1),200911203919269,,1,,87,1-17周,0,沈瑞,1-17周 周二 第3节-第4节 馆1-105,2.0,物理学院,否,,周二,2009-2010-1,,200911203919269,2006物理学院物理学,0,鼓楼校区,2009-2010学年 第1学期,19269,馆1-105,,否,,,,,,0,基础物理综合,8,第3节-第4节,逸夫馆,12039
,200090,公共部门人力资源管理专题研究,20091120401D0220836,,1,,0,1-18周,0,,1-18周 周二 第5节-第6节 教303,,研究生院,否,,周二,2009-2010-1,,20091120401D0220836,,0,鼓楼校区,2009-2010学年 第1学期,20836,教303,,否,,,,,,0,,1,第5节-第6节,教学楼,120401D02
,200090,组织社会学研究（博）,20091120401X0720850,,1,,0,1-18周,0,,1-18周 周四 第5节-第6节 教111,,研究生院,否,,周四,2009-2010-1,,20091120401X0720850,,0,鼓楼校区,2009-2010学年 第1学期,20850,教111,,否,,,,,,0,,1,第5节-第6节,教学楼,120401X07
,200090,社会政策理论与方法（博）,20091120401X0820848,,1,,0,2-18周(双),0,,2-18周(双) 周三 第5节-第8节 教115,,研究生院,否,,周三,2009-2010-1,,20091120401X0820848,,0,鼓楼校区,2009-2010学年 第1学期,20848,教115,,否,,,,,,0,,1,第5节-第8节,教学楼,120401X08
,200090,中国现代化研究（博）,20091120401X0920843,,1,,0,1-18周,0,,1-18周 周二 第3节-第4节 馆1-202,,研究生院,否,,周二,2009-2010-1,,20091120401X0920843,,0,鼓楼校区,2009-2010学年 第1学期,20843,馆1-202,,否,,,,,,0,,8,第3节-第4节,逸夫馆,120401X09
,200090,公共管理经典原著选读,20091120401X1020851,,1,,0,1-18周,0,,1-18周 周四 第5节-第6节 馆2-105,,研究生院,否,,周四,2009-2010-1,,20091120401X1020851,,0,鼓楼校区,2009-2010学年 第1学期,20851,馆2-105,,否,,,,,,0,,8,第5节-第6节,逸夫馆,120401X10
,200090,社会调查方法与数据分析,20091120401X1420852,,1,,0,1-18周,0,,1-18周 周五 第3节-第4节 馆1-103,,研究生院,否,,周五,2009-2010-1,,20091120401X1420852,,0,鼓楼校区,2009-2010学年 第1学期,20852,馆1-103,,否,,,,,,0,,8,第3节-第4节,逸夫馆,120401X14
,200090,公共财政研究,20091120401X1820853,,1,,0,1-18周,0,,1-18周 周五 第5节-第6节 馆1-103,,研究生院,否,,周五,2009-2010-1,,20091120401X1820853,,0,鼓楼校区,2009-2010学年 第1学期,20853,馆1-103,,否,,,,,,0,,8,第5节-第6节,逸夫馆,120401X18
,200090,高等教育管理,20091120403C0120866,,1,,0,1-18周,0,,1-18周 周五 第5节-第7节 教314,,研究生院,否,,周五,2009-2010-1,,20091120403C0120866,,0,鼓楼校区,2009-2010学年 第1学期,20866,教314,,否,,,,,,0,,1,第5节-第7节,教学楼,120403C01
,200090,社会工作与社会福利研究,20091120404C0220849,,1,,0,1-18周,0,,1-18周 周四 第3节-第4节 教307,,研究生院,否,,周四,2009-2010-1,,20091120404C0220849,,0,鼓楼校区,2009-2010学年 第1学期,20849,教307,,否,,,,,,0,,1,第3节-第4节,教学楼,120404C02
,200090,保险精算,20091120404C0320846,,1,,0,1-18周,0,,1-18周 周三 第3节-第4节 馆3-205,,研究生院,否,,周三,2009-2010-1,,20091120404C0320846,,0,鼓楼校区,2009-2010学年 第1学期,20846,馆3-205,,否,,,,,,0,,8,第3节-第4节,逸夫馆,120404C03
,200090,社会保障理论与制度,20091120404C0420847,,1,,0,1-17周(单),0,,1-17周(单) 周三 第5节-第8节 教115,,研究生院,否,,周三,2009-2010-1,,20091120404C0420847,,0,鼓楼校区,2009-2010学年 第1学期,20847,教115,,否,,,,,,0,,1,第5节-第8节,教学楼,120404C04
,200090,社会保险实务,20091120404C0520844,,1,,0,1-18周,0,,1-18周 周二 第5节-第6节 教311,,研究生院,否,,周二,2009-2010-1,,20091120404C0520844,,0,鼓楼校区,2009-2010学年 第1学期,20844,教311,,否,,,,,,0,,1,第5节-第6节,教学楼,120404C05
,200090,贫困与社会救助研究,20091120404D0420845,,1,,0,1-18周,0,,1-18周 周一 第5节-第6节 教115,,研究生院,否,,周一,2009-2010-1,,20091120404D0420845,,0,鼓楼校区,2009-2010学年 第1学期,20845,教115,,否,,,,,,0,,1,第5节-第6节,教学楼,120404D04
,200090,土地经济学,20091120405C0321095,,1,,0,1-18周,0,,1-18周 周一 第5节-第6节 教405,,研究生院,否,,周一,2009-2010-1,,20091120405C0321095,,0,鼓楼校区,2009-2010学年 第1学期,21095,教405,,否,,,,,,0,,1,第5节-第6节,教学楼,120405C03
,200090,土地管理与房地产开发研究,20091120405D0121096,,1,,0,1-18周,0,,1-18周 周五 第3节-第4节 馆2-105,,研究生院,否,,周五,2009-2010-1,,20091120405D0121096,,0,鼓楼校区,2009-2010学年 第1学期,21096,馆2-105,,否,,,,,,0,,8,第3节-第4节,逸夫馆,120405D01
,200090,资源环境经济与政策,20091120405D0321097,,1,,0,1-18周,0,,1-18周 周一 第1节-第2节 教304,,研究生院,否,,周一,2009-2010-1,,20091120405D0321097,,0,鼓楼校区,2009-2010学年 第1学期,21097,教304,,否,,,,,,0,,1,第1节-第2节,教学楼,120405D03
32.0,400120,半导体器件原理(20091-12046-1),200911204619284,,1,,55,"2-18周(双),1-18周",0,顾书林,"2-18周(双) 周二 第1节-第2节 馆1-205,1-18周 周四 第3节-第4节 馆1-205",2.0,物理学院,否,,"周二,周四",2009-2010-1,,200911204619284,2006物理学院物理学,0,鼓楼校区,2009-2010学年 第1学期,19284,"馆1-205,馆1-205",,否,,,,,,0,半导体器件原理,8,"第1节-第2节,第3节-第4节",逸夫馆,12046
48.0,400120,晶体物理性能(20091-12049-1),200911204919289,,1,,48,"1-18周,1-18周",0,朱劲松,"1-18周 周四 第3节-第4节 教204,1-18周 周一 第5节-第6节 教204",3.0,物理学院,否,,"周一,周四",2009-2010-1,,200911204919289,2006物理学院物理学,0,鼓楼校区,2009-2010学年 第1学期,19289,"教204,教204",,否,,,,,,0,晶体物理性能,1,"第5节-第6节,第3节-第4节",教学楼,12049
,200090,公共管理研究,200911204B020020827,,1,,0,5-18周,0,,5-18周 周一 第3节-第4节 教306,,研究生院,否,,周一,2009-2010-1,,200911204B020020827,,0,鼓楼校区,2009-2010学年 第1学期,20827,教306,,否,,,,,,0,,1,第3节-第4节,教学楼,1204B0200
,200090,图书馆学理论与方法研究,20091120501C0120970,,1,,0,1-18周,0,,1-18周 周四 第3节-第4节 馆2-203,,研究生院,否,,周四,2009-2010-1,,20091120501C0120970,,0,鼓楼校区,2009-2010学年 第1学期,20970,馆2-203,,否,,,,,,0,,8,第3节-第4节,逸夫馆,120501C01
,200090,数字图书馆技术,20091120501C0220971,,1,,0,1-18周,0,,1-18周 周五 第1节-第2节 教211,,研究生院,否,,周五,2009-2010-1,,20091120501C0220971,,0,鼓楼校区,2009-2010学年 第1学期,20971,教211,,否,,,,,,0,,1,第1节-第2节,教学楼,120501C02
,200090,文献学研究,20091120501C0320972,,1,,0,1-18周,0,,1-18周 周三 第1节-第2节 教207,,研究生院,否,,周三,2009-2010-1,,20091120501C0320972,,0,鼓楼校区,2009-2010学年 第1学期,20972,教207,,否,,,,,,0,,1,第1节-第2节,教学楼,120501C03
,200090,专类工具书研究,20091120501D0320973,,1,,0,1-18周,0,,1-18周 周五 第3节-第4节 馆1-302,,研究生院,否,,周五,2009-2010-1,,20091120501D0320973,,0,鼓楼校区,2009-2010学年 第1学期,20973,馆1-302,,否,,,,,,0,,8,第3节-第4节,逸夫馆,120501D03
,200090,信息资源建设,20091120501D2320974,,1,,0,1-18周,0,,1-18周 周二 第3节-第4节 馆2-101,,研究生院,否,,周二,2009-2010-1,,20091120501D2320974,,0,鼓楼校区,2009-2010学年 第1学期,20974,馆2-101,,否,,,,,,0,,8,第3节-第4节,逸夫馆,120501D23
,200090,情报学理论与方法,20091120502C0120963,,1,,0,1-18周,0,,1-18周 周四 第5节-第7节 教104,,研究生院,否,,周四,2009-2010-1,,20091120502C0120963,,0,鼓楼校区,2009-2010学年 第1学期,20963,教104,,否,,,,,,0,,1,第5节-第7节,教学楼,120502C01
,200090,信息处理与检索技术,20091120502C0220964,,1,,0,1-18周,0,,1-18周 周五 第5节-第7节 教207,,研究生院,否,,周五,2009-2010-1,,20091120502C0220964,,0,鼓楼校区,2009-2010学年 第1学期,20964,教207,,否,,,,,,0,,1,第5节-第7节,教学楼,120502C02
,200090,网络信息资源检索与利用,20091120502D0420965,,1,,0,1-18周,0,,1-18周 周四 第3节-第4节 馆2-105,,研究生院,否,,周四,2009-2010-1,,20091120502D0420965,,0,鼓楼校区,2009-2010学年 第1学期,20965,馆2-105,,否,,,,,,0,,8,第3节-第4节,逸夫馆,120502D04
,200090,新型传媒研究,20091120502D0620969,,1,,0,1-18周,0,,1-18周 周一 第1节-第2节 教207,,研究生院,否,,周一,2009-2010-1,,20091120502D0620969,,0,鼓楼校区,2009-2010学年 第1学期,20969,教207,,否,,,,,,0,,1,第1节-第2节,教学楼,120502D06
,200090,信息技术研究,20091120502D1920966,,1,,0,1-18周,0,,1-18周 周二 第3节-第4节 教205,,研究生院,否,,周二,2009-2010-1,,20091120502D1920966,,0,鼓楼校区,2009-2010学年 第1学期,20966,教205,,否,,,,,,0,,1,第3节-第4节,教学楼,120502D19
,200090,知识管理,20091120502D2020968,,1,,0,1-18周,0,,1-18周 周三 第3节-第4节 教104,,研究生院,否,,周三,2009-2010-1,,20091120502D2020968,,0,鼓楼校区,2009-2010学年 第1学期,20968,教104,,否,,,,,,0,,1,第3节-第4节,教学楼,120502D20
,200090,信息保密与信息安全,20091120502D2220967,,1,,0,1-18周,0,,1-18周 周五 第3节-第4节 馆2-202,,研究生院,否,,周五,2009-2010-1,,20091120502D2220967,,0,鼓楼校区,2009-2010学年 第1学期,20967,馆2-202,,否,,,,,,0,,8,第3节-第4节,逸夫馆,120502D22
32.0,400120,磁性材料(20091-12053-1),200911205319292,,1,,39,1-18周,0,"杨炎炎,唐少龙",1-18周 周三 第1节-第2节 教304,2.0,物理学院,否,,周三,2009-2010-1,,200911205319292,2006物理学院物理学,0,鼓楼校区,2009-2010学年 第1学期,19292,教304,,否,,,,,,0,磁性材料,1,第1节-第2节,教学楼,12053
80.0,400120,高等量子力学(20091-12056-1),200911205619294,,1,,102,"1-18周,1-18周,1-17周(单)",0,李俊,"1-17周(单) 周四 第1节-第2节 教222,1-18周 周一 第7节-第8节 教222,1-18周 周二 第5节-第6节 教222",5.0,物理学院,否,,"周一,周二,周四",2009-2010-1,,200911205619294,2006物理学院物理学,0,鼓楼校区,2009-2010学年 第1学期,19294,"教222,教222,教222",,否,,,,,,0,高等量子力学,1,"第7节-第8节,第5节-第6节,第1节-第2节",教学楼,12056
48.0,400120,生物物理学(20091-12057-1),200911205719300,,1,,32,"1-17周(单),1-18周",0,王炜,"1-17周(单) 周二 第1节-第2节 教208,1-18周 周五 第5节-第6节 教208",3.0,物理学院,否,,"周二,周五",2009-2010-1,,200911205719300,2006物理学院物理学,0,鼓楼校区,2009-2010学年 第1学期,19300,"教208,教208",,否,,,,,,0,生物物理 ,1,"第1节-第2节,第5节-第6节",教学楼,12057
,200090,信息科学原理,200911205B010020961,,1,,0,3-18周,0,,3-18周 周一 第5节-第7节 馆1-102,,研究生院,否,,周一,2009-2010-1,,200911205B010020961,,0,鼓楼校区,2009-2010学年 第1学期,20961,馆1-102,,否,,,,,,0,,8,第5节-第7节,逸夫馆,1205B0100
,200090,信息资源管理技术,200911205B020020962,,1,,0,1-18周,0,,1-18周 周三 第5节-第7节 馆1-102,,研究生院,否,,周三,2009-2010-1,,200911205B020020962,,0,鼓楼校区,2009-2010学年 第1学期,20962,馆1-102,,否,,,,,,0,,8,第5节-第7节,逸夫馆,1205B0200
,200090,图书馆学情报学前沿研究,200911205X0120975,,1,,0,1-18周,0,,1-18周 周四 第3节-第4节 馆2-207,,研究生院,否,,周四,2009-2010-1,,200911205X0120975,,0,鼓楼校区,2009-2010学年 第1学期,20975,馆2-207,,否,,,,,,0,,8,第3节-第4节,逸夫馆,1205X01
48.0,400120,超导物理与器件(20091-12061-1),200911206119302,,1,,37,"1-17周(单),1-18周",0,王智河,"1-17周(单) 周二 第1节-第2节 教205,1-18周 周五 第5节-第6节 教205",3.0,物理学院,否,,"周二,周五",2009-2010-1,,200911206119302,2006物理学院物理学,0,鼓楼校区,2009-2010学年 第1学期,19302,"教205,教205",,否,,,,,,0,超导物理与器件,1,"第1节-第2节,第5节-第6节",教学楼,12061
32.0,400120,演示物理(20091-120610-1),2009112061019407,,3,,80,1-18周,0,"潘永华,高惠滨",1-18周 周一 第3节-第4节 ,2.0,物理学院,否,,周一,2009-2010-1,,2009112061019407,2009物理学院物理学类,0,仙林校区,2009-2010学年 第1学期,19407,实验楼丙310,,否,,,,,,0,演示物理,,第3节-第4节,,120610
32.0,400120,物理学史(20091-120620-1),2009112062019408,,3,,175,1-18周,0,钟伟,1-18周 周五 第3节-第4节 仙Ⅰ-107,2.0,物理学院,否,,周五,2009-2010-1,,2009112062019408,2009物理学院物理学类,0,仙林校区,2009-2010学年 第1学期,19408,仙Ⅰ-107,,否,,,,,,0,物理学史,11,第3节-第4节,仙I区,120620
48.0,400120,现代光学(20091-12063-1),200911206319306,,1,,30,1-18周,0,徐平,1-18周 周一 第5节-第7节 教206,3.0,物理学院,否,,周一,2009-2010-1,,200911206319306,2006物理学院物理学,0,鼓楼校区,2009-2010学年 第1学期,19306,教206,,否,,,,,,0,现代光学,1,第5节-第7节,教学楼,12063
48.0,400120,单片机原理与接口技术(20091-12066-1),200911206619283,,1,,46,1-18周,0,纪圣谋,1-18周 周三 第5节-第7节 教212,3.0,物理学院,否,,周三,2009-2010-1,,200911206619283,"2006物理学院物理学,2006匡亚明学院理强（数理方向）",0,鼓楼校区,2009-2010学年 第1学期,19283,教212,,否,,,,,,0,单片机原理与接口技术,1,第5节-第7节,教学楼,12066
32.0,400120,核物理实验方法与辐射防护(20091-12070-1),200911207019296,,1,,33,2-18周,0,赵经武,2-18周 周五 第3节-第4节 馆2-211,2.0,物理学院,否,,周五,2009-2010-1,,200911207019296,2006物理学院物理学,0,鼓楼校区,2009-2010学年 第1学期,19296,馆2-211,,否,,,,,,0,核物理实验方法与辐射防护,8,第3节-第4节,逸夫馆,12070
32.0,400120,微加工技术(20091-12076-1),200911207619286,,1,,36,1-18周,0,陆海,1-18周 周一 第5节-第6节 馆2-306,2.0,物理学院,否,,周一,2009-2010-1,,200911207619286,2006物理学院物理学,0,鼓楼校区,2009-2010学年 第1学期,19286,馆2-306,,否,,,,,,0,微加工技术,8,第5节-第6节,逸夫馆,12076
48.0,400120,计算机基础(20091-120810-1),2009112081019399,,3,,174,"1-18周,1-18周",0,邹迎,"1-18周 周一 第5节-第6节 仙Ⅰ-206,1-18周 周一 第7节-第8节 ",3.0,物理学院,否,,"周一,周一",2009-2010-1,,2009112081019399,2009物理学院物理学类,0,仙林校区,2009-2010学年 第1学期,19399,"仙Ⅰ-206,实验楼乙201",,否,,,,,,0,计算机基础,11,"第5节-第6节,第7节-第8节",仙I区,120810
48.0,400120,软物质物理(20091-12085-1),200911208519278,,1,,28,"1-17周(单),1-18周",0,马余强,"1-18周 周五 第1节-第2节 馆1-205,1-17周(单) 周三 第3节-第4节 馆1-205",3.0,物理学院,否,,"周三,周五",2009-2010-1,,200911208519278,2006物理学院物理学,0,鼓楼校区,2009-2010学年 第1学期,19278,"馆1-205,馆1-205",,否,,,,,,0,软物质物理,8,"第3节-第4节,第1节-第2节",逸夫馆,12085
16.0,400120,物理学前沿讲座(20091-12088-1),200911208819384,,3,,165,2-18周(双),0,"秦猛,王炜",2-18周(双) 周一 第5节-第6节 仙Ⅰ-319,1.0,物理学院,否,,周一,2009-2010-1,,200911208819384,2008物理学院物理学,0,仙林校区,2009-2010学年 第1学期,19384,仙Ⅰ-319,,否,,,,,,0,物理学前沿讲座,11,第5节-第6节,仙I区,12088
32.0,400120,数据统计与分析(20091-12089-1),200911208919387,,3,,141,1-18周,0,秦猛,1-18周 周二 第3节-第4节 仙Ⅱ-304,2.0,物理学院,否,,周二,2009-2010-1,,200911208919387,2008物理学院物理学,0,仙林校区,2009-2010学年 第1学期,19387,仙Ⅱ-304,,否,,,,,,0,数据统计与分析,12,第3节-第4节,仙II区,12089
48.0,400120,激光原理技术(20091-12090-1),200911209019299,,1,,27,1-17周,0,樊亚仙,1-17周 周二 第5节-第7节 教204,3.0,物理学院,否,,周二,2009-2010-1,,200911209019299,2006物理学院物理学,0,鼓楼校区,2009-2010学年 第1学期,19299,教204,,否,,,,,,0,激光原理与技术,1,第5节-第7节,教学楼,12090
48.0,400120,理论物理综合【量子】(20091-12094-1),200911209419265,,1,,88,"1-18周,2-18周(双)",0,任中洲,"2-18周(双) 周四 第1节-第2节 馆1-205,1-18周 周一 第3节-第4节 馆1-205",3.0,物理学院,否,,"周一,周四",2009-2010-1,,200911209419265,2006物理学院物理学,0,鼓楼校区,2009-2010学年 第1学期,19265,"馆1-205,馆1-205",,否,,,,,,0,理论物理综合【量子】,8,"第3节-第4节,第1节-第2节",逸夫馆,12094
48.0,400120,理论物理综合【统计】(20091-12095-1),200911209519273,,1,,82,"1-18周,2-18周(双)",0,王强华,"1-18周 周一 第1节-第2节 馆1-205,2-18周(双) 周三 第3节-第4节 馆1-205",3.0,物理学院,否,,"周一,周三",2009-2010-1,,200911209519273,2006物理学院物理学,0,鼓楼校区,2009-2010学年 第1学期,19273,"馆1-205,馆1-205",,否,,,,,,0,理论物理综合【统计】,8,"第1节-第2节,第3节-第4节",逸夫馆,12095
64.0,400140,大学化学实验(20091-13002B-1),2009113002B20240,,3,,129,1-18周,0,赵静,1-18周 周三 第3节-第10节 ,4.0,化学学院,否,,周三,2009-2010-1,,2009113002B20240,2008匡亚明学院理科强化班,0,仙林校区,2009-2010学年 第1学期,20240,基础实验楼3楼,,否,,,,,,0,大学化学实验,,第3节-第10节,,13002B
48.0,400140,综合化学实验(20091-13005B-1),2009113005B36813,,1,,189,1-17周,0,,1-17周 周一 第1节-第2节 ,3.0,化学学院,否,,周一,2009-2010-1,,2009113005B36813,2006化学学院化学,0,鼓楼校区,2009-2010学年 第1学期,36813,化学楼,,否,,,,,,0,综合化学实验,,第1节-第2节,,13005B
64.0,400140,仪器分析(20091-13009-1),200911300919258,,3,,63,"1-18周,1-18周",0,毕树平,"1-18周 周二 第3节-第4节 仙Ⅱ-410,1-18周 周四 第5节-第6节 仙Ⅱ-410",4.0,化学学院,否,,"周二,周四",2009-2010-1,,200911300919258,"2007化学学院化学,2007环境学院环境科学",0,仙林校区,2009-2010学年 第1学期,19258,"仙Ⅱ-410,仙Ⅱ-410",,否,,,,,,0,仪器分析,12,"第3节-第4节,第5节-第6节",仙II区,13009
40.0,400140,仪器分析实验(20091-13010-1),200911301018931,,3,,0,1-18周,0,余晓冬,1-18周 周五 第3节-第10节 ,2.5,化学学院,否,,周五,2009-2010-1,,200911301018931,2007化学学院化学,0,仙林校区,2009-2010学年 第1学期,18931,基础实验楼4楼,,否,,,,,,0,仪器分析实验,,第3节-第10节,,13010
40.0,400140,仪器分析实验(20091-13010-2),200911301018960,,3,,185,1-18周,0,余晓冬,1-18周 周四 第3节-第10节 ,2.5,化学学院,否,,周四,2009-2010-1,,200911301018960,2007化学学院化学,0,仙林校区,2009-2010学年 第1学期,18960,基础实验楼4楼,,否,,,,,,0,仪器分析实验,,第3节-第10节,,13010
40.0,400140,仪器分析实验(20091-13010-3),200911301018962,,3,,29,1-18周,0,余晓冬,1-18周 周二 第3节-第10节 ,2.5,化学学院,否,,周二,2009-2010-1,,200911301018962,"2007化学学院化学,2007匡亚明学院理科强化班",0,仙林校区,2009-2010学年 第1学期,18962,基础实验楼4楼,,否,,,,,,0,仪器分析实验,,第3节-第10节,,13010
40.0,400140,仪器分析实验(20091-13010-4),200911301018963,,3,,14,1-18周,0,余晓冬,1-18周 周一 第3节-第10节 ,2.5,化学学院,否,,周一,2009-2010-1,,200911301018963,"2007化学学院化学,2007化学学院应用化学",0,仙林校区,2009-2010学年 第1学期,18963,基础实验楼4楼,,否,,,,,,0,仪器分析实验,,第3节-第10节,,13010
48.0,400140,大学化学(20091-130109A-1),20091130109A18916,,3,,139,"1-18周,1-18周",0,"杨贞,芦昌盛,王志林","1-18周 周五 第1节-第2节 仙Ⅰ-320,1-18周 周三 第3节-第4节 仙Ⅰ-320",3.0,化学学院,否,,"周三,周五",2009-2010-1,,20091130109A18916,,0,仙林校区,2009-2010学年 第1学期,18916,"仙Ⅰ-320,仙Ⅰ-320",,否,,,,,,0,大学化学,11,"第3节-第4节,第1节-第2节",仙I区,130109A
64.0,400140,近代仪器分析法(20091-13011-1),200911301118696,,1,,79,"1-17周,1-17周",0,"朱俊杰,姜立萍","1-17周 周五 第1节-第2节 教201,1-17周 周二 第3节-第4节 教201",4.0,化学学院,否,,"周二,周五",2009-2010-1,,200911301118696,2006化学学院化学,0,鼓楼校区,2009-2010学年 第1学期,18696,"教201,教201",,否,,,,,,0,近代仪器分析法,1,"第3节-第4节,第1节-第2节",教学楼,13011
48.0,400140,大学化学实验(20091-130119A-1),20091130119A18919,,3,,135,1-17周,0,赵静,1-17周 周一 第3节-第10节 ,3.0,化学学院,否,,周一,2009-2010-1,,20091130119A18919,,0,仙林校区,2009-2010学年 第1学期,18919,基础实验楼3楼,,否,,,,,,0,大学化学实验,,第3节-第10节,,130119A
48.0,400140,大学化学实验(20091-130119A-2),20091130119A18923,,3,,0,1-17周,0,赵静,1-17周 周二 第3节-第10节 ,3.0,化学学院,否,,周二,2009-2010-1,,20091130119A18923,,0,仙林校区,2009-2010学年 第1学期,18923,基础实验楼3楼,,否,,,,,,0,大学化学实验,,第3节-第10节,,130119A
48.0,400140,大学化学实验(20091-130119A-3),20091130119A21275,,3,,175,1-18周,0,赵静,1-18周 周六 第3节-第10节 ,3.0,化学学院,否,,周六,2009-2010-1,,20091130119A21275,"2009化学学院化学(基地),2009匡亚明学院理强（数理方向）,2009匡亚明学院理科强化班,2009生命科学学院生物科学（基地）",0,仙林校区,2009-2010学年 第1学期,21275,基础实验楼3楼,,否,,,,,,0,大学化学实验,,第3节-第10节,,130119A
32.0,400140,化学文献(20091-13014-1),200911301418675,,1,,199,1-17周,0,白志平,1-17周 周一 第1节-第2节 馆3-101,2.0,化学学院,否,,周一,2009-2010-1,,200911301418675,"2006化学学院化学,2006化学学院应用化学",0,鼓楼校区,2009-2010学年 第1学期,18675,馆3-101,,否,,,,,,0,化学文献,8,第1节-第2节,逸夫馆,13014
48.0,400140,有机化学(20091-13015A-1),2009113015A18672,,3,,163,"1-17周(单),2-18周(双),1-18周",0,"王杰,吴琳,潘毅","1-18周 周四 第1节-第2节 仙Ⅰ-206,2-18周(双) 周一 第3节-第4节 仙Ⅰ-206,1-17周(单) 周一 第3节-第4节 仙Ⅰ-206",3.0,化学学院,否,,"周一,周一,周四",2009-2010-1,,2009113015A18672,,0,仙林校区,2009-2010学年 第1学期,18672,"仙Ⅰ-206,仙Ⅰ-206,仙Ⅰ-206",,否,,,,,,0,有机化学,11,"第3节-第4节,第3节-第4节,第1节-第2节",仙I区,13015A
48.0,400140,有机化学(20091-13015A-2),2009113015A20257,,3,,145,"1-18周,1-18周",0,吴琳,"1-18周 周三 第1节-第2节 逸B-101,1-18周 周五 第5节-第7节 逸B-101",3.0,化学学院,否,,"周三,周五",2009-2010-1,,2009113015A20257,2008匡亚明学院理科强化班,0,仙林校区,2009-2010学年 第1学期,20257,"逸B-101,逸B-101",,否,,,,,,0,有机化学,16,"第1节-第2节,第5节-第7节",逸夫楼B区,13015A
0.0,400140,有机化学(20091-13015AB-1),2009113015AB19718,,3,,94,"1-18周,1-18周",0,丁孟辛,"1-18周 周一 第3节-第4节 仙Ⅰ-102,1-18周 周四 第5节-第7节 仙Ⅰ-102",0.0,化学学院,否,,"周一,周四",2009-2010-1,,2009113015AB19718,"2008环境学院环境工程,2008环境学院环境科学",0,仙林校区,2009-2010学年 第1学期,19718,"仙Ⅰ-102,仙Ⅰ-102",,否,,,,,,0,有机化学,11,"第3节-第4节,第5节-第7节",仙I区,13015AB
32.0,400140,有机化学实验(20091-13017A-1),2009113017A18673,,3,,133,1-17周(单),0,李琳,1-17周(单) 周二 第3节-第10节 ,2.0,化学学院,否,,周二,2009-2010-1,,2009113017A18673,,0,仙林校区,2009-2010学年 第1学期,18673,基础实验楼5楼,,否,,,,,,0,有机化学实验,,第3节-第10节,,13017A
32.0,400140,有机化学实验(20091-13017A-2),2009113017A18674,,3,,0,1-17周(单),0,李琳,1-17周(单) 周五 第3节-第10节 ,2.0,化学学院,否,,周五,2009-2010-1,,2009113017A18674,,0,仙林校区,2009-2010学年 第1学期,18674,基础实验楼5楼,,否,,,,,,0,有机化学实验,,第3节-第10节,,13017A
32.0,400140,有机化学实验(20091-13017A-3),2009113017A20245,,3,,56,2-18周(双),0,李琳,2-18周(双) 周四 第3节-第10节 ,2.0,化学学院,否,,周四,2009-2010-1,,2009113017A20245,,0,仙林校区,2009-2010学年 第1学期,20245,基础实验楼5楼,,否,,,,,,0,有机化学实验,,第3节-第10节,,13017A
32.0,400140,有机化学实验(20091-13017A-4),2009113017A20251,,3,,74,1-17周(单),0,李琳,1-17周(单) 周四 第3节-第10节 ,2.0,化学学院,否,,周四,2009-2010-1,,2009113017A20251,2008匡亚明学院理科强化班,0,仙林校区,2009-2010学年 第1学期,20251,基础实验楼5楼,,否,,,,,,0,有机化学实验,,第3节-第10节,,13017A
96.0,400140,有机化学实验(20091-13017AB-1),2009113017AB19721,,3,,92,2-18周(双),0,李琳,2-18周(双) 周三 第3节-第10节 ,6.0,化学学院,否,,周三,2009-2010-1,,2009113017AB19721,"2008环境学院环境工程,2008环境学院环境科学",0,仙林校区,2009-2010学年 第1学期,19721,基础实验楼5楼,,否,,,,,,0,有机化学实验,,第3节-第10节,,13017AB
48.0,400140,物理化学(20091-13019A-1),2009113019A19250,,3,,228,"1-18周,1-17周(单)",0,侯文华,"1-18周 周一 第1节-第2节 仙Ⅰ-319,1-17周(单) 周三 第3节-第4节 仙Ⅰ-319",3.0,化学学院,否,,"周一,周三",2009-2010-1,,2009113019A19250,"2007化学学院化学,2007环境学院环境科学,2007化学学院应用化学",0,仙林校区,2009-2010学年 第1学期,19250,"仙Ⅰ-319,仙Ⅰ-319",,否,,,,,,0,物理化学,11,"第1节-第2节,第3节-第4节",仙I区,13019A
80.0,400140,物理化学(20091-13019AB-1),2009113019AB19308,,3,,91,"1-18周,1-18周",0,王喜章,"1-18周 周四 第3节-第4节 仙Ⅰ-104,1-18周 周二 第5节-第6节 仙Ⅰ-104",5.0,化学学院,否,,"周二,周四",2009-2010-1,,2009113019AB19308,"2008生命科学学院生物科学类,2008生命科学学院生物技术（与药科大学联办）",0,仙林校区,2009-2010学年 第1学期,19308,"仙Ⅰ-104,仙Ⅰ-104",,否,,,,,,0,物理化学,11,"第5节-第6节,第3节-第4节",仙I区,13019AB
48.0,400140,结构化学(20091-13020-1),200911302021627,,3,,215,"2-18周(双),1-17周",0,马晶,"1-17周 周五 第1节-第2节 ,2-18周(双) 周六 第3节-第4节 ",3.0,化学学院,否,,"周六,周五",2009-2010-1,,200911302021627,"2007化学学院化学,2007匡亚明学院理强（生物化学）,2007化学学院应用化学",0,仙林校区,2009-2010学年 第1学期,21627,"仙2-207,仙1-106",,否,,,,,,0,结构化学,,"第3节-第4节,第1节-第2节",,13020
32.0,400140,等离子体化学基础(20091-13021-1),200911302118707,,1,,23,1-17周,0,胡征,1-17周 周四 第3节-第4节 教212,2.0,化学学院,否,,周四,2009-2010-1,,200911302118707,2006化学学院化学,0,鼓楼校区,2009-2010学年 第1学期,18707,教212,,否,,,,,,0,等离子体化学基础,1,第3节-第4节,教学楼,13021
48.0,400140,物理化学实验(20091-13023A-1),2009113023A18964,,3,,0,1-18周,0,邱金恒,1-18周 周二 第3节-第8节 ,3.0,化学学院,否,,周二,2009-2010-1,,2009113023A18964,2007化学学院化学,0,仙林校区,2009-2010学年 第1学期,18964,基础实验楼1楼,,否,,,,,,0,物理化学实验,,第3节-第8节,,13023A
48.0,400140,物理化学实验(20091-13023A-2),2009113023A18966,,3,,0,1-18周,0,邱金恒,1-18周 周一 第3节-第8节 ,3.0,化学学院,否,,周一,2009-2010-1,,2009113023A18966,2007化学学院化学,0,仙林校区,2009-2010学年 第1学期,18966,基础实验楼1楼,,否,,,,,,0,物理化学实验,,第3节-第8节,,13023A
48.0,400140,物理化学实验(20091-13023A-3),2009113023A18967,,3,,214,1-18周,0,邱金恒,1-18周 周五 第3节-第8节 ,3.0,化学学院,否,,周五,2009-2010-1,,2009113023A18967,"2007化学学院化学,2007环境学院环境科学,2007化学学院应用化学",0,仙林校区,2009-2010学年 第1学期,18967,基础实验楼1楼,,否,,,,,,0,物理化学实验,,第3节-第8节,,13023A
48.0,400140,物理化学实验(20091-13023A-4),2009113023A19318,,3,,137,1-18周,0,邱金恒,1-18周 周四 第3节-第8节 ,3.0,化学学院,否,,周四,2009-2010-1,,2009113023A19318,"2007现代工程与应用科学学院材料化学,2007匡亚明学院理科强化班",0,仙林校区,2009-2010学年 第1学期,19318,基础实验楼1楼,,否,,,,,,0,物理化学实验,,第3节-第8节,,13023A
64.0,400140,化学原理(20091-13025B-1),2009113025B20244,,3,,177,"1-18周,1-18周",0,葛欣,"1-18周 周一 第1节-第2节 仙Ⅰ-106,1-18周 周三 第9节-第10节 仙Ⅰ-106",4.0,化学学院,否,,"周一,周三",2009-2010-1,,2009113025B20244,2008匡亚明学院理科强化班,0,仙林校区,2009-2010学年 第1学期,20244,"仙Ⅰ-106,仙Ⅰ-106",,否,,,,,,0,化学原理,11,"第1节-第2节,第9节-第10节",仙I区,13025B
32.0,400140,化工热力学(20091-13027-1),200911302718708,,1,,21,1-17周,0,周政,1-17周 周四 第1节-第2节 教203,2.0,化学学院,否,,周四,2009-2010-1,,200911302718708,"2006化学学院化学,2006化学学院应用化学",0,鼓楼校区,2009-2010学年 第1学期,18708,教203,,否,,,,,,0,化工热力学,1,第1节-第2节,教学楼,13027
32.0,400140,高分子物理及物化(20091-13032-1),200911303218710,,1,,45,1-17周,0,胡文兵,1-17周 周五 第3节-第4节 教212,2.0,化学学院,否,,周五,2009-2010-1,,200911303218710,"2006化学学院化学,2006匡亚明学院理科强化班",0,鼓楼校区,2009-2010学年 第1学期,18710,教212,,否,,,,,,0,高分子物理及物化,1,第3节-第4节,教学楼,13032
16.0,400140,化工基础实验(20091-13036-1),200911303618676,,3,,0,1-17周(单),0,"周爱东,李磊",1-17周(单) 周二 第5节-第8节 ,1.0,化学学院,否,,周二,2009-2010-1,,200911303618676,2006化学学院化学,0,仙林校区,2009-2010学年 第1学期,18676,基础实验楼4楼,,否,,,,,,0,化工基础实验,,第5节-第8节,,13036
16.0,400140,化工基础实验(20091-13036-2),200911303618677,,3,,0,2-18周(双),0,"李磊,周爱东",2-18周(双) 周二 第5节-第8节 ,1.0,化学学院,否,,周二,2009-2010-1,,200911303618677,2006化学学院化学,0,仙林校区,2009-2010学年 第1学期,18677,基础实验楼4楼,,否,,,,,,0,化工基础实验,,第5节-第8节,,13036
16.0,400140,化工基础实验(20091-13036-3),200911303618679,,3,,189,1-17周(单),0,"周爱东,李磊",1-17周(单) 周三 第5节-第8节 ,1.0,化学学院,否,,周三,2009-2010-1,,200911303618679,2006化学学院化学,0,仙林校区,2009-2010学年 第1学期,18679,基础实验楼4楼,,否,,,,,,0,化工基础实验,,第5节-第8节,,13036
16.0,400140,化工基础实验(20091-13036-4),200911303618694,,3,,0,2-18周(双),0,"周爱东,李磊",2-18周(双) 周三 第5节-第8节 ,1.0,化学学院,否,,周三,2009-2010-1,,200911303618694,2006化学学院化学,0,仙林校区,2009-2010学年 第1学期,18694,基础实验楼4楼,,否,,,,,,0,化工基础实验,,第5节-第8节,,13036
16.0,400140,化工基础实验(20091-13036-5),200911303620751,,3,,0,2-18周,0,"周爱东,李磊",2-18周 周四 第5节-第8节 ,1.0,化学学院,否,,周四,2009-2010-1,,200911303620751,2006化学学院化学,0,仙林校区,2009-2010学年 第1学期,20751,基础实验楼4楼,,否,,,,,,0,化工基础实验,,第5节-第8节,,13036
48.0,400140,化工原理(20091-13040A-1),2009113040A19261,,3,,15,"1-18周,1-17周(单)",0,耿皎,"1-18周 周二 第1节-第2节 仙Ⅱ-316,1-17周(单) 周四 第3节-第4节 仙Ⅱ-316",3.0,化学学院,否,,"周二,周四",2009-2010-1,,2009113040A19261,2007化学学院应用化学,0,仙林校区,2009-2010学年 第1学期,19261,"仙Ⅱ-316,仙Ⅱ-316",,否,,,,,,0,化工原理,12,"第1节-第2节,第3节-第4节",仙II区,13040A
48.0,400140,化工制图(20091-13043-1),200911304319254,,3,,71,"1-18周,1-18周",0,朱静,"1-18周 周二 第1节-第2节 仙Ⅱ-304,1-18周 周四 第3节-第4节 仙Ⅰ-207",3.0,化学学院,否,,"周二,周四",2009-2010-1,,200911304319254,2007化学学院化学,0,仙林校区,2009-2010学年 第1学期,19254,"仙Ⅱ-304,仙Ⅰ-207",,否,,,,,,0,化工制图,"11,12","第1节-第2节,第3节-第4节","仙I区, 仙II区",13043
32.0,400140,高分子材料制备(20091-13052-1),200911305218714,,1,,44,1-17周,0,"吴石山,蒋锡群",1-17周 周三 第3节-第4节 教212,2.0,化学学院,否,,周三,2009-2010-1,,200911305218714,2006化学学院化学,0,鼓楼校区,2009-2010学年 第1学期,18714,教212,,否,,,,,,0,高分子材料制备,1,第3节-第4节,教学楼,13052
32.0,400140,今日化学系列讲座(20091-13053-1),200911305319255,,3,,196,1-18周,0,陈学太,1-18周 周三 第5节-第6节 仙Ⅱ-122,2.0,化学学院,否,,周三,2009-2010-1,,200911305319255,"2007化学学院化学,2007化学学院应用化学",0,仙林校区,2009-2010学年 第1学期,19255,仙Ⅱ-122,,否,,,,,,0,今日化学系列讲座,12,第5节-第6节,仙II区,13053
32.0,400140,分离科学(20091-13054-1),200911305418697,,1,,63,1-17周,0,练鸿振,1-17周 周三 第1节-第2节 教212,2.0,化学学院,否,,周三,2009-2010-1,,200911305418697,"2006化学学院化学,2006匡亚明学院理科强化班",0,鼓楼校区,2009-2010学年 第1学期,18697,教212,,否,,,,,,0,分离科学,1,第1节-第2节,教学楼,13054
32.0,400140,精细化学品导论(20091-13060-1),200911306018722,,1,,14,1-17周,0,,1-17周 周二 第3节-第4节 教204,2.0,化学学院,否,,周二,2009-2010-1,,200911306018722,2006化学学院应用化学,0,鼓楼校区,2009-2010学年 第1学期,18722,教204,,否,,,,,,0,精细化学品导论,1,第3节-第4节,教学楼,13060
32.0,400140,分离工程与应用(20091-13073-1),200911307319266,,3,,14,1-18周,0,吴有庭,1-18周 周二 第3节-第4节 仙Ⅱ-508,2.0,化学学院,否,,周二,2009-2010-1,,200911307319266,2007化学学院应用化学,0,仙林校区,2009-2010学年 第1学期,19266,仙Ⅱ-508,,否,,,,,,0,分离工程与应用,12,第3节-第4节,仙II区,13073
48.0,400140,波谱分析(20091-13077-1),200911307718699,,1,,70,"1-17周,1-17周(单)",0,杨晓亮,"1-17周 周二 第1节-第2节 教212,1-17周(单) 周五 第5节-第6节 教212",3.0,化学学院,否,,"周二,周五",2009-2010-1,,200911307718699,"2006化学学院化学,2006匡亚明学院理科强化班",0,鼓楼校区,2009-2010学年 第1学期,18699,"教212,教212",,否,,,,,,0,波谱分析,1,"第1节-第2节,第5节-第6节",教学楼,13077
64.0,400140,化工实习(20091-13079-1),200911307918718,,1,,14,1-17周,0,"周政,周建华",1-17周 自由时间 - ,4.0,化学学院,否,,自由时间,2009-2010-1,,200911307918718,2006化学学院应用化学,0,鼓楼校区,2009-2010学年 第1学期,18718,暑期学校,,否,,,,,,0,化工实习,,自由时间,,13079
16.0,400140,化学与生命(20091-130859-1),2009113085919248,,3,,7,4-11周,0,鞠熀先,4-11周 周四 第7节-第8节 仙Ⅱ-217,1.0,化学学院,否,,周四,2009-2010-1,,2009113085919248,,0,仙林校区,2009-2010学年 第1学期,19248,仙Ⅱ-217,,否,,,,,,0,化学与生命,12,第7节-第8节,仙II区,130859
16.0,400140,化学与能源(20091-130869-1),2009113086919249,,3,,8,12-18周,0,胡征,12-18周 周四 第7节-第8节 仙Ⅱ-217,1.0,化学学院,否,,周四,2009-2010-1,,2009113086919249,,0,仙林校区,2009-2010学年 第1学期,19249,仙Ⅱ-217,,否,,,,,,0,化学与能源,12,第7节-第8节,仙II区,130869
64.0,400140,大学化学(20091-133101-1),2009113310119301,,3,,67,"1-18周,1-18周",0,吴三械,"1-18周 周一 第3节-第4节 仙Ⅰ-115,1-18周 周三 第3节-第4节 仙Ⅰ-115",4.0,化学学院,否,,"周一,周三",2009-2010-1,,2009113310119301,2009生命科学学院生物科学类,0,仙林校区,2009-2010学年 第1学期,19301,"仙Ⅰ-115,仙Ⅰ-115",,否,,,,,,0,大学化学,11,"第3节-第4节,第3节-第4节",仙I区,133101
64.0,400140,大学化学(20091-133101-2),2009113310119524,,3,,77,1-18周,0,曹登科,1-18周 周三 第1节-第3节 仙Ⅰ-212,4.0,化学学院,否,,周三,2009-2010-1,,2009113310119524,,0,仙林校区,2009-2010学年 第1学期,19524,仙Ⅰ-212,,否,,,,,,0,大学化学,11,第1节-第3节,仙I区,133101
64.0,400140,大学化学(20091-133101-3),2009113310120160,,3,,69,"1-18周,1-18周",0,王志斌,"1-18周 周一 第3节-第4节 仙Ⅰ-216,1-18周 周三 第3节-第4节 仙Ⅰ-216",4.0,化学学院,否,,"周一,周三",2009-2010-1,,2009113310120160,,0,仙林校区,2009-2010学年 第1学期,20160,"仙Ⅰ-216,仙Ⅰ-216",,否,,,,,,0,大学化学,11,"第3节-第4节,第3节-第4节",仙I区,133101
64.0,400140,大学化学(20091-133101-4),2009113310120162,,3,,68,"1-18周,1-18周",0,沈旭杰,"1-18周 周一 第3节-第4节 仙Ⅰ-213,1-18周 周三 第3节-第4节 仙Ⅰ-213",4.0,化学学院,否,,"周一,周三",2009-2010-1,,2009113310120162,,0,仙林校区,2009-2010学年 第1学期,20162,"仙Ⅰ-213,仙Ⅰ-213",,否,,,,,,0,大学化学,11,"第3节-第4节,第3节-第4节",仙I区,133101
32.0,400140,大学化学实验(20091-133111-1),2009113311119305,,3,,66,2-18周(双),0,赵静,2-18周(双) 周五 第3节-第10节 ,2.0,化学学院,否,,周五,2009-2010-1,,2009113311119305,2009生命科学学院生物科学类,0,仙林校区,2009-2010学年 第1学期,19305,基础实验楼3楼,,否,,,,,,0,大学化学实验,,第3节-第10节,,133111
32.0,400140,大学化学实验(20091-133111-2),2009113311120169,,3,,136,1-17周(单),0,赵静,1-17周(单) 周五 第3节-第10节 ,2.0,化学学院,否,,周五,2009-2010-1,,2009113311120169,,0,仙林校区,2009-2010学年 第1学期,20169,基础实验楼3楼,,否,,,,,,0,大学化学实验,,第3节-第10节,,133111
32.0,400140,大学化学实验(20091-133111-3),2009113311121267,,3,,79,1-17周(单),0,赵静,1-17周(单) 周四 第3节-第10节 ,2.0,化学学院,否,,周四,2009-2010-1,,2009113311121267,2009物理学院物理基地,0,仙林校区,2009-2010学年 第1学期,21267,基础实验楼3楼,,否,,,,,,0,大学化学实验,,第3节-第10节,,133111
32.0,400140,大学化学实验(20091-133111-4),2009113311121268,,3,,31,2-18周(双),0,赵静,2-18周(双) 周四 第3节-第10节 ,2.0,化学学院,否,,周四,2009-2010-1,,2009113311121268,,0,仙林校区,2009-2010学年 第1学期,21268,基础实验楼3楼,,否,,,,,,0,大学化学实验,,第3节-第10节,,133111
64.0,400140,物理化学(20091-133401-1),2009113340120229,,3,,79,"1-18周,1-17周(单),1-18周",0,淳远,"1-18周 周二 第1节-第2节 仙Ⅰ-101,1-18周 周五 第5节-第6节 仙Ⅰ-101,1-17周(单) 周二 第3节-第4节 仙Ⅰ-101",4.0,化学学院,否,,"周二,周二,周五",2009-2010-1,,2009113340120229,2008医学院临床医学,0,仙林校区,2009-2010学年 第1学期,20229,"仙Ⅰ-101,仙Ⅰ-101,仙Ⅰ-101",,否,,,,,,0,物理化学,11,"第1节-第2节,第3节-第4节,第5节-第6节",仙I区,133401
0.0,400140,基础化学(20091-13603B-1),2009113603B19314,,3,,60,"1-18周,2-18周(双)",0,郭琳,"1-18周 周三 第3节-第4节 仙Ⅱ-213,2-18周(双) 周五 第5节-第6节 仙Ⅱ-213",0.0,化学学院,否,,"周三,周五",2009-2010-1,,2009113603B19314,"2008地球科学与工程学院地球化学,2008地球科学与工程学院水文与水资源工程,2008地球科学与工程学院地质工程",0,仙林校区,2009-2010学年 第1学期,19314,"仙Ⅱ-213,仙Ⅱ-213",,否,,,,,,0,基础化学,12,"第3节-第4节,第5节-第6节",仙II区,13603B
48.0,400220,普通生物学（上）(20091-140011A-1),20091140011A19277,,3,,68,1-18周,0,"黄亚红,陈建秀",1-18周 周一 第9节-第11节 仙Ⅱ-215,3.0,生命科学学院,否,,周一,2009-2010-1,,20091140011A19277,2009生命科学学院生物科学类,0,仙林校区,2009-2010学年 第1学期,19277,仙Ⅱ-215,,否,,,,,,0,普通生物学（上）,12,第9节-第11节,仙II区,140011A
48.0,400220,普通生物学（上）(20091-140011A-2),20091140011A20681,,3,,55,1-18周,0,"黄亚红,陈建秀",1-18周 周一 第5节-第7节 仙Ⅱ-215,3.0,生命科学学院,否,,周一,2009-2010-1,,20091140011A20681,2009生命科学学院生物科学（基地）,0,仙林校区,2009-2010学年 第1学期,20681,仙Ⅱ-215,,否,,,,,,0,普通生物学（上）,12,第5节-第7节,仙II区,140011A
16.0,400220,基础生物学技术（上）(20091-140021A-1),20091140021A19279,,3,,121,1-17周(单),0,"黄成,卢山",1-17周(单) 周三 第7节-第8节 逸A-117,1.0,生命科学学院,否,,周三,2009-2010-1,,20091140021A19279,"2009生命科学学院生物科学类,2009生命科学学院生物科学（基地）",0,仙林校区,2009-2010学年 第1学期,19279,逸A-117,,否,,,,,,0,基础生物学技术（上）,15,第7节-第8节,逸夫楼A区,140021A
16.0,400220,基础生物学技术实验(20091-140021E-1),20091140021E19281,,3,,68,2-18周,0,"卢山,黄成",2-18周 周五 第3节-第8节 ,1.0,生命科学学院,否,,周五,2009-2010-1,,20091140021E19281,2009生命科学学院生物科学类,0,仙林校区,2009-2010学年 第1学期,19281,暂未定,,否,,,,,,0,基础生物学技术实验（上）,,第3节-第8节,,140021E
16.0,400220,基础生物学技术实验(20091-140021E-2),20091140021E20740,,3,,53,2-18周,0,"卢山,黄成",2-18周 周三 第5节-第6节 ,1.0,生命科学学院,否,,周三,2009-2010-1,,20091140021E20740,2009生命科学学院生物科学（基地）,0,仙林校区,2009-2010学年 第1学期,20740,暂未定,,否,,,,,,0,基础生物学技术实验（上）,,第5节-第6节,,140021E
32.0,400220,细胞生物学(20091-14003A-1),2009114003A18727,,3,,24,1-18周,0,项阳,1-18周 周一 第3节-第4节 逸B-201,2.0,生命科学学院,否,,周一,2009-2010-1,,2009114003A18727,2008生命科学学院生物技术（与药科大学联办）,0,仙林校区,2009-2010学年 第1学期,18727,逸B-201,,否,,,,,,0,细胞生物学,16,第3节-第4节,逸夫楼B区,14003A
32.0,400220,细胞生物学(20091-14003A-1),2009114003A19335,,3,,88,1-18周,0,陈江宁,1-18周 周一 第3节-第4节 仙Ⅱ-104,2.0,生命科学学院,否,,周一,2009-2010-1,,2009114003A19335,"2007生命科学学院生物技术,2007环境学院环境科学,2007生命科学学院生物科学",0,仙林校区,2009-2010学年 第1学期,19335,仙Ⅱ-104,,否,,,,,,0,细胞生物学,12,第3节-第4节,仙II区,14003A
32.0,400220,细胞生物学(20091-14003A-2),2009114003A19519,,3,,60,1-18周,0,"张晶,华子春",1-18周 周五 第3节-第4节 仙Ⅰ-102,2.0,生命科学学院,否,,周五,2009-2010-1,,2009114003A19519,"2007生命科学学院生物科学,2007匡亚明学院理科强化班",0,仙林校区,2009-2010学年 第1学期,19519,仙Ⅰ-102,,否,,,,,,0,细胞生物学,11,第3节-第4节,仙I区,14003A
24.0,400220,细胞生物学实验(20091-14003B-1),2009114003B18728,,1,,23,1-17周,0,"张晶,薛雅蓉",1-17周 周一 第5节-第7节 ,1.5,生命科学学院,否,,周一,2009-2010-1,,2009114003B18728,2008生命科学学院生物技术（与药科大学联办）,0,鼓楼校区,2009-2010学年 第1学期,18728,西南楼306,,否,,,,,,0,细胞生物学实验,,第5节-第7节,,14003B
24.0,400220,细胞生物学实验(20091-14003B-1),2009114003B19355,,1,,43,2-18周,0,"张晶,薛雅蓉",2-18周 周三 第5节-第7节 ,1.5,生命科学学院,否,,周三,2009-2010-1,,2009114003B19355,"2007生命科学学院生物技术,2007生命科学学院生物科学",0,鼓楼校区,2009-2010学年 第1学期,19355,西南楼306,,否,,,,,,0,细胞生物学实验,,第5节-第7节,,14003B
24.0,400220,细胞生物学实验(20091-14003B-2),2009114003B19523,,1,,40,2-18周,0,"张晶,薛雅蓉",2-18周 周三 第2节-第4节 ,1.5,生命科学学院,否,,周三,2009-2010-1,,2009114003B19523,"2007生命科学学院生物科学,2007匡亚明学院理科强化班",0,鼓楼校区,2009-2010学年 第1学期,19523,西南楼306,,否,,,,,,0,细胞生物学实验,,第2节-第4节,,14003B
24.0,400220,细胞生物学实验(20091-14003B-3),2009114003B21272,,1,,44,2-18周,0,"张晶,薛雅蓉",2-18周 周二 第5节-第7节 ,1.5,生命科学学院,否,,周二,2009-2010-1,,2009114003B21272,2007生命科学学院生物科学,0,鼓楼校区,2009-2010学年 第1学期,21272,西南楼306,,否,,,,,,0,细胞生物学实验,,第5节-第7节,,14003B
48.0,400220,遗传学(20091-14005A-1),2009114005A19357,,3,,70,1-18周,0,庞延军,1-18周 周五 第2节-第4节 仙Ⅰ-103,3.0,生命科学学院,否,,周五,2009-2010-1,,2009114005A19357,"2007生命科学学院生物技术,2007生命科学学院生物科学",0,仙林校区,2009-2010学年 第1学期,19357,仙Ⅰ-103,,否,,,,,,0,遗传学,11,第2节-第4节,仙I区,14005A
48.0,400220,遗传学(20091-14005A-2),2009114005A19525,,3,,73,1-18周,0,黄亚红,1-18周 周五 第5节-第7节 仙Ⅱ-301,3.0,生命科学学院,否,,周五,2009-2010-1,,2009114005A19525,"2006匡亚明学院理科强化班,2007环境学院环境科学,2007生命科学学院生物科学",0,仙林校区,2009-2010学年 第1学期,19525,仙Ⅱ-301,,否,,,,,,0,遗传学,12,第5节-第7节,仙II区,14005A
24.0,400220,遗传学实验(20091-14005B-1),2009114005B19375,,1,,27,2-18周,0,庞延军,2-18周 周二 第5节-第7节 ,1.5,生命科学学院,否,,周二,2009-2010-1,,2009114005B19375,2007生命科学学院生物技术,0,鼓楼校区,2009-2010学年 第1学期,19375,西南楼316,,否,,,,,,0,遗传学实验,,第5节-第7节,,14005B
24.0,400220,遗传学实验(20091-14005B-1),2009114005B19526,,1,,44,2-18周,0,庞延军,2-18周 周二 第2节-第4节 ,1.5,生命科学学院,否,,周二,2009-2010-1,,2009114005B19526,2007生命科学学院生物科学,0,鼓楼校区,2009-2010学年 第1学期,19526,西南楼316,,否,,,,,,0,遗传学实验,,第2节-第4节,,14005B
24.0,400220,遗传学实验(20091-14005B-2),2009114005B20260,,1,,38,1-18周,0,黄亚红,1-18周 周三 第2节-第4节 ,1.5,生命科学学院,否,,周三,2009-2010-1,,2009114005B20260,"2006匡亚明学院理科强化班,2007生命科学学院生物科学",0,鼓楼校区,2009-2010学年 第1学期,20260,西南楼316,,否,,,,,,0,遗传学实验,,第2节-第4节,,14005B
24.0,400220,遗传学实验(20091-14005B-3),2009114005B20261,,1,,18,1-18周,0,黄亚红,1-18周 周三 第5节-第7节 ,1.5,生命科学学院,否,,周三,2009-2010-1,,2009114005B20261,2007生命科学学院生物科学,0,鼓楼校区,2009-2010学年 第1学期,20261,西南楼316,,否,,,,,,0,遗传学实验,,第5节-第7节,,14005B
64.0,400220,生物化学（一）(20091-14007A-1),2009114007A18665,,3,,82,"1-18周,1-18周",0,杨荣武,"1-18周 周三 第3节-第4节 仙Ⅰ-101,1-18周 周五 第3节-第4节 仙Ⅰ-101",4.0,生命科学学院,否,,"周三,周五",2009-2010-1,,2009114007A18665,"2008生命科学学院生物科学类,2008生命科学学院生物技术（与药科大学联办）",0,仙林校区,2009-2010学年 第1学期,18665,"仙Ⅰ-101,仙Ⅰ-101",,否,,,,,,0,生物化学（一）,11,"第3节-第4节,第3节-第4节",仙I区,14007A
32.0,400220,生物化学实验(20091-14007C-1),2009114007C18666,,3,,34,1-18周,0,张太平,1-18周 周一 第1节-第4节 ,2.0,生命科学学院,否,,周一,2009-2010-1,,2009114007C18666,"2007匡亚明学院理科强化班,2008生命科学学院生物科学类",0,仙林校区,2009-2010学年 第1学期,18666,暂未定,,否,,,,,,0,生物化学实验,,第1节-第4节,,14007C
32.0,400220,生物化学实验(20091-14007C-2),2009114007C18667,,3,,35,1-18周,0,张太平,1-18周 周一 第5节-第8节 ,2.0,生命科学学院,否,,周一,2009-2010-1,,2009114007C18667,2008生命科学学院生物科学类,0,仙林校区,2009-2010学年 第1学期,18667,暂未定,,否,,,,,,0,生物化学实验,,第5节-第8节,,14007C
32.0,400220,生物化学实验(20091-14007C-1),2009114007C18725,,3,,23,1-18周,0,王晓勇,1-18周 周三 第5节-第8节 ,2.0,生命科学学院,否,,周三,2009-2010-1,,2009114007C18725,2008生命科学学院生物技术（与药科大学联办）,0,仙林校区,2009-2010学年 第1学期,18725,暂未定,,否,,,,,,0,生物化学实验,,第5节-第8节,,14007C
64.0,400220,分子生物学(20091-14008A-1),2009114008A19514,,3,,55,"1-18周,1-18周",0,沈燕,"1-18周 周一 第3节-第4节 逸B-111,1-18周 周四 第3节-第4节 逸B-111",4.0,生命科学学院,否,,"周一,周四",2009-2010-1,,2009114008A19514,2007生命科学学院生物科学,0,仙林校区,2009-2010学年 第1学期,19514,"逸B-111,逸B-111",,否,,,,,,0,分子生物学,16,"第3节-第4节,第3节-第4节",逸夫楼B区,14008A
24.0,400220,分子生物学实验(20091-14008B-1),2009114008B19517,,1,,21,2-18周,0,江雪源,2-18周 周二 第2节-第4节 ,1.5,生命科学学院,否,,周二,2009-2010-1,,2009114008B19517,2007生命科学学院生物科学,0,鼓楼校区,2009-2010学年 第1学期,19517,西南楼106,,否,,,,,,0,分子生物学实验,,第2节-第4节,,14008B
24.0,400220,分子生物学实验(20091-14008B-2),2009114008B19518,,1,,27,2-18周,0,江雪源,2-18周 周二 第5节-第7节 ,1.5,生命科学学院,否,,周二,2009-2010-1,,2009114008B19518,2007生命科学学院生物科学,0,鼓楼校区,2009-2010学年 第1学期,19518,西南楼106,,否,,,,,,0,分子生物学实验,,第5节-第7节,,14008B
32.0,400220,生化分析(20091-14009C-1),2009114009C21328,,1,,0,1-10周,0,刘新建,1-10周 周四 第5节-第7节 馆2-204,2.0,生命科学学院,否,,周四,2009-2010-1,,2009114009C21328,2006医学院临床医学,0,鼓楼校区,2009-2010学年 第1学期,21328,馆2-204,,否,,,,,,0,生化分析,8,第5节-第7节,逸夫馆,14009C
32.0,400230,生化分析(20092-14009C-1),2009114009C36740,,1,,0,1-16周,0,刘新建,1-16周 周四 第1节-第2节 教206,2.0,医学院,否,,周四,2009-2010-1,,2009114009C36740,2005医学院临床医学,0,鼓楼校区,2009-2010学年 第1学期,36740,教206,,否,,,,,,0,生化分析,1,第1节-第2节,教学楼,14009C
32.0,400230,生化分析实验(20101-14009D-1),2009114009D37972,,1,,28,,0,,,2.0,医学院,否,,,2009-2010-1,,2009114009D37972,2005医学院临床医学,0,鼓楼校区,2009-2010学年 第1学期,37972,,,否,,,,,,0,生化分析实验,,,,14009D
48.0,400220,药物化学(20091-14010A-1),2009114010A19383,,3,,26,1-18周,0,孔令东,1-18周 周五 第5节-第7节 逸B-201,3.0,生命科学学院,否,,周五,2009-2010-1,,2009114010A19383,2007生命科学学院生物技术,0,仙林校区,2009-2010学年 第1学期,19383,逸B-201,,否,,,,,,0,药物化学,16,第5节-第7节,逸夫楼B区,14010A
16.0,400220,药物化学实验(20091-14010B-1),2009114010B19385,,1,,26,1-18周,0,"王小明,戈惠明",1-18周 周二 第2节-第4节 ,1.0,生命科学学院,否,,周二,2009-2010-1,,2009114010B19385,2007生命科学学院生物技术,0,鼓楼校区,2009-2010学年 第1学期,19385,西南楼315,,否,,,,,,0,药物化学实验,,第2节-第4节,,14010B
48.0,400220,植物生理学(20091-14011-1),200911401119507,,3,,34,1-18周,0,戚金亮,1-18周 周五 第5节-第7节 逸B-210,3.0,生命科学学院,否,,周五,2009-2010-1,,200911401119507,2007生命科学学院生物科学,0,仙林校区,2009-2010学年 第1学期,19507,逸B-210,,否,,,,,,0,植物生理学,16,第5节-第7节,逸夫楼B区,14011
16.0,400220,植物生理学实验(20091-14012-1),200911401219508,,1,,25,2-18周,0,"沈恒冠,戚金亮",2-18周 周三 第2节-第4节 ,1.0,生命科学学院,否,,周三,2009-2010-1,,200911401219508,2007生命科学学院生物科学,0,鼓楼校区,2009-2010学年 第1学期,19508,西南楼105,,否,,,,,,0,植物生理学实验,,第2节-第4节,,14012
32.0,400220,专业英语(20091-14016-1),200911401618539,,1,,54,1-18周,0,张峻峰,1-18周 周三 第3节-第4节 馆1-102,2.0,生命科学学院,否,,周三,2009-2010-1,,200911401618539,2006生命科学学院生物科学,0,鼓楼校区,2009-2010学年 第1学期,18539,馆1-102,,否,,,,,,0,专业英语,8,第3节-第4节,逸夫馆,14016
32.0,400220,专业英语(20091-14016-1),200911401619511,,3,,10,1-18周,0,卢山,1-18周 周四 第3节-第4节 逸B-211,2.0,生命科学学院,否,,周四,2009-2010-1,,200911401619511,2007生命科学学院生物科学,0,仙林校区,2009-2010学年 第1学期,19511,逸B-211,,否,,,,,,0,专业英语,16,第3节-第4节,逸夫楼B区,14016
48.0,400220,生物统计学(20091-14017A-2),2009114017A21284,,3,,38,"1-18周,2-18周",0,"王修强,杨永华","1-18周 周四 第5节-第6节 逸B-202,2-18周 周四 第7节-第8节 ",3.0,生命科学学院,否,,"周四,周四",2009-2010-1,,2009114017A21284,"2007生命科学学院生物技术,2007生命科学学院生物科学",0,仙林校区,2009-2010学年 第1学期,21284,"逸B-202,实验楼乙204",,否,,,,,,0,生物统计学,16,"第5节-第6节,第7节-第8节",逸夫楼B区,14017A
48.0,400220,生理学(3)(20091-14018A-1),2009114018A20111,,3,,65,1-18周,0,罗兰,1-18周 周一 第5节-第7节 仙Ⅰ-101,3.0,生命科学学院,否,,周一,2009-2010-1,,2009114018A20111,"2006匡亚明学院理科强化班,2007生命科学学院生物科学,2007生命科学学院生物技术",0,仙林校区,2009-2010学年 第1学期,20111,仙Ⅰ-101,,否,,,,,,0,生理学(3),11,第5节-第7节,仙I区,14018A
24.0,400220,生理学实验(20091-14018B-1),2009114018B19379,,1,,31,2-18周,0,王良斌,2-18周 周三 第2节-第4节 ,1.5,生命科学学院,否,,周三,2009-2010-1,,2009114018B19379,"2007生命科学学院生物技术,2007生命科学学院生物科学",0,鼓楼校区,2009-2010学年 第1学期,19379,西南楼310,,否,,,,,,0,生理学实验,,第2节-第4节,,14018B
24.0,400220,生理学实验(20091-14018B-2),2009114018B19528,,1,,21,2-18周,0,王良斌,2-18周 周二 第2节-第4节 ,1.5,生命科学学院,否,,周二,2009-2010-1,,2009114018B19528,2007生命科学学院生物科学,0,鼓楼校区,2009-2010学年 第1学期,19528,西南楼310,,否,,,,,,0,生理学实验,,第2节-第4节,,14018B
24.0,400220,生理学实验(20091-14018B-3),2009114018B19532,,1,,35,2-18周,0,王良斌,2-18周 周二 第5节-第7节 ,1.5,生命科学学院,否,,周二,2009-2010-1,,2009114018B19532,"2006匡亚明学院理科强化班,2007生命科学学院生物科学",0,鼓楼校区,2009-2010学年 第1学期,19532,西南楼310,,否,,,,,,0,生理学实验,,第5节-第7节,,14018B
24.0,400220,生理学实验(20091-14018B-4),2009114018B19533,,1,,39,2-18周,0,王良斌,2-18周 周三 第5节-第7节 ,1.5,生命科学学院,否,,周三,2009-2010-1,,2009114018B19533,2007生命科学学院生物科学,0,鼓楼校区,2009-2010学年 第1学期,19533,西南楼310,,否,,,,,,0,生理学实验,,第5节-第7节,,14018B
80.0,400230,生理学(5)(20091-14018C-1),2009114018C19577,,3,,62,"1-18周,2-18周(双)",0,高千,"1-18周 周二 第3节-第4节 仙Ⅱ-214,2-18周(双) 周四 第3节-第4节 仙Ⅱ-214",5.0,医学院,否,,"周二,周四",2009-2010-1,,2009114018C19577,2007医学院临床医学,0,仙林校区,2009-2010学年 第1学期,19577,"仙Ⅱ-214,仙Ⅱ-214",,否,,,,,,0,生理学(5),12,"第3节-第4节,第3节-第4节",仙II区,14018C
80.0,400220,生理学(5)(20091-14018C-1),2009114018C20109,,3,,32,1-18周,0,"曾科,张辰宇",1-18周 周一 第5节-第7节 逸B-111,5.0,生命科学学院,否,,周一,2009-2010-1,,2009114018C20109,"2007生命科学学院生物技术,2007生命科学学院生物科学",0,仙林校区,2009-2010学年 第1学期,20109,逸B-111,,否,,,,,,0,生理学(5),16,第5节-第7节,逸夫楼B区,14018C
80.0,400220,生理学(5)(20091-14018C-2),2009114018C20110,,3,,27,1-18周,0,王建军,1-18周 周一 第5节-第7节 仙Ⅱ-514,5.0,生命科学学院,否,,周一,2009-2010-1,,2009114018C20110,"2007生命科学学院生物技术,2007生命科学学院生物科学",0,仙林校区,2009-2010学年 第1学期,20110,仙Ⅱ-514,,否,,,,,,0,生理学(5),12,第5节-第7节,仙II区,14018C
80.0,400220,生理学(5)(20091-14018C-3),2009114018C20758,,1,,0,1-18周,0,"张辰宇,曾科",1-18周 周三 第9节-第10节 教206,5.0,生命科学学院,否,,周三,2009-2010-1,,2009114018C20758,"2007生命科学学院生物技术,2007生命科学学院生物科学",0,鼓楼校区,2009-2010学年 第1学期,20758,教206,,否,,,,,,0,生理学(5),1,第9节-第10节,教学楼,14018C
80.0,400220,生理学(5)(20091-14018C-4),2009114018C20760,,1,,0,1-18周,0,王建军,1-18周 周三 第9节-第10节 教204,5.0,生命科学学院,否,,周三,2009-2010-1,,2009114018C20760,"2007生命科学学院生物技术,2007生命科学学院生物科学",0,鼓楼校区,2009-2010学年 第1学期,20760,教204,,否,,,,,,0,生理学(5),1,第9节-第10节,教学楼,14018C
32.0,400220,基因工程(20091-14034-1),200911403418540,,1,,23,1-18周,0,殷武,1-18周 周三 第1节-第2节 馆1-205,2.0,生命科学学院,否,,周三,2009-2010-1,,200911403418540,"2006生命科学学院生物技术,2006生命科学学院生物科学",0,鼓楼校区,2009-2010学年 第1学期,18540,馆1-205,,否,,,,,,0,基因工程,8,第1节-第2节,逸夫馆,14034
32.0,400220,生物信息学(20091-14035-1),200911403518541,,1,,34,1-18周,0,王进,1-18周 周二 第3节-第4节 馆1-205,2.0,生命科学学院,否,,周二,2009-2010-1,,200911403518541,"2006生命科学学院生物技术,2006生命科学学院生物科学",0,鼓楼校区,2009-2010学年 第1学期,18541,馆1-205,,否,,,,,,0,生物信息学,8,第3节-第4节,逸夫馆,14035
48.0,400220,分子免疫学(20091-14036-1),200911403618544,,1,,19,1-18周,0,沈萍萍,1-18周 周一 第5节-第7节 馆1-205,3.0,生命科学学院,否,,周一,2009-2010-1,,200911403618544,"2006生命科学学院生物技术,2006生命科学学院生物科学",0,鼓楼校区,2009-2010学年 第1学期,18544,馆1-205,,否,,,,,,0,分子免疫学,8,第5节-第7节,逸夫馆,14036
32.0,400220,药物设计(20091-14037-1),200911403718542,,1,,7,1-18周,0,杨洁,1-18周 周五 第1节-第2节 馆1-201,2.0,生命科学学院,否,,周五,2009-2010-1,,200911403718542,"2006生命科学学院生物技术,2006生命科学学院生物科学",0,鼓楼校区,2009-2010学年 第1学期,18542,馆1-201,,否,,,,,,0,药物设计,8,第1节-第2节,逸夫馆,14037
32.0,400220,动物生态学(20091-14038-1),200911403818546,,1,,8,1-17周,0,黄成,1-17周 周一 第3节-第4节 教106,2.0,生命科学学院,否,,周一,2009-2010-1,,200911403818546,"2006生命科学学院生物技术,2006生命科学学院生物科学",0,鼓楼校区,2009-2010学年 第1学期,18546,教106,,否,,,,,,0,动物生态学,1,第3节-第4节,教学楼,14038
64.0,400220,生态学研究方法(20091-14040-1),200911404018547,,1,,6,2-18周,0,刘茂松,2-18周 周四 第1节-第8节 ,4.0,生命科学学院,否,,周四,2009-2010-1,,200911404018547,"2006生命科学学院生物技术,2006生命科学学院生物科学",0,鼓楼校区,2009-2010学年 第1学期,18547,西南楼315,,否,,,,,,0,生态学研究方法,,第1节-第8节,,14040
32.0,400220,昆虫分类学(20091-14058-1),200911405818548,,1,,5,1-18周,0,陈建秀,1-18周 周三 第5节-第6节 教209,2.0,生命科学学院,否,,周三,2009-2010-1,,200911405818548,"2006生命科学学院生物技术,2006生命科学学院生物科学",0,鼓楼校区,2009-2010学年 第1学期,18548,教209,,否,,,,,,0,昆虫分类学,1,第5节-第6节,教学楼,14058
64.0,400220,高级生物化学(20091-14069-2),200911406920246,,3,,53,"1-18周,1-18周",0,刘新建,"1-18周 周四 第1节-第2节 仙Ⅱ-319,1-18周 周一 第9节-第10节 仙Ⅱ-319",4.0,生命科学学院,否,,"周四,周一",2009-2010-1,,200911406920246,"2007生命科学学院生物技术,2007匡亚明学院理科强化班,2007生命科学学院生物科学",0,仙林校区,2009-2010学年 第1学期,20246,"仙Ⅱ-319,仙Ⅱ-319",,否,,,,,,0,高级生物化学,12,"第1节-第2节,第9节-第10节",仙II区,14069
32.0,400220,进化生物学(20091-14070-1),200911407019382,,3,,58,1-18周,0,"田大成,杨四海",1-18周 周五 第9节-第10节 仙Ⅱ-101,2.0,生命科学学院,否,,周五,2009-2010-1,,200911407019382,"2007生命科学学院生物技术,2007生命科学学院生物科学",0,仙林校区,2009-2010学年 第1学期,19382,仙Ⅱ-101,,否,,,,,,0,进化生物学,12,第9节-第10节,仙II区,14070
32.0,400220,进化生物学(20091-14070-2),200911407019554,,1,,60,1-18周,0,"王修强,陈均远",1-18周 周五 第9节-第10节 ,2.0,生命科学学院,否,,周五,2009-2010-1,,200911407019554,"2007生命科学学院生物技术,2007生命科学学院生物科学",0,鼓楼校区,2009-2010学年 第1学期,19554,专用或实验教室,,否,,,,,,0,进化生物学,,第9节-第10节,,14070
48.0,400220,生理与个体生态学(20091-14071-1),200911407119505,,3,,28,"2-18周(双),1-18周",0,赵德华,"2-18周(双) 周一 第1节-第2节 逸A-213,1-18周 周四 第3节-第4节 逸A-213",3.0,生命科学学院,否,,"周一,周四",2009-2010-1,,200911407119505,2007生命科学学院生物科学,0,仙林校区,2009-2010学年 第1学期,19505,"逸A-213,逸A-213",,否,,,,,,0,生理与个体生态学,15,"第1节-第2节,第3节-第4节",逸夫楼A区,14071
32.0,400220,发酵工程(20091-14100-1),200911410018545,,1,,8,1-18周,0,宋勇春,1-18周 周二 第1节-第2节 馆1-201,2.0,生命科学学院,否,,周二,2009-2010-1,,200911410018545,"2006生命科学学院生物技术,2006生命科学学院生物科学",0,鼓楼校区,2009-2010学年 第1学期,18545,馆1-201,,否,,,,,,0,发酵工程,8,第1节-第2节,逸夫馆,14100
48.0,400220,生物化学(20091-14114-1),200911411419717,,3,,311,"1-18周,1-17周(单)",0,卢彦,"1-18周 周三 第1节-第2节 仙Ⅰ-106,1-17周(单) 周四 第1节-第2节 仙Ⅰ-106",3.0,生命科学学院,否,,"周三,周四",2009-2010-1,,200911411419717,"2007物理学院物理学,2007化学学院应用化学,2007化学学院化学",0,仙林校区,2009-2010学年 第1学期,19717,"仙Ⅰ-106,仙Ⅰ-106",,否,,,,,,0,生物化学,11,"第1节-第2节,第1节-第2节",仙I区,14114
80.0,400220,生物化学(20091-14115-1),200911411520224,,3,,85,"1-18周,1-18周",0,焦瑞清,"1-18周 周四 第3节-第4节 仙Ⅱ-212,1-18周 周二 第5节-第7节 仙Ⅱ-212",5.0,生命科学学院,否,,"周二,周四",2009-2010-1,,200911411520224,2008医学院临床医学,0,仙林校区,2009-2010学年 第1学期,20224,"仙Ⅱ-212,仙Ⅱ-212",,否,,,,,,0,生物化学,12,"第5节-第7节,第3节-第4节",仙II区,14115
32.0,400220,糖生物学(20091-14119-1),200911411918549,,1,,6,1-18周,0,王小明,1-18周 周五 第5节-第6节 教211,2.0,生命科学学院,否,,周五,2009-2010-1,,200911411918549,"2006生命科学学院生物技术,2006生命科学学院生物科学",0,鼓楼校区,2009-2010学年 第1学期,18549,教211,,否,,,,,,0,糖生物学,1,第5节-第6节,教学楼,14119
48.0,400220,大学生物学(20091-149011-1),2009114901119627,,3,,59,"1-17周(单),1-18周",0,黄成,"1-18周 周四 第3节-第4节 仙Ⅱ-410,1-17周(单) 周三 第3节-第4节 仙Ⅱ-410",3.0,生命科学学院,否,,"周三,周四",2009-2010-1,,2009114901119627,2008环境学院环境科学,0,仙林校区,2009-2010学年 第1学期,19627,"仙Ⅱ-410,仙Ⅱ-410",,否,,,,,,0,大学生物学,12,"第3节-第4节,第3节-第4节",仙II区,149011
48.0,400220,大学生物学(20091-149011-2),2009114901120223,,3,,139,1-18周,0,聂永军,1-18周 周三 第5节-第7节 仙Ⅰ-319,3.0,生命科学学院,否,,周三,2009-2010-1,,2009114901120223,,0,仙林校区,2009-2010学年 第1学期,20223,仙Ⅰ-319,,否,,,,,,0,大学生物学,11,第5节-第7节,仙I区,149011
16.0,400220,大学生物学实验(20091-149011T-1),20091149011T19633,,3,,54,1-17周(单),0,黄成,1-17周(单) 周三 第5节-第8节 ,1.0,生命科学学院,否,,周三,2009-2010-1,,20091149011T19633,2008环境学院环境科学,0,仙林校区,2009-2010学年 第1学期,19633,无,,否,,,,,,0,大学生物学实验,,第5节-第8节,,149011T
64.0,400190,普通地质学(20091-150010-1),2009115001020820,,3,,159,"1-18周,1-18周,1-18周,1-18周,1-18周",0,"解国爱,舒良树","1-18周 周一 第5节-第6节 仙Ⅱ-122,1-18周 周五 第7节-第10节 ,1-18周 周三 第7节-第8节 ,1-18周 周二 第5节-第8节 ,1-18周 周五 第5节-第6节 仙Ⅱ-122",4.0,地球科学与工程学院,否,,"周一,周五,周二,周五,周三",2009-2010-1,,2009115001020820,,0,仙林校区,2009-2010学年 第1学期,20820,"仙Ⅱ-122,仙Ⅱ-122,未定,未定,未定",,否,,,,,,0,普通地质学,12,"第5节-第6节,第5节-第6节,第5节-第8节,第7节-第10节,第7节-第8节",仙II区,150010
48.0,400190,理论力学与材料力学(20091-15003-1),200911500318585,,3,,25,1-18周,0,"张巍,陈征宙",1-18周 周二 第5节-第7节 仙Ⅱ-112,3.0,地球科学与工程学院,否,,周二,2009-2010-1,,200911500318585,2008地球科学与工程学院地质工程,0,仙林校区,2009-2010学年 第1学期,18585,仙Ⅱ-112,,否,,,,,,0,理论力学与材料力学,12,第5节-第7节,仙II区,15003
48.0,400190,地球物理基础(20091-15004-1),200911500418569,,3,,57,"1-18周,2-18周(双),1-17周(单)",0,"米宁,徐鸣洁","1-18周 周二 第3节-第4节 仙Ⅱ-113,2-18周(双) 周五 第3节-第4节 仙Ⅱ-113,1-17周(单) 周五 第3节-第4节 ",3.0,地球科学与工程学院,否,,"周二,周五,周五",2009-2010-1,,200911500418569,"2007地球科学与工程学院地质学,2007地球科学与工程学院地球化学",0,仙林校区,2009-2010学年 第1学期,18569,"仙Ⅱ-113,仙Ⅱ-113,未安排",,否,,,,,,0,地球物理基础,12,"第3节-第4节,第3节-第4节,第3节-第4节",仙II区,15004
32.0,400190,专业英语(20091-15008-1),200911500818566,,3,,60,1-18周,0,胡修棉,1-18周 周二 第1节-第2节 仙Ⅰ-317,2.0,地球科学与工程学院,否,,周二,2009-2010-1,,200911500818566,"2007地球科学与工程学院地质学,2007地球科学与工程学院地质学（古生物学方向）,2007地球科学与工程学院地球化学",0,仙林校区,2009-2010学年 第1学期,18566,仙Ⅰ-317,,否,,,,,,0,专业英语,11,第1节-第2节,仙I区,15008
48.0,400190,经济地质学(20091-15009-1),200911500918563,,3,,60,"1-18周,1-18周",0,"吴昌志,陆建军","1-18周 周一 第3节-第4节 仙Ⅰ-317,1-18周 周一 第5节-第6节 ",3.0,地球科学与工程学院,否,,"周一,周一",2009-2010-1,,200911500918563,"2007地球科学与工程学院地质学,2007地球科学与工程学院地质学（古生物学方向）,2007地球科学与工程学院地球化学",0,仙林校区,2009-2010学年 第1学期,18563,"仙Ⅰ-317,未安排",,否,,,,,,0,经济地质学,11,"第3节-第4节,第5节-第6节",仙I区,15009
64.0,400190,工程岩土学及试验(20091-15010-1),200911501018617,,3,,29,"1-18周,2-18周(双),2-18周(双)",0,"施斌,王宝军","2-18周(双) 周五 第1节-第2节 虚拟001,2-18周(双) 周二 第5节-第6节 仙Ⅱ-111,1-18周 周二 第3节-第4节 仙Ⅱ-114",4.0,地球科学与工程学院,否,,"周二,周五,周二",2009-2010-1,,200911501018617,2007地球科学与工程学院地质工程,0,仙林校区,2009-2010学年 第1学期,18617,"仙Ⅱ-114,虚拟001,仙Ⅱ-111",,否,,,,,,0,工程岩土学,"12,388","第3节-第4节,第1节-第2节,第5节-第6节","仙II区, 虚拟区域（仙林）",15010
64.0,400190,结晶学与矿物学(20091-15017-1),200911501720744,,3,,30,"1-18周,1-18周",0,赵明,"1-18周 周三 第3节-第5节 仙Ⅱ-519,1-18周 周三 第6节-第7节 ",4.0,地球科学与工程学院,否,,"周三,周三",2009-2010-1,,200911501720744,,0,仙林校区,2009-2010学年 第1学期,20744,"仙Ⅱ-519,未定",,否,,,,,,0,结晶学与矿物学,12,"第3节-第5节,第6节-第7节",仙II区,15017
48.0,400190,古生物学及地史学(20091-15018-1),200911501818583,,3,,52,"1-18周,2-18周",0,"刘家润,李祥辉","1-18周 周四 第5节-第7节 仙Ⅱ-117,2-18周 周三 第7节-第8节 ",3.0,地球科学与工程学院,否,,"周四,周三",2009-2010-1,,200911501818583,"2008地球科学与工程学院地质学,2008地球科学与工程学院地球化学",0,仙林校区,2009-2010学年 第1学期,18583,"仙Ⅱ-117,未定",,否,,,,,,0,古生物学及地史学,12,"第5节-第7节,第7节-第8节",仙II区,15018
48.0,400190,地球化学(20091-15024-1),200911502418564,,3,,60,1-18周,0,刘连文,1-18周 周五 第5节-第7节 仙Ⅰ-317,3.0,地球科学与工程学院,否,,周五,2009-2010-1,,200911502418564,"2007地球科学与工程学院地质学,2007地球科学与工程学院地质学（古生物学方向）,2007地球科学与工程学院地球化学",0,仙林校区,2009-2010学年 第1学期,18564,仙Ⅰ-317,,否,,,,,,0,地球化学,11,第5节-第7节,仙I区,15024
32.0,400190,板块构造(20091-15025-1),200911502518561,,1,,33,1-17周,0,"王胜利,贾东",1-17周 周二 第1节-第2节 馆1-102,2.0,地球科学与工程学院,否,,周二,2009-2010-1,,200911502518561,"2006地球科学与工程学院地质学,2006地球科学与工程学院矿物岩石矿床",0,鼓楼校区,2009-2010学年 第1学期,18561,馆1-102,,否,,,,,,0,板块构造,8,第1节-第2节,逸夫馆,15025
80.0,400190,地下水动力学(20091-15026-1),200911502618572,,3,,45,"1-18周,1-18周",0,"祝晓彬,施小清,吴吉春","1-18周 周五 第3节-第4节 仙Ⅱ-114,1-18周 周三 第5节-第7节 仙Ⅱ-114",5.0,地球科学与工程学院,否,,"周三,周五",2009-2010-1,,200911502618572,"2007地球科学与工程学院地质工程,2007地球科学与工程学院水文与水资源工程",0,仙林校区,2009-2010学年 第1学期,18572,"仙Ⅱ-114,仙Ⅱ-114",,否,,,,,,0,地下水动力学,12,"第5节-第7节,第3节-第4节",仙II区,15026
48.0,400190,土力学(20091-15112-1),200911511218576,,3,,29,"1-18周,1-17周(单),2-18周(双)",0,"许宝田,阎长虹","1-18周 周三 第1节-第2节 ,2-18周(双) 周三 第3节-第4节 ,1-17周(单) 周五 第1节-第2节 ",3.0,地球科学与工程学院,否,,"周三,周五,周三",2009-2010-1,,200911511218576,2007地球科学与工程学院地质工程,0,仙林校区,2009-2010学年 第1学期,18576,"无,无,未安排",,否,,,,,,0,土力学,,"第1节-第2节,第1节-第2节,第3节-第4节",,15112
32.0,400190,流体地球化学(20091-15117-1),200911511718559,,1,,25,1-17周,0,"吴俊奇,陈培荣",1-17周 周一 第3节-第4节 教204,2.0,地球科学与工程学院,否,,周一,2009-2010-1,,200911511718559,"2006地球科学与工程学院地球化学,2006地球科学与工程学院矿物岩石矿床",0,鼓楼校区,2009-2010学年 第1学期,18559,教204,,否,,,,,,0,流体地球化学,1,第3节-第4节,教学楼,15117
32.0,400200,实用地理信息系统(20091-15129-1),200911512919591,,1,,80,"1-18周,1-18周",0,王结臣,"1-18周 周五 第5节-第6节 馆1-307,1-18周 周五 第7节-第8节 ",2.0,地理与海洋科学学院,否,,"周五,周五",2009-2010-1,,200911512919591,"2006地球科学与工程学院地质学,2006大气科学学院应用气象学,2006大气科学学院大气科学",0,鼓楼校区,2009-2010学年 第1学期,19591,"馆1-307,东南楼机房",,否,,,,,,0,实用地理信息系统,8,"第5节-第6节,第7节-第8节",逸夫馆,15129
48.0,400190,普通地质学认识实习(20092-15131-1),200911513137779,,3,,58,,0,,,3.0,地球科学与工程学院,否,,,2009-2010-1,,200911513137779,,0,仙林校区,2009-2010学年 第1学期,37779,,,否,,,,,,0,普通地质学认识实习,,,,15131
48.0,400190,区测实习(20092-15136-1),200911513637780,,3,,109,,0,,,3.0,地球科学与工程学院,否,,,2009-2010-1,,200911513637780,,0,仙林校区,2009-2010学年 第1学期,37780,,,否,,,,,,0,区测实习,,,,15136
64.0,400190,水文学原理和预报(20091-15144-1),200911514418571,,3,,18,1-18周,0,王栋,1-18周 周一 第5节-第7节 仙Ⅱ-113,4.0,地球科学与工程学院,否,,周一,2009-2010-1,,200911514418571,2007地球科学与工程学院水文与水资源工程,0,仙林校区,2009-2010学年 第1学期,18571,仙Ⅱ-113,,否,,,,,,0,水文学原理和预报,12,第5节-第7节,仙II区,15144
32.0,400190,地球化学实验(20091-15150-1),200911515018556,,1,,13,1-17周,0,"赵葵东,杨兢红",1-17周 周一 第5节-第8节 ,2.0,地球科学与工程学院,否,,周一,2009-2010-1,,200911515018556,2006地球科学与工程学院地球化学,0,鼓楼校区,2009-2010学年 第1学期,18556,无,,否,,,,,,0,地球化学实验,,第5节-第8节,,15150
64.0,400190,有机地球化学(20091-15152-1),200911515218557,,1,,13,1-17周,0,"曹剑,胡凯",1-17周 周三 第3节-第4节 教204,4.0,地球科学与工程学院,否,,周三,2009-2010-1,,200911515218557,2006地球科学与工程学院地球化学,0,鼓楼校区,2009-2010学年 第1学期,18557,教204,,否,,,,,,0,有机地球化学,1,第3节-第4节,教学楼,15152
32.0,400190,包气带水文学(20091-15154-1),200911515418552,,1,,15,1-17周,0,周启友,1-17周 周五 第3节-第4节 教204,2.0,地球科学与工程学院,否,,周五,2009-2010-1,,200911515418552,2006地球科学与工程学院水文与水资源工程,0,鼓楼校区,2009-2010学年 第1学期,18552,教204,,否,,,,,,0,包气带水文学,1,第3节-第4节,教学楼,15154
32.0,400190,同位素地球化学(20091-15156-1),200911515618558,,1,,12,1-17周,0,"凌洪飞,蒋少涌",1-17周 周五 第1节-第2节 教204,2.0,地球科学与工程学院,否,,周五,2009-2010-1,,200911515618558,2006地球科学与工程学院地球化学,0,鼓楼校区,2009-2010学年 第1学期,18558,教204,,否,,,,,,0,同位素地球化学,1,第1节-第2节,教学楼,15156
48.0,400190,油气资源概论(20091-15158-1),200911515818560,,1,,33,"1-17周,1-17周(单)",0,"曹剑,胡文瑄","1-17周 周二 第3节-第4节 馆1-102,1-17周(单) 周四 第3节-第4节 馆1-102",3.0,地球科学与工程学院,否,,"周二,周四",2009-2010-1,,200911515818560,"2006地球科学与工程学院地质学,2006地球科学与工程学院矿物岩石矿床",0,鼓楼校区,2009-2010学年 第1学期,18560,"馆1-102,馆1-102",,否,,,,,,0,油气资源概论,8,"第3节-第4节,第3节-第4节",逸夫馆,15158
32.0,400190,水资源系统分析(20091-15159-1),200911515918553,,1,,34,1-17周,0,吴剑锋,1-17周 周三 第3节-第4节 教206,2.0,地球科学与工程学院,否,,周三,2009-2010-1,,200911515918553,"2006地球科学与工程学院地质工程,2006地球科学与工程学院水文与水资源工程",0,鼓楼校区,2009-2010学年 第1学期,18553,教206,,否,,,,,,0,水资源系统分析,1,第3节-第4节,教学楼,15159
32.0,400190,古脊椎动物学(20091-15170-1),200911517018579,,3,,8,"1-7周,2-6周(双),1-7周",0,姜宝玉,"1-7周 周四 第3节-第4节 仙Ⅱ-115,1-7周 周四 第5节-第7节 ,2-6周(双) 周二 第3节-第4节 仙Ⅱ-115",2.0,地球科学与工程学院,否,,"周四,周二,周四",2009-2010-1,,200911517018579,2007地球科学与工程学院地质学（古生物学方向）,0,仙林校区,2009-2010学年 第1学期,18579,"仙Ⅱ-115,仙Ⅱ-115,未安排",,否,,,,,,0,古脊椎动物学,12,"第3节-第4节,第3节-第4节,第5节-第7节",仙II区,15170
32.0,400190,矿物信息学(20091-15171-1),200911517118567,,3,,30,1-18周,0,胡欢,1-18周 周四 第5节-第6节 ,2.0,地球科学与工程学院,否,,周四,2009-2010-1,,200911517118567,2007地球科学与工程学院地球化学,0,仙林校区,2009-2010学年 第1学期,18567,无,,否,,,,,,0,矿物信息学,,第5节-第6节,,15171
32.0,400190,现代矿物学理论及应用(20091-15172-1),200911517218568,,3,,57,1-18周,0,王汝成,1-18周 周三 第3节-第4节 仙Ⅰ-317,2.0,地球科学与工程学院,否,,周三,2009-2010-1,,200911517218568,"2007地球科学与工程学院地质学,2007地球科学与工程学院地质学（古生物学方向）,2007地球科学与工程学院地球化学",0,仙林校区,2009-2010学年 第1学期,18568,仙Ⅰ-317,,否,,,,,,0,现代矿物学理论及应用,11,第3节-第4节,仙I区,15172
48.0,400190,地下水数值模拟技术(20091-15174-1),200911517418554,,1,,33,"1-17周,1-17周",0,朱国荣,"1-17周 周二 第3节-第4节 馆1-103,1-17周 周二 第5节-第6节 ",3.0,地球科学与工程学院,否,,"周二,周二",2009-2010-1,,200911517418554,"2006地球科学与工程学院地质工程,2006地球科学与工程学院水文与水资源工程",0,鼓楼校区,2009-2010学年 第1学期,18554,"馆1-103,无",,否,,,,,,0,地下水数值模拟技术,8,"第3节-第4节,第5节-第6节",逸夫馆,15174
32.0,400190,专业英语（水文专业版）(20091-15189-1),200911518918574,,3,,40,1-18周,0,周启友,1-18周 周二 第1节-第2节 仙Ⅱ-102,2.0,地球科学与工程学院,否,,周二,2009-2010-1,,200911518918574,"2007地球科学与工程学院地质工程,2007地球科学与工程学院水文与水资源工程",0,仙林校区,2009-2010学年 第1学期,18574,仙Ⅱ-102,,否,,,,,,0,专业英语（水文专业版）,12,第1节-第2节,仙II区,15189
32.0,400190,水文地球物理方法(20091-15195-1),200911519518573,,3,,18,1-18周,0,吴俊奇,1-18周 周二 第3节-第4节 仙Ⅱ-319,2.0,地球科学与工程学院,否,,周二,2009-2010-1,,200911519518573,2007地球科学与工程学院水文与水资源工程,0,仙林校区,2009-2010学年 第1学期,18573,仙Ⅱ-319,,否,,,,,,0,水文地球物理方法,12,第3节-第4节,仙II区,15195
32.0,400190,水环境化学(20091-15200-1),200911520018550,,1,,33,1-17周,0,"张景飞,孙媛媛",1-17周 周一 第3节-第4节 教206,2.0,地球科学与工程学院,否,,周一,2009-2010-1,,200911520018550,"2006地球科学与工程学院地质工程,2006地球科学与工程学院水文与水资源工程",0,鼓楼校区,2009-2010学年 第1学期,18550,教206,,否,,,,,,0,水环境化学,1,第3节-第4节,教学楼,15200
48.0,400190,古植物学(20091-15201-1),200911520118580,,3,,8,"8-18周,8-18周(双),8-18周",0,杨爱华,"8-18周 周四 第3节-第4节 仙Ⅱ-115,8-18周 周四 第5节-第7节 ,8-18周(双) 周二 第3节-第4节 仙Ⅱ-115",3.0,地球科学与工程学院,否,,"周四,周二,周四",2009-2010-1,,200911520118580,2007地球科学与工程学院地质学（古生物学方向）,0,仙林校区,2009-2010学年 第1学期,18580,"仙Ⅱ-115,仙Ⅱ-115,未安排",,否,,,,,,0,古植物学,12,"第3节-第4节,第3节-第4节,第5节-第7节",仙II区,15201
32.0,400190,水文统计(20091-15203-1),200911520318551,,1,,19,1-17周,0,王栋,1-17周 周四 第5节-第6节 教204,2.0,地球科学与工程学院,否,,周四,2009-2010-1,,200911520318551,2006地球科学与工程学院水文与水资源工程,0,鼓楼校区,2009-2010学年 第1学期,18551,教204,,否,,,,,,0,水文统计,1,第5节-第6节,教学楼,15203
32.0,400190,沉积岩与沉积相(20091-15212-1),200911521218578,,3,,8,,0,,,2.0,地球科学与工程学院,否,,,2009-2010-1,,200911521218578,,0,仙林校区,2009-2010学年 第1学期,18578,,,否,,,,,,0,沉积岩与沉积相,,,,15212
48.0,400190,基础设计与地基处理(20091-15213-1),200911521318681,,1,,27,"1-17周,1-17周",0,李晓昭,"1-17周 周二 第1节-第2节 馆1-103,1-17周 周四 第3节-第4节 ",3.0,地球科学与工程学院,否,,"周二,周四",2009-2010-1,,200911521318681,2006地球科学与工程学院地质工程,0,鼓楼校区,2009-2010学年 第1学期,18681,"馆1-103,无",,否,,,,,,0,基础设计与地基处理,8,"第1节-第2节,第3节-第4节",逸夫馆,15213
48.0,400190,结构力学(20091-15215-1),200911521518575,,3,,29,"2-18周(双),1-18周",0,张巍,"2-18周(双) 周一 第3节-第4节 仙Ⅱ-113,1-18周 周四 第5节-第6节 仙Ⅱ-113",3.0,地球科学与工程学院,否,,"周一,周四",2009-2010-1,,200911521518575,2007地球科学与工程学院地质工程,0,仙林校区,2009-2010学年 第1学期,18575,"仙Ⅱ-113,仙Ⅱ-113",,否,,,,,,0,结构力学,12,"第3节-第4节,第5节-第6节",仙II区,15215
16.0,400190,研究性地质实习(20092-15216-1),200911521637781,,1,,0,,0,,,1.0,地球科学与工程学院,否,,,2009-2010-1,,200911521637781,2006地球科学与工程学院地质学类,0,鼓楼校区,2009-2010学年 第1学期,37781,,,否,,,,,,0,研究性地质实习,,,,15216
48.0,400190,工程测量(20091-15218-1),200911521818577,,3,,29,"1-18周,1-17周(单)",0,"张丹,王宝军","1-17周(单) 周三 第3节-第4节 仙Ⅱ-114,1-18周 周一 第5节-第6节 仙Ⅱ-114",3.0,地球科学与工程学院,否,,"周一,周三",2009-2010-1,,200911521818577,2007地球科学与工程学院地质工程,0,仙林校区,2009-2010学年 第1学期,18577,"仙Ⅱ-114,仙Ⅱ-114",,否,,,,,,0,工程测量,12,"第5节-第6节,第3节-第4节",仙II区,15218
32.0,400190,变质岩岩石学(20091-15219-1),200911521918570,,3,,30,"13-17周(单),12-18周,12-18周",0,"王孝磊,于津海","13-17周(单) 周一 第1节-第2节 仙Ⅱ-109,12-18周 周四 第5节-第6节 ,12-18周 周四 第3节-第4节 仙Ⅱ-109",2.0,地球科学与工程学院,否,,"周一,周四,周四",2009-2010-1,,200911521918570,2007地球科学与工程学院地质学,0,仙林校区,2009-2010学年 第1学期,18570,"仙Ⅱ-109,仙Ⅱ-109,未安排",,否,,,,,,0,变质岩岩石学,12,"第1节-第2节,第3节-第4节,第5节-第6节",仙II区,15219
32.0,400190,火成岩岩石学(20091-15220-1),200911522018582,,3,,21,"8-18周(双),8-18周,8-18周",0,邱检生,"8-18周 周五 第1节-第2节 仙Ⅱ-111,8-18周(双) 周二 第3节-第4节 仙Ⅱ-111,8-18周 周五 第3节-第4节 ",2.0,地球科学与工程学院,否,,"周二,周五,周五",2009-2010-1,,200911522018582,2008地球科学与工程学院地球化学,0,仙林校区,2009-2010学年 第1学期,18582,"仙Ⅱ-111,仙Ⅱ-111,未安排",,否,,,,,,0,火成岩岩石学,12,"第3节-第4节,第1节-第2节,第3节-第4节",仙II区,15220
32.0,400190,晶体光学(20091-15221-1),200911522118581,,3,,22,"2-6周(双),1-7周,1-7周",0,"孔庆友,谢磊","1-7周 周五 第1节-第2节 仙Ⅱ-111,2-6周(双) 周二 第3节-第4节 仙Ⅱ-111,1-7周 周五 第3节-第4节 ",2.0,地球科学与工程学院,否,,"周二,周五,周五",2009-2010-1,,200911522118581,2008地球科学与工程学院地球化学,0,仙林校区,2009-2010学年 第1学期,18581,"仙Ⅱ-111,仙Ⅱ-111,无",,否,,,,,,0,晶体光学,12,"第3节-第4节,第1节-第2节,第3节-第4节",仙II区,15221
32.0,400190,沉积岩岩石学(20091-15222-1),200911522218652,,3,,30,"1-11周(单),1-11周,1-11周",0,林春明,"1-11周(单) 周一 第1节-第2节 仙Ⅱ-109,1-11周 周四 第5节-第6节 ,1-11周 周四 第3节-第4节 仙Ⅰ-318",2.0,地球科学与工程学院,否,,"周一,周四,周四",2009-2010-1,,200911522218652,2007地球科学与工程学院地质学,0,仙林校区,2009-2010学年 第1学期,18652,"仙Ⅱ-109,仙Ⅰ-318,未安排",,否,,,,,,0,沉积岩岩石学,"11,12","第1节-第2节,第3节-第4节,第5节-第6节","仙I区, 仙II区",15222
32.0,400190,沉积岩岩石学(20091-15222-1),200911522221294,,3,,6,"1-18周,1-18周",0,"胡修棉,孔庆友","1-18周 周二 第5节-第6节 仙Ⅱ-113,1-18周 周二 第7节-第8节 ",2.0,地球科学与工程学院,否,,"周二,周二",2009-2010-1,,200911522221294,2007地球科学与工程学院地质学（古生物学方向）,0,仙林校区,2009-2010学年 第1学期,21294,"仙Ⅱ-113,未定",,否,,,,,,0,沉积岩岩石学,12,"第5节-第6节,第7节-第8节",仙II区,15222
32.0,400190,矿床勘探方法(20091-15238-1),200911523818678,,1,,16,1-17周,0,姜耀辉,1-17周 周三 第1节-第2节 教204,2.0,地球科学与工程学院,否,,周三,2009-2010-1,,200911523818678,2006地球科学与工程学院矿物岩石矿床,0,鼓楼校区,2009-2010学年 第1学期,18678,教204,,否,,,,,,0,矿床勘探方法,1,第1节-第2节,教学楼,15238
32.0,400200,自然地理学实验(20092-16001B-1),2009116001B37831,,,,30,,0,,,2.0,地理与海洋科学学院,否,,,2009-2010-1,,2009116001B37831,2007地理与海洋科学学院地理科学,0,,2009-2010学年 第1学期,37831,,,否,,,,,,0,自然地理学实验,,,,16001B
32.0,400200,环境科学导论(20091-16005-1),200911600519061,,3,,107,1-18周,0,朱继业,1-18周 周二 第3节-第4节 仙Ⅱ-306,2.0,地理与海洋科学学院,否,,周二,2009-2010-1,,200911600519061,"2008地理与海洋科学学院资源环境与城乡规划管理,2008地理与海洋科学学院旅游管理,2008地理与海洋科学学院地理信息系统",0,仙林校区,2009-2010学年 第1学期,19061,仙Ⅱ-306,,否,,,,,,0,环境科学导论,12,第3节-第4节,仙II区,16005
48.0,400200,地图与测量(20091-16007-1),200911600719057,,3,,90,"1-18周,1-18周",0,"谈俊忠,王慧麟","1-18周 周一 第5节-第7节 仙Ⅰ-204,1-18周 自由时间 - ",3.0,地理与海洋科学学院,否,,"周一,自由时间",2009-2010-1,,200911600719057,2008地理与海洋科学学院旅游管理,0,仙林校区,2009-2010学年 第1学期,19057,"仙Ⅰ-204,基础实验楼丙214",,否,,,,,,0,地图与测量,11,"第5节-第7节,自由时间",仙I区,16007
32.0,400200,数据库技术(20091-16010-1),200911601019104,,3,,56,"1-18周,1-18周",0,佘江峰,"1-18周 周二 第1节-第2节 仙Ⅱ-109,1-18周 周三 第7节-第8节 ",2.0,地理与海洋科学学院,否,,"周二,周三",2009-2010-1,,200911601019104,"2007地理与海洋科学学院地理信息系统,2008地理与海洋科学学院资源环境与城乡规划管理",0,仙林校区,2009-2010学年 第1学期,19104,"仙Ⅱ-109,基础实验楼丙212",,否,,,,,,0,数据库技术,12,"第1节-第2节,第7节-第8节",仙II区,16010
32.0,400200,地质学教学实习(20091-16014-1),200911601419066,,3,,91,,0,,,2.0,地理与海洋科学学院,否,,,2009-2010-1,,200911601419066,"2008地理与海洋科学学院资源环境与城乡规划管理,2008地理与海洋科学学院旅游管理,2008地理与海洋科学学院地理信息系统",0,仙林校区,2009-2010学年 第1学期,19066,,,否,,,,,,0,地质学教学实习,,,,16014
32.0,400200,地理学教学实习(20091-16015-1),200911601519485,,3,,135,,0,,,2.0,地理与海洋科学学院,否,,,2009-2010-1,,200911601519485,"2007地理与海洋科学学院资源环境与城乡规划管理,2007地理与海洋科学学院海洋科学,2007地理与海洋科学学院旅游管理,2007地理与海洋科学学院地理科学,2007地理与海洋科学学院地理信息系统",0,仙林校区,2009-2010学年 第1学期,19485,,,否,,,,,,0,地理学教学实习,,,,16015
32.0,400200,区域规划概论(20091-16019-1),200911601919494,,1,,49,"10-18周,10-18周",0,翟国方,"10-18周 周一 第3节-第4节 馆1-106,10-18周 周五 第3节-第4节 馆1-106",2.0,地理与海洋科学学院,否,,"周一,周五",2009-2010-1,,200911601919494,,0,鼓楼校区,2009-2010学年 第1学期,19494,"馆1-106,馆1-106",,否,,,,,,0,区域规划概论,8,"第3节-第4节,第3节-第4节",逸夫馆,16019
64.0,400200,城市道路交通规划设计(20091-16020-1),200911602019173,,3,,37,1-18周,0,刘贤腾,1-18周 周二 第5节-第7节 仙Ⅱ-407,4.0,地理与海洋科学学院,否,,周二,2009-2010-1,,200911602019173,,0,仙林校区,2009-2010学年 第1学期,19173,仙Ⅱ-407,,否,,,,,,0,城市道路交通规划设计,12,第5节-第7节,仙II区,16020
32.0,400200,中外城市建筑史(20091-16021-1),200911602119175,,3,,38,1-18周,0,"于涛,章光日",1-18周 周五 第3节-第4节 仙Ⅱ-116,2.0,地理与海洋科学学院,否,,周五,2009-2010-1,,200911602119175,,0,仙林校区,2009-2010学年 第1学期,19175,仙Ⅱ-116,,否,,,,,,0,中外城市建筑史,12,第3节-第4节,仙II区,16021
32.0,400200,城市地理学(20091-16022-1),200911602219059,,3,,38,1-18周,0,黄春晓,1-18周 周一 第3节-第4节 仙Ⅱ-216,2.0,地理与海洋科学学院,否,,周一,2009-2010-1,,200911602219059,,0,仙林校区,2009-2010学年 第1学期,19059,仙Ⅱ-216,,否,,,,,,0,城市地理学,12,第3节-第4节,仙II区,16022
48.0,400200,城市经济学(20091-16023-1),200911602319498,,1,,46,"10-18周,10-18周",0,甄峰,"10-18周 周三 第3节-第4节 教305,10-18周 周四 第5节-第6节 教305",3.0,地理与海洋科学学院,否,,"周三,周四",2009-2010-1,,200911602319498,,0,鼓楼校区,2009-2010学年 第1学期,19498,"教305,教305",,否,,,,,,0,城市经济学,1,"第3节-第4节,第5节-第6节",教学楼,16023
32.0,400200,城市环境生态学(20091-16024-1),200911602419143,,3,,38,1-18周,0,宗耀光,1-18周 周二 第3节-第4节 仙Ⅱ-317,2.0,地理与海洋科学学院,否,,周二,2009-2010-1,,200911602419143,"2007地理与海洋科学学院资源环境与城乡规划管理,2007地理与海洋科学学院旅游管理",0,仙林校区,2009-2010学年 第1学期,19143,仙Ⅱ-317,,否,,,,,,0,城市环境生态学,12,第3节-第4节,仙II区,16024
32.0,400200,城市环境生态学(20091-16024-1),200911602419493,,1,,46,"10-18周,10-18周",0,宗耀光,"10-18周 周一 第1节-第2节 馆1-106,10-18周 周三 第1节-第2节 教305",2.0,地理与海洋科学学院,否,,"周一,周三",2009-2010-1,,200911602419493,,0,鼓楼校区,2009-2010学年 第1学期,19493,"馆1-106,教305",,否,,,,,,0,城市环境生态学,"1,8","第1节-第2节,第1节-第2节","教学楼, 逸夫馆",16024
32.0,400200,城市设计概论(20091-16026-1),200911602619497,,1,,46,"10-18周,10-18周",0,朱喜钢,"10-18周 周二 第3节-第4节 馆1-303,10-18周 周四 第3节-第4节 教305",2.0,地理与海洋科学学院,否,,"周二,周四",2009-2010-1,,200911602619497,,0,鼓楼校区,2009-2010学年 第1学期,19497,"馆1-303,教305",,否,,,,,,0,城市设计概论,"1,8","第3节-第4节,第3节-第4节","教学楼, 逸夫馆",16026
64.0,400200,建筑设计1(20091-16027A-1),2009116027A19060,,3,,38,"1-18周,1-18周",0,"马晓,焦泽阳","1-18周 周一 第1节-第2节 ,1-18周 周三 第5节-第7节 ",4.0,地理与海洋科学学院,否,,"周一,周三",2009-2010-1,,2009116027A19060,,0,仙林校区,2009-2010学年 第1学期,19060,"基础实验楼丙213,基础实验楼丙213",,否,,,,,,0,建筑设计1,,"第1节-第2节,第5节-第7节",,16027A
32.0,400200,城市设计课程设计(20091-16029-1),200911602919501,,1,,22,"10-18周,10-18周",0,沈丽珍,"10-18周 周四 第5节-第6节 教306,10-18周 周五 第5节-第6节 教305",2.0,地理与海洋科学学院,否,,"周四,周五",2009-2010-1,,200911602919501,2005地理与海洋科学学院人文地理与城乡规划,0,鼓楼校区,2009-2010学年 第1学期,19501,"教306,教305",,否,,,,,,0,城市设计课程设计,1,"第5节-第6节,第5节-第6节",教学楼,16029
48.0,400200,《建筑设计2》与建筑建模(20091-16039-1),200911603919172,,3,,38,"1-18周,1-18周,1-17周",0,"焦泽阳,张益峰","1-18周 周一 第3节-第4节 ,1-17周 周三 第8节-第9节 ,1-18周 周三 第3节-第4节 ",3.0,地理与海洋科学学院,否,,"周一,周三,周三",2009-2010-1,,200911603919172,,0,仙林校区,2009-2010学年 第1学期,19172,"基础实验楼丙213,基础实验楼丙213,基础实验楼丙213",,否,,,,,,0,《建筑设计2》与建筑建模,,"第3节-第4节,第3节-第4节,第8节-第9节",,16039
32.0,400200,城市规划专业英语(20091-16043-1),200911604319499,,1,,35,"10-18周,10-18周",0,王红扬,"10-18周 周二 第1节-第2节 馆1-106,10-18周 周五 第1节-第2节 馆1-106",2.0,地理与海洋科学学院,否,,"周二,周五",2009-2010-1,,200911604319499,,0,鼓楼校区,2009-2010学年 第1学期,19499,"馆1-106,馆1-106",,否,,,,,,0,城市规划专业英语,8,"第1节-第2节,第1节-第2节",逸夫馆,16043
32.0,400200,现代地理学实验(20091-16049-1),200911604919125,,1,,17,1-17周,0,张永战,1-17周 周四 第5节-第8节 ,2.0,地理与海洋科学学院,否,,周四,2009-2010-1,,200911604919125,2007地理与海洋科学学院地理科学,0,鼓楼校区,2009-2010学年 第1学期,19125,科技馆614,,否,,,,,,0,现代地理学实验,,第5节-第8节,,16049
32.0,400200,地图投影(20091-16054-1),200911605419093,,3,,55,"1-18周,1-18周",0,蒲英霞,"1-18周 周三 第1节-第2节 仙Ⅱ-109,1-18周 周三 第3节-第4节 ",2.0,地理与海洋科学学院,否,,"周三,周三",2009-2010-1,,200911605419093,"2007地理与海洋科学学院地理信息系统,2008地理与海洋科学学院地理信息系统",0,仙林校区,2009-2010学年 第1学期,19093,"仙Ⅱ-109,基础实验楼丙212",,否,,,,,,0,地图投影,12,"第1节-第2节,第3节-第4节",仙II区,16054
48.0,400200,地理信息系统设计(20091-16060-1),200911606019490,,1,,25,"1-9周,1-9周",0,李满春,"1-9周 周一 第3节-第4节 教302,1-9周 周一 第5节-第8节 ",3.0,地理与海洋科学学院,否,,"周一,周一",2009-2010-1,,200911606019490,2006地理与海洋科学学院地理信息系统,0,鼓楼校区,2009-2010学年 第1学期,19490,"教302,东大楼",,否,,,,,,0,地理信息系统设计,1,"第3节-第4节,第5节-第8节",教学楼,16060
48.0,400200,地图分析与应用(20091-16061-1),200911606119168,,3,,22,"1-18周,1-17周(单)",0,李飞雪,"1-18周 周五 第5节-第6节 仙Ⅱ-307,1-17周(单) 周五 第7节-第8节 ",3.0,地理与海洋科学学院,否,,"周五,周五",2009-2010-1,,200911606119168,2007地理与海洋科学学院地理信息系统,0,仙林校区,2009-2010学年 第1学期,19168,"仙Ⅱ-307,基础实验楼丙212",,否,,,,,,0,地图分析与应用,12,"第5节-第6节,第7节-第8节",仙II区,16061
32.0,400200,数字摄影测量与制图(20091-16063-1),200911606319170,,3,,25,"1-18周,1-17周",0,王慧麟,"1-17周 周四 第3节-第4节 ,1-18周 周四 第5节-第7节 仙Ⅱ-514",2.0,地理与海洋科学学院,否,,"周四,周四",2009-2010-1,,200911606319170,2007地理与海洋科学学院地理信息系统,0,仙林校区,2009-2010学年 第1学期,19170,"仙Ⅱ-514,基础实验楼丙214",,否,,,,,,0,数字摄影测量与制图,12,"第5节-第7节,第3节-第4节",仙II区,16063
32.0,400200,应用生态学(20091-16073-1),200911607319109,,3,,82,1-18周,0,李升峰,1-18周 周一 第3节-第4节 仙Ⅱ-103,2.0,地理与海洋科学学院,否,,周一,2009-2010-1,,200911607319109,"2007地理与海洋科学学院资源环境与城乡规划管理,2007地理与海洋科学学院旅游管理",0,仙林校区,2009-2010学年 第1学期,19109,仙Ⅱ-103,,否,,,,,,0,应用生态学,12,第3节-第4节,仙II区,16073
32.0,400200,房地产金融(20091-16079-1),200911607919297,,3,,22,1-18周,0,陈志刚,1-18周 周四 第5节-第6节 仙Ⅱ-513,2.0,地理与海洋科学学院,否,,周四,2009-2010-1,,200911607919297,2007地理与海洋科学学院资源环境与城乡规划管理,0,仙林校区,2009-2010学年 第1学期,19297,仙Ⅱ-513,,否,,,,,,0,房地产金融,12,第5节-第6节,仙II区,16079
32.0,400200,不动产法(20091-16084-1),200911608419298,,3,,24,1-18周,0,钟太洋,1-18周 周五 第1节-第2节 仙Ⅱ-116,2.0,地理与海洋科学学院,否,,周五,2009-2010-1,,200911608419298,2007地理与海洋科学学院资源环境与城乡规划管理,0,仙林校区,2009-2010学年 第1学期,19298,仙Ⅱ-116,,否,,,,,,0,不动产法,12,第1节-第2节,仙II区,16084
32.0,400200,物业管理(20091-16085-1),200911608519489,,1,,20,"1-9周,1-9周",0,张建新,"1-9周 周二 第5节-第6节 教302,1-9周 周四 第5节-第6节 教207",2.0,地理与海洋科学学院,否,,"周二,周四",2009-2010-1,,200911608519489,2006地理与海洋科学学院资源环境与城乡规划管理,0,鼓楼校区,2009-2010学年 第1学期,19489,"教302,教207",,否,,,,,,0,物业管理,1,"第5节-第6节,第5节-第6节",教学楼,16085
32.0,400200,中国水问题(20091-16087-1),200911608719488,,1,,14,"1-9周,1-9周",0,王腊春,"1-9周 周一 第5节-第6节 ,1-9周 周五 第5节-第6节 ",2.0,地理与海洋科学学院,否,,"周一,周五",2009-2010-1,,200911608719488,2006地理与海洋科学学院资源环境与城乡规划管理,0,鼓楼校区,2009-2010学年 第1学期,19488,"专用或实验教室,专用或实验教室",,否,,,,,,0,中国水问题,,"第5节-第6节,第5节-第6节",,16087
32.0,400200,旅游地理学(20091-16095-1),200911609519103,,3,,28,1-18周,0,张捷,1-18周 周三 第3节-第4节 仙Ⅱ-216,2.0,地理与海洋科学学院,否,,周三,2009-2010-1,,200911609519103,"2008地理与海洋科学学院资源环境与城乡规划管理,2008地理与海洋科学学院旅游管理",0,仙林校区,2009-2010学年 第1学期,19103,仙Ⅱ-216,,否,,,,,,0,旅游地理学,12,第3节-第4节,仙II区,16095
32.0,400200,中国旅游地理(20091-16096-1),200911609619156,,3,,17,1-18周,0,赵宁曦,1-18周 周五 第5节-第6节 仙Ⅱ-216,2.0,地理与海洋科学学院,否,,周五,2009-2010-1,,200911609619156,2007地理与海洋科学学院旅游管理,0,仙林校区,2009-2010学年 第1学期,19156,仙Ⅱ-216,,否,,,,,,0,中国旅游地理,12,第5节-第6节,仙II区,16096
32.0,400200,旅行社概论(20091-16098-1),200911609819108,,3,,1,1-18周,0,汪侠,1-18周 周五 第1节-第2节 仙Ⅱ-115,2.0,地理与海洋科学学院,否,,周五,2009-2010-1,,200911609819108,2008地理与海洋科学学院旅游管理,0,仙林校区,2009-2010学年 第1学期,19108,仙Ⅱ-115,,否,,,,,,0,旅行社概论,12,第1节-第2节,仙II区,16098
32.0,400200,旅游统计预测(20091-16102-1),200911610219153,,3,,19,1-18周,0,刘泽华,1-18周 周三 第3节-第4节 仙Ⅱ-315,2.0,地理与海洋科学学院,否,,周三,2009-2010-1,,200911610219153,2007地理与海洋科学学院旅游管理,0,仙林校区,2009-2010学年 第1学期,19153,仙Ⅱ-315,,否,,,,,,0,旅游统计预测,12,第3节-第4节,仙II区,16102
32.0,400200,旅游英语(20091-16103-1),200911610319140,,3,,16,1-18周,0,汪侠,1-18周 周五 第3节-第4节 仙Ⅱ-307,2.0,地理与海洋科学学院,否,,周五,2009-2010-1,,200911610319140,2007地理与海洋科学学院旅游管理,0,仙林校区,2009-2010学年 第1学期,19140,仙Ⅱ-307,,否,,,,,,0,旅游英语,12,第3节-第4节,仙II区,16103
32.0,400200,典型城市与区域规划分析(20091-16108-1),200911610819500,,1,,22,"10-18周,10-18周",0,曹荣林,"10-18周 周一 第5节-第6节 教305,10-18周 周二 第5节-第6节 教305",2.0,地理与海洋科学学院,否,,"周一,周二",2009-2010-1,,200911610819500,2005地理与海洋科学学院人文地理与城乡规划,0,鼓楼校区,2009-2010学年 第1学期,19500,"教305,教305",,否,,,,,,0,典型城市与区域规划分析,1,"第5节-第6节,第5节-第6节",教学楼,16108
32.0,400200,中国自然地理(20091-16112-1),200911611219126,,3,,8,1-18周,0,马春梅,1-18周 周五 第5节-第6节 仙Ⅱ-508,2.0,地理与海洋科学学院,否,,周五,2009-2010-1,,200911611219126,2007地理与海洋科学学院地理科学,0,仙林校区,2009-2010学年 第1学期,19126,仙Ⅱ-508,,否,,,,,,0,中国自然地理,12,第5节-第6节,仙II区,16112
32.0,400200,旅游法规(20091-16115-1),200911611519487,,1,,15,"3-9周,3-9周",0,张兆干,"3-9周 周三 第9节-第10节 教302,3-9周 周四 第9节-第10节 教302",2.0,地理与海洋科学学院,否,,"周三,周四",2009-2010-1,,200911611519487,2006地理与海洋科学学院旅游管理,0,鼓楼校区,2009-2010学年 第1学期,19487,"教302,教302",,否,,,,,,0,旅游法规,1,"第9节-第10节,第9节-第10节",教学楼,16115
32.0,400200,国土资源信息系统(20091-16120-1),200911612019492,,1,,8,1-9周,0,吴国平,1-9周 周五 第1节-第4节 教302,2.0,地理与海洋科学学院,否,,周五,2009-2010-1,,200911612019492,2006地理与海洋科学学院地理信息系统,0,鼓楼校区,2009-2010学年 第1学期,19492,教302,,否,,,,,,0,国土资源信息系统,1,第1节-第4节,教学楼,16120
32.0,400200,遥感导论(20091-16125-1),200911612519096,,3,,55,"1-18周,1-18周",0,刘永学,"1-18周 周一 第5节-第6节 仙Ⅱ-310,1-18周 周一 第7节-第8节 ",2.0,地理与海洋科学学院,否,,"周一,周一",2009-2010-1,,200911612519096,"2008地理与海洋科学学院资源环境与城乡规划管理,2008地理与海洋科学学院地理信息系统",0,仙林校区,2009-2010学年 第1学期,19096,"仙Ⅱ-310,基础实验楼丙212",,否,,,,,,0,遥感导论,12,"第5节-第6节,第7节-第8节",仙II区,16125
48.0,400200,城市管线工程(20091-16126-1),200911612619174,,3,,37,1-18周,0,耿土锁,1-18周 周三 第5节-第7节 仙Ⅱ-217,3.0,地理与海洋科学学院,否,,周三,2009-2010-1,,200911612619174,,0,仙林校区,2009-2010学年 第1学期,19174,仙Ⅱ-217,,否,,,,,,0,城市管线工程,12,第5节-第7节,仙II区,16126
48.0,400200,全球变化科学导论(20091-16129-1),200911612919114,,3,,29,1-18周,0,朱诚,1-18周 周一 第3节-第4节 仙Ⅱ-307,3.0,地理与海洋科学学院,否,,周一,2009-2010-1,,200911612919114,"2007地理与海洋科学学院地理科学,2007地理与海洋科学学院海洋科学",0,仙林校区,2009-2010学年 第1学期,19114,仙Ⅱ-307,,否,,,,,,0,全球变化科学导论,12,第3节-第4节,仙II区,16129
48.0,400200,城市区域规划概论(20091-16130-1),200911613019115,,3,,85,1-18周,0,徐逸伦,1-18周 周二 第5节-第7节 仙Ⅱ-103,3.0,地理与海洋科学学院,否,,周二,2009-2010-1,,200911613019115,"2007地理与海洋科学学院资源环境与城乡规划管理,2007地理与海洋科学学院旅游管理,2007地理与海洋科学学院地理科学,2007地理与海洋科学学院地理信息系统",0,仙林校区,2009-2010学年 第1学期,19115,仙Ⅱ-103,,否,,,,,,0,城市区域规划概论,12,第5节-第7节,仙II区,16130
32.0,400200,地貌学(20091-16138-1),200911613819102,,3,,58,1-18周,0,李徐生,1-18周 周三 第1节-第2节 仙Ⅱ-102,2.0,地理与海洋科学学院,否,,周三,2009-2010-1,,200911613819102,2008地理与海洋科学学院资源环境与城乡规划管理,0,仙林校区,2009-2010学年 第1学期,19102,仙Ⅱ-102,,否,,,,,,0,地貌学,12,第1节-第2节,仙II区,16138
48.0,400200,土地资源管理(20091-16141-1),200911614119101,,3,,30,1-18周,0,张燕,1-18周 周一 第1节-第2节 仙Ⅱ-102,3.0,地理与海洋科学学院,否,,周一,2009-2010-1,,200911614119101,2008地理与海洋科学学院资源环境与城乡规划管理,0,仙林校区,2009-2010学年 第1学期,19101,仙Ⅱ-102,,否,,,,,,0,土地资源管理,12,第1节-第2节,仙II区,16141
32.0,400200,遥感数字图像处理(20091-16142-1),200911614219167,,3,,29,1-18周,0,冯学智,1-18周 周二 第3节-第4节 仙Ⅱ-407,2.0,地理与海洋科学学院,否,,周二,2009-2010-1,,200911614219167,2007地理与海洋科学学院地理信息系统,0,仙林校区,2009-2010学年 第1学期,19167,仙Ⅱ-407,,否,,,,,,0,遥感数字图像处理,12,第3节-第4节,仙II区,16142
32.0,400200,外国旅游地理(20091-16148-1),200911614819154,,3,,17,1-18周,0,任黎秀,1-18周 周四 第5节-第6节 仙Ⅱ-515,2.0,地理与海洋科学学院,否,,周四,2009-2010-1,,200911614819154,2007地理与海洋科学学院旅游管理,0,仙林校区,2009-2010学年 第1学期,19154,仙Ⅱ-515,,否,,,,,,0,外国旅游地理,12,第5节-第6节,仙II区,16148
32.0,400200,国土规划(20091-16150-1),200911615019295,,3,,23,1-18周,0,吴绍华,1-18周 周四 第3节-第4节 仙Ⅱ-116,2.0,地理与海洋科学学院,否,,周四,2009-2010-1,,200911615019295,2007地理与海洋科学学院资源环境与城乡规划管理,0,仙林校区,2009-2010学年 第1学期,19295,仙Ⅱ-116,,否,,,,,,0,国土规划,12,第3节-第4节,仙II区,16150
48.0,400200,资源环境应用数学(20091-16151-1),200911615119285,,3,,26,1-18周,0,张燕,1-18周 周一 第5节-第7节 仙Ⅱ-515,3.0,地理与海洋科学学院,否,,周一,2009-2010-1,,200911615119285,2007地理与海洋科学学院资源环境与城乡规划管理,0,仙林校区,2009-2010学年 第1学期,19285,仙Ⅱ-515,,否,,,,,,0,资源环境应用数学,12,第5节-第7节,仙II区,16151
32.0,400200,数字地图(20091-16153-1),200911615319166,,3,,24,"1-18周,1-17周",0,谈俊忠,"1-18周 周五 第1节-第2节 仙Ⅱ-216,1-17周 周五 第3节-第4节 ",2.0,地理与海洋科学学院,否,,"周五,周五",2009-2010-1,,200911615319166,2007地理与海洋科学学院地理信息系统,0,仙林校区,2009-2010学年 第1学期,19166,"仙Ⅱ-216,基础实验楼丙212",,否,,,,,,0,数字地图,12,"第1节-第2节,第3节-第4节",仙II区,16153
32.0,400200,沉积学(20091-16154-1),200911615419124,,3,,22,1-18周,0,韩志勇,1-18周 周三 第5节-第6节 仙Ⅱ-315,2.0,地理与海洋科学学院,否,,周三,2009-2010-1,,200911615419124,"2007地理与海洋科学学院地理科学,2007地理与海洋科学学院海洋科学",0,仙林校区,2009-2010学年 第1学期,19124,仙Ⅱ-315,,否,,,,,,0,沉积学,12,第5节-第6节,仙II区,16154
32.0,400200,城市与建筑认知(20092-16155-1),200911615537832,,,,37,,0,,,2.0,地理与海洋科学学院,否,,,2009-2010-1,,200911615537832,,0,,2009-2010学年 第1学期,37832,,,否,,,,,,0,城市与建筑认知,,,,16155
32.0,400200,土地利用工程(20091-16159-1),200911615919291,,3,,25,1-18周,0,金晓斌,1-18周 周三 第3节-第4节 仙Ⅱ-307,2.0,地理与海洋科学学院,否,,周三,2009-2010-1,,200911615919291,2007地理与海洋科学学院资源环境与城乡规划管理,0,仙林校区,2009-2010学年 第1学期,19291,仙Ⅱ-307,,否,,,,,,0,土地利用工程,12,第3节-第4节,仙II区,16159
32.0,400200,旅游电子商务(20091-16160-1),200911616019152,,3,,17,1-18周,0,刘泽华,1-18周 周三 第1节-第2节 仙Ⅱ-315,2.0,地理与海洋科学学院,否,,周三,2009-2010-1,,200911616019152,2007地理与海洋科学学院旅游管理,0,仙林校区,2009-2010学年 第1学期,19152,仙Ⅱ-315,,否,,,,,,0,旅游电子商务,12,第1节-第2节,仙II区,16160
48.0,400200,交通系统管理与规划模型(20091-16161-1),200911616119495,,1,,34,"10-18周,10-18周",0,石飞,"10-18周 周一 第5节-第7节 馆1-106,10-18周 周三 第5节-第7节 馆1-106",3.0,地理与海洋科学学院,否,,"周一,周三",2009-2010-1,,200911616119495,,0,鼓楼校区,2009-2010学年 第1学期,19495,"馆1-106,馆1-106",,否,,,,,,0,交通系统管理与规划模型,8,"第5节-第7节,第5节-第7节",逸夫馆,16161
48.0,400200,遥感地学分析(20091-16163-1),200911616319169,,3,,25,1-18周,0,肖鹏峰,1-18周 周四 第1节-第2节 仙Ⅱ-113,3.0,地理与海洋科学学院,否,,周四,2009-2010-1,,200911616319169,2007地理与海洋科学学院地理信息系统,0,仙林校区,2009-2010学年 第1学期,19169,仙Ⅱ-113,,否,,,,,,0,遥感地学分析,12,第1节-第2节,仙II区,16163
32.0,400200,GIS技术(20091-16165-1),200911616519098,,3,,53,"1-18周,1-18周",0,李飞雪,"1-18周 周一 第1节-第2节 仙Ⅱ-111,1-18周 周一 第3节-第4节 ",2.0,地理与海洋科学学院,否,,"周一,周一",2009-2010-1,,200911616519098,"2007地理与海洋科学学院地理信息系统,2008地理与海洋科学学院地理信息系统",0,仙林校区,2009-2010学年 第1学期,19098,"仙Ⅱ-111,基础实验楼丙212",,否,,,,,,0,GIS技术,12,"第1节-第2节,第3节-第4节",仙II区,16165
32.0,400200,C++程序设计(20091-16167-1),200911616719099,,3,,26,"1-18周,1-18周",0,徐寿成,"1-18周 周三 第5节-第6节 仙Ⅱ-513,1-18周 周三 第7节-第8节 ",2.0,地理与海洋科学学院,否,,"周三,周三",2009-2010-1,,200911616719099,2008地理与海洋科学学院地理信息系统,0,仙林校区,2009-2010学年 第1学期,19099,"基础实验楼丙212,仙Ⅱ-513",,否,,,,,,0,C++程序设计,12,"第7节-第8节,第5节-第6节",仙II区,16167
32.0,400200,地理建模(20091-16169-1),200911616919171,,3,,25,"1-18周,1-17周",0,吴国平,"1-17周 周一 第5节-第6节 ,1-18周 周一 第7节-第8节 仙Ⅱ-101",2.0,地理与海洋科学学院,否,,"周一,周一",2009-2010-1,,200911616919171,2007地理与海洋科学学院地理信息系统,0,仙林校区,2009-2010学年 第1学期,19171,"仙Ⅱ-101,基础实验楼丙212",,否,,,,,,0,地理建模,12,"第7节-第8节,第5节-第6节",仙II区,16169
32.0,400200,GIS应用(20091-16171-1),200911617119491,,1,,25,1-9周,0,刘永学,1-9周 周二 第1节-第4节 教302,2.0,地理与海洋科学学院,否,,周二,2009-2010-1,,200911617119491,2006地理与海洋科学学院地理信息系统,0,鼓楼校区,2009-2010学年 第1学期,19491,教302,,否,,,,,,0,GIS应用,1,第1节-第4节,教学楼,16171
32.0,400200,LUCC定量分析(20091-16176-1),200911617619502,,1,,13,"1-9周,1-9周",0,黄秋昊,"1-9周 周三 第1节-第2节 教206,1-9周 周四 第1节-第2节 教206",2.0,地理与海洋科学学院,否,,"周三,周四",2009-2010-1,,200911617619502,2006地理与海洋科学学院地理信息系统,0,鼓楼校区,2009-2010学年 第1学期,19502,"教206,教206",,否,,,,,,0,LUCC定量分析,1,"第1节-第2节,第1节-第2节",教学楼,16176
0.0,400200,地统计学(20091-162310-1),2009116231019484,,3,,26,1-18周,0,周艳莲,1-18周 周三 第5节-第6节 仙Ⅱ-512,0.0,地理与海洋科学学院,否,,周三,2009-2010-1,,2009116231019484,2007地理与海洋科学学院地理信息系统,0,仙林校区,2009-2010学年 第1学期,19484,仙Ⅱ-512,,否,,,,,,0,地统计学,12,第5节-第6节,仙II区,162310
32.0,400200,风景园林规划与设计(20091-163050-1),2009116305019063,,3,,38,1-18周,0,,1-18周 周三 第3节-第4节 仙Ⅱ-217,2.0,地理与海洋科学学院,否,,周三,2009-2010-1,,2009116305019063,,0,仙林校区,2009-2010学年 第1学期,19063,仙Ⅱ-217,,否,,,,,,0,风景园林规划与设计,12,第3节-第4节,仙II区,163050
32.0,400200,风景园林规划与设计(20091-163050-1),2009116305019496,,1,,46,"10-18周,10-18周",0,,"10-18周 周二 第5节-第6节 馆1-106,10-18周 周五 第5节-第6节 馆1-106",2.0,地理与海洋科学学院,否,,"周二,周五",2009-2010-1,,2009116305019496,,0,鼓楼校区,2009-2010学年 第1学期,19496,"馆1-106,馆1-106",,否,,,,,,0,风景园林规划与设计,8,"第5节-第6节,第5节-第6节",逸夫馆,163050
32.0,400200,美术1(20091-163120A-1),20091163120A19037,,3,,38,"1-18周,1-18周",0,江昼,"1-18周 周二 第1节-第2节 ,1-18周 周二 第3节-第4节 ",2.0,地理与海洋科学学院,否,,"周二,周二",2009-2010-1,,20091163120A19037,,0,仙林校区,2009-2010学年 第1学期,19037,"无,无",,否,,,,,,0,美术1,,"第1节-第2节,第3节-第4节",,163120A
32.0,400200,建筑制图(20091-163130-1),2009116313019041,,3,,52,1-18周,0,马晓,1-18周 周一 第3节-第4节 仙Ⅱ-101,2.0,地理与海洋科学学院,否,,周一,2009-2010-1,,2009116313019041,2008历史学院考古学,0,仙林校区,2009-2010学年 第1学期,19041,仙Ⅱ-101,,否,,,,,,0,建筑制图,12,第3节-第4节,仙II区,163130
32.0,400200,人文地理学(20091-163220-1),2009116322019030,,3,,156,1-18周,0,尹海伟,1-18周 周五 第7节-第8节 仙Ⅱ-122,2.0,地理与海洋科学学院,否,,周五,2009-2010-1,,2009116322019030,2007地理与海洋科学学院海洋科学,0,仙林校区,2009-2010学年 第1学期,19030,仙Ⅱ-122,,否,,,,,,0,人文地理学,12,第7节-第8节,仙II区,163220
16.0,400200,城市与区域规划知识讲座(20091-163230-1),2009116323019033,,3,,37,2-18周(双),0,姚鑫,2-18周(双) 周一 第9节-第10节 仙Ⅱ-217,1.0,地理与海洋科学学院,否,,周一,2009-2010-1,,2009116323019033,,0,仙林校区,2009-2010学年 第1学期,19033,仙Ⅱ-217,,否,,,,,,0,城市与区域规划知识讲座,12,第9节-第10节,仙II区,163230
16.0,400200,地理科学知识讲座(20091-164010-1),2009116401019044,,3,,153,1-18周,0,王腊春,1-18周 周六 第1节-第2节 仙Ⅱ-207,1.0,地理与海洋科学学院,否,,周六,2009-2010-1,,2009116401019044,,0,仙林校区,2009-2010学年 第1学期,19044,仙Ⅱ-207,,否,,,,,,0,地理科学知识讲座,12,第1节-第2节,仙II区,164010
32.0,400200,普通地质学(20091-164020-1),2009116402019043,,3,,116,1-18周,0,,1-18周 周五 第1节-第2节 仙Ⅰ-207,2.0,地理与海洋科学学院,否,,周五,2009-2010-1,,2009116402019043,,0,仙林校区,2009-2010学年 第1学期,19043,仙Ⅰ-207,,否,,,,,,0,普通地质学,11,第1节-第2节,仙I区,164020
32.0,400200,物理海洋学(20091-166030-1),2009116603019137,,3,,21,1-18周,0,"汪亚平,张继才",1-18周 周五 第3节-第4节 仙Ⅱ-217,2.0,地理与海洋科学学院,否,,周五,2009-2010-1,,2009116603019137,2007地理与海洋科学学院海洋科学,0,仙林校区,2009-2010学年 第1学期,19137,仙Ⅱ-217,,否,,,,,,0,物理海洋学,12,第3节-第4节,仙II区,166030
32.0,400210,Fortran语言(20091-17002-1),200911700219607,,3,,94,"1-10周,7-16周,7-16周",0,张宁,"7-16周 周五 第5节-第6节 ,7-16周 周四 第9节-第10节 ,1-10周 周四 第5节-第7节 仙Ⅱ-306",2.0,大气科学学院,否,,"周四,周四,周五",2009-2010-1,,200911700219607,,0,仙林校区,2009-2010学年 第1学期,19607,"仙Ⅱ-306,预报台,预报台",,否,,,,,,0,Fortran语言,12,"第5节-第7节,第9节-第10节,第5节-第6节",仙II区,17002
64.0,400210,天气学(20091-17007-1),200911700719702,,3,,49,"1-18周,1-18周",0,江静,"1-18周 周二 第3节-第4节 仙Ⅱ-422,1-18周 周四 第3节-第4节 仙Ⅱ-422",4.0,大气科学学院,否,,"周二,周四",2009-2010-1,,200911700719702,2007大气科学学院大气科学,0,仙林校区,2009-2010学年 第1学期,19702,"仙Ⅱ-422,仙Ⅱ-422",,否,,,,,,0,天气学,12,"第3节-第4节,第3节-第4节",仙II区,17007
64.0,400210,天气学(20091-17007-1),200911700719713,,3,,24,"1-18周,1-18周",0,姚永红,"1-18周 周二 第3节-第4节 仙Ⅱ-421,1-18周 周四 第3节-第4节 仙Ⅱ-421",4.0,大气科学学院,否,,"周二,周四",2009-2010-1,,200911700719713,2007大气科学学院应用气象学,0,仙林校区,2009-2010学年 第1学期,19713,"仙Ⅱ-421,仙Ⅱ-421",,否,,,,,,0,天气学,12,"第3节-第4节,第3节-第4节",仙II区,17007
32.0,400210,卫星气象(20091-17011-1),200911701119708,,3,,80,1-18周,0,郁凡,1-18周 周五 第5节-第7节 仙Ⅱ-110,2.0,大气科学学院,否,,周五,2009-2010-1,,200911701119708,"2007大气科学学院大气科学,2007大气科学学院应用气象学",0,仙林校区,2009-2010学年 第1学期,19708,仙Ⅱ-110,,否,,,,,,0,卫星气象,12,第5节-第7节,仙II区,17011
48.0,400210,计算方法(20091-17016-1),200911701619704,,3,,80,"1-18周,1-17周(单),2-18周(双),2-18周(双)",0,黄樱,"1-17周(单) 周三 第1节-第2节 仙Ⅱ-110,1-18周 周五 第3节-第4节 仙Ⅱ-110,2-18周(双) 周五 第1节-第2节 ,2-18周(双) 周三 第1节-第2节 ",3.0,大气科学学院,否,,"周五,周三,周三,周五",2009-2010-1,,200911701619704,"2007大气科学学院大气科学,2007大气科学学院应用气象学",0,仙林校区,2009-2010学年 第1学期,19704,"仙Ⅱ-110,仙Ⅱ-110,预报台,预报台",,否,,,,,,0,计算方法,12,"第3节-第4节,第1节-第2节,第1节-第2节,第1节-第2节",仙II区,17016
32.0,400210,诊断分析(20091-17017-1),200911701719619,,1,,61,"8-17周,8-17周",0,储可宽,"8-17周 周一 第5节-第6节 馆1-201,8-17周 周三 第7节-第8节 馆1-206",2.0,大气科学学院,否,,"周一,周三",2009-2010-1,,200911701719619,"2006大气科学学院大气科学,2006大气科学学院应用气象学",0,鼓楼校区,2009-2010学年 第1学期,19619,"馆1-201,馆1-206",,否,,,,,,0,诊断分析,8,"第5节-第6节,第7节-第8节",逸夫馆,17017
32.0,400210,中小尺度天气学(20091-17018-1),200911701819613,,1,,63,1-13周,0,潘益农,1-13周 周二 第5节-第7节 馆1-201,2.0,大气科学学院,否,,周二,2009-2010-1,,200911701819613,"2006大气科学学院大气科学,2006大气科学学院应用气象学",0,鼓楼校区,2009-2010学年 第1学期,19613,馆1-201,,否,,,,,,0,中小尺度天气学,8,第5节-第7节,逸夫馆,17018
48.0,400210,数值预报(20091-17021-1),200911702119696,,1,,71,"1-18周,1-17周(单),2-18周(双)",0,杨修群,"2-18周(双) 周四 第1节-第4节 ,1-17周(单) 周四 第3节-第4节 馆1-201,1-18周 周二 第3节-第4节 馆1-201",3.0,大气科学学院,否,,"周二,周四,周四",2009-2010-1,,200911702119696,"2006大气科学学院大气科学,2006大气科学学院应用气象学",0,鼓楼校区,2009-2010学年 第1学期,19696,"馆1-201,馆1-201,东南大气机房",,否,,,,,,0,数值预报,8,"第3节-第4节,第3节-第4节,第1节-第4节",逸夫馆,17021
16.0,400210,气象业务自动化(20091-17027-1),200911702719710,,3,,80,5-10周,0,舒守娟,5-10周 周一 第5节-第8节 ,1.0,大气科学学院,否,,周一,2009-2010-1,,200911702719710,2007大气科学学院大气科学,0,仙林校区,2009-2010学年 第1学期,19710,预报台,,否,,,,,,0,气象业务自动化,,第5节-第8节,,17027
16.0,400210,气象业务自动化(20091-17027-1),200911702719716,,3,,0,11-15周,0,舒守娟,11-15周 周一 第5节-第8节 ,1.0,大气科学学院,否,,周一,2009-2010-1,,200911702719716,2007大气科学学院应用气象学,0,仙林校区,2009-2010学年 第1学期,19716,预报台,,否,,,,,,0,气象业务自动化,,第5节-第8节,,17027
32.0,400210,大气化学(20091-17033-1),200911703319712,,3,,77,"11-18周,11-18周",0,谢旻,"11-18周 周二 第1节-第2节 仙Ⅱ-104,11-18周 周四 第5节-第6节 仙Ⅱ-104",2.0,大气科学学院,否,,"周二,周四",2009-2010-1,,200911703319712,"2007大气科学学院大气科学,2007大气科学学院应用气象学",0,仙林校区,2009-2010学年 第1学期,19712,"仙Ⅱ-104,仙Ⅱ-104",,否,,,,,,0,大气化学,12,"第1节-第2节,第5节-第6节",仙II区,17033
48.0,400210,气象统计预报(20091-17047-1),200911704719612,,1,,71,"1-18周,1-17周(单),2-18周(双)",0,汤剑平,"2-18周(双) 周五 第1节-第4节 ,1-17周(单) 周五 第3节-第4节 馆1-206,1-18周 周三 第3节-第4节 馆1-206",3.0,大气科学学院,否,,"周三,周五,周五",2009-2010-1,,200911704719612,"2006大气科学学院大气科学,2006大气科学学院应用气象学",0,鼓楼校区,2009-2010学年 第1学期,19612,"馆1-206,馆1-206,东南大气机房",,否,,,,,,0,气象统计预报,8,"第3节-第4节,第3节-第4节,第1节-第4节",逸夫馆,17047
32.0,400210,生态与农业气候学(20091-17052-1),200911705219614,,1,,46,"8-17周,8-17周",0,张录军,"8-17周 周一 第3节-第4节 馆1-206,8-17周 周三 第5节-第6节 馆1-206",2.0,大气科学学院,否,,"周一,周三",2009-2010-1,,200911705219614,"2006大气科学学院大气科学,2006大气科学学院应用气象学",0,鼓楼校区,2009-2010学年 第1学期,19614,"馆1-206,馆1-206",,否,,,,,,0,生态与农业气候学,8,"第3节-第4节,第5节-第6节",逸夫馆,17052
32.0,400210,云和降水物理(20091-17053-1),200911705319709,,3,,77,"1-10周,1-10周",0,陈宝君,"1-10周 周二 第1节-第2节 仙Ⅱ-104,1-10周 周四 第5节-第6节 仙Ⅱ-104",2.0,大气科学学院,否,,"周二,周四",2009-2010-1,,200911705319709,"2007大气科学学院大气科学,2007大气科学学院应用气象学",0,仙林校区,2009-2010学年 第1学期,19709,"仙Ⅱ-104,仙Ⅱ-104",,否,,,,,,0,云和降水物理,12,"第1节-第2节,第5节-第6节",仙II区,17053
32.0,400210,天气分析与预报技术(20091-17058-1),200911705819706,,3,,49,1-18周,0,王亦平,1-18周 周三 第5节-第7节 ,2.0,大气科学学院,否,,周三,2009-2010-1,,200911705819706,2007大气科学学院大气科学,0,仙林校区,2009-2010学年 第1学期,19706,预报台,,否,,,,,,0,天气分析与预报技术,,第5节-第7节,,17058
32.0,400210,天气分析与预报技术(20091-17058-1),200911705819714,,3,,31,1-18周,0,王亦平,1-18周 周二 第5节-第7节 ,2.0,大气科学学院,否,,周二,2009-2010-1,,200911705819714,2007大气科学学院应用气象学,0,仙林校区,2009-2010学年 第1学期,19714,预报台,,否,,,,,,0,天气分析与预报技术,,第5节-第7节,,17058
32.0,400210,空气污染气象学(20091-17062-1),200911706219618,,1,,60,1-13周,0,刘罡,1-13周 周四 第5节-第7节 馆1-201,2.0,大气科学学院,否,,周四,2009-2010-1,,200911706219618,"2006大气科学学院大气科学,2006大气科学学院应用气象学",0,鼓楼校区,2009-2010学年 第1学期,19618,馆1-201,,否,,,,,,0,空气污染气象学,8,第5节-第7节,逸夫馆,17062
32.0,400210,海洋科学概论(20091-17066-1),200911706619711,,3,,79,"1周,4-12周,1周,3-12周",0,房佳蓓,"1周,3-12周 周三 第3节-第4节 仙Ⅱ-110,1周,4-12周 周一 第3节-第4节 仙Ⅱ-110",2.0,大气科学学院,否,,"周一,周三",2009-2010-1,,200911706619711,"2007大气科学学院大气科学,2007大气科学学院应用气象学",0,仙林校区,2009-2010学年 第1学期,19711,"仙Ⅱ-110,仙Ⅱ-110",,否,,,,,,0,海洋科学概论,12,"第3节-第4节,第3节-第4节",仙II区,17066
16.0,400210,地球大气综合探测B(20091-17068B-1),2009117068B19707,,3,,49,5-18周,0,金龙山,5-18周 周二 第5节-第6节 ,1.0,大气科学学院,否,,周二,2009-2010-1,,2009117068B19707,2007大气科学学院大气科学,0,仙林校区,2009-2010学年 第1学期,19707,观测场,,否,,,,,,0,地球大气综合探测B,,第5节-第6节,,17068B
16.0,400210,地球大气综合探测B(20091-17068B-1),2009117068B19715,,3,,32,5-18周,0,金龙山,5-18周 周三 第5节-第6节 ,1.0,大气科学学院,否,,周三,2009-2010-1,,2009117068B19715,2007大气科学学院应用气象学,0,仙林校区,2009-2010学年 第1学期,19715,观测场,,否,,,,,,0,地球大气综合探测B,,第5节-第6节,,17068B
16.0,400210,大气科学进展(20091-171280-1),2009117128019374,,3,,103,7-16周,0,"符淙斌,方娟,孙鉴泞,杨修群,谈哲敏,王体健,江静,刘红年,张耀存,陈星",7-16周 周五 第5节-第6节 仙Ⅱ-504,1.0,大气科学学院,否,,周五,2009-2010-1,,2009117128019374,,0,仙林校区,2009-2010学年 第1学期,19374,仙Ⅱ-504,,否,,,,,,0,大气科学进展,12,第5节-第6节,仙II区,171280
48.0,400160,大学计算机信息技术(20091-180000-1),2009118000019113,,3,,194,"5-18周,4-18周,4-18周",0,"屠娟,王自强","4-18周 周二 第1节-第4节 ,4-18周 周二 第7节-第8节 ,5-18周 周二 第5节-第6节 仙Ⅰ-107",3.0,电子科学与工程学院,否,,"周二,周二,周二",2009-2010-1,,2009118000019113,"2009电子科学与工程学院电子信息科学与技术,2009电子科学与工程学院通信工程,2009电子科学与工程学院声学",0,仙林校区,2009-2010学年 第1学期,19113,"仙Ⅰ-107,未安排,无",,否,,,,,,0,大学计算机信息技术,11,"第5节-第6节,第1节-第4节,第7节-第8节",仙I区,180000
64.0,400160,大学物理I(20091-180011A-1),20091180011A19774,,3,,102,"1-18周,1-18周",0,毛一葳,"1-18周 周一 第3节-第4节 逸B-405,1-18周 周三 第5节-第6节 逸B-405",4.0,电子科学与工程学院,否,,"周一,周三",2009-2010-1,,20091180011A19774,2009电子科学与工程学院电子信息科学与技术,0,仙林校区,2009-2010学年 第1学期,19774,"逸B-405,逸B-405",,否,,,,,,0,大学物理I,16,"第3节-第4节,第5节-第6节",逸夫楼B区,180011A
64.0,400160,大学物理I(20091-180011A-2),20091180011A19775,,3,,93,"1-18周,1-18周",0,吴浩东,"1-18周 周一 第3节-第4节 逸B-410,1-18周 周三 第5节-第6节 逸B-410",4.0,电子科学与工程学院,否,,"周一,周三",2009-2010-1,,20091180011A19775,"2009电子科学与工程学院电子信息科学与技术,2009电子科学与工程学院声学",0,仙林校区,2009-2010学年 第1学期,19775,"逸B-410,逸B-410",,否,,,,,,0,大学物理I,16,"第3节-第4节,第5节-第6节",逸夫楼B区,180011A
48.0,400160,近代物理(20091-180012-1),2009118001219820,,3,,167,"1-18周,2-18周(双)",0,陈伟中,"1-18周 周一 第1节-第2节 仙Ⅰ-207,2-18周(双) 周三 第1节-第2节 仙Ⅰ-207",3.0,电子科学与工程学院,否,,"周一,周三",2009-2010-1,,2009118001219820,"2007电子科学与工程学院电子信息科学与技术,2007电子科学与工程学院通信工程",0,仙林校区,2009-2010学年 第1学期,19820,"仙Ⅰ-207,仙Ⅰ-207",,否,,,,,,0,近代物理,11,"第1节-第2节,第1节-第2节",仙I区,180012
48.0,400160,电路分析(20091-180031-1),2009118003119772,,3,,101,1-18周,0,沈一骑,1-18周 周四 第5节-第7节 逸B-410,3.0,电子科学与工程学院,否,,周四,2009-2010-1,,2009118003119772,2009电子科学与工程学院电子信息科学与技术,0,仙林校区,2009-2010学年 第1学期,19772,逸B-410,,否,,,,,,0,电路分析,16,第5节-第7节,逸夫楼B区,180031
48.0,400160,电路分析(20091-180031-2),2009118003119773,,3,,107,1-18周,0,康琳,1-18周 周四 第5节-第7节 逸B-405,3.0,电子科学与工程学院,否,,周四,2009-2010-1,,2009118003119773,"2009电子科学与工程学院电子信息科学与技术,2009电子科学与工程学院通信工程,2009电子科学与工程学院声学",0,仙林校区,2009-2010学年 第1学期,19773,逸B-405,,否,,,,,,0,电路分析,16,第5节-第7节,逸夫楼B区,180031
32.0,400160,近代电子学实验(20091-180042T-1),20091180042T20235,,1,,196,"1-17周,1-17周",0,"陈颖,李晨","1-17周 周二 第1节-第8节 ,1-17周 周三 第1节-第8节 ",2.0,电子科学与工程学院,否,,"周二,周三",2009-2010-1,,20091180042T20235,"2006电子科学与工程学院电子信息科学与技术,2006电子科学与工程学院通信工程,2006电子科学与工程学院声学",0,鼓楼校区,2009-2010学年 第1学期,20235,"物理楼504、503,物理楼504、503",,否,,,,,,0,近代电子学实验,,"第1节-第8节,第1节-第8节",,180042T
48.0,400160,信号与系统(20091-180051-1),2009118005119790,,3,,100,1-18周,0,章东,1-18周 周四 第5节-第7节 仙Ⅰ-204,3.0,电子科学与工程学院,否,,周四,2009-2010-1,,2009118005119790,2008电子科学与工程学院电子信息科学与技术,0,仙林校区,2009-2010学年 第1学期,19790,仙Ⅰ-204,,否,,,,,,0,信号与系统,11,第5节-第7节,仙I区,180051
48.0,400160,信号与系统(20091-180051-2),2009118005119791,,3,,100,1-18周,0,李晨,1-18周 周四 第5节-第7节 仙Ⅰ-203,3.0,电子科学与工程学院,否,,周四,2009-2010-1,,2009118005119791,"2008电子科学与工程学院电子信息科学与技术,2008电子科学与工程学院通信工程,2008电子科学与工程学院声学",0,仙林校区,2009-2010学年 第1学期,19791,仙Ⅰ-203,,否,,,,,,0,信号与系统,11,第5节-第7节,仙I区,180051
16.0,400160,微波测量实验(20091-180052T-1),20091180052T19810,,1,,196,"2-18周,2-18周",0,许伟伟,"2-18周 周二 第1节-第8节 ,2-18周 周三 第1节-第8节 ",1.0,电子科学与工程学院,否,,"周二,周三",2009-2010-1,,20091180052T19810,"2006电子科学与工程学院电子信息科学与技术,2006电子科学与工程学院通信工程,2006电子科学与工程学院声学",0,鼓楼校区,2009-2010学年 第1学期,19810,"物理楼404,物理楼404",,否,,,,,,0,微波测量实验,,"第1节-第8节,第1节-第8节",,180052T
32.0,400160,理论物理学(一)(20091-18005A-1),2009118005A19822,,3,,52,1-18周,0,梁彬,1-18周 周五 第3节-第4节 逸B-111,2.0,电子科学与工程学院,否,,周五,2009-2010-1,,2009118005A19822,2007电子科学与工程学院电子信息科学与技术,0,仙林校区,2009-2010学年 第1学期,19822,逸B-111,,否,,,,,,0,理论物理学(一),16,第3节-第4节,逸夫楼B区,18005A
48.0,400160,模拟电路(20091-18007-1),200911800720386,,3,,96,1-18周,0,姜田,1-18周 周五 第5节-第7节 仙Ⅱ-305,3.0,电子科学与工程学院,否,,周五,2009-2010-1,,200911800720386,2008物理学院物理学,0,仙林校区,2009-2010学年 第1学期,20386,仙Ⅱ-305,,否,,,,,,0,模拟电路,12,第5节-第7节,仙II区,18007
48.0,400160,模拟电路(20091-18007-2),200911800720387,,3,,122,1-18周,0,庄建军,1-18周 周一 第5节-第7节 仙Ⅱ-304,3.0,电子科学与工程学院,否,,周一,2009-2010-1,,200911800720387,"2008现代工程与应用科学学院材料物理,2008现代工程与应用科学学院材料化学",0,仙林校区,2009-2010学年 第1学期,20387,仙Ⅱ-304,,否,,,,,,0,模拟电路,12,第5节-第7节,仙II区,18007
32.0,400160,模拟电路实验(20091-180071T-1),20091180071T19785,,3,,92,1-17周,0,"王育昕,陈孝桢,张丽敏,姜乃卓",1-17周 周二 第1节-第4节 ,2.0,电子科学与工程学院,否,,周二,2009-2010-1,,20091180071T19785,"2008电子科学与工程学院电子信息科学与技术,2008电子科学与工程学院通信工程,2008电子科学与工程学院声学",0,仙林校区,2009-2010学年 第1学期,19785,电子中心实验楼,,否,,,,,,0,模拟电路实验,,第1节-第4节,,180071T
32.0,400160,模拟电路实验(20091-180071T-2),20091180071T19786,,3,,90,1-17周,0,"王育昕,高健,张丽敏,陈孝桢",1-17周 周二 第5节-第8节 ,2.0,电子科学与工程学院,否,,周二,2009-2010-1,,20091180071T19786,"2008电子科学与工程学院电子信息科学与技术,2008电子科学与工程学院通信工程,2008电子科学与工程学院声学",0,仙林校区,2009-2010学年 第1学期,19786,电子中心实验楼,,否,,,,,,0,模拟电路实验,,第5节-第8节,,180071T
32.0,400160,智能信息处理(20091-180072-1),2009118007219767,,1,,10,1-17周,0,刘红星,1-17周 周五 第3节-第4节 馆3-204,2.0,电子科学与工程学院,否,,周五,2009-2010-1,,2009118007219767,2006电子科学与工程学院电子信息科学与技术,0,鼓楼校区,2009-2010学年 第1学期,19767,馆3-204,,否,,,,,,0,智能信息处理,8,第3节-第4节,逸夫馆,180072
64.0,400160,数字电路(20091-180081-1),2009118008119783,,3,,106,"1-18周,1-18周",0,肇莹,"1-18周 周一 第3节-第4节 逸B-305,1-18周 周三 第5节-第6节 逸B-305",4.0,电子科学与工程学院,否,,"周一,周三",2009-2010-1,,2009118008119783,2008电子科学与工程学院电子信息科学与技术,0,仙林校区,2009-2010学年 第1学期,19783,"逸B-305,逸B-305",,否,,,,,,0,数字电路,16,"第3节-第4节,第5节-第6节",逸夫楼B区,180081
64.0,400160,数字电路(20091-180081-2),2009118008119792,,3,,105,"1-18周,1-18周",0,刘杰惠,"1-18周 周一 第3节-第4节 逸B-306,1-18周 周三 第5节-第6节 逸B-306",4.0,电子科学与工程学院,否,,"周一,周三",2009-2010-1,,2009118008119792,"2008电子科学与工程学院电子信息科学与技术,2008电子科学与工程学院通信工程,2008电子科学与工程学院声学",0,仙林校区,2009-2010学年 第1学期,19792,"逸B-306,逸B-306",,否,,,,,,0,数字电路,16,"第3节-第4节,第5节-第6节",逸夫楼B区,180081
48.0,400160,微弱信号检测(20091-180082-1),2009118008219766,,1,,13,1-17周,0,司峻峰,1-17周 周四 第9节-第11节 教301,3.0,电子科学与工程学院,否,,周四,2009-2010-1,,2009118008219766,2006电子科学与工程学院电子信息科学与技术,0,鼓楼校区,2009-2010学年 第1学期,19766,教301,,否,,,,,,0,微弱信号检测,1,第9节-第11节,教学楼,180082
32.0,400160,数字电路实验(20091-180091T-1),20091180091T19787,,3,,90,1-18周,0,"刘杰惠,肇莹,郑江,戚海峰",1-18周 周一 第5节-第8节 ,2.0,电子科学与工程学院,否,,周一,2009-2010-1,,20091180091T19787,"2008电子科学与工程学院电子信息科学与技术,2008电子科学与工程学院通信工程,2008电子科学与工程学院声学",0,仙林校区,2009-2010学年 第1学期,19787,电子中心实验楼,,否,,,,,,0,数字电路实验,,第5节-第8节,,180091T
32.0,400160,数字电路实验(20091-180091T-2),20091180091T19788,,3,,90,1-18周,0,"戚海峰,郑江,陈瞻,高健",1-18周 周一 第9节-第12节 ,2.0,电子科学与工程学院,否,,周一,2009-2010-1,,20091180091T19788,"2008电子科学与工程学院电子信息科学与技术,2008电子科学与工程学院通信工程,2008电子科学与工程学院声学",0,仙林校区,2009-2010学年 第1学期,19788,电子中心实验楼,,否,,,,,,0,数字电路实验,,第9节-第12节,,180091T
32.0,400160,数字电路实验(20091-18016-1),200911801620372,,3,,68,1-17周,0,陈瞻,1-17周 周三 第9节-第11节 ,2.0,电子科学与工程学院,否,,周三,2009-2010-1,,200911801620372,2007物理学院物理学,0,仙林校区,2009-2010学年 第1学期,20372,电子中心实验楼,,否,,,,,,0,数字电路实验,,第9节-第11节,,18016
32.0,400160,近代电子学实验(20091-18018B-4),2009118018B19744,,1,,0,1-17周,0,"陈颖,李晨",1-17周 周三 第5节-第8节 ,2.0,电子科学与工程学院,否,,周三,2009-2010-1,,2009118018B19744,"2006电子科学与工程学院声学,2006电子科学与工程学院通信工程",0,鼓楼校区,2009-2010学年 第1学期,19744,物理楼504、503,,否,,,,,,0,近代电子学实验,,第5节-第8节,,18018B
16.0,400160,声学测量实验(20091-18018C-1),2009118018C20232,,1,,196,"2-18周,2-18周",0,"邹欣晔,刘晓峻","2-18周 周二 第1节-第8节 ,2-18周 周三 第1节-第8节 ",1.0,电子科学与工程学院,否,,"周二,周三",2009-2010-1,,2009118018C20232,"2006电子科学与工程学院电子信息科学与技术,2006电子科学与工程学院通信工程,2006电子科学与工程学院声学",0,鼓楼校区,2009-2010学年 第1学期,20232,"声207,声207",,否,,,,,,0,声学测量实验,,"第1节-第8节,第1节-第8节",,18018C
64.0,400160,计算机体系结构与操作系统(20091-181013-1),2009118101319765,,1,,35,4-17周,0,袁杰,4-17周 周四 第5节-第7节 馆2-103,4.0,电子科学与工程学院,否,,周四,2009-2010-1,,2009118101319765,"2006电子科学与工程学院电子信息科学与技术,2006电子科学与工程学院通信工程,2006电子科学与工程学院声学",0,鼓楼校区,2009-2010学年 第1学期,19765,馆2-103,,否,,,,,,0,计算机体系结构,8,第5节-第7节,逸夫馆,181013
64.0,400160,信息论与编码(20091-181031-1),2009118103120237,,1,,52,"1-17周,4-17周",0,"季晓勇,王健","1-17周 周一 第3节-第4节 馆1-303,4-17周 周四 第3节-第4节 教118",4.0,电子科学与工程学院,否,,"周一,周四",2009-2010-1,,2009118103120237,"2006电子科学与工程学院电子信息科学与技术,2006电子科学与工程学院通信工程,2006电子科学与工程学院声学",0,鼓楼校区,2009-2010学年 第1学期,20237,"馆1-303,教118",,否,,,,,,0,信息论与编码,"1,8","第3节-第4节,第3节-第4节","教学楼, 逸夫馆",181031
48.0,400160,微处理器与嵌入式系统II(20091-181033-1),2009118103319814,,3,,104,"1-18周,1-17周(单),1-18周",0,方元,"1-18周 周二 第1节-第2节 仙Ⅰ-319,1-18周 周二 第3节-第6节 ,1-17周(单) 周四 第3节-第4节 仙Ⅰ-319",3.0,电子科学与工程学院,否,,"周二,周四,周二",2009-2010-1,,2009118103319814,2007电子科学与工程学院电子信息科学与技术,0,仙林校区,2009-2010学年 第1学期,19814,"仙Ⅰ-319,仙Ⅰ-319,电子中心实验楼",,否,,,,,,0,微处理器与嵌入式系统II,11,"第1节-第2节,第3节-第4节,第3节-第6节",仙I区,181033
48.0,400160,微处理器与嵌入式系统II(20091-181033-2),2009118103319815,,3,,95,"1-18周,2-18周(双),1-18周",0,彭成磊,"2-18周(双) 周四 第3节-第4节 仙Ⅰ-319,1-18周 周二 第7节-第10节 ,1-18周 周二 第5节-第6节 仙Ⅰ-319",3.0,电子科学与工程学院,否,,"周二,周四,周二",2009-2010-1,,2009118103319815,"2007电子科学与工程学院电子信息科学与技术,2007电子科学与工程学院通信工程,2007电子科学与工程学院声学",0,仙林校区,2009-2010学年 第1学期,19815,"仙Ⅰ-319,仙Ⅰ-319,电子中心实验楼",,否,,,,,,0,微处理器与嵌入式系统II,11,"第5节-第6节,第3节-第4节,第7节-第10节",仙I区,181033
48.0,400160,电磁场理论与微波技术(20091-181041-1),2009118104119816,,3,,76,1-18周,0,伍瑞新,1-18周 周一 第5节-第7节 仙Ⅱ-211,3.0,电子科学与工程学院,否,,周一,2009-2010-1,,2009118104119816,2007电子科学与工程学院电子信息科学与技术,0,仙林校区,2009-2010学年 第1学期,19816,仙Ⅱ-211,,否,,,,,,0,电磁场理论与微波技术,12,第5节-第7节,仙II区,181041
48.0,400160,电磁场理论与微波技术(20091-181041-2),2009118104119817,,3,,86,1-18周,0,冯一军,1-18周 周一 第5节-第7节 仙Ⅱ-212,3.0,电子科学与工程学院,否,,周一,2009-2010-1,,2009118104119817,"2007电子科学与工程学院电子信息科学与技术,2007电子科学与工程学院通信工程,2007电子科学与工程学院声学",0,仙林校区,2009-2010学年 第1学期,19817,仙Ⅱ-212,,否,,,,,,0,电磁场理论与微波技术,12,第5节-第7节,仙II区,181041
32.0,400160,接口技术(20091-181043-1),2009118104319789,,3,,166,1-18周,0,张保平,1-18周 周三 第1节-第2节 仙Ⅰ-206,2.0,电子科学与工程学院,否,,周三,2009-2010-1,,2009118104319789,"2008电子科学与工程学院电子信息科学与技术,2008电子科学与工程学院通信工程,2008电子科学与工程学院声学",0,仙林校区,2009-2010学年 第1学期,19789,仙Ⅰ-206,,否,,,,,,0,接口技术,11,第1节-第2节,仙I区,181043
32.0,400160,声学测量(20091-18120-1),200911812019823,,3,,48,1-18周,0,徐晓东,1-18周 周三 第3节-第4节 仙Ⅱ-316,2.0,电子科学与工程学院,否,,周三,2009-2010-1,,200911812019823,"2007电子科学与工程学院电子信息科学与技术,2007电子科学与工程学院通信工程,2007电子科学与工程学院声学",0,仙林校区,2009-2010学年 第1学期,19823,仙Ⅱ-316,,否,,,,,,0,声学测量,12,第3节-第4节,仙II区,18120
64.0,400160,声学基础(20091-182011-1),2009118201119818,,3,,53,"1-18周,1-18周",0,王新龙,"1-18周 周一 第3节-第4节 仙Ⅱ-316,1-18周 周三 第5节-第6节 仙Ⅱ-316",4.0,电子科学与工程学院,否,,"周一,周三",2009-2010-1,,2009118201119818,"2007电子科学与工程学院电子信息科学与技术,2007电子科学与工程学院通信工程,2007电子科学与工程学院声学",0,仙林校区,2009-2010学年 第1学期,19818,"仙Ⅱ-316,仙Ⅱ-316",,否,,,,,,0,声学基础,12,"第3节-第4节,第5节-第6节",仙II区,182011
32.0,400160,建筑声学(20091-182053-1),2009118205319798,,1,,0,1-17周,0,,1-17周 周四 第3节-第4节 ,2.0,电子科学与工程学院,否,,周四,2009-2010-1,,2009118205319798,2006电子科学与工程学院声学,0,鼓楼校区,2009-2010学年 第1学期,19798,无,,否,,,,,,0,建筑声学,,第3节-第4节,,182053
32.0,400160,建筑声学(20091-182053-1),2009118205319800,,1,,9,1-17周,0,陶建成,1-17周 周四 第3节-第4节 馆1-103,2.0,电子科学与工程学院,否,,周四,2009-2010-1,,2009118205319800,2006电子科学与工程学院电子信息科学与技术,0,鼓楼校区,2009-2010学年 第1学期,19800,馆1-103,,否,,,,,,0,建筑声学,8,第3节-第4节,逸夫馆,182053
32.0,400160,高频电路实验(20091-18206-1),200911820619824,,3,,149,"1-17周,1-17周,1-17周,1-17周",0,"陈健,方晖,姜乃卓","1-17周 周五 第1节-第8节 ,1-17周 周二 第9节-第12节 ,1-17周 周四 第5节-第12节 ,1-17周 周三 第5节-第12节 ",2.0,电子科学与工程学院,否,,"周二,周三,周四,周五",2009-2010-1,,200911820619824,"2007电子科学与工程学院电子信息科学与技术,2007电子科学与工程学院通信工程,2007电子科学与工程学院声学",0,仙林校区,2009-2010学年 第1学期,19824,"电子中心实验楼,电子中心实验楼,电子中心实验楼,电子中心实验楼",,否,,,,,,0,高频电路实验,,"第9节-第12节,第5节-第12节,第5节-第12节,第1节-第8节",,18206
32.0,400160,音频工程(20091-182063-1),2009118206319797,,1,,0,1-17周,0,潘立超,1-17周 周五 第5节-第6节 教209,2.0,电子科学与工程学院,否,,周五,2009-2010-1,,2009118206319797,2006电子科学与工程学院电子信息科学与技术,0,鼓楼校区,2009-2010学年 第1学期,19797,教209,,否,,,,,,0,音频工程,1,第5节-第6节,教学楼,182063
48.0,400160,噪声与振动控制原理(20091-182083-1),2009118208320236,,1,,40,6-17周,0,邱小军,6-17周 周一 第5节-第7节 馆2-211,3.0,电子科学与工程学院,否,,周一,2009-2010-1,,2009118208320236,"2006电子科学与工程学院电子信息科学与技术,2006电子科学与工程学院通信工程,2006电子科学与工程学院声学",0,鼓楼校区,2009-2010学年 第1学期,20236,馆2-211,,否,,,,,,0,噪声与振动控制原理,8,第5节-第7节,逸夫馆,182083
64.0,400160,电子电路基础(20091-18310-1),200911831020388,,3,,114,"1-18周,1-18周",0,许坚毅,"1-18周 周一 第3节-第4节 仙Ⅱ-306,1-18周 周四 第3节-第4节 仙Ⅱ-306",4.0,电子科学与工程学院,否,,"周一,周四",2009-2010-1,,200911831020388,"2007天文与空间科学学院天文学,2007匡亚明学院理强（数理方向）",0,仙林校区,2009-2010学年 第1学期,20388,"仙Ⅱ-306,仙Ⅱ-306",,否,,,,,,0,电子电路基础,12,"第3节-第4节,第3节-第4节",仙II区,18310
48.0,400160,数据通信(20091-184013-1),2009118401319819,,3,,164,1-18周,0,陈启美,1-18周 周四 第5节-第7节 仙Ⅰ-206,3.0,电子科学与工程学院,否,,周四,2009-2010-1,,2009118401319819,"2007电子科学与工程学院电子信息科学与技术,2007电子科学与工程学院通信工程,2007电子科学与工程学院声学",0,仙林校区,2009-2010学年 第1学期,19819,仙Ⅰ-206,,否,,,,,,0,数据通信,11,第5节-第7节,仙I区,184013
32.0,400160,现代通信网与系统(20091-184123-1),2009118412320797,,1,,10,1-17周,0,叶芝慧,1-17周 周一 第1节-第2节 馆1-303,2.0,电子科学与工程学院,否,,周一,2009-2010-1,,2009118412320797,"2006电子科学与工程学院电子信息科学与技术,2006电子科学与工程学院通信工程,2006电子科学与工程学院声学",0,鼓楼校区,2009-2010学年 第1学期,20797,馆1-303,,否,,,,,,0,现代通信网与系统,8,第1节-第2节,逸夫馆,184123
48.0,400160,生物医学电子学(20091-185011-1),2009118501119821,,3,,72,1-18周,0,卞春华,1-18周 周五 第5节-第7节 逸B-207,3.0,电子科学与工程学院,否,,周五,2009-2010-1,,2009118501119821,2007电子科学与工程学院电子信息科学与技术,0,仙林校区,2009-2010学年 第1学期,19821,逸B-207,,否,,,,,,0,生物医学电子学,16,第5节-第7节,逸夫楼B区,185011
64.0,400170,材料化学(20091-19001-1),200911900118859,,1,,95,"1-17周,1-17周",0,唐月锋,"1-17周 周一 第1节-第2节 教311,1-17周 周四 第5节-第6节 教405",4.0,现代工程与应用科学学院,否,,"周一,周四",2009-2010-1,,200911900118859,2006现代工程与应用科学学院材料类,0,鼓楼校区,2009-2010学年 第1学期,18859,"教311,教405",,否,,,,,,0,材料化学,1,"第1节-第2节,第5节-第6节",教学楼,19001
64.0,400170,材料科学与工程导论(20091-19002-1),200911900219313,,3,,109,"1-18周,1-18周",0,李朝升,"1-18周 周一 第3节-第4节 仙Ⅱ-504,1-18周 周三 第3节-第4节 仙Ⅱ-504",4.0,现代工程与应用科学学院,否,,"周一,周三",2009-2010-1,,200911900219313,,0,仙林校区,2009-2010学年 第1学期,19313,"仙Ⅱ-504,仙Ⅱ-504",,否,,,,,,0,材料科学与工程导论,12,"第3节-第4节,第3节-第4节",仙II区,19002
48.0,400170,材料物理实验(20091-19003-1),200911900318860,,1,,95,1-17周,0,韩民,1-17周 周二 第5节-第8节 ,3.0,现代工程与应用科学学院,否,,周二,2009-2010-1,,200911900318860,2006现代工程与应用科学学院材料类,0,鼓楼校区,2009-2010学年 第1学期,18860,科技馆3楼,,否,,,,,,0,材料物理实验,,第5节-第8节,,19003
64.0,400170,材料表征(20091-19004-1),200911900418857,,1,,95,"1-17周,1-17周",0,吴迪,"1-17周 周三 第3节-第4节 教201,1-17周 周五 第3节-第4节 馆1-105",4.0,现代工程与应用科学学院,否,,"周三,周五",2009-2010-1,,200911900418857,2006现代工程与应用科学学院材料类,0,鼓楼校区,2009-2010学年 第1学期,18857,"教201,馆1-105",,否,,,,,,0,材料表征,"1,8","第3节-第4节,第3节-第4节","教学楼, 逸夫馆",19004
64.0,400170,材料物理(20091-19005-1),200911900518858,,1,,95,"1-17周,1-17周",0,陈延峰,"1-17周 周一 第1节-第2节 馆1-206,1-17周 周四 第5节-第6节 馆1-204",4.0,现代工程与应用科学学院,否,,"周一,周四",2009-2010-1,,200911900518858,2006现代工程与应用科学学院材料类,0,鼓楼校区,2009-2010学年 第1学期,18858,"馆1-206,馆1-204",,否,,,,,,0,材料物理,8,"第1节-第2节,第5节-第6节",逸夫馆,19005
32.0,400170,材料科学进展(20091-19006-1),200911900618863,,1,,12,1-17周,0,李爱东,1-17周 周五 第5节-第6节 馆1-205,2.0,现代工程与应用科学学院,否,,周五,2009-2010-1,,200911900618863,2006现代工程与应用科学学院材料类,0,鼓楼校区,2009-2010学年 第1学期,18863,馆1-205,,否,,,,,,0,材料科学进展,8,第5节-第6节,逸夫馆,19006
48.0,400170,材料化学实验(20091-19009-1),200911900918862,,1,,95,1-17周,0,韩民,1-17周 周三 第5节-第8节 ,3.0,现代工程与应用科学学院,否,,周三,2009-2010-1,,200911900918862,2006现代工程与应用科学学院材料类,0,鼓楼校区,2009-2010学年 第1学期,18862,科技馆3楼,,否,,,,,,0,材料化学实验,,第5节-第8节,,19009
48.0,400170,力学(20091-190100A-1),20091190100A19257,,3,,131,1-18周,0,夏奕东,1-18周 周五 第5节-第7节 仙Ⅰ-320,3.0,现代工程与应用科学学院,否,,周五,2009-2010-1,,20091190100A19257,,0,仙林校区,2009-2010学年 第1学期,19257,仙Ⅰ-320,,否,,,,,,0,力学,11,第5节-第7节,仙I区,190100A
48.0,400170,光学(20091-190100D-1),20091190100D19260,,3,,113,1-18周,0,徐飞,1-18周 周五 第5节-第7节 逸B-313,3.0,现代工程与应用科学学院,否,,周五,2009-2010-1,,20091190100D19260,,0,仙林校区,2009-2010学年 第1学期,19260,逸B-313,,否,,,,,,0,光学,16,第5节-第7节,逸夫楼B区,190100D
48.0,400170,光电功能材料(20091-19011-1),200911901119319,,3,,109,1-18周,0,陆延青,1-18周 周三 第5节-第7节 逸B-313,3.0,现代工程与应用科学学院,否,,周三,2009-2010-1,,200911901119319,,0,仙林校区,2009-2010学年 第1学期,19319,逸B-313,,否,,,,,,0,光电功能材料,16,第5节-第7节,逸夫楼B区,19011
32.0,400170,近代物质科学(20091-19016-1),200911901619264,,3,,124,1-18周,0,周剑峰,1-18周 周四 第3节-第4节 逸B-313,2.0,现代工程与应用科学学院,否,,周四,2009-2010-1,,200911901619264,,0,仙林校区,2009-2010学年 第1学期,19264,逸B-313,,否,,,,,,0,近代物质科学,16,第3节-第4节,逸夫楼B区,19016
64.0,400170,高分子材料化学(20091-19017-1),200911901719274,,3,,109,"1-18周,1-18周",0,张弢,"1-18周 周五 第1节-第2节 逸B-207,1-18周 周二 第3节-第4节 逸B-207",4.0,现代工程与应用科学学院,否,,"周二,周五",2009-2010-1,,200911901719274,,0,仙林校区,2009-2010学年 第1学期,19274,"逸B-207,逸B-207",,否,,,,,,0,高分子材料化学,16,"第3节-第4节,第1节-第2节",逸夫楼B区,19017
48.0,400170,电动力学(20091-190170-1),2009119017019303,,3,,109,1-18周,0,李涛,1-18周 周二 第5节-第7节 逸B-205,3.0,现代工程与应用科学学院,否,,周二,2009-2010-1,,2009119017019303,,0,仙林校区,2009-2010学年 第1学期,19303,逸B-205,,否,,,,,,0,理论物理[Ⅲ]电动力学,16,第5节-第7节,逸夫楼B区,190170
64.0,400170,有机化学(20091-19020-1),200911902019262,,3,,118,"1-18周,1-18周",0,胡勇,"1-18周 周一 第3节-第4节 逸B-104,1-18周 周三 第3节-第4节 逸B-104",4.0,现代工程与应用科学学院,否,,"周一,周三",2009-2010-1,,200911902019262,,0,仙林校区,2009-2010学年 第1学期,19262,"逸B-104,逸B-104",,否,,,,,,0,有机化学,16,"第3节-第4节,第3节-第4节",逸夫楼B区,19020
32.0,400180,环境科学概论(20091-20003-1),200912000320233,,3,,123,1-18周,0,"李琴,翟建平",1-18周 周四 第3节-第4节 仙Ⅱ-303,2.0,环境学院,否,,周四,2009-2010-1,,200912000320233,,0,仙林校区,2009-2010学年 第1学期,20233,仙Ⅱ-303,,否,,,,,,0,环境科学概论,12,第3节-第4节,仙II区,20003
64.0,400180,环境工程基础（上）(20091-20005A-1),2009120005A19540,,3,,59,"1-18周,1-18周",0,许昭怡,"1-18周 周二 第5节-第6节 仙Ⅱ-410,1-18周 周四 第7节-第8节 仙Ⅱ-410",4.0,环境学院,否,,"周二,周四",2009-2010-1,,2009120005A19540,2007环境学院环境科学,0,仙林校区,2009-2010学年 第1学期,19540,"仙Ⅱ-410,仙Ⅱ-410",,否,,,,,,0,环境工程基础（上）,12,"第5节-第6节,第7节-第8节",仙II区,20005A
32.0,400180,环境工程实验(20091-20006-1),200912000619546,,1,,59,"1-17周,1-17周,1-17周",0,丁原红,"1-17周 周三 第1节-第4节 ,1-17周 周三 第5节-第8节 ,1-17周 周一 第5节-第8节 ",2.0,环境学院,否,,"周三,周三,周一",2009-2010-1,,200912000619546,2007环境学院环境科学,0,鼓楼校区,2009-2010学年 第1学期,19546,"基础实验楼二楼,基础实验楼二楼,基础实验楼二楼",,否,,,,,,0,环境工程实验,,"第5节-第8节,第1节-第4节,第5节-第8节",,20006
32.0,400180,环境工程实验(20091-20006-1),200912000619651,,1,,31,1-17周,0,丁原红,1-17周 周四 第5节-第8节 ,2.0,环境学院,否,,周四,2009-2010-1,,200912000619651,2007环境学院环境工程,0,鼓楼校区,2009-2010学年 第1学期,19651,基础实验楼二楼,,否,,,,,,0,环境工程实验,,第5节-第8节,,20006
32.0,400180,工程制图(20091-20014-1),200912001419622,,3,,46,1-18周,0,刘波,1-18周 周一 第3节-第4节 仙Ⅱ-217,2.0,环境学院,否,,周一,2009-2010-1,,200912001419622,"2007环境学院环境工程,2007环境学院环境科学",0,仙林校区,2009-2010学年 第1学期,19622,仙Ⅱ-217,,否,,,,,,0,工程制图,12,第3节-第4节,仙II区,20014
64.0,400180,环境微生物学(20091-20016-1),200912001619548,,3,,60,"1-18周,1-18周",0,"武俊,杨柳燕","1-18周 周五 第1节-第2节 仙Ⅱ-319,1-18周 周二 第7节-第8节 仙Ⅱ-319",4.0,环境学院,否,,"周二,周五",2009-2010-1,,200912001619548,"2007环境学院环境工程,2007环境学院环境科学",0,仙林校区,2009-2010学年 第1学期,19548,"仙Ⅱ-319,仙Ⅱ-319",,否,,,,,,0,环境微生物学,12,"第7节-第8节,第1节-第2节",仙II区,20016
32.0,400180,环境微生物学实验(20091-20017-1),200912001719551,,1,,0,"1-17周(单),2-18周(双),1-17周",0,"尹颖,蒋丽娟","2-18周(双) 周三 第1节-第4节 ,1-17周(单) 周一 第5节-第8节 ,1-17周 周三 第5节-第8节 ",2.0,环境学院,否,,"周一,周三,周三",2009-2010-1,,200912001719551,2007环境学院环境科学,0,鼓楼校区,2009-2010学年 第1学期,19551,"基础实验楼二楼,基础实验楼二楼,基础实验楼二楼",,否,,,,,,0,环境微生物学实验,,"第5节-第8节,第1节-第4节,第5节-第8节",,20017
32.0,400180,环境微生物学实验(20091-20017-1),200912001719690,,1,,60,1-17周,0,"尹颖,蒋丽娟",1-17周 周四 第1节-第4节 ,2.0,环境学院,否,,周四,2009-2010-1,,200912001719690,2007环境学院环境工程,0,鼓楼校区,2009-2010学年 第1学期,19690,基础实验楼二楼,,否,,,,,,0,环境微生物学实验,,第1节-第4节,,20017
64.0,400180,环境化学(20091-20018-1),200912001819694,,1,,13,"1-17周,1-17周",0,"杨曦,耿金菊","1-17周 周一 第3节-第4节 教307,1-17周 周四 第3节-第4节 教302",4.0,环境学院,否,,"周一,周四",2009-2010-1,,200912001819694,2006环境学院环境科学,0,鼓楼校区,2009-2010学年 第1学期,19694,"教307,教302",,否,,,,,,0,环境化学,1,"第3节-第4节,第3节-第4节",教学楼,20018
48.0,400180,环境化学实验(20091-20019-1),200912001919695,,1,,13,1-17周,0,顾雪元,1-17周 周四 第5节-第10节 ,3.0,环境学院,否,,周四,2009-2010-1,,200912001919695,2006环境学院环境科学,0,鼓楼校区,2009-2010学年 第1学期,19695,科学楼510环化实验室,,否,,,,,,0,环境化学实验,,第5节-第10节,,20019
48.0,400180,统计分析在环境化学中的应用(20091-20020-1),200912002019698,,1,,13,1-17周,0,杨绍贵,1-17周 周二 第3节-第4节 教218,3.0,环境学院,否,,周二,2009-2010-1,,200912002019698,2006环境学院环境科学,0,鼓楼校区,2009-2010学年 第1学期,19698,教218,,否,,,,,,0,统计分析在环境化学中的应用,1,第3节-第4节,教学楼,20020
16.0,400180,统计分析在环化中的应用上机(20091-20020A-1),2009120020A19699,,1,,13,1-17周,0,杨绍贵,1-17周 周三 第5节-第8节 ,1.0,环境学院,否,,周三,2009-2010-1,,2009120020A19699,2006环境学院环境科学,0,鼓楼校区,2009-2010学年 第1学期,19699,科学楼903机房,,否,,,,,,0,统计分析在环化中的应用上机,,第5节-第8节,,20020A
32.0,400180,环境有机分析(20091-20021-1),200912002119697,,1,,13,1-17周,0,刘红玲,1-17周 周三 第3节-第4节 教307,2.0,环境学院,否,,周三,2009-2010-1,,200912002119697,2006环境学院环境科学,0,鼓楼校区,2009-2010学年 第1学期,19697,教307,,否,,,,,,0,环境有机分析,1,第3节-第4节,教学楼,20021
32.0,400180,专业英语(20091-20022-1),200912002219700,,1,,82,"1-17周,1-17周,1-17周,1-17周",0,"许昭怡,高士祥,吴长年,崔益斌","1-17周 周四 第3节-第4节 教309,1-17周 周五 第7节-第8节 ,1-17周 周五 第5节-第6节 教304,1-17周 周一 第5节-第6节 教307",2.0,环境学院,否,,"周四,周一,周五,周五",2009-2010-1,,200912002219700,"2006环境学院环境工程,2006环境学院环境科学",0,鼓楼校区,2009-2010学年 第1学期,19700,"教309,教307,专用或实验教室,教304",,否,,,,,,0,专业英语,1,"第3节-第4节,第5节-第6节,第7节-第8节,第5节-第6节",教学楼,20022
32.0,400180,生产实习(20091-20023-1),200912002321473,,1,,26,1-17周,0,"栾景飞,丁原红",1-17周 周一 第1节-第2节 ,2.0,环境学院,否,,周一,2009-2010-1,,200912002321473,2006环境学院环境工程,0,鼓楼校区,2009-2010学年 第1学期,21473,无,,否,,,,,,0,生产实习,,第1节-第2节,,20023
32.0,400180,生产实习(20091-20023-1),200912002321474,,1,,56,"1-17周,1-17周,1-17周",0,"张炳,王保忠,耿金菊","1-17周 周一 第1节-第2节 ,1-17周 周一 第1节-第2节 ,1-17周 周一 第1节-第2节 ",2.0,环境学院,否,,"周一,周一,周一",2009-2010-1,,200912002321474,2006环境学院环境科学,0,鼓楼校区,2009-2010学年 第1学期,21474,"无,无,无",,否,,,,,,0,生产实习,,"第1节-第2节,第1节-第2节,第1节-第2节",,20023
32.0,400180,环境生物技术(20091-20026-1),200912002619722,,1,,18,1-17周,0,"张徐祥,程树培",1-17周 周五 第3节-第4节 教307,2.0,环境学院,否,,周五,2009-2010-1,,200912002619722,2006环境学院环境科学,0,鼓楼校区,2009-2010学年 第1学期,19722,教307,,否,,,,,,0,环境生物技术,1,第3节-第4节,教学楼,20026
16.0,400180,环境生物技术实验(20091-20027-1),200912002719723,,1,,18,1-17周,0,"张徐祥,程树培",1-17周 周五 第5节-第8节 ,1.0,环境学院,否,,周五,2009-2010-1,,200912002719723,2006环境学院环境科学,0,鼓楼校区,2009-2010学年 第1学期,19723,科学楼504环生实验室,,否,,,,,,0,环境生物技术实验,,第5节-第8节,,20027
32.0,400180,计算机在环境科学中的应用(20091-20028-1),200912002819724,,1,,18,1-17周,0,尹颖,1-17周 周一 第3节-第4节 教309,2.0,环境学院,否,,周一,2009-2010-1,,200912002819724,2006环境学院环境科学,0,鼓楼校区,2009-2010学年 第1学期,19724,教309,,否,,,,,,0,计算机在环境科学中的应用,1,第3节-第4节,教学楼,20028
16.0,400180,计算机在环科中的应用上机(20091-20028A-1),2009120028A19725,,1,,18,1-17周,0,尹颖,1-17周 周一 第5节-第7节 ,1.0,环境学院,否,,周一,2009-2010-1,,2009120028A19725,2006环境学院环境科学,0,鼓楼校区,2009-2010学年 第1学期,19725,科学楼903机房,,否,,,,,,0,计算机在环科中的应用上机,,第5节-第7节,,20028A
32.0,400180,清洁生产(20091-20029-1),200912002919727,,1,,51,1-17周,0,赵玉明,1-17周 周二 第3节-第4节 教212,2.0,环境学院,否,,周二,2009-2010-1,,200912002919727,"2006环境学院环境工程,2006环境学院环境科学",0,鼓楼校区,2009-2010学年 第1学期,19727,教212,,否,,,,,,0,清洁生产,1,第3节-第4节,教学楼,20029
48.0,400110,运筹学(20091-20032-1),200912003219598,,3,,29,"1-18周,1-18周",0,吴婷,"1-18周 周三 第3节-第4节 逸B-202,1-18周 周五 第5节-第6节 逸B-202",3.0,数学学院,否,,"周三,周五",2009-2010-1,,200912003219598,2007环境学院环境科学,0,仙林校区,2009-2010学年 第1学期,19598,"逸B-202,逸B-202",,否,,,,,,0,运筹学,16,"第3节-第4节,第5节-第6节",逸夫楼B区,20032
32.0,400180,物理性污染控制(20091-20039-1),200912003919693,,3,,30,1-18周,0,王勇,1-18周 周二 第3节-第4节 逸B-209,2.0,环境学院,否,,周二,2009-2010-1,,200912003919693,2007环境学院环境工程,0,仙林校区,2009-2010学年 第1学期,19693,逸B-209,,否,,,,,,0,物理性污染控制,16,第3节-第4节,逸夫楼B区,20039
32.0,400180,大气污染控制工程(20091-20047-1),200912004719692,,3,,30,1-18周,0,陈泽智,1-18周 周一 第5节-第6节 逸B-201,2.0,环境学院,否,,周一,2009-2010-1,,200912004719692,2007环境学院环境工程,0,仙林校区,2009-2010学年 第1学期,19692,逸B-201,,否,,,,,,0,大气污染控制工程,16,第5节-第6节,逸夫楼B区,20047
32.0,400180,水环境学(20091-20048A-1),2009120048A19632,,3,,29,1-18周,0,钱新,1-18周 周四 第5节-第6节 逸B-302,2.0,环境学院,否,,周四,2009-2010-1,,2009120048A19632,2007环境学院环境科学,0,仙林校区,2009-2010学年 第1学期,19632,逸B-302,,否,,,,,,0,水环境学,16,第5节-第6节,逸夫楼B区,20048A
32.0,400180,大气环境学(20091-20049-1),200912004919630,,3,,29,1-18周,0,王勤耕,1-18周 周四 第3节-第4节 仙Ⅱ-216,2.0,环境学院,否,,周四,2009-2010-1,,200912004919630,2007环境学院环境科学,0,仙林校区,2009-2010学年 第1学期,19630,仙Ⅱ-216,,否,,,,,,0,大气环境学,12,第3节-第4节,仙II区,20049
32.0,400180,环境工程设计基础(20091-20050-1),200912005019733,,1,,26,1-17周,0,韩永忠,1-17周 周四 第5节-第6节 教209,2.0,环境学院,否,,周四,2009-2010-1,,200912005019733,2006环境学院环境工程,0,鼓楼校区,2009-2010学年 第1学期,19733,教209,,否,,,,,,0,环境工程设计基础,1,第5节-第6节,教学楼,20050
32.0,400180,小设计(20091-20051-1),200912005120747,,1,,26,1-17周,0,"吴军,李睿华",1-17周 自由时间 - ,2.0,环境学院,否,,自由时间,2009-2010-1,,200912005120747,2006环境学院环境工程,0,鼓楼校区,2009-2010学年 第1学期,20747,无,,否,,,,,,0,小设计,,自由时间,,20051
32.0,400180,土壤环境化学(20091-20054-1),200912005419701,,1,,13,3-17周,0,郭红岩,3-17周 周三 第7节-第8节 教304,2.0,环境学院,否,,周三,2009-2010-1,,200912005419701,2006环境学院环境科学,0,鼓楼校区,2009-2010学年 第1学期,19701,教304,,否,,,,,,0,土壤环境化学,1,第7节-第8节,教学楼,20054
64.0,400180,环境信息系统及上机(20091-20058-1),200912005819636,,3,,29,"1-18周,1-18周",0,王远,"1-18周 周三 第5节-第6节 逸B-202,1-18周 周三 第7节-第9节 ",4.0,环境学院,否,,"周三,周三",2009-2010-1,,200912005819636,2007环境学院环境科学,0,仙林校区,2009-2010学年 第1学期,19636,"逸B-202,基础实验楼二楼",,否,,,,,,0,环境信息系统及上机,16,"第5节-第6节,第7节-第9节",逸夫楼B区,20058
32.0,400180,能源与环境(20091-20060-1),200912006020808,,3,,29,1-18周,0,孙平,1-18周 周二 第1节-第2节 仙Ⅱ-216,2.0,环境学院,否,,周二,2009-2010-1,,200912006020808,2007环境学院环境科学,0,仙林校区,2009-2010学年 第1学期,20808,仙Ⅱ-216,,否,,,,,,0,能源与环境,12,第1节-第2节,仙II区,20060
32.0,400180,城市生态学(20091-20061-1),200912006120809,,3,,29,1-18周,0,李杨帆,1-18周 周一 第3节-第4节 仙Ⅱ-315,2.0,环境学院,否,,周一,2009-2010-1,,200912006120809,2007环境学院环境科学,0,仙林校区,2009-2010学年 第1学期,20809,仙Ⅱ-315,,否,,,,,,0,城市生态学,12,第3节-第4节,仙II区,20061
32.0,400180,生态工程(20091-20062-1),200912006219691,,3,,30,1-18周,0,李正魁,1-18周 周三 第3节-第4节 逸B-201,2.0,环境学院,否,,周三,2009-2010-1,,200912006219691,2007环境学院环境工程,0,仙林校区,2009-2010学年 第1学期,19691,逸B-201,,否,,,,,,0,生态工程,16,第3节-第4节,逸夫楼B区,20062
32.0,400180,环境工程技术经济(20091-20063-1),200912006319738,,1,,26,1-17周,0,龙超,1-17周 周一 第3节-第4节 教314,2.0,环境学院,否,,周一,2009-2010-1,,200912006319738,2006环境学院环境工程,0,鼓楼校区,2009-2010学年 第1学期,19738,教314,,否,,,,,,0,环境工程技术经济,1,第3节-第4节,教学楼,20063
32.0,400180,环境工程施工技术(20091-20064-1),200912006419736,,1,,26,1-17周,0,刘福强,1-17周 周三 第3节-第4节 教314,2.0,环境学院,否,,周三,2009-2010-1,,200912006419736,2006环境学院环境工程,0,鼓楼校区,2009-2010学年 第1学期,19736,教314,,否,,,,,,0,环境工程施工技术,1,第3节-第4节,教学楼,20064
32.0,400180,工程力学(20091-20067-1),200912006719410,,3,,37,1-18周,0,钱伯勤,1-18周 周四 第3节-第4节 仙Ⅱ-307,2.0,环境学院,否,,周四,2009-2010-1,,200912006719410,2008环境学院环境工程,0,仙林校区,2009-2010学年 第1学期,19410,仙Ⅱ-307,,否,,,,,,0,工程力学,12,第3节-第4节,仙II区,20067
32.0,400180,物理环境学(20091-20068-1),200912006819732,,1,,25,1-17周,0,刘宁,1-17周 周三 第3节-第4节 教311,2.0,环境学院,否,,周三,2009-2010-1,,200912006819732,2006环境学院环境科学,0,鼓楼校区,2009-2010学年 第1学期,19732,教311,,否,,,,,,0,物理环境学,1,第3节-第4节,教学楼,20068
32.0,400180,环境生物学(一)(20091-20077A-1),2009120077A19719,,1,,18,1-17周,0,"李梅,崔益斌",1-17周 周二 第3节-第4节 教309,2.0,环境学院,否,,周二,2009-2010-1,,2009120077A19719,2006环境学院环境科学,0,鼓楼校区,2009-2010学年 第1学期,19719,教309,,否,,,,,,0,环境生物学(一),1,第3节-第4节,教学楼,20077A
32.0,400180,环境生物学实验(20091-20078A-1),2009120078A19720,,1,,18,1-17周,0,"李梅,崔益斌",1-17周 周二 第5节-第8节 ,2.0,环境学院,否,,周二,2009-2010-1,,2009120078A19720,2006环境学院环境科学,0,鼓楼校区,2009-2010学年 第1学期,19720,科学楼504环生实验室,,否,,,,,,0,环境生物学实验,,第5节-第8节,,20078A
32.0,400180,产业生态学(20091-20079-1),200912007919728,,1,,25,1-17周,0,袁增伟,1-17周 周一 第3节-第4节 教311,2.0,环境学院,否,,周一,2009-2010-1,,200912007919728,2006环境学院环境科学,0,鼓楼校区,2009-2010学年 第1学期,19728,教311,,否,,,,,,0,产业生态学,1,第3节-第4节,教学楼,20079
32.0,400180,环境规划与管理(20091-20081-1),200912008119423,,3,,30,1-18周,0,"万玉秋,张玉超",1-18周 周二 第5节-第6节 逸B-202,2.0,环境学院,否,,周二,2009-2010-1,,200912008119423,2007环境学院环境工程,0,仙林校区,2009-2010学年 第1学期,19423,逸B-202,,否,,,,,,0,环境规划与管理,16,第5节-第6节,逸夫楼B区,20081
32.0,400180,环境学(20091-201010-1),2009120101019336,,3,,96,1-18周,0,"柏益尧,左玉辉",1-18周 周五 第3节-第4节 逸B-205,2.0,环境学院,否,,周五,2009-2010-1,,2009120101019336,,0,仙林校区,2009-2010学年 第1学期,19336,逸B-205,,否,,,,,,0,环境学,16,第3节-第4节,逸夫楼B区,201010
48.0,400180,普通生态学(20091-201020-1),2009120102019337,,3,,98,1-18周,0,陈良燕,1-18周 周四 第5节-第7节 仙Ⅱ-305,3.0,环境学院,否,,周四,2009-2010-1,,2009120102019337,,0,仙林校区,2009-2010学年 第1学期,19337,仙Ⅱ-305,,否,,,,,,0,普通生态学,12,第5节-第7节,仙II区,201020
64.0,400130,普通天文学(20091-21001A-1),2009121001A18663,,3,,36,"1-18周,1-18周",0,周礼勇,"1-18周 周一 第3节-第4节 仙Ⅱ-508,1-18周 周三 第5节-第6节 仙Ⅱ-508",4.0,天文与空间科学学院,否,,"周一,周三",2009-2010-1,,2009121001A18663,,0,仙林校区,2009-2010学年 第1学期,18663,"仙Ⅱ-508,仙Ⅱ-508",,否,,,,,,0,普通天文学,12,"第3节-第4节,第5节-第6节",仙II区,21001A
64.0,400130,普通天文学(20091-21001A-1),2009121001A20746,,3,,0,1-17周,0,周礼勇,1-17周 周一 第1节-第2节 ,4.0,天文与空间科学学院,否,,周一,2009-2010-1,,2009121001A20746,2008天文与空间科学学院天文学,0,仙林校区,2009-2010学年 第1学期,20746,无,,否,,,,,,0,普通天文学,,第1节-第2节,,21001A
32.0,400130,早期科研训练(20091-21003-1),200912100318654,,1,,26,,0,,,2.0,天文与空间科学学院,否,,,2009-2010-1,,200912100318654,2006天文与空间科学学院天文学,0,鼓楼校区,2009-2010学年 第1学期,18654,,,否,,,,,,0,早期科研训练,,,,21003
48.0,400130,数据处理(20091-21004-1),200912100418661,,3,,36,1-18周,0,万晓生,1-18周 周二 第5节-第7节 仙Ⅱ-315,3.0,天文与空间科学学院,否,,周二,2009-2010-1,,200912100418661,2007天文与空间科学学院天文学,0,仙林校区,2009-2010学年 第1学期,18661,仙Ⅱ-315,,否,,,,,,0,数据处理,12,第5节-第7节,仙II区,21004
64.0,400130,实测天体物理(20091-21008-1),200912100818659,,3,,35,"1-18周,1-18周",0,黄永锋,"1-18周 周二 第3节-第4节 仙Ⅱ-315,1-18周 周五 第3节-第4节 仙Ⅱ-315",4.0,天文与空间科学学院,否,,"周二,周五",2009-2010-1,,200912100818659,2007天文与空间科学学院天文学,0,仙林校区,2009-2010学年 第1学期,18659,"仙Ⅱ-315,仙Ⅱ-315",,否,,,,,,0,实测天体物理,12,"第3节-第4节,第3节-第4节",仙II区,21008
64.0,400130,理论天体物理(20091-21009-1),200912100918658,,1,,29,"1-17周,1-17周",0,戴子高,"1-17周 周二 第3节-第4节 教314,1-17周 周四 第3节-第4节 教314",4.0,天文与空间科学学院,否,,"周二,周四",2009-2010-1,,200912100918658,2006天文与空间科学学院天文学,0,鼓楼校区,2009-2010学年 第1学期,18658,"教314,教314",,否,,,,,,0,理论天体物理,1,"第3节-第4节,第3节-第4节",教学楼,21009
48.0,400130,星系物理(20091-21010-1),200912101018657,,1,,28,1-17周,0,顾秋生,1-17周 周三 第2节-第4节 馆1-202,3.0,天文与空间科学学院,否,,周三,2009-2010-1,,200912101018657,2006天文与空间科学学院天文学,0,鼓楼校区,2009-2010学年 第1学期,18657,馆1-202,,否,,,,,,0,星系物理,8,第2节-第4节,逸夫馆,21010
32.0,400130,X射线双星(20091-21016-1),200912101618656,,1,,19,1-17周,0,李向东,1-17周 周五 第3节-第4节 ,2.0,天文与空间科学学院,否,,周五,2009-2010-1,,200912101618656,2006天文与空间科学学院天文学,0,鼓楼校区,2009-2010学年 第1学期,18656,专用或实验教室,,否,,,,,,0,X射线双星,,第3节-第4节,,21016
48.0,400130,天体力学方法(20091-21017-1),200912101719549,,1,,13,1-17周,0,,1-17周 周一 第5节-第7节 教216,3.0,天文与空间科学学院,否,,周一,2009-2010-1,,200912101719549,2006天文与空间科学学院天文学,0,鼓楼校区,2009-2010学年 第1学期,19549,教216,,否,,,,,,0,天体力学方法,1,第5节-第7节,教学楼,21017
48.0,400130,天体力学方法(20091-21017-2),200912101721514,,,,0,,0,,,3.0,天文与空间科学学院,否,,,2009-2010-1,,200912101721514,2006天文与空间科学学院天文学,0,,2009-2010学年 第1学期,21514,,,否,,,,,,0,天体力学方法,,,,21017
48.0,400130,近代天文讲座(20091-21022-1),200912102218655,,1,,24,1-17周,0,黄永锋,1-17周 周一 第2节-第4节 馆1-202,3.0,天文与空间科学学院,否,,周一,2009-2010-1,,200912102218655,2006天文与空间科学学院天文学,0,鼓楼校区,2009-2010学年 第1学期,18655,馆1-202,,否,,,,,,0,近代天文讲座,8,第2节-第4节,逸夫馆,21022
32.0,400130,实测天体物理实验(20091-21055-1),200912105518660,,3,,35,2-18周(双),0,李旻,2-18周(双) 周四 第5节-第6节 仙Ⅱ-407,2.0,天文与空间科学学院,否,,周四,2009-2010-1,,200912105518660,2007天文与空间科学学院天文学,0,仙林校区,2009-2010学年 第1学期,18660,仙Ⅱ-407,,否,,,,,,0,实测天体物理实验,12,第5节-第6节,仙II区,21055
16.0,400130,普通天文学实习(20091-21056-1),200912105618664,,3,,36,1-18周,0,何秋会,1-18周 自由时间 - ,1.0,天文与空间科学学院,否,,自由时间,2009-2010-1,,200912105618664,2008天文与空间科学学院天文学,0,仙林校区,2009-2010学年 第1学期,18664,无,,否,,,,,,0,普通天文学实习,,自由时间,,21056
32.0,400130,大学天文学(20091-219010-2),2009121901019538,,3,,105,1-18周,0,罗新炼,1-18周 周三 第5节-第6节 逸B-104,2.0,天文与空间科学学院,否,,周三,2009-2010-1,,2009121901019538,2008匡亚明学院理强（数理方向）,0,仙林校区,2009-2010学年 第1学期,19538,逸B-104,,否,,,,,,0,大学天文学,16,第5节-第6节,逸夫楼B区,219010
48.0,400150,数字逻辑电路(20091-22004-1),200912200419340,,3,,84,"2-18周(双),1-18周",0,朱怀宏,"2-18周(双) 周一 第1节-第2节 仙Ⅱ-104,1-18周 周四 第3节-第4节 仙Ⅱ-104",3.0,计算机学院,否,,"周一,周四",2009-2010-1,,200912200419340,2008计算机学院计算机科学与技术,0,仙林校区,2009-2010学年 第1学期,19340,"仙Ⅱ-104,仙Ⅱ-104",,否,,,,,,0,数字逻辑电路,12,"第1节-第2节,第3节-第4节",仙II区,22004
48.0,400150,数字逻辑电路(20091-22004-2),200912200419342,,3,,85,"2-18周(双),1-18周",0,武港山,"2-18周(双) 周一 第1节-第2节 仙Ⅱ-110,1-18周 周四 第3节-第4节 仙Ⅱ-110",3.0,计算机学院,否,,"周一,周四",2009-2010-1,,200912200419342,2008计算机学院计算机科学与技术,0,仙林校区,2009-2010学年 第1学期,19342,"仙Ⅱ-110,仙Ⅱ-110",,否,,,,,,0,数字逻辑电路,12,"第1节-第2节,第3节-第4节",仙II区,22004
32.0,400150,计算机组成原理实验(20091-22007-1),200912200718600,,3,,165,4-17周,0,"蔡晓燕,张泽生",4-17周 周四 第5节-第7节 ,2.0,计算机学院,否,,周四,2009-2010-1,,200912200718600,2007计算机学院计算机科学与技术,0,仙林校区,2009-2010学年 第1学期,18600,基础实验楼乙125,,否,,,,,,0,计算机组成原理实验,,第5节-第7节,,22007
64.0,400150,数据结构(20091-22011-1),200912201119344,,3,,77,"1-18周,1-18周,1-18周",0,赵建华,"1-18周 周二 第3节-第4节 仙Ⅱ-103,1-18周 周三 第9节-第10节 ,1-18周 周五 第3节-第4节 仙Ⅱ-103",4.0,计算机学院,否,,"周二,周五,周三",2009-2010-1,,200912201119344,2008计算机学院计算机科学与技术,0,仙林校区,2009-2010学年 第1学期,19344,"仙Ⅱ-103,仙Ⅱ-103,无",,否,,,,,,0,数据结构,12,"第3节-第4节,第3节-第4节,第9节-第10节",仙II区,22011
64.0,400150,数据结构(20091-22011-2),200912201119349,,3,,90,"1-18周,1-18周,1-18周",0,商琳,"1-18周 周二 第3节-第4节 仙Ⅱ-104,1-18周 周三 第9节-第10节 ,1-18周 周五 第3节-第4节 仙Ⅱ-104",4.0,计算机学院,否,,"周二,周五,周三",2009-2010-1,,200912201119349,2008计算机学院计算机科学与技术,0,仙林校区,2009-2010学年 第1学期,19349,"仙Ⅱ-104,仙Ⅱ-104,无",,否,,,,,,0,数据结构,12,"第3节-第4节,第3节-第4节,第9节-第10节",仙II区,22011
64.0,400150,数据库概论(20091-22015-1),200912201518602,,3,,168,"1-18周,1-18周",0,"柏文阳,张剡","1-18周 周五 第1节-第2节 逸B-212,1-18周 周二 第3节-第4节 逸B-212",4.0,计算机学院,否,,"周二,周五",2009-2010-1,,200912201518602,2007计算机学院计算机科学与技术,0,仙林校区,2009-2010学年 第1学期,18602,"逸B-212,逸B-212",,否,,,,,,0,数据库概论,16,"第3节-第4节,第1节-第2节",逸夫楼B区,22015
48.0,400150,数理逻辑(20091-22017-1),200912201719350,,3,,153,"1-18周,2-18周(双)",0,宋方敏,"1-18周 周二 第1节-第2节 逸B-101,2-18周(双) 周五 第1节-第2节 逸B-101",3.0,计算机学院,否,,"周二,周五",2009-2010-1,,200912201719350,2008计算机学院计算机科学与技术,0,仙林校区,2009-2010学年 第1学期,19350,"逸B-101,逸B-101",,否,,,,,,0,数理逻辑,16,"第1节-第2节,第1节-第2节",逸夫楼B区,22017
48.0,400150,软件工程概论(20091-22018-1),200912201818604,,3,,155,"1-18周,1-17周(单)",0,"陈鑫,王林章,李宣东","1-18周 周三 第1节-第2节 逸B-212,1-17周(单) 周五 第5节-第6节 逸B-212",3.0,计算机学院,否,,"周三,周五",2009-2010-1,,200912201818604,"2007计算机学院计算机科学与技术,2007教育研究院教育技术学",0,仙林校区,2009-2010学年 第1学期,18604,"逸B-212,逸B-212",,否,,,,,,0,软件工程概论,16,"第1节-第2节,第5节-第6节",逸夫楼B区,22018
48.0,400150,软件工程概论(20091-22018-3),200912201819536,,3,,51,1-18周,0,陈鑫,1-18周 周一 第5节-第7节 逸C-115,3.0,计算机学院,否,,周一,2009-2010-1,,200912201819536,"2007数学学院数学与应用数学,2007数学学院统计学,2007数学学院信息与计算科学",0,仙林校区,2009-2010学年 第1学期,19536,逸C-115,,否,,,,,,0,软件工程概论,17,第5节-第7节,逸夫楼C区,22018
32.0,400150,管理信息系统(20091-22019-1),200912201918605,,3,,151,1-18周,0,沈平,1-18周 周一 第3节-第4节 仙Ⅰ-106,2.0,计算机学院,否,,周一,2009-2010-1,,200912201918605,"2007计算机学院计算机科学与技术,2007教育研究院教育技术学",0,仙林校区,2009-2010学年 第1学期,18605,仙Ⅰ-106,,否,,,,,,0,管理信息系统,11,第3节-第4节,仙I区,22019
64.0,400150,计算机网络(20091-22027-1),200912202718606,,3,,80,"1-18周,1-18周",0,顾庆,"1-18周 周四 第3节-第4节 仙Ⅱ-112,1-18周 周一 第5节-第6节 仙Ⅱ-214",4.0,计算机学院,否,,"周一,周四",2009-2010-1,,200912202718606,2007计算机学院计算机科学与技术,0,仙林校区,2009-2010学年 第1学期,18606,"仙Ⅱ-214,仙Ⅱ-112",,否,,,,,,0,计算机网络,12,"第5节-第6节,第3节-第4节",仙II区,22027
64.0,400150,计算机网络(20091-22027-2),200912202718607,,3,,83,"1-18周,1-18周",0,夏耐,"1-18周 周四 第3节-第4节 仙Ⅱ-117,1-18周 周一 第5节-第6节 仙Ⅱ-117",4.0,计算机学院,否,,"周一,周四",2009-2010-1,,200912202718607,2007计算机学院计算机科学与技术,0,仙林校区,2009-2010学年 第1学期,18607,"仙Ⅱ-117,仙Ⅱ-117",,否,,,,,,0,计算机网络,12,"第5节-第6节,第3节-第4节",仙II区,22027
64.0,400150,计算机网络(20091-22027-3),200912202719539,,3,,77,1-18周,0,苏丰,1-18周 周四 第5节-第7节 ,4.0,计算机学院,否,,周四,2009-2010-1,,200912202719539,"2007数学学院数学与应用数学,2007数学学院统计学,2007数学学院信息与计算科学",0,仙林校区,2009-2010学年 第1学期,19539,无,,否,,,,,,0,计算机网络,,第5节-第7节,,22027
48.0,400150,计算机图形学(20091-22028-1),200912202818594,,1,,144,"1-18周,2-18周(双)",0,孙正兴,"1-18周 周一 第3节-第4节 教213,2-18周(双) 周五 第3节-第4节 教213",3.0,计算机学院,否,,"周一,周五",2009-2010-1,,200912202818594,2006计算机学院计算机科学与技术,0,鼓楼校区,2009-2010学年 第1学期,18594,"教213,教213",,否,,,,,,0,计算机图形学,1,"第3节-第4节,第3节-第4节",教学楼,22028
48.0,400150,并行处理技术(20091-22030-1),200912203018595,,1,,143,3-17周,0,陆桑璐,3-17周 周二 第5节-第7节 教105,3.0,计算机学院,否,,周二,2009-2010-1,,200912203018595,2006计算机学院计算机科学与技术,0,鼓楼校区,2009-2010学年 第1学期,18595,教105,,否,,,,,,0,并行处理技术,1,第5节-第7节,教学楼,22030
64.0,400150,算法设计与分析(20091-22035-1),200912203518608,,3,,171,"1-18周,1-18周",0,"黄宇,钱柱中,李文中,陈道蓄","1-18周 周二 第1节-第2节 逸B-212,1-18周 周五 第3节-第4节 逸B-212",4.0,计算机学院,否,,"周二,周五",2009-2010-1,,200912203518608,2007计算机学院计算机科学与技术,0,仙林校区,2009-2010学年 第1学期,18608,"逸B-212,逸B-212",,否,,,,,,0,算法设计与分析,16,"第1节-第2节,第3节-第4节",逸夫楼B区,22035
32.0,400160,电子技术基础实验(20091-22043A-2),2009122043A20375,,3,,152,1-17周,0,"戚海峰,张丽敏,陈瞻,陈平",1-17周 周四 第7节-第10节 ,2.0,电子科学与工程学院,否,,周四,2009-2010-1,,2009122043A20375,2008计算机学院计算机科学与技术,0,仙林校区,2009-2010学年 第1学期,20375,电子中心实验室,,否,,,,,,0,电子技术基础实验,,第7节-第10节,,22043A
48.0,400150,基于INTERNET的软件技术(20091-22049-1),200912204918596,,1,,136,1-18周,0,陶先平,1-18周 周四 第2节-第4节 教213,3.0,计算机学院,否,,周四,2009-2010-1,,200912204918596,2006计算机学院计算机科学与技术,0,鼓楼校区,2009-2010学年 第1学期,18596,教213,,否,,,,,,0,基于INTERNET的软件技术,1,第2节-第4节,教学楼,22049
48.0,400150,面向对象技术(20091-22051-1),200912205118597,,1,,141,"1-18周,1-17周(单)",0,"陈林,余萍","1-18周 周二 第3节-第4节 教213,1-17周(单) 周五 第3节-第4节 教213",3.0,计算机学院,否,,"周二,周五",2009-2010-1,,200912205118597,2006计算机学院计算机科学与技术,0,鼓楼校区,2009-2010学年 第1学期,18597,"教213,教213",,否,,,,,,0,面向对象技术,1,"第3节-第4节,第3节-第4节",教学楼,22051
64.0,400150,计算机系统概论(20091-22061-1),200912206118855,,3,,176,"4-18周,1-18周",0,"张福炎,路通","1-18周 周四 第3节-第4节 图书馆126,4-18周 周一 第3节-第4节 图书馆126",4.0,计算机学院,否,,"周一,周四",2009-2010-1,,200912206118855,2009计算机学院计算机科学类,0,仙林校区,2009-2010学年 第1学期,18855,"图书馆126,图书馆126",,否,,,,,,0,计算机系统概论,18,"第3节-第4节,第3节-第4节",图书馆,22061
48.0,400150,嵌入式系统(20091-22064-1),200912206418593,,1,,129,1-17周,0,俞建新,1-17周 周三 第2节-第4节 教213,3.0,计算机学院,否,,周三,2009-2010-1,,200912206418593,2006计算机学院计算机科学与技术,0,鼓楼校区,2009-2010学年 第1学期,18593,教213,,否,,,,,,0,嵌入式系统,1,第2节-第4节,教学楼,22064
16.0,400150,.Net应用开发(20091-22066-1),200912206620768,,3,,223,1-17周,0,,1-17周 周一 第1节-第2节 ,1.0,计算机学院,否,,周一,2009-2010-1,,200912206620768,"2006计算机学院计算机科学与技术,2008计算机学院计算机科学与技术,2007计算机学院计算机科学与技术",0,仙林校区,2009-2010学年 第1学期,20768,无,,否,,,,,,0,.Net应用开发,,第1节-第2节,,22066
16.0,400150,C#程序设计(20091-22067-1),200912206720767,,3,,220,,0,,,1.0,计算机学院,否,,,2009-2010-1,,200912206720767,"2006计算机学院计算机科学与技术,2008计算机学院计算机科学与技术,2007计算机学院计算机科学与技术",0,仙林校区,2009-2010学年 第1学期,20767,,,否,,,,,,0,C#程序设计,,,,22067
48.0,400150,Linux系统分析(20091-22072-1),200912207218609,,3,,138,"1-17周(单),2-18周(双)",0,叶保留,"1-17周(单) 周二 第5节-第7节 逸A-117,2-18周(双) 周二 第5节-第7节 ",3.0,计算机学院,否,,"周二,周二",2009-2010-1,,200912207218609,2007计算机学院计算机科学与技术,0,仙林校区,2009-2010学年 第1学期,18609,"逸A-117,基础实验楼乙125",,否,,,,,,0,Linux系统分析,15,"第5节-第7节,第5节-第7节",逸夫楼A区,22072
16.0,400150,问题求解初探(20091-22075-1),200912207521628,,3,,0,1-17周,0,"马骏,赵建华",1-17周 周一 第1节-第2节 ,1.0,计算机学院,否,,周一,2009-2010-1,,200912207521628,2009计算机学院计算机科学类,0,仙林校区,2009-2010学年 第1学期,21628,无,,否,,,,,,0,问题求解初探,,第1节-第2节,,22075
16.0,400150,问题求解初探(20091-22075-2),200912207521629,,,,0,,0,,,1.0,计算机学院,否,,,2009-2010-1,,200912207521629,2009计算机学院计算机科学类,0,,2009-2010学年 第1学期,21629,,,否,,,,,,0,问题求解初探,,,,22075
48.0,400150,数据挖掘初步(20091-22077-1),200912207718610,,3,,146,1-18周,0,"黎铭,周志华",1-18周 周三 第3节-第4节 逸B-101,3.0,计算机学院,否,,周三,2009-2010-1,,200912207718610,2007计算机学院计算机科学与技术,0,仙林校区,2009-2010学年 第1学期,18610,逸B-101,,否,,,,,,0,数据挖掘初步,16,第3节-第4节,逸夫楼B区,22077
64.0,400150,程序设计基础(20091-22078-1),200912207818856,,3,,178,"1-18周,1-18周",0,"刘奇志,陈家骏","1-18周 周四 第1节-第2节 仙Ⅰ-319,1-18周 周二 第3节-第4节 仙Ⅰ-319",4.0,计算机学院,否,,"周二,周四",2009-2010-1,,200912207818856,2009计算机学院计算机科学类,0,仙林校区,2009-2010学年 第1学期,18856,"仙Ⅰ-319,仙Ⅰ-319",,否,,,,,,0,程序设计基础,11,"第3节-第4节,第1节-第2节",仙I区,22078
48.0,400110,概率与数理统计(20091-22079-1),200912207919599,,3,,174,1-18周,0,傅冬生,1-18周 周一 第5节-第7节 仙Ⅰ-106,3.0,数学学院,否,,周一,2009-2010-1,,200912207919599,2008计算机学院计算机科学与技术,0,仙林校区,2009-2010学年 第1学期,19599,仙Ⅰ-106,,否,,,,,,0,概率与数理统计,11,第5节-第7节,仙I区,22079
16.0,400150,普适计算初步(20091-22080-1),200912208021630,,,,0,,0,,,1.0,计算机学院,否,,,2009-2010-1,,200912208021630,2009计算机学院计算机科学类,0,,2009-2010学年 第1学期,21630,,,否,,,,,,0,普适计算初步,,,,22080
80.0,400230,人体解剖学(20091-23001-1),200912300119569,,3,,82,"1-18周,1-18周,1-18周",0,"董平,朱亚文,詹朝双","1-18周 周一 第3节-第4节 仙Ⅱ-117,1-18周 周四 第5节-第8节 ,1-18周 周一 第5节-第8节 ",5.0,医学院,否,,"周一,周一,周四",2009-2010-1,,200912300119569,2008医学院临床医学,0,仙林校区,2009-2010学年 第1学期,19569,"仙Ⅱ-117,鼓楼,鼓楼",,否,,,,,,0,人体解剖学,12,"第3节-第4节,第5节-第8节,第5节-第8节",仙II区,23001
64.0,400230,医学统计学(20091-23003-1),200912300319571,,3,,63,"1-18周,2-18周(双),1-17周(单)",0,"应锋,范怡梅","1-18周 周三 第1节-第2节 仙Ⅱ-117,2-18周(双) 周三 第3节-第4节 仙Ⅱ-117,1-17周(单) 周三 第3节-第4节 ",4.0,医学院,否,,"周三,周三,周三",2009-2010-1,,200912300319571,2007医学院临床医学,0,仙林校区,2009-2010学年 第1学期,19571,"仙Ⅱ-117,仙Ⅱ-117,仙林计算中心机房",,否,,,,,,0,医学统计学,12,"第1节-第2节,第3节-第4节,第3节-第4节",仙II区,23003
64.0,400230,医学微生物学(20091-23004-1),200912300419578,,3,,73,"1-17周(单),1-18周",0,"张伟云,方刚","1-18周 周五 第1节-第2节 仙Ⅱ-214,1-17周(单) 周四 第3节-第4节 仙Ⅱ-214",4.0,医学院,否,,"周四,周五",2009-2010-1,,200912300419578,2007医学院临床医学,0,仙林校区,2009-2010学年 第1学期,19578,"仙Ⅱ-214,仙Ⅱ-214",,否,,,,,,0,医学微生物学,12,"第3节-第4节,第1节-第2节",仙II区,23004
48.0,400230,医学遗传学(20091-23006-1),200912300619592,,3,,74,"1-18周,1-17周(单)",0,"王亚平,陈慧梅","1-17周(单) 周四 第1节-第2节 仙Ⅱ-214,1-18周 周一 第3节-第4节 仙Ⅱ-214",3.0,医学院,否,,"周一,周四",2009-2010-1,,200912300619592,2007医学院临床医学,0,仙林校区,2009-2010学年 第1学期,19592,"仙Ⅱ-214,仙Ⅱ-214",,否,,,,,,0,医学遗传学,12,"第3节-第4节,第1节-第2节",仙II区,23006
64.0,400230,医学免疫学(20091-23012-1),200912301219593,,3,,72,"1-18周,1-17周(单)",0,侯亚义,"1-18周 周二 第1节-第2节 仙Ⅱ-214,1-17周(单) 周五 第3节-第4节 仙Ⅱ-214",4.0,医学院,否,,"周二,周五",2009-2010-1,,200912301219593,2007医学院临床医学,0,仙林校区,2009-2010学年 第1学期,19593,"仙Ⅱ-214,仙Ⅱ-214",,否,,,,,,0,医学免疫学,12,"第1节-第2节,第3节-第4节",仙II区,23012
48.0,400230,医学影像学(20091-23013-1),200912301319605,,1,,0,"1-6周,1-6周,1-6周",0,鼓楼医院,"1-6周 周三 第1节-第2节 教218,1-6周 周一 第3节-第4节 教218,1-6周 周五 第1节-第2节 教218",3.0,医学院,否,,"周一,周三,周五",2009-2010-1,,200912301319605,2006医学院临床医学,0,鼓楼校区,2009-2010学年 第1学期,19605,"教218,教218,教218",,否,,,,,,0,医学影像学,1,"第3节-第4节,第1节-第2节,第1节-第2节",教学楼,23013
48.0,400230,医学影像学(20091-23013-2),200912301319616,,1,,37,"1-18周,1-18周,1-18周,1-18周",0,鼓楼医院,"1-18周 周二 第5节-第6节 ,1-18周 周四 第5节-第8节 ,1-18周 周五 第5节-第6节 ,1-18周 周三 第5节-第6节 ",3.0,医学院,否,,"周二,周三,周四,周五",2009-2010-1,,200912301319616,2006医学院临床医学,0,鼓楼校区,2009-2010学年 第1学期,19616,"鼓楼医院,鼓楼医院,鼓楼医院,鼓楼医院",,否,,,,,,0,医学影像学,,"第5节-第6节,第5节-第6节,第5节-第8节,第5节-第6节",,23013
48.0,400230,医学影像学(20092-23013-1),200912301337822,,1,,27,1-17周,0,军区总院1,1-17周 自由时间 第1节-第2节 ,3.0,医学院,否,,自由时间,2009-2010-1,,200912301337822,2006医学院临床医学,0,鼓楼校区,2009-2010学年 第1学期,37822,无,,否,,,,,,0,医学影像学,,第1节-第2节,,23013
32.0,400230,医学心理学(20091-23014-1),200912301419620,,1,,66,"1-6周,1-6周,1-6周",0,脑科医院,"1-6周 周一 第1节-第2节 教218,1-6周 周五 第3节-第4节 教218,1-6周 周三 第3节-第4节 教218",2.0,医学院,否,,"周一,周三,周五",2009-2010-1,,200912301419620,2006医学院临床医学,0,鼓楼校区,2009-2010学年 第1学期,19620,"教218,教218,教218",,否,,,,,,0,医学心理学,1,"第1节-第2节,第3节-第4节,第3节-第4节",教学楼,23014
32.0,400230,医学心理学(20092-23014-1),200912301437821,,1,,27,1-17周,0,军区总院2,1-17周 自由时间 第1节-第2节 ,2.0,医学院,否,,自由时间,2009-2010-1,,200912301437821,2006医学院临床医学,0,鼓楼校区,2009-2010学年 第1学期,37821,无,,否,,,,,,0,医学心理学,,第1节-第2节,,23014
96.0,400230,诊断学(20091-23015-1),200912301519625,,1,,37,"1-18周,1-18周,1-18周",0,"鼓楼医院2,鼓楼医院","1-18周 周二 第1节-第2节 教218,1-18周 周一 第5节-第6节 教218,1-18周 周四 第1节-第2节 教218",6.0,医学院,否,,"周一,周二,周四",2009-2010-1,,200912301519625,2006医学院临床医学,0,鼓楼校区,2009-2010学年 第1学期,19625,"教218,教218,教218",,否,,,,,,0,诊断学,1,"第5节-第6节,第1节-第2节,第1节-第2节",教学楼,23015
96.0,400230,诊断学(20091-23015-2),200912301519629,,1,,1,"1-18周,1-18周,1-18周,1-18周",0,鼓楼医院2,"1-18周 周二 第5节-第6节 ,1-18周 周五 第5节-第6节 ,1-18周 周四 第5节-第6节 ,1-18周 周三 第5节-第6节 ",6.0,医学院,否,,"周二,周三,周四,周五",2009-2010-1,,200912301519629,2006医学院临床医学,0,鼓楼校区,2009-2010学年 第1学期,19629,"鼓楼医院,鼓楼医院,鼓楼医院,鼓楼医院",,否,,,,,,0,诊断学,,"第5节-第6节,第5节-第6节,第5节-第6节,第5节-第6节",,23015
96.0,400230,诊断学(20092-23015-1),200912301537823,,1,,27,1-17周,0,军区总院2,1-17周 自由时间 第3节-第4节 ,6.0,医学院,否,,自由时间,2009-2010-1,,200912301537823,2006医学院临床医学,0,鼓楼校区,2009-2010学年 第1学期,37823,无,,否,,,,,,0,诊断学,,第3节-第4节,,23015
64.0,400230,学年论文(20092-23016-1),200912301637820,,1,,28,1-17周,0,军区总院1,1-17周 自由时间 第7节-第8节 ,4.0,医学院,否,,自由时间,2009-2010-1,,200912301637820,2005医学院临床医学,0,鼓楼校区,2009-2010学年 第1学期,37820,无,,否,,,,,,0,学年论文,,第7节-第8节,,23016
48.0,400230,外科学总论(20101-23017-1),200912301737970,,1,,27,,0,,,3.0,医学院,否,,,2009-2010-1,,200912301737970,2006医学院临床医学,0,鼓楼校区,2009-2010学年 第1学期,37970,,,否,,,,,,0,外科学总论,,,,23017
64.0,400230,外科学(下)(20091-23018B-1),2009123018B19635,,1,,58,"1-18周,2-18周(双),1-18周,1-18周",0,"鼓楼医院2,鼓楼医院3","1-18周 周三 第1节-第2节 教216,1-18周 周二 第5节-第6节 ,1-18周 周一 第5节-第6节 ,2-18周(双) 周四 第1节-第2节 教207",4.0,医学院,否,,"周三,周四,周一,周二",2009-2010-1,,2009123018B19635,2005医学院临床医学,0,鼓楼校区,2009-2010学年 第1学期,19635,"教216,教207,鼓楼医院,鼓楼医院",,否,,,,,,0,外科学(下),1,"第1节-第2节,第1节-第2节,第5节-第6节,第5节-第6节",教学楼,23018B
64.0,400230,内科学(下)(20091-23019B-1),2009123019B19637,,1,,64,"1-18周,2-18周(双),1-18周,1-18周",0,"鼓楼医院,鼓楼医院4","1-18周 周一 第1节-第2节 教216,1-18周 周二 第5节-第6节 ,1-18周 周一 第5节-第6节 ,2-18周(双) 周三 第3节-第4节 教216",4.0,医学院,否,,"周一,周三,周一,周二",2009-2010-1,,2009123019B19637,2005医学院临床医学,0,鼓楼校区,2009-2010学年 第1学期,19637,"教216,教216,鼓楼医院,鼓楼医院",,否,,,,,,0,内科学(下),1,"第1节-第2节,第3节-第4节,第5节-第6节,第5节-第6节",教学楼,23019B
40.0,400230,眼科学(20091-23022-1),200912302219638,,1,,64,"1-9周,11-17周(单),1-9周,1-9周",0,鼓楼医院4,"1-9周 周一 第3节-第4节 教216,1-9周 周五 第5节-第6节 ,1-9周 周三 第5节-第6节 ,11-17周(单) 周三 第3节-第4节 教216",2.5,医学院,否,,"周一,周三,周三,周五",2009-2010-1,,200912302219638,2005医学院临床医学,0,鼓楼校区,2009-2010学年 第1学期,19638,"教216,教216,鼓楼医院,鼓楼医院",,否,,,,,,0,眼科学,1,"第3节-第4节,第3节-第4节,第5节-第6节,第5节-第6节",教学楼,23022
40.0,400230,中医学及针灸学(20091-23023-1),200912302319639,,1,,64,"10-18周,11-17周(单),10-18周,10-18周",0,鼓楼医院5,"10-18周 周一 第3节-第4节 教216,10-18周 周五 第5节-第6节 ,10-18周 周三 第5节-第6节 ,11-17周(单) 周三 第3节-第4节 教216",2.5,医学院,否,,"周一,周三,周三,周五",2009-2010-1,,200912302319639,2005医学院临床医学,0,鼓楼校区,2009-2010学年 第1学期,19639,"教216,教216,鼓楼医院,鼓楼医院",,否,,,,,,0,中医学及针灸学,1,"第3节-第4节,第3节-第4节,第5节-第6节,第5节-第6节",教学楼,23023
40.0,400230,中医学及针灸学(20092-23023-1),200912302337819,,1,,28,1-17周,0,军区总院,1-17周 自由时间 第5节-第6节 ,2.5,医学院,否,,自由时间,2009-2010-1,,200912302337819,2005医学院临床医学,0,鼓楼校区,2009-2010学年 第1学期,37819,无,,否,,,,,,0,中医学及针灸学,,第5节-第6节,,23023
48.0,400230,耳鼻喉科学(20091-23024-1),200912302419654,,1,,64,"1-9周,1-9周,1-9周,1-9周",0,鼓楼医院4,"1-9周 周二 第1节-第2节 教211,1-9周 周四 第5节-第8节 ,1-9周 周四 第3节-第4节 教207,1-9周 周五 第1节-第4节 ",3.0,医学院,否,,"周二,周四,周四,周五",2009-2010-1,,200912302419654,2005医学院临床医学,0,鼓楼校区,2009-2010学年 第1学期,19654,"教211,教207,鼓楼医院,鼓楼医院",,否,,,,,,0,耳鼻喉科学,1,"第1节-第2节,第3节-第4节,第5节-第8节,第1节-第4节",教学楼,23024
48.0,400230,预防医学(20091-23025-1),200912302519729,,1,,64,1-18周,0,许超,1-18周 自由时间 - ,3.0,医学院,否,,自由时间,2009-2010-1,,200912302519729,2005医学院临床医学,0,鼓楼校区,2009-2010学年 第1学期,19729,无,,否,,,,,,0,预防医学,,自由时间,,23025
40.0,400230,神经病学(20091-23026-1),200912302619730,,1,,64,"1-9周,1-9周(单),1-9周,1-9周",0,脑科医院,"1-9周 周五 第1节-第2节 ,1-9周 周四 第5节-第6节 ,1-9周 周二 第3节-第4节 教211,1-9周(单) 周四 第1节-第2节 教211",2.5,医学院,否,,"周二,周四,周四,周五",2009-2010-1,,200912302619730,2005医学院临床医学,0,鼓楼校区,2009-2010学年 第1学期,19730,"教211,教211,脑科医院,脑科医院",,否,,,,,,0,神经病学,1,"第3节-第4节,第1节-第2节,第5节-第6节,第1节-第2节",教学楼,23026
40.0,400230,神经病学(20092-23026-1),200912302637817,,1,,28,1-17周,0,军区总院1,1-17周 自由时间 第4节-第5节 ,2.5,医学院,否,,自由时间,2009-2010-1,,200912302637817,2005医学院临床医学,0,鼓楼校区,2009-2010学年 第1学期,37817,无,,否,,,,,,0,神经病学,,第4节-第5节,,23026
40.0,400230,精神病学(20091-23027-1),200912302719731,,1,,64,"10-18周,11-17周(单),10-18周,10-18周",0,脑科医院1,"11-17周(单) 周四 第1节-第2节 教207,10-18周 周四 第5节-第8节 ,10-18周 周二 第3节-第4节 教211,10-18周 周五 第1节-第4节 ",2.5,医学院,否,,"周二,周四,周四,周五",2009-2010-1,,200912302719731,2005医学院临床医学,0,鼓楼校区,2009-2010学年 第1学期,19731,"教211,教207,脑科医院,脑科医院",,否,,,,,,0,精神病学,1,"第3节-第4节,第1节-第2节,第5节-第8节,第1节-第4节",教学楼,23027
40.0,400230,精神病学(20092-23027-1),200912302737818,,1,,28,1-17周,0,军区总院,1-17周 自由时间 第9节-第10节 ,2.5,医学院,否,,自由时间,2009-2010-1,,200912302737818,2005医学院临床医学,0,鼓楼校区,2009-2010学年 第1学期,37818,无,,否,,,,,,0,精神病学,,第9节-第10节,,23027
48.0,400230,口腔组织病理学(20092-23036-1),200912303637772,,1,,0,1-17周,0,,1-17周 自由时间 第1节-第2节 ,3.0,医学院,否,,自由时间,2009-2010-1,,200912303637772,2006医学院口腔医学,0,鼓楼校区,2009-2010学年 第1学期,37772,无,,否,,,,,,0,口腔组织病理学,,第1节-第2节,,23036
64.0,400230,口腔内科学[上](20092-23038A-1),2009123038A37765,,1,,0,1-17周,0,,1-17周 自由时间 第1节-第2节 ,4.0,医学院,否,,自由时间,2009-2010-1,,2009123038A37765,,0,鼓楼校区,2009-2010学年 第1学期,37765,无,,否,,,,,,0,口腔内科学[上],,第1节-第2节,,23038A
64.0,400230,口腔内科学(下)(20092-23038B-1),2009123038B37776,,1,,0,1-17周,0,,1-17周 自由时间 第1节-第2节 ,4.0,医学院,否,,自由时间,2009-2010-1,,2009123038B37776,,0,鼓楼校区,2009-2010学年 第1学期,37776,无,,否,,,,,,0,口腔内科学(下),,第1节-第2节,,23038B
64.0,400230,口腔内科学(下)(20101-23038B-1),2009123038B37975,,1,,0,,0,,,4.0,医学院,否,,,2009-2010-1,,2009123038B37975,,0,鼓楼校区,2009-2010学年 第1学期,37975,,,否,,,,,,0,口腔内科学(下),,,,23038B
64.0,400230,口腔颌面外科学(下)(20092-23039B-1),2009123039B37775,,1,,0,1-17周,0,,1-17周 自由时间 第1节-第2节 ,4.0,医学院,否,,自由时间,2009-2010-1,,2009123039B37775,,0,鼓楼校区,2009-2010学年 第1学期,37775,无,,否,,,,,,0,口腔颌面外科学(下),,第1节-第2节,,23039B
112.0,400230,口腔修复(20092-23040-1),200912304037768,,1,,0,1-17周,0,,1-17周 自由时间 第1节-第2节 ,7.0,医学院,否,,自由时间,2009-2010-1,,200912304037768,,0,鼓楼校区,2009-2010学年 第1学期,37768,无,,否,,,,,,0,口腔修复,,第1节-第2节,,23040
32.0,400230,口腔预防医学(20092-23041-1),200912304137763,,1,,0,1-17周,0,雷浪,1-17周 自由时间 第1节-第2节 ,2.0,医学院,否,,自由时间,2009-2010-1,,200912304137763,,0,鼓楼校区,2009-2010学年 第1学期,37763,无,,否,,,,,,0,口腔预防医学,,第1节-第2节,,23041
24.0,400230,合牙学(20092-23042-1),200912304237767,,1,,0,1-17周,0,,1-17周 自由时间 第1节-第2节 ,1.5,医学院,否,,自由时间,2009-2010-1,,200912304237767,,0,鼓楼校区,2009-2010学年 第1学期,37767,无,,否,,,,,,0,牙合学,,第1节-第2节,,23042
32.0,400230,儿童口腔学(20092-23043-1),200912304337764,,1,,0,1-17周,0,口腔医院1,1-17周 自由时间 第1节-第2节 ,2.0,医学院,否,,自由时间,2009-2010-1,,200912304337764,,0,鼓楼校区,2009-2010学年 第1学期,37764,无,,否,,,,,,0,儿童口腔学,,第1节-第2节,,23043
48.0,400230,口腔正畸学(20092-23044-1),200912304437766,,1,,0,1-17周,0,,1-17周 自由时间 第1节-第2节 ,3.0,医学院,否,,自由时间,2009-2010-1,,200912304437766,,0,鼓楼校区,2009-2010学年 第1学期,37766,无,,否,,,,,,0,口腔正畸学,,第1节-第2节,,23044
32.0,400230,临床病理学(20092-23058-1),200912305837816,,1,,28,1-17周,0,军区总院,1-17周 自由时间 第3节-第4节 ,2.0,医学院,否,,自由时间,2009-2010-1,,200912305837816,,0,鼓楼校区,2009-2010学年 第1学期,37816,无,,否,,,,,,0,临床病理学,,第3节-第4节,,23058
32.0,400230,临床药理学(20092-23062-1),200912306237815,,1,,28,1-17周,0,军区总院,1-17周 自由时间 第1节-第2节 ,2.0,医学院,否,,自由时间,2009-2010-1,,200912306237815,,0,鼓楼校区,2009-2010学年 第1学期,37815,无,,否,,,,,,0,临床药理学,,第1节-第2节,,23062
32.0,400230,科学社会主义理论与实践(20091-23065-1),200912306520748,,3,,71,2-18周,0,,2-18周 周四 第5节-第6节 仙Ⅰ-524,2.0,医学院,否,,周四,2009-2010-1,,200912306520748,2007医学院临床医学,0,仙林校区,2009-2010学年 第1学期,20748,仙Ⅰ-524,,否,,,,,,0,科学社会主义理论与实践,11,第5节-第6节,仙I区,23065
32.0,400230,以疾病为主线的医学遗传学实验(20091-23079-1),200912307919597,,1,,71,"2-18周,2-18周",0,"王亚平,陈慧梅","2-18周 周三 第5节-第8节 ,2-18周 周五 第5节-第8节 ",2.0,医学院,否,,"周三,周五",2009-2010-1,,200912307919597,2007医学院临床医学,0,鼓楼校区,2009-2010学年 第1学期,19597,"鼓楼,鼓楼",,否,,,,,,0,以疾病为主线的医学遗传学实验,,"第5节-第8节,第5节-第8节",,23079
32.0,400230,病原体鉴定与免疫细胞分析(20091-23082-1),200912308219602,,1,,71,"2-18周,2-18周",0,侯亚义,"2-18周 周一 第5节-第8节 ,2-18周 周二 第5节-第8节 ",2.0,医学院,否,,"周一,周二",2009-2010-1,,200912308219602,2007医学院临床医学,0,鼓楼校区,2009-2010学年 第1学期,19602,"鼓楼,鼓楼",,否,,,,,,0,病原体鉴定与免疫细胞分析,,"第5节-第8节,第5节-第8节",,23082
32.0,400230,头颈局部解剖学(20092-232010-1),2009123201037773,,1,,0,1-17周,0,,1-17周 自由时间 第1节-第2节 ,2.0,医学院,否,,自由时间,2009-2010-1,,2009123201037773,2006医学院口腔医学,0,鼓楼校区,2009-2010学年 第1学期,37773,无,,否,,,,,,0,头颈局部解剖学,,第1节-第2节,,232010
48.0,400230,牙体解剖及口腔生理学(20092-232020-1),2009123202037771,,1,,0,1-17周,0,,1-17周 自由时间 第1节-第2节 ,3.0,医学院,否,,自由时间,2009-2010-1,,2009123202037771,2006医学院口腔医学,0,鼓楼校区,2009-2010学年 第1学期,37771,无,,否,,,,,,0,牙体解剖及口腔生理学,,第1节-第2节,,232020
32.0,400230,口腔影像诊断学(20092-232050-1),2009123205037770,,1,,0,1-17周,0,,1-17周 自由时间 第1节-第2节 ,2.0,医学院,否,,自由时间,2009-2010-1,,2009123205037770,,0,鼓楼校区,2009-2010学年 第1学期,37770,无,,否,,,,,,0,口腔影像诊断学,,第1节-第2节,,232050
32.0,400230,英语口语交际(20091-233200-1),2009123320021472,,3,,136,"7-18周,7-18周,7-18周,7-18周",0,,"7-18周 周二 第5节-第6节 逸A-213,7-18周 周一 第9节-第10节 逸A-213,7-18周 周二 第7节-第8节 逸A-213,7-18周 周一 第7节-第8节 逸A-213",2.0,医学院,否,,"周一,周一,周二,周二",2009-2010-1,,2009123320021472,,0,仙林校区,2009-2010学年 第1学期,21472,"逸A-213,逸A-213,逸A-213,逸A-213",,否,,,,,,0,英语口语交际,15,"第7节-第8节,第9节-第10节,第5节-第6节,第7节-第8节",逸夫楼A区,233200
16.0,400250,名师导学(20091-240010-1),2009124001020161,,3,,221,2-18周(双),0,,2-18周(双) 周三 第7节-第8节 仙Ⅱ-207,1.0,匡亚明学院,否,,周三,2009-2010-1,,2009124001020161,"2009物理学院物理基地,2009匡亚明学院理强（数理方向）,2009匡亚明学院理科强化班,2009匡亚明学院应用文科强化班",0,仙林校区,2009-2010学年 第1学期,20161,仙Ⅱ-207,,否,,,,,,0,名师导学,12,第7节-第8节,仙II区,240010
16.0,400250,名师导学(20091-240010-2),2009124001021273,,3,,199,2-18周(双),0,,2-18周(双) 周三 第7节-第8节 仙Ⅰ-107,1.0,匡亚明学院,否,,周三,2009-2010-1,,2009124001021273,"2009化学学院化学(基地),2009生命科学学院生物科学（基地）",0,仙林校区,2009-2010学年 第1学期,21273,仙Ⅰ-107,,否,,,,,,0,名师导学,11,第7节-第8节,仙I区,240010
16.0,400250,名师导学(20091-240010-3),2009124001021274,,3,,186,2-18周(双),0,,2-18周(双) 周三 第7节-第8节 仙Ⅰ-106,1.0,匡亚明学院,否,,周三,2009-2010-1,,2009124001021274,2009文学院汉语言文学（拔尖计划）,0,仙林校区,2009-2010学年 第1学期,21274,仙Ⅰ-106,,否,,,,,,0,名师导学,11,第7节-第8节,仙I区,240010
64.0,400250,大学物理(20091-24001B-1),2009124001B19267,,3,,136,"1-18周,1-18周",0,卢德馨,"1-18周 周五 第1节-第2节 仙Ⅱ-305,1-18周 周二 第5节-第7节 仙Ⅱ-305",4.0,匡亚明学院,否,,"周二,周五",2009-2010-1,,2009124001B19267,"2008匡亚明学院理科强化班,2008匡亚明学院理强（数理方向）",0,仙林校区,2009-2010学年 第1学期,19267,"仙Ⅱ-305,仙Ⅱ-305",,否,,,,,,0,大学物理,12,"第5节-第7节,第1节-第2节",仙II区,24001B
64.0,400120,大学物理(20091-24001B-2),2009124001B19833,,3,,78,"1-18周,2-18周(双),1-18周",0,吕笑梅,"2-18周(双) 周三 第1节-第2节 仙Ⅱ-215,1-18周 周三 第3节-第4节 仙Ⅱ-215,1-18周 周一 第3节-第4节 仙Ⅱ-215",4.0,物理学院,否,,"周一,周三,周三",2009-2010-1,,2009124001B19833,,0,仙林校区,2009-2010学年 第1学期,19833,"仙Ⅱ-215,仙Ⅱ-215,仙Ⅱ-215",,否,,,,,,0,大学物理,12,"第3节-第4节,第1节-第2节,第3节-第4节",仙II区,24001B
64.0,400120,大学物理(20091-24001B-3),2009124001B20504,,3,,235,"1-18周,1-18周",0,肖明文,"1-18周 周五 第1节-第2节 仙Ⅱ-122,1-18周 周二 第5节-第7节 仙Ⅱ-122",4.0,物理学院,否,,"周二,周五",2009-2010-1,,2009124001B20504,,0,仙林校区,2009-2010学年 第1学期,20504,"仙Ⅱ-122,仙Ⅱ-122",,否,,,,,,0,大学物理,12,"第5节-第7节,第1节-第2节",仙II区,24001B
80.0,400250,理论物理(20091-24207-1),200912420719726,,3,,29,"1-18周,1-18周",0,许望,"1-18周 周一 第5节-第6节 仙Ⅱ-520,1-18周 周三 第5节-第7节 仙Ⅱ-520",5.0,匡亚明学院,否,,"周一,周三",2009-2010-1,,200912420719726,2007匡亚明学院理科强化班,0,仙林校区,2009-2010学年 第1学期,19726,"仙Ⅱ-520,仙Ⅱ-520",,否,,,,,,0,理论物理,12,"第5节-第6节,第5节-第7节",仙II区,24207
32.0,400250,暑期社会实践(20091-24538-1),200912453820727,,1,,4,,0,张亚权, 自由时间 - ,2.0,匡亚明学院,否,,自由时间,2009-2010-1,,200912453820727,2008匡亚明学院应用文科强化班,0,鼓楼校区,2009-2010学年 第1学期,20727,无,,否,,,,,,0,暑期社会实践,,自由时间,,24538
32.0,400250,线性代数(20091-24556-1),200912455620720,,1,,70,,0,江惠坤, 自由时间 - ,2.0,匡亚明学院,否,,自由时间,2009-2010-1,,200912455620720,"2008匡亚明学院理科强化班,2008匡亚明学院理强（数理方向）",0,鼓楼校区,2009-2010学年 第1学期,20720,无,,否,,,,,,0,线性代数,,自由时间,,24556
32.0,400250,英语听读(20091-24557-1),200912455720724,,1,,63,,0,"许望,葛欣", 自由时间 - ,2.0,匡亚明学院,否,,自由时间,2009-2010-1,,200912455720724,"2008匡亚明学院理科强化班,2008匡亚明学院理强（数理方向）",0,鼓楼校区,2009-2010学年 第1学期,20724,无,,否,,,,,,0,英语听读,,自由时间,,24557
32.0,400250,经济学英语(20091-24558-1),200912455820725,,1,,63,,0,许望, 自由时间 - ,2.0,匡亚明学院,否,,自由时间,2009-2010-1,,200912455820725,"2008匡亚明学院理科强化班,2008匡亚明学院理强（数理方向）",0,鼓楼校区,2009-2010学年 第1学期,20725,无,,否,,,,,,0,经济学英语,,自由时间,,24558
64.0,400270,计算系统基础(20091-250010-1),2009125001018864,,3,,134,"1-18周,1-18周",0,王浩然,"1-18周 周二 第3节-第4节 图书馆125,1-18周 周四 第3节-第4节 图书馆125",4.0,软件学院,否,,"周二,周四",2009-2010-1,,2009125001018864,2009软件学院软件学类,0,仙林校区,2009-2010学年 第1学期,18864,"图书馆125,图书馆125",,否,,,,,,0,计算系统基础,18,"第3节-第4节,第3节-第4节",图书馆,250010
64.0,400270,计算系统基础(20091-250010-2),2009125001018865,,3,,128,"1-18周,1-18周",0,王浩然,"1-18周 周二 第5节-第6节 仙Ⅱ-504,1-18周 周四 第5节-第6节 仙Ⅱ-504",4.0,软件学院,否,,"周二,周四",2009-2010-1,,2009125001018865,2009软件学院软件学类,0,仙林校区,2009-2010学年 第1学期,18865,"仙Ⅱ-504,仙Ⅱ-504",,否,,,,,,0,计算系统基础,12,"第5节-第6节,第5节-第6节",仙II区,250010
32.0,400270,计算与软件工程II (20091-250040-1),2009125004018874,,3,,117,"1-17周(单),1-18周",0,丁二玉,"1-18周 周三 第1节-第2节 仙Ⅱ-305,1-17周(单) 周一 第3节-第4节 仙Ⅱ-305",2.0,软件学院,否,,"周一,周三",2009-2010-1,,2009125004018874,2008软件学院软件工程,0,仙林校区,2009-2010学年 第1学期,18874,"仙Ⅱ-305,仙Ⅱ-305",,否,,,,,,0,计算与软件工程III——课程实践,12,"第3节-第4节,第1节-第2节",仙II区,250040
32.0,400270,计算与软件工程II (20091-250040-2),2009125004018875,,3,,119,"1-17周(单),1-18周",0,丁二玉,"1-17周(单) 周一 第1节-第2节 仙Ⅱ-305,1-18周 周三 第3节-第4节 仙Ⅱ-305",2.0,软件学院,否,,"周一,周三",2009-2010-1,,2009125004018875,2008软件学院软件工程,0,仙林校区,2009-2010学年 第1学期,18875,"仙Ⅱ-305,仙Ⅱ-305",,否,,,,,,0,计算与软件工程III——课程实践,12,"第1节-第2节,第3节-第4节",仙II区,250040
48.0,400270,软件需求工程(20091-250090-1),2009125009018918,,3,,124,"1-12周,1-11周(单)",0,丁二玉,"1-12周 周二 第1节-第2节 仙Ⅱ-503,1-11周(单) 周四 第1节-第2节 仙Ⅱ-503",3.0,软件学院,否,,"周二,周四",2009-2010-1,,2009125009018918,2007软件学院软件工程,0,仙林校区,2009-2010学年 第1学期,18918,"仙Ⅱ-503,仙Ⅱ-503",,否,,,,,,0,软件需求工程,12,"第1节-第2节,第1节-第2节",仙II区,250090
48.0,400270,软件需求工程(20091-250090-2),2009125009018920,,3,,131,"1-12周,1-11周(单)",0,丁二玉,"1-12周 周二 第3节-第4节 仙Ⅱ-503,1-11周(单) 周四 第3节-第4节 仙Ⅱ-503",3.0,软件学院,否,,"周二,周四",2009-2010-1,,2009125009018920,2007软件学院软件工程,0,仙林校区,2009-2010学年 第1学期,18920,"仙Ⅱ-503,仙Ⅱ-503",,否,,,,,,0,软件需求工程,12,"第3节-第4节,第3节-第4节",仙II区,250090
48.0,400270,软件测试与质量(20092-250100-1),2009125010021631,,3,,0,"1-11周(单),1-12周",0,张瑾玉,"1-12周 周五 第1节-第2节 ,1-11周(单) 周二 第1节-第2节 ",3.0,软件学院,否,,"周二,周五",2009-2010-1,,2009125010021631,2007软件学院软件工程,0,仙林校区,2009-2010学年 第1学期,21631,"仙Ⅱ-503,仙Ⅱ-503 ",,否,,,,,,0,软件测试与质量,,"第1节-第2节,第1节-第2节",,250100
48.0,400270,软件测试与质量(20092-250100-2),2009125010021632,,3,,0,"1-11周(单),1-12周",0,张瑾玉,"1-12周 周五 第3节-第4节 ,1-11周(单) 周二 第3节-第4节 ",3.0,软件学院,否,,"周二,周五",2009-2010-1,,2009125010021632,2007软件学院软件工程,0,仙林校区,2009-2010学年 第1学期,21632,"仙Ⅱ-503,仙Ⅱ-403",,否,,,,,,0,软件测试与质量,,"第3节-第4节,第3节-第4节",,250100
48.0,400270,计算机组成原理(20091-250210-1),2009125021018872,,3,,113,1-18周,0,金志权,1-18周 周二 第1节-第3节 仙Ⅱ-305,3.0,软件学院,否,,周二,2009-2010-1,,2009125021018872,2008软件学院软件工程,0,仙林校区,2009-2010学年 第1学期,18872,仙Ⅱ-305,,否,,,,,,0,计算机组织结构,12,第1节-第3节,仙II区,250210
48.0,400270,计算机组成原理(20091-250210-2),2009125021018873,,3,,115,1-18周,0,金志权,1-18周 周四 第1节-第3节 仙Ⅱ-403,3.0,软件学院,否,,周四,2009-2010-1,,2009125021018873,2008软件学院软件工程,0,仙林校区,2009-2010学年 第1学期,18873,仙Ⅱ-403,,否,,,,,,0,计算机组织结构,12,第1节-第3节,仙II区,250210
48.0,400270,数据结构与算法(20091-250220-1),2009125022018868,,3,,122,1-18周,0,陈珮珮,1-18周 周四 第1节-第3节 仙Ⅱ-404,3.0,软件学院,否,,周四,2009-2010-1,,2009125022018868,2008软件学院软件工程,0,仙林校区,2009-2010学年 第1学期,18868,仙Ⅱ-404,,否,,,,,,0,数据库设计,12,第1节-第3节,仙II区,250220
48.0,400270,数据结构与算法(20091-250220-2),2009125022018869,,3,,116,1-18周,0,陈珮珮,1-18周 周二 第1节-第3节 仙Ⅱ-403,3.0,软件学院,否,,周二,2009-2010-1,,2009125022018869,2008软件学院软件工程,0,仙林校区,2009-2010学年 第1学期,18869,仙Ⅱ-403,,否,,,,,,0,数据库设计,12,第1节-第3节,仙II区,250220
48.0,400270,电子商务(20091-25027-1),200912502718957,,1,,83,"1-12周,1-11周(单)",0,王金庆,"1-12周 周二 第1节-第2节 教101,1-11周(单) 周五 第1节-第2节 教101",3.0,软件学院,否,,"周二,周五",2009-2010-1,,200912502718957,2006软件学院软件工程,0,鼓楼校区,2009-2010学年 第1学期,18957,"教101,教101",,否,,,,,,0,电子商务,1,"第1节-第2节,第1节-第2节",教学楼,25027
48.0,400270,C++程序设计(20091-250310-1),2009125031018876,,3,,109,"2-18周(双),1-18周",0,郑滔,"1-18周 周三 第3节-第4节 仙Ⅱ-403,2-18周(双) 周一 第3节-第4节 仙Ⅱ-403",3.0,软件学院,否,,"周一,周三",2009-2010-1,,2009125031018876,2008软件学院软件工程,0,仙林校区,2009-2010学年 第1学期,18876,"仙Ⅱ-403,仙Ⅱ-403",,否,,,,,,0,C++高级程序设计,12,"第3节-第4节,第3节-第4节",仙II区,250310
48.0,400270,C++程序设计(20091-250310-2),2009125031018879,,3,,112,"2-16周(双),1-18周",0,郑滔,"1-18周 周三 第1节-第2节 仙Ⅱ-403,2-16周(双) 周一 第1节-第2节 仙Ⅱ-403",3.0,软件学院,否,,"周一,周三",2009-2010-1,,2009125031018879,2008软件学院软件工程,0,仙林校区,2009-2010学年 第1学期,18879,"仙Ⅱ-403,仙Ⅱ-403",,否,,,,,,0,C++高级程序设计,12,"第1节-第2节,第1节-第2节",仙II区,250310
32.0,400270,个人软件过程(20091-250320-1),2009125032018935,,3,,151,1-12周,0,荣国平,1-12周 周三 第1节-第3节 仙Ⅱ-404,2.0,软件学院,否,,周三,2009-2010-1,,2009125032018935,2007软件学院软件工程,0,仙林校区,2009-2010学年 第1学期,18935,仙Ⅱ-404,,否,,,,,,0,基于PSP的软件实训,12,第1节-第3节,仙II区,250320
32.0,400270,小组软件过程(20092-250330-1),2009125033021639,,3,,0,1-12周,0,荣国平,1-12周 周一 第5节-第7节 ,2.0,软件学院,否,,周一,2009-2010-1,,2009125033021639,2007软件学院软件工程,0,仙林校区,2009-2010学年 第1学期,21639,仙Ⅱ-404,,否,,,,,,0,信息技术实践,,第5节-第7节,,250330
32.0,400270,软件设计课程实践(20091-250340-1),2009125034018936,,3,,152,1-12周,0,荣国平,1-12周 周三 第4节-第4节 仙Ⅱ-404,2.0,软件学院,否,,周三,2009-2010-1,,2009125034018936,2007软件学院软件工程,0,仙林校区,2009-2010学年 第1学期,18936,仙Ⅱ-404,,否,,,,,,0,Web技术实践,12,第4节-第4节,仙II区,250340
48.0,400270,.NET程序设计(20091-25036-1),200912503618955,,1,,122,"2-12周(双),16周,1-12周",0,张瑾玉,"1-12周 周五 第3节-第4节 教101,2-12周(双),16周 周三 第3节-第4节 教101",3.0,软件学院,否,,"周三,周五",2009-2010-1,,200912503618955,2006软件学院软件工程,0,鼓楼校区,2009-2010学年 第1学期,18955,"教101,教101",,否,,,,,,0,.NET程序设计,1,"第3节-第4节,第3节-第4节",教学楼,25036
48.0,400270,Linux系统基础(20091-250370-1),2009125037018938,,3,,189,1-12周,0,曾生,1-12周 周一 第5节-第7节 逸B-212,3.0,软件学院,否,,周一,2009-2010-1,,2009125037018938,2007软件学院软件工程,0,仙林校区,2009-2010学年 第1学期,18938,逸B-212,,否,,,,,,0,Linux系统基础,16,第5节-第7节,逸夫楼B区,250370
48.0,400270,Linux程序设计(20092-250390-1),2009125039021633,,3,,0,"1-11周(单),1-12周",0,宋健建,"1-11周(单) 周一 第1节-第2节 ,1-12周 周五 第5节-第6节 ",3.0,软件学院,否,,"周一,周五",2009-2010-1,,2009125039021633,2007软件学院软件工程,0,仙林校区,2009-2010学年 第1学期,21633,"图书馆126,仙Ⅰ-524",,否,,,,,,0,Linux程序设计,,"第1节-第2节,第5节-第6节",,250390
48.0,400270,嵌入式系统概论(20091-250410-1),2009125041018933,,3,,138,"1-11周(单),1-12周",0,刘海涛,"1-12周 周五 第1节-第2节 仙Ⅱ-503,1-11周(单) 周一 第3节-第4节 仙Ⅱ-503",3.0,软件学院,否,,"周一,周五",2009-2010-1,,2009125041018933,2007软件学院软件工程,0,仙林校区,2009-2010学年 第1学期,18933,"仙Ⅱ-503,仙Ⅱ-503",,否,,,,,,0,嵌入式系统概论,12,"第3节-第4节,第1节-第2节",仙II区,250410
48.0,400270,数字信号处理(20092-250440-1),2009125044021635,,3,,0,"2-12周(双),1-12周",0,王崇骏,"1-12周 周四 第3节-第4节 ,2-12周(双) 周二 第3节-第4节 ",3.0,软件学院,否,,"周二,周四",2009-2010-1,,2009125044021635,2007软件学院软件工程,0,仙林校区,2009-2010学年 第1学期,21635,"仙Ⅱ-503,仙Ⅱ-503",,否,,,,,,0,数字信号处理,,"第3节-第4节,第3节-第4节",,250440
48.0,400270,应用集成原理与工具(20092-250480-1),2009125048021637,,3,,0,"2-12周(双),1-12周",0,刘峰,"1-12周 周四 第1节-第2节 ,2-12周(双) 周二 第1节-第2节 ",3.0,软件学院,否,,"周二,周四",2009-2010-1,,2009125048021637,2007软件学院软件工程,0,仙林校区,2009-2010学年 第1学期,21637,"仙Ⅱ-503,仙Ⅱ-503",,否,,,,,,0,应用集成原理与工具,,"第1节-第2节,第1节-第2节",,250480
48.0,400270,系统管理与维护(20092-250490-1),2009125049021638,,3,,0,1-12周,0,老师1,1-12周 周四 第5节-第7节 ,3.0,软件学院,否,,周四,2009-2010-1,,2009125049021638,2007软件学院软件工程,0,仙林校区,2009-2010学年 第1学期,21638,仙Ⅱ-304,,否,,,,,,0,系统管理与维护,,第5节-第7节,,250490
48.0,400270,管理信息系统(20092-250520-1),2009125052021634,,3,,0,"1-11周(单),1-12周",0,王浩然,"1-12周 周三 第1节-第2节 ,1-11周(单) 周一 第3节-第4节 ",3.0,软件学院,否,,"周一,周三",2009-2010-1,,2009125052021634,2007软件学院软件工程,0,仙林校区,2009-2010学年 第1学期,21634,"逸A117,逸A117",,否,,,,,,0,管理信息系统,,"第3节-第4节,第1节-第2节",,250520
48.0,400270,商务智能(20092-250540-1),2009125054021640,,3,,0,"2-12周(双),1-12周",0,贝佳,"2-12周(双) 周一 第3节-第4节 ,1-12周 周三 第5节-第6节 ",3.0,软件学院,否,,"周一,周三",2009-2010-1,,2009125054021640,2007软件学院软件工程,0,仙林校区,2009-2010学年 第1学期,21640,"逸A117,逸A117",,否,,,,,,0,商务智能,,"第3节-第4节,第5节-第6节",,250540
48.0,400270,服务计算概论(20091-250560-1),2009125056018930,,3,,137,"1-12周,1-11周(单)",0,贝佳,"1-11周(单) 周五 第3节-第4节 仙Ⅱ-403,1-12周 周二 第5节-第6节 仙Ⅱ-403",3.0,软件学院,否,,"周二,周五",2009-2010-1,,2009125056018930,2007软件学院软件工程,0,仙林校区,2009-2010学年 第1学期,18930,"仙Ⅱ-403,仙Ⅱ-403",,否,,,,,,0,服务计算概论,12,"第5节-第6节,第3节-第4节",仙II区,250560
48.0,400270,数字图像处理(20091-25059-1),200912505918953,,1,,57,1-12周,0,高阳,1-12周 周四 第1节-第3节 教101,3.0,软件学院,否,,周四,2009-2010-1,,200912505918953,2006软件学院软件工程,0,鼓楼校区,2009-2010学年 第1学期,18953,教101,,否,,,,,,0,数字图像处理,1,第1节-第3节,教学楼,25059
48.0,400270,计算机图形学(20091-250710-1),2009125071018939,,3,,151,"2-12周(双),1-12周",0,刘峰,"2-12周(双) 周一 第3节-第4节 仙Ⅱ-305,1-12周 周三 第5节-第6节 仙Ⅱ-305",3.0,软件学院,否,,"周一,周三",2009-2010-1,,2009125071018939,2007软件学院软件工程,0,仙林校区,2009-2010学年 第1学期,18939,"仙Ⅱ-305,仙Ⅱ-305",,否,,,,,,0,计算机图形学,12,"第3节-第4节,第5节-第6节",仙II区,250710
32.0,400270,具体数据库(20091-250750-1),2009125075018940,,3,,159,1-12周,0,张剡,1-12周 周四 第5节-第7节 仙Ⅱ-304,2.0,软件学院,否,,周四,2009-2010-1,,2009125075018940,2007软件学院软件工程,0,仙林校区,2009-2010学年 第1学期,18940,仙Ⅱ-304,,否,,,,,,0,计算机组成实验,12,第5节-第7节,仙II区,250750
32.0,400270,计算机组成实验(20091-250760-1),2009125076018881,,3,,0,1-18周,0,张泽生,1-18周 周五 第5节-第7节 仙Ⅱ-303,2.0,软件学院,否,,周五,2009-2010-1,,2009125076018881,2008软件学院软件工程,0,仙林校区,2009-2010学年 第1学期,18881,仙Ⅱ-303,,否,,,,,,0,计算方法,12,第5节-第7节,仙II区,250760
32.0,400270,基于多核的并行编程(20092-250780-1),2009125078021636,,3,,0,"2-12周(双),1-12周",0,宋健建,"2-12周(双) 周一 第1节-第2节 ,1-12周 周三 第3节-第4节 ",2.0,软件学院,否,,"周一,周三",2009-2010-1,,2009125078021636,2007软件学院软件工程,0,仙林校区,2009-2010学年 第1学期,21636,"图书馆126,仙Ⅱ-304",,否,,,,,,0,知识产权,,"第1节-第2节,第3节-第4节",,250780
128.0,400270,知识产权(20092-250800-1),2009125080021641,,3,,0,1-9周,0,谭晓清,1-9周 周五 第9节-第11节 ,8.0,软件学院,否,,周五,2009-2010-1,,2009125080021641,2007软件学院软件工程,0,仙林校区,2009-2010学年 第1学期,21641,逸B101,,否,,,,,,0,毕业设计,,第9节-第11节,,250800
32.0,400270,嵌入式课程实践(20091-25093-1),200912509318954,,1,,43,1-12周,0,刘海涛,1-12周 周二 第3节-第4节 教101,2.0,软件学院,否,,周二,2009-2010-1,,200912509318954,2006软件学院软件工程,0,鼓楼校区,2009-2010学年 第1学期,18954,教101,,否,,,,,,0,嵌入式课程实践,1,第3节-第4节,教学楼,25093
32.0,400270,软件进化(20092-251010-1),2009125101037828,,3,,0,1-17周,0,杨宏基,1-17周 周一 第1节-第2节 ,2.0,软件学院,否,,周一,2009-2010-1,,2009125101037828,2006软件学院软件工程,0,仙林校区,2009-2010学年 第1学期,37828,教室,,否,,,,,,0,软件进化,,第1节-第2节,,251010
32.0,400270,内存管理 in C++(20092-251020-1),2009125102037829,,3,,0,1-17周,0,侯捷,1-17周 周一 第1节-第2节 ,2.0,软件学院,否,,周一,2009-2010-1,,2009125102037829,2007软件学院软件工程,0,仙林校区,2009-2010学年 第1学期,37829,教室,,否,,,,,,0,内存管理 in C++,,第1节-第2节,,251020
32.0,400270,高级电子商务工程(20092-251030-1),2009125103037830,,3,,0,1-17周,0,凌棕,1-17周 周一 第1节-第2节 ,2.0,软件学院,否,,周一,2009-2010-1,,2009125103037830,2007软件学院软件工程,0,仙林校区,2009-2010学年 第1学期,37830,无,,否,,,,,,0,高级电子商务工程,,第1节-第2节,,251030
48.0,400270,软件过程与管理(20091-25104-1),200912510418956,,1,,79,1-12周,0,顾庆,1-12周 周二 第5节-第7节 教101,3.0,软件学院,否,,周二,2009-2010-1,,200912510418956,2006软件学院软件工程,0,鼓楼校区,2009-2010学年 第1学期,18956,教101,,否,,,,,,0,软件过程与管理,1,第5节-第7节,教学楼,25104
48.0,400270,人机交互技术(20091-25106-1),200912510618949,,1,,127,1-12周,0,王崇骏,1-12周 周一 第1节-第3节 教101,3.0,软件学院,否,,周一,2009-2010-1,,200912510618949,2006软件学院软件工程,0,鼓楼校区,2009-2010学年 第1学期,18949,教101,,否,,,,,,0,人机交互的软件工程方法,1,第1节-第3节,教学楼,25106
48.0,400270,人机交互技术(20091-25106-2),200912510618950,,1,,139,1-12周,0,王崇骏,1-12周 周一 第5节-第7节 教101,3.0,软件学院,否,,周一,2009-2010-1,,200912510618950,2006软件学院软件工程,0,鼓楼校区,2009-2010学年 第1学期,18950,教101,,否,,,,,,0,人机交互的软件工程方法,1,第5节-第7节,教学楼,25106
48.0,400270,小型机系统软件(20091-25111-1),200912511118965,,1,,50,2-9周,0,张坤,2-9周 周六 第2节-第4节 ,3.0,软件学院,否,,周六,2009-2010-1,,200912511118965,2006软件学院软件工程,0,鼓楼校区,2009-2010学年 第1学期,18965,专用或实验教室,,否,,,,,,0,小型机系统软件,,第2节-第4节,,25111
32.0,400270,多媒体课程实践(20091-25717-1),200912571718952,,1,,46,1-12周,0,葛季栋,1-12周 周五 第5节-第6节 教101,2.0,软件学院,否,,周五,2009-2010-1,,200912571718952,2006软件学院软件工程,0,鼓楼校区,2009-2010学年 第1学期,18952,教101,,否,,,,,,0,多媒体课程实践,1,第5节-第6节,教学楼,25717
32.0,400270,应用集成课程实践(20091-25722-1),200912572220690,,1,,48,1-12周,0,刘嘉,1-12周 周三 第5节-第6节 教101,2.0,软件学院,否,,周三,2009-2010-1,,200912572220690,2006软件学院软件工程,0,鼓楼校区,2009-2010学年 第1学期,20690,教101,,否,,,,,,0,应用集成课程实践,1,第5节-第6节,教学楼,25722
48.0,400310,学习科学与技术(20091-26001-1),200912600120764,,3,,15,"1-18周,1-17周(单)",0,"刘永贵,桑新民","1-17周(单) 周三 第1节-第2节 仙Ⅰ-203,1-18周 周二 第9节-第10节 仙Ⅰ-203",3.0,教育研究院,否,,"周二,周三",2009-2010-1,,200912600120764,"2009匡亚明学院应用文科强化班,2009匡亚明学院理强（数理方向）,2009匡亚明学院理科强化班",0,仙林校区,2009-2010学年 第1学期,20764,"仙Ⅰ-203,仙Ⅰ-203",,否,,,,,,0,学习科学与技术,11,"第9节-第10节,第1节-第2节",仙I区,26001
32.0,400310,教育原理(20091-26005-1),200912600520762,,3,,7,1-18周,0,操太圣,1-18周 周五 第1节-第2节 仙Ⅱ-217,2.0,教育研究院,否,,周五,2009-2010-1,,200912600520762,,0,仙林校区,2009-2010学年 第1学期,20762,仙Ⅱ-217,,否,,,,,,0,教育原理,12,第1节-第2节,仙II区,26005
32.0,400310,课程与教学论(20091-26008-1),200912600818830,,3,,11,4-15周,0,"汪霞,吕林海",4-15周 周三 第5节-第7节 逸C-209,2.0,教育研究院,否,,周三,2009-2010-1,,200912600818830,2007教育研究院教育技术学,0,仙林校区,2009-2010学年 第1学期,18830,逸C-209,,否,,,,,,0,课程与教学论,17,第5节-第7节,逸夫楼C区,26008
16.0,400310,教学系统设计(20091-26009-1),200912600918832,,3,,11,"10-18周,10-18周",0,吕林海,"10-18周 周二 第3节-第4节 逸C-205,10-18周 周二 第5节-第6节 逸C-205",1.0,教育研究院,否,,"周二,周二",2009-2010-1,,200912600918832,2007教育研究院教育技术学,0,仙林校区,2009-2010学年 第1学期,18832,"逸C-205,逸C-205",,否,,,,,,0,教学系统设计,17,"第5节-第6节,第3节-第4节",逸夫楼C区,26009
32.0,400310,教育研究方法概论(20091-26010-1),200912601018828,,1,,20,1-17周,0,张红霞,1-17周 周二 第3节-第4节 教206,2.0,教育研究院,否,,周二,2009-2010-1,,200912601018828,2006教育研究院教育技术学,0,鼓楼校区,2009-2010学年 第1学期,18828,教206,,否,,,,,,0,教育研究方法概论,1,第3节-第4节,教学楼,26010
32.0,400310,认知心理学(20091-26015-1),200912601518833,,3,,18,1-18周,0,孙志凤,1-18周 周一 第5节-第6节 仙Ⅱ-513,2.0,教育研究院,否,,周一,2009-2010-1,,200912601518833,2007教育研究院教育技术学,0,仙林校区,2009-2010学年 第1学期,18833,仙Ⅱ-513,,否,,,,,,0,认知心理学,12,第5节-第6节,仙II区,26015
32.0,400310,人工智能概论(20091-26021-1),200912602118827,,1,,19,1-17周,0,徐芃,1-17周 周三 第3节-第4节 教207,2.0,教育研究院,否,,周三,2009-2010-1,,200912602118827,2006教育研究院教育技术学,0,鼓楼校区,2009-2010学年 第1学期,18827,教207,,否,,,,,,0,人工智能概论,1,第3节-第4节,教学楼,26021
48.0,400240,概率论与数理统计(20091-27003-1),200912700320013,,3,,123,"2-18周(双),1-18周",0,肖条军,"2-18周(双) 周一 第1节-第2节 仙Ⅰ-524,1-18周 周三 第3节-第4节 仙Ⅰ-524",3.0,工程管理学院,否,,"周一,周三",2009-2010-1,,200912700320013,"2008工程管理学院自动化,2008工程管理学院信息工程",0,仙林校区,2009-2010学年 第1学期,20013,"仙Ⅰ-524,仙Ⅰ-524",,否,,,,,,0,概率论与数理统计,11,"第1节-第2节,第3节-第4节",仙I区,27003
32.0,400160,电路分析实验(20091-27004A-2),2009127004A20389,,3,,53,1-17周,0,沈一骑,1-17周 周一 第5节-第8节 ,2.0,电子科学与工程学院,否,,周一,2009-2010-1,,2009127004A20389,"2008工程管理学院自动化,2008工程管理学院信息工程",0,仙林校区,2009-2010学年 第1学期,20389,电子中心实验楼,,否,,,,,,0,电路分析实验,,第5节-第8节,,27004A
32.0,400240,工业心理学(20091-27014-1),200912701420040,,1,,24,1-17周,0,朱华桂,1-17周 周五 第3节-第4节 教316,2.0,工程管理学院,否,,周五,2009-2010-1,,200912701420040,2006工程管理学院工业工程,0,鼓楼校区,2009-2010学年 第1学期,20040,教316,,否,,,,,,0,工业心理学,1,第3节-第4节,教学楼,27014
32.0,400240,工业工程基础(20091-27041-1),200912704120018,,3,,104,1-18周,0,周跃进,1-18周 周三 第1节-第2节 逸B-205,2.0,工程管理学院,否,,周三,2009-2010-1,,200912704120018,2007工程管理学院自动化,0,仙林校区,2009-2010学年 第1学期,20018,逸B-205,,否,,,,,,0,工业工程基础,16,第1节-第2节,逸夫楼B区,27041
64.0,400240,数字信号处理(20091-27045-1),200912704520023,,3,,36,"1-18周,1-18周",0,许国良,"1-18周 周三 第3节-第4节 ,1-18周 周三 第5节-第7节 逸C-204",4.0,工程管理学院,否,,"周三,周三",2009-2010-1,,200912704520023,2007工程管理学院自动化,0,仙林校区,2009-2010学年 第1学期,20023,"学院实验室,逸C-204",,否,,,,,,0,数字信号处理,17,"第3节-第4节,第5节-第7节",逸夫楼C区,27045
32.0,400240,系统工程导论(20091-27046-1),200912704620034,,1,,77,1-17周,0,周献中,1-17周 周三 第5节-第6节 馆1-105,2.0,工程管理学院,否,,周三,2009-2010-1,,200912704620034,"2006工程管理学院自动化,2006工程管理学院工业工程",0,鼓楼校区,2009-2010学年 第1学期,20034,馆1-105,,否,,,,,,0,系统工程导论,8,第5节-第6节,逸夫馆,27046
32.0,400240,高级运筹学(20091-27068-1),200912706820027,,3,,39,1-18周,0,周晶,1-18周 周三 第3节-第4节 ,2.0,工程管理学院,否,,周三,2009-2010-1,,200912706820027,2007工程管理学院工业工程,0,仙林校区,2009-2010学年 第1学期,20027,无,,否,,,,,,0,高级运筹学,,第3节-第4节,,27068
32.0,400240,项目管理(20091-27073-1),200912707320041,,1,,23,1-17周,0,李迁,1-17周 周二 第3节-第4节 教111,2.0,工程管理学院,否,,周二,2009-2010-1,,200912707320041,2006工程管理学院工业工程,0,鼓楼校区,2009-2010学年 第1学期,20041,教111,,否,,,,,,0,项目管理,1,第3节-第4节,教学楼,27073
32.0,400240,工程经济学(20091-27075-1),200912707520028,,3,,39,1-18周,0,程书萍,1-18周 周一 第3节-第4节 ,2.0,工程管理学院,否,,周一,2009-2010-1,,200912707520028,2007工程管理学院工业工程,0,仙林校区,2009-2010学年 第1学期,20028,无,,否,,,,,,0,工程经济学,,第3节-第4节,,27075
16.0,400240,自控原理实验(20091-27084-1),200912708420021,,3,,36,1-18周,0,辛博,1-18周 周五 第5节-第6节 ,1.0,工程管理学院,否,,周五,2009-2010-1,,200912708420021,2007工程管理学院自动化,0,仙林校区,2009-2010学年 第1学期,20021,学院实验室,,否,,,,,,0,自控原理实验,,第5节-第6节,,27084
32.0,400240,金融工程基础(20091-27096-1),200912709620029,,3,,39,1-18周,0,朱洪亮,1-18周 周三 第1节-第2节 ,2.0,工程管理学院,否,,周三,2009-2010-1,,200912709620029,2007工程管理学院工业工程,0,仙林校区,2009-2010学年 第1学期,20029,无,,否,,,,,,0,金融工程基础,,第1节-第2节,,27096
32.0,400240,现代物流装备技术(20091-27097-1),200912709720129,,3,,36,1-18周,0,李民,1-18周 周一 第5节-第6节 ,2.0,工程管理学院,否,,周一,2009-2010-1,,200912709720129,2007工程管理学院工业工程,0,仙林校区,2009-2010学年 第1学期,20129,无,,否,,,,,,0,现代物流装备技术,,第5节-第6节,,27097
32.0,400240,公司金融(20091-27099-1),200912709920030,,3,,38,1-18周,0,陈莹,1-18周 周五 第1节-第2节 仙Ⅱ-316,2.0,工程管理学院,否,,周五,2009-2010-1,,200912709920030,2007工程管理学院工业工程,0,仙林校区,2009-2010学年 第1学期,20030,仙Ⅱ-316,,否,,,,,,0,公司金融,12,第1节-第2节,仙II区,27099
32.0,400240,经济学原理(20091-271010-1),2009127101020009,,3,,71,1-18周,0,李心丹,1-18周 周三 第3节-第4节 仙Ⅰ-203,2.0,工程管理学院,否,,周三,2009-2010-1,,2009127101020009,,0,仙林校区,2009-2010学年 第1学期,20009,仙Ⅰ-203,,否,,,,,,0,经济学原理,11,第3节-第4节,仙I区,271010
48.0,400240,复变函数与积分变换(20091-27102-1),200912710220014,,3,,53,"1-17周(单),1-18周",0,肖条军,"1-18周 周三 第1节-第2节 仙Ⅰ-524,1-17周(单) 周一 第1节-第2节 仙Ⅰ-524",3.0,工程管理学院,否,,"周一,周三",2009-2010-1,,200912710220014,"2008工程管理学院自动化,2008工程管理学院信息工程",0,仙林校区,2009-2010学年 第1学期,20014,"仙Ⅰ-524,仙Ⅰ-524",,否,,,,,,0,复变函数与积分变换,11,"第1节-第2节,第1节-第2节",仙I区,27102
48.0,400240,管理学(20091-271020-1),2009127102020010,,3,,73,1-18周,0,朱华桂,1-18周 周二 第5节-第7节 仙Ⅰ-202,3.0,工程管理学院,否,,周二,2009-2010-1,,2009127102020010,,0,仙林校区,2009-2010学年 第1学期,20010,仙Ⅰ-202,,否,,,,,,0,管理学,11,第5节-第7节,仙I区,271020
32.0,400240,模拟电路实验(20091-27104A-1),2009127104A20016,,3,,53,1-18周,0,徐伟弘,1-18周 周五 第5节-第8节 ,2.0,工程管理学院,否,,周五,2009-2010-1,,2009127104A20016,"2008工程管理学院自动化,2008工程管理学院信息工程",0,仙林校区,2009-2010学年 第1学期,20016,学院实验室,,否,,,,,,0,模拟电路实验,,第5节-第8节,,27104A
48.0,400240,通信技术与通信网络(20091-27108-1),200912710820037,,1,,10,"1-17周,1-17周",0,许国良,"1-17周 周二 第3节-第4节 教106,1-17周 周二 第5节-第6节 ",3.0,工程管理学院,否,,"周二,周二",2009-2010-1,,200912710820037,2006工程管理学院自动化,0,鼓楼校区,2009-2010学年 第1学期,20037,"教106,物流楼410",,否,,,,,,0,通信技术与通信网络,1,"第3节-第4节,第5节-第6节",教学楼,27108
48.0,400240,智能控制与机器人(20091-27109-1),200912710920035,,1,,18,1-17周,0,陈春林,1-17周 周四 第5节-第7节 教311,3.0,工程管理学院,否,,周四,2009-2010-1,,200912710920035,2006工程管理学院自动化,0,鼓楼校区,2009-2010学年 第1学期,20035,教311,,否,,,,,,0,智能控制与机器人,1,第5节-第7节,教学楼,27109
48.0,400240,管理信息系统(20091-27110-1),200912711020033,,1,,77,1-17周,0,陈国华,1-17周 周三 第2节-第4节 馆1-105,3.0,工程管理学院,否,,周三,2009-2010-1,,200912711020033,"2006工程管理学院自动化,2006工程管理学院工业工程",0,鼓楼校区,2009-2010学年 第1学期,20033,馆1-105,,否,,,,,,0,管理信息系统,8,第2节-第4节,逸夫馆,27110
32.0,400240,人工智能导论(20091-27113-1),200912711320036,,1,,15,1-17周,0,杨佩,1-17周 周一 第5节-第6节 教209,2.0,工程管理学院,否,,周一,2009-2010-1,,200912711320036,2006工程管理学院自动化,0,鼓楼校区,2009-2010学年 第1学期,20036,教209,,否,,,,,,0,人工智能导论,1,第5节-第6节,教学楼,27113
48.0,400240,数据通信与计算机网络(20091-27114-1),200912711420025,,3,,36,1-18周,0,陈强,1-18周 周一 第1节-第3节 逸C-205,3.0,工程管理学院,否,,周一,2009-2010-1,,200912711420025,2007工程管理学院自动化,0,仙林校区,2009-2010学年 第1学期,20025,逸C-205,,否,,,,,,0,数据通信与计算机网络,17,第1节-第3节,逸夫楼C区,27114
48.0,400240,微机原理(20091-27115-1),200912711520022,,3,,76,"1-10周,1-10周,1-10周,1-10周",0,焦小澄,"1-10周 周二 第1节-第2节 逸B-303,1-10周 周四 第3节-第8节 ,1-10周 周二 第3节-第8节 ,1-10周 周四 第1节-第2节 逸B-303",3.0,工程管理学院,否,,"周二,周二,周四,周四",2009-2010-1,,200912711520022,"2007工程管理学院自动化,2007工程管理学院工业工程",0,仙林校区,2009-2010学年 第1学期,20022,"逸B-303,学院实验室,逸B-303,学院实验室",,否,,,,,,0,微机原理,16,"第1节-第2节,第3节-第8节,第1节-第2节,第3节-第8节",逸夫楼B区,27115
32.0,400240,需求与库存管理(20091-27116-1),200912711620044,,1,,17,"1-10周,1-10周",0,沈厚才,"1-10周 周二 第1节-第2节 教204,1-10周 周四 第3节-第4节 教211",2.0,工程管理学院,否,,"周二,周四",2009-2010-1,,200912711620044,2006工程管理学院工业工程,0,鼓楼校区,2009-2010学年 第1学期,20044,"教204,教211",,否,,,,,,0,需求与库存管理,1,"第1节-第2节,第3节-第4节",教学楼,27116
32.0,400240,货币银行学(20091-27117-1),200912711720019,,3,,107,1-18周,0,肖斌卿,1-18周 周五 第5节-第7节 逸B-104,2.0,工程管理学院,否,,周五,2009-2010-1,,200912711720019,2007工程管理学院工业工程,0,仙林校区,2009-2010学年 第1学期,20019,逸B-104,,否,,,,,,0,货币银行学,16,第5节-第7节,逸夫楼B区,27117
32.0,400240,结构化金融(20091-27119-1),200912711920043,,1,,27,1-17周,0,刘海飞,1-17周 周一 第5节-第6节 教304,2.0,工程管理学院,否,,周一,2009-2010-1,,200912711920043,2006工程管理学院工业工程,0,鼓楼校区,2009-2010学年 第1学期,20043,教304,,否,,,,,,0,结构化金融,1,第5节-第6节,教学楼,27119
48.0,400240,模拟电路(20091-27120-1),200912712020015,,3,,53,1-18周,0,徐伟弘,1-18周 周二 第5节-第7节 逸B-111,3.0,工程管理学院,否,,周二,2009-2010-1,,200912712020015,"2008工程管理学院自动化,2008工程管理学院信息工程",0,仙林校区,2009-2010学年 第1学期,20015,逸B-111,,否,,,,,,0,模拟电路,16,第5节-第7节,逸夫楼B区,27120
32.0,400240,光电检测技术(20091-27123-1),200912712320038,,1,,7,1-17周,0,徐伟弘,1-17周 周四 第3节-第4节 教106,2.0,工程管理学院,否,,周四,2009-2010-1,,200912712320038,2006工程管理学院自动化,0,鼓楼校区,2009-2010学年 第1学期,20038,教106,,否,,,,,,0,光电检测技术,1,第3节-第4节,教学楼,27123
32.0,400240,金融资产定价(20091-27124-1),200912712420031,,3,,38,1-18周,0,朱洪亮,1-18周 周五 第3节-第4节 仙Ⅱ-316,2.0,工程管理学院,否,,周五,2009-2010-1,,200912712420031,2007工程管理学院工业工程,0,仙林校区,2009-2010学年 第1学期,20031,仙Ⅱ-316,,否,,,,,,0,金融资产定价,12,第3节-第4节,仙II区,27124
32.0,400240,金融计量学(20091-27125-1),200912712520042,,1,,28,1-17周,0,张兵,1-17周 周一 第3节-第4节 教111,2.0,工程管理学院,否,,周一,2009-2010-1,,200912712520042,2006工程管理学院工业工程,0,鼓楼校区,2009-2010学年 第1学期,20042,教111,,否,,,,,,0,金融计量学,1,第3节-第4节,教学楼,27125
16.0,400240,管控一体化综合实验(20091-27137-1),200912713720039,,1,,40,1-4周,0,赵佳宝,1-4周 周五 第1节-第8节 ,1.0,工程管理学院,否,,周五,2009-2010-1,,200912713720039,2006工程管理学院自动化,0,鼓楼校区,2009-2010学年 第1学期,20039,物流楼602,,否,,,,,,0,管控一体化综合实验,,第1节-第8节,,27137
48.0,400240,自动控制原理(20091-27142-1),200912714220020,,3,,36,1-18周,0,陈春林,1-18周 周五 第1节-第3节 逸C-205,3.0,工程管理学院,否,,周五,2009-2010-1,,200912714220020,2007工程管理学院自动化,0,仙林校区,2009-2010学年 第1学期,20020,逸C-205,,否,,,,,,0,自动控制原理,17,第1节-第3节,逸夫楼C区,27142
48.0,400240,微机接口技术(20091-27144-1),200912714420024,,3,,36,"11-18周,11-18周,11-18周,11-18周",0,焦小澄,"11-18周 周二 第1节-第2节 逸B-303,11-18周 周四 第3节-第8节 ,11-18周 周二 第3节-第8节 ,11-18周 周四 第1节-第2节 逸B-303",3.0,工程管理学院,否,,"周二,周二,周四,周四",2009-2010-1,,200912714420024,2007工程管理学院自动化,0,仙林校区,2009-2010学年 第1学期,20024,"逸B-303,未定,逸B-303,未定",,否,,,,,,0,微机接口技术,16,"第1节-第2节,第3节-第8节,第1节-第2节,第3节-第8节",逸夫楼B区,27144
32.0,400240,先进制造系统(20091-27147-1),200912714720026,,3,,39,1-18周,0,周跃进,1-18周 周三 第5节-第6节 ,2.0,工程管理学院,否,,周三,2009-2010-1,,200912714720026,2007工程管理学院工业工程,0,仙林校区,2009-2010学年 第1学期,20026,无,,否,,,,,,0,先进制造系统,,第5节-第6节,,27147
32.0,400240,国际物流与商务(20091-27149-1),200912714920045,,1,,21,1-17周,0,李敬泉,1-17周 周二 第5节-第6节 教304,2.0,工程管理学院,否,,周二,2009-2010-1,,200912714920045,2006工程管理学院工业工程,0,鼓楼校区,2009-2010学年 第1学期,20045,教304,,否,,,,,,0,国际物流与商务,1,第5节-第6节,教学楼,27149
16.0,400240,C++综合设计(20091-27150-1),200912715020728,,3,,53,,0,朱美琳, 自由时间 - ,1.0,工程管理学院,否,,自由时间,2009-2010-1,,200912715020728,"2008工程管理学院自动化,2008工程管理学院信息工程",0,仙林校区,2009-2010学年 第1学期,20728,无,,否,,,,,,0,C++综合设计,,自由时间,,27150
32.0,400240,自动化导论(20091-272010-1),2009127201020011,,3,,66,1-18周,0,周献中,1-18周 周三 第1节-第2节 仙Ⅰ-204,2.0,工程管理学院,否,,周三,2009-2010-1,,2009127201020011,,0,仙林校区,2009-2010学年 第1学期,20011,仙Ⅰ-204,,否,,,,,,0,自动化导论,11,第1节-第2节,仙I区,272010
32.0,400240,工程图学和计算机图学(20091-272020-1),2009127202020012,,3,,66,1-18周,0,路元刚,1-18周 周二 第5节-第6节 仙Ⅰ-101,2.0,工程管理学院,否,,周二,2009-2010-1,,2009127202020012,,0,仙林校区,2009-2010学年 第1学期,20012,仙Ⅰ-101,,否,,,,,,0,工程图学和计算机图学,11,第5节-第6节,仙I区,272020
48.0,400260,现代汉语(上)(20091-280010A-1),20091280010A19486,,3,,28,1-18周,0,徐昌火,1-18周 周四 第5节-第7节 逸B-301,3.0,海外教育学院,否,,周四,2009-2010-1,,20091280010A19486,,0,仙林校区,2009-2010学年 第1学期,19486,逸B-301,,否,,,,,,0,现代汉语(上),16,第5节-第7节,逸夫楼B区,280010A
128.0,400260,中级汉语阅读（上）(20091-28001A-1),2009128001A19424,,1,,16,"1-17周,1-17周,1-17周,1-17周",0,陈佩秋,"1-17周 周三 第1节-第2节 ,1-17周 周二 第3节-第4节 ,1-17周 周一 第3节-第4节 ,1-17周 周五 第1节-第2节 ",8.0,海外教育学院,否,,"周一,周二,周三,周五",2009-2010-1,,2009128001A19424,2009海外教育学院汉语言,0,鼓楼校区,2009-2010学年 第1学期,19424,"曾宪梓楼208,曾宪梓楼208,曾宪梓楼208,曾宪梓楼208",,否,,,,,,0,中级汉语阅读（上）,,"第3节-第4节,第3节-第4节,第1节-第2节,第1节-第2节",,28001A
128.0,400260,中级汉语口语（上）(20091-28002A-1),2009128002A19429,,1,,15,"1-17周,1-17周,1-17周,1-17周",0,敖雪岗,"1-17周 周一 第1节-第2节 ,1-17周 周三 第5节-第6节 ,1-17周 周四 第1节-第2节 ,1-17周 周二 第1节-第2节 ",8.0,海外教育学院,否,,"周一,周二,周三,周四",2009-2010-1,,2009128002A19429,2009海外教育学院汉语言,0,鼓楼校区,2009-2010学年 第1学期,19429,"曾宪梓楼208,曾宪梓楼208,曾宪梓楼208,曾宪梓楼208",,否,,,,,,0,中级汉语口语（上）,,"第1节-第2节,第1节-第2节,第5节-第6节,第1节-第2节",,28002A
64.0,400260,现代汉语语音(20091-28003-1),200912800319432,,1,,15,"1-17周,1-17周",0,封淑珍,"1-17周 周三 第3节-第4节 ,1-17周 周四 第3节-第4节 ",4.0,海外教育学院,否,,"周三,周四",2009-2010-1,,200912800319432,2009海外教育学院汉语言,0,鼓楼校区,2009-2010学年 第1学期,19432,"曾宪梓楼208,曾宪梓楼208",,否,,,,,,0,现代汉语语音,,"第3节-第4节,第3节-第4节",,28003
48.0,400260,中国概况(20091-28004-1),200912800419433,,1,,52,1-17周,0,朱林弟,1-17周 周五 第5节-第7节 ,3.0,海外教育学院,否,,周五,2009-2010-1,,200912800419433,2009海外教育学院汉语言,0,鼓楼校区,2009-2010学年 第1学期,19433,曾宪梓楼307,,否,,,,,,0,中国概况,,第5节-第7节,,28004
32.0,400260,写作（下）(20091-28006B-1),2009128006B19435,,1,,40,1-17周,0,姜丞,1-17周 周一 第5节-第6节 ,2.0,海外教育学院,否,,周一,2009-2010-1,,2009128006B19435,2008海外教育学院汉语言,0,鼓楼校区,2009-2010学年 第1学期,19435,曾宪梓楼326,,否,,,,,,0,写作（下）,,第5节-第6节,,28006B
96.0,400260,高级汉语口语(上)(20091-28007A-1),2009128007A19436,,1,,40,"1-17周,1-17周,1-17周",0,李茉莉,"1-17周 周三 第1节-第2节 ,1-17周 周四 第5节-第6节 ,1-17周 周二 第3节-第4节 ",6.0,海外教育学院,否,,"周二,周三,周四",2009-2010-1,,2009128007A19436,2008海外教育学院汉语言,0,鼓楼校区,2009-2010学年 第1学期,19436,"曾宪梓楼326,曾宪梓楼326,曾宪梓楼326",,否,,,,,,0,高级汉语口语(上),,"第3节-第4节,第1节-第2节,第5节-第6节",,28007A
96.0,400260,高级汉语阅读(上)(20091-28008A-1),2009128008A19437,,1,,40,"1-17周,1-17周,1-17周",0,杨雪丽,"1-17周 周二 第1节-第2节 ,1-17周 周五 第3节-第4节 ,1-17周 周一 第3节-第4节 ",6.0,海外教育学院,否,,"周一,周二,周五",2009-2010-1,,2009128008A19437,2008海外教育学院汉语言,0,鼓楼校区,2009-2010学年 第1学期,19437,"曾宪梓楼326,曾宪梓楼326,曾宪梓楼326",,否,,,,,,0,高级汉语阅读(上),,"第3节-第4节,第1节-第2节,第3节-第4节",,28008A
32.0,400260,古代汉语（上）(20091-28009A-1),2009128009A19438,,1,,40,1-18周,0,杨雪丽,1-18周 周五 第1节-第2节 ,2.0,海外教育学院,否,,周五,2009-2010-1,,2009128009A19438,2008海外教育学院汉语言,0,鼓楼校区,2009-2010学年 第1学期,19438,曾宪梓楼326,,否,,,,,,0,古代汉语（上）,,第1节-第2节,,28009A
32.0,400260,报刊阅读(20091-28010-1),200912801019439,,1,,40,1-17周,0,李茉莉,1-17周 周三 第3节-第4节 ,2.0,海外教育学院,否,,周三,2009-2010-1,,200912801019439,2008海外教育学院汉语言,0,鼓楼校区,2009-2010学年 第1学期,19439,曾宪梓楼326,,否,,,,,,0,报刊阅读,,第3节-第4节,,28010
64.0,400260,贸易汉语(20091-28011-1),200912801119440,,1,,40,"1-18周,1-17周",0,朱文,"1-18周 周一 第1节-第2节 ,1-17周 周四 第3节-第4节 ",4.0,海外教育学院,否,,"周一,周四",2009-2010-1,,200912801119440,2008海外教育学院汉语言,0,鼓楼校区,2009-2010学年 第1学期,19440,"曾宪梓楼326,曾宪梓楼326",,否,,,,,,0,贸易汉语,,"第1节-第2节,第3节-第4节",,28011
32.0,400260,第二外语（下）(20091-28012B-1),2009128012B19443,,1,,22,1-17周,0,杨柳,1-17周 周二 第3节-第4节 ,2.0,海外教育学院,否,,周二,2009-2010-1,,2009128012B19443,2007海外教育学院汉语言,0,鼓楼校区,2009-2010学年 第1学期,19443,曾宪梓楼307,,否,,,,,,0,第二外语（下）,,第3节-第4节,,28012B
64.0,400260,新闻汉语(20091-28015-1),200912801519445,,1,,22,"1-17周,1-17周",0,陈莎,"1-17周 周四 第1节-第2节 ,1-17周 周五 第3节-第4节 ",4.0,海外教育学院,否,,"周四,周五",2009-2010-1,,200912801519445,2007海外教育学院汉语言,0,鼓楼校区,2009-2010学年 第1学期,19445,"曾宪梓楼104,曾宪梓楼104",,否,,,,,,0,新闻汉语,,"第1节-第2节,第3节-第4节",,28015
48.0,400260,汉语词汇与修辞(20091-28016-1),200912801619446,,1,,22,1-17周,0,宫辰,1-17周 周四 第5节-第7节 ,3.0,海外教育学院,否,,周四,2009-2010-1,,200912801619446,2007海外教育学院汉语言,0,鼓楼校区,2009-2010学年 第1学期,19446,曾宪梓楼106,,否,,,,,,0,汉语词汇与修辞,,第5节-第7节,,28016
48.0,400260,中国古代文学(20091-28017-1),200912801719447,,1,,22,1-17周,0,景凯旋,1-17周 周三 第1节-第3节 ,3.0,海外教育学院,否,,周三,2009-2010-1,,200912801719447,2007海外教育学院汉语言,0,鼓楼校区,2009-2010学年 第1学期,19447,曾宪梓楼104,,否,,,,,,0,中国古代文学,,第1节-第3节,,28017
48.0,400260,韩汉翻译（上）(20091-28018A-1),2009128018A19448,,1,,22,1-17周,0,赵莉,1-17周 周一 第5节-第7节 ,3.0,海外教育学院,否,,周一,2009-2010-1,,2009128018A19448,2007海外教育学院汉语言,0,鼓楼校区,2009-2010学年 第1学期,19448,曾宪梓楼104,,否,,,,,,0,韩汉翻译（上）,,第5节-第7节,,28018A
32.0,400260,中文电脑编辑（上）(20091-28019A-1),2009128019A19450,,1,,22,1-17周,0,宫辰,1-17周 周三 第5节-第6节 ,2.0,海外教育学院,否,,周三,2009-2010-1,,2009128019A19450,2007海外教育学院汉语言,0,鼓楼校区,2009-2010学年 第1学期,19450,曾宪梓楼305,,否,,,,,,0,中文电脑编辑（上）,,第5节-第6节,,28019A
32.0,400260,现代汉字学(20091-28020-1),200912802019451,,1,,22,1-17周,0,周同科,1-17周 周二 第1节-第2节 ,2.0,海外教育学院,否,,周二,2009-2010-1,,200912802019451,2007海外教育学院汉语言,0,鼓楼校区,2009-2010学年 第1学期,19451,曾宪梓楼104,,否,,,,,,0,现代汉字学,,第1节-第2节,,28020
96.0,400260,综合高级汉语（下）(20091-28022B-1),2009128022B19458,,1,,31,"1-17周,1-17周,1-17周",0,,"1-17周 周一 第3节-第4节 ,1-17周 周四 第3节-第4节 ,1-17周 周二 第3节-第4节 ",6.0,海外教育学院,否,,"周一,周二,周四",2009-2010-1,,2009128022B19458,2006海外教育学院汉语言,0,鼓楼校区,2009-2010学年 第1学期,19458,"曾宪梓楼104,曾宪梓楼104,曾宪梓楼104",,否,,,,,,0,综合高级汉语（下）,,"第3节-第4节,第3节-第4节,第3节-第4节",,28022B
48.0,400260,中国历史(20091-28024-1),200912802419453,,1,,22,1-17周,0,,1-17周 周一 第1节-第3节 ,3.0,海外教育学院,否,,周一,2009-2010-1,,200912802419453,2007海外教育学院汉语言,0,鼓楼校区,2009-2010学年 第1学期,19453,曾宪梓楼307,,否,,,,,,0,中国历史,,第1节-第3节,,28024
16.0,400260,毕业论文写作讲座(20091-28027-1),200912802719461,,1,,31,,0,,,1.0,海外教育学院,否,,,2009-2010-1,,200912802719461,2006海外教育学院汉语言,0,鼓楼校区,2009-2010学年 第1学期,19461,,,否,,,,,,0,毕业论文写作讲座,,,,28027
48.0,400260,日汉翻译（上）(20091-28033A-1),2009128033A19455,,1,,22,1-17周,0,李茉莉,1-17周 周一 第5节-第7节 ,3.0,海外教育学院,否,,周一,2009-2010-1,,2009128033A19455,2007海外教育学院汉语言,0,鼓楼校区,2009-2010学年 第1学期,19455,曾宪梓楼208,,否,,,,,,0,日汉翻译（上）,,第5节-第7节,,28033A
32.0,400260,古代汉语（上）(20091-28203A-1),2009128203A19481,,3,,29,1-18周,0,杨雪丽,1-18周 周一 第7节-第8节 逸A-212,2.0,海外教育学院,否,,周一,2009-2010-1,,2009128203A19481,2008海外教育学院对外汉语,0,仙林校区,2009-2010学年 第1学期,19481,逸A-212,,否,,,,,,0,古代汉语（上）,15,第7节-第8节,逸夫楼A区,28203A
32.0,400260,对外汉语教学概论(20091-28205-1),200912820519468,,3,,29,1-18周,0,曹贤文,1-18周 周一 第5节-第6节 逸A-213,2.0,海外教育学院,否,,周一,2009-2010-1,,200912820519468,2007海外教育学院对外汉语,0,仙林校区,2009-2010学年 第1学期,19468,逸A-213,,否,,,,,,0,对外汉语教学概论,15,第5节-第6节,逸夫楼A区,28205
48.0,400260,中国古代文学史（上）(20091-28206A-1),2009128206A19480,,3,,29,1-18周,0,景凯旋,1-18周 周四 第5节-第7节 逸A-212,3.0,海外教育学院,否,,周四,2009-2010-1,,2009128206A19480,2008海外教育学院对外汉语,0,仙林校区,2009-2010学年 第1学期,19480,逸A-212,,否,,,,,,0,中国古代文学史（上）,15,第5节-第7节,逸夫楼A区,28206A
32.0,400260,外国文学(20091-28207A-1),2009128207A19469,,3,,30,1-18周,0,齐宏伟,1-18周 周五 第3节-第4节 逸A-212,2.0,海外教育学院,否,,周五,2009-2010-1,,2009128207A19469,2007海外教育学院对外汉语,0,仙林校区,2009-2010学年 第1学期,19469,逸A-212,,否,,,,,,0,外国文学,15,第3节-第4节,逸夫楼A区,28207A
32.0,400260,中国文化通论(20091-28209-1),200912820919470,,3,,29,1-18周,0,敖雪岗,1-18周 周三 第1节-第2节 逸A-212,2.0,海外教育学院,否,,周三,2009-2010-1,,200912820919470,2007海外教育学院对外汉语,0,仙林校区,2009-2010学年 第1学期,19470,逸A-212,,否,,,,,,0,中国文化通论,15,第1节-第2节,逸夫楼A区,28209
32.0,400260,英语听说（三）(20091-28212C-1),2009128212C19478,,3,,29,1-18周,0,"朱茜,周大江",1-18周 周一 第5节-第6节 仙Ⅱ-521,2.0,海外教育学院,否,,周一,2009-2010-1,,2009128212C19478,2008海外教育学院对外汉语,0,仙林校区,2009-2010学年 第1学期,19478,仙Ⅱ-521,,否,,,,,,0,英语听说（三）,12,第5节-第6节,仙II区,28212C
32.0,400260,英语泛读（上）(20091-28213A-1),2009128213A19477,,3,,29,1-18周,0,阮艳,1-18周 周三 第3节-第4节 仙Ⅱ-508,2.0,海外教育学院,否,,周三,2009-2010-1,,2009128213A19477,2008海外教育学院对外汉语,0,仙林校区,2009-2010学年 第1学期,19477,仙Ⅱ-508,,否,,,,,,0,英语泛读（上）,12,第3节-第4节,仙II区,28213A
32.0,400260,跨文化交际学(20091-28218-1),200912821819471,,3,,29,1-18周,0,卢微一,1-18周 周四 第5节-第6节 逸A-213,2.0,海外教育学院,否,,周四,2009-2010-1,,200912821819471,2007海外教育学院对外汉语,0,仙林校区,2009-2010学年 第1学期,19471,逸A-213,,否,,,,,,0,跨文化交际学,15,第5节-第6节,逸夫楼A区,28218
32.0,400260,汉语史(20091-28222-1),200912822219472,,3,,27,1-18周,0,张全真,1-18周 周三 第5节-第6节 逸A-212,2.0,海外教育学院,否,,周三,2009-2010-1,,200912822219472,2007海外教育学院对外汉语,0,仙林校区,2009-2010学年 第1学期,19472,逸A-212,,否,,,,,,0,汉语史,15,第5节-第6节,逸夫楼A区,28222
32.0,400260,中国艺术理论专题(20091-28248-1),200912824819464,,1,,35,1-17周,0,吕浩雪,1-17周 周三 第5节-第6节 ,2.0,海外教育学院,否,,周三,2009-2010-1,,200912824819464,2006海外教育学院对外汉语,0,鼓楼校区,2009-2010学年 第1学期,19464,曾宪梓楼402,,否,,,,,,0,中国艺术理论专题,,第5节-第6节,,28248
32.0,400260,英汉汉英翻译(20091-28249-1),200912824919473,,3,,28,1-18周,0,杨柳,1-18周 周四 第1节-第2节 逸A-212,2.0,海外教育学院,否,,周四,2009-2010-1,,200912824919473,2007海外教育学院对外汉语,0,仙林校区,2009-2010学年 第1学期,19473,逸A-212,,否,,,,,,0,英汉汉英翻译,15,第1节-第2节,逸夫楼A区,28249
32.0,400260,英汉汉英翻译(20091-28249-1),200912824919476,,3,,26,1-18周,0,杨柳,1-18周 周四 第3节-第4节 逸A-212,2.0,海外教育学院,否,,周四,2009-2010-1,,200912824919476,2008海外教育学院对外汉语,0,仙林校区,2009-2010学年 第1学期,19476,逸A-212,,否,,,,,,0,英汉汉英翻译,15,第3节-第4节,逸夫楼A区,28249
32.0,400260,高级英语听说(20091-28252-1),200912825219474,,3,,27,1-18周,0,"汪天源,谢青",1-18周 周一 第7节-第8节 逸B-209,2.0,海外教育学院,否,,周一,2009-2010-1,,200912825219474,2007海外教育学院对外汉语,0,仙林校区,2009-2010学年 第1学期,19474,逸B-209,,否,,,,,,0,高级英语听说,16,第7节-第8节,逸夫楼B区,28252
32.0,400260,二外日语（下）(20091-28255B-1),2009128255B19466,,1,,22,1-17周,0,李茉莉,1-17周 周四 第3节-第4节 ,2.0,海外教育学院,否,,周四,2009-2010-1,,2009128255B19466,2006海外教育学院对外汉语,0,鼓楼校区,2009-2010学年 第1学期,19466,曾宪梓楼307,,否,,,,,,0,二外日语（下）,,第3节-第4节,,28255B
32.0,400260,二外日语（下）(20091-28255B-1),2009128255B19475,,3,,17,1-18周,0,姜丞,1-18周 周三 第3节-第4节 逸A-213,2.0,海外教育学院,否,,周三,2009-2010-1,,2009128255B19475,2007海外教育学院对外汉语,0,仙林校区,2009-2010学年 第1学期,19475,逸A-213,,否,,,,,,0,二外日语（下）,15,第3节-第4节,逸夫楼A区,28255B
32.0,400260,对外汉语教学实践与理论(20091-28270-1),200912827021241,,1,,29,1-17周,0,郭茜,1-17周 周二 第3节-第4节 ,2.0,海外教育学院,否,,周二,2009-2010-1,,200912827021241,2006海外教育学院对外汉语,0,鼓楼校区,2009-2010学年 第1学期,21241,曾宪梓楼106,,否,,,,,,0,对外汉语教学实践与理论,,第3节-第4节,,28270
32.0,400280,建筑认知与建筑制图（一）(20091-29002A-1),2009129002A18588,,3,,38,1-18周,0,"刘铨,丁沃沃",1-18周 周五 第5节-第8节 ,2.0,建筑与城市规划学院,否,,周五,2009-2010-1,,2009129002A18588,2008建筑与城市规划学院建筑学,0,仙林校区,2009-2010学年 第1学期,18588,二食堂二楼,,否,,,,,,0,建筑认知与建筑制图（一）,,第5节-第8节,,29002A
32.0,400280,建筑导论(20091-29003-1),200912900318589,,3,,39,1-18周,0,"吴蔚,丁沃沃,吉国华,冯金龙,周凌,傅筱,张雷,肖红颜,胡恒,赵辰",1-18周 周二 第5节-第6节 仙Ⅱ-422,2.0,建筑与城市规划学院,否,,周二,2009-2010-1,,200912900318589,2008建筑与城市规划学院建筑学,0,仙林校区,2009-2010学年 第1学期,18589,仙Ⅱ-422,,否,,,,,,0,建筑导论,12,第5节-第6节,仙II区,29003
32.0,400280,中国建筑史（近现代）(20091-29005-1),200912900518903,,1,,33,6-17周,0,"吉国华,赵辰,胡恒",6-17周 周四 第3节-第4节 馆2-206,2.0,建筑与城市规划学院,否,,周四,2009-2010-1,,200912900518903,2007建筑与城市规划学院建筑学,0,鼓楼校区,2009-2010学年 第1学期,18903,馆2-206,,否,,,,,,0,中国建筑史（近现代）,8,第3节-第4节,逸夫馆,29005
32.0,400280,外国建筑史（古代）(20091-29006-1),200912900618590,,3,,40,1-18周,0,胡恒,1-18周 周三 第3节-第4节 仙Ⅱ-422,2.0,建筑与城市规划学院,否,,周三,2009-2010-1,,200912900618590,2008建筑与城市规划学院建筑学,0,仙林校区,2009-2010学年 第1学期,18590,仙Ⅱ-422,,否,,,,,,0,外国建筑史[古代],12,第3节-第4节,仙II区,29006
32.0,400280,外国建筑史（当代）(20091-29007-1),200912900718917,,1,,33,1-17周,0,胡恒,1-17周 周四 第5节-第6节 馆1-202,2.0,建筑与城市规划学院,否,,周四,2009-2010-1,,200912900718917,2007建筑与城市规划学院建筑学,0,鼓楼校区,2009-2010学年 第1学期,18917,馆1-202,,否,,,,,,0,外国建筑史（当代）,8,第5节-第6节,逸夫馆,29007
32.0,400280,建筑设计基础(20091-29008-1),200912900818906,,1,,33,1-17周,0,周凌,1-17周 周二 第1节-第2节 馆1-202,2.0,建筑与城市规划学院,否,,周二,2009-2010-1,,200912900818906,2007建筑与城市规划学院建筑学,0,鼓楼校区,2009-2010学年 第1学期,18906,馆1-202,,否,,,,,,0,建筑设计基础原理,8,第1节-第2节,逸夫馆,29008
32.0,400280,CAAD理论与实践(20091-29009-1),200912900918921,,3,,71,1-18周,0,童滋雨,1-18周 周一 第5节-第6节 仙Ⅰ-203,2.0,建筑与城市规划学院,否,,周一,2009-2010-1,,200912900918921,"2007建筑与城市规划学院建筑学,2008建筑与城市规划学院建筑学",0,仙林校区,2009-2010学年 第1学期,18921,仙Ⅰ-203,,否,,,,,,0,CAAD理论与实践,11,第5节-第6节,仙I区,29009
64.0,400280,建筑设计（一）——单体设计(20091-29010-1),200912901018911,,1,,33,"1-9周,1-9周",0,"华晓宁,周凌,童滋雨","1-9周 周二 第3节-第8节 ,1-9周 周三 第3节-第8节 ",4.0,建筑与城市规划学院,否,,"周二,周三",2009-2010-1,,200912901018911,2007建筑与城市规划学院建筑学,0,鼓楼校区,2009-2010学年 第1学期,18911,"费彝民楼102,费彝民楼102",,否,,,,,,0,建筑设计（一）,,"第3节-第8节,第3节-第8节",,29010
64.0,400280,建筑设计（二）——组合体设计(20091-29011-1),200912901118924,,1,,33,"10-17周,10-17周",0,"周凌,华晓宁,童滋雨","10-17周 周二 第3节-第8节 ,10-17周 周三 第3节-第8节 ",4.0,建筑与城市规划学院,否,,"周二,周三",2009-2010-1,,200912901118924,2007建筑与城市规划学院建筑学,0,鼓楼校区,2009-2010学年 第1学期,18924,"费彝民楼102,费彝民楼102",,否,,,,,,0,建筑设计（二）,,"第3节-第8节,第3节-第8节",,29011
32.0,400280,建筑技术（一）——结构、构造、施工(20091-29012-1),200912901218908,,1,,33,1-17周,0,傅筱,1-17周 周三 第1节-第2节 ,2.0,建筑与城市规划学院,否,,周三,2009-2010-1,,200912901218908,2007建筑与城市规划学院建筑学,0,鼓楼校区,2009-2010学年 第1学期,18908,费彝民楼102,,否,,,,,,0,建筑技术（一）,,第1节-第2节,,29012
32.0,400280,古建筑测绘(20091-29060A-1),2009129060A19158,,3,,32,,0,肖红颜, 自由时间 - ,2.0,建筑与城市规划学院,否,,自由时间,2009-2010-1,,2009129060A19158,2007建筑与城市规划学院建筑学,0,仙林校区,2009-2010学年 第1学期,19158,无,,否,,,,,,0,古建筑测绘,,自由时间,,29060A
32.0,400280,视觉设计（一）(20091-291010A-1),20091291010A21255,,1,,34,1-17周,0,邬烈炎,1-17周 周五 第5节-第8节 ,2.0,建筑与城市规划学院,否,,周五,2009-2010-1,,20091291010A21255,,0,鼓楼校区,2009-2010学年 第1学期,21255,南艺设计教室,,否,,,,,,0,设计基础（一）,,第5节-第8节,,291010A
48.0,000000,微观经济学(1班),200913400221494,,3,,309,1-17周,0,微观教师,1-17周 周六 第2节-第4节 ,3.0,公共课程,否,,周六,2009-2010-1,,200913400221494,,0,仙林校区,2009-2010学年 第1学期,21494,无,,否,,,,,,0,微观经济学,,第2节-第4节,,34002
48.0,000000,微观经济学(2班),200913400221495,,3,,254,1-17周,0,微观教师,1-17周 周六 第5节-第7节 ,3.0,公共课程,否,,周六,2009-2010-1,,200913400221495,,0,仙林校区,2009-2010学年 第1学期,21495,无,,否,,,,,,0,微观经济学,,第5节-第7节,,34002
48.0,000000,宏观经济学(1班),200913400321496,,3,,316,1-17周,0,宏观教师,1-17周 周六 第5节-第7节 ,3.0,公共课程,否,,周六,2009-2010-1,,200913400321496,,0,仙林校区,2009-2010学年 第1学期,21496,无,,否,,,,,,0,宏观经济学,,第5节-第7节,,34003
48.0,000000,宏观经济学(2班),200913400321497,,3,,257,1-17周,0,宏观教师,1-17周 周六 第1节-第3节 ,3.0,公共课程,否,,周六,2009-2010-1,,200913400321497,,0,仙林校区,2009-2010学年 第1学期,21497,无,,否,,,,,,0,宏观经济学,,第1节-第3节,,34003
48.0,000000,保险学(1班),200913400421498,,3,,308,1-17周,0,保险学教师,1-17周 周日 第1节-第3节 ,3.0,公共课程,否,,周日,2009-2010-1,,200913400421498,,0,仙林校区,2009-2010学年 第1学期,21498,无,,否,,,,,,0,保险学,,第1节-第3节,,34004
48.0,000000,保险学(2班),200913400421499,,3,,254,1-17周,0,保险学教师,1-17周 周日 第5节-第7节 ,3.0,公共课程,否,,周日,2009-2010-1,,200913400421499,,0,仙林校区,2009-2010学年 第1学期,21499,无,,否,,,,,,0,保险学,,第5节-第7节,,34004
48.0,000000,国际结算(1班),200913412121500,,3,,309,1-17周,0,国际结算教师,1-17周 周日 第5节-第7节 ,3.0,公共课程,否,,周日,2009-2010-1,,200913412121500,,0,仙林校区,2009-2010学年 第1学期,21500,无,,否,,,,,,0,国际结算,,第5节-第7节,,34121
48.0,000000,国际结算(2班),200913412121501,,3,,256,1-17周,0,国际结算教师,1-17周 周日 第1节-第3节 ,3.0,公共课程,否,,周日,2009-2010-1,,200913412121501,,0,仙林校区,2009-2010学年 第1学期,21501,无,,否,,,,,,0,国际结算,,第1节-第3节,,34121
48.0,000000,法学基础理论(20091-34201-1),200913420121509,,3,,151,1-17周,0,民法学教师,1-17周 周六 第1节-第3节 ,3.0,公共课程,否,,周六,2009-2010-1,,200913420121509,,0,仙林校区,2009-2010学年 第1学期,21509,无,,否,,,,,,0,法学基础理论,,第1节-第3节,,34201
80.0,000000,民法学(20091-34202-1),200913420221510,,3,,151,1-17周,0,婚姻法学教师,1-17周 周六 第5节-第8节 ,5.0,公共课程,否,,周六,2009-2010-1,,200913420221510,,0,仙林校区,2009-2010学年 第1学期,21510,无,,否,,,,,,0,民法学,,第5节-第8节,,34202
32.0,000000,婚姻法学(20091-34203-1),200913420321511,,3,,151,1-17周,0,马夕钰,1-17周 周日 第2节-第3节 ,2.0,公共课程,否,,周日,2009-2010-1,,200913420321511,,0,仙林校区,2009-2010学年 第1学期,21511,无,,否,,,,,,0,婚姻法学,,第2节-第3节,,34203
32.0,000000,经济法学(20091-34206-1),200913420621512,,3,,161,1-17周,0,许菁,1-17周 周日 第5节-第6节 ,2.0,公共课程,否,,周日,2009-2010-1,,200913420621512,,0,仙林校区,2009-2010学年 第1学期,21512,无,,否,,,,,,0,经济法学,,第5节-第6节,,34206
48.0,000000,管理学(20091-34301-1),200913430121502,,3,,153,1-17周,0,管理系统教师,1-17周 周六 第1节-第3节 ,3.0,公共课程,否,,周六,2009-2010-1,,200913430121502,,0,仙林校区,2009-2010学年 第1学期,21502,无,,否,,,,,,0,管理学,,第1节-第3节,,34301
64.0,000000,公共行政学(20091-34302-1),200913430221504,,3,,149,1-17周,0,范春辉,1-17周 周六 第5节-第8节 ,4.0,公共课程,否,,周六,2009-2010-1,,200913430221504,,0,仙林校区,2009-2010学年 第1学期,21504,II-206,,否,,,,,,0,公共行政学,,第5节-第8节,,34302
32.0,000000,组织理论(20091-34303-1),200913430321506,,3,,154,1-17周,0,丁蕖,1-17周 周日 第1节-第3节 ,2.0,公共课程,否,,周日,2009-2010-1,,200913430321506,,0,仙林校区,2009-2010学年 第1学期,21506,II-206,,否,,,,,,0,组织理论,,第1节-第3节,,34303
48.0,000000,管理经济学(20091-34312-1),200913431221508,,3,,149,1-17周,0,吴恺,1-17周 周一 第1节-第2节 ,3.0,公共课程,否,,周一,2009-2010-1,,200913431221508,,0,仙林校区,2009-2010学年 第1学期,21508,II-206,,否,,,,,,0,管理经济学,,第1节-第2节,,34312
32.0,000000,欧美传播思想简史(20091-370010-1),2009137001021352,,3,,98,4-18周,0,胡翼青,4-18周 周三 第7节-第8节 仙Ⅱ-503,2.0,公共课程,否,,周三,2009-2010-1,,2009137001021352,,0,仙林校区,2009-2010学年 第1学期,21352,仙Ⅱ-503,,否,,,,,,0,欧美传播思想简史,12,第7节-第8节,仙II区,370010
32.0,000000,世界古代文明(20091-370020-1),2009137002021338,,3,,198,4-18周,0,陈仲丹,4-18周 周四 第9节-第10节 仙Ⅰ-320,2.0,公共课程,否,,周四,2009-2010-1,,2009137002021338,,0,仙林校区,2009-2010学年 第1学期,21338,仙Ⅰ-320,,否,,,,,,0,世界古代文明,11,第9节-第10节,仙I区,370020
32.0,000000,中国文献学(20091-370030-1),2009137003021339,,3,,97,4-18周,0,郑建明,4-18周 周一 第9节-第10节 仙Ⅱ-304,2.0,公共课程,否,,周一,2009-2010-1,,2009137003021339,,0,仙林校区,2009-2010学年 第1学期,21339,仙Ⅱ-304,,否,,,,,,0,中国文献学,12,第9节-第10节,仙II区,370030
32.0,000000,日本经济与文化(20091-370040-1),2009137004021340,,3,,188,4-18周,0,戴维周,4-18周 周四 第9节-第10节 图书馆127,2.0,公共课程,否,,周四,2009-2010-1,,2009137004021340,,0,仙林校区,2009-2010学年 第1学期,21340,图书馆127,,否,,,,,,0,日本经济与文化,18,第9节-第10节,图书馆,370040
32.0,000000,生命的奥秘(20091-370050-1),2009137005021341,,3,,194,4-18周,0,陈建秀,4-18周 周三 第9节-第10节 仙Ⅰ-320,2.0,公共课程,否,,周三,2009-2010-1,,2009137005021341,,0,仙林校区,2009-2010学年 第1学期,21341,仙Ⅰ-320,,否,,,,,,0,生命的奥秘,11,第9节-第10节,仙I区,370050
32.0,000000,生命、生存与生活辅导(20091-370060-1),2009137006021353,,3,,195,4-18周,0,桑志芹,4-18周 周四 第9节-第10节 仙Ⅱ-122,2.0,公共课程,否,,周四,2009-2010-1,,2009137006021353,,0,仙林校区,2009-2010学年 第1学期,21353,仙Ⅱ-122,,否,,,,,,0,生命、生存与生活辅导,12,第9节-第10节,仙II区,370060
32.0,000000,艺术原理与艺术经典(20091-370070-1),2009137007021354,,3,,199,4-18周,0,康尔,4-18周 周三 第9节-第10节 仙Ⅱ-122,2.0,公共课程,否,,周三,2009-2010-1,,2009137007021354,,0,仙林校区,2009-2010学年 第1学期,21354,仙Ⅱ-122,,否,,,,,,0,艺术原理与艺术经典,12,第9节-第10节,仙II区,370070
32.0,000000,音乐艺术与审美(20091-370080-1),2009137008021355,,3,,192,4-18周,0,张静波,4-18周 周一 第9节-第10节 仙Ⅰ-319,2.0,公共课程,否,,周一,2009-2010-1,,2009137008021355,,0,仙林校区,2009-2010学年 第1学期,21355,仙Ⅰ-319,,否,,,,,,0,音乐艺术与审美,11,第9节-第10节,仙I区,370080
32.0,000000,中华人民共和国外交史(20091-370090-1),2009137009021345,,3,,199,4-18周,0,计秋枫,4-18周 周四 第9节-第10节 仙Ⅰ-319,2.0,公共课程,否,,周四,2009-2010-1,,2009137009021345,,0,仙林校区,2009-2010学年 第1学期,21345,仙Ⅰ-319,,否,,,,,,0,中华人民共和国外交史,11,第9节-第10节,仙I区,370090
32.0,000000,环境与社会(20091-370100-1),2009137010021346,,3,,198,4-18周,0,张玉林,4-18周 周四 第9节-第10节 仙Ⅰ-106,2.0,公共课程,否,,周四,2009-2010-1,,2009137010021346,,0,仙林校区,2009-2010学年 第1学期,21346,仙Ⅰ-106,,否,,,,,,0,环境与社会,11,第9节-第10节,仙I区,370100
32.0,000000,逻辑与论辩(20091-370110-1),2009137011021349,,3,,133,4-18周,0,王克喜,4-18周 周二 第7节-第8节 仙Ⅰ-524,2.0,公共课程,否,,周二,2009-2010-1,,2009137011021349,,0,仙林校区,2009-2010学年 第1学期,21349,仙Ⅰ-524,,否,,,,,,0,逻辑与论辩,11,第7节-第8节,仙I区,370110
48.0,000000,学习文化与大学精神(20102-370310-1),2009137031042751,,3,,0,1-17周,0,桑新民,1-17周 自由时间 - ,3.0,公共课程,否,,自由时间,2009-2010-1,,2009137031042751,,0,仙林校区,2009-2010学年 第1学期,42751,无,,否,,,,,,0,学习文化与大学精神,,自由时间,,370310
64.0,400330,综合英语(20091-410010A-1),20091410010A21260,,3,,32,"4-18周,1-18周",0,刘骎,"1-18周 周四 第3节-第4节 ,4-18周 周二 第3节-第4节 ",4.0,大学外语部,否,,"周二,周四",2009-2010-1,,20091410010A21260,2009匡亚明学院应用文科强化班,0,仙林校区,2009-2010学年 第1学期,21260,"无,无",,否,,,,,,0,综合英语（一）,,"第3节-第4节,第3节-第4节",,410010A
64.0,400330,综合英语(20091-410010A-2),20091410010A21280,,3,,28,"4-18周,4-18周",0,刘骎,"4-18周 周二 第1节-第2节 仙Ⅱ-115,4-18周 周四 第1节-第2节 仙Ⅱ-115",4.0,大学外语部,否,,"周二,周四",2009-2010-1,,20091410010A21280,,0,仙林校区,2009-2010学年 第1学期,21280,"仙Ⅱ-115,仙Ⅱ-115",,否,,,,,,0,综合英语（一）,12,"第1节-第2节,第1节-第2节",仙II区,410010A
0.0,400330,综合英语（三）(20091-41001C-1),2009141001C20693,,3,,30,"1-18周,1-18周",0,夏珺,"1-18周 周一 第3节-第4节 仙Ⅱ-514,1-18周 周三 第3节-第4节 仙Ⅱ-514",0.0,大学外语部,否,,"周一,周三",2009-2010-1,,2009141001C20693,2008匡亚明学院应用文科强化班,0,仙林校区,2009-2010学年 第1学期,20693,"仙Ⅱ-514,仙Ⅱ-514",,否,,,,,,0,综合英语（三）,12,"第3节-第4节,第3节-第4节",仙II区,41001C
0.0,400330,英语视听(20091-410020A-2),20091410020A21263,,3,,32,4-18周,0,戚焱,4-18周 周三 第5节-第6节 ,0.0,大学外语部,否,,周三,2009-2010-1,,20091410020A21263,2009匡亚明学院应用文科强化班,0,仙林校区,2009-2010学年 第1学期,21263,无,,否,,,,,,0,英语视听（一）,,第5节-第6节,,410020A
0.0,400330,英语视听(20091-410020A-2),20091410020A21281,,3,,28,4-18周,0,戚焱,4-18周 周三 第3节-第4节 逸B-210,0.0,大学外语部,否,,周三,2009-2010-1,,20091410020A21281,,0,仙林校区,2009-2010学年 第1学期,21281,逸B-210,,否,,,,,,0,英语视听（一）,16,第3节-第4节,逸夫楼B区,410020A
0.0,400330,英语视听（三）(20091-41002C-1),2009141002C20694,,3,,30,1-18周,0,戚焱,1-18周 周四 第3节-第4节 ,0.0,大学外语部,否,,周四,2009-2010-1,,2009141002C20694,2008匡亚明学院应用文科强化班,0,仙林校区,2009-2010学年 第1学期,20694,无,,否,,,,,,0,英语视听（三）,,第3节-第4节,,41002C
0.0,400330,英语口语（1）(20091-410030A-1),20091410030A20701,,3,,32,1-18周,0,外教,1-18周 周一 第3节-第4节 仙Ⅰ-113,0.0,大学外语部,否,,周一,2009-2010-1,,20091410030A20701,2009匡亚明学院应用文科强化班,0,仙林校区,2009-2010学年 第1学期,20701,仙Ⅰ-113,,否,,,,,,0,英语口语（一）,11,第3节-第4节,仙I区,410030A
0.0,400330,英语口语（1）(20091-410030A-2),20091410030A20733,,3,,28,1-18周,0,外教,1-18周 周一 第5节-第6节 仙Ⅰ-112,0.0,大学外语部,否,,周一,2009-2010-1,,20091410030A20733,,0,仙林校区,2009-2010学年 第1学期,20733,仙Ⅰ-112,,否,,,,,,0,英语口语（一）,11,第5节-第6节,仙I区,410030A
0.0,400330,英语口语（1）(20091-410030A-3),20091410030A21282,,3,,0,,0,,,0.0,大学外语部,否,,,2009-2010-1,,20091410030A21282,,0,仙林校区,2009-2010学年 第1学期,21282,,,否,,,,,,0,英语口语（一）,,,,410030A
0.0,400330,英语口语（三）(20091-41003C-1),2009141003C20695,,3,,30,1-18周,0,外教,1-18周 周二 第1节-第2节 仙Ⅰ-111,0.0,大学外语部,否,,周二,2009-2010-1,,2009141003C20695,2008匡亚明学院应用文科强化班,0,仙林校区,2009-2010学年 第1学期,20695,仙Ⅰ-111,,否,,,,,,0,英语口语（三）,11,第1节-第2节,仙I区,41003C
0.0,400330,英语写作(20091-410040A-1),20091410040A21265,,3,,32,4-18周,0,张沂昀,4-18周 周二 第7节-第8节 逸C-204,0.0,大学外语部,否,,周二,2009-2010-1,,20091410040A21265,2009匡亚明学院应用文科强化班,0,仙林校区,2009-2010学年 第1学期,21265,逸C-204,,否,,,,,,0,英语基础写作（一）,17,第7节-第8节,逸夫楼C区,410040A
0.0,400330,英语写作(20091-410040A-2),20091410040A21283,,3,,28,4-18周,0,张沂昀,4-18周 周二 第5节-第6节 逸B-301,0.0,大学外语部,否,,周二,2009-2010-1,,20091410040A21283,,0,仙林校区,2009-2010学年 第1学期,21283,逸B-301,,否,,,,,,0,英语基础写作（一）,16,第5节-第6节,逸夫楼B区,410040A
0.0,400330,英语历史与文化(20091-41005-1),200914100520697,,3,,30,1-18周,0,外教,1-18周 周四 第1节-第2节 仙Ⅱ-508,0.0,大学外语部,否,,周四,2009-2010-1,,200914100520697,2008匡亚明学院应用文科强化班,0,仙林校区,2009-2010学年 第1学期,20697,仙Ⅱ-508,,否,,,,,,0,英语历史与文化,12,第1节-第2节,仙II区,41005
0.0,400330,英语中级写作（一）(20091-41006A-1),2009141006A20696,,3,,32,1-18周,0,李寄,1-18周 周二 第9节-第10节 仙Ⅱ-216,0.0,大学外语部,否,,周二,2009-2010-1,,2009141006A20696,2008匡亚明学院应用文科强化班,0,仙林校区,2009-2010学年 第1学期,20696,仙Ⅱ-216,,否,,,,,,0,英语中级写作（一）,12,第9节-第10节,仙II区,41006A
,400330,学术英语写作(20091-41007A-1),2009141007A20715,,3,,20,1-18周,0,,1-18周 周三 第9节-第10节 仙Ⅱ-512,,大学外语部,否,,周三,2009-2010-1,,2009141007A20715,2007匡亚明学院应用文科强化班,0,仙林校区,2009-2010学年 第1学期,20715,仙Ⅱ-512,,否,,,,,,0,,12,第9节-第10节,仙II区,41007A
64.0,400330,体验英语(20091-410110A-1),20091410110A20214,,3,,38,"1-18周,1-18周",0,冯晓佳,"1-18周 周二 第1节-第2节 仙Ⅱ-517,1-18周 周四 第1节-第2节 仙Ⅱ-517",4.0,大学外语部,否,,"周二,周四",2009-2010-1,,20091410110A20214,2009新闻传播学院新闻学（运动员班）,0,仙林校区,2009-2010学年 第1学期,20214,"仙Ⅱ-517,仙Ⅱ-517",,否,,,,,,0,体验英语,12,"第1节-第2节,第1节-第2节",仙II区,410110A
64.0,400330,体验英语(20091-410110A-2),20091410110A20689,,3,,18,"1-18周,5-18周",0,余芳,"1-18周 周二 第1节-第2节 ,5-18周 周四 第9节-第10节 ",4.0,大学外语部,否,,"周二,周四",2009-2010-1,,20091410110A20689,,0,仙林校区,2009-2010学年 第1学期,20689,"无,无",,否,,,,,,0,体验英语,,"第1节-第2节,第9节-第10节",,410110A
,200090,现代中药分析,200914301360221144,,1,,0,1-18周,0,,1-18周 周四 第5节-第6节 馆1-103,,研究生院,否,,周四,2009-2010-1,,200914301360221144,,0,鼓楼校区,2009-2010学年 第1学期,21144,馆1-103,,否,,,,,,0,,8,第5节-第6节,逸夫馆,43013602
,200090,分子生物技术,20091430136C0121143,,1,,0,1-18周,0,,1-18周 周二 第3节-第4节 教303,,研究生院,否,,周二,2009-2010-1,,20091430136C0121143,,0,鼓楼校区,2009-2010学年 第1学期,21143,教303,,否,,,,,,0,,1,第3节-第4节,教学楼,430136C01
,200090,普通生物学,20091430136D0121145,,1,,0,1-18周,0,,1-18周 周三 第2节-第4节 教318,,研究生院,否,,周三,2009-2010-1,,20091430136D0121145,,0,鼓楼校区,2009-2010学年 第1学期,21145,教318,,否,,,,,,0,,1,第2节-第4节,教学楼,430136D01
32.0,400450,英语演说与辩论入门(20091-500060-1),2009150006020776,,3,,31,1-18周,0,Damien Waltisperger,1-18周 周三 第7节-第8节 仙Ⅱ-307,2.0,国际学院,否,,周三,2009-2010-1,,2009150006020776,,0,仙林校区,2009-2010学年 第1学期,20776,仙Ⅱ-307,,否,,,,,,0,英语演说与辩论入门,12,第7节-第8节,仙II区,500060
32.0,400450,美国法律制度概况(20091-500070-1),2009150007020777,,3,,31,1-18周,0,Weston J.white,1-18周 周四 第7节-第8节 仙Ⅱ-310,2.0,国际学院,否,,周四,2009-2010-1,,2009150007020777,,0,仙林校区,2009-2010学年 第1学期,20777,仙Ⅱ-310,,否,,,,,,0,美国法律制度概况,12,第7节-第8节,仙II区,500070
32.0,400450,美国历史与文化（上）(20091-500080A-1),20091500080A20778,,3,,30,1-18周,0,Becky Mitchell,1-18周 周二 第7节-第8节 仙Ⅱ-307,2.0,国际学院,否,,周二,2009-2010-1,,20091500080A20778,,0,仙林校区,2009-2010学年 第1学期,20778,仙Ⅱ-307,,否,,,,,,0,美国历史与文化（上）,12,第7节-第8节,仙II区,500080A
16.0,900010,篮球（1）,2009159012C20326,,2,,0,1-18周,0,体育教师,1-18周 周一 第1节-第2节 ,1.0,金陵学院,否,,周一,2009-2010-1,,2009159012C20326,,0,浦口校区,2009-2010学年 第1学期,20326,无,,否,,,,,,0,体育(三),,第1节-第2节,,59012C
16.0,900010,篮球（2）,2009159012C20329,,2,,0,1-18周,0,体育教师,1-18周 周一 第1节-第2节 ,1.0,金陵学院,否,,周一,2009-2010-1,,2009159012C20329,,0,浦口校区,2009-2010学年 第1学期,20329,无,,否,,,,,,0,体育(三),,第1节-第2节,,59012C
16.0,900010,足球（1）,2009159012C20330,,2,,0,1-18周,0,体育教师,1-18周 周一 第1节-第2节 ,1.0,金陵学院,否,,周一,2009-2010-1,,2009159012C20330,,0,浦口校区,2009-2010学年 第1学期,20330,无,,否,,,,,,0,体育(三),,第1节-第2节,,59012C
16.0,900010,羽毛球（1）,2009159012C20331,,2,,0,1-18周,0,体育教师,1-18周 周一 第1节-第2节 ,1.0,金陵学院,否,,周一,2009-2010-1,,2009159012C20331,,0,浦口校区,2009-2010学年 第1学期,20331,无,,否,,,,,,0,体育(三),,第1节-第2节,,59012C
16.0,900010,羽毛球（2）,2009159012C20332,,2,,0,1-18周,0,体育教师,1-18周 周一 第1节-第2节 ,1.0,金陵学院,否,,周一,2009-2010-1,,2009159012C20332,,0,浦口校区,2009-2010学年 第1学期,20332,无,,否,,,,,,0,体育(三),,第1节-第2节,,59012C
16.0,900010,排球（1）,2009159012C20333,,2,,0,1-18周,0,体育教师,1-18周 周一 第1节-第2节 ,1.0,金陵学院,否,,周一,2009-2010-1,,2009159012C20333,,0,浦口校区,2009-2010学年 第1学期,20333,无,,否,,,,,,0,体育(三),,第1节-第2节,,59012C
16.0,900010,乒乓球（1）,2009159012C20334,,2,,0,1-18周,0,体育教师,1-18周 周一 第1节-第2节 ,1.0,金陵学院,否,,周一,2009-2010-1,,2009159012C20334,,0,浦口校区,2009-2010学年 第1学期,20334,无,,否,,,,,,0,体育(三),,第1节-第2节,,59012C
16.0,900010,武术（1）,2009159012C20335,,2,,0,1-18周,0,体育教师,1-18周 周一 第1节-第2节 ,1.0,金陵学院,否,,周一,2009-2010-1,,2009159012C20335,,0,浦口校区,2009-2010学年 第1学期,20335,无,,否,,,,,,0,体育(三),,第1节-第2节,,59012C
16.0,900010,健美操（1）,2009159012C20336,,2,,0,1-18周,0,体育教师,1-18周 周一 第1节-第2节 ,1.0,金陵学院,否,,周一,2009-2010-1,,2009159012C20336,,0,浦口校区,2009-2010学年 第1学期,20336,无,,否,,,,,,0,体育(三),,第1节-第2节,,59012C
16.0,900010,乒乓球（2）,2009159012C20337,,2,,0,1-18周,0,体育教师,1-18周 周一 第1节-第2节 ,1.0,金陵学院,否,,周一,2009-2010-1,,2009159012C20337,,0,浦口校区,2009-2010学年 第1学期,20337,无,,否,,,,,,0,体育(三),,第1节-第2节,,59012C
16.0,900010,篮球（3）,2009159012C20342,,2,,0,1-18周,0,体育教师,1-18周 周一 第3节-第4节 ,1.0,金陵学院,否,,周一,2009-2010-1,,2009159012C20342,,0,浦口校区,2009-2010学年 第1学期,20342,无,,否,,,,,,0,体育(三),,第3节-第4节,,59012C
16.0,900010,足球（2）,2009159012C20344,,2,,0,1-18周,0,体育教师,1-18周 周一 第3节-第4节 ,1.0,金陵学院,否,,周一,2009-2010-1,,2009159012C20344,,0,浦口校区,2009-2010学年 第1学期,20344,无,,否,,,,,,0,体育(三),,第3节-第4节,,59012C
16.0,900010,羽毛球（3）,2009159012C20345,,2,,0,1-18周,0,体育教师,1-18周 周一 第3节-第4节 ,1.0,金陵学院,否,,周一,2009-2010-1,,2009159012C20345,,0,浦口校区,2009-2010学年 第1学期,20345,无,,否,,,,,,0,体育(三),,第3节-第4节,,59012C
16.0,900010,篮球（4）,2009159012C20347,,2,,0,1-18周,0,体育教师,1-18周 周一 第3节-第4节 ,1.0,金陵学院,否,,周一,2009-2010-1,,2009159012C20347,,0,浦口校区,2009-2010学年 第1学期,20347,无,,否,,,,,,0,体育(三),,第3节-第4节,,59012C
16.0,900010,排球（2）,2009159012C20349,,2,,0,1-18周,0,体育教师,1-18周 周一 第3节-第4节 ,1.0,金陵学院,否,,周一,2009-2010-1,,2009159012C20349,,0,浦口校区,2009-2010学年 第1学期,20349,无,,否,,,,,,0,体育(三),,第3节-第4节,,59012C
16.0,900010,羽毛球（4）,2009159012C20350,,2,,0,1-18周,0,体育教师,1-18周 周一 第3节-第4节 ,1.0,金陵学院,否,,周一,2009-2010-1,,2009159012C20350,,0,浦口校区,2009-2010学年 第1学期,20350,无,,否,,,,,,0,体育(三),,第3节-第4节,,59012C
16.0,900010,兵乓球（3）,2009159012C20351,,2,,0,1-18周,0,体育教师,1-18周 周一 第3节-第4节 ,1.0,金陵学院,否,,周一,2009-2010-1,,2009159012C20351,,0,浦口校区,2009-2010学年 第1学期,20351,无,,否,,,,,,0,体育(三),,第3节-第4节,,59012C
16.0,900010,健美操（2）,2009159012C20352,,2,,0,1-18周,0,体育教师,1-18周 周一 第3节-第4节 ,1.0,金陵学院,否,,周一,2009-2010-1,,2009159012C20352,,0,浦口校区,2009-2010学年 第1学期,20352,无,,否,,,,,,0,体育(三),,第3节-第4节,,59012C
16.0,900010,兵乓球（4）,2009159012C20353,,2,,0,1-18周,0,体育教师,1-18周 周一 第3节-第4节 ,1.0,金陵学院,否,,周一,2009-2010-1,,2009159012C20353,,0,浦口校区,2009-2010学年 第1学期,20353,无,,否,,,,,,0,体育(三),,第3节-第4节,,59012C
16.0,900010,武术（2）,2009159012C20354,,2,,0,1-18周,0,体育教师,1-18周 周一 第3节-第4节 ,1.0,金陵学院,否,,周一,2009-2010-1,,2009159012C20354,,0,浦口校区,2009-2010学年 第1学期,20354,无,,否,,,,,,0,体育(三),,第3节-第4节,,59012C
16.0,900010,篮球（5）,2009159012C20362,,2,,0,1-18周,0,体育教师,1-18周 周一 第5节-第6节 ,1.0,金陵学院,否,,周一,2009-2010-1,,2009159012C20362,,0,浦口校区,2009-2010学年 第1学期,20362,无,,否,,,,,,0,体育(三),,第5节-第6节,,59012C
16.0,900010,足球（3）,2009159012C20380,,2,,0,1-18周,0,体育教师,1-18周 周一 第5节-第6节 ,1.0,金陵学院,否,,周一,2009-2010-1,,2009159012C20380,,0,浦口校区,2009-2010学年 第1学期,20380,无,,否,,,,,,0,体育(三),,第5节-第6节,,59012C
16.0,900010,羽毛球（5）,2009159012C20381,,2,,0,1-18周,0,体育教师,1-18周 周一 第5节-第6节 ,1.0,金陵学院,否,,周一,2009-2010-1,,2009159012C20381,,0,浦口校区,2009-2010学年 第1学期,20381,无,,否,,,,,,0,体育(三),,第5节-第6节,,59012C
16.0,900010,兵乓球（5）,2009159012C20383,,2,,0,1-18周,0,体育教师,1-18周 周一 第5节-第6节 ,1.0,金陵学院,否,,周一,2009-2010-1,,2009159012C20383,,0,浦口校区,2009-2010学年 第1学期,20383,无,,否,,,,,,0,体育(三),,第5节-第6节,,59012C
16.0,900010,篮球（7）,2009159012C20405,,2,,0,1-18周,0,体育教师,1-18周 周三 第1节-第2节 ,1.0,金陵学院,否,,周三,2009-2010-1,,2009159012C20405,,0,浦口校区,2009-2010学年 第1学期,20405,无,,否,,,,,,0,体育(三),,第1节-第2节,,59012C
16.0,900010,篮球（6）,2009159012C20436,,2,,0,1-18周,0,体育教师,1-18周 周一 第5节-第6节 ,1.0,金陵学院,否,,周一,2009-2010-1,,2009159012C20436,,0,浦口校区,2009-2010学年 第1学期,20436,无,,否,,,,,,0,体育(三),,第5节-第6节,,59012C
16.0,900010,排球（3）,2009159012C20437,,2,,0,1-18周,0,体育教师,1-18周 周一 第5节-第6节 ,1.0,金陵学院,否,,周一,2009-2010-1,,2009159012C20437,,0,浦口校区,2009-2010学年 第1学期,20437,无,,否,,,,,,0,体育(三),,第5节-第6节,,59012C
16.0,900010,羽毛球（6）,2009159012C20438,,2,,0,1-18周,0,体育教师,1-18周 周一 第5节-第6节 ,1.0,金陵学院,否,,周一,2009-2010-1,,2009159012C20438,,0,浦口校区,2009-2010学年 第1学期,20438,无,,否,,,,,,0,体育(三),,第5节-第6节,,59012C
16.0,900010,兵乓球（6）,2009159012C20439,,2,,0,1-18周,0,体育教师,1-18周 周一 第5节-第6节 ,1.0,金陵学院,否,,周一,2009-2010-1,,2009159012C20439,,0,浦口校区,2009-2010学年 第1学期,20439,无,,否,,,,,,0,体育(三),,第5节-第6节,,59012C
16.0,900010,健美操（3）,2009159012C20440,,2,,0,1-18周,0,体育教师,1-18周 周一 第5节-第6节 ,1.0,金陵学院,否,,周一,2009-2010-1,,2009159012C20440,,0,浦口校区,2009-2010学年 第1学期,20440,无,,否,,,,,,0,体育(三),,第5节-第6节,,59012C
16.0,900010,武术（3）,2009159012C20441,,2,,0,1-18周,0,体育教师,1-18周 周一 第5节-第6节 ,1.0,金陵学院,否,,周一,2009-2010-1,,2009159012C20441,,0,浦口校区,2009-2010学年 第1学期,20441,无,,否,,,,,,0,体育(三),,第5节-第6节,,59012C
16.0,900010,篮球（9）,2009159012C20443,,2,,0,1-18周,0,体育教师,1-18周 周三 第3节-第4节 ,1.0,金陵学院,否,,周三,2009-2010-1,,2009159012C20443,,0,浦口校区,2009-2010学年 第1学期,20443,无,,否,,,,,,0,体育(三),,第3节-第4节,,59012C
16.0,900010,篮球（11）,2009159012C20445,,2,,0,1-18周,0,体育教师,1-18周 周三 第5节-第6节 ,1.0,金陵学院,否,,周三,2009-2010-1,,2009159012C20445,,0,浦口校区,2009-2010学年 第1学期,20445,无,,否,,,,,,0,体育(三),,第5节-第6节,,59012C
16.0,900010,篮球（8）,2009159012C20447,,2,,0,1-18周,0,体育教师,1-18周 周三 第1节-第2节 ,1.0,金陵学院,否,,周三,2009-2010-1,,2009159012C20447,,0,浦口校区,2009-2010学年 第1学期,20447,无,,否,,,,,,0,体育(三),,第1节-第2节,,59012C
16.0,900010,足球（4）,2009159012C20448,,2,,0,1-18周,0,体育教师,1-18周 周三 第1节-第2节 ,1.0,金陵学院,否,,周三,2009-2010-1,,2009159012C20448,,0,浦口校区,2009-2010学年 第1学期,20448,无,,否,,,,,,0,体育(三),,第1节-第2节,,59012C
16.0,900010,羽毛球（7）,2009159012C20450,,2,,0,1-18周,0,体育教师,1-18周 周三 第1节-第2节 ,1.0,金陵学院,否,,周三,2009-2010-1,,2009159012C20450,,0,浦口校区,2009-2010学年 第1学期,20450,无,,否,,,,,,0,体育(三),,第1节-第2节,,59012C
16.0,900010,羽毛球（8）,2009159012C20451,,2,,0,1-18周,0,体育教师,1-18周 周三 第1节-第2节 ,1.0,金陵学院,否,,周三,2009-2010-1,,2009159012C20451,,0,浦口校区,2009-2010学年 第1学期,20451,无,,否,,,,,,0,体育(三),,第1节-第2节,,59012C
16.0,900010,兵乓球（7）,2009159012C20452,,2,,0,1-18周,0,体育教师,1-18周 周三 第1节-第2节 ,1.0,金陵学院,否,,周三,2009-2010-1,,2009159012C20452,,0,浦口校区,2009-2010学年 第1学期,20452,无,,否,,,,,,0,体育(三),,第1节-第2节,,59012C
16.0,900010,兵乓球（8）,2009159012C20453,,2,,0,1-18周,0,体育教师,1-18周 周三 第1节-第2节 ,1.0,金陵学院,否,,周三,2009-2010-1,,2009159012C20453,,0,浦口校区,2009-2010学年 第1学期,20453,无,,否,,,,,,0,体育(三),,第1节-第2节,,59012C
16.0,900010,排球（4）,2009159012C20454,,2,,0,1-18周,0,体育教师,1-18周 周三 第1节-第2节 ,1.0,金陵学院,否,,周三,2009-2010-1,,2009159012C20454,,0,浦口校区,2009-2010学年 第1学期,20454,无,,否,,,,,,0,体育(三),,第1节-第2节,,59012C
16.0,900010,健美操（4）,2009159012C20455,,2,,0,1-18周,0,体育教师,1-18周 周三 第1节-第2节 ,1.0,金陵学院,否,,周三,2009-2010-1,,2009159012C20455,,0,浦口校区,2009-2010学年 第1学期,20455,无,,否,,,,,,0,体育(三),,第1节-第2节,,59012C
16.0,900010,健美操（5）,2009159012C20456,,2,,0,1-18周,0,体育教师,1-18周 周三 第1节-第2节 ,1.0,金陵学院,否,,周三,2009-2010-1,,2009159012C20456,,0,浦口校区,2009-2010学年 第1学期,20456,无,,否,,,,,,0,体育(三),,第1节-第2节,,59012C
16.0,900010,足球（5）,2009159012C20459,,2,,0,1-18周,0,体育教师,1-18周 周三 第3节-第4节 ,1.0,金陵学院,否,,周三,2009-2010-1,,2009159012C20459,,0,浦口校区,2009-2010学年 第1学期,20459,无,,否,,,,,,0,体育(三),,第3节-第4节,,59012C
16.0,900010,羽毛球（9）,2009159012C20460,,2,,0,1-18周,0,体育教师,1-18周 周三 第3节-第4节 ,1.0,金陵学院,否,,周三,2009-2010-1,,2009159012C20460,,0,浦口校区,2009-2010学年 第1学期,20460,无,,否,,,,,,0,体育(三),,第3节-第4节,,59012C
16.0,900010,篮球（10）,2009159012C20462,,2,,0,1-18周,0,体育教师,1-18周 周三 第3节-第4节 ,1.0,金陵学院,否,,周三,2009-2010-1,,2009159012C20462,,0,浦口校区,2009-2010学年 第1学期,20462,无,,否,,,,,,0,体育(三),,第3节-第4节,,59012C
16.0,900010,排球（5）,2009159012C20463,,2,,0,1-18周,0,体育教师,1-18周 周三 第3节-第4节 ,1.0,金陵学院,否,,周三,2009-2010-1,,2009159012C20463,,0,浦口校区,2009-2010学年 第1学期,20463,无,,否,,,,,,0,体育(三),,第3节-第4节,,59012C
16.0,900010,羽毛球（10）,2009159012C20464,,2,,0,1-18周,0,体育教师,1-18周 周三 第3节-第4节 ,1.0,金陵学院,否,,周三,2009-2010-1,,2009159012C20464,,0,浦口校区,2009-2010学年 第1学期,20464,无,,否,,,,,,0,体育(三),,第3节-第4节,,59012C
16.0,900010,兵乓球（9）,2009159012C20465,,2,,0,1-18周,0,体育教师,1-18周 周三 第3节-第4节 ,1.0,金陵学院,否,,周三,2009-2010-1,,2009159012C20465,,0,浦口校区,2009-2010学年 第1学期,20465,无,,否,,,,,,0,体育(三),,第3节-第4节,,59012C
16.0,900010,乒乓球（10）,2009159012C20466,,2,,0,1-18周,0,体育教师,1-18周 周三 第3节-第4节 ,1.0,金陵学院,否,,周三,2009-2010-1,,2009159012C20466,,0,浦口校区,2009-2010学年 第1学期,20466,无,,否,,,,,,0,体育(三),,第3节-第4节,,59012C
16.0,900010,健美操（6）,2009159012C20467,,2,,0,1-18周,0,体育教师,1-18周 周三 第3节-第4节 ,1.0,金陵学院,否,,周三,2009-2010-1,,2009159012C20467,,0,浦口校区,2009-2010学年 第1学期,20467,无,,否,,,,,,0,体育(三),,第3节-第4节,,59012C
16.0,900010,健美操（7）,2009159012C20468,,2,,0,1-18周,0,体育教师,1-18周 周三 第3节-第4节 ,1.0,金陵学院,否,,周三,2009-2010-1,,2009159012C20468,,0,浦口校区,2009-2010学年 第1学期,20468,无,,否,,,,,,0,体育(三),,第3节-第4节,,59012C
16.0,900010,足球（6）,2009159012C20473,,2,,0,1-18周,0,体育教师,1-18周 周三 第5节-第6节 ,1.0,金陵学院,否,,周三,2009-2010-1,,2009159012C20473,,0,浦口校区,2009-2010学年 第1学期,20473,无,,否,,,,,,0,体育(三),,第5节-第6节,,59012C
16.0,900010,羽毛球（11）,2009159012C20474,,2,,0,1-18周,0,体育教师,1-18周 周三 第5节-第6节 ,1.0,金陵学院,否,,周三,2009-2010-1,,2009159012C20474,,0,浦口校区,2009-2010学年 第1学期,20474,无,,否,,,,,,0,体育(三),,第5节-第6节,,59012C
16.0,900010,乒乓球（11）,2009159012C20476,,2,,0,1-18周,0,体育教师,1-18周 周三 第5节-第6节 ,1.0,金陵学院,否,,周三,2009-2010-1,,2009159012C20476,,0,浦口校区,2009-2010学年 第1学期,20476,无,,否,,,,,,0,体育(三),,第5节-第6节,,59012C
16.0,900010,篮球（12）,2009159012C20477,,2,,0,1-18周,0,体育教师,1-18周 周三 第5节-第6节 ,1.0,金陵学院,否,,周三,2009-2010-1,,2009159012C20477,,0,浦口校区,2009-2010学年 第1学期,20477,无,,否,,,,,,0,体育(三),,第5节-第6节,,59012C
16.0,900010,排球（6）,2009159012C20478,,2,,0,1-18周,0,体育教师,1-18周 周三 第5节-第6节 ,1.0,金陵学院,否,,周三,2009-2010-1,,2009159012C20478,,0,浦口校区,2009-2010学年 第1学期,20478,无,,否,,,,,,0,体育(三),,第5节-第6节,,59012C
16.0,900010,羽毛球（11）,2009159012C20479,,2,,0,1-18周,0,体育教师,1-18周 周三 第5节-第6节 ,1.0,金陵学院,否,,周三,2009-2010-1,,2009159012C20479,,0,浦口校区,2009-2010学年 第1学期,20479,无,,否,,,,,,0,体育(三),,第5节-第6节,,59012C
16.0,900010,乒乓球（11）,2009159012C20480,,2,,0,1-18周,0,体育教师,1-18周 周三 第5节-第6节 ,1.0,金陵学院,否,,周三,2009-2010-1,,2009159012C20480,,0,浦口校区,2009-2010学年 第1学期,20480,无,,否,,,,,,0,体育(三),,第5节-第6节,,59012C
16.0,900010,健美操（8）,2009159012C20482,,2,,0,1-18周,0,体育教师,1-18周 周三 第5节-第6节 ,1.0,金陵学院,否,,周三,2009-2010-1,,2009159012C20482,,0,浦口校区,2009-2010学年 第1学期,20482,无,,否,,,,,,0,体育(三),,第5节-第6节,,59012C
16.0,900010,健美操（9）,2009159012C20483,,2,,0,1-18周,0,体育教师,1-18周 周三 第5节-第6节 ,1.0,金陵学院,否,,周三,2009-2010-1,,2009159012C20483,,0,浦口校区,2009-2010学年 第1学期,20483,无,,否,,,,,,0,体育(三),,第5节-第6节,,59012C
48.0,400080,马克思主义哲学原理(20091-60001-1),200916000120676,,3,,152,1-18周,0,陈建,1-18周 周一 第3节-第4节 逸B-101,3.0,政府管理学院,否,,周一,2009-2010-1,,200916000120676,"2008商学院经济学,2008商学院保险学,2008商学院金融学",0,仙林校区,2009-2010学年 第1学期,20676,逸B-101,,否,,,,,,0,马克思主义哲学原理,16,第3节-第4节,逸夫楼B区,60001
48.0,400080,马克思主义哲学原理(20091-60001-2),200916000120677,,3,,125,1-18周,0,周建国,1-18周 周一 第3节-第4节 仙Ⅱ-303,3.0,政府管理学院,否,,周一,2009-2010-1,,200916000120677,"2008商学院国际经济与贸易,2008商学院市场营销,2008商学院电子商务",0,仙林校区,2009-2010学年 第1学期,20677,仙Ⅱ-303,,否,,,,,,0,马克思主义哲学原理,12,第3节-第4节,仙II区,60001
48.0,400080,马克思主义哲学原理(20091-60001-3),200916000120679,,3,,134,1-18周,0,周建国,1-18周 周一 第1节-第2节 仙Ⅱ-303,3.0,政府管理学院,否,,周一,2009-2010-1,,200916000120679,"2008商学院工商管理,2008商学院工商管理（人力资源管理方向）,2008商学院财务管理,2008商学院会计学",0,仙林校区,2009-2010学年 第1学期,20679,仙Ⅱ-303,,否,,,,,,0,马克思主义哲学原理,12,第1节-第2节,仙II区,60001
32.0,400080,马克思主义政治经济学(20091-60002-1),200916000220390,,3,,62,1-18周,0,孙亚忠,1-18周 周四 第5节-第6节 仙Ⅱ-421,2.0,政府管理学院,否,,周四,2009-2010-1,,200916000220390,2007哲学学院哲学,0,仙林校区,2009-2010学年 第1学期,20390,仙Ⅱ-421,,否,,,,,,0,马克思主义政治经济学,12,第5节-第6节,仙II区,60002
32.0,400020,当代世界政治与经济(20091-60009-1),200916000918893,,3,,59,1-18周,0,舒建中,1-18周 周二 第5节-第6节 仙Ⅱ-102,2.0,历史学院,否,,周二,2009-2010-1,,200916000918893,"2007历史学院历史学,2008历史学院考古学",0,仙林校区,2009-2010学年 第1学期,18893,仙Ⅱ-102,,否,,,,,,0,当代世界政治与经济,12,第5节-第6节,仙II区,60009
64.0,400330,大学英语（二）(20091-60010B-1),200916001018971,,3,,0,"1-18周,1-18周",0,,"1-18周 周一 第1节-第2节 ,1-18周 周三 第1节-第2节 ",4.0,大学外语部,否,,"周一,周三",2009-2010-1,,200916001018971,"2008化学学院化学,2008医学院临床医学,2008地球科学与工程学院水文与水资源工程,2008地球科学与工程学院地质工程,2008地球科学与工程学院地球化学,2008地球科学与工程学院地质学,2008化学学院应用化学",0,仙林校区,2009-2010学年 第1学期,18971,"无,无",,否,,,,,,0,大学英语,,"第1节-第2节,第1节-第2节",,60010
64.0,400330,大学英语（二）(20091-60010B-2),200916001019005,,3,,0,"1-18周,1-18周",0,,"1-18周 周一 第1节-第2节 ,1-18周 周五 第1节-第2节 ",4.0,大学外语部,否,,"周一,周五",2009-2010-1,,200916001019005,"2008文学院戏剧影视文学,2008海外教育学院汉语言,2008海外教育学院对外汉语,2008历史学院考古学",0,仙林校区,2009-2010学年 第1学期,19005,"无,无",,否,,,,,,0,大学英语,,"第1节-第2节,第1节-第2节",,60010
64.0,400330,大学英语（二）(20091-60010B-3),200916001019051,,3,,0,"1-18周,1-18周",0,,"1-18周 周三 第1节-第2节 ,1-18周 周五 第1节-第2节 ",4.0,大学外语部,否,,"周三,周五",2009-2010-1,,200916001019051,"2008生命科学学院生物科学类,2008环境学院环境科学,2008环境学院环境工程,2008生命科学学院生物技术（与药科大学联办）,2008生命科学学院生物科学,2008生命科学学院生物技术",0,仙林校区,2009-2010学年 第1学期,19051,"无,无",,否,,,,,,0,大学英语,,"第1节-第2节,第1节-第2节",,60010
64.0,400330,大学英语（二）(20091-60010B-4),200916001019052,,3,,50,"1-18周,1-18周",0,,"1-18周 周二 第1节-第2节 ,1-18周 周四 第1节-第2节 ",4.0,大学外语部,否,,"周二,周四",2009-2010-1,,200916001019052,"2008匡亚明学院理科强化班,2008匡亚明学院理强（数理方向）",0,仙林校区,2009-2010学年 第1学期,19052,"无,无",,否,,,,,,0,大学英语,,"第1节-第2节,第1节-第2节",,60010
64.0,400330,大学英语（二）(20091-60010B-5),200916001019055,,3,,0,"1-18周,1-18周",0,,"1-18周 周四 第1节-第2节 ,1-18周 周二 第5节-第6节 ",4.0,大学外语部,否,,"周二,周四",2009-2010-1,,200916001019055,"2008大气科学学院大气科学,2008大气科学学院应用气象学",0,仙林校区,2009-2010学年 第1学期,19055,"无,无",,否,,,,,,0,大学英语,,"第5节-第6节,第1节-第2节",,60010
64.0,400330,大学英语（二）(20091-60010B-6),200916001019056,,3,,0,"1-18周,1-18周",0,,"1-18周 周一 第3节-第4节 ,1-18周 周三 第3节-第4节 ",4.0,大学外语部,否,,"周一,周三",2009-2010-1,,200916001019056,"2008法学院法学,2008社会学院应用心理学,2008社会学院社会工作,2008社会学院社会学,2008信息管理学院档案学,2008信息管理学院图书馆学,2008信息管理学院信息管理与信息系统",0,仙林校区,2009-2010学年 第1学期,19056,"无,无",,否,,,,,,0,大学英语,,"第3节-第4节,第3节-第4节",,60010
64.0,400330,大学英语（二）(20091-60010B-7),200916001019058,,3,,0,"1-18周,1-18周",0,,"1-18周 周一 第3节-第4节 ,1-18周 周五 第3节-第4节 ",4.0,大学外语部,否,,"周一,周五",2009-2010-1,,200916001019058,"2008新闻传播学院新闻学,2008教育研究院教育技术学,2008政府管理学院行政管理（劳动与社会保障）,2008政府管理学院国际政治,2008政府管理学院行政管理,2008政府管理学院政治学与行政学,2008新闻传播学院广播电视新闻学,2008新闻传播学院广告学",0,仙林校区,2009-2010学年 第1学期,19058,"无,无",,否,,,,,,0,大学英语,,"第3节-第4节,第3节-第4节",,60010
64.0,400330,大学英语（二）(20091-60010B-8),200916001019062,,3,,0,"1-18周,1-18周",0,,"1-18周 周二 第3节-第4节 ,1-18周 周四 第3节-第4节 ",4.0,大学外语部,否,,"周二,周四",2009-2010-1,,200916001019062,"2008商学院经济学,2008工程管理学院信息工程,2008工程管理学院金融工程,2008工程管理学院工业工程,2008工程管理学院自动化,2008商学院保险学,2008商学院工商管理（人力资源管理方向）,2008商学院国际经济与贸易（二学位）,2008商学院工商管理（二学位),2008商学院市场营销,2008商学院电子商务,2008商学院金融学,2008商学院财务管理,2008商学院会计学,2008商学院工商管理,2008商学院国际经济与贸易",0,仙林校区,2009-2010学年 第1学期,19062,"无,无",,否,,,,,,0,大学英语,,"第3节-第4节,第3节-第4节",,60010
64.0,400330,大学英语（二）(20091-60010B-9),200916001019064,,3,,0,"1-18周,1-18周",0,,"1-18周 周三 第3节-第4节 ,1-18周 周五 第3节-第4节 ",4.0,大学外语部,否,,"周三,周五",2009-2010-1,,200916001019064,"2008电子科学与工程学院电子信息科学与技术,2008电子科学与工程学院生物医学工程,2008电子科学与工程学院通信工程,2008电子科学与工程学院声学",0,仙林校区,2009-2010学年 第1学期,19064,"无,无",,否,,,,,,0,大学英语,,"第3节-第4节,第3节-第4节",,60010
64.0,400330,大学英语（二）(20091-60010B-10),200916001019065,,3,,0,"1-18周,1-18周",0,,"1-18周 周一 第5节-第6节 ,1-18周 周三 第5节-第6节 ",4.0,大学外语部,否,,"周一,周三",2009-2010-1,,200916001019065,"2008数学学院数学与应用数学,2008软件学院软件工程,2008数学学院统计学,2008数学学院信息与计算科学",0,仙林校区,2009-2010学年 第1学期,19065,"无,无",,否,,,,,,0,大学英语,,"第5节-第6节,第5节-第6节",,60010
64.0,400330,大学英语（二）(20091-60010B-11),200916001019067,,3,,0,"1-18周,1-18周",0,,"1-18周 周一 第5节-第6节 ,1-18周 周五 第5节-第6节 ",4.0,大学外语部,否,,"周一,周五",2009-2010-1,,200916001019067,"2007外国语学院俄语,2007外国语学院朝鲜语,2007外国语学院西班牙语,2007外国语学院德语,2007外国语学院法语,2007外国语学院日语",0,仙林校区,2009-2010学年 第1学期,19067,"无,无",,否,,,,,,0,大学英语,,"第5节-第6节,第5节-第6节",,60010
64.0,400330,大学英语（二）(20091-60010B-12),200916001019068,,3,,0,"1-18周,1-18周",0,,"1-18周 周二 第5节-第6节 ,1-18周 周四 第5节-第6节 ",4.0,大学外语部,否,,"周二,周四",2009-2010-1,,200916001019068,"2008物理学院物理学,2008现代工程与应用科学学院材料化学,2008现代工程与应用科学学院材料物理,2008地理与海洋科学学院海洋科学,2008地理与海洋科学学院旅游管理,2008地理与海洋科学学院地理科学,2008地理与海洋科学学院地理信息系统,2008地理与海洋科学学院资源环境与城乡规划管理",0,仙林校区,2009-2010学年 第1学期,19068,"无,无",,否,,,,,,0,大学英语,,"第5节-第6节,第5节-第6节",,60010
64.0,400330,大学英语（二）(20091-60010B-13),200916001019070,,3,,0,"1-18周,1-18周",0,,"1-18周 周三 第5节-第6节 ,1-18周 周五 第5节-第6节 ",4.0,大学外语部,否,,"周三,周五",2009-2010-1,,200916001019070,2008计算机学院计算机科学与技术,0,仙林校区,2009-2010学年 第1学期,19070,"无,无",,否,,,,,,0,大学英语,,"第5节-第6节,第5节-第6节",,60010
64.0,400330,大学英语（三）(20091-60010C-15),200916001020213,,3,,0,"1-18周,1-18周",0,,"1-18周 周一 第1节-第2节 ,1-18周 周三 第1节-第2节 ",4.0,大学外语部,否,,"周一,周三",2009-2010-1,,200916001020213,,0,仙林校区,2009-2010学年 第1学期,20213,"无,无",,否,,,,,,0,大学英语,,"第1节-第2节,第1节-第2节",,60010
64.0,400330,大学英语（一）(20091-60010A-1),2009160010A21493,,3,,51,"1-18周,1-18周",0,王颖,"1-18周 周一 第9节-第10节 ,1-18周 周四 第9节-第10节 ",4.0,大学外语部,否,,"周一,周四",2009-2010-1,,2009160010A21493,,0,仙林校区,2009-2010学年 第1学期,21493,"无,无",,否,,,,,,0,大学英语（一）,,"第9节-第10节,第9节-第10节",,60010A
64.0,400330,大学英语（二）(20091-60010B-1),2009160010B20741,,3,,13,"1-18周,1-18周",0,,"1-18周 周一 第3节-第4节 仙Ⅱ-515,1-18周 周五 第3节-第4节 仙Ⅱ-515",4.0,大学外语部,否,,"周一,周五",2009-2010-1,,2009160010B20741,2008政府管理学院行政管理（运动员班）,0,仙林校区,2009-2010学年 第1学期,20741,"仙Ⅱ-515,仙Ⅱ-515",,否,,,,,,0,大学英语（二）,12,"第3节-第4节,第3节-第4节",仙II区,60010B
64.0,400330,大学英语（三）(20091-60010C-1),2009160010C20682,,3,,29,"1-18周,1-18周",0,,"1-18周 周一 第1节-第2节 仙Ⅱ-508,1-18周 周三 第1节-第2节 仙Ⅱ-508",4.0,大学外语部,否,,"周一,周三",2009-2010-1,,2009160010C20682,2007新闻传播学院新闻学（运动员班）,0,仙林校区,2009-2010学年 第1学期,20682,"仙Ⅱ-508,仙Ⅱ-508",,否,,,,,,0,大学英语（三）,12,"第1节-第2节,第1节-第2节",仙II区,60010C
64.0,400330,大学英语（三）(20091-60010C-3),2009160010C20688,,3,,1,"1-18周,1-18周",0,,"1-18周 周一 第1节-第2节 ,1-18周 周三 第1节-第2节 ",4.0,大学外语部,否,,"周一,周三",2009-2010-1,,2009160010C20688,,0,仙林校区,2009-2010学年 第1学期,20688,"无,无",,否,,,,,,0,大学英语（三）,,"第1节-第2节,第1节-第2节",,60010C
64.0,400330,英语（四）18,2009160010D19655,,3,,42,"1-17周(单),2-18周(双),1-18周",0,"汪学立,魏群","1-18周 周四 第1节-第2节 仙Ⅱ-514,2-18周(双) 周二 第5节-第10节 ,1-17周(单) 周二 第5节-第6节 仙Ⅱ-514",4.0,大学外语部,否,,"周二,周二,周四",2009-2010-1,,2009160010D19655,,0,仙林校区,2009-2010学年 第1学期,19655,"仙Ⅱ-514,无,仙Ⅱ-514",,否,,,,,,0,大学英语（四）,12,"第5节-第6节,第5节-第10节,第1节-第2节",仙II区,60010D
64.0,400330,英语（四）02,2009160010D19656,,3,,38,"1-17周(单),2-18周(双),1-18周",0,"吴淑云,夏珺","1-18周 周三 第1节-第2节 ,2-18周(双) 周一 第1节-第2节 ,1-17周(单) 周一 第1节-第2节 逸B-210",4.0,大学外语部,否,,"周一,周一,周三",2009-2010-1,,2009160010D19656,,0,仙林校区,2009-2010学年 第1学期,19656,"逸B-210,未安排,逸B-210",,否,,,,,,0,大学英语（四）,16,"第1节-第2节,第1节-第2节,第1节-第2节",逸夫楼B区,60010D
64.0,400330,英语（四）03,2009160010D19657,,3,,35,"2-18周(双),1-17周(单),1-18周",0,"蒋玉梅,顾露雯","1-18周 周三 第1节-第2节 ,2-18周(双) 周一 第1节-第2节 仙Ⅱ-113,1-17周(单) 周一 第1节-第2节 ",4.0,大学外语部,否,,"周一,周一,周三",2009-2010-1,,2009160010D19657,,0,仙林校区,2009-2010学年 第1学期,19657,"仙Ⅱ-113,无,仙Ⅱ-113",,否,,,,,,0,大学英语（四）,12,"第1节-第2节,第1节-第2节,第1节-第2节",仙II区,60010D
64.0,400330,英语（四）04,2009160010D19658,,3,,38,"2-18周(双),1-17周(单),1-18周",0,陈海,"1-18周 周三 第1节-第2节 仙Ⅱ-114,2-18周(双) 周一 第1节-第2节 仙Ⅱ-114,1-17周(单) 周一 第1节-第2节 ",4.0,大学外语部,否,,"周一,周一,周三",2009-2010-1,,2009160010D19658,,0,仙林校区,2009-2010学年 第1学期,19658,"仙Ⅱ-114,无,仙Ⅱ-114",,否,,,,,,0,大学英语（四）,12,"第1节-第2节,第1节-第2节,第1节-第2节",仙II区,60010D
64.0,400330,英语（四）05,2009160010D19659,,3,,35,"1-17周(单),2-18周(双),1-18周",0,"魏群,夏珺","1-18周 周一 第1节-第2节 仙Ⅱ-512,2-18周(双) 周五 第1节-第2节 ,1-17周(单) 周五 第1节-第2节 仙Ⅱ-512",4.0,大学外语部,否,,"周五,周五,周一",2009-2010-1,,2009160010D19659,,0,仙林校区,2009-2010学年 第1学期,19659,"仙Ⅱ-512,无,仙Ⅱ-512",,否,,,,,,0,大学英语（四）,12,"第1节-第2节,第1节-第2节,第1节-第2节",仙II区,60010D
64.0,400330,英语（四）06,2009160010D19660,,3,,59,"1-17周(单),2-18周(双),1-18周",0,"肖莉,吴淑云","1-18周 周一 第1节-第2节 仙Ⅱ-513,2-18周(双) 周五 第1节-第2节 ,1-17周(单) 周五 第1节-第2节 仙Ⅱ-513",4.0,大学外语部,否,,"周五,周五,周一",2009-2010-1,,2009160010D19660,,0,仙林校区,2009-2010学年 第1学期,19660,"仙Ⅱ-513,无,仙Ⅱ-513",,否,,,,,,0,大学英语（四）,12,"第1节-第2节,第1节-第2节,第1节-第2节",仙II区,60010D
64.0,400330,英语（四）07,2009160010D19661,,3,,26,"2-18周(双),1-17周(单),1-18周",0,"顾永兴,曹宁","1-18周 周一 第1节-第2节 仙Ⅱ-514,2-18周(双) 周五 第1节-第2节 仙Ⅱ-514,1-17周(单) 周五 第1节-第2节 ",4.0,大学外语部,否,,"周五,周五,周一",2009-2010-1,,2009160010D19661,,0,仙林校区,2009-2010学年 第1学期,19661,"仙Ⅱ-514,无,仙Ⅱ-514",,否,,,,,,0,大学英语（四）,12,"第1节-第2节,第1节-第2节,第1节-第2节",仙II区,60010D
64.0,400330,英语（四）08,2009160010D19662,,3,,30,"1-17周(单),2-18周(双),1-18周",0,"吴淑云,蒋玉梅","1-18周 周三 第3节-第4节 仙Ⅱ-516,2-18周(双) 周一 第3节-第4节 ,1-17周(单) 周一 第3节-第4节 仙Ⅱ-516",4.0,大学外语部,否,,"周一,周一,周三",2009-2010-1,,2009160010D19662,,0,仙林校区,2009-2010学年 第1学期,19662,"仙Ⅱ-516,无,仙Ⅱ-516",,否,,,,,,0,大学英语（四）,12,"第3节-第4节,第3节-第4节,第3节-第4节",仙II区,60010D
64.0,400330,英语（四）09,2009160010D19663,,3,,28,"1-17周(单),2-18周(双),1-18周",0,"孙爱娣,陈桦","1-18周 周三 第3节-第4节 仙Ⅱ-517,2-18周(双) 周一 第3节-第4节 ,1-17周(单) 周一 第3节-第4节 仙Ⅱ-517",4.0,大学外语部,否,,"周一,周一,周三",2009-2010-1,,2009160010D19663,,0,仙林校区,2009-2010学年 第1学期,19663,"仙Ⅱ-517,无,仙Ⅱ-517",,否,,,,,,0,大学英语（四）,12,"第3节-第4节,第3节-第4节,第3节-第4节",仙II区,60010D
64.0,400330,英语（四）10,2009160010D19664,,3,,38,"1-18周,2-18周(双),1-17周(单)",0,陈海,"1-18周 周三 第3节-第4节 仙Ⅱ-518,2-18周(双) 周一 第3节-第4节 仙Ⅱ-518,1-17周(单) 周一 第3节-第4节 ",4.0,大学外语部,否,,"周三,周一,周一",2009-2010-1,,2009160010D19664,,0,仙林校区,2009-2010学年 第1学期,19664,"仙Ⅱ-518,仙Ⅱ-518,无",,否,,,,,,0,大学英语（四）,12,"第3节-第4节,第3节-第4节,第3节-第4节",仙II区,60010D
64.0,400330,英语（四）11,2009160010D19665,,3,,34,"1-17周(单),2-18周(双),1-18周",0,"魏群,曹宁","1-18周 周一 第3节-第4节 仙Ⅱ-519,2-18周(双) 周五 第3节-第4节 ,1-17周(单) 周五 第3节-第4节 仙Ⅱ-519",4.0,大学外语部,否,,"周五,周五,周一",2009-2010-1,,2009160010D19665,,0,仙林校区,2009-2010学年 第1学期,19665,"仙Ⅱ-519,无,仙Ⅱ-519",,否,,,,,,0,大学英语（四）,12,"第3节-第4节,第3节-第4节,第3节-第4节",仙II区,60010D
64.0,400330,英语（四）12,2009160010D19666,,3,,45,"2-18周(双),1-17周(单),1-18周",0,"肖莉,顾永兴","1-18周 周一 第3节-第4节 仙Ⅱ-520,1-17周(单) 周五 第3节-第6节 ,2-18周(双) 周五 第3节-第4节 仙Ⅱ-520",4.0,大学外语部,否,,"周五,周五,周一",2009-2010-1,,2009160010D19666,,0,仙林校区,2009-2010学年 第1学期,19666,"仙Ⅱ-520,无,仙Ⅱ-520",,否,,,,,,0,大学英语（四）,12,"第3节-第4节,第3节-第6节,第3节-第4节",仙II区,60010D
64.0,400330,英语（四）13,2009160010D19667,,3,,38,"1-17周(单),2-18周(双),1-18周",0,"吴淑云,夏珺","1-18周 周三 第5节-第6节 仙Ⅱ-516,2-18周(双) 周一 第5节-第6节 ,1-17周(单) 周一 第5节-第6节 仙Ⅱ-516",4.0,大学外语部,否,,"周一,周一,周三",2009-2010-1,,2009160010D19667,,0,仙林校区,2009-2010学年 第1学期,19667,"仙Ⅱ-516,无,仙Ⅱ-516",,否,,,,,,0,大学英语（四）,12,"第5节-第6节,第5节-第6节,第5节-第6节",仙II区,60010D
64.0,400330,英语（四）14,2009160010D19668,,3,,36,"1-17周(单),2-18周(双),1-18周",0,孙爱娣,"1-18周 周三 第5节-第6节 仙Ⅱ-517,2-18周(双) 周一 第5节-第6节 ,1-17周(单) 周一 第5节-第6节 仙Ⅱ-517",4.0,大学外语部,否,,"周一,周一,周三",2009-2010-1,,2009160010D19668,,0,仙林校区,2009-2010学年 第1学期,19668,"仙Ⅱ-517,无,仙Ⅱ-517",,否,,,,,,0,大学英语（四）,12,"第5节-第6节,第5节-第6节,第5节-第6节",仙II区,60010D
64.0,400330,英语（四）15,2009160010D19669,,3,,36,"2-18周(双),1-17周(单),1-18周",0,"陈桦,陈海","1-18周 周三 第5节-第6节 仙Ⅱ-518,2-18周(双) 周一 第5节-第6节 仙Ⅱ-518,1-17周(单) 周一 第5节-第6节 ",4.0,大学外语部,否,,"周一,周一,周三",2009-2010-1,,2009160010D19669,,0,仙林校区,2009-2010学年 第1学期,19669,"仙Ⅱ-518,无,仙Ⅱ-518",,否,,,,,,0,大学英语（四）,12,"第5节-第6节,第5节-第6节,第5节-第6节",仙II区,60010D
64.0,400330,英语（四）16,2009160010D19670,,3,,44,"1-17周(单),2-18周(双),1-18周",0,"外教2-Ruth,王晓红","1-18周 周二 第1节-第2节 仙Ⅱ-512,2-18周(双) 周四 第1节-第2节 ,1-17周(单) 周四 第1节-第2节 仙Ⅱ-512",4.0,大学外语部,否,,"周四,周四,周二",2009-2010-1,,2009160010D19670,,0,仙林校区,2009-2010学年 第1学期,19670,"仙Ⅱ-512,无,仙Ⅱ-512",,否,,,,,,0,大学英语（四）,12,"第1节-第2节,第1节-第2节,第1节-第2节",仙II区,60010D
64.0,400330,英语（四）17,2009160010D19671,,3,,36,"2-18周(双),1-17周(单),1-18周",0,"汪学立,顾露雯","1-18周 周二 第1节-第2节 仙Ⅱ-513,2-18周(双) 周四 第1节-第2节 仙Ⅱ-513,1-17周(单) 周四 第1节-第2节 ",4.0,大学外语部,否,,"周四,周四,周二",2009-2010-1,,2009160010D19671,,0,仙林校区,2009-2010学年 第1学期,19671,"仙Ⅱ-513,无,仙Ⅱ-513",,否,,,,,,0,大学英语（四）,12,"第1节-第2节,第1节-第2节,第1节-第2节",仙II区,60010D
64.0,400330,英语（四）01,2009160010D19672,,3,,44,"1-17周(单),2-18周(双),1-18周",0,"戚焱,孙爱娣","1-18周 周三 第1节-第2节 ,2-18周(双) 周一 第1节-第2节 ,1-17周(单) 周一 第1节-第2节 逸A-213",4.0,大学外语部,否,,"周一,周一,周三",2009-2010-1,,2009160010D19672,,0,仙林校区,2009-2010学年 第1学期,19672,"逸A-213,未安排,逸A-213",,否,,,,,,0,大学英语（四）,15,"第1节-第2节,第1节-第2节,第1节-第2节",逸夫楼A区,60010D
64.0,400330,英语（四）19,2009160010D19673,,3,,33,"1-17周(单),2-18周(双),1-18周",0,"顾露雯,曹宁","1-18周 周四 第1节-第2节 仙Ⅱ-515,2-18周(双) 周二 第1节-第2节 ,1-17周(单) 周二 第1节-第2节 仙Ⅱ-515",4.0,大学外语部,否,,"周二,周二,周四",2009-2010-1,,2009160010D19673,,0,仙林校区,2009-2010学年 第1学期,19673,"仙Ⅱ-515,无,仙Ⅱ-515",,否,,,,,,0,大学英语（四）,12,"第1节-第2节,第1节-第2节,第1节-第2节",仙II区,60010D
64.0,400330,英语（四）20,2009160010D19674,,3,,38,"1-17周(单),2-18周(双),1-18周",0,"汪学立,王晓红","1-18周 周四 第3节-第4节 仙Ⅱ-512,2-18周(双) 周二 第3节-第4节 ,1-17周(单) 周二 第3节-第4节 仙Ⅱ-512",4.0,大学外语部,否,,"周二,周二,周四",2009-2010-1,,2009160010D19674,,0,仙林校区,2009-2010学年 第1学期,19674,"仙Ⅱ-512,无,仙Ⅱ-512",,否,,,,,,0,大学英语（四）,12,"第3节-第4节,第3节-第4节,第3节-第4节",仙II区,60010D
64.0,400330,英语（四）21,2009160010D19675,,3,,31,"1-17周(单),2-18周(双),1-18周",0,"汪学立,王晓红","1-18周 周二 第3节-第4节 仙Ⅱ-513,2-18周(双) 周四 第3节-第4节 ,1-17周(单) 周四 第3节-第4节 仙Ⅱ-513",4.0,大学外语部,否,,"周四,周四,周二",2009-2010-1,,2009160010D19675,,0,仙林校区,2009-2010学年 第1学期,19675,"仙Ⅱ-513,无,仙Ⅱ-513",,否,,,,,,0,大学英语（四）,12,"第3节-第4节,第3节-第4节,第3节-第4节",仙II区,60010D
64.0,400330,英语（四）22,2009160010D19676,,3,,33,"1-17周(单),2-18周(双),1-18周",0,"外教,吴淑云","1-18周 周二 第5节-第6节 仙Ⅱ-516,2-18周(双) 周四 第5节-第6节 ,1-17周(单) 周四 第5节-第6节 仙Ⅱ-516",4.0,大学外语部,否,,"周四,周四,周二",2009-2010-1,,2009160010D19676,,0,仙林校区,2009-2010学年 第1学期,19676,"仙Ⅱ-516,无,仙Ⅱ-516",,否,,,,,,0,大学英语（四）,12,"第5节-第6节,第5节-第6节,第5节-第6节",仙II区,60010D
64.0,400330,英语（四）23,2009160010D19677,,3,,26,"2-18周(双),1-17周(单),1-18周",0,"外教2-Ruth,顾永兴","1-18周 周二 第5节-第6节 仙Ⅱ-517,2-18周(双) 周四 第5节-第6节 仙Ⅱ-517,1-17周(单) 周四 第5节-第6节 ",4.0,大学外语部,否,,"周四,周四,周二",2009-2010-1,,2009160010D19677,,0,仙林校区,2009-2010学年 第1学期,19677,"仙Ⅱ-517,无,仙Ⅱ-517",,否,,,,,,0,大学英语（四）,12,"第5节-第6节,第5节-第6节,第5节-第6节",仙II区,60010D
64.0,400330,英语（四）24,2009160010D19678,,3,,38,"2-18周(双),1-17周(单),1-18周",0,"曹宁,魏群","1-18周 周二 第5节-第6节 仙Ⅱ-518,2-18周(双) 周四 第5节-第6节 仙Ⅱ-518,1-17周(单) 周四 第5节-第6节 ",4.0,大学外语部,否,,"周四,周四,周二",2009-2010-1,,2009160010D19678,,0,仙林校区,2009-2010学年 第1学期,19678,"仙Ⅱ-518,无,仙Ⅱ-518",,否,,,,,,0,大学英语（四）,12,"第5节-第6节,第5节-第6节,第5节-第6节",仙II区,60010D
64.0,400330,英语（四）25,2009160010D19679,,3,,31,"1-17周(单),2-18周(双),1-18周",0,"陈桦,顾露雯","1-18周 周四 第5节-第6节 仙Ⅱ-519,2-18周(双) 周二 第5节-第6节 ,1-17周(单) 周二 第5节-第6节 仙Ⅱ-519",4.0,大学外语部,否,,"周二,周二,周四",2009-2010-1,,2009160010D19679,,0,仙林校区,2009-2010学年 第1学期,19679,"仙Ⅱ-519,无,仙Ⅱ-519",,否,,,,,,0,大学英语（四）,12,"第5节-第6节,第5节-第6节,第5节-第6节",仙II区,60010D
64.0,400330,英语（四）26,2009160010D19680,,3,,20,"2-18周(双),1-17周(单),1-18周",0,"外教,顾永兴","1-18周 周四 第5节-第6节 仙Ⅱ-520,2-18周(双) 周二 第5节-第6节 仙Ⅱ-520,1-17周(单) 周二 第5节-第6节 ",4.0,大学外语部,否,,"周二,周二,周四",2009-2010-1,,2009160010D19680,,0,仙林校区,2009-2010学年 第1学期,19680,"仙Ⅱ-520,无,仙Ⅱ-520",,否,,,,,,0,大学英语（四）,12,"第5节-第6节,第5节-第6节,第5节-第6节",仙II区,60010D
64.0,400330,英语（四）27,2009160010D19681,,3,,22,"1-17周(单),2-18周(双),1-18周",0,"肖莉,孙爱娣","1-18周 周五 第1节-第2节 仙Ⅱ-521,2-18周(双) 周三 第1节-第2节 ,1-17周(单) 周三 第1节-第2节 仙Ⅱ-521",4.0,大学外语部,否,,"周三,周三,周五",2009-2010-1,,2009160010D19681,,0,仙林校区,2009-2010学年 第1学期,19681,"仙Ⅱ-521,无,仙Ⅱ-521",,否,,,,,,0,大学英语（四）,12,"第1节-第2节,第1节-第2节,第1节-第2节",仙II区,60010D
64.0,400330,英语（四）28,2009160010D19682,,3,,16,"2-18周(双),1-17周(单),1-18周",0,"蒋玉梅,陈海","1-18周 周五 第1节-第2节 仙Ⅱ-524,2-18周(双) 周三 第1节-第2节 仙Ⅱ-524,1-17周(单) 周三 第1节-第2节 ",4.0,大学外语部,否,,"周三,周三,周五",2009-2010-1,,2009160010D19682,,0,仙林校区,2009-2010学年 第1学期,19682,"仙Ⅱ-524,无,仙Ⅱ-524",,否,,,,,,0,大学英语（四）,12,"第1节-第2节,第1节-第2节,第1节-第2节",仙II区,60010D
64.0,400330,英语（四）29,2009160010D19683,,3,,34,"1-17周(单),2-18周(双),1-18周",0,"孙爱娣,肖莉","1-18周 周五 第3节-第4节 仙Ⅱ-512,2-18周(双) 周三 第3节-第4节 ,1-17周(单) 周三 第3节-第4节 仙Ⅱ-512",4.0,大学外语部,否,,"周三,周三,周五",2009-2010-1,,2009160010D19683,,0,仙林校区,2009-2010学年 第1学期,19683,"仙Ⅱ-512,无,仙Ⅱ-512",,否,,,,,,0,大学英语（四）,12,"第3节-第4节,第3节-第4节,第3节-第4节",仙II区,60010D
64.0,400330,英语（四）30,2009160010D19684,,3,,33,"2-18周(双),1-17周(单),1-18周",0,陈海,"1-18周 周五 第3节-第4节 仙Ⅱ-513,2-18周(双) 周三 第3节-第4节 仙Ⅱ-513,1-17周(单) 周三 第3节-第4节 ",4.0,大学外语部,否,,"周三,周三,周五",2009-2010-1,,2009160010D19684,,0,仙林校区,2009-2010学年 第1学期,19684,"仙Ⅱ-513,无,仙Ⅱ-513",,否,,,,,,0,大学英语（四）,12,"第3节-第4节,第3节-第4节,第3节-第4节",仙II区,60010D
64.0,400330,英语（四）31,2009160010D19685,,3,,31,"1-17周(单),2-18周(双),1-18周",0,"肖莉,孙爱娣","1-18周 周五 第5节-第6节 仙Ⅱ-514,2-18周(双) 周三 第5节-第6节 ,1-17周(单) 周三 第5节-第6节 仙Ⅱ-514",4.0,大学外语部,否,,"周三,周三,周五",2009-2010-1,,2009160010D19685,,0,仙林校区,2009-2010学年 第1学期,19685,"仙Ⅱ-514,无,仙Ⅱ-514",,否,,,,,,0,大学英语（四）,12,"第5节-第6节,第5节-第6节,第5节-第6节",仙II区,60010D
64.0,400330,英语（四）32,2009160010D19686,,3,,31,"2-18周(双),1-17周(单),1-18周",0,"蒋玉梅,陈海","1-18周 周五 第5节-第6节 仙Ⅱ-515,2-18周(双) 周三 第5节-第6节 仙Ⅱ-515,1-17周(单) 周三 第5节-第6节 ",4.0,大学外语部,否,,"周三,周三,周五",2009-2010-1,,2009160010D19686,,0,仙林校区,2009-2010学年 第1学期,19686,"仙Ⅱ-515,无,仙Ⅱ-515",,否,,,,,,0,大学英语（四）,12,"第5节-第6节,第5节-第6节,第5节-第6节",仙II区,60010D
64.0,400330,英语（四）33,2009160010D19687,,3,,43,"1-17周(单),2-18周(双),1-18周",0,"外教2-Ruth,魏群","1-18周 周一 第5节-第6节 仙Ⅱ-519,2-18周(双) 周五 第5节-第6节 ,1-17周(单) 周五 第5节-第6节 仙Ⅱ-519",4.0,大学外语部,否,,"周五,周五,周一",2009-2010-1,,2009160010D19687,,0,仙林校区,2009-2010学年 第1学期,19687,"仙Ⅱ-519,无,仙Ⅱ-519",,否,,,,,,0,大学英语（四）,12,"第5节-第6节,第5节-第6节,第5节-第6节",仙II区,60010D
64.0,400330,英语（四）34,2009160010D19688,,3,,44,"1-17周(单),2-18周(双),1-18周",0,"陈桦,顾露雯","1-18周 周四 第3节-第4节 仙Ⅱ-520,2-18周(双) 周二 第3节-第4节 ,1-17周(单) 周二 第3节-第4节 仙Ⅱ-520",4.0,大学外语部,否,,"周二,周二,周四",2009-2010-1,,2009160010D19688,,0,仙林校区,2009-2010学年 第1学期,19688,"仙Ⅱ-520,无,仙Ⅱ-520",,否,,,,,,0,大学英语（四）,12,"第3节-第4节,第3节-第4节,第3节-第4节",仙II区,60010D
64.0,400330,英语（四）35,2009160010D19689,,3,,41,"2-18周(双),1-17周(单),1-18周",0,"曹宁,顾永兴","1-18周 周四 第3节-第4节 仙Ⅱ-521,2-18周(双) 周二 第3节-第4节 仙Ⅱ-521,1-17周(单) 周二 第3节-第4节 ",4.0,大学外语部,否,,"周二,周二,周四",2009-2010-1,,2009160010D19689,,0,仙林校区,2009-2010学年 第1学期,19689,"仙Ⅱ-521,无,仙Ⅱ-521",,否,,,,,,0,大学英语（四）,12,"第3节-第4节,第3节-第4节,第3节-第4节",仙II区,60010D
32.0,400330,大学英语（五）01(20091-60010E-1),2009160010E20082,,3,,0,"1-17周(单),2-18周(双),1-18周",0,,"1-18周 周二 第1节-第2节 仙Ⅱ-518,2-18周(双) 周四 第1节-第2节 仙Ⅱ-518,1-17周(单) 周四 第1节-第2节 仙Ⅱ-518",2.0,大学外语部,否,,"周四,周四,周二",2009-2010-1,,2009160010E20082,,0,仙林校区,2009-2010学年 第1学期,20082,"仙Ⅱ-518,仙Ⅱ-518,仙Ⅱ-518",,否,,,,,,0,大学英语（五）,12,"第1节-第2节,第1节-第2节,第1节-第2节",仙II区,60010E
32.0,400330,大学英语（五）02(20091-60010E-2),2009160010E20083,,3,,0,"2-18周(双),1-17周(单),1-18周",0,,"1-18周 周二 第1节-第2节 仙Ⅱ-516,2-18周(双) 周四 第1节-第2节 仙Ⅱ-516,1-17周(单) 周四 第1节-第2节 仙Ⅱ-516",2.0,大学外语部,否,,"周四,周四,周二",2009-2010-1,,2009160010E20083,,0,仙林校区,2009-2010学年 第1学期,20083,"仙Ⅱ-516,仙Ⅱ-516,仙Ⅱ-516",,否,,,,,,0,大学英语（五）,12,"第1节-第2节,第1节-第2节,第1节-第2节",仙II区,60010E
64.0,400330,大学英语（六）(20091-60010F-1),2009160010F20735,,3,,47,"1-18周,1-18周",0,,"1-18周 周一 第1节-第2节 仙Ⅱ-101,1-18周 周四 第7节-第8节 ",4.0,大学外语部,否,,"周一,周四",2009-2010-1,,2009160010F20735,2007医学院临床医学,0,仙林校区,2009-2010学年 第1学期,20735,"仙Ⅱ-101,无",,否,,,,,,0,大学英语（六）,12,"第1节-第2节,第7节-第8节",仙II区,60010F
64.0,400330,大学英语（六）(20091-60010F-2),2009160010F20738,,3,,8,"1-18周,1-18周",0,,"1-18周 周一 第1节-第2节 ,1-18周 周四 第7节-第8节 ",4.0,大学外语部,否,,"周一,周四",2009-2010-1,,2009160010F20738,2007医学院临床医学,0,仙林校区,2009-2010学年 第1学期,20738,"无,无",,否,,,,,,0,大学英语（六）,,"第1节-第2节,第7节-第8节",,60010F
64.0,400330,大学英语（六）(20092-60010F-1),2009160010F37797,,3,,0,"1-17周,1-17周",0,丁楠,"1-17周 周一 第1节-第2节 ,1-17周 周四 第7节-第8节 ",4.0,大学外语部,否,,"周一,周四",2009-2010-1,,2009160010F37797,2007医学院临床医学,0,仙林校区,2009-2010学年 第1学期,37797,"无,无",,否,,,,,,0,大学英语（六）,,"第1节-第2节,第7节-第8节",,60010F
64.0,400330,大学英语（六）(20092-60010F-2),2009160010F37798,,3,,0,"1-17周,1-17周",0,张沂昀,"1-17周 周一 第1节-第2节 ,1-17周 周四 第7节-第8节 ",4.0,大学外语部,否,,"周一,周四",2009-2010-1,,2009160010F37798,2007医学院临床医学,0,仙林校区,2009-2010学年 第1学期,37798,"无,无",,否,,,,,,0,大学英语（六）,,"第1节-第2节,第7节-第8节",,60010F
64.0,400151,C语言程序设计(20091-60014-1),200916001420115,,3,,162,"1-18周,1-18周,1-18周",0,姜恒远,"1-18周 周四 第1节-第2节 仙Ⅱ-212,1-18周 周一 第5节-第8节 ,1-18周 周一 第3节-第4节 仙Ⅱ-212",4.0,大学计算机基础教学部,否,,"周一,周四,周一",2009-2010-1,,200916001420115,"2008地球科学与工程学院地球化学,2008地球科学与工程学院水文与水资源工程,2008地球科学与工程学院地质工程",0,仙林校区,2009-2010学年 第1学期,20115,"仙Ⅱ-212,仙Ⅱ-212,乙110",,否,,,,,,0,C语言程序设计,12,"第3节-第4节,第1节-第2节,第5节-第8节",仙II区,60014
64.0,400151,大学计算机信息技术(20091-60015-1),200916001520119,,3,,261,"1-17周(单),1-18周,1-18周",0,黄强,"1-18周 周五 第1节-第2节 仙Ⅱ-207,1-17周(单) 周三 第3节-第4节 仙Ⅱ-207,1-18周 周二 第1节-第4节 ",4.0,大学计算机基础教学部,否,,"周三,周五,周二",2009-2010-1,,200916001520119,"2007新闻传播学院新闻学（运动员班）,2008政府管理学院行政管理（运动员班）,2008政府管理学院行政管理（劳动与社会保障）,2008政府管理学院国际政治,2008政府管理学院行政管理,2008新闻传播学院广播电视新闻学,2008新闻传播学院广告学,2008新闻传播学院新闻学",0,仙林校区,2009-2010学年 第1学期,20119,"仙Ⅱ-207,仙Ⅱ-207,乙109、乙110、乙111",,否,,,,,,0,大学计算机信息技术,12,"第3节-第4节,第1节-第2节,第1节-第4节",仙II区,60015
64.0,400151,大学计算机信息技术(20091-60015-2),200916001520121,,3,,162,"1-17周(单),1-18周,1-17周",0,黄强,"1-17周(单) 周三 第1节-第2节 仙Ⅱ-505,1-17周 周五 第5节-第8节 ,1-18周 周五 第3节-第4节 仙Ⅱ-505",4.0,大学计算机基础教学部,否,,"周三,周五,周五",2009-2010-1,,200916001520121,"2008历史学院考古学,2008海外教育学院对外汉语,2008社会学院应用心理学,2008社会学院社会工作,2008社会学院社会学",0,仙林校区,2009-2010学年 第1学期,20121,"仙Ⅱ-505,仙Ⅱ-505,乙201、乙202、乙203、乙204",,否,,,,,,0,大学计算机信息技术,12,"第1节-第2节,第3节-第4节,第5节-第8节",仙II区,60015
64.0,400151,大学计算机信息技术(20091-60015-3),200916001520124,,3,,90,"1-18周,1-18周",0,黄强,"1-18周 周二 第5节-第7节 仙Ⅱ-110,1-18周 周五 第5节-第8节 ",4.0,大学计算机基础教学部,否,,"周二,周五",2009-2010-1,,200916001520124,"2008环境学院环境工程,2008环境学院环境科学",0,仙林校区,2009-2010学年 第1学期,20124,"仙Ⅱ-110,乙210、乙213",,否,,,,,,0,大学计算机信息技术,12,"第5节-第7节,第5节-第8节",仙II区,60015
16.0,400340,体育（三）(20091-60016C-9),200916001619409,,3,,59,1-18周,0,,1-18周 周二 第1节-第2节 ,1.0,体育部,否,,周二,2009-2010-1,,200916001619409,"2008历史学院考古学,2008工程管理学院信息工程,2008工程管理学院金融工程,2008工程管理学院工业工程,2008工程管理学院自动化,2008商学院保险学,2008商学院工商管理（人力资源管理方向）,2008商学院国际经济与贸易（二学位）,2008商学院工商管理（二学位),2008商学院市场营销,2008商学院电子商务,2008商学院金融学,2008商学院财务管理,2008商学院会计学,2008商学院工商管理,2008商学院国际经济与贸易,2008商学院经济学",0,仙林校区,2009-2010学年 第1学期,19409,无,,否,,,,,,0,体育,,第1节-第2节,,60016
16.0,400340,体育（三）(20091-60016C-10),200916001619411,,3,,81,1-17周,0,,1-17周 周二 第3节-第4节 ,1.0,体育部,否,,周二,2009-2010-1,,200916001619411,"2008生命科学学院生物科学类,2008匡亚明学院理强（生物化学）,2008匡亚明学院理强（数理方向）,2008匡亚明学院理科强化班,2008匡亚明学院应用文科强化班,2008生命科学学院生物技术（与药科大学联办）,2008生命科学学院生物科学,2008生命科学学院生物技术",0,仙林校区,2009-2010学年 第1学期,19411,无,,否,,,,,,0,体育,,第3节-第4节,,60016
16.0,400340,体育（三）(20091-60016C-11),200916001619412,,3,,0,1-18周,0,,1-18周 周二 第5节-第6节 ,1.0,体育部,否,,周二,2009-2010-1,,200916001619412,"2008软件学院软件工程,2008海外教育学院汉语言,2008海外教育学院对外汉语",0,仙林校区,2009-2010学年 第1学期,19412,无,,否,,,,,,0,体育,,第5节-第6节,,60016
16.0,400340,体育（三）(20091-60016C-12),200916001619413,,3,,0,1-18周,0,,1-18周 周四 第1节-第2节 ,1.0,体育部,否,,周四,2009-2010-1,,200916001619413,"2008法学院法学,2008医学院临床医学,2008现代工程与应用科学学院材料化学,2008现代工程与应用科学学院材料物理,2008物理学院物理学,2008新闻传播学院新闻学（运动员班）,2008新闻传播学院新闻学（记者班）,2008新闻传播学院广播电视新闻学,2008新闻传播学院广告学,2008新闻传播学院新闻学",0,仙林校区,2009-2010学年 第1学期,19413,无,,否,,,,,,0,体育,,第1节-第2节,,60016
16.0,400340,体育（三）(20091-60016C-13),200916001619415,,3,,1,1-18周,0,,1-18周 周四 第3节-第4节 ,1.0,体育部,否,,周四,2009-2010-1,,200916001619415,"2008政府管理学院政治学与行政学,2008大气科学学院应用气象学,2008大气科学学院大气科学,2008地理与海洋科学学院海洋科学,2008地理与海洋科学学院旅游管理,2008地理与海洋科学学院地理科学,2008地理与海洋科学学院地理信息系统,2008地理与海洋科学学院资源环境与城乡规划管理,2008地球科学与工程学院水文与水资源工程,2008地球科学与工程学院地质工程,2008地球科学与工程学院地球化学,2008地球科学与工程学院地质学,2008数学学院统计学,2008数学学院信息与计算科学,2008数学学院数学与应用数学,2008社会学院应用心理学,2008社会学院社会工作,2008社会学院社会学,2008政府管理学院行政管理（运动员班）,2008政府管理学院行政管理（劳动与社会保障）,2008政府管理学院国际政治,2008政府管理学院行政管理",0,仙林校区,2009-2010学年 第1学期,19415,无,,否,,,,,,0,体育,,第3节-第4节,,60016
16.0,400340,体育（三）(20091-60016C-14),200916001619418,,3,,0,1-18周,0,,1-18周 周四 第5节-第6节 ,1.0,体育部,否,,周四,2009-2010-1,,200916001619418,"2008外国语学院英语,2008计算机学院计算机科学与技术,2008化学学院应用化学,2008化学学院化学,2008外国语学院朝鲜语,2008外国语学院英语(国际商务方向),2008外国语学院西班牙语,2008外国语学院德语,2008外国语学院法语,2008外国语学院日语,2008外国语学院俄语",0,仙林校区,2009-2010学年 第1学期,19418,无,,否,,,,,,0,体育,,第5节-第6节,,60016
16.0,400340,体育（三）(20091-60016C-15),200916001619420,,3,,1,1-18周,0,,1-18周 周五 第1节-第2节 ,1.0,体育部,否,,周五,2009-2010-1,,200916001619420,"2008电子科学与工程学院电子信息科学与技术,2008电子科学与工程学院生物医学工程,2008电子科学与工程学院通信工程,2008电子科学与工程学院声学",0,仙林校区,2009-2010学年 第1学期,19420,无,,否,,,,,,0,体育,,第1节-第2节,,60016
16.0,400340,体育（三）(20091-60016C-16),200916001619421,,3,,0,1-18周,0,,1-18周 周五 第3节-第4节 ,1.0,体育部,否,,周五,2009-2010-1,,200916001619421,"2008信息管理学院信息管理与信息系统,2008环境学院环境科学,2008环境学院环境工程,2008信息管理学院档案学,2008信息管理学院图书馆学",0,仙林校区,2009-2010学年 第1学期,19421,无,,否,,,,,,0,体育,,第3节-第4节,,60016
16.0,400340,重修（1班）（男）,200916001621333,,3,,29,3-17周,0,卢学军,3-17周 周二 第5节-第6节 ,1.0,体育部,否,,周二,2009-2010-1,,200916001621333,,0,仙林校区,2009-2010学年 第1学期,21333,无,,否,,,,,,0,体育,,第5节-第6节,,60016
16.0,400340,重修（1班）（女）,200916001621334,,3,,12,3-17周,0,卢学军,3-17周 周二 第5节-第6节 ,1.0,体育部,否,,周二,2009-2010-1,,200916001621334,,0,仙林校区,2009-2010学年 第1学期,21334,无,,否,,,,,,0,体育,,第5节-第6节,,60016
16.0,400340,重修（2班）（男）,200916001621347,,1,,24,3-17周,0,吴明,3-17周 周二 第7节-第8节 ,1.0,体育部,否,,周二,2009-2010-1,,200916001621347,,0,鼓楼校区,2009-2010学年 第1学期,21347,无,,否,,,,,,0,体育,,第7节-第8节,,60016
16.0,400340,重修（2班）（女）,200916001621348,,1,,6,3-17周,0,吴明,3-17周 周二 第7节-第8节 ,1.0,体育部,否,,周二,2009-2010-1,,200916001621348,,0,鼓楼校区,2009-2010学年 第1学期,21348,无,,否,,,,,,0,体育,,第7节-第8节,,60016
16.0,400340,体育( 重修),200916001637762,,3,,0,1-17周,0,谢争,1-17周 周日 第1节-第2节 ,1.0,体育部,否,,周日,2009-2010-1,,200916001637762,,0,仙林校区,2009-2010学年 第1学期,37762,无,,否,,,,,,0,体育,,第1节-第2节,,60016
16.0,400340,篮球（1）,2009160016C18683,,3,,32,1-17周,0,巩绪伟,1-17周 周二 第1节-第2节 ,1.0,体育部,否,,周二,2009-2010-1,,2009160016C18683,"2008历史学院考古学,2008工程管理学院信息工程,2008工程管理学院金融工程,2008工程管理学院工业工程,2008工程管理学院自动化,2008商学院保险学,2008商学院工商管理（人力资源管理方向）,2008商学院市场营销,2008商学院电子商务,2008商学院金融学,2008商学院财务管理,2008商学院会计学,2008商学院工商管理,2008商学院国际经济与贸易,2008商学院经济学",0,仙林校区,2009-2010学年 第1学期,18683,无,,否,,,,,,0,体育（三）,,第1节-第2节,,60016C
16.0,400340,篮球（3）,2009160016C18684,,3,,32,1-17周,0,巩绪伟,1-17周 周二 第3节-第4节 ,1.0,体育部,否,,周二,2009-2010-1,,2009160016C18684,"2008生命科学学院生物科学类,2008匡亚明学院理强（生物化学）,2008匡亚明学院理强（数理方向）,2008匡亚明学院理科强化班,2008匡亚明学院应用文科强化班,2008生命科学学院生物技术（与药科大学联办）,2008生命科学学院生物科学,2008生命科学学院生物技术",0,仙林校区,2009-2010学年 第1学期,18684,无,,否,,,,,,0,体育（三）,,第3节-第4节,,60016C
16.0,400340,篮球(6),2009160016C18685,,3,,32,1-17周,0,李勇,1-17周 周二 第5节-第6节 ,1.0,体育部,否,,周二,2009-2010-1,,2009160016C18685,"2008软件学院软件工程,2008海外教育学院汉语言,2008海外教育学院对外汉语",0,仙林校区,2009-2010学年 第1学期,18685,无,,否,,,,,,0,体育（三）,,第5节-第6节,,60016C
16.0,400340,篮球（7）,2009160016C18686,,3,,32,1-17周,0,巩绪伟,1-17周 周四 第1节-第2节 ,1.0,体育部,否,,周四,2009-2010-1,,2009160016C18686,"2008法学院法学,2008医学院临床医学,2008现代工程与应用科学学院材料化学,2008现代工程与应用科学学院材料物理,2008物理学院物理学,2008新闻传播学院广播电视新闻学,2008新闻传播学院广告学,2008新闻传播学院新闻学",0,仙林校区,2009-2010学年 第1学期,18686,无,,否,,,,,,0,体育（三）,,第1节-第2节,,60016C
16.0,400340,篮球（9）,2009160016C18687,,3,,32,1-17周,0,巩绪伟,1-17周 周四 第3节-第4节 ,1.0,体育部,否,,周四,2009-2010-1,,2009160016C18687,"2008政府管理学院政治学与行政学,2008教育研究院教育技术学,2008大气科学学院应用气象学,2008大气科学学院大气科学,2008地理与海洋科学学院旅游管理,2008地理与海洋科学学院地理信息系统,2008地理与海洋科学学院资源环境与城乡规划管理,2008地球科学与工程学院水文与水资源工程,2008地球科学与工程学院地质工程,2008地球科学与工程学院地球化学,2008地球科学与工程学院地质学,2008数学学院统计学,2008数学学院信息与计算科学,2008数学学院数学与应用数学,2008社会学院应用心理学,2008社会学院社会工作,2008社会学院社会学,2008政府管理学院行政管理（劳动与社会保障）,2008政府管理学院国际政治,2008政府管理学院行政管理",0,仙林校区,2009-2010学年 第1学期,18687,无,,否,,,,,,0,体育（三）,,第3节-第4节,,60016C
16.0,400340,篮球(12),2009160016C18688,,3,,20,1-17周,0,巩绪伟,1-17周 周四 第5节-第6节 ,1.0,体育部,否,,周四,2009-2010-1,,2009160016C18688,"2008外国语学院英语,2008计算机学院计算机科学与技术,2008化学学院应用化学,2008化学学院化学,2008外国语学院朝鲜语,2008外国语学院英语(国际商务方向),2008外国语学院西班牙语,2008外国语学院德语,2008外国语学院法语,2008外国语学院日语,2008外国语学院俄语",0,仙林校区,2009-2010学年 第1学期,18688,无,,否,,,,,,0,体育（三）,,第5节-第6节,,60016C
16.0,400340,篮球（13）,2009160016C19000,,3,,33,1-17周,0,张弓,1-17周 周五 第1节-第2节 ,1.0,体育部,否,,周五,2009-2010-1,,2009160016C19000,"2008电子科学与工程学院电子信息科学与技术,2008电子科学与工程学院生物医学工程,2008电子科学与工程学院通信工程,2008电子科学与工程学院声学",0,仙林校区,2009-2010学年 第1学期,19000,无,,否,,,,,,0,体育（三）,,第1节-第2节,,60016C
16.0,400340,篮球（14）,2009160016C19002,,3,,38,1-17周,0,张弓,1-17周 周五 第3节-第4节 ,1.0,体育部,否,,周五,2009-2010-1,,2009160016C19002,"2008信息管理学院信息管理与信息系统,2008环境学院环境科学,2008环境学院环境工程,2008信息管理学院档案学,2008信息管理学院图书馆学",0,仙林校区,2009-2010学年 第1学期,19002,无,,否,,,,,,0,体育（三）,,第3节-第4节,,60016C
16.0,400340,排球（13）,2009160016C19640,,3,,30,1-17周,0,许健,1-17周 周五 第1节-第2节 ,1.0,体育部,否,,周五,2009-2010-1,,2009160016C19640,"2008电子科学与工程学院电子信息科学与技术,2008电子科学与工程学院生物医学工程,2008电子科学与工程学院通信工程,2008电子科学与工程学院声学",0,仙林校区,2009-2010学年 第1学期,19640,无,,否,,,,,,0,体育（三）,,第1节-第2节,,60016C
16.0,400340,足球（13）,2009160016C19641,,3,,30,1-17周,0,程涛,1-17周 周五 第1节-第2节 ,1.0,体育部,否,,周五,2009-2010-1,,2009160016C19641,"2008电子科学与工程学院电子信息科学与技术,2008电子科学与工程学院生物医学工程,2008电子科学与工程学院通信工程,2008电子科学与工程学院声学",0,仙林校区,2009-2010学年 第1学期,19641,无,,否,,,,,,0,体育（三）,,第1节-第2节,,60016C
16.0,400340,健美（6）,2009160016C19642,,3,,22,1-17周,0,朱唯唯,1-17周 周五 第1节-第2节 ,1.0,体育部,否,,周五,2009-2010-1,,2009160016C19642,"2008电子科学与工程学院电子信息科学与技术,2008电子科学与工程学院生物医学工程,2008电子科学与工程学院通信工程,2008电子科学与工程学院声学",0,仙林校区,2009-2010学年 第1学期,19642,无,,否,,,,,,0,体育（三）,,第1节-第2节,,60016C
16.0,400340,排球（14）,2009160016C19643,,3,,30,1-17周,0,吕春松,1-17周 周五 第1节-第2节 ,1.0,体育部,否,,周五,2009-2010-1,,2009160016C19643,"2008电子科学与工程学院电子信息科学与技术,2008电子科学与工程学院生物医学工程,2008电子科学与工程学院通信工程,2008电子科学与工程学院声学",0,仙林校区,2009-2010学年 第1学期,19643,无,,否,,,,,,0,体育（三）,,第1节-第2节,,60016C
16.0,400340,羽毛球（13）,2009160016C19644,,3,,17,1-17周,0,冯晓劲,1-17周 周五 第1节-第2节 ,1.0,体育部,否,,周五,2009-2010-1,,2009160016C19644,"2008电子科学与工程学院电子信息科学与技术,2008电子科学与工程学院生物医学工程,2008电子科学与工程学院通信工程,2008电子科学与工程学院声学",0,仙林校区,2009-2010学年 第1学期,19644,无,,否,,,,,,0,体育（三）,,第1节-第2节,,60016C
16.0,400340,羽毛球（13）,2009160016C19645,,3,,13,1-17周,0,冯晓劲,1-17周 周五 第1节-第2节 ,1.0,体育部,否,,周五,2009-2010-1,,2009160016C19645,"2008电子科学与工程学院电子信息科学与技术,2008电子科学与工程学院生物医学工程,2008电子科学与工程学院通信工程,2008电子科学与工程学院声学",0,仙林校区,2009-2010学年 第1学期,19645,无,,否,,,,,,0,体育（三）,,第1节-第2节,,60016C
16.0,400340,足球（14）,2009160016C19646,,3,,19,1-17周,0,程涛,1-17周 周五 第3节-第4节 ,1.0,体育部,否,,周五,2009-2010-1,,2009160016C19646,"2008信息管理学院信息管理与信息系统,2008环境学院环境科学,2008环境学院环境工程,2008信息管理学院档案学,2008信息管理学院图书馆学",0,仙林校区,2009-2010学年 第1学期,19646,无,,否,,,,,,0,体育（三）,,第3节-第4节,,60016C
16.0,400340,篮球（15）,2009160016C19647,,3,,26,1-17周,0,朱唯唯,1-17周 周五 第3节-第4节 ,1.0,体育部,否,,周五,2009-2010-1,,2009160016C19647,"2008信息管理学院信息管理与信息系统,2008环境学院环境科学,2008环境学院环境工程,2008信息管理学院档案学,2008信息管理学院图书馆学",0,仙林校区,2009-2010学年 第1学期,19647,无,,否,,,,,,0,体育（三）,,第3节-第4节,,60016C
16.0,400340,排球（15）,2009160016C19648,,3,,13,1-17周,0,吕春松,1-17周 周五 第3节-第4节 ,1.0,体育部,否,,周五,2009-2010-1,,2009160016C19648,"2008信息管理学院信息管理与信息系统,2008环境学院环境科学,2008环境学院环境工程,2008信息管理学院档案学,2008信息管理学院图书馆学",0,仙林校区,2009-2010学年 第1学期,19648,无,,否,,,,,,0,体育（三）,,第3节-第4节,,60016C
16.0,400340,排球（15）,2009160016C19649,,3,,25,1-17周,0,吕春松,1-17周 周五 第3节-第4节 ,1.0,体育部,否,,周五,2009-2010-1,,2009160016C19649,"2008信息管理学院信息管理与信息系统,2008环境学院环境科学,2008环境学院环境工程,2008信息管理学院档案学,2008信息管理学院图书馆学",0,仙林校区,2009-2010学年 第1学期,19649,无,,否,,,,,,0,体育（三）,,第3节-第4节,,60016C
16.0,400340,羽毛球（14）,2009160016C19650,,3,,28,1-17周,0,冯晓劲,1-17周 周五 第3节-第4节 ,1.0,体育部,否,,周五,2009-2010-1,,2009160016C19650,"2008信息管理学院信息管理与信息系统,2008环境学院环境科学,2008环境学院环境工程,2008信息管理学院档案学,2008信息管理学院图书馆学",0,仙林校区,2009-2010学年 第1学期,19650,无,,否,,,,,,0,体育（三）,,第3节-第4节,,60016C
16.0,400340,羽毛球（14）,2009160016C19653,,3,,10,1-17周,0,冯晓劲,1-17周 周五 第3节-第4节 ,1.0,体育部,否,,周五,2009-2010-1,,2009160016C19653,"2008信息管理学院信息管理与信息系统,2008环境学院环境科学,2008环境学院环境工程,2008信息管理学院档案学,2008信息管理学院图书馆学",0,仙林校区,2009-2010学年 第1学期,19653,无,,否,,,,,,0,体育（三）,,第3节-第4节,,60016C
16.0,400340,篮球（2）,2009160016C19895,,3,,33,1-17周,0,李勇,1-17周 周二 第1节-第2节 ,1.0,体育部,否,,周二,2009-2010-1,,2009160016C19895,"2008历史学院考古学,2008工程管理学院信息工程,2008工程管理学院金融工程,2008工程管理学院工业工程,2008工程管理学院自动化,2008商学院保险学,2008商学院工商管理（人力资源管理方向）,2008商学院市场营销,2008商学院电子商务,2008商学院金融学,2008商学院财务管理,2008商学院会计学,2008商学院工商管理,2008商学院国际经济与贸易,2008商学院经济学",0,仙林校区,2009-2010学年 第1学期,19895,无,,否,,,,,,0,体育（三）,,第1节-第2节,,60016C
16.0,400340,乒乓球（1）,2009160016C19898,,3,,32,1-17周,0,尹克丽,1-17周 周二 第1节-第2节 ,1.0,体育部,否,,周二,2009-2010-1,,2009160016C19898,"2008历史学院考古学,2008工程管理学院信息工程,2008工程管理学院金融工程,2008工程管理学院工业工程,2008工程管理学院自动化,2008商学院保险学,2008商学院工商管理（人力资源管理方向）,2008商学院市场营销,2008商学院电子商务,2008商学院金融学,2008商学院财务管理,2008商学院会计学,2008商学院工商管理,2008商学院国际经济与贸易,2008商学院经济学",0,仙林校区,2009-2010学年 第1学期,19898,无,,否,,,,,,0,体育（三）,,第1节-第2节,,60016C
16.0,400340,足球（1）,2009160016C19899,,3,,32,1-17周,0,李俊,1-17周 周二 第1节-第2节 ,1.0,体育部,否,,周二,2009-2010-1,,2009160016C19899,"2008历史学院考古学,2008工程管理学院信息工程,2008工程管理学院金融工程,2008工程管理学院工业工程,2008工程管理学院自动化,2008商学院保险学,2008商学院工商管理（人力资源管理方向）,2008商学院市场营销,2008商学院电子商务,2008商学院金融学,2008商学院财务管理,2008商学院会计学,2008商学院工商管理,2008商学院国际经济与贸易,2008商学院经济学",0,仙林校区,2009-2010学年 第1学期,19899,无,,否,,,,,,0,体育（三）,,第1节-第2节,,60016C
16.0,400340,足球（2）,2009160016C19902,,3,,20,1-17周,0,卢学军,1-17周 周二 第1节-第2节 ,1.0,体育部,否,,周二,2009-2010-1,,2009160016C19902,"2008历史学院考古学,2008工程管理学院信息工程,2008工程管理学院金融工程,2008工程管理学院工业工程,2008工程管理学院自动化,2008商学院保险学,2008商学院工商管理（人力资源管理方向）,2008商学院市场营销,2008商学院电子商务,2008商学院金融学,2008商学院财务管理,2008商学院会计学,2008商学院工商管理,2008商学院国际经济与贸易,2008商学院经济学",0,仙林校区,2009-2010学年 第1学期,19902,无,,否,,,,,,0,体育（三）,,第1节-第2节,,60016C
16.0,400340,羽毛球（1）,2009160016C19903,,3,,33,1-17周,0,邵力平,1-17周 周二 第1节-第2节 ,1.0,体育部,否,,周二,2009-2010-1,,2009160016C19903,"2008历史学院考古学,2008工程管理学院信息工程,2008工程管理学院金融工程,2008工程管理学院工业工程,2008工程管理学院自动化,2008商学院保险学,2008商学院工商管理（人力资源管理方向）,2008商学院市场营销,2008商学院电子商务,2008商学院金融学,2008商学院财务管理,2008商学院会计学,2008商学院工商管理,2008商学院国际经济与贸易,2008商学院经济学",0,仙林校区,2009-2010学年 第1学期,19903,无,,否,,,,,,0,体育（三）,,第1节-第2节,,60016C
16.0,400340,排球（1）,2009160016C19905,,3,,34,1-17周,0,宋杨,1-17周 周二 第1节-第2节 ,1.0,体育部,否,,周二,2009-2010-1,,2009160016C19905,"2008历史学院考古学,2008工程管理学院信息工程,2008工程管理学院金融工程,2008工程管理学院工业工程,2008工程管理学院自动化,2008商学院保险学,2008商学院工商管理（人力资源管理方向）,2008商学院市场营销,2008商学院电子商务,2008商学院金融学,2008商学院财务管理,2008商学院工商管理,2008商学院国际经济与贸易,2008商学院经济学",0,仙林校区,2009-2010学年 第1学期,19905,无,,否,,,,,,0,体育（三）,,第1节-第2节,,60016C
16.0,400340,武术（散打）（1）,2009160016C19906,,3,,33,1-17周,0,谢坚,1-17周 周二 第1节-第2节 ,1.0,体育部,否,,周二,2009-2010-1,,2009160016C19906,"2008历史学院考古学,2008工程管理学院信息工程,2008工程管理学院金融工程,2008工程管理学院工业工程,2008工程管理学院自动化,2008商学院保险学,2008商学院工商管理（人力资源管理方向）,2008商学院市场营销,2008商学院电子商务,2008商学院金融学,2008商学院财务管理,2008商学院会计学,2008商学院工商管理,2008商学院国际经济与贸易,2008商学院经济学",0,仙林校区,2009-2010学年 第1学期,19906,无,,否,,,,,,0,体育（三）,,第1节-第2节,,60016C
16.0,400340,跆拳道（1）,2009160016C19908,,3,,33,1-17周,0,李文龙,1-17周 周二 第1节-第2节 ,1.0,体育部,否,,周二,2009-2010-1,,2009160016C19908,"2008历史学院考古学,2008工程管理学院信息工程,2008工程管理学院金融工程,2008工程管理学院工业工程,2008工程管理学院自动化,2008商学院保险学,2008商学院工商管理（人力资源管理方向）,2008商学院市场营销,2008商学院电子商务,2008商学院金融学,2008商学院财务管理,2008商学院会计学,2008商学院工商管理,2008商学院国际经济与贸易,2008商学院经济学",0,仙林校区,2009-2010学年 第1学期,19908,无,,否,,,,,,0,体育（三）,,第1节-第2节,,60016C
16.0,400340,排球（2）,2009160016C19909,,3,,32,1-17周,0,吕春松,1-17周 周二 第1节-第2节 ,1.0,体育部,否,,周二,2009-2010-1,,2009160016C19909,"2008历史学院考古学,2008工程管理学院信息工程,2008工程管理学院金融工程,2008工程管理学院工业工程,2008工程管理学院自动化,2008商学院保险学,2008商学院工商管理（人力资源管理方向）,2008商学院市场营销,2008商学院电子商务,2008商学院金融学,2008商学院财务管理,2008商学院会计学,2008商学院工商管理,2008商学院国际经济与贸易,2008商学院经济学",0,仙林校区,2009-2010学年 第1学期,19909,无,,否,,,,,,0,体育（三）,,第1节-第2节,,60016C
16.0,400340,乒乓球（2）,2009160016C19910,,3,,32,1-17周,0,张杰,1-17周 周二 第1节-第2节 ,1.0,体育部,否,,周二,2009-2010-1,,2009160016C19910,"2008历史学院考古学,2008工程管理学院信息工程,2008工程管理学院金融工程,2008工程管理学院工业工程,2008工程管理学院自动化,2008商学院保险学,2008商学院工商管理（人力资源管理方向）,2008商学院市场营销,2008商学院电子商务,2008商学院金融学,2008商学院财务管理,2008商学院会计学,2008商学院工商管理,2008商学院国际经济与贸易,2008商学院经济学",0,仙林校区,2009-2010学年 第1学期,19910,无,,否,,,,,,0,体育（三）,,第1节-第2节,,60016C
16.0,400340,羽毛球（2）,2009160016C19911,,3,,33,1-17周,0,吴明,1-17周 周二 第1节-第2节 ,1.0,体育部,否,,周二,2009-2010-1,,2009160016C19911,"2008历史学院考古学,2008工程管理学院信息工程,2008工程管理学院金融工程,2008工程管理学院工业工程,2008工程管理学院自动化,2008商学院保险学,2008商学院工商管理（人力资源管理方向）,2008商学院市场营销,2008商学院电子商务,2008商学院金融学,2008商学院财务管理,2008商学院会计学,2008商学院工商管理,2008商学院国际经济与贸易,2008商学院经济学",0,仙林校区,2009-2010学年 第1学期,19911,无,,否,,,,,,0,体育（三）,,第1节-第2节,,60016C
16.0,400340,武术（长拳）（1）,2009160016C19912,,3,,34,1-17周,0,燕明剑,1-17周 周二 第1节-第2节 ,1.0,体育部,否,,周二,2009-2010-1,,2009160016C19912,"2008历史学院考古学,2008工程管理学院信息工程,2008工程管理学院金融工程,2008工程管理学院工业工程,2008工程管理学院自动化,2008商学院保险学,2008商学院工商管理（人力资源管理方向）,2008商学院市场营销,2008商学院电子商务,2008商学院金融学,2008商学院财务管理,2008商学院会计学,2008商学院工商管理,2008商学院国际经济与贸易,2008商学院经济学",0,仙林校区,2009-2010学年 第1学期,19912,无,,否,,,,,,0,体育（三）,,第1节-第2节,,60016C
16.0,400340,网球（1）,2009160016C19913,,3,,32,1-17周,0,问梅,1-17周 周二 第1节-第2节 ,1.0,体育部,否,,周二,2009-2010-1,,2009160016C19913,"2008历史学院考古学,2008工程管理学院信息工程,2008工程管理学院金融工程,2008工程管理学院工业工程,2008工程管理学院自动化,2008商学院保险学,2008商学院工商管理（人力资源管理方向）,2008商学院市场营销,2008商学院电子商务,2008商学院金融学,2008商学院财务管理,2008商学院会计学,2008商学院工商管理,2008商学院国际经济与贸易,2008商学院经济学",0,仙林校区,2009-2010学年 第1学期,19913,无,,否,,,,,,0,体育（三）,,第1节-第2节,,60016C
16.0,400340,毽球（1）,2009160016C19914,,3,,30,1-17周,0,龚晖晖,1-17周 周二 第1节-第2节 ,1.0,体育部,否,,周二,2009-2010-1,,2009160016C19914,"2008历史学院考古学,2008工程管理学院信息工程,2008工程管理学院金融工程,2008工程管理学院工业工程,2008工程管理学院自动化,2008商学院保险学,2008商学院工商管理（人力资源管理方向）,2008商学院市场营销,2008商学院电子商务,2008商学院金融学,2008商学院财务管理,2008商学院会计学,2008商学院工商管理,2008商学院国际经济与贸易,2008商学院经济学",0,仙林校区,2009-2010学年 第1学期,19914,无,,否,,,,,,0,体育（三）,,第1节-第2节,,60016C
16.0,400340,健美操（1）,2009160016C19915,,3,,32,1-17周,0,唐苏丽,1-17周 周二 第1节-第2节 ,1.0,体育部,否,,周二,2009-2010-1,,2009160016C19915,"2008历史学院考古学,2008工程管理学院信息工程,2008工程管理学院金融工程,2008工程管理学院工业工程,2008工程管理学院自动化,2008商学院保险学,2008商学院工商管理（人力资源管理方向）,2008商学院市场营销,2008商学院电子商务,2008商学院金融学,2008商学院财务管理,2008商学院会计学,2008商学院工商管理,2008商学院国际经济与贸易,2008商学院经济学",0,仙林校区,2009-2010学年 第1学期,19915,无,,否,,,,,,0,体育（三）,,第1节-第2节,,60016C
16.0,400340,健美（1）,2009160016C19916,,3,,24,1-17周,0,朱唯唯,1-17周 周二 第1节-第2节 ,1.0,体育部,否,,周二,2009-2010-1,,2009160016C19916,"2008历史学院考古学,2008工程管理学院信息工程,2008工程管理学院金融工程,2008工程管理学院工业工程,2008工程管理学院自动化,2008商学院保险学,2008商学院工商管理（人力资源管理方向）,2008商学院市场营销,2008商学院电子商务,2008商学院金融学,2008商学院财务管理,2008商学院会计学,2008商学院工商管理,2008商学院国际经济与贸易,2008商学院经济学",0,仙林校区,2009-2010学年 第1学期,19916,无,,否,,,,,,0,体育（三）,,第1节-第2节,,60016C
16.0,400340,篮球（4）,2009160016C19921,,3,,32,1-17周,0,李勇,1-17周 周二 第3节-第4节 ,1.0,体育部,否,,周二,2009-2010-1,,2009160016C19921,"2008生命科学学院生物科学类,2008匡亚明学院理强（生物化学）,2008匡亚明学院理强（数理方向）,2008匡亚明学院理科强化班,2008匡亚明学院应用文科强化班,2008生命科学学院生物技术（与药科大学联办）,2008生命科学学院生物科学,2008生命科学学院生物技术",0,仙林校区,2009-2010学年 第1学期,19921,无,,否,,,,,,0,体育（三）,,第3节-第4节,,60016C
16.0,400340,乒乓球（3）,2009160016C19922,,3,,32,1-17周,0,尹克丽,1-17周 周二 第3节-第4节 ,1.0,体育部,否,,周二,2009-2010-1,,2009160016C19922,"2008生命科学学院生物科学类,2008匡亚明学院理强（生物化学）,2008匡亚明学院理强（数理方向）,2008匡亚明学院理科强化班,2008匡亚明学院应用文科强化班,2008生命科学学院生物技术（与药科大学联办）,2008生命科学学院生物科学,2008生命科学学院生物技术",0,仙林校区,2009-2010学年 第1学期,19922,无,,否,,,,,,0,体育（三）,,第3节-第4节,,60016C
16.0,400340,足球（3）,2009160016C19923,,3,,32,1-17周,0,李俊,1-17周 周二 第3节-第4节 ,1.0,体育部,否,,周二,2009-2010-1,,2009160016C19923,"2008生命科学学院生物科学类,2008匡亚明学院理强（生物化学）,2008匡亚明学院理强（数理方向）,2008匡亚明学院理科强化班,2008匡亚明学院应用文科强化班,2008生命科学学院生物技术（与药科大学联办）,2008生命科学学院生物科学,2008生命科学学院生物技术",0,仙林校区,2009-2010学年 第1学期,19923,无,,否,,,,,,0,体育（三）,,第3节-第4节,,60016C
16.0,400340,足球（4）,2009160016C19966,,3,,25,1-17周,0,卢学军,1-17周 周二 第3节-第4节 ,1.0,体育部,否,,周二,2009-2010-1,,2009160016C19966,"2008生命科学学院生物科学类,2008匡亚明学院理强（生物化学）,2008匡亚明学院理强（数理方向）,2008匡亚明学院理科强化班,2008匡亚明学院应用文科强化班,2008生命科学学院生物技术（与药科大学联办）,2008生命科学学院生物科学,2008生命科学学院生物技术",0,仙林校区,2009-2010学年 第1学期,19966,无,,否,,,,,,0,体育（三）,,第3节-第4节,,60016C
16.0,400340,羽毛球（3）,2009160016C19967,,3,,33,1-17周,0,邵力平,1-17周 周二 第3节-第4节 ,1.0,体育部,否,,周二,2009-2010-1,,2009160016C19967,"2008生命科学学院生物科学类,2008匡亚明学院理强（生物化学）,2008匡亚明学院理强（数理方向）,2008匡亚明学院理科强化班,2008匡亚明学院应用文科强化班,2008生命科学学院生物技术（与药科大学联办）,2008生命科学学院生物科学,2008生命科学学院生物技术",0,仙林校区,2009-2010学年 第1学期,19967,无,,否,,,,,,0,体育（三）,,第3节-第4节,,60016C
16.0,400340,排球（3）,2009160016C19968,,3,,32,1-17周,0,宋杨,1-17周 周二 第3节-第4节 ,1.0,体育部,否,,周二,2009-2010-1,,2009160016C19968,"2008生命科学学院生物科学类,2008匡亚明学院理强（生物化学）,2008匡亚明学院理强（数理方向）,2008匡亚明学院理科强化班,2008匡亚明学院应用文科强化班,2008生命科学学院生物技术（与药科大学联办）,2008生命科学学院生物科学,2008生命科学学院生物技术",0,仙林校区,2009-2010学年 第1学期,19968,无,,否,,,,,,0,体育（三）,,第3节-第4节,,60016C
16.0,400340,武术（散打）（2）,2009160016C19969,,3,,36,1-17周,0,谢坚,1-17周 周二 第3节-第4节 ,1.0,体育部,否,,周二,2009-2010-1,,2009160016C19969,"2008生命科学学院生物科学类,2008匡亚明学院理强（生物化学）,2008匡亚明学院理强（数理方向）,2008匡亚明学院理科强化班,2008匡亚明学院应用文科强化班,2008生命科学学院生物技术（与药科大学联办）,2008生命科学学院生物科学,2008生命科学学院生物技术",0,仙林校区,2009-2010学年 第1学期,19969,无,,否,,,,,,0,体育（三）,,第3节-第4节,,60016C
16.0,400340,毽球（2）,2009160016C19970,,3,,2,1-17周,0,龚晖晖,1-17周 周二 第3节-第4节 ,1.0,体育部,否,,周二,2009-2010-1,,2009160016C19970,"2008生命科学学院生物科学类,2008匡亚明学院理强（生物化学）,2008匡亚明学院理强（数理方向）,2008匡亚明学院理科强化班,2008匡亚明学院应用文科强化班,2008生命科学学院生物技术（与药科大学联办）,2008生命科学学院生物科学,2008生命科学学院生物技术",0,仙林校区,2009-2010学年 第1学期,19970,无,,否,,,,,,0,体育（三）,,第3节-第4节,,60016C
16.0,400340,网球（2）,2009160016C19972,,3,,16,1-17周,0,问梅,1-17周 周二 第3节-第4节 ,1.0,体育部,否,,周二,2009-2010-1,,2009160016C19972,"2008生命科学学院生物科学类,2008匡亚明学院理强（生物化学）,2008匡亚明学院理强（数理方向）,2008匡亚明学院理科强化班,2008匡亚明学院应用文科强化班,2008生命科学学院生物技术（与药科大学联办）,2008生命科学学院生物科学,2008生命科学学院生物技术",0,仙林校区,2009-2010学年 第1学期,19972,无,,否,,,,,,0,体育（三）,,第3节-第4节,,60016C
16.0,400340,网球（2）,2009160016C19985,,3,,15,1-17周,0,问梅,1-17周 周二 第3节-第4节 ,1.0,体育部,否,,周二,2009-2010-1,,2009160016C19985,"2008生命科学学院生物科学类,2008匡亚明学院理强（生物化学）,2008匡亚明学院理强（数理方向）,2008匡亚明学院理科强化班,2008匡亚明学院应用文科强化班,2008生命科学学院生物技术（与药科大学联办）,2008生命科学学院生物科学,2008生命科学学院生物技术",0,仙林校区,2009-2010学年 第1学期,19985,无,,否,,,,,,0,体育（三）,,第3节-第4节,,60016C
16.0,400340,跆拳道（2）,2009160016C19987,,3,,28,1-17周,0,李文龙,1-17周 周二 第3节-第4节 ,1.0,体育部,否,,周二,2009-2010-1,,2009160016C19987,"2008生命科学学院生物科学类,2008匡亚明学院理强（生物化学）,2008匡亚明学院理强（数理方向）,2008匡亚明学院理科强化班,2008匡亚明学院应用文科强化班,2008生命科学学院生物技术（与药科大学联办）,2008生命科学学院生物科学,2008生命科学学院生物技术",0,仙林校区,2009-2010学年 第1学期,19987,无,,否,,,,,,0,体育（三）,,第3节-第4节,,60016C
16.0,400340,健美（2）,2009160016C19989,,3,,26,1-17周,0,朱唯唯,1-17周 周二 第3节-第4节 ,1.0,体育部,否,,周二,2009-2010-1,,2009160016C19989,"2008生命科学学院生物科学类,2008匡亚明学院理强（生物化学）,2008匡亚明学院理强（数理方向）,2008匡亚明学院理科强化班,2008匡亚明学院应用文科强化班,2008生命科学学院生物技术（与药科大学联办）,2008生命科学学院生物科学,2008生命科学学院生物技术",0,仙林校区,2009-2010学年 第1学期,19989,无,,否,,,,,,0,体育（三）,,第3节-第4节,,60016C
16.0,400340,健美操（2）,2009160016C19990,,3,,34,1-17周,0,唐苏丽,1-17周 周二 第3节-第4节 ,1.0,体育部,否,,周二,2009-2010-1,,2009160016C19990,"2008生命科学学院生物科学类,2008匡亚明学院理强（生物化学）,2008匡亚明学院理强（数理方向）,2008匡亚明学院理科强化班,2008匡亚明学院应用文科强化班,2008生命科学学院生物技术（与药科大学联办）,2008生命科学学院生物科学,2008生命科学学院生物技术",0,仙林校区,2009-2010学年 第1学期,19990,无,,否,,,,,,0,体育（三）,,第3节-第4节,,60016C
16.0,400340,乒乓球（4）,2009160016C19992,,3,,30,1-17周,0,张杰,1-17周 周二 第3节-第4节 ,1.0,体育部,否,,周二,2009-2010-1,,2009160016C19992,"2008生命科学学院生物科学类,2008匡亚明学院理强（生物化学）,2008匡亚明学院理强（数理方向）,2008匡亚明学院理科强化班,2008匡亚明学院应用文科强化班,2008生命科学学院生物技术（与药科大学联办）,2008生命科学学院生物科学,2008生命科学学院生物技术",0,仙林校区,2009-2010学年 第1学期,19992,无,,否,,,,,,0,体育（三）,,第3节-第4节,,60016C
16.0,400340,羽毛球（4）,2009160016C19993,,3,,23,1-17周,0,吴明,1-17周 周二 第3节-第4节 ,1.0,体育部,否,,周二,2009-2010-1,,2009160016C19993,"2008生命科学学院生物科学类,2008匡亚明学院理强（生物化学）,2008匡亚明学院理强（数理方向）,2008匡亚明学院理科强化班,2008匡亚明学院应用文科强化班,2008生命科学学院生物技术（与药科大学联办）,2008生命科学学院生物科学,2008生命科学学院生物技术",0,仙林校区,2009-2010学年 第1学期,19993,无,,否,,,,,,0,体育（三）,,第3节-第4节,,60016C
16.0,400340,武术（长拳）（2）,2009160016C19996,,3,,32,1-17周,0,燕明剑,1-17周 周二 第3节-第4节 ,1.0,体育部,否,,周二,2009-2010-1,,2009160016C19996,"2008生命科学学院生物科学类,2008匡亚明学院理强（生物化学）,2008匡亚明学院理强（数理方向）,2008匡亚明学院理科强化班,2008匡亚明学院应用文科强化班,2008生命科学学院生物技术（与药科大学联办）,2008生命科学学院生物科学,2008生命科学学院生物技术",0,仙林校区,2009-2010学年 第1学期,19996,无,,否,,,,,,0,体育（三）,,第3节-第4节,,60016C
16.0,400340,排球（4）,2009160016C19998,,3,,21,1-17周,0,吕春松,1-17周 周二 第3节-第4节 ,1.0,体育部,否,,周二,2009-2010-1,,2009160016C19998,"2008生命科学学院生物科学类,2008匡亚明学院理强（生物化学）,2008匡亚明学院理强（数理方向）,2008匡亚明学院理科强化班,2008匡亚明学院应用文科强化班,2008生命科学学院生物技术（与药科大学联办）,2008生命科学学院生物科学,2008生命科学学院生物技术",0,仙林校区,2009-2010学年 第1学期,19998,无,,否,,,,,,0,体育（三）,,第3节-第4节,,60016C
16.0,400340,篮球（5）,2009160016C20074,,3,,27,1-17周,0,巩绪伟,1-17周 周二 第5节-第6节 ,1.0,体育部,否,,周二,2009-2010-1,,2009160016C20074,"2008软件学院软件工程,2008海外教育学院汉语言,2008海外教育学院对外汉语",0,仙林校区,2009-2010学年 第1学期,20074,无,,否,,,,,,0,体育（三）,,第5节-第6节,,60016C
16.0,400340,乒乓球（5）,2009160016C20075,,3,,32,1-17周,0,尹克丽,1-17周 周二 第5节-第6节 ,1.0,体育部,否,,周二,2009-2010-1,,2009160016C20075,"2008软件学院软件工程,2008海外教育学院汉语言,2008海外教育学院对外汉语",0,仙林校区,2009-2010学年 第1学期,20075,无,,否,,,,,,0,体育（三）,,第5节-第6节,,60016C
16.0,400340,足球（5）,2009160016C20076,,3,,23,1-17周,0,李俊,1-17周 周二 第5节-第6节 ,1.0,体育部,否,,周二,2009-2010-1,,2009160016C20076,"2008软件学院软件工程,2008海外教育学院汉语言,2008海外教育学院对外汉语",0,仙林校区,2009-2010学年 第1学期,20076,无,,否,,,,,,0,体育（三）,,第5节-第6节,,60016C
16.0,400340,足球（6）,2009160016C20077,,3,,8,1-17周,0,卢学军,1-17周 周二 第5节-第6节 ,1.0,体育部,否,,周二,2009-2010-1,,2009160016C20077,"2008软件学院软件工程,2008海外教育学院汉语言,2008海外教育学院对外汉语",0,仙林校区,2009-2010学年 第1学期,20077,无,,否,,,,,,0,体育（三）,,第5节-第6节,,60016C
16.0,400340,羽毛球（5）,2009160016C20078,,3,,32,1-17周,0,邵力平,1-17周 周二 第5节-第6节 ,1.0,体育部,否,,周二,2009-2010-1,,2009160016C20078,"2008软件学院软件工程,2008海外教育学院汉语言,2008海外教育学院对外汉语",0,仙林校区,2009-2010学年 第1学期,20078,无,,否,,,,,,0,体育（三）,,第5节-第6节,,60016C
16.0,400340,排球（5）,2009160016C20084,,3,,17,1-17周,0,宋杨,1-17周 周二 第5节-第6节 ,1.0,体育部,否,,周二,2009-2010-1,,2009160016C20084,"2008软件学院软件工程,2008海外教育学院汉语言,2008海外教育学院对外汉语",0,仙林校区,2009-2010学年 第1学期,20084,无,,否,,,,,,0,体育（三）,,第5节-第6节,,60016C
16.0,400340,武术（散打）（3）,2009160016C20085,,3,,32,1-17周,0,谢坚,1-17周 周二 第5节-第6节 ,1.0,体育部,否,,周二,2009-2010-1,,2009160016C20085,"2008软件学院软件工程,2008海外教育学院汉语言,2008海外教育学院对外汉语",0,仙林校区,2009-2010学年 第1学期,20085,无,,否,,,,,,0,体育（三）,,第5节-第6节,,60016C
16.0,400340,跆拳道（3）,2009160016C20087,,3,,29,1-17周,0,李文龙,1-17周 周二 第5节-第6节 ,1.0,体育部,否,,周二,2009-2010-1,,2009160016C20087,"2008软件学院软件工程,2008海外教育学院汉语言,2008海外教育学院对外汉语",0,仙林校区,2009-2010学年 第1学期,20087,无,,否,,,,,,0,体育（三）,,第5节-第6节,,60016C
16.0,400340,健美操（3）,2009160016C20088,,3,,32,1-17周,0,唐苏丽,1-17周 周二 第5节-第6节 ,1.0,体育部,否,,周二,2009-2010-1,,2009160016C20088,"2008软件学院软件工程,2008海外教育学院汉语言,2008海外教育学院对外汉语",0,仙林校区,2009-2010学年 第1学期,20088,无,,否,,,,,,0,体育（三）,,第5节-第6节,,60016C
16.0,400340,乒乓球（6）,2009160016C20089,,3,,30,1-17周,0,张杰,1-17周 周二 第5节-第6节 ,1.0,体育部,否,,周二,2009-2010-1,,2009160016C20089,"2008软件学院软件工程,2008海外教育学院汉语言,2008海外教育学院对外汉语",0,仙林校区,2009-2010学年 第1学期,20089,无,,否,,,,,,0,体育（三）,,第5节-第6节,,60016C
16.0,400340,羽毛球（6）,2009160016C20090,,3,,30,1-17周,0,吴明,1-17周 周二 第5节-第6节 ,1.0,体育部,否,,周二,2009-2010-1,,2009160016C20090,"2008软件学院软件工程,2008海外教育学院汉语言,2008海外教育学院对外汉语",0,仙林校区,2009-2010学年 第1学期,20090,无,,否,,,,,,0,体育（三）,,第5节-第6节,,60016C
16.0,400340,武术（长拳）（3）,2009160016C20091,,3,,30,1-17周,0,燕明剑,1-17周 周二 第5节-第6节 ,1.0,体育部,否,,周二,2009-2010-1,,2009160016C20091,"2008软件学院软件工程,2008海外教育学院汉语言,2008海外教育学院对外汉语",0,仙林校区,2009-2010学年 第1学期,20091,无,,否,,,,,,0,体育（三）,,第5节-第6节,,60016C
16.0,400340,毽球（3）,2009160016C20092,,3,,6,1-17周,0,龚晖晖,1-17周 周二 第5节-第6节 ,1.0,体育部,否,,周二,2009-2010-1,,2009160016C20092,"2008软件学院软件工程,2008海外教育学院汉语言,2008海外教育学院对外汉语",0,仙林校区,2009-2010学年 第1学期,20092,无,,否,,,,,,0,体育（三）,,第5节-第6节,,60016C
16.0,400340,排球（6）,2009160016C20093,,3,,17,1-17周,0,吕春松,1-17周 周二 第5节-第6节 ,1.0,体育部,否,,周二,2009-2010-1,,2009160016C20093,"2008软件学院软件工程,2008海外教育学院汉语言,2008海外教育学院对外汉语",0,仙林校区,2009-2010学年 第1学期,20093,无,,否,,,,,,0,体育（三）,,第5节-第6节,,60016C
16.0,400340,网球（3）,2009160016C20094,,3,,29,1-17周,0,问梅,1-17周 周二 第5节-第6节 ,1.0,体育部,否,,周二,2009-2010-1,,2009160016C20094,"2008软件学院软件工程,2008海外教育学院汉语言,2008海外教育学院对外汉语",0,仙林校区,2009-2010学年 第1学期,20094,无,,否,,,,,,0,体育（三）,,第5节-第6节,,60016C
16.0,400340,篮球（8）,2009160016C20100,,3,,35,1-17周,0,李勇,1-17周 周四 第1节-第2节 ,1.0,体育部,否,,周四,2009-2010-1,,2009160016C20100,"2008法学院法学,2008医学院临床医学,2008现代工程与应用科学学院材料化学,2008现代工程与应用科学学院材料物理,2008物理学院物理学,2008新闻传播学院广播电视新闻学,2008新闻传播学院广告学,2008新闻传播学院新闻学",0,仙林校区,2009-2010学年 第1学期,20100,无,,否,,,,,,0,体育（三）,,第1节-第2节,,60016C
16.0,400340,排球（7）,2009160016C20101,,3,,32,1-17周,0,宋杨,1-17周 周四 第1节-第2节 ,1.0,体育部,否,,周四,2009-2010-1,,2009160016C20101,"2008法学院法学,2008医学院临床医学,2008现代工程与应用科学学院材料化学,2008现代工程与应用科学学院材料物理,2008物理学院物理学,2008新闻传播学院广播电视新闻学,2008新闻传播学院广告学,2008新闻传播学院新闻学",0,仙林校区,2009-2010学年 第1学期,20101,无,,否,,,,,,0,体育（三）,,第1节-第2节,,60016C
16.0,400340,足球（7）,2009160016C20102,,3,,32,1-17周,0,李俊,1-17周 周四 第1节-第2节 ,1.0,体育部,否,,周四,2009-2010-1,,2009160016C20102,"2008法学院法学,2008医学院临床医学,2008现代工程与应用科学学院材料化学,2008现代工程与应用科学学院材料物理,2008物理学院物理学,2008新闻传播学院广播电视新闻学,2008新闻传播学院广告学,2008新闻传播学院新闻学",0,仙林校区,2009-2010学年 第1学期,20102,无,,否,,,,,,0,体育（三）,,第1节-第2节,,60016C
16.0,400340,足球（8）,2009160016C20103,,3,,31,1-17周,0,邵力平,1-17周 周四 第1节-第2节 ,1.0,体育部,否,,周四,2009-2010-1,,2009160016C20103,"2008法学院法学,2008医学院临床医学,2008现代工程与应用科学学院材料化学,2008现代工程与应用科学学院材料物理,2008物理学院物理学,2008新闻传播学院广播电视新闻学,2008新闻传播学院广告学,2008新闻传播学院新闻学",0,仙林校区,2009-2010学年 第1学期,20103,无,,否,,,,,,0,体育（三）,,第1节-第2节,,60016C
16.0,400340,乒乓球（7）,2009160016C20104,,3,,32,1-17周,0,尹克丽,1-17周 周四 第1节-第2节 ,1.0,体育部,否,,周四,2009-2010-1,,2009160016C20104,"2008法学院法学,2008医学院临床医学,2008现代工程与应用科学学院材料化学,2008现代工程与应用科学学院材料物理,2008物理学院物理学,2008新闻传播学院广播电视新闻学,2008新闻传播学院广告学,2008新闻传播学院新闻学",0,仙林校区,2009-2010学年 第1学期,20104,无,,否,,,,,,0,体育（三）,,第1节-第2节,,60016C
16.0,400340,羽毛球（7）,2009160016C20105,,3,,32,1-17周,0,张杰,1-17周 周四 第1节-第2节 ,1.0,体育部,否,,周四,2009-2010-1,,2009160016C20105,"2008法学院法学,2008医学院临床医学,2008现代工程与应用科学学院材料化学,2008现代工程与应用科学学院材料物理,2008物理学院物理学,2008新闻传播学院广播电视新闻学,2008新闻传播学院广告学,2008新闻传播学院新闻学",0,仙林校区,2009-2010学年 第1学期,20105,无,,否,,,,,,0,体育（三）,,第1节-第2节,,60016C
16.0,400340,健美（3）,2009160016C20132,,3,,17,1-17周,0,李海军,1-17周 周四 第1节-第2节 ,1.0,体育部,否,,周四,2009-2010-1,,2009160016C20132,"2008法学院法学,2008医学院临床医学,2008现代工程与应用科学学院材料化学,2008现代工程与应用科学学院材料物理,2008物理学院物理学,2008新闻传播学院广播电视新闻学,2008新闻传播学院广告学,2008新闻传播学院新闻学",0,仙林校区,2009-2010学年 第1学期,20132,无,,否,,,,,,0,体育（三）,,第1节-第2节,,60016C
16.0,400340,跆拳道（4）,2009160016C20176,,3,,32,1-17周,0,李文龙,1-17周 周四 第1节-第2节 ,1.0,体育部,否,,周四,2009-2010-1,,2009160016C20176,"2008法学院法学,2008医学院临床医学,2008现代工程与应用科学学院材料化学,2008现代工程与应用科学学院材料物理,2008物理学院物理学,2008新闻传播学院广播电视新闻学,2008新闻传播学院广告学,2008新闻传播学院新闻学",0,仙林校区,2009-2010学年 第1学期,20176,无,,否,,,,,,0,体育（三）,,第1节-第2节,,60016C
16.0,400340,武术（散打）（4）,2009160016C20177,,3,,32,1-17周,0,谢坚,1-17周 周四 第1节-第2节 ,1.0,体育部,否,,周四,2009-2010-1,,2009160016C20177,"2008法学院法学,2008医学院临床医学,2008现代工程与应用科学学院材料化学,2008现代工程与应用科学学院材料物理,2008物理学院物理学,2008新闻传播学院广播电视新闻学,2008新闻传播学院广告学,2008新闻传播学院新闻学",0,仙林校区,2009-2010学年 第1学期,20177,无,,否,,,,,,0,体育（三）,,第1节-第2节,,60016C
16.0,400340,健美操（4）,2009160016C20178,,3,,33,1-17周,0,唐苏丽,1-17周 周四 第1节-第2节 ,1.0,体育部,否,,周四,2009-2010-1,,2009160016C20178,"2008法学院法学,2008医学院临床医学,2008现代工程与应用科学学院材料化学,2008现代工程与应用科学学院材料物理,2008物理学院物理学,2008新闻传播学院广播电视新闻学,2008新闻传播学院广告学,2008新闻传播学院新闻学",0,仙林校区,2009-2010学年 第1学期,20178,无,,否,,,,,,0,体育（三）,,第1节-第2节,,60016C
16.0,400340,健美操（5）,2009160016C20179,,3,,33,1-17周,0,沈如玲,1-17周 周四 第1节-第2节 ,1.0,体育部,否,,周四,2009-2010-1,,2009160016C20179,"2008法学院法学,2008医学院临床医学,2008现代工程与应用科学学院材料化学,2008现代工程与应用科学学院材料物理,2008物理学院物理学,2008新闻传播学院广播电视新闻学,2008新闻传播学院广告学,2008新闻传播学院新闻学",0,仙林校区,2009-2010学年 第1学期,20179,无,,否,,,,,,0,体育（三）,,第1节-第2节,,60016C
16.0,400340,毽球（4）,2009160016C20180,,3,,17,1-17周,0,龚晖晖,1-17周 周四 第1节-第2节 ,1.0,体育部,否,,周四,2009-2010-1,,2009160016C20180,"2008法学院法学,2008医学院临床医学,2008现代工程与应用科学学院材料化学,2008现代工程与应用科学学院材料物理,2008物理学院物理学,2008新闻传播学院广播电视新闻学,2008新闻传播学院广告学,2008新闻传播学院新闻学",0,仙林校区,2009-2010学年 第1学期,20180,无,,否,,,,,,0,体育（三）,,第1节-第2节,,60016C
16.0,400340,武术（长拳）（4）,2009160016C20181,,3,,31,1-17周,0,燕明剑,1-17周 周四 第1节-第2节 ,1.0,体育部,否,,周四,2009-2010-1,,2009160016C20181,"2008法学院法学,2008医学院临床医学,2008现代工程与应用科学学院材料化学,2008现代工程与应用科学学院材料物理,2008物理学院物理学,2008新闻传播学院广播电视新闻学,2008新闻传播学院广告学,2008新闻传播学院新闻学",0,仙林校区,2009-2010学年 第1学期,20181,无,,否,,,,,,0,体育（三）,,第1节-第2节,,60016C
16.0,400340,乒乓球（8）,2009160016C20182,,3,,33,1-17周,0,殷飞,1-17周 周四 第1节-第2节 ,1.0,体育部,否,,周四,2009-2010-1,,2009160016C20182,"2008法学院法学,2008医学院临床医学,2008现代工程与应用科学学院材料化学,2008现代工程与应用科学学院材料物理,2008物理学院物理学,2008新闻传播学院广播电视新闻学,2008新闻传播学院广告学,2008新闻传播学院新闻学",0,仙林校区,2009-2010学年 第1学期,20182,无,,否,,,,,,0,体育（三）,,第1节-第2节,,60016C
16.0,400340,排球（8）,2009160016C20183,,3,,30,1-17周,0,卢学军,1-17周 周四 第1节-第2节 ,1.0,体育部,否,,周四,2009-2010-1,,2009160016C20183,"2008法学院法学,2008医学院临床医学,2008现代工程与应用科学学院材料化学,2008现代工程与应用科学学院材料物理,2008物理学院物理学,2008新闻传播学院广播电视新闻学,2008新闻传播学院广告学,2008新闻传播学院新闻学",0,仙林校区,2009-2010学年 第1学期,20183,无,,否,,,,,,0,体育（三）,,第1节-第2节,,60016C
16.0,400340,网球（4）,2009160016C20184,,3,,13,1-17周,0,程涛,1-17周 周四 第1节-第2节 ,1.0,体育部,否,,周四,2009-2010-1,,2009160016C20184,"2008法学院法学,2008医学院临床医学,2008现代工程与应用科学学院材料化学,2008现代工程与应用科学学院材料物理,2008物理学院物理学,2008新闻传播学院广播电视新闻学,2008新闻传播学院广告学,2008新闻传播学院新闻学",0,仙林校区,2009-2010学年 第1学期,20184,无,,否,,,,,,0,体育（三）,,第1节-第2节,,60016C
16.0,400340,网球（4）,2009160016C20185,,3,,14,1-17周,0,程涛,1-17周 周四 第1节-第2节 ,1.0,体育部,否,,周四,2009-2010-1,,2009160016C20185,"2008法学院法学,2008医学院临床医学,2008现代工程与应用科学学院材料化学,2008现代工程与应用科学学院材料物理,2008物理学院物理学,2008新闻传播学院广播电视新闻学,2008新闻传播学院广告学,2008新闻传播学院新闻学",0,仙林校区,2009-2010学年 第1学期,20185,无,,否,,,,,,0,体育（三）,,第1节-第2节,,60016C
16.0,400340,羽毛球（8）,2009160016C20186,,3,,33,1-17周,0,臧育扬,1-17周 周四 第1节-第2节 ,1.0,体育部,否,,周四,2009-2010-1,,2009160016C20186,"2008法学院法学,2008医学院临床医学,2008现代工程与应用科学学院材料化学,2008现代工程与应用科学学院材料物理,2008物理学院物理学,2008新闻传播学院广播电视新闻学,2008新闻传播学院广告学,2008新闻传播学院新闻学",0,仙林校区,2009-2010学年 第1学期,20186,无,,否,,,,,,0,体育（三）,,第1节-第2节,,60016C
16.0,400340,足球（9）,2009160016C20187,,3,,23,1-17周,0,李俊,1-17周 周四 第3节-第4节 ,1.0,体育部,否,,周四,2009-2010-1,,2009160016C20187,"2008政府管理学院政治学与行政学,2008教育研究院教育技术学,2008大气科学学院应用气象学,2008大气科学学院大气科学,2008地理与海洋科学学院旅游管理,2008地理与海洋科学学院地理信息系统,2008地理与海洋科学学院资源环境与城乡规划管理,2008地球科学与工程学院水文与水资源工程,2008地球科学与工程学院地质工程,2008地球科学与工程学院地球化学,2008地球科学与工程学院地质学,2008数学学院统计学,2008数学学院信息与计算科学,2008数学学院数学与应用数学,2008社会学院应用心理学,2008社会学院社会工作,2008社会学院社会学,2008政府管理学院行政管理（劳动与社会保障）,2008政府管理学院国际政治,2008政府管理学院行政管理",0,仙林校区,2009-2010学年 第1学期,20187,无,,否,,,,,,0,体育（三）,,第3节-第4节,,60016C
16.0,400340,足球（10）,2009160016C20188,,3,,16,1-17周,0,邵力平,1-17周 周四 第3节-第4节 ,1.0,体育部,否,,周四,2009-2010-1,,2009160016C20188,"2008政府管理学院政治学与行政学,2008教育研究院教育技术学,2008大气科学学院应用气象学,2008大气科学学院大气科学,2008地理与海洋科学学院旅游管理,2008地理与海洋科学学院地理信息系统,2008地理与海洋科学学院资源环境与城乡规划管理,2008地球科学与工程学院水文与水资源工程,2008地球科学与工程学院地质工程,2008地球科学与工程学院地球化学,2008地球科学与工程学院地质学,2008数学学院统计学,2008数学学院信息与计算科学,2008数学学院数学与应用数学,2008社会学院应用心理学,2008社会学院社会工作,2008社会学院社会学,2008政府管理学院行政管理（劳动与社会保障）,2008政府管理学院国际政治,2008政府管理学院行政管理",0,仙林校区,2009-2010学年 第1学期,20188,无,,否,,,,,,0,体育（三）,,第3节-第4节,,60016C
16.0,400340,乒乓球（9）,2009160016C20189,,3,,32,1-17周,0,尹克丽,1-17周 周四 第3节-第4节 ,1.0,体育部,否,,周四,2009-2010-1,,2009160016C20189,"2008政府管理学院政治学与行政学,2008教育研究院教育技术学,2008大气科学学院应用气象学,2008大气科学学院大气科学,2008地理与海洋科学学院旅游管理,2008地理与海洋科学学院地理信息系统,2008地理与海洋科学学院资源环境与城乡规划管理,2008地球科学与工程学院水文与水资源工程,2008地球科学与工程学院地质工程,2008地球科学与工程学院地球化学,2008地球科学与工程学院地质学,2008数学学院统计学,2008数学学院信息与计算科学,2008数学学院数学与应用数学,2008社会学院应用心理学,2008社会学院社会工作,2008社会学院社会学,2008政府管理学院行政管理（劳动与社会保障）,2008政府管理学院国际政治,2008政府管理学院行政管理",0,仙林校区,2009-2010学年 第1学期,20189,无,,否,,,,,,0,体育（三）,,第3节-第4节,,60016C
16.0,400340,羽毛球（9）,2009160016C20190,,3,,32,1-17周,0,张杰,1-17周 周四 第3节-第4节 ,1.0,体育部,否,,周四,2009-2010-1,,2009160016C20190,"2008政府管理学院政治学与行政学,2008教育研究院教育技术学,2008大气科学学院应用气象学,2008大气科学学院大气科学,2008地理与海洋科学学院旅游管理,2008地理与海洋科学学院地理信息系统,2008地理与海洋科学学院资源环境与城乡规划管理,2008地球科学与工程学院水文与水资源工程,2008地球科学与工程学院地质工程,2008地球科学与工程学院地球化学,2008地球科学与工程学院地质学,2008数学学院统计学,2008数学学院信息与计算科学,2008数学学院数学与应用数学,2008社会学院应用心理学,2008社会学院社会工作,2008社会学院社会学,2008政府管理学院行政管理（劳动与社会保障）,2008政府管理学院国际政治,2008政府管理学院行政管理",0,仙林校区,2009-2010学年 第1学期,20190,无,,否,,,,,,0,体育（三）,,第3节-第4节,,60016C
16.0,400340,健美（4）,2009160016C20191,,3,,31,1-17周,0,李海军,1-17周 周四 第3节-第4节 ,1.0,体育部,否,,周四,2009-2010-1,,2009160016C20191,"2008政府管理学院政治学与行政学,2008教育研究院教育技术学,2008大气科学学院应用气象学,2008大气科学学院大气科学,2008地理与海洋科学学院旅游管理,2008地理与海洋科学学院地理信息系统,2008地理与海洋科学学院资源环境与城乡规划管理,2008地球科学与工程学院水文与水资源工程,2008地球科学与工程学院地质工程,2008地球科学与工程学院地球化学,2008地球科学与工程学院地质学,2008数学学院统计学,2008数学学院信息与计算科学,2008数学学院数学与应用数学,2008社会学院应用心理学,2008社会学院社会工作,2008社会学院社会学,2008政府管理学院行政管理（劳动与社会保障）,2008政府管理学院国际政治,2008政府管理学院行政管理",0,仙林校区,2009-2010学年 第1学期,20191,无,,否,,,,,,0,体育（三）,,第3节-第4节,,60016C
16.0,400340,武术（散打）（5）,2009160016C20192,,3,,32,1-17周,0,谢坚,1-17周 周四 第3节-第4节 ,1.0,体育部,否,,周四,2009-2010-1,,2009160016C20192,"2008政府管理学院政治学与行政学,2008教育研究院教育技术学,2008大气科学学院应用气象学,2008大气科学学院大气科学,2008地理与海洋科学学院旅游管理,2008地理与海洋科学学院地理信息系统,2008地理与海洋科学学院资源环境与城乡规划管理,2008地球科学与工程学院水文与水资源工程,2008地球科学与工程学院地质工程,2008地球科学与工程学院地球化学,2008地球科学与工程学院地质学,2008数学学院统计学,2008数学学院信息与计算科学,2008数学学院数学与应用数学,2008社会学院应用心理学,2008社会学院社会工作,2008社会学院社会学,2008政府管理学院行政管理（劳动与社会保障）,2008政府管理学院国际政治,2008政府管理学院行政管理",0,仙林校区,2009-2010学年 第1学期,20192,无,,否,,,,,,0,体育（三）,,第3节-第4节,,60016C
16.0,400340,篮球（10）,2009160016C20193,,3,,32,1-17周,0,李勇,1-17周 周四 第3节-第4节 ,1.0,体育部,否,,周四,2009-2010-1,,2009160016C20193,"2008政府管理学院政治学与行政学,2008教育研究院教育技术学,2008大气科学学院应用气象学,2008大气科学学院大气科学,2008地理与海洋科学学院旅游管理,2008地理与海洋科学学院地理信息系统,2008地理与海洋科学学院资源环境与城乡规划管理,2008地球科学与工程学院水文与水资源工程,2008地球科学与工程学院地质工程,2008地球科学与工程学院地球化学,2008地球科学与工程学院地质学,2008数学学院统计学,2008数学学院信息与计算科学,2008数学学院数学与应用数学,2008社会学院应用心理学,2008社会学院社会工作,2008社会学院社会学,2008政府管理学院行政管理（劳动与社会保障）,2008政府管理学院国际政治,2008政府管理学院行政管理",0,仙林校区,2009-2010学年 第1学期,20193,无,,否,,,,,,0,体育（三）,,第3节-第4节,,60016C
16.0,400340,排球（9）,2009160016C20194,,3,,25,1-17周,0,宋杨,1-17周 周四 第3节-第4节 ,1.0,体育部,否,,周四,2009-2010-1,,2009160016C20194,"2008政府管理学院政治学与行政学,2008教育研究院教育技术学,2008大气科学学院应用气象学,2008大气科学学院大气科学,2008地理与海洋科学学院旅游管理,2008地理与海洋科学学院地理信息系统,2008地理与海洋科学学院资源环境与城乡规划管理,2008地球科学与工程学院水文与水资源工程,2008地球科学与工程学院地质工程,2008地球科学与工程学院地球化学,2008地球科学与工程学院地质学,2008数学学院统计学,2008数学学院信息与计算科学,2008数学学院数学与应用数学,2008社会学院应用心理学,2008社会学院社会工作,2008社会学院社会学,2008政府管理学院行政管理（劳动与社会保障）,2008政府管理学院国际政治,2008政府管理学院行政管理",0,仙林校区,2009-2010学年 第1学期,20194,无,,否,,,,,,0,体育（三）,,第3节-第4节,,60016C
16.0,400340,跆拳道（5）,2009160016C20195,,3,,33,1-17周,0,李文龙,1-17周 周四 第3节-第4节 ,1.0,体育部,否,,周四,2009-2010-1,,2009160016C20195,"2008政府管理学院政治学与行政学,2008教育研究院教育技术学,2008大气科学学院应用气象学,2008大气科学学院大气科学,2008地理与海洋科学学院旅游管理,2008地理与海洋科学学院地理信息系统,2008地理与海洋科学学院资源环境与城乡规划管理,2008地球科学与工程学院水文与水资源工程,2008地球科学与工程学院地质工程,2008地球科学与工程学院地球化学,2008地球科学与工程学院地质学,2008数学学院统计学,2008数学学院信息与计算科学,2008数学学院数学与应用数学,2008社会学院应用心理学,2008社会学院社会工作,2008社会学院社会学,2008政府管理学院行政管理（劳动与社会保障）,2008政府管理学院国际政治,2008政府管理学院行政管理",0,仙林校区,2009-2010学年 第1学期,20195,无,,否,,,,,,0,体育（三）,,第3节-第4节,,60016C
16.0,400340,健美操（6）,2009160016C20196,,3,,32,1-17周,0,唐苏丽,1-17周 周四 第3节-第4节 ,1.0,体育部,否,,周四,2009-2010-1,,2009160016C20196,"2008政府管理学院政治学与行政学,2008教育研究院教育技术学,2008大气科学学院应用气象学,2008大气科学学院大气科学,2008地理与海洋科学学院旅游管理,2008地理与海洋科学学院地理信息系统,2008地理与海洋科学学院资源环境与城乡规划管理,2008地球科学与工程学院水文与水资源工程,2008地球科学与工程学院地质工程,2008地球科学与工程学院地球化学,2008地球科学与工程学院地质学,2008数学学院统计学,2008数学学院信息与计算科学,2008数学学院数学与应用数学,2008社会学院应用心理学,2008社会学院社会工作,2008社会学院社会学,2008政府管理学院行政管理（劳动与社会保障）,2008政府管理学院国际政治,2008政府管理学院行政管理",0,仙林校区,2009-2010学年 第1学期,20196,无,,否,,,,,,0,体育（三）,,第3节-第4节,,60016C
16.0,400340,健美操（7）,2009160016C20197,,3,,32,1-17周,0,沈如玲,1-17周 周四 第3节-第4节 ,1.0,体育部,否,,周四,2009-2010-1,,2009160016C20197,"2008政府管理学院政治学与行政学,2008教育研究院教育技术学,2008大气科学学院应用气象学,2008大气科学学院大气科学,2008地理与海洋科学学院旅游管理,2008地理与海洋科学学院地理信息系统,2008地理与海洋科学学院资源环境与城乡规划管理,2008地球科学与工程学院水文与水资源工程,2008地球科学与工程学院地质工程,2008地球科学与工程学院地球化学,2008地球科学与工程学院地质学,2008数学学院统计学,2008数学学院信息与计算科学,2008数学学院数学与应用数学,2008社会学院应用心理学,2008社会学院社会工作,2008社会学院社会学,2008政府管理学院行政管理（劳动与社会保障）,2008政府管理学院国际政治,2008政府管理学院行政管理",0,仙林校区,2009-2010学年 第1学期,20197,无,,否,,,,,,0,体育（三）,,第3节-第4节,,60016C
16.0,400340,毽球（5）,2009160016C20198,,3,,12,1-17周,0,龚晖晖,1-17周 周四 第3节-第4节 ,1.0,体育部,否,,周四,2009-2010-1,,2009160016C20198,"2008政府管理学院政治学与行政学,2008教育研究院教育技术学,2008大气科学学院应用气象学,2008大气科学学院大气科学,2008地理与海洋科学学院旅游管理,2008地理与海洋科学学院地理信息系统,2008地理与海洋科学学院资源环境与城乡规划管理,2008地球科学与工程学院水文与水资源工程,2008地球科学与工程学院地质工程,2008地球科学与工程学院地球化学,2008地球科学与工程学院地质学,2008数学学院统计学,2008数学学院信息与计算科学,2008数学学院数学与应用数学,2008社会学院应用心理学,2008社会学院社会工作,2008社会学院社会学,2008政府管理学院行政管理（劳动与社会保障）,2008政府管理学院国际政治,2008政府管理学院行政管理",0,仙林校区,2009-2010学年 第1学期,20198,无,,否,,,,,,0,体育（三）,,第3节-第4节,,60016C
16.0,400340,武术（长拳）（5）,2009160016C20199,,3,,32,1-17周,0,燕明剑,1-17周 周四 第3节-第4节 ,1.0,体育部,否,,周四,2009-2010-1,,2009160016C20199,"2008政府管理学院政治学与行政学,2008教育研究院教育技术学,2008大气科学学院应用气象学,2008大气科学学院大气科学,2008地理与海洋科学学院旅游管理,2008地理与海洋科学学院地理信息系统,2008地理与海洋科学学院资源环境与城乡规划管理,2008地球科学与工程学院水文与水资源工程,2008地球科学与工程学院地质工程,2008地球科学与工程学院地球化学,2008地球科学与工程学院地质学,2008数学学院统计学,2008数学学院信息与计算科学,2008数学学院数学与应用数学,2008社会学院应用心理学,2008社会学院社会工作,2008社会学院社会学,2008政府管理学院行政管理（劳动与社会保障）,2008政府管理学院国际政治,2008政府管理学院行政管理",0,仙林校区,2009-2010学年 第1学期,20199,无,,否,,,,,,0,体育（三）,,第3节-第4节,,60016C
16.0,400340,乒乓球（10）,2009160016C20200,,3,,32,1-17周,0,殷飞,1-17周 周四 第3节-第4节 ,1.0,体育部,否,,周四,2009-2010-1,,2009160016C20200,"2008政府管理学院政治学与行政学,2008教育研究院教育技术学,2008大气科学学院应用气象学,2008大气科学学院大气科学,2008地理与海洋科学学院旅游管理,2008地理与海洋科学学院地理信息系统,2008地理与海洋科学学院资源环境与城乡规划管理,2008地球科学与工程学院水文与水资源工程,2008地球科学与工程学院地质工程,2008地球科学与工程学院地球化学,2008地球科学与工程学院地质学,2008数学学院统计学,2008数学学院信息与计算科学,2008数学学院数学与应用数学,2008社会学院应用心理学,2008社会学院社会工作,2008社会学院社会学,2008政府管理学院行政管理（劳动与社会保障）,2008政府管理学院国际政治,2008政府管理学院行政管理",0,仙林校区,2009-2010学年 第1学期,20200,无,,否,,,,,,0,体育（三）,,第3节-第4节,,60016C
16.0,400340,排球（10）,2009160016C20201,,3,,27,1-17周,0,卢学军,1-17周 周四 第3节-第4节 ,1.0,体育部,否,,周四,2009-2010-1,,2009160016C20201,"2008政府管理学院政治学与行政学,2008教育研究院教育技术学,2008大气科学学院应用气象学,2008大气科学学院大气科学,2008地理与海洋科学学院旅游管理,2008地理与海洋科学学院地理信息系统,2008地理与海洋科学学院资源环境与城乡规划管理,2008地球科学与工程学院水文与水资源工程,2008地球科学与工程学院地质工程,2008地球科学与工程学院地球化学,2008地球科学与工程学院地质学,2008数学学院统计学,2008数学学院信息与计算科学,2008数学学院数学与应用数学,2008社会学院应用心理学,2008社会学院社会工作,2008社会学院社会学,2008政府管理学院行政管理（劳动与社会保障）,2008政府管理学院国际政治,2008政府管理学院行政管理",0,仙林校区,2009-2010学年 第1学期,20201,无,,否,,,,,,0,体育（三）,,第3节-第4节,,60016C
16.0,400340,网球（5）,2009160016C20202,,3,,28,1-17周,0,程涛,1-17周 周四 第3节-第4节 ,1.0,体育部,否,,周四,2009-2010-1,,2009160016C20202,"2008政府管理学院政治学与行政学,2008教育研究院教育技术学,2008大气科学学院应用气象学,2008大气科学学院大气科学,2008地理与海洋科学学院旅游管理,2008地理与海洋科学学院地理信息系统,2008地理与海洋科学学院资源环境与城乡规划管理,2008地球科学与工程学院水文与水资源工程,2008地球科学与工程学院地质工程,2008地球科学与工程学院地球化学,2008地球科学与工程学院地质学,2008数学学院统计学,2008数学学院信息与计算科学,2008数学学院数学与应用数学,2008社会学院应用心理学,2008社会学院社会工作,2008社会学院社会学,2008政府管理学院行政管理（劳动与社会保障）,2008政府管理学院国际政治,2008政府管理学院行政管理",0,仙林校区,2009-2010学年 第1学期,20202,无,,否,,,,,,0,体育（三）,,第3节-第4节,,60016C
16.0,400340,羽毛球（10）,2009160016C20203,,3,,36,1-17周,0,臧育扬,1-17周 周四 第3节-第4节 ,1.0,体育部,否,,周四,2009-2010-1,,2009160016C20203,"2008政府管理学院政治学与行政学,2008教育研究院教育技术学,2008大气科学学院应用气象学,2008大气科学学院大气科学,2008地理与海洋科学学院旅游管理,2008地理与海洋科学学院地理信息系统,2008地理与海洋科学学院资源环境与城乡规划管理,2008地球科学与工程学院水文与水资源工程,2008地球科学与工程学院地质工程,2008地球科学与工程学院地球化学,2008地球科学与工程学院地质学,2008数学学院统计学,2008数学学院信息与计算科学,2008数学学院数学与应用数学,2008社会学院应用心理学,2008社会学院社会工作,2008社会学院社会学,2008政府管理学院行政管理（劳动与社会保障）,2008政府管理学院国际政治,2008政府管理学院行政管理",0,仙林校区,2009-2010学年 第1学期,20203,无,,否,,,,,,0,体育（三）,,第3节-第4节,,60016C
16.0,400340,篮球（11）,2009160016C20204,,3,,32,1-17周,0,李勇,1-17周 周四 第5节-第6节 ,1.0,体育部,否,,周四,2009-2010-1,,2009160016C20204,"2008外国语学院英语,2008计算机学院计算机科学与技术,2008化学学院应用化学,2008化学学院化学,2008外国语学院朝鲜语,2008外国语学院英语(国际商务方向),2008外国语学院西班牙语,2008外国语学院德语,2008外国语学院法语,2008外国语学院日语,2008外国语学院俄语",0,仙林校区,2009-2010学年 第1学期,20204,无,,否,,,,,,0,体育（三）,,第5节-第6节,,60016C
16.0,400340,排球（11）,2009160016C20205,,3,,31,1-17周,0,宋杨,1-17周 周四 第5节-第6节 ,1.0,体育部,否,,周四,2009-2010-1,,2009160016C20205,"2008外国语学院英语,2008计算机学院计算机科学与技术,2008化学学院应用化学,2008化学学院化学,2008外国语学院朝鲜语,2008外国语学院英语(国际商务方向),2008外国语学院西班牙语,2008外国语学院德语,2008外国语学院法语,2008外国语学院日语,2008外国语学院俄语",0,仙林校区,2009-2010学年 第1学期,20205,无,,否,,,,,,0,体育（三）,,第5节-第6节,,60016C
16.0,400340,足球（11）,2009160016C20206,,3,,32,1-17周,0,李俊,1-17周 周四 第5节-第6节 ,1.0,体育部,否,,周四,2009-2010-1,,2009160016C20206,"2008外国语学院英语,2008计算机学院计算机科学与技术,2008化学学院应用化学,2008化学学院化学,2008外国语学院朝鲜语,2008外国语学院英语(国际商务方向),2008外国语学院西班牙语,2008外国语学院德语,2008外国语学院法语,2008外国语学院日语,2008外国语学院俄语",0,仙林校区,2009-2010学年 第1学期,20206,无,,否,,,,,,0,体育（三）,,第5节-第6节,,60016C
16.0,400340,足球（12）,2009160016C20207,,3,,23,1-17周,0,程涛,1-17周 周四 第5节-第6节 ,1.0,体育部,否,,周四,2009-2010-1,,2009160016C20207,"2008外国语学院英语,2008计算机学院计算机科学与技术,2008化学学院应用化学,2008化学学院化学,2008外国语学院朝鲜语,2008外国语学院英语(国际商务方向),2008外国语学院西班牙语,2008外国语学院德语,2008外国语学院法语,2008外国语学院日语,2008外国语学院俄语",0,仙林校区,2009-2010学年 第1学期,20207,无,,否,,,,,,0,体育（三）,,第5节-第6节,,60016C
16.0,400340,乒乓球（11）,2009160016C20208,,3,,32,1-17周,0,尹克丽,1-17周 周四 第5节-第6节 ,1.0,体育部,否,,周四,2009-2010-1,,2009160016C20208,"2008外国语学院英语,2008计算机学院计算机科学与技术,2008化学学院应用化学,2008化学学院化学,2008外国语学院朝鲜语,2008外国语学院英语(国际商务方向),2008外国语学院西班牙语,2008外国语学院德语,2008外国语学院法语,2008外国语学院日语,2008外国语学院俄语",0,仙林校区,2009-2010学年 第1学期,20208,无,,否,,,,,,0,体育（三）,,第5节-第6节,,60016C
16.0,400340,羽毛球（11）,2009160016C20209,,3,,34,1-17周,0,邵力平,1-17周 周四 第5节-第6节 ,1.0,体育部,否,,周四,2009-2010-1,,2009160016C20209,"2008外国语学院英语,2008计算机学院计算机科学与技术,2008化学学院应用化学,2008化学学院化学,2008外国语学院朝鲜语,2008外国语学院英语(国际商务方向),2008外国语学院西班牙语,2008外国语学院德语,2008外国语学院法语,2008外国语学院日语,2008外国语学院俄语",0,仙林校区,2009-2010学年 第1学期,20209,无,,否,,,,,,0,体育（三）,,第5节-第6节,,60016C
16.0,400340,健美（5）,2009160016C20210,,3,,22,1-17周,0,李海军,1-17周 周四 第5节-第6节 ,1.0,体育部,否,,周四,2009-2010-1,,2009160016C20210,"2008外国语学院英语,2008计算机学院计算机科学与技术,2008化学学院应用化学,2008化学学院化学,2008外国语学院朝鲜语,2008外国语学院英语(国际商务方向),2008外国语学院西班牙语,2008外国语学院德语,2008外国语学院法语,2008外国语学院日语,2008外国语学院俄语",0,仙林校区,2009-2010学年 第1学期,20210,无,,否,,,,,,0,体育（三）,,第5节-第6节,,60016C
16.0,400340,跆拳道（6）,2009160016C20211,,3,,32,1-17周,0,李文龙,1-17周 周四 第5节-第6节 ,1.0,体育部,否,,周四,2009-2010-1,,2009160016C20211,"2008外国语学院英语,2008计算机学院计算机科学与技术,2008化学学院应用化学,2008化学学院化学,2008外国语学院朝鲜语,2008外国语学院英语(国际商务方向),2008外国语学院西班牙语,2008外国语学院德语,2008外国语学院法语,2008外国语学院日语,2008外国语学院俄语",0,仙林校区,2009-2010学年 第1学期,20211,无,,否,,,,,,0,体育（三）,,第5节-第6节,,60016C
16.0,400340,武术（散打）（6）,2009160016C20212,,3,,32,1-17周,0,谢坚,1-17周 周四 第5节-第6节 ,1.0,体育部,否,,周四,2009-2010-1,,2009160016C20212,"2008外国语学院英语,2008计算机学院计算机科学与技术,2008化学学院应用化学,2008化学学院化学,2008外国语学院朝鲜语,2008外国语学院英语(国际商务方向),2008外国语学院西班牙语,2008外国语学院德语,2008外国语学院法语,2008外国语学院日语,2008外国语学院俄语",0,仙林校区,2009-2010学年 第1学期,20212,无,,否,,,,,,0,体育（三）,,第5节-第6节,,60016C
16.0,400340,健美操（8）,2009160016C20217,,3,,32,1-17周,0,唐苏丽,1-17周 周四 第5节-第6节 ,1.0,体育部,否,,周四,2009-2010-1,,2009160016C20217,"2008外国语学院英语,2008计算机学院计算机科学与技术,2008化学学院应用化学,2008化学学院化学,2008外国语学院朝鲜语,2008外国语学院英语(国际商务方向),2008外国语学院西班牙语,2008外国语学院德语,2008外国语学院法语,2008外国语学院日语,2008外国语学院俄语",0,仙林校区,2009-2010学年 第1学期,20217,无,,否,,,,,,0,体育（三）,,第5节-第6节,,60016C
16.0,400340,毽球（6）,2009160016C20218,,3,,12,1-17周,0,龚晖晖,1-17周 周四 第5节-第6节 ,1.0,体育部,否,,周四,2009-2010-1,,2009160016C20218,"2008外国语学院英语,2008计算机学院计算机科学与技术,2008化学学院应用化学,2008化学学院化学,2008外国语学院朝鲜语,2008外国语学院英语(国际商务方向),2008外国语学院西班牙语,2008外国语学院德语,2008外国语学院法语,2008外国语学院日语,2008外国语学院俄语",0,仙林校区,2009-2010学年 第1学期,20218,无,,否,,,,,,0,体育（三）,,第5节-第6节,,60016C
16.0,400340,武术（长拳）（6）,2009160016C20219,,3,,30,1-17周,0,燕明剑,1-17周 周四 第5节-第6节 ,1.0,体育部,否,,周四,2009-2010-1,,2009160016C20219,"2008外国语学院英语,2008计算机学院计算机科学与技术,2008化学学院应用化学,2008化学学院化学,2008外国语学院朝鲜语,2008外国语学院英语(国际商务方向),2008外国语学院西班牙语,2008外国语学院德语,2008外国语学院法语,2008外国语学院日语,2008外国语学院俄语",0,仙林校区,2009-2010学年 第1学期,20219,无,,否,,,,,,0,体育（三）,,第5节-第6节,,60016C
16.0,400340,乒乓球（12）,2009160016C20220,,3,,32,1-17周,0,张杰,1-17周 周四 第5节-第6节 ,1.0,体育部,否,,周四,2009-2010-1,,2009160016C20220,"2008外国语学院英语,2008计算机学院计算机科学与技术,2008化学学院应用化学,2008化学学院化学,2008外国语学院朝鲜语,2008外国语学院英语(国际商务方向),2008外国语学院西班牙语,2008外国语学院德语,2008外国语学院法语,2008外国语学院日语,2008外国语学院俄语",0,仙林校区,2009-2010学年 第1学期,20220,无,,否,,,,,,0,体育（三）,,第5节-第6节,,60016C
16.0,400340,排球（12）,2009160016C20221,,3,,31,1-17周,0,卢学军,1-17周 周四 第5节-第6节 ,1.0,体育部,否,,周四,2009-2010-1,,2009160016C20221,"2008外国语学院英语,2008计算机学院计算机科学与技术,2008化学学院应用化学,2008化学学院化学,2008外国语学院朝鲜语,2008外国语学院英语(国际商务方向),2008外国语学院西班牙语,2008外国语学院德语,2008外国语学院法语,2008外国语学院日语,2008外国语学院俄语",0,仙林校区,2009-2010学年 第1学期,20221,无,,否,,,,,,0,体育（三）,,第5节-第6节,,60016C
16.0,400340,羽毛球（12）,2009160016C20222,,3,,33,1-17周,0,臧育扬,1-17周 周四 第5节-第6节 ,1.0,体育部,否,,周四,2009-2010-1,,2009160016C20222,"2008外国语学院英语,2008计算机学院计算机科学与技术,2008化学学院应用化学,2008化学学院化学,2008外国语学院朝鲜语,2008外国语学院英语(国际商务方向),2008外国语学院西班牙语,2008外国语学院德语,2008外国语学院法语,2008外国语学院日语,2008外国语学院俄语",0,仙林校区,2009-2010学年 第1学期,20222,无,,否,,,,,,0,体育（三）,,第5节-第6节,,60016C
80.0,400110,大学数学(理一)（三）(20091-60019C-1),2009160019C19509,,3,,147,"1-18周,1-18周,1-17周(单)",0,窦斗,"1-18周 周一 第1节-第2节 仙Ⅱ-404,1-17周(单) 周五 第3节-第4节 仙Ⅱ-404,1-18周 周五 第1节-第2节 仙Ⅱ-404",5.0,数学学院,否,,"周一,周五,周五",2009-2010-1,,2009160019C19509,2008软件学院软件工程,0,仙林校区,2009-2010学年 第1学期,19509,"仙Ⅱ-404,仙Ⅱ-404,仙Ⅱ-404",,否,,,,,,0,大学数学(理一)（三）,12,"第1节-第2节,第1节-第2节,第3节-第4节",仙II区,60019C
80.0,400110,大学数学(理一)（三）(20091-60019C-2),2009160019C19510,,3,,132,"1-18周,1-18周,1-17周(单)",0,杨俊锋,"1-18周 周五 第1节-第2节 仙Ⅱ-405,1-17周(单) 周五 第3节-第4节 仙Ⅱ-405,1-18周 周一 第3节-第4节 仙Ⅱ-405",5.0,数学学院,否,,"周一,周五,周五",2009-2010-1,,2009160019C19510,2008软件学院软件工程,0,仙林校区,2009-2010学年 第1学期,19510,"仙Ⅱ-405,仙Ⅱ-405,仙Ⅱ-405",,否,,,,,,0,大学数学(理一)（三）,12,"第3节-第4节,第1节-第2节,第3节-第4节",仙II区,60019C
80.0,400110,大学数学(理一)（三）(20091-60019C-3),2009160019C19520,,3,,149,"1-18周,1-18周",0,周国飞,"1-18周 周五 第1节-第4节 仙Ⅱ-504,1-18周 周二 第3节-第4节 仙Ⅱ-504",5.0,数学学院,否,,"周二,周五",2009-2010-1,,2009160019C19520,"2008地球科学与工程学院地质工程,2008地球科学与工程学院水文与水资源工程",0,仙林校区,2009-2010学年 第1学期,19520,"仙Ⅱ-504,仙Ⅱ-504",,否,,,,,,0,大学数学(理一)（三）,12,"第3节-第4节,第1节-第4节",仙II区,60019C
80.0,400110,大学数学(理一)（三）(20091-60019C-4),2009160019C19559,,3,,183,"1-18周,1-18周,1-18周",0,纪庆忠,"1-18周 周二 第1节-第2节 仙Ⅰ-109,1-18周 周二 第3节-第4节 仙Ⅰ-206,1-18周 周五 第1节-第2节 仙Ⅰ-109",5.0,数学学院,否,,"周二,周五,周二",2009-2010-1,,2009160019C19559,,0,仙林校区,2009-2010学年 第1学期,19559,"仙Ⅰ-109,仙Ⅰ-109,仙Ⅰ-206",,否,,,,,,0,大学数学(理一)（三）,11,"第1节-第2节,第1节-第2节,第3节-第4节",仙I区,60019C
80.0,400110,大学数学(理一)（三）(20091-60019C-5),2009160019C19560,,3,,190,"1-17周(单),1-18周",0,陆宏,"1-17周(单) 周一 第1节-第2节 逸B-212,1-18周 周四 第1节-第4节 逸B-212",5.0,数学学院,否,,"周一,周四",2009-2010-1,,2009160019C19560,"2008电子科学与工程学院电子信息科学与技术,2008电子科学与工程学院通信工程,2008电子科学与工程学院声学",0,仙林校区,2009-2010学年 第1学期,19560,"逸B-212,逸B-212",,否,,,,,,0,大学数学(理一)（三）,16,"第1节-第2节,第1节-第4节",逸夫楼B区,60019C
80.0,400110,大学数学(理一)（三）(20091-60019C-6),2009160019C19572,,3,,167,"1-18周,1-18周,1-17周(单)",0,肖源明,"1-18周 周三 第1节-第2节 二食堂206,1-17周(单) 周三 第3节-第4节 二食堂206,1-18周 周一 第3节-第4节 二食堂206",5.0,数学学院,否,,"周一,周三,周三",2009-2010-1,,2009160019C19572,2008计算机学院计算机科学与技术,0,仙林校区,2009-2010学年 第1学期,19572,"二食堂206,二食堂206,二食堂206",,否,,,,,,0,大学数学(理一)（三）,19,"第3节-第4节,第1节-第2节,第3节-第4节",二食堂,60019C
80.0,400110,大学数学(理一)（三）(20091-60019C-7),2009160019C19596,,3,,179,"2-18周(双),1-18周,1-18周",0,邓建平,"1-18周 周三 第1节-第2节 仙Ⅰ-320,1-18周 周一 第3节-第4节 仙Ⅰ-320,2-18周(双) 周一 第1节-第2节 仙Ⅰ-320",5.0,数学学院,否,,"周一,周三,周一",2009-2010-1,,2009160019C19596,2008物理学院物理学,0,仙林校区,2009-2010学年 第1学期,19596,"仙Ⅰ-320,仙Ⅰ-320,仙Ⅰ-320",,否,,,,,,0,大学数学(理一)（三）,11,"第1节-第2节,第1节-第2节,第3节-第4节",仙I区,60019C
80.0,400110,大学数学(理一)（三）(20091-60019C-9),2009160019C20141,,3,,133,"1-18周,1-18周,1-17周(单)",0,耿建生,"1-18周 周一 第3节-第4节 仙Ⅱ-404,1-17周(单) 周四 第7节-第8节 仙Ⅱ-404,1-18周 周四 第5节-第6节 仙Ⅱ-404",5.0,数学学院,否,,"周一,周四,周四",2009-2010-1,,2009160019C20141,"2008工程管理学院自动化,2008工程管理学院信息工程",0,仙林校区,2009-2010学年 第1学期,20141,"仙Ⅱ-404,仙Ⅱ-404,仙Ⅱ-404",,否,,,,,,0,大学数学(理一)（三）,12,"第3节-第4节,第5节-第6节,第7节-第8节",仙II区,60019C
80.0,400110,大学数学(理一)（三）(20091-60019C-10),2009160019C20267,,3,,119,"1-18周,1-18周",0,江惠坤,"1-18周 周五 第3节-第4节 逸B-313,1-18周 周一 第5节-第7节 逸B-313",5.0,数学学院,否,,"周一,周五",2009-2010-1,,2009160019C20267,,0,仙林校区,2009-2010学年 第1学期,20267,"逸B-313,逸B-313",,否,,,,,,0,大学数学(理一)（三）,16,"第5节-第7节,第3节-第4节",逸夫楼B区,60019C
80.0,400110,大学数学(理一)（三）(20091-60019C-11),2009160019C20268,,3,,80,"1-18周,1-18周",0,江惠坤,"1-18周 周五 第5节-第7节 仙Ⅱ-406,1-18周 周一 第9节-第10节 仙Ⅱ-406",5.0,数学学院,否,,"周一,周五",2009-2010-1,,2009160019C20268,2008匡亚明学院应用文科强化班,0,仙林校区,2009-2010学年 第1学期,20268,"仙Ⅱ-406,仙Ⅱ-406",,否,,,,,,0,大学数学(理一)（三）,12,"第9节-第10节,第5节-第7节",仙II区,60019C
32.0,400120,大学物理实验(20091-60031-2),200916003119948,,3,,144,1-18周,0,周进,1-18周 周四 第5节-第7节 ,2.0,物理学院,否,,周四,2009-2010-1,,200916003119948,"2008数学学院数学与应用数学,2008数学学院统计学,2008数学学院信息与计算科学",0,仙林校区,2009-2010学年 第1学期,19948,实验楼乙310,,否,,,,,,0,大学物理实验,,第5节-第7节,,60031
48.0,400110,概率统计(20091-60033-1),200916003319521,,3,,138,1-18周,0,赵进,1-18周 周一 第5节-第7节 仙Ⅰ-207,3.0,数学学院,否,,周一,2009-2010-1,,200916003319521,"2008环境学院环境工程,2008环境学院环境科学",0,仙林校区,2009-2010学年 第1学期,19521,仙Ⅰ-207,,否,,,,,,0,概率统计,11,第5节-第7节,仙I区,60033
48.0,400110,概率统计(20091-60033-2),200916003319581,,3,,143,"1-18周,1-18周",0,曹苏平,"1-18周 周四 第1节-第2节 仙Ⅱ-305,1-18周 周五 第3节-第4节 仙Ⅱ-305",3.0,数学学院,否,,"周四,周五",2009-2010-1,,200916003319581,"2008商学院经济学,2008商学院国际经济与贸易",0,仙林校区,2009-2010学年 第1学期,19581,"仙Ⅱ-305,仙Ⅱ-305",,否,,,,,,0,概率统计,12,"第1节-第2节,第3节-第4节",仙II区,60033
48.0,400110,概率统计(20091-60033-3),200916003319582,,3,,112,"1-18周,1-18周",0,傅冬生,"1-18周 周一 第1节-第2节 仙Ⅱ-304,1-18周 周五 第3节-第4节 仙Ⅱ-304",3.0,数学学院,否,,"周一,周五",2009-2010-1,,200916003319582,"2008商学院金融学,2008商学院保险学",0,仙林校区,2009-2010学年 第1学期,19582,"仙Ⅱ-304,仙Ⅱ-304",,否,,,,,,0,概率统计,12,"第1节-第2节,第3节-第4节",仙II区,60033
48.0,400110,概率统计(20091-60033-4),200916003319583,,3,,110,"1-18周,1-18周",0,曹苏平,"1-18周 周五 第1节-第2节 仙Ⅱ-110,1-18周 周四 第5节-第6节 仙Ⅱ-110",3.0,数学学院,否,,"周四,周五",2009-2010-1,,200916003319583,"2008商学院会计学,2008商学院电子商务",0,仙林校区,2009-2010学年 第1学期,19583,"仙Ⅱ-110,仙Ⅱ-110",,否,,,,,,0,概率统计,12,"第5节-第6节,第1节-第2节",仙II区,60033
48.0,400110,概率统计(20091-60033-5),200916003319585,,3,,134,"1-18周,1-18周",0,吴婷,"1-18周 周三 第1节-第2节 仙Ⅱ-503,1-18周 周五 第3节-第4节 仙Ⅱ-503",3.0,数学学院,否,,"周三,周五",2009-2010-1,,200916003319585,"2008商学院工商管理,2008商学院工商管理（人力资源管理方向）,2008商学院市场营销",0,仙林校区,2009-2010学年 第1学期,19585,"仙Ⅱ-503,仙Ⅱ-503",,否,,,,,,0,概率统计,12,"第1节-第2节,第3节-第4节",仙II区,60033
48.0,400110,概率统计(20091-60033-6),200916003320225,,3,,125,1-18周,0,赵进,1-18周 周五 第5节-第7节 仙Ⅱ-304,3.0,数学学院,否,,周五,2009-2010-1,,200916003320225,"2008地理与海洋科学学院资源环境与城乡规划管理,2008地理与海洋科学学院旅游管理,2008地理与海洋科学学院地理信息系统",0,仙林校区,2009-2010学年 第1学期,20225,仙Ⅱ-304,,否,,,,,,0,概率统计,12,第5节-第7节,仙II区,60033
48.0,400110,概率统计(20091-60033-7),200916003320271,,3,,97,1-18周,0,赵进,1-18周 周三 第5节-第7节 仙Ⅱ-405,3.0,数学学院,否,,周三,2009-2010-1,,200916003320271,,0,仙林校区,2009-2010学年 第1学期,20271,仙Ⅱ-405,,否,,,,,,0,概率统计,12,第5节-第7节,仙II区,60033
48.0,400120,普通物理(20091-60034-1),200916003419834,,3,,177,"1-18周,1-17周(单)",0,"张建,秦猛","1-18周 周三 第3节-第4节 图书馆127,1-17周(单) 周五 第3节-第4节 图书馆127",3.0,物理学院,否,,"周三,周五",2009-2010-1,,200916003419834,2009计算机学院计算机科学类,0,仙林校区,2009-2010学年 第1学期,19834,"图书馆127,图书馆127",,否,,,,,,0,普通物理,18,"第3节-第4节,第3节-第4节",图书馆,60034
48.0,400120,普通物理(20091-60034-3),200916003419843,,3,,90,1-18周,0,韩平,1-18周 周五 第5节-第7节 仙Ⅰ-102,3.0,物理学院,否,,周五,2009-2010-1,,200916003419843,"2008生命科学学院生物科学类,2008生命科学学院生物技术（与药科大学联办）",0,仙林校区,2009-2010学年 第1学期,19843,仙Ⅰ-102,,否,,,,,,0,普通物理,11,第5节-第7节,仙I区,60034
48.0,400120,普通物理(20091-60034-3),200916003419926,,3,,74,"1-18周,1-17周(单)",0,唐少龙,"1-18周 周二 第1节-第2节 仙Ⅱ-213,1-17周(单) 周五 第5节-第6节 仙Ⅱ-213",3.0,物理学院,否,,"周二,周五",2009-2010-1,,200916003419926,"2008地球科学与工程学院地质学,2008地球科学与工程学院水文与水资源工程,2008地球科学与工程学院地质工程,2008地球科学与工程学院地球化学",0,仙林校区,2009-2010学年 第1学期,19926,"仙Ⅱ-213,仙Ⅱ-213",,否,,,,,,0,普通物理,12,"第1节-第2节,第5节-第6节",仙II区,60034
48.0,400120,普通物理(20091-60034-4),200916003420238,,3,,39,"1-18周,1-18周",0,刘锋,"1-18周 周三 第3节-第4节 仙Ⅰ-104,1-18周 周五 第3节-第4节 仙Ⅰ-104",3.0,物理学院,否,,"周三,周五",2009-2010-1,,200916003420238,2008医学院临床医学,0,仙林校区,2009-2010学年 第1学期,20238,"仙Ⅰ-104,仙Ⅰ-104",,否,,,,,,0,普通物理,11,"第3节-第4节,第3节-第4节",仙I区,60034
48.0,400120,普通物理(20091-60034-5),200916003420377,,3,,121,1-18周,0,高文莉,1-18周 周五 第1节-第3节 图书馆126,3.0,物理学院,否,,周五,2009-2010-1,,200916003420377,"2008工程管理学院自动化,2008工程管理学院信息工程",0,仙林校区,2009-2010学年 第1学期,20377,图书馆126,,否,,,,,,0,普通物理,18,第1节-第3节,图书馆,60034
32.0,400120,普通物理实验(20091-60034A-1),2009160034A19835,,3,,180,1-18周,0,周进,1-18周 周二 第5节-第7节 ,2.0,物理学院,否,,周二,2009-2010-1,,2009160034A19835,2009计算机学院计算机科学类,0,仙林校区,2009-2010学年 第1学期,19835,实验楼乙310,,否,,,,,,0,普通物理实验,,第5节-第7节,,60034A
32.0,400120,普通物理实验(20091-60034A-2),2009160034A19845,,3,,82,1-18周,0,周进,1-18周 周四 第9节-第11节 ,2.0,物理学院,否,,周四,2009-2010-1,,2009160034A19845,"2008生命科学学院生物科学类,2008生命科学学院生物技术（与药科大学联办）",0,仙林校区,2009-2010学年 第1学期,19845,实验楼乙310,,否,,,,,,0,普通物理实验,,第9节-第11节,,60034A
32.0,400120,普通物理实验(20091-60034A-3),2009160034A20239,,3,,37,1-18周,0,周进,1-18周 周三 第5节-第7节 ,2.0,物理学院,否,,周三,2009-2010-1,,2009160034A20239,2008医学院临床医学,0,仙林校区,2009-2010学年 第1学期,20239,实验楼乙310,,否,,,,,,0,普通物理实验,,第5节-第7节,,60034A
64.0,400120,数学物理方法(20091-60036-1),200916003619930,,3,,56,"1-18周,1-18周",0,郑之明,"1-18周 周一 第1节-第2节 仙Ⅱ-215,1-18周 周四 第3节-第4节 仙Ⅱ-215",4.0,物理学院,否,,"周一,周四",2009-2010-1,,200916003619930,"2007地球科学与工程学院地球化学,2007地球科学与工程学院水文与水资源工程,2007地球科学与工程学院地质工程",0,仙林校区,2009-2010学年 第1学期,19930,"仙Ⅱ-215,仙Ⅱ-215",,否,,,,,,0,数学物理方法,12,"第1节-第2节,第3节-第4节",仙II区,60036
64.0,400120,大学物理(20091-60037-2),200916003719945,,3,,108,"1-18周,1-18周",0,舒大军,"1-18周 周三 第3节-第4节 仙Ⅱ-303,1-18周 周五 第3节-第4节 仙Ⅱ-303",4.0,物理学院,否,,"周三,周五",2009-2010-1,,200916003719945,"2008数学学院数学与应用数学,2008数学学院统计学,2008数学学院信息与计算科学",0,仙林校区,2009-2010学年 第1学期,19945,"仙Ⅱ-303,仙Ⅱ-303",,否,,,,,,0,大学物理,12,"第3节-第4节,第3节-第4节",仙II区,60037
64.0,400120,大学物理（上）(20091-60037A-1),2009160037A19703,,3,,136,"1-18周,1-18周",0,殷江,"1-18周 周二 第1节-第2节 仙Ⅰ-206,1-18周 周四 第3节-第4节 仙Ⅰ-206",4.0,物理学院,否,,"周二,周四",2009-2010-1,,2009160037A19703,,0,仙林校区,2009-2010学年 第1学期,19703,"仙Ⅰ-206,仙Ⅰ-206",,否,,,,,,0,大学物理（上）,11,"第1节-第2节,第3节-第4节",仙I区,60037A
64.0,400120,大学物理（下）(20091-60037B-1),2009160037B19953,,3,,92,"1-18周,1-18周",0,杜军,"1-18周 周四 第1节-第2节 仙Ⅱ-211,1-18周 周二 第3节-第4节 仙Ⅱ-211",4.0,物理学院,否,,"周二,周四",2009-2010-1,,2009160037B19953,"2008环境学院环境工程,2008环境学院环境科学",0,仙林校区,2009-2010学年 第1学期,19953,"仙Ⅱ-211,仙Ⅱ-211",,否,,,,,,0,大学物理（下）,12,"第3节-第4节,第1节-第2节",仙II区,60037B
32.0,400120,大学物理实验（上）(20091-60038A-1),2009160038A19608,,3,,2,1-17周,0,周进,1-17周 周三 第5节-第7节 ,2.0,物理学院,否,,周三,2009-2010-1,,2009160038A19608,,0,仙林校区,2009-2010学年 第1学期,19608,无,,否,,,,,,0,大学物理实验（上）,,第5节-第7节,,60038A
32.0,400120,大学物理实验（上）(20091-60038A-2),2009160038A19705,,3,,129,1-17周,0,周进,1-17周 周三 第5节-第7节 ,2.0,物理学院,否,,周三,2009-2010-1,,2009160038A19705,,0,仙林校区,2009-2010学年 第1学期,19705,实验楼乙310,,否,,,,,,0,大学物理实验（上）,,第5节-第7节,,60038A
48.0,400040,马克思主义基本原理(20091-60052-1),200916005218853,,3,,38,"1-18周,1-17周(单)",0,外聘,"1-17周(单) 周五 第1节-第2节 仙Ⅱ-317,1-18周 周五 第3节-第4节 仙Ⅱ-317",3.0,新闻传播学院,否,,"周五,周五",2009-2010-1,,200916005218853,2009新闻传播学院新闻学（运动员班）,0,仙林校区,2009-2010学年 第1学期,18853,"仙Ⅱ-317,仙Ⅱ-317",,否,,,,,,0,马克思主义基本原理,12,"第3节-第4节,第1节-第2节",仙II区,60052
48.0,400080,马克思主义基本原理(20091-60052-2),200916005218932,,3,,117,1-18周,0,曹永红,1-18周 周二 第5节-第7节 仙Ⅱ-306,3.0,政府管理学院,否,,周二,2009-2010-1,,200916005218932,"2008新闻传播学院新闻学,2008新闻传播学院广播电视新闻学,2008新闻传播学院广告学",0,仙林校区,2009-2010学年 第1学期,18932,仙Ⅱ-306,,否,,,,,,0,马克思主义基本原理,12,第5节-第7节,仙II区,60052
48.0,400080,马克思主义基本原理(20091-60052-3),200916005219039,,3,,120,"1-18周,2-18周(双)",0,陈建,"1-18周 周一 第1节-第2节 仙Ⅱ-503,2-18周(双) 周三 第3节-第4节 仙Ⅱ-503",3.0,政府管理学院,否,,"周一,周三",2009-2010-1,,200916005219039,"2008政府管理学院行政管理,2008政府管理学院行政管理（运动员班）,2008政府管理学院行政管理（劳动与社会保障）,2008政府管理学院国际政治",0,仙林校区,2009-2010学年 第1学期,19039,"仙Ⅱ-503,仙Ⅱ-503",,否,,,,,,0,马克思主义基本原理,12,"第1节-第2节,第3节-第4节",仙II区,60052
48.0,400080,马克思主义基本原理(20091-60052-5),200916005219187,,3,,61,"1-18周,2-18周(双)",0,陈建,"2-18周(双) 周三 第1节-第2节 仙Ⅱ-110,1-18周 周一 第5节-第6节 仙Ⅱ-110",3.0,政府管理学院,否,,"周一,周三",2009-2010-1,,200916005219187,,0,仙林校区,2009-2010学年 第1学期,19187,"仙Ⅱ-110,仙Ⅱ-110",,否,,,,,,0,马克思主义基本原理,12,"第5节-第6节,第1节-第2节",仙II区,60052
48.0,400080,马克思主义基本原理(20091-60052-7),200916005219189,,3,,100,1-18周,0,曹永红,1-18周 周三 第5节-第7节 仙Ⅱ-406,3.0,政府管理学院,否,,周三,2009-2010-1,,200916005219189,"2008社会学院社会学,2008海外教育学院对外汉语,2008社会学院应用心理学,2008社会学院社会工作",0,仙林校区,2009-2010学年 第1学期,19189,仙Ⅱ-406,,否,,,,,,0,马克思主义基本原理,12,第5节-第7节,仙II区,60052
48.0,400080,马克思主义基本原理(20091-60052-10),200916005219192,,3,,102,1-18周,0,王培暄,1-18周 周四 第5节-第7节 逸B-205,3.0,政府管理学院,否,,周四,2009-2010-1,,200916005219192,,0,仙林校区,2009-2010学年 第1学期,19192,逸B-205,,否,,,,,,0,马克思主义基本原理,16,第5节-第7节,逸夫楼B区,60052
48.0,400080,马克思主义基本原理(20091-60052-11),200916005219193,,3,,61,1-18周,0,王培暄,1-18周 周四 第8节-第10节 仙Ⅱ-301,3.0,政府管理学院,否,,周四,2009-2010-1,,200916005219193,2008匡亚明学院应用文科强化班,0,仙林校区,2009-2010学年 第1学期,19193,仙Ⅱ-301,,否,,,,,,0,马克思主义基本原理,12,第8节-第10节,仙II区,60052
48.0,400080,马克思主义基本原理(20091-60052-12),200916005219194,,3,,101,1-18周,0,王锁明,1-18周 周三 第5节-第7节 仙Ⅱ-103,3.0,政府管理学院,否,,周三,2009-2010-1,,200916005219194,2008法学院法学,0,仙林校区,2009-2010学年 第1学期,19194,仙Ⅱ-103,,否,,,,,,0,马克思主义基本原理,12,第5节-第7节,仙II区,60052
48.0,400080,马克思主义基本原理(20091-60052-13),200916005219195,,3,,83,1-18周,0,王锁明,1-18周 周四 第5节-第7节 仙Ⅰ-101,3.0,政府管理学院,否,,周四,2009-2010-1,,200916005219195,"2008生命科学学院生物科学类,2008生命科学学院生物技术（与药科大学联办）",0,仙林校区,2009-2010学年 第1学期,19195,仙Ⅰ-101,,否,,,,,,0,马克思主义基本原理,11,第5节-第7节,仙I区,60052
48.0,400080,马克思主义基本原理(20091-60052-14),200916005219196,,3,,57,1-18周,0,周春梅,1-18周 周二 第8节-第10节 逸B-205,3.0,政府管理学院,否,,周二,2009-2010-1,,200916005219196,"2008外国语学院英语,2008外国语学院英语(国际商务方向),2008外国语学院日语,2008外国语学院俄语",0,仙林校区,2009-2010学年 第1学期,19196,逸B-205,,否,,,,,,0,马克思主义基本原理,16,第8节-第10节,逸夫楼B区,60052
48.0,400080,马克思主义基本原理(20091-60052-15),200916005219197,,3,,72,1-18周,0,周春梅,1-18周 周二 第5节-第7节 仙Ⅰ-201,3.0,政府管理学院,否,,周二,2009-2010-1,,200916005219197,"2008外国语学院法语,2008外国语学院朝鲜语,2008外国语学院西班牙语,2008外国语学院德语",0,仙林校区,2009-2010学年 第1学期,19197,仙Ⅰ-201,,否,,,,,,0,马克思主义基本原理,11,第5节-第7节,仙I区,60052
32.0,400080,中国近现代史纲要(20091-60054-1),200916005418951,,3,,150,1-18周,0,王建华(小),1-18周 周四 第1节-第2节 逸A-117,2.0,政府管理学院,否,,周四,2009-2010-1,,200916005418951,2008计算机学院计算机科学与技术,0,仙林校区,2009-2010学年 第1学期,18951,逸A-117,,否,,,,,,0,中国近现代史纲要,15,第1节-第2节,逸夫楼A区,60054
32.0,400080,中国近现代史纲要(20091-60054-2),200916005419013,,3,,131,1-18周,0,黄骏,1-18周 周五 第1节-第2节 仙Ⅰ-206,2.0,政府管理学院,否,,周五,2009-2010-1,,200916005419013,,0,仙林校区,2009-2010学年 第1学期,19013,仙Ⅰ-206,,否,,,,,,0,中国近现代史纲要,11,第1节-第2节,仙I区,60054
32.0,400080,中国近现代史纲要(20091-60054-3),200916005419550,,3,,226,1-18周,0,熊秋良,1-18周 周一 第3节-第4节 仙Ⅱ-207,2.0,政府管理学院,否,,周一,2009-2010-1,,200916005419550,2008匡亚明学院理科强化班,0,仙林校区,2009-2010学年 第1学期,19550,仙Ⅱ-207,,否,,,,,,0,中国近现代史纲要,12,第3节-第4节,仙II区,60054
32.0,400080,中国近现代史纲要(20091-60054-4),200916005419552,,3,,166,1-18周,0,熊秋良,1-18周 周四 第5节-第6节 仙Ⅱ-207,2.0,政府管理学院,否,,周四,2009-2010-1,,200916005419552,2008匡亚明学院理强（数理方向）,0,仙林校区,2009-2010学年 第1学期,19552,仙Ⅱ-207,,否,,,,,,0,中国近现代史纲要,12,第5节-第6节,仙II区,60054
32.0,400080,中国近现代史纲要(20091-60054-5),200916005419553,,3,,164,1-18周,0,熊秋良,1-18周 周四 第3节-第4节 逸A-117,2.0,政府管理学院,否,,周四,2009-2010-1,,200916005419553,2008物理学院物理学,0,仙林校区,2009-2010学年 第1学期,19553,逸A-117,,否,,,,,,0,中国近现代史纲要,15,第3节-第4节,逸夫楼A区,60054
32.0,400080,中国近现代史纲要(20091-60054-6),200916005419556,,3,,184,1-18周,0,黄骏,1-18周 周三 第5节-第6节 仙Ⅰ-207,2.0,政府管理学院,否,,周三,2009-2010-1,,200916005419556,"2008地球科学与工程学院地球化学,2008工程管理学院信息工程,2008工程管理学院自动化,2008地球科学与工程学院水文与水资源工程,2008地球科学与工程学院地质工程",0,仙林校区,2009-2010学年 第1学期,19556,仙Ⅰ-207,,否,,,,,,0,中国近现代史纲要,11,第5节-第6节,仙I区,60054
32.0,400080,中国近现代史纲要(20091-60054-7),200916005419558,,3,,106,1-18周,0,黄骏,1-18周 周五 第3节-第4节 仙Ⅰ-524,2.0,政府管理学院,否,,周五,2009-2010-1,,200916005419558,"2008地理与海洋科学学院资源环境与城乡规划管理,2008地理与海洋科学学院旅游管理,2008地理与海洋科学学院地理信息系统",0,仙林校区,2009-2010学年 第1学期,19558,仙Ⅰ-524,,否,,,,,,0,中国近现代史纲要,11,第3节-第4节,仙I区,60054
32.0,400080,中国近现代史纲要(20091-60054-8),200916005419562,,3,,173,1-18周,0,黄骏,1-18周 周五 第5节-第6节 仙Ⅰ-206,2.0,政府管理学院,否,,周五,2009-2010-1,,200916005419562,"2008电子科学与工程学院电子信息科学与技术,2008电子科学与工程学院生物医学工程,2008电子科学与工程学院通信工程,2008电子科学与工程学院声学",0,仙林校区,2009-2010学年 第1学期,19562,仙Ⅰ-206,,否,,,,,,0,中国近现代史纲要,11,第5节-第6节,仙I区,60054
32.0,400080,中国近现代史纲要(20091-60054-9),200916005419563,,3,,204,1-18周,0,王建华(小),1-18周 周二 第9节-第10节 仙Ⅰ-107,2.0,政府管理学院,否,,周二,2009-2010-1,,200916005419563,"2008环境学院环境工程,2008软件学院软件工程,2008环境学院环境科学",0,仙林校区,2009-2010学年 第1学期,19563,仙Ⅰ-107,,否,,,,,,0,中国近现代史纲要,11,第9节-第10节,仙I区,60054
32.0,400080,中国近现代史纲要(20091-60054-10),200916005419564,,3,,119,1-18周,0,王建华(小),1-18周 周二 第7节-第8节 仙Ⅱ-404,2.0,政府管理学院,否,,周二,2009-2010-1,,200916005419564,2008软件学院软件工程,0,仙林校区,2009-2010学年 第1学期,19564,仙Ⅱ-404,,否,,,,,,0,中国近现代史纲要,12,第7节-第8节,仙II区,60054
32.0,400080,中国近现代史纲要(20091-60054-11),200916005419565,,3,,193,1-18周,0,杨丹伟,1-18周 周二 第9节-第10节 仙Ⅰ-207,2.0,政府管理学院,否,,周二,2009-2010-1,,200916005419565,2008医学院临床医学,0,仙林校区,2009-2010学年 第1学期,19565,仙Ⅰ-207,,否,,,,,,0,中国近现代史纲要,11,第9节-第10节,仙I区,60054
32.0,400080,中国近现代史纲要(20091-60054-12),200916005419566,,3,,29,1-18周,0,杨丹伟,1-18周 周二 第1节-第2节 仙Ⅱ-303,2.0,政府管理学院,否,,周二,2009-2010-1,,200916005419566,"2008数学学院数学与应用数学,2008数学学院统计学,2008数学学院信息与计算科学",0,仙林校区,2009-2010学年 第1学期,19566,仙Ⅱ-303,,否,,,,,,0,中国近现代史纲要,12,第1节-第2节,仙II区,60054
32.0,400080,中国近现代史纲要(20091-60054-13),200916005420247,,3,,161,1-18周,0,杨丹伟,1-18周 周二 第7节-第8节 仙Ⅰ-206,2.0,政府管理学院,否,,周二,2009-2010-1,,200916005420247,"2008生命科学学院生物科学类,2008生命科学学院生物技术（与药科大学联办）",0,仙林校区,2009-2010学年 第1学期,20247,仙Ⅰ-206,,否,,,,,,0,中国近现代史纲要,11,第7节-第8节,仙I区,60054
32.0,400080,毛泽东思想和中国特色社会主义理论体系概论(实践)(20082-60056A-1),2009160056B37735,,1,,0,1-18周,0,熊秋良,1-18周 自由时间 - ,2.0,政府管理学院,否,,自由时间,2009-2010-1,,2009160056B37735,"2007商学院经济学,2007商学院金融学,2007商学院国际经济与贸易",0,鼓楼校区,2009-2010学年 第1学期,37735,无,,否,,,,,,0,毛泽东思想和中国特色社会主义理论体系概论(实践),,自由时间,,60056B
32.0,400080,毛泽东思想和中国特色社会主义理论体系概论(实践)(20082-60056A-2),2009160056B37736,,1,,0,1-18周,0,黄骏,1-18周 自由时间 - ,2.0,政府管理学院,否,,自由时间,2009-2010-1,,2009160056B37736,"2007商学院工商管理,2007商学院市场营销,2007商学院电子商务,2007商学院会计学",0,鼓楼校区,2009-2010学年 第1学期,37736,无,,否,,,,,,0,毛泽东思想和中国特色社会主义理论体系概论(实践),,自由时间,,60056B
32.0,400080,毛泽东思想和中国特色社会主义理论体系概论(实践)(20082-60056A-3),2009160056B37737,,1,,0,1-18周,0,丁蕖,1-18周 自由时间 - ,2.0,政府管理学院,否,,自由时间,2009-2010-1,,2009160056B37737,"2007环境学院环境工程,2007环境学院环境科学",0,鼓楼校区,2009-2010学年 第1学期,37737,无,,否,,,,,,0,毛泽东思想和中国特色社会主义理论体系概论(实践),,自由时间,,60056B
32.0,400080,毛泽东思想和中国特色社会主义理论体系概论(实践)(20082-60056A-4),2009160056B37738,,1,,0,1-18周,0,沈伯平,1-18周 自由时间 - ,2.0,政府管理学院,否,,自由时间,2009-2010-1,,2009160056B37738,2007软件学院软件工程,0,鼓楼校区,2009-2010学年 第1学期,37738,无,,否,,,,,,0,毛泽东思想和中国特色社会主义理论体系概论(实践),,自由时间,,60056B
32.0,400080,毛泽东思想和中国特色社会主义理论体系概论(实践)(20082-60056A-5),2009160056B37739,,1,,0,1-18周,0,孔令文,1-18周 自由时间 - ,2.0,政府管理学院,否,,自由时间,2009-2010-1,,2009160056B37739,2007生命科学学院生物技术（与药科大学联办）,0,鼓楼校区,2009-2010学年 第1学期,37739,无,,否,,,,,,0,毛泽东思想和中国特色社会主义理论体系概论(实践),,自由时间,,60056B
32.0,400080,毛泽东思想和中国特色社会主义理论体系概论(实践)(20082-60056A-6),2009160056B37740,,1,,1,1-18周,0,高静,1-18周 自由时间 - ,2.0,政府管理学院,否,,自由时间,2009-2010-1,,2009160056B37740,"2007新闻传播学院新闻学,2007新闻传播学院广播电视新闻学,2007新闻传播学院广告学",0,鼓楼校区,2009-2010学年 第1学期,37740,无,,否,,,,,,0,毛泽东思想和中国特色社会主义理论体系概论(实践),,自由时间,,60056B
32.0,400080,毛泽东思想和中国特色社会主义理论体系概论(实践)(20082-60056A-7),2009160056B37741,,1,,138,1-18周,0,高静,1-18周 自由时间 - ,2.0,政府管理学院,否,,自由时间,2009-2010-1,,2009160056B37741,"2007社会学院社会学,2007社会学院应用心理学,2007社会学院社会工作",0,鼓楼校区,2009-2010学年 第1学期,37741,无,,否,,,,,,0,毛泽东思想和中国特色社会主义理论体系概论(实践),,自由时间,,60056B
32.0,400080,毛泽东思想和中国特色社会主义理论体系概论(实践)(20082-60056A-8),2009160056B37742,,1,,123,1-18周,0,高静,1-18周 自由时间 - ,2.0,政府管理学院,否,,自由时间,2009-2010-1,,2009160056B37742,"2007历史学院考古学,2007海外教育学院对外汉语,2007政府管理学院行政管理（劳动与社会保障）,2007政府管理学院国际政治,2007政府管理学院行政管理",0,鼓楼校区,2009-2010学年 第1学期,37742,无,,否,,,,,,0,毛泽东思想和中国特色社会主义理论体系概论(实践),,自由时间,,60056B
32.0,400080,毛泽东思想和中国特色社会主义理论体系概论(实践)(20082-60056A-9),2009160056B37743,,1,,162,1-18周,0,丁蕖,1-18周 自由时间 - ,2.0,政府管理学院,否,,自由时间,2009-2010-1,,2009160056B37743,"2007地球科学与工程学院地球化学,2007地球科学与工程学院水文与水资源工程,2007地球科学与工程学院地质工程",0,鼓楼校区,2009-2010学年 第1学期,37743,无,,否,,,,,,0,毛泽东思想和中国特色社会主义理论体系概论(实践),,自由时间,,60056B
32.0,400080,毛泽东思想和中国特色社会主义理论体系概论(实践)(20082-60056A-10),2009160056B37744,,1,,0,1-18周,0,周芳玉,1-18周 自由时间 - ,2.0,政府管理学院,否,,自由时间,2009-2010-1,,2009160056B37744,2007电子科学与工程学院电子信息科学与技术,0,鼓楼校区,2009-2010学年 第1学期,37744,无,,否,,,,,,0,毛泽东思想和中国特色社会主义理论体系概论(实践),,自由时间,,60056B
32.0,400080,毛泽东思想和中国特色社会主义理论体系概论(实践)(20082-60056A-11),2009160056B37745,,1,,147,1-18周,0,周芳玉,1-18周 自由时间 - ,2.0,政府管理学院,否,,自由时间,2009-2010-1,,2009160056B37745,"2007医学院临床医学,2007工程管理学院工业工程,2007工程管理学院自动化",0,鼓楼校区,2009-2010学年 第1学期,37745,无,,否,,,,,,0,毛泽东思想和中国特色社会主义理论体系概论(实践),,自由时间,,60056B
32.0,400080,毛泽东思想和中国特色社会主义理论体系概论(实践)(20082-60056A-12),2009160056B37746,,1,,157,1-18周,0,周芳玉,1-18周 自由时间 - ,2.0,政府管理学院,否,,自由时间,2009-2010-1,,2009160056B37746,2007物理学院物理学,0,鼓楼校区,2009-2010学年 第1学期,37746,无,,否,,,,,,0,毛泽东思想和中国特色社会主义理论体系概论(实践),,自由时间,,60056B
32.0,400080,毛泽东思想和中国特色社会主义理论体系概论(实践)(20082-60056A-13),2009160056B37747,,1,,161,1-18周,0,沈伯平,1-18周 自由时间 - ,2.0,政府管理学院,否,,自由时间,2009-2010-1,,2009160056B37747,2007计算机学院计算机科学与技术,0,鼓楼校区,2009-2010学年 第1学期,37747,无,,否,,,,,,0,毛泽东思想和中国特色社会主义理论体系概论(实践),,自由时间,,60056B
32.0,400080,毛泽东思想和中国特色社会主义理论体系概论(实践)(20082-60056A-14),2009160056B37748,,1,,166,1-18周,0,李洪波,1-18周 自由时间 - ,2.0,政府管理学院,否,,自由时间,2009-2010-1,,2009160056B37748,"2007化学学院化学,2007化学学院应用化学",0,鼓楼校区,2009-2010学年 第1学期,37748,无,,否,,,,,,0,毛泽东思想和中国特色社会主义理论体系概论(实践),,自由时间,,60056B
32.0,400080,毛泽东思想和中国特色社会主义理论体系概论(实践)(20082-60056A-15),2009160056B37749,,1,,0,1-18周,0,李洪波,1-18周 自由时间 - ,2.0,政府管理学院,否,,自由时间,2009-2010-1,,2009160056B37749,,0,鼓楼校区,2009-2010学年 第1学期,37749,无,,否,,,,,,0,毛泽东思想和中国特色社会主义理论体系概论(实践),,自由时间,,60056B
32.0,400080,毛泽东思想和中国特色社会主义理论体系概论(实践)(20082-60056A-16),2009160056B37750,,1,,0,1-18周,0,陈建华,1-18周 自由时间 - ,2.0,政府管理学院,否,,自由时间,2009-2010-1,,2009160056B37750,2007数学学院数学类,0,鼓楼校区,2009-2010学年 第1学期,37750,无,,否,,,,,,0,毛泽东思想和中国特色社会主义理论体系概论(实践),,自由时间,,60056B
32.0,400080,毛泽东思想和中国特色社会主义理论体系概论(实践)(20082-60056A-17),2009160056B37751,,1,,4,1-18周,0,陈建华,1-18周 自由时间 - ,2.0,政府管理学院,否,,自由时间,2009-2010-1,,2009160056B37751,2007法学院法学,0,鼓楼校区,2009-2010学年 第1学期,37751,无,,否,,,,,,0,毛泽东思想和中国特色社会主义理论体系概论(实践),,自由时间,,60056B
32.0,400080,毛泽东思想和中国特色社会主义理论体系概论(实践)(20082-60056A-18),2009160056B37752,,1,,0,1-18周,0,孔令文,1-18周 自由时间 - ,2.0,政府管理学院,否,,自由时间,2009-2010-1,,2009160056B37752,"2007地理与海洋科学学院资源环境与城乡规划管理,2007地理与海洋科学学院海洋科学,2007地理与海洋科学学院旅游管理,2007地理与海洋科学学院地理科学,2007地理与海洋科学学院地理信息系统",0,鼓楼校区,2009-2010学年 第1学期,37752,无,,否,,,,,,0,毛泽东思想和中国特色社会主义理论体系概论(实践),,自由时间,,60056B
32.0,400080,毛泽东思想和中国特色社会主义理论体系概论(实践)(20082-60056A-19),2009160056B37753,,1,,165,1-18周,0,甘季国,1-18周 自由时间 - ,2.0,政府管理学院,否,,自由时间,2009-2010-1,,2009160056B37753,,0,鼓楼校区,2009-2010学年 第1学期,37753,无,,否,,,,,,0,毛泽东思想和中国特色社会主义理论体系概论(实践),,自由时间,,60056B
32.0,400080,毛泽东思想和中国特色社会主义理论体系概论(实践)(20082-60056A-20),2009160056B37754,,1,,230,1-18周,0,甘季国,1-18周 自由时间 - ,2.0,政府管理学院,否,,自由时间,2009-2010-1,,2009160056B37754,"2007匡亚明学院理科强化班,2007匡亚明学院理强（数理方向）",0,鼓楼校区,2009-2010学年 第1学期,37754,无,,否,,,,,,0,毛泽东思想和中国特色社会主义理论体系概论(实践),,自由时间,,60056B
32.0,400080,毛泽东思想和中国特色社会主义理论体系概论(实践)(20082-60056A-21),2009160056B37755,,1,,175,1-18周,0,甘季国,1-18周 自由时间 - ,2.0,政府管理学院,否,,自由时间,2009-2010-1,,2009160056B37755,2007匡亚明学院应用文科强化班,0,鼓楼校区,2009-2010学年 第1学期,37755,无,,否,,,,,,0,毛泽东思想和中国特色社会主义理论体系概论(实践),,自由时间,,60056B
32.0,400080,毛泽东思想和中国特色社会主义理论体系概论(实践)(20082-60056A-22),2009160056B37756,,1,,0,1-18周,0,李洪波,1-18周 自由时间 - ,2.0,政府管理学院,否,,自由时间,2009-2010-1,,2009160056B37756,"2007外国语学院英语,2007外国语学院朝鲜语,2007外国语学院西班牙语,2007外国语学院德语,2007外国语学院法语,2007外国语学院日语,2007外国语学院俄语",0,鼓楼校区,2009-2010学年 第1学期,37756,无,,否,,,,,,0,毛泽东思想和中国特色社会主义理论体系概论(实践),,自由时间,,60056B
48.0,400100,社会学(20091-60068-1),200916006820007,,3,,198,1-18周,0,方长春,1-18周 周四 第5节-第7节 图书馆125,3.0,社会学院,否,,周四,2009-2010-1,,200916006820007,"2008商学院经济学,2008商学院工商管理（人力资源管理方向）,2008商学院市场营销,2008商学院工商管理",0,仙林校区,2009-2010学年 第1学期,20007,图书馆125,,否,,,,,,0,社会学,18,第5节-第7节,图书馆,60068
48.0,400100,社会学(20091-60068-2),200916006820008,,3,,159,1-18周,0,朱力,1-18周 周四 第5节-第7节 逸B-212,3.0,社会学院,否,,周四,2009-2010-1,,200916006820008,"2008法学院法学,2008新闻传播学院广播电视新闻学,2008新闻传播学院广告学,2008新闻传播学院新闻学",0,仙林校区,2009-2010学年 第1学期,20008,逸B-212,,否,,,,,,0,社会学,16,第5节-第7节,逸夫楼B区,60068
48.0,400280,社会学(20091-60068-4),200916006820099,,3,,0,1-17周,0,,1-17周 周四 第5节-第11节 ,3.0,建筑与城市规划学院,否,,周四,2009-2010-1,,200916006820099,2008建筑与城市规划学院建筑学,0,仙林校区,2009-2010学年 第1学期,20099,无,,否,,,,,,0,社会学,,第5节-第11节,,60068
48.0,400080,政治学(20091-60069-1),200916006920108,,3,,333,1-18周,0,"李永刚,严强",1-18周 周二 第5节-第6节 仙Ⅰ-106,3.0,政府管理学院,否,,周二,2009-2010-1,,200916006920108,"2008法学院法学,2008商学院工商管理（人力资源管理方向）,2008商学院市场营销,2008商学院工商管理,2008商学院经济学,2008社会学院应用心理学,2008社会学院社会工作,2008社会学院社会学",0,仙林校区,2009-2010学年 第1学期,20108,仙Ⅰ-106,,否,,,,,,0,政治学,11,第5节-第6节,仙I区,60069
32.0,400250,现代仪器分析(20091-60072-1),200916007220756,,1,,51,1-18周,0,,1-18周 自由时间 - ,2.0,匡亚明学院,否,,自由时间,2009-2010-1,,200916007220756,"2007匡亚明学院理科强化班,2007匡亚明学院理强（数理方向）",0,鼓楼校区,2009-2010学年 第1学期,20756,分析中心,,否,,,,,,0,现代仪器分析,,自由时间,,60072
32.0,000000,电影艺术基础(20091-70001-1),200917000120283,,3,,193,1-18周,0,顾文勋,1-18周 周四 第7节-第8节 仙Ⅰ-207,2.0,公共课程,否,,周四,2009-2010-1,,200917000120283,,0,仙林校区,2009-2010学年 第1学期,20283,仙Ⅰ-207,,否,,,,,,0,电影艺术基础,11,第7节-第8节,仙I区,70001
32.0,000000,普通天文学(20091-70012-1),200917001220307,,3,,113,1-18周,0,宣焕灿,1-18周 周一 第9节-第10节 仙Ⅱ-303,2.0,公共课程,否,,周一,2009-2010-1,,200917001220307,,0,仙林校区,2009-2010学年 第1学期,20307,仙Ⅱ-303,,否,,,,,,0,普通天文学,12,第9节-第10节,仙II区,70012
32.0,000000,普通天文学(20091-70012-1),200917001220487,,1,,69,1-18周,0,宣焕灿,1-18周 周二 第9节-第10节 馆1-205,2.0,公共课程,否,,周二,2009-2010-1,,200917001220487,,0,鼓楼校区,2009-2010学年 第1学期,20487,馆1-205,,否,,,,,,0,普通天文学,8,第9节-第10节,逸夫馆,70012
32.0,000000,中华玉器欣赏(20091-70015-1),200917001520316,,3,,201,1-18周,0,郭继春,1-18周 周四 第7节-第8节 仙Ⅰ-320,2.0,公共课程,否,,周四,2009-2010-1,,200917001520316,,0,仙林校区,2009-2010学年 第1学期,20316,仙Ⅰ-320,,否,,,,,,0,中华玉器欣赏,11,第7节-第8节,仙I区,70015
32.0,000000,宝玉石鉴赏(20091-70016-1),200917001620317,,3,,203,1-18周,0,钱汉东,1-18周 周二 第7节-第8节 仙Ⅰ-320,2.0,公共课程,否,,周二,2009-2010-1,,200917001620317,,0,仙林校区,2009-2010学年 第1学期,20317,仙Ⅰ-320,,否,,,,,,0,宝玉石鉴赏,11,第7节-第8节,仙I区,70016
48.0,000000,中级俄语(20091-70025-1),200917002520513,,1,,9,"1-18周,1-18周",0,柳燕,"1-18周 周二 第7节-第8节 馆1-202,1-18周 周五 第7节-第8节 馆1-202",3.0,公共课程,否,,"周二,周五",2009-2010-1,,200917002520513,,0,鼓楼校区,2009-2010学年 第1学期,20513,"馆1-202,馆1-202",,否,,,,,,0,中级俄语,8,"第7节-第8节,第7节-第8节",逸夫馆,70025
32.0,000000,世界语(20091-70026-1),200917002620512,,1,,29,"1-18周,1-18周",0,萧耐园,"1-18周 周一 第7节-第8节 馆2-105,1-18周 周四 第7节-第8节 馆2-105",2.0,公共课程,否,,"周一,周四",2009-2010-1,,200917002620512,,0,鼓楼校区,2009-2010学年 第1学期,20512,"馆2-105,馆2-105",,否,,,,,,0,世界语,8,"第7节-第8节,第7节-第8节",逸夫馆,70026
32.0,000000,大学生健康教育(20091-70030-1),200917003020318,,3,,210,1-18周,0,朱梅,1-18周 周二 第7节-第8节 仙Ⅰ-107,2.0,公共课程,否,,周二,2009-2010-1,,200917003020318,,0,仙林校区,2009-2010学年 第1学期,20318,仙Ⅰ-107,,否,,,,,,0,大学生健康教育,11,第7节-第8节,仙I区,70030
32.0,000000,交响音乐欣赏(20091-70039-1),200917003920511,,1,,196,1-18周,0,钱君,1-18周 周一 第9节-第10节 ,2.0,公共课程,否,,周一,2009-2010-1,,200917003920511,,0,鼓楼校区,2009-2010学年 第1学期,20511,馆3-201,,否,,,,,,0,交响音乐欣赏,,第9节-第10节,,70039
32.0,000000,小提琴演奏提高班(20091-70040-1),200917004020403,,3,,21,1-18周,0,钱君,1-18周 周二 第10节-第10节 仙Ⅱ-524,2.0,公共课程,否,,周二,2009-2010-1,,200917004020403,,0,仙林校区,2009-2010学年 第1学期,20403,仙Ⅱ-524,,否,,,,,,0,小提琴演奏提高班,12,第10节-第10节,仙II区,70040
32.0,000000,舞蹈作品实践(20091-70041-1),200917004120378,,3,,0,1-18周,0,汪以平,1-18周 周日 第5节-第7节 ,2.0,公共课程,否,,周日,2009-2010-1,,200917004120378,,0,仙林校区,2009-2010学年 第1学期,20378,大学生中心,,否,,,,,,0,舞蹈作品实践,,第5节-第7节,,70041
32.0,000000,中国书画鉴赏(20091-70046-1),200917004620366,,3,,137,1-18周,0,黄正明,1-18周 周二 第9节-第10节 仙Ⅱ-303,2.0,公共课程,否,,周二,2009-2010-1,,200917004620366,,0,仙林校区,2009-2010学年 第1学期,20366,仙Ⅱ-303,,否,,,,,,0,中国书画鉴赏,12,第9节-第10节,仙II区,70046
32.0,000000,书法创作(20091-70047-1),200917004720365,,3,,52,1-18周,0,黄正明,1-18周 周二 第7节-第8节 仙Ⅱ-102,2.0,公共课程,否,,周二,2009-2010-1,,200917004720365,,0,仙林校区,2009-2010学年 第1学期,20365,仙Ⅱ-102,,否,,,,,,0,书法创作,12,第7节-第8节,仙II区,70047
32.0,000000,西方美术赏析(20091-70049-1),200917004920779,,1,,162,1-18周,0,谢建华,1-18周 周一 第7节-第8节 馆3-101,2.0,公共课程,否,,周一,2009-2010-1,,200917004920779,,0,鼓楼校区,2009-2010学年 第1学期,20779,馆3-101,,否,,,,,,0,西方美术赏析,8,第7节-第8节,逸夫馆,70049
32.0,000000,中国旅游地理(20091-70057-1),200917005720311,,3,,211,1-18周,0,赵宁曦,1-18周 周五 第7节-第8节 仙Ⅰ-207,2.0,公共课程,否,,周五,2009-2010-1,,200917005720311,,0,仙林校区,2009-2010学年 第1学期,20311,仙Ⅰ-207,,否,,,,,,0,中国旅游地理,11,第7节-第8节,仙I区,70057
32.0,000000,中国旅游地理(20091-70057-1),200917005720490,,1,,38,1-18周,0,赵宁曦,1-18周 周二 第7节-第8节 教222,2.0,公共课程,否,,周二,2009-2010-1,,200917005720490,,0,鼓楼校区,2009-2010学年 第1学期,20490,教222,,否,,,,,,0,中国旅游地理,1,第7节-第8节,教学楼,70057
32.0,000000,科学逻辑与科学方法论(20091-70064-1),200917006420296,,3,,202,1-18周,0,潘天群,1-18周 周二 第9节-第10节 仙Ⅰ-206,2.0,公共课程,否,,周二,2009-2010-1,,200917006420296,,0,仙林校区,2009-2010学年 第1学期,20296,仙Ⅰ-206,,否,,,,,,0,科学逻辑与科学方法论,11,第9节-第10节,仙I区,70064
32.0,000000,地名文化(20091-70070-1),200917007020309,,3,,70,1-18周,0,马永立,1-18周 周二 第7节-第8节 仙Ⅰ-319,2.0,公共课程,否,,周二,2009-2010-1,,200917007020309,,0,仙林校区,2009-2010学年 第1学期,20309,仙Ⅰ-319,,否,,,,,,0,地名文化,11,第7节-第8节,仙I区,70070
32.0,000000,地名文化(20091-70070-2),200917007020310,,3,,189,1-18周,0,马永立,1-18周 周二 第9节-第10节 仙Ⅰ-320,2.0,公共课程,否,,周二,2009-2010-1,,200917007020310,,0,仙林校区,2009-2010学年 第1学期,20310,仙Ⅰ-320,,否,,,,,,0,地名文化,11,第9节-第10节,仙I区,70070
32.0,000000,西方传播流派(20091-70077-1),200917007720286,,3,,221,1-18周,0,胡翼青,1-18周 周四 第9节-第10节 仙Ⅰ-207,2.0,公共课程,否,,周四,2009-2010-1,,200917007720286,,0,仙林校区,2009-2010学年 第1学期,20286,仙Ⅰ-207,,否,,,,,,0,西方传播流派,11,第9节-第10节,仙I区,70077
32.0,000000,摄影入门(20091-70084-1),200917008420363,,3,,203,1-18周,0,谢白,1-18周 周二 第7节-第8节 仙Ⅰ-106,2.0,公共课程,否,,周二,2009-2010-1,,200917008420363,,0,仙林校区,2009-2010学年 第1学期,20363,仙Ⅰ-106,,否,,,,,,0,摄影入门,11,第7节-第8节,仙I区,70084
32.0,000000,人体结构与功能(20091-70091-1),200917009120494,,1,,20,2-18周,0,朱亚文,2-18周 周一 第7节-第8节 教318,2.0,公共课程,否,,周一,2009-2010-1,,200917009120494,,0,鼓楼校区,2009-2010学年 第1学期,20494,教318,,否,,,,,,0,人体结构与功能,1,第7节-第8节,教学楼,70091
32.0,000000,法医学鉴定(20091-70100-1),200917010020496,,1,,97,1-18周,0,易龙,1-18周 周一 第7节-第8节 馆1-307,2.0,公共课程,否,,周一,2009-2010-1,,200917010020496,,0,鼓楼校区,2009-2010学年 第1学期,20496,馆1-307,,否,,,,,,0,法医学鉴定,8,第7节-第8节,逸夫馆,70100
32.0,000000,英语文化选读(20091-70105-1),200917010521329,,3,,61,2-18周,0,常晨,2-18周 自由时间 - ,2.0,公共课程,否,,自由时间,2009-2010-1,,200917010521329,,0,仙林校区,2009-2010学年 第1学期,21329,http://jw.nju.edu.cn/reading/,,否,,,,,,0,英语文化选读,,自由时间,,70105
32.0,000000,生涯发展设计(20091-70106-1),200917010620325,,3,,40,1-18周,0,陈昌凯,1-18周 周四 第7节-第8节 仙Ⅰ-111,2.0,公共课程,否,,周四,2009-2010-1,,200917010620325,,0,仙林校区,2009-2010学年 第1学期,20325,仙Ⅰ-111,,否,,,,,,0,生涯发展设计,11,第7节-第8节,仙I区,70106
32.0,000000,中外美术鉴赏(20091-70118-1),200917011820510,,1,,79,1-18周,0,杨秀娟,1-18周 周二 第7节-第8节 馆3-201,2.0,公共课程,否,,周二,2009-2010-1,,200917011820510,,0,鼓楼校区,2009-2010学年 第1学期,20510,馆3-201,,否,,,,,,0,中外美术鉴赏,8,第7节-第8节,逸夫馆,70118
32.0,000000,声乐提高(20091-70120-1),200917012020385,,3,,1,1-18周,0,陈晓艳,1-18周 周日 第4节-第5节 仙Ⅰ-108,2.0,公共课程,否,,周日,2009-2010-1,,200917012020385,,0,仙林校区,2009-2010学年 第1学期,20385,仙Ⅰ-108,,否,,,,,,0,声乐提高,11,第4节-第5节,仙I区,70120
32.0,000000,西方电影赏析(20091-70121-1),200917012120359,,3,,227,1-18周,0,康尔,1-18周 周三 第7节-第8节 仙Ⅰ-320,2.0,公共课程,否,,周三,2009-2010-1,,200917012120359,,0,仙林校区,2009-2010学年 第1学期,20359,仙Ⅰ-320,,否,,,,,,0,西方电影赏析,11,第7节-第8节,仙I区,70121
32.0,000000,环境科学概论(20091-70127-1),200917012720442,,3,,18,1-18周,0,许超,1-18周 自由时间 - ,2.0,公共课程,否,,自由时间,2009-2010-1,,200917012720442,,0,仙林校区,2009-2010学年 第1学期,20442,无,,否,,,,,,0,环境科学概论,,自由时间,,70127
32.0,000000,环境科学概论(20091-70127-1),200917012720472,,1,,8,1-18周,0,许超,1-18周 自由时间 - ,2.0,公共课程,否,,自由时间,2009-2010-1,,200917012720472,,0,鼓楼校区,2009-2010学年 第1学期,20472,无,,否,,,,,,0,环境科学概论,,自由时间,,70127
32.0,000000,中国自然地理(20091-70131-1),200917013120489,,1,,25,1-18周,0,赵宁曦,1-18周 周四 第7节-第8节 馆1-307,2.0,公共课程,否,,周四,2009-2010-1,,200917013120489,,0,鼓楼校区,2009-2010学年 第1学期,20489,馆1-307,,否,,,,,,0,中国自然地理,8,第7节-第8节,逸夫馆,70131
48.0,000000,数学建模(20092-70140-1),200917014037778,,3,,207,1-17周,0,黄卫华,1-17周 自由时间 - ,3.0,公共课程,否,,自由时间,2009-2010-1,,200917014037778,,0,仙林校区,2009-2010学年 第1学期,37778,无,,否,,,,,,0,数学建模,,自由时间,,70140
32.0,000000,中外声乐精品赏析(20091-70153-1),200917015320382,,3,,117,1-18周,0,陈晓艳,1-18周 周一 第7节-第8节 仙Ⅰ-320,2.0,公共课程,否,,周一,2009-2010-1,,200917015320382,,0,仙林校区,2009-2010学年 第1学期,20382,仙Ⅰ-320,,否,,,,,,0,中外声乐精品赏析,11,第7节-第8节,仙I区,70153
32.0,000000,化学与社会进步(20091-70156-1),200917015620313,,3,,198,1-18周,0,郑和根,1-18周 周二 第9节-第10节 仙Ⅱ-207,2.0,公共课程,否,,周二,2009-2010-1,,200917015620313,,0,仙林校区,2009-2010学年 第1学期,20313,仙Ⅱ-207,,否,,,,,,0,化学与社会进步,12,第9节-第10节,仙II区,70156
32.0,000000,世界古代文明(20091-70164-1),200917016420288,,3,,215,1-18周,0,陈仲丹,1-18周 周一 第9节-第10节 仙Ⅰ-320,2.0,公共课程,否,,周一,2009-2010-1,,200917016420288,,0,仙林校区,2009-2010学年 第1学期,20288,仙Ⅰ-320,,否,,,,,,0,世界古代文明,11,第9节-第10节,仙I区,70164
32.0,000000,现代生命科学导论(20091-70165-1),200917016520315,,3,,197,1-18周,0,陈建秀,1-18周 周一 第9节-第10节 仙Ⅰ-207,2.0,公共课程,否,,周一,2009-2010-1,,200917016520315,,0,仙林校区,2009-2010学年 第1学期,20315,仙Ⅰ-207,,否,,,,,,0,现代生命科学导论,11,第9节-第10节,仙I区,70165
32.0,000000,逻辑与辩论(20091-70169-1),200917016920470,,1,,202,1-18周,0,王克喜,1-18周 周四 第9节-第10节 馆3-101,2.0,公共课程,否,,周四,2009-2010-1,,200917016920470,,0,鼓楼校区,2009-2010学年 第1学期,20470,馆3-101,,否,,,,,,0,逻辑与辩论,8,第9节-第10节,逸夫馆,70169
32.0,000000,犹太文化与世界文明(20091-70193-1),200917019320295,,3,,211,1-18周,0,徐新,1-18周 周二 第7节-第8节 仙Ⅱ-207,2.0,公共课程,否,,周二,2009-2010-1,,200917019320295,,0,仙林校区,2009-2010学年 第1学期,20295,仙Ⅱ-207,,否,,,,,,0,犹太文化与世界文明,12,第7节-第8节,仙II区,70193
32.0,000000,语言学概论(20091-70194-1),200917019420343,,3,,109,1-18周,0,赵国方,1-18周 周二 第9节-第10节 仙Ⅱ-304,2.0,公共课程,否,,周二,2009-2010-1,,200917019420343,,0,仙林校区,2009-2010学年 第1学期,20343,仙Ⅱ-304,,否,,,,,,0,语言学概论,12,第9节-第10节,仙II区,70194
32.0,000000,普通心理学(20091-70203-1),200917020320324,,3,,203,1-18周,0,陈昌凯,1-18周 周二 第7节-第8节 图书馆125,2.0,公共课程,否,,周二,2009-2010-1,,200917020320324,,0,仙林校区,2009-2010学年 第1学期,20324,图书馆125,,否,,,,,,0,普通心理学,18,第7节-第8节,图书馆,70203
32.0,000000,联合国安全机制解读(20091-70223-1),200917022320292,,3,,206,1-18周,0,郑先武,1-18周 周三 第9节-第10节 仙Ⅰ-207,2.0,公共课程,否,,周三,2009-2010-1,,200917022320292,,0,仙林校区,2009-2010学年 第1学期,20292,仙Ⅰ-207,,否,,,,,,0,联合国安全机制解读,11,第9节-第10节,仙I区,70223
32.0,000000,外国旅游地理(20091-70228-1),200917022820312,,3,,195,1-18周,0,任黎秀,1-18周 周四 第7节-第8节 仙Ⅰ-107,2.0,公共课程,否,,周四,2009-2010-1,,200917022820312,,0,仙林校区,2009-2010学年 第1学期,20312,仙Ⅰ-107,,否,,,,,,0,外国旅游地理,11,第7节-第8节,仙I区,70228
32.0,000000,中国古代思想简论(20091-70231-1),200917023120505,,1,,160,1-18周,0,童强,1-18周 周四 第7节-第8节 馆3-101,2.0,公共课程,否,,周四,2009-2010-1,,200917023120505,,0,鼓楼校区,2009-2010学年 第1学期,20505,馆3-101,,否,,,,,,0,中国古代思想简论,8,第7节-第8节,逸夫馆,70231
48.0,000000,社会调研方法(20091-80016-1),200918001620298,,3,,203,1-18周,0,范克新,1-18周 周一 第9节-第10节 仙Ⅰ-107,3.0,公共课程,否,,周一,2009-2010-1,,200918001620298,,0,仙林校区,2009-2010学年 第1学期,20298,仙Ⅰ-107,,否,,,,,,0,社会调研方法,11,第9节-第10节,仙I区,80016
32.0,000000,日本经济与文化(20091-80017-1),200918001720305,,3,,198,1-18周,0,戴维周,1-18周 周四 第7节-第8节 图书馆125,2.0,公共课程,否,,周四,2009-2010-1,,200918001720305,,0,仙林校区,2009-2010学年 第1学期,20305,无,,否,,,,,,0,日本经济与文化,,第7节-第8节,,80017
32.0,000000,中国人口问题研究(20091-80018-1),200918001820304,,3,,193,1-18周,0,夏海勇,1-18周 周五 第7节-第8节 图书馆125,2.0,公共课程,否,,周五,2009-2010-1,,200918001820304,,0,仙林校区,2009-2010学年 第1学期,20304,无,,否,,,,,,0,中国人口问题研究,,第7节-第8节,,80018
48.0,000000,国际贸易地理(20091-80019-1),200918001920302,,3,,212,1-18周,0,李德富,1-18周 周二 第9节-第11节 图书馆125,3.0,公共课程,否,,周二,2009-2010-1,,200918001920302,,0,仙林校区,2009-2010学年 第1学期,20302,图书馆125,,否,,,,,,0,国际贸易地理,18,第9节-第11节,图书馆,80019
48.0,000000,国际贸易地理(20091-80019-2),200918001920303,,3,,205,1-18周,0,李德富,1-18周 周三 第9节-第11节 图书馆125,3.0,公共课程,否,,周三,2009-2010-1,,200918001920303,,0,仙林校区,2009-2010学年 第1学期,20303,图书馆125,,否,,,,,,0,国际贸易地理,18,第9节-第11节,图书馆,80019
48.0,000000,国际贸易地理(20091-80019-1),200918001920486,,1,,140,1-18周,0,李德富,1-18周 周一 第9节-第11节 馆3-101,3.0,公共课程,否,,周一,2009-2010-1,,200918001920486,,0,鼓楼校区,2009-2010学年 第1学期,20486,馆3-101,,否,,,,,,0,国际贸易地理,8,第9节-第11节,逸夫馆,80019
32.0,000000,天文学史(20091-80022-1),200918002220308,,3,,121,1-18周,0,萧耐园,1-18周 周四 第9节-第10节 仙Ⅱ-303,2.0,公共课程,否,,周四,2009-2010-1,,200918002220308,,0,仙林校区,2009-2010学年 第1学期,20308,仙Ⅱ-303,,否,,,,,,0,天文学史,12,第9节-第10节,仙II区,80022
32.0,000000,天文学史(20091-80022-1),200918002220488,,1,,27,1-17周,0,萧耐园,1-17周 周三 第7节-第8节 馆1-304,2.0,公共课程,否,,周三,2009-2010-1,,200918002220488,,0,鼓楼校区,2009-2010学年 第1学期,20488,馆1-304,,否,,,,,,0,天文学史,8,第7节-第8节,逸夫馆,80022
32.0,000000,教育与人的发展(20091-80024-1),200918002420306,,3,,213,1-18周,0,马卫宁,1-18周 周一 第9节-第10节 图书馆126,2.0,公共课程,否,,周一,2009-2010-1,,200918002420306,,0,仙林校区,2009-2010学年 第1学期,20306,图书馆126,,否,,,,,,0,教育与人的发展,18,第9节-第10节,图书馆,80024
48.0,000000,初级俄语（上）(20091-80031-1),200918003120428,,3,,32,"1-18周,1-18周",0,郑振东,"1-18周 周一 第7节-第8节 仙Ⅱ-102,1-18周 周四 第7节-第8节 仙Ⅱ-102",3.0,公共课程,否,,"周一,周四",2009-2010-1,,200918003120428,,0,仙林校区,2009-2010学年 第1学期,20428,"仙Ⅱ-102,仙Ⅱ-102",,否,,,,,,0,初级俄语（上）,12,"第7节-第8节,第7节-第8节",仙II区,80031
48.0,000000,初级俄语（上）(20091-80031-2),200918003120429,,3,,30,"1-18周,1-18周",0,郑振东,"1-18周 周一 第9节-第10节 仙Ⅱ-102,1-18周 周四 第9节-第10节 仙Ⅱ-102",3.0,公共课程,否,,"周一,周四",2009-2010-1,,200918003120429,,0,仙林校区,2009-2010学年 第1学期,20429,"仙Ⅱ-102,仙Ⅱ-102",,否,,,,,,0,初级俄语（上）,12,"第9节-第10节,第9节-第10节",仙II区,80031
48.0,000000,初级俄语（上）(20091-80031-1),200918003120514,,1,,36,"1-17周,1-17周",0,柳燕,"1-17周 周一 第7节-第8节 馆1-202,1-17周 周三 第7节-第8节 馆1-202",3.0,公共课程,否,,"周一,周三",2009-2010-1,,200918003120514,,0,鼓楼校区,2009-2010学年 第1学期,20514,"馆1-202,馆1-202",,否,,,,,,0,初级俄语（上）,8,"第7节-第8节,第7节-第8节",逸夫馆,80031
32.0,000000,高等教育发展史(20091-80033-1),200918003320348,,3,,104,1-18周,0,张弨,1-18周 周四 第9节-第10节 仙Ⅱ-304,2.0,公共课程,否,,周四,2009-2010-1,,200918003320348,,0,仙林校区,2009-2010学年 第1学期,20348,仙Ⅱ-304,,否,,,,,,0,高等教育发展史,12,第9节-第10节,仙II区,80033
32.0,000000,钢琴基础(20091-80039-1),200918003920424,,3,,35,1-18周,0,范丽甍,1-18周 周一 第7节-第8节 ,2.0,公共课程,否,,周一,2009-2010-1,,200918003920424,,0,仙林校区,2009-2010学年 第1学期,20424,大学生中心,,否,,,,,,0,钢琴基础,,第7节-第8节,,80039
32.0,000000,声乐基础(20091-80040-1),200918004020379,,3,,92,1-18周,0,陈晓艳,1-18周 周一 第9节-第10节 仙Ⅰ-108,2.0,公共课程,否,,周一,2009-2010-1,,200918004020379,,0,仙林校区,2009-2010学年 第1学期,20379,仙Ⅰ-108,,否,,,,,,0,声乐基础,11,第9节-第10节,仙I区,80040
32.0,000000,民族器乐赏析(20091-80041-1),200918004120409,,3,,163,1-18周,0,张静波,1-18周 周一 第7节-第8节 仙Ⅰ-107,2.0,公共课程,否,,周一,2009-2010-1,,200918004120409,,0,仙林校区,2009-2010学年 第1学期,20409,仙Ⅰ-107,,否,,,,,,0,民族器乐赏析,11,第7节-第8节,仙I区,80041
32.0,000000,合奏与指挥(20091-80042-1),200918004220416,,3,,41,1-18周,0,张静波,1-18周 周日 第9节-第10节 ,2.0,公共课程,否,,周日,2009-2010-1,,200918004220416,,0,仙林校区,2009-2010学年 第1学期,20416,大学生中心,,否,,,,,,0,合奏与指挥,,第9节-第10节,,80042
32.0,000000,音乐知识与名曲欣赏(20091-80044-1),200918004420399,,3,,205,1-18周,0,钱君,1-18周 周二 第7节-第8节 图书馆125,2.0,公共课程,否,,周二,2009-2010-1,,200918004420399,,0,仙林校区,2009-2010学年 第1学期,20399,无,,否,,,,,,0,音乐知识与名曲欣赏,,第7节-第8节,,80044
32.0,000000,舞蹈基础(20091-80046-1),200918004620373,,3,,32,1-18周,0,汪以平,1-18周 周一 第9节-第10节 ,2.0,公共课程,否,,周一,2009-2010-1,,200918004620373,,0,仙林校区,2009-2010学年 第1学期,20373,大学生中心,,否,,,,,,0,舞蹈基础,,第9节-第10节,,80046
32.0,000000,中国民间艺术创作（初级班）(20091-80051-1),200918005120780,,1,,75,1-18周,0,陈竞,1-18周 周一 第5节-第6节 馆1-307,2.0,公共课程,否,,周一,2009-2010-1,,200918005120780,,0,鼓楼校区,2009-2010学年 第1学期,20780,馆1-307,,否,,,,,,0,中国民间艺术创作（初级班）,8,第5节-第6节,逸夫馆,80051
32.0,000000,合唱与指挥(20091-80052-1),200918005220369,,3,,96,1-18周,0,吕晓一,1-18周 周一 第7节-第8节 仙Ⅱ-207,2.0,公共课程,否,,周一,2009-2010-1,,200918005220369,,0,仙林校区,2009-2010学年 第1学期,20369,仙Ⅱ-207,,否,,,,,,0,合唱与指挥,12,第7节-第8节,仙II区,80052
32.0,000000,结构素描(20091-80056-1),200918005620397,,3,,37,1-18周,0,杨秀娟,1-18周 周一 第9节-第10节 仙Ⅰ-109,2.0,公共课程,否,,周一,2009-2010-1,,200918005620397,,0,仙林校区,2009-2010学年 第1学期,20397,仙Ⅰ-109,,否,,,,,,0,结构素描,11,第9节-第10节,仙I区,80056
32.0,000000,健康学概论(20091-80067-1),200918006720444,,3,,57,1-18周,0,许超,1-18周 自由时间 - ,2.0,公共课程,否,,自由时间,2009-2010-1,,200918006720444,,0,仙林校区,2009-2010学年 第1学期,20444,http://jw.nju.edu.cn/jk/,,否,,,,,,0,健康学概论,,自由时间,,80067
32.0,000000,健康学概论(20091-80067-1),200918006720481,,1,,12,1-18周,0,许超,1-18周 自由时间 - ,2.0,公共课程,否,,自由时间,2009-2010-1,,200918006720481,,0,鼓楼校区,2009-2010学年 第1学期,20481,无,,否,,,,,,0,健康学概论,,自由时间,,80067
32.0,400230,健康学概论(20101-80067-1),200918006737971,,3,,28,,0,,,2.0,医学院,否,,,2009-2010-1,,200918006737971,2005医学院临床医学,0,仙林校区,2009-2010学年 第1学期,37971,,,否,,,,,,0,健康学概论,,,,80067
32.0,000000,自我拓展训练(20091-80088-1),200918008820327,,3,,41,1-18周,0,徐花,1-18周 周一 第7节-第8节 仙Ⅰ-111,2.0,公共课程,否,,周一,2009-2010-1,,200918008820327,,0,仙林校区,2009-2010学年 第1学期,20327,仙Ⅰ-111,,否,,,,,,0,自我拓展训练,11,第7节-第8节,仙I区,80088
32.0,000000,大学生心理健康学(20091-80107-1),200918010720339,,3,,97,1-18周,0,徐花,1-18周 周四 第7节-第8节 图书馆126,2.0,公共课程,否,,周四,2009-2010-1,,200918010720339,,0,仙林校区,2009-2010学年 第1学期,20339,图书馆126,,否,,,,,,0,大学生心理健康学,18,第7节-第8节,图书馆,80107
32.0,000000,钢琴提高(20091-80116-1),200918011620425,,3,,30,1-18周,0,范丽甍,1-18周 周一 第9节-第10节 ,2.0,公共课程,否,,周一,2009-2010-1,,200918011620425,,0,仙林校区,2009-2010学年 第1学期,20425,大学生中心,,否,,,,,,0,钢琴提高,,第9节-第10节,,80116
32.0,000000,钢琴提高(20091-80116-1),200918011620508,,1,,29,1-18周,0,范丽甍,1-18周 周二 第9节-第10节 ,2.0,公共课程,否,,周二,2009-2010-1,,200918011620508,,0,鼓楼校区,2009-2010学年 第1学期,20508,田家炳二楼,,否,,,,,,0,钢琴提高,,第9节-第10节,,80116
32.0,000000,油画技法基础(20091-80117-1),200918011720394,,3,,31,1-18周,0,杨秀娟,1-18周 周一 第7节-第8节 仙Ⅰ-109,2.0,公共课程,否,,周一,2009-2010-1,,200918011720394,,0,仙林校区,2009-2010学年 第1学期,20394,仙Ⅰ-109,,否,,,,,,0,油画技法基础,11,第7节-第8节,仙I区,80117
32.0,000000,管弦乐欣赏与练习(20091-80120-1),200918012020371,,3,,1,1-18周,0,吕晓一,1-18周 周日 第1节-第2节 ,2.0,公共课程,否,,周日,2009-2010-1,,200918012020371,,0,仙林校区,2009-2010学年 第1学期,20371,乐团排练厅,,否,,,,,,0,管弦乐欣赏与练习,,第1节-第2节,,80120
32.0,000000,古典词曲鉴赏(20091-80127-1),200918012720282,,3,,195,1-18周,0,孙蓉蓉,1-18周 周四 第7节-第8节 图书馆127,2.0,公共课程,否,,周四,2009-2010-1,,200918012720282,,0,仙林校区,2009-2010学年 第1学期,20282,图书馆127,,否,,,,,,0,古典词曲鉴赏,18,第7节-第8节,图书馆,80127
48.0,000000,现代保险学(20091-80128-1),200918012820299,,3,,205,1-18周,0,周文幸,1-18周 周四 第9节-第11节 仙Ⅰ-107,3.0,公共课程,否,,周四,2009-2010-1,,200918012820299,,0,仙林校区,2009-2010学年 第1学期,20299,仙Ⅰ-107,,否,,,,,,0,现代保险学,11,第9节-第11节,仙I区,80128
48.0,000000,市场调研(20091-80129-1),200918012920471,,1,,192,1-18周,0,范克新,1-18周 周四 第9节-第11节 馆3-103,3.0,公共课程,否,,周四,2009-2010-1,,200918012920471,,0,鼓楼校区,2009-2010学年 第1学期,20471,馆3-103,,否,,,,,,0,市场调研,8,第9节-第11节,逸夫馆,80129
32.0,000000,英语词汇(20091-80134-1),200918013420430,,3,,65,1-18周,0,侯宁海,1-18周 周一 第1节-第2节 仙Ⅱ-507,2.0,公共课程,否,,周一,2009-2010-1,,200918013420430,,0,仙林校区,2009-2010学年 第1学期,20430,仙Ⅱ-507,,否,,,,,,0,英语词汇,12,第1节-第2节,仙II区,80134
32.0,000000,英语词汇(20091-80134-2),200918013420431,,3,,68,1-18周,0,侯宁海,1-18周 周一 第3节-第4节 仙Ⅱ-507,2.0,公共课程,否,,周一,2009-2010-1,,200918013420431,,0,仙林校区,2009-2010学年 第1学期,20431,仙Ⅱ-507,,否,,,,,,0,英语词汇,12,第3节-第4节,仙II区,80134
32.0,000000,英语词汇(20091-80134-3),200918013420432,,3,,61,1-18周,0,侯宁海,1-18周 周一 第5节-第6节 仙Ⅱ-507,2.0,公共课程,否,,周一,2009-2010-1,,200918013420432,,0,仙林校区,2009-2010学年 第1学期,20432,仙Ⅱ-507,,否,,,,,,0,英语词汇,12,第5节-第6节,仙II区,80134
32.0,000000,英语词汇(20091-80134-4),200918013420433,,3,,65,1-18周,0,侯宁海,1-18周 周三 第1节-第2节 仙Ⅱ-507,2.0,公共课程,否,,周三,2009-2010-1,,200918013420433,,0,仙林校区,2009-2010学年 第1学期,20433,仙Ⅱ-507,,否,,,,,,0,英语词汇,12,第1节-第2节,仙II区,80134
32.0,000000,英语词汇(20091-80134-5),200918013420434,,3,,62,1-18周,0,侯宁海,1-18周 周三 第3节-第4节 仙Ⅱ-507,2.0,公共课程,否,,周三,2009-2010-1,,200918013420434,,0,仙林校区,2009-2010学年 第1学期,20434,仙Ⅱ-507,,否,,,,,,0,英语词汇,12,第3节-第4节,仙II区,80134
32.0,000000,英语词汇(20091-80134-6),200918013420435,,3,,65,1-18周,0,侯宁海,1-18周 周三 第5节-第6节 仙Ⅱ-507,2.0,公共课程,否,,周三,2009-2010-1,,200918013420435,,0,仙林校区,2009-2010学年 第1学期,20435,仙Ⅱ-507,,否,,,,,,0,英语词汇,12,第5节-第6节,仙II区,80134
32.0,000000,小提琴演奏初级班(20091-80149-1),200918014920401,,3,,33,1-18周,0,钱君,1-18周 周二 第9节-第9节 仙Ⅱ-524,2.0,公共课程,否,,周二,2009-2010-1,,200918014920401,,0,仙林校区,2009-2010学年 第1学期,20401,仙Ⅱ-524,,否,,,,,,0,小提琴演奏初级班,12,第9节-第9节,仙II区,80149
32.0,000000,环境艺术精品赏析(20091-80151-1),200918015120294,,3,,207,1-18周,0,谢建华,1-18周 周三 第9节-第10节 图书馆125,2.0,公共课程,否,,周三,2009-2010-1,,200918015120294,,0,仙林校区,2009-2010学年 第1学期,20294,无,,否,,,,,,0,环境艺术精品赏析,,第9节-第10节,,80151
32.0,000000,民乐提高(20091-80165-1),200918016520411,,3,,34,1-18周,0,张静波,1-18周 周四 第9节-第10节 ,2.0,公共课程,否,,周四,2009-2010-1,,200918016520411,,0,仙林校区,2009-2010学年 第1学期,20411,大学生中心,,否,,,,,,0,民乐提高,,第9节-第10节,,80165
32.0,000000,中国书画原理(20091-80166-1),200918016620293,,3,,205,1-18周,0,谢建华,1-18周 周三 第7节-第8节 图书馆127,2.0,公共课程,否,,周三,2009-2010-1,,200918016620293,,0,仙林校区,2009-2010学年 第1学期,20293,图书馆127,,否,,,,,,0,中国书画原理,18,第7节-第8节,图书馆,80166
32.0,000000,中国文学名著导读(20091-80169-1),200918016920361,,3,,205,1-18周,0,李健,1-18周 周四 第9节-第10节 图书馆125,2.0,公共课程,否,,周四,2009-2010-1,,200918016920361,,0,仙林校区,2009-2010学年 第1学期,20361,图书馆125,,否,,,,,,0,中国文学名著导读,18,第9节-第10节,图书馆,80169
32.0,000000,声乐作品演唱与实践(20091-80171-1),200918017120384,,3,,1,1-18周,0,陈晓艳,1-18周 周日 第6节-第7节 仙Ⅰ-108,2.0,公共课程,否,,周日,2009-2010-1,,200918017120384,,0,仙林校区,2009-2010学年 第1学期,20384,仙Ⅰ-108,,否,,,,,,0,声乐作品演唱与实践,11,第6节-第7节,仙I区,80171
32.0,000000,钢琴名曲赏析课(20091-80172-1),200918017220507,,1,,189,1-17周,0,范丽甍,1-17周 周二 第7节-第8节 馆3-101,2.0,公共课程,否,,周二,2009-2010-1,,200918017220507,,0,鼓楼校区,2009-2010学年 第1学期,20507,馆3-101,,否,,,,,,0,钢琴名曲赏析课,8,第7节-第8节,逸夫馆,80172
32.0,000000,歌剧作品排练(20091-80173-1),200918017320421,,3,,53,1-18周,0,唐小蓬,1-18周 周二 第7节-第8节 ,2.0,公共课程,否,,周二,2009-2010-1,,200918017320421,,0,仙林校区,2009-2010学年 第1学期,20421,大学生中心,,否,,,,,,0,歌剧作品排练,,第7节-第8节,,80173
32.0,000000,医学与健康(20091-80174-1),200918017420493,,1,,49,3-18周,0,方刚,3-18周 周五 第7节-第8节 教209,2.0,公共课程,否,,周五,2009-2010-1,,200918017420493,,0,鼓楼校区,2009-2010学年 第1学期,20493,教209,,否,,,,,,0,医学与健康,1,第7节-第8节,教学楼,80174
32.0,000000,东西方园林造景分析与比较(20091-80176-1),200918017620319,,3,,197,1-18周,0,许浩,1-18周 周一 第7节-第8节 图书馆125,2.0,公共课程,否,,周一,2009-2010-1,,200918017620319,,0,仙林校区,2009-2010学年 第1学期,20319,无,,否,,,,,,0,东西方园林造景分析与比较,,第7节-第8节,,80176
32.0,000000,中国美术教育思想史(20091-80177-1),200918017720321,,3,,206,1-18周,0,尚莲霞,1-18周 周四 第7节-第8节 仙Ⅱ-207,2.0,公共课程,否,,周四,2009-2010-1,,200918017720321,,0,仙林校区,2009-2010学年 第1学期,20321,仙Ⅱ-207,,否,,,,,,0,中国美术教育思想史,12,第7节-第8节,仙II区,80177
32.0,000000,西方美术史(20091-80178-1),200918017820509,,1,,200,1-18周,0,杨秀娟,1-18周 周二 第9节-第10节 馆3-103,2.0,公共课程,否,,周二,2009-2010-1,,200918017820509,,0,鼓楼校区,2009-2010学年 第1学期,20509,馆3-103,,否,,,,,,0,西方美术史,8,第9节-第10节,逸夫馆,80178
32.0,000000,西方音乐通论(20091-80179-1),200918017920370,,3,,225,1-18周,0,吕晓一,1-18周 周一 第9节-第10节 仙Ⅱ-122,2.0,公共课程,否,,周一,2009-2010-1,,200918017920370,,0,仙林校区,2009-2010学年 第1学期,20370,仙Ⅱ-122,,否,,,,,,0,西方音乐通论,12,第9节-第10节,仙II区,80179
32.0,000000,话剧作品实践(20091-80190-1),200918019020420,,3,,61,1-18周,0,唐小蓬,1-18周 周二 第9节-第10节 ,2.0,公共课程,否,,周二,2009-2010-1,,200918019020420,,0,仙林校区,2009-2010学年 第1学期,20420,大学生中心,,否,,,,,,0,话剧作品实践,,第9节-第10节,,80190
32.0,000000,歌剧经典赏析(20091-80191-1),200918019120417,,3,,206,1-18周,0,唐小蓬,1-18周 周一 第7节-第8节 仙Ⅰ-206,2.0,公共课程,否,,周一,2009-2010-1,,200918019120417,,0,仙林校区,2009-2010学年 第1学期,20417,仙Ⅰ-206,,否,,,,,,0,歌剧经典赏析,11,第7节-第8节,仙I区,80191
32.0,000000,杨式太极拳(20091-80200-1),200918020020356,,3,,43,1-18周,0,王唯,1-18周 周一 第7节-第8节 仙Ⅰ-212,2.0,公共课程,否,,周一,2009-2010-1,,200918020020356,,0,仙林校区,2009-2010学年 第1学期,20356,仙Ⅰ-212,,否,,,,,,0,杨式太极拳,11,第7节-第8节,仙I区,80200
32.0,000000,杨式太极拳(20091-80200-2),200918020020357,,3,,45,1-18周,0,王唯,1-18周 周一 第9节-第10节 仙Ⅰ-212,2.0,公共课程,否,,周一,2009-2010-1,,200918020020357,,0,仙林校区,2009-2010学年 第1学期,20357,仙Ⅰ-212,,否,,,,,,0,杨式太极拳,11,第9节-第10节,仙I区,80200
32.0,000000,昆曲清唱研究(20091-80203-1),200918020320457,,1,,72,11-18周,0,解玉峰,11-18周 周二 第9节-第10节 馆1-106,2.0,公共课程,否,,周二,2009-2010-1,,200918020320457,,0,鼓楼校区,2009-2010学年 第1学期,20457,馆1-106,,否,,,,,,0,昆曲清唱研究,8,第9节-第10节,逸夫馆,80203
32.0,000000,生活生涯发展规划(20091-80208-1),200918020820340,,3,,209,1-18周,0,桑志芹,1-18周 周四 第7节-第8节 仙Ⅱ-122,2.0,公共课程,否,,周四,2009-2010-1,,200918020820340,,0,仙林校区,2009-2010学年 第1学期,20340,仙Ⅱ-122,,否,,,,,,0,生活生涯发展规划,12,第7节-第8节,仙II区,80208
32.0,000000,健康与变态心理学(20091-80209-1),200918020920338,,3,,106,1-18周,0,费俊峰,1-18周 周一 第7节-第8节 仙Ⅱ-305,2.0,公共课程,否,,周一,2009-2010-1,,200918020920338,,0,仙林校区,2009-2010学年 第1学期,20338,仙Ⅱ-305,,否,,,,,,0,健康与变态心理学,12,第7节-第8节,仙II区,80209
32.0,000000,戏剧表演与实践(20091-80216-1),200918021620422,,3,,0,1-18周,0,唐小蓬,1-18周 周六 第2节-第3节 ,2.0,公共课程,否,,周六,2009-2010-1,,200918021620422,,0,仙林校区,2009-2010学年 第1学期,20422,大学生中心,,否,,,,,,0,戏剧表演与实践,,第2节-第3节,,80216
32.0,000000,桥牌入门(20091-80228-1),200918022820358,,3,,128,1-18周,0,吴向东,1-18周 周四 第9节-第10节 仙Ⅱ-305,2.0,公共课程,否,,周四,2009-2010-1,,200918022820358,,0,仙林校区,2009-2010学年 第1学期,20358,仙Ⅱ-305,,否,,,,,,0,桥牌入门,12,第9节-第10节,仙II区,80228
32.0,000000,世界近代文明(20091-80233-1),200918023320289,,3,,206,1-18周,0,刘成,1-18周 周一 第7节-第8节 仙Ⅰ-319,2.0,公共课程,否,,周一,2009-2010-1,,200918023320289,,0,仙林校区,2009-2010学年 第1学期,20289,仙Ⅰ-319,,否,,,,,,0,世界近代文明,11,第7节-第8节,仙I区,80233
32.0,000000,社会艺术学(20091-80234-1),200918023420367,,3,,208,1-18周,0,王咏,1-18周 周一 第7节-第8节 图书馆127,2.0,公共课程,否,,周一,2009-2010-1,,200918023420367,,0,仙林校区,2009-2010学年 第1学期,20367,图书馆127,,否,,,,,,0,社会艺术学,18,第7节-第8节,图书馆,80234
32.0,000000,西方名著导读(20091-80235-1),200918023520368,,3,,219,1-18周,0,王咏,1-18周 周一 第9节-第10节 仙Ⅱ-207,2.0,公共课程,否,,周一,2009-2010-1,,200918023520368,,0,仙林校区,2009-2010学年 第1学期,20368,仙Ⅱ-207,,否,,,,,,0,西方名著导读,12,第9节-第10节,仙II区,80235
32.0,000000,艺术导论(20091-80236-1),200918023620360,,3,,204,1-18周,0,李健,1-18周 周四 第7节-第8节 仙Ⅰ-319,2.0,公共课程,否,,周四,2009-2010-1,,200918023620360,,0,仙林校区,2009-2010学年 第1学期,20360,仙Ⅰ-319,,否,,,,,,0,艺术导论,11,第7节-第8节,仙I区,80236
32.0,000000,营养与健康(20091-80252-1),200918025220492,,1,,190,1-18周,0,郑伟娟,1-18周 周四 第7节-第8节 馆3-103,2.0,公共课程,否,,周四,2009-2010-1,,200918025220492,,0,鼓楼校区,2009-2010学年 第1学期,20492,馆3-103,,否,,,,,,0,营养与健康,8,第7节-第8节,逸夫馆,80252
32.0,000000,中国古代社会与古代思想文化(20091-80254-1),200918025420503,,1,,160,1-18周,0,申屠炉明,1-18周 周二 第7节-第8节 馆3-103,2.0,公共课程,否,,周二,2009-2010-1,,200918025420503,,0,鼓楼校区,2009-2010学年 第1学期,20503,馆3-103,,否,,,,,,0,中国古代社会与古代思想文化,8,第7节-第8节,逸夫馆,80254
32.0,000000,佛教与传统文化(20091-80255-1),200918025520323,,3,,205,1-18周,0,傅新毅,1-18周 周一 第7节-第8节 图书馆126,2.0,公共课程,否,,周一,2009-2010-1,,200918025520323,,0,仙林校区,2009-2010学年 第1学期,20323,图书馆126,,否,,,,,,0,佛教与传统文化,18,第7节-第8节,图书馆,80255
32.0,000000,国学通论(20091-80256-1),200918025620322,,3,,207,1-18周,0,童强,1-18周 周三 第7节-第8节 图书馆126,2.0,公共课程,否,,周三,2009-2010-1,,200918025620322,,0,仙林校区,2009-2010学年 第1学期,20322,图书馆126,,否,,,,,,0,国学通论,18,第7节-第8节,图书馆,80256
32.0,000000,实用文献学(20091-80257-1),200918025720297,,3,,102,1-18周,0,郑建明,1-18周 周二 第9节-第10节 仙Ⅱ-406,2.0,公共课程,否,,周二,2009-2010-1,,200918025720297,,0,仙林校区,2009-2010学年 第1学期,20297,仙Ⅱ-406,,否,,,,,,0,实用文献学,12,第9节-第10节,仙II区,80257
32.0,000000,舞蹈艺术通论(20091-80260-1),200918026020374,,3,,121,1-18周,0,汪以平,1-18周 周二 第7节-第8节 仙Ⅰ-108,2.0,公共课程,否,,周二,2009-2010-1,,200918026020374,,0,仙林校区,2009-2010学年 第1学期,20374,仙Ⅰ-108,,否,,,,,,0,舞蹈艺术通论,11,第7节-第8节,仙I区,80260
32.0,000000,预防医学(20091-80261-1),200918026120449,,3,,88,1-18周,0,许超,1-18周 自由时间 - ,2.0,公共课程,否,,自由时间,2009-2010-1,,200918026120449,,0,仙林校区,2009-2010学年 第1学期,20449,http://jw.nju.edu.cn/yfyx/,,否,,,,,,0,预防医学,,自由时间,,80261
32.0,000000,预防医学(20091-80261-1),200918026120485,,1,,17,1-18周,0,许超,1-18周 自由时间 - ,2.0,公共课程,否,,自由时间,2009-2010-1,,200918026120485,,0,鼓楼校区,2009-2010学年 第1学期,20485,无,,否,,,,,,0,预防医学,,自由时间,,80261
32.0,000000,雕塑艺术赏析(20091-80266-1),200918026620498,,1,,82,1-18周,0,季峰,1-18周 周一 第7节-第8节 馆3-103,2.0,公共课程,否,,周一,2009-2010-1,,200918026620498,,0,鼓楼校区,2009-2010学年 第1学期,20498,馆3-103,,否,,,,,,0,雕塑艺术赏析,8,第7节-第8节,逸夫馆,80266
32.0,000000,现代汉语(20091-80271-1),200918027120346,,3,,119,1-18周,0,赵国方,1-18周 周二 第7节-第8节 仙Ⅱ-304,2.0,公共课程,否,,周二,2009-2010-1,,200918027120346,,0,仙林校区,2009-2010学年 第1学期,20346,仙Ⅱ-304,,否,,,,,,0,现代汉语,12,第7节-第8节,仙II区,80271
32.0,000000,芭蕾赏析(20091-80272-1),200918027220376,,3,,56,1-18周,0,汪以平,1-18周 周一 第7节-第8节 仙Ⅱ-403,2.0,公共课程,否,,周一,2009-2010-1,,200918027220376,,0,仙林校区,2009-2010学年 第1学期,20376,仙Ⅱ-403,,否,,,,,,0,芭蕾赏析,12,第7节-第8节,仙II区,80272
32.0,000000,普通生态学(20091-80273-1),200918027320446,,3,,5,1-18周,0,许超,1-18周 自由时间 - ,2.0,公共课程,否,,自由时间,2009-2010-1,,200918027320446,,0,仙林校区,2009-2010学年 第1学期,20446,http://jw.nju.edu.cn/stx/,,否,,,,,,0,普通生态学,,自由时间,,80273
32.0,000000,普通生态学(20091-80273-1),200918027320484,,1,,8,1-18周,0,许超,1-18周 自由时间 - ,2.0,公共课程,否,,自由时间,2009-2010-1,,200918027320484,,0,鼓楼校区,2009-2010学年 第1学期,20484,无,,否,,,,,,0,普通生态学,,自由时间,,80273
32.0,000000,文学概论(20091-80281-1),200918028120458,,1,,204,1-18周,0,胡有清,1-18周 周三 第9节-第10节 馆3-103,2.0,公共课程,否,,周三,2009-2010-1,,200918028120458,,0,鼓楼校区,2009-2010学年 第1学期,20458,馆3-103,,否,,,,,,0,文学概论,8,第9节-第10节,逸夫馆,80281
32.0,000000,戏剧艺术欣赏(20091-80284-1),200918028420284,,3,,214,1-18周,0,陈恬,1-18周 周四 第9节-第10节 图书馆125,2.0,公共课程,否,,周四,2009-2010-1,,200918028420284,,0,仙林校区,2009-2010学年 第1学期,20284,无,,否,,,,,,0,戏剧艺术欣赏,,第9节-第10节,,80284
32.0,000000,中日历史遗留问题(20091-80286-1),200918028620290,,3,,207,1-18周,0,曹大臣,1-18周 周二 第9节-第10节 图书馆125,2.0,公共课程,否,,周二,2009-2010-1,,200918028620290,,0,仙林校区,2009-2010学年 第1学期,20290,无,,否,,,,,,0,中日历史遗留问题,,第9节-第10节,,80286
32.0,000000,体育摄影(20091-80287-1),200918028720364,,3,,61,1-18周,0,谢白,1-18周 周三 第7节-第8节 仙Ⅱ-310,2.0,公共课程,否,,周三,2009-2010-1,,200918028720364,,0,仙林校区,2009-2010学年 第1学期,20364,仙Ⅱ-310,,否,,,,,,0,体育摄影,12,第7节-第8节,仙II区,80287
32.0,000000,传统太极拳学与推手(20091-80288-1),200918028820515,,1,,30,1-18周,0,孙根龙,1-18周 周三 第7节-第8节 ,2.0,公共课程,否,,周三,2009-2010-1,,200918028820515,,0,鼓楼校区,2009-2010学年 第1学期,20515,游泳馆前,,否,,,,,,0,传统太极拳学与推手,,第7节-第8节,,80288
32.0,000000,基础藏语(20091-80294-1),200918029420285,,3,,39,1-18周,0,徐世梁,1-18周 周二 第9节-第10节 仙Ⅱ-109,2.0,公共课程,否,,周二,2009-2010-1,,200918029420285,,0,仙林校区,2009-2010学年 第1学期,20285,仙Ⅱ-109,,否,,,,,,0,基础藏语,12,第9节-第10节,仙II区,80294
32.0,000000,景观审美及规划(20091-80295-1),200918029520320,,3,,96,1-18周,0,姚亦锋,1-18周 周一 第7节-第8节 仙Ⅱ-122,2.0,公共课程,否,,周一,2009-2010-1,,200918029520320,,0,仙林校区,2009-2010学年 第1学期,20320,仙Ⅱ-122,,否,,,,,,0,景观审美及规划,12,第7节-第8节,仙II区,80295
32.0,000000,城市生态学(20091-80297-1),200918029720491,,1,,23,1-18周,0,李建龙,1-18周 周一 第7节-第8节 馆1-105,2.0,公共课程,否,,周一,2009-2010-1,,200918029720491,,0,鼓楼校区,2009-2010学年 第1学期,20491,馆1-105,,否,,,,,,0,城市生态学,8,第7节-第8节,逸夫馆,80297
32.0,000000,人体结构与疾病(20091-80298-1),200918029820495,,1,,37,1-18周,0,沈苏南,1-18周 周三 第7节-第8节 馆3-103,2.0,公共课程,否,,周三,2009-2010-1,,200918029820495,,0,鼓楼校区,2009-2010学年 第1学期,20495,馆3-103,,否,,,,,,0,人体结构与疾病,8,第7节-第8节,逸夫馆,80298
32.0,000000,性别研究(20091-80299-1),200918029920766,,3,,103,1-18周,0,何成洲,1-18周 周二 第7节-第8节 仙Ⅱ-403,2.0,公共课程,否,,周二,2009-2010-1,,200918029920766,,0,仙林校区,2009-2010学年 第1学期,20766,仙Ⅱ-403,,否,,,,,,0,性别研究,12,第7节-第8节,仙II区,80299
32.0,000000,幸福心理学(20091-80305-1),200918030520328,,3,,236,1-18周,0,费俊峰,1-18周 周四 第7节-第8节 仙Ⅰ-106,2.0,公共课程,否,,周四,2009-2010-1,,200918030520328,,0,仙林校区,2009-2010学年 第1学期,20328,仙Ⅰ-106,,否,,,,,,0,幸福心理学,11,第7节-第8节,仙I区,80305
32.0,000000,交际舞(20091-80309-1),200918030920355,,3,,34,1-18周,0,沈如玲,1-18周 周一 第3节-第4节 ,2.0,公共课程,否,,周一,2009-2010-1,,200918030920355,,0,仙林校区,2009-2010学年 第1学期,20355,体育馆,,否,,,,,,0,交际舞,,第3节-第4节,,80309
32.0,000000,游泳(20091-80310-1),200918031020506,,1,,30,1-18周,0,朱唯唯,1-18周 周二 第5节-第6节 ,2.0,公共课程,否,,周二,2009-2010-1,,200918031020506,,0,鼓楼校区,2009-2010学年 第1学期,20506,体育馆,,否,,,,,,0,游泳,,第5节-第6节,,80310
32.0,000000,透射电子显微镜概论(20091-80314-1),200918031420499,,1,,29,1-18周,0,邓昱,1-18周 周四 第7节-第8节 ,2.0,公共课程,否,,周四,2009-2010-1,,200918031420499,,0,鼓楼校区,2009-2010学年 第1学期,20499,分析中心210,,否,,,,,,0,透射电子显微镜概论,,第7节-第8节,,80314
32.0,000000,公文写作(20091-80315-1),200918031520516,,3,,201,5-18周,0,周欣展,5-18周 周五 第9节-第10节 仙Ⅰ-106,2.0,公共课程,否,,周五,2009-2010-1,,200918031520516,,0,仙林校区,2009-2010学年 第1学期,20516,仙Ⅰ-106,,否,,,,,,0,公文写作,11,第9节-第10节,仙I区,80315
32.0,000000,传播与文化(20091-80316-1),200918031620517,,3,,204,1-18周,0,王雄,1-18周 周三 第7节-第8节 图书馆125,2.0,公共课程,否,,周三,2009-2010-1,,200918031620517,,0,仙林校区,2009-2010学年 第1学期,20517,无,,否,,,,,,0,传播与文化,,第7节-第8节,,80316
32.0,000000,影视中的人物心理(20091-80317-1),200918031720341,,3,,210,1-18周,0,谈文娟,1-18周 周二 第7节-第8节 图书馆127,2.0,公共课程,否,,周二,2009-2010-1,,200918031720341,,0,仙林校区,2009-2010学年 第1学期,20341,图书馆127,,否,,,,,,0,影视中的人物心理,18,第7节-第8节,图书馆,80317
32.0,000000,中华人民共和国外交史(20091-80318-1),200918031820745,,1,,204,1-18周,0,计秋枫,1-18周 周五 第9节-第10节 馆3-103,2.0,公共课程,否,,周五,2009-2010-1,,200918031820745,,0,鼓楼校区,2009-2010学年 第1学期,20745,馆3-103,,否,,,,,,0,中华人民共和国外交史,8,第9节-第10节,逸夫馆,80318
,200090,计算机科学技术进展（一）,20091812021157,,1,,0,2-18周(双),0,,2-18周(双) 周四 第3节-第4节 教208,,研究生院,否,,周四,2009-2010-1,,20091812021157,,0,鼓楼校区,2009-2010学年 第1学期,21157,教208,,否,,,,,,0,,1,第3节-第4节,教学楼,8120
,200090,计算机科学技术进展（二）,20091812021158,,1,,0,1-17周(单),0,,1-17周(单) 周五 第3节-第4节 教301,,研究生院,否,,周五,2009-2010-1,,20091812021158,,0,鼓楼校区,2009-2010学年 第1学期,21158,教301,,否,,,,,,0,,1,第3节-第4节,教学楼,8120
