XS,PKDWDM,JXBMC,WID,TXKCLB_DISPLAY,XXXQDM,XGXKLBDM_DISPLAY,XKZRS,SKZC,PKZTDM,SKJS,YPSJDD,XF,PKDWDM_DISPLAY,SFXGXK_DISPLAY,KCFL1_DISPLAY,SKXQ,XNXQDM,TKJG,JXBID,SKBJ,SFTK,XXXQDM_DISPLAY,XNXQDM_DISPLAY,KXH,SKJAS,SYXS,SFTK_DISPLAY,XGXKLBDM,KCFL1,KTJSXS,TXKCLB,KCSJXS,SFXGXK,KCM,JXLDM,SKJC,JXLDM_DISPLAY,KCH
48.0,400290,马克思主义基本原理概论(20192-00000010-1),201920000001092931,思政课,3,,63,1-17周,0,王锁明,1-17周 周一 第5节-第7节 逸B-205,3.0,马克思主义学院,否,,周一,2019-2020-2,,201920000001092931,"2018物理学院声学,2018物理学院物理学（拔尖计划）",0,仙林校区,2019-2020学年 第2学期,92931,逸B-205,,否,,,32,00,16,0,马克思主义基本原理概论,16,第5节-第7节,逸夫楼B区,00000010
48.0,400290,马克思主义基本原理概论(20192-00000010-2),201920000001092932,思政课,3,,101,1-17周,0,王锁明,1-17周 周一 第9节-第11节 逸B-101,3.0,马克思主义学院,否,,周一,2019-2020-2,,201920000001092932,2018物理学院物理学,0,仙林校区,2019-2020学年 第2学期,92932,逸B-101,,否,,,32,00,16,0,马克思主义基本原理概论,16,第9节-第11节,逸夫楼B区,00000010
48.0,400290,马克思主义基本原理概论(20192-00000010-3),201920000001092934,思政课,3,,72,1-17周,0,周春梅,1-17周 周五 第5节-第7节 逸B-403,3.0,马克思主义学院,否,,周五,2019-2020-2,,201920000001092934,,0,仙林校区,2019-2020学年 第2学期,92934,逸B-403,,否,,,32,00,16,0,马克思主义基本原理概论,16,第5节-第7节,逸夫楼B区,00000010
48.0,400290,马克思主义基本原理概论(20192-00000010-4),201920000001092936,思政课,3,,110,"1-17周,2-16周(双)",0,曹永红,"1-17周 周四 第7节-第8节 仙Ⅱ-503,2-16周(双) 周三 第9节-第10节 仙Ⅱ-503",3.0,马克思主义学院,否,,"周四,周三",2019-2020-2,,201920000001092936,2019匡亚明学院理科强化班,0,仙林校区,2019-2020学年 第2学期,92936,"仙Ⅱ-503,仙Ⅱ-503",,否,,,32,00,16,0,马克思主义基本原理概论,12,"第7节-第8节,第9节-第10节",仙II区,00000010
48.0,400290,马克思主义基本原理概论(20192-00000010-5),201920000001092938,思政课,3,,102,"1-17周,1-17周(单)",0,曹永红,"1-17周 周四 第9节-第10节 仙Ⅱ-503,1-17周(单) 周三 第9节-第10节 仙Ⅱ-503",3.0,马克思主义学院,否,,"周四,周三",2019-2020-2,,201920000001092938,,0,仙林校区,2019-2020学年 第2学期,92938,"仙Ⅱ-503,仙Ⅱ-503",,否,,,32,00,16,0,马克思主义基本原理概论,12,"第9节-第10节,第9节-第10节",仙II区,00000010
48.0,400290,马克思主义基本原理概论(20192-00000010-6),201920000001092939,思政课,3,,100,1-17周,0,温权,1-17周 周四 第9节-第11节 仙Ⅰ-201,3.0,马克思主义学院,否,,周四,2019-2020-2,,201920000001092939,2019计算机学院计算机科学与技术,0,仙林校区,2019-2020学年 第2学期,92939,仙Ⅰ-201,,否,,,32,00,16,0,马克思主义基本原理概论,11,第9节-第11节,仙I区,00000010
48.0,400290,马克思主义基本原理概论(20192-00000010-7),201920000001092941,思政课,3,,98,1-17周,0,李乾坤,1-17周 周四 第9节-第11节 仙Ⅰ-202,3.0,马克思主义学院,否,,周四,2019-2020-2,,201920000001092941,2019计算机学院计算机科学与技术,0,仙林校区,2019-2020学年 第2学期,92941,仙Ⅰ-202,,否,,,32,00,16,0,马克思主义基本原理概论,11,第9节-第11节,仙I区,00000010
48.0,400290,马克思主义基本原理概论(20192-00000010-8),201920000001092942,思政课,3,,115,1-17周,0,季勇,1-17周 周三 第9节-第11节 仙Ⅱ-504,3.0,马克思主义学院,否,,周三,2019-2020-2,,201920000001092942,2019*理科试验班（化学与生命科学类）*化学与生命科学类,0,仙林校区,2019-2020学年 第2学期,92942,仙Ⅱ-504,,否,,,32,00,16,0,马克思主义基本原理概论,12,第9节-第11节,仙II区,00000010
48.0,400290,马克思主义基本原理概论(20192-00000010-9),201920000001092943,思政课,3,,117,1-17周,0,孔智键,1-17周 周三 第9节-第11节 仙Ⅱ-505,3.0,马克思主义学院,否,,周三,2019-2020-2,,201920000001092943,2019*理科试验班（化学与生命科学类）*化学与生命科学类,0,仙林校区,2019-2020学年 第2学期,92943,仙Ⅱ-505,,否,,,32,00,16,0,马克思主义基本原理概论,12,第9节-第11节,仙II区,00000010
48.0,400290,马克思主义基本原理概论(20192-00000010-10),201920000001093132,思政课,3,,138,"1-17周,1-17周(单)",0,陈建,"1-17周 周二 第3节-第4节 仙Ⅱ-504,1-17周(单) 周四 第9节-第10节 仙Ⅱ-504",3.0,马克思主义学院,否,,"周二,周四",2019-2020-2,,201920000001093132,"2018工程管理学院自动化,2019工程管理学院金融工程（计算机与金融工程方向）,2018工程管理学院金融工程,2018工程管理学院工业工程",0,仙林校区,2019-2020学年 第2学期,93132,"仙Ⅱ-504,仙Ⅱ-504",,否,,,32,00,16,0,马克思主义基本原理概论,12,"第3节-第4节,第9节-第10节",仙II区,00000010
48.0,400290,马克思主义基本原理概论(20192-00000010-11),201920000001093340,思政课,3,,100,"1-17周,2-16周(双)",0,郭云峰,"1-17周 周二 第5节-第6节 逸B-410,2-16周(双) 周二 第7节-第8节 逸B-405",3.0,马克思主义学院,否,,"周二,周二",2019-2020-2,,201920000001093340,2019*理科试验班（地球科学与资源环境类）*地球科学与资源环境类,0,仙林校区,2019-2020学年 第2学期,93340,"逸B-410,逸B-405",,否,,,32,00,16,0,马克思主义基本原理概论,16,"第5节-第6节,第7节-第8节",逸夫楼B区,00000010
48.0,400290,马克思主义基本原理概论(20192-00000010-12),201920000001093341,思政课,3,,93,"1-17周,1-17周(单)",0,郭云峰,"1-17周(单) 周二 第7节-第8节 逸B-405,1-17周 周一 第9节-第10节 逸B-410",3.0,马克思主义学院,否,,"周一,周二",2019-2020-2,,201920000001093341,2019*理科试验班（地球科学与资源环境类）*地球科学与资源环境类,0,仙林校区,2019-2020学年 第2学期,93341,"逸B-410,逸B-405",,否,,,32,00,16,0,马克思主义基本原理概论,16,"第9节-第10节,第7节-第8节",逸夫楼B区,00000010
48.0,400290,思想道德修养与法律基础(20192-00000020-1),201920000002092212,思政课,3,,52,"1-17周,1-17周(单)",0,李喜英,"1-17周 周二 第9节-第10节 逸B-410,1-17周(单) 周四 第9节-第10节 逸B-410",3.0,马克思主义学院,否,理论类课程,"周二,周四",2019-2020-2,,201920000002092212,2019*社会科学试验班*社会科学试验班,0,仙林校区,2019-2020学年 第2学期,92212,"逸B-410,逸B-410",0.0,否,,1,48,00,0,0,思想道德修养与法律基础,16,"第9节-第10节,第9节-第10节",逸夫楼B区,00000020
48.0,400290,思想道德修养与法律基础(20192-00000020-2),201920000002092215,思政课,3,,104,"1-17周,2-16周(双)",0,李喜英,"1-17周 周二 第7节-第8节 逸B-410,2-16周(双) 周四 第9节-第10节 逸B-410",3.0,马克思主义学院,否,理论类课程,"周二,周四",2019-2020-2,,201920000002092215,"2019医学院临床医学,2019医学院口腔医学",0,仙林校区,2019-2020学年 第2学期,92215,"逸B-410,逸B-410",0.0,否,,1,48,00,0,0,思想道德修养与法律基础,16,"第7节-第8节,第9节-第10节",逸夫楼B区,00000020
48.0,400290,思想道德修养与法律基础(20192-00000020-3),201920000002092222,思政课,3,,81,"1-17周,1-17周(单)",0,暴庆刚,"1-17周(单) 周三 第5节-第6节 逸B-101,1-17周 周一 第7节-第8节 逸B-104",3.0,马克思主义学院,否,理论类课程,"周一,周三",2019-2020-2,,201920000002092222,2019*经济管理试验班*经济管理试验班,0,仙林校区,2019-2020学年 第2学期,92222,"逸B-104,逸B-101",0.0,否,,1,48,00,0,0,思想道德修养与法律基础,16,"第7节-第8节,第5节-第6节",逸夫楼B区,00000020
48.0,400290,思想道德修养与法律基础(20192-00000020-4),201920000002092225,思政课,3,,80,"1-17周,2-16周(双)",0,暴庆刚,"2-16周(双) 周三 第5节-第6节 逸B-101,1-17周 周一 第9节-第10节 逸B-105",3.0,马克思主义学院,否,理论类课程,"周一,周三",2019-2020-2,,201920000002092225,2019*经济管理试验班*经济管理试验班,0,仙林校区,2019-2020学年 第2学期,92225,"逸B-105,逸B-101",0.0,否,,1,48,00,0,0,思想道德修养与法律基础,16,"第9节-第10节,第5节-第6节",逸夫楼B区,00000020
48.0,400290,思想道德修养与法律基础(20192-00000020-5),201920000002092233,思政课,3,,88,"1-17周,1-17周(单)",0,张伟,"1-17周 周一 第7节-第8节 仙Ⅱ-314,1-17周(单) 周四 第9节-第10节 仙Ⅱ-314",3.0,马克思主义学院,否,理论类课程,"周一,周四",2019-2020-2,,201920000002092233,2019*人文科学试验班*人文艺术传播类,0,仙林校区,2019-2020学年 第2学期,92233,"仙Ⅱ-314,仙Ⅱ-314",0.0,否,,1,48,00,0,0,思想道德修养与法律基础,12,"第7节-第8节,第9节-第10节",仙II区,00000020
48.0,400290,思想道德修养与法律基础(20192-00000020-6),201920000002092235,思政课,3,,88,"1-17周,1-17周(单)",0,张伟,"1-17周(单) 周四 第7节-第8节 仙Ⅱ-314,1-17周 周一 第9节-第10节 仙Ⅱ-314",3.0,马克思主义学院,否,理论类课程,"周一,周四",2019-2020-2,,201920000002092235,2019*人文科学试验班*人文艺术传播类,0,仙林校区,2019-2020学年 第2学期,92235,"仙Ⅱ-314,仙Ⅱ-314",0.0,否,,1,48,00,0,0,思想道德修养与法律基础,12,"第9节-第10节,第7节-第8节",仙II区,00000020
48.0,400290,思想道德修养与法律基础(20192-00000020-7),201920000002092236,思政课,3,,122,1-17周,0,吴翠丽,1-17周 周一 第9节-第11节 逸B-313,3.0,马克思主义学院,否,理论类课程,周一,2019-2020-2,,201920000002092236,2019*经济管理试验班*经济管理试验班,0,仙林校区,2019-2020学年 第2学期,92236,逸B-313,0.0,否,,1,48,00,0,0,思想道德修养与法律基础,16,第9节-第11节,逸夫楼B区,00000020
48.0,400290,思想道德修养与法律基础(20192-00000020-8),201920000002092237,思政课,3,,146,"1-17周,2-16周(双)",0,陈琳,"1-17周 周五 第3节-第4节 逸B-101,2-16周(双) 周五 第5节-第6节 逸B-101",3.0,马克思主义学院,否,理论类课程,"周五,周五",2019-2020-2,,201920000002092237,2019软件学院软件工程,0,仙林校区,2019-2020学年 第2学期,92237,"逸B-101,逸B-101",0.0,否,,1,48,00,0,0,思想道德修养与法律基础,16,"第3节-第4节,第5节-第6节",逸夫楼B区,00000020
48.0,400290,思想道德修养与法律基础(20192-00000020-9),201920000002092238,思政课,3,,119,"1-17周,2-16周(双)",0,赵妍妍,"1-17周 周一 第7节-第8节 仙Ⅱ-505,2-16周(双) 周一 第9节-第10节 仙Ⅱ-505",3.0,马克思主义学院,否,理论类课程,"周一,周一",2019-2020-2,,201920000002092238,2019*经济管理试验班*经济管理试验班,0,仙林校区,2019-2020学年 第2学期,92238,"仙Ⅱ-505,仙Ⅱ-505",0.0,否,,1,48,00,0,0,思想道德修养与法律基础,12,"第7节-第8节,第9节-第10节",仙II区,00000020
48.0,400290,思想道德修养与法律基础(20192-00000020-10),201920000002092239,思政课,3,,89,1-17周,0,赵妍妍,1-17周 周三 第9节-第11节 仙Ⅱ-314,3.0,马克思主义学院,否,理论类课程,周三,2019-2020-2,,201920000002092239,2019*人文科学试验班*人文艺术传播类,0,仙林校区,2019-2020学年 第2学期,92239,仙Ⅱ-314,0.0,否,,1,48,00,0,0,思想道德修养与法律基础,12,第9节-第11节,仙II区,00000020
48.0,400290,思想道德修养与法律基础(20192-00000020-11),201920000002092240,思政课,3,,43,"1-17周,1-17周(单)",0,戴雪红,"1-17周(单) 周五 第1节-第2节 逸B-209,1-17周 周五 第3节-第4节 逸B-209",3.0,马克思主义学院,否,理论类课程,"周五,周五",2019-2020-2,,201920000002092240,"2019文学院戏剧影视文学,2019新闻传播学院新闻学（运动员班）",0,仙林校区,2019-2020学年 第2学期,92240,"逸B-209,逸B-209",0.0,否,,1,48,00,0,0,思想道德修养与法律基础,16,"第3节-第4节,第1节-第2节",逸夫楼B区,00000020
48.0,400290,思想道德修养与法律基础(20192-00000020-12),201920000002092241,思政课,3,,98,"1-17周,2-16周(双)",0,刘冰菁,"1-17周 周四 第9节-第10节 逸B-205,2-16周(双) 周三 第9节-第10节 逸B-205",3.0,马克思主义学院,否,理论类课程,"周四,周三",2019-2020-2,,201920000002092241,"2019外国语学院英语,2019外国语学院日语,2019外国语学院俄语",0,仙林校区,2019-2020学年 第2学期,92241,"逸B-205,逸B-205",0.0,否,,1,48,00,0,0,思想道德修养与法律基础,16,"第9节-第10节,第9节-第10节",逸夫楼B区,00000020
48.0,400290,思想道德修养与法律基础(20192-00000020-13),201920000002092242,思政课,3,,77,"1-17周,1-17周(单)",0,刘冰菁,"1-17周 周四 第7节-第8节 逸B-305,1-17周(单) 周三 第9节-第10节 逸B-305",3.0,马克思主义学院,否,理论类课程,"周四,周三",2019-2020-2,,201920000002092242,"2019外国语学院法语,2019外国语学院朝鲜语,2019外国语学院西班牙语,2019外国语学院德语",0,仙林校区,2019-2020学年 第2学期,92242,"逸B-305,逸B-305",0.0,否,,1,48,00,0,0,思想道德修养与法律基础,16,"第7节-第8节,第9节-第10节",逸夫楼B区,00000020
48.0,400290,思想道德修养与法律基础(20192-00000020-14),201920000002092243,思政课,3,,99,"1-17周,1-17周(单)",0,李海超,"1-17周 周一 第9节-第10节 逸B-405,1-17周(单) 周四 第9节-第10节 逸B-405",3.0,马克思主义学院,否,理论类课程,"周一,周四",2019-2020-2,,201920000002092243,2019*社会科学试验班*社会科学试验班,0,仙林校区,2019-2020学年 第2学期,92243,"逸B-405,逸B-405",0.0,否,,1,48,00,0,0,思想道德修养与法律基础,16,"第9节-第10节,第9节-第10节",逸夫楼B区,00000020
48.0,400290,思想道德修养与法律基础(20192-00000020-15),201920000002092244,思政课,3,,100,"1-17周,2-16周(双)",0,李海超,"1-17周 周二 第9节-第10节 逸B-405,2-16周(双) 周四 第9节-第10节 逸B-405",3.0,马克思主义学院,否,理论类课程,"周二,周四",2019-2020-2,,201920000002092244,2019*社会科学试验班*社会科学试验班,0,仙林校区,2019-2020学年 第2学期,92244,"逸B-405,逸B-405",0.0,否,,1,48,00,0,0,思想道德修养与法律基础,16,"第9节-第10节,第9节-第10节",逸夫楼B区,00000020
48.0,400020,毛泽东思想和中国特色社会主义理论体系概论（理论部分）(20192-00000030A-1),2019200000030A92722,思政课,3,,0,,0,,,3.0,历史学院,否,理论类课程,,2019-2020-2,,2019200000030A92722,,0,仙林校区,2019-2020学年 第2学期,92722,,0.0,否,,1,48,00,0,0,毛泽东思想和中国特色社会主义理论体系概论（理论部分）,,,,00000030A
48.0,400290,毛泽东思想和中国特色社会主义理论体系概论（理论部分）(20192-00000030A-2),2019200000030A92793,思政课,3,,128,1-17周,0,李洪波,1-17周 周一 第9节-第11节 逸B-104,3.0,马克思主义学院,否,理论类课程,周一,2019-2020-2,,2019200000030A92793,"2018医学院临床医学（八年制）,2018医学院口腔医学,2018医学院临床医学（5+3）",0,仙林校区,2019-2020学年 第2学期,92793,逸B-104,0.0,否,,1,48,00,0,0,毛泽东思想和中国特色社会主义理论体系概论（理论部分）,16,第9节-第11节,逸夫楼B区,00000030A
48.0,400290,毛泽东思想和中国特色社会主义理论体系概论（理论部分）(20192-00000030A-3),2019200000030A92796,思政课,3,,85,1-17周,0,李洪波,1-17周 周一 第2节-第4节 逸B-305,3.0,马克思主义学院,否,理论类课程,周一,2019-2020-2,,2019200000030A92796,"2018建筑与城市规划学院建筑学,2018建筑与城市规划学院城乡规划",0,仙林校区,2019-2020学年 第2学期,92796,逸B-305,0.0,否,,1,48,00,0,0,毛泽东思想和中国特色社会主义理论体系概论（理论部分）,16,第2节-第4节,逸夫楼B区,00000030A
48.0,400290,毛泽东思想和中国特色社会主义理论体系概论（理论部分）(20192-00000030A-4),2019200000030A92798,思政课,3,,69,1-17周,0,丁蕖,1-17周 周二 第5节-第7节 逸B-305,3.0,马克思主义学院,否,理论类课程,周二,2019-2020-2,,2019200000030A92798,"2017环境学院环境工程,2017环境学院环境科学（环规）,2017环境学院环境科学（环生）,2017环境学院环境科学（环化）",0,仙林校区,2019-2020学年 第2学期,92798,逸B-305,0.0,否,,1,48,00,0,0,毛泽东思想和中国特色社会主义理论体系概论（理论部分）,16,第5节-第7节,逸夫楼B区,00000030A
48.0,400290,毛泽东思想和中国特色社会主义理论体系概论（理论部分）(20192-00000030A-5),2019200000030A92800,思政课,1,,85,1-17周,0,周芳玉,1-17周 周二 第5节-第7节 教213,3.0,马克思主义学院,否,理论类课程,周二,2019-2020-2,,2019200000030A92800,"2017物理学院应用物理学,2017物理学院物理学（拔尖计划）,2017物理学院声学",0,鼓楼校区,2019-2020学年 第2学期,92800,教213,0.0,否,,1,48,00,0,0,毛泽东思想和中国特色社会主义理论体系概论（理论部分）,1,第5节-第7节,教学楼,00000030A
48.0,400290,毛泽东思想和中国特色社会主义理论体系概论（理论部分）(20192-00000030A-6),2019200000030A92801,思政课,1,,95,1-17周,0,周芳玉,1-17周 周二 第9节-第11节 教101,3.0,马克思主义学院,否,理论类课程,周二,2019-2020-2,,2019200000030A92801,2017物理学院物理学,0,鼓楼校区,2019-2020学年 第2学期,92801,教101,0.0,否,,1,48,00,0,0,毛泽东思想和中国特色社会主义理论体系概论（理论部分）,1,第9节-第11节,教学楼,00000030A
48.0,400290,毛泽东思想和中国特色社会主义理论体系概论（理论部分）(20192-00000030A-7),2019200000030A92803,思政课,3,,123,1-17周,0,高静,1-17周 周二 第9节-第11节 逸B-104,3.0,马克思主义学院,否,理论类课程,周二,2019-2020-2,,2019200000030A92803,"2018历史学院历史学,2018社会学院应用心理学,2018社会学院社会工作,2018社会学院社会学,2018历史学院考古学（文物鉴定方向）,2018历史学院考古学",0,仙林校区,2019-2020学年 第2学期,92803,逸B-104,0.0,否,,1,48,00,0,0,毛泽东思想和中国特色社会主义理论体系概论（理论部分）,16,第9节-第11节,逸夫楼B区,00000030A
48.0,400290,毛泽东思想和中国特色社会主义理论体系概论（理论部分）(20192-00000030A-8),2019200000030A92804,思政课,3,,107,7-17周,0,甘季国,7-17周 周三 第5节-第7节 逸B-104,3.0,马克思主义学院,否,理论类课程,周三,2019-2020-2,,2019200000030A92804,"2017电子科学与工程学院电子信息科学与技术,2017电子科学与工程学院微电子科学与工程（集成电路设计与集成系统）,2017电子科学与工程学院微电子科学与工程,2017电子科学与工程学院通信工程",0,仙林校区,2019-2020学年 第2学期,92804,逸B-104,0.0,否,,1,48,00,0,0,毛泽东思想和中国特色社会主义理论体系概论（理论部分）,16,第5节-第7节,逸夫楼B区,00000030A
48.0,400290,毛泽东思想和中国特色社会主义理论体系概论（理论部分）(20192-00000030A-9),2019200000030A92805,思政课,3,,117,7-17周,0,甘季国,7-17周 周三 第9节-第11节 逸B-104,3.0,马克思主义学院,否,理论类课程,周三,2019-2020-2,,2019200000030A92805,"2017电子科学与工程学院电子信息科学与技术,2017电子科学与工程学院微电子科学与工程（集成电路设计与集成系统）,2017电子科学与工程学院微电子科学与工程,2017电子科学与工程学院通信工程",0,仙林校区,2019-2020学年 第2学期,92805,逸B-104,0.0,否,,1,48,00,0,0,毛泽东思想和中国特色社会主义理论体系概论（理论部分）,16,第9节-第11节,逸夫楼B区,00000030A
48.0,400290,毛泽东思想和中国特色社会主义理论体系概论（理论部分）(20192-00000030A-10),2019200000030A92806,思政课,3,,136,7-17周,0,王学荣,7-17周 周五 第2节-第4节 逸B-212,3.0,马克思主义学院,否,理论类课程,周五,2019-2020-2,,2019200000030A92806,"2017化学学院化学,2017化学学院化学（化学生物学）,2017化学学院化学(基地),2017化学学院应用化学",0,仙林校区,2019-2020学年 第2学期,92806,逸B-212,0.0,否,,1,48,00,0,0,毛泽东思想和中国特色社会主义理论体系概论（理论部分）,16,第2节-第4节,逸夫楼B区,00000030A
48.0,400290,毛泽东思想和中国特色社会主义理论体系概论（理论部分）(20192-00000030A-11),2019200000030A92807,思政课,3,,95,1-17周,0,金文,1-17周 周三 第9节-第11节 逸B-306,3.0,马克思主义学院,否,理论类课程,周三,2019-2020-2,,2019200000030A92807,"2018新闻传播学院新闻传播学类,2018新闻传播学院新闻学（传媒实验班）",0,仙林校区,2019-2020学年 第2学期,92807,逸B-306,0.0,否,,1,48,00,0,0,毛泽东思想和中国特色社会主义理论体系概论（理论部分）,16,第9节-第11节,逸夫楼B区,00000030A
48.0,400290,毛泽东思想和中国特色社会主义理论体系概论（理论部分）(20192-00000030A-12),2019200000030A92808,思政课,3,,127,1-17周,0,金文,1-17周 周一 第9节-第11节 仙Ⅱ-405,3.0,马克思主义学院,否,理论类课程,周一,2019-2020-2,,2019200000030A92808,"2017现代工程与应用科学学院材料物理,2017现代工程与应用科学学院生物医学工程,2017现代工程与应用科学学院新能源科学与工程,2017现代工程与应用科学学院光电信息科学与工程,2017现代工程与应用科学学院材料化学",0,仙林校区,2019-2020学年 第2学期,92808,仙Ⅱ-405,0.0,否,,1,48,00,0,0,毛泽东思想和中国特色社会主义理论体系概论（理论部分）,12,第9节-第11节,仙II区,00000030A
48.0,400290,毛泽东思想和中国特色社会主义理论体系概论（理论部分）(20192-00000030A-13),2019200000030A93101,思政课,3,,117,1-17周,0,高静,1-17周 周二 第5节-第7节 仙Ⅱ-504,3.0,马克思主义学院,否,理论类课程,周二,2019-2020-2,,2019200000030A93101,"2017地球科学与工程学院地质学,2018大气科学学院理科试验班（地球系统科学与环境）,2017地球科学与工程学院地质学（生物演化与环境方向）,2017地球科学与工程学院地质学（地球物理学方向）,2017地球科学与工程学院水文与水资源工程,2017地球科学与工程学院地质工程",0,仙林校区,2019-2020学年 第2学期,93101,仙Ⅱ-504,0.0,否,,1,48,00,0,0,毛泽东思想和中国特色社会主义理论体系概论（理论部分）,12,第5节-第7节,仙II区,00000030A
48.0,400290,毛泽东思想和中国特色社会主义理论体系概论（理论部分）(20192-00000030A-14),2019200000030A93105,思政课,3,,82,7-17周,0,王学荣,7-17周 周四 第9节-第11节 逸C-115,3.0,马克思主义学院,否,理论类课程,周四,2019-2020-2,,2019200000030A93105,2018人工智能学院计算机科学与技术（人工智能方向）,0,仙林校区,2019-2020学年 第2学期,93105,逸C-115,0.0,否,,1,48,00,0,0,毛泽东思想和中国特色社会主义理论体系概论（理论部分）,17,第9节-第11节,逸夫楼C区,00000030A
48.0,400290,毛泽东思想和中国特色社会主义理论体系概论（理论部分）(20192-00000030A-15),2019200000030A93144,思政课,3,,82,1-17周,0,丁蕖,1-17周 周二 第9节-第11节 逸B-305,3.0,马克思主义学院,否,理论类课程,周二,2019-2020-2,,2019200000030A93144,"2017大气科学学院大气科学,2017大气科学学院应用气象学",0,仙林校区,2019-2020学年 第2学期,93144,逸B-305,0.0,否,,1,48,00,0,0,毛泽东思想和中国特色社会主义理论体系概论（理论部分）,16,第9节-第11节,逸夫楼B区,00000030A
48.0,400290,毛泽东思想和中国特色社会主义理论体系概论（理论部分）(20192-00000030A-16),2019200000030A93369,思政课,3,,129,1-17周,0,沈伯平,1-17周 周五 第2节-第4节 仙Ⅰ-108,3.0,马克思主义学院,否,理论类课程,周五,2019-2020-2,,2019200000030A93369,"2017数学学院数学与应用数学,2017数学学院应用模块（统计方向）,2017数学学院应用模块（计算方向）,2017数学学院统计学,2017数学学院信息与计算科学",0,仙林校区,2019-2020学年 第2学期,93369,仙Ⅰ-108,0.0,否,,1,48,00,0,0,毛泽东思想和中国特色社会主义理论体系概论（理论部分）,11,第2节-第4节,仙I区,00000030A
48.0,400290,"毛泽东思想和中国特色社会主义理论体系概论（实践部分）（重修班）	00000030B
",2019200000030B94109,思政课,3,,9,,0,,,2.0,马克思主义学院,否,实践类课程,,2019-2020-2,,2019200000030B94109,,0,仙林校区,2019-2020学年 第2学期,94109,,0.0,否,,3,0,00,32,0,毛泽东思想和中国特色社会主义理论体系概论（实践部分）,,,,00000030B
48.0,400290,毛泽东思想和中国特色社会主义理论体系概论（实践部分）,2019200000030B96233,思政课,3,,102,,0,金文, 自由时间 - ,2.0,马克思主义学院,否,实践类课程,自由时间,2019-2020-2,,2019200000030B96233,,0,仙林校区,2019-2020学年 第2学期,96233,无,0.0,否,,3,0,00,32,0,毛泽东思想和中国特色社会主义理论体系概论（实践部分）,,自由时间,,00000030B
48.0,400290,毛泽东思想和中国特色社会主义理论体系概论（实践部分）,2019200000030B96234,思政课,3,,132,,0,沈伯平, 自由时间 - ,2.0,马克思主义学院,否,实践类课程,自由时间,2019-2020-2,,2019200000030B96234,,0,仙林校区,2019-2020学年 第2学期,96234,无,0.0,否,,3,0,00,32,0,毛泽东思想和中国特色社会主义理论体系概论（实践部分）,,自由时间,,00000030B
48.0,400290,毛泽东思想和中国特色社会主义理论体系概论（实践部分）,2019200000030B96235,思政课,3,,137,,0,高静, 自由时间 - ,2.0,马克思主义学院,否,实践类课程,自由时间,2019-2020-2,,2019200000030B96235,,0,仙林校区,2019-2020学年 第2学期,96235,无,0.0,否,,3,0,00,32,0,毛泽东思想和中国特色社会主义理论体系概论（实践部分）,,自由时间,,00000030B
48.0,400290,毛泽东思想和中国特色社会主义理论体系概论（实践部分）,2019200000030B96236,思政课,3,,47,,0,高静, 自由时间 - ,2.0,马克思主义学院,否,实践类课程,自由时间,2019-2020-2,,2019200000030B96236,,0,仙林校区,2019-2020学年 第2学期,96236,无,0.0,否,,3,0,00,32,0,毛泽东思想和中国特色社会主义理论体系概论（实践部分）,,自由时间,,00000030B
48.0,400290,毛泽东思想和中国特色社会主义理论体系概论（实践部分）,2019200000030B96237,思政课,3,,54,,0,周芳玉, 自由时间 - ,2.0,马克思主义学院,否,实践类课程,自由时间,2019-2020-2,,2019200000030B96237,,0,仙林校区,2019-2020学年 第2学期,96237,无,0.0,否,,3,0,00,32,0,毛泽东思想和中国特色社会主义理论体系概论（实践部分）,,自由时间,,00000030B
48.0,400290,毛泽东思想和中国特色社会主义理论体系概论（实践部分）,2019200000030B96238,思政课,3,,94,,0,甘季国, 自由时间 - ,2.0,马克思主义学院,否,实践类课程,自由时间,2019-2020-2,,2019200000030B96238,,0,仙林校区,2019-2020学年 第2学期,96238,无,0.0,否,,3,0,00,32,0,毛泽东思想和中国特色社会主义理论体系概论（实践部分）,,自由时间,,00000030B
48.0,400290,毛泽东思想和中国特色社会主义理论体系概论（实践部分）,2019200000030B96239,思政课,3,,135,,0,甘季国, 自由时间 - ,2.0,马克思主义学院,否,实践类课程,自由时间,2019-2020-2,,2019200000030B96239,,0,仙林校区,2019-2020学年 第2学期,96239,无,0.0,否,,3,0,00,32,0,毛泽东思想和中国特色社会主义理论体系概论（实践部分）,,自由时间,,00000030B
48.0,400290,毛泽东思想和中国特色社会主义理论体系概论（实践部分）,2019200000030B96240,思政课,3,,61,,0,沈伯平, 自由时间 - ,2.0,马克思主义学院,否,实践类课程,自由时间,2019-2020-2,,2019200000030B96240,,0,仙林校区,2019-2020学年 第2学期,96240,无,0.0,否,,3,0,00,32,0,毛泽东思想和中国特色社会主义理论体系概论（实践部分）,,自由时间,,00000030B
48.0,400290,毛泽东思想和中国特色社会主义理论体系概论（实践部分）,2019200000030B96241,思政课,3,,131,,0,王学荣, 自由时间 - ,2.0,马克思主义学院,否,实践类课程,自由时间,2019-2020-2,,2019200000030B96241,,0,仙林校区,2019-2020学年 第2学期,96241,无,0.0,否,,3,0,00,32,0,毛泽东思想和中国特色社会主义理论体系概论（实践部分）,,自由时间,,00000030B
48.0,400290,毛泽东思想和中国特色社会主义理论体系概论（实践部分）,2019200000030B96242,思政课,3,,127,,0,王学荣, 自由时间 - ,2.0,马克思主义学院,否,实践类课程,自由时间,2019-2020-2,,2019200000030B96242,,0,仙林校区,2019-2020学年 第2学期,96242,无,0.0,否,,3,0,00,32,0,毛泽东思想和中国特色社会主义理论体系概论（实践部分）,,自由时间,,00000030B
48.0,400290,毛泽东思想和中国特色社会主义理论体系概论（实践部分）,2019200000030B96243,思政课,3,,70,,0,丁蕖, 自由时间 - ,2.0,马克思主义学院,否,实践类课程,自由时间,2019-2020-2,,2019200000030B96243,,0,仙林校区,2019-2020学年 第2学期,96243,无,0.0,否,,3,0,00,32,0,毛泽东思想和中国特色社会主义理论体系概论（实践部分）,,自由时间,,00000030B
48.0,400290,毛泽东思想和中国特色社会主义理论体系概论（实践部分）,2019200000030B96244,思政课,3,,102,,0,金文, 自由时间 - ,2.0,马克思主义学院,否,实践类课程,自由时间,2019-2020-2,,2019200000030B96244,,0,仙林校区,2019-2020学年 第2学期,96244,无,0.0,否,,3,0,00,32,0,毛泽东思想和中国特色社会主义理论体系概论（实践部分）,,自由时间,,00000030B
48.0,400290,毛泽东思想和中国特色社会主义理论体系概论（实践部分）,2019200000030B96245,思政课,3,,91,,0,丁蕖, 自由时间 - ,2.0,马克思主义学院,否,实践类课程,自由时间,2019-2020-2,,2019200000030B96245,,0,仙林校区,2019-2020学年 第2学期,96245,无,0.0,否,,3,0,00,32,0,毛泽东思想和中国特色社会主义理论体系概论（实践部分）,,自由时间,,00000030B
48.0,400290,毛泽东思想和中国特色社会主义理论体系概论（实践部分）,2019200000030B96246,思政课,3,,105,,0,李洪波, 自由时间 - ,2.0,马克思主义学院,否,实践类课程,自由时间,2019-2020-2,,2019200000030B96246,,0,仙林校区,2019-2020学年 第2学期,96246,无,0.0,否,,3,0,00,32,0,毛泽东思想和中国特色社会主义理论体系概论（实践部分）,,自由时间,,00000030B
48.0,400290,毛泽东思想和中国特色社会主义理论体系概论（实践部分）,2019200000030B96247,思政课,3,,110,,0,李洪波, 自由时间 - ,2.0,马克思主义学院,否,实践类课程,自由时间,2019-2020-2,,2019200000030B96247,,0,仙林校区,2019-2020学年 第2学期,96247,无,0.0,否,,3,0,00,32,0,毛泽东思想和中国特色社会主义理论体系概论（实践部分）,,自由时间,,00000030B
48.0,400290,毛泽东思想和中国特色社会主义理论体系概论（实践部分）,2019200000030B96248,思政课,3,,168,,0,武海宝, 自由时间 - ,2.0,马克思主义学院,否,实践类课程,自由时间,2019-2020-2,,2019200000030B96248,,0,仙林校区,2019-2020学年 第2学期,96248,无,0.0,否,,3,0,00,32,0,毛泽东思想和中国特色社会主义理论体系概论（实践部分）,,自由时间,,00000030B
48.0,400290,毛泽东思想和中国特色社会主义理论体系概论（实践部分）,2019200000030B96249,思政课,3,,97,,0,周芳玉, 自由时间 - ,2.0,马克思主义学院,否,实践类课程,自由时间,2019-2020-2,,2019200000030B96249,,0,仙林校区,2019-2020学年 第2学期,96249,无,0.0,否,,3,0,00,32,0,毛泽东思想和中国特色社会主义理论体系概论（实践部分）,,自由时间,,00000030B
48.0,400290,中国近现代史纲要(20192-00000041-1),201920000004192765,思政课,3,,120,1-17周,0,熊秋良,1-17周 周二 第9节-第11节 逸B-313,3.0,马克思主义学院,否,理论+实践课程,周二,2019-2020-2,,201920000004192765,"2018哲学学院哲学,2018政府管理学院劳动与社会保障,2018政府管理学院国际政治,2018政府管理学院行政管理,2018政府管理学院政治学与行政学",0,仙林校区,2019-2020学年 第2学期,92765,逸B-313,0.0,否,,5,32,00,16,0,中国近现代史纲要,16,第9节-第11节,逸夫楼B区,00000041
48.0,400290,中国近现代史纲要(20192-00000041-2),201920000004192766,思政课,3,,31,1-17周,0,倪春纳,1-17周 周四 第2节-第4节 逸A-416,3.0,马克思主义学院,否,理论+实践课程,周四,2019-2020-2,,201920000004192766,"2018商学院工商管理,2018商学院工商管理（人力资源管理方向）,2018商学院会计学",0,仙林校区,2019-2020学年 第2学期,92766,逸A-416,0.0,否,,5,32,00,16,0,中国近现代史纲要,15,第2节-第4节,逸夫楼A区,00000041
48.0,400290,中国近现代史纲要(20192-00000041-3),201920000004192767,思政课,3,,115,1-17周,0,倪春纳,1-17周 周四 第9节-第11节 逸A-117,3.0,马克思主义学院,否,理论+实践课程,周四,2019-2020-2,,201920000004192767,"2018商学院财务管理,2019物理学院物理学（拔尖计划）,2018商学院市场营销,2018商学院电子商务",0,仙林校区,2019-2020学年 第2学期,92767,逸A-117,0.0,否,,5,32,00,16,0,中国近现代史纲要,15,第9节-第11节,逸夫楼A区,00000041
48.0,400290,中国近现代史纲要(20192-00000041-4),201920000004192768,思政课,3,,76,1-17周,0,倪春纳,1-17周 周三 第9节-第11节 逸B-313,3.0,马克思主义学院,否,理论+实践课程,周三,2019-2020-2,,201920000004192768,"2018文学院汉语言文学,2018文学院戏剧影视文学",0,仙林校区,2019-2020学年 第2学期,92768,逸B-313,0.0,否,,5,32,00,16,0,中国近现代史纲要,16,第9节-第11节,逸夫楼B区,00000041
48.0,400290,中国近现代史纲要(20192-00000041-5),201920000004192769,思政课,3,,115,"1-17周,2-16周(双)",0,刘握宇,"1-17周 周四 第3节-第4节 逸B-205,2-16周(双) 周四 第7节-第8节 逸B-205",3.0,马克思主义学院,否,理论+实践课程,"周四,周四",2019-2020-2,,201920000004192769,2018软件学院软件工程,0,仙林校区,2019-2020学年 第2学期,92769,"逸B-205,逸B-205",0.0,否,,5,32,00,16,0,中国近现代史纲要,16,"第3节-第4节,第7节-第8节",逸夫楼B区,00000041
48.0,400290,中国近现代史纲要(20192-00000041-6),201920000004192770,思政课,3,,116,"1-17周,2-16周(双)",0,刘握宇,"1-17周 周四 第1节-第2节 逸B-205,2-16周(双) 周四 第5节-第6节 逸B-205",3.0,马克思主义学院,否,理论+实践课程,"周四,周四",2019-2020-2,,201920000004192770,2018软件学院软件工程,0,仙林校区,2019-2020学年 第2学期,92770,"逸B-205,逸B-205",0.0,否,,5,32,00,16,0,中国近现代史纲要,16,"第1节-第2节,第5节-第6节",逸夫楼B区,00000041
48.0,400290,中国近现代史纲要(20192-00000041-7),201920000004192771,思政课,3,,173,1-17周,0,刘握宇,1-17周 周三 第9节-第11节 逸B-212,3.0,马克思主义学院,否,理论+实践课程,周三,2019-2020-2,,201920000004192771,"2018外国语学院英语,2018外国语学院朝鲜语,2018外国语学院西班牙语,2018外国语学院德语,2018外国语学院法语,2018外国语学院日语,2018外国语学院俄语",0,仙林校区,2019-2020学年 第2学期,92771,逸B-212,0.0,否,,5,32,00,16,0,中国近现代史纲要,16,第9节-第11节,逸夫楼B区,00000041
48.0,400290,中国近现代史纲要(20192-00000041-8),201920000004192772,思政课,3,,99,1-17周,0,王建华(小),1-17周 周四 第9节-第11节 仙Ⅰ-524,3.0,马克思主义学院,否,理论+实践课程,周四,2019-2020-2,,201920000004192772,"2018法学院法学,2018法学院法学（运动员班）",0,仙林校区,2019-2020学年 第2学期,92772,仙Ⅰ-524,0.0,否,,5,32,00,16,0,中国近现代史纲要,11,第9节-第11节,仙I区,00000041
48.0,400290,中国近现代史纲要(20192-00000041-9),201920000004192773,思政课,3,,136,1-17周,0,黄骏,1-17周 周一 第9节-第11节 仙Ⅰ-524,3.0,马克思主义学院,否,理论+实践课程,周一,2019-2020-2,,201920000004192773,2019*理科试验班（数理科学类）*数理科学类,0,仙林校区,2019-2020学年 第2学期,92773,仙Ⅰ-524,0.0,否,,5,32,00,16,0,中国近现代史纲要,11,第9节-第11节,仙I区,00000041
48.0,400290,中国近现代史纲要(20192-00000041-10),201920000004192774,思政课,3,,137,1-17周,0,黄骏,1-17周 周二 第9节-第11节 仙Ⅰ-524,3.0,马克思主义学院,否,理论+实践课程,周二,2019-2020-2,,201920000004192774,2019*理科试验班（数理科学类）*数理科学类,0,仙林校区,2019-2020学年 第2学期,92774,仙Ⅰ-524,0.0,否,,5,32,00,16,0,中国近现代史纲要,11,第9节-第11节,仙I区,00000041
48.0,400290,中国近现代史纲要(20192-00000041-11),201920000004192775,思政课,3,,138,1-17周,0,黄骏,1-17周 周五 第9节-第11节 仙Ⅰ-524,3.0,马克思主义学院,否,理论+实践课程,周五,2019-2020-2,,201920000004192775,2019*理科试验班（数理科学类）*数理科学类,0,仙林校区,2019-2020学年 第2学期,92775,仙Ⅰ-524,0.0,否,,5,32,00,16,0,中国近现代史纲要,11,第9节-第11节,仙I区,00000041
48.0,400290,中国近现代史纲要(20192-00000041-12),201920000004192777,思政课,3,,128,1-17周,0,杨丹伟,1-17周 周三 第9节-第11节 逸B-105,3.0,马克思主义学院,否,理论+实践课程,周三,2019-2020-2,,201920000004192777,2019*工科试验班*工科试验班,0,仙林校区,2019-2020学年 第2学期,92777,逸B-105,0.0,否,,5,32,00,16,0,中国近现代史纲要,16,第9节-第11节,逸夫楼B区,00000041
48.0,400290,中国近现代史纲要(20192-00000041-13),201920000004192778,思政课,3,,129,1-17周,0,杨丹伟,1-17周 周四 第9节-第11节 逸B-105,3.0,马克思主义学院,否,理论+实践课程,周四,2019-2020-2,,201920000004192778,2019*工科试验班*工科试验班,0,仙林校区,2019-2020学年 第2学期,92778,逸B-105,0.0,否,,5,32,00,16,0,中国近现代史纲要,16,第9节-第11节,逸夫楼B区,00000041
48.0,400290,中国近现代史纲要(20192-00000041-14),201920000004192779,思政课,3,,106,1-17周,0,周瑞瑞,1-17周 周二 第5节-第7节 仙Ⅰ-109,3.0,马克思主义学院,否,理论+实践课程,周二,2019-2020-2,,201920000004192779,"2018信息管理学院信息管理与信息系统,2018社会学院应用心理学,2018社会学院社会工作,2018社会学院社会学,2018信息管理学院编辑出版学,2018信息管理学院档案学,2018信息管理学院图书馆学",0,仙林校区,2019-2020学年 第2学期,92779,仙Ⅰ-109,0.0,否,,5,32,00,16,0,中国近现代史纲要,11,第5节-第7节,仙I区,00000041
48.0,400290,中国近现代史纲要(20192-00000041-15),201920000004192785,思政课,3,,120,1-17周,0,周瑞瑞,1-17周 周二 第9节-第11节 逸B-105,3.0,马克思主义学院,否,理论+实践课程,周二,2019-2020-2,,201920000004192785,"2018商学院经济学,2018商学院国际经济与贸易",0,仙林校区,2019-2020学年 第2学期,92785,逸B-105,0.0,否,,5,32,00,16,0,中国近现代史纲要,16,第9节-第11节,逸夫楼B区,00000041
48.0,400290,中国近现代史纲要(20192-00000041-16),201920000004192786,思政课,3,,67,1-17周,0,周瑞瑞,1-17周 周五 第2节-第4节 逸B-313,3.0,马克思主义学院,否,理论+实践课程,周五,2019-2020-2,,201920000004192786,"2018商学院金融学,2018商学院经济学（产业经济方向）,2018商学院金融工程,2018商学院保险学",0,仙林校区,2019-2020学年 第2学期,92786,逸B-313,0.0,否,,5,32,00,16,0,中国近现代史纲要,16,第2节-第4节,逸夫楼B区,00000041
16.0,400050,形势与政策（下）(20192-00000050B-1),2019200000050B91421,思政课,3,,106,7-15周,0,林仕尧,7-15周 周一 第7节-第8节 逸B-101,1.0,法学院,否,理论类课程,周一,2019-2020-2,,2019200000050B91421,2017法学院法学,0,仙林校区,2019-2020学年 第2学期,91421,逸B-101,0.0,否,,1,16,00,0,0,形势与政策（下）,16,第7节-第8节,逸夫楼B区,00000050B
16.0,400010,形势与政策（下）(20192-00000050B-1),2019200000050B91673,思政课,3,,103,7-14周,0,杨帆,7-14周 周五 第5节-第6节 逸B-313,1.0,文学院,否,理论类课程,周五,2019-2020-2,,2019200000050B91673,"2017文学院汉语言文学,2017文学院戏剧影视文学",0,仙林校区,2019-2020学年 第2学期,91673,逸B-313,0.0,否,,1,16,00,0,0,形势与政策（下）,16,第5节-第6节,逸夫楼B区,00000050B
16.0,400160,形势与政策（下）(20192-00000050B-1),2019200000050B91823,思政课,3,,195,2-16周(双),0,王育昕,2-16周(双) 周一 第9节-第10节 仙Ⅰ-107,1.0,电子科学与工程学院,否,理论类课程,周一,2019-2020-2,,2019200000050B91823,"2017电子科学与工程学院电子信息科学与技术,2017电子科学与工程学院微电子科学与工程（集成电路设计与集成系统）,2017电子科学与工程学院微电子科学与工程,2017电子科学与工程学院通信工程",0,仙林校区,2019-2020学年 第2学期,91823,仙Ⅰ-107,0.0,否,,1,16,00,0,0,形势与政策（下）,11,第9节-第10节,仙I区,00000050B
16.0,400120,形势与政策（下）(20192-00000050B-1),2019200000050B92144,思政课,1,,186,2-16周(双),0,"董屹威,鞠艳",2-16周(双) 周三 第9节-第10节 教120,1.0,物理学院,否,理论类课程,周三,2019-2020-2,,2019200000050B92144,"2017物理学院物理学,2017物理学院物理学（拔尖计划）,2017物理学院声学,2017物理学院应用物理学",0,鼓楼校区,2019-2020学年 第2学期,92144,教120,0.0,否,,1,16,00,0,0,形势与政策（下）,1,第9节-第10节,教学楼,00000050B
16.0,400100,形势与政策（下）(20192-00000050B-1),2019200000050B92163,思政课,3,,61,2-16周(双),0,张丹丹,2-16周(双) 周二 第7节-第8节 逸B-303,1.0,社会学院,否,理论类课程,周二,2019-2020-2,,2019200000050B92163,"2017社会学院社会学,2017社会学院应用心理学,2017社会学院社会工作",0,仙林校区,2019-2020学年 第2学期,92163,逸B-303,0.0,否,,1,16,00,0,0,形势与政策（下）,16,第7节-第8节,逸夫楼B区,00000050B
16.0,400080,形势与政策（下）(20192-00000050B-1),2019200000050B92194,思政课,3,,109,1-17周(单),0,赵晨,1-17周(单) 周三 第9节-第10节 逸B-205,1.0,政府管理学院,否,理论类课程,周三,2019-2020-2,,2019200000050B92194,"2017政府管理学院政治学与行政学,2017政府管理学院行政管理（运动员班）,2017政府管理学院劳动与社会保障,2017政府管理学院国际政治,2017政府管理学院行政管理",0,仙林校区,2019-2020学年 第2学期,92194,逸B-205,0.0,否,,1,16,00,0,0,形势与政策（下）,16,第9节-第10节,逸夫楼B区,00000050B
16.0,400280,形势与政策（下）(20192-00000050B-1),2019200000050B92253,思政课,1,,57,2-16周(双),0,芮富宏,2-16周(双) 周一 第5节-第6节 教208,1.0,建筑与城市规划学院,否,理论类课程,周一,2019-2020-2,,2019200000050B92253,"2017建筑与城市规划学院建筑学,2017建筑与城市规划学院城乡规划",0,鼓楼校区,2019-2020学年 第2学期,92253,教208,0.0,否,,1,16,00,0,0,形势与政策（下）,1,第5节-第6节,教学楼,00000050B
16.0,400130,形势与政策（下）(20192-00000050B-1),2019200000050B92314,思政课,3,,48,1-17周(单),0,张丽,1-17周(单) 周四 第5节-第6节 逸C-303,1.0,天文与空间科学学院,否,理论类课程,周四,2019-2020-2,,2019200000050B92314,"2017天文与空间科学学院天文学,2017天文与空间科学学院空间科学与技术",0,仙林校区,2019-2020学年 第2学期,92314,逸C-303,0.0,否,,1,16,00,0,0,形势与政策（下）,17,第5节-第6节,逸夫楼C区,00000050B
16.0,400260,形势与政策（下）(20192-00000050B-9),2019200000050B92318,思政课,3,,16,2-16周(双),0,周明芳,2-16周(双) 周二 第7节-第8节 逸C-201,1.0,海外教育学院,否,理论类课程,周二,2019-2020-2,,2019200000050B92318,2017海外教育学院汉语国际教育,0,仙林校区,2019-2020学年 第2学期,92318,逸C-201,0.0,否,,1,16,00,0,0,形势与政策（下）,17,第7节-第8节,逸夫楼C区,00000050B
16.0,400210,形势与政策(20192-00000050B-1),2019200000050B92738,思政课,3,,60,2-16周(双),0,毕菲菲,2-16周(双) 周五 第1节-第2节 逸B-306,1.0,大气科学学院,否,理论类课程,周五,2019-2020-2,,2019200000050B92738,"2017大气科学学院大气科学,2017大气科学学院应用气象学",0,仙林校区,2019-2020学年 第2学期,92738,逸B-306,0.0,否,,1,16,00,0,0,形势与政策（下）,16,第1节-第2节,逸夫楼B区,00000050B
16.0,400170,形势与政策（下）(20192-00000050B-1),2019200000050B92840,思政课,3,,130,2-16周(双),0,邓泽燕,2-16周(双) 周二 第7节-第8节 仙Ⅰ-319,1.0,现代工程与应用科学学院,否,理论类课程,周二,2019-2020-2,,2019200000050B92840,"2017现代工程与应用科学学院材料物理,2017现代工程与应用科学学院生物医学工程,2017现代工程与应用科学学院新能源科学与工程,2017现代工程与应用科学学院光电信息科学与工程,2017现代工程与应用科学学院材料化学",0,仙林校区,2019-2020学年 第2学期,92840,仙Ⅰ-319,0.0,否,,1,16,00,0,0,形势与政策（下）,11,第7节-第8节,仙I区,00000050B
16.0,400220,形势与政策（下）(20192-00000050B-1),2019200000050B92848,思政课,3,,61,2-9周,0,王丽,2-9周 周五 第7节-第8节 仙Ⅱ-310,1.0,生命科学学院,否,理论类课程,周五,2019-2020-2,,2019200000050B92848,2017生命科学学院生物科学类,0,仙林校区,2019-2020学年 第2学期,92848,仙Ⅱ-310,0.0,否,,1,16,00,0,0,形势与政策（下）,12,第7节-第8节,仙II区,00000050B
16.0,400060,形势与政策（下）(20192-00000050B-1),2019200000050B93228,思政课,3,,188,2-16周(双),0,,2-16周(双) 周一 第9节-第10节 仙Ⅰ-207,1.0,商学院,否,理论类课程,周一,2019-2020-2,,2019200000050B93228,"2017商学院经济学,2017商学院经济学（产业经济方向）,2017商学院金融工程,2017商学院保险学,2017商学院金融学,2017商学院国际经济与贸易",0,仙林校区,2019-2020学年 第2学期,93228,仙Ⅰ-207,0.0,否,,1,16,00,0,0,形势与政策（下）,11,第9节-第10节,仙I区,00000050B
16.0,400040,形势与政策（下）(20192-00000050B-1),2019200000050B93249,思政课,3,,94,2-16周(双),0,徐志萍,2-16周(双) 周五 第7节-第8节 ,1.0,新闻传播学院,否,理论类课程,周五,2019-2020-2,,2019200000050B93249,"2017新闻传播学院新闻传播学类,2017新闻传播学院新闻学（传媒实验班）",0,仙林校区,2019-2020学年 第2学期,93249,新闻学院紫金楼215,0.0,否,,1,16,00,0,0,形势与政策（下）,,第7节-第8节,,00000050B
16.0,400060,形势与政策（下）(20192-00000050B-16),2019200000050B93309,思政课,3,,163,1-17周(单),0,,1-17周(单) 周一 第9节-第10节 图书馆127,1.0,商学院,否,理论类课程,周一,2019-2020-2,,2019200000050B93309,"2017商学院工商管理,2017商学院工商管理（人力资源管理方向）,2017商学院市场营销,2017商学院电子商务,2017商学院财务管理,2017商学院会计学",0,仙林校区,2019-2020学年 第2学期,93309,图书馆127,0.0,否,,1,16,00,0,0,形势与政策（下）,18,第9节-第10节,图书馆,00000050B
16.0,400180,形势与政策（下）(20192-00000050B-1),2019200000050B93540,思政课,3,,67,2-16周(双),0,,2-16周(双) 周三 第9节-第10节 逸B-405,1.0,环境学院,否,理论类课程,周三,2019-2020-2,,2019200000050B93540,"2017环境学院环境工程,2017环境学院环境科学（环规）,2017环境学院环境科学（环生）,2017环境学院环境科学（环化）",0,仙林校区,2019-2020学年 第2学期,93540,逸B-405,0.0,否,,1,16,00,0,0,形势与政策（下）,16,第9节-第10节,逸夫楼B区,00000050B
16.0,400090,形势与政策（下）(20192-00000050B-1),2019200000050B93561,思政课,3,,74,2-16周(双),0,李高杰,2-16周(双) 周二 第9节-第10节 仙Ⅱ-215,1.0,信息管理学院,否,理论类课程,周二,2019-2020-2,,2019200000050B93561,"2017信息管理学院信息管理与信息系统,2017信息管理学院编辑出版学,2017信息管理学院档案学,2017信息管理学院图书馆学",0,仙林校区,2019-2020学年 第2学期,93561,仙Ⅱ-215,0.0,否,,1,16,00,0,0,形势与政策（下）,12,第9节-第10节,仙II区,00000050B
0.0,400080,形势与政策(20192-00000080B-1),2019200000080B91275,思政课,3,,143,1-8周,0,,1-8周 周二 第8节-第8节 仙Ⅰ-524,0.25,政府管理学院,否,理论类课程,周二,2019-2020-2,,2019200000080B91275,2019*社会科学试验班*社会科学试验班,0,仙林校区,2019-2020学年 第2学期,91275,仙Ⅰ-524,0.0,否,,1,8,00,0,0,形势与政策,11,第8节-第8节,仙I区,00000080B
0.0,400080,形势与政策(20192-00000080B-2),2019200000080B91276,思政课,3,,130,9-16周,0,,9-16周 周二 第8节-第8节 仙Ⅰ-524,0.25,政府管理学院,否,理论类课程,周二,2019-2020-2,,2019200000080B91276,2019*社会科学试验班*社会科学试验班,0,仙林校区,2019-2020学年 第2学期,91276,仙Ⅰ-524,0.0,否,,1,8,00,0,0,形势与政策,11,第8节-第8节,仙I区,00000080B
0.0,400270,形势与政策(20192-00000080B-1),2019200000080B91438,思政课,3,,199,7-13周(单),0,张田田,7-13周(单) 周五 第1节-第2节 仙Ⅰ-320,0.25,软件学院,否,理论类课程,周五,2019-2020-2,,2019200000080B91438,2019软件学院软件工程,0,仙林校区,2019-2020学年 第2学期,91438,仙Ⅰ-320,0.0,否,,1,8,00,0,0,形势与政策,11,第1节-第2节,仙I区,00000080B
0.0,400160,形势与政策(20192-00000080B-1),2019200000080B91734,思政课,3,,193,3-9周(单),0,张丹,3-9周(单) 周三 第9节-第10节 仙Ⅱ-207,0.25,电子科学与工程学院,否,理论类课程,周三,2019-2020-2,,2019200000080B91734,2019电子科学与工程学院电子信息类,0,仙林校区,2019-2020学年 第2学期,91734,仙Ⅱ-207,0.0,否,,1,8,00,0,0,形势与政策,12,第9节-第10节,仙II区,00000080B
0.0,400230,形势与政策(20192-00000080B-1),2019200000080B91777,思政课,3,,99,7-10周,0,"吴科,王阿妮,吴科",7-10周 周三 第5节-第6节 ,0.25,医学院,否,理论类课程,周三,2019-2020-2,,2019200000080B91777,"2019医学院临床医学,2019医学院口腔医学",0,仙林校区,2019-2020学年 第2学期,91777,基础医学教学中心213,0.0,否,,1,8,00,0,0,形势与政策,,第5节-第6节,,00000080B
0.0,700840,形势与政策(20192-00000080B-1),2019200000080B91843,思政课,3,,190,3-9周(单),0,,3-9周(单) 周二 第7节-第8节 仙Ⅰ-320,0.25,*理科试验班（数理科学类）,否,理论类课程,周二,2019-2020-2,,2019200000080B91843,2019*理科试验班（数理科学类）*数理科学类,0,仙林校区,2019-2020学年 第2学期,91843,仙Ⅰ-320,0.0,否,,1,8,00,0,0,形势与政策,11,第7节-第8节,仙I区,00000080B
0.0,700840,形势与政策(20192-00000080B-2),2019200000080B91847,思政课,3,,166,4-10周(双),0,,4-10周(双) 周二 第7节-第8节 逸B-212,0.25,*理科试验班（数理科学类）,否,理论类课程,周二,2019-2020-2,,2019200000080B91847,2019*理科试验班（数理科学类）*数理科学类,0,仙林校区,2019-2020学年 第2学期,91847,逸B-212,0.0,否,,1,8,00,0,0,形势与政策,16,第7节-第8节,逸夫楼B区,00000080B
0.0,400070,形势与政策(20192-00000080B-1),2019200000080B91848,思政课,3,,144,4-10周(双),0,,4-10周(双) 周四 第5节-第6节 图书馆125,0.25,外国语学院,否,理论类课程,周四,2019-2020-2,,2019200000080B91848,"2019外国语学院英语,2019外国语学院朝鲜语,2019外国语学院西班牙语,2019外国语学院德语,2019外国语学院法语,2019外国语学院日语,2019外国语学院俄语",0,仙林校区,2019-2020学年 第2学期,91848,图书馆125,0.0,否,,1,8,00,0,0,形势与政策,18,第5节-第6节,图书馆,00000080B
0.0,700810,形势与政策(20192-00000080B-1),2019200000080B91858,思政课,3,,187,1-7周(单),0,,1-7周(单) 周五 第5节-第6节 逸A-117,0.25,*人文科学试验班,否,理论类课程,周五,2019-2020-2,,2019200000080B91858,"2019文学院戏剧影视文学,2019*人文科学试验班*人文艺术传播类,2019新闻传播学院新闻学（运动员班）",0,仙林校区,2019-2020学年 第2学期,91858,逸A-117,0.0,否,,1,8,00,0,0,形势与政策,15,第5节-第6节,逸夫楼A区,00000080B
0.0,700810,形势与政策(20192-00000080B-2),2019200000080B91859,思政课,3,,122,2-8周(双),0,,2-8周(双) 周五 第5节-第6节 逸A-117,0.25,*人文科学试验班,否,理论类课程,周五,2019-2020-2,,2019200000080B91859,2019*人文科学试验班*人文艺术传播类,0,仙林校区,2019-2020学年 第2学期,91859,逸A-117,0.0,否,,1,8,00,0,0,形势与政策,15,第5节-第6节,逸夫楼A区,00000080B
0.0,400120,形势与政策(20192-00000080B-1),2019200000080B92079,思政课,3,,50,3-9周(单),0,蒲婧翔,3-9周(单) 周五 第5节-第6节 逸B-401,0.25,物理学院,否,理论类课程,周五,2019-2020-2,,2019200000080B92079,2019物理学院物理学（拔尖计划）,0,仙林校区,2019-2020学年 第2学期,92079,逸B-401,0.0,否,,1,8,00,0,0,形势与政策,16,第5节-第6节,逸夫楼B区,00000080B
0.0,400150,形势与政策(20192-00000080B-1),2019200000080B92275,思政课,3,,197,5-11周(单),0,王可,5-11周(单) 周二 第7节-第8节 仙Ⅰ-207,0.25,计算机学院,否,理论类课程,周二,2019-2020-2,,2019200000080B92275,"2019计算机学院计算机科学与技术,2019计算机学院计算机科学与技术（拔尖计划）",0,仙林校区,2019-2020学年 第2学期,92275,仙Ⅰ-207,0.0,否,,1,8,00,0,0,形势与政策,11,第7节-第8节,仙I区,00000080B
0.0,700870,形势与政策(20192-00000080B-1),2019200000080B92750,思政课,3,,147,1-4周,0,,1-4周 周一 第7节-第8节 图书馆125,0.25,*工科试验班,否,理论类课程,周一,2019-2020-2,,2019200000080B92750,2019*工科试验班*工科试验班,0,仙林校区,2019-2020学年 第2学期,92750,图书馆125,0.0,否,,1,8,00,0,0,形势与政策,18,第7节-第8节,图书馆,00000080B
0.0,700870,形势与政策(20192-00000080B-2),2019200000080B92751,思政课,3,,105,5-8周,0,,5-8周 周一 第7节-第8节 图书馆125,0.25,*工科试验班,否,理论类课程,周一,2019-2020-2,,2019200000080B92751,2019*工科试验班*工科试验班,0,仙林校区,2019-2020学年 第2学期,92751,图书馆125,0.0,否,,1,8,00,0,0,形势与政策,18,第7节-第8节,图书馆,00000080B
0.0,700098,形势与政策(20192-00000080B-16),2019200000080B92787,思政课,3,,178,"2周,6周,10周,14周",0,陆雁翎,"2周,6周,10周,14周 周三 第9节-第10节 仙Ⅰ-207",0.25,*经济管理试验班,否,理论类课程,周三,2019-2020-2,,2019200000080B92787,2019*经济管理试验班*经济管理试验班,0,仙林校区,2019-2020学年 第2学期,92787,仙Ⅰ-207,0.0,否,,1,8,00,0,0,形势与政策,11,第9节-第10节,仙I区,00000080B
0.0,700098,形势与政策(20192-00000080B-17),2019200000080B92788,思政课,3,,179,"4周,8周,12周,16周",0,陆雁翎,"4周,8周,12周,16周 周三 第9节-第10节 仙Ⅰ-207",0.25,*经济管理试验班,否,理论类课程,周三,2019-2020-2,,2019200000080B92788,2019*经济管理试验班*经济管理试验班,0,仙林校区,2019-2020学年 第2学期,92788,仙Ⅰ-207,0.0,否,,1,8,00,0,0,形势与政策,11,第9节-第10节,仙I区,00000080B
0.0,400140,形势与政策(20192-00000080B-17),2019200000080B92849,思政课,3,,249,5-11周(单),0,,5-11周(单) 周五 第9节-第10节 仙Ⅰ-106,0.25,化学学院,否,理论类课程,周五,2019-2020-2,,2019200000080B92849,2019*理科试验班（化学与生命科学类）*化学与生命科学类,0,仙林校区,2019-2020学年 第2学期,92849,仙Ⅰ-106,0.0,否,,1,8,00,0,0,形势与政策,11,第9节-第10节,仙I区,00000080B
0.0,400180,形势与政策(20192-00000080B-1),2019200000080B92927,思政课,3,,67,"2周,6周,10周,14周",0,,"2周,6周,10周,14周 周一 第7节-第8节 逸B-404",0.25,环境学院,否,理论类课程,周一,2019-2020-2,,2019200000080B92927,,0,仙林校区,2019-2020学年 第2学期,92927,逸B-404,0.0,否,,1,8,00,0,0,形势与政策,16,第7节-第8节,逸夫楼B区,00000080B
0.0,400300,形势与政策(20192-00000080B-1),2019200000080B92947,思政课,3,,87,"3周,7周,11周,15周",0,陈颖,"3周,7周,11周,15周 周三 第5节-第6节 逸B-305",0.25,人工智能学院,否,理论类课程,周三,2019-2020-2,,2019200000080B92947,2019人工智能学院人工智能,0,仙林校区,2019-2020学年 第2学期,92947,逸B-305,0.0,否,,1,8,00,0,0,形势与政策,16,第5节-第6节,逸夫楼B区,00000080B
0.0,400250,形势与政策(20192-00000080B-20),2019200000080B93170,思政课,3,,106,"2周,6周,10周,15周",0,赵玉倩,"2周,6周,10周,15周 周五 第1节-第2节 ",0.25,匡亚明学院,否,理论类课程,周五,2019-2020-2,,2019200000080B93170,2019匡亚明学院理科强化班,0,仙林校区,2019-2020学年 第2学期,93170,潘琦楼C-405,0.0,否,,1,8,00,0,0,形势与政策,,第1节-第2节,,00000080B
0.0,700830,形势与政策(20192-00000080B-1),2019200000080B93426,思政课,3,,180,"1周,5周,9周,13周",0,,"1周,5周,9周,13周 周二 第9节-第10节 图书馆127",0.25,*理科试验班（地球科学与资源环境类）,否,理论类课程,周二,2019-2020-2,,2019200000080B93426,2019*理科试验班（地球科学与资源环境类）*地球科学与资源环境类,0,仙林校区,2019-2020学年 第2学期,93426,图书馆127,0.0,否,,1,8,00,0,0,形势与政策,18,第9节-第10节,图书馆,00000080B
0.0,400220,形势与政策(20192-00000080B-22),2019200000080B93581,思政课,3,,28,4-10周(双),0,王丽,4-10周(双) 周三 第9节-第10节 逸B-209,0.25,生命科学学院,否,理论类课程,周三,2019-2020-2,,2019200000080B93581,,0,仙林校区,2019-2020学年 第2学期,93581,逸B-209,0.0,否,,1,8,00,0,0,形势与政策,16,第9节-第10节,逸夫楼B区,00000080B
0.0,400240,形势与政策(20192-00000080B-1),2019200000080B93823,思政课,3,,29,"3周,7周,11周,15周",0,,"3周,7周,11周,15周 周一 第7节-第8节 仙Ⅱ-111",0.25,工程管理学院,否,理论类课程,周一,2019-2020-2,,2019200000080B93823,2019工程管理学院金融工程（计算机与金融工程方向）,0,仙林校区,2019-2020学年 第2学期,93823,仙Ⅱ-111,0.0,否,,1,8,00,0,0,形势与政策,12,第7节-第8节,仙II区,00000080B
0.0,400030,形势与政策(20192-00000080D-1),2019200000080D91240,思政课,3,,30,14-17周,0,白瑞,14-17周 周五 第5节-第6节 逸C-102,0.25,哲学学院,否,理论类课程,周五,2019-2020-2,,2019200000080D91240,2018哲学学院哲学,0,仙林校区,2019-2020学年 第2学期,91240,逸C-102,0.0,否,,1,8,00,0,0,形势与政策,17,第5节-第6节,逸夫楼C区,00000080D
0.0,400050,形势与政策(20192-00000080D-1),2019200000080D91393,思政课,3,,131,7-10周,0,林仕尧,7-10周 周二 第9节-第10节 逸B-101,0.25,法学院,否,理论类课程,周二,2019-2020-2,,2019200000080D91393,"2018法学院法学,2018法学院法学（运动员班）",0,仙林校区,2019-2020学年 第2学期,91393,逸B-101,0.0,否,,1,8,00,0,0,形势与政策,16,第9节-第10节,逸夫楼B区,00000080D
0.0,400270,形势与政策(20192-00000080D-1),2019200000080D91491,思政课,3,,218,5-11周(单),0,黄蕾,5-11周(单) 周二 第3节-第4节 仙Ⅰ-107,0.25,软件学院,否,理论类课程,周二,2019-2020-2,,2019200000080D91491,2018软件学院软件工程,0,仙林校区,2019-2020学年 第2学期,91491,仙Ⅰ-107,0.0,否,,1,8,00,0,0,形势与政策,11,第3节-第4节,仙I区,00000080D
0.0,400100,形势与政策(20192-00000080D-1),2019200000080D91559,思政课,3,,68,2-8周(双),0,张丹丹,2-8周(双) 周五 第7节-第8节 逸B-305,0.25,社会学院,否,理论类课程,周五,2019-2020-2,,2019200000080D91559,"2018社会学院社会学,2018社会学院应用心理学,2018社会学院社会工作",0,仙林校区,2019-2020学年 第2学期,91559,逸B-305,0.0,否,,1,8,00,0,0,形势与政策,16,第7节-第8节,逸夫楼B区,00000080D
0.0,400070,形势与政策(20192-00000080D-1),2019200000080D91641,思政课,3,,166,7-10周,0,董之瑶,7-10周 周二 第9节-第10节 逸B-212,0.25,外国语学院,否,理论类课程,周二,2019-2020-2,,2019200000080D91641,"2018外国语学院英语,2018外国语学院朝鲜语,2018外国语学院西班牙语,2018外国语学院德语,2018外国语学院法语,2018外国语学院日语,2018外国语学院俄语",0,仙林校区,2019-2020学年 第2学期,91641,逸B-212,0.0,否,,1,8,00,0,0,形势与政策,16,第9节-第10节,逸夫楼B区,00000080D
0.0,400010,形势与政策(20192-00000080D-1),2019200000080D91642,思政课,3,,103,8-11周,0,何檑,8-11周 周五 第5节-第6节 逸B-104,0.25,文学院,否,理论类课程,周五,2019-2020-2,,2019200000080D91642,"2018文学院汉语言文学,2018文学院戏剧影视文学",0,仙林校区,2019-2020学年 第2学期,91642,逸B-104,0.0,否,,1,8,00,0,0,形势与政策,16,第5节-第6节,逸夫楼B区,00000080D
0.0,400180,形势与政策(20192-00000080D-1),2019200000080D91736,思政课,3,,59,"2周,6周,10周,14周",0,缑文彤,"2周,6周,10周,14周 周三 第9节-第10节 逸B-305",0.25,环境学院,否,理论类课程,周三,2019-2020-2,,2019200000080D91736,"2018环境学院环境工程,2018环境学院环境科学（环规）,2018环境学院环境科学（环生）,2018环境学院环境科学（环化）",0,仙林校区,2019-2020学年 第2学期,91736,逸B-305,0.0,否,,1,8,00,0,0,形势与政策,16,第9节-第10节,逸夫楼B区,00000080D
0.0,400280,形势与政策(20192-00000080D-1),2019200000080D91741,思政课,1,,30,7-10周,0,芮富宏,7-10周 周四 第5节-第6节 教205,0.25,建筑与城市规划学院,否,理论类课程,周四,2019-2020-2,,2019200000080D91741,2018建筑与城市规划学院建筑学,0,鼓楼校区,2019-2020学年 第2学期,91741,教205,0.0,否,,1,8,00,0,0,形势与政策,1,第5节-第6节,教学楼,00000080D
0.0,400230,形势与政策(20192-00000080D-1),2019200000080D91789,思政课,3,,120,7-10周,0,"王阿妮,丁宇",7-10周 周三 第9节-第10节 ,0.25,医学院,否,理论类课程,周三,2019-2020-2,,2019200000080D91789,"2018医学院临床医学（八年制）,2018医学院口腔医学,2018医学院临床医学（5+3）",0,仙林校区,2019-2020学年 第2学期,91789,基础医学教学中心213,0.0,否,,1,8,00,0,0,形势与政策,,第9节-第10节,,00000080D
0.0,400160,形势与政策(20192-00000080D-1),2019200000080D91790,思政课,3,,198,9-12周,0,裴玉,9-12周 周二 第9节-第10节 仙Ⅱ-207,0.25,电子科学与工程学院,否,理论类课程,周二,2019-2020-2,,2019200000080D91790,"2018电子科学与工程学院电子信息科学与技术,2018电子科学与工程学院微电子科学与工程（集成电路设计与集成系统）,2018电子科学与工程学院微电子科学与工程,2018电子科学与工程学院通信工程",0,仙林校区,2019-2020学年 第2学期,91790,仙Ⅱ-207,0.0,否,,1,8,00,0,0,形势与政策,12,第9节-第10节,仙II区,00000080D
0.0,400120,形势与政策(20192-00000080D-1),2019200000080D92101,思政课,3,,195,2-8周(双),0,王玉婷 ,2-8周(双) 周三 第9节-第10节 仙Ⅰ-320,0.25,物理学院,否,理论类课程,周三,2019-2020-2,,2019200000080D92101,"2018物理学院物理学,2018物理学院物理学（拔尖计划）,2018物理学院声学",0,仙林校区,2019-2020学年 第2学期,92101,仙Ⅰ-320,0.0,否,,1,8,00,0,0,形势与政策,11,第9节-第10节,仙I区,00000080D
0.0,400080,形势与政策(20192-00000080D-1),2019200000080D92105,思政课,3,,83,1-4周,0,,1-4周 周一 第7节-第8节 逸C-115,0.25,政府管理学院,否,理论类课程,周一,2019-2020-2,,2019200000080D92105,"2018政府管理学院政治学与行政学,2018政府管理学院劳动与社会保障,2018政府管理学院国际政治,2018政府管理学院行政管理",0,仙林校区,2019-2020学年 第2学期,92105,逸C-115,0.0,否,,1,8,00,0,0,形势与政策,17,第7节-第8节,逸夫楼C区,00000080D
0.0,400260,形势与政策(20192-00000080D-13),2019200000080D92269,思政课,3,,20,"1周,5周,9周,13周",0,周明芳,"1周,5周,9周,13周 周二 第7节-第8节 逸C-201",0.25,海外教育学院,否,理论类课程,周二,2019-2020-2,,2019200000080D92269,2018海外教育学院汉语国际教育,0,仙林校区,2019-2020学年 第2学期,92269,逸C-201,0.0,否,,1,8,00,0,0,形势与政策,17,第7节-第8节,逸夫楼C区,00000080D
0.0,400130,形势与政策(20192-00000080D-1),2019200000080D92292,思政课,3,,43,"3周,6周,9周,12周",0,解晶,"3周,6周,9周,12周 周三 第5节-第6节 逸C-114",0.25,天文与空间科学学院,否,理论类课程,周三,2019-2020-2,,2019200000080D92292,,0,仙林校区,2019-2020学年 第2学期,92292,逸C-114,0.0,否,,1,8,00,0,0,形势与政策,17,第5节-第6节,逸夫楼C区,00000080D
0.0,400150,形势与政策(20192-00000080D-1),2019200000080D92340,思政课,3,,208,"3周,7周,11周,15周",0,李其芳,"3周,7周,11周,15周 周四 第7节-第8节 仙Ⅰ-207",0.25,计算机学院,否,理论类课程,周四,2019-2020-2,,2019200000080D92340,"2018计算机学院计算机科学与技术,2018计算机学院计算机（计算机与金融工程方向）",0,仙林校区,2019-2020学年 第2学期,92340,仙Ⅰ-207,0.0,否,,1,8,00,0,0,形势与政策,11,第7节-第8节,仙I区,00000080D
0.0,400200,形势与政策(20192-00000080D-1),2019200000080D92354,思政课,3,,38,10-16周(双),0,郦天昳,10-16周(双) 周三 第5节-第6节 仙Ⅱ-310,0.25,地理与海洋科学学院,否,理论类课程,周三,2019-2020-2,,2019200000080D92354,,0,仙林校区,2019-2020学年 第2学期,92354,仙Ⅱ-310,0.0,否,,1,8,00,0,0,形势与政策,12,第5节-第6节,仙II区,00000080D
0.0,400140,形势与政策(20192-00000080D-16),2019200000080D92419,思政课,3,,102,6-12周(双),0,陈霄雪,6-12周(双) 周五 第5节-第6节 环科楼B-112,0.25,化学学院,否,理论类课程,周五,2019-2020-2,,2019200000080D92419,"2018化学学院化学,2018化学学院化学（化学生物学）,2018化学学院应用化学",0,仙林校区,2019-2020学年 第2学期,92419,环科楼B-112,0.0,否,,1,8,00,0,0,形势与政策,111,第5节-第6节,环科楼,00000080D
0.0,400210,形势与政策(20192-00000080D-1),2019200000080D92526,思政课,3,,135,"1周,5周,9周,13周",0,吴沫,"1周,5周,9周,13周 周一 第9节-第10节 图书馆125",0.25,大气科学学院,否,理论类课程,周一,2019-2020-2,,2019200000080D92526,2018大气科学学院理科试验班（地球系统科学与环境）,0,仙林校区,2019-2020学年 第2学期,92526,图书馆125,0.0,否,,1,8,00,0,0,形势与政策,18,第9节-第10节,图书馆,00000080D
0.0,400020,形势与政策(20192-00000080D-1),2019200000080D92724,思政课,3,,52,"1-3周(单),7周,12周",0,陈海懿,"1-3周(单),7周,12周 周三 第9节-第10节 逸B-303",0.25,历史学院,否,理论类课程,周三,2019-2020-2,,2019200000080D92724,"2018历史学院历史学,2018历史学院考古学（文物鉴定方向）,2018历史学院考古学",0,仙林校区,2019-2020学年 第2学期,92724,逸B-303,0.0,否,,1,8,00,0,0,形势与政策,16,第9节-第10节,逸夫楼B区,00000080D
0.0,400110,形势与政策(20192-00000080D-19),2019200000080D92759,思政课,3,,132,"1周,6周,11周,16周",0,李金津,"1周,6周,11周,16周 周四 第7节-第8节 逸B-105",0.25,数学学院,否,理论类课程,周四,2019-2020-2,,2019200000080D92759,,0,仙林校区,2019-2020学年 第2学期,92759,逸B-105,0.0,否,,1,8,00,0,0,形势与政策,16,第7节-第8节,逸夫楼B区,00000080D
0.0,400170,形势与政策(20192-00000080D-1),2019200000080D92816,思政课,3,,111,2-8周(双),0,杨萌,2-8周(双) 周二 第5节-第6节 仙Ⅱ-505,0.25,现代工程与应用科学学院,否,理论类课程,周二,2019-2020-2,,2019200000080D92816,"2018现代工程与应用科学学院材料物理,2018现代工程与应用科学学院生物医学工程,2018现代工程与应用科学学院新能源科学与工程,2018现代工程与应用科学学院光电信息科学与工程,2018现代工程与应用科学学院材料化学",0,仙林校区,2019-2020学年 第2学期,92816,仙Ⅱ-505,0.0,否,,1,8,00,0,0,形势与政策,12,第5节-第6节,仙II区,00000080D
0.0,400300,形势与政策(20192-00000080D-1),2019200000080D92944,思政课,3,,78,"1周,5周,9周,13周",0,陈颖,"1周,5周,9周,13周 周三 第5节-第6节 逸B-305",0.25,人工智能学院,否,理论类课程,周三,2019-2020-2,,2019200000080D92944,2018人工智能学院计算机科学与技术（人工智能方向）,0,仙林校区,2019-2020学年 第2学期,92944,逸B-305,0.0,否,,1,8,00,0,0,形势与政策,16,第5节-第6节,逸夫楼B区,00000080D
0.0,400250,形势与政策(20192-00000080D-22),2019200000080D93112,思政课,3,,100,"3周,7周,11周,15周",0,唐健,"3周,7周,11周,15周 周五 第3节-第4节 ",0.25,匡亚明学院,否,理论类课程,周五,2019-2020-2,,2019200000080D93112,2018匡亚明学院理科强化班,0,仙林校区,2019-2020学年 第2学期,93112,潘琦楼C-405,0.0,否,,1,8,00,0,0,形势与政策,,第3节-第4节,,00000080D
0.0,400040,形势与政策(20192-00000080D-1),2019200000080D93158,思政课,3,,93,"3周,7周,11周,15周",0,周围,"3周,7周,11周,15周 周五 第7节-第8节 ",0.25,新闻传播学院,否,理论类课程,周五,2019-2020-2,,2019200000080D93158,"2018新闻传播学院新闻传播学类,2018新闻传播学院新闻学（传媒实验班）",0,仙林校区,2019-2020学年 第2学期,93158,新闻学院紫金楼215,0.0,否,,1,8,00,0,0,形势与政策,,第7节-第8节,,00000080D
0.0,400060,形势与政策(20192-00000080D-1),2019200000080D93225,思政课,3,,209,1-7周(单),0,,1-7周(单) 周三 第9节-第10节 仙Ⅰ-207,0.25,商学院,否,理论类课程,周三,2019-2020-2,,2019200000080D93225,"2018商学院经济学,2018商学院经济学（产业经济方向）,2018商学院金融工程,2018商学院保险学,2018商学院金融学,2018商学院国际经济与贸易",0,仙林校区,2019-2020学年 第2学期,93225,仙Ⅰ-207,0.0,否,,1,8,00,0,0,形势与政策,11,第9节-第10节,仙I区,00000080D
0.0,400060,形势与政策(20192-00000080D-26),2019200000080D93307,思政课,3,,157,2-8周(双),0,,2-8周(双) 周三 第9节-第10节 图书馆127,0.25,商学院,否,理论类课程,周三,2019-2020-2,,2019200000080D93307,"2018商学院工商管理,2018商学院工商管理（人力资源管理方向）,2018商学院市场营销,2018商学院电子商务,2018商学院财务管理,2018商学院会计学",0,仙林校区,2019-2020学年 第2学期,93307,图书馆127,0.0,否,,1,8,00,0,0,形势与政策,18,第9节-第10节,图书馆,00000080D
0.0,400280,形势与政策(20192-00000080D-1),2019200000080D93342,思政课,3,,29,7-10周,0,芮富宏,7-10周 周三 第9节-第10节 逸B-111,0.25,建筑与城市规划学院,否,理论类课程,周三,2019-2020-2,,2019200000080D93342,2018建筑与城市规划学院城乡规划,0,仙林校区,2019-2020学年 第2学期,93342,逸B-111,0.0,否,,1,8,00,0,0,形势与政策,16,第9节-第10节,逸夫楼B区,00000080D
0.0,400220,形势与政策(20192-00000080D-1),2019200000080D93532,思政课,3,,75,4-7周,0,王丽,4-7周 周五 第1节-第2节 仙Ⅱ-105,0.25,生命科学学院,否,理论类课程,周五,2019-2020-2,,2019200000080D93532,2018生命科学学院生物科学类,0,仙林校区,2019-2020学年 第2学期,93532,仙Ⅱ-105,0.0,否,,1,8,00,0,0,形势与政策,12,第1节-第2节,仙II区,00000080D
0.0,400090,形势与政策(20192-00000080D-1),2019200000080D93548,思政课,3,,72,1-15周(单),0,"王天乙,罗萍",1-15周(单) 周二 第8节-第8节 仙Ⅱ-117,0.25,信息管理学院,否,理论类课程,周二,2019-2020-2,,2019200000080D93548,"2018信息管理学院信息管理与信息系统,2018信息管理学院编辑出版学,2018信息管理学院档案学,2018信息管理学院图书馆学",0,仙林校区,2019-2020学年 第2学期,93548,仙Ⅱ-117,0.0,否,,1,8,00,0,0,形势与政策,12,第8节-第8节,仙II区,00000080D
0.0,400190,形势与政策(20192-00000080D-1),2019200000080D93591,思政课,3,,33,"2周,6周,10周,14周",0,陈昕,"2周,6周,10周,14周 周二 第1节-第2节 逸C-306",0.25,地球科学与工程学院,否,理论类课程,周二,2019-2020-2,,2019200000080D93591,"2018地球科学与工程学院地质学,2018地球科学与工程学院地球物理学,2018地球科学与工程学院水文与水资源工程,2018地球科学与工程学院地质工程",0,仙林校区,2019-2020学年 第2学期,93591,逸C-306,0.0,否,,1,8,00,0,0,形势与政策,17,第1节-第2节,逸夫楼C区,00000080D
0.0,400240,形势与政策(20192-00000080D-1),2019200000080D93711,思政课,3,,98,"3周,7周,11周,15周",0,丁驰,"3周,7周,11周,15周 周一 第9节-第10节 逸B-207",0.25,工程管理学院,否,理论类课程,周一,2019-2020-2,,2019200000080D93711,"2018工程管理学院自动化,2018工程管理学院金融工程,2018工程管理学院工业工程",0,仙林校区,2019-2020学年 第2学期,93711,逸B-207,0.0,否,,1,8,00,0,0,形势与政策,16,第9节-第10节,逸夫楼B区,00000080D
80.0,400110,微积分I(第一层次)(20192-00010011A-1),2019200010011A93824,数学课,3,,36,"2-17周,2-17周,2-17周",0,"吴婷,张明敬","2-17周 周二 第3节-第4节 仙Ⅱ-212,2-17周 周二 第5节-第6节 仙Ⅱ-212,2-17周 周四 第3节-第4节 仙Ⅱ-212",5.0,数学学院,否,理论+实践课程,"周二,周二,周四",2019-2020-2,,2019200010011A93824,,0,仙林校区,2019-2020学年 第2学期,93824,"仙Ⅱ-212,仙Ⅱ-212,仙Ⅱ-212",0.0,否,,5,64,01,32,0,微积分I(第一层次),12,"第3节-第4节,第5节-第6节,第3节-第4节",仙II区,00010011A
80.0,400110,微积分II(第一层次)(20192-00010011B-1),2019200010011B91317,数学课,3,,158,"1-17周,1-17周,1-17周",0,李军,"1-17周 周二 第3节-第4节 逸B-101,1-17周 周四 第5节-第6节 逸B-101,1-17周 周二 第5节-第6节 逸B-101",5.0,数学学院,否,理论+实践课程,"周二,周二,周四",2019-2020-2,,2019200010011B91317,"2019物理学院物理学（拔尖计划）,2019*理科试验班（数理科学类）*数理科学类",0,仙林校区,2019-2020学年 第2学期,91317,"逸B-101,逸B-101,逸B-101",0.0,否,,5,64,01,32,0,微积分II(第一层次),16,"第3节-第4节,第5节-第6节,第5节-第6节",逸夫楼B区,00010011B
80.0,400110,微积分II(第一层次)(20192-00010011B-2),2019200010011B91318,数学课,3,,150,"1-17周,1-17周,1-17周",0,钱志,"1-17周 周二 第3节-第4节 仙Ⅰ-108,1-17周 周四 第5节-第6节 仙Ⅰ-108,1-17周 周二 第5节-第6节 仙Ⅰ-108",5.0,数学学院,否,理论+实践课程,"周二,周二,周四",2019-2020-2,,2019200010011B91318,2019*理科试验班（数理科学类）*数理科学类,0,仙林校区,2019-2020学年 第2学期,91318,"仙Ⅰ-108,仙Ⅰ-108,仙Ⅰ-108",0.0,否,,5,64,01,32,0,微积分II(第一层次),11,"第3节-第4节,第5节-第6节,第5节-第6节",仙I区,00010011B
80.0,400110,微积分II(第一层次)(20192-00010011B-3),2019200010011B91319,数学课,3,,165,"1-17周,1-17周,1-17周",0,黄卫华,"1-17周 周二 第1节-第2节 仙Ⅰ-319,1-17周 周二 第5节-第6节 仙Ⅰ-319,1-17周 周四 第1节-第2节 仙Ⅰ-319",5.0,数学学院,否,理论+实践课程,"周二,周二,周四",2019-2020-2,,2019200010011B91319,"2019计算机学院计算机科学与技术,2019工程管理学院金融工程（计算机与金融工程方向）",0,仙林校区,2019-2020学年 第2学期,91319,"仙Ⅰ-319,仙Ⅰ-319,仙Ⅰ-319",0.0,否,,5,64,01,32,0,微积分II(第一层次),11,"第1节-第2节,第5节-第6节,第1节-第2节",仙I区,00010011B
80.0,400110,微积分II(第一层次)(20192-00010011B-4),2019200010011B91320,数学课,3,,127,"1-17周,1-17周,1-17周",0,周国飞,"1-17周 周四 第1节-第2节 仙Ⅱ-303,1-17周 周二 第5节-第6节 仙Ⅱ-303,1-17周 周二 第3节-第4节 仙Ⅱ-303",5.0,数学学院,否,理论+实践课程,"周二,周二,周四",2019-2020-2,,2019200010011B91320,2019计算机学院计算机科学与技术,0,仙林校区,2019-2020学年 第2学期,91320,"仙Ⅱ-303,仙Ⅱ-303,仙Ⅱ-303",0.0,否,,5,64,01,32,0,微积分II(第一层次),12,"第3节-第4节,第5节-第6节,第1节-第2节",仙II区,00010011B
80.0,400110,微积分II(第一层次)(20192-00010011B-5),2019200010011B91321,数学课,3,,175,"1-17周,1-17周,1-17周",0,李春,"1-17周 周二 第3节-第4节 仙Ⅰ-319,1-17周 周四 第5节-第6节 仙Ⅰ-319,1-17周 周四 第3节-第4节 仙Ⅰ-319",5.0,数学学院,否,理论+实践课程,"周二,周四,周四",2019-2020-2,,2019200010011B91321,2019*理科试验班（地球科学与资源环境类）*地球科学与资源环境类,0,仙林校区,2019-2020学年 第2学期,91321,"仙Ⅰ-319,仙Ⅰ-319,仙Ⅰ-319",0.0,否,,5,64,01,32,0,微积分II(第一层次),11,"第3节-第4节,第3节-第4节,第5节-第6节",仙I区,00010011B
80.0,400110,微积分II(第一层次)(20192-00010011B-6),2019200010011B91323,数学课,3,,80,"2-17周,2-17周,2-17周",0,谭亮,"2-17周 周二 第1节-第2节 仙Ⅱ-311,2-17周 周四 第5节-第6节 仙Ⅱ-311,2-17周 周四 第3节-第4节 仙Ⅱ-311",5.0,数学学院,否,理论+实践课程,"周二,周四,周四",2019-2020-2,,2019200010011B91323,,0,仙林校区,2019-2020学年 第2学期,91323,"仙Ⅱ-311,仙Ⅱ-311,仙Ⅱ-311",0.0,否,,5,64,01,32,0,微积分II(第一层次),12,"第1节-第2节,第3节-第4节,第5节-第6节",仙II区,00010011B
80.0,400110,微积分II(第一层次)(20192-00010011B-7),2019200010011B91325,数学课,3,,158,"1-17周,1-17周,1-17周",0,顾国勇,"1-17周 周四 第1节-第2节 仙Ⅱ-403,1-17周 周一 第5节-第6节 仙Ⅱ-403,1-17周 周一 第3节-第4节 仙Ⅱ-403",5.0,数学学院,否,理论+实践课程,"周一,周一,周四",2019-2020-2,,2019200010011B91325,2019*工科试验班*工科试验班,0,仙林校区,2019-2020学年 第2学期,91325,"仙Ⅱ-403,仙Ⅱ-403,仙Ⅱ-403",0.0,否,,5,64,01,32,0,微积分II(第一层次),12,"第3节-第4节,第5节-第6节,第1节-第2节",仙II区,00010011B
80.0,400110,微积分II(第一层次)(20192-00010011B-8),2019200010011B91329,数学课,3,,158,"1-17周,1-17周,1-17周",0,赵秋兰,"1-17周 周四 第1节-第2节 仙Ⅱ-304,1-17周 周一 第5节-第6节 仙Ⅱ-304,1-17周 周一 第3节-第4节 仙Ⅱ-304",5.0,数学学院,否,理论+实践课程,"周一,周一,周四",2019-2020-2,,2019200010011B91329,2019*工科试验班*工科试验班,0,仙林校区,2019-2020学年 第2学期,91329,"仙Ⅱ-304,仙Ⅱ-304,仙Ⅱ-304",0.0,否,,5,64,01,32,0,微积分II(第一层次),12,"第3节-第4节,第5节-第6节,第1节-第2节",仙II区,00010011B
80.0,400110,微积分II(第一层次)(20192-00010011B-9),2019200010011B91331,数学课,3,,144,"1-17周,1-17周,1-17周",0,张运清,"1-17周 周一 第3节-第4节 仙Ⅱ-305,1-17周 周三 第5节-第6节 仙Ⅱ-305,1-17周 周三 第3节-第4节 仙Ⅱ-305",5.0,数学学院,否,理论+实践课程,"周一,周三,周三",2019-2020-2,,2019200010011B91331,2019软件学院软件工程,0,仙林校区,2019-2020学年 第2学期,91331,"仙Ⅱ-305,仙Ⅱ-305,仙Ⅱ-305",0.0,否,,5,64,01,32,0,微积分II(第一层次),12,"第3节-第4节,第3节-第4节,第5节-第6节",仙II区,00010011B
80.0,400110,微积分II(第一层次)(20192-00010011B-10),2019200010011B91333,数学课,3,,145,"1-17周,1-17周,1-17周",0,陆宏,"1-17周 周一 第3节-第4节 仙Ⅱ-505,1-17周 周三 第5节-第6节 仙Ⅱ-505,1-17周 周三 第3节-第4节 仙Ⅱ-505",5.0,数学学院,否,理论+实践课程,"周一,周三,周三",2019-2020-2,,2019200010011B91333,2019软件学院软件工程,0,仙林校区,2019-2020学年 第2学期,91333,"仙Ⅱ-505,仙Ⅱ-505,仙Ⅱ-505",0.0,否,,5,64,01,32,0,微积分II(第一层次),12,"第3节-第4节,第3节-第4节,第5节-第6节",仙II区,00010011B
80.0,400110,微积分II(第一层次)(20192-00010011B-11),2019200010011B91334,数学课,3,,135,"1-17周,1-17周,1-17周",0,崔小军,"1-17周 周三 第3节-第4节 仙Ⅱ-404,1-17周 周三 第5节-第6节 仙Ⅱ-404,1-17周 周五 第3节-第4节 仙Ⅱ-404",5.0,数学学院,否,理论+实践课程,"周三,周三,周五",2019-2020-2,,2019200010011B91334,2019电子科学与工程学院电子信息类,0,仙林校区,2019-2020学年 第2学期,91334,"仙Ⅱ-404,仙Ⅱ-404,仙Ⅱ-404",0.0,否,,5,64,01,32,0,微积分II(第一层次),12,"第3节-第4节,第5节-第6节,第3节-第4节",仙II区,00010011B
80.0,400110,微积分II(第一层次)(20192-00010011B-12),2019200010011B91337,数学课,3,,138,"1-17周,1-17周,1-17周",0,窦斗,"1-17周 周三 第3节-第4节 仙Ⅱ-403,1-17周 周三 第5节-第6节 仙Ⅱ-403,1-17周 周五 第3节-第4节 仙Ⅱ-403",5.0,数学学院,否,理论+实践课程,"周三,周三,周五",2019-2020-2,,2019200010011B91337,2019电子科学与工程学院电子信息类,0,仙林校区,2019-2020学年 第2学期,91337,"仙Ⅱ-403,仙Ⅱ-403,仙Ⅱ-403",0.0,否,,5,64,01,32,0,微积分II(第一层次),12,"第3节-第4节,第5节-第6节,第3节-第4节",仙II区,00010011B
64.0,400110,线性代数(第一层次)(20192-00010011C-1),2019200010011C91374,数学课,3,,142,"1-17周,1-17周",0,朱晓胜,"1-17周 周二 第3节-第4节 仙Ⅰ-206,1-17周 周四 第3节-第4节 仙Ⅰ-206",4.0,数学学院,否,理论类课程,"周二,周四",2019-2020-2,,2019200010011C91374,"2018商学院经济学,2018商学院国际经济与贸易",0,仙林校区,2019-2020学年 第2学期,91374,"仙Ⅰ-206,仙Ⅰ-206",0.0,否,,1,64,01,0,0,线性代数(第一层次),11,"第3节-第4节,第3节-第4节",仙I区,00010011C
64.0,400110,线性代数(第一层次)(20192-00010011C-2),2019200010011C91375,数学课,3,,118,"1-17周,1-17周",0,陈耀俊,"1-17周 周二 第3节-第4节 仙Ⅱ-305,1-17周 周四 第3节-第4节 仙Ⅱ-305",4.0,数学学院,否,理论类课程,"周二,周四",2019-2020-2,,2019200010011C91375,"2018商学院金融学,2018商学院经济学（产业经济方向）,2018商学院金融工程,2018商学院保险学",0,仙林校区,2019-2020学年 第2学期,91375,"仙Ⅱ-305,仙Ⅱ-305",0.0,否,,1,64,01,0,0,线性代数(第一层次),12,"第3节-第4节,第3节-第4节",仙II区,00010011C
64.0,400110,线性代数(第一层次)(20192-00010011C-3),2019200010011C91376,数学课,3,,142,"1-17周,1-17周",0,杨云,"1-17周 周五 第3节-第4节 逸B-105,1-17周 周三 第5节-第6节 逸B-105",4.0,数学学院,否,理论类课程,"周三,周五",2019-2020-2,,2019200010011C91376,"2018商学院财务管理,2019工程管理学院金融工程（计算机与金融工程方向）,2018商学院市场营销,2018商学院电子商务",0,仙林校区,2019-2020学年 第2学期,91376,"逸B-105,逸B-105",0.0,否,,1,64,01,0,0,线性代数(第一层次),16,"第5节-第6节,第3节-第4节",逸夫楼B区,00010011C
64.0,400110,线性代数(第一层次)(20192-00010011C-4),2019200010011C91377,数学课,3,,96,"1-17周,1-17周",0,郭朕臣,"1-17周 周五 第3节-第4节 仙Ⅱ-314,1-17周 周三 第5节-第6节 仙Ⅱ-314",4.0,数学学院,否,理论类课程,"周三,周五",2019-2020-2,,2019200010011C91377,"2018商学院工商管理,2018商学院工商管理（人力资源管理方向）,2018商学院会计学",0,仙林校区,2019-2020学年 第2学期,91377,"仙Ⅱ-314,仙Ⅱ-314",0.0,否,,1,64,01,0,0,线性代数(第一层次),12,"第5节-第6节,第3节-第4节",仙II区,00010011C
64.0,400110,线性代数(第一层次)(20192-00010011C-5),2019200010011C91378,数学课,3,,102,"1-17周,1-17周",0,王征宇,"1-17周 周三 第1节-第2节 仙Ⅱ-311,1-17周 周五 第3节-第4节 仙Ⅱ-311",4.0,数学学院,否,理论类课程,"周三,周五",2019-2020-2,,2019200010011C91378,2019*工科试验班*工科试验班,0,仙林校区,2019-2020学年 第2学期,91378,"仙Ⅱ-311,仙Ⅱ-311",0.0,否,,1,64,01,0,0,线性代数(第一层次),12,"第1节-第2节,第3节-第4节",仙II区,00010011C
64.0,400110,线性代数(第一层次)(20192-00010011C-6),2019200010011C91379,数学课,3,,95,"1-17周,1-17周",0,程创勋,"1-17周 周三 第1节-第2节 仙Ⅱ-312,1-17周 周五 第3节-第4节 仙Ⅱ-312",4.0,数学学院,否,理论类课程,"周三,周五",2019-2020-2,,2019200010011C91379,2019*工科试验班*工科试验班,0,仙林校区,2019-2020学年 第2学期,91379,"仙Ⅱ-312,仙Ⅱ-312",0.0,否,,1,64,01,0,0,线性代数(第一层次),12,"第1节-第2节,第3节-第4节",仙II区,00010011C
64.0,400110,线性代数(第一层次)(20192-00010011C-7),2019200010011C92594,数学课,3,,117,"1-17周,1-17周",0,孔敏,"1-17周 周三 第1节-第2节 仙Ⅱ-314,1-17周 周五 第1节-第2节 仙Ⅱ-314",4.0,数学学院,否,理论类课程,"周三,周五",2019-2020-2,,2019200010011C92594,2019*工科试验班*工科试验班,0,仙林校区,2019-2020学年 第2学期,92594,"仙Ⅱ-314,仙Ⅱ-314",0.0,否,,1,64,01,0,0,线性代数(第一层次),12,"第1节-第2节,第1节-第2节",仙II区,00010011C
80.0,400110,微积分II与线性代数(第二层次)(20192-00010012B-1),2019200010012B91311,数学课,3,,134,"1-17周,1-17周,1-17周",0,许绍镇,"1-17周 周三 第1节-第2节 仙Ⅱ-504,1-17周 周一 第5节-第6节 仙Ⅱ-504,1-17周 周一 第3节-第4节 仙Ⅱ-504",5.0,数学学院,否,理论+实践课程,"周一,周三,周一",2019-2020-2,,2019200010012B91311,2019*经济管理试验班*经济管理试验班,0,仙林校区,2019-2020学年 第2学期,91311,"仙Ⅱ-504,仙Ⅱ-504,仙Ⅱ-504",0.0,否,,5,64,01,32,0,微积分II与线性代数(第二层次),12,"第5节-第6节,第1节-第2节,第3节-第4节",仙II区,00010012B
80.0,400110,微积分II与线性代数(第二层次)(20192-00010012B-2),2019200010012B91341,数学课,3,,113,"1-17周,1-17周,1-17周",0,沈洋,"1-17周 周三 第1节-第2节 仙Ⅱ-305,1-17周 周一 第5节-第6节 仙Ⅱ-303,1-17周 周一 第3节-第4节 仙Ⅱ-303",5.0,数学学院,否,理论+实践课程,"周一,周一,周三",2019-2020-2,,2019200010012B91341,2019*经济管理试验班*经济管理试验班,0,仙林校区,2019-2020学年 第2学期,91341,"仙Ⅱ-303,仙Ⅱ-303,仙Ⅱ-305",0.0,否,,5,64,01,32,0,微积分II与线性代数(第二层次),12,"第3节-第4节,第5节-第6节,第1节-第2节",仙II区,00010012B
80.0,400110,微积分II与线性代数(第二层次)(20192-00010012B-3),2019200010012B91369,数学课,3,,94,"1-17周,1-17周,1-17周",0,吴朝阳,"1-17周 周三 第1节-第2节 仙Ⅱ-214,1-17周 周一 第5节-第6节 仙Ⅱ-214,1-17周 周一 第3节-第4节 仙Ⅱ-214",5.0,数学学院,否,理论+实践课程,"周一,周一,周三",2019-2020-2,,2019200010012B91369,2019*经济管理试验班*经济管理试验班,0,仙林校区,2019-2020学年 第2学期,91369,"仙Ⅱ-214,仙Ⅱ-214,仙Ⅱ-214",0.0,否,,5,64,01,32,0,微积分II与线性代数(第二层次),12,"第3节-第4节,第5节-第6节,第1节-第2节",仙II区,00010012B
80.0,400110,微积分II与线性代数(第二层次)(20192-00010012B-4),2019200010012B91370,数学课,3,,95,"1-17周,1-17周,1-17周",0,曹苏平,"1-17周 周三 第1节-第2节 仙Ⅱ-215,1-17周 周一 第5节-第6节 仙Ⅱ-215,1-17周 周一 第3节-第4节 仙Ⅱ-215",5.0,数学学院,否,理论+实践课程,"周一,周一,周三",2019-2020-2,,2019200010012B91370,2019*经济管理试验班*经济管理试验班,0,仙林校区,2019-2020学年 第2学期,91370,"仙Ⅱ-215,仙Ⅱ-215,仙Ⅱ-215",0.0,否,,5,64,01,32,0,微积分II与线性代数(第二层次),12,"第3节-第4节,第5节-第6节,第1节-第2节",仙II区,00010012B
80.0,400110,微积分II与线性代数(第二层次)(20192-00010012B-5),2019200010012B91371,数学课,3,,104,"1-17周,1-17周,1-17周",0,高印珠,"1-17周 周四 第3节-第4节 仙Ⅱ-404,1-17周 周四 第5节-第6节 仙Ⅱ-404,1-17周 周二 第5节-第6节 仙Ⅱ-404",5.0,数学学院,否,理论+实践课程,"周二,周四,周四",2019-2020-2,,2019200010012B91371,2019*理科试验班（化学与生命科学类）*化学与生命科学类,0,仙林校区,2019-2020学年 第2学期,91371,"仙Ⅱ-404,仙Ⅱ-404,仙Ⅱ-404",0.0,否,,5,64,01,32,0,微积分II与线性代数(第二层次),12,"第5节-第6节,第3节-第4节,第5节-第6节",仙II区,00010012B
80.0,400110,微积分II与线性代数(第二层次)(20192-00010012B-6),2019200010012B91372,数学课,3,,104,"1-17周,1-17周,1-17周",0,师维学,"1-17周 周四 第3节-第4节 仙Ⅱ-403,1-17周 周四 第5节-第6节 仙Ⅱ-403,1-17周 周二 第5节-第6节 仙Ⅱ-403",5.0,数学学院,否,理论+实践课程,"周二,周四,周四",2019-2020-2,,2019200010012B91372,2019*理科试验班（化学与生命科学类）*化学与生命科学类,0,仙林校区,2019-2020学年 第2学期,91372,"仙Ⅱ-403,仙Ⅱ-403,仙Ⅱ-403",0.0,否,,5,64,01,32,0,微积分II与线性代数(第二层次),12,"第5节-第6节,第3节-第4节,第5节-第6节",仙II区,00010012B
80.0,400110,微积分II与线性代数(第二层次)(20192-00010012B-7),2019200010012B91373,数学课,3,,68,"1-17周,1-17周,1-17周",0,胡昊宇,"1-17周 周二 第3节-第4节 仙Ⅱ-312,1-17周 周四 第5节-第6节 仙Ⅱ-312,1-17周 周四 第3节-第4节 仙Ⅱ-312",5.0,数学学院,否,理论+实践课程,"周二,周四,周四",2019-2020-2,,2019200010012B91373,"2019*理科试验班（地球科学与资源环境类）*地球科学与资源环境类,2019*工科试验班*工科试验班",0,仙林校区,2019-2020学年 第2学期,91373,"仙Ⅱ-312,仙Ⅱ-312,仙Ⅱ-312",0.0,否,,5,64,01,32,0,微积分II与线性代数(第二层次),12,"第3节-第4节,第3节-第4节,第5节-第6节",仙II区,00010012B
64.0,400110,简明微积分(20192-00010013-1),201920001001393136,数学课,3,,29,"2-17周,2-17周",0,陈丽娜,"2-17周 周一 第3节-第4节 仙Ⅱ-311,2-17周 周三 第3节-第4节 仙Ⅱ-311",4.0,数学学院,否,理论类课程,"周一,周三",2019-2020-2,,201920001001393136,,0,仙林校区,2019-2020学年 第2学期,93136,"仙Ⅱ-311,仙Ⅱ-311",0.0,否,,1,64,01,0,0,简明微积分,12,"第3节-第4节,第3节-第4节",仙II区,00010013
96.0,400110,体验数学（下）(20192-00010014B-1),2019200010014B93432,数学课,3,,22,"1-17周,1-17周,1-17周",0,邓建平,"1-17周 周一 第1节-第2节 仙Ⅱ-312,1-17周 周一 第3节-第4节 仙Ⅱ-312,1-17周 周二 第1节-第2节 仙Ⅱ-312",6.0,数学学院,否,理论+实践课程,"周一,周一,周二",2019-2020-2,,2019200010014B93432,,0,仙林校区,2019-2020学年 第2学期,93432,"仙Ⅱ-312,仙Ⅱ-312,仙Ⅱ-312",0.0,否,,5,64,01,32,0,体验数学（下）,12,"第1节-第2节,第3节-第4节,第1节-第2节",仙II区,00010014B
64.0,400330,大学英语（二）(20192-00020010B-1),2019200020010B91223,英语课,3,,0,"1-17周,1-17周,1-17周,1-17周,1-17周",0,,"1-17周 周一 第1节-第2节 ,1-17周 周一 第5节-第6节 ,1-17周 周二 第3节-第4节 ,1-17周 周一 第3节-第4节 ,1-17周 周二 第1节-第2节 ",4.0,大学外语部,否,理论类课程,"周一,周一,周一,周二,周二",2019-2020-2,,2019200020010B91223,2019匡亚明学院理科强化班,1,仙林校区,2019-2020学年 第2学期,91223,"无,无,无,无,无",0.0,是,,1,64,02,0,0,大学英语（二）,,"第1节-第2节,第3节-第4节,第5节-第6节,第1节-第2节,第3节-第4节",,00020010B
64.0,400330,大学英语（二）(20192-00020010B-2),2019200020010B91224,英语课,3,,0,"1-17周,1-17周",0,,"1-17周 周二 第1节-第2节 ,1-17周 周一 第3节-第4节 ",4.0,大学外语部,否,理论类课程,"周二,周一",2019-2020-2,,2019200020010B91224,"2019物理学院物理学（拔尖计划）,2019*理科试验班（数理科学类）*数理科学类",1,仙林校区,2019-2020学年 第2学期,91224,"无,无",0.0,是,,1,64,02,0,0,大学英语（二）,,"第1节-第2节,第3节-第4节",,00020010B
64.0,400330,大学英语（二）(20192-00020010B-3),2019200020010B91225,英语课,3,,0,"1-17周,1-17周",0,,"1-17周 周一 第1节-第2节 ,1-17周 周二 第3节-第4节 ",4.0,大学外语部,否,理论类课程,"周一,周二",2019-2020-2,,2019200020010B91225,2019*经济管理试验班*经济管理试验班,1,仙林校区,2019-2020学年 第2学期,91225,"无,无",0.0,是,,1,64,02,0,0,大学英语（二）,,"第1节-第2节,第3节-第4节",,00020010B
64.0,400330,大学英语（二）(20192-00020010B-4),2019200020010B91226,英语课,3,,0,"1-17周,1-17周",0,,"1-17周 周二 第5节-第6节 ,1-17周 周三 第5节-第6节 ",4.0,大学外语部,否,理论类课程,"周二,周三",2019-2020-2,,2019200020010B91226,2019*工科试验班*工科试验班,1,仙林校区,2019-2020学年 第2学期,91226,"无,无",0.0,是,,1,64,02,0,0,大学英语（二）,,"第5节-第6节,第5节-第6节",,00020010B
64.0,400330,大学英语（二）(20192-00020010B-6),2019200020010B91228,英语课,3,,0,"1-17周,1-17周",0,,"1-17周 周三 第1节-第2节 ,1-17周 周四 第3节-第4节 ",4.0,大学外语部,否,理论类课程,"周三,周四",2019-2020-2,,2019200020010B91228,"2019文学院戏剧影视文学,2019*人文科学试验班*人文艺术传播类",1,仙林校区,2019-2020学年 第2学期,91228,"无,无",0.0,是,,1,64,02,0,0,大学英语（二）,,"第1节-第2节,第3节-第4节",,00020010B
64.0,400330,大学英语（二）(20192-00020010B-7),2019200020010B91229,英语课,3,,0,"1-17周,1-17周",0,,"1-17周 周四 第1节-第2节 ,1-17周 周三 第3节-第4节 ",4.0,大学外语部,否,理论类课程,"周三,周四",2019-2020-2,,2019200020010B91229,"2019医学院临床医学,2019*理科试验班（地球科学与资源环境类）*地球科学与资源环境类,2019医学院口腔医学",1,仙林校区,2019-2020学年 第2学期,91229,"无,无",0.0,是,,1,64,02,0,0,大学英语（二）,,"第3节-第4节,第1节-第2节",,00020010B
64.0,400330,大学英语（二）(20192-00020010B-8),2019200020010B91230,英语课,3,,0,"1-17周,1-17周",0,,"1-17周 周三 第5节-第6节 ,1-17周 周四 第5节-第6节 ",4.0,大学外语部,否,理论类课程,"周三,周四",2019-2020-2,,2019200020010B91230,"2018外国语学院俄语,2018外国语学院朝鲜语,2018外国语学院西班牙语,2018外国语学院德语,2018外国语学院法语,2018外国语学院日语",1,仙林校区,2019-2020学年 第2学期,91230,"无,无",0.0,是,,1,64,02,0,0,大学英语（二）,,"第5节-第6节,第5节-第6节",,00020010B
64.0,400330,大学英语（二）(20192-00020010B-9),2019200020010B91231,英语课,3,,0,"1-17周,1-17周",0,,"1-17周 周四 第1节-第2节 ,1-17周 周五 第3节-第4节 ",4.0,大学外语部,否,理论类课程,"周四,周五",2019-2020-2,,2019200020010B91231,2019*理科试验班（化学与生命科学类）*化学与生命科学类,1,仙林校区,2019-2020学年 第2学期,91231,"无,无",0.0,是,,1,64,02,0,0,大学英语（二）,,"第1节-第2节,第3节-第4节",,00020010B
64.0,400330,大学英语（二）(20192-00020010B-10),2019200020010B91232,英语课,3,,0,"1-17周,1-17周",0,,"1-17周 周五 第1节-第2节 ,1-17周 周四 第3节-第4节 ",4.0,大学外语部,否,理论类课程,"周四,周五",2019-2020-2,,2019200020010B91232,2019电子科学与工程学院电子信息类,1,仙林校区,2019-2020学年 第2学期,91232,"无,无",0.0,是,,1,64,02,0,0,大学英语（二）,,"第3节-第4节,第1节-第2节",,00020010B
64.0,400330,大学英语（二）(20192-00020010B-11),2019200020010B91233,英语课,3,,0,"1-17周,1-17周",0,,"1-17周 周二 第5节-第6节 ,1-17周 周四 第5节-第6节 ",4.0,大学外语部,否,理论类课程,"周二,周四",2019-2020-2,,2019200020010B91233,,1,仙林校区,2019-2020学年 第2学期,91233,"无,无",0.0,是,,1,64,02,0,0,大学英语（二）,,"第5节-第6节,第5节-第6节",,00020010B
64.0,400330,大学英语（二）(20192-00020010B-12),2019200020010B91234,英语课,3,,0,"1-17周,1-17周",0,,"1-17周 周一 第5节-第6节 ,1-17周 周四 第5节-第6节 ",4.0,大学外语部,否,理论类课程,"周一,周四",2019-2020-2,,2019200020010B91234,2019软件学院软件工程,1,仙林校区,2019-2020学年 第2学期,91234,"无,无",0.0,是,,1,64,02,0,0,大学英语（二）,,"第5节-第6节,第5节-第6节",,00020010B
64.0,400330,大学英语（二）(20192-00020010B-13),2019200020010B91235,英语课,3,,0,"1-17周,1-17周",0,,"1-17周 周五 第1节-第2节 ,1-17周 周三 第3节-第4节 ",4.0,大学外语部,否,理论类课程,"周三,周五",2019-2020-2,,2019200020010B91235,"2019计算机学院计算机科学与技术,2019人工智能学院人工智能,2019工程管理学院金融工程（计算机与金融工程方向）",1,仙林校区,2019-2020学年 第2学期,91235,"无,无",0.0,是,,1,64,02,0,0,大学英语（二）,,"第3节-第4节,第1节-第2节",,00020010B
64.0,400330,大学英语（二）(20192-00020010B-14),2019200020010B91236,英语课,3,,0,"1-17周,1-17周",0,,"1-17周 周三 第1节-第2节 ,1-17周 周五 第3节-第4节 ",4.0,大学外语部,否,理论类课程,"周三,周五",2019-2020-2,,2019200020010B91236,2019*社会科学试验班*社会科学试验班,1,仙林校区,2019-2020学年 第2学期,91236,"无,无",0.0,是,,1,64,02,0,0,大学英语（二）,,"第1节-第2节,第3节-第4节",,00020010B
32.0,400330,大学英语读写（第一层次）（二）(20192-00020021B-1),2019200020021B91863,英语课,3,,30,1-17周,0,王海啸,1-17周 周一 第7节-第8节 ,2.0,大学外语部,否,理论类课程,周一,2019-2020-2,,2019200020021B91863,,0,仙林校区,2019-2020学年 第2学期,91863,仙1-414,0.0,否,,1,32,02,0,0,大学英语读写（第一层次）（二）,,第7节-第8节,,00020021B
32.0,400330,大学英语读写（第一层次）（二）(20192-00020021B-2),2019200020021B91864,英语课,3,,31,1-17周,0,王海啸,1-17周 周一 第9节-第10节 ,2.0,大学外语部,否,理论类课程,周一,2019-2020-2,,2019200020021B91864,,0,仙林校区,2019-2020学年 第2学期,91864,仙1-414,0.0,否,,1,32,02,0,0,大学英语读写（第一层次）（二）,,第9节-第10节,,00020021B
32.0,400330,大学英语读写（第一层次）（二）(20192-00020021B-3),2019200020021B91865,英语课,3,,22,1-17周,0,于江,1-17周 周二 第7节-第8节 仙Ⅱ-407,2.0,大学外语部,否,理论类课程,周二,2019-2020-2,,2019200020021B91865,,0,仙林校区,2019-2020学年 第2学期,91865,仙Ⅱ-407,0.0,否,,1,32,02,0,0,大学英语读写（第一层次）（二）,12,第7节-第8节,仙II区,00020021B
32.0,400330,大学英语读写（第一层次）（二）(20192-00020021B-4),2019200020021B91866,英语课,3,,30,1-17周,0,于江,1-17周 周二 第9节-第10节 仙Ⅱ-407,2.0,大学外语部,否,理论类课程,周二,2019-2020-2,,2019200020021B91866,,0,仙林校区,2019-2020学年 第2学期,91866,仙Ⅱ-407,0.0,否,,1,32,02,0,0,大学英语读写（第一层次）（二）,12,第9节-第10节,仙II区,00020021B
32.0,400330,大学英语读写（第一层次）（二）(20192-00020021B-5),2019200020021B91867,英语课,3,,30,1-17周,0,于江,1-17周 周四 第7节-第8节 仙Ⅱ-407,2.0,大学外语部,否,理论类课程,周四,2019-2020-2,,2019200020021B91867,,0,仙林校区,2019-2020学年 第2学期,91867,仙Ⅱ-407,0.0,否,,1,32,02,0,0,大学英语读写（第一层次）（二）,12,第7节-第8节,仙II区,00020021B
32.0,400330,大学英语读写（第一层次）（二）(20192-00020021B-6),2019200020021B91868,英语课,3,,30,1-17周,0,于江,1-17周 周四 第9节-第10节 仙Ⅱ-407,2.0,大学外语部,否,理论类课程,周四,2019-2020-2,,2019200020021B91868,,0,仙林校区,2019-2020学年 第2学期,91868,仙Ⅱ-407,0.0,否,,1,32,02,0,0,大学英语读写（第一层次）（二）,12,第9节-第10节,仙II区,00020021B
32.0,400330,新闻英语读写(20192-00020022B1-1),2019200020022B192948,英语课,3,,35,1-17周,0,王颖,1-17周 周二 第1节-第2节 仙Ⅱ-407,2.0,大学外语部,否,理论类课程,周二,2019-2020-2,,2019200020022B192948,2019*理科试验班（数理科学类）*数理科学类,0,仙林校区,2019-2020学年 第2学期,92948,仙Ⅱ-407,0.0,否,,1,32,02,0,0,新闻英语读写,12,第1节-第2节,仙II区,00020022B1
32.0,400330,新闻英语读写(20192-00020022B1-2),2019200020022B192949,英语课,3,,35,1-17周,0,王颖,1-17周 周二 第3节-第4节 仙Ⅱ-407,2.0,大学外语部,否,理论类课程,周二,2019-2020-2,,2019200020022B192949,2019*经济管理试验班*经济管理试验班,0,仙林校区,2019-2020学年 第2学期,92949,仙Ⅱ-407,0.0,否,,1,32,02,0,0,新闻英语读写,12,第3节-第4节,仙II区,00020022B1
32.0,400330,新闻英语读写(20192-00020022B1-3),2019200020022B192950,英语课,3,,17,1-17周,0,陆美慧,1-17周 周三 第1节-第2节 仙Ⅱ-407,2.0,大学外语部,否,理论类课程,周三,2019-2020-2,,2019200020022B192950,"2019文学院戏剧影视文学,2019*人文科学试验班*人文艺术传播类",0,仙林校区,2019-2020学年 第2学期,92950,仙Ⅱ-407,0.0,否,,1,32,02,0,0,新闻英语读写,12,第1节-第2节,仙II区,00020022B1
32.0,400330,新闻英语读写(20192-00020022B1-4),2019200020022B192951,英语课,3,,16,1-17周,0,陆美慧,1-17周 周三 第3节-第4节 仙Ⅱ-407,2.0,大学外语部,否,理论类课程,周三,2019-2020-2,,2019200020022B192951,2019*理科试验班（地球科学与资源环境类）*地球科学与资源环境类,0,仙林校区,2019-2020学年 第2学期,92951,仙Ⅱ-407,0.0,否,,1,32,02,0,0,新闻英语读写,12,第3节-第4节,仙II区,00020022B1
32.0,400330,新闻英语读写(20192-00020022B1-5),2019200020022B192952,英语课,3,,11,1-17周,0,陆美慧,1-17周 周四 第1节-第2节 仙Ⅱ-407,2.0,大学外语部,否,理论类课程,周四,2019-2020-2,,2019200020022B192952,2019*理科试验班（化学与生命科学类）*化学与生命科学类,0,仙林校区,2019-2020学年 第2学期,92952,仙Ⅱ-407,0.0,否,,1,32,02,0,0,新闻英语读写,12,第1节-第2节,仙II区,00020022B1
32.0,400330,新闻英语读写(20192-00020022B1-6),2019200020022B192953,英语课,3,,21,1-17周,0,陆美慧,1-17周 周四 第3节-第4节 仙Ⅱ-407,2.0,大学外语部,否,理论类课程,周四,2019-2020-2,,2019200020022B192953,,0,仙林校区,2019-2020学年 第2学期,92953,仙Ⅱ-407,0.0,否,,1,32,02,0,0,新闻英语读写,12,第3节-第4节,仙II区,00020022B1
32.0,400330,新闻英语读写(20192-00020022B1-7),2019200020022B193760,英语课,3,,22,1-17周,0,陆美慧,1-17周 周四 第5节-第6节 仙Ⅱ-407,2.0,大学外语部,否,理论类课程,周四,2019-2020-2,,2019200020022B193760,,0,仙林校区,2019-2020学年 第2学期,93760,仙Ⅱ-407,0.0,否,,1,32,02,0,0,新闻英语读写,12,第5节-第6节,仙II区,00020022B1
32.0,400330,翻译基础与实践(20192-00020022B2-1),2019200020022B292954,英语课,3,,35,1-17周,0,李长生,1-17周 周二 第1节-第2节 仙Ⅱ-413,2.0,大学外语部,否,理论类课程,周二,2019-2020-2,,2019200020022B292954,2019*理科试验班（数理科学类）*数理科学类,0,仙林校区,2019-2020学年 第2学期,92954,仙Ⅱ-413,0.0,否,,1,32,02,0,0,翻译基础与实践,12,第1节-第2节,仙II区,00020022B2
32.0,400330,翻译基础与实践(20192-00020022B2-2),2019200020022B292955,英语课,3,,35,1-17周,0,李长生,1-17周 周二 第3节-第4节 仙Ⅱ-413,2.0,大学外语部,否,理论类课程,周二,2019-2020-2,,2019200020022B292955,2019*经济管理试验班*经济管理试验班,0,仙林校区,2019-2020学年 第2学期,92955,仙Ⅱ-413,0.0,否,,1,32,02,0,0,翻译基础与实践,12,第3节-第4节,仙II区,00020022B2
32.0,400330,翻译基础与实践(20192-00020022B2-3),2019200020022B292956,英语课,3,,35,1-17周,0,路璐,1-17周 周二 第3节-第4节 仙Ⅱ-414,2.0,大学外语部,否,理论类课程,周二,2019-2020-2,,2019200020022B292956,2019*经济管理试验班*经济管理试验班,0,仙林校区,2019-2020学年 第2学期,92956,仙Ⅱ-414,0.0,否,,1,32,02,0,0,翻译基础与实践,12,第3节-第4节,仙II区,00020022B2
32.0,400330,翻译基础与实践(20192-00020022B2-4),2019200020022B292957,英语课,3,,35,1-17周,0,路璐,1-17周 周二 第5节-第6节 仙Ⅱ-414,2.0,大学外语部,否,理论类课程,周二,2019-2020-2,,2019200020022B292957,2019*工科试验班*工科试验班,0,仙林校区,2019-2020学年 第2学期,92957,仙Ⅱ-414,0.0,否,,1,32,02,0,0,翻译基础与实践,12,第5节-第6节,仙II区,00020022B2
32.0,400330,翻译基础与实践(20192-00020022B2-5),2019200020022B292958,英语课,3,,35,1-17周,0,李长生,1-17周 周二 第5节-第6节 仙Ⅱ-413,2.0,大学外语部,否,理论类课程,周二,2019-2020-2,,2019200020022B292958,2019*工科试验班*工科试验班,0,仙林校区,2019-2020学年 第2学期,92958,仙Ⅱ-413,0.0,否,,1,32,02,0,0,翻译基础与实践,12,第5节-第6节,仙II区,00020022B2
32.0,400330,翻译基础与实践(20192-00020022B2-6),2019200020022B292959,英语课,3,,35,1-17周,0,乔丽婷,1-17周 周三 第1节-第2节 仙Ⅱ-413,2.0,大学外语部,否,理论类课程,周三,2019-2020-2,,2019200020022B292959,"2019文学院戏剧影视文学,2019*人文科学试验班*人文艺术传播类",0,仙林校区,2019-2020学年 第2学期,92959,仙Ⅱ-413,0.0,否,,1,32,02,0,0,翻译基础与实践,12,第1节-第2节,仙II区,00020022B2
32.0,400330,翻译基础与实践(20192-00020022B2-7),2019200020022B292960,英语课,3,,35,1-17周,0,乔丽婷,1-17周 周三 第3节-第4节 仙Ⅱ-413,2.0,大学外语部,否,理论类课程,周三,2019-2020-2,,2019200020022B292960,2019*理科试验班（地球科学与资源环境类）*地球科学与资源环境类,0,仙林校区,2019-2020学年 第2学期,92960,仙Ⅱ-413,0.0,否,,1,32,02,0,0,翻译基础与实践,12,第3节-第4节,仙II区,00020022B2
32.0,400330,翻译基础与实践(20192-00020022B2-8),2019200020022B292961,英语课,3,,33,1-17周,0,乔丽婷,1-17周 周三 第5节-第6节 仙Ⅱ-413,2.0,大学外语部,否,理论类课程,周三,2019-2020-2,,2019200020022B292961,,0,仙林校区,2019-2020学年 第2学期,92961,仙Ⅱ-413,0.0,否,,1,32,02,0,0,翻译基础与实践,12,第5节-第6节,仙II区,00020022B2
32.0,400330,翻译基础与实践(20192-00020022B2-9),2019200020022B292962,英语课,3,,35,1-17周,0,李长生,1-17周 周四 第1节-第2节 仙Ⅱ-413,2.0,大学外语部,否,理论类课程,周四,2019-2020-2,,2019200020022B292962,2019*理科试验班（化学与生命科学类）*化学与生命科学类,0,仙林校区,2019-2020学年 第2学期,92962,仙Ⅱ-413,0.0,否,,1,32,02,0,0,翻译基础与实践,12,第1节-第2节,仙II区,00020022B2
32.0,400330,翻译基础与实践(20192-00020022B2-10),2019200020022B292963,英语课,3,,34,1-17周,0,倪辉莉,1-17周 周四 第1节-第2节 仙Ⅱ-410,2.0,大学外语部,否,理论类课程,周四,2019-2020-2,,2019200020022B292963,2019*理科试验班（化学与生命科学类）*化学与生命科学类,0,仙林校区,2019-2020学年 第2学期,92963,仙Ⅱ-410,0.0,否,,1,32,02,0,0,翻译基础与实践,12,第1节-第2节,仙II区,00020022B2
32.0,400330,翻译基础与实践(20192-00020022B2-11),2019200020022B292964,英语课,3,,35,1-17周,0,路璐,1-17周 周三 第3节-第4节 仙Ⅱ-411,2.0,大学外语部,否,理论类课程,周三,2019-2020-2,,2019200020022B292964,,0,仙林校区,2019-2020学年 第2学期,92964,仙Ⅱ-411,0.0,否,,1,32,02,0,0,翻译基础与实践,12,第3节-第4节,仙II区,00020022B2
32.0,400330,翻译基础与实践(20192-00020022B2-12),2019200020022B292965,英语课,3,,35,1-17周,0,路璐,1-17周 周四 第5节-第6节 仙Ⅱ-411,2.0,大学外语部,否,理论类课程,周四,2019-2020-2,,2019200020022B292965,,0,仙林校区,2019-2020学年 第2学期,92965,仙Ⅱ-411,0.0,否,,1,32,02,0,0,翻译基础与实践,12,第5节-第6节,仙II区,00020022B2
32.0,400330,翻译基础与实践(20192-00020022B2-13),2019200020022B292966,英语课,3,,37,1-17周,0,乔丽婷,1-17周 周五 第1节-第2节 仙Ⅱ-413,2.0,大学外语部,否,理论类课程,周五,2019-2020-2,,2019200020022B292966,"2019计算机学院计算机科学与技术,2019人工智能学院人工智能,2019工程管理学院金融工程（计算机与金融工程方向）",0,仙林校区,2019-2020学年 第2学期,92966,仙Ⅱ-413,0.0,否,,1,32,02,0,0,翻译基础与实践,12,第1节-第2节,仙II区,00020022B2
32.0,400330,翻译基础与实践(20192-00020022B2-14),2019200020022B292967,英语课,3,,35,1-17周,0,乔丽婷,1-17周 周五 第3节-第4节 仙Ⅱ-413,2.0,大学外语部,否,理论类课程,周五,2019-2020-2,,2019200020022B292967,2019*社会科学试验班*社会科学试验班,0,仙林校区,2019-2020学年 第2学期,92967,仙Ⅱ-413,0.0,否,,1,32,02,0,0,翻译基础与实践,12,第3节-第4节,仙II区,00020022B2
32.0,400330,批判性阅读：美国社会与文化(20192-00020022B3-1),2019200020022B392969,英语课,3,,39,1-17周,0,张洁,1-17周 周五 第1节-第2节 ,2.0,大学外语部,否,理论类课程,周五,2019-2020-2,,2019200020022B392969,2019工程管理学院金融工程（计算机与金融工程方向）,0,仙林校区,2019-2020学年 第2学期,92969,仙1-420,0.0,否,,1,32,02,0,0,批判性阅读：美国社会与文化,,第1节-第2节,,00020022B3
32.0,400330,批判性阅读：美国社会与文化(20192-00020022B3-2),2019200020022B392970,英语课,3,,36,1-17周,0,张沂昀,1-17周 周二 第1节-第2节 ,2.0,大学外语部,否,理论类课程,周二,2019-2020-2,,2019200020022B392970,2019*理科试验班（数理科学类）*数理科学类,0,仙林校区,2019-2020学年 第2学期,92970,仙1-420,0.0,否,,1,32,02,0,0,批判性阅读：美国社会与文化,,第1节-第2节,,00020022B3
32.0,400330,批判性阅读：美国社会与文化(20192-00020022B3-3),2019200020022B392971,英语课,3,,36,1-17周,0,张沂昀,1-17周 周二 第3节-第4节 ,2.0,大学外语部,否,理论类课程,周二,2019-2020-2,,2019200020022B392971,2019*经济管理试验班*经济管理试验班,0,仙林校区,2019-2020学年 第2学期,92971,仙1-420,0.0,否,,1,32,02,0,0,批判性阅读：美国社会与文化,,第3节-第4节,,00020022B3
32.0,400330,批判性阅读：美国社会与文化(20192-00020022B3-4),2019200020022B392972,英语课,3,,36,1-17周,0,王晓红,1-17周 周二 第5节-第6节 仙Ⅱ-401,2.0,大学外语部,否,理论类课程,周二,2019-2020-2,,2019200020022B392972,2019*工科试验班*工科试验班,0,仙林校区,2019-2020学年 第2学期,92972,仙Ⅱ-401,0.0,否,,1,32,02,0,0,批判性阅读：美国社会与文化,12,第5节-第6节,仙II区,00020022B3
32.0,400330,批判性阅读：美国社会与文化(20192-00020022B3-5),2019200020022B392973,英语课,3,,35,1-17周,0,王晓红,1-17周 周四 第1节-第2节 仙Ⅱ-412,2.0,大学外语部,否,理论类课程,周四,2019-2020-2,,2019200020022B392973,2019*理科试验班（化学与生命科学类）*化学与生命科学类,0,仙林校区,2019-2020学年 第2学期,92973,仙Ⅱ-412,0.0,否,,1,32,02,0,0,批判性阅读：美国社会与文化,12,第1节-第2节,仙II区,00020022B3
32.0,400330,批判性阅读：美国社会与文化(20192-00020022B3-6),2019200020022B392974,英语课,3,,14,1-17周,0,张洁,1-17周 周四 第1节-第2节 ,2.0,大学外语部,否,理论类课程,周四,2019-2020-2,,2019200020022B392974,2019*理科试验班（化学与生命科学类）*化学与生命科学类,0,仙林校区,2019-2020学年 第2学期,92974,仙1-420,0.0,否,,1,32,02,0,0,批判性阅读：美国社会与文化,,第1节-第2节,,00020022B3
32.0,400330,批判性阅读：美国社会与文化(20192-00020022B3-7),2019200020022B392975,英语课,3,,25,1-17周,0,张洁,1-17周 周四 第3节-第4节 ,2.0,大学外语部,否,理论类课程,周四,2019-2020-2,,2019200020022B392975,,0,仙林校区,2019-2020学年 第2学期,92975,仙1-420,0.0,否,,1,32,02,0,0,批判性阅读：美国社会与文化,,第3节-第4节,,00020022B3
32.0,400330,批判性阅读：美国社会与文化(20192-00020022B3-8),2019200020022B392976,英语课,3,,35,1-17周,0,王晓红,1-17周 周四 第3节-第4节 仙Ⅱ-412,2.0,大学外语部,否,理论类课程,周四,2019-2020-2,,2019200020022B392976,,0,仙林校区,2019-2020学年 第2学期,92976,仙Ⅱ-412,0.0,否,,1,32,02,0,0,批判性阅读：美国社会与文化,12,第3节-第4节,仙II区,00020022B3
32.0,400330,批判性阅读：美国社会与文化(20192-00020022B3-9),2019200020022B392977,英语课,3,,35,1-17周,0,王晓红,1-17周 周四 第5节-第6节 仙Ⅱ-412,2.0,大学外语部,否,理论类课程,周四,2019-2020-2,,2019200020022B392977,,0,仙林校区,2019-2020学年 第2学期,92977,仙Ⅱ-412,0.0,否,,1,32,02,0,0,批判性阅读：美国社会与文化,12,第5节-第6节,仙II区,00020022B3
32.0,400330,批判性阅读：美国社会与文化(20192-00020022B3-10),2019200020022B392978,英语课,3,,14,1-17周,0,张洁,1-17周 周四 第5节-第6节 ,2.0,大学外语部,否,理论类课程,周四,2019-2020-2,,2019200020022B392978,,0,仙林校区,2019-2020学年 第2学期,92978,仙1-420,0.0,否,,1,32,02,0,0,批判性阅读：美国社会与文化,,第5节-第6节,,00020022B3
32.0,400330,批判性阅读：美国社会与文化(20192-00020022B3-11),2019200020022B392979,英语课,3,,36,1-17周,0,张沂昀,1-17周 周五 第1节-第2节 ,2.0,大学外语部,否,理论类课程,周五,2019-2020-2,,2019200020022B392979,"2019计算机学院计算机科学与技术,2019人工智能学院人工智能,2019工程管理学院金融工程（计算机与金融工程方向）",0,仙林校区,2019-2020学年 第2学期,92979,仙1-419,0.0,否,,1,32,02,0,0,批判性阅读：美国社会与文化,,第1节-第2节,,00020022B3
32.0,400330,批判性阅读：美国社会与文化(20192-00020022B3-12),2019200020022B392980,英语课,3,,35,1-17周,0,张沂昀,1-17周 周五 第3节-第4节 ,2.0,大学外语部,否,理论类课程,周五,2019-2020-2,,2019200020022B392980,2019*社会科学试验班*社会科学试验班,0,仙林校区,2019-2020学年 第2学期,92980,仙1-419,0.0,否,,1,32,02,0,0,批判性阅读：美国社会与文化,,第3节-第4节,,00020022B3
32.0,400330,批判性阅读：美国社会与文化(20192-00020022B3-13),2019200020022B392981,英语课,3,,14,1-17周,0,张洁,1-17周 周五 第3节-第4节 ,2.0,大学外语部,否,理论类课程,周五,2019-2020-2,,2019200020022B392981,2019*社会科学试验班*社会科学试验班,0,仙林校区,2019-2020学年 第2学期,92981,仙1-420,0.0,否,,1,32,02,0,0,批判性阅读：美国社会与文化,,第3节-第4节,,00020022B3
32.0,400330,英语文学精品赏析(20192-00020022B4-1),2019200020022B492984,英语课,3,,35,1-17周,0,邵崇忠,1-17周 周二 第1节-第2节 仙Ⅱ-410,2.0,大学外语部,否,理论类课程,周二,2019-2020-2,,2019200020022B492984,2019*理科试验班（数理科学类）*数理科学类,0,仙林校区,2019-2020学年 第2学期,92984,仙Ⅱ-410,0.0,否,,1,32,02,0,0,英语文学精品赏析,12,第1节-第2节,仙II区,00020022B4
32.0,400330,英语文学精品赏析(20192-00020022B4-2),2019200020022B492985,英语课,3,,35,1-17周,0,邵崇忠,1-17周 周二 第3节-第4节 仙Ⅱ-410,2.0,大学外语部,否,理论类课程,周二,2019-2020-2,,2019200020022B492985,2019*经济管理试验班*经济管理试验班,0,仙林校区,2019-2020学年 第2学期,92985,仙Ⅱ-410,0.0,否,,1,32,02,0,0,英语文学精品赏析,12,第3节-第4节,仙II区,00020022B4
32.0,400330,英语文学精品赏析(20192-00020022B4-3),2019200020022B492986,英语课,3,,34,1-17周,0,邵崇忠,1-17周 周二 第5节-第6节 仙Ⅱ-410,2.0,大学外语部,否,理论类课程,周二,2019-2020-2,,2019200020022B492986,2019*工科试验班*工科试验班,0,仙林校区,2019-2020学年 第2学期,92986,仙Ⅱ-410,0.0,否,,1,32,02,0,0,英语文学精品赏析,12,第5节-第6节,仙II区,00020022B4
32.0,400330,英语文学精品赏析(20192-00020022B4-4),2019200020022B492987,英语课,3,,0,1-17周,0,郑从容,1-17周 周三 第1节-第2节 仙Ⅱ-412,2.0,大学外语部,否,理论类课程,周三,2019-2020-2,,2019200020022B492987,"2019文学院戏剧影视文学,2019*人文科学试验班*人文艺术传播类",0,仙林校区,2019-2020学年 第2学期,92987,仙Ⅱ-412,0.0,否,,1,32,02,0,0,英语文学精品赏析,12,第1节-第2节,仙II区,00020022B4
32.0,400330,英语文学精品赏析(20192-00020022B4-5),2019200020022B492988,英语课,3,,14,1-17周,0,郑从容,1-17周 周三 第3节-第4节 仙Ⅱ-412,2.0,大学外语部,否,理论类课程,周三,2019-2020-2,,2019200020022B492988,2019*理科试验班（地球科学与资源环境类）*地球科学与资源环境类,0,仙林校区,2019-2020学年 第2学期,92988,仙Ⅱ-412,0.0,否,,1,32,02,0,0,英语文学精品赏析,12,第3节-第4节,仙II区,00020022B4
32.0,400330,英语文学精品赏析(20192-00020022B4-6),2019200020022B492989,英语课,3,,23,1-17周,0,郑从容,1-17周 周五 第1节-第2节 仙Ⅱ-412,2.0,大学外语部,否,理论类课程,周五,2019-2020-2,,2019200020022B492989,"2019计算机学院计算机科学与技术,2019人工智能学院人工智能,2019工程管理学院金融工程（计算机与金融工程方向）",0,仙林校区,2019-2020学年 第2学期,92989,仙Ⅱ-412,0.0,否,,1,32,02,0,0,英语文学精品赏析,12,第1节-第2节,仙II区,00020022B4
32.0,400330,英语文学精品赏析(20192-00020022B4-7),2019200020022B492990,英语课,3,,38,1-17周,0,邵崇忠,1-17周 周五 第1节-第2节 仙Ⅱ-410,2.0,大学外语部,否,理论类课程,周五,2019-2020-2,,2019200020022B492990,"2019计算机学院计算机科学与技术,2019工程管理学院金融工程（计算机与金融工程方向）",0,仙林校区,2019-2020学年 第2学期,92990,仙Ⅱ-410,0.0,否,,1,32,02,0,0,英语文学精品赏析,12,第1节-第2节,仙II区,00020022B4
32.0,400330,英语文学精品赏析(20192-00020022B4-8),2019200020022B492991,英语课,3,,35,1-17周,0,邵崇忠,1-17周 周五 第3节-第4节 仙Ⅱ-410,2.0,大学外语部,否,理论类课程,周五,2019-2020-2,,2019200020022B492991,2019*社会科学试验班*社会科学试验班,0,仙林校区,2019-2020学年 第2学期,92991,仙Ⅱ-410,0.0,否,,1,32,02,0,0,英语文学精品赏析,12,第3节-第4节,仙II区,00020022B4
32.0,400330,英语文学精品赏析(20192-00020022B4-9),2019200020022B492992,英语课,3,,8,1-17周,0,郑从容,1-17周 周五 第3节-第4节 仙Ⅱ-412,2.0,大学外语部,否,理论类课程,周五,2019-2020-2,,2019200020022B492992,2019*社会科学试验班*社会科学试验班,0,仙林校区,2019-2020学年 第2学期,92992,仙Ⅱ-412,0.0,否,,1,32,02,0,0,英语文学精品赏析,12,第3节-第4节,仙II区,00020022B4
32.0,400330,学术性阅读：语言与思维(20192-00020022B5-1),2019200020022B592994,英语课,3,,35,1-17周,0,张丽萍,1-17周 周二 第1节-第2节 仙Ⅱ-415,2.0,大学外语部,否,理论类课程,周二,2019-2020-2,,2019200020022B592994,2019*理科试验班（数理科学类）*数理科学类,0,仙林校区,2019-2020学年 第2学期,92994,仙Ⅱ-415,0.0,否,,1,32,02,0,0,学术性阅读：语言与思维,12,第1节-第2节,仙II区,00020022B5
32.0,400330,学术性阅读：语言与思维(20192-00020022B5-2),2019200020022B592995,英语课,3,,35,1-17周,0,张丽萍,1-17周 周二 第3节-第4节 仙Ⅱ-415,2.0,大学外语部,否,理论类课程,周二,2019-2020-2,,2019200020022B592995,2019*经济管理试验班*经济管理试验班,0,仙林校区,2019-2020学年 第2学期,92995,仙Ⅱ-415,0.0,否,,1,32,02,0,0,学术性阅读：语言与思维,12,第3节-第4节,仙II区,00020022B5
32.0,400330,学术性阅读：语言与思维(20192-00020022B5-3),2019200020022B592996,英语课,3,,35,1-17周,0,张丽萍,1-17周 周二 第5节-第6节 仙Ⅱ-415,2.0,大学外语部,否,理论类课程,周二,2019-2020-2,,2019200020022B592996,2019*工科试验班*工科试验班,0,仙林校区,2019-2020学年 第2学期,92996,仙Ⅱ-415,0.0,否,,1,32,02,0,0,学术性阅读：语言与思维,12,第5节-第6节,仙II区,00020022B5
32.0,400330,学术性阅读：语言与思维(20192-00020022B5-4),2019200020022B592997,英语课,3,,35,1-17周,0,刘骎,1-17周 周三 第1节-第2节 ,2.0,大学外语部,否,理论类课程,周三,2019-2020-2,,2019200020022B592997,"2019文学院戏剧影视文学,2019*人文科学试验班*人文艺术传播类",0,仙林校区,2019-2020学年 第2学期,92997,仙1-420,0.0,否,,1,32,02,0,0,学术性阅读：语言与思维,,第1节-第2节,,00020022B5
32.0,400330,学术性阅读：语言与思维(20192-00020022B5-5),2019200020022B592998,英语课,3,,36,1-17周,0,左瀚,1-17周 周三 第1节-第2节 仙Ⅱ-414,2.0,大学外语部,否,理论类课程,周三,2019-2020-2,,2019200020022B592998,"2019文学院戏剧影视文学,2019*人文科学试验班*人文艺术传播类",0,仙林校区,2019-2020学年 第2学期,92998,仙Ⅱ-414,0.0,否,,1,32,02,0,0,学术性阅读：语言与思维,12,第1节-第2节,仙II区,00020022B5
32.0,400330,学术性阅读：语言与思维(20192-00020022B5-7),2019200020022B593000,英语课,3,,35,1-17周,0,左瀚,1-17周 周三 第3节-第4节 仙Ⅱ-414,2.0,大学外语部,否,理论类课程,周三,2019-2020-2,,2019200020022B593000,,0,仙林校区,2019-2020学年 第2学期,93000,仙Ⅱ-414,0.0,否,,1,32,02,0,0,学术性阅读：语言与思维,12,第3节-第4节,仙II区,00020022B5
32.0,400330,学术性阅读：语言与思维(20192-00020022B5-8),2019200020022B593001,英语课,3,,35,1-17周,0,张丽萍,1-17周 周四 第1节-第2节 仙Ⅱ-415,2.0,大学外语部,否,理论类课程,周四,2019-2020-2,,2019200020022B593001,2019*理科试验班（化学与生命科学类）*化学与生命科学类,0,仙林校区,2019-2020学年 第2学期,93001,仙Ⅱ-415,0.0,否,,1,32,02,0,0,学术性阅读：语言与思维,12,第1节-第2节,仙II区,00020022B5
32.0,400330,学术性阅读：语言与思维(20192-00020022B5-9),2019200020022B593002,英语课,3,,18,1-17周,0,顾露雯,1-17周 周三 第3节-第4节 仙Ⅱ-416,2.0,大学外语部,否,理论类课程,周三,2019-2020-2,,2019200020022B593002,2019*理科试验班（地球科学与资源环境类）*地球科学与资源环境类,0,仙林校区,2019-2020学年 第2学期,93002,仙Ⅱ-416,0.0,否,,1,32,02,0,0,学术性阅读：语言与思维,12,第3节-第4节,仙II区,00020022B5
32.0,400330,学术性阅读：语言与思维(20192-00020022B5-10),2019200020022B593003,英语课,3,,14,1-17周,0,刘骎,1-17周 周三 第5节-第6节 ,2.0,大学外语部,否,理论类课程,周三,2019-2020-2,,2019200020022B593003,,0,仙林校区,2019-2020学年 第2学期,93003,仙1-420,0.0,否,,1,32,02,0,0,学术性阅读：语言与思维,,第5节-第6节,,00020022B5
32.0,400330,学术性阅读：语言与思维(20192-00020022B5-11),2019200020022B593004,英语课,3,,37,1-17周,0,左瀚,1-17周 周五 第1节-第2节 仙Ⅱ-414,2.0,大学外语部,否,理论类课程,周五,2019-2020-2,,2019200020022B593004,"2019计算机学院计算机科学与技术,2019人工智能学院人工智能,2019工程管理学院金融工程（计算机与金融工程方向）",0,仙林校区,2019-2020学年 第2学期,93004,仙Ⅱ-414,0.0,否,,1,32,02,0,0,学术性阅读：语言与思维,12,第1节-第2节,仙II区,00020022B5
32.0,400330,学术性阅读：语言与思维(20192-00020022B5-12),2019200020022B593005,英语课,3,,33,1-17周,0,顾露雯,1-17周 周二 第1节-第2节 仙Ⅱ-416,2.0,大学外语部,否,理论类课程,周二,2019-2020-2,,2019200020022B593005,2019*理科试验班（数理科学类）*数理科学类,0,仙林校区,2019-2020学年 第2学期,93005,仙Ⅱ-416,0.0,否,,1,32,02,0,0,学术性阅读：语言与思维,12,第1节-第2节,仙II区,00020022B5
32.0,400330,学术性阅读：语言与思维(20192-00020022B5-13),2019200020022B593006,英语课,3,,20,1-17周,0,顾露雯,1-17周 周二 第3节-第4节 仙Ⅱ-416,2.0,大学外语部,否,理论类课程,周二,2019-2020-2,,2019200020022B593006,2019*经济管理试验班*经济管理试验班,0,仙林校区,2019-2020学年 第2学期,93006,仙Ⅱ-416,0.0,否,,1,32,02,0,0,学术性阅读：语言与思维,12,第3节-第4节,仙II区,00020022B5
32.0,400330,学术性阅读：语言与思维(20192-00020022B5-14),2019200020022B593007,英语课,3,,34,1-17周,0,左瀚,1-17周 周五 第3节-第4节 仙Ⅱ-414,2.0,大学外语部,否,理论类课程,周五,2019-2020-2,,2019200020022B593007,2019*社会科学试验班*社会科学试验班,0,仙林校区,2019-2020学年 第2学期,93007,仙Ⅱ-414,0.0,否,,1,32,02,0,0,学术性阅读：语言与思维,12,第3节-第4节,仙II区,00020022B5
32.0,400330,学术性阅读：语言与思维(20192-00020022B5-15),2019200020022B593008,英语课,3,,35,1-17周,0,张丽萍,1-17周 周四 第3节-第4节 仙Ⅱ-415,2.0,大学外语部,否,理论类课程,周四,2019-2020-2,,2019200020022B593008,,0,仙林校区,2019-2020学年 第2学期,93008,仙Ⅱ-415,0.0,否,,1,32,02,0,0,学术性阅读：语言与思维,12,第3节-第4节,仙II区,00020022B5
32.0,400330,学术性阅读：语言与思维(20192-00020022B5-16),2019200020022B593827,英语课,3,,20,1-17周,0,顾露雯,1-17周 周三 第1节-第2节 仙Ⅱ-416,2.0,大学外语部,否,理论类课程,周三,2019-2020-2,,2019200020022B593827,2019*人文科学试验班*人文艺术传播类,0,仙林校区,2019-2020学年 第2学期,93827,仙Ⅱ-416,0.0,否,,1,32,02,0,0,学术性阅读：语言与思维,12,第1节-第2节,仙II区,00020022B5
32.0,400330,学术英语写作(20192-00020022B6-1),2019200020022B693009,英语课,3,,30,1-17周,0,吴凌云,1-17周 周二 第1节-第2节 仙Ⅱ-401,2.0,大学外语部,否,理论类课程,周二,2019-2020-2,,2019200020022B693009,2019*理科试验班（数理科学类）*数理科学类,0,仙林校区,2019-2020学年 第2学期,93009,仙Ⅱ-401,0.0,否,,1,32,02,0,0,学术英语写作,12,第1节-第2节,仙II区,00020022B6
32.0,400330,学术英语写作(20192-00020022B6-2),2019200020022B693010,英语课,3,,16,1-17周,0,吴凌云,1-17周 周二 第3节-第4节 仙Ⅱ-401,2.0,大学外语部,否,理论类课程,周二,2019-2020-2,,2019200020022B693010,2019*经济管理试验班*经济管理试验班,0,仙林校区,2019-2020学年 第2学期,93010,仙Ⅱ-401,0.0,否,,1,32,02,0,0,学术英语写作,12,第3节-第4节,仙II区,00020022B6
32.0,400330,大学英语读写（第三层次）（二）(20192-00020023B-1),2019200020023B92001,英语课,3,,38,1-17周,0,徐娟,1-17周 周二 第1节-第2节 仙Ⅱ-414,2.0,大学外语部,否,理论类课程,周二,2019-2020-2,,2019200020023B92001,2019*理科试验班（数理科学类）*数理科学类,0,仙林校区,2019-2020学年 第2学期,92001,仙Ⅱ-414,0.0,否,,1,32,02,0,0,大学英语读写（第三层次）（二）,12,第1节-第2节,仙II区,00020023B
32.0,400330,大学英语读写（第三层次）（二）(20192-00020023B-2),2019200020023B92002,英语课,3,,32,1-17周,0,陆晓,1-17周 周二 第1节-第2节 仙Ⅱ-419,2.0,大学外语部,否,理论类课程,周二,2019-2020-2,,2019200020023B92002,2019*理科试验班（数理科学类）*数理科学类,0,仙林校区,2019-2020学年 第2学期,92002,仙Ⅱ-419,0.0,否,,1,32,02,0,0,大学英语读写（第三层次）（二）,12,第1节-第2节,仙II区,00020023B
32.0,400330,大学英语读写（第三层次）（二）(20192-00020023B-3),2019200020023B92003,英语课,3,,35,1-17周,0,吴淑云,1-17周 周二 第1节-第2节 仙Ⅱ-417,2.0,大学外语部,否,理论类课程,周二,2019-2020-2,,2019200020023B92003,2019*理科试验班（数理科学类）*数理科学类,0,仙林校区,2019-2020学年 第2学期,92003,仙Ⅱ-417,0.0,否,,1,32,02,0,0,大学英语读写（第三层次）（二）,12,第1节-第2节,仙II区,00020023B
32.0,400330,大学英语读写（第三层次）（二）(20192-00020023B-4),2019200020023B92004,英语课,3,,36,1-17周,0,孙爱娣,1-17周 周二 第1节-第2节 仙Ⅱ-418,2.0,大学外语部,否,理论类课程,周二,2019-2020-2,,2019200020023B92004,2019*理科试验班（数理科学类）*数理科学类,0,仙林校区,2019-2020学年 第2学期,92004,仙Ⅱ-418,0.0,否,,1,32,02,0,0,大学英语读写（第三层次）（二）,12,第1节-第2节,仙II区,00020023B
32.0,400330,大学英语读写（第三层次）（二）(20192-00020023B-5),2019200020023B92005,英语课,3,,22,1-17周,0,陆晓,1-17周 周二 第3节-第4节 仙Ⅱ-419,2.0,大学外语部,否,理论类课程,周二,2019-2020-2,,2019200020023B92005,2019*经济管理试验班*经济管理试验班,0,仙林校区,2019-2020学年 第2学期,92005,仙Ⅱ-419,0.0,否,,1,32,02,0,0,大学英语读写（第三层次）（二）,12,第3节-第4节,仙II区,00020023B
32.0,400330,大学英语读写（第三层次）（二）(20192-00020023B-6),2019200020023B92006,英语课,3,,35,1-17周,0,吴淑云,1-17周 周二 第3节-第4节 仙Ⅱ-417,2.0,大学外语部,否,理论类课程,周二,2019-2020-2,,2019200020023B92006,2019*经济管理试验班*经济管理试验班,0,仙林校区,2019-2020学年 第2学期,92006,仙Ⅱ-417,0.0,否,,1,32,02,0,0,大学英语读写（第三层次）（二）,12,第3节-第4节,仙II区,00020023B
32.0,400330,大学英语读写（第三层次）（二）(20192-00020023B-7),2019200020023B92007,英语课,3,,16,1-17周,0,孙爱娣,1-17周 周二 第3节-第4节 仙Ⅱ-418,2.0,大学外语部,否,理论类课程,周二,2019-2020-2,,2019200020023B92007,2019*经济管理试验班*经济管理试验班,0,仙林校区,2019-2020学年 第2学期,92007,仙Ⅱ-418,0.0,否,,1,32,02,0,0,大学英语读写（第三层次）（二）,12,第3节-第4节,仙II区,00020023B
32.0,400330,大学英语读写（第三层次）（二）(20192-00020023B-8),2019200020023B92008,英语课,3,,36,1-17周,0,吴淑云,1-17周 周二 第5节-第6节 仙Ⅱ-417,2.0,大学外语部,否,理论类课程,周二,2019-2020-2,,2019200020023B92008,2019*工科试验班*工科试验班,0,仙林校区,2019-2020学年 第2学期,92008,仙Ⅱ-417,0.0,否,,1,32,02,0,0,大学英语读写（第三层次）（二）,12,第5节-第6节,仙II区,00020023B
32.0,400330,大学英语读写（第三层次）（二）(20192-00020023B-9),2019200020023B92009,英语课,3,,28,1-17周,0,顾永兴,1-17周 周二 第5节-第6节 仙Ⅱ-411,2.0,大学外语部,否,理论类课程,周二,2019-2020-2,,2019200020023B92009,2019*工科试验班*工科试验班,0,仙林校区,2019-2020学年 第2学期,92009,仙Ⅱ-411,0.0,否,,1,32,02,0,0,大学英语读写（第三层次）（二）,12,第5节-第6节,仙II区,00020023B
32.0,400330,大学英语读写（第三层次）（二）(20192-00020023B-10),2019200020023B92010,英语课,3,,35,1-17周,0,周莹,1-17周 周二 第5节-第6节 仙Ⅱ-412,2.0,大学外语部,否,理论类课程,周二,2019-2020-2,,2019200020023B92010,2019*工科试验班*工科试验班,0,仙林校区,2019-2020学年 第2学期,92010,仙Ⅱ-412,0.0,否,,1,32,02,0,0,大学英语读写（第三层次）（二）,12,第5节-第6节,仙II区,00020023B
32.0,400330,大学英语读写（第三层次）（二）(20192-00020023B-11),2019200020023B92011,英语课,3,,36,1-17周,0,吴淑云,1-17周 周三 第1节-第2节 仙Ⅱ-417,2.0,大学外语部,否,理论类课程,周三,2019-2020-2,,2019200020023B92011,"2019文学院戏剧影视文学,2019*人文科学试验班*人文艺术传播类",0,仙林校区,2019-2020学年 第2学期,92011,仙Ⅱ-417,0.0,否,,1,32,02,0,0,大学英语读写（第三层次）（二）,12,第1节-第2节,仙II区,00020023B
32.0,400330,大学英语读写（第三层次）（二）(20192-00020023B-12),2019200020023B92012,英语课,3,,35,1-17周,0,张晓红,1-17周 周三 第1节-第2节 仙Ⅱ-418,2.0,大学外语部,否,理论类课程,周三,2019-2020-2,,2019200020023B92012,"2019文学院戏剧影视文学,2019*人文科学试验班*人文艺术传播类",0,仙林校区,2019-2020学年 第2学期,92012,仙Ⅱ-418,0.0,否,,1,32,02,0,0,大学英语读写（第三层次）（二）,12,第1节-第2节,仙II区,00020023B
32.0,400330,大学英语读写（第三层次）（二）(20192-00020023B-13),2019200020023B92013,英语课,3,,35,1-17周,0,傅俭,1-17周 周三 第1节-第2节 仙Ⅱ-415,2.0,大学外语部,否,理论类课程,周三,2019-2020-2,,2019200020023B92013,"2019文学院戏剧影视文学,2019*人文科学试验班*人文艺术传播类",0,仙林校区,2019-2020学年 第2学期,92013,仙Ⅱ-415,0.0,否,,1,32,02,0,0,大学英语读写（第三层次）（二）,12,第1节-第2节,仙II区,00020023B
32.0,400330,大学英语读写（第三层次）（二）(20192-00020023B-14),2019200020023B92014,英语课,3,,34,1-17周,0,张晓红,1-17周 周三 第3节-第4节 仙Ⅱ-418,2.0,大学外语部,否,理论类课程,周三,2019-2020-2,,2019200020023B92014,,0,仙林校区,2019-2020学年 第2学期,92014,仙Ⅱ-418,0.0,否,,1,32,02,0,0,大学英语读写（第三层次）（二）,12,第3节-第4节,仙II区,00020023B
32.0,400330,大学英语读写（第三层次）（二）(20192-00020023B-15),2019200020023B92015,英语课,3,,36,1-17周,0,吴淑云,1-17周 周三 第3节-第4节 仙Ⅱ-417,2.0,大学外语部,否,理论类课程,周三,2019-2020-2,,2019200020023B92015,2019*理科试验班（地球科学与资源环境类）*地球科学与资源环境类,0,仙林校区,2019-2020学年 第2学期,92015,仙Ⅱ-417,0.0,否,,1,32,02,0,0,大学英语读写（第三层次）（二）,12,第3节-第4节,仙II区,00020023B
32.0,400330,大学英语读写（第三层次）（二）(20192-00020023B-16),2019200020023B92016,英语课,3,,35,1-17周,0,傅俭,1-17周 周三 第3节-第4节 仙Ⅱ-415,2.0,大学外语部,否,理论类课程,周三,2019-2020-2,,2019200020023B92016,2019*理科试验班（地球科学与资源环境类）*地球科学与资源环境类,0,仙林校区,2019-2020学年 第2学期,92016,仙Ⅱ-415,0.0,否,,1,32,02,0,0,大学英语读写（第三层次）（二）,12,第3节-第4节,仙II区,00020023B
32.0,400330,大学英语读写（第三层次）（二）(20192-00020023B-17),2019200020023B92017,英语课,3,,34,1-17周,0,傅俭,1-17周 周三 第5节-第6节 仙Ⅱ-415,2.0,大学外语部,否,理论类课程,周三,2019-2020-2,,2019200020023B92017,,0,仙林校区,2019-2020学年 第2学期,92017,仙Ⅱ-415,0.0,否,,1,32,02,0,0,大学英语读写（第三层次）（二）,12,第5节-第6节,仙II区,00020023B
32.0,400330,大学英语读写（第三层次）（二）(20192-00020023B-18),2019200020023B92018,英语课,3,,33,1-17周,0,徐娟,1-17周 周四 第1节-第2节 仙Ⅱ-411,2.0,大学外语部,否,理论类课程,周四,2019-2020-2,,2019200020023B92018,2019*理科试验班（化学与生命科学类）*化学与生命科学类,0,仙林校区,2019-2020学年 第2学期,92018,仙Ⅱ-411,0.0,否,,1,32,02,0,0,大学英语读写（第三层次）（二）,12,第1节-第2节,仙II区,00020023B
32.0,400330,大学英语读写（第三层次）（二）(20192-00020023B-19),2019200020023B92019,英语课,3,,18,1-17周,0,孙爱娣,1-17周 周四 第1节-第2节 仙Ⅱ-418,2.0,大学外语部,否,理论类课程,周四,2019-2020-2,,2019200020023B92019,2019*理科试验班（化学与生命科学类）*化学与生命科学类,0,仙林校区,2019-2020学年 第2学期,92019,仙Ⅱ-418,0.0,否,,1,32,02,0,0,大学英语读写（第三层次）（二）,12,第1节-第2节,仙II区,00020023B
32.0,400330,大学英语读写（第三层次）（二）(20192-00020023B-20),2019200020023B92020,英语课,3,,35,1-17周,0,周莹,1-17周 周四 第1节-第2节 仙Ⅱ-414,2.0,大学外语部,否,理论类课程,周四,2019-2020-2,,2019200020023B92020,2019*理科试验班（化学与生命科学类）*化学与生命科学类,0,仙林校区,2019-2020学年 第2学期,92020,仙Ⅱ-414,0.0,否,,1,32,02,0,0,大学英语读写（第三层次）（二）,12,第1节-第2节,仙II区,00020023B
32.0,400330,大学英语读写（第三层次）（二）(20192-00020023B-21),2019200020023B92021,英语课,3,,21,1-17周,0,孙爱娣,1-17周 周四 第3节-第4节 仙Ⅱ-418,2.0,大学外语部,否,理论类课程,周四,2019-2020-2,,2019200020023B92021,,0,仙林校区,2019-2020学年 第2学期,92021,仙Ⅱ-418,0.0,否,,1,32,02,0,0,大学英语读写（第三层次）（二）,12,第3节-第4节,仙II区,00020023B
32.0,400330,大学英语读写（第三层次）（二）(20192-00020023B-22),2019200020023B92022,英语课,3,,35,1-17周,0,张晓红,1-17周 周四 第3节-第4节 仙Ⅱ-413,2.0,大学外语部,否,理论类课程,周四,2019-2020-2,,2019200020023B92022,,0,仙林校区,2019-2020学年 第2学期,92022,仙Ⅱ-413,0.0,否,,1,32,02,0,0,大学英语读写（第三层次）（二）,12,第3节-第4节,仙II区,00020023B
32.0,400330,大学英语读写（第三层次）（二）(20192-00020023B-23),2019200020023B92023,英语课,3,,34,1-17周,0,周莹,1-17周 周四 第3节-第4节 仙Ⅱ-414,2.0,大学外语部,否,理论类课程,周四,2019-2020-2,,2019200020023B92023,,0,仙林校区,2019-2020学年 第2学期,92023,仙Ⅱ-414,0.0,否,,1,32,02,0,0,大学英语读写（第三层次）（二）,12,第3节-第4节,仙II区,00020023B
32.0,400330,大学英语读写（第三层次）（二）(20192-00020023B-24),2019200020023B92024,英语课,3,,19,1-17周,0,顾永兴,1-17周 周四 第5节-第6节 仙Ⅱ-413,2.0,大学外语部,否,理论类课程,周四,2019-2020-2,,2019200020023B92024,,0,仙林校区,2019-2020学年 第2学期,92024,仙Ⅱ-413,0.0,否,,1,32,02,0,0,大学英语读写（第三层次）（二）,12,第5节-第6节,仙II区,00020023B
32.0,400330,大学英语读写（第三层次）（二）(20192-00020023B-25),2019200020023B92025,英语课,3,,36,1-17周,0,周莹,1-17周 周四 第5节-第6节 仙Ⅱ-414,2.0,大学外语部,否,理论类课程,周四,2019-2020-2,,2019200020023B92025,,0,仙林校区,2019-2020学年 第2学期,92025,仙Ⅱ-414,0.0,否,,1,32,02,0,0,大学英语读写（第三层次）（二）,12,第5节-第6节,仙II区,00020023B
32.0,400330,大学英语读写（第三层次）（二）(20192-00020023B-26),2019200020023B92026,英语课,3,,35,1-17周,0,张晓红,1-17周 周五 第1节-第2节 仙Ⅱ-418,2.0,大学外语部,否,理论类课程,周五,2019-2020-2,,2019200020023B92026,"2019计算机学院计算机科学与技术,2019人工智能学院人工智能,2019工程管理学院金融工程（计算机与金融工程方向）",0,仙林校区,2019-2020学年 第2学期,92026,仙Ⅱ-418,0.0,否,,1,32,02,0,0,大学英语读写（第三层次）（二）,12,第1节-第2节,仙II区,00020023B
32.0,400330,大学英语读写（第三层次）（二）(20192-00020023B-27),2019200020023B92027,英语课,3,,18,1-17周,0,顾永兴,1-17周 周五 第1节-第2节 仙Ⅱ-411,2.0,大学外语部,否,理论类课程,周五,2019-2020-2,,2019200020023B92027,"2019计算机学院计算机科学与技术,2019人工智能学院人工智能,2019工程管理学院金融工程（计算机与金融工程方向）",0,仙林校区,2019-2020学年 第2学期,92027,仙Ⅱ-411,0.0,否,,1,32,02,0,0,大学英语读写（第三层次）（二）,12,第1节-第2节,仙II区,00020023B
32.0,400330,大学英语读写（第三层次）（二）(20192-00020023B-28),2019200020023B92028,英语课,3,,11,1-17周,0,陆晓,1-17周 周五 第1节-第2节 仙Ⅱ-419,2.0,大学外语部,否,理论类课程,周五,2019-2020-2,,2019200020023B92028,"2019计算机学院计算机科学与技术,2019人工智能学院人工智能,2019工程管理学院金融工程（计算机与金融工程方向）",0,仙林校区,2019-2020学年 第2学期,92028,仙Ⅱ-419,0.0,否,,1,32,02,0,0,大学英语读写（第三层次）（二）,12,第1节-第2节,仙II区,00020023B
32.0,400330,大学英语读写（第三层次）（二）(20192-00020023B-29),2019200020023B92029,英语课,3,,35,1-17周,0,张晓红,1-17周 周五 第3节-第4节 仙Ⅱ-418,2.0,大学外语部,否,理论类课程,周五,2019-2020-2,,2019200020023B92029,2019*社会科学试验班*社会科学试验班,0,仙林校区,2019-2020学年 第2学期,92029,仙Ⅱ-418,0.0,否,,1,32,02,0,0,大学英语读写（第三层次）（二）,12,第3节-第4节,仙II区,00020023B
32.0,400330,大学英语读写（第三层次）（二）(20192-00020023B-30),2019200020023B92030,英语课,3,,13,1-17周,0,顾永兴,1-17周 周五 第3节-第4节 仙Ⅱ-411,2.0,大学外语部,否,理论类课程,周五,2019-2020-2,,2019200020023B92030,2019*社会科学试验班*社会科学试验班,0,仙林校区,2019-2020学年 第2学期,92030,仙Ⅱ-411,0.0,否,,1,32,02,0,0,大学英语读写（第三层次）（二）,12,第3节-第4节,仙II区,00020023B
32.0,400330,大学英语读写（第三层次）（二）(20192-00020023B-31),2019200020023B92031,英语课,3,,16,1-17周,0,陆晓,1-17周 周五 第3节-第4节 仙Ⅱ-419,2.0,大学外语部,否,理论类课程,周五,2019-2020-2,,2019200020023B92031,2019*社会科学试验班*社会科学试验班,0,仙林校区,2019-2020学年 第2学期,92031,仙Ⅱ-419,0.0,否,,1,32,02,0,0,大学英语读写（第三层次）（二）,12,第3节-第4节,仙II区,00020023B
32.0,400330,大学英语读写（第三层次）（二）(20192-00020023B-32),2019200020023B92032,英语课,3,,36,1-17周,0,傅俭,1-17周 周四 第5节-第6节 仙Ⅱ-401,2.0,大学外语部,否,理论类课程,周四,2019-2020-2,,2019200020023B92032,,0,仙林校区,2019-2020学年 第2学期,92032,仙Ⅱ-401,0.0,否,,1,32,02,0,0,大学英语读写（第三层次）（二）,12,第5节-第6节,仙II区,00020023B
32.0,400330,大学英语听说（第一层次）（二）(20192-00020031B-1),2019200020031B91869,英语课,3,,19,1-17周,0,马冬梅,1-17周 周一 第7节-第8节 仙Ⅰ-318,2.0,大学外语部,否,理论类课程,周一,2019-2020-2,,2019200020031B91869,,0,仙林校区,2019-2020学年 第2学期,91869,仙Ⅰ-318,0.0,否,,1,34,02,0,0,大学英语听说（第一层次）（二）,11,第7节-第8节,仙I区,00020031B
32.0,400330,大学英语听说（第一层次）（二）(20192-00020031B-2),2019200020031B91870,英语课,3,,30,1-17周,0,宋钧,1-17周 周一 第9节-第10节 仙Ⅰ-318,2.0,大学外语部,否,理论类课程,周一,2019-2020-2,,2019200020031B91870,,0,仙林校区,2019-2020学年 第2学期,91870,仙Ⅰ-318,0.0,否,,1,34,02,0,0,大学英语听说（第一层次）（二）,11,第9节-第10节,仙I区,00020031B
32.0,400330,大学英语听说（第一层次）（二）(20192-00020031B-3),2019200020031B91871,英语课,3,,20,1-17周,0,吴耘,1-17周 周二 第7节-第8节 仙Ⅰ-514,2.0,大学外语部,否,理论类课程,周二,2019-2020-2,,2019200020031B91871,,0,仙林校区,2019-2020学年 第2学期,91871,仙Ⅰ-514,0.0,否,,1,34,02,0,0,大学英语听说（第一层次）（二）,11,第7节-第8节,仙I区,00020031B
32.0,400330,大学英语听说（第一层次）（二）(20192-00020031B-4),2019200020031B91872,英语课,3,,33,1-17周,0,倪辉莉,1-17周 周二 第9节-第10节 仙Ⅰ-514,2.0,大学外语部,否,理论类课程,周二,2019-2020-2,,2019200020031B91872,,0,仙林校区,2019-2020学年 第2学期,91872,仙Ⅰ-514,0.0,否,,1,34,02,0,0,大学英语听说（第一层次）（二）,11,第9节-第10节,仙I区,00020031B
32.0,400330,大学英语听说（第一层次）（二）(20192-00020031B-5),2019200020031B91873,英语课,3,,31,1-17周,0,宋钧,1-17周 周四 第7节-第8节 仙Ⅰ-514,2.0,大学外语部,否,理论类课程,周四,2019-2020-2,,2019200020031B91873,,0,仙林校区,2019-2020学年 第2学期,91873,仙Ⅰ-514,0.0,否,,1,34,02,0,0,大学英语听说（第一层次）（二）,11,第7节-第8节,仙I区,00020031B
32.0,400330,大学英语听说（第一层次）（二）(20192-00020031B-6),2019200020031B91874,英语课,3,,32,1-17周,0,宋钧,1-17周 周四 第9节-第10节 仙Ⅰ-515,2.0,大学外语部,否,理论类课程,周四,2019-2020-2,,2019200020031B91874,,0,仙林校区,2019-2020学年 第2学期,91874,仙Ⅰ-515,0.0,否,,1,34,02,0,0,大学英语听说（第一层次）（二）,11,第9节-第10节,仙I区,00020031B
32.0,400330,高级英语口语(20192-00020032B1-1),2019200020032B193011,英语课,3,,35,1-17周,0,曹宁,1-17周 周一 第1节-第2节 逸B-506（翻转）,2.0,大学外语部,否,理论+实践课程,周一,2019-2020-2,,2019200020032B193011,2019*经济管理试验班*经济管理试验班,0,仙林校区,2019-2020学年 第2学期,93011,逸B-506（翻转）,0.0,否,,5,24,02,8,0,高级英语口语,16,第1节-第2节,逸夫楼B区,00020032B1
32.0,400330,高级英语口语(20192-00020032B1-3),2019200020032B193013,英语课,3,,35,1-17周,0,张燕,1-17周 周一 第1节-第2节 仙Ⅱ-416,2.0,大学外语部,否,理论+实践课程,周一,2019-2020-2,,2019200020032B193013,2019*经济管理试验班*经济管理试验班,0,仙林校区,2019-2020学年 第2学期,93013,仙Ⅱ-416,0.0,否,,5,24,02,8,0,高级英语口语,12,第1节-第2节,仙II区,00020032B1
32.0,400330,高级英语口语(20192-00020032B1-4),2019200020032B193014,英语课,3,,35,1-17周,0,张燕,1-17周 周四 第5节-第6节 仙Ⅱ-416,2.0,大学外语部,否,理论+实践课程,周四,2019-2020-2,,2019200020032B193014,,0,仙林校区,2019-2020学年 第2学期,93014,仙Ⅱ-416,0.0,否,,5,24,02,8,0,高级英语口语,12,第5节-第6节,仙II区,00020032B1
32.0,400330,高级英语口语(20192-00020032B1-6),2019200020032B193016,英语课,3,,35,1-17周,0,曹宁,1-17周 周一 第3节-第4节 逸B-506（翻转）,2.0,大学外语部,否,理论+实践课程,周一,2019-2020-2,,2019200020032B193016,2019*理科试验班（数理科学类）*数理科学类,0,仙林校区,2019-2020学年 第2学期,93016,逸B-506（翻转）,0.0,否,,5,24,02,8,0,高级英语口语,16,第3节-第4节,逸夫楼B区,00020032B1
32.0,400330,高级英语口语(20192-00020032B1-7),2019200020032B193017,英语课,3,,35,1-17周,0,曹宁,1-17周 周三 第1节-第2节 逸B-506（翻转）,2.0,大学外语部,否,理论+实践课程,周三,2019-2020-2,,2019200020032B193017,2019*社会科学试验班*社会科学试验班,0,仙林校区,2019-2020学年 第2学期,93017,逸B-506（翻转）,0.0,否,,5,24,02,8,0,高级英语口语,16,第1节-第2节,逸夫楼B区,00020032B1
32.0,400330,高级英语口语(20192-00020032B1-8),2019200020032B193018,英语课,3,,29,1-17周,0,程欣,1-17周 周三 第1节-第2节 ,2.0,大学外语部,否,理论+实践课程,周三,2019-2020-2,,2019200020032B193018,2019*社会科学试验班*社会科学试验班,0,仙林校区,2019-2020学年 第2学期,93018,仙1-415,0.0,否,,5,24,02,8,0,高级英语口语,,第1节-第2节,,00020032B1
32.0,400330,高级英语口语(20192-00020032B1-9),2019200020032B193019,英语课,3,,22,1-17周,0,丁楠,1-17周 周三 第1节-第2节 逸B-502（翻转）,2.0,大学外语部,否,理论+实践课程,周三,2019-2020-2,,2019200020032B193019,2019*社会科学试验班*社会科学试验班,0,仙林校区,2019-2020学年 第2学期,93019,逸B-502（翻转）,0.0,否,,5,24,02,8,0,高级英语口语,16,第1节-第2节,逸夫楼B区,00020032B1
32.0,400330,高级英语口语(20192-00020032B1-10),2019200020032B193020,英语课,3,,25,1-17周,0,程欣,1-17周 周三 第3节-第4节 ,2.0,大学外语部,否,理论+实践课程,周三,2019-2020-2,,2019200020032B193020,,0,仙林校区,2019-2020学年 第2学期,93020,仙1-415,0.0,否,,5,24,02,8,0,高级英语口语,,第3节-第4节,,00020032B1
32.0,400330,高级英语口语(20192-00020032B1-11),2019200020032B193021,英语课,3,,32,1-17周,0,丁楠,1-17周 周三 第3节-第4节 逸B-502（翻转）,2.0,大学外语部,否,理论+实践课程,周三,2019-2020-2,,2019200020032B193021,,0,仙林校区,2019-2020学年 第2学期,93021,逸B-502（翻转）,0.0,否,,5,24,02,8,0,高级英语口语,16,第3节-第4节,逸夫楼B区,00020032B1
32.0,400330,高级英语口语(20192-00020032B1-12),2019200020032B193022,英语课,3,,35,1-17周,0,曹宁,1-17周 周三 第3节-第4节 逸B-506（翻转）,2.0,大学外语部,否,理论+实践课程,周三,2019-2020-2,,2019200020032B193022,,0,仙林校区,2019-2020学年 第2学期,93022,逸B-506（翻转）,0.0,否,,5,24,02,8,0,高级英语口语,16,第3节-第4节,逸夫楼B区,00020032B1
32.0,400330,高级英语口语(20192-00020032B1-13),2019200020032B193023,英语课,3,,33,1-17周,0,曹宁,1-17周 周三 第5节-第6节 逸B-506（翻转）,2.0,大学外语部,否,理论+实践课程,周三,2019-2020-2,,2019200020032B193023,2019*工科试验班*工科试验班,0,仙林校区,2019-2020学年 第2学期,93023,逸B-506（翻转）,0.0,否,,5,24,02,8,0,高级英语口语,16,第5节-第6节,逸夫楼B区,00020032B1
32.0,400330,高级英语口语(20192-00020032B1-14),2019200020032B193024,英语课,3,,29,1-17周,0,丁楠,1-17周 周三 第5节-第6节 逸B-502（翻转）,2.0,大学外语部,否,理论+实践课程,周三,2019-2020-2,,2019200020032B193024,2019*工科试验班*工科试验班,0,仙林校区,2019-2020学年 第2学期,93024,逸B-502（翻转）,0.0,否,,5,24,02,8,0,高级英语口语,16,第5节-第6节,逸夫楼B区,00020032B1
32.0,400330,高级英语口语(20192-00020032B1-15),2019200020032B193025,英语课,3,,26,1-17周,0,程欣,1-17周 周三 第5节-第6节 ,2.0,大学外语部,否,理论+实践课程,周三,2019-2020-2,,2019200020032B193025,2019*工科试验班*工科试验班,0,仙林校区,2019-2020学年 第2学期,93025,仙1-415,0.0,否,,5,24,02,8,0,高级英语口语,,第5节-第6节,,00020032B1
32.0,400330,高级英语口语(20192-00020032B1-16),2019200020032B193026,英语课,3,,14,1-17周,0,马冬梅,1-17周 周四 第1节-第2节 仙Ⅱ-417,2.0,大学外语部,否,理论+实践课程,周四,2019-2020-2,,2019200020032B193026,2019*理科试验班（地球科学与资源环境类）*地球科学与资源环境类,0,仙林校区,2019-2020学年 第2学期,93026,仙Ⅱ-417,0.0,否,,5,24,02,8,0,高级英语口语,12,第1节-第2节,仙II区,00020032B1
32.0,400330,高级英语口语(20192-00020032B1-17),2019200020032B193027,英语课,3,,35,1-17周,0,张燕,1-17周 周四 第1节-第2节 仙Ⅱ-416,2.0,大学外语部,否,理论+实践课程,周四,2019-2020-2,,2019200020032B193027,2019*理科试验班（地球科学与资源环境类）*地球科学与资源环境类,0,仙林校区,2019-2020学年 第2学期,93027,仙Ⅱ-416,0.0,否,,5,24,02,8,0,高级英语口语,12,第1节-第2节,仙II区,00020032B1
32.0,400330,高级英语口语(20192-00020032B1-18),2019200020032B193028,英语课,3,,18,1-17周,0,马冬梅,1-17周 周四 第3节-第4节 仙Ⅱ-417,2.0,大学外语部,否,理论+实践课程,周四,2019-2020-2,,2019200020032B193028,2019*人文科学试验班*人文艺术传播类,0,仙林校区,2019-2020学年 第2学期,93028,仙Ⅱ-417,0.0,否,,5,24,02,8,0,高级英语口语,12,第3节-第4节,仙II区,00020032B1
32.0,400330,高级英语口语(20192-00020032B1-19),2019200020032B193029,英语课,3,,35,1-17周,0,张燕,1-17周 周四 第3节-第4节 仙Ⅱ-416,2.0,大学外语部,否,理论+实践课程,周四,2019-2020-2,,2019200020032B193029,"2019文学院戏剧影视文学,2019*人文科学试验班*人文艺术传播类",0,仙林校区,2019-2020学年 第2学期,93029,仙Ⅱ-416,0.0,否,,5,24,02,8,0,高级英语口语,12,第3节-第4节,仙II区,00020032B1
32.0,400330,高级英语口语(20192-00020032B1-20),2019200020032B193030,英语课,3,,6,1-17周,0,马冬梅,1-17周 周四 第5节-第6节 仙Ⅱ-417,2.0,大学外语部,否,理论+实践课程,周四,2019-2020-2,,2019200020032B193030,,0,仙林校区,2019-2020学年 第2学期,93030,仙Ⅱ-417,0.0,否,,5,24,02,8,0,高级英语口语,12,第5节-第6节,仙II区,00020032B1
32.0,400330,高级英语口语(20192-00020032B1-21),2019200020032B193831,英语课,3,,30,1-17周,0,丁楠,1-17周 周五 第1节-第2节 逸B-502（翻转）,2.0,大学外语部,否,理论+实践课程,周五,2019-2020-2,,2019200020032B193831,,0,仙林校区,2019-2020学年 第2学期,93831,逸B-502（翻转）,0.0,否,,5,24,02,8,0,高级英语口语,16,第1节-第2节,逸夫楼B区,00020032B1
32.0,400330,高级英语口语(20192-00020032B1-22),2019200020032B193832,英语课,3,,29,1-17周,0,程欣,1-17周 周五 第1节-第2节 ,2.0,大学外语部,否,理论+实践课程,周五,2019-2020-2,,2019200020032B193832,,0,仙林校区,2019-2020学年 第2学期,93832,仙1-415,0.0,否,,5,24,02,8,0,高级英语口语,,第1节-第2节,,00020032B1
32.0,400330,高级英语口语(20192-00020032B1-23),2019200020032B193833,英语课,3,,30,1-17周,0,程欣,1-17周 周五 第3节-第4节 ,2.0,大学外语部,否,理论+实践课程,周五,2019-2020-2,,2019200020032B193833,2019*理科试验班（化学与生命科学类）*化学与生命科学类,0,仙林校区,2019-2020学年 第2学期,93833,仙1-415,0.0,否,,5,24,02,8,0,高级英语口语,,第3节-第4节,,00020032B1
32.0,400330,高级英语口语(20192-00020032B1-24),2019200020032B193834,英语课,3,,20,1-17周,0,丁楠,1-17周 周五 第3节-第4节 逸B-502（翻转）,2.0,大学外语部,否,理论+实践课程,周五,2019-2020-2,,2019200020032B193834,2019*理科试验班（化学与生命科学类）*化学与生命科学类,0,仙林校区,2019-2020学年 第2学期,93834,逸B-502（翻转）,0.0,否,,5,24,02,8,0,高级英语口语,16,第3节-第4节,逸夫楼B区,00020032B1
32.0,400330,视听说与跨文化交际(20192-00020032B2-1),2019200020032B293031,英语课,3,,34,1-17周,0,程苏婉,1-17周 周一 第1节-第2节 仙Ⅱ-419,2.0,大学外语部,否,理论+实践课程,周一,2019-2020-2,,2019200020032B293031,2019*经济管理试验班*经济管理试验班,0,仙林校区,2019-2020学年 第2学期,93031,仙Ⅱ-419,0.0,否,,5,24,02,8,0,视听说与跨文化交际,12,第1节-第2节,仙II区,00020032B2
32.0,400330,视听说与跨文化交际(20192-00020032B2-2),2019200020032B293032,英语课,3,,37,1-17周,0,王伟,1-17周 周一 第1节-第2节 仙Ⅱ-401,2.0,大学外语部,否,理论+实践课程,周一,2019-2020-2,,2019200020032B293032,2019*经济管理试验班*经济管理试验班,0,仙林校区,2019-2020学年 第2学期,93032,仙Ⅱ-401,0.0,否,,5,24,02,8,0,视听说与跨文化交际,12,第1节-第2节,仙II区,00020032B2
32.0,400330,视听说与跨文化交际(20192-00020032B2-3),2019200020032B293033,英语课,3,,36,1-17周,0,吴耘,1-17周 周一 第1节-第2节 仙Ⅰ-324,2.0,大学外语部,否,理论+实践课程,周一,2019-2020-2,,2019200020032B293033,2019*经济管理试验班*经济管理试验班,0,仙林校区,2019-2020学年 第2学期,93033,仙Ⅰ-324,0.0,否,,5,24,02,8,0,视听说与跨文化交际,11,第1节-第2节,仙I区,00020032B2
32.0,400330,视听说与跨文化交际(20192-00020032B2-4),2019200020032B293034,英语课,3,,35,1-17周,0,王文宇,1-17周 周一 第3节-第4节 ,2.0,大学外语部,否,理论+实践课程,周一,2019-2020-2,,2019200020032B293034,2019*理科试验班（数理科学类）*数理科学类,0,仙林校区,2019-2020学年 第2学期,93034,仙1-418,0.0,否,,5,24,02,8,0,视听说与跨文化交际,,第3节-第4节,,00020032B2
32.0,400330,视听说与跨文化交际(20192-00020032B2-5),2019200020032B293035,英语课,3,,35,1-17周,0,程苏婉,1-17周 周一 第3节-第4节 仙Ⅱ-419,2.0,大学外语部,否,理论+实践课程,周一,2019-2020-2,,2019200020032B293035,2019*理科试验班（数理科学类）*数理科学类,0,仙林校区,2019-2020学年 第2学期,93035,仙Ⅱ-419,0.0,否,,5,24,02,8,0,视听说与跨文化交际,12,第3节-第4节,仙II区,00020032B2
32.0,400330,视听说与跨文化交际(20192-00020032B2-7),2019200020032B293037,英语课,3,,34,1-17周,0,吴耘,1-17周 周一 第3节-第4节 仙Ⅰ-324,2.0,大学外语部,否,理论+实践课程,周一,2019-2020-2,,2019200020032B293037,2019*理科试验班（数理科学类）*数理科学类,0,仙林校区,2019-2020学年 第2学期,93037,仙Ⅰ-324,0.0,否,,5,24,02,8,0,视听说与跨文化交际,11,第3节-第4节,仙I区,00020032B2
32.0,400330,视听说与跨文化交际(20192-00020032B2-8),2019200020032B293038,英语课,3,,35,1-17周,0,程苏婉,1-17周 周一 第5节-第6节 仙Ⅱ-419,2.0,大学外语部,否,理论+实践课程,周一,2019-2020-2,,2019200020032B293038,,0,仙林校区,2019-2020学年 第2学期,93038,仙Ⅱ-419,0.0,否,,5,24,02,8,0,视听说与跨文化交际,12,第5节-第6节,仙II区,00020032B2
32.0,400330,视听说与跨文化交际(20192-00020032B2-9),2019200020032B293039,英语课,3,,35,1-17周,0,王伟,1-17周 周三 第1节-第2节 仙Ⅱ-401,2.0,大学外语部,否,理论+实践课程,周三,2019-2020-2,,2019200020032B293039,2019*社会科学试验班*社会科学试验班,0,仙林校区,2019-2020学年 第2学期,93039,仙Ⅱ-401,0.0,否,,5,24,02,8,0,视听说与跨文化交际,12,第1节-第2节,仙II区,00020032B2
32.0,400330,视听说与跨文化交际(20192-00020032B2-10),2019200020032B293040,英语课,3,,34,1-17周,0,程苏婉,1-17周 周三 第1节-第2节 仙Ⅱ-421,2.0,大学外语部,否,理论+实践课程,周三,2019-2020-2,,2019200020032B293040,2019*社会科学试验班*社会科学试验班,0,仙林校区,2019-2020学年 第2学期,93040,仙Ⅱ-421,0.0,否,,5,24,02,8,0,视听说与跨文化交际,12,第1节-第2节,仙II区,00020032B2
32.0,400330,视听说与跨文化交际(20192-00020032B2-11),2019200020032B293041,英语课,3,,25,1-17周,0,王志凌,1-17周 周三 第1节-第2节 仙Ⅱ-419,2.0,大学外语部,否,理论+实践课程,周三,2019-2020-2,,2019200020032B293041,2019*社会科学试验班*社会科学试验班,0,仙林校区,2019-2020学年 第2学期,93041,仙Ⅱ-419,0.0,否,,5,24,02,8,0,视听说与跨文化交际,12,第1节-第2节,仙II区,00020032B2
32.0,400330,视听说与跨文化交际(20192-00020032B2-12),2019200020032B293042,英语课,3,,35,1-17周,0,程苏婉,1-17周 周三 第3节-第4节 仙Ⅱ-421,2.0,大学外语部,否,理论+实践课程,周三,2019-2020-2,,2019200020032B293042,,0,仙林校区,2019-2020学年 第2学期,93042,仙Ⅱ-421,0.0,否,,5,24,02,8,0,视听说与跨文化交际,12,第3节-第4节,仙II区,00020032B2
32.0,400330,视听说与跨文化交际(20192-00020032B2-13),2019200020032B293043,英语课,3,,35,1-17周,0,王文宇,1-17周 周三 第3节-第4节 ,2.0,大学外语部,否,理论+实践课程,周三,2019-2020-2,,2019200020032B293043,,0,仙林校区,2019-2020学年 第2学期,93043,仙1-418,0.0,否,,5,24,02,8,0,视听说与跨文化交际,,第3节-第4节,,00020032B2
32.0,400330,视听说与跨文化交际(20192-00020032B2-14),2019200020032B293044,英语课,3,,29,1-17周,0,王志凌,1-17周 周三 第3节-第4节 仙Ⅱ-419,2.0,大学外语部,否,理论+实践课程,周三,2019-2020-2,,2019200020032B293044,,0,仙林校区,2019-2020学年 第2学期,93044,仙Ⅱ-419,0.0,否,,5,24,02,8,0,视听说与跨文化交际,12,第3节-第4节,仙II区,00020032B2
32.0,400330,视听说与跨文化交际(20192-00020032B2-15),2019200020032B293045,英语课,3,,35,1-17周,0,王文宇,1-17周 周三 第5节-第6节 ,2.0,大学外语部,否,理论+实践课程,周三,2019-2020-2,,2019200020032B293045,2019*工科试验班*工科试验班,0,仙林校区,2019-2020学年 第2学期,93045,仙1-418,0.0,否,,5,24,02,8,0,视听说与跨文化交际,,第5节-第6节,,00020032B2
32.0,400330,视听说与跨文化交际(20192-00020032B2-17),2019200020032B293047,英语课,3,,35,1-17周,0,王伟,1-17周 周四 第1节-第2节 仙Ⅱ-419,2.0,大学外语部,否,理论+实践课程,周四,2019-2020-2,,2019200020032B293047,,0,仙林校区,2019-2020学年 第2学期,93047,仙Ⅱ-419,0.0,否,,5,24,02,8,0,视听说与跨文化交际,12,第1节-第2节,仙II区,00020032B2
32.0,400330,视听说与跨文化交际(20192-00020032B2-18),2019200020032B293048,英语课,3,,35,1-17周,0,吴耘,1-17周 周四 第1节-第2节 仙Ⅰ-111,2.0,大学外语部,否,理论+实践课程,周四,2019-2020-2,,2019200020032B293048,2019*理科试验班（地球科学与资源环境类）*地球科学与资源环境类,0,仙林校区,2019-2020学年 第2学期,93048,仙Ⅰ-111,0.0,否,,5,24,02,8,0,视听说与跨文化交际,11,第1节-第2节,仙I区,00020032B2
32.0,400330,视听说与跨文化交际(20192-00020032B2-19),2019200020032B293049,英语课,3,,35,1-17周,0,王伟,1-17周 周四 第3节-第4节 仙Ⅱ-419,2.0,大学外语部,否,理论+实践课程,周四,2019-2020-2,,2019200020032B293049,"2019文学院戏剧影视文学,2019*人文科学试验班*人文艺术传播类",0,仙林校区,2019-2020学年 第2学期,93049,仙Ⅱ-419,0.0,否,,5,24,02,8,0,视听说与跨文化交际,12,第3节-第4节,仙II区,00020032B2
32.0,400330,视听说与跨文化交际(20192-00020032B2-20),2019200020032B293050,英语课,3,,35,1-17周,0,吴耘,1-17周 周四 第3节-第4节 仙Ⅰ-507,2.0,大学外语部,否,理论+实践课程,周四,2019-2020-2,,2019200020032B293050,2019*人文科学试验班*人文艺术传播类,0,仙林校区,2019-2020学年 第2学期,93050,仙Ⅰ-507,0.0,否,,5,24,02,8,0,视听说与跨文化交际,11,第3节-第4节,仙I区,00020032B2
32.0,400330,视听说与跨文化交际(20192-00020032B2-21),2019200020032B293828,英语课,3,,29,1-17周,0,王伟,1-17周 周四 第5节-第6节 仙Ⅱ-419,2.0,大学外语部,否,理论+实践课程,周四,2019-2020-2,,2019200020032B293828,,0,仙林校区,2019-2020学年 第2学期,93828,仙Ⅱ-419,0.0,否,,5,24,02,8,0,视听说与跨文化交际,12,第5节-第6节,仙II区,00020032B2
32.0,400330,视听说与跨文化交际(20192-00020032B2-22),2019200020032B293829,英语课,3,,30,1-17周,0,王志凌,1-17周 周五 第1节-第2节 仙Ⅱ-417,2.0,大学外语部,否,理论+实践课程,周五,2019-2020-2,,2019200020032B293829,,0,仙林校区,2019-2020学年 第2学期,93829,仙Ⅱ-417,0.0,否,,5,24,02,8,0,视听说与跨文化交际,12,第1节-第2节,仙II区,00020032B2
32.0,400330,视听说与跨文化交际(20192-00020032B2-23),2019200020032B293830,英语课,3,,30,1-17周,0,王志凌,1-17周 周五 第3节-第4节 仙Ⅱ-417,2.0,大学外语部,否,理论+实践课程,周五,2019-2020-2,,2019200020032B293830,2019*理科试验班（化学与生命科学类）*化学与生命科学类,0,仙林校区,2019-2020学年 第2学期,93830,仙Ⅱ-417,0.0,否,,5,24,02,8,0,视听说与跨文化交际,12,第3节-第4节,仙II区,00020032B2
32.0,400330,国际学术交流英语(20192-00020032B3-1),2019200020032B393051,英语课,3,,25,1-17周,0,朱静怡,1-17周 周一 第1节-第2节 仙Ⅱ-418,2.0,大学外语部,否,理论+实践课程,周一,2019-2020-2,,2019200020032B393051,2019*经济管理试验班*经济管理试验班,0,仙林校区,2019-2020学年 第2学期,93051,仙Ⅱ-418,0.0,否,,5,24,02,8,0,国际学术交流英语,12,第1节-第2节,仙II区,00020032B3
32.0,400330,国际学术交流英语(20192-00020032B3-2),2019200020032B393052,英语课,3,,32,1-17周,0,朱静怡,1-17周 周一 第3节-第4节 仙Ⅱ-418,2.0,大学外语部,否,理论+实践课程,周一,2019-2020-2,,2019200020032B393052,2019*理科试验班（数理科学类）*数理科学类,0,仙林校区,2019-2020学年 第2学期,93052,仙Ⅱ-418,0.0,否,,5,24,02,8,0,国际学术交流英语,12,第3节-第4节,仙II区,00020032B3
32.0,400330,国际学术交流英语(20192-00020032B3-3),2019200020032B393053,英语课,3,,16,1-17周,0,杨奕枫,1-17周 周三 第1节-第2节 仙Ⅱ-422,2.0,大学外语部,否,理论+实践课程,周三,2019-2020-2,,2019200020032B393053,2019*社会科学试验班*社会科学试验班,0,仙林校区,2019-2020学年 第2学期,93053,仙Ⅱ-422,0.0,否,,5,24,02,8,0,国际学术交流英语,12,第1节-第2节,仙II区,00020032B3
32.0,400330,国际学术交流英语(20192-00020032B3-4),2019200020032B393054,英语课,3,,23,1-17周,0,杨奕枫,1-17周 周三 第3节-第4节 仙Ⅱ-422,2.0,大学外语部,否,理论+实践课程,周三,2019-2020-2,,2019200020032B393054,,0,仙林校区,2019-2020学年 第2学期,93054,仙Ⅱ-422,0.0,否,,5,24,02,8,0,国际学术交流英语,12,第3节-第4节,仙II区,00020032B3
32.0,400330,国际学术交流英语(20192-00020032B3-5),2019200020032B393055,英语课,3,,14,1-17周,0,杨奕枫,1-17周 周三 第5节-第6节 仙Ⅱ-422,2.0,大学外语部,否,理论+实践课程,周三,2019-2020-2,,2019200020032B393055,2019*工科试验班*工科试验班,0,仙林校区,2019-2020学年 第2学期,93055,仙Ⅱ-422,0.0,否,,5,24,02,8,0,国际学术交流英语,12,第5节-第6节,仙II区,00020032B3
32.0,400330,国际学术交流英语(20192-00020032B3-6),2019200020032B393056,英语课,3,,35,1-17周,0,朱静怡,1-17周 周四 第1节-第2节 仙Ⅱ-421,2.0,大学外语部,否,理论+实践课程,周四,2019-2020-2,,2019200020032B393056,,0,仙林校区,2019-2020学年 第2学期,93056,仙Ⅱ-421,0.0,否,,5,24,02,8,0,国际学术交流英语,12,第1节-第2节,仙II区,00020032B3
32.0,400330,国际学术交流英语(20192-00020032B3-7),2019200020032B393057,英语课,3,,35,1-17周,0,黄燕,1-17周 周四 第1节-第2节 ,2.0,大学外语部,否,理论+实践课程,周四,2019-2020-2,,2019200020032B393057,2019*理科试验班（地球科学与资源环境类）*地球科学与资源环境类,0,仙林校区,2019-2020学年 第2学期,93057,仙1-419,0.0,否,,5,24,02,8,0,国际学术交流英语,,第1节-第2节,,00020032B3
32.0,400330,国际学术交流英语(20192-00020032B3-8),2019200020032B393058,英语课,3,,35,1-17周,0,黄燕,1-17周 周四 第3节-第4节 ,2.0,大学外语部,否,理论+实践课程,周四,2019-2020-2,,2019200020032B393058,2019*人文科学试验班*人文艺术传播类,0,仙林校区,2019-2020学年 第2学期,93058,仙1-419,0.0,否,,5,24,02,8,0,国际学术交流英语,,第3节-第4节,,00020032B3
32.0,400330,国际学术交流英语(20192-00020032B3-9),2019200020032B393059,英语课,3,,23,1-17周,0,朱静怡,1-17周 周四 第3节-第4节 仙Ⅱ-421,2.0,大学外语部,否,理论+实践课程,周四,2019-2020-2,,2019200020032B393059,2019*人文科学试验班*人文艺术传播类,0,仙林校区,2019-2020学年 第2学期,93059,仙Ⅱ-421,0.0,否,,5,24,02,8,0,国际学术交流英语,12,第3节-第4节,仙II区,00020032B3
32.0,400330,国际学术交流英语(20192-00020032B3-10),2019200020032B393060,英语课,3,,24,1-17周,0,朱静怡,1-17周 周一 第5节-第6节 仙Ⅱ-418,2.0,大学外语部,否,理论+实践课程,周一,2019-2020-2,,2019200020032B393060,,0,仙林校区,2019-2020学年 第2学期,93060,仙Ⅱ-418,0.0,否,,5,24,02,8,0,国际学术交流英语,12,第5节-第6节,仙II区,00020032B3
32.0,400330,国际学术交流英语(20192-00020032B3-11),2019200020032B393061,英语课,3,,35,1-17周,0,杨奕枫,1-17周 周五 第1节-第2节 仙Ⅱ-422,2.0,大学外语部,否,理论+实践课程,周五,2019-2020-2,,2019200020032B393061,,0,仙林校区,2019-2020学年 第2学期,93061,仙Ⅱ-422,0.0,否,,5,24,02,8,0,国际学术交流英语,12,第1节-第2节,仙II区,00020032B3
32.0,400330,国际学术交流英语(20192-00020032B3-12),2019200020032B393062,英语课,3,,26,1-17周,0,杨奕枫,1-17周 周五 第3节-第4节 仙Ⅱ-422,2.0,大学外语部,否,理论+实践课程,周五,2019-2020-2,,2019200020032B393062,2019*理科试验班（化学与生命科学类）*化学与生命科学类,0,仙林校区,2019-2020学年 第2学期,93062,仙Ⅱ-422,0.0,否,,5,24,02,8,0,国际学术交流英语,12,第3节-第4节,仙II区,00020032B3
32.0,400330,国际学术交流英语(20192-00020032B3-13),2019200020032B394066,英语课,3,,19,1-17周,0,陈萱,1-17周 周一 第1节-第2节 仙Ⅱ-407,2.0,大学外语部,否,理论+实践课程,周一,2019-2020-2,,2019200020032B394066,2019*经济管理试验班*经济管理试验班,0,仙林校区,2019-2020学年 第2学期,94066,仙Ⅱ-407,0.0,否,,5,24,02,8,0,国际学术交流英语,12,第1节-第2节,仙II区,00020032B3
32.0,400330,国际学术交流英语(20192-00020032B3-14),2019200020032B394067,英语课,3,,23,1-17周,0,陈萱,1-17周 周一 第3节-第4节 仙Ⅱ-407,2.0,大学外语部,否,理论+实践课程,周一,2019-2020-2,,2019200020032B394067,2019*理科试验班（数理科学类）*数理科学类,0,仙林校区,2019-2020学年 第2学期,94067,仙Ⅱ-407,0.0,否,,5,24,02,8,0,国际学术交流英语,12,第3节-第4节,仙II区,00020032B3
32.0,400330,英文电影视听说与文化赏析(20192-00020032B4-1),2019200020032B493071,英语课,3,,35,1-17周,0,蒋玉梅,1-17周 周一 第3节-第4节 逸B-501（翻转）,2.0,大学外语部,否,理论+实践课程,周一,2019-2020-2,,2019200020032B493071,2019*理科试验班（数理科学类）*数理科学类,0,仙林校区,2019-2020学年 第2学期,93071,逸B-501（翻转）,0.0,否,,5,24,02,8,0,英文电影视听说与文化赏析,16,第3节-第4节,逸夫楼B区,00020032B4
32.0,400330,英文电影视听说与文化赏析(20192-00020032B4-2),2019200020032B493072,英语课,3,,35,1-17周,0,蒋玉梅,1-17周 周一 第5节-第6节 逸B-501（翻转）,2.0,大学外语部,否,理论+实践课程,周一,2019-2020-2,,2019200020032B493072,,0,仙林校区,2019-2020学年 第2学期,93072,逸B-501（翻转）,0.0,否,,5,24,02,8,0,英文电影视听说与文化赏析,16,第5节-第6节,逸夫楼B区,00020032B4
32.0,400330,大学英语听说（第三层次）（二）(20192-00020033B-1),2019200020033B92036,英语课,3,,37,1-17周,0,倪辉莉,1-17周 周一 第1节-第2节 仙Ⅱ-417,2.0,大学外语部,否,理论类课程,周一,2019-2020-2,,2019200020033B92036,2019*经济管理试验班*经济管理试验班,0,仙林校区,2019-2020学年 第2学期,92036,仙Ⅱ-417,0.0,否,,1,32,02,0,0,大学英语听说（第三层次）（二）,12,第1节-第2节,仙II区,00020033B
32.0,400330,大学英语听说（第三层次）（二）(20192-00020033B-2),2019200020033B92037,英语课,3,,35,1-17周,0,刘芳,1-17周 周一 第1节-第2节 仙Ⅱ-422,2.0,大学外语部,否,理论类课程,周一,2019-2020-2,,2019200020033B92037,2019*经济管理试验班*经济管理试验班,0,仙林校区,2019-2020学年 第2学期,92037,仙Ⅱ-422,0.0,否,,1,32,02,0,0,大学英语听说（第三层次）（二）,12,第1节-第2节,仙II区,00020033B
32.0,400330,大学英语听说（第三层次）（二）(20192-00020033B-3),2019200020033B92038,英语课,3,,36,1-17周,0,孟蕊,1-17周 周一 第1节-第2节 仙Ⅱ-501,2.0,大学外语部,否,理论类课程,周一,2019-2020-2,,2019200020033B92038,2019*经济管理试验班*经济管理试验班,0,仙林校区,2019-2020学年 第2学期,92038,仙Ⅱ-501,0.0,否,,1,32,02,0,0,大学英语听说（第三层次）（二）,12,第1节-第2节,仙II区,00020033B
32.0,400330,大学英语听说（第三层次）（二）(20192-00020033B-4),2019200020033B92039,英语课,3,,36,1-17周,0,倪辉莉,1-17周 周一 第3节-第4节 仙Ⅱ-417,2.0,大学外语部,否,理论类课程,周一,2019-2020-2,,2019200020033B92039,2019*理科试验班（数理科学类）*数理科学类,0,仙林校区,2019-2020学年 第2学期,92039,仙Ⅱ-417,0.0,否,,1,32,02,0,0,大学英语听说（第三层次）（二）,12,第3节-第4节,仙II区,00020033B
32.0,400330,大学英语听说（第三层次）（二）(20192-00020033B-5),2019200020033B92040,英语课,3,,37,1-17周,0,刘芳,1-17周 周一 第3节-第4节 仙Ⅱ-422,2.0,大学外语部,否,理论类课程,周一,2019-2020-2,,2019200020033B92040,2019*理科试验班（数理科学类）*数理科学类,0,仙林校区,2019-2020学年 第2学期,92040,仙Ⅱ-422,0.0,否,,1,32,02,0,0,大学英语听说（第三层次）（二）,12,第3节-第4节,仙II区,00020033B
32.0,400330,大学英语听说（第三层次）（二）(20192-00020033B-6),2019200020033B92041,英语课,3,,35,1-17周,0,孟蕊,1-17周 周一 第3节-第4节 仙Ⅱ-501,2.0,大学外语部,否,理论类课程,周一,2019-2020-2,,2019200020033B92041,2019*理科试验班（数理科学类）*数理科学类,0,仙林校区,2019-2020学年 第2学期,92041,仙Ⅱ-501,0.0,否,,1,32,02,0,0,大学英语听说（第三层次）（二）,12,第3节-第4节,仙II区,00020033B
32.0,400330,大学英语听说（第三层次）（二）(20192-00020033B-8),2019200020033B92043,英语课,3,,35,1-17周,0,孟蕊,1-17周 周一 第5节-第6节 仙Ⅱ-501,2.0,大学外语部,否,理论类课程,周一,2019-2020-2,,2019200020033B92043,,0,仙林校区,2019-2020学年 第2学期,92043,仙Ⅱ-501,0.0,否,,1,32,02,0,0,大学英语听说（第三层次）（二）,12,第5节-第6节,仙II区,00020033B
32.0,400330,大学英语听说（第三层次）（二）(20192-00020033B-9),2019200020033B92044,英语课,3,,35,1-17周,0,邵继荣,1-17周 周一 第5节-第6节 仙Ⅱ-411,2.0,大学外语部,否,理论类课程,周一,2019-2020-2,,2019200020033B92044,,0,仙林校区,2019-2020学年 第2学期,92044,仙Ⅱ-411,0.0,否,,1,32,02,0,0,大学英语听说（第三层次）（二）,12,第5节-第6节,仙II区,00020033B
32.0,400330,大学英语听说（第三层次）（二）(20192-00020033B-10),2019200020033B92045,英语课,3,,12,1-17周,0,王健,1-17周 周三 第1节-第2节 仙Ⅱ-508,2.0,大学外语部,否,理论类课程,周三,2019-2020-2,,2019200020033B92045,2019*社会科学试验班*社会科学试验班,0,仙林校区,2019-2020学年 第2学期,92045,仙Ⅱ-508,0.0,否,,1,32,02,0,0,大学英语听说（第三层次）（二）,12,第1节-第2节,仙II区,00020033B
32.0,400330,大学英语听说（第三层次）（二）(20192-00020033B-11),2019200020033B92046,英语课,3,,20,1-17周,0,朱雪媛,1-17周 周三 第1节-第2节 仙Ⅱ-507,2.0,大学外语部,否,理论类课程,周三,2019-2020-2,,2019200020033B92046,2019*社会科学试验班*社会科学试验班,0,仙林校区,2019-2020学年 第2学期,92046,仙Ⅱ-507,0.0,否,,1,32,02,0,0,大学英语听说（第三层次）（二）,12,第1节-第2节,仙II区,00020033B
32.0,400330,大学英语听说（第三层次）（二）(20192-00020033B-12),2019200020033B92047,英语课,3,,35,1-17周,0,沈蕾,1-17周 周三 第1节-第2节 仙Ⅱ-501,2.0,大学外语部,否,理论类课程,周三,2019-2020-2,,2019200020033B92047,2019*社会科学试验班*社会科学试验班,0,仙林校区,2019-2020学年 第2学期,92047,仙Ⅱ-501,0.0,否,,1,32,02,0,0,大学英语听说（第三层次）（二）,12,第1节-第2节,仙II区,00020033B
32.0,400330,大学英语听说（第三层次）（二）(20192-00020033B-13),2019200020033B92048,英语课,3,,35,1-17周,0,邵继荣,1-17周 周三 第1节-第2节 仙Ⅱ-411,2.0,大学外语部,否,理论类课程,周三,2019-2020-2,,2019200020033B92048,2019*社会科学试验班*社会科学试验班,0,仙林校区,2019-2020学年 第2学期,92048,仙Ⅱ-411,0.0,否,,1,32,02,0,0,大学英语听说（第三层次）（二）,12,第1节-第2节,仙II区,00020033B
32.0,400330,大学英语听说（第三层次）（二）(20192-00020033B-14),2019200020033B92049,英语课,3,,35,1-17周,0,沈蕾,1-17周 周三 第3节-第4节 仙Ⅱ-501,2.0,大学外语部,否,理论类课程,周三,2019-2020-2,,2019200020033B92049,"2019计算机学院计算机科学与技术,2019人工智能学院人工智能,2019工程管理学院金融工程（计算机与金融工程方向）",0,仙林校区,2019-2020学年 第2学期,92049,仙Ⅱ-501,0.0,否,,1,32,02,0,0,大学英语听说（第三层次）（二）,12,第3节-第4节,仙II区,00020033B
32.0,400330,大学英语听说（第三层次）（二）(20192-00020033B-15),2019200020033B92050,英语课,3,,19,1-17周,0,王健,1-17周 周三 第3节-第4节 仙Ⅱ-508,2.0,大学外语部,否,理论类课程,周三,2019-2020-2,,2019200020033B92050,"2019计算机学院计算机科学与技术,2019人工智能学院人工智能,2019工程管理学院金融工程（计算机与金融工程方向）",0,仙林校区,2019-2020学年 第2学期,92050,仙Ⅱ-508,0.0,否,,1,32,02,0,0,大学英语听说（第三层次）（二）,12,第3节-第4节,仙II区,00020033B
32.0,400330,大学英语听说（第三层次）（二）(20192-00020033B-16),2019200020033B92051,英语课,3,,23,1-17周,0,朱雪媛,1-17周 周三 第3节-第4节 仙Ⅱ-507,2.0,大学外语部,否,理论类课程,周三,2019-2020-2,,2019200020033B92051,"2019计算机学院计算机科学与技术,2019人工智能学院人工智能,2019工程管理学院金融工程（计算机与金融工程方向）",0,仙林校区,2019-2020学年 第2学期,92051,仙Ⅱ-507,0.0,否,,1,32,02,0,0,大学英语听说（第三层次）（二）,12,第3节-第4节,仙II区,00020033B
32.0,400330,大学英语听说（第三层次）（二）(20192-00020033B-17),2019200020033B92052,英语课,3,,26,1-17周,0,朱雪媛,1-17周 周三 第5节-第6节 仙Ⅱ-507,2.0,大学外语部,否,理论类课程,周三,2019-2020-2,,2019200020033B92052,2019*工科试验班*工科试验班,0,仙林校区,2019-2020学年 第2学期,92052,仙Ⅱ-507,0.0,否,,1,32,02,0,0,大学英语听说（第三层次）（二）,12,第5节-第6节,仙II区,00020033B
32.0,400330,大学英语听说（第三层次）（二）(20192-00020033B-18),2019200020033B92053,英语课,3,,35,1-17周,0,沈蕾,1-17周 周三 第5节-第6节 仙Ⅱ-501,2.0,大学外语部,否,理论类课程,周三,2019-2020-2,,2019200020033B92053,2019*工科试验班*工科试验班,0,仙林校区,2019-2020学年 第2学期,92053,仙Ⅱ-501,0.0,否,,1,32,02,0,0,大学英语听说（第三层次）（二）,12,第5节-第6节,仙II区,00020033B
32.0,400330,大学英语听说（第三层次）（二）(20192-00020033B-19),2019200020033B92054,英语课,3,,33,1-17周,0,邵继荣,1-17周 周三 第5节-第6节 仙Ⅱ-411,2.0,大学外语部,否,理论类课程,周三,2019-2020-2,,2019200020033B92054,2019*工科试验班*工科试验班,0,仙林校区,2019-2020学年 第2学期,92054,仙Ⅱ-411,0.0,否,,1,32,02,0,0,大学英语听说（第三层次）（二）,12,第5节-第6节,仙II区,00020033B
32.0,400330,大学英语听说（第三层次）（二）(20192-00020033B-20),2019200020033B92055,英语课,3,,35,1-17周,0,刘芳,1-17周 周四 第1节-第2节 仙Ⅱ-422,2.0,大学外语部,否,理论类课程,周四,2019-2020-2,,2019200020033B92055,,0,仙林校区,2019-2020学年 第2学期,92055,仙Ⅱ-422,0.0,否,,1,32,02,0,0,大学英语听说（第三层次）（二）,12,第1节-第2节,仙II区,00020033B
32.0,400330,大学英语听说（第三层次）（二）(20192-00020033B-21),2019200020033B92056,英语课,3,,34,1-17周,0,孟蕊,1-17周 周四 第1节-第2节 仙Ⅱ-501,2.0,大学外语部,否,理论类课程,周四,2019-2020-2,,2019200020033B92056,2019*理科试验班（地球科学与资源环境类）*地球科学与资源环境类,0,仙林校区,2019-2020学年 第2学期,92056,仙Ⅱ-501,0.0,否,,1,32,02,0,0,大学英语听说（第三层次）（二）,12,第1节-第2节,仙II区,00020033B
32.0,400330,大学英语听说（第三层次）（二）(20192-00020033B-22),2019200020033B92057,英语课,3,,35,1-17周,0,张子源,1-17周 周四 第1节-第2节 仙Ⅱ-507,2.0,大学外语部,否,理论类课程,周四,2019-2020-2,,2019200020033B92057,2019*理科试验班（地球科学与资源环境类）*地球科学与资源环境类,0,仙林校区,2019-2020学年 第2学期,92057,仙Ⅱ-507,0.0,否,,1,32,02,0,0,大学英语听说（第三层次）（二）,12,第1节-第2节,仙II区,00020033B
32.0,400330,大学英语听说（第三层次）（二）(20192-00020033B-23),2019200020033B92058,英语课,3,,30,1-17周,0,刘芳,1-17周 周四 第3节-第4节 仙Ⅱ-422,2.0,大学外语部,否,理论类课程,周四,2019-2020-2,,2019200020033B92058,"2019文学院戏剧影视文学,2019*人文科学试验班*人文艺术传播类",0,仙林校区,2019-2020学年 第2学期,92058,仙Ⅱ-422,0.0,否,,1,32,02,0,0,大学英语听说（第三层次）（二）,12,第3节-第4节,仙II区,00020033B
32.0,400330,大学英语听说（第三层次）（二）(20192-00020033B-24),2019200020033B92059,英语课,3,,35,1-17周,0,孟蕊,1-17周 周四 第3节-第4节 仙Ⅱ-501,2.0,大学外语部,否,理论类课程,周四,2019-2020-2,,2019200020033B92059,"2019文学院戏剧影视文学,2019*人文科学试验班*人文艺术传播类",0,仙林校区,2019-2020学年 第2学期,92059,仙Ⅱ-501,0.0,否,,1,32,02,0,0,大学英语听说（第三层次）（二）,12,第3节-第4节,仙II区,00020033B
32.0,400330,大学英语听说（第三层次）（二）(20192-00020033B-25),2019200020033B92060,英语课,3,,35,1-17周,0,张子源,1-17周 周四 第3节-第4节 仙Ⅱ-507,2.0,大学外语部,否,理论类课程,周四,2019-2020-2,,2019200020033B92060,"2019文学院戏剧影视文学,2019*人文科学试验班*人文艺术传播类",0,仙林校区,2019-2020学年 第2学期,92060,仙Ⅱ-507,0.0,否,,1,32,02,0,0,大学英语听说（第三层次）（二）,12,第3节-第4节,仙II区,00020033B
32.0,400330,大学英语听说（第三层次）（二）(20192-00020033B-26),2019200020033B92061,英语课,3,,35,1-17周,0,刘芳,1-17周 周四 第5节-第6节 仙Ⅱ-422,2.0,大学外语部,否,理论类课程,周四,2019-2020-2,,2019200020033B92061,,0,仙林校区,2019-2020学年 第2学期,92061,仙Ⅱ-422,0.0,否,,1,32,02,0,0,大学英语听说（第三层次）（二）,12,第5节-第6节,仙II区,00020033B
32.0,400330,大学英语听说（第三层次）（二）(20192-00020033B-27),2019200020033B92062,英语课,3,,35,1-17周,0,沈蕾,1-17周 周五 第1节-第2节 仙Ⅱ-501,2.0,大学外语部,否,理论类课程,周五,2019-2020-2,,2019200020033B92062,,0,仙林校区,2019-2020学年 第2学期,92062,仙Ⅱ-501,0.0,否,,1,32,02,0,0,大学英语听说（第三层次）（二）,12,第1节-第2节,仙II区,00020033B
32.0,400330,大学英语听说（第三层次）（二）(20192-00020033B-28),2019200020033B92063,英语课,3,,32,1-17周,0,朱雪媛,1-17周 周五 第1节-第2节 仙Ⅱ-507,2.0,大学外语部,否,理论类课程,周五,2019-2020-2,,2019200020033B92063,,0,仙林校区,2019-2020学年 第2学期,92063,仙Ⅱ-507,0.0,否,,1,32,02,0,0,大学英语听说（第三层次）（二）,12,第1节-第2节,仙II区,00020033B
32.0,400330,大学英语听说（第三层次）（二）(20192-00020033B-29),2019200020033B92064,英语课,3,,24,1-17周,0,王健,1-17周 周五 第3节-第4节 仙Ⅱ-416,2.0,大学外语部,否,理论类课程,周五,2019-2020-2,,2019200020033B92064,2019*理科试验班（化学与生命科学类）*化学与生命科学类,0,仙林校区,2019-2020学年 第2学期,92064,仙Ⅱ-416,0.0,否,,1,32,02,0,0,大学英语听说（第三层次）（二）,12,第3节-第4节,仙II区,00020033B
32.0,400330,大学英语听说（第三层次）（二）(20192-00020033B-30),2019200020033B92065,英语课,3,,25,1-17周,0,朱雪媛,1-17周 周五 第3节-第4节 仙Ⅱ-507,2.0,大学外语部,否,理论类课程,周五,2019-2020-2,,2019200020033B92065,2019*理科试验班（化学与生命科学类）*化学与生命科学类,0,仙林校区,2019-2020学年 第2学期,92065,仙Ⅱ-507,0.0,否,,1,32,02,0,0,大学英语听说（第三层次）（二）,12,第3节-第4节,仙II区,00020033B
32.0,400330,大学英语听说（第三层次）（二）(20192-00020033B-31),2019200020033B92066,英语课,3,,35,1-17周,0,沈蕾,1-17周 周五 第3节-第4节 仙Ⅱ-501,2.0,大学外语部,否,理论类课程,周五,2019-2020-2,,2019200020033B92066,2019*理科试验班（化学与生命科学类）*化学与生命科学类,0,仙林校区,2019-2020学年 第2学期,92066,仙Ⅱ-501,0.0,否,,1,32,02,0,0,大学英语听说（第三层次）（二）,12,第3节-第4节,仙II区,00020033B
32.0,400330,大学英语读写（匡院）（第一层次）（二）(20192-00020041B-1),2019200020041B92359,英语课,3,,53,1-17周,0,赵鑫,1-17周 周四 第5节-第6节 ,2.0,大学外语部,否,理论类课程,周四,2019-2020-2,,2019200020041B92359,2019匡亚明学院理科强化班,0,仙林校区,2019-2020学年 第2学期,92359,仙1-415,0.0,否,,1,32,02,0,0,大学英语读写（匡院）（第一层次）（二）,,第5节-第6节,,00020041B
32.0,400330,大学英语读写（匡院）（第一层次）（二）(20192-00020041B-3),2019200020041B92361,英语课,3,,33,1-17周,0,"金颖哲,金颖哲",1-17周 周一 第7节-第8节 ,2.0,大学外语部,否,理论类课程,周一,2019-2020-2,,2019200020041B92361,2019匡亚明学院理科强化班,0,仙林校区,2019-2020学年 第2学期,92361,仙1-415,0.0,否,,1,32,02,0,0,大学英语读写（匡院）（第一层次）（二）,,第7节-第8节,,00020041B
32.0,400330,大学英语读写（匡院）（第一层次）（二）(20192-00020041B-4),2019200020041B92362,英语课,3,,59,1-17周,0,赵鑫,1-17周 周四 第3节-第4节 ,2.0,大学外语部,否,理论类课程,周四,2019-2020-2,,2019200020041B92362,2019匡亚明学院理科强化班,0,仙林校区,2019-2020学年 第2学期,92362,仙1-415,0.0,否,,1,32,02,0,0,大学英语读写（匡院）（第一层次）（二）,,第3节-第4节,,00020041B
32.0,400330,大学英语读写（匡院）（第一层次）（二）(20192-00020041B-5),2019200020041B92363,英语课,3,,26,1-17周,0,刘浩,1-17周 周四 第7节-第8节 ,2.0,大学外语部,否,理论类课程,周四,2019-2020-2,,2019200020041B92363,,0,仙林校区,2019-2020学年 第2学期,92363,仙1-415,0.0,否,,1,32,02,0,0,大学英语读写（匡院）（第一层次）（二）,,第7节-第8节,,00020041B
32.0,400330,大学英语读写（匡院）（第一层次）（二）(20192-00020041B-6),2019200020041B92364,英语课,3,,34,1-17周,0,"金颖哲,金颖哲",1-17周 周一 第9节-第10节 ,2.0,大学外语部,否,理论类课程,周一,2019-2020-2,,2019200020041B92364,,0,仙林校区,2019-2020学年 第2学期,92364,仙1-415,0.0,否,,1,32,02,0,0,大学英语读写（匡院）（第一层次）（二）,,第9节-第10节,,00020041B
32.0,400330,大学英语读写（匡院）（第一层次）（二）(20192-00020041B-8),2019200020041B92366,英语课,3,,33,1-17周,0,范昆盟,1-17周 周二 第9节-第10节 ,2.0,大学外语部,否,理论类课程,周二,2019-2020-2,,2019200020041B92366,,0,仙林校区,2019-2020学年 第2学期,92366,仙1-415,0.0,否,,1,32,02,0,0,大学英语读写（匡院）（第一层次）（二）,,第9节-第10节,,00020041B
32.0,400330,大学英语读写（匡院）（第一层次）（二）(20192-00020041B-9),2019200020041B92367,英语课,3,,34,1-17周,0,范昆盟,1-17周 周二 第7节-第8节 ,2.0,大学外语部,否,理论类课程,周二,2019-2020-2,,2019200020041B92367,,0,仙林校区,2019-2020学年 第2学期,92367,仙1-415,0.0,否,,1,32,02,0,0,大学英语读写（匡院）（第一层次）（二）,,第7节-第8节,,00020041B
32.0,400330,大学英语读写（匡院）（第一层次）（二）(20192-00020041B-10),2019200020041B92368,英语课,3,,46,1-17周,0,刘浩,1-17周 周四 第5节-第6节 ,2.0,大学外语部,否,理论类课程,周四,2019-2020-2,,2019200020041B92368,,0,仙林校区,2019-2020学年 第2学期,92368,仙1-419,0.0,否,,1,32,02,0,0,大学英语读写（匡院）（第一层次）（二）,,第5节-第6节,,00020041B
32.0,400330,大学英语视听说（匡院）（第一层次）（二）(20192-00020051B-1),2019200020051B92369,英语课,3,,33,1-17周,0,陈桦,1-17周 周二 第1节-第2节 ,2.0,大学外语部,否,理论类课程,周二,2019-2020-2,,2019200020051B92369,2019匡亚明学院理科强化班,0,仙林校区,2019-2020学年 第2学期,92369,仙Ⅰ-414,0.0,否,,1,32,02,0,0,大学英语视听说（匡院）（第一层次）（二）,,第1节-第2节,,00020051B
32.0,400330,大学英语视听说（匡院）（第一层次）（二）(20192-00020051B-2),2019200020051B92370,英语课,3,,32,1-17周,0,黄燕,1-17周 周二 第1节-第2节 ,2.0,大学外语部,否,理论类课程,周二,2019-2020-2,,2019200020051B92370,2019匡亚明学院理科强化班,0,仙林校区,2019-2020学年 第2学期,92370,仙1-419,0.0,否,,1,32,02,0,0,大学英语视听说（匡院）（第一层次）（二）,,第1节-第2节,,00020051B
32.0,400330,大学英语视听说（匡院）（第一层次）（二）(20192-00020051B-3),2019200020051B92371,英语课,3,,35,1-17周,0,陈桦,1-17周 周二 第3节-第4节 ,2.0,大学外语部,否,理论类课程,周二,2019-2020-2,,2019200020051B92371,2019匡亚明学院理科强化班,0,仙林校区,2019-2020学年 第2学期,92371,仙Ⅰ-414,0.0,否,,1,32,02,0,0,大学英语视听说（匡院）（第一层次）（二）,,第3节-第4节,,00020051B
32.0,400330,大学英语视听说（匡院）（第一层次）（二）(20192-00020051B-4),2019200020051B92372,英语课,3,,41,1-17周,0,黄燕,1-17周 周二 第3节-第4节 ,2.0,大学外语部,否,理论类课程,周二,2019-2020-2,,2019200020051B92372,2019匡亚明学院理科强化班,0,仙林校区,2019-2020学年 第2学期,92372,仙1-419,0.0,否,,1,32,02,0,0,大学英语视听说（匡院）（第一层次）（二）,,第3节-第4节,,00020051B
32.0,400330,大学英语视听说（匡院）（第一层次）（二）(20192-00020051B-5),2019200020051B92373,英语课,3,,22,1-17周,0,马冬梅,1-17周 周一 第5节-第6节 仙Ⅱ-412,2.0,大学外语部,否,理论类课程,周一,2019-2020-2,,2019200020051B92373,,0,仙林校区,2019-2020学年 第2学期,92373,仙Ⅱ-412,0.0,否,,1,32,02,0,0,大学英语视听说（匡院）（第一层次）（二）,12,第5节-第6节,仙II区,00020051B
32.0,400330,大学英语视听说（匡院）（第一层次）（二）(20192-00020051B-6),2019200020051B92374,英语课,3,,22,1-17周,0,王文宇,1-17周 周一 第5节-第6节 ,2.0,大学外语部,否,理论类课程,周一,2019-2020-2,,2019200020051B92374,,0,仙林校区,2019-2020学年 第2学期,92374,仙1-418,0.0,否,,1,32,02,0,0,大学英语视听说（匡院）（第一层次）（二）,,第5节-第6节,,00020051B
32.0,400330,大学英语视听说（匡院）（第二层次）（二）(20192-00020052B-1),2019200020052B92375,英语课,3,,32,1-17周,0,张子源,1-17周 周二 第1节-第2节 仙Ⅱ-422,2.0,大学外语部,否,理论类课程,周二,2019-2020-2,,2019200020052B92375,2019匡亚明学院理科强化班,0,仙林校区,2019-2020学年 第2学期,92375,仙Ⅱ-422,0.0,否,,1,32,02,0,0,大学英语视听说（匡院）（第二层次）（二）,12,第1节-第2节,仙II区,00020052B
32.0,400330,大学英语视听说（匡院）（第二层次）（二）(20192-00020052B-2),2019200020052B92376,英语课,3,,31,1-17周,0,张子源,1-17周 周二 第3节-第4节 仙Ⅱ-422,2.0,大学外语部,否,理论类课程,周二,2019-2020-2,,2019200020052B92376,2019匡亚明学院理科强化班,0,仙林校区,2019-2020学年 第2学期,92376,仙Ⅱ-422,0.0,否,,1,32,02,0,0,大学英语视听说（匡院）（第二层次）（二）,12,第3节-第4节,仙II区,00020052B
32.0,400330,大学英语视听说（匡院）（第二层次）（二）(20192-00020052B-3),2019200020052B92377,英语课,3,,46,1-17周,0,张子源,1-17周 周二 第5节-第6节 仙Ⅱ-422,2.0,大学外语部,否,理论类课程,周二,2019-2020-2,,2019200020052B92377,,0,仙林校区,2019-2020学年 第2学期,92377,仙Ⅱ-422,0.0,否,,1,32,02,0,0,大学英语视听说（匡院）（第二层次）（二）,12,第5节-第6节,仙II区,00020052B
32.0,400330,大学英语视听说（匡院）（第二层次）（二）(20192-00020052B-4),2019200020052B92378,英语课,3,,23,1-17周,0,倪辉莉,1-17周 周一 第5节-第6节 仙Ⅱ-413,2.0,大学外语部,否,理论类课程,周一,2019-2020-2,,2019200020052B92378,,0,仙林校区,2019-2020学年 第2学期,92378,仙Ⅱ-413,0.0,否,,1,32,02,0,0,大学英语视听说（匡院）（第二层次）（二）,12,第5节-第6节,仙II区,00020052B
64.0,400151,C程序设计（第一层次）(20192-00030091-1),201920003009192083,计算机,3,,31,"1-17周,1-17周,1-17周",0,黄达明,"1-17周 周二 第3节-第4节 逸B-305,1-17周 周二 第5节-第8节 ,1-17周 周一 第5节-第6节 逸B-305",4.0,大学计算机基础教学部,否,理论+实验课程,"周一,周二,周二",2019-2020-2,,201920003009192083,,0,仙林校区,2019-2020学年 第2学期,92083,"逸B-305,基础实验楼乙109,逸B-305",64.0,否,,6,64,03,,0,C程序设计（第一层次）,16,"第5节-第6节,第5节-第8节,第3节-第4节",逸夫楼B区,00030091
48.0,400151,C程序设计（第二层次）(20192-00030092-1),201920003009292086,计算机,3,,156,"1-17周,1-17周,1-17周",0,张萍,"1-17周 周三 第3节-第4节 仙Ⅱ-207,1-17周 周四 第5节-第6节 ,1-17周 周四 第3节-第4节 仙Ⅱ-122",3.0,大学计算机基础教学部,否,理论+实践课程,"周三,周四,周四",2019-2020-2,,201920003009292086,2019*工科试验班*工科试验班,0,仙林校区,2019-2020学年 第2学期,92086,"仙Ⅱ-207,仙Ⅱ-122,基础实验楼乙109、110",,否,,5,,03,,0,C程序设计（第二层次）,12,"第3节-第4节,第3节-第4节,第5节-第6节",仙II区,00030092
48.0,400151,C程序设计（第二层次）(20192-00030092-2),201920003009292087,计算机,3,,103,"1-17周,1-17周,1-17周",0,金莹,"1-17周 周三 第3节-第4节 逸B-410,1-17周 周三 第5节-第6节 ,1-17周 周四 第3节-第4节 逸B-410",3.0,大学计算机基础教学部,否,理论+实践课程,"周三,周三,周四",2019-2020-2,,201920003009292087,2019*理科试验班（数理科学类）*数理科学类,0,仙林校区,2019-2020学年 第2学期,92087,"逸B-410,基础实验楼乙201、202,逸B-410",,否,,5,,03,,0,C程序设计（第二层次）,16,"第3节-第4节,第5节-第6节,第3节-第4节",逸夫楼B区,00030092
48.0,400151,C程序设计（第二层次）(20192-00030092-3),201920003009292088,计算机,3,,91,"1-17周,1-17周,1-17周",0,潘亦,"1-17周 周二 第3节-第4节 仙Ⅱ-406,1-17周 周三 第5节-第6节 ,1-17周 周三 第3节-第4节 仙Ⅱ-406",3.0,大学计算机基础教学部,否,理论+实践课程,"周二,周三,周三",2019-2020-2,,201920003009292088,2019*理科试验班（化学与生命科学类）*化学与生命科学类,0,仙林校区,2019-2020学年 第2学期,92088,"仙Ⅱ-406,仙Ⅱ-406,基础实验楼乙110",,否,,5,,03,,0,C程序设计（第二层次）,12,"第3节-第4节,第3节-第4节,第5节-第6节",仙II区,00030092
48.0,400151,Python程序设计（第二层次）(20192-00030102-1),201920003010292089,计算机,3,,214,"1-17周,1-17周,1-17周",0,张莉,"1-17周 周一 第1节-第2节 仙Ⅰ-320,1-17周 周三 第5节-第6节 ,1-17周 周三 第3节-第4节 仙Ⅰ-320",3.0,大学计算机基础教学部,否,理论+实践课程,"周一,周三,周三",2019-2020-2,,201920003010292089,"2019*理科试验班（数理科学类）*数理科学类,2019*理科试验班（化学与生命科学类）*化学与生命科学类",0,仙林校区,2019-2020学年 第2学期,92089,"仙Ⅰ-320,仙Ⅰ-320,基础实验楼乙107、109",32.0,否,,5,64,03,,0,Python程序设计（第二层次）,11,"第1节-第2节,第3节-第4节,第5节-第6节",仙I区,00030102
48.0,400151,Python程序设计（第三层次）(20192-00030103-1),201920003010392090,计算机,3,,128,"1-17周(单),1-17周,1-17周",0,张洁,"1-17周 周四 第1节-第2节 仙Ⅱ-504,1-17周(单) 周三 第3节-第4节 仙Ⅱ-504,1-17周 周四 第3节-第4节 ",3.0,大学计算机基础教学部,否,理论+实践课程,"周三,周四,周四",2019-2020-2,,201920003010392090,2019*经济管理试验班*经济管理试验班,0,仙林校区,2019-2020学年 第2学期,92090,"仙Ⅱ-504,仙Ⅱ-504,基础实验楼乙107、109",32.0,否,,5,48,03,,0,Python程序设计（第三层次）,12,"第3节-第4节,第1节-第2节,第3节-第4节",仙II区,00030103
48.0,400151,Python程序设计（第三层次）(20192-00030103-2),201920003010392091,计算机,3,,115,"1-17周(单),1-17周,1-17周",0,陶烨,"1-17周 周四 第1节-第2节 仙Ⅱ-503,1-17周(单) 周三 第3节-第4节 仙Ⅱ-503,1-17周 周四 第3节-第4节 ",3.0,大学计算机基础教学部,否,理论+实践课程,"周三,周四,周四",2019-2020-2,,201920003010392091,2019*经济管理试验班*经济管理试验班,0,仙林校区,2019-2020学年 第2学期,92091,"仙Ⅱ-503,仙Ⅱ-503,基础实验楼乙110、113",32.0,否,,5,48,03,,0,Python程序设计（第三层次）,12,"第3节-第4节,第1节-第2节,第3节-第4节",仙II区,00030103
48.0,400151,Python程序设计（第三层次）(20192-00030103-3),201920003010392092,计算机,3,,124,"1-17周(单),1-17周,1-17周",0,张洁,"1-17周 周四 第5节-第6节 仙Ⅱ-504,1-17周 周四 第7节-第8节 ,1-17周(单) 周三 第5节-第6节 仙Ⅱ-504",3.0,大学计算机基础教学部,否,理论+实践课程,"周三,周四,周四",2019-2020-2,,201920003010392092,2019*经济管理试验班*经济管理试验班,0,仙林校区,2019-2020学年 第2学期,92092,"仙Ⅱ-504,仙Ⅱ-504,基础实验楼乙110、113",32.0,否,,5,48,03,,0,Python程序设计（第三层次）,12,"第5节-第6节,第5节-第6节,第7节-第8节",仙II区,00030103
48.0,400151,Python程序设计（第三层次）(20192-00030103-4),201920003010392093,计算机,3,,118,"1-17周(单),1-17周,1-17周",0,陶烨,"1-17周 周四 第5节-第6节 仙Ⅱ-503,1-17周 周四 第7节-第8节 ,1-17周(单) 周三 第5节-第6节 仙Ⅱ-503",3.0,大学计算机基础教学部,否,理论+实践课程,"周三,周四,周四",2019-2020-2,,201920003010392093,2019*经济管理试验班*经济管理试验班,0,仙林校区,2019-2020学年 第2学期,92093,"仙Ⅱ-503,仙Ⅱ-503,基础实验楼乙110、113",32.0,否,,5,48,03,,0,Python程序设计（第三层次）,12,"第5节-第6节,第5节-第6节,第7节-第8节",仙II区,00030103
48.0,400151,程序设计（第二层次）(20192-00030192-1),201920003019292084,计算机,3,,126,"1-17周,1-17周,1-17周",0,张萍,"1-17周 周一 第3节-第4节 逸B-104,1-17周 周一 第5节-第6节 ,1-17周 周二 第3节-第4节 逸B-104",3.0,大学计算机基础教学部,否,理论+实验课程,"周一,周一,周二",2019-2020-2,,201920003019292084,"2018地球科学与工程学院地质学,2018大气科学学院理科试验班（地球系统科学与环境）,2018地球科学与工程学院地球物理学,2018地球科学与工程学院水文与水资源工程,2018地球科学与工程学院地质工程",0,仙林校区,2019-2020学年 第2学期,92084,"逸B-104,基础实验楼乙107,逸B-104",,否,,6,,03,,0,程序设计（第二层次）,16,"第3节-第4节,第5节-第6节,第3节-第4节",逸夫楼B区,00030192
16.0,400020,体育（四）(20192-00040010D-1),2019200040010D92723,体育课,3,,36,,0,,,1.0,历史学院,否,实践类课程,,2019-2020-2,,2019200040010D92723,"2018历史学院历史学,2018历史学院考古学（文物鉴定方向）,2018历史学院考古学",0,仙林校区,2019-2020学年 第2学期,92723,,0.0,否,,3,2,04,30,0,体育（四）,,,,00040010D
16.0,400340,游泳初级1,2019200040020A93934,体育课,3,,30,2-17周,0,李海军,2-17周 周一 第1节-第2节 ,0.75,体育部,否,实践类课程,周一,2019-2020-2,,2019200040020A93934,,0,仙林校区,2019-2020学年 第2学期,93934,游泳馆,0.0,否,,3,2,04,30,0,游泳初级,,第1节-第2节,,00040020A
16.0,400340,游泳初级6,2019200040020A93935,体育课,3,,30,2-17周,0,巩绪伟,2-17周 周二 第3节-第4节 ,0.75,体育部,否,实践类课程,周二,2019-2020-2,,2019200040020A93935,,0,仙林校区,2019-2020学年 第2学期,93935,游泳馆,0.0,否,,3,2,04,30,0,游泳初级,,第3节-第4节,,00040020A
16.0,400340,游泳初级15,2019200040020A93936,体育课,3,,30,2-17周,0,巩绪伟,2-17周 周三 第5节-第6节 ,0.75,体育部,否,实践类课程,周三,2019-2020-2,,2019200040020A93936,,0,仙林校区,2019-2020学年 第2学期,93936,游泳馆,0.0,否,,3,2,04,30,0,游泳初级,,第5节-第6节,,00040020A
16.0,400340,游泳初级18,2019200040020A93937,体育课,3,,30,2-17周,0,李海军,2-17周 周四 第5节-第6节 ,0.75,体育部,否,实践类课程,周四,2019-2020-2,,2019200040020A93937,,0,仙林校区,2019-2020学年 第2学期,93937,游泳馆,0.0,否,,3,2,04,30,0,游泳初级,,第5节-第6节,,00040020A
16.0,400340,游泳初级19,2019200040020A93938,体育课,3,,30,2-17周,0,王成,2-17周 周五 第1节-第2节 ,0.75,体育部,否,实践类课程,周五,2019-2020-2,,2019200040020A93938,,0,仙林校区,2019-2020学年 第2学期,93938,游泳馆,0.0,否,,3,2,04,30,0,游泳初级,,第1节-第2节,,00040020A
16.0,400340,游泳初级2,2019200040020A93999,体育课,3,,30,2-17周,0,李海军,2-17周 周一 第3节-第4节 ,0.75,体育部,否,实践类课程,周一,2019-2020-2,,2019200040020A93999,,0,仙林校区,2019-2020学年 第2学期,93999,游泳馆,0.0,否,,3,2,04,30,0,游泳初级,,第3节-第4节,,00040020A
16.0,400340,游泳初级3,2019200040020A94000,体育课,3,,30,2-17周,0,李海军,2-17周 周一 第5节-第6节 ,0.75,体育部,否,实践类课程,周一,2019-2020-2,,2019200040020A94000,,0,仙林校区,2019-2020学年 第2学期,94000,游泳馆,0.0,否,,3,2,04,30,0,游泳初级,,第5节-第6节,,00040020A
16.0,400340,游泳初级7,2019200040020A94001,体育课,3,,29,2-17周,0,李勇,2-17周 周二 第3节-第4节 ,0.75,体育部,否,实践类课程,周二,2019-2020-2,,2019200040020A94001,,0,仙林校区,2019-2020学年 第2学期,94001,游泳馆,0.0,否,,3,2,04,30,0,游泳初级,,第3节-第4节,,00040020A
16.0,400340,游泳初级8,2019200040020A94002,体育课,3,,30,2-17周,0,巩绪伟,2-17周 周二 第5节-第6节 ,0.75,体育部,否,实践类课程,周二,2019-2020-2,,2019200040020A94002,,0,仙林校区,2019-2020学年 第2学期,94002,游泳馆,0.0,否,,3,2,04,30,0,游泳初级,,第5节-第6节,,00040020A
16.0,400340,游泳初级9,2019200040020A94003,体育课,3,,30,2-17周,0,李勇,2-17周 周二 第5节-第6节 ,0.75,体育部,否,实践类课程,周二,2019-2020-2,,2019200040020A94003,,0,仙林校区,2019-2020学年 第2学期,94003,游泳馆,0.0,否,,3,2,04,30,0,游泳初级,,第5节-第6节,,00040020A
16.0,400340,游泳初级4,2019200040020A94004,体育课,3,,29,2-17周,0,巩绪伟,2-17周 周二 第1节-第2节 ,0.75,体育部,否,实践类课程,周二,2019-2020-2,,2019200040020A94004,,0,仙林校区,2019-2020学年 第2学期,94004,游泳馆,0.0,否,,3,2,04,30,0,游泳初级,,第1节-第2节,,00040020A
16.0,400340,游泳初级5,2019200040020A94005,体育课,3,,30,2-17周,0,李勇,2-17周 周二 第1节-第2节 ,0.75,体育部,否,实践类课程,周二,2019-2020-2,,2019200040020A94005,,0,仙林校区,2019-2020学年 第2学期,94005,游泳馆,0.0,否,,3,2,04,30,0,游泳初级,,第1节-第2节,,00040020A
16.0,400340,游泳初级10,2019200040020A94006,体育课,3,,30,2-17周,0,李勇,2-17周 周三 第1节-第2节 ,0.75,体育部,否,实践类课程,周三,2019-2020-2,,2019200040020A94006,,0,仙林校区,2019-2020学年 第2学期,94006,游泳馆,0.0,否,,3,2,04,30,0,游泳初级,,第1节-第2节,,00040020A
16.0,400340,游泳初级11,2019200040020A94007,体育课,3,,29,2-17周,0,巩绪伟,2-17周 周三 第1节-第2节 ,0.75,体育部,否,实践类课程,周三,2019-2020-2,,2019200040020A94007,,0,仙林校区,2019-2020学年 第2学期,94007,游泳馆,0.0,否,,3,2,04,30,0,游泳初级,,第1节-第2节,,00040020A
16.0,400340,游泳初级12,2019200040020A94008,体育课,3,,24,2-17周,0,李勇,2-17周 周三 第3节-第4节 ,0.75,体育部,否,实践类课程,周三,2019-2020-2,,2019200040020A94008,,0,仙林校区,2019-2020学年 第2学期,94008,游泳馆,0.0,否,,3,2,04,30,0,游泳初级,,第3节-第4节,,00040020A
16.0,400340,游泳初级13,2019200040020A94009,体育课,3,,29,2-17周,0,巩绪伟,2-17周 周三 第3节-第4节 ,0.75,体育部,否,实践类课程,周三,2019-2020-2,,2019200040020A94009,,0,仙林校区,2019-2020学年 第2学期,94009,游泳馆,0.0,否,,3,2,04,30,0,游泳初级,,第3节-第4节,,00040020A
16.0,400340,游泳初级14,2019200040020A94010,体育课,3,,29,2-17周,0,李勇,2-17周 周三 第5节-第6节 ,0.75,体育部,否,实践类课程,周三,2019-2020-2,,2019200040020A94010,,0,仙林校区,2019-2020学年 第2学期,94010,游泳馆,0.0,否,,3,2,04,30,0,游泳初级,,第5节-第6节,,00040020A
16.0,400340,游泳初级16,2019200040020A94011,体育课,3,,30,2-17周,0,李海军,2-17周 周四 第1节-第2节 ,0.75,体育部,否,实践类课程,周四,2019-2020-2,,2019200040020A94011,,0,仙林校区,2019-2020学年 第2学期,94011,游泳馆,0.0,否,,3,2,04,30,0,游泳初级,,第1节-第2节,,00040020A
16.0,400340,游泳初级17,2019200040020A94012,体育课,3,,30,2-17周,0,李海军,2-17周 周四 第3节-第4节 ,0.75,体育部,否,实践类课程,周四,2019-2020-2,,2019200040020A94012,,0,仙林校区,2019-2020学年 第2学期,94012,游泳馆,0.0,否,,3,2,04,30,0,游泳初级,,第3节-第4节,,00040020A
16.0,400340,游泳初级20,2019200040020A94013,体育课,3,,30,2-17周,0,王成,2-17周 周五 第3节-第4节 ,0.75,体育部,否,实践类课程,周五,2019-2020-2,,2019200040020A94013,,0,仙林校区,2019-2020学年 第2学期,94013,游泳馆,0.0,否,,3,2,04,30,0,游泳初级,,第3节-第4节,,00040020A
16.0,400340,游泳初级21,2019200040020A94116,体育课,3,,30,2-17周,0,李海军,2-17周 周五 第1节-第2节 ,0.75,体育部,否,实践类课程,周五,2019-2020-2,,2019200040020A94116,,0,仙林校区,2019-2020学年 第2学期,94116,无,0.0,否,,3,2,04,30,0,游泳初级,,第1节-第2节,,00040020A
16.0,400340,游泳初级22,2019200040020A94117,体育课,3,,19,2-17周,0,李海军,2-17周 周五 第3节-第4节 ,0.75,体育部,否,实践类课程,周五,2019-2020-2,,2019200040020A94117,,0,仙林校区,2019-2020学年 第2学期,94117,无,0.0,否,,3,2,04,30,0,游泳初级,,第3节-第4节,,00040020A
16.0,400340,篮球初级1,2019200040030A93879,体育课,3,,30,2-17周,0,翟一飞,2-17周 周一 第1节-第2节 ,0.75,体育部,否,实践类课程,周一,2019-2020-2,,2019200040030A93879,,0,仙林校区,2019-2020学年 第2学期,93879,方肇周副馆,0.0,否,,3,2,04,30,0,篮球初级,,第1节-第2节,,00040030A
16.0,400340,篮球初级4,2019200040030A93880,体育课,3,,30,2-17周,0,周梅芳,2-17周 周二 第1节-第2节 ,0.75,体育部,否,实践类课程,周二,2019-2020-2,,2019200040030A93880,,0,仙林校区,2019-2020学年 第2学期,93880,方肇周副馆,0.0,否,,3,2,04,30,0,篮球初级,,第1节-第2节,,00040030A
16.0,400340,篮球初级7,2019200040030A93881,体育课,3,,30,2-17周,0,王慧,2-17周 周三 第1节-第2节 ,0.75,体育部,否,实践类课程,周三,2019-2020-2,,2019200040030A93881,,0,仙林校区,2019-2020学年 第2学期,93881,方肇周副馆,0.0,否,,3,2,04,30,0,篮球初级,,第1节-第2节,,00040030A
16.0,400340,篮球初级10,2019200040030A93882,体育课,3,,27,2-17周,0,张弓,2-17周 周五 第3节-第4节 ,0.75,体育部,否,实践类课程,周五,2019-2020-2,,2019200040030A93882,,0,仙林校区,2019-2020学年 第2学期,93882,四组团体育馆,0.0,否,,3,2,04,30,0,篮球初级,,第3节-第4节,,00040030A
16.0,400340,篮球初级2,2019200040030A93883,体育课,3,,30,2-17周,0,翟一飞,2-17周 周一 第3节-第4节 ,0.75,体育部,否,实践类课程,周一,2019-2020-2,,2019200040030A93883,,0,仙林校区,2019-2020学年 第2学期,93883,方肇周副馆,0.0,否,,3,2,04,30,0,篮球初级,,第3节-第4节,,00040030A
16.0,400340,篮球初级3,2019200040030A93884,体育课,3,,30,2-17周,0,翟一飞,2-17周 周一 第5节-第6节 ,0.75,体育部,否,实践类课程,周一,2019-2020-2,,2019200040030A93884,,0,仙林校区,2019-2020学年 第2学期,93884,方肇周副馆,0.0,否,,3,2,04,30,0,篮球初级,,第5节-第6节,,00040030A
16.0,400340,篮球初级5,2019200040030A93885,体育课,3,,30,2-17周,0,周梅芳,2-17周 周二 第3节-第4节 ,0.75,体育部,否,实践类课程,周二,2019-2020-2,,2019200040030A93885,,0,仙林校区,2019-2020学年 第2学期,93885,方肇周副馆,0.0,否,,3,2,04,30,0,篮球初级,,第3节-第4节,,00040030A
16.0,400340,篮球初级6,2019200040030A93886,体育课,3,,30,2-17周,0,周梅芳,2-17周 周二 第5节-第6节 ,0.75,体育部,否,实践类课程,周二,2019-2020-2,,2019200040030A93886,,0,仙林校区,2019-2020学年 第2学期,93886,方肇周副馆,0.0,否,,3,2,04,30,0,篮球初级,,第5节-第6节,,00040030A
16.0,400340,篮球初级8,2019200040030A93887,体育课,3,,30,2-17周,0,王慧,2-17周 周三 第3节-第4节 ,0.75,体育部,否,实践类课程,周三,2019-2020-2,,2019200040030A93887,,0,仙林校区,2019-2020学年 第2学期,93887,方肇周副馆,0.0,否,,3,2,04,30,0,篮球初级,,第3节-第4节,,00040030A
16.0,400340,篮球初级9,2019200040030A93888,体育课,3,,30,2-17周,0,王慧,2-17周 周三 第5节-第6节 ,0.75,体育部,否,实践类课程,周三,2019-2020-2,,2019200040030A93888,,0,仙林校区,2019-2020学年 第2学期,93888,方肇周副馆,0.0,否,,3,2,04,30,0,篮球初级,,第5节-第6节,,00040030A
16.0,400340,篮球初级11,2019200040030A94118,体育课,3,,16,2-17周,0,翟一飞,2-17周 周四 第1节-第2节 ,0.75,体育部,否,实践类课程,周四,2019-2020-2,,2019200040030A94118,,0,仙林校区,2019-2020学年 第2学期,94118,无,0.0,否,,3,2,04,30,0,篮球初级,,第1节-第2节,,00040030A
16.0,400340,排球初级1,2019200040050A93889,体育课,3,,30,2-17周,0,王喆,2-17周 周一 第1节-第2节 ,0.75,体育部,否,实践类课程,周一,2019-2020-2,,2019200040050A93889,,0,仙林校区,2019-2020学年 第2学期,93889,方肇周副馆,0.0,否,,3,2,04,30,0,排球初级,,第1节-第2节,,00040050A
16.0,400340,排球初级2,2019200040050A93890,体育课,3,,30,2-17周,0,罗卫民,2-17周 周一 第1节-第2节 ,0.75,体育部,否,实践类课程,周一,2019-2020-2,,2019200040050A93890,,0,仙林校区,2019-2020学年 第2学期,93890,方肇周主馆,0.0,否,,3,2,04,30,0,排球初级,,第1节-第2节,,00040050A
16.0,400340,排球初级3,2019200040050A93891,体育课,3,,30,2-17周,0,王喆,2-17周 周一 第3节-第4节 ,0.75,体育部,否,实践类课程,周一,2019-2020-2,,2019200040050A93891,,0,仙林校区,2019-2020学年 第2学期,93891,方肇周副馆,0.0,否,,3,2,04,30,0,排球初级,,第3节-第4节,,00040050A
16.0,400340,排球初级4,2019200040050A93892,体育课,3,,30,2-17周,0,罗卫民,2-17周 周一 第3节-第4节 ,0.75,体育部,否,实践类课程,周一,2019-2020-2,,2019200040050A93892,,0,仙林校区,2019-2020学年 第2学期,93892,方肇周主馆,0.0,否,,3,2,04,30,0,排球初级,,第3节-第4节,,00040050A
16.0,400340,排球初级5,2019200040050A93893,体育课,3,,30,2-17周,0,王喆,2-17周 周一 第5节-第6节 ,0.75,体育部,否,实践类课程,周一,2019-2020-2,,2019200040050A93893,,0,仙林校区,2019-2020学年 第2学期,93893,室外排球场12,0.0,否,,3,2,04,30,0,排球初级,,第5节-第6节,,00040050A
16.0,400340,排球初级6,2019200040050A93894,体育课,3,,30,2-17周,0,罗卫民,2-17周 周一 第5节-第6节 ,0.75,体育部,否,实践类课程,周一,2019-2020-2,,2019200040050A93894,,0,仙林校区,2019-2020学年 第2学期,93894,室外排球场34,0.0,否,,3,2,04,30,0,排球初级,,第5节-第6节,,00040050A
16.0,400340,排球初级10,2019200040050A93895,体育课,3,,29,2-17周,0,吕春松,2-17周 周二 第3节-第4节 ,0.75,体育部,否,实践类课程,周二,2019-2020-2,,2019200040050A93895,,0,仙林校区,2019-2020学年 第2学期,93895,方肇周主馆,0.0,否,,3,2,04,30,0,排球初级,,第3节-第4节,,00040050A
16.0,400340,排球初级9,2019200040050A93896,体育课,3,,30,2-17周,0,陈樨,2-17周 周二 第3节-第4节 ,0.75,体育部,否,实践类课程,周二,2019-2020-2,,2019200040050A93896,,0,仙林校区,2019-2020学年 第2学期,93896,方肇周副馆,0.0,否,,3,2,04,30,0,排球初级,,第3节-第4节,,00040050A
16.0,400340,排球初级11,2019200040050A93897,体育课,3,,19,2-17周,0,陈樨,2-17周 周二 第5节-第6节 ,0.75,体育部,否,实践类课程,周二,2019-2020-2,,2019200040050A93897,,0,仙林校区,2019-2020学年 第2学期,93897,方肇周副馆,0.0,否,,3,2,04,30,0,排球初级,,第5节-第6节,,00040050A
16.0,400340,排球初级12,2019200040050A93898,体育课,3,,30,2-17周,0,吕春松,2-17周 周二 第5节-第6节 ,0.75,体育部,否,实践类课程,周二,2019-2020-2,,2019200040050A93898,,0,仙林校区,2019-2020学年 第2学期,93898,室外排球场34,0.0,否,,3,2,04,30,0,排球初级,,第5节-第6节,,00040050A
16.0,400340,排球初级7,2019200040050A93899,体育课,3,,29,2-17周,0,陈樨,2-17周 周二 第1节-第2节 ,0.75,体育部,否,实践类课程,周二,2019-2020-2,,2019200040050A93899,,0,仙林校区,2019-2020学年 第2学期,93899,方肇周副馆,0.0,否,,3,2,04,30,0,排球初级,,第1节-第2节,,00040050A
16.0,400340,排球初级8,2019200040050A93900,体育课,3,,30,2-17周,0,吕春松,2-17周 周二 第1节-第2节 ,0.75,体育部,否,实践类课程,周二,2019-2020-2,,2019200040050A93900,,0,仙林校区,2019-2020学年 第2学期,93900,方肇周主馆,0.0,否,,3,2,04,30,0,排球初级,,第1节-第2节,,00040050A
16.0,400340,排球初级14,2019200040050A93901,体育课,3,,30,2-17周,0,罗卫民,2-17周 周三 第1节-第2节 ,0.75,体育部,否,实践类课程,周三,2019-2020-2,,2019200040050A93901,,0,仙林校区,2019-2020学年 第2学期,93901,方肇周主馆,0.0,否,,3,2,04,30,0,排球初级,,第1节-第2节,,00040050A
16.0,400340,排球初级13,2019200040050A93902,体育课,3,,30,2-17周,0,王喆,2-17周 周三 第1节-第2节 ,0.75,体育部,否,实践类课程,周三,2019-2020-2,,2019200040050A93902,,0,仙林校区,2019-2020学年 第2学期,93902,方肇周副馆,0.0,否,,3,2,04,30,0,排球初级,,第1节-第2节,,00040050A
16.0,400340,排球初级15,2019200040050A93903,体育课,3,,29,2-17周,0,王喆,2-17周 周三 第3节-第4节 ,0.75,体育部,否,实践类课程,周三,2019-2020-2,,2019200040050A93903,,0,仙林校区,2019-2020学年 第2学期,93903,方肇周副馆,0.0,否,,3,2,04,30,0,排球初级,,第3节-第4节,,00040050A
16.0,400340,排球初级16,2019200040050A93904,体育课,3,,30,2-17周,0,罗卫民,2-17周 周三 第3节-第4节 ,0.75,体育部,否,实践类课程,周三,2019-2020-2,,2019200040050A93904,,0,仙林校区,2019-2020学年 第2学期,93904,方肇周主馆,0.0,否,,3,2,04,30,0,排球初级,,第3节-第4节,,00040050A
16.0,400340,排球初级17,2019200040050A93905,体育课,3,,29,2-17周,0,王喆,2-17周 周三 第5节-第6节 ,0.75,体育部,否,实践类课程,周三,2019-2020-2,,2019200040050A93905,,0,仙林校区,2019-2020学年 第2学期,93905,室外排球场12,0.0,否,,3,2,04,30,0,排球初级,,第5节-第6节,,00040050A
16.0,400340,排球初级18,2019200040050A93906,体育课,3,,30,2-17周,0,罗卫民,2-17周 周三 第5节-第6节 ,0.75,体育部,否,实践类课程,周三,2019-2020-2,,2019200040050A93906,,0,仙林校区,2019-2020学年 第2学期,93906,室外排球场34,0.0,否,,3,2,04,30,0,排球初级,,第5节-第6节,,00040050A
16.0,400340,排球初级19,2019200040050A93908,体育课,3,,30,2-17周,0,吕春松,2-17周 周四 第1节-第2节 ,0.75,体育部,否,实践类课程,周四,2019-2020-2,,2019200040050A93908,,0,仙林校区,2019-2020学年 第2学期,93908,方肇周主馆,0.0,否,,3,2,04,30,0,排球初级,,第1节-第2节,,00040050A
16.0,400340,排球初级20,2019200040050A93909,体育课,3,,28,2-17周,0,吕春松,2-17周 周四 第3节-第4节 ,0.75,体育部,否,实践类课程,周四,2019-2020-2,,2019200040050A93909,,0,仙林校区,2019-2020学年 第2学期,93909,方肇周主馆,0.0,否,,3,2,04,30,0,排球初级,,第3节-第4节,,00040050A
16.0,400340,排球初级21,2019200040050A93910,体育课,3,,30,2-17周,0,吕春松,2-17周 周四 第5节-第6节 ,0.75,体育部,否,实践类课程,周四,2019-2020-2,,2019200040050A93910,,0,仙林校区,2019-2020学年 第2学期,93910,室外排球场34,0.0,否,,3,2,04,30,0,排球初级,,第5节-第6节,,00040050A
16.0,400340,排球初级22,2019200040050A93911,体育课,3,,30,2-17周,0,陈朝辉,2-17周 周五 第1节-第2节 ,0.75,体育部,否,实践类课程,周五,2019-2020-2,,2019200040050A93911,,0,仙林校区,2019-2020学年 第2学期,93911,方肇周主馆,0.0,否,,3,2,04,30,0,排球初级,,第1节-第2节,,00040050A
16.0,400340,排球初级23,2019200040050A93912,体育课,3,,30,2-17周,0,宋杨,2-17周 周五 第1节-第2节 ,0.75,体育部,否,实践类课程,周五,2019-2020-2,,2019200040050A93912,,0,仙林校区,2019-2020学年 第2学期,93912,方肇周副馆,0.0,否,,3,2,04,30,0,排球初级,,第1节-第2节,,00040050A
16.0,400340,排球初级24,2019200040050A93913,体育课,3,,30,2-17周,0,陈朝辉,2-17周 周五 第3节-第4节 ,0.75,体育部,否,实践类课程,周五,2019-2020-2,,2019200040050A93913,,0,仙林校区,2019-2020学年 第2学期,93913,方肇周主馆,0.0,否,,3,2,04,30,0,排球初级,,第3节-第4节,,00040050A
16.0,400340,排球初级25,2019200040050A93914,体育课,3,,26,2-17周,0,宋杨,2-17周 周五 第3节-第4节 ,0.75,体育部,否,实践类课程,周五,2019-2020-2,,2019200040050A93914,,0,仙林校区,2019-2020学年 第2学期,93914,方肇周副馆,0.0,否,,3,2,04,30,0,排球初级,,第3节-第4节,,00040050A
16.0,400340,足球初级1,2019200040070A93946,体育课,3,,30,2-17周,0,李俊,2-17周 周一 第1节-第2节 ,0.75,体育部,否,实践类课程,周一,2019-2020-2,,2019200040070A93946,,0,仙林校区,2019-2020学年 第2学期,93946,足球场,0.0,否,,3,2,04,30,0,足球初级,,第1节-第2节,,00040070A
16.0,400340,足球初级8,2019200040070A93948,体育课,3,,8,2-17周,0,夏军,2-17周 周三 第3节-第4节 ,0.75,体育部,否,实践类课程,周三,2019-2020-2,,2019200040070A93948,,0,仙林校区,2019-2020学年 第2学期,93948,足球场,0.0,否,,3,2,04,30,0,足球初级,,第3节-第4节,,00040070A
16.0,400340,足球初级12,2019200040070A93949,体育课,3,,4,2-17周,0,夏军,2-17周 周四 第3节-第4节 ,0.75,体育部,否,实践类课程,周四,2019-2020-2,,2019200040070A93949,,0,仙林校区,2019-2020学年 第2学期,93949,足球场南,0.0,否,,3,2,04,30,0,足球初级,,第3节-第4节,,00040070A
16.0,400340,足球初级18,2019200040070A93950,体育课,3,,25,2-17周,0,程涛,2-17周 周五 第3节-第4节 ,0.75,体育部,否,实践类课程,周五,2019-2020-2,,2019200040070A93950,,0,仙林校区,2019-2020学年 第2学期,93950,第二运动场,0.0,否,,3,2,04,30,0,足球初级,,第3节-第4节,,00040070A
16.0,400340,足球初级2,2019200040070A94040,体育课,3,,29,2-17周,0,李俊,2-17周 周一 第3节-第4节 ,0.75,体育部,否,实践类课程,周一,2019-2020-2,,2019200040070A94040,,0,仙林校区,2019-2020学年 第2学期,94040,足球场,0.0,否,,3,2,04,30,0,足球初级,,第3节-第4节,,00040070A
16.0,400340,足球初级3,2019200040070A94041,体育课,3,,30,2-17周,0,李俊,2-17周 周一 第5节-第6节 ,0.75,体育部,否,实践类课程,周一,2019-2020-2,,2019200040070A94041,,0,仙林校区,2019-2020学年 第2学期,94041,足球场,0.0,否,,3,2,04,30,0,足球初级,,第5节-第6节,,00040070A
16.0,400340,足球初级6,2019200040070A94043,体育课,3,,30,2-17周,0,李俊,2-17周 周二 第5节-第6节 ,0.75,体育部,否,实践类课程,周二,2019-2020-2,,2019200040070A94043,,0,仙林校区,2019-2020学年 第2学期,94043,足球场,0.0,否,,3,2,04,30,0,足球初级,,第5节-第6节,,00040070A
16.0,400340,足球初级9,2019200040070A94044,体育课,3,,24,2-17周,0,夏军,2-17周 周三 第5节-第6节 ,0.75,体育部,否,实践类课程,周三,2019-2020-2,,2019200040070A94044,,0,仙林校区,2019-2020学年 第2学期,94044,足球场,0.0,否,,3,2,04,30,0,足球初级,,第5节-第6节,,00040070A
16.0,400340,足球初级7,2019200040070A94045,体育课,3,,30,2-17周,0,夏军,2-17周 周三 第1节-第2节 ,0.75,体育部,否,实践类课程,周三,2019-2020-2,,2019200040070A94045,,0,仙林校区,2019-2020学年 第2学期,94045,足球场,0.0,否,,3,2,04,30,0,足球初级,,第1节-第2节,,00040070A
16.0,400340,足球初级10,2019200040070A94046,体育课,3,,26,2-17周,0,夏军,2-17周 周四 第1节-第2节 ,0.75,体育部,否,实践类课程,周四,2019-2020-2,,2019200040070A94046,,0,仙林校区,2019-2020学年 第2学期,94046,足球场南,0.0,否,,3,2,04,30,0,足球初级,,第1节-第2节,,00040070A
16.0,400340,足球初级11,2019200040070A94047,体育课,3,,25,2-17周,0,吴海乐,2-17周 周四 第1节-第2节 ,0.75,体育部,否,实践类课程,周四,2019-2020-2,,2019200040070A94047,,0,仙林校区,2019-2020学年 第2学期,94047,足球场北,0.0,否,,3,2,04,30,0,足球初级,,第1节-第2节,,00040070A
16.0,400340,足球初级4,2019200040070A94048,体育课,3,,30,2-17周,0,李俊,2-17周 周二 第1节-第2节 ,0.75,体育部,否,实践类课程,周二,2019-2020-2,,2019200040070A94048,,0,仙林校区,2019-2020学年 第2学期,94048,足球场,0.0,否,,3,2,04,30,0,足球初级,,第1节-第2节,,00040070A
16.0,400340,足球初级5,2019200040070A94049,体育课,3,,29,2-17周,0,李俊,2-17周 周二 第3节-第4节 ,0.75,体育部,否,实践类课程,周二,2019-2020-2,,2019200040070A94049,,0,仙林校区,2019-2020学年 第2学期,94049,足球场,0.0,否,,3,2,04,30,0,足球初级,,第3节-第4节,,00040070A
16.0,400340,足球初级15,2019200040070A94050,体育课,3,,28,2-17周,0,臧宇,2-17周 周五 第1节-第2节 ,0.75,体育部,否,实践类课程,周五,2019-2020-2,,2019200040070A94050,,0,仙林校区,2019-2020学年 第2学期,94050,足球场,0.0,否,,3,2,04,30,0,足球初级,,第1节-第2节,,00040070A
16.0,400340,足球初级16,2019200040070A94051,体育课,3,,21,2-17周,0,程涛,2-17周 周五 第1节-第2节 ,0.75,体育部,否,实践类课程,周五,2019-2020-2,,2019200040070A94051,,0,仙林校区,2019-2020学年 第2学期,94051,第二运动场,0.0,否,,3,2,04,30,0,足球初级,,第1节-第2节,,00040070A
16.0,400340,足球初级17,2019200040070A94052,体育课,3,,26,2-17周,0,臧宇,2-17周 周五 第3节-第4节 ,0.75,体育部,否,实践类课程,周五,2019-2020-2,,2019200040070A94052,,0,仙林校区,2019-2020学年 第2学期,94052,足球场,0.0,否,,3,2,04,30,0,足球初级,,第3节-第4节,,00040070A
16.0,400340,足球初级13,2019200040070A94053,体育课,3,,3,2-17周,0,吴海乐,2-17周 周四 第3节-第4节 ,0.75,体育部,否,实践类课程,周四,2019-2020-2,,2019200040070A94053,,0,仙林校区,2019-2020学年 第2学期,94053,足球场北,0.0,否,,3,2,04,30,0,足球初级,,第3节-第4节,,00040070A
16.0,400340,足球初级14,2019200040070A94054,体育课,3,,21,2-17周,0,夏军,2-17周 周四 第5节-第6节 ,0.75,体育部,否,实践类课程,周四,2019-2020-2,,2019200040070A94054,,0,仙林校区,2019-2020学年 第2学期,94054,足球场南,0.0,否,,3,2,04,30,0,足球初级,,第5节-第6节,,00040070A
16.0,400340,足球初级19,2019200040070A94119,体育课,3,,18,2-17周,0,吴海乐,2-17周 周四 第7节-第8节 ,0.75,体育部,否,实践类课程,周四,2019-2020-2,,2019200040070A94119,,0,仙林校区,2019-2020学年 第2学期,94119,无,0.0,否,,3,2,04,30,0,足球初级,,第7节-第8节,,00040070A
16.0,400340,乒乓球初级1,2019200040090A93915,体育课,3,,30,2-17周,0,冯晓雨,2-17周 周一 第1节-第2节 ,0.75,体育部,否,实践类课程,周一,2019-2020-2,,2019200040090A93915,,0,仙林校区,2019-2020学年 第2学期,93915,乒乓球馆,0.0,否,,3,2,04,30,0,乒乓球初级,,第1节-第2节,,00040090A
16.0,400340,乒乓球初级12,2019200040090A93916,体育课,3,,30,2-17周,0,臧育扬,2-17周 周二 第5节-第6节 ,0.75,体育部,否,实践类课程,周二,2019-2020-2,,2019200040090A93916,,0,仙林校区,2019-2020学年 第2学期,93916,乒乓球馆,0.0,否,,3,2,04,30,0,乒乓球初级,,第5节-第6节,,00040090A
16.0,400340,乒乓球初级20,2019200040090A93918,体育课,3,,28,2-17周,0,殷晓霞,2-17周 周四 第5节-第6节 ,0.75,体育部,否,实践类课程,周四,2019-2020-2,,2019200040090A93918,,0,仙林校区,2019-2020学年 第2学期,93918,乒乓球馆,0.0,否,,3,2,04,30,0,乒乓球初级,,第5节-第6节,,00040090A
16.0,400340,乒乓球初级22,2019200040090A93919,体育课,3,,30,2-17周,0,殷晓霞,2-17周 周五 第3节-第4节 ,0.75,体育部,否,实践类课程,周五,2019-2020-2,,2019200040090A93919,,0,仙林校区,2019-2020学年 第2学期,93919,乒乓球馆,0.0,否,,3,2,04,30,0,乒乓球初级,,第3节-第4节,,00040090A
16.0,400340,乒乓球初级2,2019200040090A93955,体育课,3,,29,2-17周,0,问梅,2-17周 周一 第1节-第2节 ,0.75,体育部,否,实践类课程,周一,2019-2020-2,,2019200040090A93955,,0,仙林校区,2019-2020学年 第2学期,93955,乒乓球馆,0.0,否,,3,2,04,30,0,乒乓球初级,,第1节-第2节,,00040090A
16.0,400340,乒乓球初级3,2019200040090A93956,体育课,3,,30,2-17周,0,冯晓雨,2-17周 周一 第3节-第4节 ,0.75,体育部,否,实践类课程,周一,2019-2020-2,,2019200040090A93956,,0,仙林校区,2019-2020学年 第2学期,93956,乒乓球馆,0.0,否,,3,2,04,30,0,乒乓球初级,,第3节-第4节,,00040090A
16.0,400340,乒乓球初级4,2019200040090A93957,体育课,3,,29,2-17周,0,问梅,2-17周 周一 第3节-第4节 ,0.75,体育部,否,实践类课程,周一,2019-2020-2,,2019200040090A93957,,0,仙林校区,2019-2020学年 第2学期,93957,乒乓球馆,0.0,否,,3,2,04,30,0,乒乓球初级,,第3节-第4节,,00040090A
16.0,400340,乒乓球初级5,2019200040090A93958,体育课,3,,30,2-17周,0,冯晓雨,2-17周 周一 第5节-第6节 ,0.75,体育部,否,实践类课程,周一,2019-2020-2,,2019200040090A93958,,0,仙林校区,2019-2020学年 第2学期,93958,乒乓球馆,0.0,否,,3,2,04,30,0,乒乓球初级,,第5节-第6节,,00040090A
16.0,400340,乒乓球初级6,2019200040090A93959,体育课,3,,30,2-17周,0,问梅,2-17周 周一 第5节-第6节 ,0.75,体育部,否,实践类课程,周一,2019-2020-2,,2019200040090A93959,,0,仙林校区,2019-2020学年 第2学期,93959,乒乓球馆,0.0,否,,3,2,04,30,0,乒乓球初级,,第5节-第6节,,00040090A
16.0,400340,乒乓球初级7,2019200040090A93960,体育课,3,,30,2-17周,0,禹雪璐,2-17周 周二 第1节-第2节 ,0.75,体育部,否,实践类课程,周二,2019-2020-2,,2019200040090A93960,,0,仙林校区,2019-2020学年 第2学期,93960,乒乓球馆,0.0,否,,3,2,04,30,0,乒乓球初级,,第1节-第2节,,00040090A
16.0,400340,乒乓球初级8,2019200040090A93961,体育课,3,,30,2-17周,0,臧育扬,2-17周 周二 第1节-第2节 ,0.75,体育部,否,实践类课程,周二,2019-2020-2,,2019200040090A93961,,0,仙林校区,2019-2020学年 第2学期,93961,乒乓球馆,0.0,否,,3,2,04,30,0,乒乓球初级,,第1节-第2节,,00040090A
16.0,400340,乒乓球初级9,2019200040090A93962,体育课,3,,30,2-17周,0,禹雪璐,2-17周 周二 第3节-第4节 ,0.75,体育部,否,实践类课程,周二,2019-2020-2,,2019200040090A93962,,0,仙林校区,2019-2020学年 第2学期,93962,乒乓球馆,0.0,否,,3,2,04,30,0,乒乓球初级,,第3节-第4节,,00040090A
16.0,400340,乒乓球初级10,2019200040090A93963,体育课,3,,30,2-17周,0,臧育扬,2-17周 周二 第3节-第4节 ,0.75,体育部,否,实践类课程,周二,2019-2020-2,,2019200040090A93963,,0,仙林校区,2019-2020学年 第2学期,93963,乒乓球馆,0.0,否,,3,2,04,30,0,乒乓球初级,,第3节-第4节,,00040090A
16.0,400340,乒乓球初级11,2019200040090A93964,体育课,3,,30,2-17周,0,禹雪璐,2-17周 周二 第5节-第6节 ,0.75,体育部,否,实践类课程,周二,2019-2020-2,,2019200040090A93964,,0,仙林校区,2019-2020学年 第2学期,93964,乒乓球馆,0.0,否,,3,2,04,30,0,乒乓球初级,,第5节-第6节,,00040090A
16.0,400340,乒乓球初级13,2019200040090A93965,体育课,3,,29,2-17周,0,冯晓雨,2-17周 周三 第1节-第2节 ,0.75,体育部,否,实践类课程,周三,2019-2020-2,,2019200040090A93965,,0,仙林校区,2019-2020学年 第2学期,93965,乒乓球馆,0.0,否,,3,2,04,30,0,乒乓球初级,,第1节-第2节,,00040090A
16.0,400340,乒乓球初级14,2019200040090A93966,体育课,3,,30,2-17周,0,禹雪璐,2-17周 周三 第1节-第2节 ,0.75,体育部,否,实践类课程,周三,2019-2020-2,,2019200040090A93966,,0,仙林校区,2019-2020学年 第2学期,93966,乒乓球馆,0.0,否,,3,2,04,30,0,乒乓球初级,,第1节-第2节,,00040090A
16.0,400340,乒乓球初级15,2019200040090A93967,体育课,3,,30,2-17周,0,冯晓雨,2-17周 周三 第3节-第4节 ,0.75,体育部,否,实践类课程,周三,2019-2020-2,,2019200040090A93967,,0,仙林校区,2019-2020学年 第2学期,93967,乒乓球馆,0.0,否,,3,2,04,30,0,乒乓球初级,,第3节-第4节,,00040090A
16.0,400340,乒乓球初级16,2019200040090A93968,体育课,3,,30,2-17周,0,禹雪璐,2-17周 周三 第3节-第4节 ,0.75,体育部,否,实践类课程,周三,2019-2020-2,,2019200040090A93968,,0,仙林校区,2019-2020学年 第2学期,93968,乒乓球馆,0.0,否,,3,2,04,30,0,乒乓球初级,,第3节-第4节,,00040090A
16.0,400340,乒乓球初级17,2019200040090A93969,体育课,3,,30,2-17周,0,冯晓雨,2-17周 周三 第5节-第6节 ,0.75,体育部,否,实践类课程,周三,2019-2020-2,,2019200040090A93969,,0,仙林校区,2019-2020学年 第2学期,93969,乒乓球馆,0.0,否,,3,2,04,30,0,乒乓球初级,,第5节-第6节,,00040090A
16.0,400340,乒乓球初级18,2019200040090A93971,体育课,3,,30,2-17周,0,殷飞,2-17周 周四 第1节-第2节 ,0.75,体育部,否,实践类课程,周四,2019-2020-2,,2019200040090A93971,,0,仙林校区,2019-2020学年 第2学期,93971,乒乓球馆,0.0,否,,3,2,04,30,0,乒乓球初级,,第1节-第2节,,00040090A
16.0,400340,乒乓球初级19,2019200040090A93972,体育课,3,,30,2-17周,0,殷晓霞,2-17周 周四 第3节-第4节 ,0.75,体育部,否,实践类课程,周四,2019-2020-2,,2019200040090A93972,,0,仙林校区,2019-2020学年 第2学期,93972,乒乓球馆,0.0,否,,3,2,04,30,0,乒乓球初级,,第3节-第4节,,00040090A
16.0,400340,乒乓球初级21,2019200040090A93973,体育课,3,,30,2-17周,0,殷晓霞,2-17周 周五 第1节-第2节 ,0.75,体育部,否,实践类课程,周五,2019-2020-2,,2019200040090A93973,,0,仙林校区,2019-2020学年 第2学期,93973,乒乓球馆,0.0,否,,3,2,04,30,0,乒乓球初级,,第1节-第2节,,00040090A
16.0,400340,乒乓球提高1,2019200040090B93970,体育课,3,,30,2-17周,0,禹雪璐,2-17周 周三 第5节-第6节 ,0.75,体育部,否,实践类课程,周三,2019-2020-2,,2019200040090B93970,,0,仙林校区,2019-2020学年 第2学期,93970,乒乓球馆,0.0,否,,3,2,04,30,0,乒乓球提高,,第5节-第6节,,00040090B
16.0,400340,羽毛球初级1,2019200040100A93941,体育课,3,,29,2-17周,0,沈乐群,2-17周 周一 第1节-第2节 ,0.75,体育部,否,实践类课程,周一,2019-2020-2,,2019200040100A93941,,0,仙林校区,2019-2020学年 第2学期,93941,四组团体育馆,0.0,否,,3,2,04,30,0,羽毛球初级,,第1节-第2节,,00040100A
16.0,400340,羽毛球初级27,2019200040100A93942,体育课,1,,17,2-17周,0,沈乐群,2-17周 周二 第5节-第6节 ,0.75,体育部,否,实践类课程,周二,2019-2020-2,,2019200040100A93942,,0,鼓楼校区,2019-2020学年 第2学期,93942,鼓楼体育馆,0.0,否,,3,2,04,30,0,羽毛球初级,,第5节-第6节,,00040100A
16.0,400340,羽毛球初级18,2019200040100A93943,体育课,3,,25,2-17周,0,问梅,2-17周 周三 第5节-第6节 ,0.75,体育部,否,实践类课程,周三,2019-2020-2,,2019200040100A93943,,0,仙林校区,2019-2020学年 第2学期,93943,四组团体育馆,0.0,否,,3,2,04,30,0,羽毛球初级,,第5节-第6节,,00040100A
16.0,400340,羽毛球初级24,2019200040100A93944,体育课,3,,30,2-17周,0,陈樨,2-17周 周四 第5节-第6节 ,0.75,体育部,否,实践类课程,周四,2019-2020-2,,2019200040100A93944,,0,仙林校区,2019-2020学年 第2学期,93944,四组团体育馆,0.0,否,,3,2,04,30,0,羽毛球初级,,第5节-第6节,,00040100A
16.0,400340,羽毛球初级25,2019200040100A93945,体育课,3,,30,2-17周,0,冯晓劲,2-17周 周五 第1节-第2节 ,0.75,体育部,否,实践类课程,周五,2019-2020-2,,2019200040100A93945,,0,仙林校区,2019-2020学年 第2学期,93945,四组团体育馆,0.0,否,,3,2,04,30,0,羽毛球初级,,第1节-第2节,,00040100A
16.0,400340,羽毛球初级2,2019200040100A94018,体育课,3,,30,2-17周,0,吴明,2-17周 周一 第1节-第2节 ,0.75,体育部,否,实践类课程,周一,2019-2020-2,,2019200040100A94018,,0,仙林校区,2019-2020学年 第2学期,94018,四组团体育馆,0.0,否,,3,2,04,30,0,羽毛球初级,,第1节-第2节,,00040100A
16.0,400340,羽毛球初级3,2019200040100A94019,体育课,3,,30,2-17周,0,沈乐群,2-17周 周一 第3节-第4节 ,0.75,体育部,否,实践类课程,周一,2019-2020-2,,2019200040100A94019,,0,仙林校区,2019-2020学年 第2学期,94019,四组团体育馆,0.0,否,,3,2,04,30,0,羽毛球初级,,第3节-第4节,,00040100A
16.0,400340,羽毛球初级4,2019200040100A94020,体育课,3,,30,2-17周,0,吴明,2-17周 周一 第3节-第4节 ,0.75,体育部,否,实践类课程,周一,2019-2020-2,,2019200040100A94020,,0,仙林校区,2019-2020学年 第2学期,94020,四组团体育馆,0.0,否,,3,2,04,30,0,羽毛球初级,,第3节-第4节,,00040100A
16.0,400340,羽毛球初级5,2019200040100A94021,体育课,3,,30,2-17周,0,沈乐群,2-17周 周一 第5节-第6节 ,0.75,体育部,否,实践类课程,周一,2019-2020-2,,2019200040100A94021,,0,仙林校区,2019-2020学年 第2学期,94021,四组团体育馆,0.0,否,,3,2,04,30,0,羽毛球初级,,第5节-第6节,,00040100A
16.0,400340,羽毛球初级6,2019200040100A94022,体育课,3,,30,2-17周,0,吴明,2-17周 周一 第5节-第6节 ,0.75,体育部,否,实践类课程,周一,2019-2020-2,,2019200040100A94022,,0,仙林校区,2019-2020学年 第2学期,94022,四组团体育馆,0.0,否,,3,2,04,30,0,羽毛球初级,,第5节-第6节,,00040100A
16.0,400340,羽毛球初级7,2019200040100A94023,体育课,3,,30,2-17周,0,吴明,2-17周 周二 第1节-第2节 ,0.75,体育部,否,实践类课程,周二,2019-2020-2,,2019200040100A94023,,0,仙林校区,2019-2020学年 第2学期,94023,四组团体育馆,0.0,否,,3,2,04,30,0,羽毛球初级,,第1节-第2节,,00040100A
16.0,400340,羽毛球初级8,2019200040100A94024,体育课,3,,30,2-17周,0,邵力平,2-17周 周二 第1节-第2节 ,0.75,体育部,否,实践类课程,周二,2019-2020-2,,2019200040100A94024,,0,仙林校区,2019-2020学年 第2学期,94024,四组团体育馆,0.0,否,,3,2,04,30,0,羽毛球初级,,第1节-第2节,,00040100A
16.0,400340,羽毛球初级9,2019200040100A94025,体育课,3,,30,2-17周,0,吴明,2-17周 周二 第3节-第4节 ,0.75,体育部,否,实践类课程,周二,2019-2020-2,,2019200040100A94025,,0,仙林校区,2019-2020学年 第2学期,94025,四组团体育馆,0.0,否,,3,2,04,30,0,羽毛球初级,,第3节-第4节,,00040100A
16.0,400340,羽毛球初级10,2019200040100A94026,体育课,3,,30,2-17周,0,邵力平,2-17周 周二 第3节-第4节 ,0.75,体育部,否,实践类课程,周二,2019-2020-2,,2019200040100A94026,,0,仙林校区,2019-2020学年 第2学期,94026,四组团体育馆,0.0,否,,3,2,04,30,0,羽毛球初级,,第3节-第4节,,00040100A
16.0,400340,羽毛球初级11,2019200040100A94027,体育课,3,,30,2-17周,0,吴明,2-17周 周二 第5节-第6节 ,0.75,体育部,否,实践类课程,周二,2019-2020-2,,2019200040100A94027,,0,仙林校区,2019-2020学年 第2学期,94027,四组团体育馆,0.0,否,,3,2,04,30,0,羽毛球初级,,第5节-第6节,,00040100A
16.0,400340,羽毛球初级12,2019200040100A94028,体育课,3,,30,2-17周,0,邵力平,2-17周 周二 第5节-第6节 ,0.75,体育部,否,实践类课程,周二,2019-2020-2,,2019200040100A94028,,0,仙林校区,2019-2020学年 第2学期,94028,四组团体育馆,0.0,否,,3,2,04,30,0,羽毛球初级,,第5节-第6节,,00040100A
16.0,400340,羽毛球初级13,2019200040100A94029,体育课,3,,30,2-17周,0,沈乐群,2-17周 周三 第1节-第2节 ,0.75,体育部,否,实践类课程,周三,2019-2020-2,,2019200040100A94029,,0,仙林校区,2019-2020学年 第2学期,94029,四组团体育馆,0.0,否,,3,2,04,30,0,羽毛球初级,,第1节-第2节,,00040100A
16.0,400340,羽毛球初级14,2019200040100A94030,体育课,3,,30,2-17周,0,问梅,2-17周 周三 第1节-第2节 ,0.75,体育部,否,实践类课程,周三,2019-2020-2,,2019200040100A94030,,0,仙林校区,2019-2020学年 第2学期,94030,四组团体育馆,0.0,否,,3,2,04,30,0,羽毛球初级,,第1节-第2节,,00040100A
16.0,400340,羽毛球初级15,2019200040100A94031,体育课,3,,30,2-17周,0,沈乐群,2-17周 周三 第3节-第4节 ,0.75,体育部,否,实践类课程,周三,2019-2020-2,,2019200040100A94031,,0,仙林校区,2019-2020学年 第2学期,94031,四组团体育馆,0.0,否,,3,2,04,30,0,羽毛球初级,,第3节-第4节,,00040100A
16.0,400340,羽毛球初级16,2019200040100A94032,体育课,3,,29,2-17周,0,问梅,2-17周 周三 第3节-第4节 ,0.75,体育部,否,实践类课程,周三,2019-2020-2,,2019200040100A94032,,0,仙林校区,2019-2020学年 第2学期,94032,四组团体育馆,0.0,否,,3,2,04,30,0,羽毛球初级,,第3节-第4节,,00040100A
16.0,400340,羽毛球初级17,2019200040100A94033,体育课,3,,30,2-17周,0,沈乐群,2-17周 周三 第5节-第6节 ,0.75,体育部,否,实践类课程,周三,2019-2020-2,,2019200040100A94033,,0,仙林校区,2019-2020学年 第2学期,94033,四组团体育馆,0.0,否,,3,2,04,30,0,羽毛球初级,,第5节-第6节,,00040100A
16.0,400340,羽毛球初级19,2019200040100A94034,体育课,3,,30,2-17周,0,邵力平,2-17周 周四 第1节-第2节 ,0.75,体育部,否,实践类课程,周四,2019-2020-2,,2019200040100A94034,,0,仙林校区,2019-2020学年 第2学期,94034,四组团体育馆,0.0,否,,3,2,04,30,0,羽毛球初级,,第1节-第2节,,00040100A
16.0,400340,羽毛球初级20,2019200040100A94035,体育课,3,,30,2-17周,0,陈樨,2-17周 周四 第1节-第2节 ,0.75,体育部,否,实践类课程,周四,2019-2020-2,,2019200040100A94035,,0,仙林校区,2019-2020学年 第2学期,94035,四组团体育馆,0.0,否,,3,2,04,30,0,羽毛球初级,,第1节-第2节,,00040100A
16.0,400340,羽毛球初级21,2019200040100A94036,体育课,3,,30,2-17周,0,邵力平,2-17周 周四 第3节-第4节 ,0.75,体育部,否,实践类课程,周四,2019-2020-2,,2019200040100A94036,,0,仙林校区,2019-2020学年 第2学期,94036,四组团体育馆,0.0,否,,3,2,04,30,0,羽毛球初级,,第3节-第4节,,00040100A
16.0,400340,羽毛球初级22,2019200040100A94037,体育课,3,,30,2-17周,0,陈樨,2-17周 周四 第3节-第4节 ,0.75,体育部,否,实践类课程,周四,2019-2020-2,,2019200040100A94037,,0,仙林校区,2019-2020学年 第2学期,94037,四组团体育馆,0.0,否,,3,2,04,30,0,羽毛球初级,,第3节-第4节,,00040100A
16.0,400340,羽毛球初级23,2019200040100A94038,体育课,3,,30,2-17周,0,邵力平,2-17周 周四 第5节-第6节 ,0.75,体育部,否,实践类课程,周四,2019-2020-2,,2019200040100A94038,,0,仙林校区,2019-2020学年 第2学期,94038,四组团体育馆,0.0,否,,3,2,04,30,0,羽毛球初级,,第5节-第6节,,00040100A
16.0,400340,羽毛球初级26,2019200040100A94039,体育课,3,,30,2-17周,0,冯晓劲,2-17周 周五 第3节-第4节 ,0.75,体育部,否,实践类课程,周五,2019-2020-2,,2019200040100A94039,,0,仙林校区,2019-2020学年 第2学期,94039,四组团体育馆,0.0,否,,3,2,04,30,0,羽毛球初级,,第3节-第4节,,00040100A
16.0,400340,羽毛球初级28,2019200040100A94056,体育课,1,,7,2-17周,0,沈乐群,2-17周 周二 第7节-第8节 ,0.75,体育部,否,实践类课程,周二,2019-2020-2,,2019200040100A94056,,0,鼓楼校区,2019-2020学年 第2学期,94056,鼓楼体育馆,0.0,否,,3,2,04,30,0,羽毛球初级,,第7节-第8节,,00040100A
16.0,400340,羽毛球初级29,2019200040100A94114,体育课,3,,29,2-17周,0,陈樨,2-17周 周五 第1节-第2节 ,0.75,体育部,否,实践类课程,周五,2019-2020-2,,2019200040100A94114,,0,仙林校区,2019-2020学年 第2学期,94114,无,0.0,否,,3,2,04,30,0,羽毛球初级,,第1节-第2节,,00040100A
16.0,400340,羽毛球初级30,2019200040100A94115,体育课,3,,29,2-17周,0,陈樨,2-17周 周五 第3节-第4节 ,0.75,体育部,否,实践类课程,周五,2019-2020-2,,2019200040100A94115,,0,仙林校区,2019-2020学年 第2学期,94115,无,0.0,否,,3,2,04,30,0,羽毛球初级,,第3节-第4节,,00040100A
16.0,400340,网球初级1,2019200040110A93930,体育课,3,,29,2-17周,0,鲍大卫,2-17周 周二 第1节-第2节 ,0.75,体育部,否,实践类课程,周二,2019-2020-2,,2019200040110A93930,,0,仙林校区,2019-2020学年 第2学期,93930,网球场,0.0,否,,3,2,04,30,0,网球初级,,第1节-第2节,,00040110A
16.0,400340,网球初级4,2019200040110A93931,体育课,3,,30,2-17周,0,鲍大卫,2-17周 周三 第1节-第2节 ,0.75,体育部,否,实践类课程,周三,2019-2020-2,,2019200040110A93931,,0,仙林校区,2019-2020学年 第2学期,93931,网球场,0.0,否,,3,2,04,30,0,网球初级,,第1节-第2节,,00040110A
16.0,400340,网球初级2,2019200040110A93991,体育课,3,,29,2-17周,0,鲍大卫,2-17周 周二 第3节-第4节 ,0.75,体育部,否,实践类课程,周二,2019-2020-2,,2019200040110A93991,,0,仙林校区,2019-2020学年 第2学期,93991,网球场,0.0,否,,3,2,04,30,0,网球初级,,第3节-第4节,,00040110A
16.0,400340,网球初级3,2019200040110A93992,体育课,3,,30,2-17周,0,鲍大卫,2-17周 周二 第5节-第6节 ,0.75,体育部,否,实践类课程,周二,2019-2020-2,,2019200040110A93992,,0,仙林校区,2019-2020学年 第2学期,93992,网球场,0.0,否,,3,2,04,30,0,网球初级,,第5节-第6节,,00040110A
16.0,400340,网球初级5,2019200040110A93993,体育课,3,,30,2-17周,0,鲍大卫,2-17周 周三 第3节-第4节 ,0.75,体育部,否,实践类课程,周三,2019-2020-2,,2019200040110A93993,,0,仙林校区,2019-2020学年 第2学期,93993,网球场,0.0,否,,3,2,04,30,0,网球初级,,第3节-第4节,,00040110A
16.0,400340,网球初级6,2019200040110A93994,体育课,3,,29,2-17周,0,鲍大卫,2-17周 周三 第5节-第6节 ,0.75,体育部,否,实践类课程,周三,2019-2020-2,,2019200040110A93994,,0,仙林校区,2019-2020学年 第2学期,93994,网球场,0.0,否,,3,2,04,30,0,网球初级,,第5节-第6节,,00040110A
16.0,400340,毽球初级2,2019200040120A93864,体育课,3,,28,2-17周,0,龚晖晖,2-17周 周二 第3节-第4节 ,0.75,体育部,否,实践类课程,周二,2019-2020-2,,2019200040120A93864,,0,仙林校区,2019-2020学年 第2学期,93864,乒乓球馆,0.0,否,,3,2,04,30,0,毽球初级,,第3节-第4节,,00040120A
16.0,400340,毽球初级1,2019200040120A93865,体育课,3,,28,2-17周,0,龚晖晖,2-17周 周二 第1节-第2节 ,0.75,体育部,否,实践类课程,周二,2019-2020-2,,2019200040120A93865,,0,仙林校区,2019-2020学年 第2学期,93865,乒乓球馆,0.0,否,,3,2,04,30,0,毽球初级,,第1节-第2节,,00040120A
16.0,400340,毽球初级3,2019200040120A93866,体育课,3,,27,2-17周,0,龚晖晖,2-17周 周二 第5节-第6节 ,0.75,体育部,否,实践类课程,周二,2019-2020-2,,2019200040120A93866,,0,仙林校区,2019-2020学年 第2学期,93866,乒乓球馆,0.0,否,,3,2,04,30,0,毽球初级,,第5节-第6节,,00040120A
16.0,400340,毽球初级7,2019200040120A93867,体育课,3,,28,2-17周,0,龚晖晖,2-17周 周四 第1节-第2节 ,0.75,体育部,否,实践类课程,周四,2019-2020-2,,2019200040120A93867,,0,仙林校区,2019-2020学年 第2学期,93867,乒乓球馆,0.0,否,,3,2,04,30,0,毽球初级,,第1节-第2节,,00040120A
16.0,400340,毽球初级4,2019200040120A93868,体育课,3,,29,2-17周,0,周梅芳,2-17周 周三 第1节-第2节 ,0.75,体育部,否,实践类课程,周三,2019-2020-2,,2019200040120A93868,,0,仙林校区,2019-2020学年 第2学期,93868,乒乓球馆,0.0,否,,3,2,04,30,0,毽球初级,,第1节-第2节,,00040120A
16.0,400340,毽球初级8,2019200040120A93869,体育课,3,,26,2-17周,0,龚晖晖,2-17周 周四 第3节-第4节 ,0.75,体育部,否,实践类课程,周四,2019-2020-2,,2019200040120A93869,,0,仙林校区,2019-2020学年 第2学期,93869,乒乓球馆,0.0,否,,3,2,04,30,0,毽球初级,,第3节-第4节,,00040120A
16.0,400340,毽球初级9,2019200040120A93870,体育课,3,,24,2-17周,0,龚晖晖,2-17周 周四 第5节-第6节 ,0.75,体育部,否,实践类课程,周四,2019-2020-2,,2019200040120A93870,,0,仙林校区,2019-2020学年 第2学期,93870,乒乓球馆,0.0,否,,3,2,04,30,0,毽球初级,,第5节-第6节,,00040120A
16.0,400340,毽球初级5,2019200040120A93871,体育课,3,,27,2-17周,0,周梅芳,2-17周 周三 第3节-第4节 ,0.75,体育部,否,实践类课程,周三,2019-2020-2,,2019200040120A93871,,0,仙林校区,2019-2020学年 第2学期,93871,乒乓球馆,0.0,否,,3,2,04,30,0,毽球初级,,第3节-第4节,,00040120A
16.0,400340,毽球初级6,2019200040120A93872,体育课,3,,29,2-17周,0,周梅芳,2-17周 周三 第5节-第6节 ,0.75,体育部,否,实践类课程,周三,2019-2020-2,,2019200040120A93872,,0,仙林校区,2019-2020学年 第2学期,93872,乒乓球馆,0.0,否,,3,2,04,30,0,毽球初级,,第5节-第6节,,00040120A
16.0,400340,传统导引术1,201920004013093837,体育课,3,,30,2-17周,0,陈刚,2-17周 周一 第1节-第2节 ,0.75,体育部,否,实践类课程,周一,2019-2020-2,,201920004013093837,,0,仙林校区,2019-2020学年 第2学期,93837,四组团2楼,0.0,否,,3,2,04,30,0,传统导引术,,第1节-第2节,,00040130
16.0,400340,传统导引术2,201920004013093838,体育课,3,,28,2-17周,0,陈刚,2-17周 周一 第3节-第4节 ,0.75,体育部,否,实践类课程,周一,2019-2020-2,,201920004013093838,,0,仙林校区,2019-2020学年 第2学期,93838,四组团2楼,0.0,否,,3,2,04,30,0,传统导引术,,第3节-第4节,,00040130
16.0,400340,传统导引术3,201920004013093839,体育课,3,,29,2-17周,0,陈刚,2-17周 周一 第5节-第6节 ,0.75,体育部,否,实践类课程,周一,2019-2020-2,,201920004013093839,,0,仙林校区,2019-2020学年 第2学期,93839,四组团2楼,0.0,否,,3,2,04,30,0,传统导引术,,第5节-第6节,,00040130
16.0,400340,太极拳1,201920004014093926,体育课,3,,30,2-17周,0,谢坚,2-17周 周三 第1节-第2节 ,0.75,体育部,否,实践类课程,周三,2019-2020-2,,201920004014093926,,0,仙林校区,2019-2020学年 第2学期,93926,四组团2楼,0.0,否,,3,2,04,30,0,太极拳,,第1节-第2节,,00040140
16.0,400340,太极拳4,201920004014093927,体育课,3,,29,2-17周,0,谢坚,2-17周 周五 第1节-第2节 ,0.75,体育部,否,实践类课程,周五,2019-2020-2,,201920004014093927,,0,仙林校区,2019-2020学年 第2学期,93927,四组团2楼,0.0,否,,3,2,04,30,0,太极拳,,第1节-第2节,,00040140
16.0,400340,太极拳2,201920004014093984,体育课,3,,30,2-17周,0,谢坚,2-17周 周三 第3节-第4节 ,0.75,体育部,否,实践类课程,周三,2019-2020-2,,201920004014093984,,0,仙林校区,2019-2020学年 第2学期,93984,四组团2楼,0.0,否,,3,2,04,30,0,太极拳,,第3节-第4节,,00040140
16.0,400340,太极拳3,201920004014093985,体育课,3,,30,2-17周,0,谢坚,2-17周 周三 第5节-第6节 ,0.75,体育部,否,实践类课程,周三,2019-2020-2,,201920004014093985,,0,仙林校区,2019-2020学年 第2学期,93985,四组团2楼,0.0,否,,3,2,04,30,0,太极拳,,第5节-第6节,,00040140
16.0,400340,太极拳5,201920004014093986,体育课,3,,30,2-17周,0,谢坚,2-17周 周五 第3节-第4节 ,0.75,体育部,否,实践类课程,周五,2019-2020-2,,201920004014093986,,0,仙林校区,2019-2020学年 第2学期,93986,四组团2楼,0.0,否,,3,2,04,30,0,太极拳,,第3节-第4节,,00040140
16.0,400340,太极剑初级1,201920004015093924,体育课,1,,29,2-17周,0,高凤华,2-17周 周一 第1节-第2节 ,0.75,体育部,否,实践类课程,周一,2019-2020-2,,201920004015093924,,0,鼓楼校区,2019-2020学年 第2学期,93924,鼓楼体育馆,0.0,否,,3,2,04,30,0,太极剑,,第1节-第2节,,00040150
16.0,400340,太极剑初级3,201920004015093925,体育课,3,,30,2-17周,0,高凤华,2-17周 周五 第1节-第2节 ,0.75,体育部,否,实践类课程,周五,2019-2020-2,,201920004015093925,,0,仙林校区,2019-2020学年 第2学期,93925,武术馆,0.0,否,,3,2,04,30,0,太极剑,,第1节-第2节,,00040150
16.0,400340,太极剑初级4,201920004015093983,体育课,3,,30,2-17周,0,高凤华,2-17周 周五 第3节-第4节 ,0.75,体育部,否,实践类课程,周五,2019-2020-2,,201920004015093983,,0,仙林校区,2019-2020学年 第2学期,93983,武术馆,0.0,否,,3,2,04,30,0,太极剑,,第3节-第4节,,00040150
16.0,400340,太极剑初级2,201920004015094055,体育课,1,,25,2-17周,0,高凤华,2-17周 周二 第1节-第2节 ,0.75,体育部,否,实践类课程,周二,2019-2020-2,,201920004015094055,,0,鼓楼校区,2019-2020学年 第2学期,94055,鼓楼体育馆,0.0,否,,3,2,04,30,0,太极剑,,第1节-第2节,,00040150
16.0,400340,功夫扇初级2,201920004016093840,体育课,3,,30,2-17周,0,燕明剑,2-17周 周四 第3节-第4节 ,0.75,体育部,否,实践类课程,周四,2019-2020-2,,201920004016093840,,0,仙林校区,2019-2020学年 第2学期,93840,武术馆,0.0,否,,3,2,04,30,0,功夫扇,,第3节-第4节,,00040160
16.0,400340,功夫扇初级1,201920004016093841,体育课,3,,30,2-17周,0,燕明剑,2-17周 周四 第1节-第2节 ,0.75,体育部,否,实践类课程,周四,2019-2020-2,,201920004016093841,,0,仙林校区,2019-2020学年 第2学期,93841,武术馆,0.0,否,,3,2,04,30,0,功夫扇,,第1节-第2节,,00040160
16.0,400340,功夫扇初级3,201920004016093842,体育课,3,,30,2-17周,0,燕明剑,2-17周 周四 第5节-第6节 ,0.75,体育部,否,实践类课程,周四,2019-2020-2,,201920004016093842,,0,仙林校区,2019-2020学年 第2学期,93842,武术馆,0.0,否,,3,2,04,30,0,功夫扇,,第5节-第6节,,00040160
16.0,400340,功夫扇初级4,201920004016093843,体育课,3,,30,2-17周,0,燕明剑,2-17周 周五 第1节-第2节 ,0.75,体育部,否,实践类课程,周五,2019-2020-2,,201920004016093843,,0,仙林校区,2019-2020学年 第2学期,93843,体质测试室,0.0,否,,3,2,04,30,0,功夫扇,,第1节-第2节,,00040160
16.0,400340,功夫扇初级5,201920004016093844,体育课,3,,30,2-17周,0,燕明剑,2-17周 周五 第3节-第4节 ,0.75,体育部,否,实践类课程,周五,2019-2020-2,,201920004016093844,,0,仙林校区,2019-2020学年 第2学期,93844,体质测试室,0.0,否,,3,2,04,30,0,功夫扇,,第3节-第4节,,00040160
16.0,400340,女子防身术3,201920004019093952,体育课,3,,30,2-17周,0,吕艳玲,2-17周 周三 第5节-第6节 ,0.75,体育部,否,实践类课程,周三,2019-2020-2,,201920004019093952,,0,仙林校区,2019-2020学年 第2学期,93952,武术馆,0.0,否,,3,2,04,30,0,女子防身术,,第5节-第6节,,00040190
16.0,400340,女子防身术1,201920004019093953,体育课,3,,30,2-17周,0,吕艳玲,2-17周 周三 第1节-第2节 ,0.75,体育部,否,实践类课程,周三,2019-2020-2,,201920004019093953,,0,仙林校区,2019-2020学年 第2学期,93953,武术馆,0.0,否,,3,2,04,30,0,女子防身术,,第1节-第2节,,00040190
16.0,400340,女子防身术2,201920004019093954,体育课,3,,30,2-17周,0,吕艳玲,2-17周 周三 第3节-第4节 ,0.75,体育部,否,实践类课程,周三,2019-2020-2,,201920004019093954,,0,仙林校区,2019-2020学年 第2学期,93954,武术馆,0.0,否,,3,2,04,30,0,女子防身术,,第3节-第4节,,00040190
16.0,400340,跆拳道初级1,2019200040200A93921,体育课,3,,26,2-17周,0,李文龙,2-17周 周二 第1节-第2节 ,0.75,体育部,否,实践类课程,周二,2019-2020-2,,2019200040200A93921,,0,仙林校区,2019-2020学年 第2学期,93921,跆拳道馆,0.0,否,,3,2,04,30,0,跆拳道初级,,第1节-第2节,,00040200A
16.0,400340,跆拳道初级4,2019200040200A93922,体育课,3,,29,2-17周,0,李文龙,2-17周 周三 第1节-第2节 ,0.75,体育部,否,实践类课程,周三,2019-2020-2,,2019200040200A93922,,0,仙林校区,2019-2020学年 第2学期,93922,跆拳道馆,0.0,否,,3,2,04,30,0,跆拳道初级,,第1节-第2节,,00040200A
16.0,400340,跆拳道初级7,2019200040200A93923,体育课,3,,29,2-17周,0,王慧,2-17周 周四 第1节-第2节 ,0.75,体育部,否,实践类课程,周四,2019-2020-2,,2019200040200A93923,,0,仙林校区,2019-2020学年 第2学期,93923,跆拳道馆,0.0,否,,3,2,04,30,0,跆拳道初级,,第1节-第2节,,00040200A
16.0,400340,跆拳道初级2,2019200040200A93976,体育课,3,,30,2-17周,0,李文龙,2-17周 周二 第3节-第4节 ,0.75,体育部,否,实践类课程,周二,2019-2020-2,,2019200040200A93976,,0,仙林校区,2019-2020学年 第2学期,93976,跆拳道馆,0.0,否,,3,2,04,30,0,跆拳道初级,,第3节-第4节,,00040200A
16.0,400340,跆拳道初级3,2019200040200A93977,体育课,3,,27,2-17周,0,李文龙,2-17周 周二 第5节-第6节 ,0.75,体育部,否,实践类课程,周二,2019-2020-2,,2019200040200A93977,,0,仙林校区,2019-2020学年 第2学期,93977,跆拳道馆,0.0,否,,3,2,04,30,0,跆拳道初级,,第5节-第6节,,00040200A
16.0,400340,跆拳道初级5,2019200040200A93978,体育课,3,,23,2-17周,0,李文龙,2-17周 周三 第3节-第4节 ,0.75,体育部,否,实践类课程,周三,2019-2020-2,,2019200040200A93978,,0,仙林校区,2019-2020学年 第2学期,93978,跆拳道馆,0.0,否,,3,2,04,30,0,跆拳道初级,,第3节-第4节,,00040200A
16.0,400340,跆拳道初级6,2019200040200A93979,体育课,3,,27,2-17周,0,李文龙,2-17周 周三 第5节-第6节 ,0.75,体育部,否,实践类课程,周三,2019-2020-2,,2019200040200A93979,,0,仙林校区,2019-2020学年 第2学期,93979,跆拳道馆,0.0,否,,3,2,04,30,0,跆拳道初级,,第5节-第6节,,00040200A
16.0,400340,跆拳道初级8,2019200040200A93980,体育课,3,,20,2-17周,0,王慧,2-17周 周四 第3节-第4节 ,0.75,体育部,否,实践类课程,周四,2019-2020-2,,2019200040200A93980,,0,仙林校区,2019-2020学年 第2学期,93980,跆拳道馆,0.0,否,,3,2,04,30,0,跆拳道初级,,第3节-第4节,,00040200A
16.0,400340,跆拳道初级9,2019200040200A93981,体育课,3,,28,2-17周,0,王慧,2-17周 周四 第5节-第6节 ,0.75,体育部,否,实践类课程,周四,2019-2020-2,,2019200040200A93981,,0,仙林校区,2019-2020学年 第2学期,93981,跆拳道馆,0.0,否,,3,2,04,30,0,跆拳道初级,,第5节-第6节,,00040200A
16.0,400340,健美操初级1,2019200040220A93848,体育课,3,,30,2-17周,0,孙雯,2-17周 周一 第1节-第2节 ,0.75,体育部,否,实践类课程,周一,2019-2020-2,,2019200040220A93848,,0,仙林校区,2019-2020学年 第2学期,93848,健美操馆,0.0,否,,3,2,04,30,0,健美操初级,,第1节-第2节,,00040220A
16.0,400340,健美操初级4,2019200040220A93849,体育课,3,,29,2-17周,0,周娴,2-17周 周三 第1节-第2节 ,0.75,体育部,否,实践类课程,周三,2019-2020-2,,2019200040220A93849,,0,仙林校区,2019-2020学年 第2学期,93849,体质测量室,0.0,否,,3,2,04,30,0,健美操初级,,第1节-第2节,,00040220A
16.0,400340,健美操初级2,2019200040220A93850,体育课,3,,30,2-17周,0,孙雯,2-17周 周一 第3节-第4节 ,0.75,体育部,否,实践类课程,周一,2019-2020-2,,2019200040220A93850,,0,仙林校区,2019-2020学年 第2学期,93850,健美操馆,0.0,否,,3,2,04,30,0,健美操初级,,第3节-第4节,,00040220A
16.0,400340,健美操初级3,2019200040220A93851,体育课,3,,30,2-17周,0,孙雯,2-17周 周一 第5节-第6节 ,0.75,体育部,否,实践类课程,周一,2019-2020-2,,2019200040220A93851,,0,仙林校区,2019-2020学年 第2学期,93851,健美操馆,0.0,否,,3,2,04,30,0,健美操初级,,第5节-第6节,,00040220A
16.0,400340,健美操初级5,2019200040220A93852,体育课,3,,29,2-17周,0,周娴,2-17周 周三 第3节-第4节 ,0.75,体育部,否,实践类课程,周三,2019-2020-2,,2019200040220A93852,,0,仙林校区,2019-2020学年 第2学期,93852,体质测量室,0.0,否,,3,2,04,30,0,健美操初级,,第3节-第4节,,00040220A
16.0,400340,健美操初级6,2019200040220A93853,体育课,3,,30,2-17周,0,周娴,2-17周 周三 第5节-第6节 ,0.75,体育部,否,实践类课程,周三,2019-2020-2,,2019200040220A93853,,0,仙林校区,2019-2020学年 第2学期,93853,体质测量室,0.0,否,,3,2,04,30,0,健美操初级,,第5节-第6节,,00040220A
16.0,400340,体育舞蹈初级1,2019200040230A93928,体育课,3,,30,2-17周,0,肖鹏,2-17周 周一 第1节-第2节 ,0.75,体育部,否,实践类课程,周一,2019-2020-2,,2019200040230A93928,,0,仙林校区,2019-2020学年 第2学期,93928,主馆阳光房,0.0,否,,3,2,04,30,0,体育舞蹈初级,,第1节-第2节,,00040230A
16.0,400340,体育舞蹈初级4,2019200040230A93929,体育课,3,,29,2-17周,0,肖鹏,2-17周 周三 第1节-第2节 ,0.75,体育部,否,实践类课程,周三,2019-2020-2,,2019200040230A93929,,0,仙林校区,2019-2020学年 第2学期,93929,主馆阳光房,0.0,否,,3,2,04,30,0,体育舞蹈初级,,第1节-第2节,,00040230A
16.0,400340,体育舞蹈初级2,2019200040230A93987,体育课,3,,30,2-17周,0,肖鹏,2-17周 周一 第3节-第4节 ,0.75,体育部,否,实践类课程,周一,2019-2020-2,,2019200040230A93987,,0,仙林校区,2019-2020学年 第2学期,93987,主馆阳光房,0.0,否,,3,2,04,30,0,体育舞蹈初级,,第3节-第4节,,00040230A
16.0,400340,体育舞蹈初级3,2019200040230A93988,体育课,3,,30,2-17周,0,肖鹏,2-17周 周一 第5节-第6节 ,0.75,体育部,否,实践类课程,周一,2019-2020-2,,2019200040230A93988,,0,仙林校区,2019-2020学年 第2学期,93988,主馆阳光房,0.0,否,,3,2,04,30,0,体育舞蹈初级,,第5节-第6节,,00040230A
16.0,400340,体育舞蹈初级5,2019200040230A93989,体育课,3,,30,2-17周,0,肖鹏,2-17周 周三 第3节-第4节 ,0.75,体育部,否,实践类课程,周三,2019-2020-2,,2019200040230A93989,,0,仙林校区,2019-2020学年 第2学期,93989,主馆阳光房,0.0,否,,3,2,04,30,0,体育舞蹈初级,,第3节-第4节,,00040230A
16.0,400340,体育舞蹈初级6,2019200040230A93990,体育课,3,,29,2-17周,0,肖鹏,2-17周 周三 第5节-第6节 ,0.75,体育部,否,实践类课程,周三,2019-2020-2,,2019200040230A93990,,0,仙林校区,2019-2020学年 第2学期,93990,主馆阳光房,0.0,否,,3,2,04,30,0,体育舞蹈初级,,第5节-第6节,,00040230A
16.0,400340,国标舞初级1,2019200040230A94096,体育课,3,,30,2-17周,0,李建安,2-17周 周二 第5节-第6节 ,0.75,体育部,否,实践类课程,周二,2019-2020-2,,2019200040230A94096,,0,仙林校区,2019-2020学年 第2学期,94096,主阳光房,0.0,否,,3,2,04,30,0,体育舞蹈初级,,第5节-第6节,,00040230A
16.0,400340,国标舞初级3,2019200040230A94097,体育课,3,,29,2-17周,0,李建安,2-17周 周四 第5节-第6节 ,0.75,体育部,否,实践类课程,周四,2019-2020-2,,2019200040230A94097,,0,仙林校区,2019-2020学年 第2学期,94097,主阳光房,0.0,否,,3,2,04,30,0,体育舞蹈初级,,第5节-第6节,,00040230A
16.0,400340,国标舞初级2,2019200040230A94098,体育课,3,,29,2-17周,0,李建安,2-17周 周二 第7节-第8节 ,0.75,体育部,否,实践类课程,周二,2019-2020-2,,2019200040230A94098,,0,仙林校区,2019-2020学年 第2学期,94098,主阳光房,0.0,否,,3,2,04,30,0,体育舞蹈初级,,第7节-第8节,,00040230A
16.0,400340,国标舞初级4,2019200040230A94099,体育课,3,,30,2-17周,0,李建安,2-17周 周四 第7节-第8节 ,0.75,体育部,否,实践类课程,周四,2019-2020-2,,2019200040230A94099,,0,仙林校区,2019-2020学年 第2学期,94099,主阳光房,0.0,否,,3,2,04,30,0,体育舞蹈初级,,第7节-第8节,,00040230A
16.0,400340,啦啦操初级1,201920004024093873,体育课,3,,30,2-17周,0,周娴,2-17周 周二 第1节-第2节 ,0.75,体育部,否,实践类课程,周二,2019-2020-2,,201920004024093873,,0,仙林校区,2019-2020学年 第2学期,93873,体质测试室,0.0,否,,3,2,04,30,0,啦啦操,,第1节-第2节,,00040240
16.0,400340,啦啦操初级4,201920004024093874,体育课,3,,30,2-17周,0,谭琳,2-17周 周三 第1节-第2节 ,0.75,体育部,否,实践类课程,周三,2019-2020-2,,201920004024093874,,0,仙林校区,2019-2020学年 第2学期,93874,健美操馆,0.0,否,,3,2,04,30,0,啦啦操,,第1节-第2节,,00040240
16.0,400340,啦啦操初级2,201920004024093875,体育课,3,,30,2-17周,0,周娴,2-17周 周二 第3节-第4节 ,0.75,体育部,否,实践类课程,周二,2019-2020-2,,201920004024093875,,0,仙林校区,2019-2020学年 第2学期,93875,体质测试室,0.0,否,,3,2,04,30,0,啦啦操,,第3节-第4节,,00040240
16.0,400340,啦啦操初级3,201920004024093876,体育课,3,,30,2-17周,0,周娴,2-17周 周二 第5节-第6节 ,0.75,体育部,否,实践类课程,周二,2019-2020-2,,201920004024093876,,0,仙林校区,2019-2020学年 第2学期,93876,体质测试室,0.0,否,,3,2,04,30,0,啦啦操,,第5节-第6节,,00040240
16.0,400340,啦啦操初级5,201920004024093877,体育课,3,,30,2-17周,0,谭琳,2-17周 周三 第3节-第4节 ,0.75,体育部,否,实践类课程,周三,2019-2020-2,,201920004024093877,,0,仙林校区,2019-2020学年 第2学期,93877,健美操馆,0.0,否,,3,2,04,30,0,啦啦操,,第3节-第4节,,00040240
16.0,400340,啦啦操初级6,201920004024093878,体育课,3,,30,2-17周,0,谭琳,2-17周 周三 第5节-第6节 ,0.75,体育部,否,实践类课程,周三,2019-2020-2,,201920004024093878,,0,仙林校区,2019-2020学年 第2学期,93878,健美操馆,0.0,否,,3,2,04,30,0,啦啦操,,第5节-第6节,,00040240
16.0,400340,健身排舞初级1,201920004026093858,体育课,3,,30,2-17周,0,唐苏丽,2-17周 周二 第1节-第2节 ,0.75,体育部,否,实践类课程,周二,2019-2020-2,,201920004026093858,,0,仙林校区,2019-2020学年 第2学期,93858,健美操馆,0.0,否,,3,2,04,30,0,健身排舞,,第1节-第2节,,00040260
16.0,400340,健身排舞初级2,201920004026093859,体育课,3,,30,2-17周,0,唐苏丽,2-17周 周二 第3节-第4节 ,0.75,体育部,否,实践类课程,周二,2019-2020-2,,201920004026093859,,0,仙林校区,2019-2020学年 第2学期,93859,健美操馆,0.0,否,,3,2,04,30,0,健身排舞,,第3节-第4节,,00040260
16.0,400340,健身排舞初级3,201920004026093860,体育课,3,,30,2-17周,0,唐苏丽,2-17周 周二 第5节-第6节 ,0.75,体育部,否,实践类课程,周二,2019-2020-2,,201920004026093860,,0,仙林校区,2019-2020学年 第2学期,93860,健美操馆,0.0,否,,3,2,04,30,0,健身排舞,,第5节-第6节,,00040260
16.0,400340,健身排舞初级4,201920004026093861,体育课,3,,29,2-17周,0,唐苏丽,2-17周 周四 第1节-第2节 ,0.75,体育部,否,实践类课程,周四,2019-2020-2,,201920004026093861,,0,仙林校区,2019-2020学年 第2学期,93861,健美操馆,0.0,否,,3,2,04,30,0,健身排舞,,第1节-第2节,,00040260
16.0,400340,健身排舞初级5,201920004026093862,体育课,3,,29,2-17周,0,唐苏丽,2-17周 周四 第3节-第4节 ,0.75,体育部,否,实践类课程,周四,2019-2020-2,,201920004026093862,,0,仙林校区,2019-2020学年 第2学期,93862,健美操馆,0.0,否,,3,2,04,30,0,健身排舞,,第3节-第4节,,00040260
16.0,400340,健身排舞初级6,201920004026093863,体育课,3,,30,2-17周,0,唐苏丽,2-17周 周四 第5节-第6节 ,0.75,体育部,否,实践类课程,周四,2019-2020-2,,201920004026093863,,0,仙林校区,2019-2020学年 第2学期,93863,健美操馆,0.0,否,,3,2,04,30,0,健身排舞,,第5节-第6节,,00040260
16.0,400340,形体初级1,2019200040270A93932,体育课,3,,30,2-17周,0,姜艳,2-17周 周一 第1节-第2节 ,0.75,体育部,否,实践类课程,周一,2019-2020-2,,2019200040270A93932,,0,仙林校区,2019-2020学年 第2学期,93932,体质测量室,0.0,否,,3,2,04,30,0,形体初级,,第1节-第2节,,00040270A
16.0,400340,形体初级6,2019200040270A93933,体育课,3,,30,2-17周,0,姜艳,2-17周 周三 第5节-第6节 ,0.75,体育部,否,实践类课程,周三,2019-2020-2,,2019200040270A93933,,0,仙林校区,2019-2020学年 第2学期,93933,武术馆,0.0,否,,3,2,04,30,0,形体初级,,第5节-第6节,,00040270A
16.0,400340,形体初级2,2019200040270A93995,体育课,3,,30,2-17周,0,姜艳,2-17周 周一 第3节-第4节 ,0.75,体育部,否,实践类课程,周一,2019-2020-2,,2019200040270A93995,,0,仙林校区,2019-2020学年 第2学期,93995,体质测量室,0.0,否,,3,2,04,30,0,形体初级,,第3节-第4节,,00040270A
16.0,400340,形体初级3,2019200040270A93996,体育课,3,,30,2-17周,0,姜艳,2-17周 周一 第5节-第6节 ,0.75,体育部,否,实践类课程,周一,2019-2020-2,,2019200040270A93996,,0,仙林校区,2019-2020学年 第2学期,93996,体质测量室,0.0,否,,3,2,04,30,0,形体初级,,第5节-第6节,,00040270A
16.0,400340,形体初级4,2019200040270A93997,体育课,3,,30,2-17周,0,姜艳,2-17周 周三 第1节-第2节 ,0.75,体育部,否,实践类课程,周三,2019-2020-2,,2019200040270A93997,,0,仙林校区,2019-2020学年 第2学期,93997,武术馆,0.0,否,,3,2,04,30,0,形体初级,,第1节-第2节,,00040270A
16.0,400340,形体初级5,2019200040270A93998,体育课,3,,30,2-17周,0,姜艳,2-17周 周三 第3节-第4节 ,0.75,体育部,否,实践类课程,周三,2019-2020-2,,2019200040270A93998,,0,仙林校区,2019-2020学年 第2学期,93998,武术馆,0.0,否,,3,2,04,30,0,形体初级,,第3节-第4节,,00040270A
16.0,400340,瑜伽初级1,2019200040280A93939,体育课,3,,30,2-17周,0,谭琳,2-17周 周一 第1节-第2节 ,0.75,体育部,否,实践类课程,周一,2019-2020-2,,2019200040280A93939,,0,仙林校区,2019-2020学年 第2学期,93939,武术馆,0.0,否,,3,2,04,30,0,瑜伽初级,,第1节-第2节,,00040280A
16.0,400340,瑜伽初级6,2019200040280A93940,体育课,3,,30,2-17周,0,孙雯,2-17周 周四 第5节-第6节 ,0.75,体育部,否,实践类课程,周四,2019-2020-2,,2019200040280A93940,,0,仙林校区,2019-2020学年 第2学期,93940,体质测量室,0.0,否,,3,2,04,30,0,瑜伽初级,,第5节-第6节,,00040280A
16.0,400340,瑜伽初级2,2019200040280A94014,体育课,3,,30,2-17周,0,谭琳,2-17周 周一 第3节-第4节 ,0.75,体育部,否,实践类课程,周一,2019-2020-2,,2019200040280A94014,,0,仙林校区,2019-2020学年 第2学期,94014,武术馆,0.0,否,,3,2,04,30,0,瑜伽初级,,第3节-第4节,,00040280A
16.0,400340,瑜伽初级3,2019200040280A94015,体育课,3,,30,2-17周,0,谭琳,2-17周 周一 第5节-第6节 ,0.75,体育部,否,实践类课程,周一,2019-2020-2,,2019200040280A94015,,0,仙林校区,2019-2020学年 第2学期,94015,武术馆,0.0,否,,3,2,04,30,0,瑜伽初级,,第5节-第6节,,00040280A
16.0,400340,瑜伽初级5,2019200040280A94016,体育课,3,,30,2-17周,0,孙雯,2-17周 周四 第3节-第4节 ,0.75,体育部,否,实践类课程,周四,2019-2020-2,,2019200040280A94016,,0,仙林校区,2019-2020学年 第2学期,94016,体质测量室,0.0,否,,3,2,04,30,0,瑜伽初级,,第3节-第4节,,00040280A
16.0,400340,瑜伽初级4,2019200040280A94017,体育课,3,,30,2-17周,0,孙雯,2-17周 周四 第1节-第2节 ,0.75,体育部,否,实践类课程,周四,2019-2020-2,,2019200040280A94017,,0,仙林校区,2019-2020学年 第2学期,94017,体质测量室,0.0,否,,3,2,04,30,0,瑜伽初级,,第1节-第2节,,00040280A
16.0,400340,健美初级1,2019200040290A93854,体育课,3,,30,2-17周,0,王成,2-17周 周四 第1节-第2节 ,0.75,体育部,否,实践类课程,周四,2019-2020-2,,2019200040290A93854,,0,仙林校区,2019-2020学年 第2学期,93854,四组团体育馆,0.0,否,,3,2,04,30,0,健美初级,,第1节-第2节,,00040290A
16.0,400340,健美初级2,2019200040290A93855,体育课,3,,30,2-17周,0,王成,2-17周 周四 第3节-第4节 ,0.75,体育部,否,实践类课程,周四,2019-2020-2,,2019200040290A93855,,0,仙林校区,2019-2020学年 第2学期,93855,四组团体育馆,0.0,否,,3,2,04,30,0,健美初级,,第3节-第4节,,00040290A
16.0,400340,健美初级3,2019200040290A93856,体育课,3,,29,2-17周,0,王成,2-17周 周四 第5节-第6节 ,0.75,体育部,否,实践类课程,周四,2019-2020-2,,2019200040290A93856,,0,仙林校区,2019-2020学年 第2学期,93856,四组团体育馆,0.0,否,,3,2,04,30,0,健美初级,,第5节-第6节,,00040290A
16.0,400340,保健课（乒乓球，上课时间为中午12：30）,201920004101094126,体育课,3,,0,2-17周,0,臧育扬,2-17周 周二 第7节-第8节 ,0.75,体育部,否,实践类课程,周二,2019-2020-2,,201920004101094126,,0,仙林校区,2019-2020学年 第2学期,94126,乒乓球馆,0.0,否,,3,2,04,30,0,保健课,,第7节-第8节,,00041010
16.0,400340,减脂理论与实践2,201920004202093845,体育课,3,,29,2-17周,0,陈刚,2-17周 周三 第3节-第4节 ,0.75,体育部,否,实践类课程,周三,2019-2020-2,,201920004202093845,,0,仙林校区,2019-2020学年 第2学期,93845,四组团2楼,0.0,否,,3,2,04,30,0,减脂理论与实践,,第3节-第4节,,00042020
16.0,400340,减脂理论与实践1,201920004202093846,体育课,3,,27,2-17周,0,陈刚,2-17周 周三 第1节-第2节 ,0.75,体育部,否,实践类课程,周三,2019-2020-2,,201920004202093846,,0,仙林校区,2019-2020学年 第2学期,93846,四组团2楼,0.0,否,,3,2,04,30,0,减脂理论与实践,,第1节-第2节,,00042020
16.0,400340,减脂理论与实践3,201920004202093847,体育课,3,,29,2-17周,0,陈刚,2-17周 周三 第5节-第6节 ,0.75,体育部,否,实践类课程,周三,2019-2020-2,,201920004202093847,,0,仙林校区,2019-2020学年 第2学期,93847,四组团2楼,0.0,否,,3,2,04,30,0,减脂理论与实践,,第5节-第6节,,00042020
16.0,400340,柔力球1,201920004203093920,体育课,3,,30,2-17周,0,吕艳玲,2-17周 周一 第1节-第2节 ,0.75,体育部,否,实践类课程,周一,2019-2020-2,,201920004203093920,,0,仙林校区,2019-2020学年 第2学期,93920,乒乓球馆,0.0,否,,3,2,04,30,0,柔力球,,第1节-第2节,,00042030
16.0,400340,柔力球2,201920004203093974,体育课,3,,30,2-17周,0,吕艳玲,2-17周 周一 第3节-第4节 ,0.75,体育部,否,实践类课程,周一,2019-2020-2,,201920004203093974,,0,仙林校区,2019-2020学年 第2学期,93974,乒乓球馆,0.0,否,,3,2,04,30,0,柔力球,,第3节-第4节,,00042030
16.0,400340,柔力球3,201920004203093975,体育课,3,,30,2-17周,0,吕艳玲,2-17周 周一 第5节-第6节 ,0.75,体育部,否,实践类课程,周一,2019-2020-2,,201920004203093975,,0,仙林校区,2019-2020学年 第2学期,93975,乒乓球馆,0.0,否,,3,2,04,30,0,柔力球,,第5节-第6节,,00042030
32.0,100110,军事理论与军事高科技(20192-00050010-1),201920005001091209,军事课,3,,248,1-17周,0,人武部教师,1-17周 周一 第7节-第8节 环科楼B-111,2.0,人民武装部,否,理论类课程,周一,2019-2020-2,,201920005001091209,"2019文学院戏剧影视文学,2019电子科学与工程学院电子信息类",0,仙林校区,2019-2020学年 第2学期,91209,环科楼B-111,0.0,否,,1,32,05,0,0,军事理论,111,第7节-第8节,环科楼,00050010
32.0,100110,军事理论与军事高科技(20192-00050010-2),201920005001091210,军事课,3,,294,1-17周,0,人武部教师,1-17周 周一 第9节-第10节 环科楼B-111,2.0,人民武装部,否,理论类课程,周一,2019-2020-2,,201920005001091210,"2019物理学院物理学（拔尖计划）,2019*理科试验班（数理科学类）*数理科学类",0,仙林校区,2019-2020学年 第2学期,91210,环科楼B-111,0.0,否,,1,32,05,0,0,军事理论,111,第9节-第10节,环科楼,00050010
32.0,100110,军事理论与军事高科技(20192-00050010-3),201920005001091211,军事课,3,,231,1-17周,0,人武部教师,1-17周 周二 第1节-第2节 环科楼B-111,2.0,人民武装部,否,理论类课程,周二,2019-2020-2,,201920005001091211,"2019新闻传播学院新闻学（运动员班）,2019计算机学院计算机科学与技术,2019外国语学院朝鲜语,2019外国语学院西班牙语,2019外国语学院德语,2019外国语学院法语,2019外国语学院日语,2019外国语学院俄语,2019外国语学院英语",0,仙林校区,2019-2020学年 第2学期,91211,环科楼B-111,0.0,否,,1,32,05,0,0,军事理论,111,第1节-第2节,环科楼,00050010
32.0,100110,军事理论与军事高科技(20192-00050010-4),201920005001091212,军事课,3,,278,1-17周,0,人武部教师,1-17周 周二 第3节-第4节 环科楼B-111,2.0,人民武装部,否,理论类课程,周二,2019-2020-2,,201920005001091212,"2019计算机学院计算机科学与技术,2019软件学院软件工程",0,仙林校区,2019-2020学年 第2学期,91212,环科楼B-111,0.0,否,,1,32,05,0,0,军事理论,111,第3节-第4节,环科楼,00050010
32.0,100110,军事理论与军事高科技(20192-00050010-5),201920005001091213,军事课,3,,262,1-17周,0,人武部教师,1-17周 周二 第7节-第8节 环科楼B-111,2.0,人民武装部,否,理论类课程,周二,2019-2020-2,,201920005001091213,"2019工程管理学院金融工程（计算机与金融工程方向）,2019*工科试验班*工科试验班",0,仙林校区,2019-2020学年 第2学期,91213,环科楼B-111,0.0,否,,1,32,05,0,0,军事理论,111,第7节-第8节,环科楼,00050010
32.0,100110,军事理论与军事高科技(20192-00050010-6),201920005001091214,军事课,3,,254,1-17周,0,人武部教师,1-17周 周二 第9节-第10节 环科楼B-111,2.0,人民武装部,否,理论类课程,周二,2019-2020-2,,201920005001091214,2019*理科试验班（化学与生命科学类）*化学与生命科学类,0,仙林校区,2019-2020学年 第2学期,91214,环科楼B-111,0.0,否,,1,32,05,0,0,军事理论,111,第9节-第10节,环科楼,00050010
32.0,100110,军事理论与军事高科技(20192-00050010-7),201920005001091215,军事课,3,,285,1-17周,0,人武部教师,1-17周 周三 第1节-第2节 环科楼B-111,2.0,人民武装部,否,理论类课程,周三,2019-2020-2,,201920005001091215,"2019医学院临床医学,2019*理科试验班（数理科学类）*数理科学类,2019人工智能学院人工智能,2019医学院口腔医学",0,仙林校区,2019-2020学年 第2学期,91215,环科楼B-111,0.0,否,,1,32,05,0,0,军事理论,111,第1节-第2节,环科楼,00050010
32.0,100110,军事理论与军事高科技(20192-00050010-8),201920005001091216,军事课,3,,263,1-17周,0,人武部教师,1-17周 周三 第9节-第10节 环科楼B-111,2.0,人民武装部,否,理论类课程,周三,2019-2020-2,,201920005001091216,2019*社会科学试验班*社会科学试验班,0,仙林校区,2019-2020学年 第2学期,91216,环科楼B-111,0.0,否,,1,32,05,0,0,军事理论,111,第9节-第10节,环科楼,00050010
32.0,100110,军事理论与军事高科技(20192-00050010-9),201920005001091217,军事课,3,,191,1-17周,0,人武部教师,1-17周 周四 第5节-第6节 环科楼B-111,2.0,人民武装部,否,理论类课程,周四,2019-2020-2,,201920005001091217,2019*经济管理试验班*经济管理试验班,0,仙林校区,2019-2020学年 第2学期,91217,环科楼B-111,0.0,否,,1,32,05,0,0,军事理论,111,第5节-第6节,环科楼,00050010
32.0,100110,军事理论与军事高科技(20192-00050010-10),201920005001091218,军事课,3,,168,1-17周,0,人武部教师,1-17周 周四 第3节-第4节 环科楼B-111,2.0,人民武装部,否,理论类课程,周四,2019-2020-2,,201920005001091218,2019*经济管理试验班*经济管理试验班,0,仙林校区,2019-2020学年 第2学期,91218,环科楼B-111,0.0,否,,1,32,05,0,0,军事理论,111,第3节-第4节,环科楼,00050010
32.0,100110,军事理论与军事高科技(20192-00050010-11),201920005001091219,军事课,3,,207,1-17周,0,人武部教师,1-17周 周四 第1节-第2节 环科楼B-111,2.0,人民武装部,否,理论类课程,周四,2019-2020-2,,201920005001091219,2019匡亚明学院理科强化班,0,仙林校区,2019-2020学年 第2学期,91219,环科楼B-111,0.0,否,,1,32,05,0,0,军事理论,111,第1节-第2节,环科楼,00050010
32.0,100110,军事理论与军事高科技(20192-00050010-12),201920005001091220,军事课,3,,256,1-17周,0,人武部教师,1-17周 周四 第9节-第10节 环科楼B-111,2.0,人民武装部,否,理论类课程,周四,2019-2020-2,,201920005001091220,2019*理科试验班（地球科学与资源环境类）*地球科学与资源环境类,0,仙林校区,2019-2020学年 第2学期,91220,环科楼B-111,0.0,否,,1,32,05,0,0,军事理论,111,第9节-第10节,环科楼,00050010
32.0,100110,军事理论与军事高科技(20192-00050010-13),201920005001091221,军事课,3,,290,1-17周,0,人武部教师,1-17周 周五 第1节-第2节 环科楼B-111,2.0,人民武装部,否,理论类课程,周五,2019-2020-2,,201920005001091221,2019*人文科学试验班*人文艺术传播类,0,仙林校区,2019-2020学年 第2学期,91221,环科楼B-111,0.0,否,,1,32,05,0,0,军事理论,111,第1节-第2节,环科楼,00050010
32.0,400010,大学语文(20192-00060010-1),201920006001091797,,3,,86,1-17周,0,"刘雅萌,李海鹏",1-17周 周三 第5节-第6节 逸B-205,2.0,文学院,否,,周三,2019-2020-2,,201920006001091797,"2019外国语学院英语,2019外国语学院日语,2019外国语学院俄语",0,仙林校区,2019-2020学年 第2学期,91797,逸B-205,,否,,,,,,0,大学语文,16,第5节-第6节,逸夫楼B区,00060010
32.0,400010,大学语文(20192-00060010-2),201920006001091798,,3,,70,"1-7周,9-17周",0,"刘雅萌,李海鹏","1-7周,9-17周 周三 第5节-第6节 逸B-207",2.0,文学院,否,,周三,2019-2020-2,,201920006001091798,"2019外国语学院法语,2019外国语学院朝鲜语,2019外国语学院西班牙语,2019外国语学院德语",0,仙林校区,2019-2020学年 第2学期,91798,逸B-207,,否,,,,,,0,大学语文,16,第5节-第6节,逸夫楼B区,00060010
32.0,000000,半导体光电子材料与器件(20192-00200020-1),201920020002092684,,3,新生研讨课,27,7-17周,0,"刘斌,陈鹏,汤琨,陆海,陈敦军",7-17周 周四 第7节-第8节 仙Ⅰ-111,2.0,公共课程,否,理论类课程,周四,2019-2020-2,,201920020002092684,,0,仙林校区,2019-2020学年 第2学期,92684,仙Ⅰ-111,0.0,否,02,1,32,,0,0,半导体光电子材料与器件,11,第7节-第8节,仙I区,00200020
32.0,000000,变化环境下水文水资源研讨(20192-00200050-1),201920020005092677,,3,新生研讨课,25,9-16周,0,许有鹏,9-16周 周一 第9节-第11节 仙Ⅰ-113,2.0,公共课程,否,理论类课程,周一,2019-2020-2,,201920020005092677,,0,仙林校区,2019-2020学年 第2学期,92677,仙Ⅰ-113,0.0,否,02,1,32,,0,0,变化环境下水文水资源研讨,11,第9节-第11节,仙I区,00200050
32.0,000000,多学科交叉的环境科学研究(20192-00200070-1),201920020007092694,,3,新生研讨课,0,,0,,,2.0,公共课程,否,理论类课程,,2019-2020-2,,201920020007092694,,0,仙林校区,2019-2020学年 第2学期,92694,,0.0,否,02,1,32,,0,0,多学科交叉的环境科学研究,,,,00200070
32.0,000000,区域土地利用/覆被变化与人类未来发展(20192-00200240-1),201920020024092675,,3,新生研讨课,0,,0,,,2.0,公共课程,否,理论类课程,,2019-2020-2,,201920020024092675,,0,仙林校区,2019-2020学年 第2学期,92675,,0.0,否,02,1,32,,0,0,区域土地利用/覆被变化与人类未来发展,,,,00200240
32.0,000000,身体.性别.身份：西方性别政治200年(20192-00200290-1),201920020029092703,,3,新生研讨课,20,3-10周,0,朱刚,3-10周 周二 第9节-第11节 仙Ⅰ-111,2.0,公共课程,否,理论类课程,周二,2019-2020-2,,201920020029092703,,0,仙林校区,2019-2020学年 第2学期,92703,仙Ⅰ-111,0.0,否,02,1,32,,0,0,身体.性别.身份：西方性别政治200年,11,第9节-第11节,仙I区,00200290
32.0,000000,生活中的经济学(20192-00200310-1),201920020031092672,,3,新生研讨课,0,,0,,,2.0,公共课程,否,理论类课程,,2019-2020-2,,201920020031092672,,0,仙林校区,2019-2020学年 第2学期,92672,,0.0,否,02,1,32,,0,0,生活中的经济学,,,,00200310
32.0,000000,水与废水处理新技术(20192-00200340-1),201920020034093735,,3,新生研讨课,6,5-16周,0,"任洪强,耿金菊",5-16周 周二 第7节-第8节 仙Ⅰ-318,2.0,公共课程,否,理论+实践课程,周二,2019-2020-2,,201920020034093735,,0,仙林校区,2019-2020学年 第2学期,93735,仙Ⅰ-318,0.0,否,02,5,20,,4,0,水与废水处理新技术,11,第7节-第8节,仙I区,00200340
32.0,000000,土地资源、资产与地理学(20192-00200360-1),201920020036092676,,3,新生研讨课,0,,0,,,2.0,公共课程,否,理论类课程,,2019-2020-2,,201920020036092676,,0,仙林校区,2019-2020学年 第2学期,92676,,0.0,否,02,1,32,,0,0,土地资源、资产与地理学,,,,00200360
32.0,000000,现代文学与现代思想(20192-00200410-1),201920020041092705,,3,新生研讨课,24,2-9周,0,马俊山,2-9周 周四 第9节-第11节 仙Ⅰ-315,2.0,公共课程,否,理论类课程,周四,2019-2020-2,,201920020041092705,,0,仙林校区,2019-2020学年 第2学期,92705,仙Ⅰ-315,0.0,否,02,1,32,,0,0,现代文学与现代思想,11,第9节-第11节,仙I区,00200410
32.0,000000,宇宙的命运(20192-00200460-1),201920020046092700,,3,新生研讨课,30,2-13周,0,陈鹏飞,2-13周 周二 第9节-第10节 仙Ⅰ-112,2.0,公共课程,否,理论类课程,周二,2019-2020-2,,201920020046092700,,0,仙林校区,2019-2020学年 第2学期,92700,仙Ⅰ-112,0.0,否,02,1,32,,0,0,宇宙的命运,11,第9节-第10节,仙I区,00200460
32.0,000000,从甲骨到因特网:书籍的过去、现在和未来(20192-00200480-1),201920020048092714,,3,新生研讨课,28,2-13周,0,张志强,2-13周 周一 第7节-第8节 仙Ⅰ-113,2.0,公共课程,否,理论类课程,周一,2019-2020-2,,201920020048092714,,0,仙林校区,2019-2020学年 第2学期,92714,仙Ⅰ-113,0.0,否,02,1,24,,0,0,从甲骨到因特网:书籍的过去、现在和未来,11,第7节-第8节,仙I区,00200480
32.0,000000,植物学研究与我们的未来(20192-00200510-1),201920020051092699,,3,新生研讨课,30,2-9周,0,卢山,2-9周 周一 第9节-第11节 仙Ⅰ-117,2.0,公共课程,否,理论类课程,周一,2019-2020-2,,201920020051092699,,0,仙林校区,2019-2020学年 第2学期,92699,仙Ⅰ-117,0.0,否,02,1,24,,0,0,植物学研究与我们的未来,11,第9节-第11节,仙I区,00200510
32.0,000000,走进考古学(20192-00200550-1),201920020055092697,,3,新生研讨课,25,2-13周,0,黄建秋,2-13周 周一 第9节-第10节 仙Ⅰ-322,2.0,公共课程,否,理论类课程,周一,2019-2020-2,,201920020055092697,,0,仙林校区,2019-2020学年 第2学期,92697,仙Ⅰ-322,0.0,否,02,1,32,,0,0,走进考古学,11,第9节-第10节,仙I区,00200550
32.0,000000,化学与环境(20192-00200660-1),201920020066092692,,3,新生研讨课,0,,0,,,2.0,公共课程,否,理论类课程,,2019-2020-2,,201920020066092692,,0,仙林校区,2019-2020学年 第2学期,92692,,0.0,否,02,1,24,,0,0,化学与环境,,,,00200660
32.0,000000,大分子：从材料到生命(20192-00200670-1),201920020067092693,,3,新生研讨课,19,2-9周,0,胡文兵,2-9周 周三 第9节-第11节 仙Ⅰ-215,2.0,公共课程,否,理论类课程,周三,2019-2020-2,,201920020067092693,,0,仙林校区,2019-2020学年 第2学期,92693,仙Ⅰ-215,0.0,否,02,1,3,,21,0,大分子：从材料到生命,11,第9节-第11节,仙I区,00200670
32.0,000000,太赫兹科学与技术(20192-00200720-1),201920020072092686,,3,新生研讨课,21,5-16周,0,"张彩虹,吴敬波",5-16周 周二 第7节-第8节 仙Ⅰ-117,2.0,公共课程,否,理论类课程,周二,2019-2020-2,,201920020072092686,,0,仙林校区,2019-2020学年 第2学期,92686,仙Ⅰ-117,0.0,否,02,1,32,,0,0,太赫兹科学与技术,11,第7节-第8节,仙I区,00200720
32.0,000000,中国古代曲体文学专题研究(20192-00200760-1),201920020076092708,,3,新生研讨课,60,2-9周,0,许莉莉,2-9周 周一 第9节-第11节 仙Ⅱ-101,2.0,公共课程,否,理论类课程,周一,2019-2020-2,,201920020076092708,,0,仙林校区,2019-2020学年 第2学期,92708,仙Ⅱ-101,0.0,否,02,1,32,,0,0,中国古代曲体文学专题研究,12,第9节-第11节,仙II区,00200760
32.0,000000,20世纪中国重要文学现象研讨(20192-00200870-1),201920020087092706,,3,新生研讨课,22,12-17周,0,张光芒,12-17周 周三 第9节-第11节 仙Ⅰ-315,2.0,公共课程,否,理论类课程,周三,2019-2020-2,,201920020087092706,,0,仙林校区,2019-2020学年 第2学期,92706,仙Ⅰ-315,0.0,否,02,1,32,,0,0,20世纪中国重要文学现象研讨,11,第9节-第11节,仙I区,00200870
32.0,000000,环境生态学实验与研讨(20192-00200980-1),201920020098092695,,3,新生研讨课,20,2-13周,0,尹颖,2-13周 周一 第7节-第8节 ,2.0,公共课程,否,理论+实验课程,周一,2019-2020-2,,201920020098092695,,0,仙林校区,2019-2020学年 第2学期,92695,环A-212,0.0,否,02,6,12,,12,0,环境生态学实验与研讨,,第7节-第8节,,00200980
32.0,000000,信息咨询(20192-00201000-1),201920020100092717,,3,新生研讨课,19,2-9周,0,郑建明,2-9周 周一 第9节-第11节 仙Ⅰ-323,2.0,公共课程,否,理论类课程,周一,2019-2020-2,,201920020100092717,,0,仙林校区,2019-2020学年 第2学期,92717,仙Ⅰ-323,0.0,否,02,1,32,,0,0,信息咨询,11,第9节-第11节,仙I区,00201000
32.0,000000,更丰盛的生命(20192-00201010-1),201920020101092721,,3,新生研讨课,0,,0,,,2.0,公共课程,否,理论+实践课程,,2019-2020-2,,201920020101092721,,0,仙林校区,2019-2020学年 第2学期,92721,,0.0,否,02,5,8,,16,0,更丰盛的生命,,,,00201010
32.0,000000,新生研究性物理实验(20192-00201020-1),201920020102092709,,3,新生研讨课,6,3-10周,0,万建国,3-10周 周二 第9节-第11节 ,2.0,公共课程,否,实验类课程,周二,2019-2020-2,,201920020102092709,,0,仙林校区,2019-2020学年 第2学期,92709,基础实验楼丙312,28.0,否,02,2,0,,0,0,新生研究性物理实验,,第9节-第11节,,00201020
32.0,000000,新生研究性物理实验(20192-00201020-2),201920020102093582,,3,新生研讨课,8,3-10周,0,游彪,3-10周 周四 第9节-第11节 ,2.0,公共课程,否,实验类课程,周四,2019-2020-2,,201920020102093582,,0,仙林校区,2019-2020学年 第2学期,93582,基础实验楼丙312,28.0,否,02,2,0,,0,0,新生研究性物理实验,,第9节-第11节,,00201020
32.0,000000,法国文学作品欣赏(20192-00201060-1),201920020106092701,,3,新生研讨课,30,6-13周,0,刘成富,6-13周 周一 第9节-第11节 仙Ⅰ-324,2.0,公共课程,否,理论类课程,周一,2019-2020-2,,201920020106092701,,0,仙林校区,2019-2020学年 第2学期,92701,仙Ⅰ-324,0.0,否,02,1,24,,0,0,法国文学作品欣赏,11,第9节-第11节,仙I区,00201060
32.0,000000,知识产权战略：创新、知识产权保护和产业化(20192-00201070-1),201920020107092687,,3,新生研讨课,22,2-13周,0,徐棣枫,2-13周 周四 第7节-第8节 仙Ⅰ-112,2.0,公共课程,否,理论类课程,周四,2019-2020-2,,201920020107092687,,0,仙林校区,2019-2020学年 第2学期,92687,仙Ⅰ-112,0.0,否,02,1,24,,0,0,知识产权战略：创新、知识产权保护和产业化,11,第7节-第8节,仙I区,00201070
32.0,000000,法眼看世界(20192-00201100-1),201920020110092688,,3,新生研讨课,18,11-17周,0,李友根,11-17周 周二 第7节-第8节 仙Ⅰ-322,2.0,公共课程,否,理论类课程,周二,2019-2020-2,,201920020110092688,,0,仙林校区,2019-2020学年 第2学期,92688,仙Ⅰ-322,0.0,否,02,1,24,,0,0,法眼看世界,11,第7节-第8节,仙I区,00201100
32.0,000000,生物多样性漫谈(20192-00201160-1),201920020116092698,,3,新生研讨课,0,,0,,,2.0,公共课程,否,理论类课程,,2019-2020-2,,201920020116092698,,0,仙林校区,2019-2020学年 第2学期,92698,,0.0,否,02,1,24,,0,0,生物多样性漫谈,,,,00201160
32.0,000000,文化语义学(20192-00201180-1),201920020118092707,,3,新生研讨课,28,2-9周,0,马清华,2-9周 周四 第9节-第11节 仙Ⅰ-112,2.0,公共课程,否,理论类课程,周四,2019-2020-2,,201920020118092707,,0,仙林校区,2019-2020学年 第2学期,92707,仙Ⅰ-112,0.0,否,02,1,2,,30,0,文化语义学,11,第9节-第11节,仙I区,00201180
32.0,000000,新能源科学与技术(20192-00201230-1),201920020123092710,,3,新生研讨课,28,2-13周,0,"邹志刚,罗文俊,姚颖方",2-13周 周四 第7节-第8节 仙Ⅰ-113,2.0,公共课程,否,理论类课程,周四,2019-2020-2,,201920020123092710,,0,仙林校区,2019-2020学年 第2学期,92710,仙Ⅰ-113,0.0,否,02,1,32,,0,0,新能源科学与技术,11,第7节-第8节,仙I区,00201230
32.0,000000,社会风险与公共危机管理(20192-00201250-1),201920020125092715,,3,新生研讨课,28,2-13周,0,"陶鹏,童星,张海波",2-13周 周二 第9节-第10节 仙Ⅰ-113,2.0,公共课程,否,理论类课程,周二,2019-2020-2,,201920020125092715,,0,仙林校区,2019-2020学年 第2学期,92715,仙Ⅰ-113,0.0,否,02,1,32,,0,0,社会风险与公共危机管理,11,第9节-第10节,仙I区,00201250
32.0,000000,IT与国防现代化(20192-00201260-1),201920020126092683,,3,新生研讨课,0,,0,,,2.0,公共课程,否,理论类课程,,2019-2020-2,,201920020126092683,,0,仙林校区,2019-2020学年 第2学期,92683,,0.0,否,02,1,32,,0,0,IT与国防现代化,,,,00201260
32.0,000000,南大逸事(20192-00201270-1),201920020127092696,,3,新生研讨课,0,,0,,,2.0,公共课程,否,理论类课程,,2019-2020-2,,201920020127092696,,0,仙林校区,2019-2020学年 第2学期,92696,,0.0,否,02,1,24,,0,0,南大逸事,,,,00201270
32.0,000000,信息技术与知识产权(20192-00201290-1),201920020129092716,,3,新生研讨课,23,2-13周,0,颜祥林,2-13周 周一 第7节-第8节 仙Ⅰ-315,2.0,公共课程,否,理论类课程,周一,2019-2020-2,,201920020129092716,,0,仙林校区,2019-2020学年 第2学期,92716,仙Ⅰ-315,0.0,否,02,1,32,,0,0,信息技术与知识产权,11,第7节-第8节,仙I区,00201290
32.0,000000,互联网商务金库的密钥——电子商务实务(20192-00201380-1),201920020138092712,,3,新生研讨课,25,7-14周,0,袁勤俭,7-14周 周四 第9节-第11节 仙Ⅰ-318,2.0,公共课程,否,理论类课程,周四,2019-2020-2,,201920020138092712,,0,仙林校区,2019-2020学年 第2学期,92712,仙Ⅰ-318,0.0,否,02,1,24,,0,0,互联网商务金库的密钥——电子商务实务,11,第9节-第11节,仙I区,00201380
32.0,000000,信息社会与信息管理(20192-00201390-1),201920020139092719,,3,新生研讨课,0,,0,,,2.0,公共课程,否,理论类课程,,2019-2020-2,,201920020139092719,,0,仙林校区,2019-2020学年 第2学期,92719,,0.0,否,02,1,24,,0,0,信息社会与信息管理,,,,00201390
32.0,000000,空气污染:从局地到全球(20192-00201630-1),201920020163092673,,3,新生研讨课,29,6-13周,0,"丁爱军,黄昕",6-13周 周三 第9节-第11节 仙Ⅰ-113,2.0,公共课程,否,理论类课程,周三,2019-2020-2,,201920020163092673,,0,仙林校区,2019-2020学年 第2学期,92673,仙Ⅰ-113,0.0,否,02,1,24,,0,0,空气污染:从局地到全球,11,第9节-第11节,仙I区,00201630
32.0,000000,理念与制度：中国现代人文与社会科学史研究(1911-1949)(20192-00201720-1),201920020172092713,,3,新生研讨课,0,,0,,,2.0,公共课程,否,理论类课程,,2019-2020-2,,201920020172092713,,0,仙林校区,2019-2020学年 第2学期,92713,,0.0,否,02,1,24,,0,0,理念与制度：中国现代人文与社会科学史研究(1911-1949),,,,00201720
32.0,000000,中外新闻名家选讲(20192-00201810-1),201920020181092711,,3,新生研讨课,30,2-13周,0,邓利平,2-13周 周一 第7节-第8节 仙Ⅰ-114,2.0,公共课程,否,理论类课程,周一,2019-2020-2,,201920020181092711,,0,仙林校区,2019-2020学年 第2学期,92711,仙Ⅰ-114,0.0,否,02,1,24,,0,0,中外新闻名家选讲,11,第7节-第8节,仙I区,00201810
32.0,000000,哲学践行(20192-00201980-1),201920020198092718,,3,新生研讨课,29,2-13周,0,潘天群,2-13周 周二 第7节-第8节 ,2.0,公共课程,否,理论类课程,周二,2019-2020-2,,201920020198092718,,0,仙林校区,2019-2020学年 第2学期,92718,仙哲212,0.0,否,02,1,32,,0,0,哲学践行,,第7节-第8节,,00201980
32.0,000000,华裔文化认同的嬗变(20192-00202000-1),201920020200092690,,3,新生研讨课,0,,0,,,2.0,公共课程,否,理论类课程,,2019-2020-2,,201920020200092690,,0,仙林校区,2019-2020学年 第2学期,92690,,0.0,否,02,1,24,,0,0,华裔文化认同的嬗变,,,,00202000
32.0,000000,城市化与地下空间利用(20192-00202020-1),201920020202092681,,3,新生研讨课,24,2-9周,0,李晓昭,2-9周 周一 第9节-第11节 仙Ⅰ-409,2.0,公共课程,否,理论类课程,周一,2019-2020-2,,201920020202092681,,0,仙林校区,2019-2020学年 第2学期,92681,仙Ⅰ-409,0.0,否,02,1,36,,0,0,城市化与地下空间利用,11,第9节-第11节,仙I区,00202020
32.0,000000,西方文明中的修辞与政治(20192-00202110-1),201920020211092702,,3,新生研讨课,23,2-9周,0,张翼,2-9周 周四 第9节-第11节 仙Ⅰ-113,2.0,公共课程,否,理论类课程,周四,2019-2020-2,,201920020211092702,,0,仙林校区,2019-2020学年 第2学期,92702,仙Ⅰ-113,0.0,否,02,1,24,,0,0,西方文明中的修辞与政治,11,第9节-第11节,仙I区,00202110
32.0,000000,月球探索(20192-00202130-1),201920020213092680,,3,新生研讨课,24,2-9周,0,惠鹤九,2-9周 周三 第9节-第11节 仙Ⅰ-116,2.0,公共课程,否,理论类课程,周三,2019-2020-2,,201920020213092680,,0,仙林校区,2019-2020学年 第2学期,92680,仙Ⅰ-116,0.0,否,02,1,32,,0,0,月球探索,11,第9节-第11节,仙I区,00202130
32.0,000000,环境治理中的绿色化学材料(20192-00202150-1),201920020215093736,,3,新生研讨课,30,2-13周,0,杨琥,2-13周 周四 第7节-第8节 仙Ⅰ-116,2.0,公共课程,否,理论+实验课程,周四,2019-2020-2,,201920020215093736,,0,仙林校区,2019-2020学年 第2学期,93736,仙Ⅰ-116,0.0,否,02,6,18,,6,0,环境治理中的绿色化学材料,11,第7节-第8节,仙I区,00202150
32.0,000000,成像技术的奥妙(20192-00202170-1),201920020217092682,,3,新生研讨课,30,2-13周,0,闫锋,2-13周 周一 第9节-第10节 仙Ⅰ-410,2.0,公共课程,否,理论类课程,周一,2019-2020-2,,201920020217092682,,0,仙林校区,2019-2020学年 第2学期,92682,仙Ⅰ-410,0.0,否,02,1,32,,0,0,成像世界的奇境,11,第9节-第10节,仙I区,00202170
32.0,000000,“声”入人心：英语语音、信息与有效的国际间交际(20192-00202180-1),201920020218092674,,3,新生研讨课,24,2-13周,0,陈桦,2-13周 周二 第7节-第8节 ,2.0,公共课程,否,理论+实践课程,周二,2019-2020-2,,201920020218092674,,0,仙林校区,2019-2020学年 第2学期,92674,仙Ⅰ-419,0.0,否,02,5,28,,4,0,“声”入人心：英语语音、信息与有效的国际间交际,,第7节-第8节,,00202180
32.0,000000,分子考古学:揭开史前文明的奥秘(20192-00202200-1),201920020220092678,,3,新生研讨课,19,8-15周,0,"曹剑,周斌",8-15周 周二 第9节-第11节 仙Ⅰ-116,2.0,公共课程,否,理论类课程,周二,2019-2020-2,,201920020220092678,,0,仙林校区,2019-2020学年 第2学期,92678,仙Ⅰ-116,0.0,否,02,1,24,,0,0,分子考古学:揭开史前文明的奥秘,11,第9节-第11节,仙I区,00202200
32.0,000000,艺术解读(20192-00202210-1),201920020221092720,,3,新生研讨课,23,9-16周,0,赵奎英,9-16周 周三 第9节-第11节 仙Ⅰ-117,2.0,公共课程,否,理论类课程,周三,2019-2020-2,,201920020221092720,,0,仙林校区,2019-2020学年 第2学期,92720,仙Ⅰ-117,0.0,否,02,1,32,,0,0,艺术解读,11,第9节-第11节,仙I区,00202210
32.0,000000,传奇半导体(20192-00202230-1),201920020223092685,,3,新生研讨课,23,2-9周,0,徐骏,2-9周 周四 第9节-第11节 仙Ⅰ-114,2.0,公共课程,否,理论类课程,周四,2019-2020-2,,201920020223092685,,0,仙林校区,2019-2020学年 第2学期,92685,仙Ⅰ-114,0.0,否,02,1,24,,0,0,传奇半导体,11,第9节-第11节,仙I区,00202230
32.0,000000,汉英语言对比：文化与认知考量(20192-00202240-1),201920020224092704,,3,新生研讨课,15,2-13周,0,朱叶秋,2-13周 周二 第7节-第8节 仙Ⅰ-323,2.0,公共课程,否,理论类课程,周二,2019-2020-2,,201920020224092704,,0,仙林校区,2019-2020学年 第2学期,92704,仙Ⅰ-323,0.0,否,02,1,24,,0,0,汉英语言对比：文化与认知考量,11,第7节-第8节,仙I区,00202240
32.0,000000,极端环境下的地球(20192-00202270-1),201920020227092679,,3,新生研讨课,29,8-15周,0,杨晓志,8-15周 周三 第9节-第11节 仙Ⅰ-322,2.0,公共课程,否,理论类课程,周三,2019-2020-2,,201920020227092679,,0,仙林校区,2019-2020学年 第2学期,92679,仙Ⅰ-322,0.0,否,02,1,32,,0,0,极端环境下的地球,11,第9节-第11节,仙I区,00202270
32.0,000000,透视纷繁复杂的世界经济(20192-00202280-1),201920020228092930,,3,新生研讨课,30,2-9周,0,柴忠东,2-9周 周五 第9节-第11节 仙Ⅰ-111,2.0,公共课程,否,理论类课程,周五,2019-2020-2,,201920020228092930,,0,仙林校区,2019-2020学年 第2学期,92930,仙Ⅰ-111,0.0,否,02,1,32,,0,0,透视纷繁复杂的世界经济,11,第9节-第11节,仙I区,00202280
32.0,000000,《瓦尔登湖》的历史解读(20192-00202290-1),201920020229092933,,3,新生研讨课,24,8-15周,0,舒小昀,8-15周 周四 第9节-第11节 仙Ⅰ-116,2.0,公共课程,否,理论类课程,周四,2019-2020-2,,201920020229092933,,0,仙林校区,2019-2020学年 第2学期,92933,仙Ⅰ-116,0.0,否,02,1,32,,0,0,《瓦尔登湖》的历史解读,11,第9节-第11节,仙I区,00202290
32.0,000000,墓葬考古与古代中国(20192-00202300-1),201920020230092935,,3,新生研讨课,30,2-13周,0,吴桂兵,2-13周 周二 第9节-第10节 仙Ⅰ-117,2.0,公共课程,否,理论类课程,周二,2019-2020-2,,201920020230092935,,0,仙林校区,2019-2020学年 第2学期,92935,仙Ⅰ-117,0.0,否,02,1,32,,0,0,墓葬考古与古代中国,11,第9节-第10节,仙I区,00202300
32.0,000000,碧空慧眼识地球(20192-00202340-1),201920020234092929,,3,新生研讨课,16,4-11周,0,柯长青,4-11周 周一 第9节-第11节 仙Ⅰ-209,2.0,公共课程,否,理论类课程,周一,2019-2020-2,,201920020234092929,,0,仙林校区,2019-2020学年 第2学期,92929,仙Ⅰ-209,0.0,否,02,1,32,,0,0,碧空慧眼识地球,11,第9节-第11节,仙I区,00202340
32.0,000000,免疫与疾病(20192-00202360-1),201920020236092937,,3,新生研讨课,0,,0,,,2.0,公共课程,否,理论类课程,,2019-2020-2,,201920020236092937,,0,仙林校区,2019-2020学年 第2学期,92937,,0.0,否,02,1,32,,0,0,免疫与疾病,,,,00202360
48.0,000000,中国历史的多维解说与文献研读(20192-00310050-1),201920031005092639,,3,通识课,0,,0,,,3.0,公共课程,否,理论类课程,,2019-2020-2,,201920031005092639,,0,仙林校区,2019-2020学年 第2学期,92639,,0.0,否,01,1,48,,0,0,中国历史的多维解说与文献研读,,,,00310050
32.0,000000,胜解《孙子兵法》(20192-00310100-1),201920031010092644,,3,通识课,191,2-17周,0,杨新,2-17周 周五 第7节-第8节 仙Ⅰ-320,2.0,公共课程,否,理论类课程,周五,2019-2020-2,,201920031010092644,,0,仙林校区,2019-2020学年 第2学期,92644,仙Ⅰ-320,0.0,否,01,1,32,,0,0,胜解《孙子兵法》,11,第7节-第8节,仙I区,00310100
48.0,000000,认识中国(20192-00310820-1),201920031082092640,,3,通识课,186,2-17周,0,"孙扬,姜良芹,梁晨,张生",2-17周 周三 第9节-第11节 仙Ⅰ-108,3.0,公共课程,否,理论类课程,周三,2019-2020-2,,201920031082092640,,0,仙林校区,2019-2020学年 第2学期,92640,仙Ⅰ-108,0.0,否,01,1,48,,0,0,认识中国,11,第9节-第11节,仙I区,00310820
32.0,000000,人生在“世”：人与世界关系的哲学思考(20192-00330020-1),201920033002092670,,3,通识课,190,2-17周,0,"周嘉昕,胡大平,唐正东,张异宾",2-17周 周二 第9节-第10节 仙Ⅰ-320,2.0,公共课程,否,理论类课程,周二,2019-2020-2,,201920033002092670,,0,仙林校区,2019-2020学年 第2学期,92670,仙Ⅰ-320,0.0,否,01,1,32,,0,0,人生在“世”：人与世界关系的哲学思考,11,第9节-第10节,仙I区,00330020
32.0,000000,西方文化核心价值观的形成和传播(20192-00330070-1),201920033007092656,,3,通识课,137,2-17周,0,王雄,2-17周 周二 第5节-第6节 逸B-212,2.0,公共课程,否,理论类课程,周二,2019-2020-2,,201920033007092656,,0,仙林校区,2019-2020学年 第2学期,92656,逸B-212,0.0,否,01,1,32,,0,0,西方文化核心价值观的形成和传播,16,第5节-第6节,逸夫楼B区,00330070
48.0,000000,逻辑与科学思维方法(20192-00330080-1),201920033008092671,,3,通识课,0,,0,,,2.0,公共课程,否,理论类课程,,2019-2020-2,,201920033008092671,,0,仙林校区,2019-2020学年 第2学期,92671,,0.0,否,01,1,32,,0,0,逻辑与科学思维方法,,,,00330080
32.0,000000,道德与人生(20192-00330090-1),201920033009092669,,3,通识课,197,2-17周,0,张晓东,2-17周 周一 第9节-第10节 仙Ⅰ-320,2.0,公共课程,否,理论类课程,周一,2019-2020-2,,201920033009092669,,0,仙林校区,2019-2020学年 第2学期,92669,仙Ⅰ-320,0.0,否,01,1,32,,0,0,道德与人生,11,第9节-第10节,仙I区,00330090
32.0,000000,高分子材料与社会发展(20192-00340080-1),201920034008092636,,3,通识课,194,2-17周,0,"袭锴,贾叙东",2-17周 周二 第9节-第10节 仙Ⅰ-108,2.0,公共课程,否,理论类课程,周二,2019-2020-2,,201920034008092636,,0,仙林校区,2019-2020学年 第2学期,92636,仙Ⅰ-108,0.0,否,01,1,32,,0,0,高分子材料与社会发展,11,第9节-第10节,仙I区,00340080
32.0,000000,探索生物医学诺贝尔奖(20192-00340100-1),201920034010092658,,3,通识课,56,2-17周,0,曹望森,2-17周 周二 第7节-第8节 逸B-104,2.0,公共课程,否,理论类课程,周二,2019-2020-2,,201920034010092658,,0,仙林校区,2019-2020学年 第2学期,92658,逸B-104,0.0,否,01,1,32,,0,0,探索生物医学诺贝尔奖,16,第7节-第8节,逸夫楼B区,00340100
32.0,000000,自然灾害与人(20192-00340120-1),201920034012092634,,3,通识课,260,2-17周,0,"黄璐璐,尹宏伟,徐士进,董少春",2-17周 自由时间 - ,2.0,公共课程,否,理论类课程,自由时间,2019-2020-2,,201920034012092634,,0,仙林校区,2019-2020学年 第2学期,92634,线上课程，开学后关注教务处主页通知，上课周次以通知为准。,0.0,否,01,1,32,,0,0,自然灾害与人,,自由时间,,00340120
32.0,000000,自然简史(20192-00340140-1),201920034014092632,,3,通识课,183,2-17周,0,"陈天宇,李高军",2-17周 周三 第9节-第10节 仙Ⅱ-122,2.0,公共课程,否,理论类课程,周三,2019-2020-2,,201920034014092632,,0,仙林校区,2019-2020学年 第2学期,92632,仙Ⅱ-122,0.0,否,01,1,32,,0,0,万物起源,12,第9节-第10节,仙II区,00340140
32.0,000000,气候与全球变化科学基础(20192-00341420-1),201920034142092631,,3,通识课,136,2-17周,0,"张彦旭,汪名怀,周晨",2-17周 周一 第7节-第8节 逸A-117,2.0,公共课程,否,理论类课程,周一,2019-2020-2,,201920034142092631,,0,仙林校区,2019-2020学年 第2学期,92631,逸A-117,0.0,否,01,1,32,,0,0,气候与全球变化科学基础,15,第7节-第8节,逸夫楼A区,00341420
48.0,000000,无处不在的数学(20192-00341470-1),201920034147092648,,3,通识课,194,2-17周,0,"郭学军,秦厚荣",2-17周 周五 第9节-第11节 仙Ⅰ-109,3.0,公共课程,否,理论类课程,周五,2019-2020-2,,201920034147092648,,0,仙林校区,2019-2020学年 第2学期,92648,仙Ⅰ-109,0.0,否,01,1,48,,0,0,无处不在的数学,11,第9节-第11节,仙I区,00341470
32.0,000000,认识地球(20192-00341550-1),201920034155092633,,3,通识课,168,2-17周,0,"董少春,徐士进",2-17周 自由时间 - ,2.0,公共课程,否,理论类课程,自由时间,2019-2020-2,,201920034155092633,,0,仙林校区,2019-2020学年 第2学期,92633,线上课程，开学后关注教务处主页通知，上课周次以通知为准。,0.0,否,01,1,32,,0,0,认识地球,,自由时间,,00341550
32.0,000000,“智者生存”——现代灾难救援理念与技术(20192-00341560-1),201920034156092659,,1,通识课,0,,0,,,2.0,公共课程,否,理论+实践课程,,2019-2020-2,,201920034156092659,,0,鼓楼校区,2019-2020学年 第2学期,92659,,0.0,否,01,5,16,,16,0,“智者生存”——现代灾难救援理念与技术,,,,00341560
32.0,000000,个人成长与社会环境研究(20192-00350070-1),201920035007092645,,3,通识课,68,2-12周,0,"彭华民,刘昱君",2-12周 周二 第9节-第11节 仙Ⅱ-103,2.0,公共课程,否,理论类课程,周二,2019-2020-2,,201920035007092645,,0,仙林校区,2019-2020学年 第2学期,92645,仙Ⅱ-103,0.0,否,01,1,32,,0,0,个人成长与社会环境研究,12,第9节-第11节,仙II区,00350070
32.0,000000,全球化进程中的反全球化(20192-00350100-1),201920035010092643,,3,通识课,163,2-17周,0,刘金源,2-17周 周三 第9节-第10节 仙Ⅰ-109,2.0,公共课程,否,理论类课程,周三,2019-2020-2,,201920035010092643,,0,仙林校区,2019-2020学年 第2学期,92643,仙Ⅰ-109,0.0,否,01,1,32,,0,0,全球化进程中的反全球化,11,第9节-第10节,仙I区,00350100
48.0,000000,中国现代作家与地域文化(20192-00360050-1),201920036005092653,,3,通识课,194,2-17周,0,倪婷婷,2-17周 周三 第9节-第11节 仙Ⅰ-107,3.0,公共课程,否,理论类课程,周三,2019-2020-2,,201920036005092653,,0,仙林校区,2019-2020学年 第2学期,92653,仙Ⅰ-107,0.0,否,01,1,48,,0,0,中国现代作家与地域文化,11,第9节-第11节,仙I区,00360050
32.0,000000,中国书画鉴赏(20192-00360090-1),201920036009092660,,3,通识课,146,2-17周,0,"黄正明,袁帅",2-17周 周二 第9节-第10节 仙Ⅰ-206,2.0,公共课程,否,理论类课程,周二,2019-2020-2,,201920036009092660,,0,仙林校区,2019-2020学年 第2学期,92660,仙Ⅰ-206,0.0,否,01,1,32,,0,0,中国书画鉴赏,11,第9节-第10节,仙I区,00360090
32.0,000000,艺术社会学(20192-00360140-1),201920036014092664,,3,通识课,141,2-17周,0,王咏,2-17周 周四 第7节-第8节 逸B-101,2.0,公共课程,否,理论类课程,周四,2019-2020-2,,201920036014092664,,0,仙林校区,2019-2020学年 第2学期,92664,逸B-101,0.0,否,01,1,32,,0,0,艺术社会学,16,第7节-第8节,逸夫楼B区,00360140
32.0,400320,艺术社会学(20192-00360140-1),201920036014094094,,3,通识课,15,2-17周,0,王咏,2-17周 周四 第7节-第8节 ,2.0,艺术学院,否,理论类课程,周四,2019-2020-2,,201920036014094094,,0,仙林校区,2019-2020学年 第2学期,94094,逸B-101,0.0,否,01,1,32,,0,0,艺术社会学,,第7节-第8节,,00360140
32.0,000000,艺术与哲学(20192-00360210-1),201920036021092661,,3,通识课,134,2-17周,0,"周宪,尉光吉",2-17周 周二 第9节-第10节 仙Ⅰ-319,2.0,公共课程,否,理论类课程,周二,2019-2020-2,,201920036021092661,,0,仙林校区,2019-2020学年 第2学期,92661,仙Ⅰ-319,0.0,否,01,1,32,,0,0,艺术与哲学,11,第9节-第10节,仙I区,00360210
48.0,000000,当代西方人文精神概论(20192-00361480-1),201920036148092651,,3,通识课,30,2-17周,0,"徐蕾,杨金才",2-17周 周三 第9节-第11节 仙Ⅱ-303,3.0,公共课程,否,理论类课程,周三,2019-2020-2,,201920036148092651,,0,仙林校区,2019-2020学年 第2学期,92651,仙Ⅱ-303,0.0,否,01,1,48,,0,0,当代西方人文精神概论,12,第9节-第11节,仙II区,00361480
48.0,000000,国学通论(20192-00361530-1),201920036153092665,,3,通识课,92,2-17周,0,"童强,莫崇毅",2-17周 周四 第9节-第11节 仙Ⅱ-304,3.0,公共课程,否,理论类课程,周四,2019-2020-2,,201920036153092665,,0,仙林校区,2019-2020学年 第2学期,92665,仙Ⅱ-304,0.0,否,01,1,48,,0,0,国学通论,12,第9节-第11节,仙II区,00361530
48.0,000000,南京：明初六十年的历史大舞台(20192-00361560-1),201920036156092649,,3,通识课,169,11-17周,0,夏维中,11-17周 周四 第9节-第11节 仙Ⅰ-109,3.0,公共课程,否,理论类课程,周四,2019-2020-2,,201920036156092649,,0,仙林校区,2019-2020学年 第2学期,92649,仙Ⅰ-109,0.0,否,01,1,48,,0,0,南京：明初六十年的历史大舞台,11,第9节-第11节,仙I区,00361560
32.0,000000,东京大学“文化表象”(20192-00370060-1),201920037006092652,,3,通识课,0,,0,,,2.0,公共课程,否,理论类课程,,2019-2020-2,,201920037006092652,,0,仙林校区,2019-2020学年 第2学期,92652,,0.0,否,01,1,32,,0,0,东京大学“文化表象”,,,,00370060
32.0,000000,大学生形象与礼仪(20192-00371610-1),201920037161093450,,3,通识课,92,4-16周(双),0,谢丽君,4-16周(双) 周二 第7节-第8节 仙Ⅱ-306,2.0,公共课程,否,理论+实践课程,周二,2019-2020-2,,201920037161093450,,0,仙林校区,2019-2020学年 第2学期,93450,仙Ⅱ-306,0.0,否,01,5,16,,16,0,大学生形象与礼仪,12,第7节-第8节,仙II区,00371610
32.0,000000,当代中国经济研究(20192-00371660-1),201920037166092638,,1,通识课,0,,0,,,2.0,公共课程,否,理论类课程,,2019-2020-2,,201920037166092638,,0,鼓楼校区,2019-2020学年 第2学期,92638,,0.0,否,01,1,32,,0,0,当代中国经济研究,,,,00371660
32.0,000000,区块链、大数据与创新思维(20192-00371680-1),201920037168092657,,3,通识课,138,2-12周,0,颜嘉麒,2-12周 周二 第9节-第11节 仙Ⅰ-109,2.0,公共课程,否,理论类课程,周二,2019-2020-2,,201920037168092657,,0,仙林校区,2019-2020学年 第2学期,92657,仙Ⅰ-109,0.0,否,01,1,32,,0,0,区块链与创新思维,11,第9节-第11节,仙I区,00371680
32.0,000000,国际视野下的现代经学与国学(20192-00371710-1),201920037171092641,,3,通识课,111,4-16周,0,成祖明,4-16周 周四 第9节-第11节 逸B-212,2.0,公共课程,否,理论类课程,周四,2019-2020-2,,201920037171092641,,0,仙林校区,2019-2020学年 第2学期,92641,逸B-212,0.0,否,01,1,32,,0,0,国际视野下的现代经学与国学,16,第9节-第11节,逸夫楼B区,00371710
32.0,000000,走近中华优秀传统文化(20192-00371720-1),201920037172092667,,3,通识课,180,2-17周,0,"张亮,邵佳德,胡星铭",2-17周 自由时间 - ,2.0,公共课程,否,理论类课程,自由时间,2019-2020-2,,201920037172092667,,0,仙林校区,2019-2020学年 第2学期,92667,线上课程，开学后关注教务处主页通知，上课周次以通知为准。,0.0,否,01,1,32,,0,0,走近中华优秀传统文化,,自由时间,,00371720
32.0,000000,地球的故事：从宇宙大爆炸到工业革命(20192-00371770-1),201920037177092635,,3,通识课,170,2-17周,0,惠鹤九,2-17周 周二 第9节-第10节 仙Ⅰ-107,2.0,公共课程,否,理论类课程,周二,2019-2020-2,,201920037177092635,,0,仙林校区,2019-2020学年 第2学期,92635,仙Ⅰ-107,0.0,否,01,1,32,,0,0,地球的故事：从宇宙大爆炸到工业革命,11,第9节-第10节,仙I区,00371770
32.0,000000,气象学与人类文明(20192-00371790-1),201920037179093822,,3,通识课,0,,0,,,2.0,公共课程,否,理论类课程,,2019-2020-2,,201920037179093822,,0,仙林校区,2019-2020学年 第2学期,93822,,0.0,否,01,1,32,,0,0,气象学与人类文明,,,,00371790
32.0,000000,教育的地理学透视(20192-00371800-1),201920037180092637,,3,通识课,92,2-17周,0,张红霞,2-17周 周二 第7节-第8节 仙Ⅱ-303,2.0,公共课程,否,理论类课程,周二,2019-2020-2,,201920037180092637,,0,仙林校区,2019-2020学年 第2学期,92637,仙Ⅱ-303,0.0,否,01,1,32,,0,0,教育的地理学透视,12,第7节-第8节,仙II区,00371800
32.0,000000,人文与艺术系列课程(20192-00371850-1),201920037185093734,,3,通识课,0,,0,,,2.0,公共课程,否,理论类课程,,2019-2020-2,,201920037185093734,,0,仙林校区,2019-2020学年 第2学期,93734,,0.0,否,01,1,32,,0,0,人文与艺术系列课程,,,,00371850
32.0,000000,心理人生(20192-00371860-1),201920037186092647,,3,通识课,96,2-17周,0,"唐健,徐花,陈昌凯",2-17周 周一 第7节-第8节 仙Ⅱ-303,2.0,公共课程,否,理论类课程,周一,2019-2020-2,,201920037186092647,,0,仙林校区,2019-2020学年 第2学期,92647,仙Ⅱ-303,0.0,否,01,1,24,,8,0,心理人生,12,第7节-第8节,仙II区,00371860
32.0,000000,比较社会学视角下的城市和文明(20192-00371870-1),201920037187092646,,3,通识课,52,2-17周,0,朱安新,2-17周 周三 第9节-第10节 仙Ⅱ-103,2.0,公共课程,否,理论类课程,周三,2019-2020-2,,201920037187092646,,0,仙林校区,2019-2020学年 第2学期,92646,仙Ⅱ-103,0.0,否,01,1,32,,0,0,比较社会学视角下的城市和文明,12,第9节-第10节,仙II区,00371870
32.0,000000,昆曲艺术与民族文化(20192-00371880-1),201920037188092654,,3,通识课,56,2-17周,0,许莉莉,2-17周 周二 第9节-第11节 仙Ⅱ-104,3.0,公共课程,否,理论类课程,周二,2019-2020-2,,201920037188092654,,0,仙林校区,2019-2020学年 第2学期,92654,仙Ⅱ-104,0.0,否,01,1,24,,24,0,昆曲艺术与民族文化,12,第9节-第11节,仙II区,00371880
32.0,000000,中西方视觉艺术通论(20192-00371890-1),201920037189092662,,3,通识课,183,2-17周,0,"尚莲霞,李蕊,封钰,季峰,林银雅,方小壮",2-17周 周三 第9节-第10节 仙Ⅰ-106,2.0,公共课程,否,理论类课程,周三,2019-2020-2,,201920037189092662,,0,仙林校区,2019-2020学年 第2学期,92662,仙Ⅰ-106,0.0,否,01,1,32,,0,0,中西方视觉艺术通论,11,第9节-第10节,仙I区,00371890
32.0,400320,中西方视觉艺术通论(20192-00371890-1),201920037189094093,,3,通识课,9,2-17周,0,"尚莲霞,封钰,李蕊",2-17周 周三 第9节-第10节 ,2.0,艺术学院,否,理论类课程,周三,2019-2020-2,,201920037189094093,,0,仙林校区,2019-2020学年 第2学期,94093,仙1-106,0.0,否,01,1,32,,0,0,中西方视觉艺术通论,,第9节-第10节,,00371890
32.0,000000,跨文化视域中的美国艺术史(20192-00371900-1),201920037190092663,,3,通识课,128,2-17周,0,"吴维忆,高薪,周宪,刘毅",2-17周 周一 第9节-第10节 仙Ⅱ-122,2.0,公共课程,否,理论类课程,周一,2019-2020-2,,201920037190092663,,0,仙林校区,2019-2020学年 第2学期,92663,仙Ⅱ-122,0.0,否,01,1,32,,0,0,跨文化视域中的美国艺术史,12,第9节-第10节,仙II区,00371900
16.0,000000,宇宙简史(20192-00371930-1),201920037193094071,,3,通识课,689,1-17周,0,李向东,1-17周 自由时间 - ,1.0,公共课程,否,理论类课程,自由时间,2019-2020-2,,201920037193094071,,0,仙林校区,2019-2020学年 第2学期,94071,无,0.0,否,01,1,16,,0,0,宇宙简史,,自由时间,,00371930
32.0,000000,科学、技术与人类社会(20192-00371950-1),201920037195092668,,3,通识课,180,2-17周,0,"刘鹏,蔡仲",2-17周 周二 第9节-第10节 仙Ⅱ-122,2.0,公共课程,否,理论类课程,周二,2019-2020-2,,201920037195092668,,0,仙林校区,2019-2020学年 第2学期,92668,仙Ⅱ-122,0.0,否,01,1,32,,0,0,科学、技术与人类社会,12,第9节-第10节,仙II区,00371950
48.0,000000,文化创意进阶(20192-00371960-1),201920037196092666,,3,通识课,96,2-17周,0,祁林,2-17周 周五 第9节-第11节 仙Ⅱ-303,3.0,公共课程,否,理论类课程,周五,2019-2020-2,,201920037196092666,,0,仙林校区,2019-2020学年 第2学期,92666,仙Ⅱ-303,0.0,否,01,1,48,,0,0,文化创意进阶,12,第9节-第11节,仙II区,00371960
48.0,400320,文化创意进阶(20192-00371960-1),201920037196094092,,3,通识课,15,2-17周,0,祁林,2-17周 周五 第9节-第11节 ,3.0,艺术学院,否,理论类课程,周五,2019-2020-2,,201920037196094092,,0,仙林校区,2019-2020学年 第2学期,94092,仙2-303,0.0,否,01,1,48,,0,0,文化创意进阶,,第9节-第11节,,00371960
32.0,000000,中国早期文明：商周至两汉(20192-00371970-1),201920037197092642,,3,通识课,185,10-17周,0,颜世安,10-17周 周二 第9节-第10节 仙Ⅰ-106,2.0,公共课程,否,理论类课程,周二,2019-2020-2,,201920037197092642,,0,仙林校区,2019-2020学年 第2学期,92642,仙Ⅰ-106,0.0,否,01,1,32,,0,0,中国早期文明：商周至两汉,11,第9节-第10节,仙I区,00371970
32.0,000000,科学启蒙(20192-00371980-1),201920037198092655,,1,通识课,97,12-17周,0,李俊,12-17周 周二 第9节-第11节 教120,2.0,公共课程,否,理论类课程,周二,2019-2020-2,,201920037198092655,,0,鼓楼校区,2019-2020学年 第2学期,92655,教120,0.0,否,01,1,32,,0,0,科学启蒙,1,第9节-第11节,教学楼,00371980
32.0,000000,人与技术关系的当代哲学反思(20192-00372060-1),201920037206093589,,3,通识课,94,2-13周,0,"孙乐强,张亮,刘鹏",2-13周 周四 第9节-第11节 仙Ⅱ-305,2.0,公共课程,否,理论类课程,周四,2019-2020-2,,201920037206093589,,0,仙林校区,2019-2020学年 第2学期,93589,仙Ⅱ-305,0.0,否,01,1,32,,0,0,人与科技的哲学反思,12,第9节-第11节,仙II区,00372060
16.0,000000,走进创业(20192-00372070-1),201920037207094072,,3,通识课,237,1-17周,0,"陶向南,王自强",1-17周 自由时间 - ,1.0,公共课程,否,实践类课程,自由时间,2019-2020-2,,201920037207094072,,0,仙林校区,2019-2020学年 第2学期,94072,无,0.0,否,01,3,0,,16,0,走进创业,,自由时间,,00372070
16.0,000000,职业与创业胜任力(20192-00372080-1),201920037208094073,,3,通识课,231,1-17周,0,费俊峰,1-17周 自由时间 - ,1.0,公共课程,否,实践类课程,自由时间,2019-2020-2,,201920037208094073,,0,仙林校区,2019-2020学年 第2学期,94073,无,0.0,否,01,3,0,,16,0,职业与创业胜任力,,自由时间,,00372080
16.0,000000,批判哲学视野中的人与技术(20192-00372090-1),201920037209094074,,3,通识课,205,1-17周,0,孙乐强,1-17周 自由时间 - ,1.0,公共课程,否,理论类课程,自由时间,2019-2020-2,,201920037209094074,,0,仙林校区,2019-2020学年 第2学期,94074,无,0.0,否,01,1,0,,16,0,批判哲学视野中的人与技术,,自由时间,,00372090
16.0,000000,心理咨询的理论与方法：会谈技巧(20192-00372100-1),201920037210094075,,3,通识课,512,1-17周,0,"徐花,陈昌凯",1-17周 自由时间 - ,1.0,公共课程,否,理论类课程,自由时间,2019-2020-2,,201920037210094075,,0,仙林校区,2019-2020学年 第2学期,94075,无,0.0,否,01,1,16,,0,0,心理咨询的理论与方法：会谈技巧,,自由时间,,00372100
16.0,000000,心理学与生活(20192-00372110-1),201920037211094076,,3,通识课,661,1-17周,0,陈昌凯,1-17周 自由时间 - ,2.0,公共课程,否,理论类课程,自由时间,2019-2020-2,,201920037211094076,,0,仙林校区,2019-2020学年 第2学期,94076,无,0.0,否,01,1,32,,0,0,心理学与生活,,自由时间,,00372110
16.0,000000,营养与健康(20192-00372120-1),201920037212094078,,3,通识课,632,1-17周,0,郑伟娟,1-17周 自由时间 - ,1.0,公共课程,否,实践类课程,自由时间,2019-2020-2,,201920037212094078,,0,仙林校区,2019-2020学年 第2学期,94078,无,0.0,否,01,3,0,,16,0,营养与健康,,自由时间,,00372120
16.0,000000,当代社会中的科学与技术(20192-00372130-1),201920037213094095,,3,通识课,182,2-17周,0,刘鹏,2-17周 自由时间 - ,1.0,公共课程,否,理论类课程,自由时间,2019-2020-2,,201920037213094095,,0,仙林校区,2019-2020学年 第2学期,94095,https://www.icourse163.org/course/NJU-1449589161,0.0,否,01,1,16,,0,0,当代社会中的科学与技术,,自由时间,,00372130
16.0,000000,一词一世界——外刊时文共读(20192-00372140-1),201920037214094110,,3,通识课,78,7-14周,0,"夏鹏,韩冰彬",7-14周 自由时间 - ,1.0,公共课程,否,实践类课程,自由时间,2019-2020-2,,201920037214094110,,0,仙林校区,2019-2020学年 第2学期,94110,无,0.0,否,01,3,0,,16,0,一词一世界——外刊时文共读,,自由时间,,00372140
0.0,000000,《红楼梦》阅读(20192-00410020-1),201920041002093602,,3,悦读计划,164,2-17周,0,苗怀明,2-17周 自由时间 - ,0.0,公共课程,否,理论类课程,自由时间,2019-2020-2,,201920041002093602,,0,仙林校区,2019-2020学年 第2学期,93602,无,0.0,否,03,1,32,,0,0,《红楼梦》阅读,,自由时间,,00410020
0.0,000000,《呐喊》、《彷徨》阅读(20192-00410030-1),201920041003093603,,3,悦读计划,96,2-17周,0,王彬彬,2-17周 自由时间 - ,0.0,公共课程,否,理论类课程,自由时间,2019-2020-2,,201920041003093603,,0,仙林校区,2019-2020学年 第2学期,93603,无,0.0,否,03,1,32,,0,0,《呐喊》、《彷徨》阅读,,自由时间,,00410030
0.0,000000,《世说新语校笺》阅读(20192-00410050-1),201920041005093601,,3,悦读计划,109,2-17周,0,赫兆丰,2-17周 自由时间 - ,0.0,公共课程,否,理论类课程,自由时间,2019-2020-2,,201920041005093601,,0,仙林校区,2019-2020学年 第2学期,93601,无,0.0,否,03,1,32,,0,0,《世说新语校笺》阅读,,自由时间,,00410050
0.0,000000,《哈姆莱特》阅读(20192-00410060-1),201920041006093604,,3,悦读计划,96,2-17周,0,范浩,2-17周 自由时间 - ,0.0,公共课程,否,理论类课程,自由时间,2019-2020-2,,201920041006093604,,0,仙林校区,2019-2020学年 第2学期,93604,无,0.0,否,03,1,32,,0,0,《哈姆莱特》阅读,,自由时间,,00410060
0.0,000000,《哈姆莱特》阅读(20192-00410060-2),201920041006093605,,3,悦读计划,44,2-17周,0,高子文,2-17周 自由时间 - ,0.0,公共课程,否,理论类课程,自由时间,2019-2020-2,,201920041006093605,,0,仙林校区,2019-2020学年 第2学期,93605,无,0.0,否,03,1,32,,0,0,《哈姆莱特》阅读,,自由时间,,00410060
0.0,000000,《安娜·卡列尼娜》阅读(20192-00410070-1),201920041007093606,,3,悦读计划,118,2-17周,0,董晓,2-17周 自由时间 - ,0.0,公共课程,否,理论类课程,自由时间,2019-2020-2,,201920041007093606,,0,仙林校区,2019-2020学年 第2学期,93606,无,0.0,否,03,1,32,,0,0,《安娜·卡列尼娜》阅读,,自由时间,,00410070
0.0,000000,《中国美术史讲座》阅读(20192-00410080-1),201920041008093607,,3,悦读计划,108,2-17周,0,李健,2-17周 自由时间 - ,0.0,公共课程,否,理论类课程,自由时间,2019-2020-2,,201920041008093607,,0,仙林校区,2019-2020学年 第2学期,93607,无,0.0,否,03,1,32,,0,0,《中国美术史讲座》阅读,,自由时间,,00410080
0.0,000000,《中国美术史讲座》阅读(20192-00410080-2),201920041008093608,,3,悦读计划,112,2-17周,0,杨秀娟,2-17周 自由时间 - ,0.0,公共课程,否,理论类课程,自由时间,2019-2020-2,,201920041008093608,,0,仙林校区,2019-2020学年 第2学期,93608,无,0.0,否,03,1,32,,0,0,《中国美术史讲座》阅读,,自由时间,,00410080
0.0,000000,《美的历程》阅读(20192-00410090-1),201920041009093609,,3,悦读计划,101,2-17周,0,童强,2-17周 自由时间 - ,0.0,公共课程,否,理论类课程,自由时间,2019-2020-2,,201920041009093609,,0,仙林校区,2019-2020学年 第2学期,93609,无,0.0,否,03,1,32,,0,0,《美的历程》阅读,,自由时间,,00410090
0.0,000000,《美的历程》阅读(20192-00410090-2),201920041009093610,,3,悦读计划,113,2-17周,0,莫崇毅,2-17周 自由时间 - ,0.0,公共课程,否,理论类课程,自由时间,2019-2020-2,,201920041009093610,,0,仙林校区,2019-2020学年 第2学期,93610,无,0.0,否,03,1,32,,0,0,《美的历程》阅读,,自由时间,,00410090
0.0,000000,《美的历程》阅读(20192-00410090-3),201920041009093611,,3,悦读计划,115,2-17周,0,王咏,2-17周 自由时间 - ,0.0,公共课程,否,理论类课程,自由时间,2019-2020-2,,201920041009093611,,0,仙林校区,2019-2020学年 第2学期,93611,无,0.0,否,03,1,32,,0,0,《美的历程》阅读,,自由时间,,00410090
0.0,000000,《艺术的故事》阅读(20192-00410100-1),201920041010093612,,3,悦读计划,93,2-17周,0,周计武,2-17周 自由时间 - ,0.0,公共课程,否,理论类课程,自由时间,2019-2020-2,,201920041010093612,,0,仙林校区,2019-2020学年 第2学期,93612,无,0.0,否,03,1,32,,0,0,《艺术的故事》阅读,,自由时间,,00410100
0.0,000000,《艺术的故事》阅读(20192-00410100-2),201920041010093613,,3,悦读计划,87,2-17周,0,袁梦倩,2-17周 自由时间 - ,0.0,公共课程,否,理论类课程,自由时间,2019-2020-2,,201920041010093613,,0,仙林校区,2019-2020学年 第2学期,93613,无,0.0,否,03,1,32,,0,0,《艺术的故事》阅读,,自由时间,,00410100
0.0,000000,《艺术的故事》阅读(20192-00410100-3),201920041010093614,,3,悦读计划,116,2-17周,0,徐志君,2-17周 自由时间 - ,0.0,公共课程,否,理论类课程,自由时间,2019-2020-2,,201920041010093614,,0,仙林校区,2019-2020学年 第2学期,93614,无,0.0,否,03,1,32,,0,0,《艺术的故事》阅读,,自由时间,,00410100
0.0,000000,《史记》阅读(20192-00420010-1),201920042001093673,,3,悦读计划,114,2-17周,0,成祖明,2-17周 自由时间 - ,0.0,公共课程,否,理论类课程,自由时间,2019-2020-2,,201920042001093673,,0,仙林校区,2019-2020学年 第2学期,93673,无,0.0,否,03,1,32,,0,0,《史记》阅读,,自由时间,,00420010
0.0,000000,《史记》阅读(20192-00420010-2),201920042001093674,,3,悦读计划,107,2-17周,0,武黎嵩,2-17周 自由时间 - ,0.0,公共课程,否,理论类课程,自由时间,2019-2020-2,,201920042001093674,,0,仙林校区,2019-2020学年 第2学期,93674,无,0.0,否,03,1,32,,0,0,《史记》阅读,,自由时间,,00420010
0.0,000000,《中国近代史》阅读(20192-00420020-1),201920042002093677,,3,悦读计划,103,2-17周,0,陈海懿,2-17周 自由时间 - ,0.0,公共课程,否,理论类课程,自由时间,2019-2020-2,,201920042002093677,,0,仙林校区,2019-2020学年 第2学期,93677,无,0.0,否,03,1,32,,0,0,《中国近代史》阅读,,自由时间,,00420020
0.0,000000,《国史大纲》阅读(20192-00420030-1),201920042003093675,,3,悦读计划,34,2-17周,0,罗晓翔,2-17周 自由时间 - ,0.0,公共课程,否,理论类课程,自由时间,2019-2020-2,,201920042003093675,,0,仙林校区,2019-2020学年 第2学期,93675,无,0.0,否,03,1,32,,0,0,《国史大纲》阅读,,自由时间,,00420030
0.0,000000,《国史大纲》阅读(20192-00420030-2),201920042003093676,,3,悦读计划,37,2-17周,0,于磊,2-17周 自由时间 - ,0.0,公共课程,否,理论类课程,自由时间,2019-2020-2,,201920042003093676,,0,仙林校区,2019-2020学年 第2学期,93676,无,0.0,否,03,1,32,,0,0,《国史大纲》阅读,,自由时间,,00420030
0.0,000000,《万古江河：中国历史文化的转折与展开》阅读(20192-00420040-1),201920042004093678,,3,悦读计划,116,2-17周,0,特木勒,2-17周 自由时间 - ,0.0,公共课程,否,理论类课程,自由时间,2019-2020-2,,201920042004093678,,0,仙林校区,2019-2020学年 第2学期,93678,无,0.0,否,03,1,32,,0,0,《万古江河：中国历史文化的转折与展开》阅读,,自由时间,,00420040
0.0,000000,《万古江河：中国历史文化的转折与展开》阅读(20192-00420040-2),201920042004093679,,3,悦读计划,116,2-17周,0,杨晓春,2-17周 自由时间 - ,0.0,公共课程,否,理论类课程,自由时间,2019-2020-2,,201920042004093679,,0,仙林校区,2019-2020学年 第2学期,93679,无,0.0,否,03,1,32,,0,0,《万古江河：中国历史文化的转折与展开》阅读,,自由时间,,00420040
0.0,000000,《伯罗奔尼撒战争史》阅读(20192-00420050-1),201920042005093680,,3,悦读计划,66,2-17周,0,陈日华,2-17周 自由时间 - ,0.0,公共课程,否,理论类课程,自由时间,2019-2020-2,,201920042005093680,,0,仙林校区,2019-2020学年 第2学期,93680,无,0.0,否,03,1,32,,0,0,《伯罗奔尼撒战争史》阅读,,自由时间,,00420050
0.0,000000,《伯罗奔尼撒战争史》阅读(20192-00420050-2),201920042005093681,,3,悦读计划,119,2-17周,0,谭树林,2-17周 自由时间 - ,0.0,公共课程,否,理论类课程,自由时间,2019-2020-2,,201920042005093681,,0,仙林校区,2019-2020学年 第2学期,93681,无,0.0,否,03,1,32,,0,0,《伯罗奔尼撒战争史》阅读,,自由时间,,00420050
0.0,000000,《海权对历史的影响（1660-1783年）》阅读(20192-00420060-1),201920042006093682,,3,悦读计划,101,2-17周,0,龚洪烈,2-17周 自由时间 - ,0.0,公共课程,否,理论类课程,自由时间,2019-2020-2,,201920042006093682,,0,仙林校区,2019-2020学年 第2学期,93682,无,0.0,否,03,1,32,,0,0,《海权对历史的影响（1660-1783年）》阅读,,自由时间,,00420060
0.0,000000,《海权对历史的影响（1660-1783年）》阅读(20192-00420060-2),201920042006093683,,3,悦读计划,14,2-17周,0,刘立涛,2-17周 自由时间 - ,0.0,公共课程,否,理论类课程,自由时间,2019-2020-2,,201920042006093683,,0,仙林校区,2019-2020学年 第2学期,93683,无,0.0,否,03,1,32,,0,0,《海权对历史的影响（1660-1783年）》阅读,,自由时间,,00420060
0.0,000000,《意大利文艺复兴时期的文化》阅读(20192-00420070-1),201920042007093684,,3,悦读计划,35,2-17周,0,吴贺,2-17周 自由时间 - ,0.0,公共课程,否,理论类课程,自由时间,2019-2020-2,,201920042007093684,,0,仙林校区,2019-2020学年 第2学期,93684,无,0.0,否,03,1,32,,0,0,《意大利文艺复兴时期的文化》阅读,,自由时间,,00420070
0.0,000000,《意大利文艺复兴时期的文化》阅读(20192-00420070-2),201920042007093685,,3,悦读计划,15,2-17周,0,闵凡祥,2-17周 自由时间 - ,0.0,公共课程,否,理论类课程,自由时间,2019-2020-2,,201920042007093685,,0,仙林校区,2019-2020学年 第2学期,93685,无,0.0,否,03,1,32,,0,0,《意大利文艺复兴时期的文化》阅读,,自由时间,,00420070
0.0,000000,《全球通史》阅读(20192-00420080-1),201920042008093686,,3,悦读计划,106,2-17周,0,郑先武,2-17周 自由时间 - ,0.0,公共课程,否,理论类课程,自由时间,2019-2020-2,,201920042008093686,,0,仙林校区,2019-2020学年 第2学期,93686,无,0.0,否,03,1,32,,0,0,《全球通史》阅读,,自由时间,,00420080
0.0,000000,《全球通史》阅读(20192-00420080-2),201920042008093687,,3,悦读计划,16,2-17周,0,刘金源,2-17周 自由时间 - ,0.0,公共课程,否,理论类课程,自由时间,2019-2020-2,,201920042008093687,,0,仙林校区,2019-2020学年 第2学期,93687,无,0.0,否,03,1,32,,0,0,《全球通史》阅读,,自由时间,,00420080
0.0,000000,《罗马帝国衰亡史》阅读(20192-00420090-1),201920042009093688,,3,悦读计划,111,2-17周,0,张红,2-17周 自由时间 - ,0.0,公共课程,否,理论类课程,自由时间,2019-2020-2,,201920042009093688,,0,仙林校区,2019-2020学年 第2学期,93688,无,0.0,否,03,1,0,,0,0,《罗马帝国衰亡史》阅读,,自由时间,,00420090
0.0,000000,《大国的兴衰》阅读(20192-00420100-1),201920042010093689,,3,悦读计划,117,2-17周,0,郑安光,2-17周 自由时间 - ,0.0,公共课程,否,理论类课程,自由时间,2019-2020-2,,201920042010093689,,0,仙林校区,2019-2020学年 第2学期,93689,无,0.0,否,03,1,32,,0,0,《大国的兴衰》阅读,,自由时间,,00420100
0.0,000000,《大国的兴衰》阅读(20192-00420100-2),201920042010093690,,3,悦读计划,16,2-17周,0,宋文志,2-17周 自由时间 - ,0.0,公共课程,否,理论类课程,自由时间,2019-2020-2,,201920042010093690,,0,仙林校区,2019-2020学年 第2学期,93690,无,0.0,否,03,1,32,,0,0,《大国的兴衰》阅读,,自由时间,,00420100
0.0,000000,《老子注译及评介》阅读(20192-00430010-1),201920043001093624,,3,悦读计划,146,2-17周,0,胡永辉,2-17周 自由时间 - ,0.0,公共课程,否,理论类课程,自由时间,2019-2020-2,,201920043001093624,,0,仙林校区,2019-2020学年 第2学期,93624,无,0.0,否,03,1,32,,0,0,《老子注译及评介》阅读,,自由时间,,00430010
0.0,000000,《老子注译及评介》阅读(20192-00430010-2),201920043001093625,,3,悦读计划,110,2-17周,0,邵佳德,2-17周 自由时间 - ,0.0,公共课程,否,理论类课程,自由时间,2019-2020-2,,201920043001093625,,0,仙林校区,2019-2020学年 第2学期,93625,无,0.0,否,03,1,32,,0,0,《老子注译及评介》阅读,,自由时间,,00430010
0.0,000000,《四书章句集注》阅读(20192-00430020-1),201920043002093615,,3,悦读计划,56,2-17周,0,李承贵,2-17周 自由时间 - ,0.0,公共课程,否,理论类课程,自由时间,2019-2020-2,,201920043002093615,,0,仙林校区,2019-2020学年 第2学期,93615,无,0.0,否,03,1,32,,0,0,《四书章句集注》阅读,,自由时间,,00430020
0.0,000000,《理想国》阅读(20192-00430030-1),201920043003093620,,3,悦读计划,117,2-17周,0,刘鑫,2-17周 自由时间 - ,0.0,公共课程,否,理论类课程,自由时间,2019-2020-2,,201920043003093620,,0,仙林校区,2019-2020学年 第2学期,93620,无,0.0,否,03,1,32,,0,0,《理想国》阅读,,自由时间,,00430030
0.0,000000,《沉思录》阅读(20192-00430040-1),201920043004093619,,3,悦读计划,189,2-17周,0,胡星铭,2-17周 自由时间 - ,0.0,公共课程,否,理论类课程,自由时间,2019-2020-2,,201920043004093619,,0,仙林校区,2019-2020学年 第2学期,93619,无,0.0,否,03,1,32,,0,0,《沉思录》阅读,,自由时间,,00430040
0.0,000000,《论人与人之间不平等的起因和基础》阅读(20192-00430050-1),201920043005093623,,3,悦读计划,104,2-17周,0,王恒,2-17周 自由时间 - ,0.0,公共课程,否,理论类课程,自由时间,2019-2020-2,,201920043005093623,,0,仙林校区,2019-2020学年 第2学期,93623,无,0.0,否,03,1,32,,0,0,《论人与人之间不平等的起因和基础》阅读,,自由时间,,00430050
0.0,000000,《共产党宣言》阅读(20192-00430070-1),201920043007093617,,3,悦读计划,194,2-17周,0,唐正东,2-17周 自由时间 - ,0.0,公共课程,否,理论类课程,自由时间,2019-2020-2,,201920043007093617,,0,仙林校区,2019-2020学年 第2学期,93617,无,0.0,否,03,1,32,,0,0,《共产党宣言》阅读,,自由时间,,00430070
0.0,000000,《新教伦理与资本主义精神》阅读(20192-00430080-1),201920043008093621,,3,悦读计划,119,2-17周,0,周嘉昕,2-17周 自由时间 - ,0.0,公共课程,否,理论类课程,自由时间,2019-2020-2,,201920043008093621,,0,仙林校区,2019-2020学年 第2学期,93621,无,0.0,否,03,1,32,,0,0,《新教伦理与资本主义精神》阅读,,自由时间,,00430080
0.0,000000,《新教伦理与资本主义精神》阅读(20192-00430080-2),201920043008093622,,3,悦读计划,114,2-17周,0,黄玮杰,2-17周 自由时间 - ,0.0,公共课程,否,理论类课程,自由时间,2019-2020-2,,201920043008093622,,0,仙林校区,2019-2020学年 第2学期,93622,无,0.0,否,03,1,32,,0,0,《新教伦理与资本主义精神》阅读,,自由时间,,00430080
0.0,000000,《科学革命的结构》阅读(20192-00430090-1),201920043009093618,,3,悦读计划,113,2-17周,0,刘鹏,2-17周 自由时间 - ,0.0,公共课程,否,理论类课程,自由时间,2019-2020-2,,201920043009093618,,0,仙林校区,2019-2020学年 第2学期,93618,无,0.0,否,03,1,32,,0,0,《科学革命的结构》阅读,,自由时间,,00430090
0.0,000000,《坛经》阅读(20192-00430100-1),201920043010093616,,3,悦读计划,171,2-17周,0,杨维中,2-17周 自由时间 - ,0.0,公共课程,否,理论类课程,自由时间,2019-2020-2,,201920043010093616,,0,仙林校区,2019-2020学年 第2学期,93616,无,0.0,否,03,1,32,,0,0,《坛经》阅读,,自由时间,,00430100
0.0,000000,《经济发展理论》阅读(20192-00440030-1),201920044003093628,,3,悦读计划,85,2-17周,0,赵华,2-17周 自由时间 - ,0.0,公共课程,否,理论类课程,自由时间,2019-2020-2,,201920044003093628,,0,仙林校区,2019-2020学年 第2学期,93628,无,0.0,否,03,1,32,,0,0,《经济发展理论》阅读,,自由时间,,00440030
0.0,000000,《集体行动的逻辑》阅读(20192-00440040-1),201920044004093629,,3,悦读计划,125,2-17周,0,郑东雅,2-17周 自由时间 - ,0.0,公共课程,否,理论类课程,自由时间,2019-2020-2,,201920044004093629,,0,仙林校区,2019-2020学年 第2学期,93629,无,0.0,否,03,1,32,,0,0,《集体行动的逻辑》阅读,,自由时间,,00440040
0.0,000000,《不平等的代价》阅读(20192-00440050-1),201920044005093630,,3,悦读计划,180,2-17周,0,王宇伟,2-17周 自由时间 - ,0.0,公共课程,否,理论类课程,自由时间,2019-2020-2,,201920044005093630,,0,仙林校区,2019-2020学年 第2学期,93630,无,0.0,否,03,1,32,,0,0,《不平等的代价》阅读,,自由时间,,00440050
0.0,000000,《乡土中国 生育制度》阅读(20192-00440060-1),201920044006093631,,3,悦读计划,116,2-17周,0,陆远,2-17周 自由时间 - ,0.0,公共课程,否,理论类课程,自由时间,2019-2020-2,,201920044006093631,,0,仙林校区,2019-2020学年 第2学期,93631,无,0.0,否,03,1,32,,0,0,《乡土中国 生育制度》阅读,,自由时间,,00440060
0.0,000000,《乡土中国 生育制度》阅读(20192-00440060-2),201920044006093632,,3,悦读计划,114,2-17周,0,朱安新,2-17周 自由时间 - ,0.0,公共课程,否,理论类课程,自由时间,2019-2020-2,,201920044006093632,,0,仙林校区,2019-2020学年 第2学期,93632,无,0.0,否,03,1,32,,0,0,《乡土中国 生育制度》阅读,,自由时间,,00440060
0.0,000000,《乡土中国 生育制度》阅读(20192-00440060-3),201920044006093633,,3,悦读计划,117,2-17周,0,杨渝东,2-17周 自由时间 - ,0.0,公共课程,否,理论类课程,自由时间,2019-2020-2,,201920044006093633,,0,仙林校区,2019-2020学年 第2学期,93633,无,0.0,否,03,1,32,,0,0,《乡土中国 生育制度》阅读,,自由时间,,00440060
0.0,000000,《中国人》（《吾土吾民》）阅读(20192-00440070-1),201920044007093634,,3,悦读计划,110,2-17周,0,谢燕清,2-17周 自由时间 - ,0.0,公共课程,否,理论类课程,自由时间,2019-2020-2,,201920044007093634,,0,仙林校区,2019-2020学年 第2学期,93634,无,0.0,否,03,1,32,,0,0,《中国人》（《吾土吾民》）阅读,,自由时间,,00440070
0.0,000000,《旧制度与大革命》阅读(20192-00440080-1),201920044008093635,,3,悦读计划,37,2-17周,0,郑震,2-17周 自由时间 - ,0.0,公共课程,否,理论类课程,自由时间,2019-2020-2,,201920044008093635,,0,仙林校区,2019-2020学年 第2学期,93635,无,0.0,否,03,1,32,,0,0,《旧制度与大革命》阅读,,自由时间,,00440080
0.0,000000,《白领：美国的中产阶级》阅读(20192-00440090-1),201920044009093636,,3,悦读计划,103,2-17周,0,周晓虹,2-17周 自由时间 - ,0.0,公共课程,否,理论类课程,自由时间,2019-2020-2,,201920044009093636,,0,仙林校区,2019-2020学年 第2学期,93636,无,0.0,否,03,1,32,,0,0,《白领：美国的中产阶级》阅读,,自由时间,,00440090
0.0,000000,《白领：美国的中产阶级》阅读(20192-00440090-2),201920044009093637,,3,悦读计划,107,2-17周,0,陈昌凯,2-17周 自由时间 - ,0.0,公共课程,否,理论类课程,自由时间,2019-2020-2,,201920044009093637,,0,仙林校区,2019-2020学年 第2学期,93637,无,0.0,否,03,1,32,,0,0,《白领：美国的中产阶级》阅读,,自由时间,,00440090
0.0,000000,《白领：美国的中产阶级》阅读(20192-00440090-3),201920044009093638,,3,悦读计划,118,2-17周,0,闵学勤,2-17周 自由时间 - ,0.0,公共课程,否,理论类课程,自由时间,2019-2020-2,,201920044009093638,,0,仙林校区,2019-2020学年 第2学期,93638,无,0.0,否,03,1,32,,0,0,《白领：美国的中产阶级》阅读,,自由时间,,00440090
0.0,000000,《资本主义文化矛盾》阅读(20192-00440100-1),201920044010093639,,3,悦读计划,24,2-17周,0,成伯清,2-17周 自由时间 - ,0.0,公共课程,否,理论类课程,自由时间,2019-2020-2,,201920044010093639,,0,仙林校区,2019-2020学年 第2学期,93639,无,0.0,否,03,1,32,,0,0,《资本主义文化矛盾》阅读,,自由时间,,00440100
0.0,000000,《资本论》阅读(20192-00440110-1),201920044011093627,,3,悦读计划,194,2-17周,0,葛扬,2-17周 自由时间 - ,0.0,公共课程,否,理论类课程,自由时间,2019-2020-2,,201920044011093627,,0,仙林校区,2019-2020学年 第2学期,93627,无,0.0,否,03,1,32,,0,0,《资本论》阅读,,自由时间,,00440110
0.0,000000,《国家竞争优势》阅读(20192-00440120-1),201920044012093626,,3,悦读计划,116,2-17周,0,江静,2-17周 自由时间 - ,0.0,公共课程,否,理论类课程,自由时间,2019-2020-2,,201920044012093626,,0,仙林校区,2019-2020学年 第2学期,93626,无,0.0,否,03,1,32,,0,0,《国家竞争优势》阅读,,自由时间,,00440120
0.0,000000,《漫游诺贝尔奖创造的世界——化学之旅》阅读(20192-00450010-1),201920045001093644,,3,悦读计划,64,2-17周,0,王欢,2-17周 自由时间 - ,0.0,公共课程,否,理论类课程,自由时间,2019-2020-2,,201920045001093644,,0,仙林校区,2019-2020学年 第2学期,93644,无,0.0,否,03,1,32,,0,0,《漫游诺贝尔奖创造的世界——化学之旅》阅读,,自由时间,,00450010
0.0,000000,《漫游诺贝尔奖创造的世界——化学之旅》阅读(20192-00450010-2),201920045001093645,,3,悦读计划,7,2-17周,0,黄硕,2-17周 自由时间 - ,0.0,公共课程,否,理论类课程,自由时间,2019-2020-2,,201920045001093645,,0,仙林校区,2019-2020学年 第2学期,93645,无,0.0,否,03,1,32,,0,0,《漫游诺贝尔奖创造的世界——化学之旅》阅读,,自由时间,,00450010
0.0,000000,《中国自然地理纲要》阅读(20192-00450020-1),201920045002093648,,3,悦读计划,100,2-17周,0,马春梅,2-17周 自由时间 - ,0.0,公共课程,否,理论类课程,自由时间,2019-2020-2,,201920045002093648,,0,仙林校区,2019-2020学年 第2学期,93648,无,8.0,否,03,1,24,,0,0,《中国自然地理纲要》阅读,,自由时间,,00450020
0.0,000000,《中国自然地理纲要》阅读(20192-00450020-2),201920045002093649,,3,悦读计划,24,2-17周,0,张永战,2-17周 自由时间 - ,0.0,公共课程,否,理论类课程,自由时间,2019-2020-2,,201920045002093649,,0,仙林校区,2019-2020学年 第2学期,93649,无,8.0,否,03,1,24,,0,0,《中国自然地理纲要》阅读,,自由时间,,00450020
0.0,000000,《物种起源》阅读(20192-00450030-1),201920045003093650,,3,悦读计划,117,2-17周,0,王强,2-17周 自由时间 - ,0.0,公共课程,否,理论类课程,自由时间,2019-2020-2,,201920045003093650,,0,仙林校区,2019-2020学年 第2学期,93650,无,0.0,否,03,1,32,,0,0,《物种起源》阅读,,自由时间,,00450030
0.0,000000,《物种起源》阅读(20192-00450030-2),201920045003093651,,3,悦读计划,116,2-17周,0,邵珠卿,2-17周 自由时间 - ,0.0,公共课程,否,理论类课程,自由时间,2019-2020-2,,201920045003093651,,0,仙林校区,2019-2020学年 第2学期,93651,无,0.0,否,03,1,32,,0,0,《物种起源》阅读,,自由时间,,00450030
0.0,000000,《什么是数学？》阅读(20192-00450040-1),201920045004093640,,3,悦读计划,137,2-17周,0,郭学军,2-17周 自由时间 - ,0.0,公共课程,否,理论类课程,自由时间,2019-2020-2,,201920045004093640,,0,仙林校区,2019-2020学年 第2学期,93640,无,0.0,否,03,1,32,,0,0,《什么是数学？》阅读,,自由时间,,00450040
0.0,000000,《什么是数学？》阅读(20192-00450040-2),201920045004093641,,3,悦读计划,117,2-17周,0,纪庆忠,2-17周 自由时间 - ,0.0,公共课程,否,理论类课程,自由时间,2019-2020-2,,201920045004093641,,0,仙林校区,2019-2020学年 第2学期,93641,无,0.0,否,03,1,32,,0,0,《什么是数学？》阅读,,自由时间,,00450040
0.0,000000,《科学研究的艺术》阅读(20192-00450050-1),201920045005093656,,3,悦读计划,194,2-17周,0,董磊,2-17周 自由时间 - ,0.0,公共课程,否,理论类课程,自由时间,2019-2020-2,,201920045005093656,,0,仙林校区,2019-2020学年 第2学期,93656,无,0.0,否,03,1,32,,0,0,《科学研究的艺术》阅读,,自由时间,,00450050
0.0,000000,《信息简史》阅读(20192-00450060-1),201920045006093652,,3,悦读计划,182,2-17周,0,吴楠,2-17周 自由时间 - ,0.0,公共课程,否,理论类课程,自由时间,2019-2020-2,,201920045006093652,,0,仙林校区,2019-2020学年 第2学期,93652,无,0.0,否,03,1,32,,0,0,《信息简史》阅读,,自由时间,,00450060
0.0,000000,《千亿个太阳：恒星的诞生、演变和衰亡》阅读(20192-00450070-1),201920045007093646,,3,悦读计划,52,2-17周,0,罗新炼,2-17周 自由时间 - ,0.0,公共课程,否,理论类课程,自由时间,2019-2020-2,,201920045007093646,,0,仙林校区,2019-2020学年 第2学期,93646,无,0.0,否,03,1,32,,0,0,《千亿个太阳：恒星的诞生、演变和衰亡》阅读,,自由时间,,00450070
0.0,000000,《千亿个太阳：恒星的诞生、演变和衰亡》阅读(20192-00450070-2),201920045007093647,,3,悦读计划,40,2-17周,0,徐晓杰,2-17周 自由时间 - ,0.0,公共课程,否,理论类课程,自由时间,2019-2020-2,,201920045007093647,,0,仙林校区,2019-2020学年 第2学期,93647,无,0.0,否,03,1,32,,0,0,《千亿个太阳：恒星的诞生、演变和衰亡》阅读,,自由时间,,00450070
0.0,000000,《时间简史》阅读(20192-00450080-1),201920045008093642,,3,悦读计划,110,2-17周,0,章建辉,2-17周 自由时间 - ,0.0,公共课程,否,理论类课程,自由时间,2019-2020-2,,201920045008093642,,0,仙林校区,2019-2020学年 第2学期,93642,无,0.0,否,03,1,32,,0,0,《时间简史》阅读,,自由时间,,00450080
0.0,000000,《时间简史》阅读(20192-00450080-2),201920045008093643,,3,悦读计划,33,2-17周,0,应学农,2-17周 自由时间 - ,0.0,公共课程,否,理论类课程,自由时间,2019-2020-2,,201920045008093643,,0,仙林校区,2019-2020学年 第2学期,93643,无,0.0,否,03,1,32,,0,0,《时间简史》阅读,,自由时间,,00450080
0.0,000000,《大流感 最致命瘟疫的史诗》阅读(20192-00450090-1),201920045009093653,,3,悦读计划,145,2-17周,0,张骑鹏,2-17周 自由时间 - ,0.0,公共课程,否,理论类课程,自由时间,2019-2020-2,,201920045009093653,,0,仙林校区,2019-2020学年 第2学期,93653,无,0.0,否,03,1,32,,0,0,《大流感 最致命瘟疫的史诗》阅读,,自由时间,,00450090
0.0,000000,《量子之谜：物理学遇到意识》阅读(20192-00450100-1),201920045010093654,,3,悦读计划,115,2-17周,0,李俊,2-17周 自由时间 - ,0.0,公共课程,否,理论类课程,自由时间,2019-2020-2,,201920045010093654,,0,仙林校区,2019-2020学年 第2学期,93654,无,0.0,否,03,1,32,,0,0,《量子之谜：物理学遇到意识》阅读,,自由时间,,00450100
0.0,000000,《量子之谜：物理学遇到意识》阅读(20192-00450100-2),201920045010093655,,3,悦读计划,42,2-17周,0,龚彦晓,2-17周 自由时间 - ,0.0,公共课程,否,理论类课程,自由时间,2019-2020-2,,201920045010093655,,0,仙林校区,2019-2020学年 第2学期,93655,无,0.0,否,03,1,32,,0,0,《量子之谜：物理学遇到意识》阅读,,自由时间,,00450100
0.0,000000,《世界是平的：21世纪简史》阅读(20192-00460010-1),201920046001093670,,3,悦读计划,110,2-17周,0,钦文,2-17周 自由时间 - ,0.0,公共课程,否,理论类课程,自由时间,2019-2020-2,,201920046001093670,,0,仙林校区,2019-2020学年 第2学期,93670,无,0.0,否,03,1,32,,0,0,《世界是平的：21世纪简史》阅读,,自由时间,,00460010
0.0,000000,《文明的冲突与世界秩序的重建》阅读(20192-00460020-1),201920046002093671,,3,悦读计划,109,2-17周,0,朱雪峰,2-17周 自由时间 - ,0.0,公共课程,否,理论类课程,自由时间,2019-2020-2,,201920046002093671,,0,仙林校区,2019-2020学年 第2学期,93671,无,0.0,否,03,1,32,,0,0,《文明的冲突与世界秩序的重建》阅读,,自由时间,,00460020
0.0,000000,《文明的冲突与世界秩序的重建》阅读(20192-00460020-2),201920046002093672,,3,悦读计划,100,2-17周,0,高虹,2-17周 自由时间 - ,0.0,公共课程,否,理论类课程,自由时间,2019-2020-2,,201920046002093672,,0,仙林校区,2019-2020学年 第2学期,93672,无,0.0,否,03,1,32,,0,0,《文明的冲突与世界秩序的重建》阅读,,自由时间,,00460020
0.0,000000,《帝国：全球化的政治秩序》阅读(20192-00460030-1),201920046003093669,,3,悦读计划,58,2-17周,0,周越,2-17周 自由时间 - ,0.0,公共课程,否,理论类课程,自由时间,2019-2020-2,,201920046003093669,,0,仙林校区,2019-2020学年 第2学期,93669,无,0.0,否,03,1,32,,0,0,《帝国：全球化的政治秩序》阅读,,自由时间,,00460030
0.0,000000,《孙子兵法译注》阅读(20192-00460040-1),201920046004093657,,3,悦读计划,143,2-17周,0,杨新,2-17周 自由时间 - ,0.0,公共课程,否,理论+实践课程,自由时间,2019-2020-2,,201920046004093657,,0,仙林校区,2019-2020学年 第2学期,93657,无,0.0,否,03,5,16,,16,0,《孙子兵法译注》阅读,,自由时间,,00460040
0.0,000000,《控制论：或关于在动物和机器中控制和通信的科学》阅读(20192-00460050-1),201920046005093663,,3,悦读计划,117,2-17周,0,徐小林,2-17周 自由时间 - ,0.0,公共课程,否,理论类课程,自由时间,2019-2020-2,,201920046005093663,,0,仙林校区,2019-2020学年 第2学期,93663,无,0.0,否,03,1,32,,0,0,《控制论：或关于在动物和机器中控制和通信的科学》阅读,,自由时间,,00460050
0.0,000000,《控制论：或关于在动物和机器中控制和通信的科学》阅读(20192-00460050-2),201920046005093664,,3,悦读计划,113,2-17周,0,宋哲,2-17周 自由时间 - ,0.0,公共课程,否,理论类课程,自由时间,2019-2020-2,,201920046005093664,,0,仙林校区,2019-2020学年 第2学期,93664,无,0.0,否,03,1,32,,0,0,《控制论：或关于在动物和机器中控制和通信的科学》阅读,,自由时间,,00460050
0.0,000000,《卓有成效的管理者》阅读(20192-00460060-1),201920046006093667,,3,悦读计划,116,2-17周,0,张骁,2-17周 自由时间 - ,0.0,公共课程,否,理论类课程,自由时间,2019-2020-2,,201920046006093667,,0,仙林校区,2019-2020学年 第2学期,93667,无,0.0,否,03,1,32,,0,0,《卓有成效的管理者》阅读,,自由时间,,00460060
0.0,000000,《卓有成效的管理者》阅读(20192-00460060-2),201920046006093668,,3,悦读计划,117,2-17周,0,万国光,2-17周 自由时间 - ,0.0,公共课程,否,理论类课程,自由时间,2019-2020-2,,201920046006093668,,0,仙林校区,2019-2020学年 第2学期,93668,无,0.0,否,03,1,32,,0,0,《卓有成效的管理者》阅读,,自由时间,,00460060
0.0,000000,《从传统人到现代人：六个发展中国家中的个人变化》阅读(20192-00460070-1),201920046007093661,,3,悦读计划,18,2-17周,0,朱虹,2-17周 自由时间 - ,0.0,公共课程,否,理论类课程,自由时间,2019-2020-2,,201920046007093661,,0,仙林校区,2019-2020学年 第2学期,93661,无,0.0,否,03,1,32,,0,0,《从传统人到现代人：六个发展中国家中的个人变化》阅读,,自由时间,,00460070
0.0,000000,《从传统人到现代人：六个发展中国家中的个人变化》阅读(20192-00460070-2),201920046007093662,,3,悦读计划,118,2-17周,0,陆远,2-17周 自由时间 - ,0.0,公共课程,否,理论类课程,自由时间,2019-2020-2,,201920046007093662,,0,仙林校区,2019-2020学年 第2学期,93662,无,0.0,否,03,1,32,,0,0,《从传统人到现代人：六个发展中国家中的个人变化》阅读,,自由时间,,00460070
0.0,000000,《变革的力量》阅读(20192-00460080-1),201920046008093658,,3,悦读计划,114,2-17周,0,龙静,2-17周 自由时间 - ,0.0,公共课程,否,理论类课程,自由时间,2019-2020-2,,201920046008093658,,0,仙林校区,2019-2020学年 第2学期,93658,无,0.0,否,03,1,32,,0,0,《变革的力量》阅读,,自由时间,,00460080
0.0,000000,《变革的力量》阅读(20192-00460080-2),201920046008093659,,3,悦读计划,27,2-17周,0,李嘉,2-17周 自由时间 - ,0.0,公共课程,否,理论类课程,自由时间,2019-2020-2,,201920046008093659,,0,仙林校区,2019-2020学年 第2学期,93659,无,0.0,否,03,1,32,,0,0,《变革的力量》阅读,,自由时间,,00460080
0.0,000000,《个人与组织的未来》阅读(20192-00460090-1),201920046009093660,,3,悦读计划,11,2-17周,0,李虎,2-17周 自由时间 - ,0.0,公共课程,否,理论类课程,自由时间,2019-2020-2,,201920046009093660,,0,仙林校区,2019-2020学年 第2学期,93660,无,0.0,否,03,1,32,,0,0,《个人与组织的未来》阅读,,自由时间,,00460090
0.0,000000,《文化与组织》阅读(20192-00460100-1),201920046010093665,,3,悦读计划,114,2-17周,0,钱海燕,2-17周 自由时间 - ,0.0,公共课程,否,理论类课程,自由时间,2019-2020-2,,201920046010093665,,0,仙林校区,2019-2020学年 第2学期,93665,无,0.0,否,03,1,32,,0,0,《文化与组织》阅读,,自由时间,,00460100
0.0,000000,《文化与组织》阅读(20192-00460100-2),201920046010093666,,3,悦读计划,13,2-17周,0,汪丽,2-17周 自由时间 - ,0.0,公共课程,否,理论类课程,自由时间,2019-2020-2,,201920046010093666,,0,仙林校区,2019-2020学年 第2学期,93666,无,0.0,否,03,1,32,,0,0,《文化与组织》阅读,,自由时间,,00460100
32.0,000000,《汉书》选读(20192-00512590-1),201920051259094102,,3,DIY研读课,0,,0,,,2.0,公共课程,否,理论类课程,,2019-2020-2,,201920051259094102,,0,仙林校区,2019-2020学年 第2学期,94102,,0.0,否,04,1,32,,0,0,《汉书》选读,,,,00512590
32.0,000000,现象学与诗歌(20192-00512600-1),201920051260094103,,3,DIY研读课,0,,0,,,2.0,公共课程,否,理论类课程,,2019-2020-2,,201920051260094103,,0,仙林校区,2019-2020学年 第2学期,94103,,0.0,否,04,1,32,,0,0,现象学与诗歌,,,,00512600
32.0,000000,《后汉书》研读(20192-00522920-1),201920052292094104,,3,DIY研读课,15,4-17周,0,武黎嵩,4-17周 周二 第7节-第8节 仙Ⅰ-209,2.0,公共课程,否,理论类课程,周二,2019-2020-2,,201920052292094104,,0,仙林校区,2019-2020学年 第2学期,94104,仙Ⅰ-209,0.0,否,04,1,32,,0,0,《后汉书》研读,11,第7节-第8节,仙I区,00522920
32.0,000000,中国思想的现代转型(20192-00522930-1),201920052293094105,,3,DIY研读课,10,5-12周,0,李里峰,5-12周 周二 第9节-第11节 ,2.0,公共课程,否,理论类课程,周二,2019-2020-2,,201920052293094105,,0,仙林校区,2019-2020学年 第2学期,94105,政管院321,0.0,否,04,1,32,,0,0,中国思想的现代转型,,第9节-第11节,,00522930
32.0,000000,石刻文献导读(20192-00522940-1),201920052294094106,,3,DIY研读课,0,,0,,,2.0,公共课程,否,理论类课程,,2019-2020-2,,201920052294094106,,0,仙林校区,2019-2020学年 第2学期,94106,,0.0,否,04,1,32,,0,0,石刻文献导读,,,,00522940
32.0,000000,恩格斯的故事(20192-00532690-1),201920053269094107,,3,DIY研读课,9,9-16周,0,周嘉昕,9-16周 周四 第9节-第11节 仙Ⅰ-211,2.0,公共课程,否,理论类课程,周四,2019-2020-2,,201920053269094107,,0,仙林校区,2019-2020学年 第2学期,94107,仙Ⅰ-211,0.0,否,04,1,32,,0,0,恩格斯的故事,11,第9节-第11节,仙I区,00532690
48.0,000000,逻辑悖论：人类理性之谜(20192-00532700-1),201920053270094108,,3,DIY研读课,13,3-14周,0,张建军,3-14周 周二 第9节-第11节 ,3.0,公共课程,否,理论类课程,周二,2019-2020-2,,201920053270094108,,0,仙林校区,2019-2020学年 第2学期,94108,哲学系216,0.0,否,04,1,48,,0,0,逻辑悖论：人类理性之谜,,第9节-第11节,,00532700
32.0,000000,媒介文化经典论著导读(20192-00542810-1),201920054281094111,,3,DIY研读课,12,10-17周,0,胡翼青,10-17周 周四 第9节-第11节 仙Ⅰ-316,2.0,公共课程,否,理论类课程,周四,2019-2020-2,,201920054281094111,,0,仙林校区,2019-2020学年 第2学期,94111,仙Ⅰ-316,0.0,否,04,1,32,,0,0,媒介文化经典论著导读,11,第9节-第11节,仙I区,00542810
96.0,400010,毕业论文(20192-01000000-1),201920100000091683,,3,,87,1-17周,0,,1-17周 自由时间 - 自由地点,6.0,文学院,否,实践类课程,自由时间,2019-2020-2,,201920100000091683,2016文学院汉语言文学,0,仙林校区,2019-2020学年 第2学期,91683,自由地点,0.0,否,,3,0,,96,0,毕业论文,388,自由时间,虚拟区域（仙林）,01000000
96.0,400010,毕业论文(20192-01000000-1),201920100000091709,,3,,25,1-17周,0,,1-17周 自由时间 - 自由地点,6.0,文学院,否,实践类课程,自由时间,2019-2020-2,,201920100000091709,2016文学院戏剧影视文学,0,仙林校区,2019-2020学年 第2学期,91709,自由地点,0.0,否,,3,0,,96,0,毕业论文,388,自由时间,虚拟区域（仙林）,01000000
48.0,400010,中国古代文学（二）(20192-01000010B-1),2019201000010B91694,,3,,26,1-17周,0,"徐涛,赫兆丰",1-17周 周二 第5节-第7节 逸B-201,3.0,文学院,否,理论类课程,周二,2019-2020-2,,2019201000010B91694,2019文学院戏剧影视文学,0,仙林校区,2019-2020学年 第2学期,91694,逸B-201,0.0,否,,1,48,,0,0,中国古代文学,16,第5节-第7节,逸夫楼B区,01000010B
64.0,400010,外国文学（下）(20192-01000020B-1),2019201000020B91676,,3,,40,"1-17周,1-17周",0,唐玉清,"1-17周 周二 第3节-第4节 仙Ⅱ-514,1-17周 周四 第3节-第4节 仙Ⅱ-514",4.0,文学院,否,理论类课程,"周二,周四",2019-2020-2,,2019201000020B91676,2017文学院汉语言文学,0,仙林校区,2019-2020学年 第2学期,91676,"仙Ⅱ-514,仙Ⅱ-514",0.0,否,,1,64,,0,0,外国文学（下）,12,"第3节-第4节,第3节-第4节",仙II区,01000020B
64.0,400010,外国文学（下）(20192-01000020B-2),2019201000020B91677,,3,,51,"1-17周,1-17周",0,董晓,"1-17周 周二 第3节-第4节 仙Ⅱ-515,1-17周 周四 第3节-第4节 仙Ⅱ-515",4.0,文学院,否,理论类课程,"周二,周四",2019-2020-2,,2019201000020B91677,2017文学院汉语言文学,0,仙林校区,2019-2020学年 第2学期,91677,"仙Ⅱ-515,仙Ⅱ-515",0.0,否,,1,64,,0,0,外国文学（下）,12,"第3节-第4节,第3节-第4节",仙II区,01000020B
32.0,400010,语义学概论(20192-01000030-1),201920100003091680,,3,,7,1-17周,0,陈奕勋,1-17周 周二 第7节-第8节 仙Ⅱ-524,2.0,文学院,否,理论类课程,周二,2019-2020-2,,201920100003091680,2017文学院汉语言文学,0,仙林校区,2019-2020学年 第2学期,91680,仙Ⅱ-524,0.0,否,,1,32,,0,0,语义学概论,12,第7节-第8节,仙II区,01000030
32.0,400010,中国古代文学作品选读(20192-01000080-1),201920100008091791,,3,,50,1-17周,0,"徐雁平,俞士玲",1-17周 周二 第7节-第8节 仙Ⅱ-212,2.0,文学院,否,理论类课程,周二,2019-2020-2,,201920100008091791,2019*人文科学试验班*人文艺术传播类,0,仙林校区,2019-2020学年 第2学期,91791,仙Ⅱ-212,0.0,否,,1,32,,0,0,中国古代文学作品选读,12,第7节-第8节,仙II区,01000080
32.0,400010,中国古代文学作品选读(20192-01000080-2),201920100008091792,,3,,46,1-17周,0,"徐雁平,俞士玲",1-17周 周四 第5节-第6节 仙Ⅱ-212,2.0,文学院,否,理论类课程,周四,2019-2020-2,,201920100008091792,2019*人文科学试验班*人文艺术传播类,0,仙林校区,2019-2020学年 第2学期,91792,仙Ⅱ-212,0.0,否,,1,32,,0,0,中国古代文学作品选读,12,第5节-第6节,仙II区,01000080
32.0,400010,中国现当代文学作品选读(20192-01000090-1),201920100009091795,,3,,175,1-17周,0,傅元峰,1-17周 周三 第5节-第6节 逸A-117,2.0,文学院,否,理论类课程,周三,2019-2020-2,,201920100009091795,2019*人文科学试验班*人文艺术传播类,0,仙林校区,2019-2020学年 第2学期,91795,逸A-117,0.0,否,,1,32,,0,0,中国现当代文学作品选读,15,第5节-第6节,逸夫楼A区,01000090
32.0,400010,中国当代小说专题研究(20192-01000100-1),201920100010091685,,3,,14,1-17周,0,刘阳扬,1-17周 周二 第3节-第4节 仙Ⅱ-216,2.0,文学院,否,理论类课程,周二,2019-2020-2,,201920100010091685,2016文学院汉语言文学,0,仙林校区,2019-2020学年 第2学期,91685,仙Ⅱ-216,0.0,否,,1,32,,0,0,中国当代小说专题研究,12,第3节-第4节,仙II区,01000100
32.0,400010,文学概论（下）(20192-01010010B-1),2019201010010B91674,,3,,40,1-17周,0,汪正龙,1-17周 周三 第3节-第4节 仙Ⅱ-512,2.0,文学院,否,理论类课程,周三,2019-2020-2,,2019201010010B91674,2017文学院汉语言文学,0,仙林校区,2019-2020学年 第2学期,91674,仙Ⅱ-512,0.0,否,,1,32,,0,0,文学概论（下）,12,第3节-第4节,仙II区,01010010B
32.0,400010,文学概论（下）(20192-01010010B-2),2019201010010B91675,,3,,53,1-17周,0,"包兆会,王曦",1-17周 周三 第3节-第4节 仙Ⅱ-513,2.0,文学院,否,理论类课程,周三,2019-2020-2,,2019201010010B91675,2017文学院汉语言文学,0,仙林校区,2019-2020学年 第2学期,91675,仙Ⅱ-513,0.0,否,,1,32,,0,0,文学概论（下）,12,第3节-第4节,仙II区,01010010B
48.0,400010,古代汉语（下）(20192-01010030B-1),2019201010030B91639,,3,,45,1-17周,0,张福通,1-17周 周一 第5节-第7节 仙Ⅱ-512,3.0,文学院,否,理论类课程,周一,2019-2020-2,,2019201010030B91639,2018文学院汉语言文学,0,仙林校区,2019-2020学年 第2学期,91639,仙Ⅱ-512,0.0,否,,1,48,,0,0,古代汉语（下）,12,第5节-第7节,仙II区,01010030B
48.0,400010,古代汉语（下）(20192-01010030B-2),2019201010030B91640,,3,,51,1-17周,0,程少轩,1-17周 周一 第5节-第7节 仙Ⅱ-513,3.0,文学院,否,理论类课程,周一,2019-2020-2,,2019201010030B91640,2018文学院汉语言文学,0,仙林校区,2019-2020学年 第2学期,91640,仙Ⅱ-513,0.0,否,,1,48,,0,0,古代汉语（下）,12,第5节-第7节,仙II区,01010030B
32.0,400010,现代汉语（下）(20192-01010040B-1),2019201010040B91653,,3,,92,1-17周,0,徐世梁,1-17周 周三 第3节-第4节 逸B-104,2.0,文学院,否,理论类课程,周三,2019-2020-2,,2019201010040B91653,2018文学院汉语言文学,0,仙林校区,2019-2020学年 第2学期,91653,逸B-104,0.0,否,,1,32,,0,0,现代汉语（下）,16,第3节-第4节,逸夫楼B区,01010040B
64.0,400010,中国现当代文学（下）(20192-01010050B-1),2019201010050B91678,,3,,40,"1-17周,1-17周",0,刘阳扬,"1-17周 周二 第5节-第6节 仙Ⅱ-512,1-17周 周四 第5节-第6节 仙Ⅱ-512",4.0,文学院,否,理论类课程,"周二,周四",2019-2020-2,,2019201010050B91678,2017文学院汉语言文学,0,仙林校区,2019-2020学年 第2学期,91678,"仙Ⅱ-512,仙Ⅱ-512",0.0,否,,1,64,,0,0,中国现当代文学（下）,12,"第5节-第6节,第5节-第6节",仙II区,01010050B
64.0,400010,中国现当代文学（下）(20192-01010050B-2),2019201010050B91679,,3,,53,"3-17周,3-17周",0,李章斌,"3-17周 周二 第5节-第6节 仙Ⅱ-513,3-17周 周四 第5节-第6节 仙Ⅱ-513",4.0,文学院,否,理论类课程,"周二,周四",2019-2020-2,,2019201010050B91679,2017文学院汉语言文学,0,仙林校区,2019-2020学年 第2学期,91679,"仙Ⅱ-513,仙Ⅱ-513",0.0,否,,1,64,,0,0,中国现当代文学（下）,12,"第5节-第6节,第5节-第6节",仙II区,01010050B
32.0,400010,学年论文(20192-01010070-1),201920101007091665,,3,,79,1-17周,0,,1-17周 自由时间 - 自由地点,2.0,文学院,否,实践类课程,自由时间,2019-2020-2,,201920101007091665,2017文学院汉语言文学,0,仙林校区,2019-2020学年 第2学期,91665,自由地点,0.0,否,,3,0,,32,0,学年论文,388,自由时间,虚拟区域（仙林）,01010070
32.0,400010,学年论文(20192-01010070-1),201920101007091705,,3,,30,1-17周,0,,1-17周 自由时间 - 自由地点,2.0,文学院,否,实践类课程,自由时间,2019-2020-2,,201920101007091705,2017文学院戏剧影视文学,0,仙林校区,2019-2020学年 第2学期,91705,自由地点,0.0,否,,3,0,,32,0,学年论文,388,自由时间,虚拟区域（仙林）,01010070
96.0,400010,中国古代文学（二）(20192-01010090B-1),2019201010090B91655,,3,,43,"1-17周,1-17周",0,"徐涛,苗怀明","1-17周 周二 第2节-第4节 仙Ⅱ-512,1-17周 周四 第2节-第4节 仙Ⅱ-512",6.0,文学院,否,理论类课程,"周二,周四",2019-2020-2,,2019201010090B91655,2018文学院汉语言文学,0,仙林校区,2019-2020学年 第2学期,91655,"仙Ⅱ-512,仙Ⅱ-512",0.0,否,,1,96,,0,0,中国古代文学（二）,12,"第2节-第4节,第2节-第4节",仙II区,01010090B
96.0,400010,中国古代文学（二）(20192-01010090B-2),2019201010090B91656,,3,,48,"3-17周,3-17周",0,"冯乾,卞东波","3-17周 周二 第2节-第4节 仙Ⅱ-513,3-17周 周四 第2节-第4节 仙Ⅱ-513",6.0,文学院,否,理论类课程,"周二,周四",2019-2020-2,,2019201010090B91656,2018文学院汉语言文学,0,仙林校区,2019-2020学年 第2学期,91656,"仙Ⅱ-513,仙Ⅱ-513",0.0,否,,1,96,,0,0,中国古代文学（二）,12,"第2节-第4节,第2节-第4节",仙II区,01010090B
32.0,400010,中国现当代文学（下）(20192-01020020B-1),2019201020020B91706,,3,,32,1-17周,0,王爱松,1-17周 周四 第5节-第6节 逸B-202,2.0,文学院,否,理论类课程,周四,2019-2020-2,,2019201020020B91706,2017文学院戏剧影视文学,0,仙林校区,2019-2020学年 第2学期,91706,逸B-202,0.0,否,,1,32,,0,0,中国现当代文学（下）,16,第5节-第6节,逸夫楼B区,01020020B
48.0,400010,中国戏剧史（下）(20192-01020030B-1),2019201020030B91698,,3,,26,1-17周,0,马俊山,1-17周 周三 第2节-第4节 逸B-202,3.0,文学院,否,理论类课程,周三,2019-2020-2,,2019201020030B91698,2018文学院戏剧影视文学,0,仙林校区,2019-2020学年 第2学期,91698,逸B-202,0.0,否,,1,48,,0,0,中国戏剧史（下）,16,第2节-第4节,逸夫楼B区,01020030B
32.0,400010,外国戏剧(下)(20192-01020040B-1),2019201020040B91699,,3,,26,1-17周,0,高子文,1-17周 周四 第5节-第6节 逸B-201,2.0,文学院,否,理论类课程,周四,2019-2020-2,,2019201020040B91699,2018文学院戏剧影视文学,0,仙林校区,2019-2020学年 第2学期,91699,逸B-201,0.0,否,,1,32,,0,0,外国戏剧(下),16,第5节-第6节,逸夫楼B区,01020040B
32.0,400010,中国电影（下）(20192-01020050B-1),2019201020050B91695,,3,,24,1-17周,0,洪宏,1-17周 周二 第3节-第4节 逸B-201,2.0,文学院,否,理论类课程,周二,2019-2020-2,,2019201020050B91695,2019文学院戏剧影视文学,0,仙林校区,2019-2020学年 第2学期,91695,逸B-201,0.0,否,,1,32,,0,0,中国电影（下）,16,第3节-第4节,逸夫楼B区,01020050B
32.0,400010,外国电影（下）(20192-01020060B-1),2019201020060B91700,,3,,28,1-17周,0,杨鹏鑫,1-17周 周四 第3节-第4节 逸B-201,2.0,文学院,否,理论类课程,周四,2019-2020-2,,2019201020060B91700,2018文学院戏剧影视文学,0,仙林校区,2019-2020学年 第2学期,91700,逸B-201,0.0,否,,1,32,,0,0,外国电影（下）,16,第3节-第4节,逸夫楼B区,01020060B
48.0,400010,舞台剧写作（下）(20192-01020070B-1),2019201020070B91701,,3,,29,3-17周,0,吕效平,3-17周 周二 第2节-第4节 逸B-202,3.0,文学院,否,理论+实践课程,周二,2019-2020-2,,2019201020070B91701,2018文学院戏剧影视文学,0,仙林校区,2019-2020学年 第2学期,91701,逸B-202,0.0,否,,5,32,,16,0,舞台剧写作（下）,16,第2节-第4节,逸夫楼B区,01020070B
48.0,400010,影视剧写作（下)(20192-01020080B-1),2019201020080B91707,,3,,32,1-17周,0,谢炜,1-17周 周五 第9节-第11节 逸B-202,3.0,文学院,否,理论+实践课程,周五,2019-2020-2,,2019201020080B91707,2017文学院戏剧影视文学,0,仙林校区,2019-2020学年 第2学期,91707,逸B-202,0.0,否,,5,32,,16,0,影视剧写作（下),16,第9节-第11节,逸夫楼B区,01020080B
32.0,400010,中国电视剧(20192-01020090-1),201920102009091702,,3,,26,1-17周,0,李兴阳,1-17周 周二 第5节-第6节 逸B-202,2.0,文学院,否,理论类课程,周二,2019-2020-2,,201920102009091702,2018文学院戏剧影视文学,0,仙林校区,2019-2020学年 第2学期,91702,逸B-202,0.0,否,,1,32,,0,0,中国电视剧,16,第5节-第6节,逸夫楼B区,01020090
32.0,400010,外国文学（二）(20192-01020100B-1),2019201020100B91708,,3,,32,1-17周,0,唐玉清,1-17周 周二 第5节-第6节 逸B-209,2.0,文学院,否,理论类课程,周二,2019-2020-2,,2019201020100B91708,2017文学院戏剧影视文学,0,仙林校区,2019-2020学年 第2学期,91708,逸B-209,0.0,否,,1,32,,0,0,外国文学（二）,16,第5节-第6节,逸夫楼B区,01020100B
32.0,400010,《诗经》研究(20192-01030010-1),201920103001091681,,3,,0,,0,,,2.0,文学院,否,理论类课程,,2019-2020-2,,201920103001091681,,0,仙林校区,2019-2020学年 第2学期,91681,,0.0,否,,1,32,,0,0,《诗经》研究,,,,01030010
32.0,400010,《论语》研究(20192-01030050-1),201920103005091682,,3,,13,1-17周,0,赵益,1-17周 周一 第5节-第6节 仙Ⅱ-301,2.0,文学院,否,理论类课程,周一,2019-2020-2,,201920103005091682,2017文学院汉语言文学,0,仙林校区,2019-2020学年 第2学期,91682,仙Ⅱ-301,0.0,否,,1,32,,0,0,《论语》研究,12,第5节-第6节,仙II区,01030050
32.0,400010,《说文解字》研究(20192-01030070-1),201920103007091657,,3,,0,,0,,,2.0,文学院,否,理论类课程,,2019-2020-2,,201920103007091657,,0,仙林校区,2019-2020学年 第2学期,91657,,0.0,否,,1,32,,0,0,《说文解字》研究,,,,01030070
32.0,400010,鲁迅研究(20192-01030090-1),201920103009091658,,3,,66,1-17周,0,"藤井省三,吴俊",1-17周 周四 第5节-第6节 仙Ⅱ-211,2.0,文学院,否,理论类课程,周四,2019-2020-2,,201920103009091658,2018文学院汉语言文学,0,仙林校区,2019-2020学年 第2学期,91658,仙Ⅱ-211,0.0,否,,1,32,,0,0,鲁迅研究,12,第5节-第6节,仙II区,01030090
32.0,400010,张爱玲研究(20192-01030100-1),201920103010091667,,3,,0,,0,,,2.0,文学院,否,理论类课程,,2019-2020-2,,201920103010091667,,0,仙林校区,2019-2020学年 第2学期,91667,,0.0,否,,1,32,,0,0,张爱玲研究,,,,01030100
32.0,400010,训诂学(20192-01030250-1),201920103025091688,,3,,4,1-17周,0,陈文杰,1-17周 周四 第3节-第4节 仙Ⅱ-216,2.0,文学院,否,理论类课程,周四,2019-2020-2,,201920103025091688,2016文学院汉语言文学,0,仙林校区,2019-2020学年 第2学期,91688,仙Ⅱ-216,0.0,否,,1,32,,0,0,训诂学,12,第3节-第4节,仙II区,01030250
32.0,400010,影视制作（2）(20192-01031050B-1),2019201031050B91703,,3,,24,1-17周,0,李劼,1-17周 周三 第5节-第6节 ,2.0,文学院,否,理论+实践课程,周三,2019-2020-2,,2019201031050B91703,2018文学院戏剧影视文学,0,仙林校区,2019-2020学年 第2学期,91703,影视工作室,0.0,否,,5,16,,16,0,影视制作（2）,,第5节-第6节,,01031050B
32.0,400010,视听语言(20192-01031190-1),201920103119091696,,3,,22,1-17周,0,陈晓,1-17周 周一 第5节-第6节 逸B-201,2.0,文学院,否,理论+实践课程,周一,2019-2020-2,,201920103119091696,2019文学院戏剧影视文学,0,仙林校区,2019-2020学年 第2学期,91696,逸B-201,0.0,否,,5,16,,16,0,视听语言,16,第5节-第6节,逸夫楼B区,01031190
32.0,400010,表导演理论与实践（二）(20192-01031350B-1),2019201031350B91693,,3,,16,"3-17周,3-17周",0,刘阳,"3-17周 周四 第5节-第6节 ,3-17周 周四 第7节-第8节 ",2.0,文学院,否,理论+实践课程,"周四,周四",2019-2020-2,,2019201031350B91693,2019文学院戏剧影视文学,0,仙林校区,2019-2020学年 第2学期,91693,"黑匣子剧场,黑匣子剧场",0.0,否,,5,32,,32,0,表导演理论与实践（二）,,"第5节-第6节,第7节-第8节",,01031350B
32.0,400010,中国古代文物与文学(20192-01031420-1),201920103142091668,,3,,12,12-17周,0,金程宇,12-17周 周三 第5节-第6节 仙Ⅱ-216,2.0,文学院,否,理论类课程,周三,2019-2020-2,,201920103142091668,2017文学院汉语言文学,0,仙林校区,2019-2020学年 第2学期,91668,仙Ⅱ-216,0.0,否,,1,32,,0,0,中国古代文物与文学,12,第5节-第6节,仙II区,01031420
32.0,400010,摄影与摄像(20192-01031460-1),201920103146091697,,3,,14,1-17周,0,蒋博文,1-17周 周二 第9节-第10节 逸B-201,2.0,文学院,否,,周二,2019-2020-2,,201920103146091697,2019文学院戏剧影视文学,0,仙林校区,2019-2020学年 第2学期,91697,逸B-201,,否,,,,,,0,摄影与摄像,16,第9节-第10节,逸夫楼B区,01031460
32.0,400010,外国电视剧(20192-01031470-1),201920103147091704,,3,,32,1-17周,0,罗慧林,1-17周 周三 第3节-第4节 逸B-209,2.0,文学院,否,理论类课程,周三,2019-2020-2,,201920103147091704,2017文学院戏剧影视文学,0,仙林校区,2019-2020学年 第2学期,91704,逸B-209,0.0,否,,1,32,,0,0,外国电视剧,16,第3节-第4节,逸夫楼B区,01031470
32.0,400010,上海都市文化与文艺研究(20192-01031520-1),201920103152091671,,3,,19,1-17周,0,葛飞,1-17周 周一 第7节-第8节 仙Ⅱ-211,2.0,文学院,否,理论类课程,周一,2019-2020-2,,201920103152091671,2017文学院汉语言文学,0,仙林校区,2019-2020学年 第2学期,91671,仙Ⅱ-211,0.0,否,,1,32,,0,0,上海都市文化与文艺研究,12,第7节-第8节,仙II区,01031520
32.0,400010,四库提要导读(20192-01031890-1),201920103189091672,,3,,0,,0,,,2.0,文学院,否,理论类课程,,2019-2020-2,,201920103189091672,,0,仙林校区,2019-2020学年 第2学期,91672,,0.0,否,,1,32,,0,0,四库提要导读,,,,01031890
32.0,400010,八代诗研读(20192-01031900-1),201920103190091689,,3,,10,1-17周,0,于溯,1-17周 周三 第3节-第4节 仙Ⅱ-216,2.0,文学院,否,理论类课程,周三,2019-2020-2,,201920103190091689,2016文学院汉语言文学,0,仙林校区,2019-2020学年 第2学期,91689,仙Ⅱ-216,0.0,否,,1,32,,0,0,八代诗研读,12,第3节-第4节,仙II区,01031900
32.0,400010,汉语历史句法专题(20192-01032040-1),201920103204091660,,3,,34,1-17周,0,苏婧,1-17周 周二 第5节-第6节 仙Ⅱ-216,2.0,文学院,否,理论类课程,周二,2019-2020-2,,201920103204091660,2018文学院汉语言文学,0,仙林校区,2019-2020学年 第2学期,91660,仙Ⅱ-216,0.0,否,,1,32,,0,0,汉语历史句法专题,12,第5节-第6节,仙II区,01032040
128.0,400020,毕业论文(20192-02000030-1),201920200003091481,,3,,60,1-17周,0,,1-17周 自由时间 - 自由地点,8.0,历史学院,否,实践类课程,自由时间,2019-2020-2,,201920200003091481,"2016历史学院历史学,2016历史学院考古学（文物鉴定方向）,2016历史学院考古学",0,仙林校区,2019-2020学年 第2学期,91481,自由地点,0.0,否,,3,0,,128,0,毕业论文,388,自由时间,虚拟区域（仙林）,02000030
32.0,400020,看一台中国历史的大戏(20192-02000050-1),201920200005091762,,3,,149,1-17周,0,"武黎嵩,胡阿祥",1-17周 周五 第3节-第4节 逸A-117,2.0,历史学院,否,理论类课程,周五,2019-2020-2,,201920200005091762,2019*人文科学试验班*人文艺术传播类,0,仙林校区,2019-2020学年 第2学期,91762,逸A-117,0.0,否,,1,32,,0,0,看一台中国历史的大戏,15,第3节-第4节,逸夫楼A区,02000050
32.0,400020,欧洲文明与现代化(20192-02000060-1),201920200006091768,,3,,115,1-17周,0,"王涛,王睿恒,于文杰,刘成,祝宏俊",1-17周 周三 第3节-第4节 仙Ⅱ-304,2.0,历史学院,否,理论类课程,周三,2019-2020-2,,201920200006091768,2019*人文科学试验班*人文艺术传播类,0,仙林校区,2019-2020学年 第2学期,91768,仙Ⅱ-304,0.0,否,,1,32,,0,0,欧洲文明与现代化,12,第3节-第4节,仙II区,02000060
32.0,400020,国际体系的演变(20192-02000070-1),201920200007091769,,3,,147,8-17周,0,"郑安光,洪邮生",8-17周 周一 第5节-第6节 逸A-117,2.0,历史学院,否,理论类课程,周一,2019-2020-2,,201920200007091769,2019*人文科学试验班*人文艺术传播类,0,仙林校区,2019-2020学年 第2学期,91769,逸A-117,0.0,否,,1,32,,0,0,国际体系的演变,15,第5节-第6节,逸夫楼A区,02000070
32.0,400020,魅力考古学(20192-02000080-1),201920200008091770,,3,,116,1-17周,0,"张良仁,周晓陆,张学锋,王晓琪,车旭东",1-17周 周二 第9节-第10节 仙Ⅱ-304,2.0,历史学院,否,理论类课程,周二,2019-2020-2,,201920200008091770,2019*人文科学试验班*人文艺术传播类,0,仙林校区,2019-2020学年 第2学期,91770,仙Ⅱ-304,0.0,否,,1,32,,0,0,魅力考古学,12,第9节-第10节,仙II区,02000080
48.0,400020,中国通史（二）(20192-02000100B-1),2019202000100B91439,,3,,63,7-17周,0,"夏维中,邹劲风,特木勒",7-17周 周三 第2节-第4节 逸B-303,3.0,历史学院,否,理论类课程,周三,2019-2020-2,,2019202000100B91439,"2018历史学院历史学,2018历史学院考古学（文物鉴定方向）,2018历史学院考古学",0,仙林校区,2019-2020学年 第2学期,91439,逸B-303,0.0,否,,1,48,,0,0,中国通史（二）,16,第2节-第4节,逸夫楼B区,02000100B
48.0,400020,中国通史（四）(20192-02000100D-1),2019202000100D91633,,3,,46,1-17周,0,"孙扬,张萌,陈海懿",1-17周 周四 第5节-第7节 逸B-301,3.0,历史学院,否,理论类课程,周四,2019-2020-2,,2019202000100D91633,2017历史学院历史学,0,仙林校区,2019-2020学年 第2学期,91633,逸B-301,0.0,否,,1,48,,0,0,中国通史（四）,16,第5节-第7节,逸夫楼B区,02000100D
32.0,400020,中国历史文选（下）(20192-02100030B-1),2019202100030B91442,,3,,64,1-17周,0,邹劲风,1-17周 周五 第3节-第4节 逸B-303,2.0,历史学院,否,理论类课程,周五,2019-2020-2,,2019202100030B91442,"2018历史学院历史学,2018历史学院考古学（文物鉴定方向）,2018历史学院考古学",0,仙林校区,2019-2020学年 第2学期,91442,逸B-303,0.0,否,,1,32,,0,0,中国历史文选（下）,16,第3节-第4节,逸夫楼B区,02100030B
32.0,400020,史学概论(20192-02100040-1),201920210004091443,,3,,47,1-17周,0,"梁晨,闵凡祥",1-17周 周四 第3节-第4节 逸B-401,2.0,历史学院,否,理论类课程,周四,2019-2020-2,,201920210004091443,2018历史学院历史学,0,仙林校区,2019-2020学年 第2学期,91443,逸B-401,0.0,否,,1,32,,0,0,史学概论,16,第3节-第4节,逸夫楼B区,02100040
32.0,400020,专业外语(20192-02100050-1),201920210005092521,,3,,43,1-17周,0,"邹劲风,张红",1-17周 周四 第3节-第4节 逸B-301,2.0,历史学院,否,理论类课程,周四,2019-2020-2,,201920210005092521,2017历史学院历史学,0,仙林校区,2019-2020学年 第2学期,92521,逸B-301,0.0,否,,1,32,,0,0,专业外语,16,第3节-第4节,逸夫楼B区,02100050
32.0,400020,学年论文(20192-02100080-1),201920210008091737,,3,,56,1-17周,0,,1-17周 自由时间 - 自由地点,2.0,历史学院,否,实践类课程,自由时间,2019-2020-2,,201920210008091737,"2017历史学院历史学,2017历史学院考古学（文物鉴定方向）,2017历史学院考古学",0,仙林校区,2019-2020学年 第2学期,91737,自由地点,0.0,否,,3,0,,32,0,学年论文,388,自由时间,虚拟区域（仙林）,02100080
48.0,400020,世界通史（二）(20192-02100090B-1),2019202100090B91444,,3,,46,10-17周,0,"于文杰,征咪,刘成",10-17周 周二 第5节-第7节 逸B-401,3.0,历史学院,否,理论类课程,周二,2019-2020-2,,2019202100090B91444,2018历史学院历史学,0,仙林校区,2019-2020学年 第2学期,91444,逸B-401,0.0,否,,1,48,,0,0,世界通史（二）,16,第5节-第7节,逸夫楼B区,02100090B
32.0,400020,外国史学史(20192-02110220-1),201920211022091458,,3,,46,8-17周,0,"施义慧,闵凡祥",8-17周 周二 第3节-第4节 逸B-301,2.0,历史学院,否,理论类课程,周二,2019-2020-2,,201920211022091458,2017历史学院历史学,0,仙林校区,2019-2020学年 第2学期,91458,逸B-301,0.0,否,,1,32,,0,0,外国史学史,16,第3节-第4节,逸夫楼B区,02110220
32.0,400020,当代东亚国际关系(20192-02110440-1),201920211044091457,,3,,22,3-17周,0,刘立涛,3-17周 周一 第5节-第6节 逸B-202,2.0,历史学院,否,理论类课程,周一,2019-2020-2,,201920211044091457,2017历史学院历史学,0,仙林校区,2019-2020学年 第2学期,91457,逸B-202,0.0,否,,1,32,,0,0,当代东亚国际关系,16,第5节-第6节,逸夫楼B区,02110440
32.0,400020,中国的高等教育与社会(20192-02110540-1),201920211054091459,,3,,28,1-17周,0,梁晨,1-17周 周四 第1节-第2节 逸B-202,2.0,历史学院,否,理论类课程,周四,2019-2020-2,,201920211054091459,2017历史学院历史学,0,仙林校区,2019-2020学年 第2学期,91459,逸B-202,0.0,否,,1,32,,0,0,中国的高等教育与社会,16,第1节-第2节,逸夫楼B区,02110540
32.0,400020,秦汉史(20192-02110630-1),201920211063091445,,3,,20,11-17周,0,武黎嵩,11-17周 周四 第9节-第10节 逸B-401,2.0,历史学院,否,理论类课程,周四,2019-2020-2,,201920211063091445,2018历史学院历史学,0,仙林校区,2019-2020学年 第2学期,91445,逸B-401,0.0,否,,1,32,,0,0,秦汉史,16,第9节-第10节,逸夫楼B区,02110630
32.0,400020,海域亚洲史专题(20192-02110660-1),201920211066091447,,3,,31,4-17周,0,陈波,4-17周 周一 第3节-第4节 逸B-209,2.0,历史学院,否,理论类课程,周一,2019-2020-2,,201920211066091447,2018历史学院历史学,0,仙林校区,2019-2020学年 第2学期,91447,逸B-209,0.0,否,,1,32,,0,0,海域亚洲史专题,16,第3节-第4节,逸夫楼B区,02110660
32.0,400020,蒙古时代史(20192-02110790-1),201920211079091440,,3,,31,3-17周,0,于磊,3-17周 周二 第3节-第4节 逸B-209,2.0,历史学院,否,理论类课程,周二,2019-2020-2,,201920211079091440,2018历史学院历史学,0,仙林校区,2019-2020学年 第2学期,91440,逸B-209,0.0,否,,1,32,,0,0,元朝史,16,第3节-第4节,逸夫楼B区,02110790
32.0,400020,中国艺术史(20192-02110890I-1),2019202110890I91461,,3,,6,1-17周,0,张良仁,1-17周 周三 第1节-第2节 逸B-201,2.0,历史学院,否,理论类课程,周三,2019-2020-2,,2019202110890I91461,2017历史学院历史学,0,仙林校区,2019-2020学年 第2学期,91461,逸B-201,0.0,否,,1,34,,0,0,中国艺术史,16,第1节-第2节,逸夫楼B区,02110890I
32.0,400020,晚明至晚清的中国城市(20192-02110920I-1),2019202110920I91463,,3,,0,,0,,,2.0,历史学院,否,理论类课程,,2019-2020-2,,2019202110920I91463,,0,仙林校区,2019-2020学年 第2学期,91463,,0.0,否,,1,32,,0,0,晚明至晚清的中国城市,,,,02110920I
32.0,400020,希腊史(20192-02111010-1),201920211101091465,,3,,17,1-17周,0,祝宏俊,1-17周 周四 第9节-第10节 逸B-202,2.0,历史学院,否,理论类课程,周四,2019-2020-2,,201920211101091465,2017历史学院历史学,0,仙林校区,2019-2020学年 第2学期,91465,逸B-202,0.0,否,,1,32,,0,0,希腊史,16,第9节-第10节,逸夫楼B区,02111010
32.0,400020,世界丝路艺术史(20192-02111020-1),201920211102091446,,3,,32,1-17周,0,于文杰,1-17周 周一 第5节-第6节 逸B-209,2.0,历史学院,否,理论类课程,周一,2019-2020-2,,201920211102091446,2018历史学院历史学,0,仙林校区,2019-2020学年 第2学期,91446,逸B-209,0.0,否,,1,32,,0,0,世界丝路艺术史,16,第5节-第6节,逸夫楼B区,02111020
32.0,400020,古文字学(20192-02200050-1),201920220005091470,,3,,19,8-17周,0,周言,8-17周 周一 第3节-第4节 逸B-201,2.0,历史学院,否,理论类课程,周一,2019-2020-2,,201920220005091470,"2017历史学院考古学,2017历史学院考古学（文物鉴定方向）",0,仙林校区,2019-2020学年 第2学期,91470,逸B-201,0.0,否,,1,32,,0,0,古文字学,16,第3节-第4节,逸夫楼B区,02200050
32.0,400020,夏商周考古(20192-02200080-1),201920220008091448,,3,,6,"10-17周,10-17周",0,"水涛,周言","10-17周 周二 第3节-第4节 逸B-211,10-17周 周五 第5节-第6节 逸B-211",2.0,历史学院,否,理论类课程,"周二,周五",2019-2020-2,,201920220008091448,2018历史学院考古学,0,仙林校区,2019-2020学年 第2学期,91448,"逸B-211,逸B-211",0.0,否,,1,32,,0,0,夏商周考古,16,"第3节-第4节,第5节-第6节",逸夫楼B区,02200080
32.0,400020,战国秦汉考古(20192-02200090-1),201920220009091449,,3,,7,"1-9周,1-9周",0,刘兴林,"1-9周 周二 第3节-第4节 逸B-211,1-9周 周五 第5节-第6节 逸B-211",2.0,历史学院,否,理论类课程,"周五,周二",2019-2020-2,,201920220009091449,2018历史学院考古学,0,仙林校区,2019-2020学年 第2学期,91449,"逸B-211,逸B-211",0.0,否,,1,32,,0,0,战国秦汉考古,16,"第5节-第6节,第3节-第4节",逸夫楼B区,02200090
48.0,400020,田野考古方法与绘图(20192-02200100-1),201920220010091450,,3,,6,1-17周,0,"吴桂兵,刘兴林",1-17周 周二 第5节-第7节 ,3.0,历史学院,否,理论类课程,周二,2019-2020-2,,201920220010091450,2018历史学院考古学,0,仙林校区,2019-2020学年 第2学期,91450,历史学院楼考古实验室406,0.0,否,,1,48,,0,0,田野考古方法与绘图,,第5节-第7节,,02200100
48.0,400020,博物馆学(20192-02200220-1),201920220022092524,,3,,20,2-17周,0,李思洋,2-17周 周五 第5节-第6节 逸B-201,3.0,历史学院,否,理论类课程,周五,2019-2020-2,,201920220022092524,"2017历史学院考古学,2017历史学院考古学（文物鉴定方向）",0,仙林校区,2019-2020学年 第2学期,92524,逸B-201,0.0,否,,1,48,,0,0,博物馆学,16,第5节-第6节,逸夫楼B区,02200220
32.0,400020,三国两晋南北朝考古(20192-02210100-1),201920221010091471,,3,,14,1-17周,0,吴桂兵,1-17周 周三 第3节-第4节 逸B-208,2.0,历史学院,否,理论类课程,周三,2019-2020-2,,201920221010091471,2017历史学院考古学,0,仙林校区,2019-2020学年 第2学期,91471,逸B-208,0.0,否,,1,32,,0,0,三国两晋南北朝考古,16,第3节-第4节,逸夫楼B区,02210100
32.0,400020,中国陶瓷史(20192-02210310-1),201920221031091451,,3,,18,3-17周,0,贺云翱,3-17周 周四 第3节-第4节 逸B-211,2.0,历史学院,否,理论类课程,周四,2019-2020-2,,201920221031091451,"2018历史学院考古学,2018历史学院考古学（文物鉴定方向）",0,仙林校区,2019-2020学年 第2学期,91451,逸B-211,0.0,否,,1,32,,0,0,中国陶瓷史,16,第3节-第4节,逸夫楼B区,02210310
32.0,400020,中国古代钱币(20192-02210330-1),201920221033091468,,3,,19,1-17周,0,刘兴林,1-17周 周五 第1节-第2节 逸B-201,2.0,历史学院,否,理论类课程,周五,2019-2020-2,,201920221033091468,"2017历史学院考古学,2017历史学院考古学（文物鉴定方向）",0,仙林校区,2019-2020学年 第2学期,91468,逸B-201,0.0,否,,1,32,,0,0,中国古代钱币,16,第1节-第2节,逸夫楼B区,02210330
32.0,400020,科技考古与文物保护学概论(20192-02210350-1),201920221035091472,,3,,17,1-17周,0,王晓琪,1-17周 周五 第3节-第4节 逸B-201,2.0,历史学院,否,理论类课程,周五,2019-2020-2,,201920221035091472,"2017历史学院考古学,2017历史学院考古学（文物鉴定方向）",0,仙林校区,2019-2020学年 第2学期,91472,逸B-201,0.0,否,,1,32,,0,0,科技考古与文物保护学概论,16,第3节-第4节,逸夫楼B区,02210350
32.0,400020,考古专业英语(20192-02210370-1),201920221037091473,,3,,12,8-17周,0,王晓琪,8-17周 周四 第3节-第4节 逸B-208,2.0,历史学院,否,理论类课程,周四,2019-2020-2,,201920221037091473,2017历史学院考古学,0,仙林校区,2019-2020学年 第2学期,91473,逸B-208,0.0,否,,1,32,,0,0,考古专业英语,16,第3节-第4节,逸夫楼B区,02210370
48.0,400020,中国书画史（上）(20192-02210440-1),201920221044091454,,3,,16,1-17周,0,车旭东,1-17周 周二 第2节-第4节 逸B-210,3.0,历史学院,否,理论类课程,周二,2019-2020-2,,201920221044091454,2018历史学院考古学（文物鉴定方向）,0,仙林校区,2019-2020学年 第2学期,91454,逸B-210,0.0,否,,1,48,,0,0,中国书画史（上）,16,第2节-第4节,逸夫楼B区,02210440
32.0,400020,文物鉴定实习（一）(20192-02210480A-1),2019202210480A91455,,3,,0,,0,,,2.0,历史学院,否,实践类课程,,2019-2020-2,,2019202210480A91455,2018历史学院考古学（文物鉴定方向）,0,仙林校区,2019-2020学年 第2学期,91455,,0.0,否,,3,0,,32,0,文物鉴定实习（一）,,,,02210480A
32.0,400020,文物鉴定实习（三）(20192-02210480C-1),2019202210480C91478,,3,,16,10-17周,0,杨休,10-17周 自由时间 - ,2.0,历史学院,否,,自由时间,2019-2020-2,,2019202210480C91478,"2016历史学院考古学（文物鉴定方向）,2017历史学院考古学（文物鉴定方向）",0,仙林校区,2019-2020学年 第2学期,91478,博物馆,,否,,,,,,0,文物鉴定实习（三）,,自由时间,,02210480C
32.0,400020,中国书画鉴定(20192-02210500-1),201920221050091479,,3,,5,13-17周,0,杨休,13-17周 周一 第5节-第8节 ,2.0,历史学院,否,理论类课程,周一,2019-2020-2,,201920221050091479,2017历史学院考古学（文物鉴定方向）,0,仙林校区,2019-2020学年 第2学期,91479,中国文物与文化研究院,0.0,否,,1,32,,0,0,中国书画鉴定,,第5节-第8节,,02210500
32.0,400020,古代建筑鉴定（一）(20192-02210560A-1),2019202210560A91456,,3,,10,11-17周,0,周学鹰,11-17周 周四 第7节-第8节 逸B-208,2.0,历史学院,否,理论类课程,周四,2019-2020-2,,2019202210560A91456,2018历史学院考古学（文物鉴定方向）,0,仙林校区,2019-2020学年 第2学期,91456,逸B-208,0.0,否,,1,32,,0,0,古代建筑鉴定（一）,16,第7节-第8节,逸夫楼B区,02210560A
32.0,400020,艺术品经营与拍卖(20192-02210610-1),201920221061091477,,3,,9,12-17周,0,李力,12-17周 周四 第5节-第6节 逸B-208,2.0,历史学院,否,理论类课程,周四,2019-2020-2,,201920221061091477,2017历史学院考古学（文物鉴定方向）,0,仙林校区,2019-2020学年 第2学期,91477,逸B-208,0.0,否,,1,32,,0,0,艺术品经营与拍卖,16,第5节-第6节,逸夫楼B区,02210610
32.0,400020,史前考古方法(20192-02210750-1),201920221075091475,,3,,14,1-17周,0,黄建秋,1-17周 周二 第3节-第4节 逸B-208,2.0,历史学院,否,理论类课程,周二,2019-2020-2,,201920221075091475,2017历史学院考古学,0,仙林校区,2019-2020学年 第2学期,91475,逸B-208,0.0,否,,1,32,,0,0,史前考古方法,16,第3节-第4节,逸夫楼B区,02210750
32.0,400020,中国古代建筑营造法(20192-02210780-1),201920221078091469,,3,,9,11-17周,0,周学鹰,11-17周 周四 第1节-第2节 逸B-208,2.0,历史学院,否,理论类课程,周四,2019-2020-2,,201920221078091469,2017历史学院考古学,0,仙林校区,2019-2020学年 第2学期,91469,逸B-208,0.0,否,,1,32,,0,0,中国古代建筑营造法,16,第1节-第2节,逸夫楼B区,02210780
32.0,400020,世界考古(20192-02210830-1),201920221083091452,,3,,13,1-17周,0,张良仁,1-17周 周四 第1节-第2节 逸B-211,2.0,历史学院,否,理论类课程,周四,2019-2020-2,,201920221083091452,2018历史学院考古学,0,仙林校区,2019-2020学年 第2学期,91452,逸B-211,0.0,否,,1,32,,0,0,世界考古,16,第1节-第2节,逸夫楼B区,02210830
32.0,400050,法理学(一)(20192-03000010A-1),2019203000010A91266,,3,,148,2-17周,0,"周安平,陈坤",2-17周 周二 第3节-第4节 仙Ⅰ-109,2.0,法学院,否,理论类课程,周二,2019-2020-2,,2019203000010A91266,2019*社会科学试验班*社会科学试验班,0,仙林校区,2019-2020学年 第2学期,91266,仙Ⅰ-109,0.0,否,,1,32,,0,0,法理学(一),11,第3节-第4节,仙I区,03000010A
32.0,400050,民法学(总则)(20192-03000040A-1),2019203000040A91264,,3,,87,1-17周,0,朱庆育,1-17周 周一 第3节-第4节 逸B-405,2.0,法学院,否,理论类课程,周一,2019-2020-2,,2019203000040A91264,2019*社会科学试验班*社会科学试验班,0,仙林校区,2019-2020学年 第2学期,91264,逸B-405,0.0,否,,1,32,,0,0,民法学(总则),16,第3节-第4节,逸夫楼B区,03000040A
32.0,400050,民法学(总则)(20192-03000040A-2),2019203000040A91265,,3,,86,1-17周,0,解亘,1-17周 周一 第3节-第4节 逸B-410,2.0,法学院,否,理论类课程,周一,2019-2020-2,,2019203000040A91265,2019*社会科学试验班*社会科学试验班,0,仙林校区,2019-2020学年 第2学期,91265,逸B-410,0.0,否,,1,32,,0,0,民法学(总则),16,第3节-第4节,逸夫楼B区,03000040A
32.0,400050,民法学(债法)(20192-03000040C-1),2019203000040C91394,,3,,89,1-17周,0,"刘勇,冯洁语",1-17周 周五 第1节-第2节 仙Ⅱ-103,2.0,法学院,否,理论类课程,周五,2019-2020-2,,2019203000040C91394,"2018法学院法学,2018法学院法学（运动员班）",0,仙林校区,2019-2020学年 第2学期,91394,仙Ⅱ-103,0.0,否,,1,32,,0,0,民法学(债法),12,第1节-第2节,仙II区,03000040C
32.0,400050,民法学(债法)(20192-03000040C-2),2019203000040C91395,,3,,77,1-17周,0,"刘勇,冯洁语",1-17周 周五 第3节-第4节 仙Ⅱ-103,2.0,法学院,否,理论类课程,周五,2019-2020-2,,2019203000040C91395,2018法学院法学,0,仙林校区,2019-2020学年 第2学期,91395,仙Ⅱ-103,0.0,否,,1,32,,0,0,民法学(债法),12,第3节-第4节,仙II区,03000040C
48.0,400050,民事诉讼法学(20192-03000070-1),201920300007091398,,3,,77,1-17周,0,吴英姿,1-17周 周四 第3节-第4节 仙Ⅱ-103,2.0,法学院,否,理论类课程,周四,2019-2020-2,,201920300007091398,"2018法学院法学,2018法学院法学（运动员班）",0,仙林校区,2019-2020学年 第2学期,91398,仙Ⅱ-103,0.0,否,,1,32,,0,0,民事诉讼法学,12,第3节-第4节,仙II区,03000070
48.0,400050,民事诉讼法学(20192-03000070-2),201920300007091399,,3,,70,2-17周,0,严仁群,2-17周 周四 第1节-第2节 仙Ⅱ-103,2.0,法学院,否,理论类课程,周四,2019-2020-2,,201920300007091399,2018法学院法学,0,仙林校区,2019-2020学年 第2学期,91399,仙Ⅱ-103,0.0,否,,1,32,,0,0,民事诉讼法学,12,第1节-第2节,仙II区,03000070
32.0,400050,行政法与行政诉讼法学(一)(20192-03000080A-1),2019203000080A91400,,3,,92,2-17周,0,肖泽晟,2-17周 周一 第1节-第2节 仙Ⅱ-103,2.0,法学院,否,理论类课程,周一,2019-2020-2,,2019203000080A91400,"2018法学院法学,2018法学院法学（运动员班）",0,仙林校区,2019-2020学年 第2学期,91400,仙Ⅱ-103,0.0,否,,1,32,,0,0,行政法与行政诉讼法学(一),12,第1节-第2节,仙II区,03000080A
32.0,400050,行政法与行政诉讼法学(一)(20192-03000080A-2),2019203000080A91401,,3,,60,2-17周,0,肖泽晟,2-17周 周一 第3节-第4节 仙Ⅱ-103,2.0,法学院,否,理论类课程,周一,2019-2020-2,,2019203000080A91401,2018法学院法学,0,仙林校区,2019-2020学年 第2学期,91401,仙Ⅱ-103,0.0,否,,1,32,,0,0,行政法与行政诉讼法学(一),12,第3节-第4节,仙II区,03000080A
32.0,400050,经济法学(20192-03000100-1),201920300010091402,,3,,79,1-17周,0,李友根,1-17周 周二 第3节-第4节 仙Ⅱ-103,2.0,法学院,否,理论类课程,周二,2019-2020-2,,201920300010091402,"2018法学院法学,2018法学院法学（运动员班）",0,仙林校区,2019-2020学年 第2学期,91402,仙Ⅱ-103,0.0,否,,1,32,,0,0,经济法学,12,第3节-第4节,仙II区,03000100
32.0,400050,经济法学(20192-03000100-2),201920300010091403,,3,,58,2-17周,0,李华,2-17周 周二 第3节-第4节 仙Ⅱ-104,2.0,法学院,否,理论类课程,周二,2019-2020-2,,201920300010091403,2018法学院法学,0,仙林校区,2019-2020学年 第2学期,91403,仙Ⅱ-104,0.0,否,,1,32,,0,0,经济法学,12,第3节-第4节,仙II区,03000100
32.0,400050,知识产权法学(20192-03000110-1),201920300011091417,,3,,96,1-17周,0,"吕炳斌,解亘,徐棣枫",1-17周 周四 第3节-第4节 逸A-117,2.0,法学院,否,理论类课程,周四,2019-2020-2,,201920300011091417,2017法学院法学,0,仙林校区,2019-2020学年 第2学期,91417,逸A-117,0.0,否,,1,32,,0,0,知识产权法学,15,第3节-第4节,逸夫楼A区,03000110
48.0,400050,国际私法学(20192-03000140-1),201920300014091412,,3,,42,1-17周,0,"章晶,宋晓",1-17周 周一 第3节-第4节 仙Ⅱ-104,2.0,法学院,否,理论类课程,周一,2019-2020-2,,201920300014091412,2017法学院法学,0,仙林校区,2019-2020学年 第2学期,91412,仙Ⅱ-104,0.0,否,,1,48,,0,0,国际私法学,12,第3节-第4节,仙II区,03000140
48.0,400050,国际私法学(20192-03000140-2),201920300014091652,,3,,46,1-17周,0,"宋晓,章晶",1-17周 周一 第5节-第6节 仙Ⅱ-104,2.0,法学院,否,理论类课程,周一,2019-2020-2,,201920300014091652,2017法学院法学,0,仙林校区,2019-2020学年 第2学期,91652,仙Ⅱ-104,0.0,否,,1,48,,0,0,国际私法学,12,第5节-第6节,仙II区,03000140
32.0,400050,中国法律思想史(20192-03000210-1),201920300021091423,,3,,0,,0,,,2.0,法学院,否,理论类课程,,2019-2020-2,,201920300021091423,,0,仙林校区,2019-2020学年 第2学期,91423,,0.0,否,,1,32,,0,0,中国法律思想史,,,,03000210
32.0,400050,环境资源法(20192-03000260-1),201920300026091418,,3,,109,1-17周,0,陈伟,1-17周 周二 第3节-第4节 逸B-212,2.0,法学院,否,理论类课程,周二,2019-2020-2,,201920300026091418,2017法学院法学,0,仙林校区,2019-2020学年 第2学期,91418,逸B-212,0.0,否,,1,32,,0,0,环境资源法,16,第3节-第4节,逸夫楼B区,03000260
32.0,400050,经济刑法(20192-03000280-1),201920300028091406,,3,,117,1-17周,0,徐凌波,1-17周 周五 第5节-第6节 仙Ⅱ-503,2.0,法学院,否,理论类课程,周五,2019-2020-2,,201920300028091406,2018法学院法学,0,仙林校区,2019-2020学年 第2学期,91406,仙Ⅱ-503,0.0,否,,1,32,,0,0,经济刑法,12,第5节-第6节,仙II区,03000280
32.0,400050,家庭法与继承法(20192-03000290-1),201920300029091278,,3,,91,1-17周,0,张燕玲,1-17周 周四 第1节-第2节 仙Ⅱ-405,2.0,法学院,否,理论+实践课程,周四,2019-2020-2,,201920300029091278,2019*社会科学试验班*社会科学试验班,0,仙林校区,2019-2020学年 第2学期,91278,仙Ⅱ-405,0.0,否,,5,26,,6,0,家庭法与继承法,12,第1节-第2节,仙II区,03000290
48.0,400050,公司法(20192-03000310-2),201920300031091411,,3,,106,11-17周,0,宋亚辉,11-17周 周三 第5节-第6节 仙Ⅰ-524,2.0,法学院,否,理论类课程,周三,2019-2020-2,,201920300031091411,2018法学院法学,0,仙林校区,2019-2020学年 第2学期,91411,仙Ⅰ-524,0.0,否,,1,48,,0,0,公司法,11,第5节-第6节,仙I区,03000310
32.0,400050,金融法(20192-03000320-1),201920300032091413,,3,,66,1-17周,0,张理,1-17周 周二 第5节-第6节 仙Ⅱ-105,2.0,法学院,否,理论类课程,周二,2019-2020-2,,201920300032091413,2017法学院法学,0,仙林校区,2019-2020学年 第2学期,91413,仙Ⅱ-105,0.0,否,,1,32,,0,0,金融法,12,第5节-第6节,仙II区,03000320
32.0,400050,房地产法(20192-03000330-1),201920300033091420,,3,,25,7-17周,0,"刘勇,金俭",7-17周 周三 第3节-第4节 仙Ⅱ-105,2.0,法学院,否,理论类课程,周三,2019-2020-2,,201920300033091420,2017法学院法学,0,仙林校区,2019-2020学年 第2学期,91420,仙Ⅱ-105,0.0,否,,1,32,,0,0,房地产法,12,第3节-第4节,仙II区,03000330
32.0,400050,税法(20192-03000340-1),201920300034091415,,3,,29,1-17周,0,张婉苏,1-17周 周四 第5节-第6节 仙Ⅱ-105,2.0,法学院,否,理论类课程,周四,2019-2020-2,,201920300034091415,2017法学院法学,0,仙林校区,2019-2020学年 第2学期,91415,仙Ⅱ-105,0.0,否,,1,32,,0,0,税法,12,第5节-第6节,仙II区,03000340
32.0,400050,保险法(20192-03000350-1),201920300035091397,,3,,103,1-17周,0,"岳卫,张力毅",1-17周 周四 第5节-第6节 仙Ⅱ-303,2.0,法学院,否,理论类课程,周四,2019-2020-2,,201920300035091397,2018法学院法学,0,仙林校区,2019-2020学年 第2学期,91397,仙Ⅱ-303,0.0,否,,1,32,,0,0,保险法,12,第5节-第6节,仙II区,03000350
32.0,400050,国际商法(20192-03000380-1),201920300038091408,,3,,79,1-17周,0,何鹰,1-17周 周二 第5节-第6节 仙Ⅱ-103,2.0,法学院,否,理论类课程,周二,2019-2020-2,,201920300038091408,2018法学院法学,0,仙林校区,2019-2020学年 第2学期,91408,仙Ⅱ-103,0.0,否,,1,32,,0,0,国际商法,12,第5节-第6节,仙II区,03000380
32.0,400050,法律方法(20192-03000430-1),201920300043091419,,3,,32,1-17周,0,"蔡琳,艾佳慧",1-17周 周五 第5节-第6节 仙Ⅱ-105,2.0,法学院,否,理论类课程,周五,2019-2020-2,,201920300043091419,2017法学院法学,0,仙林校区,2019-2020学年 第2学期,91419,仙Ⅱ-105,0.0,否,,1,32,,0,0,法律方法,12,第5节-第6节,仙II区,03000430
64.0,400050,毕业论文(20192-03000810-1),201920300081091424,,1,,60,1-17周,0,赵风,1-17周 自由时间 - ,4.0,法学院,否,实践类课程,自由时间,2019-2020-2,,201920300081091424,"2016法学院法学,2016法学院法学（运动员班）",0,鼓楼校区,2019-2020学年 第2学期,91424,自由地点,0.0,否,,3,0,,64,0,毕业论文（设计）,,自由时间,,03000810
64.0,400050,毕业论文(20192-03000810-2),201920300081091425,,1,,56,1-17周,0,赵风,1-17周 自由时间 - ,4.0,法学院,否,实践类课程,自由时间,2019-2020-2,,201920300081091425,2016法学院法学,0,鼓楼校区,2019-2020学年 第2学期,91425,自由地点,0.0,否,,3,0,,64,0,毕业论文（设计）,,自由时间,,03000810
16.0,400050,体育训练(20192-03001000D-1),2019203001000D91659,,3,,16,1-17周,0,,1-17周 自由时间 - 自由地点,1.0,法学院,否,实践类课程,自由时间,2019-2020-2,,2019203001000D91659,2018法学院法学（运动员班）,0,仙林校区,2019-2020学年 第2学期,91659,自由地点,0.0,否,,3,0,,16,0,体育训练,388,自由时间,虚拟区域（仙林）,03001000D
16.0,400050,体育训练(20192-03001000H-1),2019203001000H91426,,1,,16,1-17周,0,,1-17周 自由时间 - ,1.0,法学院,否,实践类课程,自由时间,2019-2020-2,,2019203001000H91426,2016法学院法学（运动员班）,0,鼓楼校区,2019-2020学年 第2学期,91426,自由地点,0.0,否,,3,0,,16,0,体育训练,,自由时间,,03001000H
32.0,400050,证券法(20192-03001290-1),201920300129091414,,3,,0,,0,,,2.0,法学院,否,理论类课程,,2019-2020-2,,201920300129091414,,0,仙林校区,2019-2020学年 第2学期,91414,,0.0,否,,1,32,,0,0,证券法,,,,03001290
32.0,400050,国际公法（英语）(20192-03001310-1),201920300131091404,,3,,12,13-17周,0,张华,13-17周 周二 第3节-第4节 仙Ⅱ-101,2.0,法学院,否,理论类课程,周二,2019-2020-2,,201920300131091404,2018法学院法学,0,仙林校区,2019-2020学年 第2学期,91404,仙Ⅱ-101,0.0,否,,1,32,,0,0,国际公法（英语）,12,第3节-第4节,仙II区,03001310
32.0,400050,知识产权法（英语）(20192-03001370-1),201920300137091416,,3,,33,2-17周,0,吕炳斌,2-17周 周一 第3节-第4节 仙Ⅱ-101,2.0,法学院,否,理论类课程,周一,2019-2020-2,,201920300137091416,2017法学院法学,0,仙林校区,2019-2020学年 第2学期,91416,仙Ⅱ-101,0.0,否,,1,32,,0,0,知识产权法（英语）,12,第3节-第4节,仙II区,03001370
48.0,400050,国际私法（英语）(20192-03001380-1),201920300138091422,,3,,33,1-17周,0,焦燕,1-17周 周四 第3节-第4节 仙Ⅱ-109,2.0,法学院,否,理论类课程,周四,2019-2020-2,,201920300138091422,2017法学院法学,0,仙林校区,2019-2020学年 第2学期,91422,仙Ⅱ-109,0.0,否,,1,48,,0,0,国际私法（英语）,12,第3节-第4节,仙II区,03001380
32.0,400050,破产法(20192-03001510-1),201920300151091409,,3,,56,1-17周,0,张力毅,1-17周 周四 第7节-第8节 仙Ⅱ-403,2.0,法学院,否,理论类课程,周四,2019-2020-2,,201920300151091409,2018法学院法学,0,仙林校区,2019-2020学年 第2学期,91409,仙Ⅱ-403,0.0,否,,1,32,,0,0,破产法,12,第7节-第8节,仙II区,03001510
32.0,400050,刑法学（总论一）(20192-03001530-1),201920300153091262,,3,,101,2-17周,0,张淼,2-17周 周二 第1节-第2节 仙Ⅱ-304,2.0,法学院,否,理论类课程,周二,2019-2020-2,,201920300153091262,2019*社会科学试验班*社会科学试验班,0,仙林校区,2019-2020学年 第2学期,91262,仙Ⅱ-304,0.0,否,,1,32,,0,0,刑法学（总论一）,12,第1节-第2节,仙II区,03001530
32.0,400050,刑法学（总论一）(20192-03001530-2),201920300153091263,,3,,78,1-17周,0,黄旭巍,1-17周 周二 第1节-第2节 仙Ⅱ-305,2.0,法学院,否,理论类课程,周二,2019-2020-2,,201920300153091263,2019*社会科学试验班*社会科学试验班,0,仙林校区,2019-2020学年 第2学期,91263,仙Ⅱ-305,0.0,否,,1,32,,0,0,刑法学（总论一）,12,第1节-第2节,仙II区,03001530
32.0,400050,经济法（英语）(20192-03001540-1),201920300154091396,,3,,14,2-17周,0,李华,2-17周 周二 第1节-第2节 仙Ⅱ-101,2.0,法学院,否,理论类课程,周二,2019-2020-2,,201920300154091396,2018法学院法学,0,仙林校区,2019-2020学年 第2学期,91396,仙Ⅱ-101,0.0,否,,1,32,,0,0,经济法（英语）,12,第1节-第2节,仙II区,03001540
32.0,400050,法律职业伦理(20192-03001580-1),201920300158091405,,3,,136,1-17周,0,熊静波,1-17周 周三 第3节-第4节 逸A-117,2.0,法学院,否,理论+实验课程,周三,2019-2020-2,,201920300158091405,"2018法学院法学,2018法学院法学（运动员班）",0,仙林校区,2019-2020学年 第2学期,91405,逸A-117,2.0,否,,6,30,,0,0,法律职业伦理,15,第3节-第4节,逸夫楼A区,03001580
32.0,400050,法律逻辑学(20192-03001590-1),201920300159091410,,3,,27,2-17周,0,陈坤,2-17周 周一 第5节-第6节 逸B-104,2.0,法学院,否,理论类课程,周一,2019-2020-2,,201920300159091410,2018法学院法学,0,仙林校区,2019-2020学年 第2学期,91410,逸B-104,0.0,否,,1,32,,0,0,法律逻辑学,16,第5节-第6节,逸夫楼B区,03001590
32.0,400030,哲学问题(20192-04000040-1),201920400004091453,,3,,93,1-17周,0,"邵佳德,孙乐强,刘鹏,胡星铭,韩玉胜",1-17周 周四 第5节-第6节 逸B-207,2.0,哲学学院,否,理论类课程,周四,2019-2020-2,,201920400004091453,2019*人文科学试验班*人文艺术传播类,0,仙林校区,2019-2020学年 第2学期,91453,逸B-207,0.0,否,,1,32,,0,0,哲学问题,16,第5节-第6节,逸夫楼B区,04000040
32.0,400030,逻辑与批判性思维(20192-04000050-1),201920400005091464,,3,,118,1-17周,0,顿新国,1-17周 周二 第5节-第6节 逸B-104,2.0,哲学学院,否,理论类课程,周二,2019-2020-2,,201920400005091464,2019*人文科学试验班*人文艺术传播类,0,仙林校区,2019-2020学年 第2学期,91464,逸B-104,0.0,否,,1,32,,0,0,逻辑与批判性思维,16,第5节-第6节,逸夫楼B区,04000050
64.0,400030,中国哲学史(上)(20192-04010010A-1),2019204010010A91241,,3,,34,"1-17周,1-17周",0,"白欲晓,陈林","1-17周 周一 第3节-第4节 逸C-102,1-17周 周三 第3节-第4节 逸C-102",4.0,哲学学院,否,理论类课程,"周一,周三",2019-2020-2,,2019204010010A91241,2018哲学学院哲学,0,仙林校区,2019-2020学年 第2学期,91241,"逸C-102,逸C-102",0.0,否,,1,64,,0,0,中国哲学史(上),17,"第3节-第4节,第3节-第4节",逸夫楼C区,04010010A
64.0,400030,欧洲哲学史（下）(20192-04010020B-1),2019204010020B91239,,3,,32,"1-17周,1-17周",0,张荣,"1-17周 周四 第3节-第4节 逸C-102,1-17周 周二 第5节-第6节 逸C-102",4.0,哲学学院,否,理论类课程,"周二,周四",2019-2020-2,,2019204010020B91239,2018哲学学院哲学,0,仙林校区,2019-2020学年 第2学期,91239,"逸C-102,逸C-102",0.0,否,,1,64,,0,0,欧洲哲学史（下）,17,"第5节-第6节,第3节-第4节",逸夫楼C区,04010020B
64.0,400030,马克思主义哲学史（上）(20192-04010030A-1),2019204010030A91237,,3,,31,"1-17周,1-17周",0,"周嘉昕,黄玮杰","1-17周 周二 第3节-第4节 逸C-102,1-17周 周四 第5节-第6节 逸C-102",4.0,哲学学院,否,理论类课程,"周二,周四",2019-2020-2,,2019204010030A91237,2018哲学学院哲学,0,仙林校区,2019-2020学年 第2学期,91237,"逸C-102,逸C-102",0.0,否,,1,64,,0,0,马克思主义哲学史（上）,17,"第3节-第4节,第5节-第6节",逸夫楼C区,04010030A
32.0,400030,中国伦理思想史(20192-04010050-1),201920401005091238,,3,,28,2-17周,0,郭良婧,2-17周 周五 第3节-第4节 逸C-102,2.0,哲学学院,否,理论类课程,周五,2019-2020-2,,201920401005091238,2018哲学学院哲学,0,仙林校区,2019-2020学年 第2学期,91238,逸C-102,0.0,否,,1,32,,0,0,中国伦理思想史,17,第3节-第4节,逸夫楼C区,04010050
32.0,400030,科学思想史(20192-04010070-1),201920401007091242,,3,,39,1-17周,0,戴建平,1-17周 周一 第5节-第6节 逸C-102,2.0,哲学学院,否,理论类课程,周一,2019-2020-2,,201920401007091242,2018哲学学院哲学,0,仙林校区,2019-2020学年 第2学期,91242,逸C-102,0.0,否,,1,32,,0,0,科学思想史,17,第5节-第6节,逸夫楼C区,04010070
64.0,400030,现代西方哲学(20192-04010090-1),201920401009091245,,3,,36,"1-17周,1-17周",0,"胡星铭,王恒","1-17周 周二 第5节-第6节 逸C-103,1-17周 周四 第5节-第6节 逸C-103",4.0,哲学学院,否,理论类课程,"周四,周二",2019-2020-2,,201920401009091245,2017哲学学院哲学,0,仙林校区,2019-2020学年 第2学期,91245,"逸C-103,逸C-103",0.0,否,,1,64,,0,0,现代西方哲学,17,"第5节-第6节,第5节-第6节",逸夫楼C区,04010090
48.0,400030,宗教学导论(20192-04010140-1),201920401014091243,,3,,37,1-17周,0,傅新毅,1-17周 周五 第5节-第7节 逸C-103,3.0,哲学学院,否,理论类课程,周五,2019-2020-2,,201920401014091243,2017哲学学院哲学,0,仙林校区,2019-2020学年 第2学期,91243,逸C-103,0.0,否,,1,48,,0,0,宗教学导论,17,第5节-第7节,逸夫楼C区,04010140
64.0,400030,毕业论文(20192-04010500-1),201920401050091255,,3,,23,1-17周,0,,1-17周 自由时间 - 自由地点,4.0,哲学学院,否,实践类课程,自由时间,2019-2020-2,,201920401050091255,2016哲学学院哲学,0,仙林校区,2019-2020学年 第2学期,91255,自由地点,0.0,否,,3,0,,64,0,毕业论文,388,自由时间,虚拟区域（仙林）,04010500
32.0,400030,非形式逻辑与批判性思维(20192-04010620-1),201920401062091247,,3,,31,2-17周,0,王克喜,2-17周 周三 第3节-第4节 逸C-103,2.0,哲学学院,否,理论类课程,周三,2019-2020-2,,201920401062091247,2017哲学学院哲学,0,仙林校区,2019-2020学年 第2学期,91247,逸C-103,0.0,否,,1,32,,0,0,非形式逻辑与批判性思维,17,第3节-第4节,逸夫楼C区,04010620
48.0,400030,中国哲学原著选读(20192-04010730-1),201920401073091248,,3,,28,1-17周,0,"代玉民,邵佳德,白欲晓,沈文华,李承贵",1-17周 周五 第2节-第4节 逸C-103,3.0,哲学学院,否,理论类课程,周五,2019-2020-2,,201920401073091248,2017哲学学院哲学,0,仙林校区,2019-2020学年 第2学期,91248,逸C-103,0.0,否,,1,48,,0,0,中国哲学原著选读,17,第2节-第4节,逸夫楼C区,04010730
32.0,400030,哲学动态与评论(20192-04010980-1),201920401098091254,,3,,10,1-17周,0,"刘鹏,孙乐强",1-17周 周三 第9节-第10节 ,2.0,哲学学院,否,理论+实验课程,周三,2019-2020-2,,201920401098091254,2016哲学学院哲学,0,仙林校区,2019-2020学年 第2学期,91254,仙哲104,16.0,否,,6,16,,0,0,哲学动态与评论,,第9节-第10节,,04010980
32.0,400030,学年论文(20192-04010990-1),201920401099091246,,3,,33,1-17周,0,,1-17周 自由时间 - 自由地点,2.0,哲学学院,否,实践类课程,自由时间,2019-2020-2,,201920401099091246,2017哲学学院哲学,0,仙林校区,2019-2020学年 第2学期,91246,自由地点,0.0,否,,3,0,,64,0,学年论文,388,自由时间,虚拟区域（仙林）,04010990
32.0,400030,分析哲学视野中的先秦哲学(20192-04011060-1),201920401106091249,,3,,11,1-17周,0,胡星铭,1-17周 周一 第5节-第6节 逸C-103,2.0,哲学学院,否,理论类课程,周一,2019-2020-2,,201920401106091249,2017哲学学院哲学,0,仙林校区,2019-2020学年 第2学期,91249,逸C-103,0.0,否,,1,32,,0,0,分析哲学视野中的先秦哲学,17,第5节-第6节,逸夫楼C区,04011060
32.0,400030,国外毛泽东研究经典著作导读(20192-04011140-1),201920401114091253,,3,,0,,0,,,2.0,哲学学院,否,理论类课程,,2019-2020-2,,201920401114091253,,0,仙林校区,2019-2020学年 第2学期,91253,,0.0,否,,1,32,,0,0,国外毛泽东研究经典著作导读,,,,04011140
32.0,400030,儒家伦理(20192-04011320-1),201920401132091244,,3,,23,1-17周,0,韩玉胜,1-17周 周二 第3节-第4节 逸C-103,2.0,哲学学院,否,理论类课程,周二,2019-2020-2,,201920401132091244,2017哲学学院哲学,0,仙林校区,2019-2020学年 第2学期,91244,逸C-103,0.0,否,,1,32,,0,0,儒家伦理,17,第3节-第4节,逸夫楼C区,04011320
32.0,400040,传播学概论(20192-05000010-1),201920500001093155,,3,,22,1-17周,0,卞冬磊,1-17周 周五 第3节-第4节 逸A-212,2.0,新闻传播学院,否,理论类课程,周五,2019-2020-2,,201920500001093155,2019新闻传播学院新闻学（传媒实验班）,0,仙林校区,2019-2020学年 第2学期,93155,逸A-212,0.0,否,,1,36,,0,0,传播学概论,15,第3节-第4节,逸夫楼A区,05000010
32.0,400040,媒介伦理与法规(20192-05000021-1),201920500002193194,,3,,28,1-17周,0,陈堂发,1-17周 周三 第3节-第4节 逸B-302,2.0,新闻传播学院,否,理论类课程,周三,2019-2020-2,,201920500002193194,"2017新闻传播学院新闻传播学类,2018新闻传播学院新闻学（传媒实验班）,2018新闻传播学院新闻传播学类",0,仙林校区,2019-2020学年 第2学期,93194,逸B-302,0.0,否,,1,32,,0,0,媒介伦理与法规,16,第3节-第4节,逸夫楼B区,05000021
32.0,400040,社会研究方法(20192-05000031-1),201920500003193179,,3,,113,1-17周,0,"王佳鹏,马志浩",1-17周 周四 第7节-第8节 逸B-313,2.0,新闻传播学院,否,理论类课程,周四,2019-2020-2,,201920500003193179,"2018新闻传播学院新闻传播学类,2018新闻传播学院新闻学（传媒实验班）",0,仙林校区,2019-2020学年 第2学期,93179,逸B-313,0.0,否,,1,32,,0,0,社会研究方法,16,第7节-第8节,逸夫楼B区,05000031
128.0,400040,毕业论文(20192-05000050-1),201920500005093253,,3,,112,1-17周,0,"胡菡菡,卞冬磊,王辰瑶",1-17周 自由时间 - 自由地点,8.0,新闻传播学院,否,实践类课程,自由时间,2019-2020-2,,201920500005093253,"2016新闻传播学院新闻学,2016新闻传播学院新闻学（传媒实验班）,2016新闻传播学院广播电视学,2016新闻传播学院广告学",0,仙林校区,2019-2020学年 第2学期,93253,自由地点,0.0,否,,3,0,,128,0,毕业论文,388,自由时间,虚拟区域（仙林）,05000050
32.0,400040,媒介通论(20192-05000090-1),201920500009091752,,3,,148,1-17周,0,胡翼青,1-17周 周二 第7节-第8节 逸B-101,2.0,新闻传播学院,否,理论类课程,周二,2019-2020-2,,201920500009091752,2019*人文科学试验班*人文艺术传播类,0,仙林校区,2019-2020学年 第2学期,91752,逸B-101,0.0,否,,1,32,,0,0,媒介通论,16,第7节-第8节,逸夫楼B区,05000090
32.0,400040,融合媒体报道(20192-05000140-1),201920500014093195,,3,,22,1-17周,0,郑佳雯,1-17周 周四 第5节-第6节 逸A-212,2.0,新闻传播学院,否,理论类课程,周四,2019-2020-2,,201920500014093195,2018新闻传播学院新闻学（传媒实验班）,0,仙林校区,2019-2020学年 第2学期,93195,逸A-212,0.0,否,,1,32,,0,0,融合媒体报道,15,第5节-第6节,逸夫楼A区,05000140
32.0,400040,西方媒介研究(20192-05000150-1),201920500015093160,,3,,21,1-17周,0,金苗,1-17周 周二 第5节-第6节 逸A-212,2.0,新闻传播学院,否,理论类课程,周二,2019-2020-2,,201920500015093160,2018新闻传播学院新闻学（传媒实验班）,0,仙林校区,2019-2020学年 第2学期,93160,逸A-212,0.0,否,,1,32,,0,0,西方媒介研究,15,第5节-第6节,逸夫楼A区,05000150
32.0,400040,新媒体应用入门(20192-05000230-1),201920500023093156,,3,,86,1-17周,0,白净,1-17周 周一 第3节-第4节 逸C-115,2.0,新闻传播学院,否,理论+实践课程,周一,2019-2020-2,,201920500023093156,"2018新闻传播学院新闻传播学类,2019新闻传播学院新闻学（传媒实验班）,2019新闻传播学院新闻学（运动员班）",0,仙林校区,2019-2020学年 第2学期,93156,逸C-115,0.0,否,,5,8,,24,0,新媒体技术应用,17,第3节-第4节,逸夫楼C区,05000230
32.0,400040,新闻叙述(20192-05000240-1),201920500024093287,,3,,38,1-17周,0,王辰瑶,1-17周 周二 第5节-第6节 逸B-307,2.0,新闻传播学院,否,理论+实践课程,周二,2019-2020-2,,201920500024093287,"2017新闻传播学院新闻传播学类,2018新闻传播学院新闻传播学类",0,仙林校区,2019-2020学年 第2学期,93287,逸B-307,0.0,否,,5,28,,4,0,新闻叙述,16,第5节-第6节,逸夫楼B区,05000240
32.0,400040,广播电视史(20192-05000420-1),201920500042093273,,3,,37,1-17周,0,姜海,1-17周 周五 第5节-第6节 逸B-307,2.0,新闻传播学院,否,理论类课程,周五,2019-2020-2,,201920500042093273,"2017新闻传播学院新闻传播学类,2018新闻传播学院新闻传播学类",0,仙林校区,2019-2020学年 第2学期,93273,逸B-307,0.0,否,,1,32,,0,0,视听媒介史,16,第5节-第6节,逸夫楼B区,05000420
32.0,400040,视频编辑方法与技巧(20192-05000440-1),201920500044093230,,3,,63,1-17周,0,尤浩,1-17周 周二 第7节-第8节 逸B-307,2.0,新闻传播学院,否,理论+实践课程,周二,2019-2020-2,,201920500044093230,"2017新闻传播学院新闻传播学类,2018新闻传播学院新闻传播学类,2017新闻传播学院新闻学（传媒实验班）",0,仙林校区,2019-2020学年 第2学期,93230,逸B-307,0.0,否,,5,20,,12,0,视频编辑方法与技巧,16,第7节-第8节,逸夫楼B区,05000440
32.0,400040,电视深度报道制作与传播(20192-05000470-1),201920500047093264,,3,,31,1-17周,0,庄永志,1-17周 周一 第7节-第8节 逸B-307,2.0,新闻传播学院,否,理论+实践课程,周一,2019-2020-2,,201920500047093264,"2017新闻传播学院新闻传播学类,2018新闻传播学院新闻传播学类",0,仙林校区,2019-2020学年 第2学期,93264,逸B-307,0.0,否,,5,16,,16,0,电视深度报道制作与传播,16,第7节-第8节,逸夫楼B区,05000470
32.0,400040,中外广电管理制度(20192-05000510-1),201920500051093256,,3,,41,1-17周,0,宗益祥,1-17周 周四 第5节-第6节 逸B-308,2.0,新闻传播学院,否,理论类课程,周四,2019-2020-2,,201920500051093256,"2017新闻传播学院新闻传播学类,2018新闻传播学院新闻传播学类",0,仙林校区,2019-2020学年 第2学期,93256,逸B-308,0.0,否,,1,32,,0,0,中外广电管理制度,16,第5节-第6节,逸夫楼B区,05000510
32.0,400040,电影理论与研究方法(20192-05000600-1),201920500060093285,,3,,37,1-17周,0,朱丽丽,1-17周 周二 第5节-第6节 逸B-308,2.0,新闻传播学院,否,理论类课程,周二,2019-2020-2,,201920500060093285,"2017新闻传播学院新闻传播学类,2018新闻传播学院新闻传播学类",0,仙林校区,2019-2020学年 第2学期,93285,逸B-308,0.0,否,,1,32,,0,0,影视理论与研究方法,16,第5节-第6节,逸夫楼B区,05000600
32.0,400040,视觉传达(20192-05000610-1),201920500061093192,,3,,129,1-17周,0,薛莲,1-17周 周五 第3节-第4节 逸B-104,2.0,新闻传播学院,否,理论类课程,周五,2019-2020-2,,201920500061093192,"2018新闻传播学院新闻传播学类,2018新闻传播学院新闻学（传媒实验班）",0,仙林校区,2019-2020学年 第2学期,93192,逸B-104,0.0,否,,1,32,,0,0,视觉传达,16,第3节-第4节,逸夫楼B区,05000610
32.0,400040,视频制作与传播(20192-05000620-1),201920500062093223,,3,,127,1-17周,0,"李晓峰,许媚媚",1-17周 周三 第1节-第2节 逸B-104,2.0,新闻传播学院,否,理论+实践课程,周三,2019-2020-2,,201920500062093223,"2017新闻传播学院新闻传播学类,2018新闻传播学院新闻学（传媒实验班）,2018新闻传播学院新闻传播学类",0,仙林校区,2019-2020学年 第2学期,93223,逸B-104,0.0,否,,5,28,,4,0,视频制作与传播,16,第1节-第2节,逸夫楼B区,05000620
32.0,400040,电视评论(20192-05000680-1),201920500068093274,,3,,32,2-16周(双),0,徐慨,2-16周(双) 周四 第1节-第4节 逸B-308,2.0,新闻传播学院,否,理论+实践课程,周四,2019-2020-2,,201920500068093274,"2017新闻传播学院新闻传播学类,2018新闻传播学院新闻传播学类",0,仙林校区,2019-2020学年 第2学期,93274,逸B-308,0.0,否,,5,16,,16,0,电视评论,16,第1节-第4节,逸夫楼B区,05000680
32.0,400040,媒介与情感研究(20192-05000700-1),201920500070093246,,3,,26,1-17周,0,袁光锋,1-17周 周一 第5节-第6节 逸B-210,2.0,新闻传播学院,否,理论类课程,周一,2019-2020-2,,201920500070093246,"2017新闻传播学院新闻传播学类,2018新闻传播学院新闻传播学类,2017新闻传播学院新闻学（传媒实验班）",0,仙林校区,2019-2020学年 第2学期,93246,逸B-210,0.0,否,,1,32,,0,0,媒介与情感研究,16,第5节-第6节,逸夫楼B区,05000700
32.0,400040,娱乐节目创作(20192-05000710-1),201920500071093266,,3,,28,1-17周(单),0,许媚媚,1-17周(单) 周四 第1节-第4节 逸B-308,2.0,新闻传播学院,否,理论类课程,周四,2019-2020-2,,201920500071093266,"2017新闻传播学院新闻传播学类,2018新闻传播学院新闻传播学类",0,仙林校区,2019-2020学年 第2学期,93266,逸B-308,0.0,否,,1,32,,0,0,娱乐节目创作,16,第1节-第4节,逸夫楼B区,05000710
32.0,400040,媒介经济学(20192-05000740-1),201920500074093243,,3,,17,5-17周,0,赵曙光,5-17周 周五 第1节-第2节 逸B-307,2.0,新闻传播学院,否,理论类课程,周五,2019-2020-2,,201920500074093243,"2017新闻传播学院新闻传播学类,2017新闻传播学院新闻学（传媒实验班）",0,仙林校区,2019-2020学年 第2学期,93243,逸B-307,0.0,否,,1,32,,0,0,媒介经济学,16,第1节-第2节,逸夫楼B区,05000740
32.0,400040,数据科学Python编程基础(20192-05000770-1),201920500077093154,,3,,23,1-17周,0,王成军,1-17周 周二 第1节-第2节 逸A-323,2.0,新闻传播学院,否,理论类课程,周二,2019-2020-2,,201920500077093154,"2017新闻传播学院新闻传播学类,2019新闻传播学院新闻学（传媒实验班）,2018新闻传播学院新闻传播学类",0,仙林校区,2019-2020学年 第2学期,93154,逸A-323,0.0,否,,1,32,,0,0,数智传播导论,15,第1节-第2节,逸夫楼A区,05000770
32.0,400040,艺术、传播与历史(20192-05000790-1),201920500079093212,,3,,38,1-17周,0,李晓愚,1-17周 周二 第7节-第8节 逸A-323,2.0,新闻传播学院,否,理论类课程,周二,2019-2020-2,,201920500079093212,"2017新闻传播学院新闻传播学类,2018新闻传播学院新闻学（传媒实验班）,2018新闻传播学院新闻传播学类",0,仙林校区,2019-2020学年 第2学期,93212,逸A-323,0.0,否,,1,32,,0,0,艺术、传播与历史,15,第7节-第8节,逸夫楼A区,05000790
32.0,400040,中国传统文化与传播(20192-05000800-1),201920500080093157,,3,,9,1-17周,0,潘祥辉,1-17周 周二 第7节-第8节 逸A-417,2.0,新闻传播学院,否,理论类课程,周二,2019-2020-2,,201920500080093157,"2017新闻传播学院新闻传播学类,2018新闻传播学院新闻学（传媒实验班）,2018新闻传播学院新闻传播学类",0,仙林校区,2019-2020学年 第2学期,93157,逸A-417,0.0,否,,1,32,,0,0,中国传统文化与传播,15,第7节-第8节,逸夫楼A区,05000800
32.0,400040,视频传播研究(20192-05000840-1),201920500084093281,,3,,44,1-17周,0,张红军,1-17周 周二 第3节-第4节 逸B-308,2.0,新闻传播学院,否,理论类课程,周二,2019-2020-2,,201920500084093281,"2017新闻传播学院新闻传播学类,2018新闻传播学院新闻传播学类",0,仙林校区,2019-2020学年 第2学期,93281,逸B-308,0.0,否,,1,32,,0,0,视频传播研究,16,第3节-第4节,逸夫楼B区,05000840
32.0,400040,SMARTPHONE   JOURNALISM(20192-05000850-1),201920500085093226,,3,,13,1-12周,0,Farland Chang,1-12周 周二 第9节-第11节 ,2.0,新闻传播学院,否,理论类课程,周二,2019-2020-2,,201920500085093226,"2017新闻传播学院新闻传播学类,2018新闻传播学院新闻学（传媒实验班）,2018新闻传播学院新闻传播学类,2017新闻传播学院新闻学（传媒实验班）",0,仙林校区,2019-2020学年 第2学期,93226,新闻学院紫金楼201,0.0,否,,1,32,,0,0,SMARTPHONE   JOURNALISM,,第9节-第11节,,05000850
32.0,400040,中外哲学经典导读(20192-05000860-1),201920500086093250,,3,,16,1-17周,0,"周嘉昕,宗益祥,张明,孙乐强",1-17周 周三 第9节-第10节 逸B-210,2.0,新闻传播学院,否,理论类课程,周三,2019-2020-2,,201920500086093250,2017新闻传播学院新闻学（传媒实验班）,0,仙林校区,2019-2020学年 第2学期,93250,逸B-210,0.0,否,,1,32,,0,0,中外哲学经典导读,16,第9节-第10节,逸夫楼B区,05000860
32.0,400040,外国新闻史(20192-05010030-1),201920501003093188,,3,,38,1-17周,0,金苗,1-17周 周二 第3节-第4节 逸A-323,2.0,新闻传播学院,否,理论类课程,周二,2019-2020-2,,201920501003093188,"2017新闻传播学院新闻传播学类,2018新闻传播学院新闻学（传媒实验班）,2018新闻传播学院新闻传播学类",0,仙林校区,2019-2020学年 第2学期,93188,逸A-323,0.0,否,,1,32,,0,0,外国新闻史,15,第3节-第4节,逸夫楼A区,05010030
32.0,400040,外国新闻史(20192-05010030-1),201920501003093298,,3,,18,1-17周,0,郭静,1-17周 周四 第1节-第2节 逸A-212,2.0,新闻传播学院,否,理论类课程,周四,2019-2020-2,,201920501003093298,2019新闻传播学院新闻学（运动员班）,0,仙林校区,2019-2020学年 第2学期,93298,逸A-212,0.0,否,,1,32,,0,0,外国新闻史,15,第1节-第2节,逸夫楼A区,05010030
32.0,400040,新闻采访学(20192-05010040-1),201920501004093301,,3,,18,9-17周,0,高哈尔·木拉提,9-17周 周三 第3节-第4节 逸A-212,2.0,新闻传播学院,否,理论类课程,周三,2019-2020-2,,201920501004093301,2019新闻传播学院新闻学（运动员班）,0,仙林校区,2019-2020学年 第2学期,93301,逸A-212,0.0,否,,1,32,,0,0,新闻采访学,15,第3节-第4节,逸夫楼A区,05010040
48.0,400040,新闻编辑学(20192-05010060-1),201920501006093232,,3,,36,1-17周,0,郭江陵,1-17周 周四 第5节-第6节 逸B-307,2.0,新闻传播学院,否,理论类课程,周四,2019-2020-2,,201920501006093232,"2017新闻传播学院新闻传播学类,2018新闻传播学院新闻传播学类,2017新闻传播学院新闻学（传媒实验班）",0,仙林校区,2019-2020学年 第2学期,93232,逸B-307,0.0,否,,1,32,,0,0,新闻编辑学,16,第5节-第6节,逸夫楼B区,05010060
32.0,400040,新闻评论(20192-05010070-1),201920501007093242,,3,,39,1-17周,0,王向东,1-17周 周三 第5节-第6节 逸B-307,2.0,新闻传播学院,否,理论+实践课程,周三,2019-2020-2,,201920501007093242,"2017新闻传播学院新闻传播学类,2018新闻传播学院新闻传播学类,2017新闻传播学院新闻学（传媒实验班）",0,仙林校区,2019-2020学年 第2学期,93242,逸B-307,0.0,否,,5,16,,16,0,新闻评论,16,第5节-第6节,逸夫楼B区,05010070
64.0,400040,新闻摄影(20192-05010080-1),201920501008093201,,3,,69,1-17周,0,吴志远,1-17周 周五 第5节-第6节 逸C-115,2.0,新闻传播学院,否,理论+实践课程,周五,2019-2020-2,,201920501008093201,"2017新闻传播学院新闻传播学类,2018新闻传播学院新闻学（传媒实验班）,2018新闻传播学院新闻传播学类",0,仙林校区,2019-2020学年 第2学期,93201,逸C-115,0.0,否,,5,20,,12,0,新闻摄影,17,第5节-第6节,逸夫楼C区,05010080
32.0,400040,有效传播与交流(20192-05010140-1),201920501014093296,,3,,0,,0,,,2.0,新闻传播学院,否,理论类课程,,2019-2020-2,,201920501014093296,,0,仙林校区,2019-2020学年 第2学期,93296,,0.0,否,,1,32,,0,0,有效传播与交流,,,,05010140
32.0,400040,中外名记者研究(20192-05010160-1),201920501016093247,,3,,0,,0,,,2.0,新闻传播学院,否,理论类课程,,2019-2020-2,,201920501016093247,,0,仙林校区,2019-2020学年 第2学期,93247,,0.0,否,,1,32,,0,0,中外名记者研究,,,,05010160
32.0,400040,国际新闻(20192-05010290-1),201920501029093184,,3,,21,1-17周,0,Farland Chang,1-17周 周一 第5节-第6节 ,2.0,新闻传播学院,否,理论+实践课程,周一,2019-2020-2,,201920501029093184,2018新闻传播学院新闻学（传媒实验班）,0,仙林校区,2019-2020学年 第2学期,93184,新闻学院紫金楼201,0.0,否,,5,16,,16,0,国际新闻,,第5节-第6节,,05010290
32.0,400040,理解新闻(20192-05010350-1),201920501035091753,,3,,117,1-17周,0,王辰瑶,1-17周 周二 第3节-第4节 逸B-205,2.0,新闻传播学院,否,理论类课程,周二,2019-2020-2,,201920501035091753,2019*人文科学试验班*人文艺术传播类,0,仙林校区,2019-2020学年 第2学期,91753,逸B-205,0.0,否,,1,32,,0,0,理解新闻,16,第3节-第4节,逸夫楼B区,05010350
32.0,400040,数据新闻(20192-05010520-1),201920501052093236,,3,,22,1-17周,0,王成军,1-17周 周二 第3节-第4节 逸B-307,2.0,新闻传播学院,否,理论+实践课程,周二,2019-2020-2,,201920501052093236,2017新闻传播学院新闻学（传媒实验班）,0,仙林校区,2019-2020学年 第2学期,93236,逸B-307,0.0,否,,5,16,,16,0,数据新闻,16,第3节-第4节,逸夫楼B区,05010520
32.0,400040,理解当代中国(20192-05010530-1),201920501053093245,,3,,23,1-17周,0,李永刚,1-17周 周五 第3节-第4节 逸B-210,2.0,新闻传播学院,否,理论类课程,周五,2019-2020-2,,201920501053093245,2017新闻传播学院新闻学（传媒实验班）,0,仙林校区,2019-2020学年 第2学期,93245,逸B-210,0.0,否,,1,32,,0,0,理解当代中国,16,第3节-第4节,逸夫楼B区,05010530
32.0,400040,口语表达(20192-05010540-2),201920501054091756,,3,,129,2-16周(双),0,徐慨,2-16周(双) 周四 第7节-第10节 逸B-104,2.0,新闻传播学院,否,实践类课程,周四,2019-2020-2,,201920501054091756,2019*人文科学试验班*人文艺术传播类,0,仙林校区,2019-2020学年 第2学期,91756,逸B-104,0.0,否,,3,0,,32,0,口语表达,16,第7节-第10节,逸夫楼B区,05010540
32.0,400040,跨文化传播(20192-05010630-1),201920501063093198,,3,,23,1-17周,0,张青,1-17周 周一 第7节-第8节 逸A-212,2.0,新闻传播学院,否,理论类课程,周一,2019-2020-2,,201920501063093198,2018新闻传播学院新闻学（传媒实验班）,0,仙林校区,2019-2020学年 第2学期,93198,逸A-212,0.0,否,,1,32,,0,0,跨文化传播,15,第7节-第8节,逸夫楼A区,05010630
32.0,400040,广告策略与创意(20192-05020040-1),201920502004093268,,3,,38,1-17周,0,马志浩,1-17周 周二 第7节-第8节 逸B-308,2.0,新闻传播学院,否,理论+实践课程,周二,2019-2020-2,,201920502004093268,"2017新闻传播学院新闻传播学类,2018新闻传播学院新闻传播学类",0,仙林校区,2019-2020学年 第2学期,93268,逸B-308,0.0,否,,5,16,,16,0,广告策略与创意,16,第7节-第8节,逸夫楼B区,05020040
32.0,400040,广告心理学(20192-05020070-1),201920502007093258,,3,,37,1-17周,0,胡翼青,1-17周 周二 第5节-第6节 逸B-309,2.0,新闻传播学院,否,理论类课程,周二,2019-2020-2,,201920502007093258,"2017新闻传播学院新闻传播学类,2018新闻传播学院新闻传播学类",0,仙林校区,2019-2020学年 第2学期,93258,逸B-309,0.0,否,,1,32,,0,0,广告心理学,16,第5节-第6节,逸夫楼B区,05020070
32.0,400040,广告伦理与法规(20192-05020080-1),201920502008093288,,3,,36,1-17周,0,胡菡菡,1-17周 周四 第3节-第4节 逸B-309,2.0,新闻传播学院,否,理论类课程,周四,2019-2020-2,,201920502008093288,"2017新闻传播学院新闻传播学类,2018新闻传播学院新闻传播学类",0,仙林校区,2019-2020学年 第2学期,93288,逸B-309,0.0,否,,1,32,,0,0,应用传播伦理与法规,16,第3节-第4节,逸夫楼B区,05020080
32.0,400040,消费者行为学(20192-05020110-1),201920502011093276,,3,,41,1-17周,0,孙文峥,1-17周 周三 第3节-第4节 逸B-308,2.0,新闻传播学院,否,理论类课程,周三,2019-2020-2,,201920502011093276,"2017新闻传播学院新闻传播学类,2018新闻传播学院新闻传播学类",0,仙林校区,2019-2020学年 第2学期,93276,逸B-308,0.0,否,,1,32,,0,0,消费者行为学,16,第3节-第4节,逸夫楼B区,05020110
32.0,400040,市场调查与分析(20192-05020120-1),201920502012093282,,3,,39,1-17周,0,朱江丽,1-17周 周一 第5节-第6节 逸B-307,2.0,新闻传播学院,否,理论类课程,周一,2019-2020-2,,201920502012093282,"2017新闻传播学院新闻传播学类,2018新闻传播学院新闻传播学类",0,仙林校区,2019-2020学年 第2学期,93282,逸B-307,0.0,否,,1,32,,0,0,市场调查与分析,16,第5节-第6节,逸夫楼B区,05020120
32.0,400040,广告个案分析(20192-05020250-1),201920502025093295,,3,,20,6-17周,0,张静,6-17周 周一 第3节-第4节 逸B-210,2.0,新闻传播学院,否,理论类课程,周一,2019-2020-2,,201920502025093295,2017新闻传播学院新闻传播学类,0,仙林校区,2019-2020学年 第2学期,93295,逸B-210,0.0,否,,1,32,,0,0,应用传播案例研究,16,第3节-第4节,逸夫楼B区,05020250
32.0,400040,新媒体广告(20192-05020270-1),201920502027093269,,3,,43,1-17周,0,尚可可,1-17周 周一 第7节-第8节 逸B-308,2.0,新闻传播学院,否,理论类课程,周一,2019-2020-2,,201920502027093269,"2017新闻传播学院新闻传播学类,2018新闻传播学院新闻传播学类",0,仙林校区,2019-2020学年 第2学期,93269,逸B-308,0.0,否,,1,32,,0,0,新媒体广告,16,第7节-第8节,逸夫楼B区,05020270
32.0,400040,应用统计基础(20192-05020490-1),201920502049093260,,3,,18,1-17周,0,李明,1-17周 周二 第3节-第4节 逸B-309,2.0,新闻传播学院,否,理论类课程,周二,2019-2020-2,,201920502049093260,"2017新闻传播学院新闻传播学类,2018新闻传播学院新闻传播学类",0,仙林校区,2019-2020学年 第2学期,93260,逸B-309,0.0,否,,1,32,,0,0,应用统计学,16,第3节-第4节,逸夫楼B区,05020490
32.0,400040,社会心理学(20192-05020510-1),201920502051093251,,3,,20,1-17周,0,胡翼青,1-17周 周四 第3节-第4节 逸B-307,2.0,新闻传播学院,否,理论类课程,周四,2019-2020-2,,201920502051093251,2017新闻传播学院新闻学（传媒实验班）,0,仙林校区,2019-2020学年 第2学期,93251,逸B-307,0.0,否,,1,32,,0,0,社会心理学,16,第3节-第4节,逸夫楼B区,05020510
32.0,400040,艺术概论(20192-05020520-1),201920502052093289,,3,,31,6-17周,0,张静,6-17周 周一 第5节-第6节 逸B-308,2.0,新闻传播学院,否,理论类课程,周一,2019-2020-2,,201920502052093289,"2017新闻传播学院新闻传播学类,2018新闻传播学院新闻传播学类",0,仙林校区,2019-2020学年 第2学期,93289,逸B-308,0.0,否,,1,32,,0,0,艺术概论,16,第5节-第6节,逸夫楼B区,05020520
32.0,400040,社会学(20192-05020540-1),201920502054093234,,3,,22,1-17周,0,王佳鹏,1-17周 周三 第3节-第4节 逸B-307,2.0,新闻传播学院,否,理论类课程,周三,2019-2020-2,,201920502054093234,2017新闻传播学院新闻学（传媒实验班）,0,仙林校区,2019-2020学年 第2学期,93234,逸B-307,0.0,否,,1,32,,0,0,社会学,16,第3节-第4节,逸夫楼B区,05020540
32.0,400040,数字营销新趋势(20192-05020710-1),201920502071093278,,3,,44,1-17周,0,郑丽勇,1-17周 周四 第5节-第6节 逸B-309,2.0,新闻传播学院,否,理论类课程,周四,2019-2020-2,,201920502071093278,"2017新闻传播学院新闻传播学类,2018新闻传播学院新闻传播学类",0,仙林校区,2019-2020学年 第2学期,93278,逸B-309,0.0,否,,1,32,,0,0,数字营销传播,16,第5节-第6节,逸夫楼B区,05020710
32.0,400040,电视节目策划(20192-05030090-1),201920503009093284,,3,,0,,0,,,2.0,新闻传播学院,否,理论类课程,,2019-2020-2,,201920503009093284,,0,仙林校区,2019-2020学年 第2学期,93284,,0.0,否,,1,32,,0,0,影视节目策划,,,,05030090
32.0,400040,电视节目策划(毕业生班),201920503009094147,,3,,7,1-17周,0,景志刚,1-17周 周五 第1节-第2节 ,2.0,新闻传播学院,否,理论类课程,周五,2019-2020-2,,201920503009094147,2016新闻传播学院广播电视学,0,仙林校区,2019-2020学年 第2学期,94147,无,0.0,否,,1,32,,0,0,影视节目策划,,第1节-第2节,,05030090
32.0,400040,纪录片创作原理与方法(20192-05030110-1),201920503011093271,,3,,42,1-17周,0,"李晓峰,赵亦伟",1-17周 周三 第3节-第4节 ,2.0,新闻传播学院,否,理论+实践课程,周三,2019-2020-2,,201920503011093271,"2017新闻传播学院新闻传播学类,2018新闻传播学院新闻传播学类",0,仙林校区,2019-2020学年 第2学期,93271,新闻学院紫金楼119,0.0,否,,5,28,,4,0,经典纪录片评析,,第3节-第4节,,05030110
32.0,400040,深度新闻报道(20192-05030200-1),201920503020093262,,3,,37,1-17周,0,白净,1-17周 周一 第9节-第10节 逸B-308,2.0,新闻传播学院,否,理论+实践课程,周一,2019-2020-2,,201920503020093262,"2017新闻传播学院新闻传播学类,2018新闻传播学院新闻传播学类",0,仙林校区,2019-2020学年 第2学期,93262,逸B-308,0.0,否,,5,24,,8,0,深度报道,16,第9节-第10节,逸夫楼B区,05030200
32.0,400040,高级采写(20192-05030520-1),201920503052093178,,3,,20,1-17周,0,庄永志,1-17周 周一 第3节-第4节 逸A-212,2.0,新闻传播学院,否,理论+实践课程,周一,2019-2020-2,,201920503052093178,2018新闻传播学院新闻学（传媒实验班）,0,仙林校区,2019-2020学年 第2学期,93178,逸A-212,0.0,否,,5,16,,16,0,高级采写,15,第3节-第4节,逸夫楼A区,05030520
16.0,400040,体育训练(2)(20192-05040040B-1),2019205040040B93300,,3,,18,1-17周,0,,1-17周 自由时间 - 自由地点,1.0,新闻传播学院,否,实践类课程,自由时间,2019-2020-2,,2019205040040B93300,2019新闻传播学院新闻学（运动员班）,0,仙林校区,2019-2020学年 第2学期,93300,自由地点,0.0,否,,3,0,,16,0,体育训练(2),388,自由时间,虚拟区域（仙林）,05040040B
32.0,400080,政治学原理(20192-06000030-1),201920600003091256,,3,,118,1-17周,0,"陈肖生,王海洲,张凤阳",1-17周 周三 第3节-第4节 仙Ⅰ-206,2.0,政府管理学院,否,理论类课程,周三,2019-2020-2,,201920600003091256,"2018政府管理学院政治学与行政学,2019*社会科学试验班*社会科学试验班,2018政府管理学院劳动与社会保障,2018政府管理学院国际政治,2018政府管理学院行政管理",0,仙林校区,2019-2020学年 第2学期,91256,仙Ⅰ-206,0.0,否,,1,32,,0,0,政治学原理,11,第3节-第4节,仙I区,06000030
32.0,400080,国际政治学(20192-06000050-1),201920600005091259,,3,,134,1-17周,0,"毛维准,石斌",1-17周 周一 第5节-第6节 逸B-101,2.0,政府管理学院,否,理论类课程,周一,2019-2020-2,,201920600005091259,"2018政府管理学院政治学与行政学,2019*社会科学试验班*社会科学试验班,2018政府管理学院国际政治",0,仙林校区,2019-2020学年 第2学期,91259,逸B-101,0.0,否,,1,32,,0,0,国际政治学,16,第5节-第6节,逸夫楼B区,06000050
32.0,400080,社会保障概论(20192-06000080-1),201920600008091260,,3,,94,1-17周,0,严新明,1-17周 周四 第3节-第4节 逸B-212,2.0,政府管理学院,否,理论类课程,周四,2019-2020-2,,201920600008091260,"2018政府管理学院行政管理,2019*社会科学试验班*社会科学试验班,2018政府管理学院劳动与社会保障",0,仙林校区,2019-2020学年 第2学期,91260,逸B-212,0.0,否,,1,32,,0,0,社会保障概论,16,第3节-第4节,逸夫楼B区,06000080
128.0,400080,毕业论文(20192-06000600-1),201920600060092192,,3,,85,1-17周,0,,1-17周 自由时间 - 自由地点,8.0,政府管理学院,否,实践类课程,自由时间,2019-2020-2,,201920600060092192,"2016政府管理学院政治学与行政学,2016政府管理学院劳动与社会保障,2016政府管理学院国际政治,2016政府管理学院行政管理",0,仙林校区,2019-2020学年 第2学期,92192,自由地点,0.0,否,,3,0,,128,0,毕业论文,388,自由时间,虚拟区域（仙林）,06000600
32.0,400080,管理学原理(20192-06000630-1),201920600063091258,,3,,138,1-17周,0,李永刚,1-17周 周五 第1节-第2节 仙Ⅰ-206,2.0,政府管理学院,否,理论类课程,周五,2019-2020-2,,201920600063091258,"2018政府管理学院政治学与行政学,2019*社会科学试验班*社会科学试验班,2018政府管理学院劳动与社会保障,2018政府管理学院国际政治,2018政府管理学院行政管理",0,仙林校区,2019-2020学年 第2学期,91258,仙Ⅰ-206,0.0,否,,1,32,,0,0,管理学原理,11,第1节-第2节,仙I区,06000630
32.0,400080,政治社会学(20192-06010030-1),201920601003092107,,3,,16,1-17周,0,王海洲,1-17周 周四 第3节-第4节 逸C-201,2.0,政府管理学院,否,理论类课程,周四,2019-2020-2,,201920601003092107,2018政府管理学院政治学与行政学,0,仙林校区,2019-2020学年 第2学期,92107,逸C-201,0.0,否,,1,32,,0,0,政治社会学,17,第3节-第4节,逸夫楼C区,06010030
32.0,400080,比较政治学(20192-06010040-1),201920601004092108,,3,,37,1-17周,0,姚远,1-17周 周四 第5节-第6节 逸C-105,2.0,政府管理学院,否,理论类课程,周四,2019-2020-2,,201920601004092108,"2018政府管理学院政治学与行政学,2018政府管理学院国际政治",0,仙林校区,2019-2020学年 第2学期,92108,逸C-105,0.0,否,,1,32,,0,0,比较政治学,17,第5节-第6节,逸夫楼C区,06010040
32.0,400080,中外政治文化比较(20192-06010050-1),201920601005092115,,3,,0,,0,,,2.0,政府管理学院,否,理论类课程,,2019-2020-2,,201920601005092115,,0,仙林校区,2019-2020学年 第2学期,92115,,0.0,否,,1,32,,0,0,中外政治文化比较,,,,06010050
16.0,400080,体育训练（6）(20192-06010360F-1),2019206010360F94113,,3,,20,1-17周,0,,1-17周 自由时间 - ,1.0,政府管理学院,否,实践类课程,自由时间,2019-2020-2,,2019206010360F94113,2017政府管理学院行政管理（运动员班）,0,仙林校区,2019-2020学年 第2学期,94113,无,0.0,否,,3,0,,16,0,体育训练（6）,,自由时间,,06010360F
32.0,400080,西方政治思想史Ⅱ（近现代）(20192-06010450-1),201920601045092112,,3,,17,1-17周,0,韩伟华,1-17周 周三 第5节-第6节 逸C-209,2.0,政府管理学院,否,理论类课程,周三,2019-2020-2,,201920601045092112,2018政府管理学院政治学与行政学,0,仙林校区,2019-2020学年 第2学期,92112,逸C-209,0.0,否,,1,32,,0,0,西方政治思想史Ⅱ（近现代）,17,第5节-第6节,逸夫楼C区,06010450
32.0,400080,政治科学研究方法Ⅰ（基础）(20192-06010460-1),201920601046092113,,3,,34,1-17周,0,祁玲玲,1-17周 周五 第3节-第4节 逸C-204,2.0,政府管理学院,否,理论+实践课程,周五,2019-2020-2,,201920601046092113,"2018政府管理学院政治学与行政学,2018政府管理学院国际政治",0,仙林校区,2019-2020学年 第2学期,92113,逸C-204,0.0,否,,5,28,,4,0,政治科学研究方法Ⅰ（基础）,17,第3节-第4节,逸夫楼C区,06010460
32.0,400080,研究设计与写作(20192-06010490-1),201920601049092196,,3,,29,1-17周,0,"吕磊,王海洲",1-17周 周四 第5节-第6节 逸C-204,2.0,政府管理学院,否,理论+实践课程,周四,2019-2020-2,,201920601049092196,"2017政府管理学院政治学与行政学,2017政府管理学院国际政治",0,仙林校区,2019-2020学年 第2学期,92196,逸C-204,0.0,否,,5,20,,12,0,研究设计与写作,17,第5节-第6节,逸夫楼C区,06010490
32.0,400080,政治学与国际政治经典导读（英文）(20192-06010530-1),201920601053092118,,3,,16,1-17周,0,吴心喆,1-17周 周五 第5节-第6节 逸C-201,2.0,政府管理学院,否,理论类课程,周五,2019-2020-2,,201920601053092118,"2018政府管理学院政治学与行政学,2018政府管理学院国际政治",0,仙林校区,2019-2020学年 第2学期,92118,逸C-201,0.0,否,,1,32,,0,0,政治学与国际政治经典导读（英文）,17,第5节-第6节,逸夫楼C区,06010530
32.0,400080,社会保障国际比较(20192-06020000-1),201920602000092185,,3,,17,1-17周,0,林闽钢,1-17周 周二 第3节-第4节 逸C-201,2.0,政府管理学院,否,理论类课程,周二,2019-2020-2,,201920602000092185,2018政府管理学院劳动与社会保障,0,仙林校区,2019-2020学年 第2学期,92185,逸C-201,0.0,否,,1,32,,0,0,社会保障国际比较,17,第3节-第4节,逸夫楼C区,06020000
32.0,400080,职业生涯与薪酬管理(20192-06020010-1),201920602001092186,,3,,20,1-17周,0,顾淑燕,1-17周 周五 第3节-第4节 逸C-201,2.0,政府管理学院,否,理论类课程,周五,2019-2020-2,,201920602001092186,2018政府管理学院劳动与社会保障,0,仙林校区,2019-2020学年 第2学期,92186,逸C-201,0.0,否,,1,32,,0,0,职业生涯与薪酬管理,17,第3节-第4节,逸夫楼C区,06020010
32.0,400080,劳动与社会保障法(20192-06020030-1),201920602003092187,,3,,21,1-17周,0,严新明,1-17周 周四 第1节-第2节 逸C-201,2.0,政府管理学院,否,理论类课程,周四,2019-2020-2,,201920602003092187,2018政府管理学院劳动与社会保障,0,仙林校区,2019-2020学年 第2学期,92187,逸C-201,0.0,否,,1,32,,0,0,劳动与社会保障法,17,第1节-第2节,逸夫楼C区,06020030
48.0,400080,社会保障基金管理(20192-06020040-1),201920602004092217,,3,,28,1-17周,0,高传胜,1-17周 周一 第5节-第7节 逸C-209,3.0,政府管理学院,否,理论类课程,周一,2019-2020-2,,201920602004092217,2017政府管理学院劳动与社会保障,0,仙林校区,2019-2020学年 第2学期,92217,逸C-209,0.0,否,,1,48,,0,0,社会保障基金管理,17,第5节-第7节,逸夫楼C区,06020040
32.0,400080,中国社会保障制度改革(20192-06020050-1),201920602005092211,,3,,32,1-17周,0,林闽钢,1-17周 周二 第5节-第6节 逸C-205,2.0,政府管理学院,否,理论类课程,周二,2019-2020-2,,201920602005092211,2017政府管理学院劳动与社会保障,0,仙林校区,2019-2020学年 第2学期,92211,逸C-205,0.0,否,,1,32,,0,0,中国社会保障制度改革,17,第5节-第6节,逸夫楼C区,06020050
32.0,400080,社会调查方法与数据分析(20192-06020070-1),201920602007092188,,3,,34,1-17周,0,张海波,1-17周 周二 第5节-第6节 逸C-114,2.0,政府管理学院,否,理论类课程,周二,2019-2020-2,,201920602007092188,"2018政府管理学院行政管理,2018政府管理学院劳动与社会保障",0,仙林校区,2019-2020学年 第2学期,92188,逸C-114,0.0,否,,1,32,,0,0,社会调查方法与数据分析,17,第5节-第6节,逸夫楼C区,06020070
48.0,400080,统计学(20192-06020080-1),201920602008092189,,3,,18,1-17周,0,范克新,1-17周 周四 第5节-第7节 逸C-202,3.0,政府管理学院,否,理论类课程,周四,2019-2020-2,,201920602008092189,2018政府管理学院劳动与社会保障,0,仙林校区,2019-2020学年 第2学期,92189,逸C-202,0.0,否,,1,48,,0,0,统计学,17,第5节-第7节,逸夫楼C区,06020080
32.0,400080,卫生经济学(20192-06020200-1),201920602020092190,,3,,16,1-17周,0,"顾海,顾淑燕",1-17周 周一 第5节-第6节 逸C-202,2.0,政府管理学院,否,理论类课程,周一,2019-2020-2,,201920602020092190,2018政府管理学院劳动与社会保障,0,仙林校区,2019-2020学年 第2学期,92190,逸C-202,0.0,否,,1,32,,0,0,健康经济学及其微观计量应用,17,第5节-第6节,逸夫楼C区,06020200
32.0,400080,社会保险学(20192-06020210-1),201920602021092219,,3,,24,1-17周,0,任正臣,1-17周 周三 第3节-第4节 逸C-205,2.0,政府管理学院,否,理论类课程,周三,2019-2020-2,,201920602021092219,2017政府管理学院劳动与社会保障,0,仙林校区,2019-2020学年 第2学期,92219,逸C-205,0.0,否,,1,32,,0,0,社会保险学,17,第3节-第4节,逸夫楼C区,06020210
32.0,400080,劳动经济学(20192-06020220-1),201920602022092191,,3,,18,1-17周,0,任正臣,1-17周 周三 第5节-第6节 逸C-201,2.0,政府管理学院,否,理论类课程,周三,2019-2020-2,,201920602022092191,2018政府管理学院劳动与社会保障,0,仙林校区,2019-2020学年 第2学期,92191,逸C-201,0.0,否,,1,32,,0,0,劳动经济学,17,第5节-第6节,逸夫楼C区,06020220
32.0,400080,社会问题经济学(20192-06020240-1),201920602024092246,,3,,20,1-17周,0,于萌,1-17周 周五 第3节-第4节 逸C-209,2.0,政府管理学院,否,理论类课程,周五,2019-2020-2,,201920602024092246,2017政府管理学院劳动与社会保障,0,仙林校区,2019-2020学年 第2学期,92246,逸C-209,0.0,否,,1,32,,0,0,社会问题经济学,17,第3节-第4节,逸夫楼C区,06020240
32.0,400080,公共组织理论(20192-06020300-1),201920602030092224,,3,,0,,0,,,2.0,政府管理学院,否,理论类课程,,2019-2020-2,,201920602030092224,,0,仙林校区,2019-2020学年 第2学期,92224,,0.0,否,,1,32,,0,0,社会保障管理,,,,06020300
32.0,400080,科学管理与运筹方法(20192-06020310-1),201920602031092228,,3,,0,,0,,,2.0,政府管理学院,否,理论类课程,,2019-2020-2,,201920602031092228,,0,仙林校区,2019-2020学年 第2学期,92228,,0.0,否,,1,32,,0,0,科学管理与运筹方法,,,,06020310
32.0,400080,组织行为学(20192-06040000-1),201920604000092120,,3,,43,1-17周,0,张乾友,1-17周 周五 第3节-第4节 逸C-114,2.0,政府管理学院,否,理论类课程,周五,2019-2020-2,,201920604000092120,2018政府管理学院行政管理,0,仙林校区,2019-2020学年 第2学期,92120,逸C-114,0.0,否,,1,32,,0,0,组织行为学,17,第3节-第4节,逸夫楼C区,06040000
32.0,400080,公务员制度(20192-06040010-1),201920604001092103,,3,,56,1-17周,0,魏姝,1-17周 周二 第3节-第4节 逸C-303,2.0,政府管理学院,否,理论类课程,周二,2019-2020-2,,201920604001092103,"2018政府管理学院政治学与行政学,2018政府管理学院行政管理",0,仙林校区,2019-2020学年 第2学期,92103,逸C-303,0.0,否,,1,32,,0,0,公务员制度,17,第3节-第4节,逸夫楼C区,06040010
32.0,400080,行政伦理学(20192-06040050-1),201920604005092200,,3,,61,1-17周,0,杨黎婧,1-17周 周五 第3节-第4节 逸C-303,2.0,政府管理学院,否,理论+实践课程,周五,2019-2020-2,,201920604005092200,"2017政府管理学院行政管理,2017政府管理学院行政管理（运动员班）",0,仙林校区,2019-2020学年 第2学期,92200,逸C-303,0.0,否,,5,26,,6,0,行政伦理学,17,第3节-第4节,逸夫楼C区,06040050
48.0,400080,人力资源管理(20192-06040060-1),201920604006092201,,3,,60,1-17周,0,王强,1-17周 周一 第2节-第4节 逸C-303,3.0,政府管理学院,否,理论+实践课程,周一,2019-2020-2,,201920604006092201,"2017政府管理学院行政管理,2017政府管理学院行政管理（运动员班）",0,仙林校区,2019-2020学年 第2学期,92201,逸C-303,0.0,否,,5,42,,6,0,人力资源管理,17,第2节-第4节,逸夫楼C区,06040060
32.0,400080,公共政策分析(20192-06040070-1),201920604007092202,,3,,61,1-17周,0,周建国,1-17周 周四 第3节-第4节 逸C-303,2.0,政府管理学院,否,理论类课程,周四,2019-2020-2,,201920604007092202,"2017政府管理学院行政管理,2017政府管理学院行政管理（运动员班）",0,仙林校区,2019-2020学年 第2学期,92202,逸C-303,0.0,否,,1,32,,0,0,公共政策分析,17,第3节-第4节,逸夫楼C区,06040070
32.0,400080,公共管理的量化方法(20192-06040210-1),201920604021092176,,3,,39,1-17周,0,丁翔,1-17周 周四 第5节-第6节 逸C-114,2.0,政府管理学院,否,理论+实践课程,周四,2019-2020-2,,201920604021092176,2018政府管理学院行政管理,0,仙林校区,2019-2020学年 第2学期,92176,逸C-114,0.0,否,,5,28,,4,0,公共管理的量化方法,17,第5节-第6节,逸夫楼C区,06040210
32.0,400080,政府与企业关系导论(20192-06040240-1),201920604024092204,,3,,15,1-17周,0,范春辉,1-17周 周二 第3节-第4节 逸C-114,2.0,政府管理学院,否,理论类课程,周二,2019-2020-2,,201920604024092204,"2017政府管理学院行政管理,2017政府管理学院行政管理（运动员班）",0,仙林校区,2019-2020学年 第2学期,92204,逸C-114,0.0,否,,1,32,,0,0,政府与企业关系导论,17,第3节-第4节,逸夫楼C区,06040240
32.0,400080,绩效管理(20192-06040260-1),201920604026092203,,3,,58,1-17周,0,朱伟,1-17周 周三 第3节-第4节 逸C-303,2.0,政府管理学院,否,理论类课程,周三,2019-2020-2,,201920604026092203,"2017政府管理学院行政管理,2017政府管理学院行政管理（运动员班）",0,仙林校区,2019-2020学年 第2学期,92203,逸C-303,0.0,否,,1,32,,0,0,绩效管理,17,第3节-第4节,逸夫楼C区,06040260
32.0,400080,数字化政务信息管理(20192-06040280-1),201920604028092205,,3,,29,1-17周,0,刘千里,1-17周 周二 第1节-第2节 逸C-114,2.0,政府管理学院,否,理论类课程,周二,2019-2020-2,,201920604028092205,"2017政府管理学院行政管理,2017政府管理学院行政管理（运动员班）",0,仙林校区,2019-2020学年 第2学期,92205,逸C-114,0.0,否,,1,32,,0,0,数字化政务信息管理,17,第1节-第2节,逸夫楼C区,06040280
32.0,400080,项目管理(20192-06040400-1),201920604040092180,,3,,28,1-17周,0,林雪,1-17周 周一 第3节-第4节 逸C-114,2.0,政府管理学院,否,理论类课程,周一,2019-2020-2,,201920604040092180,2018政府管理学院行政管理,0,仙林校区,2019-2020学年 第2学期,92180,逸C-114,0.0,否,,1,32,,0,0,项目管理,17,第3节-第4节,逸夫楼C区,06040400
32.0,400080,公共慈善组织管理(20192-06040470-1),201920604047092184,,3,,37,1-17周,0,张桐,1-17周 周一 第5节-第6节 逸C-114,2.0,政府管理学院,否,理论类课程,周一,2019-2020-2,,201920604047092184,2018政府管理学院行政管理,0,仙林校区,2019-2020学年 第2学期,92184,逸C-114,0.0,否,,1,32,,0,0,公共慈善组织管理,17,第5节-第6节,逸夫楼C区,06040470
32.0,400080,公共管理研究设计与写作(20192-06040510-1),201920604051092206,,3,,34,2-17周,0,"杨黎婧,丁翔,林雪,张乾友,张桐,吴少微",2-17周 周四 第1节-第2节 逸C-114,2.0,政府管理学院,否,理论类课程,周四,2019-2020-2,,201920604051092206,"2017政府管理学院行政管理,2017政府管理学院行政管理（运动员班）",0,仙林校区,2019-2020学年 第2学期,92206,逸C-114,0.0,否,,1,32,,0,0,公共管理研究设计与写作,17,第1节-第2节,逸夫楼C区,06040510
32.0,400080,国际法(20192-06050010-1),201920605001092129,,3,,20,1-17周,0,于京东,1-17周 周三 第5节-第6节 逸C-202,2.0,政府管理学院,否,理论类课程,周三,2019-2020-2,,201920605001092129,2018政府管理学院国际政治,0,仙林校区,2019-2020学年 第2学期,92129,逸C-202,0.0,否,,1,48,,0,0,国际法,17,第5节-第6节,逸夫楼C区,06050010
32.0,400080,战后国际关系(20192-06050020-1),201920605002092132,,3,,18,1-17周,0,吕磊,1-17周 周四 第3节-第4节 逸C-202,2.0,政府管理学院,否,理论类课程,周四,2019-2020-2,,201920605002092132,2018政府管理学院国际政治,0,仙林校区,2019-2020学年 第2学期,92132,逸C-202,0.0,否,,1,34,,0,0,战后国际关系,17,第3节-第4节,逸夫楼C区,06050020
32.0,400080,西方国际关系理论(20192-06050040-1),201920605004092195,,3,,24,1-17周,0,刘慧,1-17周 周五 第3节-第4节 逸C-203,2.0,政府管理学院,否,理论类课程,周五,2019-2020-2,,201920605004092195,"2017政府管理学院政治学与行政学,2017政府管理学院国际政治",0,仙林校区,2019-2020学年 第2学期,92195,逸C-203,0.0,否,,1,32,,0,0,西方国际关系理论,17,第3节-第4节,逸夫楼C区,06050040
32.0,400080,国际政治经济学(20192-06050050-1),201920605005092198,,3,,20,3-17周,0,舒建中,3-17周 周一 第3节-第4节 逸C-205,2.0,政府管理学院,否,理论类课程,周一,2019-2020-2,,201920605005092198,2017政府管理学院国际政治,0,仙林校区,2019-2020学年 第2学期,92198,逸C-205,0.0,否,,1,48,,0,0,国际政治经济学,17,第3节-第4节,逸夫楼C区,06050050
32.0,400080,国际组织(20192-06050200-1),201920605020092134,,3,,21,1-17周,0,毛维准,1-17周 周一 第3节-第4节 逸C-209,2.0,政府管理学院,否,理论类课程,周一,2019-2020-2,,201920605020092134,2018政府管理学院国际政治,0,仙林校区,2019-2020学年 第2学期,92134,逸C-209,0.0,否,,1,32,,0,0,国际组织,17,第3节-第4节,逸夫楼C区,06050200
32.0,400080,俄罗斯政治与外交(20192-06050270-1),201920605027092199,,3,,15,1-17周,0,方婷婷,1-17周 周三 第5节-第6节 逸C-205,2.0,政府管理学院,否,理论类课程,周三,2019-2020-2,,201920605027092199,2017政府管理学院国际政治,0,仙林校区,2019-2020学年 第2学期,92199,逸C-205,0.0,否,,1,32,,0,0,俄罗斯政治与外交,17,第5节-第6节,逸夫楼C区,06050270
32.0,400080,东亚国际关系史(20192-06050310-1),201920605031092197,,3,,25,1-17周,0,姚远,1-17周 周四 第3节-第4节 逸C-204,2.0,政府管理学院,否,理论类课程,周四,2019-2020-2,,201920605031092197,"2017政府管理学院政治学与行政学,2017政府管理学院国际政治",0,仙林校区,2019-2020学年 第2学期,92197,逸C-204,0.0,否,,1,32,,0,0,东亚国际关系史,17,第3节-第4节,逸夫楼C区,06050310
48.0,400090,信息组织(20192-07000030A-1),2019207000030A91261,,3,,98,1-17周,0,"谭华军,欧石燕,颜嘉麒,岳泉",1-17周 周二 第5节-第7节 仙Ⅰ-206,3.0,信息管理学院,否,理论+实验课程,周二,2019-2020-2,,2019207000030A91261,2019*社会科学试验班*社会科学试验班,0,仙林校区,2019-2020学年 第2学期,91261,仙Ⅰ-206,32.0,否,,6,32,,0,0,信息组织,11,第5节-第7节,仙I区,07000030A
48.0,400090,信息分析(20192-07000050-1),201920700005091269,,3,,104,1-17周,0,袁勤俭,1-17周 周四 第5节-第7节 仙Ⅰ-206,3.0,信息管理学院,否,理论类课程,周四,2019-2020-2,,201920700005091269,2019*社会科学试验班*社会科学试验班,0,仙林校区,2019-2020学年 第2学期,91269,仙Ⅰ-206,0.0,否,,1,48,,0,0,信息分析,11,第5节-第7节,仙I区,07000050
48.0,400090,Internet实用技术(20192-07000080-1),201920700008093551,,3,,24,"1-17周,3-17周",0,邓三鸿,"1-17周 周四 第5节-第6节 仙Ⅱ-104,3-17周 周四 第7节-第8节 ",3.0,信息管理学院,否,理论+实验课程,"周四,周四",2019-2020-2,,201920700008093551,2018信息管理学院信息管理与信息系统,0,仙林校区,2019-2020学年 第2学期,93551,"仙Ⅱ-104,基础实验楼乙203、204",32.0,否,,6,32,,0,0,Web前端设计入门,12,"第5节-第6节,第7节-第8节",仙II区,07000080
48.0,400090,管理统计学(20192-07000090-1),201920700009093541,,3,,84,"1-17周,3-17周",0,朱惠,"1-17周 周四 第1节-第2节 仙Ⅱ-104,3-17周 周四 第3节-第4节 ",3.0,信息管理学院,否,理论+实验课程,"周四,周四",2019-2020-2,,201920700009093541,"2018信息管理学院信息管理与信息系统,2018信息管理学院编辑出版学,2018信息管理学院档案学,2018信息管理学院图书馆学",0,仙林校区,2019-2020学年 第2学期,93541,"仙Ⅱ-104,基础实验楼乙201、202",32.0,否,,6,32,,0,0,管理统计学,12,"第1节-第2节,第3节-第4节",仙II区,07000090
96.0,400090,毕业论文(20192-07000200-1),201920700020093567,,3,,84,1-17周,0,,1-17周 自由时间 - 自由地点,6.0,信息管理学院,否,理论+实践课程,自由时间,2019-2020-2,,201920700020093567,"2016信息管理学院信息管理与信息系统,2016信息管理学院编辑出版学,2016信息管理学院档案学",0,仙林校区,2019-2020学年 第2学期,93567,自由地点,0.0,否,,5,0,,192,0,毕业论文,388,自由时间,虚拟区域（仙林）,07000200
32.0,400090,信息咨询(20192-07000250-1),201920700025093559,,3,,15,1-17周,0,郑建明,1-17周 周一 第5节-第6节 仙Ⅱ-319,2.0,信息管理学院,否,理论类课程,周一,2019-2020-2,,201920700025093559,"2017信息管理学院信息管理与信息系统,2017信息管理学院编辑出版学,2017信息管理学院档案学,2017信息管理学院图书馆学",0,仙林校区,2019-2020学年 第2学期,93559,仙Ⅱ-319,0.0,否,,1,32,,0,0,信息咨询,12,第5节-第6节,仙II区,07000250
32.0,400090,计算机病毒防治(20192-07000330-1),201920700033093564,,3,,20,2-17周,0,石进,2-17周 周四 第7节-第8节 仙Ⅱ-307,2.0,信息管理学院,否,理论类课程,周四,2019-2020-2,,201920700033093564,2017信息管理学院信息管理与信息系统,0,仙林校区,2019-2020学年 第2学期,93564,仙Ⅱ-307,0.0,否,,1,32,,0,0,计算机病毒防治,12,第7节-第8节,仙II区,07000330
32.0,400090,信息安全与保密法规(20192-07000350-1),201920700035093555,,3,,28,1-17周,0,张玥,1-17周 周三 第1节-第2节 逸B-312,2.0,信息管理学院,否,理论类课程,周三,2019-2020-2,,201920700035093555,"2018信息管理学院信息管理与信息系统,2018信息管理学院编辑出版学,2018信息管理学院档案学,2018信息管理学院图书馆学",0,仙林校区,2019-2020学年 第2学期,93555,逸B-312,0.0,否,,1,32,,0,0,信息安全与保密法规,16,第1节-第2节,逸夫楼B区,07000350
32.0,400090,知识创新与学术规范(20192-07000440-1),201920700044093550,,3,,23,1-17周,0,"陈铭,叶继元",1-17周 周一 第3节-第4节 仙Ⅱ-301,2.0,信息管理学院,否,理论类课程,周一,2019-2020-2,,201920700044093550,"2018信息管理学院信息管理与信息系统,2018信息管理学院编辑出版学,2018信息管理学院档案学,2018信息管理学院图书馆学",0,仙林校区,2019-2020学年 第2学期,93550,仙Ⅱ-301,0.0,否,,1,32,,0,0,知识创新与学术规范,12,第3节-第4节,仙II区,07000440
32.0,400090,市场信息与调研(20192-07000470-1),201920700047093554,,3,,37,1-17周,0,陈铭,1-17周 周一 第1节-第2节 仙Ⅱ-104,2.0,信息管理学院,否,理论类课程,周一,2019-2020-2,,201920700047093554,"2018信息管理学院信息管理与信息系统,2018信息管理学院编辑出版学,2018信息管理学院档案学,2018信息管理学院图书馆学",0,仙林校区,2019-2020学年 第2学期,93554,仙Ⅱ-104,0.0,否,,1,30,,2,0,市场信息与调研,12,第1节-第2节,仙II区,07000470
64.0,400090,离散数学(20192-07000490-1),201920700049093549,,3,,57,"1-17周,1-17周",0,杨建林,"1-17周 周三 第3节-第4节 逸B-312,1-17周 周五 第5节-第6节 逸B-312",4.0,信息管理学院,否,理论类课程,"周三,周五",2019-2020-2,,201920700049093549,2018信息管理学院信息管理与信息系统,0,仙林校区,2019-2020学年 第2学期,93549,"逸B-312,逸B-312",0.0,否,,1,48,,0,0,离散数学,16,"第3节-第4节,第5节-第6节",逸夫楼B区,07000490
32.0,400090,电子商务(20192-07000510-1),201920700051093556,,3,,37,1-17周,0,袁勤俭,1-17周 周四 第3节-第4节 仙Ⅱ-102,2.0,信息管理学院,否,理论类课程,周四,2019-2020-2,,201920700051093556,"2017信息管理学院信息管理与信息系统,2017信息管理学院编辑出版学,2017信息管理学院档案学,2017信息管理学院图书馆学",0,仙林校区,2019-2020学年 第2学期,93556,仙Ⅱ-102,0.0,否,,1,32,,0,0,电子商务,12,第3节-第4节,仙II区,07000510
32.0,400090,社会网络分析(20192-07000640-1),201920700064093562,,3,,22,1-17周,0,裴雷,1-17周 周五 第5节-第6节 仙Ⅱ-114,2.0,信息管理学院,否,理论类课程,周五,2019-2020-2,,201920700064093562,"2017信息管理学院信息管理与信息系统,2017信息管理学院编辑出版学,2017信息管理学院档案学,2017信息管理学院图书馆学",0,仙林校区,2019-2020学年 第2学期,93562,仙Ⅱ-114,0.0,否,,1,32,,0,0,社会网络分析,12,第5节-第6节,仙II区,07000640
48.0,400090,信息检索(20192-07000650-1),201920700065091271,,3,,91,"1-17周,3-17周",0,"邓三鸿,施云","1-17周 周五 第5节-第6节 仙Ⅰ-206,3-17周 周五 第7节-第8节 ",3.0,信息管理学院,否,理论+实验课程,"周五,周五",2019-2020-2,,201920700065091271,2019*社会科学试验班*社会科学试验班,0,仙林校区,2019-2020学年 第2学期,91271,"仙Ⅰ-206,基础实验楼乙110、113",32.0,否,,6,32,,0,0,信息检索,11,"第5节-第6节,第7节-第8节",仙I区,07000650
32.0,400090,大数据应用基础(20192-07000670-1),201920700067093542,,3,,82,1-17周,0,康乐乐,1-17周 周五 第7节-第8节 仙Ⅱ-104,2.0,信息管理学院,否,理论类课程,周五,2019-2020-2,,201920700067093542,"2018信息管理学院信息管理与信息系统,2018信息管理学院编辑出版学,2018信息管理学院档案学,2018信息管理学院图书馆学",0,仙林校区,2019-2020学年 第2学期,93542,仙Ⅱ-104,0.0,否,,1,32,,0,0,大数据应用基础,12,第7节-第8节,仙II区,07000670
32.0,400090,信息检索实务(20192-07000680-1),201920700068093547,,3,,21,1-17周,0,施云,1-17周 周三 第5节-第6节 仙Ⅱ-102,2.0,信息管理学院,否,理论+实践课程,周三,2019-2020-2,,201920700068093547,"2018信息管理学院信息管理与信息系统,2018信息管理学院编辑出版学,2018信息管理学院档案学,2018信息管理学院图书馆学",0,仙林校区,2019-2020学年 第2学期,93547,仙Ⅱ-102,0.0,否,,5,32,,0,0,信息检索实务,12,第5节-第6节,仙II区,07000680
32.0,400090,职业探索与求职能力提升(20192-07000690-1),201920700069093566,,3,,38,1-17周,0,"刘千里,罗萍",1-17周 周四 第1节-第2节 仙Ⅱ-117,2.0,信息管理学院,否,理论类课程,周四,2019-2020-2,,201920700069093566,"2017信息管理学院信息管理与信息系统,2017信息管理学院编辑出版学,2017信息管理学院档案学,2017信息管理学院图书馆学",0,仙林校区,2019-2020学年 第2学期,93566,仙Ⅱ-117,0.0,否,,1,32,,0,0,职业生涯规划,12,第1节-第2节,仙II区,07000690
32.0,400090,信息资源建设(20192-07010040-1),201920701004093568,,3,,5,2-17周,0,叶继元,2-17周 周一 第5节-第6节 逸C-204,2.0,信息管理学院,否,理论类课程,周一,2019-2020-2,,201920701004093568,2018信息管理学院图书馆学,0,仙林校区,2019-2020学年 第2学期,93568,逸C-204,0.0,否,,1,32,,0,0,信息资源建设,17,第5节-第6节,逸夫楼C区,07010040
32.0,400090,书评理论与写作(20192-07010150-1),201920701015093570,,3,,0,,0,,,2.0,信息管理学院,否,理论类课程,,2019-2020-2,,201920701015093570,,0,仙林校区,2019-2020学年 第2学期,93570,,0.0,否,,1,32,,0,0,书评理论与写作,,,,07010150
32.0,400090,中外图书与图书馆史(20192-07010160-1),201920701016093569,,3,,14,1-17周,0,谢欢,1-17周 周二 第7节-第8节 逸C-210,2.0,信息管理学院,否,理论类课程,周二,2019-2020-2,,201920701016093569,2017信息管理学院图书馆学,0,仙林校区,2019-2020学年 第2学期,93569,逸C-210,0.0,否,,1,32,,0,0,中外图书与图书馆史,17,第7节-第8节,逸夫楼C区,07010160
48.0,400090,图书馆管理实务与案例(20192-07010200-1),201920701020093594,,3,,17,1-17周,0,谢欢,1-17周 周二 第2节-第4节 逸A-213,3.0,信息管理学院,否,理论+实践课程,周二,2019-2020-2,,201920701020093594,"2017信息管理学院图书馆学,2018信息管理学院图书馆学",0,仙林校区,2019-2020学年 第2学期,93594,逸A-213,0.0,否,,5,39,,9,0,图书馆管理实务与案例,15,第2节-第4节,逸夫楼A区,07010200
48.0,400090,数据结构(20192-07020020-1),201920702002093553,,3,,67,1-17周,0,刘友华,1-17周 周一 第5节-第7节 仙Ⅱ-218,3.0,信息管理学院,否,理论类课程,周一,2019-2020-2,,201920702002093553,2018信息管理学院信息管理与信息系统,0,仙林校区,2019-2020学年 第2学期,93553,仙Ⅱ-218,0.0,否,,1,48,,0,0,数据结构,12,第5节-第7节,仙II区,07020020
32.0,400090,管理信息系统(20192-07020030-1),201920702003093543,,3,,67,1-17周,0,"王昊,赵月华",1-17周 周二 第1节-第2节 仙Ⅱ-104,2.0,信息管理学院,否,理论类课程,周二,2019-2020-2,,201920702003093543,2018信息管理学院信息管理与信息系统,0,仙林校区,2019-2020学年 第2学期,93543,仙Ⅱ-104,0.0,否,,1,32,,0,0,管理信息系统,12,第1节-第2节,仙II区,07020030
32.0,400090,计算机系统与系统软件(20192-07020110-1),201920702011093560,,3,,19,1-17周,0,李明,1-17周 周五 第3节-第4节 仙Ⅱ-310,2.0,信息管理学院,否,理论类课程,周五,2019-2020-2,,201920702011093560,2017信息管理学院信息管理与信息系统,0,仙林校区,2019-2020学年 第2学期,93560,仙Ⅱ-310,0.0,否,,1,32,,0,0,计算机系统与系统软件,12,第3节-第4节,仙II区,07020110
32.0,400090,计算机图像处理(20192-07020150-1),201920702015093565,,3,,18,1-17周,0,朱学芳,1-17周 周五 第1节-第2节 仙Ⅱ-114,2.0,信息管理学院,否,理论+实验课程,周五,2019-2020-2,,201920702015093565,2017信息管理学院信息管理与信息系统,0,仙林校区,2019-2020学年 第2学期,93565,仙Ⅱ-114,12.0,否,,6,20,,0,0,计算机图像处理,12,第1节-第2节,仙II区,07020150
32.0,400090,保密科技(20192-07020240-1),201920702024093557,,3,,0,,0,,,2.0,信息管理学院,否,理论类课程,,2019-2020-2,,201920702024093557,,0,仙林校区,2019-2020学年 第2学期,93557,,0.0,否,,1,32,,0,0,保密科技,,,,07020240
32.0,400090,概率论与数理统计(20192-07020360-1),201920702036093552,,3,,54,1-17周,0,朱惠,1-17周 周二 第3节-第4节 仙Ⅱ-114,2.0,信息管理学院,否,理论类课程,周二,2019-2020-2,,201920702036093552,2018信息管理学院信息管理与信息系统,0,仙林校区,2019-2020学年 第2学期,93552,仙Ⅱ-114,0.0,否,,1,32,,0,0,概率论与数理统计,12,第3节-第4节,仙II区,07020360
32.0,400090,数据挖掘(20192-07020370-1),201920702037093593,,3,,50,2-17周,0,石进,2-17周 周四 第5节-第6节 仙Ⅱ-301,2.0,信息管理学院,否,理论类课程,周四,2019-2020-2,,201920702037093593,2017信息管理学院信息管理与信息系统,0,仙林校区,2019-2020学年 第2学期,93593,仙Ⅱ-301,0.0,否,,1,32,,0,0,数据挖掘,12,第5节-第6节,仙II区,07020370
48.0,400090,科技档案管理学(20192-07030040-1),201920703004093573,,3,,9,11-17周,0,吴建华,11-17周 周四 第5节-第7节 逸C-403,3.0,信息管理学院,否,理论类课程,周四,2019-2020-2,,201920703004093573,2018信息管理学院档案学,0,仙林校区,2019-2020学年 第2学期,93573,逸C-403,0.0,否,,1,48,,0,0,科技档案管理学,17,第5节-第7节,逸夫楼C区,07030040
32.0,400090,专门档案管理(20192-07030130-1),201920703013093571,,3,,0,,0,,,2.0,信息管理学院,否,理论类课程,,2019-2020-2,,201920703013093571,,0,仙林校区,2019-2020学年 第2学期,93571,,0.0,否,,1,32,,0,0,专门档案管理,,,,07030130
48.0,400090,电子文件与数字档案馆(20192-07030210-1),201920703021093572,,3,,9,1-17周,0,景红,1-17周 周一 第5节-第7节 逸C-210,3.0,信息管理学院,否,理论类课程,周一,2019-2020-2,,201920703021093572,2018信息管理学院档案学,0,仙林校区,2019-2020学年 第2学期,93572,逸C-210,0.0,否,,1,48,,0,0,电子文件与数字档案馆,17,第5节-第7节,逸夫楼C区,07030210
32.0,400090,出版物发行与营销(20192-07040030-1),201920704003093574,,3,,14,1-17周,0,王鹏涛,1-17周 周一 第7节-第8节 逸C-202,2.0,信息管理学院,否,理论类课程,周一,2019-2020-2,,201920704003093574,2018信息管理学院编辑出版学,0,仙林校区,2019-2020学年 第2学期,93574,逸C-202,0.0,否,,1,32,,0,0,出版物发行与营销,17,第7节-第8节,逸夫楼C区,07040030
32.0,400090,出版企业管理(20192-07040050-1),201920704005093577,,3,,11,1-17周,0,杨海平,1-17周 周二 第3节-第4节 逸C-205,2.0,信息管理学院,否,理论类课程,周二,2019-2020-2,,201920704005093577,2017信息管理学院编辑出版学,0,仙林校区,2019-2020学年 第2学期,93577,逸C-205,0.0,否,,1,32,,0,0,出版企业管理,17,第3节-第4节,逸夫楼C区,07040050
32.0,400090,数字出版概论(20192-07040060-1),201920704006093575,,3,,13,1-17周,0,王鹏涛,1-17周 周一 第5节-第6节 逸C-402,2.0,信息管理学院,否,理论类课程,周一,2019-2020-2,,201920704006093575,2018信息管理学院编辑出版学,0,仙林校区,2019-2020学年 第2学期,93575,逸C-402,0.0,否,,1,32,,0,0,数字出版概论,17,第5节-第6节,逸夫楼C区,07040060
32.0,400090,出版策划与选题实务(20192-07040150-1),201920704015093578,,3,,11,1-17周,0,吴燕,1-17周 周三 第3节-第4节 逸C-306,2.0,信息管理学院,否,理论+实践课程,周三,2019-2020-2,,201920704015093578,2017信息管理学院编辑出版学,0,仙林校区,2019-2020学年 第2学期,93578,逸C-306,0.0,否,,5,22,,10,0,出版策划与选题实务,17,第3节-第4节,逸夫楼C区,07040150
32.0,400090,中外编辑出版史(20192-07040190-1),201920704019093576,,3,,14,1-17周,0,刘火雄,1-17周 周三 第3节-第4节 逸C-402,2.0,信息管理学院,否,理论类课程,周三,2019-2020-2,,201920704019093576,2018信息管理学院编辑出版学,0,仙林校区,2019-2020学年 第2学期,93576,逸C-402,0.0,否,,1,32,,0,0,中外编辑出版史,17,第3节-第4节,逸夫楼C区,07040190
32.0,400100,社会学概论(20192-08000090-1),201920800009091270,,3,,182,1-17周,0,陆远,1-17周 周一 第7节-第8节 仙Ⅰ-206,2.0,社会学院,否,理论类课程,周一,2019-2020-2,,201920800009091270,"2018建筑与城市规划学院建筑学,2019*社会科学试验班*社会科学试验班",0,仙林校区,2019-2020学年 第2学期,91270,仙Ⅰ-206,0.0,否,,1,32,,0,0,社会学概论,11,第7节-第8节,仙I区,08000090
32.0,400100,社会工作概论(20192-08000100-1),201920800010091272,,3,,126,1-17周,0,沈晖,1-17周 周一 第1节-第2节 仙Ⅰ-206,2.0,社会学院,否,理论类课程,周一,2019-2020-2,,201920800010091272,2019*社会科学试验班*社会科学试验班,0,仙林校区,2019-2020学年 第2学期,91272,仙Ⅰ-206,0.0,否,,1,32,,0,0,社会工作概论,11,第1节-第2节,仙I区,08000100
32.0,400100,心理学概论(20192-08000110-1),201920800011091273,,3,,139,1-17周,0,陈昌凯,1-17周 周三 第5节-第6节 仙Ⅰ-206,2.0,社会学院,否,理论类课程,周三,2019-2020-2,,201920800011091273,2019*社会科学试验班*社会科学试验班,0,仙林校区,2019-2020学年 第2学期,91273,仙Ⅰ-206,0.0,否,,1,32,,0,0,心理学概论,11,第5节-第6节,仙I区,08000110
32.0,400100,时间社会学(20192-08000130-1),201920800013092213,,3,,13,1-17周,0,郑作彧,1-17周 周五 第3节-第4节 逸C-105,2.0,社会学院,否,理论类课程,周五,2019-2020-2,,201920800013092213,2017社会学院社会学,0,仙林校区,2019-2020学年 第2学期,92213,逸C-105,0.0,否,,1,32,,0,0,时间社会学,17,第3节-第4节,逸夫楼C区,08000130
48.0,400100,社会心理学(20192-08010030-1),201920801003091565,,3,,52,1-17周,0,周晓虹,1-17周 周三 第2节-第4节 逸C-115,3.0,社会学院,否,理论类课程,周三,2019-2020-2,,201920801003091565,"2018社会学院社会学,2018社会学院社会工作",0,仙林校区,2019-2020学年 第2学期,91565,逸C-115,0.0,否,,1,48,,0,0,社会心理学,17,第2节-第4节,逸夫楼C区,08010030
48.0,400100,西方社会学理论（下）(20192-08010040B-1),2019208010040B91567,,3,,44,1-17周,0,成伯清,1-17周 周二 第2节-第4节 逸C-115,3.0,社会学院,否,理论类课程,周二,2019-2020-2,,2019208010040B91567,"2018社会学院社会学,2018社会学院社会工作",0,仙林校区,2019-2020学年 第2学期,91567,逸C-115,0.0,否,,1,48,,0,0,西方社会学理论（下）,17,第2节-第4节,逸夫楼C区,08010040B
48.0,400100,社会调查方法(20192-08010060-1),201920801006091557,,3,,42,1-17周,0,方长春,1-17周 周四 第5节-第7节 逸C-104,3.0,社会学院,否,理论类课程,周四,2019-2020-2,,201920801006091557,2018社会学院社会学,0,仙林校区,2019-2020学年 第2学期,91557,逸C-104,0.0,否,,1,48,,0,0,社会调查方法,17,第5节-第7节,逸夫楼C区,08010060
48.0,400100,社会调查方法(20192-08010060-1),201920801006091575,,3,,14,1-17周,0,许琪,1-17周 周四 第5节-第7节 逸C-201,3.0,社会学院,否,理论类课程,周四,2019-2020-2,,201920801006091575,2018社会学院社会工作,0,仙林校区,2019-2020学年 第2学期,91575,逸C-201,0.0,否,,1,48,,0,0,社会调查方法,17,第5节-第7节,逸夫楼C区,08010060
48.0,400100,高级社会统计学(20192-08010080-1),201920801008091569,,3,,53,1-17周,0,贺光烨,1-17周 周五 第2节-第4节 逸C-115,3.0,社会学院,否,理论类课程,周五,2019-2020-2,,201920801008091569,"2018社会学院社会学,2018社会学院社会工作",0,仙林校区,2019-2020学年 第2学期,91569,逸C-115,0.0,否,,1,48,,0,0,高级社会统计学,17,第2节-第4节,逸夫楼C区,08010080
32.0,400100,社会问题(20192-08010140-1),201920801014092214,,3,,17,1-17周,0,朱力,1-17周 周一 第3节-第4节 逸C-105,2.0,社会学院,否,理论类课程,周一,2019-2020-2,,201920801014092214,2017社会学院社会学,0,仙林校区,2019-2020学年 第2学期,92214,逸C-105,0.0,否,,1,32,,0,0,社会问题,17,第3节-第4节,逸夫楼C区,08010140
32.0,400100,社区概论(20192-08010270-1),201920801027092216,,3,,13,1-17周,0,朱安新,1-17周 周三 第3节-第4节 逸C-114,2.0,社会学院,否,理论类课程,周三,2019-2020-2,,201920801027092216,2017社会学院社会学,0,仙林校区,2019-2020学年 第2学期,92216,逸C-114,0.0,否,,1,32,,0,0,社区概论,17,第3节-第4节,逸夫楼C区,08010270
32.0,400100,宗教社会学(20192-08010310-1),201920801031092218,,3,,16,1-17周,0,谢燕清,1-17周 周二 第3节-第4节 逸C-105,2.0,社会学院,否,理论类课程,周二,2019-2020-2,,201920801031092218,2017社会学院社会学,0,仙林校区,2019-2020学年 第2学期,92218,逸C-105,0.0,否,,1,32,,0,0,宗教社会学,17,第3节-第4节,逸夫楼C区,08010310
32.0,400100,历史社会学(20192-08010410-1),201920801041091572,,3,,31,1-17周,0,陆远,1-17周 周一 第5节-第6节 逸C-104,2.0,社会学院,否,理论类课程,周一,2019-2020-2,,201920801041091572,2018社会学院社会学,0,仙林校区,2019-2020学年 第2学期,91572,逸C-104,0.0,否,,1,32,,0,0,历史社会学,17,第5节-第6节,逸夫楼C区,08010410
32.0,400100,组织社会学(20192-08010430-1),201920801043091571,,3,,43,1-17周,0,刘林平,1-17周 周一 第3节-第4节 逸C-104,2.0,社会学院,否,理论类课程,周一,2019-2020-2,,201920801043091571,2018社会学院社会学,0,仙林校区,2019-2020学年 第2学期,91571,逸C-104,0.0,否,,1,32,,0,0,组织社会学,17,第3节-第4节,逸夫楼C区,08010430
32.0,400100,学年论文(20192-08010440-1),201920801044092165,,3,,69,1-17周,0,,1-17周 自由时间 - 自由地点,2.0,社会学院,否,理论类课程,自由时间,2019-2020-2,,201920801044092165,"2017社会学院社会学,2017社会学院应用心理学,2017社会学院社会工作",0,仙林校区,2019-2020学年 第2学期,92165,自由地点,0.0,否,,1,32,,0,0,学年论文,388,自由时间,虚拟区域（仙林）,08010440
32.0,400100,毕业实习(20192-08010450-1),201920801045092167,,3,,37,1-17周,0,,1-17周 自由时间 - 自由地点,2.0,社会学院,否,实践类课程,自由时间,2019-2020-2,,201920801045092167,"2016社会学院社会学,2016社会学院应用心理学",0,仙林校区,2019-2020学年 第2学期,92167,自由地点,0.0,否,,3,0,,32,0,毕业实习,388,自由时间,虚拟区域（仙林）,08010450
96.0,400100,毕业论文(20192-08010460-1),201920801046092168,,3,,53,1-17周,0,,1-17周 自由时间 - 自由地点,6.0,社会学院,否,实践类课程,自由时间,2019-2020-2,,201920801046092168,"2016社会学院社会学,2016社会学院应用心理学,2016社会学院社会工作",0,仙林校区,2019-2020学年 第2学期,92168,自由地点,0.0,否,,3,0,,96,0,毕业论文,388,自由时间,虚拟区域（仙林）,08010460
32.0,400100,应用STATA做数据分析(20192-08010470-1),201920801047092220,,3,,18,1-17周,0,吴愈晓,1-17周 周四 第3节-第4节 逸C-114,2.0,社会学院,否,理论类课程,周四,2019-2020-2,,201920801047092220,2017社会学院社会学,0,仙林校区,2019-2020学年 第2学期,92220,逸C-114,0.0,否,,1,32,,0,0,通过数据理解社会：定量方法和数据分析,17,第3节-第4节,逸夫楼C区,08010470
32.0,400100,高级计量方法和数字人文前沿(20192-08010570-1),201920801057092221,,3,,12,2-17周,0,陈云松,2-17周 周四 第9节-第10节 逸C-114,2.0,社会学院,否,理论类课程,周四,2019-2020-2,,201920801057092221,2017社会学院社会学,0,仙林校区,2019-2020学年 第2学期,92221,逸C-114,0.0,否,,1,32,,0,0,定量社会分析前沿：因果推断、大数据和计算社会科学,17,第9节-第10节,逸夫楼C区,08010570
48.0,400100,社会政策概论(20192-08020010-1),201920802001091574,,3,,16,1-17周,0,陈友华,1-17周 周一 第2节-第4节 逸C-201,3.0,社会学院,否,理论类课程,周一,2019-2020-2,,201920802001091574,2018社会学院社会工作,0,仙林校区,2019-2020学年 第2学期,91574,逸C-201,0.0,否,,1,48,,0,0,社会政策概论,17,第2节-第4节,逸夫楼C区,08020010
48.0,400100,团体工作(20192-08020030-1),201920802003091577,,3,,15,1-17周,0,肖萍,1-17周 周四 第2节-第4节 ,3.0,社会学院,否,理论+实践课程,周四,2019-2020-2,,201920802003091577,2018社会学院社会工作,0,仙林校区,2019-2020学年 第2学期,91577,社会学院220室,16.0,否,,5,16,,16,0,团体工作,,第2节-第4节,,08020030
48.0,400100,人类行为与社会环境(20192-08020050-1),201920802005091579,,3,,16,1-17周,0,徐愫,1-17周 周一 第5节-第7节 逸C-201,3.0,社会学院,否,理论类课程,周一,2019-2020-2,,201920802005091579,2018社会学院社会工作,0,仙林校区,2019-2020学年 第2学期,91579,逸C-201,0.0,否,,1,48,,0,0,人类行为与社会环境,17,第5节-第7节,逸夫楼C区,08020050
32.0,400100,家庭社会工作(20192-08020090-1),201920802009092226,,3,,9,2-17周,0,田蓉,2-17周 周一 第5节-第6节 ,2.0,社会学院,否,理论类课程,周一,2019-2020-2,,201920802009092226,2017社会学院社会工作,0,仙林校区,2019-2020学年 第2学期,92226,社会学院220室,0.0,否,,1,32,,0,0,家庭社会工作,,第5节-第6节,,08020090
32.0,400100,学校与青少年社会工作(20192-08020110-1),201920802011092223,,3,,9,1-17周,0,肖萍,1-17周 周二 第5节-第6节 ,2.0,社会学院,否,理论+实践课程,周二,2019-2020-2,,201920802011092223,2017社会学院社会工作,0,仙林校区,2019-2020学年 第2学期,92223,社会学院220室,0.0,否,,5,16,,16,0,学校与青少年社会工作,,第5节-第6节,,08020110
32.0,400100,老年社会工作(20192-08020130-1),201920802013092227,,3,,10,1-17周,0,郭未,1-17周 周二 第3节-第4节 逸C-202,2.0,社会学院,否,理论类课程,周二,2019-2020-2,,201920802013092227,2017社会学院社会工作,0,仙林校区,2019-2020学年 第2学期,92227,逸C-202,0.0,否,,1,32,,0,0,老年社会工作,17,第3节-第4节,逸夫楼C区,08020130
96.0,400100,社会工作实习(20192-08020300-1),201920802030092170,,3,,12,1-17周,0,,1-17周 自由时间 - 自由地点,6.0,社会学院,否,实践类课程,自由时间,2019-2020-2,,201920802030092170,2017社会学院社会工作,0,仙林校区,2019-2020学年 第2学期,92170,自由地点,0.0,否,,3,0,,600,0,社会工作实习,388,自由时间,虚拟区域（仙林）,08020300
32.0,400100,循证社会工作(20192-08020340-1),201920802034092229,,3,,8,1-17周,0,李春凯,1-17周 周一 第3节-第4节 逸C-202,2.0,社会学院,否,理论类课程,周一,2019-2020-2,,201920802034092229,2017社会学院社会工作,0,仙林校区,2019-2020学年 第2学期,92229,逸C-202,0.0,否,,1,32,,0,0,循证社会工作,17,第3节-第4节,逸夫楼C区,08020340
32.0,400100,实验心理学（上）(20192-08030030A-1),2019208030030A91580,,3,,30,"1-17周(单),2-16周(双)",0,耿柳娜,"1-17周(单) 周二 第3节-第4节 逸C-104,2-16周(双) 周二 第3节-第4节 ",2.0,社会学院,否,理论+实验课程,"周二,周二",2019-2020-2,,2019208030030A91580,2018社会学院应用心理学,0,仙林校区,2019-2020学年 第2学期,91580,"逸C-104,社会学院202",16.0,否,,6,16,,0,0,实验心理学（上）,17,"第3节-第4节,第3节-第4节",逸夫楼C区,08030030A
48.0,400100,心理测量(20192-08030040-1),201920803004091581,,3,,29,1-17周,0,李中权,1-17周 周四 第2节-第4节 逸C-105,3.0,社会学院,否,理论类课程,周四,2019-2020-2,,201920803004091581,2018社会学院应用心理学,0,仙林校区,2019-2020学年 第2学期,91581,逸C-105,0.0,否,,1,54,,0,0,心理测量,17,第2节-第4节,逸夫楼C区,08030040
48.0,400100,人格心理学(20192-08030060-1),201920803006092230,,3,,25,2-17周,0,陈昌凯,2-17周 周三 第2节-第4节 逸C-203,3.0,社会学院,否,理论类课程,周三,2019-2020-2,,201920803006092230,2017社会学院应用心理学,0,仙林校区,2019-2020学年 第2学期,92230,逸C-203,0.0,否,,1,48,,0,0,人格心理学,17,第2节-第4节,逸夫楼C区,08030060
48.0,400100,心理学史(20192-08030080I-1),2019208030080I91582,,3,,57,1-17周,0,王波,1-17周 周五 第2节-第4节 逸C-302,3.0,社会学院,否,理论类课程,周五,2019-2020-2,,2019208030080I91582,"2017社会学院应用心理学,2018社会学院应用心理学",0,仙林校区,2019-2020学年 第2学期,91582,逸C-302,0.0,否,,1,48,,0,0,心理学史,17,第2节-第4节,逸夫楼C区,08030080I
48.0,400100,变态心理学(20192-08030090-1),201920803009092231,,3,,28,1-17周,0,王东美,1-17周 周二 第2节-第4节 逸C-203,3.0,社会学院,否,理论类课程,周二,2019-2020-2,,201920803009092231,2017社会学院应用心理学,0,仙林校区,2019-2020学年 第2学期,92231,逸C-203,0.0,否,,1,48,,0,0,变态心理学,17,第2节-第4节,逸夫楼C区,08030090
32.0,400100,教育心理学(20192-08030100-1),201920803010092232,,3,,30,1-17周,0,王云强,1-17周 周一 第3节-第4节 逸C-203,2.0,社会学院,否,理论类课程,周一,2019-2020-2,,201920803010092232,2017社会学院应用心理学,0,仙林校区,2019-2020学年 第2学期,92232,逸C-203,0.0,否,,1,32,,0,0,教育心理学,17,第3节-第4节,逸夫楼C区,08030100
48.0,400100,社会心理学(20192-08030350-1),201920803035091584,,3,,32,1-17周,0,张洪,1-17周 周三 第2节-第4节 逸C-104,3.0,社会学院,否,理论类课程,周三,2019-2020-2,,201920803035091584,2018社会学院应用心理学,0,仙林校区,2019-2020学年 第2学期,91584,逸C-104,0.0,否,,1,48,,0,0,社会心理学,17,第2节-第4节,逸夫楼C区,08030350
32.0,400100,进化心理学(20192-08030380-1),201920803038092234,,3,,16,1-17周,0,张腾霄,1-17周 周四 第3节-第4节 逸C-203,2.0,社会学院,否,理论类课程,周四,2019-2020-2,,201920803038092234,2017社会学院应用心理学,0,仙林校区,2019-2020学年 第2学期,92234,逸C-203,0.0,否,,1,32,,0,0,进化心理学,17,第3节-第4节,逸夫楼C区,08030380
32.0,400100,数据统计专用软件(20192-08030430-1),201920803043091585,,3,,22,1-17周,0,李中权,1-17周 周四 第5节-第6节 ,2.0,社会学院,否,理论类课程,周四,2019-2020-2,,201920803043091585,2018社会学院应用心理学,0,仙林校区,2019-2020学年 第2学期,91585,社会学院202室,0.0,否,,1,36,,0,0,数据统计专用软件,,第5节-第6节,,08030430
48.0,700098,微观经济学(20192-09000020-1),201920900002092764,,3,,99,1-17周,0,路瑶,1-17周 周五 第5节-第7节 仙Ⅰ-102,3.0,*经济管理试验班,否,理论类课程,周五,2019-2020-2,,201920900002092764,2019*经济管理试验班*经济管理试验班,0,仙林校区,2019-2020学年 第2学期,92764,仙Ⅰ-102,0.0,否,,1,48,,0,0,微观经济学,11,第5节-第7节,仙I区,09000020
48.0,700098,微观经济学(20192-09000020-2),201920900002092776,,3,,76,1-17周,0,王宇,1-17周 周五 第5节-第7节 仙Ⅰ-104,3.0,*经济管理试验班,否,理论类课程,周五,2019-2020-2,,201920900002092776,2019*经济管理试验班*经济管理试验班,0,仙林校区,2019-2020学年 第2学期,92776,仙Ⅰ-104,0.0,否,,1,48,,0,0,微观经济学,11,第5节-第7节,仙I区,09000020
48.0,700098,微观经济学(20192-09000020-3),201920900002092780,,3,,72,1-17周,0,刘德溯,1-17周 周五 第5节-第7节 仙Ⅰ-115,3.0,*经济管理试验班,否,理论类课程,周五,2019-2020-2,,201920900002092780,2019*经济管理试验班*经济管理试验班,0,仙林校区,2019-2020学年 第2学期,92780,仙Ⅰ-115,0.0,否,,1,48,,0,0,微观经济学,11,第5节-第7节,仙I区,09000020
48.0,700098,微观经济学(20192-09000020-4),201920900002092781,,3,,78,1-17周,0,安礼伟,1-17周 周五 第5节-第7节 仙Ⅰ-212,3.0,*经济管理试验班,否,理论类课程,周五,2019-2020-2,,201920900002092781,2019*经济管理试验班*经济管理试验班,0,仙林校区,2019-2020学年 第2学期,92781,仙Ⅰ-212,0.0,否,,1,48,,0,0,微观经济学,11,第5节-第7节,仙I区,09000020
48.0,700098,微观经济学(20192-09000020-5),201920900002092782,,3,,76,1-17周,0,江静,1-17周 周五 第5节-第7节 仙Ⅰ-213,3.0,*经济管理试验班,否,理论类课程,周五,2019-2020-2,,201920900002092782,2019*经济管理试验班*经济管理试验班,0,仙林校区,2019-2020学年 第2学期,92782,仙Ⅰ-213,0.0,否,,1,48,,0,0,微观经济学,11,第5节-第7节,仙I区,09000020
48.0,700098,微观经济学(20192-09000020-6),201920900002092783,,3,,77,1-17周,0,皮建才,1-17周 周五 第5节-第7节 仙Ⅰ-321,3.0,*经济管理试验班,否,理论类课程,周五,2019-2020-2,,201920900002092783,2019*经济管理试验班*经济管理试验班,0,仙林校区,2019-2020学年 第2学期,92783,仙Ⅰ-321,0.0,否,,1,48,,0,0,微观经济学,11,第5节-第7节,仙I区,09000020
48.0,400060,国际贸易(20192-09000040-1),201920900004092880,,3,,152,1-17周,0,马野青,1-17周 周四 第5节-第7节 逸A-117,3.0,商学院,否,理论类课程,周四,2019-2020-2,,201920900004092880,"2018商学院经济学,2018商学院经济学（产业经济方向）,2018商学院国际经济与贸易",0,仙林校区,2019-2020学年 第2学期,92880,逸A-117,0.0,否,,1,48,,0,0,国际贸易,15,第5节-第7节,逸夫楼A区,09000040
48.0,400060,国际贸易(20192-09000040-1),201920900004093350,,3,,107,1-17周,0,方勇,1-17周 周二 第5节-第7节 仙Ⅰ-524,3.0,商学院,否,理论类课程,周二,2019-2020-2,,201920900004093350,"2018商学院金融学,2018商学院金融工程,2018商学院保险学",0,仙林校区,2019-2020学年 第2学期,93350,仙Ⅰ-524,0.0,否,,1,48,,0,0,国际贸易,11,第5节-第7节,仙I区,09000040
48.0,400060,国际金融(20192-09000050-1),201920900005093244,,3,,98,1-17周,0,张岭松,1-17周 周五 第5节-第7节 仙Ⅱ-404,3.0,商学院,否,理论类课程,周五,2019-2020-2,,201920900005093244,"2017商学院工商管理,2017商学院工商管理（人力资源管理方向）,2017商学院市场营销,2017商学院电子商务,2017商学院财务管理,2017商学院会计学",0,仙林校区,2019-2020学年 第2学期,93244,仙Ⅱ-404,0.0,否,,1,48,,0,0,国际金融,12,第5节-第7节,仙II区,09000050
48.0,400060,管理学(20192-09000510-1),201920900051093714,,3,,55,1-17周,0,李嘉,1-17周 周五 第2节-第4节 仙Ⅰ-216,3.0,商学院,否,理论类课程,周五,2019-2020-2,,201920900051093714,"2018信息管理学院信息管理与信息系统,2018信息管理学院编辑出版学,2018信息管理学院档案学,2018信息管理学院图书馆学",0,仙林校区,2019-2020学年 第2学期,93714,仙Ⅰ-216,0.0,否,,1,48,,0,0,管理学,11,第2节-第4节,仙I区,09000510
48.0,400060,统计学(20192-09000520-1),201920900052092877,,3,,150,1-17周,0,"吴福象,段巍",1-17周 周二 第5节-第7节 逸A-117,3.0,商学院,否,理论类课程,周二,2019-2020-2,,201920900052092877,"2018商学院经济学,2018商学院经济学（产业经济方向）,2018商学院国际经济与贸易",0,仙林校区,2019-2020学年 第2学期,92877,逸A-117,0.0,否,,1,48,,0,0,统计学,15,第5节-第7节,逸夫楼A区,09000520
48.0,400060,统计学(20192-09000520-1),201920900052093353,,3,,117,1-17周,0,蒋彧,1-17周 周五 第5节-第7节 仙Ⅰ-524,3.0,商学院,否,理论类课程,周五,2019-2020-2,,201920900052093353,"2018商学院金融学,2018商学院金融工程,2018商学院保险学",0,仙林校区,2019-2020学年 第2学期,93353,仙Ⅰ-524,0.0,否,,1,48,,0,0,统计学,11,第5节-第7节,仙I区,09000520
48.0,700098,会计学(20192-09000530-1),201920900053093161,,3,,65,1-17周,0,陈冬华,1-17周 周二 第5节-第7节 仙Ⅰ-115,3.0,*经济管理试验班,否,理论类课程,周二,2019-2020-2,,201920900053093161,2019*经济管理试验班*经济管理试验班,0,仙林校区,2019-2020学年 第2学期,93161,仙Ⅰ-115,0.0,否,,1,48,,0,0,会计学,11,第5节-第7节,仙I区,09000530
48.0,700098,会计学(20192-09000530-2),201920900053093162,,3,,57,1-17周,0,李明辉,1-17周 周二 第5节-第7节 仙Ⅰ-204,3.0,*经济管理试验班,否,理论类课程,周二,2019-2020-2,,201920900053093162,2019*经济管理试验班*经济管理试验班,0,仙林校区,2019-2020学年 第2学期,93162,仙Ⅰ-204,0.0,否,,1,48,,0,0,会计学,11,第5节-第7节,仙I区,09000530
48.0,700098,会计学(20192-09000530-3),201920900053093163,,3,,60,1-17周,0,吴振华,1-17周 周二 第5节-第7节 仙Ⅰ-212,3.0,*经济管理试验班,否,理论类课程,周二,2019-2020-2,,201920900053093163,2019*经济管理试验班*经济管理试验班,0,仙林校区,2019-2020学年 第2学期,93163,仙Ⅰ-212,0.0,否,,1,48,,0,0,会计学,11,第5节-第7节,仙I区,09000530
48.0,700098,会计学(20192-09000530-4),201920900053093164,,3,,61,1-17周,0,徐亮,1-17周 周二 第5节-第7节 仙Ⅰ-213,3.0,*经济管理试验班,否,理论类课程,周二,2019-2020-2,,201920900053093164,2019*经济管理试验班*经济管理试验班,0,仙林校区,2019-2020学年 第2学期,93164,仙Ⅰ-213,0.0,否,,1,48,,0,0,会计学,11,第5节-第7节,仙I区,09000530
48.0,700098,会计学(20192-09000530-5),201920900053093165,,3,,59,1-17周,0,郭颖文,1-17周 周二 第5节-第7节 仙Ⅰ-216,3.0,*经济管理试验班,否,理论类课程,周二,2019-2020-2,,201920900053093165,2019*经济管理试验班*经济管理试验班,0,仙林校区,2019-2020学年 第2学期,93165,仙Ⅰ-216,0.0,否,,1,48,,0,0,会计学,11,第5节-第7节,仙I区,09000530
48.0,700098,会计学(20192-09000530-6),201920900053093166,,3,,33,1-17周,0,张沙夫,1-17周 周二 第5节-第7节 仙Ⅰ-321,3.0,*经济管理试验班,否,理论类课程,周二,2019-2020-2,,201920900053093166,2019*经济管理试验班*经济管理试验班,0,仙林校区,2019-2020学年 第2学期,93166,仙Ⅰ-321,0.0,否,,1,48,,0,0,会计学,11,第5节-第7节,仙I区,09000530
48.0,700098,会计学(20192-09000530-7),201920900053093167,,3,,56,1-17周,0,褚剑,1-17周 周二 第5节-第7节 仙Ⅰ-317,3.0,*经济管理试验班,否,理论类课程,周二,2019-2020-2,,201920900053093167,2019*经济管理试验班*经济管理试验班,0,仙林校区,2019-2020学年 第2学期,93167,仙Ⅰ-317,0.0,否,,1,48,,0,0,会计学,11,第5节-第7节,仙I区,09000530
48.0,700098,会计学(20192-09000530-8),201920900053093168,,3,,59,1-17周,0,叶青,1-17周 周二 第5节-第7节 仙Ⅰ-519,3.0,*经济管理试验班,否,理论类课程,周二,2019-2020-2,,201920900053093168,2019*经济管理试验班*经济管理试验班,0,仙林校区,2019-2020学年 第2学期,93168,仙Ⅰ-519,0.0,否,,1,48,,0,0,会计学,11,第5节-第7节,仙I区,09000530
128.0,400060,毕业论文(20192-09000580-1),201920900058092609,,1,,41,1-17周,0,,1-17周 自由时间 - ,8.0,商学院,否,实践类课程,自由时间,2019-2020-2,,201920900058092609,2016商学院工商管理,0,鼓楼校区,2019-2020学年 第2学期,92609,自由地点,0.0,否,,3,0,,256,0,毕业论文,,自由时间,,09000580
128.0,400060,毕业论文(20192-09000580-1),201920900058092610,,1,,58,1-17周,0,路瑶,1-17周 自由时间 - ,8.0,商学院,否,实践类课程,自由时间,2019-2020-2,,201920900058092610,2016商学院经济学,0,鼓楼校区,2019-2020学年 第2学期,92610,自由地点,0.0,否,,3,0,,256,0,毕业论文,,自由时间,,09000580
128.0,400060,毕业论文(20192-09000580-1),201920900058092612,,1,,41,1-17周,0,,1-17周 自由时间 - ,8.0,商学院,否,实践类课程,自由时间,2019-2020-2,,201920900058092612,2016商学院会计学,0,鼓楼校区,2019-2020学年 第2学期,92612,自由地点,0.0,否,,3,0,,256,0,毕业论文,,自由时间,,09000580
128.0,400060,毕业论文(20192-09000580-1),201920900058092613,,1,,40,1-17周,0,,1-17周 自由时间 - ,8.0,商学院,否,实践类课程,自由时间,2019-2020-2,,201920900058092613,2016商学院财务管理,0,鼓楼校区,2019-2020学年 第2学期,92613,自由地点,0.0,否,,3,0,,256,0,毕业论文,,自由时间,,09000580
128.0,400060,毕业论文(20192-09000580-1),201920900058093304,,1,,30,1-17周,0,,1-17周 自由时间 - ,8.0,商学院,否,实践类课程,自由时间,2019-2020-2,,201920900058093304,2016商学院电子商务,0,鼓楼校区,2019-2020学年 第2学期,93304,自由地点,0.0,否,,3,0,,256,0,毕业论文,,自由时间,,09000580
128.0,400060,毕业论文(20192-09000580-1),201920900058093305,,1,,29,1-17周,0,,1-17周 自由时间 - ,8.0,商学院,否,实践类课程,自由时间,2019-2020-2,,201920900058093305,2016商学院市场营销,0,鼓楼校区,2019-2020学年 第2学期,93305,自由地点,0.0,否,,3,0,,256,0,毕业论文,,自由时间,,09000580
128.0,400060,毕业论文(20192-09000580-1),201920900058093306,,1,,26,1-17周,0,,1-17周 自由时间 - ,8.0,商学院,否,实践类课程,自由时间,2019-2020-2,,201920900058093306,2016商学院工商管理（人力资源管理方向）,0,鼓楼校区,2019-2020学年 第2学期,93306,自由地点,0.0,否,,3,0,,256,0,毕业论文,,自由时间,,09000580
128.0,400060,毕业论文(20192-09000580-1),201920900058093348,,1,,58,1-17周,0,,1-17周 自由时间 - ,8.0,商学院,否,实践类课程,自由时间,2019-2020-2,,201920900058093348,2016商学院国际经济与贸易,0,鼓楼校区,2019-2020学年 第2学期,93348,自由地点,0.0,否,,3,0,,256,0,毕业论文,,自由时间,,09000580
128.0,400060,毕业论文(20192-09000580-1),201920900058093364,,1,,0,1-17周,0,,1-17周 自由时间 - 自由地点,8.0,商学院,否,实践类课程,自由时间,2019-2020-2,,201920900058093364,2018商学院金融学,0,鼓楼校区,2019-2020学年 第2学期,93364,自由地点,0.0,否,,3,0,,256,0,毕业论文,188,自由时间,虚拟区域（鼓楼）,09000580
128.0,400060,毕业论文(20192-09000580-1),201920900058093365,,1,,20,1-17周,0,,1-17周 自由时间 - ,8.0,商学院,否,实践类课程,自由时间,2019-2020-2,,201920900058093365,2016商学院保险学,0,鼓楼校区,2019-2020学年 第2学期,93365,自由地点,0.0,否,,3,0,,256,0,毕业论文,,自由时间,,09000580
128.0,400060,毕业论文(20192-09000580-1),201920900058093366,,1,,33,1-17周,0,,1-17周 自由时间 - ,8.0,商学院,否,实践类课程,自由时间,2019-2020-2,,201920900058093366,2016商学院金融工程,0,鼓楼校区,2019-2020学年 第2学期,93366,自由地点,0.0,否,,3,0,,256,0,毕业论文,,自由时间,,09000580
128.0,400060,毕业论文(20192-09000580-1),201920900058093367,,1,,18,1-17周,0,,1-17周 自由时间 - ,8.0,商学院,否,实践类课程,自由时间,2019-2020-2,,201920900058093367,2016商学院经济学（产业经济方向）,0,鼓楼校区,2019-2020学年 第2学期,93367,自由地点,0.0,否,,3,0,,256,0,毕业论文,,自由时间,,09000580
128.0,400060,毕业论文(20192-09000580-1),201920900058093579,,1,,44,1-17周,0,,1-17周 自由时间 - ,8.0,商学院,否,实践类课程,自由时间,2019-2020-2,,201920900058093579,2016商学院金融学,0,鼓楼校区,2019-2020学年 第2学期,93579,自由地点,0.0,否,,3,0,,256,0,毕业论文,,自由时间,,09000580
48.0,400060,货币银行学(20192-09010020-1),201920901002092618,,3,,99,1-17周,0,"周耿,王宇伟",1-17周 周二 第2节-第4节 仙Ⅱ-207,3.0,商学院,否,理论类课程,周二,2019-2020-2,,201920901002092618,"2018商学院工商管理,2018商学院工商管理（人力资源管理方向）,2018商学院市场营销,2018商学院电子商务,2018商学院财务管理,2018商学院会计学",0,仙林校区,2019-2020学年 第2学期,92618,仙Ⅱ-207,0.0,否,,1,48,,0,0,货币银行学,12,第2节-第4节,仙II区,09010020
48.0,400060,资本论导读(20192-09010030-1),201920901003092790,,3,,82,1-17周,0,夏江,1-17周 周五 第5节-第7节 逸B-205,3.0,商学院,否,理论类课程,周五,2019-2020-2,,201920901003092790,"2018商学院经济学,2018商学院经济学（产业经济方向）",0,仙林校区,2019-2020学年 第2学期,92790,逸B-205,0.0,否,,1,48,,0,0,资本论导读,16,第5节-第7节,逸夫楼B区,09010030
48.0,400060,产业经济学(20192-09010060-1),201920901006093346,,3,,11,1-17周,0,张晔,1-17周 周四 第2节-第4节 逸B-302,3.0,商学院,否,理论类课程,周四,2019-2020-2,,201920901006093346,2017商学院国际经济与贸易,0,仙林校区,2019-2020学年 第2学期,93346,逸B-302,0.0,否,,1,48,,0,0,产业经济学,16,第2节-第4节,逸夫楼B区,09010060
32.0,400060,数理经济学(20192-09010200-1),201920901020092882,,3,,52,1-17周,0,李晓春,1-17周 周五 第3节-第4节 逸B-304,2.0,商学院,否,理论类课程,周五,2019-2020-2,,201920901020092882,"2018商学院经济学,2018商学院国际经济与贸易",0,仙林校区,2019-2020学年 第2学期,92882,逸B-304,0.0,否,,1,32,,0,0,数理经济学,16,第3节-第4节,逸夫楼B区,09010200
32.0,400060,发展经济学(20192-09010220-1),201920901022092906,,3,,62,1-17周,0,邵昱琛,1-17周 周五 第5节-第6节 逸B-303,2.0,商学院,否,理论类课程,周五,2019-2020-2,,201920901022092906,2018商学院国际经济与贸易,0,仙林校区,2019-2020学年 第2学期,92906,逸B-303,0.0,否,,1,32,,0,0,发展经济学,16,第5节-第6节,逸夫楼B区,09010220
48.0,400060,中级微观经济学(20192-09010240-1),201920901024092879,,3,,126,1-17周,0,"吴福象,王宇",1-17周 周一 第5节-第7节 仙Ⅰ-109,3.0,商学院,否,理论类课程,周一,2019-2020-2,,201920901024092879,"2018商学院经济学,2018商学院经济学（产业经济方向）,2018商学院国际经济与贸易",0,仙林校区,2019-2020学年 第2学期,92879,仙Ⅰ-109,0.0,否,,1,48,,0,0,中级微观经济学,11,第5节-第7节,仙I区,09010240
48.0,400060,中级微观经济学(20192-09010240-1),201920901024093357,,3,,72,1-17周,0,"巫强,皮建才",1-17周 周二 第2节-第4节 逸B-405,3.0,商学院,否,理论类课程,周二,2019-2020-2,,201920901024093357,"2017商学院金融学,2017商学院金融工程,2017商学院保险学",0,仙林校区,2019-2020学年 第2学期,93357,逸B-405,0.0,否,,1,48,,0,0,中级微观经济学,16,第2节-第4节,逸夫楼B区,09010240
32.0,400060,经济学前沿(20192-09010250-1),201920901025092895,,3,,44,1-17周,0,"金刚,耿强,赵华,安同良,魏守华,王宇伟,周耿,武志伟,葛扬,皮建才,郑东雅,卢翠翠,王宇,姜舸,孙宁华,贾鹏飞",1-17周 周四 第3节-第4节 逸B-306,2.0,商学院,否,理论+实践课程,周四,2019-2020-2,,201920901025092895,2017商学院经济学,0,仙林校区,2019-2020学年 第2学期,92895,逸B-306,2.0,否,,5,26,,4,0,经济学前沿：文献阅读与论文写作,16,第3节-第4节,逸夫楼B区,09010250
32.0,400060,投资项目评估(20192-09010270I-1),2019209010270I92889,,3,,20,1-17周,0,李晓蓉,1-17周 周四 第5节-第6节 逸B-302,2.0,商学院,否,理论+实践课程,周四,2019-2020-2,,2019209010270I92889,"2017商学院经济学,2017商学院经济学（产业经济方向）,2017商学院国际经济与贸易",0,仙林校区,2019-2020学年 第2学期,92889,逸B-302,0.0,否,,5,26,,6,0,投资项目评估,16,第5节-第6节,逸夫楼B区,09010270I
48.0,400060,中级宏观经济学(20192-09010280-1),201920901028092881,,3,,72,1-17周,0,李剑,1-17周 周三 第2节-第4节 逸B-313,3.0,商学院,否,理论类课程,周三,2019-2020-2,,201920901028092881,"2018商学院经济学,2018商学院国际经济与贸易",0,仙林校区,2019-2020学年 第2学期,92881,逸B-313,0.0,否,,1,48,,0,0,中级宏观经济学,16,第2节-第4节,逸夫楼B区,09010280
48.0,400060,中级宏观经济学(20192-09010280-1),201920901028093352,,3,,145,1-17周,0,耿强,1-17周 周一 第2节-第4节 仙Ⅰ-109,3.0,商学院,否,理论类课程,周一,2019-2020-2,,201920901028093352,"2018商学院金融学,2018商学院经济学（产业经济方向）,2018商学院金融工程,2018商学院保险学",0,仙林校区,2019-2020学年 第2学期,93352,仙Ⅰ-109,0.0,否,,1,48,,0,0,中级宏观经济学,11,第2节-第4节,仙I区,09010280
32.0,400060,中央银行学(20192-09010300-1),201920901030092611,,3,,11,1-17周,0,贾鹏飞,1-17周 周三 第5节-第6节 逸B-301,2.0,商学院,否,理论类课程,周三,2019-2020-2,,201920901030092611,2017商学院经济学,0,仙林校区,2019-2020学年 第2学期,92611,逸B-301,0.0,否,,1,32,,0,0,中央银行学,16,第5节-第6节,逸夫楼B区,09010300
32.0,400060,资本市场与金融机构的风险管理(20192-09010350-1),201920901035092894,,3,,11,1-17周,0,曹勇,1-17周 周二 第3节-第4节 逸B-302,2.0,商学院,否,理论类课程,周二,2019-2020-2,,201920901035092894,2017商学院经济学,0,仙林校区,2019-2020学年 第2学期,92894,逸B-302,0.0,否,,1,32,,0,0,资本市场与金融机构的风险管理,16,第3节-第4节,逸夫楼B区,09010350
32.0,400060,文化产业商业模式与运作(20192-09010430-1),201920901043093368,,3,,15,1-17周,0,顾江,1-17周 周一 第9节-第10节 逸B-209,2.0,商学院,否,理论+实践课程,周一,2019-2020-2,,201920901043093368,2018商学院经济学（产业经济方向）,0,仙林校区,2019-2020学年 第2学期,93368,逸B-209,0.0,否,,5,30,,2,0,文化产业商业模式与运作,16,第9节-第10节,逸夫楼B区,09010430
48.0,400060,中级计量经济学(20192-09010470-1),201920901047092896,,3,,21,1-17周,0,徐小聪,1-17周 周一 第5节-第7节 ,3.0,商学院,否,理论+实践课程,周一,2019-2020-2,,201920901047092896,2017商学院经济学,0,仙林校区,2019-2020学年 第2学期,92896,逸B-302,0.0,否,,5,36,,12,0,中级计量经济学,,第5节-第7节,,09010470
48.0,400060,中级计量经济学(20192-09010470-1),201920901047093486,,3,,7,1-17周,0,徐小聪,1-17周 周一 第5节-第7节 逸B-302,3.0,商学院,否,理论+实践课程,周一,2019-2020-2,,201920901047093486,2017商学院国际经济与贸易,0,仙林校区,2019-2020学年 第2学期,93486,逸B-302,0.0,否,,5,36,,12,0,中级计量经济学,16,第5节-第7节,逸夫楼B区,09010470
32.0,400060,房地产金融(20192-09010480-1),201920901048092892,,3,,31,1-17周,0,"高波,王宇",1-17周 周五 第3节-第4节 逸B-301,2.0,商学院,否,理论类课程,周五,2019-2020-2,,201920901048092892,"2017商学院经济学,2017商学院经济学（产业经济方向）",0,仙林校区,2019-2020学年 第2学期,92892,逸B-301,0.0,否,,1,32,,0,0,房地产金融,16,第3节-第4节,逸夫楼B区,09010480
48.0,400060,新制度经济学(20192-09010500-1),201920901050092878,,3,,0,,0,,,3.0,商学院,否,理论类课程,,2019-2020-2,,201920901050092878,,0,仙林校区,2019-2020学年 第2学期,92878,,0.0,否,,1,48,,0,0,新制度经济学,,,,09010500
48.0,400060,行为经济学(20192-09010580-1),201920901058093484,,3,,14,1-17周,0,卢云峰,1-17周 周二 第5节-第7节 逸B-301,3.0,商学院,否,理论类课程,周二,2019-2020-2,,201920901058093484,"2017商学院经济学,2017商学院经济学（产业经济方向）",0,仙林校区,2019-2020学年 第2学期,93484,逸B-301,0.0,否,,1,48,,0,0,行为经济学,16,第5节-第7节,逸夫楼B区,09010580
32.0,400060,世贸组织概论(20192-09020170-1),201920902017093229,,3,,12,1-17周,0,张雨,1-17周 周五 第3节-第4节 逸B-302,2.0,商学院,否,理论类课程,周五,2019-2020-2,,201920902017093229,2017商学院国际经济与贸易,0,仙林校区,2019-2020学年 第2学期,93229,逸B-302,0.0,否,,1,32,,0,0,世贸组织概论,16,第3节-第4节,逸夫楼B区,09020170
32.0,400060,国际贸易理论政策前沿(20192-09020200I-1),2019209020200I93345,,3,,8,2-17周,0,孟宁,2-17周 周五 第5节-第6节 逸B-302,2.0,商学院,否,理论类课程,周五,2019-2020-2,,2019209020200I93345,2017商学院国际经济与贸易,0,仙林校区,2019-2020学年 第2学期,93345,逸B-302,0.0,否,,1,32,,0,0,国际贸易理论政策前沿,16,第5节-第6节,逸夫楼B区,09020200I
32.0,400060,跨国公司经营管理(20192-09020230-1),201920902023092905,,3,,18,1-17周,0,柴忠东,1-17周 周五 第7节-第8节 逸B-303,2.0,商学院,否,理论类课程,周五,2019-2020-2,,201920902023092905,2018商学院国际经济与贸易,0,仙林校区,2019-2020学年 第2学期,92905,逸B-303,0.0,否,,1,32,,0,0,跨国公司经营管理,16,第7节-第8节,逸夫楼B区,09020230
48.0,400060,商事法(20192-09020300-1),201920902030093344,,3,,50,1-17周,0,"吴建斌,吴兰德",1-17周 周二 第5节-第7节 逸C-115,3.0,商学院,否,理论类课程,周二,2019-2020-2,,201920902030093344,2017商学院国际经济与贸易,0,仙林校区,2019-2020学年 第2学期,93344,逸C-115,0.0,否,,1,48,,0,0,商事法,17,第5节-第7节,逸夫楼C区,09020300
32.0,400060,贸易与环境(20192-09020320-1),201920902032093347,,3,,11,1-17周,0,万瑞,1-17周 周五 第1节-第2节 逸B-302,2.0,商学院,否,理论类课程,周五,2019-2020-2,,201920902032093347,2017商学院国际经济与贸易,0,仙林校区,2019-2020学年 第2学期,93347,逸B-302,0.0,否,,1,32,,0,0,贸易与环境,16,第1节-第2节,逸夫楼B区,09020320
48.0,400060,统计学(20192-09030020-1),201920903002092614,,3,,85,14-17周,0,耿修林,14-17周 周五 第5节-第7节 逸B-405,3.0,商学院,否,理论类课程,周五,2019-2020-2,,201920903002092614,"2018商学院工商管理,2018商学院工商管理（人力资源管理方向）,2018商学院会计学",0,仙林校区,2019-2020学年 第2学期,92614,逸B-405,0.0,否,,1,48,,0,0,统计学,16,第5节-第7节,逸夫楼B区,09030020
48.0,400060,统计学(20192-09030020-1),201920903002092629,,3,,90,1-17周,0,宋哲,1-17周 周四 第2节-第4节 逸B-405,3.0,商学院,否,理论类课程,周四,2019-2020-2,,201920903002092629,"2018商学院财务管理,2018商学院市场营销,2018商学院电子商务",0,仙林校区,2019-2020学年 第2学期,92629,逸B-405,0.0,否,,1,48,,0,0,统计学,16,第2节-第4节,逸夫楼B区,09030020
32.0,400060,管理咨询(20192-09030280-1),201920903028093126,,3,,5,14-17周,0,成志明,14-17周 周五 第3节-第4节 逸B-111,2.0,商学院,否,理论类课程,周五,2019-2020-2,,201920903028093126,2017商学院工商管理,0,仙林校区,2019-2020学年 第2学期,93126,逸B-111,0.0,否,,1,32,,0,0,管理咨询,16,第3节-第4节,逸夫楼B区,09030280
32.0,400060,数字时代的管理(20192-09030500-1),201920903050093257,,3,,11,1-17周,0,鲁倩,1-17周 周四 第5节-第6节 逸B-111,2.0,商学院,否,理论类课程,周四,2019-2020-2,,201920903050093257,"2017商学院工商管理,2017商学院工商管理（人力资源管理方向）",0,仙林校区,2019-2020学年 第2学期,93257,逸B-111,0.0,否,,1,32,,0,0,数字时代的管理,16,第5节-第6节,逸夫楼B区,09030500
32.0,400060,管理冲突与沟通(20192-09030520-1),201920903052092615,,3,,37,1-17周,0,施丽芳,1-17周 周四 第5节-第6节 逸B-305,2.0,商学院,否,理论类课程,周四,2019-2020-2,,201920903052092615,"2018商学院工商管理,2018商学院工商管理（人力资源管理方向）",0,仙林校区,2019-2020学年 第2学期,92615,逸B-305,0.0,否,,1,32,,0,0,管理冲突与沟通,16,第5节-第6节,逸夫楼B区,09030520
48.0,400060,公司运营(20192-09030540-1),201920903054092617,,3,,42,2-17周,0,"刘春林,徐小林",2-17周 周一 第2节-第4节 逸B-304,3.0,商学院,否,理论类课程,周一,2019-2020-2,,201920903054092617,"2018商学院工商管理,2018商学院工商管理（人力资源管理方向）",0,仙林校区,2019-2020学年 第2学期,92617,逸B-304,0.0,否,,1,48,,0,0,公司运营,16,第2节-第4节,逸夫楼B区,09030540
32.0,400060,商业模式创新(20192-09030550-1),201920903055092616,,3,,38,2-12周,0,张文红,2-12周 周一 第5节-第7节 逸B-306,2.0,商学院,否,理论类课程,周一,2019-2020-2,,201920903055092616,"2018商学院工商管理,2018商学院工商管理（人力资源管理方向）",0,仙林校区,2019-2020学年 第2学期,92616,逸B-306,0.0,否,,1,32,,0,0,商业模式创新,16,第5节-第7节,逸夫楼B区,09030550
32.0,400060,金融投资与风险管理(20192-09030560-1),201920903056093124,,3,,17,1-17周,0,汪丽,1-17周 周一 第3节-第4节 逸B-111,2.0,商学院,否,理论类课程,周一,2019-2020-2,,201920903056093124,2017商学院工商管理,0,仙林校区,2019-2020学年 第2学期,93124,逸B-111,0.0,否,,1,32,,0,0,金融投资与风险管理,16,第3节-第4节,逸夫楼B区,09030560
32.0,400060,国际企业管理(20192-09030570-1),201920903057093127,,3,,34,1-17周,0,钱海燕,1-17周 周二 第3节-第4节 逸B-111,2.0,商学院,否,理论类课程,周二,2019-2020-2,,201920903057093127,"2017商学院工商管理,2017商学院工商管理（人力资源管理方向）",0,仙林校区,2019-2020学年 第2学期,93127,逸B-111,0.0,否,,1,32,,0,0,国际企业管理,16,第3节-第4节,逸夫楼B区,09030570
32.0,700098,商科职业路径探索与选择(20192-09030580-1),201920903058092789,,3,,38,1-17周,0,"温馨,陆雁翎,罗洁",1-17周 周五 第3节-第4节 仙Ⅱ-102,2.0,*经济管理试验班,否,理论类课程,周五,2019-2020-2,,201920903058092789,2019*经济管理试验班*经济管理试验班,0,仙林校区,2019-2020学年 第2学期,92789,仙Ⅱ-102,0.0,否,,1,32,,0,0,商科职业路径探索与选择,12,第3节-第4节,仙II区,09030580
32.0,400060,战略领导(20192-09030590-1),201920903059093128,,3,,8,1-17周,0,万国光,1-17周 周三 第3节-第4节 逸B-210,2.0,商学院,否,理论类课程,周三,2019-2020-2,,201920903059093128,2017商学院工商管理,0,仙林校区,2019-2020学年 第2学期,93128,逸B-210,0.0,否,,1,32,,0,0,战略领导,16,第3节-第4节,逸夫楼B区,09030590
32.0,400060,管理学前沿理论(20192-09030600-1),201920903060093123,,3,,18,1-17周,0,唐滨琪,1-17周 周四 第3节-第4节 逸B-111,2.0,商学院,否,理论类课程,周四,2019-2020-2,,201920903060093123,2017商学院工商管理,0,仙林校区,2019-2020学年 第2学期,93123,逸B-111,0.0,否,,1,32,,0,0,管理学前沿理论,16,第3节-第4节,逸夫楼B区,09030600
32.0,400060,管理学研究工具(20192-09030610-1),201920903061093248,,3,,13,1-17周,0,龙政华,1-17周 周二 第5节-第6节 逸B-210,2.0,商学院,否,理论类课程,周二,2019-2020-2,,201920903061093248,2017商学院工商管理,0,仙林校区,2019-2020学年 第2学期,93248,逸B-210,0.0,否,,1,32,,0,0,管理学研究工具,16,第5节-第6节,逸夫楼B区,09030610
16.0,400060,创业理论与实践(20192-09030620-1),201920903062093259,,3,,0,,0,,,1.0,商学院,否,理论类课程,,2019-2020-2,,201920903062093259,,0,仙林校区,2019-2020学年 第2学期,93259,,0.0,否,,1,16,,0,0,创业理论与实践,,,,09030620
32.0,400060,财务报表分析(20192-09050110-1),201920905011092625,,3,,16,2-17周,0,薛婧,2-17周 周四 第5节-第6节 逸B-306,2.0,商学院,否,理论类课程,周四,2019-2020-2,,201920905011092625,2018商学院会计学,0,仙林校区,2019-2020学年 第2学期,92625,逸B-306,0.0,否,,1,32,,0,0,财务报表分析,16,第5节-第6节,逸夫楼B区,09050110
32.0,400060,财务报表分析(20192-09050110-1),201920905011092627,,3,,73,1-17周,0,黄志忠,1-17周 周二 第5节-第6节 逸B-405,2.0,商学院,否,理论类课程,周二,2019-2020-2,,201920905011092627,2018商学院财务管理,0,仙林校区,2019-2020学年 第2学期,92627,逸B-405,0.0,否,,1,32,,0,0,财务报表分析,16,第5节-第6节,逸夫楼B区,09050110
32.0,400060,财务会计原理(20192-09050320I-1),2019209050320I93534,,3,,5,1-17周,0,薛清梅,1-17周 周二 第3节-第4节 逸B-303,2.0,商学院,否,理论类课程,周二,2019-2020-2,,2019209050320I93534,2018商学院会计学,0,仙林校区,2019-2020学年 第2学期,93534,逸B-303,0.0,否,,1,32,,0,0,财务会计原理,16,第3节-第4节,逸夫楼B区,09050320I
32.0,400060,财务会计(20192-09050350-1),201920905035092628,,3,,76,1-17周,0,陈丽花,1-17周 周三 第3节-第4节 逸B-305,2.0,商学院,否,理论类课程,周三,2019-2020-2,,201920905035092628,2018商学院财务管理,0,仙林校区,2019-2020学年 第2学期,92628,逸B-305,0.0,否,,1,32,,0,0,财务会计,16,第3节-第4节,逸夫楼B区,09050350
16.0,400060,税收学(20192-09050370-1),201920905037092624,,3,,38,1-8周,0,"吕伟,陈丽花",1-8周 周一 第5节-第6节 逸B-312,1.0,商学院,否,理论类课程,周一,2019-2020-2,,201920905037092624,2018商学院会计学,0,仙林校区,2019-2020学年 第2学期,92624,逸B-312,0.0,否,,1,16,,0,0,税收学,16,第5节-第6节,逸夫楼B区,09050370
16.0,400060,税收学(20192-09050370-1),201920905037092626,,3,,60,1-8周,0,"吕伟,陈丽花",1-8周 周一 第7节-第8节 逸B-305,1.0,商学院,否,理论类课程,周一,2019-2020-2,,201920905037092626,2018商学院财务管理,0,仙林校区,2019-2020学年 第2学期,92626,逸B-305,0.0,否,,1,16,,0,0,税收学,16,第7节-第8节,逸夫楼B区,09050370
32.0,400060,投资学(20192-09050380-1),201920905038093267,,3,,24,2-17周,0,杨昊峄,2-17周 周二 第5节-第6节 逸B-303,2.0,商学院,否,理论类课程,周二,2019-2020-2,,201920905038093267,2017商学院会计学,0,仙林校区,2019-2020学年 第2学期,93267,逸B-303,0.0,否,,1,32,,0,0,投资学,16,第5节-第6节,逸夫楼B区,09050380
32.0,400060,投资学(20192-09050380-1),201920905038093277,,3,,65,2-17周,0,林树,2-17周 周一 第5节-第6节 逸B-507,2.0,商学院,否,理论类课程,周一,2019-2020-2,,201920905038093277,2017商学院财务管理,0,仙林校区,2019-2020学年 第2学期,93277,逸B-507,0.0,否,,1,32,,0,0,投资学,16,第5节-第6节,逸夫楼B区,09050380
32.0,400060,高级财务管理(20192-09050390-1),201920905039093270,,3,,96,1-17周,0,"林树,熊焰韧,李翔,杨雄胜",1-17周 周三 第3节-第4节 逸B-105,2.0,商学院,否,理论类课程,周三,2019-2020-2,,201920905039093270,"2017商学院会计学,2017商学院财务管理",0,仙林校区,2019-2020学年 第2学期,93270,逸B-105,0.0,否,,1,32,,0,0,高级财务管理,16,第3节-第4节,逸夫楼B区,09050390
32.0,400060,审计学(20192-09050410-1),201920905041093265,,3,,49,1-17周,0,王兵,1-17周 周四 第3节-第4节 逸B-303,2.0,商学院,否,理论类课程,周四,2019-2020-2,,201920905041093265,2017商学院会计学,0,仙林校区,2019-2020学年 第2学期,93265,逸B-303,0.0,否,,1,32,,0,0,审计学,16,第3节-第4节,逸夫楼B区,09050410
32.0,400060,成本会计(20192-09050420-1),201920905042092621,,3,,40,1-17周,0,苏文兵,1-17周 周一 第1节-第2节 逸B-312,2.0,商学院,否,理论类课程,周一,2019-2020-2,,201920905042092621,2018商学院会计学,0,仙林校区,2019-2020学年 第2学期,92621,逸B-312,0.0,否,,1,32,,0,0,成本会计,16,第1节-第2节,逸夫楼B区,09050420
32.0,400060,成本会计(20192-09050420-1),201920905042092630,,3,,19,1-17周,0,苏文兵,1-17周 周一 第3节-第4节 逸B-507,2.0,商学院,否,理论类课程,周一,2019-2020-2,,201920905042092630,2018商学院财务管理,0,仙林校区,2019-2020学年 第2学期,92630,逸B-507,0.0,否,,1,32,,0,0,成本会计,16,第3节-第4节,逸夫楼B区,09050420
32.0,400060,审计学（双语）(20192-09050460-1),201920905046093272,,3,,62,1-17周,0,张娟,1-17周 周二 第5节-第6节 逸B-507,2.0,商学院,否,理论类课程,周二,2019-2020-2,,201920905046093272,2017商学院财务管理,0,仙林校区,2019-2020学年 第2学期,93272,逸B-507,0.0,否,,1,32,,0,0,审计学（双语）,16,第5节-第6节,逸夫楼B区,09050460
32.0,400060,财务会计（英语）(20192-09050470-1),201920905047092623,,3,,36,1-17周,0,薛清梅,1-17周 周二 第5节-第6节 逸B-302,2.0,商学院,否,理论类课程,周二,2019-2020-2,,201920905047092623,2018商学院会计学,0,仙林校区,2019-2020学年 第2学期,92623,逸B-302,0.0,否,,1,32,,0,0,财务会计（英语）,16,第5节-第6节,逸夫楼B区,09050470
48.0,400060,金融工程学(20192-09060060-1),201920906006093360,,3,,61,1-17周,0,林辉,1-17周 周一 第5节-第7节 逸B-304,3.0,商学院,否,理论类课程,周一,2019-2020-2,,201920906006093360,"2017商学院金融学,2017商学院金融工程,2017商学院保险学",0,仙林校区,2019-2020学年 第2学期,93360,逸B-304,0.0,否,,1,48,,0,0,金融工程学,16,第5节-第7节,逸夫楼B区,09060060
48.0,400060,金融数学(20192-09060070-1),201920906007093361,,3,,19,1-17周,0,方先明,1-17周 周四 第5节-第7节 逸B-304,3.0,商学院,否,理论类课程,周四,2019-2020-2,,201920906007093361,"2017商学院金融学,2017商学院金融工程,2017商学院保险学",0,仙林校区,2019-2020学年 第2学期,93361,逸B-304,0.0,否,,1,48,,0,0,金融数学,16,第5节-第7节,逸夫楼B区,09060070
48.0,400060,公司金融学(20192-09060080-1),201920906008093355,,3,,111,"1-17周,1-17周(单)",0,王长江,"1-17周 周二 第1节-第2节 逸B-205,1-17周(单) 周四 第1节-第2节 逸B-207",3.0,商学院,否,理论+实践课程,"周二,周四",2019-2020-2,,201920906008093355,"2018商学院金融学,2018商学院金融工程,2018商学院保险学",0,仙林校区,2019-2020学年 第2学期,93355,"逸B-205,逸B-207",0.0,否,,5,40,,8,0,公司金融学,16,"第1节-第2节,第1节-第2节",逸夫楼B区,09060080
48.0,400060,金融时间序列(20192-09060100-1),201920906010093362,,3,,34,1-17周,0,张涤新,1-17周 周二 第5节-第7节 逸B-312,3.0,商学院,否,理论类课程,周二,2019-2020-2,,201920906010093362,"2017商学院金融学,2017商学院金融工程,2017商学院保险学",0,仙林校区,2019-2020学年 第2学期,93362,逸B-312,0.0,否,,1,48,,0,0,金融时间序列,16,第5节-第7节,逸夫楼B区,09060100
32.0,400060,金融英语(20192-09060210-1),201920906021093363,,3,,18,1-17周,0,王彦一,1-17周 周五 第9节-第10节 逸B-304,2.0,商学院,否,理论+实践课程,周五,2019-2020-2,,201920906021093363,"2017商学院金融学,2017商学院金融工程,2017商学院保险学",0,仙林校区,2019-2020学年 第2学期,93363,逸B-304,0.0,否,,5,25,,7,0,金融英语,16,第9节-第10节,逸夫楼B区,09060210
48.0,400060,金融伦理学(20192-09060230-1),201920906023093359,,3,,67,1-17周,0,赵薇,1-17周 周五 第2节-第4节 逸B-312,3.0,商学院,否,理论类课程,周五,2019-2020-2,,201920906023093359,"2017商学院金融学,2017商学院金融工程,2017商学院保险学",0,仙林校区,2019-2020学年 第2学期,93359,逸B-312,0.0,否,,1,32,,0,0,金融伦理学,16,第2节-第4节,逸夫楼B区,09060230
48.0,400060,寿险理论与实务(20192-09060330-1),201920906033093349,,3,,30,1-17周,0,袁成,1-17周 周一 第5节-第7节 逸B-303,3.0,商学院,否,理论+实践课程,周一,2019-2020-2,,201920906033093349,"2018商学院金融学,2018商学院金融工程,2018商学院保险学",0,仙林校区,2019-2020学年 第2学期,93349,逸B-303,0.0,否,,5,36,,12,0,寿险理论与实务,16,第5节-第7节,逸夫楼B区,09060330
48.0,400060,产险理论与实务(20192-09060340-1),201920906034093351,,3,,31,1-17周,0,杨波,1-17周 周四 第5节-第7节 逸B-303,3.0,商学院,否,理论+实践课程,周四,2019-2020-2,,201920906034093351,"2018商学院金融学,2018商学院金融工程,2018商学院保险学",0,仙林校区,2019-2020学年 第2学期,93351,逸B-303,0.0,否,,5,32,,16,0,产险理论与实务,16,第5节-第7节,逸夫楼B区,09060340
32.0,400060,固定收益证券(20192-09060410I-1),2019209060410I93358,,3,,42,2-17周,0,杨念,2-17周 周五 第5节-第7节 逸B-304,3.0,商学院,否,理论类课程,周五,2019-2020-2,,2019209060410I93358,"2017商学院金融学,2017商学院金融工程,2017商学院保险学",0,仙林校区,2019-2020学年 第2学期,93358,逸B-304,0.0,否,,1,48,,0,0,固定收益证券,16,第5节-第7节,逸夫楼B区,09060410I
48.0,400060,保险精算(20192-09060510-1),201920906051093354,,3,,41,1-17周,0,孙武军,1-17周 周三 第2节-第4节 逸B-304,3.0,商学院,否,理论类课程,周三,2019-2020-2,,201920906051093354,"2018商学院金融学,2018商学院金融工程,2018商学院保险学",0,仙林校区,2019-2020学年 第2学期,93354,逸B-304,0.0,否,,1,48,,0,0,保险精算,16,第2节-第4节,逸夫楼B区,09060510
32.0,400060,金融实证研究方法(20192-09060550-1),201920906055093356,,3,,29,1-17周,0,吴见彬,1-17周 周三 第5节-第6节 逸B-303,2.0,商学院,否,理论类课程,周三,2019-2020-2,,201920906055093356,"2018商学院金融学,2018商学院金融工程,2018商学院保险学",0,仙林校区,2019-2020学年 第2学期,93356,逸B-303,0.0,否,,1,32,,0,0,金融实证研究方法,16,第5节-第6节,逸夫楼B区,09060550
32.0,400060,IT项目管理(20192-09070080-1),201920907008093279,,3,,9,1-17周,0,王翔,1-17周 周四 第3节-第4节 逸C-104,2.0,商学院,否,理论类课程,周四,2019-2020-2,,201920907008093279,2017商学院电子商务,0,仙林校区,2019-2020学年 第2学期,93279,逸C-104,0.0,否,,1,32,,0,0,数智化项目管理,17,第3节-第4节,逸夫楼C区,09070080
32.0,400060,管理信息系统(双语）(20192-09070340-1),201920907034093292,,3,,0,,0,,,2.0,商学院,否,理论+实践课程,,2019-2020-2,,201920907034093292,,0,仙林校区,2019-2020学年 第2学期,93292,,0.0,否,,5,30,,2,0,管理信息系统(双语）,,,,09070340
48.0,400060,互联网运营(20192-09070350-1),201920907035093102,,3,,17,1-17周,0,宋培建,1-17周 周三 第2节-第4节 逸B-401,3.0,商学院,否,理论类课程,周三,2019-2020-2,,201920907035093102,2018商学院电子商务,0,仙林校区,2019-2020学年 第2学期,93102,逸B-401,0.0,否,,1,48,,0,0,互联网运营,16,第2节-第4节,逸夫楼B区,09070350
32.0,400060,电子商务供应链管理(20192-09070360-1),201920907036093294,,3,,10,1-17周,0,郑称德,1-17周 周一 第3节-第4节 逸C-306,2.0,商学院,否,理论类课程,周一,2019-2020-2,,201920907036093294,2017商学院电子商务,0,仙林校区,2019-2020学年 第2学期,93294,逸C-306,0.0,否,,1,32,,0,0,智慧供应链管理,17,第3节-第4节,逸夫楼C区,09070360
48.0,400060,平台设计与运营(20192-09070370-1),201920907037093107,,3,,9,2-17周,0,陈曦,2-17周 周四 第5节-第7节 ,3.0,商学院,否,理论类课程,周四,2019-2020-2,,201920907037093107,2017商学院电子商务,0,仙林校区,2019-2020学年 第2学期,93107,逸B-408,0.0,否,,1,48,,0,0,平台设计与运营,,第5节-第7节,,09070370
48.0,400060,数据库技术及应用(20192-09070390-1),201920907039093104,,3,,26,1-17周,0,李小琳,1-17周 周一 第2节-第4节 逸B-401,3.0,商学院,否,理论类课程,周一,2019-2020-2,,201920907039093104,"2018商学院电子商务,2018商学院市场营销",0,仙林校区,2019-2020学年 第2学期,93104,逸B-401,0.0,否,,1,48,,0,0,数据库技术及应用,16,第2节-第4节,逸夫楼B区,09070390
32.0,400060,网络营销与CRM(20192-09070400-1),201920907040093100,,3,,10,1-17周,0,黄健雄,1-17周 周一 第5节-第6节 逸B-401,2.0,商学院,否,理论类课程,周一,2019-2020-2,,201920907040093100,2018商学院电子商务,0,仙林校区,2019-2020学年 第2学期,93100,逸B-401,0.0,否,,1,32,,0,0,网络营销与CRM,16,第5节-第6节,逸夫楼B区,09070400
32.0,400060,新零售与新商业模式(20192-09070440-1),201920907044093297,,3,,6,5-17周,0,李靖,5-17周 周一 第5节-第6节 逸C-306,2.0,商学院,否,理论类课程,周一,2019-2020-2,,201920907044093297,"2017商学院电子商务,2017商学院市场营销",0,仙林校区,2019-2020学年 第2学期,93297,逸C-306,0.0,否,,1,32,,0,0,新零售与新商业模式,17,第5节-第6节,逸夫楼C区,09070440
32.0,400060,商业文本挖掘(20192-09070450-1),201920907045093291,,3,,14,2-17周,0,杜前舟,2-17周 周二 第5节-第6节 ,2.0,商学院,否,理论类课程,周二,2019-2020-2,,201920907045093291,"2017商学院电子商务,2017商学院市场营销",0,仙林校区,2019-2020学年 第2学期,93291,逸B-408,0.0,否,,1,36,,0,0,商业文本挖掘,,第5节-第6节,,09070450
32.0,400060,销售管理(20192-09080090-1),201920908009093299,,3,,17,1-17周,0,"陶向南,戴万稳",1-17周 周五 第3节-第4节 逸C-402,2.0,商学院,否,理论类课程,周五,2019-2020-2,,201920908009093299,2017商学院市场营销,0,仙林校区,2019-2020学年 第2学期,93299,逸C-402,0.0,否,,1,32,,0,0,销售管理,17,第3节-第4节,逸夫楼C区,09080090
32.0,400060,品牌管理(20192-09080100-1),201920908010093303,,3,,24,1-17周,0,何健,1-17周 周四 第5节-第6节 逸C-402,2.0,商学院,否,理论+实践课程,周四,2019-2020-2,,201920908010093303,2017商学院市场营销,0,仙林校区,2019-2020学年 第2学期,93303,逸C-402,0.0,否,,5,29,,3,0,品牌管理,17,第5节-第6节,逸夫楼C区,09080100
48.0,400060,市场营销调研(20192-09080130-1),201920908013093113,,3,,31,"3-17周,1-17周,1-2周",0,董伊人,"1-2周 周四 第5节-第5节 逸B-401,1-17周 周四 第6节-第7节 逸B-401,3-17周 周四 第5节-第5节 ",3.0,商学院,否,理论+实验课程,"周四,周四,周四",2019-2020-2,,201920908013093113,2018商学院市场营销,0,仙林校区,2019-2020学年 第2学期,93113,"逸B-407,逸B-401,逸B-401",10.0,否,,6,38,,0,0,市场营销调研,16,"第5节-第5节,第6节-第7节,第5节-第5节",逸夫楼B区,09080130
48.0,400060,消费者行为学(20192-09080150-1),201920908015093117,,3,,28,1-17周,0,黄韫慧,1-17周 周二 第5节-第7节 逸C-402,3.0,商学院,否,理论类课程,周二,2019-2020-2,,201920908015093117,2018商学院市场营销,0,仙林校区,2019-2020学年 第2学期,93117,逸C-402,0.0,否,,1,48,,0,0,消费者行为学,17,第5节-第7节,逸夫楼C区,09080150
32.0,400060,网络营销(20192-09080190-1),201920908019093120,,3,,22,1-17周,0,初星宇,1-17周 周五 第5节-第6节 逸C-402,2.0,商学院,否,理论类课程,周五,2019-2020-2,,201920908019093120,2018商学院市场营销,0,仙林校区,2019-2020学年 第2学期,93120,逸C-402,0.0,否,,1,32,,0,0,网络营销,17,第5节-第6节,逸夫楼C区,09080190
32.0,400060,精准营销分析(20192-09080260-1),201920908026093302,,3,,12,1-17周,0,姜正瑞,1-17周 周二 第3节-第4节 逸C-402,2.0,商学院,否,理论类课程,周二,2019-2020-2,,201920908026093302,"2017商学院电子商务,2017商学院市场营销",0,仙林校区,2019-2020学年 第2学期,93302,逸C-402,0.0,否,,1,32,,0,0,精准营销分析,17,第3节-第4节,逸夫楼C区,09080260
32.0,400060,组织设计与工作分析(20192-09090050-1),201920909005092620,,3,,0,,0,,,2.0,商学院,否,理论类课程,,2019-2020-2,,201920909005092620,,0,仙林校区,2019-2020学年 第2学期,92620,,0.0,否,,1,32,,0,0,组织设计与工作分析,,,,09090050
32.0,400060,组织管理(20192-09090110-1),201920909011092619,,3,,14,1-17周,0,成善泠,1-17周 周二 第5节-第6节 逸B-304,2.0,商学院,否,理论类课程,周二,2019-2020-2,,201920909011092619,"2018商学院工商管理,2018商学院工商管理（人力资源管理方向）",0,仙林校区,2019-2020学年 第2学期,92619,逸B-304,0.0,否,,1,32,,0,0,组织管理,16,第5节-第6节,逸夫楼B区,09090110
80.0,400070,毕业论文(20192-10000000-1),201921000000091363,,3,,64,1-17周,0,,1-17周 自由时间 - 自由地点,8.0,外国语学院,否,理论+实践课程,自由时间,2019-2020-2,,201921000000091363,2016外国语学院英语,0,仙林校区,2019-2020学年 第2学期,91363,自由地点,0.0,否,,5,32,,192,0,毕业论文,388,自由时间,虚拟区域（仙林）,10000000
80.0,400070,毕业论文(20192-10000000-1),201921000000091517,,3,,22,1-17周,0,,1-17周 自由时间 - 自由地点,8.0,外国语学院,否,理论+实践课程,自由时间,2019-2020-2,,201921000000091517,2016外国语学院俄语,0,仙林校区,2019-2020学年 第2学期,91517,自由地点,0.0,否,,5,32,,192,0,毕业论文,388,自由时间,虚拟区域（仙林）,10000000
80.0,400070,毕业论文(20192-10000000-1),201921000000091528,,3,,19,1-17周,0,,1-17周 自由时间 - 自由地点,8.0,外国语学院,否,理论+实践课程,自由时间,2019-2020-2,,201921000000091528,2016外国语学院日语,0,仙林校区,2019-2020学年 第2学期,91528,自由地点,0.0,否,,5,32,,192,0,毕业论文,388,自由时间,虚拟区域（仙林）,10000000
80.0,400070,毕业论文(20192-10000000-1),201921000000091550,,3,,25,1-17周,0,,1-17周 自由时间 - 自由地点,8.0,外国语学院,否,理论+实践课程,自由时间,2019-2020-2,,201921000000091550,2016外国语学院法语,0,仙林校区,2019-2020学年 第2学期,91550,自由地点,0.0,否,,5,32,,192,0,毕业论文,388,自由时间,虚拟区域（仙林）,10000000
80.0,400070,毕业论文(20192-10000000-1),201921000000091586,,3,,21,1-17周,0,,1-17周 自由时间 - 自由地点,8.0,外国语学院,否,理论+实践课程,自由时间,2019-2020-2,,201921000000091586,2016外国语学院德语,0,仙林校区,2019-2020学年 第2学期,91586,自由地点,0.0,否,,5,32,,192,0,毕业论文,388,自由时间,虚拟区域（仙林）,10000000
80.0,400070,毕业论文(20192-10000000-1),201921000000091609,,3,,23,1-17周,0,,1-17周 自由时间 - 自由地点,8.0,外国语学院,否,理论+实践课程,自由时间,2019-2020-2,,201921000000091609,2016外国语学院西班牙语,0,仙林校区,2019-2020学年 第2学期,91609,自由地点,0.0,否,,5,32,,192,0,毕业论文,388,自由时间,虚拟区域（仙林）,10000000
80.0,400070,毕业论文(20192-10000000-1),201921000000091614,,3,,15,1-17周,0,,1-17周 自由时间 - 自由地点,8.0,外国语学院,否,理论+实践课程,自由时间,2019-2020-2,,201921000000091614,2016外国语学院朝鲜语,0,仙林校区,2019-2020学年 第2学期,91614,自由地点,0.0,否,,5,32,,192,0,毕业论文,388,自由时间,虚拟区域（仙林）,10000000
32.0,400070,外国文化通论（一）(20192-10000010A-1),2019210000010A91300,,3,,194,1-17周,0,"陈民,朱雪峰,赵丹,徐黎明,张伟劼,张瑛,曹丹红,彭曦",1-17周 周一 第7节-第8节 仙Ⅰ-320,2.0,外国语学院,否,理论类课程,周一,2019-2020-2,,2019210000010A91300,"2019外国语学院英语,2019外国语学院朝鲜语,2019外国语学院西班牙语,2019外国语学院德语,2019外国语学院法语,2019外国语学院日语,2019外国语学院俄语",0,仙林校区,2019-2020学年 第2学期,91300,仙Ⅰ-320,0.0,否,,1,32,,0,0,外国文化通论（一）,11,第7节-第8节,仙I区,10000010A
64.0,400070,英美散文选读(20192-10010010B-1),2019210010010B91287,,3,,23,"2-17周,2-17周",0,张瑛,"2-17周 周四 第1节-第2节 仙Ⅰ-502,2-17周 周二 第3节-第4节 仙Ⅰ-502",4.0,外国语学院,否,理论类课程,"周二,周四",2019-2020-2,,2019210010010B91287,2019外国语学院英语,0,仙林校区,2019-2020学年 第2学期,91287,"仙Ⅰ-502,仙Ⅰ-502",0.0,否,,1,64,,0,0,英美散文选读,11,"第3节-第4节,第1节-第2节",仙I区,10010010B
64.0,400070,英美散文选读(20192-10010010B-2),2019210010010B91288,,3,,23,"2-17周,2-17周",0,王凌,"2-17周 周四 第1节-第2节 仙Ⅰ-503,2-17周 周二 第3节-第4节 仙Ⅰ-503",4.0,外国语学院,否,理论类课程,"周二,周四",2019-2020-2,,2019210010010B91288,2019外国语学院英语,0,仙林校区,2019-2020学年 第2学期,91288,"仙Ⅰ-503,仙Ⅰ-503",0.0,否,,1,64,,0,0,英美散文选读,11,"第3节-第4节,第1节-第2节",仙I区,10010010B
64.0,400070,英美散文选读(20192-10010010B-3),2019210010010B91289,,3,,20,"2-17周,2-17周",0,解友广,"2-17周 周四 第1节-第2节 仙Ⅰ-504,2-17周 周二 第3节-第4节 仙Ⅰ-504",4.0,外国语学院,否,理论类课程,"周二,周四",2019-2020-2,,2019210010010B91289,2019外国语学院英语,0,仙林校区,2019-2020学年 第2学期,91289,"仙Ⅰ-504,仙Ⅰ-504",0.0,否,,1,64,,0,0,英美散文选读,11,"第3节-第4节,第1节-第2节",仙I区,10010010B
64.0,400070,英美散文评析(20192-10010020B-1),2019210010020B91335,,3,,20,"1-17周,1-17周",0,朱叶秋,"1-17周 周四 第1节-第2节 仙Ⅰ-507,1-17周 周二 第3节-第4节 仙Ⅰ-507",4.0,外国语学院,否,理论类课程,"周二,周四",2019-2020-2,,2019210010020B91335,2018外国语学院英语,0,仙林校区,2019-2020学年 第2学期,91335,"仙Ⅰ-507,仙Ⅰ-507",0.0,否,,1,64,,0,0,英美散文评析,11,"第3节-第4节,第1节-第2节",仙I区,10010020B
64.0,400070,英美散文评析(20192-10010020B-2),2019210010020B91336,,3,,19,"1-17周,1-17周",0,范浩,"1-17周 周四 第1节-第2节 仙Ⅰ-505,1-17周 周二 第3节-第4节 仙Ⅰ-505",4.0,外国语学院,否,理论类课程,"周二,周四",2019-2020-2,,2019210010020B91336,2018外国语学院英语,0,仙林校区,2019-2020学年 第2学期,91336,"仙Ⅰ-505,仙Ⅰ-505",0.0,否,,1,64,,0,0,英美散文评析,11,"第3节-第4节,第1节-第2节",仙I区,10010020B
64.0,400070,英美散文评析(20192-10010020B-3),2019210010020B91338,,3,,25,"1-17周,1-17周",0,陈星,"1-17周 周四 第1节-第2节 仙Ⅰ-506,1-17周 周二 第3节-第4节 仙Ⅰ-506",4.0,外国语学院,否,理论类课程,"周二,周四",2019-2020-2,,2019210010020B91338,2018外国语学院英语,0,仙林校区,2019-2020学年 第2学期,91338,"仙Ⅰ-506,仙Ⅰ-506",0.0,否,,1,64,,0,0,英美散文评析,11,"第3节-第4节,第1节-第2节",仙I区,10010020B
32.0,400070,基础英语写作(20192-10010040B-1),2019210010040B91290,,3,,26,1-17周,0,Tony Sansotta,1-17周 周一 第3节-第4节 仙Ⅰ-503,2.0,外国语学院,否,理论类课程,周一,2019-2020-2,,2019210010040B91290,2019外国语学院英语,0,仙林校区,2019-2020学年 第2学期,91290,仙Ⅰ-503,0.0,否,,1,32,,0,0,基础英语写作,11,第3节-第4节,仙I区,10010040B
32.0,400070,基础英语写作(20192-10010040B-2),2019210010040B91291,,3,,21,1-17周,0,Tony Sansotta,1-17周 周一 第5节-第6节 仙Ⅰ-503,2.0,外国语学院,否,理论类课程,周一,2019-2020-2,,2019210010040B91291,2019外国语学院英语,0,仙林校区,2019-2020学年 第2学期,91291,仙Ⅰ-503,0.0,否,,1,32,,0,0,基础英语写作,11,第5节-第6节,仙I区,10010040B
32.0,400070,基础英语写作(20192-10010040B-3),2019210010040B91292,,3,,22,2-17周,0,高虹,2-17周 周一 第3节-第4节 仙Ⅰ-502,2.0,外国语学院,否,理论类课程,周一,2019-2020-2,,2019210010040B91292,2019外国语学院英语,0,仙林校区,2019-2020学年 第2学期,91292,仙Ⅰ-502,0.0,否,,1,32,,0,0,基础英语写作,11,第3节-第4节,仙I区,10010040B
32.0,400070,英语修辞与写作(20192-10010050B-1),2019210010050B91312,,3,,23,2-17周,0,王艳,2-17周 周五 第1节-第2节 仙Ⅰ-502,2.0,外国语学院,否,理论类课程,周五,2019-2020-2,,2019210010050B91312,2018外国语学院英语,0,仙林校区,2019-2020学年 第2学期,91312,仙Ⅰ-502,0.0,否,,1,32,,0,0,英语修辞与写作,11,第1节-第2节,仙I区,10010050B
32.0,400070,英语修辞与写作(20192-10010050B-2),2019210010050B91313,,3,,22,6-17周,0,Bill Aitchison,6-17周 周三 第1节-第2节 仙Ⅰ-502,2.0,外国语学院,否,理论类课程,周三,2019-2020-2,,2019210010050B91313,2018外国语学院英语,0,仙林校区,2019-2020学年 第2学期,91313,仙Ⅰ-502,0.0,否,,1,32,,0,0,英语修辞与写作,11,第1节-第2节,仙I区,10010050B
32.0,400070,英语修辞与写作(20192-10010050B-3),2019210010050B91314,,3,,20,1-17周,0,孙红卫,1-17周 周五 第5节-第6节 仙Ⅰ-502,2.0,外国语学院,否,理论类课程,周五,2019-2020-2,,2019210010050B91314,2018外国语学院英语,0,仙林校区,2019-2020学年 第2学期,91314,仙Ⅰ-502,0.0,否,,1,32,,0,0,英语修辞与写作,11,第5节-第6节,仙I区,10010050B
32.0,400070,英语学术写作(20192-10010060B-1),2019210010060B91349,,3,,16,1-17周,0,朱雪峰,1-17周 周二 第5节-第6节 仙Ⅰ-505,2.0,外国语学院,否,理论类课程,周二,2019-2020-2,,2019210010060B91349,2017外国语学院英语,0,仙林校区,2019-2020学年 第2学期,91349,仙Ⅰ-505,0.0,否,,1,32,,0,0,英语学术写作,11,第5节-第6节,仙I区,10010060B
32.0,400070,英语学术写作(20192-10010060B-2),2019210010060B91350,,3,,23,7-17周,0,Shawn Michael Burtoft,7-17周 周一 第5节-第6节 仙Ⅰ-507,2.0,外国语学院,否,理论类课程,周一,2019-2020-2,,2019210010060B91350,2017外国语学院英语,0,仙林校区,2019-2020学年 第2学期,91350,仙Ⅰ-507,0.0,否,,1,32,,0,0,英语学术写作,11,第5节-第6节,仙I区,10010060B
32.0,400070,英语学术写作(20192-10010060B-3),2019210010060B91351,,3,,21,2-17周,0,刘润泽,2-17周 周一 第5节-第6节 仙Ⅰ-506,2.0,外国语学院,否,理论类课程,周一,2019-2020-2,,2019210010060B91351,2017外国语学院英语,0,仙林校区,2019-2020学年 第2学期,91351,仙Ⅰ-506,0.0,否,,1,32,,0,0,英语学术写作,11,第5节-第6节,仙I区,10010060B
32.0,400070,英汉互译(20192-10010070-1),201921001007091324,,3,,22,1-17周,0,姚媛,1-17周 周二 第5节-第6节 仙Ⅰ-504,2.0,外国语学院,否,理论+实践课程,周二,2019-2020-2,,201921001007091324,2018外国语学院英语,0,仙林校区,2019-2020学年 第2学期,91324,仙Ⅰ-504,0.0,否,,5,16,,16,0,英汉互译,11,第5节-第6节,仙I区,10010070
32.0,400070,英汉互译(20192-10010070-2),201921001007091326,,3,,29,1-17周,0,姚媛,1-17周 周二 第7节-第8节 仙Ⅰ-503,2.0,外国语学院,否,理论+实践课程,周二,2019-2020-2,,201921001007091326,2018外国语学院英语,0,仙林校区,2019-2020学年 第2学期,91326,仙Ⅰ-503,0.0,否,,5,16,,16,0,英汉互译,11,第7节-第8节,仙I区,10010070
32.0,400070,英汉互译(20192-10010070-3),201921001007091327,,3,,20,1-17周,0,郭启新,1-17周 周二 第5节-第6节 仙Ⅰ-503,2.0,外国语学院,否,理论+实践课程,周二,2019-2020-2,,201921001007091327,2018外国语学院英语,0,仙林校区,2019-2020学年 第2学期,91327,仙Ⅰ-503,0.0,否,,5,16,,16,0,英汉互译,11,第5节-第6节,仙I区,10010070
32.0,400070,西方思想经典(20192-10010100-1),201921001010091344,,3,,58,1-17周,0,"范浩,朱刚,陈兵,朱雪峰,陈星,解友广",1-17周 周二 第1节-第2节 仙Ⅰ-216,2.0,外国语学院,否,理论类课程,周二,2019-2020-2,,201921001010091344,2017外国语学院英语,0,仙林校区,2019-2020学年 第2学期,91344,仙Ⅰ-216,0.0,否,,1,32,,0,0,西方思想经典,11,第1节-第2节,仙I区,10010100
32.0,400070,英国文学(20192-10010110-1),201921001011091352,,3,,70,1-17周,0,"张瑛,何宁,徐蕾,王守仁",1-17周 周四 第3节-第4节 仙Ⅰ-321,2.0,外国语学院,否,理论类课程,周四,2019-2020-2,,201921001011091352,2017外国语学院英语,0,仙林校区,2019-2020学年 第2学期,91352,仙Ⅰ-321,0.0,否,,1,32,,0,0,英国文学,11,第3节-第4节,仙I区,10010110
32.0,400070,文学通论(20192-10010130-1),201921001013091293,,3,,72,1-17周,0,徐蕾,1-17周 周三 第3节-第4节 仙Ⅰ-216,2.0,外国语学院,否,理论类课程,周三,2019-2020-2,,201921001013091293,2019外国语学院英语,0,仙林校区,2019-2020学年 第2学期,91293,仙Ⅰ-216,0.0,否,,1,32,,0,0,文学通论,11,第3节-第4节,仙I区,10010130
32.0,400070,语言学概论(20192-10010140-1),201921001014091340,,3,,30,1-17周,0,张翼,1-17周 周一 第3节-第4节 仙Ⅰ-504,2.0,外国语学院,否,理论类课程,周一,2019-2020-2,,201921001014091340,2018外国语学院英语,0,仙林校区,2019-2020学年 第2学期,91340,仙Ⅰ-504,0.0,否,,1,32,,0,0,语言学概论,11,第3节-第4节,仙I区,10010140
32.0,400070,语言学概论(20192-10010140-2),201921001014091342,,3,,31,7-17周,0,Shawn Michael Burtoft,7-17周 周一 第3节-第4节 仙Ⅰ-505,2.0,外国语学院,否,理论类课程,周一,2019-2020-2,,201921001014091342,2018外国语学院英语,0,仙林校区,2019-2020学年 第2学期,91342,仙Ⅰ-505,0.0,否,,1,32,,0,0,语言学概论,11,第3节-第4节,仙I区,10010140
32.0,400070,翻译导论(20192-10010150-1),201921001015091328,,3,,0,,0,,,2.0,外国语学院,否,理论类课程,,2019-2020-2,,201921001015091328,,0,仙林校区,2019-2020学年 第2学期,91328,,0.0,否,,1,32,,0,0,翻译导论,,,,10010150
32.0,400070,美国社会与文化(20192-10010170-1),201921001017091332,,3,,62,1-17周,0,"何宁,孙红卫",1-17周 周三 第3节-第4节 仙Ⅰ-321,2.0,外国语学院,否,理论类课程,周三,2019-2020-2,,201921001017091332,2018外国语学院英语,0,仙林校区,2019-2020学年 第2学期,91332,仙Ⅰ-321,0.0,否,,1,32,,0,0,美国社会与文化,11,第3节-第4节,仙I区,10010170
48.0,400070,二外日语(一)(20192-10010190A-1),2019210010190A91316,,3,,40,"1-17周,1-17周",0,"高仓健一,刘东波","1-17周 周一 第5节-第6节 仙Ⅰ-502,1-17周 周三 第5节-第6节 仙Ⅰ-502",3.0,外国语学院,否,理论类课程,"周一,周三",2019-2020-2,,2019210010190A91316,2018外国语学院英语,0,仙林校区,2019-2020学年 第2学期,91316,"仙Ⅰ-502,仙Ⅰ-502",0.0,否,,1,64,,0,0,二外日语(一),11,"第5节-第6节,第5节-第6节",仙I区,10010190A
48.0,400070,二外日语(三)(20192-10010190C-1),2019210010190C91346,,3,,34,"1-17周,1-17周",0,杉本英世,"1-17周 周四 第1节-第2节 仙Ⅰ-508,1-17周 周三 第5节-第6节 仙Ⅰ-508",3.0,外国语学院,否,理论类课程,"周三,周四",2019-2020-2,,2019210010190C91346,2017外国语学院英语,0,仙林校区,2019-2020学年 第2学期,91346,"仙Ⅰ-508,仙Ⅰ-508",0.0,否,,1,64,,0,0,二外日语(三),11,"第5节-第6节,第1节-第2节",仙I区,10010190C
48.0,400070,二外法语(一)(20192-10010200A-1),2019210010200A91339,,3,,23,"1-17周,1-17周",0,"王晶,周越","1-17周 周一 第5节-第6节 仙Ⅰ-504,1-17周 周三 第5节-第6节 仙Ⅰ-504",3.0,外国语学院,否,理论类课程,"周一,周三",2019-2020-2,,2019210010200A91339,2018外国语学院英语,0,仙林校区,2019-2020学年 第2学期,91339,"仙Ⅰ-504,仙Ⅰ-504",0.0,否,,1,64,,0,0,二外法语(一),11,"第5节-第6节,第5节-第6节",仙I区,10010200A
48.0,400070,二外法语(三)(20192-10010200C-1),2019210010200C91347,,3,,26,"1-17周,1-17周",0,谭成春,"1-17周 周四 第1节-第2节 仙Ⅰ-509,1-17周 周三 第5节-第6节 仙Ⅰ-509",3.0,外国语学院,否,理论类课程,"周三,周四",2019-2020-2,,2019210010200C91347,2017外国语学院英语,0,仙林校区,2019-2020学年 第2学期,91347,"仙Ⅰ-509,仙Ⅰ-509",0.0,否,,1,64,,0,0,二外法语(三),11,"第5节-第6节,第1节-第2节",仙I区,10010200C
48.0,400070,二外德语(一)(20192-10010210A-1),2019210010210A91322,,3,,9,"1-17周,1-17周",0,"王露杨,李彬","1-17周 周一 第5节-第6节 仙Ⅰ-505,1-17周 周三 第5节-第6节 仙Ⅰ-505",3.0,外国语学院,否,理论类课程,"周一,周三",2019-2020-2,,2019210010210A91322,2018外国语学院英语,0,仙林校区,2019-2020学年 第2学期,91322,"仙Ⅰ-505,仙Ⅰ-505",0.0,否,,1,64,,0,0,二外德语(一),11,"第5节-第6节,第5节-第6节",仙I区,10010210A
48.0,400070,二外德语(三)(20192-10010210C-1),2019210010210C91348,,3,,15,"1-17周,1-17周",0,"卢盛舟,Almut Roberts","1-17周 周四 第1节-第2节 仙Ⅰ-510,1-17周 周三 第5节-第6节 仙Ⅰ-510",3.0,外国语学院,否,理论类课程,"周三,周四",2019-2020-2,,2019210010210C91348,2017外国语学院英语,0,仙林校区,2019-2020学年 第2学期,91348,"仙Ⅰ-510,仙Ⅰ-510",0.0,否,,1,64,,0,0,二外德语(三),11,"第5节-第6节,第1节-第2节",仙I区,10010210C
32.0,400070,基础口译(20192-10010220-1),201921001022091353,,3,,27,1-17周,0,张翼,1-17周 周一 第1节-第2节 仙Ⅰ-504,2.0,外国语学院,否,理论+实践课程,周一,2019-2020-2,,201921001022091353,2017外国语学院英语,0,仙林校区,2019-2020学年 第2学期,91353,仙Ⅰ-504,0.0,否,,5,14,,18,0,基础口译,11,第1节-第2节,仙I区,10010220
32.0,400070,基础口译(20192-10010220-2),201921001022091354,,3,,23,2-17周,0,任裕海,2-17周 周一 第1节-第2节 仙Ⅰ-506,2.0,外国语学院,否,理论+实践课程,周一,2019-2020-2,,201921001022091354,2017外国语学院英语,0,仙林校区,2019-2020学年 第2学期,91354,仙Ⅰ-506,0.0,否,,5,14,,18,0,基础口译,11,第1节-第2节,仙I区,10010220
32.0,400070,基础口译(20192-10010220-3),201921001022091355,,3,,23,2-17周,0,任裕海,2-17周 周一 第3节-第4节 仙Ⅰ-506,2.0,外国语学院,否,理论+实践课程,周一,2019-2020-2,,201921001022091355,2017外国语学院英语,0,仙林校区,2019-2020学年 第2学期,91355,仙Ⅰ-506,0.0,否,,5,14,,18,0,基础口译,11,第3节-第4节,仙I区,10010220
96.0,400070,基础俄语(二)(20192-10020010B-1),2019210020010B91493,,3,,14,"1-17周,1-17周",0,"汪磊,段丽君,赵杨","1-17周 周三 第1节-第4节 仙Ⅰ-505,1-17周 周五 第1节-第4节 仙Ⅰ-505",6.0,外国语学院,否,理论类课程,"周三,周五",2019-2020-2,,2019210020010B91493,2019外国语学院俄语,0,仙林校区,2019-2020学年 第2学期,91493,"仙Ⅰ-505,仙Ⅰ-505",0.0,否,,1,96,,32,0,基础俄语(二),11,"第1节-第4节,第1节-第4节",仙I区,10020010B
96.0,400070,基础俄语(四)(20192-10020010D-1),2019210020010D91500,,3,,18,"1-17周,1-17周",0,"徐来娣,孙飞燕","1-17周 周三 第1节-第4节 ,1-17周 周五 第1节-第4节 仙Ⅰ-509",6.0,外国语学院,否,理论+实践课程,"周三,周五",2019-2020-2,,2019210020010D91500,2018外国语学院俄语,0,仙林校区,2019-2020学年 第2学期,91500,"仙1-527,仙Ⅰ-509",0.0,否,,5,64,,64,0,基础俄语(四),11,"第1节-第4节,第1节-第4节",仙I区,10020010D
16.0,400070,基础语法(一)(20192-10020020A-1),2019210020020A91497,,3,,14,1-17周,0,赵杨,1-17周 周四 第1节-第2节 仙Ⅰ-511,1.0,外国语学院,否,理论+实践课程,周四,2019-2020-2,,2019210020020A91497,2019外国语学院俄语,0,仙林校区,2019-2020学年 第2学期,91497,仙Ⅰ-511,0.0,否,,5,16,,16,0,基础语法(一),11,第1节-第2节,仙I区,10020020A
16.0,400070,基础语法(三)(20192-10020020C-1),2019210020020C91501,,3,,17,1-17周,0,孙飞燕,1-17周 周二 第1节-第2节 仙Ⅰ-509,1.0,外国语学院,否,理论类课程,周二,2019-2020-2,,2019210020020C91501,2018外国语学院俄语,0,仙林校区,2019-2020学年 第2学期,91501,仙Ⅰ-509,0.0,否,,1,32,,0,0,基础语法(三),11,第1节-第2节,仙I区,10020020C
16.0,400070,基础阅读(一)(20192-10020030A-1),2019210020030A91494,,3,,13,1-17周,0,赵杨,1-17周 周四 第3节-第4节 仙Ⅰ-511,1.0,外国语学院,否,理论类课程,周四,2019-2020-2,,2019210020030A91494,2019外国语学院俄语,0,仙林校区,2019-2020学年 第2学期,91494,仙Ⅰ-511,0.0,否,,1,32,,0,0,基础阅读(一),11,第3节-第4节,仙I区,10020030A
16.0,400070,基础阅读(三)(20192-10020030C-1),2019210020030C91502,,3,,16,1-17周,0,孙飞燕,1-17周 周二 第5节-第6节 仙Ⅰ-509,1.0,外国语学院,否,理论类课程,周二,2019-2020-2,,2019210020030C91502,2018外国语学院俄语,0,仙林校区,2019-2020学年 第2学期,91502,仙Ⅰ-509,0.0,否,,1,32,,0,0,基础阅读(三),11,第5节-第6节,仙I区,10020030C
80.0,400070,中级俄语(二)(20192-10020040B-1),2019210020040B91506,,3,,16,"1-17周,1-17周(单)",0,"杨正,范洁清","1-17周 周二 第1节-第4节 仙Ⅰ-512,1-17周(单) 周四 第1节-第4节 仙Ⅰ-512",5.0,外国语学院,否,理论类课程,"周二,周四",2019-2020-2,,2019210020040B91506,2017外国语学院俄语,0,仙林校区,2019-2020学年 第2学期,91506,"仙Ⅰ-512,仙Ⅰ-512",0.0,否,,1,96,,0,0,中级俄语(二),11,"第1节-第4节,第1节-第4节",仙I区,10020040B
16.0,400070,中级阅读(二)(20192-10020050B-1),2019210020050B91504,,3,,5,1-17周,0,娜塔莉亚·科瓦廖娃,1-17周 周二 第5节-第6节 仙Ⅰ-510,1.0,外国语学院,否,理论类课程,周二,2019-2020-2,,2019210020050B91504,2017外国语学院俄语,0,仙林校区,2019-2020学年 第2学期,91504,仙Ⅰ-510,0.0,否,,1,32,,0,0,中级阅读(二),11,第5节-第6节,仙I区,10020050B
48.0,400070,高级俄语(二)(20192-10020060B-1),2019210020060B91514,,3,,24,1-17周,0,张俊翔,1-17周 周三 第1节-第4节 仙Ⅰ-507,3.0,外国语学院,否,理论类课程,周三,2019-2020-2,,2019210020060B91514,2016外国语学院俄语,0,仙林校区,2019-2020学年 第2学期,91514,仙Ⅰ-507,0.0,否,,1,64,,0,0,高级俄语(二),11,第1节-第4节,仙I区,10020060B
32.0,400070,俄译汉(20192-10020070-1),201921002007091507,,3,,15,1-17周,0,赵丹,1-17周 周三 第3节-第4节 仙Ⅰ-506,2.0,外国语学院,否,理论+实践课程,周三,2019-2020-2,,201921002007091507,2017外国语学院俄语,0,仙林校区,2019-2020学年 第2学期,91507,仙Ⅰ-506,0.0,否,,5,16,,16,0,俄译汉,11,第3节-第4节,仙I区,10020070
16.0,400070,俄罗斯文学史(一)(20192-10020100A-1),2019210020100A91508,,3,,15,1-17周,0,赵丹,1-17周 周三 第1节-第2节 仙Ⅰ-506,1.0,外国语学院,否,理论类课程,周三,2019-2020-2,,2019210020100A91508,2017外国语学院俄语,0,仙林校区,2019-2020学年 第2学期,91508,仙Ⅰ-506,0.0,否,,1,32,,0,0,俄罗斯文学史(一),11,第1节-第2节,仙I区,10020100A
16.0,400070,俄罗斯社会与文化(20192-10020110-1),201921002011091495,,3,,14,1-17周,0,杨正,1-17周 周一 第3节-第4节 仙Ⅰ-507,1.0,外国语学院,否,理论类课程,周一,2019-2020-2,,201921002011091495,2019外国语学院俄语,0,仙林校区,2019-2020学年 第2学期,91495,仙Ⅰ-507,0.0,否,,1,32,,0,0,俄罗斯社会与文化,11,第3节-第4节,仙I区,10020110
64.0,400070,日语精读(八)(20192-10030010H-1),2019210030010H91529,,3,,23,1-17周,0,"雷国山,叶琳",1-17周 周二 第1节-第4节 仙Ⅰ-515,4.0,外国语学院,否,理论类课程,周二,2019-2020-2,,2019210030010H91529,2016外国语学院日语,0,仙林校区,2019-2020学年 第2学期,91529,仙Ⅰ-515,0.0,否,,1,64,,0,0,日语精读(八),11,第1节-第4节,仙I区,10030010H
16.0,400070,日本文化概论(二)(20192-10030030B-1),2019210030030B91527,,3,,12,1-17周,0,赵仲明,1-17周 周三 第3节-第4节 仙Ⅰ-513,1.0,外国语学院,否,理论类课程,周三,2019-2020-2,,2019210030030B91527,2016外国语学院日语,0,仙林校区,2019-2020学年 第2学期,91527,仙Ⅰ-513,0.0,否,,1,16,,0,0,日本文化概论(二),11,第3节-第4节,仙I区,10030030B
160.0,400070,基础日语读解（二）(20192-10030060B-1),2019210030060B91519,,3,,14,"1-17周,1-17周,1-17周,1-17周",0,"李斌,庄倩","1-17周 周三 第1节-第2节 仙Ⅰ-513,1-17周 周一 第3节-第6节 仙Ⅰ-513,1-17周 周二 第3节-第4节 仙Ⅰ-513,1-17周 周五 第1节-第2节 仙Ⅰ-513",10.0,外国语学院,否,理论+实践课程,"周一,周二,周三,周五",2019-2020-2,,2019210030060B91519,2019外国语学院日语,0,仙林校区,2019-2020学年 第2学期,91519,"仙Ⅰ-513,仙Ⅰ-513,仙Ⅰ-513,仙Ⅰ-513",0.0,否,,5,144,,16,0,基础日语解读（二）,11,"第3节-第6节,第3节-第4节,第1节-第2节,第1节-第2节",仙I区,10030060B
64.0,400070,基础日语听说（二）(20192-10030070B-1),2019210030070B91520,,3,,14,"1-17周,1-17周",0,李斌,"1-17周 周三 第3节-第4节 仙Ⅰ-508,1-17周 周五 第3节-第4节 仙Ⅰ-508",4.0,外国语学院,否,理论+实践课程,"周三,周五",2019-2020-2,,2019210030070B91520,2019外国语学院日语,0,仙林校区,2019-2020学年 第2学期,91520,"仙Ⅰ-508,仙Ⅰ-508",0.0,否,,5,48,,16,0,基础日语听说（二）,11,"第3节-第4节,第3节-第4节",仙I区,10030070B
32.0,400070,日本历史文化概况(20192-10030080-1),201921003008091521,,3,,20,1-17周,0,彭曦,1-17周 周二 第1节-第2节 仙Ⅰ-508,2.0,外国语学院,否,理论类课程,周二,2019-2020-2,,201921003008091521,2018外国语学院日语,0,仙林校区,2019-2020学年 第2学期,91521,仙Ⅰ-508,0.0,否,,1,32,,0,0,日本历史文化概况,11,第1节-第2节,仙I区,10030080
64.0,400070,综合日语（二）(20192-10030110B-1),2019210030110B91525,,3,,20,"1-17周,1-17周",0,"杉本英世,吕斌","1-17周 周一 第3节-第4节 仙Ⅰ-509,1-17周 周三 第3节-第4节 仙Ⅰ-509",4.0,外国语学院,否,理论+实践课程,"周一,周三",2019-2020-2,,2019210030110B91525,2018外国语学院日语,0,仙林校区,2019-2020学年 第2学期,91525,"仙Ⅰ-509,仙Ⅰ-509",0.0,否,,5,32,,32,0,综合日语（二）,11,"第3节-第4节,第3节-第4节",仙I区,10030110B
32.0,400070,日本文学史(20192-10030140-1),201921003014091522,,3,,20,1-17周,0,吕斌,1-17周 周四 第3节-第4节 仙Ⅰ-509,2.0,外国语学院,否,理论类课程,周四,2019-2020-2,,201921003014091522,2018外国语学院日语,0,仙林校区,2019-2020学年 第2学期,91522,仙Ⅰ-509,0.0,否,,1,32,,0,0,日本文学史,11,第3节-第4节,仙I区,10030140
32.0,400070,同声传译(20192-10030150-1),201921003015091629,,3,,13,1-17周,0,赵仲明,1-17周 周四 第3节-第4节 ,2.0,外国语学院,否,实践类课程,周四,2019-2020-2,,201921003015091629,2017外国语学院日语,0,仙林校区,2019-2020学年 第2学期,91629,仙1-523,0.0,否,,3,0,,32,0,同声传译,,第3节-第4节,,10030150
144.0,400070,初级法语(二)(20192-10040010B-1),2019210040010B91533,,3,,22,"1-17周,1-17周,1-17周",0,"王晶,周越","1-17周 周一 第1节-第4节 仙Ⅰ-515,1-17周 周五 第1节-第4节 仙Ⅰ-515,1-17周 周三 第1节-第4节 仙Ⅰ-515",9.0,外国语学院,否,理论+实践课程,"周一,周三,周五",2019-2020-2,,2019210040010B91533,2019外国语学院法语,0,仙林校区,2019-2020学年 第2学期,91533,"仙Ⅰ-515,仙Ⅰ-515,仙Ⅰ-515",0.0,否,,5,128,,64,0,初级法语(二),11,"第1节-第4节,第1节-第4节,第1节-第4节",仙I区,10040010B
16.0,400070,初级视听(二)(20192-10040020B-1),2019210040020B91534,,3,,10,1-17周,0,Fabien Scouarnec,1-17周 周二 第7节-第8节 仙Ⅰ-515,1.0,外国语学院,否,理论类课程,周二,2019-2020-2,,2019210040020B91534,2019外国语学院法语,0,仙林校区,2019-2020学年 第2学期,91534,仙Ⅰ-515,0.0,否,,1,16,,0,0,初级视听(二),11,第7节-第8节,仙I区,10040020B
128.0,400070,中级法语(二)(20192-10040030B-1),2019210040030B91541,,3,,25,"1-17周,1-17周,1-17周",0,"黄荭,吴天楚,谭成春","1-17周 周二 第1节-第4节 仙Ⅰ-408,1-17周 周一 第3节-第4节 仙Ⅰ-408,1-17周 周四 第1节-第4节 仙Ⅰ-408",8.0,外国语学院,否,理论+实践课程,"周一,周二,周四",2019-2020-2,,2019210040030B91541,2018外国语学院法语,0,仙林校区,2019-2020学年 第2学期,91541,"仙Ⅰ-408,仙Ⅰ-408,仙Ⅰ-408",0.0,否,,5,120,,40,0,中级法语(二),11,"第3节-第4节,第1节-第4节,第1节-第4节",仙I区,10040030B
16.0,400070,中级视听(二)(20192-10040040B-1),2019210040040B91537,,3,,7,1-17周,0,Fabien Scouarnec,1-17周 周二 第5节-第6节 仙Ⅰ-515,1.0,外国语学院,否,理论类课程,周二,2019-2020-2,,2019210040040B91537,2018外国语学院法语,0,仙林校区,2019-2020学年 第2学期,91537,仙Ⅰ-515,0.0,否,,1,16,,0,0,中级视听(二),11,第5节-第6节,仙I区,10040040B
16.0,400070,基础阅读(二)(20192-10040050B-1),2019210040050B91538,,3,,14,1-17周,0,谭成春,1-17周 周一 第5节-第6节 仙Ⅰ-408,1.0,外国语学院,否,理论+实践课程,周一,2019-2020-2,,2019210040050B91538,2018外国语学院法语,0,仙林校区,2019-2020学年 第2学期,91538,仙Ⅰ-408,0.0,否,,5,16,,16,0,基础阅读(二),11,第5节-第6节,仙I区,10040050B
96.0,400070,高级法语(二)(20192-10040060B-1),2019210040060B91543,,3,,14,"1-17周,1-17周",0,"施雪莹,刘云虹","1-17周 周二 第1节-第4节 仙Ⅰ-409,1-17周 周四 第3节-第4节 仙Ⅰ-409",6.0,外国语学院,否,理论+实践课程,"周二,周四",2019-2020-2,,2019210040060B91543,2017外国语学院法语,0,仙林校区,2019-2020学年 第2学期,91543,"仙Ⅰ-409,仙Ⅰ-409",0.0,否,,5,80,,16,0,高级法语(二),11,"第1节-第4节,第3节-第4节",仙I区,10040060B
16.0,400070,基础写作(二)(20192-10040070B-1),2019210040070B91544,,3,,6,1-17周,0,Nicolas Monbertrand,1-17周 周三 第5节-第6节 仙Ⅰ-512,1.0,外国语学院,否,理论+实践课程,周三,2019-2020-2,,2019210040070B91544,2017外国语学院法语,0,仙林校区,2019-2020学年 第2学期,91544,仙Ⅰ-512,0.0,否,,5,16,,16,0,基础写作(二),11,第5节-第6节,仙I区,10040070B
128.0,400070,基础德语(二)(20192-10050010B-1),2019210050010B91556,,3,,23,"1-17周,1-17周,1-17周",0,"Wilke,李彬","1-17周 周四 第1节-第2节 仙Ⅰ-409,1-17周 周三 第1节-第4节 仙Ⅰ-409,1-17周 周一 第1节-第4节 仙Ⅰ-409",8.0,外国语学院,否,理论类课程,"周一,周三,周四",2019-2020-2,,2019210050010B91556,2019外国语学院德语,0,仙林校区,2019-2020学年 第2学期,91556,"仙Ⅰ-409,仙Ⅰ-409,仙Ⅰ-409",0.0,否,,1,160,,0,0,基础德语(二),11,"第1节-第4节,第1节-第4节,第1节-第2节",仙I区,10050010B
96.0,400070,中级德语(二)(20192-10050020B-1),2019210050020B91561,,3,,21,"1-17周,1-17周",0,"王露杨,卢盛舟","1-17周 周一 第1节-第4节 仙Ⅰ-322,1-17周 周四 第1节-第4节 仙Ⅰ-322",6.0,外国语学院,否,理论类课程,"周一,周四",2019-2020-2,,2019210050020B91561,2018外国语学院德语,0,仙林校区,2019-2020学年 第2学期,91561,"仙Ⅰ-322,仙Ⅰ-322",0.0,否,,1,128,,0,0,中级德语(二),11,"第1节-第4节,第1节-第4节",仙I区,10050020B
16.0,400070,德语语法(20192-10050030-1),201921005003091562,,3,,21,1-17周,0,常晅,1-17周 周二 第3节-第4节 仙Ⅰ-323,1.0,外国语学院,否,理论类课程,周二,2019-2020-2,,201921005003091562,2018外国语学院德语,0,仙林校区,2019-2020学年 第2学期,91562,仙Ⅰ-323,0.0,否,,1,32,,0,0,德语语法,11,第3节-第4节,仙I区,10050030
32.0,400070,德语写作(二)(20192-10050040B-1),2019210050040B91560,,3,,21,1-17周,0,常晅,1-17周 周五 第3节-第4节 仙Ⅰ-323,2.0,外国语学院,否,理论+实践课程,周五,2019-2020-2,,2019210050040B91560,2018外国语学院德语,0,仙林校区,2019-2020学年 第2学期,91560,仙Ⅰ-323,0.0,否,,5,16,,16,0,德语写作(二),11,第3节-第4节,仙I区,10050040B
16.0,400070,德语阅读(二)(20192-10050050B-1),2019210050050B91563,,3,,21,1-17周,0,陈民,1-17周 周三 第1节-第2节 仙Ⅰ-408,1.0,外国语学院,否,理论类课程,周三,2019-2020-2,,2019210050050B91563,2018外国语学院德语,0,仙林校区,2019-2020学年 第2学期,91563,仙Ⅰ-408,0.0,否,,1,32,,0,0,德语阅读(二),11,第1节-第2节,仙I区,10050050B
64.0,400070,高级德语(二)(20192-10050060B-1),2019210050060B91566,,3,,7,"1-17周,1-17周",0,"孔德明,常玲玲","1-17周 周二 第1节-第2节 仙Ⅰ-506,1-17周 周四 第3节-第4节 仙Ⅰ-506",4.0,外国语学院,否,理论类课程,"周二,周四",2019-2020-2,,2019210050060B91566,2017外国语学院德语,0,仙林校区,2019-2020学年 第2学期,91566,"仙Ⅰ-506,仙Ⅰ-506",0.0,否,,1,64,,0,0,高级德语(二),11,"第1节-第2节,第3节-第4节",仙I区,10050060B
32.0,400070,高级视听说(二)(20192-10050070B-1),2019210050070B91576,,3,,6,1-17周,0,Wilke,1-17周 周二 第5节-第6节 仙Ⅰ-324,2.0,外国语学院,否,理论+实践课程,周二,2019-2020-2,,2019210050070B91576,2017外国语学院德语,0,仙林校区,2019-2020学年 第2学期,91576,仙Ⅰ-324,0.0,否,,5,32,,0,0,高级视听说(二),11,第5节-第6节,仙I区,10050070B
32.0,400070,论文写作(二)(20192-10050080B-1),2019210050080B91568,,3,,10,1-17周,0,Wilke,1-17周 周二 第3节-第4节 仙Ⅰ-324,2.0,外国语学院,否,理论+实践课程,周二,2019-2020-2,,2019210050080B91568,2017外国语学院德语,0,仙林校区,2019-2020学年 第2学期,91568,仙Ⅰ-324,0.0,否,,5,16,,16,0,论文写作(二),11,第3节-第4节,仙I区,10050080B
16.0,400070,毕业论文写作(二)(20192-10050090B-1),2019210050090B91587,,3,,21,1-17周,0,Wilke,1-17周 周四 第3节-第4节 仙Ⅰ-324,1.0,外国语学院,否,理论+实践课程,周四,2019-2020-2,,2019210050090B91587,2016外国语学院德语,0,仙林校区,2019-2020学年 第2学期,91587,仙Ⅰ-324,0.0,否,,5,16,,16,0,毕业论文写作(二),11,第3节-第4节,仙I区,10050090B
32.0,400070,德语语言文学文化通论(20192-10050110-1),201921005011091588,,3,,21,"1-17周,1-17周",0,孔德明,"1-17周 周四 第1节-第2节 仙Ⅰ-324,1-17周 周五 第3节-第4节 仙Ⅰ-324",2.0,外国语学院,否,理论类课程,"周四,周五",2019-2020-2,,201921005011091588,2016外国语学院德语,0,仙林校区,2019-2020学年 第2学期,91588,"仙Ⅰ-324,仙Ⅰ-324",0.0,否,,1,32,,0,0,德语语言文学文化通论,11,"第1节-第2节,第3节-第4节",仙I区,10050110
128.0,400070,初级西班牙语(二)(20192-10060010B-1),2019210060010B91590,,3,,18,"1-17周,1-17周,1-17周",0,"莫娅妮,裴枫","1-17周 周五 第1节-第2节 ,1-17周 周三 第1节-第4节 仙Ⅰ-315,1-17周 周一 第1节-第4节 仙Ⅰ-315",8.0,外国语学院,否,理论类课程,"周一,周三,周五",2019-2020-2,,2019210060010B91590,2019外国语学院西班牙语,0,仙林校区,2019-2020学年 第2学期,91590,"仙Ⅰ-315,仙Ⅰ-315,仙1-527",0.0,否,,1,160,,0,0,初级西班牙语(二),11,"第1节-第4节,第1节-第4节,第1节-第2节",仙I区,10060010B
32.0,400070,初西班牙语初级视听说（二）(20192-10060020B-1),2019210060020B91594,,3,,14,1-17周,0,谭薇,1-17周 周一 第5节-第6节 仙Ⅰ-315,2.0,外国语学院,否,理论+实践课程,周一,2019-2020-2,,2019210060020B91594,2019外国语学院西班牙语,0,仙林校区,2019-2020学年 第2学期,91594,仙Ⅰ-315,0.0,否,,5,16,,16,0,初西班牙语初级视听说（二）,11,第5节-第6节,仙I区,10060020B
32.0,400070,西班牙语初级阅读(20192-10060030-1),201921006003091591,,3,,16,1-17周,0,李易非,1-17周 周四 第3节-第4节 仙Ⅰ-315,2.0,外国语学院,否,理论+实践课程,周四,2019-2020-2,,201921006003091591,2019外国语学院西班牙语,0,仙林校区,2019-2020学年 第2学期,91591,仙Ⅰ-315,0.0,否,,5,16,,16,0,西班牙语初级阅读,11,第3节-第4节,仙I区,10060030
128.0,400070,中级西班牙语(二)(20192-10060040B-1),2019210060040B91595,,3,,23,"1-17周,1-17周,1-17周",0,"谭薇,裴枫","1-17周 周三 第1节-第2节 仙Ⅰ-323,1-17周 周四 第1节-第4节 仙Ⅰ-323,1-17周 周一 第1节-第4节 仙Ⅰ-323",8.0,外国语学院,否,理论类课程,"周一,周三,周四",2019-2020-2,,2019210060040B91595,2018外国语学院西班牙语,0,仙林校区,2019-2020学年 第2学期,91595,"仙Ⅰ-323,仙Ⅰ-323,仙Ⅰ-323",0.0,否,,1,160,,0,0,中级西班牙语(二),11,"第1节-第4节,第1节-第2节,第1节-第4节",仙I区,10060040B
32.0,400070,西班牙语中级视听说（二）(20192-10060050B-1),2019210060050B91596,,3,,13,1-17周,0,叶君洋,1-17周 周五 第3节-第4节 ,2.0,外国语学院,否,理论+实践课程,周五,2019-2020-2,,2019210060050B91596,2018外国语学院西班牙语,0,仙林校区,2019-2020学年 第2学期,91596,仙1-527,0.0,否,,5,16,,16,0,西班牙语中级视听说（二）,,第3节-第4节,,10060050B
32.0,400070,西班牙语中级阅读(20192-10060060B-1),2019210060060B91597,,3,,22,1-17周,0,谭薇,1-17周 周三 第3节-第4节 仙Ⅰ-322,2.0,外国语学院,否,理论+实践课程,周三,2019-2020-2,,2019210060060B91597,2018外国语学院西班牙语,0,仙林校区,2019-2020学年 第2学期,91597,仙Ⅰ-322,0.0,否,,5,16,,16,0,西班牙语中级阅读,11,第3节-第4节,仙I区,10060060B
32.0,400070,西班牙语高级视听说（二）(20192-10060080B-1),2019210060080B91602,,3,,17,1-17周,0,李静,1-17周 周三 第1节-第2节 仙Ⅰ-318,2.0,外国语学院,否,理论+实践课程,周三,2019-2020-2,,2019210060080B91602,2017外国语学院西班牙语,0,仙林校区,2019-2020学年 第2学期,91602,仙Ⅰ-318,0.0,否,,5,8,,24,0,西班牙语高级视听说（二）,11,第1节-第2节,仙I区,10060080B
32.0,400070,西班牙语高级写作(20192-10060100-1),201921006010091604,,3,,16,1-17周,0,叶君洋,1-17周 周五 第1节-第2节 仙Ⅰ-318,2.0,外国语学院,否,理论+实践课程,周五,2019-2020-2,,201921006010091604,2017外国语学院西班牙语,0,仙林校区,2019-2020学年 第2学期,91604,仙Ⅰ-318,0.0,否,,5,16,,16,0,西班牙语高级写作,11,第1节-第2节,仙I区,10060100
16.0,400070,西班牙语报刊选读（二）(20192-10060110B-1),2019210060110B91600,,3,,17,1-17周,0,李易非,1-17周 周三 第3节-第4节 仙Ⅰ-318,1.0,外国语学院,否,理论+实践课程,周三,2019-2020-2,,2019210060110B91600,2017外国语学院西班牙语,0,仙林校区,2019-2020学年 第2学期,91600,仙Ⅰ-318,0.0,否,,5,16,,16,0,西班牙语报刊选读（二）,11,第3节-第4节,仙I区,10060110B
16.0,400070,西班牙语美洲历史与文化(20192-10060140-1),201921006014091598,,3,,24,2-17周,0,Ismael Ruiz Lucenilla,2-17周 周二 第1节-第2节 仙Ⅰ-315,1.0,外国语学院,否,理论类课程,周二,2019-2020-2,,201921006014091598,2018外国语学院西班牙语,0,仙林校区,2019-2020学年 第2学期,91598,仙Ⅰ-315,0.0,否,,1,32,,0,0,西班牙语美洲历史与文化,11,第1节-第2节,仙I区,10060140
128.0,400070,基础朝鲜（韩国）语精读（二）(20192-10070130B-1),2019210070130B91617,,3,,13,"1-17周,1-17周,1-17周,1-17周",0,"李锦花,张会见","1-17周 周四 第1节-第2节 仙Ⅰ-316,1-17周 周二 第3节-第4节 仙Ⅰ-316,1-17周 周一 第3节-第4节 仙Ⅰ-316,1-17周 周五 第1节-第2节 仙Ⅰ-316",8.0,外国语学院,否,理论类课程,"周一,周二,周四,周五",2019-2020-2,,2019210070130B91617,2019外国语学院朝鲜语,0,仙林校区,2019-2020学年 第2学期,91617,"仙Ⅰ-316,仙Ⅰ-316,仙Ⅰ-316,仙Ⅰ-316",0.0,否,,1,128,,0,0,基础朝鲜（韩国）语精读（二）,11,"第3节-第4节,第3节-第4节,第1节-第2节,第1节-第2节",仙I区,10070130B
128.0,400070,中级朝鲜（韩国）语精读（二）(20192-10070150B-1),2019210070150B91621,,3,,19,"1-17周,1-17周,1-17周,1-17周",0,"吴玉梅,尹恩子","1-17周 周二 第1节-第2节 仙Ⅰ-214,1-17周 周一 第5节-第6节 仙Ⅰ-211,1-17周 周五 第3节-第4节 仙Ⅰ-214,1-17周 周四 第3节-第4节 仙Ⅰ-214",8.0,外国语学院,否,理论类课程,"周二,周四,周五,周一",2019-2020-2,,2019210070150B91621,2018外国语学院朝鲜语,0,仙林校区,2019-2020学年 第2学期,91621,"仙Ⅰ-214,仙Ⅰ-214,仙Ⅰ-214,仙Ⅰ-211",0.0,否,,1,128,,0,0,中级朝鲜（韩国）语精读（二）,11,"第1节-第2节,第3节-第4节,第3节-第4节,第5节-第6节",仙I区,10070150B
32.0,400070,朝鲜（韩国）国情概况(20192-10070160-1),201921007016091618,,3,,15,2-17周,0,徐黎明,2-17周 周三 第3节-第4节 仙Ⅰ-316,2.0,外国语学院,否,理论类课程,周三,2019-2020-2,,201921007016091618,2019外国语学院朝鲜语,0,仙林校区,2019-2020学年 第2学期,91618,仙Ⅰ-316,0.0,否,,1,32,,0,0,朝鲜（韩国）国情概况,11,第3节-第4节,仙I区,10070160
32.0,400070,朝鲜（韩国）文学史（一）(20192-10070170A-1),2019210070170A91622,,3,,18,7-17周,0,郑墡谟,7-17周 周三 第1节-第2节 仙Ⅰ-322,2.0,外国语学院,否,理论类课程,周三,2019-2020-2,,2019210070170A91622,2018外国语学院朝鲜语,0,仙林校区,2019-2020学年 第2学期,91622,仙Ⅰ-322,0.0,否,,1,32,,0,0,朝鲜（韩国）文学史（一）,11,第1节-第2节,仙I区,10070170A
32.0,400070,朝鲜（韩国）文学史（二）(20192-10070170B-1),2019210070170B91627,,3,,13,2-17周,0,徐黎明,2-17周 周四 第3节-第4节 仙Ⅰ-215,2.0,外国语学院,否,理论类课程,周四,2019-2020-2,,2019210070170B91627,2017外国语学院朝鲜语,0,仙林校区,2019-2020学年 第2学期,91627,仙Ⅰ-215,0.0,否,,1,32,,0,0,朝鲜（韩国）文学史（二）,11,第3节-第4节,仙I区,10070170B
32.0,400070,朝鲜（韩国）语言学通论(20192-10070180-1),201921007018091625,,3,,16,1-17周,0,李锦花,1-17周 周二 第5节-第6节 仙Ⅰ-215,2.0,外国语学院,否,理论类课程,周二,2019-2020-2,,201921007018091625,2017外国语学院朝鲜语,0,仙林校区,2019-2020学年 第2学期,91625,仙Ⅰ-215,0.0,否,,1,32,,0,0,朝鲜（韩国）语言学通论,11,第5节-第6节,仙I区,10070180
32.0,400070,朝鲜（韩国）通史(20192-10070190-1),201921007019091620,,3,,21,4-17周,0,崔光植,4-17周 周二 第3节-第4节 仙Ⅰ-214,2.0,外国语学院,否,理论类课程,周二,2019-2020-2,,201921007019091620,2018外国语学院朝鲜语,0,仙林校区,2019-2020学年 第2学期,91620,仙Ⅰ-214,0.0,否,,1,32,,0,0,朝鲜（韩国）通史,11,第3节-第4节,仙I区,10070190
32.0,400070,英美戏剧欣赏与实践(20192-10080020-1),201921008002091294,,3,,31,6-17周,0,"范浩,Bill Aitchison",6-17周 周二 第7节-第8节 仙Ⅰ-502,2.0,外国语学院,否,理论+实践课程,周二,2019-2020-2,,201921008002091294,2019外国语学院英语,0,仙林校区,2019-2020学年 第2学期,91294,仙Ⅰ-502,0.0,否,,5,16,,16,0,英美戏剧欣赏与实践,11,第7节-第8节,仙I区,10080020
32.0,400070,演讲与辩论(20192-10080030-1),201921008003091301,,3,,38,1-17周,0,陈星,1-17周 周四 第3节-第4节 仙Ⅰ-502,2.0,外国语学院,否,理论+实践课程,周四,2019-2020-2,,201921008003091301,2019外国语学院英语,0,仙林校区,2019-2020学年 第2学期,91301,仙Ⅰ-502,0.0,否,,5,16,,16,0,演讲与辩论,11,第3节-第4节,仙I区,10080030
32.0,400070,英语文化选读(二)(20192-10080050B-1),2019210080050B91295,,3,,21,2-17周,0,高虹,2-17周 周一 第1节-第2节 仙Ⅰ-502,2.0,外国语学院,否,理论类课程,周一,2019-2020-2,,2019210080050B91295,2019外国语学院英语,0,仙林校区,2019-2020学年 第2学期,91295,仙Ⅰ-502,0.0,否,,1,32,,0,0,英语文化选读(二),11,第1节-第2节,仙I区,10080050B
32.0,400070,英语听力(二)(20192-10080060B-1),2019210080060B91296,,3,,33,2-17周,0,高虹,2-17周 周五 第1节-第2节 ,2.0,外国语学院,否,理论类课程,周五,2019-2020-2,,2019210080060B91296,2019外国语学院英语,0,仙林校区,2019-2020学年 第2学期,91296,仙1-526,0.0,否,,1,32,,0,0,英语听力(二),,第1节-第2节,,10080060B
32.0,400070,英语口语交际(二)(20192-10080070B-1),2019210080070B91297,,3,,22,1-17周,0,Tony Sansotta,1-17周 周五 第3节-第4节 仙Ⅰ-503,2.0,外国语学院,否,理论+实践课程,周五,2019-2020-2,,2019210080070B91297,2019外国语学院英语,0,仙林校区,2019-2020学年 第2学期,91297,仙Ⅰ-503,0.0,否,,5,16,,16,0,英语口语交际(二),11,第3节-第4节,仙I区,10080070B
32.0,400070,英语口语交际(二)(20192-10080070B-2),2019210080070B91298,,3,,12,1-17周,0,Tony Sansotta,1-17周 周五 第5节-第6节 仙Ⅰ-503,2.0,外国语学院,否,理论+实践课程,周五,2019-2020-2,,2019210080070B91298,2019外国语学院英语,0,仙林校区,2019-2020学年 第2学期,91298,仙Ⅰ-503,0.0,否,,5,16,,16,0,英语口语交际(二),11,第5节-第6节,仙I区,10080070B
32.0,400070,翻译理论与实践(指选)(二)(20192-10080090B-1),2019210080090B91356,,3,,3,2-17周,0,刘润泽,2-17周 周一 第7节-第8节 仙Ⅰ-503,2.0,外国语学院,否,理论+实践课程,周一,2019-2020-2,,2019210080090B91356,2017外国语学院英语,0,仙林校区,2019-2020学年 第2学期,91356,仙Ⅰ-503,0.0,否,,5,16,,16,0,翻译理论与实践(指选)(二),11,第7节-第8节,仙I区,10080090B
32.0,400070,英语学术论文写作(指选)(二)(20192-10080120B-1),2019210080120B91364,,3,,37,1-17周,0,孙红卫,1-17周 周三 第5节-第6节 仙Ⅰ-506,2.0,外国语学院,否,理论类课程,周三,2019-2020-2,,2019210080120B91364,2016外国语学院英语,0,仙林校区,2019-2020学年 第2学期,91364,仙Ⅰ-506,0.0,否,,1,32,,0,0,英语学术论文写作(指选)(二),11,第5节-第6节,仙I区,10080120B
32.0,400070,英语学术论文写作(指选)(二)(20192-10080120B-2),2019210080120B91365,,3,,27,1-17周,0,俞希,1-17周 周二 第5节-第6节 仙Ⅰ-506,2.0,外国语学院,否,理论类课程,周二,2019-2020-2,,2019210080120B91365,2016外国语学院英语,0,仙林校区,2019-2020学年 第2学期,91365,仙Ⅰ-506,0.0,否,,1,32,,0,0,英语学术论文写作(指选)(二),11,第5节-第6节,仙I区,10080120B
32.0,400070,英语测试(20192-10080140-1),201921008014091315,,3,,34,2-17周,0,高虹,2-17周 周五 第3节-第4节 ,2.0,外国语学院,否,理论+实践课程,周五,2019-2020-2,,201921008014091315,2018外国语学院英语,0,仙林校区,2019-2020学年 第2学期,91315,仙1-526,0.0,否,,5,16,,16,0,英语测试,,第3节-第4节,,10080140
32.0,400070,英语新闻写作(20192-10080150-1),201921008015091357,,3,,9,1-17周,0,俞希,1-17周 周二 第3节-第4节 仙Ⅰ-508,2.0,外国语学院,否,理论+实践课程,周二,2019-2020-2,,201921008015091357,2017外国语学院英语,0,仙林校区,2019-2020学年 第2学期,91357,仙Ⅰ-508,0.0,否,,5,16,,16,0,英语新闻写作,11,第3节-第4节,仙I区,10080150
32.0,400070,英美戏剧研究(20192-10080180-1),201921008018091345,,3,,6,1-17周,0,朱雪峰,1-17周 周二 第7节-第8节 仙Ⅰ-504,2.0,外国语学院,否,理论类课程,周二,2019-2020-2,,201921008018091345,2017外国语学院英语,0,仙林校区,2019-2020学年 第2学期,91345,仙Ⅰ-504,0.0,否,,1,32,,0,0,英美戏剧研究,11,第7节-第8节,仙I区,10080180
32.0,400070,语用学(20192-10080250-1),201921008025091362,,3,,0,1-17周,0,陈新仁,1-17周 周三 第3节-第4节 仙Ⅰ-504,2.0,外国语学院,否,理论类课程,周三,2019-2020-2,,201921008025091362,2016外国语学院英语,0,仙林校区,2019-2020学年 第2学期,91362,仙Ⅰ-504,0.0,否,,1,32,,0,0,语用学,11,第3节-第4节,仙I区,10080250
32.0,400070,国际贸易理论与政策(20192-10080360-1),201921008036091358,,3,,3,1-17周,0,常晨,1-17周 周五 第1节-第2节 仙Ⅰ-503,2.0,外国语学院,否,理论+实践课程,周五,2019-2020-2,,201921008036091358,2017外国语学院英语,0,仙林校区,2019-2020学年 第2学期,91358,仙Ⅰ-503,0.0,否,,5,24,,8,0,国际贸易理论与政策,11,第1节-第2节,仙I区,10080360
32.0,400070,基础口语(二)(20192-10080450B-1),2019210080450B91496,,3,,13,1-17周,0,尼娜·韦尔图诺娃,1-17周 周一 第1节-第2节 仙Ⅰ-505,2.0,外国语学院,否,实践类课程,周一,2019-2020-2,,2019210080450B91496,2019外国语学院俄语,0,仙林校区,2019-2020学年 第2学期,91496,仙Ⅰ-505,0.0,否,,3,0,,32,0,基础口语(二),11,第1节-第2节,仙I区,10080450B
32.0,400070,基础口语(四)(20192-10080450D-1),2019210080450D91503,,3,,8,1-17周,0,尼娜·韦尔图诺娃,1-17周 周一 第3节-第4节 仙Ⅰ-508,2.0,外国语学院,否,实践类课程,周一,2019-2020-2,,2019210080450D91503,2018外国语学院俄语,0,仙林校区,2019-2020学年 第2学期,91503,仙Ⅰ-508,0.0,否,,3,0,,32,0,基础口语(四),11,第3节-第4节,仙I区,10080450D
32.0,400070,基础视听说(三)(20192-10080460C-1),2019210080460C91499,,3,,14,1-17周,0,孙飞燕,1-17周 周二 第3节-第4节 仙Ⅰ-509,2.0,外国语学院,否,理论类课程,周二,2019-2020-2,,2019210080460C91499,2018外国语学院俄语,0,仙林校区,2019-2020学年 第2学期,91499,仙Ⅰ-509,0.0,否,,1,32,,0,0,基础视听说(三),11,第3节-第4节,仙I区,10080460C
32.0,400070,中级口语(二)(20192-10080470B-1),2019210080470B91509,,3,,5,1-17周,0,尼娜·韦尔图诺娃,1-17周 周二 第7节-第8节 仙Ⅰ-505,2.0,外国语学院,否,实践类课程,周二,2019-2020-2,,2019210080470B91509,2017外国语学院俄语,0,仙林校区,2019-2020学年 第2学期,91509,仙Ⅰ-505,0.0,否,,3,0,,32,0,中级口语(二),11,第7节-第8节,仙I区,10080470B
32.0,400070,中级视听说(二)(20192-10080480B-1),2019210080480B91510,,3,,12,1-17周,0,杨正,1-17周 周一 第1节-第2节 仙Ⅰ-512,2.0,外国语学院,否,理论类课程,周一,2019-2020-2,,2019210080480B91510,2017外国语学院俄语,0,仙林校区,2019-2020学年 第2学期,91510,仙Ⅰ-512,0.0,否,,1,32,,0,0,中级视听说(二),11,第1节-第2节,仙I区,10080480B
32.0,400070,高级口语(二)(20192-10080510B-1),2019210080510B91516,,3,,3,1-17周,0,尼娜·韦尔图诺娃,1-17周 周一 第5节-第6节 仙Ⅰ-508,2.0,外国语学院,否,实践类课程,周一,2019-2020-2,,2019210080510B91516,2016外国语学院俄语,0,仙林校区,2019-2020学年 第2学期,91516,仙Ⅰ-508,0.0,否,,3,0,,32,0,高级口语(二),11,第5节-第6节,仙I区,10080510B
32.0,400070,高级阅读(二)(20192-10080520B-1),2019210080520B91513,,3,,0,,0,,,2.0,外国语学院,否,理论类课程,,2019-2020-2,,2019210080520B91513,,0,仙林校区,2019-2020学年 第2学期,91513,,0.0,否,,1,32,,0,0,高级阅读(二),,,,10080520B
16.0,400070,俄语实践修辞(20192-10080540-1),201921008054091515,,3,,5,1-17周,0,王加兴,1-17周 周四 第3节-第4节 仙Ⅰ-505,1.0,外国语学院,否,理论+实践课程,周四,2019-2020-2,,201921008054091515,2016外国语学院俄语,0,仙林校区,2019-2020学年 第2学期,91515,仙Ⅰ-505,0.0,否,,5,16,,16,0,俄语实践修辞,11,第3节-第4节,仙I区,10080540
16.0,400070,俄汉、汉俄口译(20192-10080570-1),201921008057091511,,3,,5,1-17周,0,汪磊,1-17周 周三 第5节-第6节 仙Ⅰ-511,1.0,外国语学院,否,理论类课程,周三,2019-2020-2,,201921008057091511,2017外国语学院俄语,0,仙林校区,2019-2020学年 第2学期,91511,仙Ⅰ-511,0.0,否,,1,32,,0,0,俄汉、汉俄口译,11,第5节-第6节,仙I区,10080570
16.0,400070,俄语语言与文化(20192-10080580-1),201921008058091512,,3,,9,1-17周,0,娜塔莉亚·科瓦廖娃,1-17周 周一 第3节-第4节 仙Ⅰ-510,1.0,外国语学院,否,理论类课程,周一,2019-2020-2,,201921008058091512,2017外国语学院俄语,0,仙林校区,2019-2020学年 第2学期,91512,仙Ⅰ-510,0.0,否,,1,32,,0,0,俄语语言与文化,11,第3节-第4节,仙I区,10080580
16.0,400070,毕业论文写作(20192-10080590-1),201921008059091518,,3,,15,7-17周,0,张俊翔,7-17周 周三 第5节-第6节 仙Ⅰ-507,1.0,外国语学院,否,理论+实践课程,周三,2019-2020-2,,201921008059091518,2016外国语学院俄语,0,仙林校区,2019-2020学年 第2学期,91518,仙Ⅰ-507,0.0,否,,5,16,,16,0,毕业论文写作,11,第5节-第6节,仙I区,10080590
16.0,400070,经贸日语(20192-10080650-1),201921008065091526,,3,,8,1-17周,0,杉本英世,1-17周 周三 第3节-第4节 仙Ⅰ-511,2.0,外国语学院,否,实践类课程,周三,2019-2020-2,,201921008065091526,2017外国语学院日语,0,仙林校区,2019-2020学年 第2学期,91526,仙Ⅰ-511,0.0,否,,3,0,,32,0,经贸日语,11,第3节-第4节,仙I区,10080650
16.0,400070,同声传译(二)(20192-10080660B-1),2019210080660B91530,,3,,8,1-17周,0,赵仲明,1-17周 周四 第1节-第2节 ,1.0,外国语学院,否,,周四,2019-2020-2,,2019210080660B91530,2016外国语学院日语,0,仙林校区,2019-2020学年 第2学期,91530,仙1-523,,否,,,,,,0,同声传译(二),,第1节-第2节,,10080660B
16.0,400070,文学翻译(二)(20192-10080670B-1),2019210080670B91531,,3,,12,1-17周,0,汪平,1-17周 周一 第1节-第2节 仙Ⅰ-513,1.0,外国语学院,否,理论类课程,周一,2019-2020-2,,2019210080670B91531,2016外国语学院日语,0,仙林校区,2019-2020学年 第2学期,91531,仙Ⅰ-513,0.0,否,,1,16,,0,0,文学翻译(二),11,第1节-第2节,仙I区,10080670B
16.0,400070,日语专题讲座与专业活动（二）(20192-10080700B-1),2019210080700B91532,,3,,16,2-16周(双),0,刘东波,2-16周(双) 周一 第3节-第4节 仙Ⅰ-514,1.0,外国语学院,否,理论类课程,周一,2019-2020-2,,2019210080700B91532,2016外国语学院日语,0,仙林校区,2019-2020学年 第2学期,91532,仙Ⅰ-514,0.0,否,,1,16,,0,0,日语专题讲座与专业活动（二）,11,第3节-第4节,仙I区,10080700B
16.0,400070,初级口语(二)(20192-10080710B-1),2019210080710B91535,,3,,17,1-17周,0,Nicolas Monbertrand,1-17周 周二 第5节-第6节 仙Ⅰ-511,1.0,外国语学院,否,理论+实践课程,周二,2019-2020-2,,2019210080710B91535,2019外国语学院法语,0,仙林校区,2019-2020学年 第2学期,91535,仙Ⅰ-511,0.0,否,,5,16,,16,0,初级口语(二),11,第5节-第6节,仙I区,10080710B
16.0,400070,中级口语(二)(20192-10080720B-1),2019210080720B91539,,3,,13,1-17周,0,Nicolas Monbertrand,1-17周 周二 第7节-第8节 仙Ⅰ-511,1.0,外国语学院,否,理论+实践课程,周二,2019-2020-2,,2019210080720B91539,2018外国语学院法语,0,仙林校区,2019-2020学年 第2学期,91539,仙Ⅰ-511,0.0,否,,5,16,,16,0,中级口语(二),11,第7节-第8节,仙I区,10080720B
16.0,400070,法国概况(二)(20192-10080730B-1),2019210080730B91540,,3,,18,1-17周,0,张晓明,1-17周 周五 第3节-第4节 仙Ⅰ-511,1.0,外国语学院,否,理论+实践课程,周五,2019-2020-2,,2019210080730B91540,2018外国语学院法语,0,仙林校区,2019-2020学年 第2学期,91540,仙Ⅰ-511,0.0,否,,5,16,,16,0,法国概况(二),11,第3节-第4节,仙I区,10080730B
16.0,400070,高级视听(二)(20192-10080740B-1),2019210080740B91545,,3,,2,1-17周,0,Fabien Scouarnec,1-17周 周一 第5节-第6节 仙Ⅰ-514,1.0,外国语学院,否,理论+实践课程,周一,2019-2020-2,,2019210080740B91545,2017外国语学院法语,0,仙林校区,2019-2020学年 第2学期,91545,仙Ⅰ-514,0.0,否,,5,16,,16,0,高级视听(二),11,第5节-第6节,仙I区,10080740B
16.0,400070,初级口译(二)(20192-10080750B-1),2019210080750B91546,,3,,5,1-17周,0,张晓明,1-17周 周五 第5节-第6节 仙Ⅰ-511,1.0,外国语学院,否,理论+实践课程,周五,2019-2020-2,,2019210080750B91546,2017外国语学院法语,0,仙林校区,2019-2020学年 第2学期,91546,仙Ⅰ-511,0.0,否,,5,16,,16,0,初级口译(二),11,第5节-第6节,仙I区,10080750B
16.0,400070,翻译理论与实践(法译汉)(二)(20192-10080770B-1),2019210080770B91548,,3,,11,1-17周,0,张璐,1-17周 周一 第3节-第4节 仙Ⅰ-512,1.0,外国语学院,否,理论+实践课程,周一,2019-2020-2,,2019210080770B91548,2017外国语学院法语,0,仙林校区,2019-2020学年 第2学期,91548,仙Ⅰ-512,0.0,否,,5,16,,16,0,翻译理论与实践(法译汉)(二),11,第3节-第4节,仙I区,10080770B
16.0,400070,高级口译(二)(20192-10080790B-1),2019210080790B91551,,3,,7,1-17周,0,张晓明,1-17周 周三 第5节-第6节 仙Ⅰ-515,1.0,外国语学院,否,理论+实践课程,周三,2019-2020-2,,2019210080790B91551,2016外国语学院法语,0,仙林校区,2019-2020学年 第2学期,91551,仙Ⅰ-515,0.0,否,,5,16,,16,0,高级口译(二),11,第5节-第6节,仙I区,10080790B
16.0,400070,高级写作(二)(20192-10080800B-1),2019210080800B91552,,3,,1,1-17周,0,Nicolas Monbertrand,1-17周 周三 第1节-第2节 仙Ⅰ-512,1.0,外国语学院,否,理论类课程,周三,2019-2020-2,,2019210080800B91552,2016外国语学院法语,0,仙林校区,2019-2020学年 第2学期,91552,仙Ⅰ-512,0.0,否,,1,16,,0,0,高级写作(二),11,第1节-第2节,仙I区,10080800B
16.0,400070,法国经济(二)(20192-10080810B-1),2019210080810B91553,,3,,0,,0,,,1.0,外国语学院,否,理论类课程,,2019-2020-2,,2019210080810B91553,,0,仙林校区,2019-2020学年 第2学期,91553,,0.0,否,,1,16,,0,0,法国经济(二),,,,10080810B
48.0,400070,论文写作(20192-10080820-1),201921008082091549,,3,,0,,0,,,3.0,外国语学院,否,理论+实践课程,,2019-2020-2,,201921008082091549,,0,仙林校区,2019-2020学年 第2学期,91549,,0.0,否,,5,32,,32,0,论文写作,,,,10080820
16.0,400070,新闻阅读(二)(20192-10080830B-1),2019210080830B91547,,3,,1,1-17周,0,Fabien Scouarnec,1-17周 周一 第7节-第8节 仙Ⅰ-514,1.0,外国语学院,否,理论+实践课程,周一,2019-2020-2,,2019210080830B91547,2017外国语学院法语,0,仙林校区,2019-2020学年 第2学期,91547,仙Ⅰ-514,0.0,否,,5,16,,16,0,新闻阅读(二),11,第7节-第8节,仙I区,10080830B
16.0,400070,法语文体学(20192-10080850-1),201921008085091542,,3,,19,1-17周,0,张璐,1-17周 周一 第1节-第2节 仙Ⅰ-511,1.0,外国语学院,否,理论类课程,周一,2019-2020-2,,201921008085091542,2018外国语学院法语,0,仙林校区,2019-2020学年 第2学期,91542,仙Ⅰ-511,0.0,否,,1,32,,0,0,法语文体学,11,第1节-第2节,仙I区,10080850
16.0,400070,法语专题讲座与专业活动(二)(20192-10080890B-1),2019210080890B91554,,3,,1,2-16周(双),0,Nicolas Monbertrand,2-16周(双) 周三 第3节-第4节 仙Ⅰ-512,1.0,外国语学院,否,理论类课程,周三,2019-2020-2,,2019210080890B91554,2016外国语学院法语,0,仙林校区,2019-2020学年 第2学期,91554,仙Ⅰ-512,0.0,否,,1,16,,0,0,法语专题讲座与专业活动(二),11,第3节-第4节,仙I区,10080890B
16.0,400070,外教口语(一)(20192-10080900A-1),2019210080900A91555,,3,,21,1-17周,0,Almut Roberts,1-17周 周二 第3节-第4节 仙Ⅰ-322,1.0,外国语学院,否,理论类课程,周二,2019-2020-2,,2019210080900A91555,2019外国语学院德语,0,仙林校区,2019-2020学年 第2学期,91555,仙Ⅰ-322,0.0,否,,1,16,,0,0,外教口语(一),11,第3节-第4节,仙I区,10080900A
32.0,400070,初级视听说(二)(20192-10080910B-1),2019210080910B91558,,3,,21,"1-17周,1-17周",0,常晅,"1-17周 周五 第1节-第2节 仙Ⅰ-409,1-17周 周二 第5节-第6节 仙Ⅰ-409",2.0,外国语学院,否,理论+实践课程,"周二,周五",2019-2020-2,,2019210080910B91558,2019外国语学院德语,0,仙林校区,2019-2020学年 第2学期,91558,"仙Ⅰ-409,仙Ⅰ-409",0.0,否,,5,32,,32,0,初级视听说(二),11,"第5节-第6节,第1节-第2节",仙I区,10080910B
16.0,400070,中级视听说(二)(20192-10080920B-1),2019210080920B91564,,3,,21,1-17周,0,Almut Roberts,1-17周 周二 第1节-第2节 仙Ⅰ-322,1.0,外国语学院,否,理论+实践课程,周二,2019-2020-2,,2019210080920B91564,2018外国语学院德语,0,仙林校区,2019-2020学年 第2学期,91564,仙Ⅰ-322,0.0,否,,5,16,,16,0,中级视听说(二),11,第1节-第2节,仙I区,10080920B
32.0,400070,德语文学史(一)(20192-10081010A-1),2019210081010A91570,,3,,4,1-17周,0,陈民,1-17周 周三 第3节-第4节 仙Ⅰ-410,2.0,外国语学院,否,理论类课程,周三,2019-2020-2,,2019210081010A91570,2017外国语学院德语,0,仙林校区,2019-2020学年 第2学期,91570,仙Ⅰ-410,0.0,否,,1,32,,0,0,德语文学史(一),11,第3节-第4节,仙I区,10081010A
32.0,400070,德语文学经典选读(一)(20192-10081020A-1),2019210081020A91578,,3,,4,1-17周,0,钦文,1-17周 周五 第3节-第4节 仙Ⅰ-410,2.0,外国语学院,否,理论类课程,周五,2019-2020-2,,2019210081020A91578,2017外国语学院德语,0,仙林校区,2019-2020学年 第2学期,91578,仙Ⅰ-410,0.0,否,,1,32,,0,0,德语文学经典选读(一),11,第3节-第4节,仙I区,10081020A
16.0,400070,德语口译(二)(20192-10081040B-1),2019210081040B91589,,3,,9,1-17周,0,钦文,1-17周 周五 第1节-第2节 仙Ⅰ-324,1.0,外国语学院,否,理论+实践课程,周五,2019-2020-2,,2019210081040B91589,2016外国语学院德语,0,仙林校区,2019-2020学年 第2学期,91589,仙Ⅰ-324,0.0,否,,5,16,,16,0,德语口译(二),11,第1节-第2节,仙I区,10081040B
32.0,400070,翻译理论与实践(德译中)(二)(20192-10081050B-1),2019210081050B91573,,3,,4,1-17周,0,钦文,1-17周 周四 第1节-第2节 仙Ⅰ-410,2.0,外国语学院,否,理论+实践课程,周四,2019-2020-2,,2019210081050B91573,2017外国语学院德语,0,仙林校区,2019-2020学年 第2学期,91573,仙Ⅰ-410,0.0,否,,5,16,,16,0,翻译理论与实践(德译中)(二),11,第1节-第2节,仙I区,10081050B
16.0,400070,翻译理论与实践(中译德)(二)(20192-10081060B-1),2019210081060B91583,,3,,9,1-17周,0,常晅,1-17周 周五 第5节-第6节 仙Ⅰ-324,1.0,外国语学院,否,理论+实践课程,周五,2019-2020-2,,2019210081060B91583,2016外国语学院德语,0,仙林校区,2019-2020学年 第2学期,91583,仙Ⅰ-324,0.0,否,,5,16,,16,0,翻译理论与实践(中译德)(二),11,第5节-第6节,仙I区,10081060B
32.0,400070,商务西班牙语(20192-10081110-1),201921008111091605,,3,,13,1-17周,0,李易非,1-17周 周四 第1节-第2节 仙Ⅰ-318,2.0,外国语学院,否,理论+实践课程,周四,2019-2020-2,,201921008111091605,2017外国语学院西班牙语,0,仙林校区,2019-2020学年 第2学期,91605,仙Ⅰ-318,0.0,否,,5,16,,16,0,商务西班牙语,11,第1节-第2节,仙I区,10081110
32.0,400070,拉丁美洲文学史(20192-10081130-1),201921008113091606,,3,,4,1-17周,0,莫娅妮,1-17周 周五 第3节-第4节 仙Ⅰ-318,2.0,外国语学院,否,理论类课程,周五,2019-2020-2,,201921008113091606,2017外国语学院西班牙语,0,仙林校区,2019-2020学年 第2学期,91606,仙Ⅰ-318,0.0,否,,1,32,,0,0,拉丁美洲文学史,11,第3节-第4节,仙I区,10081130
32.0,400070,西班牙语笔译（二）(20192-10081140B-1),2019210081140B91603,,3,,17,1-17周,0,张伟劼,1-17周 周二 第3节-第4节 仙Ⅰ-318,2.0,外国语学院,否,理论+实践课程,周二,2019-2020-2,,2019210081140B91603,2017外国语学院西班牙语,0,仙林校区,2019-2020学年 第2学期,91603,仙Ⅰ-318,0.0,否,,5,16,,16,0,西班牙语笔译（二）,11,第3节-第4节,仙I区,10081140B
32.0,400070,西班牙语口译（一）(20192-10081170A-1),2019210081170A91601,,3,,17,1-17周,0,宋尽冬,1-17周 周二 第1节-第2节 ,2.0,外国语学院,否,理论+实践课程,周二,2019-2020-2,,2019210081170A91601,2017外国语学院西班牙语,0,仙林校区,2019-2020学年 第2学期,91601,仙1-527,0.0,否,,5,16,,16,0,西班牙语口译（一）,,第1节-第2节,,10081170A
32.0,400070,西班牙语口译（三）(20192-10081170C-1),2019210081170C91610,,3,,4,1-17周,0,宋尽冬,1-17周 周二 第3节-第4节 ,2.0,外国语学院,否,理论+实践课程,周二,2019-2020-2,,2019210081170C91610,2016外国语学院西班牙语,0,仙林校区,2019-2020学年 第2学期,91610,仙1-527,0.0,否,,5,16,,16,0,西班牙语口译（三）,,第3节-第4节,,10081170C
32.0,400070,西班牙语论文写作研讨(20192-10081190-1),201921008119091612,,3,,5,1-17周,0,张伟劼,1-17周 周四 第1节-第2节 仙Ⅰ-513,2.0,外国语学院,否,理论+实践课程,周四,2019-2020-2,,201921008119091612,2016外国语学院西班牙语,0,仙林校区,2019-2020学年 第2学期,91612,仙Ⅰ-513,0.0,否,,5,16,,16,0,西班牙语论文写作研讨,11,第1节-第2节,仙I区,10081190
32.0,400070,西班牙语专题讲座与专业活动(二)(20192-10081200B-1),2019210081200B91611,,3,,1,1-17周,0,叶君洋,1-17周 周四 第3节-第4节 仙Ⅰ-513,2.0,外国语学院,否,理论+实践课程,周四,2019-2020-2,,2019210081200B91611,2016外国语学院西班牙语,0,仙林校区,2019-2020学年 第2学期,91611,仙Ⅰ-513,0.0,否,,5,16,,16,0,西班牙语专题讲座与专业活动(二),11,第3节-第4节,仙I区,10081200B
32.0,400070,西班牙语语法(20192-10081210-1),201921008121091599,,3,,22,1-17周,0,裴枫,1-17周 周一 第5节-第6节 仙Ⅰ-322,2.0,外国语学院,否,理论类课程,周一,2019-2020-2,,201921008121091599,2018外国语学院西班牙语,0,仙林校区,2019-2020学年 第2学期,91599,仙Ⅰ-322,0.0,否,,1,32,,0,0,西班牙语语法,11,第5节-第6节,仙I区,10081210
32.0,400070,现当代英美小说(20192-10081410-1),201921008141091367,,3,,6,1-17周,0,何宁,1-17周 周二 第3节-第4节 ,2.0,外国语学院,否,理论类课程,周二,2019-2020-2,,201921008141091367,2016外国语学院英语,0,仙林校区,2019-2020学年 第2学期,91367,侨裕楼457,0.0,否,,1,32,,0,0,现当代英美小说,,第3节-第4节,,10081410
32.0,400070,西班牙语电影赏析(20192-10081480-1),201921008148091613,,3,,2,2-17周,0,Ismael Ruiz Lucenilla,2-17周 周一 第1节-第2节 仙Ⅰ-410,2.0,外国语学院,否,理论+实践课程,周一,2019-2020-2,,201921008148091613,2016外国语学院西班牙语,0,仙林校区,2019-2020学年 第2学期,91613,仙Ⅰ-410,0.0,否,,5,16,,16,0,西班牙语电影赏析,11,第1节-第2节,仙I区,10081480
32.0,400070,基础朝鲜（韩国）语视听说（二）(20192-10081510B-1),2019210081510B91619,,3,,13,"1-17周,1-17周",0,刘素英,"1-17周 周一 第1节-第2节 仙Ⅰ-316,1-17周 周三 第1节-第2节 仙Ⅰ-316",2.0,外国语学院,否,理论类课程,"周一,周三",2019-2020-2,,2019210081510B91619,2019外国语学院朝鲜语,0,仙林校区,2019-2020学年 第2学期,91619,"仙Ⅰ-316,仙Ⅰ-316",0.0,否,,1,32,,0,0,基础朝鲜（韩国）语视听说（二）,11,"第1节-第2节,第1节-第2节",仙I区,10081510B
32.0,400070,中级朝鲜（韩国）语视听说（二）(20192-10081520B-1),2019210081520B91623,,3,,11,"1-17周,1-17周",0,刘素英,"1-17周 周一 第3节-第4节 仙Ⅰ-214,1-17周 周三 第3节-第4节 仙Ⅰ-214",2.0,外国语学院,否,理论类课程,"周一,周三",2019-2020-2,,2019210081520B91623,2018外国语学院朝鲜语,0,仙林校区,2019-2020学年 第2学期,91623,"仙Ⅰ-214,仙Ⅰ-214",0.0,否,,1,32,,0,0,中级朝鲜（韩国）语视听说（二）,11,"第3节-第4节,第3节-第4节",仙I区,10081520B
32.0,400070,朝鲜（韩国）语阅读写作（一）(20192-10081530A-1),2019210081530A91626,,3,,10,7-17周,0,郑墡谟,7-17周 周三 第3节-第4节 仙Ⅰ-215,2.0,外国语学院,否,理论+实践课程,周三,2019-2020-2,,2019210081530A91626,2017外国语学院朝鲜语,0,仙林校区,2019-2020学年 第2学期,91626,仙Ⅰ-215,0.0,否,,5,16,,16,0,朝鲜（韩国）语阅读写作（一）,11,第3节-第4节,仙I区,10081530A
32.0,400070,朝鲜（韩国）语阅读写作（二）(20192-10081530B-1),2019210081530B91624,,3,,0,,0,,,2.0,外国语学院,否,理论+实践课程,,2019-2020-2,,2019210081530B91624,,0,仙林校区,2019-2020学年 第2学期,91624,,0.0,否,,5,16,,16,0,朝鲜（韩国）语阅读写作（二）,,,,10081530B
32.0,400070,当代韩国作家解读(20192-10081540-1),201921008154091615,,3,,4,2-17周,0,徐黎明,2-17周 周三 第5节-第6节 仙Ⅰ-214,2.0,外国语学院,否,理论+实践课程,周三,2019-2020-2,,201921008154091615,2016外国语学院朝鲜语,0,仙林校区,2019-2020学年 第2学期,91615,仙Ⅰ-214,0.0,否,,5,16,,16,0,当代韩国作家解读,11,第5节-第6节,仙I区,10081540
32.0,400070,中朝（韩）交流史(20192-10081610-1),201921008161091628,,3,,0,,0,,,2.0,外国语学院,否,理论+实践课程,,2019-2020-2,,201921008161091628,,0,仙林校区,2019-2020学年 第2学期,91628,,0.0,否,,5,16,,16,0,中朝（韩）交流史,,,,10081610
32.0,400070,经贸朝鲜（韩国）语(20192-10081700-1),201921008170091616,,3,,0,,0,,,2.0,外国语学院,否,理论+实践课程,,2019-2020-2,,201921008170091616,,0,仙林校区,2019-2020学年 第2学期,91616,,0.0,否,,5,16,,16,0,人工智能在经贸朝鲜（韩国）语中的应用,,,,10081700
16.0,400070,旅游俄语(20192-10081800-1),201921008180091505,,3,,6,1-17周,0,汪磊,1-17周 周一 第5节-第6节 仙Ⅰ-511,1.0,外国语学院,否,理论类课程,周一,2019-2020-2,,201921008180091505,2017外国语学院俄语,0,仙林校区,2019-2020学年 第2学期,91505,仙Ⅰ-511,0.0,否,,1,32,,0,0,旅游俄语,11,第5节-第6节,仙I区,10081800
32.0,400070,他者的再现(20192-10081830-1),201921008183091359,,3,,5,1-17周,0,何成洲,1-17周 周三 第3节-第4节 仙Ⅰ-503,2.0,外国语学院,否,理论类课程,周三,2019-2020-2,,201921008183091359,2017外国语学院英语,0,仙林校区,2019-2020学年 第2学期,91359,仙Ⅰ-503,0.0,否,,1,32,,0,0,他者的再现,11,第3节-第4节,仙I区,10081830
32.0,400070,美国自然书写与生态批评(20192-10081840-1),201921008184091360,,3,,2,1-17周,0,方红,1-17周 周五 第3节-第4节 仙Ⅰ-502,2.0,外国语学院,否,理论类课程,周五,2019-2020-2,,201921008184091360,2017外国语学院英语,0,仙林校区,2019-2020学年 第2学期,91360,仙Ⅰ-502,0.0,否,,1,32,,0,0,英语旅行文学,11,第3节-第4节,仙I区,10081840
32.0,400070,女性成长小说(20192-10081860-1),201921008186091299,,3,,12,1-17周,0,方红,1-17周 周二 第9节-第10节 仙Ⅰ-502,2.0,外国语学院,否,理论类课程,周二,2019-2020-2,,201921008186091299,2019外国语学院英语,0,仙林校区,2019-2020学年 第2学期,91299,仙Ⅰ-502,0.0,否,,1,32,,0,0,女性成长小说,11,第9节-第10节,仙I区,10081860
32.0,400070,英语词汇学(20192-10081880-1),201921008188091361,,3,,8,2-17周,0,任裕海,2-17周 周三 第1节-第2节 仙Ⅰ-503,2.0,外国语学院,否,理论类课程,周三,2019-2020-2,,201921008188091361,2017外国语学院英语,0,仙林校区,2019-2020学年 第2学期,91361,仙Ⅰ-503,0.0,否,,1,28,,4,0,英语词汇学,11,第1节-第2节,仙I区,10081880
32.0,400070,圣经文学导论(20192-10081900-1),201921008190091330,,3,,7,1-17周,0,解友广,1-17周 周四 第3节-第4节 仙Ⅰ-503,2.0,外国语学院,否,理论类课程,周四,2019-2020-2,,201921008190091330,2018外国语学院英语,0,仙林校区,2019-2020学年 第2学期,91330,仙Ⅰ-503,0.0,否,,1,32,,0,0,圣经文学导论,11,第3节-第4节,仙I区,10081900
32.0,400070,文学与人生(20192-10081930-1),201921008193091302,,3,,26,1-17周,0,范浩,1-17周 周二 第5节-第6节 仙Ⅰ-502,2.0,外国语学院,否,理论类课程,周二,2019-2020-2,,201921008193091302,2019外国语学院英语,0,仙林校区,2019-2020学年 第2学期,91302,仙Ⅰ-502,0.0,否,,1,32,,0,0,文学与人生,11,第5节-第6节,仙I区,10081930
32.0,400070,二语写作研究(20192-10081940-1),201921008194091368,,3,,1,1-17周,0,徐昉,1-17周 周四 第3节-第4节 仙Ⅰ-504,2.0,外国语学院,否,理论类课程,周四,2019-2020-2,,201921008194091368,2016外国语学院英语,0,仙林校区,2019-2020学年 第2学期,91368,仙Ⅰ-504,0.0,否,,1,32,,0,0,二语写作研究,11,第3节-第4节,仙I区,10081940
32.0,400070,西班牙艺术名作赏析(20192-10082000-1),201921008200091607,,3,,10,7-17周,0,张伟劼,7-17周 周四 第3节-第4节 仙Ⅰ-318,2.0,外国语学院,否,理论类课程,周四,2019-2020-2,,201921008200091607,2017外国语学院西班牙语,0,仙林校区,2019-2020学年 第2学期,91607,仙Ⅰ-318,0.0,否,,1,32,,0,0,西班牙艺术名作赏析,11,第3节-第4节,仙I区,10082000
16.0,400070,法语语音语法(20192-10082010-1),201921008201091536,,3,,18,1-17周,0,吴天楚,1-17周 周一 第5节-第6节 仙Ⅰ-515,1.0,外国语学院,否,理论类课程,周一,2019-2020-2,,201921008201091536,2019外国语学院法语,0,仙林校区,2019-2020学年 第2学期,91536,仙Ⅰ-515,0.0,否,,1,32,,0,0,法语语音语法,11,第5节-第6节,仙I区,10082010
32.0,400070,西班牙语初级口语（二）(20192-10082050B-1),2019210082050B91592,,3,,14,2-17周,0,Ismael Ruiz Lucenilla,2-17周 周二 第3节-第4节 仙Ⅰ-315,2.0,外国语学院,否,理论+实践课程,周二,2019-2020-2,,2019210082050B91592,2019外国语学院西班牙语,0,仙林校区,2019-2020学年 第2学期,91592,仙Ⅰ-315,0.0,否,,5,16,,16,0,西班牙语初级口语（二）,11,第3节-第4节,仙I区,10082050B
32.0,400070,西班牙语高级口语（二）(20192-10082070B-1),2019210082070B91608,,3,,5,2-17周,0,Ismael Ruiz Lucenilla,2-17周 周一 第3节-第4节 仙Ⅰ-410,2.0,外国语学院,否,理论+实践课程,周一,2019-2020-2,,2019210082070B91608,2017外国语学院西班牙语,0,仙林校区,2019-2020学年 第2学期,91608,仙Ⅰ-410,0.0,否,,5,16,,16,0,西班牙语高级口语（二）,11,第3节-第4节,仙I区,10082070B
32.0,400070,日本经典原著解读(20192-10082100-1),201921008210091630,,3,,8,1-17周,0,彭曦,1-17周 周二 第3节-第4节 仙Ⅰ-514,2.0,外国语学院,否,理论+实践课程,周二,2019-2020-2,,201921008210091630,2017外国语学院日语,0,仙林校区,2019-2020学年 第2学期,91630,仙Ⅰ-514,0.0,否,,5,16,,16,0,日本经典原著解读,11,第3节-第4节,仙I区,10082100
32.0,400070,跨文化交流实践(20192-10082140-1),201921008214091523,,3,,19,1-17周,0,王奕红,1-17周 周二 第3节-第4节 仙Ⅰ-511,2.0,外国语学院,否,实践类课程,周二,2019-2020-2,,201921008214091523,2018外国语学院日语,0,仙林校区,2019-2020学年 第2学期,91523,仙Ⅰ-511,0.0,否,,3,0,,32,0,跨文化交流实践,11,第3节-第4节,仙I区,10082140
32.0,400070,文学翻译(20192-10082150-1),201921008215091730,,3,,8,1-17周,0,汪平,1-17周 周一 第3节-第4节 仙Ⅰ-511,2.0,外国语学院,否,理论+实践课程,周一,2019-2020-2,,201921008215091730,2017外国语学院日语,0,仙林校区,2019-2020学年 第2学期,91730,仙Ⅰ-511,0.0,否,,5,16,,16,0,文学翻译,11,第3节-第4节,仙I区,10082150
32.0,400070,英美报刊选读(20192-10082180-1),201921008218091343,,3,,22,1-17周,0,俞希,1-17周 周一 第1节-第2节 仙Ⅰ-503,2.0,外国语学院,否,理论+实践课程,周一,2019-2020-2,,201921008218091343,2018外国语学院英语,0,仙林校区,2019-2020学年 第2学期,91343,仙Ⅰ-503,0.0,否,,5,16,,16,0,英美报刊选读,11,第1节-第2节,仙I区,10082180
32.0,400070,日语写作（二）(20192-10082220B-1),2019210082220B91524,,3,,19,1-17周,0,高仓健一,1-17周 周一 第7节-第8节 仙Ⅰ-508,2.0,外国语学院,否,理论+实践课程,周一,2019-2020-2,,2019210082220B91524,2018外国语学院日语,0,仙林校区,2019-2020学年 第2学期,91524,仙Ⅰ-508,0.0,否,,5,16,,16,0,日语写作（二）,11,第7节-第8节,仙I区,10082220B
96.0,400070,日本文学专题(20192-10082230-1),201921008223093429,,3,,15,"1-17周,1-17周,1-17周",0,"刘东波,王奕红,吕斌,叶琳","1-17周 周二 第1节-第2节 仙Ⅰ-514,1-17周 周四 第1节-第2节 仙Ⅰ-514,1-17周 周三 第1节-第2节 仙Ⅰ-514",6.0,外国语学院,否,理论类课程,"周二,周三,周四",2019-2020-2,,201921008223093429,2017外国语学院日语,0,仙林校区,2019-2020学年 第2学期,93429,"仙Ⅰ-514,仙Ⅰ-514,仙Ⅰ-514",0.0,否,,1,96,,0,0,日本文学专题,11,"第1节-第2节,第1节-第2节,第1节-第2节",仙I区,10082230
32.0,400070,中世纪史诗(20192-10082270-1),201921008227091492,,3,,0,,0,,,2.0,外国语学院,否,理论类课程,,2019-2020-2,,201921008227091492,,0,仙林校区,2019-2020学年 第2学期,91492,,0.0,否,,1,32,,0,0,中世纪史诗,,,,10082270
80.0,400110,数学分析(20192-11000010B-1),2019211000010B91386,,3,,46,"1-17周,1-17周",0,苗栋,"1-17周 周三 第2节-第4节 仙Ⅱ-303,1-17周 周五 第2节-第4节 仙Ⅱ-303",5.0,数学学院,否,理论+实践课程,"周三,周五",2019-2020-2,,2019211000010B91386,2019数学学院数学类,0,仙林校区,2019-2020学年 第2学期,91386,"仙Ⅱ-303,仙Ⅱ-303",0.0,否,,5,64,,32,0,数学分析,12,"第2节-第4节,第2节-第4节",仙II区,11000010B
80.0,400110,数学分析(20192-11000010B-2),2019211000010B91387,,3,,85,"1-17周,1-17周,1-17周",0,夏建国,"1-17周 周二 第3节-第4节 仙Ⅱ-218,1-17周 周二 第5节-第6节 仙Ⅱ-218,1-17周 周四 第3节-第4节 仙Ⅱ-218",5.0,数学学院,否,理论+实践课程,"周二,周二,周四",2019-2020-2,,2019211000010B91387,2019*理科试验班（数理科学类）*数理科学类,0,仙林校区,2019-2020学年 第2学期,91387,"仙Ⅱ-218,仙Ⅱ-218,仙Ⅱ-218",0.0,否,,5,64,,32,0,数学分析,12,"第3节-第4节,第5节-第6节,第3节-第4节",仙II区,11000010B
80.0,400110,数学分析(20192-11000010B-3),2019211000010B91388,,3,,109,"1-17周,1-17周,1-17周",0,秦理真,"1-17周 周三 第3节-第4节 仙Ⅱ-218,1-17周 周三 第5节-第6节 仙Ⅱ-218,1-17周 周五 第3节-第4节 仙Ⅱ-218",5.0,数学学院,否,理论+实践课程,"周三,周三,周五",2019-2020-2,,2019211000010B91388,2019*理科试验班（数理科学类）*数理科学类,0,仙林校区,2019-2020学年 第2学期,91388,"仙Ⅱ-218,仙Ⅱ-218,仙Ⅱ-218",0.0,否,,5,64,,32,0,数学分析,12,"第3节-第4节,第5节-第6节,第3节-第4节",仙II区,11000010B
64.0,400110,高等代数(20192-11000020B-1),2019211000020B91383,,3,,47,"1-17周,1-17周,1-17周(单)",0,纪庆忠,"1-17周 周二 第1节-第2节 仙Ⅱ-318,1-17周 周四 第3节-第4节 仙Ⅱ-318,1-17周(单) 周四 第1节-第2节 仙Ⅱ-318",4.0,数学学院,否,理论+实践课程,"周二,周四,周四",2019-2020-2,,2019211000020B91383,2019数学学院数学类,0,仙林校区,2019-2020学年 第2学期,91383,"仙Ⅱ-318,仙Ⅱ-318,仙Ⅱ-318",0.0,否,,5,64,,16,0,高等代数,12,"第1节-第2节,第3节-第4节,第1节-第2节",仙II区,11000020B
64.0,400110,高等代数(20192-11000020B-2),2019211000020B91384,,3,,68,"1-17周,1-17周,1-17周(单)",0,郭学军,"1-17周 周五 第3节-第4节 仙Ⅱ-304,1-17周(单) 周五 第5节-第6节 仙Ⅱ-304,1-17周 周三 第5节-第6节 仙Ⅱ-304",4.0,数学学院,否,理论+实践课程,"周三,周五,周五",2019-2020-2,,2019211000020B91384,2019*理科试验班（数理科学类）*数理科学类,0,仙林校区,2019-2020学年 第2学期,91384,"仙Ⅱ-304,仙Ⅱ-304,仙Ⅱ-304",0.0,否,,5,64,,16,0,高等代数,12,"第5节-第6节,第3节-第4节,第5节-第6节",仙II区,11000020B
64.0,400110,高等代数(20192-11000020B-3),2019211000020B91385,,3,,111,"1-17周,1-17周,1-17周(单)",0,朱富海,"1-17周 周二 第3节-第4节 仙Ⅱ-314,1-17周(单) 周四 第5节-第6节 仙Ⅱ-314,1-17周 周四 第3节-第4节 仙Ⅱ-314",4.0,数学学院,否,理论+实践课程,"周二,周四,周四",2019-2020-2,,2019211000020B91385,2019*理科试验班（数理科学类）*数理科学类,0,仙林校区,2019-2020学年 第2学期,91385,"仙Ⅱ-314,仙Ⅱ-314,仙Ⅱ-314",0.0,否,,5,64,,16,0,高等代数,12,"第3节-第4节,第3节-第4节,第5节-第6节",仙II区,11000020B
48.0,400110,复变函数(20192-11000050-1),201921100005092756,,3,,38,1-17周,0,廖良文,1-17周 周五 第5节-第7节 仙Ⅱ-311,3.0,数学学院,否,理论类课程,周五,2019-2020-2,,201921100005092756,,0,仙林校区,2019-2020学年 第2学期,92756,仙Ⅱ-311,0.0,否,,1,48,,0,0,复变函数,12,第5节-第7节,仙II区,11000050
48.0,400110,复变函数(20192-11000050-2),201921100005092758,,3,,126,1-17周,0,张高飞,1-17周 周五 第5节-第7节 仙Ⅰ-319,3.0,数学学院,否,理论类课程,周五,2019-2020-2,,201921100005092758,,0,仙林校区,2019-2020学年 第2学期,92758,仙Ⅰ-319,0.0,否,,1,48,,0,0,复变函数,11,第5节-第7节,仙I区,11000050
64.0,400110,概率论基础(20192-11000060-1),201921100006092747,,3,,71,"1-17周,1-17周",0,代雄平,"1-17周 周一 第3节-第4节 仙Ⅱ-314,1-17周 周三 第3节-第4节 仙Ⅱ-314",4.0,数学学院,否,理论类课程,"周一,周三",2019-2020-2,,201921100006092747,,0,仙林校区,2019-2020学年 第2学期,92747,"仙Ⅱ-314,仙Ⅱ-314",0.0,否,,1,64,,0,0,概率论基础,12,"第3节-第4节,第3节-第4节",仙II区,11000060
64.0,400110,概率论基础(20192-11000060-2),201921100006092748,,3,,97,"1-17周,1-17周",0,宋玉林,"1-17周 周一 第3节-第4节 仙Ⅱ-318,1-17周 周三 第3节-第4节 仙Ⅱ-318",4.0,数学学院,否,理论类课程,"周一,周三",2019-2020-2,,201921100006092748,,0,仙林校区,2019-2020学年 第2学期,92748,"仙Ⅱ-318,仙Ⅱ-318",0.0,否,,1,64,,0,0,概率论基础,12,"第3节-第4节,第3节-第4节",仙II区,11000060
64.0,400110,数值计算与实验1(20192-11000080-1),201921100008092749,,3,,92,"1-17周,1-17周,1-17周",0,邓卫兵,"1-17周 周二 第3节-第4节 仙Ⅰ-207,1-17周 周二 第5节-第6节 ,1-17周 周四 第3节-第4节 仙Ⅰ-207",4.0,数学学院,否,理论+实验课程,"周二,周四,周二",2019-2020-2,,201921100008092749,,0,仙林校区,2019-2020学年 第2学期,92749,"仙Ⅰ-207,仙Ⅰ-207,基础实验楼丙区504",32.0,否,,6,64,,0,0,数值计算与实验Ⅰ,11,"第3节-第4节,第3节-第4节,第5节-第6节",仙I区,11000080
64.0,400110,数值计算与实验1(20192-11000080-2),201921100008092752,,3,,71,"1-17周,1-17周,1-17周",0,徐勤武,"1-17周 周二 第3节-第4节 仙Ⅱ-211,1-17周 周四 第5节-第6节 ,1-17周 周四 第3节-第4节 仙Ⅱ-211",4.0,数学学院,否,理论+实验课程,"周二,周四,周四",2019-2020-2,,201921100008092752,2017地球科学与工程学院地质学（地球物理学方向）,0,仙林校区,2019-2020学年 第2学期,92752,"仙Ⅱ-211,仙Ⅱ-211,综合实验楼丙区504",32.0,否,,6,64,,0,0,数值计算与实验Ⅰ,12,"第3节-第4节,第3节-第4节,第5节-第6节",仙II区,11000080
48.0,400110,离散数学(20192-11000090-1),201921100009092753,,3,,175,1-17周,0,孙智伟,1-17周 周一 第5节-第7节 仙Ⅰ-207,3.0,数学学院,否,理论类课程,周一,2019-2020-2,,201921100009092753,,0,仙林校区,2019-2020学年 第2学期,92753,仙Ⅰ-207,0.0,否,,1,48,,0,0,离散数学,11,第5节-第7节,仙I区,11000090
80.0,400110,毕业论文(20192-11000200-1),201921100020094112,,1,,144,2-17周,0,,2-17周 自由时间 第1节-第2节 ,5.0,数学学院,否,实践类课程,自由时间,2019-2020-2,,201921100020094112,"2016数学学院数学与应用数学,2016数学学院应用模块（统计方向）,2016数学学院应用模块（计算方向）,2016数学学院统计学,2016数学学院信息与计算科学",0,鼓楼校区,2019-2020学年 第2学期,94112,无,0.0,否,,3,0,,80,0,毕业论文,,第1节-第2节,,11000200
64.0,400110,C++程序设计(20192-11000220-1),201921100022092746,,3,,196,"1-17周,1-17周,1-17周,1-17周",0,邵荣,"1-17周 周一 第1节-第2节 仙Ⅰ-108,1-17周 周五 第7节-第8节 ,1-17周 周四 第7节-第8节 仙Ⅰ-108,1-17周 周五 第5节-第6节 ",4.0,数学学院,否,理论+实验课程,"周一,周四,周五,周五",2019-2020-2,,201921100022092746,2019*理科试验班（数理科学类）*数理科学类,0,仙林校区,2019-2020学年 第2学期,92746,"仙Ⅰ-108,仙Ⅰ-108,综合实验楼丙区504,综合实验楼丙区504",32.0,否,,6,64,,0,0,C++程序设计,11,"第1节-第2节,第7节-第8节,第5节-第6节,第7节-第8节",仙I区,11000220
48.0,400110,数学优化：理论与方法(20192-11000240-1),201921100024093492,,1,,12,"1-17周,1-17周",0,杨俊锋,"1-17周 周一 第3节-第4节 教118,1-17周 周三 第3节-第4节 教118",3.0,数学学院,否,理论类课程,"周一,周三",2019-2020-2,,201921100024093492,"2016数学学院数学与应用数学,2016数学学院应用模块（统计方向）,2016数学学院应用模块（计算方向）,2016数学学院统计学,2016数学学院信息与计算科学",0,鼓楼校区,2019-2020学年 第2学期,93492,"教118,教118",0.0,否,,1,64,,0,0,数学优化：理论与方法,1,"第3节-第4节,第3节-第4节",教学楼,11000240
64.0,400110,泛函分析(20192-11010020-1),201921101002092760,,1,,45,"1-17周,1-17周",0,钟承奎,"1-17周 周二 第3节-第4节 教310,1-17周 周四 第3节-第4节 教310",4.0,数学学院,否,理论类课程,"周二,周四",2019-2020-2,,201921101002092760,"2017数学学院数学与应用数学,2017数学学院应用模块（统计方向）,2017数学学院应用模块（计算方向）,2017数学学院统计学,2017数学学院信息与计算科学",0,鼓楼校区,2019-2020学年 第2学期,92760,"教310,教310",0.0,否,,1,64,,0,0,泛函分析,1,"第3节-第4节,第3节-第4节",教学楼,11010020
64.0,400110,泛函分析(20192-11010020-2),201921101002092761,,3,,114,"1-17周,1-17周",0,王奕倩,"1-17周 周一 第3节-第4节 逸B-101,1-17周 周三 第3节-第4节 逸B-101",4.0,数学学院,否,理论类课程,"周一,周三",2019-2020-2,,201921101002092761,"2017数学学院数学与应用数学,2017数学学院应用模块（统计方向）,2017数学学院应用模块（计算方向）,2017数学学院统计学,2017数学学院信息与计算科学",0,仙林校区,2019-2020学年 第2学期,92761,"逸B-101,逸B-101",0.0,否,,1,64,,0,0,泛函分析,16,"第3节-第4节,第3节-第4节",逸夫楼B区,11010020
48.0,400110,微分几何(20192-11010050-1),201921101005092762,,1,,19,1-17周,0,徐兴旺,1-17周 周一 第5节-第7节 教105,3.0,数学学院,否,理论类课程,周一,2019-2020-2,,201921101005092762,"2017数学学院数学与应用数学,2017数学学院应用模块（统计方向）,2017数学学院应用模块（计算方向）,2017数学学院统计学,2017数学学院信息与计算科学",0,鼓楼校区,2019-2020学年 第2学期,92762,教105,0.0,否,,1,48,,0,0,微分几何,1,第5节-第7节,教学楼,11010050
48.0,400110,微分几何(20192-11010050-2),201921101005092763,,3,,13,1-17周,0,陈学长,1-17周 周一 第9节-第11节 仙Ⅱ-305,3.0,数学学院,否,理论类课程,周一,2019-2020-2,,201921101005092763,"2017数学学院数学与应用数学,2017数学学院应用模块（统计方向）,2017数学学院应用模块（计算方向）,2017数学学院统计学,2017数学学院信息与计算科学",0,仙林校区,2019-2020学年 第2学期,92763,仙Ⅱ-305,0.0,否,,1,48,,0,0,微分几何,12,第9节-第11节,仙II区,11010050
64.0,400110,实变函数与泛函分析(20192-11010060-1),201921101006093109,,3,,18,"1-17周,1-17周",0,栗付才,"1-17周 周一 第3节-第4节 仙Ⅰ-108,1-17周 周三 第3节-第4节 仙Ⅰ-108",4.0,数学学院,否,理论类课程,"周一,周三",2019-2020-2,,201921101006093109,"2017数学学院数学与应用数学,2017数学学院应用模块（统计方向）,2017数学学院应用模块（计算方向）,2017数学学院统计学,2017数学学院信息与计算科学",0,仙林校区,2019-2020学年 第2学期,93109,"仙Ⅰ-108,仙Ⅰ-108",0.0,否,,1,64,,0,0,实变函数与泛函分析,11,"第3节-第4节,第3节-第4节",仙I区,11010060
64.0,400110,实变函数与泛函分析(20192-11010060-2),201921101006093729,,3,,49,"1-17周,1-17周",0,栗付才,"1-17周 周一 第3节-第4节 ,1-17周 周三 第3节-第4节 ",4.0,数学学院,否,理论类课程,"周一,周三",2019-2020-2,,201921101006093729,"2017商学院经济学,2017商学院经济学（产业经济方向）,2017商学院金融工程,2017商学院保险学,2017商学院金融学,2017商学院国际经济与贸易",0,仙林校区,2019-2020学年 第2学期,93729,"仙Ⅰ-108,仙Ⅰ-108",0.0,否,,1,64,,0,0,实变函数与泛函分析,,"第3节-第4节,第3节-第4节",,11010060
64.0,400110,实变函数与泛函分析(20192-11010060-3),201921101006093730,,3,,44,"1-17周,1-17周",0,栗付才,"1-17周 周一 第3节-第4节 ,1-17周 周三 第3节-第4节 ",4.0,数学学院,否,理论类课程,"周一,周三",2019-2020-2,,201921101006093730,2018人工智能学院计算机科学与技术（人工智能方向）,0,仙林校区,2019-2020学年 第2学期,93730,"仙Ⅰ-108,仙Ⅰ-108",0.0,否,,1,64,,0,0,实变函数与泛函分析,,"第3节-第4节,第3节-第4节",,11010060
32.0,400110,分析专题选讲(20192-11010120-1),201921101012093517,,1,,9,1-17周,0,孙永忠,1-17周 周三 第9节-第10节 教105,2.0,数学学院,否,理论类课程,周三,2019-2020-2,,201921101012093517,"2017数学学院数学与应用数学,2017数学学院应用模块（统计方向）,2017数学学院应用模块（计算方向）,2017数学学院统计学,2017数学学院信息与计算科学",0,鼓楼校区,2019-2020学年 第2学期,93517,教105,0.0,否,,1,32,,0,0,分析专题选讲,1,第9节-第10节,教学楼,11010120
48.0,400110,模论与表示论初步(20192-11010210-1),201921101021093140,,1,,20,1-17周,0,刘公祥,1-17周 周二 第5节-第7节 教105,3.0,数学学院,否,理论类课程,周二,2019-2020-2,,201921101021093140,"2017数学学院数学与应用数学,2017数学学院应用模块（统计方向）,2017数学学院应用模块（计算方向）,2017数学学院统计学,2017数学学院信息与计算科学",0,鼓楼校区,2019-2020学年 第2学期,93140,教105,0.0,否,,1,48,,0,0,模论与表示论初步,1,第5节-第7节,教学楼,11010210
48.0,400110,分析学I(20192-11011000-1),201921101100093725,,1,,0,,0,,,3.0,数学学院,否,理论类课程,,2019-2020-2,,201921101100093725,,0,鼓楼校区,2019-2020学年 第2学期,93725,,0.0,否,,1,64,,0,0,分析学,,,,11011000
48.0,400110,分析学I(20192-11011000-2),201921101100093726,,1,,0,,0,,,3.0,数学学院,否,理论类课程,,2019-2020-2,,201921101100093726,,0,鼓楼校区,2019-2020学年 第2学期,93726,,0.0,否,,1,64,,0,0,分析学,,,,11011000
48.0,400110,分析学II(20192-11011010-1),201921101101093733,,1,,4,1-17周,0,吕勇,1-17周 周三 第9节-第11节 教118,3.0,数学学院,否,理论类课程,周三,2019-2020-2,,201921101101093733,"2017数学学院数学与应用数学,2017数学学院应用模块（统计方向）,2017数学学院应用模块（计算方向）,2017数学学院统计学,2017数学学院信息与计算科学",0,鼓楼校区,2019-2020学年 第2学期,93733,教118,0.0,否,,1,48,,0,0,分析学II,1,第9节-第11节,教学楼,11011010
48.0,400110,偏微分方程（续）(20192-11011030-1),201921101103093499,,1,,1,"1-17周,1-17周",0,杨孝平,"1-17周 周二 第7节-第8节 教101,1-17周 周五 第7节-第8节 教101",3.0,数学学院,否,理论类课程,"周二,周五",2019-2020-2,,201921101103093499,"2016数学学院数学与应用数学,2016数学学院应用模块（统计方向）,2016数学学院应用模块（计算方向）,2016数学学院统计学,2016数学学院信息与计算科学",0,鼓楼校区,2019-2020学年 第2学期,93499,"教101,教101",0.0,否,,1,64,,0,0,偏微分方程（续）,1,"第7节-第8节,第7节-第8节",教学楼,11011030
48.0,400110,动力系统引论(20192-11011050-1),201921101105093494,,1,,0,,0,,,3.0,数学学院,否,理论类课程,,2019-2020-2,,201921101105093494,,0,鼓楼校区,2019-2020学年 第2学期,93494,,0.0,否,,1,48,,0,0,动力系统,,,,11011050
48.0,400110,复分析(20192-11011060-1),201921101106093497,,1,,5,1-17周,0,杨飞,1-17周 周二 第9节-第11节 教118,3.0,数学学院,否,理论类课程,周二,2019-2020-2,,201921101106093497,"2016数学学院数学与应用数学,2016数学学院应用模块（统计方向）,2016数学学院应用模块（计算方向）,2016数学学院统计学,2016数学学院信息与计算科学",0,鼓楼校区,2019-2020学年 第2学期,93497,教118,0.0,否,,1,48,,0,0,复分析,1,第9节-第11节,教学楼,11011060
48.0,400110,代数学II(20192-11012010-1),201921101201093505,,1,,0,,0,,,3.0,数学学院,否,理论类课程,,2019-2020-2,,201921101201093505,,0,鼓楼校区,2019-2020学年 第2学期,93505,,0.0,否,,1,48,,0,0,代数学II,,,,11012010
48.0,400110,代数数论(20192-11012020-1),201921101202093498,,1,,12,1-17周,0,张翀,1-17周 周五 第9节-第11节 教118,3.0,数学学院,否,理论类课程,周五,2019-2020-2,,201921101202093498,"2016数学学院数学与应用数学,2016数学学院应用模块（统计方向）,2016数学学院应用模块（计算方向）,2016数学学院统计学,2016数学学院信息与计算科学",0,鼓楼校区,2019-2020学年 第2学期,93498,教118,0.0,否,,1,48,,0,0,代数数论,1,第9节-第11节,教学楼,11012020
48.0,400110,同调代数(20192-11012070-1),201921101207093491,,1,,0,,0,,,3.0,数学学院,否,理论类课程,,2019-2020-2,,201921101207093491,,0,鼓楼校区,2019-2020学年 第2学期,93491,,0.0,否,,1,64,,0,0,同调代数,,,,11012070
48.0,400110,紧黎曼曲面(20192-11013020-1),201921101302093496,,1,,4,1-17周,0,石亚龙,1-17周 周一 第9节-第11节 教118,3.0,数学学院,否,理论类课程,周一,2019-2020-2,,201921101302093496,"2016数学学院数学与应用数学,2016数学学院应用模块（统计方向）,2016数学学院应用模块（计算方向）,2016数学学院统计学,2016数学学院信息与计算科学",0,鼓楼校区,2019-2020学年 第2学期,93496,教118,0.0,否,,1,48,,0,0,紧黎曼曲面,1,第9节-第11节,教学楼,11013020
48.0,400110,代数拓扑(20192-11013040-1),201921101304093490,,1,,13,"1-17周,1-17周",0,于立,"1-17周 周一 第3节-第4节 教103,1-17周 周三 第5节-第6节 教103",3.0,数学学院,否,理论类课程,"周一,周三",2019-2020-2,,201921101304093490,"2016数学学院数学与应用数学,2016数学学院应用模块（统计方向）,2016数学学院应用模块（计算方向）,2016数学学院统计学,2016数学学院信息与计算科学",0,鼓楼校区,2019-2020学年 第2学期,93490,"教103,教103",0.0,否,,1,64,,0,0,代数拓扑,1,"第3节-第4节,第5节-第6节",教学楼,11013040
48.0,400110,流形与几何(20192-11013050-1),201921101305093487,,1,,11,"1-17周,1-17周",0,梅加强,"1-17周 周二 第1节-第2节 教118,1-17周 周四 第1节-第2节 教118",3.0,数学学院,否,理论类课程,"周二,周四",2019-2020-2,,201921101305093487,"2016数学学院数学与应用数学,2016数学学院应用模块（统计方向）,2016数学学院应用模块（计算方向）,2016数学学院统计学,2016数学学院信息与计算科学",0,鼓楼校区,2019-2020学年 第2学期,93487,"教118,教118",0.0,否,,1,64,,0,0,流形与几何,1,"第1节-第2节,第1节-第2节",教学楼,11013050
48.0,400110,导出范畴(20192-11014000-1),201921101400093506,,1,,1,"1-17周,1-17周",0,宗润弘,"1-17周 周二 第3节-第4节 教103,1-17周 周四 第9节-第10节 教103",3.0,数学学院,否,理论类课程,"周二,周四",2019-2020-2,,201921101400093506,"2016数学学院数学与应用数学,2016数学学院应用模块（统计方向）,2016数学学院应用模块（计算方向）,2016数学学院统计学,2016数学学院信息与计算科学",0,鼓楼校区,2019-2020学年 第2学期,93506,"教103,教103",0.0,否,,1,48,,0,0,导出范畴,1,"第3节-第4节,第9节-第10节",教学楼,11014000
64.0,400110,偏微分方程数值解(20192-11020000-1),201921102000093121,,3,,27,"1-17周,1-17周",0,张强,"1-17周 周四 第1节-第2节 仙Ⅱ-311,1-17周 周二 第3节-第4节 仙Ⅱ-311",4.0,数学学院,否,理论类课程,"周二,周四",2019-2020-2,,201921102000093121,"2017数学学院数学与应用数学,2017数学学院应用模块（统计方向）,2017数学学院应用模块（计算方向）,2017数学学院统计学,2017数学学院信息与计算科学",0,仙林校区,2019-2020学年 第2学期,93121,"仙Ⅱ-311,仙Ⅱ-311",0.0,否,,1,64,,0,0,偏微分方程数值解法,12,"第3节-第4节,第1节-第2节",仙II区,11020000
48.0,400110,信息论基础(20192-11020300-1),201921102030093111,,3,,40,"1-17周,2-16周(双)",0,陆宏,"1-17周 周一 第1节-第2节 仙Ⅱ-314,2-16周(双) 周二 第1节-第2节 仙Ⅱ-314",3.0,数学学院,否,理论类课程,"周一,周二",2019-2020-2,,201921102030093111,"2017数学学院数学与应用数学,2017数学学院应用模块（统计方向）,2017数学学院应用模块（计算方向）,2017数学学院统计学,2017数学学院信息与计算科学",0,仙林校区,2019-2020学年 第2学期,93111,"仙Ⅱ-314,仙Ⅱ-314",0.0,否,,1,48,,0,0,信息论基础,12,"第1节-第2节,第1节-第2节",仙II区,11020300
48.0,400110,计算机图形学(20192-11020400-1),201921102040093122,,3,,21,"1-17周,1-17周",0,邵荣,"1-17周 周四 第3节-第4节 ,1-17周 周一 第5节-第6节 ",3.0,数学学院,否,理论+实验课程,"周一,周四",2019-2020-2,,201921102040093122,"2017数学学院数学与应用数学,2017数学学院应用模块（统计方向）,2017数学学院应用模块（计算方向）,2017数学学院统计学,2017数学学院信息与计算科学",0,仙林校区,2019-2020学年 第2学期,93122,"基础实验楼丙区504,综合实验楼丙区504",16.0,否,,6,48,,0,0,计算机图形学,,"第5节-第6节,第3节-第4节",,11020400
48.0,400110,有限元方法(20192-11021050-1),201921102105093495,,1,,2,1-17周,0,武海军,1-17周 周一 第5节-第7节 教103,3.0,数学学院,否,理论类课程,周一,2019-2020-2,,201921102105093495,"2016数学学院数学与应用数学,2016数学学院应用模块（统计方向）,2016数学学院应用模块（计算方向）,2016数学学院统计学,2016数学学院信息与计算科学",0,鼓楼校区,2019-2020学年 第2学期,93495,教103,0.0,否,,1,48,,0,0,有限元方法,1,第5节-第7节,教学楼,11021050
48.0,400110,多元迭代分析(20192-11021060-1),201921102106093493,,1,,1,"1-17周,1-17周",0,黄震宇,"1-17周 周五 第3节-第4节 教118,1-17周 周三 第5节-第6节 教118",3.0,数学学院,否,理论类课程,"周三,周五",2019-2020-2,,201921102106093493,"2016数学学院数学与应用数学,2016数学学院应用模块（统计方向）,2016数学学院应用模块（计算方向）,2016数学学院统计学,2016数学学院信息与计算科学",0,鼓楼校区,2019-2020学年 第2学期,93493,"教118,教118",0.0,否,,1,64,,0,0,多元迭代分析,1,"第5节-第6节,第3节-第4节",教学楼,11021060
32.0,400110,时间序列分析(20192-11030110-1),201921103011093504,,1,,78,1-17周,0,潘茂林,1-17周 周四 第5节-第6节 教101,2.0,数学学院,否,理论类课程,周四,2019-2020-2,,201921103011093504,"2017数学学院数学与应用数学,2017数学学院应用模块（统计方向）,2017数学学院应用模块（计算方向）,2017数学学院统计学,2017数学学院信息与计算科学",0,鼓楼校区,2019-2020学年 第2学期,93504,教101,0.0,否,,1,32,,0,0,时间序列分析,1,第5节-第6节,教学楼,11030110
64.0,400110,多元统计分析(20192-11030120-1),201921103012093503,,1,,102,"1-17周,1-17周",0,赵进,"1-17周 周三 第5节-第6节 教101,1-17周 周五 第5节-第6节 教101",4.0,数学学院,否,理论类课程,"周三,周五",2019-2020-2,,201921103012093503,"2017数学学院数学与应用数学,2017数学学院应用模块（统计方向）,2017数学学院应用模块（计算方向）,2017数学学院统计学,2017数学学院信息与计算科学",0,鼓楼校区,2019-2020学年 第2学期,93503,"教101,教101",0.0,否,,1,64,,0,0,多元统计分析,1,"第5节-第6节,第5节-第6节",教学楼,11030120
48.0,400110,数理统计基础（续）(20192-11031000-1),201921103100093502,,1,,12,"1-17周,1-17周",0,王立洪,"1-17周 周四 第3节-第4节 教103,1-17周 周二 第5节-第6节 教103",3.0,数学学院,否,理论类课程,"周二,周四",2019-2020-2,,201921103100093502,"2016数学学院数学与应用数学,2016数学学院应用模块（统计方向）,2016数学学院应用模块（计算方向）,2016数学学院统计学,2016数学学院信息与计算科学",0,鼓楼校区,2019-2020学年 第2学期,93502,"教103,教103",0.0,否,,1,64,,0,0,高等数理统计,1,"第5节-第6节,第3节-第4节",教学楼,11031000
48.0,400110,随机微分方程(20192-11031030-1),201921103103093489,,1,,4,1-17周,0,戴万阳,1-17周 周二 第2节-第4节 教105,3.0,数学学院,否,理论类课程,周二,2019-2020-2,,201921103103093489,"2016数学学院数学与应用数学,2016数学学院应用模块（统计方向）,2016数学学院应用模块（计算方向）,2016数学学院统计学,2016数学学院信息与计算科学",0,鼓楼校区,2019-2020学年 第2学期,93489,教105,0.0,否,,1,48,,0,0,随机微分方程,1,第2节-第4节,教学楼,11031030
48.0,400110,统计机器学习(20192-11031050-1),201921103105093507,,1,,49,1-17周,0,潘茂林,1-17周 周五 第2节-第4节 ,3.0,数学学院,否,实验类课程,周五,2019-2020-2,,201921103105093507,"2017数学学院数学与应用数学,2017数学学院应用模块（统计方向）,2017数学学院应用模块（计算方向）,2017数学学院统计学,2017数学学院信息与计算科学",0,鼓楼校区,2019-2020学年 第2学期,93507,鼓楼蒙民伟楼308机房,48.0,否,,2,0,,0,0,统计机器学习,,第2节-第4节,,11031050
48.0,400110,近代应用数学(20192-11090020-1),201921109002091382,,3,,58,"1-17周,1-17周",0,"邱华,孙永忠","1-17周 周四 第3节-第4节 仙Ⅰ-101,1-17周 周二 第5节-第6节 仙Ⅰ-101",3.0,数学学院,否,理论类课程,"周二,周四",2019-2020-2,,201921109002091382,2018匡亚明学院理科强化班,0,仙林校区,2019-2020学年 第2学期,91382,"仙Ⅰ-101,仙Ⅰ-101",0.0,否,,1,64,,0,0,近代应用数学,11,"第5节-第6节,第3节-第4节",仙I区,11090020
48.0,400110,代数几何II(20192-11090240-1),201921109024093501,,1,,1,"1-17周,2-17周",0,陈柯,"2-17周 周四 第3节-第4节 教118,1-17周 周二 第5节-第6节 教118",3.0,数学学院,否,理论类课程,"周二,周四",2019-2020-2,,201921109024093501,"2016数学学院数学与应用数学,2016数学学院应用模块（统计方向）,2016数学学院应用模块（计算方向）,2016数学学院统计学,2016数学学院信息与计算科学",0,鼓楼校区,2019-2020学年 第2学期,93501,"教118,教118",0.0,否,,1,64,,0,0,代数几何II,1,"第5节-第6节,第3节-第4节",教学楼,11090240
48.0,400110,微分流形初步(20192-11090330-1),201921109033093739,,1,,11,1-17周,0,许奕彦,1-17周 周四 第9节-第11节 教105,3.0,数学学院,否,理论类课程,周四,2019-2020-2,,201921109033093739,"2017数学学院数学与应用数学,2017数学学院应用模块（统计方向）,2017数学学院应用模块（计算方向）,2017数学学院统计学,2017数学学院信息与计算科学",0,鼓楼校区,2019-2020学年 第2学期,93739,教105,0.0,否,,1,48,,0,0,微分流形初步,1,第9节-第11节,教学楼,11090330
48.0,400110,箭图表示(20192-11090340-1),201921109034093488,,1,,0,,0,,,3.0,数学学院,否,理论类课程,,2019-2020-2,,201921109034093488,,0,鼓楼校区,2019-2020学年 第2学期,93488,,0.0,否,,1,64,,0,0,箭图表示,,,,11090340
48.0,400110,数字图像处理(20192-11090370-1),201921109037094086,,3,,27,1-17周,0,张利军,1-17周 周二 第9节-第11节 仙Ⅱ-310,3.0,数学学院,否,理论类课程,周二,2019-2020-2,,201921109037094086,"2017数学学院数学与应用数学,2017数学学院应用模块（统计方向）,2017数学学院应用模块（计算方向）,2017数学学院统计学,2017数学学院信息与计算科学",0,仙林校区,2019-2020学年 第2学期,94086,仙Ⅱ-310,0.0,否,,1,48,,0,0,数字图像处理,12,第9节-第11节,仙II区,11090370
80.0,400110,微积分II(第一层次)(20192-11100140B-13),2019211100140B91308,,3,,57,"1-17周,1-17周,1-17周",0,吕勇,"1-17周 周一 第3节-第4节 仙Ⅱ-211,1-17周 周一 第5节-第6节 仙Ⅱ-211,1-17周 周三 第3节-第4节 仙Ⅱ-211",5.0,数学学院,否,理论+实践课程,"周一,周一,周三",2019-2020-2,,2019211100140B91308,2019匡亚明学院理科强化班,0,仙林校区,2019-2020学年 第2学期,91308,"仙Ⅱ-211,仙Ⅱ-211,仙Ⅱ-211",0.0,否,,5,64,,32,0,微积分II(第一层次),12,"第5节-第6节,第3节-第4节,第3节-第4节",仙II区,11100140B
80.0,400110,微积分II(第一层次)(20192-11100140B-14),2019211100140B91309,,3,,79,"1-17周,1-17周,1-17周",0,范红军,"1-17周 周一 第3节-第4节 仙Ⅱ-212,1-17周 周一 第5节-第6节 仙Ⅱ-212,1-17周 周三 第3节-第4节 仙Ⅱ-212",5.0,数学学院,否,理论+实践课程,"周一,周一,周三",2019-2020-2,,2019211100140B91309,2019匡亚明学院理科强化班,0,仙林校区,2019-2020学年 第2学期,91309,"仙Ⅱ-212,仙Ⅱ-212,仙Ⅱ-212",0.0,否,,5,64,,32,0,微积分II(第一层次),12,"第5节-第6节,第3节-第4节,第3节-第4节",仙II区,11100140B
80.0,400110,微积分II(第一层次)(20192-11100140B-15),2019211100140B91310,,3,,54,"1-17周,1-17周,1-17周",0,李耀文,"1-17周 周一 第3节-第4节 仙Ⅱ-213,1-17周 周一 第5节-第6节 仙Ⅱ-213,1-17周 周三 第3节-第4节 仙Ⅱ-213",5.0,数学学院,否,理论+实践课程,"周一,周三,周一",2019-2020-2,,2019211100140B91310,,0,仙林校区,2019-2020学年 第2学期,91310,"仙Ⅱ-213,仙Ⅱ-213,仙Ⅱ-213",0.0,否,,5,64,,32,0,微积分II(第一层次),12,"第3节-第4节,第3节-第4节,第5节-第6节",仙II区,11100140B
48.0,400110,概率论与数理统计(20192-11100200-1),201921110020091380,,3,,145,"1-17周,1-17周(单)",0,傅冬生,"1-17周 周三 第1节-第2节 仙Ⅱ-105,1-17周(单) 周五 第3节-第4节 仙Ⅱ-105",3.0,数学学院,否,理论类课程,"周三,周五",2019-2020-2,,201921110020091380,"2018地球科学与工程学院地质学,2018地球科学与工程学院水文与水资源工程,2018地球科学与工程学院地质工程",0,仙林校区,2019-2020学年 第2学期,91380,"仙Ⅱ-105,仙Ⅱ-105",0.0,否,,1,48,,0,0,概率论与数理统计,12,"第1节-第2节,第3节-第4节",仙II区,11100200
32.0,400120,大学物理实验（二）(20192-12000010B-1),2019212000010B92094,,3,,213,3-17周,0,"游彪,周进",3-17周 周三 第9节-第11节 ,2.0,物理学院,否,实验类课程,周三,2019-2020-2,,2019212000010B92094,"2019物理学院物理学（拔尖计划）,2019*理科试验班（数理科学类）*数理科学类",0,仙林校区,2019-2020学年 第2学期,92094,"基础实验楼乙307,309,314,316",48.0,否,,2,0,,0,0,大学物理实验（二）,,第9节-第11节,,12000010B
32.0,400120,大学物理实验（二）(20192-12000010B-2),2019212000010B92604,,3,,66,3-17周,0,"游彪,苏为宁",3-17周 周一 第5节-第7节 ,2.0,物理学院,否,实验类课程,周一,2019-2020-2,,2019212000010B92604,"2018化学学院化学,2019*理科试验班（数理科学类）*数理科学类,2018工程管理学院自动化,2018化学学院化学（化学生物学）,2018化学学院应用化学",0,仙林校区,2019-2020学年 第2学期,92604,实验楼乙307；309；314；316；丙301；302；305；317；321；323；324,48.0,否,,2,0,,0,0,大学物理实验（二）,,第5节-第7节,,12000010B
32.0,400120,大学物理实验（二）(20192-12000010B-3),2019212000010B92605,,3,,129,3-17周,0,"游彪,周进",3-17周 周三 第5节-第7节 ,2.0,物理学院,否,实验类课程,周三,2019-2020-2,,2019212000010B92605,"2018现代工程与应用科学学院材料物理,2019*理科试验班（数理科学类）*数理科学类,2018现代工程与应用科学学院生物医学工程,2018现代工程与应用科学学院新能源科学与工程,2018现代工程与应用科学学院光电信息科学与工程,2018现代工程与应用科学学院材料化学",0,仙林校区,2019-2020学年 第2学期,92605,实验楼乙307；309；314；316；丙301；302；305；317；321；323；324,48.0,否,,2,0,,0,0,大学物理实验（二）,,第5节-第7节,,12000010B
32.0,400120,大学物理实验（二）(20192-12000010B-4),2019212000010B92606,,3,,131,3-17周,0,"游彪,苏为宁",3-17周 周一 第9节-第11节 ,2.0,物理学院,否,实验类课程,周一,2019-2020-2,,2019212000010B92606,"2019匡亚明学院理科强化班,2019*理科试验班（数理科学类）*数理科学类",0,仙林校区,2019-2020学年 第2学期,92606,实验楼乙307；309；314；316；丙301；302；305；317；321；323；324,48.0,否,,2,0,,0,0,大学物理实验（二）,,第9节-第11节,,12000010B
32.0,400120,大学物理实验（三）(20192-12000010C-1),2019212000010C92117,,3,,80,3-17周(单),0,游彪,3-17周(单) 周二 第5节-第10节 ,2.0,物理学院,否,实验类课程,周二,2019-2020-2,,2019212000010C92117,"2018物理学院物理学,2018物理学院物理学（拔尖计划）",0,仙林校区,2019-2020学年 第2学期,92117,"基础实验楼乙302,303,304,305",48.0,否,,2,0,,0,0,大学物理实验（三）,,第5节-第10节,,12000010C
32.0,400120,大学物理实验（三）(20192-12000010C-2),2019212000010C92119,,3,,82,4-16周(双),0,游彪,4-16周(双) 周二 第5节-第10节 ,2.0,物理学院,否,实验类课程,周二,2019-2020-2,,2019212000010C92119,2018物理学院物理学,0,仙林校区,2019-2020学年 第2学期,92119,"基础实验楼乙302,303,304,305",48.0,否,,2,0,,0,0,大学物理实验（三）,,第5节-第10节,,12000010C
32.0,400120,大学物理实验（三）(20192-12000010C-3),2019212000010C92607,,3,,40,3-17周(单),0,万建国,3-17周(单) 周四 第5节-第10节 ,2.0,物理学院,否,实验类课程,周四,2019-2020-2,,2019212000010C92607,2018匡亚明学院理科强化班,0,仙林校区,2019-2020学年 第2学期,92607,实验楼乙307；309；314；316；丙301；302；305；317；321；323；324,48.0,否,,2,0,,0,0,大学物理实验（三）,,第5节-第10节,,12000010C
48.0,400120,普通物理（上）(20192-12000014A-1),2019212000014A91724,,3,,57,1-17周,0,刘力哲,1-17周 周二 第2节-第4节 仙Ⅱ-301,3.0,物理学院,否,理论类课程,周二,2019-2020-2,,2019212000014A91724,2019医学院临床医学,0,仙林校区,2019-2020学年 第2学期,91724,仙Ⅱ-301,0.0,否,,1,48,,0,0,普通物理（上）,12,第2节-第4节,仙II区,12000014A
48.0,400120,普通物理（上）(20192-12000014A-2),2019212000014A91726,,3,,53,1-17周,0,戴耀民,1-17周 周二 第2节-第4节 仙Ⅱ-319,3.0,物理学院,否,理论类课程,周二,2019-2020-2,,2019212000014A91726,"2019医学院临床医学,2019医学院口腔医学",0,仙林校区,2019-2020学年 第2学期,91726,仙Ⅱ-319,0.0,否,,1,48,,0,0,普通物理（上）,12,第2节-第4节,仙II区,12000014A
48.0,400120,普通物理（上）(20192-12000014A-3),2019212000014A92495,,3,,76,"1-17周,1-8周",0,杨绍光,"1-17周 周一 第5节-第6节 逸B-514,1-8周 周三 第5节-第6节 逸B-514",3.0,物理学院,否,理论类课程,"周一,周三",2019-2020-2,,2019212000014A92495,2019*理科试验班（地球科学与资源环境类）*地球科学与资源环境类,0,仙林校区,2019-2020学年 第2学期,92495,"逸B-514,逸B-514",0.0,否,,1,48,,0,0,普通物理（上）,16,"第5节-第6节,第5节-第6节",逸夫楼B区,12000014A
48.0,400120,普通物理（上）(20192-12000014A-4),2019212000014A93089,,3,,104,"1-17周,1-17周(单)",0,李绍春,"1-17周 周二 第1节-第2节 仙Ⅱ-503,1-17周(单) 周五 第7节-第8节 仙Ⅱ-503",3.0,物理学院,否,理论类课程,"周二,周五",2019-2020-2,,2019212000014A93089,2019*理科试验班（化学与生命科学类）*化学与生命科学类,0,仙林校区,2019-2020学年 第2学期,93089,"仙Ⅱ-503,仙Ⅱ-503",0.0,否,,1,48,,0,0,普通物理（上）,12,"第1节-第2节,第7节-第8节",仙II区,12000014A
48.0,400120,普通物理（上）(20192-12000014A-5),2019212000014A93090,,3,,62,"1-17周,1-17周(单)",0,于葛亮,"1-17周 周二 第1节-第2节 仙Ⅱ-504,1-17周(单) 周五 第7节-第8节 仙Ⅱ-504",3.0,物理学院,否,理论类课程,"周二,周五",2019-2020-2,,2019212000014A93090,2019*理科试验班（化学与生命科学类）*化学与生命科学类,0,仙林校区,2019-2020学年 第2学期,93090,"仙Ⅱ-504,仙Ⅱ-504",0.0,否,,1,48,,0,0,普通物理（上）,12,"第1节-第2节,第7节-第8节",仙II区,12000014A
48.0,400120,普通物理（上）(20192-12000014A-6),2019212000014A93098,,3,,101,1-17周,0,张建,1-17周 周一 第5节-第7节 仙Ⅱ-313,3.0,物理学院,否,理论类课程,周一,2019-2020-2,,2019212000014A93098,2019计算机学院计算机科学与技术,0,仙林校区,2019-2020学年 第2学期,93098,仙Ⅱ-313,0.0,否,,1,48,,0,0,普通物理（上）,12,第5节-第7节,仙II区,12000014A
48.0,400120,普通物理（上）(20192-12000014A-7),2019212000014A93099,,3,,98,1-17周,0,卢定伟,1-17周 周一 第5节-第7节 仙Ⅱ-318,3.0,物理学院,否,理论类课程,周一,2019-2020-2,,2019212000014A93099,2019计算机学院计算机科学与技术,0,仙林校区,2019-2020学年 第2学期,93099,仙Ⅱ-318,0.0,否,,1,48,,0,0,普通物理（上）,12,第5节-第7节,仙II区,12000014A
48.0,400120,普通物理（下）(20192-12000014B-1),2019212000014B93508,,3,,54,1-17周,0,温锦生,1-17周 周五 第5节-第7节 仙Ⅰ-101,3.0,物理学院,否,理论类课程,周五,2019-2020-2,,2019212000014B93508,2018工程管理学院自动化,0,仙林校区,2019-2020学年 第2学期,93508,仙Ⅰ-101,0.0,否,,1,48,,0,0,普通物理（下）,11,第5节-第7节,仙I区,12000014B
64.0,400120,普通物理（上）(20192-12000016A-1),2019212000016A91862,,3,,72,"1-17周,1-17周",0,任春来,"1-17周 周五 第1节-第2节 仙Ⅱ-312,1-17周 周二 第5节-第6节 仙Ⅱ-312",4.0,物理学院,否,理论类课程,"周二,周五",2019-2020-2,,2019212000016A91862,,0,仙林校区,2019-2020学年 第2学期,91862,"仙Ⅱ-312,仙Ⅱ-312",0.0,否,,1,64,,0,0,普通物理（上）,12,"第5节-第6节,第1节-第2节",仙II区,12000016A
64.0,400120,普通物理（上）(20192-12000016A-2),2019212000016A92498,,3,,103,"1-17周,1-17周",0,毛一葳,"1-17周 周一 第5节-第6节 逸B-410,1-17周 周三 第5节-第6节 逸B-410",4.0,物理学院,否,理论类课程,"周一,周三",2019-2020-2,,2019212000016A92498,2019*理科试验班（地球科学与资源环境类）*地球科学与资源环境类,0,仙林校区,2019-2020学年 第2学期,92498,"逸B-410,逸B-410",0.0,否,,1,64,,0,0,普通物理（上）,16,"第5节-第6节,第5节-第6节",逸夫楼B区,12000016A
48.0,400120,力学(20192-12000020-1),201921200002091854,,3,,125,"1-17周,1-17周",0,舒大军,"1-17周 周一 第5节-第6节 逸B-207,1-17周 周四 第7节-第8节 逸B-207",3.0,物理学院,否,理论类课程,"周一,周四",2019-2020-2,,201921200002091854,2019*理科试验班（数理科学类）*数理科学类,0,仙林校区,2019-2020学年 第2学期,91854,"逸B-207,逸B-207",0.0,否,,1,64,,0,0,力学,16,"第5节-第6节,第7节-第8节",逸夫楼B区,12000020
48.0,400120,热学(20192-12000030-1),201921200003091853,,3,,133,"1-17周,2-16周(双)",0,黄凤珍,"1-17周 周五 第3节-第4节 仙Ⅰ-107,2-16周(双) 周五 第5节-第6节 仙Ⅰ-107",3.0,物理学院,否,理论类课程,"周五,周五",2019-2020-2,,201921200003091853,2019*理科试验班（数理科学类）*数理科学类,0,仙林校区,2019-2020学年 第2学期,91853,"仙Ⅰ-107,仙Ⅰ-107",0.0,否,,1,48,,0,0,热学,11,"第3节-第4节,第5节-第6节",仙I区,12000030
48.0,400120,热学(20192-12000030-1),201921200003092096,,3,,60,"1-17周(单),1-17周",0,桑海,"1-17周 周四 第3节-第4节 仙Ⅰ-103,1-17周(单) 周一 第5节-第6节 仙Ⅰ-103",3.0,物理学院,否,理论类课程,"周一,周四",2019-2020-2,,201921200003092096,2019物理学院物理学（拔尖计划）,0,仙林校区,2019-2020学年 第2学期,92096,"仙Ⅰ-103,仙Ⅰ-103",0.0,否,,1,48,,0,0,热学,11,"第5节-第6节,第3节-第4节",仙I区,12000030
48.0,400120,电磁学(20192-12000040-1),201921200004092081,,3,,59,"2-16周(双),1-17周",0,吴小山,"1-17周 周三 第3节-第4节 仙Ⅱ-110,2-16周(双) 周一 第5节-第6节 仙Ⅱ-110",3.0,物理学院,否,理论类课程,"周一,周三",2019-2020-2,,201921200004092081,2019物理学院物理学（拔尖计划）,0,仙林校区,2019-2020学年 第2学期,92081,"仙Ⅱ-110,仙Ⅱ-110",0.0,否,,1,48,,0,0,电磁学,12,"第5节-第6节,第3节-第4节",仙II区,12000040
48.0,400120,光学(20192-12000050-1),201921200005092085,,3,,62,"1-17周(单),1-17周",0,丁剑平,"1-17周 周五 第3节-第4节 仙Ⅰ-101,1-17周(单) 周三 第5节-第6节 仙Ⅰ-101",3.0,物理学院,否,理论类课程,"周三,周五",2019-2020-2,,201921200005092085,2019物理学院物理学（拔尖计划）,0,仙林校区,2019-2020学年 第2学期,92085,"仙Ⅰ-101,仙Ⅰ-101",0.0,否,,1,48,,0,0,光学,11,"第5节-第6节,第3节-第4节",仙I区,12000050
48.0,400120,光学(20192-12000050-2),201921200005093094,,3,,85,1-17周,0,张涵,1-17周 周一 第5节-第7节 仙Ⅰ-524,3.0,物理学院,否,理论类课程,周一,2019-2020-2,,201921200005093094,2018匡亚明学院理科强化班,0,仙林校区,2019-2020学年 第2学期,93094,仙Ⅰ-524,0.0,否,,1,48,,0,0,光学,11,第5节-第7节,仙I区,12000050
48.0,400120,近代物理(20192-12000060-1),201921200006092111,,3,,101,"1-17周,2-16周(双)",0,陈伟中,"1-17周 周二 第3节-第4节 仙Ⅰ-524,2-16周(双) 周四 第3节-第4节 仙Ⅰ-524",3.0,物理学院,否,理论类课程,"周二,周四",2019-2020-2,,201921200006092111,"2018物理学院物理学,2018物理学院声学",0,仙林校区,2019-2020学年 第2学期,92111,"仙Ⅰ-524,仙Ⅰ-524",0.0,否,,1,48,,0,0,近代物理,11,"第3节-第4节,第3节-第4节",仙I区,12000060
48.0,400120,近代物理(20192-12000060-2),201921200006092114,,3,,75,"1-17周,2-16周(双)",0,于扬,"1-17周 周二 第3节-第4节 仙Ⅰ-115,2-16周(双) 周四 第3节-第4节 仙Ⅰ-115",3.0,物理学院,否,理论类课程,"周二,周四",2019-2020-2,,201921200006092114,2018物理学院物理学,0,仙林校区,2019-2020学年 第2学期,92114,"仙Ⅰ-115,仙Ⅰ-115",0.0,否,,1,48,,0,0,近代物理,11,"第3节-第4节,第3节-第4节",仙I区,12000060
64.0,400120,数学物理方法(20192-12000070-1),201921200007092102,,3,,75,"1-17周,1-17周",0,程建春,"1-17周 周三 第3节-第4节 仙Ⅰ-115,1-17周 周五 第3节-第4节 仙Ⅰ-115",4.0,物理学院,否,理论类课程,"周三,周五",2019-2020-2,,201921200007092102,"2018物理学院声学,2018物理学院物理学（拔尖计划）",0,仙林校区,2019-2020学年 第2学期,92102,"仙Ⅰ-115,仙Ⅰ-115",0.0,否,,1,64,,0,0,数学物理方法,11,"第3节-第4节,第3节-第4节",仙I区,12000070
64.0,400120,数学物理方法(20192-12000070-1),201921200007092109,,3,,82,"1-17周,1-17周",0,陈薇,"1-17周 周三 第3节-第4节 仙Ⅰ-212,1-17周 周五 第3节-第4节 仙Ⅰ-212",4.0,物理学院,否,理论类课程,"周三,周五",2019-2020-2,,201921200007092109,2018物理学院物理学,0,仙林校区,2019-2020学年 第2学期,92109,"仙Ⅰ-212,仙Ⅰ-212",0.0,否,,1,64,,0,0,数学物理方法,11,"第3节-第4节,第3节-第4节",仙I区,12000070
64.0,400120,数学物理方法(20192-12000070-2),201921200007092110,,3,,87,"1-17周,1-17周",0,万贤纲,"1-17周 周三 第3节-第4节 仙Ⅰ-213,1-17周 周五 第3节-第4节 仙Ⅰ-213",4.0,物理学院,否,理论类课程,"周三,周五",2019-2020-2,,201921200007092110,2018物理学院物理学,0,仙林校区,2019-2020学年 第2学期,92110,"仙Ⅰ-213,仙Ⅰ-213",0.0,否,,1,64,,0,0,数学物理方法,11,"第3节-第4节,第3节-第4节",仙I区,12000070
64.0,400120,数学物理方法(20192-12000070-4),201921200007092507,,3,,100,"1-17周,1-17周",0,邵陆兵,"1-17周 周一 第1节-第2节 逸B-306,1-17周 周三 第3节-第4节 逸B-306",4.0,物理学院,否,理论类课程,"周一,周三",2019-2020-2,,201921200007092507,"2018地球科学与工程学院地质学,2018大气科学学院理科试验班（地球系统科学与环境）,2018地球科学与工程学院地球物理学,2018地球科学与工程学院水文与水资源工程,2018地球科学与工程学院地质工程",0,仙林校区,2019-2020学年 第2学期,92507,"逸B-306,逸B-306",0.0,否,,1,64,,0,0,数学物理方法,16,"第1节-第2节,第3节-第4节",逸夫楼B区,12000070
48.0,400120,理论力学(20192-12000080-1),201921200008092509,,3,,12,2-17周,0,范仁浩,2-17周 周五 第5节-第7节 逸B-306,3.0,物理学院,否,理论类课程,周五,2019-2020-2,,201921200008092509,"2018地球科学与工程学院地球物理学,2018大气科学学院理科试验班（地球系统科学与环境）",0,仙林校区,2019-2020学年 第2学期,92509,逸B-306,0.0,否,,1,64,,0,0,理论力学,16,第5节-第7节,逸夫楼B区,12000080
32.0,400120,计算物理导论(20192-12000090-1),201921200009092099,,3,,155,1-17周,0,李文飞,1-17周 周三 第5节-第6节 仙Ⅰ-320,2.0,物理学院,否,理论类课程,周三,2019-2020-2,,201921200009092099,"2018物理学院物理学,2018物理学院物理学（拔尖计划）",0,仙林校区,2019-2020学年 第2学期,92099,仙Ⅰ-320,0.0,否,,1,32,,0,0,计算物理导论,11,第5节-第6节,仙I区,12000090
32.0,400120,计算物理导论(20192-12000090-2),201921200009093093,,3,,36,1-17周,0,李文飞,1-17周 周三 第3节-第4节 仙Ⅱ-214,2.0,物理学院,否,理论类课程,周三,2019-2020-2,,201921200009093093,2018匡亚明学院理科强化班,0,仙林校区,2019-2020学年 第2学期,93093,仙Ⅱ-214,0.0,否,,1,32,,0,0,计算物理导论,12,第3节-第4节,仙II区,12000090
32.0,400120,近代物理实验（一）(20192-12000100A-1),2019212000100A92124,,1,,55,3-17周,0,唐涛,3-17周 周四 第5节-第7节 ,2.0,物理学院,否,实验类课程,周四,2019-2020-2,,2019212000100A92124,"2017物理学院应用物理学,2017物理学院物理学（拔尖计划）",0,鼓楼校区,2019-2020学年 第2学期,92124,"物理楼201,204,206,220,303,515",48.0,否,,2,0,,0,0,近代物理实验（一）,,第5节-第7节,,12000100A
32.0,400120,近代物理实验（一）(20192-12000100A-1),2019212000100A92321,,1,,50,3-17周,0,张瑞利,3-17周 周四 第9节-第11节 ,2.0,物理学院,否,实验类课程,周四,2019-2020-2,,2019212000100A92321,2017物理学院物理学,0,鼓楼校区,2019-2020学年 第2学期,92321,"物理楼201,204,206,220，等",48.0,否,,2,0,,0,0,近代物理实验（一）,,第9节-第11节,,12000100A
32.0,400120,近代物理实验（一）(20192-12000100A-2),2019212000100A92323,,1,,51,3-17周,0,徐锡斌,3-17周 周五 第9节-第11节 ,2.0,物理学院,否,实验类课程,周五,2019-2020-2,,2019212000100A92323,2017物理学院物理学,0,鼓楼校区,2019-2020学年 第2学期,92323,"物理楼201,204,206,等",48.0,否,,2,0,,0,0,近代物理实验（一）,,第9节-第11节,,12000100A
32.0,400120,近代物理实验（一）(20192-12000100A-4),2019212000100A92608,,1,,37,3-17周,0,黄润生,3-17周 周五 第5节-第7节 ,2.0,物理学院,否,实验类课程,周五,2019-2020-2,,2019212000100A92608,"2017天文与空间科学学院天文学,2017匡亚明学院理科强化班",0,鼓楼校区,2019-2020学年 第2学期,92608,物理楼 201；204；206；220；303；515,48.0,否,,2,0,,0,0,近代物理实验（一）,,第5节-第7节,,12000100A
64.0,400120,固体物理(20192-12000130-1),201921200013092141,,1,,80,"1-17周,1-17周,1-17周",0,"游彪,章维益","1-17周 周一 第3节-第4节 教213,1-17周 周三 第5节-第6节 教213,1-17周 周五 第3节-第4节 教213",4.0,物理学院,否,理论类课程,"周一,周三,周五",2019-2020-2,,201921200013092141,"2017物理学院物理学,2017物理学院物理学（拔尖计划）",0,鼓楼校区,2019-2020学年 第2学期,92141,"教213,教213,教213",0.0,否,,1,102,,0,0,固体物理,1,"第3节-第4节,第5节-第6节,第3节-第4节",教学楼,12000130
64.0,400120,固体物理(20192-12000130-2),201921200013092330,,1,,44,"1-17周,1-17周,1-17周",0,"吴镝,丁海峰","1-17周 周一 第3节-第4节 教203,1-17周 周三 第5节-第6节 教203,1-17周 周五 第3节-第4节 教203",4.0,物理学院,否,理论类课程,"周一,周三,周五",2019-2020-2,,201921200013092330,2017物理学院物理学,0,鼓楼校区,2019-2020学年 第2学期,92330,"教203,教203,教203",0.0,否,,1,102,,0,0,固体物理,1,"第3节-第4节,第5节-第6节,第3节-第4节",教学楼,12000130
64.0,400120,统计物理(20192-12000140-1),201921200014092127,,1,,30,"1-17周,1-17周",0,王伯根,"1-17周 周二 第3节-第4节 教204,1-17周 周四 第3节-第4节 教204",4.0,物理学院,否,理论类课程,"周二,周四",2019-2020-2,,201921200014092127,2017物理学院物理学（拔尖计划）,0,鼓楼校区,2019-2020学年 第2学期,92127,"教204,教204",0.0,否,,1,64,,0,0,统计物理,1,"第3节-第4节,第3节-第4节",教学楼,12000140
64.0,400120,统计物理(20192-12000140-1),201921200014092153,,1,,47,"1-17周,1-17周",0,刘锋,"1-17周 周二 第3节-第4节 教203,1-17周 周四 第3节-第4节 教203",4.0,物理学院,否,理论类课程,"周二,周四",2019-2020-2,,201921200014092153,2017物理学院物理学,0,鼓楼校区,2019-2020学年 第2学期,92153,"教203,教203",0.0,否,,1,64,,0,0,统计物理,1,"第3节-第4节,第3节-第4节",教学楼,12000140
64.0,400120,统计物理(20192-12000140-2),201921200014092155,,1,,47,"1-17周,1-17周",0,盛利,"1-17周 周二 第3节-第4节 教205,1-17周 周四 第3节-第4节 教205",4.0,物理学院,否,理论类课程,"周二,周四",2019-2020-2,,201921200014092155,2017物理学院物理学,0,鼓楼校区,2019-2020学年 第2学期,92155,"教205,教205",0.0,否,,1,64,,0,0,统计物理,1,"第3节-第4节,第3节-第4节",教学楼,12000140
64.0,400120,统计物理(20192-12000140-4),201921200014093096,,3,,53,"1-17周,1-17周",0,鞠国兴,"1-17周 周一 第3节-第4节 仙Ⅱ-117,1-17周 周三 第5节-第6节 仙Ⅱ-117",4.0,物理学院,否,理论类课程,"周一,周三",2019-2020-2,,201921200014093096,"2017地球科学与工程学院地质学（地球物理学方向）,2018匡亚明学院理科强化班,2018地球科学与工程学院地球物理学",0,仙林校区,2019-2020学年 第2学期,93096,"仙Ⅱ-117,仙Ⅱ-117",0.0,否,,1,64,,0,0,统计物理,12,"第3节-第4节,第5节-第6节",仙II区,12000140
64.0,400120,原子核物理(20192-12000150-1),201921200015092135,,1,,43,"1-17周,1-17周",0,许昌,"1-17周 周五 第1节-第2节 教201,1-17周 周一 第9节-第10节 教201",4.0,物理学院,否,理论类课程,"周一,周五",2019-2020-2,,201921200015092135,"2017物理学院物理学,2017物理学院物理学（拔尖计划）",0,鼓楼校区,2019-2020学年 第2学期,92135,"教201,教201",0.0,否,,1,64,,0,0,原子核物理,1,"第9节-第10节,第1节-第2节",教学楼,12000150
48.0,400120,原子核物理(20192-12000151-1),201921200015193427,,3,,39,1-17周,0,闵天觉,1-17周 周一 第5节-第7节 仙Ⅱ-117,3.0,物理学院,否,理论类课程,周一,2019-2020-2,,201921200015193427,2017匡亚明学院理科强化班,0,仙林校区,2019-2020学年 第2学期,93427,仙Ⅱ-117,0.0,否,,1,48,,0,0,原子核物理,12,第5节-第7节,仙II区,12000151
48.0,400120,固体物理导论(20192-12000230-1),201921200023092161,,1,,29,"1-17周,1-17周(单)",0,蔡宏灵,"1-17周 周一 第3节-第4节 教205,1-17周(单) 周三 第5节-第6节 教205",3.0,物理学院,否,理论类课程,"周一,周三",2019-2020-2,,201921200023092161,2017物理学院应用物理学,0,鼓楼校区,2019-2020学年 第2学期,92161,"教205,教205",0.0,否,,1,48,,0,0,固体物理导论,1,"第3节-第4节,第5节-第6节",教学楼,12000230
64.0,400120,磁性物理与材料(20192-12000240-1),201921200024092343,,1,,27,"1-17周,1-17周",0,"刘荣华,唐少龙","1-17周 周二 第3节-第4节 教206,1-17周 周五 第3节-第4节 教206",4.0,物理学院,否,理论类课程,"周二,周五",2019-2020-2,,201921200024092343,2017物理学院应用物理学,0,鼓楼校区,2019-2020学年 第2学期,92343,"教206,教206",0.0,否,,1,64,,0,0,磁性物理与材料,1,"第3节-第4节,第3节-第4节",教学楼,12000240
48.0,400120,数字电路(20192-12000350-1),201921200035092106,,3,,116,"2-17周,3-17周(单)",0,刘杰惠,"2-17周 周一 第3节-第4节 逸B-212,3-17周(单) 周四 第3节-第4节 逸B-105",3.0,物理学院,否,理论类课程,"周一,周四",2019-2020-2,,201921200035092106,"2018物理学院物理学,2018物理学院物理学（拔尖计划）,2018物理学院声学",0,仙林校区,2019-2020学年 第2学期,92106,"逸B-212,逸B-105",0.0,否,,1,48,,0,0,数字电路,16,"第3节-第4节,第3节-第4节",逸夫楼B区,12000350
48.0,400120,数字电路(20192-12000350-2),201921200035092794,,3,,46,1-17周,0,徐晓东,1-17周 周一 第9节-第11节 仙Ⅱ-112,3.0,物理学院,否,理论类课程,周一,2019-2020-2,,201921200035092794,"2018现代工程与应用科学学院材料物理,2018现代工程与应用科学学院新能源科学与工程,2018现代工程与应用科学学院光电信息科学与工程,2018现代工程与应用科学学院材料化学",0,仙林校区,2019-2020学年 第2学期,92794,仙Ⅱ-112,0.0,否,,1,48,,0,0,数字电路,12,第9节-第11节,仙II区,12000350
48.0,400120,C语言程序设计(20192-12000520-1),201921200052092097,,3,,55,"1-17周,1-17周",0,马国斌,"1-17周 周二 第7节-第8节 仙Ⅰ-101,1-17周 周二 第9节-第10节 ",3.0,物理学院,否,理论+实践课程,"周二,周二",2019-2020-2,,201921200052092097,2019物理学院物理学（拔尖计划）,0,仙林校区,2019-2020学年 第2学期,92097,"仙Ⅰ-101,基础实验楼乙109",0.0,否,,5,32,,32,0,C语言程序设计,11,"第7节-第8节,第9节-第10节",仙I区,12000520
32.0,400120,演示物理(20192-12000610-1),201921200061092080,,3,,17,2-17周,0,"高惠滨,潘永华",2-17周 周一 第7节-第8节 ,2.0,物理学院,否,实验类课程,周一,2019-2020-2,,201921200061092080,2019物理学院物理学（拔尖计划）,0,仙林校区,2019-2020学年 第2学期,92080,"基础实验楼丙310,312",32.0,否,,2,0,,0,0,演示物理,,第7节-第8节,,12000610
32.0,400120,物理英语文选(20192-12000650-1),201921200065092146,,1,,63,2-17周,0,缪峰,2-17周 周五 第5节-第6节 教201,2.0,物理学院,否,理论类课程,周五,2019-2020-2,,201921200065092146,"2017物理学院物理学,2017物理学院物理学（拔尖计划）,2017物理学院声学,2017物理学院应用物理学",0,鼓楼校区,2019-2020学年 第2学期,92146,教201,0.0,否,,1,32,,0,0,物理英语文选,1,第5节-第6节,教学楼,12000650
32.0,400120,凝聚态物质光物理(20192-12000710-1),201921200071092172,,1,,11,1-17周,0,"龚彦晓,刘辉",1-17周 周四 第3节-第4节 教201,2.0,物理学院,否,理论类课程,周四,2019-2020-2,,201921200071092172,2016物理学院物理学,0,鼓楼校区,2019-2020学年 第2学期,92172,教201,0.0,否,,1,32,,0,0,凝聚态物质光物理,1,第3节-第4节,教学楼,12000710
32.0,400120,管理学概论(20192-12000740-1),201921200074092177,,1,,63,"2-10周,2-10周",0,高惠滨,"2-10周 周二 第3节-第4节 教301,2-10周 周五 第5节-第6节 教301",2.0,物理学院,否,理论类课程,"周二,周五",2019-2020-2,,201921200074092177,"2016物理学院物理学,2016物理学院声学",0,鼓楼校区,2019-2020学年 第2学期,92177,"教301,教301",0.0,否,,1,32,,0,0,管理学概论,1,"第3节-第4节,第5节-第6节",教学楼,12000740
32.0,400120,量子计算(20192-12000750-1),201921200075092174,,1,,38,"2-10周,2-10周",0,于扬,"2-10周 周二 第5节-第6节 教202,2-10周 周四 第5节-第6节 教202",2.0,物理学院,否,理论类课程,"周二,周四",2019-2020-2,,201921200075092174,"2016物理学院物理学,2016物理学院声学",0,鼓楼校区,2019-2020学年 第2学期,92174,"教202,教202",0.0,否,,1,32,,0,0,量子计算,1,"第5节-第6节,第5节-第6节",教学楼,12000750
32.0,400120,电工学(20192-12000790-1),201921200079092116,,3,,27,1-17周,0,石荣章,1-17周 周四 第5节-第6节 仙Ⅰ-115,2.0,物理学院,否,理论类课程,周四,2019-2020-2,,201921200079092116,2018物理学院物理学,0,仙林校区,2019-2020学年 第2学期,92116,仙Ⅰ-115,0.0,否,,1,32,,0,0,电工学,11,第5节-第6节,仙I区,12000790
128.0,400120,毕业论文(20192-12000990-1),201921200099092173,,1,,202,1-17周,0,,1-17周 自由时间 第1节-第4节 ,8.0,物理学院,否,实践类课程,自由时间,2019-2020-2,,201921200099092173,"2016物理学院物理学,2016物理学院声学",0,鼓楼校区,2019-2020学年 第2学期,92173,自由地点,0.0,否,,3,0,,128,0,毕业论文,,第1节-第4节,,12000990
48.0,400120,固体物理(20192-12001020-1),201921200102093334,,3,,30,"1-17周,1-17周,2-16周(双)",0,"顾民,杜军","1-17周 周一 第3节-第4节 仙Ⅱ-112,2-16周(双) 周二 第7节-第8节 仙Ⅱ-112,1-17周 周三 第3节-第4节 仙Ⅱ-112",3.0,物理学院,否,理论类课程,"周一,周三,周二",2019-2020-2,,201921200102093334,2017匡亚明学院理科强化班,0,仙林校区,2019-2020学年 第2学期,93334,"仙Ⅱ-112,仙Ⅱ-112,仙Ⅱ-112",0.0,否,,1,64,,0,0,固体物理,12,"第3节-第4节,第3节-第4节,第7节-第8节",仙II区,12001020
48.0,400120,量子光学与量子信息(20192-12001040-1),201921200104092125,,1,,39,2-17周,0,马小松,2-17周 周五 第5节-第7节 教213,3.0,物理学院,否,理论类课程,周五,2019-2020-2,,201921200104092125,"2017物理学院物理学,2017物理学院物理学（拔尖计划）,2017物理学院应用物理学",0,鼓楼校区,2019-2020学年 第2学期,92125,教213,0.0,否,,1,48,,0,0,量子光学与量子信息,1,第5节-第7节,教学楼,12001040
48.0,400120,音频声学(20192-12001110-1),201921200111092171,,1,,35,"1-17周,1-17周(单)",0,卢晶,"1-17周 周一 第3节-第4节 教208,1-17周(单) 周三 第3节-第4节 教208",3.0,物理学院,否,理论类课程,"周一,周三",2019-2020-2,,201921200111092171,2017物理学院声学,0,鼓楼校区,2019-2020学年 第2学期,92171,"教208,教208",0.0,否,,1,48,,0,0,音频声学,1,"第3节-第4节,第3节-第4节",教学楼,12001110
32.0,400120,超声学(20192-12001120-1),201921200112092255,,1,,35,1-17周,0,公勋,1-17周 周四 第5节-第6节 教203,2.0,物理学院,否,理论类课程,周四,2019-2020-2,,201921200112092255,2017物理学院声学,0,鼓楼校区,2019-2020学年 第2学期,92255,教203,0.0,否,,1,32,,0,0,超声学,1,第5节-第6节,教学楼,12001120
48.0,400120,铁磁学(20192-12010230-1),201921201023092142,,1,,12,1-17周,0,曹庆琪,1-17周 周一 第5节-第7节 教204,3.0,物理学院,否,理论类课程,周一,2019-2020-2,,201921201023092142,"2017物理学院物理学,2017物理学院物理学（拔尖计划）,2017物理学院应用物理学",0,鼓楼校区,2019-2020学年 第2学期,92142,教204,0.0,否,,1,48,,0,0,铁磁学,1,第5节-第7节,教学楼,12010230
48.0,400120,相变物理(20192-12010260-1),201921201026092130,,1,,23,1-17周,0,应学农,1-17周 周一 第5节-第7节 教203,3.0,物理学院,否,理论类课程,周一,2019-2020-2,,201921201026092130,"2017物理学院物理学,2017物理学院物理学（拔尖计划）,2017物理学院应用物理学",0,鼓楼校区,2019-2020学年 第2学期,92130,教203,0.0,否,,1,48,,0,0,相变物理,1,第5节-第7节,教学楼,12010260
48.0,400120,晶体衍射学(20192-12020220-1),201921202022092137,,1,,24,1-17周,0,朱健民,1-17周 周一 第9节-第11节 教203,3.0,物理学院,否,理论类课程,周一,2019-2020-2,,201921202022092137,"2017物理学院物理学,2017物理学院物理学（拔尖计划）,2017物理学院应用物理学",0,鼓楼校区,2019-2020学年 第2学期,92137,教203,0.0,否,,1,48,,0,0,晶体衍射学,1,第9节-第11节,教学楼,12020220
48.0,400120,晶体生长(20192-12020230-1),201921202023092148,,1,,19,1-17周,0,朱信华,1-17周 周一 第5节-第7节 教205,3.0,物理学院,否,理论类课程,周一,2019-2020-2,,201921202023092148,"2017物理学院物理学,2017物理学院物理学（拔尖计划）,2017物理学院应用物理学",0,鼓楼校区,2019-2020学年 第2学期,92148,教205,0.0,否,,1,48,,0,0,晶体生长,1,第5节-第7节,教学楼,12020230
48.0,400120,现代光学(20192-12020250-1),201921202025092126,,1,,43,1-17周,0,龚彦晓,1-17周 周三 第2节-第4节 教213,3.0,物理学院,否,理论类课程,周三,2019-2020-2,,201921202025092126,"2017物理学院物理学,2017物理学院物理学（拔尖计划）,2017物理学院应用物理学",0,鼓楼校区,2019-2020学年 第2学期,92126,教213,0.0,否,,1,48,,0,0,现代光学,1,第2节-第4节,教学楼,12020250
48.0,400120,粒子物理(20192-12030210-1),201921203021093091,,3,,33,1-17周,0,刘佐伟,1-17周 周四 第5节-第7节 仙Ⅱ-117,3.0,物理学院,否,理论类课程,周四,2019-2020-2,,201921203021093091,2017匡亚明学院理科强化班,0,仙林校区,2019-2020学年 第2学期,93091,仙Ⅱ-117,0.0,否,,1,48,,0,0,粒子物理,12,第5节-第7节,仙II区,12030210
48.0,400120,概率论与随机过程(20192-12040020-1),201921204002092122,,3,,42,"1-17周,1-17周",0,屠娟,"1-17周 周二 第5节-第6节 仙Ⅰ-104,1-17周 周四 第7节-第7节 仙Ⅰ-104",3.0,物理学院,否,理论类课程,"周二,周四",2019-2020-2,,201921204002092122,2018物理学院声学,0,仙林校区,2019-2020学年 第2学期,92122,"仙Ⅰ-104,仙Ⅰ-104",0.0,否,,1,48,,0,0,概率论与随机过程,11,"第5节-第6节,第7节-第7节",仙I区,12040020
48.0,400120,信号与系统(20192-12040030-1),201921204003092121,,3,,43,"1-17周,1-17周",0,章东,"1-17周 周四 第5节-第6节 仙Ⅰ-104,1-17周 周二 第7节-第7节 仙Ⅰ-104",3.0,物理学院,否,理论类课程,"周四,周二",2019-2020-2,,201921204003092121,2018物理学院声学,0,仙林校区,2019-2020学年 第2学期,92121,"仙Ⅰ-104,仙Ⅰ-104",0.0,否,,1,48,,0,0,信号与系统,11,"第5节-第6节,第7节-第7节",仙I区,12040030
32.0,400120,声学测量(20192-12040060-1),201921204006092164,,1,,36,1-17周,0,"刘晓峻,陶超",1-17周 周二 第3节-第4节 教208,2.0,物理学院,否,理论类课程,周二,2019-2020-2,,201921204006092164,2017物理学院声学,0,鼓楼校区,2019-2020学年 第2学期,92164,教208,0.0,否,,1,32,,0,0,声学测量,1,第3节-第4节,教学楼,12040060
48.0,400120,电声换能器(20192-12040070-1),201921204007092166,,1,,33,"1-17周,1-17周(单)",0,沈勇,"1-17周 周五 第3节-第4节 教204,1-17周(单) 周三 第5节-第6节 教204",3.0,物理学院,否,理论类课程,"周五,周三",2019-2020-2,,201921204007092166,2017物理学院声学,0,鼓楼校区,2019-2020学年 第2学期,92166,"教204,教204",0.0,否,,1,48,,0,0,电声换能器,1,"第3节-第4节,第5节-第6节",教学楼,12040070
48.0,400120,理论物理Ⅱ(20192-12040210-1),201921204021092162,,1,,37,"1-17周,2-16周(双)",0,梁彬,"1-17周 周四 第3节-第4节 教208,2-16周(双) 周三 第5节-第6节 教208",3.0,物理学院,否,理论类课程,"周四,周三",2019-2020-2,,201921204021092162,"2017物理学院应用物理学,2017物理学院声学",0,鼓楼校区,2019-2020学年 第2学期,92162,"教208,教208",0.0,否,,1,48,,0,0,理论物理Ⅱ,1,"第3节-第4节,第5节-第6节",教学楼,12040210
48.0,400120,建筑声学与音频工程(20192-12040260-1),201921204026092169,,1,,16,"1-17周,2-16周(双)",0,陶建成,"2-16周(双) 周三 第3节-第4节 教206,1-17周 周一 第5节-第6节 教206",3.0,物理学院,否,理论类课程,"周一,周三",2019-2020-2,,201921204026092169,2017物理学院声学,0,鼓楼校区,2019-2020学年 第2学期,92169,"教206,教206",0.0,否,,1,48,,0,0,建筑声学与音频工程,1,"第5节-第6节,第3节-第4节",教学楼,12040260
32.0,400120,热物理基础(20192-12050220-1),201921205022092133,,1,,12,1-17周,0,方贵银,1-17周 周一 第5节-第6节 教101,2.0,物理学院,否,理论类课程,周一,2019-2020-2,,201921205022092133,"2017物理学院物理学,2017物理学院物理学（拔尖计划）,2017物理学院应用物理学",0,鼓楼校区,2019-2020学年 第2学期,92133,教101,0.0,否,,1,32,,0,0,热物理基础,1,第5节-第6节,教学楼,12050220
128.0,400140,毕业论文(20192-13000010B-1),2019213000010B92332,,3,,129,1-17周,0,,1-17周 自由时间 - 自由地点,8.0,化学学院,否,实践类课程,自由时间,2019-2020-2,,2019213000010B92332,"2016化学学院化学,2016化学学院化学(基地),2016化学学院应用化学",0,仙林校区,2019-2020学年 第2学期,92332,自由地点,0.0,否,,3,0,,128,0,毕业论文,388,自由时间,虚拟区域（仙林）,13000010B
32.0,400140,有机化学实验(20192-13000040T-1),2019213000040T92730,,3,,49,1-17周(单),0,"李琳,谢劲,全一武,吴石山,尹桂",1-17周(单) 周四 第3节-第8节 ,2.0,化学学院,否,实验类课程,周四,2019-2020-2,,2019213000040T92730,2019医学院临床医学,0,仙林校区,2019-2020学年 第2学期,92730,无,64.0,否,,2,0,,0,0,有机化学实验,,第3节-第8节,,13000040T
32.0,400140,有机化学实验(20192-13000040T-2),2019213000040T92731,,3,,49,2-16周(双),0,程旭,2-16周(双) 周四 第3节-第8节 ,2.0,化学学院,否,实验类课程,周四,2019-2020-2,,2019213000040T92731,"2019医学院临床医学,2019医学院口腔医学",0,仙林校区,2019-2020学年 第2学期,92731,无,64.0,否,,2,0,,0,0,有机化学实验,,第3节-第8节,,13000040T
32.0,400140,物理化学实验(下)(20192-13000070TB-1),2019213000070TB92799,,3,,48,2-16周(双),0,"杨立军,薛念华,吴兴才,许波连,淳远,傅玉川",2-16周(双) 周四 第3节-第8节 ,2.0,化学学院,否,实验类课程,周四,2019-2020-2,,2019213000070TB92799,"2017现代工程与应用科学学院材料化学,2017现代工程与应用科学学院新能源科学与工程",0,仙林校区,2019-2020学年 第2学期,92799,无,48.0,否,,2,0,,0,0,物理化学实验(下),,第3节-第8节,,13000070TB
48.0,400140,大学化学实验-ⅠB(20192-13000120B-1),2019213000120B93082,,3,,103,1-17周,0,"白志平,谢鸿峰,王庆军,王庆,汪蓉,陶友荣,芦昌盛",1-17周 周一 第3节-第8节 ,3.0,化学学院,否,实验类课程,周一,2019-2020-2,,2019213000120B93082,2019*理科试验班（化学与生命科学类）*化学与生命科学类,0,仙林校区,2019-2020学年 第2学期,93082,无,64.0,否,,2,0,,0,0,大学化学实验-ⅠB,,第3节-第8节,,13000120B
48.0,400140,大学化学ⅠB(20192-13000140B-1),2019213000140B93083,,3,,59,"1-17周,1-17周",0,杜红宾,"1-17周 周三 第1节-第2节 仙Ⅱ-104,1-17周 周五 第1节-第2节 仙Ⅱ-104",3.0,化学学院,否,理论类课程,"周三,周五",2019-2020-2,,2019213000140B93083,"2019*理科试验班（地球科学与资源环境类）*地球科学与资源环境类,2019*理科试验班（化学与生命科学类）*化学与生命科学类",0,仙林校区,2019-2020学年 第2学期,93083,"仙Ⅱ-104,仙Ⅱ-104",0.0,否,,1,72,,0,0,大学化学ⅠB,12,"第1节-第2节,第1节-第2节",仙II区,13000140B
48.0,400140,大学化学ⅠB(20192-13000140B-2),2019213000140B93084,,3,,63,"1-17周,1-17周",0,陈浩,"1-17周 周三 第1节-第2节 仙Ⅱ-110,1-17周 周五 第1节-第2节 仙Ⅱ-110",3.0,化学学院,否,理论类课程,"周三,周五",2019-2020-2,,2019213000140B93084,"2019*理科试验班（地球科学与资源环境类）*地球科学与资源环境类,2019*理科试验班（化学与生命科学类）*化学与生命科学类",0,仙林校区,2019-2020学年 第2学期,93084,"仙Ⅱ-110,仙Ⅱ-110",0.0,否,,1,72,,0,0,大学化学ⅠB,12,"第1节-第2节,第1节-第2节",仙II区,13000140B
48.0,400140,大学化学ⅠB(20192-13000140B-3),2019213000140B93085,,3,,40,"1-17周,1-17周",0,曹登科,"1-17周 周三 第1节-第2节 仙Ⅱ-211,1-17周 周五 第1节-第2节 仙Ⅱ-211",3.0,化学学院,否,理论类课程,"周三,周五",2019-2020-2,,2019213000140B93085,"2019*理科试验班（地球科学与资源环境类）*地球科学与资源环境类,2019*理科试验班（化学与生命科学类）*化学与生命科学类",0,仙林校区,2019-2020学年 第2学期,93085,"仙Ⅱ-211,仙Ⅱ-211",0.0,否,,1,72,,0,0,大学化学ⅠB,12,"第1节-第2节,第1节-第2节",仙II区,13000140B
48.0,400140,大学化学ⅠB(20192-13000140B-4),2019213000140B93086,,3,,42,"1-17周,1-17周",0,肖守军,"1-17周 周三 第1节-第2节 仙Ⅱ-212,1-17周 周五 第1节-第2节 仙Ⅱ-212",3.0,化学学院,否,理论类课程,"周三,周五",2019-2020-2,,2019213000140B93086,"2019*理科试验班（地球科学与资源环境类）*地球科学与资源环境类,2019*理科试验班（化学与生命科学类）*化学与生命科学类",0,仙林校区,2019-2020学年 第2学期,93086,"仙Ⅱ-212,仙Ⅱ-212",0.0,否,,1,72,,0,0,大学化学ⅠB,12,"第1节-第2节,第1节-第2节",仙II区,13000140B
48.0,400140,大学化学ⅠB(20192-13000140B-5),2019213000140B93087,,3,,57,"1-17周,1-17周",0,"芦昌盛,燕红","1-17周 周三 第1节-第2节 仙Ⅱ-213,1-17周 周五 第1节-第2节 仙Ⅱ-213",3.0,化学学院,否,理论类课程,"周三,周五",2019-2020-2,,2019213000140B93087,"2019*理科试验班（地球科学与资源环境类）*地球科学与资源环境类,2019*理科试验班（化学与生命科学类）*化学与生命科学类",0,仙林校区,2019-2020学年 第2学期,93087,"仙Ⅱ-213,仙Ⅱ-213",0.0,否,,1,72,,0,0,大学化学ⅠB,12,"第1节-第2节,第1节-第2节",仙II区,13000140B
48.0,400140,大学化学Ⅱ(20192-13000150-1),201921300015093159,,3,,29,"2-17周,2-17周",0,董昊,"2-17周 周四 第3节-第4节 仙Ⅱ-114,2-17周 周一 第7节-第8节 仙Ⅱ-114",3.0,化学学院,否,理论类课程,"周一,周四",2019-2020-2,,201921300015093159,,0,仙林校区,2019-2020学年 第2学期,93159,"仙Ⅱ-114,仙Ⅱ-114",0.0,否,,1,64,,0,0,大学化学Ⅱ,12,"第7节-第8节,第3节-第4节",仙II区,13000150
48.0,400140,有机化学 II(20192-13000160-1),201921300016092856,,3,,35,1-17周,0,"郑文华,史壮志",1-17周 周二 第5节-第7节 仙Ⅱ-114,3.0,化学学院,否,理论类课程,周二,2019-2020-2,,201921300016092856,,0,仙林校区,2019-2020学年 第2学期,92856,仙Ⅱ-114,0.0,否,,1,48,,0,0,有机化学基础,12,第5节-第7节,仙II区,13000160
48.0,400140,有机化学 II(20192-13000160-2),201921300016093088,,3,,55,1-17周,0,"沈珍,陆红健",1-17周 周二 第1节-第3节 仙Ⅱ-306,3.0,化学学院,否,理论类课程,周二,2019-2020-2,,201921300016093088,2019*理科试验班（化学与生命科学类）*化学与生命科学类,0,仙林校区,2019-2020学年 第2学期,93088,仙Ⅱ-306,0.0,否,,1,48,,0,0,有机化学基础,12,第1节-第3节,仙II区,13000160
48.0,400140,大学化学(20192-13000170-1),201921300017092853,,3,,42,1-17周,0,"胡晶磊,葛欣",1-17周 周二 第5节-第7节 仙Ⅱ-117,3.0,化学学院,否,理论类课程,周二,2019-2020-2,,201921300017092853,2019匡亚明学院理科强化班,0,仙林校区,2019-2020学年 第2学期,92853,仙Ⅱ-117,0.0,否,,1,48,,0,0,大学化学,12,第5节-第7节,仙II区,13000170
48.0,400140,化学合成与表征I(20192-13000190-1),201921300019093439,,3,,31,1-17周,0,"王凤彬,戴洁,章文伟,程旭",1-17周 周二 第3节-第8节 ,3.0,化学学院,否,实验类课程,周二,2019-2020-2,,201921300019093439,2019匡亚明学院理科强化班,0,仙林校区,2019-2020学年 第2学期,93439,无,96.0,否,,2,0,,0,0,化学合成与表征I,,第3节-第8节,,13000190
48.0,400140,结构化学(20192-13010010-1),201921301001092405,,3,,40,"1-17周,2-16周(双)",0,刘春根,"1-17周 周三 第3节-第4节 仙Ⅱ-114,2-16周(双) 周五 第3节-第4节 仙Ⅱ-114",3.0,化学学院,否,理论类课程,"周三,周五",2019-2020-2,,201921301001092405,2018化学学院化学,0,仙林校区,2019-2020学年 第2学期,92405,"仙Ⅱ-114,仙Ⅱ-114",0.0,否,,1,48,,0,0,结构化学,12,"第3节-第4节,第3节-第4节",仙II区,13010010
48.0,400140,结构化学(20192-13010010-2),201921301001092406,,3,,43,"1-17周,2-16周(双)",0,马晶,"1-17周 周三 第3节-第4节 仙Ⅱ-115,2-16周(双) 周五 第3节-第4节 仙Ⅱ-115",3.0,化学学院,否,理论类课程,"周三,周五",2019-2020-2,,201921301001092406,2018化学学院化学,0,仙林校区,2019-2020学年 第2学期,92406,"仙Ⅱ-115,仙Ⅱ-115",0.0,否,,1,48,,0,0,结构化学,12,"第3节-第4节,第3节-第4节",仙II区,13010010
48.0,400140,有机化学（二）(20192-13010050B-1),2019213010050B92859,,3,,43,1-17周,0,"朱成建,俞寿云",1-17周 周四 第5节-第7节 仙Ⅱ-214,3.0,化学学院,否,理论类课程,周四,2019-2020-2,,2019213010050B92859,2018匡亚明学院理科强化班,0,仙林校区,2019-2020学年 第2学期,92859,仙Ⅱ-214,0.0,否,,1,48,,0,0,有机化学（二）,12,第5节-第7节,仙II区,13010050B
48.0,400140,有机化学（二）(20192-13010050B-2),2019213010050B93451,,3,,16,"1-17周(单),1-17周",0,"王毅,陈建成,沈珍,林晨","1-17周 周三 第3节-第4节 仙Ⅱ-111,1-17周(单) 周五 第3节-第4节 仙Ⅱ-109",3.0,化学学院,否,理论类课程,"周五,周三",2019-2020-2,,2019213010050B93451,2018化学学院化学（化学生物学）,0,仙林校区,2019-2020学年 第2学期,93451,"仙Ⅱ-109,仙Ⅱ-111",0.0,否,,1,48,,0,0,有机化学（二）,12,"第3节-第4节,第3节-第4节",仙II区,13010050B
48.0,400140,有机化学 I (B)(20192-13010060B-1),2019213010060B92413,,3,,41,"1-17周,1-17周",0,"林晨,吴琳","1-17周 周二 第1节-第2节 仙Ⅱ-211,1-17周 周四 第1节-第2节 仙Ⅱ-211",3.0,化学学院,否,理论类课程,"周二,周四",2019-2020-2,,2019213010060B92413,2018化学学院化学,0,仙林校区,2019-2020学年 第2学期,92413,"仙Ⅱ-211,仙Ⅱ-211",0.0,否,,1,48,,0,0,有机化学 I (B),12,"第1节-第2节,第1节-第2节",仙II区,13010060B
48.0,400140,有机化学 I (B)(20192-13010060B-2),2019213010060B92414,,3,,39,"1-17周,1-17周",0,"王少仲,王杰","1-17周 周二 第1节-第2节 逸B-312,1-17周 周四 第1节-第2节 逸B-312",3.0,化学学院,否,理论类课程,"周二,周四",2019-2020-2,,2019213010060B92414,2018化学学院化学,0,仙林校区,2019-2020学年 第2学期,92414,"逸B-312,逸B-312",0.0,否,,1,48,,0,0,有机化学 I (B),16,"第1节-第2节,第1节-第2节",逸夫楼B区,13010060B
32.0,400140,有机化学实验 I (B)(20192-13010080B-1),2019213010080B92410,,3,,31,1-17周(单),0,"李琳,武伟,王杰",1-17周(单) 周二 第3节-第8节 ,2.0,化学学院,否,理论+实验课程,周二,2019-2020-2,,2019213010080B92410,2018化学学院化学,0,仙林校区,2019-2020学年 第2学期,92410,无,64.0,否,,6,0,,0,0,有机化学实验 I (B),,第3节-第8节,,13010080B
32.0,400140,有机化学实验 I (B)(20192-13010080B-2),2019213010080B92411,,3,,31,1-17周(单),0,"何卫江,朱少林,朱从青",1-17周(单) 周五 第3节-第8节 ,2.0,化学学院,否,理论+实验课程,周五,2019-2020-2,,2019213010080B92411,2018化学学院化学,0,仙林校区,2019-2020学年 第2学期,92411,无,64.0,否,,6,0,,0,0,有机化学实验 I (B),,第3节-第8节,,13010080B
32.0,400140,有机化学实验 I (B)(20192-13010080B-3),2019213010080B93423,,3,,27,1-17周(单),0,"吴石山,全一武,尹桂",1-17周(单) 周一 第3节-第8节 ,2.0,化学学院,否,理论+实验课程,周一,2019-2020-2,,2019213010080B93423,2018匡亚明学院理科强化班,0,仙林校区,2019-2020学年 第2学期,93423,无,64.0,否,,6,0,,0,0,有机化学实验 I (B),,第3节-第8节,,13010080B
48.0,400140,物理化学 I （A）(20192-13010100A-1),2019213010100A92408,,3,,52,"1-17周,1-17周",0,侯文华,"1-17周 周三 第1节-第2节 仙Ⅱ-218,1-17周 周五 第1节-第2节 仙Ⅱ-218",3.0,化学学院,否,理论类课程,"周三,周五",2019-2020-2,,2019213010100A92408,"2018化学学院化学,2018化学学院化学（化学生物学）",0,仙林校区,2019-2020学年 第2学期,92408,"仙Ⅱ-218,仙Ⅱ-218",0.0,否,,1,64,,0,0,物理化学 I （A）,12,"第1节-第2节,第1节-第2节",仙II区,13010100A
48.0,400140,物理化学 I （A）(20192-13010100A-2),2019213010100A92409,,3,,52,"1-17周,1-17周",0,吴强,"1-17周 周三 第1节-第2节 仙Ⅱ-313,1-17周 周五 第1节-第2节 仙Ⅱ-313",3.0,化学学院,否,理论类课程,"周三,周五",2019-2020-2,,2019213010100A92409,"2018化学学院化学,2018化学学院应用化学",0,仙林校区,2019-2020学年 第2学期,92409,"仙Ⅱ-313,仙Ⅱ-313",0.0,否,,1,64,,0,0,物理化学 I （A）,12,"第1节-第2节,第1节-第2节",仙II区,13010100A
48.0,400140,物理化学 I（B）（二）(20192-13010100B-1),2019213010100B92432,,3,,30,"1-17周,1-17周(单)",0,郭琳,"1-17周 周一 第1节-第2节 仙Ⅱ-307,1-17周(单) 周三 第1节-第2节 仙Ⅱ-307",3.0,化学学院,否,理论类课程,"周一,周三",2019-2020-2,,2019213010100B92432,2017化学学院化学（化学生物学）,0,仙林校区,2019-2020学年 第2学期,92432,"仙Ⅱ-307,仙Ⅱ-307",0.0,否,,1,48,,0,0,物理化学 I（B）（二）,12,"第1节-第2节,第1节-第2节",仙II区,13010100B
32.0,400140,物理化学实验 I （B）(20192-13010120B-1),2019213010120B92390,,3,,43,1-17周(单),0,"胡柏星,季伟捷,周爱东,王喜章,淳远",1-17周(单) 周二 第3节-第6节 ,2.0,化学学院,否,实验类课程,周二,2019-2020-2,,2019213010120B92390,2017化学学院化学,0,仙林校区,2019-2020学年 第2学期,92390,无,64.0,否,,2,0,,0,0,物理化学实验 I （B）,,第3节-第6节,,13010120B
32.0,400140,物理化学实验 I （B）(20192-13010120B-2),2019213010120B92392,,3,,36,2-16周(双),0,"季伟捷,周爱东,王喜章,胡柏星,淳远",2-16周(双) 周二 第3节-第6节 ,2.0,化学学院,否,实验类课程,周二,2019-2020-2,,2019213010120B92392,"2017化学学院化学,2017化学学院应用化学",0,仙林校区,2019-2020学年 第2学期,92392,无,64.0,否,,2,0,,0,0,物理化学实验 I （B）,,第3节-第6节,,13010120B
32.0,400140,物理化学实验 I （B）(20192-13010120B-3),2019213010120B92393,,3,,37,1-17周(单),0,"许波连,杨立军,吴兴才,傅玉川,薛念华",1-17周(单) 周四 第3节-第6节 ,2.0,化学学院,否,实验类课程,周四,2019-2020-2,,2019213010120B92393,"2017化学学院化学(基地),2017匡亚明学院理科强化班",0,仙林校区,2019-2020学年 第2学期,92393,无,64.0,否,,2,0,,0,0,物理化学实验 I （B）,,第3节-第6节,,13010120B
32.0,400140,仪器分析实验(20192-13010140-1),201921301014092416,,3,,64,1-17周,0,"赵伟伟,余晓冬,夏兴华,张剑荣,闵乾昊,王康,姜立萍,吴洁",1-17周 周四 第3节-第8节 ,2.0,化学学院,否,实验类课程,周四,2019-2020-2,,201921301014092416,2018化学学院化学,0,仙林校区,2019-2020学年 第2学期,92416,无,96.0,否,,2,0,,0,0,仪器分析实验,,第3节-第8节,,13010140
32.0,400140,仪器分析实验(20192-13010140-2),201921301014092417,,3,,35,1-17周,0,"余晓冬,张剑荣,夏兴华,吴洁,闵乾昊,姜立萍,赵伟伟",1-17周 周二 第3节-第8节 ,2.0,化学学院,否,实验类课程,周二,2019-2020-2,,201921301014092417,"2018化学学院应用化学,2018匡亚明学院理科强化班",0,仙林校区,2019-2020学年 第2学期,92417,无,96.0,否,,2,0,,0,0,仪器分析实验,,第3节-第8节,,13010140
48.0,400140,有机化学实验(20192-13010180T-1),2019213010180T92415,,3,,16,1-17周,0,"谢劲,全一武",1-17周 周二 第3节-第8节 ,3.0,化学学院,否,实验类课程,周二,2019-2020-2,,2019213010180T92415,2018化学学院化学（化学生物学）,0,仙林校区,2019-2020学年 第2学期,92415,无,128.0,否,,2,0,,0,0,有机化学实验,,第3节-第8节,,13010180T
32.0,400140,化学实验基础(20192-13010260-1),201921301026092795,,3,,60,1-8周,0,"王庆,谢鸿峰,王庆军,白志平,芦昌盛,高峰,汪蓉",1-8周 周四 第3节-第8节 ,2.0,化学学院,否,实验类课程,周四,2019-2020-2,,201921301026092795,"2018现代工程与应用科学学院材料物理,2018现代工程与应用科学学院生物医学工程,2018现代工程与应用科学学院新能源科学与工程,2018现代工程与应用科学学院光电信息科学与工程,2018现代工程与应用科学学院材料化学",0,仙林校区,2019-2020学年 第2学期,92795,无,64.0,否,,2,0,,0,0,化学实验基础,,第3节-第8节,,13010260
32.0,400140,化学实验基础(20192-13010260-2),201921301026092797,,3,,57,9-16周,0,"王庆,汪蓉,白志平,王庆军,芦昌盛,谢鸿峰,陶友荣",9-16周 周四 第3节-第8节 ,2.0,化学学院,否,实验类课程,周四,2019-2020-2,,201921301026092797,"2018现代工程与应用科学学院材料物理,2018现代工程与应用科学学院生物医学工程,2018现代工程与应用科学学院新能源科学与工程,2018现代工程与应用科学学院光电信息科学与工程,2018现代工程与应用科学学院材料化学",0,仙林校区,2019-2020学年 第2学期,92797,无,64.0,否,,2,0,,0,0,化学实验基础,,第3节-第8节,,13010260
64.0,400140,化学生物学综合实验(20192-13010270T-1),2019213010270T92811,,3,,25,1-17周,0,"谢然,张晶晶,郑鹏,魏炜,李劼,李金波,陈韵聪,叶德举,王欢",1-17周 周四 第3节-第8节 ,4.0,化学学院,否,实验类课程,周四,2019-2020-2,,2019213010270T92811,2017化学学院化学（化学生物学）,0,仙林校区,2019-2020学年 第2学期,92811,无,128.0,否,,2,0,,0,0,化学生物学综合实验,,第3节-第8节,,13010270T
48.0,400140,化工原理(20192-13020010B-1),2019213020010B92424,,3,,11,"1-17周(单),1-17周",0,耿皎,"1-17周 周三 第3节-第4节 仙Ⅱ-109,1-17周(单) 周一 第3节-第4节 仙Ⅱ-109",3.0,化学学院,否,理论类课程,"周一,周三",2019-2020-2,,2019213020010B92424,2017化学学院应用化学,0,仙林校区,2019-2020学年 第2学期,92424,"仙Ⅱ-109,仙Ⅱ-109",0.0,否,,1,48,,0,0,化工原理B,12,"第3节-第4节,第3节-第4节",仙II区,13020010B
48.0,400140,化工原理(20192-13020020-1),201921302002092427,,3,,15,"1-17周(单),1-17周",0,周爱东,"1-17周 周三 第3节-第4节 仙Ⅱ-306,1-17周(单) 周一 第3节-第4节 仙Ⅱ-306",3.0,化学学院,否,理论类课程,"周一,周三",2019-2020-2,,201921302002092427,"2017化学学院化学,2017化学学院化学（化学生物学）,2017化学学院化学(基地)",0,仙林校区,2019-2020学年 第2学期,92427,"仙Ⅱ-306,仙Ⅱ-306",0.0,否,,1,48,,0,0,化工原理,12,"第3节-第4节,第3节-第4节",仙II区,13020020
32.0,400140,化工原理实验(20192-13020020T-1),2019213020020T93425,,3,,11,1-8周,0,周爱东,1-8周 周一 第5节-第8节 ,1.0,化学学院,否,实验类课程,周一,2019-2020-2,,2019213020020T93425,2017化学学院应用化学,0,仙林校区,2019-2020学年 第2学期,93425,无,32.0,否,,2,0,,0,0,化工原理实验,,第5节-第8节,,13020020T
16.0,400140,化工基础实验(20192-13020030-1),201921302003093424,,3,,0,1-8周,0,周爱东,1-8周 周一 第5节-第8节 ,1.0,化学学院,否,实验类课程,周一,2019-2020-2,,201921302003093424,"2017化学学院化学,2017化学学院化学(基地)",0,仙林校区,2019-2020学年 第2学期,93424,无,32.0,否,,2,0,,0,0,化工基础实验,,第5节-第8节,,13020030
48.0,400140,有机化学(20192-13020060-1),201921302006092728,,3,,57,1-17周,0,强琚莉,1-17周 周五 第5节-第7节 仙Ⅱ-314,3.0,化学学院,否,理论类课程,周五,2019-2020-2,,201921302006092728,2019医学院临床医学,0,仙林校区,2019-2020学年 第2学期,92728,仙Ⅱ-314,0.0,否,,1,64,,0,0,有机化学,12,第5节-第7节,仙II区,13020060
48.0,400140,有机化学(20192-13020060-2),201921302006092729,,3,,52,1-17周,0,"王乐勇,林晨",1-17周 周五 第5节-第7节 仙Ⅱ-318,3.0,化学学院,否,理论类课程,周五,2019-2020-2,,201921302006092729,"2019医学院临床医学,2019医学院口腔医学",0,仙林校区,2019-2020学年 第2学期,92729,仙Ⅱ-318,0.0,否,,1,64,,0,0,有机化学,12,第5节-第7节,仙II区,13020060
32.0,400140,有机化学实验(20192-13020070T-1),2019213020070T92418,,3,,5,2-16周(双),0,黄伟,2-16周(双) 周四 第3节-第8节 ,2.0,化学学院,否,实验类课程,周四,2019-2020-2,,2019213020070T92418,2018化学学院应用化学,0,仙林校区,2019-2020学年 第2学期,92418,无,64.0,否,,2,0,,0,0,有机化学实验,,第3节-第8节,,13020070T
32.0,400140,中级应用化学实验(20192-13020090T-1),2019213020090T92396,,3,,11,1-17周(单),0,胡兴邦,1-17周(单) 周二 第3节-第6节 ,2.0,化学学院,否,实验类课程,周二,2019-2020-2,,2019213020090T92396,2017化学学院应用化学,0,仙林校区,2019-2020学年 第2学期,92396,无,64.0,否,,2,0,,0,0,中级应用化学实验,,第3节-第6节,,13020090T
48.0,400140,高等物理化学I(20192-13030080A-1),2019213030080A92858,,3,,35,"1-17周,2-16周(双)",0,"黎书华,周燕子","1-17周 周三 第3节-第4节 仙Ⅱ-313,2-16周(双) 周五 第3节-第4节 仙Ⅱ-313",3.0,化学学院,否,理论类课程,"周三,周五",2019-2020-2,,2019213030080A92858,2018匡亚明学院理科强化班,0,仙林校区,2019-2020学年 第2学期,92858,"仙Ⅱ-313,仙Ⅱ-313",0.0,否,,1,48,,0,0,高等物理化学I,12,"第3节-第4节,第3节-第4节",仙II区,13030080A
32.0,400140,高分子化学(20192-13030110-1),201921303011092433,,3,,33,1-17周,0,陈葳,1-17周 周三 第5节-第6节 仙Ⅱ-214,2.0,化学学院,否,理论类课程,周三,2019-2020-2,,201921303011092433,"2017化学学院化学,2017匡亚明学院理科强化班,2017化学学院化学（化学生物学）,2017化学学院化学(基地)",0,仙林校区,2019-2020学年 第2学期,92433,仙Ⅱ-214,0.0,否,,1,32,,0,0,高分子化学,12,第5节-第6节,仙II区,13030110
48.0,400140,化工制图(20192-13030170-1),201921303017092403,,3,,11,1-17周,0,张锋,1-17周 周一 第1节-第4节 仙Ⅱ-115,3.0,化学学院,否,理论+实践课程,周一,2019-2020-2,,201921303017092403,"2018化学学院化学,2018化学学院化学（化学生物学）,2018化学学院应用化学",0,仙林校区,2019-2020学年 第2学期,92403,仙Ⅱ-115,0.0,否,,5,32,,32,0,人工智能与化工制图,12,第1节-第4节,仙II区,13030170
48.0,400140,化学反应工程(20192-13030180-1),201921303018092425,,3,,13,"2-16周(双),1-17周",0,李磊,"2-16周(双) 周一 第3节-第4节 仙Ⅱ-307,1-17周 周三 第5节-第6节 仙Ⅱ-307",3.0,化学学院,否,理论类课程,"周一,周三",2019-2020-2,,201921303018092425,2017化学学院应用化学,0,仙林校区,2019-2020学年 第2学期,92425,"仙Ⅱ-307,仙Ⅱ-307",0.0,否,,1,48,,0,0,化学反应工程,12,"第3节-第4节,第5节-第6节",仙II区,13030180
16.0,400140,化学化工行业就业创业指导(20192-13030190-1),201921303019092423,,3,,28,4-16周(双),0,王晓,4-16周(双) 周二 第5节-第6节 仙Ⅱ-215,1.0,化学学院,否,理论类课程,周二,2019-2020-2,,201921303019092423,"2017化学学院化学,2017化学学院化学（化学生物学）,2017化学学院化学(基地),2017化学学院应用化学",0,仙林校区,2019-2020学年 第2学期,92423,仙Ⅱ-215,0.0,否,,1,16,,0,0,化学化工行业就业创业指导,12,第5节-第6节,仙II区,13030190
32.0,400140,化学文献(20192-13030210-1),201921303021092407,,3,,31,1-17周,0,白志平,1-17周 周一 第1节-第2节 仙Ⅱ-211,2.0,化学学院,否,理论类课程,周一,2019-2020-2,,201921303021092407,"2018化学学院化学,2018化学学院化学（化学生物学）,2018化学学院应用化学",0,仙林校区,2019-2020学年 第2学期,92407,仙Ⅱ-211,0.0,否,,1,32,,0,0,化学文献与科学方法,12,第1节-第2节,仙II区,13030210
64.0,400140,化学原理(20192-13030240A-1),2019213030240A92725,,3,,38,"1-17周,1-17周",0,赵斌,"1-17周 周一 第3节-第4节 仙Ⅱ-317,1-17周 周五 第3节-第4节 仙Ⅱ-317",4.0,化学学院,否,理论类课程,"周一,周五",2019-2020-2,,2019213030240A92725,,0,仙林校区,2019-2020学年 第2学期,92725,"仙Ⅱ-317,仙Ⅱ-317",0.0,否,,1,64,,0,0,化学原理,12,"第3节-第4节,第3节-第4节",仙II区,13030240A
64.0,400140,化学原理(20192-13030240A-2),2019213030240A92726,,3,,34,"1-17周,1-17周",0,"徐伟高,丁梦宁","1-17周 周一 第3节-第4节 仙Ⅱ-316,1-17周 周五 第3节-第4节 仙Ⅱ-316",4.0,化学学院,否,理论类课程,"周一,周五",2019-2020-2,,2019213030240A92726,,0,仙林校区,2019-2020学年 第2学期,92726,"仙Ⅱ-316,仙Ⅱ-316",0.0,否,,1,64,,0,0,化学原理,12,"第3节-第4节,第3节-第4节",仙II区,13030240A
64.0,400140,化学原理(20192-13030240A-3),2019213030240A92855,,3,,31,"1-17周,1-17周",0,"葛欣,高飞,陈爽","1-17周 周五 第3节-第4节 仙Ⅱ-117,1-17周 周二 第9节-第10节 仙Ⅱ-117",4.0,化学学院,否,理论类课程,"周二,周五",2019-2020-2,,2019213030240A92855,2019匡亚明学院理科强化班,0,仙林校区,2019-2020学年 第2学期,92855,"仙Ⅱ-117,仙Ⅱ-117",0.0,否,,1,64,,0,0,化学原理,12,"第9节-第10节,第3节-第4节",仙II区,13030240A
32.0,400140,结晶化学(20192-13030290-2),201921303029092428,,3,,29,2-17周,0,张磊,2-17周 周二 第1节-第2节 仙Ⅱ-214,2.0,化学学院,否,理论类课程,周二,2019-2020-2,,201921303029092428,"2017化学学院化学,2017匡亚明学院理科强化班,2017化学学院化学（化学生物学）,2017化学学院化学(基地),2017化学学院应用化学",0,仙林校区,2019-2020学年 第2学期,92428,仙Ⅱ-214,0.0,否,,1,32,,0,0,结晶化学,12,第1节-第2节,仙II区,13030290
64.0,400140,近代仪器分析法(20192-13030320-1),201921303032092421,,3,,72,"1-17周,1-17周",0,江德臣,"1-17周 周一 第3节-第4节 逸C-319,1-17周 周三 第3节-第4节 逸C-319",4.0,化学学院,否,理论类课程,"周一,周三",2019-2020-2,,201921303032092421,"2017化学学院化学,2017化学学院化学（化学生物学）,2017化学学院化学(基地)",0,仙林校区,2019-2020学年 第2学期,92421,"逸C-319,逸C-319",0.0,否,,1,64,,0,0,近代仪器分析法,17,"第3节-第4节,第3节-第4节",逸夫楼C区,13030320
48.0,400140,高等无机化学(20192-13030490-1),201921303049092431,,3,,54,1-17周,0,"何卫江,宋友",1-17周 周一 第5节-第7节 仙Ⅱ-112,3.0,化学学院,否,理论类课程,周一,2019-2020-2,,201921303049092431,"2017化学学院化学,2017匡亚明学院理科强化班,2017化学学院化学（化学生物学）,2017化学学院化学(基地)",0,仙林校区,2019-2020学年 第2学期,92431,仙Ⅱ-112,0.0,否,,1,48,,0,0,高等无机化学,12,第5节-第7节,仙II区,13030490
32.0,400140,高分子结构与性能(20192-13030500-1),201921303050092420,,3,,49,1-17周,0,"沈群东,胡文兵",1-17周 周二 第7节-第8节 逸B-205,2.0,化学学院,否,理论类课程,周二,2019-2020-2,,201921303050092420,"2017化学学院化学,2017化学学院化学（化学生物学）,2017化学学院化学(基地)",0,仙林校区,2019-2020学年 第2学期,92420,逸B-205,0.0,否,,1,32,,0,0,高分子结构与性能,16,第7节-第8节,逸夫楼B区,13030500
32.0,400140,催化化学(20192-13030510-1),201921303051092430,,3,,0,,0,,,2.0,化学学院,否,理论类课程,,2019-2020-2,,201921303051092430,,0,仙林校区,2019-2020学年 第2学期,92430,,0.0,否,,1,32,,0,0,催化化学,,,,13030510
32.0,400140,先进高分子材料(20192-13030530-1),201921303053092434,,3,,10,1-17周,0,"贾叙东,陈葳,朱进",1-17周 周四 第1节-第2节 仙Ⅱ-112,2.0,化学学院,否,理论类课程,周四,2019-2020-2,,201921303053092434,"2017化学学院化学,2017化学学院化学（化学生物学）,2017化学学院化学(基地),2017化学学院应用化学",0,仙林校区,2019-2020学年 第2学期,92434,仙Ⅱ-112,0.0,否,,1,32,,0,0,先进高分子材料,12,第1节-第2节,仙II区,13030530
32.0,400140,分子识别与分析(20192-13030540-1),201921303054092422,,3,,11,2-17周,0,"刘震,许丹科",2-17周 周一 第9节-第10节 仙Ⅱ-115,2.0,化学学院,否,理论类课程,周一,2019-2020-2,,201921303054092422,"2017化学学院化学,2017化学学院化学（化学生物学）,2017化学学院化学(基地),2017化学学院应用化学",0,仙林校区,2019-2020学年 第2学期,92422,仙Ⅱ-115,0.0,否,,1,32,,0,0,分子识别与分析,12,第9节-第10节,仙II区,13030540
48.0,400140,电分析化学基础(20192-13030590-1),201921303059092336,,3,,3,"1-17周,1-17周(单)",0,雷建平,"1-17周(单) 周四 第1节-第2节 逸C-319,1-17周 周二 第3节-第4节 逸C-319",3.0,化学学院,否,理论类课程,"周二,周四",2019-2020-2,,201921303059092336,"2016化学学院化学,2016化学学院化学(基地),2016化学学院应用化学",0,仙林校区,2019-2020学年 第2学期,92336,"逸C-319,逸C-319",0.0,否,,1,48,,0,0,电分析化学基础,17,"第3节-第4节,第1节-第2节",逸夫楼C区,13030590
48.0,400140,分离工程原理及热力学基础(20192-13030620-1),201921303062092426,,3,,5,1-17周,0,吴有庭,1-17周 周四 第5节-第7节 仙Ⅱ-102,3.0,化学学院,否,理论类课程,周四,2019-2020-2,,201921303062092426,2017化学学院应用化学,0,仙林校区,2019-2020学年 第2学期,92426,仙Ⅱ-102,0.0,否,,1,48,,0,0,分离工程原理及热力学基础,12,第5节-第7节,仙II区,13030620
48.0,400140,高分子表征(20192-13030740-1),201921303074092338,,3,,6,1-17周,0,蒋锡群,1-17周 周三 第3节-第4节 逸B-205,2.0,化学学院,否,理论类课程,周三,2019-2020-2,,201921303074092338,"2016化学学院化学,2016化学学院化学(基地),2016化学学院应用化学",0,仙林校区,2019-2020学年 第2学期,92338,逸B-205,0.0,否,,1,32,,0,0,高分子表征,16,第3节-第4节,逸夫楼B区,13030740
48.0,400140,理论与物理有机化学(20192-13030830-1),201921303083092335,,3,,3,1-17周,0,"张艳,梁勇",1-17周 周三 第5节-第7节 逸C-420,3.0,化学学院,否,理论类课程,周三,2019-2020-2,,201921303083092335,"2016化学学院化学,2016化学学院化学(基地)",0,仙林校区,2019-2020学年 第2学期,92335,逸C-420,0.0,否,,1,48,,0,0,理论与物理有机化学,17,第5节-第7节,逸夫楼C区,13030830
32.0,400140,计算机与化学(20192-13030840-1),201921303084092436,,3,,14,1-17周,0,马海波,1-17周 周五 第5节-第6节 仙Ⅱ-115,2.0,化学学院,否,理论+实践课程,周五,2019-2020-2,,201921303084092436,"2017化学学院化学,2017化学学院化学（化学生物学）,2017化学学院化学(基地),2017化学学院应用化学",0,仙林校区,2019-2020学年 第2学期,92436,仙Ⅱ-115,0.0,否,,5,16,,16,0,计算机与化学,12,第5节-第6节,仙II区,13030840
32.0,400140,配位化学(20192-13030850-1),201921303085092333,,3,,8,1-17周,0,"章文伟,黄伟",1-17周 周三 第5节-第6节 逸C-319,2.0,化学学院,否,理论类课程,周三,2019-2020-2,,201921303085092333,"2016化学学院化学,2016化学学院化学(基地),2016化学学院应用化学",0,仙林校区,2019-2020学年 第2学期,92333,逸C-319,0.0,否,,1,32,,0,0,配位化学,17,第5节-第6节,逸夫楼C区,13030850
32.0,400140,统计热力学(20192-13030880-1),201921303088092429,,3,,5,1-17周,0,马海波,1-17周 周三 第3节-第4节 仙Ⅱ-104,2.0,化学学院,否,理论类课程,周三,2019-2020-2,,201921303088092429,"2017化学学院化学,2017化学学院化学(基地)",0,仙林校区,2019-2020学年 第2学期,92429,仙Ⅱ-104,0.0,否,,1,32,,0,0,统计热力学,12,第3节-第4节,仙II区,13030880
48.0,400140,分子光谱学(20192-13030890-1),201921303089092401,,3,,3,"3-17周(单),3-17周",0,王伟,"3-17周(单) 周一 第1节-第2节 仙Ⅱ-112,3-17周 周三 第5节-第6节 仙Ⅱ-112",3.0,化学学院,否,理论类课程,"周一,周三",2019-2020-2,,201921303089092401,"2018化学学院化学,2018化学学院化学（化学生物学）,2018化学学院应用化学",0,仙林校区,2019-2020学年 第2学期,92401,"仙Ⅱ-112,仙Ⅱ-112",0.0,否,,1,48,,0,0,分子光谱与成像,12,"第1节-第2节,第5节-第6节",仙II区,13030890
32.0,400140,产业前沿高分子材料(20192-13030910-1),201921303091092412,,3,,44,1-17周,0,王晓亮,1-17周 周三 第9节-第10节 仙Ⅱ-115,2.0,化学学院,否,理论+实践课程,周三,2019-2020-2,,201921303091092412,"2018化学学院化学,2018化学学院化学（化学生物学）,2018化学学院应用化学",0,仙林校区,2019-2020学年 第2学期,92412,仙Ⅱ-115,0.0,否,,5,22,,10,0,产业前沿高分子材料,12,第9节-第10节,仙II区,13030910
32.0,400140,化工过程设计(20192-13030920-1),201921303092092450,,3,,2,1-17周,0,胡兴邦,1-17周 周一 第5节-第6节 逸C-105,2.0,化学学院,否,理论类课程,周一,2019-2020-2,,201921303092092450,2016化学学院应用化学,0,仙林校区,2019-2020学年 第2学期,92450,逸C-105,0.0,否,,1,32,,0,0,化工过程设计,17,第5节-第6节,逸夫楼C区,13030920
32.0,400220,普通生物学（下）(20192-14000010B-1),2019214000010B93147,,3,,33,1-17周,0,"黄亚红,田兴军,王强",1-17周 周二 第9节-第10节 仙Ⅱ-211,2.0,生命科学学院,否,理论类课程,周二,2019-2020-2,,2019214000010B93147,,0,仙林校区,2019-2020学年 第2学期,93147,仙Ⅱ-211,0.0,否,,1,32,,0,0,普通生物学（下）,12,第9节-第10节,仙II区,14000010B
32.0,400220,普通生物学（下）(20192-14000010B-2),2019214000010B93148,,3,,51,1-17周,0,"喻富根,黄成",1-17周 周三 第1节-第2节 仙Ⅱ-112,2.0,生命科学学院,否,理论类课程,周三,2019-2020-2,,2019214000010B93148,2019*理科试验班（化学与生命科学类）*化学与生命科学类,0,仙林校区,2019-2020学年 第2学期,93148,仙Ⅱ-112,0.0,否,,1,32,,0,0,普通生物学（下）,12,第1节-第2节,仙II区,14000010B
32.0,400220,普通生物学（下）(20192-14000010B-3),2019214000010B93149,,3,,85,1-17周,0,"喻富根,黄成",1-17周 周四 第9节-第10节 仙Ⅱ-112,2.0,生命科学学院,否,理论类课程,周四,2019-2020-2,,2019214000010B93149,2019*理科试验班（化学与生命科学类）*化学与生命科学类,0,仙林校区,2019-2020学年 第2学期,93149,仙Ⅱ-112,0.0,否,,1,32,,0,0,普通生物学（下）,12,第9节-第10节,仙II区,14000010B
16.0,400220,基础生物学技术(20192-14000020-1),201921400002093143,,3,,32,13-17周,0,"喻富根,黄成,卢山",13-17周 周五 第2节-第4节 ,1.0,生命科学学院,否,理论+实验课程,周五,2019-2020-2,,201921400002093143,,0,仙林校区,2019-2020学年 第2学期,93143,生科楼C302,66.0,否,,6,6,,0,0,基础生物学技术,,第2节-第4节,,14000020
16.0,400220,基础生物学技术(20192-14000020-2),201921400002093145,,3,,33,14-17周,0,"黄成,喻富根,卢山",14-17周 周一 第5节-第6节 ,1.0,生命科学学院,否,理论+实验课程,周一,2019-2020-2,,201921400002093145,2019*理科试验班（化学与生命科学类）*化学与生命科学类,0,仙林校区,2019-2020学年 第2学期,93145,生科楼C302,66.0,否,,6,6,,0,0,基础生物学技术,,第5节-第6节,,14000020
16.0,400220,基础生物学技术(20192-14000020-3),201921400002093146,,3,,35,15-17周,0,"黄成,卢山,喻富根",15-17周 周五 第5节-第6节 ,1.0,生命科学学院,否,理论+实验课程,周五,2019-2020-2,,201921400002093146,2019*理科试验班（化学与生命科学类）*化学与生命科学类,0,仙林校区,2019-2020学年 第2学期,93146,生科楼C302,66.0,否,,6,6,,0,0,基础生物学技术,,第5节-第6节,,14000020
32.0,400220,英文文献研读和写作(20192-14000050-1),201921400005092809,,3,,5,1-17周,0,"徐琛,朱海亮",1-17周 周三 第3节-第4节 仙Ⅱ-307,2.0,生命科学学院,否,理论类课程,周三,2019-2020-2,,201921400005092809,2016生命科学学院生物科学类,0,仙林校区,2019-2020学年 第2学期,92809,仙Ⅱ-307,0.0,否,,1,32,,0,0,英文文献研读和写作,12,第3节-第4节,仙II区,14000050
48.0,400220,遗传学(20192-14010010-1),201921401001092871,,3,,26,1-17周,0,"邵珠卿,黄亚红",1-17周 周三 第3节-第4节 仙Ⅱ-215,2.0,生命科学学院,否,理论类课程,周三,2019-2020-2,,201921401001092871,"2017化学学院化学（化学生物学）,2018生命科学学院生物科学类",0,仙林校区,2019-2020学年 第2学期,92871,仙Ⅱ-215,0.0,否,,1,32,,0,0,遗传学,12,第3节-第4节,仙II区,14010010
48.0,400220,遗传学(20192-14010010-2),201921401001092872,,3,,30,1-17周,0,李建梅,1-17周 周三 第3节-第4节 仙Ⅰ-317,2.0,生命科学学院,否,理论类课程,周三,2019-2020-2,,201921401001092872,2018生命科学学院生物科学类,0,仙林校区,2019-2020学年 第2学期,92872,仙Ⅰ-317,0.0,否,,1,32,,0,0,遗传学,11,第3节-第4节,仙I区,14010010
48.0,400220,遗传学(20192-14010010-3),201921401001093119,,3,,30,1-17周,0,洪治,1-17周 周二 第3节-第4节 仙Ⅱ-116,2.0,生命科学学院,否,理论类课程,周二,2019-2020-2,,201921401001093119,,0,仙林校区,2019-2020学年 第2学期,93119,仙Ⅱ-116,0.0,否,,1,32,,0,0,遗传学,12,第3节-第4节,仙II区,14010010
16.0,400220,遗传学实验(20192-14010010T-1),2019214010010T92867,,3,,26,1-17周,0,"张远莉,庞延军",1-17周 周四 第2节-第4节 ,1.0,生命科学学院,否,实验类课程,周四,2019-2020-2,,2019214010010T92867,2018生命科学学院生物科学类,0,仙林校区,2019-2020学年 第2学期,92867,生科C413,48.0,否,,2,0,,0,0,遗传学实验,,第2节-第4节,,14010010T
16.0,400220,遗传学实验(20192-14010010T-2),2019214010010T92868,,3,,19,1-17周,0,"张远莉,庞延军",1-17周 周四 第5节-第7节 ,1.0,生命科学学院,否,实验类课程,周四,2019-2020-2,,2019214010010T92868,2018生命科学学院生物科学类,0,仙林校区,2019-2020学年 第2学期,92868,生科C413,48.0,否,,2,0,,0,0,遗传学实验,,第5节-第7节,,14010010T
16.0,400220,遗传学实验(20192-14010010T-3),2019214010010T93125,,3,,30,1-17周,0,"黄亚红,庞延军",1-17周 周一 第5节-第7节 ,1.0,生命科学学院,否,实验类课程,周一,2019-2020-2,,2019214010010T93125,,0,仙林校区,2019-2020学年 第2学期,93125,生科C413,48.0,否,,2,0,,0,0,遗传学实验,,第5节-第7节,,14010010T
64.0,400220,生物化学(20192-14010032-1),201921401003293191,,3,,22,"1-17周,1-17周",0,"杨荣武,丁智","1-17周 周四 第3节-第4节 仙Ⅱ-115,1-17周 周三 第5节-第6节 仙Ⅱ-115",4.0,生命科学学院,否,理论类课程,"周三,周四",2019-2020-2,,201921401003293191,2018匡亚明学院理科强化班,0,仙林校区,2019-2020学年 第2学期,93191,"仙Ⅱ-115,仙Ⅱ-115",0.0,否,,1,64,,0,0,生物化学,12,"第5节-第6节,第3节-第4节",仙II区,14010032
64.0,400220,生物化学实验(20192-14010032T-1),2019214010032T93193,,3,,9,2-16周(双),0,张冬梅,2-16周(双) 周一 第3节-第6节 ,1.0,生命科学学院,否,实验类课程,周一,2019-2020-2,,2019214010032T93193,2018匡亚明学院理科强化班,0,仙林校区,2019-2020学年 第2学期,93193,生科楼C214,48.0,否,,2,0,,0,0,生物化学实验,,第3节-第6节,,14010032T
32.0,400220,生态学(20192-14010080-1),201921401008093142,,3,,31,1-17周,0,"孙书存,吴新卫",1-17周 周三 第5节-第6节 仙Ⅱ-213,2.0,生命科学学院,否,理论类课程,周三,2019-2020-2,,201921401008093142,,0,仙林校区,2019-2020学年 第2学期,93142,仙Ⅱ-213,0.0,否,,1,32,,0,0,生态学,12,第5节-第6节,仙II区,14010080
32.0,400220,生态学(20192-14010080-2),201921401008093151,,3,,34,1-17周,0,"刘茂松,徐驰",1-17周 周五 第7节-第8节 仙Ⅱ-109,2.0,生命科学学院,否,理论类课程,周五,2019-2020-2,,201921401008093151,2019*理科试验班（化学与生命科学类）*化学与生命科学类,0,仙林校区,2019-2020学年 第2学期,93151,仙Ⅱ-109,0.0,否,,1,32,,0,0,生态学,12,第7节-第8节,仙II区,14010080
32.0,400220,生态学(20192-14010080-3),201921401008093152,,3,,24,1-17周,0,周长芳,1-17周 周五 第7节-第8节 仙Ⅱ-216,2.0,生命科学学院,否,理论类课程,周五,2019-2020-2,,201921401008093152,"2017地球科学与工程学院地质学（生物演化与环境方向）,2019*理科试验班（化学与生命科学类）*化学与生命科学类,2018大气科学学院理科试验班（地球系统科学与环境）",0,仙林校区,2019-2020学年 第2学期,93152,仙Ⅱ-216,0.0,否,,1,32,,0,0,生态学,12,第7节-第8节,仙II区,14010080
32.0,400220,生态学(20192-14010080-4),201921401008093153,,3,,16,1-17周,0,何祯祥,1-17周 周五 第7节-第8节 仙Ⅱ-217,2.0,生命科学学院,否,理论类课程,周五,2019-2020-2,,201921401008093153,2019*理科试验班（化学与生命科学类）*化学与生命科学类,0,仙林校区,2019-2020学年 第2学期,93153,仙Ⅱ-217,0.0,否,,1,32,,0,0,生态学,12,第7节-第8节,仙II区,14010080
48.0,400220,生理学(20192-14010090-1),201921401009092874,,3,,57,1-17周,0,罗兰,1-17周 周一 第2节-第4节 仙Ⅰ-317,3.0,生命科学学院,否,理论类课程,周一,2019-2020-2,,201921401009092874,2018生命科学学院生物科学类,0,仙林校区,2019-2020学年 第2学期,92874,仙Ⅰ-317,0.0,否,,1,48,,0,0,生理学,11,第2节-第4节,仙I区,14010090
48.0,400220,生理学(20192-14010090-2),201921401009093177,,3,,16,1-17周,0,吴旭东,1-17周 周一 第5节-第7节 仙Ⅱ-307,3.0,生命科学学院,否,理论类课程,周一,2019-2020-2,,201921401009093177,"2017化学学院化学（化学生物学）,2018现代工程与应用科学学院生物医学工程",0,仙林校区,2019-2020学年 第2学期,93177,仙Ⅱ-307,0.0,否,,1,48,,0,0,生理学,12,第5节-第7节,仙II区,14010090
48.0,400220,生理学(20192-14010090-3),201921401009093180,,3,,47,1-17周,0,朱景宁,1-17周 周三 第2节-第4节 仙Ⅱ-117,3.0,生命科学学院,否,理论类课程,周三,2019-2020-2,,201921401009093180,2018匡亚明学院理科强化班,0,仙林校区,2019-2020学年 第2学期,93180,仙Ⅱ-117,0.0,否,,1,48,,0,0,生理学,12,第2节-第4节,仙II区,14010090
48.0,400220,生理学(20192-14010090-4),201921401009093183,,1,,17,1-17周,0,王良斌,1-17周 周五 第5节-第7节 教203,3.0,生命科学学院,否,理论类课程,周五,2019-2020-2,,201921401009093183,"2017物理学院物理学,2017物理学院物理学（拔尖计划）,2017物理学院应用物理学",0,鼓楼校区,2019-2020学年 第2学期,93183,教203,0.0,否,,1,48,,0,0,生理学,1,第5节-第7节,教学楼,14010090
16.0,400220,生理学实验(20192-14010090T-1),2019214010090T92893,,3,,25,1-17周,0,吴雪丰,1-17周 周二 第2节-第4节 ,1.0,生命科学学院,否,实验类课程,周二,2019-2020-2,,2019214010090T92893,2018生命科学学院生物科学类,0,仙林校区,2019-2020学年 第2学期,92893,生科楼C102,48.0,否,,2,0,,0,0,生理学实验,,第2节-第4节,,14010090T
16.0,400220,生理学实验(20192-14010090T-2),2019214010090T92899,,3,,30,1-17周,0,吴雪丰,1-17周 周一 第5节-第7节 ,1.0,生命科学学院,否,实验类课程,周一,2019-2020-2,,2019214010090T92899,2018生命科学学院生物科学类,0,仙林校区,2019-2020学年 第2学期,92899,生科楼C102,48.0,否,,2,0,,0,0,生理学实验,,第5节-第7节,,14010090T
16.0,400220,生理学实验(20192-14010090T-3),2019214010090T93190,,3,,28,1-17周,0,吴雪丰,1-17周 周二 第5节-第7节 ,1.0,生命科学学院,否,实验类课程,周二,2019-2020-2,,2019214010090T93190,,0,仙林校区,2019-2020学年 第2学期,93190,生科楼C102,48.0,否,,2,0,,0,0,生理学实验,,第5节-第7节,,14010090T
32.0,400220,发育生物学(20192-14010100-1),201921401010092852,,3,,36,1-17周,0,"李靓,姜晓宏",1-17周 周二 第5节-第6节 仙Ⅱ-211,2.0,生命科学学院,否,理论类课程,周二,2019-2020-2,,201921401010092852,2017生命科学学院生物科学类,0,仙林校区,2019-2020学年 第2学期,92852,仙Ⅱ-211,0.0,否,,1,32,,0,0,发育生物学,12,第5节-第6节,仙II区,14010100
32.0,400220,发育生物学(20192-14010100-2),201921401010092860,,3,,44,1-17周,0,"李靓,姜晓宏",1-17周 周四 第5节-第6节 仙Ⅱ-115,2.0,生命科学学院,否,理论类课程,周四,2019-2020-2,,201921401010092860,2017生命科学学院生物科学类,0,仙林校区,2019-2020学年 第2学期,92860,仙Ⅱ-115,0.0,否,,1,32,,0,0,发育生物学,12,第5节-第6节,仙II区,14010100
16.0,400220,发育生物学实验(20192-14010100T-1),2019214010100T92810,,3,,30,1-17周,0,双惊雷,1-17周 周三 第1节-第2节 ,1.0,生命科学学院,否,实验类课程,周三,2019-2020-2,,2019214010100T92810,,0,仙林校区,2019-2020学年 第2学期,92810,生科楼C502,32.0,否,,2,0,,0,0,发育生物学实验,,第1节-第2节,,14010100T
16.0,400220,发育生物学实验(20192-14010100T-2),2019214010100T92813,,3,,26,1-17周,0,双惊雷,1-17周 周四 第1节-第2节 ,1.0,生命科学学院,否,实验类课程,周四,2019-2020-2,,2019214010100T92813,2017生命科学学院生物科学类,0,仙林校区,2019-2020学年 第2学期,92813,生科楼C502,32.0,否,,2,0,,0,0,发育生物学实验,,第1节-第2节,,14010100T
16.0,400220,发育生物学实验(20192-14010100T-3),2019214010100T92814,,3,,24,1-17周,0,双惊雷,1-17周 周四 第3节-第4节 ,1.0,生命科学学院,否,实验类课程,周四,2019-2020-2,,2019214010100T92814,2017生命科学学院生物科学类,0,仙林校区,2019-2020学年 第2学期,92814,生科楼C502,32.0,否,,2,0,,0,0,发育生物学实验,,第3节-第4节,,14010100T
48.0,400220,分子生物学(20192-14010110-1),201921401011092870,,3,,71,1-17周,0,庄红芹,1-17周 周二 第5节-第7节 仙Ⅱ-104,3.0,生命科学学院,否,理论类课程,周二,2019-2020-2,,201921401011092870,2018生命科学学院生物科学类,0,仙林校区,2019-2020学年 第2学期,92870,仙Ⅱ-104,0.0,否,,1,48,,0,0,分子生物学,12,第5节-第7节,仙II区,14010110
48.0,400220,分子生物学(20192-14010110-2),201921401011093110,,3,,44,"1-12周,1-12周",0,郑伟娟,"1-12周 周一 第3节-第4节 仙Ⅱ-116,1-12周 周四 第5节-第6节 仙Ⅱ-116",3.0,生命科学学院,否,理论类课程,"周一,周四",2019-2020-2,,201921401011093110,2018化学学院化学（化学生物学）,0,仙林校区,2019-2020学年 第2学期,93110,"仙Ⅱ-116,仙Ⅱ-116",0.0,否,,1,48,,0,0,分子生物学,12,"第3节-第4节,第5节-第6节",仙II区,14010110
16.0,400220,分子生物学实验(20192-14010110T-1),2019214010110T92901,,3,,28,1-17周,0,臧宇辉,1-17周 周一 第5节-第7节 ,1.0,生命科学学院,否,实验类课程,周一,2019-2020-2,,2019214010110T92901,2018生命科学学院生物科学类,0,仙林校区,2019-2020学年 第2学期,92901,生科楼C202,48.0,否,,2,0,,0,0,分子生物学实验,,第5节-第7节,,14010110T
16.0,400220,分子生物学实验(20192-14010110T-2),2019214010110T92908,,3,,29,1-17周,0,郭文洁,1-17周 周二 第2节-第4节 ,1.0,生命科学学院,否,实验类课程,周二,2019-2020-2,,2019214010110T92908,2018生命科学学院生物科学类,0,仙林校区,2019-2020学年 第2学期,92908,生科楼C202,48.0,否,,2,0,,0,0,分子生物学实验,,第2节-第4节,,14010110T
16.0,400220,分子生物学实验(20192-14010110T-3),2019214010110T93116,,3,,31,1-17周,0,张敏跃,1-17周 周四 第2节-第4节 ,1.0,生命科学学院,否,实验类课程,周四,2019-2020-2,,2019214010110T93116,,0,仙林校区,2019-2020学年 第2学期,93116,生科楼C202,48.0,否,,2,0,,0,0,分子生物学实验,,第2节-第4节,,14010110T
128.0,400220,毕业论文(20192-14010120-1),201921401012093462,,3,,78,,0,, 自由时间 - 自由地点,8.0,生命科学学院,否,实践类课程,自由时间,2019-2020-2,,201921401012093462,2016生命科学学院生物科学类,0,仙林校区,2019-2020学年 第2学期,93462,自由地点,0.0,否,,3,0,,128,0,毕业论文,388,自由时间,虚拟区域（仙林）,14010120
48.0,400220,生理与个体生态学(20192-14100090-1),201921410009092815,,3,,8,1-17周,0,赵德华,1-17周 周五 第2节-第4节 仙Ⅱ-111,3.0,生命科学学院,否,理论类课程,周五,2019-2020-2,,201921410009092815,2017生命科学学院生物科学类,0,仙林校区,2019-2020学年 第2学期,92815,仙Ⅱ-111,0.0,否,,1,48,,0,0,生理与个体生态学,12,第2节-第4节,仙II区,14100090
32.0,400220,免疫学(20192-14100100-1),201921410010092819,,3,,54,1-17周,0,薛雅蓉,1-17周 周二 第3节-第4节 仙Ⅱ-213,2.0,生命科学学院,否,理论类课程,周二,2019-2020-2,,201921410010092819,"2017化学学院化学（化学生物学）,2017生命科学学院生物科学类",0,仙林校区,2019-2020学年 第2学期,92819,仙Ⅱ-213,0.0,否,,1,32,,0,0,免疫学,12,第3节-第4节,仙II区,14100100
16.0,400220,免疫学实验(20192-14100100T-1),2019214100100T92825,,3,,27,7-17周,0,薛雅蓉,7-17周 周一 第2节-第4节 ,1.0,生命科学学院,否,实验类课程,周一,2019-2020-2,,2019214100100T92825,2017生命科学学院生物科学类,0,仙林校区,2019-2020学年 第2学期,92825,生科楼C308,48.0,否,,2,0,,0,0,免疫学实验,,第2节-第4节,,14100100T
48.0,400220,组织学(20192-14100120-1),201921410012092863,,3,,10,1-17周,0,王良斌,1-17周 周一 第5节-第6节 ,3.0,生命科学学院,否,理论类课程,周一,2019-2020-2,,201921410012092863,2017生命科学学院生物科学类,0,仙林校区,2019-2020学年 第2学期,92863,生科楼C510,16.0,否,,1,32,,0,0,组织学,,第5节-第6节,,14100120
16.0,400220,组织学实验(20192-14100120T-1),2019214100120T92827,,3,,9,1-17周,0,王良斌,1-17周 周一 第7节-第8节 ,1.0,生命科学学院,否,实验类课程,周一,2019-2020-2,,2019214100120T92827,2017生命科学学院生物科学类,0,仙林校区,2019-2020学年 第2学期,92827,生科楼C510,32.0,否,,2,0,,0,0,组织学实验,,第7节-第8节,,14100120T
32.0,400220,生物哲学(20192-14100170-1),201921410017092828,,3,,8,1-17周,0,王良斌,1-17周 周四 第7节-第8节 仙Ⅱ-115,2.0,生命科学学院,否,理论类课程,周四,2019-2020-2,,201921410017092828,2017生命科学学院生物科学类,0,仙林校区,2019-2020学年 第2学期,92828,仙Ⅱ-115,0.0,否,,1,32,,0,0,生物哲学,12,第7节-第8节,仙II区,14100170
32.0,400220,结构生物学(20192-14100180-1),201921410018092830,,3,,29,1-17周,0,李家璜,1-17周 周五 第5节-第6节 仙Ⅱ-307,2.0,生命科学学院,否,理论类课程,周五,2019-2020-2,,201921410018092830,"2017化学学院化学（化学生物学）,2017生命科学学院生物科学类",0,仙林校区,2019-2020学年 第2学期,92830,仙Ⅱ-307,0.0,否,,1,32,,0,0,结构生物学,12,第5节-第6节,仙II区,14100180
32.0,400220,病理学概论(20192-14100230-1),201921410023092831,,3,,30,1-17周,0,"项阳,张骑鹏",1-17周 周三 第3节-第4节 仙Ⅱ-116,2.0,生命科学学院,否,理论类课程,周三,2019-2020-2,,201921410023092831,2017生命科学学院生物科学类,0,仙林校区,2019-2020学年 第2学期,92831,仙Ⅱ-116,0.0,否,,1,32,,0,0,病理学概论,12,第3节-第4节,仙II区,14100230
32.0,400220,生命科学研究基础与实践(20192-14100450-1),201921410045093141,,3,,32,2-17周,0,"周祯,董咸池",2-17周 周日 第9节-第10节 逸C-105,2.0,生命科学学院,否,理论+实践课程,周日,2019-2020-2,,201921410045093141,,0,仙林校区,2019-2020学年 第2学期,93141,逸C-105,0.0,否,,5,16,,16,0,生命科学研究基础与实践,17,第9节-第10节,逸夫楼C区,14100450
32.0,400220,生命科学热点导论(20192-14100460-1),201921410046092869,,3,,48,1-17周,0,"闫超,王龙",1-17周 周日 第9节-第10节 逸C-104,2.0,生命科学学院,否,理论类课程,周日,2019-2020-2,,201921410046092869,2018生命科学学院生物科学类,0,仙林校区,2019-2020学年 第2学期,92869,逸C-104,0.0,否,,1,32,,0,0,生命科学热点导论,17,第9节-第10节,逸夫楼C区,14100460
32.0,400220,药学概论(20192-14100530-1),201921410053092833,,3,,8,1-17周,0,徐琛,1-17周 周五 第5节-第6节 仙Ⅱ-116,2.0,生命科学学院,否,理论类课程,周五,2019-2020-2,,201921410053092833,2017生命科学学院生物科学类,0,仙林校区,2019-2020学年 第2学期,92833,仙Ⅱ-116,0.0,否,,1,32,,0,0,药学概论,12,第5节-第6节,仙II区,14100530
32.0,400220,神经生物学(20192-14110060-1),201921411006092834,,3,,33,1-17周,0,"景键,王建军",1-17周 周五 第3节-第4节 仙Ⅱ-213,2.0,生命科学学院,否,理论类课程,周五,2019-2020-2,,201921411006092834,"2017生命科学学院生物科学类,2019匡亚明学院理科强化班",0,仙林校区,2019-2020学年 第2学期,92834,仙Ⅱ-213,0.0,否,,1,32,,0,0,神经生物学,12,第3节-第4节,仙II区,14110060
32.0,400220,藻类生物学(20192-14110110-1),201921411011092851,,3,,17,1-17周,0,李朋富,1-17周 周三 第5节-第6节 仙Ⅱ-116,2.0,生命科学学院,否,理论+实验课程,周三,2019-2020-2,,201921411011092851,2017生命科学学院生物科学类,0,仙林校区,2019-2020学年 第2学期,92851,仙Ⅱ-116,4.0,否,,6,28,,0,0,藻类生物学,12,第5节-第6节,仙II区,14110110
32.0,400220,生化分析(20192-14120021-1),201921412002192911,,3,,55,1-17周,0,吉丽娜,1-17周 周三 第5节-第6节 仙Ⅱ-215,2.0,生命科学学院,否,理论类课程,周三,2019-2020-2,,201921412002192911,2018生命科学学院生物科学类,0,仙林校区,2019-2020学年 第2学期,92911,仙Ⅱ-215,0.0,否,,1,32,,0,0,生化分析,12,第5节-第6节,仙II区,14120021
32.0,400220,生化分析实验(20192-14120021T-1),2019214120021T92914,,3,,34,1-17周,0,"唐惠炜,张臻,曾水云",1-17周 周五 第3节-第6节 ,2.0,生命科学学院,否,实验类课程,周五,2019-2020-2,,2019214120021T92914,2018生命科学学院生物科学类,0,仙林校区,2019-2020学年 第2学期,92914,生科楼C217,64.0,否,,2,0,,0,0,生化分析实验,,第3节-第6节,,14120021T
32.0,400220,药剂学实验(20192-14120090T-1),2019214120090T92836,,3,,12,2-16周(双),0,"吴锦慧,董虹",2-16周(双) 周一 第5节-第8节 ,2.0,生命科学学院,否,实验类课程,周一,2019-2020-2,,2019214120090T92836,2017生命科学学院生物科学类,0,仙林校区,2019-2020学年 第2学期,92836,生科楼C108,32.0,否,,2,0,,0,0,药剂学实验,,第5节-第8节,,14120090T
32.0,400220,药事法规(20192-14120110-1),201921412011092838,,3,,17,1-17周,0,"孔令东,潘颖",1-17周 周二 第7节-第8节 仙Ⅱ-109,2.0,生命科学学院,否,理论类课程,周二,2019-2020-2,,201921412011092838,2017生命科学学院生物科学类,0,仙林校区,2019-2020学年 第2学期,92838,仙Ⅱ-109,0.0,否,,1,32,,0,0,药事法规,12,第7节-第8节,仙II区,14120110
48.0,400220,药理学(20192-14120120-1),201921412012092839,,3,,36,1-17周,0,"吴雪丰,孙洋,徐强",1-17周 周五 第2节-第4节 仙Ⅱ-307,3.0,生命科学学院,否,理论类课程,周五,2019-2020-2,,201921412012092839,"2017化学学院化学（化学生物学）,2017生命科学学院生物科学类",0,仙林校区,2019-2020学年 第2学期,92839,仙Ⅱ-307,0.0,否,,1,48,,0,0,药理学,12,第2节-第4节,仙II区,14120120
48.0,400220,生态工程学(20192-14130020-1),201921413002092865,,3,,9,1-17周,0,王中生,1-17周 周一 第2节-第4节 仙Ⅱ-217,3.0,生命科学学院,否,理论类课程,周一,2019-2020-2,,201921413002092865,2017生命科学学院生物科学类,0,仙林校区,2019-2020学年 第2学期,92865,仙Ⅱ-217,0.0,否,,1,48,,0,0,生态工程学,12,第2节-第4节,仙II区,14130020
32.0,400220,群体生态学(20192-14130030-1),201921413003092842,,3,,10,1-17周,0,冷欣,1-17周 周二 第3节-第4节 仙Ⅱ-115,2.0,生命科学学院,否,理论类课程,周二,2019-2020-2,,201921413003092842,2017生命科学学院生物科学类,0,仙林校区,2019-2020学年 第2学期,92842,仙Ⅱ-115,0.0,否,,1,32,,0,0,群体生态学,12,第3节-第4节,仙II区,14130030
32.0,400220,生物地理学(20192-14130040-1),201921413004092845,,3,,13,1-17周,0,"孙书存,吴新卫",1-17周 周二 第9节-第10节 仙Ⅱ-102,2.0,生命科学学院,否,理论类课程,周二,2019-2020-2,,201921413004092845,2017生命科学学院生物科学类,0,仙林校区,2019-2020学年 第2学期,92845,仙Ⅱ-102,0.0,否,,1,32,,0,0,生物地理学,12,第9节-第10节,仙II区,14130040
48.0,400220,生物化学(20192-14140013-1),201921414001393138,,3,,12,"2-16周(双),1-17周",0,刘新建,"2-16周(双) 周一 第3节-第4节 仙Ⅱ-114,1-17周 周三 第5节-第6节 仙Ⅱ-114",3.0,生命科学学院,否,理论类课程,"周一,周三",2019-2020-2,,201921414001393138,,0,仙林校区,2019-2020学年 第2学期,93138,"仙Ⅱ-114,仙Ⅱ-114",0.0,否,,1,48,,0,0,生物化学,12,"第3节-第4节,第5节-第6节",仙II区,14140013
48.0,400220,生物化学(20192-14140013-2),201921414001393150,,3,,19,1-17周,0,王小明,1-17周 周一 第5节-第7节 仙Ⅱ-312,3.0,生命科学学院,否,理论类课程,周一,2019-2020-2,,201921414001393150,"2018化学学院化学,2018化学学院应用化学",0,仙林校区,2019-2020学年 第2学期,93150,仙Ⅱ-312,0.0,否,,1,48,,0,0,生物化学,12,第5节-第7节,仙II区,14140013
64.0,400220,大学生物学(20192-14140030-1),201921414003092918,,3,,103,1-17周,0,"焦瑞华,黄成,张博",1-17周 周四 第9节-第11节 仙Ⅱ-303,4.0,生命科学学院,否,理论类课程,周四,2019-2020-2,,201921414003092918,"2018大气科学学院理科试验班（地球系统科学与环境）,2018环境学院环境科学（环规）,2018环境学院环境科学（环生）,2018环境学院环境科学（环化）,2018环境学院环境工程",0,仙林校区,2019-2020学年 第2学期,92918,仙Ⅱ-303,0.0,否,,1,64,,0,0,大学生物学,12,第9节-第11节,仙II区,14140030
64.0,400190,普通地质学(20192-15000010-1),201921500001093430,,3,,106,"1-17周,1-17周,1-17周",0,"解国爱,舒良树,姜宝玉,王博","1-17周 周一 第3节-第4节 逸B-207,1-17周 周五 第7节-第10节 ,1-17周 周五 第3节-第4节 逸B-207",4.0,地球科学与工程学院,否,,"周一,周五,周五",2019-2020-2,,201921500001093430,2019*理科试验班（地球科学与资源环境类）*地球科学与资源环境类,0,仙林校区,2019-2020学年 第2学期,93430,"逸B-207,逸B-207,实验楼丙101",,否,,,,,,0,普通地质学,16,"第3节-第4节,第3节-第4节,第7节-第10节",逸夫楼B区,15000010
64.0,400190,构造地质学(20192-15000020-1),201921500002093454,,3,,22,"1-17周(单),1-17周,1-17周",0,"王勤,葛荣峰","1-17周(单) 周二 第1节-第2节 逸C-306,1-17周 周四 第9节-第10节 ,1-17周 周四 第3节-第4节 逸C-306",4.0,地球科学与工程学院,否,理论+实践+实验课程,"周二,周四,周四",2019-2020-2,,201921500002093454,2018地球科学与工程学院地质学,0,仙林校区,2019-2020学年 第2学期,93454,"逸C-306,逸C-306,实验楼丙101",32.0,否,,7,48,,8,0,构造地质学,17,"第1节-第2节,第3节-第4节,第9节-第10节",逸夫楼C区,15000020
64.0,400190,构造地质学(20192-15000020-1),201921500002093459,,3,,20,"1-17周(单),1-17周,1-17周",0,"李永祥,葛荣峰","1-17周(单) 周二 第1节-第2节 逸C-404,1-17周 周四 第7节-第8节 ,1-17周 周四 第3节-第4节 逸C-404",4.0,地球科学与工程学院,否,理论+实践+实验课程,"周二,周四,周四",2019-2020-2,,201921500002093459,"2018地球科学与工程学院地质工程,2018地球科学与工程学院地球物理学,2018地球科学与工程学院地下水科学与工程,2018地球科学与工程学院水文与水资源工程",0,仙林校区,2019-2020学年 第2学期,93459,"逸C-404,逸C-404,实验楼丙101",32.0,否,,7,48,,8,0,构造地质学,17,"第1节-第2节,第3节-第4节,第7节-第8节",逸夫楼C区,15000020
64.0,400190,构造地质学(20192-15000020-3),201921500002093731,,3,,21,"1-17周(单),1-17周,1-17周,1-17周",0,"王胜利,朱文斌","1-17周(单) 周二 第1节-第2节 逸C-505,1-17周 周四 第7节-第8节 ,1-17周 周四 第5节-第6节 ,1-17周 周四 第3节-第4节 逸C-505",4.0,地球科学与工程学院,否,理论+实践+实验课程,"周二,周四,周四,周四",2019-2020-2,,201921500002093731,2018大气科学学院理科试验班（地球系统科学与环境）,0,仙林校区,2019-2020学年 第2学期,93731,"逸C-505,逸C-505,实验楼丙101,实验楼丙101",32.0,否,,7,48,,8,0,构造地质学,17,"第1节-第2节,第3节-第4节,第5节-第6节,第7节-第8节",逸夫楼C区,15000020
32.0,400190,现代地球科学前沿(20192-15000050-1),201921500005093529,,3,,0,,0,,,2.0,地球科学与工程学院,否,理论类课程,,2019-2020-2,,201921500005093529,,0,仙林校区,2019-2020学年 第2学期,93529,,0.0,否,,1,32,,0,0,现代地球科学前沿,,,,15000050
64.0,400190,沉积学(20192-15000080-1),201921500008093453,,3,,26,"1-17周,1-17周(单),1-17周",0,"张霞,林春明,王向东","1-17周 周五 第1节-第2节 逸C-403,1-17周(单) 周三 第5节-第6节 ,1-17周 周三 第3节-第4节 逸C-403",4.0,地球科学与工程学院,否,理论+实验课程,"周三,周三,周五",2019-2020-2,,201921500008093453,"2017地球科学与工程学院地质学,2018地球科学与工程学院地质学,2017地球科学与工程学院地质学（生物演化与环境方向）",0,仙林校区,2019-2020学年 第2学期,93453,"逸C-403,实验楼丙112; 实验楼丙204,逸C-403",32.0,否,,6,54,,0,0,沉积学与地层学,17,"第3节-第4节,第5节-第6节,第1节-第2节",逸夫楼C区,15000080
32.0,400190,地质学大数据前沿与应用(20192-15000100-1),201921500010093545,,3,,10,3-17周,0,"史宇坤,樊隽轩",3-17周 周四 第5节-第6节 逸C-115,2.0,地球科学与工程学院,否,理论+实践课程,周四,2019-2020-2,,201921500010093545,"2016地球科学与工程学院地质学,2018大气科学学院理科试验班（地球系统科学与环境）,2017地球科学与工程学院地质学（生物演化与环境方向）,2017地球科学与工程学院地质学",0,仙林校区,2019-2020学年 第2学期,93545,逸C-115,0.0,否,,5,16,,32,0,地质学大数据前沿与应用,17,第5节-第6节,逸夫楼C区,15000100
48.0,400190,地球物理基础(20192-15010020-1),201921501002093455,,3,,33,"1-17周(单),2-16周(双),1-17周",0,"米宁,黄周传","1-17周 周四 第5节-第6节 逸C-404,2-16周(双) 周二 第5节-第6节 ,1-17周(单) 周二 第5节-第6节 逸C-404",3.0,地球科学与工程学院,否,理论+实验课程,"周二,周二,周四",2019-2020-2,,201921501002093455,"2018地球科学与工程学院地质学,2018大气科学学院理科试验班（地球系统科学与环境）,2018地球科学与工程学院地球物理学,2018地球科学与工程学院地质工程",0,仙林校区,2019-2020学年 第2学期,93455,"逸C-404,实验楼丙103,逸C-404",32.0,否,,6,32,,0,0,地球物理基础,17,"第5节-第6节,第5节-第6节,第5节-第6节",逸夫楼C区,15010020
32.0,400190,地球信息导论(20192-15010040-1),201921501004093467,,3,,5,1-17周,0,刘显东,1-17周 周五 第5节-第6节 ,2.0,地球科学与工程学院,否,理论类课程,周五,2019-2020-2,,201921501004093467,2017地球科学与工程学院地质学,0,仙林校区,2019-2020学年 第2学期,93467,实验楼丙102; 实验楼丙201,0.0,否,,1,32,,0,0,地球信息导论,,第5节-第6节,,15010040
32.0,400190,现代矿物学理论与应用(20192-15010070-1),201921501007093509,,3,,6,1-17周,0,陆现彩,1-17周 周三 第9节-第10节 逸C-402,2.0,地球科学与工程学院,否,理论类课程,周三,2019-2020-2,,201921501007093509,2017地球科学与工程学院地质学,0,仙林校区,2019-2020学年 第2学期,93509,逸C-402,0.0,否,,1,32,,0,0,现代矿物学理论与应用,17,第9节-第10节,逸夫楼C区,15010070
32.0,400190,固体地球科学原理(20192-15010250-1),201921501025093428,,3,,71,"1-17周,1-17周",0,"解国爱,王博","1-17周 周三 第3节-第4节 仙Ⅱ-312,1-17周 周四 第7节-第8节 ",2.0,地球科学与工程学院,否,理论+实验课程,"周三,周四",2019-2020-2,,201921501025093428,,0,仙林校区,2019-2020学年 第2学期,93428,"仙Ⅱ-312,实验楼丙101",16.0,否,,6,32,,8,0,固体地球科学原理,12,"第3节-第4节,第7节-第8节",仙II区,15010250
80.0,400190,岩浆岩与变质岩石学(20192-15010260-1),201921501026093452,,3,,15,"1-17周,1-17周,1-17周",0,王孝磊,"1-17周 周三 第1节-第2节 逸C-403,1-17周 周五 第5节-第6节 ,1-17周 周五 第3节-第4节 逸C-403",5.0,地球科学与工程学院,否,,"周三,周五,周五",2019-2020-2,,201921501026093452,2018地球科学与工程学院地质学,0,仙林校区,2019-2020学年 第2学期,93452,"逸C-403,逸C-403,实验楼丙204",,否,,,,,,0,岩浆岩与变质岩,17,"第1节-第2节,第3节-第4节,第5节-第6节",逸夫楼C区,15010260
48.0,400190,能源地质学(20192-15010290-1),201921501029093535,,3,,9,"1-17周,1-17周(单)",0,"曹剑,王小林,胡文瑄","1-17周 周二 第3节-第4节 逸C-404,1-17周(单) 周四 第5节-第6节 逸C-406",3.0,地球科学与工程学院,否,理论类课程,"周二,周四",2019-2020-2,,201921501029093535,2017地球科学与工程学院地质学,0,仙林校区,2019-2020学年 第2学期,93535,"逸C-404,逸C-406",0.0,否,,1,48,,0,0,能源地质学,17,"第3节-第4节,第5节-第6节",逸夫楼C区,15010290
32.0,400190,全球变化与环境(20192-15010330-1),201921501033093514,,3,,9,1-17周,0,吴卫华,1-17周 周四 第7节-第8节 逸C-402,2.0,地球科学与工程学院,否,理论类课程,周四,2019-2020-2,,201921501033093514,"2017地球科学与工程学院地质学,2017地球科学与工程学院地质学（生物演化与环境方向）,2017地球科学与工程学院地质学（地球物理学方向）,2017地球科学与工程学院水文与水资源工程,2017地球科学与工程学院地质工程",0,仙林校区,2019-2020学年 第2学期,93514,逸C-402,0.0,否,,1,32,,0,0,全球变化与环境,17,第7节-第8节,逸夫楼C区,15010330
48.0,400190,地球化学(20192-15020010-1),201921502001093456,,3,,33,"1-17周(单),1-17周",0,"赵良,李高军","1-17周 周四 第1节-第2节 逸C-403,1-17周(单) 周一 第1节-第2节 逸C-403",3.0,地球科学与工程学院,否,,"周一,周四",2019-2020-2,,201921502001093456,"2018地球科学与工程学院地质学,2018大气科学学院理科试验班（地球系统科学与环境）",0,仙林校区,2019-2020学年 第2学期,93456,"逸C-403,逸C-403",,否,,,,,,0,地球化学,17,"第1节-第2节,第1节-第2节",逸夫楼C区,15020010
64.0,400190,结晶学与矿物学(20192-15020020-1),201921502002093741,,3,,12,"1-11周(单),2-10周(双),1-11周,1-11周,1-11周",0,蔡元峰,"1-11周 周五 第3节-第4节 ,1-11周 周五 第5节-第6节 ,1-11周 周二 第5节-第6节 ,2-10周(双) 周三 第3节-第4节 ,1-11周(单) 周三 第3节-第4节 ",4.0,地球科学与工程学院,否,理论+实验课程,"周三,周三,周五,周五,周二",2019-2020-2,,201921502002093741,2018大气科学学院理科试验班（地球系统科学与环境）,0,仙林校区,2019-2020学年 第2学期,93741,"实验楼丙205,实验楼丙205,实验楼丙205,实验楼丙205,实验楼丙205",,否,,6,,,,0,结晶学与矿物学,,"第3节-第4节,第3节-第4节,第3节-第4节,第5节-第6节,第5节-第6节",,15020020
32.0,400190,晶体光学(20192-15020030-1),201921502003093742,,3,,12,"12-17周,12-17周,12-17周",0,汪相,"12-17周 周五 第3节-第4节 逸C-406,12-17周 周五 第5节-第6节 ,12-17周 周二 第5节-第6节 逸C-406",2.0,地球科学与工程学院,否,理论+实验课程,"周五,周五,周二",2019-2020-2,,201921502003093742,2018大气科学学院理科试验班（地球系统科学与环境）,0,仙林校区,2019-2020学年 第2学期,93742,"逸C-406,实验楼丙204,逸C-406",,否,,6,,,,0,晶体光学,17,"第3节-第4节,第5节-第6节,第5节-第6节",逸夫楼C区,15020030
48.0,400190,经济地质学(20192-15020070-1),201921502007093471,,3,,8,"1-17周,1-17周",0,"戴宝章,吴昌志,章荣清","1-17周 周一 第5节-第6节 逸C-502,1-17周 周一 第7节-第8节 ",3.0,地球科学与工程学院,否,理论+实验课程,"周一,周一",2019-2020-2,,201921502007093471,2017地球科学与工程学院地质学,0,仙林校区,2019-2020学年 第2学期,93471,"逸C-502,实验楼丙206",32.0,否,,6,32,,0,0,经济地质学,17,"第5节-第6节,第7节-第8节",逸夫楼C区,15020070
32.0,400190,矿相学(20192-15020160-1),201921502016093470,,3,,14,1-17周,0,"倪培,王国光,戴宝章",1-17周 周一 第3节-第4节 ,2.0,地球科学与工程学院,否,理论+实验课程,周一,2019-2020-2,,201921502016093470,2017地球科学与工程学院地质学,0,仙林校区,2019-2020学年 第2学期,93470,实验楼丙206,16.0,否,,6,16,,0,0,矿相学,,第3节-第4节,,15020160
32.0,400190,流体包裹体(20192-15020180-1),201921502018093468,,3,,2,"1-17周,1-17周",0,"丁俊英,倪培,王国光","1-17周 周一 第5节-第6节 逸C-403,1-17周 周一 第7节-第8节 ",2.0,地球科学与工程学院,否,理论+实验课程,"周一,周一",2019-2020-2,,201921502018093468,"2016地球科学与工程学院地质学,2017地球科学与工程学院地质学,2016地球科学与工程学院地质学（地球物理学方向）,2016地球科学与工程学院地球化学",0,仙林校区,2019-2020学年 第2学期,93468,"逸C-403,朱共山5楼",32.0,否,,6,32,,0,0,流体包裹体,17,"第5节-第6节,第7节-第8节",逸夫楼C区,15020180
32.0,400190,陨石学概论(20192-15020230-1),201921502023093485,,3,,0,,0,,,2.0,地球科学与工程学院,否,,,2019-2020-2,,201921502023093485,,0,仙林校区,2019-2020学年 第2学期,93485,,,否,,,,,,0,陨石学概论,,,,15020230
32.0,400190,地质微生物学(20192-15020290-1),201921502029093539,,3,,4,"1-17周,2-16周(双)",0,刘媛媛,"1-17周 周四 第3节-第4节 逸C-406,2-16周(双) 周四 第5节-第6节 ",2.0,地球科学与工程学院,否,理论+实验课程,"周四,周四",2019-2020-2,,201921502029093539,2017地球科学与工程学院地质学,0,仙林校区,2019-2020学年 第2学期,93539,"逸C-406,待定",16.0,否,,6,24,,0,0,地质微生物学,17,"第3节-第4节,第5节-第6节",逸夫楼C区,15020290
48.0,400190,工程岩土学(20192-15030020-1),201921503002093465,,3,,13,"1-17周(单),1-17周,2-16周(双)",0,"刘春,王宝军","1-17周 周四 第5节-第6节 逸C-503,2-16周(双) 周二 第5节-第6节 ,1-17周(单) 周二 第5节-第6节 逸C-503",3.0,地球科学与工程学院,否,理论+实验课程,"周二,周四,周二",2019-2020-2,,201921503002093465,"2018地球科学与工程学院地质工程,2018大气科学学院理科试验班（地球系统科学与环境）",0,仙林校区,2019-2020学年 第2学期,93465,"逸C-503,逸C-503,实验楼丙114",,否,,6,,,,0,工程岩土学,17,"第5节-第6节,第5节-第6节,第5节-第6节",逸夫楼C区,15030020
32.0,400190,地基处理与基础设计(20192-15030050-1),201921503005093526,,3,,7,"1-17周,1-17周(单)",0,"李晓昭,赵晓豹","1-17周(单) 周三 第3节-第4节 逸C-304,1-17周 周一 第5节-第6节 逸C-304",3.0,地球科学与工程学院,否,理论+实验课程,"周一,周三",2019-2020-2,,201921503005093526,2017地球科学与工程学院地质工程,0,仙林校区,2019-2020学年 第2学期,93526,"逸C-304,逸C-304",32.0,否,,6,32,,0,0,地基处理与基础设计,17,"第5节-第6节,第3节-第4节",逸夫楼C区,15030050
48.0,400190,弹性力学(20192-15030070-1),201921503007093466,,3,,12,1-17周,0,朱鸿鹄,1-17周 周五 第5节-第7节 逸C-105,3.0,地球科学与工程学院,否,理论类课程,周五,2019-2020-2,,201921503007093466,"2018地球科学与工程学院地质工程,2018大气科学学院理科试验班（地球系统科学与环境）",0,仙林校区,2019-2020学年 第2学期,93466,逸C-105,0.0,否,,1,48,,0,0,弹性力学,17,第5节-第7节,逸夫楼C区,15030070
48.0,400190,岩石力学(20192-15030090-1),201921503009093525,,3,,7,"1-17周,1-17周(单),2-16周(双)",0,"赵晓豹,许宝田","1-17周 周二 第3节-第4节 逸C-304,2-16周(双) 周四 第5节-第6节 ,1-17周(单) 周四 第5节-第6节 逸C-304",3.0,地球科学与工程学院,否,理论+实验课程,"周二,周四,周四",2019-2020-2,,201921503009093525,2017地球科学与工程学院地质工程,0,仙林校区,2019-2020学年 第2学期,93525,"逸C-304,逸C-304,实验楼丙116",16.0,否,,6,48,,0,0,岩石力学,17,"第3节-第4节,第5节-第6节,第5节-第6节",逸夫楼C区,15030090
32.0,400190,岩土体原位测试(20192-15030110-1),201921503011093527,,3,,7,1-17周,0,张丹,1-17周 周一 第3节-第4节 逸C-304,2.0,地球科学与工程学院,否,理论类课程,周一,2019-2020-2,,201921503011093527,2017地球科学与工程学院地质工程,0,仙林校区,2019-2020学年 第2学期,93527,逸C-304,0.0,否,,1,32,,0,0,岩土体原位测试,17,第3节-第4节,逸夫楼C区,15030110
32.0,400190,Matlab地学应用(20192-15030170-1),201921503017093457,,3,,12,1-17周,0,刘春,1-17周 周三 第9节-第10节 逸C-403,2.0,地球科学与工程学院,否,理论+实验课程,周三,2019-2020-2,,201921503017093457,"2018地球科学与工程学院地质学,2018地球科学与工程学院地球物理学,2018地球科学与工程学院水文与水资源工程,2018地球科学与工程学院地质工程",0,仙林校区,2019-2020学年 第2学期,93457,逸C-403,32.0,否,,6,16,,0,0,Matlab地学应用,17,第9节-第10节,逸夫楼C区,15030170
64.0,400190,水文地质学基础(20192-15040020-1),201921504002093460,,3,,17,"1-17周,1-17周",0,"吴剑锋,施小清","1-17周 周五 第1节-第2节 逸B-210,1-17周 周三 第5节-第6节 逸B-210",4.0,地球科学与工程学院,否,理论+实验课程,"周五,周三",2019-2020-2,,201921504002093460,"2018地球科学与工程学院地质工程,2018地球科学与工程学院地下水科学与工程,2018地球科学与工程学院水文与水资源工程",0,仙林校区,2019-2020学年 第2学期,93460,"逸B-210,逸B-210",32.0,否,,6,32,,0,0,水文地质学基础,16,"第1节-第2节,第5节-第6节",逸夫楼B区,15040020
32.0,400190,水文统计(20192-15040060-1),201921504006093521,,3,,5,1-17周,0,"曾献奎,蒋建国",1-17周 周二 第3节-第4节 逸C-403,2.0,地球科学与工程学院,否,理论类课程,周二,2019-2020-2,,201921504006093521,2017地球科学与工程学院水文与水资源工程,0,仙林校区,2019-2020学年 第2学期,93521,逸C-403,0.0,否,,1,32,,0,0,水文统计,17,第3节-第4节,逸夫楼C区,15040060
32.0,400190,气象学概论(20192-15040080-1),201921504008093463,,3,,6,1-17周,0,周启友,1-17周 周四 第5节-第6节 逸B-210,2.0,地球科学与工程学院,否,理论类课程,周四,2019-2020-2,,201921504008093463,2018地球科学与工程学院水文与水资源工程,0,仙林校区,2019-2020学年 第2学期,93463,逸B-210,0.0,否,,1,32,,0,0,气象学概论,16,第5节-第6节,逸夫楼B区,15040080
32.0,400190,水环境化学(20192-15040110-1),201921504011093518,,3,,5,1-17周,0,"孙媛媛,徐红霞",1-17周 周三 第3节-第4节 逸C-302,2.0,地球科学与工程学院,否,理论类课程,周三,2019-2020-2,,201921504011093518,2017地球科学与工程学院水文与水资源工程,0,仙林校区,2019-2020学年 第2学期,93518,逸C-302,0.0,否,,1,32,,0,0,水环境化学,17,第3节-第4节,逸夫楼C区,15040110
32.0,400190,水环境监测(20192-15040220-1),201921504022093520,,3,,0,,0,,,2.0,地球科学与工程学院,否,理论类课程,,2019-2020-2,,201921504022093520,,0,仙林校区,2019-2020学年 第2学期,93520,,0.0,否,,1,32,,0,0,水环境监测,,,,15040220
32.0,400190,水文地球物理方法(20192-15040260-1),201921504026093523,,3,,0,,0,,,2.0,地球科学与工程学院,否,理论类课程,,2019-2020-2,,201921504026093523,,0,仙林校区,2019-2020学年 第2学期,93523,,0.0,否,,1,32,,0,0,水文地球物理方法,,,,15040260
32.0,400190,地下水污染与防治(20192-15040270-1),201921504027093531,,3,,0,,0,,,2.0,地球科学与工程学院,否,理论+实验课程,,2019-2020-2,,201921504027093531,,0,仙林校区,2019-2020学年 第2学期,93531,,32.0,否,,6,16,,0,0,地下水污染与防治,,,,15040270
48.0,400190,水文学原理与生态水文(20192-15040320-1),201921504032093464,,3,,8,1-17周,0,"谢月清,王远坤,王栋",1-17周 周五 第5节-第7节 逸C-205,3.0,地球科学与工程学院,否,理论类课程,周五,2019-2020-2,,201921504032093464,"2018地球科学与工程学院水文与水资源工程,2018大气科学学院理科试验班（地球系统科学与环境）",0,仙林校区,2019-2020学年 第2学期,93464,逸C-205,0.0,否,,1,48,,0,0,水文学原理与生态水文,17,第5节-第7节,逸夫楼C区,15040320
48.0,400190,水文水利计算与水灾害防治(20192-15040340-1),201921504034093544,,3,,5,"1-17周,1-17周(单)",0,"王远坤,陈扣平,蒋建国","1-17周 周一 第3节-第4节 逸C-405,1-17周(单) 周四 第3节-第4节 逸C-405",3.0,地球科学与工程学院,否,理论+实践课程,"周一,周四",2019-2020-2,,201921504034093544,"2016地球科学与工程学院水文与水资源工程,2018大气科学学院理科试验班（地球系统科学与环境）,2017地球科学与工程学院水文与水资源工程,2016地球科学与工程学院地下水科学与工程",0,仙林校区,2019-2020学年 第2学期,93544,"逸C-405,逸C-405",16.0,否,,5,32,,4,0,水文水利计算与水灾害防治,17,"第3节-第4节,第3节-第4节",逸夫楼C区,15040340
48.0,400190,水文地球化学(20192-15050020-1),201921505002093519,,3,,5,"1-17周,2-16周(双)",0,叶淑君,"2-16周(双) 周四 第3节-第4节 逸C-405,1-17周 周一 第5节-第6节 逸C-405",3.0,地球科学与工程学院,否,理论类课程,"周一,周四",2019-2020-2,,201921505002093519,2017地球科学与工程学院水文与水资源工程,0,仙林校区,2019-2020学年 第2学期,93519,"逸C-405,逸C-405",0.0,否,,1,48,,0,0,水文地球化学,17,"第5节-第6节,第3节-第4节",逸夫楼C区,15050020
64.0,400190,地下水资源勘察与评价(20192-15050030-1),201921505003093522,,3,,6,"1-17周,1-17周",0,"祝晓彬,徐红霞","1-17周 周五 第3节-第4节 逸C-405,1-17周 周三 第5节-第6节 逸C-405",4.0,地球科学与工程学院,否,理论+实验课程,"周三,周五",2019-2020-2,,201921505003093522,"2017地球科学与工程学院地质工程,2017地球科学与工程学院水文与水资源工程",0,仙林校区,2019-2020学年 第2学期,93522,"逸C-405,逸C-405",32.0,否,,6,48,,0,0,地下水资源勘察与评价,17,"第5节-第6节,第3节-第4节",逸夫楼C区,15050030
64.0,400190,土质学与土力学(20192-15050040-1),201921505004093461,,3,,4,"1-17周,1-17周,2-16周(双)",0,张云,"2-16周(双) 周五 第3节-第4节 逸C-504,1-17周 周二 第7节-第8节 ,1-17周 周二 第5节-第6节 逸C-504",4.0,地球科学与工程学院,否,理论+实验课程,"周二,周二,周五",2019-2020-2,,201921505004093461,"2018地球科学与工程学院地质工程,2018地球科学与工程学院水文与水资源工程",0,仙林校区,2019-2020学年 第2学期,93461,"逸C-504,实验楼丙116,逸C-504",16.0,否,,6,48,,0,0,土质学与土力学,17,"第5节-第6节,第7节-第8节,第3节-第4节",逸夫楼C区,15050040
32.0,400190,现代古生物学(20192-15070160-1),201921507016093740,,3,,6,1-17周,0,史宇坤,1-17周 周一 第5节-第7节 逸C-406,2.0,地球科学与工程学院,否,理论类课程,周一,2019-2020-2,,201921507016093740,2017地球科学与工程学院地质学（生物演化与环境方向）,0,仙林校区,2019-2020学年 第2学期,93740,逸C-406,0.0,否,,1,32,,0,0,现代古生物学,17,第5节-第7节,逸夫楼C区,15070160
32.0,400190,Statistics and Data Analysis in the Earth Sciences(20192-15070280-1),201921507028093546,,3,,12,"2-16周(双),1-17周",0,Norman MacLeod,"2-16周(双) 周二 第1节-第2节 逸C-104,1-17周 周五 第3节-第4节 逸C-104",2.0,地球科学与工程学院,否,理论+实验课程,"周二,周五",2019-2020-2,,201921507028093546,"2017地球科学与工程学院地质学（生物演化与环境方向）,2018大气科学学院理科试验班（地球系统科学与环境）",0,仙林校区,2019-2020学年 第2学期,93546,"逸C-104,逸C-104",32.0,否,,6,32,,0,0,Statistics and Data Analysis in the Earth Sciences,17,"第1节-第2节,第3节-第4节",逸夫楼C区,15070280
32.0,400190,毕业实习(20192-15080030-1),201921508003093528,,3,,61,1-17周,0,,1-17周 自由时间 - 自由地点,2.0,地球科学与工程学院,否,实践类课程,自由时间,2019-2020-2,,201921508003093528,"2016地球科学与工程学院地质学,2016地球科学与工程学院地质学（地球物理学方向）,2016地球科学与工程学院地下水科学与工程,2016地球科学与工程学院水文与水资源工程,2016地球科学与工程学院地质工程,2016地球科学与工程学院地球化学",0,仙林校区,2019-2020学年 第2学期,93528,自由地点,0.0,否,,3,0,,32,0,毕业实习,388,自由时间,虚拟区域（仙林）,15080030
64.0,400190,毕业论文/设计(20192-15080040-1),201921508004093530,,3,,57,,0,,,4.0,地球科学与工程学院,否,实践类课程,,2019-2020-2,,201921508004093530,"2016地球科学与工程学院地质学,2016地球科学与工程学院地质学（地球物理学方向）,2016地球科学与工程学院地下水科学与工程,2016地球科学与工程学院水文与水资源工程,2016地球科学与工程学院地质工程,2016地球科学与工程学院地球化学",0,仙林校区,2019-2020学年 第2学期,93530,,0.0,否,,3,0,,128,0,毕业论文/设计,,,,15080040
48.0,400190,专业野外综合实习（国际化实习）(20192-15080080-1),201921508008094101,,3,,52,,0,, 自由时间 - ,3.0,地球科学与工程学院,否,实践类课程,自由时间,2019-2020-2,,201921508008094101,2016地球科学与工程学院地质学,0,仙林校区,2019-2020学年 第2学期,94101,无,0.0,否,,3,20,,128,0,专业野外综合实习（国际化实习）,,自由时间,,15080080
48.0,400190,连续介质力学(20192-15090020-1),201921509002093458,,3,,5,1-17周,0,吴本君,1-17周 周五 第3节-第4节 逸C-404,3.0,地球科学与工程学院,否,理论类课程,周五,2019-2020-2,,201921509002093458,"2018地球科学与工程学院地球物理学,2018大气科学学院理科试验班（地球系统科学与环境）",0,仙林校区,2019-2020学年 第2学期,93458,逸C-404,0.0,否,,1,48,,0,0,连续介质力学,17,第3节-第4节,逸夫楼C区,15090020
48.0,400190,重力学与地磁学(20192-15090040-1),201921509004093515,,3,,5,1-17周,0,徐鸣洁,1-17周 周三 第3节-第4节 逸C-406,3.0,地球科学与工程学院,否,理论类课程,周三,2019-2020-2,,201921509004093515,2017地球科学与工程学院地质学（地球物理学方向）,0,仙林校区,2019-2020学年 第2学期,93515,逸C-406,0.0,否,,1,48,,0,0,重力学与地磁学,17,第3节-第4节,逸夫楼C区,15090040
48.0,400190,勘探地震学(20192-15090050-1),201921509005093516,,3,,5,1-17周,0,阮友谊,1-17周 周五 第5节-第6节 逸C-202,2.0,地球科学与工程学院,否,理论类课程,周五,2019-2020-2,,201921509005093516,2017地球科学与工程学院地质学（地球物理学方向）,0,仙林校区,2019-2020学年 第2学期,93516,逸C-202,0.0,否,,1,48,,0,0,勘探与计算地震学,17,第5节-第6节,逸夫楼C区,15090050
32.0,400200,全球环境变化(20192-16000080-1),201921600008092182,,3,,13,3-17周,0,马春梅,3-17周 周三 第3节-第4节 逸B-211,2.0,地理与海洋科学学院,否,理论类课程,周三,2019-2020-2,,201921600008092182,2017地理与海洋科学学院自然地理与资源环境,0,仙林校区,2019-2020学年 第2学期,92182,逸B-211,0.0,否,,1,32,,0,0,全球环境变化,16,第3节-第4节,逸夫楼B区,16000080
48.0,400200,地球探测与信息技术(20192-16000090-1),201921600009092917,,3,,68,"2-16周(双),1-17周",0,"黄周传,杜培军,赵坤,王结臣","2-16周(双) 周一 第1节-第2节 仙Ⅱ-304,1-17周 周三 第5节-第6节 仙Ⅱ-303",3.0,地理与海洋科学学院,否,理论类课程,"周一,周三",2019-2020-2,,201921600009092917,,0,仙林校区,2019-2020学年 第2学期,92917,"仙Ⅱ-304,仙Ⅱ-303",0.0,否,,1,48,,0,0,地球探测与信息技术,12,"第1节-第2节,第5节-第6节",仙II区,16000090
32.0,400200,自然地理学基础(20192-16000100-2),201921600010092940,,3,,74,1-17周,0,鹿化煜,1-17周 周二 第3节-第4节 仙Ⅱ-403,2.0,地理与海洋科学学院,否,理论类课程,周二,2019-2020-2,,201921600010092940,,0,仙林校区,2019-2020学年 第2学期,92940,仙Ⅱ-403,0.0,否,,1,32,,0,0,自然地理学基础,12,第3节-第4节,仙II区,16000100
32.0,400200,地理信息科学导论(20192-16000120-4),201921600012092916,,3,,81,1-17周,2,"刘永学,占文凤",周一 1-2节 1-17周 逸B-207,2.0,地理与海洋科学学院,否,理论类课程,周一,2019-2020-2,,201921600012092916,2019*理科试验班（地球科学与资源环境类）*地球科学与资源环境类,0,仙林校区,2019-2020学年 第2学期,92916,逸B-207,0.0,否,,1,32,,0,0,地理信息科学导论,16,第1节-第2节,逸夫楼B区,16000120
32.0,400200,水文学(20192-16000130-1),201921600013092139,,3,,60,1-17周,0,"杨龙,王腊春",1-17周 周四 第1节-第2节 仙Ⅱ-110,2.0,地理与海洋科学学院,否,理论类课程,周四,2019-2020-2,,201921600013092139,2018大气科学学院理科试验班（地球系统科学与环境）,0,仙林校区,2019-2020学年 第2学期,92139,仙Ⅱ-110,0.0,否,,1,32,,0,0,水文学,12,第1节-第2节,仙II区,16000130
32.0,400200,土壤学与土壤地理(20192-16000140-1),201921600014092123,,3,,60,2-17周,0,"杨琳,高超",2-17周 周一 第1节-第2节 仙Ⅱ-311,2.0,地理与海洋科学学院,否,理论类课程,周一,2019-2020-2,,201921600014092123,2018大气科学学院理科试验班（地球系统科学与环境）,0,仙林校区,2019-2020学年 第2学期,92123,仙Ⅱ-311,0.0,否,,1,32,,0,0,土壤学与土壤地理,12,第1节-第2节,仙II区,16000140
32.0,400200,植物地理学(20192-16000150-1),201921600015092140,,3,,34,2-17周,0,"孔繁花,张永光",2-17周 周三 第3节-第4节 仙Ⅱ-310,2.0,地理与海洋科学学院,否,理论类课程,周三,2019-2020-2,,201921600015092140,2018大气科学学院理科试验班（地球系统科学与环境）,0,仙林校区,2019-2020学年 第2学期,92140,仙Ⅱ-310,0.0,否,,1,32,,0,0,植物地理学,12,第3节-第4节,仙II区,16000150
32.0,400200,植物地理学(20192-16000150-2),201921600015092145,,3,,25,3-17周,0,李升峰,3-17周 周三 第3节-第4节 仙Ⅱ-301,2.0,地理与海洋科学学院,否,理论类课程,周三,2019-2020-2,,201921600015092145,,0,仙林校区,2019-2020学年 第2学期,92145,仙Ⅱ-301,0.0,否,,1,32,,0,0,植物地理学,12,第3节-第4节,仙II区,16000150
32.0,400200,自然资源经济学(20192-16010140-1),201921601014091732,,3,,12,1-17周,0,黄贤金,1-17周 周一 第3节-第4节 仙Ⅱ-315,2.0,地理与海洋科学学院,否,理论类课程,周一,2019-2020-2,,201921601014091732,2017地理与海洋科学学院人文地理与城乡规划,0,仙林校区,2019-2020学年 第2学期,91732,仙Ⅱ-315,0.0,否,,1,32,,0,0,自然资源经济学,12,第3节-第4节,仙II区,16010140
32.0,400200,区域可持续发展(20192-16010430-1),201921601043092076,,3,,18,3-17周,0,陈志刚,3-17周 周三 第3节-第4节 仙Ⅱ-315,2.0,地理与海洋科学学院,否,理论类课程,周三,2019-2020-2,,201921601043092076,2017地理与海洋科学学院人文地理与城乡规划,0,仙林校区,2019-2020学年 第2学期,92076,仙Ⅱ-315,0.0,否,,1,26,,6,0,区域可持续发展,12,第3节-第4节,仙II区,16010430
32.0,400200,土地利用规划与管理(20192-16010450-1),201921601045091738,,3,,18,3-17周,0,陈逸,3-17周 周五 第1节-第2节 仙Ⅱ-315,2.0,地理与海洋科学学院,否,理论类课程,周五,2019-2020-2,,201921601045091738,2017地理与海洋科学学院人文地理与城乡规划,0,仙林校区,2019-2020学年 第2学期,91738,仙Ⅱ-315,0.0,否,,1,32,,0,0,国土空间规划学（1）,12,第1节-第2节,仙II区,16010450
32.0,400200,全球变化与资源利用(20192-16010460-1),201921601046092136,,3,,17,1-17周,0,金晓斌,1-17周 周一 第3节-第4节 仙Ⅱ-310,2.0,地理与海洋科学学院,否,理论类课程,周一,2019-2020-2,,201921601046092136,,0,仙林校区,2019-2020学年 第2学期,92136,仙Ⅱ-310,0.0,否,,1,32,,0,0,全球变化与资源利用,12,第3节-第4节,仙II区,16010460
32.0,400200,旅游规划与设计(20192-16010520-1),201921601052091740,,3,,0,,0,,,2.0,地理与海洋科学学院,否,理论类课程,,2019-2020-2,,201921601052091740,,0,仙林校区,2019-2020学年 第2学期,91740,,0.0,否,,1,32,,0,0,旅游规划与设计,,,,16010520
32.0,400200,绿色国土利用认知与实践(20192-16010550-1),201921601055091728,,3,,0,,0,,,2.0,地理与海洋科学学院,否,理论类课程,,2019-2020-2,,201921601055091728,,0,仙林校区,2019-2020学年 第2学期,91728,,0.0,否,,1,32,,0,0,绿色国土利用认知与实践,,,,16010550
32.0,400200,遥感地学分析(20192-16020110-1),201921602011092147,,3,,61,"1-17周,1-17周",0,"张学良,杜培军","1-17周 周四 第5节-第6节 仙Ⅱ-313,1-17周 周四 第7节-第8节 仙Ⅱ-313",2.0,地理与海洋科学学院,否,理论+实验课程,"周四,周四",2019-2020-2,,201921602011092147,2018大气科学学院理科试验班（地球系统科学与环境）,0,仙林校区,2019-2020学年 第2学期,92147,"仙Ⅱ-313,仙Ⅱ-313",32.0,否,,6,32,,0,0,遥感地学分析,12,"第5节-第6节,第7节-第8节",仙II区,16020110
32.0,400200,地理计算(20192-16020330-1),201921602033092158,,3,,14,2-17周,0,周艳莲,2-17周 周二 第3节-第4节 逸C-209,2.0,地理与海洋科学学院,否,理论类课程,周二,2019-2020-2,,201921602033092158,"2017地理与海洋科学学院地理信息科学,2017地理与海洋科学学院自然地理与资源环境",0,仙林校区,2019-2020学年 第2学期,92158,逸C-209,0.0,否,,1,32,,0,0,地理计算,17,第3节-第4节,逸夫楼C区,16020330
32.0,400200,地理建模(20192-16020400-1),201921602040092159,,3,,0,,0,,,2.0,地理与海洋科学学院,否,理论+实验课程,,2019-2020-2,,201921602040092159,,0,仙林校区,2019-2020学年 第2学期,92159,,8.0,否,,6,32,,0,0,地理建模,,,,16020400
32.0,400200,数字地形分析(20192-16020540-1),201921602054092181,,3,,10,1-17周,0,陈刚,1-17周 周三 第1节-第2节 逸B-210,2.0,地理与海洋科学学院,否,理论类课程,周三,2019-2020-2,,201921602054092181,"2017地理与海洋科学学院地理信息科学,2017地理与海洋科学学院自然地理与资源环境",0,仙林校区,2019-2020学年 第2学期,92181,逸B-210,0.0,否,,1,32,,0,0,数字地形分析,16,第1节-第2节,逸夫楼B区,16020540
32.0,400200,GIS原理与方法（英文）(20192-16020670-1),201921602067092131,,3,,16,1-17周,0,马劲松,1-17周 周五 第1节-第2节 仙Ⅱ-311,2.0,地理与海洋科学学院,否,理论类课程,周五,2019-2020-2,,201921602067092131,,0,仙林校区,2019-2020学年 第2学期,92131,仙Ⅱ-311,32.0,否,,1,32,,0,0,GIS原理与方法（英文）,12,第1节-第2节,仙II区,16020670
32.0,400200,地球观测前沿(20192-16020720-1),201921602072092157,,3,,6,1-17周,0,赵书河,1-17周 周五 第3节-第4节 逸C-205,2.0,地理与海洋科学学院,否,理论类课程,周五,2019-2020-2,,201921602072092157,2017地理与海洋科学学院地理信息科学,0,仙林校区,2019-2020学年 第2学期,92157,逸C-205,0.0,否,,1,32,,0,0,地球观测前沿,17,第3节-第4节,逸夫楼C区,16020720
32.0,400200,陆表参数遥感（英文）(20192-16020730-1),201921602073092160,,3,,7,2-17周,0,居为民,2-17周 周四 第1节-第2节 逸C-205,2.0,地理与海洋科学学院,否,理论类课程,周四,2019-2020-2,,201921602073092160,2017地理与海洋科学学院地理信息科学,0,仙林校区,2019-2020学年 第2学期,92160,逸C-205,0.0,否,,1,32,,0,0,陆表参数遥感（英文）,17,第1节-第2节,逸夫楼C区,16020730
32.0,400200,激光雷达(20192-16020750-1),201921602075092179,,3,,0,,0,,,2.0,地理与海洋科学学院,否,理论类课程,,2019-2020-2,,201921602075092179,,0,仙林校区,2019-2020学年 第2学期,92179,,0.0,否,,1,32,,0,0,激光雷达,,,,16020750
32.0,400200,城市地理学(20192-16030150-1),201921603015092149,,3,,23,1-17周,0,"汪侠,毛熙彦",1-17周 周五 第5节-第6节 仙Ⅱ-310,2.0,地理与海洋科学学院,否,理论类课程,周五,2019-2020-2,,201921603015092149,,0,仙林校区,2019-2020学年 第2学期,92149,仙Ⅱ-310,0.0,否,,1,32,,0,0,城市地理学,12,第5节-第6节,仙II区,16030150
32.0,400200,经济地理学(20192-16030260-1),201921603026092128,,3,,60,1-17周,0,章锦河,1-17周 周四 第3节-第4节 仙Ⅱ-313,2.0,地理与海洋科学学院,否,理论类课程,周四,2019-2020-2,,201921603026092128,2018大气科学学院理科试验班（地球系统科学与环境）,0,仙林校区,2019-2020学年 第2学期,92128,仙Ⅱ-313,0.0,否,,1,32,,0,0,经济地理学,12,第3节-第4节,仙II区,16030260
32.0,400200,土地资源评价(20192-16030300-1),201921603030091750,,3,,8,1-17周,0,周生路,1-17周 周四 第5节-第6节 仙Ⅱ-315,2.0,地理与海洋科学学院,否,理论类课程,周四,2019-2020-2,,201921603030091750,2017地理与海洋科学学院人文地理与城乡规划,0,仙林校区,2019-2020学年 第2学期,91750,仙Ⅱ-315,0.0,否,,1,32,,0,0,土地资源评价,12,第5节-第6节,仙II区,16030300
96.0,400200,毕业论文(20192-16040550-1),201921604055092207,,3,,11,,0,杨旸, 自由时间 - 自由地点,6.0,地理与海洋科学学院,否,实践类课程,自由时间,2019-2020-2,,201921604055092207,2016地理与海洋科学学院海洋科学,0,仙林校区,2019-2020学年 第2学期,92207,自由地点,0.0,否,,3,0,,672,0,毕业论文,388,自由时间,虚拟区域（仙林）,16040550
96.0,400200,毕业论文(20192-16040550-1),201921604055092208,,3,,31,,0,徐于月, 自由时间 - 自由地点,6.0,地理与海洋科学学院,否,实践类课程,自由时间,2019-2020-2,,201921604055092208,2016地理与海洋科学学院地理信息科学,0,仙林校区,2019-2020学年 第2学期,92208,自由地点,0.0,否,,3,0,,672,0,毕业论文,388,自由时间,虚拟区域（仙林）,16040550
96.0,400200,毕业论文(20192-16040550-1),201921604055092209,,3,,13,,0,, 自由时间 - 自由地点,6.0,地理与海洋科学学院,否,实践类课程,自由时间,2019-2020-2,,201921604055092209,2016地理与海洋科学学院自然地理与资源环境,0,仙林校区,2019-2020学年 第2学期,92209,自由地点,0.0,否,,3,0,,672,0,毕业论文,388,自由时间,虚拟区域（仙林）,16040550
96.0,400200,毕业论文(20192-16040550-1),201921604055092210,,3,,17,,0,徐志伟, 自由时间 - 自由地点,6.0,地理与海洋科学学院,否,实践类课程,自由时间,2019-2020-2,,201921604055092210,2016地理与海洋科学学院地理科学,0,仙林校区,2019-2020学年 第2学期,92210,自由地点,0.0,否,,3,0,,672,0,毕业论文,388,自由时间,虚拟区域（仙林）,16040550
32.0,400200,气候变化科学(20192-16040670I-1),2019216040670I92150,,3,,30,2-17周,0,史江峰,2-17周 周二 第1节-第2节 仙Ⅱ-313,2.0,地理与海洋科学学院,否,理论类课程,周二,2019-2020-2,,2019216040670I92150,"2017地理与海洋科学学院自然地理与资源环境,2018大气科学学院理科试验班（地球系统科学与环境）",0,仙林校区,2019-2020学年 第2学期,92150,仙Ⅱ-313,0.0,否,,1,32,,0,0,Climatic Change,12,第1节-第2节,仙II区,16040670I
32.0,400200,自然地理学实验(20192-16040800T-1),2019216040800T92183,,3,,5,2-17周,0,"高翔,朱继业",2-17周 周四 第5节-第8节 逸C-209,2.0,地理与海洋科学学院,否,实验类课程,周四,2019-2020-2,,2019216040800T92183,2017地理与海洋科学学院自然地理与资源环境,0,仙林校区,2019-2020学年 第2学期,92183,逸C-209,32.0,否,,2,0,,0,0,自然地理学实验,17,第5节-第8节,逸夫楼C区,16040800T
32.0,400200,物理海洋学(20192-16060030-1),201921606003092138,,3,,3,1-17周,0,于谦,1-17周 周二 第3节-第4节 仙Ⅱ-310,2.0,地理与海洋科学学院,否,理论类课程,周二,2019-2020-2,,201921606003092138,,0,仙林校区,2019-2020学年 第2学期,92138,仙Ⅱ-310,0.0,否,,1,32,,0,0,物理海洋学,12,第3节-第4节,仙II区,16060030
32.0,400200,海洋生物学(20192-16060040-1),201921606004092151,,3,,14,1-17周,0,左平,1-17周 周五 第5节-第6节 仙Ⅱ-301,2.0,地理与海洋科学学院,否,理论类课程,周五,2019-2020-2,,201921606004092151,,0,仙林校区,2019-2020学年 第2学期,92151,仙Ⅱ-301,0.0,否,,1,32,,0,0,海洋生物学,12,第5节-第6节,仙II区,16060040
32.0,400200,沉积学(20192-16060210-1),201921606021092152,,3,,18,9-17周,0,韩志勇,9-17周 周一 第5节-第6节 仙Ⅱ-310,2.0,地理与海洋科学学院,否,理论类课程,周一,2019-2020-2,,201921606021092152,,0,仙林校区,2019-2020学年 第2学期,92152,仙Ⅱ-310,0.0,否,,1,32,,0,0,沉积学,12,第5节-第6节,仙II区,16060210
32.0,400200,海岸带一体化管理与海洋法(20192-16060230-1),201921606023092154,,3,,5,1-17周,0,"傅光翮,邹欣庆",1-17周 周四 第3节-第4节 逸C-209,2.0,地理与海洋科学学院,否,理论类课程,周四,2019-2020-2,,201921606023092154,2017地理与海洋科学学院海洋科学,0,仙林校区,2019-2020学年 第2学期,92154,逸C-209,0.0,否,,1,32,,0,0,海岸带一体化管理与海洋法,17,第3节-第4节,逸夫楼C区,16060230
32.0,400200,海岸工程学(20192-16060250-1),201921606025092156,,3,,0,,0,,,2.0,地理与海洋科学学院,否,理论类课程,,2019-2020-2,,201921606025092156,,0,仙林校区,2019-2020学年 第2学期,92156,,0.0,否,,1,32,,0,0,海岸工程学,,,,16060250
32.0,400210,边界层气象(20192-17010100-1),201921701010092536,,3,,4,1-17周,0,孙鉴泞,1-17周 周二 第5节-第6节 仙Ⅱ-101,2.0,大气科学学院,否,理论类课程,周二,2019-2020-2,,201921701010092536,"2017大气科学学院大气科学,2017大气科学学院应用气象学",0,仙林校区,2019-2020学年 第2学期,92536,仙Ⅱ-101,0.0,否,,1,32,,0,0,边界层气象,12,第5节-第6节,仙II区,17010100
32.0,400210,云和降水物理(20192-17010170-1),201921701017092531,,3,,4,1-17周,0,汪名怀,1-17周 周五 第3节-第4节 仙Ⅱ-101,2.0,大气科学学院,否,理论类课程,周五,2019-2020-2,,201921701017092531,"2017大气科学学院大气科学,2017大气科学学院应用气象学",0,仙林校区,2019-2020学年 第2学期,92531,仙Ⅱ-101,0.0,否,,1,32,,0,0,云和降水物理,12,第3节-第4节,仙II区,17010170
32.0,400210,空气污染气象学(20192-17010200-1),201921701020092533,,3,,19,1-17周,0,刘罡,1-17周 周二 第7节-第8节 仙Ⅱ-101,2.0,大气科学学院,否,理论类课程,周二,2019-2020-2,,201921701020092533,"2017大气科学学院大气科学,2017大气科学学院应用气象学",0,仙林校区,2019-2020学年 第2学期,92533,仙Ⅱ-101,0.0,否,,1,32,,0,0,空气污染气象学,12,第7节-第8节,仙II区,17010200
128.0,400210,毕业论文(20192-17010370-1),201921701037092541,,3,,72,1-17周,0,,1-17周 自由时间 - 自由地点,8.0,大气科学学院,否,实践类课程,自由时间,2019-2020-2,,201921701037092541,"2016大气科学学院大气科学,2016大气科学学院应用气象学",0,仙林校区,2019-2020学年 第2学期,92541,自由地点,0.0,否,,3,0,,128,0,毕业论文,388,自由时间,虚拟区域（仙林）,17010370
32.0,400210,城市气象(20192-17010390-1),201921701039092553,,3,,8,1-17周,0,张宁,1-17周 周三 第3节-第4节 逸C-204,2.0,大气科学学院,否,理论类课程,周三,2019-2020-2,,201921701039092553,"2016大气科学学院大气科学,2016大气科学学院应用气象学",0,仙林校区,2019-2020学年 第2学期,92553,逸C-204,0.0,否,,1,32,,0,0,城市气象,17,第3节-第4节,逸夫楼C区,17010390
32.0,400210,水文气象(20192-17010410-1),201921701041092555,,3,,5,1-17周,0,袁慧玲,1-17周 周五 第3节-第4节 逸C-202,2.0,大气科学学院,否,理论类课程,周五,2019-2020-2,,201921701041092555,"2016大气科学学院大气科学,2016大气科学学院应用气象学",0,仙林校区,2019-2020学年 第2学期,92555,逸C-202,0.0,否,,1,32,,0,0,水文气象,17,第3节-第4节,逸夫楼C区,17010410
32.0,400210,大气科学导论(20192-17010510-1),201921701051092742,,3,,102,1-17周,0,"刘红年,丁爱军,任雪娟,赵坤",1-17周 周一 第7节-第8节 逸B-207,2.0,大气科学学院,否,理论类课程,周一,2019-2020-2,,201921701051092742,"2019*理科试验班（地球科学与资源环境类）*地球科学与资源环境类,2019*理科试验班（数理科学类）*数理科学类",0,仙林校区,2019-2020学年 第2学期,92742,逸B-207,0.0,否,,1,32,,0,0,大气科学导论,16,第7节-第8节,逸夫楼B区,17010510
64.0,400210,地球系统科学(20192-17010520-1),201921701052092559,,3,,85,"1-17周,1-17周",2,"鹿化煜,李伟强,黄周传,庞洪喜,侯书贵,史宇坤,赵良,袁训来,郭维栋,马宗伟,符淙斌,王淑瑜,王栋,丁爱军,王胜利,王远坤","周三 5-6节 1-17周 仙Ⅰ-203, 周五 1-2节 1-17周 仙Ⅰ-203",4.0,大气科学学院,否,理论类课程,"周三,周五",2019-2020-2,,201921701052092559,2018大气科学学院理科试验班（地球系统科学与环境）,0,仙林校区,2019-2020学年 第2学期,92559,"仙Ⅰ-203,仙Ⅰ-203",0.0,否,,1,64,,0,0,地球系统科学,11,"第5节-第6节,第1节-第2节",仙I区,17010520
48.0,400210,流体力学II(20192-17010530-1),201921701053092527,,3,,59,"1-17周,1-17周",0,"杨修群,房佳蓓","1-17周 周一 第3节-第4节 逸B-306,1-17周 周三 第5节-第6节 逸B-306",3.0,大气科学学院,否,理论类课程,"周一,周三",2019-2020-2,,201921701053092527,2017地球科学与工程学院地质学（地球物理学方向）,0,仙林校区,2019-2020学年 第2学期,92527,"逸B-306,逸B-306",0.0,否,,1,64,,0,0,流体力学II,16,"第3节-第4节,第5节-第6节",逸夫楼B区,17010530
48.0,400210,大气探测原理与实验(20192-17010540T-1),2019217010540T92528,,3,,39,"2-14周(双),1-14周,5-15周",0,"杨正玮,周晨,金龙山,迟旭光,赵坤","2-14周(双) 周二 第1节-第2节 逸C-403,5-15周 周四 第7节-第8节 ,1-14周 周四 第3节-第4节 逸C-403",3.0,大气科学学院,否,理论+实验课程,"周二,周四,周四",2019-2020-2,,2019217010540T92528,2018大气科学学院理科试验班（地球系统科学与环境）,0,仙林校区,2019-2020学年 第2学期,92528,"逸C-403,逸C-403,大气观测场",16.0,否,,6,48,,0,0,大气探测原理与实验,17,"第1节-第2节,第3节-第4节,第7节-第8节",逸夫楼C区,17010540T
48.0,400210,大气探测原理与实验(20192-17010540T-2),2019217010540T92529,,3,,35,"2-14周(双),1-14周,5-15周",0,"杨正玮,金龙山,彭珍,迟旭光,庄炳亮","2-14周(双) 周二 第1节-第2节 逸C-402,5-15周 周四 第5节-第6节 ,1-14周 周四 第3节-第4节 逸C-402",3.0,大气科学学院,否,理论+实验课程,"周二,周四,周四",2019-2020-2,,2019217010540T92529,2018大气科学学院理科试验班（地球系统科学与环境）,0,仙林校区,2019-2020学年 第2学期,92529,"逸C-402,逸C-402,大气观测场",16.0,否,,6,48,,0,0,大气探测原理与实验,17,"第1节-第2节,第3节-第4节,第5节-第6节",逸夫楼C区,17010540T
32.0,400210,气候动力学引论(20192-17010580-1),201921701058092534,,3,,40,1-17周,0,"杨修群,任雪娟",1-17周 周二 第3节-第4节 仙Ⅱ-102,2.0,大气科学学院,否,理论类课程,周二,2019-2020-2,,201921701058092534,"2017大气科学学院大气科学,2017大气科学学院应用气象学",0,仙林校区,2019-2020学年 第2学期,92534,仙Ⅱ-102,0.0,否,,1,32,,0,0,气候动力学引论,12,第3节-第4节,仙II区,17010580
32.0,400210,气候动力学引论(20192-17010580-2),201921701058092535,,3,,40,1-17周,0,鲍名,1-17周 周二 第3节-第4节 仙Ⅱ-109,2.0,大气科学学院,否,理论类课程,周二,2019-2020-2,,201921701058092535,"2017大气科学学院大气科学,2017大气科学学院应用气象学",0,仙林校区,2019-2020学年 第2学期,92535,仙Ⅱ-109,0.0,否,,1,32,,0,0,气候动力学引论,12,第3节-第4节,仙II区,17010580
32.0,400210,大气化学原理与实验(20192-17010590T-1),2019217010590T92733,,3,,27,"1-17周,5周,10周,15周",0,"谢旻,王体健","1-17周 周五 第5节-第6节 仙Ⅱ-101,5周,10周,15周 周五 第7节-第8节 ",2.0,大气科学学院,否,理论+实验课程,"周五,周五",2019-2020-2,,2019217010590T92733,"2017大气科学学院大气科学,2017大气科学学院应用气象学",0,仙林校区,2019-2020学年 第2学期,92733,"仙Ⅱ-101,A214，A311，大气山上基地",12.0,否,,6,36,,0,0,大气化学原理与实验,12,"第5节-第6节,第7节-第8节",仙II区,17010590T
32.0,400210,大气化学原理与实验(20192-17010590T-2),2019217010590T92734,,3,,27,"1-17周,5周,10周,15周",0,"李树,聂玮","1-17周 周五 第5节-第6节 仙Ⅱ-102,5周,10周,15周 周五 第7节-第8节 ",2.0,大气科学学院,否,理论+实验课程,"周五,周五",2019-2020-2,,2019217010590T92734,"2017大气科学学院大气科学,2017大气科学学院应用气象学",0,仙林校区,2019-2020学年 第2学期,92734,"仙Ⅱ-102,A214，A311，大气山上基地",12.0,否,,6,36,,0,0,大气化学原理与实验,12,"第5节-第6节,第7节-第8节",仙II区,17010590T
32.0,400210,大气化学原理与实验(20192-17010590T-3),2019217010590T92735,,3,,26,"1-17周,5周,10周,15周",0,"张彦旭,李蒙蒙","1-17周 周五 第5节-第6节 仙Ⅱ-109,5周,10周,15周 周五 第7节-第8节 ",2.0,大气科学学院,否,理论+实验课程,"周五,周五",2019-2020-2,,2019217010590T92735,"2017大气科学学院大气科学,2017大气科学学院应用气象学",0,仙林校区,2019-2020学年 第2学期,92735,"仙Ⅱ-109,A214，A311，大气山上基地",12.0,否,,6,36,,0,0,大气化学原理与实验,12,"第5节-第6节,第7节-第8节",仙II区,17010590T
32.0,400210,数值天气预报II(20192-17010600-1),201921701060092550,,3,,81,"2-16周(双),1-17周",0,孙旭光,"2-16周(双) 周一 第1节-第2节 ,1-17周 周一 第3节-第4节 逸B-312",2.0,大气科学学院,否,理论+实验课程,"周一,周一",2019-2020-2,,201921701060092550,"2017大气科学学院大气科学,2017大气科学学院应用气象学",0,仙林校区,2019-2020学年 第2学期,92550,"丙502.506,逸B-312",16.0,否,,6,32,,0,0,数值天气预报,16,"第1节-第2节,第3节-第4节",逸夫楼B区,17010600
32.0,400210,气象统计预报TT(20192-17010610-1),201921701061092551,,3,,81,"2-16周(双),1-17周",0,"汤剑平,汪曙光","2-16周(双) 周四 第1节-第2节 ,1-17周 周四 第3节-第4节 逸B-312",2.0,大气科学学院,否,理论+实验课程,"周四,周四",2019-2020-2,,201921701061092551,"2017大气科学学院大气科学,2017大气科学学院应用气象学",0,仙林校区,2019-2020学年 第2学期,92551,"丙502.506,逸B-312",16.0,否,,6,32,,0,0,气象统计预报和大数据,16,"第1节-第2节,第3节-第4节",逸夫楼B区,17010610
32.0,400210,天气预报实习(20192-17010620-1),201921701062092737,,3,,81,"1-15周,1-15周",0,王亦平,"1-15周 周三 第1节-第3节 ,1-15周 周一 第5节-第7节 ",2.0,大气科学学院,否,实验类课程,"周一,周三",2019-2020-2,,201921701062092737,"2017大气科学学院大气科学,2017大气科学学院应用气象学",0,仙林校区,2019-2020学年 第2学期,92737,"预报台,预报台",90.0,否,,2,0,,0,0,天气预报实习,,"第5节-第7节,第1节-第3节",,17010620
48.0,400210,气候动力学(20192-17010670-1),201921701067092558,,3,,5,"1-15周,1-15周",0,"黄丹青,江静","1-15周 周二 第3节-第4节 逸C-302,1-15周 周四 第3节-第4节 逸C-302",3.0,大气科学学院,否,理论类课程,"周二,周四",2019-2020-2,,201921701067092558,"2016大气科学学院大气科学,2016大气科学学院应用气象学",0,仙林校区,2019-2020学年 第2学期,92558,"逸C-302,逸C-302",0.0,否,,1,64,,0,0,气候动力学,17,"第3节-第4节,第3节-第4节",逸夫楼C区,17010670
32.0,400210,雷达与卫星气象(20192-17010700-1),201921701070092552,,3,,18,1-17周,0,"赵坤,周晨",1-17周 周三 第5节-第6节 仙Ⅱ-101,2.0,大气科学学院,否,理论类课程,周三,2019-2020-2,,201921701070092552,"2017大气科学学院大气科学,2017大气科学学院应用气象学",0,仙林校区,2019-2020学年 第2学期,92552,仙Ⅱ-101,0.0,否,,1,32,,0,0,雷达与卫星气象,12,第5节-第6节,仙II区,17010700
32.0,400210,常微分方程(20192-17010730-1),201921701073092525,,3,,90,1-17周,0,徐昕,1-17周 周四 第1节-第2节 逸B-306,2.0,大气科学学院,否,理论类课程,周四,2019-2020-2,,201921701073092525,2018大气科学学院理科试验班（地球系统科学与环境）,0,仙林校区,2019-2020学年 第2学期,92525,逸B-306,0.0,否,,1,32,,0,0,常微分方程,16,第1节-第2节,逸夫楼B区,17010730
32.0,400210,大气气溶胶及测量技术(20192-17010750-1),201921701075092554,,3,,0,,0,,,2.0,大气科学学院,否,理论+实践课程,,2019-2020-2,,201921701075092554,,0,仙林校区,2019-2020学年 第2学期,92554,,0.0,否,,5,28,,4,0,大气关键成分及其测量技术,,,,17010750
16.0,400210,大气科学科研入门(20192-17010760-1),201921701076092530,,3,,32,7-15周,0,丁爱军,7-15周 周四 第5节-第6节 仙Ⅱ-101,1.0,大气科学学院,否,理论类课程,周四,2019-2020-2,,201921701076092530,"2017大气科学学院大气科学,2017大气科学学院应用气象学",0,仙林校区,2019-2020学年 第2学期,92530,仙Ⅱ-101,0.0,否,,1,16,,0,0,大气科学科研入门与学术规范,12,第5节-第6节,仙II区,17010760
32.0,400210,气象大数据分析(20192-17010770-1),201921701077092556,,3,,8,1-17周,0,汤剑平,1-17周 周二 第1节-第2节 逸C-204,2.0,大气科学学院,否,理论+实践课程,周二,2019-2020-2,,201921701077092556,"2016大气科学学院大气科学,2016大气科学学院应用气象学",0,仙林校区,2019-2020学年 第2学期,92556,逸C-204,0.0,否,,5,16,,16,0,气象大数据分析,17,第1节-第2节,逸夫楼C区,17010770
64.0,400160,大学物理II(20192-18000110B-1),2019218000110B91765,,3,,86,"1-17周,1-17周",0,"任芳芳,徐岭","1-17周 周一 第3节-第4节 仙Ⅰ-207,1-17周 周四 第5节-第6节 仙Ⅰ-207",4.0,电子科学与工程学院,否,理论类课程,"周一,周四",2019-2020-2,,2019218000110B91765,2019电子科学与工程学院电子信息类,0,仙林校区,2019-2020学年 第2学期,91765,"仙Ⅰ-207,仙Ⅰ-207",0.0,否,,1,68,,0,0,大学物理II,11,"第3节-第4节,第5节-第6节",仙I区,18000110B
64.0,400160,大学物理II(20192-18000110B-2),2019218000110B91766,,3,,70,"1-17周,1-17周",0,"杨燚,陈平","1-17周 周一 第3节-第4节 仙Ⅰ-320,1-17周 周四 第5节-第6节 仙Ⅰ-320",4.0,电子科学与工程学院,否,理论类课程,"周一,周四",2019-2020-2,,2019218000110B91766,2019电子科学与工程学院电子信息类,0,仙林校区,2019-2020学年 第2学期,91766,"仙Ⅰ-320,仙Ⅰ-320",0.0,否,,1,68,,0,0,大学物理II,11,"第3节-第4节,第5节-第6节",仙I区,18000110B
64.0,400160,大学物理II(20192-18000110B-3),2019218000110B91767,,3,,64,"1-17周,1-17周",0,王军转,"1-17周 周一 第3节-第4节 仙Ⅰ-216,1-17周 周四 第5节-第6节 仙Ⅰ-216",4.0,电子科学与工程学院,否,理论类课程,"周一,周四",2019-2020-2,,2019218000110B91767,2019电子科学与工程学院电子信息类,0,仙林校区,2019-2020学年 第2学期,91767,"仙Ⅰ-216,仙Ⅰ-216",0.0,否,,1,68,,0,0,大学物理II,11,"第3节-第4节,第5节-第6节",仙I区,18000110B
32.0,400160,量子物理与通信(20192-18000190-1),201921800019091799,,3,,73,"9-17周,9-17周",0,王学锋,"9-17周 周四 第3节-第4节 仙Ⅱ-303,9-17周 周一 第5节-第6节 仙Ⅱ-306",2.0,电子科学与工程学院,否,理论类课程,"周一,周四",2019-2020-2,,201921800019091799,"2018电子科学与工程学院电子信息科学与技术,2018电子科学与工程学院微电子科学与工程（集成电路设计与集成系统）,2018电子科学与工程学院微电子科学与工程,2018电子科学与工程学院通信工程",0,仙林校区,2019-2020学年 第2学期,91799,"仙Ⅱ-306,仙Ⅱ-303",0.0,否,,1,36,,0,0,量子物理与通信,12,"第5节-第6节,第3节-第4节",仙II区,18000190
32.0,400160,量子物理与通信(20192-18000190-2),201921800019091800,,3,,65,"9-17周,9-17周",0,"邢钟文,施毅","9-17周 周四 第3节-第4节 仙Ⅱ-304,9-17周 周一 第5节-第6节 仙Ⅱ-404",2.0,电子科学与工程学院,否,理论类课程,"周一,周四",2019-2020-2,,201921800019091800,"2018电子科学与工程学院电子信息科学与技术,2018电子科学与工程学院微电子科学与工程（集成电路设计与集成系统）,2018电子科学与工程学院微电子科学与工程,2018电子科学与工程学院通信工程",0,仙林校区,2019-2020学年 第2学期,91800,"仙Ⅱ-404,仙Ⅱ-304",0.0,否,,1,36,,0,0,量子物理与通信,12,"第5节-第6节,第3节-第4节",仙II区,18000190
48.0,400160,计算方法(20192-18000220-1),201921800022091826,,3,,20,1-17周,0,"岳涛,黄晓林",1-17周 周三 第5节-第7节 仙Ⅰ-319,3.0,电子科学与工程学院,否,理论类课程,周三,2019-2020-2,,201921800022091826,"2017电子科学与工程学院电子信息科学与技术,2017电子科学与工程学院通信工程",0,仙林校区,2019-2020学年 第2学期,91826,仙Ⅰ-319,0.0,否,,1,51,,0,0,计算方法,11,第5节-第7节,仙I区,18000220
48.0,400160,电路分析(20192-18000310-1),201921800031092398,,3,,21,1-17周,0,蒲殷,1-17周 周四 第5节-第7节 仙Ⅰ-103,3.0,电子科学与工程学院,否,理论类课程,周四,2019-2020-2,,201921800031092398,,0,仙林校区,2019-2020学年 第2学期,92398,仙Ⅰ-103,0.0,否,,1,48,,0,0,电路分析,11,第5节-第7节,仙I区,18000310
64.0,400160,数学物理方法(20192-18000410-1),201921800041091808,,3,,154,"1-17周,1-17周",0,"张蜡宝,朱广浩","1-17周 周三 第5节-第6节 仙Ⅰ-108,1-17周 周一 第7节-第8节 仙Ⅰ-108",4.0,电子科学与工程学院,否,理论类课程,"周一,周三",2019-2020-2,,201921800041091808,"2018电子科学与工程学院电子信息科学与技术,2018电子科学与工程学院微电子科学与工程,2018电子科学与工程学院通信工程",0,仙林校区,2019-2020学年 第2学期,91808,"仙Ⅰ-108,仙Ⅰ-108",0.0,否,,1,64,,0,0,数学物理方法,11,"第7节-第8节,第5节-第6节",仙I区,18000410
16.0,400160,微波测量实验(20192-18000520T-1),2019218000520T92587,,3,,12,"1周,1-4周",0,许伟伟,"1-4周 周四 第5节-第6节 ,1周 周一 第9节-第10节 ",1.0,电子科学与工程学院,否,理论+实验课程,"周一,周四",2019-2020-2,,2019218000520T92587,"2017电子科学与工程学院电子信息科学与技术,2017电子科学与工程学院微电子科学与工程,2017电子科学与工程学院通信工程",0,仙林校区,2019-2020学年 第2学期,92587,"仙Ⅰ-109,电子楼239A",16.0,否,,6,2,,0,0,微波测量实验,,"第9节-第10节,第5节-第6节",,18000520T
16.0,400160,微波测量实验(20192-18000520T-2),2019218000520T92588,,3,,12,"1周,1-4周",0,许伟伟,"1-4周 周四 第7节-第8节 ,1周 周一 第9节-第10节 ",1.0,电子科学与工程学院,否,理论+实验课程,"周一,周四",2019-2020-2,,2019218000520T92588,"2017电子科学与工程学院电子信息科学与技术,2017电子科学与工程学院微电子科学与工程,2017电子科学与工程学院通信工程",0,仙林校区,2019-2020学年 第2学期,92588,"仙Ⅰ-109,电子楼239A",16.0,否,,6,2,,0,0,微波测量实验,,"第9节-第10节,第7节-第8节",,18000520T
16.0,400160,微波测量实验(20192-18000520T-3),2019218000520T92590,,3,,12,"1周,1-4周",0,"张彩虹,许伟伟,吴敬波","1-4周 周五 第5节-第6节 ,1周 周一 第9节-第10节 ",1.0,电子科学与工程学院,否,理论+实验课程,"周一,周五",2019-2020-2,,2019218000520T92590,"2017电子科学与工程学院电子信息科学与技术,2017电子科学与工程学院微电子科学与工程,2017电子科学与工程学院通信工程",0,仙林校区,2019-2020学年 第2学期,92590,"仙Ⅰ-109,电子楼239A",16.0,否,,6,2,,0,0,微波测量实验,,"第9节-第10节,第5节-第6节",,18000520T
16.0,400160,微波测量实验(20192-18000520T-4),2019218000520T92591,,3,,12,"1周,1-4周",0,"许伟伟,吴敬波,张彩虹","1-4周 周五 第7节-第8节 ,1周 周一 第9节-第10节 ",1.0,电子科学与工程学院,否,理论+实验课程,"周一,周五",2019-2020-2,,2019218000520T92591,"2017电子科学与工程学院电子信息科学与技术,2017电子科学与工程学院微电子科学与工程,2017电子科学与工程学院通信工程",0,仙林校区,2019-2020学年 第2学期,92591,"仙Ⅰ-109,电子楼239A",16.0,否,,6,2,,0,0,微波测量实验,,"第9节-第10节,第7节-第8节",,18000520T
16.0,400160,微波测量实验(20192-18000520T-5),2019218000520T92592,,3,,12,"1周,5-8周",0,许伟伟,"5-8周 周四 第5节-第6节 ,1周 周一 第9节-第10节 ",1.0,电子科学与工程学院,否,理论+实验课程,"周一,周四",2019-2020-2,,2019218000520T92592,"2017电子科学与工程学院电子信息科学与技术,2017电子科学与工程学院微电子科学与工程,2017电子科学与工程学院通信工程",0,仙林校区,2019-2020学年 第2学期,92592,"仙Ⅰ-109,电子楼239A",16.0,否,,6,2,,0,0,微波测量实验,,"第9节-第10节,第5节-第6节",,18000520T
16.0,400160,微波测量实验(20192-18000520T-6),2019218000520T92593,,3,,12,"1周,5-8周",0,许伟伟,"5-8周 周四 第7节-第8节 ,1周 周一 第9节-第10节 ",1.0,电子科学与工程学院,否,理论+实验课程,"周一,周四",2019-2020-2,,2019218000520T92593,"2017电子科学与工程学院电子信息科学与技术,2017电子科学与工程学院微电子科学与工程,2017电子科学与工程学院通信工程",0,仙林校区,2019-2020学年 第2学期,92593,"仙Ⅰ-109,电子楼239A",16.0,否,,6,2,,0,0,微波测量实验,,"第9节-第10节,第7节-第8节",,18000520T
16.0,400160,微波测量实验(20192-18000520T-7),2019218000520T92595,,3,,12,"1周,5-8周",0,"张彩虹,吴敬波,许伟伟","5-8周 周五 第5节-第6节 ,1周 周一 第9节-第10节 ",1.0,电子科学与工程学院,否,理论+实验课程,"周一,周五",2019-2020-2,,2019218000520T92595,"2017电子科学与工程学院电子信息科学与技术,2017电子科学与工程学院微电子科学与工程,2017电子科学与工程学院通信工程",0,仙林校区,2019-2020学年 第2学期,92595,"仙Ⅰ-109,电子楼239A",16.0,否,,6,2,,0,0,微波测量实验,,"第9节-第10节,第5节-第6节",,18000520T
16.0,400160,微波测量实验(20192-18000520T-8),2019218000520T92596,,3,,11,"1周,5-8周",0,"张彩虹,许伟伟,吴敬波","5-8周 周五 第7节-第8节 ,1周 周一 第9节-第10节 ",1.0,电子科学与工程学院,否,理论+实验课程,"周一,周五",2019-2020-2,,2019218000520T92596,"2017电子科学与工程学院电子信息科学与技术,2017电子科学与工程学院微电子科学与工程,2017电子科学与工程学院通信工程",0,仙林校区,2019-2020学年 第2学期,92596,"仙Ⅰ-109,电子楼239A",16.0,否,,6,2,,0,0,微波测量实验,,"第9节-第10节,第7节-第8节",,18000520T
16.0,400160,微波测量实验(20192-18000520T-9),2019218000520T92597,,3,,12,"1周,9-12周",0,许伟伟,"9-12周 周四 第5节-第6节 ,1周 周一 第9节-第10节 ",1.0,电子科学与工程学院,否,理论+实验课程,"周一,周四",2019-2020-2,,2019218000520T92597,"2017电子科学与工程学院电子信息科学与技术,2017电子科学与工程学院微电子科学与工程,2017电子科学与工程学院通信工程",0,仙林校区,2019-2020学年 第2学期,92597,"仙Ⅰ-109,电子楼239A",16.0,否,,6,2,,0,0,微波测量实验,,"第9节-第10节,第5节-第6节",,18000520T
16.0,400160,微波测量实验(20192-18000520T-10),2019218000520T92598,,3,,0,"1周,9-12周",0,许伟伟,"9-12周 周四 第7节-第8节 ,1周 周一 第9节-第10节 ",1.0,电子科学与工程学院,否,理论+实验课程,"周一,周四",2019-2020-2,,2019218000520T92598,"2017电子科学与工程学院电子信息科学与技术,2017电子科学与工程学院微电子科学与工程,2017电子科学与工程学院通信工程",0,仙林校区,2019-2020学年 第2学期,92598,"仙Ⅰ-109,电子楼239A",16.0,否,,6,2,,0,0,微波测量实验,,"第9节-第10节,第7节-第8节",,18000520T
16.0,400160,微波测量实验(20192-18000520T-11),2019218000520T92599,,3,,0,"1周,9-12周",0,"吴敬波,张彩虹,许伟伟","9-12周 周五 第5节-第6节 ,1周 周一 第9节-第10节 ",1.0,电子科学与工程学院,否,理论+实验课程,"周一,周五",2019-2020-2,,2019218000520T92599,"2017电子科学与工程学院电子信息科学与技术,2017电子科学与工程学院微电子科学与工程,2017电子科学与工程学院通信工程",0,仙林校区,2019-2020学年 第2学期,92599,"仙Ⅰ-109,电子楼239A",16.0,否,,6,2,,0,0,微波测量实验,,"第9节-第10节,第5节-第6节",,18000520T
16.0,400160,微波测量实验(20192-18000520T-12),2019218000520T92600,,3,,0,"1周,9-12周",0,"张彩虹,吴敬波,许伟伟","9-12周 周五 第7节-第8节 ,1周 周一 第9节-第10节 ",1.0,电子科学与工程学院,否,理论+实验课程,"周一,周五",2019-2020-2,,2019218000520T92600,"2017电子科学与工程学院电子信息科学与技术,2017电子科学与工程学院微电子科学与工程,2017电子科学与工程学院通信工程",0,仙林校区,2019-2020学年 第2学期,92600,"仙Ⅰ-109,电子楼239A",16.0,否,,6,2,,0,0,微波测量实验,,"第9节-第10节,第7节-第8节",,18000520T
16.0,400160,微波测量实验(20192-18000520T-13),2019218000520T92601,,3,,0,"1周,13-16周",0,许伟伟,"13-16周 周四 第5节-第6节 ,1周 周一 第9节-第10节 ",1.0,电子科学与工程学院,否,理论+实验课程,"周一,周四",2019-2020-2,,2019218000520T92601,"2017电子科学与工程学院电子信息科学与技术,2017电子科学与工程学院微电子科学与工程,2017电子科学与工程学院通信工程",0,仙林校区,2019-2020学年 第2学期,92601,"仙Ⅰ-109,电子楼239A",16.0,否,,6,2,,0,0,微波测量实验,,"第9节-第10节,第5节-第6节",,18000520T
48.0,400160,模拟电路(20192-18000610-1),201921800061091771,,3,,130,"1-17周,1-17周(单)",0,张兴敢,"1-17周(单) 周四 第1节-第2节 仙Ⅰ-108,1-17周 周一 第5节-第6节 仙Ⅰ-108",3.0,电子科学与工程学院,否,理论类课程,"周一,周四",2019-2020-2,,201921800061091771,2019电子科学与工程学院电子信息类,0,仙林校区,2019-2020学年 第2学期,91771,"仙Ⅰ-108,仙Ⅰ-108",0.0,否,,1,51,,0,0,模拟电路,11,"第5节-第6节,第1节-第2节",仙I区,18000610
48.0,400160,模拟电路(20192-18000610-2),201921800061091772,,3,,112,"1-17周,1-17周(单)",0,方晖,"1-17周(单) 周四 第1节-第2节 仙Ⅰ-320,1-17周 周一 第5节-第6节 仙Ⅰ-320",3.0,电子科学与工程学院,否,理论类课程,"周一,周四",2019-2020-2,,201921800061091772,2019电子科学与工程学院电子信息类,0,仙林校区,2019-2020学年 第2学期,91772,"仙Ⅰ-320,仙Ⅰ-320",0.0,否,,1,51,,0,0,模拟电路,11,"第5节-第6节,第1节-第2节",仙I区,18000610
48.0,400160,概率论与随机过程(20192-18000620-1),201921800062091796,,3,,217,1-17周,0,"于耀,都思丹",1-17周 周五 第5节-第7节 仙Ⅰ-106,3.0,电子科学与工程学院,否,理论类课程,周五,2019-2020-2,,201921800062091796,"2018电子科学与工程学院电子信息科学与技术,2018电子科学与工程学院微电子科学与工程（集成电路设计与集成系统）,2018电子科学与工程学院微电子科学与工程,2018电子科学与工程学院通信工程",0,仙林校区,2019-2020学年 第2学期,91796,仙Ⅰ-106,0.0,否,,1,51,,0,0,概率论与随机过程,11,第5节-第7节,仙I区,18000620
16.0,400160,模拟电路实验(20192-18000710T-1),2019218000710T91775,,3,,105,9-17周,0,"司峻峰,方元,陈瞻,高健,郑江,戚海峰",9-17周 周二 第5节-第8节 ,1.0,电子科学与工程学院,否,实验类课程,周二,2019-2020-2,,2019218000710T91775,2019电子科学与工程学院电子信息类,0,仙林校区,2019-2020学年 第2学期,91775,基础实验楼丙402，丙413，丙414，丙415，丙418，丙420,32.0,否,,2,0,,0,0,模拟电路实验,,第5节-第8节,,18000710T
16.0,400160,模拟电路实验(20192-18000710T-2),2019218000710T91776,,3,,106,9-17周,0,"郑江,陈瞻,司峻峰,戚海峰,姜乃卓,高健",9-17周 周五 第5节-第8节 ,1.0,电子科学与工程学院,否,实验类课程,周五,2019-2020-2,,2019218000710T91776,2019电子科学与工程学院电子信息类,0,仙林校区,2019-2020学年 第2学期,91776,基础实验楼丙402，丙413，丙414，丙415，丙418，丙420,32.0,否,,2,0,,0,0,模拟电路实验,,第5节-第8节,,18000710T
128.0,400160,毕业论文(20192-18000990-1),201921800099091855,,3,,194,1-17周,0,"何爱军,傅玉祥,方元,朱昊,王自强,方晖,王中风,李晨,刘红星,徐永兵,顾兆栴,王军转,冯一军,王科,汤琨,陈平,刘斌,贾小氢,李杨,王欣然,沈庆宏,李勃,唐东明,王学锋,曹汛,李丽,王健,吴敬波,张豹山,杜力,李昀,余林蔚,杨燚,柏业超,彭成磊,马展,赵清源,陈颖,王元庆,王肖沐,陈鹏,王华兵,沈秋,戚海峰,陈相宁,卞春华,张旭,周海波,朱博,岳涛,施毅,张蜡宝,周玉刚,林军,马宇飞,张彩虹,闫锋,黄晓林,黎松林,都思丹,赵健,潘红兵,马忠元,袁杰,周余,万青,潘力佳,蒲殷,郑江,王少尉,杜源,张志俭,高健,任芳芳,葛云,唐岚,叶建东,沙金,于耀,张丽敏,陈健,伍瑞新,修向前,司峻峰,徐骏,刘建才,赵康僆,陆海,姜乃卓,赵俊明",1-17周 自由时间 第1节-第2节 ,8.0,电子科学与工程学院,否,实践类课程,自由时间,2019-2020-2,,201921800099091855,"2016电子科学与工程学院电子信息科学与技术,2016电子科学与工程学院微电子科学与工程（集成电路设计与集成系统）,2016电子科学与工程学院微电子科学与工程,2016电子科学与工程学院通信工程",0,仙林校区,2019-2020学年 第2学期,91855,自由地点,0.0,否,,3,0,,96,0,毕业论文,,第1节-第2节,,18000990
32.0,400160,高频电路(20192-18001010-1),201921800101091787,,3,,38,1-17周,0,司峻峰,1-17周 周三 第3节-第4节 仙Ⅱ-401,2.0,电子科学与工程学院,否,理论类课程,周三,2019-2020-2,,201921800101091787,"2018电子科学与工程学院电子信息科学与技术,2018电子科学与工程学院微电子科学与工程,2018电子科学与工程学院通信工程",0,仙林校区,2019-2020学年 第2学期,91787,仙Ⅱ-401,0.0,否,,1,32,,0,0,高频电路,12,第3节-第4节,仙II区,18001010
32.0,400160,高频电路(20192-18001010-2),201921800101091788,,3,,53,1-17周,0,姜乃卓,1-17周 周三 第3节-第4节 仙Ⅱ-410,2.0,电子科学与工程学院,否,理论类课程,周三,2019-2020-2,,201921800101091788,"2018电子科学与工程学院电子信息科学与技术,2018电子科学与工程学院微电子科学与工程,2018电子科学与工程学院通信工程",0,仙林校区,2019-2020学年 第2学期,91788,仙Ⅱ-410,0.0,否,,1,32,,0,0,高频电路,12,第3节-第4节,仙II区,18001010
48.0,400160,传感器原理(20192-18001020-1),201921800102091816,,3,,52,1-17周,0,王元庆,1-17周 周一 第2节-第4节 仙Ⅱ-313,3.0,电子科学与工程学院,否,理论类课程,周一,2019-2020-2,,201921800102091816,"2018电子科学与工程学院电子信息科学与技术,2018电子科学与工程学院微电子科学与工程（集成电路设计与集成系统）,2018电子科学与工程学院通信工程",0,仙林校区,2019-2020学年 第2学期,91816,仙Ⅱ-313,0.0,否,,1,51,,0,0,传感器原理,12,第2节-第4节,仙II区,18001020
32.0,400160,矩阵计算与应用(20192-18001250-1),201921800125091773,,3,,29,1-17周,0,赵健,1-17周 周二 第3节-第4节 仙Ⅱ-316,2.0,电子科学与工程学院,否,理论类课程,周二,2019-2020-2,,201921800125091773,"2017电子科学与工程学院电子信息科学与技术,2017电子科学与工程学院通信工程",0,仙林校区,2019-2020学年 第2学期,91773,仙Ⅱ-316,0.0,否,,1,34,,0,0,矩阵计算与应用,12,第3节-第4节,仙II区,18001250
48.0,400160,数据结构与算法(20192-18001260-1),201921800126091779,,3,,104,"1-17周,3-17周",0,王自强,"1-17周 周二 第1节-第2节 仙Ⅰ-207,3-17周 周二 第3节-第4节 ",3.0,电子科学与工程学院,否,理论+实验课程,"周二,周二",2019-2020-2,,201921800126091779,2019电子科学与工程学院电子信息类,0,仙林校区,2019-2020学年 第2学期,91779,"仙Ⅰ-207,基础实验楼乙-107",30.0,否,,6,34,,0,0,数据结构与算法,11,"第1节-第2节,第3节-第4节",仙I区,18001260
48.0,400160,数据结构与算法(20192-18001260-2),201921800126091780,,3,,117,"1-17周,3-17周",0,周余,"1-17周 周二 第1节-第2节 仙Ⅰ-320,3-17周 周二 第3节-第4节 ",3.0,电子科学与工程学院,否,理论+实验课程,"周二,周二",2019-2020-2,,201921800126091780,2019电子科学与工程学院电子信息类,0,仙林校区,2019-2020学年 第2学期,91780,"仙Ⅰ-320,基础实验楼乙-109",30.0,否,,6,34,,0,0,数据结构与算法,11,"第1节-第2节,第3节-第4节",仙I区,18001260
32.0,400160,大学物理III(20192-18001330-1),201921800133091809,,3,,64,"1-8周,1-8周",0,"唐东明,王科","1-8周 周四 第3节-第4节 仙Ⅱ-104,1-8周 周一 第5节-第6节 仙Ⅱ-306",2.0,电子科学与工程学院,否,理论类课程,"周一,周四",2019-2020-2,,201921800133091809,"2018电子科学与工程学院电子信息科学与技术,2018电子科学与工程学院微电子科学与工程（集成电路设计与集成系统）,2018电子科学与工程学院微电子科学与工程,2018电子科学与工程学院通信工程",0,仙林校区,2019-2020学年 第2学期,91809,"仙Ⅱ-306,仙Ⅱ-104",0.0,否,,1,32,,0,0,大学物理III,12,"第5节-第6节,第3节-第4节",仙II区,18001330
32.0,400160,大学物理III(20192-18001330-2),201921800133091810,,3,,66,"1-8周,1-8周",0,"朱博,黎松林","1-8周 周四 第3节-第4节 仙Ⅱ-110,1-8周 周一 第5节-第6节 仙Ⅱ-404",2.0,电子科学与工程学院,否,理论类课程,"周一,周四",2019-2020-2,,201921800133091810,"2018电子科学与工程学院电子信息科学与技术,2018电子科学与工程学院微电子科学与工程（集成电路设计与集成系统）,2018电子科学与工程学院微电子科学与工程,2018电子科学与工程学院通信工程",0,仙林校区,2019-2020学年 第2学期,91810,"仙Ⅱ-404,仙Ⅱ-110",0.0,否,,1,32,,0,0,大学物理III,12,"第5节-第6节,第3节-第4节",仙II区,18001330
32.0,400160,机器视觉原理及应用（六）(20192-18001380F-1),2019218001380F91829,,3,,19,1-17周,0,李勃,1-17周 周四 第1节-第2节 仙Ⅱ-401,2.0,电子科学与工程学院,否,理论类课程,周四,2019-2020-2,,2019218001380F91829,"2017电子科学与工程学院电子信息科学与技术,2017电子科学与工程学院微电子科学与工程（集成电路设计与集成系统）,2017电子科学与工程学院微电子科学与工程,2017电子科学与工程学院通信工程",0,仙林校区,2019-2020学年 第2学期,91829,仙Ⅱ-401,0.0,否,,1,34,,0,0,机器视觉原理及应用（六）,12,第1节-第2节,仙II区,18001380F
32.0,400160,数字信号处理(20192-18010110-1),201921801011091793,,3,,125,1-17周,0,李晨,1-17周 周二 第3节-第4节 仙Ⅰ-320,2.0,电子科学与工程学院,否,理论类课程,周二,2019-2020-2,,201921801011091793,"2018电子科学与工程学院电子信息科学与技术,2018电子科学与工程学院微电子科学与工程（集成电路设计与集成系统）,2018电子科学与工程学院微电子科学与工程,2018电子科学与工程学院通信工程",0,仙林校区,2019-2020学年 第2学期,91793,仙Ⅰ-320,0.0,否,,1,34,,0,0,数字信号处理,11,第3节-第4节,仙I区,18010110
32.0,400160,数字信号处理(20192-18010110-2),201921801011091794,,3,,104,1-17周,0,沈庆宏,1-17周 周二 第3节-第4节 仙Ⅰ-106,2.0,电子科学与工程学院,否,理论类课程,周二,2019-2020-2,,201921801011091794,"2018电子科学与工程学院电子信息科学与技术,2018电子科学与工程学院微电子科学与工程（集成电路设计与集成系统）,2018电子科学与工程学院微电子科学与工程,2018电子科学与工程学院通信工程",0,仙林校区,2019-2020学年 第2学期,91794,仙Ⅰ-106,0.0,否,,1,34,,0,0,数字信号处理,11,第3节-第4节,仙I区,18010110
32.0,400160,无线传感器网络(20192-18010730-1),201921801073091841,,3,,0,,0,,,2.0,电子科学与工程学院,否,理论类课程,,2019-2020-2,,201921801073091841,,0,仙林校区,2019-2020学年 第2学期,91841,,0.0,否,,1,16,,0,0,无线传感器网络,,,,18010730
32.0,400160,IT企业创业与发展战略(20192-18010830-1),201921801083091830,,3,,78,2-17周,0,王自强,2-17周 周三 第3节-第4节 仙Ⅰ-524,2.0,电子科学与工程学院,否,理论类课程,周三,2019-2020-2,,201921801083091830,"2017电子科学与工程学院电子信息科学与技术,2017电子科学与工程学院微电子科学与工程（集成电路设计与集成系统）,2017电子科学与工程学院微电子科学与工程,2017电子科学与工程学院通信工程",0,仙林校区,2019-2020学年 第2学期,91830,仙Ⅰ-524,0.0,否,,1,32,,0,0,IT企业创业与发展战略,11,第3节-第4节,仙I区,18010830
48.0,400160,操作系统与Linux程序设计(20192-18010960-1),201921801096091814,,3,,146,"2-17周,1-17周",0,彭成磊,"2-17周 周五 第1节-第2节 ,1-17周 周五 第3节-第4节 仙Ⅰ-319",3.0,电子科学与工程学院,否,理论+实验课程,"周五,周五",2019-2020-2,,201921801096091814,"2018电子科学与工程学院电子信息科学与技术,2018电子科学与工程学院微电子科学与工程（集成电路设计与集成系统）,2018电子科学与工程学院微电子科学与工程,2018电子科学与工程学院通信工程",0,仙林校区,2019-2020学年 第2学期,91814,"基础实验楼乙109，110,仙Ⅰ-319",32.0,否,,6,32,,0,0,操作系统与Linux程序设计,11,"第1节-第2节,第3节-第4节",仙I区,18010960
32.0,400160,计算机视觉(20192-18010970-1),201921801097091861,,3,,9,3-17周,0,李杨,3-17周 周二 第9节-第10节 仙Ⅱ-401,2.0,电子科学与工程学院,否,理论类课程,周二,2019-2020-2,,201921801097091861,2017电子科学与工程学院电子信息科学与技术,0,仙林校区,2019-2020学年 第2学期,91861,仙Ⅱ-401,0.0,否,,1,34,,0,0,计算机视觉,12,第9节-第10节,仙II区,18010970
48.0,400160,人工智能工程基础（四）(20192-18010980D-1),2019218010980D91818,,3,,109,1-17周,0,彭成磊,1-17周 周四 第5节-第7节 仙Ⅱ-505,3.0,电子科学与工程学院,否,理论类课程,周四,2019-2020-2,,2019218010980D91818,"2018电子科学与工程学院电子信息科学与技术,2018电子科学与工程学院微电子科学与工程（集成电路设计与集成系统）,2018电子科学与工程学院微电子科学与工程,2018电子科学与工程学院通信工程",0,仙林校区,2019-2020学年 第2学期,91818,仙Ⅱ-505,0.0,否,,1,51,,0,0,人工智能工程基础（四）,12,第5节-第7节,仙II区,18010980D
48.0,400160,数据通信(20192-18040130-1),201921804013091832,,3,,57,1-17周,0,"李勃,赵康僆",1-17周 周五 第2节-第4节 仙Ⅰ-524,3.0,电子科学与工程学院,否,理论类课程,周五,2019-2020-2,,201921804013091832,"2017电子科学与工程学院电子信息科学与技术,2017电子科学与工程学院微电子科学与工程（集成电路设计与集成系统）,2017电子科学与工程学院微电子科学与工程,2017电子科学与工程学院通信工程",0,仙林校区,2019-2020学年 第2学期,91832,仙Ⅰ-524,0.0,否,,1,51,,0,0,数据通信,11,第2节-第4节,仙I区,18040130
32.0,400160,移动通信（第一层次）（六）(20192-18041241F-1),2019218041241F91840,,3,,40,3-17周,0,王少尉,3-17周 周一 第3节-第4节 仙Ⅱ-319,2.0,电子科学与工程学院,否,理论类课程,周一,2019-2020-2,,2019218041241F91840,2017电子科学与工程学院通信工程,0,仙林校区,2019-2020学年 第2学期,91840,仙Ⅱ-319,0.0,否,,1,34,,0,0,移动通信（第一层次）（六）,12,第3节-第4节,仙II区,18041241F
32.0,400160,信息传感与调理实验(20192-18050210T-1),2019218050210T91833,,3,,10,1-17周,0,司峻峰,1-17周 周五 第9节-第12节 ,2.0,电子科学与工程学院,否,实验类课程,周五,2019-2020-2,,2019218050210T91833,"2017电子科学与工程学院电子信息科学与技术,2017电子科学与工程学院微电子科学与工程（集成电路设计与集成系统）,2017电子科学与工程学院微电子科学与工程,2017电子科学与工程学院通信工程",0,仙林校区,2019-2020学年 第2学期,91833,基础实验楼丙404,68.0,否,,2,0,,0,0,信息传感与调理实验,,第9节-第12节,,18050210T
64.0,400160,半导体器件基础(20192-18060060-1),201921806006091842,,3,,45,"7-17周,7-17周",0,"汤琨,修向前","7-17周 周二 第1节-第2节 仙Ⅱ-105,7-17周 周四 第3节-第4节 仙Ⅱ-105",4.0,电子科学与工程学院,否,理论类课程,"周二,周四",2019-2020-2,,201921806006091842,2017电子科学与工程学院微电子科学与工程,0,仙林校区,2019-2020学年 第2学期,91842,"仙Ⅱ-105,仙Ⅱ-105",0.0,否,,1,68,,0,0,半导体器件基础,12,"第1节-第2节,第3节-第4节",仙II区,18060060
16.0,400160,电路分析实验(20192-18060090-1),201921806009091743,,3,,42,1-17周,0,"蒲殷,窦蓉蓉",1-17周 周二 第5节-第6节 ,1.0,电子科学与工程学院,否,实验类课程,周二,2019-2020-2,,201921806009091743,2019电子科学与工程学院电子信息类,0,仙林校区,2019-2020学年 第2学期,91743,基础实验楼丙410,32.0,否,,2,0,,0,0,电路分析实验,,第5节-第6节,,18060090
16.0,400160,电路分析实验(20192-18060090-2),201921806009091744,,3,,39,1-17周,0,"蒲殷,窦蓉蓉",1-17周 周二 第7节-第8节 ,1.0,电子科学与工程学院,否,实验类课程,周二,2019-2020-2,,201921806009091744,2019电子科学与工程学院电子信息类,0,仙林校区,2019-2020学年 第2学期,91744,基础实验楼丙410,32.0,否,,2,0,,0,0,电路分析实验,,第7节-第8节,,18060090
16.0,400160,电路分析实验(20192-18060090-3),201921806009091745,,3,,42,1-17周,0,"柏业超,窦蓉蓉",1-17周 周二 第9节-第10节 ,1.0,电子科学与工程学院,否,实验类课程,周二,2019-2020-2,,201921806009091745,2019电子科学与工程学院电子信息类,0,仙林校区,2019-2020学年 第2学期,91745,基础实验楼丙410,32.0,否,,2,0,,0,0,电路分析实验,,第9节-第10节,,18060090
16.0,400160,电路分析实验(20192-18060090-4),201921806009091746,,3,,53,1-17周,0,"柏业超,窦蓉蓉",1-17周 周四 第7节-第8节 ,1.0,电子科学与工程学院,否,实验类课程,周四,2019-2020-2,,201921806009091746,2019电子科学与工程学院电子信息类,0,仙林校区,2019-2020学年 第2学期,91746,基础实验楼丙410,32.0,否,,2,0,,0,0,电路分析实验,,第7节-第8节,,18060090
16.0,400160,电路分析实验(20192-18060090-5),201921806009091747,,3,,36,"1-5周,7-8周,6周,9-16周",0,"张丽敏,康琳,赵清源","1-5周,7-8周 周五 第9节-第10节 逸B-506（翻转）,6周,9-16周 周五 第9节-第10节 ",1.0,电子科学与工程学院,否,实验类课程,"周五,周五",2019-2020-2,,201921806009091747,2019电子科学与工程学院电子信息类,0,仙林校区,2019-2020学年 第2学期,91747,"逸B-506（翻转）,基础实验楼丙410，415",32.0,否,,2,0,,0,0,电路分析实验,16,"第9节-第10节,第9节-第10节",逸夫楼B区,18060090
16.0,400160,电路分析实验(20192-18060090-6),201921806009092389,,3,,0,1-17周,0,"窦蓉蓉,叶猛",1-17周 周一 第3节-第4节 ,1.0,电子科学与工程学院,否,实验类课程,周一,2019-2020-2,,201921806009092389,"2018现代工程与应用科学学院材料物理,2018现代工程与应用科学学院新能源科学与工程,2018现代工程与应用科学学院光电信息科学与工程,2018现代工程与应用科学学院材料化学",0,仙林校区,2019-2020学年 第2学期,92389,基础实验楼丙410,32.0,否,,2,0,,0,0,电路分析实验,,第3节-第4节,,18060090
48.0,400160,微电子工艺(20192-18060110-1),201921806011091834,,3,,104,"1-17周(单),1-17周",0,"陆海,徐尉宗","1-17周(单) 周三 第1节-第2节 仙Ⅰ-319,1-17周 周一 第3节-第4节 仙Ⅰ-319",3.0,电子科学与工程学院,否,理论类课程,"周三,周一",2019-2020-2,,201921806011091834,"2017电子科学与工程学院电子信息科学与技术,2017电子科学与工程学院微电子科学与工程（集成电路设计与集成系统）,2017电子科学与工程学院微电子科学与工程,2017电子科学与工程学院通信工程",0,仙林校区,2019-2020学年 第2学期,91834,"仙Ⅰ-319,仙Ⅰ-319",0.0,否,,1,52,,0,0,微电子工艺,11,"第1节-第2节,第3节-第4节",仙I区,18060110
16.0,400160,电子系统实践(20192-18060130-1),201921806013091836,,3,,0,9-17周,0,戚海峰,9-17周 周三 第1节-第4节 ,1.0,电子科学与工程学院,否,实验类课程,周三,2019-2020-2,,201921806013091836,"2017电子科学与工程学院电子信息科学与技术,2017电子科学与工程学院微电子科学与工程（集成电路设计与集成系统）,2017电子科学与工程学院微电子科学与工程,2017电子科学与工程学院通信工程",0,仙林校区,2019-2020学年 第2学期,91836,基础实验楼丙415,16.0,否,,2,0,,0,0,电子系统实践,,第1节-第4节,,18060130
32.0,400160,碳基电子学(20192-18060220-1),201921806022091837,,3,,20,2-17周,0,"潘力佳,李昀",2-17周 周二 第3节-第4节 仙Ⅱ-317,2.0,电子科学与工程学院,否,理论类课程,周二,2019-2020-2,,201921806022091837,"2017电子科学与工程学院电子信息科学与技术,2017电子科学与工程学院微电子科学与工程（集成电路设计与集成系统）,2017电子科学与工程学院微电子科学与工程,2017电子科学与工程学院通信工程",0,仙林校区,2019-2020学年 第2学期,91837,仙Ⅱ-317,0.0,否,,1,34,,0,0,柔性电子学,12,第3节-第4节,仙II区,18060220
32.0,400160,激光物理与应用(20192-18060230I-1),2019218060230I91838,,3,,3,"3-8周,10-17周,9周",0,"王枫秋,TURCU ION CRISTIAN EDMOND","3-8周,10-17周 周五 第3节-第4节 仙Ⅱ-401,9周 周五 第3节-第4节 ",2.0,电子科学与工程学院,否,理论类课程,"周五,周五",2019-2020-2,,2019218060230I91838,"2017电子科学与工程学院电子信息科学与技术,2017电子科学与工程学院微电子科学与工程（集成电路设计与集成系统）,2017电子科学与工程学院微电子科学与工程,2017电子科学与工程学院通信工程",0,仙林校区,2019-2020学年 第2学期,91838,"仙Ⅱ-401,电子楼105、107",0.0,否,,1,32,,0,0,激光物理与应用,12,"第3节-第4节,第3节-第4节",仙II区,18060230I
48.0,400160,模拟集成电路II(20192-18060250-1),201921806025091849,,3,,8,"1-8周,9-17周",0,"张丽敏,闫锋","1-8周 周四 第5节-第8节 仙Ⅱ-215,9-17周 周四 第5节-第8节 ",3.0,电子科学与工程学院,否,理论+实验课程,"周四,周四",2019-2020-2,,201921806025091849,2017电子科学与工程学院微电子科学与工程（集成电路设计与集成系统）,0,仙林校区,2019-2020学年 第2学期,91849,"仙Ⅱ-215,电子楼435",36.0,否,,6,32,,0,0,模拟集成电路II,12,"第5节-第8节,第5节-第8节",仙II区,18060250
48.0,400160,数字集成电路I(20192-18060260-1),201921806026092082,,3,,82,"1-12周,13-17周",0,"马宇飞,杜力","1-12周 周一 第5节-第7节 仙Ⅱ-406,13-17周 周一 第5节-第7节 ",3.0,电子科学与工程学院,否,理论+实验课程,"周一,周一",2019-2020-2,,201921806026092082,"2017电子科学与工程学院电子信息科学与技术,2017电子科学与工程学院微电子科学与工程（集成电路设计与集成系统）,2017电子科学与工程学院微电子科学与工程,2017电子科学与工程学院通信工程",0,仙林校区,2019-2020学年 第2学期,92082,"仙Ⅱ-406,电子楼435、437",15.0,否,,6,36,,0,0,数字集成电路I,12,"第5节-第7节,第5节-第7节",仙II区,18060260
32.0,400160,微电子器件表征可靠性及表征技术(20192-18060280-1),201921806028091844,,3,,20,1-17周,0,黎松林,1-17周 周一 第1节-第2节 仙Ⅱ-116,2.0,电子科学与工程学院,否,理论类课程,周一,2019-2020-2,,201921806028091844,"2017电子科学与工程学院微电子科学与工程,2017电子科学与工程学院微电子科学与工程（集成电路设计与集成系统）",0,仙林校区,2019-2020学年 第2学期,91844,仙Ⅱ-116,0.0,否,,1,32,,0,0,微电子器件可靠性,12,第1节-第2节,仙II区,18060280
32.0,400160,半导体光电子技术(20192-18060290-1),201921806029091845,,3,,0,,0,,,2.0,电子科学与工程学院,否,理论类课程,,2019-2020-2,,201921806029091845,,0,仙林校区,2019-2020学年 第2学期,91845,,0.0,否,,1,34,,0,0,半导体光电子技术,,,,18060290
48.0,400160,VLSI数字信号处理(20192-18060330-1),201921806033091846,,3,,18,1-17周,0,王中风,1-17周 周二 第5节-第7节 仙Ⅱ-405,3.0,电子科学与工程学院,否,理论类课程,周二,2019-2020-2,,201921806033091846,2017电子科学与工程学院微电子科学与工程（集成电路设计与集成系统）,0,仙林校区,2019-2020学年 第2学期,91846,仙Ⅱ-405,0.0,否,,1,51,,0,0,VLSI数字信号处理,12,第5节-第7节,仙II区,18060330
16.0,400160,信息电子学前沿实验I(20192-18080010T-1),2019218080010T91820,,3,,0,1-17周,0,"王少尉,柏业超,陈健,王科,李杨,修向前,闫锋,韩平,刘红星,黎松林,谢自力,叶建东,于耀,唐岚,任芳芳,王学锋,朱博,李昀,曹汛,王肖沐,王欣然,何道伟,陈鹏,冯一军,唐东明,纪小丽,王元庆,赵康僆,王永磊,周余,陈敦军,杨燚,黄晓林",1-17周 周二 第5节-第7节 ,1.0,电子科学与工程学院,否,实验类课程,周二,2019-2020-2,,2019218080010T91820,"2018电子科学与工程学院电子信息科学与技术,2018电子科学与工程学院微电子科学与工程（集成电路设计与集成系统）,2018电子科学与工程学院微电子科学与工程,2018电子科学与工程学院通信工程",0,仙林校区,2019-2020学年 第2学期,91820,联系人：杨燚，13814542921；邮箱malab@nju.edu.cn,51.0,否,,2,0,,0,0,信息电子学前沿实验I,,第5节-第7节,,18080010T
16.0,400160,模拟电路实验(20192-18090010T-1),2019218090010T92399,,3,,94,9-17周,0,"高健,葛中芹,郑江,戚海峰,陈瞻",9-17周 周二 第1节-第4节 ,1.0,电子科学与工程学院,否,实验类课程,周二,2019-2020-2,,2019218090010T92399,"2017现代工程与应用科学学院材料物理,2017现代工程与应用科学学院光电信息科学与工程,2017现代工程与应用科学学院材料化学",0,仙林校区,2019-2020学年 第2学期,92399,基础实验楼丙402，丙413，丙414，丙415，丙418,32.0,否,,2,0,,0,0,模拟电路实验,,第1节-第4节,,18090010T
32.0,400160,模拟电路实验(20192-18090040T-1),2019218090040T92395,,3,,29,1-17周,0,"司峻峰,葛中芹,陈瞻",1-17周 周四 第9节-第11节 ,2.0,电子科学与工程学院,否,实验类课程,周四,2019-2020-2,,2019218090040T92395,"2018物理学院物理学,2018物理学院物理学（拔尖计划）,2018物理学院声学",0,仙林校区,2019-2020学年 第2学期,92395,基础实验楼丙413，丙418，丙415,48.0,否,,2,0,,0,0,模拟电路实验,,第9节-第11节,,18090040T
32.0,400160,模拟电路实验(20192-18090040T-2),2019218090040T92397,,3,,29,1-17周,0,"高健,姜乃卓",1-17周 周四 第2节-第4节 ,2.0,电子科学与工程学院,否,实验类课程,周四,2019-2020-2,,2019218090040T92397,2017匡亚明学院理科强化班,0,仙林校区,2019-2020学年 第2学期,92397,基础实验楼丙402，丙414,48.0,否,,2,0,,0,0,模拟电路实验,,第2节-第4节,,18090040T
48.0,400170,理论物理[Ⅰ]理论力学热统(20192-19000150-1),201921900015092823,,3,,99,"1-17周,1-17周(单)",0,陈延彬,"1-17周(单) 周四 第1节-第2节 仙Ⅱ-404,1-17周 周二 第7节-第8节 仙Ⅱ-404",3.0,现代工程与应用科学学院,否,理论类课程,"周二,周四",2019-2020-2,,201921900015092823,"2018现代工程与应用科学学院材料物理,2018现代工程与应用科学学院新能源科学与工程,2018现代工程与应用科学学院光电信息科学与工程,2018现代工程与应用科学学院材料化学",0,仙林校区,2019-2020学年 第2学期,92823,"仙Ⅱ-404,仙Ⅱ-404",0.0,否,,1,48,,0,0,理论物理[Ⅰ]理论力学热统,12,"第7节-第8节,第1节-第2节",仙II区,19000150
48.0,400170,数学物理方法(20192-19000180-1),201921900018092817,,3,,110,1-17周,0,张超,1-17周 周三 第2节-第4节 逸B-212,3.0,现代工程与应用科学学院,否,理论类课程,周三,2019-2020-2,,201921900018092817,"2018现代工程与应用科学学院材料物理,2018现代工程与应用科学学院新能源科学与工程,2018现代工程与应用科学学院光电信息科学与工程,2018现代工程与应用科学学院材料化学",0,仙林校区,2019-2020学年 第2学期,92817,逸B-212,0.0,否,,1,48,,0,0,数学物理方法,16,第2节-第4节,逸夫楼B区,19000180
48.0,400170,大学化学(20192-19000200-1),201921900020092757,,3,,130,1-17周,0,葛海雄,1-17周 周二 第2节-第4节 逸A-117,3.0,现代工程与应用科学学院,否,理论类课程,周二,2019-2020-2,,201921900020092757,2019*工科试验班*工科试验班,0,仙林校区,2019-2020学年 第2学期,92757,逸A-117,0.0,否,,1,48,,0,0,大学化学,15,第2节-第4节,逸夫楼A区,19000200
128.0,400170,毕业论文(20192-19000240-1),201921900024092924,,3,,136,1-17周,0,,1-17周 自由时间 - 自由地点,8.0,现代工程与应用科学学院,否,理论+实验课程,自由时间,2019-2020-2,,201921900024092924,"2016现代工程与应用科学学院材料物理,2016现代工程与应用科学学院生物医学工程,2016现代工程与应用科学学院新能源科学与工程,2016现代工程与应用科学学院光电信息科学与工程,2016现代工程与应用科学学院材料化学",0,仙林校区,2019-2020学年 第2学期,92924,自由地点,96.0,否,,6,32,,0,0,毕业论文,388,自由时间,虚拟区域（仙林）,19000240
64.0,400170,材料物理（一）(20192-19001320A-1),2019219001320A92843,,3,,109,"1-17周,1-17周",0,"陈延峰,周健","1-17周 周二 第5节-第6节 逸B-207,1-17周 周五 第5节-第6节 逸B-207",4.0,现代工程与应用科学学院,否,理论类课程,"周二,周五",2019-2020-2,,2019219001320A92843,"2017现代工程与应用科学学院材料物理,2017现代工程与应用科学学院新能源科学与工程,2017现代工程与应用科学学院光电信息科学与工程,2017现代工程与应用科学学院材料化学",0,仙林校区,2019-2020学年 第2学期,92843,"逸B-207,逸B-207",0.0,否,,1,64,,0,0,材料物理（一）,16,"第5节-第6节,第5节-第6节",逸夫楼B区,19001320A
64.0,400170,光电子器件与工艺(20192-19001330-1),201921900133092847,,3,,99,"1-17周,1-17周",0,"祝名伟,袁长胜","1-17周 周一 第3节-第4节 仙Ⅱ-404,1-17周 周三 第3节-第4节 仙Ⅰ-319",4.0,现代工程与应用科学学院,否,理论类课程,"周一,周三",2019-2020-2,,201921900133092847,"2017现代工程与应用科学学院材料物理,2017现代工程与应用科学学院光电信息科学与工程,2017现代工程与应用科学学院材料化学",0,仙林校区,2019-2020学年 第2学期,92847,"仙Ⅱ-404,仙Ⅰ-319",0.0,否,,1,64,,0,0,光电子器件与工艺,"11,12","第3节-第4节,第3节-第4节","仙I区, 仙II区",19001330
48.0,400170,晶体生长(20192-19001350-1),201921900135092854,,3,,41,1-17周,0,姚淑华,1-17周 周一 第5节-第7节 仙Ⅱ-105,3.0,现代工程与应用科学学院,否,理论类课程,周一,2019-2020-2,,201921900135092854,"2017现代工程与应用科学学院材料物理,2017现代工程与应用科学学院生物医学工程,2017现代工程与应用科学学院新能源科学与工程,2017现代工程与应用科学学院材料化学",0,仙林校区,2019-2020学年 第2学期,92854,仙Ⅱ-105,0.0,否,,1,48,,0,0,晶体生长,12,第5节-第7节,仙II区,19001350
32.0,400170,光电功能材料(20192-19001360-1),201921900136092857,,3,,17,1-17周,0,胡伟,1-17周 周三 第9节-第10节 仙Ⅱ-105,2.0,现代工程与应用科学学院,否,理论类课程,周三,2019-2020-2,,201921900136092857,"2017现代工程与应用科学学院材料物理,2017现代工程与应用科学学院新能源科学与工程,2017现代工程与应用科学学院光电信息科学与工程,2017现代工程与应用科学学院材料化学",0,仙林校区,2019-2020学年 第2学期,92857,仙Ⅱ-105,0.0,否,,1,32,,0,0,光电功能材料,12,第9节-第10节,仙II区,19001360
32.0,400170,材料科学基础实验(20192-19001400-1),201921900140092844,,3,,47,4-17周,0,"丁怀平,刘飞,韩民",4-17周 周四 第3节-第8节 ,2.0,现代工程与应用科学学院,否,实验类课程,周四,2019-2020-2,,201921900140092844,2017现代工程与应用科学学院材料物理,0,仙林校区,2019-2020学年 第2学期,92844,"基础实验楼丙109,114",64.0,否,,2,4,,0,0,材料科学基础实验,,第3节-第8节,,19001400
32.0,400170,材料表面与界面(20192-19001420-1),201921900142092873,,3,,31,2-17周,0,陆海鸣,2-17周 周五 第7节-第8节 仙Ⅱ-101,2.0,现代工程与应用科学学院,否,理论类课程,周五,2019-2020-2,,201921900142092873,"2017现代工程与应用科学学院材料物理,2017现代工程与应用科学学院光电信息科学与工程,2017现代工程与应用科学学院材料化学",0,仙林校区,2019-2020学年 第2学期,92873,仙Ⅱ-101,0.0,否,,1,32,,0,0,材料表面与界面,12,第7节-第8节,仙II区,19001420
32.0,400170,微纳光子学(20192-19001440-1),201921900144092925,,3,,1,2-17周,0,姜校顺,2-17周 周三 第5节-第6节 仙Ⅱ-104,2.0,现代工程与应用科学学院,否,理论类课程,周三,2019-2020-2,,201921900144092925,"2016现代工程与应用科学学院材料物理,2016现代工程与应用科学学院光电信息科学与工程,2016现代工程与应用科学学院材料化学",0,仙林校区,2019-2020学年 第2学期,92925,仙Ⅱ-104,0.0,否,,1,32,,0,0,微纳光子学,12,第5节-第6节,仙II区,19001440
48.0,400170,材料有机化学(20192-19002260-1),201921900226092824,,3,,64,1-17周,0,胡勇,1-17周 周二 第2节-第4节 仙Ⅱ-112,3.0,现代工程与应用科学学院,否,理论类课程,周二,2019-2020-2,,201921900226092824,"2018现代工程与应用科学学院材料物理,2018现代工程与应用科学学院生物医学工程,2018现代工程与应用科学学院新能源科学与工程,2018现代工程与应用科学学院材料化学",0,仙林校区,2019-2020学年 第2学期,92824,仙Ⅱ-112,0.0,否,,1,48,,0,0,材料有机化学,12,第2节-第4节,仙II区,19002260
64.0,400170,无机非金属材料工艺学(20192-19002270-1),201921900227092846,,3,,94,"1-17周,1-17周",0,李爱东,"1-17周 周五 第3节-第4节 逸B-205,1-17周 周三 第5节-第6节 逸B-313",4.0,现代工程与应用科学学院,否,理论类课程,"周三,周五",2019-2020-2,,201921900227092846,"2017现代工程与应用科学学院材料物理,2017现代工程与应用科学学院生物医学工程,2017现代工程与应用科学学院新能源科学与工程,2017现代工程与应用科学学院材料化学",0,仙林校区,2019-2020学年 第2学期,92846,"逸B-313,逸B-205",0.0,否,,1,64,,0,0,无机非金属材料工艺学,16,"第5节-第6节,第3节-第4节",逸夫楼B区,19002270
48.0,400170,Problem Based Learning(20192-19002460-1),201921900246092835,,3,,11,"1-17周,2-16周(双)",0,"Chris Butch,王毅庆","1-17周 周一 第3节-第4节 仙Ⅱ-113,2-16周(双) 周三 第3节-第4节 仙Ⅱ-113",3.0,现代工程与应用科学学院,否,理论类课程,"周一,周三",2019-2020-2,,201921900246092835,2018现代工程与应用科学学院生物医学工程,0,仙林校区,2019-2020学年 第2学期,92835,"仙Ⅱ-113,仙Ⅱ-113",0.0,否,,1,48,,0,0,Problem Based Learning,12,"第3节-第4节,第3节-第4节",仙II区,19002460
48.0,400170,机械设计与工程材料加工(20192-19002470-1),201921900247092818,,3,,89,1-17周,0,顾正彬,1-17周 周一 第5节-第7节 逸B-313,3.0,现代工程与应用科学学院,否,理论类课程,周一,2019-2020-2,,201921900247092818,"2018现代工程与应用科学学院材料物理,2018现代工程与应用科学学院新能源科学与工程,2018现代工程与应用科学学院光电信息科学与工程,2018现代工程与应用科学学院材料化学",0,仙林校区,2019-2020学年 第2学期,92818,逸B-313,0.0,否,,1,48,,0,0,机械设计与工程材料加工,16,第5节-第7节,逸夫楼B区,19002470
64.0,400170,应用光学(20192-19002520-1),201921900252092826,,3,,24,"1-17周(单),1-17周",0,"施跃春,周林","1-17周 周五 第3节-第4节 仙Ⅱ-215,1-17周(单) 周二 第9节-第10节 仙Ⅱ-215",4.0,现代工程与应用科学学院,否,理论类课程,"周二,周五",2019-2020-2,,201921900252092826,"2018现代工程与应用科学学院材料物理,2018现代工程与应用科学学院光电信息科学与工程,2018现代工程与应用科学学院材料化学",0,仙林校区,2019-2020学年 第2学期,92826,"仙Ⅱ-215,仙Ⅱ-215",0.0,否,,1,64,,0,0,应用光学,12,"第9节-第10节,第3节-第4节",仙II区,19002520
64.0,400170,高等光学(20192-19002530-1),201921900253092886,,3,,22,"1-17周,1-17周",0,"张利剑,江伟","1-17周 周五 第3节-第4节 仙Ⅱ-113,1-17周 周三 第5节-第6节 仙Ⅱ-113",4.0,现代工程与应用科学学院,否,理论类课程,"周三,周五",2019-2020-2,,201921900253092886,2017现代工程与应用科学学院光电信息科学与工程,0,仙林校区,2019-2020学年 第2学期,92886,"仙Ⅱ-113,仙Ⅱ-113",0.0,否,,1,64,,0,0,高等光学,12,"第5节-第6节,第3节-第4节",仙II区,19002530
32.0,400170,光电专业基础实验(20192-19002580T-1),2019219002580T92876,,3,,21,"4-8周,10-14周",0,"张勇,赵刚","4-8周,10-14周 周四 第5节-第8节 ",2.0,现代工程与应用科学学院,否,实验类课程,周四,2019-2020-2,,2019219002580T92876,2017现代工程与应用科学学院光电信息科学与工程,0,仙林校区,2019-2020学年 第2学期,92876,实验地点待定,64.0,否,,2,0,,0,0,光电专业基础实验,,第5节-第8节,,19002580T
32.0,400170,通信原理(20192-19002600-1),201921900260092884,,3,,22,1-17周,0,李密,1-17周 周四 第1节-第2节 仙Ⅱ-101,2.0,现代工程与应用科学学院,否,理论类课程,周四,2019-2020-2,,201921900260092884,2017现代工程与应用科学学院光电信息科学与工程,0,仙林校区,2019-2020学年 第2学期,92884,仙Ⅱ-101,0.0,否,,1,32,,0,0,通信原理,12,第1节-第2节,仙II区,19002600
48.0,400170,能量转换与存储原理(20192-19002740-1),201921900274092897,,3,,20,"1-17周,1-17周",0,"朱嘉,朱斌","1-17周 周三 第1节-第2节 仙Ⅱ-114,1-17周 周五 第7节-第8节 仙Ⅱ-114",3.0,现代工程与应用科学学院,否,理论类课程,"周三,周五",2019-2020-2,,201921900274092897,2017现代工程与应用科学学院新能源科学与工程,0,仙林校区,2019-2020学年 第2学期,92897,"仙Ⅱ-114,仙Ⅱ-114",0.0,否,,1,64,,0,0,能量转换与存储原理,12,"第1节-第2节,第7节-第8节",仙II区,19002740
64.0,400170,可再生能源导论(20192-19002750-1),201921900275092900,,3,,21,"2-17周,2-17周",0,刘建国,"2-17周 周一 第3节-第4节 仙Ⅱ-102,2-17周 周三 第3节-第4节 仙Ⅱ-217",4.0,现代工程与应用科学学院,否,理论类课程,"周一,周三",2019-2020-2,,201921900275092900,2017现代工程与应用科学学院新能源科学与工程,0,仙林校区,2019-2020学年 第2学期,92900,"仙Ⅱ-102,仙Ⅱ-217",0.0,否,,1,64,,0,0,可再生能源导论,12,"第3节-第4节,第3节-第4节",仙II区,19002750
32.0,400170,新能源科学基础实验(20192-19002760T-1),2019219002760T92898,,3,,20,5-17周(单),0,何平,5-17周(单) 周四 第3节-第8节 ,2.0,现代工程与应用科学学院,否,实验类课程,周四,2019-2020-2,,2019219002760T92898,2017现代工程与应用科学学院新能源科学与工程,0,仙林校区,2019-2020学年 第2学期,92898,"基础实验楼丙109,114",64.0,否,,2,0,,0,0,新能源科学基础实验,,第3节-第8节,,19002760T
64.0,400170,组织工程与再生医学(20192-19002820-1),201921900282092904,,3,,9,"2-17周,2-17周",0,宋玉君,"2-17周 周二 第3节-第4节 仙Ⅱ-217,2-17周 周二 第5节-第6节 仙Ⅱ-217",4.0,现代工程与应用科学学院,否,理论类课程,"周二,周二",2019-2020-2,,201921900282092904,2017现代工程与应用科学学院生物医学工程,0,仙林校区,2019-2020学年 第2学期,92904,"仙Ⅱ-217,仙Ⅱ-217",0.0,否,,1,64,,0,0,组织工程与再生医学,12,"第3节-第4节,第5节-第6节",仙II区,19002820
48.0,400170,解剖学(20192-19002860-1),201921900286092910,,3,,12,1-17周,0,"董平,王宏伟,周宇琨,鲍浩",1-17周 周四 第5节-第7节 ,3.0,现代工程与应用科学学院,否,理论+实验课程,周四,2019-2020-2,,201921900286092910,2017现代工程与应用科学学院生物医学工程,0,仙林校区,2019-2020学年 第2学期,92910,医学院118,12.0,否,,6,36,,0,0,解剖学,,第5节-第7节,,19002860
32.0,400170,光通信技术(20192-19002880-1),201921900288092887,,3,,11,1-17周,0,陈向飞,1-17周 周四 第3节-第4节 仙Ⅱ-111,2.0,现代工程与应用科学学院,否,理论类课程,周四,2019-2020-2,,201921900288092887,2017现代工程与应用科学学院光电信息科学与工程,0,仙林校区,2019-2020学年 第2学期,92887,仙Ⅱ-111,0.0,否,,1,32,,0,0,光通信技术,12,第3节-第4节,仙II区,19002880
32.0,400170,生物医学工程实验(20192-19002890T-1),2019219002890T92907,,3,,10,"6-17周,6-17周",0,铁祚庥,"6-17周 周三 第1节-第4节 ,6-17周 周五 第5节-第8节 ",2.0,现代工程与应用科学学院,否,实验类课程,"周三,周五",2019-2020-2,,2019219002890T92907,2017现代工程与应用科学学院生物医学工程,0,仙林校区,2019-2020学年 第2学期,92907,"镇江楼B420,镇江楼B420",64.0,否,,2,0,,0,0,生物医学工程实验,,"第1节-第4节,第5节-第8节",,19002890T
64.0,400170,生物化学(20192-19002910I-1),2019219002910I92837,,3,,11,"1-17周,1-17周",0,于涵洋,"1-17周 周二 第7节-第8节 仙Ⅱ-111,1-17周 周二 第9节-第10节 仙Ⅱ-111",4.0,现代工程与应用科学学院,否,理论类课程,"周二,周二",2019-2020-2,,2019219002910I92837,2018现代工程与应用科学学院生物医学工程,0,仙林校区,2019-2020学年 第2学期,92837,"仙Ⅱ-111,仙Ⅱ-111",0.0,否,,1,64,,0,0,生物化学,12,"第7节-第8节,第9节-第10节",仙II区,19002910I
32.0,400170,分子生物学(20192-19002920I-1),2019219002920I92909,,3,,11,1-17周,0,李喆,1-17周 周四 第3节-第4节 仙Ⅱ-316,2.0,现代工程与应用科学学院,否,理论类课程,周四,2019-2020-2,,2019219002920I92909,2017现代工程与应用科学学院生物医学工程,0,仙林校区,2019-2020学年 第2学期,92909,仙Ⅱ-316,0.0,否,,1,32,,0,0,分子生物学,12,第3节-第4节,仙II区,19002920I
64.0,400170,传感器原理与技术(20192-19003040-1),201921900304092829,,3,,48,"1-17周,4-17周",0,"徐伟弘,王顺","1-17周 周五 第5节-第7节 仙Ⅱ-111,4-17周 周四 第9节-第10节 ",4.0,现代工程与应用科学学院,否,理论+实验课程,"周五,周四",2019-2020-2,,201921900304092829,"2017工程管理学院自动化,2018现代工程与应用科学学院光电信息科学与工程",0,仙林校区,2019-2020学年 第2学期,92829,"仙Ⅱ-111,基础实验楼乙433",32.0,否,,6,48,,0,0,传感器原理与技术,12,"第5节-第7节,第9节-第10节",仙II区,19003040
48.0,400170,虚拟仪器技术(20192-19003050-1),201921900305093118,,3,,21,"1-17周,3-17周",0,王峰,"1-17周 周一 第1节-第2节 仙Ⅱ-117,3-17周 周一 第5节-第6节 ",3.0,现代工程与应用科学学院,否,理论+实验课程,"周一,周一",2019-2020-2,,201921900305093118,2017现代工程与应用科学学院光电信息科学与工程,0,仙林校区,2019-2020学年 第2学期,93118,"仙Ⅱ-117,南大科学园11号楼201室",16.0,否,,6,48,,0,0,虚拟仪器技术,12,"第1节-第2节,第5节-第6节",仙II区,19003050
32.0,400170,普通物理（力学）(20192-19003100-1),201921900310092754,,3,,106,1-17周,0,夏奕东,1-17周 周五 第7节-第8节 仙Ⅱ-304,2.0,现代工程与应用科学学院,否,理论类课程,周五,2019-2020-2,,201921900310092754,2019*工科试验班*工科试验班,0,仙林校区,2019-2020学年 第2学期,92754,仙Ⅱ-304,0.0,否,,1,48,,0,0,普通物理（力学）,12,第7节-第8节,仙II区,19003100
32.0,400170,普通物理（力学）(20192-19003100-2),201921900310092755,,3,,63,1-17周,0,周剑峰,1-17周 周五 第7节-第8节 仙Ⅱ-305,2.0,现代工程与应用科学学院,否,理论类课程,周五,2019-2020-2,,201921900310092755,2019*工科试验班*工科试验班,0,仙林校区,2019-2020学年 第2学期,92755,仙Ⅱ-305,0.0,否,,1,48,,0,0,普通物理（力学）,12,第7节-第8节,仙II区,19003100
32.0,400170,普通物理（电磁学）(20192-19003170-1),201921900317092820,,3,,64,"2-17周,2-16周(双)",0,余思远,"2-17周 周一 第1节-第2节 仙Ⅱ-213,2-16周(双) 周四 第1节-第2节 仙Ⅱ-213",2.0,现代工程与应用科学学院,否,理论类课程,"周一,周四",2019-2020-2,,201921900317092820,"2018现代工程与应用科学学院材料物理,2018现代工程与应用科学学院生物医学工程,2018现代工程与应用科学学院新能源科学与工程,2018现代工程与应用科学学院光电信息科学与工程,2018现代工程与应用科学学院材料化学",0,仙林校区,2019-2020学年 第2学期,92820,"仙Ⅱ-213,仙Ⅱ-213",0.0,否,,1,48,,0,0,普通物理（电磁学）,12,"第1节-第2节,第1节-第2节",仙II区,19003170
32.0,400170,普通物理（电磁学）(20192-19003170-2),201921900317093821,,3,,64,"1-17周,2-16周(双)",0,聂越峰,"1-17周 周一 第1节-第2节 仙Ⅱ-218,2-16周(双) 周四 第1节-第2节 仙Ⅱ-218",2.0,现代工程与应用科学学院,否,理论类课程,"周一,周四",2019-2020-2,,201921900317093821,"2018现代工程与应用科学学院材料物理,2018现代工程与应用科学学院生物医学工程,2018现代工程与应用科学学院新能源科学与工程,2018现代工程与应用科学学院光电信息科学与工程,2018现代工程与应用科学学院材料化学",0,仙林校区,2019-2020学年 第2学期,93821,"仙Ⅱ-218,仙Ⅱ-218",0.0,否,,1,48,,0,0,普通物理（电磁学）,12,"第1节-第2节,第1节-第2节",仙II区,19003170
32.0,400170,计算材料学(20192-19003210-1),201921900321092875,,3,,14,1-17周,0,杨玉荣,1-17周 周五 第1节-第2节 仙Ⅱ-117,2.0,现代工程与应用科学学院,否,理论类课程,周五,2019-2020-2,,201921900321092875,"2017现代工程与应用科学学院材料物理,2017现代工程与应用科学学院生物医学工程,2017现代工程与应用科学学院新能源科学与工程,2017现代工程与应用科学学院光电信息科学与工程,2017现代工程与应用科学学院材料化学",0,仙林校区,2019-2020学年 第2学期,92875,仙Ⅱ-117,0.0,否,,1,32,,0,0,计算材料学,12,第1节-第2节,仙II区,19003210
48.0,400170,Introduction to Chemical Modelling and Informatics(20192-19003220-1),201921900322092913,,3,,0,,0,,,3.0,现代工程与应用科学学院,否,理论类课程,,2019-2020-2,,201921900322092913,,0,仙林校区,2019-2020学年 第2学期,92913,,0.0,否,,1,48,,0,0,Introduction to Chemical Modelling and Informatics,,,,19003220
48.0,400170,化学反应工程(20192-19003230-1),201921900323092945,,3,,14,1-17周,0,钟苗,1-17周 周二 第2节-第4节 仙Ⅱ-111,3.0,现代工程与应用科学学院,否,理论类课程,周二,2019-2020-2,,201921900323092945,2017现代工程与应用科学学院新能源科学与工程,0,仙林校区,2019-2020学年 第2学期,92945,仙Ⅱ-111,0.0,否,,1,48,,0,0,化学反应工程,12,第2节-第4节,仙II区,19003230
32.0,400180,污染控制概论(20192-20000040-1),201922000004092741,,3,,124,1-17周,0,"潘丙才,赵瑜",1-17周 周五 第5节-第6节 仙Ⅰ-109,2.0,环境学院,否,理论类课程,周五,2019-2020-2,,201922000004092741,"2019*理科试验班（地球科学与资源环境类）*地球科学与资源环境类,2019*理科试验班（化学与生命科学类）*化学与生命科学类",0,仙林校区,2019-2020学年 第2学期,92741,仙Ⅰ-109,0.0,否,,1,32,,0,0,污染控制概论,11,第5节-第6节,仙I区,20000040
32.0,400180,大气污染控制工程(20192-20030060-1),201922003006091758,,3,,30,1-17周,0,陈泽智,1-17周 周一 第1节-第2节 ,2.0,环境学院,否,理论类课程,周一,2019-2020-2,,201922003006091758,2017环境学院环境工程,0,仙林校区,2019-2020学年 第2学期,91758,环C-103,0.0,否,,1,32,,0,0,大气污染控制工程,,第1节-第2节,,20030060
32.0,400180,固体废弃物处理处置工程(20192-20030070-1),201922003007091759,,3,,30,1-17周,0,花铭,1-17周 周二 第9节-第10节 环科楼B-106,2.0,环境学院,否,理论类课程,周二,2019-2020-2,,201922003007091759,2017环境学院环境工程,0,仙林校区,2019-2020学年 第2学期,91759,环科楼B-106,0.0,否,,1,32,,0,0,固体废弃物处理处置工程,111,第9节-第10节,环科楼,20030070
32.0,400180,环境工程原理(20192-20030160-1),201922003016091632,,3,,80,1-17周,0,王津南,1-17周 周二 第1节-第2节 环科楼B-112,2.0,环境学院,否,理论类课程,周二,2019-2020-2,,201922003016091632,"2018大气科学学院理科试验班（地球系统科学与环境）,2018环境学院环境科学（环规）,2018环境学院环境科学（环生）,2018环境学院环境科学（环化）,2018环境学院环境工程",0,仙林校区,2019-2020学年 第2学期,91632,环科楼B-112,0.0,否,,1,32,,0,0,环境工程原理,111,第1节-第2节,环科楼,20030160
32.0,400180,生态工程(20192-20030200-1),201922003020091757,,3,,28,1-17周,0,李正魁,1-17周 周三 第3节-第4节 逸A-323,2.0,环境学院,否,理论类课程,周三,2019-2020-2,,201922003020091757,2017环境学院环境工程,0,仙林校区,2019-2020学年 第2学期,91757,逸A-323,0.0,否,,1,32,,0,0,生态工程,15,第3节-第4节,逸夫楼A区,20030200
32.0,400180,金工实习(20192-20030270-1),201922003027091860,,3,,27,,0,王津南, 自由时间 - 自由地点,2.0,环境学院,否,实践类课程,自由时间,2019-2020-2,,201922003027091860,"2018大气科学学院理科试验班（地球系统科学与环境）,2018环境学院环境工程",0,仙林校区,2019-2020学年 第2学期,91860,自由地点,0.0,否,,3,0,,72,0,金工实习,388,自由时间,虚拟区域（仙林）,20030270
32.0,400180,清洁生产(20192-20030330-1),201922003033091857,,3,,69,1-17周,0,周庆,1-17周 周五 第7节-第8节 环科楼B-112,2.0,环境学院,否,理论+实践课程,周五,2019-2020-2,,201922003033091857,"2017环境学院环境工程,2017环境学院环境科学（环规）,2017环境学院环境科学（环生）,2017环境学院环境科学（环化）",0,仙林校区,2019-2020学年 第2学期,91857,环科楼B-112,0.0,否,,5,24,,8,0,清洁生产,111,第7节-第8节,环科楼,20030330
32.0,400180,环境工程原理实验(20192-20030380T-1),2019220030380T91635,,3,,45,1-17周,0,"王津南,潘旸",1-17周 周二 第5节-第8节 ,2.0,环境学院,否,实验类课程,周二,2019-2020-2,,2019220030380T91635,"2018大气科学学院理科试验班（地球系统科学与环境）,2018环境学院环境科学（环规）,2018环境学院环境科学（环化）",0,仙林校区,2019-2020学年 第2学期,91635,环A一楼,32.0,否,,2,0,,0,0,环境工程原理实验,,第5节-第8节,,20030380T
32.0,400180,环境工程原理实验(20192-20030380T-1),2019220030380T91645,,3,,34,1-17周,0,"王津南,潘旸",1-17周 周五 第5节-第8节 ,2.0,环境学院,否,实验类课程,周五,2019-2020-2,,2019220030380T91645,"2018大气科学学院理科试验班（地球系统科学与环境）,2018环境学院环境科学（环生）,2018环境学院环境工程",0,仙林校区,2019-2020学年 第2学期,91645,环A一楼,32.0,否,,2,0,,0,0,环境工程原理实验,,第5节-第8节,,20030380T
32.0,400180,水污染控制工程实践(20192-20030400-1),201922003040091739,,3,,30,"1-12周,13-16周",0,许柯,"1-12周 周五 第3节-第4节 环科楼B-107,13-16周 自由时间 - 自由地点",2.0,环境学院,否,实践类课程,"周五,自由时间",2019-2020-2,,201922003040091739,2017环境学院环境工程,0,仙林校区,2019-2020学年 第2学期,91739,"环科楼B-107,自由地点",0.0,否,,3,0,,32,0,水污染控制工程实践,"111,388","第3节-第4节,自由时间","环科楼, 虚拟区域（仙林）",20030400
32.0,400180,物理性污染控制技术(20192-20030440-1),201922003044091761,,3,,31,1-17周,0,双陈冬,1-17周 周三 第5节-第6节 环科楼B-106,2.0,环境学院,否,理论类课程,周三,2019-2020-2,,201922003044091761,2017环境学院环境工程,0,仙林校区,2019-2020学年 第2学期,91761,环科楼B-106,0.0,否,,1,32,,0,0,物理性污染控制技术,111,第5节-第6节,环科楼,20030440
32.0,400180,环境工程力学(20192-20030470-1),201922003047091664,,3,,25,1-17周,0,张晓春,1-17周 周三 第3节-第4节 环科楼B-112,2.0,环境学院,否,理论类课程,周三,2019-2020-2,,201922003047091664,"2018大气科学学院理科试验班（地球系统科学与环境）,2018环境学院环境工程",0,仙林校区,2019-2020学年 第2学期,91664,环科楼B-112,0.0,否,,1,32,,0,0,环境工程力学,111,第3节-第4节,环科楼,20030470
16.0,400180,环境有机化学实验B(20192-20030530-1),201922003053091666,,3,,26,3-17周(单),0,王遵尧,3-17周(单) 周四 第5节-第8节 ,1.0,环境学院,否,实验类课程,周四,2019-2020-2,,201922003053091666,"2018大气科学学院理科试验班（地球系统科学与环境）,2018环境学院环境工程",0,仙林校区,2019-2020学年 第2学期,91666,环A-102、104、105,16.0,否,,2,0,,0,0,环境有机化学实验B,,第5节-第8节,,20030530
16.0,400180,大气污染控制工程实践(20192-20030550-1),201922003055091754,,3,,30,1-17周,0,陈泽智,1-17周 周一 第3节-第4节 ,1.0,环境学院,否,实践类课程,周一,2019-2020-2,,201922003055091754,2017环境学院环境工程,0,仙林校区,2019-2020学年 第2学期,91754,环C-103,0.0,否,,3,0,,32,0,大气污染控制工程实践,,第3节-第4节,,20030550
128.0,400180,毕业论文/设计(20192-20050000-1),201922005000093584,,3,,34,1-17周,0,,1-17周 自由时间 - 自由地点,8.0,环境学院,否,实践类课程,自由时间,2019-2020-2,,201922005000093584,2016环境学院环境工程,0,仙林校区,2019-2020学年 第2学期,93584,自由地点,0.0,否,,3,0,,128,0,毕业论文/设计,388,自由时间,虚拟区域（仙林）,20050000
128.0,400180,毕业论文/设计(20192-20050000-1),201922005000093585,,3,,16,1-17周,0,,1-17周 自由时间 - 自由地点,8.0,环境学院,否,实践类课程,自由时间,2019-2020-2,,201922005000093585,2016环境学院环境科学（环化）,0,仙林校区,2019-2020学年 第2学期,93585,自由地点,0.0,否,,3,0,,128,0,毕业论文/设计,388,自由时间,虚拟区域（仙林）,20050000
128.0,400180,毕业论文/设计(20192-20050000-1),201922005000093586,,3,,9,1-17周,0,,1-17周 自由时间 - 自由地点,8.0,环境学院,否,实践类课程,自由时间,2019-2020-2,,201922005000093586,2016环境学院环境科学（环生）,0,仙林校区,2019-2020学年 第2学期,93586,自由地点,0.0,否,,3,0,,128,0,毕业论文/设计,388,自由时间,虚拟区域（仙林）,20050000
128.0,400180,毕业论文/设计(20192-20050000-1),201922005000093587,,3,,26,1-17周,0,,1-17周 自由时间 - 自由地点,8.0,环境学院,否,实践类课程,自由时间,2019-2020-2,,201922005000093587,2016环境学院环境科学（环规）,0,仙林校区,2019-2020学年 第2学期,93587,自由地点,0.0,否,,3,0,,128,0,毕业论文/设计,388,自由时间,虚拟区域（仙林）,20050000
32.0,400180,生产实习(20192-20050010-1),201922005001091710,,3,,15,1-17周,0,韦斯,1-17周 自由时间 - 自由地点,2.0,环境学院,否,实践类课程,自由时间,2019-2020-2,,201922005001091710,2017环境学院环境科学（环化）,0,仙林校区,2019-2020学年 第2学期,91710,自由地点,0.0,否,,3,0,,72,0,生产实习,388,自由时间,虚拟区域（仙林）,20050010
32.0,400180,生产实习(20192-20050010-1),201922005001091722,,3,,13,1-17周,0,俞协治,1-17周 自由时间 - 自由地点,2.0,环境学院,否,实践类课程,自由时间,2019-2020-2,,201922005001091722,2017环境学院环境科学（环生）,0,仙林校区,2019-2020学年 第2学期,91722,自由地点,0.0,否,,3,0,,72,0,生产实习,388,自由时间,虚拟区域（仙林）,20050010
32.0,400180,生产实习(20192-20050010-1),201922005001091733,,3,,31,1-17周,0,袁增伟,1-17周 自由时间 - 自由地点,2.0,环境学院,否,实践类课程,自由时间,2019-2020-2,,201922005001091733,2017环境学院环境科学（环规）,0,仙林校区,2019-2020学年 第2学期,91733,自由地点,0.0,否,,3,0,,72,0,生产实习,388,自由时间,虚拟区域（仙林）,20050010
32.0,400180,生产实习(20192-20050010-1),201922005001091763,,3,,31,1-17周,0,周庆,1-17周 自由时间 - 自由地点,2.0,环境学院,否,实践类课程,自由时间,2019-2020-2,,201922005001091763,2017环境学院环境工程,0,仙林校区,2019-2020学年 第2学期,91763,自由地点,0.0,否,,3,0,,72,0,生产实习,388,自由时间,虚拟区域（仙林）,20050010
48.0,400180,环境监测(20192-20110090-1),201922011009091686,,3,,92,2-17周,0,鲜啟鸣,2-17周 周一 第5节-第7节 环科楼B-112,3.0,环境学院,否,理论类课程,周一,2019-2020-2,,201922011009091686,"2017环境学院环境工程,2017环境学院环境科学（环规）,2017环境学院环境科学（环生）,2017环境学院环境科学（环化）",0,仙林校区,2019-2020学年 第2学期,91686,环科楼B-112,0.0,否,,1,48,,0,0,环境监测,111,第5节-第7节,环科楼,20110090
48.0,400180,环境监测实验(20192-20110100-1),201922011010091691,,3,,45,1-17周,0,"韦斯,刘红玲,历红波",1-17周 周四 第5节-第10节 ,3.0,环境学院,否,实验类课程,周四,2019-2020-2,,201922011010091691,"2017环境学院环境工程,2017环境学院环境科学（环化）",0,仙林校区,2019-2020学年 第2学期,91691,环A-227,48.0,否,,2,0,,0,0,环境监测实验,,第5节-第10节,,20110100
48.0,400180,环境监测实验(20192-20110100-1),201922011010091721,,3,,43,1-17周,0,"历红波,韦斯,刘红玲",1-17周 周五 第1节-第4节 ,3.0,环境学院,否,实验类课程,周五,2019-2020-2,,201922011010091721,"2017环境学院环境科学（环生）,2017环境学院环境科学（环规）",0,仙林校区,2019-2020学年 第2学期,91721,环A-227,48.0,否,,2,0,,0,0,环境监测实验,,第1节-第4节,,20110100
32.0,400180,土壤环境化学(20192-20110110-1),201922011011091715,,3,,11,1-17周,0,郭红岩,1-17周 周三 第5节-第6节 环科楼B-105,2.0,环境学院,否,理论类课程,周三,2019-2020-2,,201922011011091715,2017环境学院环境科学（环化）,0,仙林校区,2019-2020学年 第2学期,91715,环科楼B-105,0.0,否,,1,32,,0,0,土壤环境化学,111,第5节-第6节,环科楼,20110110
32.0,400180,大气环境化学(20192-20110120-1),201922011012091638,,3,,7,1-17周,0,曲瑞娟,1-17周 周三 第3节-第4节 环科楼B-107,2.0,环境学院,否,理论类课程,周三,2019-2020-2,,201922011012091638,"2018大气科学学院理科试验班（地球系统科学与环境）,2018环境学院环境科学（环化）",0,仙林校区,2019-2020学年 第2学期,91638,环科楼B-107,0.0,否,,1,32,,0,0,大气环境化学,111,第3节-第4节,环科楼,20110120
32.0,400180,绿色化学(20192-20110220-1),201922011022091716,,3,,21,1-17周,0,郑寿荣,1-17周 周一 第3节-第4节 环科楼B-105,2.0,环境学院,否,理论类课程,周一,2019-2020-2,,201922011022091716,"2017环境学院环境科学（环化）,2017环境学院环境科学（环生）",0,仙林校区,2019-2020学年 第2学期,91716,环科楼B-105,0.0,否,,1,32,,0,0,绿色化学,111,第3节-第4节,环科楼,20110220
32.0,400180,污染生态学(20192-20110270-1),201922011027091636,,3,,81,1-17周,0,张效伟,1-17周 周三 第1节-第2节 环科楼B-112,2.0,环境学院,否,理论类课程,周三,2019-2020-2,,201922011027091636,"2018大气科学学院理科试验班（地球系统科学与环境）,2018环境学院环境科学（环规）,2018环境学院环境科学（环生）,2018环境学院环境科学（环化）,2018环境学院环境工程",0,仙林校区,2019-2020学年 第2学期,91636,环科楼B-112,0.0,否,,1,32,,0,0,污染生态学,111,第1节-第2节,环科楼,20110270
32.0,400180,污染生态学实验(20192-20110280T-1),2019220110280T91637,,3,,46,1-17周,0,"尹颖,赵丽娟",1-17周 周四 第5节-第8节 ,2.0,环境学院,否,实验类课程,周四,2019-2020-2,,2019220110280T91637,"2018大气科学学院理科试验班（地球系统科学与环境）,2018环境学院环境科学（环规）,2018环境学院环境科学（环化）",0,仙林校区,2019-2020学年 第2学期,91637,环A-210,64.0,否,,2,0,,0,0,污染生态学实验,,第5节-第8节,,20110280T
32.0,400180,污染生态学实验(20192-20110280T-1),2019220110280T91646,,3,,34,1-17周,0,"尹颖,赵丽娟",1-17周 周二 第5节-第8节 ,2.0,环境学院,否,实验类课程,周二,2019-2020-2,,2019220110280T91646,"2018大气科学学院理科试验班（地球系统科学与环境）,2018环境学院环境科学（环生）,2018环境学院环境工程",0,仙林校区,2019-2020学年 第2学期,91646,环A-210,64.0,否,,2,0,,0,0,污染生态学实验,,第5节-第8节,,20110280T
64.0,400180,环境有机化学(20192-20110320-1),201922011032091644,,3,,27,"1-17周,1-17周",0,"施鹏,江伟","1-17周 周一 第1节-第2节 逸B-209,1-17周 周四 第3节-第4节 逸B-209",4.0,环境学院,否,理论类课程,"周一,周四",2019-2020-2,,201922011032091644,"2018大气科学学院理科试验班（地球系统科学与环境）,2018环境学院环境工程",0,仙林校区,2019-2020学年 第2学期,91644,"逸B-209,逸B-209",0.0,否,,1,64,,0,0,环境有机化学,16,"第1节-第2节,第3节-第4节",逸夫楼B区,20110320
64.0,400180,环境有机化学(20192-20110320-1),201922011032093500,,3,,7,"1-17周,1-17周",0,"史薇,王遵尧","1-17周 周一 第1节-第2节 逸B-210,1-17周 周四 第3节-第4节 逸B-210",4.0,环境学院,否,理论类课程,"周一,周四",2019-2020-2,,201922011032093500,"2018大气科学学院理科试验班（地球系统科学与环境）,2018环境学院环境科学（环化）",0,仙林校区,2019-2020学年 第2学期,93500,"逸B-210,逸B-210",0.0,否,,1,64,,0,0,环境有机化学,16,"第1节-第2节,第3节-第4节",逸夫楼B区,20110320
32.0,400180,环境有机化学实验(20192-20110330T-1),2019220110330T91643,,3,,8,3-17周,0,王遵尧,3-17周 周五 第5节-第8节 ,2.0,环境学院,否,实验类课程,周五,2019-2020-2,,2019220110330T91643,"2018大气科学学院理科试验班（地球系统科学与环境）,2018环境学院环境科学（环化）",0,仙林校区,2019-2020学年 第2学期,91643,环A-102、104、105,32.0,否,,2,0,,0,0,环境有机化学实验,,第5节-第8节,,20110330T
64.0,400180,环境物理化学(20192-20110340-1),201922011034091670,,3,,28,"1-17周,1-17周",0,张炜铭,"1-17周 周五 第3节-第4节 环科楼B-105,1-17周 周二 第9节-第10节 环科楼B-105",4.0,环境学院,否,理论类课程,"周二,周五",2019-2020-2,,201922011034091670,"2018大气科学学院理科试验班（地球系统科学与环境）,2018环境学院环境工程",0,仙林校区,2019-2020学年 第2学期,91670,"环科楼B-105,环科楼B-105",0.0,否,,1,64,,0,0,环境物理化学,111,"第9节-第10节,第3节-第4节",环科楼,20110340
32.0,400180,水环境化学(20192-20110360-1),201922011036091712,,3,,15,1-17周,0,许昭怡,1-17周 周四 第3节-第4节 环科楼B-107,2.0,环境学院,否,理论类课程,周四,2019-2020-2,,201922011036091712,2017环境学院环境科学（环化）,0,仙林校区,2019-2020学年 第2学期,91712,环科楼B-107,0.0,否,,1,32,,0,0,水环境化学,111,第3节-第4节,环科楼,20110360
32.0,400180,水环境化学实验(20192-20110370T-1),2019220110370T91714,,3,,15,1-17周,0,付翯云,1-17周 周五 第1节-第4节 ,2.0,环境学院,否,实验类课程,周五,2019-2020-2,,2019220110370T91714,2017环境学院环境科学（环化）,0,仙林校区,2019-2020学年 第2学期,91714,环A-221,64.0,否,,2,0,,0,0,水环境化学实验,,第1节-第4节,,20110370T
32.0,400180,环境材料化学(20192-20110400-1),201922011040091717,,3,,12,1-17周,0,崔昕毅,1-17周 周三 第3节-第4节 环科楼B-106,2.0,环境学院,否,理论类课程,周三,2019-2020-2,,201922011040091717,2017环境学院环境科学（环化）,0,仙林校区,2019-2020学年 第2学期,91717,环科楼B-106,0.0,否,,1,32,,0,0,环境材料化学,111,第3节-第4节,环科楼,20110400
32.0,400180,环境生物技术(20192-20120150-1),201922012015091720,,3,,13,1-17周,0,"张徐祥,吴兵",1-17周 周四 第3节-第4节 环科楼B-108,2.0,环境学院,否,理论类课程,周四,2019-2020-2,,201922012015091720,2017环境学院环境科学（环生）,0,仙林校区,2019-2020学年 第2学期,91720,环科楼B-108,0.0,否,,1,32,,0,0,环境生物技术,111,第3节-第4节,环科楼,20120150
16.0,400180,环境生物技术实验(20192-20120160-1),201922012016091723,,3,,13,2-16周(双),0,"张徐祥,吴兵",2-16周(双) 周四 第5节-第8节 ,1.0,环境学院,否,实验类课程,周四,2019-2020-2,,201922012016091723,2017环境学院环境科学（环生）,0,仙林校区,2019-2020学年 第2学期,91723,环A-214,32.0,否,,2,0,,0,0,环境生物技术实验,,第5节-第8节,,20120160
32.0,400180,普通生理学(20192-20120360-1),201922012036091648,,3,,6,1-17周,0,缪爱军,1-17周 周四 第5节-第6节 环科楼B-106,2.0,环境学院,否,理论类课程,周四,2019-2020-2,,201922012036091648,"2018大气科学学院理科试验班（地球系统科学与环境）,2018环境学院环境科学（环生）",0,仙林校区,2019-2020学年 第2学期,91648,环科楼B-106,0.0,否,,1,32,,0,0,普通生理学,111,第5节-第6节,环科楼,20120360
32.0,400180,土壤生物学(20192-20120370-1),201922012037091647,,3,,6,1-17周,0,"季荣,俞协治",1-17周 周四 第3节-第4节 环科楼B-106,2.0,环境学院,否,理论类课程,周四,2019-2020-2,,201922012037091647,"2018大气科学学院理科试验班（地球系统科学与环境）,2018环境学院环境科学（环生）",0,仙林校区,2019-2020学年 第2学期,91647,环科楼B-106,0.0,否,,1,32,,0,0,土壤生物学,111,第3节-第4节,环科楼,20120370
32.0,400180,环境生物监测与修复技术(20192-20120420-1),201922012042091725,,3,,13,1-17周,0,俞协治,1-17周 周三 第3节-第4节 环科楼B-108,2.0,环境学院,否,理论类课程,周三,2019-2020-2,,201922012042091725,2017环境学院环境科学（环生）,0,仙林校区,2019-2020学年 第2学期,91725,环科楼B-108,0.0,否,,1,32,,2,0,环境生物监测与修复技术,111,第3节-第4节,环科楼,20120420
32.0,400180,环境学(20192-20130010-1),201922013001093106,,3,,63,1-17周,0,柏益尧,1-17周 周一 第3节-第4节 仙Ⅰ-115,2.0,环境学院,否,理论类课程,周一,2019-2020-2,,201922013001093106,2019*理科试验班（化学与生命科学类）*化学与生命科学类,0,仙林校区,2019-2020学年 第2学期,93106,仙Ⅰ-115,0.0,否,,1,32,,0,0,环境学,11,第3节-第4节,仙I区,20130010
32.0,400180,环境管理学(20192-20130070-1),201922013007091731,,3,,0,,0,,,2.0,环境学院,否,理论类课程,,2019-2020-2,,201922013007091731,,0,仙林校区,2019-2020学年 第2学期,91731,,0.0,否,,1,32,,0,0,环境管理学,,,,20130070
32.0,400180,环境影响评价(20192-20130080-1),201922013008091692,,3,,90,1-17周,0,钱瑜,1-17周 周二 第3节-第4节 环科楼B-112,2.0,环境学院,否,理论类课程,周二,2019-2020-2,,201922013008091692,"2017环境学院环境工程,2017环境学院环境科学（环规）,2017环境学院环境科学（环生）,2017环境学院环境科学（环化）",0,仙林校区,2019-2020学年 第2学期,91692,环科楼B-112,0.0,否,,1,32,,0,0,环境影响评价,111,第3节-第4节,环科楼,20130080
32.0,400180,环境系统分析(20192-20130210-1),201922013021091662,,3,,38,1-17周,0,袁增伟,1-17周 周三 第3节-第4节 环科楼B-105,2.0,环境学院,否,理论类课程,周三,2019-2020-2,,201922013021091662,"2018大气科学学院理科试验班（地球系统科学与环境）,2018环境学院环境科学（环规）",0,仙林校区,2019-2020学年 第2学期,91662,环科楼B-105,0.0,否,,1,32,,0,0,环境系统分析,111,第3节-第4节,环科楼,20130210
32.0,400180,环境规划(20192-20130240-1),201922013024091727,,3,,30,1-17周,0,刘蓓蓓,1-17周 周三 第3节-第4节 逸A-417,2.0,环境学院,否,理论类课程,周三,2019-2020-2,,201922013024091727,2017环境学院环境科学（环规）,0,仙林校区,2019-2020学年 第2学期,91727,逸A-417,0.0,否,,1,32,,0,0,环境规划,15,第3节-第4节,逸夫楼A区,20130240
48.0,400180,环境信息系统(20192-20130250-1),201922013025091654,,3,,41,"1-17周,6-16周",0,马宗伟,"1-17周 周四 第3节-第4节 环科楼B-105,6-16周 周五 第5节-第7节 ",3.0,环境学院,否,理论+实验课程,"周四,周五",2019-2020-2,,201922013025091654,"2018大气科学学院理科试验班（地球系统科学与环境）,2018环境学院环境科学（环规）",0,仙林校区,2019-2020学年 第2学期,91654,"环科楼B-105,环C-103",32.0,否,,6,32,,0,0,环境信息系统,111,"第3节-第4节,第5节-第7节",环科楼,20130250
32.0,400180,城市生态学(20192-20130260-1),201922013026091735,,3,,9,1-17周,0,朱晓东,1-17周 周一 第3节-第4节 环科楼B-106,2.0,环境学院,否,理论类课程,周一,2019-2020-2,,201922013026091735,2017环境学院环境科学（环规）,0,仙林校区,2019-2020学年 第2学期,91735,环科楼B-106,0.0,否,,1,32,,0,0,城市生态学,111,第3节-第4节,环科楼,20130260
32.0,400180,野外环境观测实验(20192-20130340T-1),2019220130340T91729,,3,,27,1-17周,0,"王勤耕,钱新",1-17周 周四 第5节-第8节 ,2.0,环境学院,否,,周四,2019-2020-2,,2019220130340T91729,2017环境学院环境科学（环规）,0,仙林校区,2019-2020学年 第2学期,91729,环C-101、203,,否,,,,,,0,野外环境观测实验,,第5节-第8节,,20130340T
32.0,400180,环境流体力学(20192-20130390-1),201922013039091669,,3,,25,1-17周,0,"张孝林,高冠道",1-17周 周四 第1节-第2节 环科楼B-105,2.0,环境学院,否,,周四,2019-2020-2,,201922013039091669,"2018大气科学学院理科试验班（地球系统科学与环境）,2018环境学院环境工程",0,仙林校区,2019-2020学年 第2学期,91669,环科楼B-105,,否,,,,,,0,环境流体力学,111,第1节-第2节,环科楼,20130390
32.0,400180,环境管理认知实习(20192-20130500-1),201922013050091661,,3,,38,,0,袁增伟, 自由时间 - 自由地点,2.0,环境学院,否,实践类课程,自由时间,2019-2020-2,,201922013050091661,"2018大气科学学院理科试验班（地球系统科学与环境）,2018环境学院环境科学（环规）",0,仙林校区,2019-2020学年 第2学期,91661,自由地点,,否,,3,4,,28,0,环境管理认知实习,388,自由时间,虚拟区域（仙林）,20130500
96.0,400130,毕业论文(20192-21000000-1),201922100000092349,,3,,40,1-17周,0,,1-17周 自由时间 第1节-第2节 自由地点,6.0,天文与空间科学学院,否,实践类课程,自由时间,2019-2020-2,,201922100000092349,"2016天文与空间科学学院天文学,2016天文与空间科学学院空间科学与技术",0,仙林校区,2019-2020学年 第2学期,92349,自由地点,0.0,否,,3,0,,192,0,毕业论文,388,第1节-第2节,虚拟区域（仙林）,21000000
48.0,400130,普通天文学(20192-21000010B-1),2019221000010B92286,,3,,50,"1-17周,1-17周(单)",0,李向东,"1-17周(单) 周五 第1节-第2节 仙Ⅰ-103,1-17周 周三 第3节-第4节 仙Ⅰ-103",3.0,天文与空间科学学院,否,理论类课程,"周三,周五",2019-2020-2,,2019221000010B92286,,0,仙林校区,2019-2020学年 第2学期,92286,"仙Ⅰ-103,仙Ⅰ-103",0.0,否,,1,48,,0,0,普通天文学（下）,11,"第3节-第4节,第1节-第2节",仙I区,21000010B
48.0,400130,天体力学基础(20192-21000030-1),201922100003092295,,3,,56,"2-16周(双),1-17周",0,"周礼勇,周济林","1-17周 周三 第1节-第2节 仙Ⅰ-103,2-16周(双) 周五 第5节-第6节 仙Ⅰ-103",3.0,天文与空间科学学院,否,理论类课程,"周五,周三",2019-2020-2,,201922100003092295,,0,仙林校区,2019-2020学年 第2学期,92295,"仙Ⅰ-103,仙Ⅰ-103",0.0,否,,1,48,,0,0,天体力学基础,11,"第5节-第6节,第1节-第2节",仙I区,21000030
48.0,400130,球面天文(20192-21000040-1),201922100004092331,,3,,0,,0,,,3.0,天文与空间科学学院,否,理论类课程,,2019-2020-2,,201922100004092331,,0,仙林校区,2019-2020学年 第2学期,92331,,0.0,否,,1,48,,0,0,球面天文,,,,21000040
64.0,400130,理论天体物理(20192-21000070-1),201922100007092298,,3,,31,"1-17周,1-17周",0,"丁明德,戴子高","1-17周 周一 第3节-第4节 仙Ⅰ-104,1-17周 周三 第3节-第4节 仙Ⅰ-104",4.0,天文与空间科学学院,否,理论类课程,"周一,周三",2019-2020-2,,201922100007092298,2017天文与空间科学学院天文学,0,仙林校区,2019-2020学年 第2学期,92298,"仙Ⅰ-104,仙Ⅰ-104",0.0,否,,1,64,,0,0,理论天体物理,11,"第3节-第4节,第3节-第4节",仙I区,21000070
48.0,400130,控制理论基础（二）(20192-21000080B-1),2019221000080B92344,,3,,17,"1-17周,2-16周(双)",0,罗宗富,"2-16周(双) 周四 第1节-第2节 仙Ⅰ-102,1-17周 周二 第3节-第4节 仙Ⅰ-102",3.0,天文与空间科学学院,否,理论类课程,"周二,周四",2019-2020-2,,2019221000080B92344,2017天文与空间科学学院空间科学与技术,0,仙林校区,2019-2020学年 第2学期,92344,"仙Ⅰ-102,仙Ⅰ-102",0.0,否,,1,48,,0,0,控制理论基础（二）,11,"第3节-第4节,第1节-第2节",仙I区,21000080B
64.0,400130,统计物理(20192-21000100-1),201922100010092296,,3,,44,"1-17周,1-17周",0,黄永锋,"1-17周 周二 第3节-第4节 仙Ⅰ-103,1-17周 周五 第3节-第4节 仙Ⅰ-103",4.0,天文与空间科学学院,否,理论类课程,"周二,周五",2019-2020-2,,201922100010092296,,0,仙林校区,2019-2020学年 第2学期,92296,"仙Ⅰ-103,仙Ⅰ-103",0.0,否,,1,64,,0,0,统计物理,11,"第3节-第4节,第3节-第4节",仙I区,21000100
64.0,400120,统计物理(20192-21000100-2),201922100010092560,,3,,81,"1-17周,1-17周",0,张翼,"1-17周 周三 第1节-第2节 逸B-306,1-17周 周五 第3节-第4节 逸B-306",4.0,物理学院,否,理论类课程,"周三,周五",2019-2020-2,,201922100010092560,"2017地球科学与工程学院地质学（地球物理学方向）,2018大气科学学院理科试验班（地球系统科学与环境）",0,仙林校区,2019-2020学年 第2学期,92560,"逸B-306,逸B-306",0.0,否,,1,64,,0,0,统计物理,16,"第1节-第2节,第3节-第4节",逸夫楼B区,21000100
48.0,400130,流体力学(20192-21010030-1),201922101003092322,,3,,16,"2-16周(双),1-17周",0,戴煜,"2-16周(双) 周二 第1节-第2节 仙Ⅰ-104,1-17周 周五 第3节-第4节 仙Ⅰ-104",3.0,天文与空间科学学院,否,理论类课程,"周二,周五",2019-2020-2,,201922101003092322,"2017天文与空间科学学院天文学,2017天文与空间科学学院空间科学与技术",0,仙林校区,2019-2020学年 第2学期,92322,"仙Ⅰ-104,仙Ⅰ-104",0.0,否,,1,48,,0,0,流体力学,11,"第1节-第2节,第3节-第4节",仙I区,21010030
48.0,400130,广义相对论(20192-21010050-1),201922101005092351,,3,,6,"1-17周,1-17周(单)",0,王祥玉,"1-17周 周三 第3节-第4节 ,1-17周(单) 周五 第3节-第4节 ",3.0,天文与空间科学学院,否,理论类课程,"周三,周五",2019-2020-2,,201922101005092351,2016天文与空间科学学院天文学,0,仙林校区,2019-2020学年 第2学期,92351,"天文楼210,天文楼210",0.0,否,,1,48,,0,0,广义相对论,,"第3节-第4节,第3节-第4节",,21010050
32.0,400130,轨道设计基础(20192-21010140-1),201922101014092345,,3,,0,,0,,,2.0,天文与空间科学学院,否,理论+实践课程,,2019-2020-2,,201922101014092345,,0,仙林校区,2019-2020学年 第2学期,92345,,0.0,否,,5,24,,8,0,轨道设计基础,,,,21010140
32.0,400130,宇宙学导论(20192-21010230-1),201922101023092353,,3,,5,1-17周,0,王发印,1-17周 周一 第3节-第4节 ,2.0,天文与空间科学学院,否,理论类课程,周一,2019-2020-2,,201922101023092353,"2016天文与空间科学学院天文学,2016天文与空间科学学院空间科学与技术",0,仙林校区,2019-2020学年 第2学期,92353,天文楼210,0.0,否,,1,32,,0,0,宇宙学导论,,第3节-第4节,,21010230
32.0,400130,天文探秘(20192-21010290-2),201922101029092078,,3,,86,2-14周,0,"邱科平,谢基伟,陈鹏飞,谢懿,何建华,刘慧根,李向东,罗新炼,陈阳,施勇,丁明德,张彬彬,刘佳成",2-14周 周一 第7节-第8节 仙Ⅰ-102,2.0,天文与空间科学学院,否,理论类课程,周一,2019-2020-2,,201922101029092078,2019*理科试验班（数理科学类）*数理科学类,0,仙林校区,2019-2020学年 第2学期,92078,仙Ⅰ-102,0.0,否,,1,32,,0,0,天文探秘,11,第7节-第8节,仙I区,21010290
32.0,400130,X射线天文学导论(20192-21010310I-1),2019221010310I92300,,3,,15,1-17周,0,李志远,1-17周 周三 第5节-第6节 仙Ⅰ-104,2.0,天文与空间科学学院,否,理论+实践课程,周三,2019-2020-2,,2019221010310I92300,2017天文与空间科学学院天文学,0,仙林校区,2019-2020学年 第2学期,92300,仙Ⅰ-104,0.0,否,,5,28,,4,0,X射线天文学导论,11,第5节-第6节,仙I区,21010310I
32.0,400130,天文与天体物理学中的热点研究(20192-21010320-1),201922101032092312,,3,,24,2-17周,0,"谢基伟,王发印,程鑫",2-17周 周二 第3节-第4节 仙Ⅰ-104,2.0,天文与空间科学学院,否,理论+实践课程,周二,2019-2020-2,,201922101032092312,2017天文与空间科学学院天文学,0,仙林校区,2019-2020学年 第2学期,92312,仙Ⅰ-104,0.0,否,,5,24,,8,0,天文与天体物理学中的热点研究,11,第3节-第4节,仙I区,21010320
32.0,400130,天文文献阅读和写作(20192-21010510-1),201922101051092348,,3,,18,1-17周,0,张智昱,1-17周 周一 第5节-第6节 ,2.0,天文与空间科学学院,否,理论+实践课程,周一,2019-2020-2,,201922101051092348,"2016天文与空间科学学院天文学,2016天文与空间科学学院空间科学与技术",0,仙林校区,2019-2020学年 第2学期,92348,天文楼210,0.0,否,,5,20,,12,0,天文文献阅读和写作,,第5节-第6节,,21010510
16.0,400130,空间天文光学仪器技术(20192-21010520-1),201922101052092326,,3,,0,,0,,,1.0,天文与空间科学学院,否,理论+实践课程,,2019-2020-2,,201922101052092326,,0,仙林校区,2019-2020学年 第2学期,92326,,0.0,否,,5,12,,4,0,空间天文光学仪器技术,,,,21010520
48.0,400150,程序设计基础(20192-22000010-1),201922200001092281,,3,,111,"1-17周,1-17周,1-17周",0,刘奇志,"1-17周 周一 第1节-第2节 仙Ⅱ-405,1-17周 周四 第7节-第8节 ,1-17周 周四 第5节-第6节 仙Ⅱ-405",3.0,计算机学院,否,理论+实践课程,"周一,周四,周四",2019-2020-2,,201922200001092281,2019计算机学院计算机科学与技术,0,仙林校区,2019-2020学年 第2学期,92281,"仙Ⅱ-405,基础实验楼乙124,仙Ⅱ-405",0.0,否,,5,64,,32,0,程序设计基础,12,"第1节-第2节,第7节-第8节,第5节-第6节",仙II区,22000010
32.0,400150,程序设计基础实验(20192-22000010T-1),2019222000010T92287,,3,,133,1-17周,0,卜磊,1-17周 周四 第3节-第4节 ,2.0,计算机学院,否,实验类课程,周四,2019-2020-2,,2019222000010T92287,"2019计算机学院计算机科学与技术,2019工程管理学院金融工程（计算机与金融工程方向）",0,仙林校区,2019-2020学年 第2学期,92287,基础实验楼乙124，125,32.0,否,,2,0,,0,0,程序设计基础实验,,第3节-第4节,,22000010T
32.0,400150,程序设计基础实验(20192-22000010T-2),2019222000010T92288,,3,,78,1-17周,0,胡昊,1-17周 周四 第3节-第4节 ,2.0,计算机学院,否,实验类课程,周四,2019-2020-2,,2019222000010T92288,2019计算机学院计算机科学与技术,0,仙林校区,2019-2020学年 第2学期,92288,"基础实验楼乙124,125",32.0,否,,2,0,,0,0,程序设计基础实验,,第3节-第4节,,22000010T
80.0,400150,离散数学(20192-22000020-1),201922200002092289,,3,,67,"1-17周,1-17周,1-17周",0,瞿裕忠,"1-17周 周三 第1节-第2节 仙Ⅰ-202,1-17周 周五 第5节-第6节 仙Ⅰ-202,1-17周 周一 第3节-第4节 仙Ⅰ-202",5.0,计算机学院,否,理论类课程,"周一,周三,周五",2019-2020-2,,201922200002092289,"2019计算机学院计算机科学与技术,2019工程管理学院金融工程（计算机与金融工程方向）",0,仙林校区,2019-2020学年 第2学期,92289,"仙Ⅰ-202,仙Ⅰ-202,仙Ⅰ-202",0.0,否,,1,64,,32,0,离散数学,11,"第3节-第4节,第1节-第2节,第5节-第6节",仙I区,22000020
80.0,400150,离散数学(20192-22000020-2),201922200002092290,,3,,52,"1-17周,1-17周,1-17周",0,马晓星,"1-17周 周三 第1节-第2节 仙Ⅰ-201,1-17周 周五 第5节-第6节 仙Ⅰ-201,1-17周 周一 第3节-第4节 仙Ⅰ-201",5.0,计算机学院,否,理论类课程,"周一,周三,周五",2019-2020-2,,201922200002092290,"2019计算机学院计算机科学与技术,2019工程管理学院金融工程（计算机与金融工程方向）",0,仙林校区,2019-2020学年 第2学期,92290,"仙Ⅰ-201,仙Ⅰ-201,仙Ⅰ-201",0.0,否,,1,64,,32,0,离散数学,11,"第3节-第4节,第1节-第2节,第5节-第6节",仙I区,22000020
80.0,400150,离散数学(20192-22000020-3),201922200002092291,,3,,64,"1-17周,1-17周,1-17周",0,吴楠,"1-17周 周三 第1节-第2节 仙Ⅰ-203,1-17周 周五 第5节-第6节 仙Ⅰ-203,1-17周 周一 第3节-第4节 仙Ⅰ-203",5.0,计算机学院,否,理论类课程,"周一,周三,周五",2019-2020-2,,201922200002092291,2019计算机学院计算机科学与技术,0,仙林校区,2019-2020学年 第2学期,92291,"仙Ⅰ-203,仙Ⅰ-203,仙Ⅰ-203",0.0,否,,1,64,,32,0,离散数学,11,"第3节-第4节,第1节-第2节,第5节-第6节",仙I区,22000020
80.0,400150,离散数学(20192-22000020-4),201922200002092293,,3,,57,"1-17周,1-17周,1-17周",0,史颖欢,"1-17周 周三 第1节-第2节 仙Ⅰ-204,1-17周 周五 第5节-第6节 仙Ⅰ-204,1-17周 周一 第3节-第4节 仙Ⅰ-204",5.0,计算机学院,否,理论类课程,"周一,周三,周五",2019-2020-2,,201922200002092293,2019计算机学院计算机科学与技术,0,仙林校区,2019-2020学年 第2学期,92293,"仙Ⅰ-204,仙Ⅰ-204,仙Ⅰ-204",0.0,否,,1,64,,32,0,离散数学,11,"第3节-第4节,第1节-第2节,第5节-第6节",仙I区,22000020
48.0,400150,数字电路与数字系统(20192-22000080-1),201922200008092294,,3,,103,"1-17周(单),1-6周,8-16周(双),7-17周(单)",0,周嵩,"1-6周,8-16周(双) 周五 第3节-第4节 仙Ⅱ-503,1-17周(单) 周三 第5节-第6节 仙Ⅱ-405,7-17周(单) 周五 第3节-第4节 ",3.0,计算机学院,否,理论+实验课程,"周三,周五,周五",2019-2020-2,,201922200008092294,2019计算机学院计算机科学与技术,0,仙林校区,2019-2020学年 第2学期,92294,"仙Ⅱ-405,仙Ⅱ-503,基础实验楼乙125",12.0,否,,6,36,,,0,数字电路与数字系统,12,"第5节-第6节,第3节-第4节,第3节-第4节",仙II区,22000080
48.0,400150,数字电路与数字系统(20192-22000080-2),201922200008092297,,3,,88,"1-5周(单),1-17周,7-17周(单)",0,李俊,"1-17周 周五 第3节-第4节 仙Ⅱ-504,7-17周(单) 周三 第5节-第6节 ,1-5周(单) 周三 第5节-第6节 仙Ⅱ-406",3.0,计算机学院,否,理论+实验课程,"周三,周五,周三",2019-2020-2,,201922200008092297,2019计算机学院计算机科学与技术,0,仙林校区,2019-2020学年 第2学期,92297,"仙Ⅱ-406,仙Ⅱ-504,基础实验楼乙125",12.0,否,,6,36,,,0,数字电路与数字系统,12,"第5节-第6节,第3节-第4节,第5节-第6节",仙II区,22000080
32.0,400150,数字电路与数字系统实验(20192-22000090T-1),2019222000090T92299,,3,,8,1-17周,0,"仲盛,毛云龙",1-17周 周一 第1节-第2节 ,2.0,计算机学院,否,,周一,2019-2020-2,,2019222000090T92299,2018计算机学院计算机科学与技术,0,仙林校区,2019-2020学年 第2学期,92299,基础实验楼乙125,32.0,否,,,0,,0,0,数字电路与数字系统实验,,第1节-第2节,,22000090T
80.0,400150,计算机系统基础(20192-22000100-1),201922200010092301,,3,,39,"1-17周,1-17周",0,"汪亮,袁春风","1-17周 周五 第5节-第6节 ,1-17周 周二 第5节-第7节 仙Ⅰ-201",5.0,计算机学院,否,理论+实验课程,"周二,周五",2019-2020-2,,201922200010092301,2018计算机学院计算机科学与技术,0,仙林校区,2019-2020学年 第2学期,92301,"仙Ⅰ-201,基础实验楼乙124",32.0,否,,6,48,,0,0,计算机系统基础,11,"第5节-第7节,第5节-第6节",仙I区,22000100
64.0,400150,金融软件工程(20192-22000120-1),201922200012092478,,3,,28,"1-17周,1-17周",0,许蕾,"1-17周 周二 第3节-第4节 仙Ⅰ-201,1-17周 周四 第5节-第6节 ",4.0,计算机学院,否,理论+实验课程,"周二,周四",2019-2020-2,,201922200012092478,2018计算机学院计算机（计算机与金融工程方向）,0,仙林校区,2019-2020学年 第2学期,92478,"仙Ⅰ-201,基础实验楼乙208",16.0,否,,6,48,,0,0,金融软件工程,11,"第3节-第4节,第5节-第6节",仙I区,22000120
64.0,400150,数据结构(20192-22010020-1),201922201002092302,,3,,31,"1-17周,1-17周",0,商琳,"1-17周 周二 第1节-第2节 仙Ⅰ-201,1-17周 周四 第5节-第6节 仙Ⅰ-201",4.0,计算机学院,否,理论+实验课程,"周二,周四",2019-2020-2,,201922201002092302,2018计算机学院计算机科学与技术,0,仙林校区,2019-2020学年 第2学期,92302,"仙Ⅰ-201,仙Ⅰ-201",32.0,否,,6,64,,0,0,数据结构,11,"第1节-第2节,第5节-第6节",仙I区,22010020
64.0,400150,算法设计与分析(20192-22010030-1),201922201003092303,,3,,71,"1-17周,1-17周",0,黄宇,"1-17周 周三 第3节-第4节 仙Ⅰ-201,1-17周 周五 第3节-第4节 仙Ⅰ-201",4.0,计算机学院,否,理论类课程,"周三,周五",2019-2020-2,,201922201003092303,2018计算机学院计算机科学与技术,0,仙林校区,2019-2020学年 第2学期,92303,"仙Ⅰ-201,仙Ⅰ-201",0.0,否,,1,64,,0,0,算法设计与分析,11,"第3节-第4节,第3节-第4节",仙I区,22010030
64.0,400150,算法设计与分析(20192-22010030-2),201922201003092305,,3,,51,"1-17周,1-17周",0,张胜,"1-17周 周三 第3节-第4节 仙Ⅰ-202,1-17周 周五 第3节-第4节 仙Ⅰ-202",4.0,计算机学院,否,理论类课程,"周三,周五",2019-2020-2,,201922201003092305,2018计算机学院计算机科学与技术,0,仙林校区,2019-2020学年 第2学期,92305,"仙Ⅰ-202,仙Ⅰ-202",0.0,否,,1,64,,0,0,算法设计与分析,11,"第3节-第4节,第3节-第4节",仙I区,22010030
64.0,400150,算法设计与分析(20192-22010030-3),201922201003092306,,3,,65,"1-17周,1-17周",0,徐经纬,"1-17周 周三 第3节-第4节 仙Ⅰ-203,1-17周 周五 第3节-第4节 仙Ⅰ-203",4.0,计算机学院,否,理论类课程,"周三,周五",2019-2020-2,,201922201003092306,2018计算机学院计算机科学与技术,0,仙林校区,2019-2020学年 第2学期,92306,"仙Ⅰ-203,仙Ⅰ-203",0.0,否,,1,64,,0,0,算法设计与分析,11,"第3节-第4节,第3节-第4节",仙I区,22010030
64.0,400150,操作系统(20192-22010040-1),201922201004092307,,3,,54,"1-17周,1-17周",0,叶保留,"1-17周 周二 第3节-第4节 仙Ⅰ-202,1-17周 周四 第3节-第4节 仙Ⅰ-202",4.0,计算机学院,否,理论+实验课程,"周二,周四",2019-2020-2,,201922201004092307,"2017工程管理学院金融工程（计算机与金融工程方向）,2018计算机学院计算机科学与技术",0,仙林校区,2019-2020学年 第2学期,92307,"仙Ⅰ-202,仙Ⅰ-202",10.0,否,,6,54,,0,0,操作系统,11,"第3节-第4节,第3节-第4节",仙I区,22010040
64.0,400150,操作系统(20192-22010040-2),201922201004092308,,3,,71,"1-17周,1-17周",0,徐锋,"1-17周 周二 第3节-第4节 仙Ⅰ-203,1-17周 周四 第3节-第4节 仙Ⅰ-203",4.0,计算机学院,否,理论+实验课程,"周二,周四",2019-2020-2,,201922201004092308,"2017工程管理学院金融工程（计算机与金融工程方向）,2018计算机学院计算机科学与技术",0,仙林校区,2019-2020学年 第2学期,92308,"仙Ⅰ-203,仙Ⅰ-203",10.0,否,,6,54,,0,0,操作系统,11,"第3节-第4节,第3节-第4节",仙I区,22010040
64.0,400150,操作系统(20192-22010040-3),201922201004092309,,3,,61,"1-17周,1-17周",0,华景煜,"1-17周 周二 第3节-第4节 仙Ⅰ-204,1-17周 周四 第3节-第4节 仙Ⅰ-204",4.0,计算机学院,否,理论+实验课程,"周二,周四",2019-2020-2,,201922201004092309,"2017工程管理学院金融工程（计算机与金融工程方向）,2018计算机学院计算机科学与技术",0,仙林校区,2019-2020学年 第2学期,92309,"仙Ⅰ-204,仙Ⅰ-204",10.0,否,,6,54,,0,0,操作系统,11,"第3节-第4节,第3节-第4节",仙I区,22010040
64.0,400150,计算机网络(20192-22010050-1),201922201005092310,,3,,101,"1-17周,2-16周(双),1-17周(单)",0,李文中,"1-17周(单) 周三 第1节-第2节 仙Ⅱ-405,1-17周 周一 第5节-第6节 仙Ⅱ-405,2-16周(双) 周三 第1节-第2节 ",4.0,计算机学院,否,理论+实验课程,"周一,周三,周三",2019-2020-2,,201922201005092310,"2017工程管理学院金融工程（计算机与金融工程方向）,2018计算机学院计算机科学与技术",0,仙林校区,2019-2020学年 第2学期,92310,"仙Ⅱ-405,基础实验楼乙124，乙126,仙Ⅱ-405",12.0,否,,6,52,,0,0,计算机网络,12,"第5节-第6节,第1节-第2节,第1节-第2节",仙II区,22010050
64.0,400150,计算机网络(20192-22010050-2),201922201005092313,,3,,78,"1-17周,2-16周(双),1-17周(单)",0,田臣,"1-17周(单) 周三 第1节-第2节 仙Ⅱ-505,1-17周 周一 第5节-第6节 仙Ⅱ-505,2-16周(双) 周三 第1节-第2节 ",4.0,计算机学院,否,理论+实验课程,"周一,周三,周三",2019-2020-2,,201922201005092313,"2017工程管理学院金融工程（计算机与金融工程方向）,2018计算机学院计算机科学与技术",0,仙林校区,2019-2020学年 第2学期,92313,"仙Ⅱ-505,基础实验楼乙124，乙126,仙Ⅱ-505",12.0,否,,6,52,,0,0,计算机网络,12,"第5节-第6节,第1节-第2节,第1节-第2节",仙II区,22010050
48.0,400150,高级程序设计(20192-22010100-1),201922201010092285,,3,,87,"2-16周(双),1-17周",0,"黄书剑,陈家骏","1-17周 周四 第5节-第6节 仙Ⅱ-207,2-16周(双) 周二 第7节-第8节 ",3.0,计算机学院,否,理论+实验课程,"周二,周四",2019-2020-2,,201922201010092285,"2017计算机学院计算机科学与技术（拔尖计划）,2019计算机学院计算机科学与技术,2017工程管理学院金融工程（计算机与金融工程方向）",0,仙林校区,2019-2020学年 第2学期,92285,"基础实验楼乙124,仙Ⅱ-207",32.0,否,,6,32,,0,0,高级程序设计,12,"第7节-第8节,第5节-第6节",仙II区,22010100
48.0,400150,编译原理(20192-22010120-1),201922201012092440,,3,,68,"1-17周,1-17周",0,许畅,"1-17周 周二 第3节-第4节 仙Ⅱ-304,1-17周 周四 第5节-第6节 仙Ⅱ-304",3.0,计算机学院,否,理论类课程,"周二,周四",2019-2020-2,,201922201012092440,2017计算机学院计算机科学与技术,0,仙林校区,2019-2020学年 第2学期,92440,"仙Ⅱ-304,仙Ⅱ-304",0.0,否,,1,64,,0,0,编译原理,12,"第3节-第4节,第5节-第6节",仙II区,22010120
48.0,400150,数理逻辑(20192-22010200-1),201922201020092316,,3,,72,1-17周,0,"秦逸,宋方敏",1-17周 周二 第5节-第7节 仙Ⅱ-503,3.0,计算机学院,否,理论类课程,周二,2019-2020-2,,201922201020092316,"2018计算机学院计算机科学与技术,2018匡亚明学院理科强化班",0,仙林校区,2019-2020学年 第2学期,92316,仙Ⅱ-503,0.0,否,,1,48,,0,0,数理逻辑,12,第5节-第7节,仙II区,22010200
32.0,400150,多媒体技术(20192-22010220-1),201922201022092441,,3,,80,1-17周,0,唐杰,1-17周 周五 第5节-第6节 仙Ⅱ-305,2.0,计算机学院,否,理论类课程,周五,2019-2020-2,,201922201022092441,"2017计算机学院计算机科学与技术,2017计算机学院计算机科学与技术（拔尖计划）",0,仙林校区,2019-2020学年 第2学期,92441,仙Ⅱ-305,0.0,否,,1,32,,0,0,多媒体技术,12,第5节-第6节,仙II区,22010220
32.0,400150,数据挖掘导论(20192-22010230-1),201922201023092454,,3,,100,1-17周,0,黎铭,1-17周 周三 第5节-第6节 仙Ⅱ-207,2.0,计算机学院,否,理论类课程,周三,2019-2020-2,,201922201023092454,"2017计算机学院计算机科学与技术,2017计算机学院计算机科学与技术（拔尖计划）",0,仙林校区,2019-2020学年 第2学期,92454,仙Ⅱ-207,0.0,否,,1,32,,0,0,数据挖掘导论,12,第5节-第6节,仙II区,22010230
32.0,400150,组合数学(20192-22010240-1),201922201024092455,,3,,16,1-17周,0,林冰凯,1-17周 周四 第7节-第8节 仙Ⅰ-202,2.0,计算机学院,否,理论类课程,周四,2019-2020-2,,201922201024092455,"2017计算机学院计算机科学与技术,2017计算机学院计算机科学与技术（拔尖计划）",0,仙林校区,2019-2020学年 第2学期,92455,仙Ⅰ-202,0.0,否,,1,32,,0,0,组合数学,11,第7节-第8节,仙I区,22010240
48.0,400150,软件体系结构(20192-22010330-1),201922201033092456,,3,,9,1-17周,0,曹春,1-17周 周一 第3节-第4节 仙Ⅰ-101,2.0,计算机学院,否,理论类课程,周一,2019-2020-2,,201922201033092456,"2017计算机学院计算机科学与技术,2017计算机学院计算机科学与技术（拔尖计划）",0,仙林校区,2019-2020学年 第2学期,92456,仙Ⅰ-101,0.0,否,,1,32,,0,0,软件体系结构,11,第3节-第4节,仙I区,22010330
32.0,400150,计算方法(20192-22010500-1),201922201050092317,,3,,48,1-17周,0,"申富饶,赵金熙",1-17周 周三 第5节-第6节 仙Ⅰ-207,2.0,计算机学院,否,理论类课程,周三,2019-2020-2,,201922201050092317,"2017计算机学院计算机科学与技术（拔尖计划）,2018匡亚明学院理科强化班,2018计算机学院计算机科学与技术",0,仙林校区,2019-2020学年 第2学期,92317,仙Ⅰ-207,0.0,否,,1,32,,0,0,计算方法,11,第5节-第6节,仙I区,22010500
32.0,400150,计算机程序设计语言(20192-22010510-1),201922201051092457,,3,,35,1-17周,0,张天,1-17周 周五 第3节-第4节 仙Ⅰ-204,2.0,计算机学院,否,理论+实验课程,周五,2019-2020-2,,201922201051092457,"2017计算机学院计算机科学与技术,2017计算机学院计算机科学与技术（拔尖计划）",0,仙林校区,2019-2020学年 第2学期,92457,仙Ⅰ-204,4.0,否,,6,28,,0,0,计算机程序设计语言,11,第3节-第4节,仙I区,22010510
32.0,400150,人工智能(20192-22010520-1),201922201052092458,,3,,45,2-17周,0,杨育彬,2-17周 周五 第3节-第4节 仙Ⅰ-206,2.0,计算机学院,否,理论类课程,周五,2019-2020-2,,201922201052092458,"2017计算机学院计算机科学与技术,2017工程管理学院金融工程（计算机与金融工程方向）",0,仙林校区,2019-2020学年 第2学期,92458,仙Ⅰ-206,0.0,否,,1,36,,0,0,人工智能,11,第3节-第4节,仙I区,22010520
32.0,400150,数据通信(20192-22010580-1),201922201058092319,,3,,3,1-17周,0,殷亚凤,1-17周 周三 第5节-第6节 仙Ⅰ-201,2.0,计算机学院,否,理论类课程,周三,2019-2020-2,,201922201058092319,2018计算机学院计算机科学与技术,0,仙林校区,2019-2020学年 第2学期,92319,仙Ⅰ-201,0.0,否,,1,32,,0,0,数据通信,11,第5节-第6节,仙I区,22010580
32.0,400150,数字信号处理(20192-22010700-1),201922201070092325,,3,,3,1-17周,0,王崇骏,1-17周 周一 第3节-第4节 仙Ⅰ-102,2.0,计算机学院,否,理论类课程,周一,2019-2020-2,,201922201070092325,2018计算机学院计算机科学与技术,0,仙林校区,2019-2020学年 第2学期,92325,仙Ⅰ-102,0.0,否,,1,32,,0,0,数字信号处理,11,第3节-第4节,仙I区,22010700
32.0,400150,数字图像处理(20192-22010710-1),201922201071092459,,3,,89,1-17周,0,张利军,1-17周 周一 第5节-第6节 仙Ⅱ-305,2.0,计算机学院,否,理论类课程,周一,2019-2020-2,,201922201071092459,2017计算机学院计算机科学与技术,0,仙林校区,2019-2020学年 第2学期,92459,仙Ⅱ-305,0.0,否,,1,32,,0,0,数字图像处理,12,第5节-第6节,仙II区,22010710
32.0,400150,面向对象设计方法(20192-22010750-1),201922201075092460,,3,,41,1-17周,0,霍静,1-17周 周三 第3节-第4节 仙Ⅰ-102,2.0,计算机学院,否,理论类课程,周三,2019-2020-2,,201922201075092460,"2017计算机学院计算机科学与技术,2017计算机学院计算机科学与技术（拔尖计划）",0,仙林校区,2019-2020学年 第2学期,92460,仙Ⅰ-102,0.0,否,,1,32,,0,0,面向对象设计方法,11,第3节-第4节,仙I区,22010750
32.0,400150,图论(20192-22010810-1),201922201081092327,,3,,44,1-17周,0,程龚,1-17周 周一 第7节-第8节 逸B-105,2.0,计算机学院,否,理论+实践+实验课程,周一,2019-2020-2,,201922201081092327,2018计算机学院计算机科学与技术,0,仙林校区,2019-2020学年 第2学期,92327,逸B-105,8.0,否,,7,22,,2,0,图论与算法,16,第7节-第8节,逸夫楼B区,22010810
32.0,400150,博弈论及其应用(20192-22010820-1),201922201082092461,,3,,38,1-17周,0,高尉,1-17周 周五 第9节-第10节 仙Ⅱ-503,2.0,计算机学院,否,理论类课程,周五,2019-2020-2,,201922201082092461,2017计算机学院计算机科学与技术,0,仙林校区,2019-2020学年 第2学期,92461,仙Ⅱ-503,0.0,否,,1,32,,0,0,博弈论及其应用,12,第9节-第10节,仙II区,22010820
32.0,400150,网络应用开发技术(20192-22010830-1),201922201083092462,,3,,28,1-17周,0,卢红敏,1-17周 周三 第5节-第6节 仙Ⅰ-202,2.0,计算机学院,否,理论类课程,周三,2019-2020-2,,201922201083092462,2017计算机学院计算机科学与技术,0,仙林校区,2019-2020学年 第2学期,92462,仙Ⅰ-202,0.0,否,,1,32,,0,0,网络应用开发技术,11,第5节-第6节,仙I区,22010830
32.0,400150,软件产业概论(20192-22010980-1),201922201098092329,,3,,59,1-17周,0,"谢俊元,张建兵",1-17周 周一 第3节-第4节 仙Ⅰ-106,2.0,计算机学院,否,理论类课程,周一,2019-2020-2,,201922201098092329,2018计算机学院计算机科学与技术,0,仙林校区,2019-2020学年 第2学期,92329,仙Ⅰ-106,0.0,否,,1,32,,0,0,软件产业概论,11,第3节-第4节,仙I区,22010980
96.0,400150,毕业论文(20192-22010990-1),201922201099092473,,3,,213,1-17周,0,,1-17周 自由时间 - 自由地点,6.0,计算机学院,否,实践类课程,自由时间,2019-2020-2,,201922201099092473,"2016计算机学院计算机科学与技术,2016工程管理学院金融工程（计算机与金融工程方向）,2016计算机学院计算机科学与技术（拔尖计划）,2016计算机学院计算机（计算机与金融工程方向）",0,仙林校区,2019-2020学年 第2学期,92473,自由地点,0.0,否,,3,0,,96,0,毕业论文,388,自由时间,虚拟区域（仙林）,22010990
32.0,400150,可计算性与可判定性(20192-22011090-1),201922201109092463,,3,,4,1-17周,0,喻良,1-17周 周二 第5节-第6节 仙Ⅰ-102,2.0,计算机学院,否,理论类课程,周二,2019-2020-2,,201922201109092463,2017计算机学院计算机科学与技术,0,仙林校区,2019-2020学年 第2学期,92463,仙Ⅰ-102,0.0,否,,1,32,,0,0,可计算性与可判定性,11,第5节-第6节,仙I区,22011090
32.0,400150,模式识别(20192-22011100-1),201922201110092341,,3,,52,1-17周,0,吴建鑫,1-17周 周四 第1节-第2节 逸B-105,2.0,计算机学院,否,理论类课程,周四,2019-2020-2,,201922201110092341,2018计算机学院计算机科学与技术,0,仙林校区,2019-2020学年 第2学期,92341,逸B-105,0.0,否,,1,36,,0,0,模式识别,16,第1节-第2节,逸夫楼B区,22011100
48.0,400150,计算机体系结构(20192-22011180-1),201922201118092464,,3,,7,1-17周,0,王炜,1-17周 周二 第5节-第7节 仙Ⅰ-202,3.0,计算机学院,否,理论类课程,周二,2019-2020-2,,201922201118092464,"2017计算机学院计算机科学与技术,2017计算机学院计算机科学与技术（拔尖计划）",0,仙林校区,2019-2020学年 第2学期,92464,仙Ⅰ-202,0.0,否,,1,48,,0,0,计算机体系结构,11,第5节-第7节,仙I区,22011180
32.0,400150,信息安全系统设计(20192-22011310-1),201922201131092465,,3,,7,2-17周,0,曾庆凯,2-17周 周一 第5节-第6节 仙Ⅰ-201,2.0,计算机学院,否,理论类课程,周一,2019-2020-2,,201922201131092465,2017计算机学院计算机科学与技术,0,仙林校区,2019-2020学年 第2学期,92465,仙Ⅰ-201,0.0,否,,1,32,,0,0,信息安全系统设计,11,第5节-第6节,仙I区,22011310
32.0,400150,软件安全(20192-22011320-1),201922201132092466,,3,,18,1-17周,0,茅兵,1-17周 周一 第3节-第4节 仙Ⅰ-103,2.0,计算机学院,否,理论+实验课程,周一,2019-2020-2,,201922201132092466,2017计算机学院计算机科学与技术,0,仙林校区,2019-2020学年 第2学期,92466,仙Ⅰ-103,4.0,否,,6,28,,0,0,软件安全,11,第3节-第4节,仙I区,22011320
32.0,400150,移动通讯安全(20192-22011330-1),201922201133092467,,3,,9,1-17周,0,"仲盛,华景煜",1-17周 周二 第5节-第6节 仙Ⅰ-203,2.0,计算机学院,否,理论类课程,周二,2019-2020-2,,201922201133092467,2017计算机学院计算机科学与技术,0,仙林校区,2019-2020学年 第2学期,92467,仙Ⅰ-203,0.0,否,,1,32,,0,0,移动通讯安全,11,第5节-第6节,仙I区,22011330
32.0,400150,计算机网络协议开发(20192-22011390-1),201922201139092468,,3,,6,1-17周,0,陈健,1-17周 周四 第5节-第6节 ,2.0,计算机学院,否,理论+实践课程,周四,2019-2020-2,,201922201139092468,2017计算机学院计算机科学与技术,0,仙林校区,2019-2020学年 第2学期,92468,基础实验楼乙126,0.0,否,,5,0,,32,0,计算机网络协议开发,,第5节-第6节,,22011390
80.0,400150,计算机系统设计综合实验(20192-22011400T-1),2019222011400T92437,,3,,2,1-17周,0,"蒋炎岩,李俊","1-17周 周五 第5节-第6节 , 自由时间 - ",5.0,计算机学院,否,理论+实践课程,"周五,自由时间",2019-2020-2,,2019222011400T92437,2017计算机学院计算机科学与技术,0,仙林校区,2019-2020学年 第2学期,92437,"基础实验楼乙118,无",0.0,否,,5,32,,48,0,计算机系统设计综合实验,,"第5节-第6节,自由时间",,22011400T
80.0,400150,大数据处理综合实验(20192-22011410T-1),2019222011410T92438,,3,,163,1-17周,0,"顾荣,黄宜华","1-17周 周四 第3节-第4节 仙Ⅰ-320, 自由时间 - ",5.0,计算机学院,否,理论+实验课程,"周四,自由时间",2019-2020-2,,2019222011410T92438,2017计算机学院计算机科学与技术,0,仙林校区,2019-2020学年 第2学期,92438,"仙Ⅰ-320,无",44.0,否,,6,36,,0,0,大数据处理综合实验,11,"第3节-第4节,自由时间",仙I区,22011410T
80.0,400150,软件工程综合实验(20192-22011420T-1),2019222011420T92439,,3,,30,1-17周,0,"王林章,张天,曹春","1-17周 周四 第3节-第4节 仙Ⅰ-201, 自由时间 - ",5.0,计算机学院,否,理论+实践课程,"周四,自由时间",2019-2020-2,,2019222011420T92439,2017计算机学院计算机科学与技术,0,仙林校区,2019-2020学年 第2学期,92439,"仙Ⅰ-201,无",32.0,否,,5,12,,36,0,软件工程综合实验,11,"第3节-第4节,自由时间",仙I区,22011420T
32.0,400150,图形绘制技术(20192-22011450-1),201922201145092469,,3,,22,1-17周,0,过洁,1-17周 周一 第7节-第8节 仙Ⅰ-201,2.0,计算机学院,否,理论类课程,周一,2019-2020-2,,201922201145092469,2017计算机学院计算机科学与技术,0,仙林校区,2019-2020学年 第2学期,92469,仙Ⅰ-201,0.0,否,,1,32,,0,0,图形绘制技术,11,第7节-第8节,仙I区,22011450
32.0,400150,计算机视觉表征与识别(20192-22011530-1),201922201153092470,,3,,21,1-17周,0,王利民,1-17周 周二 第3节-第4节 仙Ⅱ-404,2.0,计算机学院,否,理论类课程,周二,2019-2020-2,,201922201153092470,2017计算机学院计算机科学与技术,0,仙林校区,2019-2020学年 第2学期,92470,仙Ⅱ-404,0.0,否,,1,32,,0,0,计算机视觉表征与识别,12,第3节-第4节,仙II区,22011530
32.0,400150,在线算法设计与分析(20192-22011540-1),201922201154092471,,3,,7,1-17周,0,郑嘉琦,1-17周 周四 第9节-第10节 仙Ⅰ-203,2.0,计算机学院,否,理论类课程,周四,2019-2020-2,,201922201154092471,"2017计算机学院计算机科学与技术,2017计算机学院计算机科学与技术（拔尖计划）",0,仙林校区,2019-2020学年 第2学期,92471,仙Ⅰ-203,0.0,否,,1,32,,0,0,在线算法设计与分析,11,第9节-第10节,仙I区,22011540
32.0,400150,软件分析(20192-22011620-1),201922201162092472,,3,,26,2-17周,0,"谭添,李樾",2-17周 周三 第3节-第4节 仙Ⅰ-101,2.0,计算机学院,否,理论类课程,周三,2019-2020-2,,201922201162092472,2017计算机学院计算机科学与技术,0,仙林校区,2019-2020学年 第2学期,92472,仙Ⅰ-101,0.0,否,,1,32,,0,0,软件分析,11,第3节-第4节,仙I区,22011620
64.0,400150,问题求解（二）(20192-22020010B-1),2019222020010B92487,,3,,13,"1-17周,1-17周",0,"马骏,陶先平","1-17周 周二 第1节-第2节 ,1-17周 周四 第3节-第4节 仙Ⅱ-213",4.0,计算机学院,否,理论+实践课程,"周二,周四",2019-2020-2,,2019222020010B92487,2019匡亚明学院理科强化班,0,仙林校区,2019-2020学年 第2学期,92487,"计算机楼228,仙Ⅱ-213",0.0,否,,5,58,,6,0,问题求解（二）,12,"第1节-第2节,第3节-第4节",仙II区,22020010B
64.0,400150,问题求解（二）(20192-22020010B-2),2019222020010B92497,,3,,30,"1-17周,1-17周",0,"陶先平,魏恒峰","1-17周 周二 第1节-第2节 ,1-17周 周四 第3节-第4节 ",4.0,计算机学院,否,理论+实践课程,"周二,周四",2019-2020-2,,2019222020010B92497,2019匡亚明学院理科强化班,0,仙林校区,2019-2020学年 第2学期,92497,"计算机楼227,仙Ⅱ-213",0.0,否,,5,58,,6,0,问题求解（二）,,"第1节-第2节,第3节-第4节",,22020010B
96.0,400150,问题求解（四）(20192-22020010D-1),2019222020010D92481,,3,,11,"1-17周,1-17周,1-17周",0,"程龚,陈道蓄,钱柱中","1-17周 周一 第3节-第4节 仙Ⅱ-105,1-17周 周五 第3节-第4节 ,1-17周 周三 第3节-第4节 ",6.0,计算机学院,否,理论+实践课程,"周一,周三,周五",2019-2020-2,,2019222020010D92481,2018匡亚明学院理科强化班,0,仙林校区,2019-2020学年 第2学期,92481,"仙Ⅱ-105,计算机楼227,228,计算机楼227",0.0,否,,5,64,,32,0,问题求解（四）,12,"第3节-第4节,第3节-第4节,第3节-第4节",仙II区,22020010D
96.0,400150,问题求解（四）(20192-22020010D-2),2019222020010D92484,,3,,24,"1-17周,1-17周,1-17周",0,"钱柱中,程龚,陈道蓄","1-17周 周五 第1节-第2节 ,1-17周 周三 第3节-第4节 ,1-17周 周一 第3节-第4节 ",6.0,计算机学院,否,理论+实践课程,"周一,周三,周五",2019-2020-2,,2019222020010D92484,2018匡亚明学院理科强化班,0,仙林校区,2019-2020学年 第2学期,92484,"仙Ⅱ-105,计算机楼227,228,计算机楼227",0.0,否,,5,64,,32,0,问题求解（四）,,"第3节-第4节,第3节-第4节,第1节-第2节",,22020010D
48.0,400150,数字逻辑电路(20192-22020100-1),201922202010092499,,3,,42,"1-17周,1-17周",0,吴海军,"1-17周 周五 第3节-第4节 仙Ⅱ-214,1-17周 周二 第5节-第6节 仙Ⅱ-214",3.0,计算机学院,否,理论+实验课程,"周二,周五",2019-2020-2,,201922202010092499,2019匡亚明学院理科强化班,0,仙林校区,2019-2020学年 第2学期,92499,"仙Ⅱ-214,仙Ⅱ-214",0.0,否,,6,48,,0,0,数字逻辑电路,12,"第5节-第6节,第3节-第4节",仙II区,22020100
48.0,400110,概率论与数理统计(20192-22020170-1),201922202017091381,,3,,64,"1-17周,1-17周(单)",0,陶敏,"1-17周 周二 第3节-第4节 仙Ⅱ-110,1-17周(单) 周四 第5节-第6节 仙Ⅱ-110",3.0,数学学院,否,理论类课程,"周二,周四",2019-2020-2,,201922202017091381,2018匡亚明学院理科强化班,0,仙林校区,2019-2020学年 第2学期,91381,"仙Ⅱ-110,仙Ⅱ-110",0.0,否,,1,48,,0,0,概率论与数理统计,12,"第3节-第4节,第5节-第6节",仙II区,22020170
64.0,400150,操作系统(20192-22020230-1),201922202023092479,,3,,137,"1-17周,1-17周",0,蒋炎岩,"1-17周 周四 第3节-第4节 仙Ⅱ-207,1-17周 周一 第5节-第6节 仙Ⅱ-207",4.0,计算机学院,否,理论+实验课程,"周一,周四",2019-2020-2,,201922202023092479,"2018匡亚明学院理科强化班,2018人工智能学院计算机科学与技术（人工智能方向）",0,仙林校区,2019-2020学年 第2学期,92479,"仙Ⅱ-207,仙Ⅱ-207",10.0,否,,6,54,,0,0,操作系统,12,"第5节-第6节,第3节-第4节",仙II区,22020230
64.0,400150,编译原理(20192-22020260-1),201922202026092474,,3,,60,"1-17周,1-17周",0,许畅,"1-17周 周二 第3节-第4节 ,1-17周 周四 第3节-第4节 ",4.0,计算机学院,否,理论+实验课程,"周二,周四",2019-2020-2,,201922202026092474,2017计算机学院计算机科学与技术（拔尖计划）,0,仙林校区,2019-2020学年 第2学期,92474,"仙Ⅱ-304,仙Ⅱ-304",8.0,否,,6,56,,0,0,编译原理,,"第3节-第4节,第3节-第4节",,22020260
48.0,400150,数据通信(20192-22020290-1),201922202029092476,,3,,14,1-17周,0,王晓亮,1-17周 周五 第5节-第7节 ,3.0,计算机学院,否,理论+实践课程,周五,2019-2020-2,,201922202029092476,2017计算机学院计算机科学与技术（拔尖计划）,0,仙林校区,2019-2020学年 第2学期,92476,计算机楼227,0.0,否,,5,48,,0,0,数据通信,,第5节-第7节,,22020290
48.0,400150,计算机图形学(20192-22020360-1),201922202036092475,,3,,61,1-17周,0,孙正兴,1-17周 周一 第5节-第7节 仙Ⅰ-101,3.0,计算机学院,否,理论类课程,周一,2019-2020-2,,201922202036092475,2017计算机学院计算机科学与技术（拔尖计划）,0,仙林校区,2019-2020学年 第2学期,92475,仙Ⅰ-101,0.0,否,,1,48,,0,0,计算机图形学,11,第5节-第7节,仙I区,22020360
48.0,400230,病理生理学(20192-23000100-1),201922300010091778,,3,,121,"2-16周(双),1-17周",0,"杨中州,魏继武,张存金,夏天娇,董杰,余德才","1-17周 周四 第3节-第4节 仙Ⅰ-106,2-16周(双) 周三 第3节-第4节 仙Ⅰ-106",3.0,医学院,否,理论类课程,"周三,周四",2019-2020-2,,201922300010091778,"2018医学院临床医学（八年制）,2018医学院口腔医学,2018医学院临床医学（5+3）",0,仙林校区,2019-2020学年 第2学期,91778,"仙Ⅰ-106,仙Ⅰ-106",0.0,否,,1,48,,0,0,病理生理学,11,"第3节-第4节,第3节-第4节",仙I区,23000100
48.0,400230,病理生理学(20192-23000100-1),201922300010091824,,3,,46,"1-17周,2-16周(双)",0,"余德才,夏天娇,张存金,魏继武,董杰,杨中州","1-17周 周四 第1节-第2节 仙Ⅱ-301,2-16周(双) 周三 第1节-第2节 仙Ⅱ-301",3.0,医学院,否,理论类课程,"周四,周三",2019-2020-2,,201922300010091824,2017医学院临床医学（八年制）,0,仙林校区,2019-2020学年 第2学期,91824,"仙Ⅱ-301,仙Ⅱ-301",0.0,否,,1,48,,0,0,病理生理学,12,"第1节-第2节,第1节-第2节",仙II区,23000100
64.0,400230,药理学(20192-23000110-1),201922300011091825,,3,,46,"1-17周,1-17周",0,"杜荣辉,吴锦慧,吴俊华,胡一桥,袁阿虎","1-17周 周五 第3节-第4节 仙Ⅱ-318,1-17周 周三 第5节-第6节 仙Ⅱ-318",4.0,医学院,否,理论类课程,"周三,周五",2019-2020-2,,201922300011091825,2017医学院临床医学（八年制）,0,仙林校区,2019-2020学年 第2学期,91825,"仙Ⅱ-318,仙Ⅱ-318",0.0,否,,1,64,,0,0,药理学,12,"第5节-第6节,第3节-第4节",仙II区,23000110
48.0,400230,医学机能学实验(20192-23000120-1),201922300012091803,,3,,34,1-17周,0,"徐力致,夏天娇,丁洁",1-17周 周四 第5节-第9节 ,3.0,医学院,否,实验类课程,周四,2019-2020-2,,201922300012091803,"2018医学院临床医学（5+3）,2018医学院口腔医学",0,仙林校区,2019-2020学年 第2学期,91803,基础医学教学中心306,72.0,否,,2,0,,0,0,医学机能学实验,,第5节-第9节,,23000120
48.0,400230,医学机能学实验(20192-23000120-2),201922300012091819,,3,,34,1-17周,0,"徐力致,夏天娇,丁洁",1-17周 周四 第5节-第9节 ,3.0,医学院,否,实验类课程,周四,2019-2020-2,,201922300012091819,"2018医学院临床医学（5+3）,2018医学院口腔医学",0,仙林校区,2019-2020学年 第2学期,91819,基础医学教学中心308,72.0,否,,2,0,,0,0,医学机能学实验,,第5节-第9节,,23000120
32.0,400230,病原体鉴定及免疫细胞分析技术(20192-23000150-1),201922300015091801,,3,,62,"3-17周(单),3-17周(单)",0,"窦环,王婷婷,郑楠,李尔广,侯亚义,王宏伟","3-17周(单) 周一 第5节-第8节 ,3-17周(单) 周二 第5节-第8节 ",2.0,医学院,否,实验类课程,"周一,周二",2019-2020-2,,201922300015091801,"2018医学院临床医学（八年制）,2018医学院口腔医学,2018医学院临床医学（5+3）",0,仙林校区,2019-2020学年 第2学期,91801,"基础医学教学中心313,基础医学教学中心313",56.0,否,,2,8,,0,0,病原体鉴定及免疫细胞分析技术,,"第5节-第8节,第5节-第8节",,23000150
32.0,400230,病原体鉴定及免疫细胞分析技术(20192-23000150-2),201922300015091813,,3,,58,"4-16周(双),4-16周(双)",0,"郑楠,王宏伟,李尔广,窦环,王婷婷,侯亚义","4-16周(双) 周一 第5节-第8节 ,4-16周(双) 周二 第5节-第8节 ",2.0,医学院,否,实验类课程,"周一,周二",2019-2020-2,,201922300015091813,"2018医学院临床医学（八年制）,2018医学院口腔医学,2018医学院临床医学（5+3）",0,仙林校区,2019-2020学年 第2学期,91813,"基础医学教学中心313,基础医学教学中心313",56.0,否,,2,8,,0,0,病原体鉴定及免疫细胞分析技术,,"第5节-第8节,第5节-第8节",,23000150
32.0,400230,以疾病为主线的医学遗传学实验(20192-23000180-1),201922300018091802,,3,,62,"2-16周(双),2-16周(双)",0,"闵海燕,蒋爱芹,凌立君","2-16周(双) 周一 第5节-第8节 ,2-16周(双) 周二 第5节-第8节 ",2.0,医学院,否,实验类课程,"周一,周二",2019-2020-2,,201922300018091802,"2018医学院临床医学（八年制）,2018医学院口腔医学,2018医学院临床医学（5+3）",0,仙林校区,2019-2020学年 第2学期,91802,"基础医学教学中心311,基础医学教学中心311",56.0,否,,2,8,,0,0,以疾病为主线的医学遗传学实验,,"第5节-第8节,第5节-第8节",,23000180
32.0,400230,以疾病为主线的医学遗传学实验(20192-23000180-2),201922300018091815,,3,,58,"1-17周(单),1-17周(单)",0,"蒋爱芹,闵海燕,凌立君","1-17周(单) 周一 第5节-第8节 ,1-17周(单) 周二 第5节-第8节 ",2.0,医学院,否,实验类课程,"周一,周二",2019-2020-2,,201922300018091815,"2018医学院临床医学（八年制）,2018医学院口腔医学,2018医学院临床医学（5+3）",0,仙林校区,2019-2020学年 第2学期,91815,"基础医学教学中心311,基础医学教学中心311",56.0,否,,2,8,,0,0,以疾病为主线的医学遗传学实验,,"第5节-第8节,第5节-第8节",,23000180
16.0,400230,自然辩证法(20192-23000260-1),201922300026092247,,3,,45,9-16周,0,刘鹏,9-16周 周三 第3节-第4节 ,1.0,医学院,否,理论类课程,周三,2019-2020-2,,201922300026092247,2017医学院临床医学（八年制）,0,仙林校区,2019-2020学年 第2学期,92247,仙Ⅰ-109,0.0,否,,1,16,,0,0,自然辩证法,,第3节-第4节,,23000260
16.0,400230,自然辩证法(20192-23000260-1),201922300026092248,,1,,59,9-16周,0,,9-16周 周一 第9节-第10节 教205,1.0,医学院,否,理论类课程,周一,2019-2020-2,,201922300026092248,"2017医学院临床医学（5+3）,2017医学院口腔医学",0,鼓楼校区,2019-2020学年 第2学期,92248,教205,0.0,否,,1,16,,0,0,自然辩证法,1,第9节-第10节,教学楼,23000260
128.0,400230,人体解剖学(20192-23000310-1),201922300031091774,,3,,100,"1-17周,1-8周,9-17周,1-17周",0,"董平,周宇琨,朱亚文","1-17周 周五 第1节-第4节 ,1-17周 周一 第9节-第10节 ,9-17周 周一 第5节-第8节 ,1-8周 周一 第5节-第8节 ",8.0,医学院,否,理论+实验课程,"周五,周一,周一,周一",2019-2020-2,,201922300031091774,"2019医学院临床医学,2019医学院口腔医学",0,仙林校区,2019-2020学年 第2学期,91774,"基础医学教学中心118,基础医学教学中心118,基础医学教学中心109,基础医学教学中心109",96.0,否,,6,96,,0,0,人体解剖学,,"第1节-第4节,第5节-第8节,第5节-第8节,第9节-第10节",,23000310
32.0,400230,医学遗传学(20192-23000360-1),201922300036091781,,3,,123,1-17周,0,"姜润秋,李宽钰,王亚平",1-17周 周三 第5节-第6节 仙Ⅰ-109,2.0,医学院,否,理论类课程,周三,2019-2020-2,,201922300036091781,"2018医学院临床医学（八年制）,2018医学院口腔医学,2018医学院临床医学（5+3）",0,仙林校区,2019-2020学年 第2学期,91781,仙Ⅰ-109,0.0,否,,1,32,,0,0,医学遗传学,11,第5节-第6节,仙I区,23000360
32.0,400230,医学免疫学(20192-23000370-1),201922300037091782,,3,,127,1-17周,0,"王婷婷,侯亚义,沈苏南",1-17周 周三 第1节-第2节 仙Ⅰ-206,2.0,医学院,否,理论类课程,周三,2019-2020-2,,201922300037091782,"2018现代工程与应用科学学院生物医学工程,2018医学院口腔医学,2018医学院临床医学（5+3）,2018医学院临床医学（八年制）",0,仙林校区,2019-2020学年 第2学期,91782,仙Ⅰ-206,0.0,否,,1,32,,0,0,医学免疫学,11,第1节-第2节,仙I区,23000370
48.0,400230,药理学(20192-23000380-1),201922300038091783,,3,,123,"1-17周(单),1-17周",0,"杜荣辉,吴俊华,袁阿虎,胡一桥,吴锦慧","1-17周 周五 第1节-第2节 仙Ⅰ-207,1-17周(单) 周三 第3节-第4节 仙Ⅰ-207",3.0,医学院,否,理论类课程,"周三,周五",2019-2020-2,,201922300038091783,"2018医学院临床医学（八年制）,2018医学院口腔医学,2018医学院临床医学（5+3）",0,仙林校区,2019-2020学年 第2学期,91783,"仙Ⅰ-207,仙Ⅰ-207",0.0,否,,1,48,,0,0,药理学,11,"第3节-第4节,第1节-第2节",仙I区,23000380
64.0,400230,病理学(20192-23000390-1),201922300039091784,,3,,53,"1-17周(单),1-17周,1-17周",0,"温艳婷,丁卫东,易龙","1-17周(单) 周四 第1节-第2节 ,1-17周 周四 第5节-第8节 ,1-17周 周五 第3节-第4节 ",4.0,医学院,否,理论+实验课程,"周四,周五,周四",2019-2020-2,,201922300039091784,2018医学院临床医学（八年制）,0,仙林校区,2019-2020学年 第2学期,91784,"仙Ⅱ-505,仙Ⅱ-505,基础医学教学中心208",48.0,否,,6,48,,0,0,病理学,,"第1节-第2节,第3节-第4节,第5节-第8节",,23000390
64.0,400230,病理学(20192-23000390-2),201922300039093474,,3,,48,"1-17周(单),1-17周,1-17周",0,"温艳婷,丁卫东,易龙","1-17周(单) 周四 第1节-第2节 仙Ⅱ-505,1-17周 周五 第5节-第8节 ,1-17周 周五 第3节-第4节 仙Ⅱ-505",4.0,医学院,否,理论+实验课程,"周四,周五,周五",2019-2020-2,,201922300039093474,"2018现代工程与应用科学学院生物医学工程,2018医学院临床医学（5+3）",0,仙林校区,2019-2020学年 第2学期,93474,"仙Ⅱ-505,仙Ⅱ-505,基础医学教学中心208",48.0,否,,6,48,,0,0,病理学,12,"第1节-第2节,第3节-第4节,第5节-第8节",仙II区,23000390
48.0,400230,病理学(20192-23000400-1),201922300040091807,,3,,21,"1-17周(单),1-17周,1-17周",0,"温艳婷,丁卫东,易龙","1-17周(单) 周四 第1节-第2节 ,1-17周 周五 第5节-第8节 ,1-17周 周五 第3节-第4节 ",3.0,医学院,否,理论+实验课程,"周四,周五,周五",2019-2020-2,,201922300040091807,2018医学院口腔医学,0,仙林校区,2019-2020学年 第2学期,91807,"仙Ⅱ-505,仙Ⅱ-505,基础医学教学中心208",16.0,否,,6,32,,0,0,病理学,,"第1节-第2节,第3节-第4节,第5节-第8节",,23000400
80.0,400230,病理学(20192-23000420-1),201922300042091827,,3,,48,"1-17周,1-17周,1-17周",0,"温艳婷,丁卫东,易龙","1-17周 周五 第1节-第2节 仙Ⅱ-101,1-17周 周四 第5节-第8节 ,1-17周 周四 第3节-第4节 仙Ⅱ-101",5.0,医学院,否,理论+实验课程,"周四,周五,周四",2019-2020-2,,201922300042091827,2017医学院临床医学（八年制）,0,仙林校区,2019-2020学年 第2学期,91827,"仙Ⅱ-101,仙Ⅱ-101,基础医学教学中心208",48.0,否,,6,64,,0,0,病理学,12,"第3节-第4节,第1节-第2节,第5节-第8节",仙II区,23000420
32.0,400230,细胞生物学(20192-23000430-1),201922300043092098,,3,,101,1-17周,0,"赵越,洪浩,方雷,蒋爱芹",1-17周 周一 第3节-第4节 仙Ⅰ-206,2.0,医学院,否,理论类课程,周一,2019-2020-2,,201922300043092098,"2019医学院临床医学,2019医学院口腔医学",0,仙林校区,2019-2020学年 第2学期,92098,仙Ⅰ-206,0.0,否,,1,32,,0,0,细胞生物学,11,第3节-第4节,仙I区,23000430
64.0,400230,医学机能学实验(20192-23000450T-1),2019223000450T91785,,3,,27,1-17周,0,"丁洁,徐力致,夏天娇",1-17周 周五 第5节-第10节 ,4.0,医学院,否,实验类课程,周五,2019-2020-2,,2019223000450T91785,2018医学院临床医学（八年制）,0,仙林校区,2019-2020学年 第2学期,91785,基础医学教学中心306,64.0,否,,2,0,,0,0,医学机能学实验,,第5节-第10节,,23000450T
64.0,400230,医学机能学实验(20192-23000450T-1),2019223000450T91812,,3,,23,1-17周,0,"夏天娇,徐力致,丁洁",1-17周 周二 第5节-第10节 ,4.0,医学院,否,实验类课程,周二,2019-2020-2,,2019223000450T91812,2017医学院临床医学（八年制）,0,仙林校区,2019-2020学年 第2学期,91812,基础医学教学中心306,64.0,否,,2,0,,0,0,医学机能学实验,,第5节-第10节,,23000450T
64.0,400230,医学机能学实验(20192-23000450T-2),2019223000450T91817,,3,,26,1-17周,0,"丁洁,徐力致,夏天娇",1-17周 周五 第5节-第10节 ,4.0,医学院,否,实验类课程,周五,2019-2020-2,,2019223000450T91817,2018医学院临床医学（八年制）,0,仙林校区,2019-2020学年 第2学期,91817,基础医学教学中心308,64.0,否,,2,0,,0,0,医学机能学实验,,第5节-第10节,,23000450T
64.0,400230,医学机能学实验(20192-23000450T-2),2019223000450T91821,,3,,22,1-17周,0,"丁洁,夏天娇,徐力致",1-17周 周二 第5节-第10节 ,4.0,医学院,否,实验类课程,周二,2019-2020-2,,2019223000450T91821,2017医学院临床医学（八年制）,0,仙林校区,2019-2020学年 第2学期,91821,基础医学教学中心308,64.0,否,,2,0,,0,0,医学机能学实验,,第5节-第10节,,23000450T
64.0,400230,外科学(20192-23010050A-1),2019223010050A92447,,1,,41,"1-14周,1-15周",0,"管文贤,顾军","1-15周 周五 第3节-第4节 教209,1-14周 周一 第3节-第4节 教209",4.0,医学院,否,理论+实践课程,"周一,周五",2019-2020-2,,2019223010050A92447,2016医学院临床医学（八年制）,0,鼓楼校区,2019-2020学年 第2学期,92447,"教209,教209",0.0,否,,5,60,,36,0,外科学,1,"第3节-第4节,第3节-第4节",教学楼,23010050A
64.0,400230,外科学(20192-23010050B-1),2019223010050B92355,,1,,43,"1-12周,1-10周",0,"邱勇,许斌","1-12周 周一 第3节-第4节 教207,1-10周 周五 第3节-第4节 教207",4.0,医学院,否,理论+实践课程,"周一,周五",2019-2020-2,,2019223010050B92355,2017医学院临床医学（5+3）,0,鼓楼校区,2019-2020学年 第2学期,92355,"教207,教207",0.0,否,,5,52,,44,0,外科学,1,"第3节-第4节,第3节-第4节",教学楼,23010050B
80.0,400230,内科学(20192-23010060-1),201922301006092445,,1,,18,"1-14周,1-12周,1-2周",0,沈山梅,"1-14周 周一 第1节-第2节 教207,1-2周 周五 第3节-第4节 教211,1-12周 周二 第3节-第4节 教207",5.0,医学院,否,理论+实践课程,"周一,周二,周五",2019-2020-2,,201922301006092445,2017医学院口腔医学,0,鼓楼校区,2019-2020学年 第2学期,92445,"教207,教207,教211",0.0,否,,5,60,,36,0,内科学,1,"第1节-第2节,第3节-第4节,第3节-第4节",教学楼,23010060
64.0,400230,内科学(20192-23010061A-1),2019223010061A92448,,1,,42,"1-14周,1-14周",0,"蔡后荣,苏欣","1-14周 周一 第1节-第2节 教209,1-14周 周五 第1节-第2节 教209",4.0,医学院,否,理论+实践课程,"周一,周五",2019-2020-2,,2019223010061A92448,2016医学院临床医学（八年制）,0,鼓楼校区,2019-2020学年 第2学期,92448,"教209,教209",0.0,否,,5,46,,34,0,内科学,1,"第1节-第2节,第1节-第2节",教学楼,23010061A
64.0,400230,内科学(20192-23010061B-1),2019223010061B92356,,1,,45,"1-14周,1-12周",0,"蔡后荣,吴燕","1-14周 周一 第1节-第2节 教206,1-12周 周五 第1节-第2节 教206",4.0,医学院,否,理论+实践课程,"周一,周五",2019-2020-2,,2019223010061B92356,2017医学院临床医学（5+3）,0,鼓楼校区,2019-2020学年 第2学期,92356,"教206,教206",0.0,否,,5,52,,44,0,内科学,1,"第1节-第2节,第1节-第2节",教学楼,23010061B
64.0,400230,妇产科学(20192-23010070-1),201922301007092357,,1,,87,"15周,12-16周,1-16周",0,"吴元赭,李洁","1-16周 周二 第1节-第3节 教220,15周 周一 第1节-第3节 教220,12-16周 周四 第1节-第3节 教220",4.0,医学院,否,理论+实践课程,"周一,周四,周二",2019-2020-2,,201922301007092357,"2016医学院临床医学（八年制）,2017医学院临床医学（5+3）",0,鼓楼校区,2019-2020学年 第2学期,92357,"教220,教220,教220",0.0,否,,5,66,,30,0,妇产科学,1,"第1节-第3节,第1节-第3节,第1节-第3节",教学楼,23010070
64.0,400230,儿科学(20192-23010080-1),201922301008092358,,1,,84,1-15周,0,赵德育,1-15周 周三 第1节-第3节 教205,4.0,医学院,否,理论+实践课程,周三,2019-2020-2,,201922301008092358,"2016医学院临床医学（八年制）,2017医学院临床医学（5+3）",0,鼓楼校区,2019-2020学年 第2学期,92358,教205,0.0,否,,5,64,,32,0,儿科学,1,第1节-第3节,教学楼,23010080
48.0,400230,传染病学(20192-23010100-1),201922301010092503,,1,,43,"2-6周,1周,1周,1-8周,2-4周(双)",0,"吴超,杨永峰","2-4周(双) 周五 第1节-第2节 教207,1周 周三 第5节-第6节 教207,1周 周一 第5节-第6节 教207,2-6周 周一 第3节-第4节 教211,1-8周 周四 第3节-第4节 教211",3.0,医学院,否,理论+实践课程,"周一,周一,周三,周四,周五",2019-2020-2,,201922301010092503,,0,鼓楼校区,2019-2020学年 第2学期,92503,"教211,教207,教207,教211,教207",0.0,否,,5,32,,32,0,传染病学,1,"第3节-第4节,第5节-第6节,第5节-第6节,第3节-第4节,第1节-第2节",教学楼,23010100
48.0,400230,肿瘤学(20192-23010120-1),201922301012092505,,1,,43,1-17周,0,"诸晓源,刘宝瑞",1-17周 自由时间 - ,3.0,医学院,否,理论+实践课程,自由时间,2019-2020-2,,201922301012092505,,0,鼓楼校区,2019-2020学年 第2学期,92505,医院安排,0.0,否,,5,32,,16,0,肿瘤学,,自由时间,,23010120
40.0,400230,急救医学(20192-23010130-1),201922301013092453,,1,,101,"1-8周,1-8周",0,"聂时南,王军","1-8周 周三 第1节-第2节 教208,1-8周 周四 第1节-第2节 教208",2.5,医学院,否,理论+实践课程,"周三,周四",2019-2020-2,,201922301013092453,"2016医学院临床医学（5+3）,2016医学院口腔医学（5+3）",0,鼓楼校区,2019-2020学年 第2学期,92453,"教208,教208",0.0,否,,5,32,,16,0,急救医学,1,"第1节-第2节,第1节-第2节",教学楼,23010130
32.0,400230,临床病理学(20192-23010150-1),201922301015092506,,1,,43,"1-6周,1-7周,1-5周(单)",0,"饶秋,樊祥山","1-6周 周一 第1节-第2节 教204,1-7周 周四 第5节-第6节 教204,1-5周(单) 周五 第1节-第2节 教207",2.0,医学院,否,理论+实践课程,"周一,周四,周五",2019-2020-2,,201922301015092506,,0,鼓楼校区,2019-2020学年 第2学期,92506,"教204,教204,教207",0.0,否,,5,16,,16,0,临床病理学,1,"第1节-第2节,第5节-第6节,第1节-第2节",教学楼,23010150
48.0,400230,医患沟通学(20192-23010160-1),201922301016092444,,1,,43,11-17周,0,"石平,韩光曙",11-17周 周四 第3节-第4节 教206,3.0,医学院,否,理论+实践课程,周四,2019-2020-2,,201922301016092444,2017医学院临床医学（5+3）,0,鼓楼校区,2019-2020学年 第2学期,92444,教206,0.0,否,,5,30,,18,0,医患沟通学,1,第3节-第4节,教学楼,23010160
48.0,400230,医患沟通学(20192-23010160-1),201922301016092480,,1,,89,"11-17周,15周",0,"石平,韩光曙","11-17周 周一 第3节-第4节 教301,15周 周四 第3节-第4节 教301",3.0,医学院,否,理论+实践课程,"周一,周四",2019-2020-2,,201922301016092480,2016医学院临床医学（5+3）,0,鼓楼校区,2019-2020学年 第2学期,92480,"教301,教301",0.0,否,,5,30,,18,0,医患沟通学,1,"第3节-第4节,第3节-第4节",教学楼,23010160
32.0,400230,口腔医学(20192-23010180-1),201922301018092482,,1,,89,"11-15周,11-14周,12-16周",0,"毛钊,谢思静","11-15周 周三 第1节-第2节 教301,12-16周 周五 第3节-第4节 教301,11-14周 周四 第3节-第4节 教301",2.0,医学院,否,理论+实践课程,"周三,周四,周五",2019-2020-2,,201922301018092482,2016医学院临床医学（5+3）,0,鼓楼校区,2019-2020学年 第2学期,92482,"教301,教301,教301",0.0,否,,5,24,,8,0,口腔医学,1,"第1节-第2节,第3节-第4节,第3节-第4节",教学楼,23010180
32.0,400230,核医学(20192-23010190-1),201922301019092483,,1,,101,"12-16周,11-15周,12-16周",0,"朱虹,柏冰","11-15周 周四 第1节-第2节 教208,12-16周 周五 第1节-第2节 教208,12-16周 周一 第1节-第2节 教208",2.0,医学院,否,理论+实践课程,"周一,周四,周五",2019-2020-2,,201922301019092483,"2016医学院临床医学（5+3）,2016医学院口腔医学（5+3）",0,鼓楼校区,2019-2020学年 第2学期,92483,"教208,教208,教208",0.0,否,,5,16,,16,0,核医学,1,"第1节-第2节,第1节-第2节,第1节-第2节",教学楼,23010190
40.0,400230,皮肤病和性病学(20192-23010210-1),201922301021092508,,1,,43,"7-9周,1-2周,1-8周,2周,6周,1-2周",0,"桑红,包军","6周 周五 第1节-第2节 教204,2周 周三 第5节-第6节 教204,1-2周 周五 第5节-第6节 教207,1-2周 周二 第5节-第6节 教207,7-9周 周一 第3节-第4节 教206,1-8周 周三 第3节-第4节 教207",2.5,医学院,否,理论+实践课程,"周一,周二,周三,周三,周五,周五",2019-2020-2,,201922301021092508,,0,鼓楼校区,2019-2020学年 第2学期,92508,"教206,教207,教207,教204,教204,教207",0.0,否,,5,24,,8,0,皮肤病和性病学,1,"第3节-第4节,第5节-第6节,第3节-第4节,第5节-第6节,第1节-第2节,第5节-第6节",教学楼,23010210
40.0,400230,眼科学(20192-23010240-1),201922301024092511,,1,,43,"7-9周,8周,1-8周",0,"胡凯,薛春燕","7-9周 周一 第1节-第2节 教216,8周 周四 第5节-第6节 教216,1-8周 周五 第3节-第4节 教216",2.5,医学院,否,理论+实践课程,"周一,周四,周五",2019-2020-2,,201922301024092511,,0,鼓楼校区,2019-2020学年 第2学期,92511,"教216,教216,教216",0.0,否,,5,32,,16,0,眼科学,1,"第1节-第2节,第5节-第6节,第3节-第4节",教学楼,23010240
32.0,400230,外科手术学(20192-23010290-1),201922301029092451,,1,,41,1-17周,0,"苏磊,范朝刚",1-17周 自由时间 - ,2.0,医学院,否,实践类课程,自由时间,2019-2020-2,,201922301029092451,2016医学院临床医学（八年制）,0,鼓楼校区,2019-2020学年 第2学期,92451,医院安排,0.0,否,,3,0,,32,0,外科手术学,,自由时间,,23010290
32.0,400230,外科手术学(20192-23010290-1),201922301029092485,,1,,46,1-17周,0,"苏磊,范朝刚",1-17周 自由时间 - ,2.0,医学院,否,实践类课程,自由时间,2019-2020-2,,201922301029092485,2016医学院临床医学（5+3）,0,鼓楼校区,2019-2020学年 第2学期,92485,医院安排,0.0,否,,3,0,,32,0,外科手术学,,自由时间,,23010290
48.0,400230,临床技能学(20192-23010300-1),201922301030092486,,1,,46,1-17周,0,"沈艳,石平",1-17周 自由时间 - ,3.0,医学院,否,实践类课程,自由时间,2019-2020-2,,201922301030092486,2016医学院临床医学（5+3）,0,鼓楼校区,2019-2020学年 第2学期,92486,医院安排,0.0,否,,3,0,,48,0,临床技能学,,自由时间,,23010300
48.0,400230,临床技能学(20192-23010300-1),201922301030092510,,1,,43,1-17周,0,"沈艳,石平",1-17周 自由时间 - ,3.0,医学院,否,实践类课程,自由时间,2019-2020-2,,201922301030092510,,0,鼓楼校区,2019-2020学年 第2学期,92510,医院安排,0.0,否,,3,0,,48,0,临床技能学,,自由时间,,23010300
64.0,400230,统计与循证医学(20192-23010310-1),201922301031091835,,1,,43,"1-17周,1-17周",0,"温艳婷,范怡梅","1-17周 周二 第1节-第2节 教101,1-17周 周二 第3节-第4节 ",4.0,医学院,否,理论+实验课程,"周二,周二",2019-2020-2,,201922301031091835,,0,鼓楼校区,2019-2020学年 第2学期,91835,"教101,计算中心三楼机房",32.0,否,,6,32,,0,0,统计与循证医学,1,"第1节-第2节,第3节-第4节",教学楼,23010310
64.0,400230,统计与循证医学(20192-23010310-2),201922301031093475,,1,,58,"1-16周,1-16周",0,"温艳婷,范怡梅","1-16周 周二 第1节-第2节 ,1-16周 周三 第3节-第4节 ",4.0,医学院,否,理论+实验课程,"周二,周三",2019-2020-2,,201922301031093475,"2016医学院临床医学（5+3）,2016医学院口腔医学（5+3）",0,鼓楼校区,2019-2020学年 第2学期,93475,"教101,计算中心三楼机房",32.0,否,,6,32,,0,0,统计与循证医学,,"第1节-第2节,第3节-第4节",,23010310
32.0,400230,重症医学(20192-23010380-1),201922301038092512,,1,,43,1-15周,0,顾勤,1-15周 周四 第9节-第10节 教206,2.0,医学院,否,理论+实践课程,周四,2019-2020-2,,201922301038092512,,0,鼓楼校区,2019-2020学年 第2学期,92512,教206,0.0,否,,5,24,,8,0,重症医学,1,第9节-第10节,教学楼,23010380
48.0,400230,外科出科考试(20192-23010410-1),201922301041092513,,1,,57,1-17周,0,,1-17周 自由时间 - ,3.0,医学院,否,实践类课程,自由时间,2019-2020-2,,201922301041092513,2015医学院临床医学（5+3）,0,鼓楼校区,2019-2020学年 第2学期,92513,医院安排,0.0,否,,3,0,,96,0,外科出科考试,,自由时间,,23010410
48.0,400230,内科出科考试(20192-23010420-1),201922301042092514,,1,,57,1-17周,0,,1-17周 自由时间 - ,3.0,医学院,否,实践类课程,自由时间,2019-2020-2,,201922301042092514,2015医学院临床医学（5+3）,0,鼓楼校区,2019-2020学年 第2学期,92514,医院安排,0.0,否,,3,0,,96,0,内科出科考试,,自由时间,,23010420
48.0,400230,儿科出科考试(20192-23010430-1),201922301043092517,,1,,57,1-17周,0,,1-17周 自由时间 - ,3.0,医学院,否,实践类课程,自由时间,2019-2020-2,,201922301043092517,2015医学院临床医学（5+3）,0,鼓楼校区,2019-2020学年 第2学期,92517,医院安排,0.0,否,,3,0,,96,0,儿科出科考试,,自由时间,,23010430
48.0,400230,妇产科出科考试(20192-23010440-1),201922301044092515,,1,,57,1-17周,0,,1-17周 自由时间 - ,3.0,医学院,否,实践类课程,自由时间,2019-2020-2,,201922301044092515,2015医学院临床医学（5+3）,0,鼓楼校区,2019-2020学年 第2学期,92515,医院安排,0.0,否,,3,0,,96,0,妇产科出科考试,,自由时间,,23010440
64.0,400230,毕业考试(20192-23010450-1),201922301045092516,,1,,57,1-17周,0,,1-17周 自由时间 - ,4.0,医学院,否,实践类课程,自由时间,2019-2020-2,,201922301045092516,2015医学院临床医学（5+3）,0,鼓楼校区,2019-2020学年 第2学期,92516,医院安排,0.0,否,,3,0,,128,0,毕业考试,,自由时间,,23010450
32.0,400230,口腔组织病理学（下）(20192-23020030B-1),2019223020030B92386,,1,,16,1-17周,0,黄晓峰,1-17周 自由时间 - ,2.0,医学院,否,理论+实践课程,自由时间,2019-2020-2,,2019223020030B92386,2017医学院口腔医学,0,鼓楼校区,2019-2020学年 第2学期,92386,自由地点,0.0,否,,5,16,,16,0,口腔组织病理学（下）,,自由时间,,23020030B
32.0,400230,口腔影像诊断学(20192-23020050-1),201922302005092488,,1,,12,1-17周,0,林梓桐,1-17周 自由时间 - ,2.0,医学院,否,理论+实践课程,自由时间,2019-2020-2,,201922302005092488,2016医学院口腔医学（5+3）,0,鼓楼校区,2019-2020学年 第2学期,92488,自由地点,0.0,否,,5,24,,8,0,口腔影像诊断学,,自由时间,,23020050
32.0,400230,口腔材料学(20192-23020060-1),201922302006092387,,1,,16,1-17周,0,孟翔峰,1-17周 自由时间 - ,2.0,医学院,否,理论+实践课程,自由时间,2019-2020-2,,201922302006092387,2017医学院口腔医学,0,鼓楼校区,2019-2020学年 第2学期,92387,自由地点,0.0,否,,5,20,,12,0,口腔材料学,,自由时间,,23020060
96.0,400230,口腔颌面外科学(20192-23020090B-1),2019223020090B92489,,1,,12,1-17周,0,王志勇,1-17周 自由时间 - ,6.0,医学院,否,理论+实践+实验课程,自由时间,2019-2020-2,,2019223020090B92489,2016医学院口腔医学（5+3）,0,鼓楼校区,2019-2020学年 第2学期,92489,自由地点,24.0,否,,7,36,,36,0,口腔颌面外科学,,自由时间,,23020090B
96.0,400230,口腔修复学（二）(20192-23020110B-1),2019223020110B92490,,1,,12,1-17周,0,孟翔峰,1-17周 自由时间 - ,6.0,医学院,否,理论+实践课程,自由时间,2019-2020-2,,2019223020110B92490,2016医学院口腔医学（5+3）,0,鼓楼校区,2019-2020学年 第2学期,92490,自由地点,0.0,否,,5,50,,46,0,口腔修复学（二）,,自由时间,,23020110B
32.0,400230,儿童口腔医学(20192-23020120-1),201922302012092492,,1,,12,1-17周,0,李姮,1-17周 自由时间 - ,2.0,医学院,否,理论+实践课程,自由时间,2019-2020-2,,201922302012092492,2016医学院口腔医学（5+3）,0,鼓楼校区,2019-2020学年 第2学期,92492,自由地点,0.0,否,,5,16,,16,0,儿童口腔医学,,自由时间,,23020120
48.0,400230,口腔正畸学(20192-23020130-1),201922302013092493,,1,,12,1-17周,0,李煌,1-17周 自由时间 - ,3.0,医学院,否,理论+实践课程,自由时间,2019-2020-2,,201922302013092493,2016医学院口腔医学（5+3）,0,鼓楼校区,2019-2020学年 第2学期,92493,自由地点,0.0,否,,5,32,,32,0,口腔正畸学,,自由时间,,23020130
48.0,400230,局部解剖学(20192-23020340-1),201922302034091822,,3,,45,"1-8周,1-8周",0,"董平,周宇琨,朱亚文","1-8周 周一 第2节-第4节 ,1-8周 周五 第5节-第8节 ",3.0,医学院,否,理论+实验课程,"周一,周五",2019-2020-2,,201922302034091822,2017医学院临床医学（八年制）,0,仙林校区,2019-2020学年 第2学期,91822,"基础医学教学中心118,基础医学教学中心109",32.0,否,,6,32,,0,0,局部解剖学,,"第2节-第4节,第5节-第8节",,23020340
64.0,400230,学年论文(20192-23020350-1),201922302035092452,,1,,1,,0,,,4.0,医学院,否,实践类课程,,2019-2020-2,,201922302035092452,,0,鼓楼校区,2019-2020学年 第2学期,92452,,0.0,否,,3,0,,64,0,学年论文,,,,23020350
64.0,400230,学年论文(20192-23020350-1),201922302035092494,,1,,0,,0,,,4.0,医学院,否,实践类课程,,2019-2020-2,,201922302035092494,,0,鼓楼校区,2019-2020学年 第2学期,92494,,0.0,否,,3,0,,64,0,学年论文,,,,23020350
80.0,400230,外科学(20192-23020370-1),201922302037092446,,1,,16,"1-15周,1-13周,1-2周",0,苏磊,"1-13周 周二 第1节-第2节 教204,1-15周 周一 第3节-第4节 教204,1-2周 周五 第1节-第2节 教204",5.0,医学院,否,理论+实践课程,"周一,周二,周五",2019-2020-2,,201922302037092446,2017医学院口腔医学,0,鼓楼校区,2019-2020学年 第2学期,92446,"教204,教204,教204",0.0,否,,5,54,,26,0,外科学,1,"第3节-第4节,第1节-第2节,第1节-第2节",教学楼,23020370
16.0,400230,耳鼻咽喉科学(20192-23020390-1),201922302039092496,,1,,12,1-17周,0,衡伟伟,1-17周 自由时间 - ,1.0,医学院,否,理论+实践课程,自由时间,2019-2020-2,,201922302039092496,2016医学院口腔医学（5+3）,0,鼓楼校区,2019-2020学年 第2学期,92496,自由地点,0.0,否,,5,8,,8,0,耳鼻咽喉科学,,自由时间,,23020390
32.0,400230,牙周病学(20192-23020420-1),201922302042092500,,1,,12,1-17周,0,刘玉,1-17周 自由时间 - ,2.0,医学院,否,理论+实践课程,自由时间,2019-2020-2,,201922302042092500,2016医学院口腔医学（5+3）,0,鼓楼校区,2019-2020学年 第2学期,92500,自由地点,0.0,否,,5,28,,20,0,牙周病学,,自由时间,,23020420
16.0,400230,口腔黏膜病学(20192-23020430-1),201922302043092501,,1,,12,1-17周,0,段宁,1-17周 自由时间 - ,1.0,医学院,否,理论+实践课程,自由时间,2019-2020-2,,201922302043092501,2016医学院口腔医学（5+3）,0,鼓楼校区,2019-2020学年 第2学期,92501,自由地点,0.0,否,,5,12,,4,0,口腔黏膜病学,,自由时间,,23020430
32.0,400230,口腔生物学(20192-23020440-1),201922302044092518,,1,,10,1-17周,0,苗雷英,1-17周 自由时间 - ,2.0,医学院,否,理论+实践课程,自由时间,2019-2020-2,,201922302044092518,2015医学院口腔医学（5+3）,0,鼓楼校区,2019-2020学年 第2学期,92518,自由地点,0.0,否,,5,16,,16,0,口腔生物学,,自由时间,,23020440
48.0,400230,口腔临床医学研究与设计(20192-23020450-1),201922302045092519,,1,,10,1-17周,0,李佳岭,1-17周 自由时间 - ,3.0,医学院,否,理论+实践课程,自由时间,2019-2020-2,,201922302045092519,2015医学院口腔医学（5+3）,0,鼓楼校区,2019-2020学年 第2学期,92519,自由地点,0.0,否,,5,24,,24,0,口腔临床医学研究与设计,,自由时间,,23020450
40.0,400230,牙体牙髓病学（下）(20192-23020470-1),201922302047092502,,1,,12,1-17周,0,杨卫东,1-17周 自由时间 - ,2.5,医学院,否,理论+实践课程,自由时间,2019-2020-2,,201922302047092502,2016医学院口腔医学（5+3）,0,鼓楼校区,2019-2020学年 第2学期,92502,自由地点,0.0,否,,5,26,,38,0,牙体牙髓病学（下）,,自由时间,,23020470
64.0,400230,毕业考试(20192-23020490-1),201922302049092520,,1,,10,1-17周,0,孙卫斌,1-17周 自由时间 - ,4.0,医学院,否,实践类课程,自由时间,2019-2020-2,,201922302049092520,2015医学院口腔医学（5+3）,0,鼓楼校区,2019-2020学年 第2学期,92520,自由地点,0.0,否,,3,0,,128,0,毕业考试,,自由时间,,23020490
32.0,400250,名师导学(20192-24000010-1),201922400001093171,,3,,0,,0,,,2.0,匡亚明学院,否,理论类课程,,2019-2020-2,,201922400001093171,,0,仙林校区,2019-2020学年 第2学期,93171,,0.0,否,,1,32,,0,0,名师导学,,,,24000010
128.0,400250,毕业论文(20192-24000040-1),201922400004093692,,3,,104,1-17周,0,,1-17周 自由时间 - 自由地点,8.0,匡亚明学院,否,实践类课程,自由时间,2019-2020-2,,201922400004093692,2016匡亚明学院理科强化班,0,仙林校区,2019-2020学年 第2学期,93692,自由地点,0.0,否,,3,0,,256,0,毕业论文,388,自由时间,虚拟区域（仙林）,24000040
48.0,400250,数学物理方法(20192-24000070-1),201922400007093114,,3,,94,"1-17周,1-17周",0,吴盛俊,"1-17周 周二 第1节-第2节 仙Ⅰ-524,1-17周 周四 第1节-第2节 仙Ⅰ-524",4.0,匡亚明学院,否,理论类课程,"周二,周四",2019-2020-2,,201922400007093114,2018匡亚明学院理科强化班,0,仙林校区,2019-2020学年 第2学期,93114,"仙Ⅰ-524,仙Ⅰ-524",0.0,否,,1,64,,0,0,数学物理方法,11,"第1节-第2节,第1节-第2节",仙I区,24000070
64.0,400120,大学物理（上）(20192-24020010A-1),2019224020010A91850,,3,,132,"1-17周,1-17周",0,熊翔,"1-17周 周一 第5节-第6节 仙Ⅰ-206,1-17周 周四 第9节-第11节 仙Ⅰ-206",4.0,物理学院,否,理论类课程,"周一,周四",2019-2020-2,,2019224020010A91850,2019*理科试验班（数理科学类）*数理科学类,0,仙林校区,2019-2020学年 第2学期,91850,"仙Ⅰ-206,仙Ⅰ-206",0.0,否,,1,80,,0,0,大学物理（上）,11,"第5节-第6节,第9节-第11节",仙I区,24020010A
64.0,400120,大学物理（上）(20192-24020010A-2),2019224020010A91851,,3,,125,"1-17周,1-17周",0,缪冰锋,"1-17周 周一 第5节-第6节 仙Ⅰ-319,1-17周 周四 第9节-第11节 仙Ⅰ-319",4.0,物理学院,否,理论类课程,"周一,周四",2019-2020-2,,2019224020010A91851,2019*理科试验班（数理科学类）*数理科学类,0,仙林校区,2019-2020学年 第2学期,91851,"仙Ⅰ-319,仙Ⅰ-319",0.0,否,,1,80,,0,0,大学物理（上）,11,"第5节-第6节,第9节-第11节",仙I区,24020010A
64.0,400250,大学物理（上）(20192-24020010A-3),2019224020010A93172,,3,,117,"1-17周,1-17周",0,许望,"1-17周 周三 第1节-第2节 仙Ⅰ-207,1-17周 周五 第5节-第7节 仙Ⅰ-207",4.0,匡亚明学院,否,理论类课程,"周三,周五",2019-2020-2,,2019224020010A93172,2019匡亚明学院理科强化班,0,仙林校区,2019-2020学年 第2学期,93172,"仙Ⅰ-207,仙Ⅰ-207",0.0,否,,1,80,,0,0,大学物理（上）,11,"第1节-第2节,第5节-第7节",仙I区,24020010A
64.0,400250,大学物理（上）(20192-24020010A-4),2019224020010A93173,,3,,72,"1-17周,1-17周",0,肖明文,"1-17周 周三 第1节-第2节 仙Ⅱ-306,1-17周 周五 第5节-第7节 仙Ⅱ-306",4.0,匡亚明学院,否,理论类课程,"周三,周五",2019-2020-2,,2019224020010A93173,,0,仙林校区,2019-2020学年 第2学期,93173,"仙Ⅱ-306,仙Ⅱ-306",0.0,否,,1,80,,0,0,大学物理（上）,12,"第1节-第2节,第5节-第7节",仙II区,24020010A
64.0,400250,大学物理（上）(20192-24020010A-5),2019224020010A93174,,3,,125,"1-17周,1-17周",0,王骏,"1-17周 周二 第1节-第2节 仙Ⅰ-108,1-17周 周五 第5节-第7节 仙Ⅰ-108",4.0,匡亚明学院,否,理论类课程,"周二,周五",2019-2020-2,,2019224020010A93174,2019人工智能学院人工智能,0,仙林校区,2019-2020学年 第2学期,93174,"仙Ⅰ-108,仙Ⅰ-108",0.0,否,,1,80,,0,0,大学物理（上）,11,"第1节-第2节,第5节-第7节",仙I区,24020010A
32.0,400250,系统生物学导论(20192-24020080-1),201922402008093176,,3,,15,2-17周,0,张小鹏,2-17周 周一 第9节-第10节 ,2.0,匡亚明学院,否,理论类课程,周一,2019-2020-2,,201922402008093176,"2017匡亚明学院理科强化班,2018匡亚明学院理科强化班",0,仙林校区,2019-2020学年 第2学期,93176,潘琦楼C-103,0.0,否,,1,32,,0,0,系统生物学导论,,第9节-第10节,,24020080
32.0,400250,Interdisciplinary Topics in Biology(20192-24020100-1),201922402010093115,,3,,0,,0,,,2.0,匡亚明学院,否,理论类课程,,2019-2020-2,,201922402010093115,,0,仙林校区,2019-2020学年 第2学期,93115,,0.0,否,,1,32,,0,0,Interdisciplinary Topics in Biology,,,,24020100
48.0,400250,量子信息原理与应用(20192-24020130I-1),2019224020130I93431,,3,,35,2-17周,0,吴盛俊,2-17周 周二 第9节-第11节 ,3.0,匡亚明学院,否,理论类课程,周二,2019-2020-2,,2019224020130I93431,"2017匡亚明学院理科强化班,2018匡亚明学院理科强化班",0,仙林校区,2019-2020学年 第2学期,93431,潘琦楼C401,0.0,否,,1,48,,0,0,量子信息原理与应用,,第9节-第11节,,24020130I
48.0,400250,复杂体系分子模拟导论(20192-24020140I-1),2019224020140I93175,,3,,0,,0,,,3.0,匡亚明学院,否,理论+实验课程,,2019-2020-2,,2019224020140I93175,,0,仙林校区,2019-2020学年 第2学期,93175,,32.0,否,,6,16,,0,0,复杂体系分子模拟导论,,,,24020140I
32.0,400250,脑科学相关医学影像学(20192-24020180-1),201922402018093536,,3,,20,1-17周,0,张冰,1-17周 周二 第7节-第8节 ,2.0,匡亚明学院,否,理论+实验课程,周二,2019-2020-2,,201922402018093536,2018匡亚明学院理科强化班,0,仙林校区,2019-2020学年 第2学期,93536,潘琦楼C-103,16.0,否,,6,16,,0,0,脑科学相关医学影像学,,第7节-第8节,,24020180
48.0,400270,数据科学基础(20192-25000070-1),201922500007091485,,3,,142,"1-17周,1-17周(单)",0,"陈振宇,何铁科","1-17周 周二 第5节-第6节 仙Ⅱ-305,1-17周(单) 周四 第7节-第8节 仙Ⅱ-305",3.0,软件学院,否,理论类课程,"周二,周四",2019-2020-2,,201922500007091485,2018软件学院软件工程,0,仙林校区,2019-2020学年 第2学期,91485,"仙Ⅱ-305,仙Ⅱ-305",0.0,否,,1,48,,0,0,数据科学基础,12,"第5节-第6节,第7节-第8节",仙II区,25000070
48.0,400270,数据科学基础(20192-25000070-2),201922500007091486,,3,,125,"1-17周,1-17周(单)",0,"何铁科,陈振宇","1-17周(单) 周四 第5节-第6节 仙Ⅱ-305,1-17周 周二 第7节-第8节 仙Ⅱ-305",3.0,软件学院,否,理论类课程,"周二,周四",2019-2020-2,,201922500007091486,2018软件学院软件工程,0,仙林校区,2019-2020学年 第2学期,91486,"仙Ⅱ-305,仙Ⅱ-305",0.0,否,,1,48,,0,0,数据科学基础,12,"第7节-第8节,第5节-第6节",仙II区,25000070
48.0,400270,需求与商业模式创新(20192-25000090-1),201922500009091427,,1,,117,"1-17周,1-17周(单)",0,匡宏宇,"1-17周 周一 第1节-第2节 教101,1-17周(单) 周四 第3节-第4节 教101",3.0,软件学院,否,理论+实验课程,"周一,周四",2019-2020-2,,201922500009091427,2017软件学院软件工程,0,鼓楼校区,2019-2020学年 第2学期,91427,"教101,教101",32.0,否,,6,48,,0,0,需求与商业模式创新,1,"第1节-第2节,第3节-第4节",教学楼,25000090
48.0,400270,需求与商业模式创新(20192-25000090-2),201922500009091428,,1,,111,"1-17周,1-17周(单)",0,匡宏宇,"1-17周(单) 周四 第1节-第2节 教101,1-17周 周一 第3节-第4节 教101",3.0,软件学院,否,理论+实验课程,"周一,周四",2019-2020-2,,201922500009091428,2017软件学院软件工程,0,鼓楼校区,2019-2020学年 第2学期,91428,"教101,教101",32.0,否,,6,48,,0,0,需求与商业模式创新,1,"第3节-第4节,第1节-第2节",教学楼,25000090
48.0,400270,C++高级程序设计(20192-25000250-1),201922500025093737,,3,,122,"1-17周,1-17周(单)",0,"潘敏学,郑滔","1-17周(单) 周五 第3节-第4节 仙Ⅰ-320,1-17周 周三 第5节-第6节 仙Ⅰ-107",3.0,软件学院,否,理论+实验课程,"周三,周五",2019-2020-2,,201922500025093737,2018软件学院软件工程,0,仙林校区,2019-2020学年 第2学期,93737,"仙Ⅰ-107,仙Ⅰ-320",32.0,否,,6,48,,0,0,C++高级程序设计,11,"第5节-第6节,第3节-第4节",仙I区,25000250
48.0,400270,C++高级程序设计(20192-25000250-2),201922500025093738,,3,,121,"1-17周,1-17周(单)",0,"潘敏学,郑滔","1-17周 周三 第3节-第4节 仙Ⅰ-107,1-17周(单) 周五 第5节-第6节 仙Ⅰ-320",3.0,软件学院,否,理论+实验课程,"周三,周五",2019-2020-2,,201922500025093738,2018软件学院软件工程,0,仙林校区,2019-2020学年 第2学期,93738,"仙Ⅰ-107,仙Ⅰ-320",32.0,否,,6,48,,0,0,C++高级程序设计,11,"第3节-第4节,第5节-第6节",仙I区,25000250
128.0,400270,毕业设计(20192-25000300-1),201922500030091437,,1,,228,1-17周,0,,1-17周 周一 第12节-第12节 ,8.0,软件学院,否,,周一,2019-2020-2,,201922500030091437,2016软件学院软件工程,0,鼓楼校区,2019-2020学年 第2学期,91437,自由地点,,否,,,,,,0,毕业设计,,第12节-第12节,,25000300
48.0,400270,软件工程与计算Ⅲ(20192-25000380-1),201922500038091684,,1,,243,"1-3周(单),8周",0,"匡宏宇,房春荣,刘嘉","1-3周(单),8周 周三 第1节-第2节 教120",3.0,软件学院,否,理论+实验课程,周三,2019-2020-2,,201922500038091684,2017软件学院软件工程,0,鼓楼校区,2019-2020学年 第2学期,91684,教120,48.0,否,,6,0,,0,0,软件工程与计算Ⅲ,1,第1节-第2节,教学楼,25000380
48.0,400270,离散数学(20192-25000400-1),201922500040091389,,3,,111,1-17周,0,赵建华,1-17周 周四 第2节-第4节 逸B-104,3.0,软件学院,否,理论类课程,周四,2019-2020-2,,201922500040091389,2019软件学院软件工程,0,仙林校区,2019-2020学年 第2学期,91389,逸B-104,0.0,否,,1,48,,0,0,离散数学,16,第2节-第4节,逸夫楼B区,25000400
48.0,400270,离散数学(20192-25000400-2),201922500040091390,,3,,120,1-17周,0,姚远,1-17周 周四 第2节-第4节 逸B-313,3.0,软件学院,否,理论类课程,周四,2019-2020-2,,201922500040091390,2019软件学院软件工程,0,仙林校区,2019-2020学年 第2学期,91390,逸B-313,0.0,否,,1,48,,0,0,离散数学,16,第2节-第4节,逸夫楼B区,25000400
64.0,400270,软件工程与计算I(20192-25000430-1),201922500043091391,,3,,120,"1-17周,1-17周(单)",0,"邵栋,刘钦","1-17周(单) 周五 第5节-第6节 仙Ⅱ-303,1-17周 周二 第7节-第8节 仙Ⅱ-304",4.0,软件学院,否,理论+实验课程,"周二,周五",2019-2020-2,,201922500043091391,2019软件学院软件工程,0,仙林校区,2019-2020学年 第2学期,91391,"仙Ⅱ-304,仙Ⅱ-303",48.0,否,,6,48,,0,0,软件工程与计算I,12,"第7节-第8节,第5节-第6节",仙II区,25000430
64.0,400270,软件工程与计算I(20192-25000430-2),201922500043091392,,3,,124,"1-17周,1-17周(单)",0,"邵栋,刘钦","1-17周 周二 第5节-第6节 仙Ⅱ-304,1-17周(单) 周五 第7节-第8节 仙Ⅱ-303",4.0,软件学院,否,理论+实验课程,"周二,周五",2019-2020-2,,201922500043091392,2019软件学院软件工程,0,仙林校区,2019-2020学年 第2学期,91392,"仙Ⅱ-304,仙Ⅱ-303",48.0,否,,6,48,,0,0,软件工程与计算I,12,"第5节-第6节,第7节-第8节",仙II区,25000430
64.0,400270,软件工程与计算II(20192-25000440-1),201922500044091489,,3,,118,"1-17周,1-17周",0,"房春荣,刘钦","1-17周 周一 第3节-第4节 逸B-105,1-17周 周四 第5节-第6节 逸B-105",4.0,软件学院,否,理论+实验课程,"周一,周四",2019-2020-2,,201922500044091489,2018软件学院软件工程,0,仙林校区,2019-2020学年 第2学期,91489,"逸B-105,逸B-105",48.0,否,,6,64,,0,0,软件工程与计算II,16,"第3节-第4节,第5节-第6节",逸夫楼B区,25000440
64.0,400270,软件工程与计算II(20192-25000440-2),201922500044091490,,3,,115,"1-17周,1-17周",0,"房春荣,刘钦","1-17周 周四 第3节-第4节 逸B-101,1-17周 周一 第5节-第6节 逸B-105",4.0,软件学院,否,理论+实验课程,"周一,周四",2019-2020-2,,201922500044091490,2018软件学院软件工程,0,仙林校区,2019-2020学年 第2学期,91490,"逸B-105,逸B-101",48.0,否,,6,64,,0,0,软件工程与计算II,16,"第5节-第6节,第3节-第4节",逸夫楼B区,25000440
64.0,400270,互联网计算(20192-25000450-1),201922500045091487,,3,,117,"1-17周,2-16周(双),1-17周",0,刘峰,"2-16周(双) 周三 第3节-第4节 仙Ⅱ-503,1-17周 周一 第7节-第8节 ,1-17周 周一 第5节-第6节 仙Ⅱ-503",4.0,软件学院,否,理论+实验课程,"周一,周三,周一",2019-2020-2,,201922500045091487,2018软件学院软件工程,0,仙林校区,2019-2020学年 第2学期,91487,"仙Ⅱ-503,仙Ⅱ-503,基础实验楼丙区513",16.0,否,,6,48,,0,0,互联网计算,12,"第5节-第6节,第3节-第4节,第7节-第8节",仙II区,25000450
64.0,400270,互联网计算(20192-25000450-2),201922500045091488,,3,,116,"1-17周,2-16周(双),1-17周",0,刘峰,"1-17周 周一 第3节-第4节 仙Ⅱ-503,1-17周 周一 第9节-第10节 ,2-16周(双) 周三 第5节-第6节 仙Ⅱ-503",4.0,软件学院,否,理论+实验课程,"周一,周三,周一",2019-2020-2,,201922500045091488,2018软件学院软件工程,0,仙林校区,2019-2020学年 第2学期,91488,"仙Ⅱ-503,仙Ⅱ-503,基础实验楼丙区513",16.0,否,,6,48,,0,0,互联网计算,12,"第3节-第4节,第5节-第6节,第9节-第10节",仙II区,25000450
64.0,400270,数据管理基础(20192-25000460-1),201922500046091483,,3,,116,"2-16周(双),1-17周,1-17周",0,伏晓,"1-17周 周五 第5节-第6节 逸B-105,1-17周 周五 第10节-第11节 ,2-16周(双) 周二 第7节-第8节 逸B-105",4.0,软件学院,否,理论+实验课程,"周二,周五,周五",2019-2020-2,,201922500046091483,2018软件学院软件工程,0,仙林校区,2019-2020学年 第2学期,91483,"逸B-105,逸B-105,基础实验楼乙区503",32.0,否,,6,48,,0,0,数据管理基础,16,"第7节-第8节,第5节-第6节,第10节-第11节",逸夫楼B区,25000460
64.0,400270,数据管理基础(20192-25000460-2),201922500046091484,,3,,116,"2-16周(双),1-17周,1-17周",0,伏晓,"2-16周(双) 周二 第5节-第6节 逸B-105,1-17周 周二 第10节-第11节 ,1-17周 周五 第7节-第8节 逸B-105",4.0,软件学院,否,理论+实验课程,"周二,周五,周二",2019-2020-2,,201922500046091484,2018软件学院软件工程,0,仙林校区,2019-2020学年 第2学期,91484,"逸B-105,逸B-105,基础实验楼乙区503",32.0,否,,6,48,,0,0,数据管理基础,16,"第5节-第6节,第7节-第8节,第10节-第11节",逸夫楼B区,25000460
32.0,400270,DevOps(20192-25010890-1),201922501089091828,,1,,121,"10-17周,10-17周",0,荣国平,"10-17周 周二 第3节-第4节 教120,10-17周 周五 第5节-第6节 教120",2.0,软件学院,否,理论类课程,"周二,周五",2019-2020-2,,201922501089091828,2017软件学院软件工程,0,鼓楼校区,2019-2020学年 第2学期,91828,"教120,教120",0.0,否,,1,32,,0,0,DevOps,1,"第3节-第4节,第5节-第6节",教学楼,25010890
32.0,400270,机器学习(20192-25010900-1),201922501090091432,,1,,143,"1-9周,1-9周",0,高阳,"1-9周 周二 第7节-第8节 教222,1-9周 周四 第7节-第8节 教222",2.0,软件学院,否,理论类课程,"周二,周四",2019-2020-2,,201922501090091432,2017软件学院软件工程,0,鼓楼校区,2019-2020学年 第2学期,91432,"教222,教222",0.0,否,,1,32,,0,0,机器学习,1,"第7节-第8节,第7节-第8节",教学楼,25010900
32.0,400270,经验软件工程(20192-25010960-1),201922501096091435,,1,,90,"10-17周,10-17周",0,张贺,"10-17周 周二 第5节-第6节 教120,10-17周 周四 第7节-第8节 教120",2.0,软件学院,否,理论类课程,"周二,周四",2019-2020-2,,201922501096091435,2017软件学院软件工程,0,鼓楼校区,2019-2020学年 第2学期,91435,"教120,教120",0.0,否,,1,32,,0,0,经验软件工程,1,"第5节-第6节,第7节-第8节",教学楼,25010960
32.0,400270,服务端开发(20192-25011000-1),201922501100091498,,1,,196,"2-9周,2-9周",0,匡宏宇,"2-9周 周一 第10节-第11节 教222,2-9周 周四 第10节-第11节 教222",2.0,软件学院,否,理论+实验课程,"周一,周四",2019-2020-2,,201922501100091498,2017软件学院软件工程,0,鼓楼校区,2019-2020学年 第2学期,91498,"教222,教222",8.0,否,,6,32,,0,0,服务端开发,1,"第10节-第11节,第10节-第11节",教学楼,25011000
32.0,400270,数据库开发(20192-25011020-1),201922501102091593,,1,,191,"1-9周,1-9周",0,刘嘉,"1-9周 周五 第1节-第2节 教222,1-9周 周三 第3节-第4节 教222",2.0,软件学院,否,理论类课程,"周三,周五",2019-2020-2,,201922501102091593,2017软件学院软件工程,0,鼓楼校区,2019-2020学年 第2学期,91593,"教222,教222",0.0,否,,1,32,,0,0,数据库开发,1,"第3节-第4节,第1节-第2节",教学楼,25011020
32.0,400270,电子商务(20192-25011050-1),201922501105091429,,1,,172,"1-9周,1-9周",0,王金庆,"1-9周 周二 第1节-第2节 教222,1-9周 周四 第5节-第6节 教222",2.0,软件学院,否,理论类课程,"周二,周四",2019-2020-2,,201922501105091429,2017软件学院软件工程,0,鼓楼校区,2019-2020学年 第2学期,91429,"教222,教222",0.0,否,,1,32,,0,0,电子商务,1,"第1节-第2节,第5节-第6节",教学楼,25011050
32.0,400270,Linux程序设计(20192-25011090-1),201922501109091431,,1,,209,"2-9周,2-9周",0,汤恩义,"2-9周 周二 第3节-第4节 教120,2-9周 周五 第5节-第6节 教120",2.0,软件学院,否,理论类课程,"周二,周五",2019-2020-2,,201922501109091431,2017软件学院软件工程,0,鼓楼校区,2019-2020学年 第2学期,91431,"教120,教120",0.0,否,,1,32,,0,0,Linux程序设计,1,"第3节-第4节,第5节-第6节",教学楼,25011090
32.0,400270,面向服务的软件工程(20192-25011130-1),201922501113091430,,1,,163,"1-9周,1-9周",0,贝佳,"1-9周 周五 第3节-第4节 教120,1-9周 周二 第5节-第6节 教120",2.0,软件学院,否,理论类课程,"周二,周五",2019-2020-2,,201922501113091430,2017软件学院软件工程,0,鼓楼校区,2019-2020学年 第2学期,91430,"教120,教120",0.0,否,,1,32,,0,0,面向服务的软件工程,1,"第5节-第6节,第3节-第4节",教学楼,25011130
32.0,400270,计算机视觉(20192-25011140-1),201922501114091433,,1,,74,"10-17周,10-17周",0,任桐炜,"10-17周 周三 第3节-第4节 教222,10-17周 周一 第5节-第6节 教222",2.0,软件学院,否,理论类课程,"周一,周三",2019-2020-2,,201922501114091433,2017软件学院软件工程,0,鼓楼校区,2019-2020学年 第2学期,91433,"教222,教222",0.0,否,,1,32,,0,0,计算机视觉,1,"第5节-第6节,第3节-第4节",教学楼,25011140
32.0,400270,服务计算与SOA开发(20192-25011150-1),201922501115091436,,1,,95,"10-17周,10-17周",0,贝佳,"10-17周 周五 第3节-第4节 教120,10-17周 周三 第5节-第6节 教120",2.0,软件学院,否,理论类课程,"周三,周五",2019-2020-2,,201922501115091436,2017软件学院软件工程,0,鼓楼校区,2019-2020学年 第2学期,91436,"教120,教120",0.0,否,,1,32,,0,0,服务计算与SOA开发,1,"第5节-第6节,第3节-第4节",教学楼,25011150
32.0,400240,金工实习(20192-27000040-1),201922700004093826,,3,,35,1-17周,0,"李民,辛博",1-17周 自由时间 - 自由地点,2.0,工程管理学院,否,实践类课程,自由时间,2019-2020-2,,201922700004093826,2018工程管理学院自动化,0,仙林校区,2019-2020学年 第2学期,93826,自由地点,0.0,否,,3,0,,64,0,金工实习,388,自由时间,虚拟区域（仙林）,27000040
48.0,400240,数据结构与算法设计(20192-27000190-1),201922700019093199,,3,,25,"1-17周,1-17周",0,杨佩,"1-17周 周五 第1节-第2节 仙Ⅱ-102,1-17周 周五 第3节-第4节 ",3.0,工程管理学院,否,理论+实验课程,"周五,周五",2019-2020-2,,201922700019093199,2018工程管理学院自动化,0,仙林校区,2019-2020学年 第2学期,93199,"仙Ⅱ-102,实验楼乙406",32.0,否,,6,32,,0,0,数据结构与算法设计,12,"第1节-第2节,第3节-第4节",仙II区,27000190
32.0,400240,数值分析与计算软件(20192-27000220-1),201922700022093205,,3,,115,1-17周,0,刘帆,1-17周 周一 第3节-第4节 逸B-205,2.0,工程管理学院,否,理论+实践课程,周一,2019-2020-2,,201922700022093205,"2018计算机学院计算机（计算机与金融工程方向）,2018工程管理学院金融工程,2018工程管理学院工业工程,2018工程管理学院自动化",0,仙林校区,2019-2020学年 第2学期,93205,逸B-205,0.0,否,,5,28,,4,0,数值分析与计算软件,16,第3节-第4节,逸夫楼B区,27000220
16.0,400240,数据挖掘综合实践(20192-27000240-1),201922700024093204,,3,,39,1-17周,0,"刘帆,胡骞,陈彩华,张莲民,罗志兴",1-17周 周一 第9节-第10节 ,1.0,工程管理学院,否,实践类课程,周一,2019-2020-2,,201922700024093204,"2017工程管理学院自动化,2017工程管理学院金融工程,2017工程管理学院工业工程",0,仙林校区,2019-2020学年 第2学期,93204,自由地点,0.0,否,,3,0,,32,0,数据挖掘综合实践,,第9节-第10节,,27000240
48.0,400240,经济学原理(20192-27010010-1),201922701001092743,,3,,156,1-17周,0,"刘烨,赵雪舟",1-17周 周一 第9节-第11节 仙Ⅰ-206,3.0,工程管理学院,否,理论类课程,周一,2019-2020-2,,201922701001092743,2019*工科试验班*工科试验班,0,仙林校区,2019-2020学年 第2学期,92743,仙Ⅰ-206,0.0,否,,1,48,,0,0,经济学原理,11,第9节-第11节,仙I区,27010010
32.0,400240,管理学(20192-27010020-1),201922701002092744,,3,,105,1-17周,0,朱华桂,1-17周 周五 第9节-第10节 仙Ⅰ-206,2.0,工程管理学院,否,理论类课程,周五,2019-2020-2,,201922701002092744,2019*工科试验班*工科试验班,0,仙林校区,2019-2020学年 第2学期,92744,仙Ⅰ-206,0.0,否,,1,32,,0,0,管理学,11,第9节-第10节,仙I区,27010020
32.0,400240,高级运筹学(20192-27010100-1),201922701010093208,,3,,45,1-17周,0,"胡骞,周晶",1-17周 周四 第5节-第7节 仙Ⅰ-524,3.0,工程管理学院,否,理论类课程,周四,2019-2020-2,,201922701010093208,"2018工程管理学院自动化,2018工程管理学院金融工程,2018工程管理学院工业工程",0,仙林校区,2019-2020学年 第2学期,93208,仙Ⅰ-524,0.0,否,,1,48,,0,0,高级运筹学,11,第5节-第7节,仙I区,27010100
48.0,400240,金融风险管理(20192-27010120-1),201922701012093231,,3,,61,1-17周,0,刘烨,1-17周 周四 第5节-第7节 仙Ⅱ-112,3.0,工程管理学院,否,理论+实践课程,周四,2019-2020-2,,201922701012093231,"2017工程管理学院金融工程,2017工程管理学院金融工程（计算机与金融工程方向）",0,仙林校区,2019-2020学年 第2学期,93231,仙Ⅱ-112,0.0,否,,5,32,,16,0,金融风险管理,12,第5节-第7节,仙II区,27010120
48.0,400240,金融工程学(20192-27010280-1),201922701028093237,,3,,61,2-17周,0,朱洪亮,2-17周 周一 第2节-第4节 仙Ⅱ-110,3.0,工程管理学院,否,理论类课程,周一,2019-2020-2,,201922701028093237,"2017工程管理学院金融工程,2017工程管理学院金融工程（计算机与金融工程方向）",0,仙林校区,2019-2020学年 第2学期,93237,仙Ⅱ-110,0.0,否,,1,48,,0,0,金融工程学,12,第2节-第4节,仙II区,27010280
32.0,400240,自动化导论(20192-27020010-1),201922702001092745,,3,,104,1-17周,0,"陈春林,王志",1-17周 周二 第9节-第10节 逸A-117,2.0,工程管理学院,否,理论类课程,周二,2019-2020-2,,201922702001092745,2019*工科试验班*工科试验班,0,仙林校区,2019-2020学年 第2学期,92745,逸A-117,0.0,否,,1,32,,0,0,自动化导论,15,第9节-第10节,逸夫楼A区,27020010
48.0,400240,模拟电路(20192-27020040-1),201922702004093196,,3,,34,"1-17周,1-17周",0,徐伟弘,"1-17周 周三 第2节-第4节 仙Ⅱ-102,1-17周 周三 第5节-第6节 ",4.0,工程管理学院,否,理论+实践课程,"周三,周三",2019-2020-2,,201922702004093196,2018工程管理学院自动化,0,仙林校区,2019-2020学年 第2学期,93196,"仙Ⅱ-102,实验楼乙433",32.0,否,,5,48,,0,0,模拟电路,12,"第2节-第4节,第5节-第6节",仙II区,27020040
48.0,400240,信号与系统(20192-27020070-1),201922702007093185,,3,,45,1-17周,0,赵佳宝,1-17周 周三 第9节-第11节 仙Ⅱ-102,3.0,工程管理学院,否,理论类课程,周三,2019-2020-2,,201922702007093185,"2018现代工程与应用科学学院光电信息科学与工程,2018工程管理学院自动化",0,仙林校区,2019-2020学年 第2学期,93185,仙Ⅱ-102,0.0,否,,1,48,,0,0,信号与系统,12,第9节-第11节,仙II区,27020070
32.0,400240,供应链管理(20192-27030080-1),201922703008093207,,3,,17,1-17周,0,徐峰,1-17周 周二 第5节-第6节 仙Ⅱ-110,2.0,工程管理学院,否,理论类课程,周二,2019-2020-2,,201922703008093207,2017工程管理学院工业工程,0,仙林校区,2019-2020学年 第2学期,93207,仙Ⅱ-110,0.0,否,,1,32,,0,0,供应链管理,12,第5节-第6节,仙II区,27030080
48.0,400240,系统建模与仿真(20192-27030090-1),201922703009093202,,3,,75,1-17周,0,"瞿慧,陈虹桥",1-17周 周五 第2节-第4节 仙Ⅱ-112,3.0,工程管理学院,否,理论+实践课程,周五,2019-2020-2,,201922703009093202,"2017工程管理学院工业工程,2017工程管理学院金融工程",0,仙林校区,2019-2020学年 第2学期,93202,仙Ⅱ-112,0.0,否,,5,45,,3,0,系统建模与仿真,12,第2节-第4节,仙II区,27030090
128.0,400240,毕业论文(20192-27030210-1),201922703021093240,,1,,30,1-17周,0,徐薇,1-17周 自由时间 - ,8.0,工程管理学院,否,实践类课程,自由时间,2019-2020-2,,201922703021093240,2016工程管理学院工业工程,0,鼓楼校区,2019-2020学年 第2学期,93240,自由地点,0.0,否,,3,0,,256,0,毕业论文,,自由时间,,27030210
16.0,400240,基础工业工程实验(20192-27030250T-1),2019227030250T93747,,3,,1,"9-13周,15-17周",0,"李民,刘慧敏","9-13周,15-17周 自由时间 - ",1.0,工程管理学院,否,实验类课程,自由时间,2019-2020-2,,2019227030250T93747,2016工程管理学院工业工程,0,仙林校区,2019-2020学年 第2学期,93747,无,32.0,否,,2,0,,0,0,基础工业工程实验,,自由时间,,27030250T
48.0,400240,应用统计与R语言(20192-27030260-1),201922703026093211,,3,,144,1-17周,0,陈彩华,1-17周 周四 第2节-第4节 仙Ⅰ-109,3.0,工程管理学院,否,理论类课程,周四,2019-2020-2,,201922703026093211,"2018计算机学院计算机（计算机与金融工程方向）,2018工程管理学院金融工程,2018工程管理学院工业工程,2018工程管理学院自动化",0,仙林校区,2019-2020学年 第2学期,93211,仙Ⅰ-109,0.0,否,,1,48,,0,0,应用统计与R语言,11,第2节-第4节,仙I区,27030260
32.0,400240,物流管理(20192-27030270-1),201922703027093217,,3,,35,1-17周,0,陈国华,1-17周 周一 第5节-第6节 仙Ⅱ-101,2.0,工程管理学院,否,理论类课程,周一,2019-2020-2,,201922703027093217,2018工程管理学院工业工程,0,仙林校区,2019-2020学年 第2学期,93217,仙Ⅱ-101,0.0,否,,1,32,,0,0,物流管理,12,第5节-第6节,仙II区,27030270
32.0,400240,大数据技术及应用(20192-27030280-1),201922703028093209,,3,,55,1-17周,0,徐峰,1-17周 周二 第7节-第8节 仙Ⅱ-406,2.0,工程管理学院,否,理论+实践课程,周二,2019-2020-2,,201922703028093209,"2017工程管理学院自动化,2017工程管理学院金融工程,2017工程管理学院工业工程",0,仙林校区,2019-2020学年 第2学期,93209,仙Ⅱ-406,0.0,否,,5,28,,4,0,大数据技术及应用,12,第7节-第8节,仙II区,27030280
48.0,400240,制造与服务系统分析(20192-27030290-1),201922703029093220,,3,,32,1-17周,0,沈厚才,1-17周 周二 第5节-第7节 仙Ⅱ-102,3.0,工程管理学院,否,理论类课程,周二,2019-2020-2,,201922703029093220,2018工程管理学院工业工程,0,仙林校区,2019-2020学年 第2学期,93220,仙Ⅱ-102,0.0,否,,1,48,,0,0,制造与服务系统分析,12,第5节-第7节,仙II区,27030290
32.0,400240,营销管理(20192-27030320-1),201922703032093214,,3,,36,1-17周,0,徐红利,1-17周 周五 第3节-第4节 仙Ⅱ-110,2.0,工程管理学院,否,理论类课程,周五,2019-2020-2,,201922703032093214,"2018工程管理学院工业工程,2018工程管理学院金融工程",0,仙林校区,2019-2020学年 第2学期,93214,仙Ⅱ-110,0.0,否,,1,32,,0,0,营销管理,12,第3节-第4节,仙II区,27030320
16.0,400240,制造与服务系统仿真实验(20192-27030340T-1),2019227030340T93200,,3,,7,1-17周,0,李民,1-17周 周一 第5节-第6节 ,1.0,工程管理学院,否,实验类课程,周一,2019-2020-2,,2019227030340T93200,2017工程管理学院工业工程,0,仙林校区,2019-2020学年 第2学期,93200,实验楼乙406,32.0,否,,2,0,,0,0,制造与服务系统仿真实验,,第5节-第6节,,27030340T
32.0,400240,智能制造与工业软件(20192-27030350-1),201922703035093216,,3,,14,1-17周,0,周运森,1-17周 周四 第5节-第6节 仙Ⅱ-111,2.0,工程管理学院,否,理论+实践课程,周四,2019-2020-2,,201922703035093216,"2017工程管理学院自动化,2017工程管理学院工业工程",0,仙林校区,2019-2020学年 第2学期,93216,仙Ⅱ-111,0.0,否,,5,30,,2,0,智能制造与工业软件,12,第5节-第6节,仙II区,27030350
16.0,400240,工业工程综合设计(20192-27030360-1),201922703036093203,,3,,2,1-17周,0,沈厚才,1-17周 周四 第3节-第4节 ,1.0,工程管理学院,否,实践类课程,周四,2019-2020-2,,201922703036093203,2017工程管理学院工业工程,0,仙林校区,2019-2020学年 第2学期,93203,自由地点,0.0,否,,3,0,,32,0,工业工程综合设计,,第3节-第4节,,27030360
32.0,400240,认知科学导论(20192-27030380-1),201922703038093210,,3,,0,,0,,,2.0,工程管理学院,否,理论类课程,,2019-2020-2,,201922703038093210,,0,仙林校区,2019-2020学年 第2学期,93210,,0.0,否,,1,32,,0,0,认知科学导论,,,,27030380
48.0,400240,固定收益证券(20192-27040010-1),201922704001093227,,3,,114,1-17周,0,李昊骅,1-17周 周五 第5节-第7节 仙Ⅱ-403,3.0,工程管理学院,否,理论+实践课程,周五,2019-2020-2,,201922704001093227,"2017工程管理学院金融工程,2018工程管理学院金融工程,2017工程管理学院金融工程（计算机与金融工程方向）",0,仙林校区,2019-2020学年 第2学期,93227,仙Ⅱ-403,0.0,否,,5,42,,6,0,固定收益证券,12,第5节-第7节,仙II区,27040010
48.0,400240,金融计量学(20192-27040020-1),201922704002093222,,3,,71,"1-6周,7-17周",0,方立兵,"1-6周 周三 第2节-第4节 仙Ⅱ-103,7-17周 周三 第2节-第4节 ",3.0,工程管理学院,否,理论+实践课程,"周三,周三",2019-2020-2,,201922704002093222,"2017工程管理学院金融工程,2017工程管理学院金融工程（计算机与金融工程方向）",0,仙林校区,2019-2020学年 第2学期,93222,"仙Ⅱ-103,实验楼乙406",0.0,否,,5,38,,10,0,金融计量学,12,"第2节-第4节,第2节-第4节",仙II区,27040020
32.0,400240,金融经济学(20192-27040040-1),201922704004093224,,3,,76,2-17周,0,朱洪亮,2-17周 周一 第7节-第8节 仙Ⅰ-202,2.0,工程管理学院,否,理论类课程,周一,2019-2020-2,,201922704004093224,"2018计算机学院计算机（计算机与金融工程方向）,2018工程管理学院金融工程",0,仙林校区,2019-2020学年 第2学期,93224,仙Ⅰ-202,0.0,否,,1,32,,0,0,金融经济学,11,第7节-第8节,仙I区,27040040
32.0,400240,金融微观结构(20192-27040090-1),201922704009093235,,3,,62,1-17周,0,俞红海,1-17周 周二 第3节-第4节 仙Ⅱ-105,2.0,工程管理学院,否,理论类课程,周二,2019-2020-2,,201922704009093235,"2017工程管理学院金融工程,2017工程管理学院金融工程（计算机与金融工程方向）",0,仙林校区,2019-2020学年 第2学期,93235,仙Ⅱ-105,0.0,否,,1,32,,0,0,金融微观结构,12,第3节-第4节,仙II区,27040090
128.0,400240,毕业论文(20192-27040120-1),201922704012093241,,1,,20,1-17周,0,刘海飞,1-17周 自由时间 - ,8.0,工程管理学院,否,实践类课程,自由时间,2019-2020-2,,201922704012093241,2016工程管理学院金融工程,0,鼓楼校区,2019-2020学年 第2学期,93241,自由地点,0.0,否,,3,0,,256,0,毕业论文,,自由时间,,27040120
48.0,400240,金融科技实践（高级）(20192-27040270-1),201922704027093727,,3,,5,1-17周,0,李心丹,1-17周 自由时间 - ,3.0,工程管理学院,否,实践类课程,自由时间,2019-2020-2,,201922704027093727,"2016计算机学院计算机（计算机与金融工程方向）,2016工程管理学院金融工程（计算机与金融工程方向）",0,仙林校区,2019-2020学年 第2学期,93727,企业实践,0.0,否,,3,0,,96,0,金融科技实践（高级）,,自由时间,,27040270
48.0,400240,金融科技实践（初级）(20192-27040280-1),201922704028093728,,3,,25,1-17周,0,李心丹,1-17周 自由时间 - ,3.0,工程管理学院,否,实践类课程,自由时间,2019-2020-2,,201922704028093728,2017工程管理学院金融工程（计算机与金融工程方向）,0,仙林校区,2019-2020学年 第2学期,93728,企业实践,0.0,否,,3,0,,96,0,金融科技实践（初级）,,自由时间,,27040280
32.0,400240,控制系统仿真(20192-27050030-1),201922705003093215,,3,,6,1-17周,0,赵佳宝,1-17周 周三 第3节-第4节 仙Ⅱ-101,2.0,工程管理学院,否,理论类课程,周三,2019-2020-2,,201922705003093215,2017工程管理学院自动化,0,仙林校区,2019-2020学年 第2学期,93215,仙Ⅱ-101,0.0,否,,1,32,,0,0,控制系统仿真,12,第3节-第4节,仙II区,27050030
48.0,400240,计算机控制(20192-27050070-1),201922705007093221,,3,,10,1-17周,0,周运森,1-17周 周二 第9节-第11节 仙Ⅱ-101,3.0,工程管理学院,否,理论类课程,周二,2019-2020-2,,201922705007093221,2017工程管理学院自动化,0,仙林校区,2019-2020学年 第2学期,93221,仙Ⅱ-101,0.0,否,,1,48,,0,0,计算机控制,12,第9节-第11节,仙II区,27050070
48.0,400240,系统辨识与自适应控制(20192-27050130-1),201922705013093238,,1,,0,,0,,,3.0,工程管理学院,否,理论类课程,,2019-2020-2,,201922705013093238,,0,鼓楼校区,2019-2020学年 第2学期,93238,,0.0,否,,1,48,,0,0,系统辨识与自适应控制,,,,27050130
128.0,400240,毕业设计(20192-27050160-1),201922705016093239,,1,,30,1-17周,0,李华雄,1-17周 自由时间 - ,8.0,工程管理学院,否,实践类课程,自由时间,2019-2020-2,,201922705016093239,2016工程管理学院自动化,0,鼓楼校区,2019-2020学年 第2学期,93239,自由地点,0.0,否,,3,0,,256,0,毕业设计,,自由时间,,27050160
48.0,400240,数字电路(20192-27050180-1),201922705018093187,,3,,42,"1-17周,1-17周",0,"徐伟弘,辛博","1-17周 周二 第5节-第6节 仙Ⅰ-103,1-17周 周二 第7节-第8节 ",3.0,工程管理学院,否,理论+实践课程,"周二,周二",2019-2020-2,,201922705018093187,"2017天文与空间科学学院空间科学与技术,2018工程管理学院自动化",0,仙林校区,2019-2020学年 第2学期,93187,"仙Ⅰ-103,实验楼乙435",32.0,否,,5,32,,0,0,数字电路,11,"第5节-第6节,第7节-第8节",仙I区,27050180
64.0,400240,电机与运动控制(20192-27050220-1),201922705022093213,,3,,0,,0,,,4.0,工程管理学院,否,理论+实验课程,,2019-2020-2,,201922705022093213,,0,仙林校区,2019-2020学年 第2学期,93213,,32.0,否,,6,48,,0,0,电机与运动控制,,,,27050220
128.0,400260,综合汉语(一)(20192-28000110AX-1),2019228000110AX92263,,3,,0,,0,,,8.0,海外教育学院,否,理论类课程,,2019-2020-2,,2019228000110AX92263,,0,仙林校区,2019-2020学年 第2学期,92263,,0.0,否,,1,128,,0,0,综合汉语(一),,,,28000110AX
128.0,400260,综合汉语(二)(20192-28000110B-1),2019228000110B92522,,1,,31,"1-17周,1-17周,1-17周,1-17周",0,宫辰,"1-17周 周二 第1节-第2节 教407,1-17周 周四 第3节-第4节 教407,1-17周 周一 第3节-第4节 教407,1-17周 周三 第1节-第2节 教407",8.0,海外教育学院,否,理论类课程,"周一,周二,周三,周四",2019-2020-2,,2019228000110B92522,2019海外教育学院汉语言,0,鼓楼校区,2019-2020学年 第2学期,92522,"教407,教407,教407,教407",0.0,否,,1,128,,0,0,综合中级汉语（下）,1,"第3节-第4节,第1节-第2节,第1节-第2节,第3节-第4节",教学楼,28000110B
128.0,400260,综合汉语(二)(20192-28000110B-2),2019228000110B92523,,1,,19,"1-17周,1-17周,1-17周,1-17周",0,赵莉,"1-17周 周三 第1节-第2节 教409,1-17周 周五 第3节-第4节 教409,1-17周 周四 第3节-第4节 教409,1-17周 周二 第3节-第4节 教409",8.0,海外教育学院,否,理论类课程,"周二,周三,周四,周五",2019-2020-2,,2019228000110B92523,2019海外教育学院汉语言,0,鼓楼校区,2019-2020学年 第2学期,92523,"教409,教409,教409,教409",0.0,否,,1,128,,0,0,综合中级汉语（下）,1,"第3节-第4节,第1节-第2节,第3节-第4节,第3节-第4节",教学楼,28000110B
128.0,400260,综合汉语(二)(20192-28000110BX-1),2019228000110BX92266,,3,,0,,0,,,8.0,海外教育学院,否,理论类课程,,2019-2020-2,,2019228000110BX92266,,0,仙林校区,2019-2020学年 第2学期,92266,,0.0,否,,1,128,,0,0,综合汉语(二),,,,28000110BX
128.0,400260,综合汉语(三)(20192-28000110CX-1),2019228000110CX92267,,3,,0,,0,,,8.0,海外教育学院,否,理论类课程,,2019-2020-2,,2019228000110CX92267,,0,仙林校区,2019-2020学年 第2学期,92267,,0.0,否,,1,128,,0,0,综合汉语(三),,,,28000110CX
128.0,400260,综合汉语(四)(20192-28000110D-1),2019228000110D92561,,1,,32,"1-17周,1-17周,1-17周,1-17周",0,杨雪丽,"1-17周 周二 第1节-第2节 教113,1-17周 周五 第3节-第4节 教113,1-17周 周四 第3节-第4节 教113,1-17周 周三 第1节-第2节 教113",8.0,海外教育学院,否,理论类课程,"周二,周三,周四,周五",2019-2020-2,,2019228000110D92561,2018海外教育学院汉语言,0,鼓楼校区,2019-2020学年 第2学期,92561,"教113,教113,教113,教113",0.0,否,,1,128,,0,0,综合汉语(四),1,"第1节-第2节,第1节-第2节,第3节-第4节,第3节-第4节",教学楼,28000110D
128.0,400260,综合汉语(四)(20192-28000110D-2),2019228000110D92562,,1,,12,"1-17周,1-17周,1-17周,1-17周",0,张凤永,"1-17周 周二 第1节-第2节 教414,1-17周 周五 第3节-第4节 教414,1-17周 周四 第3节-第4节 教414,1-17周 周三 第3节-第4节 教414",8.0,海外教育学院,否,理论类课程,"周二,周三,周四,周五",2019-2020-2,,2019228000110D92562,2018海外教育学院汉语言,0,鼓楼校区,2019-2020学年 第2学期,92562,"教414,教414,教414,教414",0.0,否,,1,128,,0,0,综合汉语(四),1,"第1节-第2节,第3节-第4节,第3节-第4节,第3节-第4节",教学楼,28000110D
160.0,400260,综合汉语(四)(20192-28000110DX-1),2019228000110DX92268,,3,,8,"2-17周,2-17周,2-17周,2-17周,2-17周",0,鲁一硕,"2-17周 周一 第1节-第2节 逸C-504,2-17周 周五 第1节-第2节 逸C-504,2-17周 周四 第1节-第2节 逸C-504,2-17周 周三 第1节-第2节 逸C-504,2-17周 周二 第1节-第2节 逸C-504",10.0,海外教育学院,否,理论类课程,"周一,周二,周三,周四,周五",2019-2020-2,,2019228000110DX92268,,0,仙林校区,2019-2020学年 第2学期,92268,"逸C-504,逸C-504,逸C-504,逸C-504,逸C-504",0.0,否,,1,160,,0,0,综合汉语(四),17,"第1节-第2节,第1节-第2节,第1节-第2节,第1节-第2节,第1节-第2节",逸夫楼C区,28000110DX
48.0,400260,汉语写作(二)(20192-28000140B-1),2019228000140B92544,,1,,53,1-17周,0,孙小春,1-17周 周一 第5节-第7节 教418,3.0,海外教育学院,否,理论类课程,周一,2019-2020-2,,2019228000140B92544,2019海外教育学院汉语言,0,鼓楼校区,2019-2020学年 第2学期,92544,教418,0.0,否,,1,48,,0,0,汉语写作(二),1,第5节-第7节,教学楼,28000140B
32.0,400260,汉语写作(四)(20192-28000140D-1),2019228000140D92565,,1,,38,1-17周,0,王晓白,1-17周 周五 第5节-第7节 教411,3.0,海外教育学院,否,理论类课程,周五,2019-2020-2,,2019228000140D92565,2018海外教育学院汉语言,0,鼓楼校区,2019-2020学年 第2学期,92565,教411,0.0,否,,1,48,,0,0,汉语写作(四),1,第5节-第7节,教学楼,28000140D
32.0,400260,汉语写作(四)(20192-28000140D-2),2019228000140D92566,,1,,42,1-17周,0,王佳,1-17周 周五 第5节-第7节 教414,3.0,海外教育学院,否,理论类课程,周五,2019-2020-2,,2019228000140D92566,2018海外教育学院汉语言,0,鼓楼校区,2019-2020学年 第2学期,92566,教414,0.0,否,,1,48,,0,0,汉语写作(四),1,第5节-第7节,教学楼,28000140D
32.0,400260,报刊阅读(二)(20192-28000150B-1),2019228000150B92567,,1,,47,1-17周,0,赵莉,1-17周 周二 第5节-第6节 教405,2.0,海外教育学院,否,理论+实践课程,周二,2019-2020-2,,2019228000150B92567,2018海外教育学院汉语言,0,鼓楼校区,2019-2020学年 第2学期,92567,教405,0.0,否,,5,24,,8,0,报刊阅读(二),1,第5节-第6节,教学楼,28000150B
32.0,400260,中国概况（下）(20192-28000170B-1),2019228000170B92579,,1,,64,1-17周,0,程爱民,1-17周 周三 第9节-第10节 ,2.0,海外教育学院,否,理论类课程,周三,2019-2020-2,,2019228000170B92579,2018海外教育学院汉语言,0,鼓楼校区,2019-2020学年 第2学期,92579,曾宪梓楼101,0.0,否,,1,32,,0,0,中国概况（下）,,第9节-第10节,,28000170B
32.0,400260,中国概况（下）(20192-28000170B-2),2019228000170B92586,,3,,88,1-17周,0,程爱民,1-17周 周二 第9节-第10节 逸C-302,2.0,海外教育学院,否,理论类课程,周二,2019-2020-2,,2019228000170B92586,2018海外教育学院汉语言,0,仙林校区,2019-2020学年 第2学期,92586,逸C-302,0.0,否,,1,32,,0,0,中国概况（下）,17,第9节-第10节,逸夫楼C区,28000170B
128.0,400260,汉语听和说（二）(20192-28000320B-1),2019228000320B92542,,1,,31,"1-17周,1-17周,1-17周,1-17周",0,刘星彤,"1-17周 周四 第1节-第2节 教407,1-17周 周五 第3节-第4节 教407,1-17周 周三 第3节-第4节 教407,1-17周 周二 第3节-第4节 教407",8.0,海外教育学院,否,理论类课程,"周二,周三,周四,周五",2019-2020-2,,2019228000320B92542,2019海外教育学院汉语言,0,鼓楼校区,2019-2020学年 第2学期,92542,"教407,教407,教407,教407",0.0,否,,1,128,,0,0,汉语听和说（二）,1,"第3节-第4节,第3节-第4节,第1节-第2节,第3节-第4节",教学楼,28000320B
128.0,400260,汉语听和说（二）(20192-28000320B-2),2019228000320B92543,,1,,19,"1-17周,1-17周,1-17周,1-17周",0,李春享,"1-17周 周二 第1节-第2节 教409,1-17周 周三 第3节-第4节 教409,1-17周 周一 第3节-第4节 教409,1-17周 周五 第1节-第2节 教409",8.0,海外教育学院,否,理论类课程,"周一,周二,周三,周五",2019-2020-2,,2019228000320B92543,2019海外教育学院汉语言,0,鼓楼校区,2019-2020学年 第2学期,92543,"教409,教409,教409,教409",0.0,否,,1,128,,0,0,汉语听和说（二）,1,"第3节-第4节,第1节-第2节,第3节-第4节,第1节-第2节",教学楼,28000320B
128.0,400260,汉语听和说（四）(20192-28000320D-1),2019228000320D92563,,1,,30,"1-17周,1-17周,1-17周,1-17周",0,李春艳,"1-17周 周四 第1节-第2节 教411,1-17周 周三 第3节-第4节 教411,1-17周 周二 第3节-第4节 教411,1-17周 周一 第3节-第4节 教411",8.0,海外教育学院,否,理论+实践课程,"周一,周二,周三,周四",2019-2020-2,,2019228000320D92563,2018海外教育学院汉语言,0,鼓楼校区,2019-2020学年 第2学期,92563,"教411,教411,教411,教411",0.0,否,,5,100,,28,0,汉语听和说（四）,1,"第3节-第4节,第3节-第4节,第3节-第4节,第1节-第2节",教学楼,28000320D
128.0,400260,汉语听和说（四）(20192-28000320D-2),2019228000320D92564,,1,,11,"1-17周,1-17周,1-17周,1-17周",0,鲍欢,"1-17周 周三 第1节-第2节 教414,1-17周 周二 第3节-第4节 教414,1-17周 周一 第3节-第4节 教414,1-17周 周四 第1节-第2节 教414",8.0,海外教育学院,否,理论+实践课程,"周一,周二,周三,周四",2019-2020-2,,2019228000320D92564,2018海外教育学院汉语言,0,鼓楼校区,2019-2020学年 第2学期,92564,"教414,教414,教414,教414",0.0,否,,5,100,,28,0,汉语听和说（四）,1,"第3节-第4节,第3节-第4节,第1节-第2节,第1节-第2节",教学楼,28000320D
32.0,400260,跨文化交际(20192-28000340-1),201922800034091760,,3,,121,1-17周,0,"陈志红,赵文书",1-17周 周一 第3节-第4节 仙Ⅰ-524,2.0,海外教育学院,否,理论类课程,周一,2019-2020-2,,201922800034091760,2019*人文科学试验班*人文艺术传播类,0,仙林校区,2019-2020学年 第2学期,91760,仙Ⅰ-524,0.0,否,,1,32,,0,0,跨文化交际,11,第3节-第4节,仙I区,28000340
128.0,400260,初级汉语综合（一）(20192-28000350X-1),2019228000350X92264,,3,,0,,0,,,8.0,海外教育学院,否,理论类课程,,2019-2020-2,,2019228000350X92264,,0,仙林校区,2019-2020学年 第2学期,92264,,0.0,否,,1,128,,0,0,初级汉语综合（一）,,,,28000350X
128.0,400260,初级汉语综合（二）(20192-28000360X-1),2019228000360X92265,,3,,0,,0,,,8.0,海外教育学院,否,理论类课程,,2019-2020-2,,2019228000360X92265,,0,仙林校区,2019-2020学年 第2学期,92265,,0.0,否,,1,128,,0,0,初级汉语综合（二）,,,,28000360X
128.0,400260,高级汉语读写(下)(20192-28010010B-1),2019228010010B92568,,1,,53,"1-17周,1-17周,1-17周,1-17周",0,敖雪岗,"1-17周 周一 第1节-第2节 教405,1-17周 周四 第3节-第4节 教405,1-17周 周三 第3节-第4节 教405,1-17周 周二 第1节-第2节 教405",8.0,海外教育学院,否,理论+实践课程,"周一,周二,周三,周四",2019-2020-2,,2019228010010B92568,2017海外教育学院汉语言,0,鼓楼校区,2019-2020学年 第2学期,92568,"教405,教405,教405,教405",0.0,否,,5,64,,64,0,高级汉语读写(二),1,"第1节-第2节,第1节-第2节,第3节-第4节,第3节-第4节",教学楼,28010010B
32.0,400260,中文电脑软件应用(20192-28010130-1),201922801013092545,,1,,53,7-17周,0,张斌,7-17周 周二 第7节-第8节 ,2.0,海外教育学院,否,理论+实践课程,周二,2019-2020-2,,201922801013092545,"2016海外教育学院汉语言,2019海外教育学院汉语言,2018海外教育学院汉语言,2017海外教育学院汉语言",0,鼓楼校区,2019-2020学年 第2学期,92545,曾宪梓203,0.0,否,,5,16,,16,0,生成式AI与中文电脑软件应用,,第7节-第8节,,28010130
32.0,400260,简明中国历史(20192-28010140-1),201922801014092574,,1,,0,,0,,,2.0,海外教育学院,否,理论类课程,,2019-2020-2,,201922801014092574,,0,鼓楼校区,2019-2020学年 第2学期,92574,,0.0,否,,1,32,,0,0,简明中国历史,,,,28010140
16.0,400260,毕业论文写作(二)(20192-28010350B-1),2019228010350B92576,,1,,42,2-10周,0,徐昌火,2-10周 周三 第3节-第4节 教416,1.0,海外教育学院,否,理论+实践课程,周三,2019-2020-2,,2019228010350B92576,2016海外教育学院汉语言,0,鼓楼校区,2019-2020学年 第2学期,92576,教416,0.0,否,,5,9,,9,0,毕业论文写作(二),1,第3节-第4节,教学楼,28010350B
32.0,400260,太极拳(20192-28010360-1),201922801036092547,,1,,0,,0,,,2.0,海外教育学院,否,实践类课程,,2019-2020-2,,201922801036092547,,0,鼓楼校区,2019-2020学年 第2学期,92547,,0.0,否,,3,0,,32,0,太极拳,,,,28010360
32.0,400260,韩汉翻译(下)(20192-28010550B-1),2019228010550B92570,,1,,17,1-17周,0,赵莉,1-17周 周四 第5节-第6节 教407,2.0,海外教育学院,否,理论+实践课程,周四,2019-2020-2,,2019228010550B92570,2017海外教育学院汉语言,0,鼓楼校区,2019-2020学年 第2学期,92570,教407,0.0,否,,5,20,,12,0,外汉翻译（下）,1,第5节-第6节,教学楼,28010550B
32.0,400260,教学实习(20192-28010690-1),201922801069092577,,1,,43,1-17周,0,,1-17周 自由时间 - ,2.0,海外教育学院,否,实践类课程,自由时间,2019-2020-2,,201922801069092577,2016海外教育学院汉语言,0,鼓楼校区,2019-2020学年 第2学期,92577,自由地点,0.0,否,,3,0,,64,0,教学实习,,自由时间,,28010690
96.0,400260,毕业论文(20192-28010700-1),201922801070092578,,1,,42,1-17周,0,,1-17周 自由时间 - ,6.0,海外教育学院,否,实践类课程,自由时间,2019-2020-2,,201922801070092578,2016海外教育学院汉语言,0,鼓楼校区,2019-2020学年 第2学期,92578,自由地点,0.0,否,,3,0,,192,0,毕业论文,,自由时间,,28010700
32.0,400260,高级商贸汉语（下）(20192-28010720B-1),2019228010720B92571,,1,,42,1-17周,0,陈志红,1-17周 周二 第5节-第6节 教407,2.0,海外教育学院,否,理论类课程,周二,2019-2020-2,,2019228010720B92571,2017海外教育学院汉语言,0,鼓楼校区,2019-2020学年 第2学期,92571,教407,0.0,否,,1,26,,6,0,高级商贸汉语,1,第5节-第6节,教学楼,28010720B
32.0,400260,新闻汉语（下）(20192-28010740B-1),2019228010740B92569,,1,,28,1-17周,0,韩亮,1-17周 周一 第3节-第4节 教416,2.0,海外教育学院,否,理论类课程,周一,2019-2020-2,,2019228010740B92569,2017海外教育学院汉语言,0,鼓楼校区,2019-2020学年 第2学期,92569,教416,0.0,否,,1,32,,0,0,新闻汉语（二）,1,第3节-第4节,教学楼,28010740B
32.0,400260,唐诗选读(20192-28010810-1),201922801081092573,,1,,40,1-17周,0,王晓白,1-17周 周四 第7节-第8节 教407,2.0,海外教育学院,否,理论类课程,周四,2019-2020-2,,201922801081092573,2017海外教育学院汉语言,0,鼓楼校区,2019-2020学年 第2学期,92573,教407,0.0,否,,1,32,,0,0,中国古诗选读,1,第7节-第8节,教学楼,28010810
32.0,400260,涉外经济法(20192-28010820-1),201922801082092572,,1,,47,1-17周,0,吴从容,1-17周 周一 第5节-第6节 教407,2.0,海外教育学院,否,理论类课程,周一,2019-2020-2,,201922801082092572,2017海外教育学院汉语言,0,鼓楼校区,2019-2020学年 第2学期,92572,教407,0.0,否,,1,32,,0,0,涉外经济法,1,第5节-第6节,教学楼,28010820
32.0,400260,国际贸易实务(20192-28010830-1),201922801083092575,,1,,45,1-17周,0,刘星彤,1-17周 周一 第7节-第8节 教407,2.0,海外教育学院,否,理论类课程,周一,2019-2020-2,,201922801083092575,2017海外教育学院汉语言,0,鼓楼校区,2019-2020学年 第2学期,92575,教407,0.0,否,,1,32,,0,0,国际贸易实务,1,第7节-第8节,教学楼,28010830
32.0,400260,中国现当代文学概论(20192-28010870I-1),2019228010870I93580,,1,,0,,0,,,2.0,海外教育学院,否,理论类课程,,2019-2020-2,,2019228010870I93580,,0,鼓楼校区,2019-2020学年 第2学期,93580,,0.0,否,,1,32,,0,0,中国现当代文学概论,,,,28010870I
32.0,400260,HSK六级阅读(20192-28010880-1),201922801088092580,,1,,36,1-17周,0,徐昌火,1-17周 周一 第5节-第6节 教201,2.0,海外教育学院,否,理论+实践课程,周一,2019-2020-2,,201922801088092580,2018海外教育学院汉语言,0,鼓楼校区,2019-2020学年 第2学期,92580,教201,0.0,否,,5,22,,10,0,HSK六级阅读,1,第5节-第6节,教学楼,28010880
32.0,400260,HSK六级听力(20192-28010890-1),201922801089092581,,1,,33,1-17周,0,汪天源,1-17周 周一 第7节-第8节 教201,2.0,海外教育学院,否,理论+实践课程,周一,2019-2020-2,,201922801089092581,2018海外教育学院汉语言,0,鼓楼校区,2019-2020学年 第2学期,92581,教201,0.0,否,,5,28,,4,0,HSK六级听力,1,第7节-第8节,教学楼,28010890
64.0,400260,高级汉语视听说（二）(20192-28010910B-1),2019228010910B92739,,1,,20,"1-17周,1-17周",0,孙敏,"1-17周 周五 第1节-第2节 教314,1-17周 周二 第3节-第4节 教314",4.0,海外教育学院,否,理论+实践课程,"周二,周五",2019-2020-2,,2019228010910B92739,2017海外教育学院汉语言,0,鼓楼校区,2019-2020学年 第2学期,92739,"教314,教314",0.0,否,,5,40,,24,0,高级汉语视听说（二）,1,"第3节-第4节,第1节-第2节",教学楼,28010910B
64.0,400260,高级汉语视听说（二）(20192-28010910B-2),2019228010910B92740,,1,,29,"1-17周,1-17周",0,张凤永,"1-17周 周五 第1节-第2节 教316,1-17周 周二 第3节-第4节 教316",4.0,海外教育学院,否,理论+实践课程,"周二,周五",2019-2020-2,,2019228010910B92740,2017海外教育学院汉语言,0,鼓楼校区,2019-2020学年 第2学期,92740,"教316,教316",0.0,否,,5,40,,24,0,高级汉语视听说（二）,1,"第3节-第4节,第1节-第2节",教学楼,28010910B
32.0,400260,HSK 五级阅读(20192-28010950-1),201922801095092546,,1,,54,1-17周,0,石云,1-17周 周一 第1节-第2节 教418,2.0,海外教育学院,否,理论类课程,周一,2019-2020-2,,201922801095092546,"2018海外教育学院汉语言,2019海外教育学院汉语言",0,鼓楼校区,2019-2020学年 第2学期,92546,教418,0.0,否,,1,32,,0,0,HSK 五级阅读,1,第1节-第2节,教学楼,28010950
32.0,400260,基础韩语(20192-28010960-1),201922801096092548,,1,,0,,0,,,2.0,海外教育学院,否,理论类课程,,2019-2020-2,,201922801096092548,,0,鼓楼校区,2019-2020学年 第2学期,92548,,0.0,否,,1,32,,0,0,基础韩语,,,,28010960
32.0,400260,中国文化经典(20192-28020410-1),201922802041092320,,3,,4,1-17周,0,敖雪岗,1-17周 周一 第5节-第6节 逸C-203,2.0,海外教育学院,否,理论类课程,周一,2019-2020-2,,201922802041092320,2017海外教育学院汉语国际教育,0,仙林校区,2019-2020学年 第2学期,92320,逸C-203,0.0,否,,1,32,,0,0,中国文化经典,17,第5节-第6节,逸夫楼C区,28020410
32.0,400260,第二语言习得(20192-28020520-1),201922802052092324,,3,,3,1-17周,0,唐曙霞,1-17周 周四 第5节-第6节 逸C-203,2.0,海外教育学院,否,理论类课程,周四,2019-2020-2,,201922802052092324,2017海外教育学院汉语国际教育,0,仙林校区,2019-2020学年 第2学期,92324,逸C-203,0.0,否,,1,32,,0,0,第二语言习得概论,17,第5节-第6节,逸夫楼C区,28020520
32.0,400260,毕业实习(20192-28020610-1),201922802061092339,,1,,16,5-10周,0,"张全真,周明芳,陈晓燕,余宁",5-10周 周一 第5节-第6节 教416,2.0,海外教育学院,否,实践类课程,周一,2019-2020-2,,201922802061092339,2016海外教育学院汉语国际教育,0,鼓楼校区,2019-2020学年 第2学期,92339,教416,0.0,否,,3,0,,32,0,毕业实习,1,第5节-第6节,教学楼,28020610
96.0,400260,毕业论文(20192-28020620-1),201922802062092337,,1,,16,1-17周,0,,1-17周 自由时间 - ,6.0,海外教育学院,否,实践类课程,自由时间,2019-2020-2,,201922802062092337,2016海外教育学院汉语国际教育,0,鼓楼校区,2019-2020学年 第2学期,92337,自由地点,0.0,否,,3,0,,192,0,毕业论文,,自由时间,,28020620
32.0,400260,现代汉语（下）(20192-28020660B-1),2019228020660B92270,,3,,30,1-17周,0,徐昌火,1-17周 周二 第3节-第4节 逸C-204,2.0,海外教育学院,否,理论类课程,周二,2019-2020-2,,2019228020660B92270,2018海外教育学院汉语国际教育,0,仙林校区,2019-2020学年 第2学期,92270,逸C-204,0.0,否,,1,32,,0,0,现代汉语（二）,17,第3节-第4节,逸夫楼C区,28020660B
32.0,400260,国际汉语教学概论(20192-28020670-1),201922802067092272,,3,,33,1-17周,0,曹贤文,1-17周 周一 第3节-第4节 逸C-204,2.0,海外教育学院,否,理论类课程,周一,2019-2020-2,,201922802067092272,2018海外教育学院汉语国际教育,0,仙林校区,2019-2020学年 第2学期,92272,逸C-204,0.0,否,,1,32,,0,0,国际中文教学概论,17,第3节-第4节,逸夫楼C区,28020670
32.0,400260,中国古代文学（下）(20192-28020680B-1),2019228020680B92271,,3,,35,1-17周,0,张斌,1-17周 周四 第5节-第6节 逸C-210,2.0,海外教育学院,否,理论类课程,周四,2019-2020-2,,2019228020680B92271,2018海外教育学院汉语国际教育,0,仙林校区,2019-2020学年 第2学期,92271,逸C-210,0.0,否,,1,32,,0,0,中国古代文学（二）,17,第5节-第6节,逸夫楼C区,28020680B
32.0,400260,古代汉语(20192-28020710-1),201922802071092273,,3,,24,1-17周,0,宫辰,1-17周 周五 第3节-第4节 逸C-210,2.0,海外教育学院,否,理论类课程,周五,2019-2020-2,,201922802071092273,2018海外教育学院汉语国际教育,0,仙林校区,2019-2020学年 第2学期,92273,逸C-210,0.0,否,,1,32,,0,0,古代汉语,17,第3节-第4节,逸夫楼C区,28020710
32.0,400260,汉语语言学热点问题研究(20192-28020790-1),201922802079092443,,3,,8,1-17周,0,徐昌火,1-17周 周二 第5节-第6节 逸C-203,2.0,海外教育学院,否,理论类课程,周二,2019-2020-2,,201922802079092443,2017海外教育学院汉语国际教育,0,仙林校区,2019-2020学年 第2学期,92443,逸C-203,0.0,否,,1,32,,0,0,汉语语言学热点问题研究,17,第5节-第6节,逸夫楼C区,28020790
32.0,400260,汉语词汇教学专题(20192-28020810-1),201922802081092732,,3,,0,,0,,,2.0,海外教育学院,否,理论类课程,,2019-2020-2,,201922802081092732,,0,仙林校区,2019-2020学年 第2学期,92732,,0.0,否,,1,32,,0,0,汉语词汇教学专题,,,,28020810
64.0,400260,高级英语阅读（下）(20192-28020820B-1),2019228020820B92304,,3,,23,"1-17周,1-17周",0,刘骎,"1-17周 周三 第3节-第4节 ,1-17周 周二 第5节-第6节 ",4.0,海外教育学院,否,理论+实践课程,"周二,周三",2019-2020-2,,2019228020820B92304,2018海外教育学院汉语国际教育,0,仙林校区,2019-2020学年 第2学期,92304,"仙Ⅰ-420,仙Ⅰ-420",0.0,否,,5,54,,10,0,高级英语阅读（二）,,"第5节-第6节,第3节-第4节",,28020820B
32.0,400260,英语视听说（下）(20192-28020830B-1),2019228020830B92311,,3,,18,1-17周,0,杨柳,1-17周 周四 第3节-第4节 逸C-210,2.0,海外教育学院,否,理论+实践课程,周四,2019-2020-2,,2019228020830B92311,2018海外教育学院汉语国际教育,0,仙林校区,2019-2020学年 第2学期,92311,逸C-210,0.0,否,,5,22,,10,0,英语视听说（二）,17,第3节-第4节,逸夫楼C区,28020830B
32.0,400260,现代课程与教学理论(20192-28020880-1),201922802088092334,,3,,0,,0,,,2.0,海外教育学院,否,理论类课程,,2019-2020-2,,201922802088092334,,0,仙林校区,2019-2020学年 第2学期,92334,,0.0,否,,1,32,,0,0,现代课程与教学理论,,,,28020880
96.0,400260,简明微积分(下)(20192-28030020B-1),2019228030020B92582,,3,,26,"1-17周,1-17周",0,吴兰德,"1-17周 周一 第9节-第11节 逸C-203,1-17周 周四 第9节-第11节 逸C-203",6.0,海外教育学院,否,理论类课程,"周一,周四",2019-2020-2,,2019228030020B92582,2019海外教育学院汉语言,0,仙林校区,2019-2020学年 第2学期,92582,"逸C-203,逸C-203",0.0,否,,1,96,,0,0,简明微积分(下),17,"第9节-第11节,第9节-第11节",逸夫楼C区,28030020B
32.0,400260,中国传统经典（二）(20192-28030100-1),201922803010092589,,3,,7,1-17周,0,杨居柳,1-17周 周一 第7节-第8节 逸C-203,2.0,海外教育学院,否,理论类课程,周一,2019-2020-2,,201922803010092589,2017海外教育学院汉语言,0,仙林校区,2019-2020学年 第2学期,92589,逸C-203,0.0,否,,1,32,,0,0,中国传统经典（二）,17,第7节-第8节,逸夫楼C区,28030100
96.0,400260,高级汉语（下）(20192-28030110-1),201922803011092583,,3,,57,"1-17周,1-17周",0,李宇晨,"1-17周 周二 第5节-第7节 逸C-306,1-17周 周三 第9节-第11节 逸C-306",6.0,海外教育学院,否,理论类课程,"周二,周三",2019-2020-2,,201922803011092583,2017海外教育学院汉语言,0,仙林校区,2019-2020学年 第2学期,92583,"逸C-306,逸C-306",0.0,否,,1,96,,0,0,高级汉语（下）,17,"第5节-第7节,第9节-第11节",逸夫楼C区,28030110
96.0,400260,高级汉语（下）(20192-28030110-2),201922803011092584,,3,,27,"1-17周,1-17周",0,李宇晨,"1-17周 周四 第5节-第7节 逸C-306,1-17周 周五 第5节-第7节 逸C-306",6.0,海外教育学院,否,理论类课程,"周四,周五",2019-2020-2,,201922803011092584,2017海外教育学院汉语言,0,仙林校区,2019-2020学年 第2学期,92584,"逸C-306,逸C-306",0.0,否,,1,96,,0,0,高级汉语（下）,17,"第5节-第7节,第5节-第7节",逸夫楼C区,28030110
32.0,400260,中国当代经典电影赏析(20192-28030120I-1),2019228030120I93510,,1,,0,,0,,,2.0,海外教育学院,否,理论类课程,,2019-2020-2,,2019228030120I93510,,0,鼓楼校区,2019-2020学年 第2学期,93510,,0.0,否,,1,32,,0,0,中国当代经典电影赏析,,,,28030120I
192.0,400260,大学汉语（HSK）(20192-28301000-1),201922830100092603,,1,,0,1-15周,0,,1-15周 自由时间 - 自由地点,12.0,海外教育学院,否,其他类课程,自由时间,2019-2020-2,,201922830100092603,,0,鼓楼校区,2019-2020学年 第2学期,92603,自由地点,0.0,否,,4,0,,0,0,大学汉语（HSK）,188,自由时间,虚拟区域（鼓楼）,28301000
192.0,400260,大学汉语（HSK）(20192-28301000-2),201922830100092727,,3,,14,15-16周,0,,15-16周 自由时间 - 自由地点,12.0,海外教育学院,否,其他类课程,自由时间,2019-2020-2,,201922830100092727,,0,仙林校区,2019-2020学年 第2学期,92727,自由地点,0.0,否,,4,0,,0,0,大学汉语（HSK）,388,自由时间,虚拟区域（仙林）,28301000
32.0,400280,设计基础(20192-29010010-1),201922901001091711,,1,,49,1-17周,0,"梁宇舒,唐莲,尹航,鲁安东",1-17周 周五 第5节-第6节 ,2.0,建筑与城市规划学院,否,,周五,2019-2020-2,,201922901001091711,2019*工科试验班*工科试验班,0,鼓楼校区,2019-2020学年 第2学期,91711,鼓楼费彝民楼B二楼,,否,,,,,,0,设计基础,,第5节-第6节,,29010010
32.0,400280,中国建筑史（古代）(20192-29010040-1),201922901004091742,,1,,32,1-17周,0,"赵辰,史文娟",1-17周 周四 第3节-第4节 教207,2.0,建筑与城市规划学院,否,理论类课程,周四,2019-2020-2,,201922901004091742,2018建筑与城市规划学院建筑学,0,鼓楼校区,2019-2020学年 第2学期,91742,教207,0.0,否,,1,32,,0,0,中国建筑史（古代）,1,第3节-第4节,教学楼,29010040
48.0,400280,建筑设计（五）(20192-29010100E-1),2019229010100E92791,,1,,33,"1-9周,1-9周",0,"钟华颖,王铠,傅筱","1-9周 周二 第5节-第7节 ,1-9周 周四 第5节-第7节 ",3.0,建筑与城市规划学院,否,实践类课程,"周二,周四",2019-2020-2,,2019229010100E92791,2017建筑与城市规划学院建筑学,0,鼓楼校区,2019-2020学年 第2学期,92791,"费楼二楼,费楼二楼",0.0,否,,3,0,,48,0,建筑设计（五）,,"第5节-第7节,第5节-第7节",,29010100E
48.0,400280,建筑设计（六）(20192-29010100F-1),2019229010100F92792,,1,,33,"10-17周,10-17周",0,"钟华颖,张雷,王铠","10-17周 周二 第5节-第7节 ,10-17周 周四 第5节-第7节 ",3.0,建筑与城市规划学院,否,实践类课程,"周二,周四",2019-2020-2,,2019229010100F92792,2017建筑与城市规划学院建筑学,0,鼓楼校区,2019-2020学年 第2学期,92792,"费楼二楼,费楼二楼",0.0,否,,3,0,,48,0,建筑设计（六）,,"第5节-第7节,第5节-第7节",,29010100F
32.0,400280,居住区规划和居住建筑设计原理(20192-29010160-1),201922901016092282,,1,,35,1-17周,0,"刘铨,冷天",1-17周 周五 第5节-第6节 教204,2.0,建筑与城市规划学院,否,,周五,2019-2020-2,,201922901016092282,2017建筑与城市规划学院建筑学,0,鼓楼校区,2019-2020学年 第2学期,92282,教204,,否,,,,,,0,居住区规划和居住建筑设计原理,1,第5节-第6节,教学楼,29010160
32.0,400280,建筑技术（二）---声光热(20192-29010170-1),201922901017092283,,1,,34,1-17周,0,吴蔚,1-17周 周三 第5节-第6节 教206,2.0,建筑与城市规划学院,否,,周三,2019-2020-2,,201922901017092283,2017建筑与城市规划学院建筑学,0,鼓楼校区,2019-2020学年 第2学期,92283,教206,,否,,,30,,6,0,建筑技术[二]---声光热,1,第5节-第6节,教学楼,29010170
32.0,400280,建筑技术（三）---水电暖(20192-29010180-1),201922901018092284,,1,,34,1-17周,0,吴蔚,1-17周 周五 第3节-第4节 教116,2.0,建筑与城市规划学院,否,,周五,2019-2020-2,,201922901018092284,2017建筑与城市规划学院建筑学,0,鼓楼校区,2019-2020学年 第2学期,92284,教116,,否,,,28,,4,0,建筑技术[三]---水电暖,1,第3节-第4节,教学楼,29010180
160.0,400280,毕业设计(20192-29010220-1),201922901022092278,,1,,23,1-17周,0,周凌,1-17周 自由时间 - ,10.0,建筑与城市规划学院,否,实践类课程,自由时间,2019-2020-2,,201922901022092278,2016建筑与城市规划学院建筑学,0,鼓楼校区,2019-2020学年 第2学期,92278,自由地点,0.0,否,,3,0,,160,0,毕业设计,,自由时间,,29010220
32.0,400280,建设工程项目管理(20192-29010610-1),201922901061092279,,1,,3,1-17周,0,谢明瑞,1-17周 周五 第3节-第4节 教121,2.0,建筑与城市规划学院,否,理论类课程,周五,2019-2020-2,,201922901061092279,2016建筑与城市规划学院建筑学,0,鼓楼校区,2019-2020学年 第2学期,92279,教121,0.0,否,,1,32,,0,0,建设工程项目管理,1,第3节-第4节,教学楼,29010610
32.0,400280,建筑师业务基础知识(20192-29010620-1),201922901062092280,,1,,24,10-17周,0,"梁宇舒,周凌",10-17周 周四 第9节-第10节 ,2.0,建筑与城市规划学院,否,理论类课程,周四,2019-2020-2,,201922901062092280,2016建筑与城市规划学院建筑学,0,鼓楼校区,2019-2020学年 第2学期,92280,院楼205,0.0,否,,1,32,,0,0,建筑师业务基础知识,,第9节-第10节,,29010620
32.0,400280,建筑设计 （一）(20192-29011210-1),201922901121091748,,1,,33,"1-9周,1-9周",0,"黄华青,刘铨,冷天","1-9周 周五 第3节-第4节 ,1-9周 周二 第5节-第8节 ",2.0,建筑与城市规划学院,否,,"周二,周五",2019-2020-2,,201922901121091748,2018建筑与城市规划学院建筑学,0,鼓楼校区,2019-2020学年 第2学期,91748,"费楼二楼,费楼二楼",,否,,,,,,0,建筑设计 （一）,,"第5节-第8节,第3节-第4节",,29011210
32.0,400280,建筑设计 （二）(20192-29011220-1),201922901122091749,,1,,33,"10-17周,10-17周",0,"刘铨,冷天,黄华青","10-17周 周五 第3节-第4节 ,10-17周 周二 第5节-第8节 ",2.0,建筑与城市规划学院,否,,"周二,周五",2019-2020-2,,201922901122091749,2018建筑与城市规划学院建筑学,0,鼓楼校区,2019-2020学年 第2学期,91749,"费楼二楼,费楼二楼",,否,,,,,,0,建筑设计 （二）,,"第5节-第8节,第3节-第4节",,29011220
48.0,400280,数字城市规划与设计(20192-29020070-1),201922902007092261,,3,,32,"1-17周,1-17周",0,"祁毅,徐建刚","1-17周 周四 第5节-第6节 逸B-209,1-17周 周四 第7节-第8节 ",3.0,建筑与城市规划学院,否,理论+实验课程,"周四,周四",2019-2020-2,,201922902007092261,2018建筑与城市规划学院城乡规划,0,仙林校区,2019-2020学年 第2学期,92261,"逸B-209,基础实验楼乙202",32.0,否,,6,32,,0,0,数字城市规划与设计,16,"第5节-第6节,第7节-第8节",逸夫楼B区,29020070
32.0,400280,城市地理学(20192-29020150-1),201922902015092256,,3,,31,1-17周,0,"申明锐,黄春晓",1-17周 周三 第3节-第4节 逸B-309,2.0,建筑与城市规划学院,否,理论类课程,周三,2019-2020-2,,201922902015092256,2018建筑与城市规划学院城乡规划,0,仙林校区,2019-2020学年 第2学期,92256,逸B-309,0.0,否,,1,32,,0,0,城市地理学,16,第3节-第4节,逸夫楼B区,29020150
32.0,400280,城市社会学与社会调查(20192-29020160-1),201922902016092249,,1,,55,1-17周,0,"于涛,张敏,冯建喜,孙洁",1-17周 周四 第3节-第4节 教209,2.0,建筑与城市规划学院,否,理论+实践课程,周四,2019-2020-2,,201922902016092249,"2016建筑与城市规划学院城乡规划,2017建筑与城市规划学院城乡规划",0,鼓楼校区,2019-2020学年 第2学期,92249,教209,0.0,否,,5,12,,20,0,城乡社会学与社会调查,1,第3节-第4节,教学楼,29020160
32.0,400280,经济地理学(20192-29020260-1),201922902026092257,,3,,31,1-17周,0,罗小龙,1-17周 周五 第3节-第4节 逸B-309,2.0,建筑与城市规划学院,否,理论类课程,周五,2019-2020-2,,201922902026092257,2018建筑与城市规划学院城乡规划,0,仙林校区,2019-2020学年 第2学期,92257,逸B-309,0.0,否,,1,32,,0,0,经济地理学,16,第3节-第4节,逸夫楼B区,29020260
32.0,400280,建设项目可行性研究(20192-29020300-1),201922902030092250,,1,,5,1-17周,0,冯建喜,1-17周 周五 第5节-第6节 教206,2.0,建筑与城市规划学院,否,理论类课程,周五,2019-2020-2,,201922902030092250,2016建筑与城市规划学院城乡规划,0,鼓楼校区,2019-2020学年 第2学期,92250,教206,0.0,否,,1,32,,0,0,建设项目可行性研究,1,第5节-第6节,教学楼,29020300
192.0,400280,毕业论文/设计(20192-29020550-1),201922902055092245,,1,,29,1-17周,0,于涛,1-17周 自由时间 - ,12.0,建筑与城市规划学院,否,实践类课程,自由时间,2019-2020-2,,201922902055092245,2015建筑与城市规划学院城乡规划,0,鼓楼校区,2019-2020学年 第2学期,92245,自由地点,0.0,否,,3,0,,192,0,毕业论文/设计,,自由时间,,29020550
64.0,400280,城乡规划原理（4） 总体规划(20192-29020820-1),201922902082092252,,1,,25,"1-17周,1-17周",0,"罗震东,葛幼松,徐逸伦","1-17周 周二 第3节-第4节 ,1-17周 周四 第5节-第7节 ",4.0,建筑与城市规划学院,否,,"周二,周四",2019-2020-2,,201922902082092252,2016建筑与城市规划学院城乡规划,0,鼓楼校区,2019-2020学年 第2学期,92252,"费楼二楼,费楼二楼",,否,,,,,,0,城乡规划原理（4） 总体规划,,"第3节-第4节,第5节-第7节",,29020820
32.0,400280,人居环境导论(20192-29020870-1),201922902087091713,,3,,35,1-17周,0,于涛,1-17周 周四 第7节-第8节 逸B-410,2.0,建筑与城市规划学院,否,理论类课程,周四,2019-2020-2,,201922902087091713,2019*工科试验班*工科试验班,0,仙林校区,2019-2020学年 第2学期,91713,逸B-410,0.0,否,,1,32,,0,0,城市发展与规划导论,16,第7节-第8节,逸夫楼B区,29020870
32.0,400280,城市道路交通规划(20192-29020900-1),201922902090092258,,3,,31,1-17周,0,石飞,1-17周 周四 第3节-第4节 逸B-304,2.0,建筑与城市规划学院,否,理论类课程,周四,2019-2020-2,,201922902090092258,2018建筑与城市规划学院城乡规划,0,仙林校区,2019-2020学年 第2学期,92258,逸B-304,0.0,否,,1,32,,0,0,城市道路交通规划,16,第3节-第4节,逸夫楼B区,29020900
32.0,400280,城市区域系统分析(20192-29020910-1),201922902091092259,,3,,31,1-17周,0,胡宏,1-17周 周一 第5节-第7节 逸B-309,2.0,建筑与城市规划学院,否,理论+实验课程,周一,2019-2020-2,,201922902091092259,2018建筑与城市规划学院城乡规划,0,仙林校区,2019-2020学年 第2学期,92259,逸B-309,18.0,否,,6,36,,0,0,城市区域系统分析,16,第5节-第7节,逸夫楼B区,29020910
32.0,400280,城市基础设施规划(20192-29020930-1),201922902093092262,,3,,31,1-17周,0,耿土锁,1-17周 周三 第5节-第6节 逸B-111,2.0,建筑与城市规划学院,否,理论类课程,周三,2019-2020-2,,201922902093092262,2018建筑与城市规划学院城乡规划,0,仙林校区,2019-2020学年 第2学期,92262,逸B-111,0.0,否,,1,32,,0,0,城乡基础设施规划,16,第5节-第6节,逸夫楼B区,29020930
64.0,400280,城市详细规划(20192-29020940-1),201922902094092260,,3,,32,1-17周,0,"沈丽珍,张益峰",1-17周 周二 第3节-第7节 ,4.0,建筑与城市规划学院,否,理论+实践课程,周二,2019-2020-2,,201922902094092260,2018建筑与城市规划学院城乡规划,0,仙林校区,2019-2020学年 第2学期,92260,基础实验楼丙213,0.0,否,,5,25,,55,0,城市详细规划,,第3节-第7节,,29020940
32.0,400280,区域规划(20192-29020960-1),201922902096092346,,1,,31,1-17周,0,翟国方,1-17周 周五 第5节-第6节 教209,2.0,建筑与城市规划学院,否,理论类课程,周五,2019-2020-2,,201922902096092346,2017建筑与城市规划学院城乡规划,0,鼓楼校区,2019-2020学年 第2学期,92346,教209,0.0,否,,1,32,,0,0,区域规划,1,第5节-第6节,教学楼,29020960
64.0,400280,综合城市设计(20192-29020970-1),201922902097092841,,1,,34,1-17周,0,"沈丽珍,朱喜钢,张益峰,张翔",1-17周 周三 第2节-第6节 ,4.0,建筑与城市规划学院,否,理论+实践课程,周三,2019-2020-2,,201922902097092841,2017建筑与城市规划学院城乡规划,0,鼓楼校区,2019-2020学年 第2学期,92841,费楼二楼,0.0,否,,5,6,,74,0,综合城市设计,,第2节-第6节,,29020970
32.0,400280,城乡生态与环境规划(20192-29020990-1),201922902099092350,,1,,33,1-17周,0,尹海伟,1-17周 周一 第3节-第4节 教216,2.0,建筑与城市规划学院,否,理论+实践课程,周一,2019-2020-2,,201922902099092350,2017建筑与城市规划学院城乡规划,0,鼓楼校区,2019-2020学年 第2学期,92350,教216,0.0,否,,5,26,,6,0,生态环境保护与修复,1,第3节-第4节,教学楼,29020990
32.0,400280,历史保护与城市更新(20192-29021040-1),201922902104092347,,1,,25,1-17周,0,何仲禹,1-17周 周二 第5节-第6节 教203,2.0,建筑与城市规划学院,否,理论+实践课程,周二,2019-2020-2,,201922902104092347,"2016建筑与城市规划学院城乡规划,2017建筑与城市规划学院城乡规划",0,鼓楼校区,2019-2020学年 第2学期,92347,教203,0.0,否,,5,30,,2,0,历史文化遗产保护规划,1,第5节-第6节,教学楼,29021040
80.0,400300,数学分析（二）(20192-30000010B-1),2019230000010B92822,,3,,93,"1-17周,1-17周,1-17周(单)",0,范红军,"1-17周(单) 周五 第3节-第4节 仙Ⅱ-212,1-17周 周四 第5节-第6节 仙Ⅱ-213,1-17周 周二 第5节-第6节 仙Ⅱ-213",5.0,人工智能学院,否,理论类课程,"周二,周四,周五",2019-2020-2,,2019230000010B92822,2019人工智能学院人工智能,0,仙林校区,2019-2020学年 第2学期,92822,"仙Ⅱ-213,仙Ⅱ-213,仙Ⅱ-212",0.0,否,,1,80,,0,0,数学分析（二）,12,"第5节-第6节,第5节-第6节,第3节-第4节",仙II区,30000010B
64.0,400300,高等代数（二）(20192-30000020B-1),2019230000020B92923,,3,,92,"1-17周,1-17周,2-16周(双)",0,申富饶,"1-17周 周一 第1节-第2节 仙Ⅱ-212,2-16周(双) 周五 第3节-第4节 仙Ⅱ-212,1-17周 周四 第1节-第2节 仙Ⅱ-212",4.0,人工智能学院,否,理论类课程,"周一,周四,周五",2019-2020-2,,2019230000020B92923,2019人工智能学院人工智能,0,仙林校区,2019-2020学年 第2学期,92923,"仙Ⅱ-212,仙Ⅱ-212,仙Ⅱ-212",0.0,否,,1,80,,0,0,高等代数（二）,12,"第1节-第2节,第1节-第2节,第3节-第4节",仙II区,30000020B
64.0,400300,人工智能程序设计(20192-30000030-1),201923000003092821,,3,,114,"1-17周(单),2-16周(双),1-17周",0,张莉,"1-17周 周四 第3节-第4节 仙Ⅱ-405,2-16周(双) 周一 第7节-第8节 ,1-17周(单) 周一 第7节-第8节 仙Ⅱ-405",4.0,人工智能学院,否,理论+实验课程,"周一,周一,周四",2019-2020-2,,201923000003092821,"2019匡亚明学院理科强化班,2019人工智能学院人工智能",0,仙林校区,2019-2020学年 第2学期,92821,"仙Ⅱ-405,基础实验楼乙-124,仙Ⅱ-405",16.0,否,,6,48,,0,0,人工智能程序设计,12,"第7节-第8节,第7节-第8节,第3节-第4节",仙II区,30000030
32.0,400300,数理逻辑(20192-30000060-1),201923000006092922,,3,,89,1-17周,0,宋方敏,1-17周 周一 第5节-第6节 仙Ⅱ-311,2.0,人工智能学院,否,理论类课程,周一,2019-2020-2,,201923000006092922,2019人工智能学院人工智能,0,仙林校区,2019-2020学年 第2学期,92922,仙Ⅱ-311,0.0,否,,1,32,,0,0,数理逻辑,12,第5节-第6节,仙II区,30000060
32.0,400300,机器学习导论(20192-30000150-1),201923000015092862,,3,,151,1-17周,0,"周志华,叶翰嘉,詹德川",1-17周 周五 第3节-第4节 仙Ⅱ-207,2.0,人工智能学院,否,理论+实验课程,周五,2019-2020-2,,201923000015092862,"2017计算机学院计算机科学与技术,2018人工智能学院计算机科学与技术（人工智能方向）,2017计算机学院计算机科学与技术（拔尖计划）",0,仙林校区,2019-2020学年 第2学期,92862,仙Ⅱ-207,8.0,否,,6,24,,0,0,机器学习导论,12,第3节-第4节,仙II区,30000150
32.0,400300,知识表示与处理(20192-30000160-1),201923000016092861,,3,,82,1-17周,0,赵一铮,1-17周 周二 第5节-第6节 仙Ⅰ-207,2.0,人工智能学院,否,理论类课程,周二,2019-2020-2,,201923000016092861,2018人工智能学院计算机科学与技术（人工智能方向）,0,仙林校区,2019-2020学年 第2学期,92861,仙Ⅰ-207,0.0,否,,1,32,,0,0,知识表示与处理,11,第5节-第6节,仙I区,30000160
48.0,400300,数字系统设计基础(20192-30000190-1),201923000019092883,,3,,89,"1-17周,2-4周(双),6-16周(双)",0,"武港山,毛云龙","1-17周 周一 第3节-第4节 仙Ⅱ-218,6-16周(双) 周三 第5节-第6节 ,2-4周(双) 周三 第5节-第6节 仙Ⅱ-212",3.0,人工智能学院,否,理论+实验课程,"周一,周三,周三",2019-2020-2,,201923000019092883,2019人工智能学院人工智能,0,仙林校区,2019-2020学年 第2学期,92883,"仙Ⅱ-218,仙Ⅱ-212,基础实验楼乙-124",12.0,否,,6,36,,0,0,数字系统设计基础,12,"第3节-第4节,第5节-第6节,第5节-第6节",仙II区,30000190
32.0,400300,机器人导论(20192-30000260-1),201923000026092850,,3,,41,1-17周,0,"段晋军,俞志伟",1-17周 周四 第5节-第6节 逸B-212,2.0,人工智能学院,否,理论类课程,周四,2019-2020-2,,201923000026092850,2018人工智能学院计算机科学与技术（人工智能方向）,0,仙林校区,2019-2020学年 第2学期,92850,逸B-212,0.0,否,,1,32,,0,0,机器人学导论,16,第5节-第6节,逸夫楼B区,30000260
32.0,400300,认知科学导论(20192-30000350-1),201923000035092812,,3,,50,1-17周,0,肖承丽,1-17周 周五 第5节-第6节 仙Ⅰ-216,2.0,人工智能学院,否,理论类课程,周五,2019-2020-2,,201923000035092812,2018人工智能学院计算机科学与技术（人工智能方向）,0,仙林校区,2019-2020学年 第2学期,92812,仙Ⅰ-216,0.0,否,,1,32,,0,0,认知科学导论,11,第5节-第6节,仙I区,30000350
32.0,400300,人工智能伦理(20192-30000390-1),201923000039092866,,3,,27,1-17周,0,camtu,1-17周 周二 第3节-第4节 仙Ⅱ-122,2.0,人工智能学院,否,理论类课程,周二,2019-2020-2,,201923000039092866,2018人工智能学院计算机科学与技术（人工智能方向）,0,仙林校区,2019-2020学年 第2学期,92866,仙Ⅱ-122,0.0,否,,1,32,,0,0,人工智能伦理,12,第3节-第4节,仙II区,30000390
32.0,400300,智能系统设计与应用(20192-30000400-1),201923000040092946,,3,,41,1-17周,0,章宗长,1-17周 周五 第7节-第8节 仙Ⅰ-206,2.0,人工智能学院,否,理论+实验课程,周五,2019-2020-2,,201923000040092946,2018人工智能学院计算机科学与技术（人工智能方向）,0,仙林校区,2019-2020学年 第2学期,92946,仙Ⅰ-206,8.0,否,,6,24,,0,0,智能系统设计与应用,11,第7节-第8节,仙I区,30000400
32.0,000000,西方音乐通论(20192-37100180-1),201923710018093446,,3,文化素质选修,193,12-17周,0,吕晓一,12-17周 周一 第9节-第10节 仙Ⅰ-108,2.0,公共课程,否,理论类课程,周一,2019-2020-2,,201923710018093446,,0,仙林校区,2019-2020学年 第2学期,93446,仙Ⅰ-108,0.0,否,07,1,32,,0,0,西方音乐通论,11,第9节-第10节,仙I区,37100180
32.0,000000,中华玉器鉴赏(20192-37100250-1),201923710025093372,,3,文化素质选修,92,2-17周,0,郭继春,2-17周 周四 第7节-第8节 仙Ⅱ-104,2.0,公共课程,否,理论类课程,周四,2019-2020-2,,201923710025093372,,0,仙林校区,2019-2020学年 第2学期,93372,仙Ⅱ-104,0.0,否,07,1,32,,0,0,中华玉器鉴赏,12,第7节-第8节,仙II区,37100250
32.0,000000,中国古代社会与古代思想文化(20192-37100460-1),201923710046093390,,1,文化素质选修,28,12-17周,0,申屠炉明,12-17周 周二 第7节-第8节 教202,2.0,公共课程,否,理论类课程,周二,2019-2020-2,,201923710046093390,,0,鼓楼校区,2019-2020学年 第2学期,93390,教202,0.0,否,07,1,32,,0,0,中国古代社会与古代思想文化,1,第7节-第8节,教学楼,37100460
32.0,000000,交响音乐欣赏(20192-37100520-1),201923710052093482,,3,文化素质选修,53,2-17周,0,钱君,2-17周 周一 第9节-第10节 仙Ⅰ-317,2.0,公共课程,否,理论类课程,周一,2019-2020-2,,201923710052093482,,0,仙林校区,2019-2020学年 第2学期,93482,仙Ⅰ-317,0.0,否,07,1,32,,0,0,交响音乐欣赏,11,第9节-第10节,仙I区,37100520
32.0,000000,中国经典电影赏析(20192-37100530-1),201923710053093410,,3,文化素质选修,87,2-17周,0,丁珊珊,2-17周 周四 第7节-第8节 仙Ⅱ-212,2.0,公共课程,否,理论类课程,周四,2019-2020-2,,201923710053093410,,0,仙林校区,2019-2020学年 第2学期,93410,仙Ⅱ-212,0.0,否,07,1,32,,0,0,中国经典电影赏析,12,第7节-第8节,仙II区,37100530
32.0,000000,钢琴名曲赏析(20192-37100600-1),201923710060093416,,1,文化素质选修,45,2-17周,0,范丽甍,2-17周 周二 第9节-第10节 教201,2.0,公共课程,否,理论类课程,周二,2019-2020-2,,201923710060093416,,0,鼓楼校区,2019-2020学年 第2学期,93416,教201,0.0,否,07,1,32,,0,0,音乐与观念,1,第9节-第10节,教学楼,37100600
32.0,000000,先秦诸子选读(20192-37100720-1),201923710072093385,,3,文化素质选修,85,11-17周,0,武黎嵩,11-17周 周三 第9节-第10节 仙Ⅱ-306,2.0,公共课程,否,理论类课程,周三,2019-2020-2,,201923710072093385,,0,仙林校区,2019-2020学年 第2学期,93385,仙Ⅱ-306,0.0,否,07,1,32,,0,0,先秦诸子选读,12,第9节-第10节,仙II区,37100720
16.0,000000,智慧树在线课程：走进故宫(20192-37100890-1),201923710089093434,,3,文化素质选修,231,2-17周,0,智慧树网络教师,2-17周 自由时间 - ,1.0,公共课程,否,理论类课程,自由时间,2019-2020-2,,201923710089093434,,0,仙林校区,2019-2020学年 第2学期,93434,详见主页通知,0.0,否,07,1,0,,16,0,智慧树在线课程：走进故宫,,自由时间,,37100890
16.0,000000,智慧树在线课程：敦煌的艺术(20192-37100900-1),201923710090093436,,3,文化素质选修,217,2-17周,0,智慧树网络教师,2-17周 自由时间 - ,1.0,公共课程,否,实践类课程,自由时间,2019-2020-2,,201923710090093436,,0,仙林校区,2019-2020学年 第2学期,93436,详见主页通知,0.0,否,07,3,0,,16,0,智慧树在线课程：敦煌的艺术,,自由时间,,37100900
16.0,000000,智慧树在线课程：世界著名博物馆艺术经典(20192-37100910-1),201923710091093437,,3,文化素质选修,234,2-17周,0,智慧树网络教师,2-17周 自由时间 - ,1.0,公共课程,否,,自由时间,2019-2020-2,,201923710091093437,,0,仙林校区,2019-2020学年 第2学期,93437,详见主页通知,,否,07,,,,,0,智慧树在线课程：世界著名博物馆艺术经典,,自由时间,,37100910
16.0,000000,智慧树在线课程：古希腊文明(20192-37100920-1),201923710092093438,,3,文化素质选修,226,2-17周,0,智慧树网络教师,2-17周 自由时间 - ,1.0,公共课程,否,实践类课程,自由时间,2019-2020-2,,201923710092093438,,0,仙林校区,2019-2020学年 第2学期,93438,详见主页通知,0.0,否,07,3,0,,16,0,智慧树在线课程：古希腊文明,,自由时间,,37100920
16.0,000000,超星尔雅在线课程：对话诺奖大师(20192-37100930-1),201923710093093694,,3,文化素质选修,241,2-17周,0,超星尔雅网络教师,2-17周 自由时间 - ,1.0,公共课程,否,实践类课程,自由时间,2019-2020-2,,201923710093093694,,0,仙林校区,2019-2020学年 第2学期,93694,详见主页相关通知,0.0,否,07,3,0,,16,0,超星尔雅在线课程：对话诺奖大师,,自由时间,,37100930
16.0,000000,超星尔雅在线课程：儒学复兴与当代启蒙(20192-37100940-1),201923710094093695,,3,文化素质选修,243,2-17周,0,超星尔雅网络教师,2-17周 自由时间 - ,1.0,公共课程,否,实践类课程,自由时间,2019-2020-2,,201923710094093695,,0,仙林校区,2019-2020学年 第2学期,93695,详见主页相关通知,0.0,否,07,3,0,,16,0,超星尔雅在线课程：儒学复兴与当代启蒙,,自由时间,,37100940
16.0,000000,超星尔雅在线课程：中华诗词之美(20192-37100950-1),201923710095093696,,3,文化素质选修,241,2-17周,0,超星尔雅网络教师,2-17周 自由时间 - ,1.0,公共课程,否,实践类课程,自由时间,2019-2020-2,,201923710095093696,,0,仙林校区,2019-2020学年 第2学期,93696,详见主页相关通知,0.0,否,07,3,0,,16,0,超星尔雅在线课程：中华诗词之美,,自由时间,,37100950
16.0,000000,超星尔雅在线课程：美学原理(20192-37100960-1),201923710096093697,,3,文化素质选修,238,2-17周,0,超星尔雅网络教师,2-17周 自由时间 - ,1.0,公共课程,否,实践类课程,自由时间,2019-2020-2,,201923710096093697,,0,仙林校区,2019-2020学年 第2学期,93697,详见主页相关通知,0.0,否,07,3,0,,16,0,超星尔雅在线课程：美学原理,,自由时间,,37100960
16.0,000000,超星尔雅在线课程：什么是科学(20192-37100980-1),201923710098093698,,3,文化素质选修,245,2-17周,0,超星尔雅网络教师,2-17周 自由时间 - ,1.0,公共课程,否,实践类课程,自由时间,2019-2020-2,,201923710098093698,,0,仙林校区,2019-2020学年 第2学期,93698,详见主页相关通知,0.0,否,07,3,0,,16,0,超星尔雅在线课程：什么是科学,,自由时间,,37100980
16.0,000000,超星尔雅在线课程：舌尖上的植物学(20192-37100990-1),201923710099093699,,3,文化素质选修,242,2-17周,0,超星尔雅网络教师,2-17周 自由时间 - ,1.0,公共课程,否,实践类课程,自由时间,2019-2020-2,,201923710099093699,,0,仙林校区,2019-2020学年 第2学期,93699,详见主页相关通知,0.0,否,07,3,0,,16,0,超星尔雅在线课程：舌尖上的植物学,,自由时间,,37100990
16.0,000000,超星尔雅在线课程：人文的物理学(20192-37101000-1),201923710100093700,,3,文化素质选修,244,2-17周,0,超星尔雅网络教师,2-17周 自由时间 - ,1.0,公共课程,否,实践类课程,自由时间,2019-2020-2,,201923710100093700,,0,仙林校区,2019-2020学年 第2学期,93700,详见主页相关通知,0.0,否,07,3,0,,0,0,超星尔雅在线课程：人文的物理学,,自由时间,,37101000
16.0,000000,学在南哲：哲学与哲人(20192-37204001-1),201923720400192885,,3,导学课,188,2-9周,0,"孟振华,刘鹏,孙乐强",2-9周 自由时间 - ,1.0,公共课程,否,理论类课程,自由时间,2019-2020-2,,201923720400192885,,0,仙林校区,2019-2020学年 第2学期,92885,http://jw.nju.edu.cn/ContentList.aspx?mtype=PX-WZSY-ZXTZ&FType=WZSY&id=20190829-16230145~0c60d962,0.0,否,08,1,16,,0,0,学在南哲：哲学与哲人,,自由时间,,37204001
16.0,000000,学在南哲：哲学与哲人(20192-37204001-2),201923720400194080,,3,导学课,202,1-17周,0,"刘鹏,孟振华,孙乐强",1-17周 自由时间 - ,1.0,公共课程,否,理论类课程,自由时间,2019-2020-2,,201923720400194080,,0,仙林校区,2019-2020学年 第2学期,94080,无,0.0,否,08,1,16,,0,0,学在南哲：哲学与哲人,,自由时间,,37204001
16.0,000000,图书馆学新生导学课(20192-37207001-1),201923720700192891,,3,导学课,86,2-9周,0,"邵波,叶继元,郑建明,陈雅,叶鹰,徐雁",2-9周 周一 第7节-第8节 仙Ⅱ-304,1.0,公共课程,否,理论类课程,周一,2019-2020-2,,201923720700192891,,0,仙林校区,2019-2020学年 第2学期,92891,仙Ⅱ-304,0.0,否,08,1,16,,0,0,图书馆学新生导学课,12,第7节-第8节,仙II区,37207001
16.0,000000,走进心理学——心理学导学课(20192-37208003-1),201923720800392928,,3,导学课,0,,0,,,1.0,公共课程,否,理论类课程,,2019-2020-2,,201923720800392928,,0,仙林校区,2019-2020学年 第2学期,92928,,0.0,否,08,1,16,,0,0,走进心理学——心理学导学课,,,,37208003
16.0,000000,探索地球科学未解之谜(20192-37215003-1),201923721500393103,,3,导学课,86,8-15周,0,陈天宇,8-15周 周二 第9节-第10节 仙Ⅱ-305,1.0,公共课程,否,理论类课程,周二,2019-2020-2,,201923721500393103,,0,仙林校区,2019-2020学年 第2学期,93103,仙Ⅱ-305,0.0,否,08,1,16,,0,0,探索地球科学未解之谜,12,第9节-第10节,仙II区,37215003
16.0,000000,走进地理学(20192-37216005-1),201923721600594077,,3,导学课,640,1-17周,0,李满春,1-17周 自由时间 - ,1.0,公共课程,否,,自由时间,2019-2020-2,,201923721600594077,,0,仙林校区,2019-2020学年 第2学期,94077,无,,否,08,,,,,0,走进地理学,,自由时间,,37216005
16.0,000000,日新月异的空间科学与技术(20192-37221001-1),201923722100193108,,3,导学课,0,,0,,,1.0,公共课程,否,理论类课程,,2019-2020-2,,201923722100193108,,0,仙林校区,2019-2020学年 第2学期,93108,,0.0,否,08,1,16,,0,0,日新月异的空间科学与技术,,,,37221001
16.0,000000,寻找真实的宇宙——走进天文学(20192-37221002-1),201923722100294079,,3,导学课,507,1-17周,0,"姜冰,谢懿",1-17周 自由时间 - ,1.0,公共课程,否,,自由时间,2019-2020-2,,201923722100294079,,0,仙林校区,2019-2020学年 第2学期,94079,无,,否,08,,12,,4,0,寻找真实的宇宙——走进天文学,,自由时间,,37221002
32.0,400330,英语口语（二）(20192-41000030B-1),2019241000030B92379,1,3,,19,1-17周,0,张燕,1-17周 周三 第5节-第6节 仙Ⅰ-514,2.0,大学外语部,否,理论类课程,周三,2019-2020-2,,2019241000030B92379,2018新闻传播学院新闻学（传媒实验班）,0,仙林校区,2019-2020学年 第2学期,92379,仙Ⅰ-514,0.0,否,,1,32,1,0,0,英语口语（二）,11,第5节-第6节,仙I区,41000030B
32.0,400330,英语基础写作（二）(20192-41000040B-1),2019241000040B92380,1,3,,19,1-17周,0,吴凌云,1-17周 周四 第3节-第4节 仙Ⅱ-411,2.0,大学外语部,否,理论类课程,周四,2019-2020-2,,2019241000040B92380,2018新闻传播学院新闻学（传媒实验班）,0,仙林校区,2019-2020学年 第2学期,92380,仙Ⅱ-411,0.0,否,,1,32,1,0,0,英语基础写作（二）,12,第3节-第4节,仙II区,41000040B
32.0,400260,英语中级写作（二）(20192-41000060B-1),2019241000060B92315,1,3,,16,1-17周,0,吴凌云,1-17周 周四 第1节-第2节 逸C-210,2.0,海外教育学院,否,理论类课程,周四,2019-2020-2,,2019241000060B92315,2018海外教育学院汉语国际教育,0,仙林校区,2019-2020学年 第2学期,92315,逸C-210,0.0,否,,1,32,1,0,0,英语中级写作,17,第1节-第2节,逸夫楼C区,41000060B
64.0,400330,体验英语(20192-41000110B-1),2019241000110B92072,1,3,,28,"1-17周,1-17周",0,朱适,"1-17周 周一 第7节-第8节 仙Ⅱ-401,1-17周 周四 第7节-第8节 仙Ⅱ-401",4.0,大学外语部,否,理论类课程,"周一,周四",2019-2020-2,,2019241000110B92072,,0,仙林校区,2019-2020学年 第2学期,92072,"仙Ⅱ-401,仙Ⅱ-401",0.0,否,,1,64,1,0,0,体验英语,12,"第7节-第8节,第7节-第8节",仙II区,41000110B
64.0,400330,体验英语(20192-41000110B-2),2019241000110B92073,1,3,,18,"1-17周,1-17周",0,徐娟,"1-17周 周二 第3节-第4节 逸A-212,1-17周 周四 第3节-第4节 逸A-212",4.0,大学外语部,否,理论类课程,"周二,周四",2019-2020-2,,2019241000110B92073,2019新闻传播学院新闻学（运动员班）,0,仙林校区,2019-2020学年 第2学期,92073,"逸A-212,逸A-212",0.0,否,,1,64,1,0,0,体验英语,15,"第3节-第4节,第3节-第4节",逸夫楼A区,41000110B
64.0,400330,体验英语(20192-41000110D-1),2019241000110D92074,1,3,,39,"1-17周,1-17周",0,肖伟,"1-17周 周一 第9节-第10节 仙Ⅱ-401,1-17周 周四 第9节-第10节 仙Ⅱ-401",4.0,大学外语部,否,理论类课程,"周四,周一",2019-2020-2,,2019241000110D92074,,0,仙林校区,2019-2020学年 第2学期,92074,"仙Ⅱ-401,仙Ⅱ-401",0.0,否,,1,64,1,0,0,体验英语,12,"第9节-第10节,第9节-第10节",仙II区,41000110D
64.0,400330,高级英语（下）(20192-41000121B-1),2019241000121B92381,1,3,,31,"1-17周,1-17周",0,"徐翠芹,奚洁","1-17周 周一 第1节-第2节 仙Ⅱ-411,1-17周 周二 第1节-第2节 仙Ⅱ-411",4.0,大学外语部,否,理论类课程,"周一,周二",2019-2020-2,,2019241000121B92381,"2018医学院临床医学（八年制）,2018医学院口腔医学,2018医学院临床医学（5+3）",0,仙林校区,2019-2020学年 第2学期,92381,"仙Ⅱ-411,仙Ⅱ-411",0.0,否,,1,0,1,0,0,高级英语（下）,12,"第1节-第2节,第1节-第2节",仙II区,41000121B
64.0,400330,高级英语（下）(20192-41000121B-2),2019241000121B92382,1,3,,31,"1-17周,1-17周",0,"徐翠芹,奚洁","1-17周 周一 第3节-第4节 仙Ⅱ-411,1-17周 周二 第3节-第4节 仙Ⅱ-411",4.0,大学外语部,否,理论类课程,"周二,周一",2019-2020-2,,2019241000121B92382,"2018医学院临床医学（八年制）,2018医学院口腔医学,2018医学院临床医学（5+3）",0,仙林校区,2019-2020学年 第2学期,92382,"仙Ⅱ-411,仙Ⅱ-411",0.0,否,,1,0,1,0,0,高级英语（下）,12,"第3节-第4节,第3节-第4节",仙II区,41000121B
64.0,400330,高级英语（下）(20192-41000121B-3),2019241000121B92383,1,3,,30,"1-17周,1-17周",0,"徐翠芹,奚洁","1-17周 周一 第1节-第2节 仙Ⅱ-412,1-17周 周二 第1节-第2节 仙Ⅱ-412",4.0,大学外语部,否,理论类课程,"周一,周二",2019-2020-2,,2019241000121B92383,"2018医学院临床医学（八年制）,2018医学院口腔医学,2018医学院临床医学（5+3）",0,仙林校区,2019-2020学年 第2学期,92383,"仙Ⅱ-412,仙Ⅱ-412",0.0,否,,1,0,1,0,0,高级英语（下）,12,"第1节-第2节,第1节-第2节",仙II区,41000121B
64.0,400330,高级英语（下）(20192-41000121B-4),2019241000121B92384,1,3,,29,"1-17周,1-17周",0,"徐翠芹,奚洁","1-17周 周一 第3节-第4节 仙Ⅱ-412,1-17周 周二 第3节-第4节 仙Ⅱ-412",4.0,大学外语部,否,理论类课程,"周二,周一",2019-2020-2,,2019241000121B92384,"2018医学院临床医学（八年制）,2018医学院口腔医学,2018医学院临床医学（5+3）",0,仙林校区,2019-2020学年 第2学期,92384,"仙Ⅱ-412,仙Ⅱ-412",0.0,否,,1,0,1,0,0,高级英语（下）,12,"第3节-第4节,第3节-第4节",仙II区,41000121B
32.0,400330,法律文本经典导读(20192-41000260-1),201924100026092402,1,3,,11,1-17周,0,张沂昀,1-17周 周三 第1节-第2节 ,2.0,大学外语部,否,理论类课程,周三,2019-2020-2,,201924100026092402,2018法学院法学,0,仙林校区,2019-2020学年 第2学期,92402,仙1-419,0.0,否,,1,32,1,0,0,法律文本经典导读,,第1节-第2节,,41000260
32.0,400330,法学英语文献检索与学术论文写作(20192-41000280-1),201924100028093435,1,3,,33,1-17周,0,陈桦,1-17周 周三 第1节-第2节 ,2.0,大学外语部,否,理论+实践课程,周三,2019-2020-2,,201924100028093435,2017法学院法学,0,仙林校区,2019-2020学年 第2学期,93435,仙Ⅰ-414,0.0,否,,5,28,1,4,0,法学英语文献检索与学术论文写作,,第1节-第2节,,41000280
16.0,400320,影像制作实验课,201924400004096076,,3,,2,,0,,,1.0,艺术学院,否,理论+实验课程,,2019-2020-2,,201924400004096076,,0,仙林校区,2019-2020学年 第2学期,96076,,4.0,否,,6,28,,0,0,影像制作实验课,,,,44000040
16.0,400320,艺术策展工作坊,201924400006096077,,3,,20,,0,,,1.0,艺术学院,否,理论+实践课程,,2019-2020-2,,201924400006096077,,0,仙林校区,2019-2020学年 第2学期,96077,,0.0,否,,5,16,,16,0,艺术策展工作坊,,,,44000060
32.0,000000,就业创业中的法律问题(20192-61000010-1),201926100001093588,,3,创新创业课程,23,2-17周,0,"赵风,唐赟",2-17周 周四 第7节-第8节 逸C-204,2.0,公共课程,否,理论类课程,周四,2019-2020-2,,201926100001093588,,0,仙林校区,2019-2020学年 第2学期,93588,逸C-204,0.0,否,06,1,32,,0,0,就业创业中的法律问题,17,第7节-第8节,逸夫楼C区,61000010
32.0,000000,从平庸到卓越：危机管理(20192-61000160-1),201926100016093319,,3,创新创业课程,122,1-12周,0,戴万稳,1-12周 周五 第9节-第11节 仙Ⅰ-107,2.0,公共课程,否,理论类课程,周五,2019-2020-2,,201926100016093319,,0,仙林校区,2019-2020学年 第2学期,93319,仙Ⅰ-107,0.0,否,06,1,32,,0,0,危机管理之道,11,第9节-第11节,仙I区,61000160
16.0,000000,创业管理与行为博弈(20192-61000370-1),201926100037094069,,3,创新创业课程,34,10-17周,0,李虎,10-17周 周三 第5节-第6节 仙Ⅰ-114,1.0,公共课程,否,理论类课程,周三,2019-2020-2,,201926100037094069,,0,仙林校区,2019-2020学年 第2学期,94069,仙Ⅰ-114,0.0,否,06,1,16,,0,0,创业管理与行为博弈,11,第5节-第6节,仙I区,61000370
16.0,000000,创业团队管理(20192-61000530-1),201926100053094070,,3,创新创业课程,35,10-17周,0,李虎,10-17周 周三 第7节-第8节 仙Ⅰ-114,1.0,公共课程,否,理论类课程,周三,2019-2020-2,,201926100053094070,,0,仙林校区,2019-2020学年 第2学期,94070,仙Ⅰ-114,0.0,否,06,1,16,,0,0,创业团队管理,11,第7节-第8节,仙I区,61000530
16.0,000000,商业模式创新与设计(20192-61000660-1),201926100066093330,,3,创新创业课程,100,3-12周,0,戴万稳,3-12周 周五 第7节-第8节 仙Ⅰ-107,1.0,公共课程,否,理论类课程,周五,2019-2020-2,,201926100066093330,,0,仙林校区,2019-2020学年 第2学期,93330,仙Ⅰ-107,0.0,否,06,1,16,,0,0,商业模式创新与设计,11,第7节-第8节,仙I区,61000660
32.0,000000,GPU与人工智能(20192-61000700-1),201926100070093326,,3,创新创业课程,24,2-17周,0,"张辉,于莹 ",2-17周 周四 第7节-第8节 逸C-114,2.0,公共课程,否,理论+实践课程,周四,2019-2020-2,,201926100070093326,,0,仙林校区,2019-2020学年 第2学期,93326,逸C-114,0.0,否,06,5,16,,16,0,GPU与人工智能,17,第7节-第8节,逸夫楼C区,61000700
32.0,000000,电子系统创新设计与工程应用(20192-61000720A-1),2019261000720A93255,,3,创新创业课程,31,2-17周,0,"陈瞻,姜乃卓,戚海峰",2-17周 周一 第9节-第11节 ,2.0,公共课程,否,理论类课程,周一,2019-2020-2,,2019261000720A93255,,0,仙林校区,2019-2020学年 第2学期,93255,基础实验楼丙区413,0.0,否,06,1,48,,0,0,电子系统创新设计与工程应用（上）,,第9节-第11节,,61000720A
32.0,000000,电子系统创新设计与工程应用(20192-61000720B-1),2019261000720B93261,,3,创新创业课程,21,2-17周,0,"戚海峰,陈瞻,姜乃卓",2-17周 周三 第9节-第11节 ,2.0,公共课程,否,理论+实验课程,周三,2019-2020-2,,2019261000720B93261,,0,仙林校区,2019-2020学年 第2学期,93261,基础实验楼丙区415,32.0,否,06,6,16,,0,0,电子系统创新设计与工程应用（下）,,第9节-第11节,,61000720B
16.0,000000,商务礼仪与职业彩虹(20192-61000750-1),201926100075093286,,3,创新创业课程,31,2-7周,0,高润,2-7周 周五 第9节-第11节 ,1.0,公共课程,否,理论类课程,周五,2019-2020-2,,201926100075093286,,0,仙林校区,2019-2020学年 第2学期,93286,众创空间422,0.0,否,06,1,16,,0,0,商务礼仪与职业彩虹,,第9节-第11节,,61000750
32.0,000000,陶艺与创意(20192-61000770-1),201926100077093693,,3,创新创业课程,0,,0,,,2.0,公共课程,否,理论类课程,,2019-2020-2,,201926100077093693,,0,仙林校区,2019-2020学年 第2学期,93693,,0.0,否,06,1,32,,0,0,陶艺与创意,,,,61000770
32.0,000000,创新创业与实践(20192-61000790-1),201926100079093308,,3,创新创业课程,27,"2-12周(双),2-12周(双)",0,杨修铨,"2-12周(双) 周三 第9节-第11节 ,2-12周(双) 周四 第9节-第11节 ",2.0,公共课程,否,理论类课程,"周三,周四",2019-2020-2,,201926100079093308,,0,仙林校区,2019-2020学年 第2学期,93308,"众创空间422,众创空间422",0.0,否,06,1,32,,0,0,创新创业与实践,,"第9节-第11节,第9节-第11节",,61000790
16.0,000000,NAO机器人创新设计(20192-61000800-1),201926100080093318,,3,创新创业课程,15,2-9周,0,陈磊,2-9周 周五 第7节-第8节 ,1.0,公共课程,否,理论类课程,周五,2019-2020-2,,201926100080093318,,0,仙林校区,2019-2020学年 第2学期,93318,众创空间407,0.0,否,06,1,16,,0,0,NAO机器人创新设计,,第7节-第8节,,61000800
16.0,000000,创新产品、创业团队与精益创业(20192-61000810-1),201926100081093283,,3,创新创业课程,30,2-9周,0,"周俊,王益忠",2-9周 周一 第9节-第10节 逸C-204,1.0,公共课程,否,理论类课程,周一,2019-2020-2,,201926100081093283,,0,仙林校区,2019-2020学年 第2学期,93283,逸C-204,0.0,否,06,1,16,,0,0,创新产品、创业团队与精益创业,17,第9节-第10节,逸夫楼C区,61000810
32.0,000000,设计实践入门(20192-61000820-1),201926100082093333,,3,创新创业课程,47,2-17周,0,"Gary Adams,高薪",2-17周 周四 第9节-第10节 逸B-207,2.0,公共课程,否,理论+实践课程,周四,2019-2020-2,,201926100082093333,,0,仙林校区,2019-2020学年 第2学期,93333,逸B-207,0.0,否,06,5,32,,0,0,设计实践入门,16,第9节-第10节,逸夫楼B区,61000820
32.0,400320,设计实践入门(20192-61000820-1),201926100082094087,,3,创新创业课程,3,2-17周,0,"Gary Adams,高薪",2-17周 周四 第9节-第10节 ,2.0,艺术学院,否,理论+实践课程,周四,2019-2020-2,,201926100082094087,,0,仙林校区,2019-2020学年 第2学期,94087,逸B-207,0.0,否,06,5,32,,0,0,设计实践入门,,第9节-第10节,,61000820
16.0,000000,创业运营(20192-61000860-1),201926100086093324,,3,创新创业课程,17,2-10周,0,王自强,2-10周 周二 第7节-第8节 逸C-102,1.0,公共课程,否,理论类课程,周二,2019-2020-2,,201926100086093324,,0,仙林校区,2019-2020学年 第2学期,93324,逸C-102,0.0,否,06,1,16,,0,0,创业运营,17,第7节-第8节,逸夫楼C区,61000860
32.0,000000,全球文化创意案例及创新力探析(20192-61000870-1),201926100087093322,,3,创新创业课程,27,2-17周,0,陈静,2-17周 周二 第7节-第8节 逸B-207,2.0,公共课程,否,理论+实践课程,周二,2019-2020-2,,201926100087093322,,0,仙林校区,2019-2020学年 第2学期,93322,逸B-207,0.0,否,06,5,12,,20,0,全球文化创意案例及创新力探析,16,第7节-第8节,逸夫楼B区,61000870
32.0,400320,全球文化创意案例及创新力探析(20192-61000870-1),201926100087094088,,3,创新创业课程,8,2-17周,0,陈静,2-17周 周二 第7节-第8节 ,2.0,艺术学院,否,理论+实践课程,周二,2019-2020-2,,201926100087094088,,0,仙林校区,2019-2020学年 第2学期,94088,逸B207,0.0,否,06,5,12,,20,0,全球文化创意案例及创新力探析,,第7节-第8节,,61000870
32.0,000000,文化研究实践(20192-61000880-1),201926100088093263,,3,创新创业课程,56,2-17周,0,吴维忆,2-17周 周二 第9节-第10节 逸B-207,2.0,公共课程,否,理论类课程,周二,2019-2020-2,,201926100088093263,,0,仙林校区,2019-2020学年 第2学期,93263,逸B-207,0.0,否,06,1,32,,0,0,文化研究实践,16,第9节-第10节,逸夫楼B区,61000880
32.0,400320,文化研究实践(20192-61000880-1),201926100088094089,,3,创新创业课程,13,2-17周,0,吴维忆,2-17周 周二 第9节-第10节 ,2.0,艺术学院,否,理论类课程,周二,2019-2020-2,,201926100088094089,,0,仙林校区,2019-2020学年 第2学期,94089,逸B207,0.0,否,06,1,32,,0,0,文化研究实践,,第9节-第10节,,61000880
32.0,000000,文化产品市场营销(20192-61000890-1),201926100089093206,,3,创新创业课程,69,2-17周,0,刘毅,2-17周 周一 第7节-第8节 仙Ⅱ-306,2.0,公共课程,否,理论类课程,周一,2019-2020-2,,201926100089093206,,0,仙林校区,2019-2020学年 第2学期,93206,仙Ⅱ-306,0.0,否,06,1,32,,0,0,文化产品市场营销,12,第7节-第8节,仙II区,61000890
32.0,400320,文化产品市场营销(20192-61000890-1),201926100089094090,,3,创新创业课程,8,2-17周,0,刘毅,2-17周 周一 第7节-第8节 ,2.0,艺术学院,否,理论类课程,周一,2019-2020-2,,201926100089094090,,0,仙林校区,2019-2020学年 第2学期,94090,仙2-306,0.0,否,06,1,32,,0,0,文化产品市场营销,,第7节-第8节,,61000890
16.0,000000,智能系统中的嵌入式应用(20192-61000950-1),201926100095093311,,3,创新创业课程,2,2-17周,0,方元,2-17周 周二 第9节-第10节 ,1.0,公共课程,否,理论类课程,周二,2019-2020-2,,201926100095093311,,0,仙林校区,2019-2020学年 第2学期,93311,基础实验楼丙418,0.0,否,06,1,32,,0,0,智能系统中的嵌入式应用,,第9节-第10节,,61000950
16.0,000000,机器感知与智能控制(20192-61000960-1),201926100096093701,,3,创新创业课程,15,2-9周,0,"陈春林,辛博,董健",2-9周 周二 第7节-第8节 ,1.0,公共课程,否,理论类课程,周二,2019-2020-2,,201926100096093701,,0,仙林校区,2019-2020学年 第2学期,93701,基础实验楼乙435,0.0,否,06,1,16,,0,0,机器感知与智能控制,,第7节-第8节,,61000960
32.0,000000,光电信息工程实训(20192-61000970-1),201926100097093743,,3,创新创业课程,5,2-17周,0,"张益昕,王顺",2-17周 周五 第9节-第10节 ,2.0,公共课程,否,理论+实践课程,周五,2019-2020-2,,201926100097093743,,0,仙林校区,2019-2020学年 第2学期,93743,众创中心406,0.0,否,06,5,8,,24,0,光电信息工程实训,,第9节-第10节,,61000970
32.0,000000,职场英语演讲技巧(20192-61000980-1),201926100098093310,,3,创新创业课程,23,2-17周,0,陈星,2-17周 周二 第7节-第8节 逸C-103,2.0,公共课程,否,理论+实践课程,周二,2019-2020-2,,201926100098093310,,0,仙林校区,2019-2020学年 第2学期,93310,逸C-103,0.0,否,06,5,16,,16,0,职场英语演讲技巧,17,第7节-第8节,逸夫楼C区,61000980
32.0,000000,走向共享型对话：沟通能力与学业、职业和事业发展(20192-61000990-1),201926100099093336,,3,创新创业课程,23,2-17周,0,王靖华,2-17周 周一 第9节-第10节 仙Ⅰ-315,2.0,公共课程,否,理论类课程,周一,2019-2020-2,,201926100099093336,,0,仙林校区,2019-2020学年 第2学期,93336,仙Ⅰ-315,0.0,否,06,1,32,,0,0,走向共享型对话：沟通能力与学业、职业和事业发展,11,第9节-第10节,仙I区,61000990
32.0,000000,网络原理与创业(20192-61001000-1),201926100100093537,,3,创新创业课程,19,2-17周,0,陈相宁,2-17周 周一 第9节-第10节 逸C-104,2.0,公共课程,否,理论类课程,周一,2019-2020-2,,201926100100093537,,0,仙林校区,2019-2020学年 第2学期,93537,逸C-104,0.0,否,06,1,32,,0,0,网络原理与创业,17,第9节-第10节,逸夫楼C区,61001000
32.0,000000,声学技术创新与行业发展(20192-61001010-1),201926100101093332,,3,创新创业课程,3,2-17周,0,"林志斌,陶建成",2-17周 周五 第7节-第8节 仙Ⅰ-209,2.0,公共课程,否,理论+实践课程,周五,2019-2020-2,,201926100101093332,,0,仙林校区,2019-2020学年 第2学期,93332,仙Ⅰ-209,0.0,否,06,5,28,,4,0,声学技术创新与行业发展,11,第7节-第8节,仙I区,61001010
32.0,000000,虚拟技术的创新应用(20192-61001050-1),201926100105093331,,3,创新创业课程,15,2-17周,0,金莹,2-17周 周四 第5节-第6节 ,2.0,公共课程,否,理论+实验课程,周四,2019-2020-2,,201926100105093331,,0,仙林校区,2019-2020学年 第2学期,93331,基础实验楼乙213,6.0,否,06,6,26,,0,0,虚拟现实技术的创新应用,,第5节-第6节,,61001050
32.0,000000,生态农业气象大数据应用技术(20192-61001100-1),201926100110093313,,3,创新创业课程,19,2-13周,0,张录军,2-13周 周五 第9节-第11节 逸C-114,2.0,公共课程,否,理论+实践课程,周五,2019-2020-2,,201926100110093313,,0,仙林校区,2019-2020学年 第2学期,93313,逸C-114,0.0,否,06,5,24,,12,0,生态农业气象大数据应用技术,17,第9节-第11节,逸夫楼C区,61001100
32.0,000000,新媒体下的危机公关(20192-61001130-1),201926100113093275,,3,创新创业课程,38,2-16周(双),0,陈闽之,2-16周(双) 周四 第5节-第8节 ,2.0,公共课程,否,理论类课程,周四,2019-2020-2,,201926100113093275,,0,仙林校区,2019-2020学年 第2学期,93275,众创空间402,0.0,否,06,1,32,,0,0,新媒体下的危机公关,,第5节-第8节,,61001130
32.0,000000,智能硬件认识与DIY(20192-61001160-1),201926100116093338,,3,创新创业课程,28,2-17周,0,张志俭,2-17周 周一 第7节-第8节 ,2.0,公共课程,否,理论类课程,周一,2019-2020-2,,201926100116093338,,0,仙林校区,2019-2020学年 第2学期,93338,基础实验丙414,0.0,否,06,1,32,,0,0,智能硬件认识与DIY,,第7节-第8节,,61001160
16.0,000000,创新思维解码与应用(20192-61001170-1),201926100117093710,,3,创新创业课程,39,2-7周,0,吴浩然,2-7周 周一 第9节-第11节 ,1.0,公共课程,否,理论类课程,周一,2019-2020-2,,201926100117093710,,0,仙林校区,2019-2020学年 第2学期,93710,众创空间402,0.0,否,06,1,16,,0,0,创新思维解码与应用,,第9节-第11节,,61001170
32.0,000000,区块链+人工智能与金融创新(20192-61001200-1),201926100120093280,,3,创新创业课程,0,,0,,,2.0,公共课程,否,理论+实践+实验课程,,2019-2020-2,,201926100120093280,,0,仙林校区,2019-2020学年 第2学期,93280,,8.0,否,06,7,18,,6,0,区块链+人工智能与金融创新,,,,61001200
32.0,000000,民俗与设计(20192-61001220-1),201926100122093323,,3,创新创业课程,68,2-17周,0,李牧,2-17周 周四 第7节-第8节 仙Ⅱ-306,2.0,公共课程,否,理论类课程,周四,2019-2020-2,,201926100122093323,,0,仙林校区,2019-2020学年 第2学期,93323,仙Ⅱ-306,0.0,否,06,1,32,,0,0,民俗与设计,12,第7节-第8节,仙II区,61001220
32.0,400320,民俗与设计(20192-61001220-1),201926100122094091,,3,创新创业课程,7,1-17周,0,李牧,1-17周 周四 第7节-第8节 ,2.0,艺术学院,否,理论类课程,周四,2019-2020-2,,201926100122094091,,0,仙林校区,2019-2020学年 第2学期,94091,仙2-306,0.0,否,06,1,32,,0,0,民俗与设计,,第7节-第8节,,61001220
16.0,000000,组织行为与创新(20192-61001240-1),201926100124093197,,3,创新创业课程,18,2-9周,0,李嘉,2-9周 周五 第5节-第6节 逸C-204,1.0,公共课程,否,理论类课程,周五,2019-2020-2,,201926100124093197,,0,仙林校区,2019-2020学年 第2学期,93197,逸C-204,0.0,否,06,1,16,,0,0,组织行为与创新,17,第5节-第6节,逸夫楼C区,61001240
32.0,000000,人工智能基础与产业发展(20192-61001250-1),201926100125093182,,3,创新创业课程,32,2-17周,0,彭成磊,2-17周 周四 第9节-第10节 ,2.0,公共课程,否,理论类课程,周四,2019-2020-2,,201926100125093182,,0,仙林校区,2019-2020学年 第2学期,93182,基础实验楼丙409,0.0,否,06,1,32,,0,0,人工智能基础与产业发展,,第9节-第10节,,61001250
32.0,000000,公益慈善组织的创办与领导(20192-61001270-1),201926100127093337,,3,创新创业课程,9,2-17周,0,"田蓉,胡明",2-17周 周五 第9节-第10节 仙Ⅰ-112,2.0,公共课程,否,理论类课程,周五,2019-2020-2,,201926100127093337,,0,仙林校区,2019-2020学年 第2学期,93337,仙Ⅰ-112,0.0,否,06,1,32,,0,0,公益慈善组织的创办与领导,11,第9节-第10节,仙I区,61001270
32.0,000000,非物质文化遗产的创意与实践(20192-61001280-1),201926100128093327,,3,创新创业课程,33,2-12周,0,王建霞,2-12周 周二 第9节-第11节 ,2.0,公共课程,否,理论+实践课程,周二,2019-2020-2,,201926100128093327,,0,仙林校区,2019-2020学年 第2学期,93327,众创空间402,0.0,否,06,5,16,,16,0,非物质文化遗产的创意与实践,,第9节-第11节,,61001280
16.0,000000,电子信息热点技术追踪(20192-61001290-1),201926100129093339,,3,创新创业课程,56,3-10周,0,张志俭,3-10周 周五 第9节-第10节 ,1.0,公共课程,否,理论类课程,周五,2019-2020-2,,201926100129093339,,0,仙林校区,2019-2020学年 第2学期,93339,基础实验楼丙409,0.0,否,06,1,16,,0,0,电子信息热点技术追踪,,第9节-第10节,,61001290
32.0,000000,创新创业的实践性表达(20192-61001300-1),201926100130093328,,3,创新创业课程,32,2-12周,0,周俊,2-12周 周四 第9节-第11节 仙Ⅰ-117,2.0,公共课程,否,理论类课程,周四,2019-2020-2,,201926100130093328,,0,仙林校区,2019-2020学年 第2学期,93328,仙Ⅰ-117,0.0,否,06,1,32,,0,0,创新创业的实践性表达,11,第9节-第11节,仙I区,61001300
32.0,000000,智能物联网软件创新设计(20192-61001310-1),201926100131093316,,1,创新创业课程,9,"10-17周,10-17周",0,刘海涛,"10-17周 周一 第7节-第8节 ,10-17周 周三 第9节-第10节 ",2.0,公共课程,否,理论+实验课程,"周一,周三",2019-2020-2,,201926100131093316,,0,鼓楼校区,2019-2020学年 第2学期,93316,"费彝民楼710室,费彝民楼710室",12.0,否,06,6,20,,,0,智能物联网软件创新设计,,"第7节-第8节,第9节-第10节",,61001310
32.0,400270,智能物联网软件创新设计(20192-61001310-1),201926100131093721,,1,创新创业课程,51,"10-17周,10-17周",0,刘海涛,"10-17周 周一 第7节-第8节 ,10-17周 周三 第9节-第10节 ",2.0,软件学院,否,理论+实验课程,"周一,周三",2019-2020-2,,201926100131093721,,0,鼓楼校区,2019-2020学年 第2学期,93721,"费彝民楼710,费彝民楼710",12.0,否,06,6,20,,,0,智能物联网软件创新设计,,"第7节-第8节,第9节-第10节",,61001310
32.0,000000,基于FPGA硬件加速的深度学习系统设计(20192-61001320-1),201926100132093315,,3,创新创业课程,11,2-17周,0,林军,2-17周 周五 第7节-第8节 ,2.0,公共课程,否,理论类课程,周五,2019-2020-2,,201926100132093315,,0,仙林校区,2019-2020学年 第2学期,93315,基础实验楼丙418,0.0,否,06,1,32,,0,0,基于FPGA硬件加速的深度学习系统设计,,第7节-第8节,,61001320
32.0,000000,组织设计与创新(20192-61001330-1),201926100133093252,,3,创新创业课程,27,2-9周,0,龙静,2-9周 周四 第5节-第6节 逸C-502,1.0,公共课程,否,理论+实践课程,周四,2019-2020-2,,201926100133093252,,0,仙林校区,2019-2020学年 第2学期,93252,逸C-502,0.0,否,06,5,8,,8,0,组织设计与创新,17,第5节-第6节,逸夫楼C区,61001330
32.0,000000,青年创业项目选择与经验分析(20192-61001340-1),201926100134093746,,3,创新创业课程,33,2-17周,0,苏瑞娜,2-17周 周五 第9节-第10节 ,2.0,公共课程,否,理论类课程,周五,2019-2020-2,,201926100134093746,,0,仙林校区,2019-2020学年 第2学期,93746,众创空间401,0.0,否,06,1,32,,0,0,青年创业项目选择与经验分析,,第9节-第10节,,61001340
32.0,000000,现代电源系统创新设计与工程应用（下）(20192-61001350-1),201926100135093321,,3,创新创业课程,15,2-17周,0,司峻峰,2-17周 周一 第9节-第10节 ,2.0,公共课程,否,理论类课程,周一,2019-2020-2,,201926100135093321,,0,仙林校区,2019-2020学年 第2学期,93321,基础实验楼丙405,0.0,否,06,1,32,,0,0,现代电源系统创新设计与工程应用（下）,,第9节-第10节,,61001350
16.0,400010,创新创业实践,201926100136095753,,3,创新创业课程,2,15-16周,0,,15-16周 自由时间 - ,1.0,文学院,否,实践类课程,自由时间,2019-2020-2,,201926100136095753,,0,仙林校区,2019-2020学年 第2学期,95753,无,0.0,否,06,3,0,,16,0,创新创业实践,,自由时间,,61001360
16.0,400020,创新创业实践,201926100136095754,,3,创新创业课程,4,15-16周,0,,15-16周 自由时间 - ,1.0,历史学院,否,实践类课程,自由时间,2019-2020-2,,201926100136095754,,0,仙林校区,2019-2020学年 第2学期,95754,无,0.0,否,06,3,0,,16,0,创新创业实践,,自由时间,,61001360
16.0,400050,创新创业实践,201926100136095755,,3,创新创业课程,2,15-16周,0,,15-16周 自由时间 - ,1.0,法学院,否,实践类课程,自由时间,2019-2020-2,,201926100136095755,,0,仙林校区,2019-2020学年 第2学期,95755,无,0.0,否,06,3,0,,16,0,创新创业实践,,自由时间,,61001360
16.0,400030,创新创业实践,201926100136095756,,3,创新创业课程,0,15-16周,0,,15-16周 自由时间 - ,1.0,哲学学院,否,实践类课程,自由时间,2019-2020-2,,201926100136095756,,0,仙林校区,2019-2020学年 第2学期,95756,无,0.0,否,06,3,0,,16,0,创新创业实践,,自由时间,,61001360
16.0,400040,创新创业实践,201926100136095757,,3,创新创业课程,0,15-16周,0,,15-16周 自由时间 - ,1.0,新闻传播学院,否,实践类课程,自由时间,2019-2020-2,,201926100136095757,,0,仙林校区,2019-2020学年 第2学期,95757,无,0.0,否,06,3,0,,16,0,创新创业实践,,自由时间,,61001360
16.0,400080,创新创业实践,201926100136095758,,3,创新创业课程,0,15-16周,0,,15-16周 自由时间 - ,1.0,政府管理学院,否,实践类课程,自由时间,2019-2020-2,,201926100136095758,,0,仙林校区,2019-2020学年 第2学期,95758,无,0.0,否,06,3,0,,16,0,创新创业实践,,自由时间,,61001360
16.0,400090,创新创业实践,201926100136095759,,3,创新创业课程,1,15-16周,0,,15-16周 自由时间 - ,1.0,信息管理学院,否,实践类课程,自由时间,2019-2020-2,,201926100136095759,,0,仙林校区,2019-2020学年 第2学期,95759,无,0.0,否,06,3,0,,16,0,创新创业实践,,自由时间,,61001360
16.0,400100,创新创业实践,201926100136095760,,3,创新创业课程,4,15-16周,0,,15-16周 自由时间 - ,1.0,社会学院,否,实践类课程,自由时间,2019-2020-2,,201926100136095760,,0,仙林校区,2019-2020学年 第2学期,95760,无,0.0,否,06,3,0,,16,0,创新创业实践,,自由时间,,61001360
16.0,400060,创新创业实践,201926100136095761,,3,创新创业课程,5,15-16周,0,,15-16周 自由时间 - ,1.0,商学院,否,实践类课程,自由时间,2019-2020-2,,201926100136095761,,0,仙林校区,2019-2020学年 第2学期,95761,无,0.0,否,06,3,0,,16,0,创新创业实践,,自由时间,,61001360
16.0,400070,创新创业实践,201926100136095762,,3,创新创业课程,4,15-16周,0,,15-16周 自由时间 - ,1.0,外国语学院,否,实践类课程,自由时间,2019-2020-2,,201926100136095762,,0,仙林校区,2019-2020学年 第2学期,95762,无,0.0,否,06,3,0,,16,0,创新创业实践,,自由时间,,61001360
16.0,400110,创新创业实践,201926100136095763,,3,创新创业课程,0,15-16周,0,,15-16周 自由时间 - ,1.0,数学学院,否,实践类课程,自由时间,2019-2020-2,,201926100136095763,,0,仙林校区,2019-2020学年 第2学期,95763,无,0.0,否,06,3,0,,16,0,创新创业实践,,自由时间,,61001360
16.0,400120,创新创业实践,201926100136095764,,3,创新创业课程,5,15-16周,0,,15-16周 自由时间 - ,1.0,物理学院,否,实践类课程,自由时间,2019-2020-2,,201926100136095764,,0,仙林校区,2019-2020学年 第2学期,95764,无,0.0,否,06,3,0,,16,0,创新创业实践,,自由时间,,61001360
16.0,400140,创新创业实践,201926100136095765,,3,创新创业课程,2,15-16周,0,,15-16周 自由时间 - ,1.0,化学学院,否,实践类课程,自由时间,2019-2020-2,,201926100136095765,,0,仙林校区,2019-2020学年 第2学期,95765,无,0.0,否,06,3,0,,16,0,创新创业实践,,自由时间,,61001360
16.0,400220,创新创业实践,201926100136095766,,3,创新创业课程,8,15-16周,0,,15-16周 自由时间 - ,1.0,生命科学学院,否,实践类课程,自由时间,2019-2020-2,,201926100136095766,,0,仙林校区,2019-2020学年 第2学期,95766,无,0.0,否,06,3,0,,16,0,创新创业实践,,自由时间,,61001360
16.0,400190,创新创业实践,201926100136095767,,3,创新创业课程,4,15-16周,0,,15-16周 自由时间 - ,1.0,地球科学与工程学院,否,实践类课程,自由时间,2019-2020-2,,201926100136095767,,0,仙林校区,2019-2020学年 第2学期,95767,无,0.0,否,06,3,0,,16,0,创新创业实践,,自由时间,,61001360
16.0,400200,创新创业实践,201926100136095768,,3,创新创业课程,0,15-16周,0,,15-16周 自由时间 - ,1.0,地理与海洋科学学院,否,实践类课程,自由时间,2019-2020-2,,201926100136095768,,0,仙林校区,2019-2020学年 第2学期,95768,无,0.0,否,06,3,0,,16,0,创新创业实践,,自由时间,,61001360
16.0,400210,创新创业实践,201926100136095769,,3,创新创业课程,6,15-16周,0,,15-16周 自由时间 - ,1.0,大气科学学院,否,实践类课程,自由时间,2019-2020-2,,201926100136095769,,0,仙林校区,2019-2020学年 第2学期,95769,无,0.0,否,06,3,0,,16,0,创新创业实践,,自由时间,,61001360
16.0,400160,创新创业实践,201926100136095770,,3,创新创业课程,16,15-16周,0,,15-16周 自由时间 - ,1.0,电子科学与工程学院,否,实践类课程,自由时间,2019-2020-2,,201926100136095770,,0,仙林校区,2019-2020学年 第2学期,95770,无,0.0,否,06,3,0,,16,0,创新创业实践,,自由时间,,61001360
16.0,400170,创新创业实践,201926100136095771,,3,创新创业课程,10,15-16周,0,,15-16周 自由时间 - ,1.0,现代工程与应用科学学院,否,实践类课程,自由时间,2019-2020-2,,201926100136095771,,0,仙林校区,2019-2020学年 第2学期,95771,无,0.0,否,06,3,0,,16,0,创新创业实践,,自由时间,,61001360
16.0,400180,创新创业实践,201926100136095772,,3,创新创业课程,1,15-16周,0,,15-16周 自由时间 - ,1.0,环境学院,否,实践类课程,自由时间,2019-2020-2,,201926100136095772,,0,仙林校区,2019-2020学年 第2学期,95772,无,0.0,否,06,3,0,,16,0,创新创业实践,,自由时间,,61001360
16.0,400130,创新创业实践,201926100136095773,,3,创新创业课程,1,15-16周,0,,15-16周 自由时间 - ,1.0,天文与空间科学学院,否,实践类课程,自由时间,2019-2020-2,,201926100136095773,,0,仙林校区,2019-2020学年 第2学期,95773,无,0.0,否,06,3,0,,16,0,创新创业实践,,自由时间,,61001360
16.0,400150,创新创业实践,201926100136095774,,3,创新创业课程,1,15-16周,0,,15-16周 自由时间 - ,1.0,计算机学院,否,实践类课程,自由时间,2019-2020-2,,201926100136095774,,0,仙林校区,2019-2020学年 第2学期,95774,无,0.0,否,06,3,0,,16,0,创新创业实践,,自由时间,,61001360
16.0,400230,创新创业实践,201926100136095775,,3,创新创业课程,3,15-16周,0,,15-16周 自由时间 - ,1.0,医学院,否,实践类课程,自由时间,2019-2020-2,,201926100136095775,,0,仙林校区,2019-2020学年 第2学期,95775,无,0.0,否,06,3,0,,16,0,创新创业实践,,自由时间,,61001360
16.0,400250,创新创业实践,201926100136095776,,3,创新创业课程,3,15-16周,0,,15-16周 自由时间 - ,1.0,匡亚明学院,否,实践类课程,自由时间,2019-2020-2,,201926100136095776,,0,仙林校区,2019-2020学年 第2学期,95776,无,0.0,否,06,3,0,,16,0,创新创业实践,,自由时间,,61001360
16.0,400270,创新创业实践,201926100136095777,,3,创新创业课程,1,15-16周,0,,15-16周 自由时间 - ,1.0,软件学院,否,实践类课程,自由时间,2019-2020-2,,201926100136095777,,0,仙林校区,2019-2020学年 第2学期,95777,无,0.0,否,06,3,0,,16,0,创新创业实践,,自由时间,,61001360
16.0,400240,创新创业实践,201926100136095778,,3,创新创业课程,4,15-16周,0,,15-16周 自由时间 - ,1.0,工程管理学院,否,实践类课程,自由时间,2019-2020-2,,201926100136095778,,0,仙林校区,2019-2020学年 第2学期,95778,无,0.0,否,06,3,0,,16,0,创新创业实践,,自由时间,,61001360
16.0,400260,创新创业实践,201926100136095779,,3,创新创业课程,2,15-16周,0,,15-16周 自由时间 - ,1.0,海外教育学院,否,实践类课程,自由时间,2019-2020-2,,201926100136095779,,0,仙林校区,2019-2020学年 第2学期,95779,无,0.0,否,06,3,0,,16,0,创新创业实践,,自由时间,,61001360
16.0,400280,创新创业实践,201926100136095780,,3,创新创业课程,0,15-16周,0,,15-16周 自由时间 - ,1.0,建筑与城市规划学院,否,实践类课程,自由时间,2019-2020-2,,201926100136095780,,0,仙林校区,2019-2020学年 第2学期,95780,无,0.0,否,06,3,0,,16,0,创新创业实践,,自由时间,,61001360
32.0,000000,中国语言资源调研与创新性应用(20192-61001370-1),201926100137093314,,3,创新创业课程,20,2-17周,0,顾黔,2-17周 周二 第7节-第8节 仙Ⅰ-315,2.0,公共课程,否,理论类课程,周二,2019-2020-2,,201926100137093314,,0,仙林校区,2019-2020学年 第2学期,93314,仙Ⅰ-315,0.0,否,06,1,32,,0,0,中国语言资源调研与创新性应用,11,第7节-第8节,仙I区,61001370
16.0,000000,智慧交通与创新出行(20192-61001390-1),201926100139093189,,3,创新创业课程,12,10-17周,0,石飞,10-17周 周四 第5节-第6节 仙Ⅰ-111,1.0,公共课程,否,理论+实践课程,周四,2019-2020-2,,201926100139093189,,0,仙林校区,2019-2020学年 第2学期,93189,仙Ⅰ-111,0.0,否,06,5,10,,6,0,智慧交通与创新出行,11,第5节-第6节,仙I区,61001390
32.0,000000,大数据集成与应用(20192-61001450-1),201926100145093702,,1,创新创业课程,77,"10-17周,10-17周",0,刘峰,"10-17周 周二 第7节-第8节 教121,10-17周 周四 第9节-第10节 教121",2.0,公共课程,否,理论类课程,"周二,周四",2019-2020-2,,201926100145093702,,0,鼓楼校区,2019-2020学年 第2学期,93702,"教121,教121",0.0,否,06,1,32,,0,0,大数据集成与应用,1,"第7节-第8节,第9节-第10节",教学楼,61001450
32.0,400270,大数据集成与应用(20192-61001450-1),201926100145093719,,1,创新创业课程,38,"10-17周,10-17周",0,,"10-17周 周二 第7节-第8节 ,10-17周 周四 第9节-第10节 ",2.0,软件学院,否,理论类课程,"周二,周四",2019-2020-2,,201926100145093719,,0,鼓楼校区,2019-2020学年 第2学期,93719,"教121,教121",0.0,否,06,1,32,,0,0,大数据集成与应用,,"第7节-第8节,第9节-第10节",,61001450
32.0,000000,基于无人机行业应用的开发学习（上）(20192-61001460-1),201926100146093703,,3,创新创业课程,23,3-17周,0,"葛中芹,戚海峰",3-17周 周三 第9节-第11节 ,2.0,公共课程,否,理论+实践课程,周三,2019-2020-2,,201926100146093703,,0,仙林校区,2019-2020学年 第2学期,93703,基础实验楼丙415,0.0,否,06,5,32,,16,0,基于无人机行业应用的开发学习（上）,,第9节-第11节,,61001460
32.0,000000,全球化视野下的当代中国影像(20192-61001470-1),201926100147093705,,1,创新创业课程,0,,0,,,2.0,公共课程,否,理论类课程,,2019-2020-2,,201926100147093705,,0,鼓楼校区,2019-2020学年 第2学期,93705,,0.0,否,06,1,32,,0,0,全球化视野下的当代中国影像,,,,61001470
32.0,000000,创新创业与融资决策(20192-61001480-1),201926100148093704,,3,创新创业课程,29,2-17周,0,王长江,2-17周 周二 第9节-第10节 逸C-105,2.0,公共课程,否,理论+实践课程,周二,2019-2020-2,,201926100148093704,,0,仙林校区,2019-2020学年 第2学期,93704,逸C-105,0.0,否,06,5,24,,8,0,创新创业与融资决策,17,第9节-第10节,逸夫楼C区,61001480
48.0,000000,视觉文化与影像创作(20192-61001490-1),201926100149093706,,3,创新创业课程,14,2-17周,0,冉光沛,2-17周 周四 第9节-第11节 仙Ⅰ-209,3.0,公共课程,否,理论类课程,周四,2019-2020-2,,201926100149093706,,0,仙林校区,2019-2020学年 第2学期,93706,仙Ⅰ-209,0.0,否,06,1,48,,0,0,视觉文化与影像创作,11,第9节-第11节,仙I区,61001490
48.0,000000,创客必备的技术锦囊(20192-61001510-1),201926100151093708,,3,创新创业课程,27,2-17周,0,周俊,2-17周 周日 第6节-第8节 仙Ⅰ-111,3.0,公共课程,否,理论类课程,周日,2019-2020-2,,201926100151093708,,0,仙林校区,2019-2020学年 第2学期,93708,仙Ⅰ-111,0.0,否,06,1,48,,0,0,创客必备的技术锦囊,11,第6节-第8节,仙I区,61001510
32.0,000000,科技向善——3D打印创意产品设计(20192-61001520-1),201926100152093713,,3,创新创业课程,17,2-12周,0,祁繁,2-12周 周日 第5节-第7节 ,2.0,公共课程,否,理论类课程,周日,2019-2020-2,,201926100152093713,,0,仙林校区,2019-2020学年 第2学期,93713,众创空间401,0.0,否,06,1,16,,17,0,科技向善——3D打印创意产品设计,,第5节-第7节,,61001520
32.0,000000,小型环保产品的创新设计和研发(20192-61001530-1),201926100153093715,,3,创新创业课程,5,2-17周,0,吴军,2-17周 周三 第1节-第2节 仙Ⅰ-214,2.0,公共课程,否,理论类课程,周三,2019-2020-2,,201926100153093715,,0,仙林校区,2019-2020学年 第2学期,93715,仙Ⅰ-214,0.0,否,06,1,32,,0,0,小型环保产品的创新设计和研发,11,第1节-第2节,仙I区,61001530
32.0,000000,产品实务与创业策划(20192-61001540-1),201926100154093716,,3,创新创业课程,52,2-17周,0,王鹏,2-17周 周二 第9节-第10节 仙Ⅱ-213,2.0,公共课程,否,理论类课程,周二,2019-2020-2,,201926100154093716,,0,仙林校区,2019-2020学年 第2学期,93716,仙Ⅱ-213,0.0,否,06,1,32,,0,0,产品实务与创业策划,12,第9节-第10节,仙II区,61001540
32.0,000000,创新创业战略(20192-61001550-1),201926100155093717,,3,创新创业课程,22,"3-6周,3-6周,6周",0,任荣伟,"3-6周 周六 第1节-第4节 ,3-6周 周五 第9节-第11节 ,6周 周六 第5节-第8节 ",2.0,公共课程,否,理论类课程,"周五,周六,周六",2019-2020-2,,201926100155093717,,0,仙林校区,2019-2020学年 第2学期,93717,"众创空间402,众创空间402,众创空间402",0.0,否,06,1,32,,0,0,创新创业战略,,"第9节-第11节,第1节-第4节,第5节-第8节",,61001550
16.0,000000,区块链技术与创新(20192-61001560-1),201926100156093718,,3,创新创业课程,54,2-10周,0,"黄达明,吴奕,仲盛",2-10周 周三 第9节-第10节 仙Ⅱ-110,1.0,公共课程,否,理论类课程,周三,2019-2020-2,,201926100156093718,,0,仙林校区,2019-2020学年 第2学期,93718,仙Ⅱ-110,0.0,否,06,1,16,,0,0,区块链技术与创新,12,第9节-第10节,仙II区,61001560
32.0,000000,电子技术妙用(20192-61001570-1),201926100157093744,,3,创新创业课程,14,2-17周,0,郑江,2-17周 周二 第9节-第10节 ,2.0,公共课程,否,理论类课程,周二,2019-2020-2,,201926100157093744,,0,仙林校区,2019-2020学年 第2学期,93744,基础实验楼丙414,0.0,否,06,1,32,,0,0,电子技术妙用,,第9节-第10节,,61001570
32.0,000000,数字人文创新思维与方法(20192-61001580-1),201926100158093745,,3,创新创业课程,12,2-17周,0,"王涛,陈静,陈刚",2-17周 周二 第9节-第10节 ,2.0,公共课程,否,理论类课程,周二,2019-2020-2,,201926100158093745,,0,仙林校区,2019-2020学年 第2学期,93745,众创空间401,0.0,否,06,1,32,,0,0,数字人文创新思维与方法,,第9节-第10节,,61001580
16.0,000000,信息经纪人智慧与实务(20192-61100020-1),201926110002093600,,3,创新创业课程,9,2-9周,0,陈雅,2-9周 周三 第5节-第6节 逸C-102,1.0,公共课程,否,理论类课程,周三,2019-2020-2,,201926110002093600,,0,仙林校区,2019-2020学年 第2学期,93600,逸C-102,0.0,否,06,1,16,,0,0,信息经纪人智慧与实务,17,第5节-第6节,逸夫楼C区,61100020
32.0,000000,普通天文学(20192-77000120-1),201927700012093392,,3,文化素质选修,114,2-17周,0,"谢懿,姜冰",2-17周 周一 第7节-第8节 仙Ⅱ-305,2.0,公共课程,否,理论类课程,周一,2019-2020-2,,201927700012093392,,0,仙林校区,2019-2020学年 第2学期,93392,仙Ⅱ-305,0.0,否,07,1,32,,0,0,普通天文学,12,第7节-第8节,仙II区,77000120
32.0,000000,小提琴演奏提高班(20192-77000400-1),201927700040093481,,3,文化素质选修,6,2-17周,0,钱君,2-17周 周一 第7节-第8节 ,2.0,公共课程,否,理论类课程,周一,2019-2020-2,,201927700040093481,,0,仙林校区,2019-2020学年 第2学期,93481,大活320,0.0,否,07,1,32,,0,0,小提琴演奏提高班,,第7节-第8节,,77000400
32.0,000000,生命起源与演化(20192-77001010-1),201927700101093370,,3,文化素质选修,90,2-17周,0,姚素平,2-17周 周一 第9节-第10节 仙Ⅱ-104,2.0,公共课程,否,理论类课程,周一,2019-2020-2,,201927700101093370,,0,仙林校区,2019-2020学年 第2学期,93370,仙Ⅱ-104,0.0,否,07,1,32,,0,0,生命起源与演化,12,第9节-第10节,仙II区,77001010
32.0,000000,化学与社会(20192-77001560-1),201927700156093374,,3,文化素质选修,61,2-17周,0,郑和根,2-17周 周二 第9节-第10节 仙Ⅱ-110,2.0,公共课程,否,理论类课程,周二,2019-2020-2,,201927700156093374,,0,仙林校区,2019-2020学年 第2学期,93374,仙Ⅱ-110,0.0,否,07,1,32,,0,0,化学与社会,12,第9节-第10节,仙II区,77001560
32.0,000000,语言学概论(20192-77001940-1),201927700194093400,,3,文化素质选修,0,,0,,,2.0,公共课程,否,理论类课程,,2019-2020-2,,201927700194093400,,0,仙林校区,2019-2020学年 第2学期,93400,,0.0,否,07,1,32,,0,0,语言学概论,,,,77001940
32.0,000000,现代音乐的历史与流派(20192-77002570-1),201927700257093723,,3,文化素质选修,43,1-17周,0,钱君,1-17周 周二 第9节-第10节 仙Ⅱ-212,2.0,公共课程,否,理论类课程,周二,2019-2020-2,,201927700257093723,,0,仙林校区,2019-2020学年 第2学期,93723,仙Ⅱ-212,0.0,否,07,1,32,,0,0,现代音乐的历史与流派,12,第9节-第10节,仙II区,77002570
32.0,000000,东亚艺术赏析(20192-77002590-1),201927700259093724,,3,文化素质选修,89,1-17周,0,林银雅,1-17周 周一 第7节-第8节 仙Ⅱ-103,2.0,公共课程,否,理论类课程,周一,2019-2020-2,,201927700259093724,,0,仙林校区,2019-2020学年 第2学期,93724,仙Ⅱ-103,0.0,否,07,1,32,,0,0,东亚艺术赏析,12,第7节-第8节,仙II区,77002590
32.0,000000,Historical Sociology : Focusing on Korea(20192-77002670-1),201927700267093399,,3,文化素质选修,10,3-17周,0,吴玉梅,3-17周 周四 第7节-第8节 ,2.0,公共课程,否,理论类课程,周四,2019-2020-2,,201927700267093399,,0,仙林校区,2019-2020学年 第2学期,93399,仙Ⅰ-525,0.0,否,07,1,32,,0,0,Historical Sociology : Focusing on Korea,,第7节-第8节,,77002670
32.0,000000,战后中日关系(20192-77002700-1),201927700270093441,,3,文化素质选修,92,2-17周,0,翟意安,2-17周 周五 第7节-第8节 仙Ⅱ-110,2.0,公共课程,否,理论类课程,周五,2019-2020-2,,201927700270093441,,0,仙林校区,2019-2020学年 第2学期,93441,仙Ⅱ-110,0.0,否,07,1,32,,0,0,战后中日关系,12,第7节-第8节,仙II区,77002700
32.0,000000,能源与环境概论(20192-77002950-1),201927700295093375,,3,文化素质选修,79,3-17周,0,谢显传,3-17周 周一 第9节-第10节 仙Ⅱ-110,2.0,公共课程,否,理论类课程,周一,2019-2020-2,,201927700295093375,,0,仙林校区,2019-2020学年 第2学期,93375,仙Ⅱ-110,0.0,否,07,1,32,,0,0,能源与环境概论,12,第9节-第10节,仙II区,77002950
32.0,000000,香港历史专题(20192-77003110-1),201927700311093384,,3,文化素质选修,92,2-17周,0,孙扬,2-17周 周四 第9节-第10节 仙Ⅱ-110,2.0,公共课程,否,理论类课程,周四,2019-2020-2,,201927700311093384,,0,仙林校区,2019-2020学年 第2学期,93384,仙Ⅱ-110,0.0,否,07,1,32,,0,0,香港历史专题,12,第9节-第10节,仙II区,77003110
32.0,000000,油画技法(20192-77003240-1),201927700324093413,,3,文化素质选修,21,2-17周,0,杨秀娟,2-17周 周一 第7节-第8节 ,2.0,公共课程,否,理论+实践课程,周一,2019-2020-2,,201927700324093413,,0,仙林校区,2019-2020学年 第2学期,93413,仙Ⅱ-124,0.0,否,07,5,2,,30,0,油画技法,,第7节-第8节,,77003240
32.0,000000,自我探索与职业规划(20192-77003370-1),201927700337093379,,3,文化素质选修,37,2-17周,0,张巍,2-17周 周二 第7节-第8节 仙Ⅰ-111,2.0,公共课程,否,理论类课程,周二,2019-2020-2,,201927700337093379,,0,仙林校区,2019-2020学年 第2学期,93379,仙Ⅰ-111,0.0,否,07,1,32,,0,0,自我探索与职业规划,11,第7节-第8节,仙I区,77003370
32.0,000000,自我探索与职业规划(20192-77003370-2),201927700337093393,,3,文化素质选修,0,,0,,,2.0,公共课程,否,理论类课程,,2019-2020-2,,201927700337093393,,0,仙林校区,2019-2020学年 第2学期,93393,,0.0,否,07,1,32,,0,0,自我探索与职业规划,,,,77003370
32.0,000000,自我探索与职业规划(20192-77003370-3),201927700337093394,,3,文化素质选修,48,2-17周,0,赵娟,2-17周 周二 第5节-第6节 仙Ⅰ-111,2.0,公共课程,否,理论类课程,周二,2019-2020-2,,201927700337093394,,0,仙林校区,2019-2020学年 第2学期,93394,仙Ⅰ-111,0.0,否,07,1,32,,0,0,自我探索与职业规划,11,第5节-第6节,仙I区,77003370
32.0,000000,求职技巧与个人优势探索(20192-77003380-1),201927700338093380,,3,文化素质选修,48,2-17周,0,李岩,2-17周 周一 第7节-第8节 仙Ⅰ-111,2.0,公共课程,否,理论类课程,周一,2019-2020-2,,201927700338093380,,0,仙林校区,2019-2020学年 第2学期,93380,仙Ⅰ-111,0.0,否,07,1,32,,0,0,求职技巧与个人优势探索,11,第7节-第8节,仙I区,77003380
32.0,000000,求职技巧与个人优势探索(20192-77003380-2),201927700338093395,,3,文化素质选修,43,2-17周,0,李兴华,2-17周 周二 第7节-第8节 仙Ⅰ-113,2.0,公共课程,否,理论类课程,周二,2019-2020-2,,201927700338093395,,0,仙林校区,2019-2020学年 第2学期,93395,仙Ⅰ-113,0.0,否,07,1,32,,0,0,求职技巧与个人优势探索,11,第7节-第8节,仙I区,77003380
32.0,000000,求职技巧与个人优势探索(20192-77003380-3),201927700338093396,,3,文化素质选修,46,2-17周,0,裴玉,2-17周 周二 第7节-第8节 仙Ⅰ-114,2.0,公共课程,否,理论类课程,周二,2019-2020-2,,201927700338093396,,0,仙林校区,2019-2020学年 第2学期,93396,仙Ⅰ-114,0.0,否,07,1,32,,0,0,求职技巧与个人优势探索,11,第7节-第8节,仙I区,77003380
32.0,000000,大数据从0到1(20192-77003410-1),201927700341093377,,3,文化素质选修,24,2-17周,0,张洁,2-17周 周二 第5节-第6节 ,2.0,公共课程,否,理论类课程,周二,2019-2020-2,,201927700341093377,,0,仙林校区,2019-2020学年 第2学期,93377,基础实验楼乙210,0.0,否,07,1,32,,0,0,大数据从0到1,,第5节-第6节,,77003410
32.0,000000,矿物与人类健康（双语）(20192-77003460-1),201927700346093433,,3,文化素质选修,9,2-17周,0,陈暘,2-17周 周五 第7节-第8节 仙Ⅱ-103,2.0,公共课程,否,理论类课程,周五,2019-2020-2,,201927700346093433,,0,仙林校区,2019-2020学年 第2学期,93433,仙Ⅱ-103,0.0,否,07,1,32,,0,0,矿物与人类健康（双语）,12,第7节-第8节,仙II区,77003460
32.0,000000,中国当代艺术观念与现代社会(20192-77003470-1),201927700347093412,,3,文化素质选修,72,2-17周,0,李丹,2-17周 周二 第7节-第8节 仙Ⅱ-103,2.0,公共课程,否,理论类课程,周二,2019-2020-2,,201927700347093412,,0,仙林校区,2019-2020学年 第2学期,93412,仙Ⅱ-103,0.0,否,07,1,32,,0,0,中国当代艺术观念与现代社会,12,第7节-第8节,仙II区,77003470
32.0,000000,钢琴基础(20192-78000390-1),201927800039093417,,3,文化素质选修,18,2-17周,0,范丽甍,2-17周 周五 第7节-第8节 ,2.0,公共课程,否,实践类课程,周五,2019-2020-2,,201927800039093417,,0,仙林校区,2019-2020学年 第2学期,93417,大活320,0.0,否,07,3,0,,32,0,钢琴基础,,第7节-第8节,,78000390
32.0,000000,声乐基础(20192-78000400-1),201927800040093476,,3,文化素质选修,0,,0,,,2.0,公共课程,否,理论类课程,,2019-2020-2,,201927800040093476,,0,仙林校区,2019-2020学年 第2学期,93476,,0.0,否,07,1,32,,0,0,声乐基础,,,,78000400
16.0,000000,传统射艺(20192-78000450-1),201927800045093444,,3,文化素质选修,22,2-17周,0,翟一飞,2-17周 周一 第7节-第8节 ,1.0,公共课程,否,实践类课程,周一,2019-2020-2,,201927800045093444,,0,仙林校区,2019-2020学年 第2学期,93444,方肇周体育馆110,0.0,否,07,3,2,,30,0,传统射艺,,第7节-第8节,,78000450
32.0,000000,网络新科学(20192-78000470-1),201927800047093401,,3,文化素质选修,14,2-17周,0,尚可可,2-17周 周一 第9节-第10节 仙Ⅱ-102,2.0,公共课程,否,理论类课程,周一,2019-2020-2,,201927800047093401,,0,仙林校区,2019-2020学年 第2学期,93401,仙Ⅱ-102,6.0,否,07,1,26,,0,0,网络新科学,12,第9节-第10节,仙II区,78000470
32.0,000000,结构素描(20192-78000560-1),201927800056093479,,3,文化素质选修,21,2-17周,0,杨秀娟,2-17周 周二 第7节-第8节 ,2.0,公共课程,否,理论+实践课程,周二,2019-2020-2,,201927800056093479,,0,仙林校区,2019-2020学年 第2学期,93479,仙Ⅱ-124,0.0,否,07,5,2,,30,0,结构素描,,第7节-第8节,,78000560
32.0,000000,大学生心理健康学(20192-78001070-1),201927800107093748,,3,文化素质选修,147,2-17周,0,成雪峰,2-17周 周四 第7节-第8节 逸B-212,2.0,公共课程,否,理论类课程,周四,2019-2020-2,,201927800107093748,,0,仙林校区,2019-2020学年 第2学期,93748,逸B-212,0.0,否,07,1,32,,0,0,大学生心理健康学,16,第7节-第8节,逸夫楼B区,78001070
32.0,000000,大学生心理健康学(20192-78001070-2),201927800107093749,,3,文化素质选修,69,2-17周,0,徐花,2-17周 周二 第7节-第8节 仙Ⅰ-108,2.0,公共课程,否,理论类课程,周二,2019-2020-2,,201927800107093749,,0,仙林校区,2019-2020学年 第2学期,93749,仙Ⅰ-108,0.0,否,07,1,32,,0,0,大学生心理健康学,11,第7节-第8节,仙I区,78001070
32.0,000000,钢琴提高(20192-78001160-1),201927800116093418,,3,文化素质选修,20,2-17周,0,范丽甍,2-17周 周五 第9节-第10节 ,2.0,公共课程,否,实践类课程,周五,2019-2020-2,,201927800116093418,,0,仙林校区,2019-2020学年 第2学期,93418,大活320,0.0,否,07,3,0,,32,0,钢琴提高,,第9节-第10节,,78001160
32.0,000000,中国女性文化(20192-78001460-1),201927800146093388,,3,文化素质选修,87,9-17周,0,任玲玲,9-17周 周四 第9节-第10节 仙Ⅱ-103,2.0,公共课程,否,理论类课程,周四,2019-2020-2,,201927800146093388,,0,仙林校区,2019-2020学年 第2学期,93388,仙Ⅱ-103,0.0,否,07,1,32,,0,0,中国女性文化,12,第9节-第10节,仙II区,78001460
32.0,000000,小提琴演奏初级班(20192-78001490-1),201927800149093483,,3,文化素质选修,11,2-17周,0,钱君,2-17周 周二 第7节-第8节 ,2.0,公共课程,否,实践类课程,周二,2019-2020-2,,201927800149093483,,0,仙林校区,2019-2020学年 第2学期,93483,大活320,0.0,否,07,3,0,,32,0,小提琴演奏初级班,,第7节-第8节,,78001490
32.0,000000,西方美术史(20192-78001780-1),201927800178093480,,3,文化素质选修,93,2-17周,0,杨秀娟,2-17周 周三 第5节-第6节 仙Ⅱ-110,2.0,公共课程,否,理论类课程,周三,2019-2020-2,,201927800178093480,,0,仙林校区,2019-2020学年 第2学期,93480,仙Ⅱ-110,0.0,否,07,1,32,,0,0,西方美术史,12,第5节-第6节,仙II区,78001780
32.0,000000,20世纪中国美术教育(20192-78002770-1),201927800277093478,,3,文化素质选修,115,2-17周,0,尚莲霞,2-17周 周四 第7节-第8节 仙Ⅱ-303,2.0,公共课程,否,理论类课程,周四,2019-2020-2,,201927800277093478,,0,仙林校区,2019-2020学年 第2学期,93478,仙Ⅱ-303,0.0,否,07,1,32,,0,0,20世纪中国美术教育,12,第7节-第8节,仙II区,78002770
32.0,000000,近代中日关系史(20192-78003470-1),201927800347093440,,3,文化素质选修,91,2-17周,0,翟意安,2-17周 周三 第7节-第8节 仙Ⅱ-103,2.0,公共课程,否,理论类课程,周三,2019-2020-2,,201927800347093440,,0,仙林校区,2019-2020学年 第2学期,93440,仙Ⅱ-103,0.0,否,07,1,32,,0,0,近代中日关系史,12,第7节-第8节,仙II区,78003470
32.0,000000,Korean Business and Management in the Global context(20192-78003690-1),201927800369093398,,3,文化素质选修,4,3-17周,0,吴玉梅,3-17周 周二 第7节-第8节 ,2.0,公共课程,否,理论类课程,周二,2019-2020-2,,201927800369093398,,0,仙林校区,2019-2020学年 第2学期,93398,仙Ⅰ-525,0.0,否,07,1,32,,0,0,Korean Business and Management in the Global context,,第7节-第8节,,78003690
32.0,000000,西方艺术史(20192-78003790-1),201927800379093408,,3,文化素质选修,139,2-17周,0,周计武,2-17周 周四 第7节-第8节 仙Ⅰ-320,2.0,公共课程,否,理论类课程,周四,2019-2020-2,,201927800379093408,,0,仙林校区,2019-2020学年 第2学期,93408,仙Ⅰ-320,0.0,否,07,1,32,,0,0,西方艺术史,11,第7节-第8节,仙I区,78003790
32.0,000000,Korean Society and Culture(20192-78003850-1),201927800385093397,,3,文化素质选修,54,3-17周,0,吴玉梅,3-17周 周一 第7节-第8节 ,2.0,公共课程,否,理论类课程,周一,2019-2020-2,,201927800385093397,,0,仙林校区,2019-2020学年 第2学期,93397,仙Ⅰ-525,0.0,否,07,1,32,,0,0,Korean Society and Culture,,第7节-第8节,,78003850
32.0,000000,速写技法(20192-78003930-1),201927800393093406,,3,文化素质选修,34,2-17周,0,陈健,2-17周 周三 第9节-第10节 仙Ⅱ-101,2.0,公共课程,否,理论+实践课程,周三,2019-2020-2,,201927800393093406,,0,仙林校区,2019-2020学年 第2学期,93406,仙Ⅱ-101,0.0,否,07,5,32,,0,0,速写技法,12,第9节-第10节,仙II区,78003930
32.0,000000,用PYTHON玩转数据(20192-78003950-1),201927800395093378,,3,文化素质选修,31,2-17周,0,张莉,2-17周 周四 第5节-第6节 仙Ⅱ-109,2.0,公共课程,否,理论类课程,周四,2019-2020-2,,201927800395093378,,0,仙林校区,2019-2020学年 第2学期,93378,仙Ⅱ-109,0.0,否,07,1,32,,0,0,PYTHON数据智能实现,12,第5节-第6节,仙II区,78003950
32.0,000000,龙舟(20192-78003990-1),201927800399093445,,3,文化素质选修,25,2-17周,0,肖鹏,2-17周 周六 第1节-第2节 ,2.0,公共课程,否,实践类课程,周六,2019-2020-2,,201927800399093445,,0,仙林校区,2019-2020学年 第2学期,93445,方肇周体育馆武术馆,0.0,否,07,3,2,,30,0,龙舟,,第1节-第2节,,78003990
32.0,000000,九型人格与职业生涯规划(20192-78004010-1),201927800401093382,,3,文化素质选修,49,2-17周,0,陈静(学工),2-17周 周二 第7节-第8节 仙Ⅰ-116,2.0,公共课程,否,理论类课程,周二,2019-2020-2,,201927800401093382,,0,仙林校区,2019-2020学年 第2学期,93382,仙Ⅰ-116,0.0,否,07,1,28,,4,0,九型人格与职业生涯规划,11,第7节-第8节,仙I区,78004010
32.0,000000,科学史经典著作选读(20192-78004190-1),201927800419093403,,3,文化素质选修,82,2-17周,0,戴建平,2-17周 周一 第9节-第10节 仙Ⅱ-103,2.0,公共课程,否,理论类课程,周一,2019-2020-2,,201927800419093403,,0,仙林校区,2019-2020学年 第2学期,93403,仙Ⅱ-103,0.0,否,07,1,32,,0,0,科学史经典著作选读,12,第9节-第10节,仙II区,78004190
32.0,000000,紫砂艺术与文化(20192-78004210-1),201927800421093407,,3,文化素质选修,34,2-17周,0,"黄正明,袁帅",2-17周 周二 第7节-第8节 仙Ⅱ-115,2.0,公共课程,否,理论类课程,周二,2019-2020-2,,201927800421093407,,0,仙林校区,2019-2020学年 第2学期,93407,仙Ⅱ-115,0.0,否,07,1,32,,0,0,紫砂艺术与文化,12,第7节-第8节,仙II区,78004210
32.0,000000,社会变迁与大学生就业(20192-78004300-1),201927800430093383,,3,文化素质选修,50,2-17周,0,王丽,2-17周 周四 第5节-第6节 仙Ⅰ-117,2.0,公共课程,否,理论类课程,周四,2019-2020-2,,201927800430093383,,0,仙林校区,2019-2020学年 第2学期,93383,仙Ⅰ-117,0.0,否,07,1,26,,6,0,社会变迁与大学生就业,11,第5节-第6节,仙I区,78004300
32.0,000000,艺术史专题(20192-78004430-1),201927800443093411,,3,文化素质选修,167,2-17周,0,李蕊,2-17周 周四 第7节-第8节 仙Ⅰ-109,2.0,公共课程,否,理论类课程,周四,2019-2020-2,,201927800443093411,,0,仙林校区,2019-2020学年 第2学期,93411,仙Ⅰ-109,0.0,否,07,1,32,,0,0,艺术史专题,11,第7节-第8节,仙I区,78004430
32.0,000000,信息安全概论(20192-78004460-1),201927800446093376,,3,文化素质选修,28,2-17周,0,"黄达明,仲盛",2-17周 周一 第7节-第8节 仙Ⅱ-101,2.0,公共课程,否,理论类课程,周一,2019-2020-2,,201927800446093376,,0,仙林校区,2019-2020学年 第2学期,93376,仙Ⅱ-101,0.0,否,07,1,32,,0,0,信息安全概论,12,第7节-第8节,仙II区,78004460
32.0,000000,日常生活中的哲学(20192-78004520-1),201927800452093599,,3,文化素质选修,20,2-17周,0,Andrea Strollo,2-17周 周一 第7节-第8节 仙Ⅱ-109,2.0,公共课程,否,理论类课程,周一,2019-2020-2,,201927800452093599,,0,仙林校区,2019-2020学年 第2学期,93599,仙Ⅱ-109,0.0,否,07,1,32,,0,0,日常生活中的哲学,12,第7节-第8节,仙II区,78004520
32.0,000000,庄子与中国思想(20192-78004540-1),201927800454093391,,1,文化素质选修,56,3-17周,0,朱金晶,3-17周 周一 第7节-第8节 教101,2.0,公共课程,否,理论类课程,周一,2019-2020-2,,201927800454093391,,0,鼓楼校区,2019-2020学年 第2学期,93391,教101,0.0,否,07,1,32,,0,0,庄子与中国思想,1,第7节-第8节,教学楼,78004540
32.0,000000,大学生职业生涯规划与中国传统文化(20192-78004590-1),201927800459093381,,3,文化素质选修,58,2-17周,0,代玉民,2-17周 周二 第3节-第4节 仙Ⅰ-317,2.0,公共课程,否,理论类课程,周二,2019-2020-2,,201927800459093381,,0,仙林校区,2019-2020学年 第2学期,93381,仙Ⅰ-317,0.0,否,07,1,32,,0,0,大学生职业生涯规划与中国传统文化,11,第3节-第4节,仙I区,78004590
32.0,000000,数据思维(20192-78004600-1),201927800460093402,,3,文化素质选修,31,2-17周,0,"胡广伟,康乐乐,颜嘉麒",2-17周 周一 第9节-第10节 仙Ⅱ-109,2.0,公共课程,否,理论类课程,周一,2019-2020-2,,201927800460093402,,0,仙林校区,2019-2020学年 第2学期,93402,仙Ⅱ-109,0.0,否,07,1,32,,0,0,数据思维,12,第9节-第10节,仙II区,78004600
32.0,000000,医疗社会文化史专题(20192-78004610-1),201927800461093386,,3,文化素质选修,78,4-17周,0,闵凡祥,4-17周 周二 第9节-第10节 仙Ⅱ-112,2.0,公共课程,否,理论类课程,周二,2019-2020-2,,201927800461093386,,0,仙林校区,2019-2020学年 第2学期,93386,仙Ⅱ-112,0.0,否,07,1,32,,0,0,医疗社会文化史专题,12,第9节-第10节,仙II区,78004610
32.0,000000,当代台湾问题概论(20192-78004620-1),201927800462093387,,3,文化素质选修,61,2-17周,0,"刘相平,张萌",2-17周 周二 第7节-第8节 仙Ⅱ-105,2.0,公共课程,否,理论类课程,周二,2019-2020-2,,201927800462093387,,0,仙林校区,2019-2020学年 第2学期,93387,仙Ⅱ-105,0.0,否,07,1,32,,0,0,当代台湾问题概论,12,第7节-第8节,仙II区,78004620
32.0,000000,生态文明与可持续发展概论(20192-78004630-1),201927800463093583,,3,文化素质选修,88,3-17周,0,谢显传,3-17周 周四 第9节-第10节 仙Ⅱ-104,2.0,公共课程,否,理论类课程,周四,2019-2020-2,,201927800463093583,,0,仙林校区,2019-2020学年 第2学期,93583,仙Ⅱ-104,0.0,否,07,1,32,,0,0,生态文明与可持续发展概论,12,第9节-第10节,仙II区,78004630
32.0,000000,国际影视与创意制片(20192-78004640-1),201927800464093596,,3,文化素质选修,0,,0,,,2.0,公共课程,否,理论类课程,,2019-2020-2,,201927800464093596,,0,仙林校区,2019-2020学年 第2学期,93596,,0.0,否,07,1,32,,0,0,国际影视与创意制片,,,,78004640
32.0,000000,美学导论(20192-78004650-1),201927800465093595,,3,文化素质选修,78,2-17周,0,潘知常,2-17周 周一 第9节-第10节 仙Ⅱ-105,2.0,公共课程,否,理论类课程,周一,2019-2020-2,,201927800465093595,,0,仙林校区,2019-2020学年 第2学期,93595,仙Ⅱ-105,0.0,否,07,1,32,,0,0,美学导论,12,第9节-第10节,仙II区,78004650
32.0,000000,互联网传播法律法规(20192-78004660-1),201927800466093592,,3,文化素质选修,26,2-17周,0,陈堂发,2-17周 周四 第9节-第10节 仙Ⅱ-301,2.0,公共课程,否,理论类课程,周四,2019-2020-2,,201927800466093592,,0,仙林校区,2019-2020学年 第2学期,93592,仙Ⅱ-301,0.0,否,07,1,32,,0,0,互联网传播法律法规,12,第9节-第10节,仙II区,78004660
32.0,400010,审美与人生(20192-91010160-1),201929101016091663,,3,,0,,0,,,2.0,文学院,否,理论类课程,,2019-2020-2,,201929101016091663,,0,仙林校区,2019-2020学年 第2学期,91663,,0.0,否,,1,32,,0,0,审美与人生,,,,91010160
32.0,400020,明清中国社会(20192-91020010-1),201929102001091467,,3,,26,3-17周,0,"罗晓翔,范金民",3-17周 周二 第5节-第6节 逸B-111,2.0,历史学院,否,理论类课程,周二,2019-2020-2,,201929102001091467,,0,仙林校区,2019-2020学年 第2学期,91467,逸B-111,0.0,否,,1,32,,0,0,明清中国社会,16,第5节-第6节,逸夫楼B区,91020010
32.0,400020,英国史(20192-91020050-1),201929102005091466,,3,,12,2-17周,0,刘金源,2-17周 周三 第3节-第4节 逸B-111,2.0,历史学院,否,理论类课程,周三,2019-2020-2,,201929102005091466,,0,仙林校区,2019-2020学年 第2学期,91466,逸B-111,0.0,否,,1,32,,0,0,英国史,16,第3节-第4节,逸夫楼B区,91020050
32.0,400030,现代艺术变革与艺术体制(20192-91040020-1),201929104002091250,,3,,29,1-17周,0,殷曼楟,1-17周 周一 第3节-第4节 逸C-103,2.0,哲学学院,否,理论类课程,周一,2019-2020-2,,201929104002091250,,0,仙林校区,2019-2020学年 第2学期,91250,逸C-103,0.0,否,,1,32,,0,0,现代艺术变革与艺术体制,17,第3节-第4节,逸夫楼C区,91040020
32.0,400030,20世纪国外激进思潮研究(20192-91040070-1),201929104007091251,,3,,25,1-17周,0,"周嘉昕,黄玮杰",1-17周 周一 第7节-第8节 逸C-102,2.0,哲学学院,否,理论类课程,周一,2019-2020-2,,201929104007091251,,0,仙林校区,2019-2020学年 第2学期,91251,逸C-102,0.0,否,,1,32,,0,0,20世纪国外激进思潮研究,17,第7节-第8节,逸夫楼C区,91040070
32.0,400030,当代伦理问题研究(20192-91040080-1),201929104008091252,,3,,11,1-17周,0,赵华,1-17周 周四 第3节-第4节 逸C-103,2.0,哲学学院,否,理论+实验课程,周四,2019-2020-2,,201929104008091252,,0,仙林校区,2019-2020学年 第2学期,91252,逸C-103,16.0,否,,6,16,,0,0,应用伦理学前沿问题研究,17,第3节-第4节,逸夫楼C区,91040080
32.0,400090,信息计量学与科学计量学研讨(20192-91070090-1),201929107009093563,,3,,8,1-17周,0,"叶鹰,潘雪莲",1-17周 周二 第5节-第6节 逸C-104,2.0,信息管理学院,否,理论类课程,周二,2019-2020-2,,201929107009093563,,0,仙林校区,2019-2020学年 第2学期,93563,逸C-104,0.0,否,,1,32,,0,0,信息计量学与科学计量学研讨,17,第5节-第6节,逸夫楼C区,91070090
32.0,400110,数值计算中的并行计算方法(20192-91110010-1),201929111001093137,,3,,17,1-17周,0,肖源明,1-17周 周一 第7节-第8节 ,2.0,数学学院,否,理论类课程,周一,2019-2020-2,,201929111001093137,,0,仙林校区,2019-2020学年 第2学期,93137,综合实验楼丙区504,0.0,否,,1,32,,0,0,并行计算方法引论,,第7节-第8节,,91110010
32.0,400220,植物与环境适应(20192-91140020-1),201929114002093512,,3,,10,2-17周,0,兰文智,2-17周 周四 第7节-第8节 仙Ⅱ-111,2.0,生命科学学院,否,理论类课程,周四,2019-2020-2,,201929114002093512,,0,仙林校区,2019-2020学年 第2学期,93512,仙Ⅱ-111,0.0,否,,1,32,,0,0,植物学与环境适应,12,第7节-第8节,仙II区,91140020
32.0,400230,药剂学(20192-91140090-1),201929114009091786,,3,,30,1-17周,0,"吴锦慧,袁阿虎",1-17周 周二 第9节-第10节 仙Ⅱ-303,2.0,医学院,否,理论类课程,周二,2019-2020-2,,201929114009091786,,0,仙林校区,2019-2020学年 第2学期,91786,仙Ⅱ-303,0.0,否,,1,32,,0,0,药剂学,12,第9节-第10节,仙II区,91140090
32.0,400190,现代地质工程技术与实践(20192-91150020-1),201929115002093524,,3,,4,1-17周,0,"许宝田,顾凯",1-17周 周五 第5节-第6节 逸C-403,2.0,地球科学与工程学院,否,理论+实践课程,周五,2019-2020-2,,201929115002093524,,0,仙林校区,2019-2020学年 第2学期,93524,逸C-403,0.0,否,,5,16,,32,0,现代地质工程技术与实践,17,第5节-第6节,逸夫楼C区,91150020
32.0,400190,芯片上的地球科学(20192-91150040-1),201929115004093513,,3,,4,1-17周,0,尹宏伟,1-17周 周五 第7节-第8节 逸C-402,2.0,地球科学与工程学院,否,理论类课程,周五,2019-2020-2,,201929115004093513,,0,仙林校区,2019-2020学年 第2学期,93513,逸C-402,0.0,否,,1,32,,0,0,芯片上的地球科学,17,第7节-第8节,逸夫楼C区,91150040
32.0,400210,东亚季风(20192-91170040-1),201929117004092532,,3,,8,2-16周,0,黄安宁,2-16周 周四 第7节-第8节 仙Ⅱ-101,2.0,大气科学学院,否,理论类课程,周四,2019-2020-2,,201929117004092532,,0,仙林校区,2019-2020学年 第2学期,92532,仙Ⅱ-101,0.0,否,,1,32,,0,0,东亚季风,12,第7节-第8节,仙II区,91170040
32.0,400160,信号处理的智能化方法及应用(20192-91180010-1),201929118001091839,,3,,7,1-17周,0,刘红星,1-17周 周一 第1节-第2节 仙Ⅱ-316,2.0,电子科学与工程学院,否,理论类课程,周一,2019-2020-2,,201929118001091839,,0,仙林校区,2019-2020学年 第2学期,91839,仙Ⅱ-316,0.0,否,,1,32,,0,0,信号处理的智能化方法及应用,12,第1节-第2节,仙II区,91180010
